,date,surge_reconsturcted,pred_int_lower,pred_int_upper,lon,lat
18625,1951-01-01 00:00:00,-0.0199993086531164,-0.1562849268731083,0.1162863095668755,144.36,-38.147
18626,1951-01-02 00:00:00,0.0156903943759972,-0.1205812573047373,0.1519620460567319,144.36,-38.147
18627,1951-01-03 00:00:00,0.0349809031474327,-0.1012970404649395,0.1712588467598051,144.36,-38.147
18628,1951-01-04 00:00:00,0.1318191520015905,-0.0045226998312888,0.26816100383447,144.36,-38.147
18629,1951-01-05 00:00:00,0.1352013088015881,-0.0011630953100941,0.2715657129132703,144.36,-38.147
18630,1951-01-06 00:00:00,0.1300833257888023,-0.0062297340435457,0.2663963856211505,144.36,-38.147
18631,1951-01-07 00:00:00,0.2089287315657698,0.0723928165420265,0.3454646465895131,144.36,-38.147
18632,1951-01-08 00:00:00,0.2406633877314778,0.1041996586106981,0.3771271168522576,144.36,-38.147
18633,1951-01-09 00:00:00,0.0709980170086219,-0.0652775296352924,0.2072735636525363,144.36,-38.147
18634,1951-01-10 00:00:00,0.0285525195778144,-0.1077406534151502,0.164845692570779,144.36,-38.147
18635,1951-01-11 00:00:00,-0.0087175043142306,-0.1450819972183022,0.127646988589841,144.36,-38.147
18636,1951-01-12 00:00:00,0.1013514799813443,-0.0350479766059539,0.2377509365686426,144.36,-38.147
18637,1951-01-13 00:00:00,0.1045095908635382,-0.0320903845810513,0.2411095663081278,144.36,-38.147
18638,1951-01-14 00:00:00,-0.0097598078476249,-0.1462095122043155,0.1266898965090656,144.36,-38.147
18639,1951-01-15 00:00:00,-5.392815037633808e-05,-0.1364171098780756,0.1363092535773229,144.36,-38.147
18640,1951-01-16 00:00:00,-0.0083800563828316,-0.1446858500951255,0.1279257373294622,144.36,-38.147
18641,1951-01-17 00:00:00,0.02295207599323,-0.1133309386330946,0.1592350906195547,144.36,-38.147
18642,1951-01-18 00:00:00,0.0291079697385406,-0.1072180765122532,0.1654340159893346,144.36,-38.147
18643,1951-01-19 00:00:00,0.0158010101236527,-0.120570256815593,0.1521722770628984,144.36,-38.147
18644,1951-01-20 00:00:00,0.0425958253364192,-0.0937438989939367,0.1789355496667753,144.36,-38.147
18645,1951-01-21 00:00:00,0.0907845647580086,-0.0454950529318596,0.2270641824478769,144.36,-38.147
18646,1951-01-22 00:00:00,0.0823256623306946,-0.0539829190008041,0.2186342436621934,144.36,-38.147
18647,1951-01-23 00:00:00,0.0512288175274746,-0.0851292703557402,0.1875869054106895,144.36,-38.147
18648,1951-01-24 00:00:00,-0.0139843351280781,-0.1502548973319254,0.1222862270757691,144.36,-38.147
18649,1951-01-25 00:00:00,-0.0228804506740682,-0.1593511885493074,0.1135902872011709,144.36,-38.147
18650,1951-01-26 00:00:00,0.0346080507062428,-0.1017887707695864,0.1710048721820722,144.36,-38.147
18651,1951-01-27 00:00:00,0.0358306785006625,-0.1004090064266396,0.1720703634279646,144.36,-38.147
18652,1951-01-28 00:00:00,0.0228005337085839,-0.1134647001964444,0.1590657676136123,144.36,-38.147
18653,1951-01-29 00:00:00,0.080169196851629,-0.0563656406869189,0.216704034390177,144.36,-38.147
18654,1951-01-30 00:00:00,0.0774516946714304,-0.0589910497184575,0.2138944390613184,144.36,-38.147
18655,1951-01-31 00:00:00,0.0479178924029992,-0.0885523816657745,0.1843881664717731,144.36,-38.147
18656,1951-02-01 00:00:00,0.1195041328461436,-0.0167959349264208,0.2558042006187081,144.36,-38.147
18657,1951-02-02 00:00:00,0.1651302130967895,0.0287617210487686,0.3014987051448104,144.36,-38.147
18658,1951-02-03 00:00:00,0.07783351981597,-0.0584904156024816,0.2141574552344218,144.36,-38.147
18659,1951-02-04 00:00:00,0.0983004468238852,-0.037957481913799,0.2345583755615696,144.36,-38.147
18660,1951-02-05 00:00:00,0.1154098661731511,-0.0208552076426293,0.2516749399889316,144.36,-38.147
18661,1951-02-06 00:00:00,0.0315488302127554,-0.1047949585926006,0.1678926190181116,144.36,-38.147
18662,1951-02-07 00:00:00,-0.0014778102280636,-0.1378168210027847,0.1348612005466574,144.36,-38.147
18663,1951-02-08 00:00:00,0.0735495158323361,-0.0635972214365023,0.2106962531011746,144.36,-38.147
18664,1951-02-09 00:00:00,0.0865617536069456,-0.0506447887927075,0.2237682960065989,144.36,-38.147
18665,1951-02-10 00:00:00,0.1563165683307334,0.0199323174867215,0.2927008191747454,144.36,-38.147
18666,1951-02-11 00:00:00,0.0682266226381052,-0.0681545504942928,0.2046077957705034,144.36,-38.147
18667,1951-02-12 00:00:00,-0.0350660899320206,-0.171453256533802,0.1013210766697606,144.36,-38.147
18668,1951-02-13 00:00:00,0.0729574444188866,-0.0637172678665849,0.2096321567043583,144.36,-38.147
18669,1951-02-14 00:00:00,0.2069056654712213,0.069363043638789,0.3444482873036537,144.36,-38.147
18670,1951-02-15 00:00:00,-0.0040750811720108,-0.1407510524655909,0.1326008901215692,144.36,-38.147
18671,1951-02-16 00:00:00,0.056673125608356,-0.0796708124557827,0.1930170636724948,144.36,-38.147
18672,1951-02-17 00:00:00,0.1212887189025437,-0.0151929346178678,0.2577703724229554,144.36,-38.147
18673,1951-02-18 00:00:00,0.0689530504213745,-0.0683435337182584,0.2062496345610074,144.36,-38.147
18674,1951-02-19 00:00:00,0.0299155420354569,-0.1084324443133726,0.1682635283842865,144.36,-38.147
18675,1951-02-20 00:00:00,-0.0706031432817361,-0.2105883798582065,0.0693820932947343,144.36,-38.147
18676,1951-02-21 00:00:00,-0.0106493254684183,-0.1493803896941413,0.1280817387573046,144.36,-38.147
18677,1951-02-22 00:00:00,0.0300757707125714,-0.1064787449471876,0.1666302863723304,144.36,-38.147
18678,1951-02-23 00:00:00,0.107259867391573,-0.0290039018334504,0.2435236366165966,144.36,-38.147
18679,1951-02-24 00:00:00,0.1289686849794968,-0.0072802941914428,0.2652176641504365,144.36,-38.147
18680,1951-02-25 00:00:00,0.0811910013024693,-0.0551391828060683,0.217521185411007,144.36,-38.147
18681,1951-02-26 00:00:00,0.0317030845392441,-0.1045981468932921,0.1680043159717804,144.36,-38.147
18682,1951-02-27 00:00:00,0.0706375314197937,-0.0656715321968617,0.2069465950364491,144.36,-38.147
18683,1951-02-28 00:00:00,0.1010145504427759,-0.0352640452758619,0.2372931461614137,144.36,-38.147
18684,1951-03-01 00:00:00,0.1048827031851309,-0.0314434110345857,0.2412088174048477,144.36,-38.147
18685,1951-03-02 00:00:00,0.1930977032864595,0.0567306093490631,0.3294647972238558,144.36,-38.147
18686,1951-03-03 00:00:00,0.0939652480016342,-0.0423307156528281,0.2302612116560967,144.36,-38.147
18687,1951-03-04 00:00:00,0.1226330190832228,-0.0136330548583831,0.2588990930248289,144.36,-38.147
18688,1951-03-05 00:00:00,0.1952999729630322,0.0589758976599907,0.3316240482660736,144.36,-38.147
18689,1951-03-06 00:00:00,0.2214648456195772,0.0850181688150202,0.3579115224241344,144.36,-38.147
18690,1951-03-07 00:00:00,0.2608748051131297,0.1237566890451364,0.3979929211811231,144.36,-38.147
18691,1951-03-08 00:00:00,0.1171178492479479,-0.0195410659309565,0.2537767644268524,144.36,-38.147
18692,1951-03-09 00:00:00,0.0913321414680341,-0.0450024191513156,0.227666702087384,144.36,-38.147
18693,1951-03-10 00:00:00,0.0563237545368493,-0.0799226965408313,0.1925702056145301,144.36,-38.147
18694,1951-03-11 00:00:00,-0.0148935083108672,-0.1513006221530592,0.1215136055313247,144.36,-38.147
18695,1951-03-12 00:00:00,0.0440354128323573,-0.0925238550737349,0.1805946807384497,144.36,-38.147
18696,1951-03-13 00:00:00,0.0944871728145815,-0.0419352942776471,0.2309096399068102,144.36,-38.147
18697,1951-03-14 00:00:00,0.0473599145892252,-0.0888773503933438,0.1835971795717943,144.36,-38.147
18698,1951-03-15 00:00:00,0.0937935191495508,-0.042404954146656,0.2299919924457577,144.36,-38.147
18699,1951-03-16 00:00:00,0.091220210386745,-0.0450562887093678,0.227496709482858,144.36,-38.147
18700,1951-03-17 00:00:00,0.0296017388718747,-0.106620093071019,0.1658235708147686,144.36,-38.147
18701,1951-03-18 00:00:00,-0.0123715137922393,-0.1485852740967997,0.123842246512321,144.36,-38.147
18702,1951-03-19 00:00:00,-0.0168834191999612,-0.1531820732417966,0.1194152348418741,144.36,-38.147
18703,1951-03-20 00:00:00,0.0152231233952392,-0.1211908016561209,0.1516370484465994,144.36,-38.147
18704,1951-03-21 00:00:00,0.0751742754973396,-0.0612737938023376,0.2116223447970169,144.36,-38.147
18705,1951-03-22 00:00:00,0.0451354338878598,-0.0911404556868255,0.1814113234625451,144.36,-38.147
18706,1951-03-23 00:00:00,0.0603412922659936,-0.0763957987108977,0.1970783832428849,144.36,-38.147
18707,1951-03-24 00:00:00,-0.0216129259054385,-0.1578182867714691,0.1145924349605919,144.36,-38.147
18708,1951-03-25 00:00:00,0.0391434743284435,-0.0971134921035188,0.1754004407604058,144.36,-38.147
18709,1951-03-26 00:00:00,0.0654914567558954,-0.0708719033205184,0.2018548168323093,144.36,-38.147
18710,1951-03-27 00:00:00,0.0593903232280815,-0.0772207883080319,0.1960014347641951,144.36,-38.147
18711,1951-03-28 00:00:00,0.1384846127828004,0.0016363783862325,0.2753328471793683,144.36,-38.147
18712,1951-03-29 00:00:00,0.0865480761772126,-0.0496685015198856,0.2227646538743109,144.36,-38.147
18713,1951-03-30 00:00:00,0.0733792514213458,-0.0628727389761523,0.209631241818844,144.36,-38.147
18714,1951-03-31 00:00:00,0.0227390145235789,-0.1134779627282133,0.1589559917753712,144.36,-38.147
18715,1951-04-01 00:00:00,0.0234502308675444,-0.1128019235896131,0.159702385324702,144.36,-38.147
18716,1951-04-02 00:00:00,0.2093759127699608,0.0729888918364136,0.3457629337035081,144.36,-38.147
18717,1951-04-03 00:00:00,0.1514315890136342,0.0151098172140856,0.2877533608131828,144.36,-38.147
18718,1951-04-04 00:00:00,0.1251483698755711,-0.0111318610629875,0.2614286008141299,144.36,-38.147
18719,1951-04-05 00:00:00,0.3611383578829785,0.2246146012896911,0.4976621144762659,144.36,-38.147
18720,1951-04-06 00:00:00,0.2606877598543108,0.1236444144348929,0.3977311052737287,144.36,-38.147
18721,1951-04-07 00:00:00,0.0817736711891649,-0.0545827948857022,0.218130137264032,144.36,-38.147
18722,1951-04-08 00:00:00,0.0239835592392093,-0.1122021783992197,0.1601692968776384,144.36,-38.147
18723,1951-04-09 00:00:00,0.0176533576160445,-0.1185198032118533,0.1538265184439424,144.36,-38.147
18724,1951-04-10 00:00:00,0.021919693258954,-0.114537997798421,0.1583773843163291,144.36,-38.147
18725,1951-04-11 00:00:00,0.2140443577565441,0.0774742302879634,0.3506144852251249,144.36,-38.147
18726,1951-04-12 00:00:00,0.347446816572832,0.2106133685668113,0.4842802645788527,144.36,-38.147
18727,1951-04-13 00:00:00,0.3005754469301165,0.1636702669573018,0.4374806269029311,144.36,-38.147
18728,1951-04-14 00:00:00,0.1062364372183996,-0.030063030415816,0.2425359048526152,144.36,-38.147
18729,1951-04-15 00:00:00,0.0339898094418968,-0.1022360679246623,0.1702156868084559,144.36,-38.147
18730,1951-04-16 00:00:00,-0.0016733836992836,-0.1379006542046336,0.1345538868060664,144.36,-38.147
18731,1951-04-17 00:00:00,-0.0203551740678782,-0.1565898191329971,0.1158794709972406,144.36,-38.147
18732,1951-04-18 00:00:00,0.1336298925381875,-0.0027294411799002,0.2699892262562753,144.36,-38.147
18733,1951-04-19 00:00:00,0.2408742063114501,0.1044108470574412,0.377337565565459,144.36,-38.147
18734,1951-04-20 00:00:00,0.2446917784067424,0.1077025148514943,0.3816810419619904,144.36,-38.147
18735,1951-04-21 00:00:00,0.1822044887964665,0.045021614523912,0.319387363069021,144.36,-38.147
18736,1951-04-22 00:00:00,0.1769064359510424,0.0400733834173609,0.313739488484724,144.36,-38.147
18737,1951-04-23 00:00:00,0.0959190242068644,-0.0405805257086032,0.232418574122332,144.36,-38.147
18738,1951-04-24 00:00:00,0.0081599389731643,-0.1280507070399398,0.1443705849862684,144.36,-38.147
18739,1951-04-25 00:00:00,0.1068996010455488,-0.0293722972612839,0.2431714993523815,144.36,-38.147
18740,1951-04-26 00:00:00,0.2443551653069661,0.107893228152394,0.3808171024615382,144.36,-38.147
18741,1951-04-27 00:00:00,0.1134379190634126,-0.0229233159074998,0.249799154034325,144.36,-38.147
18742,1951-04-28 00:00:00,0.0472559514639774,-0.0890587270745785,0.1835706300025334,144.36,-38.147
18743,1951-04-29 00:00:00,0.0280697656829001,-0.1082197362761874,0.1643592676419877,144.36,-38.147
18744,1951-04-30 00:00:00,0.0281190863224725,-0.1081644713742823,0.1644026440192273,144.36,-38.147
18745,1951-05-01 00:00:00,-0.0093278754717476,-0.1455591015445182,0.1269033506010229,144.36,-38.147
18746,1951-05-02 00:00:00,0.0010483973493526,-0.1351579796914834,0.1372547743901887,144.36,-38.147
18747,1951-05-03 00:00:00,-0.0102384567536026,-0.1464101661231567,0.1259332526159515,144.36,-38.147
18748,1951-05-04 00:00:00,-0.0007717892862754,-0.1369334807408952,0.1353899021683443,144.36,-38.147
18749,1951-05-05 00:00:00,0.0062718838963585,-0.129995130618059,0.1425388984107761,144.36,-38.147
18750,1951-05-06 00:00:00,0.1691373312262365,0.0320432020109363,0.3062314604415367,144.36,-38.147
18751,1951-05-07 00:00:00,0.1650439769540421,0.028515694580897,0.3015722593271872,144.36,-38.147
18752,1951-05-08 00:00:00,0.2259477197583149,0.089522837663529,0.3623726018531009,144.36,-38.147
18753,1951-05-09 00:00:00,0.0938473038096645,-0.0424071526193714,0.2301017602387005,144.36,-38.147
18754,1951-05-10 00:00:00,0.0621105740239237,-0.0740909581725999,0.1983121062204475,144.36,-38.147
18755,1951-05-11 00:00:00,0.0412650509922208,-0.0949595970888814,0.1774896990733231,144.36,-38.147
18756,1951-05-12 00:00:00,0.063218572109683,-0.0730532735226274,0.1994904177419935,144.36,-38.147
18757,1951-05-13 00:00:00,0.1321847666464062,-0.0042180559268432,0.2685875892196556,144.36,-38.147
18758,1951-05-14 00:00:00,0.2364642769159466,0.0999718695903815,0.3729566842415118,144.36,-38.147
18759,1951-05-15 00:00:00,0.2640884242905433,0.1271896415480364,0.4009872070330503,144.36,-38.147
18760,1951-05-16 00:00:00,0.0680137793483138,-0.068632488191194,0.2046600468878218,144.36,-38.147
18761,1951-05-17 00:00:00,0.0235577393087598,-0.1127311248998698,0.1598466035173895,144.36,-38.147
18762,1951-05-18 00:00:00,0.0171867446500879,-0.1190127616645773,0.1533862509647533,144.36,-38.147
18763,1951-05-19 00:00:00,0.0075152073249104,-0.1286840763414372,0.1437144909912581,144.36,-38.147
18764,1951-05-20 00:00:00,0.0222937877935346,-0.1139250694432082,0.1585126450302776,144.36,-38.147
18765,1951-05-21 00:00:00,0.0458346886187169,-0.0903967692183219,0.1820661464557559,144.36,-38.147
18766,1951-05-22 00:00:00,0.0230742121410757,-0.1131495581230901,0.1592979824052416,144.36,-38.147
18767,1951-05-23 00:00:00,-0.0107120474614035,-0.1472521632590281,0.125828068336221,144.36,-38.147
18768,1951-05-24 00:00:00,0.1091239384803367,-0.0278511694210456,0.2460990463817192,144.36,-38.147
18769,1951-05-25 00:00:00,0.3375568558167491,0.2006160292875812,0.4744976823459169,144.36,-38.147
18770,1951-05-26 00:00:00,0.28829654706946,0.1516747533075134,0.4249183408314066,144.36,-38.147
18771,1951-05-27 00:00:00,0.3835248737173737,0.2463813814775811,0.5206683659571664,144.36,-38.147
18772,1951-05-28 00:00:00,0.2095798085125264,0.0725852837827487,0.3465743332423042,144.36,-38.147
18773,1951-05-29 00:00:00,0.1023374822415311,-0.0341290457087128,0.2388040101917752,144.36,-38.147
18774,1951-05-30 00:00:00,0.0446828434081612,-0.0915880888766741,0.1809537756929967,144.36,-38.147
18775,1951-05-31 00:00:00,0.0467669649837561,-0.0894299503018363,0.1829638802693486,144.36,-38.147
18776,1951-06-01 00:00:00,0.0506507437889737,-0.0855298051726713,0.1868312927506188,144.36,-38.147
18777,1951-06-02 00:00:00,0.0169607758414662,-0.1192139743784745,0.1531355260614071,144.36,-38.147
18778,1951-06-03 00:00:00,-0.0033236128933215,-0.1395027645201338,0.1328555387334907,144.36,-38.147
18779,1951-06-04 00:00:00,-0.0042023917781729,-0.1403941289908527,0.1319893454345067,144.36,-38.147
18780,1951-06-05 00:00:00,0.0122438723772838,-0.1239340299149326,0.1484217746695002,144.36,-38.147
18781,1951-06-06 00:00:00,0.0265733374926,-0.10962759108841,0.1627742660736101,144.36,-38.147
18782,1951-06-07 00:00:00,0.0516692237957133,-0.0846145800606091,0.1879530276520358,144.36,-38.147
18783,1951-06-08 00:00:00,0.0516586265918413,-0.0846423337046852,0.1879595868883679,144.36,-38.147
18784,1951-06-09 00:00:00,-0.000176600987482,-0.1365035567871556,0.1361503548121915,144.36,-38.147
18785,1951-06-10 00:00:00,0.0682234573791293,-0.0681689383607161,0.2046158531189749,144.36,-38.147
18786,1951-06-11 00:00:00,0.1086426196729375,-0.0277061042327674,0.2449913435786423,144.36,-38.147
18787,1951-06-12 00:00:00,0.0257126957177425,-0.1107369864784693,0.1621623779139543,144.36,-38.147
18788,1951-06-13 00:00:00,0.1007527723338166,-0.0360306797016422,0.2375362243692756,144.36,-38.147
18789,1951-06-14 00:00:00,0.1219200635611609,-0.0148333696619823,0.2586734967843043,144.36,-38.147
18790,1951-06-15 00:00:00,0.046643996040003,-0.0904674627593335,0.1837554548393396,144.36,-38.147
18791,1951-06-16 00:00:00,-0.0228669178912217,-0.1593754129894605,0.1136415772070171,144.36,-38.147
18792,1951-06-17 00:00:00,-0.0059108520812425,-0.1421755407841124,0.1303538366216273,144.36,-38.147
18793,1951-06-18 00:00:00,0.0412270481123469,-0.0950100046105225,0.1774641008352163,144.36,-38.147
18794,1951-06-19 00:00:00,0.0672714456386441,-0.0689935732505689,0.2035364645278571,144.36,-38.147
18795,1951-06-20 00:00:00,0.1050674323020481,-0.0311675014063295,0.2413023660104257,144.36,-38.147
18796,1951-06-21 00:00:00,0.0810607704824488,-0.0551891909943423,0.2173107319592401,144.36,-38.147
18797,1951-06-22 00:00:00,0.1354233668225061,-0.0009475871010446,0.271794320746057,144.36,-38.147
18798,1951-06-23 00:00:00,0.0761328192804289,-0.0602500341759648,0.2125156727368227,144.36,-38.147
18799,1951-06-24 00:00:00,0.0674826261210127,-0.0688497896130744,0.2038150418551,144.36,-38.147
18800,1951-06-25 00:00:00,0.0533603141612723,-0.0829785221151452,0.1896991504376899,144.36,-38.147
18801,1951-06-26 00:00:00,0.0231779338004819,-0.1132622763125601,0.159618143913524,144.36,-38.147
18802,1951-06-27 00:00:00,-0.03889859922321,-0.1752353622046084,0.0974381637581882,144.36,-38.147
18803,1951-06-28 00:00:00,-0.0550963829440713,-0.1914293550676969,0.0812365891795541,144.36,-38.147
18804,1951-06-29 00:00:00,-0.0667438763363592,-0.203084644663941,0.0695968919912224,144.36,-38.147
18805,1951-06-30 00:00:00,-0.0595967430359141,-0.1958725231672904,0.0766790370954622,144.36,-38.147
18806,1951-07-01 00:00:00,-0.0580131463770002,-0.1942831890124517,0.0782568962584512,144.36,-38.147
18807,1951-07-02 00:00:00,-0.0086265786592965,-0.1451153358912784,0.1278621785726852,144.36,-38.147
18808,1951-07-03 00:00:00,0.0998844467821466,-0.0374365637888825,0.2372054573531757,144.36,-38.147
18809,1951-07-04 00:00:00,0.2147046559280612,0.0777357343209811,0.3516735775351413,144.36,-38.147
18810,1951-07-05 00:00:00,0.122545338141308,-0.0138748095323124,0.2589654858149285,144.36,-38.147
18811,1951-07-06 00:00:00,0.15148887628098,0.0150034662222809,0.2879742863396791,144.36,-38.147
18812,1951-07-07 00:00:00,0.0780159692607321,-0.0585364016435741,0.2145683401650384,144.36,-38.147
18813,1951-07-08 00:00:00,0.1384339765210172,0.0018645207723842,0.27500343226965,144.36,-38.147
18814,1951-07-09 00:00:00,0.1732056284679606,0.0366968071140821,0.309714449821839,144.36,-38.147
18815,1951-07-10 00:00:00,0.0450617841205142,-0.0913371943203539,0.1814607625613824,144.36,-38.147
18816,1951-07-11 00:00:00,-0.0160629335650865,-0.1523785776745907,0.1202527105444176,144.36,-38.147
18817,1951-07-12 00:00:00,-0.0024458944813152,-0.1387452084829792,0.1338534195203487,144.36,-38.147
18818,1951-07-13 00:00:00,0.035872608750885,-0.1004592070306656,0.1722044245324356,144.36,-38.147
18819,1951-07-14 00:00:00,0.0449249022733814,-0.0914677957787764,0.1813176003255393,144.36,-38.147
18820,1951-07-15 00:00:00,0.1424739423740117,0.0037882585241345,0.281159626223889,144.36,-38.147
18821,1951-07-16 00:00:00,0.3191994599272916,0.1807855380022772,0.4576133818523061,144.36,-38.147
18822,1951-07-17 00:00:00,0.2839030602976738,0.14710373062316,0.4207023899721877,144.36,-38.147
18823,1951-07-18 00:00:00,0.1035920526825809,-0.0328543100643352,0.240038415429497,144.36,-38.147
18824,1951-07-19 00:00:00,0.1861606324327827,0.0489200326637961,0.3234012322017693,144.36,-38.147
18825,1951-07-20 00:00:00,0.1775034725791417,0.0400844914079164,0.3149224537503671,144.36,-38.147
18826,1951-07-21 00:00:00,0.0832920080841335,-0.0537394815348143,0.2203234977030815,144.36,-38.147
18827,1951-07-22 00:00:00,0.2839835113788591,0.1469059866132467,0.4210610361444715,144.36,-38.147
18828,1951-07-23 00:00:00,0.1431390020076162,0.0060995681246406,0.2801784358905917,144.36,-38.147
18829,1951-07-24 00:00:00,0.1088650556302908,-0.0280199854285285,0.2457500966891101,144.36,-38.147
18830,1951-07-25 00:00:00,0.1773264974981027,0.0404849379939923,0.3141680570022132,144.36,-38.147
18831,1951-07-26 00:00:00,0.0811502141380452,-0.0551718515251698,0.2174722798012603,144.36,-38.147
18832,1951-07-27 00:00:00,0.0596454733795335,-0.0767153416807652,0.1960062884398322,144.36,-38.147
18833,1951-07-28 00:00:00,0.2082811562141925,0.071865199982152,0.3446971124462331,144.36,-38.147
18834,1951-07-29 00:00:00,0.0788356509136317,-0.0575860472523659,0.2152573490796294,144.36,-38.147
18835,1951-07-30 00:00:00,0.1930705628555242,0.0565618320409353,0.329579293670113,144.36,-38.147
18836,1951-07-31 00:00:00,-0.0113359882522135,-0.1475991179509214,0.1249271414464943,144.36,-38.147
18837,1951-08-01 00:00:00,0.0177851974886673,-0.1185942150878582,0.154164610065193,144.36,-38.147
18838,1951-08-02 00:00:00,0.0448709223018683,-0.0916515806863281,0.1813934252900648,144.36,-38.147
18839,1951-08-03 00:00:00,0.3237381514085055,0.1865749717629631,0.4609013310540479,144.36,-38.147
18840,1951-08-04 00:00:00,0.3259890922840446,0.1874688489344513,0.4645093356336378,144.36,-38.147
18841,1951-08-05 00:00:00,0.2466655714289571,0.109430974762516,0.3839001680953983,144.36,-38.147
18842,1951-08-06 00:00:00,0.1077843430043627,-0.0285403232059673,0.2441090092146929,144.36,-38.147
18843,1951-08-07 00:00:00,0.1400192420411502,0.0036232853311495,0.2764151987511509,144.36,-38.147
18844,1951-08-08 00:00:00,0.303242772887403,0.166638009678691,0.4398475360961149,144.36,-38.147
18845,1951-08-09 00:00:00,0.2846465762340393,0.147508771746795,0.4217843807212835,144.36,-38.147
18846,1951-08-10 00:00:00,0.4181500490139045,0.280304897743502,0.5559952002843069,144.36,-38.147
18847,1951-08-11 00:00:00,0.1931294496748125,0.0562726197738109,0.3299862795758141,144.36,-38.147
18848,1951-08-12 00:00:00,0.0559638386360443,-0.08029270669802,0.1922203839701087,144.36,-38.147
18849,1951-08-13 00:00:00,0.0433122751536723,-0.0929242113654749,0.1795487616728195,144.36,-38.147
18850,1951-08-14 00:00:00,0.161494424349518,0.025012862761557,0.297975985937479,144.36,-38.147
18851,1951-08-15 00:00:00,0.0316763092421114,-0.104942844377576,0.1682954628617988,144.36,-38.147
18852,1951-08-16 00:00:00,-0.0546993536325487,-0.1909681076755488,0.0815694004104513,144.36,-38.147
18853,1951-08-17 00:00:00,-0.0056600556951704,-0.142045637388689,0.1307255259983482,144.36,-38.147
18854,1951-08-18 00:00:00,0.0866183615594173,-0.050027624352451,0.2232643474712856,144.36,-38.147
18855,1951-08-19 00:00:00,0.1027364468775411,-0.0336961346679586,0.2391690284230409,144.36,-38.147
18856,1951-08-20 00:00:00,0.0719356334467731,-0.0649586457675096,0.2088299126610558,144.36,-38.147
18857,1951-08-21 00:00:00,0.3304669119484526,0.1832806051654434,0.4776532187314617,144.36,-38.147
18858,1951-08-22 00:00:00,-0.0444947802709594,-0.1857491963537744,0.0967596358118556,144.36,-38.147
18859,1951-08-23 00:00:00,0.0268562449458227,-0.1094705355359852,0.1631830254276307,144.36,-38.147
18860,1951-08-24 00:00:00,0.0778111284327215,-0.0585505126061143,0.2141727694715575,144.36,-38.147
18861,1951-08-25 00:00:00,0.072473089434991,-0.0638674068714891,0.2088135857414711,144.36,-38.147
18862,1951-08-26 00:00:00,0.1613736360058018,0.0250224824635041,0.2977247895480994,144.36,-38.147
18863,1951-08-27 00:00:00,0.1564301009179289,0.0200416093883631,0.2928185924474948,144.36,-38.147
18864,1951-08-28 00:00:00,0.1793676117309107,0.042983973844554,0.3157512496172673,144.36,-38.147
18865,1951-08-29 00:00:00,0.0725730143975827,-0.0638590729721376,0.2090051017673031,144.36,-38.147
18866,1951-08-30 00:00:00,0.1285270084299528,-0.0079653844782621,0.2650194013381678,144.36,-38.147
18867,1951-08-31 00:00:00,0.0362216817339981,-0.10027615485142,0.1727195183194163,144.36,-38.147
18868,1951-09-01 00:00:00,0.0004477033194788,-0.1357703230527432,0.1366657296917008,144.36,-38.147
18869,1951-09-02 00:00:00,0.1006507463252462,-0.0356463488197829,0.2369478414702754,144.36,-38.147
18870,1951-09-03 00:00:00,0.2021157316423665,0.0653318073358782,0.3388996559488548,144.36,-38.147
18871,1951-09-04 00:00:00,0.1191151060130209,-0.0174576465943597,0.2556878586204016,144.36,-38.147
18872,1951-09-05 00:00:00,0.0426702232615017,-0.0935817649622282,0.1789222114852316,144.36,-38.147
18873,1951-09-06 00:00:00,0.0375102312553937,-0.0987106578989131,0.1737311204097006,144.36,-38.147
18874,1951-09-07 00:00:00,-0.0017120777206513,-0.1379164351613399,0.1344922797200372,144.36,-38.147
18875,1951-09-08 00:00:00,0.0076153554921255,-0.1286505664702721,0.1438812774545232,144.36,-38.147
18876,1951-09-09 00:00:00,0.0151284483826208,-0.1211724996926284,0.1514293964578701,144.36,-38.147
18877,1951-09-10 00:00:00,0.001033681896714,-0.1352131768125087,0.1372805406059367,144.36,-38.147
18878,1951-09-11 00:00:00,0.0243706558936607,-0.1119476157116864,0.1606889274990079,144.36,-38.147
18879,1951-09-12 00:00:00,0.0445635342837137,-0.0918809018675003,0.1810079704349278,144.36,-38.147
18880,1951-09-13 00:00:00,0.0671565213283778,-0.0691501794348562,0.2034632220916118,144.36,-38.147
18881,1951-09-14 00:00:00,0.0313065944575439,-0.1050127056490531,0.167625894564141,144.36,-38.147
18882,1951-09-15 00:00:00,0.047077728635587,-0.0891845177950197,0.1833399750661938,144.36,-38.147
18883,1951-09-16 00:00:00,0.0234565601615815,-0.1127591326894676,0.1596722530126307,144.36,-38.147
18884,1951-09-17 00:00:00,0.0223468047204341,-0.1139012377297493,0.1585948471706177,144.36,-38.147
18885,1951-09-18 00:00:00,0.0927353942608296,-0.0436133937960117,0.2290841823176711,144.36,-38.147
18886,1951-09-19 00:00:00,0.1130281119763516,-0.0233331570231062,0.2493893809758095,144.36,-38.147
18887,1951-09-20 00:00:00,0.0356165217128312,-0.1006465846597487,0.1718796280854113,144.36,-38.147
18888,1951-09-21 00:00:00,-0.0127877853577084,-0.1489834644696527,0.1234078937542357,144.36,-38.147
18889,1951-09-22 00:00:00,0.080440611488916,-0.055783175438635,0.2166643984164671,144.36,-38.147
18890,1951-09-23 00:00:00,0.0637542743650039,-0.0724456755900664,0.1999542243200743,144.36,-38.147
18891,1951-09-24 00:00:00,0.0733482330316106,-0.0631643380305039,0.2098608040937252,144.36,-38.147
18892,1951-09-25 00:00:00,0.0092405287661959,-0.1278271178111482,0.1463081753435401,144.36,-38.147
18893,1951-09-26 00:00:00,-0.0103781925064322,-0.1473239187685958,0.1265675337557312,144.36,-38.147
18894,1951-09-27 00:00:00,0.0120669891025256,-0.1243280628264686,0.1484620410315199,144.36,-38.147
18895,1951-09-28 00:00:00,0.0387015302847216,-0.0976039877473562,0.1750070483167995,144.36,-38.147
18896,1951-09-29 00:00:00,0.2796440335758361,0.1430908005780955,0.4161972665735767,144.36,-38.147
18897,1951-09-30 00:00:00,0.1201244364085942,-0.0162907886483605,0.2565396614655491,144.36,-38.147
18898,1951-10-01 00:00:00,0.2047016363865864,0.0681596823313535,0.3412435904418193,144.36,-38.147
18899,1951-10-02 00:00:00,0.0466351690856792,-0.0896595707699028,0.1829299089412613,144.36,-38.147
18900,1951-10-03 00:00:00,0.1211509568968477,-0.0154506670189933,0.2577525808126889,144.36,-38.147
18901,1951-10-04 00:00:00,0.0538149434341638,-0.0827028861351,0.1903327730034276,144.36,-38.147
18902,1951-10-05 00:00:00,-0.0111225264284735,-0.1473641228872077,0.1251190700302607,144.36,-38.147
18903,1951-10-06 00:00:00,-0.0360240979954457,-0.1723256800759151,0.1002774840850235,144.36,-38.147
18904,1951-10-07 00:00:00,-0.021149825883495,-0.157405115596742,0.115105463829752,144.36,-38.147
18905,1951-10-08 00:00:00,-0.0144724424993129,-0.1512073317577746,0.1222624467591487,144.36,-38.147
18906,1951-10-09 00:00:00,0.0330462789803764,-0.1041325116434791,0.170225069604232,144.36,-38.147
18907,1951-10-10 00:00:00,-0.0133527471860238,-0.1498967520202316,0.1231912576481839,144.36,-38.147
18908,1951-10-11 00:00:00,0.0376821686093684,-0.0987831796501986,0.1741475168689355,144.36,-38.147
18909,1951-10-12 00:00:00,0.0836394677331961,-0.0526874441123628,0.2199663795787552,144.36,-38.147
18910,1951-10-13 00:00:00,0.0968084121568019,-0.0394874018365312,0.2331042261501351,144.36,-38.147
18911,1951-10-14 00:00:00,0.2503962987404501,0.1139703095334315,0.3868222879474688,144.36,-38.147
18912,1951-10-15 00:00:00,0.0746166297000058,-0.0617417054889257,0.2109749648889375,144.36,-38.147
18913,1951-10-16 00:00:00,0.2320480494805242,0.094335199976446,0.3697608989846025,144.36,-38.147
18914,1951-10-17 00:00:00,0.3751844871776866,0.2368088204636435,0.5135601538917297,144.36,-38.147
18915,1951-10-18 00:00:00,0.2299945767279689,0.0917675264391001,0.3682216270168378,144.36,-38.147
18916,1951-10-19 00:00:00,0.0487140023701693,-0.0876990516622001,0.1851270564025389,144.36,-38.147
18917,1951-10-20 00:00:00,0.1946845453313514,0.0583293883898662,0.3310397022728367,144.36,-38.147
18918,1951-10-21 00:00:00,0.0971615355863003,-0.0391574819077241,0.2334805530803247,144.36,-38.147
18919,1951-10-22 00:00:00,0.119509558544984,-0.0169782376314065,0.2559973547213746,144.36,-38.147
18920,1951-10-23 00:00:00,0.3820890891561899,0.2451206453542515,0.5190575329581283,144.36,-38.147
18921,1951-10-24 00:00:00,0.3689696541981009,0.2319331704473565,0.5060061379488452,144.36,-38.147
18922,1951-10-25 00:00:00,0.2660701281880442,0.1291693668974554,0.402970889478633,144.36,-38.147
18923,1951-10-26 00:00:00,0.2624669045350967,0.125808767079226,0.3991250419909674,144.36,-38.147
18924,1951-10-27 00:00:00,0.0570756259328033,-0.0792145527415796,0.1933658046071863,144.36,-38.147
18925,1951-10-28 00:00:00,-0.0120055240397995,-0.1482800457123753,0.1242689976327761,144.36,-38.147
18926,1951-10-29 00:00:00,0.1652544691888232,0.0288083122133169,0.3017006261643296,144.36,-38.147
18927,1951-10-30 00:00:00,0.1278694011931228,-0.0084874871446097,0.2642262895308553,144.36,-38.147
18928,1951-10-31 00:00:00,0.0162287540270676,-0.1202939387887126,0.1527514468428479,144.36,-38.147
18929,1951-11-01 00:00:00,-0.0152579550735324,-0.1516120969161208,0.121096186769056,144.36,-38.147
18930,1951-11-02 00:00:00,-0.0040725155785678,-0.1405823948153025,0.1324373636581668,144.36,-38.147
18931,1951-11-03 00:00:00,0.1500552789587403,0.0134964648676125,0.2866140930498681,144.36,-38.147
18932,1951-11-04 00:00:00,0.2230725569176523,0.086658053972344,0.3594870598629606,144.36,-38.147
18933,1951-11-05 00:00:00,0.0502962031530636,-0.0860850590384451,0.1866774653445723,144.36,-38.147
18934,1951-11-06 00:00:00,0.3877647295953429,0.2507627014573752,0.5247667577333106,144.36,-38.147
18935,1951-11-07 00:00:00,0.2889873786484033,0.1519401734999711,0.4260345837968354,144.36,-38.147
18936,1951-11-08 00:00:00,0.1009270606920835,-0.0354767934306693,0.2373309148148365,144.36,-38.147
18937,1951-11-09 00:00:00,0.3557265448350012,0.2191078777872829,0.4923452118827195,144.36,-38.147
18938,1951-11-10 00:00:00,0.2511180719432259,0.114150965674646,0.3880851782118058,144.36,-38.147
18939,1951-11-11 00:00:00,0.0115968843306895,-0.1247067434512675,0.1479005121126467,144.36,-38.147
18940,1951-11-12 00:00:00,0.1759422153017906,0.0392074733300439,0.3126769572735374,144.36,-38.147
18941,1951-11-13 00:00:00,0.2564771338966843,0.1195194394994532,0.3934348282939154,144.36,-38.147
18942,1951-11-14 00:00:00,0.1210189631309263,-0.0156204165282645,0.2576583427901173,144.36,-38.147
18943,1951-11-15 00:00:00,0.0862702211545495,-0.0502259937205915,0.2227664360296907,144.36,-38.147
18944,1951-11-16 00:00:00,0.3512319645707333,0.2145957868153389,0.4878681423261278,144.36,-38.147
18945,1951-11-17 00:00:00,0.2255419186269037,0.0889682753103987,0.3621155619434087,144.36,-38.147
18946,1951-11-18 00:00:00,0.0757495679719053,-0.0606472014424217,0.2121463373862324,144.36,-38.147
18947,1951-11-19 00:00:00,-0.0015896051555343,-0.1383880632136302,0.1352088529025615,144.36,-38.147
18948,1951-11-20 00:00:00,0.3257110481811202,0.1884773472807758,0.4629447490814646,144.36,-38.147
18949,1951-11-21 00:00:00,0.0638781342570061,-0.0725814448980748,0.2003377134120871,144.36,-38.147
18950,1951-11-22 00:00:00,0.0115641344936402,-0.1247655804244246,0.1478938494117052,144.36,-38.147
18951,1951-11-23 00:00:00,0.2580748628321193,0.1213304221182785,0.3948193035459601,144.36,-38.147
18952,1951-11-24 00:00:00,0.0332578047012416,-0.1030851176132789,0.1696007270157622,144.36,-38.147
18953,1951-11-25 00:00:00,0.0577138075565967,-0.0784768916537709,0.1939045067669643,144.36,-38.147
18954,1951-11-26 00:00:00,0.0194223329260443,-0.116935723437609,0.1557803892896977,144.36,-38.147
18955,1951-11-27 00:00:00,0.1075049666899289,-0.0302495316194632,0.245259464999321,144.36,-38.147
18956,1951-11-28 00:00:00,0.0072310903071156,-0.1309270154560718,0.1453891960703031,144.36,-38.147
18957,1951-11-29 00:00:00,-0.0790064290542883,-0.215552864696195,0.0575400065876182,144.36,-38.147
18958,1951-11-30 00:00:00,-0.0424973371429166,-0.1791826936668724,0.0941880193810389,144.36,-38.147
18959,1951-12-01 00:00:00,-0.0365775319834257,-0.1730026608515673,0.0998475968847158,144.36,-38.147
18960,1951-12-02 00:00:00,0.0470651889739335,-0.089269097014303,0.18339947496217,144.36,-38.147
18961,1951-12-03 00:00:00,0.1397312025673081,0.0032787095536191,0.2761836955809971,144.36,-38.147
18962,1951-12-04 00:00:00,0.0626861425880673,-0.0736309468064543,0.1990032319825891,144.36,-38.147
18963,1951-12-05 00:00:00,0.0613169637687365,-0.0751160753990274,0.1977500029365003,144.36,-38.147
18964,1951-12-06 00:00:00,0.0429576631250332,-0.0935229162417972,0.1794382424918638,144.36,-38.147
18965,1951-12-07 00:00:00,0.0389355570959363,-0.0977911484962511,0.1756622626881239,144.36,-38.147
18966,1951-12-08 00:00:00,0.0343539995948882,-0.1025073305965707,0.1712153297863472,144.36,-38.147
18967,1951-12-09 00:00:00,0.2563092574528773,0.1195758079545195,0.3930427069512352,144.36,-38.147
18968,1951-12-10 00:00:00,0.5075425630694783,0.3698451380657019,0.6452399880732547,144.36,-38.147
18969,1951-12-11 00:00:00,0.0876198232121552,-0.0493152883532884,0.224554934777599,144.36,-38.147
18970,1951-12-12 00:00:00,-0.011077670299926,-0.1474226318458907,0.1252672912460386,144.36,-38.147
18971,1951-12-13 00:00:00,0.1216840902752213,-0.0149196339391785,0.2582878144896213,144.36,-38.147
18972,1951-12-14 00:00:00,0.3017939750615218,0.1651350522375773,0.4384528978854662,144.36,-38.147
18973,1951-12-15 00:00:00,0.3221229209382337,0.1848696155609295,0.4593762263155378,144.36,-38.147
18974,1951-12-16 00:00:00,0.2287800374621223,0.0917120413195753,0.3658480336046692,144.36,-38.147
18975,1951-12-17 00:00:00,0.0359730787945728,-0.1005523278183163,0.1724984854074621,144.36,-38.147
18976,1951-12-18 00:00:00,0.231267631970176,0.0944913276523551,0.3680439362879969,144.36,-38.147
18977,1951-12-19 00:00:00,0.3155141959680421,0.1786631207299477,0.4523652712061364,144.36,-38.147
18978,1951-12-20 00:00:00,0.2502538071605715,0.1134508792074487,0.3870567351136944,144.36,-38.147
18979,1951-12-21 00:00:00,0.1561909091170582,0.0196881900268814,0.2926936282072351,144.36,-38.147
18980,1951-12-22 00:00:00,0.0499635813666542,-0.0863669287439544,0.1862940914772629,144.36,-38.147
18981,1951-12-23 00:00:00,0.0612324286818435,-0.0751052444635629,0.1975701018272499,144.36,-38.147
18982,1951-12-24 00:00:00,0.0020710253475554,-0.134198107923548,0.1383401586186589,144.36,-38.147
18983,1951-12-25 00:00:00,-0.0076574391933191,-0.1438745034670724,0.1285596250804342,144.36,-38.147
18984,1951-12-26 00:00:00,0.0784589740346166,-0.0579103436620837,0.214828291731317,144.36,-38.147
18985,1951-12-27 00:00:00,0.0168915815113661,-0.1195306480134542,0.1533138110361865,144.36,-38.147
18986,1951-12-28 00:00:00,0.0970269311223179,-0.0392500592788365,0.2333039215234725,144.36,-38.147
18987,1951-12-29 00:00:00,0.0727887937224783,-0.0635699694839014,0.209147556928858,144.36,-38.147
18988,1951-12-30 00:00:00,0.0031895190125076,-0.1331065721902093,0.1394856102152245,144.36,-38.147
18989,1951-12-31 00:00:00,0.1400257829661949,0.0034707955974803,0.2765807703349094,144.36,-38.147
18990,1952-01-01 00:00:00,0.0771384486380586,-0.059193763977246,0.2134706612533632,144.36,-38.147
18991,1952-01-02 00:00:00,0.1035049009141231,-0.0328058133183651,0.2398156151466114,144.36,-38.147
18992,1952-01-03 00:00:00,0.044259873513566,-0.0919997711132152,0.1805195181403472,144.36,-38.147
18993,1952-01-04 00:00:00,0.0566733363925635,-0.0796372546142695,0.1929839273993966,144.36,-38.147
18994,1952-01-05 00:00:00,0.1980742808495849,0.0610701520117839,0.335078409687386,144.36,-38.147
18995,1952-01-06 00:00:00,0.0557990061784176,-0.080972347631091,0.1925703599879263,144.36,-38.147
18996,1952-01-07 00:00:00,0.082061412466685,-0.0542895333436582,0.2184123582770284,144.36,-38.147
18997,1952-01-08 00:00:00,0.0899281565842854,-0.046770880080465,0.2266271932490359,144.36,-38.147
18998,1952-01-09 00:00:00,0.0499573992312997,-0.0862758385826712,0.1861906370452707,144.36,-38.147
18999,1952-01-10 00:00:00,0.1041319258119838,-0.0321248028673807,0.2403886544913484,144.36,-38.147
19000,1952-01-11 00:00:00,0.2137089262420703,0.0773812941108824,0.3500365583732582,144.36,-38.147
19001,1952-01-12 00:00:00,0.1049363120294879,-0.0316526884765467,0.2415253125355226,144.36,-38.147
19002,1952-01-13 00:00:00,0.0384106058686761,-0.0980656763404616,0.174886888077814,144.36,-38.147
19003,1952-01-14 00:00:00,0.1777901233541743,0.0409600288581505,0.3146202178501981,144.36,-38.147
19004,1952-01-15 00:00:00,0.035093247961299,-0.1013535773973104,0.1715400733199085,144.36,-38.147
19005,1952-01-16 00:00:00,0.0207636184362418,-0.1155459941243677,0.1570732309968514,144.36,-38.147
19006,1952-01-17 00:00:00,0.1135584180527461,-0.0227976242152087,0.2499144603207009,144.36,-38.147
19007,1952-01-18 00:00:00,0.0401544624165345,-0.0960672872602789,0.176376212093348,144.36,-38.147
19008,1952-01-19 00:00:00,0.0824974337080101,-0.0537682399214737,0.218763107337494,144.36,-38.147
19009,1952-01-20 00:00:00,0.1391164570393579,0.0026392630356881,0.2755936510430277,144.36,-38.147
19010,1952-01-21 00:00:00,0.0278034622103651,-0.108518682987704,0.1641256074084343,144.36,-38.147
19011,1952-01-22 00:00:00,0.0703431777432857,-0.0658657868663494,0.2065521423529209,144.36,-38.147
19012,1952-01-23 00:00:00,0.0425265297855645,-0.0937967866854078,0.1788498462565368,144.36,-38.147
19013,1952-01-24 00:00:00,0.0818806802505226,-0.0545024166141563,0.2182637771152016,144.36,-38.147
19014,1952-01-25 00:00:00,0.3265442082147968,0.1883391810627142,0.4647492353668793,144.36,-38.147
19015,1952-01-26 00:00:00,0.1593591540428678,0.0214680332647784,0.2972502748209573,144.36,-38.147
19016,1952-01-27 00:00:00,0.0952560751944216,-0.0416992514839696,0.2322114018728129,144.36,-38.147
19017,1952-01-28 00:00:00,0.191399426988299,0.0543661098319247,0.3284327441446734,144.36,-38.147
19018,1952-01-29 00:00:00,0.0973986413118362,-0.039137249093001,0.2339345317166734,144.36,-38.147
19019,1952-01-30 00:00:00,0.0873649129602404,-0.0489835734198767,0.2237133993403577,144.36,-38.147
19020,1952-01-31 00:00:00,0.1724674049387017,0.0359658571625069,0.3089689527148964,144.36,-38.147
19021,1952-02-01 00:00:00,0.2911663740598061,0.153810695628949,0.4285220524906633,144.36,-38.147
19022,1952-02-02 00:00:00,0.0052446517642055,-0.1314201588054759,0.141909462333887,144.36,-38.147
19023,1952-02-03 00:00:00,0.1238142142626284,-0.0124368530883626,0.2600652816136196,144.36,-38.147
19024,1952-02-04 00:00:00,0.0823092072376115,-0.0540240588732567,0.2186424733484797,144.36,-38.147
19025,1952-02-05 00:00:00,0.0983868643321372,-0.0378753682470694,0.2346490969113439,144.36,-38.147
19026,1952-02-06 00:00:00,0.1320152429723349,-0.0043647638977309,0.2683952498424008,144.36,-38.147
19027,1952-02-07 00:00:00,0.1059751360463621,-0.030384557504646,0.2423348295973704,144.36,-38.147
19028,1952-02-08 00:00:00,0.0614916628425413,-0.0748268103125149,0.1978101359975976,144.36,-38.147
19029,1952-02-09 00:00:00,-0.0165977259695801,-0.1528519887833168,0.1196565368441565,144.36,-38.147
19030,1952-02-10 00:00:00,0.0830164399005995,-0.0532579051913644,0.2192907849925635,144.36,-38.147
19031,1952-02-11 00:00:00,0.1562708304069802,0.0198149870493346,0.2927266737646257,144.36,-38.147
19032,1952-02-12 00:00:00,0.0561153994524426,-0.0803421257301009,0.1925729246349863,144.36,-38.147
19033,1952-02-13 00:00:00,-0.0134922678543318,-0.1497788964004476,0.1227943606917839,144.36,-38.147
19034,1952-02-14 00:00:00,-0.0415905505656129,-0.1778240004099573,0.0946428992787314,144.36,-38.147
19035,1952-02-15 00:00:00,-0.0223478617535922,-0.1586052586697664,0.113909535162582,144.36,-38.147
19036,1952-02-16 00:00:00,0.0656814312956023,-0.0707423576758774,0.202105220267082,144.36,-38.147
19037,1952-02-17 00:00:00,0.1418061517713087,0.0054208950933513,0.2781914084492661,144.36,-38.147
19038,1952-02-18 00:00:00,0.1069477276536795,-0.0293158959347471,0.2432113512421063,144.36,-38.147
19039,1952-02-19 00:00:00,0.0588405665016534,-0.0773492846967996,0.1950304177001065,144.36,-38.147
19040,1952-02-20 00:00:00,0.0689499202136576,-0.067229204421044,0.2051290448483592,144.36,-38.147
19041,1952-02-21 00:00:00,0.0223086748667576,-0.1139050522335015,0.1585224019670168,144.36,-38.147
19042,1952-02-22 00:00:00,0.0349094846605895,-0.1014250769995562,0.1712440463207352,144.36,-38.147
19043,1952-02-23 00:00:00,0.0749015368136964,-0.061400554357976,0.211203627985369,144.36,-38.147
19044,1952-02-24 00:00:00,0.0587676014385883,-0.0775218211371525,0.1950570240143292,144.36,-38.147
19045,1952-02-25 00:00:00,-0.0222199127741586,-0.1586093917292316,0.1141695661809144,144.36,-38.147
19046,1952-02-26 00:00:00,0.0735932468862984,-0.0627599562469447,0.2099464500195416,144.36,-38.147
19047,1952-02-27 00:00:00,0.0468956231318017,-0.0893540814478367,0.1831453277114402,144.36,-38.147
19048,1952-02-28 00:00:00,0.0323339218126928,-0.1039211213853116,0.1685889650106974,144.36,-38.147
19049,1952-02-29 00:00:00,-0.0213666338325124,-0.1576511693977873,0.1149179017327624,144.36,-38.147
19050,1952-03-01 00:00:00,0.0487882971813252,-0.0874962427191702,0.1850728370818207,144.36,-38.147
19051,1952-03-02 00:00:00,0.0623539527111862,-0.0740005923205509,0.1987084977429233,144.36,-38.147
19052,1952-03-03 00:00:00,-0.0229752552716179,-0.1592789218140648,0.1133284112708288,144.36,-38.147
19053,1952-03-04 00:00:00,0.0279108839301406,-0.108429901051217,0.1642516689114983,144.36,-38.147
19054,1952-03-05 00:00:00,0.0232253309154823,-0.1129880890183893,0.1594387508493539,144.36,-38.147
19055,1952-03-06 00:00:00,0.0150654086561963,-0.121108889535013,0.1512397068474058,144.36,-38.147
19056,1952-03-07 00:00:00,-0.0217596966905033,-0.1580035304919009,0.1144841371108943,144.36,-38.147
19057,1952-03-08 00:00:00,-0.0240889355024645,-0.1604311254232095,0.1122532544182804,144.36,-38.147
19058,1952-03-09 00:00:00,0.0233349143529708,-0.1129681457904211,0.1596379744963629,144.36,-38.147
19059,1952-03-10 00:00:00,-0.0024626846229543,-0.1388516792182231,0.1339263099723144,144.36,-38.147
19060,1952-03-11 00:00:00,0.0831551744609051,-0.0532829504289073,0.2195932993507176,144.36,-38.147
19061,1952-03-12 00:00:00,0.2095192098474778,0.0730516192868828,0.3459868004080727,144.36,-38.147
19062,1952-03-13 00:00:00,0.1596046075156283,0.023368977909322,0.2958402371219346,144.36,-38.147
19063,1952-03-14 00:00:00,0.1183535062608426,-0.0180211457299694,0.2547281582516547,144.36,-38.147
19064,1952-03-15 00:00:00,0.085280077823731,-0.0510778126468215,0.2216379682942836,144.36,-38.147
19065,1952-03-16 00:00:00,0.0378525292944342,-0.0983433660051493,0.1740484245940178,144.36,-38.147
19066,1952-03-17 00:00:00,0.0146348907185266,-0.1215593140347869,0.1508290954718401,144.36,-38.147
19067,1952-03-18 00:00:00,-0.0363885618275427,-0.1726279589485203,0.0998508352934349,144.36,-38.147
19068,1952-03-19 00:00:00,0.0228253586581621,-0.1135293338964014,0.1591800512127256,144.36,-38.147
19069,1952-03-20 00:00:00,0.142123447301486,0.0057443546837928,0.2785025399191792,144.36,-38.147
19070,1952-03-21 00:00:00,0.0937044195455892,-0.0426422524864439,0.2300510915776225,144.36,-38.147
19071,1952-03-22 00:00:00,0.054418276387517,-0.0820704749209092,0.1909070276959432,144.36,-38.147
19072,1952-03-23 00:00:00,0.0859807977838602,-0.0509087679004012,0.2228703634681217,144.36,-38.147
19073,1952-03-24 00:00:00,0.1242238218833823,-0.0124407774899234,0.2608884212566881,144.36,-38.147
19074,1952-03-25 00:00:00,0.146781457237672,0.0104023484839702,0.2831605659913738,144.36,-38.147
19075,1952-03-26 00:00:00,0.1021954306966296,-0.0342404494177768,0.2386313108110361,144.36,-38.147
19076,1952-03-27 00:00:00,0.1096588020339667,-0.0268321635974466,0.24614976766538,144.36,-38.147
19077,1952-03-28 00:00:00,-0.0017545380605254,-0.1380019936118711,0.1344929174908202,144.36,-38.147
19078,1952-03-29 00:00:00,-0.0042566586424,-0.1405482680042533,0.1320349507194531,144.36,-38.147
19079,1952-03-30 00:00:00,0.1271441224671336,-0.009358280660676,0.2636465255949433,144.36,-38.147
19080,1952-03-31 00:00:00,0.0398926855222729,-0.0966435868697424,0.1764289579142882,144.36,-38.147
19081,1952-04-01 00:00:00,0.2660850652843363,0.1293977785618724,0.4027723520068001,144.36,-38.147
19082,1952-04-02 00:00:00,0.0344067668086721,-0.1021164500660117,0.170929983683356,144.36,-38.147
19083,1952-04-03 00:00:00,0.0111669320624693,-0.1251501031651013,0.1474839672900399,144.36,-38.147
19084,1952-04-04 00:00:00,0.0443203224899021,-0.0923501599684046,0.1809908049482088,144.36,-38.147
19085,1952-04-05 00:00:00,0.03935915304152,-0.0973929122018383,0.1761112182848785,144.36,-38.147
19086,1952-04-06 00:00:00,-0.0223619023411527,-0.1588203439839059,0.1140965393016003,144.36,-38.147
19087,1952-04-07 00:00:00,0.1118141387091256,-0.0244452837702734,0.2480735611885247,144.36,-38.147
19088,1952-04-08 00:00:00,0.1140428878647468,-0.022240274758877,0.2503260504883706,144.36,-38.147
19089,1952-04-09 00:00:00,0.1808661449193647,0.0445441511945953,0.3171881386441341,144.36,-38.147
19090,1952-04-10 00:00:00,0.0900162951244816,-0.0461967232796702,0.2262293135286335,144.36,-38.147
19091,1952-04-11 00:00:00,0.0258248103448358,-0.1103821008005413,0.1620317214902131,144.36,-38.147
19092,1952-04-12 00:00:00,0.0672105985260384,-0.0690039934961882,0.2034251905482651,144.36,-38.147
19093,1952-04-13 00:00:00,0.0302400167429385,-0.1060462085466464,0.1665262420325235,144.36,-38.147
19094,1952-04-14 00:00:00,-0.0100932661787974,-0.1466939459547009,0.126507413597106,144.36,-38.147
19095,1952-04-15 00:00:00,0.0284151452338258,-0.1082154591678004,0.165045749635452,144.36,-38.147
19096,1952-04-16 00:00:00,0.0071164753771595,-0.129225050718725,0.143458001473044,144.36,-38.147
19097,1952-04-17 00:00:00,0.0838573655469283,-0.0524230416974919,0.2201377727913487,144.36,-38.147
19098,1952-04-18 00:00:00,0.3291007700843844,0.1923209758209235,0.4658805643478452,144.36,-38.147
19099,1952-04-19 00:00:00,0.3019531791722391,0.1647318764858525,0.4391744818586257,144.36,-38.147
19100,1952-04-20 00:00:00,0.0640551793472066,-0.072363036299198,0.2004733949936112,144.36,-38.147
19101,1952-04-21 00:00:00,0.0040601253313525,-0.132230367835289,0.1403506184979942,144.36,-38.147
19102,1952-04-22 00:00:00,0.0204931735553889,-0.115704844794045,0.1566911919048229,144.36,-38.147
19103,1952-04-23 00:00:00,0.0214082495774177,-0.1148229052357603,0.1576394043905957,144.36,-38.147
19104,1952-04-24 00:00:00,0.0252788911500924,-0.1119467279143123,0.1625045102144972,144.36,-38.147
19105,1952-04-25 00:00:00,0.0229855677081555,-0.1143836291650771,0.1603547645813882,144.36,-38.147
19106,1952-04-26 00:00:00,0.0126872516815274,-0.1238229345857512,0.1491974379488061,144.36,-38.147
19107,1952-04-27 00:00:00,0.0619316808188899,-0.0743624837867101,0.1982258454244899,144.36,-38.147
19108,1952-04-28 00:00:00,0.0993255702354088,-0.0371838726284632,0.235835013099281,144.36,-38.147
19109,1952-04-29 00:00:00,0.2287126541697286,0.0919411804778873,0.3654841278615698,144.36,-38.147
19110,1952-04-30 00:00:00,0.20616451976575,0.0673146913818816,0.3450143481496184,144.36,-38.147
19111,1952-05-01 00:00:00,-0.0262744599867882,-0.1636662564307741,0.1111173364571976,144.36,-38.147
19112,1952-05-02 00:00:00,-0.0455659261244733,-0.1819592755110286,0.0908274232620819,144.36,-38.147
19113,1952-05-03 00:00:00,-0.0037453597370278,-0.1399810979017384,0.1324903784276826,144.36,-38.147
19114,1952-05-04 00:00:00,0.0294308332160425,-0.1068383099037832,0.1656999763358684,144.36,-38.147
19115,1952-05-05 00:00:00,-0.0124677649491305,-0.1487248882152839,0.1237893583170227,144.36,-38.147
19116,1952-05-06 00:00:00,0.0007825892668833,-0.1357859484029207,0.1373511269366872,144.36,-38.147
19117,1952-05-07 00:00:00,0.0709436039143697,-0.065969675688616,0.2078568835173556,144.36,-38.147
19118,1952-05-08 00:00:00,0.1278835580894644,-0.0085687829319716,0.2643358991109004,144.36,-38.147
19119,1952-05-09 00:00:00,0.1897070241222186,0.0532953193202813,0.3261187289241559,144.36,-38.147
19120,1952-05-10 00:00:00,0.073804822237607,-0.0624985928328885,0.2101082373081027,144.36,-38.147
19121,1952-05-11 00:00:00,0.0077818042885462,-0.1284303689050337,0.1439939774821262,144.36,-38.147
19122,1952-05-12 00:00:00,-0.0115129118024046,-0.1477530560128144,0.1247272324080051,144.36,-38.147
19123,1952-05-13 00:00:00,-0.0224905045984041,-0.158737017165044,0.1137560079682358,144.36,-38.147
19124,1952-05-14 00:00:00,-0.0035520059818959,-0.1398531359664974,0.1327491240027055,144.36,-38.147
19125,1952-05-15 00:00:00,0.0662204986927877,-0.070155665138388,0.2025966625239634,144.36,-38.147
19126,1952-05-16 00:00:00,0.088049246088551,-0.0481849975958285,0.2242834897729306,144.36,-38.147
19127,1952-05-17 00:00:00,0.2119416091685149,0.0755846209330754,0.3482985974039545,144.36,-38.147
19128,1952-05-18 00:00:00,0.1330674060430092,-0.003221472836479,0.2693562849224975,144.36,-38.147
19129,1952-05-19 00:00:00,0.2406390150826282,0.1041303139848589,0.3771477161803975,144.36,-38.147
19130,1952-05-20 00:00:00,0.4172710962564964,0.2802443690737758,0.554297823439217,144.36,-38.147
19131,1952-05-21 00:00:00,0.1749612703142883,0.038443428592771,0.3114791120358057,144.36,-38.147
19132,1952-05-22 00:00:00,0.032197118288514,-0.1041049149723318,0.1684991515493598,144.36,-38.147
19133,1952-05-23 00:00:00,0.0235681637349569,-0.1129391133547124,0.1600754408246264,144.36,-38.147
19134,1952-05-24 00:00:00,0.0743740626314015,-0.062369880561627,0.2111180058244302,144.36,-38.147
19135,1952-05-25 00:00:00,0.111740345489831,-0.0250549839835528,0.248535674963215,144.36,-38.147
19136,1952-05-26 00:00:00,0.2315867812275351,0.0944644487658893,0.3687091136891809,144.36,-38.147
19137,1952-05-27 00:00:00,0.1084624230225117,-0.0282266138512285,0.245151459896252,144.36,-38.147
19138,1952-05-28 00:00:00,0.0200806060635625,-0.1167909477540394,0.1569521598811645,144.36,-38.147
19139,1952-05-29 00:00:00,0.2347394517694642,0.0977850106158166,0.3716938929231117,144.36,-38.147
19140,1952-05-30 00:00:00,0.2455985611127412,0.1091356307472292,0.3820614914782532,144.36,-38.147
19141,1952-05-31 00:00:00,0.2658062210414751,0.1289766709310197,0.4026357711519305,144.36,-38.147
19142,1952-06-01 00:00:00,0.3228936812435304,0.1862215016822186,0.4595658608048423,144.36,-38.147
19143,1952-06-02 00:00:00,0.2171781103227148,0.0804773471445113,0.3538788735009183,144.36,-38.147
19144,1952-06-03 00:00:00,0.5005873683374367,0.3625883299249714,0.6385864067499019,144.36,-38.147
19145,1952-06-04 00:00:00,0.0775037675646965,-0.0597495388949205,0.2147570740243136,144.36,-38.147
19146,1952-06-05 00:00:00,0.4239230859245845,0.2857939543107687,0.5620522175384004,144.36,-38.147
19147,1952-06-06 00:00:00,0.2637859941156105,0.1263872745914495,0.4011847136397716,144.36,-38.147
19148,1952-06-07 00:00:00,0.2753181195011342,0.1385654916149811,0.4120707473872873,144.36,-38.147
19149,1952-06-08 00:00:00,0.1657467078784694,0.0294339456052141,0.3020594701517246,144.36,-38.147
19150,1952-06-09 00:00:00,0.1027268538315407,-0.0336088705858389,0.2390625782489204,144.36,-38.147
19151,1952-06-10 00:00:00,0.0402365351472497,-0.0961770230197592,0.1766500933142587,144.36,-38.147
19152,1952-06-11 00:00:00,0.00301855350969,-0.133173861251964,0.1392109682713441,144.36,-38.147
19153,1952-06-12 00:00:00,0.0499205618181051,-0.0862910958482878,0.1861322194844982,144.36,-38.147
19154,1952-06-13 00:00:00,0.0563365865264861,-0.0799292962213096,0.1926024692742819,144.36,-38.147
19155,1952-06-14 00:00:00,-0.0014610734444061,-0.1379196562356251,0.1349975093468128,144.36,-38.147
19156,1952-06-15 00:00:00,-0.0346168260247499,-0.17259193299126,0.1033582809417601,144.36,-38.147
19157,1952-06-16 00:00:00,-0.0010514891416213,-0.1400730411020945,0.1379700628188518,144.36,-38.147
19158,1952-06-17 00:00:00,0.009695722444508,-0.1292693921118927,0.1486608370009088,144.36,-38.147
19159,1952-06-18 00:00:00,0.0405875620713916,-0.09722823999519,0.1784033641379732,144.36,-38.147
19160,1952-06-19 00:00:00,0.0917603236087577,-0.0448195268333746,0.2283401740508901,144.36,-38.147
19161,1952-06-20 00:00:00,0.1691766380422872,0.0327588800023279,0.3055943960822465,144.36,-38.147
19162,1952-06-21 00:00:00,0.1234452102467434,-0.01287280861465,0.2597632291081369,144.36,-38.147
19163,1952-06-22 00:00:00,0.2792633846344086,0.1425285375247004,0.4159982317441167,144.36,-38.147
19164,1952-06-23 00:00:00,0.1374825730897171,0.0006365013493634,0.2743286448300708,144.36,-38.147
19165,1952-06-24 00:00:00,0.1563984955864622,0.0168205530229271,0.2959764381499973,144.36,-38.147
19166,1952-06-25 00:00:00,0.324060762102632,0.1855041083942709,0.4626174158109931,144.36,-38.147
19167,1952-06-26 00:00:00,0.1440747426214388,0.0068376293633668,0.2813118558795109,144.36,-38.147
19168,1952-06-27 00:00:00,0.0906020258739364,-0.0468028774540298,0.2280069292019028,144.36,-38.147
19169,1952-06-28 00:00:00,0.1656821617133996,0.0287304309253983,0.3026338925014009,144.36,-38.147
19170,1952-06-29 00:00:00,0.2892623359717881,0.152669116916336,0.4258555550272402,144.36,-38.147
19171,1952-06-30 00:00:00,0.0547796426580181,-0.0830191725001384,0.1925784578161748,144.36,-38.147
19172,1952-07-01 00:00:00,-0.005501957251389,-0.1419248932963457,0.1309209787935677,144.36,-38.147
19173,1952-07-02 00:00:00,0.0304979251944602,-0.1060161264115883,0.1670119768005089,144.36,-38.147
19174,1952-07-03 00:00:00,0.0802330869712215,-0.0574010905026642,0.2178672644451074,144.36,-38.147
19175,1952-07-04 00:00:00,0.3440493572200757,0.2066812664117837,0.4814174480283678,144.36,-38.147
19176,1952-07-05 00:00:00,0.1932917189600411,0.0562677941009815,0.3303156438191007,144.36,-38.147
19177,1952-07-06 00:00:00,0.0987311146488646,-0.0382992113353455,0.2357614406330747,144.36,-38.147
19178,1952-07-07 00:00:00,-0.0125090062012952,-0.1489740817528056,0.1239560693502151,144.36,-38.147
19179,1952-07-08 00:00:00,-0.0192339011212855,-0.155436504178387,0.1169687019358158,144.36,-38.147
19180,1952-07-09 00:00:00,0.0262857274754963,-0.1100060065882694,0.162577461539262,144.36,-38.147
19181,1952-07-10 00:00:00,0.0264477787321894,-0.1099053635326133,0.1628009209969922,144.36,-38.147
19182,1952-07-11 00:00:00,0.0133151905736359,-0.1232611875103762,0.1498915686576481,144.36,-38.147
19183,1952-07-12 00:00:00,0.0933681443528105,-0.0442251458562041,0.2309614345618252,144.36,-38.147
19184,1952-07-13 00:00:00,0.172287770092559,0.0354534430391078,0.3091220971460102,144.36,-38.147
19185,1952-07-14 00:00:00,0.0874248605603185,-0.0493866781099993,0.2242363992306363,144.36,-38.147
19186,1952-07-15 00:00:00,0.0075980970184709,-0.1286695532396443,0.1438657472765862,144.36,-38.147
19187,1952-07-16 00:00:00,0.019275944092851,-0.1170555233584201,0.1556074115441223,144.36,-38.147
19188,1952-07-17 00:00:00,0.1741686121633383,0.0376538289626776,0.310683395363999,144.36,-38.147
19189,1952-07-18 00:00:00,0.1595400330024055,0.0229492331651897,0.2961308328396213,144.36,-38.147
19190,1952-07-19 00:00:00,0.0962161386735177,-0.0401357055690722,0.2325679829161078,144.36,-38.147
19191,1952-07-20 00:00:00,-0.0533453650207001,-0.1895899975840198,0.0828992675426195,144.36,-38.147
19192,1952-07-21 00:00:00,-0.0397264791592553,-0.1759883343958296,0.0965353760773189,144.36,-38.147
19193,1952-07-22 00:00:00,0.0425914918338218,-0.0937383964426932,0.178921380110337,144.36,-38.147
19194,1952-07-23 00:00:00,0.0260228308061856,-0.1102524395922112,0.1622981012045825,144.36,-38.147
19195,1952-07-24 00:00:00,0.0162042955288997,-0.1201907288707321,0.1525993199285316,144.36,-38.147
19196,1952-07-25 00:00:00,-0.0532167211044545,-0.1897326450055831,0.083299202796674,144.36,-38.147
19197,1952-07-26 00:00:00,-0.0940936846876174,-0.2311355783304591,0.0429482089552242,144.36,-38.147
19198,1952-07-27 00:00:00,-0.0845568763949269,-0.2215914184933407,0.0524776657034868,144.36,-38.147
19199,1952-07-28 00:00:00,-0.0449892846549643,-0.1816112448345246,0.0916326755245959,144.36,-38.147
19200,1952-07-29 00:00:00,-0.0057177415697693,-0.1421353638180869,0.1306998806785482,144.36,-38.147
19201,1952-07-30 00:00:00,0.065142391895897,-0.0714399517189818,0.2017247355107759,144.36,-38.147
19202,1952-07-31 00:00:00,0.0850441864400696,-0.0515117528216863,0.2216001257018256,144.36,-38.147
19203,1952-08-01 00:00:00,0.0193227604355528,-0.1171127119530933,0.155758232824199,144.36,-38.147
19204,1952-08-02 00:00:00,0.00073395694403,-0.1356341111932437,0.1371020250813038,144.36,-38.147
19205,1952-08-03 00:00:00,0.0138793476460276,-0.1223406927994864,0.1500993880915417,144.36,-38.147
19206,1952-08-04 00:00:00,0.0230106605894788,-0.1132497622175726,0.1592710833965303,144.36,-38.147
19207,1952-08-05 00:00:00,0.0029069681973433,-0.1334675902958675,0.1392815266905542,144.36,-38.147
19208,1952-08-06 00:00:00,-0.0300114251436352,-0.1663602136403721,0.1063373633531016,144.36,-38.147
19209,1952-08-07 00:00:00,-0.0137775411568836,-0.1500846626666989,0.1225295803529316,144.36,-38.147
19210,1952-08-08 00:00:00,-0.0095871003146814,-0.1460048895189679,0.1268306888896051,144.36,-38.147
19211,1952-08-09 00:00:00,0.3532135586629076,0.2159919724982163,0.490435144827599,144.36,-38.147
19212,1952-08-10 00:00:00,0.1624977371445285,0.0252830405503499,0.299712433738707,144.36,-38.147
19213,1952-08-11 00:00:00,0.1609227882813,0.0243687213239178,0.2974768552386822,144.36,-38.147
19214,1952-08-12 00:00:00,0.0606088959207249,-0.080513530365754,0.2017313222072038,144.36,-38.147
19215,1952-08-13 00:00:00,0.1846069553717644,0.0416407470506625,0.3275731636928664,144.36,-38.147
19216,1952-08-14 00:00:00,-0.0691992040321995,-0.2070614529548133,0.0686630448904143,144.36,-38.147
19217,1952-08-15 00:00:00,-0.0694781184424325,-0.205892153564497,0.066935916679632,144.36,-38.147
19218,1952-08-16 00:00:00,-0.0490684881466146,-0.1853358779514358,0.0871989016582065,144.36,-38.147
19219,1952-08-17 00:00:00,-0.0093953566861503,-0.1456294509788681,0.1268387376065675,144.36,-38.147
19220,1952-08-18 00:00:00,0.0749762688834819,-0.0615908033012812,0.2115433410682451,144.36,-38.147
19221,1952-08-19 00:00:00,0.1760780284592265,0.0394614742779481,0.3126945826405048,144.36,-38.147
19222,1952-08-20 00:00:00,0.0866290119330858,-0.049603705488931,0.2228617293551026,144.36,-38.147
19223,1952-08-21 00:00:00,0.0724397005961974,-0.0638009475120074,0.2086803487044023,144.36,-38.147
19224,1952-08-22 00:00:00,0.0751308480981464,-0.0611466396328697,0.2114083358291626,144.36,-38.147
19225,1952-08-23 00:00:00,0.2269341780271365,0.0905189759572491,0.363349380097024,144.36,-38.147
19226,1952-08-24 00:00:00,0.2868894637456222,0.1494868245945816,0.4242921028966627,144.36,-38.147
19227,1952-08-25 00:00:00,0.1518900267229727,0.014085261848691,0.2896947915972543,144.36,-38.147
19228,1952-08-26 00:00:00,0.012166113617425,-0.1244621564704412,0.1487943837052913,144.36,-38.147
19229,1952-08-27 00:00:00,0.0830900554036637,-0.0533338506056879,0.2195139614130155,144.36,-38.147
19230,1952-08-28 00:00:00,0.0110593895357727,-0.125231992763759,0.1473507718353045,144.36,-38.147
19231,1952-08-29 00:00:00,0.0229244565359148,-0.1132780675245506,0.1591269805963804,144.36,-38.147
19232,1952-08-30 00:00:00,0.097448670330367,-0.0392849969809385,0.2341823376416725,144.36,-38.147
19233,1952-08-31 00:00:00,0.0219042646602353,-0.1147507055232976,0.1585592348437682,144.36,-38.147
19234,1952-09-01 00:00:00,-0.0111303377517399,-0.1473527922891614,0.1250921167856815,144.36,-38.147
19235,1952-09-02 00:00:00,0.0224274744145141,-0.1139723839910852,0.1588273328201135,144.36,-38.147
19236,1952-09-03 00:00:00,0.2976360371805447,0.1606285751849532,0.4346434991761363,144.36,-38.147
19237,1952-09-04 00:00:00,0.0823066519881091,-0.0542298844266256,0.2188431884028439,144.36,-38.147
19238,1952-09-05 00:00:00,0.117268745594531,-0.0193182255527081,0.2538557167417702,144.36,-38.147
19239,1952-09-06 00:00:00,0.2337917272012603,0.0968296567837892,0.3707537976187314,144.36,-38.147
19240,1952-09-07 00:00:00,0.0700032450480804,-0.0664567972105093,0.2064632873066701,144.36,-38.147
19241,1952-09-08 00:00:00,0.0696166434157382,-0.0667429171339868,0.2059762039654634,144.36,-38.147
19242,1952-09-09 00:00:00,0.2697993832254149,0.1328179647408532,0.4067808017099767,144.36,-38.147
19243,1952-09-10 00:00:00,0.0644060619269582,-0.0724202349679049,0.2012323588218215,144.36,-38.147
19244,1952-09-11 00:00:00,0.0753304265379608,-0.0610369911944537,0.2116978442703753,144.36,-38.147
19245,1952-09-12 00:00:00,0.01631915729759,-0.1199162182384333,0.1525545328336133,144.36,-38.147
19246,1952-09-13 00:00:00,0.0416259423514744,-0.0946016571466226,0.1778535418495714,144.36,-38.147
19247,1952-09-14 00:00:00,0.0781658443473058,-0.0581666454425757,0.2144983341371873,144.36,-38.147
19248,1952-09-15 00:00:00,0.117294691228097,-0.019004178798243,0.2535935612544371,144.36,-38.147
19249,1952-09-16 00:00:00,0.1410083368228279,0.0045047794391283,0.2775118942065276,144.36,-38.147
19250,1952-09-17 00:00:00,0.3720555786168936,0.2338966225970724,0.5102145346367148,144.36,-38.147
19251,1952-09-18 00:00:00,0.2188168352206855,0.0811005496033602,0.3565331208380107,144.36,-38.147
19252,1952-09-19 00:00:00,0.309898130205703,0.1715885022882408,0.4482077581231651,144.36,-38.147
19253,1952-09-20 00:00:00,0.3608652426621945,0.2237407531097779,0.4979897322146112,144.36,-38.147
19254,1952-09-21 00:00:00,0.1980148076295483,0.0614058395282169,0.3346237757308797,144.36,-38.147
19255,1952-09-22 00:00:00,0.1619435335503354,0.0254554641835728,0.2984316029170979,144.36,-38.147
19256,1952-09-23 00:00:00,0.0698796426455763,-0.0667364618930849,0.2064957471842377,144.36,-38.147
19257,1952-09-24 00:00:00,-0.01817527363979,-0.1544145949918154,0.1180640477122354,144.36,-38.147
19258,1952-09-25 00:00:00,-0.0393323988595107,-0.1755340050123931,0.0968692072933716,144.36,-38.147
19259,1952-09-26 00:00:00,0.0250071333900401,-0.111247442348649,0.1612617091287293,144.36,-38.147
19260,1952-09-27 00:00:00,0.1232467516281718,-0.0130232328809093,0.259516736137253,144.36,-38.147
19261,1952-09-28 00:00:00,0.0231104766309546,-0.1131540204069814,0.1593749736688908,144.36,-38.147
19262,1952-09-29 00:00:00,0.0090771469572005,-0.1271582532591777,0.1453125471735787,144.36,-38.147
19263,1952-09-30 00:00:00,0.055347097348746,-0.0810267968548463,0.1917209915523384,144.36,-38.147
19264,1952-10-01 00:00:00,0.0735430803713591,-0.0627183706925112,0.2098045314352296,144.36,-38.147
19265,1952-10-02 00:00:00,0.1922953679908457,0.0558841256612011,0.3287066103204903,144.36,-38.147
19266,1952-10-03 00:00:00,0.0886493137312517,-0.0477356377568256,0.2250342652193291,144.36,-38.147
19267,1952-10-04 00:00:00,0.0329717245410802,-0.1033060859763606,0.1692495350585211,144.36,-38.147
19268,1952-10-05 00:00:00,0.030047222499724,-0.1061942703136489,0.166288715313097,144.36,-38.147
19269,1952-10-06 00:00:00,0.0084077554816501,-0.1278250530174163,0.1446405639807167,144.36,-38.147
19270,1952-10-07 00:00:00,0.0150606605771671,-0.1211677346228578,0.1512890557771921,144.36,-38.147
19271,1952-10-08 00:00:00,0.0264357452592355,-0.109927185931562,0.162798676450033,144.36,-38.147
19272,1952-10-09 00:00:00,0.0815124986355127,-0.0553300791577092,0.2183550764287347,144.36,-38.147
19273,1952-10-10 00:00:00,0.2905459862782092,0.1533714923512552,0.4277204802051632,144.36,-38.147
19274,1952-10-11 00:00:00,0.3325496703579878,0.1958327730297353,0.4692665676862403,144.36,-38.147
19275,1952-10-12 00:00:00,0.1028095191951663,-0.0344542953704795,0.2400733337608123,144.36,-38.147
19276,1952-10-13 00:00:00,-7.756023515519822e-05,-0.1372313506397761,0.1370762301694657,144.36,-38.147
19277,1952-10-14 00:00:00,0.0587674033640121,-0.0775540257570809,0.1950888324851051,144.36,-38.147
19278,1952-10-15 00:00:00,0.07665723077481,-0.0598526756952914,0.2131671372449115,144.36,-38.147
19279,1952-10-16 00:00:00,0.3860737600740793,0.2474698576003658,0.5246776625477928,144.36,-38.147
19280,1952-10-17 00:00:00,0.3373267613157094,0.2001528581997319,0.4745006644316869,144.36,-38.147
19281,1952-10-18 00:00:00,0.0761712203534858,-0.0601826615110597,0.2125251022180313,144.36,-38.147
19282,1952-10-19 00:00:00,-0.01438746793057,-0.1506253856200882,0.1218504497589481,144.36,-38.147
19283,1952-10-20 00:00:00,0.0083883127529011,-0.127876603724778,0.1446532292305803,144.36,-38.147
19284,1952-10-21 00:00:00,0.0687412710409449,-0.0677708722165284,0.2052534142984184,144.36,-38.147
19285,1952-10-22 00:00:00,0.1247569347933185,-0.0117757300700507,0.2612895996566879,144.36,-38.147
19286,1952-10-23 00:00:00,0.0034733229500436,-0.1329378707788021,0.1398845166788895,144.36,-38.147
19287,1952-10-24 00:00:00,-0.0089519392824479,-0.1453484562359847,0.1274445776710889,144.36,-38.147
19288,1952-10-25 00:00:00,-0.0146627758002003,-0.1509360946946472,0.1216105430942466,144.36,-38.147
19289,1952-10-26 00:00:00,0.0133360128626961,-0.1231169777714969,0.1497890034968892,144.36,-38.147
19290,1952-10-27 00:00:00,0.0339918308280288,-0.1031889240726478,0.1711725857287056,144.36,-38.147
19291,1952-10-28 00:00:00,0.2343137951780786,0.0966139865112774,0.3720136038448798,144.36,-38.147
19292,1952-10-29 00:00:00,0.100806742086551,-0.0357426396550106,0.2373561238281126,144.36,-38.147
19293,1952-10-30 00:00:00,0.2083350459480249,0.0720053268099127,0.3446647650861371,144.36,-38.147
19294,1952-10-31 00:00:00,0.2709925610591239,0.1345735122291197,0.4074116098891281,144.36,-38.147
19295,1952-11-01 00:00:00,0.0246002404447567,-0.1118283584382862,0.1610288393277998,144.36,-38.147
19296,1952-11-02 00:00:00,0.2967557509248514,0.1596253734695231,0.4338861283801797,144.36,-38.147
19297,1952-11-03 00:00:00,0.4147036669585822,0.2777447748551319,0.5516625590620325,144.36,-38.147
19298,1952-11-04 00:00:00,0.2147203612203492,0.0782488244503863,0.3511918979903121,144.36,-38.147
19299,1952-11-05 00:00:00,0.2573861892246068,0.1211002093789233,0.3936721690702903,144.36,-38.147
19300,1952-11-06 00:00:00,0.102743348883067,-0.0335445329362286,0.2390312307023627,144.36,-38.147
19301,1952-11-07 00:00:00,0.0224678571974311,-0.1138492747964532,0.1587849891913155,144.36,-38.147
19302,1952-11-08 00:00:00,0.1005294620225668,-0.0360830536124367,0.2371419776575703,144.36,-38.147
19303,1952-11-09 00:00:00,0.2279575183072923,0.090918678337492,0.3649963582770926,144.36,-38.147
19304,1952-11-10 00:00:00,0.1784319122318958,0.0416350067930508,0.3152288176707407,144.36,-38.147
19305,1952-11-11 00:00:00,0.0643495309960859,-0.0722152684504183,0.2009143304425902,144.36,-38.147
19306,1952-11-12 00:00:00,0.0589561843414096,-0.077663583740145,0.1955759524229642,144.36,-38.147
19307,1952-11-13 00:00:00,-0.0035342440274443,-0.1399083822614583,0.1328398942065697,144.36,-38.147
19308,1952-11-14 00:00:00,0.0350705321690364,-0.1012079848551533,0.1713490491932261,144.36,-38.147
19309,1952-11-15 00:00:00,0.085350801213187,-0.0508765195610089,0.2215781219873831,144.36,-38.147
19310,1952-11-16 00:00:00,0.3337319960658245,0.1970462325279806,0.4704177596036685,144.36,-38.147
19311,1952-11-17 00:00:00,0.1795611324726341,0.0428802850946334,0.3162419798506348,144.36,-38.147
19312,1952-11-18 00:00:00,0.0790068499153522,-0.0572832649013617,0.2152969647320663,144.36,-38.147
19313,1952-11-19 00:00:00,0.0995558963339354,-0.0367965402781865,0.2359083329460574,144.36,-38.147
19314,1952-11-20 00:00:00,0.1641388284120704,0.0277426517318012,0.3005350050923395,144.36,-38.147
19315,1952-11-21 00:00:00,0.1484152252449823,0.0118842320650235,0.284946218424941,144.36,-38.147
19316,1952-11-22 00:00:00,0.0943021369472529,-0.0419593888426118,0.2305636627371178,144.36,-38.147
19317,1952-11-23 00:00:00,0.0546261569999745,-0.0815986261543069,0.190850940154256,144.36,-38.147
19318,1952-11-24 00:00:00,0.0318428481591683,-0.1044792731623478,0.1681649694806845,144.36,-38.147
19319,1952-11-25 00:00:00,-0.0146115908782382,-0.1509818148618693,0.1217586331053927,144.36,-38.147
19320,1952-11-26 00:00:00,0.1149090324956636,-0.0216752104880511,0.2514932754793785,144.36,-38.147
19321,1952-11-27 00:00:00,0.1365876983877372,0.0001314260250723,0.2730439707504022,144.36,-38.147
19322,1952-11-28 00:00:00,0.1204020814807047,-0.0161472283650618,0.2569513913264714,144.36,-38.147
19323,1952-11-29 00:00:00,0.0318126220400849,-0.1048387035060884,0.1684639475862584,144.36,-38.147
19324,1952-11-30 00:00:00,0.0057131248336266,-0.1306322424763411,0.1420584921435943,144.36,-38.147
19325,1952-12-01 00:00:00,0.0551373898000244,-0.0815287650209955,0.1918035446210444,144.36,-38.147
19326,1952-12-02 00:00:00,0.0905823926484668,-0.0462380054006434,0.2274027906975771,144.36,-38.147
19327,1952-12-03 00:00:00,0.0762664614013382,-0.0603310125312512,0.2128639353339276,144.36,-38.147
19328,1952-12-04 00:00:00,0.1805425071185322,0.0437953017337799,0.3172897125032846,144.36,-38.147
19329,1952-12-05 00:00:00,0.1175632639565159,-0.0188144159707088,0.2539409438837406,144.36,-38.147
19330,1952-12-06 00:00:00,0.3368508181927317,0.2001575064131216,0.4735441299723418,144.36,-38.147
19331,1952-12-07 00:00:00,0.2796435512728979,0.1428692781390797,0.4164178244067161,144.36,-38.147
19332,1952-12-08 00:00:00,0.2632741723728786,0.1260527005362226,0.4004956442095346,144.36,-38.147
19333,1952-12-09 00:00:00,0.011527445052924,-0.1254768769330983,0.1485317670389464,144.36,-38.147
19334,1952-12-10 00:00:00,0.1294931244865898,-0.0069249287704699,0.2659111777436497,144.36,-38.147
19335,1952-12-11 00:00:00,0.1722690249604757,0.034950610180697,0.3095874397402544,144.36,-38.147
19336,1952-12-12 00:00:00,0.0837007382355441,-0.0544822824546027,0.2218837589256911,144.36,-38.147
19337,1952-12-13 00:00:00,0.0212548880355152,-0.1152476159360343,0.1577573920070647,144.36,-38.147
19338,1952-12-14 00:00:00,0.0633355364799034,-0.0729617469059368,0.1996328198657437,144.36,-38.147
19339,1952-12-15 00:00:00,0.0552712921951994,-0.0811289650635185,0.1916715494539174,144.36,-38.147
19340,1952-12-16 00:00:00,0.0257436925806056,-0.1104671260813651,0.1619545112425764,144.36,-38.147
19341,1952-12-17 00:00:00,0.0651475802211338,-0.0713567053418031,0.2016518657840708,144.36,-38.147
19342,1952-12-18 00:00:00,0.0826035040837229,-0.0541105772728982,0.219317585440344,144.36,-38.147
19343,1952-12-19 00:00:00,-0.0264717332483872,-0.163292541755149,0.1103490752583745,144.36,-38.147
19344,1952-12-20 00:00:00,0.0130768061454587,-0.1234836401392058,0.1496372524301233,144.36,-38.147
19345,1952-12-21 00:00:00,0.1532510413883891,0.0165606292472352,0.289941453529543,144.36,-38.147
19346,1952-12-22 00:00:00,0.159815992595043,0.0234533288615395,0.2961786563285464,144.36,-38.147
19347,1952-12-23 00:00:00,0.1056604861878472,-0.0306757654364154,0.2419967378121098,144.36,-38.147
19348,1952-12-24 00:00:00,0.0608828439415356,-0.0754914443462081,0.1972571322292793,144.36,-38.147
19349,1952-12-25 00:00:00,0.0859309364741906,-0.050517799832587,0.2223796727809684,144.36,-38.147
19350,1952-12-26 00:00:00,0.1573492017257708,0.0209566371157432,0.2937417663357984,144.36,-38.147
19351,1952-12-27 00:00:00,0.1465531984229374,0.0100184723331329,0.2830879245127419,144.36,-38.147
19352,1952-12-28 00:00:00,0.0480409002934804,-0.0884320084550231,0.184513809041984,144.36,-38.147
19353,1952-12-29 00:00:00,0.0849423411296247,-0.0513857383055039,0.2212704205647533,144.36,-38.147
19354,1952-12-30 00:00:00,0.0741851138624629,-0.0624329515950623,0.2108031793199882,144.36,-38.147
19355,1952-12-31 00:00:00,0.0637787504882874,-0.0728434809573634,0.2004009819339382,144.36,-38.147
19356,1953-01-01 00:00:00,0.0488622620832696,-0.0875798664305277,0.185304390597067,144.36,-38.147
19357,1953-01-02 00:00:00,0.06264913038903,-0.0736168834287367,0.1989151442067968,144.36,-38.147
19358,1953-01-03 00:00:00,0.0227857935747696,-0.1136118587223668,0.1591834458719061,144.36,-38.147
19359,1953-01-04 00:00:00,0.0239286974493497,-0.1128778567760038,0.1607352516747032,144.36,-38.147
19360,1953-01-05 00:00:00,0.1195814438943322,-0.0171554038085046,0.2563182915971692,144.36,-38.147
19361,1953-01-06 00:00:00,0.2174171759238057,0.0808094057582343,0.3540249460893772,144.36,-38.147
19362,1953-01-07 00:00:00,0.1076523401648204,-0.0288410903058674,0.2441457706355084,144.36,-38.147
19363,1953-01-08 00:00:00,0.0799074664558138,-0.0563865790607158,0.2162015119723435,144.36,-38.147
19364,1953-01-09 00:00:00,0.0859856701575479,-0.0509032279659633,0.2228745682810591,144.36,-38.147
19365,1953-01-10 00:00:00,0.015192879413174,-0.1217508379741554,0.1521365968005035,144.36,-38.147
19366,1953-01-11 00:00:00,0.0847795564641187,-0.0520017136254067,0.2215608265536441,144.36,-38.147
19367,1953-01-12 00:00:00,-0.0697983100695814,-0.2061750017857295,0.0665783816465666,144.36,-38.147
19368,1953-01-13 00:00:00,-0.0124170942299758,-0.1487759989420959,0.1239418104821441,144.36,-38.147
19369,1953-01-14 00:00:00,0.1336628544052065,-0.0029525222671335,0.2702782310775466,144.36,-38.147
19370,1953-01-15 00:00:00,0.0817290164513257,-0.0551360760029114,0.2185941089055628,144.36,-38.147
19371,1953-01-16 00:00:00,-0.0130656231616077,-0.1496689694995304,0.1235377231763149,144.36,-38.147
19372,1953-01-17 00:00:00,-0.0342792219907194,-0.1706152384856576,0.1020567945042186,144.36,-38.147
19373,1953-01-18 00:00:00,0.0065142199412125,-0.1297761622817833,0.1428046021642085,144.36,-38.147
19374,1953-01-19 00:00:00,0.1422748183814472,0.0057849662193756,0.2787646705435188,144.36,-38.147
19375,1953-01-20 00:00:00,0.1238967290611252,-0.0127582577870263,0.2605517159092769,144.36,-38.147
19376,1953-01-21 00:00:00,0.0977681071332688,-0.0394543723097197,0.2349905865762574,144.36,-38.147
19377,1953-01-22 00:00:00,-0.084551123973597,-0.221615428477956,0.0525131805307618,144.36,-38.147
19378,1953-01-23 00:00:00,-0.013284724714324,-0.1498632602224,0.1232938107937519,144.36,-38.147
19379,1953-01-24 00:00:00,-0.0021330770739939,-0.1387875746077277,0.1345214204597399,144.36,-38.147
19380,1953-01-25 00:00:00,-0.0257480788538512,-0.1623620732049328,0.1108659154972303,144.36,-38.147
19381,1953-01-26 00:00:00,0.0547221190403407,-0.0819699095308376,0.1914141476115191,144.36,-38.147
19382,1953-01-27 00:00:00,0.0081012066018924,-0.1285173128231934,0.1447197260269783,144.36,-38.147
19383,1953-01-28 00:00:00,0.1097189304090994,-0.0269585249662886,0.2463963857844875,144.36,-38.147
19384,1953-01-29 00:00:00,0.0310943945654414,-0.105371859678554,0.167560648809437,144.36,-38.147
19385,1953-01-30 00:00:00,0.0378473916992164,-0.0984991421003742,0.174193925498807,144.36,-38.147
19386,1953-01-31 00:00:00,0.0787638448850542,-0.0575613303501991,0.2150890201203076,144.36,-38.147
19387,1953-02-01 00:00:00,0.0391236855235073,-0.0971894127905132,0.175436783837528,144.36,-38.147
19388,1953-02-02 00:00:00,0.0324103716690465,-0.1038729960764741,0.1686937394145672,144.36,-38.147
19389,1953-02-03 00:00:00,0.0088132662811232,-0.1275621279078986,0.1451886604701452,144.36,-38.147
19390,1953-02-04 00:00:00,0.0021200102652968,-0.1344363188762494,0.1386763394068431,144.36,-38.147
19391,1953-02-05 00:00:00,0.1845077444541626,0.0478416918834935,0.3211737970248317,144.36,-38.147
19392,1953-02-06 00:00:00,0.2098113511420177,0.0733534851674548,0.3462692171165805,144.36,-38.147
19393,1953-02-07 00:00:00,0.2131214392809181,0.0767640126397735,0.3494788659220628,144.36,-38.147
19394,1953-02-08 00:00:00,0.1809874718426471,0.0444709838715828,0.3175039598137116,144.36,-38.147
19395,1953-02-09 00:00:00,0.1846946064831721,0.0481449918546385,0.3212442211117056,144.36,-38.147
19396,1953-02-10 00:00:00,0.0847518196747906,-0.052188104311386,0.2216917436609672,144.36,-38.147
19397,1953-02-11 00:00:00,0.0241130783318161,-0.1122698292066081,0.1604959858702404,144.36,-38.147
19398,1953-02-12 00:00:00,0.0502130016835577,-0.0861040757017248,0.1865300790688403,144.36,-38.147
19399,1953-02-13 00:00:00,0.0478372980853713,-0.0884948801451882,0.184169476315931,144.36,-38.147
19400,1953-02-14 00:00:00,0.0440694442205225,-0.0921791047127534,0.1803179931537984,144.36,-38.147
19401,1953-02-15 00:00:00,0.0611691468942774,-0.075050629231931,0.1973889230204859,144.36,-38.147
19402,1953-02-16 00:00:00,0.0607666936424588,-0.0757574664463821,0.1972908537312998,144.36,-38.147
19403,1953-02-17 00:00:00,0.0696550638527356,-0.0667856989715219,0.2060958266769932,144.36,-38.147
19404,1953-02-18 00:00:00,0.0564928021629831,-0.0800611672098817,0.1930467715358479,144.36,-38.147
19405,1953-02-19 00:00:00,-0.0348014794790541,-0.1711604702525757,0.1015575112944674,144.36,-38.147
19406,1953-02-20 00:00:00,-0.0253835617935893,-0.161625841259388,0.1108587176722092,144.36,-38.147
19407,1953-02-21 00:00:00,-0.0080260671246077,-0.1443058670674307,0.1282537328182152,144.36,-38.147
19408,1953-02-22 00:00:00,0.0279322628031829,-0.1083412571481,0.1642057827544659,144.36,-38.147
19409,1953-02-23 00:00:00,0.0124890337070371,-0.1237526615777629,0.1487307289918373,144.36,-38.147
19410,1953-02-24 00:00:00,0.0476298429226513,-0.0886736539441038,0.1839333397894065,144.36,-38.147
19411,1953-02-25 00:00:00,0.0271188212942272,-0.1091917938946012,0.1634294364830558,144.36,-38.147
19412,1953-02-26 00:00:00,0.1055684685105662,-0.0307522651400523,0.2418892021611847,144.36,-38.147
19413,1953-02-27 00:00:00,0.1682360114857726,0.031885742863284,0.3045862801082613,144.36,-38.147
19414,1953-02-28 00:00:00,0.141383216499776,0.0050562310531372,0.2777102019464149,144.36,-38.147
19415,1953-03-01 00:00:00,0.1019973617168617,-0.03425182616951,0.2382465496032336,144.36,-38.147
19416,1953-03-02 00:00:00,0.0782254566253144,-0.058048952619356,0.2144998658699849,144.36,-38.147
19417,1953-03-03 00:00:00,0.0619904261099374,-0.0744690483371906,0.1984499005570655,144.36,-38.147
19418,1953-03-04 00:00:00,0.0437126750277981,-0.0927151584238955,0.1801405084794917,144.36,-38.147
19419,1953-03-05 00:00:00,0.0153531714960249,-0.1209143141981604,0.1516206571902104,144.36,-38.147
19420,1953-03-06 00:00:00,0.0618256168257908,-0.0744022433408208,0.1980534769924025,144.36,-38.147
19421,1953-03-07 00:00:00,0.0732734610589239,-0.062997040899193,0.209543963017041,144.36,-38.147
19422,1953-03-08 00:00:00,0.0395982293462957,-0.0966444070338256,0.1758408657264171,144.36,-38.147
19423,1953-03-09 00:00:00,0.0250533998831432,-0.1111474846290688,0.1612542843953553,144.36,-38.147
19424,1953-03-10 00:00:00,0.0451362648986573,-0.0911645326801052,0.1814370624774198,144.36,-38.147
19425,1953-03-11 00:00:00,0.0831142442654227,-0.0540250144654174,0.2202535029962628,144.36,-38.147
19426,1953-03-12 00:00:00,-0.0372604425258571,-0.1742958748749469,0.0997749898232326,144.36,-38.147
19427,1953-03-13 00:00:00,-0.0507161939245983,-0.1870898834065029,0.0856574955573062,144.36,-38.147
19428,1953-03-14 00:00:00,-0.0388136200989358,-0.1751389791782692,0.0975117389803974,144.36,-38.147
19429,1953-03-15 00:00:00,0.007597565314928,-0.1286249128036615,0.1438200434335177,144.36,-38.147
19430,1953-03-16 00:00:00,0.0351603362278012,-0.1010411783315971,0.1713618507871997,144.36,-38.147
19431,1953-03-17 00:00:00,0.0201119967730223,-0.1161013415455027,0.1563253350915474,144.36,-38.147
19432,1953-03-18 00:00:00,0.2147735850054312,0.078388803847516,0.3511583661633464,144.36,-38.147
19433,1953-03-19 00:00:00,0.0718832514729135,-0.0653445382838902,0.2091110412297173,144.36,-38.147
19434,1953-03-20 00:00:00,0.0063650829010473,-0.130307377040868,0.1430375428429626,144.36,-38.147
19435,1953-03-21 00:00:00,0.0826298670472747,-0.0536361864548186,0.2188959205493681,144.36,-38.147
19436,1953-03-22 00:00:00,0.0832527508822512,-0.053061438547607,0.2195669403121094,144.36,-38.147
19437,1953-03-23 00:00:00,0.0259676639911869,-0.1102990104634014,0.1622343384457752,144.36,-38.147
19438,1953-03-24 00:00:00,0.0268449740857283,-0.1095489710088874,0.163238919180344,144.36,-38.147
19439,1953-03-25 00:00:00,0.0249685080301929,-0.1130011671687381,0.162938183229124,144.36,-38.147
19440,1953-03-26 00:00:00,-0.0664808842806759,-0.2033636154793659,0.0704018469180141,144.36,-38.147
19441,1953-03-27 00:00:00,-0.087659477957434,-0.2241933754673622,0.0488744195524941,144.36,-38.147
19442,1953-03-28 00:00:00,0.052660668564023,-0.0836819888704834,0.1890033259985294,144.36,-38.147
19443,1953-03-29 00:00:00,0.1232534967413845,-0.0130701165633661,0.2595771100461352,144.36,-38.147
19444,1953-03-30 00:00:00,0.0884836520237056,-0.0478000284915367,0.224767332538948,144.36,-38.147
19445,1953-03-31 00:00:00,0.1061437108755575,-0.0302358007033835,0.2425232224544987,144.36,-38.147
19446,1953-04-01 00:00:00,0.0116618751300802,-0.1246595402570177,0.1479832905171781,144.36,-38.147
19447,1953-04-02 00:00:00,0.1450983892814293,0.0083934810682227,0.2818032974946358,144.36,-38.147
19448,1953-04-03 00:00:00,0.0499996702445569,-0.0863022313661295,0.1863015718552435,144.36,-38.147
19449,1953-04-04 00:00:00,0.235161279023229,0.0987964035749457,0.3715261544715124,144.36,-38.147
19450,1953-04-05 00:00:00,0.1398337797744937,0.0035121468784859,0.2761554126705015,144.36,-38.147
19451,1953-04-06 00:00:00,0.1000249973851342,-0.0362680999828439,0.2363180947531124,144.36,-38.147
19452,1953-04-07 00:00:00,0.0683600626418551,-0.0680296769331717,0.204749802216882,144.36,-38.147
19453,1953-04-08 00:00:00,0.0458058584318435,-0.0903931939415613,0.1820049108052484,144.36,-38.147
19454,1953-04-09 00:00:00,0.0343274880798396,-0.101872175384532,0.1705271515442113,144.36,-38.147
19455,1953-04-10 00:00:00,-0.0143856488286372,-0.1505592336511086,0.1217879359938342,144.36,-38.147
19456,1953-04-11 00:00:00,-0.0198163715257347,-0.1560112715182075,0.116378528466738,144.36,-38.147
19457,1953-04-12 00:00:00,-0.008746136225561,-0.1449347571982762,0.1274424847471541,144.36,-38.147
19458,1953-04-13 00:00:00,0.0172177262289787,-0.1189615277147385,0.153396980172696,144.36,-38.147
19459,1953-04-14 00:00:00,0.042591191023248,-0.0936347323599921,0.1788171144064882,144.36,-38.147
19460,1953-04-15 00:00:00,0.073044800111929,-0.0632016517626264,0.2092912519864845,144.36,-38.147
19461,1953-04-16 00:00:00,0.0692350103659511,-0.0671743997933669,0.2056444205252692,144.36,-38.147
19462,1953-04-17 00:00:00,0.1752331399501886,0.0388591044566471,0.31160717544373,144.36,-38.147
19463,1953-04-18 00:00:00,0.1498776346418551,0.0135160268032223,0.2862392424804878,144.36,-38.147
19464,1953-04-19 00:00:00,0.165833564680235,0.0293201164992093,0.3023470128612606,144.36,-38.147
19465,1953-04-20 00:00:00,0.1510025978328891,0.0146582448914661,0.2873469507743121,144.36,-38.147
19466,1953-04-21 00:00:00,0.152715797261299,0.0164510347457089,0.2889805597768891,144.36,-38.147
19467,1953-04-22 00:00:00,0.0719669322516702,-0.0642608348758967,0.2081946993792372,144.36,-38.147
19468,1953-04-23 00:00:00,0.1472705745890838,0.0106557936186739,0.2838853555594937,144.36,-38.147
19469,1953-04-24 00:00:00,0.2780564532192927,0.1408737920544393,0.415239114384146,144.36,-38.147
19470,1953-04-25 00:00:00,0.1110245059416948,-0.0254559929873098,0.2475050048706994,144.36,-38.147
19471,1953-04-26 00:00:00,0.0982433222080545,-0.0383887389913738,0.2348753834074828,144.36,-38.147
19472,1953-04-27 00:00:00,0.237702774574884,0.1013179212848581,0.3740876278649098,144.36,-38.147
19473,1953-04-28 00:00:00,0.1321709002081333,-0.0040920439198224,0.268433844336089,144.36,-38.147
19474,1953-04-29 00:00:00,0.0556202660258763,-0.0807619024839066,0.1920024345356592,144.36,-38.147
19475,1953-04-30 00:00:00,0.00776406126147,-0.1284820973217256,0.1440102198446658,144.36,-38.147
19476,1953-05-01 00:00:00,0.0234773064668267,-0.1127616408414146,0.1597162537750682,144.36,-38.147
19477,1953-05-02 00:00:00,0.0364863088243455,-0.0997698304109435,0.1727424480596347,144.36,-38.147
19478,1953-05-03 00:00:00,0.0432570901564789,-0.0929625947297482,0.1794767750427061,144.36,-38.147
19479,1953-05-04 00:00:00,0.0508045851396861,-0.0855416270068706,0.1871507972862428,144.36,-38.147
19480,1953-05-05 00:00:00,0.0406296434941822,-0.0964434042876912,0.1777026912760558,144.36,-38.147
19481,1953-05-06 00:00:00,-0.0178611009058229,-0.1550679317814535,0.1193457299698076,144.36,-38.147
19482,1953-05-07 00:00:00,-0.0244408988677526,-0.1611508476375244,0.1122690499020191,144.36,-38.147
19483,1953-05-08 00:00:00,-0.0456261066240846,-0.1821451848790236,0.0908929716308542,144.36,-38.147
19484,1953-05-09 00:00:00,0.0523990417447459,-0.0838585068021221,0.1886565902916139,144.36,-38.147
19485,1953-05-10 00:00:00,0.0618670504053322,-0.0743662406155685,0.198100341426233,144.36,-38.147
19486,1953-05-11 00:00:00,0.0877418924913401,-0.0484872241921836,0.2239710091748638,144.36,-38.147
19487,1953-05-12 00:00:00,0.2072869934712916,0.0709793510505618,0.3435946358920214,144.36,-38.147
19488,1953-05-13 00:00:00,0.2781420766305801,0.1417051787316584,0.4145789745295019,144.36,-38.147
19489,1953-05-14 00:00:00,0.181179214581172,0.0446266539460539,0.31773177521629,144.36,-38.147
19490,1953-05-15 00:00:00,0.0229483718290023,-0.1133446209570545,0.1592413646150592,144.36,-38.147
19491,1953-05-16 00:00:00,0.0654504921579029,-0.0707777913253398,0.2016787756411456,144.36,-38.147
19492,1953-05-17 00:00:00,0.10667267962529,-0.0296903721970648,0.2430357314476448,144.36,-38.147
19493,1953-05-18 00:00:00,0.0949201344867357,-0.0417801218820701,0.2316203908555415,144.36,-38.147
19494,1953-05-19 00:00:00,0.424972071454196,0.288006656264484,0.561937486643908,144.36,-38.147
19495,1953-05-20 00:00:00,0.1766028447204397,0.039683193865826,0.3135224955750533,144.36,-38.147
19496,1953-05-21 00:00:00,0.0239948984877131,-0.1126943078993814,0.1606841048748076,144.36,-38.147
19497,1953-05-22 00:00:00,-0.0059852489401563,-0.1425001877700873,0.1305296898897745,144.36,-38.147
19498,1953-05-23 00:00:00,0.1861644272975104,0.0495329282836899,0.322795926311331,144.36,-38.147
19499,1953-05-24 00:00:00,0.0406224177037592,-0.0961495134947949,0.1773943489023134,144.36,-38.147
19500,1953-05-25 00:00:00,-0.0523881804110622,-0.189009712886578,0.0842333520644536,144.36,-38.147
19501,1953-05-26 00:00:00,0.0991692416583839,-0.0375565949620874,0.2358950782788554,144.36,-38.147
19502,1953-05-27 00:00:00,0.1066695142223012,-0.0298268257749883,0.2431658542195907,144.36,-38.147
19503,1953-05-28 00:00:00,0.0364577434087458,-0.0998567637580737,0.1727722505755655,144.36,-38.147
19504,1953-05-29 00:00:00,0.0084318344774594,-0.1278934977673296,0.1447571667222484,144.36,-38.147
19505,1953-05-30 00:00:00,0.0730633152743304,-0.0633146798370282,0.2094413103856892,144.36,-38.147
19506,1953-05-31 00:00:00,0.0730821584646231,-0.0633806968274214,0.2095450137566678,144.36,-38.147
19507,1953-06-01 00:00:00,0.1966878463485583,0.0598884418658172,0.3334872508312995,144.36,-38.147
19508,1953-06-02 00:00:00,-0.002278902467988,-0.1386621439006186,0.1341043389646424,144.36,-38.147
19509,1953-06-03 00:00:00,0.0440026213483928,-0.0923155370775289,0.1803207797743147,144.36,-38.147
19510,1953-06-04 00:00:00,0.1803464476385401,0.0438075586228384,0.3168853366542418,144.36,-38.147
19511,1953-06-05 00:00:00,0.0548423301365978,-0.0814319168015851,0.1911165770747808,144.36,-38.147
19512,1953-06-06 00:00:00,0.0228862124187672,-0.113487646985228,0.1592600718227625,144.36,-38.147
19513,1953-06-07 00:00:00,-0.0077958242412261,-0.144257969832582,0.1286663213501297,144.36,-38.147
19514,1953-06-08 00:00:00,-0.0472726913227625,-0.1835300456789099,0.0889846630333848,144.36,-38.147
19515,1953-06-09 00:00:00,0.0153489532571543,-0.1209370285106702,0.151634935024979,144.36,-38.147
19516,1953-06-10 00:00:00,0.0675428371911008,-0.0691465445196864,0.2042322189018881,144.36,-38.147
19517,1953-06-11 00:00:00,0.1944460709458817,0.0576567660733444,0.3312353758184191,144.36,-38.147
19518,1953-06-12 00:00:00,0.3564050854838869,0.2194602010660751,0.4933499699016987,144.36,-38.147
19519,1953-06-13 00:00:00,0.2477827615060602,0.1112050144728078,0.3843605085393127,144.36,-38.147
19520,1953-06-14 00:00:00,0.1563945416795034,0.0199614764670874,0.2928276068919193,144.36,-38.147
19521,1953-06-15 00:00:00,0.0950815510739165,-0.0411553506339095,0.2313184527817426,144.36,-38.147
19522,1953-06-16 00:00:00,0.0546316253071246,-0.08158144156903,0.1908446921832793,144.36,-38.147
19523,1953-06-17 00:00:00,0.0580915455840775,-0.0782201379397833,0.1944032291079385,144.36,-38.147
19524,1953-06-18 00:00:00,0.1353063704129794,-0.0010736551554566,0.2716863959814155,144.36,-38.147
19525,1953-06-19 00:00:00,0.1655588459269105,0.0291168813383568,0.3020008105154641,144.36,-38.147
19526,1953-06-20 00:00:00,0.1693395598445604,0.0327472256802376,0.3059318940088833,144.36,-38.147
19527,1953-06-21 00:00:00,0.304147657404846,0.1670334120378103,0.4412619027718817,144.36,-38.147
19528,1953-06-22 00:00:00,0.2245826924723909,0.0870085160378995,0.3621568689068823,144.36,-38.147
19529,1953-06-23 00:00:00,0.1823248699841587,0.0454773839492922,0.3191723560190252,144.36,-38.147
19530,1953-06-24 00:00:00,-0.0097764397215641,-0.1462885619138087,0.1267356824706804,144.36,-38.147
19531,1953-06-25 00:00:00,0.0432022067155044,-0.0930975385569978,0.1795019519880067,144.36,-38.147
19532,1953-06-26 00:00:00,0.045302368517764,-0.0909942827369148,0.181599019772443,144.36,-38.147
19533,1953-06-27 00:00:00,0.0334861951097567,-0.102777570840026,0.1697499610595396,144.36,-38.147
19534,1953-06-28 00:00:00,0.1194660470682143,-0.0169210474301002,0.255853141566529,144.36,-38.147
19535,1953-06-29 00:00:00,-0.0327405819992735,-0.1690873272338223,0.1036061632352751,144.36,-38.147
19536,1953-06-30 00:00:00,0.0993457988892017,-0.0371177547591509,0.2358093525375544,144.36,-38.147
19537,1953-07-01 00:00:00,0.2382531240743244,0.1012249462758267,0.375281301872822,144.36,-38.147
19538,1953-07-02 00:00:00,0.0238855986771883,-0.1124890377652696,0.1602602351196464,144.36,-38.147
19539,1953-07-03 00:00:00,-0.0525142662064784,-0.1887439849734955,0.0837154525605385,144.36,-38.147
19540,1953-07-04 00:00:00,-0.0356304144409255,-0.1718776757030443,0.1006168468211932,144.36,-38.147
19541,1953-07-05 00:00:00,0.0662544128903647,-0.0700168914022011,0.2025257171829305,144.36,-38.147
19542,1953-07-06 00:00:00,0.0945107396059439,-0.0417911125680702,0.230812591779958,144.36,-38.147
19543,1953-07-07 00:00:00,0.1023224584394219,-0.0344668954275599,0.2391118123064038,144.36,-38.147
19544,1953-07-08 00:00:00,0.1295381898825544,-0.0069931684654322,0.2660695482305411,144.36,-38.147
19545,1953-07-09 00:00:00,0.0425049660301993,-0.0938219771630368,0.1788319092234355,144.36,-38.147
19546,1953-07-10 00:00:00,0.0182561361537758,-0.118070948674795,0.1545832209823468,144.36,-38.147
19547,1953-07-11 00:00:00,-0.0403110406726636,-0.1766000254330726,0.0959779440877454,144.36,-38.147
19548,1953-07-12 00:00:00,-0.0383122649412432,-0.1745256791392589,0.0979011492567723,144.36,-38.147
19549,1953-07-13 00:00:00,-0.0236505239934174,-0.1599076527064548,0.1126066047196198,144.36,-38.147
19550,1953-07-14 00:00:00,0.0147018957001347,-0.1216414933764096,0.151045284776679,144.36,-38.147
19551,1953-07-15 00:00:00,0.2859848699957797,0.149141207705982,0.4228285322855775,144.36,-38.147
19552,1953-07-16 00:00:00,0.3269764850366358,0.1899666268172812,0.4639863432559903,144.36,-38.147
19553,1953-07-17 00:00:00,0.1977407583692101,0.0610861635924711,0.3343953531459491,144.36,-38.147
19554,1953-07-18 00:00:00,0.1102801904041901,-0.0278541501811149,0.2484145309894952,144.36,-38.147
19555,1953-07-19 00:00:00,-0.0052814952661226,-0.1421583483304207,0.1315953577981754,144.36,-38.147
19556,1953-07-20 00:00:00,0.3666570166062231,0.2285706048840755,0.5047434283283707,144.36,-38.147
19557,1953-07-21 00:00:00,0.2625555035250621,0.1241326529040832,0.4009783541460409,144.36,-38.147
19558,1953-07-22 00:00:00,0.2535766342804677,0.1161048323031265,0.3910484362578089,144.36,-38.147
19559,1953-07-23 00:00:00,0.2545167445440893,0.1162534390090311,0.3927800500791475,144.36,-38.147
19560,1953-07-24 00:00:00,0.121114684419757,-0.0152750754457947,0.2575044442853088,144.36,-38.147
19561,1953-07-25 00:00:00,0.0239422783264943,-0.1122869076350507,0.1601714642880394,144.36,-38.147
19562,1953-07-26 00:00:00,-0.0013694694783887,-0.1375925322787182,0.1348535933219407,144.36,-38.147
19563,1953-07-27 00:00:00,0.1144350653454912,-0.0219759277158615,0.2508460584068441,144.36,-38.147
19564,1953-07-28 00:00:00,0.0289987230719593,-0.1074568959398514,0.1654543420837701,144.36,-38.147
19565,1953-07-29 00:00:00,-0.0086243062423113,-0.1449538628580233,0.1277052503734006,144.36,-38.147
19566,1953-07-30 00:00:00,0.074560782180807,-0.0620204342743549,0.2111419986359691,144.36,-38.147
19567,1953-07-31 00:00:00,0.1528092655102794,0.0161833960736453,0.2894351349469134,144.36,-38.147
19568,1953-08-01 00:00:00,0.2002993857875101,0.0636209827041205,0.3369777888708996,144.36,-38.147
19569,1953-08-02 00:00:00,0.0193701714988151,-0.1171597566794394,0.1559000996770697,144.36,-38.147
19570,1953-08-03 00:00:00,0.0311047825588593,-0.1055528030767312,0.1677623681944499,144.36,-38.147
19571,1953-08-04 00:00:00,0.0916059442963445,-0.0449689973118069,0.2281808859044961,144.36,-38.147
19572,1953-08-05 00:00:00,0.1037927050292433,-0.0336464211017386,0.2412318311602253,144.36,-38.147
19573,1953-08-06 00:00:00,0.2582475183993361,0.1187475017038328,0.3977475350948394,144.36,-38.147
19574,1953-08-07 00:00:00,0.1525005835594975,0.0155372879595858,0.2894638791594092,144.36,-38.147
19575,1953-08-08 00:00:00,0.1095401735826498,-0.0269911385774803,0.2460714857427801,144.36,-38.147
19576,1953-08-09 00:00:00,0.1036655554254468,-0.0325689502510086,0.2399000611019023,144.36,-38.147
19577,1953-08-10 00:00:00,0.0429002996184099,-0.093440667622832,0.1792412668596519,144.36,-38.147
19578,1953-08-11 00:00:00,0.1286799360099476,-0.0078025046549658,0.2651623766748612,144.36,-38.147
19579,1953-08-12 00:00:00,0.0880662605635938,-0.048301488722731,0.2244340098499186,144.36,-38.147
19580,1953-08-13 00:00:00,0.0545840706001171,-0.0816354713371515,0.1908036125373858,144.36,-38.147
19581,1953-08-14 00:00:00,0.1078560532967116,-0.0283930391076016,0.2441051457010249,144.36,-38.147
19582,1953-08-15 00:00:00,0.2545212913728949,0.1177344750859716,0.3913081076598181,144.36,-38.147
19583,1953-08-16 00:00:00,0.3269016261363532,0.1897777664406143,0.4640254858320921,144.36,-38.147
19584,1953-08-17 00:00:00,0.1468089625325754,0.0103073695223834,0.2833105555427674,144.36,-38.147
19585,1953-08-18 00:00:00,0.1006821963095533,-0.0356616336464824,0.2370260262655891,144.36,-38.147
19586,1953-08-19 00:00:00,0.0941316493350189,-0.042119258594697,0.2303825572647349,144.36,-38.147
19587,1953-08-20 00:00:00,0.0379304731963659,-0.0982951012441075,0.1741560476368395,144.36,-38.147
19588,1953-08-21 00:00:00,0.0577028048623543,-0.0785424799569497,0.1939480896816583,144.36,-38.147
19589,1953-08-22 00:00:00,0.1293604962671369,-0.0070104667064204,0.2657314592406943,144.36,-38.147
19590,1953-08-23 00:00:00,0.0126806951587311,-0.1236711294235476,0.14903251974101,144.36,-38.147
19591,1953-08-24 00:00:00,0.0466980839767643,-0.0895618563477977,0.1829580243013265,144.36,-38.147
19592,1953-08-25 00:00:00,-0.0087988745829909,-0.1450499632269568,0.1274522140609748,144.36,-38.147
19593,1953-08-26 00:00:00,-0.0515858225213902,-0.1878650827995755,0.0846934377567951,144.36,-38.147
19594,1953-08-27 00:00:00,-0.0172993471843865,-0.1537437424842511,0.119145048115478,144.36,-38.147
19595,1953-08-28 00:00:00,0.016547793521922,-0.1197445038275401,0.1528400908713841,144.36,-38.147
19596,1953-08-29 00:00:00,0.0731082482959104,-0.0632049670755214,0.2094214636673423,144.36,-38.147
19597,1953-08-30 00:00:00,0.0935893454679679,-0.0427054593430162,0.229884150278952,144.36,-38.147
19598,1953-08-31 00:00:00,0.1279989809477539,-0.0083752574881202,0.264373219383628,144.36,-38.147
19599,1953-09-01 00:00:00,0.2933250891479795,0.1561581274960984,0.4304920507998606,144.36,-38.147
19600,1953-09-02 00:00:00,0.3396117734339163,0.2021486309263637,0.4770749159414689,144.36,-38.147
19601,1953-09-03 00:00:00,0.3050287445874323,0.1683630603182946,0.44169442885657,144.36,-38.147
19602,1953-09-04 00:00:00,0.1477791692778399,0.0113198484674942,0.2842384900881856,144.36,-38.147
19603,1953-09-05 00:00:00,0.1143979823545372,-0.0221222665431327,0.2509182312522073,144.36,-38.147
19604,1953-09-06 00:00:00,0.0399149544502087,-0.0965937135918293,0.1764236224922468,144.36,-38.147
19605,1953-09-07 00:00:00,0.2409625898030901,0.1043087596859581,0.3776164199202221,144.36,-38.147
19606,1953-09-08 00:00:00,0.1123653569639955,-0.0240710354151395,0.2488017493431307,144.36,-38.147
19607,1953-09-09 00:00:00,0.1549241881246955,0.0185699179635852,0.2912784582858058,144.36,-38.147
19608,1953-09-10 00:00:00,0.0886035276957481,-0.0477530902147602,0.2249601456062565,144.36,-38.147
19609,1953-09-11 00:00:00,0.09532801410536,-0.0412341955732832,0.2318902237840032,144.36,-38.147
19610,1953-09-12 00:00:00,-0.0259473587108725,-0.1624007807674556,0.1105060633457104,144.36,-38.147
19611,1953-09-13 00:00:00,0.0021389323387097,-0.134137062038413,0.1384149267158324,144.36,-38.147
19612,1953-09-14 00:00:00,-0.025818903497306,-0.1620348023186623,0.1103969953240502,144.36,-38.147
19613,1953-09-15 00:00:00,-0.0024496284687082,-0.1386437499522871,0.1337444930148705,144.36,-38.147
19614,1953-09-16 00:00:00,-0.017916661803215,-0.154112990237402,0.1182796666309719,144.36,-38.147
19615,1953-09-17 00:00:00,-0.0051974832320534,-0.1413803183018518,0.1309853518377449,144.36,-38.147
19616,1953-09-18 00:00:00,0.0092816373106776,-0.1269617550096496,0.145525029631005,144.36,-38.147
19617,1953-09-19 00:00:00,0.2446973181466517,0.107926923356003,0.3814677129373003,144.36,-38.147
19618,1953-09-20 00:00:00,0.2585761204912372,0.1208876193710805,0.3962646216113938,144.36,-38.147
19619,1953-09-21 00:00:00,0.0897087271893578,-0.0472586105415442,0.22667606492026,144.36,-38.147
19620,1953-09-22 00:00:00,-0.0044526258647506,-0.1408603763742633,0.131955124644762,144.36,-38.147
19621,1953-09-23 00:00:00,0.0020447715593894,-0.1341716868764591,0.1382612299952379,144.36,-38.147
19622,1953-09-24 00:00:00,-0.0175587149300391,-0.1538268496029912,0.1187094197429128,144.36,-38.147
19623,1953-09-25 00:00:00,-0.0407548205976226,-0.1773261890757968,0.0958165478805515,144.36,-38.147
19624,1953-09-26 00:00:00,-0.0929085897214219,-0.2294085427034564,0.0435913632606125,144.36,-38.147
19625,1953-09-27 00:00:00,-0.0399241990624118,-0.1764016811312973,0.0965532830064735,144.36,-38.147
19626,1953-09-28 00:00:00,-0.0181776510111099,-0.1544258116926528,0.1180705096704329,144.36,-38.147
19627,1953-09-29 00:00:00,-0.0001329636233836,-0.1364708839586788,0.1362049567119115,144.36,-38.147
19628,1953-09-30 00:00:00,0.1851546499690123,0.0486985539868768,0.3216107459511479,144.36,-38.147
19629,1953-10-01 00:00:00,0.1077157730139726,-0.0287274833716295,0.2441590293995748,144.36,-38.147
19630,1953-10-02 00:00:00,0.1700001438689939,0.0337436869737637,0.3062566007642242,144.36,-38.147
19631,1953-10-03 00:00:00,0.0611481199265115,-0.0751501753120149,0.197446415165038,144.36,-38.147
19632,1953-10-04 00:00:00,0.2349717857910815,0.0978453796184268,0.3720981919637361,144.36,-38.147
19633,1953-10-05 00:00:00,0.1955608563123231,0.0587836765414583,0.332338036083188,144.36,-38.147
19634,1953-10-06 00:00:00,0.1174515925674514,-0.0188800101695885,0.2537831953044913,144.36,-38.147
19635,1953-10-07 00:00:00,0.0611084623962912,-0.0753350459012477,0.1975519706938301,144.36,-38.147
19636,1953-10-08 00:00:00,-0.0002889760113807,-0.136662778020063,0.1360848259973015,144.36,-38.147
19637,1953-10-09 00:00:00,0.0193899940540322,-0.1169136654187301,0.1556936535267947,144.36,-38.147
19638,1953-10-10 00:00:00,0.2475939425649614,0.1108923652282495,0.3842955199016732,144.36,-38.147
19639,1953-10-11 00:00:00,0.0139188720977722,-0.1224457631447601,0.1502835073403046,144.36,-38.147
19640,1953-10-12 00:00:00,0.0230540167659739,-0.1134311013354937,0.1595391348674416,144.36,-38.147
19641,1953-10-13 00:00:00,-6.482233765600642e-05,-0.1364521104724247,0.1363224657971127,144.36,-38.147
19642,1953-10-14 00:00:00,-0.0123533426705806,-0.1485488726833933,0.123842187342232,144.36,-38.147
19643,1953-10-15 00:00:00,0.0509930462106158,-0.0853182168963687,0.1873043093176004,144.36,-38.147
19644,1953-10-16 00:00:00,0.1050020001403254,-0.0313357413286221,0.241339741609273,144.36,-38.147
19645,1953-10-17 00:00:00,0.1394224793894208,0.0030737279127537,0.2757712308660879,144.36,-38.147
19646,1953-10-18 00:00:00,0.1284045312964882,-0.0079716793806032,0.2647807419735797,144.36,-38.147
19647,1953-10-19 00:00:00,-0.0212769276812152,-0.1575822050025654,0.1150283496401349,144.36,-38.147
19648,1953-10-20 00:00:00,0.1004079800696239,-0.0363127123428742,0.237128672482122,144.36,-38.147
19649,1953-10-21 00:00:00,0.3287724537008893,0.1918171185632779,0.4657277888385007,144.36,-38.147
19650,1953-10-22 00:00:00,0.1238443790747063,-0.0126715113298933,0.260360269479306,144.36,-38.147
19651,1953-10-23 00:00:00,0.0329792183729882,-0.1032351310615193,0.1691935678074959,144.36,-38.147
19652,1953-10-24 00:00:00,-0.0019860261061534,-0.1382777162278904,0.1343056640155835,144.36,-38.147
19653,1953-10-25 00:00:00,-0.0197444323316913,-0.1559907147783928,0.1165018501150101,144.36,-38.147
19654,1953-10-26 00:00:00,-0.0310641244425762,-0.167356598044868,0.1052283491597155,144.36,-38.147
19655,1953-10-27 00:00:00,-0.0179509262210028,-0.1541607795470971,0.1182589271050914,144.36,-38.147
19656,1953-10-28 00:00:00,-0.0037158559836158,-0.1400032539220231,0.1325715419547915,144.36,-38.147
19657,1953-10-29 00:00:00,0.1467011378711987,0.0102649321967582,0.2831373435456391,144.36,-38.147
19658,1953-10-30 00:00:00,0.1385672013449008,0.0022759701928044,0.2748584324969971,144.36,-38.147
19659,1953-10-31 00:00:00,0.091788727684847,-0.0444507130862381,0.2280281684559321,144.36,-38.147
19660,1953-11-01 00:00:00,0.1528739262909484,0.016628216811675,0.2891196357702218,144.36,-38.147
19661,1953-11-02 00:00:00,0.1832646443979959,0.0468223660999917,0.3197069226960002,144.36,-38.147
19662,1953-11-03 00:00:00,0.1489423163432458,0.0122007362941682,0.2856838963923235,144.36,-38.147
19663,1953-11-04 00:00:00,-0.0011989404940597,-0.137775738154378,0.1353778571662586,144.36,-38.147
19664,1953-11-05 00:00:00,0.0667587774293967,-0.069910482083314,0.2034280369421074,144.36,-38.147
19665,1953-11-06 00:00:00,0.3001118527630709,0.1630880328105783,0.4371356727155635,144.36,-38.147
19666,1953-11-07 00:00:00,0.3673274122414628,0.2297018168003443,0.5049530076825814,144.36,-38.147
19667,1953-11-08 00:00:00,0.2056907448291309,0.067986205210598,0.3433952844476637,144.36,-38.147
19668,1953-11-09 00:00:00,0.0850826992615489,-0.0521685642290212,0.222333962752119,144.36,-38.147
19669,1953-11-10 00:00:00,0.0541103673901093,-0.0823426098495997,0.1905633446298184,144.36,-38.147
19670,1953-11-11 00:00:00,-0.002791822507867,-0.1390430153457462,0.1334593703300122,144.36,-38.147
19671,1953-11-12 00:00:00,-0.0102428264285893,-0.1465399000237015,0.1260542471665228,144.36,-38.147
19672,1953-11-13 00:00:00,0.1244758302695245,-0.0119323489260086,0.2608840094650577,144.36,-38.147
19673,1953-11-14 00:00:00,0.0482379176684008,-0.0883642493330343,0.1848400846698361,144.36,-38.147
19674,1953-11-15 00:00:00,0.1862633337025847,0.0496408495071658,0.3228858178980036,144.36,-38.147
19675,1953-11-16 00:00:00,0.0524354983365348,-0.0839969139676592,0.1888679106407289,144.36,-38.147
19676,1953-11-17 00:00:00,0.1159668672417584,-0.0205581030358955,0.2524918375194124,144.36,-38.147
19677,1953-11-18 00:00:00,0.2246157760414838,0.0880089196482363,0.3612226324347314,144.36,-38.147
19678,1953-11-19 00:00:00,0.0825095021101295,-0.0538136577277242,0.2188326619479833,144.36,-38.147
19679,1953-11-20 00:00:00,0.0116158986058039,-0.1246366640252285,0.1478684612368365,144.36,-38.147
19680,1953-11-21 00:00:00,-0.0102637915793076,-0.14661732126436,0.1260897381057446,144.36,-38.147
19681,1953-11-22 00:00:00,0.184951714529602,0.0482921395088192,0.3216112895503848,144.36,-38.147
19682,1953-11-23 00:00:00,0.1192794384164878,-0.0170813307042697,0.2556402075372455,144.36,-38.147
19683,1953-11-24 00:00:00,0.0325176488115882,-0.1039336529865839,0.1689689506097605,144.36,-38.147
19684,1953-11-25 00:00:00,-0.025679516769978,-0.1622182829287264,0.1108592493887704,144.36,-38.147
19685,1953-11-26 00:00:00,0.0435635298060666,-0.0929366742164347,0.1800637338285678,144.36,-38.147
19686,1953-11-27 00:00:00,0.5642545753950186,0.4247757764857084,0.7037333743043287,144.36,-38.147
19687,1953-11-28 00:00:00,0.3140100717479208,0.1767675835295476,0.451252559966294,144.36,-38.147
19688,1953-11-29 00:00:00,0.1704746641617103,0.0338101934935549,0.3071391348298657,144.36,-38.147
19689,1953-11-30 00:00:00,0.0912002869823957,-0.0451733892243448,0.2275739631891363,144.36,-38.147
19690,1953-12-01 00:00:00,0.1043133585735385,-0.0321242046808309,0.240750921827908,144.36,-38.147
19691,1953-12-02 00:00:00,0.1869726783271361,0.048812991742112,0.3251323649121602,144.36,-38.147
19692,1953-12-03 00:00:00,-0.0369081054859712,-0.1735137207825802,0.0996975098106377,144.36,-38.147
19693,1953-12-04 00:00:00,0.1257847017994295,-0.0108107844479132,0.2623801880467723,144.36,-38.147
19694,1953-12-05 00:00:00,0.0948800929324733,-0.0418566892827434,0.2316168751476901,144.36,-38.147
19695,1953-12-06 00:00:00,0.0159308414100097,-0.1204422582364766,0.1523039410564961,144.36,-38.147
19696,1953-12-07 00:00:00,0.1482899664430234,0.0118351889818693,0.2847447439041775,144.36,-38.147
19697,1953-12-08 00:00:00,0.1683137780063553,0.0316562495723002,0.3049713064404106,144.36,-38.147
19698,1953-12-09 00:00:00,0.3673119841021659,0.2302529469143431,0.5043710212899887,144.36,-38.147
19699,1953-12-10 00:00:00,0.2372966336193752,0.1005384665157076,0.3740548007230428,144.36,-38.147
19700,1953-12-11 00:00:00,0.086311494152928,-0.0500644618130456,0.2226874501189018,144.36,-38.147
19701,1953-12-12 00:00:00,0.0426978956814273,-0.0935133326029046,0.1789091239657593,144.36,-38.147
19702,1953-12-13 00:00:00,0.1852769448965052,0.0489719109569119,0.3215819788360986,144.36,-38.147
19703,1953-12-14 00:00:00,0.1608041535176486,0.0241282824687849,0.2974800245665123,144.36,-38.147
19704,1953-12-15 00:00:00,0.0141750064305451,-0.1221604172122164,0.1505104300733066,144.36,-38.147
19705,1953-12-16 00:00:00,0.1432240426967304,0.0068450753489267,0.2796030100445341,144.36,-38.147
19706,1953-12-17 00:00:00,0.0859507282988811,-0.0505545798398619,0.2224560364376242,144.36,-38.147
19707,1953-12-18 00:00:00,0.0358904073325995,-0.1005178560192879,0.172298670684487,144.36,-38.147
19708,1953-12-19 00:00:00,0.0445478342933142,-0.0916831783051149,0.1807788468917435,144.36,-38.147
19709,1953-12-20 00:00:00,0.1013027859166842,-0.0352548028609681,0.2378603746943365,144.36,-38.147
19710,1953-12-21 00:00:00,0.1338077202911848,-0.0027635904651741,0.2703790310475437,144.36,-38.147
19711,1953-12-22 00:00:00,0.1789628462344488,0.042627310890549,0.3152983815783488,144.36,-38.147
19712,1953-12-23 00:00:00,0.1397466921133212,0.0034028185068939,0.2760905657197486,144.36,-38.147
19713,1953-12-24 00:00:00,0.1699040647826511,0.0336845809934893,0.3061235485718129,144.36,-38.147
19714,1953-12-25 00:00:00,0.1826651655852368,0.0463785329900412,0.3189517981804323,144.36,-38.147
19715,1953-12-26 00:00:00,0.0760828532126859,-0.0602341707027722,0.212399877128144,144.36,-38.147
19716,1953-12-27 00:00:00,0.2691576373544228,0.1325816657608981,0.4057336089479475,144.36,-38.147
19717,1953-12-28 00:00:00,0.1419337518467525,0.0052605623477577,0.2786069413457473,144.36,-38.147
19718,1953-12-29 00:00:00,0.0146103467329786,-0.1217025713035495,0.1509232647695069,144.36,-38.147
19719,1953-12-30 00:00:00,0.0897076058426797,-0.0465721526147861,0.2259873643001455,144.36,-38.147
19720,1953-12-31 00:00:00,0.0611874509542751,-0.0751598056419497,0.1975347075505,144.36,-38.147
19721,1954-01-01 00:00:00,0.0710122464811576,-0.0653182561375625,0.2073427490998778,144.36,-38.147
19722,1954-01-02 00:00:00,0.1177225656098441,-0.0188461381599326,0.2542912693796209,144.36,-38.147
19723,1954-01-03 00:00:00,0.0487824232481901,-0.0878931484680124,0.1854579949643926,144.36,-38.147
19724,1954-01-04 00:00:00,0.0071631391219564,-0.1293626430667039,0.1436889213106169,144.36,-38.147
19725,1954-01-05 00:00:00,0.064122721581216,-0.0721767511389019,0.2004221943013341,144.36,-38.147
19726,1954-01-06 00:00:00,-0.0014221790909944,-0.1379195412004747,0.1350751830184857,144.36,-38.147
19727,1954-01-07 00:00:00,-0.0421447634224158,-0.1784864404617886,0.0941969136169568,144.36,-38.147
19728,1954-01-08 00:00:00,0.0161983005474587,-0.1200492079244439,0.1524458090193615,144.36,-38.147
19729,1954-01-09 00:00:00,0.0756042129907073,-0.0607005926875386,0.2119090186689533,144.36,-38.147
19730,1954-01-10 00:00:00,0.0983704793670332,-0.0383237764663928,0.2350647352004594,144.36,-38.147
19731,1954-01-11 00:00:00,-0.0202431927002039,-0.1568839799913178,0.1163975945909098,144.36,-38.147
19732,1954-01-12 00:00:00,-0.0412205822391978,-0.1775879854296022,0.0951468209512065,144.36,-38.147
19733,1954-01-13 00:00:00,-0.0091396739381457,-0.1453750411371057,0.1270956932608141,144.36,-38.147
19734,1954-01-14 00:00:00,0.0324660143123727,-0.1038166497933503,0.1687486784180957,144.36,-38.147
19735,1954-01-15 00:00:00,0.0171916690567219,-0.1190943714583592,0.1534777095718031,144.36,-38.147
19736,1954-01-16 00:00:00,-0.0001781999668415,-0.1368786714990435,0.1365222715653604,144.36,-38.147
19737,1954-01-17 00:00:00,0.1174794933260442,-0.0198833114410688,0.2548422980931574,144.36,-38.147
19738,1954-01-18 00:00:00,0.0023792901600109,-0.1341881104708417,0.1389466907908637,144.36,-38.147
19739,1954-01-19 00:00:00,0.0042619950824663,-0.1320923019161592,0.1406162920810919,144.36,-38.147
19740,1954-01-20 00:00:00,0.0875452206644919,-0.0488721110232573,0.2239625523522412,144.36,-38.147
19741,1954-01-21 00:00:00,0.0617188075371291,-0.0746260661135388,0.198063681187797,144.36,-38.147
19742,1954-01-22 00:00:00,0.0337586107451236,-0.1024966786285459,0.1700139001187932,144.36,-38.147
19743,1954-01-23 00:00:00,0.0006886501000118,-0.1355950828334785,0.1369723830335022,144.36,-38.147
19744,1954-01-24 00:00:00,-0.0078579169189221,-0.1441022274826077,0.1283863936447635,144.36,-38.147
19745,1954-01-25 00:00:00,0.0228993762291682,-0.1133242253047405,0.1591229777630771,144.36,-38.147
19746,1954-01-26 00:00:00,0.0570291241969793,-0.0793239112417553,0.1933821596357141,144.36,-38.147
19747,1954-01-27 00:00:00,0.1126281695099406,-0.0239659020559571,0.2492222410758384,144.36,-38.147
19748,1954-01-28 00:00:00,0.1686438642045844,0.0313218218008183,0.3059659066083505,144.36,-38.147
19749,1954-01-29 00:00:00,0.0068436472329703,-0.1302674210573785,0.1439547155233192,144.36,-38.147
19750,1954-01-30 00:00:00,-0.0636644590758989,-0.2010306421285413,0.0737017239767434,144.36,-38.147
19751,1954-01-31 00:00:00,0.0705117846351359,-0.0665474950366574,0.2075710643069294,144.36,-38.147
19752,1954-02-01 00:00:00,0.197265635868702,0.0608333949856271,0.333697876751777,144.36,-38.147
19753,1954-02-02 00:00:00,0.2759546749986389,0.1394414224986025,0.4124679274986753,144.36,-38.147
19754,1954-02-03 00:00:00,0.1017290464956234,-0.0348275791585406,0.2382856721497875,144.36,-38.147
19755,1954-02-04 00:00:00,0.0360229088693433,-0.1001987075065564,0.1722445252452431,144.36,-38.147
19756,1954-02-05 00:00:00,0.1128152386862511,-0.02348551944362,0.2491159968161223,144.36,-38.147
19757,1954-02-06 00:00:00,0.041272074850238,-0.0953560262293188,0.1779001759297949,144.36,-38.147
19758,1954-02-07 00:00:00,0.0107234306414809,-0.125528475194895,0.146975336477857,144.36,-38.147
19759,1954-02-08 00:00:00,0.0140571022327792,-0.1222950025942382,0.1504092070597967,144.36,-38.147
19760,1954-02-09 00:00:00,0.1428164980261596,0.0064071349034918,0.2792258611488274,144.36,-38.147
19761,1954-02-10 00:00:00,0.1048020676668854,-0.0316797297320984,0.2412838650658694,144.36,-38.147
19762,1954-02-11 00:00:00,0.0203715969332573,-0.1161465718477642,0.156889765714279,144.36,-38.147
19763,1954-02-12 00:00:00,-0.0153644815790428,-0.1518002208511694,0.1210712576930837,144.36,-38.147
19764,1954-02-13 00:00:00,0.1270378972386357,-0.0095962623720931,0.2636720568493647,144.36,-38.147
19765,1954-02-14 00:00:00,0.0424152318703179,-0.094068947258742,0.1788994109993779,144.36,-38.147
19766,1954-02-15 00:00:00,0.0336722536257911,-0.1027677460540052,0.1701122533055876,144.36,-38.147
19767,1954-02-16 00:00:00,0.0004341197483107,-0.1359765553672562,0.1368447948638776,144.36,-38.147
19768,1954-02-17 00:00:00,0.0404111329954068,-0.095957431930941,0.1767796979217548,144.36,-38.147
19769,1954-02-18 00:00:00,0.2675537594901729,0.1310663937120184,0.4040411252683274,144.36,-38.147
19770,1954-02-19 00:00:00,0.1071092350367074,-0.0294374270334701,0.2436558971068849,144.36,-38.147
19771,1954-02-20 00:00:00,0.0099434920707407,-0.1263339099925756,0.1462208941340572,144.36,-38.147
19772,1954-02-21 00:00:00,-0.0148225344413658,-0.1511716997613792,0.1215266308786476,144.36,-38.147
19773,1954-02-22 00:00:00,0.0588794105403182,-0.0775969227380139,0.1953557438186504,144.36,-38.147
19774,1954-02-23 00:00:00,0.1335068194031552,-0.0032203924516427,0.2702340312579533,144.36,-38.147
19775,1954-02-24 00:00:00,0.1202410232464947,-0.0161428221714901,0.2566248686644797,144.36,-38.147
19776,1954-02-25 00:00:00,0.0481106077490096,-0.0881565776483886,0.184377793146408,144.36,-38.147
19777,1954-02-26 00:00:00,0.0792489007605477,-0.0570459376586927,0.2155437391797881,144.36,-38.147
19778,1954-02-27 00:00:00,0.0806780951210536,-0.0555367166970106,0.2168929069391179,144.36,-38.147
19779,1954-02-28 00:00:00,0.0969667691904931,-0.0392626717499069,0.2331962101308932,144.36,-38.147
19780,1954-03-01 00:00:00,0.0528774894374279,-0.0833339692485684,0.1890889481234243,144.36,-38.147
19781,1954-03-02 00:00:00,0.0143793875855743,-0.1218064097551971,0.1505651849263458,144.36,-38.147
19782,1954-03-03 00:00:00,-0.0098356907404133,-0.1460785042106623,0.1264071227298356,144.36,-38.147
19783,1954-03-04 00:00:00,0.074316216182716,-0.0621382714582846,0.2107707038237167,144.36,-38.147
19784,1954-03-05 00:00:00,0.1609398732518895,0.0241207433799158,0.2977590031238633,144.36,-38.147
19785,1954-03-06 00:00:00,0.1053695430034551,-0.0311427891260939,0.2418818751330042,144.36,-38.147
19786,1954-03-07 00:00:00,0.186038825771831,0.0495371454810629,0.3225405060625992,144.36,-38.147
19787,1954-03-08 00:00:00,0.0566268961344076,-0.0796870139826127,0.192940806251428,144.36,-38.147
19788,1954-03-09 00:00:00,0.153400990199104,0.0171571337700419,0.2896448466281662,144.36,-38.147
19789,1954-03-10 00:00:00,0.0732522336054404,-0.062971114362457,0.209475581573338,144.36,-38.147
19790,1954-03-11 00:00:00,0.0455374113023563,-0.0906652390992606,0.1817400617039733,144.36,-38.147
19791,1954-03-12 00:00:00,0.1613734584204121,0.0250747148755525,0.2976722019652716,144.36,-38.147
19792,1954-03-13 00:00:00,0.0566169581309874,-0.0796737969226281,0.1929077131846029,144.36,-38.147
19793,1954-03-14 00:00:00,0.0340178974959105,-0.1021987555784997,0.1702345505703208,144.36,-38.147
19794,1954-03-15 00:00:00,0.1112323794281519,-0.0251185698351024,0.2475833286914064,144.36,-38.147
19795,1954-03-16 00:00:00,0.1922303957290696,0.0558189566221424,0.3286418348359967,144.36,-38.147
19796,1954-03-17 00:00:00,0.1025363985549364,-0.0337654644092336,0.2388382615191066,144.36,-38.147
19797,1954-03-18 00:00:00,0.1687825784734067,0.0323846917984361,0.3051804651483774,144.36,-38.147
19798,1954-03-19 00:00:00,0.3783545766862436,0.2417689991459076,0.5149401542265797,144.36,-38.147
19799,1954-03-20 00:00:00,0.2324780239535596,0.0957682613795888,0.3691877865275303,144.36,-38.147
19800,1954-03-21 00:00:00,0.0033038730181837,-0.1331206764908636,0.139728422527231,144.36,-38.147
19801,1954-03-22 00:00:00,0.4040775613617254,0.2670271571887816,0.5411279655346692,144.36,-38.147
19802,1954-03-23 00:00:00,0.2109510485794082,0.0741656128178173,0.3477364843409991,144.36,-38.147
19803,1954-03-24 00:00:00,0.1191998630971644,-0.0173030727177979,0.2557027989121269,144.36,-38.147
19804,1954-03-25 00:00:00,0.1787554814271259,0.0423295739630743,0.3151813888911775,144.36,-38.147
19805,1954-03-26 00:00:00,0.1239527957084838,-0.0122926385501597,0.2601982299671274,144.36,-38.147
19806,1954-03-27 00:00:00,0.0772917278396446,-0.0589453550288512,0.2135288107081404,144.36,-38.147
19807,1954-03-28 00:00:00,0.1575233182838828,0.020835649826517,0.2942109867412487,144.36,-38.147
19808,1954-03-29 00:00:00,-0.0480359944890939,-0.1845151238611206,0.0884431348829326,144.36,-38.147
19809,1954-03-30 00:00:00,-0.0300311130238873,-0.1662294980252845,0.1061672719775098,144.36,-38.147
19810,1954-03-31 00:00:00,-0.0037351178255825,-0.1399504096472961,0.132480173996131,144.36,-38.147
19811,1954-04-01 00:00:00,0.0331507674297732,-0.1032723108516241,0.1695738457111705,144.36,-38.147
19812,1954-04-02 00:00:00,0.0920122284567026,-0.0447412637652872,0.2287657206786925,144.36,-38.147
19813,1954-04-03 00:00:00,0.0757878432612444,-0.0605643793353853,0.2121400658578743,144.36,-38.147
19814,1954-04-04 00:00:00,0.0131040170795166,-0.1231568273223066,0.1493648614813399,144.36,-38.147
19815,1954-04-05 00:00:00,-0.0262734395703036,-0.1625326947305927,0.1099858155899854,144.36,-38.147
19816,1954-04-06 00:00:00,0.0063984721405677,-0.1298941432721412,0.1426910875532767,144.36,-38.147
19817,1954-04-07 00:00:00,0.0883430960622105,-0.0478642141683184,0.2245504062927394,144.36,-38.147
19818,1954-04-08 00:00:00,0.0920916220803977,-0.0441132922071896,0.228296536367985,144.36,-38.147
19819,1954-04-09 00:00:00,0.0797371070871671,-0.0565274097773968,0.2160016239517312,144.36,-38.147
19820,1954-04-10 00:00:00,0.0631017680162942,-0.0731000815468087,0.1993036175793972,144.36,-38.147
19821,1954-04-11 00:00:00,0.0238854877090688,-0.112311363273534,0.1600823386916717,144.36,-38.147
19822,1954-04-12 00:00:00,0.0246671135886247,-0.1115770663842613,0.1609112935615107,144.36,-38.147
19823,1954-04-13 00:00:00,0.0312863249864461,-0.1049607513877823,0.1675334013606747,144.36,-38.147
19824,1954-04-14 00:00:00,0.1233810587992341,-0.012931351147698,0.2596934687461664,144.36,-38.147
19825,1954-04-15 00:00:00,0.2295647580146796,0.0931395596352354,0.3659899563941238,144.36,-38.147
19826,1954-04-16 00:00:00,0.1034302434749231,-0.0328816299494085,0.2397421168992548,144.36,-38.147
19827,1954-04-17 00:00:00,0.1658913872394938,0.0294160341923348,0.3023667402866529,144.36,-38.147
19828,1954-04-18 00:00:00,0.0352876436024474,-0.1011209501779962,0.1716962373828912,144.36,-38.147
19829,1954-04-19 00:00:00,0.0068987885566938,-0.1292747376529996,0.1430723147663873,144.36,-38.147
19830,1954-04-20 00:00:00,0.0134007449477758,-0.1227601043037751,0.1495615941993268,144.36,-38.147
19831,1954-04-21 00:00:00,0.0884554134755745,-0.0477475677212029,0.224658394672352,144.36,-38.147
19832,1954-04-22 00:00:00,0.04002231056385,-0.0962212747399187,0.1762658958676188,144.36,-38.147
19833,1954-04-23 00:00:00,-0.0319536479386147,-0.1681538268770801,0.1042465309998506,144.36,-38.147
19834,1954-04-24 00:00:00,0.0414585553795575,-0.0950204859480944,0.1779375967072096,144.36,-38.147
19835,1954-04-25 00:00:00,0.2646036676557223,0.1279689837302912,0.4012383515811533,144.36,-38.147
19836,1954-04-26 00:00:00,0.0773360169334798,-0.0590518224105567,0.2137238562775163,144.36,-38.147
19837,1954-04-27 00:00:00,0.0157185836322274,-0.1204829131456006,0.1519200804100556,144.36,-38.147
19838,1954-04-28 00:00:00,0.0108575299524073,-0.1253492921293665,0.1470643520341813,144.36,-38.147
19839,1954-04-29 00:00:00,0.1597732922537786,0.022639237119698,0.2969073473878593,144.36,-38.147
19840,1954-04-30 00:00:00,0.2582501666702286,0.1208639652560024,0.3956363680844548,144.36,-38.147
19841,1954-05-01 00:00:00,0.0839084889806949,-0.0526488767366101,0.2204658546980001,144.36,-38.147
19842,1954-05-02 00:00:00,0.0242779663629895,-0.1121532126914294,0.1607091454174085,144.36,-38.147
19843,1954-05-03 00:00:00,0.0300061420922405,-0.1062105128396488,0.1662227970241299,144.36,-38.147
19844,1954-05-04 00:00:00,0.1309233062237515,-0.0054225698376384,0.2672691822851415,144.36,-38.147
19845,1954-05-05 00:00:00,0.0396931646919882,-0.0965528380577639,0.1759391674417404,144.36,-38.147
19846,1954-05-06 00:00:00,0.0783156144980513,-0.0579341361590277,0.2145653651551304,144.36,-38.147
19847,1954-05-07 00:00:00,0.103633794585674,-0.0325665591315911,0.2398341483029392,144.36,-38.147
19848,1954-05-08 00:00:00,0.1333822774620205,-0.0028663625685726,0.2696309174926137,144.36,-38.147
19849,1954-05-09 00:00:00,0.0686467134401493,-0.0679947777783671,0.2052882046586658,144.36,-38.147
19850,1954-05-10 00:00:00,-0.0092864519286826,-0.145662833042324,0.1270899291849587,144.36,-38.147
19851,1954-05-11 00:00:00,-0.0098789619220946,-0.1461460036075021,0.1263880797633128,144.36,-38.147
19852,1954-05-12 00:00:00,-0.0473549766485652,-0.1835630243038338,0.0888530710067033,144.36,-38.147
19853,1954-05-13 00:00:00,-0.0323712411669835,-0.1685727721512878,0.1038302898173207,144.36,-38.147
19854,1954-05-14 00:00:00,0.0205857073484233,-0.1156817907101893,0.1568532054070361,144.36,-38.147
19855,1954-05-15 00:00:00,0.1312896824798217,-0.0050504538737439,0.2676298188333873,144.36,-38.147
19856,1954-05-16 00:00:00,0.1541390865691151,0.0178217243474387,0.2904564487907914,144.36,-38.147
19857,1954-05-17 00:00:00,0.1150247992624945,-0.0212639566183386,0.2513135551433277,144.36,-38.147
19858,1954-05-18 00:00:00,0.2779332767684285,0.1414987666366204,0.4143677869002365,144.36,-38.147
19859,1954-05-19 00:00:00,0.2420372328081783,0.1051599044525609,0.3789145611637956,144.36,-38.147
19860,1954-05-20 00:00:00,0.069415621783469,-0.0676702436307524,0.2065014871976904,144.36,-38.147
19861,1954-05-21 00:00:00,-0.0421699453022896,-0.1790126289944626,0.0946727383898833,144.36,-38.147
19862,1954-05-22 00:00:00,-0.0187908794194222,-0.1551900470192763,0.1176082881804318,144.36,-38.147
19863,1954-05-23 00:00:00,-0.0406944749628074,-0.1769398785422138,0.0955509286165988,144.36,-38.147
19864,1954-05-24 00:00:00,0.0091079887969347,-0.1272924683302763,0.1455084459241458,144.36,-38.147
19865,1954-05-25 00:00:00,0.0187900320971855,-0.117677239536709,0.1552573037310801,144.36,-38.147
19866,1954-05-26 00:00:00,-0.0061907410311176,-0.1424366244028186,0.1300551423405834,144.36,-38.147
19867,1954-05-27 00:00:00,-0.0056701598484648,-0.141900111376092,0.1305597916791622,144.36,-38.147
19868,1954-05-28 00:00:00,0.0355075683848518,-0.1006993108280422,0.1717144475977459,144.36,-38.147
19869,1954-05-29 00:00:00,0.0539122247833516,-0.0823844127238087,0.1902088622905121,144.36,-38.147
19870,1954-05-30 00:00:00,0.0352319148303488,-0.1010284012628642,0.1714922309235618,144.36,-38.147
19871,1954-05-31 00:00:00,0.0574530224998881,-0.0789126222730406,0.1938186672728168,144.36,-38.147
19872,1954-06-01 00:00:00,0.067285227175916,-0.069107715957749,0.2036781703095812,144.36,-38.147
19873,1954-06-02 00:00:00,0.1486629920384718,0.0119420070237951,0.2853839770531484,144.36,-38.147
19874,1954-06-03 00:00:00,0.0229275781181425,-0.1142175449395135,0.1600727011757985,144.36,-38.147
19875,1954-06-04 00:00:00,0.0032088934007903,-0.1334490077889246,0.1398667945905054,144.36,-38.147
19876,1954-06-05 00:00:00,0.0233801888124721,-0.1133955020608977,0.1601558796858419,144.36,-38.147
19877,1954-06-06 00:00:00,0.1119738936624778,-0.0249326628597902,0.2488804501847458,144.36,-38.147
19878,1954-06-07 00:00:00,0.1629237902092422,0.0262720932586182,0.2995754871598661,144.36,-38.147
19879,1954-06-08 00:00:00,0.0326304066096754,-0.1040234885954976,0.1692843018148485,144.36,-38.147
19880,1954-06-09 00:00:00,0.0227272865509245,-0.1135498919186816,0.1590044650205307,144.36,-38.147
19881,1954-06-10 00:00:00,0.0864576894109075,-0.0500108144615214,0.2229261932833364,144.36,-38.147
19882,1954-06-11 00:00:00,0.1154062159087438,-0.0212214957955611,0.2520339276130487,144.36,-38.147
19883,1954-06-12 00:00:00,0.0850656109751919,-0.0514204749743865,0.2215516969247703,144.36,-38.147
19884,1954-06-13 00:00:00,0.0410063015106933,-0.0954077415411333,0.17742034456252,144.36,-38.147
19885,1954-06-14 00:00:00,0.0970480393330548,-0.0397349460459095,0.2338310247120191,144.36,-38.147
19886,1954-06-15 00:00:00,0.2378479708684273,0.0997549864965365,0.3759409552403181,144.36,-38.147
19887,1954-06-16 00:00:00,0.2028147199033974,0.0659251064554555,0.3397043333513393,144.36,-38.147
19888,1954-06-17 00:00:00,0.0558443809775274,-0.0806065288973735,0.1922952908524283,144.36,-38.147
19889,1954-06-18 00:00:00,0.0137364990501462,-0.1225295304434143,0.1500025285437068,144.36,-38.147
19890,1954-06-19 00:00:00,0.0505125280514557,-0.0860331505822545,0.187058206685166,144.36,-38.147
19891,1954-06-20 00:00:00,0.0102578232535115,-0.126560609742427,0.1470762562494501,144.36,-38.147
19892,1954-06-21 00:00:00,0.0418942194189257,-0.0944652671783659,0.1782537060162174,144.36,-38.147
19893,1954-06-22 00:00:00,0.045809843533101,-0.0904703253509437,0.1820900124171458,144.36,-38.147
19894,1954-06-23 00:00:00,0.024576351418916,-0.1116638770881725,0.1608165799260046,144.36,-38.147
19895,1954-06-24 00:00:00,0.1070921230483506,-0.0292277072302422,0.2434119533269435,144.36,-38.147
19896,1954-06-25 00:00:00,0.0341171767056523,-0.1022925993149263,0.1705269527262309,144.36,-38.147
19897,1954-06-26 00:00:00,-0.0087328007167736,-0.1450003246801954,0.1275347232466482,144.36,-38.147
19898,1954-06-27 00:00:00,0.0226139975135652,-0.113633325429901,0.1588613204570315,144.36,-38.147
19899,1954-06-28 00:00:00,0.049601578699322,-0.0866235829957253,0.1858267403943693,144.36,-38.147
19900,1954-06-29 00:00:00,0.0949191103787061,-0.0413811212317074,0.2312193419891197,144.36,-38.147
19901,1954-06-30 00:00:00,0.0959887140572069,-0.0403686044544695,0.2323460325688834,144.36,-38.147
19902,1954-07-01 00:00:00,0.1493060365267726,0.0127231813520702,0.2858888917014751,144.36,-38.147
19903,1954-07-02 00:00:00,0.0887233953484578,-0.0477800198475854,0.225226810544501,144.36,-38.147
19904,1954-07-03 00:00:00,0.0113006077178613,-0.1252218033930918,0.1478230188288145,144.36,-38.147
19905,1954-07-04 00:00:00,0.0472849703016669,-0.0889957619497985,0.1835657025531324,144.36,-38.147
19906,1954-07-05 00:00:00,0.0460038006318312,-0.0905826989159875,0.18259030017965,144.36,-38.147
19907,1954-07-06 00:00:00,0.0953993589352782,-0.0411170239743834,0.2319157418449399,144.36,-38.147
19908,1954-07-07 00:00:00,0.0267121204476476,-0.1100102845220003,0.1634345254172956,144.36,-38.147
19909,1954-07-08 00:00:00,-0.0468900784744191,-0.1834648029944941,0.0896846460456559,144.36,-38.147
19910,1954-07-09 00:00:00,-0.0722004515273505,-0.2084693475258246,0.0640684444711234,144.36,-38.147
19911,1954-07-10 00:00:00,-0.063081158645587,-0.1993387720106207,0.0731764547194466,144.36,-38.147
19912,1954-07-11 00:00:00,-0.0488500931739532,-0.1851100745862555,0.087409888238349,144.36,-38.147
19913,1954-07-12 00:00:00,-0.050990250475926,-0.1873051343773273,0.0853246334254752,144.36,-38.147
19914,1954-07-13 00:00:00,-0.0391344865259396,-0.1754945859092578,0.0972256128573784,144.36,-38.147
19915,1954-07-14 00:00:00,0.0478873457565249,-0.0886442797523747,0.1844189712654245,144.36,-38.147
19916,1954-07-15 00:00:00,0.1107636087740006,-0.025536521150508,0.2470637386985093,144.36,-38.147
19917,1954-07-16 00:00:00,0.0977801413260466,-0.038454623148672,0.2340149058007654,144.36,-38.147
19918,1954-07-17 00:00:00,0.1196967490906827,-0.0166495420740355,0.256043040255401,144.36,-38.147
19919,1954-07-18 00:00:00,0.0289885980557034,-0.1073093391109961,0.1652865352224031,144.36,-38.147
19920,1954-07-19 00:00:00,0.0460310539243679,-0.0903183105329226,0.1823804183816585,144.36,-38.147
19921,1954-07-20 00:00:00,0.0155999021761181,-0.1208184639279212,0.1520182682801575,144.36,-38.147
19922,1954-07-21 00:00:00,0.0598006954403035,-0.0766578824511915,0.1962592733317987,144.36,-38.147
19923,1954-07-22 00:00:00,0.1837733795766433,0.0472891909015716,0.320257568251715,144.36,-38.147
19924,1954-07-23 00:00:00,0.2169177893801632,0.0803883262587224,0.3534472525016039,144.36,-38.147
19925,1954-07-24 00:00:00,0.1540340576629334,0.0176472769473474,0.2904208383785194,144.36,-38.147
19926,1954-07-25 00:00:00,0.2610917743944129,0.1245853050567921,0.3975982437320337,144.36,-38.147
19927,1954-07-26 00:00:00,0.0674467745504228,-0.0688049972416757,0.2036985463425213,144.36,-38.147
19928,1954-07-27 00:00:00,0.1220071472513048,-0.0142981679735524,0.2583124624761622,144.36,-38.147
19929,1954-07-28 00:00:00,-0.0068080833995381,-0.1431858963643277,0.1295697295652515,144.36,-38.147
19930,1954-07-29 00:00:00,0.0916919428954064,-0.0452939821254183,0.2286778679162312,144.36,-38.147
19931,1954-07-30 00:00:00,0.0150683421783682,-0.1213706381440594,0.1515073225007958,144.36,-38.147
19932,1954-07-31 00:00:00,0.0270445786583904,-0.1093349258511801,0.1634240831679611,144.36,-38.147
19933,1954-08-01 00:00:00,0.1028906761001306,-0.0336668249287695,0.2394481771290308,144.36,-38.147
19934,1954-08-02 00:00:00,0.0591850499452686,-0.0774495535109637,0.1958196534015011,144.36,-38.147
19935,1954-08-03 00:00:00,-0.0224517551429315,-0.1591387713342534,0.1142352610483903,144.36,-38.147
19936,1954-08-04 00:00:00,-0.0748113192625879,-0.2110659789989516,0.0614433404737757,144.36,-38.147
19937,1954-08-05 00:00:00,-0.0502125839050056,-0.1864109592174887,0.0859857914074774,144.36,-38.147
19938,1954-08-06 00:00:00,0.0037886622327134,-0.1325208251328401,0.1400981495982671,144.36,-38.147
19939,1954-08-07 00:00:00,0.027949937128093,-0.1084856824463738,0.16438555670256,144.36,-38.147
19940,1954-08-08 00:00:00,0.1986237687668259,0.0620490703187641,0.3351984672148877,144.36,-38.147
19941,1954-08-09 00:00:00,0.1270656052835523,-0.0092536977399121,0.2633849083070168,144.36,-38.147
19942,1954-08-10 00:00:00,0.2372605571620276,0.1007355403727087,0.3737855739513466,144.36,-38.147
19943,1954-08-11 00:00:00,0.1243091426640732,-0.0122095724053842,0.2608278577335307,144.36,-38.147
19944,1954-08-12 00:00:00,0.0269525611592576,-0.1093165634807063,0.1632216857992217,144.36,-38.147
19945,1954-08-13 00:00:00,-0.0075777426796019,-0.1438175053317341,0.1286620199725301,144.36,-38.147
19946,1954-08-14 00:00:00,-0.0252991834746813,-0.1615085768755231,0.1109102099261604,144.36,-38.147
19947,1954-08-15 00:00:00,0.0784442669505773,-0.0578212417314973,0.2147097756326519,144.36,-38.147
19948,1954-08-16 00:00:00,0.1298135066820222,-0.006807252384322,0.2664342657483665,144.36,-38.147
19949,1954-08-17 00:00:00,0.1811978096949209,0.0445890073063419,0.3178066120835,144.36,-38.147
19950,1954-08-18 00:00:00,0.0763098218483723,-0.0599863937980558,0.2126060374948006,144.36,-38.147
19951,1954-08-19 00:00:00,0.0833591959431223,-0.05303821131223,0.2197566031984748,144.36,-38.147
19952,1954-08-20 00:00:00,0.0999505931649422,-0.0364198863648032,0.2363210726946876,144.36,-38.147
19953,1954-08-21 00:00:00,0.0167792508032342,-0.1196033681070998,0.1531618697135683,144.36,-38.147
19954,1954-08-22 00:00:00,0.2076656359590821,0.0710082363907669,0.3443230355273974,144.36,-38.147
19955,1954-08-23 00:00:00,0.0548638158128103,-0.0814226783804278,0.1911503100060484,144.36,-38.147
19956,1954-08-24 00:00:00,0.1980471299186755,0.0615903685648409,0.3345038912725101,144.36,-38.147
19957,1954-08-25 00:00:00,0.3288618109643437,0.1916975983172331,0.4660260236114543,144.36,-38.147
19958,1954-08-26 00:00:00,0.2163818115234523,0.0792426887581825,0.3535209342887221,144.36,-38.147
19959,1954-08-27 00:00:00,0.0729118778030363,-0.0634271336852494,0.2092508892913221,144.36,-38.147
19960,1954-08-28 00:00:00,0.0561298791042493,-0.0802477594735162,0.1925075176820148,144.36,-38.147
19961,1954-08-29 00:00:00,0.1068494732488294,-0.0296054353269152,0.243304381824574,144.36,-38.147
19962,1954-08-30 00:00:00,0.0339410675157373,-0.1024809189314988,0.1703630539629734,144.36,-38.147
19963,1954-08-31 00:00:00,-0.0778854542047432,-0.214284830406756,0.0585139219972696,144.36,-38.147
19964,1954-09-01 00:00:00,-0.0033331830472962,-0.1398492944289553,0.1331829283343629,144.36,-38.147
19965,1954-09-02 00:00:00,0.2801069284882129,0.142845082535679,0.4173687744407468,144.36,-38.147
19966,1954-09-03 00:00:00,0.2139547640108345,0.0769038180659706,0.3510057099556984,144.36,-38.147
19967,1954-09-04 00:00:00,0.1000395719432922,-0.0364979374967773,0.2365770813833619,144.36,-38.147
19968,1954-09-05 00:00:00,0.0544782892307259,-0.0817955900779673,0.1907521685394193,144.36,-38.147
19969,1954-09-06 00:00:00,0.0232248418523193,-0.11303287932029,0.1594825630249288,144.36,-38.147
19970,1954-09-07 00:00:00,0.0004629225872828,-0.1357719937781892,0.1366978389527548,144.36,-38.147
19971,1954-09-08 00:00:00,0.0309153236034967,-0.1053195026197159,0.1671501498267094,144.36,-38.147
19972,1954-09-09 00:00:00,0.0168168384271674,-0.1193746734121069,0.1530083502664418,144.36,-38.147
19973,1954-09-10 00:00:00,-0.0284527034502547,-0.1646414792209607,0.1077360723204511,144.36,-38.147
19974,1954-09-11 00:00:00,-0.0023050657809207,-0.138562254981374,0.1339521234195325,144.36,-38.147
19975,1954-09-12 00:00:00,0.2056086744641417,0.069166666054475,0.3420506828738084,144.36,-38.147
19976,1954-09-13 00:00:00,0.1140986855188429,-0.0221534375207136,0.2503508085583995,144.36,-38.147
19977,1954-09-14 00:00:00,0.0338300475658487,-0.1024836684417062,0.1701437635734036,144.36,-38.147
19978,1954-09-15 00:00:00,-0.0382438220164751,-0.1745144842332871,0.0980268402003368,144.36,-38.147
19979,1954-09-16 00:00:00,0.0223079368002405,-0.1139771807580178,0.1585930543584989,144.36,-38.147
19980,1954-09-17 00:00:00,0.1081054967346107,-0.028253458783623,0.2444644522528445,144.36,-38.147
19981,1954-09-18 00:00:00,0.1845757129911351,0.048188786303711,0.3209626396785593,144.36,-38.147
19982,1954-09-19 00:00:00,0.1240933586047763,-0.0121719673797516,0.2603586845893043,144.36,-38.147
19983,1954-09-20 00:00:00,0.0113385499781855,-0.1249510020102122,0.1476281019665833,144.36,-38.147
19984,1954-09-21 00:00:00,-0.0290624935133327,-0.1653877421492706,0.1072627551226052,144.36,-38.147
19985,1954-09-22 00:00:00,-0.0263495669135292,-0.1625732319523752,0.1098740981253167,144.36,-38.147
19986,1954-09-23 00:00:00,-0.0096687402016025,-0.1459106813812437,0.1265732009780387,144.36,-38.147
19987,1954-09-24 00:00:00,0.1575077621751917,0.0210114052661667,0.2940041190842166,144.36,-38.147
19988,1954-09-25 00:00:00,0.1014179960002036,-0.035054374947387,0.2378903669477944,144.36,-38.147
19989,1954-09-26 00:00:00,0.0326089315307472,-0.1036377290641742,0.1688555921256687,144.36,-38.147
19990,1954-09-27 00:00:00,0.0472304314842226,-0.089015328836272,0.1834761918047172,144.36,-38.147
19991,1954-09-28 00:00:00,-0.0074816985811242,-0.1436468522110691,0.1286834550488206,144.36,-38.147
19992,1954-09-29 00:00:00,-0.0210622026017228,-0.1572534385718011,0.1151290333683553,144.36,-38.147
19993,1954-09-30 00:00:00,-0.011449204713634,-0.1476235438003292,0.1247251343730612,144.36,-38.147
19994,1954-10-01 00:00:00,0.041732400059794,-0.0944512943138982,0.1779160944334862,144.36,-38.147
19995,1954-10-02 00:00:00,0.080706130343056,-0.0556148961467273,0.2170271568328394,144.36,-38.147
19996,1954-10-03 00:00:00,-0.0047476687328548,-0.1411219984307697,0.13162666096506,144.36,-38.147
19997,1954-10-04 00:00:00,0.0258208679644598,-0.1105426326446237,0.1621843685735434,144.36,-38.147
19998,1954-10-05 00:00:00,0.0972083715006837,-0.0391794890407957,0.2335962320421633,144.36,-38.147
19999,1954-10-06 00:00:00,0.1369788116574534,0.0006651896122139,0.2732924337026928,144.36,-38.147
20000,1954-10-07 00:00:00,0.1904684716217349,0.0540856915946208,0.3268512516488491,144.36,-38.147
20001,1954-10-08 00:00:00,0.235774870990198,0.0990132916734092,0.3725364503069868,144.36,-38.147
20002,1954-10-09 00:00:00,0.1551576908148776,0.0185630741019551,0.2917523075278,144.36,-38.147
20003,1954-10-10 00:00:00,0.0960783983409306,-0.0403415396716751,0.2324983363535363,144.36,-38.147
20004,1954-10-11 00:00:00,0.2677663136354183,0.1312386639732197,0.4042939632976169,144.36,-38.147
20005,1954-10-12 00:00:00,0.2007811994026157,0.0643636985328844,0.3371987002723471,144.36,-38.147
20006,1954-10-13 00:00:00,0.030048197381598,-0.1063246160346124,0.1664210107978084,144.36,-38.147
20007,1954-10-14 00:00:00,0.017514067292953,-0.1187912414497697,0.1538193760356758,144.36,-38.147
20008,1954-10-15 00:00:00,-0.0477683900272367,-0.1842899721751702,0.0887531921206968,144.36,-38.147
20009,1954-10-16 00:00:00,-0.008007226901386,-0.1443907365902232,0.128376282787451,144.36,-38.147
20010,1954-10-17 00:00:00,0.0163053638865856,-0.1200151200286875,0.1526258478018588,144.36,-38.147
20011,1954-10-18 00:00:00,0.2309226480775326,0.0945770632530689,0.3672682329019963,144.36,-38.147
20012,1954-10-19 00:00:00,0.268074275294135,0.1314197899945361,0.4047287605937339,144.36,-38.147
20013,1954-10-20 00:00:00,0.0502433590514583,-0.0862013021665029,0.1866880202694197,144.36,-38.147
20014,1954-10-21 00:00:00,0.0072228996352031,-0.1292201884590166,0.1436659877294228,144.36,-38.147
20015,1954-10-22 00:00:00,0.116336083846628,-0.0202095490983185,0.2528817167915745,144.36,-38.147
20016,1954-10-23 00:00:00,0.0331153571010718,-0.1036663718292617,0.1698970860314053,144.36,-38.147
20017,1954-10-24 00:00:00,-0.0658641015749589,-0.202444010799676,0.0707158076497581,144.36,-38.147
20018,1954-10-25 00:00:00,0.0221168928533452,-0.1143039939716749,0.1585377796783655,144.36,-38.147
20019,1954-10-26 00:00:00,0.0363616517656071,-0.0999953156847163,0.1727186192159306,144.36,-38.147
20020,1954-10-27 00:00:00,0.025042657435147,-0.1113030898522969,0.161388404722591,144.36,-38.147
20021,1954-10-28 00:00:00,0.0587527540033335,-0.0776364538809735,0.1951419618876406,144.36,-38.147
20022,1954-10-29 00:00:00,0.0480702053452046,-0.0882241402703342,0.1843645509607435,144.36,-38.147
20023,1954-10-30 00:00:00,0.0334464117108833,-0.1029376939075172,0.1698305173292839,144.36,-38.147
20024,1954-10-31 00:00:00,0.12176668924519,-0.0147739595359405,0.2583073380263206,144.36,-38.147
20025,1954-11-01 00:00:00,0.1068308375590911,-0.0294605644324698,0.2431222395506521,144.36,-38.147
20026,1954-11-02 00:00:00,-0.0033431849509243,-0.139974058442764,0.1332876885409153,144.36,-38.147
20027,1954-11-03 00:00:00,-0.0394339411439116,-0.1762542895066857,0.0973864072188624,144.36,-38.147
20028,1954-11-04 00:00:00,0.0359955598245465,-0.1006524548965235,0.1726435745456166,144.36,-38.147
20029,1954-11-05 00:00:00,0.0938487089370969,-0.0423778923881607,0.2300753102623547,144.36,-38.147
20030,1954-11-06 00:00:00,0.0975505720327462,-0.0386542844946838,0.2337554285601763,144.36,-38.147
20031,1954-11-07 00:00:00,0.0378549343541714,-0.0984442894565058,0.1741541581648487,144.36,-38.147
20032,1954-11-08 00:00:00,0.0798791296530736,-0.0566079982189942,0.2163662575251415,144.36,-38.147
20033,1954-11-09 00:00:00,0.1533710685446317,0.0167668303400849,0.2899753067491786,144.36,-38.147
20034,1954-11-10 00:00:00,0.1507786831169109,0.0141121903098724,0.2874451759239494,144.36,-38.147
20035,1954-11-11 00:00:00,0.0989772848496379,-0.0375588926286188,0.2355134623278947,144.36,-38.147
20036,1954-11-12 00:00:00,0.3239308832597237,0.18269626365926,0.4651655028601873,144.36,-38.147
20037,1954-11-13 00:00:00,0.103789065165547,-0.0343705984806696,0.2419487288117637,144.36,-38.147
20038,1954-11-14 00:00:00,0.2317842922330818,0.0954027327850996,0.3681658516810641,144.36,-38.147
20039,1954-11-15 00:00:00,0.184086267550452,0.0474634430409514,0.3207090920599525,144.36,-38.147
20040,1954-11-16 00:00:00,0.0669780482466296,-0.069476897068358,0.2034329935616173,144.36,-38.147
20041,1954-11-17 00:00:00,-0.0239420857618517,-0.1603467693596453,0.1124625978359418,144.36,-38.147
20042,1954-11-18 00:00:00,0.2122855512747364,0.0754915061641818,0.349079596385291,144.36,-38.147
20043,1954-11-19 00:00:00,0.0454425465505144,-0.0909458100398821,0.1818309031409109,144.36,-38.147
20044,1954-11-20 00:00:00,0.1495465159575588,0.0128340750553686,0.2862589568597489,144.36,-38.147
20045,1954-11-21 00:00:00,0.3129144433469525,0.175792520706219,0.450036365987686,144.36,-38.147
20046,1954-11-22 00:00:00,0.1424750338321505,0.0057189002181403,0.2792311674461607,144.36,-38.147
20047,1954-11-23 00:00:00,0.0691115228222379,-0.067164607038741,0.2053876526832169,144.36,-38.147
20048,1954-11-24 00:00:00,-0.0010196356889062,-0.137272436484627,0.1352331651068146,144.36,-38.147
20049,1954-11-25 00:00:00,-0.0005216128543525,-0.1368709610781108,0.1358277353694056,144.36,-38.147
20050,1954-11-26 00:00:00,0.0956545361446116,-0.0407844327628293,0.2320935050520526,144.36,-38.147
20051,1954-11-27 00:00:00,0.0496131568149843,-0.0867012644620569,0.1859275780920256,144.36,-38.147
20052,1954-11-28 00:00:00,0.0851594923854029,-0.0513989796359038,0.2217179644067097,144.36,-38.147
20053,1954-11-29 00:00:00,0.2567604656703185,0.1198911593261003,0.3936297720145367,144.36,-38.147
20054,1954-11-30 00:00:00,0.1214614112185311,-0.0148443715784266,0.257767194015489,144.36,-38.147
20055,1954-12-01 00:00:00,0.0280828047656154,-0.1082749607586582,0.1644405702898893,144.36,-38.147
20056,1954-12-02 00:00:00,0.0521064092579889,-0.0853456244589085,0.1895584429748864,144.36,-38.147
20057,1954-12-03 00:00:00,0.1052848938291906,-0.0333739303944405,0.2439437180528217,144.36,-38.147
20058,1954-12-04 00:00:00,0.1091835410367547,-0.0281830694073969,0.2465501514809063,144.36,-38.147
20059,1954-12-05 00:00:00,0.1306954037808257,-0.0055673946033862,0.2669582021650377,144.36,-38.147
20060,1954-12-06 00:00:00,0.0966723310885707,-0.0395481451683444,0.2328928073454859,144.36,-38.147
20061,1954-12-07 00:00:00,0.1213272387979898,-0.0148892262605785,0.2575437038565582,144.36,-38.147
20062,1954-12-08 00:00:00,0.1112012698310038,-0.025027271963272,0.2474298116252798,144.36,-38.147
20063,1954-12-09 00:00:00,-0.0112452559991355,-0.1475111756513903,0.1250206636531193,144.36,-38.147
20064,1954-12-10 00:00:00,0.0897664795184244,-0.0465458142823782,0.2260787733192272,144.36,-38.147
20065,1954-12-11 00:00:00,0.0956009982491337,-0.0408526515601322,0.2320546480583996,144.36,-38.147
20066,1954-12-12 00:00:00,0.303318632295024,0.1661500487869265,0.4404872158031215,144.36,-38.147
20067,1954-12-13 00:00:00,0.1681269211552837,0.0316581249891463,0.3045957173214211,144.36,-38.147
20068,1954-12-14 00:00:00,0.123741954595387,-0.0124784677483944,0.2599623769391684,144.36,-38.147
20069,1954-12-15 00:00:00,0.1773523864053293,0.0410997109944794,0.3136050618161792,144.36,-38.147
20070,1954-12-16 00:00:00,0.1551733876891746,0.0187875617770654,0.2915592136012839,144.36,-38.147
20071,1954-12-17 00:00:00,0.0657377693927974,-0.0705275288949046,0.2020030676804995,144.36,-38.147
20072,1954-12-18 00:00:00,0.0281588074068244,-0.1080433241949311,0.16436093900858,144.36,-38.147
20073,1954-12-19 00:00:00,-0.0201710129294197,-0.156415782441027,0.1160737565821874,144.36,-38.147
20074,1954-12-20 00:00:00,-0.0480015763338938,-0.1842304594539098,0.088227306786122,144.36,-38.147
20075,1954-12-21 00:00:00,-0.0052580384719573,-0.1415183641015556,0.1310022871576408,144.36,-38.147
20076,1954-12-22 00:00:00,0.0334993961980368,-0.1028107122526483,0.169809504648722,144.36,-38.147
20077,1954-12-23 00:00:00,0.035399093521416,-0.1009897868295642,0.1717879738723964,144.36,-38.147
20078,1954-12-24 00:00:00,-0.0112221350760277,-0.1476892484222751,0.1252449782702196,144.36,-38.147
20079,1954-12-25 00:00:00,0.0586246901352733,-0.0779042200766502,0.1951536003471969,144.36,-38.147
20080,1954-12-26 00:00:00,0.1383362806014506,0.0017766027100965,0.2748959584928045,144.36,-38.147
20081,1954-12-27 00:00:00,0.1775541173273082,0.0409592145603701,0.3141490200942463,144.36,-38.147
20082,1954-12-28 00:00:00,0.087274128916985,-0.0490607018033756,0.2236089596373458,144.36,-38.147
20083,1954-12-29 00:00:00,0.1717631652613819,0.0355066890567866,0.3080196414659771,144.36,-38.147
20084,1954-12-30 00:00:00,0.0641156220676284,-0.0722398690972264,0.2004711132324834,144.36,-38.147
20085,1954-12-31 00:00:00,0.1114802825778045,-0.0251452934454225,0.2481058586010315,144.36,-38.147
20086,1955-01-01 00:00:00,0.122641914210609,-0.0141428729491512,0.2594267013703693,144.36,-38.147
20087,1955-01-02 00:00:00,0.0263403196215842,-0.1103987961879549,0.1630794354311234,144.36,-38.147
20088,1955-01-03 00:00:00,0.2702971586513925,0.132694279164189,0.4079000381385959,144.36,-38.147
20089,1955-01-04 00:00:00,0.1993950182186707,0.0625967893473705,0.336193247089971,144.36,-38.147
20090,1955-01-05 00:00:00,0.1058015585785843,-0.0305743710604962,0.2421774882176649,144.36,-38.147
20091,1955-01-06 00:00:00,0.157962191531483,0.0216621301035387,0.2942622529594274,144.36,-38.147
20092,1955-01-07 00:00:00,0.1233790625157573,-0.0130427152524942,0.2598008402840089,144.36,-38.147
20093,1955-01-08 00:00:00,0.106863916705099,-0.0295014482535731,0.2432292816637712,144.36,-38.147
20094,1955-01-09 00:00:00,0.1274241550202629,-0.0097120858037454,0.2645603958442712,144.36,-38.147
20095,1955-01-10 00:00:00,0.0741861395547636,-0.0622073373435689,0.2105796164530963,144.36,-38.147
20096,1955-01-11 00:00:00,0.1125270343779937,-0.0237212746258453,0.2487753433818328,144.36,-38.147
20097,1955-01-12 00:00:00,0.1250307911831571,-0.0113853126831626,0.2614468950494768,144.36,-38.147
20098,1955-01-13 00:00:00,0.0188520185779477,-0.1174801506822673,0.1551841878381628,144.36,-38.147
20099,1955-01-14 00:00:00,-0.0191929479155847,-0.1554173406777303,0.1170314448465608,144.36,-38.147
20100,1955-01-15 00:00:00,0.008501755765044,-0.1277088046637736,0.1447123161938618,144.36,-38.147
20101,1955-01-16 00:00:00,0.0744051862575638,-0.0618265114184121,0.2106368839335398,144.36,-38.147
20102,1955-01-17 00:00:00,0.1156709581007293,-0.0205697437504639,0.2519116599519227,144.36,-38.147
20103,1955-01-18 00:00:00,0.0868056141930859,-0.049465899396303,0.2230771277824748,144.36,-38.147
20104,1955-01-19 00:00:00,0.0729197926822818,-0.0633188429882089,0.2091584283527725,144.36,-38.147
20105,1955-01-20 00:00:00,0.1190790072552951,-0.0172233841946038,0.2553813987051943,144.36,-38.147
20106,1955-01-21 00:00:00,0.0463643942999522,-0.0900287420583938,0.1827575306582982,144.36,-38.147
20107,1955-01-22 00:00:00,0.076920646194562,-0.0594495016118949,0.213290794001019,144.36,-38.147
20108,1955-01-23 00:00:00,0.0740985747967962,-0.0622515456424063,0.2104486952359988,144.36,-38.147
20109,1955-01-24 00:00:00,0.046087709731048,-0.0902125855008111,0.1823880049629071,144.36,-38.147
20110,1955-01-25 00:00:00,0.0097245846592969,-0.1264981588343341,0.145947328152928,144.36,-38.147
20111,1955-01-26 00:00:00,0.0259659753733291,-0.1103319259306608,0.1622638766773191,144.36,-38.147
20112,1955-01-27 00:00:00,-0.0004396531226311,-0.1366681788560115,0.1357888726107491,144.36,-38.147
20113,1955-01-28 00:00:00,0.0717207934029296,-0.064514792819648,0.2079563796255072,144.36,-38.147
20114,1955-01-29 00:00:00,0.1955272576818764,0.0590667449218031,0.3319877704419497,144.36,-38.147
20115,1955-01-30 00:00:00,0.2725785267469051,0.136186517883927,0.4089705356098831,144.36,-38.147
20116,1955-01-31 00:00:00,0.2370564313044107,0.1006341183342009,0.3734787442746205,144.36,-38.147
20117,1955-02-01 00:00:00,0.1659880685714555,0.0296394062050956,0.3023367309378153,144.36,-38.147
20118,1955-02-02 00:00:00,0.0677901979480034,-0.0686513968275581,0.204231792723565,144.36,-38.147
20119,1955-02-03 00:00:00,-0.0604545949221205,-0.1970406251113502,0.0761314352671091,144.36,-38.147
20120,1955-02-04 00:00:00,-0.0114563821856148,-0.1479044308001146,0.1249916664288849,144.36,-38.147
20121,1955-02-05 00:00:00,0.0387668128053632,-0.0976857097490918,0.1752193353598183,144.36,-38.147
20122,1955-02-06 00:00:00,0.0683366450830638,-0.0679688580737812,0.204642148239909,144.36,-38.147
20123,1955-02-07 00:00:00,-0.0063851244700152,-0.1426670444568998,0.1298967955168692,144.36,-38.147
20124,1955-02-08 00:00:00,-0.0356639696230305,-0.1720591975703005,0.1007312583242394,144.36,-38.147
20125,1955-02-09 00:00:00,0.0007911310050127,-0.1356293633734889,0.1372116253835143,144.36,-38.147
20126,1955-02-10 00:00:00,-0.0044656830795297,-0.1407981094493476,0.1318667432902881,144.36,-38.147
20127,1955-02-11 00:00:00,0.0235356091434259,-0.1127891474207353,0.1598603657075872,144.36,-38.147
20128,1955-02-12 00:00:00,0.0586764521087932,-0.0775522607442837,0.1949051649618702,144.36,-38.147
20129,1955-02-13 00:00:00,0.0989839604993706,-0.0372964625560465,0.2352643835547879,144.36,-38.147
20130,1955-02-14 00:00:00,0.0924530149447309,-0.0438171902373649,0.2287232201268268,144.36,-38.147
20131,1955-02-15 00:00:00,0.0743127548448281,-0.0619984903586005,0.2106240000482568,144.36,-38.147
20132,1955-02-16 00:00:00,0.0487584347896724,-0.0878532724787238,0.1853701420580688,144.36,-38.147
20133,1955-02-17 00:00:00,0.0669257518740468,-0.0697348439670954,0.203586347715189,144.36,-38.147
20134,1955-02-18 00:00:00,0.0687827355852911,-0.0676067352715847,0.2051722064421671,144.36,-38.147
20135,1955-02-19 00:00:00,0.092724751311002,-0.0437079773510487,0.2291574799730528,144.36,-38.147
20136,1955-02-20 00:00:00,0.0812918089913696,-0.0552033374308802,0.2177869554136196,144.36,-38.147
20137,1955-02-21 00:00:00,0.0025776084116627,-0.1337243686717645,0.1388795854950901,144.36,-38.147
20138,1955-02-22 00:00:00,0.0311471741301216,-0.1050943179586116,0.1673886662188549,144.36,-38.147
20139,1955-02-23 00:00:00,0.0538607543205569,-0.0825908127706622,0.1903123214117761,144.36,-38.147
20140,1955-02-24 00:00:00,0.1006339733246515,-0.0361172507318879,0.2373851973811909,144.36,-38.147
20141,1955-02-25 00:00:00,0.0106366435094736,-0.1260796103366566,0.1473528973556038,144.36,-38.147
20142,1955-02-26 00:00:00,0.0526626109660537,-0.083698514576138,0.1890237365082455,144.36,-38.147
20143,1955-02-27 00:00:00,0.0791996460597447,-0.0572337426764424,0.2156330347959318,144.36,-38.147
20144,1955-02-28 00:00:00,0.0116404689680495,-0.1247193699113452,0.1480003078474443,144.36,-38.147
20145,1955-03-01 00:00:00,0.0250423814092107,-0.1113053607595415,0.1613901235779629,144.36,-38.147
20146,1955-03-02 00:00:00,0.0600032038619229,-0.0763036055906702,0.196310013314516,144.36,-38.147
20147,1955-03-03 00:00:00,0.044787702115179,-0.0914089199100808,0.1809843241404388,144.36,-38.147
20148,1955-03-04 00:00:00,0.0231715611111006,-0.1130179836878208,0.1593611059100221,144.36,-38.147
20149,1955-03-05 00:00:00,0.1099418651558227,-0.0265132357045433,0.2463969660161888,144.36,-38.147
20150,1955-03-06 00:00:00,0.108437780058877,-0.0279810543522573,0.2448566144700115,144.36,-38.147
20151,1955-03-07 00:00:00,0.0062158465936553,-0.1300476686825691,0.1424793618698798,144.36,-38.147
20152,1955-03-08 00:00:00,0.084841888788278,-0.0514477877151567,0.2211315652917128,144.36,-38.147
20153,1955-03-09 00:00:00,0.1344170922354084,-0.0018696107038426,0.2707037951746596,144.36,-38.147
20154,1955-03-10 00:00:00,0.1156435746360099,-0.0208845416097521,0.2521716908817719,144.36,-38.147
20155,1955-03-11 00:00:00,0.0068475536944408,-0.1297664437144087,0.1434615511032903,144.36,-38.147
20156,1955-03-12 00:00:00,0.0902852066328511,-0.046032976773114,0.2266033900388163,144.36,-38.147
20157,1955-03-13 00:00:00,0.117321031484897,-0.018945255265096,0.2535873182348902,144.36,-38.147
20158,1955-03-14 00:00:00,0.11007901384671,-0.0262118525979364,0.2463698802913565,144.36,-38.147
20159,1955-03-15 00:00:00,0.0173071832661499,-0.1190542165539518,0.1536685830862518,144.36,-38.147
20160,1955-03-16 00:00:00,0.0329653948343246,-0.1035070134371091,0.1694378031057583,144.36,-38.147
20161,1955-03-17 00:00:00,-0.0101352064391027,-0.1465415523424504,0.1262711394642449,144.36,-38.147
20162,1955-03-18 00:00:00,-0.0480145787753022,-0.1843491591590852,0.0883200016084808,144.36,-38.147
20163,1955-03-19 00:00:00,-0.0368891188261144,-0.1732216696562624,0.0994434320040335,144.36,-38.147
20164,1955-03-20 00:00:00,0.0047359961011982,-0.1315441857498113,0.1410161779522078,144.36,-38.147
20165,1955-03-21 00:00:00,-0.0060861488402119,-0.1423872860239596,0.1302149883435357,144.36,-38.147
20166,1955-03-22 00:00:00,-0.0436413512905928,-0.1798695181482981,0.0925868155671124,144.36,-38.147
20167,1955-03-23 00:00:00,0.041804474014865,-0.0944437496817646,0.1780526977114946,144.36,-38.147
20168,1955-03-24 00:00:00,0.0653303374400847,-0.0709445550581094,0.2016052299382789,144.36,-38.147
20169,1955-03-25 00:00:00,0.0317194534471406,-0.1045145593028083,0.1679534661970896,144.36,-38.147
20170,1955-03-26 00:00:00,0.0413527920138166,-0.0948612397339223,0.1775668237615556,144.36,-38.147
20171,1955-03-27 00:00:00,-0.0046700166736208,-0.1408483591327541,0.1315083257855123,144.36,-38.147
20172,1955-03-28 00:00:00,0.0377198840640892,-0.0985210425793963,0.1739608107075748,144.36,-38.147
20173,1955-03-29 00:00:00,0.1223021937622023,-0.0139579230893684,0.2585623106137731,144.36,-38.147
20174,1955-03-30 00:00:00,0.0582543788225791,-0.0779406906268383,0.1944494482719967,144.36,-38.147
20175,1955-03-31 00:00:00,0.0339543410671041,-0.1022744550214012,0.1701831371556095,144.36,-38.147
20176,1955-04-01 00:00:00,0.234968302764687,0.0984476727024095,0.3714889328269646,144.36,-38.147
20177,1955-04-02 00:00:00,0.182170538275833,0.0442396895126385,0.3201013870390275,144.36,-38.147
20178,1955-04-03 00:00:00,0.0024300429669681,-0.1353888095352505,0.1402488954691868,144.36,-38.147
20179,1955-04-04 00:00:00,-0.0448752004468821,-0.1810815785584313,0.091331177664667,144.36,-38.147
20180,1955-04-05 00:00:00,0.030399913762076,-0.1058856409182115,0.1666854684423636,144.36,-38.147
20181,1955-04-06 00:00:00,0.1049228941684875,-0.0315720187882148,0.2414178071251898,144.36,-38.147
20182,1955-04-07 00:00:00,0.0215008159610158,-0.1148119236813421,0.1578135556033738,144.36,-38.147
20183,1955-04-08 00:00:00,0.0006523432730464,-0.1356578268657393,0.1369625134118322,144.36,-38.147
20184,1955-04-09 00:00:00,0.0028898831941254,-0.1333643577331018,0.1391441241213528,144.36,-38.147
20185,1955-04-10 00:00:00,0.0146842296499713,-0.1215508354068396,0.1509192947067824,144.36,-38.147
20186,1955-04-11 00:00:00,0.0197199671728024,-0.1164773029919821,0.155917237337587,144.36,-38.147
20187,1955-04-12 00:00:00,0.0201177543868985,-0.11608863953955,0.1563241483133471,144.36,-38.147
20188,1955-04-13 00:00:00,0.0281898296956169,-0.1080100336391872,0.1643896930304211,144.36,-38.147
20189,1955-04-14 00:00:00,0.116693942002505,-0.0196534557173976,0.2530413397224077,144.36,-38.147
20190,1955-04-15 00:00:00,0.1772852433360093,0.040966668078808,0.3136038185932105,144.36,-38.147
20191,1955-04-16 00:00:00,0.0665449953372676,-0.0697007822315856,0.2027907729061208,144.36,-38.147
20192,1955-04-17 00:00:00,0.0714267387631366,-0.0648103550561144,0.2076638325823877,144.36,-38.147
20193,1955-04-18 00:00:00,0.2089551031306584,0.0724879361257331,0.3454222701355838,144.36,-38.147
20194,1955-04-19 00:00:00,0.0624600901567541,-0.0739795157345828,0.1988996960480911,144.36,-38.147
20195,1955-04-20 00:00:00,-0.0175567864940529,-0.1537593420463772,0.1186457690582713,144.36,-38.147
20196,1955-04-21 00:00:00,0.0200483873050149,-0.1161487759646275,0.1562455505746574,144.36,-38.147
20197,1955-04-22 00:00:00,0.0078291070300796,-0.1283845757530388,0.144042789813198,144.36,-38.147
20198,1955-04-23 00:00:00,-0.0107518730086694,-0.1469666394656994,0.1254628934483605,144.36,-38.147
20199,1955-04-24 00:00:00,0.062165205351881,-0.0740770857432745,0.1984074964470366,144.36,-38.147
20200,1955-04-25 00:00:00,0.189928348677455,0.0535741066873843,0.3262825906675258,144.36,-38.147
20201,1955-04-26 00:00:00,0.1300144233722874,-0.0068219699138606,0.2668508166584356,144.36,-38.147
20202,1955-04-27 00:00:00,0.0032121011768649,-0.1337905197652089,0.1402147221189387,144.36,-38.147
20203,1955-04-28 00:00:00,-0.0943431759590143,-0.2310582800404558,0.0423719281224272,144.36,-38.147
20204,1955-04-29 00:00:00,-0.0839992358907018,-0.2203084114175312,0.0523099396361275,144.36,-38.147
20205,1955-04-30 00:00:00,-0.047299035267963,-0.1838488847781561,0.0892508142422299,144.36,-38.147
20206,1955-05-01 00:00:00,-0.0199420276307676,-0.1566240504230125,0.1167399951614772,144.36,-38.147
20207,1955-05-02 00:00:00,0.0299952368606777,-0.1064834814928371,0.1664739552141926,144.36,-38.147
20208,1955-05-03 00:00:00,0.0737297294001983,-0.0626169524852866,0.2100764112856832,144.36,-38.147
20209,1955-05-04 00:00:00,0.0904813849135207,-0.0460252178856833,0.2269879877127248,144.36,-38.147
20210,1955-05-05 00:00:00,0.1209852257398031,-0.0157776009840826,0.2577480524636889,144.36,-38.147
20211,1955-05-06 00:00:00,0.0851608496243433,-0.0514673364876439,0.2217890357363306,144.36,-38.147
20212,1955-05-07 00:00:00,0.1038691094551719,-0.032569486240134,0.2403077051504779,144.36,-38.147
20213,1955-05-08 00:00:00,0.0372411628118569,-0.0991239313858743,0.1736062570095882,144.36,-38.147
20214,1955-05-09 00:00:00,-0.0413585766392989,-0.1775648370845821,0.0948476838059842,144.36,-38.147
20215,1955-05-10 00:00:00,-0.0323845868269457,-0.1685817909161963,0.1038126172623049,144.36,-38.147
20216,1955-05-11 00:00:00,0.0047413953805638,-0.1314877079922829,0.1409704987534106,144.36,-38.147
20217,1955-05-12 00:00:00,0.0214596584956092,-0.1148388826357768,0.1577581996269953,144.36,-38.147
20218,1955-05-13 00:00:00,0.2451971369343686,0.1081490610417501,0.3822452128269871,144.36,-38.147
20219,1955-05-14 00:00:00,0.1913427818738263,0.0547349407525661,0.3279506229950864,144.36,-38.147
20220,1955-05-15 00:00:00,0.2244000046595952,0.0878376925967304,0.36096231672246,144.36,-38.147
20221,1955-05-16 00:00:00,0.1474457827309137,0.011083256194068,0.2838083092677593,144.36,-38.147
20222,1955-05-17 00:00:00,0.1412434396885108,0.004710570783007,0.2777763085940147,144.36,-38.147
20223,1955-05-18 00:00:00,0.1877337656044924,0.0505637968139513,0.3249037343950336,144.36,-38.147
20224,1955-05-19 00:00:00,0.096292448432241,-0.0408302745639968,0.2334151714284788,144.36,-38.147
20225,1955-05-20 00:00:00,0.0034680184515899,-0.1330248822634998,0.1399609191666797,144.36,-38.147
20226,1955-05-21 00:00:00,-0.0139507922399394,-0.150305436526705,0.1224038520468261,144.36,-38.147
20227,1955-05-22 00:00:00,0.0021018796282273,-0.1341053422834684,0.138309101539923,144.36,-38.147
20228,1955-05-23 00:00:00,0.0378720579263183,-0.0983641017745478,0.1741082176271845,144.36,-38.147
20229,1955-05-24 00:00:00,0.0088495007431588,-0.1274180056018442,0.1451170070881619,144.36,-38.147
20230,1955-05-25 00:00:00,-0.043765152738694,-0.1803932565206971,0.092862951043309,144.36,-38.147
20231,1955-05-26 00:00:00,-0.0187125437477431,-0.1563301943092261,0.1189051068137398,144.36,-38.147
20232,1955-05-27 00:00:00,0.1276422364624308,-0.0092932583589658,0.2645777312838274,144.36,-38.147
20233,1955-05-28 00:00:00,0.0977003622219913,-0.0386079959733957,0.2340087204173784,144.36,-38.147
20234,1955-05-29 00:00:00,0.1357302407627433,-0.0005820383563461,0.2720425198818329,144.36,-38.147
20235,1955-05-30 00:00:00,0.2605610834573608,0.1241860471416388,0.3969361197730828,144.36,-38.147
20236,1955-05-31 00:00:00,0.1712164272111784,0.0348425090360287,0.3075903453863281,144.36,-38.147
20237,1955-06-01 00:00:00,0.0135471021552642,-0.1231237053783966,0.1502179096889252,144.36,-38.147
20238,1955-06-02 00:00:00,0.0676987981002414,-0.0687764051390982,0.204174001339581,144.36,-38.147
20239,1955-06-03 00:00:00,0.1567671632916908,0.0202582290345744,0.2932760975488073,144.36,-38.147
20240,1955-06-04 00:00:00,0.0642218943254115,-0.0722175665117081,0.2006613551625312,144.36,-38.147
20241,1955-06-05 00:00:00,0.0310992770513323,-0.1054008630767868,0.1675994171794514,144.36,-38.147
20242,1955-06-06 00:00:00,-0.0165446094563042,-0.152912184320771,0.1198229654081625,144.36,-38.147
20243,1955-06-07 00:00:00,-0.0364168358123573,-0.1726934360053224,0.0998597643806077,144.36,-38.147
20244,1955-06-08 00:00:00,-0.0832147251095066,-0.2195319551244117,0.0531025049053985,144.36,-38.147
20245,1955-06-09 00:00:00,-0.1013413148205624,-0.2376015007892678,0.0349188711481429,144.36,-38.147
20246,1955-06-10 00:00:00,-0.0413238196183319,-0.1775414677048519,0.094893828468188,144.36,-38.147
20247,1955-06-11 00:00:00,0.0244350927835094,-0.1118298291925527,0.1607000147595716,144.36,-38.147
20248,1955-06-12 00:00:00,0.0852296826200893,-0.0510936382802413,0.22155300352042,144.36,-38.147
20249,1955-06-13 00:00:00,0.1710548522421163,0.0346695757015026,0.3074401287827299,144.36,-38.147
20250,1955-06-14 00:00:00,0.0762465004660469,-0.0599865946437536,0.2124795955758475,144.36,-38.147
20251,1955-06-15 00:00:00,0.0447151671557927,-0.0915741713381684,0.1810045056497539,144.36,-38.147
20252,1955-06-16 00:00:00,0.0132077565138223,-0.1230446866173126,0.1494601996449573,144.36,-38.147
20253,1955-06-17 00:00:00,0.0321480172481698,-0.1042765753188504,0.16857260981519,144.36,-38.147
20254,1955-06-18 00:00:00,0.1724725478517417,0.0343182460469042,0.3106268496565793,144.36,-38.147
20255,1955-06-19 00:00:00,0.0553416077691467,-0.0821284038469952,0.1928116193852887,144.36,-38.147
20256,1955-06-20 00:00:00,-0.0691944180253461,-0.2055810309027233,0.0671921948520311,144.36,-38.147
20257,1955-06-21 00:00:00,0.0206314556768383,-0.115646596100566,0.1569095074542426,144.36,-38.147
20258,1955-06-22 00:00:00,0.0369643529046031,-0.0997319778666996,0.1736606836759058,144.36,-38.147
20259,1955-06-23 00:00:00,0.1664232380732843,0.0290008721204741,0.3038456040260944,144.36,-38.147
20260,1955-06-24 00:00:00,0.2978500149756591,0.1611608574811249,0.4345391724701932,144.36,-38.147
20261,1955-06-25 00:00:00,0.1628888461268934,0.026394292346847,0.2993833999069398,144.36,-38.147
20262,1955-06-26 00:00:00,0.1478560042214836,0.011596319690274,0.2841156887526931,144.36,-38.147
20263,1955-06-27 00:00:00,0.0765662818262405,-0.0596932033342708,0.2128257669867519,144.36,-38.147
20264,1955-06-28 00:00:00,0.0630820427819329,-0.0731507012559995,0.1993147868198654,144.36,-38.147
20265,1955-06-29 00:00:00,0.0591159593631803,-0.0771383425455894,0.19537026127195,144.36,-38.147
20266,1955-06-30 00:00:00,0.0090508922727203,-0.1272407654382035,0.1453425499836441,144.36,-38.147
20267,1955-07-01 00:00:00,-0.0289140806436005,-0.1651538043463591,0.1073256430591581,144.36,-38.147
20268,1955-07-02 00:00:00,-0.0295270743400016,-0.1657646193847668,0.1067104707047635,144.36,-38.147
20269,1955-07-03 00:00:00,-0.0482593905731835,-0.1844815452974196,0.0879627641510526,144.36,-38.147
20270,1955-07-04 00:00:00,0.0337091368203059,-0.1025708756149758,0.1699891492555877,144.36,-38.147
20271,1955-07-05 00:00:00,0.085672513736858,-0.0506060048880865,0.2219510323618025,144.36,-38.147
20272,1955-07-06 00:00:00,0.0604568390319369,-0.0757261755853226,0.1966398536491966,144.36,-38.147
20273,1955-07-07 00:00:00,0.1105241743913379,-0.0258002466942636,0.2468485954769395,144.36,-38.147
20274,1955-07-08 00:00:00,0.1419445248180885,0.0056375167904686,0.2782515328457084,144.36,-38.147
20275,1955-07-09 00:00:00,0.1380163566679738,0.0015683555824687,0.2744643577534789,144.36,-38.147
20276,1955-07-10 00:00:00,0.1792991827742932,0.0423663794248784,0.316231986123708,144.36,-38.147
20277,1955-07-11 00:00:00,0.0523546370328464,-0.0840128029369021,0.1887220770025951,144.36,-38.147
20278,1955-07-12 00:00:00,-0.0379948532115228,-0.1743158488758993,0.0983261424528536,144.36,-38.147
20279,1955-07-13 00:00:00,0.0087882125898653,-0.1276942793682804,0.1452707045480112,144.36,-38.147
20280,1955-07-14 00:00:00,0.1564589497895148,0.0198769144675385,0.2930409851114911,144.36,-38.147
20281,1955-07-15 00:00:00,0.2510428763151769,0.1139206569115086,0.3881650957188453,144.36,-38.147
20282,1955-07-16 00:00:00,0.0868707278419142,-0.0497728481856502,0.2235143038694788,144.36,-38.147
20283,1955-07-17 00:00:00,0.0312294227481653,-0.1051839158507161,0.1676427613470467,144.36,-38.147
20284,1955-07-18 00:00:00,0.0494825705166115,-0.0867711608677419,0.185736301900965,144.36,-38.147
20285,1955-07-19 00:00:00,0.0271366161168738,-0.109149777288324,0.1634230095220717,144.36,-38.147
20286,1955-07-20 00:00:00,-0.0532756001792488,-0.1895189785316276,0.0829677781731298,144.36,-38.147
20287,1955-07-21 00:00:00,-0.0625168826201217,-0.1987817876437407,0.0737480224034973,144.36,-38.147
20288,1955-07-22 00:00:00,-0.0397966979666387,-0.1761410043550979,0.0965476084218204,144.36,-38.147
20289,1955-07-23 00:00:00,0.0136789372881493,-0.122635826042489,0.1499937006187877,144.36,-38.147
20290,1955-07-24 00:00:00,0.0544990604479221,-0.0817827046139472,0.1907808255097914,144.36,-38.147
20291,1955-07-25 00:00:00,0.1085661695584565,-0.0276477404686719,0.2447800795855851,144.36,-38.147
20292,1955-07-26 00:00:00,0.1035776499937716,-0.0326499308482431,0.2398052308357864,144.36,-38.147
20293,1955-07-27 00:00:00,0.1418607641907688,0.0055411556223634,0.2781803727591742,144.36,-38.147
20294,1955-07-28 00:00:00,0.2554235338405445,0.1190964487684412,0.3917506189126478,144.36,-38.147
20295,1955-07-29 00:00:00,0.2238855126769254,0.0872090760116947,0.3605619493421561,144.36,-38.147
20296,1955-07-30 00:00:00,0.2056513897838205,0.0687880769070092,0.3425147026606319,144.36,-38.147
20297,1955-07-31 00:00:00,0.1372961061892613,0.0001561462135536,0.2744360661649689,144.36,-38.147
20298,1955-08-01 00:00:00,0.0349159852823745,-0.1015633867456261,0.1713953573103752,144.36,-38.147
20299,1955-08-02 00:00:00,-0.0175515173202083,-0.1539620627754368,0.1188590281350201,144.36,-38.147
20300,1955-08-03 00:00:00,0.2445421376039439,0.1078412024528311,0.3812430727550567,144.36,-38.147
20301,1955-08-04 00:00:00,0.130574589707363,-0.0058057548743511,0.2669549342890773,144.36,-38.147
20302,1955-08-05 00:00:00,0.0462997564033437,-0.0899230242156492,0.1825225370223366,144.36,-38.147
20303,1955-08-06 00:00:00,0.0884495131580078,-0.0478187221609966,0.2247177484770124,144.36,-38.147
20304,1955-08-07 00:00:00,0.3272525879623377,0.1906279746505197,0.4638772012741556,144.36,-38.147
20305,1955-08-08 00:00:00,0.3170005997596532,0.1801839911291083,0.453817208390198,144.36,-38.147
20306,1955-08-09 00:00:00,0.4740832611698812,0.336879198475504,0.6112873238642583,144.36,-38.147
20307,1955-08-10 00:00:00,0.353891923655673,0.2168971219199675,0.4908867253913785,144.36,-38.147
20308,1955-08-11 00:00:00,0.0902555551865606,-0.0470813068422248,0.2275924172153461,144.36,-38.147
20309,1955-08-12 00:00:00,0.3124671864648185,0.17525240385321,0.449681969076427,144.36,-38.147
20310,1955-08-13 00:00:00,0.1232056852242095,-0.0135400991100338,0.259951469558453,144.36,-38.147
20311,1955-08-14 00:00:00,0.1760856332056175,0.0397462662666456,0.3124250001445894,144.36,-38.147
20312,1955-08-15 00:00:00,0.1376308951900788,0.0007633356503257,0.274498454729832,144.36,-38.147
20313,1955-08-16 00:00:00,0.2515240351853847,0.1130100608742505,0.3900380094965189,144.36,-38.147
20314,1955-08-17 00:00:00,0.030747725384288,-0.1066877477157765,0.1681831984843526,144.36,-38.147
20315,1955-08-18 00:00:00,0.129461797996165,-0.0068132771425135,0.2657368731348436,144.36,-38.147
20316,1955-08-19 00:00:00,0.0772499923918901,-0.0592397273595602,0.2137397121433405,144.36,-38.147
20317,1955-08-20 00:00:00,0.1612285233388438,0.0241274873849379,0.2983295592927497,144.36,-38.147
20318,1955-08-21 00:00:00,0.4775707863358849,0.3401462518231106,0.6149953208486592,144.36,-38.147
20319,1955-08-22 00:00:00,0.0809755206030324,-0.0561463780411509,0.2180974192472158,144.36,-38.147
20320,1955-08-23 00:00:00,0.2345010837866314,0.0974428858532605,0.3715592817200024,144.36,-38.147
20321,1955-08-24 00:00:00,0.1415857664353558,0.0049314334513874,0.2782400994193241,144.36,-38.147
20322,1955-08-25 00:00:00,0.3078449634286785,0.1710267003174104,0.4446632265399466,144.36,-38.147
20323,1955-08-26 00:00:00,0.288553927585088,0.152020669266693,0.4250871859034829,144.36,-38.147
20324,1955-08-27 00:00:00,0.1076533811193252,-0.0287183332410592,0.2440250954797098,144.36,-38.147
20325,1955-08-28 00:00:00,0.0464776209554413,-0.0898299839460882,0.182785225856971,144.36,-38.147
20326,1955-08-29 00:00:00,0.012253877021515,-0.124178617664921,0.148686371707951,144.36,-38.147
20327,1955-08-30 00:00:00,0.1567167048981875,0.0196423305402638,0.2937910792561112,144.36,-38.147
20328,1955-08-31 00:00:00,-0.042819885849779,-0.1793480182708379,0.0937082465712798,144.36,-38.147
20329,1955-09-01 00:00:00,0.0142502487964233,-0.1223423712975426,0.1508428688903894,144.36,-38.147
20330,1955-09-02 00:00:00,0.0720211613648079,-0.064484694398983,0.2085270171285988,144.36,-38.147
20331,1955-09-03 00:00:00,0.2138873146741227,0.0774953508104984,0.3502792785377471,144.36,-38.147
20332,1955-09-04 00:00:00,0.1350030871518494,-0.0013147912590736,0.2713209655627724,144.36,-38.147
20333,1955-09-05 00:00:00,0.058611792935506,-0.0777052378415579,0.1949288237125701,144.36,-38.147
20334,1955-09-06 00:00:00,0.0056078577388638,-0.1307023544557364,0.1419180699334641,144.36,-38.147
20335,1955-09-07 00:00:00,-0.0026232076165251,-0.1388444510977542,0.1335980358647038,144.36,-38.147
20336,1955-09-08 00:00:00,0.0415199783105301,-0.0947811207587019,0.1778210773797623,144.36,-38.147
20337,1955-09-09 00:00:00,0.0641333598062662,-0.0722781141268028,0.2005448337393353,144.36,-38.147
20338,1955-09-10 00:00:00,0.0350197425836455,-0.1011763007024175,0.1712157858697086,144.36,-38.147
20339,1955-09-11 00:00:00,-0.0003354530479382,-0.1365596505505317,0.1358887444546552,144.36,-38.147
20340,1955-09-12 00:00:00,-0.0138078235937177,-0.1500715238671545,0.1224558766797189,144.36,-38.147
20341,1955-09-13 00:00:00,0.0920065439203526,-0.0449091339664665,0.2289222218071718,144.36,-38.147
20342,1955-09-14 00:00:00,0.0340675190258579,-0.1026098303734429,0.1707448684251589,144.36,-38.147
20343,1955-09-15 00:00:00,0.1203501419660405,-0.0163832529510818,0.257083536883163,144.36,-38.147
20344,1955-09-16 00:00:00,0.0990532585775399,-0.03733969397658,0.2354462111316599,144.36,-38.147
20345,1955-09-17 00:00:00,0.0660568244349007,-0.070223077838319,0.2023367267081205,144.36,-38.147
20346,1955-09-18 00:00:00,-0.0013586091059526,-0.1376318978030901,0.1349146795911847,144.36,-38.147
20347,1955-09-19 00:00:00,0.0524411056404637,-0.0838214024894022,0.1887036137703298,144.36,-38.147
20348,1955-09-20 00:00:00,0.0134460806677069,-0.1227512907570283,0.1496434520924421,144.36,-38.147
20349,1955-09-21 00:00:00,0.0085370547542976,-0.1276946799587533,0.1447687894673486,144.36,-38.147
20350,1955-09-22 00:00:00,0.1617628487641556,0.0251857066576781,0.2983399908706331,144.36,-38.147
20351,1955-09-23 00:00:00,0.1742782404764092,0.0379207347664131,0.3106357461864053,144.36,-38.147
20352,1955-09-24 00:00:00,0.133224144009999,-0.0031549131730273,0.2696032011930254,144.36,-38.147
20353,1955-09-25 00:00:00,0.0704532719244681,-0.0657608242587398,0.2066673681076761,144.36,-38.147
20354,1955-09-26 00:00:00,0.031776787470439,-0.1044716576628392,0.1680252326037174,144.36,-38.147
20355,1955-09-27 00:00:00,0.1366422926468018,0.0003045940191681,0.2729799912744355,144.36,-38.147
20356,1955-09-28 00:00:00,0.159166100765947,0.0227450989611935,0.2955871025707004,144.36,-38.147
20357,1955-09-29 00:00:00,0.1426462229011852,0.006294988338743,0.2789974574636275,144.36,-38.147
20358,1955-09-30 00:00:00,0.0761803186306658,-0.0600469134094848,0.2124075506708164,144.36,-38.147
20359,1955-10-01 00:00:00,0.1675801340235115,0.0311137369843039,0.3040465310627191,144.36,-38.147
20360,1955-10-02 00:00:00,0.3537325261516787,0.2162197315117489,0.4912453207916084,144.36,-38.147
20361,1955-10-03 00:00:00,0.0727573861045596,-0.0643046435823176,0.2098194157914369,144.36,-38.147
20362,1955-10-04 00:00:00,-0.0033568295271362,-0.1397842169773591,0.1330705579230866,144.36,-38.147
20363,1955-10-05 00:00:00,0.0388008060821621,-0.0974362088961766,0.175037821060501,144.36,-38.147
20364,1955-10-06 00:00:00,0.04626759143721,-0.0901317235122535,0.1826669063866735,144.36,-38.147
20365,1955-10-07 00:00:00,0.0473236877046903,-0.089588899449952,0.1842362748593328,144.36,-38.147
20366,1955-10-08 00:00:00,0.1678289536588388,0.0314298782844087,0.304228029033269,144.36,-38.147
20367,1955-10-09 00:00:00,0.1075762789984997,-0.0287232501754903,0.2438758081724898,144.36,-38.147
20368,1955-10-10 00:00:00,0.1484714793204302,0.0122435935120046,0.2846993651288558,144.36,-38.147
20369,1955-10-11 00:00:00,0.1319372660041078,-0.0043240161261578,0.2681985481343736,144.36,-38.147
20370,1955-10-12 00:00:00,0.1642886164839468,0.0279906700776123,0.3005865628902814,144.36,-38.147
20371,1955-10-13 00:00:00,0.1092025050104528,-0.0272219859159138,0.2456269959368195,144.36,-38.147
20372,1955-10-14 00:00:00,0.0597495514910776,-0.0767501218142324,0.1962492247963876,144.36,-38.147
20373,1955-10-15 00:00:00,0.4457113942542748,0.3083976769288334,0.5830251115797163,144.36,-38.147
20374,1955-10-16 00:00:00,0.2440899267889126,0.1074083576978954,0.3807714958799298,144.36,-38.147
20375,1955-10-17 00:00:00,0.0791260633292334,-0.0575385698125135,0.2157906964709803,144.36,-38.147
20376,1955-10-18 00:00:00,0.2522720742989034,0.1157967651694393,0.3887473834283674,144.36,-38.147
20377,1955-10-19 00:00:00,0.1748963211962732,0.0385055628197206,0.3112870795728258,144.36,-38.147
20378,1955-10-20 00:00:00,0.0577849128465667,-0.07869898367486,0.1942688093679935,144.36,-38.147
20379,1955-10-21 00:00:00,0.2629086390084306,0.1259619098057335,0.3998553682111277,144.36,-38.147
20380,1955-10-22 00:00:00,0.2999332220762467,0.1633076174025642,0.4365588267499292,144.36,-38.147
20381,1955-10-23 00:00:00,0.0937852601369025,-0.0429505541223748,0.2305210743961799,144.36,-38.147
20382,1955-10-24 00:00:00,0.1395423572104542,0.0032026801066788,0.2758820343142295,144.36,-38.147
20383,1955-10-25 00:00:00,0.2923548797154629,0.1556285629640319,0.4290811964668939,144.36,-38.147
20384,1955-10-26 00:00:00,0.1294906191741271,-0.0070579607729486,0.2660391991212029,144.36,-38.147
20385,1955-10-27 00:00:00,0.004483453657991,-0.1317451225701927,0.1407120298861748,144.36,-38.147
20386,1955-10-28 00:00:00,0.0045358479639362,-0.1318060688921001,0.1408777648199726,144.36,-38.147
20387,1955-10-29 00:00:00,0.1273331623175334,-0.0094010438281345,0.2640673684632014,144.36,-38.147
20388,1955-10-30 00:00:00,0.274205512704727,0.13771085187839,0.410700173531064,144.36,-38.147
20389,1955-10-31 00:00:00,0.1842045301365546,0.0479158187757297,0.3204932414973795,144.36,-38.147
20390,1955-11-01 00:00:00,0.2409344727411345,0.1045195681280772,0.3773493773541918,144.36,-38.147
20391,1955-11-02 00:00:00,0.1592923908891696,0.0227998169496483,0.2957849648286909,144.36,-38.147
20392,1955-11-03 00:00:00,0.0318420423101661,-0.1044884376511305,0.1681725222714628,144.36,-38.147
20393,1955-11-04 00:00:00,0.010399561964375,-0.1260925413985105,0.1468916653272606,144.36,-38.147
20394,1955-11-05 00:00:00,0.1566318592142504,0.020054439915576,0.2932092785129248,144.36,-38.147
20395,1955-11-06 00:00:00,0.0699848775383803,-0.0662985383857777,0.2062682934625385,144.36,-38.147
20396,1955-11-07 00:00:00,0.1984298629187389,0.0619176672684099,0.3349420585690679,144.36,-38.147
20397,1955-11-08 00:00:00,0.3615722763227526,0.2248120914520975,0.4983324611934075,144.36,-38.147
20398,1955-11-09 00:00:00,0.291198538531486,0.1548029353875178,0.4275941416754542,144.36,-38.147
20399,1955-11-10 00:00:00,0.0621235439687956,-0.0744701874768199,0.1987172754144112,144.36,-38.147
20400,1955-11-11 00:00:00,0.4602479811816988,0.3234487786698524,0.5970471836935453,144.36,-38.147
20401,1955-11-12 00:00:00,0.2666312861017157,0.1298084033811725,0.403454168822259,144.36,-38.147
20402,1955-11-13 00:00:00,0.0541807296163703,-0.0821428556707644,0.1905043149035051,144.36,-38.147
20403,1955-11-14 00:00:00,0.1695412656747788,0.0330387800269108,0.3060437513226468,144.36,-38.147
20404,1955-11-15 00:00:00,0.1456855381498822,0.0091449363669396,0.2822261399328248,144.36,-38.147
20405,1955-11-16 00:00:00,0.1575172346672249,0.0212013683080247,0.293833101026425,144.36,-38.147
20406,1955-11-17 00:00:00,0.2035679151076415,0.0669056038777824,0.3402302263375007,144.36,-38.147
20407,1955-11-18 00:00:00,0.1602099541366964,0.0237563983033041,0.2966635099700888,144.36,-38.147
20408,1955-11-19 00:00:00,0.1634352279974738,0.0271102974565464,0.2997601585384013,144.36,-38.147
20409,1955-11-20 00:00:00,0.1097746661110211,-0.0265655787736438,0.2461149109956862,144.36,-38.147
20410,1955-11-21 00:00:00,0.0430438944505657,-0.093193958901236,0.1792817478023676,144.36,-38.147
20411,1955-11-22 00:00:00,0.1094797969418456,-0.0268852902639705,0.2458448841476619,144.36,-38.147
20412,1955-11-23 00:00:00,0.1760090468222151,0.0395975247762623,0.3124205688681678,144.36,-38.147
20413,1955-11-24 00:00:00,0.0865561596200428,-0.049832353802424,0.2229446730425096,144.36,-38.147
20414,1955-11-25 00:00:00,0.3870818516235739,0.2501548379349454,0.5240088653122024,144.36,-38.147
20415,1955-11-26 00:00:00,0.1246635372464042,-0.0120318278727758,0.2613589023655843,144.36,-38.147
20416,1955-11-27 00:00:00,0.1400251224807776,0.0036407457788207,0.2764094991827345,144.36,-38.147
20417,1955-11-28 00:00:00,0.092495900551312,-0.0438208894695333,0.2288126905721575,144.36,-38.147
20418,1955-11-29 00:00:00,0.0632993582742191,-0.0729722189865191,0.1995709355349575,144.36,-38.147
20419,1955-11-30 00:00:00,0.2483279518688282,0.1118055954133606,0.3848503083242958,144.36,-38.147
20420,1955-12-01 00:00:00,0.1500579236267986,0.0136816794273533,0.2864341678262438,144.36,-38.147
20421,1955-12-02 00:00:00,0.2627593402171447,0.1262005020483437,0.3993181783859457,144.36,-38.147
20422,1955-12-03 00:00:00,0.2281161997038047,0.0914205824543646,0.3648118169532447,144.36,-38.147
20423,1955-12-04 00:00:00,0.2307823275788766,0.0940536357832846,0.3675110193744686,144.36,-38.147
20424,1955-12-05 00:00:00,0.0794372956174777,-0.0569628695296594,0.2158374607646148,144.36,-38.147
20425,1955-12-06 00:00:00,0.037759644095588,-0.0984641127804866,0.1739834009716626,144.36,-38.147
20426,1955-12-07 00:00:00,0.0020049663294093,-0.1342622291220914,0.13827216178091,144.36,-38.147
20427,1955-12-08 00:00:00,0.021524812717994,-0.1147595084844845,0.1578091339204726,144.36,-38.147
20428,1955-12-09 00:00:00,0.0336622205548368,-0.1026387684025222,0.1699632095121959,144.36,-38.147
20429,1955-12-10 00:00:00,0.0355710048688364,-0.1007238241433683,0.1718658338810412,144.36,-38.147
20430,1955-12-11 00:00:00,0.1079046641448455,-0.0285073326173394,0.2443166609070305,144.36,-38.147
20431,1955-12-12 00:00:00,0.0866484960969384,-0.0498782561512832,0.22317524834516,144.36,-38.147
20432,1955-12-13 00:00:00,0.031054065975467,-0.1053552027488864,0.1674633346998205,144.36,-38.147
20433,1955-12-14 00:00:00,0.0254129691990154,-0.1109236683659026,0.1617496067639336,144.36,-38.147
20434,1955-12-15 00:00:00,0.0447185379662973,-0.0916655166423772,0.181102592574972,144.36,-38.147
20435,1955-12-16 00:00:00,0.2569583235986679,0.120486010949255,0.3934306362480807,144.36,-38.147
20436,1955-12-17 00:00:00,0.1194557462105332,-0.0168698228212233,0.2557813152422898,144.36,-38.147
20437,1955-12-18 00:00:00,0.0398567783302014,-0.0963621570286011,0.176075713689004,144.36,-38.147
20438,1955-12-19 00:00:00,0.017189458389348,-0.1191678372738437,0.1535467540525398,144.36,-38.147
20439,1955-12-20 00:00:00,0.270847348155197,0.1343397884069036,0.4073549079034904,144.36,-38.147
20440,1955-12-21 00:00:00,0.165020011726438,0.0286498071625606,0.3013902162903153,144.36,-38.147
20441,1955-12-22 00:00:00,0.1221357239952763,-0.0141756991877139,0.2584471471782665,144.36,-38.147
20442,1955-12-23 00:00:00,0.0610727271203344,-0.0754481329927759,0.1975935872334448,144.36,-38.147
20443,1955-12-24 00:00:00,-0.0313796181855957,-0.1683358415541462,0.1055766051829546,144.36,-38.147
20444,1955-12-25 00:00:00,0.0180141607905798,-0.1184211213941882,0.1544494429753478,144.36,-38.147
20445,1955-12-26 00:00:00,0.0924124053172232,-0.0438918786877648,0.2287166893222113,144.36,-38.147
20446,1955-12-27 00:00:00,0.1128126800296018,-0.0238910538224058,0.2495164138816095,144.36,-38.147
20447,1955-12-28 00:00:00,0.141669354906677,0.0045635523035935,0.2787751575097605,144.36,-38.147
20448,1955-12-29 00:00:00,0.1289124289695395,-0.0078733385823534,0.2656981965214327,144.36,-38.147
20449,1955-12-30 00:00:00,0.1808979559847636,0.0444841107958026,0.3173118011737246,144.36,-38.147
20450,1955-12-31 00:00:00,0.3182446673845664,0.181352388044872,0.4551369467242607,144.36,-38.147
20451,1956-01-01 00:00:00,0.3043169552754999,0.1673730629576303,0.4412608475933696,144.36,-38.147
20452,1956-01-02 00:00:00,0.178523013555274,0.0420575366970855,0.3149884904134625,144.36,-38.147
20453,1956-01-03 00:00:00,0.1956517011297254,0.0593541030515747,0.3319492992078761,144.36,-38.147
20454,1956-01-04 00:00:00,0.2598544304275263,0.1235397060903426,0.3961691547647099,144.36,-38.147
20455,1956-01-05 00:00:00,0.1272816281244795,-0.0090691604748804,0.2636324167238394,144.36,-38.147
20456,1956-01-06 00:00:00,0.0122351774191282,-0.1240353612755584,0.1485057161138148,144.36,-38.147
20457,1956-01-07 00:00:00,0.016010781170648,-0.1203337588089989,0.1523553211502951,144.36,-38.147
20458,1956-01-08 00:00:00,0.0613275756658781,-0.0752284728345495,0.1978836241663058,144.36,-38.147
20459,1956-01-09 00:00:00,0.1536877114763039,0.0171445927193956,0.2902308302332121,144.36,-38.147
20460,1956-01-10 00:00:00,0.1437191930985538,0.0071014356303836,0.280336950566724,144.36,-38.147
20461,1956-01-11 00:00:00,0.1705295143347517,0.0341914691370354,0.306867559532468,144.36,-38.147
20462,1956-01-12 00:00:00,0.1533778014369534,0.0170736692213165,0.2896819336525904,144.36,-38.147
20463,1956-01-13 00:00:00,0.206487256571515,0.0701541194042381,0.3428203937387919,144.36,-38.147
20464,1956-01-14 00:00:00,0.1993725336748072,0.0630468053413269,0.3356982620082875,144.36,-38.147
20465,1956-01-15 00:00:00,0.1497569862226532,0.0134506004254701,0.2860633720198364,144.36,-38.147
20466,1956-01-16 00:00:00,0.1383285269449565,0.0019167865340216,0.2747402673558913,144.36,-38.147
20467,1956-01-17 00:00:00,0.0458778784154035,-0.0904449546339273,0.1822007114647344,144.36,-38.147
20468,1956-01-18 00:00:00,0.1640389611542489,0.0274570465967795,0.3006208757117184,144.36,-38.147
20469,1956-01-19 00:00:00,0.1579066069722254,0.0215388860269821,0.2942743279174688,144.36,-38.147
20470,1956-01-20 00:00:00,0.1977298951931245,0.0614151034826568,0.3340446869035921,144.36,-38.147
20471,1956-01-21 00:00:00,0.2557977255470768,0.1194108859094498,0.3921845651847038,144.36,-38.147
20472,1956-01-22 00:00:00,0.0644017669229284,-0.0719047542954939,0.2007082881413507,144.36,-38.147
20473,1956-01-23 00:00:00,0.0081617540326809,-0.128049817753187,0.1443733258185489,144.36,-38.147
20474,1956-01-24 00:00:00,0.0648700905964837,-0.0713902240577501,0.2011304052507176,144.36,-38.147
20475,1956-01-25 00:00:00,0.0673207806557076,-0.0690334779854984,0.2036750392969137,144.36,-38.147
20476,1956-01-26 00:00:00,0.061236806269898,-0.0750638790487454,0.1975374915885416,144.36,-38.147
20477,1956-01-27 00:00:00,0.0104685868902016,-0.1257963316234937,0.1467335054038969,144.36,-38.147
20478,1956-01-28 00:00:00,0.0094516596110932,-0.1268317454358123,0.1457350646579988,144.36,-38.147
20479,1956-01-29 00:00:00,-0.0015250383488117,-0.1377938850511865,0.1347438083535629,144.36,-38.147
20480,1956-01-30 00:00:00,-5.561790549168944e-05,-0.1363603927572319,0.1362491569462486,144.36,-38.147
20481,1956-01-31 00:00:00,-0.021434771185972,-0.1577213797862751,0.114851837414331,144.36,-38.147
20482,1956-02-01 00:00:00,-0.0106149238806428,-0.1469618568720592,0.1257320091107735,144.36,-38.147
20483,1956-02-02 00:00:00,0.0401257081534576,-0.0962046618586053,0.1764560781655206,144.36,-38.147
20484,1956-02-03 00:00:00,0.0750547476900334,-0.0612660138916235,0.2113755092716903,144.36,-38.147
20485,1956-02-04 00:00:00,0.0554345311563274,-0.0810339977789314,0.1919030600915862,144.36,-38.147
20486,1956-02-05 00:00:00,0.0238727678015876,-0.1126690998554551,0.1604146354586305,144.36,-38.147
20487,1956-02-06 00:00:00,0.0216244557589013,-0.1147664872021564,0.1580153987199592,144.36,-38.147
20488,1956-02-07 00:00:00,-0.0039025850065184,-0.140266105181331,0.132460935168294,144.36,-38.147
20489,1956-02-08 00:00:00,0.0699336986452184,-0.0664575588610308,0.2063249561514676,144.36,-38.147
20490,1956-02-09 00:00:00,0.0237612822865447,-0.1126538278704401,0.1601763924435296,144.36,-38.147
20491,1956-02-10 00:00:00,0.0890374289840159,-0.0474188518770005,0.2254937098450324,144.36,-38.147
20492,1956-02-11 00:00:00,0.109433145791927,-0.0269564456007497,0.2458227371846038,144.36,-38.147
20493,1956-02-12 00:00:00,0.1370872215677365,0.0004698875792991,0.273704555556174,144.36,-38.147
20494,1956-02-13 00:00:00,0.0319571202466975,-0.1043571272667776,0.1682713677601727,144.36,-38.147
20495,1956-02-14 00:00:00,0.0519885819709898,-0.0842391113287204,0.1882162752707001,144.36,-38.147
20496,1956-02-15 00:00:00,0.0617871549262777,-0.0744258043595518,0.1980001142121074,144.36,-38.147
20497,1956-02-16 00:00:00,0.0295659845418971,-0.1069823600276052,0.1661143291113996,144.36,-38.147
20498,1956-02-17 00:00:00,0.0444073760850433,-0.0925405130197685,0.1813552651898551,144.36,-38.147
20499,1956-02-18 00:00:00,0.0622642961726835,-0.0743830281252844,0.1989116204706514,144.36,-38.147
20500,1956-02-19 00:00:00,0.0670084710332742,-0.0694060840581041,0.2034230261246525,144.36,-38.147
20501,1956-02-20 00:00:00,0.0584605431741509,-0.0781386847140349,0.1950597710623368,144.36,-38.147
20502,1956-02-21 00:00:00,0.0679848956394379,-0.0686844306412418,0.2046542219201177,144.36,-38.147
20503,1956-02-22 00:00:00,0.1175124585667439,-0.0191598591920333,0.2541847763255211,144.36,-38.147
20504,1956-02-23 00:00:00,0.1477808461178621,0.0113128875679613,0.284248804667763,144.36,-38.147
20505,1956-02-24 00:00:00,0.1084353653081464,-0.027904460200639,0.2447751908169319,144.36,-38.147
20506,1956-02-25 00:00:00,0.1179815128626784,-0.01841002337347,0.2543730490988269,144.36,-38.147
20507,1956-02-26 00:00:00,0.0444406087489324,-0.0918614189346712,0.1807426364325362,144.36,-38.147
20508,1956-02-27 00:00:00,0.0041479373280409,-0.1320633477111375,0.1403592223672194,144.36,-38.147
20509,1956-02-28 00:00:00,0.0240875346194467,-0.1121423647792224,0.1603174340181159,144.36,-38.147
20510,1956-02-29 00:00:00,0.0071619708394871,-0.1291023181539773,0.1434262598329516,144.36,-38.147
20511,1956-03-01 00:00:00,0.0020918197850204,-0.1341809833137577,0.1383646228837986,144.36,-38.147
20512,1956-03-02 00:00:00,0.0400670473758577,-0.096221607054615,0.1763557018063306,144.36,-38.147
20513,1956-03-03 00:00:00,0.103300052683169,-0.0330283407243937,0.2396284460907318,144.36,-38.147
20514,1956-03-04 00:00:00,0.0919342927145529,-0.0444061840034732,0.2282747694325791,144.36,-38.147
20515,1956-03-05 00:00:00,0.0479864635272111,-0.0882332602333051,0.1842061872877274,144.36,-38.147
20516,1956-03-06 00:00:00,0.064046088787458,-0.072227458805887,0.200319636380803,144.36,-38.147
20517,1956-03-07 00:00:00,0.2559021161450404,0.1194377982635594,0.3923664340265215,144.36,-38.147
20518,1956-03-08 00:00:00,0.2183301379411396,0.0815810096455399,0.3550792662367394,144.36,-38.147
20519,1956-03-09 00:00:00,0.1403503513744771,0.0040585094767647,0.2766421932721895,144.36,-38.147
20520,1956-03-10 00:00:00,0.1236645436032511,-0.0127354980648697,0.260064585271372,144.36,-38.147
20521,1956-03-11 00:00:00,0.010313500734364,-0.1260303774428351,0.1466573789115632,144.36,-38.147
20522,1956-03-12 00:00:00,0.008684182594945,-0.1275680172100149,0.1449363823999049,144.36,-38.147
20523,1956-03-13 00:00:00,-0.0023452504254564,-0.1386587782086715,0.1339682773577586,144.36,-38.147
20524,1956-03-14 00:00:00,0.0808616076446485,-0.0556386498053247,0.2173618650946217,144.36,-38.147
20525,1956-03-15 00:00:00,0.1226066412487181,-0.0137500730962956,0.2589633555937319,144.36,-38.147
20526,1956-03-16 00:00:00,0.0585269418478148,-0.0778437759829325,0.1948976596785622,144.36,-38.147
20527,1956-03-17 00:00:00,0.0405884069058679,-0.0957862867918717,0.1769631006036076,144.36,-38.147
20528,1956-03-18 00:00:00,-0.0111272826969521,-0.1475040133882028,0.1252494479942986,144.36,-38.147
20529,1956-03-19 00:00:00,-0.0322648270921037,-0.1686295119868753,0.1040998578026678,144.36,-38.147
20530,1956-03-20 00:00:00,-0.0485809341050529,-0.1849940125483209,0.087832144338215,144.36,-38.147
20531,1956-03-21 00:00:00,0.0092447828038902,-0.1270948330772405,0.145584398685021,144.36,-38.147
20532,1956-03-22 00:00:00,0.0316814932212324,-0.1045266269682216,0.1678896134106866,144.36,-38.147
20533,1956-03-23 00:00:00,0.0666820439900111,-0.0695693551106387,0.2029334430906609,144.36,-38.147
20534,1956-03-24 00:00:00,0.0514633454638202,-0.0847631118311915,0.1876898027588321,144.36,-38.147
20535,1956-03-25 00:00:00,0.0241410303612134,-0.1121318086031807,0.1604138693256077,144.36,-38.147
20536,1956-03-26 00:00:00,-0.0205100236226741,-0.1567525601286636,0.1157325128833154,144.36,-38.147
20537,1956-03-27 00:00:00,-0.0331134663294365,-0.1693113935955111,0.1030844609366381,144.36,-38.147
20538,1956-03-28 00:00:00,-0.0141678333364327,-0.1503667349969043,0.1220310683240388,144.36,-38.147
20539,1956-03-29 00:00:00,0.0408100652097644,-0.0954191434500222,0.1770392738695511,144.36,-38.147
20540,1956-03-30 00:00:00,0.0250017955305128,-0.1112644524912124,0.161268043552238,144.36,-38.147
20541,1956-03-31 00:00:00,0.0209906808005751,-0.115344431338317,0.1573257929394672,144.36,-38.147
20542,1956-04-01 00:00:00,0.2078654382213579,0.0713587266053978,0.344372149837318,144.36,-38.147
20543,1956-04-02 00:00:00,0.0549004698244361,-0.0814074073803765,0.1912083470292489,144.36,-38.147
20544,1956-04-03 00:00:00,0.014275577254392,-0.1219490345691484,0.1505001890779325,144.36,-38.147
20545,1956-04-04 00:00:00,0.0873752600571692,-0.0489140472431315,0.2236645673574699,144.36,-38.147
20546,1956-04-05 00:00:00,0.0529905546042972,-0.0832180029752773,0.1891991121838718,144.36,-38.147
20547,1956-04-06 00:00:00,0.0475418804266884,-0.0886462275412979,0.1837299883946747,144.36,-38.147
20548,1956-04-07 00:00:00,0.0427515605380981,-0.093471257591386,0.1789743786675823,144.36,-38.147
20549,1956-04-08 00:00:00,0.0526194613644668,-0.0835966139953311,0.1888355367242649,144.36,-38.147
20550,1956-04-09 00:00:00,0.1049737402469752,-0.0312727636495837,0.2412202441435343,144.36,-38.147
20551,1956-04-10 00:00:00,0.3071340012311447,0.1705533521184052,0.4437146503438843,144.36,-38.147
20552,1956-04-11 00:00:00,0.1811133158138943,0.044448499662823,0.3177781319649656,144.36,-38.147
20553,1956-04-12 00:00:00,0.1175079755275962,-0.0187714365276833,0.2537873875828759,144.36,-38.147
20554,1956-04-13 00:00:00,0.2607751831117906,0.1242157079885526,0.3973346582350285,144.36,-38.147
20555,1956-04-14 00:00:00,0.137176438039554,0.0006014007480785,0.2737514753310295,144.36,-38.147
20556,1956-04-15 00:00:00,0.2969097983868132,0.1592031391337479,0.4346164576398784,144.36,-38.147
20557,1956-04-16 00:00:00,0.3556592287227482,0.2184174219478789,0.4929010354976174,144.36,-38.147
20558,1956-04-17 00:00:00,0.277744551706063,0.1411340174046577,0.4143550860074682,144.36,-38.147
20559,1956-04-18 00:00:00,0.4717335257741381,0.3339437793397148,0.6095232722085615,144.36,-38.147
20560,1956-04-19 00:00:00,0.2471380779933227,0.1090838217250673,0.3851923342615782,144.36,-38.147
20561,1956-04-20 00:00:00,0.3050564157289818,0.1680332843709117,0.4420795470870519,144.36,-38.147
20562,1956-04-21 00:00:00,0.2239190746179438,0.0867573227832599,0.3610808264526277,144.36,-38.147
20563,1956-04-22 00:00:00,0.1587286425861716,0.0222620214082663,0.2951952637640769,144.36,-38.147
20564,1956-04-23 00:00:00,0.0991587550584785,-0.0372276774090894,0.2355451875260466,144.36,-38.147
20565,1956-04-24 00:00:00,0.0642763002276634,-0.0720605624963937,0.2006131629517206,144.36,-38.147
20566,1956-04-25 00:00:00,0.131375811597797,-0.0050169433709823,0.2677685665665765,144.36,-38.147
20567,1956-04-26 00:00:00,0.1829823448250382,0.0465632388886653,0.3194014507614111,144.36,-38.147
20568,1956-04-27 00:00:00,0.1947638391263308,0.0582683987976331,0.3312592794550284,144.36,-38.147
20569,1956-04-28 00:00:00,0.0964587363820331,-0.0399021048471578,0.2328195776112241,144.36,-38.147
20570,1956-04-29 00:00:00,0.0988688933419713,-0.0374737064452215,0.2352114931291642,144.36,-38.147
20571,1956-04-30 00:00:00,0.0361157526955606,-0.1001223415460141,0.1723538469371354,144.36,-38.147
20572,1956-05-01 00:00:00,-0.0016107934863126,-0.1378152957792567,0.1345937088066315,144.36,-38.147
20573,1956-05-02 00:00:00,0.0656839672767635,-0.0709317880465879,0.202299722600115,144.36,-38.147
20574,1956-05-03 00:00:00,0.1480159925456699,0.010359800369011,0.2856721847223288,144.36,-38.147
20575,1956-05-04 00:00:00,0.008600720048547,-0.1282036850105714,0.1454051251076654,144.36,-38.147
20576,1956-05-05 00:00:00,-0.0055938492667856,-0.1419390365010683,0.1307513379674969,144.36,-38.147
20577,1956-05-06 00:00:00,0.0491871565744927,-0.0870512858465385,0.1854255989955241,144.36,-38.147
20578,1956-05-07 00:00:00,0.091304217707996,-0.044968697964919,0.2275771333809111,144.36,-38.147
20579,1956-05-08 00:00:00,0.0534116059269573,-0.0829063498321127,0.1897295616860274,144.36,-38.147
20580,1956-05-09 00:00:00,0.0051919283375787,-0.1310392195806421,0.1414230762557995,144.36,-38.147
20581,1956-05-10 00:00:00,0.0498157158234881,-0.0863818028322687,0.186013234479245,144.36,-38.147
20582,1956-05-11 00:00:00,0.0820071519670193,-0.0543100999704182,0.2183244039044569,144.36,-38.147
20583,1956-05-12 00:00:00,0.0641579204743522,-0.0721756438010213,0.2004914847497257,144.36,-38.147
20584,1956-05-13 00:00:00,0.0514045176818033,-0.0849752383799262,0.1877842737435328,144.36,-38.147
20585,1956-05-14 00:00:00,0.0112435951252991,-0.1251412944425753,0.1476284846931736,144.36,-38.147
20586,1956-05-15 00:00:00,0.0385867016510105,-0.0977343101530926,0.1749077134551137,144.36,-38.147
20587,1956-05-16 00:00:00,0.0906601973262388,-0.0473245162998812,0.2286449109523589,144.36,-38.147
20588,1956-05-17 00:00:00,0.1967270947247107,0.0591956448613265,0.334258544588095,144.36,-38.147
20589,1956-05-18 00:00:00,0.2070042791571507,0.0706583405724891,0.3433502177418123,144.36,-38.147
20590,1956-05-19 00:00:00,0.0897054568944793,-0.0465163421982966,0.2259272559872553,144.36,-38.147
20591,1956-05-20 00:00:00,0.0514130927517719,-0.0848289427264021,0.1876551282299459,144.36,-38.147
20592,1956-05-21 00:00:00,0.0534980616899263,-0.0827315229646898,0.1897276463445425,144.36,-38.147
20593,1956-05-22 00:00:00,0.0786788809009485,-0.0576453393744346,0.2150031011763317,144.36,-38.147
20594,1956-05-23 00:00:00,0.0986360240674556,-0.0376470194401965,0.2349190675751078,144.36,-38.147
20595,1956-05-24 00:00:00,0.1358414490359344,-0.0005830378899681,0.2722659359618369,144.36,-38.147
20596,1956-05-25 00:00:00,0.129541151798629,-0.0070642816649426,0.2661465852622006,144.36,-38.147
20597,1956-05-26 00:00:00,0.0825438796278691,-0.0540928735496615,0.2191806328053998,144.36,-38.147
20598,1956-05-27 00:00:00,0.1198235475275148,-0.0165386960112763,0.256185791066306,144.36,-38.147
20599,1956-05-28 00:00:00,0.1002319257004975,-0.0361762008048163,0.2366400522058113,144.36,-38.147
20600,1956-05-29 00:00:00,0.0389946601777023,-0.0973203028457836,0.1753096232011883,144.36,-38.147
20601,1956-05-30 00:00:00,0.0356041463256879,-0.1006597306268864,0.1718680232782622,144.36,-38.147
20602,1956-05-31 00:00:00,0.2645593798684452,0.1277807363688045,0.401338023368086,144.36,-38.147
20603,1956-06-01 00:00:00,0.0305999763631481,-0.1067730675361375,0.1679730202624338,144.36,-38.147
20604,1956-06-02 00:00:00,-0.077144993193627,-0.213781393174599,0.059491406787345,144.36,-38.147
20605,1956-06-03 00:00:00,0.0052910571783105,-0.1308952284866558,0.1414773428432769,144.36,-38.147
20606,1956-06-04 00:00:00,0.0318113402848174,-0.104407498843612,0.1680301794132468,144.36,-38.147
20607,1956-06-05 00:00:00,0.1363506758667225,-5.146879950787553e-05,0.272752820532953,144.36,-38.147
20608,1956-06-06 00:00:00,0.1581563568408582,0.0217084678112963,0.2946042458704201,144.36,-38.147
20609,1956-06-07 00:00:00,0.1109496336198347,-0.025463370142658,0.2473626373823275,144.36,-38.147
20610,1956-06-08 00:00:00,0.0840471621287715,-0.0523585968990615,0.2204529211566046,144.36,-38.147
20611,1956-06-09 00:00:00,0.0321716124434197,-0.10424390565694,0.1685871305437795,144.36,-38.147
20612,1956-06-10 00:00:00,0.0181575263620422,-0.1183296088430671,0.1546446615671516,144.36,-38.147
20613,1956-06-11 00:00:00,0.008620855061252,-0.1279170025449536,0.1451587126674577,144.36,-38.147
20614,1956-06-12 00:00:00,0.280082830199666,0.1432941217434694,0.4168715386558627,144.36,-38.147
20615,1956-06-13 00:00:00,0.3227070712176589,0.1857408240949161,0.4596733183404018,144.36,-38.147
20616,1956-06-14 00:00:00,0.1298141893458774,-0.00699570340352,0.2666240820952749,144.36,-38.147
20617,1956-06-15 00:00:00,0.2440385838380926,0.1074488811838279,0.3806282864923573,144.36,-38.147
20618,1956-06-16 00:00:00,0.2673779438803201,0.1292587371546092,0.4054971506060311,144.36,-38.147
20619,1956-06-17 00:00:00,0.2160518566676614,0.0788103802526653,0.3532933330826575,144.36,-38.147
20620,1956-06-18 00:00:00,0.4175296981641778,0.2802356196954086,0.554823776632947,144.36,-38.147
20621,1956-06-19 00:00:00,0.1928052990811106,0.0555474317245384,0.3300631664376827,144.36,-38.147
20622,1956-06-20 00:00:00,0.0615065238650049,-0.0749472334728302,0.1979602812028402,144.36,-38.147
20623,1956-06-21 00:00:00,0.0530172049258369,-0.0833181207371833,0.1893525305888571,144.36,-38.147
20624,1956-06-22 00:00:00,0.0149428841197319,-0.1213050773375039,0.1511908455769677,144.36,-38.147
20625,1956-06-23 00:00:00,-0.0048022841766474,-0.1410859269609279,0.1314813586076331,144.36,-38.147
20626,1956-06-24 00:00:00,-0.0096660788000047,-0.1459628657246487,0.1266307081246392,144.36,-38.147
20627,1956-06-25 00:00:00,-0.0040210517512624,-0.1404989776948547,0.1324568741923299,144.36,-38.147
20628,1956-06-26 00:00:00,0.1060370292921511,-0.0304436135462681,0.2425176721305703,144.36,-38.147
20629,1956-06-27 00:00:00,0.1238163397808651,-0.0128478105465671,0.2604804901082974,144.36,-38.147
20630,1956-06-28 00:00:00,0.4433062734447533,0.3065163243484118,0.5800962225410948,144.36,-38.147
20631,1956-06-29 00:00:00,0.4755802801612644,0.3377162013869902,0.6134443589355387,144.36,-38.147
20632,1956-06-30 00:00:00,0.1932292473259361,0.0555855252359445,0.3308729694159278,144.36,-38.147
20633,1956-07-01 00:00:00,0.2204835999433652,0.0838228733812951,0.3571443265054353,144.36,-38.147
20634,1956-07-02 00:00:00,0.0294730176478727,-0.1070072911898563,0.1659533264856018,144.36,-38.147
20635,1956-07-03 00:00:00,0.1831434278246641,0.0459220070729884,0.3203648485763398,144.36,-38.147
20636,1956-07-04 00:00:00,0.1591575494325417,0.0223724839613876,0.2959426149036958,144.36,-38.147
20637,1956-07-05 00:00:00,0.0760588311737831,-0.0602098926727935,0.2123275550203597,144.36,-38.147
20638,1956-07-06 00:00:00,0.0274476160198791,-0.1089338977508002,0.1638291297905584,144.36,-38.147
20639,1956-07-07 00:00:00,0.1442490563537877,0.0076250584137947,0.2808730542937806,144.36,-38.147
20640,1956-07-08 00:00:00,0.1773830617079545,0.040731218316052,0.314034905099857,144.36,-38.147
20641,1956-07-09 00:00:00,0.0527880022442142,-0.0838316651355328,0.1894076696239614,144.36,-38.147
20642,1956-07-10 00:00:00,-0.0004878806347272,-0.1367751439665672,0.1357993826971127,144.36,-38.147
20643,1956-07-11 00:00:00,0.0004719780957123,-0.1358947425225909,0.1368386987140155,144.36,-38.147
20644,1956-07-12 00:00:00,0.0566908912733678,-0.0801673273076803,0.1935491098544159,144.36,-38.147
20645,1956-07-13 00:00:00,-0.0396367203454749,-0.1762557996542821,0.0969823589633322,144.36,-38.147
20646,1956-07-14 00:00:00,0.0066326348023382,-0.1296172057641199,0.1428824753687965,144.36,-38.147
20647,1956-07-15 00:00:00,0.0597780805983166,-0.0764740783883292,0.1960302395849626,144.36,-38.147
20648,1956-07-16 00:00:00,0.0275338857754634,-0.1087440304938694,0.1638118020447964,144.36,-38.147
20649,1956-07-17 00:00:00,0.0364435020220481,-0.1001435159147415,0.1730305199588378,144.36,-38.147
20650,1956-07-18 00:00:00,0.1426014355285781,0.0060945879808249,0.2791082830763313,144.36,-38.147
20651,1956-07-19 00:00:00,0.1006076575283106,-0.0356723619304593,0.2368876769870807,144.36,-38.147
20652,1956-07-20 00:00:00,0.1221623643769526,-0.014072127529135,0.2583968562830404,144.36,-38.147
20653,1956-07-21 00:00:00,0.0958885958999604,-0.0404525782638691,0.23222977006379,144.36,-38.147
20654,1956-07-22 00:00:00,0.1703959767763408,0.0337565665365869,0.3070353870160949,144.36,-38.147
20655,1956-07-23 00:00:00,0.1079205377031377,-0.0283830758046891,0.2442241512109645,144.36,-38.147
20656,1956-07-24 00:00:00,0.1296615486849149,-0.0069241095336008,0.2662472069034307,144.36,-38.147
20657,1956-07-25 00:00:00,0.2908263060788617,0.1541467832672393,0.4275058288904841,144.36,-38.147
20658,1956-07-26 00:00:00,0.2358654460026398,0.0992698151441247,0.372461076861155,144.36,-38.147
20659,1956-07-27 00:00:00,0.1778222089219147,0.0414995442706658,0.3141448735731635,144.36,-38.147
20660,1956-07-28 00:00:00,0.0598755291144603,-0.0764361749950157,0.1961872332239363,144.36,-38.147
20661,1956-07-29 00:00:00,0.0753774819683698,-0.0614470208796997,0.2122019848164395,144.36,-38.147
20662,1956-07-30 00:00:00,0.2841290804030294,0.1466146009538003,0.4216435598522584,144.36,-38.147
20663,1956-07-31 00:00:00,0.0941467548116882,-0.0422706933631824,0.2305642029865588,144.36,-38.147
20664,1956-08-01 00:00:00,0.085988868021667,-0.0503672874503185,0.2223450234936527,144.36,-38.147
20665,1956-08-02 00:00:00,-0.0059874158478046,-0.1422390091770143,0.1302641774814051,144.36,-38.147
20666,1956-08-03 00:00:00,0.0235244961796138,-0.1127402657641613,0.159789258123389,144.36,-38.147
20667,1956-08-04 00:00:00,0.0599661196382212,-0.0762784253912755,0.1962106646677179,144.36,-38.147
20668,1956-08-05 00:00:00,0.0366123997570005,-0.0995940639934881,0.1728188635074893,144.36,-38.147
20669,1956-08-06 00:00:00,0.0183529955894036,-0.1179172991897034,0.1546232903685108,144.36,-38.147
20670,1956-08-07 00:00:00,0.0547267024634597,-0.0821806414215722,0.1916340463484916,144.36,-38.147
20671,1956-08-08 00:00:00,0.2853615858376006,0.1481939160619058,0.4225292556132953,144.36,-38.147
20672,1956-08-09 00:00:00,0.1511046767511132,0.0139194211770587,0.2882899323251676,144.36,-38.147
20673,1956-08-10 00:00:00,0.5061558813628082,0.3683863757414665,0.6439253869841499,144.36,-38.147
20674,1956-08-11 00:00:00,0.2571017662892726,0.1192796558142472,0.3949238767642979,144.36,-38.147
20675,1956-08-12 00:00:00,0.0839988080465953,-0.0525802106941329,0.2205778267873236,144.36,-38.147
20676,1956-08-13 00:00:00,0.1422659705780406,0.0056064864671727,0.2789254546889084,144.36,-38.147
20677,1956-08-14 00:00:00,0.2768679308621029,0.1399028647208049,0.4138329970034008,144.36,-38.147
20678,1956-08-15 00:00:00,0.3177328445506719,0.1808163722925391,0.4546493168088046,144.36,-38.147
20679,1956-08-16 00:00:00,0.1207339334599046,-0.0156079376599309,0.2570758045797401,144.36,-38.147
20680,1956-08-17 00:00:00,0.0477449638713737,-0.0885581041099144,0.184048031852662,144.36,-38.147
20681,1956-08-18 00:00:00,0.0934098502358184,-0.0430522566534323,0.2298719571250691,144.36,-38.147
20682,1956-08-19 00:00:00,0.2903172454325016,0.1536429744972754,0.4269915163677278,144.36,-38.147
20683,1956-08-20 00:00:00,0.0806117902139342,-0.05596337594742,0.2171869563752885,144.36,-38.147
20684,1956-08-21 00:00:00,0.0441221067367929,-0.0921870427997763,0.1804312562733621,144.36,-38.147
20685,1956-08-22 00:00:00,0.2408504863030374,0.104104611653187,0.3775963609528878,144.36,-38.147
20686,1956-08-23 00:00:00,0.4447630370661346,0.3070619892075729,0.5824640849246964,144.36,-38.147
20687,1956-08-24 00:00:00,0.3034524738454179,0.1638213036177695,0.4430836440730664,144.36,-38.147
20688,1956-08-25 00:00:00,0.1389085977210117,0.001884494407759,0.2759327010342643,144.36,-38.147
20689,1956-08-26 00:00:00,0.0876005067766875,-0.0487847408703481,0.2239857544237233,144.36,-38.147
20690,1956-08-27 00:00:00,0.1146308569998436,-0.0219718240466984,0.2512335380463857,144.36,-38.147
20691,1956-08-28 00:00:00,0.2238922141767833,0.086813009182041,0.3609714191715256,144.36,-38.147
20692,1956-08-29 00:00:00,0.0523195798352926,-0.084140011828461,0.1887791714990463,144.36,-38.147
20693,1956-08-30 00:00:00,0.1429951894976687,0.0066722672228138,0.2793181117725237,144.36,-38.147
20694,1956-08-31 00:00:00,0.1876705779188066,0.0512815674808848,0.3240595883567283,144.36,-38.147
20695,1956-09-01 00:00:00,0.0900114954362075,-0.0464765708263572,0.2264995616987723,144.36,-38.147
20696,1956-09-02 00:00:00,0.3446706151090568,0.2069575219113196,0.482383708306794,144.36,-38.147
20697,1956-09-03 00:00:00,0.1955228769528273,0.0580532786085257,0.332992475297129,144.36,-38.147
20698,1956-09-04 00:00:00,-0.0036240173292896,-0.1402696611689801,0.1330216265104009,144.36,-38.147
20699,1956-09-05 00:00:00,-0.0321597533625301,-0.1683820688723736,0.1040625621473133,144.36,-38.147
20700,1956-09-06 00:00:00,0.0040380784458371,-0.1322386993181051,0.1403148562097795,144.36,-38.147
20701,1956-09-07 00:00:00,0.0958340102618156,-0.0409358426060703,0.2326038631297015,144.36,-38.147
20702,1956-09-08 00:00:00,0.1060764082596471,-0.0307201934774549,0.2428730099967491,144.36,-38.147
20703,1956-09-09 00:00:00,-0.0061698187563252,-0.1433006859576833,0.1309610484450329,144.36,-38.147
20704,1956-09-10 00:00:00,-0.0187946160367839,-0.1560324672869836,0.1184432352134158,144.36,-38.147
20705,1956-09-11 00:00:00,0.0372773733620805,-0.09935503565854,0.1739097823827012,144.36,-38.147
20706,1956-09-12 00:00:00,0.0335653740108846,-0.1027706241287408,0.1699013721505101,144.36,-38.147
20707,1956-09-13 00:00:00,0.0115093891358193,-0.1247294555079442,0.1477482337795829,144.36,-38.147
20708,1956-09-14 00:00:00,0.0079169259176283,-0.1282884836442553,0.144122335479512,144.36,-38.147
20709,1956-09-15 00:00:00,0.0113642721990955,-0.1248312480899916,0.1475597924881827,144.36,-38.147
20710,1956-09-16 00:00:00,0.0195758173811262,-0.1166143106217429,0.1557659453839954,144.36,-38.147
20711,1956-09-17 00:00:00,0.0851815187004027,-0.0511109183767757,0.2214739557775811,144.36,-38.147
20712,1956-09-18 00:00:00,0.0786433739334266,-0.0577038477550902,0.2149905956219434,144.36,-38.147
20713,1956-09-19 00:00:00,0.2223164348884533,0.0859561056916073,0.3586767640852992,144.36,-38.147
20714,1956-09-20 00:00:00,0.203329274066248,0.0669515035910422,0.3397070445414539,144.36,-38.147
20715,1956-09-21 00:00:00,0.2650003675509899,0.1283626184274374,0.4016381166745423,144.36,-38.147
20716,1956-09-22 00:00:00,0.2773549170112783,0.1406917624919091,0.4140180715306475,144.36,-38.147
20717,1956-09-23 00:00:00,0.1803207115700277,0.0437330752782431,0.3169083478618124,144.36,-38.147
20718,1956-09-24 00:00:00,-0.0467433344272907,-0.1831660197450828,0.0896793508905014,144.36,-38.147
20719,1956-09-25 00:00:00,0.0071667149337329,-0.1294069202583352,0.1437403501258011,144.36,-38.147
20720,1956-09-26 00:00:00,0.0811627805602749,-0.0555689754906008,0.2178945366111506,144.36,-38.147
20721,1956-09-27 00:00:00,0.0218614084155054,-0.1144261507635001,0.158148967594511,144.36,-38.147
20722,1956-09-28 00:00:00,0.1668134583102755,0.0305171572225489,0.3031097593980021,144.36,-38.147
20723,1956-09-29 00:00:00,0.1116095932154528,-0.0246410011405751,0.2478601875714808,144.36,-38.147
20724,1956-09-30 00:00:00,0.111888550179185,-0.0244345002941051,0.2482116006524752,144.36,-38.147
20725,1956-10-01 00:00:00,0.1106752180320762,-0.0256111869784081,0.2469616230425605,144.36,-38.147
20726,1956-10-02 00:00:00,0.0615875841645027,-0.0746475669138895,0.197822735242895,144.36,-38.147
20727,1956-10-03 00:00:00,0.0266445798204528,-0.109586127436741,0.1628752870776468,144.36,-38.147
20728,1956-10-04 00:00:00,0.0400223163791756,-0.0963050446930541,0.1763496774514054,144.36,-38.147
20729,1956-10-05 00:00:00,0.0545341270238917,-0.0818111359487567,0.1908793899965402,144.36,-38.147
20730,1956-10-06 00:00:00,0.0220385392994205,-0.1143221437750857,0.1583992223739267,144.36,-38.147
20731,1956-10-07 00:00:00,0.0716584261966266,-0.0647146600902367,0.2080315124834901,144.36,-38.147
20732,1956-10-08 00:00:00,0.0098984313720211,-0.1265089664318032,0.1463058291758454,144.36,-38.147
20733,1956-10-09 00:00:00,0.0134702082671734,-0.1228742259578413,0.1498146424921881,144.36,-38.147
20734,1956-10-10 00:00:00,0.1501498498100576,0.0134275245474501,0.2868721750726651,144.36,-38.147
20735,1956-10-11 00:00:00,0.3991566835323433,0.2620838196008068,0.5362295474638799,144.36,-38.147
20736,1956-10-12 00:00:00,0.1970298310365068,0.0600447197706416,0.3340149423023721,144.36,-38.147
20737,1956-10-13 00:00:00,0.089118666151418,-0.0471213670036501,0.2253586993064862,144.36,-38.147
20738,1956-10-14 00:00:00,0.0996294816502982,-0.0367886593354788,0.2360476226360753,144.36,-38.147
20739,1956-10-15 00:00:00,0.0351086249554596,-0.1013948606215246,0.1716121105324439,144.36,-38.147
20740,1956-10-16 00:00:00,0.2080793933902597,0.0714374622722618,0.3447213245082576,144.36,-38.147
20741,1956-10-17 00:00:00,0.1767898276190674,0.0403495600308862,0.3132300952072486,144.36,-38.147
20742,1956-10-18 00:00:00,0.2293421183586711,0.0927055964210433,0.3659786402962988,144.36,-38.147
20743,1956-10-19 00:00:00,0.1567841363346955,0.0189653242848856,0.2946029483845055,144.36,-38.147
20744,1956-10-20 00:00:00,-0.0124365404672152,-0.1492887240666845,0.1244156431322541,144.36,-38.147
20745,1956-10-21 00:00:00,0.0272561055472412,-0.109111645790836,0.1636238568853185,144.36,-38.147
20746,1956-10-22 00:00:00,0.1231206576985803,-0.0132712857417364,0.2595126011388972,144.36,-38.147
20747,1956-10-23 00:00:00,0.2572329410371108,0.1205888594418571,0.3938770226323645,144.36,-38.147
20748,1956-10-24 00:00:00,0.2952545415355488,0.1586942718377811,0.4318148112333165,144.36,-38.147
20749,1956-10-25 00:00:00,0.1028096989319883,-0.0334727321216544,0.239092129985631,144.36,-38.147
20750,1956-10-26 00:00:00,0.2137976872618552,0.0772315498314574,0.3503638246922531,144.36,-38.147
20751,1956-10-27 00:00:00,0.1196392316049322,-0.0172412589281693,0.2565197221380338,144.36,-38.147
20752,1956-10-28 00:00:00,0.0918292932862679,-0.0447049677617096,0.2283635543342456,144.36,-38.147
20753,1956-10-29 00:00:00,0.1108846475508825,-0.0254351242026089,0.2472044193043741,144.36,-38.147
20754,1956-10-30 00:00:00,0.322253675987709,0.1859080491965637,0.4585993027788542,144.36,-38.147
20755,1956-10-31 00:00:00,0.2045621343836613,0.0679007947985593,0.3412234739687633,144.36,-38.147
20756,1956-11-01 00:00:00,0.2397204745847092,0.1029397233835135,0.3765012257859048,144.36,-38.147
20757,1956-11-02 00:00:00,0.2815699192568881,0.1449442001196535,0.4181956383941226,144.36,-38.147
20758,1956-11-03 00:00:00,0.2962937874244705,0.1599172573013135,0.4326703175476275,144.36,-38.147
20759,1956-11-04 00:00:00,0.1798815429865949,0.043192869541264,0.3165702164319257,144.36,-38.147
20760,1956-11-05 00:00:00,-0.0246440838815163,-0.1614357307336171,0.1121475629705845,144.36,-38.147
20761,1956-11-06 00:00:00,-0.0446660734239657,-0.1810750707772811,0.0917429239293496,144.36,-38.147
20762,1956-11-07 00:00:00,0.0157446403401106,-0.1205032137123377,0.151992494392559,144.36,-38.147
20763,1956-11-08 00:00:00,0.0155838272183172,-0.1206166270488823,0.1517842814855167,144.36,-38.147
20764,1956-11-09 00:00:00,-0.0107058240089346,-0.147037242529864,0.1256255945119947,144.36,-38.147
20765,1956-11-10 00:00:00,0.233953404583305,0.097328010381612,0.370578798784998,144.36,-38.147
20766,1956-11-11 00:00:00,0.276745444705164,0.1400017823675183,0.4134891070428096,144.36,-38.147
20767,1956-11-12 00:00:00,0.2149132677225594,0.078091757991844,0.3517347774532747,144.36,-38.147
20768,1956-11-13 00:00:00,0.1226757800069165,-0.0136871135873286,0.2590386736011616,144.36,-38.147
20769,1956-11-14 00:00:00,0.1143978671203642,-0.0219432626690016,0.2507389969097301,144.36,-38.147
20770,1956-11-15 00:00:00,0.0072665356483231,-0.1291957484344616,0.1437288197311079,144.36,-38.147
20771,1956-11-16 00:00:00,0.2014931420588203,0.0648352784927732,0.3381510056248674,144.36,-38.147
20772,1956-11-17 00:00:00,0.3354878496744928,0.1990063534722524,0.4719693458767332,144.36,-38.147
20773,1956-11-18 00:00:00,0.1856101661776334,0.0491786630930093,0.3220416692622575,144.36,-38.147
20774,1956-11-19 00:00:00,0.16285878556062,0.0261404865726501,0.2995770845485899,144.36,-38.147
20775,1956-11-20 00:00:00,0.0431936796061271,-0.0936360792878542,0.1800234385001086,144.36,-38.147
20776,1956-11-21 00:00:00,0.0484954200474455,-0.0880624411083608,0.1850532812032519,144.36,-38.147
20777,1956-11-22 00:00:00,0.0032560564875458,-0.1330615365806881,0.1395736495557798,144.36,-38.147
20778,1956-11-23 00:00:00,0.0965764499822097,-0.0399304498657918,0.2330833498302113,144.36,-38.147
20779,1956-11-24 00:00:00,0.0697754980342148,-0.0666596189371947,0.2062106150056243,144.36,-38.147
20780,1956-11-25 00:00:00,0.4327859332927305,0.2952558289828679,0.5703160376025931,144.36,-38.147
20781,1956-11-26 00:00:00,0.2399777612361363,0.10317341280746,0.3767821096648127,144.36,-38.147
20782,1956-11-27 00:00:00,0.1009724138167916,-0.0356081492011139,0.2375529768346972,144.36,-38.147
20783,1956-11-28 00:00:00,0.0436910799917498,-0.0925602008222078,0.1799423608057075,144.36,-38.147
20784,1956-11-29 00:00:00,0.1389223979751879,0.0025358248436979,0.2753089711066778,144.36,-38.147
20785,1956-11-30 00:00:00,0.0707948362311702,-0.0656494123055907,0.2072390847679313,144.36,-38.147
20786,1956-12-01 00:00:00,0.0093228963743152,-0.1269395873328006,0.1455853800814311,144.36,-38.147
20787,1956-12-02 00:00:00,0.0986728859211098,-0.0376566710289193,0.235002442871139,144.36,-38.147
20788,1956-12-03 00:00:00,0.2601161869764092,0.1236807984897339,0.3965515754630846,144.36,-38.147
20789,1956-12-04 00:00:00,0.1179094393054567,-0.0184618026283205,0.254280681239234,144.36,-38.147
20790,1956-12-05 00:00:00,0.110107979810132,-0.026141549786525,0.2463575094067891,144.36,-38.147
20791,1956-12-06 00:00:00,0.0229302547885711,-0.1133655083135877,0.15922601789073,144.36,-38.147
20792,1956-12-07 00:00:00,0.2717848839907005,0.135268140539779,0.4083016274416221,144.36,-38.147
20793,1956-12-08 00:00:00,0.1816231899443251,0.0450199090913424,0.3182264707973078,144.36,-38.147
20794,1956-12-09 00:00:00,0.1425708936794636,0.006340439759462,0.2788013475994652,144.36,-38.147
20795,1956-12-10 00:00:00,0.1413479891963115,0.0051363073584301,0.277559671034193,144.36,-38.147
20796,1956-12-11 00:00:00,0.1659581998556606,0.0297419628361399,0.3021744368751813,144.36,-38.147
20797,1956-12-12 00:00:00,0.1563851351927145,0.0201604385900186,0.2926098317954103,144.36,-38.147
20798,1956-12-13 00:00:00,0.1591226211287578,0.0227791831693973,0.2954660590881183,144.36,-38.147
20799,1956-12-14 00:00:00,0.2337761499654314,0.0973614719897598,0.370190827941103,144.36,-38.147
20800,1956-12-15 00:00:00,0.1917254562343167,0.0551939387609947,0.3282569737076387,144.36,-38.147
20801,1956-12-16 00:00:00,0.177755040542796,0.0410877133200069,0.3144223677655852,144.36,-38.147
20802,1956-12-17 00:00:00,0.1162049106707819,-0.0205187224986611,0.2529285438402249,144.36,-38.147
20803,1956-12-18 00:00:00,0.2991643599307635,0.1620307756983665,0.4362979441631605,144.36,-38.147
20804,1956-12-19 00:00:00,0.4013222862575156,0.2645062115969719,0.5381383609180593,144.36,-38.147
20805,1956-12-20 00:00:00,0.2450858875562899,0.1085883040139651,0.3815834710986147,144.36,-38.147
20806,1956-12-21 00:00:00,0.2405400713777315,0.1041237503483063,0.3769563924071568,144.36,-38.147
20807,1956-12-22 00:00:00,0.1078138854359346,-0.0285312976764879,0.2441590685483572,144.36,-38.147
20808,1956-12-23 00:00:00,0.0590185755696551,-0.0772815816038791,0.1953187327431895,144.36,-38.147
20809,1956-12-24 00:00:00,0.1795430393949378,0.0431334252923018,0.3159526534975737,144.36,-38.147
20810,1956-12-25 00:00:00,0.3279118870118735,0.1909305580871833,0.4648932159365637,144.36,-38.147
20811,1956-12-26 00:00:00,0.2383330953852881,0.1017360032007629,0.3749301875698134,144.36,-38.147
20812,1956-12-27 00:00:00,0.2545133162272168,0.1180076347805295,0.3910189976739041,144.36,-38.147
20813,1956-12-28 00:00:00,0.126067712692329,-0.0104095099550887,0.2625449353397469,144.36,-38.147
20814,1956-12-29 00:00:00,0.3029852381061984,0.166412312246332,0.4395581639660648,144.36,-38.147
20815,1956-12-30 00:00:00,0.2282515959754459,0.0917494212779595,0.3647537706729323,144.36,-38.147
20816,1956-12-31 00:00:00,0.2078041399815323,0.0713315204512888,0.3442767595117759,144.36,-38.147
20817,1957-01-01 00:00:00,0.1473289954658158,0.0108883501143499,0.2837696408172817,144.36,-38.147
20818,1957-01-02 00:00:00,0.0377057376328611,-0.0985598357448957,0.173971311010618,144.36,-38.147
20819,1957-01-03 00:00:00,0.1188795215693169,-0.0176169824264128,0.2553760255650467,144.36,-38.147
20820,1957-01-04 00:00:00,0.131529802497748,-0.0047461697532794,0.2678057747487755,144.36,-38.147
20821,1957-01-05 00:00:00,0.1336878294508094,-0.0026080389174822,0.2699836978191011,144.36,-38.147
20822,1957-01-06 00:00:00,0.1100240306691339,-0.0262343486276836,0.2462824099659516,144.36,-38.147
20823,1957-01-07 00:00:00,0.1761093430485042,0.0396817487270783,0.3125369373699301,144.36,-38.147
20824,1957-01-08 00:00:00,0.1087026200795928,-0.0277975639868179,0.2452028041460035,144.36,-38.147
20825,1957-01-09 00:00:00,0.0708846679328425,-0.0654851788508924,0.2072545147165774,144.36,-38.147
20826,1957-01-10 00:00:00,0.1576799942361297,0.021336451601382,0.2940235368708774,144.36,-38.147
20827,1957-01-11 00:00:00,0.1605125758897432,0.0241681162649506,0.2968570355145358,144.36,-38.147
20828,1957-01-12 00:00:00,0.0905033597647845,-0.0457801774919949,0.226786897021564,144.36,-38.147
20829,1957-01-13 00:00:00,0.1793815761735853,0.0429257190322978,0.3158374333148727,144.36,-38.147
20830,1957-01-14 00:00:00,0.142755459081873,0.0061053198874214,0.2794055982763245,144.36,-38.147
20831,1957-01-15 00:00:00,0.1208441374300261,-0.015479425242086,0.2571677001021384,144.36,-38.147
20832,1957-01-16 00:00:00,0.1048849943750989,-0.0317935278266629,0.2415635165768609,144.36,-38.147
20833,1957-01-17 00:00:00,-0.0408295896789099,-0.1774272849084378,0.0957681055506179,144.36,-38.147
20834,1957-01-18 00:00:00,-0.0308483785534141,-0.1672390104580084,0.1055422533511801,144.36,-38.147
20835,1957-01-19 00:00:00,0.1309211349005111,-0.0054579817214968,0.2673002515225191,144.36,-38.147
20836,1957-01-20 00:00:00,0.1231251394473736,-0.0133925849261275,0.2596428638208747,144.36,-38.147
20837,1957-01-21 00:00:00,0.0278450171849955,-0.1085598761270808,0.164249910497072,144.36,-38.147
20838,1957-01-22 00:00:00,0.0658659847006582,-0.0703914688796067,0.2021234382809232,144.36,-38.147
20839,1957-01-23 00:00:00,0.1338737498117619,-0.0023631902502927,0.2701106898738167,144.36,-38.147
20840,1957-01-24 00:00:00,0.2111679761926776,0.0748744729273819,0.3474614794579733,144.36,-38.147
20841,1957-01-25 00:00:00,0.179497415559805,0.0430943166461579,0.3159005144734521,144.36,-38.147
20842,1957-01-26 00:00:00,0.0842857780919511,-0.0531661166279284,0.2217376728118307,144.36,-38.147
20843,1957-01-27 00:00:00,-0.0325367263888428,-0.1692200543279169,0.1041466015502312,144.36,-38.147
20844,1957-01-28 00:00:00,-0.0313015888695864,-0.1677956420131479,0.105192464273975,144.36,-38.147
20845,1957-01-29 00:00:00,-0.0107651438893596,-0.1470807378544084,0.1255504500756891,144.36,-38.147
20846,1957-01-30 00:00:00,0.0368967795853915,-0.0994351207786557,0.1732286799494389,144.36,-38.147
20847,1957-01-31 00:00:00,0.1235620397902497,-0.0128543651384346,0.2599784447189341,144.36,-38.147
20848,1957-02-01 00:00:00,0.0670663077721889,-0.0692009930798512,0.2033336086242291,144.36,-38.147
20849,1957-02-02 00:00:00,0.104282452085388,-0.0320102025858799,0.2405751067566561,144.36,-38.147
20850,1957-02-03 00:00:00,0.1195264395851829,-0.016978485675855,0.2560313648462209,144.36,-38.147
20851,1957-02-04 00:00:00,0.0257101222678724,-0.1106772465091637,0.1620974910449086,144.36,-38.147
20852,1957-02-05 00:00:00,-0.0181264160224137,-0.1544484471309549,0.1181956150861274,144.36,-38.147
20853,1957-02-06 00:00:00,0.0644994016455885,-0.0719419168933658,0.2009407201845429,144.36,-38.147
20854,1957-02-07 00:00:00,0.0451398945560933,-0.0918660000338579,0.1821457891460445,144.36,-38.147
20855,1957-02-08 00:00:00,0.1482355198535029,0.01159721236923,0.2848738273377759,144.36,-38.147
20856,1957-02-09 00:00:00,0.1088263080082043,-0.0274492163011723,0.2451018323175809,144.36,-38.147
20857,1957-02-10 00:00:00,0.1806441938247911,0.0442998511212983,0.3169885365282839,144.36,-38.147
20858,1957-02-11 00:00:00,0.2372764488549313,0.1008886309165924,0.3736642667932701,144.36,-38.147
20859,1957-02-12 00:00:00,0.0417718780645757,-0.0945349360671129,0.1780786921962645,144.36,-38.147
20860,1957-02-13 00:00:00,0.0170279171562949,-0.1191857043159857,0.1532415386285756,144.36,-38.147
20861,1957-02-14 00:00:00,0.0526599865457226,-0.0836542199100052,0.1889741930014505,144.36,-38.147
20862,1957-02-15 00:00:00,0.2116333807107248,0.075002078959065,0.3482646824623846,144.36,-38.147
20863,1957-02-16 00:00:00,0.1434235970147103,0.006715409396698,0.2801317846327227,144.36,-38.147
20864,1957-02-17 00:00:00,0.0226024140766351,-0.1137981513652768,0.159002979518547,144.36,-38.147
20865,1957-02-18 00:00:00,0.0142226265555509,-0.122035701916869,0.150480955027971,144.36,-38.147
20866,1957-02-19 00:00:00,0.0224124721414543,-0.1139179026676389,0.1587428469505477,144.36,-38.147
20867,1957-02-20 00:00:00,0.1096542342991275,-0.0267397861302042,0.2460482547284594,144.36,-38.147
20868,1957-02-21 00:00:00,0.158251400001608,0.021707840212327,0.294794959790889,144.36,-38.147
20869,1957-02-22 00:00:00,0.0366313795299443,-0.0997513470846371,0.1730141061445259,144.36,-38.147
20870,1957-02-23 00:00:00,0.0464311043128797,-0.08982230357549,0.1826845122012496,144.36,-38.147
20871,1957-02-24 00:00:00,0.1802177758001542,0.0437945624057521,0.3166409891945564,144.36,-38.147
20872,1957-02-25 00:00:00,0.1025908144702324,-0.0338237122882914,0.2390053412287562,144.36,-38.147
20873,1957-02-26 00:00:00,-0.0140433927959365,-0.1504917323936218,0.1224049468017488,144.36,-38.147
20874,1957-02-27 00:00:00,0.0055407785682538,-0.1307345810564376,0.1418161381929453,144.36,-38.147
20875,1957-02-28 00:00:00,0.0803028969843433,-0.0561566042193353,0.2167623981880221,144.36,-38.147
20876,1957-03-01 00:00:00,0.1245742961906746,-0.0119314453559493,0.2610800377372986,144.36,-38.147
20877,1957-03-02 00:00:00,0.083688889551045,-0.0525571619951882,0.2199349410972783,144.36,-38.147
20878,1957-03-03 00:00:00,0.1529907936487101,0.0167071671018479,0.2892744201955722,144.36,-38.147
20879,1957-03-04 00:00:00,0.0358162608236738,-0.1003914100678096,0.1720239317151572,144.36,-38.147
20880,1957-03-05 00:00:00,-0.0615151311042181,-0.1980093596195049,0.0749790974110686,144.36,-38.147
20881,1957-03-06 00:00:00,-0.0388958041433549,-0.1752630489429276,0.0974714406562177,144.36,-38.147
20882,1957-03-07 00:00:00,0.0326520266177705,-0.1036313888086889,0.16893544204423,144.36,-38.147
20883,1957-03-08 00:00:00,0.0642799185945405,-0.0719989811372819,0.2005588183263629,144.36,-38.147
20884,1957-03-09 00:00:00,0.1174213009804557,-0.0194320617830824,0.254274663743994,144.36,-38.147
20885,1957-03-10 00:00:00,0.2885817066141801,0.1515472508223936,0.4256161624059666,144.36,-38.147
20886,1957-03-11 00:00:00,0.1845511953543968,0.0481323115902117,0.3209700791185819,144.36,-38.147
20887,1957-03-12 00:00:00,0.0643444555296565,-0.0718927230387108,0.2005816340980238,144.36,-38.147
20888,1957-03-13 00:00:00,0.0849506212496729,-0.0513628069505079,0.2212640494498537,144.36,-38.147
20889,1957-03-14 00:00:00,0.4046362587254802,0.2677688041332438,0.5415037133177166,144.36,-38.147
20890,1957-03-15 00:00:00,0.1757431892981102,0.0391776485339955,0.3123087300622248,144.36,-38.147
20891,1957-03-16 00:00:00,0.1034810444214718,-0.0328635682420235,0.2398256570849672,144.36,-38.147
20892,1957-03-17 00:00:00,0.0155748249701778,-0.1206800692233101,0.1518297191636658,144.36,-38.147
20893,1957-03-18 00:00:00,0.0605832634699268,-0.0756708882608349,0.1968374152006885,144.36,-38.147
20894,1957-03-19 00:00:00,0.1302936093520708,-0.0062641657367956,0.2668513844409373,144.36,-38.147
20895,1957-03-20 00:00:00,0.0389044623469936,-0.0980110877866606,0.1758200124806478,144.36,-38.147
20896,1957-03-21 00:00:00,0.0317208876236696,-0.1045476838686742,0.1679894591160135,144.36,-38.147
20897,1957-03-22 00:00:00,0.1773237358536089,0.0409425880229362,0.3137048836842815,144.36,-38.147
20898,1957-03-23 00:00:00,0.0915405527480415,-0.0447998898014613,0.2278809952975444,144.36,-38.147
20899,1957-03-24 00:00:00,-0.0120184562341094,-0.1483276603744505,0.1242907479062317,144.36,-38.147
20900,1957-03-25 00:00:00,0.0084448709428703,-0.1278286033171017,0.1447183452028425,144.36,-38.147
20901,1957-03-26 00:00:00,0.0071524983916586,-0.1290346835493673,0.1433396803326845,144.36,-38.147
20902,1957-03-27 00:00:00,0.1119151650015489,-0.02447538139881,0.2483057114019079,144.36,-38.147
20903,1957-03-28 00:00:00,0.0650949018144462,-0.0712296708209791,0.2014194744498716,144.36,-38.147
20904,1957-03-29 00:00:00,0.0108442595165152,-0.1254093164161557,0.1470978354491863,144.36,-38.147
20905,1957-03-30 00:00:00,0.0057632298916645,-0.1305076084378907,0.1420340682212198,144.36,-38.147
20906,1957-03-31 00:00:00,0.0886394488855612,-0.04764274065005,0.2249216384211725,144.36,-38.147
20907,1957-04-01 00:00:00,0.2020967088666141,0.065694784146378,0.3384986335868503,144.36,-38.147
20908,1957-04-02 00:00:00,0.0360830204104558,-0.1003003130631128,0.1724663538840244,144.36,-38.147
20909,1957-04-03 00:00:00,0.0269925873019557,-0.1092012946593757,0.1631864692632872,144.36,-38.147
20910,1957-04-04 00:00:00,0.0266466069682169,-0.1095386459542185,0.1628318598906524,144.36,-38.147
20911,1957-04-05 00:00:00,0.0258884354693129,-0.1103004437446138,0.1620773146832398,144.36,-38.147
20912,1957-04-06 00:00:00,0.0948968506260638,-0.041434867062531,0.2312285683146587,144.36,-38.147
20913,1957-04-07 00:00:00,-0.0024083239835949,-0.1387683488440945,0.1339517008769046,144.36,-38.147
20914,1957-04-08 00:00:00,-0.0177945183067408,-0.154082686747341,0.1184936501338592,144.36,-38.147
20915,1957-04-09 00:00:00,0.0667235311560623,-0.0695722660887732,0.2030193284008979,144.36,-38.147
20916,1957-04-10 00:00:00,0.4707630046787443,0.333616310625399,0.6079096987320896,144.36,-38.147
20917,1957-04-11 00:00:00,0.0911390886009188,-0.0457045463648786,0.2279827235667163,144.36,-38.147
20918,1957-04-12 00:00:00,0.0409169409530961,-0.0954048306937452,0.1772387125999375,144.36,-38.147
20919,1957-04-13 00:00:00,0.1950156000990415,0.058419866249529,0.331611333948554,144.36,-38.147
20920,1957-04-14 00:00:00,0.0775927950992443,-0.0591229426564934,0.2143085328549821,144.36,-38.147
20921,1957-04-15 00:00:00,-0.0788976675566264,-0.2152464597187449,0.057451124605492,144.36,-38.147
20922,1957-04-16 00:00:00,0.0283536169208313,-0.1079426077608844,0.1646498416025472,144.36,-38.147
20923,1957-04-17 00:00:00,0.0918822267839194,-0.0444663617283947,0.2282308152962335,144.36,-38.147
20924,1957-04-18 00:00:00,0.1486359592777388,0.012340705624226,0.2849312129312515,144.36,-38.147
20925,1957-04-19 00:00:00,0.1928409729186719,0.056578893527355,0.3291030523099887,144.36,-38.147
20926,1957-04-20 00:00:00,0.0922779714182202,-0.0440408164359842,0.2285967592724247,144.36,-38.147
20927,1957-04-21 00:00:00,0.2405351436423996,0.1040847257153058,0.3769855615694934,144.36,-38.147
20928,1957-04-22 00:00:00,0.1330270482881133,-0.0033458719202581,0.2693999684964847,144.36,-38.147
20929,1957-04-23 00:00:00,0.1235770758046872,-0.012870987632986,0.2600251392423606,144.36,-38.147
20930,1957-04-24 00:00:00,0.1972398785773445,0.0607842359936998,0.3336955211609892,144.36,-38.147
20931,1957-04-25 00:00:00,0.3097240704260313,0.1733625013331632,0.4460856395188994,144.36,-38.147
20932,1957-04-26 00:00:00,0.1234085450913971,-0.0129476736705511,0.2597647638533455,144.36,-38.147
20933,1957-04-27 00:00:00,0.0955299923746555,-0.0408151566845555,0.2318751414338665,144.36,-38.147
20934,1957-04-28 00:00:00,0.2345708442099018,0.0982401290777074,0.3709015593420962,144.36,-38.147
20935,1957-04-29 00:00:00,0.2338660482431454,0.097351547092231,0.3703805493940598,144.36,-38.147
20936,1957-04-30 00:00:00,0.2594272672030542,0.1229541364996072,0.3959003979065011,144.36,-38.147
20937,1957-05-01 00:00:00,0.3594929532020882,0.2225362058773837,0.4964497005267926,144.36,-38.147
20938,1957-05-02 00:00:00,0.2214621217183742,0.0845982727137603,0.3583259707229881,144.36,-38.147
20939,1957-05-03 00:00:00,0.0895906795075596,-0.046898217270616,0.2260795762857353,144.36,-38.147
20940,1957-05-04 00:00:00,0.0603218467096299,-0.0759691138823954,0.1966128073016552,144.36,-38.147
20941,1957-05-05 00:00:00,-0.001134202938779,-0.1376635555748455,0.1353951496972874,144.36,-38.147
20942,1957-05-06 00:00:00,0.0120283834740009,-0.1243046180393054,0.1483613849873074,144.36,-38.147
20943,1957-05-07 00:00:00,0.0835168533279677,-0.0534366646191104,0.2204703712750459,144.36,-38.147
20944,1957-05-08 00:00:00,0.0365394948942298,-0.1000831830253135,0.1731621728137731,144.36,-38.147
20945,1957-05-09 00:00:00,0.1115909870833308,-0.024809830649472,0.2479918048161337,144.36,-38.147
20946,1957-05-10 00:00:00,0.0002232890823083,-0.1360734155702047,0.1365199937348214,144.36,-38.147
20947,1957-05-11 00:00:00,0.1412413173634192,0.0048205644747272,0.2776620702521113,144.36,-38.147
20948,1957-05-12 00:00:00,0.066145864605572,-0.0701370616495407,0.2024287908606848,144.36,-38.147
20949,1957-05-13 00:00:00,0.2307147370942831,0.0939512302068623,0.3674782439817039,144.36,-38.147
20950,1957-05-14 00:00:00,0.1561170611384776,0.0194399269442565,0.2927941953326988,144.36,-38.147
20951,1957-05-15 00:00:00,-0.0245673109233089,-0.1610702313126222,0.1119356094660043,144.36,-38.147
20952,1957-05-16 00:00:00,0.107628039519748,-0.0301792347412565,0.2454353137807526,144.36,-38.147
20953,1957-05-17 00:00:00,0.0340117790181955,-0.1025361733388311,0.1705597313752223,144.36,-38.147
20954,1957-05-18 00:00:00,0.0650718581182823,-0.0711431572724566,0.2012868735090212,144.36,-38.147
20955,1957-05-19 00:00:00,0.2817235071098822,0.1453282034536965,0.4181188107660679,144.36,-38.147
20956,1957-05-20 00:00:00,0.1116956186831038,-0.0252244769582672,0.248615714324475,144.36,-38.147
20957,1957-05-21 00:00:00,0.0642119208076392,-0.0725043038404159,0.2009281454556943,144.36,-38.147
20958,1957-05-22 00:00:00,0.0502573471872091,-0.0868810596023317,0.1873957539767499,144.36,-38.147
20959,1957-05-23 00:00:00,-0.0231962127880559,-0.1602769823778566,0.1138845568017446,144.36,-38.147
20960,1957-05-24 00:00:00,0.0435382959802012,-0.0928235490104202,0.1799001409708226,144.36,-38.147
20961,1957-05-25 00:00:00,0.0637434840557475,-0.0724752078765878,0.1999621759880829,144.36,-38.147
20962,1957-05-26 00:00:00,0.0753402781943139,-0.0609381107761289,0.2116186671647568,144.36,-38.147
20963,1957-05-27 00:00:00,0.07857189239525,-0.0577257278997008,0.2148695126902008,144.36,-38.147
20964,1957-05-28 00:00:00,0.049831665122503,-0.0863844645037535,0.1860477947487596,144.36,-38.147
20965,1957-05-29 00:00:00,0.0480698276649384,-0.0881211479429231,0.1842608032728001,144.36,-38.147
20966,1957-05-30 00:00:00,0.0829826808189149,-0.0532321391507484,0.2191975007885783,144.36,-38.147
20967,1957-05-31 00:00:00,0.0200131442879187,-0.116185043591197,0.1562113321670345,144.36,-38.147
20968,1957-06-01 00:00:00,0.1057122197247557,-0.0306210661708366,0.2420455056203482,144.36,-38.147
20969,1957-06-02 00:00:00,0.0315681110364628,-0.1047184902856379,0.1678547123585635,144.36,-38.147
20970,1957-06-03 00:00:00,0.0127542453882508,-0.1234892296872544,0.1489977204637562,144.36,-38.147
20971,1957-06-04 00:00:00,0.0256286477199029,-0.1107195261946339,0.1619768216344398,144.36,-38.147
20972,1957-06-05 00:00:00,-0.0264829792430709,-0.1627299613256186,0.1097640028394767,144.36,-38.147
20973,1957-06-06 00:00:00,-0.0149901341367253,-0.1512087121708645,0.1212284438974137,144.36,-38.147
20974,1957-06-07 00:00:00,0.0135506047543587,-0.1227284848122101,0.1498296943209276,144.36,-38.147
20975,1957-06-08 00:00:00,0.071791513092103,-0.0645574079394318,0.208140434123638,144.36,-38.147
20976,1957-06-09 00:00:00,0.1051812035111528,-0.0312122992638948,0.2415747062862004,144.36,-38.147
20977,1957-06-10 00:00:00,0.0044628075329603,-0.1317774086161643,0.140703023682085,144.36,-38.147
20978,1957-06-11 00:00:00,0.0723907854733077,-0.0638877609835853,0.2086693319302008,144.36,-38.147
20979,1957-06-12 00:00:00,0.0887425752320032,-0.0475445609991764,0.2250297114631829,144.36,-38.147
20980,1957-06-13 00:00:00,0.0084946206939634,-0.1277736130210988,0.1447628544090257,144.36,-38.147
20981,1957-06-14 00:00:00,0.1136373766422399,-0.0227982910322622,0.2500730443167421,144.36,-38.147
20982,1957-06-15 00:00:00,-0.0059509305470118,-0.1423800702030157,0.1304782091089921,144.36,-38.147
20983,1957-06-16 00:00:00,-0.0302860184118417,-0.1665485084690308,0.1059764716453474,144.36,-38.147
20984,1957-06-17 00:00:00,0.0211393494237279,-0.1150755473702344,0.1573542462176902,144.36,-38.147
20985,1957-06-18 00:00:00,0.0510141087153661,-0.0853066902009557,0.1873349076316879,144.36,-38.147
20986,1957-06-19 00:00:00,0.0692916390879212,-0.0672208863055837,0.2058041644814262,144.36,-38.147
20987,1957-06-20 00:00:00,0.0536355964006382,-0.0827865543752718,0.1900577471765483,144.36,-38.147
20988,1957-06-21 00:00:00,0.0924591837717283,-0.0440954938645046,0.2290138614079613,144.36,-38.147
20989,1957-06-22 00:00:00,0.1052473579751886,-0.0322334254156152,0.2427281413659926,144.36,-38.147
20990,1957-06-23 00:00:00,0.0088834452124278,-0.1276951884860915,0.1454620789109472,144.36,-38.147
20991,1957-06-24 00:00:00,0.0714109025120181,-0.0648312871215976,0.2076530921456338,144.36,-38.147
20992,1957-06-25 00:00:00,0.1706694693891451,0.034404900713299,0.3069340380649912,144.36,-38.147
20993,1957-06-26 00:00:00,0.3370926433608946,0.2001957694950535,0.4739895172267356,144.36,-38.147
20994,1957-06-27 00:00:00,0.1432280435598927,0.006560535888633,0.2798955512311524,144.36,-38.147
20995,1957-06-28 00:00:00,0.2192446932908654,0.0824203150273418,0.3560690715543889,144.36,-38.147
20996,1957-06-29 00:00:00,0.169001457669479,0.0325468360957503,0.3054560792432076,144.36,-38.147
20997,1957-06-30 00:00:00,0.1748750472887847,0.0384459196842644,0.3113041748933051,144.36,-38.147
20998,1957-07-01 00:00:00,0.0645971060629851,-0.0719244846060914,0.2011186967320617,144.36,-38.147
20999,1957-07-02 00:00:00,-0.006651271810648,-0.1429035872933084,0.1296010436720124,144.36,-38.147
21000,1957-07-03 00:00:00,-0.0010912449683302,-0.1373571977067426,0.1351747077700821,144.36,-38.147
21001,1957-07-04 00:00:00,0.0516324771851269,-0.0846723920676193,0.1879373464378732,144.36,-38.147
21002,1957-07-05 00:00:00,0.079018097116795,-0.0572725517069059,0.2153087459404959,144.36,-38.147
21003,1957-07-06 00:00:00,0.0789277971811777,-0.0573506582103455,0.2152062525727009,144.36,-38.147
21004,1957-07-07 00:00:00,0.0500594748100438,-0.08630223556347,0.1864211851835577,144.36,-38.147
21005,1957-07-08 00:00:00,0.0080446306016287,-0.1283135639426633,0.1444028251459208,144.36,-38.147
21006,1957-07-09 00:00:00,0.0308796905689335,-0.1054098169412721,0.1671691980791392,144.36,-38.147
21007,1957-07-10 00:00:00,0.0528387848346058,-0.083442651538833,0.1891202212080447,144.36,-38.147
21008,1957-07-11 00:00:00,0.0537581294884898,-0.082734124507559,0.1902503834845388,144.36,-38.147
21009,1957-07-12 00:00:00,0.0449768982465002,-0.0914461106146982,0.1813999071076986,144.36,-38.147
21010,1957-07-13 00:00:00,0.0376058143346897,-0.0987350656848986,0.173946694354278,144.36,-38.147
21011,1957-07-14 00:00:00,0.1461744497030025,0.0098192164184055,0.2825296829875995,144.36,-38.147
21012,1957-07-15 00:00:00,0.1332740087751177,-0.0030075953331479,0.2695556128833833,144.36,-38.147
21013,1957-07-16 00:00:00,0.0738570795891926,-0.0623781223044851,0.2100922814828703,144.36,-38.147
21014,1957-07-17 00:00:00,0.0386463322012721,-0.0975855197014488,0.1748781841039931,144.36,-38.147
21015,1957-07-18 00:00:00,0.0483707515857882,-0.087856975603465,0.1845984787750414,144.36,-38.147
21016,1957-07-19 00:00:00,0.0793978737410749,-0.0568899347159621,0.2156856821981119,144.36,-38.147
21017,1957-07-20 00:00:00,0.0958565979253789,-0.0404294557241242,0.2321426515748821,144.36,-38.147
21018,1957-07-21 00:00:00,0.1042136956805861,-0.0321218946547088,0.2405492860158811,144.36,-38.147
21019,1957-07-22 00:00:00,0.0281127005942405,-0.1083350750555643,0.1645604762440454,144.36,-38.147
21020,1957-07-23 00:00:00,-0.0414733334727771,-0.1779146979877375,0.0949680310421833,144.36,-38.147
21021,1957-07-24 00:00:00,-0.0333706908209046,-0.1696852914857363,0.102943909843927,144.36,-38.147
21022,1957-07-25 00:00:00,-0.0288901784409975,-0.165173290071324,0.1073929331893288,144.36,-38.147
21023,1957-07-26 00:00:00,-0.0371624382992392,-0.1733786822945764,0.0990538056960979,144.36,-38.147
21024,1957-07-27 00:00:00,-0.026073290025618,-0.1622797899239453,0.1101332098727092,144.36,-38.147
21025,1957-07-28 00:00:00,0.0243065908641385,-0.1119288952598098,0.1605420769880869,144.36,-38.147
21026,1957-07-29 00:00:00,0.1067272988338475,-0.0297122123367211,0.2431668100044162,144.36,-38.147
21027,1957-07-30 00:00:00,0.1341253357151559,-0.0023801204678463,0.2706307918981581,144.36,-38.147
21028,1957-07-31 00:00:00,0.0191460940227335,-0.1171278042189908,0.155419992264458,144.36,-38.147
21029,1957-08-01 00:00:00,0.0457328956444572,-0.0905476576320891,0.1820134489210036,144.36,-38.147
21030,1957-08-02 00:00:00,0.069854376008897,-0.0663708946728496,0.2060796466906437,144.36,-38.147
21031,1957-08-03 00:00:00,0.1904556198619464,0.0540941605740402,0.3268170791498527,144.36,-38.147
21032,1957-08-04 00:00:00,0.0898175838089834,-0.0468081819252272,0.2264433495431942,144.36,-38.147
21033,1957-08-05 00:00:00,0.0474610688595873,-0.0895224443295858,0.1844445820487605,144.36,-38.147
21034,1957-08-06 00:00:00,0.0740235925144298,-0.0641659239358237,0.2122131089646834,144.36,-38.147
21035,1957-08-07 00:00:00,0.072147167921269,-0.064272410364841,0.208566746207379,144.36,-38.147
21036,1957-08-08 00:00:00,0.1808441892359489,0.0444491800652901,0.3172391984066077,144.36,-38.147
21037,1957-08-09 00:00:00,0.3208085550065282,0.1842204437089642,0.4573966663040922,144.36,-38.147
21038,1957-08-10 00:00:00,0.270639378746817,0.1339940055752997,0.4072847519183342,144.36,-38.147
21039,1957-08-11 00:00:00,0.1057926507706844,-0.0308287132079946,0.2424140147493634,144.36,-38.147
21040,1957-08-12 00:00:00,0.0590149336245985,-0.0774361601350926,0.1954660273842897,144.36,-38.147
21041,1957-08-13 00:00:00,0.0686784869591007,-0.0676532420305384,0.2050102159487399,144.36,-38.147
21042,1957-08-14 00:00:00,0.0249197686313763,-0.111444334982393,0.1612838722451457,144.36,-38.147
21043,1957-08-15 00:00:00,0.0042940540871962,-0.1320763899706633,0.1406644981450559,144.36,-38.147
21044,1957-08-16 00:00:00,-0.035409963408401,-0.1716774079403365,0.1008574811235344,144.36,-38.147
21045,1957-08-17 00:00:00,-0.0125406258791916,-0.1488159028707663,0.123734651112383,144.36,-38.147
21046,1957-08-18 00:00:00,0.013074034386553,-0.123233920917215,0.149381989690321,144.36,-38.147
21047,1957-08-19 00:00:00,0.0734621427924391,-0.0629119921271053,0.2098362777119835,144.36,-38.147
21048,1957-08-20 00:00:00,0.1861038288384414,0.049506458770442,0.3227011989064408,144.36,-38.147
21049,1957-08-21 00:00:00,0.0602280566824156,-0.07616604704957,0.1966221604144014,144.36,-38.147
21050,1957-08-22 00:00:00,0.0265501502360762,-0.1099309117259733,0.1630312121981257,144.36,-38.147
21051,1957-08-23 00:00:00,0.0191141295323247,-0.1179712259582108,0.1561994850228603,144.36,-38.147
21052,1957-08-24 00:00:00,-0.0153068373159196,-0.1520485453026026,0.1214348706707632,144.36,-38.147
21053,1957-08-25 00:00:00,0.0056164898983223,-0.130745858131717,0.1419788379283618,144.36,-38.147
21054,1957-08-26 00:00:00,0.0360376415514822,-0.1002702404361493,0.1723455235391138,144.36,-38.147
21055,1957-08-27 00:00:00,-0.0074183356233058,-0.1437009131957155,0.1288642419491037,144.36,-38.147
21056,1957-08-28 00:00:00,0.0011215287072293,-0.1351434767223802,0.1373865341368388,144.36,-38.147
21057,1957-08-29 00:00:00,-0.0105281138316429,-0.1467475396691713,0.1256913120058854,144.36,-38.147
21058,1957-08-30 00:00:00,0.0721478507140055,-0.0641648541874545,0.2084605556154657,144.36,-38.147
21059,1957-08-31 00:00:00,0.2223366041375,0.0857970897296598,0.3588761185453402,144.36,-38.147
21060,1957-09-01 00:00:00,0.0223993460416943,-0.1142546576636512,0.1590533497470399,144.36,-38.147
21061,1957-09-02 00:00:00,-0.0749980380787584,-0.2112947940375317,0.0612987178800148,144.36,-38.147
21062,1957-09-03 00:00:00,0.0424663933019359,-0.0939066713617252,0.1788394579655971,144.36,-38.147
21063,1957-09-04 00:00:00,0.0835574174640015,-0.0527845726216108,0.2198994075496138,144.36,-38.147
21064,1957-09-05 00:00:00,0.008729541888686,-0.1275304102695715,0.1449894940469437,144.36,-38.147
21065,1957-09-06 00:00:00,0.0594893648799786,-0.0784287949315106,0.197407524691468,144.36,-38.147
21066,1957-09-07 00:00:00,0.4355270310895239,0.2966732486077393,0.5743808135713085,144.36,-38.147
21067,1957-09-08 00:00:00,0.121546195512251,-0.0154091726002504,0.2585015636247524,144.36,-38.147
21068,1957-09-09 00:00:00,0.0241240185298552,-0.112124790340968,0.1603728274006784,144.36,-38.147
21069,1957-09-10 00:00:00,0.0312535079721306,-0.1049752351126151,0.1674822510568765,144.36,-38.147
21070,1957-09-11 00:00:00,0.0131984421173246,-0.1230231052217945,0.1494199894564437,144.36,-38.147
21071,1957-09-12 00:00:00,0.069660931270668,-0.0665656646632107,0.2058875272045468,144.36,-38.147
21072,1957-09-13 00:00:00,0.0277231011112264,-0.1084905289820196,0.1639367312044726,144.36,-38.147
21073,1957-09-14 00:00:00,0.0957839641428796,-0.0408742918907647,0.232442220176524,144.36,-38.147
21074,1957-09-15 00:00:00,0.4004913958136503,0.2628954067718637,0.538087384855437,144.36,-38.147
21075,1957-09-16 00:00:00,0.3316307112703609,0.1937265405156884,0.4695348820250333,144.36,-38.147
21076,1957-09-17 00:00:00,0.2218415189056432,0.0847094837511831,0.3589735540601032,144.36,-38.147
21077,1957-09-18 00:00:00,0.164985412914397,0.0279750840771746,0.3019957417516193,144.36,-38.147
21078,1957-09-19 00:00:00,0.2473719704755878,0.1095604479224403,0.3851834930287353,144.36,-38.147
21079,1957-09-20 00:00:00,-0.0031515105794704,-0.1397441344362516,0.1334411132773107,144.36,-38.147
21080,1957-09-21 00:00:00,0.0853877846641883,-0.0510597837261598,0.2218353530545365,144.36,-38.147
21081,1957-09-22 00:00:00,0.2685097009485411,0.1319700133894657,0.4050493885076164,144.36,-38.147
21082,1957-09-23 00:00:00,0.1499901340060444,0.0135693428584924,0.2864109251535964,144.36,-38.147
21083,1957-09-24 00:00:00,0.0929051089238698,-0.0435315780309293,0.2293417958786689,144.36,-38.147
21084,1957-09-25 00:00:00,0.0933126198996883,-0.0429447587016934,0.22956999850107,144.36,-38.147
21085,1957-09-26 00:00:00,0.1329677801371366,-0.0034407393894129,0.2693762996636862,144.36,-38.147
21086,1957-09-27 00:00:00,0.1299920260891261,-0.0063965319372271,0.2663805841154794,144.36,-38.147
21087,1957-09-28 00:00:00,0.1968722684166399,0.0604449701369621,0.3332995666963178,144.36,-38.147
21088,1957-09-29 00:00:00,0.0730848967839503,-0.0632392095877816,0.2094090031556824,144.36,-38.147
21089,1957-09-30 00:00:00,0.2545835542327641,0.1176964735247076,0.3914706349408205,144.36,-38.147
21090,1957-10-01 00:00:00,0.2800806246711023,0.1426437978979353,0.4175174514442692,144.36,-38.147
21091,1957-10-02 00:00:00,0.0997484873396074,-0.0376964358465928,0.2371934105258077,144.36,-38.147
21092,1957-10-03 00:00:00,0.0503307696715626,-0.0862906323112698,0.1869521716543952,144.36,-38.147
21093,1957-10-04 00:00:00,0.0084078273493831,-0.1278755370763052,0.1446911917750716,144.36,-38.147
21094,1957-10-05 00:00:00,0.0085500806871891,-0.1277688348066875,0.1448689961810658,144.36,-38.147
21095,1957-10-06 00:00:00,0.2251690307162278,0.0886824756847991,0.3616555857476564,144.36,-38.147
21096,1957-10-07 00:00:00,0.1410034388269829,0.0046395941313371,0.2773672835226286,144.36,-38.147
21097,1957-10-08 00:00:00,0.0451401921905644,-0.0911441820370571,0.181424566418186,144.36,-38.147
21098,1957-10-09 00:00:00,0.1366061434489687,0.0002476682064647,0.2729646186914727,144.36,-38.147
21099,1957-10-10 00:00:00,0.2419183486619515,0.1052936677102305,0.3785430296136725,144.36,-38.147
21100,1957-10-11 00:00:00,0.3910019422828155,0.2542434602077178,0.5277604243579133,144.36,-38.147
21101,1957-10-12 00:00:00,0.5104217424331193,0.3719327016981594,0.6489107831680793,144.36,-38.147
21102,1957-10-13 00:00:00,0.1328327513266376,-0.004721947716564,0.2703874503698393,144.36,-38.147
21103,1957-10-14 00:00:00,0.0514776787938712,-0.0848546555963209,0.1878100131840634,144.36,-38.147
21104,1957-10-15 00:00:00,0.1060157311009778,-0.0302202678173789,0.2422517300193346,144.36,-38.147
21105,1957-10-16 00:00:00,0.284549860977086,0.1477395415044207,0.4213601804497513,144.36,-38.147
21106,1957-10-17 00:00:00,0.2769886722979096,0.1402197400683538,0.4137576045274654,144.36,-38.147
21107,1957-10-18 00:00:00,0.1704314299200319,0.0338799711757407,0.3069828886643231,144.36,-38.147
21108,1957-10-19 00:00:00,0.0780223447883641,-0.0583523487467454,0.2143970383234736,144.36,-38.147
21109,1957-10-20 00:00:00,0.0006962137697467,-0.1358165889713438,0.1372090165108373,144.36,-38.147
21110,1957-10-21 00:00:00,0.1423281709958811,0.0057044767827864,0.2789518652089757,144.36,-38.147
21111,1957-10-22 00:00:00,0.0529529125342936,-0.0833036262874654,0.1892094513560527,144.36,-38.147
21112,1957-10-23 00:00:00,0.1729015440549692,0.0365323413952831,0.3092707467146552,144.36,-38.147
21113,1957-10-24 00:00:00,0.0718188549727298,-0.0646359307903112,0.2082736407357709,144.36,-38.147
21114,1957-10-25 00:00:00,0.0467611041899358,-0.0894854701108734,0.1830076784907451,144.36,-38.147
21115,1957-10-26 00:00:00,0.0439074202003085,-0.0923485191651211,0.1801633595657382,144.36,-38.147
21116,1957-10-27 00:00:00,0.1164936391309876,-0.0199057805251567,0.252893058787132,144.36,-38.147
21117,1957-10-28 00:00:00,0.096929195140926,-0.0394387367912531,0.2332971270731051,144.36,-38.147
21118,1957-10-29 00:00:00,0.05343300384924,-0.082804059837175,0.1896700675356551,144.36,-38.147
21119,1957-10-30 00:00:00,0.0238920418043992,-0.1124364165888975,0.1602205001976959,144.36,-38.147
21120,1957-10-31 00:00:00,0.0266410111470186,-0.1096773488230284,0.1629593711170657,144.36,-38.147
21121,1957-11-01 00:00:00,0.0550341320988332,-0.0812311824554629,0.1912994466531293,144.36,-38.147
21122,1957-11-02 00:00:00,0.1063919748938348,-0.0301727464330179,0.2429566962206876,144.36,-38.147
21123,1957-11-03 00:00:00,0.0720624856549984,-0.0644937288754217,0.2086187001854186,144.36,-38.147
21124,1957-11-04 00:00:00,0.0519658976492833,-0.0844884387837637,0.1884202340823304,144.36,-38.147
21125,1957-11-05 00:00:00,0.1502110360886768,0.0137360849562622,0.2866859872210913,144.36,-38.147
21126,1957-11-06 00:00:00,0.1625860052283203,0.0262706061863725,0.2989014042702682,144.36,-38.147
21127,1957-11-07 00:00:00,0.3567775489340754,0.2202893828100349,0.4932657150581159,144.36,-38.147
21128,1957-11-08 00:00:00,0.1765604445355783,0.0400336472187931,0.3130872418523636,144.36,-38.147
21129,1957-11-09 00:00:00,0.1301562977232156,-0.0061391414295981,0.2664517368760295,144.36,-38.147
21130,1957-11-10 00:00:00,0.086181322962398,-0.0500997504922789,0.222462396417075,144.36,-38.147
21131,1957-11-11 00:00:00,0.0532987433849509,-0.0835256148708446,0.1901231016407465,144.36,-38.147
21132,1957-11-12 00:00:00,0.2737834875821459,0.1366798472242312,0.4108871279400606,144.36,-38.147
21133,1957-11-13 00:00:00,0.1056664362253024,-0.0307141059312017,0.2420469783818066,144.36,-38.147
21134,1957-11-14 00:00:00,0.0876960949416432,-0.0486408916541202,0.2240330815374068,144.36,-38.147
21135,1957-11-15 00:00:00,0.2617442064415171,0.1247646140422968,0.3987237988407373,144.36,-38.147
21136,1957-11-16 00:00:00,0.236638146593081,0.0994207404622822,0.3738555527238797,144.36,-38.147
21137,1957-11-17 00:00:00,0.28167680842743,0.1450986860707956,0.4182549307840643,144.36,-38.147
21138,1957-11-18 00:00:00,0.3633937923782914,0.2268001802939835,0.4999874044625993,144.36,-38.147
21139,1957-11-19 00:00:00,0.29442712541136,0.1577618457012581,0.4310924051214619,144.36,-38.147
21140,1957-11-20 00:00:00,0.2104202354897483,0.073934252526315,0.3469062184531816,144.36,-38.147
21141,1957-11-21 00:00:00,0.1132201967337735,-0.0231788429461568,0.249619236413704,144.36,-38.147
21142,1957-11-22 00:00:00,0.2715777729375174,0.1349399306239394,0.4082156152510954,144.36,-38.147
21143,1957-11-23 00:00:00,0.1919369697230718,0.0553660072262306,0.328507932219913,144.36,-38.147
21144,1957-11-24 00:00:00,0.2011445770168262,0.0645218213226631,0.3377673327109893,144.36,-38.147
21145,1957-11-25 00:00:00,0.3510091552333337,0.2141532288229974,0.48786508164367,144.36,-38.147
21146,1957-11-26 00:00:00,0.2624265988324212,0.1240960199796517,0.4007571776851908,144.36,-38.147
21147,1957-11-27 00:00:00,-0.0426653345602786,-0.1806076631540686,0.0952769940335113,144.36,-38.147
21148,1957-11-28 00:00:00,0.0901232294674425,-0.0461804267028965,0.2264268856377816,144.36,-38.147
21149,1957-11-29 00:00:00,0.0833667996394984,-0.0529160927611825,0.2196496920401794,144.36,-38.147
21150,1957-11-30 00:00:00,0.1339839956047039,-0.0024501170148372,0.2704181082242451,144.36,-38.147
21151,1957-12-01 00:00:00,0.0508192086236362,-0.085368704066207,0.1870071213134796,144.36,-38.147
21152,1957-12-02 00:00:00,0.1727881548515893,0.036339002011982,0.3092373076911965,144.36,-38.147
21153,1957-12-03 00:00:00,0.3385432991950419,0.2016701356398951,0.4754164627501887,144.36,-38.147
21154,1957-12-04 00:00:00,0.0626627531011539,-0.0745119229171719,0.1998374291194798,144.36,-38.147
21155,1957-12-05 00:00:00,-0.0064084410244733,-0.1428651751183208,0.1300482930693742,144.36,-38.147
21156,1957-12-06 00:00:00,0.0190110603587805,-0.1172923036565256,0.1553144243740866,144.36,-38.147
21157,1957-12-07 00:00:00,0.1521144206000019,0.0157057952243533,0.2885230459756506,144.36,-38.147
21158,1957-12-08 00:00:00,0.0663608487131336,-0.0699203718796126,0.2026420693058799,144.36,-38.147
21159,1957-12-09 00:00:00,0.0442143694971862,-0.0920166238594436,0.180445362853816,144.36,-38.147
21160,1957-12-10 00:00:00,0.2402807130138275,0.1036884306948104,0.3768729953328446,144.36,-38.147
21161,1957-12-11 00:00:00,0.3580913829227203,0.2209859798586229,0.4951967859868177,144.36,-38.147
21162,1957-12-12 00:00:00,0.1494255562094911,0.0121542200585471,0.286696892360435,144.36,-38.147
21163,1957-12-13 00:00:00,0.1792230437271222,0.0424833876581084,0.3159626997961359,144.36,-38.147
21164,1957-12-14 00:00:00,0.1134486722325047,-0.0230994434445415,0.249996787909551,144.36,-38.147
21165,1957-12-15 00:00:00,0.0938588652629416,-0.0424024886945201,0.2301202192204035,144.36,-38.147
21166,1957-12-16 00:00:00,0.0688761096428745,-0.0674045211240911,0.2051567404098403,144.36,-38.147
21167,1957-12-17 00:00:00,0.0134070401486915,-0.1228845842926831,0.1496986645900661,144.36,-38.147
21168,1957-12-18 00:00:00,0.0129026569481593,-0.1233821098261157,0.1491874237224343,144.36,-38.147
21169,1957-12-19 00:00:00,0.1240519205814756,-0.0122690409084234,0.2603728820713747,144.36,-38.147
21170,1957-12-20 00:00:00,0.1373962074324217,0.000924589523753,0.2738678253410903,144.36,-38.147
21171,1957-12-21 00:00:00,0.2085130710338985,0.0719918521259934,0.3450342899418035,144.36,-38.147
21172,1957-12-22 00:00:00,0.0304557276334069,-0.1058421193364469,0.1667535746032609,144.36,-38.147
21173,1957-12-23 00:00:00,0.1789019858865098,0.0424710922177719,0.3153328795552478,144.36,-38.147
21174,1957-12-24 00:00:00,0.1292109330816907,-0.0071348794072487,0.2655567455706301,144.36,-38.147
21175,1957-12-25 00:00:00,0.1062727311176523,-0.0299671098966964,0.2425125721320011,144.36,-38.147
21176,1957-12-26 00:00:00,0.265007869460424,0.1280392431995581,0.4019764957212898,144.36,-38.147
21177,1957-12-27 00:00:00,0.2041987004952628,0.0674696788721744,0.3409277221183513,144.36,-38.147
21178,1957-12-28 00:00:00,0.0886656554826298,-0.0480739960320697,0.2254053069973294,144.36,-38.147
21179,1957-12-29 00:00:00,0.3117279994984481,0.1749351097538057,0.4485208892430904,144.36,-38.147
21180,1957-12-30 00:00:00,0.1417000215610704,0.0051027103041444,0.2782973328179965,144.36,-38.147
21181,1957-12-31 00:00:00,0.0899956786844106,-0.0464562998690277,0.2264476572378489,144.36,-38.147
21182,1958-01-01 00:00:00,0.0664938557101141,-0.0700887035552711,0.2030764149754994,144.36,-38.147
21183,1958-01-02 00:00:00,0.0013702664806485,-0.1350034688119851,0.1377440017732822,144.36,-38.147
21184,1958-01-03 00:00:00,0.0488980016807783,-0.0874410044999893,0.185237007861546,144.36,-38.147
21185,1958-01-04 00:00:00,-0.0379551533592238,-0.174332897732599,0.0984225910141513,144.36,-38.147
21186,1958-01-05 00:00:00,-0.0085697556240647,-0.1448417495082818,0.1277022382601524,144.36,-38.147
21187,1958-01-06 00:00:00,0.0096877387482158,-0.1266754680523408,0.1460509455487724,144.36,-38.147
21188,1958-01-07 00:00:00,-0.0075738443235617,-0.1439112879023836,0.1287635992552601,144.36,-38.147
21189,1958-01-08 00:00:00,0.0159269525208261,-0.1203659074156667,0.152219812457319,144.36,-38.147
21190,1958-01-09 00:00:00,-0.017064075788831,-0.153417729604056,0.119289578026394,144.36,-38.147
21191,1958-01-10 00:00:00,0.1832176853767478,0.0465467498051615,0.319888620948334,144.36,-38.147
21192,1958-01-11 00:00:00,0.1134348818020969,-0.0229918959374897,0.2498616595416836,144.36,-38.147
21193,1958-01-12 00:00:00,0.0820985333491123,-0.0541400598013729,0.2183371264995975,144.36,-38.147
21194,1958-01-13 00:00:00,0.0109089652476927,-0.1253467241279695,0.1471646546233548,144.36,-38.147
21195,1958-01-14 00:00:00,0.1593307380147712,0.022953751704522,0.2957077243250205,144.36,-38.147
21196,1958-01-15 00:00:00,0.1525288767463357,0.01593340834078,0.2891243451518914,144.36,-38.147
21197,1958-01-16 00:00:00,0.0671628388651957,-0.0693624964894885,0.20368817421988,144.36,-38.147
21198,1958-01-17 00:00:00,0.0329687312860979,-0.1033688943518457,0.1693063569240417,144.36,-38.147
21199,1958-01-18 00:00:00,0.0045920560762407,-0.1316856287286053,0.1408697408810869,144.36,-38.147
21200,1958-01-19 00:00:00,0.2157615271788389,0.0793438171180661,0.3521792372396118,144.36,-38.147
21201,1958-01-20 00:00:00,0.1884267628287429,0.0521305648636557,0.3247229607938302,144.36,-38.147
21202,1958-01-21 00:00:00,0.2022901436861272,0.0660028702408211,0.3385774171314333,144.36,-38.147
21203,1958-01-22 00:00:00,0.1631582307067999,0.0268486602333087,0.2994678011802911,144.36,-38.147
21204,1958-01-23 00:00:00,0.0770450863087361,-0.0592295294904022,0.2133197021078746,144.36,-38.147
21205,1958-01-24 00:00:00,0.123039471774707,-0.0132210280670092,0.2592999716164234,144.36,-38.147
21206,1958-01-25 00:00:00,0.0762578058383378,-0.0599843688236322,0.2124999805003078,144.36,-38.147
21207,1958-01-26 00:00:00,0.0624367829014691,-0.0737970316989949,0.1986705975019332,144.36,-38.147
21208,1958-01-27 00:00:00,0.0685025242490091,-0.0677388215253606,0.2047438700233789,144.36,-38.147
21209,1958-01-28 00:00:00,0.0971518778225819,-0.0391026633763564,0.2334064190215203,144.36,-38.147
21210,1958-01-29 00:00:00,0.0865585369907445,-0.0498457382944834,0.2229628122759724,144.36,-38.147
21211,1958-01-30 00:00:00,0.0897540806279959,-0.0467892465302376,0.2262974077862294,144.36,-38.147
21212,1958-01-31 00:00:00,0.0809493256603607,-0.0554970946507663,0.2173957459714877,144.36,-38.147
21213,1958-02-01 00:00:00,0.1905829362304873,0.0541184712074701,0.3270474012535045,144.36,-38.147
21214,1958-02-02 00:00:00,0.1187264275549326,-0.0178186024463009,0.2552714575561663,144.36,-38.147
21215,1958-02-03 00:00:00,0.010904427880783,-0.125485166211713,0.1472940219732792,144.36,-38.147
21216,1958-02-04 00:00:00,0.2044670856897055,0.0680932403724723,0.3408409310069388,144.36,-38.147
21217,1958-02-05 00:00:00,0.1417338111483352,0.0054385658679185,0.2780290564287519,144.36,-38.147
21218,1958-02-06 00:00:00,0.1099854363545827,-0.0262904581076083,0.2462613308167738,144.36,-38.147
21219,1958-02-07 00:00:00,0.0042029552135086,-0.1320567517943011,0.1404626622213184,144.36,-38.147
21220,1958-02-08 00:00:00,-0.0215115334437323,-0.1578045688754086,0.114781501987944,144.36,-38.147
21221,1958-02-09 00:00:00,-0.0062287737562435,-0.1425310674017141,0.1300735198892269,144.36,-38.147
21222,1958-02-10 00:00:00,0.0611510604381712,-0.0752033895075182,0.1975055103838607,144.36,-38.147
21223,1958-02-11 00:00:00,0.1730330817774386,0.0362769179460524,0.3097892456088247,144.36,-38.147
21224,1958-02-12 00:00:00,0.0358600970132732,-0.1006534881744617,0.1723736822010081,144.36,-38.147
21225,1958-02-13 00:00:00,0.0239573030752326,-0.1122500086186346,0.1601646147691,144.36,-38.147
21226,1958-02-14 00:00:00,0.0573139085104789,-0.0788886702185935,0.1935164872395514,144.36,-38.147
21227,1958-02-15 00:00:00,0.0295301535326489,-0.1067322179382375,0.1657925250035355,144.36,-38.147
21228,1958-02-16 00:00:00,0.0280317387833306,-0.1081935142528064,0.1642569918194676,144.36,-38.147
21229,1958-02-17 00:00:00,0.0535890293251108,-0.0827142069487322,0.1898922655989539,144.36,-38.147
21230,1958-02-18 00:00:00,0.0206965983234847,-0.1155615719660618,0.1569547686130314,144.36,-38.147
21231,1958-02-19 00:00:00,0.1374569803787775,0.0011420853133309,0.2737718754442241,144.36,-38.147
21232,1958-02-20 00:00:00,0.1757675034037414,0.0390366484412117,0.3124983583662712,144.36,-38.147
21233,1958-02-21 00:00:00,0.0990210920296928,-0.0382938307613803,0.236336014820766,144.36,-38.147
21234,1958-02-22 00:00:00,0.1078148031315415,-0.0288739036417634,0.2445035099048466,144.36,-38.147
21235,1958-02-23 00:00:00,0.1179037885323636,-0.019118930610136,0.2549265076748634,144.36,-38.147
21236,1958-02-24 00:00:00,0.0471155070549569,-0.0891375482450124,0.1833685623549262,144.36,-38.147
21237,1958-02-25 00:00:00,0.0256707292430323,-0.1106512780347669,0.1619927365208316,144.36,-38.147
21238,1958-02-26 00:00:00,0.097465500357138,-0.0388452888695759,0.233776289583852,144.36,-38.147
21239,1958-02-27 00:00:00,0.117497189166939,-0.018936996450449,0.253931374784327,144.36,-38.147
21240,1958-02-28 00:00:00,0.1484867183846149,0.0121289794320049,0.2848444573372249,144.36,-38.147
21241,1958-03-01 00:00:00,0.1314971741687095,-0.004759514693593,0.2677538630310122,144.36,-38.147
21242,1958-03-02 00:00:00,0.1541121624202167,0.0177015451189464,0.2905227797214871,144.36,-38.147
21243,1958-03-03 00:00:00,0.1691269475682186,0.0325871627269334,0.3056667324095038,144.36,-38.147
21244,1958-03-04 00:00:00,0.1124827019049641,-0.0238899150264688,0.2488553188363971,144.36,-38.147
21245,1958-03-05 00:00:00,0.1045618471505903,-0.031703882148809,0.2408275764499897,144.36,-38.147
21246,1958-03-06 00:00:00,0.1049191349264503,-0.031332747777816,0.2411710176307167,144.36,-38.147
21247,1958-03-07 00:00:00,0.1278294610770989,-0.0084708385416056,0.2641297606958036,144.36,-38.147
21248,1958-03-08 00:00:00,0.0833868220921918,-0.0530059282467849,0.2197795724311685,144.36,-38.147
21249,1958-03-09 00:00:00,0.0420754512326454,-0.0941702858143038,0.1783211882795948,144.36,-38.147
21250,1958-03-10 00:00:00,0.0091563738292201,-0.1273290205379487,0.1456417681963889,144.36,-38.147
21251,1958-03-11 00:00:00,-0.0107710302551946,-0.1474847522592593,0.1259426917488701,144.36,-38.147
21252,1958-03-12 00:00:00,0.0250997719390409,-0.1112320532243811,0.161431597102463,144.36,-38.147
21253,1958-03-13 00:00:00,0.0678502253780921,-0.068517847633213,0.2042182983893972,144.36,-38.147
21254,1958-03-14 00:00:00,0.0824307877129895,-0.0539546347691472,0.2188162101951264,144.36,-38.147
21255,1958-03-15 00:00:00,0.0262479527693769,-0.1100037278670643,0.1624996334058182,144.36,-38.147
21256,1958-03-16 00:00:00,-0.0034692100608798,-0.1396445285175911,0.1327061083958314,144.36,-38.147
21257,1958-03-17 00:00:00,0.0056733579093202,-0.1305359873689648,0.1418827031876053,144.36,-38.147
21258,1958-03-18 00:00:00,0.0687066035748833,-0.0677516961767794,0.205164903326546,144.36,-38.147
21259,1958-03-19 00:00:00,-0.0383470990710905,-0.174761042752463,0.0980668446102819,144.36,-38.147
21260,1958-03-20 00:00:00,0.0567120437756566,-0.0796408196144642,0.1930649071657775,144.36,-38.147
21261,1958-03-21 00:00:00,0.1598710113940468,0.0234641163142221,0.2962779064738715,144.36,-38.147
21262,1958-03-22 00:00:00,0.06678609358505,-0.0695433468532131,0.2031155340233132,144.36,-38.147
21263,1958-03-23 00:00:00,0.127714522938505,-0.008569052129998,0.2639980980070082,144.36,-38.147
21264,1958-03-24 00:00:00,0.2450053526691913,0.1085688196655605,0.3814418856728221,144.36,-38.147
21265,1958-03-25 00:00:00,0.0251628114517749,-0.111080281512326,0.1614059044158758,144.36,-38.147
21266,1958-03-26 00:00:00,0.0640561489395329,-0.0721448775248648,0.2002571754039308,144.36,-38.147
21267,1958-03-27 00:00:00,0.1141614334320281,-0.0221024952076426,0.2504253620716989,144.36,-38.147
21268,1958-03-28 00:00:00,0.2950474894528899,0.1582632719588529,0.4318317069469268,144.36,-38.147
21269,1958-03-29 00:00:00,0.1812908471930889,0.0436507783382132,0.3189309160479646,144.36,-38.147
21270,1958-03-30 00:00:00,0.0997214875524385,-0.0371446179190027,0.2365875930238798,144.36,-38.147
21271,1958-03-31 00:00:00,0.2028855572972453,0.0663593989557437,0.3394117156387469,144.36,-38.147
21272,1958-04-01 00:00:00,0.0802064699356682,-0.0562488034674574,0.2166617433387939,144.36,-38.147
21273,1958-04-02 00:00:00,0.0939257685167582,-0.0422941221230257,0.2301456591565421,144.36,-38.147
21274,1958-04-03 00:00:00,0.0296329881807666,-0.1066115514960923,0.1658775278576256,144.36,-38.147
21275,1958-04-04 00:00:00,0.0027037100458472,-0.1335722893402379,0.1389797094319325,144.36,-38.147
21276,1958-04-05 00:00:00,0.0251020716507282,-0.1111164292188787,0.1613205725203352,144.36,-38.147
21277,1958-04-06 00:00:00,0.1914285567503872,0.0550857823017159,0.3277713311990585,144.36,-38.147
21278,1958-04-07 00:00:00,0.1296956890687402,-0.0066159940163931,0.2660073721538736,144.36,-38.147
21279,1958-04-08 00:00:00,0.1817725212375238,0.0454536545005185,0.318091387974529,144.36,-38.147
21280,1958-04-09 00:00:00,0.0349637547567578,-0.101301818218141,0.1712293277316568,144.36,-38.147
21281,1958-04-10 00:00:00,0.0425403890976086,-0.0937489999463224,0.1788297781415397,144.36,-38.147
21282,1958-04-11 00:00:00,-0.0276374667920843,-0.1638141297950932,0.1085391962109244,144.36,-38.147
21283,1958-04-12 00:00:00,0.0252489347966824,-0.1109739117926481,0.1614717813860129,144.36,-38.147
21284,1958-04-13 00:00:00,0.0249223838982378,-0.1113071591220757,0.1611519269185514,144.36,-38.147
21285,1958-04-14 00:00:00,0.1151489291704472,-0.0212238377147441,0.2515216960556387,144.36,-38.147
21286,1958-04-15 00:00:00,0.0766039602148909,-0.0598072201542551,0.2130151405840369,144.36,-38.147
21287,1958-04-16 00:00:00,0.0498345400645912,-0.0864223386101905,0.186091418739373,144.36,-38.147
21288,1958-04-17 00:00:00,-0.0289567703666407,-0.1656726433108341,0.1077591025775526,144.36,-38.147
21289,1958-04-18 00:00:00,-0.0222202016009588,-0.1586168942603089,0.1141764910583912,144.36,-38.147
21290,1958-04-19 00:00:00,0.2515335808626379,0.1138380396558865,0.3892291220693892,144.36,-38.147
21291,1958-04-20 00:00:00,0.0237863093498066,-0.1125935380986347,0.160166156798248,144.36,-38.147
21292,1958-04-21 00:00:00,-0.0020638435256238,-0.1382826686607877,0.13415498160954,144.36,-38.147
21293,1958-04-22 00:00:00,-0.012993039546554,-0.1492456164476933,0.1232595373545851,144.36,-38.147
21294,1958-04-23 00:00:00,0.0059194724178007,-0.1303432855913243,0.1421822304269259,144.36,-38.147
21295,1958-04-24 00:00:00,-0.0205756557303231,-0.1569345310747334,0.1157832196140872,144.36,-38.147
21296,1958-04-25 00:00:00,-0.0551306578979149,-0.1914057677207122,0.0811444519248823,144.36,-38.147
21297,1958-04-26 00:00:00,-0.025635687761575,-0.1619389856933613,0.1106676101702113,144.36,-38.147
21298,1958-04-27 00:00:00,-0.0071553825442825,-0.1433872552585557,0.1290764901699906,144.36,-38.147
21299,1958-04-28 00:00:00,-0.0173779764169151,-0.1535977123015751,0.1188417594677448,144.36,-38.147
21300,1958-04-29 00:00:00,0.0270330775386614,-0.1091768617780578,0.1632430168553807,144.36,-38.147
21301,1958-04-30 00:00:00,0.061186756023788,-0.0750275411235647,0.1974010531711409,144.36,-38.147
21302,1958-05-01 00:00:00,0.1249979412365377,-0.0114364780041082,0.2614323604771837,144.36,-38.147
21303,1958-05-02 00:00:00,0.1819237059517422,0.045521299562906,0.3183261123405784,144.36,-38.147
21304,1958-05-03 00:00:00,0.1879812082442054,0.0516434725575193,0.3243189439308915,144.36,-38.147
21305,1958-05-04 00:00:00,0.5442936493948777,0.4064165356867063,0.682170763103049,144.36,-38.147
21306,1958-05-05 00:00:00,0.2613714416563298,0.1229369459589859,0.3998059373536737,144.36,-38.147
21307,1958-05-06 00:00:00,0.1117148814031267,-0.0256078015823621,0.2490375643886155,144.36,-38.147
21308,1958-05-07 00:00:00,0.1622835772621533,0.0258149483565729,0.2987522061677337,144.36,-38.147
21309,1958-05-08 00:00:00,0.1023854806989302,-0.0339362391992364,0.2387072005970969,144.36,-38.147
21310,1958-05-09 00:00:00,0.060229644425762,-0.0766179726166548,0.197077261468179,144.36,-38.147
21311,1958-05-10 00:00:00,0.1219886887539075,-0.015003309266436,0.2589806867742512,144.36,-38.147
21312,1958-05-11 00:00:00,0.0818816370015581,-0.0544401912855577,0.218203465288674,144.36,-38.147
21313,1958-05-12 00:00:00,0.0368233742035562,-0.0993868246431024,0.173033573050215,144.36,-38.147
21314,1958-05-13 00:00:00,0.0279264670861773,-0.1083338205933562,0.1641867547657109,144.36,-38.147
21315,1958-05-14 00:00:00,0.0621142744272799,-0.0741864404291759,0.1984149892837357,144.36,-38.147
21316,1958-05-15 00:00:00,0.2145120814210215,0.0779075062826059,0.3511166565594372,144.36,-38.147
21317,1958-05-16 00:00:00,0.3217963747448623,0.1847855332660488,0.4588072162236757,144.36,-38.147
21318,1958-05-17 00:00:00,0.1345519237339448,-0.0018349384051436,0.2709387858730333,144.36,-38.147
21319,1958-05-18 00:00:00,0.3269777735250161,0.1901791500020346,0.4637763970479975,144.36,-38.147
21320,1958-05-19 00:00:00,0.1857665938671077,0.0492792281618647,0.3222539595723507,144.36,-38.147
21321,1958-05-20 00:00:00,0.2300635288483199,0.0936166104980386,0.3665104471986011,144.36,-38.147
21322,1958-05-21 00:00:00,0.0913547471446214,-0.0450542666660933,0.2277637609553362,144.36,-38.147
21323,1958-05-22 00:00:00,0.079614171445864,-0.0566886169690048,0.2159169598607328,144.36,-38.147
21324,1958-05-23 00:00:00,0.1886415997916966,0.0520779358399749,0.3252052637434184,144.36,-38.147
21325,1958-05-24 00:00:00,0.2163145976436302,0.0792327340834825,0.353396461203778,144.36,-38.147
21326,1958-05-25 00:00:00,0.3044887089506488,0.1671806105402967,0.4417968073610009,144.36,-38.147
21327,1958-05-26 00:00:00,0.5295088972485977,0.391926838952609,0.6670909555445864,144.36,-38.147
21328,1958-05-27 00:00:00,0.2809187086666355,0.1416456585908371,0.420191758742434,144.36,-38.147
21329,1958-05-28 00:00:00,0.2460894988664642,0.1082484931537888,0.3839305045791395,144.36,-38.147
21330,1958-05-29 00:00:00,0.211589585044616,0.0747725700236038,0.3484066000656283,144.36,-38.147
21331,1958-05-30 00:00:00,0.0809110095340229,-0.0555216385059264,0.2173436575739724,144.36,-38.147
21332,1958-05-31 00:00:00,0.0518285910127311,-0.0843784391733071,0.1880356211987695,144.36,-38.147
21333,1958-06-01 00:00:00,0.0186178859194465,-0.1175813332688669,0.1548171051077599,144.36,-38.147
21334,1958-06-02 00:00:00,0.0379975197048378,-0.0981993302914227,0.1741943697010985,144.36,-38.147
21335,1958-06-03 00:00:00,0.0689351725051806,-0.0673112368187579,0.2051815818291192,144.36,-38.147
21336,1958-06-04 00:00:00,0.0699737179089472,-0.0664181185416978,0.2063655543595923,144.36,-38.147
21337,1958-06-05 00:00:00,0.3794680436269639,0.2425610632923126,0.5163750239616153,144.36,-38.147
21338,1958-06-06 00:00:00,0.1822604130212551,0.0455374577832003,0.3189833682593098,144.36,-38.147
21339,1958-06-07 00:00:00,0.0128539675967301,-0.1236496480626943,0.1493575832561545,144.36,-38.147
21340,1958-06-08 00:00:00,-0.0382073204047126,-0.1744928398188862,0.0980781990094608,144.36,-38.147
21341,1958-06-09 00:00:00,-0.0340703487663991,-0.1703385173902069,0.1021978198574086,144.36,-38.147
21342,1958-06-10 00:00:00,-0.0225255049633853,-0.1587110950738159,0.1136600851470452,144.36,-38.147
21343,1958-06-11 00:00:00,0.0064688308220716,-0.1297654623307368,0.14270312397488,144.36,-38.147
21344,1958-06-12 00:00:00,0.0258088726999006,-0.1104659594010336,0.162083704800835,144.36,-38.147
21345,1958-06-13 00:00:00,0.0619820640922589,-0.0742748613786356,0.1982389895631535,144.36,-38.147
21346,1958-06-14 00:00:00,0.0690105667947137,-0.0678293152547724,0.2058504488441998,144.36,-38.147
21347,1958-06-15 00:00:00,0.031322775103925,-0.1059698336366412,0.1686153838444913,144.36,-38.147
21348,1958-06-16 00:00:00,-0.047723537397138,-0.1843063228932053,0.0888592480989292,144.36,-38.147
21349,1958-06-17 00:00:00,0.0656780286406033,-0.0707123784856605,0.2020684357668672,144.36,-38.147
21350,1958-06-18 00:00:00,0.0678070588655686,-0.0685011925510369,0.2041153102821743,144.36,-38.147
21351,1958-06-19 00:00:00,0.0385448007148014,-0.0978184353577924,0.1749080367873953,144.36,-38.147
21352,1958-06-20 00:00:00,0.0304872996846512,-0.1058493867869126,0.1668239861562151,144.36,-38.147
21353,1958-06-21 00:00:00,0.0778974152158351,-0.0583816173444846,0.2141764477761549,144.36,-38.147
21354,1958-06-22 00:00:00,0.1500563966234227,0.0134929438367388,0.2866198494101066,144.36,-38.147
21355,1958-06-23 00:00:00,0.1466474512548825,0.0102895933438577,0.2830053091659072,144.36,-38.147
21356,1958-06-24 00:00:00,0.0804265310610019,-0.0559881827147734,0.2168412448367773,144.36,-38.147
21357,1958-06-25 00:00:00,-0.0470583784244949,-0.1833554464600678,0.089238689611078,144.36,-38.147
21358,1958-06-26 00:00:00,-0.0789560232189054,-0.2152440253238207,0.0573319788860099,144.36,-38.147
21359,1958-06-27 00:00:00,-0.0593366951982466,-0.1956873003132927,0.0770139099167993,144.36,-38.147
21360,1958-06-28 00:00:00,-0.0513443994650069,-0.1876422903351896,0.0849534914051756,144.36,-38.147
21361,1958-06-29 00:00:00,0.0305664273727972,-0.1057488921011789,0.1668817468467734,144.36,-38.147
21362,1958-06-30 00:00:00,0.0717831123463366,-0.0646281990074748,0.2081944237001481,144.36,-38.147
21363,1958-07-01 00:00:00,0.0549165308441834,-0.0814406473664506,0.1912737090548176,144.36,-38.147
21364,1958-07-02 00:00:00,0.0302997168071382,-0.1059740652847795,0.1665734988990559,144.36,-38.147
21365,1958-07-03 00:00:00,0.0639573315069417,-0.0723992948997122,0.2003139579135958,144.36,-38.147
21366,1958-07-04 00:00:00,0.1796761869179732,0.0432757049599081,0.3160766688760382,144.36,-38.147
21367,1958-07-05 00:00:00,0.1052167866876526,-0.0311579426949895,0.2415915160702948,144.36,-38.147
21368,1958-07-06 00:00:00,0.0604138682038904,-0.0758091456523332,0.1966368820601141,144.36,-38.147
21369,1958-07-07 00:00:00,0.0295111911870561,-0.1067121010929649,0.1657344834670772,144.36,-38.147
21370,1958-07-08 00:00:00,-0.0065593559490608,-0.1427562526221659,0.1296375407240443,144.36,-38.147
21371,1958-07-09 00:00:00,0.0298780015273867,-0.1063578885083802,0.1661138915631537,144.36,-38.147
21372,1958-07-10 00:00:00,0.0191406390391825,-0.1171179259114656,0.1553992039898307,144.36,-38.147
21373,1958-07-11 00:00:00,-0.0216745035560505,-0.1580029279243585,0.1146539208122573,144.36,-38.147
21374,1958-07-12 00:00:00,0.0781610922471623,-0.0581260892187101,0.2144482737130349,144.36,-38.147
21375,1958-07-13 00:00:00,0.0842696088983552,-0.0521612000549203,0.2207004178516308,144.36,-38.147
21376,1958-07-14 00:00:00,0.0350825427519671,-0.101184545310061,0.1713496308139953,144.36,-38.147
21377,1958-07-15 00:00:00,0.0610125582742098,-0.0753669171005602,0.1973920336489799,144.36,-38.147
21378,1958-07-16 00:00:00,0.2801244761889506,0.1432850399945862,0.4169639123833151,144.36,-38.147
21379,1958-07-17 00:00:00,0.2447528613902415,0.1082727064594286,0.3812330163210544,144.36,-38.147
21380,1958-07-18 00:00:00,0.3536692011641769,0.2169329560311882,0.4904054462971656,144.36,-38.147
21381,1958-07-19 00:00:00,0.2941647507373058,0.1571945609043386,0.431134940570273,144.36,-38.147
21382,1958-07-20 00:00:00,0.1476553806934362,0.0110430181943269,0.2842677431925454,144.36,-38.147
21383,1958-07-21 00:00:00,0.1327133576011794,-0.003569711022735,0.2689964262250939,144.36,-38.147
21384,1958-07-22 00:00:00,0.1840076398732716,0.0475895345483518,0.3204257451981914,144.36,-38.147
21385,1958-07-23 00:00:00,0.0144388667135792,-0.1219750307562949,0.1508527641834533,144.36,-38.147
21386,1958-07-24 00:00:00,0.0990624227639047,-0.0377207062259767,0.2358455517537862,144.36,-38.147
21387,1958-07-25 00:00:00,0.2448299466604316,0.107895201735308,0.3817646915855551,144.36,-38.147
21388,1958-07-26 00:00:00,-0.0047459600878468,-0.1412164764980389,0.1317245563223451,144.36,-38.147
21389,1958-07-27 00:00:00,0.136191372466037,-0.0002111921974824,0.2725939371295566,144.36,-38.147
21390,1958-07-28 00:00:00,0.1267422238850522,-0.0095867985687747,0.2630712463388793,144.36,-38.147
21391,1958-07-29 00:00:00,0.3161589661001628,0.179582809260538,0.4527351229397877,144.36,-38.147
21392,1958-07-30 00:00:00,0.2416573506225476,0.1053672879323187,0.3779474133127766,144.36,-38.147
21393,1958-07-31 00:00:00,0.1854986378667,0.0491591623148537,0.3218381134185463,144.36,-38.147
21394,1958-08-01 00:00:00,0.3181961251335137,0.1816350134387204,0.454757236828307,144.36,-38.147
21395,1958-08-02 00:00:00,0.1116607217374936,-0.0250915396527132,0.2484129831277004,144.36,-38.147
21396,1958-08-03 00:00:00,0.0410893316590039,-0.0951869091003468,0.1773655724183546,144.36,-38.147
21397,1958-08-04 00:00:00,0.0776173023566645,-0.0587941242986402,0.2140287290119693,144.36,-38.147
21398,1958-08-05 00:00:00,-0.0114368485302371,-0.147706930169691,0.1248332331092167,144.36,-38.147
21399,1958-08-06 00:00:00,-0.0027550654457457,-0.1392181973803539,0.1337080664888623,144.36,-38.147
21400,1958-08-07 00:00:00,0.1261911947822305,-0.0102081890254457,0.2625905785899067,144.36,-38.147
21401,1958-08-08 00:00:00,0.2396717592661456,0.1032020452354569,0.3761414732968342,144.36,-38.147
21402,1958-08-09 00:00:00,0.1427251710429192,0.005581727775409,0.2798686143104293,144.36,-38.147
21403,1958-08-10 00:00:00,0.0768623800647184,-0.0596057817138719,0.2133305418433087,144.36,-38.147
21404,1958-08-11 00:00:00,0.0773819802346702,-0.0588802807936844,0.2136442412630249,144.36,-38.147
21405,1958-08-12 00:00:00,0.0212000143559804,-0.1151010194140133,0.1575010481259742,144.36,-38.147
21406,1958-08-13 00:00:00,0.2665725839537085,0.1294972068017291,0.4036479611056879,144.36,-38.147
21407,1958-08-14 00:00:00,-0.0038704695459784,-0.1404434405493375,0.1327025014573806,144.36,-38.147
21408,1958-08-15 00:00:00,-0.0846397600428725,-0.2225573104020347,0.0532777903162897,144.36,-38.147
21409,1958-08-16 00:00:00,0.1126747893513246,-0.026672438366266,0.2520220170689153,144.36,-38.147
21410,1958-08-17 00:00:00,0.2656125861118416,0.1287807454464404,0.4024444267772428,144.36,-38.147
21411,1958-08-18 00:00:00,0.2694193230320538,0.1328543612884293,0.4059842847756784,144.36,-38.147
21412,1958-08-19 00:00:00,0.2782316398536458,0.1416959229173633,0.4147673567899284,144.36,-38.147
21413,1958-08-20 00:00:00,0.1186882120935176,-0.0178077098657244,0.2551841340527598,144.36,-38.147
21414,1958-08-21 00:00:00,0.0304473323379445,-0.1060014202310809,0.16689608490697,144.36,-38.147
21415,1958-08-22 00:00:00,-0.0006892767649209,-0.1371154079200129,0.135736854390171,144.36,-38.147
21416,1958-08-23 00:00:00,0.1233014585345784,-0.0135320664237639,0.2601349834929207,144.36,-38.147
21417,1958-08-24 00:00:00,0.0266243605641188,-0.1098144337335051,0.1630631548617429,144.36,-38.147
21418,1958-08-25 00:00:00,0.1036747069309097,-0.0330912087576153,0.2404406226194347,144.36,-38.147
21419,1958-08-26 00:00:00,0.1582817793348918,0.0212460057463088,0.2953175529234748,144.36,-38.147
21420,1958-08-27 00:00:00,0.0562289266071543,-0.0804876466941588,0.1929454999084675,144.36,-38.147
21421,1958-08-28 00:00:00,0.0696669090238951,-0.0666978653452153,0.2060316833930055,144.36,-38.147
21422,1958-08-29 00:00:00,0.0172694542707451,-0.11918419617284,0.1537231047143304,144.36,-38.147
21423,1958-08-30 00:00:00,-0.0339070450216786,-0.170260919497342,0.1024468294539847,144.36,-38.147
21424,1958-08-31 00:00:00,-0.0238383068495946,-0.160100497688997,0.1124238839898078,144.36,-38.147
21425,1958-09-01 00:00:00,0.0158750336827455,-0.1203773740865957,0.1521274414520868,144.36,-38.147
21426,1958-09-02 00:00:00,0.0774601709772774,-0.0589471722570446,0.2138675142115995,144.36,-38.147
21427,1958-09-03 00:00:00,0.1618888950565284,0.0253686451022129,0.298409145010844,144.36,-38.147
21428,1958-09-04 00:00:00,0.1917186708565861,0.055135313690062,0.3283020280231101,144.36,-38.147
21429,1958-09-05 00:00:00,0.0795364544979264,-0.0568840801126479,0.2159569891085008,144.36,-38.147
21430,1958-09-06 00:00:00,0.0621216133973385,-0.0741732013771304,0.1984164281718075,144.36,-38.147
21431,1958-09-07 00:00:00,0.0062403892703153,-0.1299819768551938,0.1424627553958245,144.36,-38.147
21432,1958-09-08 00:00:00,0.0248886142953504,-0.1112635739780029,0.1610408025687038,144.36,-38.147
21433,1958-09-09 00:00:00,0.0404753946946847,-0.0956957202948556,0.176646509684225,144.36,-38.147
21434,1958-09-10 00:00:00,0.0396476115406522,-0.0966949719345102,0.1759901950158147,144.36,-38.147
21435,1958-09-11 00:00:00,0.0997196454576601,-0.0373792504673262,0.2368185413826464,144.36,-38.147
21436,1958-09-12 00:00:00,0.130231630404556,-0.0068259685172028,0.2672892293263149,144.36,-38.147
21437,1958-09-13 00:00:00,0.1062502126973589,-0.0306417827630783,0.2431422081577962,144.36,-38.147
21438,1958-09-14 00:00:00,0.0097610477970266,-0.1265882135084804,0.1461103091025337,144.36,-38.147
21439,1958-09-15 00:00:00,0.0147456718564305,-0.121414030835388,0.150905374548249,144.36,-38.147
21440,1958-09-16 00:00:00,0.0565644539887173,-0.0796208146554046,0.1927497226328394,144.36,-38.147
21441,1958-09-17 00:00:00,0.1650223359562699,0.0287313763782555,0.3013132955342842,144.36,-38.147
21442,1958-09-18 00:00:00,0.1634791668783609,0.0271594722804301,0.2997988614762916,144.36,-38.147
21443,1958-09-19 00:00:00,0.1223387833757971,-0.0140368746465936,0.2587144413981879,144.36,-38.147
21444,1958-09-20 00:00:00,0.1364544760201136,-7.448892983707989e-06,0.272916400933211,144.36,-38.147
21445,1958-09-21 00:00:00,0.0815903847700306,-0.0550837269610396,0.2182644965011009,144.36,-38.147
21446,1958-09-22 00:00:00,-0.028468493788761,-0.1648571525350687,0.1079201649575465,144.36,-38.147
21447,1958-09-23 00:00:00,-0.0423079833531607,-0.1785831964231344,0.0939672297168128,144.36,-38.147
21448,1958-09-24 00:00:00,-0.0480538194756523,-0.1842965130318658,0.0881888740805611,144.36,-38.147
21449,1958-09-25 00:00:00,0.0336221597321192,-0.102645800632061,0.1698901200962994,144.36,-38.147
21450,1958-09-26 00:00:00,0.0939521197981449,-0.042361062150963,0.2302653017472529,144.36,-38.147
21451,1958-09-27 00:00:00,0.1609487639865023,0.0246200604152552,0.2972774675577495,144.36,-38.147
21452,1958-09-28 00:00:00,0.1207132995438071,-0.0156496635484325,0.2570762626360469,144.36,-38.147
21453,1958-09-29 00:00:00,0.0402357844177755,-0.0960204327171249,0.176492001552676,144.36,-38.147
21454,1958-09-30 00:00:00,-0.0377501959700323,-0.1739706845663605,0.0984702926262958,144.36,-38.147
21455,1958-10-01 00:00:00,-0.054117673382327,-0.1903385032254475,0.0821031564607934,144.36,-38.147
21456,1958-10-02 00:00:00,-0.0083388719404561,-0.1445641685527592,0.1278864246718468,144.36,-38.147
21457,1958-10-03 00:00:00,0.0260738776369386,-0.1102076404833971,0.1623553957572743,144.36,-38.147
21458,1958-10-04 00:00:00,0.1307254125332321,-0.0056268926009724,0.2670777176674367,144.36,-38.147
21459,1958-10-05 00:00:00,0.2369390108047206,0.1005167177466263,0.3733613038628149,144.36,-38.147
21460,1958-10-06 00:00:00,0.2964035315404253,0.1596622482528024,0.4331448148280481,144.36,-38.147
21461,1958-10-07 00:00:00,0.2388002890220125,0.1022242635548364,0.3753763144891885,144.36,-38.147
21462,1958-10-08 00:00:00,0.0876621828709061,-0.0486364410172587,0.223960806759071,144.36,-38.147
21463,1958-10-09 00:00:00,0.002530702626268,-0.1337138140670653,0.1387752193196014,144.36,-38.147
21464,1958-10-10 00:00:00,0.0243670650218821,-0.1121073489970632,0.1608414790408274,144.36,-38.147
21465,1958-10-11 00:00:00,0.1616282621992434,0.0250662029866948,0.2981903214117921,144.36,-38.147
21466,1958-10-12 00:00:00,0.2398232675131071,0.1031828341956815,0.3764637008305326,144.36,-38.147
21467,1958-10-13 00:00:00,0.0377740705876393,-0.0985961594505406,0.1741443006258193,144.36,-38.147
21468,1958-10-14 00:00:00,-0.0035324932702287,-0.1397661409308845,0.1327011543904271,144.36,-38.147
21469,1958-10-15 00:00:00,0.0524919929720102,-0.0839222303900914,0.1889062163341119,144.36,-38.147
21470,1958-10-16 00:00:00,0.2427767599275453,0.1061308096843442,0.3794227101707463,144.36,-38.147
21471,1958-10-17 00:00:00,0.1310280672443182,-0.0054980735394032,0.2675542080280398,144.36,-38.147
21472,1958-10-18 00:00:00,0.2498077789567719,0.1132872695260641,0.3863282883874796,144.36,-38.147
21473,1958-10-19 00:00:00,0.2458653372626586,0.1092448610141132,0.382485813511204,144.36,-38.147
21474,1958-10-20 00:00:00,0.2090589100243369,0.0724776017093497,0.345640218339324,144.36,-38.147
21475,1958-10-21 00:00:00,0.2385135489840225,0.1019165120202154,0.3751105859478297,144.36,-38.147
21476,1958-10-22 00:00:00,0.3228632915053743,0.1856227903474945,0.4601037926632542,144.36,-38.147
21477,1958-10-23 00:00:00,0.1503454474785962,0.0135199138181992,0.2871709811389932,144.36,-38.147
21478,1958-10-24 00:00:00,0.3766653744325057,0.2388125393875675,0.5145182094774439,144.36,-38.147
21479,1958-10-25 00:00:00,0.1092167015117945,-0.0277440603422428,0.2461774633658319,144.36,-38.147
21480,1958-10-26 00:00:00,0.0324020801989097,-0.1041720604161468,0.1689762208139663,144.36,-38.147
21481,1958-10-27 00:00:00,0.0983489995845617,-0.0381354390842275,0.2348334382533511,144.36,-38.147
21482,1958-10-28 00:00:00,-0.0091682521470437,-0.1454265877165787,0.1270900834224913,144.36,-38.147
21483,1958-10-29 00:00:00,0.113526662583315,-0.0227906081144848,0.2498439332811148,144.36,-38.147
21484,1958-10-30 00:00:00,0.1946885881860248,0.0583084834901661,0.3310686928818835,144.36,-38.147
21485,1958-10-31 00:00:00,0.162096774521857,0.0255818145451208,0.2986117344985932,144.36,-38.147
21486,1958-11-01 00:00:00,0.1141688524146236,-0.0223711156876861,0.2507088205169334,144.36,-38.147
21487,1958-11-02 00:00:00,0.155484597598009,0.0190126002402877,0.2919565949557302,144.36,-38.147
21488,1958-11-03 00:00:00,0.0465112751851033,-0.0897371517529472,0.1827597021231538,144.36,-38.147
21489,1958-11-04 00:00:00,0.0433264345780427,-0.0930783970285145,0.1797312661845999,144.36,-38.147
21490,1958-11-05 00:00:00,0.2264651425870995,0.0899004693049216,0.3630298158692773,144.36,-38.147
21491,1958-11-06 00:00:00,0.0554622208890161,-0.0808718453523229,0.1917962871303553,144.36,-38.147
21492,1958-11-07 00:00:00,0.1178032480437725,-0.0184347373162261,0.2540412334037713,144.36,-38.147
21493,1958-11-08 00:00:00,0.0432651115430757,-0.093144663755231,0.1796748868413825,144.36,-38.147
21494,1958-11-09 00:00:00,0.0828371057375962,-0.0535460526129687,0.2192202640881613,144.36,-38.147
21495,1958-11-10 00:00:00,0.054582311977356,-0.0816324269141378,0.1907970508688499,144.36,-38.147
21496,1958-11-11 00:00:00,0.050765026653537,-0.0854779747200853,0.1870080280271594,144.36,-38.147
21497,1958-11-12 00:00:00,0.0764028529179912,-0.0599953153008541,0.2128010211368367,144.36,-38.147
21498,1958-11-13 00:00:00,0.3691746982995688,0.2319508330728719,0.5063985635262658,144.36,-38.147
21499,1958-11-14 00:00:00,0.3308039838326091,0.1931402077967406,0.4684677598684776,144.36,-38.147
21500,1958-11-15 00:00:00,0.0383704121563684,-0.0989021641065233,0.1756429884192601,144.36,-38.147
21501,1958-11-16 00:00:00,-0.0676892058140327,-0.2043769380816135,0.068998526453548,144.36,-38.147
21502,1958-11-17 00:00:00,-0.0506325347706294,-0.1869936891794652,0.0857286196382063,144.36,-38.147
21503,1958-11-18 00:00:00,-0.0354021603992936,-0.1716399288549552,0.1008356080563678,144.36,-38.147
21504,1958-11-19 00:00:00,-0.0152570525275449,-0.1515402385806797,0.1210261335255898,144.36,-38.147
21505,1958-11-20 00:00:00,0.0019468254626362,-0.1347933980806789,0.1386870490059513,144.36,-38.147
21506,1958-11-21 00:00:00,0.1513159206196812,0.0142483550247425,0.2883834862146199,144.36,-38.147
21507,1958-11-22 00:00:00,0.0082971932641249,-0.1281398971528079,0.1447342836810578,144.36,-38.147
21508,1958-11-23 00:00:00,0.0143950707675951,-0.1218829506865216,0.1506730922217119,144.36,-38.147
21509,1958-11-24 00:00:00,0.0419566766230472,-0.0944599823928166,0.1783733356389111,144.36,-38.147
21510,1958-11-25 00:00:00,0.0346962165501348,-0.1015147356536432,0.1709071687539128,144.36,-38.147
21511,1958-11-26 00:00:00,-0.0064921310756099,-0.1426919279698133,0.1297076658185934,144.36,-38.147
21512,1958-11-27 00:00:00,-0.0104152416165422,-0.146699362193687,0.1258688789606025,144.36,-38.147
21513,1958-11-28 00:00:00,0.0417132976257769,-0.0946974237636321,0.178124019015186,144.36,-38.147
21514,1958-11-29 00:00:00,0.1026815697948166,-0.0336913422299186,0.2390544818195519,144.36,-38.147
21515,1958-11-30 00:00:00,0.0381256730801413,-0.0981735821494957,0.1744249283097783,144.36,-38.147
21516,1958-12-01 00:00:00,0.0109582201722925,-0.1253030211631196,0.1472194615077047,144.36,-38.147
21517,1958-12-02 00:00:00,0.0285955468153472,-0.1077113645584943,0.1649024581891888,144.36,-38.147
21518,1958-12-03 00:00:00,0.0003783581809063,-0.1359099608659136,0.1366666772277263,144.36,-38.147
21519,1958-12-04 00:00:00,-0.0378899924903814,-0.174159499385357,0.098379514404594,144.36,-38.147
21520,1958-12-05 00:00:00,0.0377889111612192,-0.0987808959439128,0.1743587182663514,144.36,-38.147
21521,1958-12-06 00:00:00,0.1978519285472683,0.0608799618261702,0.3348238952683664,144.36,-38.147
21522,1958-12-07 00:00:00,0.0508004421158856,-0.0854756828858726,0.1870765671176439,144.36,-38.147
21523,1958-12-08 00:00:00,-0.0214216627393464,-0.1576991362875612,0.1148558108088682,144.36,-38.147
21524,1958-12-09 00:00:00,0.0291477786967897,-0.1071729204107883,0.1654684778043678,144.36,-38.147
21525,1958-12-10 00:00:00,0.295187891029548,0.1583917478646418,0.4319840341944542,144.36,-38.147
21526,1958-12-11 00:00:00,0.2889081526365527,0.1517513462939289,0.4260649589791764,144.36,-38.147
21527,1958-12-12 00:00:00,0.0859087703090594,-0.0512160227384479,0.2230335633565668,144.36,-38.147
21528,1958-12-13 00:00:00,-0.001983371170415,-0.1384948809529556,0.1345281386121254,144.36,-38.147
21529,1958-12-14 00:00:00,0.019804075678058,-0.1164387833675578,0.1560469347236739,144.36,-38.147
21530,1958-12-15 00:00:00,0.0150588206401613,-0.1211465152930099,0.1512641565733325,144.36,-38.147
21531,1958-12-16 00:00:00,0.0676531797220364,-0.0686055518271507,0.2039119112712236,144.36,-38.147
21532,1958-12-17 00:00:00,0.0927244757437176,-0.0438043060201424,0.2292532575075777,144.36,-38.147
21533,1958-12-18 00:00:00,0.0269347441354798,-0.109587497894027,0.1634569861649867,144.36,-38.147
21534,1958-12-19 00:00:00,0.0296991200161697,-0.1065616187168344,0.165959858749174,144.36,-38.147
21535,1958-12-20 00:00:00,0.1134646421606908,-0.0228021880009499,0.2497314723223316,144.36,-38.147
21536,1958-12-21 00:00:00,0.1364447743317283,0.0002327304957994,0.2726568181676572,144.36,-38.147
21537,1958-12-22 00:00:00,0.0692825331273818,-0.0669619885917917,0.2055270548465554,144.36,-38.147
21538,1958-12-23 00:00:00,-0.0093785743243547,-0.1456974150520811,0.1269402664033716,144.36,-38.147
21539,1958-12-24 00:00:00,0.0357990067211186,-0.1005638122531963,0.1721618256954337,144.36,-38.147
21540,1958-12-25 00:00:00,0.1492396673056134,0.012781550631523,0.2856977839797038,144.36,-38.147
21541,1958-12-26 00:00:00,0.0686474784752579,-0.0676554778423201,0.204950434792836,144.36,-38.147
21542,1958-12-27 00:00:00,0.0813838225894205,-0.0548839933043271,0.2176516384831683,144.36,-38.147
21543,1958-12-28 00:00:00,0.1426142065052022,0.0062791874601194,0.2789492255502849,144.36,-38.147
21544,1958-12-29 00:00:00,0.0567567114172498,-0.0796286217017998,0.1931420445362995,144.36,-38.147
21545,1958-12-30 00:00:00,0.0078448957872717,-0.1283949791349094,0.1440847707094529,144.36,-38.147
21546,1958-12-31 00:00:00,-0.0238305868182904,-0.1601949836711931,0.1125338100346121,144.36,-38.147
21547,1959-01-01 00:00:00,0.0410963069591528,-0.0952529248497726,0.1774455387680783,144.36,-38.147
21548,1959-01-02 00:00:00,-0.013719167277251,-0.1500403298092645,0.1226019952547623,144.36,-38.147
21549,1959-01-03 00:00:00,-0.0371318639608869,-0.1734664244760603,0.0992026965542865,144.36,-38.147
21550,1959-01-04 00:00:00,0.0193154190944041,-0.117049779954777,0.1556806181435853,144.36,-38.147
21551,1959-01-05 00:00:00,0.0740645808277138,-0.0624232243560764,0.2105523860115041,144.36,-38.147
21552,1959-01-06 00:00:00,0.1821652366401981,0.0456293737034878,0.3187010995769085,144.36,-38.147
21553,1959-01-07 00:00:00,0.1719390859936979,0.0356288621062193,0.3082493098811764,144.36,-38.147
21554,1959-01-08 00:00:00,0.0807679673312521,-0.0554592991116123,0.2169952337741166,144.36,-38.147
21555,1959-01-09 00:00:00,0.0325021309271031,-0.1038374002624656,0.1688416621166719,144.36,-38.147
21556,1959-01-10 00:00:00,-0.0156008732737185,-0.1519118688943543,0.1207101223469172,144.36,-38.147
21557,1959-01-11 00:00:00,0.0385096785344324,-0.0978039170637037,0.1748232741325686,144.36,-38.147
21558,1959-01-12 00:00:00,0.1034500429118847,-0.0329001805851999,0.2398002664089694,144.36,-38.147
21559,1959-01-13 00:00:00,0.0868553250727089,-0.0493844875751495,0.2230951377205675,144.36,-38.147
21560,1959-01-14 00:00:00,0.043182694019787,-0.0931016994868168,0.1794670875263909,144.36,-38.147
21561,1959-01-15 00:00:00,0.1272317318741844,-0.0091332019063745,0.2635966656547435,144.36,-38.147
21562,1959-01-16 00:00:00,0.0699144367139829,-0.0664630900347118,0.2062919634626777,144.36,-38.147
21563,1959-01-17 00:00:00,0.0397852018211188,-0.0965007791799021,0.1760711828221399,144.36,-38.147
21564,1959-01-18 00:00:00,0.0837829796807306,-0.053005818951315,0.2205717783127763,144.36,-38.147
21565,1959-01-19 00:00:00,0.0847745595079274,-0.0522825124570901,0.2218316314729449,144.36,-38.147
21566,1959-01-20 00:00:00,0.1092424950473651,-0.0276101729821865,0.2460951630769168,144.36,-38.147
21567,1959-01-21 00:00:00,0.1082958249125347,-0.0287966437412796,0.2453882935663491,144.36,-38.147
21568,1959-01-22 00:00:00,-0.0396509364253767,-0.1764755768690417,0.0971737040182881,144.36,-38.147
21569,1959-01-23 00:00:00,-0.0073153645580465,-0.143696159413644,0.1290654302975508,144.36,-38.147
21570,1959-01-24 00:00:00,0.0428448444329259,-0.093634637256668,0.1793243261225199,144.36,-38.147
21571,1959-01-25 00:00:00,0.0980333149288381,-0.0383271744177978,0.2343938042754741,144.36,-38.147
21572,1959-01-26 00:00:00,0.1129378864794652,-0.0238985124059926,0.249774285364923,144.36,-38.147
21573,1959-01-27 00:00:00,0.0210995441834394,-0.1154673899095091,0.1576664782763879,144.36,-38.147
21574,1959-01-28 00:00:00,0.0649337342628205,-0.0713290719407604,0.2011965404664014,144.36,-38.147
21575,1959-01-29 00:00:00,0.0641446387555691,-0.0722612465393791,0.2005505240505174,144.36,-38.147
21576,1959-01-30 00:00:00,0.008367492617111,-0.1280292421298009,0.1447642273640231,144.36,-38.147
21577,1959-01-31 00:00:00,-0.0184146484767079,-0.154637809024024,0.1178085120706082,144.36,-38.147
21578,1959-02-01 00:00:00,0.005847952003129,-0.1304651012441661,0.1421610052504241,144.36,-38.147
21579,1959-02-02 00:00:00,0.0352316252568958,-0.1013454064368936,0.1718086569506853,144.36,-38.147
21580,1959-02-03 00:00:00,0.092149422108671,-0.0445822559524477,0.2288811001697897,144.36,-38.147
21581,1959-02-04 00:00:00,0.0472709331046546,-0.0890609568512415,0.1836028230605507,144.36,-38.147
21582,1959-02-05 00:00:00,0.0164582876904114,-0.1198228327129759,0.1527394080937989,144.36,-38.147
21583,1959-02-06 00:00:00,0.0660507178708507,-0.0702526453405701,0.2023540810822715,144.36,-38.147
21584,1959-02-07 00:00:00,0.1763785607275954,0.0400536886624227,0.3127034327927681,144.36,-38.147
21585,1959-02-08 00:00:00,0.1461373625742378,0.0098252523992802,0.2824494727491954,144.36,-38.147
21586,1959-02-09 00:00:00,0.0818278116989229,-0.0545137257118076,0.2181693491096534,144.36,-38.147
21587,1959-02-10 00:00:00,0.0196699336538495,-0.1165976133228453,0.1559374806305445,144.36,-38.147
21588,1959-02-11 00:00:00,0.0225363249706039,-0.1136575601134106,0.1587302100546186,144.36,-38.147
21589,1959-02-12 00:00:00,0.0281493981054315,-0.1080594090409207,0.1643582052517839,144.36,-38.147
21590,1959-02-13 00:00:00,0.0873864931013567,-0.049161619296654,0.2239346054993676,144.36,-38.147
21591,1959-02-14 00:00:00,0.2266924408211686,0.0900300659936726,0.3633548156486645,144.36,-38.147
21592,1959-02-15 00:00:00,0.3158879236826554,0.1789549387709771,0.4528209085943336,144.36,-38.147
21593,1959-02-16 00:00:00,0.201600232067484,0.0652370159871481,0.33796344814782,144.36,-38.147
21594,1959-02-17 00:00:00,0.0483508344294888,-0.0880569708288399,0.1847586396878176,144.36,-38.147
21595,1959-02-18 00:00:00,0.0341928763416147,-0.1021021974935406,0.1704879501767701,144.36,-38.147
21596,1959-02-19 00:00:00,0.1326312693590702,-0.0037478649865086,0.2690104037046492,144.36,-38.147
21597,1959-02-20 00:00:00,0.1384824982973162,0.002119556320906,0.2748454402737263,144.36,-38.147
21598,1959-02-21 00:00:00,0.0211494745038051,-0.1153700140764612,0.1576689630840715,144.36,-38.147
21599,1959-02-22 00:00:00,-0.0070911158844246,-0.1433266086424615,0.1291443768736122,144.36,-38.147
21600,1959-02-23 00:00:00,0.0159425428263541,-0.1203515874969987,0.152236673149707,144.36,-38.147
21601,1959-02-24 00:00:00,0.0091823476828009,-0.1272049722569816,0.1455696676225835,144.36,-38.147
21602,1959-02-25 00:00:00,0.0267434201001392,-0.1095328328007734,0.1630196730010518,144.36,-38.147
21603,1959-02-26 00:00:00,0.0165224050064227,-0.1196818214599643,0.1527266314728098,144.36,-38.147
21604,1959-02-27 00:00:00,0.0334391529493161,-0.10275105370906,0.1696293596076922,144.36,-38.147
21605,1959-02-28 00:00:00,0.0139271824407402,-0.122321024393116,0.1501753892745965,144.36,-38.147
21606,1959-03-01 00:00:00,-0.0210714014688606,-0.1573216714914061,0.1151788685536848,144.36,-38.147
21607,1959-03-02 00:00:00,0.0457772933426618,-0.0905733381856539,0.1821279248709776,144.36,-38.147
21608,1959-03-03 00:00:00,0.0219642952267006,-0.1144971186238565,0.1584257090772579,144.36,-38.147
21609,1959-03-04 00:00:00,-0.0166120906980201,-0.1531584264065423,0.1199342450105019,144.36,-38.147
21610,1959-03-05 00:00:00,0.0550885061518913,-0.0815906267693378,0.1917676390731205,144.36,-38.147
21611,1959-03-06 00:00:00,0.1405319644711196,0.0040294290306159,0.2770344999116233,144.36,-38.147
21612,1959-03-07 00:00:00,0.0685902181674703,-0.0676743820166783,0.2048548183516189,144.36,-38.147
21613,1959-03-08 00:00:00,0.2002865819072375,0.0639645230968837,0.3366086407175913,144.36,-38.147
21614,1959-03-09 00:00:00,0.2066806070442108,0.0700658757588842,0.3432953383295375,144.36,-38.147
21615,1959-03-10 00:00:00,0.0984372603853879,-0.0378772325985464,0.2347517533693223,144.36,-38.147
21616,1959-03-11 00:00:00,0.0186472322715971,-0.1177394209493161,0.1550338854925105,144.36,-38.147
21617,1959-03-12 00:00:00,-0.0666546100399071,-0.2030061558780385,0.0696969357982243,144.36,-38.147
21618,1959-03-13 00:00:00,-0.0176300322660356,-0.1539568284465104,0.1186967639144391,144.36,-38.147
21619,1959-03-14 00:00:00,0.0395566009191002,-0.0967120579448326,0.1758252597830332,144.36,-38.147
21620,1959-03-15 00:00:00,0.0536243012308252,-0.0827210634259793,0.1899696658876299,144.36,-38.147
21621,1959-03-16 00:00:00,0.060759106738837,-0.0755358420973346,0.1970540555750086,144.36,-38.147
21622,1959-03-17 00:00:00,0.0497537487881645,-0.0865410139569544,0.1860485115332835,144.36,-38.147
21623,1959-03-18 00:00:00,0.0025851014336044,-0.1336781067629962,0.138848309630205,144.36,-38.147
21624,1959-03-19 00:00:00,-7.772103144917594e-05,-0.1363252073857888,0.1361697653228904,144.36,-38.147
21625,1959-03-20 00:00:00,0.009637939586718,-0.1265625111958004,0.1458383903692364,144.36,-38.147
21626,1959-03-21 00:00:00,0.0310221777007404,-0.105189653489125,0.1672340088906059,144.36,-38.147
21627,1959-03-22 00:00:00,0.1808230105680841,0.0444392937468789,0.3172067273892894,144.36,-38.147
21628,1959-03-23 00:00:00,0.1856303032195029,0.0491098978915144,0.3221507085474915,144.36,-38.147
21629,1959-03-24 00:00:00,0.02444674837794,-0.1118388105907318,0.1607323073466118,144.36,-38.147
21630,1959-03-25 00:00:00,-0.0289612793407694,-0.1651863236770629,0.107263764995524,144.36,-38.147
21631,1959-03-26 00:00:00,-0.0067861185620387,-0.1431046071666026,0.129532370042525,144.36,-38.147
21632,1959-03-27 00:00:00,0.0217447792542243,-0.1145029513864435,0.1579925098948923,144.36,-38.147
21633,1959-03-28 00:00:00,0.0261986078690266,-0.109983875793082,0.1623810915311354,144.36,-38.147
21634,1959-03-29 00:00:00,0.023767552356351,-0.1124558262102715,0.1599909309229736,144.36,-38.147
21635,1959-03-30 00:00:00,0.0949863024102308,-0.0412983043221688,0.2312709091426304,144.36,-38.147
21636,1959-03-31 00:00:00,0.0646239203025864,-0.071676472208606,0.2009243128137789,144.36,-38.147
21637,1959-04-01 00:00:00,0.0452771184063576,-0.0911546170469582,0.1817088538596735,144.36,-38.147
21638,1959-04-02 00:00:00,0.0968481768819735,-0.0395488011137077,0.2332451548776548,144.36,-38.147
21639,1959-04-03 00:00:00,0.0768579643592591,-0.0593816190193503,0.2130975477378687,144.36,-38.147
21640,1959-04-04 00:00:00,0.0281006390168364,-0.1080782936662086,0.1642795716998815,144.36,-38.147
21641,1959-04-05 00:00:00,0.1701102528881324,0.0335071701198211,0.3067133356564437,144.36,-38.147
21642,1959-04-06 00:00:00,0.1660118907077808,0.0294933888674866,0.3025303925480751,144.36,-38.147
21643,1959-04-07 00:00:00,0.019193989646295,-0.1177250594691232,0.1561130387617134,144.36,-38.147
21644,1959-04-08 00:00:00,-0.0584105363750948,-0.1951149283976676,0.0782938556474778,144.36,-38.147
21645,1959-04-09 00:00:00,0.0695451290912723,-0.0667547750747528,0.2058450332572975,144.36,-38.147
21646,1959-04-10 00:00:00,0.0009029841395357,-0.1353767661343322,0.1371827344134037,144.36,-38.147
21647,1959-04-11 00:00:00,-0.0424981647860996,-0.1788593506055218,0.0938630210333225,144.36,-38.147
21648,1959-04-12 00:00:00,-0.0377073097980544,-0.1740181948596483,0.0986035752635394,144.36,-38.147
21649,1959-04-13 00:00:00,0.023504537981486,-0.1127405064114835,0.1597495823744556,144.36,-38.147
21650,1959-04-14 00:00:00,0.1619327704186259,0.0253519796976587,0.298513561139593,144.36,-38.147
21651,1959-04-15 00:00:00,0.2382060380305327,0.1016979254747617,0.3747141505863036,144.36,-38.147
21652,1959-04-16 00:00:00,0.0330601810118839,-0.1033436972774169,0.1694640593011847,144.36,-38.147
21653,1959-04-17 00:00:00,-0.0235616630093991,-0.1598473534556567,0.1127240274368584,144.36,-38.147
21654,1959-04-18 00:00:00,-0.0037194273294929,-0.1399236258093389,0.1324847711503531,144.36,-38.147
21655,1959-04-19 00:00:00,0.0047420611616346,-0.1314249243202745,0.1409090466435438,144.36,-38.147
21656,1959-04-20 00:00:00,0.0358157325980145,-0.1003598104173359,0.1719912756133649,144.36,-38.147
21657,1959-04-21 00:00:00,0.0419924570008635,-0.0941848560278103,0.1781697700295373,144.36,-38.147
21658,1959-04-22 00:00:00,0.0618612820704693,-0.0743585894619602,0.1980811536028989,144.36,-38.147
21659,1959-04-23 00:00:00,0.1174186260366876,-0.0190395151890597,0.2538767672624351,144.36,-38.147
21660,1959-04-24 00:00:00,-0.0257980969737124,-0.1620327019028907,0.1104365079554658,144.36,-38.147
21661,1959-04-25 00:00:00,0.1514617034107939,0.0150072119191336,0.2879161949024542,144.36,-38.147
21662,1959-04-26 00:00:00,0.0368001525295385,-0.0995129843292008,0.173113289388278,144.36,-38.147
21663,1959-04-27 00:00:00,0.0493750381137504,-0.0869458898715629,0.1856959660990638,144.36,-38.147
21664,1959-04-28 00:00:00,0.0803022680922411,-0.0561881183988334,0.2167926545833157,144.36,-38.147
21665,1959-04-29 00:00:00,0.0194490475079792,-0.1171273614947734,0.1560254565107319,144.36,-38.147
21666,1959-04-30 00:00:00,0.0475820770571654,-0.0887572075214467,0.1839213616357775,144.36,-38.147
21667,1959-05-01 00:00:00,0.0481579254029155,-0.0881342529086767,0.1844501037145077,144.36,-38.147
21668,1959-05-02 00:00:00,0.036924114357584,-0.0992914747631691,0.1731397034783372,144.36,-38.147
21669,1959-05-03 00:00:00,-0.0134240081938931,-0.1496247891334432,0.1227767727456568,144.36,-38.147
21670,1959-05-04 00:00:00,-0.0290010178867099,-0.165190057065678,0.1071880212922581,144.36,-38.147
21671,1959-05-05 00:00:00,0.0091340990832818,-0.1271094632627553,0.1453776614293189,144.36,-38.147
21672,1959-05-06 00:00:00,0.0185539696153837,-0.1179228170899128,0.1550307563206802,144.36,-38.147
21673,1959-05-07 00:00:00,-0.0751816632508985,-0.2114162856559917,0.0610529591541946,144.36,-38.147
21674,1959-05-08 00:00:00,-0.0036227276519193,-0.1398491970188216,0.132603741714983,144.36,-38.147
21675,1959-05-09 00:00:00,0.0425468438797741,-0.093799274258432,0.1788929620179802,144.36,-38.147
21676,1959-05-10 00:00:00,-0.0441341849251412,-0.1804643767729864,0.092196006922704,144.36,-38.147
21677,1959-05-11 00:00:00,-0.0703289299423819,-0.2066048947230199,0.065947034838256,144.36,-38.147
21678,1959-05-12 00:00:00,0.0175488154858077,-0.118705744234579,0.1538033752061945,144.36,-38.147
21679,1959-05-13 00:00:00,0.0101454875865646,-0.1260933917876978,0.1463843669608271,144.36,-38.147
21680,1959-05-14 00:00:00,0.0059918806467172,-0.1302004811628044,0.142184242456239,144.36,-38.147
21681,1959-05-15 00:00:00,0.0141196512954255,-0.122095974100738,0.1503352766915891,144.36,-38.147
21682,1959-05-16 00:00:00,-0.016119126943969,-0.1523553357097966,0.1201170818218586,144.36,-38.147
21683,1959-05-17 00:00:00,0.0053525282419783,-0.1308672621834968,0.1415723186674535,144.36,-38.147
21684,1959-05-18 00:00:00,0.0021615638529765,-0.1340550640485789,0.138378191754532,144.36,-38.147
21685,1959-05-19 00:00:00,0.1278454991915386,-0.0085842533815466,0.2642752517646238,144.36,-38.147
21686,1959-05-20 00:00:00,0.1056136043330887,-0.030835581568939,0.2420627902351165,144.36,-38.147
21687,1959-05-21 00:00:00,0.0378894081691789,-0.0988411073140908,0.1746199236524487,144.36,-38.147
21688,1959-05-22 00:00:00,0.0030759864267378,-0.1335364619121492,0.1396884347656248,144.36,-38.147
21689,1959-05-23 00:00:00,0.0932700140737336,-0.0432261772758495,0.2297662054233168,144.36,-38.147
21690,1959-05-24 00:00:00,0.1207637686561396,-0.0161441699937957,0.2576717073060751,144.36,-38.147
21691,1959-05-25 00:00:00,0.0095271320408814,-0.1269499716321506,0.1460042357139134,144.36,-38.147
21692,1959-05-26 00:00:00,-0.018272589230125,-0.1547929018850452,0.1182477234247951,144.36,-38.147
21693,1959-05-27 00:00:00,-0.0485652435720869,-0.1848418209933007,0.0877113338491269,144.36,-38.147
21694,1959-05-28 00:00:00,-0.0107807129639033,-0.1470742265414113,0.1255128006136045,144.36,-38.147
21695,1959-05-29 00:00:00,-0.0425568134581294,-0.1789659633927835,0.0938523364765246,144.36,-38.147
21696,1959-05-30 00:00:00,-0.0433250435696351,-0.1797860480203154,0.0931359608810451,144.36,-38.147
21697,1959-05-31 00:00:00,-0.0152196985015127,-0.1516518942176242,0.1212124972145987,144.36,-38.147
21698,1959-06-01 00:00:00,-0.0441242658003455,-0.1803385700588872,0.0920900384581962,144.36,-38.147
21699,1959-06-02 00:00:00,-0.018333483669329,-0.1546000808169717,0.1179331134783135,144.36,-38.147
21700,1959-06-03 00:00:00,-0.0026667041287088,-0.1389980262095345,0.1336646179521168,144.36,-38.147
21701,1959-06-04 00:00:00,0.0139588117413997,-0.1224256579079845,0.1503432813907839,144.36,-38.147
21702,1959-06-05 00:00:00,0.0499953313537503,-0.0862788053186292,0.1862694680261299,144.36,-38.147
21703,1959-06-06 00:00:00,0.0979822645540265,-0.0382536742431703,0.2342182033512235,144.36,-38.147
21704,1959-06-07 00:00:00,0.0004489920132006,-0.1357374100733723,0.1366353940997736,144.36,-38.147
21705,1959-06-08 00:00:00,0.0005133030663175,-0.1357244041836495,0.1367510103162846,144.36,-38.147
21706,1959-06-09 00:00:00,0.0987000930200772,-0.0377413917378684,0.2351415777780229,144.36,-38.147
21707,1959-06-10 00:00:00,0.0671625992959222,-0.0691400664163851,0.2034652650082296,144.36,-38.147
21708,1959-06-11 00:00:00,0.0667368956723302,-0.0698352102938542,0.2033090016385147,144.36,-38.147
21709,1959-06-12 00:00:00,0.1486840093035893,0.011482516879556,0.2858855017276226,144.36,-38.147
21710,1959-06-13 00:00:00,0.1993623253475819,0.0619418985211114,0.3367827521740523,144.36,-38.147
21711,1959-06-14 00:00:00,0.0470819008411126,-0.0900823189942814,0.1842461206765067,144.36,-38.147
21712,1959-06-15 00:00:00,-0.0093558305674381,-0.1458367917571209,0.1271251306222447,144.36,-38.147
21713,1959-06-16 00:00:00,-0.0061684258358615,-0.1424448649745265,0.1301080133028035,144.36,-38.147
21714,1959-06-17 00:00:00,0.0612355056621457,-0.0750749747523677,0.1975459860766591,144.36,-38.147
21715,1959-06-18 00:00:00,0.0472260917483726,-0.0891485171571106,0.1836007006538558,144.36,-38.147
21716,1959-06-19 00:00:00,0.0669657111891935,-0.0694537916446099,0.203385214022997,144.36,-38.147
21717,1959-06-20 00:00:00,0.1204824758066173,-0.0161140605774808,0.2570790121907155,144.36,-38.147
21718,1959-06-21 00:00:00,0.1108696807485966,-0.0255118400575448,0.2472512015547382,144.36,-38.147
21719,1959-06-22 00:00:00,-0.007939081304495,-0.1444303896680325,0.1285522270590425,144.36,-38.147
21720,1959-06-23 00:00:00,0.1230348269754972,-0.0139546101226551,0.2600242640736496,144.36,-38.147
21721,1959-06-24 00:00:00,0.0847714875458675,-0.0516430938303993,0.2211860689221343,144.36,-38.147
21722,1959-06-25 00:00:00,0.1860147021722483,0.0494896604343373,0.3225397439101592,144.36,-38.147
21723,1959-06-26 00:00:00,0.0128062627463932,-0.1253365030789008,0.1509490285716873,144.36,-38.147
21724,1959-06-27 00:00:00,-0.0406197212935092,-0.1779134144279813,0.0966739718409629,144.36,-38.147
21725,1959-06-28 00:00:00,-0.0883863713966864,-0.2253570043292467,0.0485842615358739,144.36,-38.147
21726,1959-06-29 00:00:00,0.0239537784347801,-0.1125077544804971,0.1604153113500574,144.36,-38.147
21727,1959-06-30 00:00:00,0.070300996804267,-0.0659241403976296,0.2065261340061638,144.36,-38.147
21728,1959-07-01 00:00:00,0.0577564839140351,-0.0784625064487672,0.1939754742768375,144.36,-38.147
21729,1959-07-02 00:00:00,0.0251255313295283,-0.1111329967050385,0.1613840593640952,144.36,-38.147
21730,1959-07-03 00:00:00,0.0681545134640416,-0.0682319707731614,0.2045409977012447,144.36,-38.147
21731,1959-07-04 00:00:00,0.1572826107705477,0.0207332557049955,0.2938319658360998,144.36,-38.147
21732,1959-07-05 00:00:00,0.0368574204673135,-0.0995632130917037,0.1732780540263308,144.36,-38.147
21733,1959-07-06 00:00:00,0.023333343195147,-0.1129689523181714,0.1596356387084656,144.36,-38.147
21734,1959-07-07 00:00:00,0.0728382637652742,-0.0637067972243097,0.2093833247548581,144.36,-38.147
21735,1959-07-08 00:00:00,-0.0958124690956438,-0.2330901768955026,0.0414652387042148,144.36,-38.147
21736,1959-07-09 00:00:00,-0.0619328018272966,-0.1981528432958431,0.0742872396412498,144.36,-38.147
21737,1959-07-10 00:00:00,-0.0375712904414902,-0.1737790550800267,0.0986364741970462,144.36,-38.147
21738,1959-07-11 00:00:00,-0.0147420428112238,-0.1510343894949808,0.1215503038725331,144.36,-38.147
21739,1959-07-12 00:00:00,0.0614414044196905,-0.0748913584421937,0.1977741672815748,144.36,-38.147
21740,1959-07-13 00:00:00,0.0922451050783552,-0.0440710501181012,0.2285612602748118,144.36,-38.147
21741,1959-07-14 00:00:00,0.1141280989652984,-0.0221102569105107,0.2503664548411076,144.36,-38.147
21742,1959-07-15 00:00:00,0.0874272947724686,-0.0488102518188396,0.2236648413637769,144.36,-38.147
21743,1959-07-16 00:00:00,0.0504883717789091,-0.0857334134453192,0.1867101570031374,144.36,-38.147
21744,1959-07-17 00:00:00,0.0033760901215167,-0.1328358479715609,0.1395880282145944,144.36,-38.147
21745,1959-07-18 00:00:00,-0.0058705131350992,-0.1421686289922044,0.1304276027220059,144.36,-38.147
21746,1959-07-19 00:00:00,0.0714233689860305,-0.0649922242824405,0.2078389622545016,144.36,-38.147
21747,1959-07-20 00:00:00,0.0419679097946799,-0.094308511115524,0.178244330704884,144.36,-38.147
21748,1959-07-21 00:00:00,0.0723763590149019,-0.0639686707977421,0.208721388827546,144.36,-38.147
21749,1959-07-22 00:00:00,0.1409915405725865,0.0044882018828108,0.2774948792623622,144.36,-38.147
21750,1959-07-23 00:00:00,0.3043161108240864,0.16714464424182,0.4414875774063529,144.36,-38.147
21751,1959-07-24 00:00:00,0.1001890202727909,-0.0366812597672378,0.2370593003128198,144.36,-38.147
21752,1959-07-25 00:00:00,0.0668043699379279,-0.070138989984368,0.2037477298602239,144.36,-38.147
21753,1959-07-26 00:00:00,-0.0366092648556529,-0.1735117291540539,0.100293199442748,144.36,-38.147
21754,1959-07-27 00:00:00,0.1455835565945493,0.009210306237463,0.2819568069516357,144.36,-38.147
21755,1959-07-28 00:00:00,0.3685012556013189,0.2311790097579643,0.5058235014446735,144.36,-38.147
21756,1959-07-29 00:00:00,0.112565450319071,-0.0241951070591064,0.2493260076972485,144.36,-38.147
21757,1959-07-30 00:00:00,0.1528200510900115,0.0163952865126107,0.2892448156674122,144.36,-38.147
21758,1959-07-31 00:00:00,0.0517409143714009,-0.0844820836304329,0.1879639123732348,144.36,-38.147
21759,1959-08-01 00:00:00,0.0742293134460362,-0.0621274465967557,0.2105860734888282,144.36,-38.147
21760,1959-08-02 00:00:00,0.2488673509053538,0.1119985563040786,0.3857361455066289,144.36,-38.147
21761,1959-08-03 00:00:00,0.2159771266905794,0.0795163389853759,0.3524379143957829,144.36,-38.147
21762,1959-08-04 00:00:00,0.2621216497162653,0.1252106890757851,0.3990326103567455,144.36,-38.147
21763,1959-08-05 00:00:00,0.3877492002287346,0.2501531652686883,0.5253452351887808,144.36,-38.147
21764,1959-08-06 00:00:00,0.4710726989911354,0.3331117713557133,0.6090336266265576,144.36,-38.147
21765,1959-08-07 00:00:00,0.059952793157856,-0.0772766792304673,0.1971822655461794,144.36,-38.147
21766,1959-08-08 00:00:00,0.3775779932865014,0.2404180096368737,0.5147379769361291,144.36,-38.147
21767,1959-08-09 00:00:00,0.1591586700366105,0.0219289003734041,0.2963884396998169,144.36,-38.147
21768,1959-08-10 00:00:00,0.127722885748589,-0.0089592372342595,0.2644050087314376,144.36,-38.147
21769,1959-08-11 00:00:00,0.0733743851384932,-0.0631466692366278,0.2098954395136142,144.36,-38.147
21770,1959-08-12 00:00:00,0.1538059935160811,0.0170739577462436,0.2905380292859185,144.36,-38.147
21771,1959-08-13 00:00:00,0.5100250019569612,0.3723967040881584,0.647653299825764,144.36,-38.147
21772,1959-08-14 00:00:00,0.1068590870086981,-0.0303824515167625,0.2441006255341588,144.36,-38.147
21773,1959-08-15 00:00:00,0.1306021684270069,-0.0067321079482169,0.2679364448022308,144.36,-38.147
21774,1959-08-16 00:00:00,-0.0286115550160453,-0.1654754592799081,0.1082523492478174,144.36,-38.147
21775,1959-08-17 00:00:00,-0.0901069999291168,-0.2265210140047022,0.0463070141464685,144.36,-38.147
21776,1959-08-18 00:00:00,-0.0673956899025222,-0.2036526251832372,0.0688612453781927,144.36,-38.147
21777,1959-08-19 00:00:00,0.0040012407300299,-0.1322440229066752,0.140246504366735,144.36,-38.147
21778,1959-08-20 00:00:00,0.0390940811673766,-0.0971170931243941,0.1753052554591475,144.36,-38.147
21779,1959-08-21 00:00:00,0.0254153629966739,-0.1108161911920709,0.1616469171854189,144.36,-38.147
21780,1959-08-22 00:00:00,0.0659433104011936,-0.070361335021509,0.2022479558238963,144.36,-38.147
21781,1959-08-23 00:00:00,0.0114469777927031,-0.1248663429108148,0.1477602984962211,144.36,-38.147
21782,1959-08-24 00:00:00,-0.0411867355275261,-0.1775214463714054,0.095147975316353,144.36,-38.147
21783,1959-08-25 00:00:00,-0.0544626543842931,-0.1908250001862696,0.0818996914176832,144.36,-38.147
21784,1959-08-26 00:00:00,-0.0234462289473915,-0.1597678037417433,0.1128753458469601,144.36,-38.147
21785,1959-08-27 00:00:00,-0.0484936817153083,-0.1847351766549931,0.0877478132243763,144.36,-38.147
21786,1959-08-28 00:00:00,-0.0737606849262604,-0.2100060137603192,0.0624846439077982,144.36,-38.147
21787,1959-08-29 00:00:00,-0.0457652170592618,-0.181992682125943,0.0904622480074193,144.36,-38.147
21788,1959-08-30 00:00:00,0.0077957251817978,-0.1285794477615041,0.1441708981250997,144.36,-38.147
21789,1959-08-31 00:00:00,0.1014651469969653,-0.0351418048336897,0.2380720988276203,144.36,-38.147
21790,1959-09-01 00:00:00,0.0055989362499724,-0.1306914245604782,0.141889297060423,144.36,-38.147
21791,1959-09-02 00:00:00,-0.0188857189595618,-0.1551191105433614,0.1173476726242377,144.36,-38.147
21792,1959-09-03 00:00:00,-0.046866034009205,-0.1830887980146187,0.0893567299962086,144.36,-38.147
21793,1959-09-04 00:00:00,-0.0388093196117434,-0.1751700543223312,0.0975514150988444,144.36,-38.147
21794,1959-09-05 00:00:00,0.002561750512867,-0.1340203325978815,0.1391438336236156,144.36,-38.147
21795,1959-09-06 00:00:00,0.0685244832429521,-0.0678253218323307,0.2048742883182349,144.36,-38.147
21796,1959-09-07 00:00:00,-0.0009018781761523,-0.1371923926111855,0.1353886362588808,144.36,-38.147
21797,1959-09-08 00:00:00,-0.0220129075004344,-0.1582491448038064,0.1142233298029376,144.36,-38.147
21798,1959-09-09 00:00:00,-0.025535646265577,-0.1617340140445061,0.110662721513352,144.36,-38.147
21799,1959-09-10 00:00:00,-0.0492739444888517,-0.1854620410603417,0.0869141520826382,144.36,-38.147
21800,1959-09-11 00:00:00,0.0237112982842654,-0.1126217564169776,0.1600443529855085,144.36,-38.147
21801,1959-09-12 00:00:00,0.1186355305199085,-0.0177787733285472,0.2550498343683644,144.36,-38.147
21802,1959-09-13 00:00:00,0.0170396798868432,-0.1192757116151204,0.1533550713888068,144.36,-38.147
21803,1959-09-14 00:00:00,0.0682073387688668,-0.0682304680460984,0.204645145583832,144.36,-38.147
21804,1959-09-15 00:00:00,0.2769539616806951,0.1394624971660728,0.4144454261953173,144.36,-38.147
21805,1959-09-16 00:00:00,0.1356341715299716,-0.0011453105594776,0.2724136536194209,144.36,-38.147
21806,1959-09-17 00:00:00,0.1538416809938909,0.0176073446301461,0.2900760173576358,144.36,-38.147
21807,1959-09-18 00:00:00,0.0932771293363519,-0.042968086173181,0.2295223448458849,144.36,-38.147
21808,1959-09-19 00:00:00,0.1037132360608272,-0.0332255607881538,0.2406520329098082,144.36,-38.147
21809,1959-09-20 00:00:00,0.219271393325415,0.0814937619389019,0.3570490247119282,144.36,-38.147
21810,1959-09-21 00:00:00,-0.030584943742455,-0.1686313390181029,0.1074614515331928,144.36,-38.147
21811,1959-09-22 00:00:00,-0.0760375861624027,-0.2133872084895347,0.0613120361647293,144.36,-38.147
21812,1959-09-23 00:00:00,0.019468155688641,-0.1168105511526583,0.1557468625299404,144.36,-38.147
21813,1959-09-24 00:00:00,0.0828534723475578,-0.0533661864349953,0.219073131130111,144.36,-38.147
21814,1959-09-25 00:00:00,0.0798030255661459,-0.0564010620912543,0.2160071132235461,144.36,-38.147
21815,1959-09-26 00:00:00,0.0936909263254935,-0.0425200625192638,0.2299019151702509,144.36,-38.147
21816,1959-09-27 00:00:00,0.1486035919775576,0.0123926400850556,0.2848145438700595,144.36,-38.147
21817,1959-09-28 00:00:00,0.1409542932403384,0.0046767874790858,0.2772317990015911,144.36,-38.147
21818,1959-09-29 00:00:00,0.3982997665216498,0.2601839532993514,0.5364155797439483,144.36,-38.147
21819,1959-09-30 00:00:00,0.2292822052020334,0.09242390008973,0.3661405103143368,144.36,-38.147
21820,1959-10-01 00:00:00,0.1584408354262031,0.0219464816222606,0.2949351892301456,144.36,-38.147
21821,1959-10-02 00:00:00,0.0562853938045862,-0.080166867143592,0.1927376547527645,144.36,-38.147
21822,1959-10-03 00:00:00,0.0209702176397274,-0.1162583488604404,0.1581987841398952,144.36,-38.147
21823,1959-10-04 00:00:00,0.028169288294312,-0.1090671418179424,0.1654057184065666,144.36,-38.147
21824,1959-10-05 00:00:00,0.0226347519771705,-0.1148525631751386,0.1601220671294796,144.36,-38.147
21825,1959-10-06 00:00:00,0.005771748984217,-0.1309344743565772,0.1424779723250114,144.36,-38.147
21826,1959-10-07 00:00:00,-0.0056803868006825,-0.1420195454897563,0.1306587718883911,144.36,-38.147
21827,1959-10-08 00:00:00,0.0422785241976606,-0.0950464573439123,0.1796035057392336,144.36,-38.147
21828,1959-10-09 00:00:00,0.1677916950777556,0.0313136996000337,0.3042696905554774,144.36,-38.147
21829,1959-10-10 00:00:00,0.1762812540189473,0.0399676224745646,0.3125948855633301,144.36,-38.147
21830,1959-10-11 00:00:00,0.1425824786783706,0.0062754335093047,0.2788895238474363,144.36,-38.147
21831,1959-10-12 00:00:00,0.1063776271076543,-0.0299621411086545,0.2427173953239631,144.36,-38.147
21832,1959-10-13 00:00:00,0.0356859097576674,-0.1005373647282798,0.1719091842436148,144.36,-38.147
21833,1959-10-14 00:00:00,-0.0143784216876732,-0.1505631531242021,0.1218063097488555,144.36,-38.147
21834,1959-10-15 00:00:00,-0.0121498164169706,-0.14832605117966,0.1240264183457187,144.36,-38.147
21835,1959-10-16 00:00:00,-0.0194539432755703,-0.1557570840739312,0.1168491975227904,144.36,-38.147
21836,1959-10-17 00:00:00,-0.0267780108781257,-0.1634804031642494,0.1099243814079978,144.36,-38.147
21837,1959-10-18 00:00:00,0.0270223321562489,-0.1095641457435577,0.1636088100560557,144.36,-38.147
21838,1959-10-19 00:00:00,0.0426245585130077,-0.0936202299102625,0.1788693469362779,144.36,-38.147
21839,1959-10-20 00:00:00,0.0220723753215643,-0.1145213513606584,0.158666102003787,144.36,-38.147
21840,1959-10-21 00:00:00,0.013538409434721,-0.1238774407365537,0.1509542596059959,144.36,-38.147
21841,1959-10-22 00:00:00,-0.0408662997486049,-0.1780524969659302,0.0963198974687203,144.36,-38.147
21842,1959-10-23 00:00:00,-0.0215468487766128,-0.1577548470560976,0.1146611495028719,144.36,-38.147
21843,1959-10-24 00:00:00,0.0355153969671961,-0.1009321812851275,0.1719629752195198,144.36,-38.147
21844,1959-10-25 00:00:00,0.2849028176476561,0.1483802919075733,0.4214253433877389,144.36,-38.147
21845,1959-10-26 00:00:00,0.1696862192409249,0.0334230288655129,0.305949409616337,144.36,-38.147
21846,1959-10-27 00:00:00,0.09123310195636,-0.0450463422278961,0.2275125461406162,144.36,-38.147
21847,1959-10-28 00:00:00,0.0402319851417229,-0.0964551667690709,0.1769191370525167,144.36,-38.147
21848,1959-10-29 00:00:00,0.0295917034932874,-0.1073272723937349,0.1665106793803099,144.36,-38.147
21849,1959-10-30 00:00:00,0.0214129843009316,-0.1155538743329828,0.1583798429348462,144.36,-38.147
21850,1959-10-31 00:00:00,0.181926310221671,0.0451093538126174,0.3187432666307246,144.36,-38.147
21851,1959-11-01 00:00:00,0.1213419751613184,-0.0149302675779038,0.2576142179005407,144.36,-38.147
21852,1959-11-02 00:00:00,0.0205685183245598,-0.1156915238715036,0.1568285605206232,144.36,-38.147
21853,1959-11-03 00:00:00,0.0890440474034893,-0.0475939739432788,0.2256820687502574,144.36,-38.147
21854,1959-11-04 00:00:00,0.3085540189887446,0.1718821417033642,0.445225896274125,144.36,-38.147
21855,1959-11-05 00:00:00,0.2695495358789371,0.1329384263492284,0.4061606454086458,144.36,-38.147
21856,1959-11-06 00:00:00,0.0359110164665051,-0.1004451232479575,0.1722671561809678,144.36,-38.147
21857,1959-11-07 00:00:00,0.0319233955387191,-0.1043520439283609,0.1681988350057991,144.36,-38.147
21858,1959-11-08 00:00:00,0.1219427293813227,-0.0144672129041836,0.2583526716668292,144.36,-38.147
21859,1959-11-09 00:00:00,0.0753224236274516,-0.0611232861174211,0.2117681333723245,144.36,-38.147
21860,1959-11-10 00:00:00,0.0429179250879667,-0.0935979445026196,0.1794337946785532,144.36,-38.147
21861,1959-11-11 00:00:00,-0.0271044326578092,-0.1634619615024689,0.1092530961868503,144.36,-38.147
21862,1959-11-12 00:00:00,0.0366334447422611,-0.0999734798715753,0.1732403693560977,144.36,-38.147
21863,1959-11-13 00:00:00,0.0749510074285202,-0.061406757132691,0.2113087719897314,144.36,-38.147
21864,1959-11-14 00:00:00,0.0499309415269184,-0.086342201454766,0.1862040845086029,144.36,-38.147
21865,1959-11-15 00:00:00,0.0650200579271293,-0.0712183755676135,0.2012584914218722,144.36,-38.147
21866,1959-11-16 00:00:00,0.0422696946821259,-0.0939685284233493,0.1785079177876012,144.36,-38.147
21867,1959-11-17 00:00:00,0.0925531703769129,-0.0436448033087483,0.2287511440625742,144.36,-38.147
21868,1959-11-18 00:00:00,0.1040154067833988,-0.0322314002397826,0.2402622138065802,144.36,-38.147
21869,1959-11-19 00:00:00,0.0291627295641171,-0.107049918715435,0.1653753778436691,144.36,-38.147
21870,1959-11-20 00:00:00,0.0277435015373318,-0.1084744670159427,0.1639614700906064,144.36,-38.147
21871,1959-11-21 00:00:00,0.0798668020408249,-0.0565677893322424,0.2163013934138923,144.36,-38.147
21872,1959-11-22 00:00:00,0.1514707947424991,0.0148920619743904,0.2880495275106078,144.36,-38.147
21873,1959-11-23 00:00:00,0.0807330019070251,-0.0560323874271001,0.2174983912411505,144.36,-38.147
21874,1959-11-24 00:00:00,0.0207861627607989,-0.1156379781381372,0.157210303659735,144.36,-38.147
21875,1959-11-25 00:00:00,0.0826286537392931,-0.0539933850554324,0.2192506925340186,144.36,-38.147
21876,1959-11-26 00:00:00,0.0752294133037788,-0.0610932958951257,0.2115521225026834,144.36,-38.147
21877,1959-11-27 00:00:00,0.0600767390660274,-0.0762689425298133,0.1964224206618681,144.36,-38.147
21878,1959-11-28 00:00:00,0.1315682910379196,-0.0047519741050489,0.2678885561808882,144.36,-38.147
21879,1959-11-29 00:00:00,0.0902056996108843,-0.0462226630604649,0.2266340622822337,144.36,-38.147
21880,1959-11-30 00:00:00,0.3535576571330803,0.216554572676307,0.4905607415898535,144.36,-38.147
21881,1959-12-01 00:00:00,0.1409662560771018,0.0041477282372591,0.2777847839169446,144.36,-38.147
21882,1959-12-02 00:00:00,0.0935816931646704,-0.0427221029842183,0.2298854893135592,144.36,-38.147
21883,1959-12-03 00:00:00,0.05141525795461,-0.0847611445767437,0.1875916604859638,144.36,-38.147
21884,1959-12-04 00:00:00,0.0564389767554493,-0.079874834258575,0.1927527877694737,144.36,-38.147
21885,1959-12-05 00:00:00,0.1947007063328991,0.0583263303357951,0.3310750823300031,144.36,-38.147
21886,1959-12-06 00:00:00,0.265764848990127,0.1294891750801923,0.4020405229000616,144.36,-38.147
21887,1959-12-07 00:00:00,0.151915937434166,0.0156382591801166,0.2881936156882154,144.36,-38.147
21888,1959-12-08 00:00:00,0.1260862871854333,-0.0101862417232793,0.2623588160941461,144.36,-38.147
21889,1959-12-09 00:00:00,0.1409994116382124,0.0046984459688958,0.277300377307529,144.36,-38.147
21890,1959-12-10 00:00:00,0.2049785220343564,0.0686612389931878,0.341295805075525,144.36,-38.147
21891,1959-12-11 00:00:00,0.1829047070389119,0.046611754616551,0.3191976594612729,144.36,-38.147
21892,1959-12-12 00:00:00,0.2474438953782513,0.1110998705161493,0.3837879202403533,144.36,-38.147
21893,1959-12-13 00:00:00,0.1712412288775609,0.0348144275504984,0.3076680302046234,144.36,-38.147
21894,1959-12-14 00:00:00,0.0476477645963866,-0.0886408437531194,0.1839363729458926,144.36,-38.147
21895,1959-12-15 00:00:00,0.0293603054646748,-0.1069037172833624,0.1656243282127122,144.36,-38.147
21896,1959-12-16 00:00:00,0.1885092902721772,0.0520519181797618,0.3249666623645926,144.36,-38.147
21897,1959-12-17 00:00:00,0.1172302907785941,-0.0190712591746128,0.253531840731801,144.36,-38.147
21898,1959-12-18 00:00:00,0.2744791802182998,0.1379747155634585,0.4109836448731411,144.36,-38.147
21899,1959-12-19 00:00:00,0.1759431788033624,0.0395687615399932,0.3123175960667317,144.36,-38.147
21900,1959-12-20 00:00:00,0.1974345025785271,0.0611696447046387,0.3336993604524155,144.36,-38.147
21901,1959-12-21 00:00:00,0.1200830127313278,-0.0161763613722736,0.2563423868349292,144.36,-38.147
21902,1959-12-22 00:00:00,0.0476489562390151,-0.0886282446828271,0.1839261571608574,144.36,-38.147
21903,1959-12-23 00:00:00,0.0196534658252774,-0.1168872615176331,0.156194193168188,144.36,-38.147
21904,1959-12-24 00:00:00,0.0930057667460614,-0.0435476340170155,0.2295591675091384,144.36,-38.147
21905,1959-12-25 00:00:00,0.1383739114164717,0.0018290775621903,0.2749187452707531,144.36,-38.147
21906,1959-12-26 00:00:00,0.1332236507011907,-0.0032285236183991,0.2696758250207805,144.36,-38.147
21907,1959-12-27 00:00:00,0.1531650156751291,0.016876837718938,0.2894531936313201,144.36,-38.147
21908,1959-12-28 00:00:00,0.1223315160874454,-0.0139915949871545,0.2586546271620453,144.36,-38.147
21909,1959-12-29 00:00:00,0.1008924282114363,-0.0354181726938667,0.2372030291167393,144.36,-38.147
21910,1959-12-30 00:00:00,0.0580985996527407,-0.0781564996603637,0.1943536989658453,144.36,-38.147
21911,1959-12-31 00:00:00,0.1720122550214281,0.0356222628878011,0.3084022471550551,144.36,-38.147
21912,1960-01-01 00:00:00,0.1317789873620947,-0.0045691247362067,0.2681270994603961,144.36,-38.147
21913,1960-01-02 00:00:00,0.0778600917968112,-0.0584368881433566,0.2141570717369791,144.36,-38.147
21914,1960-01-03 00:00:00,0.0192312166398792,-0.1171021377943295,0.1555645710740879,144.36,-38.147
21915,1960-01-04 00:00:00,0.0232387029294998,-0.1131543624184068,0.1596317682774066,144.36,-38.147
21916,1960-01-05 00:00:00,0.0721628852445939,-0.0642452551260257,0.2085710256152136,144.36,-38.147
21917,1960-01-06 00:00:00,-0.0239379014499887,-0.1602360923105145,0.1123602894105371,144.36,-38.147
21918,1960-01-07 00:00:00,0.0032367404157052,-0.1331300660280583,0.1396035468594687,144.36,-38.147
21919,1960-01-08 00:00:00,0.0426691362771881,-0.0946421818385113,0.1799804543928876,144.36,-38.147
21920,1960-01-09 00:00:00,0.2713859116727928,0.1342825072550003,0.4084893160905853,144.36,-38.147
21921,1960-01-10 00:00:00,0.0955338844373539,-0.0408575980211678,0.2319253668958757,144.36,-38.147
21922,1960-01-11 00:00:00,0.0797480497084443,-0.056451319291159,0.2159474187080476,144.36,-38.147
21923,1960-01-12 00:00:00,0.0452863303273184,-0.090922765998058,0.1814954266526949,144.36,-38.147
21924,1960-01-13 00:00:00,-0.0178809336159394,-0.154120866561076,0.1183589993291971,144.36,-38.147
21925,1960-01-14 00:00:00,0.0148946679032774,-0.1213502170418756,0.1511395528484305,144.36,-38.147
21926,1960-01-15 00:00:00,0.0512573477198674,-0.0850250826037338,0.1875397780434688,144.36,-38.147
21927,1960-01-16 00:00:00,0.0816461903717982,-0.0552793680052754,0.2185717487488718,144.36,-38.147
21928,1960-01-17 00:00:00,0.1632436057279467,0.0259449679403072,0.3005422435155862,144.36,-38.147
21929,1960-01-18 00:00:00,0.2244620600536773,0.0876844668808705,0.3612396532264841,144.36,-38.147
21930,1960-01-19 00:00:00,0.0595615307064069,-0.0767030274537953,0.1958260888666093,144.36,-38.147
21931,1960-01-20 00:00:00,0.0205987378400036,-0.1156299869811649,0.1568274626611721,144.36,-38.147
21932,1960-01-21 00:00:00,0.0023930086587246,-0.1338592078138038,0.1386452251312531,144.36,-38.147
21933,1960-01-22 00:00:00,0.0746608836302894,-0.0616656512136097,0.2109874184741886,144.36,-38.147
21934,1960-01-23 00:00:00,0.0951041182774257,-0.0412267105302785,0.2314349470851301,144.36,-38.147
21935,1960-01-24 00:00:00,0.0508852539519489,-0.085417871225254,0.1871883791291519,144.36,-38.147
21936,1960-01-25 00:00:00,0.2119679699090921,0.0754379533509542,0.34849798646723,144.36,-38.147
21937,1960-01-26 00:00:00,0.2032624944040397,0.0668167681413137,0.3397082206667657,144.36,-38.147
21938,1960-01-27 00:00:00,0.2178314068479036,0.0813731002662833,0.3542897134295238,144.36,-38.147
21939,1960-01-28 00:00:00,0.2183678076174205,0.0820587766713228,0.3546768385635184,144.36,-38.147
21940,1960-01-29 00:00:00,0.2376113513972779,0.1011623852230124,0.3740603175715434,144.36,-38.147
21941,1960-01-30 00:00:00,0.0282474746559141,-0.1080059175266845,0.1645008668385127,144.36,-38.147
21942,1960-01-31 00:00:00,0.0265750946592689,-0.10968103847783,0.1628312277963679,144.36,-38.147
21943,1960-02-01 00:00:00,0.1959753027960911,0.0595664046791102,0.3323842009130719,144.36,-38.147
21944,1960-02-02 00:00:00,0.1019042801997697,-0.0343774371627826,0.238185997562322,144.36,-38.147
21945,1960-02-03 00:00:00,0.1130913940878574,-0.0231884968481942,0.249371285023909,144.36,-38.147
21946,1960-02-04 00:00:00,0.113098520639149,-0.0231916333126958,0.2493886745909939,144.36,-38.147
21947,1960-02-05 00:00:00,0.1467846582910265,0.0104472763000781,0.2831220402819748,144.36,-38.147
21948,1960-02-06 00:00:00,0.2194683362137534,0.0830148052554737,0.3559218671720331,144.36,-38.147
21949,1960-02-07 00:00:00,0.1889978690065366,0.0523465544569282,0.325649183556145,144.36,-38.147
21950,1960-02-08 00:00:00,0.1420237290982074,0.0056920711936349,0.2783553870027798,144.36,-38.147
21951,1960-02-09 00:00:00,0.075381769497514,-0.0608735711973302,0.2116371101923582,144.36,-38.147
21952,1960-02-10 00:00:00,0.0160289660364454,-0.1201927606795324,0.1522506927524232,144.36,-38.147
21953,1960-02-11 00:00:00,0.2613415646784533,0.1247661159541011,0.3979170134028055,144.36,-38.147
21954,1960-02-12 00:00:00,0.076652041392556,-0.0599636579899282,0.2132677407750403,144.36,-38.147
21955,1960-02-13 00:00:00,0.0447168791439532,-0.0915088278946853,0.1809425861825917,144.36,-38.147
21956,1960-02-14 00:00:00,0.1593391385019809,0.0228648803667498,0.2958133966372119,144.36,-38.147
21957,1960-02-15 00:00:00,0.1283709053732955,-0.0085563879518668,0.2652981986984579,144.36,-38.147
21958,1960-02-16 00:00:00,0.0873651287018065,-0.0490658888802839,0.223796146283897,144.36,-38.147
21959,1960-02-17 00:00:00,0.0924687212909251,-0.0440381598443266,0.2289756024261769,144.36,-38.147
21960,1960-02-18 00:00:00,0.0058814440474655,-0.1306627894839051,0.1424256775788362,144.36,-38.147
21961,1960-02-19 00:00:00,-0.039173140764874,-0.1754900332199268,0.0971437516901787,144.36,-38.147
21962,1960-02-20 00:00:00,-0.0343157322554029,-0.1705085636047315,0.1018770990939257,144.36,-38.147
21963,1960-02-21 00:00:00,-0.012069755603955,-0.1482816499291734,0.1241421387212633,144.36,-38.147
21964,1960-02-22 00:00:00,0.1241743446263503,-0.0121595631689014,0.2605082524216021,144.36,-38.147
21965,1960-02-23 00:00:00,0.113066552978323,-0.0232676066385608,0.2494007125952069,144.36,-38.147
21966,1960-02-24 00:00:00,0.1441785314934746,0.0079543870017191,0.2804026759852301,144.36,-38.147
21967,1960-02-25 00:00:00,0.1277914859637468,-0.0084792683639702,0.2640622402914639,144.36,-38.147
21968,1960-02-26 00:00:00,0.0481759349822394,-0.0882391561858755,0.1845910261503544,144.36,-38.147
21969,1960-02-27 00:00:00,-0.0168562695448679,-0.1532134689394229,0.119500929849687,144.36,-38.147
21970,1960-02-28 00:00:00,-0.0736094706014829,-0.2099684725212938,0.062749531318328,144.36,-38.147
21971,1960-02-29 00:00:00,0.0005236981411813,-0.1357350856845679,0.1367824819669307,144.36,-38.147
21972,1960-03-01 00:00:00,0.0127750642193352,-0.1234519555132386,0.1490020839519091,144.36,-38.147
21973,1960-03-02 00:00:00,0.0389476876822895,-0.0972857556627465,0.1751811310273256,144.36,-38.147
21974,1960-03-03 00:00:00,0.1365803138305074,0.0002385033813813,0.2729221242796336,144.36,-38.147
21975,1960-03-04 00:00:00,0.0745374644922161,-0.0618438372609536,0.2109187662453858,144.36,-38.147
21976,1960-03-05 00:00:00,0.0337552313812106,-0.1024541993728785,0.1699646621352998,144.36,-38.147
21977,1960-03-06 00:00:00,0.0661290563448325,-0.0702114852125321,0.2024695979021972,144.36,-38.147
21978,1960-03-07 00:00:00,0.1545693324810429,0.0182090389652436,0.2909296259968422,144.36,-38.147
21979,1960-03-08 00:00:00,0.1464916712486105,0.0101640378029426,0.2828193046942784,144.36,-38.147
21980,1960-03-09 00:00:00,0.0994613999044727,-0.0368676118200869,0.2357904116290323,144.36,-38.147
21981,1960-03-10 00:00:00,0.1576434532977133,0.0211987596288436,0.294088146966583,144.36,-38.147
21982,1960-03-11 00:00:00,0.0539849117059575,-0.0824742504367908,0.1904440738487059,144.36,-38.147
21983,1960-03-12 00:00:00,0.0158270349553094,-0.1205296118746271,0.1521836817852459,144.36,-38.147
21984,1960-03-13 00:00:00,-0.0214294766119533,-0.1578170794760682,0.1149581262521614,144.36,-38.147
21985,1960-03-14 00:00:00,-0.0031876622875638,-0.1395600351536527,0.1331847105785251,144.36,-38.147
21986,1960-03-15 00:00:00,-0.0155721098735758,-0.1518772258808705,0.1207330061337188,144.36,-38.147
21987,1960-03-16 00:00:00,0.0106441801016596,-0.1256137455131554,0.1469021057164748,144.36,-38.147
21988,1960-03-17 00:00:00,0.028326969676041,-0.1080965015755946,0.1647504409276767,144.36,-38.147
21989,1960-03-18 00:00:00,-0.0013940365229751,-0.1375796806324535,0.1347916075865033,144.36,-38.147
21990,1960-03-19 00:00:00,0.0303120350264794,-0.1059769569941936,0.1666010270471525,144.36,-38.147
21991,1960-03-20 00:00:00,0.0942443304370348,-0.0420909754636295,0.2305796363376993,144.36,-38.147
21992,1960-03-21 00:00:00,0.1212013515733306,-0.0151133281132864,0.2575160312599477,144.36,-38.147
21993,1960-03-22 00:00:00,0.1683660181184037,0.0320857792277602,0.3046462570090471,144.36,-38.147
21994,1960-03-23 00:00:00,0.0633375311228197,-0.0728844015123573,0.1995594637579968,144.36,-38.147
21995,1960-03-24 00:00:00,0.0245290256825068,-0.1116631262827906,0.1607211776478043,144.36,-38.147
21996,1960-03-25 00:00:00,-0.008582507641436,-0.1447861690609083,0.1276211537780362,144.36,-38.147
21997,1960-03-26 00:00:00,0.0829730180368047,-0.0532936012427771,0.2192396373163866,144.36,-38.147
21998,1960-03-27 00:00:00,0.0442772103364575,-0.0920087673551072,0.1805631880280224,144.36,-38.147
21999,1960-03-28 00:00:00,0.0314065652564237,-0.1048486985165685,0.167661829029416,144.36,-38.147
22000,1960-03-29 00:00:00,-0.0149735713252959,-0.1511904579833341,0.1212433153327421,144.36,-38.147
22001,1960-03-30 00:00:00,0.1010088538050746,-0.035449311631564,0.2374670192417133,144.36,-38.147
22002,1960-03-31 00:00:00,0.2624889684556765,0.1260025870654683,0.3989753498458847,144.36,-38.147
22003,1960-04-01 00:00:00,0.0514395434061601,-0.0849854150164817,0.187864501828802,144.36,-38.147
22004,1960-04-02 00:00:00,0.0502276163582093,-0.086054247207639,0.1865094799240578,144.36,-38.147
22005,1960-04-03 00:00:00,0.0451414952643276,-0.0911135326793134,0.1813965232079687,144.36,-38.147
22006,1960-04-04 00:00:00,0.1477341377256256,0.0114214731671934,0.2840468022840579,144.36,-38.147
22007,1960-04-05 00:00:00,0.0402850618941326,-0.0961177997010054,0.1766879234892706,144.36,-38.147
22008,1960-04-06 00:00:00,-0.0131425189772668,-0.1493497193871973,0.1230646814326636,144.36,-38.147
22009,1960-04-07 00:00:00,-0.0030853367528446,-0.1392895281044176,0.1331188545987283,144.36,-38.147
22010,1960-04-08 00:00:00,0.0869867573028607,-0.0493898061815701,0.2233633207872915,144.36,-38.147
22011,1960-04-09 00:00:00,0.0694467923095706,-0.0669183676162965,0.2058119522354378,144.36,-38.147
22012,1960-04-10 00:00:00,0.0573308656942531,-0.0789579908186645,0.1936197222071707,144.36,-38.147
22013,1960-04-11 00:00:00,0.0230090234741934,-0.1132091812257822,0.1592272281741691,144.36,-38.147
22014,1960-04-12 00:00:00,0.0293616458670438,-0.1068561691341556,0.1655794608682433,144.36,-38.147
22015,1960-04-13 00:00:00,0.0712200454207803,-0.0649967631365894,0.2074368539781502,144.36,-38.147
22016,1960-04-14 00:00:00,0.1043465655455826,-0.0318822436301662,0.2405753747213316,144.36,-38.147
22017,1960-04-15 00:00:00,0.3908333230290989,0.2539571341400792,0.5277095119181185,144.36,-38.147
22018,1960-04-16 00:00:00,0.1368653612861025,0.000174153588684,0.2735565689835209,144.36,-38.147
22019,1960-04-17 00:00:00,0.3779779824016425,0.2410179789531125,0.5149379858501725,144.36,-38.147
22020,1960-04-18 00:00:00,0.2461491258929805,0.1095711558766429,0.3827270959093181,144.36,-38.147
22021,1960-04-19 00:00:00,0.1244408157631923,-0.0119482393871949,0.2608298709135795,144.36,-38.147
22022,1960-04-20 00:00:00,0.1144627869631911,-0.021882364645825,0.2508079385722073,144.36,-38.147
22023,1960-04-21 00:00:00,0.0626006507594197,-0.0738072185262957,0.1990085200451352,144.36,-38.147
22024,1960-04-22 00:00:00,0.2816915525416618,0.1439577553202422,0.4194253497630814,144.36,-38.147
22025,1960-04-23 00:00:00,0.2010044091249357,0.0623693662697947,0.3396394519800766,144.36,-38.147
22026,1960-04-24 00:00:00,0.0463143090797812,-0.0907043099014718,0.1833329280610343,144.36,-38.147
22027,1960-04-25 00:00:00,-0.0028354015505397,-0.1390993857095135,0.1334285826084339,144.36,-38.147
22028,1960-04-26 00:00:00,0.0463841744576374,-0.0900741356067871,0.1828424845220619,144.36,-38.147
22029,1960-04-27 00:00:00,0.1130843320846708,-0.024068994009692,0.2502376581790337,144.36,-38.147
22030,1960-04-28 00:00:00,0.3780491950988147,0.2410362582328266,0.5150621319648028,144.36,-38.147
22031,1960-04-29 00:00:00,0.104799541621514,-0.0318370724013129,0.2414361556443411,144.36,-38.147
22032,1960-04-30 00:00:00,0.0792936422552461,-0.0570924288188531,0.2156797133293453,144.36,-38.147
22033,1960-05-01 00:00:00,0.0868447869193039,-0.0495809827522581,0.2232705565908661,144.36,-38.147
22034,1960-05-02 00:00:00,0.2049536432342592,0.0673609480111741,0.3425463384573444,144.36,-38.147
22035,1960-05-03 00:00:00,0.0186831864987219,-0.1185168063612456,0.1558831793586895,144.36,-38.147
22036,1960-05-04 00:00:00,0.1541955075527406,0.0172229990191203,0.2911680160863609,144.36,-38.147
22037,1960-05-05 00:00:00,0.3358481159662599,0.1983336822998549,0.4733625496326649,144.36,-38.147
22038,1960-05-06 00:00:00,0.4286852042971135,0.2914742080502847,0.5658962005439424,144.36,-38.147
22039,1960-05-07 00:00:00,0.503528196071392,0.365704119045402,0.641352273097382,144.36,-38.147
22040,1960-05-08 00:00:00,0.272676219173526,0.1348634616997084,0.4104889766473436,144.36,-38.147
22041,1960-05-09 00:00:00,0.1260327011669579,-0.0108582139968483,0.2629236163307642,144.36,-38.147
22042,1960-05-10 00:00:00,0.0855499177298725,-0.0508888159915897,0.2219886514513348,144.36,-38.147
22043,1960-05-11 00:00:00,0.0255782413931866,-0.1107889678499422,0.1619454506363155,144.36,-38.147
22044,1960-05-12 00:00:00,0.1015099801611712,-0.0364387333377393,0.2394586936600819,144.36,-38.147
22045,1960-05-13 00:00:00,0.2412754097951214,0.1041720755712297,0.378378744019013,144.36,-38.147
22046,1960-05-14 00:00:00,0.3177448424727366,0.1808892913790043,0.454600393566469,144.36,-38.147
22047,1960-05-15 00:00:00,0.2043979747166428,0.0674263365452155,0.3413696128880701,144.36,-38.147
22048,1960-05-16 00:00:00,0.067423910036175,-0.0700554285721421,0.2049032486444922,144.36,-38.147
22049,1960-05-17 00:00:00,0.0375255722179406,-0.100202345174303,0.1752534896101842,144.36,-38.147
22050,1960-05-18 00:00:00,-0.0549057332882119,-0.1917037489759114,0.0818922823994875,144.36,-38.147
22051,1960-05-19 00:00:00,-0.0548836304945895,-0.1912694906294344,0.0815022296402552,144.36,-38.147
22052,1960-05-20 00:00:00,0.0427717970049412,-0.0935647049201354,0.179108298930018,144.36,-38.147
22053,1960-05-21 00:00:00,0.0583673197783226,-0.0792759535098194,0.1960105930664648,144.36,-38.147
22054,1960-05-22 00:00:00,0.0101590182279028,-0.1265931456086382,0.1469111820644439,144.36,-38.147
22055,1960-05-23 00:00:00,-0.0356637287540709,-0.1719177359024019,0.1005902783942601,144.36,-38.147
22056,1960-05-24 00:00:00,-0.0092005852182429,-0.145371653659492,0.1269704832230062,144.36,-38.147
22057,1960-05-25 00:00:00,-0.0051336784185768,-0.1413171670588831,0.1310498102217293,144.36,-38.147
22058,1960-05-26 00:00:00,-0.001921650117511,-0.138132659122023,0.134289358887001,144.36,-38.147
22059,1960-05-27 00:00:00,0.0004571045462773,-0.1360308934783121,0.1369451025708667,144.36,-38.147
22060,1960-05-28 00:00:00,0.103459523359584,-0.0331161885243008,0.2400352352434689,144.36,-38.147
22061,1960-05-29 00:00:00,0.2664350794534147,0.1300266940363576,0.4028434648704719,144.36,-38.147
22062,1960-05-30 00:00:00,0.3416245977170113,0.2046969667025636,0.478552228731459,144.36,-38.147
22063,1960-05-31 00:00:00,0.2662606427409602,0.1293460405018141,0.4031752449801062,144.36,-38.147
22064,1960-06-01 00:00:00,0.0321890612231176,-0.1044751380424191,0.1688532604886544,144.36,-38.147
22065,1960-06-02 00:00:00,0.0721644916663104,-0.0641336599789253,0.2084626433115462,144.36,-38.147
22066,1960-06-03 00:00:00,0.0331519195848785,-0.1032473635189079,0.1695512026886651,144.36,-38.147
22067,1960-06-04 00:00:00,-0.0427485442084318,-0.1789874291705549,0.0934903407536912,144.36,-38.147
22068,1960-06-05 00:00:00,-0.0036422860601054,-0.1399061631994612,0.1326215910792504,144.36,-38.147
22069,1960-06-06 00:00:00,0.0336287087206988,-0.1026521711246472,0.1699095885660449,144.36,-38.147
22070,1960-06-07 00:00:00,0.0904481184379963,-0.0458263125455179,0.2267225494215106,144.36,-38.147
22071,1960-06-08 00:00:00,0.0527876218311842,-0.0834264516732456,0.1890016953356142,144.36,-38.147
22072,1960-06-09 00:00:00,0.2731693528587595,0.1367033955986268,0.4096353101188923,144.36,-38.147
22073,1960-06-10 00:00:00,0.1701490786195029,0.0335524774757623,0.3067456797632434,144.36,-38.147
22074,1960-06-11 00:00:00,0.2948782998666329,0.1580984522070085,0.4316581475262574,144.36,-38.147
22075,1960-06-12 00:00:00,0.1226857854678681,-0.0137483891948789,0.2591199601306153,144.36,-38.147
22076,1960-06-13 00:00:00,0.0116948186541795,-0.1246266410029701,0.1480162783113291,144.36,-38.147
22077,1960-06-14 00:00:00,-0.0269951759333701,-0.1632931087944342,0.1093027569276939,144.36,-38.147
22078,1960-06-15 00:00:00,0.1446768397367721,0.0079688026479483,0.2813848768255959,144.36,-38.147
22079,1960-06-16 00:00:00,0.3613658714293338,0.2241152821355359,0.4986164607231317,144.36,-38.147
22080,1960-06-17 00:00:00,0.1387521431652358,0.0022921762605186,0.2752121100699531,144.36,-38.147
22081,1960-06-18 00:00:00,-0.0029868331339129,-0.1393109069951432,0.1333372407273173,144.36,-38.147
22082,1960-06-19 00:00:00,-0.047687775859035,-0.1839629413555007,0.0885873896374306,144.36,-38.147
22083,1960-06-20 00:00:00,-0.0819002579150405,-0.2182189246871824,0.0544184088571014,144.36,-38.147
22084,1960-06-21 00:00:00,-0.0859448942535386,-0.222210142654816,0.0503203541477387,144.36,-38.147
22085,1960-06-22 00:00:00,-0.0279606284262727,-0.1643355066879693,0.1084142498354237,144.36,-38.147
22086,1960-06-23 00:00:00,-0.0174855476390474,-0.1538601751169706,0.1188890798388757,144.36,-38.147
22087,1960-06-24 00:00:00,0.0198181052763006,-0.1165004731152493,0.1561366836678507,144.36,-38.147
22088,1960-06-25 00:00:00,0.0403443391798107,-0.096082849553288,0.1767715279129096,144.36,-38.147
22089,1960-06-26 00:00:00,-0.0120236397635358,-0.1486016158119566,0.1245543362848848,144.36,-38.147
22090,1960-06-27 00:00:00,-0.0375380054832383,-0.1737729942543869,0.0986969832879101,144.36,-38.147
22091,1960-06-28 00:00:00,-0.04523832158458,-0.1814356250204913,0.0909589818513313,144.36,-38.147
22092,1960-06-29 00:00:00,0.0141788811271157,-0.1220690882673473,0.1504268505215788,144.36,-38.147
22093,1960-06-30 00:00:00,0.0289777515682009,-0.1072842942753586,0.1652397974117605,144.36,-38.147
22094,1960-07-01 00:00:00,0.0462485754874315,-0.090078338713283,0.1825754896881462,144.36,-38.147
22095,1960-07-02 00:00:00,0.0998898571998924,-0.036568476167285,0.2363481905670699,144.36,-38.147
22096,1960-07-03 00:00:00,0.1072654802451657,-0.0293581268288473,0.2438890873191789,144.36,-38.147
22097,1960-07-04 00:00:00,0.3172820856057761,0.1797804854489333,0.4547836857626188,144.36,-38.147
22098,1960-07-05 00:00:00,0.0596399112137831,-0.0773172809603193,0.1965971033878855,144.36,-38.147
22099,1960-07-06 00:00:00,-0.0103948667278675,-0.1467581169025762,0.1259683834468411,144.36,-38.147
22100,1960-07-07 00:00:00,-0.0313375831372824,-0.1675934965972744,0.1049183303227095,144.36,-38.147
22101,1960-07-08 00:00:00,-0.0268137848708673,-0.1631267303222814,0.1094991605805468,144.36,-38.147
22102,1960-07-09 00:00:00,0.0187559399353345,-0.1178669108383078,0.1553787907089769,144.36,-38.147
22103,1960-07-10 00:00:00,0.2036029872152169,0.0669731266414782,0.3402328477889557,144.36,-38.147
22104,1960-07-11 00:00:00,0.0794682950761526,-0.0568729483814549,0.2158095385337602,144.36,-38.147
22105,1960-07-12 00:00:00,0.00750256787764,-0.1291355171665452,0.1441406529218252,144.36,-38.147
22106,1960-07-13 00:00:00,-0.0267597803760184,-0.16386415644225,0.1103445956902131,144.36,-38.147
22107,1960-07-14 00:00:00,0.0515692260506097,-0.0851822903232621,0.1883207424244815,144.36,-38.147
22108,1960-07-15 00:00:00,0.1679487025142106,0.0316474404466591,0.3042499645817622,144.36,-38.147
22109,1960-07-16 00:00:00,0.1538012016493214,0.0174336667525419,0.2901687365461008,144.36,-38.147
22110,1960-07-17 00:00:00,0.1487422013404329,0.012258328423767,0.2852260742570988,144.36,-38.147
22111,1960-07-18 00:00:00,0.2204300782851355,0.0838266449500701,0.3570335116202009,144.36,-38.147
22112,1960-07-19 00:00:00,0.2262540491834648,0.0892731586077656,0.3632349397591639,144.36,-38.147
22113,1960-07-20 00:00:00,0.2931899430816738,0.1552613507511352,0.4311185354122123,144.36,-38.147
22114,1960-07-21 00:00:00,0.0069396381968418,-0.1300082996917436,0.1438875760854273,144.36,-38.147
22115,1960-07-22 00:00:00,0.2002797705495122,0.0620489686760738,0.3385105724229507,144.36,-38.147
22116,1960-07-23 00:00:00,0.186280656993394,0.0488575953371498,0.3237037186496382,144.36,-38.147
22117,1960-07-24 00:00:00,0.042717951793707,-0.0938480635734687,0.1792839671608828,144.36,-38.147
22118,1960-07-25 00:00:00,0.0028437822359263,-0.133515239778312,0.1392028042501646,144.36,-38.147
22119,1960-07-26 00:00:00,0.0104894072662225,-0.1258419777931038,0.1468207923255489,144.36,-38.147
22120,1960-07-27 00:00:00,0.0487911037023707,-0.0875305922374554,0.185112799642197,144.36,-38.147
22121,1960-07-28 00:00:00,0.2035932682032456,0.0667130991408528,0.3404734372656384,144.36,-38.147
22122,1960-07-29 00:00:00,0.0910073671936945,-0.045432944616789,0.2274476790041781,144.36,-38.147
22123,1960-07-30 00:00:00,0.1329284012141813,-0.003638238674561,0.2694950411029237,144.36,-38.147
22124,1960-07-31 00:00:00,0.1357790244694078,-0.0005284959191689,0.2720865448579846,144.36,-38.147
22125,1960-08-01 00:00:00,0.1667826122727987,0.0304338089508805,0.303131415594717,144.36,-38.147
22126,1960-08-02 00:00:00,0.1858787978465442,0.0496401980692322,0.3221173976238563,144.36,-38.147
22127,1960-08-03 00:00:00,0.203466820591312,0.0670613922007067,0.3398722489819172,144.36,-38.147
22128,1960-08-04 00:00:00,0.1024299817956449,-0.0338525037503704,0.2387124673416603,144.36,-38.147
22129,1960-08-05 00:00:00,0.0231539081966014,-0.1130472395631002,0.1593550559563031,144.36,-38.147
22130,1960-08-06 00:00:00,0.0414703139359185,-0.0947536132713666,0.1776942411432036,144.36,-38.147
22131,1960-08-07 00:00:00,0.0356886855746377,-0.1005134125450512,0.1718907836943267,144.36,-38.147
22132,1960-08-08 00:00:00,0.0221531816169823,-0.1141343647695322,0.1584407280034971,144.36,-38.147
22133,1960-08-09 00:00:00,0.0980052598829973,-0.0383080819068105,0.2343186016728052,144.36,-38.147
22134,1960-08-10 00:00:00,0.0463884735085729,-0.0898721844234795,0.1826491314406254,144.36,-38.147
22135,1960-08-11 00:00:00,0.0450393205290334,-0.0912822116032434,0.1813608526613103,144.36,-38.147
22136,1960-08-12 00:00:00,0.278587886878621,0.1419567733122965,0.4152190004449455,144.36,-38.147
22137,1960-08-13 00:00:00,0.2636064494382482,0.1271126059156081,0.4001002929608882,144.36,-38.147
22138,1960-08-14 00:00:00,0.1514724811610919,0.014962910105524,0.2879820522166598,144.36,-38.147
22139,1960-08-15 00:00:00,0.1264359558815135,-0.0099600102361846,0.2628319219992117,144.36,-38.147
22140,1960-08-16 00:00:00,0.0246659081263851,-0.1115708298036661,0.1609026460564364,144.36,-38.147
22141,1960-08-17 00:00:00,0.0709459554895652,-0.0653874881492291,0.2072793991283597,144.36,-38.147
22142,1960-08-18 00:00:00,0.1503457352907696,0.0140262809065843,0.2866651896749549,144.36,-38.147
22143,1960-08-19 00:00:00,0.060669543815533,-0.0755321103605109,0.1968711979915769,144.36,-38.147
22144,1960-08-20 00:00:00,0.0940429926468539,-0.0421906823132472,0.230276667606955,144.36,-38.147
22145,1960-08-21 00:00:00,0.0826023273869519,-0.0537504506703498,0.2189551054442537,144.36,-38.147
22146,1960-08-22 00:00:00,0.0515551126777166,-0.0848852475241679,0.1879954728796012,144.36,-38.147
22147,1960-08-23 00:00:00,0.1353666561622568,-0.0010702509276794,0.271803563252193,144.36,-38.147
22148,1960-08-24 00:00:00,0.0636251629715008,-0.0728396456377937,0.2000899715807954,144.36,-38.147
22149,1960-08-25 00:00:00,-0.030406945723162,-0.1666998927284617,0.1058860012821376,144.36,-38.147
22150,1960-08-26 00:00:00,0.037068912687619,-0.0991926404109835,0.1733304657862215,144.36,-38.147
22151,1960-08-27 00:00:00,0.1025184195167181,-0.0338065724897888,0.238843411523225,144.36,-38.147
22152,1960-08-28 00:00:00,0.0873868076044243,-0.0489779743502269,0.2237515895590756,144.36,-38.147
22153,1960-08-29 00:00:00,0.0932560755848091,-0.0429882065997529,0.2295003577693712,144.36,-38.147
22154,1960-08-30 00:00:00,0.0826707248110039,-0.0535862600290002,0.2189277096510081,144.36,-38.147
22155,1960-08-31 00:00:00,0.0326835139490288,-0.1035322474587797,0.1688992753568375,144.36,-38.147
22156,1960-09-01 00:00:00,0.189072519486361,0.0523231897647714,0.3258218492079506,144.36,-38.147
22157,1960-09-02 00:00:00,0.1268840768049596,-0.0095040474460465,0.2632722010559658,144.36,-38.147
22158,1960-09-03 00:00:00,0.2241975557244379,0.0878326883784961,0.3605624230703796,144.36,-38.147
22159,1960-09-04 00:00:00,0.2142688749662587,0.0774355233492952,0.3511022265832222,144.36,-38.147
22160,1960-09-05 00:00:00,0.0547765816516375,-0.0815246019863244,0.1910777652895995,144.36,-38.147
22161,1960-09-06 00:00:00,0.0413353181336245,-0.094952802605733,0.1776234388729821,144.36,-38.147
22162,1960-09-07 00:00:00,0.1761720427518101,0.0396337440316143,0.3127103414720058,144.36,-38.147
22163,1960-09-08 00:00:00,0.2097610372855641,0.0718544620180252,0.3476676125531031,144.36,-38.147
22164,1960-09-09 00:00:00,-0.0064959735230847,-0.1445721357378685,0.131580188691699,144.36,-38.147
22165,1960-09-10 00:00:00,-0.0422492138710976,-0.1786249058907996,0.0941264781486044,144.36,-38.147
22166,1960-09-11 00:00:00,0.0316069326311752,-0.1046138471842869,0.1678277124466374,144.36,-38.147
22167,1960-09-12 00:00:00,0.0211793251786186,-0.1150473419789722,0.1574059923362095,144.36,-38.147
22168,1960-09-13 00:00:00,0.0100692697459491,-0.1262030699622699,0.1463416094541683,144.36,-38.147
22169,1960-09-14 00:00:00,0.0016772036406484,-0.134909043168305,0.1382634504496019,144.36,-38.147
22170,1960-09-15 00:00:00,0.0579760791370241,-0.0786298974359687,0.1945820557100169,144.36,-38.147
22171,1960-09-16 00:00:00,0.0552027805757063,-0.081039762507152,0.1914453236585648,144.36,-38.147
22172,1960-09-17 00:00:00,0.1384209844599001,0.0021492377493204,0.2746927311704797,144.36,-38.147
22173,1960-09-18 00:00:00,0.1232016629390604,-0.013418374453652,0.2598217003317729,144.36,-38.147
22174,1960-09-19 00:00:00,0.0117713849568574,-0.1247566219600658,0.1482993918737807,144.36,-38.147
22175,1960-09-20 00:00:00,-0.0195024899403494,-0.1557410276897594,0.1167360478090605,144.36,-38.147
22176,1960-09-21 00:00:00,0.0319343230736384,-0.1042528007524634,0.1681214468997403,144.36,-38.147
22177,1960-09-22 00:00:00,0.0267572242986669,-0.1094082812963085,0.1629227298936424,144.36,-38.147
22178,1960-09-23 00:00:00,0.0199128114939101,-0.1163076324722854,0.1561332554601057,144.36,-38.147
22179,1960-09-24 00:00:00,0.108279108922912,-0.0283093750044602,0.2448675928502843,144.36,-38.147
22180,1960-09-25 00:00:00,0.4687406498613542,0.33051401987269,0.6069672798500184,144.36,-38.147
22181,1960-09-26 00:00:00,0.3396872201302142,0.2020436911384868,0.4773307491219416,144.36,-38.147
22182,1960-09-27 00:00:00,0.0463307585987773,-0.0907851418064305,0.1834466590039852,144.36,-38.147
22183,1960-09-28 00:00:00,-0.006526279768492,-0.1429178620596822,0.1298653025226981,144.36,-38.147
22184,1960-09-29 00:00:00,0.0418597787920902,-0.0945289040170316,0.178248461601212,144.36,-38.147
22185,1960-09-30 00:00:00,0.249937947518332,0.1133790692672074,0.3864968257694566,144.36,-38.147
22186,1960-10-01 00:00:00,0.1342167270076171,-0.0021301298169033,0.2705635838321377,144.36,-38.147
22187,1960-10-02 00:00:00,-0.0105543476180421,-0.1468144924484265,0.1257057972123422,144.36,-38.147
22188,1960-10-03 00:00:00,0.0048389268720205,-0.1313474227250839,0.141025276469125,144.36,-38.147
22189,1960-10-04 00:00:00,0.184873524227484,0.0483855794826735,0.3213614689722944,144.36,-38.147
22190,1960-10-05 00:00:00,0.2115536789563595,0.075002631063479,0.3481047268492401,144.36,-38.147
22191,1960-10-06 00:00:00,0.1180281119027286,-0.0183294015676445,0.2543856253731019,144.36,-38.147
22192,1960-10-07 00:00:00,0.2014646908141961,0.065117180929864,0.3378122006985282,144.36,-38.147
22193,1960-10-08 00:00:00,0.2877408177401406,0.1511066183553797,0.4243750171249014,144.36,-38.147
22194,1960-10-09 00:00:00,0.1429135312986243,0.0062035454380051,0.2796235171592436,144.36,-38.147
22195,1960-10-10 00:00:00,0.3288230632238567,0.1919123673448537,0.4657337591028596,144.36,-38.147
22196,1960-10-11 00:00:00,0.3557328276843202,0.217761173551649,0.4937044818169914,144.36,-38.147
22197,1960-10-12 00:00:00,0.1585422382988485,0.0211359461046172,0.2959485304930798,144.36,-38.147
22198,1960-10-13 00:00:00,-0.0055353015884211,-0.1419061235446742,0.1308355203678318,144.36,-38.147
22199,1960-10-14 00:00:00,0.0367722905360087,-0.0994846329303786,0.1730292140023961,144.36,-38.147
22200,1960-10-15 00:00:00,0.0574493089111685,-0.0788464192828471,0.1937450371051841,144.36,-38.147
22201,1960-10-16 00:00:00,0.0231760046063421,-0.113376604966289,0.1597286141789732,144.36,-38.147
22202,1960-10-17 00:00:00,0.225180856646576,0.0881961366715647,0.3621655766215872,144.36,-38.147
22203,1960-10-18 00:00:00,0.0835814821465182,-0.0530848820912057,0.2202478463842423,144.36,-38.147
22204,1960-10-19 00:00:00,0.0142179367276686,-0.1221578476369506,0.1505937210922879,144.36,-38.147
22205,1960-10-20 00:00:00,-0.0103301392652063,-0.1465864755413089,0.1259261970108961,144.36,-38.147
22206,1960-10-21 00:00:00,-0.0391254394396812,-0.1753230221033244,0.0970721432239619,144.36,-38.147
22207,1960-10-22 00:00:00,-0.0014778489639375,-0.1376955078350824,0.1347398099072073,144.36,-38.147
22208,1960-10-23 00:00:00,0.0364882384956307,-0.0997252198224961,0.1727016968137575,144.36,-38.147
22209,1960-10-24 00:00:00,0.0821934902007118,-0.0540771049286928,0.2184640853301164,144.36,-38.147
22210,1960-10-25 00:00:00,0.0462685322894219,-0.0899921107736555,0.1825291753524993,144.36,-38.147
22211,1960-10-26 00:00:00,-0.0100668318628511,-0.1463542141462301,0.1262205504205278,144.36,-38.147
22212,1960-10-27 00:00:00,0.0709990523012464,-0.0653095759538173,0.2073076805563101,144.36,-38.147
22213,1960-10-28 00:00:00,0.0597873169698212,-0.0765772240720333,0.1961518580116757,144.36,-38.147
22214,1960-10-29 00:00:00,-0.0340093922362334,-0.170296660409798,0.1022778759373311,144.36,-38.147
22215,1960-10-30 00:00:00,0.2807145664470689,0.1438459271739549,0.4175832057201829,144.36,-38.147
22216,1960-10-31 00:00:00,0.3486270752509791,0.2113693540200034,0.4858847964819548,144.36,-38.147
22217,1960-11-01 00:00:00,0.2572057968902191,0.1204381052377593,0.393973488542679,144.36,-38.147
22218,1960-11-02 00:00:00,0.0373622497946473,-0.099025746818282,0.1737502464075768,144.36,-38.147
22219,1960-11-03 00:00:00,0.3059922767230398,0.1693775272411752,0.4426070262049044,144.36,-38.147
22220,1960-11-04 00:00:00,0.1523158146999733,0.0150621133646726,0.289569516035274,144.36,-38.147
22221,1960-11-05 00:00:00,0.1457395808852047,0.0088405893415106,0.2826385724288988,144.36,-38.147
22222,1960-11-06 00:00:00,0.0598058251354019,-0.0769935494292269,0.1966051997000308,144.36,-38.147
22223,1960-11-07 00:00:00,-0.0264715646733358,-0.1628260231444362,0.1098828937977646,144.36,-38.147
22224,1960-11-08 00:00:00,0.1185447473269061,-0.0179081455810727,0.254997640234885,144.36,-38.147
22225,1960-11-09 00:00:00,0.1231277131460327,-0.0132965577676511,0.2595519840597167,144.36,-38.147
22226,1960-11-10 00:00:00,0.0111811714408077,-0.1251291793464576,0.147491522228073,144.36,-38.147
22227,1960-11-11 00:00:00,0.0124231059003316,-0.1238189593414134,0.1486651711420766,144.36,-38.147
22228,1960-11-12 00:00:00,0.0915309447608499,-0.044888150746783,0.227950040268483,144.36,-38.147
22229,1960-11-13 00:00:00,0.3000760033995412,0.1617658817424752,0.4383861250566072,144.36,-38.147
22230,1960-11-14 00:00:00,0.0600285167095693,-0.0765004850654675,0.1965575184846063,144.36,-38.147
22231,1960-11-15 00:00:00,-0.0036890031255442,-0.1399654592315689,0.1325874529804803,144.36,-38.147
22232,1960-11-16 00:00:00,-0.0315873014686102,-0.1680313000550759,0.1048566971178555,144.36,-38.147
22233,1960-11-17 00:00:00,0.0698064626709623,-0.0668345994598557,0.2064475248017804,144.36,-38.147
22234,1960-11-18 00:00:00,0.1827510593531517,0.0463641634648055,0.319137955241498,144.36,-38.147
22235,1960-11-19 00:00:00,0.168967146936086,0.0326438603744214,0.3052904334977506,144.36,-38.147
22236,1960-11-20 00:00:00,0.0524829253574342,-0.0843123182443417,0.1892781689592102,144.36,-38.147
22237,1960-11-21 00:00:00,0.1418199292377391,0.0049333127689455,0.2787065457065327,144.36,-38.147
22238,1960-11-22 00:00:00,0.4274243827778039,0.2903047126555809,0.564544052900027,144.36,-38.147
22239,1960-11-23 00:00:00,0.1660803575634446,0.0292629740896749,0.3028977410372143,144.36,-38.147
22240,1960-11-24 00:00:00,0.0841776500746465,-0.052149823939646,0.220505124088939,144.36,-38.147
22241,1960-11-25 00:00:00,0.0640754852400596,-0.0721260761365161,0.2002770466166353,144.36,-38.147
22242,1960-11-26 00:00:00,0.0987660176511489,-0.037461631746346,0.2349936670486439,144.36,-38.147
22243,1960-11-27 00:00:00,0.0858438146695442,-0.0504425761611499,0.2221302055002385,144.36,-38.147
22244,1960-11-28 00:00:00,0.0807287902397751,-0.0555234627092105,0.2169810431887608,144.36,-38.147
22245,1960-11-29 00:00:00,0.1376211996500231,0.0011741533400703,0.2740682459599759,144.36,-38.147
22246,1960-11-30 00:00:00,0.1147045751653468,-0.0218490036495741,0.2512581539802678,144.36,-38.147
22247,1960-12-01 00:00:00,-0.0402855982248956,-0.1767750429847143,0.096203846534923,144.36,-38.147
22248,1960-12-02 00:00:00,-0.0438834533838393,-0.1803891327532831,0.0926222259856044,144.36,-38.147
22249,1960-12-03 00:00:00,0.0905225006746401,-0.046206694249983,0.2272516955992633,144.36,-38.147
22250,1960-12-04 00:00:00,0.1053877964468237,-0.0317403938498143,0.2425159867434617,144.36,-38.147
22251,1960-12-05 00:00:00,0.0049530607466101,-0.1318711976933504,0.1417773191865708,144.36,-38.147
22252,1960-12-06 00:00:00,0.0053411034769042,-0.1309033126580077,0.1415855196118163,144.36,-38.147
22253,1960-12-07 00:00:00,0.0238144908703823,-0.1124148945460377,0.1600438762868024,144.36,-38.147
22254,1960-12-08 00:00:00,0.0309792179518928,-0.1052066032482054,0.167165039151991,144.36,-38.147
22255,1960-12-09 00:00:00,-0.0121928576798974,-0.1483942592037346,0.1240085438439397,144.36,-38.147
22256,1960-12-10 00:00:00,0.0287303241511811,-0.1076973773294208,0.165158025631783,144.36,-38.147
22257,1960-12-11 00:00:00,0.1956950879255951,0.0585162126352186,0.3328739632159715,144.36,-38.147
22258,1960-12-12 00:00:00,0.1420630821059214,0.0051670149847861,0.2789591492270568,144.36,-38.147
22259,1960-12-13 00:00:00,0.0091664272276641,-0.1270694894306985,0.1454023438860268,144.36,-38.147
22260,1960-12-14 00:00:00,0.0504332260402054,-0.0857782307408619,0.1866446828212729,144.36,-38.147
22261,1960-12-15 00:00:00,0.0750035752511325,-0.0612908319362653,0.2112979824385304,144.36,-38.147
22262,1960-12-16 00:00:00,0.155069631956112,0.0184204193815425,0.2917188445306815,144.36,-38.147
22263,1960-12-17 00:00:00,0.0039113459519395,-0.1326845049245819,0.1405071968284611,144.36,-38.147
22264,1960-12-18 00:00:00,-0.0166455076794361,-0.1529453651984778,0.1196543498396056,144.36,-38.147
22265,1960-12-19 00:00:00,-0.0316438851336511,-0.167922678573951,0.1046349083066486,144.36,-38.147
22266,1960-12-20 00:00:00,-0.0078618382542878,-0.1441795582620775,0.1284558817535019,144.36,-38.147
22267,1960-12-21 00:00:00,0.0738716028268633,-0.0624259612171852,0.2101691668709119,144.36,-38.147
22268,1960-12-22 00:00:00,0.1094694594504244,-0.0268764587363752,0.2458153776372241,144.36,-38.147
22269,1960-12-23 00:00:00,0.057786933057269,-0.0784949893963099,0.194068855510848,144.36,-38.147
22270,1960-12-24 00:00:00,0.0681014251855026,-0.0681414631930598,0.2043443135640652,144.36,-38.147
22271,1960-12-25 00:00:00,0.0746628827607311,-0.0615808824210549,0.2109066479425171,144.36,-38.147
22272,1960-12-26 00:00:00,0.0728549131340889,-0.06342926738961,0.2091390936577878,144.36,-38.147
22273,1960-12-27 00:00:00,0.056049341987724,-0.080193314611954,0.192291998587402,144.36,-38.147
22274,1960-12-28 00:00:00,0.0534027788577017,-0.0828299828844326,0.189635540599836,144.36,-38.147
22275,1960-12-29 00:00:00,0.0217296512040195,-0.1145910736127396,0.1580503760207787,144.36,-38.147
22276,1960-12-30 00:00:00,0.0603732647518037,-0.0759890681760987,0.1967355976797061,144.36,-38.147
22277,1960-12-31 00:00:00,0.0831243054286127,-0.0533954521864604,0.2196440630436859,144.36,-38.147
22278,1961-01-01 00:00:00,0.1710625740206668,0.0345114413469123,0.3076137066944212,144.36,-38.147
22279,1961-01-02 00:00:00,0.1060588165393487,-0.0302421753567058,0.2423598084354033,144.36,-38.147
22280,1961-01-03 00:00:00,0.2808103145810481,0.1443946708015575,0.4172259583605388,144.36,-38.147
22281,1961-01-04 00:00:00,0.241822740777046,0.105245995266264,0.3783994862878279,144.36,-38.147
22282,1961-01-05 00:00:00,0.0441669915271926,-0.0922491302089135,0.1805831132632988,144.36,-38.147
22283,1961-01-06 00:00:00,-0.0252910284590782,-0.1615636312288848,0.1109815743107284,144.36,-38.147
22284,1961-01-07 00:00:00,-0.034362472971431,-0.1705816254074786,0.1018566794646165,144.36,-38.147
22285,1961-01-08 00:00:00,-0.0032028047729512,-0.1395011957665541,0.1330955862206516,144.36,-38.147
22286,1961-01-09 00:00:00,0.0315657561992059,-0.1047443157252033,0.1678758281236153,144.36,-38.147
22287,1961-01-10 00:00:00,0.0784214274012877,-0.0579354832023768,0.2147783380049523,144.36,-38.147
22288,1961-01-11 00:00:00,0.076925266813231,-0.0595090901237133,0.2133596237501753,144.36,-38.147
22289,1961-01-12 00:00:00,0.1035800082462796,-0.0327814389663502,0.2399414554589096,144.36,-38.147
22290,1961-01-13 00:00:00,0.2134158601013736,0.0770418274521938,0.3497898927505535,144.36,-38.147
22291,1961-01-14 00:00:00,0.1796887216466481,0.043082360075933,0.3162950832173631,144.36,-38.147
22292,1961-01-15 00:00:00,0.0618910738454973,-0.0743733898157936,0.1981555375067882,144.36,-38.147
22293,1961-01-16 00:00:00,-0.0035408988278415,-0.1398049167125175,0.1327231190568343,144.36,-38.147
22294,1961-01-17 00:00:00,-0.0281731870388012,-0.1644546074343019,0.1081082333566993,144.36,-38.147
22295,1961-01-18 00:00:00,-0.0092657961684766,-0.1455021148905149,0.1269705225535615,144.36,-38.147
22296,1961-01-19 00:00:00,-0.0233858681622515,-0.1597290381277165,0.1129573018032133,144.36,-38.147
22297,1961-01-20 00:00:00,-0.0559304740134426,-0.1928722133531007,0.0810112653262154,144.36,-38.147
22298,1961-01-21 00:00:00,-0.0258734296917992,-0.1624477117028481,0.1107008523192497,144.36,-38.147
22299,1961-01-22 00:00:00,0.0160653226859118,-0.1203114078009836,0.1524420531728073,144.36,-38.147
22300,1961-01-23 00:00:00,0.044005468899024,-0.0924327641079698,0.1804437019060178,144.36,-38.147
22301,1961-01-24 00:00:00,0.0352963298425729,-0.1010536513690486,0.1716463110541945,144.36,-38.147
22302,1961-01-25 00:00:00,0.0176910829718324,-0.1186385234072812,0.1540206893509461,144.36,-38.147
22303,1961-01-26 00:00:00,0.0211766478991722,-0.1151470781878944,0.1575003739862388,144.36,-38.147
22304,1961-01-27 00:00:00,0.0608394846824439,-0.0754866123697001,0.197165581734588,144.36,-38.147
22305,1961-01-28 00:00:00,0.0741100735847427,-0.0622044843165568,0.2104246314860424,144.36,-38.147
22306,1961-01-29 00:00:00,0.2895809674630743,0.153002020462861,0.4261599144632876,144.36,-38.147
22307,1961-01-30 00:00:00,0.1433319494614988,0.0069096334569904,0.2797542654660072,144.36,-38.147
22308,1961-01-31 00:00:00,0.1338432917716647,-0.002532219386838,0.2702188029301674,144.36,-38.147
22309,1961-02-01 00:00:00,0.1457801694098897,0.0093888335215525,0.282171505298227,144.36,-38.147
22310,1961-02-02 00:00:00,0.042068509616337,-0.0944341648030374,0.1785711840357114,144.36,-38.147
22311,1961-02-03 00:00:00,-0.0661169902225326,-0.2024671651113064,0.0702331846662411,144.36,-38.147
22312,1961-02-04 00:00:00,-0.0051791321090019,-0.1414043435428,0.1310460793247961,144.36,-38.147
22313,1961-02-05 00:00:00,0.0769436187335435,-0.05934012692367,0.2132273643907571,144.36,-38.147
22314,1961-02-06 00:00:00,0.0563532230942902,-0.0799927534898447,0.1926991996784253,144.36,-38.147
22315,1961-02-07 00:00:00,0.1430762826903785,0.0067515720987859,0.2794009932819711,144.36,-38.147
22316,1961-02-08 00:00:00,0.1998514353265768,0.0634586365437044,0.3362442341094492,144.36,-38.147
22317,1961-02-09 00:00:00,0.1917173845126401,0.0551542661828415,0.3282805028424388,144.36,-38.147
22318,1961-02-10 00:00:00,0.0658501400060625,-0.0704690056256657,0.2021692856377908,144.36,-38.147
22319,1961-02-11 00:00:00,0.0167311343696893,-0.119718719180645,0.1531809879200238,144.36,-38.147
22320,1961-02-12 00:00:00,-0.0011834065431197,-0.1374014069392126,0.1350345938529731,144.36,-38.147
22321,1961-02-13 00:00:00,-0.0048063977916203,-0.1410206858087168,0.1314078902254761,144.36,-38.147
22322,1961-02-14 00:00:00,-0.0152038373502687,-0.1515381064887104,0.1211304317881729,144.36,-38.147
22323,1961-02-15 00:00:00,-0.0478757656718631,-0.1843100267344268,0.0885584953907005,144.36,-38.147
22324,1961-02-16 00:00:00,-0.07519115036067,-0.2115548284815249,0.0611725277601848,144.36,-38.147
22325,1961-02-17 00:00:00,0.019569914016467,-0.116742172924876,0.1558820009578101,144.36,-38.147
22326,1961-02-18 00:00:00,0.0449812598083985,-0.0913159522605002,0.1812784718772972,144.36,-38.147
22327,1961-02-19 00:00:00,0.0321175700935036,-0.1041539701109438,0.168389110297951,144.36,-38.147
22328,1961-02-20 00:00:00,0.0692565994004759,-0.0670077294150107,0.2055209282159626,144.36,-38.147
22329,1961-02-21 00:00:00,0.107239359913496,-0.0290624219329633,0.2435411417599555,144.36,-38.147
22330,1961-02-22 00:00:00,0.0795344516318724,-0.0566770251737537,0.2157459284374988,144.36,-38.147
22331,1961-02-23 00:00:00,0.2153242838799346,0.0790226329120857,0.3516259348477835,144.36,-38.147
22332,1961-02-24 00:00:00,0.2204988295845115,0.0841815680009845,0.3568160911680386,144.36,-38.147
22333,1961-02-25 00:00:00,0.2664167272429942,0.1300211488472125,0.4028123056387759,144.36,-38.147
22334,1961-02-26 00:00:00,0.117184323430871,-0.0191616473745441,0.2535302942362862,144.36,-38.147
22335,1961-02-27 00:00:00,0.0425281783200711,-0.0937160499033777,0.1787724065435199,144.36,-38.147
22336,1961-02-28 00:00:00,-0.0062962433594245,-0.1430420105614933,0.1304495238426443,144.36,-38.147
22337,1961-03-01 00:00:00,0.0391003873378356,-0.0974595681424594,0.1756603428181306,144.36,-38.147
22338,1961-03-02 00:00:00,0.089937824687837,-0.0468955523286137,0.2267712017042879,144.36,-38.147
22339,1961-03-03 00:00:00,0.0455898836879469,-0.0916274284619266,0.1828071958378206,144.36,-38.147
22340,1961-03-04 00:00:00,-0.043112942999917,-0.1802473276069352,0.094021441607101,144.36,-38.147
22341,1961-03-05 00:00:00,0.0436592622358302,-0.0926444709067325,0.179962995378393,144.36,-38.147
22342,1961-03-06 00:00:00,0.0721719717753803,-0.0641303754014104,0.2084743189521711,144.36,-38.147
22343,1961-03-07 00:00:00,0.1221952250239807,-0.0140247547679492,0.2584152048159108,144.36,-38.147
22344,1961-03-08 00:00:00,0.1020865569902331,-0.0341560691850528,0.2383291831655191,144.36,-38.147
22345,1961-03-09 00:00:00,0.0730837390626164,-0.0635826443636424,0.2097501224888754,144.36,-38.147
22346,1961-03-10 00:00:00,0.0990878597848634,-0.0376952723975644,0.2358709919672912,144.36,-38.147
22347,1961-03-11 00:00:00,-0.0135441263279296,-0.1500525795540057,0.1229643268981464,144.36,-38.147
22348,1961-03-12 00:00:00,-0.0297670414761876,-0.1660572293538345,0.1065231464014593,144.36,-38.147
22349,1961-03-13 00:00:00,-0.0387603805992535,-0.1749981271124246,0.0974773659139175,144.36,-38.147
22350,1961-03-14 00:00:00,0.0983199551060743,-0.0380782330053111,0.2347181432174597,144.36,-38.147
22351,1961-03-15 00:00:00,0.087544314458256,-0.0487344931006906,0.2238231220172027,144.36,-38.147
22352,1961-03-16 00:00:00,0.0313784693365451,-0.1048162680042095,0.1675732066772998,144.36,-38.147
22353,1961-03-17 00:00:00,0.0164190904536602,-0.1198295921192836,0.1526677730266041,144.36,-38.147
22354,1961-03-18 00:00:00,-0.0671430617151093,-0.2034568329640391,0.0691707095338204,144.36,-38.147
22355,1961-03-19 00:00:00,0.082354048344859,-0.0540168641178858,0.2187249608076039,144.36,-38.147
22356,1961-03-20 00:00:00,0.0834839621496261,-0.0528942645953907,0.2198621888946429,144.36,-38.147
22357,1961-03-21 00:00:00,0.0532074251777197,-0.0830280881389168,0.1894429384943564,144.36,-38.147
22358,1961-03-22 00:00:00,0.0574588894562749,-0.0787681420611021,0.193685920973652,144.36,-38.147
22359,1961-03-23 00:00:00,0.0705812941513521,-0.0656924334653741,0.2068550217680785,144.36,-38.147
22360,1961-03-24 00:00:00,0.0616098862952227,-0.0749101457352768,0.1981299183257223,144.36,-38.147
22361,1961-03-25 00:00:00,-0.0599967281551677,-0.1964616198715149,0.0764681635611795,144.36,-38.147
22362,1961-03-26 00:00:00,-0.0456001954667453,-0.1820121087371813,0.0908117178036905,144.36,-38.147
22363,1961-03-27 00:00:00,-0.0356367261886103,-0.1720900882228418,0.1008166358456211,144.36,-38.147
22364,1961-03-28 00:00:00,-0.0083430029053573,-0.1448140932073606,0.1281280873966459,144.36,-38.147
22365,1961-03-29 00:00:00,0.0123027349488872,-0.1239523653373489,0.1485578352351235,144.36,-38.147
22366,1961-03-30 00:00:00,0.0575259615447482,-0.0788087788471822,0.1938607019366788,144.36,-38.147
22367,1961-03-31 00:00:00,0.2266016055892317,0.0901843143360227,0.3630188968424407,144.36,-38.147
22368,1961-04-01 00:00:00,0.1047395408767246,-0.0315053812042452,0.2409844629576945,144.36,-38.147
22369,1961-04-02 00:00:00,-0.0020175762604118,-0.1382338784423663,0.1341987259215426,144.36,-38.147
22370,1961-04-03 00:00:00,0.0260704203841423,-0.1101489498426035,0.1622897906108881,144.36,-38.147
22371,1961-04-04 00:00:00,0.071848727709284,-0.0643952727703488,0.2080927281889169,144.36,-38.147
22372,1961-04-05 00:00:00,0.0585127587376888,-0.0777913751358405,0.1948168926112183,144.36,-38.147
22373,1961-04-06 00:00:00,-0.0169919181733831,-0.1531988336112061,0.1192149972644399,144.36,-38.147
22374,1961-04-07 00:00:00,0.043464817337502,-0.0927648443462183,0.1796944790212225,144.36,-38.147
22375,1961-04-08 00:00:00,0.0206363374953729,-0.1156302167404473,0.1569028917311932,144.36,-38.147
22376,1961-04-09 00:00:00,-0.0213894006230098,-0.1578015549499098,0.11502275370389,144.36,-38.147
22377,1961-04-10 00:00:00,0.0329614118185831,-0.1036015223349514,0.1695243459721177,144.36,-38.147
22378,1961-04-11 00:00:00,0.2502341541856294,0.1136181446040592,0.3868501637671997,144.36,-38.147
22379,1961-04-12 00:00:00,0.1239239251806243,-0.0124521588546555,0.2603000092159043,144.36,-38.147
22380,1961-04-13 00:00:00,0.1708177182592705,0.0345588446742601,0.3070765918442808,144.36,-38.147
22381,1961-04-14 00:00:00,0.2413749302651307,0.104888324513812,0.3778615360164494,144.36,-38.147
22382,1961-04-15 00:00:00,0.4396914818769787,0.3028167099026769,0.5765662538512806,144.36,-38.147
22383,1961-04-16 00:00:00,0.2350454539069404,0.0980026379300399,0.3720882698838408,144.36,-38.147
22384,1961-04-17 00:00:00,0.0284454435157116,-0.1081842580746292,0.1650751451060526,144.36,-38.147
22385,1961-04-18 00:00:00,-0.0292824489410067,-0.165622708933743,0.1070578110517295,144.36,-38.147
22386,1961-04-19 00:00:00,-0.0332418966419106,-0.1696107608495859,0.1031269675657646,144.36,-38.147
22387,1961-04-20 00:00:00,0.0022321123071815,-0.1343369440220889,0.1388011686364521,144.36,-38.147
22388,1961-04-21 00:00:00,0.0171523408481337,-0.1193002172998928,0.1536048989961602,144.36,-38.147
22389,1961-04-22 00:00:00,0.0375160765268917,-0.0988623130762784,0.1738944661300618,144.36,-38.147
22390,1961-04-23 00:00:00,0.0862416023343006,-0.050534078647836,0.2230172833164372,144.36,-38.147
22391,1961-04-24 00:00:00,0.2089282421423324,0.0722446939615526,0.3456117903231123,144.36,-38.147
22392,1961-04-25 00:00:00,0.1010180902291691,-0.0353454031465328,0.2373815836048711,144.36,-38.147
22393,1961-04-26 00:00:00,0.0195699623792957,-0.1166804512672875,0.155820376025879,144.36,-38.147
22394,1961-04-27 00:00:00,0.0213970541874707,-0.114869216873125,0.1576633252480664,144.36,-38.147
22395,1961-04-28 00:00:00,-0.0320874297918877,-0.1682650724654574,0.1040902128816819,144.36,-38.147
22396,1961-04-29 00:00:00,0.0410087099492992,-0.0951958998289556,0.1772133197275541,144.36,-38.147
22397,1961-04-30 00:00:00,0.0753219862568142,-0.0608922215558018,0.2115361940694304,144.36,-38.147
22398,1961-05-01 00:00:00,0.0429626332838855,-0.0932397280550492,0.1791649946228202,144.36,-38.147
22399,1961-05-02 00:00:00,0.0456049686544506,-0.0906637240400407,0.1818736613489421,144.36,-38.147
22400,1961-05-03 00:00:00,0.1595201976372733,0.022797993199092,0.2962424020754546,144.36,-38.147
22401,1961-05-04 00:00:00,0.0738457317740912,-0.0632958703414068,0.2109873338895893,144.36,-38.147
22402,1961-05-05 00:00:00,0.0159360006982394,-0.1210466883285896,0.1529186897250685,144.36,-38.147
22403,1961-05-06 00:00:00,-0.0450691698316551,-0.1818803629286481,0.0917420232653379,144.36,-38.147
22404,1961-05-07 00:00:00,-0.0106421767594564,-0.1468773628846929,0.1255930093657801,144.36,-38.147
22405,1961-05-08 00:00:00,0.0818498000036909,-0.0544011815814031,0.2181007815887849,144.36,-38.147
22406,1961-05-09 00:00:00,0.0751332872259626,-0.0612465786827188,0.2115131531346442,144.36,-38.147
22407,1961-05-10 00:00:00,-0.0198949880330142,-0.1563512186291617,0.1165612425631332,144.36,-38.147
22408,1961-05-11 00:00:00,0.046881202023656,-0.0896421251383673,0.1834045291856794,144.36,-38.147
22409,1961-05-12 00:00:00,-0.008942028804833,-0.1454755421002944,0.1275914844906283,144.36,-38.147
22410,1961-05-13 00:00:00,0.0511832043195296,-0.0851436402247182,0.1875100488637776,144.36,-38.147
22411,1961-05-14 00:00:00,0.1295750287174626,-0.006740122215453,0.2658901796503783,144.36,-38.147
22412,1961-05-15 00:00:00,0.1363634746349475,9.946386341533332e-05,0.2726274854064797,144.36,-38.147
22413,1961-05-16 00:00:00,0.1873784559839114,0.0508505996069608,0.323906312360862,144.36,-38.147
22414,1961-05-17 00:00:00,0.1018880328604764,-0.0346632327706208,0.2384392984915737,144.36,-38.147
22415,1961-05-18 00:00:00,0.1026461533939864,-0.0337296275735527,0.2390219343615255,144.36,-38.147
22416,1961-05-19 00:00:00,0.0163482652654254,-0.1199690708905137,0.1526656014213647,144.36,-38.147
22417,1961-05-20 00:00:00,0.0368561723502314,-0.099448307331024,0.173160652031487,144.36,-38.147
22418,1961-05-21 00:00:00,0.0354507885994761,-0.1008838959668596,0.171785473165812,144.36,-38.147
22419,1961-05-22 00:00:00,0.057690476557337,-0.0786455089990229,0.1940264621136971,144.36,-38.147
22420,1961-05-23 00:00:00,0.0842738810272112,-0.0522759890145287,0.2208237510689513,144.36,-38.147
22421,1961-05-24 00:00:00,0.116660390933323,-0.0197249739796181,0.2530457558462642,144.36,-38.147
22422,1961-05-25 00:00:00,0.0610451046867946,-0.0752565427724329,0.1973467521460222,144.36,-38.147
22423,1961-05-26 00:00:00,-0.0052255674291188,-0.141483126273871,0.1310319914156333,144.36,-38.147
22424,1961-05-27 00:00:00,0.0426586947765619,-0.0936636473104745,0.1789810368635983,144.36,-38.147
22425,1961-05-28 00:00:00,0.0743946909462083,-0.0618395032461896,0.2106288851386063,144.36,-38.147
22426,1961-05-29 00:00:00,0.0754682266075268,-0.0607796689251404,0.211716122140194,144.36,-38.147
22427,1961-05-30 00:00:00,0.0011751502053181,-0.1350317208669007,0.1373820212775369,144.36,-38.147
22428,1961-05-31 00:00:00,0.0008115020564356,-0.1354626580188861,0.1370856621317573,144.36,-38.147
22429,1961-06-01 00:00:00,0.0415815519319069,-0.094731976666382,0.177895080530196,144.36,-38.147
22430,1961-06-02 00:00:00,0.0653752122394498,-0.071132687214023,0.2018831116929228,144.36,-38.147
22431,1961-06-03 00:00:00,0.0776476886000848,-0.0586939214829566,0.2139892986831263,144.36,-38.147
22432,1961-06-04 00:00:00,0.081437531683926,-0.0548435534527544,0.2177186168206065,144.36,-38.147
22433,1961-06-05 00:00:00,0.0305571905817936,-0.1057864901425757,0.1669008713061631,144.36,-38.147
22434,1961-06-06 00:00:00,0.0109438653018068,-0.1253653994188623,0.147253130022476,144.36,-38.147
22435,1961-06-07 00:00:00,0.0359338531967609,-0.1003945095261787,0.1722622159197005,144.36,-38.147
22436,1961-06-08 00:00:00,0.1103666259495828,-0.0259765705886694,0.2467098224878351,144.36,-38.147
22437,1961-06-09 00:00:00,0.1301847334546677,-0.0061022015819282,0.2664716684912636,144.36,-38.147
22438,1961-06-10 00:00:00,0.0622813994366076,-0.073978619287476,0.1985414181606912,144.36,-38.147
22439,1961-06-11 00:00:00,0.0519107519304306,-0.0843288512931101,0.1881503551539714,144.36,-38.147
22440,1961-06-12 00:00:00,0.0395119863884449,-0.096782843082395,0.1758068158592849,144.36,-38.147
22441,1961-06-13 00:00:00,0.016513932018577,-0.1197461715555568,0.1527740355927109,144.36,-38.147
22442,1961-06-14 00:00:00,0.0204313296252271,-0.1160399179520691,0.1569025772025234,144.36,-38.147
22443,1961-06-15 00:00:00,0.0756536900047196,-0.0614135878628464,0.2127209678722857,144.36,-38.147
22444,1961-06-16 00:00:00,0.2166897715721855,0.0797533135042107,0.3536262296401603,144.36,-38.147
22445,1961-06-17 00:00:00,0.5992182935609469,0.4573933910270686,0.7410431960948252,144.36,-38.147
22446,1961-06-18 00:00:00,0.2400450904195979,0.1022548852975848,0.377835295541611,144.36,-38.147
22447,1961-06-19 00:00:00,0.2388472927502711,0.1020218691923243,0.3756727163082179,144.36,-38.147
22448,1961-06-20 00:00:00,0.1116223920242132,-0.0248554354572168,0.2481002195056434,144.36,-38.147
22449,1961-06-21 00:00:00,0.0689972895890007,-0.069639737672959,0.2076343168509604,144.36,-38.147
22450,1961-06-22 00:00:00,0.0229537848119971,-0.1151128013139417,0.1610203709379359,144.36,-38.147
22451,1961-06-23 00:00:00,0.0034972655340005,-0.1329170400437851,0.1399115711117862,144.36,-38.147
22452,1961-06-24 00:00:00,0.035004292787296,-0.1013321464367106,0.1713407320113027,144.36,-38.147
22453,1961-06-25 00:00:00,0.1077079141012683,-0.028753784592408,0.2441696127949447,144.36,-38.147
22454,1961-06-26 00:00:00,0.1084049558600733,-0.0281132291049194,0.2449231408250662,144.36,-38.147
22455,1961-06-27 00:00:00,0.1034529857918879,-0.033316672177802,0.2402226437615778,144.36,-38.147
22456,1961-06-28 00:00:00,0.0841627198855044,-0.0538896426359324,0.2222150824069413,144.36,-38.147
22457,1961-06-29 00:00:00,0.1571330541050686,0.0176356552890972,0.29663045292104,144.36,-38.147
22458,1961-06-30 00:00:00,0.0767585049993942,-0.0597599681928439,0.2132769781916323,144.36,-38.147
22459,1961-07-01 00:00:00,0.0548398444836071,-0.0821072689075013,0.1917869578747157,144.36,-38.147
22460,1961-07-02 00:00:00,0.0060476122508069,-0.1314531141211581,0.1435483386227721,144.36,-38.147
22461,1961-07-03 00:00:00,0.1035393556537966,-0.0331875603938636,0.2402662717014569,144.36,-38.147
22462,1961-07-04 00:00:00,0.3405555170252496,0.2039546676382033,0.477156366412296,144.36,-38.147
22463,1961-07-05 00:00:00,0.2480959617254951,0.1110590415747627,0.3851328818762276,144.36,-38.147
22464,1961-07-06 00:00:00,0.3390149479498472,0.2016691287301798,0.4763607671695146,144.36,-38.147
22465,1961-07-07 00:00:00,0.1148626278222436,-0.022008371321133,0.2517336269656203,144.36,-38.147
22466,1961-07-08 00:00:00,0.2052995828368467,0.0679440988716019,0.3426550668020915,144.36,-38.147
22467,1961-07-09 00:00:00,0.0334654378170487,-0.1044341407445267,0.1713650163786241,144.36,-38.147
22468,1961-07-10 00:00:00,0.0246939859545005,-0.1117636252453535,0.1611515971543547,144.36,-38.147
22469,1961-07-11 00:00:00,0.0692824261576633,-0.0669538137467648,0.2055186660620915,144.36,-38.147
22470,1961-07-12 00:00:00,0.0242540055655766,-0.1119642094975639,0.1604722206287173,144.36,-38.147
22471,1961-07-13 00:00:00,0.0493442065478638,-0.0869076953329496,0.1855961084286773,144.36,-38.147
22472,1961-07-14 00:00:00,0.1847577912823177,0.0482947542710867,0.3212208282935488,144.36,-38.147
22473,1961-07-15 00:00:00,0.0423845442323719,-0.0941339271226445,0.1789030155873884,144.36,-38.147
22474,1961-07-16 00:00:00,-0.0406902756106006,-0.1778376811292032,0.0964571299080019,144.36,-38.147
22475,1961-07-17 00:00:00,-0.0557472977584674,-0.1922442613497622,0.0807496658328274,144.36,-38.147
22476,1961-07-18 00:00:00,-0.0178362289349652,-0.1540877302586203,0.1184152723886899,144.36,-38.147
22477,1961-07-19 00:00:00,0.0264556922509378,-0.1097408053322861,0.1626521898341617,144.36,-38.147
22478,1961-07-20 00:00:00,-0.0021773743671642,-0.138392038494561,0.1340372897602326,144.36,-38.147
22479,1961-07-21 00:00:00,-0.0288849201550666,-0.1650774920378016,0.1073076517276684,144.36,-38.147
22480,1961-07-22 00:00:00,0.0047667494933622,-0.1314834516501411,0.1410169506368656,144.36,-38.147
22481,1961-07-23 00:00:00,-0.0036779204570977,-0.1407156472985351,0.1333598063843397,144.36,-38.147
22482,1961-07-24 00:00:00,0.0920073170888656,-0.0449722460117561,0.2289868801894874,144.36,-38.147
22483,1961-07-25 00:00:00,0.1253041226520821,-0.0109336203532248,0.261541865657389,144.36,-38.147
22484,1961-07-26 00:00:00,0.1251659687829917,-0.0110534117454978,0.2613853493114813,144.36,-38.147
22485,1961-07-27 00:00:00,0.1400728650098171,0.0037897312783231,0.276355998741311,144.36,-38.147
22486,1961-07-28 00:00:00,0.1501374910135813,0.0136740462680152,0.2866009357591474,144.36,-38.147
22487,1961-07-29 00:00:00,0.1008420350102707,-0.0357368200550552,0.2374208900755966,144.36,-38.147
22488,1961-07-30 00:00:00,0.1356478438141167,-0.0007694126999902,0.2720651003282237,144.36,-38.147
22489,1961-07-31 00:00:00,0.1171657564591449,-0.0191980388327564,0.2535295517510464,144.36,-38.147
22490,1961-08-01 00:00:00,0.1214243005835386,-0.0148690775513094,0.2577176787183867,144.36,-38.147
22491,1961-08-02 00:00:00,0.1825485125439728,0.046053783072097,0.3190432420158485,144.36,-38.147
22492,1961-08-03 00:00:00,0.0471339281820525,-0.0895963582149326,0.1838642145790377,144.36,-38.147
22493,1961-08-04 00:00:00,-0.0367502303024565,-0.1731695543209832,0.09966909371607,144.36,-38.147
22494,1961-08-05 00:00:00,-0.0318434159276784,-0.1680472879868258,0.1043604561314689,144.36,-38.147
22495,1961-08-06 00:00:00,-0.0343327853628926,-0.1705584960513582,0.1018929253255729,144.36,-38.147
22496,1961-08-07 00:00:00,0.0107059094499656,-0.1255020859173283,0.1469139048172597,144.36,-38.147
22497,1961-08-08 00:00:00,0.0120121772972097,-0.1242368928752514,0.1482612474696708,144.36,-38.147
22498,1961-08-09 00:00:00,0.0877357337080444,-0.0486693648482465,0.2241408322643354,144.36,-38.147
22499,1961-08-10 00:00:00,0.1427557101612253,0.0063393852728506,0.2791720350496,144.36,-38.147
22500,1961-08-11 00:00:00,0.0448352762148338,-0.091457384819984,0.1811279372496518,144.36,-38.147
22501,1961-08-12 00:00:00,-0.0335666504430262,-0.1697907614777664,0.1026574605917139,144.36,-38.147
22502,1961-08-13 00:00:00,0.0060541151463631,-0.1301322018321544,0.1422404321248808,144.36,-38.147
22503,1961-08-14 00:00:00,0.0075654603272964,-0.1286285347892973,0.1437594554438902,144.36,-38.147
22504,1961-08-15 00:00:00,0.0434884538814921,-0.0928134470311569,0.1797903547941411,144.36,-38.147
22505,1961-08-16 00:00:00,0.1232958125090722,-0.0130854540939964,0.2596770791121408,144.36,-38.147
22506,1961-08-17 00:00:00,0.1271489277553265,-0.0093804349416697,0.2636782904523229,144.36,-38.147
22507,1961-08-18 00:00:00,0.0637750090065778,-0.0734232668316479,0.2009732848448037,144.36,-38.147
22508,1961-08-19 00:00:00,0.0308238312444245,-0.1055890321842101,0.1672366946730593,144.36,-38.147
22509,1961-08-20 00:00:00,0.0823943304684,-0.0540210994179088,0.218809760354709,144.36,-38.147
22510,1961-08-21 00:00:00,0.2434004803795469,0.1068826744800795,0.3799182862790143,144.36,-38.147
22511,1961-08-22 00:00:00,0.1340063164248538,-0.0023486103742331,0.2703612432239408,144.36,-38.147
22512,1961-08-23 00:00:00,0.1438870901956375,0.0072775742613232,0.2804966061299517,144.36,-38.147
22513,1961-08-24 00:00:00,-0.0040758637925936,-0.141187340766149,0.1330356131809616,144.36,-38.147
22514,1961-08-25 00:00:00,-0.0182192765559289,-0.1546201552418702,0.1181816021300123,144.36,-38.147
22515,1961-08-26 00:00:00,-0.0445913803834597,-0.180840876966507,0.0916581161995875,144.36,-38.147
22516,1961-08-27 00:00:00,-0.0091628020846839,-0.1454402704404127,0.1271146662710447,144.36,-38.147
22517,1961-08-28 00:00:00,0.1009409867051127,-0.0354593608530581,0.2373413342632837,144.36,-38.147
22518,1961-08-29 00:00:00,0.3019244973904968,0.1652284390142605,0.4386205557667331,144.36,-38.147
22519,1961-08-30 00:00:00,0.215453204688139,0.0786391782314345,0.3522672311448436,144.36,-38.147
22520,1961-08-31 00:00:00,0.0686439108387152,-0.06767245683981,0.2049602785172405,144.36,-38.147
22521,1961-09-01 00:00:00,0.0707492508953974,-0.0655011144660145,0.2069996162568095,144.36,-38.147
22522,1961-09-02 00:00:00,0.1572208213960319,0.0202437698384971,0.2941978729535667,144.36,-38.147
22523,1961-09-03 00:00:00,0.0828470791828753,-0.0538945838319493,0.2195887421976999,144.36,-38.147
22524,1961-09-04 00:00:00,0.0704345491081356,-0.0659235388727334,0.2067926370890047,144.36,-38.147
22525,1961-09-05 00:00:00,0.1752812299876462,0.038794802401619,0.3117676575736734,144.36,-38.147
22526,1961-09-06 00:00:00,0.2069109397621733,0.070339848868488,0.3434820306558587,144.36,-38.147
22527,1961-09-07 00:00:00,0.0337982948356485,-0.1026023707420165,0.1701989604133136,144.36,-38.147
22528,1961-09-08 00:00:00,-0.0489833850754398,-0.1852442430676708,0.0872774729167911,144.36,-38.147
22529,1961-09-09 00:00:00,-0.0505859063079967,-0.1868822634686188,0.0857104508526254,144.36,-38.147
22530,1961-09-10 00:00:00,-0.0518375099763819,-0.1880708134167945,0.0843957934640307,144.36,-38.147
22531,1961-09-11 00:00:00,-0.052508011263647,-0.1887218129709487,0.0837057904436546,144.36,-38.147
22532,1961-09-12 00:00:00,-0.0257146905864315,-0.1619484215939893,0.1105190404211262,144.36,-38.147
22533,1961-09-13 00:00:00,0.0020031490251565,-0.134272887811786,0.1382791858620991,144.36,-38.147
22534,1961-09-14 00:00:00,0.0724425676750643,-0.0640159258561103,0.2089010612062391,144.36,-38.147
22535,1961-09-15 00:00:00,0.0873555238304764,-0.049215531257963,0.2239265789189159,144.36,-38.147
22536,1961-09-16 00:00:00,0.0543952247324112,-0.0824902461635659,0.1912806956283883,144.36,-38.147
22537,1961-09-17 00:00:00,0.0076750002001391,-0.1289322978510329,0.1442822982513112,144.36,-38.147
22538,1961-09-18 00:00:00,-0.0175778553987134,-0.1538088192565071,0.1186531084590801,144.36,-38.147
22539,1961-09-19 00:00:00,-0.0220652705752977,-0.1582647321817908,0.1141341910311953,144.36,-38.147
22540,1961-09-20 00:00:00,0.0650522053056026,-0.07121744666878,0.2013218572799852,144.36,-38.147
22541,1961-09-21 00:00:00,0.1742674187493673,0.0374943815522819,0.3110404559464527,144.36,-38.147
22542,1961-09-22 00:00:00,0.0994362701228217,-0.0388719051213658,0.2377444453670093,144.36,-38.147
22543,1961-09-23 00:00:00,0.0996601435708809,-0.0366476608528325,0.2359679479945943,144.36,-38.147
22544,1961-09-24 00:00:00,0.0161803619403356,-0.1200464317079597,0.152407155588631,144.36,-38.147
22545,1961-09-25 00:00:00,0.2089075678283728,0.0723065617680162,0.3455085738887294,144.36,-38.147
22546,1961-09-26 00:00:00,0.1583318761610628,0.0217424731104334,0.2949212792116922,144.36,-38.147
22547,1961-09-27 00:00:00,0.0409286773272507,-0.095436410345229,0.1772937649997306,144.36,-38.147
22548,1961-09-28 00:00:00,0.0434261563129569,-0.0929183923047725,0.1797707049306864,144.36,-38.147
22549,1961-09-29 00:00:00,0.0794736035571732,-0.0569693481305345,0.215916555244881,144.36,-38.147
22550,1961-09-30 00:00:00,0.0274887372284421,-0.1089047788664915,0.1638822533233759,144.36,-38.147
22551,1961-10-01 00:00:00,0.3367951661309504,0.1991159053332434,0.4744744269286573,144.36,-38.147
22552,1961-10-02 00:00:00,0.1097943297755722,-0.0273908810313355,0.2469795405824801,144.36,-38.147
22553,1961-10-03 00:00:00,0.1005124101296895,-0.0358596956708363,0.2368845159302153,144.36,-38.147
22554,1961-10-04 00:00:00,0.0757471647623844,-0.0605282991432335,0.2120226286680025,144.36,-38.147
22555,1961-10-05 00:00:00,0.0777794044871869,-0.0585027500745422,0.2140615590489161,144.36,-38.147
22556,1961-10-06 00:00:00,0.0134847748395771,-0.122821004624008,0.1497905543031624,144.36,-38.147
22557,1961-10-07 00:00:00,-0.0077664829780107,-0.1440003459844508,0.1284673800284292,144.36,-38.147
22558,1961-10-08 00:00:00,0.0262217513528939,-0.1099803018055424,0.1624238045113303,144.36,-38.147
22559,1961-10-09 00:00:00,0.0214995042732206,-0.1147116032543138,0.1577106118007551,144.36,-38.147
22560,1961-10-10 00:00:00,0.0353457262048329,-0.1009674713065472,0.1716589237162131,144.36,-38.147
22561,1961-10-11 00:00:00,0.264615986064509,0.1278755271005784,0.4013564450284395,144.36,-38.147
22562,1961-10-12 00:00:00,0.2318543981220541,0.0954134916568455,0.3682953045872627,144.36,-38.147
22563,1961-10-13 00:00:00,0.0937328343377358,-0.0427624923586629,0.2302281610341346,144.36,-38.147
22564,1961-10-14 00:00:00,0.1613273381501665,0.0247376664259543,0.2979170098743787,144.36,-38.147
22565,1961-10-15 00:00:00,0.147034807910093,0.0107311211673178,0.2833384946528682,144.36,-38.147
22566,1961-10-16 00:00:00,0.0562904438686409,-0.0800322265328926,0.1926131142701745,144.36,-38.147
22567,1961-10-17 00:00:00,0.0128982319225927,-0.1233311486511884,0.1491276124963738,144.36,-38.147
22568,1961-10-18 00:00:00,0.0538815188569141,-0.082413029962255,0.1901760676760833,144.36,-38.147
22569,1961-10-19 00:00:00,0.0969797201081261,-0.0394584567347373,0.2334178969509896,144.36,-38.147
22570,1961-10-20 00:00:00,0.1561490647611741,0.0196254204715978,0.2926727090507504,144.36,-38.147
22571,1961-10-21 00:00:00,0.1148798783204969,-0.0214863368218656,0.2512460934628595,144.36,-38.147
22572,1961-10-22 00:00:00,0.0718574842864692,-0.0643831970788239,0.2080981656517624,144.36,-38.147
22573,1961-10-23 00:00:00,0.1159703534425727,-0.0202795491989292,0.2522202560840746,144.36,-38.147
22574,1961-10-24 00:00:00,0.156355257651988,0.0200821323082114,0.2926283829957647,144.36,-38.147
22575,1961-10-25 00:00:00,0.3545756093647739,0.2171455148308451,0.4920057038987026,144.36,-38.147
22576,1961-10-26 00:00:00,0.0403297408911927,-0.0966681792095286,0.1773276609919141,144.36,-38.147
22577,1961-10-27 00:00:00,0.0141576754364736,-0.1221171369685571,0.1504324878415044,144.36,-38.147
22578,1961-10-28 00:00:00,0.0353612939691772,-0.1008521700786635,0.1715747580170179,144.36,-38.147
22579,1961-10-29 00:00:00,0.074093397492049,-0.0621418722848853,0.2103286672689834,144.36,-38.147
22580,1961-10-30 00:00:00,0.0886584921460467,-0.04768716163526,0.2250041459273535,144.36,-38.147
22581,1961-10-31 00:00:00,0.034046918422402,-0.1025813693161089,0.1706752061609129,144.36,-38.147
22582,1961-11-01 00:00:00,0.1670184120423214,0.0301396388598698,0.303897185224773,144.36,-38.147
22583,1961-11-02 00:00:00,0.1355182203125643,-0.0010454154356371,0.2720818560607657,144.36,-38.147
22584,1961-11-03 00:00:00,0.1256180854226241,-0.0105929764415563,0.2618291472868045,144.36,-38.147
22585,1961-11-04 00:00:00,0.0520026616515243,-0.0841768227823474,0.188182146085396,144.36,-38.147
22586,1961-11-05 00:00:00,0.0083033183179339,-0.1279704287628753,0.1445770653987431,144.36,-38.147
22587,1961-11-06 00:00:00,0.1153994546550776,-0.0212408301974574,0.2520397395076127,144.36,-38.147
22588,1961-11-07 00:00:00,0.1750544290218293,0.0384687957916342,0.3116400622520244,144.36,-38.147
22589,1961-11-08 00:00:00,0.1277379065537776,-0.0086106714529516,0.2640864845605069,144.36,-38.147
22590,1961-11-09 00:00:00,0.2283467957198148,0.0916171953636313,0.3650763960759983,144.36,-38.147
22591,1961-11-10 00:00:00,0.3072049893568158,0.1703821995549334,0.4440277791586982,144.36,-38.147
22592,1961-11-11 00:00:00,0.0357296257435587,-0.1008272587987715,0.1722865102858891,144.36,-38.147
22593,1961-11-12 00:00:00,-0.0058909117634946,-0.1421282259440899,0.1303464024171007,144.36,-38.147
22594,1961-11-13 00:00:00,0.010176216135238,-0.1260393831090258,0.146391815379502,144.36,-38.147
22595,1961-11-14 00:00:00,0.0643849962501278,-0.0719674331211973,0.2007374256214529,144.36,-38.147
22596,1961-11-15 00:00:00,0.1563516762207663,0.0196708355787388,0.2930325168627939,144.36,-38.147
22597,1961-11-16 00:00:00,0.0007410514630186,-0.135795287966312,0.1372773908923493,144.36,-38.147
22598,1961-11-17 00:00:00,0.0221932120649278,-0.1142674793386262,0.1586539034684819,144.36,-38.147
22599,1961-11-18 00:00:00,0.030105088211235,-0.1065097000136402,0.1667198764361104,144.36,-38.147
22600,1961-11-19 00:00:00,0.0087421380136569,-0.1281071140994909,0.1455913901268049,144.36,-38.147
22601,1961-11-20 00:00:00,0.0086727602629957,-0.1280437075417182,0.1453892280677098,144.36,-38.147
22602,1961-11-21 00:00:00,-0.0130252918250922,-0.1497373601400262,0.1236867764898416,144.36,-38.147
22603,1961-11-22 00:00:00,0.1127064341604881,-0.0236962398104488,0.2491091081314252,144.36,-38.147
22604,1961-11-23 00:00:00,0.1400129337589651,0.0036571477629773,0.2763687197549529,144.36,-38.147
22605,1961-11-24 00:00:00,0.1477607056934456,0.0114581525091282,0.284063258877763,144.36,-38.147
22606,1961-11-25 00:00:00,0.0863508318760874,-0.0499819461043437,0.2226836098565186,144.36,-38.147
22607,1961-11-26 00:00:00,-0.0095517694060887,-0.1457564307594637,0.1266528919472862,144.36,-38.147
22608,1961-11-27 00:00:00,0.0100360782172013,-0.1261892702939365,0.1462614267283392,144.36,-38.147
22609,1961-11-28 00:00:00,0.0112547970876886,-0.1249867591361849,0.1474963533115622,144.36,-38.147
22610,1961-11-29 00:00:00,-0.0030197246067302,-0.1392741876752241,0.1332347384617635,144.36,-38.147
22611,1961-11-30 00:00:00,0.1152400505805357,-0.0211616432162285,0.2516417443773001,144.36,-38.147
22612,1961-12-01 00:00:00,0.1335724884318702,-0.0028823396552699,0.2700273165190104,144.36,-38.147
22613,1961-12-02 00:00:00,0.0239394614437231,-0.1124048883776939,0.1602838112651401,144.36,-38.147
22614,1961-12-03 00:00:00,0.1109090412134317,-0.025297340474535,0.2471154229013985,144.36,-38.147
22615,1961-12-04 00:00:00,0.1142378501469581,-0.0223121949612847,0.2507878952552009,144.36,-38.147
22616,1961-12-05 00:00:00,0.093313573335074,-0.0435053369500081,0.2301324836201562,144.36,-38.147
22617,1961-12-06 00:00:00,0.2674201217332811,0.1307591256968159,0.4040811177697463,144.36,-38.147
22618,1961-12-07 00:00:00,0.1116942553083417,-0.0247825051886467,0.2481710158053301,144.36,-38.147
22619,1961-12-08 00:00:00,0.4415480048660665,0.3046122845887973,0.5784837251433358,144.36,-38.147
22620,1961-12-09 00:00:00,0.1730994899014973,0.0359311888228094,0.3102677909801853,144.36,-38.147
22621,1961-12-10 00:00:00,0.0619580751270126,-0.0745756436770541,0.1984917939310794,144.36,-38.147
22622,1961-12-11 00:00:00,0.0824568935511325,-0.053806505045133,0.2187202921473982,144.36,-38.147
22623,1961-12-12 00:00:00,0.0105369791621578,-0.1256817049922099,0.1467556633165255,144.36,-38.147
22624,1961-12-13 00:00:00,0.0044783666898858,-0.13179556751013,0.1407523008899018,144.36,-38.147
22625,1961-12-14 00:00:00,0.0180088803803044,-0.1184514982668487,0.1544692590274576,144.36,-38.147
22626,1961-12-15 00:00:00,0.0500440113449617,-0.0865088804347094,0.1865969031246328,144.36,-38.147
22627,1961-12-16 00:00:00,0.1003246002759783,-0.0360710638133372,0.236720264365294,144.36,-38.147
22628,1961-12-17 00:00:00,0.1179159749041899,-0.0184746843310028,0.2543066341393828,144.36,-38.147
22629,1961-12-18 00:00:00,0.2986811810841786,0.1620943561642489,0.4352680060041083,144.36,-38.147
22630,1961-12-19 00:00:00,0.1724460358444825,0.0357393967966735,0.3091526748922915,144.36,-38.147
22631,1961-12-20 00:00:00,0.0185513182028314,-0.1178141513349685,0.1549167877406314,144.36,-38.147
22632,1961-12-21 00:00:00,-0.0312706184336537,-0.1675502354014275,0.1050089985341199,144.36,-38.147
22633,1961-12-22 00:00:00,-0.0394142209068047,-0.1757696578136925,0.0969412160000831,144.36,-38.147
22634,1961-12-23 00:00:00,0.0062161210231789,-0.1301594375238134,0.1425916795701712,144.36,-38.147
22635,1961-12-24 00:00:00,-0.004922166555113,-0.1412908849942612,0.1314465518840351,144.36,-38.147
22636,1961-12-25 00:00:00,0.0344803492140035,-0.1018224672472729,0.17078316567528,144.36,-38.147
22637,1961-12-26 00:00:00,0.003923161057588,-0.1324279753358823,0.1402742974510584,144.36,-38.147
22638,1961-12-27 00:00:00,0.0459393881040572,-0.0904203114594086,0.182299087667523,144.36,-38.147
22639,1961-12-28 00:00:00,0.1295967103626602,-0.0073820909495499,0.2665755116748705,144.36,-38.147
22640,1961-12-29 00:00:00,0.2732624329289583,0.1364073360925512,0.4101175297653653,144.36,-38.147
22641,1961-12-30 00:00:00,0.1424864453991955,0.0061809941938917,0.2787918966044993,144.36,-38.147
22642,1961-12-31 00:00:00,0.0988059408491855,-0.0374375093105693,0.2350493910089404,144.36,-38.147
22643,1962-01-01 00:00:00,0.0414392441313613,-0.0947613386053301,0.1776398268680527,144.36,-38.147
22644,1962-01-02 00:00:00,0.0081855126412686,-0.1280399075123672,0.1444109327949045,144.36,-38.147
22645,1962-01-03 00:00:00,0.0335011383053492,-0.102768108086987,0.1697703846976854,144.36,-38.147
22646,1962-01-04 00:00:00,0.0865977667315966,-0.049797295373143,0.2229928288363362,144.36,-38.147
22647,1962-01-05 00:00:00,0.059552570344695,-0.0768701469063307,0.1959752875957208,144.36,-38.147
22648,1962-01-06 00:00:00,-0.0595698949612344,-0.1959645356631996,0.0768247457407307,144.36,-38.147
22649,1962-01-07 00:00:00,0.0035349357840071,-0.1329059279331133,0.1399757995011277,144.36,-38.147
22650,1962-01-08 00:00:00,0.0509042595693967,-0.0855671206662156,0.1873756398050092,144.36,-38.147
22651,1962-01-09 00:00:00,0.0406795791370063,-0.095636379873005,0.1769955381470177,144.36,-38.147
22652,1962-01-10 00:00:00,0.0807812246467357,-0.0554868969176215,0.217049346211093,144.36,-38.147
22653,1962-01-11 00:00:00,0.0881526087615515,-0.0481374070563775,0.2244426245794806,144.36,-38.147
22654,1962-01-12 00:00:00,0.0826576471658743,-0.0536378099483529,0.2189531042801016,144.36,-38.147
22655,1962-01-13 00:00:00,0.0529411578996645,-0.0832749303656471,0.1891572461649761,144.36,-38.147
22656,1962-01-14 00:00:00,0.0471175192231869,-0.0891103633897528,0.1833454018361267,144.36,-38.147
22657,1962-01-15 00:00:00,0.0773682160675909,-0.0589029042377429,0.2136393363729247,144.36,-38.147
22658,1962-01-16 00:00:00,0.0189347176406658,-0.117425671476317,0.1552951067576488,144.36,-38.147
22659,1962-01-17 00:00:00,0.1296390721837546,-0.007107406118888,0.2663855504863973,144.36,-38.147
22660,1962-01-18 00:00:00,0.1452460951671869,0.008596463868506,0.2818957264658678,144.36,-38.147
22661,1962-01-19 00:00:00,0.1256717697357203,-0.0110958935703971,0.2624394330418378,144.36,-38.147
22662,1962-01-20 00:00:00,0.118715119406731,-0.0201385285301728,0.257568767343635,144.36,-38.147
22663,1962-01-21 00:00:00,0.0820144996697198,-0.0558264218437958,0.2198554211832356,144.36,-38.147
22664,1962-01-22 00:00:00,0.0644070462568937,-0.0721253114321339,0.2009394039459213,144.36,-38.147
22665,1962-01-23 00:00:00,-0.0197535575692397,-0.1560028580916359,0.1164957429531565,144.36,-38.147
22666,1962-01-24 00:00:00,-0.0100089191491869,-0.1462654195765383,0.1262475812781644,144.36,-38.147
22667,1962-01-25 00:00:00,0.0773076048891307,-0.0591351404072785,0.2137503501855399,144.36,-38.147
22668,1962-01-26 00:00:00,0.0649750177275485,-0.0717809095587934,0.2017309450138905,144.36,-38.147
22669,1962-01-27 00:00:00,-0.0865423274576445,-0.2233498111413001,0.050265156226011,144.36,-38.147
22670,1962-01-28 00:00:00,0.0118926109321481,-0.1247835760653,0.1485687979295964,144.36,-38.147
22671,1962-01-29 00:00:00,0.0656829465935216,-0.0707086299636008,0.2020745231506442,144.36,-38.147
22672,1962-01-30 00:00:00,0.0659250018631267,-0.0703670128135488,0.2022170165398023,144.36,-38.147
22673,1962-01-31 00:00:00,0.1628718780566989,0.0265182282834252,0.2992255278299724,144.36,-38.147
22674,1962-02-01 00:00:00,0.1624905864825818,0.026192166635633,0.2987890063295306,144.36,-38.147
22675,1962-02-02 00:00:00,0.2240839576031664,0.0875020745111968,0.3606658406951361,144.36,-38.147
22676,1962-02-03 00:00:00,0.1556986739738228,0.0194020106730181,0.2919953372746275,144.36,-38.147
22677,1962-02-04 00:00:00,0.0912130802683472,-0.0450925337780123,0.2275186943147068,144.36,-38.147
22678,1962-02-05 00:00:00,0.0314037490461323,-0.1048707877194561,0.1676782858117207,144.36,-38.147
22679,1962-02-06 00:00:00,0.0116852699191454,-0.1245678586357424,0.1479383984740333,144.36,-38.147
22680,1962-02-07 00:00:00,0.0338899979889161,-0.1024501341593609,0.1702301301371931,144.36,-38.147
22681,1962-02-08 00:00:00,0.0966899166851755,-0.0399962319990466,0.2333760653693976,144.36,-38.147
22682,1962-02-09 00:00:00,0.0655379099482032,-0.0709798565610632,0.2020556764574697,144.36,-38.147
22683,1962-02-10 00:00:00,0.0868083728789767,-0.0494660658845897,0.2230828116425432,144.36,-38.147
22684,1962-02-11 00:00:00,0.1743569723856437,0.0380745046729335,0.3106394400983538,144.36,-38.147
22685,1962-02-12 00:00:00,0.1139364081470834,-0.0223507289338453,0.2502235452280123,144.36,-38.147
22686,1962-02-13 00:00:00,0.049538728684549,-0.0867753833745289,0.1858528407436271,144.36,-38.147
22687,1962-02-14 00:00:00,0.2241525076465385,0.0874027981006617,0.3609022171924152,144.36,-38.147
22688,1962-02-15 00:00:00,0.0124621290127594,-0.1244856207216901,0.1494098787472089,144.36,-38.147
22689,1962-02-16 00:00:00,0.009429405560082,-0.1267753999899589,0.1456342111101229,144.36,-38.147
22690,1962-02-17 00:00:00,-0.0042638417673701,-0.1408828179321198,0.1323551343973795,144.36,-38.147
22691,1962-02-18 00:00:00,0.0587606265829509,-0.0779189178371737,0.1954401710030756,144.36,-38.147
22692,1962-02-19 00:00:00,0.0639896081633964,-0.0727279079984596,0.2007071243252525,144.36,-38.147
22693,1962-02-20 00:00:00,0.1305670204626756,-0.0058826892211143,0.2670167301464655,144.36,-38.147
22694,1962-02-21 00:00:00,0.221272538465666,0.0847657566627924,0.3577793202685396,144.36,-38.147
22695,1962-02-22 00:00:00,0.2437204835300737,0.1071496079759297,0.3802913590842177,144.36,-38.147
22696,1962-02-23 00:00:00,0.1094610172303704,-0.0269188356634646,0.2458408701242055,144.36,-38.147
22697,1962-02-24 00:00:00,0.0061201468664636,-0.1301907783683482,0.1424310721012755,144.36,-38.147
22698,1962-02-25 00:00:00,0.0885264227499882,-0.0477376094813603,0.2247904549813368,144.36,-38.147
22699,1962-02-26 00:00:00,0.0729181503049876,-0.0633776027946834,0.2092139034046586,144.36,-38.147
22700,1962-02-27 00:00:00,-0.0124038713315148,-0.1486262601559262,0.1238185174928965,144.36,-38.147
22701,1962-02-28 00:00:00,0.0153246564052943,-0.1209064376377603,0.151555750448349,144.36,-38.147
22702,1962-03-01 00:00:00,0.2362087083223892,0.0997425773906521,0.3726748392541263,144.36,-38.147
22703,1962-03-02 00:00:00,0.2109906611147284,0.0745126526256989,0.347468669603758,144.36,-38.147
22704,1962-03-03 00:00:00,0.214295809516337,0.0775753454638467,0.3510162735688273,144.36,-38.147
22705,1962-03-04 00:00:00,0.1588346591709418,0.0220674711190413,0.2956018472228424,144.36,-38.147
22706,1962-03-05 00:00:00,0.1415110426087583,0.0052814274569833,0.2777406577605334,144.36,-38.147
22707,1962-03-06 00:00:00,0.1099259101891789,-0.0262897800159759,0.2461416003943338,144.36,-38.147
22708,1962-03-07 00:00:00,0.0477802721618823,-0.0884955690580063,0.184056113381771,144.36,-38.147
22709,1962-03-08 00:00:00,-0.0275958174652537,-0.1638629722929298,0.1086713373624223,144.36,-38.147
22710,1962-03-09 00:00:00,0.0470581580111962,-0.0893998066716889,0.1835161226940813,144.36,-38.147
22711,1962-03-10 00:00:00,0.0541658575266537,-0.0823065325332689,0.1906382475865763,144.36,-38.147
22712,1962-03-11 00:00:00,-0.0058855126863198,-0.1422110045360874,0.1304399791634476,144.36,-38.147
22713,1962-03-12 00:00:00,0.0267664130220901,-0.109437282388498,0.1629701084326782,144.36,-38.147
22714,1962-03-13 00:00:00,0.0455249047566911,-0.0907543377260323,0.1818041472394145,144.36,-38.147
22715,1962-03-14 00:00:00,-0.0130404873485086,-0.1493789648103583,0.123297990113341,144.36,-38.147
22716,1962-03-15 00:00:00,0.003554775759604,-0.1327052619271775,0.1398148134463855,144.36,-38.147
22717,1962-03-16 00:00:00,0.0054363876893261,-0.1308257137819756,0.1416984891606279,144.36,-38.147
22718,1962-03-17 00:00:00,0.0799896496760086,-0.0563016486049378,0.216280947956955,144.36,-38.147
22719,1962-03-18 00:00:00,0.1433655281111794,0.0071252060572632,0.2796058501650957,144.36,-38.147
22720,1962-03-19 00:00:00,0.0761518996200113,-0.0601348984706452,0.2124386977106679,144.36,-38.147
22721,1962-03-20 00:00:00,0.0364269102866601,-0.0997884420695803,0.1726422626429006,144.36,-38.147
22722,1962-03-21 00:00:00,0.0159625636025074,-0.1203251526499487,0.1522502798549636,144.36,-38.147
22723,1962-03-22 00:00:00,0.1006896816143097,-0.0356315637899024,0.2370109270185219,144.36,-38.147
22724,1962-03-23 00:00:00,0.0426004576208839,-0.0936724858021099,0.1788734010438778,144.36,-38.147
22725,1962-03-24 00:00:00,0.00507939619598,-0.1311381874162502,0.1412969798082103,144.36,-38.147
22726,1962-03-25 00:00:00,-0.0445716147481848,-0.180788121572938,0.0916448920765684,144.36,-38.147
22727,1962-03-26 00:00:00,0.0225980820202343,-0.1136731847730511,0.1588693488135198,144.36,-38.147
22728,1962-03-27 00:00:00,0.0866577211932978,-0.0499113669109786,0.2232268092975742,144.36,-38.147
22729,1962-03-28 00:00:00,0.1385109608280016,0.0014659107434463,0.2755560109125569,144.36,-38.147
22730,1962-03-29 00:00:00,0.2585617282400125,0.1219742092182852,0.3951492472617399,144.36,-38.147
22731,1962-03-30 00:00:00,0.1446945175965658,0.0084158153932381,0.2809732197998936,144.36,-38.147
22732,1962-03-31 00:00:00,0.0958561866732547,-0.0403977563607065,0.232110129707216,144.36,-38.147
22733,1962-04-01 00:00:00,0.0261669340094926,-0.110021223598242,0.1623550916172273,144.36,-38.147
22734,1962-04-02 00:00:00,-0.0034403785520722,-0.1396438714584359,0.1327631143542914,144.36,-38.147
22735,1962-04-03 00:00:00,0.0856252198895897,-0.0506713151323436,0.2219217549115231,144.36,-38.147
22736,1962-04-04 00:00:00,0.1265410465247519,-0.0098465491120198,0.2629286421615238,144.36,-38.147
22737,1962-04-05 00:00:00,-0.0084649589853816,-0.144776156673151,0.1278462387023876,144.36,-38.147
22738,1962-04-06 00:00:00,-0.0624610092777814,-0.1986814075324726,0.0737593889769096,144.36,-38.147
22739,1962-04-07 00:00:00,-0.0011015885025438,-0.1373082613260979,0.1351050843210102,144.36,-38.147
22740,1962-04-08 00:00:00,0.0363007196664804,-0.0999275694664067,0.1725290087993676,144.36,-38.147
22741,1962-04-09 00:00:00,-0.0134106768018139,-0.1499209373803997,0.1230995837767717,144.36,-38.147
22742,1962-04-10 00:00:00,-0.0268218428178173,-0.1633416546245721,0.1096979689889374,144.36,-38.147
22743,1962-04-11 00:00:00,0.0020102883333884,-0.1343373871941079,0.1383579638608849,144.36,-38.147
22744,1962-04-12 00:00:00,0.0568474976906788,-0.0793871713708035,0.1930821667521611,144.36,-38.147
22745,1962-04-13 00:00:00,0.0574768120678674,-0.0788080286858366,0.1937616528215715,144.36,-38.147
22746,1962-04-14 00:00:00,0.1056531031779195,-0.0313884466532038,0.242694653009043,144.36,-38.147
22747,1962-04-15 00:00:00,-0.0428067083404586,-0.1800374809105395,0.0944240642296223,144.36,-38.147
22748,1962-04-16 00:00:00,-0.0632622843703997,-0.1996549014829212,0.0731303327421217,144.36,-38.147
22749,1962-04-17 00:00:00,-0.0287547447273052,-0.1649937028183943,0.1074842133637838,144.36,-38.147
22750,1962-04-18 00:00:00,0.0059905371638113,-0.130206503142618,0.1421875774702408,144.36,-38.147
22751,1962-04-19 00:00:00,0.117124375940105,-0.0191043101068025,0.2533530619870126,144.36,-38.147
22752,1962-04-20 00:00:00,0.0802928010531814,-0.0558965250978143,0.2164821272041772,144.36,-38.147
22753,1962-04-21 00:00:00,-0.0178273545077791,-0.1540018645680553,0.1183471555524969,144.36,-38.147
22754,1962-04-22 00:00:00,0.0043458367994172,-0.1318381993952841,0.1405298729941187,144.36,-38.147
22755,1962-04-23 00:00:00,0.0983358994616372,-0.0379333817802692,0.2346051807035437,144.36,-38.147
22756,1962-04-24 00:00:00,0.0587155795912936,-0.0775461450635697,0.194977304246157,144.36,-38.147
22757,1962-04-25 00:00:00,0.0170950030773715,-0.1190961594480759,0.1532861656028191,144.36,-38.147
22758,1962-04-26 00:00:00,0.0910758154010361,-0.0452697079044763,0.2274213387065486,144.36,-38.147
22759,1962-04-27 00:00:00,0.1275910893302076,-0.0087489370902162,0.2639311157506315,144.36,-38.147
22760,1962-04-28 00:00:00,0.0852059668443411,-0.0511144372592786,0.221526370947961,144.36,-38.147
22761,1962-04-29 00:00:00,0.1455596935361695,0.0091655201319031,0.281953866940436,144.36,-38.147
22762,1962-04-30 00:00:00,0.0976928164743042,-0.0386626335564751,0.2340482665050835,144.36,-38.147
22763,1962-05-01 00:00:00,0.1930154448739015,0.056586916033248,0.329443973714555,144.36,-38.147
22764,1962-05-02 00:00:00,0.0597850823624947,-0.0770039990207124,0.1965741637457018,144.36,-38.147
22765,1962-05-03 00:00:00,0.085152457149837,-0.051354557941308,0.221659472240982,144.36,-38.147
22766,1962-05-04 00:00:00,0.0569688415528596,-0.0792596081719683,0.1931972912776877,144.36,-38.147
22767,1962-05-05 00:00:00,0.0560481205091813,-0.0804468211265986,0.1925430621449613,144.36,-38.147
22768,1962-05-06 00:00:00,0.2130238738161126,0.076154016257535,0.3498937313746901,144.36,-38.147
22769,1962-05-07 00:00:00,0.0906178510134745,-0.0458879841814102,0.2271236862083593,144.36,-38.147
22770,1962-05-08 00:00:00,0.1054874627925348,-0.0308771537145681,0.2418520792996378,144.36,-38.147
22771,1962-05-09 00:00:00,0.0424998481264798,-0.0938654873615262,0.1788651836144859,144.36,-38.147
22772,1962-05-10 00:00:00,-0.0027846184146061,-0.1391810313797769,0.1336117945505646,144.36,-38.147
22773,1962-05-11 00:00:00,-0.0601392313015028,-0.1963433472462726,0.076064884643267,144.36,-38.147
22774,1962-05-12 00:00:00,-0.0402584812719866,-0.1764594408594683,0.0959424783154949,144.36,-38.147
22775,1962-05-13 00:00:00,0.0053441773341865,-0.1308386718906829,0.141527026559056,144.36,-38.147
22776,1962-05-14 00:00:00,0.0355668779493572,-0.1006368025991806,0.1717705584978952,144.36,-38.147
22777,1962-05-15 00:00:00,0.0907759894695688,-0.0454674885791597,0.2270194675182973,144.36,-38.147
22778,1962-05-16 00:00:00,0.1579457022994685,0.0214366036835209,0.2944548009154161,144.36,-38.147
22779,1962-05-17 00:00:00,0.2768898394571522,0.140470432223391,0.4133092466909133,144.36,-38.147
22780,1962-05-18 00:00:00,0.2528684323572624,0.1164056652333006,0.3893311994812242,144.36,-38.147
22781,1962-05-19 00:00:00,0.1102640226774976,-0.0260970407206498,0.2466250860756451,144.36,-38.147
22782,1962-05-20 00:00:00,0.0020031869875913,-0.1342577212753846,0.1382640952505673,144.36,-38.147
22783,1962-05-21 00:00:00,0.0303720934208442,-0.1059905660042752,0.1667347528459637,144.36,-38.147
22784,1962-05-22 00:00:00,0.0830317425562526,-0.0538167650806552,0.2198802501931605,144.36,-38.147
22785,1962-05-23 00:00:00,0.1894401157740517,0.0525125605962983,0.3263676709518051,144.36,-38.147
22786,1962-05-24 00:00:00,0.3594554976880121,0.2222857950638035,0.4966252003122207,144.36,-38.147
22787,1962-05-25 00:00:00,0.2772458941602917,0.1401370917928389,0.4143546965277445,144.36,-38.147
22788,1962-05-26 00:00:00,0.2559982060195216,0.1194129725478432,0.3925834394912,144.36,-38.147
22789,1962-05-27 00:00:00,0.1419354825305256,0.0054318522995356,0.2784391127615157,144.36,-38.147
22790,1962-05-28 00:00:00,0.1097123005299724,-0.0268260149431546,0.2462506160030995,144.36,-38.147
22791,1962-05-29 00:00:00,0.1384991228200341,0.0019825299159222,0.275015715724146,144.36,-38.147
22792,1962-05-30 00:00:00,0.0947893614451754,-0.0418256539873083,0.2314043768776591,144.36,-38.147
22793,1962-05-31 00:00:00,0.2009233473167085,0.0645294481764871,0.3373172464569299,144.36,-38.147
22794,1962-06-01 00:00:00,0.1331364952862271,-0.0032567799283849,0.2695297705008392,144.36,-38.147
22795,1962-06-02 00:00:00,0.1968247107875977,0.0604297222183019,0.3332196993568936,144.36,-38.147
22796,1962-06-03 00:00:00,0.3254583280290228,0.1890964576783175,0.4618201983797282,144.36,-38.147
22797,1962-06-04 00:00:00,0.2690768654452617,0.1327071159569383,0.4054466149335851,144.36,-38.147
22798,1962-06-05 00:00:00,0.2091391014224161,0.072749731726606,0.3455284711182263,144.36,-38.147
22799,1962-06-06 00:00:00,0.2557653518883682,0.1191911186685681,0.3923395851081683,144.36,-38.147
22800,1962-06-07 00:00:00,0.196938788491621,0.0603799336971289,0.333497643286113,144.36,-38.147
22801,1962-06-08 00:00:00,0.1476039543968212,0.0109528409749026,0.2842550678187397,144.36,-38.147
22802,1962-06-09 00:00:00,0.2047453338760735,0.0683534936660057,0.3411371740861413,144.36,-38.147
22803,1962-06-10 00:00:00,0.0877126518066041,-0.0485489139788884,0.2239742175920967,144.36,-38.147
22804,1962-06-11 00:00:00,0.0860112621772701,-0.0502511383948758,0.2222736627494161,144.36,-38.147
22805,1962-06-12 00:00:00,0.0391759656442461,-0.097028047762423,0.1753799790509153,144.36,-38.147
22806,1962-06-13 00:00:00,0.0465062906289077,-0.0897368306340037,0.1827494118918192,144.36,-38.147
22807,1962-06-14 00:00:00,0.1926721029746972,0.0562523765116858,0.3290918294377086,144.36,-38.147
22808,1962-06-15 00:00:00,0.1021025879444424,-0.034257623193443,0.2384627990823279,144.36,-38.147
22809,1962-06-16 00:00:00,0.1068758957139065,-0.0298956757063682,0.2436474671341813,144.36,-38.147
22810,1962-06-17 00:00:00,0.1637618938411948,0.0269734101079137,0.300550377574476,144.36,-38.147
22811,1962-06-18 00:00:00,0.0708771891002625,-0.0656072535141694,0.2073616317146945,144.36,-38.147
22812,1962-06-19 00:00:00,0.1288309557466135,-0.0084078528732279,0.2660697643664549,144.36,-38.147
22813,1962-06-20 00:00:00,0.2314115296240955,0.0947650834042014,0.3680579758439896,144.36,-38.147
22814,1962-06-21 00:00:00,0.2017990954337914,0.0650506845113391,0.3385475063562436,144.36,-38.147
22815,1962-06-22 00:00:00,0.1246011986912593,-0.0124617976417917,0.2616641950243104,144.36,-38.147
22816,1962-06-23 00:00:00,0.0270300710414452,-0.1096136207082324,0.163673762791123,144.36,-38.147
22817,1962-06-24 00:00:00,0.0156099212119927,-0.1208532047059926,0.1520730471299782,144.36,-38.147
22818,1962-06-25 00:00:00,0.207168958254748,0.0704860607599816,0.3438518557495145,144.36,-38.147
22819,1962-06-26 00:00:00,0.0542545749822717,-0.0821847099974866,0.1906938599620301,144.36,-38.147
22820,1962-06-27 00:00:00,-0.0426726524290811,-0.1789545673116705,0.0936092624535081,144.36,-38.147
22821,1962-06-28 00:00:00,-0.0230774475040676,-0.1593806029063367,0.1132257078982015,144.36,-38.147
22822,1962-06-29 00:00:00,0.047765601435555,-0.0892529798173832,0.1847841826884933,144.36,-38.147
22823,1962-06-30 00:00:00,0.2109431970033347,0.0735088993599324,0.3483774946467369,144.36,-38.147
22824,1962-07-01 00:00:00,0.0458667318489103,-0.090647870175861,0.1823813338736816,144.36,-38.147
22825,1962-07-02 00:00:00,0.0611774981310328,-0.0751985505871289,0.1975535468491946,144.36,-38.147
22826,1962-07-03 00:00:00,0.1509888293213012,0.0145376323584585,0.2874400262841439,144.36,-38.147
22827,1962-07-04 00:00:00,0.0774975527104473,-0.0589105925064728,0.2139056979273675,144.36,-38.147
22828,1962-07-05 00:00:00,0.0471466350816153,-0.0892945082796634,0.1835877784428941,144.36,-38.147
22829,1962-07-06 00:00:00,-0.0081610086170913,-0.1444599917869008,0.1281379745527181,144.36,-38.147
22830,1962-07-07 00:00:00,-0.0227066235138234,-0.1589020153168617,0.1134887682892148,144.36,-38.147
22831,1962-07-08 00:00:00,0.0165694758050998,-0.1196603667341812,0.152799318344381,144.36,-38.147
22832,1962-07-09 00:00:00,0.0197625130803394,-0.1165383419508351,0.1560633681115139,144.36,-38.147
22833,1962-07-10 00:00:00,-0.0476994845591104,-0.1845928938381769,0.0891939247199561,144.36,-38.147
22834,1962-07-11 00:00:00,-0.0696064472048699,-0.2067108738371143,0.0674979794273744,144.36,-38.147
22835,1962-07-12 00:00:00,-0.0168374218944762,-0.1537342079726321,0.1200593641836796,144.36,-38.147
22836,1962-07-13 00:00:00,0.0397974113750645,-0.0965002702634578,0.176095093013587,144.36,-38.147
22837,1962-07-14 00:00:00,0.0749437750722751,-0.0612835076407498,0.2111710577853001,144.36,-38.147
22838,1962-07-15 00:00:00,-0.0100544146750628,-0.146535288111678,0.1264264587615524,144.36,-38.147
22839,1962-07-16 00:00:00,-0.0192201075212195,-0.1554042614646286,0.1169640464221895,144.36,-38.147
22840,1962-07-17 00:00:00,0.0324168876322755,-0.1038383745600443,0.1686721498245954,144.36,-38.147
22841,1962-07-18 00:00:00,0.0348128618704501,-0.1015484451913686,0.1711741689322688,144.36,-38.147
22842,1962-07-19 00:00:00,0.0798961292163164,-0.0566075065566802,0.216399764989313,144.36,-38.147
22843,1962-07-20 00:00:00,0.0062063577460854,-0.1301792268968546,0.1425919423890255,144.36,-38.147
22844,1962-07-21 00:00:00,0.0382774003107358,-0.0982328771421511,0.1747876777636228,144.36,-38.147
22845,1962-07-22 00:00:00,0.1325570690255731,-0.003990824946215,0.2691049629973613,144.36,-38.147
22846,1962-07-23 00:00:00,0.123277669857569,-0.0131001913098283,0.2596555310249664,144.36,-38.147
22847,1962-07-24 00:00:00,0.1162843157186366,-0.0201641621114519,0.2527327935487251,144.36,-38.147
22848,1962-07-25 00:00:00,0.1852785123491085,0.0487264132248707,0.3218306114733463,144.36,-38.147
22849,1962-07-26 00:00:00,0.2048639318183465,0.0683860911679395,0.3413417724687535,144.36,-38.147
22850,1962-07-27 00:00:00,0.1347912699635638,-0.001519774497005,0.2711023144241328,144.36,-38.147
22851,1962-07-28 00:00:00,0.0842973615871252,-0.0520690304130246,0.2206637535872752,144.36,-38.147
22852,1962-07-29 00:00:00,0.070524463946632,-0.0657827213551361,0.2068316492484003,144.36,-38.147
22853,1962-07-30 00:00:00,0.0767811248103176,-0.0596508903372487,0.213213139957884,144.36,-38.147
22854,1962-07-31 00:00:00,0.154712665532163,0.017671497983336,0.2917538330809899,144.36,-38.147
22855,1962-08-01 00:00:00,0.4163637102755098,0.2783309049937765,0.554396515557243,144.36,-38.147
22856,1962-08-02 00:00:00,0.252424016392875,0.1151486894809497,0.3896993433048002,144.36,-38.147
22857,1962-08-03 00:00:00,0.1128716079153345,-0.0237079405691381,0.2494511563998072,144.36,-38.147
22858,1962-08-04 00:00:00,0.0340035282192651,-0.1026486251323309,0.1706556815708612,144.36,-38.147
22859,1962-08-05 00:00:00,-0.031715391452006,-0.1680108243218485,0.1045800414178364,144.36,-38.147
22860,1962-08-06 00:00:00,0.0603613550135161,-0.0762100119089108,0.196932721935943,144.36,-38.147
22861,1962-08-07 00:00:00,0.1948774401120595,0.0578656176615284,0.3318892625625905,144.36,-38.147
22862,1962-08-08 00:00:00,0.1331771672697855,-0.0035495061656737,0.2699038407052447,144.36,-38.147
22863,1962-08-09 00:00:00,0.0207971943450715,-0.115470906671248,0.1570652953613911,144.36,-38.147
22864,1962-08-10 00:00:00,-0.0265864194160392,-0.1628210604130791,0.1096482215810006,144.36,-38.147
22865,1962-08-11 00:00:00,-0.0641734211186137,-0.2008059301993617,0.0724590879621343,144.36,-38.147
22866,1962-08-12 00:00:00,-0.0730457369771631,-0.2101919124170555,0.0641004384627292,144.36,-38.147
22867,1962-08-13 00:00:00,-0.0042527806655497,-0.1413565330586751,0.1328509717275757,144.36,-38.147
22868,1962-08-14 00:00:00,0.0525673821655589,-0.0838955500771993,0.1890303144083172,144.36,-38.147
22869,1962-08-15 00:00:00,0.0625394481175909,-0.073649533218089,0.198728429453271,144.36,-38.147
22870,1962-08-16 00:00:00,0.075356547422952,-0.0608718044270938,0.211584899272998,144.36,-38.147
22871,1962-08-17 00:00:00,0.0280577051425762,-0.1082134025816087,0.1643288128667612,144.36,-38.147
22872,1962-08-18 00:00:00,0.0495524241740192,-0.0866995397813328,0.1858043881293713,144.36,-38.147
22873,1962-08-19 00:00:00,0.1268985480890146,-0.0095852120383571,0.2633823082163864,144.36,-38.147
22874,1962-08-20 00:00:00,0.1772700072560871,0.0404763023453067,0.3140637121668675,144.36,-38.147
22875,1962-08-21 00:00:00,0.0551644625940909,-0.0820536344698123,0.1923825596579941,144.36,-38.147
22876,1962-08-22 00:00:00,0.0101370880734564,-0.1266202820096829,0.1468944581565958,144.36,-38.147
22877,1962-08-23 00:00:00,-0.0208144416792005,-0.1570599804256097,0.1154310970672086,144.36,-38.147
22878,1962-08-24 00:00:00,0.095671024986368,-0.0406904230440176,0.2320324730167536,144.36,-38.147
22879,1962-08-25 00:00:00,0.1248340008373107,-0.0115695516913446,0.261237553365966,144.36,-38.147
22880,1962-08-26 00:00:00,0.1983567327356255,0.0617750477418305,0.3349384177294205,144.36,-38.147
22881,1962-08-27 00:00:00,0.0500294399742608,-0.0864730421727922,0.186531922121314,144.36,-38.147
22882,1962-08-28 00:00:00,0.385377042191283,0.2473558866358233,0.5233981977467428,144.36,-38.147
22883,1962-08-29 00:00:00,0.3096029184532646,0.1722280672723653,0.4469777696341639,144.36,-38.147
22884,1962-08-30 00:00:00,0.431240697527522,0.294041395050073,0.5684400000049711,144.36,-38.147
22885,1962-08-31 00:00:00,0.1284185690043113,-0.0085855983380877,0.2654227363467105,144.36,-38.147
22886,1962-09-01 00:00:00,-0.0336322133145085,-0.1700457031474691,0.1027812765184521,144.36,-38.147
22887,1962-09-02 00:00:00,0.0346668497399719,-0.1016350254854918,0.1709687249654356,144.36,-38.147
22888,1962-09-03 00:00:00,0.0655331137071009,-0.0709485763744343,0.2020148037886362,144.36,-38.147
22889,1962-09-04 00:00:00,0.143578905612071,0.007114973640405,0.280042837583737,144.36,-38.147
22890,1962-09-05 00:00:00,0.2418768841834597,0.1053381453731632,0.3784156229937562,144.36,-38.147
22891,1962-09-06 00:00:00,0.2721649290797436,0.1356047643766065,0.4087250937828808,144.36,-38.147
22892,1962-09-07 00:00:00,0.3079663612848756,0.1711365551884646,0.4447961673812866,144.36,-38.147
22893,1962-09-08 00:00:00,0.1853804390785174,0.0484956056174779,0.322265272539557,144.36,-38.147
22894,1962-09-09 00:00:00,0.0366961381566104,-0.0998486556986104,0.1732409320118313,144.36,-38.147
22895,1962-09-10 00:00:00,0.0194434230201994,-0.1168163796797016,0.1557032257201005,144.36,-38.147
22896,1962-09-11 00:00:00,0.1469429894677228,0.0106101400463638,0.2832758388890819,144.36,-38.147
22897,1962-09-12 00:00:00,0.2361903044674738,0.0997586926608827,0.3726219162740649,144.36,-38.147
22898,1962-09-13 00:00:00,0.2114866674116957,0.075121819590527,0.3478515152328644,144.36,-38.147
22899,1962-09-14 00:00:00,0.0625564834097725,-0.073747483786015,0.1988604506055602,144.36,-38.147
22900,1962-09-15 00:00:00,0.0602259089127632,-0.0763650816817271,0.1968168995072536,144.36,-38.147
22901,1962-09-16 00:00:00,0.0684753965046789,-0.0684006488522742,0.2053514418616321,144.36,-38.147
22902,1962-09-17 00:00:00,0.0021372908351041,-0.1346015588048267,0.1388761404750351,144.36,-38.147
22903,1962-09-18 00:00:00,0.0462474767572587,-0.0899762441223229,0.1824711976368403,144.36,-38.147
22904,1962-09-19 00:00:00,0.0392928990320147,-0.0970699352313532,0.1756557332953827,144.36,-38.147
22905,1962-09-20 00:00:00,0.0064524097383457,-0.1299656210998757,0.1428704405765672,144.36,-38.147
22906,1962-09-21 00:00:00,-0.0224147961444381,-0.1586845923831346,0.1138550000942583,144.36,-38.147
22907,1962-09-22 00:00:00,-0.0037556845169252,-0.1399261672093857,0.1324147981755352,144.36,-38.147
22908,1962-09-23 00:00:00,0.042497186758234,-0.0937138282449897,0.1787082017614578,144.36,-38.147
22909,1962-09-24 00:00:00,0.0835423332611293,-0.0528256538678897,0.2199103203901484,144.36,-38.147
22910,1962-09-25 00:00:00,0.1190251155697029,-0.0173716175596502,0.2554218486990562,144.36,-38.147
22911,1962-09-26 00:00:00,0.0557858548521177,-0.0804938741970552,0.1920655839012906,144.36,-38.147
22912,1962-09-27 00:00:00,0.2136328041572984,0.0771206549638979,0.3501449533506989,144.36,-38.147
22913,1962-09-28 00:00:00,0.3295642358514327,0.1924993994281057,0.4666290722747597,144.36,-38.147
22914,1962-09-29 00:00:00,0.1235249981335669,-0.0135769813296625,0.2606269775967965,144.36,-38.147
22915,1962-09-30 00:00:00,0.0734610002572235,-0.063155677573536,0.210077678087983,144.36,-38.147
22916,1962-10-01 00:00:00,0.1555597994269435,0.0191058215165371,0.2920137773373499,144.36,-38.147
22917,1962-10-02 00:00:00,0.1085029928888088,-0.027937565657492,0.2449435514351097,144.36,-38.147
22918,1962-10-03 00:00:00,0.0702871814924921,-0.066078785029699,0.2066531480146833,144.36,-38.147
22919,1962-10-04 00:00:00,0.0377244189683291,-0.0987898502421751,0.1742386881788334,144.36,-38.147
22920,1962-10-05 00:00:00,0.4175254650107717,0.2803923555094614,0.554658574512082,144.36,-38.147
22921,1962-10-06 00:00:00,0.3119776541063208,0.1748673690573975,0.449087939155244,144.36,-38.147
22922,1962-10-07 00:00:00,0.4851829213903774,0.3477769940518299,0.6225888487289248,144.36,-38.147
22923,1962-10-08 00:00:00,0.1200177413857974,-0.0165287811906435,0.2565642639622384,144.36,-38.147
22924,1962-10-09 00:00:00,0.3210830984896859,0.184441880445797,0.4577243165335748,144.36,-38.147
22925,1962-10-10 00:00:00,0.2104540693681964,0.0737647115935541,0.3471434271428387,144.36,-38.147
22926,1962-10-11 00:00:00,0.0331568729959947,-0.10320638389765,0.1695201298896396,144.36,-38.147
22927,1962-10-12 00:00:00,0.0190154262429266,-0.1172657784258608,0.155296630911714,144.36,-38.147
22928,1962-10-13 00:00:00,0.1185205890242706,-0.0178541980138658,0.2548953760624071,144.36,-38.147
22929,1962-10-14 00:00:00,0.0702269524000983,-0.066406905674874,0.2068608104750706,144.36,-38.147
22930,1962-10-15 00:00:00,-0.046402480067805,-0.1828877053032117,0.0900827451676015,144.36,-38.147
22931,1962-10-16 00:00:00,-0.0083305544743471,-0.1445915128162335,0.1279304038675393,144.36,-38.147
22932,1962-10-17 00:00:00,0.1103025450844348,-0.0260230352022164,0.2466281253710862,144.36,-38.147
22933,1962-10-18 00:00:00,0.1015143619478591,-0.0346952053110044,0.2377239292067226,144.36,-38.147
22934,1962-10-19 00:00:00,0.061474538414293,-0.0748219772086821,0.1977710540372683,144.36,-38.147
22935,1962-10-20 00:00:00,0.1199422281465494,-0.0164723286048381,0.2563567848979371,144.36,-38.147
22936,1962-10-21 00:00:00,0.1305459791962816,-0.0061913479348551,0.2672833063274184,144.36,-38.147
22937,1962-10-22 00:00:00,0.0369424054992987,-0.0994150513684318,0.1732998623670293,144.36,-38.147
22938,1962-10-23 00:00:00,0.1189844687374631,-0.0173998274211049,0.2553687648960313,144.36,-38.147
22939,1962-10-24 00:00:00,0.4334350329915492,0.2964028102771084,0.57046725570599,144.36,-38.147
22940,1962-10-25 00:00:00,0.2396270518146991,0.1026964122721499,0.3765576913572483,144.36,-38.147
22941,1962-10-26 00:00:00,0.045978892191803,-0.090559180299562,0.1825169646831682,144.36,-38.147
22942,1962-10-27 00:00:00,0.1537820646659913,0.0165495594375361,0.2910145698944465,144.36,-38.147
22943,1962-10-28 00:00:00,0.1033721304372598,-0.0329333379099757,0.2396775987844953,144.36,-38.147
22944,1962-10-29 00:00:00,0.0530110392473453,-0.0835664406174237,0.1895885191121145,144.36,-38.147
22945,1962-10-30 00:00:00,-0.0407618775145858,-0.1774684478967505,0.0959446928675788,144.36,-38.147
22946,1962-10-31 00:00:00,0.014636131464599,-0.1216528855606435,0.1509251484898417,144.36,-38.147
22947,1962-11-01 00:00:00,0.1972416712313651,0.0607157883544529,0.3337675541082773,144.36,-38.147
22948,1962-11-02 00:00:00,0.1617289036676733,0.0251682318697593,0.2982895754655874,144.36,-38.147
22949,1962-11-03 00:00:00,0.1821016390653411,0.0453570587527129,0.3188462193779693,144.36,-38.147
22950,1962-11-04 00:00:00,0.0943167889184697,-0.0419915845867154,0.2306251624236548,144.36,-38.147
22951,1962-11-05 00:00:00,0.0992333510958109,-0.0369586809403915,0.2354253831320134,144.36,-38.147
22952,1962-11-06 00:00:00,0.0762166857979576,-0.0599854469162498,0.2124188185121651,144.36,-38.147
22953,1962-11-07 00:00:00,0.0775893581480593,-0.058634306844092,0.2138130231402106,144.36,-38.147
22954,1962-11-08 00:00:00,0.0561796810817323,-0.0800474936606432,0.192406855824108,144.36,-38.147
22955,1962-11-09 00:00:00,-0.006961495683286,-0.1432541640173247,0.1293311726507526,144.36,-38.147
22956,1962-11-10 00:00:00,0.037239261539924,-0.0996488118641113,0.1741273349439595,144.36,-38.147
22957,1962-11-11 00:00:00,0.3175198176100623,0.1806615941143794,0.4543780411057453,144.36,-38.147
22958,1962-11-12 00:00:00,0.1821053554249024,0.0456035053002989,0.3186072055495059,144.36,-38.147
22959,1962-11-13 00:00:00,0.1451093399849872,0.0088689958411957,0.2813496841287787,144.36,-38.147
22960,1962-11-14 00:00:00,0.0708627999422118,-0.0654149494136943,0.2071405492981181,144.36,-38.147
22961,1962-11-15 00:00:00,0.2135639935748854,0.0765861034893958,0.350541883660375,144.36,-38.147
22962,1962-11-16 00:00:00,0.11558503579977,-0.0209780287525879,0.252148100352128,144.36,-38.147
22963,1962-11-17 00:00:00,0.1257017622471757,-0.0107418791695644,0.2621454036639158,144.36,-38.147
22964,1962-11-18 00:00:00,0.202415639459031,0.0656703848678674,0.3391608940501947,144.36,-38.147
22965,1962-11-19 00:00:00,0.0086225263657742,-0.1277145341938233,0.1449595869253717,144.36,-38.147
22966,1962-11-20 00:00:00,0.156782294580613,0.0199590393693688,0.2936055497918571,144.36,-38.147
22967,1962-11-21 00:00:00,0.4869546573881871,0.3495536526971325,0.6243556620792416,144.36,-38.147
22968,1962-11-22 00:00:00,0.127211764338197,-0.0097263578971904,0.2641498865735845,144.36,-38.147
22969,1962-11-23 00:00:00,0.128572956026374,-0.0077352904511362,0.2648812025038843,144.36,-38.147
22970,1962-11-24 00:00:00,0.2076225711135206,0.0711127039324226,0.3441324382946186,144.36,-38.147
22971,1962-11-25 00:00:00,0.0322480254483517,-0.1043504461619084,0.1688464970586119,144.36,-38.147
22972,1962-11-26 00:00:00,0.0648487418566307,-0.071553790266303,0.2012512739795645,144.36,-38.147
22973,1962-11-27 00:00:00,0.0980833190338393,-0.038293523614132,0.2344601616818107,144.36,-38.147
22974,1962-11-28 00:00:00,0.071622530918415,-0.0645862777074936,0.2078313395443236,144.36,-38.147
22975,1962-11-29 00:00:00,0.0539907445805642,-0.0822281724329606,0.190209661594089,144.36,-38.147
22976,1962-11-30 00:00:00,0.0183346640669542,-0.1179352585516572,0.1546045866855658,144.36,-38.147
22977,1962-12-01 00:00:00,0.0956380423469982,-0.0409987474489581,0.2322748321429545,144.36,-38.147
22978,1962-12-02 00:00:00,0.0803594731362897,-0.0566551180421585,0.217374064314738,144.36,-38.147
22979,1962-12-03 00:00:00,0.0720305620669047,-0.0645405740166076,0.2086016981504172,144.36,-38.147
22980,1962-12-04 00:00:00,0.0171667256256822,-0.1195490102313056,0.1538824614826702,144.36,-38.147
22981,1962-12-05 00:00:00,0.0159689493602585,-0.1211303038781595,0.1530682025986767,144.36,-38.147
22982,1962-12-06 00:00:00,-0.0150587345381468,-0.15184399637711,0.1217265273008162,144.36,-38.147
22983,1962-12-07 00:00:00,-0.0179357192333481,-0.1544390854605514,0.1185676469938551,144.36,-38.147
22984,1962-12-08 00:00:00,0.0230281904547438,-0.1134287969881626,0.1594851778976504,144.36,-38.147
22985,1962-12-09 00:00:00,0.1202141858865191,-0.016135940248368,0.2565643120214064,144.36,-38.147
22986,1962-12-10 00:00:00,0.0812338425788298,-0.055054829409345,0.2175225145670048,144.36,-38.147
22987,1962-12-11 00:00:00,0.2577232602175676,0.1212065565383969,0.3942399638967383,144.36,-38.147
22988,1962-12-12 00:00:00,0.2166131844776645,0.0799480103987267,0.3532783585566024,144.36,-38.147
22989,1962-12-13 00:00:00,0.0675278365320948,-0.0687369803291728,0.2037926533933625,144.36,-38.147
22990,1962-12-14 00:00:00,0.0370057137029519,-0.0992527528822046,0.1732641802881085,144.36,-38.147
22991,1962-12-15 00:00:00,-0.044282750812609,-0.1805700737183451,0.0920045720931269,144.36,-38.147
22992,1962-12-16 00:00:00,0.0891656867384186,-0.0474099673797278,0.2257413408565651,144.36,-38.147
22993,1962-12-17 00:00:00,0.0149574842997515,-0.1216750221298687,0.1515899907293718,144.36,-38.147
22994,1962-12-18 00:00:00,0.0901738726291638,-0.0461858606085212,0.2265336058668488,144.36,-38.147
22995,1962-12-19 00:00:00,0.0927786214131578,-0.0435284355221992,0.2290856783485149,144.36,-38.147
22996,1962-12-20 00:00:00,0.0657884146235675,-0.0704795634563035,0.2020563927034386,144.36,-38.147
22997,1962-12-21 00:00:00,0.0216971243862241,-0.1145666966481147,0.157960945420563,144.36,-38.147
22998,1962-12-22 00:00:00,-0.0204515220373775,-0.1566772212290682,0.1157741771543132,144.36,-38.147
22999,1962-12-23 00:00:00,0.0434526321598669,-0.0928909118399718,0.1797961761597057,144.36,-38.147
23000,1962-12-24 00:00:00,0.0804398835161942,-0.0567976926824755,0.217677459714864,144.36,-38.147
23001,1962-12-25 00:00:00,0.0070528108898329,-0.1300546599151284,0.1441602816947943,144.36,-38.147
23002,1962-12-26 00:00:00,-0.0929802535166156,-0.23025745980249,0.0442969527692588,144.36,-38.147
23003,1962-12-27 00:00:00,-0.0182039970879736,-0.155064691186458,0.1186566970105107,144.36,-38.147
23004,1962-12-28 00:00:00,0.0117147997544177,-0.1247490669785614,0.1481786664873969,144.36,-38.147
23005,1962-12-29 00:00:00,0.0433143653992184,-0.0932898886309282,0.1799186194293651,144.36,-38.147
23006,1962-12-30 00:00:00,0.0679060549736148,-0.0685740402906082,0.2043861502378378,144.36,-38.147
23007,1962-12-31 00:00:00,0.0697195057787813,-0.0666388067475491,0.2060778183051117,144.36,-38.147
23008,1963-01-01 00:00:00,0.1495936596272837,0.0131555635950727,0.2860317556594947,144.36,-38.147
23009,1963-01-02 00:00:00,0.0879770086568589,-0.0483335151373175,0.2242875324510354,144.36,-38.147
23010,1963-01-03 00:00:00,0.1953616668441001,0.0589407979234411,0.3317825357647591,144.36,-38.147
23011,1963-01-04 00:00:00,0.1645028530176645,0.0280153058166073,0.3009904002187218,144.36,-38.147
23012,1963-01-05 00:00:00,0.1764808536457315,0.0400574809444829,0.31290422634698,144.36,-38.147
23013,1963-01-06 00:00:00,0.1400988320368888,0.003796660425794,0.2764010036479835,144.36,-38.147
23014,1963-01-07 00:00:00,0.0478224572506679,-0.0883874463801106,0.1840323608814466,144.36,-38.147
23015,1963-01-08 00:00:00,-0.0014175182383426,-0.1375914026335805,0.1347563661568952,144.36,-38.147
23016,1963-01-09 00:00:00,0.0147278455055334,-0.1214616867540151,0.150917377765082,144.36,-38.147
23017,1963-01-10 00:00:00,0.0222608283900637,-0.1139604454427213,0.1584821022228488,144.36,-38.147
23018,1963-01-11 00:00:00,-0.0192261909586518,-0.1555658637432602,0.1171134818259565,144.36,-38.147
23019,1963-01-12 00:00:00,-0.0142849603534814,-0.150610642649362,0.1220407219423992,144.36,-38.147
23020,1963-01-13 00:00:00,0.0326504511563888,-0.1038134440413429,0.1691143463541206,144.36,-38.147
23021,1963-01-14 00:00:00,0.2116683272308049,0.0749675186955712,0.3483691357660387,144.36,-38.147
23022,1963-01-15 00:00:00,0.2386752038805093,0.1019207950807314,0.3754296126802873,144.36,-38.147
23023,1963-01-16 00:00:00,0.100423464378784,-0.0359795856253484,0.2368265143829166,144.36,-38.147
23024,1963-01-17 00:00:00,0.0952320847816187,-0.0410779842829246,0.2315421538461622,144.36,-38.147
23025,1963-01-18 00:00:00,0.2226953062474031,0.0863575139921637,0.3590330985026426,144.36,-38.147
23026,1963-01-19 00:00:00,0.1666706574629536,0.0302776575834139,0.3030636573424933,144.36,-38.147
23027,1963-01-20 00:00:00,0.0742843376517917,-0.0619293282739822,0.2104980035775658,144.36,-38.147
23028,1963-01-21 00:00:00,-0.008997746972607,-0.145261174324624,0.1272656803794098,144.36,-38.147
23029,1963-01-22 00:00:00,0.1041571447518144,-0.032302260094785,0.2406165495984139,144.36,-38.147
23030,1963-01-23 00:00:00,0.0931264258476393,-0.0434169350558674,0.2296697867511462,144.36,-38.147
23031,1963-01-24 00:00:00,0.0202570098487446,-0.1160202129972994,0.1565342326947887,144.36,-38.147
23032,1963-01-25 00:00:00,-0.000662395372315,-0.1368807512794922,0.1355559605348621,144.36,-38.147
23033,1963-01-26 00:00:00,0.0164980045227822,-0.1197636564421034,0.152759665487668,144.36,-38.147
23034,1963-01-27 00:00:00,0.0968825265677113,-0.0395046171812983,0.2332696703167209,144.36,-38.147
23035,1963-01-28 00:00:00,0.0339874406767539,-0.1023522789479065,0.1703271603014145,144.36,-38.147
23036,1963-01-29 00:00:00,0.1002894974146292,-0.0361047025279305,0.2366836973571889,144.36,-38.147
23037,1963-01-30 00:00:00,0.0539389107517286,-0.0827033955475259,0.1905812170509831,144.36,-38.147
23038,1963-01-31 00:00:00,0.0083876549020762,-0.1280203350679051,0.1447956448720576,144.36,-38.147
23039,1963-02-01 00:00:00,0.1291268352345981,-0.0072966364085373,0.2655503068777335,144.36,-38.147
23040,1963-02-02 00:00:00,0.069132245408425,-0.0672602023135466,0.2055246931303968,144.36,-38.147
23041,1963-02-03 00:00:00,0.0907742376912256,-0.0456164889141858,0.2271649642966371,144.36,-38.147
23042,1963-02-04 00:00:00,0.0750136494560729,-0.0616375106073634,0.2116648095195092,144.36,-38.147
23043,1963-02-05 00:00:00,-0.0176235519887528,-0.1541952007371899,0.1189480967596842,144.36,-38.147
23044,1963-02-06 00:00:00,0.0270824762694801,-0.1091889400913211,0.1633538926302813,144.36,-38.147
23045,1963-02-07 00:00:00,0.099581508157602,-0.0366311823939578,0.2357941987091618,144.36,-38.147
23046,1963-02-08 00:00:00,0.1108182566523353,-0.0255102677012274,0.247146781005898,144.36,-38.147
23047,1963-02-09 00:00:00,0.0351788834965579,-0.1011153895166818,0.1714731565097977,144.36,-38.147
23048,1963-02-10 00:00:00,0.0515351110633513,-0.0847698343914692,0.1878400565181719,144.36,-38.147
23049,1963-02-11 00:00:00,0.0366558173478526,-0.0999920894990492,0.1733037241947546,144.36,-38.147
23050,1963-02-12 00:00:00,-0.0059576152865523,-0.1427291718873791,0.1308139413142744,144.36,-38.147
23051,1963-02-13 00:00:00,0.0883465103474543,-0.0482787229908573,0.224971743685766,144.36,-38.147
23052,1963-02-14 00:00:00,0.2579590709370556,0.1213631652976203,0.3945549765764909,144.36,-38.147
23053,1963-02-15 00:00:00,0.1961752563569648,0.059829386435815,0.3325211262781146,144.36,-38.147
23054,1963-02-16 00:00:00,0.0287511486344755,-0.1074948145012708,0.1649971117702219,144.36,-38.147
23055,1963-02-17 00:00:00,0.0076793194927149,-0.1285312647980143,0.1438899037834442,144.36,-38.147
23056,1963-02-18 00:00:00,0.0368053422981668,-0.0994159641771111,0.1730266487734448,144.36,-38.147
23057,1963-02-19 00:00:00,0.0490603626545106,-0.0874898088923206,0.185610534201342,144.36,-38.147
23058,1963-02-20 00:00:00,-0.0225484530342857,-0.1588558720181632,0.1137589659495917,144.36,-38.147
23059,1963-02-21 00:00:00,0.1398085232539626,0.0034960579152036,0.2761209885927216,144.36,-38.147
23060,1963-02-22 00:00:00,0.1061286520044037,-0.0301839985291696,0.242441302537977,144.36,-38.147
23061,1963-02-23 00:00:00,0.0600306666820874,-0.076175771956562,0.1962371053207369,144.36,-38.147
23062,1963-02-24 00:00:00,0.0863652318648241,-0.0498715961951652,0.2226020599248135,144.36,-38.147
23063,1963-02-25 00:00:00,0.0499028370036523,-0.0863270579037483,0.1861327319110531,144.36,-38.147
23064,1963-02-26 00:00:00,0.0519742497510117,-0.0843106542605839,0.1882591537626075,144.36,-38.147
23065,1963-02-27 00:00:00,0.0642827358209612,-0.0719778896340295,0.2005433612759521,144.36,-38.147
23066,1963-02-28 00:00:00,0.0625517320615545,-0.0737180387732164,0.1988215028963255,144.36,-38.147
23067,1963-03-01 00:00:00,0.1175330136786347,-0.0189704986083705,0.2540365259656399,144.36,-38.147
23068,1963-03-02 00:00:00,0.0237342342228298,-0.1127372415109543,0.160205709956614,144.36,-38.147
23069,1963-03-03 00:00:00,-0.079307094364959,-0.2156878796921544,0.0570736909622363,144.36,-38.147
23070,1963-03-04 00:00:00,0.0085223123550173,-0.1278490354345408,0.1448936601445754,144.36,-38.147
23071,1963-03-05 00:00:00,0.08251601015968,-0.0537724575821032,0.2188044779014633,144.36,-38.147
23072,1963-03-06 00:00:00,0.1480987275032388,0.0112969730722149,0.2849004819342627,144.36,-38.147
23073,1963-03-07 00:00:00,-0.0232355927990531,-0.159745038494733,0.1132738528966266,144.36,-38.147
23074,1963-03-08 00:00:00,-0.0249845611773051,-0.1613216633975309,0.1113525410429207,144.36,-38.147
23075,1963-03-09 00:00:00,0.0248073875840484,-0.1115677556217591,0.1611825307898561,144.36,-38.147
23076,1963-03-10 00:00:00,0.1335974491125105,-0.0028711641377245,0.2700660623627455,144.36,-38.147
23077,1963-03-11 00:00:00,0.0435172547496153,-0.0927574299932164,0.1797919394924471,144.36,-38.147
23078,1963-03-12 00:00:00,-0.0136239820920706,-0.1498487323765807,0.1226007681924393,144.36,-38.147
23079,1963-03-13 00:00:00,0.0291475368054833,-0.1071192543259528,0.1654143279369196,144.36,-38.147
23080,1963-03-14 00:00:00,0.0628329540536376,-0.0734485266362914,0.1991144347435667,144.36,-38.147
23081,1963-03-15 00:00:00,0.084148289671984,-0.0520975357842134,0.2203941151281814,144.36,-38.147
23082,1963-03-16 00:00:00,0.0434653687105333,-0.0928103131109958,0.1797410505320625,144.36,-38.147
23083,1963-03-17 00:00:00,0.029609475352372,-0.1065877794197753,0.1658067301245195,144.36,-38.147
23084,1963-03-18 00:00:00,0.0021078798999825,-0.1342341751837544,0.1384499349837195,144.36,-38.147
23085,1963-03-19 00:00:00,-0.0338402074569771,-0.1703336630359895,0.1026532481220352,144.36,-38.147
23086,1963-03-20 00:00:00,0.0003868256327931,-0.1360489030908105,0.1368225543563968,144.36,-38.147
23087,1963-03-21 00:00:00,0.0242683400001566,-0.1121206526784727,0.160657332678786,144.36,-38.147
23088,1963-03-22 00:00:00,0.0444469764464552,-0.0918712538731651,0.1807652067660755,144.36,-38.147
23089,1963-03-23 00:00:00,0.1156750502279282,-0.020713737600964,0.2520638380568206,144.36,-38.147
23090,1963-03-24 00:00:00,0.0584431214369823,-0.0779236680282523,0.1948099109022169,144.36,-38.147
23091,1963-03-25 00:00:00,0.2135815221623347,0.0772108640700113,0.3499521802546581,144.36,-38.147
23092,1963-03-26 00:00:00,0.3856095683299352,0.2490580290895315,0.522161107570339,144.36,-38.147
23093,1963-03-27 00:00:00,0.0998529503831569,-0.0367663582047911,0.236472258971105,144.36,-38.147
23094,1963-03-28 00:00:00,0.0396803080819184,-0.0965668216806039,0.1759274378444408,144.36,-38.147
23095,1963-03-29 00:00:00,0.0135714242942078,-0.1227157565260593,0.1498586051144751,144.36,-38.147
23096,1963-03-30 00:00:00,0.1579803956697099,0.0215351542813691,0.2944256370580507,144.36,-38.147
23097,1963-03-31 00:00:00,0.1250110505369331,-0.0115565339673546,0.261578635041221,144.36,-38.147
23098,1963-04-01 00:00:00,0.0266466656445506,-0.1096446894431025,0.1629380207322037,144.36,-38.147
23099,1963-04-02 00:00:00,0.0419667115784097,-0.094232177418986,0.1781656005758054,144.36,-38.147
23100,1963-04-03 00:00:00,0.0847440602394405,-0.0515196195574479,0.221007740036329,144.36,-38.147
23101,1963-04-04 00:00:00,0.0583026174153348,-0.0781080574100514,0.1947132922407212,144.36,-38.147
23102,1963-04-05 00:00:00,0.0232225974129123,-0.1130292057534555,0.1594744005792803,144.36,-38.147
23103,1963-04-06 00:00:00,0.0011161817281288,-0.1351164446365658,0.1373488080928234,144.36,-38.147
23104,1963-04-07 00:00:00,0.0463186639188008,-0.0898751972560656,0.1825125250936672,144.36,-38.147
23105,1963-04-08 00:00:00,0.1307939991199491,-0.0054025516442718,0.26699054988417,144.36,-38.147
23106,1963-04-09 00:00:00,0.0581122668282491,-0.0781592100631069,0.1943837437196052,144.36,-38.147
23107,1963-04-10 00:00:00,0.0959721148214988,-0.0402622755410339,0.2322065051840316,144.36,-38.147
23108,1963-04-11 00:00:00,0.0795479750422454,-0.0566885785316166,0.2157845286161075,144.36,-38.147
23109,1963-04-12 00:00:00,0.0604301317764586,-0.0757896254944486,0.1966498890473659,144.36,-38.147
23110,1963-04-13 00:00:00,0.082764878503909,-0.0538190098485914,0.2193487668564095,144.36,-38.147
23111,1963-04-14 00:00:00,-0.026339659123032,-0.1627802953953951,0.1101009771493309,144.36,-38.147
23112,1963-04-15 00:00:00,0.0150541562699219,-0.1212541150388651,0.1513624275787091,144.36,-38.147
23113,1963-04-16 00:00:00,0.0542581242806377,-0.0819906218668538,0.1905068704281293,144.36,-38.147
23114,1963-04-17 00:00:00,0.0328873922373976,-0.1033606766491231,0.1691354611239184,144.36,-38.147
23115,1963-04-18 00:00:00,0.0145346002088946,-0.1217558999292806,0.15082510034707,144.36,-38.147
23116,1963-04-19 00:00:00,-0.0142856377183366,-0.1504784802549817,0.1219072048183084,144.36,-38.147
23117,1963-04-20 00:00:00,0.1361627459161162,-0.0001709064189456,0.2724963982511781,144.36,-38.147
23118,1963-04-21 00:00:00,0.050520892061716,-0.0857888239056048,0.186830608029037,144.36,-38.147
23119,1963-04-22 00:00:00,0.002658167876761,-0.1335503520853772,0.1388666878388994,144.36,-38.147
23120,1963-04-23 00:00:00,-0.0073512152433803,-0.1435813917302955,0.1288789612435348,144.36,-38.147
23121,1963-04-24 00:00:00,0.0403369491111058,-0.0959315020921484,0.1766054003143601,144.36,-38.147
23122,1963-04-25 00:00:00,0.0952148262370028,-0.0411719179720413,0.2316015704460471,144.36,-38.147
23123,1963-04-26 00:00:00,0.0291643004245573,-0.1071965519734301,0.1655251528225449,144.36,-38.147
23124,1963-04-27 00:00:00,-0.0338058956994505,-0.1701766242792035,0.1025648328803023,144.36,-38.147
23125,1963-04-28 00:00:00,-0.0317542475735966,-0.1685272539679919,0.1050187588207986,144.36,-38.147
23126,1963-04-29 00:00:00,-0.0007423674727837,-0.1378391358010099,0.1363544008554423,144.36,-38.147
23127,1963-04-30 00:00:00,0.0046184595385315,-0.132284762932921,0.1415216820099841,144.36,-38.147
23128,1963-05-01 00:00:00,0.0022960735829173,-0.1343832148646542,0.1389753620304889,144.36,-38.147
23129,1963-05-02 00:00:00,0.0188985583189498,-0.117470599956558,0.1552677165944577,144.36,-38.147
23130,1963-05-03 00:00:00,0.0062373521220335,-0.1299748828268214,0.1424495870708885,144.36,-38.147
23131,1963-05-04 00:00:00,0.0263222128249411,-0.1098737262087075,0.1625181518585897,144.36,-38.147
23132,1963-05-05 00:00:00,0.0002930600328636,-0.1358991393173217,0.1364852593830489,144.36,-38.147
23133,1963-05-06 00:00:00,-0.0003751873711534,-0.1365722464360735,0.1358218716937666,144.36,-38.147
23134,1963-05-07 00:00:00,0.0068792453579735,-0.1293297529993632,0.1430882437153102,144.36,-38.147
23135,1963-05-08 00:00:00,0.0156496813468522,-0.1205416576565239,0.1518410203502285,144.36,-38.147
23136,1963-05-09 00:00:00,0.0323233687261187,-0.1038975589367932,0.1685442963890306,144.36,-38.147
23137,1963-05-10 00:00:00,-0.0052947528032194,-0.1414810704944712,0.1308915648880323,144.36,-38.147
23138,1963-05-11 00:00:00,0.0206298828898488,-0.1155495987439943,0.1568093645236921,144.36,-38.147
23139,1963-05-12 00:00:00,0.0176264507361542,-0.1186000689265535,0.1538529703988621,144.36,-38.147
23140,1963-05-13 00:00:00,-0.0194546609544292,-0.1557163928035363,0.1168070708946778,144.36,-38.147
23141,1963-05-14 00:00:00,-0.0092224789490126,-0.14554209725029,0.1270971393522646,144.36,-38.147
23142,1963-05-15 00:00:00,0.0793247213958366,-0.0571116741118127,0.215761116903486,144.36,-38.147
23143,1963-05-16 00:00:00,0.1004223145294555,-0.0358536436798167,0.2366982727387278,144.36,-38.147
23144,1963-05-17 00:00:00,0.0178646332668883,-0.1184178940958404,0.154147160629617,144.36,-38.147
23145,1963-05-18 00:00:00,-0.0303296489521478,-0.1666898186184441,0.1060305207141484,144.36,-38.147
23146,1963-05-19 00:00:00,-0.0421075327229255,-0.1788001224753886,0.0945850570295375,144.36,-38.147
23147,1963-05-20 00:00:00,0.0490249251457996,-0.0876284419307922,0.1856782922223915,144.36,-38.147
23148,1963-05-21 00:00:00,0.161053381482204,0.0243130057933649,0.2977937571710431,144.36,-38.147
23149,1963-05-22 00:00:00,0.311759010617389,0.1751411315197865,0.4483768897149913,144.36,-38.147
23150,1963-05-23 00:00:00,0.1084382763389725,-0.0281932665913955,0.2450698192693406,144.36,-38.147
23151,1963-05-24 00:00:00,0.0558706553716764,-0.0803746658238711,0.192115976567224,144.36,-38.147
23152,1963-05-25 00:00:00,0.0739881346636687,-0.0622639874100056,0.2102402567373431,144.36,-38.147
23153,1963-05-26 00:00:00,0.1312967240247547,-0.0051082319298646,0.2677016799793741,144.36,-38.147
23154,1963-05-27 00:00:00,0.1745659215340575,0.0383207440550205,0.3108110990130945,144.36,-38.147
23155,1963-05-28 00:00:00,0.1537217408481921,0.0173347323482856,0.2901087493480985,144.36,-38.147
23156,1963-05-29 00:00:00,0.0435711473756038,-0.092784467026329,0.1799267617775367,144.36,-38.147
23157,1963-05-30 00:00:00,0.0677596278661364,-0.0684589304213414,0.2039781861536143,144.36,-38.147
23158,1963-05-31 00:00:00,0.1106453005945222,-0.0256202834354022,0.2469108846244466,144.36,-38.147
23159,1963-06-01 00:00:00,0.0639609224232642,-0.0723768410332355,0.2002986858797639,144.36,-38.147
23160,1963-06-02 00:00:00,0.0844780662106111,-0.0521845877738937,0.221140720195116,144.36,-38.147
23161,1963-06-03 00:00:00,0.0911094880110147,-0.0459976957549733,0.2282166717770028,144.36,-38.147
23162,1963-06-04 00:00:00,0.1007727011691353,-0.0363161437387564,0.2378615460770271,144.36,-38.147
23163,1963-06-05 00:00:00,0.1369534984585459,0.0001507592013686,0.2737562377157232,144.36,-38.147
23164,1963-06-06 00:00:00,0.1120687727245203,-0.0243530874454933,0.2484906328945339,144.36,-38.147
23165,1963-06-07 00:00:00,0.086482174905921,-0.0499436374735653,0.2229079872854074,144.36,-38.147
23166,1963-06-08 00:00:00,0.1323035885375897,-0.0041440535333353,0.2687512306085149,144.36,-38.147
23167,1963-06-09 00:00:00,0.0585809674233322,-0.0778010316730605,0.194962966519725,144.36,-38.147
23168,1963-06-10 00:00:00,0.109927018742544,-0.0266800867523434,0.2465341242374314,144.36,-38.147
23169,1963-06-11 00:00:00,0.1066734357713302,-0.0300091514659896,0.2433560230086501,144.36,-38.147
23170,1963-06-12 00:00:00,0.0047735645847456,-0.131456269795831,0.1410033989653223,144.36,-38.147
23171,1963-06-13 00:00:00,-0.014106980664988,-0.1503209440576399,0.1221069827276637,144.36,-38.147
23172,1963-06-14 00:00:00,-0.0267203566852014,-0.1630513015720463,0.1096105882016434,144.36,-38.147
23173,1963-06-15 00:00:00,0.0214885319127143,-0.1152916280549134,0.1582686918803421,144.36,-38.147
23174,1963-06-16 00:00:00,0.2078488313396733,0.0708908930397217,0.344806769639625,144.36,-38.147
23175,1963-06-17 00:00:00,0.1194112452768083,-0.0173194632800982,0.2561419538337151,144.36,-38.147
23176,1963-06-18 00:00:00,0.0139172824185066,-0.1228144759195584,0.1506490407565717,144.36,-38.147
23177,1963-06-19 00:00:00,0.0911956564686731,-0.0457075996617147,0.2280989125990609,144.36,-38.147
23178,1963-06-20 00:00:00,0.0368096485709965,-0.0999192538558618,0.1735385509978548,144.36,-38.147
23179,1963-06-21 00:00:00,-0.0016745007060045,-0.1381278091250461,0.134778807713037,144.36,-38.147
23180,1963-06-22 00:00:00,-0.0233447230916352,-0.1595806419332124,0.112891195749942,144.36,-38.147
23181,1963-06-23 00:00:00,-0.0270636917969377,-0.163271068738404,0.1091436851445284,144.36,-38.147
23182,1963-06-24 00:00:00,0.0133029464334717,-0.1228662923199009,0.1494721851868444,144.36,-38.147
23183,1963-06-25 00:00:00,0.0358396082800179,-0.1003465594576742,0.1720257760177101,144.36,-38.147
23184,1963-06-26 00:00:00,0.0692164619954024,-0.067044991635868,0.205477915626673,144.36,-38.147
23185,1963-06-27 00:00:00,0.0741734179759121,-0.0621163215559147,0.2104631575077389,144.36,-38.147
23186,1963-06-28 00:00:00,0.021923757543231,-0.1143831418346482,0.1582306569211104,144.36,-38.147
23187,1963-06-29 00:00:00,0.0265148211973791,-0.1099327020781454,0.1629623444729037,144.36,-38.147
23188,1963-06-30 00:00:00,0.040123916314592,-0.096358979997441,0.1766068126266252,144.36,-38.147
23189,1963-07-01 00:00:00,0.1352812735023537,-0.0011910394545299,0.2717535864592374,144.36,-38.147
23190,1963-07-02 00:00:00,0.0466179732751163,-0.0897268713051232,0.1829628178553558,144.36,-38.147
23191,1963-07-03 00:00:00,0.0081888702110938,-0.1282396768434549,0.1446174172656426,144.36,-38.147
23192,1963-07-04 00:00:00,0.0417142461904344,-0.0947248661324982,0.1781533585133671,144.36,-38.147
23193,1963-07-05 00:00:00,0.1040425409694905,-0.0322871299737577,0.2403722119127388,144.36,-38.147
23194,1963-07-06 00:00:00,0.1548145288588793,0.0183623726259415,0.2912666850918172,144.36,-38.147
23195,1963-07-07 00:00:00,0.2397242307750603,0.1031488883841579,0.3762995731659626,144.36,-38.147
23196,1963-07-08 00:00:00,0.3710582788877085,0.2343339527707407,0.5077826050046762,144.36,-38.147
23197,1963-07-09 00:00:00,0.1146432933795036,-0.0221738045550261,0.2514603913140334,144.36,-38.147
23198,1963-07-10 00:00:00,0.0217892943726858,-0.1149312650074225,0.1585098537527942,144.36,-38.147
23199,1963-07-11 00:00:00,-0.0228792337706498,-0.1593358741230233,0.1135774065817235,144.36,-38.147
23200,1963-07-12 00:00:00,0.0938325537448485,-0.042450343349553,0.2301154508392501,144.36,-38.147
23201,1963-07-13 00:00:00,0.2075508706642035,0.0694834824865186,0.3456182588418884,144.36,-38.147
23202,1963-07-14 00:00:00,0.0025758180054768,-0.135042431046465,0.1401940670574187,144.36,-38.147
23203,1963-07-15 00:00:00,-0.0291022272267828,-0.1654084429852186,0.1072039885316528,144.36,-38.147
23204,1963-07-16 00:00:00,0.0159409848840971,-0.1203647846133499,0.1522467543815442,144.36,-38.147
23205,1963-07-17 00:00:00,-0.0070561017073045,-0.1432777225618878,0.1291655191472785,144.36,-38.147
23206,1963-07-18 00:00:00,0.0122111507837159,-0.1241680360711389,0.1485903376385708,144.36,-38.147
23207,1963-07-19 00:00:00,0.0907964581116331,-0.0469312865274678,0.2285242027507341,144.36,-38.147
23208,1963-07-20 00:00:00,0.2578688598817562,0.1209244443087704,0.394813275454742,144.36,-38.147
23209,1963-07-21 00:00:00,0.2183372209229521,0.081666171463906,0.3550082703819981,144.36,-38.147
23210,1963-07-22 00:00:00,0.191130862218937,0.0547781143326999,0.3274836101051742,144.36,-38.147
23211,1963-07-23 00:00:00,0.13359278051231,-0.0028576157327561,0.2700431767573763,144.36,-38.147
23212,1963-07-24 00:00:00,-0.0069104856610243,-0.1432424250960086,0.1294214537739598,144.36,-38.147
23213,1963-07-25 00:00:00,-0.019961527644133,-0.1561569563903493,0.1162339011020832,144.36,-38.147
23214,1963-07-26 00:00:00,0.0340774399739855,-0.1021915595923538,0.1703464395403248,144.36,-38.147
23215,1963-07-27 00:00:00,0.1473225527296228,0.0103122899571807,0.284332815502065,144.36,-38.147
23216,1963-07-28 00:00:00,0.2712927092485533,0.1336530850865864,0.4089323334105202,144.36,-38.147
23217,1963-07-29 00:00:00,0.2838770774373577,0.1467307484451558,0.4210234064295597,144.36,-38.147
23218,1963-07-30 00:00:00,0.1868936743167368,0.0504084665661405,0.3233788820673331,144.36,-38.147
23219,1963-07-31 00:00:00,0.1149343988217386,-0.021419382606466,0.2512881802499433,144.36,-38.147
23220,1963-08-01 00:00:00,0.1139967629246215,-0.022430232502751,0.2504237583519942,144.36,-38.147
23221,1963-08-02 00:00:00,0.1368364334799156,0.0002616351686894,0.2734112317911418,144.36,-38.147
23222,1963-08-03 00:00:00,0.0762476606211724,-0.060391334695076,0.2128866559374209,144.36,-38.147
23223,1963-08-04 00:00:00,0.2084521776884694,0.0709166369355475,0.3459877184413914,144.36,-38.147
23224,1963-08-05 00:00:00,0.1825817032317124,0.0455375414880844,0.3196258649753404,144.36,-38.147
23225,1963-08-06 00:00:00,0.0612631081448203,-0.0750911677685719,0.1976173840582126,144.36,-38.147
23226,1963-08-07 00:00:00,-0.0027768495825255,-0.1389754399588551,0.1334217407938041,144.36,-38.147
23227,1963-08-08 00:00:00,0.0216131853586171,-0.1146223905611165,0.1578487612783509,144.36,-38.147
23228,1963-08-09 00:00:00,0.0172597685191476,-0.1189858767035079,0.1535054137418032,144.36,-38.147
23229,1963-08-10 00:00:00,-0.0516561520142591,-0.1879069688034376,0.0845946647749194,144.36,-38.147
23230,1963-08-11 00:00:00,-0.0742568569824747,-0.2104645478496681,0.0619508338847187,144.36,-38.147
23231,1963-08-12 00:00:00,-0.055133054928333,-0.1914192232484562,0.08115311339179,144.36,-38.147
23232,1963-08-13 00:00:00,-0.0080051057248093,-0.1442515602098351,0.1282413487602164,144.36,-38.147
23233,1963-08-14 00:00:00,0.1298024581403351,-0.0065149020596637,0.266119818340334,144.36,-38.147
23234,1963-08-15 00:00:00,0.1177455496926497,-0.0186264902818906,0.2541175896671901,144.36,-38.147
23235,1963-08-16 00:00:00,0.3792246954448478,0.2425960024440762,0.5158533884456195,144.36,-38.147
23236,1963-08-17 00:00:00,0.0678082331354564,-0.0686952113480833,0.2043116776189962,144.36,-38.147
23237,1963-08-18 00:00:00,0.0843176891051808,-0.0521578824864717,0.2207932606968334,144.36,-38.147
23238,1963-08-19 00:00:00,0.0979568769853675,-0.0383692644631909,0.234283018433926,144.36,-38.147
23239,1963-08-20 00:00:00,0.0613390752304789,-0.0749209209890276,0.1975990714499855,144.36,-38.147
23240,1963-08-21 00:00:00,0.045013698212021,-0.0913719622272346,0.1813993586512767,144.36,-38.147
23241,1963-08-22 00:00:00,0.1861175378878264,0.0494023482203701,0.3228327275552826,144.36,-38.147
23242,1963-08-23 00:00:00,0.1003434086422793,-0.0360045297825093,0.236691347067068,144.36,-38.147
23243,1963-08-24 00:00:00,0.0486994706821506,-0.0875852456772583,0.1849841870415596,144.36,-38.147
23244,1963-08-25 00:00:00,0.1036473377323489,-0.0332140138645227,0.2405086893292206,144.36,-38.147
23245,1963-08-26 00:00:00,0.3058682319546586,0.1689705240139202,0.442765939895397,144.36,-38.147
23246,1963-08-27 00:00:00,0.1417273340293179,0.0051514830740266,0.2783031849846092,144.36,-38.147
23247,1963-08-28 00:00:00,0.0652501147613189,-0.0710333008981767,0.2015335304208145,144.36,-38.147
23248,1963-08-29 00:00:00,0.0528259640710431,-0.0835902888818843,0.1892422170239707,144.36,-38.147
23249,1963-08-30 00:00:00,0.0302280702204387,-0.1060989678813091,0.1665551083221866,144.36,-38.147
23250,1963-08-31 00:00:00,0.0687156976835443,-0.0675402508082915,0.2049716461753802,144.36,-38.147
23251,1963-09-01 00:00:00,0.0864380728045688,-0.0498268962288109,0.2227030418379486,144.36,-38.147
23252,1963-09-02 00:00:00,0.1335881142497791,-0.0026675950051791,0.2698438235047373,144.36,-38.147
23253,1963-09-03 00:00:00,0.0742245001690113,-0.0620234403943144,0.2104724407323371,144.36,-38.147
23254,1963-09-04 00:00:00,0.214844652190202,0.0779518150315472,0.3517374893488567,144.36,-38.147
23255,1963-09-05 00:00:00,0.3880813224101785,0.2508424898258872,0.5253201549944699,144.36,-38.147
23256,1963-09-06 00:00:00,0.0954441142193569,-0.0410251574267455,0.2319133858654593,144.36,-38.147
23257,1963-09-07 00:00:00,0.2210026724313722,0.0839474901977915,0.3580578546649529,144.36,-38.147
23258,1963-09-08 00:00:00,0.06087672497665,-0.0755193390710444,0.1972727890243445,144.36,-38.147
23259,1963-09-09 00:00:00,0.1277289813280797,-0.008766185356082,0.2642241480122416,144.36,-38.147
23260,1963-09-10 00:00:00,0.1173117011830059,-0.019372215329354,0.2539956176953658,144.36,-38.147
23261,1963-09-11 00:00:00,0.2747023937224603,0.1379573727395499,0.4114474147053706,144.36,-38.147
23262,1963-09-12 00:00:00,0.5068557767583612,0.3696678301048663,0.6440437234118561,144.36,-38.147
23263,1963-09-13 00:00:00,0.230037422782647,0.0925407960052645,0.3675340495600295,144.36,-38.147
23264,1963-09-14 00:00:00,0.2097263091972284,0.0727186344518204,0.3467339839426365,144.36,-38.147
23265,1963-09-15 00:00:00,0.1698532767984626,0.0334828044867588,0.3062237491101665,144.36,-38.147
23266,1963-09-16 00:00:00,0.2771530894322928,0.1404661001282235,0.413840078736362,144.36,-38.147
23267,1963-09-17 00:00:00,0.295708947365181,0.1581761611523999,0.4332417335779622,144.36,-38.147
23268,1963-09-18 00:00:00,0.0251428201469484,-0.1115365769587052,0.161822217252602,144.36,-38.147
23269,1963-09-19 00:00:00,0.0575304306542853,-0.0787632637458275,0.1938241250543983,144.36,-38.147
23270,1963-09-20 00:00:00,-0.0158101804478762,-0.1520475427212771,0.1204271818255246,144.36,-38.147
23271,1963-09-21 00:00:00,0.0014317851527127,-0.1347660464224661,0.1376296167278916,144.36,-38.147
23272,1963-09-22 00:00:00,0.049536049055748,-0.0867319586537216,0.1858040567652177,144.36,-38.147
23273,1963-09-23 00:00:00,0.1018152157990325,-0.0347030387099248,0.2383334703079898,144.36,-38.147
23274,1963-09-24 00:00:00,0.038797196550959,-0.0988200532989278,0.1764144464008459,144.36,-38.147
23275,1963-09-25 00:00:00,-0.041959141831521,-0.1788259465623064,0.0949076628992642,144.36,-38.147
23276,1963-09-26 00:00:00,0.0447586935368128,-0.091740849765135,0.1812582368387606,144.36,-38.147
23277,1963-09-27 00:00:00,0.0122777300838347,-0.1239082642751611,0.1484637244428306,144.36,-38.147
23278,1963-09-28 00:00:00,0.087150995224505,-0.0491562175707186,0.2234582080197288,144.36,-38.147
23279,1963-09-29 00:00:00,0.0246589691383329,-0.1116550071429871,0.160972945419653,144.36,-38.147
23280,1963-09-30 00:00:00,0.0886478006616246,-0.0477401836719761,0.2250357849952255,144.36,-38.147
23281,1963-10-01 00:00:00,0.076476532827359,-0.0600954765581633,0.2130485422128814,144.36,-38.147
23282,1963-10-02 00:00:00,0.0336979137230716,-0.1026545288624408,0.1700503563085841,144.36,-38.147
23283,1963-10-03 00:00:00,-0.0207574824499985,-0.1570664078993446,0.1155514429993475,144.36,-38.147
23284,1963-10-04 00:00:00,-0.0410611610548361,-0.1773595386612241,0.0952372165515519,144.36,-38.147
23285,1963-10-05 00:00:00,-0.041488143419399,-0.177700893347592,0.0947246065087939,144.36,-38.147
23286,1963-10-06 00:00:00,-5.826508350992299e-05,-0.1362482550320579,0.136131724865038,144.36,-38.147
23287,1963-10-07 00:00:00,0.0362573843405411,-0.0999527880902058,0.172467556771288,144.36,-38.147
23288,1963-10-08 00:00:00,0.0158751043347301,-0.1203313653849895,0.1520815740544497,144.36,-38.147
23289,1963-10-09 00:00:00,-0.0001583635222298,-0.1363594454748826,0.136042718430423,144.36,-38.147
23290,1963-10-10 00:00:00,-0.0082257781884927,-0.1444183630869437,0.1279668067099581,144.36,-38.147
23291,1963-10-11 00:00:00,0.0149994890662956,-0.1213284435744644,0.1513274217070557,144.36,-38.147
23292,1963-10-12 00:00:00,0.1150366974991464,-0.0216264454124271,0.2516998404107201,144.36,-38.147
23293,1963-10-13 00:00:00,0.0012531113417924,-0.1351712720459637,0.1376774947295486,144.36,-38.147
23294,1963-10-14 00:00:00,-0.0127571043175411,-0.1491562135736652,0.1236420049385828,144.36,-38.147
23295,1963-10-15 00:00:00,-0.0437801167411097,-0.1800985640031975,0.092538330520978,144.36,-38.147
23296,1963-10-16 00:00:00,-0.0353142026509334,-0.1715506662052918,0.100922260903425,144.36,-38.147
23297,1963-10-17 00:00:00,-0.0102320720932596,-0.1464569391555335,0.1259927949690143,144.36,-38.147
23298,1963-10-18 00:00:00,0.0355525133857486,-0.100822341756022,0.1719273685275192,144.36,-38.147
23299,1963-10-19 00:00:00,0.1298467156248113,-0.0066108864872705,0.2663043177368931,144.36,-38.147
23300,1963-10-20 00:00:00,0.0213046962621118,-0.1150695664166311,0.1576789589408548,144.36,-38.147
23301,1963-10-21 00:00:00,0.0945041127166879,-0.0417419238170011,0.230750149250377,144.36,-38.147
23302,1963-10-22 00:00:00,0.0493187189655366,-0.0869553976844036,0.1855928356154768,144.36,-38.147
23303,1963-10-23 00:00:00,-0.0141609418913144,-0.1505318324461315,0.1222099486635027,144.36,-38.147
23304,1963-10-24 00:00:00,-0.0064587960941085,-0.1426573619608881,0.1297397697726709,144.36,-38.147
23305,1963-10-25 00:00:00,0.0323090483225595,-0.103950414237647,0.1685685108827662,144.36,-38.147
23306,1963-10-26 00:00:00,0.1303115866546834,-0.0059675822666798,0.2665907555760468,144.36,-38.147
23307,1963-10-27 00:00:00,0.0700472090108315,-0.0662869899511415,0.2063814079728045,144.36,-38.147
23308,1963-10-28 00:00:00,0.1415215209118374,0.0050829658177421,0.2779600760059326,144.36,-38.147
23309,1963-10-29 00:00:00,0.0599062117388327,-0.076480642859466,0.1962930663371314,144.36,-38.147
23310,1963-10-30 00:00:00,0.0362907140173878,-0.1000466875007762,0.1726281155355518,144.36,-38.147
23311,1963-10-31 00:00:00,0.0293120935490046,-0.1070139980622994,0.1656381851603088,144.36,-38.147
23312,1963-11-01 00:00:00,0.0254743301025544,-0.1108552748300246,0.1618039350351334,144.36,-38.147
23313,1963-11-02 00:00:00,0.0259759216459108,-0.1103325304431044,0.1622843737349261,144.36,-38.147
23314,1963-11-03 00:00:00,0.2475990655514715,0.1109301997020006,0.3842679314009424,144.36,-38.147
23315,1963-11-04 00:00:00,0.1426783262707531,0.0060205842877153,0.2793360682537909,144.36,-38.147
23316,1963-11-05 00:00:00,0.0349213958418527,-0.1015583698228383,0.1714011615065439,144.36,-38.147
23317,1963-11-06 00:00:00,-0.0262223801230477,-0.1626100993505863,0.1101653391044908,144.36,-38.147
23318,1963-11-07 00:00:00,0.4007542002788131,0.2637113762253525,0.5377970243322737,144.36,-38.147
23319,1963-11-08 00:00:00,0.1238287399121305,-0.0155671914814972,0.2632246713057583,144.36,-38.147
23320,1963-11-09 00:00:00,-0.0134010515597727,-0.1503120801944713,0.1235099770749257,144.36,-38.147
23321,1963-11-10 00:00:00,-0.0162724087234677,-0.1526445822484464,0.1200997648015109,144.36,-38.147
23322,1963-11-11 00:00:00,0.0164197764266422,-0.119858161360878,0.1526977142141625,144.36,-38.147
23323,1963-11-12 00:00:00,0.0295731141376899,-0.1067882779202771,0.165934506195657,144.36,-38.147
23324,1963-11-13 00:00:00,0.2099566784200028,0.0730453868877499,0.3468679699522558,144.36,-38.147
23325,1963-11-14 00:00:00,0.239280315370506,0.1026677453766424,0.3758928853643697,144.36,-38.147
23326,1963-11-15 00:00:00,0.0562162150494776,-0.0801838924333772,0.1926163225323324,144.36,-38.147
23327,1963-11-16 00:00:00,0.0468450613537317,-0.0895505549186902,0.1832406776261537,144.36,-38.147
23328,1963-11-17 00:00:00,-0.0108253150365369,-0.1472247810758695,0.1255741510027956,144.36,-38.147
23329,1963-11-18 00:00:00,-0.0252323368957143,-0.1614363200720857,0.110971646280657,144.36,-38.147
23330,1963-11-19 00:00:00,0.0380796410764229,-0.0981866812805118,0.1743459634333577,144.36,-38.147
23331,1963-11-20 00:00:00,0.0050854064497572,-0.1312069560760921,0.1413777689756067,144.36,-38.147
23332,1963-11-21 00:00:00,-0.0135530610980994,-0.1498693216760178,0.122763199479819,144.36,-38.147
23333,1963-11-22 00:00:00,0.1961496976497524,0.0596413456830418,0.332658049616463,144.36,-38.147
23334,1963-11-23 00:00:00,0.1120457369503933,-0.0243022274373807,0.2483937013381674,144.36,-38.147
23335,1963-11-24 00:00:00,0.0440591298438811,-0.0921572009734447,0.1802754606612071,144.36,-38.147
23336,1963-11-25 00:00:00,0.0289362582605617,-0.1074012804604264,0.16527379698155,144.36,-38.147
23337,1963-11-26 00:00:00,-0.0298941311565481,-0.1662142674446629,0.1064260051315666,144.36,-38.147
23338,1963-11-27 00:00:00,0.00443403777333,-0.1317447273051251,0.1406128028517853,144.36,-38.147
23339,1963-11-28 00:00:00,0.0200248280716075,-0.116455972857399,0.1565056290006141,144.36,-38.147
23340,1963-11-29 00:00:00,0.2954058996925838,0.1585830925816131,0.4322287068035544,144.36,-38.147
23341,1963-11-30 00:00:00,0.2193614436830831,0.0829059808586305,0.3558169065075357,144.36,-38.147
23342,1963-12-01 00:00:00,0.0589982508522544,-0.0772937549202135,0.1952902566247223,144.36,-38.147
23343,1963-12-02 00:00:00,0.0094957530782474,-0.1267346374965741,0.145726143653069,144.36,-38.147
23344,1963-12-03 00:00:00,-0.0254271607125262,-0.1616323143602964,0.1107779929352439,144.36,-38.147
23345,1963-12-04 00:00:00,-0.0279742533316757,-0.1641788188298716,0.1082303121665201,144.36,-38.147
23346,1963-12-05 00:00:00,0.0864750258250301,-0.0498478749889738,0.2227979266390341,144.36,-38.147
23347,1963-12-06 00:00:00,0.1013324748679874,-0.0351882133616844,0.2378531630976592,144.36,-38.147
23348,1963-12-07 00:00:00,0.017634173950985,-0.1189277076944535,0.1541960555964237,144.36,-38.147
23349,1963-12-08 00:00:00,-0.023606334626812,-0.1602616194721718,0.1130489502185477,144.36,-38.147
23350,1963-12-09 00:00:00,-0.0139800605324012,-0.1505418951398009,0.1225817740749983,144.36,-38.147
23351,1963-12-10 00:00:00,-0.0306456101782413,-0.1672718675089987,0.1059806471525159,144.36,-38.147
23352,1963-12-11 00:00:00,-0.0004475846601655,-0.136847332149841,0.1359521628295098,144.36,-38.147
23353,1963-12-12 00:00:00,0.0333878080227768,-0.1029274079987783,0.169703024044332,144.36,-38.147
23354,1963-12-13 00:00:00,0.01121591341221,-0.1251019548845148,0.147533781708935,144.36,-38.147
23355,1963-12-14 00:00:00,0.0089359071217209,-0.1272348101152629,0.1451066243587048,144.36,-38.147
23356,1963-12-15 00:00:00,0.0099961937845661,-0.1263842416547516,0.1463766292238839,144.36,-38.147
23357,1963-12-16 00:00:00,0.0989389258819002,-0.0379059347108701,0.2357837864746707,144.36,-38.147
23358,1963-12-17 00:00:00,0.0668929850543749,-0.0697882174736439,0.2035741875823938,144.36,-38.147
23359,1963-12-18 00:00:00,-0.0150208235553585,-0.1515735513273923,0.1215319042166753,144.36,-38.147
23360,1963-12-19 00:00:00,-0.0058457022300059,-0.1421618241823633,0.1304704197223514,144.36,-38.147
23361,1963-12-20 00:00:00,0.0139874156852365,-0.1222337232139585,0.1502085545844317,144.36,-38.147
23362,1963-12-21 00:00:00,0.0917427002106766,-0.0445015713993966,0.2279869718207499,144.36,-38.147
23363,1963-12-22 00:00:00,0.0447082374269115,-0.0915791926445952,0.1809956674984184,144.36,-38.147
23364,1963-12-23 00:00:00,0.0199222668564486,-0.1163458514489703,0.1561903851618676,144.36,-38.147
23365,1963-12-24 00:00:00,0.0305046254818235,-0.1057978089539257,0.1668070599175728,144.36,-38.147
23366,1963-12-25 00:00:00,0.2768645164608332,0.1401185770917366,0.4136104558299297,144.36,-38.147
23367,1963-12-26 00:00:00,0.402922913801343,0.2655727255578062,0.5402731020448798,144.36,-38.147
23368,1963-12-27 00:00:00,0.0994786835218474,-0.0372345117454498,0.2361918787891447,144.36,-38.147
23369,1963-12-28 00:00:00,0.1204823978552669,-0.0158260405325544,0.2567908362430883,144.36,-38.147
23370,1963-12-29 00:00:00,0.1419642754974787,0.0053923848743816,0.2785361661205758,144.36,-38.147
23371,1963-12-30 00:00:00,0.2466772153186188,0.1102417759160344,0.3831126547212033,144.36,-38.147
23372,1963-12-31 00:00:00,0.2241929597998995,0.0876203614661338,0.3607655581336652,144.36,-38.147
23373,1964-01-01 00:00:00,0.1584978787730971,0.0219586652040899,0.2950370923421043,144.36,-38.147
23374,1964-01-02 00:00:00,0.0643897961196345,-0.0720038501218283,0.2007834423610973,144.36,-38.147
23375,1964-01-03 00:00:00,0.1182704585140863,-0.0180424136898459,0.2545833307180187,144.36,-38.147
23376,1964-01-04 00:00:00,0.0997169290081076,-0.0365098836148996,0.235943741631115,144.36,-38.147
23377,1964-01-05 00:00:00,0.041500654149951,-0.0947384880962083,0.1777397963961104,144.36,-38.147
23378,1964-01-06 00:00:00,0.1495739637626945,0.0132254728117522,0.2859224547136368,144.36,-38.147
23379,1964-01-07 00:00:00,0.2083896369946591,0.0719347493762546,0.3448445246130636,144.36,-38.147
23380,1964-01-08 00:00:00,0.1348381225761033,-0.0016497608546372,0.2713260060068438,144.36,-38.147
23381,1964-01-09 00:00:00,0.2883978154327291,0.1519034899169905,0.4248921409484677,144.36,-38.147
23382,1964-01-10 00:00:00,0.2086279261766807,0.0719115363481529,0.3453443160052086,144.36,-38.147
23383,1964-01-11 00:00:00,0.0387652452121085,-0.0976929036620856,0.1752233940863027,144.36,-38.147
23384,1964-01-12 00:00:00,0.0306017264371245,-0.1055895372558435,0.1667929901300927,144.36,-38.147
23385,1964-01-13 00:00:00,0.1910388818987455,0.0547040100347238,0.3273737537627672,144.36,-38.147
23386,1964-01-14 00:00:00,0.3568868438217167,0.2201009677055052,0.4936727199379281,144.36,-38.147
23387,1964-01-15 00:00:00,0.3412066242045106,0.2039100095934575,0.4785032388155637,144.36,-38.147
23388,1964-01-16 00:00:00,0.0810236417378041,-0.0557334683293208,0.2177807518049291,144.36,-38.147
23389,1964-01-17 00:00:00,0.0711225616256245,-0.0653439579212019,0.2075890811724511,144.36,-38.147
23390,1964-01-18 00:00:00,0.3704104819424139,0.2336219428236205,0.5071990210612073,144.36,-38.147
23391,1964-01-19 00:00:00,0.1264756768934335,-0.0098808209211198,0.2628321747079869,144.36,-38.147
23392,1964-01-20 00:00:00,0.1691702034227969,0.0328829584359909,0.305457448409603,144.36,-38.147
23393,1964-01-21 00:00:00,0.1029958836176112,-0.0333799647386468,0.2393717319738693,144.36,-38.147
23394,1964-01-22 00:00:00,0.042053872744691,-0.0941922773531135,0.1783000228424957,144.36,-38.147
23395,1964-01-23 00:00:00,0.1001342693248715,-0.0361414868790083,0.2364100255287513,144.36,-38.147
23396,1964-01-24 00:00:00,0.1519865766875693,0.0154921089267162,0.2884810444484222,144.36,-38.147
23397,1964-01-25 00:00:00,0.2153965510117212,0.0787550873877004,0.352038014635742,144.36,-38.147
23398,1964-01-26 00:00:00,0.1295510285432321,-0.0068131537386572,0.2659152108251215,144.36,-38.147
23399,1964-01-27 00:00:00,0.0683029872065245,-0.0679353614453815,0.2045413358584305,144.36,-38.147
23400,1964-01-28 00:00:00,0.0075922400324471,-0.1285843501405205,0.1437688302054149,144.36,-38.147
23401,1964-01-29 00:00:00,0.022805212716306,-0.1133777214771465,0.1589881469097586,144.36,-38.147
23402,1964-01-30 00:00:00,0.0554696516684917,-0.0807305493218257,0.1916698526588093,144.36,-38.147
23403,1964-01-31 00:00:00,0.0743354838118328,-0.0620403187655682,0.210711286389234,144.36,-38.147
23404,1964-02-01 00:00:00,0.0616575834460067,-0.074962567945237,0.1982777348372504,144.36,-38.147
23405,1964-02-02 00:00:00,-0.0037298776873523,-0.1402987715880743,0.1328390162133697,144.36,-38.147
23406,1964-02-03 00:00:00,0.0405718190377425,-0.0958067041444031,0.1769503422198882,144.36,-38.147
23407,1964-02-04 00:00:00,0.0513393984378622,-0.084977126940423,0.1876559238161474,144.36,-38.147
23408,1964-02-05 00:00:00,0.0772641997878834,-0.0591183689313909,0.2136467685071579,144.36,-38.147
23409,1964-02-06 00:00:00,-0.0017487086792442,-0.1381635745284011,0.1346661571699127,144.36,-38.147
23410,1964-02-07 00:00:00,0.0953290835107567,-0.0414094630239971,0.2320676300455105,144.36,-38.147
23411,1964-02-08 00:00:00,0.0796872381613565,-0.0569721043052558,0.2163465806279689,144.36,-38.147
23412,1964-02-09 00:00:00,0.0750377621521199,-0.0613041387749716,0.2113796630792115,144.36,-38.147
23413,1964-02-10 00:00:00,0.1971045637132762,0.0607090212705178,0.3335001061560346,144.36,-38.147
23414,1964-02-11 00:00:00,0.2076393671434565,0.071107001849663,0.3441717324372499,144.36,-38.147
23415,1964-02-12 00:00:00,0.2053405360145109,0.0689266852807857,0.3417543867482361,144.36,-38.147
23416,1964-02-13 00:00:00,0.2118184732150886,0.075485032777034,0.3481519136531433,144.36,-38.147
23417,1964-02-14 00:00:00,0.0956536620684422,-0.0406837969053733,0.2319911210422579,144.36,-38.147
23418,1964-02-15 00:00:00,0.2403550654188339,0.1039103958259114,0.3767997350117564,144.36,-38.147
23419,1964-02-16 00:00:00,0.2213429319866842,0.0849327707420702,0.3577530932312981,144.36,-38.147
23420,1964-02-17 00:00:00,0.0850573358628773,-0.0512650416280723,0.2213797133538269,144.36,-38.147
23421,1964-02-18 00:00:00,0.0367685124262795,-0.0994914011654261,0.1730284260179851,144.36,-38.147
23422,1964-02-19 00:00:00,0.0505878755237001,-0.0856416445184055,0.1868173955658059,144.36,-38.147
23423,1964-02-20 00:00:00,-0.0427003873182461,-0.178994283048663,0.0935935084121707,144.36,-38.147
23424,1964-02-21 00:00:00,-0.0097807868222532,-0.1460487905426923,0.1264872168981858,144.36,-38.147
23425,1964-02-22 00:00:00,0.1131874444785339,-0.0232410982085829,0.2496159871656508,144.36,-38.147
23426,1964-02-23 00:00:00,0.2149631161328313,0.0778945000991637,0.3520317321664989,144.36,-38.147
23427,1964-02-24 00:00:00,0.0383030095272163,-0.0986650698467137,0.1752710889011464,144.36,-38.147
23428,1964-02-25 00:00:00,0.0519510291055336,-0.084838520867647,0.1887405790787142,144.36,-38.147
23429,1964-02-26 00:00:00,-0.0083621782048769,-0.1446972410428415,0.1279728846330877,144.36,-38.147
23430,1964-02-27 00:00:00,0.0062926347525809,-0.1299005485005527,0.1424858180057147,144.36,-38.147
23431,1964-02-28 00:00:00,0.0167357523366776,-0.1194765902833091,0.1529480949566644,144.36,-38.147
23432,1964-02-29 00:00:00,0.0886965045749988,-0.0475940379872637,0.2249870471372614,144.36,-38.147
23433,1964-03-01 00:00:00,0.1862589039926593,0.0499497379331247,0.3225680700521938,144.36,-38.147
23434,1964-03-02 00:00:00,0.0598729941724069,-0.0765403272577275,0.1962863156025415,144.36,-38.147
23435,1964-03-03 00:00:00,-0.0187156084195487,-0.1550640831024735,0.117632866263376,144.36,-38.147
23436,1964-03-04 00:00:00,0.0059364017641882,-0.1303127873915361,0.1421855909199126,144.36,-38.147
23437,1964-03-05 00:00:00,0.0760768393244983,-0.0603687703796157,0.2125224490286123,144.36,-38.147
23438,1964-03-06 00:00:00,0.0654735617614737,-0.07180077068407,0.2027478942070174,144.36,-38.147
23439,1964-03-07 00:00:00,0.0683144936199954,-0.0693813963627672,0.206010383602758,144.36,-38.147
23440,1964-03-08 00:00:00,-0.0510058888498762,-0.1877478234894438,0.0857360457896914,144.36,-38.147
23441,1964-03-09 00:00:00,0.0052302148824536,-0.1310804970723433,0.1415409268372506,144.36,-38.147
23442,1964-03-10 00:00:00,0.0390095446547824,-0.0973731366526074,0.1753922259621723,144.36,-38.147
23443,1964-03-11 00:00:00,0.0122323217338201,-0.1241102730676602,0.1485749165353005,144.36,-38.147
23444,1964-03-12 00:00:00,0.210914978060644,0.0744625972026886,0.3473673589185994,144.36,-38.147
23445,1964-03-13 00:00:00,0.097684112245309,-0.0386105774799746,0.2339788019705926,144.36,-38.147
23446,1964-03-14 00:00:00,0.0176337611478128,-0.1186853483703201,0.1539528706659458,144.36,-38.147
23447,1964-03-15 00:00:00,-0.0308378911450816,-0.1671003019207836,0.1054245196306205,144.36,-38.147
23448,1964-03-16 00:00:00,0.114346116235568,-0.0219615206778475,0.2506537531489837,144.36,-38.147
23449,1964-03-17 00:00:00,0.0978722034773495,-0.0383614458946962,0.2341058528493954,144.36,-38.147
23450,1964-03-18 00:00:00,0.0766345355772504,-0.0596340216417005,0.2129030927962014,144.36,-38.147
23451,1964-03-19 00:00:00,0.1690787803785799,0.0327174250554952,0.3054401357016647,144.36,-38.147
23452,1964-03-20 00:00:00,0.195574514746553,0.0590988678784844,0.3320501616146216,144.36,-38.147
23453,1964-03-21 00:00:00,0.0250171908341242,-0.1112864445406533,0.1613208262089019,144.36,-38.147
23454,1964-03-22 00:00:00,0.0776628461935469,-0.0585846274397887,0.2139103198268827,144.36,-38.147
23455,1964-03-23 00:00:00,0.1566228904292137,0.0201372078070052,0.2931085730514222,144.36,-38.147
23456,1964-03-24 00:00:00,0.3181481989029183,0.1794911181676211,0.4568052796382155,144.36,-38.147
23457,1964-03-25 00:00:00,0.0497874187500083,-0.086812924449478,0.1863877619494947,144.36,-38.147
23458,1964-03-26 00:00:00,0.0136764501534856,-0.1225961632894177,0.149949063596389,144.36,-38.147
23459,1964-03-27 00:00:00,-0.0493657758207227,-0.1855810411387066,0.0868494894972612,144.36,-38.147
23460,1964-03-28 00:00:00,-0.0151066717269459,-0.1513512488073152,0.1211379053534233,144.36,-38.147
23461,1964-03-29 00:00:00,0.0391093778800472,-0.097075075833002,0.1752938315930964,144.36,-38.147
23462,1964-03-30 00:00:00,0.0408729806182158,-0.095361881870998,0.1771078431074298,144.36,-38.147
23463,1964-03-31 00:00:00,0.0359098584588339,-0.1003776784540059,0.1721973953716738,144.36,-38.147
23464,1964-04-01 00:00:00,-0.0181793494737611,-0.1544020793501914,0.1180433804026692,144.36,-38.147
23465,1964-04-02 00:00:00,-0.0118526195016109,-0.1480585709115092,0.1243533319082873,144.36,-38.147
23466,1964-04-03 00:00:00,0.0101250496574954,-0.1261027354110303,0.1463528347260212,144.36,-38.147
23467,1964-04-04 00:00:00,0.0170530960858019,-0.1191572093796582,0.1532634015512622,144.36,-38.147
23468,1964-04-05 00:00:00,0.0091448434919356,-0.1270894225780963,0.1453791095619675,144.36,-38.147
23469,1964-04-06 00:00:00,0.1178257703600853,-0.018516201143577,0.2541677418637478,144.36,-38.147
23470,1964-04-07 00:00:00,0.0892239850387164,-0.0470862855655879,0.2255342556430208,144.36,-38.147
23471,1964-04-08 00:00:00,0.018631484812113,-0.1178645444646866,0.1551275140889126,144.36,-38.147
23472,1964-04-09 00:00:00,0.072981495089995,-0.064030363461273,0.2099933536412631,144.36,-38.147
23473,1964-04-10 00:00:00,-0.0168759927753516,-0.1538742515109844,0.1201222659602811,144.36,-38.147
23474,1964-04-11 00:00:00,-0.0040987784119839,-0.1403498323328872,0.1321522755089192,144.36,-38.147
23475,1964-04-12 00:00:00,-0.0108203382102788,-0.1470304453250437,0.1253897689044861,144.36,-38.147
23476,1964-04-13 00:00:00,0.0518826169420548,-0.0843724451831962,0.188137679067306,144.36,-38.147
23477,1964-04-14 00:00:00,0.1265486976510395,-0.0097196283611976,0.2628170236632768,144.36,-38.147
23478,1964-04-15 00:00:00,0.0860785543587361,-0.0501335176543379,0.2222906263718101,144.36,-38.147
23479,1964-04-16 00:00:00,0.0415959886731843,-0.0946009816567021,0.1777929590030708,144.36,-38.147
23480,1964-04-17 00:00:00,0.0378811571017841,-0.0983021015940603,0.1740644157976286,144.36,-38.147
23481,1964-04-18 00:00:00,0.0231915856370636,-0.11303606050148,0.1594192317756073,144.36,-38.147
23482,1964-04-19 00:00:00,0.0127867370244656,-0.1234880898854811,0.1490615639344124,144.36,-38.147
23483,1964-04-20 00:00:00,-0.0276348662353432,-0.1646016186583677,0.1093318861876811,144.36,-38.147
23484,1964-04-21 00:00:00,-0.0098107520611657,-0.1470956515192399,0.1274741473969084,144.36,-38.147
23485,1964-04-22 00:00:00,0.0510948828560268,-0.0854115574734664,0.18760132318552,144.36,-38.147
23486,1964-04-23 00:00:00,0.0917248836214922,-0.0446054531368817,0.2280552203798662,144.36,-38.147
23487,1964-04-24 00:00:00,0.0688759457995004,-0.0673842498837972,0.2051361414827981,144.36,-38.147
23488,1964-04-25 00:00:00,0.142691974726638,0.0063874262344624,0.2789965232188136,144.36,-38.147
23489,1964-04-26 00:00:00,0.3223812042432813,0.1857589534454362,0.4590034550411264,144.36,-38.147
23490,1964-04-27 00:00:00,0.1429701316747445,0.0063094555718493,0.2796308077776398,144.36,-38.147
23491,1964-04-28 00:00:00,0.173559267232446,0.0372092136005324,0.3099093208643597,144.36,-38.147
23492,1964-04-29 00:00:00,0.1277503841843046,-0.0086246219202529,0.2641253902888623,144.36,-38.147
23493,1964-04-30 00:00:00,0.0461770354359102,-0.0900603052801365,0.182414376151957,144.36,-38.147
23494,1964-05-01 00:00:00,0.0429800215899118,-0.0932984505322892,0.1792584937121129,144.36,-38.147
23495,1964-05-02 00:00:00,0.118004719895679,-0.018282548321519,0.2542919881128772,144.36,-38.147
23496,1964-05-03 00:00:00,0.2278502037577463,0.0914563560404648,0.3642440514750278,144.36,-38.147
23497,1964-05-04 00:00:00,0.1479216121913679,0.0112024096151933,0.2846408147675425,144.36,-38.147
23498,1964-05-05 00:00:00,0.0116690881831476,-0.1248083363883478,0.1481465127546432,144.36,-38.147
23499,1964-05-06 00:00:00,-0.0090875896410321,-0.1452854274341676,0.1271102481521032,144.36,-38.147
23500,1964-05-07 00:00:00,0.0132724330199162,-0.122908250033816,0.1494531160736485,144.36,-38.147
23501,1964-05-08 00:00:00,0.0289366270258786,-0.1072446012387673,0.1651178552905245,144.36,-38.147
23502,1964-05-09 00:00:00,0.0915028666907834,-0.0447327040021854,0.2277384373837523,144.36,-38.147
23503,1964-05-10 00:00:00,0.0942065183968251,-0.0420208025097048,0.2304338393033551,144.36,-38.147
23504,1964-05-11 00:00:00,0.1335189337988925,-0.0032015191007735,0.2702393866985585,144.36,-38.147
23505,1964-05-12 00:00:00,0.0764818476983792,-0.0600479085490046,0.213011603945763,144.36,-38.147
23506,1964-05-13 00:00:00,0.116940036870599,-0.0197444017550874,0.2536244754962856,144.36,-38.147
23507,1964-05-14 00:00:00,0.2009468260995595,0.0638687317333537,0.3380249204657655,144.36,-38.147
23508,1964-05-15 00:00:00,0.0503503043261074,-0.0868149248799538,0.1875155335321687,144.36,-38.147
23509,1964-05-16 00:00:00,-0.0150129013709023,-0.1513218004599255,0.1212959977181208,144.36,-38.147
23510,1964-05-17 00:00:00,0.0057252807005025,-0.1305720626309729,0.142022624031978,144.36,-38.147
23511,1964-05-18 00:00:00,0.0014699201576403,-0.1348907815969927,0.1378306219122734,144.36,-38.147
23512,1964-05-19 00:00:00,0.0182535286728746,-0.1180010292317378,0.1545080865774871,144.36,-38.147
23513,1964-05-20 00:00:00,0.0234571600359846,-0.1128604886242752,0.1597748086962445,144.36,-38.147
23514,1964-05-21 00:00:00,0.0796879170706817,-0.0566194592856951,0.2159952934270586,144.36,-38.147
23515,1964-05-22 00:00:00,0.2144530094795354,0.0781353891565968,0.3507706298024741,144.36,-38.147
23516,1964-05-23 00:00:00,0.0855046719186839,-0.0508083874192134,0.2218177312565814,144.36,-38.147
23517,1964-05-24 00:00:00,0.001789322543645,-0.1344987135139919,0.138077358601282,144.36,-38.147
23518,1964-05-25 00:00:00,0.0593275136906025,-0.0770385693615762,0.1956935967427813,144.36,-38.147
23519,1964-05-26 00:00:00,0.2372850823942678,0.1007337368352937,0.373836427953242,144.36,-38.147
23520,1964-05-27 00:00:00,0.168687464984021,0.0322453777886177,0.3051295521794243,144.36,-38.147
23521,1964-05-28 00:00:00,0.0836648351836959,-0.0526714418036832,0.220001112171075,144.36,-38.147
23522,1964-05-29 00:00:00,0.0585071296557789,-0.0778733864274318,0.1948876457389898,144.36,-38.147
23523,1964-05-30 00:00:00,0.0781191728643341,-0.058249448291317,0.2144877940199852,144.36,-38.147
23524,1964-05-31 00:00:00,0.1371224205670194,0.0006950827547172,0.2735497583793216,144.36,-38.147
23525,1964-06-01 00:00:00,0.1590755235120078,0.022470771910875,0.2956802751131406,144.36,-38.147
23526,1964-06-02 00:00:00,0.0558595308715319,-0.0805701397293758,0.1922892014724397,144.36,-38.147
23527,1964-06-03 00:00:00,0.12665281404081,-0.0101181054482388,0.263423733529859,144.36,-38.147
23528,1964-06-04 00:00:00,0.0482767196072162,-0.0887032119850313,0.1852566511994639,144.36,-38.147
23529,1964-06-05 00:00:00,-0.0261655196932052,-0.162695411595602,0.1103643722091915,144.36,-38.147
23530,1964-06-06 00:00:00,-0.0748664693850454,-0.2111544575425211,0.0614215187724301,144.36,-38.147
23531,1964-06-07 00:00:00,-0.0478039009354854,-0.1840745523997479,0.088466750528777,144.36,-38.147
23532,1964-06-08 00:00:00,-0.0373420525281304,-0.1736780249676855,0.0989939199114247,144.36,-38.147
23533,1964-06-09 00:00:00,-0.0099799195318845,-0.1462276004864057,0.1262677614226366,144.36,-38.147
23534,1964-06-10 00:00:00,-0.0036386696485061,-0.1398952489171005,0.1326179096200881,144.36,-38.147
23535,1964-06-11 00:00:00,-0.0009590494547805,-0.1372818054497699,0.1353637065402088,144.36,-38.147
23536,1964-06-12 00:00:00,-0.000311461617711,-0.1365912743460448,0.1359683511106228,144.36,-38.147
23537,1964-06-13 00:00:00,0.002113937065931,-0.1340800874150099,0.138307961546872,144.36,-38.147
23538,1964-06-14 00:00:00,0.0359076207096816,-0.100320213001738,0.1721354544211012,144.36,-38.147
23539,1964-06-15 00:00:00,0.1303901647087569,-0.0060477650993046,0.2668280945168184,144.36,-38.147
23540,1964-06-16 00:00:00,0.2523598819496994,0.1158188016400254,0.3889009622593733,144.36,-38.147
23541,1964-06-17 00:00:00,0.0400704563024099,-0.0962660370868723,0.1764069496916923,144.36,-38.147
23542,1964-06-18 00:00:00,0.0698660673453887,-0.0676675857979742,0.2073997204887516,144.36,-38.147
23543,1964-06-19 00:00:00,0.2133427429388413,0.0764814239875477,0.350204061890135,144.36,-38.147
23544,1964-06-20 00:00:00,0.2436382755169491,0.1071240727140619,0.3801524783198362,144.36,-38.147
23545,1964-06-21 00:00:00,0.2912696807250998,0.154619840150874,0.4279195212993257,144.36,-38.147
23546,1964-06-22 00:00:00,0.0792754581144755,-0.057096665456258,0.2156475816852092,144.36,-38.147
23547,1964-06-23 00:00:00,0.300028866101045,0.1635637258571083,0.4364940063449818,144.36,-38.147
23548,1964-06-24 00:00:00,0.2049633618032724,0.0683618646231677,0.341564858983377,144.36,-38.147
23549,1964-06-25 00:00:00,0.1097592998361511,-0.0265778741555544,0.2460964738278566,144.36,-38.147
23550,1964-06-26 00:00:00,0.287688468493697,0.1512419327673405,0.4241350042200534,144.36,-38.147
23551,1964-06-27 00:00:00,0.1000496804569485,-0.0363803210361524,0.2364796819500494,144.36,-38.147
23552,1964-06-28 00:00:00,0.127823832966104,-0.0085516229540904,0.2641992888862985,144.36,-38.147
23553,1964-06-29 00:00:00,0.2665081608918875,0.1288705381154677,0.4041457836683073,144.36,-38.147
23554,1964-06-30 00:00:00,0.1533076771732514,0.0161837364156164,0.2904316179308863,144.36,-38.147
23555,1964-07-01 00:00:00,0.3514280579829381,0.2140133214828748,0.4888427944830014,144.36,-38.147
23556,1964-07-02 00:00:00,0.1569521805789042,0.0197218487644189,0.2941825123933896,144.36,-38.147
23557,1964-07-03 00:00:00,0.1886420357108872,0.0519851124923587,0.3252989589294157,144.36,-38.147
23558,1964-07-04 00:00:00,0.1838806833768696,0.0471609372343428,0.3206004295193964,144.36,-38.147
23559,1964-07-05 00:00:00,0.0346366252444902,-0.1016946072283914,0.1709678577173719,144.36,-38.147
23560,1964-07-06 00:00:00,0.0589076538020161,-0.0776525202057489,0.1954678278097812,144.36,-38.147
23561,1964-07-07 00:00:00,0.1074147079257523,-0.0293255385986506,0.2441549544501552,144.36,-38.147
23562,1964-07-08 00:00:00,0.0379060697273794,-0.0983262438391841,0.174138383293943,144.36,-38.147
23563,1964-07-09 00:00:00,0.0037189847538923,-0.1325755329392572,0.1400135024470419,144.36,-38.147
23564,1964-07-10 00:00:00,0.1396859951538461,0.0031400213052899,0.2762319690024024,144.36,-38.147
23565,1964-07-11 00:00:00,0.1953794800023701,0.0586058933487419,0.3321530666559982,144.36,-38.147
23566,1964-07-12 00:00:00,0.3321301929703747,0.1952316612292172,0.4690287247115322,144.36,-38.147
23567,1964-07-13 00:00:00,0.3090118280799246,0.172041895661264,0.4459817604985853,144.36,-38.147
23568,1964-07-14 00:00:00,0.3083213337634988,0.1707640266783803,0.4458786408486174,144.36,-38.147
23569,1964-07-15 00:00:00,0.3949038423923359,0.2577925604015467,0.5320151243831253,144.36,-38.147
23570,1964-07-16 00:00:00,0.3118166572130438,0.1741995959103954,0.4494337185156922,144.36,-38.147
23571,1964-07-17 00:00:00,0.3572320501108964,0.2191272247928778,0.495336875428915,144.36,-38.147
23572,1964-07-18 00:00:00,0.076021465247694,-0.0612009378453397,0.2132438683407277,144.36,-38.147
23573,1964-07-19 00:00:00,0.1634940088141549,0.0260344709261672,0.3009535467021426,144.36,-38.147
23574,1964-07-20 00:00:00,0.3198015516042383,0.1820834392127064,0.4575196639957701,144.36,-38.147
23575,1964-07-21 00:00:00,0.0742676099663204,-0.0626712917134051,0.2112065116460459,144.36,-38.147
23576,1964-07-22 00:00:00,0.0640839894381196,-0.0727284924042065,0.2008964712804458,144.36,-38.147
23577,1964-07-23 00:00:00,0.0522765129332652,-0.0840763749728938,0.1886294008394243,144.36,-38.147
23578,1964-07-24 00:00:00,0.2807322373126812,0.1437600462588759,0.4177044283664866,144.36,-38.147
23579,1964-07-25 00:00:00,0.2551634216319261,0.1183423879120099,0.3919844553518423,144.36,-38.147
23580,1964-07-26 00:00:00,0.001327429885498,-0.1351871130012438,0.1378419727722399,144.36,-38.147
23581,1964-07-27 00:00:00,0.0807484877213562,-0.0558294822422043,0.2173264576849168,144.36,-38.147
23582,1964-07-28 00:00:00,0.1626319274635342,0.0259204265439151,0.2993434283831534,144.36,-38.147
23583,1964-07-29 00:00:00,0.0183025466807982,-0.1180297930575599,0.1546348864191564,144.36,-38.147
23584,1964-07-30 00:00:00,0.0374591438513373,-0.0988850016239748,0.1738032893266495,144.36,-38.147
23585,1964-07-31 00:00:00,0.145226219567174,0.0084777779556509,0.2819746611786971,144.36,-38.147
23586,1964-08-01 00:00:00,0.3246868245913459,0.1877315919449065,0.4616420572377852,144.36,-38.147
23587,1964-08-02 00:00:00,0.0574518936539491,-0.0795697322975112,0.1944735196054094,144.36,-38.147
23588,1964-08-03 00:00:00,0.204366067067304,0.0670393452012519,0.3416927889333561,144.36,-38.147
23589,1964-08-04 00:00:00,0.2101515961116288,0.0728808031640776,0.3474223890591799,144.36,-38.147
23590,1964-08-05 00:00:00,0.4781258825034098,0.3386315089317818,0.6176202560750379,144.36,-38.147
23591,1964-08-06 00:00:00,0.0996181190092661,-0.037432279566806,0.2366685175853383,144.36,-38.147
23592,1964-08-07 00:00:00,0.1088386090553891,-0.0274586509873777,0.245135869098156,144.36,-38.147
23593,1964-08-08 00:00:00,0.2378355481335712,0.1011365965779225,0.37453449968922,144.36,-38.147
23594,1964-08-09 00:00:00,0.526534586669544,0.388926218754028,0.66414295458506,144.36,-38.147
23595,1964-08-10 00:00:00,0.2151512513594958,0.0779704295137671,0.3523320732052246,144.36,-38.147
23596,1964-08-11 00:00:00,0.1661217260221865,0.0292635223242458,0.3029799297201273,144.36,-38.147
23597,1964-08-12 00:00:00,0.0768300071759519,-0.0596591012361372,0.2133191155880411,144.36,-38.147
23598,1964-08-13 00:00:00,0.0539372974215182,-0.0824350923785205,0.190309687221557,144.36,-38.147
23599,1964-08-14 00:00:00,0.3645489488795159,0.227643068333746,0.5014548294252859,144.36,-38.147
23600,1964-08-15 00:00:00,0.1453801154545021,0.0089828411744275,0.2817773897345766,144.36,-38.147
23601,1964-08-16 00:00:00,0.1693876006264368,0.0329933320083904,0.3057818692444831,144.36,-38.147
23602,1964-08-17 00:00:00,0.0922699671360082,-0.0439966494785538,0.2285365837505703,144.36,-38.147
23603,1964-08-18 00:00:00,0.1181161610718552,-0.0181818915615328,0.2544142137052434,144.36,-38.147
23604,1964-08-19 00:00:00,0.1024928572166033,-0.0337543545372518,0.2387400689704585,144.36,-38.147
23605,1964-08-20 00:00:00,0.0560232936914226,-0.0801901125881537,0.1922366999709989,144.36,-38.147
23606,1964-08-21 00:00:00,0.0687291945781722,-0.0676200363994112,0.2050784255557558,144.36,-38.147
23607,1964-08-22 00:00:00,0.1372774711276757,0.0008984816600657,0.2736564605952856,144.36,-38.147
23608,1964-08-23 00:00:00,0.0783400248989953,-0.0579499424241285,0.2146299922221192,144.36,-38.147
23609,1964-08-24 00:00:00,0.0803785013184876,-0.0566837396308043,0.2174407422677796,144.36,-38.147
23610,1964-08-25 00:00:00,0.0882210527623797,-0.0484327819688244,0.224874887493584,144.36,-38.147
23611,1964-08-26 00:00:00,0.065219023937068,-0.0712843701879426,0.2017224180620786,144.36,-38.147
23612,1964-08-27 00:00:00,0.1281817859433823,-0.0082582400998797,0.2646218119866445,144.36,-38.147
23613,1964-08-28 00:00:00,0.1255316020201504,-0.0106699142645358,0.2617331183048366,144.36,-38.147
23614,1964-08-29 00:00:00,0.1495182157995794,0.0132906978898581,0.2857457337093007,144.36,-38.147
23615,1964-08-30 00:00:00,0.1317710210424826,-0.0044856674480596,0.268027709533025,144.36,-38.147
23616,1964-08-31 00:00:00,0.0647448303300302,-0.071532336710522,0.2010219973705826,144.36,-38.147
23617,1964-09-01 00:00:00,-0.020869899073861,-0.1570663960039391,0.1153265978562169,144.36,-38.147
23618,1964-09-02 00:00:00,-0.0007920514935456,-0.1369828604104385,0.1353987574233472,144.36,-38.147
23619,1964-09-03 00:00:00,0.0154466224496812,-0.1209287482592067,0.1518219931585691,144.36,-38.147
23620,1964-09-04 00:00:00,0.2625329952195856,0.1251478419464307,0.3999181484927405,144.36,-38.147
23621,1964-09-05 00:00:00,0.0407359994563493,-0.0958614838901295,0.1773334828028282,144.36,-38.147
23622,1964-09-06 00:00:00,0.061960219746495,-0.0743545965415571,0.1982750360345472,144.36,-38.147
23623,1964-09-07 00:00:00,0.2962402551481951,0.1597236596291072,0.432756850667283,144.36,-38.147
23624,1964-09-08 00:00:00,0.0764404363566918,-0.0601170677819838,0.2129979404953675,144.36,-38.147
23625,1964-09-09 00:00:00,0.0325776456788996,-0.1037087000563747,0.1688639914141739,144.36,-38.147
23626,1964-09-10 00:00:00,-0.0016965020470048,-0.1380314317697139,0.1346384276757043,144.36,-38.147
23627,1964-09-11 00:00:00,0.0518157757600304,-0.0848679111837767,0.1884994627038376,144.36,-38.147
23628,1964-09-12 00:00:00,0.1507340990999588,0.0141852483056363,0.2872829498942814,144.36,-38.147
23629,1964-09-13 00:00:00,0.2464513214376706,0.1098238204370901,0.3830788224382511,144.36,-38.147
23630,1964-09-14 00:00:00,0.0590485571175433,-0.0775472462725575,0.1956443605076442,144.36,-38.147
23631,1964-09-15 00:00:00,0.0994333479588456,-0.036980702479273,0.2358473983969643,144.36,-38.147
23632,1964-09-16 00:00:00,0.4001398948747064,0.2633608043875797,0.5369189853618332,144.36,-38.147
23633,1964-09-17 00:00:00,0.1767989253477449,0.0402546619431768,0.313343188752313,144.36,-38.147
23634,1964-09-18 00:00:00,0.0101598363583213,-0.1261602754422226,0.1464799481588654,144.36,-38.147
23635,1964-09-19 00:00:00,0.0530600595758786,-0.0832070015564278,0.1893271207081852,144.36,-38.147
23636,1964-09-20 00:00:00,0.1106588039180833,-0.0256937547474746,0.2470113625836413,144.36,-38.147
23637,1964-09-21 00:00:00,0.0931743723255807,-0.0432410522940088,0.2295897969451704,144.36,-38.147
23638,1964-09-22 00:00:00,0.0481341974749518,-0.0885639944630043,0.1848323894129079,144.36,-38.147
23639,1964-09-23 00:00:00,0.4718674732693489,0.3342712567070007,0.6094636898316972,144.36,-38.147
23640,1964-09-24 00:00:00,0.0739498967467346,-0.0629391093265188,0.210838902819988,144.36,-38.147
23641,1964-09-25 00:00:00,0.1004244080809479,-0.0359141257527522,0.2367629419146481,144.36,-38.147
23642,1964-09-26 00:00:00,0.0247361797624857,-0.1116591710055172,0.1611315305304888,144.36,-38.147
23643,1964-09-27 00:00:00,-0.0017584278661868,-0.1386973303092483,0.1351804745768746,144.36,-38.147
23644,1964-09-28 00:00:00,0.2491400321835598,0.1121552970589999,0.3861247673081198,144.36,-38.147
23645,1964-09-29 00:00:00,0.3388874203714029,0.2023394155637591,0.4754354251790468,144.36,-38.147
23646,1964-09-30 00:00:00,0.1224931692055086,-0.0140847615693172,0.2590710999803346,144.36,-38.147
23647,1964-10-01 00:00:00,0.0867604278153525,-0.0497684063883415,0.2232892620190467,144.36,-38.147
23648,1964-10-02 00:00:00,0.2614867667876553,0.1248568453515177,0.398116688223793,144.36,-38.147
23649,1964-10-03 00:00:00,0.3423239245053513,0.2052544887345239,0.4793933602761787,144.36,-38.147
23650,1964-10-04 00:00:00,0.20368366713754,0.0664880435739483,0.3408792907011317,144.36,-38.147
23651,1964-10-05 00:00:00,0.1034807708183586,-0.0329460336621148,0.2399075752988321,144.36,-38.147
23652,1964-10-06 00:00:00,0.0609804646079243,-0.0755014493642408,0.1974623785800895,144.36,-38.147
23653,1964-10-07 00:00:00,0.2070496338411502,0.0703835709460343,0.343715696736266,144.36,-38.147
23654,1964-10-08 00:00:00,0.1279193354179693,-0.0085406003465022,0.264379271182441,144.36,-38.147
23655,1964-10-09 00:00:00,0.3138537786785756,0.1772694852098882,0.4504380721472631,144.36,-38.147
23656,1964-10-10 00:00:00,0.0915669163291276,-0.0448354796441659,0.2279693123024213,144.36,-38.147
23657,1964-10-11 00:00:00,0.1906845500628615,0.0539308762633495,0.3274382238623734,144.36,-38.147
23658,1964-10-12 00:00:00,0.1626570334145331,0.0262155090261438,0.2990985578029225,144.36,-38.147
23659,1964-10-13 00:00:00,0.1146282325610633,-0.0216559315182059,0.2509123966403326,144.36,-38.147
23660,1964-10-14 00:00:00,0.091647398040278,-0.0446254647486752,0.2279202608292312,144.36,-38.147
23661,1964-10-15 00:00:00,0.0205902677341338,-0.1156180742869177,0.1567986097551854,144.36,-38.147
23662,1964-10-16 00:00:00,0.0293454373397116,-0.1068397375624092,0.1655306122418326,144.36,-38.147
23663,1964-10-17 00:00:00,0.2651125377728863,0.1286454239843601,0.4015796515614125,144.36,-38.147
23664,1964-10-18 00:00:00,0.1045915670193189,-0.0318222966891506,0.2410054307277885,144.36,-38.147
23665,1964-10-19 00:00:00,0.0667078246721692,-0.0695690398931684,0.2029846892375069,144.36,-38.147
23666,1964-10-20 00:00:00,0.0490680133574486,-0.0871587081299288,0.1852947348448262,144.36,-38.147
23667,1964-10-21 00:00:00,0.1169860514292386,-0.0194133288420796,0.2533854317005569,144.36,-38.147
23668,1964-10-22 00:00:00,0.1570562112866061,0.0205708404681622,0.29354158210505,144.36,-38.147
23669,1964-10-23 00:00:00,0.1716686079344762,0.0353708261378865,0.307966389731066,144.36,-38.147
23670,1964-10-24 00:00:00,0.1245730837335406,-0.0116656023859007,0.260811769852982,144.36,-38.147
23671,1964-10-25 00:00:00,0.0524346740516842,-0.0838181152524993,0.1886874633558677,144.36,-38.147
23672,1964-10-26 00:00:00,0.0012790742949461,-0.1349107840526761,0.1374689326425685,144.36,-38.147
23673,1964-10-27 00:00:00,0.0168084633361762,-0.1194268278482208,0.1530437545205734,144.36,-38.147
23674,1964-10-28 00:00:00,0.0214313035047386,-0.1149163691003692,0.1577789761098465,144.36,-38.147
23675,1964-10-29 00:00:00,0.1302440844219239,-0.0072865101494598,0.2677746789933078,144.36,-38.147
23676,1964-10-30 00:00:00,0.2448365966429148,0.1070730108520894,0.3826001824337401,144.36,-38.147
23677,1964-10-31 00:00:00,0.11935369165657,-0.0169734923732724,0.2556808756864125,144.36,-38.147
23678,1964-11-01 00:00:00,0.0538795420756187,-0.0824731540486766,0.1902322381999142,144.36,-38.147
23679,1964-11-02 00:00:00,0.1192228347007267,-0.0171869825644452,0.2556326519658987,144.36,-38.147
23680,1964-11-03 00:00:00,0.1351714370459169,-0.0014504752282995,0.2717933493201333,144.36,-38.147
23681,1964-11-04 00:00:00,0.0722743959166464,-0.064130870835962,0.2086796626692548,144.36,-38.147
23682,1964-11-05 00:00:00,0.1110932031497138,-0.0251444872398856,0.2473308935393133,144.36,-38.147
23683,1964-11-06 00:00:00,0.1789895501402348,0.0426684473053639,0.3153106529751057,144.36,-38.147
23684,1964-11-07 00:00:00,0.2192486377857888,0.0827925907813566,0.3557046847902211,144.36,-38.147
23685,1964-11-08 00:00:00,0.0665946306879228,-0.0697284936741566,0.2029177550500024,144.36,-38.147
23686,1964-11-09 00:00:00,0.0441869787007649,-0.0920528679590197,0.1804268253605496,144.36,-38.147
23687,1964-11-10 00:00:00,0.1530994065867853,0.0166968560933061,0.2895019570802645,144.36,-38.147
23688,1964-11-11 00:00:00,0.069811726270259,-0.0664572091608669,0.2060806617013851,144.36,-38.147
23689,1964-11-12 00:00:00,0.0174875716994009,-0.1187689536297171,0.153744097028519,144.36,-38.147
23690,1964-11-13 00:00:00,0.0562114796626263,-0.0800942838867068,0.1925172432119596,144.36,-38.147
23691,1964-11-14 00:00:00,0.0273394837188701,-0.1089292545917908,0.163608222029531,144.36,-38.147
23692,1964-11-15 00:00:00,0.0533978789542332,-0.0828335237636803,0.1896292816721468,144.36,-38.147
23693,1964-11-16 00:00:00,0.0301524663660848,-0.1062500881825486,0.1665550209147183,144.36,-38.147
23694,1964-11-17 00:00:00,0.1517372993642364,0.0151904334479617,0.2882841652805111,144.36,-38.147
23695,1964-11-18 00:00:00,0.087152224952719,-0.0492870533139577,0.2235915032193958,144.36,-38.147
23696,1964-11-19 00:00:00,0.1729101508881625,0.0365584368058135,0.3092618649705116,144.36,-38.147
23697,1964-11-20 00:00:00,0.1829234388666892,0.0465845386090083,0.3192623391243702,144.36,-38.147
23698,1964-11-21 00:00:00,0.0651721091468549,-0.0712648543776474,0.2016090726713573,144.36,-38.147
23699,1964-11-22 00:00:00,0.227350105428284,0.0904130767213855,0.3642871341351824,144.36,-38.147
23700,1964-11-23 00:00:00,0.2075260162092819,0.0705000116130191,0.3445520208055448,144.36,-38.147
23701,1964-11-24 00:00:00,0.070268462997537,-0.0661721649562069,0.2067090909512811,144.36,-38.147
23702,1964-11-25 00:00:00,0.1931822423866498,0.0558035709065962,0.3305609138667034,144.36,-38.147
23703,1964-11-26 00:00:00,0.215238482353079,0.0780667103077128,0.3524102543984453,144.36,-38.147
23704,1964-11-27 00:00:00,0.3013004683696313,0.1645018423751195,0.438099094364143,144.36,-38.147
23705,1964-11-28 00:00:00,0.1565925796485142,0.0198940459962568,0.2932911133007715,144.36,-38.147
23706,1964-11-29 00:00:00,0.0210246829338473,-0.1153797733914203,0.157429139259115,144.36,-38.147
23707,1964-11-30 00:00:00,0.0058988966712429,-0.1305817970073998,0.1423795903498857,144.36,-38.147
23708,1964-12-01 00:00:00,0.3068988520967444,0.1700735342144583,0.4437241699790304,144.36,-38.147
23709,1964-12-02 00:00:00,0.2419600315095106,0.1055658408014706,0.3783542222175505,144.36,-38.147
23710,1964-12-03 00:00:00,0.2785943518892939,0.1420197522874992,0.4151689514910885,144.36,-38.147
23711,1964-12-04 00:00:00,0.1197491210601508,-0.0168420343399314,0.2563402764602332,144.36,-38.147
23712,1964-12-05 00:00:00,0.2039611705189625,0.0675048699864308,0.3404174710514941,144.36,-38.147
23713,1964-12-06 00:00:00,0.1740378447484742,0.037272059481664,0.3108036300152844,144.36,-38.147
23714,1964-12-07 00:00:00,0.0150179440431481,-0.1213496015448557,0.1513854896311521,144.36,-38.147
23715,1964-12-08 00:00:00,0.05229509291152,-0.0839115725236571,0.1885017583466973,144.36,-38.147
23716,1964-12-09 00:00:00,0.1570497536019232,0.0201790277548565,0.2939204794489899,144.36,-38.147
23717,1964-12-10 00:00:00,0.1772138916772321,0.040118584818364,0.3143091985361003,144.36,-38.147
23718,1964-12-11 00:00:00,0.0390935804750611,-0.0979494029856413,0.1761365639357635,144.36,-38.147
23719,1964-12-12 00:00:00,0.0321839523959223,-0.1043506028186339,0.1687185076104786,144.36,-38.147
23720,1964-12-13 00:00:00,0.0633882372523768,-0.0730187428108885,0.1997952173156421,144.36,-38.147
23721,1964-12-14 00:00:00,0.1036406429360966,-0.032773314196669,0.2400546000688622,144.36,-38.147
23722,1964-12-15 00:00:00,0.124667052417276,-0.0116925804671152,0.2610266853016673,144.36,-38.147
23723,1964-12-16 00:00:00,0.2013765839011308,0.0650825199346221,0.3376706478676394,144.36,-38.147
23724,1964-12-17 00:00:00,0.2048077650136143,0.0684996078530823,0.3411159221741463,144.36,-38.147
23725,1964-12-18 00:00:00,0.1676642995521877,0.031241905526218,0.3040866935781574,144.36,-38.147
23726,1964-12-19 00:00:00,0.0617737954594158,-0.0745439548006222,0.1980915457194539,144.36,-38.147
23727,1964-12-20 00:00:00,-0.0006653223327058,-0.1369671532221677,0.135636508556756,144.36,-38.147
23728,1964-12-21 00:00:00,0.1115394184795802,-0.0248868632643024,0.2479657002234628,144.36,-38.147
23729,1964-12-22 00:00:00,0.0951047829102119,-0.0414271203231987,0.2316366861436225,144.36,-38.147
23730,1964-12-23 00:00:00,0.1231718042299573,-0.0134801480459796,0.2598237565058942,144.36,-38.147
23731,1964-12-24 00:00:00,0.1655989421204909,0.0290040280813044,0.3021938561596773,144.36,-38.147
23732,1964-12-25 00:00:00,0.1049179660122477,-0.0313241135259275,0.2411600455504231,144.36,-38.147
23733,1964-12-26 00:00:00,0.1395770710954477,0.0033119429304777,0.2758421992604177,144.36,-38.147
23734,1964-12-27 00:00:00,0.1395860218644953,0.0032616803532572,0.2759103633757335,144.36,-38.147
23735,1964-12-28 00:00:00,0.2373411482699202,0.1007977074508576,0.3738845890889827,144.36,-38.147
23736,1964-12-29 00:00:00,0.3062304761226694,0.1695149733911905,0.4429459788541484,144.36,-38.147
23737,1964-12-30 00:00:00,0.2111755250058584,0.074611072051424,0.3477399779602928,144.36,-38.147
23738,1964-12-31 00:00:00,0.0551245892978315,-0.0813066825303256,0.1915558611259888,144.36,-38.147
23739,1965-01-01 00:00:00,0.0471707086485233,-0.0890883844799753,0.1834298017770221,144.36,-38.147
23740,1965-01-02 00:00:00,0.1584645546330513,0.0221180701333501,0.2948110391327526,144.36,-38.147
23741,1965-01-03 00:00:00,0.0735843754536366,-0.0626992467518762,0.2098679976591496,144.36,-38.147
23742,1965-01-04 00:00:00,0.0499472759419102,-0.0863107004292598,0.1862052523130804,144.36,-38.147
23743,1965-01-05 00:00:00,0.0574548178899666,-0.0787862993577314,0.1936959351376648,144.36,-38.147
23744,1965-01-06 00:00:00,0.0458919003019185,-0.090391026649777,0.1821748272536141,144.36,-38.147
23745,1965-01-07 00:00:00,0.0039404736717868,-0.132433310004948,0.1403142573485218,144.36,-38.147
23746,1965-01-08 00:00:00,-0.0179538771760231,-0.1542821520486723,0.118374397696626,144.36,-38.147
23747,1965-01-09 00:00:00,0.0068546863262733,-0.1293583335482731,0.1430677062008199,144.36,-38.147
23748,1965-01-10 00:00:00,0.0684743888150566,-0.0678579074969303,0.2048066851270437,144.36,-38.147
23749,1965-01-11 00:00:00,0.2065471590227287,0.0693243095986926,0.3437700084467648,144.36,-38.147
23750,1965-01-12 00:00:00,0.1217813626587684,-0.0152193547155168,0.2587820800330537,144.36,-38.147
23751,1965-01-13 00:00:00,0.025675652003416,-0.1108006618812459,0.1621519658880779,144.36,-38.147
23752,1965-01-14 00:00:00,0.0133850223838827,-0.1230158725746879,0.1497859173424534,144.36,-38.147
23753,1965-01-15 00:00:00,0.0170772184578114,-0.119132446840836,0.1532868837564588,144.36,-38.147
23754,1965-01-16 00:00:00,0.054250065239841,-0.0820316183029937,0.1905317487826758,144.36,-38.147
23755,1965-01-17 00:00:00,0.1262239826013468,-0.0104157931862264,0.2628637583889202,144.36,-38.147
23756,1965-01-18 00:00:00,0.2137017554089306,0.0770773339018602,0.350326176916001,144.36,-38.147
23757,1965-01-19 00:00:00,0.2397849449093423,0.1033759704981925,0.376193919320492,144.36,-38.147
23758,1965-01-20 00:00:00,0.1392197339505967,0.0028966454325956,0.2755428224685979,144.36,-38.147
23759,1965-01-21 00:00:00,0.0648290074546572,-0.0714072691421846,0.2010652840514991,144.36,-38.147
23760,1965-01-22 00:00:00,0.0546628790740513,-0.0816030887284285,0.1909288468765312,144.36,-38.147
23761,1965-01-23 00:00:00,0.003698131526489,-0.1325248965692618,0.1399211596222398,144.36,-38.147
23762,1965-01-24 00:00:00,0.0738130743898606,-0.0625005417182829,0.2101266904980043,144.36,-38.147
23763,1965-01-25 00:00:00,0.0623053293890883,-0.0741343862851844,0.1987450450633611,144.36,-38.147
23764,1965-01-26 00:00:00,-0.0049139909240506,-0.141306969848694,0.1314789880005927,144.36,-38.147
23765,1965-01-27 00:00:00,0.0042946819918966,-0.1320232658244953,0.1406126298082886,144.36,-38.147
23766,1965-01-28 00:00:00,0.0069607871944695,-0.1293713764009101,0.1432929507898492,144.36,-38.147
23767,1965-01-29 00:00:00,0.0560148383182956,-0.080401925622025,0.1924316022586163,144.36,-38.147
23768,1965-01-30 00:00:00,0.1894225743194548,0.052806396825402,0.3260387518135077,144.36,-38.147
23769,1965-01-31 00:00:00,0.0836851569394115,-0.0526463210503265,0.2200166349291495,144.36,-38.147
23770,1965-02-01 00:00:00,0.0222124784668212,-0.114044316597553,0.1584692735311955,144.36,-38.147
23771,1965-02-02 00:00:00,-0.0170624903306715,-0.1533322410534148,0.1192072603920717,144.36,-38.147
23772,1965-02-03 00:00:00,0.1068199819070822,-0.0296222540338935,0.2432622178480579,144.36,-38.147
23773,1965-02-04 00:00:00,0.1321482856686618,-0.0051613715678369,0.2694579429051606,144.36,-38.147
23774,1965-02-05 00:00:00,-0.0551202189993352,-0.1919302307215419,0.0816897927228714,144.36,-38.147
23775,1965-02-06 00:00:00,-0.0520288051398805,-0.1883020168822994,0.0842444066025384,144.36,-38.147
23776,1965-02-07 00:00:00,0.0197558046122302,-0.1165158693256639,0.1560274785501244,144.36,-38.147
23777,1965-02-08 00:00:00,0.0518362572144734,-0.0844490926251662,0.1881216070541132,144.36,-38.147
23778,1965-02-09 00:00:00,0.0833458638595927,-0.0529279343740523,0.2196196620932377,144.36,-38.147
23779,1965-02-10 00:00:00,0.1410709837004825,0.0047781529923034,0.2773638144086617,144.36,-38.147
23780,1965-02-11 00:00:00,0.0894054000309041,-0.0469833621743039,0.2257941622361121,144.36,-38.147
23781,1965-02-12 00:00:00,0.0509809903025745,-0.0853177161487384,0.1872796967538875,144.36,-38.147
23782,1965-02-13 00:00:00,0.0461217759869938,-0.0900755784329912,0.1823191304069789,144.36,-38.147
23783,1965-02-14 00:00:00,-3.678556962649626e-06,-0.1361770654712398,0.1361697083573145,144.36,-38.147
23784,1965-02-15 00:00:00,0.0158436523337489,-0.1203735645566827,0.1520608692241807,144.36,-38.147
23785,1965-02-16 00:00:00,0.081948267866402,-0.0544310626316228,0.2183275983644269,144.36,-38.147
23786,1965-02-17 00:00:00,0.0522597950111062,-0.0842558244000608,0.1887754144222732,144.36,-38.147
23787,1965-02-18 00:00:00,0.012577493375483,-0.1236983624080493,0.1488533491590154,144.36,-38.147
23788,1965-02-19 00:00:00,0.0700208446055095,-0.06626745597054,0.2063091451815592,144.36,-38.147
23789,1965-02-20 00:00:00,0.0599600218494216,-0.0762575275473475,0.1961775712461908,144.36,-38.147
23790,1965-02-21 00:00:00,0.0215753675105742,-0.1147101314015843,0.1578608664227328,144.36,-38.147
23791,1965-02-22 00:00:00,0.1033478037530675,-0.0331472490914698,0.2398428565976049,144.36,-38.147
23792,1965-02-23 00:00:00,0.1516603859055039,0.0152925492291601,0.2880282225818477,144.36,-38.147
23793,1965-02-24 00:00:00,0.1398762289851149,0.0034725856936068,0.276279872276623,144.36,-38.147
23794,1965-02-25 00:00:00,0.1024484767588009,-0.0338853496905111,0.2387823032081129,144.36,-38.147
23795,1965-02-26 00:00:00,0.0604340406035968,-0.0757510852020008,0.1966191664091946,144.36,-38.147
23796,1965-02-27 00:00:00,0.1015430922888202,-0.0347179717292604,0.2378041563069009,144.36,-38.147
23797,1965-02-28 00:00:00,0.0342117748521641,-0.1020665279932712,0.1704900776975995,144.36,-38.147
23798,1965-03-01 00:00:00,-0.0030754625943276,-0.1392999177720782,0.1331489925834229,144.36,-38.147
23799,1965-03-02 00:00:00,-0.0125413850029517,-0.1487643004742631,0.1236815304683597,144.36,-38.147
23800,1965-03-03 00:00:00,0.0920244827638676,-0.0442783976310127,0.228327363158748,144.36,-38.147
23801,1965-03-04 00:00:00,0.1178894465871704,-0.0186465192163491,0.25442541239069,144.36,-38.147
23802,1965-03-05 00:00:00,-0.004655589527434,-0.141037174925441,0.131725995870573,144.36,-38.147
23803,1965-03-06 00:00:00,0.2797989781411117,0.1429751569135151,0.4166227993687084,144.36,-38.147
23804,1965-03-07 00:00:00,0.2589409186742963,0.1218683508509674,0.3960134864976251,144.36,-38.147
23805,1965-03-08 00:00:00,0.1368716926597278,0.0005146456156491,0.2732287397038065,144.36,-38.147
23806,1965-03-09 00:00:00,0.2749097866167657,0.1385200678032525,0.4112995054302788,144.36,-38.147
23807,1965-03-10 00:00:00,0.0726711936239333,-0.0636574656124251,0.2089998528602919,144.36,-38.147
23808,1965-03-11 00:00:00,0.0868837973305437,-0.049607628381304,0.2233752230423915,144.36,-38.147
23809,1965-03-12 00:00:00,0.3202698794959255,0.1836707762000571,0.4568689827917938,144.36,-38.147
23810,1965-03-13 00:00:00,0.3332191677314056,0.1958206262452406,0.4706177092175705,144.36,-38.147
23811,1965-03-14 00:00:00,0.1837469473632529,0.0458869391305159,0.32160695559599,144.36,-38.147
23812,1965-03-15 00:00:00,0.0559466508311152,-0.0805039486819223,0.1923972503441528,144.36,-38.147
23813,1965-03-16 00:00:00,0.0130552327565193,-0.1231607029591915,0.1492711684722301,144.36,-38.147
23814,1965-03-17 00:00:00,0.0192931220582407,-0.116925028350433,0.1555112724669146,144.36,-38.147
23815,1965-03-18 00:00:00,0.0944922214076652,-0.0418923758522801,0.2308768186676107,144.36,-38.147
23816,1965-03-19 00:00:00,0.0378399050272343,-0.0986620996577912,0.1743419097122598,144.36,-38.147
23817,1965-03-20 00:00:00,0.0486191255460585,-0.0876541845885276,0.1848924356806447,144.36,-38.147
23818,1965-03-21 00:00:00,0.0722390459915076,-0.0640786481070635,0.2085567400900787,144.36,-38.147
23819,1965-03-22 00:00:00,0.023914499820673,-0.1124259559492815,0.1602549555906275,144.36,-38.147
23820,1965-03-23 00:00:00,0.0672736675890817,-0.0689305214194089,0.2034778565975724,144.36,-38.147
23821,1965-03-24 00:00:00,0.0582833730800204,-0.0781559900012072,0.1947227361612481,144.36,-38.147
23822,1965-03-25 00:00:00,-0.0050099081738624,-0.1413967858228829,0.1313769694751579,144.36,-38.147
23823,1965-03-26 00:00:00,0.0508750428181569,-0.0853222510234528,0.1870723366597666,144.36,-38.147
23824,1965-03-27 00:00:00,0.0522575479550601,-0.0839709197469728,0.1884860156570932,144.36,-38.147
23825,1965-03-28 00:00:00,0.1685166585984755,0.0321674266674489,0.3048658905295021,144.36,-38.147
23826,1965-03-29 00:00:00,0.0944460702563977,-0.041939132343308,0.2308312728561036,144.36,-38.147
23827,1965-03-30 00:00:00,0.1087590854669984,-0.0276043089135819,0.2451224798475789,144.36,-38.147
23828,1965-03-31 00:00:00,0.0753487176526362,-0.0610355498721617,0.2117329851774342,144.36,-38.147
23829,1965-04-01 00:00:00,0.0821016226357727,-0.0541804865679415,0.218383731839487,144.36,-38.147
23830,1965-04-02 00:00:00,0.0821800094445561,-0.054092985990796,0.2184530048799083,144.36,-38.147
23831,1965-04-03 00:00:00,0.0038278694097312,-0.1325052177725225,0.140160956591985,144.36,-38.147
23832,1965-04-04 00:00:00,0.1321818580953878,-0.0041907744751439,0.2685544906659195,144.36,-38.147
23833,1965-04-05 00:00:00,0.0728544090682045,-0.0635494497909311,0.2092582679273402,144.36,-38.147
23834,1965-04-06 00:00:00,0.0104105298441719,-0.1258429255203436,0.1466639852086874,144.36,-38.147
23835,1965-04-07 00:00:00,-0.0826635750063627,-0.2190393539676517,0.0537122039549263,144.36,-38.147
23836,1965-04-08 00:00:00,-0.077773167620776,-0.2141984758330258,0.0586521405914737,144.36,-38.147
23837,1965-04-09 00:00:00,-0.0078275303881353,-0.1441771401198231,0.1285220793435524,144.36,-38.147
23838,1965-04-10 00:00:00,-0.0128466202285965,-0.1491401943985756,0.1234469539413825,144.36,-38.147
23839,1965-04-11 00:00:00,-0.0673945719759381,-0.2037074766446379,0.0689183326927616,144.36,-38.147
23840,1965-04-12 00:00:00,-0.0422428177159974,-0.1786688037394371,0.0941831683074422,144.36,-38.147
23841,1965-04-13 00:00:00,-0.0038738392251344,-0.1402565991795898,0.1325089207293208,144.36,-38.147
23842,1965-04-14 00:00:00,0.0076975102357267,-0.1285861925014476,0.1439812129729011,144.36,-38.147
23843,1965-04-15 00:00:00,0.0979960676139909,-0.0383214693747928,0.2343136046027746,144.36,-38.147
23844,1965-04-16 00:00:00,0.34100067073765,0.2044910634708397,0.4775102780044604,144.36,-38.147
23845,1965-04-17 00:00:00,0.2263378694588435,0.0895096046970737,0.3631661342206133,144.36,-38.147
23846,1965-04-18 00:00:00,0.3044641223866878,0.1676529605458586,0.441275284227517,144.36,-38.147
23847,1965-04-19 00:00:00,0.1381715076226913,0.0005789075216682,0.2757641077237143,144.36,-38.147
23848,1965-04-20 00:00:00,-0.0063279465798796,-0.144474804593825,0.1318189114340658,144.36,-38.147
23849,1965-04-21 00:00:00,0.0804869086671673,-0.056463223157155,0.2174370404914897,144.36,-38.147
23850,1965-04-22 00:00:00,0.1528825309102903,0.0158184116729529,0.2899466501476277,144.36,-38.147
23851,1965-04-23 00:00:00,0.0698333206093966,-0.0670090964874201,0.2066757377062134,144.36,-38.147
23852,1965-04-24 00:00:00,-0.0587711778558751,-0.1953686701905697,0.0778263144788194,144.36,-38.147
23853,1965-04-25 00:00:00,-0.0319944125606653,-0.1682331913245006,0.10424436620317,144.36,-38.147
23854,1965-04-26 00:00:00,-0.0132657356449629,-0.1496189935966874,0.1230875223067615,144.36,-38.147
23855,1965-04-27 00:00:00,0.0413363265447543,-0.0950226035433907,0.1776952566328993,144.36,-38.147
23856,1965-04-28 00:00:00,0.0538693309010519,-0.082484274761977,0.1902229365640808,144.36,-38.147
23857,1965-04-29 00:00:00,0.0083624073386382,-0.1280219149584555,0.1447467296357321,144.36,-38.147
23858,1965-04-30 00:00:00,0.0367953836174779,-0.0994408147668925,0.1730315820018484,144.36,-38.147
23859,1965-05-01 00:00:00,0.0059911794487142,-0.1302568369510238,0.1422391958484523,144.36,-38.147
23860,1965-05-02 00:00:00,0.0137881301207964,-0.1224263665489816,0.1500026267905744,144.36,-38.147
23861,1965-05-03 00:00:00,0.0697822388043441,-0.0665288744015332,0.2060933520102215,144.36,-38.147
23862,1965-05-04 00:00:00,0.0535969697616757,-0.0827819742153979,0.1899759137387495,144.36,-38.147
23863,1965-05-05 00:00:00,0.0297154460307538,-0.1065275506183728,0.1659584426798805,144.36,-38.147
23864,1965-05-06 00:00:00,-0.0266243844960678,-0.1628518498425356,0.1096030808503999,144.36,-38.147
23865,1965-05-07 00:00:00,-0.0385311424217095,-0.1749977338707248,0.0979354490273057,144.36,-38.147
23866,1965-05-08 00:00:00,0.0041147612375735,-0.132413618976161,0.1406431414513081,144.36,-38.147
23867,1965-05-09 00:00:00,0.0389017775490867,-0.0973671693434155,0.175170724441589,144.36,-38.147
23868,1965-05-10 00:00:00,-0.010107614901683,-0.1463867180334155,0.1261714882300494,144.36,-38.147
23869,1965-05-11 00:00:00,0.1159985785193698,-0.0205686289814266,0.2525657860201663,144.36,-38.147
23870,1965-05-12 00:00:00,0.185282399227364,0.0482821608029334,0.3222826376517945,144.36,-38.147
23871,1965-05-13 00:00:00,0.1037803517759322,-0.0327218840753489,0.2402825876272134,144.36,-38.147
23872,1965-05-14 00:00:00,0.1462119818856116,0.0097012706480869,0.2827226931231362,144.36,-38.147
23873,1965-05-15 00:00:00,0.044937172540068,-0.0912651838842668,0.1811395289644028,144.36,-38.147
23874,1965-05-16 00:00:00,0.0976776953689792,-0.0386149719563065,0.2339703626942651,144.36,-38.147
23875,1965-05-17 00:00:00,0.1654711126919539,0.0290365922526456,0.3019056331312622,144.36,-38.147
23876,1965-05-18 00:00:00,0.1582573499502363,0.0219036749103378,0.2946110249901349,144.36,-38.147
23877,1965-05-19 00:00:00,0.1706059932234623,0.0343014737371323,0.3069105127097923,144.36,-38.147
23878,1965-05-20 00:00:00,0.1699681624218645,0.0331801543525957,0.3067561704911333,144.36,-38.147
23879,1965-05-21 00:00:00,0.1555274827965639,0.0186443529521511,0.2924106126409768,144.36,-38.147
23880,1965-05-22 00:00:00,0.1434353522089941,0.0068490125916554,0.2800216918263328,144.36,-38.147
23881,1965-05-23 00:00:00,0.231242380454449,0.0943406046870957,0.3681441562218024,144.36,-38.147
23882,1965-05-24 00:00:00,0.0469025256974211,-0.0895573160949561,0.1833623674897984,144.36,-38.147
23883,1965-05-25 00:00:00,0.1512753183202561,0.0148688450891425,0.2876817915513697,144.36,-38.147
23884,1965-05-26 00:00:00,0.23129474685796,0.094748336128248,0.367841157587672,144.36,-38.147
23885,1965-05-27 00:00:00,0.0670927959392843,-0.0692390275687282,0.203424619447297,144.36,-38.147
23886,1965-05-28 00:00:00,0.1930751439231703,0.0566503720201006,0.32949991582624,144.36,-38.147
23887,1965-05-29 00:00:00,0.1294200968946078,-0.0069122023474742,0.2657523961366899,144.36,-38.147
23888,1965-05-30 00:00:00,0.1009807457143971,-0.0354704981648646,0.237431989593659,144.36,-38.147
23889,1965-05-31 00:00:00,0.3648712866101515,0.2281383993611384,0.5016041738591648,144.36,-38.147
23890,1965-06-01 00:00:00,0.189738355842692,0.0530962897778732,0.3263804219075107,144.36,-38.147
23891,1965-06-02 00:00:00,0.1145256815903563,-0.0222755109780088,0.2513268741587216,144.36,-38.147
23892,1965-06-03 00:00:00,0.2785070412072544,0.1410663399542719,0.4159477424602369,144.36,-38.147
23893,1965-06-04 00:00:00,0.1234909803706343,-0.013261960238863,0.2602439209801316,144.36,-38.147
23894,1965-06-05 00:00:00,0.1315912910887904,-0.0050142819007182,0.2681968640782992,144.36,-38.147
23895,1965-06-06 00:00:00,0.0359825317818924,-0.1005469039312839,0.1725119674950688,144.36,-38.147
23896,1965-06-07 00:00:00,0.056664456748708,-0.0798128465889117,0.1931417600863277,144.36,-38.147
23897,1965-06-08 00:00:00,0.1011145781738997,-0.0359922004351188,0.2382213567829183,144.36,-38.147
23898,1965-06-09 00:00:00,0.1609375702072735,0.0244348847175099,0.297440255697037,144.36,-38.147
23899,1965-06-10 00:00:00,0.0539426589451139,-0.082430283359622,0.1903156012498499,144.36,-38.147
23900,1965-06-11 00:00:00,0.0559565167623813,-0.0803162440961147,0.1922292776208773,144.36,-38.147
23901,1965-06-12 00:00:00,-0.0260622755554858,-0.1623677274664887,0.110243176355517,144.36,-38.147
23902,1965-06-13 00:00:00,-0.0315337933540553,-0.1677654358580766,0.1046978491499659,144.36,-38.147
23903,1965-06-14 00:00:00,-0.0421320901754688,-0.1783767494210474,0.0941125690701098,144.36,-38.147
23904,1965-06-15 00:00:00,-0.0111172559882495,-0.1473839431582927,0.1251494311817935,144.36,-38.147
23905,1965-06-16 00:00:00,0.0208002215460792,-0.1154362019464087,0.1570366450385672,144.36,-38.147
23906,1965-06-17 00:00:00,0.0474602330421968,-0.0887979959229638,0.1837184620073574,144.36,-38.147
23907,1965-06-18 00:00:00,0.1204668876352287,-0.0158159506067567,0.2567497258772142,144.36,-38.147
23908,1965-06-19 00:00:00,0.1078209201047245,-0.0284729923280132,0.2441148325374622,144.36,-38.147
23909,1965-06-20 00:00:00,0.0951948748731094,-0.041119895245436,0.231509644991655,144.36,-38.147
23910,1965-06-21 00:00:00,0.1092966618510245,-0.0270059306018868,0.2455992543039358,144.36,-38.147
23911,1965-06-22 00:00:00,0.1309845051938799,-0.0055203787596934,0.2674893891474533,144.36,-38.147
23912,1965-06-23 00:00:00,0.1011893538827355,-0.0359409423950344,0.2383196501605056,144.36,-38.147
23913,1965-06-24 00:00:00,-0.0330658491617407,-0.1694008681320103,0.1032691698085289,144.36,-38.147
23914,1965-06-25 00:00:00,-0.0239578335821572,-0.1601738736801031,0.1122582065157886,144.36,-38.147
23915,1965-06-26 00:00:00,-0.0045968307288091,-0.140926675976461,0.1317330145188427,144.36,-38.147
23916,1965-06-27 00:00:00,-0.0221985048776596,-0.1584729491702859,0.1140759394149667,144.36,-38.147
23917,1965-06-28 00:00:00,-0.0471322991141231,-0.1833807691228972,0.0891161708946509,144.36,-38.147
23918,1965-06-29 00:00:00,-0.041737095458389,-0.1780096987791936,0.0945355078624155,144.36,-38.147
23919,1965-06-30 00:00:00,-0.0434719562665062,-0.1799594209415715,0.0930155084085591,144.36,-38.147
23920,1965-07-01 00:00:00,0.0898262875153442,-0.0471061859102762,0.2267587609409647,144.36,-38.147
23921,1965-07-02 00:00:00,0.0395710791627174,-0.0967644189573417,0.1759065772827766,144.36,-38.147
23922,1965-07-03 00:00:00,0.1227960833957751,-0.013591995763725,0.2591841625552754,144.36,-38.147
23923,1965-07-04 00:00:00,0.1744974867538669,0.0382722395007499,0.3107227340069839,144.36,-38.147
23924,1965-07-05 00:00:00,0.0603529683901677,-0.0758456435628811,0.1965515803432167,144.36,-38.147
23925,1965-07-06 00:00:00,0.0585722555524538,-0.0776525735527253,0.1947970846576331,144.36,-38.147
23926,1965-07-07 00:00:00,0.0757523488836861,-0.0605258892790956,0.2120305870464679,144.36,-38.147
23927,1965-07-08 00:00:00,-0.0215620566991227,-0.1579600499062669,0.1148359365080215,144.36,-38.147
23928,1965-07-09 00:00:00,-0.0647327532947703,-0.2011263032940574,0.0716607967045166,144.36,-38.147
23929,1965-07-10 00:00:00,-0.0649233509371255,-0.2012037695704115,0.0713570676961605,144.36,-38.147
23930,1965-07-11 00:00:00,0.0414152719829219,-0.0951820531656742,0.1780125971315181,144.36,-38.147
23931,1965-07-12 00:00:00,0.0442825848193657,-0.0920554497291681,0.1806206193678995,144.36,-38.147
23932,1965-07-13 00:00:00,0.0635428834103095,-0.0727820913307119,0.199867858151331,144.36,-38.147
23933,1965-07-14 00:00:00,0.0874109674996729,-0.0489597938807102,0.2237817288800561,144.36,-38.147
23934,1965-07-15 00:00:00,0.1145112623811652,-0.0218427047160288,0.2508652294783593,144.36,-38.147
23935,1965-07-16 00:00:00,0.1139230159486281,-0.0225159089407974,0.2503619408380537,144.36,-38.147
23936,1965-07-17 00:00:00,0.0741735880054791,-0.0634028316687419,0.2117500076797001,144.36,-38.147
23937,1965-07-18 00:00:00,-0.0400371897653736,-0.1769053904228612,0.096831010892114,144.36,-38.147
23938,1965-07-19 00:00:00,-0.0615296855276065,-0.197876447900429,0.0748170768452159,144.36,-38.147
23939,1965-07-20 00:00:00,-0.007274447393194,-0.1440145856061203,0.1294656908197322,144.36,-38.147
23940,1965-07-21 00:00:00,0.0742776772556332,-0.062467006680738,0.2110223611920046,144.36,-38.147
23941,1965-07-22 00:00:00,0.0524417034377413,-0.083807541311298,0.1886909481867808,144.36,-38.147
23942,1965-07-23 00:00:00,0.2797602132298979,0.1431489749836643,0.4163714514761316,144.36,-38.147
23943,1965-07-24 00:00:00,0.0518648781768108,-0.0847314407514362,0.188461197105058,144.36,-38.147
23944,1965-07-25 00:00:00,0.0084325571593505,-0.1279744299203853,0.1448395442390864,144.36,-38.147
23945,1965-07-26 00:00:00,0.086273331442744,-0.0499922805458836,0.2225389434313717,144.36,-38.147
23946,1965-07-27 00:00:00,0.1891947510914179,0.0522200407989162,0.3261694613839197,144.36,-38.147
23947,1965-07-28 00:00:00,0.2195554961757273,0.0830046918801527,0.3561063004713019,144.36,-38.147
23948,1965-07-29 00:00:00,0.0516508989163382,-0.0847487916521253,0.1880505894848018,144.36,-38.147
23949,1965-07-30 00:00:00,-0.0223548007009837,-0.1586305367199595,0.113920935317992,144.36,-38.147
23950,1965-07-31 00:00:00,-0.0383476492058819,-0.1745429087842102,0.0978476103724462,144.36,-38.147
23951,1965-08-01 00:00:00,-0.018889529034103,-0.155127996687429,0.1173489386192228,144.36,-38.147
23952,1965-08-02 00:00:00,0.1161908908862056,-0.0201850884804367,0.2525668702528481,144.36,-38.147
23953,1965-08-03 00:00:00,0.071796767164849,-0.0646883669341544,0.2082819012638525,144.36,-38.147
23954,1965-08-04 00:00:00,0.1531234356301803,0.0166621199392603,0.2895847513211004,144.36,-38.147
23955,1965-08-05 00:00:00,0.1025858894075493,-0.0337731570155248,0.2389449358306234,144.36,-38.147
23956,1965-08-06 00:00:00,0.0114759652661575,-0.1249298980211248,0.1478818285534399,144.36,-38.147
23957,1965-08-07 00:00:00,-0.0581135482539852,-0.1946877730431484,0.0784606765351779,144.36,-38.147
23958,1965-08-08 00:00:00,0.0179417316034008,-0.1187922967362623,0.154675759943064,144.36,-38.147
23959,1965-08-09 00:00:00,-0.0383922063103002,-0.1749465214170262,0.0981621087964257,144.36,-38.147
23960,1965-08-10 00:00:00,-0.0206196442741879,-0.1569824291478826,0.1157431405995067,144.36,-38.147
23961,1965-08-11 00:00:00,-0.0039775280478121,-0.1402741900248823,0.1323191339292579,144.36,-38.147
23962,1965-08-12 00:00:00,0.0730003104488002,-0.0633618540015367,0.2093624748991372,144.36,-38.147
23963,1965-08-13 00:00:00,0.1248267740829019,-0.0115427320498973,0.2611962802157012,144.36,-38.147
23964,1965-08-14 00:00:00,0.1149667548574589,-0.0212989128964038,0.2512324226113218,144.36,-38.147
23965,1965-08-15 00:00:00,0.0444561802040584,-0.0918323138193521,0.1807446742274691,144.36,-38.147
23966,1965-08-16 00:00:00,0.0403961781603715,-0.09618173895924,0.1769740952799831,144.36,-38.147
23967,1965-08-17 00:00:00,0.1374447437235793,0.0007174508577388,0.2741720365894198,144.36,-38.147
23968,1965-08-18 00:00:00,0.1262422719615127,-0.010283017573994,0.2627675614970194,144.36,-38.147
23969,1965-08-19 00:00:00,0.1524133924306549,0.0160889075141196,0.2887378773471902,144.36,-38.147
23970,1965-08-20 00:00:00,0.1348057330678732,-0.0014735769137419,0.2710850430494883,144.36,-38.147
23971,1965-08-21 00:00:00,0.081421235821514,-0.0548388462946196,0.2176813179376476,144.36,-38.147
23972,1965-08-22 00:00:00,0.0311180460184649,-0.1051341603109686,0.1673702523478986,144.36,-38.147
23973,1965-08-23 00:00:00,0.2141353230234571,0.0777537774430354,0.3505168686038788,144.36,-38.147
23974,1965-08-24 00:00:00,0.0778771500380741,-0.0584501282053108,0.214204428281459,144.36,-38.147
23975,1965-08-25 00:00:00,0.1240925892507581,-0.01299039091652,0.2611755694180362,144.36,-38.147
23976,1965-08-26 00:00:00,0.2271651417885431,0.0888430678620183,0.3654872157150679,144.36,-38.147
23977,1965-08-27 00:00:00,0.0219802315546595,-0.1144553422309763,0.1584158053402954,144.36,-38.147
23978,1965-08-28 00:00:00,0.030780664296826,-0.1054563145486042,0.1670176431422563,144.36,-38.147
23979,1965-08-29 00:00:00,0.0181105403129644,-0.1180719350130645,0.1542930156389933,144.36,-38.147
23980,1965-08-30 00:00:00,0.0043229791249416,-0.1318530950535915,0.1404990533034747,144.36,-38.147
23981,1965-08-31 00:00:00,-0.0145210416346362,-0.150709894887927,0.1216678116186544,144.36,-38.147
23982,1965-09-01 00:00:00,0.017023900431511,-0.119253973671085,0.1533017745341071,144.36,-38.147
23983,1965-09-02 00:00:00,0.119907317371493,-0.0166842851111706,0.2564989198541567,144.36,-38.147
23984,1965-09-03 00:00:00,-0.0555743855776055,-0.1920498043855503,0.0809010332303392,144.36,-38.147
23985,1965-09-04 00:00:00,0.0329457752176869,-0.1036036678878756,0.1694952183232496,144.36,-38.147
23986,1965-09-05 00:00:00,0.1069545334291292,-0.0293979372170034,0.2433070040752618,144.36,-38.147
23987,1965-09-06 00:00:00,0.0928974695627487,-0.0435621388615186,0.2293570779870162,144.36,-38.147
23988,1965-09-07 00:00:00,0.0043240949888238,-0.1319455098429573,0.1405936998206051,144.36,-38.147
23989,1965-09-08 00:00:00,0.0863972924076523,-0.0499048618198354,0.2226994466351402,144.36,-38.147
23990,1965-09-09 00:00:00,0.1626814820122154,0.0263097281456089,0.2990532358788219,144.36,-38.147
23991,1965-09-10 00:00:00,0.0470441776222991,-0.0892912101940447,0.183379565438643,144.36,-38.147
23992,1965-09-11 00:00:00,0.0060481906024217,-0.1302279430218242,0.1423243242266678,144.36,-38.147
23993,1965-09-12 00:00:00,0.068504090045896,-0.0677500337208236,0.2047582138126157,144.36,-38.147
23994,1965-09-13 00:00:00,0.0946998611750924,-0.0417075655820586,0.2311072879322435,144.36,-38.147
23995,1965-09-14 00:00:00,0.0116925066673558,-0.1245622900104213,0.1479473033451331,144.36,-38.147
23996,1965-09-15 00:00:00,0.0110545409801837,-0.1252279746105711,0.1473370565709387,144.36,-38.147
23997,1965-09-16 00:00:00,0.3519828577369852,0.2152679914980748,0.4886977239758955,144.36,-38.147
23998,1965-09-17 00:00:00,0.3718237677390245,0.2344364036790299,0.5092111317990191,144.36,-38.147
23999,1965-09-18 00:00:00,0.1683947125549462,0.0316355246013174,0.305153900508575,144.36,-38.147
24000,1965-09-19 00:00:00,0.0374298446833319,-0.0988376778035024,0.1736973671701663,144.36,-38.147
24001,1965-09-20 00:00:00,-0.0144530244910617,-0.1507448335838596,0.1218387846017361,144.36,-38.147
24002,1965-09-21 00:00:00,0.123904937131708,-0.0125753384240177,0.2603852126874338,144.36,-38.147
24003,1965-09-22 00:00:00,0.108739648450885,-0.0275703211163814,0.2450496180181515,144.36,-38.147
24004,1965-09-23 00:00:00,0.1128436325553934,-0.0233967591870683,0.2490840242978552,144.36,-38.147
24005,1965-09-24 00:00:00,0.0089115713170843,-0.1274150380006242,0.145238180634793,144.36,-38.147
24006,1965-09-25 00:00:00,0.1015400582508742,-0.0348166763945611,0.2378967928963095,144.36,-38.147
24007,1965-09-26 00:00:00,0.0990623194404385,-0.0372811988239665,0.2354058377048435,144.36,-38.147
24008,1965-09-27 00:00:00,0.167612184320779,0.0312551986315235,0.3039691700100345,144.36,-38.147
24009,1965-09-28 00:00:00,0.16459908173267,0.02809602279486,0.3011021406704801,144.36,-38.147
24010,1965-09-29 00:00:00,0.1515889853464129,0.0151804554567251,0.2879975152361007,144.36,-38.147
24011,1965-09-30 00:00:00,0.122454800181468,-0.0138331738451103,0.2587427742080463,144.36,-38.147
24012,1965-10-01 00:00:00,0.2480993385976267,0.1112223013549997,0.3849763758402538,144.36,-38.147
24013,1965-10-02 00:00:00,0.0560202659469744,-0.08063957317247,0.1926801050664189,144.36,-38.147
24014,1965-10-03 00:00:00,0.1466812193234949,0.0100682922670649,0.2832941463799249,144.36,-38.147
24015,1965-10-04 00:00:00,0.0533418408777256,-0.083015469462984,0.1896991512184352,144.36,-38.147
24016,1965-10-05 00:00:00,-0.0387800999474094,-0.1751387206107093,0.0975785207158903,144.36,-38.147
24017,1965-10-06 00:00:00,-0.010164074869625,-0.1464570418595098,0.1261288921202597,144.36,-38.147
24018,1965-10-07 00:00:00,-0.0133526432925269,-0.1498538341030812,0.1231485475180272,144.36,-38.147
24019,1965-10-08 00:00:00,0.0789035262739081,-0.0577524719387258,0.2155595244865421,144.36,-38.147
24020,1965-10-09 00:00:00,0.2125452479598653,0.0757615301945309,0.3493289657251998,144.36,-38.147
24021,1965-10-10 00:00:00,0.0579259943835751,-0.0783865857783614,0.1942385745455117,144.36,-38.147
24022,1965-10-11 00:00:00,0.0435946563399656,-0.0926068430492327,0.1797961557291641,144.36,-38.147
24023,1965-10-12 00:00:00,-0.0312787457839498,-0.1675045793061186,0.104947087738219,144.36,-38.147
24024,1965-10-13 00:00:00,0.0152190166280944,-0.121050803453966,0.1514888367101549,144.36,-38.147
24025,1965-10-14 00:00:00,0.0624729262728754,-0.0741453182675431,0.1990911708132939,144.36,-38.147
24026,1965-10-15 00:00:00,0.1344297581887676,-0.0022536355271493,0.2711131519046846,144.36,-38.147
24027,1965-10-16 00:00:00,0.0251354659481383,-0.1112050821070518,0.1614760140033285,144.36,-38.147
24028,1965-10-17 00:00:00,-0.0464793722967477,-0.1830044630933406,0.0900457184998452,144.36,-38.147
24029,1965-10-18 00:00:00,-0.0298625901588726,-0.1663955948922111,0.1066704145744658,144.36,-38.147
24030,1965-10-19 00:00:00,0.0018515859222829,-0.1346098399346856,0.1383130117792514,144.36,-38.147
24031,1965-10-20 00:00:00,0.0497690068272527,-0.0865517539042104,0.1860897675587158,144.36,-38.147
24032,1965-10-21 00:00:00,0.0457994012021441,-0.0904102762083571,0.1820090786126454,144.36,-38.147
24033,1965-10-22 00:00:00,0.0440676552165395,-0.0921945527122157,0.1803298631452948,144.36,-38.147
24034,1965-10-23 00:00:00,0.0424810058400167,-0.0940782613495729,0.1790402730296065,144.36,-38.147
24035,1965-10-24 00:00:00,0.1351195380040403,-0.0013265841667238,0.2715656601748044,144.36,-38.147
24036,1965-10-25 00:00:00,0.0997253550968165,-0.0365319269386397,0.2359826371322729,144.36,-38.147
24037,1965-10-26 00:00:00,0.0875686325200234,-0.0486353819325355,0.2237726469725823,144.36,-38.147
24038,1965-10-27 00:00:00,0.0691253455249159,-0.0670871690335791,0.2053378600834109,144.36,-38.147
24039,1965-10-28 00:00:00,0.0331097239758618,-0.1031302260356609,0.1693496739873846,144.36,-38.147
24040,1965-10-29 00:00:00,0.0342621161220543,-0.1019510078514684,0.1704752400955771,144.36,-38.147
24041,1965-10-30 00:00:00,0.0766821538591278,-0.0596075315805553,0.2129718392988111,144.36,-38.147
24042,1965-10-31 00:00:00,0.147527014240634,0.0112876135927469,0.2837664148885211,144.36,-38.147
24043,1965-11-01 00:00:00,0.0952025922390011,-0.0415694871764979,0.2319746716545002,144.36,-38.147
24044,1965-11-02 00:00:00,-0.0393792258040305,-0.1759779472640323,0.0972194956559712,144.36,-38.147
24045,1965-11-03 00:00:00,0.2031639702928358,0.0667676326859471,0.3395603078997245,144.36,-38.147
24046,1965-11-04 00:00:00,0.1107611853613011,-0.0254836164358382,0.2470059871584405,144.36,-38.147
24047,1965-11-05 00:00:00,0.1310249835881412,-0.0052425703620649,0.2672925375383473,144.36,-38.147
24048,1965-11-06 00:00:00,0.1550563751168319,0.0187624114386123,0.2913503387950515,144.36,-38.147
24049,1965-11-07 00:00:00,0.1562570179999428,0.0198933418626253,0.2926206941372603,144.36,-38.147
24050,1965-11-08 00:00:00,0.0549468598016133,-0.0814697849221742,0.191363504525401,144.36,-38.147
24051,1965-11-09 00:00:00,0.2736161131251295,0.1359856570374929,0.4112465692127661,144.36,-38.147
24052,1965-11-10 00:00:00,0.541527045981721,0.4031891896848497,0.6798649022785922,144.36,-38.147
24053,1965-11-11 00:00:00,0.3584504992317016,0.220064564427648,0.4968364340357551,144.36,-38.147
24054,1965-11-12 00:00:00,0.1714382422533096,0.0327967294467594,0.3100797550598597,144.36,-38.147
24055,1965-11-13 00:00:00,0.0114767705174682,-0.1257809567223737,0.1487344977573103,144.36,-38.147
24056,1965-11-14 00:00:00,-0.0552456325610943,-0.1917894778683825,0.0812982127461938,144.36,-38.147
24057,1965-11-15 00:00:00,0.108741728185685,-0.0276442867006799,0.24512774307205,144.36,-38.147
24058,1965-11-16 00:00:00,0.2613855870958246,0.1240499463263054,0.3987212278653437,144.36,-38.147
24059,1965-11-17 00:00:00,0.1085282065432465,-0.0292069449491472,0.2462633580356402,144.36,-38.147
24060,1965-11-18 00:00:00,-0.0070904117134802,-0.1435094649541208,0.1293286415271603,144.36,-38.147
24061,1965-11-19 00:00:00,-0.0043365875457725,-0.1405577469429075,0.1318845718513624,144.36,-38.147
24062,1965-11-20 00:00:00,0.097466979644155,-0.0387805991920253,0.2337145584803354,144.36,-38.147
24063,1965-11-21 00:00:00,0.1063967996137306,-0.0299860094276645,0.2427796086551259,144.36,-38.147
24064,1965-11-22 00:00:00,0.0257916887432621,-0.1105929029491095,0.1621762804356339,144.36,-38.147
24065,1965-11-23 00:00:00,-0.0112546279251385,-0.1474911720498448,0.1249819161995677,144.36,-38.147
24066,1965-11-24 00:00:00,0.0920471033247353,-0.0443518477558174,0.2284460544052881,144.36,-38.147
24067,1965-11-25 00:00:00,0.309091164568999,0.171124744372005,0.4470575847659931,144.36,-38.147
24068,1965-11-26 00:00:00,0.1467270209738259,0.0099384531072311,0.2835155888404206,144.36,-38.147
24069,1965-11-27 00:00:00,0.1059636856386679,-0.030373776090501,0.2423011473678369,144.36,-38.147
24070,1965-11-28 00:00:00,0.0170195210569526,-0.1192375064350555,0.1532765485489607,144.36,-38.147
24071,1965-11-29 00:00:00,-0.0424683641280851,-0.178802289594299,0.0938655613381286,144.36,-38.147
24072,1965-11-30 00:00:00,-0.0170564167069244,-0.1533488305534257,0.1192359971395769,144.36,-38.147
24073,1965-12-01 00:00:00,0.0292686138227508,-0.1071449994151741,0.1656822270606759,144.36,-38.147
24074,1965-12-02 00:00:00,0.0670660962920097,-0.0694021527263355,0.2035343453103549,144.36,-38.147
24075,1965-12-03 00:00:00,0.1175518378802904,-0.0188109414047897,0.2539146171653707,144.36,-38.147
24076,1965-12-04 00:00:00,0.0835847429856083,-0.0526779227510238,0.2198474087222406,144.36,-38.147
24077,1965-12-05 00:00:00,0.0412559721932292,-0.0949587050771394,0.177470649463598,144.36,-38.147
24078,1965-12-06 00:00:00,0.0207146220098438,-0.1156441127911067,0.1570733568107943,144.36,-38.147
24079,1965-12-07 00:00:00,0.0539917596778655,-0.0825260941461106,0.1905096135018417,144.36,-38.147
24080,1965-12-08 00:00:00,0.1231394948231668,-0.0133356084880646,0.2596145981343982,144.36,-38.147
24081,1965-12-09 00:00:00,0.0019110066650211,-0.1344220363794866,0.1382440497095288,144.36,-38.147
24082,1965-12-10 00:00:00,-0.0277322440937448,-0.1641359151586325,0.1086714269711427,144.36,-38.147
24083,1965-12-11 00:00:00,0.0127677104411916,-0.1237105549250219,0.1492459758074051,144.36,-38.147
24084,1965-12-12 00:00:00,-0.0121504245908095,-0.1484725848411135,0.1241717356594943,144.36,-38.147
24085,1965-12-13 00:00:00,0.1132875472302365,-0.0230257102308822,0.2496008046913553,144.36,-38.147
24086,1965-12-14 00:00:00,0.1584460354599832,0.0220508396275229,0.2948412312924435,144.36,-38.147
24087,1965-12-15 00:00:00,0.1939107231766775,0.0575777960000482,0.3302436503533068,144.36,-38.147
24088,1965-12-16 00:00:00,0.0800580138109187,-0.0565114347643082,0.2166274623861458,144.36,-38.147
24089,1965-12-17 00:00:00,0.0316256125428684,-0.1047761248686681,0.1680273499544051,144.36,-38.147
24090,1965-12-18 00:00:00,-0.000854462923399,-0.1372713439699923,0.135562418123194,144.36,-38.147
24091,1965-12-19 00:00:00,-0.0408768181892076,-0.1772653605310714,0.095511724152656,144.36,-38.147
24092,1965-12-20 00:00:00,-0.0153798611079917,-0.15166295927358,0.1209032370575965,144.36,-38.147
24093,1965-12-21 00:00:00,0.0033821423932823,-0.1329230323651255,0.1396873171516901,144.36,-38.147
24094,1965-12-22 00:00:00,0.0498664718679794,-0.0864443081239928,0.1861772518599517,144.36,-38.147
24095,1965-12-23 00:00:00,0.0740821137826196,-0.0622324496663496,0.210396677231589,144.36,-38.147
24096,1965-12-24 00:00:00,0.0585671319068044,-0.077831565633629,0.194965829447238,144.36,-38.147
24097,1965-12-25 00:00:00,0.0029626913798302,-0.1333498146267944,0.1392751973864548,144.36,-38.147
24098,1965-12-26 00:00:00,0.038368180769164,-0.0980076597296978,0.1747440212680258,144.36,-38.147
24099,1965-12-27 00:00:00,-0.0184186715214419,-0.1546874131032251,0.1178500700603412,144.36,-38.147
24100,1965-12-28 00:00:00,0.0447868134078288,-0.0915450664266895,0.1811186932423471,144.36,-38.147
24101,1965-12-29 00:00:00,0.1208024149509104,-0.0157258800099642,0.2573307099117852,144.36,-38.147
24102,1965-12-30 00:00:00,0.1121416142212887,-0.0241828946139733,0.2484661230565508,144.36,-38.147
24103,1965-12-31 00:00:00,0.3528350409326021,0.2161424534085997,0.4895276284566044,144.36,-38.147
24104,1966-01-01 00:00:00,0.0972553294060062,-0.0392789387863177,0.2337895975983301,144.36,-38.147
24105,1966-01-02 00:00:00,-0.0129551513425701,-0.1491987687949244,0.1232884661097842,144.36,-38.147
24106,1966-01-03 00:00:00,0.0366375738083954,-0.0995598719874281,0.172835019604219,144.36,-38.147
24107,1966-01-04 00:00:00,0.0664186082224608,-0.0699337796114914,0.2027709960564131,144.36,-38.147
24108,1966-01-05 00:00:00,0.0253384834021551,-0.1109409507990468,0.1616179176033572,144.36,-38.147
24109,1966-01-06 00:00:00,0.020468068650735,-0.1158046714190055,0.1567408087204756,144.36,-38.147
24110,1966-01-07 00:00:00,-0.0333029432558004,-0.169655023314985,0.1030491368033841,144.36,-38.147
24111,1966-01-08 00:00:00,-0.0113627940448162,-0.1476473511215944,0.1249217630319618,144.36,-38.147
24112,1966-01-09 00:00:00,-0.0620877235616205,-0.198466520978101,0.07429107385486,144.36,-38.147
24113,1966-01-10 00:00:00,0.0296454265958747,-0.1066174468306014,0.1659083000223509,144.36,-38.147
24114,1966-01-11 00:00:00,0.0151999069690745,-0.1211385645653186,0.1515383785034676,144.36,-38.147
24115,1966-01-12 00:00:00,0.0265477030713852,-0.1098549115773961,0.1629503177201665,144.36,-38.147
24116,1966-01-13 00:00:00,0.1312505304412404,-0.0053256430030177,0.2678267038854985,144.36,-38.147
24117,1966-01-14 00:00:00,0.0292635252769803,-0.1070992644340549,0.1656263149880156,144.36,-38.147
24118,1966-01-15 00:00:00,0.121854667527867,-0.0145424202255513,0.2582517552812854,144.36,-38.147
24119,1966-01-16 00:00:00,0.137143372340389,0.0005032127561931,0.2737835319245848,144.36,-38.147
24120,1966-01-17 00:00:00,0.2105279775512016,0.0740689979888121,0.3469869571135912,144.36,-38.147
24121,1966-01-18 00:00:00,0.1100329960313964,-0.0265959358165427,0.2466619278793356,144.36,-38.147
24122,1966-01-19 00:00:00,0.003691329476827,-0.1327492116961869,0.140131870649841,144.36,-38.147
24123,1966-01-20 00:00:00,-0.0085687739547677,-0.1447926102593594,0.1276550623498239,144.36,-38.147
24124,1966-01-21 00:00:00,-0.0291773460189267,-0.1653825751248787,0.1070278830870252,144.36,-38.147
24125,1966-01-22 00:00:00,0.0154400785158851,-0.1208093701159398,0.1516895271477101,144.36,-38.147
24126,1966-01-23 00:00:00,0.0290508810823641,-0.1073610726881791,0.1654628348529074,144.36,-38.147
24127,1966-01-24 00:00:00,-0.0310897291611342,-0.167664266034913,0.1054848077126446,144.36,-38.147
24128,1966-01-25 00:00:00,-0.0198410787468798,-0.1562102258863585,0.1165280683925989,144.36,-38.147
24129,1966-01-26 00:00:00,0.068674046069691,-0.068024721553603,0.2053728136929851,144.36,-38.147
24130,1966-01-27 00:00:00,0.0715589351263798,-0.0649662478547657,0.2080841181075255,144.36,-38.147
24131,1966-01-28 00:00:00,0.0748350047426433,-0.0615672314869909,0.2112372409722775,144.36,-38.147
24132,1966-01-29 00:00:00,0.0858323955734126,-0.0504194822613093,0.2220842734081345,144.36,-38.147
24133,1966-01-30 00:00:00,0.2585301746133986,0.1220808067901025,0.3949795424366947,144.36,-38.147
24134,1966-01-31 00:00:00,0.1221254194070283,-0.0142889038210664,0.2585397426351231,144.36,-38.147
24135,1966-02-01 00:00:00,0.1357141421444304,-0.0006667599979526,0.2720950442868134,144.36,-38.147
24136,1966-02-02 00:00:00,0.115287414954062,-0.0211128918502134,0.2516877217583376,144.36,-38.147
24137,1966-02-03 00:00:00,0.0681662874037429,-0.0680373579076855,0.2043699327151714,144.36,-38.147
24138,1966-02-04 00:00:00,0.0773929732255145,-0.058892256849121,0.2136782033001501,144.36,-38.147
24139,1966-02-05 00:00:00,0.0993831536105785,-0.0371586464365566,0.2359249536577137,144.36,-38.147
24140,1966-02-06 00:00:00,-0.0191893515410271,-0.1556297498243056,0.1172510467422513,144.36,-38.147
24141,1966-02-07 00:00:00,-0.0253796514901921,-0.1616812592648461,0.1109219562844619,144.36,-38.147
24142,1966-02-08 00:00:00,-0.0110844266582667,-0.1473502332611209,0.1251813799445873,144.36,-38.147
24143,1966-02-09 00:00:00,0.0485552750118144,-0.0877419552518094,0.1848525052754384,144.36,-38.147
24144,1966-02-10 00:00:00,0.083983015964279,-0.0522951394387948,0.2202611713673529,144.36,-38.147
24145,1966-02-11 00:00:00,0.0871441801820901,-0.0491241916548838,0.223412552019064,144.36,-38.147
24146,1966-02-12 00:00:00,0.06891244630442,-0.0673073840521722,0.2051322766610123,144.36,-38.147
24147,1966-02-13 00:00:00,0.0340571476449482,-0.1022867635331047,0.1704010588230013,144.36,-38.147
24148,1966-02-14 00:00:00,0.1018843319149042,-0.0345250711696917,0.2382937349995001,144.36,-38.147
24149,1966-02-15 00:00:00,0.1880008907321803,0.0512857337935515,0.3247160476708091,144.36,-38.147
24150,1966-02-16 00:00:00,0.1625530107282128,0.0260729676695742,0.2990330537868513,144.36,-38.147
24151,1966-02-17 00:00:00,0.0185739211297539,-0.1177797634673797,0.1549276057268875,144.36,-38.147
24152,1966-02-18 00:00:00,0.0333799898179009,-0.103423930622309,0.170183910258111,144.36,-38.147
24153,1966-02-19 00:00:00,-0.0026159024521671,-0.1393712241547872,0.1341394192504529,144.36,-38.147
24154,1966-02-20 00:00:00,0.0099790657118873,-0.1264333904546747,0.1463915218784494,144.36,-38.147
24155,1966-02-21 00:00:00,0.0478695917383662,-0.0884509888356637,0.1841901723123961,144.36,-38.147
24156,1966-02-22 00:00:00,0.0500513271914631,-0.0861577050494953,0.1862603594324217,144.36,-38.147
24157,1966-02-23 00:00:00,0.0711834290564412,-0.0650977481565537,0.2074646062694362,144.36,-38.147
24158,1966-02-24 00:00:00,0.2253907582754349,0.0887832244832841,0.3619982920675858,144.36,-38.147
24159,1966-02-25 00:00:00,0.0798638299716858,-0.0566275510061527,0.2163552109495244,144.36,-38.147
24160,1966-02-26 00:00:00,0.0263757971946772,-0.1099757507472301,0.1627273451365846,144.36,-38.147
24161,1966-02-27 00:00:00,0.0554512472652541,-0.0807504975481774,0.1916529920786858,144.36,-38.147
24162,1966-02-28 00:00:00,0.0512074390910049,-0.0849875406933988,0.1874024188754088,144.36,-38.147
24163,1966-03-01 00:00:00,0.0632961603150081,-0.0729255541715643,0.1995178748015806,144.36,-38.147
24164,1966-03-02 00:00:00,0.0324338764843338,-0.1043076207071413,0.1691753736758089,144.36,-38.147
24165,1966-03-03 00:00:00,-0.0709655100739138,-0.207416267350431,0.0654852472026033,144.36,-38.147
24166,1966-03-04 00:00:00,0.0162817111195838,-0.1202274455134093,0.1527908677525771,144.36,-38.147
24167,1966-03-05 00:00:00,0.0131669735430459,-0.1231345071782273,0.1494684542643192,144.36,-38.147
24168,1966-03-06 00:00:00,0.0372380368522733,-0.0990394531436377,0.1735155268481843,144.36,-38.147
24169,1966-03-07 00:00:00,0.0457796723285079,-0.0904596465173142,0.1820189911743301,144.36,-38.147
24170,1966-03-08 00:00:00,0.069742895943247,-0.0665147618221594,0.2060005537086535,144.36,-38.147
24171,1966-03-09 00:00:00,0.1119835636391609,-0.0244407225334764,0.2484078498117984,144.36,-38.147
24172,1966-03-10 00:00:00,0.0390061939127149,-0.0972867605737697,0.1752991483991997,144.36,-38.147
24173,1966-03-11 00:00:00,-0.0158229230213469,-0.1521585985504163,0.1205127525077223,144.36,-38.147
24174,1966-03-12 00:00:00,0.0465892029356937,-0.0898667328557191,0.1830451387271066,144.36,-38.147
24175,1966-03-13 00:00:00,0.1730110472651059,0.0363258936319079,0.3096962008983039,144.36,-38.147
24176,1966-03-14 00:00:00,0.0316031032771945,-0.1046762930155117,0.1678824995699008,144.36,-38.147
24177,1966-03-15 00:00:00,0.0091583472180701,-0.1273029122701351,0.1456196067062755,144.36,-38.147
24178,1966-03-16 00:00:00,0.3448011866617873,0.2066626406453127,0.4829397326782618,144.36,-38.147
24179,1966-03-17 00:00:00,0.170490059634927,0.03357895592731,0.3074011633425441,144.36,-38.147
24180,1966-03-18 00:00:00,0.034207490891652,-0.1021561992521396,0.1705711810354438,144.36,-38.147
24181,1966-03-19 00:00:00,0.011162363153132,-0.1250952440974231,0.1474199704036872,144.36,-38.147
24182,1966-03-20 00:00:00,0.0858428374163562,-0.0503870909822647,0.2220727658149772,144.36,-38.147
24183,1966-03-21 00:00:00,0.1583310324042552,0.0219307431932547,0.2947313216152558,144.36,-38.147
24184,1966-03-22 00:00:00,0.2741612094270999,0.1378493936983853,0.4104730251558144,144.36,-38.147
24185,1966-03-23 00:00:00,0.1446339874150217,0.0082281695049411,0.2810398053251022,144.36,-38.147
24186,1966-03-24 00:00:00,0.0673432718551721,-0.0690185525231188,0.2037050962334631,144.36,-38.147
24187,1966-03-25 00:00:00,0.0001303443309237,-0.1360946656411431,0.1363553543029905,144.36,-38.147
24188,1966-03-26 00:00:00,-0.0252692803682988,-0.1615961566245147,0.111057595887917,144.36,-38.147
24189,1966-03-27 00:00:00,-0.0227129531859441,-0.1590826397887806,0.1136567334168923,144.36,-38.147
24190,1966-03-28 00:00:00,0.0267952994505824,-0.1096322076497994,0.1632228065509643,144.36,-38.147
24191,1966-03-29 00:00:00,0.045463359154828,-0.0909848460288278,0.1819115643384838,144.36,-38.147
24192,1966-03-30 00:00:00,0.1886416398106347,0.0522126343162366,0.3250706453050329,144.36,-38.147
24193,1966-03-31 00:00:00,0.1437489074258385,0.0073352643819677,0.2801625504697094,144.36,-38.147
24194,1966-04-01 00:00:00,0.1015460935673624,-0.0348172849694204,0.2379094721041453,144.36,-38.147
24195,1966-04-02 00:00:00,0.0373904051866406,-0.0989425042120396,0.1737233145853209,144.36,-38.147
24196,1966-04-03 00:00:00,0.2583089187029261,0.1217424364202226,0.3948754009856297,144.36,-38.147
24197,1966-04-04 00:00:00,0.0817046746512125,-0.054669494752451,0.218078844054876,144.36,-38.147
24198,1966-04-05 00:00:00,0.0762192272429562,-0.060069422440432,0.2125078769263444,144.36,-38.147
24199,1966-04-06 00:00:00,0.1319457357620709,-0.0044706928773194,0.2683621644014614,144.36,-38.147
24200,1966-04-07 00:00:00,0.1379343936123093,0.0014831773437381,0.2743856098808805,144.36,-38.147
24201,1966-04-08 00:00:00,0.3871824882214872,0.2499651332072742,0.5243998432357002,144.36,-38.147
24202,1966-04-09 00:00:00,0.1047663029366255,-0.03263601432135,0.242168620194601,144.36,-38.147
24203,1966-04-10 00:00:00,0.0179371801952738,-0.1184844343221802,0.1543587947127278,144.36,-38.147
24204,1966-04-11 00:00:00,0.0372397875844773,-0.0990834072294951,0.1735629823984498,144.36,-38.147
24205,1966-04-12 00:00:00,0.0352124426713403,-0.1010005017752158,0.1714253871178966,144.36,-38.147
24206,1966-04-13 00:00:00,0.0882779355598266,-0.0481512726151227,0.224707143734776,144.36,-38.147
24207,1966-04-14 00:00:00,0.1452110393932505,0.0087516014793054,0.2816704773071956,144.36,-38.147
24208,1966-04-15 00:00:00,0.102275447461728,-0.0340166940083342,0.2385675889317903,144.36,-38.147
24209,1966-04-16 00:00:00,0.140795897153184,0.004492437589591,0.2770993567167771,144.36,-38.147
24210,1966-04-17 00:00:00,0.1223226156066827,-0.01409579974432,0.2587410309576855,144.36,-38.147
24211,1966-04-18 00:00:00,0.0551415821443925,-0.0811864423606206,0.1914696066494058,144.36,-38.147
24212,1966-04-19 00:00:00,0.0217509722091166,-0.1144286479557648,0.1579305923739981,144.36,-38.147
24213,1966-04-20 00:00:00,0.0571476583612708,-0.0790481722307676,0.1933434889533093,144.36,-38.147
24214,1966-04-21 00:00:00,0.1076069015468131,-0.0287580393731637,0.24397184246679,144.36,-38.147
24215,1966-04-22 00:00:00,0.0672605823710012,-0.0692512071960709,0.2037723719380733,144.36,-38.147
24216,1966-04-23 00:00:00,0.000870923605205,-0.1354172685605371,0.1371591157709473,144.36,-38.147
24217,1966-04-24 00:00:00,-0.0090610685817533,-0.1452911853290373,0.1271690481655306,144.36,-38.147
24218,1966-04-25 00:00:00,0.010429219802461,-0.125894900317799,0.1467533399227211,144.36,-38.147
24219,1966-04-26 00:00:00,-0.0091311203123188,-0.1454353474338952,0.1271731068092574,144.36,-38.147
24220,1966-04-27 00:00:00,0.0138406938524267,-0.1223396680012758,0.1500210557061293,144.36,-38.147
24221,1966-04-28 00:00:00,0.14782095714749,0.0115147616685147,0.2841271526264654,144.36,-38.147
24222,1966-04-29 00:00:00,0.2684808435192548,0.1320846666418132,0.4048770203966963,144.36,-38.147
24223,1966-04-30 00:00:00,0.0706373294399444,-0.0666379883606984,0.2079126472405872,144.36,-38.147
24224,1966-05-01 00:00:00,-0.0618035249656071,-0.1983341837369775,0.0747271338057632,144.36,-38.147
24225,1966-05-02 00:00:00,-0.0210521035939873,-0.1572519860856157,0.115147778897641,144.36,-38.147
24226,1966-05-03 00:00:00,0.0277897303512381,-0.1084369094200382,0.1640163701225145,144.36,-38.147
24227,1966-05-04 00:00:00,0.062808160533142,-0.0734404320853038,0.1990567531515879,144.36,-38.147
24228,1966-05-05 00:00:00,0.1926381626325514,0.0562594649351634,0.3290168603299395,144.36,-38.147
24229,1966-05-06 00:00:00,0.1153568306923362,-0.0209534677708066,0.2516671291554792,144.36,-38.147
24230,1966-05-07 00:00:00,0.0705580130931668,-0.0657467480279034,0.2068627742142372,144.36,-38.147
24231,1966-05-08 00:00:00,0.2038266736066116,0.0673437933386282,0.3403095538745949,144.36,-38.147
24232,1966-05-09 00:00:00,0.1047064451226008,-0.0315663882620825,0.2409792785072843,144.36,-38.147
24233,1966-05-10 00:00:00,0.0249640364948541,-0.1112660617951724,0.1611941347848807,144.36,-38.147
24234,1966-05-11 00:00:00,0.2399131651059846,0.1032211796329742,0.3766051505789949,144.36,-38.147
24235,1966-05-12 00:00:00,0.1625839602506571,0.026085686432034,0.2990822340692802,144.36,-38.147
24236,1966-05-13 00:00:00,0.0310086334378396,-0.1052981567165004,0.1673154235921797,144.36,-38.147
24237,1966-05-14 00:00:00,0.0483880922911982,-0.0878248022734448,0.1846009868558412,144.36,-38.147
24238,1966-05-15 00:00:00,0.1484530325872874,0.0121758098953222,0.2847302552792526,144.36,-38.147
24239,1966-05-16 00:00:00,0.0415152357053453,-0.0947356213096691,0.1777660927203598,144.36,-38.147
24240,1966-05-17 00:00:00,-0.0177586605815076,-0.1540745758160246,0.1185572546530092,144.36,-38.147
24241,1966-05-18 00:00:00,0.0773228521161283,-0.0590406685010673,0.2136863727333239,144.36,-38.147
24242,1966-05-19 00:00:00,0.1692122763652875,0.0328612251720962,0.3055633275584788,144.36,-38.147
24243,1966-05-20 00:00:00,0.1145553006117636,-0.0221582945595879,0.2512688957831152,144.36,-38.147
24244,1966-05-21 00:00:00,0.0290570963357309,-0.1073379373335894,0.1654521300050514,144.36,-38.147
24245,1966-05-22 00:00:00,-0.028614390824743,-0.1650677557558531,0.107838974106367,144.36,-38.147
24246,1966-05-23 00:00:00,0.002095897274793,-0.1342061739100162,0.1383979684596023,144.36,-38.147
24247,1966-05-24 00:00:00,0.0311142026089075,-0.1050693200158015,0.1672977252336166,144.36,-38.147
24248,1966-05-25 00:00:00,0.0546238356981863,-0.081591166996353,0.1908388383927256,144.36,-38.147
24249,1966-05-26 00:00:00,0.0878003286843476,-0.0485689400212176,0.2241695973899129,144.36,-38.147
24250,1966-05-27 00:00:00,0.0535464670467277,-0.0828441717197066,0.1899371058131622,144.36,-38.147
24251,1966-05-28 00:00:00,0.039928388115119,-0.0963893886550214,0.1762461648852595,144.36,-38.147
24252,1966-05-29 00:00:00,0.0170483928808051,-0.1191841146261674,0.1532809003877777,144.36,-38.147
24253,1966-05-30 00:00:00,0.0554309297628935,-0.0808387487354907,0.1917006082612777,144.36,-38.147
24254,1966-05-31 00:00:00,0.1323621609562393,-0.0042983542330913,0.26902267614557,144.36,-38.147
24255,1966-06-01 00:00:00,0.2442129415513073,0.1077072516975451,0.3807186314050695,144.36,-38.147
24256,1966-06-02 00:00:00,0.161604631530579,0.0251048618034781,0.2981044012576799,144.36,-38.147
24257,1966-06-03 00:00:00,0.0571858266298109,-0.0799761345938628,0.1943477878534847,144.36,-38.147
24258,1966-06-04 00:00:00,-0.0384856435163346,-0.1747864057474623,0.0978151187147929,144.36,-38.147
24259,1966-06-05 00:00:00,-0.0204544981965221,-0.1567103797005583,0.1158013833075139,144.36,-38.147
24260,1966-06-06 00:00:00,0.0322718842518379,-0.103992548299986,0.1685363168036619,144.36,-38.147
24261,1966-06-07 00:00:00,0.0364128460412738,-0.0998226694439877,0.1726483615265354,144.36,-38.147
24262,1966-06-08 00:00:00,0.0434787534571391,-0.0927406797117591,0.1796981866260373,144.36,-38.147
24263,1966-06-09 00:00:00,0.0478146682633428,-0.0883923724390535,0.1840217089657391,144.36,-38.147
24264,1966-06-10 00:00:00,0.0973067516185397,-0.0389687009301965,0.2335822041672759,144.36,-38.147
24265,1966-06-11 00:00:00,0.0761497843278986,-0.0601455898310595,0.2124451584868568,144.36,-38.147
24266,1966-06-12 00:00:00,0.0848022025790602,-0.0515611886189818,0.2211655937771023,144.36,-38.147
24267,1966-06-13 00:00:00,0.0817782278028938,-0.0550930339155647,0.2186494895213523,144.36,-38.147
24268,1966-06-14 00:00:00,-0.0181969788845927,-0.1547451936244586,0.1183512358552731,144.36,-38.147
24269,1966-06-15 00:00:00,0.0599065418735297,-0.0763743854425433,0.1961874691896028,144.36,-38.147
24270,1966-06-16 00:00:00,0.1176732651126884,-0.0186679115407185,0.2540144417660954,144.36,-38.147
24271,1966-06-17 00:00:00,0.0425300115115904,-0.0937379583603978,0.1787979813835787,144.36,-38.147
24272,1966-06-18 00:00:00,0.0487365972718265,-0.0877652641184928,0.1852384586621459,144.36,-38.147
24273,1966-06-19 00:00:00,0.1015323236406418,-0.0352333857544552,0.2382980330357389,144.36,-38.147
24274,1966-06-20 00:00:00,0.0988560817555621,-0.0374048311030221,0.2351169946141463,144.36,-38.147
24275,1966-06-21 00:00:00,0.0797378693116909,-0.056541905956114,0.2160176445794958,144.36,-38.147
24276,1966-06-22 00:00:00,0.0381411616036359,-0.0981525048256106,0.1744348280328824,144.36,-38.147
24277,1966-06-23 00:00:00,-0.0045523049167996,-0.1407857918050883,0.1316811819714889,144.36,-38.147
24278,1966-06-24 00:00:00,-0.0120717493986465,-0.1483136897426902,0.1241701909453972,144.36,-38.147
24279,1966-06-25 00:00:00,0.0554228157942831,-0.0808633689761451,0.1917090005647113,144.36,-38.147
24280,1966-06-26 00:00:00,0.0933134058680279,-0.0430839269697483,0.2297107387058042,144.36,-38.147
24281,1966-06-27 00:00:00,0.0165783305230378,-0.1198024082813574,0.1529590693274331,144.36,-38.147
24282,1966-06-28 00:00:00,0.0450674930465302,-0.0913638801652021,0.1814988662582627,144.36,-38.147
24283,1966-06-29 00:00:00,-0.0105756124593151,-0.1468285779068241,0.1256773529881937,144.36,-38.147
24284,1966-06-30 00:00:00,-5.6561239047823314e-05,-0.136286727110327,0.1361736046322314,144.36,-38.147
24285,1966-07-01 00:00:00,0.0524443336863073,-0.0840488311107311,0.1889374984833458,144.36,-38.147
24286,1966-07-02 00:00:00,0.1854074470541442,0.0489004726788033,0.3219144214294851,144.36,-38.147
24287,1966-07-03 00:00:00,0.1547115204370121,0.0184622849745682,0.2909607558994561,144.36,-38.147
24288,1966-07-04 00:00:00,0.072648041596237,-0.0636268814998599,0.2089229646923339,144.36,-38.147
24289,1966-07-05 00:00:00,0.0815656609179863,-0.0547006661561745,0.2178319879921472,144.36,-38.147
24290,1966-07-06 00:00:00,0.206120683882013,0.0696581948905195,0.3425831728735066,144.36,-38.147
24291,1966-07-07 00:00:00,0.0859332706314626,-0.0504751948285962,0.2223417360915215,144.36,-38.147
24292,1966-07-08 00:00:00,-0.0133660644490236,-0.1496795659212168,0.1229474370231696,144.36,-38.147
24293,1966-07-09 00:00:00,0.1041713672190781,-0.0322385254295926,0.2405812598677488,144.36,-38.147
24294,1966-07-10 00:00:00,0.0206950359897223,-0.1159415489570011,0.1573316209364458,144.36,-38.147
24295,1966-07-11 00:00:00,0.0350440445464717,-0.1015798994942838,0.1716679885872273,144.36,-38.147
24296,1966-07-12 00:00:00,0.028333152678181,-0.1079850605895302,0.1646513659458923,144.36,-38.147
24297,1966-07-13 00:00:00,0.1725545987704653,0.0358272668337304,0.3092819307072003,144.36,-38.147
24298,1966-07-14 00:00:00,0.1634814989862517,0.0267606656384598,0.3002023323340436,144.36,-38.147
24299,1966-07-15 00:00:00,0.1030928815049097,-0.0335710516909935,0.2397568147008129,144.36,-38.147
24300,1966-07-16 00:00:00,0.0519132721455608,-0.0845569962789,0.1883835405700217,144.36,-38.147
24301,1966-07-17 00:00:00,0.0782235687668524,-0.0582457318747869,0.2146928694084917,144.36,-38.147
24302,1966-07-18 00:00:00,0.0499523251280138,-0.0866743967907432,0.1865790470467709,144.36,-38.147
24303,1966-07-19 00:00:00,-0.0413686304529022,-0.1777802405746908,0.0950429796688862,144.36,-38.147
24304,1966-07-20 00:00:00,0.0649231826958692,-0.0715438456086073,0.2013902110003458,144.36,-38.147
24305,1966-07-21 00:00:00,0.0609571679469289,-0.0753115339856389,0.1972258698794969,144.36,-38.147
24306,1966-07-22 00:00:00,0.0351243301245612,-0.1011741791727185,0.171422839421841,144.36,-38.147
24307,1966-07-23 00:00:00,0.1794188494115259,0.0428653690977412,0.3159723297253106,144.36,-38.147
24308,1966-07-24 00:00:00,0.1086805761613359,-0.0280848446969483,0.2454459970196201,144.36,-38.147
24309,1966-07-25 00:00:00,0.4513515909887672,0.3129260423789929,0.5897771395985416,144.36,-38.147
24310,1966-07-26 00:00:00,0.0458945214918477,-0.091101114116067,0.1828901570997625,144.36,-38.147
24311,1966-07-27 00:00:00,0.4891197466570003,0.3502294662658891,0.6280100270481115,144.36,-38.147
24312,1966-07-28 00:00:00,0.3265443975328951,0.1882108669918307,0.4648779280739595,144.36,-38.147
24313,1966-07-29 00:00:00,0.059714432404237,-0.0780133590239916,0.1974422238324657,144.36,-38.147
24314,1966-07-30 00:00:00,-0.0778611745496638,-0.2142910234653856,0.058568674366058,144.36,-38.147
24315,1966-07-31 00:00:00,-0.0346073169792235,-0.1708734643156059,0.1016588303571588,144.36,-38.147
24316,1966-08-01 00:00:00,-0.0048945538629535,-0.1411682124068913,0.1313791046809843,144.36,-38.147
24317,1966-08-02 00:00:00,0.1295964563943554,-0.0067504049603666,0.2659433177490774,144.36,-38.147
24318,1966-08-03 00:00:00,0.0957172071791704,-0.0406282372800592,0.2320626516384002,144.36,-38.147
24319,1966-08-04 00:00:00,0.0338921534604042,-0.1024951470309399,0.1702794539517484,144.36,-38.147
24320,1966-08-05 00:00:00,0.0491110261798043,-0.0874401938524338,0.1856622462120425,144.36,-38.147
24321,1966-08-06 00:00:00,-0.0248568587145026,-0.1612191904825884,0.1115054730535832,144.36,-38.147
24322,1966-08-07 00:00:00,-0.0092796663730127,-0.1455270966522041,0.1269677639061786,144.36,-38.147
24323,1966-08-08 00:00:00,-0.0409178622834978,-0.1771228308485431,0.0952871062815474,144.36,-38.147
24324,1966-08-09 00:00:00,0.0060938637221867,-0.1301164801101642,0.1423042075545378,144.36,-38.147
24325,1966-08-10 00:00:00,0.0838868422031006,-0.052464487924114,0.2202381723303153,144.36,-38.147
24326,1966-08-11 00:00:00,0.2004101531207894,0.0640346442632512,0.3367856619783276,144.36,-38.147
24327,1966-08-12 00:00:00,0.2717541959800373,0.1343351816451652,0.4091732103149094,144.36,-38.147
24328,1966-08-13 00:00:00,0.1240240472993037,-0.0125566112662138,0.2606047058648214,144.36,-38.147
24329,1966-08-14 00:00:00,0.0544104275649919,-0.0818669954781316,0.1906878506081156,144.36,-38.147
24330,1966-08-15 00:00:00,-0.0006744302369936,-0.1368890279992763,0.135540167525289,144.36,-38.147
24331,1966-08-16 00:00:00,-0.006243238275838,-0.1424597923556099,0.1299733158039339,144.36,-38.147
24332,1966-08-17 00:00:00,0.0151030648174212,-0.1212419836210352,0.1514481132558777,144.36,-38.147
24333,1966-08-18 00:00:00,0.1079902714171623,-0.0285554863672171,0.2445360292015418,144.36,-38.147
24334,1966-08-19 00:00:00,0.1345196171026165,-0.0020080641317915,0.2710472983370245,144.36,-38.147
24335,1966-08-20 00:00:00,0.1072018553157777,-0.0290898476897204,0.243493558321276,144.36,-38.147
24336,1966-08-21 00:00:00,0.1448064424225187,0.008490009424284,0.2811228754207534,144.36,-38.147
24337,1966-08-22 00:00:00,0.3521301734034212,0.2152579675128292,0.4890023792940132,144.36,-38.147
24338,1966-08-23 00:00:00,0.0754667504545277,-0.0617403363306893,0.2126738372397448,144.36,-38.147
24339,1966-08-24 00:00:00,-0.0539599058418338,-0.1907925629232577,0.08287275123959,144.36,-38.147
24340,1966-08-25 00:00:00,-0.0677701777871689,-0.2045161253612927,0.0689757697869549,144.36,-38.147
24341,1966-08-26 00:00:00,-0.0596178170758323,-0.195854114221772,0.0766184800701072,144.36,-38.147
24342,1966-08-27 00:00:00,-0.0045882947939528,-0.1408729780669572,0.1316963884790514,144.36,-38.147
24343,1966-08-28 00:00:00,-0.0103088845343715,-0.1465563523945752,0.1259385833258322,144.36,-38.147
24344,1966-08-29 00:00:00,0.0079257004781825,-0.1283598240886155,0.1442112250449807,144.36,-38.147
24345,1966-08-30 00:00:00,0.032952530789561,-0.103272248644649,0.169177310223771,144.36,-38.147
24346,1966-08-31 00:00:00,0.082457751299254,-0.0538233205293312,0.2187388231278393,144.36,-38.147
24347,1966-09-01 00:00:00,0.0807397344167922,-0.0554890166366086,0.2169684854701931,144.36,-38.147
24348,1966-09-02 00:00:00,0.0874662365642735,-0.0487612369682809,0.2236937100968281,144.36,-38.147
24349,1966-09-03 00:00:00,0.0294438500688634,-0.106781434724567,0.1656691348622939,144.36,-38.147
24350,1966-09-04 00:00:00,0.0091473219236855,-0.1270595780210799,0.1453542218684511,144.36,-38.147
24351,1966-09-05 00:00:00,-0.0016094850169957,-0.1378667304766087,0.1346477604426171,144.36,-38.147
24352,1966-09-06 00:00:00,-0.0043383863514565,-0.1406360407537384,0.1319592680508252,144.36,-38.147
24353,1966-09-07 00:00:00,0.0337932079322588,-0.1027087728852208,0.1702951887497385,144.36,-38.147
24354,1966-09-08 00:00:00,0.0506696530952187,-0.0861976533411622,0.1875369595315996,144.36,-38.147
24355,1966-09-09 00:00:00,0.0264753276232491,-0.1099363040920703,0.1628869593385686,144.36,-38.147
24356,1966-09-10 00:00:00,-0.0225987836533315,-0.1588410313284536,0.1136434640217904,144.36,-38.147
24357,1966-09-11 00:00:00,0.0197271099376872,-0.1164502662630959,0.1559044861384704,144.36,-38.147
24358,1966-09-12 00:00:00,0.0142970707710182,-0.1219086134816087,0.1505027550236452,144.36,-38.147
24359,1966-09-13 00:00:00,0.0308015756471806,-0.1055591883671268,0.167162339661488,144.36,-38.147
24360,1966-09-14 00:00:00,0.1497167731382652,0.0131424456084542,0.2862911006680763,144.36,-38.147
24361,1966-09-15 00:00:00,0.0477812277427834,-0.0886895067795352,0.1842519622651021,144.36,-38.147
24362,1966-09-16 00:00:00,0.2772135825588001,0.1404893945570713,0.4139377705605289,144.36,-38.147
24363,1966-09-17 00:00:00,0.2712252870840537,0.1343640843203699,0.4080864898477375,144.36,-38.147
24364,1966-09-18 00:00:00,0.0778506332755454,-0.0585050587712679,0.2142063253223587,144.36,-38.147
24365,1966-09-19 00:00:00,0.0134523795627815,-0.122748239944531,0.1496529990700941,144.36,-38.147
24366,1966-09-20 00:00:00,-0.0079454884330062,-0.1444865753653177,0.1285955984993052,144.36,-38.147
24367,1966-09-21 00:00:00,0.4345918550021606,0.2972545091656912,0.57192920083863,144.36,-38.147
24368,1966-09-22 00:00:00,0.3505103665019515,0.2138114730699059,0.4872092599339971,144.36,-38.147
24369,1966-09-23 00:00:00,0.1542333374886239,0.017682936787986,0.2907837381892618,144.36,-38.147
24370,1966-09-24 00:00:00,0.1156607538559631,-0.020681205159373,0.2520027128712994,144.36,-38.147
24371,1966-09-25 00:00:00,0.0231759807898251,-0.1130887753838572,0.1594407369635076,144.36,-38.147
24372,1966-09-26 00:00:00,-0.01336800996833,-0.1495616849331636,0.1228256649965034,144.36,-38.147
24373,1966-09-27 00:00:00,0.0232193650732844,-0.11298123909256,0.159419969239129,144.36,-38.147
24374,1966-09-28 00:00:00,0.0490011916281218,-0.0872227256806864,0.18522510893693,144.36,-38.147
24375,1966-09-29 00:00:00,0.0471255318617667,-0.0895839747440316,0.1838350384675651,144.36,-38.147
24376,1966-09-30 00:00:00,0.104706085483865,-0.0325343931138558,0.2419465640815859,144.36,-38.147
24377,1966-10-01 00:00:00,0.2300695258996589,0.0934665433014661,0.3666725084978517,144.36,-38.147
24378,1966-10-02 00:00:00,0.0968302432021668,-0.0393952608582971,0.2330557472626307,144.36,-38.147
24379,1966-10-03 00:00:00,0.1476322660931857,0.0108321484195368,0.2844323837668346,144.36,-38.147
24380,1966-10-04 00:00:00,0.0477962711279125,-0.0900678258866884,0.1856603681425135,144.36,-38.147
24381,1966-10-05 00:00:00,-0.0651428957863552,-0.2021861260536384,0.0719003344809279,144.36,-38.147
24382,1966-10-06 00:00:00,-0.0374546812964673,-0.1738447105875458,0.098935347994611,144.36,-38.147
24383,1966-10-07 00:00:00,-0.0027970975957596,-0.1390206502378594,0.1334264550463402,144.36,-38.147
24384,1966-10-08 00:00:00,0.0368005685220957,-0.0994158713042743,0.1730170083484659,144.36,-38.147
24385,1966-10-09 00:00:00,0.0496466875965015,-0.0866137140770002,0.1859070892700033,144.36,-38.147
24386,1966-10-10 00:00:00,0.0391446305242838,-0.0971087888373088,0.1753980498858766,144.36,-38.147
24387,1966-10-11 00:00:00,0.0420419387844187,-0.0942120552524009,0.1782959328212383,144.36,-38.147
24388,1966-10-12 00:00:00,0.0120043960022542,-0.1242576985487099,0.1482664905532183,144.36,-38.147
24389,1966-10-13 00:00:00,0.0860057479100259,-0.0503250496288782,0.22233654544893,144.36,-38.147
24390,1966-10-14 00:00:00,0.0829142135230509,-0.0533484549579447,0.2191768820040467,144.36,-38.147
24391,1966-10-15 00:00:00,0.017148067755779,-0.1190886810613577,0.1533848165729158,144.36,-38.147
24392,1966-10-16 00:00:00,0.2093789369358308,0.0728879988402369,0.3458698750314248,144.36,-38.147
24393,1966-10-17 00:00:00,0.0816617351214901,-0.0546695135275538,0.2179929837705341,144.36,-38.147
24394,1966-10-18 00:00:00,0.0242498782203706,-0.1120082718731183,0.1605080283138597,144.36,-38.147
24395,1966-10-19 00:00:00,0.019478318534866,-0.1168169231364237,0.1557735602061557,144.36,-38.147
24396,1966-10-20 00:00:00,0.2270321124749548,0.0903109280981796,0.3637532968517301,144.36,-38.147
24397,1966-10-21 00:00:00,0.1215593587958622,-0.01510090653856,0.2582196241302845,144.36,-38.147
24398,1966-10-22 00:00:00,0.0097069192161914,-0.1265710777141178,0.1459849161465006,144.36,-38.147
24399,1966-10-23 00:00:00,-0.0270410268035551,-0.1632895183116497,0.1092074647045393,144.36,-38.147
24400,1966-10-24 00:00:00,-0.0122205512141758,-0.148469064295052,0.1240279618667002,144.36,-38.147
24401,1966-10-25 00:00:00,0.0722467000436787,-0.064019475729271,0.2085128758166285,144.36,-38.147
24402,1966-10-26 00:00:00,0.1711087968856987,0.0348166732295981,0.3074009205417994,144.36,-38.147
24403,1966-10-27 00:00:00,0.0547212018209628,-0.0815286164251553,0.190971020067081,144.36,-38.147
24404,1966-10-28 00:00:00,-0.0142578177668687,-0.1504678426266868,0.1219522070929493,144.36,-38.147
24405,1966-10-29 00:00:00,-0.024514128645427,-0.1607471402504414,0.1117188829595872,144.36,-38.147
24406,1966-10-30 00:00:00,-0.0132706039694749,-0.1496103720291513,0.1230691640902015,144.36,-38.147
24407,1966-10-31 00:00:00,0.17177576319218,0.0351841276796469,0.3083673987047131,144.36,-38.147
24408,1966-11-01 00:00:00,0.3973552230580783,0.2604662566735624,0.5342441894425942,144.36,-38.147
24409,1966-11-02 00:00:00,0.2200531710385384,0.083267124768272,0.3568392173088048,144.36,-38.147
24410,1966-11-03 00:00:00,0.0109341311688586,-0.1264285530777421,0.1482968154154594,144.36,-38.147
24411,1966-11-04 00:00:00,-0.0573780084467899,-0.1942416734701351,0.0794856565765552,144.36,-38.147
24412,1966-11-05 00:00:00,-0.0026652609952569,-0.1389173467933416,0.1335868248028276,144.36,-38.147
24413,1966-11-06 00:00:00,0.0149187963111933,-0.1213319727380971,0.1511695653604838,144.36,-38.147
24414,1966-11-07 00:00:00,0.0068348590739203,-0.1294144311582782,0.1430841493061189,144.36,-38.147
24415,1966-11-08 00:00:00,0.0260886620422654,-0.1102349394190567,0.1624122635035876,144.36,-38.147
24416,1966-11-09 00:00:00,0.0414352044565484,-0.0951169439608741,0.1779873528739711,144.36,-38.147
24417,1966-11-10 00:00:00,0.1358144372147354,-0.0008602352890401,0.2724891097185111,144.36,-38.147
24418,1966-11-11 00:00:00,0.1047926944586786,-0.0318306857418973,0.2414160746592546,144.36,-38.147
24419,1966-11-12 00:00:00,0.0312404269250389,-0.1050428554733099,0.1675237093233879,144.36,-38.147
24420,1966-11-13 00:00:00,0.2636287498447115,0.1265030689876724,0.4007544307017506,144.36,-38.147
24421,1966-11-14 00:00:00,0.0995192983975121,-0.0374587862260002,0.2364973830210244,144.36,-38.147
24422,1966-11-15 00:00:00,0.051863816026762,-0.0846963184525511,0.1884239505060752,144.36,-38.147
24423,1966-11-16 00:00:00,0.0348847101161684,-0.1014108102167501,0.171180230449087,144.36,-38.147
24424,1966-11-17 00:00:00,0.0276640811384704,-0.1085364319461318,0.1638645942230727,144.36,-38.147
24425,1966-11-18 00:00:00,0.007854599504539,-0.1283793217486356,0.1440885207577137,144.36,-38.147
24426,1966-11-19 00:00:00,0.0183915284459735,-0.1178223693186562,0.1546054262106034,144.36,-38.147
24427,1966-11-20 00:00:00,0.054618203786291,-0.0816165956860766,0.1908530032586588,144.36,-38.147
24428,1966-11-21 00:00:00,0.0354546732508735,-0.1007930479617048,0.1717023944634519,144.36,-38.147
24429,1966-11-22 00:00:00,0.0146916303424515,-0.1216008053543249,0.1509840660392281,144.36,-38.147
24430,1966-11-23 00:00:00,0.0773952437378659,-0.0591222422627932,0.2139127297385251,144.36,-38.147
24431,1966-11-24 00:00:00,0.3417559811530969,0.2050098861958664,0.4785020761103273,144.36,-38.147
24432,1966-11-25 00:00:00,0.1391509547950417,0.00273703079629,0.2755648787937934,144.36,-38.147
24433,1966-11-26 00:00:00,0.0926721475237311,-0.0437199183799511,0.2290642134274135,144.36,-38.147
24434,1966-11-27 00:00:00,0.2031514866847697,0.0666987668663056,0.3396042065032339,144.36,-38.147
24435,1966-11-28 00:00:00,0.3338387292910365,0.1972152085353963,0.4704622500466767,144.36,-38.147
24436,1966-11-29 00:00:00,0.0462659678866147,-0.0908451270974602,0.1833770628706897,144.36,-38.147
24437,1966-11-30 00:00:00,0.1775601664376966,0.0404148717967866,0.3147054610786066,144.36,-38.147
24438,1966-12-01 00:00:00,0.0786795104356128,-0.0579474547992113,0.2153064756704369,144.36,-38.147
24439,1966-12-02 00:00:00,-0.0698438079644837,-0.2063000730102036,0.0666124570812361,144.36,-38.147
24440,1966-12-03 00:00:00,-0.0046870649853753,-0.1412841270847939,0.1319099971140432,144.36,-38.147
24441,1966-12-04 00:00:00,0.0204402818285092,-0.1160532668119006,0.1569338304689191,144.36,-38.147
24442,1966-12-05 00:00:00,0.0121357584684338,-0.1258540845760444,0.1501256015129121,144.36,-38.147
24443,1966-12-06 00:00:00,0.0213699281929373,-0.1161389037299445,0.1588787601158192,144.36,-38.147
24444,1966-12-07 00:00:00,0.017890601465012,-0.1186065952321582,0.1543877981621823,144.36,-38.147
24445,1966-12-08 00:00:00,0.03784009162606,-0.0985049228909179,0.1741851061430379,144.36,-38.147
24446,1966-12-09 00:00:00,-0.0125406862548511,-0.1488929572012828,0.1238115846915805,144.36,-38.147
24447,1966-12-10 00:00:00,-0.0255841790115769,-0.1618118841651626,0.1106435261420087,144.36,-38.147
24448,1966-12-11 00:00:00,0.0354142192844282,-0.1009833735313439,0.1718118121002004,144.36,-38.147
24449,1966-12-12 00:00:00,0.0542507226433501,-0.0824383505751761,0.1909397958618764,144.36,-38.147
24450,1966-12-13 00:00:00,0.1913054914248109,0.0546765493781327,0.327934433471489,144.36,-38.147
24451,1966-12-14 00:00:00,0.1924338134010103,0.0560072915858404,0.3288603352161803,144.36,-38.147
24452,1966-12-15 00:00:00,0.1909400626974911,0.0545604154733301,0.327319709921652,144.36,-38.147
24453,1966-12-16 00:00:00,0.0544383861955088,-0.0819808556251326,0.1908576280161504,144.36,-38.147
24454,1966-12-17 00:00:00,0.0296989668009366,-0.1066131191875972,0.1660110527894705,144.36,-38.147
24455,1966-12-18 00:00:00,0.1177632690549274,-0.018490053668352,0.2540165917782068,144.36,-38.147
24456,1966-12-19 00:00:00,0.2229056087908205,0.0865509139935268,0.3592603035881142,144.36,-38.147
24457,1966-12-20 00:00:00,0.3065199847399613,0.1700035124857744,0.4430364569941482,144.36,-38.147
24458,1966-12-21 00:00:00,0.0757446188753266,-0.0605819414611277,0.2120711792117809,144.36,-38.147
24459,1966-12-22 00:00:00,0.033229678390798,-0.1029947614972491,0.1694541182788451,144.36,-38.147
24460,1966-12-23 00:00:00,0.0279113404098128,-0.1083718051128923,0.1641944859325181,144.36,-38.147
24461,1966-12-24 00:00:00,-0.0112265668660373,-0.1474769708772795,0.1250238371452048,144.36,-38.147
24462,1966-12-25 00:00:00,0.0829195332753875,-0.0535312393902795,0.2193703059410546,144.36,-38.147
24463,1966-12-26 00:00:00,0.1262935149619622,-0.0101991649570447,0.2627861948809692,144.36,-38.147
24464,1966-12-27 00:00:00,0.0350640918999619,-0.1013172019125442,0.171445385712468,144.36,-38.147
24465,1966-12-28 00:00:00,0.0322580507758037,-0.1042174564845276,0.1687335580361351,144.36,-38.147
24466,1966-12-29 00:00:00,0.1535626246028792,0.0170365214151305,0.2900887277906279,144.36,-38.147
24467,1966-12-30 00:00:00,0.1372141926653879,0.0008921403430337,0.2735362449877421,144.36,-38.147
24468,1966-12-31 00:00:00,0.1481435816889282,0.0118835224641846,0.2844036409136719,144.36,-38.147
24469,1967-01-01 00:00:00,0.1104572856300511,-0.0257804227737124,0.2466949940338148,144.36,-38.147
24470,1967-01-02 00:00:00,0.1588700112397515,0.0225936540449266,0.2951463684345765,144.36,-38.147
24471,1967-01-03 00:00:00,0.0917282407352446,-0.0444937266610339,0.2279502081315232,144.36,-38.147
24472,1967-01-04 00:00:00,0.0613804291691375,-0.0748604294493985,0.1976212877876736,144.36,-38.147
24473,1967-01-05 00:00:00,0.0258718831715196,-0.1104014912438703,0.1621452575869095,144.36,-38.147
24474,1967-01-06 00:00:00,0.0393752837493491,-0.0971383864530292,0.1758889539517275,144.36,-38.147
24475,1967-01-07 00:00:00,0.0915253744026932,-0.0455892092111345,0.228639958016521,144.36,-38.147
24476,1967-01-08 00:00:00,0.0571523305964572,-0.0792044368861443,0.1935090980790587,144.36,-38.147
24477,1967-01-09 00:00:00,0.0443092363872975,-0.0919374005323935,0.1805558733069885,144.36,-38.147
24478,1967-01-10 00:00:00,0.1760780988761934,0.0396088611288873,0.3125473366234995,144.36,-38.147
24479,1967-01-11 00:00:00,0.0765293310272134,-0.0598704256813759,0.2129290877358028,144.36,-38.147
24480,1967-01-12 00:00:00,0.1624799374277576,0.0261544285870474,0.2988054462684678,144.36,-38.147
24481,1967-01-13 00:00:00,0.3192691361932414,0.1825950133030349,0.4559432590834479,144.36,-38.147
24482,1967-01-14 00:00:00,0.2034989306607652,0.0669773383480724,0.340020522973458,144.36,-38.147
24483,1967-01-15 00:00:00,0.1779047852154499,0.0415834691902542,0.3142261012406456,144.36,-38.147
24484,1967-01-16 00:00:00,0.2231090890179003,0.0867372563874024,0.3594809216483982,144.36,-38.147
24485,1967-01-17 00:00:00,0.0431684815324037,-0.0932334702317154,0.1795704332965229,144.36,-38.147
24486,1967-01-18 00:00:00,0.0153395320386412,-0.120904343502116,0.1515834075793986,144.36,-38.147
24487,1967-01-19 00:00:00,0.0241169272823208,-0.1121559721549556,0.1603898267195972,144.36,-38.147
24488,1967-01-20 00:00:00,0.2119774931349543,0.0756060044108309,0.3483489818590778,144.36,-38.147
24489,1967-01-21 00:00:00,0.0914167510267293,-0.0450289240181636,0.2278624260716223,144.36,-38.147
24490,1967-01-22 00:00:00,0.3641184746448868,0.2270747207953212,0.5011622284944524,144.36,-38.147
24491,1967-01-23 00:00:00,0.163620857570658,0.0270843480823895,0.3001573670589266,144.36,-38.147
24492,1967-01-24 00:00:00,0.1011124753514449,-0.0352763016827099,0.2375012523855998,144.36,-38.147
24493,1967-01-25 00:00:00,0.0024369778435746,-0.1339215476120274,0.1387955032991767,144.36,-38.147
24494,1967-01-26 00:00:00,0.0064425919087354,-0.1297818406120592,0.1426670244295301,144.36,-38.147
24495,1967-01-27 00:00:00,0.0170287984880229,-0.1192400082488273,0.1532976052248731,144.36,-38.147
24496,1967-01-28 00:00:00,0.051951649293241,-0.0842988520340367,0.1882021506205188,144.36,-38.147
24497,1967-01-29 00:00:00,0.0653292823921317,-0.0717017353816655,0.2023603001659291,144.36,-38.147
24498,1967-01-30 00:00:00,0.0753936213691146,-0.0615988671094779,0.2123861098477072,144.36,-38.147
24499,1967-01-31 00:00:00,0.0204557173160591,-0.1160307882188667,0.156942222850985,144.36,-38.147
24500,1967-02-01 00:00:00,0.0085126591867512,-0.1278251524114965,0.1448504707849991,144.36,-38.147
24501,1967-02-02 00:00:00,-0.028159404873251,-0.1644557312000046,0.1081369214535026,144.36,-38.147
24502,1967-02-03 00:00:00,-0.0198920444911961,-0.156156950357899,0.1163728613755067,144.36,-38.147
24503,1967-02-04 00:00:00,0.0562129989700927,-0.0800918118842768,0.1925178098244624,144.36,-38.147
24504,1967-02-05 00:00:00,0.0430557161379302,-0.0933096012156099,0.1794210334914704,144.36,-38.147
24505,1967-02-06 00:00:00,-0.0037692336235379,-0.1400226193501266,0.1324841521030507,144.36,-38.147
24506,1967-02-07 00:00:00,0.0739861296242357,-0.0623159322073224,0.2102881914557939,144.36,-38.147
24507,1967-02-08 00:00:00,0.0651010966413291,-0.0718338226661872,0.2020360159488456,144.36,-38.147
24508,1967-02-09 00:00:00,0.0385076873588492,-0.0981142795006131,0.1751296542183115,144.36,-38.147
24509,1967-02-10 00:00:00,0.0623413441669125,-0.0740172716037541,0.1986999599375793,144.36,-38.147
24510,1967-02-11 00:00:00,0.0622565003665169,-0.0740052722955561,0.19851827302859,144.36,-38.147
24511,1967-02-12 00:00:00,0.0592506487861694,-0.0770412734575884,0.1955425710299273,144.36,-38.147
24512,1967-02-13 00:00:00,0.0695331265873429,-0.0667165117496315,0.2057827649243173,144.36,-38.147
24513,1967-02-14 00:00:00,0.1684486810072654,0.0319894306521894,0.3049079313623414,144.36,-38.147
24514,1967-02-15 00:00:00,0.1675064977918171,0.0310779436724034,0.3039350519112307,144.36,-38.147
24515,1967-02-16 00:00:00,0.0689732606566267,-0.0673827404992164,0.20532926181247,144.36,-38.147
24516,1967-02-17 00:00:00,0.0332510597407286,-0.1029625673464093,0.1694646868278665,144.36,-38.147
24517,1967-02-18 00:00:00,0.0154021832078741,-0.1208216708089595,0.1516260372247077,144.36,-38.147
24518,1967-02-19 00:00:00,-0.0134773000570949,-0.1496849297546089,0.122730329640419,144.36,-38.147
24519,1967-02-20 00:00:00,0.0355111008046591,-0.1007603326527177,0.171782534262036,144.36,-38.147
24520,1967-02-21 00:00:00,0.0430276777909877,-0.0933298887401346,0.1793852443221101,144.36,-38.147
24521,1967-02-22 00:00:00,0.1118641230835809,-0.0246816622097899,0.2484099083769517,144.36,-38.147
24522,1967-02-23 00:00:00,0.1369763996294361,2.544669373050201e-06,0.2739502545894992,144.36,-38.147
24523,1967-02-24 00:00:00,0.0741065193941227,-0.0628683263440717,0.2110813651323171,144.36,-38.147
24524,1967-02-25 00:00:00,0.27806687192808,0.141509855011432,0.4146238888447279,144.36,-38.147
24525,1967-02-26 00:00:00,0.1079909852322356,-0.0285176763247527,0.244499646789224,144.36,-38.147
24526,1967-02-27 00:00:00,0.0469511366507886,-0.0894748198909274,0.1833770931925047,144.36,-38.147
24527,1967-02-28 00:00:00,0.0329241776895924,-0.1035265864351231,0.1693749418143079,144.36,-38.147
24528,1967-03-01 00:00:00,-0.0370442017406761,-0.1733792808889406,0.0992908774075883,144.36,-38.147
24529,1967-03-02 00:00:00,-0.0069254530370079,-0.1431667345460441,0.1293158284720282,144.36,-38.147
24530,1967-03-03 00:00:00,0.1508972003406265,0.0144550069916327,0.2873393936896203,144.36,-38.147
24531,1967-03-04 00:00:00,0.2093720462688359,0.0729217894082417,0.3458223031294301,144.36,-38.147
24532,1967-03-05 00:00:00,0.0690934150106373,-0.0672401878746012,0.2054270178958759,144.36,-38.147
24533,1967-03-06 00:00:00,0.0002219486555478,-0.1361057701606233,0.1365496674717189,144.36,-38.147
24534,1967-03-07 00:00:00,0.1025011330207621,-0.033834953247272,0.2388372192887963,144.36,-38.147
24535,1967-03-08 00:00:00,0.0907340923077323,-0.0458971568205471,0.2273653414360118,144.36,-38.147
24536,1967-03-09 00:00:00,0.1219962985045941,-0.0145852468820139,0.2585778438912023,144.36,-38.147
24537,1967-03-10 00:00:00,0.1058075973344074,-0.0304859464056548,0.2421011410744698,144.36,-38.147
24538,1967-03-11 00:00:00,0.0116787286159808,-0.1245184799930072,0.1478759372249689,144.36,-38.147
24539,1967-03-12 00:00:00,-0.0142318685582143,-0.1504320415853999,0.1219683044689712,144.36,-38.147
24540,1967-03-13 00:00:00,-0.0223086622746515,-0.1585141324187067,0.1138968078694036,144.36,-38.147
24541,1967-03-14 00:00:00,0.0019115641898284,-0.1342810438786376,0.1381041722582945,144.36,-38.147
24542,1967-03-15 00:00:00,-0.0077389695397337,-0.1439291797657853,0.1284512406863179,144.36,-38.147
24543,1967-03-16 00:00:00,0.0292588922995863,-0.1069329230025107,0.1654507076016834,144.36,-38.147
24544,1967-03-17 00:00:00,0.0489328999507412,-0.0873209851888894,0.185186785090372,144.36,-38.147
24545,1967-03-18 00:00:00,0.2495514816095733,0.1129775036074072,0.3861254596117395,144.36,-38.147
24546,1967-03-19 00:00:00,0.0890576156247583,-0.0473252838105397,0.2254405150600564,144.36,-38.147
24547,1967-03-20 00:00:00,0.0311786743075077,-0.1051759291926394,0.167533277807655,144.36,-38.147
24548,1967-03-21 00:00:00,0.1372515231629735,0.0009655375499309,0.2735375087760162,144.36,-38.147
24549,1967-03-22 00:00:00,0.229017499397562,0.0926628847843471,0.3653721140107769,144.36,-38.147
24550,1967-03-23 00:00:00,0.136994690331835,0.0002107992687623,0.2737785813949077,144.36,-38.147
24551,1967-03-24 00:00:00,0.0495547621890639,-0.086884041919908,0.1859935662980358,144.36,-38.147
24552,1967-03-25 00:00:00,0.0626267267008521,-0.0735943015427169,0.1988477549444212,144.36,-38.147
24553,1967-03-26 00:00:00,0.0126537982327093,-0.1235316029524221,0.1488391994178408,144.36,-38.147
24554,1967-03-27 00:00:00,-0.0085898614570296,-0.1447888377534347,0.1276091148393754,144.36,-38.147
24555,1967-03-28 00:00:00,0.0068905640844705,-0.1293065991011447,0.1430877272700857,144.36,-38.147
24556,1967-03-29 00:00:00,0.0828585926008076,-0.053511914892362,0.2192291000939772,144.36,-38.147
24557,1967-03-30 00:00:00,0.0029102907948587,-0.1335222333481074,0.139342814937825,144.36,-38.147
24558,1967-03-31 00:00:00,-0.0255165908362162,-0.1618343438206178,0.1108011621481853,144.36,-38.147
24559,1967-04-01 00:00:00,-0.0446418479512731,-0.1809272709875799,0.0916435750850335,144.36,-38.147
24560,1967-04-02 00:00:00,-0.029131977456809,-0.1653401804813751,0.107076225567757,144.36,-38.147
24561,1967-04-03 00:00:00,-0.0151338710450956,-0.1513393937530366,0.1210716516628454,144.36,-38.147
24562,1967-04-04 00:00:00,0.0335937733737658,-0.1027643121614424,0.1699518589089741,144.36,-38.147
24563,1967-04-05 00:00:00,0.215440097338823,0.0788128186988273,0.3520673759788188,144.36,-38.147
24564,1967-04-06 00:00:00,0.0649111046261695,-0.0714736193667442,0.2012958286190833,144.36,-38.147
24565,1967-04-07 00:00:00,0.0338566802898072,-0.10238361493571,0.1700969755153246,144.36,-38.147
24566,1967-04-08 00:00:00,0.1145031182009056,-0.0217401896706997,0.250746426072511,144.36,-38.147
24567,1967-04-09 00:00:00,0.0509763821147346,-0.085398880581112,0.1873516448105813,144.36,-38.147
24568,1967-04-10 00:00:00,-0.0360778462218555,-0.1723052799379313,0.1001495874942201,144.36,-38.147
24569,1967-04-11 00:00:00,-0.0206590842343988,-0.1568415495597787,0.115523381090981,144.36,-38.147
24570,1967-04-12 00:00:00,-0.0085156588295802,-0.1447052866932392,0.1276739690340786,144.36,-38.147
24571,1967-04-13 00:00:00,-0.0230012100273795,-0.15921852074973,0.1132161006949709,144.36,-38.147
24572,1967-04-14 00:00:00,0.0511907907512119,-0.0850783443364801,0.187459925838904,144.36,-38.147
24573,1967-04-15 00:00:00,0.056150697436458,-0.0802153770462606,0.1925167719191768,144.36,-38.147
24574,1967-04-16 00:00:00,-0.0200816349090395,-0.1563318057515079,0.1161685359334287,144.36,-38.147
24575,1967-04-17 00:00:00,0.051753350635603,-0.0845429722967993,0.1880496735680055,144.36,-38.147
24576,1967-04-18 00:00:00,0.0109124997795957,-0.1253767474671977,0.1472017470263892,144.36,-38.147
24577,1967-04-19 00:00:00,0.0728825666094807,-0.0634004317013257,0.2091655649202872,144.36,-38.147
24578,1967-04-20 00:00:00,0.1106908017467935,-0.0256315712763382,0.2470131747699254,144.36,-38.147
24579,1967-04-21 00:00:00,0.0748259764872327,-0.0614162927063601,0.2110682456808256,144.36,-38.147
24580,1967-04-22 00:00:00,0.1604391591746239,0.0240548342477731,0.2968234841014747,144.36,-38.147
24581,1967-04-23 00:00:00,0.0190738738605826,-0.1171490638372865,0.1552968115584518,144.36,-38.147
24582,1967-04-24 00:00:00,0.0348857233533096,-0.101381372485637,0.1711528191922563,144.36,-38.147
24583,1967-04-25 00:00:00,0.1834303387709096,0.0470390215429885,0.3198216559988307,144.36,-38.147
24584,1967-04-26 00:00:00,0.0345772479466881,-0.1020775409194924,0.1712320368128687,144.36,-38.147
24585,1967-04-27 00:00:00,0.0222184022169826,-0.1141653950541497,0.158602199488115,144.36,-38.147
24586,1967-04-28 00:00:00,0.0933052098557264,-0.0429795529369256,0.2295899726483785,144.36,-38.147
24587,1967-04-29 00:00:00,0.1092101303596031,-0.0270596436476629,0.2454799043668691,144.36,-38.147
24588,1967-04-30 00:00:00,0.080017686553465,-0.0563512906873685,0.2163866637942987,144.36,-38.147
24589,1967-05-01 00:00:00,-0.0033948307095154,-0.1396465427157593,0.1328568812967284,144.36,-38.147
24590,1967-05-02 00:00:00,-0.017567870175676,-0.1537566554386633,0.1186209150873112,144.36,-38.147
24591,1967-05-03 00:00:00,0.0118368131882735,-0.1243616473655591,0.1480352737421061,144.36,-38.147
24592,1967-05-04 00:00:00,0.0617009400404503,-0.0744807599351841,0.1978826400160849,144.36,-38.147
24593,1967-05-05 00:00:00,0.093596447652471,-0.0427079859952697,0.2299008813002117,144.36,-38.147
24594,1967-05-06 00:00:00,0.1054337885724888,-0.0308487764472401,0.2417163535922178,144.36,-38.147
24595,1967-05-07 00:00:00,0.1764646463892022,0.0401925346335203,0.3127367581448841,144.36,-38.147
24596,1967-05-08 00:00:00,0.0705737101013687,-0.0656193956030199,0.2067668158057574,144.36,-38.147
24597,1967-05-09 00:00:00,0.0885881849691945,-0.047701075577102,0.2248774455154911,144.36,-38.147
24598,1967-05-10 00:00:00,0.0561070857678593,-0.0801550992879352,0.1923692708236539,144.36,-38.147
24599,1967-05-11 00:00:00,0.0653596287149664,-0.0709339407617238,0.2016531981916568,144.36,-38.147
24600,1967-05-12 00:00:00,0.1469639181323934,0.010714825487682,0.2832130107771048,144.36,-38.147
24601,1967-05-13 00:00:00,0.1396511070116976,0.0033583515893781,0.275943862434017,144.36,-38.147
24602,1967-05-14 00:00:00,0.0477388817437701,-0.0886087890541905,0.1840865525417307,144.36,-38.147
24603,1967-05-15 00:00:00,-0.0885513759589754,-0.2248268219651743,0.0477240700472234,144.36,-38.147
24604,1967-05-16 00:00:00,-0.0743598014591832,-0.2105828580899657,0.0618632551715992,144.36,-38.147
24605,1967-05-17 00:00:00,-0.0095499096329126,-0.1457268863779032,0.1266270671120778,144.36,-38.147
24606,1967-05-18 00:00:00,0.0363542926301721,-0.0999974483366508,0.1727060335969951,144.36,-38.147
24607,1967-05-19 00:00:00,0.1427719367982809,0.0062169021437851,0.2793269714527768,144.36,-38.147
24608,1967-05-20 00:00:00,0.1064377668810226,-0.029828446366772,0.2427039801288174,144.36,-38.147
24609,1967-05-21 00:00:00,0.0382318810444676,-0.0982056095973631,0.1746693716862983,144.36,-38.147
24610,1967-05-22 00:00:00,-0.0210912797663476,-0.1575289379011592,0.115346378368464,144.36,-38.147
24611,1967-05-23 00:00:00,-0.0776233431449507,-0.2140806467552215,0.0588339604653199,144.36,-38.147
24612,1967-05-24 00:00:00,-0.0459373190582221,-0.182260903056232,0.0903862649397875,144.36,-38.147
24613,1967-05-25 00:00:00,-0.0147223487184299,-0.1509606944217193,0.1215159969848595,144.36,-38.147
24614,1967-05-26 00:00:00,0.0413049489367831,-0.094956274067032,0.1775661719405983,144.36,-38.147
24615,1967-05-27 00:00:00,0.0759057612415126,-0.0603647926399985,0.2121763151230238,144.36,-38.147
24616,1967-05-28 00:00:00,0.0237216234434071,-0.1125583359982899,0.1600015828851043,144.36,-38.147
24617,1967-05-29 00:00:00,0.0096409538242293,-0.1267432977794053,0.146025205427864,144.36,-38.147
24618,1967-05-30 00:00:00,0.0987393562713028,-0.0378261784545567,0.2353048909971625,144.36,-38.147
24619,1967-05-31 00:00:00,0.0774605307120789,-0.0589320463375612,0.213853107761719,144.36,-38.147
24620,1967-06-01 00:00:00,0.1230003820679505,-0.0134825422688875,0.2594833064047886,144.36,-38.147
24621,1967-06-02 00:00:00,0.0180091998302999,-0.1183021072053302,0.1543205068659301,144.36,-38.147
24622,1967-06-03 00:00:00,-0.0415947797293298,-0.1778251733970497,0.09463561393839,144.36,-38.147
24623,1967-06-04 00:00:00,0.0184716076419466,-0.1177605276711084,0.1547037429550017,144.36,-38.147
24624,1967-06-05 00:00:00,-0.0095539194348465,-0.1457805421971928,0.1266727033274997,144.36,-38.147
24625,1967-06-06 00:00:00,-0.0610929635144651,-0.1973158388120153,0.075129911783085,144.36,-38.147
24626,1967-06-07 00:00:00,-0.0371446006993239,-0.1734778553098392,0.0991886539111912,144.36,-38.147
24627,1967-06-08 00:00:00,-0.0508000951130045,-0.1870692026632261,0.085469012437217,144.36,-38.147
24628,1967-06-09 00:00:00,-0.0544704541720112,-0.1906981006540415,0.081757192310019,144.36,-38.147
24629,1967-06-10 00:00:00,0.0408471575171767,-0.0954480345056492,0.1771423495400028,144.36,-38.147
24630,1967-06-11 00:00:00,0.0671341017950451,-0.0691443439920824,0.2034125475821726,144.36,-38.147
24631,1967-06-12 00:00:00,-0.021015455862024,-0.1572314163888712,0.115200504664823,144.36,-38.147
24632,1967-06-13 00:00:00,-0.0258574375416218,-0.1621488730237883,0.1104339979405445,144.36,-38.147
24633,1967-06-14 00:00:00,0.0495978346665399,-0.0867762083557622,0.185971877688842,144.36,-38.147
24634,1967-06-15 00:00:00,0.1070556454447627,-0.0292457586263612,0.2433570495158867,144.36,-38.147
24635,1967-06-16 00:00:00,0.0445563183200271,-0.0918189264215826,0.1809315630616369,144.36,-38.147
24636,1967-06-17 00:00:00,-0.0303326919875493,-0.1666674402039177,0.1060020562288189,144.36,-38.147
24637,1967-06-18 00:00:00,-0.0122391877777499,-0.1484243810567796,0.1239460055012798,144.36,-38.147
24638,1967-06-19 00:00:00,0.081719585034499,-0.0545599435564848,0.2179991136254828,144.36,-38.147
24639,1967-06-20 00:00:00,0.0481088946221299,-0.0881565368751198,0.1843743261193797,144.36,-38.147
24640,1967-06-21 00:00:00,-0.0033770378110779,-0.139601660444848,0.1328475848226921,144.36,-38.147
24641,1967-06-22 00:00:00,0.0443010883352682,-0.0919435017040741,0.1805456783746106,144.36,-38.147
24642,1967-06-23 00:00:00,0.1071974964648363,-0.02913185327026,0.2435268461999327,144.36,-38.147
24643,1967-06-24 00:00:00,0.1024961575417203,-0.0338491372333927,0.2388414523168333,144.36,-38.147
24644,1967-06-25 00:00:00,0.0260330848389004,-0.1102022436381269,0.1622684133159279,144.36,-38.147
24645,1967-06-26 00:00:00,-0.0086736784229992,-0.1449240945853863,0.1275767377393878,144.36,-38.147
24646,1967-06-27 00:00:00,0.0125177072676252,-0.1237597551421771,0.1487951696774276,144.36,-38.147
24647,1967-06-28 00:00:00,0.023780112565619,-0.1125022278656632,0.1600624529969013,144.36,-38.147
24648,1967-06-29 00:00:00,0.0449486550908499,-0.0913733809822201,0.1812706911639201,144.36,-38.147
24649,1967-06-30 00:00:00,0.0796165439719353,-0.0568227361453182,0.216055824089189,144.36,-38.147
24650,1967-07-01 00:00:00,0.124728593079098,-0.0120318390803168,0.2614890252385129,144.36,-38.147
24651,1967-07-02 00:00:00,0.0849940034735575,-0.0518629381863644,0.2218509451334795,144.36,-38.147
24652,1967-07-03 00:00:00,0.021823653801395,-0.1145912104951171,0.1582385180979072,144.36,-38.147
24653,1967-07-04 00:00:00,-0.0183819387401,-0.1546104393034341,0.117846561823234,144.36,-38.147
24654,1967-07-05 00:00:00,0.0375931083605003,-0.098668870724411,0.1738550874454116,144.36,-38.147
24655,1967-07-06 00:00:00,0.0902967196680603,-0.0459723785992979,0.2265658179354187,144.36,-38.147
24656,1967-07-07 00:00:00,0.0103329271907194,-0.1258881673776711,0.14655402175911,144.36,-38.147
24657,1967-07-08 00:00:00,0.0370516503637672,-0.0992217276290168,0.1733250283565512,144.36,-38.147
24658,1967-07-09 00:00:00,0.0517012354217026,-0.0847182841192618,0.1881207549626671,144.36,-38.147
24659,1967-07-10 00:00:00,0.1337970886118632,-0.0031288330898338,0.2707230103135604,144.36,-38.147
24660,1967-07-11 00:00:00,0.1176603535271213,-0.0187035486981018,0.2540242557523446,144.36,-38.147
24661,1967-07-12 00:00:00,0.075416786679917,-0.0610017639798477,0.2118353373396818,144.36,-38.147
24662,1967-07-13 00:00:00,0.1760698244396044,0.0395419225609402,0.3125977263182686,144.36,-38.147
24663,1967-07-14 00:00:00,0.1846345529542642,0.048114522136033,0.3211545837724955,144.36,-38.147
24664,1967-07-15 00:00:00,0.2017137400837343,0.0651443541717391,0.3382831259957295,144.36,-38.147
24665,1967-07-16 00:00:00,0.058145702047998,-0.0786330209831893,0.1949244250791854,144.36,-38.147
24666,1967-07-17 00:00:00,0.2791797352981195,0.1424246103767591,0.41593486021948,144.36,-38.147
24667,1967-07-18 00:00:00,0.3213372089260476,0.1845876450915501,0.4580867727605451,144.36,-38.147
24668,1967-07-19 00:00:00,0.113720139517827,-0.0227657631158914,0.2502060421515455,144.36,-38.147
24669,1967-07-20 00:00:00,0.0067904604463917,-0.1295654017699693,0.1431463226627528,144.36,-38.147
24670,1967-07-21 00:00:00,0.0141894411957165,-0.1221687263186566,0.1505476087100897,144.36,-38.147
24671,1967-07-22 00:00:00,0.1538031627681004,0.0172782142446924,0.2903281112915085,144.36,-38.147
24672,1967-07-23 00:00:00,0.035908840082206,-0.1005093090594817,0.1723269892238939,144.36,-38.147
24673,1967-07-24 00:00:00,0.0536137081978543,-0.082685524087737,0.1899129404834457,144.36,-38.147
24674,1967-07-25 00:00:00,0.0550040018852438,-0.0813897712882163,0.1913977750587039,144.36,-38.147
24675,1967-07-26 00:00:00,-0.0333281200997501,-0.1695522503482846,0.1028960101487843,144.36,-38.147
24676,1967-07-27 00:00:00,-0.0312401761216766,-0.167517883074402,0.1050375308310488,144.36,-38.147
24677,1967-07-28 00:00:00,0.0028628340084896,-0.1334821595559427,0.139207827572922,144.36,-38.147
24678,1967-07-29 00:00:00,0.0655854002587447,-0.0711706682620873,0.2023414687795767,144.36,-38.147
24679,1967-07-30 00:00:00,0.1741975640183408,0.037861901063133,0.3105332269735485,144.36,-38.147
24680,1967-07-31 00:00:00,0.094119230486958,-0.042475577361589,0.2307140383355052,144.36,-38.147
24681,1967-08-01 00:00:00,0.1646272392743335,0.0277895982006561,0.3014648803480109,144.36,-38.147
24682,1967-08-02 00:00:00,0.0733408228102811,-0.0629925678451217,0.209674213465684,144.36,-38.147
24683,1967-08-03 00:00:00,0.0423895437838663,-0.0939196629970804,0.178698750564813,144.36,-38.147
24684,1967-08-04 00:00:00,0.0515698256219493,-0.0848401186493864,0.1879797698932852,144.36,-38.147
24685,1967-08-05 00:00:00,0.1069661203865634,-0.0295134989612615,0.2434457397343885,144.36,-38.147
24686,1967-08-06 00:00:00,0.0420931620695937,-0.0942520244930154,0.1784383486322029,144.36,-38.147
24687,1967-08-07 00:00:00,0.026616212471022,-0.1099641730620463,0.1631965980040904,144.36,-38.147
24688,1967-08-08 00:00:00,0.1191872941750052,-0.0172174510372603,0.2555920393872708,144.36,-38.147
24689,1967-08-09 00:00:00,0.0773890739395234,-0.0589025342123081,0.2136806820913551,144.36,-38.147
24690,1967-08-10 00:00:00,0.1216494827259233,-0.0148521611802784,0.2581511266321251,144.36,-38.147
24691,1967-08-11 00:00:00,0.2955258566457326,0.1574054630696252,0.43364625022184,144.36,-38.147
24692,1967-08-12 00:00:00,0.1532709970279743,0.0166249227806028,0.2899170712753459,144.36,-38.147
24693,1967-08-13 00:00:00,0.1816052532979194,0.044978644913576,0.3182318616822627,144.36,-38.147
24694,1967-08-14 00:00:00,0.0610876622696665,-0.0752700667967201,0.1974453913360533,144.36,-38.147
24695,1967-08-15 00:00:00,-0.00785781193902,-0.1440986292168948,0.1283830053388547,144.36,-38.147
24696,1967-08-16 00:00:00,-0.0514766207471626,-0.1876674042906212,0.0847141627962959,144.36,-38.147
24697,1967-08-17 00:00:00,-0.0557178002843864,-0.1919111023392928,0.0804755017705198,144.36,-38.147
24698,1967-08-18 00:00:00,-0.0452046166171235,-0.181442852381447,0.0910336191472001,144.36,-38.147
24699,1967-08-19 00:00:00,-0.0029393272471134,-0.1391897479550745,0.1333110934608476,144.36,-38.147
24700,1967-08-20 00:00:00,0.0998366772978126,-0.0365188004185335,0.2361921550141588,144.36,-38.147
24701,1967-08-21 00:00:00,0.1080194326704075,-0.0284289379902615,0.2444678033310765,144.36,-38.147
24702,1967-08-22 00:00:00,0.0809118570103372,-0.0558063688465281,0.2176300828672027,144.36,-38.147
24703,1967-08-23 00:00:00,0.0460237713409717,-0.0903251290521688,0.1823726717341122,144.36,-38.147
24704,1967-08-24 00:00:00,0.1583027805205194,0.0220626126958678,0.294542948345171,144.36,-38.147
24705,1967-08-25 00:00:00,0.1307007352070546,-0.0055318544739526,0.266933324888062,144.36,-38.147
24706,1967-08-26 00:00:00,0.0679912566964405,-0.068361806488104,0.2043443198809852,144.36,-38.147
24707,1967-08-27 00:00:00,0.5226959829851869,0.38543926667714,0.6599526992932339,144.36,-38.147
24708,1967-08-28 00:00:00,0.1832881401705238,0.0464233693928026,0.3201529109482451,144.36,-38.147
24709,1967-08-29 00:00:00,0.2421676577287565,0.1056230773186237,0.3787122381388893,144.36,-38.147
24710,1967-08-30 00:00:00,0.2545386430541859,0.1179067891177965,0.3911704969905754,144.36,-38.147
24711,1967-08-31 00:00:00,0.0169708947842441,-0.1195786272887221,0.1535204168572104,144.36,-38.147
24712,1967-09-01 00:00:00,0.1087747539636166,-0.0279520928896845,0.2455016008169177,144.36,-38.147
24713,1967-09-02 00:00:00,0.1796978223080507,0.0424716406825392,0.3169240039335622,144.36,-38.147
24714,1967-09-03 00:00:00,0.0115374662580668,-0.1248268413584619,0.1479017738745957,144.36,-38.147
24715,1967-09-04 00:00:00,0.0362706129228132,-0.1001991679355289,0.1727403937811553,144.36,-38.147
24716,1967-09-05 00:00:00,0.0777767337661572,-0.0591027380617906,0.2146562055941051,144.36,-38.147
24717,1967-09-06 00:00:00,0.0303054183850539,-0.1063162518514104,0.1669270886215183,144.36,-38.147
24718,1967-09-07 00:00:00,-0.0112054039844594,-0.1476112465557375,0.1252004385868187,144.36,-38.147
24719,1967-09-08 00:00:00,0.0797391074915128,-0.0565808836694675,0.2160590986524933,144.36,-38.147
24720,1967-09-09 00:00:00,0.0282648787981727,-0.108010604809898,0.1645403624062436,144.36,-38.147
24721,1967-09-10 00:00:00,0.1428245165660236,0.0062575710274921,0.279391462104555,144.36,-38.147
24722,1967-09-11 00:00:00,0.2265543790835372,0.089760120841975,0.3633486373250995,144.36,-38.147
24723,1967-09-12 00:00:00,0.1899469836749621,0.0533445329763633,0.3265494343735609,144.36,-38.147
24724,1967-09-13 00:00:00,0.0085263659881919,-0.1279492971985996,0.1450020291749835,144.36,-38.147
24725,1967-09-14 00:00:00,0.089368693510533,-0.0473587639172133,0.2260961509382795,144.36,-38.147
24726,1967-09-15 00:00:00,0.2493560229231008,0.1124744663961434,0.3862375794500582,144.36,-38.147
24727,1967-09-16 00:00:00,0.0927812799938994,-0.044060058699388,0.229622618687187,144.36,-38.147
24728,1967-09-17 00:00:00,0.0083277748723654,-0.127967290122526,0.144622839867257,144.36,-38.147
24729,1967-09-18 00:00:00,0.0491032095814169,-0.0871555811191978,0.1853620002820317,144.36,-38.147
24730,1967-09-19 00:00:00,0.2323983552306148,0.0957614229666246,0.369035287494605,144.36,-38.147
24731,1967-09-20 00:00:00,0.1351962910897808,-0.0015242735082537,0.2719168556878154,144.36,-38.147
24732,1967-09-21 00:00:00,0.0303915652260716,-0.1061651984483016,0.166948328900445,144.36,-38.147
24733,1967-09-22 00:00:00,0.0101332436843342,-0.1261877668093805,0.146454254178049,144.36,-38.147
24734,1967-09-23 00:00:00,0.1552904718848923,0.0190328525494981,0.2915480912202866,144.36,-38.147
24735,1967-09-24 00:00:00,0.0933240720692708,-0.0429806968095463,0.229628840948088,144.36,-38.147
24736,1967-09-25 00:00:00,0.0300428528802394,-0.10662730105709,0.1667130068175689,144.36,-38.147
24737,1967-09-26 00:00:00,0.20164277014894,0.0648390482593112,0.3384464920385688,144.36,-38.147
24738,1967-09-27 00:00:00,0.0883813732919844,-0.0479126890740221,0.2246754356579909,144.36,-38.147
24739,1967-09-28 00:00:00,0.0160234366641697,-0.1202142157779699,0.1522610891063093,144.36,-38.147
24740,1967-09-29 00:00:00,0.1384251997088456,0.0021064916573705,0.2747439077603207,144.36,-38.147
24741,1967-09-30 00:00:00,0.158593190868243,0.0220995883355249,0.295086793400961,144.36,-38.147
24742,1967-10-01 00:00:00,0.0567989343366143,-0.0795080589524371,0.1931059276256659,144.36,-38.147
24743,1967-10-02 00:00:00,0.1904001026827946,0.0537272696119299,0.3270729357536592,144.36,-38.147
24744,1967-10-03 00:00:00,0.055166686712929,-0.0812470426421427,0.1915804160680009,144.36,-38.147
24745,1967-10-04 00:00:00,-0.0071854030871786,-0.1433899104265035,0.1290191042521462,144.36,-38.147
24746,1967-10-05 00:00:00,-0.0124969300223063,-0.1487582233083956,0.1237643632637829,144.36,-38.147
24747,1967-10-06 00:00:00,0.2209441915866735,0.0837006436523403,0.3581877395210067,144.36,-38.147
24748,1967-10-07 00:00:00,0.2383365332000236,0.1012744178524984,0.3753986485475489,144.36,-38.147
24749,1967-10-08 00:00:00,0.0751035423328037,-0.0611630277955482,0.2113701124611557,144.36,-38.147
24750,1967-10-09 00:00:00,-0.0129686965151567,-0.1491999378612093,0.1232625448308957,144.36,-38.147
24751,1967-10-10 00:00:00,0.125996013025666,-0.0108578561108131,0.2628498821621451,144.36,-38.147
24752,1967-10-11 00:00:00,0.0971980713249344,-0.0392580053202678,0.2336541479701366,144.36,-38.147
24753,1967-10-12 00:00:00,0.0287129819513426,-0.1074813388970832,0.1649073027997686,144.36,-38.147
24754,1967-10-13 00:00:00,0.1454014786096046,0.009097371573834,0.2817055856453752,144.36,-38.147
24755,1967-10-14 00:00:00,0.1025914056297739,-0.033681754269135,0.2388645655286828,144.36,-38.147
24756,1967-10-15 00:00:00,0.0214628492561498,-0.1147633268217696,0.1576890253340692,144.36,-38.147
24757,1967-10-16 00:00:00,0.0514313478611798,-0.0848268229779775,0.1876895187003373,144.36,-38.147
24758,1967-10-17 00:00:00,0.1213862721749865,-0.0148829477083267,0.2576554920582998,144.36,-38.147
24759,1967-10-18 00:00:00,0.1158693077652798,-0.0204296269122838,0.2521682424428435,144.36,-38.147
24760,1967-10-19 00:00:00,0.059851733554201,-0.076428373730716,0.1961318408391182,144.36,-38.147
24761,1967-10-20 00:00:00,0.0085510412451827,-0.1278510153845359,0.1449530978749014,144.36,-38.147
24762,1967-10-21 00:00:00,-0.0446966255341317,-0.1809588526128193,0.0915656015445558,144.36,-38.147
24763,1967-10-22 00:00:00,-0.04247862883911,-0.1787327134233979,0.0937754557451779,144.36,-38.147
24764,1967-10-23 00:00:00,-0.0321804386139178,-0.1684145432710217,0.104053666043186,144.36,-38.147
24765,1967-10-24 00:00:00,-0.0082958479301802,-0.1446109057578103,0.1280192098974498,144.36,-38.147
24766,1967-10-25 00:00:00,0.0316118869189448,-0.1051671852954994,0.1683909591333891,144.36,-38.147
24767,1967-10-26 00:00:00,0.2163934876219107,0.0794309064055788,0.3533560688382426,144.36,-38.147
24768,1967-10-27 00:00:00,0.1223624657608722,-0.014149107417056,0.2588740389388005,144.36,-38.147
24769,1967-10-28 00:00:00,0.3080227022065386,0.1712704434923614,0.4447749609207158,144.36,-38.147
24770,1967-10-29 00:00:00,0.2649138592508082,0.128012356256709,0.4018153622449074,144.36,-38.147
24771,1967-10-30 00:00:00,0.1322751768535755,-0.0045200460538694,0.2690703997610205,144.36,-38.147
24772,1967-10-31 00:00:00,0.092305193897229,-0.0443164047686451,0.2289267925631032,144.36,-38.147
24773,1967-11-01 00:00:00,-0.0031140645999311,-0.139403298502779,0.1331751693029166,144.36,-38.147
24774,1967-11-02 00:00:00,0.1486892165720834,0.0123476936959313,0.2850307394482355,144.36,-38.147
24775,1967-11-03 00:00:00,0.04854249946035,-0.0878469607987839,0.1849319597194839,144.36,-38.147
24776,1967-11-04 00:00:00,0.1552681257621577,0.0183678462388101,0.2921684052855052,144.36,-38.147
24777,1967-11-05 00:00:00,0.3575295608852429,0.2200954468382157,0.49496367493227,144.36,-38.147
24778,1967-11-06 00:00:00,0.1056491921806318,-0.0310722157922658,0.2423706001535294,144.36,-38.147
24779,1967-11-07 00:00:00,0.0520119239671603,-0.08419176026569,0.1882156082000106,144.36,-38.147
24780,1967-11-08 00:00:00,0.0876085765258851,-0.0486756280252737,0.223892781077044,144.36,-38.147
24781,1967-11-09 00:00:00,0.0517743983770061,-0.0846518760439356,0.1882006727979479,144.36,-38.147
24782,1967-11-10 00:00:00,0.0366738247449652,-0.0996155210323089,0.1729631705222394,144.36,-38.147
24783,1967-11-11 00:00:00,0.0228954300043615,-0.1133896176104711,0.1591804776191943,144.36,-38.147
24784,1967-11-12 00:00:00,0.0103273795145234,-0.125988446490151,0.1466432055191978,144.36,-38.147
24785,1967-11-13 00:00:00,0.068073811540048,-0.0682851628726629,0.204432785952759,144.36,-38.147
24786,1967-11-14 00:00:00,0.209534023742566,0.0729597291324906,0.3461083183526413,144.36,-38.147
24787,1967-11-15 00:00:00,0.083022837903511,-0.0548934046929973,0.2209390805000195,144.36,-38.147
24788,1967-11-16 00:00:00,-0.0596329029809053,-0.1967289233934864,0.0774631174316756,144.36,-38.147
24789,1967-11-17 00:00:00,-0.0339315831893929,-0.170292818515825,0.1024296521370392,144.36,-38.147
24790,1967-11-18 00:00:00,0.1185588598169612,-0.0180570035881344,0.2551747232220569,144.36,-38.147
24791,1967-11-19 00:00:00,0.1812948761280424,0.0448324836876495,0.3177572685684354,144.36,-38.147
24792,1967-11-20 00:00:00,0.120229441964959,-0.0161117965007583,0.2565706804306764,144.36,-38.147
24793,1967-11-21 00:00:00,0.1440712565038792,0.0077385667920331,0.2804039462157253,144.36,-38.147
24794,1967-11-22 00:00:00,0.4145058891853127,0.2777650488715033,0.5512467294991221,144.36,-38.147
24795,1967-11-23 00:00:00,0.3476615151219886,0.2104188928911189,0.4849041373528583,144.36,-38.147
24796,1967-11-24 00:00:00,0.1886044774897786,0.0516547310608479,0.3255542239187092,144.36,-38.147
24797,1967-11-25 00:00:00,0.0848002249604152,-0.0516902646349989,0.2212907145558293,144.36,-38.147
24798,1967-11-26 00:00:00,0.4746514153082419,0.337026472053327,0.6122763585631568,144.36,-38.147
24799,1967-11-27 00:00:00,0.0703342260985087,-0.0673208422576085,0.2079892944546261,144.36,-38.147
24800,1967-11-28 00:00:00,0.0018958049451547,-0.1345432600193951,0.1383348699097046,144.36,-38.147
24801,1967-11-29 00:00:00,0.0797822018321252,-0.0567057809257436,0.2162701845899942,144.36,-38.147
24802,1967-11-30 00:00:00,0.1712747569225819,0.0347000947396431,0.3078494191055206,144.36,-38.147
24803,1967-12-01 00:00:00,0.0841684507105466,-0.0522395557065854,0.2205764571276786,144.36,-38.147
24804,1967-12-02 00:00:00,0.0676214026832905,-0.0686685747898906,0.2039113801564716,144.36,-38.147
24805,1967-12-03 00:00:00,0.1621229696533807,0.025809095131159,0.2984368441756023,144.36,-38.147
24806,1967-12-04 00:00:00,0.096733071970485,-0.0396237631485709,0.233089907089541,144.36,-38.147
24807,1967-12-05 00:00:00,0.0064905715505387,-0.1297727610225743,0.1427539041236518,144.36,-38.147
24808,1967-12-06 00:00:00,-0.0463825208289001,-0.1826248091350233,0.0898597674772231,144.36,-38.147
24809,1967-12-07 00:00:00,-0.0044500463043651,-0.1408011850990952,0.131901092490365,144.36,-38.147
24810,1967-12-08 00:00:00,0.0476901306718473,-0.0885974610541247,0.1839777223978193,144.36,-38.147
24811,1967-12-09 00:00:00,0.0126191979332277,-0.1236675408847317,0.1489059367511873,144.36,-38.147
24812,1967-12-10 00:00:00,0.0490423506830866,-0.0874027917010826,0.185487493067256,144.36,-38.147
24813,1967-12-11 00:00:00,0.1596402432661116,0.0230268650455025,0.2962536214867207,144.36,-38.147
24814,1967-12-12 00:00:00,0.1829121371149857,0.0464867085509816,0.3193375656789897,144.36,-38.147
24815,1967-12-13 00:00:00,0.2982209788665059,0.1610999102810461,0.4353420474519657,144.36,-38.147
24816,1967-12-14 00:00:00,0.1314735882524993,-0.0050363973588209,0.2679835738638197,144.36,-38.147
24817,1967-12-15 00:00:00,0.2192482819475621,0.0828503347588673,0.355646229136257,144.36,-38.147
24818,1967-12-16 00:00:00,0.2101687658256962,0.0736986868227016,0.3466388448286909,144.36,-38.147
24819,1967-12-17 00:00:00,0.1359445608151222,-0.0003700221922733,0.2722591438225177,144.36,-38.147
24820,1967-12-18 00:00:00,0.2775552157803654,0.140926733819254,0.4141836977414769,144.36,-38.147
24821,1967-12-19 00:00:00,0.2153997237319323,0.0785590069925148,0.3522404404713498,144.36,-38.147
24822,1967-12-20 00:00:00,0.0027347696489743,-0.1336255434113315,0.1390950827092801,144.36,-38.147
24823,1967-12-21 00:00:00,-0.0072263072725537,-0.1434859402083739,0.1290333256632664,144.36,-38.147
24824,1967-12-22 00:00:00,-0.0121971520711303,-0.1485677625373027,0.1241734583950421,144.36,-38.147
24825,1967-12-23 00:00:00,-0.0136384550430613,-0.1500263310237629,0.1227494209376403,144.36,-38.147
24826,1967-12-24 00:00:00,-0.044773092828962,-0.1812199706960053,0.0916737850380811,144.36,-38.147
24827,1967-12-25 00:00:00,-0.0136331557485588,-0.1500396252409312,0.1227733137438134,144.36,-38.147
24828,1967-12-26 00:00:00,0.0224438945214084,-0.1138728601814187,0.1587606492242355,144.36,-38.147
24829,1967-12-27 00:00:00,0.126371907492101,-0.0100166563499695,0.2627604713341716,144.36,-38.147
24830,1967-12-28 00:00:00,0.186531707755278,0.0501203375420668,0.3229430779684893,144.36,-38.147
24831,1967-12-29 00:00:00,0.216825718695975,0.0804058734774743,0.3532455639144757,144.36,-38.147
24832,1967-12-30 00:00:00,0.3666843717830992,0.2299712661952305,0.5033974773709678,144.36,-38.147
24833,1967-12-31 00:00:00,0.3946833315360412,0.2572620768740714,0.5321045861980112,144.36,-38.147
24834,1968-01-01 00:00:00,0.2104637801169938,0.0737768330204871,0.3471507272135006,144.36,-38.147
24835,1968-01-02 00:00:00,0.0767905047193558,-0.0596623008545388,0.2132433102932505,144.36,-38.147
24836,1968-01-03 00:00:00,0.1169967742102665,-0.0192971586084181,0.2532907070289512,144.36,-38.147
24837,1968-01-04 00:00:00,0.0832292985594189,-0.0531707524122692,0.219629349531107,144.36,-38.147
24838,1968-01-05 00:00:00,0.0432412838272939,-0.0930628398721101,0.1795454075266981,144.36,-38.147
24839,1968-01-06 00:00:00,0.0304250833036885,-0.1060463207770805,0.1668964873844576,144.36,-38.147
24840,1968-01-07 00:00:00,0.0494458066938372,-0.0869348410874795,0.185826454475154,144.36,-38.147
24841,1968-01-08 00:00:00,0.0533905522832506,-0.0830883849721888,0.1898694895386901,144.36,-38.147
24842,1968-01-09 00:00:00,0.0652864959612956,-0.0712015819657926,0.2017745738883839,144.36,-38.147
24843,1968-01-10 00:00:00,0.221533991989709,0.0850061864686731,0.358061797510745,144.36,-38.147
24844,1968-01-11 00:00:00,0.1570894498684535,0.0207117596196545,0.2934671401172526,144.36,-38.147
24845,1968-01-12 00:00:00,0.135036922804347,-0.0013442271502787,0.2714180727589728,144.36,-38.147
24846,1968-01-13 00:00:00,0.0142631293690414,-0.1220933673761373,0.1506196261142202,144.36,-38.147
24847,1968-01-14 00:00:00,-0.017121757296863,-0.1535367310637787,0.1192932164700526,144.36,-38.147
24848,1968-01-15 00:00:00,-0.0621094813977662,-0.1987221342794139,0.0745031714838814,144.36,-38.147
24849,1968-01-16 00:00:00,0.0133236357637719,-0.1232842184106703,0.1499314899382141,144.36,-38.147
24850,1968-01-17 00:00:00,0.0245216933921143,-0.1120354860548811,0.1610788728391099,144.36,-38.147
24851,1968-01-18 00:00:00,0.0096563310314081,-0.1268159210566673,0.1461285831194835,144.36,-38.147
24852,1968-01-19 00:00:00,0.0446414372967811,-0.0919435199332559,0.1812263945268181,144.36,-38.147
24853,1968-01-20 00:00:00,0.1213941980500271,-0.0149529730403699,0.2577413691404241,144.36,-38.147
24854,1968-01-21 00:00:00,0.1480242846025795,0.0117379436457057,0.2843106255594533,144.36,-38.147
24855,1968-01-22 00:00:00,0.1032594440327702,-0.0329508953895865,0.239469783455127,144.36,-38.147
24856,1968-01-23 00:00:00,0.0408781504027224,-0.095355002940896,0.1771113037463408,144.36,-38.147
24857,1968-01-24 00:00:00,0.1422919997607871,0.0059794596478019,0.2786045398737722,144.36,-38.147
24858,1968-01-25 00:00:00,0.2617948137609762,0.1254515348303816,0.3981380926915707,144.36,-38.147
24859,1968-01-26 00:00:00,0.1419178621181748,0.0056262651816409,0.2782094590547087,144.36,-38.147
24860,1968-01-27 00:00:00,0.0093863298400488,-0.1268843574734985,0.1456570171535961,144.36,-38.147
24861,1968-01-28 00:00:00,0.1318920447771815,-0.004461174298773,0.2682452638531362,144.36,-38.147
24862,1968-01-29 00:00:00,0.0765951193837114,-0.0597868131436984,0.2129770519111212,144.36,-38.147
24863,1968-01-30 00:00:00,0.0472238596285241,-0.0890783317363928,0.1835260509934411,144.36,-38.147
24864,1968-01-31 00:00:00,0.0791929918367132,-0.0571732945052213,0.2155592781786479,144.36,-38.147
24865,1968-02-01 00:00:00,0.1654115034389984,0.0290470236804196,0.3017759831975771,144.36,-38.147
24866,1968-02-02 00:00:00,0.2086324079671035,0.0721390842020021,0.345125731732205,144.36,-38.147
24867,1968-02-03 00:00:00,0.0330409037096158,-0.1036263799701771,0.1697081873894088,144.36,-38.147
24868,1968-02-04 00:00:00,0.0079787091991058,-0.1282000897524951,0.1441575081507067,144.36,-38.147
24869,1968-02-05 00:00:00,0.0373381760373667,-0.0989213091887727,0.1735976612635062,144.36,-38.147
24870,1968-02-06 00:00:00,0.1451025031643981,0.0086366207789656,0.2815683855498305,144.36,-38.147
24871,1968-02-07 00:00:00,0.1211284505393512,-0.0152541935331523,0.2575110946118547,144.36,-38.147
24872,1968-02-08 00:00:00,0.213062068594498,0.0767204041324923,0.3494037330565038,144.36,-38.147
24873,1968-02-09 00:00:00,0.0912988909623598,-0.0451126778842532,0.2277104598089728,144.36,-38.147
24874,1968-02-10 00:00:00,0.0953004069966961,-0.0409208633536148,0.2315216773470071,144.36,-38.147
24875,1968-02-11 00:00:00,0.108865144145292,-0.0273988567767326,0.2451291450673167,144.36,-38.147
24876,1968-02-12 00:00:00,0.0325474827426449,-0.1037242869116126,0.1688192523969025,144.36,-38.147
24877,1968-02-13 00:00:00,0.0054637226832003,-0.1308072741218127,0.1417347194882134,144.36,-38.147
24878,1968-02-14 00:00:00,0.0286261347160654,-0.1077394574000446,0.1649917268321755,144.36,-38.147
24879,1968-02-15 00:00:00,-0.012074095363181,-0.148348264178431,0.1242000734520689,144.36,-38.147
24880,1968-02-16 00:00:00,0.0472138355054335,-0.0890370835814111,0.1834647545922781,144.36,-38.147
24881,1968-02-17 00:00:00,-0.0022838850607087,-0.1386229537429221,0.1340551836215047,144.36,-38.147
24882,1968-02-18 00:00:00,0.0865919587751765,-0.0496917343959374,0.2228756519462904,144.36,-38.147
24883,1968-02-19 00:00:00,0.1433571452582892,0.0068152152877372,0.2798990752288413,144.36,-38.147
24884,1968-02-20 00:00:00,0.0938339195981325,-0.0427284625353704,0.2303963017316356,144.36,-38.147
24885,1968-02-21 00:00:00,0.2417583749752945,0.1048293134418265,0.3786874365087626,144.36,-38.147
24886,1968-02-22 00:00:00,0.1096868421204145,-0.0270611680672269,0.2464348523080559,144.36,-38.147
24887,1968-02-23 00:00:00,0.0299060202553862,-0.1063185071555542,0.1661305476663267,144.36,-38.147
24888,1968-02-24 00:00:00,0.0670144378382677,-0.0691977387316789,0.2032266144082144,144.36,-38.147
24889,1968-02-25 00:00:00,0.0864237181546124,-0.0498772969537358,0.2227247332629607,144.36,-38.147
24890,1968-02-26 00:00:00,0.2009352885602202,0.0645031025466657,0.3373674745737747,144.36,-38.147
24891,1968-02-27 00:00:00,0.2012418826587105,0.0648713821683917,0.3376123831490294,144.36,-38.147
24892,1968-02-28 00:00:00,0.1363880667260815,0.0001291540558585,0.2726469793963044,144.36,-38.147
24893,1968-02-29 00:00:00,0.0951539963299859,-0.0410776465134021,0.231385639173374,144.36,-38.147
24894,1968-03-01 00:00:00,0.079160032732762,-0.0570976055822324,0.2154176710477564,144.36,-38.147
24895,1968-03-02 00:00:00,0.1807433624363965,0.0443418616816959,0.3171448631910971,144.36,-38.147
24896,1968-03-03 00:00:00,0.1178580004449317,-0.0183801241964983,0.2540961250863618,144.36,-38.147
24897,1968-03-04 00:00:00,0.1381674645849128,0.001915743644845,0.2744191855249807,144.36,-38.147
24898,1968-03-05 00:00:00,0.0450242131643402,-0.0913769665300612,0.1814253928587416,144.36,-38.147
24899,1968-03-06 00:00:00,-0.0001036238487457,-0.1363738462095826,0.1361665985120911,144.36,-38.147
24900,1968-03-07 00:00:00,-0.023636124946413,-0.1598806221474172,0.1126083722545911,144.36,-38.147
24901,1968-03-08 00:00:00,0.0038320825861506,-0.1324386447569104,0.1401028099292118,144.36,-38.147
24902,1968-03-09 00:00:00,0.0187440553488006,-0.1175030214889351,0.1549911321865364,144.36,-38.147
24903,1968-03-10 00:00:00,0.0339624921194689,-0.1022695046504391,0.1701944888893771,144.36,-38.147
24904,1968-03-11 00:00:00,0.1245086195072566,-0.0117761451345697,0.260793384149083,144.36,-38.147
24905,1968-03-12 00:00:00,0.0817988582087584,-0.0544345845580614,0.2180323009755783,144.36,-38.147
24906,1968-03-13 00:00:00,0.0812603627904634,-0.0549919813728928,0.2175127069538197,144.36,-38.147
24907,1968-03-14 00:00:00,0.1428134607338711,0.0064713416160091,0.2791555798517331,144.36,-38.147
24908,1968-03-15 00:00:00,0.1125062160346758,-0.023798837315509,0.2488112693848607,144.36,-38.147
24909,1968-03-16 00:00:00,0.0825144602994298,-0.0536786861837784,0.218707606782638,144.36,-38.147
24910,1968-03-17 00:00:00,0.0116493271275545,-0.1245578614716058,0.1478565157267149,144.36,-38.147
24911,1968-03-18 00:00:00,0.0246959197751415,-0.1115653729008235,0.1609572124511065,144.36,-38.147
24912,1968-03-19 00:00:00,0.0841533868776352,-0.0523074572747182,0.2206142310299887,144.36,-38.147
24913,1968-03-20 00:00:00,0.0144640451494748,-0.1218402607659698,0.1507683510649196,144.36,-38.147
24914,1968-03-21 00:00:00,0.0334524950506584,-0.102782976754263,0.1696879668555799,144.36,-38.147
24915,1968-03-22 00:00:00,0.0592279897236669,-0.077058061393842,0.1955140408411759,144.36,-38.147
24916,1968-03-23 00:00:00,0.0531060418742697,-0.0831515448092189,0.1893636285577584,144.36,-38.147
24917,1968-03-24 00:00:00,0.051680343867745,-0.0846260010378488,0.187986688773339,144.36,-38.147
24918,1968-03-25 00:00:00,0.0238727718421837,-0.1123978711574397,0.1601434148418072,144.36,-38.147
24919,1968-03-26 00:00:00,0.0358086639700523,-0.1004366702225951,0.1720539981626998,144.36,-38.147
24920,1968-03-27 00:00:00,0.0130858781403599,-0.1231097118113569,0.1492814680920768,144.36,-38.147
24921,1968-03-28 00:00:00,0.0783993386427496,-0.0578401931776098,0.2146388704631091,144.36,-38.147
24922,1968-03-29 00:00:00,0.0772769901132153,-0.0596496225287407,0.2142036027551714,144.36,-38.147
24923,1968-03-30 00:00:00,0.2559262902895057,0.1189087609407584,0.392943819638253,144.36,-38.147
24924,1968-03-31 00:00:00,0.1674629332287802,0.0308847477005682,0.3040411187569922,144.36,-38.147
24925,1968-04-01 00:00:00,0.1276674314972818,-0.0089236758711659,0.2642585388657296,144.36,-38.147
24926,1968-04-02 00:00:00,0.0491965982262463,-0.0871241812135429,0.1855173776660356,144.36,-38.147
24927,1968-04-03 00:00:00,0.1411388855171179,0.0048622021256352,0.2774155689086006,144.36,-38.147
24928,1968-04-04 00:00:00,0.1473307749682074,0.0108282299448652,0.2838333199915496,144.36,-38.147
24929,1968-04-05 00:00:00,0.2185948279490908,0.0819662690193834,0.3552233868787981,144.36,-38.147
24930,1968-04-06 00:00:00,0.1184597201916361,-0.0180624508081242,0.2549818911913965,144.36,-38.147
24931,1968-04-07 00:00:00,0.1522781146915677,0.0159334991684705,0.288622730214665,144.36,-38.147
24932,1968-04-08 00:00:00,0.2600618878523851,0.1236130723967736,0.3965107033079966,144.36,-38.147
24933,1968-04-09 00:00:00,0.0687461875485783,-0.0677477194238994,0.2052400945210561,144.36,-38.147
24934,1968-04-10 00:00:00,0.0171835885415344,-0.1190179737689791,0.1533851508520479,144.36,-38.147
24935,1968-04-11 00:00:00,0.0254967349271226,-0.1106889391575257,0.161682409011771,144.36,-38.147
24936,1968-04-12 00:00:00,0.1063210552648667,-0.0299092298122002,0.2425513403419337,144.36,-38.147
24937,1968-04-13 00:00:00,0.0379548486783345,-0.098289778356831,0.1741994757135001,144.36,-38.147
24938,1968-04-14 00:00:00,0.0320379791121248,-0.1041876540493825,0.1682636122736322,144.36,-38.147
24939,1968-04-15 00:00:00,0.0786741560769551,-0.0575609856534152,0.2149092978073256,144.36,-38.147
24940,1968-04-16 00:00:00,0.1178381824031381,-0.0184410100381817,0.254117374844458,144.36,-38.147
24941,1968-04-17 00:00:00,0.202732448090832,0.0664538777284764,0.3390110184531876,144.36,-38.147
24942,1968-04-18 00:00:00,0.1589459063496484,0.0226886421626314,0.2952031705366654,144.36,-38.147
24943,1968-04-19 00:00:00,0.1101223341069829,-0.0262643618697191,0.2465090300836851,144.36,-38.147
24944,1968-04-20 00:00:00,0.3425762266730413,0.2058511648925438,0.4793012884535388,144.36,-38.147
24945,1968-04-21 00:00:00,0.1279758974910382,-0.0085068003512361,0.2644585953333127,144.36,-38.147
24946,1968-04-22 00:00:00,0.3531146398559029,0.2161814942705784,0.4900477854412274,144.36,-38.147
24947,1968-04-23 00:00:00,0.1044334088503715,-0.0322567607607896,0.2411235784615328,144.36,-38.147
24948,1968-04-24 00:00:00,0.1116918367269027,-0.0248105778318116,0.2481942512856172,144.36,-38.147
24949,1968-04-25 00:00:00,0.0868717374053956,-0.0497340211615996,0.2234774959723909,144.36,-38.147
24950,1968-04-26 00:00:00,0.1717071717932167,0.0345381494372924,0.308876194149141,144.36,-38.147
24951,1968-04-27 00:00:00,0.1656247908839775,0.0290518150370133,0.3021977667309417,144.36,-38.147
24952,1968-04-28 00:00:00,0.1526622522036427,0.0159767448119205,0.2893477595953648,144.36,-38.147
24953,1968-04-29 00:00:00,0.1079069915079626,-0.0288494000615214,0.2446633830774466,144.36,-38.147
24954,1968-04-30 00:00:00,0.1576778955241674,0.0210712950527607,0.2942844959955741,144.36,-38.147
24955,1968-05-01 00:00:00,0.1450277906211605,0.0086151470779634,0.2814404341643575,144.36,-38.147
24956,1968-05-02 00:00:00,0.1605171688737005,0.0241460577432124,0.2968882800041885,144.36,-38.147
24957,1968-05-03 00:00:00,0.3355672851345992,0.1987730199101764,0.4723615503590221,144.36,-38.147
24958,1968-05-04 00:00:00,0.2843518215836912,0.1471962711339914,0.4215073720333909,144.36,-38.147
24959,1968-05-05 00:00:00,0.2337174844347661,0.0971737974867435,0.3702611713827887,144.36,-38.147
24960,1968-05-06 00:00:00,0.0623711032267971,-0.0740948669155197,0.1988370733691139,144.36,-38.147
24961,1968-05-07 00:00:00,0.0663617023058851,-0.069976785740863,0.2027001903526332,144.36,-38.147
24962,1968-05-08 00:00:00,0.0252127816149752,-0.1110406841382943,0.1614662473682449,144.36,-38.147
24963,1968-05-09 00:00:00,0.0269179979127391,-0.1093124851524088,0.1631484809778871,144.36,-38.147
24964,1968-05-10 00:00:00,0.0990643285061975,-0.0372257861745713,0.2353544431869664,144.36,-38.147
24965,1968-05-11 00:00:00,0.0998837094273768,-0.0363886312889831,0.2361560501437368,144.36,-38.147
24966,1968-05-12 00:00:00,0.0849527196733463,-0.0512799266948979,0.2211853660415906,144.36,-38.147
24967,1968-05-13 00:00:00,0.0643354992292959,-0.0720075800257139,0.2006785784843058,144.36,-38.147
24968,1968-05-14 00:00:00,0.0002893314625465,-0.1361779498586158,0.1367566127837088,144.36,-38.147
24969,1968-05-15 00:00:00,0.0112494894578474,-0.1253685815023881,0.147867560418083,144.36,-38.147
24970,1968-05-16 00:00:00,0.0241012096730622,-0.1123668941782209,0.1605693135243455,144.36,-38.147
24971,1968-05-17 00:00:00,0.0726976428929175,-0.0636396107492308,0.2090348965350658,144.36,-38.147
24972,1968-05-18 00:00:00,0.2370344637765826,0.1004611092231738,0.3736078183299913,144.36,-38.147
24973,1968-05-19 00:00:00,0.3387644552087542,0.2015165419660195,0.476012368451489,144.36,-38.147
24974,1968-05-20 00:00:00,0.2112733362331895,0.0736061358908794,0.3489405365754996,144.36,-38.147
24975,1968-05-21 00:00:00,0.173075533723189,0.0364361163057265,0.3097149511406514,144.36,-38.147
24976,1968-05-22 00:00:00,0.0593286653624819,-0.0770012659573219,0.1956585966822858,144.36,-38.147
24977,1968-05-23 00:00:00,0.1307849611196007,-0.0057346117577891,0.2673045339969905,144.36,-38.147
24978,1968-05-24 00:00:00,0.4099362698221044,0.2699238013539253,0.5499487382902835,144.36,-38.147
24979,1968-05-25 00:00:00,0.1541987709143132,0.0167942728685001,0.2916032689601262,144.36,-38.147
24980,1968-05-26 00:00:00,0.3281419694252509,0.1910324260895061,0.4652515127609956,144.36,-38.147
24981,1968-05-27 00:00:00,0.137156131383107,-0.0003515685014443,0.2746638312676584,144.36,-38.147
24982,1968-05-28 00:00:00,0.2265760996966305,0.0898819450641244,0.3632702543291367,144.36,-38.147
24983,1968-05-29 00:00:00,0.1588306903571158,0.0223321633678932,0.2953292173463385,144.36,-38.147
24984,1968-05-30 00:00:00,0.1602567562476643,0.0239012992230017,0.2966122132723269,144.36,-38.147
24985,1968-05-31 00:00:00,0.0944340314062596,-0.041879661033746,0.2307477238462653,144.36,-38.147
24986,1968-06-01 00:00:00,0.1436334131321683,0.0072103105700118,0.2800565156943247,144.36,-38.147
24987,1968-06-02 00:00:00,0.3401053422813755,0.203327086057246,0.476883598505505,144.36,-38.147
24988,1968-06-03 00:00:00,0.2746165359927093,0.1380074197687391,0.4112256522166795,144.36,-38.147
24989,1968-06-04 00:00:00,0.0352290700012712,-0.1013958652208623,0.1718540052234048,144.36,-38.147
24990,1968-06-05 00:00:00,0.3997558477344853,0.2615876283894262,0.5379240670795445,144.36,-38.147
24991,1968-06-06 00:00:00,0.1816801802184146,0.0449472384781694,0.3184131219586598,144.36,-38.147
24992,1968-06-07 00:00:00,0.1999806975866283,0.0632225621912991,0.3367388329819575,144.36,-38.147
24993,1968-06-08 00:00:00,0.1318550959785578,-0.0059922061217789,0.2697023980788945,144.36,-38.147
24994,1968-06-09 00:00:00,-0.0515646383011364,-0.1885875819395061,0.0854583053372332,144.36,-38.147
24995,1968-06-10 00:00:00,-0.009109089397107,-0.1453772580439459,0.1271590792497317,144.36,-38.147
24996,1968-06-11 00:00:00,0.0503669858290247,-0.0859257086315523,0.1866596802896018,144.36,-38.147
24997,1968-06-12 00:00:00,0.0565827421878638,-0.0797113895007157,0.1928768738764435,144.36,-38.147
24998,1968-06-13 00:00:00,0.0224809867253798,-0.1137375178033639,0.1586994912541236,144.36,-38.147
24999,1968-06-14 00:00:00,0.0489935144245442,-0.0874895203133964,0.1854765491624849,144.36,-38.147
25000,1968-06-15 00:00:00,0.1335613235514075,-0.0033383691124643,0.2704610162152794,144.36,-38.147
25001,1968-06-16 00:00:00,0.0959148865614791,-0.0404542136244431,0.2322839867474013,144.36,-38.147
25002,1968-06-17 00:00:00,0.0003624499768187,-0.1359373568898428,0.1366622568434803,144.36,-38.147
25003,1968-06-18 00:00:00,-0.0411354890879,-0.1774619369863619,0.0951909588105619,144.36,-38.147
25004,1968-06-19 00:00:00,0.003766929176702,-0.1328762264419636,0.1404100847953678,144.36,-38.147
25005,1968-06-20 00:00:00,0.0677412028368547,-0.0696403896107919,0.2051227952845014,144.36,-38.147
25006,1968-06-21 00:00:00,0.0478513637776679,-0.0887299190494847,0.1844326466048205,144.36,-38.147
25007,1968-06-22 00:00:00,0.0036803619357574,-0.1327505277927723,0.1401112516642872,144.36,-38.147
25008,1968-06-23 00:00:00,-0.0091976535607169,-0.1459793075307871,0.1275840004093532,144.36,-38.147
25009,1968-06-24 00:00:00,-0.0126103984917414,-0.1497450201449807,0.1245242231614977,144.36,-38.147
25010,1968-06-25 00:00:00,-0.0070671321275888,-0.1441660278446661,0.1300317635894883,144.36,-38.147
25011,1968-06-26 00:00:00,0.1009584693765516,-0.035603337255916,0.2375202760090193,144.36,-38.147
25012,1968-06-27 00:00:00,0.0925515977531939,-0.0437824338107955,0.2288856293171833,144.36,-38.147
25013,1968-06-28 00:00:00,0.1384187525815677,0.0019905042359145,0.2748470009272209,144.36,-38.147
25014,1968-06-29 00:00:00,0.1811293592572993,0.0447694369732628,0.3174892815413359,144.36,-38.147
25015,1968-06-30 00:00:00,0.0948662859221647,-0.0414278084997269,0.2311603803440564,144.36,-38.147
25016,1968-07-01 00:00:00,0.0483651358059932,-0.0881601701571816,0.1848904417691681,144.36,-38.147
25017,1968-07-02 00:00:00,0.0077123219364715,-0.1294049962678001,0.1448296401407432,144.36,-38.147
25018,1968-07-03 00:00:00,0.0707924552597969,-0.0667272869654565,0.2083121974850504,144.36,-38.147
25019,1968-07-04 00:00:00,0.0841142105719367,-0.0523718774011759,0.2206002985450495,144.36,-38.147
25020,1968-07-05 00:00:00,0.1837165309524936,0.0473507651296853,0.3200822967753019,144.36,-38.147
25021,1968-07-06 00:00:00,0.109459658191407,-0.0267939606485911,0.2457132770314051,144.36,-38.147
25022,1968-07-07 00:00:00,0.0509858161487167,-0.0852134673709102,0.1871850996683436,144.36,-38.147
25023,1968-07-08 00:00:00,0.0405295932973685,-0.0957527566491657,0.1768119432439027,144.36,-38.147
25024,1968-07-09 00:00:00,0.0561095591275133,-0.0801314045348394,0.1923505227898661,144.36,-38.147
25025,1968-07-10 00:00:00,-0.0312945465478165,-0.1675026923458164,0.1049135992501832,144.36,-38.147
25026,1968-07-11 00:00:00,0.0052128401203356,-0.1310005296817459,0.1414262099224171,144.36,-38.147
25027,1968-07-12 00:00:00,0.0800008122965078,-0.056925707090431,0.2169273316834467,144.36,-38.147
25028,1968-07-13 00:00:00,0.0244980089920392,-0.1124008457469714,0.1613968637310499,144.36,-38.147
25029,1968-07-14 00:00:00,0.0208615341627075,-0.1154646838827771,0.1571877522081921,144.36,-38.147
25030,1968-07-15 00:00:00,0.0683729233164072,-0.0680005243133444,0.204746370946159,144.36,-38.147
25031,1968-07-16 00:00:00,0.0267494762383357,-0.1096514393825687,0.1631503918592403,144.36,-38.147
25032,1968-07-17 00:00:00,0.049205974229109,-0.0871370668025699,0.185549015260788,144.36,-38.147
25033,1968-07-18 00:00:00,0.1533318451595387,0.0167674914090844,0.2898961989099931,144.36,-38.147
25034,1968-07-19 00:00:00,0.0873224853293452,-0.0491324091608857,0.2237773798195761,144.36,-38.147
25035,1968-07-20 00:00:00,0.0085649737844002,-0.1278604452664875,0.144990392835288,144.36,-38.147
25036,1968-07-21 00:00:00,0.1068667412916679,-0.0295500571971856,0.2432835397805215,144.36,-38.147
25037,1968-07-22 00:00:00,0.1034677269070514,-0.0336032013226381,0.2405386551367411,144.36,-38.147
25038,1968-07-23 00:00:00,-0.0279812383217048,-0.1647526014692081,0.1087901248257984,144.36,-38.147
25039,1968-07-24 00:00:00,-0.0379787423185713,-0.174308588297172,0.0983511036600292,144.36,-38.147
25040,1968-07-25 00:00:00,-0.0210803111344578,-0.1574892869166057,0.11532866464769,144.36,-38.147
25041,1968-07-26 00:00:00,0.1324460904503601,-0.0043550245062417,0.269247205406962,144.36,-38.147
25042,1968-07-27 00:00:00,0.0793702363765418,-0.0571363006390658,0.2158767733921495,144.36,-38.147
25043,1968-07-28 00:00:00,0.1603451119002564,0.0208467588106711,0.2998434649898417,144.36,-38.147
25044,1968-07-29 00:00:00,0.0821424592239618,-0.0555320321923355,0.2198169506402592,144.36,-38.147
25045,1968-07-30 00:00:00,0.0412316615956713,-0.0957055462236457,0.1781688694149883,144.36,-38.147
25046,1968-07-31 00:00:00,0.4207197782904483,0.2818667998085974,0.5595727567722992,144.36,-38.147
25047,1968-08-01 00:00:00,0.0707939413251219,-0.0664191483615588,0.2080070310118026,144.36,-38.147
25048,1968-08-02 00:00:00,0.2338662472963812,0.0964334345676362,0.3712990600251262,144.36,-38.147
25049,1968-08-03 00:00:00,0.1893758444238183,0.0524769513789051,0.3262747374687316,144.36,-38.147
25050,1968-08-04 00:00:00,0.3233335798028962,0.1861222333936114,0.460544926212181,144.36,-38.147
25051,1968-08-05 00:00:00,0.1221203445394532,-0.014900468214728,0.2591411572936345,144.36,-38.147
25052,1968-08-06 00:00:00,0.0295368316165034,-0.1072691778361324,0.1663428410691392,144.36,-38.147
25053,1968-08-07 00:00:00,0.0865092665693216,-0.0499596147277423,0.2229781478663856,144.36,-38.147
25054,1968-08-08 00:00:00,0.1965465341414524,0.0597839529872218,0.3333091152956831,144.36,-38.147
25055,1968-08-09 00:00:00,0.2714939441546983,0.1344188864355366,0.40856900187386,144.36,-38.147
25056,1968-08-10 00:00:00,0.4236230221225852,0.2867854280996675,0.5604606161455028,144.36,-38.147
25057,1968-08-11 00:00:00,0.1113528432005245,-0.0252242743554312,0.2479299607564802,144.36,-38.147
25058,1968-08-12 00:00:00,0.0983471056575196,-0.0381595829199235,0.2348537942349628,144.36,-38.147
25059,1968-08-13 00:00:00,0.1381085821973589,0.0015884350359746,0.2746287293587432,144.36,-38.147
25060,1968-08-14 00:00:00,0.0680017972315144,-0.068299854673591,0.20430344913662,144.36,-38.147
25061,1968-08-15 00:00:00,0.0253699739210844,-0.1112085935652397,0.1619485414074087,144.36,-38.147
25062,1968-08-16 00:00:00,-0.0232676112005087,-0.1597260757007451,0.1131908532997277,144.36,-38.147
25063,1968-08-17 00:00:00,0.0436697790134706,-0.0925582269876434,0.1798977850145848,144.36,-38.147
25064,1968-08-18 00:00:00,0.045419122922942,-0.0908839771156111,0.1817222229614953,144.36,-38.147
25065,1968-08-19 00:00:00,0.2000112733117697,0.0633633753413213,0.3366591712822182,144.36,-38.147
25066,1968-08-20 00:00:00,0.1275177823787219,-0.0088682250324366,0.2639037897898805,144.36,-38.147
25067,1968-08-21 00:00:00,0.261657602433459,0.124875990387431,0.398439214479487,144.36,-38.147
25068,1968-08-22 00:00:00,0.1542870585108971,0.0175083876218413,0.2910657293999528,144.36,-38.147
25069,1968-08-23 00:00:00,0.0777642046511961,-0.058696682633444,0.2142250919358363,144.36,-38.147
25070,1968-08-24 00:00:00,0.2416161371974726,0.1049643253623662,0.3782679490325789,144.36,-38.147
25071,1968-08-25 00:00:00,0.4953580749939521,0.3581384645073951,0.6325776854805091,144.36,-38.147
25072,1968-08-26 00:00:00,0.1882888591043245,0.051316171569867,0.325261546638782,144.36,-38.147
25073,1968-08-27 00:00:00,0.1385035804299483,0.0021460345344925,0.2748611263254042,144.36,-38.147
25074,1968-08-28 00:00:00,0.2585944735453659,0.1218634591369304,0.3953254879538014,144.36,-38.147
25075,1968-08-29 00:00:00,0.267254054040938,0.129902219447822,0.4046058886340539,144.36,-38.147
25076,1968-08-30 00:00:00,0.1166542230293683,-0.020224204703163,0.2535326507618998,144.36,-38.147
25077,1968-08-31 00:00:00,0.0764958062899806,-0.0597779585758594,0.2127695711558206,144.36,-38.147
25078,1968-09-01 00:00:00,0.0805931525875321,-0.0557016505605535,0.2168879557356179,144.36,-38.147
25079,1968-09-02 00:00:00,0.071461347845516,-0.0648051619548744,0.2077278576459064,144.36,-38.147
25080,1968-09-03 00:00:00,0.1984245201386956,0.062022265591149,0.3348267746862421,144.36,-38.147
25081,1968-09-04 00:00:00,0.0613062071621272,-0.074962915861635,0.1975753301858896,144.36,-38.147
25082,1968-09-05 00:00:00,0.0872946105947224,-0.0490065968516,0.2235958180410449,144.36,-38.147
25083,1968-09-06 00:00:00,0.1709655712170505,0.0345561027320183,0.3073750397020828,144.36,-38.147
25084,1968-09-07 00:00:00,0.2366115795951857,0.1000024643828235,0.3732206948075479,144.36,-38.147
25085,1968-09-08 00:00:00,0.104570827916776,-0.0322274356262014,0.2413690914597534,144.36,-38.147
25086,1968-09-09 00:00:00,-0.0147847330644592,-0.1513138774967534,0.1217444113678349,144.36,-38.147
25087,1968-09-10 00:00:00,0.0265633339816453,-0.1096173330601613,0.1627440010234521,144.36,-38.147
25088,1968-09-11 00:00:00,0.0323107593960133,-0.1039009350094569,0.1685224538014837,144.36,-38.147
25089,1968-09-12 00:00:00,0.1240910492111396,-0.0123086981361732,0.2604907965584525,144.36,-38.147
25090,1968-09-13 00:00:00,0.1570985156492794,0.0206555030724852,0.2935415282260737,144.36,-38.147
25091,1968-09-14 00:00:00,0.1383482966052759,0.0021347930339812,0.2745618001765706,144.36,-38.147
25092,1968-09-15 00:00:00,0.088673686748585,-0.0475084858225632,0.2248558593197332,144.36,-38.147
25093,1968-09-16 00:00:00,0.0574159134526404,-0.0787995847039703,0.1936314116092512,144.36,-38.147
25094,1968-09-17 00:00:00,0.0599729123123149,-0.0762300441623859,0.1961758687870159,144.36,-38.147
25095,1968-09-18 00:00:00,0.0151523523633037,-0.1210289138581217,0.1513336185847293,144.36,-38.147
25096,1968-09-19 00:00:00,0.0010063150395553,-0.1352511043714237,0.1372637344505343,144.36,-38.147
25097,1968-09-20 00:00:00,0.3576840540338442,0.2208566196150066,0.4945114884526816,144.36,-38.147
25098,1968-09-21 00:00:00,0.1585761093288046,0.021897905467468,0.2952543131901411,144.36,-38.147
25099,1968-09-22 00:00:00,-0.0426828759276619,-0.1790659317101964,0.0937001798548725,144.36,-38.147
25100,1968-09-23 00:00:00,0.0441289043585158,-0.0928861296872115,0.1811439384042432,144.36,-38.147
25101,1968-09-24 00:00:00,0.5155583647898022,0.3766970481883149,0.6544196813912895,144.36,-38.147
25102,1968-09-25 00:00:00,0.2582840007554243,0.1210089979444158,0.3955590035664329,144.36,-38.147
25103,1968-09-26 00:00:00,0.0549931193584555,-0.0815831894928336,0.1915694282097447,144.36,-38.147
25104,1968-09-27 00:00:00,-0.0050086622332742,-0.1412044627237371,0.1311871382571886,144.36,-38.147
25105,1968-09-28 00:00:00,-0.0037631842855617,-0.140095002019896,0.1325686334487724,144.36,-38.147
25106,1968-09-29 00:00:00,0.1751340169328428,0.038348469557228,0.3119195643084577,144.36,-38.147
25107,1968-09-30 00:00:00,0.2709456191150218,0.1338038925391148,0.4080873456909288,144.36,-38.147
25108,1968-10-01 00:00:00,0.5582839994390753,0.4201842990463313,0.6963836998318191,144.36,-38.147
25109,1968-10-02 00:00:00,0.2582083653040902,0.120903398970094,0.3955133316380864,144.36,-38.147
25110,1968-10-03 00:00:00,0.2389468475223317,0.1022410099223023,0.3756526851223612,144.36,-38.147
25111,1968-10-04 00:00:00,0.1019346572115957,-0.034613895500407,0.2384832099235984,144.36,-38.147
25112,1968-10-05 00:00:00,-0.0159006146568428,-0.1522659885706613,0.1204647592569756,144.36,-38.147
25113,1968-10-06 00:00:00,0.0735128800350177,-0.0636647056456445,0.2106904657156801,144.36,-38.147
25114,1968-10-07 00:00:00,0.4291786732961792,0.2916105165370918,0.5667468300552665,144.36,-38.147
25115,1968-10-08 00:00:00,0.1847789085165823,0.047941920517978,0.3216158965151866,144.36,-38.147
25116,1968-10-09 00:00:00,0.1526632922775199,0.0162105661302649,0.2891160184247749,144.36,-38.147
25117,1968-10-10 00:00:00,0.0350204826062971,-0.1012441833383234,0.1712851485509177,144.36,-38.147
25118,1968-10-11 00:00:00,0.1361072515048173,-0.000198463688015,0.2724129666976498,144.36,-38.147
25119,1968-10-12 00:00:00,0.1312692965993493,-0.0050051187271367,0.2675437119258353,144.36,-38.147
25120,1968-10-13 00:00:00,0.0666911610731894,-0.0695971917700364,0.2029795139164152,144.36,-38.147
25121,1968-10-14 00:00:00,0.0360788720475215,-0.1001698359299748,0.1723275800250178,144.36,-38.147
25122,1968-10-15 00:00:00,0.0028188817610529,-0.1334330720334361,0.139070835555542,144.36,-38.147
25123,1968-10-16 00:00:00,0.0562519031793845,-0.0799994872359667,0.1925032935947357,144.36,-38.147
25124,1968-10-17 00:00:00,0.1285892866005639,-0.0076849044727537,0.2648634776738815,144.36,-38.147
25125,1968-10-18 00:00:00,0.0932606224645683,-0.043063588048318,0.2295848329774547,144.36,-38.147
25126,1968-10-19 00:00:00,0.1920493358246834,0.0556986440217853,0.3284000276275816,144.36,-38.147
25127,1968-10-20 00:00:00,0.1196808143936128,-0.0166819522581396,0.2560435810453653,144.36,-38.147
25128,1968-10-21 00:00:00,0.1159546512366384,-0.0204706930334332,0.2523799955067101,144.36,-38.147
25129,1968-10-22 00:00:00,0.4804827875416521,0.3432252381202301,0.6177403369630742,144.36,-38.147
25130,1968-10-23 00:00:00,0.1471228820370814,0.0103435756981641,0.2839021883759987,144.36,-38.147
25131,1968-10-24 00:00:00,0.1415474381745915,0.0048661303203023,0.2782287460288807,144.36,-38.147
25132,1968-10-25 00:00:00,0.477274197352022,0.3397734643388614,0.6147749303651826,144.36,-38.147
25133,1968-10-26 00:00:00,0.4467672055009805,0.3092265262999141,0.5843078847020469,144.36,-38.147
25134,1968-10-27 00:00:00,0.1188076934339463,-0.0180292959628695,0.2556446828307621,144.36,-38.147
25135,1968-10-28 00:00:00,0.3399701291405668,0.2017644508057494,0.4781758074753843,144.36,-38.147
25136,1968-10-29 00:00:00,0.1159878289830757,-0.0207718176907126,0.2527474756568642,144.36,-38.147
25137,1968-10-30 00:00:00,0.0044406858576955,-0.1318268890197849,0.140708260735176,144.36,-38.147
25138,1968-10-31 00:00:00,-0.0135267171312222,-0.1497062997329429,0.1226528654704983,144.36,-38.147
25139,1968-11-01 00:00:00,0.033688666568523,-0.1026812562386656,0.1700585893757116,144.36,-38.147
25140,1968-11-02 00:00:00,0.2855287431414782,0.1490253806843256,0.4220321055986308,144.36,-38.147
25141,1968-11-03 00:00:00,0.0265372078470273,-0.1098679265516302,0.1629423422456848,144.36,-38.147
25142,1968-11-04 00:00:00,0.0581163395552935,-0.0781299532169523,0.1943626323275394,144.36,-38.147
25143,1968-11-05 00:00:00,0.0175084270099244,-0.1187487065036985,0.1537655605235474,144.36,-38.147
25144,1968-11-06 00:00:00,0.1498987246320944,0.01355812363222,0.2862393256319688,144.36,-38.147
25145,1968-11-07 00:00:00,0.2404437303467192,0.1039646633821208,0.3769227973113177,144.36,-38.147
25146,1968-11-08 00:00:00,0.0713888108677692,-0.0649556737053287,0.2077332954408673,144.36,-38.147
25147,1968-11-09 00:00:00,0.0582793623371159,-0.0779642078733614,0.1945229325475934,144.36,-38.147
25148,1968-11-10 00:00:00,0.0300690668325912,-0.1061860781832166,0.166324211848399,144.36,-38.147
25149,1968-11-11 00:00:00,0.3450815544644543,0.2081754727594917,0.4819876361694168,144.36,-38.147
25150,1968-11-12 00:00:00,0.3606909035195369,0.2236007171196241,0.4977810899194497,144.36,-38.147
25151,1968-11-13 00:00:00,0.1129310698463723,-0.0235893590187398,0.2494514987114846,144.36,-38.147
25152,1968-11-14 00:00:00,0.6724082658622172,0.533171990530155,0.8116445411942795,144.36,-38.147
25153,1968-11-15 00:00:00,0.1076059180563065,-0.0311326495525042,0.2463444856651172,144.36,-38.147
25154,1968-11-16 00:00:00,0.1791105904511145,0.042637584866501,0.315583596035728,144.36,-38.147
25155,1968-11-17 00:00:00,0.1215334082428591,-0.0148050876445504,0.2578719041302688,144.36,-38.147
25156,1968-11-18 00:00:00,0.2075814204917918,0.0710837507366649,0.3440790902469187,144.36,-38.147
25157,1968-11-19 00:00:00,0.1782742938953868,0.0418728892089438,0.31467569858183,144.36,-38.147
25158,1968-11-20 00:00:00,0.4108323763745705,0.2730179347055525,0.5486468180435884,144.36,-38.147
25159,1968-11-21 00:00:00,0.2463527139134644,0.1082858977729446,0.3844195300539841,144.36,-38.147
25160,1968-11-22 00:00:00,0.0424470391989062,-0.0939357163820166,0.178829794779829,144.36,-38.147
25161,1968-11-23 00:00:00,0.6067434983468222,0.4672249140449467,0.7462620826486976,144.36,-38.147
25162,1968-11-24 00:00:00,0.3446516345104565,0.2055190300556972,0.4837842389652157,144.36,-38.147
25163,1968-11-25 00:00:00,0.4158158663024566,0.2778023149106225,0.5538294176942907,144.36,-38.147
25164,1968-11-26 00:00:00,0.1551898461544391,0.0180225678217613,0.2923571244871168,144.36,-38.147
25165,1968-11-27 00:00:00,0.25325116859127,0.1168530570970832,0.3896492800854568,144.36,-38.147
25166,1968-11-28 00:00:00,0.3686148555955504,0.2314442175077602,0.5057854936833406,144.36,-38.147
25167,1968-11-29 00:00:00,0.2526307177238434,0.1154745386247215,0.3897868968229652,144.36,-38.147
25168,1968-11-30 00:00:00,0.0561294371498038,-0.0804150530819973,0.1926739273816051,144.36,-38.147
25169,1968-12-01 00:00:00,0.0857612846091203,-0.0505925850903868,0.2221151543086275,144.36,-38.147
25170,1968-12-02 00:00:00,0.1363629893733495,0.0001376661283252,0.2725883126183737,144.36,-38.147
25171,1968-12-03 00:00:00,0.1083273811092957,-0.0279374751854474,0.2445922374040389,144.36,-38.147
25172,1968-12-04 00:00:00,0.0683187792115402,-0.0679723310032937,0.2046098894263742,144.36,-38.147
25173,1968-12-05 00:00:00,0.0907549837427904,-0.045729002273508,0.227238969759089,144.36,-38.147
25174,1968-12-06 00:00:00,0.0559266442591925,-0.0804900885106998,0.1923433770290849,144.36,-38.147
25175,1968-12-07 00:00:00,0.0683731513796557,-0.0678157630669988,0.2045620658263102,144.36,-38.147
25176,1968-12-08 00:00:00,0.0275168348770722,-0.1086898035305317,0.1637234732846762,144.36,-38.147
25177,1968-12-09 00:00:00,0.1488320090290753,0.0120411601252986,0.2856228579328521,144.36,-38.147
25178,1968-12-10 00:00:00,0.182787895571663,0.0453622190966185,0.3202135720467075,144.36,-38.147
25179,1968-12-11 00:00:00,-0.0057865141262478,-0.142279097204955,0.1307060689524593,144.36,-38.147
25180,1968-12-12 00:00:00,0.0203600880385037,-0.1159230295032147,0.1566432055802223,144.36,-38.147
25181,1968-12-13 00:00:00,0.0401463128358288,-0.0961710466626926,0.1764636723343503,144.36,-38.147
25182,1968-12-14 00:00:00,-0.0021118337059795,-0.1384400200085217,0.1342163525965627,144.36,-38.147
25183,1968-12-15 00:00:00,0.0757530504785671,-0.0606916390193797,0.212197739976514,144.36,-38.147
25184,1968-12-16 00:00:00,0.1631852176856323,0.0267302336805188,0.2996402016907459,144.36,-38.147
25185,1968-12-17 00:00:00,0.1416093667707453,0.0053865297935033,0.2778322037479872,144.36,-38.147
25186,1968-12-18 00:00:00,0.1251012109921623,-0.0111013701906332,0.2613037921749578,144.36,-38.147
25187,1968-12-19 00:00:00,0.1230195371873829,-0.0132405320826726,0.2592796064574385,144.36,-38.147
25188,1968-12-20 00:00:00,0.1105798112290783,-0.0256561065566262,0.2468157290147829,144.36,-38.147
25189,1968-12-21 00:00:00,0.0163111012873368,-0.1200600969129336,0.1526822994876073,144.36,-38.147
25190,1968-12-22 00:00:00,-0.0217086766157492,-0.1581672720590119,0.1147499188275135,144.36,-38.147
25191,1968-12-23 00:00:00,0.0565475036611152,-0.0801040489073198,0.1931990562295503,144.36,-38.147
25192,1968-12-24 00:00:00,0.2265092195356006,0.0899456982250165,0.3630727408461848,144.36,-38.147
25193,1968-12-25 00:00:00,0.1930051844667243,0.0562339493895718,0.3297764195438768,144.36,-38.147
25194,1968-12-26 00:00:00,0.0620066997748886,-0.0751295104265674,0.1991429099763446,144.36,-38.147
25195,1968-12-27 00:00:00,0.0355738816165653,-0.1014790663829398,0.1726268296160705,144.36,-38.147
25196,1968-12-28 00:00:00,0.0395539341684456,-0.0968829079807048,0.1759907763175961,144.36,-38.147
25197,1968-12-29 00:00:00,0.0113456492247254,-0.1248931060120193,0.1475844044614703,144.36,-38.147
25198,1968-12-30 00:00:00,0.0788853583277299,-0.0573654817619291,0.2151361984173889,144.36,-38.147
25199,1968-12-31 00:00:00,0.1085174003054175,-0.0289258945792844,0.2459606951901194,144.36,-38.147
25200,1969-01-01 00:00:00,-0.0021777782451377,-0.1394458609761653,0.1350903044858899,144.36,-38.147
25201,1969-01-02 00:00:00,0.0238594825808661,-0.1124475679877045,0.1601665331494368,144.36,-38.147
25202,1969-01-03 00:00:00,0.1170864548538352,-0.0192766725899165,0.2534495822975871,144.36,-38.147
25203,1969-01-04 00:00:00,0.2161156543347304,0.0795660161040539,0.3526652925654069,144.36,-38.147
25204,1969-01-05 00:00:00,0.2286088656499448,0.0921798640070989,0.3650378672927907,144.36,-38.147
25205,1969-01-06 00:00:00,0.130325094180034,-0.0061856210077447,0.2668358093678127,144.36,-38.147
25206,1969-01-07 00:00:00,0.138210028990416,0.0018091519933747,0.2746109059874572,144.36,-38.147
25207,1969-01-08 00:00:00,0.165672230507875,0.0280660741625067,0.3032783868532432,144.36,-38.147
25208,1969-01-09 00:00:00,0.3284618831783457,0.1901196821889282,0.4668040841677632,144.36,-38.147
25209,1969-01-10 00:00:00,0.02806878934025,-0.1083358080637374,0.1644733867442375,144.36,-38.147
25210,1969-01-11 00:00:00,0.0373785402422899,-0.098863128055726,0.173620208540306,144.36,-38.147
25211,1969-01-12 00:00:00,0.1069907887883512,-0.0292750102115811,0.2432565877882835,144.36,-38.147
25212,1969-01-13 00:00:00,0.0450641551748663,-0.0913945644114313,0.181522874761164,144.36,-38.147
25213,1969-01-14 00:00:00,0.0799094715973617,-0.0565165283837031,0.2163354715784266,144.36,-38.147
25214,1969-01-15 00:00:00,0.2430980169643454,0.1065753030627656,0.3796207308659253,144.36,-38.147
25215,1969-01-16 00:00:00,0.0651057914920174,-0.0712053823882655,0.2014169653723005,144.36,-38.147
25216,1969-01-17 00:00:00,0.1424230578884485,0.006045602373257,0.27880051340364,144.36,-38.147
25217,1969-01-18 00:00:00,0.3942414670427304,0.2573117310976401,0.5311712029878207,144.36,-38.147
25218,1969-01-19 00:00:00,0.140478066491733,0.0039049364129745,0.2770511965704915,144.36,-38.147
25219,1969-01-20 00:00:00,0.0907104222657591,-0.045638689119569,0.2270595336510872,144.36,-38.147
25220,1969-01-21 00:00:00,0.0249618956809841,-0.1112766768053449,0.1612004681673133,144.36,-38.147
25221,1969-01-22 00:00:00,0.0396855665722179,-0.0969199516794984,0.1762910848239342,144.36,-38.147
25222,1969-01-23 00:00:00,0.0976808605007052,-0.0397412284220016,0.2351029494234121,144.36,-38.147
25223,1969-01-24 00:00:00,0.0164936153259885,-0.1198051775541926,0.1527924082061696,144.36,-38.147
25224,1969-01-25 00:00:00,0.1041193490639061,-0.0325100123125759,0.2407487104403882,144.36,-38.147
25225,1969-01-26 00:00:00,0.2917038448952736,0.1550247539395269,0.4283829358510203,144.36,-38.147
25226,1969-01-27 00:00:00,0.037386419557606,-0.0989120769185115,0.1736849160337236,144.36,-38.147
25227,1969-01-28 00:00:00,0.0619603634793223,-0.0743786866563861,0.1982994136150308,144.36,-38.147
25228,1969-01-29 00:00:00,-0.0157027414940594,-0.1520270029507521,0.1206215199626333,144.36,-38.147
25229,1969-01-30 00:00:00,-0.0158723889805138,-0.1521511263950349,0.1204063484340071,144.36,-38.147
25230,1969-01-31 00:00:00,0.0522663127308013,-0.0839992891647813,0.188531914626384,144.36,-38.147
25231,1969-02-01 00:00:00,0.041127963756583,-0.0952118192193187,0.1774677467324848,144.36,-38.147
25232,1969-02-02 00:00:00,0.0562471112755043,-0.0800553642422018,0.1925495867932105,144.36,-38.147
25233,1969-02-03 00:00:00,0.0339219667800049,-0.1022921611783588,0.1701360947383686,144.36,-38.147
25234,1969-02-04 00:00:00,0.1288560849727293,-0.0075094420267385,0.2652216119721972,144.36,-38.147
25235,1969-02-05 00:00:00,0.112368961538018,-0.024064273526595,0.2488021966026311,144.36,-38.147
25236,1969-02-06 00:00:00,0.0785875916480146,-0.0581081451690258,0.2152833284650551,144.36,-38.147
25237,1969-02-07 00:00:00,0.1285239302735338,-0.0080189379656778,0.2650667985127454,144.36,-38.147
25238,1969-02-08 00:00:00,0.0587388156232031,-0.0774727141575918,0.1949503454039981,144.36,-38.147
25239,1969-02-09 00:00:00,0.0214629213766214,-0.1148520818881337,0.1577779246413766,144.36,-38.147
25240,1969-02-10 00:00:00,0.0081208234187949,-0.1287414212170258,0.1449830680546157,144.36,-38.147
25241,1969-02-11 00:00:00,0.0437772052390994,-0.0934169714985875,0.1809713819767864,144.36,-38.147
25242,1969-02-12 00:00:00,0.0501806852479644,-0.0865699395133114,0.1869313100092403,144.36,-38.147
25243,1969-02-13 00:00:00,0.0266080446979204,-0.1098682596978939,0.1630843490937348,144.36,-38.147
25244,1969-02-14 00:00:00,0.1014477768841943,-0.0349686640908044,0.2378642178591931,144.36,-38.147
25245,1969-02-15 00:00:00,0.086496149921462,-0.049796355767655,0.2227886556105791,144.36,-38.147
25246,1969-02-16 00:00:00,0.0765301211449742,-0.0597035539590669,0.2127637962490155,144.36,-38.147
25247,1969-02-17 00:00:00,0.0419626900845209,-0.0942490519903103,0.1781744321593522,144.36,-38.147
25248,1969-02-18 00:00:00,-0.011032883554077,-0.1473044768597357,0.1252387097515816,144.36,-38.147
25249,1969-02-19 00:00:00,0.0326577566792644,-0.1036705075901127,0.1689860209486415,144.36,-38.147
25250,1969-02-20 00:00:00,0.0494639413132704,-0.0868313305394953,0.1857592131660361,144.36,-38.147
25251,1969-02-21 00:00:00,0.1123978031209143,-0.0239774294634571,0.2487730357052859,144.36,-38.147
25252,1969-02-22 00:00:00,0.1008744956595623,-0.0356624461519446,0.2374114374710692,144.36,-38.147
25253,1969-02-23 00:00:00,0.1427031696605172,0.0060811165019267,0.2793252228191077,144.36,-38.147
25254,1969-02-24 00:00:00,0.1987994602009069,0.0623629110575429,0.335236009344271,144.36,-38.147
25255,1969-02-25 00:00:00,0.2005876743611084,0.0640997117484361,0.3370756369737806,144.36,-38.147
25256,1969-02-26 00:00:00,0.1413301463236058,0.0048429087125773,0.2778173839346344,144.36,-38.147
25257,1969-02-27 00:00:00,0.0403499028171034,-0.0959347653286759,0.1766345709628828,144.36,-38.147
25258,1969-02-28 00:00:00,0.017360552764712,-0.1188662113287834,0.1535873168582075,144.36,-38.147
25259,1969-03-01 00:00:00,0.0239958347354934,-0.1122229568843768,0.1602146263553638,144.36,-38.147
25260,1969-03-02 00:00:00,0.0364956579685829,-0.0996754278702121,0.172666743807378,144.36,-38.147
25261,1969-03-03 00:00:00,0.0701581488775705,-0.0660334814633171,0.2063497792184582,144.36,-38.147
25262,1969-03-04 00:00:00,0.105578376719218,-0.0306282555094381,0.2417850089478742,144.36,-38.147
25263,1969-03-05 00:00:00,0.0817531656644871,-0.0545486776419545,0.2180550089709288,144.36,-38.147
25264,1969-03-06 00:00:00,0.0166077640562626,-0.1196907120065323,0.1529062401190576,144.36,-38.147
25265,1969-03-07 00:00:00,0.0230057502790767,-0.1132463653294265,0.15925786588758,144.36,-38.147
25266,1969-03-08 00:00:00,0.0214936724066155,-0.1147193834599347,0.1577067282731658,144.36,-38.147
25267,1969-03-09 00:00:00,0.0092334468327215,-0.1269588903906953,0.1454257840561384,144.36,-38.147
25268,1969-03-10 00:00:00,0.0426348623833011,-0.0935692020443498,0.178838926810952,144.36,-38.147
25269,1969-03-11 00:00:00,0.0604031286309534,-0.0759081368674507,0.1967143941293576,144.36,-38.147
25270,1969-03-12 00:00:00,0.1131430432983165,-0.0232071889300156,0.2494932755266488,144.36,-38.147
25271,1969-03-13 00:00:00,0.0404691153833201,-0.0958268962270176,0.1767651269936579,144.36,-38.147
25272,1969-03-14 00:00:00,0.1406508488372902,0.0042298870463523,0.2770718106282281,144.36,-38.147
25273,1969-03-15 00:00:00,0.2061809771992513,0.0695564199716245,0.3428055344268782,144.36,-38.147
25274,1969-03-16 00:00:00,0.0439377586485679,-0.0924191528472326,0.1802946701443685,144.36,-38.147
25275,1969-03-17 00:00:00,-0.0305931643896026,-0.1669021504520323,0.1057158216728269,144.36,-38.147
25276,1969-03-18 00:00:00,0.0038105243156094,-0.13245326204125,0.140074310672469,144.36,-38.147
25277,1969-03-19 00:00:00,0.1273812635912939,-0.008875205932226,0.2636377331148139,144.36,-38.147
25278,1969-03-20 00:00:00,0.1107867945198805,-0.0255025860579143,0.2470761750976754,144.36,-38.147
25279,1969-03-21 00:00:00,-0.025107962292698,-0.1615003807071812,0.1112844561217852,144.36,-38.147
25280,1969-03-22 00:00:00,-0.063870499641179,-0.2001163428037992,0.072375343521441,144.36,-38.147
25281,1969-03-23 00:00:00,-0.0547279195516319,-0.1909993834648198,0.0815435443615559,144.36,-38.147
25282,1969-03-24 00:00:00,-0.0355433803653084,-0.171979881822653,0.100893121092036,144.36,-38.147
25283,1969-03-25 00:00:00,0.1376765703228344,0.0011097385864266,0.2742434020592423,144.36,-38.147
25284,1969-03-26 00:00:00,0.1337308245739371,-0.0026512399394062,0.2701128890872806,144.36,-38.147
25285,1969-03-27 00:00:00,0.1911329908840625,0.0548379794085692,0.3274280023595559,144.36,-38.147
25286,1969-03-28 00:00:00,0.0900651315336266,-0.0461647663460706,0.2262950294133238,144.36,-38.147
25287,1969-03-29 00:00:00,0.0701962922331184,-0.0659941443594176,0.2063867288256546,144.36,-38.147
25288,1969-03-30 00:00:00,0.0946308029019775,-0.0417994316758987,0.2310610374798538,144.36,-38.147
25289,1969-03-31 00:00:00,0.0091736926623545,-0.127328787856858,0.1456761731815672,144.36,-38.147
25290,1969-04-01 00:00:00,0.0287844189925238,-0.1076632264051273,0.165232064390175,144.36,-38.147
25291,1969-04-02 00:00:00,0.0931549776297125,-0.0430746157959702,0.2293845710553954,144.36,-38.147
25292,1969-04-03 00:00:00,0.0313586336920411,-0.1049792223867992,0.1676964897708815,144.36,-38.147
25293,1969-04-04 00:00:00,0.0009214377068972,-0.135305808989814,0.1371486844036086,144.36,-38.147
25294,1969-04-05 00:00:00,0.1643280979292108,0.0279525228774161,0.3007036729810055,144.36,-38.147
25295,1969-04-06 00:00:00,0.1016426782600594,-0.0347665929907513,0.2380519495108701,144.36,-38.147
25296,1969-04-07 00:00:00,0.061281142431383,-0.075135351630093,0.1976976364928592,144.36,-38.147
25297,1969-04-08 00:00:00,0.0688856936833015,-0.0675430562689543,0.2053144436355574,144.36,-38.147
25298,1969-04-09 00:00:00,0.0936686327716049,-0.0428132622401803,0.2301505277833903,144.36,-38.147
25299,1969-04-10 00:00:00,0.1074042696018428,-0.0289791695347804,0.2437877087384661,144.36,-38.147
25300,1969-04-11 00:00:00,0.2887156448066064,0.152028354139805,0.4254029354734078,144.36,-38.147
25301,1969-04-12 00:00:00,0.2927956015627173,0.1562632873853724,0.4293279157400622,144.36,-38.147
25302,1969-04-13 00:00:00,0.1326017401873718,-0.0037512274254957,0.2689547078002393,144.36,-38.147
25303,1969-04-14 00:00:00,0.0597674922779802,-0.0766574961915998,0.1961924807475604,144.36,-38.147
25304,1969-04-15 00:00:00,-0.0224909223054273,-0.1588605652760796,0.1138787206652249,144.36,-38.147
25305,1969-04-16 00:00:00,0.04326550858028,-0.0935781177194538,0.1801091348800139,144.36,-38.147
25306,1969-04-17 00:00:00,0.1116038892194011,-0.0255195999274977,0.2487273783663,144.36,-38.147
25307,1969-04-18 00:00:00,0.0596281445371605,-0.0768467270414277,0.1961030161157487,144.36,-38.147
25308,1969-04-19 00:00:00,0.2362594007823157,0.0995911864627843,0.372927615101847,144.36,-38.147
25309,1969-04-20 00:00:00,0.1463358928909066,0.009874337490985,0.2827974482908282,144.36,-38.147
25310,1969-04-21 00:00:00,0.2812562720609838,0.1443330096097298,0.4181795345122377,144.36,-38.147
25311,1969-04-22 00:00:00,0.1600569889046065,0.0235513459987518,0.2965626318104611,144.36,-38.147
25312,1969-04-23 00:00:00,-0.0123328621737069,-0.1488752734201687,0.1242095490727549,144.36,-38.147
25313,1969-04-24 00:00:00,0.0109044517315711,-0.1253983009200572,0.1472072043831995,144.36,-38.147
25314,1969-04-25 00:00:00,0.0468243124003123,-0.0894403786580758,0.1830890034587005,144.36,-38.147
25315,1969-04-26 00:00:00,0.0993461119555901,-0.037058797517794,0.2357510214289742,144.36,-38.147
25316,1969-04-27 00:00:00,0.0920507990390078,-0.0442187457774638,0.2283203438554795,144.36,-38.147
25317,1969-04-28 00:00:00,0.0097437215334508,-0.1264621159180323,0.145949558984934,144.36,-38.147
25318,1969-04-29 00:00:00,0.0480326894999149,-0.0881643837806359,0.1842297627804657,144.36,-38.147
25319,1969-04-30 00:00:00,0.0236658730075912,-0.1125463150135724,0.1598780610287549,144.36,-38.147
25320,1969-05-01 00:00:00,0.101626651755281,-0.0347010648963783,0.2379543684069405,144.36,-38.147
25321,1969-05-02 00:00:00,0.0270825301506971,-0.1091717794004119,0.1633368397018063,144.36,-38.147
25322,1969-05-03 00:00:00,-0.0234910566107279,-0.1597261156451586,0.1127440024237026,144.36,-38.147
25323,1969-05-04 00:00:00,0.0041148914493733,-0.1320748274393751,0.1403046103381218,144.36,-38.147
25324,1969-05-05 00:00:00,0.0294330723132869,-0.1068242208584573,0.1656903654850313,144.36,-38.147
25325,1969-05-06 00:00:00,-0.0361295316998445,-0.1725246557293131,0.100265592329624,144.36,-38.147
25326,1969-05-07 00:00:00,-0.0747315802127468,-0.2111058960027115,0.0616427355772178,144.36,-38.147
25327,1969-05-08 00:00:00,-0.031092320006925,-0.1673849026800231,0.105200262666173,144.36,-38.147
25328,1969-05-09 00:00:00,0.0313009782060111,-0.1050011456927273,0.1676031021047497,144.36,-38.147
25329,1969-05-10 00:00:00,0.0560404977934568,-0.0805428286197147,0.1926238242066285,144.36,-38.147
25330,1969-05-11 00:00:00,0.0546893041269455,-0.0818680963782678,0.1912467046321589,144.36,-38.147
25331,1969-05-12 00:00:00,0.1245644508455776,-0.0123032198281539,0.2614321215193093,144.36,-38.147
25332,1969-05-13 00:00:00,0.0577090675378542,-0.0787204911641648,0.1941386262398733,144.36,-38.147
25333,1969-05-14 00:00:00,0.055388902728384,-0.0808664582903394,0.1916442637471074,144.36,-38.147
25334,1969-05-15 00:00:00,0.0476945655767313,-0.0885950973740348,0.1839842285274975,144.36,-38.147
25335,1969-05-16 00:00:00,0.099389793386875,-0.0369367206001044,0.2357163073738544,144.36,-38.147
25336,1969-05-17 00:00:00,0.0504328939095901,-0.0864190079692148,0.1872847957883952,144.36,-38.147
25337,1969-05-18 00:00:00,0.021186756110826,-0.115422411826937,0.1577959240485892,144.36,-38.147
25338,1969-05-19 00:00:00,0.000461673024801,-0.1358763639377991,0.1367997099874013,144.36,-38.147
25339,1969-05-20 00:00:00,0.0894473579891357,-0.0470043931765346,0.225899109154806,144.36,-38.147
25340,1969-05-21 00:00:00,0.3510268263791972,0.2142795240391111,0.4877741287192833,144.36,-38.147
25341,1969-05-22 00:00:00,0.0411087502029815,-0.0952730775516291,0.1774905779575922,144.36,-38.147
25342,1969-05-23 00:00:00,0.0432770942564652,-0.093044749158372,0.1795989376713025,144.36,-38.147
25343,1969-05-24 00:00:00,0.1909883212615981,0.0544541315893627,0.3275225109338335,144.36,-38.147
25344,1969-05-25 00:00:00,0.0485440642846214,-0.0878069965565327,0.1848951251257756,144.36,-38.147
25345,1969-05-26 00:00:00,0.0644679006520121,-0.0717974006324888,0.2007332019365132,144.36,-38.147
25346,1969-05-27 00:00:00,0.0165012706967532,-0.119748565967963,0.1527511073614695,144.36,-38.147
25347,1969-05-28 00:00:00,0.0244358225772291,-0.1118861710524151,0.1607578162068734,144.36,-38.147
25348,1969-05-29 00:00:00,0.10074153053939,-0.0357065118268049,0.2371895729055851,144.36,-38.147
25349,1969-05-30 00:00:00,0.2111751298138004,0.0743727216149663,0.3479775380126345,144.36,-38.147
25350,1969-05-31 00:00:00,0.1790676832925905,0.0409605363168643,0.3171748302683167,144.36,-38.147
25351,1969-06-01 00:00:00,0.0132115108313164,-0.1241638820680756,0.1505869037307085,144.36,-38.147
25352,1969-06-02 00:00:00,-0.0192127929658687,-0.1558781237596916,0.1174525378279542,144.36,-38.147
25353,1969-06-03 00:00:00,-0.026568749401472,-0.1627918541105882,0.109654355307644,144.36,-38.147
25354,1969-06-04 00:00:00,-0.0424222215924029,-0.1786664211699464,0.0938219779851405,144.36,-38.147
25355,1969-06-05 00:00:00,-0.0162120275232285,-0.1523979864432831,0.119973931396826,144.36,-38.147
25356,1969-06-06 00:00:00,0.0520460102645268,-0.0841998559053771,0.1882918764344308,144.36,-38.147
25357,1969-06-07 00:00:00,0.0835311150939345,-0.0527830136553082,0.2198452438431772,144.36,-38.147
25358,1969-06-08 00:00:00,0.0809396902769567,-0.0553791801855761,0.2172585607394896,144.36,-38.147
25359,1969-06-09 00:00:00,0.1491506554159824,0.0125180903626401,0.2857832204693247,144.36,-38.147
25360,1969-06-10 00:00:00,0.1519298608022337,0.0154224699077019,0.2884372516967655,144.36,-38.147
25361,1969-06-11 00:00:00,0.0065725968143757,-0.1297408239848692,0.1428860176136206,144.36,-38.147
25362,1969-06-12 00:00:00,0.0453641348972575,-0.0911785777015611,0.1819068474960761,144.36,-38.147
25363,1969-06-13 00:00:00,0.2101924187417944,0.0732432745932984,0.3471415628902903,144.36,-38.147
25364,1969-06-14 00:00:00,0.0658879436114643,-0.0703906607315541,0.2021665479544828,144.36,-38.147
25365,1969-06-15 00:00:00,0.0131736880308167,-0.1230991586179295,0.1494465346795629,144.36,-38.147
25366,1969-06-16 00:00:00,-0.0159787461086942,-0.1522639390455297,0.1203064468281411,144.36,-38.147
25367,1969-06-17 00:00:00,-0.0004356158177045,-0.1367463344785036,0.1358751028430946,144.36,-38.147
25368,1969-06-18 00:00:00,0.0109199152202162,-0.1253517656427278,0.1471915960831603,144.36,-38.147
25369,1969-06-19 00:00:00,0.0251575449364028,-0.1111003577259479,0.1614154475987536,144.36,-38.147
25370,1969-06-20 00:00:00,0.0310129217100034,-0.1053412076668969,0.1673670510869037,144.36,-38.147
25371,1969-06-21 00:00:00,0.0330098391461988,-0.1036408443086181,0.1696605226010157,144.36,-38.147
25372,1969-06-22 00:00:00,0.0508931297952421,-0.085421705043126,0.1872079646336104,144.36,-38.147
25373,1969-06-23 00:00:00,0.1514400547344861,0.0150712179088991,0.2878088915600731,144.36,-38.147
25374,1969-06-24 00:00:00,0.1107114701646197,-0.0255829564556286,0.2470058967848681,144.36,-38.147
25375,1969-06-25 00:00:00,0.109580680538506,-0.0269187161761957,0.2460800772532078,144.36,-38.147
25376,1969-06-26 00:00:00,0.0936287979323507,-0.0428718759205632,0.2301294717852647,144.36,-38.147
25377,1969-06-27 00:00:00,0.0073925980105413,-0.1289474366692417,0.1437326326903243,144.36,-38.147
25378,1969-06-28 00:00:00,0.0619965354651943,-0.0743820727261165,0.1983751436565052,144.36,-38.147
25379,1969-06-29 00:00:00,0.0891817350234716,-0.0472357598321248,0.225599229879068,144.36,-38.147
25380,1969-06-30 00:00:00,0.1768367753434514,0.040353623648965,0.3133199270379379,144.36,-38.147
25381,1969-07-01 00:00:00,0.0759150302169692,-0.0603867249623312,0.2122167853962697,144.36,-38.147
25382,1969-07-02 00:00:00,0.0779254553097367,-0.0584987990817903,0.2143497097012637,144.36,-38.147
25383,1969-07-03 00:00:00,0.023984510188448,-0.112460842437856,0.1604298628147521,144.36,-38.147
25384,1969-07-04 00:00:00,0.0789118301776801,-0.0579547339252515,0.2157783942806119,144.36,-38.147
25385,1969-07-05 00:00:00,0.3581681511235388,0.2206794224845638,0.4956568797625138,144.36,-38.147
25386,1969-07-06 00:00:00,0.02526138455276,-0.1115997313790518,0.1621225004845718,144.36,-38.147
25387,1969-07-07 00:00:00,0.0591978508630565,-0.0771488851581042,0.1955445868842172,144.36,-38.147
25388,1969-07-08 00:00:00,0.0886355075418764,-0.0477066093227794,0.2249776244065322,144.36,-38.147
25389,1969-07-09 00:00:00,0.0206500956569857,-0.1156296914337282,0.1569298827476997,144.36,-38.147
25390,1969-07-10 00:00:00,-0.0190929119936178,-0.1553335927270812,0.1171477687398456,144.36,-38.147
25391,1969-07-11 00:00:00,0.0032207143351491,-0.133060387268842,0.1395018159391403,144.36,-38.147
25392,1969-07-12 00:00:00,0.0194633643636845,-0.1171264430768577,0.1560531718042267,144.36,-38.147
25393,1969-07-13 00:00:00,0.2238453097870571,0.0867557113665605,0.3609349082075538,144.36,-38.147
25394,1969-07-14 00:00:00,0.0538245895247255,-0.0825930482665596,0.1902422273160106,144.36,-38.147
25395,1969-07-15 00:00:00,0.0849213726692963,-0.0514084595887805,0.2212512049273732,144.36,-38.147
25396,1969-07-16 00:00:00,0.0440121846040672,-0.0922363138577331,0.1802606830658676,144.36,-38.147
25397,1969-07-17 00:00:00,0.0226368255273613,-0.1136093217035133,0.158882972758236,144.36,-38.147
25398,1969-07-18 00:00:00,-0.0146505130554855,-0.1508705536782064,0.1215695275672352,144.36,-38.147
25399,1969-07-19 00:00:00,0.0501678525620337,-0.0860985071164889,0.1864342122405564,144.36,-38.147
25400,1969-07-20 00:00:00,0.1212219108039418,-0.0151026388997246,0.2575464605076082,144.36,-38.147
25401,1969-07-21 00:00:00,0.1586001323926228,0.0221837664736706,0.295016498311575,144.36,-38.147
25402,1969-07-22 00:00:00,0.3972960978786417,0.2605776230187692,0.5340145727385142,144.36,-38.147
25403,1969-07-23 00:00:00,0.14183786125149,0.0049800154063042,0.2786957070966758,144.36,-38.147
25404,1969-07-24 00:00:00,0.0490918858144852,-0.0874688924446069,0.1856526640735774,144.36,-38.147
25405,1969-07-25 00:00:00,0.0581744057841568,-0.0780412523541426,0.1943900639224564,144.36,-38.147
25406,1969-07-26 00:00:00,0.0445312970271966,-0.0916772286569261,0.1807398227113194,144.36,-38.147
25407,1969-07-27 00:00:00,0.0211686119432807,-0.1151448246553221,0.1574820485418835,144.36,-38.147
25408,1969-07-28 00:00:00,0.1399702179797903,0.0034758916905291,0.2764645442690516,144.36,-38.147
25409,1969-07-29 00:00:00,0.0305745141141987,-0.1057077481014477,0.1668567763298451,144.36,-38.147
25410,1969-07-30 00:00:00,0.1035152438774923,-0.0327540822025106,0.2397845699574954,144.36,-38.147
25411,1969-07-31 00:00:00,0.0818731149073706,-0.05437793907963,0.2181241688943713,144.36,-38.147
25412,1969-08-01 00:00:00,0.0377027505165026,-0.0985618622779719,0.1739673633109771,144.36,-38.147
25413,1969-08-02 00:00:00,0.0754404998129138,-0.0612717179163205,0.2121527175421483,144.36,-38.147
25414,1969-08-03 00:00:00,0.1965150739371699,0.0595737304779333,0.3334564173964064,144.36,-38.147
25415,1969-08-04 00:00:00,0.2581709287339792,0.1216923412876838,0.3946495161802745,144.36,-38.147
25416,1969-08-05 00:00:00,0.0430289645506567,-0.0933080672912596,0.1793659963925731,144.36,-38.147
25417,1969-08-06 00:00:00,0.0829412256536644,-0.0534282061612199,0.2193106574685489,144.36,-38.147
25418,1969-08-07 00:00:00,0.1970275190230221,0.0605943872508095,0.3334606507952347,144.36,-38.147
25419,1969-08-08 00:00:00,0.3202643213352976,0.1835612160160498,0.4569674266545453,144.36,-38.147
25420,1969-08-09 00:00:00,0.1356454403752108,-0.0011354274951821,0.2724263082456039,144.36,-38.147
25421,1969-08-10 00:00:00,0.0111666879928975,-0.1256353934988427,0.1479687694846378,144.36,-38.147
25422,1969-08-11 00:00:00,0.0383343225443128,-0.0990850804241954,0.1757537255128211,144.36,-38.147
25423,1969-08-12 00:00:00,0.0817383109996034,-0.0547729808185545,0.2182496028177613,144.36,-38.147
25424,1969-08-13 00:00:00,0.1410863370098457,0.0047291233443367,0.2774435506753547,144.36,-38.147
25425,1969-08-14 00:00:00,0.0670653501183609,-0.070257859498972,0.2043885597356938,144.36,-38.147
25426,1969-08-15 00:00:00,-0.0980016295420002,-0.2352766776275222,0.0392734185435217,144.36,-38.147
25427,1969-08-16 00:00:00,-0.0926526314952206,-0.2291193528776849,0.0438140898872436,144.36,-38.147
25428,1969-08-17 00:00:00,-0.0310808022168861,-0.1673337628903614,0.1051721584565891,144.36,-38.147
25429,1969-08-18 00:00:00,0.0309281212698397,-0.1052757553195864,0.1671319978592658,144.36,-38.147
25430,1969-08-19 00:00:00,0.0229118733847692,-0.1133766340604804,0.1592003808300189,144.36,-38.147
25431,1969-08-20 00:00:00,-0.0212445786291361,-0.15754424683197,0.1150550895736978,144.36,-38.147
25432,1969-08-21 00:00:00,-0.045565546140142,-0.1818235967676479,0.0906925044873638,144.36,-38.147
25433,1969-08-22 00:00:00,0.0002398504277447,-0.1360417523627318,0.1365214532182213,144.36,-38.147
25434,1969-08-23 00:00:00,0.0075239274754412,-0.1286897222567139,0.1437375772075964,144.36,-38.147
25435,1969-08-24 00:00:00,0.0152873833496053,-0.1209654565809396,0.1515402232801503,144.36,-38.147
25436,1969-08-25 00:00:00,-0.004444383236425,-0.1406611975283284,0.1317724310554783,144.36,-38.147
25437,1969-08-26 00:00:00,0.0175639538832852,-0.1186504875414489,0.1537783953080194,144.36,-38.147
25438,1969-08-27 00:00:00,0.0039654127005669,-0.1323024882862003,0.1402333136873343,144.36,-38.147
25439,1969-08-28 00:00:00,0.0393892476266249,-0.0969291199231211,0.1757076151763709,144.36,-38.147
25440,1969-08-29 00:00:00,0.1222328514653875,-0.0140665625126063,0.2585322654433815,144.36,-38.147
25441,1969-08-30 00:00:00,0.0735282700501501,-0.0627213027905393,0.2097778428908396,144.36,-38.147
25442,1969-08-31 00:00:00,0.0512791814378568,-0.0849767933601982,0.1875351562359118,144.36,-38.147
25443,1969-09-01 00:00:00,0.032165927975073,-0.1040168278324717,0.1683486837826178,144.36,-38.147
25444,1969-09-02 00:00:00,0.0212291566816057,-0.1150739156105032,0.1575322289737147,144.36,-38.147
25445,1969-09-03 00:00:00,0.293555462880594,0.1565320421270241,0.4305788836341638,144.36,-38.147
25446,1969-09-04 00:00:00,0.0961568366013133,-0.0401825702990691,0.2324962435016958,144.36,-38.147
25447,1969-09-05 00:00:00,0.0930415200252475,-0.0432252102798029,0.2293082503302981,144.36,-38.147
25448,1969-09-06 00:00:00,0.2414067911583983,0.1050096215557573,0.3778039607610393,144.36,-38.147
25449,1969-09-07 00:00:00,0.2354034061180656,0.0989530755365882,0.3718537366995429,144.36,-38.147
25450,1969-09-08 00:00:00,0.1552587998851912,0.0188719547964435,0.2916456449739388,144.36,-38.147
25451,1969-09-09 00:00:00,0.0961327815232527,-0.0401253763679316,0.232390939414437,144.36,-38.147
25452,1969-09-10 00:00:00,0.1728304308088876,0.036461911356677,0.3091989502610981,144.36,-38.147
25453,1969-09-11 00:00:00,0.4438824651878408,0.3066514305510467,0.5811134998246349,144.36,-38.147
25454,1969-09-12 00:00:00,0.2111572747933266,0.0743467564863996,0.3479677931002536,144.36,-38.147
25455,1969-09-13 00:00:00,0.0671946056596143,-0.0693125502395263,0.203701761558755,144.36,-38.147
25456,1969-09-14 00:00:00,0.2504112190706866,0.1136488158716808,0.3871736222696925,144.36,-38.147
25457,1969-09-15 00:00:00,0.1099947137643627,-0.0266729605011776,0.2466623880299032,144.36,-38.147
25458,1969-09-16 00:00:00,0.0083750507449871,-0.128009371401035,0.1447594728910094,144.36,-38.147
25459,1969-09-17 00:00:00,0.0268882215516773,-0.1093071548462419,0.1630835979495966,144.36,-38.147
25460,1969-09-18 00:00:00,0.0302154011380555,-0.1059581665543636,0.1663889688304747,144.36,-38.147
25461,1969-09-19 00:00:00,0.0759507058124471,-0.0602695549991992,0.2121709666240936,144.36,-38.147
25462,1969-09-20 00:00:00,0.1161026678677636,-0.0202351661753263,0.2524405019108536,144.36,-38.147
25463,1969-09-21 00:00:00,0.133527798532122,-0.0030159100180408,0.2700715070822849,144.36,-38.147
25464,1969-09-22 00:00:00,0.1700353740135163,0.0334355166389158,0.3066352313881166,144.36,-38.147
25465,1969-09-23 00:00:00,0.1627955910545042,0.0260807607659029,0.2995104213431055,144.36,-38.147
25466,1969-09-24 00:00:00,0.0840675820711346,-0.0536190097345074,0.2217541738767767,144.36,-38.147
25467,1969-09-25 00:00:00,-0.0317927415305062,-0.1688741991558065,0.1052887160947941,144.36,-38.147
25468,1969-09-26 00:00:00,-0.0086842546915801,-0.1449726549013974,0.127604145518237,144.36,-38.147
25469,1969-09-27 00:00:00,0.0514711470492813,-0.0847035475727513,0.1876458416713139,144.36,-38.147
25470,1969-09-28 00:00:00,0.0384358517811183,-0.0977550972344416,0.1746268007966784,144.36,-38.147
25471,1969-09-29 00:00:00,0.0270104638994974,-0.1091866607995736,0.1632075885985685,144.36,-38.147
25472,1969-09-30 00:00:00,0.0133350051017183,-0.1229287155713482,0.149598725774785,144.36,-38.147
25473,1969-10-01 00:00:00,-0.0200267636719492,-0.1562324652379628,0.1161789378940644,144.36,-38.147
25474,1969-10-02 00:00:00,-0.030912496390728,-0.1670865727502653,0.1052615799688091,144.36,-38.147
25475,1969-10-03 00:00:00,0.0105929369965843,-0.1256997213356657,0.1468855953288343,144.36,-38.147
25476,1969-10-04 00:00:00,0.1569509469325801,0.020533421825488,0.2933684720396723,144.36,-38.147
25477,1969-10-05 00:00:00,0.0114817444623919,-0.1247485003084926,0.1477119892332765,144.36,-38.147
25478,1969-10-06 00:00:00,0.1249256974579855,-0.0114731001405738,0.2613244950565448,144.36,-38.147
25479,1969-10-07 00:00:00,0.1086382453985493,-0.028100188035613,0.2453766788327116,144.36,-38.147
25480,1969-10-08 00:00:00,0.0484875111464306,-0.0878105101257622,0.1847855324186235,144.36,-38.147
25481,1969-10-09 00:00:00,-0.0104484804805185,-0.1466926647701987,0.1257957038091616,144.36,-38.147
25482,1969-10-10 00:00:00,-0.0379465322192287,-0.174209727591201,0.0983166631527435,144.36,-38.147
25483,1969-10-11 00:00:00,0.0607840702943146,-0.0755940150232862,0.1971621556119155,144.36,-38.147
25484,1969-10-12 00:00:00,0.032639717099824,-0.1035937923887813,0.1688732265884295,144.36,-38.147
25485,1969-10-13 00:00:00,-0.0175099134284939,-0.1537432538058907,0.1187234269489027,144.36,-38.147
25486,1969-10-14 00:00:00,0.1167342074060555,-0.0196143780647551,0.2530827928768662,144.36,-38.147
25487,1969-10-15 00:00:00,0.1040412337231468,-0.0324038104621524,0.240486277908446,144.36,-38.147
25488,1969-10-16 00:00:00,0.0323880064395845,-0.1040715324917519,0.168847545370921,144.36,-38.147
25489,1969-10-17 00:00:00,-0.0344405290790063,-0.1708936276293206,0.1020125694713079,144.36,-38.147
25490,1969-10-18 00:00:00,-0.032880444164477,-0.1691336370427147,0.1033727487137606,144.36,-38.147
25491,1969-10-19 00:00:00,-0.0360043259391632,-0.1722204575704256,0.1002118056920991,144.36,-38.147
25492,1969-10-20 00:00:00,0.0197403183459554,-0.1165444026456199,0.1560250393375309,144.36,-38.147
25493,1969-10-21 00:00:00,0.0943428627707291,-0.0420657723078949,0.2307514978493531,144.36,-38.147
25494,1969-10-22 00:00:00,0.0501139273474914,-0.0863140777456856,0.1865419324406686,144.36,-38.147
25495,1969-10-23 00:00:00,0.0002724988954116,-0.1359766650940339,0.136521662884857,144.36,-38.147
25496,1969-10-24 00:00:00,-0.0176613552860609,-0.1538456950384934,0.1185229844663715,144.36,-38.147
25497,1969-10-25 00:00:00,0.0004433648277353,-0.1358241108962333,0.1367108405517041,144.36,-38.147
25498,1969-10-26 00:00:00,0.1635730795747468,0.0268635873260761,0.3002825718234175,144.36,-38.147
25499,1969-10-27 00:00:00,-0.0116420594420301,-0.1482514189906085,0.1249673001065482,144.36,-38.147
25500,1969-10-28 00:00:00,0.0260352377325004,-0.110476642201382,0.1625471176663828,144.36,-38.147
25501,1969-10-29 00:00:00,0.0531778636232639,-0.0832774366785127,0.1896331639250406,144.36,-38.147
25502,1969-10-30 00:00:00,0.0811606198217645,-0.0555042601827938,0.217825499826323,144.36,-38.147
25503,1969-10-31 00:00:00,0.0465126859312777,-0.0901375358025659,0.1831629076651214,144.36,-38.147
25504,1969-11-01 00:00:00,0.0189404347072643,-0.1177043086120422,0.1555851780265708,144.36,-38.147
25505,1969-11-02 00:00:00,0.0472980350018571,-0.0889548904744537,0.183550960478168,144.36,-38.147
25506,1969-11-03 00:00:00,0.025877553524322,-0.1103275414352269,0.162082648483871,144.36,-38.147
25507,1969-11-04 00:00:00,0.0408336956878561,-0.0953994516266499,0.1770668430023623,144.36,-38.147
25508,1969-11-05 00:00:00,0.155153003422123,0.018648438871661,0.291657567972585,144.36,-38.147
25509,1969-11-06 00:00:00,0.2822134357530981,0.1453266961111807,0.4191001753950154,144.36,-38.147
25510,1969-11-07 00:00:00,0.0975253027607154,-0.0395732682784622,0.234623873799893,144.36,-38.147
25511,1969-11-08 00:00:00,0.0169184912402342,-0.1195894263218789,0.1534264088023475,144.36,-38.147
25512,1969-11-09 00:00:00,0.1122572500435402,-0.0239534113853014,0.2484679114723819,144.36,-38.147
25513,1969-11-10 00:00:00,0.045974665822617,-0.0904020022426541,0.1823513338878883,144.36,-38.147
25514,1969-11-11 00:00:00,-0.0158713932951479,-0.1521167072955953,0.1203739207052995,144.36,-38.147
25515,1969-11-12 00:00:00,-0.0487282996357132,-0.1850207144370921,0.0875641151656657,144.36,-38.147
25516,1969-11-13 00:00:00,-0.039693860509514,-0.1759791835569511,0.096591462537923,144.36,-38.147
25517,1969-11-14 00:00:00,0.0027542177640962,-0.1334920596079254,0.1390004951361179,144.36,-38.147
25518,1969-11-15 00:00:00,0.0518866113049759,-0.0844753787127302,0.1882486013226821,144.36,-38.147
25519,1969-11-16 00:00:00,0.1167403541764091,-0.0196112009619951,0.2530919093148135,144.36,-38.147
25520,1969-11-17 00:00:00,0.0734916125799909,-0.0628765321204224,0.2098597572804042,144.36,-38.147
25521,1969-11-18 00:00:00,0.188756192351601,0.0517514507199434,0.3257609339832586,144.36,-38.147
25522,1969-11-19 00:00:00,0.2259254223455084,0.088654479816025,0.3631963648749918,144.36,-38.147
25523,1969-11-20 00:00:00,0.1380644635538113,0.0008301734099986,0.2752987536976239,144.36,-38.147
25524,1969-11-21 00:00:00,0.0047079809251524,-0.1318654172890717,0.1412813791393766,144.36,-38.147
25525,1969-11-22 00:00:00,-0.045437283199423,-0.1816964858175286,0.0908219194186824,144.36,-38.147
25526,1969-11-23 00:00:00,0.0016998300396531,-0.1346190141139163,0.1380186741932226,144.36,-38.147
25527,1969-11-24 00:00:00,0.1428001360225472,0.0062186278611378,0.2793816441839567,144.36,-38.147
25528,1969-11-25 00:00:00,0.0977274309220337,-0.0387517070884662,0.2342065689325337,144.36,-38.147
25529,1969-11-26 00:00:00,0.0883325241749012,-0.0479080012543632,0.2245730496041657,144.36,-38.147
25530,1969-11-27 00:00:00,0.2484203764459429,0.1119425913802438,0.3848981615116421,144.36,-38.147
25531,1969-11-28 00:00:00,0.0810321141285129,-0.0560051866482877,0.2180694149053136,144.36,-38.147
25532,1969-11-29 00:00:00,0.0174751589682588,-0.1193840273363786,0.1543343452728962,144.36,-38.147
25533,1969-11-30 00:00:00,0.0430559268919277,-0.0931720776407943,0.1792839314246497,144.36,-38.147
25534,1969-12-01 00:00:00,0.1643127521090358,0.0280405633652069,0.3005849408528646,144.36,-38.147
25535,1969-12-02 00:00:00,0.3339831850420977,0.1971880616498196,0.4707783084343757,144.36,-38.147
25536,1969-12-03 00:00:00,0.1976124092619758,0.0605098735481942,0.3347149449757575,144.36,-38.147
25537,1969-12-04 00:00:00,0.0771707653393573,-0.0591289059200694,0.213470436598784,144.36,-38.147
25538,1969-12-05 00:00:00,0.1514838193431924,0.0152372223569521,0.2877304163294327,144.36,-38.147
25539,1969-12-06 00:00:00,0.2510016247256184,0.1143403989256643,0.3876628505255723,144.36,-38.147
25540,1969-12-07 00:00:00,0.1739250236709529,0.0372622874359594,0.3105877599059464,144.36,-38.147
25541,1969-12-08 00:00:00,0.1044371206043149,-0.0318808840422168,0.2407551252508468,144.36,-38.147
25542,1969-12-09 00:00:00,0.0625065635450443,-0.0737054998954499,0.1987186269855385,144.36,-38.147
25543,1969-12-10 00:00:00,0.0655649617131941,-0.0707604656404264,0.2018903890668147,144.36,-38.147
25544,1969-12-11 00:00:00,0.0781844184961497,-0.0584260512445367,0.2147948882368362,144.36,-38.147
25545,1969-12-12 00:00:00,0.1654531354662164,0.0286602565919909,0.3022460143404418,144.36,-38.147
25546,1969-12-13 00:00:00,0.1948618976404727,0.0584234280289056,0.3313003672520398,144.36,-38.147
25547,1969-12-14 00:00:00,0.0701628439199803,-0.0663040755268975,0.2066297633668583,144.36,-38.147
25548,1969-12-15 00:00:00,0.0015333447757355,-0.1349540003650184,0.1380206899164895,144.36,-38.147
25549,1969-12-16 00:00:00,-0.0377433647828654,-0.1740718606631145,0.0985851310973836,144.36,-38.147
25550,1969-12-17 00:00:00,0.0002544538539251,-0.1359991395812588,0.1365080472891091,144.36,-38.147
25551,1969-12-18 00:00:00,0.10804705171749,-0.0282769332137385,0.2443710366487186,144.36,-38.147
25552,1969-12-19 00:00:00,0.1707211188189676,0.0344046737913185,0.3070375638466168,144.36,-38.147
25553,1969-12-20 00:00:00,0.3042162516895602,0.1677969403192118,0.4406355630599085,144.36,-38.147
25554,1969-12-21 00:00:00,0.196132038766966,0.0595834152790591,0.3326806622548729,144.36,-38.147
25555,1969-12-22 00:00:00,0.1815293637437119,0.0450062156422788,0.3180525118451451,144.36,-38.147
25556,1969-12-23 00:00:00,0.3972974474722117,0.2605257781870508,0.5340691167573727,144.36,-38.147
25557,1969-12-24 00:00:00,0.2627715311788201,0.1261079920908897,0.3994350702667505,144.36,-38.147
25558,1969-12-25 00:00:00,0.1174977097031891,-0.0193550342592678,0.2543504536656462,144.36,-38.147
25559,1969-12-26 00:00:00,0.0084093548105702,-0.1280905591129626,0.1449092687341031,144.36,-38.147
25560,1969-12-27 00:00:00,0.0380258975383821,-0.0982427654492109,0.1742945605259752,144.36,-38.147
25561,1969-12-28 00:00:00,-0.0049351507644231,-0.1412131646865481,0.1313428631577019,144.36,-38.147
25562,1969-12-29 00:00:00,0.0827060745679124,-0.0538500802779837,0.2192622294138085,144.36,-38.147
25563,1969-12-30 00:00:00,0.1821883841852897,0.0453891882126262,0.3189875801579531,144.36,-38.147
25564,1969-12-31 00:00:00,0.0551094820606082,-0.0812623888051208,0.1914813529263372,144.36,-38.147
25565,1970-01-01 00:00:00,0.1251035993679646,-0.0115845646880195,0.2617917634239488,144.36,-38.147
25566,1970-01-02 00:00:00,0.0752361555989881,-0.0619170879365766,0.212389399134553,144.36,-38.147
25567,1970-01-03 00:00:00,0.1249378563020624,-0.0125181814943257,0.2623938940984506,144.36,-38.147
25568,1970-01-04 00:00:00,0.1477579298793598,0.0107107477453439,0.2848051120133756,144.36,-38.147
25569,1970-01-05 00:00:00,0.1056790755223562,-0.0306944613248548,0.2420526123695672,144.36,-38.147
25570,1970-01-06 00:00:00,0.0441574140890083,-0.0921099797034621,0.1804248078814789,144.36,-38.147
25571,1970-01-07 00:00:00,-0.0095404967343306,-0.1458061075389726,0.1267251140703112,144.36,-38.147
25572,1970-01-08 00:00:00,-0.0182441644077123,-0.1544986670498649,0.1180103382344402,144.36,-38.147
25573,1970-01-09 00:00:00,0.0100740379005819,-0.1262697734395067,0.1464178492406706,144.36,-38.147
25574,1970-01-10 00:00:00,0.0902613945111296,-0.0463186908355512,0.2268414798578106,144.36,-38.147
25575,1970-01-11 00:00:00,0.1713620094049582,0.0348934367566551,0.3078305820532614,144.36,-38.147
25576,1970-01-12 00:00:00,0.252612508027815,0.1160328990461191,0.3891921170095109,144.36,-38.147
25577,1970-01-13 00:00:00,0.2832584966177146,0.1466006331174282,0.4199163601180009,144.36,-38.147
25578,1970-01-14 00:00:00,0.0395274834746805,-0.0971489073794773,0.1762038743288385,144.36,-38.147
25579,1970-01-15 00:00:00,-0.0255806522706486,-0.1620237094126261,0.1108624048713289,144.36,-38.147
25580,1970-01-16 00:00:00,-0.017817411276515,-0.1541226554837333,0.1184878329307032,144.36,-38.147
25581,1970-01-17 00:00:00,0.1238359850925265,-0.0127103319445883,0.2603823021296413,144.36,-38.147
25582,1970-01-18 00:00:00,0.1416570157611375,0.0051365809839208,0.2781774505383542,144.36,-38.147
25583,1970-01-19 00:00:00,0.1038048194219131,-0.0324368747347451,0.2400465135785713,144.36,-38.147
25584,1970-01-20 00:00:00,0.0822540058400833,-0.0539540253564976,0.2184620370366644,144.36,-38.147
25585,1970-01-21 00:00:00,0.0721644792080117,-0.0641837621533454,0.2085127205693688,144.36,-38.147
25586,1970-01-22 00:00:00,-0.019722913701655,-0.156012089065307,0.116566261661997,144.36,-38.147
25587,1970-01-23 00:00:00,0.0082519792580533,-0.12813374473596,0.1446377032520667,144.36,-38.147
25588,1970-01-24 00:00:00,0.1186908765927266,-0.0180988057479134,0.2554805589333668,144.36,-38.147
25589,1970-01-25 00:00:00,0.1014411531968758,-0.0349076346227013,0.237789941016453,144.36,-38.147
25590,1970-01-26 00:00:00,0.0852317804134993,-0.0510063351234046,0.2214698959504032,144.36,-38.147
25591,1970-01-27 00:00:00,0.0743885567684269,-0.0618975373818722,0.2106746509187262,144.36,-38.147
25592,1970-01-28 00:00:00,-0.0137115712622433,-0.1500107069579568,0.1225875644334702,144.36,-38.147
25593,1970-01-29 00:00:00,-0.0298652148072657,-0.1661972270355496,0.1064667974210181,144.36,-38.147
25594,1970-01-30 00:00:00,0.019162662134891,-0.1171395422451332,0.1554648665149153,144.36,-38.147
25595,1970-01-31 00:00:00,0.0301561544936487,-0.1061344153462721,0.1664467243335696,144.36,-38.147
25596,1970-02-01 00:00:00,0.0592638314995448,-0.077489400719839,0.1960170637189286,144.36,-38.147
25597,1970-02-02 00:00:00,-0.0712756274638974,-0.2079781087741002,0.0654268538463053,144.36,-38.147
25598,1970-02-03 00:00:00,-0.0038242478845626,-0.1400531367143637,0.1324046409452385,144.36,-38.147
25599,1970-02-04 00:00:00,0.0588087744271433,-0.0774543158180954,0.1950718646723822,144.36,-38.147
25600,1970-02-05 00:00:00,0.0865306180085149,-0.0497862426932065,0.2228474787102364,144.36,-38.147
25601,1970-02-06 00:00:00,0.0844272967742724,-0.0519496647729524,0.2208042583214972,144.36,-38.147
25602,1970-02-07 00:00:00,0.0172096522538124,-0.1194817050688923,0.1539010095765172,144.36,-38.147
25603,1970-02-08 00:00:00,-0.0608245108992373,-0.1975382583952975,0.0758892365968228,144.36,-38.147
25604,1970-02-09 00:00:00,0.0616305668040389,-0.0749585969779626,0.1982197305860405,144.36,-38.147
25605,1970-02-10 00:00:00,0.0651736837416065,-0.0713742271140615,0.2017215945972746,144.36,-38.147
25606,1970-02-11 00:00:00,0.0048161721372596,-0.1314997388121714,0.1411320830866907,144.36,-38.147
25607,1970-02-12 00:00:00,0.0275749402675382,-0.1087043138896242,0.1638541944247007,144.36,-38.147
25608,1970-02-13 00:00:00,-0.0017174121186504,-0.1379521465420363,0.1345173223047354,144.36,-38.147
25609,1970-02-14 00:00:00,0.0525318036352153,-0.0836955826021944,0.1887591898726251,144.36,-38.147
25610,1970-02-15 00:00:00,0.0925030606150017,-0.0437784918160653,0.2287846130460688,144.36,-38.147
25611,1970-02-16 00:00:00,0.1705203011166872,0.0338946929853363,0.3071459092480382,144.36,-38.147
25612,1970-02-17 00:00:00,0.0240894728493013,-0.1123242698676894,0.1605032155662921,144.36,-38.147
25613,1970-02-18 00:00:00,0.0180549650742591,-0.1184353846126702,0.1545453147611886,144.36,-38.147
25614,1970-02-19 00:00:00,0.1818889577358058,0.0449209376281578,0.3188569778434539,144.36,-38.147
25615,1970-02-20 00:00:00,0.2743804944025191,0.1379382388616611,0.4108227499433772,144.36,-38.147
25616,1970-02-21 00:00:00,0.0891426383863036,-0.0473270271426534,0.2256123039152607,144.36,-38.147
25617,1970-02-22 00:00:00,0.0673323528356708,-0.0688911035838413,0.203555809255183,144.36,-38.147
25618,1970-02-23 00:00:00,0.0691389530084371,-0.0671207654414519,0.2053986714583262,144.36,-38.147
25619,1970-02-24 00:00:00,-0.0098992913034067,-0.1461386434742815,0.126340060867468,144.36,-38.147
25620,1970-02-25 00:00:00,-0.0153757367669426,-0.1516492660335286,0.1208977924996433,144.36,-38.147
25621,1970-02-26 00:00:00,0.025798455307327,-0.1104547903174612,0.1620517009321153,144.36,-38.147
25622,1970-02-27 00:00:00,0.0221190407844163,-0.1141268938654737,0.1583649754343064,144.36,-38.147
25623,1970-02-28 00:00:00,0.0127499045639643,-0.1234786726895966,0.1489784818175254,144.36,-38.147
25624,1970-03-01 00:00:00,-0.0503480383011844,-0.1866522487626773,0.0859561721603083,144.36,-38.147
25625,1970-03-02 00:00:00,-0.0239286735699141,-0.1602087962484287,0.1123514491086004,144.36,-38.147
25626,1970-03-03 00:00:00,0.0003945632815697,-0.1358131940677581,0.1366023206308975,144.36,-38.147
25627,1970-03-04 00:00:00,0.028011724128329,-0.1082061643996153,0.1642296126562734,144.36,-38.147
25628,1970-03-05 00:00:00,0.0909964888846293,-0.0453432750783464,0.2273362528476051,144.36,-38.147
25629,1970-03-06 00:00:00,0.0773965934452353,-0.0589208151191693,0.2137140020096399,144.36,-38.147
25630,1970-03-07 00:00:00,0.0167971278681652,-0.1195104546600822,0.1531047103964127,144.36,-38.147
25631,1970-03-08 00:00:00,0.0431168269656944,-0.0931165551530894,0.1793502090844783,144.36,-38.147
25632,1970-03-09 00:00:00,0.1358359171313612,-0.0003847410197237,0.2720565752824462,144.36,-38.147
25633,1970-03-10 00:00:00,0.1291638270446972,-0.0070620437425262,0.2653896978319208,144.36,-38.147
25634,1970-03-11 00:00:00,0.2845721259658123,0.1482381835343336,0.4209060683972908,144.36,-38.147
25635,1970-03-12 00:00:00,0.2125743638928894,0.0761215180728988,0.3490272097128799,144.36,-38.147
25636,1970-03-13 00:00:00,0.0736012878888049,-0.0627453998872264,0.2099479756648362,144.36,-38.147
25637,1970-03-14 00:00:00,0.017543667415082,-0.1186525899179498,0.1537399247481139,144.36,-38.147
25638,1970-03-15 00:00:00,-0.0143698545389154,-0.150548899569473,0.1218091904916421,144.36,-38.147
25639,1970-03-16 00:00:00,0.0186811269051229,-0.1175427303311762,0.1549049841414221,144.36,-38.147
25640,1970-03-17 00:00:00,0.0476528060475829,-0.0885624067264712,0.1838680188216372,144.36,-38.147
25641,1970-03-18 00:00:00,0.0899991056179423,-0.046241552312734,0.2262397635486188,144.36,-38.147
25642,1970-03-19 00:00:00,0.0689812807804174,-0.0672751529008833,0.2052377144617181,144.36,-38.147
25643,1970-03-20 00:00:00,0.1773911389400353,0.0409111875956089,0.3138710902844617,144.36,-38.147
25644,1970-03-21 00:00:00,0.1627411003295277,0.0250976185288403,0.3003845821302151,144.36,-38.147
25645,1970-03-22 00:00:00,0.0190210556799381,-0.1195896410225151,0.1576317523823914,144.36,-38.147
25646,1970-03-23 00:00:00,0.0251019048161584,-0.1117871276065403,0.1619909372388572,144.36,-38.147
25647,1970-03-24 00:00:00,0.0392391457094841,-0.0971769536927536,0.1756552451117219,144.36,-38.147
25648,1970-03-25 00:00:00,0.0135685391445979,-0.1226949885028846,0.1498320667920804,144.36,-38.147
25649,1970-03-26 00:00:00,0.0547395100734585,-0.0814717758545719,0.190950796001489,144.36,-38.147
25650,1970-03-27 00:00:00,0.0857189237037366,-0.0504685434377721,0.2219063908452454,144.36,-38.147
25651,1970-03-28 00:00:00,0.0741834185520683,-0.0620353285750981,0.2104021656792349,144.36,-38.147
25652,1970-03-29 00:00:00,0.1865279285359974,0.0499559950953063,0.3230998619766886,144.36,-38.147
25653,1970-03-30 00:00:00,0.0279393752818424,-0.1086135451474234,0.1644922957111083,144.36,-38.147
25654,1970-03-31 00:00:00,-0.0118318919956159,-0.148081997297327,0.1244182133060951,144.36,-38.147
25655,1970-04-01 00:00:00,-0.0313224713964288,-0.1675656989125489,0.1049207561196912,144.36,-38.147
25656,1970-04-02 00:00:00,0.0752097752280441,-0.0610611920934146,0.2114807425495029,144.36,-38.147
25657,1970-04-03 00:00:00,0.2239403103799283,0.0875371736496739,0.3603434471101828,144.36,-38.147
25658,1970-04-04 00:00:00,0.1467586756488701,0.0104439670026258,0.2830733842951145,144.36,-38.147
25659,1970-04-05 00:00:00,0.1515022337895779,0.0151605053520834,0.2878439622270723,144.36,-38.147
25660,1970-04-06 00:00:00,0.0918713292722149,-0.0444546019308297,0.2281972604752595,144.36,-38.147
25661,1970-04-07 00:00:00,0.0467433970585805,-0.0894914309582205,0.1829782250753817,144.36,-38.147
25662,1970-04-08 00:00:00,-0.0151539960651493,-0.1515684329773659,0.1212604408470673,144.36,-38.147
25663,1970-04-09 00:00:00,-0.0643887713779589,-0.2007827106368431,0.0720051678809252,144.36,-38.147
25664,1970-04-10 00:00:00,-0.0322112671267581,-0.1685353903056941,0.1041128560521778,144.36,-38.147
25665,1970-04-11 00:00:00,0.0511731765863797,-0.0851331166198763,0.1874794697926358,144.36,-38.147
25666,1970-04-12 00:00:00,0.1426098223481004,0.0063952870896947,0.2788243576065062,144.36,-38.147
25667,1970-04-13 00:00:00,0.0847600383192007,-0.0514317865248582,0.2209518631632597,144.36,-38.147
25668,1970-04-14 00:00:00,0.0681233899368385,-0.0681240703583472,0.2043708502320242,144.36,-38.147
25669,1970-04-15 00:00:00,0.0388147008649162,-0.0974520562606823,0.1750814579905149,144.36,-38.147
25670,1970-04-16 00:00:00,-0.0021247845517249,-0.1384000101568726,0.1341504410534227,144.36,-38.147
25671,1970-04-17 00:00:00,0.0100933012392752,-0.1261232714809478,0.1463098739594983,144.36,-38.147
25672,1970-04-18 00:00:00,0.0375282033706101,-0.0987202815436766,0.1737766882848969,144.36,-38.147
25673,1970-04-19 00:00:00,0.0804918285562798,-0.0562542360012528,0.2172378931138124,144.36,-38.147
25674,1970-04-20 00:00:00,0.0631256430945226,-0.0733890175197145,0.1996403037087598,144.36,-38.147
25675,1970-04-21 00:00:00,0.0462707381564181,-0.090417119284139,0.1829585955969753,144.36,-38.147
25676,1970-04-22 00:00:00,0.1532335710797885,0.0165818384863352,0.2898853036732418,144.36,-38.147
25677,1970-04-23 00:00:00,0.2013926108854133,0.0650137222127771,0.3377714995580496,144.36,-38.147
25678,1970-04-24 00:00:00,0.1324648783568322,-0.0038107875435953,0.2687405442572598,144.36,-38.147
25679,1970-04-25 00:00:00,0.2366408216941176,0.1001544755869189,0.3731271678013163,144.36,-38.147
25680,1970-04-26 00:00:00,0.2654505445937568,0.1288455496379519,0.4020555395495616,144.36,-38.147
25681,1970-04-27 00:00:00,0.2570831945957911,0.1202135768584226,0.3939528123331596,144.36,-38.147
25682,1970-04-28 00:00:00,0.4602251376804667,0.3218498883767219,0.5986003869842116,144.36,-38.147
25683,1970-04-29 00:00:00,0.0114370269007117,-0.1267133239504396,0.1495873777518631,144.36,-38.147
25684,1970-04-30 00:00:00,0.0306411316472599,-0.1058296626913886,0.1671119259859086,144.36,-38.147
25685,1970-05-01 00:00:00,0.0086793419779082,-0.1276008084444637,0.1449594924002801,144.36,-38.147
25686,1970-05-02 00:00:00,0.09816439135298,-0.0381971227802971,0.2345259054862572,144.36,-38.147
25687,1970-05-03 00:00:00,0.2412639943030636,0.1046855698216463,0.3778424187844809,144.36,-38.147
25688,1970-05-04 00:00:00,0.035834753897623,-0.1005150948588088,0.1721846026540548,144.36,-38.147
25689,1970-05-05 00:00:00,0.0609816846154455,-0.0754809652770467,0.1974443345079378,144.36,-38.147
25690,1970-05-06 00:00:00,0.1374861779031748,0.0009713846348849,0.2740009711714647,144.36,-38.147
25691,1970-05-07 00:00:00,-0.0088815115732986,-0.1465099979487541,0.1287469748021568,144.36,-38.147
25692,1970-05-08 00:00:00,-0.0944197929560868,-0.2315533683625623,0.0427137824503886,144.36,-38.147
25693,1970-05-09 00:00:00,-0.07080126522312,-0.2070585537308196,0.0654560232845795,144.36,-38.147
25694,1970-05-10 00:00:00,0.0277200579633332,-0.108501157919066,0.1639412738457325,144.36,-38.147
25695,1970-05-11 00:00:00,0.1200895776875992,-0.0163271011572176,0.256506256532416,144.36,-38.147
25696,1970-05-12 00:00:00,0.0545334598556853,-0.0816826227893913,0.190749542500762,144.36,-38.147
25697,1970-05-13 00:00:00,0.0167113114412399,-0.1194863631657999,0.1529089860482798,144.36,-38.147
25698,1970-05-14 00:00:00,0.0840871160479315,-0.0523087825067394,0.2204830146026026,144.36,-38.147
25699,1970-05-15 00:00:00,0.1902836174651701,0.0538415472459367,0.3267256876844036,144.36,-38.147
25700,1970-05-16 00:00:00,0.246390195365067,0.109953019578939,0.3828273711511949,144.36,-38.147
25701,1970-05-17 00:00:00,0.2186853683201461,0.0817429939687109,0.3556277426715813,144.36,-38.147
25702,1970-05-18 00:00:00,-0.005423554043516,-0.1421012429345824,0.1312541348475503,144.36,-38.147
25703,1970-05-19 00:00:00,0.0069196834311304,-0.1294640634232723,0.1433034302855332,144.36,-38.147
25704,1970-05-20 00:00:00,0.2257173277800377,0.0891204633642012,0.3623141921958742,144.36,-38.147
25705,1970-05-21 00:00:00,0.0295919664064913,-0.1078442053947022,0.1670281382076849,144.36,-38.147
25706,1970-05-22 00:00:00,0.0376227071859505,-0.0988309403986921,0.1740763547705932,144.36,-38.147
25707,1970-05-23 00:00:00,-0.0397181057436871,-0.1760563485602813,0.096620137072907,144.36,-38.147
25708,1970-05-24 00:00:00,-0.0435646068190067,-0.1798013847018342,0.0926721710638208,144.36,-38.147
25709,1970-05-25 00:00:00,-0.0257005647969416,-0.1618940666724629,0.1104929370785797,144.36,-38.147
25710,1970-05-26 00:00:00,-0.0074615320863923,-0.1436407658644721,0.1287177016916874,144.36,-38.147
25711,1970-05-27 00:00:00,0.005577842762821,-0.13060967993492,0.1417653654605621,144.36,-38.147
25712,1970-05-28 00:00:00,0.0079061892162357,-0.1282840668327161,0.1440964452651876,144.36,-38.147
25713,1970-05-29 00:00:00,0.005166502204049,-0.1310688047609213,0.1414018091690194,144.36,-38.147
25714,1970-05-30 00:00:00,-0.0084885035173368,-0.1449002840823438,0.1279232770476701,144.36,-38.147
25715,1970-05-31 00:00:00,-0.0373470242510667,-0.1737717870932159,0.0990777385910824,144.36,-38.147
25716,1970-06-01 00:00:00,-0.0314167338017171,-0.1677122938627834,0.1048788262593492,144.36,-38.147
25717,1970-06-02 00:00:00,0.0274937962019211,-0.108842760651416,0.1638303530552583,144.36,-38.147
25718,1970-06-03 00:00:00,0.1323863298890418,-0.0039271389547177,0.2686997987328013,144.36,-38.147
25719,1970-06-04 00:00:00,0.1402985447551508,0.0039590315779719,0.2766380579323297,144.36,-38.147
25720,1970-06-05 00:00:00,0.0342338395865487,-0.1021266289854484,0.1705943081585458,144.36,-38.147
25721,1970-06-06 00:00:00,-0.002447155862797,-0.1386358543153012,0.1337415425897071,144.36,-38.147
25722,1970-06-07 00:00:00,0.0067910790740601,-0.1293794159320489,0.1429615740801692,144.36,-38.147
25723,1970-06-08 00:00:00,0.0027807286794252,-0.1334101714125792,0.1389716287714296,144.36,-38.147
25724,1970-06-09 00:00:00,-0.0034035356308073,-0.1396971353119769,0.1328900640503622,144.36,-38.147
25725,1970-06-10 00:00:00,0.0239476241893139,-0.1125709557908694,0.1604662041694972,144.36,-38.147
25726,1970-06-11 00:00:00,0.051385109153883,-0.0850498562655959,0.187820074573362,144.36,-38.147
25727,1970-06-12 00:00:00,0.0121315212498025,-0.1243189167929702,0.1485819592925754,144.36,-38.147
25728,1970-06-13 00:00:00,0.0980513965586435,-0.0384566570194015,0.2345594501366887,144.36,-38.147
25729,1970-06-14 00:00:00,0.1929503885125406,0.0565965229263572,0.329304254098724,144.36,-38.147
25730,1970-06-15 00:00:00,0.180123462460642,0.0432301973023944,0.3170167276188895,144.36,-38.147
25731,1970-06-16 00:00:00,0.4276173274004797,0.2895706967953744,0.5656639580055851,144.36,-38.147
25732,1970-06-17 00:00:00,0.0783974517560945,-0.0586311745634729,0.215426078075662,144.36,-38.147
25733,1970-06-18 00:00:00,-0.0671698394272331,-0.2035236799649088,0.0691840011104424,144.36,-38.147
25734,1970-06-19 00:00:00,0.1060502052250391,-0.0311356836069126,0.2432360940569909,144.36,-38.147
25735,1970-06-20 00:00:00,0.0676890784511736,-0.0691789021107605,0.2045570590131079,144.36,-38.147
25736,1970-06-21 00:00:00,0.0592196823427059,-0.0772248339139901,0.1956641985994021,144.36,-38.147
25737,1970-06-22 00:00:00,0.136954096454418,0.0006564247525489,0.2732517681562872,144.36,-38.147
25738,1970-06-23 00:00:00,0.0636888425336285,-0.0726212429471623,0.1999989280144194,144.36,-38.147
25739,1970-06-24 00:00:00,0.0250373778363491,-0.1113215250461554,0.1613962807188538,144.36,-38.147
25740,1970-06-25 00:00:00,0.0476175171717991,-0.0888387874929719,0.1840738218365701,144.36,-38.147
25741,1970-06-26 00:00:00,0.0977349410703013,-0.0389382251564389,0.2344081072970416,144.36,-38.147
25742,1970-06-27 00:00:00,0.34911844760869,0.212545115583295,0.485691779634085,144.36,-38.147
25743,1970-06-28 00:00:00,0.0519066028011098,-0.0847321893003706,0.1885453949025903,144.36,-38.147
25744,1970-06-29 00:00:00,0.2288543928072405,0.0923186464006757,0.3653901392138053,144.36,-38.147
25745,1970-06-30 00:00:00,0.1753758955606266,0.0386269568272384,0.3121248342940147,144.36,-38.147
25746,1970-07-01 00:00:00,0.3647491257475675,0.2275533116326851,0.50194493986245,144.36,-38.147
25747,1970-07-02 00:00:00,0.2026609471974383,0.0657624063142013,0.3395594880806753,144.36,-38.147
25748,1970-07-03 00:00:00,0.026249043088086,-0.1102007374370964,0.1626988236132684,144.36,-38.147
25749,1970-07-04 00:00:00,0.1530120065273753,0.0160277474889348,0.2899962655658159,144.36,-38.147
25750,1970-07-05 00:00:00,0.2658237159062342,0.1291267718206081,0.4025206599918602,144.36,-38.147
25751,1970-07-06 00:00:00,0.0846297053720057,-0.0517469146173935,0.221006325361405,144.36,-38.147
25752,1970-07-07 00:00:00,0.0604747780451667,-0.0759313266199425,0.1968808827102759,144.36,-38.147
25753,1970-07-08 00:00:00,0.1242096392857548,-0.0123231392653332,0.260742417836843,144.36,-38.147
25754,1970-07-09 00:00:00,0.2213295182663733,0.0847939882849323,0.3578650482478142,144.36,-38.147
25755,1970-07-10 00:00:00,0.0981955827193008,-0.0381071616471793,0.2344983270857809,144.36,-38.147
25756,1970-07-11 00:00:00,0.1450253734562545,0.0085909122002138,0.2814598347122951,144.36,-38.147
25757,1970-07-12 00:00:00,0.1086001287122799,-0.0279661420787568,0.2451663995033167,144.36,-38.147
25758,1970-07-13 00:00:00,-0.0159070024347431,-0.1523144604017529,0.1205004555322666,144.36,-38.147
25759,1970-07-14 00:00:00,0.010937718240746,-0.1253781579517156,0.1472535944332077,144.36,-38.147
25760,1970-07-15 00:00:00,0.0515883108175971,-0.0848963628788661,0.1880729845140605,144.36,-38.147
25761,1970-07-16 00:00:00,0.1635311491289545,0.0268012330283987,0.3002610652295103,144.36,-38.147
25762,1970-07-17 00:00:00,0.0784763845005589,-0.0581203298385715,0.2150730988396895,144.36,-38.147
25763,1970-07-18 00:00:00,0.2392770784477824,0.1023476658245086,0.3762064910710561,144.36,-38.147
25764,1970-07-19 00:00:00,0.2293358168520522,0.0927895606042666,0.3658820730998378,144.36,-38.147
25765,1970-07-20 00:00:00,0.209319595528282,0.0728268119233178,0.3458123791332463,144.36,-38.147
25766,1970-07-21 00:00:00,0.0706143888661513,-0.0659171017075934,0.207145879439896,144.36,-38.147
25767,1970-07-22 00:00:00,0.1786743238236199,0.0419764538606846,0.3153721937865551,144.36,-38.147
25768,1970-07-23 00:00:00,0.0554753661753329,-0.0808710963762655,0.1918218287269315,144.36,-38.147
25769,1970-07-24 00:00:00,0.132197561926011,-0.0045458588927978,0.2689409827448198,144.36,-38.147
25770,1970-07-25 00:00:00,0.2161871452207689,0.0783231956598755,0.3540510947816624,144.36,-38.147
25771,1970-07-26 00:00:00,0.187563725526124,0.0505550878788738,0.3245723631733742,144.36,-38.147
25772,1970-07-27 00:00:00,0.0164910712528779,-0.1197940969318608,0.1527762394376167,144.36,-38.147
25773,1970-07-28 00:00:00,0.0366396513407692,-0.0995800536246051,0.1728593563061437,144.36,-38.147
25774,1970-07-29 00:00:00,0.0369862857182002,-0.099220747234217,0.1731933186706176,144.36,-38.147
25775,1970-07-30 00:00:00,0.0545431808292326,-0.0818164100310962,0.1909027716895615,144.36,-38.147
25776,1970-07-31 00:00:00,0.1035463390272392,-0.0333671895369591,0.2404598675914376,144.36,-38.147
25777,1970-08-01 00:00:00,0.1268141735469438,-0.0101889753400994,0.263817322433987,144.36,-38.147
25778,1970-08-02 00:00:00,0.4477578833504356,0.3103003094137564,0.5852154572871149,144.36,-38.147
25779,1970-08-03 00:00:00,0.1706878749554288,0.0337201727139603,0.3076555771968974,144.36,-38.147
25780,1970-08-04 00:00:00,0.1073093575573666,-0.02903378941553,0.2436525045302632,144.36,-38.147
25781,1970-08-05 00:00:00,0.1148089357942131,-0.021899552822415,0.2515174244108412,144.36,-38.147
25782,1970-08-06 00:00:00,-0.0129168597846699,-0.149806878977966,0.1239731594086262,144.36,-38.147
25783,1970-08-07 00:00:00,-0.0906056193697148,-0.2271931259744885,0.0459818872350588,144.36,-38.147
25784,1970-08-08 00:00:00,-0.0740620629766214,-0.2104109489163956,0.0622868229631528,144.36,-38.147
25785,1970-08-09 00:00:00,0.0048506104537176,-0.1320328937084587,0.141734114615894,144.36,-38.147
25786,1970-08-10 00:00:00,0.1299647692512049,-0.0066119970885265,0.2665415355909365,144.36,-38.147
25787,1970-08-11 00:00:00,0.1171161769207893,-0.0191318298813801,0.2533641837229589,144.36,-38.147
25788,1970-08-12 00:00:00,0.1862923865588992,0.0499535812042842,0.3226311919135142,144.36,-38.147
25789,1970-08-13 00:00:00,0.1979287517640054,0.0615214711181974,0.3343360324098134,144.36,-38.147
25790,1970-08-14 00:00:00,0.0934225163036811,-0.043078908609342,0.2299239412167044,144.36,-38.147
25791,1970-08-15 00:00:00,0.0762944688667365,-0.0602694096881787,0.2128583474216518,144.36,-38.147
25792,1970-08-16 00:00:00,0.1435390652271796,0.0066373611251766,0.2804407693291826,144.36,-38.147
25793,1970-08-17 00:00:00,0.092356436715394,-0.0443475917344193,0.2290604651652074,144.36,-38.147
25794,1970-08-18 00:00:00,-0.0098649310576516,-0.147274882017872,0.1275450199025687,144.36,-38.147
25795,1970-08-19 00:00:00,-0.046256749593813,-0.1829689841619395,0.0904554849743135,144.36,-38.147
25796,1970-08-20 00:00:00,0.0120267491512444,-0.1242038971533844,0.1482573954558733,144.36,-38.147
25797,1970-08-21 00:00:00,0.0957435352868075,-0.0405645366874771,0.2320516072610922,144.36,-38.147
25798,1970-08-22 00:00:00,0.1252689183401459,-0.011111535370487,0.261649372050779,144.36,-38.147
25799,1970-08-23 00:00:00,0.0859671129858035,-0.0504862488259481,0.2224204747975551,144.36,-38.147
25800,1970-08-24 00:00:00,0.1631265836331755,0.0266404116990727,0.2996127555672783,144.36,-38.147
25801,1970-08-25 00:00:00,0.1337550265727748,-0.0025599682277627,0.2700700213733125,144.36,-38.147
25802,1970-08-26 00:00:00,0.1483675049215752,0.0119519662502214,0.2847830435929289,144.36,-38.147
25803,1970-08-27 00:00:00,0.4457340625781557,0.3082533485530699,0.5832147766032414,144.36,-38.147
25804,1970-08-28 00:00:00,0.3226191734959982,0.1840923762473166,0.4611459707446798,144.36,-38.147
25805,1970-08-29 00:00:00,0.2394608464828056,0.1022129882246808,0.3767087047409304,144.36,-38.147
25806,1970-08-30 00:00:00,0.1515651471657133,0.0148773246190537,0.288252969712373,144.36,-38.147
25807,1970-08-31 00:00:00,0.0783575289692169,-0.0585928323799582,0.2153078903183919,144.36,-38.147
25808,1970-09-01 00:00:00,-0.0199877618647673,-0.1563585659964725,0.1163830422669379,144.36,-38.147
25809,1970-09-02 00:00:00,-0.0319450523295938,-0.1681837389211014,0.1042936342619136,144.36,-38.147
25810,1970-09-03 00:00:00,-0.0322077252396452,-0.1687099924708876,0.1042945419915971,144.36,-38.147
25811,1970-09-04 00:00:00,0.1594142585982132,0.0224826480942638,0.2963458691021626,144.36,-38.147
25812,1970-09-05 00:00:00,0.2684015892015891,0.1318839982262527,0.4049191801769255,144.36,-38.147
25813,1970-09-06 00:00:00,0.1818491398119126,0.0452379591965065,0.3184603204273188,144.36,-38.147
25814,1970-09-07 00:00:00,0.1091459816508863,-0.0274024281399141,0.2456943914416869,144.36,-38.147
25815,1970-09-08 00:00:00,0.0668712446032888,-0.0696449278451545,0.2033874170517323,144.36,-38.147
25816,1970-09-09 00:00:00,0.1443341214582933,0.0066204474019988,0.2820477955145878,144.36,-38.147
25817,1970-09-10 00:00:00,0.1892224176118661,0.0515140443947784,0.3269307908289539,144.36,-38.147
25818,1970-09-11 00:00:00,0.1333081972241587,-0.0030390784876421,0.2696554729359596,144.36,-38.147
25819,1970-09-12 00:00:00,0.0747697931066142,-0.0615531418395735,0.2110927280528021,144.36,-38.147
25820,1970-09-13 00:00:00,0.1128938413645166,-0.023469702543632,0.2492573852726653,144.36,-38.147
25821,1970-09-14 00:00:00,0.1018223685646059,-0.0346586630514099,0.2383034001806218,144.36,-38.147
25822,1970-09-15 00:00:00,0.296406415195122,0.1598612087345102,0.4329516216557337,144.36,-38.147
25823,1970-09-16 00:00:00,0.1275352603682822,-0.0088212690834006,0.2638917898199652,144.36,-38.147
25824,1970-09-17 00:00:00,0.1018700872937413,-0.0344955687293882,0.2382357433168708,144.36,-38.147
25825,1970-09-18 00:00:00,0.1730582913620162,0.0365234987456459,0.3095930839783866,144.36,-38.147
25826,1970-09-19 00:00:00,-0.0156490137513345,-0.1520577369996724,0.1207597094970032,144.36,-38.147
25827,1970-09-20 00:00:00,-0.0603657083413428,-0.1965954610295296,0.0758640443468439,144.36,-38.147
25828,1970-09-21 00:00:00,-0.030946942408977,-0.1675095869566625,0.1056157021387083,144.36,-38.147
25829,1970-09-22 00:00:00,0.0432892088155416,-0.093505435553722,0.1800838531848053,144.36,-38.147
25830,1970-09-23 00:00:00,0.0275814757523804,-0.1092942721444095,0.1644572236491704,144.36,-38.147
25831,1970-09-24 00:00:00,0.0420158645370561,-0.0947082842592668,0.1787400133333791,144.36,-38.147
25832,1970-09-25 00:00:00,0.0132644191531768,-0.1230402049178839,0.1495690432242376,144.36,-38.147
25833,1970-09-26 00:00:00,-0.0036359420517701,-0.1398999606587696,0.1326280765552294,144.36,-38.147
25834,1970-09-27 00:00:00,-0.0035650316973438,-0.1400325971422273,0.1329025337475396,144.36,-38.147
25835,1970-09-28 00:00:00,0.0454097891377212,-0.0912946045159071,0.1821141827913497,144.36,-38.147
25836,1970-09-29 00:00:00,0.0798165536397167,-0.056660401549432,0.2162935088288655,144.36,-38.147
25837,1970-09-30 00:00:00,0.1101947065078346,-0.0260923986275631,0.2464818116432324,144.36,-38.147
25838,1970-10-01 00:00:00,0.1375201042786046,0.0012860354598083,0.2737541730974009,144.36,-38.147
25839,1970-10-02 00:00:00,0.1381421076579995,0.0016235684974625,0.2746606468185366,144.36,-38.147
25840,1970-10-03 00:00:00,0.1252233276229172,-0.0113437373540709,0.2617903925999054,144.36,-38.147
25841,1970-10-04 00:00:00,0.0895037032536613,-0.04719838348368,0.2262057899910027,144.36,-38.147
25842,1970-10-05 00:00:00,0.1986051230111267,0.0597828905305017,0.3374273554917517,144.36,-38.147
25843,1970-10-06 00:00:00,0.1715640969518982,0.0339182139566235,0.3092099799471729,144.36,-38.147
25844,1970-10-07 00:00:00,0.0825600940732939,-0.0538387150845442,0.2189589032311321,144.36,-38.147
25845,1970-10-08 00:00:00,0.1857334928617476,0.0493367807726855,0.3221302049508098,144.36,-38.147
25846,1970-10-09 00:00:00,0.1342759127835359,-0.0019813369400738,0.2705331625071456,144.36,-38.147
25847,1970-10-10 00:00:00,0.0116505018198675,-0.1246578585226957,0.1479588621624309,144.36,-38.147
25848,1970-10-11 00:00:00,0.0764881032347681,-0.0597670361749409,0.2127432426444773,144.36,-38.147
25849,1970-10-12 00:00:00,0.1462952305397804,0.0099492929644527,0.2826411681151081,144.36,-38.147
25850,1970-10-13 00:00:00,0.1509095995155936,0.0145197933217258,0.2872994057094614,144.36,-38.147
25851,1970-10-14 00:00:00,0.3132727018292459,0.1765076405298363,0.4500377631286555,144.36,-38.147
25852,1970-10-15 00:00:00,0.0244479427888369,-0.1122973963878371,0.1611932819655111,144.36,-38.147
25853,1970-10-16 00:00:00,0.0235015218151834,-0.1129039694182329,0.1599070130485999,144.36,-38.147
25854,1970-10-17 00:00:00,0.0775099815764827,-0.0591405709745685,0.214160534127534,144.36,-38.147
25855,1970-10-18 00:00:00,0.1371146936306784,0.0001039605693566,0.2741254266920002,144.36,-38.147
25856,1970-10-19 00:00:00,0.0877881807027112,-0.0485740541356651,0.2241504155410876,144.36,-38.147
25857,1970-10-20 00:00:00,0.1462024168350557,0.0098193237018078,0.2825855099683035,144.36,-38.147
25858,1970-10-21 00:00:00,0.0978063628855813,-0.0385064276121131,0.2341191533832758,144.36,-38.147
25859,1970-10-22 00:00:00,0.1613269126333698,0.0248738777527535,0.2977799475139862,144.36,-38.147
25860,1970-10-23 00:00:00,-0.0143191530685959,-0.1506995602061731,0.1220612540689813,144.36,-38.147
25861,1970-10-24 00:00:00,0.0510238047366856,-0.0852039096310982,0.1872515191044695,144.36,-38.147
25862,1970-10-25 00:00:00,0.0617477036215587,-0.0744989809245001,0.1979943881676176,144.36,-38.147
25863,1970-10-26 00:00:00,-0.0230533186649726,-0.1592362757712648,0.1131296384413195,144.36,-38.147
25864,1970-10-27 00:00:00,-0.0066611499930299,-0.1428694408863142,0.1295471409002542,144.36,-38.147
25865,1970-10-28 00:00:00,0.0743821451185862,-0.0621618169472168,0.2109261071843893,144.36,-38.147
25866,1970-10-29 00:00:00,0.2873474057822733,0.1507614772442624,0.4239333343202843,144.36,-38.147
25867,1970-10-30 00:00:00,0.1293365796295033,-0.0070275045569327,0.2657006638159395,144.36,-38.147
25868,1970-10-31 00:00:00,0.0697059692578978,-0.0665407483903029,0.2059526869060985,144.36,-38.147
25869,1970-11-01 00:00:00,0.0514294938702596,-0.0848561110568908,0.1877150987974102,144.36,-38.147
25870,1970-11-02 00:00:00,-0.025830022380398,-0.1622381274351944,0.1105780826743984,144.36,-38.147
25871,1970-11-03 00:00:00,-0.0610729126067491,-0.1973945538949623,0.0752487286814639,144.36,-38.147
25872,1970-11-04 00:00:00,-0.0190794603710243,-0.155386836316853,0.1172279155748042,144.36,-38.147
25873,1970-11-05 00:00:00,0.0014533950707892,-0.1350823639288949,0.1379891540704733,144.36,-38.147
25874,1970-11-06 00:00:00,0.1591502358604395,0.0226229027345837,0.2956775689862954,144.36,-38.147
25875,1970-11-07 00:00:00,0.0514961322960236,-0.0848361739553252,0.1878284385473725,144.36,-38.147
25876,1970-11-08 00:00:00,-0.0016554819622616,-0.1379434694448356,0.1346325055203123,144.36,-38.147
25877,1970-11-09 00:00:00,0.0434038527204361,-0.0928440994238063,0.1796518048646785,144.36,-38.147
25878,1970-11-10 00:00:00,0.0749957799126489,-0.0612623925431468,0.2112539523684447,144.36,-38.147
25879,1970-11-11 00:00:00,0.0240447611387279,-0.1124316006183482,0.160521122895804,144.36,-38.147
25880,1970-11-12 00:00:00,0.040201648884621,-0.0964498444474508,0.1768531422166929,144.36,-38.147
25881,1970-11-13 00:00:00,0.2035040417422921,0.0667658050803797,0.3402422784042045,144.36,-38.147
25882,1970-11-14 00:00:00,0.0299036235211129,-0.1064199832343655,0.1662272302765913,144.36,-38.147
25883,1970-11-15 00:00:00,0.2327266673011272,0.0960515811665819,0.3694017534356725,144.36,-38.147
25884,1970-11-16 00:00:00,0.2295754964090714,0.0928392075303723,0.3663117852877706,144.36,-38.147
25885,1970-11-17 00:00:00,0.0277373645044912,-0.1088830201509836,0.1643577491599661,144.36,-38.147
25886,1970-11-18 00:00:00,0.0064928059494415,-0.129775843580113,0.142761455478996,144.36,-38.147
25887,1970-11-19 00:00:00,-0.0452575530339066,-0.1814668954261529,0.0909517893583396,144.36,-38.147
25888,1970-11-20 00:00:00,-0.0582508617380021,-0.1945510294172172,0.078049305941213,144.36,-38.147
25889,1970-11-21 00:00:00,-0.0253052555044082,-0.1615693245044143,0.1109588134955977,144.36,-38.147
25890,1970-11-22 00:00:00,-0.0198649664960843,-0.1560625954765702,0.1163326624844015,144.36,-38.147
25891,1970-11-23 00:00:00,-0.0146806869091183,-0.1508731679283618,0.1215117941101251,144.36,-38.147
25892,1970-11-24 00:00:00,0.028836779358637,-0.1074227817184153,0.1650963404356894,144.36,-38.147
25893,1970-11-25 00:00:00,0.1489694373478803,0.0125554521341206,0.28538342256164,144.36,-38.147
25894,1970-11-26 00:00:00,0.1098051419565289,-0.0266657689519159,0.2462760528649738,144.36,-38.147
25895,1970-11-27 00:00:00,-0.0115173037283618,-0.147945133988418,0.1249105265316944,144.36,-38.147
25896,1970-11-28 00:00:00,0.1162163111729547,-0.0201487079886855,0.2525813303345952,144.36,-38.147
25897,1970-11-29 00:00:00,0.0962991490320477,-0.0400049361463889,0.2326032342104844,144.36,-38.147
25898,1970-11-30 00:00:00,0.1129384509643314,-0.0233382078203278,0.2492151097489906,144.36,-38.147
25899,1970-12-01 00:00:00,0.1632958244130237,0.026930491568339,0.2996611572577083,144.36,-38.147
25900,1970-12-02 00:00:00,0.077546001311819,-0.0587043676566132,0.2137963702802513,144.36,-38.147
25901,1970-12-03 00:00:00,0.0325152354816541,-0.1037394162448912,0.1687698872081995,144.36,-38.147
25902,1970-12-04 00:00:00,0.07867856118153,-0.0578063563988531,0.2151634787619131,144.36,-38.147
25903,1970-12-05 00:00:00,0.4268753884604796,0.2900679152967509,0.5636828616242083,144.36,-38.147
25904,1970-12-06 00:00:00,0.0687765249557396,-0.0677874993947109,0.2053405493061903,144.36,-38.147
25905,1970-12-07 00:00:00,0.016881128840379,-0.1193247216586035,0.1530869793393616,144.36,-38.147
25906,1970-12-08 00:00:00,0.002720078468061,-0.1336673383604695,0.1391074952965916,144.36,-38.147
25907,1970-12-09 00:00:00,-0.0612880275897654,-0.1985115310129027,0.0759354758333718,144.36,-38.147
25908,1970-12-10 00:00:00,0.0011893158392377,-0.1369271787998109,0.1393058104782863,144.36,-38.147
25909,1970-12-11 00:00:00,0.0283729256950644,-0.1095582438916469,0.1663040952817758,144.36,-38.147
25910,1970-12-12 00:00:00,0.1579372590941357,0.0215814071466442,0.2942931110416272,144.36,-38.147
25911,1970-12-13 00:00:00,0.0986983318370522,-0.0375752800998296,0.2349719437739341,144.36,-38.147
25912,1970-12-14 00:00:00,0.1948393735967791,0.0585078518569456,0.3311708953366126,144.36,-38.147
25913,1970-12-15 00:00:00,0.1002693129187796,-0.0359787538050321,0.2365173796425914,144.36,-38.147
25914,1970-12-16 00:00:00,0.0340766519397354,-0.1021525794718126,0.1703058833512835,144.36,-38.147
25915,1970-12-17 00:00:00,0.0121775397879307,-0.1240635329959146,0.1484186125717761,144.36,-38.147
25916,1970-12-18 00:00:00,0.3075167331067659,0.170564662968622,0.4444688032449099,144.36,-38.147
25917,1970-12-19 00:00:00,0.2770527661729331,0.1398443601811708,0.4142611721646954,144.36,-38.147
25918,1970-12-20 00:00:00,0.091265691668188,-0.045054530424665,0.227585913761041,144.36,-38.147
25919,1970-12-21 00:00:00,0.1032633908233337,-0.0329990314993209,0.2395258131459883,144.36,-38.147
25920,1970-12-22 00:00:00,0.0503855426253221,-0.0859148159137059,0.1866859011643501,144.36,-38.147
25921,1970-12-23 00:00:00,0.129079830388529,-0.0072201583100496,0.2653798190871077,144.36,-38.147
25922,1970-12-24 00:00:00,0.1109469260390693,-0.0253316704437014,0.2472255225218401,144.36,-38.147
25923,1970-12-25 00:00:00,-0.0347475652806518,-0.171193256046331,0.1016981254850273,144.36,-38.147
25924,1970-12-26 00:00:00,0.0121701166766107,-0.1243204077088987,0.1486606410621202,144.36,-38.147
25925,1970-12-27 00:00:00,0.0970123124759291,-0.0397113667985289,0.2337359917503873,144.36,-38.147
25926,1970-12-28 00:00:00,0.1412605635642026,0.0046797104004162,0.277841416727989,144.36,-38.147
25927,1970-12-29 00:00:00,0.1441247028898147,0.0071699204178875,0.2810794853617417,144.36,-38.147
25928,1970-12-30 00:00:00,0.0902363429149499,-0.0467518360265927,0.2272245218564925,144.36,-38.147
25929,1970-12-31 00:00:00,0.0942848583687018,-0.0421755716041018,0.2307452883415055,144.36,-38.147
25930,1971-01-01 00:00:00,0.2092801949284406,0.0727899026965089,0.3457704871603723,144.36,-38.147
25931,1971-01-02 00:00:00,0.1868289588243761,0.0505479515589732,0.3231099660897789,144.36,-38.147
25932,1971-01-03 00:00:00,0.1362132181542542,-0.0001241060441777,0.2725505423526863,144.36,-38.147
25933,1971-01-04 00:00:00,0.100427097661849,-0.0359924154565891,0.2368466107802873,144.36,-38.147
25934,1971-01-05 00:00:00,0.0550617805613007,-0.0814864465510844,0.1916100076736859,144.36,-38.147
25935,1971-01-06 00:00:00,0.0325171143941584,-0.1036959716646894,0.1687302004530063,144.36,-38.147
25936,1971-01-07 00:00:00,0.0329556354921261,-0.103310568890675,0.1692218398749272,144.36,-38.147
25937,1971-01-08 00:00:00,0.055404600579102,-0.0812969582590602,0.1921061594172642,144.36,-38.147
25938,1971-01-09 00:00:00,0.2296076110318249,0.0927191363275699,0.3664960857360798,144.36,-38.147
25939,1971-01-10 00:00:00,0.0891887733558053,-0.0472178929484538,0.2255954396600646,144.36,-38.147
25940,1971-01-11 00:00:00,-0.0108114447022433,-0.1470836784550884,0.1254607890506018,144.36,-38.147
25941,1971-01-12 00:00:00,0.0984587885378002,-0.0380908201838641,0.2350083972594646,144.36,-38.147
25942,1971-01-13 00:00:00,0.0177291394642884,-0.1187049448754842,0.1541632238040612,144.36,-38.147
25943,1971-01-14 00:00:00,-0.0014791610358454,-0.1377529069088225,0.1347945848371317,144.36,-38.147
25944,1971-01-15 00:00:00,0.009718105673622,-0.1265119267862048,0.1459481381334488,144.36,-38.147
25945,1971-01-16 00:00:00,0.1713998304948058,0.0348457018861753,0.3079539591034362,144.36,-38.147
25946,1971-01-17 00:00:00,0.1309080954384554,-0.0055028005128505,0.2673189913897615,144.36,-38.147
25947,1971-01-18 00:00:00,0.072793774674848,-0.0636706267839934,0.2092581761336894,144.36,-38.147
25948,1971-01-19 00:00:00,0.0137914868991663,-0.1226125582991187,0.1501955320974514,144.36,-38.147
25949,1971-01-20 00:00:00,0.0172597027292501,-0.1191707244653084,0.1536901299238088,144.36,-38.147
25950,1971-01-21 00:00:00,0.0144044984379109,-0.1220513156617285,0.1508603125375504,144.36,-38.147
25951,1971-01-22 00:00:00,-0.0162331864193979,-0.1526123029943182,0.1201459301555223,144.36,-38.147
25952,1971-01-23 00:00:00,-0.0287340471885195,-0.1652772735758119,0.1078091791987728,144.36,-38.147
25953,1971-01-24 00:00:00,-0.0147318955064982,-0.1512558584907837,0.1217920674777871,144.36,-38.147
25954,1971-01-25 00:00:00,0.0489146147624391,-0.0874522490518343,0.1852814785767126,144.36,-38.147
25955,1971-01-26 00:00:00,0.1412470815216296,0.0049247446832636,0.2775694183599956,144.36,-38.147
25956,1971-01-27 00:00:00,0.1561178914533671,0.0196350281887947,0.2926007547179394,144.36,-38.147
25957,1971-01-28 00:00:00,0.1572125446211034,0.020729620341304,0.2936954689009028,144.36,-38.147
25958,1971-01-29 00:00:00,0.0726966612127215,-0.0645009549351475,0.2098942773605906,144.36,-38.147
25959,1971-01-30 00:00:00,-0.0415115662616999,-0.1798110861670369,0.096787953643637,144.36,-38.147
25960,1971-01-31 00:00:00,-0.0499963756249918,-0.1876082653004058,0.087615514050422,144.36,-38.147
25961,1971-02-01 00:00:00,0.0445440450066743,-0.0927428307798146,0.1818309207931632,144.36,-38.147
25962,1971-02-02 00:00:00,0.1467226938509122,0.0104301136461572,0.283015274055667,144.36,-38.147
25963,1971-02-03 00:00:00,0.0983118536978027,-0.037975021173065,0.2345987285686706,144.36,-38.147
25964,1971-02-04 00:00:00,-0.00406358731614,-0.1405657526538848,0.1324385780216048,144.36,-38.147
25965,1971-02-05 00:00:00,0.0170346864698165,-0.1194638042163459,0.1535331771559791,144.36,-38.147
25966,1971-02-06 00:00:00,0.0559377633522057,-0.0806595656389532,0.1925350923433645,144.36,-38.147
25967,1971-02-07 00:00:00,0.0231161128849489,-0.1133922218471788,0.1596244476170766,144.36,-38.147
25968,1971-02-08 00:00:00,0.0939678076048956,-0.0425102612370324,0.2304458764468236,144.36,-38.147
25969,1971-02-09 00:00:00,0.189087389992157,0.0526290379952766,0.3255457419890375,144.36,-38.147
25970,1971-02-10 00:00:00,0.1404162830082794,0.0037897720954539,0.2770427939211048,144.36,-38.147
25971,1971-02-11 00:00:00,0.0181871573935692,-0.1181491513109095,0.1545234660980481,144.36,-38.147
25972,1971-02-12 00:00:00,0.0240844833842817,-0.1121963530707387,0.1603653198393022,144.36,-38.147
25973,1971-02-13 00:00:00,0.1075310453869326,-0.0288583815760725,0.2439204723499377,144.36,-38.147
25974,1971-02-14 00:00:00,0.0471614715207748,-0.0891034729117237,0.1834264159532734,144.36,-38.147
25975,1971-02-15 00:00:00,-0.0097926074584413,-0.1460354042100241,0.1264501892931414,144.36,-38.147
25976,1971-02-16 00:00:00,0.0022293824382624,-0.1341098293154913,0.1385685941920162,144.36,-38.147
25977,1971-02-17 00:00:00,0.05629136950696,-0.0801450241144949,0.1927277631284149,144.36,-38.147
25978,1971-02-18 00:00:00,0.0057216954831265,-0.1305836673967689,0.1420270583630221,144.36,-38.147
25979,1971-02-19 00:00:00,0.0157730120231849,-0.120628467492547,0.1521744915389168,144.36,-38.147
25980,1971-02-20 00:00:00,0.0763227501542475,-0.0600840119082881,0.2127295122167832,144.36,-38.147
25981,1971-02-21 00:00:00,0.0530251171407044,-0.0833030986566357,0.1893533329380445,144.36,-38.147
25982,1971-02-22 00:00:00,0.0379624259687264,-0.0984244828992885,0.1743493348367414,144.36,-38.147
25983,1971-02-23 00:00:00,0.0235325462209879,-0.1128449821802091,0.1599100746221851,144.36,-38.147
25984,1971-02-24 00:00:00,-0.0142574056375694,-0.1506301665568789,0.1221153552817401,144.36,-38.147
25985,1971-02-25 00:00:00,-0.0480215955272729,-0.1844595838297146,0.0884163927751687,144.36,-38.147
25986,1971-02-26 00:00:00,0.0032747565245643,-0.1330425489803422,0.1395920620294709,144.36,-38.147
25987,1971-02-27 00:00:00,0.0586086855228385,-0.0775883491575018,0.1948057202031788,144.36,-38.147
25988,1971-02-28 00:00:00,0.0832508319813473,-0.0529564078895254,0.2194580718522201,144.36,-38.147
25989,1971-03-01 00:00:00,0.0655886693510222,-0.0706676440478549,0.2018449827498993,144.36,-38.147
25990,1971-03-02 00:00:00,0.0481328458207982,-0.0884557697597989,0.1847214614013954,144.36,-38.147
25991,1971-03-03 00:00:00,-0.0375419413945893,-0.1741310545325887,0.0990471717434101,144.36,-38.147
25992,1971-03-04 00:00:00,-0.020161500520523,-0.1564925021245757,0.1161695010835296,144.36,-38.147
25993,1971-03-05 00:00:00,-0.0096679054733956,-0.146008696216473,0.1266728852696817,144.36,-38.147
25994,1971-03-06 00:00:00,-0.0101087676980008,-0.1464319010883692,0.1262143656923675,144.36,-38.147
25995,1971-03-07 00:00:00,0.0114614843497301,-0.1250794212907932,0.1480023899902536,144.36,-38.147
25996,1971-03-08 00:00:00,0.0133201686193341,-0.1230119686737502,0.1496523059124185,144.36,-38.147
25997,1971-03-09 00:00:00,0.045834542757712,-0.090451608770066,0.1821206942854902,144.36,-38.147
25998,1971-03-10 00:00:00,0.0839244448131778,-0.0523619922782685,0.2202108819046241,144.36,-38.147
25999,1971-03-11 00:00:00,0.0510981516270644,-0.0851074302805747,0.1873037335347037,144.36,-38.147
26000,1971-03-12 00:00:00,0.0424782513232697,-0.0938890467453043,0.1788455493918438,144.36,-38.147
26001,1971-03-13 00:00:00,0.0040841989690222,-0.1321840443348089,0.1403524422728534,144.36,-38.147
26002,1971-03-14 00:00:00,0.0094400173468768,-0.1267529572023438,0.1456329918960975,144.36,-38.147
26003,1971-03-15 00:00:00,0.1104113429164483,-0.0258696725482247,0.2466923583811214,144.36,-38.147
26004,1971-03-16 00:00:00,0.0504746910440768,-0.0858370261670216,0.1867864082551752,144.36,-38.147
26005,1971-03-17 00:00:00,-0.0014057504518543,-0.1376226776726602,0.1348111767689514,144.36,-38.147
26006,1971-03-18 00:00:00,0.0142810957505374,-0.1219489116944265,0.1505111031955013,144.36,-38.147
26007,1971-03-19 00:00:00,0.0221092282685477,-0.1141669047746592,0.1583853613117548,144.36,-38.147
26008,1971-03-20 00:00:00,0.0417859148189977,-0.0945055790134601,0.1780774086514555,144.36,-38.147
26009,1971-03-21 00:00:00,0.0530840273520853,-0.0831262262022846,0.1892942809064553,144.36,-38.147
26010,1971-03-22 00:00:00,0.0282913241044706,-0.1079087249066169,0.1644913731155583,144.36,-38.147
26011,1971-03-23 00:00:00,0.1131535067092948,-0.0232702477426074,0.2495772611611972,144.36,-38.147
26012,1971-03-24 00:00:00,-0.0100102145356739,-0.1463811302185819,0.126360701147234,144.36,-38.147
26013,1971-03-25 00:00:00,-0.0113874042224018,-0.1476800146666514,0.1249052062218477,144.36,-38.147
26014,1971-03-26 00:00:00,0.1187163762650529,-0.0177757065981577,0.2552084591282637,144.36,-38.147
26015,1971-03-27 00:00:00,-0.009036937944272,-0.1453604185100387,0.1272865426214947,144.36,-38.147
26016,1971-03-28 00:00:00,-0.0148717175687201,-0.1511943704227238,0.1214509352852836,144.36,-38.147
26017,1971-03-29 00:00:00,0.0048195574377313,-0.1320088795825245,0.1416479944579871,144.36,-38.147
26018,1971-03-30 00:00:00,0.0680769939658834,-0.0692438035101347,0.2053977914419016,144.36,-38.147
26019,1971-03-31 00:00:00,0.0130676413997816,-0.1235215531981249,0.1496568359976881,144.36,-38.147
26020,1971-04-01 00:00:00,-0.1152892771462389,-0.2517782139343902,0.0211996596419122,144.36,-38.147
26021,1971-04-02 00:00:00,-0.036470556257463,-0.1728550989581194,0.0999139864431933,144.36,-38.147
26022,1971-04-03 00:00:00,0.0012073151063936,-0.1350177798176328,0.13743241003042,144.36,-38.147
26023,1971-04-04 00:00:00,-0.0104067615293742,-0.1467567309648522,0.1259432079061037,144.36,-38.147
26024,1971-04-05 00:00:00,0.0243429251276619,-0.1121562157056622,0.1608420659609861,144.36,-38.147
26025,1971-04-06 00:00:00,0.0183373568904683,-0.1178582405390878,0.1545329543200245,144.36,-38.147
26026,1971-04-07 00:00:00,-0.0025540281270223,-0.1387362263406494,0.1336281700866047,144.36,-38.147
26027,1971-04-08 00:00:00,0.0753528423112366,-0.0609081643830651,0.2116138490055383,144.36,-38.147
26028,1971-04-09 00:00:00,0.0122294980353225,-0.124022882967121,0.1484818790377661,144.36,-38.147
26029,1971-04-10 00:00:00,0.0504708531045717,-0.0857496361032452,0.1866913423123888,144.36,-38.147
26030,1971-04-11 00:00:00,0.0471125838719031,-0.0890885302276223,0.1833136979714286,144.36,-38.147
26031,1971-04-12 00:00:00,-0.0309119735954656,-0.1672864395379395,0.1054624923470081,144.36,-38.147
26032,1971-04-13 00:00:00,-0.0340270783376288,-0.1704833980217273,0.1024292413464696,144.36,-38.147
26033,1971-04-14 00:00:00,-0.027358858302685,-0.1636530773419231,0.1089353607365531,144.36,-38.147
26034,1971-04-15 00:00:00,-0.0091386947294515,-0.1454398343207449,0.1271624448618418,144.36,-38.147
26035,1971-04-16 00:00:00,0.0262264026958698,-0.1100711867069607,0.1625239920987003,144.36,-38.147
26036,1971-04-17 00:00:00,0.0704074586510991,-0.0660792618706406,0.206894179172839,144.36,-38.147
26037,1971-04-18 00:00:00,0.2315382652883224,0.0946630940464141,0.3684134365302307,144.36,-38.147
26038,1971-04-19 00:00:00,0.258896908738138,0.122266032711872,0.3955277847644038,144.36,-38.147
26039,1971-04-20 00:00:00,0.2417215839621048,0.1050654511164969,0.3783777168077128,144.36,-38.147
26040,1971-04-21 00:00:00,0.2060187599010345,0.069170040489417,0.3428674793126521,144.36,-38.147
26041,1971-04-22 00:00:00,0.1492962716584722,0.0125574605296779,0.2860350827872665,144.36,-38.147
26042,1971-04-23 00:00:00,0.0716912599536091,-0.0646304043468538,0.2080129242540721,144.36,-38.147
26043,1971-04-24 00:00:00,0.1122567056733552,-0.02409713383414,0.2486105451808504,144.36,-38.147
26044,1971-04-25 00:00:00,0.0824307051199351,-0.0540835348217994,0.2189449450616697,144.36,-38.147
26045,1971-04-26 00:00:00,0.0454324460995456,-0.0918087992291916,0.1826736914282829,144.36,-38.147
26046,1971-04-27 00:00:00,0.1456226536523743,0.0062608487048231,0.2849844585999255,144.36,-38.147
26047,1971-04-28 00:00:00,0.3378064474249109,0.2001763659388115,0.4754365289110102,144.36,-38.147
26048,1971-04-29 00:00:00,0.2127008699583859,0.0761836644494773,0.3492180754672945,144.36,-38.147
26049,1971-04-30 00:00:00,0.1023047083422672,-0.0340980612197242,0.2387074779042587,144.36,-38.147
26050,1971-05-01 00:00:00,0.1114964297151387,-0.0248869676238256,0.2478798270541031,144.36,-38.147
26051,1971-05-02 00:00:00,0.1263419839944716,-0.0099797033001272,0.2626636712890705,144.36,-38.147
26052,1971-05-03 00:00:00,0.3444132134263997,0.2077093137758071,0.4811171130769922,144.36,-38.147
26053,1971-05-04 00:00:00,0.3678602427042919,0.2307444396185324,0.5049760457900514,144.36,-38.147
26054,1971-05-05 00:00:00,0.2692712374900537,0.1321078893669049,0.4064345856132025,144.36,-38.147
26055,1971-05-06 00:00:00,0.1509310448959619,0.0142731778972091,0.2875889118947148,144.36,-38.147
26056,1971-05-07 00:00:00,0.1087679203544096,-0.0277225689598785,0.2452584096686978,144.36,-38.147
26057,1971-05-08 00:00:00,0.0738251768848749,-0.0624586605503595,0.2101090143201094,144.36,-38.147
26058,1971-05-09 00:00:00,0.0980587680414256,-0.0382066789415036,0.234324215024355,144.36,-38.147
26059,1971-05-10 00:00:00,0.1361833775914376,-0.0001147564766035,0.2724815116594788,144.36,-38.147
26060,1971-05-11 00:00:00,0.1808475195676587,0.0445220026559406,0.3171730364793769,144.36,-38.147
26061,1971-05-12 00:00:00,0.2673888746585826,0.1309168788968689,0.4038608704202963,144.36,-38.147
26062,1971-05-13 00:00:00,0.074012855558066,-0.0628754232599593,0.2109011343760913,144.36,-38.147
26063,1971-05-14 00:00:00,-0.0303939367927017,-0.1668299681667324,0.1060420945813289,144.36,-38.147
26064,1971-05-15 00:00:00,-0.035963202035149,-0.1721640773466149,0.1002376732763169,144.36,-38.147
26065,1971-05-16 00:00:00,-0.0084461187071876,-0.14462433725774,0.1277320998433647,144.36,-38.147
26066,1971-05-17 00:00:00,0.012559659619963,-0.1236238842363344,0.1487432034762606,144.36,-38.147
26067,1971-05-18 00:00:00,0.0528198576603771,-0.0833808630640764,0.1890205783848307,144.36,-38.147
26068,1971-05-19 00:00:00,0.0305873365255587,-0.105590044104292,0.1667647171554095,144.36,-38.147
26069,1971-05-20 00:00:00,0.0424470078974172,-0.0937457148152272,0.1786397306100617,144.36,-38.147
26070,1971-05-21 00:00:00,0.013448118101944,-0.1227430396756459,0.149639275879534,144.36,-38.147
26071,1971-05-22 00:00:00,0.0313601165218894,-0.1048601479428371,0.1675803809866159,144.36,-38.147
26072,1971-05-23 00:00:00,0.0590836948708289,-0.0772203794998519,0.1953877692415099,144.36,-38.147
26073,1971-05-24 00:00:00,0.0327479368917785,-0.1036621906538504,0.1691580644374075,144.36,-38.147
26074,1971-05-25 00:00:00,0.1105943486154192,-0.0260004566100438,0.2471891538408823,144.36,-38.147
26075,1971-05-26 00:00:00,0.1090191284567641,-0.0276851752034346,0.2457234321169628,144.36,-38.147
26076,1971-05-27 00:00:00,0.0461555933063002,-0.0901961016647634,0.1825072882773638,144.36,-38.147
26077,1971-05-28 00:00:00,0.0844057460138646,-0.051910486630317,0.2207219786580464,144.36,-38.147
26078,1971-05-29 00:00:00,0.1481806746805892,0.0116597441205694,0.284701605240609,144.36,-38.147
26079,1971-05-30 00:00:00,0.2983313148054979,0.1596613699215694,0.4370012596894264,144.36,-38.147
26080,1971-05-31 00:00:00,0.2295905599320605,0.0917712077212317,0.3674099121428893,144.36,-38.147
26081,1971-06-01 00:00:00,0.0427222194423131,-0.0936982793226798,0.1791427182073061,144.36,-38.147
26082,1971-06-02 00:00:00,0.187493071317023,0.050556104498322,0.324430038135724,144.36,-38.147
26083,1971-06-03 00:00:00,0.1276521966693774,-0.0088567805589873,0.2641611738977422,144.36,-38.147
26084,1971-06-04 00:00:00,0.0971401409094992,-0.0393242682576472,0.2336045500766456,144.36,-38.147
26085,1971-06-05 00:00:00,0.0161235073830212,-0.120238023934323,0.1524850387003656,144.36,-38.147
26086,1971-06-06 00:00:00,-0.0343786186958403,-0.1705791182755235,0.1018218808838428,144.36,-38.147
26087,1971-06-07 00:00:00,-0.0058321924615216,-0.1420729737443211,0.1304085888212779,144.36,-38.147
26088,1971-06-08 00:00:00,0.1302590909444902,-0.0061717013108012,0.2666898831997817,144.36,-38.147
26089,1971-06-09 00:00:00,0.2120506522087251,0.0755144448452069,0.3485868595722434,144.36,-38.147
26090,1971-06-10 00:00:00,0.0677363610540392,-0.0686861811730949,0.2041589032811734,144.36,-38.147
26091,1971-06-11 00:00:00,0.0433859119021331,-0.0929690359233783,0.1797408597276446,144.36,-38.147
26092,1971-06-12 00:00:00,0.0477104079457193,-0.0885247240325929,0.1839455399240316,144.36,-38.147
26093,1971-06-13 00:00:00,0.0914810934452632,-0.0447671789227224,0.2277293658132489,144.36,-38.147
26094,1971-06-14 00:00:00,0.0353873444258939,-0.1008521449575313,0.1716268338093192,144.36,-38.147
26095,1971-06-15 00:00:00,0.01758572374245,-0.1186331179956161,0.1538045654805163,144.36,-38.147
26096,1971-06-16 00:00:00,-0.0066388797188926,-0.1428185278705285,0.1295407684327433,144.36,-38.147
26097,1971-06-17 00:00:00,-0.0059436389786834,-0.14218041282552,0.1302931348681532,144.36,-38.147
26098,1971-06-18 00:00:00,0.0201550781207985,-0.1161778582374368,0.156488014479034,144.36,-38.147
26099,1971-06-19 00:00:00,0.1334349476041436,-0.0030530006136214,0.2699228958219088,144.36,-38.147
26100,1971-06-20 00:00:00,0.1320538890004948,-0.0043643267554164,0.268472104756406,144.36,-38.147
26101,1971-06-21 00:00:00,0.0928387956151643,-0.0437435965046452,0.2294211877349739,144.36,-38.147
26102,1971-06-22 00:00:00,0.2153218314218457,0.0786228831498449,0.3520207796938466,144.36,-38.147
26103,1971-06-23 00:00:00,0.0666682593723826,-0.0699508492338903,0.2032873679786557,144.36,-38.147
26104,1971-06-24 00:00:00,0.2132576835786453,0.0763795298502061,0.3501358373070846,144.36,-38.147
26105,1971-06-25 00:00:00,0.0905634348960703,-0.0459714274656239,0.2270982972577646,144.36,-38.147
26106,1971-06-26 00:00:00,0.1799722688235951,0.0431746115017392,0.3167699261454511,144.36,-38.147
26107,1971-06-27 00:00:00,0.1549491436667113,0.01853626557467,0.2913620217587526,144.36,-38.147
26108,1971-06-28 00:00:00,0.0160567798726392,-0.1202617765391224,0.1523753362844009,144.36,-38.147
26109,1971-06-29 00:00:00,0.2088257979391672,0.0722443299093284,0.345407265969006,144.36,-38.147
26110,1971-06-30 00:00:00,0.0102304654209973,-0.1264007366674448,0.1468616675094395,144.36,-38.147
26111,1971-07-01 00:00:00,-0.0999747532384343,-0.2363497512303355,0.0364002447534667,144.36,-38.147
26112,1971-07-02 00:00:00,0.0451632147495403,-0.09118647445261,0.1815129039516907,144.36,-38.147
26113,1971-07-03 00:00:00,0.1441777953427613,0.0077152311043826,0.28064035958114,144.36,-38.147
26114,1971-07-04 00:00:00,0.0247917658796535,-0.1114578506918766,0.1610413824511836,144.36,-38.147
26115,1971-07-05 00:00:00,0.0344386365392129,-0.1018224111174562,0.1706996841958821,144.36,-38.147
26116,1971-07-06 00:00:00,0.0535246142087552,-0.0827386800358425,0.1897879084533529,144.36,-38.147
26117,1971-07-07 00:00:00,0.0227544649544278,-0.1134778242083808,0.1589867541172364,144.36,-38.147
26118,1971-07-08 00:00:00,0.0800831668719379,-0.0562928585042886,0.2164591922481645,144.36,-38.147
26119,1971-07-09 00:00:00,0.0466275806270281,-0.0896488672844173,0.1829040285384737,144.36,-38.147
26120,1971-07-10 00:00:00,-0.0090937810387097,-0.1453548298879103,0.1271672678104909,144.36,-38.147
26121,1971-07-11 00:00:00,-0.0054091664685801,-0.1416266679946666,0.1308083350575063,144.36,-38.147
26122,1971-07-12 00:00:00,-0.0115195197000846,-0.1477320751402839,0.1246930357401146,144.36,-38.147
26123,1971-07-13 00:00:00,-0.0037048812165045,-0.1399118375727601,0.1325020751397511,144.36,-38.147
26124,1971-07-14 00:00:00,0.0182473043253657,-0.1179768504559159,0.1544714591066474,144.36,-38.147
26125,1971-07-15 00:00:00,0.0589385855557544,-0.0773293867974543,0.1952065579089633,144.36,-38.147
26126,1971-07-16 00:00:00,0.1177146207833806,-0.0187477122616195,0.2541769538283809,144.36,-38.147
26127,1971-07-17 00:00:00,0.1490344721797346,0.0126092317927417,0.2854597125667276,144.36,-38.147
26128,1971-07-18 00:00:00,0.1069471324071079,-0.0294033531580562,0.2432976179722721,144.36,-38.147
26129,1971-07-19 00:00:00,0.1058238980647207,-0.030463515230509,0.2421113113599505,144.36,-38.147
26130,1971-07-20 00:00:00,0.0564271034058935,-0.0798146552580093,0.1926688620697964,144.36,-38.147
26131,1971-07-21 00:00:00,0.0206983350453828,-0.1155689126545992,0.1569655827453648,144.36,-38.147
26132,1971-07-22 00:00:00,0.0541197198243441,-0.0823893794640559,0.1906288191127443,144.36,-38.147
26133,1971-07-23 00:00:00,0.1491815602154695,0.0125279393908663,0.2858351810400726,144.36,-38.147
26134,1971-07-24 00:00:00,0.1220109922967499,-0.0143003254580493,0.2583223100515492,144.36,-38.147
26135,1971-07-25 00:00:00,0.0334424342894509,-0.1028250792261937,0.1697099478050956,144.36,-38.147
26136,1971-07-26 00:00:00,-0.0055417120077285,-0.1418987958542965,0.1308153718388394,144.36,-38.147
26137,1971-07-27 00:00:00,0.1508881778851546,0.0141638500638203,0.287612505706489,144.36,-38.147
26138,1971-07-28 00:00:00,0.0909898755061368,-0.0453940727187502,0.227373823731024,144.36,-38.147
26139,1971-07-29 00:00:00,0.115691952531383,-0.0208180177842214,0.2522019228469875,144.36,-38.147
26140,1971-07-30 00:00:00,0.0856451379794348,-0.0508175286715863,0.222107804630456,144.36,-38.147
26141,1971-07-31 00:00:00,0.141581831383959,0.004925728301451,0.2782379344664669,144.36,-38.147
26142,1971-08-01 00:00:00,0.1461772396171413,0.0095733823851281,0.2827810968491545,144.36,-38.147
26143,1971-08-02 00:00:00,0.1276184446972555,-0.0087076129972746,0.2639445023917857,144.36,-38.147
26144,1971-08-03 00:00:00,0.1571806865711245,0.0208285791718483,0.2935327939704009,144.36,-38.147
26145,1971-08-04 00:00:00,0.0001825098981436,-0.1363837952360502,0.1367488150323375,144.36,-38.147
26146,1971-08-05 00:00:00,0.0756385052362253,-0.0608681126867147,0.2121451231591654,144.36,-38.147
26147,1971-08-06 00:00:00,0.0569986972104771,-0.0793360877126688,0.193333482133623,144.36,-38.147
26148,1971-08-07 00:00:00,0.0996464933459369,-0.0369374664760096,0.2362304531678834,144.36,-38.147
26149,1971-08-08 00:00:00,0.1528957064518555,0.0162021164112913,0.2895892964924197,144.36,-38.147
26150,1971-08-09 00:00:00,0.1389209743645833,0.0014141453436305,0.2764278033855362,144.36,-38.147
26151,1971-08-10 00:00:00,0.2398913502127782,0.1023038388094745,0.3774788616160818,144.36,-38.147
26152,1971-08-11 00:00:00,0.2518978072430996,0.1152481484190316,0.3885474660671675,144.36,-38.147
26153,1971-08-12 00:00:00,0.2256228810970312,0.0891917853770225,0.36205397681704,144.36,-38.147
26154,1971-08-13 00:00:00,0.1212077829989332,-0.0151994566611406,0.2576150226590072,144.36,-38.147
26155,1971-08-14 00:00:00,0.0661831512376028,-0.0701084924403362,0.202474794915542,144.36,-38.147
26156,1971-08-15 00:00:00,0.0365916257014241,-0.0997603116542059,0.1729435630570542,144.36,-38.147
26157,1971-08-16 00:00:00,-0.0669183607965678,-0.2032693947278399,0.0694326731347043,144.36,-38.147
26158,1971-08-17 00:00:00,0.0183016964767274,-0.1185347018003161,0.155138094753771,144.36,-38.147
26159,1971-08-18 00:00:00,0.1538411411846162,0.0166440573707731,0.2910382249984592,144.36,-38.147
26160,1971-08-19 00:00:00,0.0903401683522324,-0.0459484722961075,0.2266288090005724,144.36,-38.147
26161,1971-08-20 00:00:00,0.1170102230377339,-0.0193115055443161,0.2533319516197841,144.36,-38.147
26162,1971-08-21 00:00:00,0.0084893187665888,-0.1277883743440789,0.1447670118772566,144.36,-38.147
26163,1971-08-22 00:00:00,0.0341131231859992,-0.1021829455886285,0.1704091919606269,144.36,-38.147
26164,1971-08-23 00:00:00,0.0659377724715014,-0.0703855946176563,0.2022611395606591,144.36,-38.147
26165,1971-08-24 00:00:00,0.2798292976001916,0.1432652758841147,0.4163933193162685,144.36,-38.147
26166,1971-08-25 00:00:00,0.2838607336255289,0.1467831619786105,0.4209383052724472,144.36,-38.147
26167,1971-08-26 00:00:00,0.2579594810127515,0.1208830033951508,0.3950359586303522,144.36,-38.147
26168,1971-08-27 00:00:00,0.116193122750591,-0.0205443397485231,0.2529305852497052,144.36,-38.147
26169,1971-08-28 00:00:00,0.0180588264565085,-0.1184381597538928,0.1545558126669099,144.36,-38.147
26170,1971-08-29 00:00:00,0.1731749984009824,0.036552562590793,0.3097974342111719,144.36,-38.147
26171,1971-08-30 00:00:00,0.2064618220839575,0.0700464001459397,0.3428772440219753,144.36,-38.147
26172,1971-08-31 00:00:00,0.0756759023623182,-0.0607020344220894,0.2120538391467259,144.36,-38.147
26173,1971-09-01 00:00:00,0.0416594296710313,-0.0948029030169048,0.1781217623589675,144.36,-38.147
26174,1971-09-02 00:00:00,-0.047099351909083,-0.1834963090036994,0.0892976051855333,144.36,-38.147
26175,1971-09-03 00:00:00,0.0511240052723652,-0.0852089914049737,0.1874570019497041,144.36,-38.147
26176,1971-09-04 00:00:00,0.1164229608732546,-0.0200029351042035,0.2528488568507128,144.36,-38.147
26177,1971-09-05 00:00:00,0.0268754913320375,-0.1094481740620475,0.1631991567261226,144.36,-38.147
26178,1971-09-06 00:00:00,-0.0068991191813551,-0.1434900105346774,0.129691772171967,144.36,-38.147
26179,1971-09-07 00:00:00,0.227132123013675,0.0895124319492911,0.3647518140780589,144.36,-38.147
26180,1971-09-08 00:00:00,0.0745087854329179,-0.0620328866386646,0.2110504575045005,144.36,-38.147
26181,1971-09-09 00:00:00,0.1280125036805915,-0.0088192547552115,0.2648442621163947,144.36,-38.147
26182,1971-09-10 00:00:00,0.2705996442183597,0.1332240852970817,0.4079752031396377,144.36,-38.147
26183,1971-09-11 00:00:00,0.1142388131125678,-0.022225476676992,0.2507031029021278,144.36,-38.147
26184,1971-09-12 00:00:00,-0.0005117383357836,-0.1368333939472815,0.1358099172757143,144.36,-38.147
26185,1971-09-13 00:00:00,0.0007904686805976,-0.1356439295590277,0.137224866920223,144.36,-38.147
26186,1971-09-14 00:00:00,0.0142069648772686,-0.1222313823386081,0.1506453120931455,144.36,-38.147
26187,1971-09-15 00:00:00,0.0589349808839606,-0.0773572482964516,0.1952272100643728,144.36,-38.147
26188,1971-09-16 00:00:00,0.0259263723546338,-0.1103831853839494,0.162235930093217,144.36,-38.147
26189,1971-09-17 00:00:00,0.0148273448021164,-0.121419635655871,0.151074325260104,144.36,-38.147
26190,1971-09-18 00:00:00,0.0076201404126285,-0.128707190958891,0.1439474717841482,144.36,-38.147
26191,1971-09-19 00:00:00,0.1104357346094272,-0.0260526449046359,0.2469241141234904,144.36,-38.147
26192,1971-09-20 00:00:00,0.3142071792615402,0.1767018044757586,0.4517125540473218,144.36,-38.147
26193,1971-09-21 00:00:00,0.3488759640442184,0.2117535883849482,0.4859983397034885,144.36,-38.147
26194,1971-09-22 00:00:00,0.2379629698274927,0.1012667301755942,0.3746592094793912,144.36,-38.147
26195,1971-09-23 00:00:00,0.1386778519676099,0.0023424337757498,0.2750132701594699,144.36,-38.147
26196,1971-09-24 00:00:00,0.2133649881431217,0.0770306108391018,0.3496993654471415,144.36,-38.147
26197,1971-09-25 00:00:00,0.0956755746631616,-0.0407331934803682,0.2320843428066915,144.36,-38.147
26198,1971-09-26 00:00:00,0.2942186597768523,0.1563535385854337,0.4320837809682709,144.36,-38.147
26199,1971-09-27 00:00:00,0.4068031916155092,0.2695060872289886,0.5441002960020298,144.36,-38.147
26200,1971-09-28 00:00:00,0.1182097089537685,-0.0185805232890574,0.2549999411965944,144.36,-38.147
26201,1971-09-29 00:00:00,0.1414487487799784,0.0050221622956646,0.2778753352642922,144.36,-38.147
26202,1971-09-30 00:00:00,0.1230882946231521,-0.0133306188713538,0.259507208117658,144.36,-38.147
26203,1971-10-01 00:00:00,0.1288361631841197,-0.0075715063112417,0.2652438326794811,144.36,-38.147
26204,1971-10-02 00:00:00,0.3335188885526741,0.1960902735555102,0.470947503549838,144.36,-38.147
26205,1971-10-03 00:00:00,0.2343502507387982,0.0946473592175364,0.3740531422600599,144.36,-38.147
26206,1971-10-04 00:00:00,0.3780143132498378,0.2363809379747589,0.5196476885249167,144.36,-38.147
26207,1971-10-05 00:00:00,-0.0587906832064866,-0.1957104695532265,0.0781291031402531,144.36,-38.147
26208,1971-10-06 00:00:00,0.0840715706503081,-0.0523439274934475,0.2204870687940637,144.36,-38.147
26209,1971-10-07 00:00:00,0.3115783257656904,0.1748750731582653,0.4482815783731154,144.36,-38.147
26210,1971-10-08 00:00:00,0.1351353659162135,-0.0012219669631261,0.2714926987955532,144.36,-38.147
26211,1971-10-09 00:00:00,0.4424015272019235,0.3051928795737168,0.5796101748301301,144.36,-38.147
26212,1971-10-10 00:00:00,0.2869709224236248,0.1497328504927145,0.4242089943545351,144.36,-38.147
26213,1971-10-11 00:00:00,0.1637336205460486,0.0266414637720775,0.3008257773200198,144.36,-38.147
26214,1971-10-12 00:00:00,0.0424470823132534,-0.0938473103341152,0.1787414749606221,144.36,-38.147
26215,1971-10-13 00:00:00,0.0372296689446742,-0.0991862640866409,0.1736456019759894,144.36,-38.147
26216,1971-10-14 00:00:00,0.1284090806359008,-0.0084053251087143,0.2652234863805159,144.36,-38.147
26217,1971-10-15 00:00:00,0.2484643206178108,0.1115548237827854,0.3853738174528361,144.36,-38.147
26218,1971-10-16 00:00:00,0.3364016131107599,0.1997279252814042,0.4730753009401155,144.36,-38.147
26219,1971-10-17 00:00:00,0.1321617471301466,-0.0041526375479046,0.2684761318081979,144.36,-38.147
26220,1971-10-18 00:00:00,0.0992638747952344,-0.037026146143301,0.2355538957337699,144.36,-38.147
26221,1971-10-19 00:00:00,0.0934184819656293,-0.042978210511372,0.2298151744426306,144.36,-38.147
26222,1971-10-20 00:00:00,0.0882464578208646,-0.0481203442316909,0.2246132598734202,144.36,-38.147
26223,1971-10-21 00:00:00,0.1502446860328004,0.0135250807886176,0.2869642912769831,144.36,-38.147
26224,1971-10-22 00:00:00,0.0905213820284349,-0.0460859434682056,0.2271287075250754,144.36,-38.147
26225,1971-10-23 00:00:00,0.403398232685903,0.2664282212074727,0.5403682441643334,144.36,-38.147
26226,1971-10-24 00:00:00,0.1510835347684364,0.0142944337912437,0.2878726357456291,144.36,-38.147
26227,1971-10-25 00:00:00,-0.0009326043223441,-0.1372520401607599,0.1353868315160716,144.36,-38.147
26228,1971-10-26 00:00:00,0.2279104516692376,0.0896850564545894,0.3661358468838859,144.36,-38.147
26229,1971-10-27 00:00:00,0.5349107843492251,0.3964396216429231,0.6733819470555271,144.36,-38.147
26230,1971-10-28 00:00:00,0.2236026753399519,0.0861799894919127,0.3610253611879912,144.36,-38.147
26231,1971-10-29 00:00:00,0.005114993013877,-0.1316690295040287,0.1418990155317828,144.36,-38.147
26232,1971-10-30 00:00:00,0.0593844871522324,-0.0769094426522158,0.1956784169566807,144.36,-38.147
26233,1971-10-31 00:00:00,0.1289262692417021,-0.0074245492400065,0.2652770877234107,144.36,-38.147
26234,1971-11-01 00:00:00,0.0197168168327517,-0.1165497030438011,0.1559833367093046,144.36,-38.147
26235,1971-11-02 00:00:00,-0.0247828771415936,-0.160979749159814,0.1114139948766268,144.36,-38.147
26236,1971-11-03 00:00:00,-0.0102627931034171,-0.1464858334087304,0.1259602472018962,144.36,-38.147
26237,1971-11-04 00:00:00,0.1118200005156458,-0.024564965767706,0.2482049667989977,144.36,-38.147
26238,1971-11-05 00:00:00,0.0737465254843651,-0.0625505386371664,0.2100435896058968,144.36,-38.147
26239,1971-11-06 00:00:00,0.1127595362548401,-0.0235279034192324,0.2490469759289127,144.36,-38.147
26240,1971-11-07 00:00:00,0.1545537718559697,0.0174992909721097,0.2916082527398296,144.36,-38.147
26241,1971-11-08 00:00:00,0.099664929310614,-0.0393393784798463,0.2386692371010744,144.36,-38.147
26242,1971-11-09 00:00:00,0.0117712940491391,-0.1264179754446952,0.1499605635429734,144.36,-38.147
26243,1971-11-10 00:00:00,0.0938961468813256,-0.0424797877578814,0.2302720815205327,144.36,-38.147
26244,1971-11-11 00:00:00,0.0158181540404072,-0.1204517867291068,0.1520880948099213,144.36,-38.147
26245,1971-11-12 00:00:00,0.0094441961300823,-0.1267921795195149,0.1456805717796796,144.36,-38.147
26246,1971-11-13 00:00:00,0.1238787025879796,-0.0124061739083717,0.260163579084331,144.36,-38.147
26247,1971-11-14 00:00:00,0.0936642771254209,-0.0427354594221029,0.2300640136729449,144.36,-38.147
26248,1971-11-15 00:00:00,0.0991637237200722,-0.0373373226725851,0.2356647701127296,144.36,-38.147
26249,1971-11-16 00:00:00,0.0497272762340807,-0.086521516248937,0.1859760687170986,144.36,-38.147
26250,1971-11-17 00:00:00,0.0257639025086583,-0.1104744297999921,0.1620022348173089,144.36,-38.147
26251,1971-11-18 00:00:00,0.4112599219617249,0.27394589093628,0.5485739529871698,144.36,-38.147
26252,1971-11-19 00:00:00,0.1821449556280368,0.0451101539302233,0.3191797573258503,144.36,-38.147
26253,1971-11-20 00:00:00,0.4265448602083788,0.2897281472473391,0.5633615731694186,144.36,-38.147
26254,1971-11-21 00:00:00,0.3687398308801383,0.2316192815105902,0.5058603802496863,144.36,-38.147
26255,1971-11-22 00:00:00,0.1571671597074093,0.0205575186857025,0.2937768007291161,144.36,-38.147
26256,1971-11-23 00:00:00,0.1438563006199334,0.0075345073259781,0.2801780939138887,144.36,-38.147
26257,1971-11-24 00:00:00,0.0913592047978604,-0.0450528249379453,0.2277712345336662,144.36,-38.147
26258,1971-11-25 00:00:00,0.0282399219007861,-0.1082743474043124,0.1647541912058847,144.36,-38.147
26259,1971-11-26 00:00:00,0.0408466097703599,-0.0955667730553818,0.1772599925961018,144.36,-38.147
26260,1971-11-27 00:00:00,0.0314629214895014,-0.1047848962506423,0.1677107392296452,144.36,-38.147
26261,1971-11-28 00:00:00,0.0393371769846755,-0.0968634762190104,0.1755378301883616,144.36,-38.147
26262,1971-11-29 00:00:00,0.0693594820142183,-0.0669358704958381,0.2056548345242748,144.36,-38.147
26263,1971-11-30 00:00:00,0.062604313281148,-0.073838008080225,0.199046634642521,144.36,-38.147
26264,1971-12-01 00:00:00,0.0020420980397733,-0.1342308940969977,0.1383150901765445,144.36,-38.147
26265,1971-12-02 00:00:00,0.0766915911068949,-0.0595299422502538,0.2129131244640437,144.36,-38.147
26266,1971-12-03 00:00:00,0.0258078036349727,-0.1103878044489203,0.1620034117188657,144.36,-38.147
26267,1971-12-04 00:00:00,0.2549860341658027,0.1183154114914226,0.3916566568401827,144.36,-38.147
26268,1971-12-05 00:00:00,0.0597887179849748,-0.0765069154517783,0.1960843514217279,144.36,-38.147
26269,1971-12-06 00:00:00,0.0699190050653864,-0.0663052104718816,0.2061432206026545,144.36,-38.147
26270,1971-12-07 00:00:00,0.0253894277321907,-0.1109547099107073,0.1617335653750888,144.36,-38.147
26271,1971-12-08 00:00:00,0.0051708038006462,-0.1311305119667563,0.1414721195680488,144.36,-38.147
26272,1971-12-09 00:00:00,0.0292692435608352,-0.1071140904497416,0.1656525775714121,144.36,-38.147
26273,1971-12-10 00:00:00,0.3039537310461379,0.1672170437944203,0.4406904182978555,144.36,-38.147
26274,1971-12-11 00:00:00,0.4025679101253286,0.2655418577268039,0.5395939625238533,144.36,-38.147
26275,1971-12-12 00:00:00,0.1441743899976586,0.0073934592809084,0.2809553207144089,144.36,-38.147
26276,1971-12-13 00:00:00,0.1429310031941644,0.0066539073535591,0.2792080990347698,144.36,-38.147
26277,1971-12-14 00:00:00,0.1991900485976149,0.0628439723456999,0.33553612484953,144.36,-38.147
26278,1971-12-15 00:00:00,0.143179576578014,0.0067616457119238,0.2795975074441043,144.36,-38.147
26279,1971-12-16 00:00:00,0.0461747510960684,-0.0902902355909627,0.1826397377830997,144.36,-38.147
26280,1971-12-17 00:00:00,0.0579073035726454,-0.0783523727820148,0.1941669799273057,144.36,-38.147
26281,1971-12-18 00:00:00,0.0420557992099931,-0.0942409241414635,0.1783525225614498,144.36,-38.147
26282,1971-12-19 00:00:00,0.0343386669790671,-0.1019620399414694,0.1706393738996038,144.36,-38.147
26283,1971-12-20 00:00:00,-0.0176817573866254,-0.1541828170720623,0.1188193022988115,144.36,-38.147
26284,1971-12-21 00:00:00,0.0344727809009871,-0.1022563971347378,0.1712019589367121,144.36,-38.147
26285,1971-12-22 00:00:00,0.0585880948434572,-0.0782847428700523,0.1954609325569668,144.36,-38.147
26286,1971-12-23 00:00:00,0.0561435881377107,-0.080421441317262,0.1927086175926835,144.36,-38.147
26287,1971-12-24 00:00:00,0.1200996190646923,-0.0162597273259411,0.2564589654553257,144.36,-38.147
26288,1971-12-25 00:00:00,0.066022124105765,-0.0702209567039326,0.2022652049154627,144.36,-38.147
26289,1971-12-26 00:00:00,0.106972431007462,-0.0294654651022338,0.2434103271171578,144.36,-38.147
26290,1971-12-27 00:00:00,0.2638894210256975,0.1273261342228568,0.4004527078285382,144.36,-38.147
26291,1971-12-28 00:00:00,0.1878761746151203,0.0514988648041695,0.3242534844260711,144.36,-38.147
26292,1971-12-29 00:00:00,0.1120105617812315,-0.0242987195377742,0.2483198431002373,144.36,-38.147
26293,1971-12-30 00:00:00,0.2194023054455066,0.0830104597956972,0.3557941510953161,144.36,-38.147
26294,1971-12-31 00:00:00,0.448650611851724,0.3113876107862881,0.58591361291716,144.36,-38.147
26295,1972-01-01 00:00:00,0.2509174096357863,0.1137140032146548,0.3881208160569179,144.36,-38.147
26296,1972-01-02 00:00:00,0.0853496120697621,-0.0510794670899446,0.2217786912294688,144.36,-38.147
26297,1972-01-03 00:00:00,0.0547009479880883,-0.0816130580446744,0.191014954020851,144.36,-38.147
26298,1972-01-04 00:00:00,-0.0006457792458105,-0.1369352402330236,0.1356436817414025,144.36,-38.147
26299,1972-01-05 00:00:00,-0.0203379402898,-0.1567809658005931,0.116105085220993,144.36,-38.147
26300,1972-01-06 00:00:00,-0.021851715694865,-0.1584896911112065,0.1147862597214764,144.36,-38.147
26301,1972-01-07 00:00:00,0.0088513699404258,-0.1278931558005056,0.1455958956813574,144.36,-38.147
26302,1972-01-08 00:00:00,0.0454395670183255,-0.0910184527513932,0.1818975867880443,144.36,-38.147
26303,1972-01-09 00:00:00,0.0926309319693662,-0.0436805111537707,0.2289423750925032,144.36,-38.147
26304,1972-01-10 00:00:00,0.0659725742853321,-0.0702642668901232,0.2022094154607875,144.36,-38.147
26305,1972-01-11 00:00:00,0.0313087019718011,-0.1049495547836673,0.1675669587272696,144.36,-38.147
26306,1972-01-12 00:00:00,0.129394656422515,-0.0071184110945502,0.2659077239395804,144.36,-38.147
26307,1972-01-13 00:00:00,0.1023457211875578,-0.0345311597950099,0.2392226021701256,144.36,-38.147
26308,1972-01-14 00:00:00,-0.0379863234163262,-0.1747234209464437,0.0987507741137912,144.36,-38.147
26309,1972-01-15 00:00:00,0.0271711493189475,-0.1091903483914675,0.1635326470293627,144.36,-38.147
26310,1972-01-16 00:00:00,0.031512163316337,-0.1047289163060207,0.1677532429386948,144.36,-38.147
26311,1972-01-17 00:00:00,0.0264512793192407,-0.1098124544511754,0.1627150130896568,144.36,-38.147
26312,1972-01-18 00:00:00,0.0579049781015817,-0.0785029066895144,0.1943128628926779,144.36,-38.147
26313,1972-01-19 00:00:00,0.0758925004391964,-0.0604968815568327,0.2122818824352255,144.36,-38.147
26314,1972-01-20 00:00:00,-0.0092762508586851,-0.1456204697490125,0.1270679680316422,144.36,-38.147
26315,1972-01-21 00:00:00,0.0508543886025103,-0.0854175575283621,0.1871263347333828,144.36,-38.147
26316,1972-01-22 00:00:00,0.0758447141358101,-0.0605194775534626,0.2122089058250829,144.36,-38.147
26317,1972-01-23 00:00:00,0.1074728108811975,-0.0290397149075303,0.2439853366699253,144.36,-38.147
26318,1972-01-24 00:00:00,0.0249828184632071,-0.1116544664953903,0.1616201034218045,144.36,-38.147
26319,1972-01-25 00:00:00,-0.0021530482993757,-0.1383673740273169,0.1340612774285653,144.36,-38.147
26320,1972-01-26 00:00:00,0.0506166700594253,-0.0855841191085695,0.1868174592274201,144.36,-38.147
26321,1972-01-27 00:00:00,0.0801354949122558,-0.0561039253201964,0.2163749151447082,144.36,-38.147
26322,1972-01-28 00:00:00,0.0289825241586021,-0.1072794919924182,0.1652445403096226,144.36,-38.147
26323,1972-01-29 00:00:00,-0.0343213692933321,-0.1705514710182841,0.1019087324316199,144.36,-38.147
26324,1972-01-30 00:00:00,0.0081743403881258,-0.1280349031766059,0.1443835839528575,144.36,-38.147
26325,1972-01-31 00:00:00,0.0043375260498402,-0.1318774959855209,0.1405525480852014,144.36,-38.147
26326,1972-02-01 00:00:00,0.0123200625086876,-0.1238981570380827,0.1485382820554579,144.36,-38.147
26327,1972-02-02 00:00:00,0.0282874395751105,-0.1081126335644305,0.1646875127146516,144.36,-38.147
26328,1972-02-03 00:00:00,0.1583450087602571,0.0216229350870175,0.2950670824334968,144.36,-38.147
26329,1972-02-04 00:00:00,0.0182191257445699,-0.1182209242993864,0.1546591757885263,144.36,-38.147
26330,1972-02-05 00:00:00,-0.0271221970527002,-0.1634416224400138,0.1091972283346133,144.36,-38.147
26331,1972-02-06 00:00:00,-0.0012602421641741,-0.1375727359037779,0.1350522515754295,144.36,-38.147
26332,1972-02-07 00:00:00,0.0389914699549469,-0.0973333862936248,0.1753163262035187,144.36,-38.147
26333,1972-02-08 00:00:00,-0.003116283631512,-0.1393560309058556,0.1331234636428315,144.36,-38.147
26334,1972-02-09 00:00:00,-0.0471855533417009,-0.1834219167989071,0.0890508101155052,144.36,-38.147
26335,1972-02-10 00:00:00,0.0110892982547542,-0.1251541176115998,0.1473327141211082,144.36,-38.147
26336,1972-02-11 00:00:00,0.0106728070103401,-0.1255517699903733,0.1468973840110536,144.36,-38.147
26337,1972-02-12 00:00:00,0.0141413177337594,-0.1221321656491538,0.1504148011166727,144.36,-38.147
26338,1972-02-13 00:00:00,0.2123079472011153,0.075526904156845,0.3490889902453856,144.36,-38.147
26339,1972-02-14 00:00:00,0.1359750758515932,-0.0005395569940666,0.2724897086972532,144.36,-38.147
26340,1972-02-15 00:00:00,0.0595193127250028,-0.0768480498244222,0.1958866752744278,144.36,-38.147
26341,1972-02-16 00:00:00,0.0250875549650386,-0.1112869855405349,0.1614620954706123,144.36,-38.147
26342,1972-02-17 00:00:00,0.0752496428231928,-0.0612086495799668,0.2117079352263524,144.36,-38.147
26343,1972-02-18 00:00:00,0.1976076605027295,0.0612703938022463,0.3339449272032126,144.36,-38.147
26344,1972-02-19 00:00:00,0.1581618082414003,0.0218735596565647,0.2944500568262359,144.36,-38.147
26345,1972-02-20 00:00:00,0.1251236137218486,-0.011177504828817,0.2614247322725144,144.36,-38.147
26346,1972-02-21 00:00:00,0.16927496305508,0.0326339335101457,0.3059159926000144,144.36,-38.147
26347,1972-02-22 00:00:00,0.0739308778077967,-0.0626581472018141,0.2105199028174076,144.36,-38.147
26348,1972-02-23 00:00:00,-0.0264378473113099,-0.1630163813261945,0.1101406867035747,144.36,-38.147
26349,1972-02-24 00:00:00,-0.0198158490256617,-0.1560594216437538,0.1164277235924303,144.36,-38.147
26350,1972-02-25 00:00:00,-0.0037030599804273,-0.1398930042293507,0.1324868842684959,144.36,-38.147
26351,1972-02-26 00:00:00,0.0200681310103625,-0.1161227754122735,0.1562590374329985,144.36,-38.147
26352,1972-02-27 00:00:00,-0.027185667103773,-0.163421488451092,0.1090501542435459,144.36,-38.147
26353,1972-02-28 00:00:00,0.0032071837184873,-0.1330435558822618,0.1394579233192365,144.36,-38.147
26354,1972-02-29 00:00:00,0.0379449694111301,-0.098309562367447,0.1741995011897074,144.36,-38.147
26355,1972-03-01 00:00:00,0.0427902376488901,-0.0934225734425675,0.1790030487403478,144.36,-38.147
26356,1972-03-02 00:00:00,0.0921529363913533,-0.0441957986137096,0.2285016713964162,144.36,-38.147
26357,1972-03-03 00:00:00,0.1205148008786151,-0.0158693370101361,0.2568989387673664,144.36,-38.147
26358,1972-03-04 00:00:00,0.0607023125006117,-0.0759449081707196,0.1973495331719431,144.36,-38.147
26359,1972-03-05 00:00:00,-0.0616824263883339,-0.1983741433444704,0.0750092905678024,144.36,-38.147
26360,1972-03-06 00:00:00,-0.0251908516643718,-0.1615707123554794,0.1111890090267357,144.36,-38.147
26361,1972-03-07 00:00:00,-0.0506646869389704,-0.1874994028293869,0.0861700289514461,144.36,-38.147
26362,1972-03-08 00:00:00,-0.0128759381473903,-0.1495302157032122,0.1237783394084315,144.36,-38.147
26363,1972-03-09 00:00:00,0.037706504430737,-0.0986238334267694,0.1740368422882436,144.36,-38.147
26364,1972-03-10 00:00:00,0.0728152079781798,-0.0635476095735845,0.2091780255299442,144.36,-38.147
26365,1972-03-11 00:00:00,0.1637384092960075,0.0272865455986499,0.3001902729933651,144.36,-38.147
26366,1972-03-12 00:00:00,0.0782660590495425,-0.0580316583844914,0.2145637764835765,144.36,-38.147
26367,1972-03-13 00:00:00,0.0339918036311127,-0.1022993859733511,0.1702829932355767,144.36,-38.147
26368,1972-03-14 00:00:00,0.1448304383733555,0.0084885248296442,0.2811723519170668,144.36,-38.147
26369,1972-03-15 00:00:00,0.0882967736444589,-0.0480643843443272,0.2246579316332451,144.36,-38.147
26370,1972-03-16 00:00:00,0.0878265355613999,-0.0486873713348208,0.2243404424576206,144.36,-38.147
26371,1972-03-17 00:00:00,0.0144473505096339,-0.1218843903849801,0.1507790914042479,144.36,-38.147
26372,1972-03-18 00:00:00,-0.0081467306250722,-0.1443630898319416,0.1280696285817972,144.36,-38.147
26373,1972-03-19 00:00:00,0.0596034029590281,-0.0766319817620516,0.1958387876801078,144.36,-38.147
26374,1972-03-20 00:00:00,0.1108696134300549,-0.0254112521507062,0.2471504790108161,144.36,-38.147
26375,1972-03-21 00:00:00,0.072578870114616,-0.0636606098262106,0.2088183500554427,144.36,-38.147
26376,1972-03-22 00:00:00,0.0910814272246161,-0.0452086022758916,0.2273714567251239,144.36,-38.147
26377,1972-03-23 00:00:00,0.0484338726977978,-0.0880133526861011,0.1848810980816968,144.36,-38.147
26378,1972-03-24 00:00:00,-0.0868618063922585,-0.2232942083248009,0.0495705955402838,144.36,-38.147
26379,1972-03-25 00:00:00,0.0118693584319561,-0.1245312844365319,0.1482700013004442,144.36,-38.147
26380,1972-03-26 00:00:00,-0.0039782785460342,-0.1402018629525546,0.1322453058604862,144.36,-38.147
26381,1972-03-27 00:00:00,0.0750465441281769,-0.0612602275689966,0.2113533158253505,144.36,-38.147
26382,1972-03-28 00:00:00,0.0501032241083769,-0.0861675653663401,0.186374013583094,144.36,-38.147
26383,1972-03-29 00:00:00,0.0745846540073685,-0.0616464730018821,0.2108157810166191,144.36,-38.147
26384,1972-03-30 00:00:00,0.1690793391906346,0.0327766549857939,0.3053820233954753,144.36,-38.147
26385,1972-03-31 00:00:00,0.095659630287418,-0.0405406629957076,0.2318599235705438,144.36,-38.147
26386,1972-04-01 00:00:00,0.0324049324345211,-0.1038146425204725,0.1686245073895149,144.36,-38.147
26387,1972-04-02 00:00:00,-0.0351801730306514,-0.1714329281132261,0.1010725820519232,144.36,-38.147
26388,1972-04-03 00:00:00,-0.031636836344606,-0.1678463318979975,0.1045726592087854,144.36,-38.147
26389,1972-04-04 00:00:00,0.0359027137358511,-0.1002909649270493,0.1720963923987516,144.36,-38.147
26390,1972-04-05 00:00:00,0.095633485953562,-0.0405649173278974,0.2318318892350214,144.36,-38.147
26391,1972-04-06 00:00:00,0.0205596605983262,-0.1156301947201331,0.1567495159167855,144.36,-38.147
26392,1972-04-07 00:00:00,-0.0126835961720546,-0.1489116840774626,0.1235444917333532,144.36,-38.147
26393,1972-04-08 00:00:00,0.0089414773446142,-0.1274140027688771,0.1452969574581056,144.36,-38.147
26394,1972-04-09 00:00:00,0.1679656105013726,0.0308334714159871,0.305097749586758,144.36,-38.147
26395,1972-04-10 00:00:00,0.1647686281207921,0.0279113405794393,0.3016259156621448,144.36,-38.147
26396,1972-04-11 00:00:00,-0.0508712301588827,-0.1872505996365361,0.0855081393187707,144.36,-38.147
26397,1972-04-12 00:00:00,0.0931524357660531,-0.0432090208494352,0.2295138923815415,144.36,-38.147
26398,1972-04-13 00:00:00,0.049375218129908,-0.0869205173697166,0.1856709536295328,144.36,-38.147
26399,1972-04-14 00:00:00,-0.0404527273101423,-0.176783780738449,0.0958783261181644,144.36,-38.147
26400,1972-04-15 00:00:00,-0.0534588215574101,-0.1897680255715151,0.0828503824566948,144.36,-38.147
26401,1972-04-16 00:00:00,-0.0155196312651593,-0.1517432321818714,0.1207039696515526,144.36,-38.147
26402,1972-04-17 00:00:00,-0.0222149531081072,-0.1584753415360019,0.1140454353197874,144.36,-38.147
26403,1972-04-18 00:00:00,-0.0166884692265383,-0.1529740871229395,0.1195971486698627,144.36,-38.147
26404,1972-04-19 00:00:00,0.0112912210385709,-0.1249379420686248,0.1475203841457666,144.36,-38.147
26405,1972-04-20 00:00:00,0.0501949988079313,-0.0860091388731986,0.1863991364890613,144.36,-38.147
26406,1972-04-21 00:00:00,0.0697290935290617,-0.0665727061236824,0.2060308931818059,144.36,-38.147
26407,1972-04-22 00:00:00,0.191120190078729,0.0547273376798852,0.3275130424775728,144.36,-38.147
26408,1972-04-23 00:00:00,0.3758920163682362,0.2390747544354831,0.5127092783009892,144.36,-38.147
26409,1972-04-24 00:00:00,0.461897275948102,0.3220411442647954,0.6017534076314086,144.36,-38.147
26410,1972-04-25 00:00:00,0.0786818462058529,-0.0587775609261589,0.2161412533378649,144.36,-38.147
26411,1972-04-26 00:00:00,0.0217554345879078,-0.1146657576572362,0.1581766268330519,144.36,-38.147
26412,1972-04-27 00:00:00,0.17791620077844,0.0412129791570145,0.3146194223998656,144.36,-38.147
26413,1972-04-28 00:00:00,0.0221616056784445,-0.1141493771948477,0.1584725885517368,144.36,-38.147
26414,1972-04-29 00:00:00,0.0637167472430398,-0.0725825836668266,0.2000160781529063,144.36,-38.147
26415,1972-04-30 00:00:00,0.0821935324605091,-0.0541342862251306,0.218521351146149,144.36,-38.147
26416,1972-05-01 00:00:00,0.0397259303113196,-0.0965111142051246,0.175962974827764,144.36,-38.147
26417,1972-05-02 00:00:00,0.0439901852253809,-0.0922019153252961,0.1801822857760581,144.36,-38.147
26418,1972-05-03 00:00:00,0.0449080921756326,-0.0913160838545151,0.1811322682057804,144.36,-38.147
26419,1972-05-04 00:00:00,0.0037067351443863,-0.1325200660942624,0.139933536383035,144.36,-38.147
26420,1972-05-05 00:00:00,-0.0261322281183692,-0.1623589536008203,0.1100944973640819,144.36,-38.147
26421,1972-05-06 00:00:00,-0.0110459857242972,-0.1472673480400103,0.1251753765914158,144.36,-38.147
26422,1972-05-07 00:00:00,0.0035813549306596,-0.1326464262711588,0.1398091361324781,144.36,-38.147
26423,1972-05-08 00:00:00,-0.0419784003501343,-0.1781950063811579,0.0942382056808893,144.36,-38.147
26424,1972-05-09 00:00:00,0.0061245225305526,-0.1300823523848495,0.1423313974459547,144.36,-38.147
26425,1972-05-10 00:00:00,0.048096836197154,-0.0881046745637043,0.1842983469580124,144.36,-38.147
26426,1972-05-11 00:00:00,0.0721931984140205,-0.0640244503398967,0.2084108471679378,144.36,-38.147
26427,1972-05-12 00:00:00,0.0105614746886302,-0.1257960492933055,0.146918998670566,144.36,-38.147
26428,1972-05-13 00:00:00,-0.0102505066742445,-0.1466765782830367,0.1261755649345475,144.36,-38.147
26429,1972-05-14 00:00:00,-0.048757136810873,-0.185007797411757,0.0874935237900109,144.36,-38.147
26430,1972-05-15 00:00:00,-0.0018439573088565,-0.1380942298544824,0.1344063152367693,144.36,-38.147
26431,1972-05-16 00:00:00,0.0751569897193135,-0.0611659995789016,0.2114799790175287,144.36,-38.147
26432,1972-05-17 00:00:00,0.3012113253235653,0.1643487639643377,0.438073886682793,144.36,-38.147
26433,1972-05-18 00:00:00,0.1672813591627913,0.0306065798082102,0.3039561385173724,144.36,-38.147
26434,1972-05-19 00:00:00,0.127284605704169,-0.0093515440567039,0.2639207554650421,144.36,-38.147
26435,1972-05-20 00:00:00,0.0554878696317339,-0.081039641938311,0.192015381201779,144.36,-38.147
26436,1972-05-21 00:00:00,0.0366819864553732,-0.0997596548752886,0.1731236277860352,144.36,-38.147
26437,1972-05-22 00:00:00,-0.0109554429369627,-0.1473509915726553,0.1254401056987298,144.36,-38.147
26438,1972-05-23 00:00:00,0.0374948890864566,-0.0987890825367174,0.1737788607096307,144.36,-38.147
26439,1972-05-24 00:00:00,-0.0438605984081044,-0.1801190259786349,0.092397829162426,144.36,-38.147
26440,1972-05-25 00:00:00,-0.0435169729634696,-0.1797472531261594,0.0927133071992201,144.36,-38.147
26441,1972-05-26 00:00:00,-0.01433632316394,-0.1507907435344984,0.1221180972066183,144.36,-38.147
26442,1972-05-27 00:00:00,-0.0705537922077723,-0.206895472043781,0.0657878876282363,144.36,-38.147
26443,1972-05-28 00:00:00,-0.1201471310514517,-0.2564164868806614,0.0161222247777578,144.36,-38.147
26444,1972-05-29 00:00:00,-0.1002696746669101,-0.2365420333807961,0.0360026840469759,144.36,-38.147
26445,1972-05-30 00:00:00,-0.0445035443026288,-0.180768824717744,0.0917617361124863,144.36,-38.147
26446,1972-05-31 00:00:00,-0.0241448737358177,-0.160334299616376,0.1120445521447405,144.36,-38.147
26447,1972-06-01 00:00:00,-0.0069771473553125,-0.1431929568105078,0.1292386620998827,144.36,-38.147
26448,1972-06-02 00:00:00,0.0280735997575058,-0.1081790512660747,0.1643262507810865,144.36,-38.147
26449,1972-06-03 00:00:00,0.0789855257741005,-0.0574162156202555,0.2153872671684566,144.36,-38.147
26450,1972-06-04 00:00:00,0.1114651952736602,-0.0248217037763939,0.2477520943237145,144.36,-38.147
26451,1972-06-05 00:00:00,0.0369854814457721,-0.0992544787992085,0.1732254416907528,144.36,-38.147
26452,1972-06-06 00:00:00,-0.0355236594188079,-0.1717208743686717,0.1006735555310557,144.36,-38.147
26453,1972-06-07 00:00:00,-0.0343563468726689,-0.170583746944281,0.1018710531989432,144.36,-38.147
26454,1972-06-08 00:00:00,0.0260021836008622,-0.1102863576545829,0.1622907248563073,144.36,-38.147
26455,1972-06-09 00:00:00,0.0293317412767464,-0.1069336940974746,0.1655971766509676,144.36,-38.147
26456,1972-06-10 00:00:00,0.1349971974846067,-0.0014064770002996,0.2714008719695132,144.36,-38.147
26457,1972-06-11 00:00:00,0.044404583613793,-0.0922400602097054,0.1810492274372915,144.36,-38.147
26458,1972-06-12 00:00:00,-0.0597671602527142,-0.1961333966176489,0.0765990761122203,144.36,-38.147
26459,1972-06-13 00:00:00,-0.0725339208253709,-0.2088187777652819,0.06375093611454,144.36,-38.147
26460,1972-06-14 00:00:00,-0.092886194751627,-0.2291371385915058,0.0433647490882517,144.36,-38.147
26461,1972-06-15 00:00:00,-0.0688965822855857,-0.2051168817846613,0.0673237172134897,144.36,-38.147
26462,1972-06-16 00:00:00,-0.0410831502573954,-0.1772907382983009,0.0951244377835099,144.36,-38.147
26463,1972-06-17 00:00:00,-0.0203314339138358,-0.1565552475678166,0.1158923797401449,144.36,-38.147
26464,1972-06-18 00:00:00,-0.0175919738632247,-0.1537819637668479,0.1185980160403983,144.36,-38.147
26465,1972-06-19 00:00:00,0.005608316820531,-0.1305688089976357,0.1417854426386978,144.36,-38.147
26466,1972-06-20 00:00:00,0.041634150481652,-0.0945990685157867,0.1778673694790909,144.36,-38.147
26467,1972-06-21 00:00:00,-0.0309925221030689,-0.1673284455842736,0.1053434013781356,144.36,-38.147
26468,1972-06-22 00:00:00,-0.0425515046155186,-0.1788805917345934,0.093777582503556,144.36,-38.147
26469,1972-06-23 00:00:00,-0.0054665903847274,-0.1417770345925481,0.1308438538230932,144.36,-38.147
26470,1972-06-24 00:00:00,0.0179272312662316,-0.1182976591133672,0.1541521216458304,144.36,-38.147
26471,1972-06-25 00:00:00,0.0523876516413907,-0.0838206668314975,0.188595970114279,144.36,-38.147
26472,1972-06-26 00:00:00,0.0629980145781782,-0.0732127925409232,0.1992088216972797,144.36,-38.147
26473,1972-06-27 00:00:00,0.1584309769703366,0.0220969591185666,0.2947649948221067,144.36,-38.147
26474,1972-06-28 00:00:00,0.2097689311193064,0.0725076648074757,0.3470301974311371,144.36,-38.147
26475,1972-06-29 00:00:00,0.4471312065995098,0.3072763822221872,0.5869860309768323,144.36,-38.147
26476,1972-06-30 00:00:00,0.5335823923343009,0.3949537044663734,0.6722110802022284,144.36,-38.147
26477,1972-07-01 00:00:00,0.1402947146635288,0.0029100920962768,0.2776793372307808,144.36,-38.147
26478,1972-07-02 00:00:00,0.0879677604215089,-0.0484976778797695,0.2244331987227875,144.36,-38.147
26479,1972-07-03 00:00:00,-0.0192183582567165,-0.1556093767207687,0.1171726602073356,144.36,-38.147
26480,1972-07-04 00:00:00,0.0414762810058416,-0.0955651118118167,0.1785176738235001,144.36,-38.147
26481,1972-07-05 00:00:00,0.1872765360268179,0.0503313029216651,0.3242217691319706,144.36,-38.147
26482,1972-07-06 00:00:00,0.2161809697050793,0.0796109338942227,0.3527510055159358,144.36,-38.147
26483,1972-07-07 00:00:00,0.1737415907650833,0.0369759298711067,0.3105072516590599,144.36,-38.147
26484,1972-07-08 00:00:00,0.1056071475596679,-0.0307221453549178,0.2419364404742536,144.36,-38.147
26485,1972-07-09 00:00:00,0.0007569110981596,-0.1356499143215449,0.1371637365178641,144.36,-38.147
26486,1972-07-10 00:00:00,0.0333027107549439,-0.1031335662299917,0.1697389877398796,144.36,-38.147
26487,1972-07-11 00:00:00,0.1464363062989388,0.0100732834165553,0.2827993291813223,144.36,-38.147
26488,1972-07-12 00:00:00,0.2520856349585818,0.1156539102514823,0.3885173596656812,144.36,-38.147
26489,1972-07-13 00:00:00,0.2141702025990385,0.0776228701087118,0.3507175350893652,144.36,-38.147
26490,1972-07-14 00:00:00,0.171948674616496,0.0353921703375874,0.3085051788954045,144.36,-38.147
26491,1972-07-15 00:00:00,0.2176452185835608,0.0812575195378395,0.3540329176292822,144.36,-38.147
26492,1972-07-16 00:00:00,0.1604931792325706,0.0238415205929201,0.2971448378722211,144.36,-38.147
26493,1972-07-17 00:00:00,0.1248672545220123,-0.0116401824595568,0.2613746915035815,144.36,-38.147
26494,1972-07-18 00:00:00,0.0665388114418958,-0.0700263690709323,0.2031039919547241,144.36,-38.147
26495,1972-07-19 00:00:00,0.1780872855662117,0.0407448328331507,0.3154297382992728,144.36,-38.147
26496,1972-07-20 00:00:00,0.2803434698145498,0.1436775699742827,0.4170093696548169,144.36,-38.147
26497,1972-07-21 00:00:00,0.2305732953349032,0.0940444785328782,0.3671021121369282,144.36,-38.147
26498,1972-07-22 00:00:00,0.259527942222009,0.1226906554216392,0.3963652290223788,144.36,-38.147
26499,1972-07-23 00:00:00,0.0165828604744668,-0.1198561385268639,0.1530218594757977,144.36,-38.147
26500,1972-07-24 00:00:00,0.0438905661634822,-0.092979688550437,0.1807608208774015,144.36,-38.147
26501,1972-07-25 00:00:00,0.1287801560874696,-0.0085732425861627,0.2661335547611019,144.36,-38.147
26502,1972-07-26 00:00:00,0.1965051777784087,0.0596880428077241,0.3333223127490934,144.36,-38.147
26503,1972-07-27 00:00:00,0.0029873269277039,-0.1335489441652146,0.1395235980206224,144.36,-38.147
26504,1972-07-28 00:00:00,-0.0659862499992029,-0.2022464461042327,0.0702739461058268,144.36,-38.147
26505,1972-07-29 00:00:00,0.0021281619225571,-0.1340894977364761,0.1383458215815905,144.36,-38.147
26506,1972-07-30 00:00:00,-0.0086289074793175,-0.1448949258937168,0.1276371109350818,144.36,-38.147
26507,1972-07-31 00:00:00,-0.0339610770663824,-0.170229619369479,0.1023074652367141,144.36,-38.147
26508,1972-08-01 00:00:00,-0.0376137106347559,-0.1744191569562387,0.0991917356867269,144.36,-38.147
26509,1972-08-02 00:00:00,-0.0198834079642953,-0.1571984982651012,0.1174316823365106,144.36,-38.147
26510,1972-08-03 00:00:00,0.096453268008026,-0.0405868210240229,0.2334933570400751,144.36,-38.147
26511,1972-08-04 00:00:00,0.0596033225351474,-0.0767837225382273,0.1959903676085222,144.36,-38.147
26512,1972-08-05 00:00:00,0.1067617405444656,-0.0295394369481459,0.2430629180370772,144.36,-38.147
26513,1972-08-06 00:00:00,0.2244784260568998,0.0879340896687323,0.3610227624450673,144.36,-38.147
26514,1972-08-07 00:00:00,0.1578014436859661,0.0212039405759873,0.2943989467959448,144.36,-38.147
26515,1972-08-08 00:00:00,0.2145529505971256,0.077932480023414,0.3511734211708371,144.36,-38.147
26516,1972-08-09 00:00:00,0.2203855092893032,0.0832468606309108,0.3575241579476956,144.36,-38.147
26517,1972-08-10 00:00:00,0.2751170599437661,0.1373803506095084,0.4128537692780237,144.36,-38.147
26518,1972-08-11 00:00:00,0.3669835362009143,0.2299908974381577,0.5039761749636709,144.36,-38.147
26519,1972-08-12 00:00:00,0.1360897243858352,-0.0022228467632706,0.2744022955349411,144.36,-38.147
26520,1972-08-13 00:00:00,0.0480176297995146,-0.0887080907002855,0.1847433502993148,144.36,-38.147
26521,1972-08-14 00:00:00,-0.0233711447948506,-0.1597087559499577,0.1129664663602565,144.36,-38.147
26522,1972-08-15 00:00:00,0.0111712147536454,-0.1250169320539774,0.1473593615612682,144.36,-38.147
26523,1972-08-16 00:00:00,0.0142627768699451,-0.1219769736496461,0.1505025273895364,144.36,-38.147
26524,1972-08-17 00:00:00,0.0055711769693522,-0.1308034855212205,0.141945839459925,144.36,-38.147
26525,1972-08-18 00:00:00,-0.0209538341493007,-0.1573370315249867,0.1154293632263853,144.36,-38.147
26526,1972-08-19 00:00:00,0.0539913018170931,-0.0823913982990157,0.190374001933202,144.36,-38.147
26527,1972-08-20 00:00:00,0.1637130083357179,0.027313313221251,0.3001127034501848,144.36,-38.147
26528,1972-08-21 00:00:00,0.0417240017273766,-0.0946223041441279,0.1780703075988813,144.36,-38.147
26529,1972-08-22 00:00:00,0.1634307810637299,0.0268257617381126,0.3000358003893472,144.36,-38.147
26530,1972-08-23 00:00:00,0.1059250128172512,-0.0305239792285473,0.2423740048630498,144.36,-38.147
26531,1972-08-24 00:00:00,0.0383596457819202,-0.0980133827061012,0.1747326742699417,144.36,-38.147
26532,1972-08-25 00:00:00,0.1859634752057028,0.0494989248595577,0.3224280255518479,144.36,-38.147
26533,1972-08-26 00:00:00,0.0756031652657806,-0.0606572876343335,0.2118636181658948,144.36,-38.147
26534,1972-08-27 00:00:00,0.0578479228160097,-0.0783569203380687,0.1940527659700883,144.36,-38.147
26535,1972-08-28 00:00:00,0.0521683318041875,-0.0840835289969009,0.1884201926052761,144.36,-38.147
26536,1972-08-29 00:00:00,0.1324602245457588,-0.0039147247885097,0.2688351738800274,144.36,-38.147
26537,1972-08-30 00:00:00,0.1880694457362119,0.0513545610057584,0.3247843304666653,144.36,-38.147
26538,1972-08-31 00:00:00,0.0984019540185797,-0.0379867862312265,0.234790694268386,144.36,-38.147
26539,1972-09-01 00:00:00,0.0077621550294101,-0.1285593942551689,0.1440837043139892,144.36,-38.147
26540,1972-09-02 00:00:00,0.0208474981031335,-0.1153907049600725,0.1570857011663396,144.36,-38.147
26541,1972-09-03 00:00:00,0.0257711474596521,-0.1104655375533314,0.1620078324726356,144.36,-38.147
26542,1972-09-04 00:00:00,0.0286818990916895,-0.1075819860367488,0.1649457842201279,144.36,-38.147
26543,1972-09-05 00:00:00,0.0706852553245178,-0.065841021017275,0.2072115316663106,144.36,-38.147
26544,1972-09-06 00:00:00,0.1460182929232008,0.0083636547405948,0.2836729311058067,144.36,-38.147
26545,1972-09-07 00:00:00,0.1537229296636645,0.0166036371530757,0.2908422221742532,144.36,-38.147
26546,1972-09-08 00:00:00,0.3101338716008475,0.1734716850199482,0.4467960581817467,144.36,-38.147
26547,1972-09-09 00:00:00,0.0701490200596682,-0.0663673229129439,0.2066653630322804,144.36,-38.147
26548,1972-09-10 00:00:00,0.0002352297246535,-0.136099571214539,0.1365700306638462,144.36,-38.147
26549,1972-09-11 00:00:00,0.0132439086030286,-0.123083430945453,0.1495712481515103,144.36,-38.147
26550,1972-09-12 00:00:00,0.1619178113462682,0.0254223452087616,0.2984132774837748,144.36,-38.147
26551,1972-09-13 00:00:00,0.4110711243514557,0.2734058224080618,0.5487364262948495,144.36,-38.147
26552,1972-09-14 00:00:00,0.0959410035595964,-0.0413518813583095,0.2332338884775024,144.36,-38.147
26553,1972-09-15 00:00:00,0.0853291493686069,-0.0511186124115547,0.2217769111487687,144.36,-38.147
26554,1972-09-16 00:00:00,0.097296860540559,-0.0389726326280342,0.2335663537091523,144.36,-38.147
26555,1972-09-17 00:00:00,0.0952505665724582,-0.041193344503953,0.2316944776488695,144.36,-38.147
26556,1972-09-18 00:00:00,0.2840034904354125,0.147123835027898,0.4208831458429271,144.36,-38.147
26557,1972-09-19 00:00:00,0.1030495855803944,-0.0334339677290048,0.2395331388897937,144.36,-38.147
26558,1972-09-20 00:00:00,0.0568315143267403,-0.0794737850364369,0.1931368136899175,144.36,-38.147
26559,1972-09-21 00:00:00,-0.0190210935826159,-0.1552534435694291,0.1172112564041972,144.36,-38.147
26560,1972-09-22 00:00:00,0.2859640897803446,0.1487744726321111,0.4231537069285782,144.36,-38.147
26561,1972-09-23 00:00:00,0.101181945180164,-0.0355840053053494,0.2379478956656774,144.36,-38.147
26562,1972-09-24 00:00:00,0.1335672289606307,-0.0028516487322119,0.2699861066534733,144.36,-38.147
26563,1972-09-25 00:00:00,0.1268530193081581,-0.0093935979162396,0.263099636532556,144.36,-38.147
26564,1972-09-26 00:00:00,0.059144639645829,-0.0771442475417752,0.1954335268334333,144.36,-38.147
26565,1972-09-27 00:00:00,0.0596180739942521,-0.0767098690696794,0.1959460170581837,144.36,-38.147
26566,1972-09-28 00:00:00,0.0198506209605351,-0.1164277502136603,0.1561289921347305,144.36,-38.147
26567,1972-09-29 00:00:00,-0.0266407072129536,-0.1628668000870086,0.1095853856611013,144.36,-38.147
26568,1972-09-30 00:00:00,-0.056077257525287,-0.1923552112617904,0.0802006962112162,144.36,-38.147
26569,1972-10-01 00:00:00,0.0035854454454105,-0.1326709639231117,0.1398418548139329,144.36,-38.147
26570,1972-10-02 00:00:00,0.0113791915782399,-0.1248495542741452,0.1476079374306251,144.36,-38.147
26571,1972-10-03 00:00:00,0.004329947316493,-0.1319634238020519,0.140623318435038,144.36,-38.147
26572,1972-10-04 00:00:00,0.1065904023954588,-0.029696345297332,0.2428771500882496,144.36,-38.147
26573,1972-10-05 00:00:00,0.2154334677849697,0.0791227543983703,0.351744181171569,144.36,-38.147
26574,1972-10-06 00:00:00,0.1963008767761351,0.0599382270892862,0.3326635264629841,144.36,-38.147
26575,1972-10-07 00:00:00,0.0209847903561508,-0.1153280333448132,0.1572976140571148,144.36,-38.147
26576,1972-10-08 00:00:00,0.0966423516085353,-0.0397161724257107,0.2330008756427814,144.36,-38.147
26577,1972-10-09 00:00:00,0.1255312686742191,-0.0109359095756489,0.2619984469240871,144.36,-38.147
26578,1972-10-10 00:00:00,0.0401993836618605,-0.0962342975906975,0.1766330649144186,144.36,-38.147
26579,1972-10-11 00:00:00,0.4438395795763296,0.3065036555980948,0.5811755035545645,144.36,-38.147
26580,1972-10-12 00:00:00,0.3017157015553921,0.1644127101892903,0.439018692921494,144.36,-38.147
26581,1972-10-13 00:00:00,0.1105347348202798,-0.0268911924008111,0.2479606620413707,144.36,-38.147
26582,1972-10-14 00:00:00,0.0491442646455611,-0.0871939774286459,0.1854825067197683,144.36,-38.147
26583,1972-10-15 00:00:00,0.035826449090456,-0.1005929688350962,0.1722458670160083,144.36,-38.147
26584,1972-10-16 00:00:00,0.0240971122462371,-0.1131131126751014,0.1613073371675758,144.36,-38.147
26585,1972-10-17 00:00:00,0.0261530268190318,-0.1102693609125101,0.1625754145505738,144.36,-38.147
26586,1972-10-18 00:00:00,-0.0147463018468606,-0.1510155913009737,0.1215229876072523,144.36,-38.147
26587,1972-10-19 00:00:00,-0.008592294591691,-0.1448222045407539,0.1276376153573717,144.36,-38.147
26588,1972-10-20 00:00:00,0.1472501908070995,0.0109474921629419,0.2835528894512572,144.36,-38.147
26589,1972-10-21 00:00:00,0.0671874190850185,-0.069052801107359,0.2034276392773961,144.36,-38.147
26590,1972-10-22 00:00:00,0.0459425893580175,-0.0902407059352944,0.1821258846513294,144.36,-38.147
26591,1972-10-23 00:00:00,0.0400750061103928,-0.0960995525496778,0.1762495647704634,144.36,-38.147
26592,1972-10-24 00:00:00,0.0182708779163965,-0.1180138355914443,0.1545555914242373,144.36,-38.147
26593,1972-10-25 00:00:00,0.114384057238963,-0.0222930198152728,0.2510611342931989,144.36,-38.147
26594,1972-10-26 00:00:00,-0.0346959310760484,-0.1711477952586694,0.1017559331065726,144.36,-38.147
26595,1972-10-27 00:00:00,-0.0601943674777409,-0.196437600140643,0.076048865185161,144.36,-38.147
26596,1972-10-28 00:00:00,-0.0764153764442494,-0.2126798513312431,0.0598490984427443,144.36,-38.147
26597,1972-10-29 00:00:00,-0.0066232624571827,-0.1428842987685994,0.1296377738542339,144.36,-38.147
26598,1972-10-30 00:00:00,0.0644506861663046,-0.071792955065234,0.2006943273978434,144.36,-38.147
26599,1972-10-31 00:00:00,0.045397347990632,-0.0909630579257066,0.1817577539069708,144.36,-38.147
26600,1972-11-01 00:00:00,0.0148326016460443,-0.1214403998923948,0.1511056031844835,144.36,-38.147
26601,1972-11-02 00:00:00,0.0550713331297732,-0.0811794890130896,0.1913221552726362,144.36,-38.147
26602,1972-11-03 00:00:00,0.094678841665011,-0.0418012530575392,0.2311589363875613,144.36,-38.147
26603,1972-11-04 00:00:00,0.0766638694887364,-0.0595893507810491,0.2129170897585221,144.36,-38.147
26604,1972-11-05 00:00:00,0.0778070401314721,-0.0584272983368079,0.2140413785997522,144.36,-38.147
26605,1972-11-06 00:00:00,0.0843736967267131,-0.0518667472109333,0.2206141406643595,144.36,-38.147
26606,1972-11-07 00:00:00,0.081250233619072,-0.0550138212196752,0.2175142884578192,144.36,-38.147
26607,1972-11-08 00:00:00,0.0482054415615205,-0.0879994575735616,0.1844103406966027,144.36,-38.147
26608,1972-11-09 00:00:00,0.0542243166477423,-0.0821739454378704,0.190622578733355,144.36,-38.147
26609,1972-11-10 00:00:00,0.3094588396416389,0.1727139388767025,0.4462037404065753,144.36,-38.147
26610,1972-11-11 00:00:00,0.1541458754150818,0.0171902641293474,0.2911014867008162,144.36,-38.147
26611,1972-11-12 00:00:00,0.3348574432005198,0.1980021266639887,0.4717127597370509,144.36,-38.147
26612,1972-11-13 00:00:00,0.1310521548262219,-0.0054912728072767,0.2675955824597206,144.36,-38.147
26613,1972-11-14 00:00:00,-6.080088297936298e-05,-0.1363014871906974,0.1361798854247387,144.36,-38.147
26614,1972-11-15 00:00:00,-0.0121599673317445,-0.1483527998193402,0.1240328651558511,144.36,-38.147
26615,1972-11-16 00:00:00,-0.0172691953252193,-0.1534838541978168,0.1189454635473781,144.36,-38.147
26616,1972-11-17 00:00:00,-0.0386865712293949,-0.1750758853928063,0.0977027429340163,144.36,-38.147
26617,1972-11-18 00:00:00,-0.0177708472490931,-0.1541174601338804,0.1185757656356942,144.36,-38.147
26618,1972-11-19 00:00:00,0.0512664316461917,-0.0850654817059338,0.1875983449983173,144.36,-38.147
26619,1972-11-20 00:00:00,0.0915981962678609,-0.0451504386842839,0.2283468312200058,144.36,-38.147
26620,1972-11-21 00:00:00,0.037414298551253,-0.099382608560973,0.1742112056634791,144.36,-38.147
26621,1972-11-22 00:00:00,-0.0236019460012295,-0.1598900562630509,0.1126861642605918,144.36,-38.147
26622,1972-11-23 00:00:00,-0.0309489324472673,-0.1673202052600483,0.1054223403655137,144.36,-38.147
26623,1972-11-24 00:00:00,0.0245843410172934,-0.1117247659299627,0.1608934479645496,144.36,-38.147
26624,1972-11-25 00:00:00,0.0360378722711849,-0.100361468978174,0.172437213520544,144.36,-38.147
26625,1972-11-26 00:00:00,0.0032142829008932,-0.1331668903945132,0.1395954561962997,144.36,-38.147
26626,1972-11-27 00:00:00,-0.0619210662001883,-0.1984166751599912,0.0745745427596145,144.36,-38.147
26627,1972-11-28 00:00:00,-0.0354515912948549,-0.1719796498344467,0.1010764672447369,144.36,-38.147
26628,1972-11-29 00:00:00,-0.0195210915348204,-0.1558187273380377,0.1167765442683968,144.36,-38.147
26629,1972-11-30 00:00:00,-0.0087466655852679,-0.1449796627762709,0.1274863316057351,144.36,-38.147
26630,1972-12-01 00:00:00,-0.0019579070154766,-0.138167121749209,0.1342513077182558,144.36,-38.147
26631,1972-12-02 00:00:00,0.1428041848232283,0.0064491176311624,0.2791592520152941,144.36,-38.147
26632,1972-12-03 00:00:00,0.1138072141468746,-0.0228780912799324,0.2504925195736817,144.36,-38.147
26633,1972-12-04 00:00:00,-0.0650792415390221,-0.2015435979284656,0.0713851148504213,144.36,-38.147
26634,1972-12-05 00:00:00,-0.0530816756947103,-0.189336487759129,0.0831731363697083,144.36,-38.147
26635,1972-12-06 00:00:00,0.0531919918997648,-0.0831727545987549,0.1895567383982846,144.36,-38.147
26636,1972-12-07 00:00:00,0.141231235344178,0.0048134268172062,0.2776490438711499,144.36,-38.147
26637,1972-12-08 00:00:00,0.1170948867906713,-0.0193056925922731,0.2534954661736159,144.36,-38.147
26638,1972-12-09 00:00:00,0.1159883520218737,-0.0203470263652818,0.2523237304090293,144.36,-38.147
26639,1972-12-10 00:00:00,0.1149090529694109,-0.021513426692194,0.2513315326310159,144.36,-38.147
26640,1972-12-11 00:00:00,0.1544031256692467,0.0179940749799632,0.2908121763585303,144.36,-38.147
26641,1972-12-12 00:00:00,0.1242177157319979,-0.0122788652074625,0.2607142966714585,144.36,-38.147
26642,1972-12-13 00:00:00,0.0184667847883412,-0.1178069771324796,0.154740546709162,144.36,-38.147
26643,1972-12-14 00:00:00,0.0281616669227184,-0.1080849632127183,0.1644082970581551,144.36,-38.147
26644,1972-12-15 00:00:00,0.0903589196725495,-0.0459823856786753,0.2267002250237745,144.36,-38.147
26645,1972-12-16 00:00:00,0.1788282595291808,0.0421579256029223,0.3154985934554394,144.36,-38.147
26646,1972-12-17 00:00:00,0.1933983117141076,0.0569361471703255,0.3298604762578896,144.36,-38.147
26647,1972-12-18 00:00:00,0.100375572728303,-0.0359971469751067,0.2367482924317129,144.36,-38.147
26648,1972-12-19 00:00:00,0.0360280975462801,-0.1002167124311827,0.1722729075237429,144.36,-38.147
26649,1972-12-20 00:00:00,0.0378643500084792,-0.0983550063763942,0.1740837063933527,144.36,-38.147
26650,1972-12-21 00:00:00,0.0829072585465218,-0.0533955664700834,0.2192100835631271,144.36,-38.147
26651,1972-12-22 00:00:00,0.0544857888827528,-0.0818918819312989,0.1908634596968046,144.36,-38.147
26652,1972-12-23 00:00:00,0.3377677448215441,0.2006930486044311,0.474842441038657,144.36,-38.147
26653,1972-12-24 00:00:00,0.3403422734134997,0.2032839987395077,0.4774005480874916,144.36,-38.147
26654,1972-12-25 00:00:00,0.2729771478049497,0.1355319405228703,0.4104223550870292,144.36,-38.147
26655,1972-12-26 00:00:00,-0.014143580538555,-0.1510664178611495,0.1227792567840393,144.36,-38.147
26656,1972-12-27 00:00:00,0.1637868646043247,0.0274707013435005,0.3001030278651488,144.36,-38.147
26657,1972-12-28 00:00:00,0.1137963808315108,-0.0224561632965251,0.2500489249595469,144.36,-38.147
26658,1972-12-29 00:00:00,0.1534330699558909,0.0171548711851121,0.2897112687266697,144.36,-38.147
26659,1972-12-30 00:00:00,0.176110065528788,0.0397281275303791,0.3124920035271968,144.36,-38.147
26660,1972-12-31 00:00:00,0.0752654613157003,-0.0611057366390234,0.2116366592704242,144.36,-38.147
26661,1973-01-01 00:00:00,0.0251851910166812,-0.1110460164607127,0.1614163984940752,144.36,-38.147
26662,1973-01-02 00:00:00,0.0226401131886847,-0.1136373870566509,0.1589176134340204,144.36,-38.147
26663,1973-01-03 00:00:00,0.1827853326867653,0.0461458538879873,0.3194248114855433,144.36,-38.147
26664,1973-01-04 00:00:00,0.1654659401255507,0.0288559232771401,0.3020759569739614,144.36,-38.147
26665,1973-01-05 00:00:00,0.0596159667888252,-0.0768033129889525,0.196035246566603,144.36,-38.147
26666,1973-01-06 00:00:00,0.1229182373736395,-0.0134035054500975,0.2592399801973766,144.36,-38.147
26667,1973-01-07 00:00:00,0.0984390546398327,-0.0378227225983485,0.2347008318780141,144.36,-38.147
26668,1973-01-08 00:00:00,0.0514197664185621,-0.0847898352682587,0.187629368105383,144.36,-38.147
26669,1973-01-09 00:00:00,0.1294878167782677,-0.0068173183929134,0.2657929519494488,144.36,-38.147
26670,1973-01-10 00:00:00,0.1456888937376727,0.0091117180217225,0.2822660694536228,144.36,-38.147
26671,1973-01-11 00:00:00,-0.0017535181974778,-0.1380070536713691,0.1345000172764134,144.36,-38.147
26672,1973-01-12 00:00:00,0.0275004348427927,-0.1087825804971473,0.1637834501827328,144.36,-38.147
26673,1973-01-13 00:00:00,0.3579482931588496,0.2204980163326821,0.4953985699850171,144.36,-38.147
26674,1973-01-14 00:00:00,0.25156313124057,0.1150872814653768,0.3880389810157632,144.36,-38.147
26675,1973-01-15 00:00:00,0.1544816846548169,0.0180937054090554,0.2908696639005784,144.36,-38.147
26676,1973-01-16 00:00:00,0.0519376487607452,-0.0842992212180668,0.1881745187395573,144.36,-38.147
26677,1973-01-17 00:00:00,-0.0143850003088395,-0.1506433672932509,0.1218733666755718,144.36,-38.147
26678,1973-01-18 00:00:00,-0.0399959915303388,-0.1762653825281788,0.0962733994675011,144.36,-38.147
26679,1973-01-19 00:00:00,0.0223235141088338,-0.1140059292918531,0.1586529575095208,144.36,-38.147
26680,1973-01-20 00:00:00,0.0437636603982318,-0.0925115823142825,0.1800389031107462,144.36,-38.147
26681,1973-01-21 00:00:00,0.0925527221318701,-0.0437648920705672,0.2288703363343075,144.36,-38.147
26682,1973-01-22 00:00:00,0.0488376249334398,-0.0878721584154678,0.1855474082823476,144.36,-38.147
26683,1973-01-23 00:00:00,-0.0190147817460269,-0.1555755198657547,0.1175459563737008,144.36,-38.147
26684,1973-01-24 00:00:00,0.0704016247129159,-0.0662504627027253,0.2070537121285572,144.36,-38.147
26685,1973-01-25 00:00:00,0.1215737278815512,-0.0149775996128117,0.2581250553759143,144.36,-38.147
26686,1973-01-26 00:00:00,0.0174361390504632,-0.1189331609968105,0.153805439097737,144.36,-38.147
26687,1973-01-27 00:00:00,0.0154188336778463,-0.1208955716594161,0.1517332390151088,144.36,-38.147
26688,1973-01-28 00:00:00,-0.0012854089930562,-0.1375578006759591,0.1349869826898465,144.36,-38.147
26689,1973-01-29 00:00:00,0.186484322876669,0.050052956697836,0.322915689055502,144.36,-38.147
26690,1973-01-30 00:00:00,0.0739660876377399,-0.062513906022783,0.2104460812982628,144.36,-38.147
26691,1973-01-31 00:00:00,0.2077129128460782,0.0711639572372993,0.3442618684548572,144.36,-38.147
26692,1973-02-01 00:00:00,0.1183013286709049,-0.0180721914507137,0.2546748487925235,144.36,-38.147
26693,1973-02-02 00:00:00,0.0662863016938061,-0.0699864170144756,0.2025590204020879,144.36,-38.147
26694,1973-02-03 00:00:00,0.1617567653873534,0.0253887704922074,0.2981247602824994,144.36,-38.147
26695,1973-02-04 00:00:00,0.1601288008869859,0.0238686945885322,0.2963889071854396,144.36,-38.147
26696,1973-02-05 00:00:00,0.1310722103156187,-0.0052619439991645,0.267406364630402,144.36,-38.147
26697,1973-02-06 00:00:00,0.3372911808584463,0.2002537736971693,0.4743285880197233,144.36,-38.147
26698,1973-02-07 00:00:00,0.0921718509502989,-0.0449470331716275,0.2292907350722254,144.36,-38.147
26699,1973-02-08 00:00:00,-0.0014985467330361,-0.137769290369003,0.1347721969029306,144.36,-38.147
26700,1973-02-09 00:00:00,0.0625649021105267,-0.0737003554775973,0.1988301596986509,144.36,-38.147
26701,1973-02-10 00:00:00,0.0742997809961267,-0.0621233544666814,0.2107229164589349,144.36,-38.147
26702,1973-02-11 00:00:00,-0.0754290941263089,-0.2118726573983552,0.0610144691457373,144.36,-38.147
26703,1973-02-12 00:00:00,-0.0424170418095566,-0.1788176696195907,0.0939835860004774,144.36,-38.147
26704,1973-02-13 00:00:00,-0.0199287533812193,-0.1562015276210587,0.11634402085862,144.36,-38.147
26705,1973-02-14 00:00:00,0.0174633578761484,-0.118752424278121,0.1536791400304178,144.36,-38.147
26706,1973-02-15 00:00:00,0.0368529645670694,-0.0994774919821892,0.1731834211163281,144.36,-38.147
26707,1973-02-16 00:00:00,-0.0443305024904086,-0.1806263250734213,0.0919653200926039,144.36,-38.147
26708,1973-02-17 00:00:00,-0.0281862295091192,-0.1644032827960762,0.1080308237778377,144.36,-38.147
26709,1973-02-18 00:00:00,0.0466898552987463,-0.089606961017169,0.1829866716146617,144.36,-38.147
26710,1973-02-19 00:00:00,0.0828780851603978,-0.053500264032281,0.2192564343530766,144.36,-38.147
26711,1973-02-20 00:00:00,0.0412418387508904,-0.0951428288787707,0.1776265063805515,144.36,-38.147
26712,1973-02-21 00:00:00,0.0090896528853399,-0.1273856183559457,0.1455649241266255,144.36,-38.147
26713,1973-02-22 00:00:00,0.0994282635690029,-0.0370188765874741,0.23587540372548,144.36,-38.147
26714,1973-02-23 00:00:00,0.0622686505398292,-0.0739477258202548,0.1984850268999132,144.36,-38.147
26715,1973-02-24 00:00:00,0.0146690803111606,-0.121526518165983,0.1508646787883042,144.36,-38.147
26716,1973-02-25 00:00:00,-0.0176327205225779,-0.1538572527478419,0.118591811702686,144.36,-38.147
26717,1973-02-26 00:00:00,-0.0221612882995001,-0.1583801359542881,0.1140575593552879,144.36,-38.147
26718,1973-02-27 00:00:00,0.0466267117649428,-0.0896546417311568,0.1829080652610425,144.36,-38.147
26719,1973-02-28 00:00:00,0.1129315811490074,-0.0235660864019128,0.2494292486999277,144.36,-38.147
26720,1973-03-01 00:00:00,0.0645185642336369,-0.0717848370528139,0.2008219655200877,144.36,-38.147
26721,1973-03-02 00:00:00,0.0937601535639948,-0.0424915043959233,0.230011811523913,144.36,-38.147
26722,1973-03-03 00:00:00,0.0740266273989082,-0.062227592429645,0.2102808472274614,144.36,-38.147
26723,1973-03-04 00:00:00,0.0321573943424235,-0.104103929111924,0.1684187177967711,144.36,-38.147
26724,1973-03-05 00:00:00,0.0259627137884875,-0.1103124784853809,0.1622379060623559,144.36,-38.147
26725,1973-03-06 00:00:00,-0.0255011373024295,-0.1617434550795617,0.1107411804747027,144.36,-38.147
26726,1973-03-07 00:00:00,0.0631601190227345,-0.073602750386015,0.1999229884314841,144.36,-38.147
26727,1973-03-08 00:00:00,0.2618877937858638,0.1248758595517841,0.3988997280199435,144.36,-38.147
26728,1973-03-09 00:00:00,0.0386754386988911,-0.0976211886519368,0.1749720660497191,144.36,-38.147
26729,1973-03-10 00:00:00,0.0653646252423385,-0.0708638311299818,0.2015930816146588,144.36,-38.147
26730,1973-03-11 00:00:00,0.0101653044744899,-0.1260961736898929,0.1464267826388727,144.36,-38.147
26731,1973-03-12 00:00:00,0.1952520498762427,0.0587663508522151,0.3317377489002703,144.36,-38.147
26732,1973-03-13 00:00:00,0.2052890387192825,0.0688319150451928,0.3417461623933722,144.36,-38.147
26733,1973-03-14 00:00:00,0.1350345109338675,-0.001395092856851,0.2714641147245862,144.36,-38.147
26734,1973-03-15 00:00:00,-0.015127278028818,-0.1514542818312964,0.1211997257736603,144.36,-38.147
26735,1973-03-16 00:00:00,0.0107248114232157,-0.1254835481913832,0.1469331710378146,144.36,-38.147
26736,1973-03-17 00:00:00,0.0327124998959834,-0.1035882721285176,0.1690132719204845,144.36,-38.147
26737,1973-03-18 00:00:00,0.1120122792286046,-0.0244558235239696,0.2484803819811789,144.36,-38.147
26738,1973-03-19 00:00:00,0.1836653915799789,0.047168343191852,0.3201624399681058,144.36,-38.147
26739,1973-03-20 00:00:00,0.0660012694152066,-0.0702412197892439,0.2022437586196572,144.36,-38.147
26740,1973-03-21 00:00:00,0.0610881938549516,-0.075130908172743,0.1973072958826464,144.36,-38.147
26741,1973-03-22 00:00:00,0.0304073958435673,-0.1058946867816062,0.1667094784687409,144.36,-38.147
26742,1973-03-23 00:00:00,-0.0146084909712142,-0.15106593989598,0.1218489579535515,144.36,-38.147
26743,1973-03-24 00:00:00,-0.0755322618084911,-0.2118728241885375,0.0608083005715552,144.36,-38.147
26744,1973-03-25 00:00:00,-0.0458240814599777,-0.1820787775723252,0.0904306146523698,144.36,-38.147
26745,1973-03-26 00:00:00,-0.0044128077235278,-0.1406090113877171,0.1317833959406614,144.36,-38.147
26746,1973-03-27 00:00:00,0.0629241488302706,-0.0732709126292792,0.1991192102898205,144.36,-38.147
26747,1973-03-28 00:00:00,0.1488687864718297,0.0124168473012395,0.2853207256424199,144.36,-38.147
26748,1973-03-29 00:00:00,0.0401992955244894,-0.096357984662369,0.1767565757113479,144.36,-38.147
26749,1973-03-30 00:00:00,0.1273006856691015,-0.0093166737354516,0.2639180450736547,144.36,-38.147
26750,1973-03-31 00:00:00,0.0705310231857583,-0.0659808351956162,0.2070428815671328,144.36,-38.147
26751,1973-04-01 00:00:00,-0.0439964634990185,-0.1803164091439029,0.0923234821458659,144.36,-38.147
26752,1973-04-02 00:00:00,0.060518344899365,-0.075907627629722,0.1969443174284521,144.36,-38.147
26753,1973-04-03 00:00:00,0.1382889441932856,0.001675605675798,0.2749022827107731,144.36,-38.147
26754,1973-04-04 00:00:00,0.0688509569329063,-0.0674821247569866,0.2051840386227994,144.36,-38.147
26755,1973-04-05 00:00:00,0.1115841017072424,-0.0247885687686563,0.2479567721831412,144.36,-38.147
26756,1973-04-06 00:00:00,0.0773071048976428,-0.0590633562576137,0.2136775660528995,144.36,-38.147
26757,1973-04-07 00:00:00,0.0865457528230779,-0.0496484880278367,0.2227399936739926,144.36,-38.147
26758,1973-04-08 00:00:00,0.0143673144611723,-0.1218270994636315,0.1505617283859761,144.36,-38.147
26759,1973-04-09 00:00:00,-0.0342377046026813,-0.1704415637256174,0.1019661545202547,144.36,-38.147
26760,1973-04-10 00:00:00,-0.0520453110909974,-0.1882449159479331,0.0841542937659381,144.36,-38.147
26761,1973-04-11 00:00:00,-0.0399381997614188,-0.1761990022577433,0.0963226027349056,144.36,-38.147
26762,1973-04-12 00:00:00,-0.0037072100087852,-0.13991789972875,0.1325034797111795,144.36,-38.147
26763,1973-04-13 00:00:00,0.0099646701416707,-0.1262560994161284,0.1461854396994699,144.36,-38.147
26764,1973-04-14 00:00:00,0.0348612671405847,-0.1013780954194443,0.1711006297006139,144.36,-38.147
26765,1973-04-15 00:00:00,0.1229361257033244,-0.0133737714619032,0.2592460228685521,144.36,-38.147
26766,1973-04-16 00:00:00,0.1392103192584859,0.0029459521955147,0.2754746863214572,144.36,-38.147
26767,1973-04-17 00:00:00,0.0562662224312933,-0.0799434092034275,0.1924758540660141,144.36,-38.147
26768,1973-04-18 00:00:00,0.0730892908782924,-0.0633091013271189,0.2094876830837037,144.36,-38.147
26769,1973-04-19 00:00:00,0.2560246490327967,0.1194004961879058,0.3926488018776876,144.36,-38.147
26770,1973-04-20 00:00:00,0.2977999217660221,0.1603705008346072,0.4352293426974369,144.36,-38.147
26771,1973-04-21 00:00:00,0.2501200304081293,0.1130889962792792,0.3871510645369793,144.36,-38.147
26772,1973-04-22 00:00:00,0.3088968583184912,0.1707968383422975,0.4469968782946847,144.36,-38.147
26773,1973-04-23 00:00:00,0.0469708003677585,-0.08972346057264,0.1836650613081571,144.36,-38.147
26774,1973-04-24 00:00:00,0.1052120455409249,-0.031802183376147,0.242226274457997,144.36,-38.147
26775,1973-04-25 00:00:00,0.0507876361316216,-0.086199714525627,0.1877749867888702,144.36,-38.147
26776,1973-04-26 00:00:00,0.0838015395774678,-0.0527758423393231,0.2203789214942587,144.36,-38.147
26777,1973-04-27 00:00:00,0.1479133281306065,0.0115078047872845,0.2843188514739285,144.36,-38.147
26778,1973-04-28 00:00:00,0.1624572680435181,0.0259571307078493,0.2989574053791869,144.36,-38.147
26779,1973-04-29 00:00:00,0.070901206244705,-0.0653502068372651,0.2071526193266752,144.36,-38.147
26780,1973-04-30 00:00:00,0.1004134672839987,-0.0358678153756284,0.236694749943626,144.36,-38.147
26781,1973-05-01 00:00:00,0.1211521962711683,-0.0155652698853692,0.2578696624277058,144.36,-38.147
26782,1973-05-02 00:00:00,0.1378428127346985,0.0015216109525132,0.2741640145168838,144.36,-38.147
26783,1973-05-03 00:00:00,0.3468927877902519,0.2099063227711313,0.4838792528093725,144.36,-38.147
26784,1973-05-04 00:00:00,0.141404747168649,0.0045385115533684,0.2782709827839296,144.36,-38.147
26785,1973-05-05 00:00:00,0.2371383070091192,0.0999805388551071,0.3742960751631313,144.36,-38.147
26786,1973-05-06 00:00:00,0.0944163506411285,-0.0428721450846388,0.2317048463668958,144.36,-38.147
26787,1973-05-07 00:00:00,0.337863641665696,0.200134853533281,0.475592429798111,144.36,-38.147
26788,1973-05-08 00:00:00,0.1174256518764218,-0.0192902684375408,0.2541415721903846,144.36,-38.147
26789,1973-05-09 00:00:00,0.0106841355283598,-0.1257162639026832,0.1470845349594029,144.36,-38.147
26790,1973-05-10 00:00:00,0.2315277933313079,0.0947687000172746,0.3682868866453411,144.36,-38.147
26791,1973-05-11 00:00:00,0.1743363914599489,0.038009208302499,0.3106635746173988,144.36,-38.147
26792,1973-05-12 00:00:00,0.1196398046396763,-0.0166561837295199,0.2559357930088726,144.36,-38.147
26793,1973-05-13 00:00:00,0.0534431266165806,-0.0828470922435633,0.1897333454767247,144.36,-38.147
26794,1973-05-14 00:00:00,0.1133137338258528,-0.0232861851840466,0.2499136528357522,144.36,-38.147
26795,1973-05-15 00:00:00,0.2124748632295616,0.0757066414569574,0.3492430850021658,144.36,-38.147
26796,1973-05-16 00:00:00,0.1176932216587032,-0.0187918554907868,0.2541782988081932,144.36,-38.147
26797,1973-05-17 00:00:00,0.0362037475245714,-0.1003892781927615,0.1727967732419044,144.36,-38.147
26798,1973-05-18 00:00:00,-0.0211968755457789,-0.1579183404690528,0.1155245893774949,144.36,-38.147
26799,1973-05-19 00:00:00,-0.0356042230530297,-0.1720144943808265,0.100806048274767,144.36,-38.147
26800,1973-05-20 00:00:00,-0.0019707806659695,-0.1384281040537459,0.1344865427218068,144.36,-38.147
26801,1973-05-21 00:00:00,0.0429049692191743,-0.0936218508404273,0.179431789278776,144.36,-38.147
26802,1973-05-22 00:00:00,0.0214573055448727,-0.1148804340947405,0.1577950451844861,144.36,-38.147
26803,1973-05-23 00:00:00,0.103992692288833,-0.032419906146963,0.2404052907246291,144.36,-38.147
26804,1973-05-24 00:00:00,0.0670536045999122,-0.069227261547501,0.2033344707473255,144.36,-38.147
26805,1973-05-25 00:00:00,0.0747679366579127,-0.0616343141112487,0.2111701874270742,144.36,-38.147
26806,1973-05-26 00:00:00,0.1152808986760185,-0.0210980310873242,0.2516598284393614,144.36,-38.147
26807,1973-05-27 00:00:00,0.0378865542079626,-0.0983088357607839,0.1740819441767091,144.36,-38.147
26808,1973-05-28 00:00:00,0.0120578599467627,-0.1241650197434768,0.1482807396370023,144.36,-38.147
26809,1973-05-29 00:00:00,0.1108480231833037,-0.0254303678028855,0.2471264141694931,144.36,-38.147
26810,1973-05-30 00:00:00,0.1036685176527694,-0.0325535142129498,0.2398905495184887,144.36,-38.147
26811,1973-05-31 00:00:00,0.0608100404834756,-0.0755808212641541,0.1972009022311053,144.36,-38.147
26812,1973-06-01 00:00:00,0.07846310770162,-0.0583933788133722,0.2153195942166123,144.36,-38.147
26813,1973-06-02 00:00:00,0.2799593206830086,0.1433337634225051,0.4165848779435122,144.36,-38.147
26814,1973-06-03 00:00:00,0.2148857531704138,0.0784155548059957,0.3513559515348319,144.36,-38.147
26815,1973-06-04 00:00:00,0.1122094022339225,-0.0242124268008126,0.2486312312686578,144.36,-38.147
26816,1973-06-05 00:00:00,0.2502107079743271,0.1129225710776866,0.3874988448709676,144.36,-38.147
26817,1973-06-06 00:00:00,0.1088186893332283,-0.0276075807176384,0.2452449593840951,144.36,-38.147
26818,1973-06-07 00:00:00,0.040438962109833,-0.0959706415330873,0.1768485657527533,144.36,-38.147
26819,1973-06-08 00:00:00,0.0019501091608131,-0.1343650271594671,0.1382652454810934,144.36,-38.147
26820,1973-06-09 00:00:00,0.0273368068453569,-0.1089043001894966,0.1635779138802106,144.36,-38.147
26821,1973-06-10 00:00:00,0.149429418125902,0.0130656197234744,0.2857932165283297,144.36,-38.147
26822,1973-06-11 00:00:00,0.10108675538455,-0.0352812110275356,0.2374547217966356,144.36,-38.147
26823,1973-06-12 00:00:00,0.1293888092804795,-0.0070431365555444,0.2658207551165036,144.36,-38.147
26824,1973-06-13 00:00:00,0.067048743114317,-0.0693239471777499,0.2034214334063838,144.36,-38.147
26825,1973-06-14 00:00:00,0.0811847418442348,-0.0551565855361989,0.2175260692246685,144.36,-38.147
26826,1973-06-15 00:00:00,0.1742503409145036,0.0377471385587406,0.3107535432702665,144.36,-38.147
26827,1973-06-16 00:00:00,0.0283359362073526,-0.1084235356920785,0.1650954081067838,144.36,-38.147
26828,1973-06-17 00:00:00,-0.0648729428110375,-0.2014404710136514,0.0716945853915764,144.36,-38.147
26829,1973-06-18 00:00:00,-0.0164047255651163,-0.1525932256745495,0.1197837745443169,144.36,-38.147
26830,1973-06-19 00:00:00,-0.0154821085938657,-0.1517119975037514,0.1207477803160198,144.36,-38.147
26831,1973-06-20 00:00:00,0.0309585967828978,-0.10526692640508,0.1671841199708756,144.36,-38.147
26832,1973-06-21 00:00:00,0.0902006515418988,-0.0461614238297812,0.2265627269135788,144.36,-38.147
26833,1973-06-22 00:00:00,0.1207715049905582,-0.0156619221982971,0.2572049321794136,144.36,-38.147
26834,1973-06-23 00:00:00,-0.0169669494752268,-0.1533634579484753,0.1194295589980217,144.36,-38.147
26835,1973-06-24 00:00:00,0.2916754928173386,0.1543979107618275,0.4289530748728496,144.36,-38.147
26836,1973-06-25 00:00:00,0.1827432792689286,0.0452117300645829,0.3202748284732743,144.36,-38.147
26837,1973-06-26 00:00:00,0.1181774561093099,-0.0182539836173394,0.2546088958359593,144.36,-38.147
26838,1973-06-27 00:00:00,-0.0053174775406245,-0.1415757458223059,0.1309407907410568,144.36,-38.147
26839,1973-06-28 00:00:00,-0.0520819224809191,-0.188314313122571,0.0841504681607328,144.36,-38.147
26840,1973-06-29 00:00:00,-0.0639255293657346,-0.2002970841914494,0.0724460254599801,144.36,-38.147
26841,1973-06-30 00:00:00,0.0475722917949895,-0.0889117896375897,0.1840563732275687,144.36,-38.147
26842,1973-07-01 00:00:00,0.0619008754654003,-0.0743837925947644,0.1981855435255652,144.36,-38.147
26843,1973-07-02 00:00:00,0.0826680137184743,-0.0536395618534203,0.2189755892903691,144.36,-38.147
26844,1973-07-03 00:00:00,0.1122567548596299,-0.0242935488435815,0.2488070585628414,144.36,-38.147
26845,1973-07-04 00:00:00,-0.0017852609232437,-0.1383448553496181,0.1347743335031305,144.36,-38.147
26846,1973-07-05 00:00:00,-0.114115371985747,-0.2504185770720898,0.0221878331005957,144.36,-38.147
26847,1973-07-06 00:00:00,-0.0759587053059965,-0.2122858789619338,0.0603684683499407,144.36,-38.147
26848,1973-07-07 00:00:00,-0.0687775752456339,-0.2050909014108198,0.0675357509195518,144.36,-38.147
26849,1973-07-08 00:00:00,-0.0420553095773153,-0.1782798255474147,0.094169206392784,144.36,-38.147
26850,1973-07-09 00:00:00,-0.0302214494536007,-0.1664389039394672,0.1059960050322658,144.36,-38.147
26851,1973-07-10 00:00:00,-0.0133034303918005,-0.1495471684834558,0.1229403076998546,144.36,-38.147
26852,1973-07-11 00:00:00,0.0370882896389565,-0.0991997169886043,0.1733762962665173,144.36,-38.147
26853,1973-07-12 00:00:00,0.104872289301578,-0.0314836796760786,0.2412282582792346,144.36,-38.147
26854,1973-07-13 00:00:00,-0.0212376712988041,-0.1574555111182923,0.1149801685206841,144.36,-38.147
26855,1973-07-14 00:00:00,-0.016112492966666,-0.1523567188840706,0.1201317329507384,144.36,-38.147
26856,1973-07-15 00:00:00,0.0271536572019685,-0.1090673845720055,0.1633746989759427,144.36,-38.147
26857,1973-07-16 00:00:00,0.0991812134440398,-0.0374117399562953,0.235774166844375,144.36,-38.147
26858,1973-07-17 00:00:00,0.169211132878355,0.0325678778404966,0.3058543879162133,144.36,-38.147
26859,1973-07-18 00:00:00,0.0813275479909508,-0.0550064191111299,0.2176615150930316,144.36,-38.147
26860,1973-07-19 00:00:00,0.0225698374076276,-0.1140495343968887,0.1591892092121439,144.36,-38.147
26861,1973-07-20 00:00:00,0.2531302130413346,0.1161419757734149,0.3901184503092543,144.36,-38.147
26862,1973-07-21 00:00:00,0.1473403014061083,0.010827033870844,0.2838535689413727,144.36,-38.147
26863,1973-07-22 00:00:00,0.1433326048196763,0.0065219557468055,0.2801432538925471,144.36,-38.147
26864,1973-07-23 00:00:00,0.0695575468750814,-0.0668698125679428,0.2059849063181056,144.36,-38.147
26865,1973-07-24 00:00:00,0.0341048001538307,-0.1022887892367615,0.170498389544423,144.36,-38.147
26866,1973-07-25 00:00:00,-0.0085610365395924,-0.1448434296095238,0.1277213565303389,144.36,-38.147
26867,1973-07-26 00:00:00,0.1184398384548147,-0.0183999517098771,0.2552796286195066,144.36,-38.147
26868,1973-07-27 00:00:00,0.0311572409539377,-0.1052291625623193,0.1675436444701948,144.36,-38.147
26869,1973-07-28 00:00:00,-0.0208235297424408,-0.1570607747750456,0.1154137152901639,144.36,-38.147
26870,1973-07-29 00:00:00,0.0251730538238724,-0.1111917891335602,0.1615378967813052,144.36,-38.147
26871,1973-07-30 00:00:00,0.0831837330467047,-0.0533819424408654,0.2197494085342748,144.36,-38.147
26872,1973-07-31 00:00:00,0.0950955739250239,-0.0417153118932167,0.2319064597432646,144.36,-38.147
26873,1973-08-01 00:00:00,0.2742340665667684,0.1373112703417563,0.4111568627917806,144.36,-38.147
26874,1973-08-02 00:00:00,0.1206703373733244,-0.015879558069094,0.2572202328157429,144.36,-38.147
26875,1973-08-03 00:00:00,0.0699891153622787,-0.0663636586079916,0.206341889332549,144.36,-38.147
26876,1973-08-04 00:00:00,0.0731382045981742,-0.0633072585949854,0.209583667791334,144.36,-38.147
26877,1973-08-05 00:00:00,0.0313914020810011,-0.1057797035706654,0.1685625077326677,144.36,-38.147
26878,1973-08-06 00:00:00,0.0693076841253062,-0.0675227856134036,0.2061381538640161,144.36,-38.147
26879,1973-08-07 00:00:00,0.1620307357688466,0.0253279556788555,0.2987335158588378,144.36,-38.147
26880,1973-08-08 00:00:00,0.2342854514347798,0.0976947994464433,0.3708761034231164,144.36,-38.147
26881,1973-08-09 00:00:00,0.176443022328554,0.0400380576536119,0.3128479870034961,144.36,-38.147
26882,1973-08-10 00:00:00,0.0620236905989472,-0.0742462275288127,0.1982936087267071,144.36,-38.147
26883,1973-08-11 00:00:00,0.0192493380917057,-0.1169418402155692,0.1554405163989808,144.36,-38.147
26884,1973-08-12 00:00:00,0.0192490784169014,-0.1169568979596956,0.1554550547934985,144.36,-38.147
26885,1973-08-13 00:00:00,0.1404041216498079,0.004041228900552,0.2767670143990638,144.36,-38.147
26886,1973-08-14 00:00:00,0.0578657520239688,-0.078494082109065,0.1942255861570028,144.36,-38.147
26887,1973-08-15 00:00:00,0.1407703446354535,0.0039060831269623,0.2776346061439446,144.36,-38.147
26888,1973-08-16 00:00:00,0.0423701560321707,-0.0943886087497468,0.1791289208140883,144.36,-38.147
26889,1973-08-17 00:00:00,0.1877735498067511,0.0509147367897352,0.3246323628237669,144.36,-38.147
26890,1973-08-18 00:00:00,0.0512882250882571,-0.0851482955993524,0.1877247457758668,144.36,-38.147
26891,1973-08-19 00:00:00,0.0181851981109584,-0.1184328388729924,0.1548032350949093,144.36,-38.147
26892,1973-08-20 00:00:00,-0.0222930720369705,-0.1587848359220208,0.1141986918480797,144.36,-38.147
26893,1973-08-21 00:00:00,-0.0403696280411721,-0.1766064714904075,0.0958672154080633,144.36,-38.147
26894,1973-08-22 00:00:00,0.048694996010437,-0.0876863298336822,0.1850763218545562,144.36,-38.147
26895,1973-08-23 00:00:00,0.0599669453563054,-0.0763814680287398,0.1963153587413506,144.36,-38.147
26896,1973-08-24 00:00:00,0.0586614797259364,-0.0775554882720599,0.1948784477239328,144.36,-38.147
26897,1973-08-25 00:00:00,0.0452595039657919,-0.0909414159358853,0.1814604238674692,144.36,-38.147
26898,1973-08-26 00:00:00,0.0193567708963858,-0.1168372811951084,0.1555508229878801,144.36,-38.147
26899,1973-08-27 00:00:00,0.0028614390568176,-0.1340673905762198,0.1397902686898552,144.36,-38.147
26900,1973-08-28 00:00:00,0.1275182915913051,-0.010054723228121,0.2650913064107314,144.36,-38.147
26901,1973-08-29 00:00:00,0.1070958957003666,-0.0297742407217301,0.2439660321224635,144.36,-38.147
26902,1973-08-30 00:00:00,0.0768765768232708,-0.0594089355678625,0.2131620892144041,144.36,-38.147
26903,1973-08-31 00:00:00,-0.0143667520296644,-0.1506576089943217,0.1219241049349928,144.36,-38.147
26904,1973-09-01 00:00:00,0.0233418319779687,-0.1133074608199224,0.1599911247758599,144.36,-38.147
26905,1973-09-02 00:00:00,0.5095574774566134,0.3710374032149193,0.6480775516983075,144.36,-38.147
26906,1973-09-03 00:00:00,0.1854703917095587,0.0482183555933294,0.3227224278257881,144.36,-38.147
26907,1973-09-04 00:00:00,0.2768509608850416,0.1390869770570312,0.414614944713052,144.36,-38.147
26908,1973-09-05 00:00:00,0.2541924125545625,0.1166838550315164,0.3917009700776085,144.36,-38.147
26909,1973-09-06 00:00:00,0.1901301788113669,0.0531643992044955,0.3270959584182383,144.36,-38.147
26910,1973-09-07 00:00:00,0.0269248749315168,-0.1094512081161067,0.1633009579791405,144.36,-38.147
26911,1973-09-08 00:00:00,-0.0328541912082045,-0.1690676444252639,0.1033592620088548,144.36,-38.147
26912,1973-09-09 00:00:00,0.034203708958751,-0.1020280029734925,0.1704354208909946,144.36,-38.147
26913,1973-09-10 00:00:00,0.1110208568146715,-0.0253136024806649,0.247355316110008,144.36,-38.147
26914,1973-09-11 00:00:00,0.0205281941884514,-0.1157864802507114,0.1568428686276144,144.36,-38.147
26915,1973-09-12 00:00:00,0.1331354749757357,-0.0035016715079068,0.2697726214593783,144.36,-38.147
26916,1973-09-13 00:00:00,0.3751528355413632,0.2379862308296745,0.5123194402530518,144.36,-38.147
26917,1973-09-14 00:00:00,0.2294626717067849,0.0929934543759766,0.3659318890375932,144.36,-38.147
26918,1973-09-15 00:00:00,0.0449722152111113,-0.0914442508897312,0.181388681311954,144.36,-38.147
26919,1973-09-16 00:00:00,-0.0546041973658623,-0.190966914301104,0.0817585195693793,144.36,-38.147
26920,1973-09-17 00:00:00,0.0173615414902696,-0.118862749643454,0.1535858326239933,144.36,-38.147
26921,1973-09-18 00:00:00,0.0148629649618414,-0.1214083498276993,0.1511342797513821,144.36,-38.147
26922,1973-09-19 00:00:00,0.1840954650688624,0.0472832852572819,0.3209076448804429,144.36,-38.147
26923,1973-09-20 00:00:00,0.0764193731134603,-0.0601742321463874,0.2130129783733081,144.36,-38.147
26924,1973-09-21 00:00:00,0.0218599332396846,-0.1143816125736269,0.1581014790529962,144.36,-38.147
26925,1973-09-22 00:00:00,0.0508453677677232,-0.0854626447389587,0.1871533802744053,144.36,-38.147
26926,1973-09-23 00:00:00,-0.002472766448974,-0.1391105920760456,0.1341650591780975,144.36,-38.147
26927,1973-09-24 00:00:00,0.1908089780050246,0.054136627707699,0.3274813283023502,144.36,-38.147
26928,1973-09-25 00:00:00,0.0523649004613515,-0.0840895465252057,0.1888193474479088,144.36,-38.147
26929,1973-09-26 00:00:00,0.3185813982525145,0.1817082144582935,0.4554545820467355,144.36,-38.147
26930,1973-09-27 00:00:00,0.1767666921951454,0.0401658367452153,0.3133675476450756,144.36,-38.147
26931,1973-09-28 00:00:00,0.0878880984478239,-0.048522593823475,0.2242987907191229,144.36,-38.147
26932,1973-09-29 00:00:00,0.046815190159481,-0.0895164338770485,0.1831468141960107,144.36,-38.147
26933,1973-09-30 00:00:00,0.2015906961513997,0.0645304611198717,0.3386509311829278,144.36,-38.147
26934,1973-10-01 00:00:00,0.0880285452546693,-0.0490571597624293,0.2251142502717679,144.36,-38.147
26935,1973-10-02 00:00:00,-0.0129046068207711,-0.1492533572075741,0.1234441435660318,144.36,-38.147
26936,1973-10-03 00:00:00,-0.0148981064576992,-0.1511748348445817,0.1213786219291831,144.36,-38.147
26937,1973-10-04 00:00:00,0.0179582522728675,-0.1183230197211125,0.1542395242668477,144.36,-38.147
26938,1973-10-05 00:00:00,0.02371200184292,-0.1124736837192162,0.1598976874050563,144.36,-38.147
26939,1973-10-06 00:00:00,-0.0005177257039047,-0.1367359792411018,0.1357005278332923,144.36,-38.147
26940,1973-10-07 00:00:00,-0.0283360548254581,-0.1645692805460544,0.107897170895138,144.36,-38.147
26941,1973-10-08 00:00:00,-0.0256063622412244,-0.1618962629241885,0.1106835384417396,144.36,-38.147
26942,1973-10-09 00:00:00,0.1945394839826773,0.0581212483824459,0.3309577195829087,144.36,-38.147
26943,1973-10-10 00:00:00,0.1680952618859644,0.0317272613715121,0.3044632624004166,144.36,-38.147
26944,1973-10-11 00:00:00,0.1172001567943311,-0.0191469644372824,0.2535472780259447,144.36,-38.147
26945,1973-10-12 00:00:00,0.1037120061606527,-0.0326431213537597,0.2400671336750653,144.36,-38.147
26946,1973-10-13 00:00:00,0.0482884696509539,-0.0879655133011318,0.1845424526030397,144.36,-38.147
26947,1973-10-14 00:00:00,0.0536175030969384,-0.0826194698632891,0.1898544760571661,144.36,-38.147
26948,1973-10-15 00:00:00,0.0551955177332709,-0.0811943572217707,0.1915853926883126,144.36,-38.147
26949,1973-10-16 00:00:00,0.0864721928761271,-0.0502602032912178,0.2232045890434721,144.36,-38.147
26950,1973-10-17 00:00:00,0.1402274589721599,0.0036942658915295,0.2767606520527903,144.36,-38.147
26951,1973-10-18 00:00:00,0.0403378800715378,-0.0959653370692072,0.1766410972122829,144.36,-38.147
26952,1973-10-19 00:00:00,0.0537030266866758,-0.0826413550595928,0.1900474084329444,144.36,-38.147
26953,1973-10-20 00:00:00,0.2110658959991996,0.0740531088201676,0.3480786831782316,144.36,-38.147
26954,1973-10-21 00:00:00,0.1983803319534034,0.061708644702594,0.3350520192042128,144.36,-38.147
26955,1973-10-22 00:00:00,-0.0387719672230205,-0.1751882792794856,0.0976443448334445,144.36,-38.147
26956,1973-10-23 00:00:00,-0.0222426180750273,-0.1584194348188888,0.1139341986688341,144.36,-38.147
26957,1973-10-24 00:00:00,-0.0133156535605103,-0.1494832447144406,0.1228519375934199,144.36,-38.147
26958,1973-10-25 00:00:00,0.0067150588472198,-0.1294684141979198,0.1428985318923595,144.36,-38.147
26959,1973-10-26 00:00:00,0.015904927258935,-0.1203120881950299,0.1521219427129,144.36,-38.147
26960,1973-10-27 00:00:00,0.067974663604463,-0.0685522325744945,0.2045015597834205,144.36,-38.147
26961,1973-10-28 00:00:00,0.2368653447990374,0.1001312330495982,0.3735994565484766,144.36,-38.147
26962,1973-10-29 00:00:00,0.2733777526110316,0.1369510490721356,0.4098044561499275,144.36,-38.147
26963,1973-10-30 00:00:00,0.0783898540593824,-0.0579359098813042,0.2147156180000691,144.36,-38.147
26964,1973-10-31 00:00:00,0.1354024496013317,-0.0008415059444332,0.2716464051470966,144.36,-38.147
26965,1973-11-01 00:00:00,0.1814224946983583,0.0451506633413778,0.3176943260553387,144.36,-38.147
26966,1973-11-02 00:00:00,0.2289117282771225,0.0925398358758456,0.3652836206783995,144.36,-38.147
26967,1973-11-03 00:00:00,0.1100208676980482,-0.0262824244737936,0.24632415986989,144.36,-38.147
26968,1973-11-04 00:00:00,0.0874522690971465,-0.0488909568458519,0.223795495040145,144.36,-38.147
26969,1973-11-05 00:00:00,0.1131544422149127,-0.0237933885402112,0.2501022729700366,144.36,-38.147
26970,1973-11-06 00:00:00,0.0390761165366828,-0.0973842974365989,0.1755365305099647,144.36,-38.147
26971,1973-11-07 00:00:00,0.0860836054128019,-0.0501491380356763,0.2223163488612802,144.36,-38.147
26972,1973-11-08 00:00:00,0.0407654707248259,-0.0954135647307263,0.1769445061803783,144.36,-38.147
26973,1973-11-09 00:00:00,0.0268685392925052,-0.1093615724251469,0.1630986510101575,144.36,-38.147
26974,1973-11-10 00:00:00,0.2516737107751772,0.1152141846035715,0.3881332369467829,144.36,-38.147
26975,1973-11-11 00:00:00,0.100334110045254,-0.0360802152566621,0.2367484353471702,144.36,-38.147
26976,1973-11-12 00:00:00,0.360051235751289,0.2235960670626449,0.496506404439933,144.36,-38.147
26977,1973-11-13 00:00:00,0.2388689620567255,0.1021712114027934,0.3755667127106576,144.36,-38.147
26978,1973-11-14 00:00:00,0.0182838677971906,-0.1184234912543623,0.1549912268487437,144.36,-38.147
26979,1973-11-15 00:00:00,0.0194857711726678,-0.1168252799853545,0.1557968223306902,144.36,-38.147
26980,1973-11-16 00:00:00,0.0847612622107424,-0.051453106190575,0.2209756306120599,144.36,-38.147
26981,1973-11-17 00:00:00,0.1009710246697028,-0.0352812226796404,0.2372232720190461,144.36,-38.147
26982,1973-11-18 00:00:00,0.0878050027160917,-0.0484824674557506,0.224092472887934,144.36,-38.147
26983,1973-11-19 00:00:00,0.033114509267986,-0.1031359263930824,0.1693649449290544,144.36,-38.147
26984,1973-11-20 00:00:00,0.0493512102742202,-0.0874398623641221,0.1861422829125626,144.36,-38.147
26985,1973-11-21 00:00:00,0.0941407248163263,-0.0428221945028574,0.23110364413551,144.36,-38.147
26986,1973-11-22 00:00:00,0.0809579216824358,-0.0553237543728433,0.2172395977377151,144.36,-38.147
26987,1973-11-23 00:00:00,0.1034408212743855,-0.0328575932753698,0.2397392358241409,144.36,-38.147
26988,1973-11-24 00:00:00,0.0475685059699212,-0.0886802122474537,0.1838172241872963,144.36,-38.147
26989,1973-11-25 00:00:00,0.0436163811952464,-0.0926393326339738,0.1798720950244667,144.36,-38.147
26990,1973-11-26 00:00:00,0.0537034921578218,-0.0826608375928417,0.1900678219084854,144.36,-38.147
26991,1973-11-27 00:00:00,-0.0223168903813588,-0.1590975675575185,0.1144637867948008,144.36,-38.147
26992,1973-11-28 00:00:00,0.0133817887471024,-0.1234262298572979,0.1501898073515028,144.36,-38.147
26993,1973-11-29 00:00:00,0.0976704922213855,-0.0389961808897753,0.2343371653325464,144.36,-38.147
26994,1973-11-30 00:00:00,0.1299478929511655,-0.0064620719604261,0.2663578578627572,144.36,-38.147
26995,1973-12-01 00:00:00,0.0473016938940808,-0.0889906296480111,0.1835940174361728,144.36,-38.147
26996,1973-12-02 00:00:00,0.0410682080839747,-0.0959329049402584,0.1780693211082079,144.36,-38.147
26997,1973-12-03 00:00:00,0.6160689220500953,0.4775598993057217,0.7545779447944689,144.36,-38.147
26998,1973-12-04 00:00:00,0.0720643251701922,-0.0658707261484989,0.2099993764888835,144.36,-38.147
26999,1973-12-05 00:00:00,0.0566756004756769,-0.079566705505757,0.1929179064571109,144.36,-38.147
27000,1973-12-06 00:00:00,0.1682012989948149,0.0318537511989217,0.3045488467907081,144.36,-38.147
27001,1973-12-07 00:00:00,0.1633622253303717,0.0269365308938067,0.2997879197669368,144.36,-38.147
27002,1973-12-08 00:00:00,0.0167258713302884,-0.1195471612846011,0.152998903945178,144.36,-38.147
27003,1973-12-09 00:00:00,-0.0662813726026229,-0.2025901137294191,0.0700273685241732,144.36,-38.147
27004,1973-12-10 00:00:00,-0.0004515831026573,-0.1367356814573617,0.135832515252047,144.36,-38.147
27005,1973-12-11 00:00:00,0.0265050385272666,-0.1097005433940649,0.1627106204485983,144.36,-38.147
27006,1973-12-12 00:00:00,0.0130871435271628,-0.1230823926663686,0.1492566797206944,144.36,-38.147
27007,1973-12-13 00:00:00,0.0197111035989348,-0.1165029980365908,0.1559252052344605,144.36,-38.147
27008,1973-12-14 00:00:00,0.0366821981002538,-0.0997769514612229,0.1731413476617306,144.36,-38.147
27009,1973-12-15 00:00:00,0.1723497125371053,0.0359146290000467,0.3087847960741638,144.36,-38.147
27010,1973-12-16 00:00:00,0.1157971639401179,-0.0204179162349257,0.2520122441151616,144.36,-38.147
27011,1973-12-17 00:00:00,0.095304544360927,-0.0409432976309955,0.2315523863528495,144.36,-38.147
27012,1973-12-18 00:00:00,0.0197480351485001,-0.1164565037611789,0.1559525740581792,144.36,-38.147
27013,1973-12-19 00:00:00,0.0469154002014456,-0.0892781778049468,0.183108978207838,144.36,-38.147
27014,1973-12-20 00:00:00,0.0312440016048721,-0.1049779458385909,0.1674659490483353,144.36,-38.147
27015,1973-12-21 00:00:00,0.0418435867022139,-0.0954506023448505,0.1791377757492784,144.36,-38.147
27016,1973-12-22 00:00:00,0.5972079239056779,0.4563235141403329,0.7380923336710229,144.36,-38.147
27017,1973-12-23 00:00:00,0.144996230546056,0.0075406195021195,0.2824518415899926,144.36,-38.147
27018,1973-12-24 00:00:00,0.0290305967960589,-0.1072704898313253,0.1653316834234431,144.36,-38.147
27019,1973-12-25 00:00:00,0.1399047330772122,0.0035707407558674,0.276238725398557,144.36,-38.147
27020,1973-12-26 00:00:00,0.0779930341301634,-0.0583835178603851,0.214369586120712,144.36,-38.147
27021,1973-12-27 00:00:00,0.0119544925773799,-0.124375643757785,0.1482846289125449,144.36,-38.147
27022,1973-12-28 00:00:00,0.1576467650638356,0.0212601089071065,0.2940334212205648,144.36,-38.147
27023,1973-12-29 00:00:00,0.0674024236022887,-0.0689095043206324,0.2037143515252099,144.36,-38.147
27024,1973-12-30 00:00:00,0.0969945907353139,-0.0398222253186682,0.2338114067892961,144.36,-38.147
27025,1973-12-31 00:00:00,0.3004018290278507,0.1630522927747394,0.437751365280962,144.36,-38.147
27026,1974-01-01 00:00:00,0.1484290758768142,0.0120345666170109,0.2848235851366175,144.36,-38.147
27027,1974-01-02 00:00:00,0.1418956827987645,0.0054947480490383,0.2782966175484908,144.36,-38.147
27028,1974-01-03 00:00:00,0.036779660666454,-0.0996576160903768,0.1732169374232849,144.36,-38.147
27029,1974-01-04 00:00:00,0.130934298064591,-0.0060599650210953,0.2679285611502774,144.36,-38.147
27030,1974-01-05 00:00:00,0.1819040486558327,0.0449757939143292,0.3188323033973362,144.36,-38.147
27031,1974-01-06 00:00:00,0.1350735006035622,-0.0012035304208054,0.27135053162793,144.36,-38.147
27032,1974-01-07 00:00:00,0.0898806097328212,-0.0466537187949396,0.2264149382605821,144.36,-38.147
27033,1974-01-08 00:00:00,-0.0374137820009742,-0.1742673250019386,0.0994397609999901,144.36,-38.147
27034,1974-01-09 00:00:00,0.0120622210866295,-0.1250165249266231,0.1491409670998822,144.36,-38.147
27035,1974-01-10 00:00:00,0.1128220753718661,-0.0240119089003135,0.2496560596440458,144.36,-38.147
27036,1974-01-11 00:00:00,0.0626678428927342,-0.0746740595328173,0.2000097453182858,144.36,-38.147
27037,1974-01-12 00:00:00,-0.0417686688006095,-0.1797539996395827,0.0962166620383636,144.36,-38.147
27038,1974-01-13 00:00:00,0.03697609832732,-0.0999962208906602,0.1739484175453004,144.36,-38.147
27039,1974-01-14 00:00:00,0.0692122696230479,-0.067278301233554,0.2057028404796499,144.36,-38.147
27040,1974-01-15 00:00:00,0.0841580637236791,-0.0524083865123171,0.2207245139596754,144.36,-38.147
27041,1974-01-16 00:00:00,0.0266896994838218,-0.1098254841998925,0.1632048831675363,144.36,-38.147
27042,1974-01-17 00:00:00,0.1129194699838109,-0.0234468553744875,0.2492857953421094,144.36,-38.147
27043,1974-01-18 00:00:00,0.0539233025165789,-0.082834251615544,0.1906808566487019,144.36,-38.147
27044,1974-01-19 00:00:00,-0.0216140512552304,-0.1582191150550018,0.1149910125445408,144.36,-38.147
27045,1974-01-20 00:00:00,0.1166160632238946,-0.0197707704914422,0.2530028969392316,144.36,-38.147
27046,1974-01-21 00:00:00,0.1339444907620766,-0.002383510940862,0.2702724924650153,144.36,-38.147
27047,1974-01-22 00:00:00,0.0696691289975034,-0.0665613064641632,0.2058995644591702,144.36,-38.147
27048,1974-01-23 00:00:00,0.0338980375890503,-0.1024643493728505,0.1702604245509512,144.36,-38.147
27049,1974-01-24 00:00:00,-0.0046729858413131,-0.1410769333904386,0.1317309617078123,144.36,-38.147
27050,1974-01-25 00:00:00,0.073190334478574,-0.0631876625198176,0.2095683314769656,144.36,-38.147
27051,1974-01-26 00:00:00,0.0411058653791376,-0.0952269840096858,0.1774387147679611,144.36,-38.147
27052,1974-01-27 00:00:00,0.0094965889753377,-0.12710175625383,0.1460949342045055,144.36,-38.147
27053,1974-01-28 00:00:00,0.0533227680080621,-0.0834767776452206,0.190122313661345,144.36,-38.147
27054,1974-01-29 00:00:00,0.0557686710752085,-0.0808296142130472,0.1923669563634644,144.36,-38.147
27055,1974-01-30 00:00:00,0.053432823544453,-0.0831303657257683,0.1899960128146743,144.36,-38.147
27056,1974-01-31 00:00:00,0.0491671852415116,-0.0876707371860384,0.1860051076690617,144.36,-38.147
27057,1974-02-01 00:00:00,0.1561660116047196,0.0193106021639688,0.2930214210454704,144.36,-38.147
27058,1974-02-02 00:00:00,0.2466808008175107,0.1099286270641137,0.3834329745709077,144.36,-38.147
27059,1974-02-03 00:00:00,0.0277672259657558,-0.1086836611542758,0.1642181130857876,144.36,-38.147
27060,1974-02-04 00:00:00,-0.0181441550043308,-0.1543814668437763,0.1180931568351146,144.36,-38.147
27061,1974-02-05 00:00:00,0.0881882820426264,-0.0480861694388846,0.2244627335241375,144.36,-38.147
27062,1974-02-06 00:00:00,0.2089959538049328,0.0724226349984515,0.3455692726114142,144.36,-38.147
27063,1974-02-07 00:00:00,0.1062868928305081,-0.0302609303757181,0.2428347160367344,144.36,-38.147
27064,1974-02-08 00:00:00,0.040502957909814,-0.0957387756694111,0.1767446914890393,144.36,-38.147
27065,1974-02-09 00:00:00,-0.0318612165174768,-0.1682195765511628,0.1044971435162091,144.36,-38.147
27066,1974-02-10 00:00:00,-0.0085812906060095,-0.1448212033016046,0.1276586220895856,144.36,-38.147
27067,1974-02-11 00:00:00,0.0545403514664112,-0.0817504461189054,0.1908311490517278,144.36,-38.147
27068,1974-02-12 00:00:00,0.1471423382872781,0.0107825335395822,0.2835021430349741,144.36,-38.147
27069,1974-02-13 00:00:00,0.0996056436669726,-0.0366219098446154,0.2358331971785608,144.36,-38.147
27070,1974-02-14 00:00:00,0.0368793628647875,-0.0994427510208668,0.1732014767504419,144.36,-38.147
27071,1974-02-15 00:00:00,-0.0283736238777208,-0.1650635248630512,0.1083162771076095,144.36,-38.147
27072,1974-02-16 00:00:00,0.0050420469218299,-0.1314300651836464,0.1415141590273064,144.36,-38.147
27073,1974-02-17 00:00:00,0.0625391465511339,-0.0737485705146681,0.198826863616936,144.36,-38.147
27074,1974-02-18 00:00:00,0.18110998965606,0.0447223956880186,0.3174975836241014,144.36,-38.147
27075,1974-02-19 00:00:00,0.0392484474643241,-0.0971169652194169,0.1756138601480653,144.36,-38.147
27076,1974-02-20 00:00:00,0.0254792271081681,-0.1110410225761881,0.1619994767925245,144.36,-38.147
27077,1974-02-21 00:00:00,-0.0048774775462971,-0.1412773579408784,0.1315224028482841,144.36,-38.147
27078,1974-02-22 00:00:00,0.1473403158588214,0.0109423375432521,0.2837382941743906,144.36,-38.147
27079,1974-02-23 00:00:00,0.1157781571519835,-0.0206087887819025,0.2521651030858696,144.36,-38.147
27080,1974-02-24 00:00:00,0.0506366256216329,-0.0856119967878538,0.1868852480311197,144.36,-38.147
27081,1974-02-25 00:00:00,0.0444249340067028,-0.0918158857084626,0.1806657537218683,144.36,-38.147
27082,1974-02-26 00:00:00,0.0211518511277784,-0.1151308832855035,0.1574345855410605,144.36,-38.147
27083,1974-02-27 00:00:00,0.0228067745706791,-0.1134264472995534,0.1590399964409117,144.36,-38.147
27084,1974-02-28 00:00:00,0.0077256059109841,-0.1284966403847383,0.1439478522067066,144.36,-38.147
27085,1974-03-01 00:00:00,0.0158556313149551,-0.1203487751174596,0.1520600377473698,144.36,-38.147
27086,1974-03-02 00:00:00,0.0400257411285736,-0.0962290942936128,0.1762805765507601,144.36,-38.147
27087,1974-03-03 00:00:00,0.1068307592050034,-0.0294623650428545,0.2431238834528614,144.36,-38.147
27088,1974-03-04 00:00:00,0.0358775250918985,-0.100410179788479,0.1721652299722761,144.36,-38.147
27089,1974-03-05 00:00:00,0.065419034786736,-0.0707973916124104,0.2016354611858824,144.36,-38.147
27090,1974-03-06 00:00:00,0.0467771398271821,-0.0894934090644391,0.1830476887188035,144.36,-38.147
27091,1974-03-07 00:00:00,0.0301265499099969,-0.1061831777462269,0.1664362775662208,144.36,-38.147
27092,1974-03-08 00:00:00,0.0201964928717912,-0.1160491001625576,0.1564420859061401,144.36,-38.147
27093,1974-03-09 00:00:00,0.0543129313096018,-0.0819564790306252,0.1905823416498289,144.36,-38.147
27094,1974-03-10 00:00:00,0.0349699403077933,-0.1012908940441726,0.1712307746597592,144.36,-38.147
27095,1974-03-11 00:00:00,0.0456010735645879,-0.090669752764783,0.1818718998939589,144.36,-38.147
27096,1974-03-12 00:00:00,0.0862336605805662,-0.0501484559782291,0.2226157771393616,144.36,-38.147
27097,1974-03-13 00:00:00,0.1778241672071114,0.0410239430356445,0.3146243913785783,144.36,-38.147
27098,1974-03-14 00:00:00,0.076059708838292,-0.0611758462083795,0.2132952638849635,144.36,-38.147
27099,1974-03-15 00:00:00,0.0296415089632475,-0.1077814593162081,0.1670644772427031,144.36,-38.147
27100,1974-03-16 00:00:00,-0.0406902196147156,-0.1770427616271426,0.0956623223977112,144.36,-38.147
27101,1974-03-17 00:00:00,-0.0128099472253793,-0.1490180301991844,0.1233981357484256,144.36,-38.147
27102,1974-03-18 00:00:00,0.0107232725259792,-0.1254847338357454,0.1469312788877038,144.36,-38.147
27103,1974-03-19 00:00:00,0.0298853837589758,-0.1063692471290564,0.166140014647008,144.36,-38.147
27104,1974-03-20 00:00:00,0.0178382313029679,-0.1183676004453751,0.154044063051311,144.36,-38.147
27105,1974-03-21 00:00:00,0.0166991549957839,-0.1194803304488689,0.1528786404404369,144.36,-38.147
27106,1974-03-22 00:00:00,0.0722870311613687,-0.0639171306265458,0.2084911929492833,144.36,-38.147
27107,1974-03-23 00:00:00,0.0596672912566775,-0.0765622618587577,0.1958968443721128,144.36,-38.147
27108,1974-03-24 00:00:00,0.0072998149997694,-0.1289927283614316,0.1435923583609706,144.36,-38.147
27109,1974-03-25 00:00:00,0.0153059427414879,-0.1209257271114877,0.1515376125944636,144.36,-38.147
27110,1974-03-26 00:00:00,0.0011950652540599,-0.1350194155343602,0.1374095460424802,144.36,-38.147
27111,1974-03-27 00:00:00,0.0030812764124814,-0.133141638162494,0.1393041909874569,144.36,-38.147
27112,1974-03-28 00:00:00,0.0377971666200992,-0.0984267579839444,0.174021091224143,144.36,-38.147
27113,1974-03-29 00:00:00,0.0762656871307113,-0.060204247293872,0.2127356215552947,144.36,-38.147
27114,1974-03-30 00:00:00,0.0236342946377474,-0.1128202216987082,0.1600888109742032,144.36,-38.147
27115,1974-03-31 00:00:00,-0.0318832640928279,-0.1681277988987436,0.1043612707130878,144.36,-38.147
27116,1974-04-01 00:00:00,0.1752189488943114,0.0386751570171702,0.3117627407714526,144.36,-38.147
27117,1974-04-02 00:00:00,0.1531472559039829,0.0168319703502247,0.2894625414577412,144.36,-38.147
27118,1974-04-03 00:00:00,0.2377274012514479,0.1012381692144317,0.3742166332884641,144.36,-38.147
27119,1974-04-04 00:00:00,0.1693178719532357,0.0324749829125857,0.3061607609938857,144.36,-38.147
27120,1974-04-05 00:00:00,0.0089054352663811,-0.1273560557961579,0.1451669263289203,144.36,-38.147
27121,1974-04-06 00:00:00,0.0577707253166124,-0.0785303417752251,0.1940717924084501,144.36,-38.147
27122,1974-04-07 00:00:00,0.1443729408590258,0.0080156510071797,0.280730230710872,144.36,-38.147
27123,1974-04-08 00:00:00,0.0779503462047905,-0.0582709873437321,0.2141716797533133,144.36,-38.147
27124,1974-04-09 00:00:00,0.0218673681665717,-0.1143569627939578,0.1580916991271013,144.36,-38.147
27125,1974-04-10 00:00:00,-0.0235720083724827,-0.1602606324353305,0.113116615690365,144.36,-38.147
27126,1974-04-11 00:00:00,0.0444743822205901,-0.0922285719162164,0.1811773363573966,144.36,-38.147
27127,1974-04-12 00:00:00,0.0029361911784608,-0.1344990806971194,0.1403714630540411,144.36,-38.147
27128,1974-04-13 00:00:00,-0.0044758466815218,-0.1416002741424605,0.1326485807794169,144.36,-38.147
27129,1974-04-14 00:00:00,-0.0154226318805402,-0.1517342630275514,0.120888999266471,144.36,-38.147
27130,1974-04-15 00:00:00,-0.0048224934054253,-0.1410075409146639,0.1313625541038132,144.36,-38.147
27131,1974-04-16 00:00:00,0.0355883042712789,-0.100605056407917,0.1717816649504749,144.36,-38.147
27132,1974-04-17 00:00:00,0.0670318368241562,-0.0691883121587682,0.2032519858070807,144.36,-38.147
27133,1974-04-18 00:00:00,0.0687804450291334,-0.0675103386176464,0.2050712286759132,144.36,-38.147
27134,1974-04-19 00:00:00,-0.0246204821884949,-0.1610751694521115,0.1118342050751215,144.36,-38.147
27135,1974-04-20 00:00:00,-0.0373874244851182,-0.1744145167282595,0.0996396677580231,144.36,-38.147
27136,1974-04-21 00:00:00,-0.0111155267781343,-0.1480073451662619,0.1257762916099931,144.36,-38.147
27137,1974-04-22 00:00:00,-0.0002931637706677,-0.1367700369187776,0.1361837093774422,144.36,-38.147
27138,1974-04-23 00:00:00,0.0265001441615067,-0.1098846359834065,0.1628849243064199,144.36,-38.147
27139,1974-04-24 00:00:00,0.0710801035491052,-0.0652062243342822,0.2073664314324927,144.36,-38.147
27140,1974-04-25 00:00:00,0.0548420764021367,-0.0814508234048942,0.1911349762091678,144.36,-38.147
27141,1974-04-26 00:00:00,0.0400070736310918,-0.0962246326954243,0.176238779957608,144.36,-38.147
27142,1974-04-27 00:00:00,0.0579699624283156,-0.0782634259851501,0.1942033508417814,144.36,-38.147
27143,1974-04-28 00:00:00,0.0875807760375047,-0.0486726401170164,0.223834192192026,144.36,-38.147
27144,1974-04-29 00:00:00,0.0993320049915968,-0.0370270892946404,0.2356910992778341,144.36,-38.147
27145,1974-04-30 00:00:00,0.3282469485218925,0.1908105228227168,0.4656833742210683,144.36,-38.147
27146,1974-05-01 00:00:00,0.0593155199707616,-0.0785683350735599,0.1971993750150832,144.36,-38.147
27147,1974-05-02 00:00:00,-0.0984612216854181,-0.2356235577981094,0.038701114427273,144.36,-38.147
27148,1974-05-03 00:00:00,-0.0414374345189825,-0.177739872546455,0.09486500350849,144.36,-38.147
27149,1974-05-04 00:00:00,-0.0262092567231987,-0.1624655736391284,0.1100470601927309,144.36,-38.147
27150,1974-05-05 00:00:00,0.0295030361495615,-0.1067580104542352,0.1657640827533583,144.36,-38.147
27151,1974-05-06 00:00:00,0.0712869128856445,-0.0649774877769693,0.2075513135482583,144.36,-38.147
27152,1974-05-07 00:00:00,0.0359476710712543,-0.1003315918657054,0.1722269340082141,144.36,-38.147
27153,1974-05-08 00:00:00,-0.0224585141734731,-0.1586845058167519,0.1137674774698055,144.36,-38.147
27154,1974-05-09 00:00:00,-0.0006185518655761,-0.1368402181395657,0.1356031144084134,144.36,-38.147
27155,1974-05-10 00:00:00,0.0734610295015411,-0.0627902665369742,0.2097123255400564,144.36,-38.147
27156,1974-05-11 00:00:00,0.1320206206453366,-0.0042348427128859,0.2682760840035592,144.36,-38.147
27157,1974-05-12 00:00:00,0.0538670275028674,-0.0823361209944596,0.1900701760001944,144.36,-38.147
27158,1974-05-13 00:00:00,0.036965476903739,-0.0994087660927457,0.1733397199002239,144.36,-38.147
27159,1974-05-14 00:00:00,0.149020986386527,0.0125806239767621,0.285461348796292,144.36,-38.147
27160,1974-05-15 00:00:00,0.1284393671337058,-0.008036621357642,0.2649153556250537,144.36,-38.147
27161,1974-05-16 00:00:00,0.0471146682917219,-0.089460369613089,0.183689706196533,144.36,-38.147
27162,1974-05-17 00:00:00,-0.0317493410692729,-0.1680630004128975,0.1045643182743517,144.36,-38.147
27163,1974-05-18 00:00:00,-0.0376131300120359,-0.1738599066779151,0.0986336466538431,144.36,-38.147
27164,1974-05-19 00:00:00,-0.0227673704810316,-0.1589552481599785,0.1134205071979152,144.36,-38.147
27165,1974-05-20 00:00:00,0.0175758936018835,-0.1186392253405923,0.1537910125443593,144.36,-38.147
27166,1974-05-21 00:00:00,0.057444250841102,-0.0787900614544302,0.1936785631366344,144.36,-38.147
27167,1974-05-22 00:00:00,0.1028408738942049,-0.0334988980683334,0.2391806458567434,144.36,-38.147
27168,1974-05-23 00:00:00,0.0490757099300414,-0.0873733073262633,0.1855247271863463,144.36,-38.147
27169,1974-05-24 00:00:00,-0.0077874898906574,-0.1443029185715011,0.1287279387901862,144.36,-38.147
27170,1974-05-25 00:00:00,-0.0045595737542151,-0.1412017484064449,0.1320826008980145,144.36,-38.147
27171,1974-05-26 00:00:00,-0.0300301780613683,-0.1670339205269287,0.106973564404192,144.36,-38.147
27172,1974-05-27 00:00:00,-0.0638808632616291,-0.2005759125666597,0.0728141860434014,144.36,-38.147
27173,1974-05-28 00:00:00,-0.0207012196736869,-0.1570905558370595,0.1156881164896856,144.36,-38.147
27174,1974-05-29 00:00:00,0.0331592609596794,-0.1030510631317613,0.1693695850511202,144.36,-38.147
27175,1974-05-30 00:00:00,0.0609294319687174,-0.0752901081725896,0.1971489721100245,144.36,-38.147
27176,1974-05-31 00:00:00,0.0770657440285972,-0.0592311609341748,0.2133626489913693,144.36,-38.147
27177,1974-06-01 00:00:00,0.0683140242366927,-0.0680313740020971,0.2046594224754826,144.36,-38.147
27178,1974-06-02 00:00:00,0.0322175421924622,-0.1040309014726508,0.1684659858575752,144.36,-38.147
27179,1974-06-03 00:00:00,0.0453280314918146,-0.0910299333912446,0.1816859963748738,144.36,-38.147
27180,1974-06-04 00:00:00,0.0641825848079795,-0.0721105856022775,0.2004757552182365,144.36,-38.147
27181,1974-06-05 00:00:00,0.0201527872941366,-0.1160866799865176,0.1563922545747909,144.36,-38.147
27182,1974-06-06 00:00:00,0.1047070546073071,-0.0316004515012215,0.2410145607158358,144.36,-38.147
27183,1974-06-07 00:00:00,0.1179813695435346,-0.0185331795914426,0.2544959186785119,144.36,-38.147
27184,1974-06-08 00:00:00,0.0646865738117146,-0.0724241589947515,0.2017973066181808,144.36,-38.147
27185,1974-06-09 00:00:00,-0.0445611437364506,-0.1834436834734274,0.0943213960005261,144.36,-38.147
27186,1974-06-10 00:00:00,-0.164659149232164,-0.3028862862287145,-0.0264320122356136,144.36,-38.147
27187,1974-06-11 00:00:00,-0.0669339536143791,-0.2042025791735714,0.0703346719448131,144.36,-38.147
27188,1974-06-12 00:00:00,-0.0310938918757543,-0.1675705099652692,0.1053827262137604,144.36,-38.147
27189,1974-06-13 00:00:00,-0.0386255680805073,-0.1748655803299895,0.0976144441689749,144.36,-38.147
27190,1974-06-14 00:00:00,0.0027620305051444,-0.1334612619429695,0.1389853229532585,144.36,-38.147
27191,1974-06-15 00:00:00,0.0316484942237869,-0.1045956807829783,0.1678926692305523,144.36,-38.147
27192,1974-06-16 00:00:00,0.0381577370722693,-0.0980815179470028,0.1743969920915416,144.36,-38.147
27193,1974-06-17 00:00:00,0.0356753510171823,-0.1005582835597967,0.1719089855941614,144.36,-38.147
27194,1974-06-18 00:00:00,0.0470746109162811,-0.0892441257269226,0.183393347559485,144.36,-38.147
27195,1974-06-19 00:00:00,0.1213002169381943,-0.0155640111860423,0.2581644450624311,144.36,-38.147
27196,1974-06-20 00:00:00,0.3143538498384621,0.1767933108329191,0.451914388844005,144.36,-38.147
27197,1974-06-21 00:00:00,0.0789872738901572,-0.0580645994558617,0.2160391472361763,144.36,-38.147
27198,1974-06-22 00:00:00,0.0830783287421504,-0.0534838843619195,0.2196405418462204,144.36,-38.147
27199,1974-06-23 00:00:00,0.0340128991140762,-0.1022337629110225,0.1702595611391751,144.36,-38.147
27200,1974-06-24 00:00:00,0.0452282441778305,-0.0909789114538834,0.1814353998095445,144.36,-38.147
27201,1974-06-25 00:00:00,0.0538029947344772,-0.0824203739230595,0.1900263633920141,144.36,-38.147
27202,1974-06-26 00:00:00,0.0767494759664351,-0.0594905699968756,0.2129895219297459,144.36,-38.147
27203,1974-06-27 00:00:00,0.1043814882471505,-0.0318788818087254,0.2406418583030265,144.36,-38.147
27204,1974-06-28 00:00:00,0.1270013288084906,-0.0093031681853243,0.2633058258023055,144.36,-38.147
27205,1974-06-29 00:00:00,0.1778851438338524,0.0413617214058735,0.3144085662618312,144.36,-38.147
27206,1974-06-30 00:00:00,0.1793286513850858,0.0428648038460427,0.315792498924129,144.36,-38.147
27207,1974-07-01 00:00:00,0.1681921971065552,0.0318444169435499,0.3045399772695604,144.36,-38.147
27208,1974-07-02 00:00:00,0.0586817124453005,-0.0778422931397166,0.1952057180303177,144.36,-38.147
27209,1974-07-03 00:00:00,-0.0255712979330088,-0.1621009515344632,0.1109583556684454,144.36,-38.147
27210,1974-07-04 00:00:00,0.0238765955777884,-0.1124148807449764,0.1601680719005533,144.36,-38.147
27211,1974-07-05 00:00:00,0.1100294280448767,-0.0264391807262276,0.246498036815981,144.36,-38.147
27212,1974-07-06 00:00:00,0.2032293663252371,0.0668050359720441,0.33965369667843,144.36,-38.147
27213,1974-07-07 00:00:00,0.1658348615744406,0.029259192469785,0.3024105306790962,144.36,-38.147
27214,1974-07-08 00:00:00,0.1545345311751461,0.0162439006035816,0.2928251617467107,144.36,-38.147
27215,1974-07-09 00:00:00,0.0619768960318561,-0.0761712022109389,0.2001249942746512,144.36,-38.147
27216,1974-07-10 00:00:00,0.0338153573727266,-0.1025021232067389,0.1701328379521923,144.36,-38.147
27217,1974-07-11 00:00:00,0.0177053891187198,-0.1185911062688619,0.1540018845063016,144.36,-38.147
27218,1974-07-12 00:00:00,-0.01420679717474,-0.1504721222606332,0.122058527911153,144.36,-38.147
27219,1974-07-13 00:00:00,0.1189367908284203,-0.0174077161334755,0.2552812977903161,144.36,-38.147
27220,1974-07-14 00:00:00,0.0575814030031298,-0.0787505909426172,0.1939133969488769,144.36,-38.147
27221,1974-07-15 00:00:00,0.1773434797657015,0.0409081630737562,0.3137787964576468,144.36,-38.147
27222,1974-07-16 00:00:00,0.2145189996308593,0.0781548038207547,0.3508831954409639,144.36,-38.147
27223,1974-07-17 00:00:00,0.0958666245880641,-0.0408602374327774,0.2325934866089057,144.36,-38.147
27224,1974-07-18 00:00:00,0.3517953912282673,0.2143679685488973,0.4892228139076373,144.36,-38.147
27225,1974-07-19 00:00:00,0.4292956884815827,0.2917409849352563,0.5668503920279091,144.36,-38.147
27226,1974-07-20 00:00:00,0.3425492808236197,0.2043032531768264,0.4807953084704129,144.36,-38.147
27227,1974-07-21 00:00:00,0.4359379444691295,0.2975143257674517,0.5743615631708072,144.36,-38.147
27228,1974-07-22 00:00:00,0.2147811388604029,0.0767526218199279,0.3528096559008779,144.36,-38.147
27229,1974-07-23 00:00:00,0.1923129226462167,0.0553058602835594,0.3293199850088739,144.36,-38.147
27230,1974-07-24 00:00:00,0.0982825054337274,-0.0381629129562086,0.2347279238236636,144.36,-38.147
27231,1974-07-25 00:00:00,0.0280277056946781,-0.1087743381613556,0.1648297495507118,144.36,-38.147
27232,1974-07-26 00:00:00,0.3185561102843683,0.1812047703019466,0.45590745026679,144.36,-38.147
27233,1974-07-27 00:00:00,0.1899899477842124,0.0518771715106115,0.3281027240578132,144.36,-38.147
27234,1974-07-28 00:00:00,-0.0005103993316742,-0.1376008175279508,0.1365800188646023,144.36,-38.147
27235,1974-07-29 00:00:00,-0.0169408432826581,-0.1532276860281486,0.1193459994628323,144.36,-38.147
27236,1974-07-30 00:00:00,0.008962100257537,-0.12741811513498,0.1453423156500541,144.36,-38.147
27237,1974-07-31 00:00:00,0.3099839246244382,0.172955697331876,0.4470121519170004,144.36,-38.147
27238,1974-08-01 00:00:00,0.2396856714588047,0.1031494156386143,0.3762219272789952,144.36,-38.147
27239,1974-08-02 00:00:00,0.0758190667439829,-0.060505534845007,0.2121436683329728,144.36,-38.147
27240,1974-08-03 00:00:00,0.3426121676455218,0.2059021370305531,0.4793221982604905,144.36,-38.147
27241,1974-08-04 00:00:00,0.3505236578102605,0.2117945817230398,0.4892527338974813,144.36,-38.147
27242,1974-08-05 00:00:00,-0.0550136869120668,-0.193343864603798,0.0833164907796644,144.36,-38.147
27243,1974-08-06 00:00:00,-0.070701193233491,-0.2077466256700582,0.0663442392030761,144.36,-38.147
27244,1974-08-07 00:00:00,0.1525436049916047,0.0161105002424546,0.2889767097407547,144.36,-38.147
27245,1974-08-08 00:00:00,0.246295489347825,0.1098098272122508,0.3827811514833993,144.36,-38.147
27246,1974-08-09 00:00:00,0.1729371567087754,0.0364353118733831,0.3094390015441677,144.36,-38.147
27247,1974-08-10 00:00:00,0.0808413161994418,-0.0554502441307269,0.2171328765296106,144.36,-38.147
27248,1974-08-11 00:00:00,0.2650543481796434,0.1283767738232926,0.4017319225359942,144.36,-38.147
27249,1974-08-12 00:00:00,0.0720862497564332,-0.0643308699837961,0.2085033694966627,144.36,-38.147
27250,1974-08-13 00:00:00,0.0150157089439802,-0.121333890695672,0.1513653085836325,144.36,-38.147
27251,1974-08-14 00:00:00,0.2786920511744137,0.1418812344075046,0.4155028679413229,144.36,-38.147
27252,1974-08-15 00:00:00,0.3414495282678521,0.2038038178092797,0.4790952387264244,144.36,-38.147
27253,1974-08-16 00:00:00,0.2184957862917246,0.0803485831208243,0.3566429894626248,144.36,-38.147
27254,1974-08-17 00:00:00,0.122186016125987,-0.0144893431474616,0.2588613753994356,144.36,-38.147
27255,1974-08-18 00:00:00,0.0534061496395916,-0.0833041484063987,0.190116447685582,144.36,-38.147
27256,1974-08-19 00:00:00,0.2109469236820304,0.0740987804310605,0.3477950669330002,144.36,-38.147
27257,1974-08-20 00:00:00,0.1821297430083404,0.0459152562067313,0.3183442298099496,144.36,-38.147
27258,1974-08-21 00:00:00,0.0777032274664017,-0.0585774709449901,0.2139839258777935,144.36,-38.147
27259,1974-08-22 00:00:00,0.0327156345522939,-0.1035701419481874,0.1690014110527753,144.36,-38.147
27260,1974-08-23 00:00:00,0.0192706988559137,-0.1169826688868728,0.1555240665987003,144.36,-38.147
27261,1974-08-24 00:00:00,0.0176482474471478,-0.1185811541024314,0.153877648996727,144.36,-38.147
27262,1974-08-25 00:00:00,0.0181703340454654,-0.1180874168791468,0.1544280849700777,144.36,-38.147
27263,1974-08-26 00:00:00,-0.0244199064897326,-0.1608173296695386,0.1119775166900733,144.36,-38.147
27264,1974-08-27 00:00:00,-0.0282727049446838,-0.1649992849965579,0.1084538751071902,144.36,-38.147
27265,1974-08-28 00:00:00,-0.0049444269112001,-0.1418006471296495,0.1319117933072491,144.36,-38.147
27266,1974-08-29 00:00:00,0.040925240481698,-0.0955584408375044,0.1774089218009005,144.36,-38.147
27267,1974-08-30 00:00:00,0.0637555093696384,-0.072508829473899,0.2000198482131758,144.36,-38.147
27268,1974-08-31 00:00:00,0.106551941845461,-0.0297003405919721,0.2428042242828942,144.36,-38.147
27269,1974-09-01 00:00:00,0.1213302907226551,-0.0149493775309924,0.2576099589763028,144.36,-38.147
27270,1974-09-02 00:00:00,0.088922076170394,-0.047441416644938,0.2252855689857261,144.36,-38.147
27271,1974-09-03 00:00:00,0.0069279187438063,-0.1293378622881895,0.1431936997758022,144.36,-38.147
27272,1974-09-04 00:00:00,0.09160708611822,-0.044872552555684,0.2280867247921242,144.36,-38.147
27273,1974-09-05 00:00:00,0.3610914991203789,0.2244275960907252,0.4977554021500326,144.36,-38.147
27274,1974-09-06 00:00:00,0.1356695746528277,-0.000899658328118,0.2722388076337735,144.36,-38.147
27275,1974-09-07 00:00:00,0.0881893610953387,-0.0482075225548764,0.2245862447455538,144.36,-38.147
27276,1974-09-08 00:00:00,0.1111420259733101,-0.0251610769992332,0.2474451289458535,144.36,-38.147
27277,1974-09-09 00:00:00,0.0472910399564237,-0.0889555213690888,0.1835376012819363,144.36,-38.147
27278,1974-09-10 00:00:00,0.0385732336453085,-0.0976840349486914,0.1748305022393085,144.36,-38.147
27279,1974-09-11 00:00:00,0.0838552057607109,-0.052362880749032,0.220073292270454,144.36,-38.147
27280,1974-09-12 00:00:00,0.1266551598388292,-0.0096077040769738,0.2629180237546322,144.36,-38.147
27281,1974-09-13 00:00:00,0.3819681287823268,0.2450099958806685,0.5189262616839851,144.36,-38.147
27282,1974-09-14 00:00:00,0.5112377199266886,0.3735889991751167,0.6488864406782606,144.36,-38.147
27283,1974-09-15 00:00:00,0.2358071218187158,0.0985258373828073,0.3730884062546243,144.36,-38.147
27284,1974-09-16 00:00:00,0.1144565291875184,-0.0220273657807268,0.2509404241557637,144.36,-38.147
27285,1974-09-17 00:00:00,0.1340181436607157,-0.0024670616090913,0.2705033489305229,144.36,-38.147
27286,1974-09-18 00:00:00,0.0159551137015759,-0.1204377206435177,0.1523479480466697,144.36,-38.147
27287,1974-09-19 00:00:00,0.019812184487642,-0.1164811608119576,0.1561055297872416,144.36,-38.147
27288,1974-09-20 00:00:00,0.2467034623463254,0.1100408183295079,0.3833661063631429,144.36,-38.147
27289,1974-09-21 00:00:00,0.1696558755126161,0.0332382019124055,0.3060735491128267,144.36,-38.147
27290,1974-09-22 00:00:00,0.1725920094940652,0.0362997037186927,0.3088843152694377,144.36,-38.147
27291,1974-09-23 00:00:00,0.1370633111020592,0.0005554355709055,0.273571186633213,144.36,-38.147
27292,1974-09-24 00:00:00,0.1309071782806398,-0.0054863700617175,0.2673007266229971,144.36,-38.147
27293,1974-09-25 00:00:00,0.1428709449303181,0.0064284579348231,0.279313431925813,144.36,-38.147
27294,1974-09-26 00:00:00,0.0716769017893501,-0.0669283373642098,0.2102821409429101,144.36,-38.147
27295,1974-09-27 00:00:00,-0.0797375215527905,-0.2163883566210069,0.0569133135154257,144.36,-38.147
27296,1974-09-28 00:00:00,-0.0737446784673054,-0.2100005916259341,0.0625112346913233,144.36,-38.147
27297,1974-09-29 00:00:00,0.0302421355349252,-0.106244425873969,0.1667286969438194,144.36,-38.147
27298,1974-09-30 00:00:00,0.092593557315097,-0.0437495161085153,0.2289366307387093,144.36,-38.147
27299,1974-10-01 00:00:00,0.0480842138031944,-0.0881061851186903,0.1842746127250792,144.36,-38.147
27300,1974-10-02 00:00:00,0.0243473557178466,-0.1118474297879412,0.1605421412236344,144.36,-38.147
27301,1974-10-03 00:00:00,0.0022771624160699,-0.1339229387676833,0.1384772635998233,144.36,-38.147
27302,1974-10-04 00:00:00,0.0153227715218807,-0.1211516785207107,0.1517972215644723,144.36,-38.147
27303,1974-10-05 00:00:00,0.2003532395429662,0.0635963229265199,0.3371101561594125,144.36,-38.147
27304,1974-10-06 00:00:00,0.104438422064168,-0.0319806975321973,0.2408575416605333,144.36,-38.147
27305,1974-10-07 00:00:00,0.017903261367816,-0.1183162615040484,0.1541227842396805,144.36,-38.147
27306,1974-10-08 00:00:00,0.1600942523236914,0.0232989599944415,0.2968895446529413,144.36,-38.147
27307,1974-10-09 00:00:00,0.1225929857774296,-0.0140075614579512,0.2591935330128104,144.36,-38.147
27308,1974-10-10 00:00:00,0.1981911898599291,0.0618358392369889,0.3345465404828693,144.36,-38.147
27309,1974-10-11 00:00:00,0.1434245745914516,0.006982241938473,0.2798669072444302,144.36,-38.147
27310,1974-10-12 00:00:00,0.2056176875771835,0.068938515723111,0.342296859431256,144.36,-38.147
27311,1974-10-13 00:00:00,0.1582495077379791,0.0216101404920687,0.2948888749838895,144.36,-38.147
27312,1974-10-14 00:00:00,0.0013191768986796,-0.1349416515907293,0.1375800053880886,144.36,-38.147
27313,1974-10-15 00:00:00,-0.0054530793155982,-0.1418035455912019,0.1308973869600054,144.36,-38.147
27314,1974-10-16 00:00:00,0.191478868789328,0.0545618252537359,0.32839591232492,144.36,-38.147
27315,1974-10-17 00:00:00,0.1236359783977672,-0.0128239659998164,0.2600959227953509,144.36,-38.147
27316,1974-10-18 00:00:00,0.1513731754936959,0.0146020735470923,0.2881442774402996,144.36,-38.147
27317,1974-10-19 00:00:00,0.064153394857485,-0.0730563567678596,0.2013631464828296,144.36,-38.147
27318,1974-10-20 00:00:00,0.0452894704811499,-0.0910229512557008,0.1816018922180007,144.36,-38.147
27319,1974-10-21 00:00:00,0.0078080954857412,-0.1285384680543478,0.1441546590258303,144.36,-38.147
27320,1974-10-22 00:00:00,0.1044541815934202,-0.0322592312922734,0.2411675944791138,144.36,-38.147
27321,1974-10-23 00:00:00,0.1481710754777898,0.0118686208682693,0.2844735300873102,144.36,-38.147
27322,1974-10-24 00:00:00,0.007397589609638,-0.1291672332001512,0.1439624124194272,144.36,-38.147
27323,1974-10-25 00:00:00,0.3789890840899603,0.2410386262940811,0.5169395418858393,144.36,-38.147
27324,1974-10-26 00:00:00,0.140133838497284,0.0031723457165164,0.2770953312780515,144.36,-38.147
27325,1974-10-27 00:00:00,0.0096558529930134,-0.1265804401879323,0.1458921461739593,144.36,-38.147
27326,1974-10-28 00:00:00,0.0179542004047496,-0.1182285976667621,0.1541369984762614,144.36,-38.147
27327,1974-10-29 00:00:00,0.1310702429440756,-0.0052127663885106,0.2673532522766619,144.36,-38.147
27328,1974-10-30 00:00:00,0.0215960848660898,-0.1146912758441899,0.1578834455763696,144.36,-38.147
27329,1974-10-31 00:00:00,0.2225027970657104,0.0857767488945507,0.35922884523687,144.36,-38.147
27330,1974-11-01 00:00:00,0.2726707153409473,0.1347546287425467,0.4105868019393478,144.36,-38.147
27331,1974-11-02 00:00:00,0.1905767156941064,0.0532216248083718,0.327931806579841,144.36,-38.147
27332,1974-11-03 00:00:00,0.0592513822437023,-0.0770915193325718,0.1955942838199765,144.36,-38.147
27333,1974-11-04 00:00:00,0.018000603679679,-0.1182580015634163,0.1542592089227745,144.36,-38.147
27334,1974-11-05 00:00:00,0.1386418194683114,0.0021801217223959,0.2751035172142269,144.36,-38.147
27335,1974-11-06 00:00:00,0.0573255940010179,-0.0791596234311483,0.1938108114331841,144.36,-38.147
27336,1974-11-07 00:00:00,0.0081897653498979,-0.1281836593673566,0.1445631900671524,144.36,-38.147
27337,1974-11-08 00:00:00,0.0706810493054239,-0.0656762999747029,0.2070383985855508,144.36,-38.147
27338,1974-11-09 00:00:00,0.3071262715855471,0.1706799962673286,0.4435725469037656,144.36,-38.147
27339,1974-11-10 00:00:00,0.2084364282433842,0.0718335756992275,0.3450392807875409,144.36,-38.147
27340,1974-11-11 00:00:00,0.1533037253972299,0.0167371184692674,0.2898703323251923,144.36,-38.147
27341,1974-11-12 00:00:00,0.1218240011887001,-0.0144827457459274,0.2581307481233277,144.36,-38.147
27342,1974-11-13 00:00:00,0.1572676246712186,0.0209620722825134,0.2935731770599237,144.36,-38.147
27343,1974-11-14 00:00:00,0.0710395191173757,-0.0654973900614633,0.2075764282962148,144.36,-38.147
27344,1974-11-15 00:00:00,-0.0016281371497965,-0.137924195808237,0.1346679215086439,144.36,-38.147
27345,1974-11-16 00:00:00,-0.002762426764219,-0.1389490691136778,0.1334242155852397,144.36,-38.147
27346,1974-11-17 00:00:00,0.0377118447560879,-0.098517995331725,0.1739416848439009,144.36,-38.147
27347,1974-11-18 00:00:00,0.0633172273204839,-0.0729560812577622,0.1995905358987302,144.36,-38.147
27348,1974-11-19 00:00:00,0.0317309598847281,-0.1044800583646134,0.1679419781340697,144.36,-38.147
27349,1974-11-20 00:00:00,0.0037080495555008,-0.1325487565536145,0.1399648556646162,144.36,-38.147
27350,1974-11-21 00:00:00,0.074095309197789,-0.0622599939876346,0.2104506123832126,144.36,-38.147
27351,1974-11-22 00:00:00,0.0888925230284368,-0.0475042137963577,0.2252892598532315,144.36,-38.147
27352,1974-11-23 00:00:00,0.0789584977887649,-0.0576316793239741,0.2155486749015041,144.36,-38.147
27353,1974-11-24 00:00:00,0.0204255066171047,-0.1160446064072591,0.1568956196414685,144.36,-38.147
27354,1974-11-25 00:00:00,0.0376320870667195,-0.0987626856993317,0.1740268598327709,144.36,-38.147
27355,1974-11-26 00:00:00,0.1972033068777599,0.0603690920256926,0.3340375217298272,144.36,-38.147
27356,1974-11-27 00:00:00,0.1522090770516558,0.0157499379270824,0.2886682161762292,144.36,-38.147
27357,1974-11-28 00:00:00,0.0999779555248411,-0.0365212113977744,0.2364771224474567,144.36,-38.147
27358,1974-11-29 00:00:00,0.08965139333006,-0.0475527891765623,0.2268555758366823,144.36,-38.147
27359,1974-11-30 00:00:00,0.0491320096411671,-0.0880480491270806,0.1863120684094149,144.36,-38.147
27360,1974-12-01 00:00:00,0.0719692966072392,-0.0644450558998154,0.208383649114294,144.36,-38.147
27361,1974-12-02 00:00:00,0.2114162734353616,0.0751151735891041,0.3477173732816191,144.36,-38.147
27362,1974-12-03 00:00:00,0.3836095815090437,0.247034502776256,0.5201846602418314,144.36,-38.147
27363,1974-12-04 00:00:00,0.1579677954161245,0.0214147584997916,0.2945208323324573,144.36,-38.147
27364,1974-12-05 00:00:00,0.0795158639500858,-0.0567486608601231,0.2157803887602948,144.36,-38.147
27365,1974-12-06 00:00:00,0.0646356417548952,-0.0715717680801524,0.2008430515899429,144.36,-38.147
27366,1974-12-07 00:00:00,0.0763384617742995,-0.0601004036298659,0.2127773271784649,144.36,-38.147
27367,1974-12-08 00:00:00,0.0134048750586801,-0.1230914953893816,0.149901245506742,144.36,-38.147
27368,1974-12-09 00:00:00,0.0473542697168758,-0.089126600679541,0.1838351401132927,144.36,-38.147
27369,1974-12-10 00:00:00,0.3192654294906963,0.1825819684030332,0.4559488905783595,144.36,-38.147
27370,1974-12-11 00:00:00,0.2534096581207373,0.1168526034978088,0.3899667127436659,144.36,-38.147
27371,1974-12-12 00:00:00,0.2969577187105408,0.1603743905213803,0.4335410468997012,144.36,-38.147
27372,1974-12-13 00:00:00,0.1233797709406485,-0.0129014072296611,0.2596609491109583,144.36,-38.147
27373,1974-12-14 00:00:00,0.0425950875026963,-0.0935967820132746,0.1787869570186673,144.36,-38.147
27374,1974-12-15 00:00:00,0.0994189152059697,-0.0368891656061007,0.2357269960180401,144.36,-38.147
27375,1974-12-16 00:00:00,0.0970003628905214,-0.0393401175287143,0.2333408433097572,144.36,-38.147
27376,1974-12-17 00:00:00,0.148015910859636,0.0116940058008497,0.2843378159184222,144.36,-38.147
27377,1974-12-18 00:00:00,0.2711880657319938,0.134692366161654,0.4076837653023336,144.36,-38.147
27378,1974-12-19 00:00:00,0.4459492345826857,0.3088829789884955,0.583015490176876,144.36,-38.147
27379,1974-12-20 00:00:00,0.23266821535341,0.0948747229391279,0.3704617077676921,144.36,-38.147
27380,1974-12-21 00:00:00,-0.0031962783311012,-0.1397354175190661,0.1333428608568637,144.36,-38.147
27381,1974-12-22 00:00:00,0.0132889341258224,-0.1230294175715546,0.1496072858231996,144.36,-38.147
27382,1974-12-23 00:00:00,0.0318956929991824,-0.1045757940612018,0.1683671800595666,144.36,-38.147
27383,1974-12-24 00:00:00,0.1986655466878869,0.0618281006867025,0.3355029926890713,144.36,-38.147
27384,1974-12-25 00:00:00,0.1029321459736246,-0.0335996934266922,0.2394639853739416,144.36,-38.147
27385,1974-12-26 00:00:00,0.1468194326206412,0.0104873971548077,0.2831514680864747,144.36,-38.147
27386,1974-12-27 00:00:00,0.110008620068801,-0.0263606943843898,0.2463779345219918,144.36,-38.147
27387,1974-12-28 00:00:00,0.3809007483951168,0.2440919630369847,0.5177095337532488,144.36,-38.147
27388,1974-12-29 00:00:00,0.2812711959889081,0.1446140359501241,0.4179283560276921,144.36,-38.147
27389,1974-12-30 00:00:00,0.1748298866763267,0.0384565189627587,0.3112032543898947,144.36,-38.147
27390,1974-12-31 00:00:00,0.0965361891916569,-0.0397172258888651,0.232789604272179,144.36,-38.147
27391,1975-01-01 00:00:00,0.0436968049042646,-0.0925417634504845,0.1799353732590138,144.36,-38.147
27392,1975-01-02 00:00:00,0.2066285943782281,0.0700867600518649,0.3431704287045913,144.36,-38.147
27393,1975-01-03 00:00:00,0.1014699466627516,-0.0351255031490208,0.2380653964745241,144.36,-38.147
27394,1975-01-04 00:00:00,0.2583231675819151,0.1217522641909815,0.3948940709728488,144.36,-38.147
27395,1975-01-05 00:00:00,0.1434430256951055,0.0069836244874575,0.2799024269027536,144.36,-38.147
27396,1975-01-06 00:00:00,0.0517605963240224,-0.0844654165129283,0.1879866091609733,144.36,-38.147
27397,1975-01-07 00:00:00,0.1089037032890593,-0.0273480408076086,0.2451554473857274,144.36,-38.147
27398,1975-01-08 00:00:00,0.1649791425082484,0.0285554031899776,0.3014028818265192,144.36,-38.147
27399,1975-01-09 00:00:00,0.1962261952517769,0.0597013616314944,0.3327510288720594,144.36,-38.147
27400,1975-01-10 00:00:00,0.3061306890884964,0.1696436777036452,0.4426177004733476,144.36,-38.147
27401,1975-01-11 00:00:00,0.4032820006408296,0.2662960046932062,0.540267996588453,144.36,-38.147
27402,1975-01-12 00:00:00,0.1859867411956326,0.0492633149428843,0.322710167448381,144.36,-38.147
27403,1975-01-13 00:00:00,0.1094172279413816,-0.026819414851569,0.2456538707343323,144.36,-38.147
27404,1975-01-14 00:00:00,0.0665689323924144,-0.0696721396353487,0.2028100044201776,144.36,-38.147
27405,1975-01-15 00:00:00,0.0324997639065506,-0.1037208195430812,0.1687203473561825,144.36,-38.147
27406,1975-01-16 00:00:00,0.0268207836415968,-0.1093858188445747,0.1630273861277683,144.36,-38.147
27407,1975-01-17 00:00:00,0.0815463797925158,-0.0547903746775299,0.2178831342625617,144.36,-38.147
27408,1975-01-18 00:00:00,0.1085940398019119,-0.0276951539932413,0.2448832335970653,144.36,-38.147
27409,1975-01-19 00:00:00,0.0170315725117638,-0.119232701330148,0.1532958463536758,144.36,-38.147
27410,1975-01-20 00:00:00,0.0407219987990754,-0.0956700810239525,0.1771140786221035,144.36,-38.147
27411,1975-01-21 00:00:00,0.1536050344009049,0.017100357922423,0.2901097108793867,144.36,-38.147
27412,1975-01-22 00:00:00,0.1389145645148682,0.0026748972164722,0.2751542318132641,144.36,-38.147
27413,1975-01-23 00:00:00,0.1996394645963815,0.0633415457230333,0.3359373834697297,144.36,-38.147
27414,1975-01-24 00:00:00,0.0792056178560524,-0.0571545850721047,0.2155658207842097,144.36,-38.147
27415,1975-01-25 00:00:00,0.1835815118189138,0.047068514580446,0.3200945090573815,144.36,-38.147
27416,1975-01-26 00:00:00,0.2237662465431014,0.0868624535191339,0.360670039567069,144.36,-38.147
27417,1975-01-27 00:00:00,0.0453345460763057,-0.091032370997951,0.1817014631505625,144.36,-38.147
27418,1975-01-28 00:00:00,-0.0357236595265075,-0.1719889428045753,0.1005416237515602,144.36,-38.147
27419,1975-01-29 00:00:00,0.0020783500446569,-0.134103783174985,0.138260483264299,144.36,-38.147
27420,1975-01-30 00:00:00,-0.001362047464808,-0.1375404524374086,0.1348163575077925,144.36,-38.147
27421,1975-01-31 00:00:00,-0.0053626098674645,-0.1415652002641987,0.1308399805292696,144.36,-38.147
27422,1975-02-01 00:00:00,0.0584418521037631,-0.0777940360588313,0.1946777402663575,144.36,-38.147
27423,1975-02-02 00:00:00,0.0260231014186648,-0.1101835550850198,0.1622297579223496,144.36,-38.147
27424,1975-02-03 00:00:00,0.0246158633470838,-0.1116882226620411,0.1609199493562088,144.36,-38.147
27425,1975-02-04 00:00:00,0.0106749120693568,-0.1255409890761305,0.1468908132148441,144.36,-38.147
27426,1975-02-05 00:00:00,0.0014148259568369,-0.1348402071485201,0.137669859062194,144.36,-38.147
27427,1975-02-06 00:00:00,-0.0028894914323668,-0.1391562544371375,0.1333772715724038,144.36,-38.147
27428,1975-02-07 00:00:00,0.0445273532118666,-0.0918050982174498,0.1808598046411831,144.36,-38.147
27429,1975-02-08 00:00:00,0.1118093642425337,-0.0246423031153727,0.2482610316004402,144.36,-38.147
27430,1975-02-09 00:00:00,0.1679760709161537,0.0315721028596803,0.3043800389726271,144.36,-38.147
27431,1975-02-10 00:00:00,0.0866261732667606,-0.0496804375085533,0.2229327840420746,144.36,-38.147
27432,1975-02-11 00:00:00,0.0317165421732985,-0.1045591199482116,0.1679922042948086,144.36,-38.147
27433,1975-02-12 00:00:00,0.2514086534023253,0.1150471705489616,0.387770136255689,144.36,-38.147
27434,1975-02-13 00:00:00,0.1980356478054581,0.0616244203083433,0.334446875302573,144.36,-38.147
27435,1975-02-14 00:00:00,0.1122297897570235,-0.0239976011098059,0.2484571806238531,144.36,-38.147
27436,1975-02-15 00:00:00,0.0929784200518508,-0.0432663644208857,0.2292232045245874,144.36,-38.147
27437,1975-02-16 00:00:00,0.0498213274785304,-0.0864974610185287,0.1861401159755896,144.36,-38.147
27438,1975-02-17 00:00:00,-0.0454636738439079,-0.1817606789934951,0.0908333313056792,144.36,-38.147
27439,1975-02-18 00:00:00,-0.0068992590701194,-0.1432007803018428,0.1294022621616039,144.36,-38.147
27440,1975-02-19 00:00:00,0.0695749862334337,-0.0667937129480435,0.2059436854149111,144.36,-38.147
27441,1975-02-20 00:00:00,0.074788870202103,-0.0616467837706748,0.2112245241748809,144.36,-38.147
27442,1975-02-21 00:00:00,-0.0096396574401272,-0.1460048944095826,0.1267255795293281,144.36,-38.147
27443,1975-02-22 00:00:00,0.0053834284669042,-0.1310793687048592,0.1418462256386676,144.36,-38.147
27444,1975-02-23 00:00:00,0.0320737990254084,-0.1043054566642942,0.1684530547151111,144.36,-38.147
27445,1975-02-24 00:00:00,0.0422790880600403,-0.0940107366795253,0.178568912799606,144.36,-38.147
27446,1975-02-25 00:00:00,0.0167779156694105,-0.1195554309593457,0.1531112622981668,144.36,-38.147
27447,1975-02-26 00:00:00,0.1046986259001034,-0.0316581433408919,0.2410553951410987,144.36,-38.147
27448,1975-02-27 00:00:00,0.1190327645743894,-0.0177379221034032,0.255803451252182,144.36,-38.147
27449,1975-02-28 00:00:00,0.0145412840859046,-0.1223819413151335,0.1514645094869428,144.36,-38.147
27450,1975-03-01 00:00:00,-0.0465779064737146,-0.1829466322455247,0.0897908192980954,144.36,-38.147
27451,1975-03-02 00:00:00,-0.0010619974942487,-0.1375016059257794,0.1353776109372818,144.36,-38.147
27452,1975-03-03 00:00:00,0.1435543835177118,0.0070385584677679,0.2800702085676557,144.36,-38.147
27453,1975-03-04 00:00:00,0.1143831142005739,-0.0219550120714652,0.2507212404726131,144.36,-38.147
27454,1975-03-05 00:00:00,0.0064569058256639,-0.1297978832310986,0.1427116948824264,144.36,-38.147
27455,1975-03-06 00:00:00,-0.0134938904538255,-0.1496739219717909,0.1226861410641397,144.36,-38.147
27456,1975-03-07 00:00:00,0.0189109580710086,-0.1173238704431694,0.1551457865851867,144.36,-38.147
27457,1975-03-08 00:00:00,-0.0002205458220618,-0.1368490165667677,0.136407924922644,144.36,-38.147
27458,1975-03-09 00:00:00,-0.056125282193272,-0.1927792234928147,0.0805286591062706,144.36,-38.147
27459,1975-03-10 00:00:00,-0.036694738583394,-0.1731134872726909,0.0997240101059029,144.36,-38.147
27460,1975-03-11 00:00:00,0.0069853316412966,-0.1293814208077202,0.1433520840903135,144.36,-38.147
27461,1975-03-12 00:00:00,0.030055781204871,-0.1063481807394559,0.1664597431491979,144.36,-38.147
27462,1975-03-13 00:00:00,0.0656239246926742,-0.0706993267151818,0.2019471761005304,144.36,-38.147
27463,1975-03-14 00:00:00,0.0455658398699387,-0.0906863274958005,0.1818180072356781,144.36,-38.147
27464,1975-03-15 00:00:00,0.2920656653786941,0.1552092469159418,0.4289220838414463,144.36,-38.147
27465,1975-03-16 00:00:00,0.3718494900477472,0.2341876668834394,0.509511313212055,144.36,-38.147
27466,1975-03-17 00:00:00,0.0670831010237787,-0.0693979535690554,0.2035641556166128,144.36,-38.147
27467,1975-03-18 00:00:00,0.1134895495391412,-0.0227552189863213,0.2497343180646038,144.36,-38.147
27468,1975-03-19 00:00:00,0.2742307928533387,0.1373424233090659,0.4111191623976115,144.36,-38.147
27469,1975-03-20 00:00:00,0.3358023126625979,0.1992597277557599,0.4723448975694359,144.36,-38.147
27470,1975-03-21 00:00:00,0.1694596427079077,0.0330851269588011,0.3058341584570143,144.36,-38.147
27471,1975-03-22 00:00:00,0.071457287117416,-0.0647673177979811,0.2076818920328132,144.36,-38.147
27472,1975-03-23 00:00:00,0.0376878198203453,-0.0985372770291147,0.1739129166698054,144.36,-38.147
27473,1975-03-24 00:00:00,0.1796704759503836,0.0432356936589624,0.3161052582418048,144.36,-38.147
27474,1975-03-25 00:00:00,0.033299260985573,-0.1029461723237101,0.1695446942948562,144.36,-38.147
27475,1975-03-26 00:00:00,-0.0014930132896063,-0.1376969969116288,0.1347109703324162,144.36,-38.147
27476,1975-03-27 00:00:00,0.0799807987346486,-0.0562413175688751,0.2162029150381725,144.36,-38.147
27477,1975-03-28 00:00:00,0.2219393469748888,0.0855087104749359,0.3583699834748417,144.36,-38.147
27478,1975-03-29 00:00:00,0.1441206412914789,0.0077457067636841,0.2804955758192737,144.36,-38.147
27479,1975-03-30 00:00:00,0.2408641882445264,0.1044130190537611,0.3773153574352917,144.36,-38.147
27480,1975-03-31 00:00:00,0.2714789204043282,0.1350256756230081,0.4079321651856483,144.36,-38.147
27481,1975-04-01 00:00:00,0.246120168707634,0.1095192339351001,0.3827211034801679,144.36,-38.147
27482,1975-04-02 00:00:00,0.0950455591723107,-0.0414155995127974,0.2315067178574189,144.36,-38.147
27483,1975-04-03 00:00:00,-0.0108750537613847,-0.1472183004281956,0.1254681929054261,144.36,-38.147
27484,1975-04-04 00:00:00,0.0877539550036405,-0.0488474993044319,0.2243554093117131,144.36,-38.147
27485,1975-04-05 00:00:00,0.1573116966908348,0.0209337347712775,0.2936896586103922,144.36,-38.147
27486,1975-04-06 00:00:00,0.2634785590389868,0.1270781717586123,0.3998789463193613,144.36,-38.147
27487,1975-04-07 00:00:00,0.0530889867922857,-0.083181656172927,0.1893596297574985,144.36,-38.147
27488,1975-04-08 00:00:00,0.0224972261035422,-0.1137198567394588,0.1587143089465434,144.36,-38.147
27489,1975-04-09 00:00:00,0.0519610797807642,-0.0842889514568787,0.1882111110184073,144.36,-38.147
27490,1975-04-10 00:00:00,0.0674565921258371,-0.0688216745779947,0.2037348588296691,144.36,-38.147
27491,1975-04-11 00:00:00,-0.0210745012514892,-0.1572903179000863,0.1151413153971078,144.36,-38.147
27492,1975-04-12 00:00:00,-0.0511352503870217,-0.1873640100502782,0.0850935092762348,144.36,-38.147
27493,1975-04-13 00:00:00,-0.0609219907544911,-0.197138721977117,0.0752947404681346,144.36,-38.147
27494,1975-04-14 00:00:00,-0.0520734674187215,-0.1882961705937404,0.0841492357562972,144.36,-38.147
27495,1975-04-15 00:00:00,-0.0241315073620031,-0.1603600989605916,0.1120970842365853,144.36,-38.147
27496,1975-04-16 00:00:00,0.0031791933074784,-0.1330607672535071,0.139419153868464,144.36,-38.147
27497,1975-04-17 00:00:00,-0.0051244047252179,-0.1413720871124765,0.1311232776620406,144.36,-38.147
27498,1975-04-18 00:00:00,0.036645684940497,-0.0996177993564078,0.1729091692374018,144.36,-38.147
27499,1975-04-19 00:00:00,0.0790464105373168,-0.05727381266262,0.2153666337372537,144.36,-38.147
27500,1975-04-20 00:00:00,0.0467087132326127,-0.0895632672603629,0.1829806937255884,144.36,-38.147
27501,1975-04-21 00:00:00,0.0422988691951832,-0.0939353288412618,0.1785330672316283,144.36,-38.147
27502,1975-04-22 00:00:00,0.0832846133255148,-0.0529448916369648,0.2195141182879945,144.36,-38.147
27503,1975-04-23 00:00:00,0.046431945670269,-0.089816506742204,0.182680398082742,144.36,-38.147
27504,1975-04-24 00:00:00,0.0440496371649207,-0.09228578155759,0.1803850558874316,144.36,-38.147
27505,1975-04-25 00:00:00,0.0398549608456139,-0.0966713427408773,0.1763812644321053,144.36,-38.147
27506,1975-04-26 00:00:00,-0.0464817094812746,-0.1828496622057598,0.0898862432432105,144.36,-38.147
27507,1975-04-27 00:00:00,0.0640318638364014,-0.0722440304569955,0.2003077581297983,144.36,-38.147
27508,1975-04-28 00:00:00,0.0829054746939325,-0.0534428340011354,0.2192537833890004,144.36,-38.147
27509,1975-04-29 00:00:00,0.0458946555249834,-0.0909864011489969,0.1827757121989639,144.36,-38.147
27510,1975-04-30 00:00:00,0.1807115853193513,0.0439316292826939,0.3174915413560086,144.36,-38.147
27511,1975-05-01 00:00:00,-0.0007566681339988,-0.1371321623416758,0.1356188260736781,144.36,-38.147
27512,1975-05-02 00:00:00,-0.029336588680391,-0.1655331224232509,0.1068599450624688,144.36,-38.147
27513,1975-05-03 00:00:00,-0.043121815270138,-0.1793256411510508,0.0930820106107748,144.36,-38.147
27514,1975-05-04 00:00:00,-0.0338479078313147,-0.1700712008502903,0.1023753851876607,144.36,-38.147
27515,1975-05-05 00:00:00,-0.0106232122411765,-0.1468258388805357,0.1255794143981826,144.36,-38.147
27516,1975-05-06 00:00:00,0.0253372320776721,-0.1109064161267801,0.1615808802821243,144.36,-38.147
27517,1975-05-07 00:00:00,0.0701681716788061,-0.0661791937261836,0.2065155370837959,144.36,-38.147
27518,1975-05-08 00:00:00,0.2029281813631651,0.0665499135528387,0.3393064491734914,144.36,-38.147
27519,1975-05-09 00:00:00,0.1276296929433894,-0.0086214930807116,0.2638808789674906,144.36,-38.147
27520,1975-05-10 00:00:00,0.1533227145381175,0.0170292006070927,0.2896162284691422,144.36,-38.147
27521,1975-05-11 00:00:00,0.0939288395046785,-0.0422970392379861,0.2301547182473433,144.36,-38.147
27522,1975-05-12 00:00:00,0.210441581698617,0.0740915965927811,0.3467915668044529,144.36,-38.147
27523,1975-05-13 00:00:00,0.1905304764812962,0.054184782292302,0.3268761706702904,144.36,-38.147
27524,1975-05-14 00:00:00,0.3547999919869694,0.2182476761353251,0.4913523078386137,144.36,-38.147
27525,1975-05-15 00:00:00,0.2353763093144064,0.0985652012048388,0.3721874174239741,144.36,-38.147
27526,1975-05-16 00:00:00,0.3886428659325361,0.2513951151483834,0.5258906167166888,144.36,-38.147
27527,1975-05-17 00:00:00,0.5082884760120425,0.3698109183366543,0.6467660336874307,144.36,-38.147
27528,1975-05-18 00:00:00,0.0742238276763563,-0.0639203246674492,0.2123679800201619,144.36,-38.147
27529,1975-05-19 00:00:00,0.1962306937757409,0.0595735209186897,0.3328878666327921,144.36,-38.147
27530,1975-05-20 00:00:00,0.0877177399829538,-0.0486326985110748,0.2240681784769825,144.36,-38.147
27531,1975-05-21 00:00:00,0.1239508782754582,-0.0124208449834385,0.2603226015343549,144.36,-38.147
27532,1975-05-22 00:00:00,0.057331498377615,-0.0789853833092451,0.1936483800644751,144.36,-38.147
27533,1975-05-23 00:00:00,0.0975619434483953,-0.0387226606691119,0.2338465475659027,144.36,-38.147
27534,1975-05-24 00:00:00,0.1517609972918677,0.0153667140132398,0.2881552805704955,144.36,-38.147
27535,1975-05-25 00:00:00,0.3711338831705458,0.2340159782802262,0.5082517880608655,144.36,-38.147
27536,1975-05-26 00:00:00,0.2896498036877856,0.1519374890979271,0.4273621182776442,144.36,-38.147
27537,1975-05-27 00:00:00,0.050659312338005,-0.0863616002350264,0.1876802249110364,144.36,-38.147
27538,1975-05-28 00:00:00,0.0334924084739081,-0.1038021258940851,0.1707869428419013,144.36,-38.147
27539,1975-05-29 00:00:00,0.1225239174093232,-0.0148938411477626,0.2599416759664091,144.36,-38.147
27540,1975-05-30 00:00:00,-0.0094708795371109,-0.1457751325284214,0.1268333734541994,144.36,-38.147
27541,1975-05-31 00:00:00,0.0540279421592237,-0.0822213250489181,0.1902772093673657,144.36,-38.147
27542,1975-06-01 00:00:00,0.1244401458800927,-0.0118609159771816,0.2607412077373672,144.36,-38.147
27543,1975-06-02 00:00:00,0.0530257804543713,-0.0832042382200546,0.1892557991287974,144.36,-38.147
27544,1975-06-03 00:00:00,0.1392686466791229,0.0028668502112632,0.2756704431469826,144.36,-38.147
27545,1975-06-04 00:00:00,0.2533644395578114,0.1165433959937088,0.390185483121914,144.36,-38.147
27546,1975-06-05 00:00:00,0.1961678172459998,0.0586769413353623,0.3336586931566374,144.36,-38.147
27547,1975-06-06 00:00:00,0.0350129077420537,-0.1021036228580873,0.1721294383421948,144.36,-38.147
27548,1975-06-07 00:00:00,-0.0255683948774693,-0.161894146747989,0.1107573569930504,144.36,-38.147
27549,1975-06-08 00:00:00,0.0158466893802815,-0.1204536562072566,0.1521470349678197,144.36,-38.147
27550,1975-06-09 00:00:00,0.0127409860020779,-0.1235649604212897,0.1490469324254456,144.36,-38.147
27551,1975-06-10 00:00:00,0.001959763041041,-0.1342543550610309,0.138173881143113,144.36,-38.147
27552,1975-06-11 00:00:00,0.091874178096778,-0.0444082489327515,0.2281566051263076,144.36,-38.147
27553,1975-06-12 00:00:00,-0.0152438423664551,-0.1524564982021516,0.1219688134692413,144.36,-38.147
27554,1975-06-13 00:00:00,-0.121745923474303,-0.258525768048214,0.015033921099608,144.36,-38.147
27555,1975-06-14 00:00:00,-0.0840596809958449,-0.2204409132208238,0.0523215512291339,144.36,-38.147
27556,1975-06-15 00:00:00,-0.0614358645001275,-0.197703601192087,0.0748318721918318,144.36,-38.147
27557,1975-06-16 00:00:00,-0.0438399661598942,-0.1800503297236735,0.0923703974038851,144.36,-38.147
27558,1975-06-17 00:00:00,-0.0307276720416377,-0.1669287728582911,0.1054734287750156,144.36,-38.147
27559,1975-06-18 00:00:00,-0.032413844875562,-0.1685944070636439,0.1037667173125197,144.36,-38.147
27560,1975-06-19 00:00:00,-0.0152465690114613,-0.1514352710066635,0.1209421329837408,144.36,-38.147
27561,1975-06-20 00:00:00,0.0140345630241858,-0.1222353661642996,0.1503044922126714,144.36,-38.147
27562,1975-06-21 00:00:00,0.0176022033670231,-0.1196278517418699,0.1548322584759162,144.36,-38.147
27563,1975-06-22 00:00:00,-0.0007807769541486,-0.1394392327686621,0.1378776788603649,144.36,-38.147
27564,1975-06-23 00:00:00,0.0365684956353509,-0.1017698196856973,0.1749068109563992,144.36,-38.147
27565,1975-06-24 00:00:00,0.0536059724528263,-0.083160773500177,0.1903727184058297,144.36,-38.147
27566,1975-06-25 00:00:00,0.1046908520719824,-0.0316970257825631,0.241078729926528,144.36,-38.147
27567,1975-06-26 00:00:00,0.1630613888997185,0.0267292775292187,0.2993935002702182,144.36,-38.147
27568,1975-06-27 00:00:00,0.0660185414607492,-0.0702434724470675,0.2022805553685661,144.36,-38.147
27569,1975-06-28 00:00:00,0.1863919695425312,0.0500087686250358,0.3227751704600267,144.36,-38.147
27570,1975-06-29 00:00:00,0.13528513789725,-0.0011509596357727,0.2717212354302728,144.36,-38.147
27571,1975-06-30 00:00:00,0.1372782550087068,0.0009105478094587,0.273645962207955,144.36,-38.147
27572,1975-07-01 00:00:00,0.0251772109351488,-0.1111060700845857,0.1614604919548833,144.36,-38.147
27573,1975-07-02 00:00:00,-0.0096423348656555,-0.1458967158722283,0.1266120461409173,144.36,-38.147
27574,1975-07-03 00:00:00,-0.0028786306071596,-0.1391056141162793,0.1333483529019599,144.36,-38.147
27575,1975-07-04 00:00:00,0.0538104221073107,-0.082436585745497,0.1900574299601186,144.36,-38.147
27576,1975-07-05 00:00:00,0.1091458181059213,-0.0271778724978754,0.2454695087097181,144.36,-38.147
27577,1975-07-06 00:00:00,0.081341284077383,-0.0550072779899499,0.217689846144716,144.36,-38.147
27578,1975-07-07 00:00:00,0.1494514512019318,0.0130785121457449,0.2858243902581188,144.36,-38.147
27579,1975-07-08 00:00:00,0.0691510024850802,-0.0672232353377585,0.2055252403079189,144.36,-38.147
27580,1975-07-09 00:00:00,0.1357417877326265,-0.0006102203228652,0.2720937957881182,144.36,-38.147
27581,1975-07-10 00:00:00,0.0788830190951753,-0.0574618304461869,0.2152278686365376,144.36,-38.147
27582,1975-07-11 00:00:00,0.2056774107971572,0.0692323191695153,0.3421225024247992,144.36,-38.147
27583,1975-07-12 00:00:00,0.0797464654498358,-0.0566076517915387,0.2161005826912104,144.36,-38.147
27584,1975-07-13 00:00:00,0.1062189615321961,-0.0301824671941658,0.2426203902585582,144.36,-38.147
27585,1975-07-14 00:00:00,0.5780657957641294,0.4404599080879927,0.7156716834402661,144.36,-38.147
27586,1975-07-15 00:00:00,0.2191583007154928,0.0821168400090648,0.3561997614219209,144.36,-38.147
27587,1975-07-16 00:00:00,0.0793950497950655,-0.0569791702688267,0.2157692698589579,144.36,-38.147
27588,1975-07-17 00:00:00,0.0476828609086003,-0.0885539284560354,0.183919650273236,144.36,-38.147
27589,1975-07-18 00:00:00,0.0546595925071965,-0.0816256861032468,0.1909448711176399,144.36,-38.147
27590,1975-07-19 00:00:00,0.0777735245207592,-0.0588291663332956,0.2143762153748141,144.36,-38.147
27591,1975-07-20 00:00:00,0.2162202554245085,0.0794756685769679,0.352964842272049,144.36,-38.147
27592,1975-07-21 00:00:00,0.1342672829340539,-0.0021165336208682,0.2706510994889761,144.36,-38.147
27593,1975-07-22 00:00:00,0.1070917166136867,-0.0292857057875782,0.2434691390149517,144.36,-38.147
27594,1975-07-23 00:00:00,0.100434642383135,-0.0362521835276183,0.2371214682938884,144.36,-38.147
27595,1975-07-24 00:00:00,0.1368407524581659,-0.0004759730853032,0.2741574780016351,144.36,-38.147
27596,1975-07-25 00:00:00,0.2555096660714913,0.118765196284725,0.3922541358582576,144.36,-38.147
27597,1975-07-26 00:00:00,0.1047178070425155,-0.0317866415874492,0.2412222556724803,144.36,-38.147
27598,1975-07-27 00:00:00,0.0336425845332068,-0.1027092960109571,0.1699944650773708,144.36,-38.147
27599,1975-07-28 00:00:00,0.0526711201595864,-0.0838403624892227,0.1891826028083956,144.36,-38.147
27600,1975-07-29 00:00:00,0.1096907335164393,-0.0272478303936475,0.2466292974265261,144.36,-38.147
27601,1975-07-30 00:00:00,0.0484696920451127,-0.0895968226020519,0.1865362066922774,144.36,-38.147
27602,1975-07-31 00:00:00,0.3732131279932243,0.2334109257058049,0.5130153302806437,144.36,-38.147
27603,1975-08-01 00:00:00,0.0857723772703779,-0.0513383459889859,0.2228831005297417,144.36,-38.147
27604,1975-08-02 00:00:00,-0.0110014474379851,-0.1473291305431029,0.1253262356671326,144.36,-38.147
27605,1975-08-03 00:00:00,0.0636896376327172,-0.072638582895687,0.2000178581611216,144.36,-38.147
27606,1975-08-04 00:00:00,0.0906692278509602,-0.0455904865437303,0.2269289422456509,144.36,-38.147
27607,1975-08-05 00:00:00,0.2002334758800743,0.0639404256628514,0.3365265260972971,144.36,-38.147
27608,1975-08-06 00:00:00,0.1103285921499276,-0.0262703410733513,0.2469275253732065,144.36,-38.147
27609,1975-08-07 00:00:00,-0.0426323345152619,-0.1789335018502033,0.0936688328196793,144.36,-38.147
27610,1975-08-08 00:00:00,-0.0133965367061008,-0.1496212877099138,0.1228282142977121,144.36,-38.147
27611,1975-08-09 00:00:00,0.0355398027721988,-0.1006989585306778,0.1717785640750754,144.36,-38.147
27612,1975-08-10 00:00:00,0.0729456690867787,-0.0633390539295838,0.2092303921031413,144.36,-38.147
27613,1975-08-11 00:00:00,0.1279333605715472,-0.0085843919756449,0.2644511131187395,144.36,-38.147
27614,1975-08-12 00:00:00,0.0358060203550615,-0.1027583078260358,0.174370348536159,144.36,-38.147
27615,1975-08-13 00:00:00,-0.0294926209289829,-0.1666853118530383,0.1077000699950723,144.36,-38.147
27616,1975-08-14 00:00:00,0.0020490589638886,-0.1341840722205141,0.1382821901482914,144.36,-38.147
27617,1975-08-15 00:00:00,0.0018882154271912,-0.1343111219724951,0.1380875528268777,144.36,-38.147
27618,1975-08-16 00:00:00,0.0398747466143027,-0.0963282712249312,0.1760777644535367,144.36,-38.147
27619,1975-08-17 00:00:00,0.0257918715358019,-0.1104283732876258,0.1620121163592298,144.36,-38.147
27620,1975-08-18 00:00:00,0.1024917948766501,-0.0338832634281034,0.2388668531814037,144.36,-38.147
27621,1975-08-19 00:00:00,0.0785777870709667,-0.0581592749326193,0.2153148490745529,144.36,-38.147
27622,1975-08-20 00:00:00,0.1441538088584437,0.0075467508644694,0.2807608668524179,144.36,-38.147
27623,1975-08-21 00:00:00,0.2741184940987267,0.1374745620643864,0.410762426133067,144.36,-38.147
27624,1975-08-22 00:00:00,0.2646433523477242,0.1278947688739651,0.4013919358214833,144.36,-38.147
27625,1975-08-23 00:00:00,0.182984469986336,0.046575943798693,0.319392996173979,144.36,-38.147
27626,1975-08-24 00:00:00,0.1148837486665249,-0.0215137054006067,0.2512812027336567,144.36,-38.147
27627,1975-08-25 00:00:00,0.038907753886338,-0.0973966246277149,0.175212132400391,144.36,-38.147
27628,1975-08-26 00:00:00,0.0703403595624646,-0.0663516506747324,0.2070323697996616,144.36,-38.147
27629,1975-08-27 00:00:00,0.2768473381039504,0.1399461128340551,0.4137485633738457,144.36,-38.147
27630,1975-08-28 00:00:00,0.2245397766239183,0.086900128064015,0.3621794251838216,144.36,-38.147
27631,1975-08-29 00:00:00,0.109740328915981,-0.0274582812353648,0.2469389390673268,144.36,-38.147
27632,1975-08-30 00:00:00,0.1638072245855329,0.0271890053201123,0.3004254438509536,144.36,-38.147
27633,1975-08-31 00:00:00,0.0394448218723862,-0.0969275934538651,0.1758172371986377,144.36,-38.147
27634,1975-09-01 00:00:00,0.075867557931257,-0.0603613394174556,0.2120964552799697,144.36,-38.147
27635,1975-09-02 00:00:00,0.0873933906936644,-0.048806963458545,0.2235937448458738,144.36,-38.147
27636,1975-09-03 00:00:00,0.3192572760308793,0.1824317654305147,0.4560827866312439,144.36,-38.147
27637,1975-09-04 00:00:00,0.1170976975849748,-0.0208919576233699,0.2550873527933196,144.36,-38.147
27638,1975-09-05 00:00:00,-0.0183859430961482,-0.1553630609756745,0.118591174783378,144.36,-38.147
27639,1975-09-06 00:00:00,0.0198157935296037,-0.1164717151111192,0.1561033021703267,144.36,-38.147
27640,1975-09-07 00:00:00,-0.0180635197190294,-0.1542765586242371,0.1181495191861782,144.36,-38.147
27641,1975-09-08 00:00:00,-0.0236620634639454,-0.1599212721220881,0.1125971451941971,144.36,-38.147
27642,1975-09-09 00:00:00,0.035070225007664,-0.1012497252272734,0.1713901752426014,144.36,-38.147
27643,1975-09-10 00:00:00,0.1279372509429437,-0.0084099385555643,0.2642844404414518,144.36,-38.147
27644,1975-09-11 00:00:00,0.029158418104064,-0.107142753463566,0.165459589671694,144.36,-38.147
27645,1975-09-12 00:00:00,-0.0053854702804036,-0.1417174476286121,0.1309465070678047,144.36,-38.147
27646,1975-09-13 00:00:00,0.1122581542636317,-0.0242310579244768,0.2487473664517402,144.36,-38.147
27647,1975-09-14 00:00:00,0.0527106641671603,-0.0836293469493173,0.1890506752836379,144.36,-38.147
27648,1975-09-15 00:00:00,-0.01687732867701,-0.1531282947858313,0.1193736374318111,144.36,-38.147
27649,1975-09-16 00:00:00,-0.0306949163587563,-0.1671932668991256,0.1058034341816129,144.36,-38.147
27650,1975-09-17 00:00:00,0.070313253915483,-0.0666157239228753,0.2072422317538415,144.36,-38.147
27651,1975-09-18 00:00:00,0.245858588936534,0.1090137774501276,0.3827034004229404,144.36,-38.147
27652,1975-09-19 00:00:00,0.3000825269562105,0.1633905759093848,0.4367744780030362,144.36,-38.147
27653,1975-09-20 00:00:00,0.0915356132112059,-0.0448230428648841,0.2278942692872959,144.36,-38.147
27654,1975-09-21 00:00:00,-0.0011123323307032,-0.1374875182673426,0.1352628536059361,144.36,-38.147
27655,1975-09-22 00:00:00,0.2284366787309932,0.0918241862807494,0.3650491711812371,144.36,-38.147
27656,1975-09-23 00:00:00,0.1266216964166312,-0.0098721329830446,0.2631155258163072,144.36,-38.147
27657,1975-09-24 00:00:00,0.0357677331309736,-0.1005234834645552,0.1720589497265025,144.36,-38.147
27658,1975-09-25 00:00:00,-0.0387517930409398,-0.1750588696469947,0.097555283565115,144.36,-38.147
27659,1975-09-26 00:00:00,-0.02829332647277,-0.164521385605068,0.1079347326595279,144.36,-38.147
27660,1975-09-27 00:00:00,-0.0192659355188722,-0.1559669856526565,0.1174351146149119,144.36,-38.147
27661,1975-09-28 00:00:00,0.2170185238150075,0.0792952833802746,0.3547417642497404,144.36,-38.147
27662,1975-09-29 00:00:00,0.1453288381673974,0.0089184361662594,0.2817392401685354,144.36,-38.147
27663,1975-09-30 00:00:00,0.0994764453509789,-0.0367111825189939,0.2356640732209516,144.36,-38.147
27664,1975-10-01 00:00:00,0.0981647755237025,-0.0380556970816861,0.2343852481290912,144.36,-38.147
27665,1975-10-02 00:00:00,0.1258912869043741,-0.0104799578881741,0.2622625316969224,144.36,-38.147
27666,1975-10-03 00:00:00,0.0409248659972567,-0.0954183228953724,0.177268054889886,144.36,-38.147
27667,1975-10-04 00:00:00,-0.0149644187343495,-0.151264541979623,0.1213357045109239,144.36,-38.147
27668,1975-10-05 00:00:00,-0.0372683351769152,-0.1734460863706562,0.0989094160168256,144.36,-38.147
27669,1975-10-06 00:00:00,-0.0130546202476404,-0.1493212226005525,0.1232119821052717,144.36,-38.147
27670,1975-10-07 00:00:00,0.0947976113922935,-0.0416065885490868,0.231201811333674,144.36,-38.147
27671,1975-10-08 00:00:00,0.102087140407323,-0.0346857090740429,0.2388599898886891,144.36,-38.147
27672,1975-10-09 00:00:00,0.054724958996074,-0.0820093761533771,0.1914592941455251,144.36,-38.147
27673,1975-10-10 00:00:00,0.1728965316961553,0.0364267811193535,0.3093662822729572,144.36,-38.147
27674,1975-10-11 00:00:00,0.1197346436983226,-0.0165538126522615,0.2560231000489067,144.36,-38.147
27675,1975-10-12 00:00:00,0.3575496215581123,0.2209162497069513,0.4941829934092733,144.36,-38.147
27676,1975-10-13 00:00:00,0.2818520051690055,0.145146102588622,0.418557907749389,144.36,-38.147
27677,1975-10-14 00:00:00,0.1857219229266072,0.0493131830240464,0.322130662829168,144.36,-38.147
27678,1975-10-15 00:00:00,0.0974079117718724,-0.0388144262458874,0.2336302497896323,144.36,-38.147
27679,1975-10-16 00:00:00,0.0756526340682465,-0.0606645257135482,0.2119697938500414,144.36,-38.147
27680,1975-10-17 00:00:00,0.0527518441716225,-0.0836633508646228,0.1891670392078679,144.36,-38.147
27681,1975-10-18 00:00:00,-0.014193694743915,-0.1504756085578922,0.122088219070062,144.36,-38.147
27682,1975-10-19 00:00:00,-0.0001982140952611,-0.1364700826692077,0.1360736544786853,144.36,-38.147
27683,1975-10-20 00:00:00,0.0666477591112854,-0.069661095842369,0.2029566140649398,144.36,-38.147
27684,1975-10-21 00:00:00,0.1111101343167254,-0.0253123954444873,0.2475326640779381,144.36,-38.147
27685,1975-10-22 00:00:00,0.0230585124453174,-0.1132246057495074,0.1593416306401424,144.36,-38.147
27686,1975-10-23 00:00:00,-0.0022296998498225,-0.1385959876930684,0.1341365879934234,144.36,-38.147
27687,1975-10-24 00:00:00,-0.0083296725493873,-0.1463295810409907,0.129670235942216,144.36,-38.147
27688,1975-10-25 00:00:00,0.2521960089338304,0.1135154754062346,0.3908765424614261,144.36,-38.147
27689,1975-10-26 00:00:00,0.230022293154827,0.0925184097784769,0.3675261765311771,144.36,-38.147
27690,1975-10-27 00:00:00,-0.0239375798986265,-0.1604008600282817,0.1125257002310285,144.36,-38.147
27691,1975-10-28 00:00:00,0.07410801423595,-0.0623234705598723,0.2105394990317723,144.36,-38.147
27692,1975-10-29 00:00:00,0.0833445654804972,-0.0532393317901203,0.2199284627511149,144.36,-38.147
27693,1975-10-30 00:00:00,0.0545958955576339,-0.0819861604090805,0.1911779515243483,144.36,-38.147
27694,1975-10-31 00:00:00,0.1994781195070787,0.0627691807909031,0.3361870582232542,144.36,-38.147
27695,1975-11-01 00:00:00,0.1329827804892574,-0.0037153293348683,0.2696808903133831,144.36,-38.147
27696,1975-11-02 00:00:00,-0.025855546350227,-0.1620739594369072,0.1103628667364531,144.36,-38.147
27697,1975-11-03 00:00:00,0.0466176645763855,-0.0897083667111408,0.1829436958639119,144.36,-38.147
27698,1975-11-04 00:00:00,0.3442485177987409,0.2074815382650614,0.4810154973324203,144.36,-38.147
27699,1975-11-05 00:00:00,0.2505138864617627,0.1136397297026292,0.3873880432208961,144.36,-38.147
27700,1975-11-06 00:00:00,0.1628085304702463,0.0262785000176538,0.2993385609228387,144.36,-38.147
27701,1975-11-07 00:00:00,0.030512583607403,-0.1058316108597688,0.1668567780745749,144.36,-38.147
27702,1975-11-08 00:00:00,-0.0145649664509245,-0.1507943631769084,0.1216644302750592,144.36,-38.147
27703,1975-11-09 00:00:00,0.0735668220145248,-0.0626698038701033,0.2098034478991529,144.36,-38.147
27704,1975-11-10 00:00:00,0.130088403248668,-0.00619037787979,0.2663671843771262,144.36,-38.147
27705,1975-11-11 00:00:00,0.0827727725144048,-0.053437800305351,0.2189833453341607,144.36,-38.147
27706,1975-11-12 00:00:00,0.056022447024659,-0.0801684421707523,0.1922133362200704,144.36,-38.147
27707,1975-11-13 00:00:00,-0.0061089036893241,-0.1423000387605595,0.1300822313819112,144.36,-38.147
27708,1975-11-14 00:00:00,0.0196128934003225,-0.1166078904375525,0.1558336772381977,144.36,-38.147
27709,1975-11-15 00:00:00,0.0976494680401629,-0.038659694848048,0.233958630928374,144.36,-38.147
27710,1975-11-16 00:00:00,-0.0006133304164669,-0.136977103238802,0.1357504424058682,144.36,-38.147
27711,1975-11-17 00:00:00,-0.037529864462221,-0.1739256054753964,0.0988658765509542,144.36,-38.147
27712,1975-11-18 00:00:00,0.0398420334043611,-0.096665081086405,0.1763491478951273,144.36,-38.147
27713,1975-11-19 00:00:00,0.0676280605024829,-0.0688811846154076,0.2041373056203734,144.36,-38.147
27714,1975-11-20 00:00:00,0.1705680524036183,0.0342428315505999,0.3068932732566366,144.36,-38.147
27715,1975-11-21 00:00:00,0.1597844375289148,0.0234826283194738,0.2960862467383557,144.36,-38.147
27716,1975-11-22 00:00:00,0.0484411103097749,-0.0877991845625345,0.1846814051820844,144.36,-38.147
27717,1975-11-23 00:00:00,0.2534927704699056,0.1167142526015166,0.3902712883382947,144.36,-38.147
27718,1975-11-24 00:00:00,0.2053087852535643,0.0681826367251265,0.3424349337820022,144.36,-38.147
27719,1975-11-25 00:00:00,0.4611817767969142,0.3243823295275875,0.5979812240662408,144.36,-38.147
27720,1975-11-26 00:00:00,0.2234750242467594,0.0865718502870339,0.3603781982064848,144.36,-38.147
27721,1975-11-27 00:00:00,0.0278292880005826,-0.1084659462787644,0.1641245222799298,144.36,-38.147
27722,1975-11-28 00:00:00,0.0336542083750301,-0.1026242290200177,0.169932645770078,144.36,-38.147
27723,1975-11-29 00:00:00,0.1303332537096916,-0.0060508010223,0.2667173084416833,144.36,-38.147
27724,1975-11-30 00:00:00,0.0318423183542418,-0.1044597053405639,0.1681443420490476,144.36,-38.147
27725,1975-12-01 00:00:00,0.0595933150496474,-0.0766812274150763,0.1958678575143713,144.36,-38.147
27726,1975-12-02 00:00:00,-0.0026177097771929,-0.1389667625364876,0.1337313429821018,144.36,-38.147
27727,1975-12-03 00:00:00,0.1531754339002718,0.0167750021246747,0.289575865675869,144.36,-38.147
27728,1975-12-04 00:00:00,0.1746045360788091,0.0382787081584268,0.3109303639991914,144.36,-38.147
27729,1975-12-05 00:00:00,0.0506934461664508,-0.0856308101593333,0.1870177024922349,144.36,-38.147
27730,1975-12-06 00:00:00,0.007361954116639,-0.128957957596642,0.1436818658299201,144.36,-38.147
27731,1975-12-07 00:00:00,0.1119244689791227,-0.0244618551541483,0.2483107931123938,144.36,-38.147
27732,1975-12-08 00:00:00,0.1573375307691822,0.0209886981483451,0.2936863633900193,144.36,-38.147
27733,1975-12-09 00:00:00,0.1174105713812864,-0.0188650403614861,0.2536861831240589,144.36,-38.147
27734,1975-12-10 00:00:00,0.0457010214485949,-0.0905669665374132,0.1819690094346031,144.36,-38.147
27735,1975-12-11 00:00:00,-0.0027756399875369,-0.1391632148298699,0.1336119348547959,144.36,-38.147
27736,1975-12-12 00:00:00,0.1980073107245357,0.0608752624772365,0.3351393589718349,144.36,-38.147
27737,1975-12-13 00:00:00,0.0686910650621178,-0.0682218809088051,0.2056040110330408,144.36,-38.147
27738,1975-12-14 00:00:00,0.0170912639951888,-0.1195424546789852,0.153724982669363,144.36,-38.147
27739,1975-12-15 00:00:00,0.0515067961643054,-0.0849679845344164,0.1879815768630273,144.36,-38.147
27740,1975-12-16 00:00:00,0.0480157675465688,-0.0882316614173286,0.1842631965104663,144.36,-38.147
27741,1975-12-17 00:00:00,0.2721299736580089,0.1357976428912656,0.4084623044247523,144.36,-38.147
27742,1975-12-18 00:00:00,0.2413744964898857,0.1045660838317132,0.3781829091480582,144.36,-38.147
27743,1975-12-19 00:00:00,0.0437221548406381,-0.0927712658685378,0.1802155755498141,144.36,-38.147
27744,1975-12-20 00:00:00,0.0226857520015099,-0.1135494747571294,0.1589209787601494,144.36,-38.147
27745,1975-12-21 00:00:00,0.0178695928547684,-0.1184371081117588,0.1541762938212957,144.36,-38.147
27746,1975-12-22 00:00:00,0.0124568301340921,-0.1238431148212776,0.148756775089462,144.36,-38.147
27747,1975-12-23 00:00:00,0.0060735083345847,-0.1302155105407103,0.1423625272098797,144.36,-38.147
27748,1975-12-24 00:00:00,0.0090394530750356,-0.127327229637687,0.1454061357877584,144.36,-38.147
27749,1975-12-25 00:00:00,-0.0801561247534823,-0.2168279330997756,0.0565156835928108,144.36,-38.147
27750,1975-12-26 00:00:00,-0.0218540801142579,-0.1588475075259733,0.1151393472974574,144.36,-38.147
27751,1975-12-27 00:00:00,-0.0017865378409967,-0.1382922183218715,0.1347191426398779,144.36,-38.147
27752,1975-12-28 00:00:00,0.0098998742146244,-0.1263409426924208,0.1461406911216696,144.36,-38.147
27753,1975-12-29 00:00:00,0.0936246224559615,-0.0427578943738638,0.2300071392857869,144.36,-38.147
27754,1975-12-30 00:00:00,0.0978369306585773,-0.0385801457132181,0.2342540070303728,144.36,-38.147
27755,1975-12-31 00:00:00,0.0244717787663526,-0.1117210958969069,0.1606646534296121,144.36,-38.147
27756,1976-01-01 00:00:00,0.0126030517986623,-0.1236256094082282,0.1488317130055529,144.36,-38.147
27757,1976-01-02 00:00:00,0.0501438987675081,-0.0861063233343722,0.1863941208693885,144.36,-38.147
27758,1976-01-03 00:00:00,0.0392233203008985,-0.0969752023631158,0.1754218429649129,144.36,-38.147
27759,1976-01-04 00:00:00,0.0513080762116243,-0.0850991632939223,0.1877153157171711,144.36,-38.147
27760,1976-01-05 00:00:00,0.0891758780372233,-0.0485665195850031,0.2269182756594499,144.36,-38.147
27761,1976-01-06 00:00:00,-0.0612760240583226,-0.1984090738486511,0.0758570257320058,144.36,-38.147
27762,1976-01-07 00:00:00,0.0214785565354558,-0.114879312282342,0.1578364253532537,144.36,-38.147
27763,1976-01-08 00:00:00,0.0297739110136182,-0.106480284142628,0.1660281061698646,144.36,-38.147
27764,1976-01-09 00:00:00,0.0577961698367825,-0.0787560411884951,0.1943483808620601,144.36,-38.147
27765,1976-01-10 00:00:00,0.0275030674275542,-0.1089999310998575,0.1640060659549659,144.36,-38.147
27766,1976-01-11 00:00:00,-0.028738950341729,-0.1651355816797781,0.10765768099632,144.36,-38.147
27767,1976-01-12 00:00:00,0.0292818739957467,-0.1070235808748955,0.1655873288663891,144.36,-38.147
27768,1976-01-13 00:00:00,0.0892068914127727,-0.0471813238543288,0.2255951066798742,144.36,-38.147
27769,1976-01-14 00:00:00,0.1200142869329982,-0.0163628143692842,0.2563913882352807,144.36,-38.147
27770,1976-01-15 00:00:00,0.1470442385903519,0.0107781716471977,0.2833103055335061,144.36,-38.147
27771,1976-01-16 00:00:00,0.0683516907388032,-0.0679759390915734,0.2046793205691799,144.36,-38.147
27772,1976-01-17 00:00:00,0.0265376368380504,-0.1096446467611397,0.1627199204372405,144.36,-38.147
27773,1976-01-18 00:00:00,0.016312616469468,-0.1198819061542658,0.1525071390932019,144.36,-38.147
27774,1976-01-19 00:00:00,0.0909044066176499,-0.0455895966198275,0.2273984098551274,144.36,-38.147
27775,1976-01-20 00:00:00,0.136069394535479,-0.0005883772785647,0.2727271663495228,144.36,-38.147
27776,1976-01-21 00:00:00,0.0648083063797753,-0.0715274617567291,0.2011440745162798,144.36,-38.147
27777,1976-01-22 00:00:00,0.0599499904858689,-0.076694773425157,0.196594754396895,144.36,-38.147
27778,1976-01-23 00:00:00,0.0437681170199546,-0.0927589131425622,0.1802951471824715,144.36,-38.147
27779,1976-01-24 00:00:00,0.1331316931225384,-0.0033344216860016,0.2695978079310784,144.36,-38.147
27780,1976-01-25 00:00:00,0.2374855572508112,0.1006344136903969,0.3743367008112255,144.36,-38.147
27781,1976-01-26 00:00:00,0.0730453182579842,-0.065099293637024,0.2111899301529925,144.36,-38.147
27782,1976-01-27 00:00:00,0.0882556085420266,-0.0484145153331808,0.2249257324172341,144.36,-38.147
27783,1976-01-28 00:00:00,0.0757808211993023,-0.0606050896318964,0.212166732030501,144.36,-38.147
27784,1976-01-29 00:00:00,0.0353610054519054,-0.1008839943441673,0.1716060052479782,144.36,-38.147
27785,1976-01-30 00:00:00,0.0180001395376239,-0.1182284086758951,0.1542286877511429,144.36,-38.147
27786,1976-01-31 00:00:00,0.0200721340578499,-0.1161655112965533,0.1563097794122532,144.36,-38.147
27787,1976-02-01 00:00:00,0.1604282322173661,0.0240082575378233,0.2968482068969089,144.36,-38.147
27788,1976-02-02 00:00:00,0.0936533207143521,-0.0428252016571256,0.2301318430858299,144.36,-38.147
27789,1976-02-03 00:00:00,-0.0259062473673558,-0.1622250422751727,0.1104125475404611,144.36,-38.147
27790,1976-02-04 00:00:00,-0.0315142830951746,-0.167794691129962,0.1047661249396127,144.36,-38.147
27791,1976-02-05 00:00:00,-0.0067609624555568,-0.1430704959195806,0.1295485710084667,144.36,-38.147
27792,1976-02-06 00:00:00,-0.0513247715281614,-0.187818316378895,0.0851687733225721,144.36,-38.147
27793,1976-02-07 00:00:00,-0.0307501664445705,-0.1674920563767355,0.1059917234875944,144.36,-38.147
27794,1976-02-08 00:00:00,0.0393212624236615,-0.0974581601700225,0.1761006850173457,144.36,-38.147
27795,1976-02-09 00:00:00,0.0630015787936038,-0.0736390424705473,0.199642200057755,144.36,-38.147
27796,1976-02-10 00:00:00,-0.0085285457630115,-0.1449640107909118,0.1279069192648888,144.36,-38.147
27797,1976-02-11 00:00:00,0.0072350282019985,-0.1292333434023541,0.1437033998063511,144.36,-38.147
27798,1976-02-12 00:00:00,0.0261130827629943,-0.1102143946893742,0.162440560215363,144.36,-38.147
27799,1976-02-13 00:00:00,0.0028330632940632,-0.1334686004691185,0.139134727057245,144.36,-38.147
27800,1976-02-14 00:00:00,0.1252248221810736,-0.0112541758350278,0.2617038201971751,144.36,-38.147
27801,1976-02-15 00:00:00,0.1027223184267226,-0.0337552681297817,0.239199904983227,144.36,-38.147
27802,1976-02-16 00:00:00,-0.02173464904103,-0.1581735702026106,0.1147042721205504,144.36,-38.147
27803,1976-02-17 00:00:00,-0.0146950852148505,-0.1510072307354393,0.1216170603057381,144.36,-38.147
27804,1976-02-18 00:00:00,0.1354992215624443,-0.0008137571370322,0.2718122002619209,144.36,-38.147
27805,1976-02-19 00:00:00,0.1336141303181425,-0.002673067563774,0.2699013282000592,144.36,-38.147
27806,1976-02-20 00:00:00,0.0351801260707676,-0.101032668791974,0.1713929209335094,144.36,-38.147
27807,1976-02-21 00:00:00,-0.0073706231129598,-0.1436207122895006,0.1288794660635808,144.36,-38.147
27808,1976-02-22 00:00:00,-0.0190875051548698,-0.1552992469778657,0.1171242366681259,144.36,-38.147
27809,1976-02-23 00:00:00,-0.0111760865469924,-0.1473657038721288,0.1250135307781439,144.36,-38.147
27810,1976-02-24 00:00:00,0.0159110556094889,-0.1203172086331779,0.1521393198521558,144.36,-38.147
27811,1976-02-25 00:00:00,0.0228434086177751,-0.1133605352781292,0.1590473525136795,144.36,-38.147
27812,1976-02-26 00:00:00,0.0419366037834229,-0.0943494471169181,0.1782226546837641,144.36,-38.147
27813,1976-02-27 00:00:00,0.1078106980976086,-0.0285218133133947,0.244143209508612,144.36,-38.147
27814,1976-02-28 00:00:00,0.0707274810130461,-0.0655376667923911,0.2069926288184834,144.36,-38.147
27815,1976-02-29 00:00:00,0.0537512726746573,-0.0826129886036789,0.1901155339529936,144.36,-38.147
27816,1976-03-01 00:00:00,0.1730488137696482,0.0366578539797116,0.3094397735595848,144.36,-38.147
27817,1976-03-02 00:00:00,0.0287742342073687,-0.1075330779086213,0.1650815463233589,144.36,-38.147
27818,1976-03-03 00:00:00,-0.0064960915250518,-0.1428351199492046,0.1298429368991009,144.36,-38.147
27819,1976-03-04 00:00:00,-0.0141759087559441,-0.1512120132834828,0.1228601957715946,144.36,-38.147
27820,1976-03-05 00:00:00,-0.0674587494186825,-0.2056606563473838,0.0707431575100188,144.36,-38.147
27821,1976-03-06 00:00:00,-0.0026075929781342,-0.1400430741736518,0.1348278882173833,144.36,-38.147
27822,1976-03-07 00:00:00,0.0626600271212577,-0.073659629627874,0.1989796838703895,144.36,-38.147
27823,1976-03-08 00:00:00,0.0306100330307521,-0.1056471278598393,0.1668671939213437,144.36,-38.147
27824,1976-03-09 00:00:00,0.013706249937732,-0.1225366294218473,0.1499491292973115,144.36,-38.147
27825,1976-03-10 00:00:00,0.1064428555298109,-0.0299749795878306,0.2428606906474524,144.36,-38.147
27826,1976-03-11 00:00:00,0.0526667648568834,-0.0836487634847859,0.1889822931985528,144.36,-38.147
27827,1976-03-12 00:00:00,-0.0034054039894007,-0.1396378801560761,0.1328270721772747,144.36,-38.147
27828,1976-03-13 00:00:00,-0.0370629842267437,-0.1733950304751465,0.0992690620216591,144.36,-38.147
27829,1976-03-14 00:00:00,0.0472785068573948,-0.089082778390318,0.1836397921051077,144.36,-38.147
27830,1976-03-15 00:00:00,0.0334229728401871,-0.1028490293529517,0.169694975033326,144.36,-38.147
27831,1976-03-16 00:00:00,0.0620377181983595,-0.0741737165037242,0.1982491529004434,144.36,-38.147
27832,1976-03-17 00:00:00,0.0782361550901732,-0.0580413632130943,0.2145136733934407,144.36,-38.147
27833,1976-03-18 00:00:00,0.1068863636473413,-0.0293882502712417,0.2431609775659245,144.36,-38.147
27834,1976-03-19 00:00:00,0.1470907237676396,0.0108687938401154,0.2833126536951639,144.36,-38.147
27835,1976-03-20 00:00:00,0.2301711071618212,0.0937328384912322,0.3666093758324102,144.36,-38.147
27836,1976-03-21 00:00:00,0.2137540522910133,0.076836559681324,0.3506715449007027,144.36,-38.147
27837,1976-03-22 00:00:00,0.0731626902932625,-0.0633681480622236,0.2096935286487487,144.36,-38.147
27838,1976-03-23 00:00:00,-0.0004541201593393,-0.1367777043163341,0.1358694639976553,144.36,-38.147
27839,1976-03-24 00:00:00,0.040087622464953,-0.096108222643087,0.1762834675729932,144.36,-38.147
27840,1976-03-25 00:00:00,0.0430590488116716,-0.0931901477037044,0.1793082453270476,144.36,-38.147
27841,1976-03-26 00:00:00,0.0108578035502837,-0.1255247493947186,0.1472403564952861,144.36,-38.147
27842,1976-03-27 00:00:00,0.0222842134900947,-0.1140081610171336,0.1585765879973231,144.36,-38.147
27843,1976-03-28 00:00:00,0.0816646865671033,-0.0546673923570825,0.2179967654912892,144.36,-38.147
27844,1976-03-29 00:00:00,0.1280351822789721,-0.0082533891438613,0.2643237537018055,144.36,-38.147
27845,1976-03-30 00:00:00,0.0693075418042037,-0.0670107375572528,0.2056258211656604,144.36,-38.147
27846,1976-03-31 00:00:00,0.0037725707165453,-0.1323993146411362,0.1399444560742268,144.36,-38.147
27847,1976-04-01 00:00:00,0.0270962220985527,-0.1090917258109897,0.1632841700080952,144.36,-38.147
27848,1976-04-02 00:00:00,0.1189067507800237,-0.0174090902744712,0.2552225918345187,144.36,-38.147
27849,1976-04-03 00:00:00,0.0326089102450855,-0.1036774952189676,0.1688953157091387,144.36,-38.147
27850,1976-04-04 00:00:00,0.0602607149812678,-0.0759371900326307,0.1964586199951664,144.36,-38.147
27851,1976-04-05 00:00:00,0.2410467942994903,0.1046906943853006,0.3774028942136799,144.36,-38.147
27852,1976-04-06 00:00:00,0.1584900379593222,0.0219969276940878,0.2949831482245565,144.36,-38.147
27853,1976-04-07 00:00:00,0.0129324353773692,-0.1233008379651972,0.1491657087199356,144.36,-38.147
27854,1976-04-08 00:00:00,-0.0337765724191584,-0.1700874438078173,0.1025342989695004,144.36,-38.147
27855,1976-04-09 00:00:00,-0.0455911961385256,-0.1818454996588399,0.0906631073817886,144.36,-38.147
27856,1976-04-10 00:00:00,-0.0541575623089705,-0.1903970620461407,0.0820819374281997,144.36,-38.147
27857,1976-04-11 00:00:00,-0.0526374040053987,-0.1888477290494053,0.0835729210386077,144.36,-38.147
27858,1976-04-12 00:00:00,-0.0257639949486123,-0.1620161209015107,0.1104881310042861,144.36,-38.147
27859,1976-04-13 00:00:00,0.0110486047714235,-0.1251804272403981,0.1472776367832451,144.36,-38.147
27860,1976-04-14 00:00:00,0.0434230491583405,-0.0929014773766565,0.1797475756933377,144.36,-38.147
27861,1976-04-15 00:00:00,0.038845034316847,-0.0975192935822447,0.1752093622159387,144.36,-38.147
27862,1976-04-16 00:00:00,0.0390698029553408,-0.097368527716263,0.1755081336269447,144.36,-38.147
27863,1976-04-17 00:00:00,0.190703846965359,0.0541096680946893,0.3272980258360287,144.36,-38.147
27864,1976-04-18 00:00:00,0.164826779760751,0.0283968507520293,0.3012567087694727,144.36,-38.147
27865,1976-04-19 00:00:00,0.0352233589486683,-0.1010007731363919,0.1714474910337285,144.36,-38.147
27866,1976-04-20 00:00:00,-0.0034849106078113,-0.1397047221712565,0.1327349009556337,144.36,-38.147
27867,1976-04-21 00:00:00,0.0559073915910951,-0.0804164578226992,0.1922312410048895,144.36,-38.147
27868,1976-04-22 00:00:00,0.0106245174259114,-0.1256652537097806,0.1469142885616035,144.36,-38.147
27869,1976-04-23 00:00:00,0.0085504780283554,-0.1277308379631178,0.1448317940198286,144.36,-38.147
27870,1976-04-24 00:00:00,0.042350511629832,-0.0939654650312297,0.1786664882908938,144.36,-38.147
27871,1976-04-25 00:00:00,0.075451640429335,-0.0608634278019676,0.2117667086606377,144.36,-38.147
27872,1976-04-26 00:00:00,0.1803112485814348,0.0437936335755931,0.3168288635872764,144.36,-38.147
27873,1976-04-27 00:00:00,0.1416909476247768,0.0053755980985142,0.2780062971510395,144.36,-38.147
27874,1976-04-28 00:00:00,0.1016221659829755,-0.0346692266560258,0.2379135586219768,144.36,-38.147
27875,1976-04-29 00:00:00,0.1788052711911499,0.0415239010824193,0.3160866412998804,144.36,-38.147
27876,1976-04-30 00:00:00,0.046488546089298,-0.0899213236474503,0.1828984158260464,144.36,-38.147
27877,1976-05-01 00:00:00,-0.0252067278512943,-0.1614065537764087,0.1109930980738199,144.36,-38.147
27878,1976-05-02 00:00:00,-0.0200307293809274,-0.1562343626934736,0.1161729039316187,144.36,-38.147
27879,1976-05-03 00:00:00,0.047656220622432,-0.088583438426981,0.1838958796718452,144.36,-38.147
27880,1976-05-04 00:00:00,0.2513206077077312,0.1146098364980631,0.3880313789173992,144.36,-38.147
27881,1976-05-05 00:00:00,0.0294452792170687,-0.1069044573725784,0.165795015806716,144.36,-38.147
27882,1976-05-06 00:00:00,-0.0167321813061806,-0.1529187899850726,0.1194544273727113,144.36,-38.147
27883,1976-05-07 00:00:00,0.0152775457867083,-0.1209560928365111,0.1515111844099277,144.36,-38.147
27884,1976-05-08 00:00:00,0.0152981268152955,-0.1209822653329981,0.1515785189635891,144.36,-38.147
27885,1976-05-09 00:00:00,-0.0331449709562564,-0.1693795001076506,0.1030895581951377,144.36,-38.147
27886,1976-05-10 00:00:00,-0.0164883267352963,-0.1526812880696352,0.1197046345990425,144.36,-38.147
27887,1976-05-11 00:00:00,0.0380286481905364,-0.0981774806954269,0.1742347770764997,144.36,-38.147
27888,1976-05-12 00:00:00,-0.0238961673901649,-0.1601762236349405,0.1123838888546106,144.36,-38.147
27889,1976-05-13 00:00:00,-0.0645983631718288,-0.2008263917695028,0.0716296654258452,144.36,-38.147
27890,1976-05-14 00:00:00,-0.0244329386681582,-0.1606407777645487,0.1117749004282323,144.36,-38.147
27891,1976-05-15 00:00:00,-0.0239650976310796,-0.1601955460338711,0.1122653507717119,144.36,-38.147
27892,1976-05-16 00:00:00,0.055738333954291,-0.0809140517328785,0.1923907196414606,144.36,-38.147
27893,1976-05-17 00:00:00,0.296864740073162,0.1600328240201522,0.4336966561261717,144.36,-38.147
27894,1976-05-18 00:00:00,0.1572891022376908,0.0206251833286303,0.2939530211467513,144.36,-38.147
27895,1976-05-19 00:00:00,0.0109514868083252,-0.12558294460341,0.1474859182200605,144.36,-38.147
27896,1976-05-20 00:00:00,0.0092322223215332,-0.1269939088355183,0.1454583534785848,144.36,-38.147
27897,1976-05-21 00:00:00,0.0296671507379408,-0.1066259359438588,0.1659602374197405,144.36,-38.147
27898,1976-05-22 00:00:00,0.112404121268769,-0.0241464383456598,0.248954680883198,144.36,-38.147
27899,1976-05-23 00:00:00,0.1740406154813323,0.0377010410806624,0.3103801898820022,144.36,-38.147
27900,1976-05-24 00:00:00,0.2309906323410473,0.0943420810727527,0.3676391836093419,144.36,-38.147
27901,1976-05-25 00:00:00,0.1280047196615312,-0.0085845391568383,0.2645939784799007,144.36,-38.147
27902,1976-05-26 00:00:00,0.1451455689057744,0.0086285111951169,0.2816626266164319,144.36,-38.147
27903,1976-05-27 00:00:00,0.0443469870547659,-0.0922222261444004,0.1809162002539323,144.36,-38.147
27904,1976-05-28 00:00:00,0.0748208066740111,-0.0617259007701597,0.2113675141181821,144.36,-38.147
27905,1976-05-29 00:00:00,0.0754504658255059,-0.0610889688476933,0.2119899004987052,144.36,-38.147
27906,1976-05-30 00:00:00,0.0795441539663021,-0.0567933026785433,0.2158816106111476,144.36,-38.147
27907,1976-05-31 00:00:00,0.062511101484222,-0.0738683472647234,0.1988905502331676,144.36,-38.147
27908,1976-06-01 00:00:00,0.1548576400467319,0.0178197479066321,0.2918955321868317,144.36,-38.147
27909,1976-06-02 00:00:00,0.3573638103727712,0.2197061112528558,0.4950215094926865,144.36,-38.147
27910,1976-06-03 00:00:00,0.088334569714618,-0.048150442731035,0.2248195821602712,144.36,-38.147
27911,1976-06-04 00:00:00,0.0854221269906744,-0.0509827608453799,0.2218270148267288,144.36,-38.147
27912,1976-06-05 00:00:00,-0.0065434682346197,-0.1427966324168906,0.1297096959476512,144.36,-38.147
27913,1976-06-06 00:00:00,0.1425709307250889,0.0059993941480801,0.2791424673020977,144.36,-38.147
27914,1976-06-07 00:00:00,0.4816516178480861,0.3433239865280873,0.6199792491680849,144.36,-38.147
27915,1976-06-08 00:00:00,0.105899057781107,-0.031417477592283,0.2432155931544971,144.36,-38.147
27916,1976-06-09 00:00:00,0.0318330282480797,-0.1046335150320263,0.1682995715281858,144.36,-38.147
27917,1976-06-10 00:00:00,0.0010428716276578,-0.1352310342717893,0.137316777527105,144.36,-38.147
27918,1976-06-11 00:00:00,-0.0005331454860591,-0.1367695125317272,0.1357032215596089,144.36,-38.147
27919,1976-06-12 00:00:00,-0.0447948333411648,-0.1810059702222832,0.0914163035399534,144.36,-38.147
27920,1976-06-13 00:00:00,0.0070575962805668,-0.1291915713620633,0.143306763923197,144.36,-38.147
27921,1976-06-14 00:00:00,0.0345845054864419,-0.1017537780400989,0.1709227890129828,144.36,-38.147
27922,1976-06-15 00:00:00,0.0088885447856885,-0.1274994250138632,0.1452765145852402,144.36,-38.147
27923,1976-06-16 00:00:00,0.0196721992309222,-0.1167660031552548,0.1561104016170993,144.36,-38.147
27924,1976-06-17 00:00:00,-0.0142718134418622,-0.1507567272244362,0.1222131003407118,144.36,-38.147
27925,1976-06-18 00:00:00,-0.0333972855374331,-0.1697506283957837,0.1029560573209173,144.36,-38.147
27926,1976-06-19 00:00:00,0.0021695269061631,-0.1340261447845248,0.138365198596851,144.36,-38.147
27927,1976-06-20 00:00:00,-0.0187196362982382,-0.1549059947173789,0.1174667221209024,144.36,-38.147
27928,1976-06-21 00:00:00,-0.0241793495323281,-0.1603930176223165,0.1120343185576601,144.36,-38.147
27929,1976-06-22 00:00:00,-0.0146451301952469,-0.1508822848514653,0.1215920244609713,144.36,-38.147
27930,1976-06-23 00:00:00,-0.0013912942561469,-0.1376861014643395,0.1349035129520456,144.36,-38.147
27931,1976-06-24 00:00:00,0.0155813479757361,-0.1207336016329853,0.1518962975844576,144.36,-38.147
27932,1976-06-25 00:00:00,0.0293632774841183,-0.1071255430643574,0.1658520980325941,144.36,-38.147
27933,1976-06-26 00:00:00,0.0437985044706575,-0.0926145428145612,0.1802115517558763,144.36,-38.147
27934,1976-06-27 00:00:00,0.177952021275556,0.041441542627357,0.3144624999237551,144.36,-38.147
27935,1976-06-28 00:00:00,0.1543065480862504,0.0178116408197847,0.2908014553527161,144.36,-38.147
27936,1976-06-29 00:00:00,0.01797498900234,-0.1184860000353861,0.1544359780400662,144.36,-38.147
27937,1976-06-30 00:00:00,-0.0052867261302692,-0.1416421395163803,0.1310686872558417,144.36,-38.147
27938,1976-07-01 00:00:00,0.004209793759128,-0.1321155091006178,0.140535096618874,144.36,-38.147
27939,1976-07-02 00:00:00,0.0185084031717664,-0.1177395628996836,0.1547563692432166,144.36,-38.147
27940,1976-07-03 00:00:00,0.0303122608354609,-0.1059648555021801,0.166589377173102,144.36,-38.147
27941,1976-07-04 00:00:00,0.2570494234490811,0.1204770985625529,0.3936217483356093,144.36,-38.147
27942,1976-07-05 00:00:00,0.0844118294548771,-0.0519067978853146,0.2207304567950688,144.36,-38.147
27943,1976-07-06 00:00:00,0.0686681192784425,-0.0676536328710654,0.2049898714279505,144.36,-38.147
27944,1976-07-07 00:00:00,0.0303177494489579,-0.1059593275693641,0.16659482646728,144.36,-38.147
27945,1976-07-08 00:00:00,0.0348491656478579,-0.1014134874545808,0.1711118187502968,144.36,-38.147
27946,1976-07-09 00:00:00,0.0147318594937789,-0.1215399594651707,0.1510036784527286,144.36,-38.147
27947,1976-07-10 00:00:00,0.0350922687173158,-0.1011745388830998,0.1713590763177314,144.36,-38.147
27948,1976-07-11 00:00:00,0.009001419063385,-0.1272962334107562,0.1452990715375264,144.36,-38.147
27949,1976-07-12 00:00:00,-0.0253999904964606,-0.1616588580554514,0.1108588770625302,144.36,-38.147
27950,1976-07-13 00:00:00,-0.0237381490697033,-0.1599445536577297,0.112468255518323,144.36,-38.147
27951,1976-07-14 00:00:00,0.0416386749488548,-0.0948114577897911,0.1780888076875008,144.36,-38.147
27952,1976-07-15 00:00:00,0.0033217854289857,-0.1334763652814642,0.1401199361394356,144.36,-38.147
27953,1976-07-16 00:00:00,-0.0713402989857267,-0.2077826451029852,0.0651020471315318,144.36,-38.147
27954,1976-07-17 00:00:00,-0.0079158183002737,-0.1441730143523988,0.1283413777518514,144.36,-38.147
27955,1976-07-18 00:00:00,0.0158693366142745,-0.1204502701074197,0.1521889433359689,144.36,-38.147
27956,1976-07-19 00:00:00,0.0003985907907131,-0.1358503475151158,0.1366475290965421,144.36,-38.147
27957,1976-07-20 00:00:00,0.1058035452878886,-0.0308400744727066,0.2424471650484838,144.36,-38.147
27958,1976-07-21 00:00:00,-0.0062454349803429,-0.142627505163553,0.1301366352028671,144.36,-38.147
27959,1976-07-22 00:00:00,-0.039617779307444,-0.1758788460538107,0.0966432874389225,144.36,-38.147
27960,1976-07-23 00:00:00,0.0237370417963341,-0.1124675126570313,0.1599415962496996,144.36,-38.147
27961,1976-07-24 00:00:00,0.0470186366819185,-0.089189491047105,0.183226764410942,144.36,-38.147
27962,1976-07-25 00:00:00,0.1375682410201107,0.0011812863420735,0.2739551956981479,144.36,-38.147
27963,1976-07-26 00:00:00,0.1162527843015127,-0.0201635526340033,0.2526691212370289,144.36,-38.147
27964,1976-07-27 00:00:00,0.0073777805788089,-0.1289592820364068,0.1437148431940246,144.36,-38.147
27965,1976-07-28 00:00:00,0.0005490275607509,-0.1358064437500091,0.136904498871511,144.36,-38.147
27966,1976-07-29 00:00:00,0.0859759847875879,-0.0505195638928439,0.2224715334680198,144.36,-38.147
27967,1976-07-30 00:00:00,0.263265598090442,0.1269028743302729,0.399628321850611,144.36,-38.147
27968,1976-07-31 00:00:00,0.1576321424918237,0.0211962147226759,0.2940680702609715,144.36,-38.147
27969,1976-08-01 00:00:00,0.2950826880808931,0.158048001951823,0.4321173742099632,144.36,-38.147
27970,1976-08-02 00:00:00,0.2207366079846841,0.0832870956952301,0.3581861202741381,144.36,-38.147
27971,1976-08-03 00:00:00,0.2670751186996422,0.1298990261489205,0.4042512112503638,144.36,-38.147
27972,1976-08-04 00:00:00,0.0535295130109652,-0.0833301673165228,0.1903891933384533,144.36,-38.147
27973,1976-08-05 00:00:00,0.0357754399983603,-0.1005536360492644,0.1721045160459852,144.36,-38.147
27974,1976-08-06 00:00:00,0.2949465156003607,0.1584844242661157,0.4314086069346057,144.36,-38.147
27975,1976-08-07 00:00:00,0.2015640274868243,0.0642442843186805,0.3388837706549682,144.36,-38.147
27976,1976-08-08 00:00:00,0.0227589694023026,-0.1149244801115254,0.1604424189161306,144.36,-38.147
27977,1976-08-09 00:00:00,-0.0105489630347428,-0.1470625266394584,0.1259646005699726,144.36,-38.147
27978,1976-08-10 00:00:00,0.1050383087009036,-0.0313073799976194,0.2413839973994268,144.36,-38.147
27979,1976-08-11 00:00:00,0.0690910717273385,-0.0677611927377331,0.2059433361924103,144.36,-38.147
27980,1976-08-12 00:00:00,0.0501024701420781,-0.0866715274597142,0.1868764677438706,144.36,-38.147
27981,1976-08-13 00:00:00,-0.0335777449777497,-0.1711429235073074,0.1039874335518079,144.36,-38.147
27982,1976-08-14 00:00:00,-0.0838477487057682,-0.2208703801397646,0.053174882728228,144.36,-38.147
27983,1976-08-15 00:00:00,-0.0050133794797666,-0.141501160946833,0.1314744019872997,144.36,-38.147
27984,1976-08-16 00:00:00,0.026265350435066,-0.1102040766586123,0.1627347775287444,144.36,-38.147
27985,1976-08-17 00:00:00,0.1417741603513713,0.0051644828150619,0.2783838378876807,144.36,-38.147
27986,1976-08-18 00:00:00,0.0851897953990572,-0.0512601411202528,0.2216397319183674,144.36,-38.147
27987,1976-08-19 00:00:00,0.0305006193232772,-0.1057441233673424,0.166745362013897,144.36,-38.147
27988,1976-08-20 00:00:00,0.0574983090578951,-0.0787587600607622,0.1937553781765525,144.36,-38.147
27989,1976-08-21 00:00:00,0.0782794918107661,-0.0581696365830003,0.2147286202045327,144.36,-38.147
27990,1976-08-22 00:00:00,0.0737704180804681,-0.0625969535486459,0.2101377897095822,144.36,-38.147
27991,1976-08-23 00:00:00,0.1281735481150037,-0.0082407132791449,0.2645878095091524,144.36,-38.147
27992,1976-08-24 00:00:00,0.0906640552834018,-0.0464466242367932,0.2277747348035968,144.36,-38.147
27993,1976-08-25 00:00:00,-0.0151693727009592,-0.1520400112638713,0.1217012658619528,144.36,-38.147
27994,1976-08-26 00:00:00,-0.0015035692313093,-0.137724080694637,0.1347169422320183,144.36,-38.147
27995,1976-08-27 00:00:00,0.0245747093907149,-0.1116310581358769,0.1607804769173068,144.36,-38.147
27996,1976-08-28 00:00:00,0.027939672485864,-0.1082617293416639,0.164141074313392,144.36,-38.147
27997,1976-08-29 00:00:00,-0.0096978744392913,-0.1459051721796938,0.1265094233011111,144.36,-38.147
27998,1976-08-30 00:00:00,-0.0067576599521726,-0.1429689481125066,0.1294536282081613,144.36,-38.147
27999,1976-08-31 00:00:00,0.0315642706504475,-0.1047228672497813,0.1678514085506765,144.36,-38.147
28000,1976-09-01 00:00:00,0.0300994610168959,-0.106185695825005,0.1663846178587969,144.36,-38.147
28001,1976-09-02 00:00:00,0.1397695410603337,0.0034063713464347,0.2761327107742327,144.36,-38.147
28002,1976-09-03 00:00:00,0.2255477838385179,0.0892407139051032,0.3618548537719326,144.36,-38.147
28003,1976-09-04 00:00:00,0.090972907383238,-0.0453115204464509,0.227257335212927,144.36,-38.147
28004,1976-09-05 00:00:00,-0.0011943552495462,-0.1375840816383412,0.1351953711392487,144.36,-38.147
28005,1976-09-06 00:00:00,-0.0111917355363923,-0.1475041505950361,0.1251206795222513,144.36,-38.147
28006,1976-09-07 00:00:00,0.0159869067257358,-0.1202546937651095,0.1522285072165812,144.36,-38.147
28007,1976-09-08 00:00:00,0.0774436730884368,-0.0587579093003024,0.2136452554771761,144.36,-38.147
28008,1976-09-09 00:00:00,0.3312693672505314,0.1947647553450119,0.467773979156051,144.36,-38.147
28009,1976-09-10 00:00:00,0.3863860203531672,0.2489403146554913,0.5238317260508433,144.36,-38.147
28010,1976-09-11 00:00:00,0.2818723077058974,0.144649421391772,0.4190951940200227,144.36,-38.147
28011,1976-09-12 00:00:00,0.031511431148767,-0.1054088457251268,0.1684317080226609,144.36,-38.147
28012,1976-09-13 00:00:00,0.0064519499052671,-0.1299557144698204,0.1428596142803548,144.36,-38.147
28013,1976-09-14 00:00:00,-0.0181907907093255,-0.1544191547381347,0.1180375733194836,144.36,-38.147
28014,1976-09-15 00:00:00,0.000530506518346,-0.1356315125675541,0.1366925256042463,144.36,-38.147
28015,1976-09-16 00:00:00,0.0177654395935496,-0.1184023046440816,0.1539331838311809,144.36,-38.147
28016,1976-09-17 00:00:00,0.0282520358292662,-0.1080019063569779,0.1645059780155104,144.36,-38.147
28017,1976-09-18 00:00:00,-0.0228341286872848,-0.1591802017833969,0.1135119444088271,144.36,-38.147
28018,1976-09-19 00:00:00,0.0644924468410799,-0.071833534099565,0.200818427781725,144.36,-38.147
28019,1976-09-20 00:00:00,0.099387790143305,-0.0371269239579177,0.2359025042445278,144.36,-38.147
28020,1976-09-21 00:00:00,0.0187843416290394,-0.1179236818455341,0.1554923651036131,144.36,-38.147
28021,1976-09-22 00:00:00,0.0165524582904276,-0.1203633470932167,0.153468263674072,144.36,-38.147
28022,1976-09-23 00:00:00,0.0426799368625327,-0.0940848690642736,0.1794447427893391,144.36,-38.147
28023,1976-09-24 00:00:00,-0.0592002094915982,-0.195947358252392,0.0775469392691955,144.36,-38.147
28024,1976-09-25 00:00:00,-0.081546007672824,-0.2178709044947498,0.0547788891491017,144.36,-38.147
28025,1976-09-26 00:00:00,-0.052522416857108,-0.1887873296992301,0.083742495985014,144.36,-38.147
28026,1976-09-27 00:00:00,-0.0147953582443757,-0.1511602931792285,0.121569576690477,144.36,-38.147
28027,1976-09-28 00:00:00,0.0339949175226696,-0.1024994618450236,0.1704892968903629,144.36,-38.147
28028,1976-09-29 00:00:00,-0.005258130935838,-0.1419725779750412,0.1314563161033651,144.36,-38.147
28029,1976-09-30 00:00:00,0.1294902013180216,-0.0075355535941883,0.2665159562302316,144.36,-38.147
28030,1976-10-01 00:00:00,0.1073500974524791,-0.0292455330209044,0.2439457279258626,144.36,-38.147
28031,1976-10-02 00:00:00,0.0073794760205348,-0.1288564597983639,0.1436154118394335,144.36,-38.147
28032,1976-10-03 00:00:00,-0.0035351371132454,-0.139869413729575,0.1327991395030842,144.36,-38.147
28033,1976-10-04 00:00:00,0.0852537737528141,-0.0512341564558788,0.2217417039615072,144.36,-38.147
28034,1976-10-05 00:00:00,0.1523289053713674,0.0158645846197592,0.2887932261229755,144.36,-38.147
28035,1976-10-06 00:00:00,0.3987927270410449,0.2616845899423033,0.5359008641397865,144.36,-38.147
28036,1976-10-07 00:00:00,0.1426297628898247,0.0056654547607089,0.2795940710189404,144.36,-38.147
28037,1976-10-08 00:00:00,0.1601799029834092,0.023711122384241,0.2966486835825773,144.36,-38.147
28038,1976-10-09 00:00:00,0.1052232618641966,-0.0311264483771773,0.2415729721055707,144.36,-38.147
28039,1976-10-10 00:00:00,0.0713972345774499,-0.0649547220484533,0.2077491912033532,144.36,-38.147
28040,1976-10-11 00:00:00,0.0199574045087649,-0.1163587985526057,0.1562736075701357,144.36,-38.147
28041,1976-10-12 00:00:00,0.0300032509246499,-0.1062418010797735,0.1662483029290734,144.36,-38.147
28042,1976-10-13 00:00:00,0.0455429233560408,-0.0906872406496956,0.1817730873617773,144.36,-38.147
28043,1976-10-14 00:00:00,0.0710843924615712,-0.0653846715124809,0.2075534564356234,144.36,-38.147
28044,1976-10-15 00:00:00,0.0550441116507785,-0.0817510228673139,0.191839246168871,144.36,-38.147
28045,1976-10-16 00:00:00,0.0120243468903218,-0.1251769783193389,0.1492256720999827,144.36,-38.147
28046,1976-10-17 00:00:00,0.0197042426917683,-0.1173340827494615,0.1567425681329983,144.36,-38.147
28047,1976-10-18 00:00:00,0.0040005275251153,-0.1327782491684919,0.1407793042187226,144.36,-38.147
28048,1976-10-19 00:00:00,0.0054900622964935,-0.1309931540831616,0.1419732786761486,144.36,-38.147
28049,1976-10-20 00:00:00,0.0041425810448531,-0.1321812662305709,0.1404664283202771,144.36,-38.147
28050,1976-10-21 00:00:00,0.1756386019481577,0.0392635941907395,0.3120136097055759,144.36,-38.147
28051,1976-10-22 00:00:00,0.1581499734615297,0.0217944063328602,0.2945055405901992,144.36,-38.147
28052,1976-10-23 00:00:00,0.1419273434375658,0.0057135161469476,0.278141170728184,144.36,-38.147
28053,1976-10-24 00:00:00,0.1311606635151652,-0.0050536278825324,0.2673749549128628,144.36,-38.147
28054,1976-10-25 00:00:00,0.0276530966463794,-0.1086746493095193,0.1639808426022782,144.36,-38.147
28055,1976-10-26 00:00:00,0.0355102010769773,-0.100773501162114,0.1717939033160688,144.36,-38.147
28056,1976-10-27 00:00:00,0.0410832104221067,-0.0951639962519468,0.1773304170961603,144.36,-38.147
28057,1976-10-28 00:00:00,0.0471956980777492,-0.0890521306134934,0.1834435267689918,144.36,-38.147
28058,1976-10-29 00:00:00,0.0581848311865051,-0.0780144153363489,0.1943840777093591,144.36,-38.147
28059,1976-10-30 00:00:00,0.0666517677852117,-0.0695305155963627,0.2028340511667862,144.36,-38.147
28060,1976-10-31 00:00:00,0.0331992393047411,-0.1030989725072721,0.1694974511167544,144.36,-38.147
28061,1976-11-01 00:00:00,0.0381200079026552,-0.0981987152363705,0.1744387310416811,144.36,-38.147
28062,1976-11-02 00:00:00,0.0647797162865045,-0.0717845753218678,0.2013440078948768,144.36,-38.147
28063,1976-11-03 00:00:00,0.1747050333787639,0.0377919510640638,0.311618115693464,144.36,-38.147
28064,1976-11-04 00:00:00,0.1482524921479059,0.0116001060421732,0.2849048782536386,144.36,-38.147
28065,1976-11-05 00:00:00,0.1439570784786358,0.007353070754312,0.2805610862029596,144.36,-38.147
28066,1976-11-06 00:00:00,0.0399575539928348,-0.0963211030588726,0.1762362110445422,144.36,-38.147
28067,1976-11-07 00:00:00,0.0146977186600313,-0.1214992394664436,0.1508946767865064,144.36,-38.147
28068,1976-11-08 00:00:00,0.0340647035712454,-0.1021989113630177,0.1703283185055087,144.36,-38.147
28069,1976-11-09 00:00:00,0.0350443308184881,-0.1012734095872993,0.1713620712242756,144.36,-38.147
28070,1976-11-10 00:00:00,0.0420089673060272,-0.0943209059359989,0.1783388405480535,144.36,-38.147
28071,1976-11-11 00:00:00,0.1029482559159745,-0.0333679212073904,0.2392644330393395,144.36,-38.147
28072,1976-11-12 00:00:00,0.1888017306033788,0.0523152517524147,0.3252882094543428,144.36,-38.147
28073,1976-11-13 00:00:00,0.0647448592452523,-0.0716780106646274,0.2011677291551321,144.36,-38.147
28074,1976-11-14 00:00:00,0.1656134462408942,0.0289203890881596,0.3023065033936288,144.36,-38.147
28075,1976-11-15 00:00:00,0.189312881576434,0.0527955176615657,0.3258302454913023,144.36,-38.147
28076,1976-11-16 00:00:00,0.2403000154051909,0.1037975273414584,0.3768025034689234,144.36,-38.147
28077,1976-11-17 00:00:00,0.076684266984651,-0.0597542724601921,0.2131228064294943,144.36,-38.147
28078,1976-11-18 00:00:00,0.1086333307412221,-0.0280388644385697,0.245305525921014,144.36,-38.147
28079,1976-11-19 00:00:00,0.0623033641398792,-0.074257844237656,0.1988645725174145,144.36,-38.147
28080,1976-11-20 00:00:00,0.060213992590483,-0.0761035151174678,0.1965315002984339,144.36,-38.147
28081,1976-11-21 00:00:00,0.1020574157558898,-0.0342249841900979,0.2383398157018777,144.36,-38.147
28082,1976-11-22 00:00:00,0.0887219653605392,-0.0475902322936287,0.2250341630147072,144.36,-38.147
28083,1976-11-23 00:00:00,0.0520402052613305,-0.0842238150750995,0.1883042255977606,144.36,-38.147
28084,1976-11-24 00:00:00,0.0279284295561939,-0.1083500387911146,0.1642068979035026,144.36,-38.147
28085,1976-11-25 00:00:00,0.0430303890914049,-0.0932493310834675,0.1793101092662775,144.36,-38.147
28086,1976-11-26 00:00:00,0.110723570309574,-0.0257764531148859,0.2472235937340339,144.36,-38.147
28087,1976-11-27 00:00:00,0.0729816145014684,-0.0634092250931207,0.2093724540960577,144.36,-38.147
28088,1976-11-28 00:00:00,0.0484204733285535,-0.0878115599442576,0.1846525066013648,144.36,-38.147
28089,1976-11-29 00:00:00,0.0160473888593855,-0.1204869837726359,0.1525817614914071,144.36,-38.147
28090,1976-11-30 00:00:00,0.4854525530844914,0.3480084659713882,0.6228966401975946,144.36,-38.147
28091,1976-12-01 00:00:00,0.2377057152621879,0.1007926586133131,0.3746187719110627,144.36,-38.147
28092,1976-12-02 00:00:00,0.1469221189209631,0.0105737274723514,0.2832705103695747,144.36,-38.147
28093,1976-12-03 00:00:00,0.3274224585431094,0.1901719616582138,0.464672955428005,144.36,-38.147
28094,1976-12-04 00:00:00,0.4821654263748622,0.3441665472587342,0.6201643054909903,144.36,-38.147
28095,1976-12-05 00:00:00,0.1813097105953715,0.0443509839141721,0.318268437276571,144.36,-38.147
28096,1976-12-06 00:00:00,0.1152989746906215,-0.0211372941073036,0.2517352434885467,144.36,-38.147
28097,1976-12-07 00:00:00,0.2897961601273344,0.153307228115253,0.4262850921394158,144.36,-38.147
28098,1976-12-08 00:00:00,0.0487580140998918,-0.087664385994493,0.1851804141942767,144.36,-38.147
28099,1976-12-09 00:00:00,0.2977609533518349,0.1606350151802391,0.4348868915234307,144.36,-38.147
28100,1976-12-10 00:00:00,0.1258165473140587,-0.0110737179700334,0.2627068125981509,144.36,-38.147
28101,1976-12-11 00:00:00,0.2657699055085779,0.1292436472123039,0.4022961638048518,144.36,-38.147
28102,1976-12-12 00:00:00,0.5258328572852333,0.3882514079528999,0.6634143066175667,144.36,-38.147
28103,1976-12-13 00:00:00,0.1478302785080301,0.0105469170134117,0.2851136400026485,144.36,-38.147
28104,1976-12-14 00:00:00,0.1140426593186299,-0.0226866715974743,0.2507719902347343,144.36,-38.147
28105,1976-12-15 00:00:00,0.169584292939641,0.0327727462643474,0.3063958396149346,144.36,-38.147
28106,1976-12-16 00:00:00,0.4148393196140762,0.277901141750782,0.5517774974773704,144.36,-38.147
28107,1976-12-17 00:00:00,0.137896266095361,0.00123912507998,0.274553407110742,144.36,-38.147
28108,1976-12-18 00:00:00,0.1364570383021652,6.948549611504595e-05,0.2728445911082153,144.36,-38.147
28109,1976-12-19 00:00:00,0.0757228427649116,-0.0610993213189654,0.2125450068487887,144.36,-38.147
28110,1976-12-20 00:00:00,0.0505926417772047,-0.0856768410597399,0.1868621246141494,144.36,-38.147
28111,1976-12-21 00:00:00,0.0651832631861452,-0.0711077255676799,0.2014742519399704,144.36,-38.147
28112,1976-12-22 00:00:00,0.0778145696719571,-0.0590837873111882,0.2147129266551024,144.36,-38.147
28113,1976-12-23 00:00:00,0.2120760426699751,0.0753081892785473,0.348843896061403,144.36,-38.147
28114,1976-12-24 00:00:00,0.1244831152771789,-0.0118483000318771,0.2608145305862351,144.36,-38.147
28115,1976-12-25 00:00:00,0.1169966993186439,-0.0192960043471902,0.2532894029844781,144.36,-38.147
28116,1976-12-26 00:00:00,0.2647868539791589,0.1283951110366323,0.4011785969216854,144.36,-38.147
28117,1976-12-27 00:00:00,0.3609906325330414,0.224089053263299,0.4978922118027837,144.36,-38.147
28118,1976-12-28 00:00:00,0.2056341456781598,0.0686892594588705,0.3425790318974492,144.36,-38.147
28119,1976-12-29 00:00:00,0.1208213752583054,-0.0155131535575971,0.2571559040742081,144.36,-38.147
28120,1976-12-30 00:00:00,0.038960706980013,-0.0974382829774396,0.1753596969374656,144.36,-38.147
28121,1976-12-31 00:00:00,0.0236526788258313,-0.1129337761329804,0.1602391337846431,144.36,-38.147
28122,1977-01-01 00:00:00,0.2424695347208545,0.1058304598913115,0.3791086095503974,144.36,-38.147
28123,1977-01-02 00:00:00,0.1878050909134094,0.0511846638621632,0.3244255179646557,144.36,-38.147
28124,1977-01-03 00:00:00,0.0239319423474035,-0.1126207349404405,0.1604846196352475,144.36,-38.147
28125,1977-01-04 00:00:00,-0.0030582167847763,-0.1393825283541397,0.1332660947845871,144.36,-38.147
28126,1977-01-05 00:00:00,0.0151320758622416,-0.1211518469497649,0.1514159986742481,144.36,-38.147
28127,1977-01-06 00:00:00,-0.0326783053716796,-0.1691261923089126,0.1037695815655534,144.36,-38.147
28128,1977-01-07 00:00:00,0.0135056790168359,-0.1228064341353759,0.1498177921690478,144.36,-38.147
28129,1977-01-08 00:00:00,0.0288146494081456,-0.107543715880513,0.1651730146968043,144.36,-38.147
28130,1977-01-09 00:00:00,0.0393000693404692,-0.0969661556635606,0.1755662943444991,144.36,-38.147
28131,1977-01-10 00:00:00,0.1034422398706655,-0.0328926274997797,0.2397771072411108,144.36,-38.147
28132,1977-01-11 00:00:00,0.07962314388384,-0.056702548556502,0.215948836324182,144.36,-38.147
28133,1977-01-12 00:00:00,0.0432438775473624,-0.0930238441935523,0.1795115992882773,144.36,-38.147
28134,1977-01-13 00:00:00,-0.0030379113853061,-0.1393507013750851,0.1332748786044729,144.36,-38.147
28135,1977-01-14 00:00:00,0.1776751700750904,0.0406562396118837,0.3146941005382971,144.36,-38.147
28136,1977-01-15 00:00:00,0.1103873959951505,-0.0283838505609245,0.2491586425512257,144.36,-38.147
28137,1977-01-16 00:00:00,0.1911779827562666,0.0547223666132992,0.3276335988992341,144.36,-38.147
28138,1977-01-17 00:00:00,0.2902469642212816,0.1537477922455312,0.4267461361970319,144.36,-38.147
28139,1977-01-18 00:00:00,0.1610850922544089,0.024533375302549,0.2976368092062689,144.36,-38.147
28140,1977-01-19 00:00:00,0.018802365276038,-0.1178189015080272,0.1554236320601033,144.36,-38.147
28141,1977-01-20 00:00:00,0.02717263787109,-0.1093971241150111,0.1637423998571911,144.36,-38.147
28142,1977-01-21 00:00:00,0.2789438487107105,0.1420800202024981,0.415807677218923,144.36,-38.147
28143,1977-01-22 00:00:00,0.2867969294469679,0.1503708900968987,0.423222968797037,144.36,-38.147
28144,1977-01-23 00:00:00,0.312099998069163,0.175660125538986,0.4485398705993401,144.36,-38.147
28145,1977-01-24 00:00:00,0.1873160032966772,0.0509169980750111,0.3237150085183433,144.36,-38.147
28146,1977-01-25 00:00:00,0.057556823656775,-0.0786958023029712,0.1938094496165214,144.36,-38.147
28147,1977-01-26 00:00:00,0.0448411776404299,-0.091371017507831,0.1810533727886908,144.36,-38.147
28148,1977-01-27 00:00:00,0.0158744961987064,-0.1203201434860608,0.1520691358834736,144.36,-38.147
28149,1977-01-28 00:00:00,0.0481197365773711,-0.0880784738947108,0.1843179470494532,144.36,-38.147
28150,1977-01-29 00:00:00,0.0848205738269603,-0.0514779411403011,0.2211190887942218,144.36,-38.147
28151,1977-01-30 00:00:00,0.2381941942871558,0.1015696751202343,0.3748187134540772,144.36,-38.147
28152,1977-01-31 00:00:00,0.0734438785971451,-0.0629576560965749,0.2098454132908651,144.36,-38.147
28153,1977-02-01 00:00:00,0.1090413644709868,-0.0274342477330902,0.2455169766750639,144.36,-38.147
28154,1977-02-02 00:00:00,0.0799614911885677,-0.0565310638014278,0.2164540461785632,144.36,-38.147
28155,1977-02-03 00:00:00,-0.0220440811509718,-0.1583948692676789,0.1143067069657352,144.36,-38.147
28156,1977-02-04 00:00:00,-0.0174196878301139,-0.1537079038333717,0.1188685281731439,144.36,-38.147
28157,1977-02-05 00:00:00,0.0882742874390647,-0.0486157751924804,0.2251643500706099,144.36,-38.147
28158,1977-02-06 00:00:00,0.1544313866665033,0.0172218512018659,0.2916409221311408,144.36,-38.147
28159,1977-02-07 00:00:00,-0.0209427659480514,-0.1574373524120398,0.1155518205159368,144.36,-38.147
28160,1977-02-08 00:00:00,-0.003576162938741,-0.1399575329820531,0.1328052071045711,144.36,-38.147
28161,1977-02-09 00:00:00,0.0847164540767969,-0.0516266704020791,0.221059578555673,144.36,-38.147
28162,1977-02-10 00:00:00,0.0764038025265072,-0.0599010975868534,0.2127087026398678,144.36,-38.147
28163,1977-02-11 00:00:00,0.0123790492215858,-0.1239152675542853,0.1486733659974569,144.36,-38.147
28164,1977-02-12 00:00:00,0.0365355438276059,-0.1002011329621836,0.1732722206173954,144.36,-38.147
28165,1977-02-13 00:00:00,0.169023631149346,0.0321049623421802,0.3059422999565117,144.36,-38.147
28166,1977-02-14 00:00:00,0.0693181037196368,-0.0669854558563369,0.2056216632956106,144.36,-38.147
28167,1977-02-15 00:00:00,0.0924944479486271,-0.043916128398253,0.2289050242955073,144.36,-38.147
28168,1977-02-16 00:00:00,0.0278537493961649,-0.1084566668198611,0.1641641656121909,144.36,-38.147
28169,1977-02-17 00:00:00,0.0413652674352464,-0.0948674810165527,0.1775980158870456,144.36,-38.147
28170,1977-02-18 00:00:00,0.0864342631413732,-0.050288144603259,0.2231566708860056,144.36,-38.147
28171,1977-02-19 00:00:00,0.0620256501783624,-0.074665505565041,0.1987168059217658,144.36,-38.147
28172,1977-02-20 00:00:00,-0.0304522252607385,-0.1668572453617396,0.1059527948402626,144.36,-38.147
28173,1977-02-21 00:00:00,-0.0142739680489673,-0.1509646360211844,0.1224166999232498,144.36,-38.147
28174,1977-02-22 00:00:00,0.020670556911006,-0.1160482728623411,0.1573893866843533,144.36,-38.147
28175,1977-02-23 00:00:00,0.0902300794515819,-0.0462434176371058,0.2267035765402696,144.36,-38.147
28176,1977-02-24 00:00:00,0.0668826396826499,-0.069874723871207,0.2036400032365068,144.36,-38.147
28177,1977-02-25 00:00:00,0.1091933285220215,-0.0275734960219617,0.2459601530660048,144.36,-38.147
28178,1977-02-26 00:00:00,0.0836575846256047,-0.0528791224966888,0.2201942917478983,144.36,-38.147
28179,1977-02-27 00:00:00,0.0758550683268183,-0.0605300726839924,0.2122402093376291,144.36,-38.147
28180,1977-02-28 00:00:00,0.0846195760325442,-0.0517596292618023,0.2209987813268908,144.36,-38.147
28181,1977-03-01 00:00:00,0.0309729136388081,-0.1053397041011824,0.1672855313787987,144.36,-38.147
28182,1977-03-02 00:00:00,-0.01566305728449,-0.1520362911003109,0.1207101765313309,144.36,-38.147
28183,1977-03-03 00:00:00,-0.0040111436529294,-0.1402574393490665,0.1322351520432076,144.36,-38.147
28184,1977-03-04 00:00:00,-0.0051344472606382,-0.1414174909434561,0.1311485964221796,144.36,-38.147
28185,1977-03-05 00:00:00,0.0606938210164798,-0.0756182770528947,0.1970059190858543,144.36,-38.147
28186,1977-03-06 00:00:00,0.1398107105914544,0.0031030865305862,0.2765183346523227,144.36,-38.147
28187,1977-03-07 00:00:00,0.0705499855743201,-0.0657456359703089,0.2068456071189491,144.36,-38.147
28188,1977-03-08 00:00:00,0.0617047703195048,-0.0745959082635299,0.1980054489025397,144.36,-38.147
28189,1977-03-09 00:00:00,0.0254525806876727,-0.1107486946972488,0.1616538560725943,144.36,-38.147
28190,1977-03-10 00:00:00,-0.0036629815642913,-0.1398729188613906,0.132546955732808,144.36,-38.147
28191,1977-03-11 00:00:00,0.064082763389252,-0.0722946269602298,0.200460153738734,144.36,-38.147
28192,1977-03-12 00:00:00,0.258390730974427,0.1217952122538732,0.3949862496949808,144.36,-38.147
28193,1977-03-13 00:00:00,0.0712778038173105,-0.0650730868986483,0.2076286945332694,144.36,-38.147
28194,1977-03-14 00:00:00,0.0344949772580204,-0.1018926333835019,0.1708825878995429,144.36,-38.147
28195,1977-03-15 00:00:00,0.2305045765068327,0.0938320762140206,0.3671770767996447,144.36,-38.147
28196,1977-03-16 00:00:00,0.1491805544345132,0.0127244607927375,0.2856366480762889,144.36,-38.147
28197,1977-03-17 00:00:00,0.084207478444825,-0.0521852474415163,0.2206002043311664,144.36,-38.147
28198,1977-03-18 00:00:00,0.1186217227134519,-0.0177987415803401,0.255042187007244,144.36,-38.147
28199,1977-03-19 00:00:00,0.0406905502664683,-0.0956577105321364,0.177038811065073,144.36,-38.147
28200,1977-03-20 00:00:00,0.0571126524215081,-0.0790660422131583,0.1932913470561745,144.36,-38.147
28201,1977-03-21 00:00:00,0.0448569072029616,-0.0913104334717153,0.1810242478776385,144.36,-38.147
28202,1977-03-22 00:00:00,0.0172257136718179,-0.1189630704668545,0.1534144978104905,144.36,-38.147
28203,1977-03-23 00:00:00,0.224057118011819,0.0871891720263774,0.3609250639972607,144.36,-38.147
28204,1977-03-24 00:00:00,0.1603983501954769,0.0233974306458937,0.2973992697450601,144.36,-38.147
28205,1977-03-25 00:00:00,0.1123766030269562,-0.0239060919071901,0.2486592979611026,144.36,-38.147
28206,1977-03-26 00:00:00,0.1991564580659645,0.0627902766700469,0.3355226394618822,144.36,-38.147
28207,1977-03-27 00:00:00,0.1872054383788746,0.0507777810030501,0.3236330957546991,144.36,-38.147
28208,1977-03-28 00:00:00,0.2144676879841243,0.0778809634050871,0.3510544125631616,144.36,-38.147
28209,1977-03-29 00:00:00,0.113036107950172,-0.02337246218282,0.2494446780831641,144.36,-38.147
28210,1977-03-30 00:00:00,0.1748801058431009,0.0385795735874222,0.3111806380987796,144.36,-38.147
28211,1977-03-31 00:00:00,0.1893835252724027,0.053034032431256,0.3257330181135495,144.36,-38.147
28212,1977-04-01 00:00:00,0.1639335692596122,0.0276262785270351,0.3002408599921893,144.36,-38.147
28213,1977-04-02 00:00:00,0.0737795400236266,-0.0624757934212497,0.210034873468503,144.36,-38.147
28214,1977-04-03 00:00:00,0.1797346116508732,0.0433585997181917,0.3161106235835546,144.36,-38.147
28215,1977-04-04 00:00:00,0.1469684489920845,0.0106047294298624,0.2833321685543066,144.36,-38.147
28216,1977-04-05 00:00:00,0.0714366147849356,-0.0649034721716092,0.2077767017414804,144.36,-38.147
28217,1977-04-06 00:00:00,0.2126780793533752,0.0756991877677689,0.3496569709389814,144.36,-38.147
28218,1977-04-07 00:00:00,0.1144585964273036,-0.022082059149612,0.2509992520042194,144.36,-38.147
28219,1977-04-08 00:00:00,0.1566743354346777,0.0197685306467178,0.2935801402226377,144.36,-38.147
28220,1977-04-09 00:00:00,0.0015284489088112,-0.1358481002258338,0.1389049980434563,144.36,-38.147
28221,1977-04-10 00:00:00,-0.0584464772980663,-0.1949359494146224,0.0780429948184896,144.36,-38.147
28222,1977-04-11 00:00:00,0.0005721632758213,-0.1356954381872805,0.1368397647389233,144.36,-38.147
28223,1977-04-12 00:00:00,0.0437781531744677,-0.0924815322212373,0.1800378385701728,144.36,-38.147
28224,1977-04-13 00:00:00,0.0724658014129183,-0.0638775401241305,0.2088091429499672,144.36,-38.147
28225,1977-04-14 00:00:00,0.0617125357445847,-0.0745150458515749,0.1979401173407444,144.36,-38.147
28226,1977-04-15 00:00:00,0.0699116570427514,-0.0662665438356638,0.2060898579211666,144.36,-38.147
28227,1977-04-16 00:00:00,0.1320211868148086,-0.0042559204315334,0.2682982940611507,144.36,-38.147
28228,1977-04-17 00:00:00,0.1547974480354254,0.0185436911753529,0.2910512048954979,144.36,-38.147
28229,1977-04-18 00:00:00,0.1229905778353326,-0.0131969769873842,0.2591781326580495,144.36,-38.147
28230,1977-04-19 00:00:00,0.1190040079029053,-0.0172479678801353,0.255255983685946,144.36,-38.147
28231,1977-04-20 00:00:00,-9.806170599368363e-05,-0.13630268613423,0.1361065627222426,144.36,-38.147
28232,1977-04-21 00:00:00,0.0234866667057998,-0.1127037152783698,0.1596770486899696,144.36,-38.147
28233,1977-04-22 00:00:00,0.0337824839034104,-0.102399941173312,0.1699649089801328,144.36,-38.147
28234,1977-04-23 00:00:00,0.0323873921621084,-0.1038002265224919,0.1685750108467089,144.36,-38.147
28235,1977-04-24 00:00:00,0.0283521780835866,-0.1078420812458977,0.164546437413071,144.36,-38.147
28236,1977-04-25 00:00:00,0.0550543933069338,-0.0812226546200592,0.191331441233927,144.36,-38.147
28237,1977-04-26 00:00:00,0.0123435143297379,-0.1239724186721344,0.1486594473316103,144.36,-38.147
28238,1977-04-27 00:00:00,-0.0467860845047615,-0.1829935233063841,0.089421354296861,144.36,-38.147
28239,1977-04-28 00:00:00,0.058083352129449,-0.078348831181965,0.1945155354408631,144.36,-38.147
28240,1977-04-29 00:00:00,0.0424686192014412,-0.0943186075623751,0.1792558459652576,144.36,-38.147
28241,1977-04-30 00:00:00,0.0259199731612668,-0.1108249621572225,0.1626649084797562,144.36,-38.147
28242,1977-05-01 00:00:00,-0.0299123980206749,-0.1668259961982691,0.1070012001569191,144.36,-38.147
28243,1977-05-02 00:00:00,-0.0576154351267783,-0.1938843944335876,0.0786535241800309,144.36,-38.147
28244,1977-05-03 00:00:00,0.0099810556282777,-0.1261896522246099,0.1461517634811654,144.36,-38.147
28245,1977-05-04 00:00:00,0.0459872357519281,-0.0902144690273148,0.1821889405311711,144.36,-38.147
28246,1977-05-05 00:00:00,0.0415672323087587,-0.0946726376426669,0.1778071022601844,144.36,-38.147
28247,1977-05-06 00:00:00,0.1234487833451848,-0.012883602145797,0.2597811688361667,144.36,-38.147
28248,1977-05-07 00:00:00,0.0702375163707889,-0.066015016865482,0.2064900496070599,144.36,-38.147
28249,1977-05-08 00:00:00,0.1045700936152743,-0.0316427193737392,0.2407829066042879,144.36,-38.147
28250,1977-05-09 00:00:00,0.1715662515943694,0.0352532065057719,0.3078792966829669,144.36,-38.147
28251,1977-05-10 00:00:00,0.1787332614103785,0.0423515119780712,0.3151150108426859,144.36,-38.147
28252,1977-05-11 00:00:00,0.1779360350380804,0.0415209152561139,0.3143511548200469,144.36,-38.147
28253,1977-05-12 00:00:00,0.1047863043977049,-0.0315632880283412,0.2411358968237512,144.36,-38.147
28254,1977-05-13 00:00:00,0.1088722188913607,-0.0274053949686312,0.2451498327513527,144.36,-38.147
28255,1977-05-14 00:00:00,0.0925526311657565,-0.0438493868133441,0.2289546491448572,144.36,-38.147
28256,1977-05-15 00:00:00,-0.0069252013637238,-0.1432778992367221,0.1294274965092745,144.36,-38.147
28257,1977-05-16 00:00:00,-0.0578051471073626,-0.194602475140712,0.0789921809259866,144.36,-38.147
28258,1977-05-17 00:00:00,-0.0296917426078827,-0.1663240988154551,0.1069406135996896,144.36,-38.147
28259,1977-05-18 00:00:00,0.0290474127433713,-0.1073574136318052,0.165452239118548,144.36,-38.147
28260,1977-05-19 00:00:00,0.0658682971118528,-0.0704200765339033,0.202156670757609,144.36,-38.147
28261,1977-05-20 00:00:00,0.0785922976861563,-0.0578570330155635,0.2150416283878762,144.36,-38.147
28262,1977-05-21 00:00:00,0.3791069447952859,0.2425988951023121,0.5156149944882598,144.36,-38.147
28263,1977-05-22 00:00:00,0.236889232663176,0.100260136239041,0.3735183290873109,144.36,-38.147
28264,1977-05-23 00:00:00,0.0310806075317345,-0.105525872375287,0.1676870874387561,144.36,-38.147
28265,1977-05-24 00:00:00,0.133531888912008,-0.00292929593984,0.2699930737638562,144.36,-38.147
28266,1977-05-25 00:00:00,0.1364027553351008,4.269523011696253e-05,0.2727628154400847,144.36,-38.147
28267,1977-05-26 00:00:00,0.0463078038065008,-0.0900767839501909,0.1826923915631926,144.36,-38.147
28268,1977-05-27 00:00:00,0.093481520751557,-0.0429304516332773,0.2298934931363914,144.36,-38.147
28269,1977-05-28 00:00:00,0.2062273353387569,0.0697325652347172,0.3427221054427967,144.36,-38.147
28270,1977-05-29 00:00:00,0.1437124799281855,0.0069327370432991,0.2804922228130719,144.36,-38.147
28271,1977-05-30 00:00:00,0.1289202888321032,-0.0078491326718651,0.2656897103360716,144.36,-38.147
28272,1977-05-31 00:00:00,0.3085229596153057,0.1715866260396102,0.4454592931910012,144.36,-38.147
28273,1977-06-01 00:00:00,0.1221131844569241,-0.0153040252740851,0.2595303941879333,144.36,-38.147
28274,1977-06-02 00:00:00,0.1414764048765112,0.0044388687570919,0.2785139409959305,144.36,-38.147
28275,1977-06-03 00:00:00,0.0459717331512133,-0.0904581237379571,0.1824015900403839,144.36,-38.147
28276,1977-06-04 00:00:00,-0.016985102656619,-0.1532790455985671,0.119308840285329,144.36,-38.147
28277,1977-06-05 00:00:00,-0.0606551839581032,-0.1968419981157685,0.0755316301995621,144.36,-38.147
28278,1977-06-06 00:00:00,-0.0113067641365102,-0.1475942881064125,0.1249807598333921,144.36,-38.147
28279,1977-06-07 00:00:00,0.0581587215901579,-0.0782912117536946,0.1946086549340104,144.36,-38.147
28280,1977-06-08 00:00:00,0.1054325053593379,-0.0310509662513127,0.2419159769699885,144.36,-38.147
28281,1977-06-09 00:00:00,-0.0302333167896775,-0.166646890159694,0.106180256580339,144.36,-38.147
28282,1977-06-10 00:00:00,0.0108696606591424,-0.1256488168215732,0.1473881381398582,144.36,-38.147
28283,1977-06-11 00:00:00,-0.008742999236517,-0.1450514568429942,0.1275654583699601,144.36,-38.147
28284,1977-06-12 00:00:00,0.0192938141787359,-0.1169671466409241,0.155554774998396,144.36,-38.147
28285,1977-06-13 00:00:00,0.0437736987456824,-0.0925085766933372,0.180055974184702,144.36,-38.147
28286,1977-06-14 00:00:00,0.0552834154362829,-0.0811211904589216,0.1916880213314876,144.36,-38.147
28287,1977-06-15 00:00:00,0.1718169921884337,0.035357618966238,0.3082763654106293,144.36,-38.147
28288,1977-06-16 00:00:00,0.1494528655619855,0.0128908908042851,0.2860148403196859,144.36,-38.147
28289,1977-06-17 00:00:00,0.1046120320197659,-0.0322202947924844,0.2414443588320163,144.36,-38.147
28290,1977-06-18 00:00:00,0.1409817786889408,0.0046588252317437,0.2773047321461379,144.36,-38.147
28291,1977-06-19 00:00:00,0.1878271091934875,0.0501604763834975,0.3254937420034774,144.36,-38.147
28292,1977-06-20 00:00:00,-0.0596248370809811,-0.1968229840868076,0.0775733099248452,144.36,-38.147
28293,1977-06-21 00:00:00,-0.012145439589482,-0.1483138808327286,0.1240230016537644,144.36,-38.147
28294,1977-06-22 00:00:00,-0.0049120304912131,-0.141105358698967,0.1312812977165408,144.36,-38.147
28295,1977-06-23 00:00:00,0.0263729750260949,-0.1098240670677826,0.1625700171199726,144.36,-38.147
28296,1977-06-24 00:00:00,0.1337222243953638,-0.0025330913186083,0.269977540109336,144.36,-38.147
28297,1977-06-25 00:00:00,0.0733538433828179,-0.0634187757163225,0.2101264624819584,144.36,-38.147
28298,1977-06-26 00:00:00,-0.0145615484318381,-0.1511419486292984,0.1220188517656222,144.36,-38.147
28299,1977-06-27 00:00:00,-0.0127805090674769,-0.1491886403309553,0.1236276221960014,144.36,-38.147
28300,1977-06-28 00:00:00,0.3046080860479316,0.1674513809050935,0.4417647911907697,144.36,-38.147
28301,1977-06-29 00:00:00,0.2883183662413746,0.1506448652054267,0.4259918672773224,144.36,-38.147
28302,1977-06-30 00:00:00,0.2465563124430795,0.1090752536588246,0.3840373712273345,144.36,-38.147
28303,1977-07-01 00:00:00,3.5259028899711775e-05,-0.1369240057671467,0.1369945238249461,144.36,-38.147
28304,1977-07-02 00:00:00,-0.0292327774402993,-0.1655624081048584,0.1070968532242597,144.36,-38.147
28305,1977-07-03 00:00:00,0.0066035129981189,-0.129718958186929,0.1429259841831669,144.36,-38.147
28306,1977-07-04 00:00:00,0.0621224677622416,-0.0742574242964884,0.1985023598209717,144.36,-38.147
28307,1977-07-05 00:00:00,0.0109066281969486,-0.1253297881177121,0.1471430445116094,144.36,-38.147
28308,1977-07-06 00:00:00,-0.0420506775944471,-0.1782700809083126,0.0941687257194184,144.36,-38.147
28309,1977-07-07 00:00:00,-0.0147437384464119,-0.1509654671634181,0.1214779902705941,144.36,-38.147
28310,1977-07-08 00:00:00,-0.0223151718699616,-0.1585271172858047,0.1138967735458815,144.36,-38.147
28311,1977-07-09 00:00:00,-0.0339871181100721,-0.1701858743245929,0.1022116381044485,144.36,-38.147
28312,1977-07-10 00:00:00,-0.0067975254849426,-0.1430237679195095,0.1294287169496242,144.36,-38.147
28313,1977-07-11 00:00:00,0.0810795236780273,-0.0552788771532378,0.2174379245092925,144.36,-38.147
28314,1977-07-12 00:00:00,-0.0066570001576861,-0.1428827867024538,0.1295687863870815,144.36,-38.147
28315,1977-07-13 00:00:00,0.0405696323307462,-0.0957065402984722,0.1768458049599647,144.36,-38.147
28316,1977-07-14 00:00:00,0.3008894413674511,0.1637117745801405,0.4380671081547617,144.36,-38.147
28317,1977-07-15 00:00:00,-0.0233347239463039,-0.1620932050113085,0.1154237571187006,144.36,-38.147
28318,1977-07-16 00:00:00,-0.093860616079396,-0.2317403790330642,0.0440191468742721,144.36,-38.147
28319,1977-07-17 00:00:00,-0.0403999336050107,-0.1767089312156948,0.0959090640056734,144.36,-38.147
28320,1977-07-18 00:00:00,-0.0127477184787659,-0.1489286916885044,0.1234332547309724,144.36,-38.147
28321,1977-07-19 00:00:00,-0.0081745720878925,-0.1443518132688625,0.1280026690930774,144.36,-38.147
28322,1977-07-20 00:00:00,0.0319955212472568,-0.104238831829797,0.1682298743243107,144.36,-38.147
28323,1977-07-21 00:00:00,0.0477736622330573,-0.0885512176171814,0.184098542083296,144.36,-38.147
28324,1977-07-22 00:00:00,0.159328566627859,0.0226391217412472,0.2960180115144707,144.36,-38.147
28325,1977-07-23 00:00:00,0.2305755385195532,0.0935312847183195,0.3676197923207869,144.36,-38.147
28326,1977-07-24 00:00:00,0.2480073250059969,0.1113366421462909,0.3846780078657029,144.36,-38.147
28327,1977-07-25 00:00:00,0.3949288031881112,0.2576455632133911,0.5322120431628312,144.36,-38.147
28328,1977-07-26 00:00:00,0.3140424265075202,0.1754899240828239,0.4525949289322164,144.36,-38.147
28329,1977-07-27 00:00:00,0.1710309091029243,0.0340455899075232,0.3080162282983255,144.36,-38.147
28330,1977-07-28 00:00:00,0.0969317313055612,-0.0397287608935272,0.2335922235046497,144.36,-38.147
28331,1977-07-29 00:00:00,0.0553009871048449,-0.0812652390242692,0.191867213233959,144.36,-38.147
28332,1977-07-30 00:00:00,0.0374354783780947,-0.0988273347294726,0.173698291485662,144.36,-38.147
28333,1977-07-31 00:00:00,0.0179604886640133,-0.1183276531337012,0.1542486304617279,144.36,-38.147
28334,1977-08-01 00:00:00,0.1813096985968211,0.0448275258270595,0.3177918713665827,144.36,-38.147
28335,1977-08-02 00:00:00,0.0700067850148995,-0.0662524346582941,0.2062660046880932,144.36,-38.147
28336,1977-08-03 00:00:00,0.0872601161919679,-0.0492987704949211,0.2238190028788571,144.36,-38.147
28337,1977-08-04 00:00:00,0.2070396407437568,0.0704618975254526,0.3436173839620611,144.36,-38.147
28338,1977-08-05 00:00:00,0.1017003792910708,-0.0346025475404741,0.2380033061226157,144.36,-38.147
28339,1977-08-06 00:00:00,0.1389612304140817,0.0027060250111714,0.2752164358169919,144.36,-38.147
28340,1977-08-07 00:00:00,0.1833247565804314,0.0470656609444579,0.3195838522164048,144.36,-38.147
28341,1977-08-08 00:00:00,0.0342340439794012,-0.1019933870813399,0.1704614750401424,144.36,-38.147
28342,1977-08-09 00:00:00,0.014845080828126,-0.1214809235039277,0.1511710851601799,144.36,-38.147
28343,1977-08-10 00:00:00,0.0737927908077924,-0.0625848412174505,0.2101704228330354,144.36,-38.147
28344,1977-08-11 00:00:00,0.0764973653505001,-0.0605409806792554,0.2135357113802557,144.36,-38.147
28345,1977-08-12 00:00:00,0.2602539000357626,0.12322299469232,0.3972848053792052,144.36,-38.147
28346,1977-08-13 00:00:00,0.2626444483864387,0.1258818087573941,0.3994070880154833,144.36,-38.147
28347,1977-08-14 00:00:00,-0.0026577459094457,-0.1391211473462725,0.133805655527381,144.36,-38.147
28348,1977-08-15 00:00:00,0.0626318090742677,-0.0736210640956554,0.1988846822441909,144.36,-38.147
28349,1977-08-16 00:00:00,0.069979179496982,-0.0662522066037881,0.2062105655977523,144.36,-38.147
28350,1977-08-17 00:00:00,0.0094119872984731,-0.1268650299093937,0.1456890045063399,144.36,-38.147
28351,1977-08-18 00:00:00,0.1420159821060454,0.0052491913255659,0.2787827728865249,144.36,-38.147
28352,1977-08-19 00:00:00,0.0590604271518934,-0.077370987085434,0.1954918413892209,144.36,-38.147
28353,1977-08-20 00:00:00,0.109983541547673,-0.0271771968683136,0.2471442799636597,144.36,-38.147
28354,1977-08-21 00:00:00,0.2610134747517545,0.123640989006844,0.3983859604966651,144.36,-38.147
28355,1977-08-22 00:00:00,0.2234241865195703,0.0868322825114612,0.3600160905276794,144.36,-38.147
28356,1977-08-23 00:00:00,0.040125442214258,-0.0962057296716598,0.176456614100176,144.36,-38.147
28357,1977-08-24 00:00:00,0.0431685940346519,-0.0931009282242249,0.1794381162935288,144.36,-38.147
28358,1977-08-25 00:00:00,0.0625392387967903,-0.073799816106855,0.1988782937004358,144.36,-38.147
28359,1977-08-26 00:00:00,0.0701465185980717,-0.0663872245996354,0.2066802617957789,144.36,-38.147
28360,1977-08-27 00:00:00,0.1016400115205524,-0.0348620166083653,0.2381420396494702,144.36,-38.147
28361,1977-08-28 00:00:00,-0.0614719620573078,-0.1978931365745314,0.0749492124599158,144.36,-38.147
28362,1977-08-29 00:00:00,0.0878014601415646,-0.048614492321498,0.2242174126046273,144.36,-38.147
28363,1977-08-30 00:00:00,0.0386857905776314,-0.0976979330557033,0.1750695142109662,144.36,-38.147
28364,1977-08-31 00:00:00,0.0031465422210981,-0.1331592294415248,0.1394523138837212,144.36,-38.147
28365,1977-09-01 00:00:00,-0.0131692323648514,-0.1493631010057282,0.1230246362760253,144.36,-38.147
28366,1977-09-02 00:00:00,0.0190069412786688,-0.1172013463933037,0.1552152289506414,144.36,-38.147
28367,1977-09-03 00:00:00,0.0804699265087872,-0.0559092998333513,0.2168491528509257,144.36,-38.147
28368,1977-09-04 00:00:00,0.0217169598858973,-0.1150169318157789,0.1584508515875736,144.36,-38.147
28369,1977-09-05 00:00:00,-0.0013258858643713,-0.1376586916011091,0.1350069198723664,144.36,-38.147
28370,1977-09-06 00:00:00,0.0128935246188589,-0.1232841020779116,0.1490711513156296,144.36,-38.147
28371,1977-09-07 00:00:00,0.0317626336977287,-0.1044398662978183,0.1679651336932758,144.36,-38.147
28372,1977-09-08 00:00:00,0.0449650001040063,-0.0914834295975882,0.1814134298056009,144.36,-38.147
28373,1977-09-09 00:00:00,0.1492326977099303,0.012553121094282,0.2859122743255786,144.36,-38.147
28374,1977-09-10 00:00:00,0.1457137118578605,0.0093082799150324,0.2821191438006886,144.36,-38.147
28375,1977-09-11 00:00:00,0.0479443347381447,-0.0883997174707955,0.184288386947085,144.36,-38.147
28376,1977-09-12 00:00:00,0.1276494491226671,-0.0086048304324961,0.2639037286778305,144.36,-38.147
28377,1977-09-13 00:00:00,0.1220032745328842,-0.0144566704178326,0.2584632194836012,144.36,-38.147
28378,1977-09-14 00:00:00,0.057813727662108,-0.0786817293547251,0.1943091846789412,144.36,-38.147
28379,1977-09-15 00:00:00,-0.0113570593764176,-0.1476972511529642,0.1249831324001291,144.36,-38.147
28380,1977-09-16 00:00:00,0.003240987953658,-0.1329533826161974,0.1394353585235135,144.36,-38.147
28381,1977-09-17 00:00:00,-0.0024477067983786,-0.1386472338770417,0.1337518202802843,144.36,-38.147
28382,1977-09-18 00:00:00,0.1059724311902422,-0.0303331000779471,0.2422779624584317,144.36,-38.147
28383,1977-09-19 00:00:00,0.0623255902604991,-0.0740261963197694,0.1986773768407677,144.36,-38.147
28384,1977-09-20 00:00:00,-0.0052512681195531,-0.1416774110395401,0.1311748748004337,144.36,-38.147
28385,1977-09-21 00:00:00,-0.0143695184694808,-0.1506137054839138,0.1218746685449521,144.36,-38.147
28386,1977-09-22 00:00:00,0.1132450695518771,-0.0230805586471457,0.2495706977508999,144.36,-38.147
28387,1977-09-23 00:00:00,0.1163507697193713,-0.0200624322980408,0.2527639717367835,144.36,-38.147
28388,1977-09-24 00:00:00,-0.0080602889646107,-0.1444432521192811,0.1283226741900595,144.36,-38.147
28389,1977-09-25 00:00:00,-0.0740954333482827,-0.2103171467640117,0.0621262800674462,144.36,-38.147
28390,1977-09-26 00:00:00,0.0232342900456367,-0.1130980758626221,0.1595666559538957,144.36,-38.147
28391,1977-09-27 00:00:00,0.0979575562139419,-0.0384311327552217,0.2343462451831056,144.36,-38.147
28392,1977-09-28 00:00:00,0.019808126693705,-0.1164531777183348,0.1560694311057449,144.36,-38.147
28393,1977-09-29 00:00:00,0.1674119302299502,0.030984958411429,0.3038389020484714,144.36,-38.147
28394,1977-09-30 00:00:00,0.0543376843871803,-0.08209763425242,0.1907730030267806,144.36,-38.147
28395,1977-10-01 00:00:00,0.0667213324187969,-0.069596243629411,0.2030389084670049,144.36,-38.147
28396,1977-10-02 00:00:00,-0.0079953329335313,-0.1443025015016467,0.128311835634584,144.36,-38.147
28397,1977-10-03 00:00:00,0.2399280030996999,0.1030690220120286,0.3767869841873711,144.36,-38.147
28398,1977-10-04 00:00:00,0.022441018055984,-0.1139878663752722,0.1588699024872403,144.36,-38.147
28399,1977-10-05 00:00:00,0.302840772125749,0.1662586558113529,0.4394228884401451,144.36,-38.147
28400,1977-10-06 00:00:00,0.0954537289573154,-0.0413035215102836,0.2322109794249144,144.36,-38.147
28401,1977-10-07 00:00:00,-0.0151145839354806,-0.1517017314042073,0.121472563533246,144.36,-38.147
28402,1977-10-08 00:00:00,-0.0434468229100005,-0.1796385159346278,0.0927448701146265,144.36,-38.147
28403,1977-10-09 00:00:00,0.0289738373619519,-0.1073391017813989,0.1652867765053027,144.36,-38.147
28404,1977-10-10 00:00:00,0.0975207851641632,-0.039005244640029,0.2340468149683556,144.36,-38.147
28405,1977-10-11 00:00:00,0.02933609621503,-0.1069653440137849,0.1656375364438449,144.36,-38.147
28406,1977-10-12 00:00:00,0.0583368252216719,-0.0780445384719591,0.1947181889153029,144.36,-38.147
28407,1977-10-13 00:00:00,0.029837165519827,-0.1066094748852873,0.1662838059249415,144.36,-38.147
28408,1977-10-14 00:00:00,0.3237527419599989,0.1863474925363901,0.4611579913836077,144.36,-38.147
28409,1977-10-15 00:00:00,0.1324561012045952,-0.0041072993767998,0.2690195017859903,144.36,-38.147
28410,1977-10-16 00:00:00,0.0811490132251481,-0.0551078694138103,0.2174058958641067,144.36,-38.147
28411,1977-10-17 00:00:00,0.1130971333268021,-0.0231982518842137,0.2493925185378179,144.36,-38.147
28412,1977-10-18 00:00:00,0.2192001976863345,0.0827478604597603,0.3556525349129088,144.36,-38.147
28413,1977-10-19 00:00:00,0.1791462637207077,0.0426898411219479,0.3156026863194674,144.36,-38.147
28414,1977-10-20 00:00:00,0.2445354673826524,0.1079326610389943,0.3811382737263104,144.36,-38.147
28415,1977-10-21 00:00:00,0.106059888737556,-0.0303088727108392,0.2424286501859514,144.36,-38.147
28416,1977-10-22 00:00:00,0.0442752561966805,-0.0920616302195094,0.1806121426128706,144.36,-38.147
28417,1977-10-23 00:00:00,0.0064780657810929,-0.1298207633809545,0.1427768949431404,144.36,-38.147
28418,1977-10-24 00:00:00,-0.0012780975711791,-0.1375722580105148,0.1350160628681565,144.36,-38.147
28419,1977-10-25 00:00:00,-0.0368001545995931,-0.1729903129435703,0.099390003744384,144.36,-38.147
28420,1977-10-26 00:00:00,0.0058232166814612,-0.1303646568183271,0.1420110901812496,144.36,-38.147
28421,1977-10-27 00:00:00,0.0561201262316701,-0.0801064083448134,0.1923466608081538,144.36,-38.147
28422,1977-10-28 00:00:00,0.0687785527496512,-0.0679461759189724,0.2055032814182749,144.36,-38.147
28423,1977-10-29 00:00:00,0.1250997725026981,-0.0118976205370038,0.2620971655424001,144.36,-38.147
28424,1977-10-30 00:00:00,0.106799105305088,-0.0295466782951107,0.2431448889052868,144.36,-38.147
28425,1977-10-31 00:00:00,0.0384326324924726,-0.0977825308786869,0.1746477958636322,144.36,-38.147
28426,1977-11-01 00:00:00,0.05403349296203,-0.0822473386726389,0.190314324596699,144.36,-38.147
28427,1977-11-02 00:00:00,0.1980559876913162,0.0616630416584709,0.3344489337241614,144.36,-38.147
28428,1977-11-03 00:00:00,0.085011778602206,-0.0512883077955702,0.2213118649999823,144.36,-38.147
28429,1977-11-04 00:00:00,0.1171384318990095,-0.0191536482724971,0.2534305120705162,144.36,-38.147
28430,1977-11-05 00:00:00,0.2686800175269983,0.1319488796437439,0.4054111554102527,144.36,-38.147
28431,1977-11-06 00:00:00,0.0906749911350924,-0.04562628797649,0.2269762702466748,144.36,-38.147
28432,1977-11-07 00:00:00,0.1083124567650393,-0.0279694603198416,0.2445943738499202,144.36,-38.147
28433,1977-11-08 00:00:00,0.0907141360605881,-0.0456369891101388,0.227065261231315,144.36,-38.147
28434,1977-11-09 00:00:00,0.0608715810581789,-0.0760240122792156,0.1977671743955735,144.36,-38.147
28435,1977-11-10 00:00:00,0.4164618732075776,0.2781732214703467,0.5547505249448086,144.36,-38.147
28436,1977-11-11 00:00:00,0.4027680557064569,0.263614255876667,0.5419218555362468,144.36,-38.147
28437,1977-11-12 00:00:00,0.1306007038307232,-0.0061193561162815,0.2673207637777282,144.36,-38.147
28438,1977-11-13 00:00:00,0.0163804338027911,-0.1199401637799531,0.1527010313855354,144.36,-38.147
28439,1977-11-14 00:00:00,0.2821993810558076,0.1448022863143765,0.4195964757972388,144.36,-38.147
28440,1977-11-15 00:00:00,0.10523813579996,-0.0313296561850393,0.2418059277849594,144.36,-38.147
28441,1977-11-16 00:00:00,0.0303419611407784,-0.1058550445400706,0.1665389668216275,144.36,-38.147
28442,1977-11-17 00:00:00,0.0513191719369294,-0.0848756214531687,0.1875139653270275,144.36,-38.147
28443,1977-11-18 00:00:00,0.1335833966615686,-0.0027166152894379,0.2698834086125751,144.36,-38.147
28444,1977-11-19 00:00:00,0.0644069177418174,-0.0718493482996063,0.2006631837832411,144.36,-38.147
28445,1977-11-20 00:00:00,0.1002189738066524,-0.0360434594750743,0.2364814070883791,144.36,-38.147
28446,1977-11-21 00:00:00,0.1643067347303124,0.0279130917657525,0.3007003776948723,144.36,-38.147
28447,1977-11-22 00:00:00,0.066943333487572,-0.0693364987984771,0.2032231657736213,144.36,-38.147
28448,1977-11-23 00:00:00,0.0241380286507048,-0.1121502233695247,0.1604262806709343,144.36,-38.147
28449,1977-11-24 00:00:00,0.0213517884036798,-0.1149894194514737,0.1576929962588334,144.36,-38.147
28450,1977-11-25 00:00:00,-0.0711695228440733,-0.2075917962286176,0.0652527505404709,144.36,-38.147
28451,1977-11-26 00:00:00,-0.0145242804069746,-0.1510380906155843,0.121989529801635,144.36,-38.147
28452,1977-11-27 00:00:00,0.0944321997942172,-0.0422553766116488,0.2311197762000833,144.36,-38.147
28453,1977-11-28 00:00:00,0.0209037385850656,-0.1155433911923844,0.1573508683625157,144.36,-38.147
28454,1977-11-29 00:00:00,0.2092240276946249,0.0726717636455004,0.3457762917437494,144.36,-38.147
28455,1977-11-30 00:00:00,0.1368993666923758,0.000454162953087,0.2733445704316646,144.36,-38.147
28456,1977-12-01 00:00:00,0.0659877719650198,-0.0702692954835125,0.2022448394135522,144.36,-38.147
28457,1977-12-02 00:00:00,0.301962186208306,0.1653279232512465,0.4385964491653654,144.36,-38.147
28458,1977-12-03 00:00:00,0.3813354301963966,0.2444955226131474,0.5181753377796459,144.36,-38.147
28459,1977-12-04 00:00:00,0.2811415097594279,0.1441879132265573,0.4180951062922984,144.36,-38.147
28460,1977-12-05 00:00:00,0.1188035604383241,-0.0176952563516476,0.2553023772282961,144.36,-38.147
28461,1977-12-06 00:00:00,0.0840941820789477,-0.0522625866899543,0.2204509508478497,144.36,-38.147
28462,1977-12-07 00:00:00,0.0373558730465067,-0.0989068919721323,0.1736186380651457,144.36,-38.147
28463,1977-12-08 00:00:00,0.0345826004412012,-0.1016509968967656,0.1708161977791681,144.36,-38.147
28464,1977-12-09 00:00:00,-0.000495565046404,-0.1368019071277207,0.1358107770349125,144.36,-38.147
28465,1977-12-10 00:00:00,0.0671328628293573,-0.0691713710200478,0.2034370966787625,144.36,-38.147
28466,1977-12-11 00:00:00,0.0574888839974223,-0.0790390757787656,0.1940168437736103,144.36,-38.147
28467,1977-12-12 00:00:00,-0.0273550561496995,-0.1639391632562337,0.1092290509568346,144.36,-38.147
28468,1977-12-13 00:00:00,0.0112607999413878,-0.1249601429933395,0.1474817428761152,144.36,-38.147
28469,1977-12-14 00:00:00,0.0983558955451463,-0.0378803965611632,0.2345921876514559,144.36,-38.147
28470,1977-12-15 00:00:00,0.1561888468385932,0.0198312243177936,0.2925464693593927,144.36,-38.147
28471,1977-12-16 00:00:00,0.2566958176756876,0.1194029238906227,0.3939887114607525,144.36,-38.147
28472,1977-12-17 00:00:00,0.1203375095228699,-0.0166943472011267,0.2573693662468668,144.36,-38.147
28473,1977-12-18 00:00:00,0.3485678808458236,0.211895167594313,0.4852405940973342,144.36,-38.147
28474,1977-12-19 00:00:00,0.1437279858684654,0.0067679207737495,0.2806880509631813,144.36,-38.147
28475,1977-12-20 00:00:00,0.0209480904925351,-0.1152793381890389,0.1571755191741092,144.36,-38.147
28476,1977-12-21 00:00:00,-0.0028758344395603,-0.1390958589981726,0.133344190119052,144.36,-38.147
28477,1977-12-22 00:00:00,0.0099759480566884,-0.1265742203102286,0.1465261164236054,144.36,-38.147
28478,1977-12-23 00:00:00,0.0274522157471202,-0.1091727242529859,0.1640771557472264,144.36,-38.147
28479,1977-12-24 00:00:00,0.0721108621492819,-0.0646938491311253,0.2089155734296892,144.36,-38.147
28480,1977-12-25 00:00:00,0.0924201059298436,-0.0440522516122868,0.228892463471974,144.36,-38.147
28481,1977-12-26 00:00:00,0.2667583173653939,0.1303607735306002,0.4031558612001876,144.36,-38.147
28482,1977-12-27 00:00:00,0.4105785561561881,0.2732712866023405,0.5478858257100356,144.36,-38.147
28483,1977-12-28 00:00:00,0.1509206851510097,0.0135606978119475,0.2882806724900719,144.36,-38.147
28484,1977-12-29 00:00:00,-0.0080156029791752,-0.1445645965182466,0.1285333905598962,144.36,-38.147
28485,1977-12-30 00:00:00,-0.0193975611424919,-0.1556034882834485,0.1168083659984646,144.36,-38.147
28486,1977-12-31 00:00:00,0.0088700111176764,-0.1273765470385865,0.1451165692739394,144.36,-38.147
28487,1978-01-01 00:00:00,0.1169661065895066,-0.0193543873025088,0.253286600481522,144.36,-38.147
28488,1978-01-02 00:00:00,0.1219729855344564,-0.0144370067016124,0.2583829777705254,144.36,-38.147
28489,1978-01-03 00:00:00,0.0781169664141281,-0.0582915422409949,0.2145254750692513,144.36,-38.147
28490,1978-01-04 00:00:00,-0.0146396568225112,-0.151456240416741,0.1221769267717184,144.36,-38.147
28491,1978-01-05 00:00:00,-0.0259001551529476,-0.1626485556354438,0.1108482453295485,144.36,-38.147
28492,1978-01-06 00:00:00,0.0733888524218336,-0.0632066581403316,0.2099843629839989,144.36,-38.147
28493,1978-01-07 00:00:00,0.1027858793670061,-0.0336403359185748,0.2392120946525871,144.36,-38.147
28494,1978-01-08 00:00:00,0.0395405065832696,-0.0966776694860304,0.1757586826525696,144.36,-38.147
28495,1978-01-09 00:00:00,0.0615650335698261,-0.0746417263130389,0.1977717934526911,144.36,-38.147
28496,1978-01-10 00:00:00,0.1382217672950499,0.0018385873372872,0.2746049472528127,144.36,-38.147
28497,1978-01-11 00:00:00,0.1729397637382622,0.0360296750684335,0.3098498524080908,144.36,-38.147
28498,1978-01-12 00:00:00,0.0227013277413925,-0.1138116355987725,0.1592142910815576,144.36,-38.147
28499,1978-01-13 00:00:00,0.0381816516214071,-0.0980764288540958,0.1744397320969101,144.36,-38.147
28500,1978-01-14 00:00:00,0.0394772260163098,-0.0968040895276797,0.1757585415602995,144.36,-38.147
28501,1978-01-15 00:00:00,0.1820780723819325,0.0453704060165055,0.3187857387473595,144.36,-38.147
28502,1978-01-16 00:00:00,0.2517811826557121,0.1146803946741645,0.3888819706372597,144.36,-38.147
28503,1978-01-17 00:00:00,0.0239101861567667,-0.1124077741414168,0.1602281464549502,144.36,-38.147
28504,1978-01-18 00:00:00,0.0546045973032283,-0.0816289285308973,0.190838123137354,144.36,-38.147
28505,1978-01-19 00:00:00,0.0237548026689576,-0.1124220662823181,0.1599316716202334,144.36,-38.147
28506,1978-01-20 00:00:00,-0.0054917013217986,-0.1416941313391209,0.1307107286955237,144.36,-38.147
28507,1978-01-21 00:00:00,0.0406684319572448,-0.0955778490664551,0.1769147129809448,144.36,-38.147
28508,1978-01-22 00:00:00,0.1124974689156875,-0.0239910830538487,0.2489860208852238,144.36,-38.147
28509,1978-01-23 00:00:00,0.0577208130909511,-0.0785923857620846,0.194034011943987,144.36,-38.147
28510,1978-01-24 00:00:00,0.1979242133021828,0.0614493226702785,0.334399103934087,144.36,-38.147
28511,1978-01-25 00:00:00,0.1263414453811247,-0.0099701619122819,0.2626530526745314,144.36,-38.147
28512,1978-01-26 00:00:00,0.079816524744491,-0.0564773756041716,0.2161104250931537,144.36,-38.147
28513,1978-01-27 00:00:00,0.1208137540732002,-0.0157132597666555,0.2573407679130561,144.36,-38.147
28514,1978-01-28 00:00:00,0.097445349950511,-0.0393057404815753,0.2341964403825974,144.36,-38.147
28515,1978-01-29 00:00:00,0.0090274061863823,-0.127744317687546,0.1457991300603106,144.36,-38.147
28516,1978-01-30 00:00:00,0.0185267631055326,-0.1184973669128124,0.1555508931238777,144.36,-38.147
28517,1978-01-31 00:00:00,0.0769818494486536,-0.0594597675679145,0.2134234664652218,144.36,-38.147
28518,1978-02-01 00:00:00,0.0365911750644182,-0.0996601347774811,0.1728424849063175,144.36,-38.147
28519,1978-02-02 00:00:00,0.0348675665894277,-0.101353396472887,0.1710885296517424,144.36,-38.147
28520,1978-02-03 00:00:00,0.0181087490482939,-0.1181794423211884,0.1543969404177763,144.36,-38.147
28521,1978-02-04 00:00:00,0.0912746171415247,-0.0454957255531994,0.2280449598362488,144.36,-38.147
28522,1978-02-05 00:00:00,0.2128900267222431,0.0762055541550285,0.3495744992894577,144.36,-38.147
28523,1978-02-06 00:00:00,0.0815053911593323,-0.0549366794220884,0.217947461740753,144.36,-38.147
28524,1978-02-07 00:00:00,0.0937002129880364,-0.0426919791946555,0.2300924051707284,144.36,-38.147
28525,1978-02-08 00:00:00,0.1006633631153424,-0.0357965194185134,0.2371232456491983,144.36,-38.147
28526,1978-02-09 00:00:00,0.3834647444371923,0.2465937054637529,0.5203357834106318,144.36,-38.147
28527,1978-02-10 00:00:00,0.1097673800224463,-0.0273162853625776,0.2468510454074703,144.36,-38.147
28528,1978-02-11 00:00:00,0.3388819292314997,0.2019016024119859,0.4758622560510135,144.36,-38.147
28529,1978-02-12 00:00:00,0.3316286736470613,0.1942521340561729,0.4690052132379496,144.36,-38.147
28530,1978-02-13 00:00:00,0.0482965882028279,-0.0881280912910243,0.1847212676966803,144.36,-38.147
28531,1978-02-14 00:00:00,0.0819810555996467,-0.0544124711681342,0.2183745823674277,144.36,-38.147
28532,1978-02-15 00:00:00,-0.0147831277438594,-0.1510608307895934,0.1214945753018744,144.36,-38.147
28533,1978-02-16 00:00:00,-0.0043263321954559,-0.1407141802152411,0.1320615158243291,144.36,-38.147
28534,1978-02-17 00:00:00,0.0747418691622308,-0.0616273052133128,0.2111110435377745,144.36,-38.147
28535,1978-02-18 00:00:00,0.008785875177421,-0.1274028634116573,0.1449746137664994,144.36,-38.147
28536,1978-02-19 00:00:00,0.009202663240648,-0.1270076911055444,0.1454130175868405,144.36,-38.147
28537,1978-02-20 00:00:00,0.0293142400023898,-0.106928551606436,0.1655570316112157,144.36,-38.147
28538,1978-02-21 00:00:00,0.0875998156111539,-0.0488075568397337,0.2240071880620416,144.36,-38.147
28539,1978-02-22 00:00:00,0.0979978778313015,-0.038399648244547,0.23439540390715,144.36,-38.147
28540,1978-02-23 00:00:00,0.0347234932262332,-0.1015950511958818,0.1710420376483483,144.36,-38.147
28541,1978-02-24 00:00:00,0.0367995080659493,-0.0995702513814446,0.1731692675133434,144.36,-38.147
28542,1978-02-25 00:00:00,0.0122378154550257,-0.1241640574782547,0.1486396883883062,144.36,-38.147
28543,1978-02-26 00:00:00,-0.0393447239189933,-0.1757971641434896,0.0971077163055028,144.36,-38.147
28544,1978-02-27 00:00:00,0.0376263527921679,-0.098667986110945,0.173920691695281,144.36,-38.147
28545,1978-02-28 00:00:00,0.188115317407232,0.0510399006370874,0.3251907341773765,144.36,-38.147
28546,1978-03-01 00:00:00,0.0540559945984436,-0.0824396630116774,0.1905516522085648,144.36,-38.147
28547,1978-03-02 00:00:00,0.0490431869094642,-0.0872211654463166,0.1853075392652452,144.36,-38.147
28548,1978-03-03 00:00:00,0.0210711433362461,-0.115317000154149,0.1574592868266414,144.36,-38.147
28549,1978-03-04 00:00:00,-0.0149953814331514,-0.1512523079638183,0.1212615450975153,144.36,-38.147
28550,1978-03-05 00:00:00,-0.0306719852011007,-0.166892463223665,0.1055484928214635,144.36,-38.147
28551,1978-03-06 00:00:00,-0.0233422377929731,-0.1595574628968742,0.1128729873109279,144.36,-38.147
28552,1978-03-07 00:00:00,0.0347816863649188,-0.1014224390275619,0.1709858117573997,144.36,-38.147
28553,1978-03-08 00:00:00,0.0820946039321794,-0.05407898975526,0.2182681976196188,144.36,-38.147
28554,1978-03-09 00:00:00,0.0574306140655736,-0.0788645642329639,0.1937257923641113,144.36,-38.147
28555,1978-03-10 00:00:00,0.069963764901035,-0.066398395717588,0.2063259255196581,144.36,-38.147
28556,1978-03-11 00:00:00,0.017003410333503,-0.1193838041976304,0.1533906248646365,144.36,-38.147
28557,1978-03-12 00:00:00,0.1171455555661178,-0.0192343559806195,0.2535254671128552,144.36,-38.147
28558,1978-03-13 00:00:00,0.0789079253085313,-0.0573194419310436,0.2151352925481063,144.36,-38.147
28559,1978-03-14 00:00:00,0.0043913354427534,-0.1318339751857016,0.1406166460712083,144.36,-38.147
28560,1978-03-15 00:00:00,0.0092701196696523,-0.1269125792008172,0.1454528185401219,144.36,-38.147
28561,1978-03-16 00:00:00,0.0073279970865053,-0.1289899948634613,0.143645989036472,144.36,-38.147
28562,1978-03-17 00:00:00,-0.0186155060346357,-0.1549095728228596,0.1176785607535882,144.36,-38.147
28563,1978-03-18 00:00:00,-0.0359729850031785,-0.1725006448634777,0.1005546748571205,144.36,-38.147
28564,1978-03-19 00:00:00,-0.0306700947164132,-0.167965902633015,0.1066257132001884,144.36,-38.147
28565,1978-03-20 00:00:00,-0.0315964485915417,-0.1694628526902546,0.1062699555071712,144.36,-38.147
28566,1978-03-21 00:00:00,-0.0387342840292909,-0.1766206963012515,0.0991521282426696,144.36,-38.147
28567,1978-03-22 00:00:00,-0.0163893148428028,-0.1534796253101014,0.1207009956244956,144.36,-38.147
28568,1978-03-23 00:00:00,0.0806982715345969,-0.0560501889629024,0.2174467320320963,144.36,-38.147
28569,1978-03-24 00:00:00,0.001168410655059,-0.13522523982443,0.137562061134548,144.36,-38.147
28570,1978-03-25 00:00:00,0.0914065957375015,-0.0449707966673783,0.2277839881423815,144.36,-38.147
28571,1978-03-26 00:00:00,0.1443646105122987,0.0079532149661128,0.2807760060584846,144.36,-38.147
28572,1978-03-27 00:00:00,0.1962461837710997,0.0598307499222918,0.3326616176199077,144.36,-38.147
28573,1978-03-28 00:00:00,0.0598441971652222,-0.076584605508237,0.1962729998386816,144.36,-38.147
28574,1978-03-29 00:00:00,0.0658417509095822,-0.0705715744611067,0.2022550762802713,144.36,-38.147
28575,1978-03-30 00:00:00,0.2471129039288535,0.1106109414087951,0.3836148664489118,144.36,-38.147
28576,1978-03-31 00:00:00,0.1121318361139805,-0.0242171455442855,0.2484808177722466,144.36,-38.147
28577,1978-04-01 00:00:00,0.0227876199398873,-0.113616692402023,0.1591919322817976,144.36,-38.147
28578,1978-04-02 00:00:00,-0.0078671671788324,-0.1443617581312206,0.1286274237735558,144.36,-38.147
28579,1978-04-03 00:00:00,0.0112983792710221,-0.1252611834528605,0.1478579419949047,144.36,-38.147
28580,1978-04-04 00:00:00,0.0595923014760892,-0.0766831236898434,0.1958677266420219,144.36,-38.147
28581,1978-04-05 00:00:00,0.0440635557263855,-0.092134283882013,0.180261395334784,144.36,-38.147
28582,1978-04-06 00:00:00,0.1075010721655896,-0.0287558486735637,0.2437579930047429,144.36,-38.147
28583,1978-04-07 00:00:00,0.0565156221277194,-0.0797810153947524,0.1928122596501913,144.36,-38.147
28584,1978-04-08 00:00:00,0.0207813106008012,-0.1154519886859309,0.1570146098875335,144.36,-38.147
28585,1978-04-09 00:00:00,0.0013495037154671,-0.1350231704711665,0.1377221779021009,144.36,-38.147
28586,1978-04-10 00:00:00,0.0636862528609066,-0.0727223510300855,0.2000948567518988,144.36,-38.147
28587,1978-04-11 00:00:00,0.1658419183708326,0.0291975374399126,0.3024862993017526,144.36,-38.147
28588,1978-04-12 00:00:00,0.1037111701115112,-0.0330882053896052,0.2405105456126277,144.36,-38.147
28589,1978-04-13 00:00:00,-0.0148691840713506,-0.1514097476361831,0.1216713794934817,144.36,-38.147
28590,1978-04-14 00:00:00,-0.0089328959837026,-0.1451580015202763,0.1272922095528711,144.36,-38.147
28591,1978-04-15 00:00:00,-0.0116585718007631,-0.1478521046946423,0.1245349610931159,144.36,-38.147
28592,1978-04-16 00:00:00,0.0234662733222514,-0.112735486513032,0.1596680331575349,144.36,-38.147
28593,1978-04-17 00:00:00,0.0364532057868407,-0.0997434325375664,0.172649844111248,144.36,-38.147
28594,1978-04-18 00:00:00,0.0694216882578352,-0.0669244301832075,0.2057678066988781,144.36,-38.147
28595,1978-04-19 00:00:00,0.0340146801117291,-0.1023631905815291,0.1703925508049874,144.36,-38.147
28596,1978-04-20 00:00:00,0.028123122640009,-0.1081052775642443,0.1643515228442624,144.36,-38.147
28597,1978-04-21 00:00:00,0.0282381507464869,-0.1079402869406156,0.1644165884335896,144.36,-38.147
28598,1978-04-22 00:00:00,0.0886632701287872,-0.047565897948986,0.2248924382065604,144.36,-38.147
28599,1978-04-23 00:00:00,0.1550682282470104,0.0186125266185484,0.2915239298754722,144.36,-38.147
28600,1978-04-24 00:00:00,0.091437242650417,-0.0449695608076114,0.2278440461084454,144.36,-38.147
28601,1978-04-25 00:00:00,0.1795993572515982,0.043150547076117,0.3160481674270795,144.36,-38.147
28602,1978-04-26 00:00:00,0.1942229586510098,0.0572943110607437,0.3311516062412759,144.36,-38.147
28603,1978-04-27 00:00:00,0.0060702800128654,-0.1305435199686099,0.1426840799943409,144.36,-38.147
28604,1978-04-28 00:00:00,0.0934140294240295,-0.0429523417989003,0.2297804006469595,144.36,-38.147
28605,1978-04-29 00:00:00,0.1696088056626347,0.0330909611896079,0.3061266501356615,144.36,-38.147
28606,1978-04-30 00:00:00,0.1258101038007685,-0.0105431850921525,0.2621633926936896,144.36,-38.147
28607,1978-05-01 00:00:00,0.0850356170569173,-0.0513982301890576,0.2214694643028923,144.36,-38.147
28608,1978-05-02 00:00:00,0.0655438494351028,-0.0708652771002412,0.2019529759704468,144.36,-38.147
28609,1978-05-03 00:00:00,0.0772008211450993,-0.0590479810437344,0.2134496233339331,144.36,-38.147
28610,1978-05-04 00:00:00,0.031389039596141,-0.1047938199975081,0.1675718991897902,144.36,-38.147
28611,1978-05-05 00:00:00,0.0032954770976039,-0.132905810317102,0.1394967645123099,144.36,-38.147
28612,1978-05-06 00:00:00,0.0165067814409183,-0.1198165478869464,0.1528301107687832,144.36,-38.147
28613,1978-05-07 00:00:00,0.0436926841153084,-0.092648623864524,0.1800339920951409,144.36,-38.147
28614,1978-05-08 00:00:00,0.0915052788683633,-0.0448878081383633,0.2278983658750899,144.36,-38.147
28615,1978-05-09 00:00:00,0.1249471825326372,-0.0116301007495726,0.2615244658148472,144.36,-38.147
28616,1978-05-10 00:00:00,0.173670763070432,0.0369541428992148,0.3103873832416492,144.36,-38.147
28617,1978-05-11 00:00:00,0.1259635667024642,-0.0112012341597645,0.2631283675646929,144.36,-38.147
28618,1978-05-12 00:00:00,0.1527335204003752,0.0157624920907903,0.28970454870996,144.36,-38.147
28619,1978-05-13 00:00:00,0.0683324231582276,-0.0680838481332098,0.2047486944496652,144.36,-38.147
28620,1978-05-14 00:00:00,0.0360395421641854,-0.1003522500290785,0.1724313343574494,144.36,-38.147
28621,1978-05-15 00:00:00,-0.0193571889303152,-0.1555663897505952,0.1168520118899646,144.36,-38.147
28622,1978-05-16 00:00:00,0.0034693702419947,-0.1327090329419761,0.1396477734259657,144.36,-38.147
28623,1978-05-17 00:00:00,0.0108687975549341,-0.1253395346657123,0.1470771297755805,144.36,-38.147
28624,1978-05-18 00:00:00,0.0265664691761411,-0.1098649898698227,0.1629979282221049,144.36,-38.147
28625,1978-05-19 00:00:00,0.0722656722669045,-0.0652347712028816,0.2097661157366908,144.36,-38.147
28626,1978-05-20 00:00:00,0.049560452428856,-0.0882625671907402,0.1873834720484524,144.36,-38.147
28627,1978-05-21 00:00:00,0.0328129939009011,-0.1042014778070148,0.169827465608817,144.36,-38.147
28628,1978-05-22 00:00:00,0.0507667334995678,-0.0856958375701933,0.1872293045693289,144.36,-38.147
28629,1978-05-23 00:00:00,0.1320908180878047,-0.0043708586515044,0.2685524948271139,144.36,-38.147
28630,1978-05-24 00:00:00,0.1833575495357211,0.0469723330702339,0.3197427660012084,144.36,-38.147
28631,1978-05-25 00:00:00,0.1959717278183852,0.0596383696443428,0.3323050859924277,144.36,-38.147
28632,1978-05-26 00:00:00,0.183244490048767,0.0465567629857424,0.3199322171117915,144.36,-38.147
28633,1978-05-27 00:00:00,0.1143777760960192,-0.0223205880586768,0.2510761402507154,144.36,-38.147
28634,1978-05-28 00:00:00,0.093212432014767,-0.043506054625587,0.229930918655121,144.36,-38.147
28635,1978-05-29 00:00:00,0.1404272739697675,0.003782882742782,0.2770716651967531,144.36,-38.147
28636,1978-05-30 00:00:00,0.1715228968442079,0.0350575187317714,0.3079882749566445,144.36,-38.147
28637,1978-05-31 00:00:00,0.0597040455873124,-0.0766709784957936,0.1960790696704185,144.36,-38.147
28638,1978-06-01 00:00:00,-0.018653682207024,-0.155065045139788,0.1177576807257399,144.36,-38.147
28639,1978-06-02 00:00:00,-0.0612248812241463,-0.1977059578112864,0.0752561953629937,144.36,-38.147
28640,1978-06-03 00:00:00,-0.0605986292797725,-0.1987367267464027,0.0775394681868575,144.36,-38.147
28641,1978-06-04 00:00:00,-0.0089021648186549,-0.1484756644894415,0.1306713348521316,144.36,-38.147
28642,1978-06-05 00:00:00,0.077773945498843,-0.0597031239758075,0.2152510149734937,144.36,-38.147
28643,1978-06-06 00:00:00,0.1316089161111053,-0.0047362438960979,0.2679540761183085,144.36,-38.147
28644,1978-06-07 00:00:00,0.1280123801250467,-0.0082440088891704,0.2642687691392638,144.36,-38.147
28645,1978-06-08 00:00:00,0.1191966276852326,-0.0170555558032899,0.2554488111737552,144.36,-38.147
28646,1978-06-09 00:00:00,0.2238668819949785,0.0875688046022969,0.3601649593876601,144.36,-38.147
28647,1978-06-10 00:00:00,0.1764746807195956,0.0401993447200237,0.3127500167191674,144.36,-38.147
28648,1978-06-11 00:00:00,0.0639312854912426,-0.0722970643714624,0.2001596353539476,144.36,-38.147
28649,1978-06-12 00:00:00,0.1341447372661116,-0.0024030211024379,0.2706924956346612,144.36,-38.147
28650,1978-06-13 00:00:00,0.1245706608866737,-0.0122128084979917,0.2613541302713393,144.36,-38.147
28651,1978-06-14 00:00:00,0.0153857595254009,-0.121721640977338,0.1524931600281399,144.36,-38.147
28652,1978-06-15 00:00:00,-0.0054507831299985,-0.1421655473749114,0.1312639811149144,144.36,-38.147
28653,1978-06-16 00:00:00,-0.0089075611017713,-0.1452889792448125,0.1274738570412698,144.36,-38.147
28654,1978-06-17 00:00:00,0.0611412530238488,-0.0751365413945878,0.1974190474422855,144.36,-38.147
28655,1978-06-18 00:00:00,0.0817630956866691,-0.0546908051053079,0.2182169964786461,144.36,-38.147
28656,1978-06-19 00:00:00,0.0403349517588218,-0.0961504894674981,0.1768203929851419,144.36,-38.147
28657,1978-06-20 00:00:00,0.003880974197435,-0.13240085084776,0.1401627992426302,144.36,-38.147
28658,1978-06-21 00:00:00,0.0210986369246137,-0.1151065799147854,0.1573038537640129,144.36,-38.147
28659,1978-06-22 00:00:00,0.0501421232461184,-0.0861797061009703,0.1864639525932072,144.36,-38.147
28660,1978-06-23 00:00:00,0.0995375454666153,-0.0368693478806119,0.2359444388138425,144.36,-38.147
28661,1978-06-24 00:00:00,0.1428080160111463,0.0062692618333017,0.279346770188991,144.36,-38.147
28662,1978-06-25 00:00:00,0.0440297501980124,-0.0930481043885725,0.1811076047845975,144.36,-38.147
28663,1978-06-26 00:00:00,-0.0627479350922211,-0.1996157722948836,0.0741199021104414,144.36,-38.147
28664,1978-06-27 00:00:00,-0.0076866633335205,-0.1442812347450232,0.1289079080779821,144.36,-38.147
28665,1978-06-28 00:00:00,-0.011939975021582,-0.1484556226557556,0.1245756726125914,144.36,-38.147
28666,1978-06-29 00:00:00,0.001872736474429,-0.1344981731827385,0.1382436461315966,144.36,-38.147
28667,1978-06-30 00:00:00,0.0081028987785145,-0.1281734011612545,0.1443791987182837,144.36,-38.147
28668,1978-07-01 00:00:00,0.0258340133985582,-0.1103832771259776,0.1620513039230941,144.36,-38.147
28669,1978-07-02 00:00:00,0.052629261868008,-0.0838853422291968,0.189143865965213,144.36,-38.147
28670,1978-07-03 00:00:00,0.0703319753406618,-0.066574106549538,0.2072380572308617,144.36,-38.147
28671,1978-07-04 00:00:00,0.2217269123599379,0.0847189195944188,0.3587349051254569,144.36,-38.147
28672,1978-07-05 00:00:00,0.2343405745327444,0.0974857273168294,0.3711954217486594,144.36,-38.147
28673,1978-07-06 00:00:00,0.3764385842764478,0.2391393843465748,0.5137377842063209,144.36,-38.147
28674,1978-07-07 00:00:00,0.0949766817447065,-0.0414413548185489,0.2313947183079621,144.36,-38.147
28675,1978-07-08 00:00:00,0.0814615945461357,-0.0547618445574134,0.2176850336496849,144.36,-38.147
28676,1978-07-09 00:00:00,0.1485436977036879,0.0122146708155115,0.2848727245918643,144.36,-38.147
28677,1978-07-10 00:00:00,0.1797569222093622,0.0432616338911707,0.3162522105275538,144.36,-38.147
28678,1978-07-11 00:00:00,0.2127831116878396,0.0762782575511113,0.349287965824568,144.36,-38.147
28679,1978-07-12 00:00:00,0.235994710318732,0.0993717049443876,0.3726177156930764,144.36,-38.147
28680,1978-07-13 00:00:00,0.0547605270062715,-0.0817201847991839,0.1912412388117269,144.36,-38.147
28681,1978-07-14 00:00:00,0.100993313186121,-0.0354495099804616,0.2374361363527037,144.36,-38.147
28682,1978-07-15 00:00:00,0.0796137204090283,-0.056860827759595,0.2160882685776518,144.36,-38.147
28683,1978-07-16 00:00:00,0.0956658534395742,-0.0410862836836062,0.2324179905627546,144.36,-38.147
28684,1978-07-17 00:00:00,0.147056633074006,0.0095687403531226,0.2845445257948895,144.36,-38.147
28685,1978-07-18 00:00:00,0.1596176499067881,0.0221726928772115,0.2970626069363647,144.36,-38.147
28686,1978-07-19 00:00:00,0.1463818540532158,0.0100304622428685,0.2827332458635632,144.36,-38.147
28687,1978-07-20 00:00:00,0.1356527516821675,-0.0006645923335138,0.2719700956978489,144.36,-38.147
28688,1978-07-21 00:00:00,0.2068395739758857,0.0701463896803066,0.3435327582714648,144.36,-38.147
28689,1978-07-22 00:00:00,0.1769890254819983,0.0396810590445846,0.3142969919194119,144.36,-38.147
28690,1978-07-23 00:00:00,0.4212583574253366,0.2837991264561675,0.5587175883945057,144.36,-38.147
28691,1978-07-24 00:00:00,0.1198390234053403,-0.0173683537121635,0.2570464005228441,144.36,-38.147
28692,1978-07-25 00:00:00,0.1092040334623504,-0.0273073296993416,0.2457153966240425,144.36,-38.147
28693,1978-07-26 00:00:00,0.0409664887228879,-0.0953335846543589,0.1772665621001347,144.36,-38.147
28694,1978-07-27 00:00:00,0.1803192355676576,0.0439476747549891,0.3166907963803261,144.36,-38.147
28695,1978-07-28 00:00:00,0.1989938651378216,0.0625019397323322,0.335485790543311,144.36,-38.147
28696,1978-07-29 00:00:00,0.0572558430798252,-0.0790900073827809,0.1936016935424314,144.36,-38.147
28697,1978-07-30 00:00:00,0.0643538685330991,-0.0719256588255722,0.2006333958917704,144.36,-38.147
28698,1978-07-31 00:00:00,0.0790398916426473,-0.0572583057326799,0.2153380890179745,144.36,-38.147
28699,1978-08-01 00:00:00,0.1117733223182517,-0.0245539116600549,0.2481005562965584,144.36,-38.147
28700,1978-08-02 00:00:00,0.1523847221002261,0.0159781949554972,0.288791249244955,144.36,-38.147
28701,1978-08-03 00:00:00,0.155197278222257,0.0189336821051419,0.2914608743393722,144.36,-38.147
28702,1978-08-04 00:00:00,0.0249277248856648,-0.1113557104881138,0.1612111602594435,144.36,-38.147
28703,1978-08-05 00:00:00,0.0186643920787929,-0.1176194989070948,0.1549482830646806,144.36,-38.147
28704,1978-08-06 00:00:00,0.1085837017208623,-0.0277640222774536,0.2449314257191783,144.36,-38.147
28705,1978-08-07 00:00:00,0.0836197714965349,-0.053374560328476,0.2206141033215458,144.36,-38.147
28706,1978-08-08 00:00:00,0.1370413604237945,-0.0004404324646825,0.2745231533122716,144.36,-38.147
28707,1978-08-09 00:00:00,0.1436757035593227,0.0068340601244154,0.2805173469942299,144.36,-38.147
28708,1978-08-10 00:00:00,0.1147161427663607,-0.0218307078109764,0.2512629933436979,144.36,-38.147
28709,1978-08-11 00:00:00,0.1326318181270894,-0.0041035363991876,0.2693671726533665,144.36,-38.147
28710,1978-08-12 00:00:00,0.2566481356965346,0.1197194629310658,0.3935768084620034,144.36,-38.147
28711,1978-08-13 00:00:00,0.0794852845491556,-0.0571587747192309,0.2161293438175422,144.36,-38.147
28712,1978-08-14 00:00:00,0.0220473680790123,-0.1142876959286852,0.1583824320867098,144.36,-38.147
28713,1978-08-15 00:00:00,0.0864708702221188,-0.0498214958770997,0.2227632363213374,144.36,-38.147
28714,1978-08-16 00:00:00,0.0952820131326683,-0.0411305668301757,0.2316945930955125,144.36,-38.147
28715,1978-08-17 00:00:00,0.0248276020553906,-0.1115947017113801,0.1612499058221614,144.36,-38.147
28716,1978-08-18 00:00:00,0.017771232722193,-0.1184302538171311,0.1539727192615171,144.36,-38.147
28717,1978-08-19 00:00:00,0.084648582878641,-0.051578638914687,0.2208758046719691,144.36,-38.147
28718,1978-08-20 00:00:00,0.1589773175511226,0.0223921232594777,0.2955625118427675,144.36,-38.147
28719,1978-08-21 00:00:00,0.1523500061144717,0.0158774153309733,0.2888225968979701,144.36,-38.147
28720,1978-08-22 00:00:00,0.150903883939884,0.0143764787308323,0.2874312891489357,144.36,-38.147
28721,1978-08-23 00:00:00,-0.0021481881286355,-0.1388028708164643,0.1345064945591931,144.36,-38.147
28722,1978-08-24 00:00:00,-0.0757893505154645,-0.2120278861495193,0.0604491851185902,144.36,-38.147
28723,1978-08-25 00:00:00,-0.0110488726423532,-0.1472930835016358,0.1251953382169292,144.36,-38.147
28724,1978-08-26 00:00:00,0.0992668907399703,-0.0374691561592574,0.236002937639198,144.36,-38.147
28725,1978-08-27 00:00:00,0.0153741372746617,-0.1212306707223479,0.1519789452716714,144.36,-38.147
28726,1978-08-28 00:00:00,-0.0129793147555957,-0.1492055864463535,0.123246956935162,144.36,-38.147
28727,1978-08-29 00:00:00,0.0054339806158855,-0.1307710360747103,0.1416389973064815,144.36,-38.147
28728,1978-08-30 00:00:00,0.0482583061031598,-0.0879541241734863,0.1844707363798061,144.36,-38.147
28729,1978-08-31 00:00:00,0.0342306105769177,-0.1019946388121502,0.1704558599659857,144.36,-38.147
28730,1978-09-01 00:00:00,0.0361881745868745,-0.1000120733993652,0.1723884225731143,144.36,-38.147
28731,1978-09-02 00:00:00,0.0606587199084855,-0.0755461256536133,0.1968635654705844,144.36,-38.147
28732,1978-09-03 00:00:00,0.0514568837078976,-0.0848482570869045,0.1877620245026999,144.36,-38.147
28733,1978-09-04 00:00:00,0.1491166717629691,0.0125697535425706,0.2856635899833677,144.36,-38.147
28734,1978-09-05 00:00:00,0.1282602081238127,-0.0082129023027059,0.2647333185503314,144.36,-38.147
28735,1978-09-06 00:00:00,0.1621843221648807,0.0254277860241488,0.2989408583056126,144.36,-38.147
28736,1978-09-07 00:00:00,0.0881390598244092,-0.0482459088150047,0.2245240284638233,144.36,-38.147
28737,1978-09-08 00:00:00,0.1128016319379522,-0.0236976258125637,0.2493008896884682,144.36,-38.147
28738,1978-09-09 00:00:00,0.0783162899186538,-0.0580266753467201,0.2146592551840279,144.36,-38.147
28739,1978-09-10 00:00:00,0.0291045678128363,-0.1071191851090384,0.1653283207347112,144.36,-38.147
28740,1978-09-11 00:00:00,0.0678241268267663,-0.0685636640796154,0.2042119177331481,144.36,-38.147
28741,1978-09-12 00:00:00,0.2713786170491821,0.1343346048988299,0.4084226291995343,144.36,-38.147
28742,1978-09-13 00:00:00,0.4200829214319718,0.2825463952216646,0.557619447642279,144.36,-38.147
28743,1978-09-14 00:00:00,0.2406616287862747,0.1034886710374277,0.3778345865351217,144.36,-38.147
28744,1978-09-15 00:00:00,0.0884115256313306,-0.0479683030946883,0.2247913543573495,144.36,-38.147
28745,1978-09-16 00:00:00,0.0214612663868273,-0.1148174590187992,0.1577399917924538,144.36,-38.147
28746,1978-09-17 00:00:00,0.0714729186894115,-0.0648785597050378,0.2078243970838609,144.36,-38.147
28747,1978-09-18 00:00:00,0.1557132130786556,0.0192845246593548,0.2921419014979564,144.36,-38.147
28748,1978-09-19 00:00:00,0.1399531893084012,0.0033369474734545,0.2765694311433479,144.36,-38.147
28749,1978-09-20 00:00:00,-0.0159244909122032,-0.1525000193137562,0.1206510374893498,144.36,-38.147
28750,1978-09-21 00:00:00,-0.0084367299452607,-0.1448153964055558,0.1279419365150343,144.36,-38.147
28751,1978-09-22 00:00:00,0.0940660197310936,-0.0426445339797008,0.2307765734418881,144.36,-38.147
28752,1978-09-23 00:00:00,0.109616605614558,-0.027023211076683,0.246256422305799,144.36,-38.147
28753,1978-09-24 00:00:00,-0.0084909426522417,-0.1447824676921726,0.1278005823876892,144.36,-38.147
28754,1978-09-25 00:00:00,-0.0058854733811866,-0.1420492542409583,0.130278307478585,144.36,-38.147
28755,1978-09-26 00:00:00,0.0144558091228067,-0.1219322797320743,0.1508438979776879,144.36,-38.147
28756,1978-09-27 00:00:00,0.2454454419502208,0.1082913631219233,0.3825995207785183,144.36,-38.147
28757,1978-09-28 00:00:00,0.1727932302388545,0.0354607211482216,0.3101257393294875,144.36,-38.147
28758,1978-09-29 00:00:00,0.0580333212808861,-0.0782166591425983,0.1942833017043706,144.36,-38.147
28759,1978-09-30 00:00:00,0.0322446931440962,-0.1039719514230543,0.1684613377112468,144.36,-38.147
28760,1978-10-01 00:00:00,0.0308824573325599,-0.1054674283954055,0.1672323430605254,144.36,-38.147
28761,1978-10-02 00:00:00,0.064592084141282,-0.0727209748825316,0.2019051431650956,144.36,-38.147
28762,1978-10-03 00:00:00,0.2617209905567514,0.1232537800801629,0.40018820103334,144.36,-38.147
28763,1978-10-04 00:00:00,0.1337982292659208,-0.0025757715318258,0.2701722300636675,144.36,-38.147
28764,1978-10-05 00:00:00,0.1067114960874855,-0.0295980563283845,0.2430210485033556,144.36,-38.147
28765,1978-10-06 00:00:00,0.0492113509873259,-0.086988326534112,0.1854110285087639,144.36,-38.147
28766,1978-10-07 00:00:00,0.0317602282775749,-0.1044280906068491,0.1679485471619991,144.36,-38.147
28767,1978-10-08 00:00:00,0.0092961466372059,-0.1268757580583139,0.1454680513327257,144.36,-38.147
28768,1978-10-09 00:00:00,0.0100434910014673,-0.1261642275639806,0.1462512095669154,144.36,-38.147
28769,1978-10-10 00:00:00,0.0999665683853444,-0.0363592612133199,0.2362923979840087,144.36,-38.147
28770,1978-10-11 00:00:00,0.0005628129104242,-0.1358453915858101,0.1369710174066585,144.36,-38.147
28771,1978-10-12 00:00:00,0.0974018375577114,-0.039288205741106,0.234091880856529,144.36,-38.147
28772,1978-10-13 00:00:00,0.2535898427020049,0.1165646300401509,0.390615055363859,144.36,-38.147
28773,1978-10-14 00:00:00,0.1289972795937341,-0.0076914458240472,0.2656860050115155,144.36,-38.147
28774,1978-10-15 00:00:00,0.0324924138051768,-0.103945295385133,0.1689301229954867,144.36,-38.147
28775,1978-10-16 00:00:00,0.129100025635905,-0.0071467151969197,0.2653467664687297,144.36,-38.147
28776,1978-10-17 00:00:00,0.1312847978283515,-0.0049908000316203,0.2675603956883233,144.36,-38.147
28777,1978-10-18 00:00:00,0.043299699416458,-0.0934974607539445,0.1800968595868605,144.36,-38.147
28778,1978-10-19 00:00:00,-0.0173473177626245,-0.1543288973416374,0.1196342618163882,144.36,-38.147
28779,1978-10-20 00:00:00,-0.0306943040427979,-0.1669855423879431,0.1055969343023471,144.36,-38.147
28780,1978-10-21 00:00:00,-0.0094344422569307,-0.1456465967440493,0.1267777122301878,144.36,-38.147
28781,1978-10-22 00:00:00,0.0097315204770986,-0.1264948403732993,0.1459578813274965,144.36,-38.147
28782,1978-10-23 00:00:00,0.0380321206478555,-0.0982791387692349,0.174343380064946,144.36,-38.147
28783,1978-10-24 00:00:00,0.0277814392631532,-0.1085982457206721,0.1641611242469786,144.36,-38.147
28784,1978-10-25 00:00:00,0.0449957710426079,-0.0914364019065591,0.1814279439917749,144.36,-38.147
28785,1978-10-26 00:00:00,0.0842499795565867,-0.0521293906686868,0.2206293497818604,144.36,-38.147
28786,1978-10-27 00:00:00,0.208809850650437,0.0723199289838221,0.3452997723170519,144.36,-38.147
28787,1978-10-28 00:00:00,0.0859468760038951,-0.0504679263592441,0.2223616783670343,144.36,-38.147
28788,1978-10-29 00:00:00,0.0330852841659441,-0.1031114926038415,0.1692820609357299,144.36,-38.147
28789,1978-10-30 00:00:00,0.0810502849608673,-0.0552102670861127,0.2173108370078474,144.36,-38.147
28790,1978-10-31 00:00:00,0.0981410056492725,-0.0380874318848478,0.2343694431833929,144.36,-38.147
28791,1978-11-01 00:00:00,0.061081500729883,-0.0751865784043501,0.1973495798641163,144.36,-38.147
28792,1978-11-02 00:00:00,0.0029391570528416,-0.1334757137691271,0.1393540278748103,144.36,-38.147
28793,1978-11-03 00:00:00,-0.0116606198461193,-0.147926558305001,0.1246053186127623,144.36,-38.147
28794,1978-11-04 00:00:00,-0.0253079938661917,-0.1615059479962012,0.1108899602638176,144.36,-38.147
28795,1978-11-05 00:00:00,-0.0046523168592508,-0.1408774569217406,0.1315728232032389,144.36,-38.147
28796,1978-11-06 00:00:00,0.0225611242433795,-0.113744112161059,0.158866360647818,144.36,-38.147
28797,1978-11-07 00:00:00,0.075567686543771,-0.0607197615136359,0.211855134601178,144.36,-38.147
28798,1978-11-08 00:00:00,0.2255153191594941,0.0891941165981782,0.36183652172081,144.36,-38.147
28799,1978-11-09 00:00:00,0.1304873790247673,-0.0058545707329313,0.266829328782466,144.36,-38.147
28800,1978-11-10 00:00:00,0.0488733131430923,-0.0873444369090691,0.1850910631952538,144.36,-38.147
28801,1978-11-11 00:00:00,0.0358546386884715,-0.1008736120940866,0.1725828894710296,144.36,-38.147
28802,1978-11-12 00:00:00,0.0117807605142175,-0.1251540299028085,0.1487155509312437,144.36,-38.147
28803,1978-11-13 00:00:00,0.073507407395518,-0.0627805597240094,0.2097953745150455,144.36,-38.147
28804,1978-11-14 00:00:00,0.076971451009983,-0.0594797478798322,0.2134226498997983,144.36,-38.147
28805,1978-11-15 00:00:00,-0.0055899273808668,-0.1419050621997128,0.1307252074379792,144.36,-38.147
28806,1978-11-16 00:00:00,0.0515941427757435,-0.0845812263926135,0.1877695119441005,144.36,-38.147
28807,1978-11-17 00:00:00,0.0430828048844481,-0.0932262518271948,0.1793918615960911,144.36,-38.147
28808,1978-11-18 00:00:00,0.1392849485179971,0.0021841996759151,0.2763856973600792,144.36,-38.147
28809,1978-11-19 00:00:00,0.201495936965684,0.0641429214880023,0.3388489524433658,144.36,-38.147
28810,1978-11-20 00:00:00,0.171530210492844,0.0346844648763063,0.3083759561093818,144.36,-38.147
28811,1978-11-21 00:00:00,0.217213972425477,0.0806950484972066,0.3537328963537475,144.36,-38.147
28812,1978-11-22 00:00:00,0.198820086388387,0.0621542429520837,0.3354859298246904,144.36,-38.147
28813,1978-11-23 00:00:00,0.1191523299349161,-0.0175007731386551,0.2558054330084873,144.36,-38.147
28814,1978-11-24 00:00:00,0.0751556005109524,-0.0612208514459254,0.2115320524678304,144.36,-38.147
28815,1978-11-25 00:00:00,0.0255078139258177,-0.110800844413348,0.1618164722649835,144.36,-38.147
28816,1978-11-26 00:00:00,0.0463077343319641,-0.0904866705771568,0.1831021392410851,144.36,-38.147
28817,1978-11-27 00:00:00,0.1828126124535755,0.0457119727236406,0.3199132521835103,144.36,-38.147
28818,1978-11-28 00:00:00,0.0347356777674112,-0.101583348842193,0.1710547043770155,144.36,-38.147
28819,1978-11-29 00:00:00,0.0959358243395442,-0.0407090626854652,0.2325807113645537,144.36,-38.147
28820,1978-11-30 00:00:00,0.3380892606437383,0.2010223403775627,0.4751561809099138,144.36,-38.147
28821,1978-12-01 00:00:00,0.0471443802481772,-0.0893096092539314,0.183598369750286,144.36,-38.147
28822,1978-12-02 00:00:00,0.0580912490248295,-0.0782462226267356,0.1944287206763946,144.36,-38.147
28823,1978-12-03 00:00:00,0.2133133340092081,0.075974349904309,0.3506523181141072,144.36,-38.147
28824,1978-12-04 00:00:00,0.2498294526472529,0.1127829958023123,0.3868759094921935,144.36,-38.147
28825,1978-12-05 00:00:00,0.3434621206833874,0.2066644656652178,0.4802597757015568,144.36,-38.147
28826,1978-12-06 00:00:00,0.1481860755720572,0.0114708496393423,0.2849013015047721,144.36,-38.147
28827,1978-12-07 00:00:00,0.0258516865142791,-0.1105842414722608,0.1622876145008191,144.36,-38.147
28828,1978-12-08 00:00:00,0.0096815523763762,-0.1265667850555425,0.145929889808295,144.36,-38.147
28829,1978-12-09 00:00:00,0.0155702274583044,-0.120693062653392,0.1518335175700009,144.36,-38.147
28830,1978-12-10 00:00:00,-0.006558678021572,-0.1428793445810473,0.1297619885379031,144.36,-38.147
28831,1978-12-11 00:00:00,0.1135876953348605,-0.0228105900331099,0.2499859807028311,144.36,-38.147
28832,1978-12-12 00:00:00,0.1705751656481876,0.0340644699847486,0.3070858613116266,144.36,-38.147
28833,1978-12-13 00:00:00,0.1457570896274341,0.0092410300361578,0.2822731492187105,144.36,-38.147
28834,1978-12-14 00:00:00,0.0640618872748211,-0.0724104518620139,0.2005342264116561,144.36,-38.147
28835,1978-12-15 00:00:00,0.0244688519817176,-0.1117988435888233,0.1607365475522587,144.36,-38.147
28836,1978-12-16 00:00:00,0.0584305924881535,-0.0777691488189995,0.1946303337953067,144.36,-38.147
28837,1978-12-17 00:00:00,0.1779772320971625,0.0415758345646078,0.3143786296297172,144.36,-38.147
28838,1978-12-18 00:00:00,0.1671787825996827,0.0305527083429968,0.3038048568563687,144.36,-38.147
28839,1978-12-19 00:00:00,0.1214233212852517,-0.0150988679499283,0.2579455105204317,144.36,-38.147
28840,1978-12-20 00:00:00,0.0773453636102476,-0.0591233445768121,0.2138140717973074,144.36,-38.147
28841,1978-12-21 00:00:00,0.0179730557341597,-0.1183061167164458,0.1542522281847652,144.36,-38.147
28842,1978-12-22 00:00:00,0.052154561993593,-0.0840753230123768,0.1883844469995628,144.36,-38.147
28843,1978-12-23 00:00:00,0.042711463743809,-0.0935852608508892,0.1790081883385072,144.36,-38.147
28844,1978-12-24 00:00:00,0.0366152352480168,-0.0997888885084917,0.1730193590045253,144.36,-38.147
28845,1978-12-25 00:00:00,0.1357410957407576,-0.0007460413423564,0.2722282328238716,144.36,-38.147
28846,1978-12-26 00:00:00,0.1927514039319349,0.0563178570598889,0.3291849508039809,144.36,-38.147
28847,1978-12-27 00:00:00,0.2277345420033547,0.0913610492877684,0.364108034718941,144.36,-38.147
28848,1978-12-28 00:00:00,0.1180318258238493,-0.0182068934619717,0.2542705451096705,144.36,-38.147
28849,1978-12-29 00:00:00,0.0674889237171636,-0.0687602882498881,0.2037381356842154,144.36,-38.147
28850,1978-12-30 00:00:00,0.0438551739371995,-0.0923877643559578,0.1800981122303568,144.36,-38.147
28851,1978-12-31 00:00:00,0.0486392578562991,-0.0875943644472901,0.1848728801598883,144.36,-38.147
28852,1979-01-01 00:00:00,0.0763126657160025,-0.0599073060621476,0.2125326374941527,144.36,-38.147
28853,1979-01-02 00:00:00,0.1163210629194018,-0.020087425735476,0.2527295515742797,144.36,-38.147
28854,1979-01-03 00:00:00,0.0433155193942898,-0.0930589690110084,0.1796900077995881,144.36,-38.147
28855,1979-01-04 00:00:00,-0.02005197794138,-0.1564028800886295,0.1162989242058694,144.36,-38.147
28856,1979-01-05 00:00:00,0.1034190711829023,-0.0330410920300371,0.2398792343958418,144.36,-38.147
28857,1979-01-06 00:00:00,0.1052793640869834,-0.0312163929685906,0.2417751211425576,144.36,-38.147
28858,1979-01-07 00:00:00,0.0822634786838229,-0.0541464594276328,0.2186734167952787,144.36,-38.147
28859,1979-01-08 00:00:00,0.1194959341566153,-0.0169731961108272,0.255965064424058,144.36,-38.147
28860,1979-01-09 00:00:00,0.1242417186625164,-0.0121127948551272,0.26059623218016,144.36,-38.147
28861,1979-01-10 00:00:00,0.2052272363433273,0.0686747133265402,0.3417797593601143,144.36,-38.147
28862,1979-01-11 00:00:00,0.1145473700271354,-0.0216947449696941,0.2507894850239651,144.36,-38.147
28863,1979-01-12 00:00:00,0.102310198833711,-0.0339651235060074,0.2385855211734296,144.36,-38.147
28864,1979-01-13 00:00:00,0.0649259086875934,-0.0713635849680184,0.2012154023432053,144.36,-38.147
28865,1979-01-14 00:00:00,0.0345917296172206,-0.1020233415406512,0.1712068007750924,144.36,-38.147
28866,1979-01-15 00:00:00,0.1591110820678698,0.0218216980018566,0.2964004661338831,144.36,-38.147
28867,1979-01-16 00:00:00,0.0286662714138093,-0.1078832806173537,0.1652158234449724,144.36,-38.147
28868,1979-01-17 00:00:00,0.1972277333494989,0.0609150546724903,0.3335404120265074,144.36,-38.147
28869,1979-01-18 00:00:00,0.1048094077339495,-0.031574765960172,0.2411935814280712,144.36,-38.147
28870,1979-01-19 00:00:00,0.0059161652926382,-0.1303859773927462,0.1422183079780228,144.36,-38.147
28871,1979-01-20 00:00:00,0.0780472530591195,-0.0583915375215221,0.2144860436397612,144.36,-38.147
28872,1979-01-21 00:00:00,0.1729919455103361,0.0353037472374969,0.3106801437831754,144.36,-38.147
28873,1979-01-22 00:00:00,-0.0426489375168267,-0.1798304859578313,0.0945326109241778,144.36,-38.147
28874,1979-01-23 00:00:00,-0.0097865722822335,-0.1462336383452704,0.1266604937808033,144.36,-38.147
28875,1979-01-24 00:00:00,0.0163305807212385,-0.1199859534253054,0.1526471148677824,144.36,-38.147
28876,1979-01-25 00:00:00,0.1704690567418297,0.0335992661221717,0.3073388473614877,144.36,-38.147
28877,1979-01-26 00:00:00,0.2118575709042654,0.0747012824921591,0.3490138593163717,144.36,-38.147
28878,1979-01-27 00:00:00,0.042423104515287,-0.0941254881344268,0.1789716971650009,144.36,-38.147
28879,1979-01-28 00:00:00,-0.051296381477801,-0.1876872458632718,0.0850944829076698,144.36,-38.147
28880,1979-01-29 00:00:00,-0.0270234745556157,-0.1633903501517667,0.1093434010405352,144.36,-38.147
28881,1979-01-30 00:00:00,0.0805771131524779,-0.0558498072276824,0.2170040335326382,144.36,-38.147
28882,1979-01-31 00:00:00,0.0201339005601262,-0.1161856852121645,0.156453486332417,144.36,-38.147
28883,1979-02-01 00:00:00,0.0302178252952689,-0.1060219037340821,0.1664575543246199,144.36,-38.147
28884,1979-02-02 00:00:00,0.0320708231271711,-0.1042388912859818,0.1683805375403242,144.36,-38.147
28885,1979-02-03 00:00:00,0.1706550790332101,0.0341667970841806,0.3071433609822396,144.36,-38.147
28886,1979-02-04 00:00:00,0.2528217589528931,0.1160185428243247,0.3896249750814614,144.36,-38.147
28887,1979-02-05 00:00:00,0.0769013137644596,-0.0595004447104563,0.2133030722393756,144.36,-38.147
28888,1979-02-06 00:00:00,0.0102069309073863,-0.1260827021954971,0.1464965640102698,144.36,-38.147
28889,1979-02-07 00:00:00,0.0073105609645521,-0.128985614639614,0.1436067365687184,144.36,-38.147
28890,1979-02-08 00:00:00,-0.0021968811513815,-0.1384970488295677,0.1341032865268046,144.36,-38.147
28891,1979-02-09 00:00:00,-0.0109782053614754,-0.1472273401306378,0.1252709294076869,144.36,-38.147
28892,1979-02-10 00:00:00,0.065066993041649,-0.0712704730625804,0.2014044591458784,144.36,-38.147
28893,1979-02-11 00:00:00,0.0687953780824999,-0.0675003393883483,0.2050910955533482,144.36,-38.147
28894,1979-02-12 00:00:00,0.0668894261386505,-0.0693465025171535,0.2031253547944546,144.36,-38.147
28895,1979-02-13 00:00:00,0.0441677694785321,-0.0921184505283569,0.1804539894854211,144.36,-38.147
28896,1979-02-14 00:00:00,0.1311679678953929,-0.0054261582702309,0.2677620940610168,144.36,-38.147
28897,1979-02-15 00:00:00,0.1814758047644731,0.0445491403425225,0.3184024691864238,144.36,-38.147
28898,1979-02-16 00:00:00,0.1317726192794888,-0.0055531961843244,0.2690984347433022,144.36,-38.147
28899,1979-02-17 00:00:00,-0.0184084579298924,-0.1550332769359432,0.1182163610761584,144.36,-38.147
28900,1979-02-18 00:00:00,0.0074382848393688,-0.1288353313487752,0.143711901027513,144.36,-38.147
28901,1979-02-19 00:00:00,0.0077807813688801,-0.1284687978211491,0.1440303605589095,144.36,-38.147
28902,1979-02-20 00:00:00,-0.021274829748719,-0.1575663294366959,0.1150166699392578,144.36,-38.147
28903,1979-02-21 00:00:00,0.0017620349663355,-0.1344785275665836,0.1380025974992547,144.36,-38.147
28904,1979-02-22 00:00:00,0.0132060077824294,-0.1230025593975238,0.1494145749623827,144.36,-38.147
28905,1979-02-23 00:00:00,0.1270168913019865,-0.0092737400672618,0.2633075226712349,144.36,-38.147
28906,1979-02-24 00:00:00,0.0589192429413437,-0.0780561171845149,0.1958946030672024,144.36,-38.147
28907,1979-02-25 00:00:00,0.0574453440449703,-0.0793135341093527,0.1942042221992934,144.36,-38.147
28908,1979-02-26 00:00:00,0.1687523394125537,0.032376850016774,0.3051278288083334,144.36,-38.147
28909,1979-02-27 00:00:00,0.1033095649726556,-0.0330112818412715,0.2396304117865828,144.36,-38.147
28910,1979-02-28 00:00:00,0.0118743878294556,-0.1243888493108105,0.1481376249697217,144.36,-38.147
28911,1979-03-01 00:00:00,-0.0115863378163851,-0.1478560977909411,0.1246834221581707,144.36,-38.147
28912,1979-03-02 00:00:00,0.1105444825170468,-0.0257588022244405,0.2468477672585342,144.36,-38.147
28913,1979-03-03 00:00:00,0.1108899196846926,-0.0255873186024713,0.2473671579718566,144.36,-38.147
28914,1979-03-04 00:00:00,0.0414991889990981,-0.0952399566094809,0.1782383346076772,144.36,-38.147
28915,1979-03-05 00:00:00,0.0263641281757511,-0.1101515808258521,0.1628798371773544,144.36,-38.147
28916,1979-03-06 00:00:00,0.1651373667009479,0.0288539333914204,0.3014208000104754,144.36,-38.147
28917,1979-03-07 00:00:00,0.0461421695640611,-0.0901681649076996,0.1824525040358219,144.36,-38.147
28918,1979-03-08 00:00:00,-1.4458248212701006e-05,-0.1363186941926807,0.1362897776962553,144.36,-38.147
28919,1979-03-09 00:00:00,0.0928333880265808,-0.0434617747417188,0.2291285507948805,144.36,-38.147
28920,1979-03-10 00:00:00,0.0492415268847213,-0.0870047152741312,0.1854877690435739,144.36,-38.147
28921,1979-03-11 00:00:00,0.0229473473289745,-0.1132794645350263,0.1591741591929755,144.36,-38.147
28922,1979-03-12 00:00:00,0.042319526175083,-0.0939070142615741,0.1785460666117402,144.36,-38.147
28923,1979-03-13 00:00:00,0.0389825169735224,-0.0973055784363357,0.1752706123833806,144.36,-38.147
28924,1979-03-14 00:00:00,0.0040165262183963,-0.1325706245315232,0.1406036769683159,144.36,-38.147
28925,1979-03-15 00:00:00,-0.0337626092999502,-0.1710566320213094,0.103531413421409,144.36,-38.147
28926,1979-03-16 00:00:00,0.0195524421228288,-0.1175220766353758,0.1566269608810336,144.36,-38.147
28927,1979-03-17 00:00:00,0.0711187938523517,-0.0655416087484505,0.2077791964531539,144.36,-38.147
28928,1979-03-18 00:00:00,0.1075125475655335,-0.0289052866576651,0.2439303817887322,144.36,-38.147
28929,1979-03-19 00:00:00,0.0004695970018829,-0.1358651478660621,0.1368043418698279,144.36,-38.147
28930,1979-03-20 00:00:00,0.033200233549526,-0.1030172264221833,0.1694176935212353,144.36,-38.147
28931,1979-03-21 00:00:00,0.3142290579363503,0.1775038089466778,0.4509543069260229,144.36,-38.147
28932,1979-03-22 00:00:00,0.0822568563375496,-0.0543428665616671,0.2188565792367663,144.36,-38.147
28933,1979-03-23 00:00:00,0.1582536962368621,0.0219891960931714,0.2945181963805528,144.36,-38.147
28934,1979-03-24 00:00:00,0.1794368581001792,0.0430265948636094,0.315847121336749,144.36,-38.147
28935,1979-03-25 00:00:00,0.0282226219767774,-0.1080631742185809,0.1645084181721359,144.36,-38.147
28936,1979-03-26 00:00:00,0.0113300963281593,-0.1248559926550685,0.1475161853113872,144.36,-38.147
28937,1979-03-27 00:00:00,0.0755760302259596,-0.061170529462904,0.2123225899148232,144.36,-38.147
28938,1979-03-28 00:00:00,0.0651845010671498,-0.0721370106104962,0.2025060127447958,144.36,-38.147
28939,1979-03-29 00:00:00,-0.0636954853178725,-0.2003493698984844,0.0729583992627394,144.36,-38.147
28940,1979-03-30 00:00:00,0.015849422510331,-0.1205573580487118,0.1522562030693739,144.36,-38.147
28941,1979-03-31 00:00:00,0.0732074430519842,-0.0631410553479729,0.2095559414519415,144.36,-38.147
28942,1979-04-01 00:00:00,0.0684537033505915,-0.0680317977166337,0.2049392044178168,144.36,-38.147
28943,1979-04-02 00:00:00,0.0228036535852776,-0.1135010258179826,0.159108332988538,144.36,-38.147
28944,1979-04-03 00:00:00,0.1255395507601448,-0.0112755195013764,0.2623546210216661,144.36,-38.147
28945,1979-04-04 00:00:00,0.2635374334357369,0.126467173558489,0.4006076933129848,144.36,-38.147
28946,1979-04-05 00:00:00,0.1560432253177796,0.0195548393344054,0.2925316113011537,144.36,-38.147
28947,1979-04-06 00:00:00,0.1930472934910585,0.0565610751701884,0.3295335118119286,144.36,-38.147
28948,1979-04-07 00:00:00,0.0607458575313355,-0.0754891642368945,0.1969808792995656,144.36,-38.147
28949,1979-04-08 00:00:00,0.0719308498290567,-0.0643467054475276,0.2082084051056412,144.36,-38.147
28950,1979-04-09 00:00:00,0.0441762865600382,-0.0920634343915885,0.1804160075116649,144.36,-38.147
28951,1979-04-10 00:00:00,-0.0008983799635536,-0.137497880465524,0.1357011205384166,144.36,-38.147
28952,1979-04-11 00:00:00,-0.0537591334182486,-0.1902474751755318,0.0827292083390345,144.36,-38.147
28953,1979-04-12 00:00:00,-0.0295042267835153,-0.1657757468895392,0.1067672933225086,144.36,-38.147
28954,1979-04-13 00:00:00,-0.0184220106836064,-0.1546219852338215,0.1177779638666085,144.36,-38.147
28955,1979-04-14 00:00:00,0.0455189826633481,-0.0906726901672267,0.1817106554939231,144.36,-38.147
28956,1979-04-15 00:00:00,0.065824459214122,-0.0703652978893239,0.202014216317568,144.36,-38.147
28957,1979-04-16 00:00:00,0.005604264015849,-0.1306323334918219,0.1418408615235199,144.36,-38.147
28958,1979-04-17 00:00:00,0.135558823273465,-0.0009714921244397,0.2720891386713699,144.36,-38.147
28959,1979-04-18 00:00:00,0.2257713533631153,0.0893167429169333,0.3622259638092972,144.36,-38.147
28960,1979-04-19 00:00:00,0.1193759421462477,-0.0169561067291097,0.2557079910216051,144.36,-38.147
28961,1979-04-20 00:00:00,0.1023213204348291,-0.0339776248051181,0.2386202656747764,144.36,-38.147
28962,1979-04-21 00:00:00,0.1579483974914045,0.021531612045373,0.2943651829374359,144.36,-38.147
28963,1979-04-22 00:00:00,0.3542451201984613,0.2175467668861627,0.4909434735107599,144.36,-38.147
28964,1979-04-23 00:00:00,0.1473058354785565,0.010669567948992,0.2839421030081209,144.36,-38.147
28965,1979-04-24 00:00:00,0.1253401390957085,-0.0110660164229822,0.2617462946143993,144.36,-38.147
28966,1979-04-25 00:00:00,0.0271770502820582,-0.1090600947071916,0.1634141952713081,144.36,-38.147
28967,1979-04-26 00:00:00,0.1248873805994169,-0.0113420845232057,0.2611168457220395,144.36,-38.147
28968,1979-04-27 00:00:00,0.1380423730700407,0.0016469050515184,0.274437841088563,144.36,-38.147
28969,1979-04-28 00:00:00,0.0201119870562418,-0.1161855457119862,0.1564095198244699,144.36,-38.147
28970,1979-04-29 00:00:00,0.019086491209554,-0.1171574523088809,0.1553304347279891,144.36,-38.147
28971,1979-04-30 00:00:00,-0.023313312985897,-0.1595550424342216,0.1129284164624276,144.36,-38.147
28972,1979-05-01 00:00:00,-0.0249584101939597,-0.1611767333809637,0.1112599129930442,144.36,-38.147
28973,1979-05-02 00:00:00,0.0362296036407725,-0.1000683036253433,0.1725275109068885,144.36,-38.147
28974,1979-05-03 00:00:00,0.2028327286386652,0.0663906808901856,0.3392747763871447,144.36,-38.147
28975,1979-05-04 00:00:00,0.0642990938928022,-0.0720276244263484,0.2006258122119529,144.36,-38.147
28976,1979-05-05 00:00:00,-0.0306812458735411,-0.1670055931896463,0.105643101442564,144.36,-38.147
28977,1979-05-06 00:00:00,-0.0318285910137282,-0.1681509564477269,0.1044937744202704,144.36,-38.147
28978,1979-05-07 00:00:00,-0.0108359509900777,-0.1472130688589479,0.1255411668787925,144.36,-38.147
28979,1979-05-08 00:00:00,0.0153802908039141,-0.1208783336529445,0.1516389152607729,144.36,-38.147
28980,1979-05-09 00:00:00,0.0181493757444429,-0.1180403575745887,0.1543391090634747,144.36,-38.147
28981,1979-05-10 00:00:00,0.0994073668455318,-0.0368366900833832,0.2356514237744469,144.36,-38.147
28982,1979-05-11 00:00:00,0.1222984215422527,-0.0149675509346113,0.2595643940191167,144.36,-38.147
28983,1979-05-12 00:00:00,0.030659894212543,-0.1065803330150304,0.1679001214401165,144.36,-38.147
28984,1979-05-13 00:00:00,0.0970751892537848,-0.039353958446907,0.2335043369544766,144.36,-38.147
28985,1979-05-14 00:00:00,-0.0024459002684021,-0.1389133932910817,0.1340215927542775,144.36,-38.147
28986,1979-05-15 00:00:00,-0.0521278526967315,-0.188568024170045,0.0843123187765819,144.36,-38.147
28987,1979-05-16 00:00:00,-0.0330836423729319,-0.1693184322350011,0.1031511474891372,144.36,-38.147
28988,1979-05-17 00:00:00,0.0245875459139108,-0.1116926904728753,0.1608677823006971,144.36,-38.147
28989,1979-05-18 00:00:00,0.0188286960716455,-0.1173969522303371,0.1550543443736282,144.36,-38.147
28990,1979-05-19 00:00:00,0.0395806789936763,-0.0966762784712533,0.1758376364586061,144.36,-38.147
28991,1979-05-20 00:00:00,-0.03910570140565,-0.1753330096419987,0.0971216068306986,144.36,-38.147
28992,1979-05-21 00:00:00,-0.035181570489613,-0.1714656771695198,0.1011025361902937,144.36,-38.147
28993,1979-05-22 00:00:00,-0.0381668363715422,-0.1751693017342188,0.0988356289911344,144.36,-38.147
28994,1979-05-23 00:00:00,0.0007919413683533,-0.1374410986567186,0.1390249813934254,144.36,-38.147
28995,1979-05-24 00:00:00,0.119935415048663,-0.0175687378018646,0.2574395678991908,144.36,-38.147
28996,1979-05-25 00:00:00,0.0631649777340684,-0.0731241445839547,0.1994541000520916,144.36,-38.147
28997,1979-05-26 00:00:00,-0.0337639582593889,-0.1701015096015979,0.1025735930828199,144.36,-38.147
28998,1979-05-27 00:00:00,0.2926874203575558,0.155615410540257,0.4297594301748545,144.36,-38.147
28999,1979-05-28 00:00:00,0.0769726994171268,-0.0594977036998548,0.2134431025341085,144.36,-38.147
29000,1979-05-29 00:00:00,0.1128644561421918,-0.0236375611670782,0.2493664734514618,144.36,-38.147
29001,1979-05-30 00:00:00,0.1200362200860533,-0.0164292445022062,0.2565016846743128,144.36,-38.147
29002,1979-05-31 00:00:00,-0.0107886988017792,-0.1472579153930059,0.1256805177894473,144.36,-38.147
29003,1979-06-01 00:00:00,-0.0644865867767638,-0.2007483838395814,0.0717752102860536,144.36,-38.147
29004,1979-06-02 00:00:00,-0.0824934595793844,-0.2186892222059241,0.0537023030471552,144.36,-38.147
29005,1979-06-03 00:00:00,-0.0112873515219019,-0.1475085891824686,0.1249338861386647,144.36,-38.147
29006,1979-06-04 00:00:00,0.0242167241034861,-0.1120359892245958,0.1604694374315682,144.36,-38.147
29007,1979-06-05 00:00:00,0.0237015592780629,-0.1125723293442758,0.1599754479004017,144.36,-38.147
29008,1979-06-06 00:00:00,0.0428762820171211,-0.0934275726003817,0.1791801366346241,144.36,-38.147
29009,1979-06-07 00:00:00,0.0463688379868593,-0.0898409145764125,0.1825785905501312,144.36,-38.147
29010,1979-06-08 00:00:00,0.1006174279280739,-0.0356189201877649,0.2368537760439128,144.36,-38.147
29011,1979-06-09 00:00:00,0.1132634433180442,-0.0229624976838565,0.2494893843199449,144.36,-38.147
29012,1979-06-10 00:00:00,0.088681341599887,-0.0475280319521752,0.2248907151519493,144.36,-38.147
29013,1979-06-11 00:00:00,0.0701342367666335,-0.0660619726829657,0.2063304462162329,144.36,-38.147
29014,1979-06-12 00:00:00,0.0666409279576801,-0.0695623698640436,0.202844225779404,144.36,-38.147
29015,1979-06-13 00:00:00,0.1258604071504281,-0.0104625036297232,0.2621833179305796,144.36,-38.147
29016,1979-06-14 00:00:00,0.1416011840038954,0.005286371064509,0.2779159969432819,144.36,-38.147
29017,1979-06-15 00:00:00,0.1609263277203634,0.0246117692264699,0.2972408862142568,144.36,-38.147
29018,1979-06-16 00:00:00,0.1083761786385612,-0.0281990464957406,0.2449514037728631,144.36,-38.147
29019,1979-06-17 00:00:00,0.0749722258168175,-0.0615610216985722,0.2115054733322073,144.36,-38.147
29020,1979-06-18 00:00:00,0.1333429505137771,-0.003125884188747,0.2698117852163012,144.36,-38.147
29021,1979-06-19 00:00:00,0.0379213786602465,-0.0984414829697713,0.1742842402902645,144.36,-38.147
29022,1979-06-20 00:00:00,-0.0333075624100598,-0.1695660402924365,0.1029509154723168,144.36,-38.147
29023,1979-06-21 00:00:00,0.025212006862105,-0.1111010299914262,0.1615250437156364,144.36,-38.147
29024,1979-06-22 00:00:00,0.0907987295367166,-0.0454756108146048,0.227073069888038,144.36,-38.147
29025,1979-06-23 00:00:00,0.0229942117736761,-0.1133177379505756,0.159306161497928,144.36,-38.147
29026,1979-06-24 00:00:00,0.0543633058269868,-0.0819321913715588,0.1906588030255325,144.36,-38.147
29027,1979-06-25 00:00:00,0.0231701142553513,-0.1131731570737472,0.1595133855844499,144.36,-38.147
29028,1979-06-26 00:00:00,0.1355555003785448,-0.0013298316302164,0.2724408323873061,144.36,-38.147
29029,1979-06-27 00:00:00,0.0949280870023038,-0.0418659247827871,0.2317220987873948,144.36,-38.147
29030,1979-06-28 00:00:00,0.1575845376673891,0.0210117601973128,0.2941573151374654,144.36,-38.147
29031,1979-06-29 00:00:00,0.2118866680731636,0.0750526913373563,0.348720644808971,144.36,-38.147
29032,1979-06-30 00:00:00,0.1235663338613251,-0.0130580366320013,0.2601907043546515,144.36,-38.147
29033,1979-07-01 00:00:00,0.2047660981716993,0.068207105198672,0.3413250911447266,144.36,-38.147
29034,1979-07-02 00:00:00,0.2257472798519793,0.0891507338912886,0.3623438258126701,144.36,-38.147
29035,1979-07-03 00:00:00,0.1367815365366823,0.0003596077671693,0.2732034653061953,144.36,-38.147
29036,1979-07-04 00:00:00,0.0316557784383861,-0.1045942042604458,0.1679057611372181,144.36,-38.147
29037,1979-07-05 00:00:00,0.0385503600239166,-0.0976614307194913,0.1747621507673247,144.36,-38.147
29038,1979-07-06 00:00:00,0.0885939373458482,-0.0476652409985223,0.2248531156902188,144.36,-38.147
29039,1979-07-07 00:00:00,0.0276432442098204,-0.1087626414468167,0.1640491298664575,144.36,-38.147
29040,1979-07-08 00:00:00,0.1445904446304446,0.0072971782722135,0.2818837109886757,144.36,-38.147
29041,1979-07-09 00:00:00,0.1466983700339543,0.0098755349318366,0.283521205136072,144.36,-38.147
29042,1979-07-10 00:00:00,0.1870906663750106,0.0506602032769191,0.3235211294731022,144.36,-38.147
29043,1979-07-11 00:00:00,0.0279945004681061,-0.1083423383801339,0.1643313393163463,144.36,-38.147
29044,1979-07-12 00:00:00,0.1104627962879604,-0.0259681916716709,0.2468937842475918,144.36,-38.147
29045,1979-07-13 00:00:00,0.1385088606827644,0.0020599220546417,0.2749577993108871,144.36,-38.147
29046,1979-07-14 00:00:00,-0.0452433066205495,-0.1816181769649111,0.0911315637238119,144.36,-38.147
29047,1979-07-15 00:00:00,-0.0021600329247154,-0.1384187929842916,0.1340987271348608,144.36,-38.147
29048,1979-07-16 00:00:00,0.0274432420977921,-0.1090234528872127,0.1639099370827971,144.36,-38.147
29049,1979-07-17 00:00:00,0.0838288664273706,-0.0527808968397925,0.2204386296945338,144.36,-38.147
29050,1979-07-18 00:00:00,0.1304631534677858,-0.0060459977913619,0.2669723047269335,144.36,-38.147
29051,1979-07-19 00:00:00,0.0214831175744225,-0.1147049839887745,0.1576712191376195,144.36,-38.147
29052,1979-07-20 00:00:00,1.7277906336581744e-05,-0.1362829910651659,0.1363175468778391,144.36,-38.147
29053,1979-07-21 00:00:00,0.0535578327337283,-0.0834577498353951,0.1905734153028518,144.36,-38.147
29054,1979-07-22 00:00:00,0.1664097846122988,0.0292165744815629,0.3036029947430347,144.36,-38.147
29055,1979-07-23 00:00:00,0.2528723428192887,0.1141783436170277,0.3915663420215497,144.36,-38.147
29056,1979-07-24 00:00:00,0.0644327611444218,-0.0720480465546373,0.200913568843481,144.36,-38.147
29057,1979-07-25 00:00:00,-0.0136167421482511,-0.1499144581709568,0.1226809738744546,144.36,-38.147
29058,1979-07-26 00:00:00,0.0782430906400743,-0.0580345967320261,0.2145207780121747,144.36,-38.147
29059,1979-07-27 00:00:00,0.0831155529668943,-0.0531365936217632,0.219367699555552,144.36,-38.147
29060,1979-07-28 00:00:00,0.0576563892679193,-0.0785431394697997,0.1938559180056385,144.36,-38.147
29061,1979-07-29 00:00:00,0.0481723099082488,-0.0880366616008907,0.1843812814173884,144.36,-38.147
29062,1979-07-30 00:00:00,0.0223716558635341,-0.1139599693200074,0.1587032810470756,144.36,-38.147
29063,1979-07-31 00:00:00,0.1586512974387504,0.0218457532642347,0.295456841613266,144.36,-38.147
29064,1979-08-01 00:00:00,0.1944305172666594,0.0579111512689234,0.3309498832643953,144.36,-38.147
29065,1979-08-02 00:00:00,0.1307979784391007,-0.0054851731920373,0.2670811300702388,144.36,-38.147
29066,1979-08-03 00:00:00,0.0905092252641073,-0.0457072305696333,0.2267256810978481,144.36,-38.147
29067,1979-08-04 00:00:00,0.0627098430383241,-0.0734497875365798,0.198869473613228,144.36,-38.147
29068,1979-08-05 00:00:00,0.0386072556275746,-0.0975900159162389,0.1748045271713883,144.36,-38.147
29069,1979-08-06 00:00:00,0.0655185344028148,-0.0708129335155659,0.2018500023211955,144.36,-38.147
29070,1979-08-07 00:00:00,0.1628404836260819,0.0265485532623139,0.2991324139898498,144.36,-38.147
29071,1979-08-08 00:00:00,0.1710984833695351,0.0347615751378715,0.3074353916011987,144.36,-38.147
29072,1979-08-09 00:00:00,0.3691680131140722,0.2326466105084992,0.5056894157196452,144.36,-38.147
29073,1979-08-10 00:00:00,0.3087812342703738,0.1721185155032285,0.4454439530375191,144.36,-38.147
29074,1979-08-11 00:00:00,0.307080260472382,0.1705491365138945,0.4436113844308695,144.36,-38.147
29075,1979-08-12 00:00:00,0.2071346887917027,0.0701046422329331,0.3441647353504722,144.36,-38.147
29076,1979-08-13 00:00:00,0.1470167106305303,0.0100824798848724,0.2839509413761883,144.36,-38.147
29077,1979-08-14 00:00:00,0.017203230491891,-0.1191979414132039,0.1536044023969859,144.36,-38.147
29078,1979-08-15 00:00:00,0.0694631642488336,-0.0668007342423886,0.2057270627400559,144.36,-38.147
29079,1979-08-16 00:00:00,0.1216789662693996,-0.0147038747159801,0.2580618072547795,144.36,-38.147
29080,1979-08-17 00:00:00,0.0409457860578585,-0.0953431107669927,0.1772346828827098,144.36,-38.147
29081,1979-08-18 00:00:00,0.0013756011317387,-0.1348798532953113,0.1376310555587888,144.36,-38.147
29082,1979-08-19 00:00:00,0.1750231802964364,0.0385688061552284,0.3114775544376443,144.36,-38.147
29083,1979-08-20 00:00:00,0.1669099132368431,0.0306405715665458,0.3031792549071403,144.36,-38.147
29084,1979-08-21 00:00:00,0.0928453319164578,-0.0435853057275586,0.2292759695604743,144.36,-38.147
29085,1979-08-22 00:00:00,0.083691879057828,-0.0530124032268041,0.2203961613424602,144.36,-38.147
29086,1979-08-23 00:00:00,0.0489627838508347,-0.0878996487885792,0.1858252164902488,144.36,-38.147
29087,1979-08-24 00:00:00,-0.0153770327107277,-0.1515664826550942,0.1208124172336387,144.36,-38.147
29088,1979-08-25 00:00:00,-0.016323422237955,-0.1525521081908124,0.1199052637149022,144.36,-38.147
29089,1979-08-26 00:00:00,0.0550566810317531,-0.0811983545288322,0.1913117165923386,144.36,-38.147
29090,1979-08-27 00:00:00,0.1062041437897195,-0.0304141818812474,0.2428224694606865,144.36,-38.147
29091,1979-08-28 00:00:00,0.1370634892915668,6.970212996734726e-05,0.2740572764531662,144.36,-38.147
29092,1979-08-29 00:00:00,-0.0052485377716092,-0.1416699864556177,0.1311729109123993,144.36,-38.147
29093,1979-08-30 00:00:00,0.1197588625682944,-0.016439591284053,0.2559573164206418,144.36,-38.147
29094,1979-08-31 00:00:00,0.1790866939496016,0.0426400208732098,0.3155333670259933,144.36,-38.147
29095,1979-09-01 00:00:00,0.0411197096467146,-0.0952758153653451,0.1775152346587743,144.36,-38.147
29096,1979-09-02 00:00:00,0.0012754413237019,-0.1349393309155993,0.1374902135630031,144.36,-38.147
29097,1979-09-03 00:00:00,0.0472031117990972,-0.0890253120332634,0.1834315356314579,144.36,-38.147
29098,1979-09-04 00:00:00,0.104896796403705,-0.0315799636333311,0.2413735564407413,144.36,-38.147
29099,1979-09-05 00:00:00,0.4815426044175974,0.3444079303942305,0.6186772784409643,144.36,-38.147
29100,1979-09-06 00:00:00,0.244627060778273,0.1076834503034019,0.3815706712531441,144.36,-38.147
29101,1979-09-07 00:00:00,0.2132905080089616,0.0768615569636793,0.3497194590542438,144.36,-38.147
29102,1979-09-08 00:00:00,0.1502784869600245,0.0139284096452458,0.2866285642748031,144.36,-38.147
29103,1979-09-09 00:00:00,0.148960570969304,0.01265549401117,0.2852656479274379,144.36,-38.147
29104,1979-09-10 00:00:00,0.062607417317909,-0.0737510216505677,0.1989658562863858,144.36,-38.147
29105,1979-09-11 00:00:00,0.1877524607335652,0.0513083431041247,0.3241965783630057,144.36,-38.147
29106,1979-09-12 00:00:00,0.2914215925476887,0.1549144771506463,0.4279287079447311,144.36,-38.147
29107,1979-09-13 00:00:00,0.2926556938337733,0.1553993241259836,0.429912063541563,144.36,-38.147
29108,1979-09-14 00:00:00,0.0009029677274266,-0.1360398989211067,0.13784583437596,144.36,-38.147
29109,1979-09-15 00:00:00,0.0652779173498045,-0.0709840627420955,0.2015398974417046,144.36,-38.147
29110,1979-09-16 00:00:00,0.07043921130123,-0.066030934162417,0.2069093567648771,144.36,-38.147
29111,1979-09-17 00:00:00,0.3785725724173886,0.2415366581614027,0.5156084866733746,144.36,-38.147
29112,1979-09-18 00:00:00,0.0231861422334282,-0.1133594957159316,0.1597317801827881,144.36,-38.147
29113,1979-09-19 00:00:00,0.0603586463882996,-0.0758213424072751,0.1965386351838743,144.36,-38.147
29114,1979-09-20 00:00:00,0.0883393350518861,-0.0482422180106156,0.2249208881143878,144.36,-38.147
29115,1979-09-21 00:00:00,-0.0137562870866019,-0.1501789066184072,0.1226663324452033,144.36,-38.147
29116,1979-09-22 00:00:00,0.043240239914455,-0.0930290464323994,0.1795095262613095,144.36,-38.147
29117,1979-09-23 00:00:00,0.0117199389065002,-0.124675776827957,0.1481156546409575,144.36,-38.147
29118,1979-09-24 00:00:00,-0.0574358779236318,-0.1941012441392785,0.0792294882920148,144.36,-38.147
29119,1979-09-25 00:00:00,-0.0101836928892605,-0.1473120343878168,0.1269446486092958,144.36,-38.147
29120,1979-09-26 00:00:00,0.0802870720774588,-0.0563951769520306,0.2169693211069482,144.36,-38.147
29121,1979-09-27 00:00:00,0.0545970295678857,-0.0817519201498776,0.190945979285649,144.36,-38.147
29122,1979-09-28 00:00:00,0.0637142037508124,-0.0731639311913847,0.2005923386930095,144.36,-38.147
29123,1979-09-29 00:00:00,0.105767735841402,-0.0309248174804093,0.2424602891632135,144.36,-38.147
29124,1979-09-30 00:00:00,0.0921164539909376,-0.0446201155088882,0.2288530234907635,144.36,-38.147
29125,1979-10-01 00:00:00,0.0073619171566447,-0.1289795960983371,0.1437034304116265,144.36,-38.147
29126,1979-10-02 00:00:00,0.0029587604775923,-0.1332215066714826,0.1391390276266672,144.36,-38.147
29127,1979-10-03 00:00:00,0.0364245579141571,-0.0998192560483909,0.1726683718767052,144.36,-38.147
29128,1979-10-04 00:00:00,0.0615652420743133,-0.074704772596385,0.1978352567450118,144.36,-38.147
29129,1979-10-05 00:00:00,0.0294939698653848,-0.106793014633219,0.1657809543639888,144.36,-38.147
29130,1979-10-06 00:00:00,0.305803134156082,0.1691157322433,0.4424905360688641,144.36,-38.147
29131,1979-10-07 00:00:00,0.3671602799053923,0.2301404428231591,0.5041801169876254,144.36,-38.147
29132,1979-10-08 00:00:00,0.1624682755811934,0.0257847925480353,0.2991517586143514,144.36,-38.147
29133,1979-10-09 00:00:00,0.1959983593518953,0.0591816178294369,0.3328151008743537,144.36,-38.147
29134,1979-10-10 00:00:00,0.17886007665775,0.0415279081081646,0.3161922452073354,144.36,-38.147
29135,1979-10-11 00:00:00,0.1221592648714984,-0.0149145553761273,0.2592330851191242,144.36,-38.147
29136,1979-10-12 00:00:00,0.3545477606702647,0.2173727052356719,0.4917228161048574,144.36,-38.147
29137,1979-10-13 00:00:00,0.2137066948274594,0.0771101185433345,0.3503032711115843,144.36,-38.147
29138,1979-10-14 00:00:00,0.0631579188409421,-0.0732087059488459,0.1995245436307301,144.36,-38.147
29139,1979-10-15 00:00:00,0.2060920315518984,0.0694342115567297,0.3427498515470671,144.36,-38.147
29140,1979-10-16 00:00:00,0.0557610108371197,-0.0805052864074228,0.1920273080816624,144.36,-38.147
29141,1979-10-17 00:00:00,0.0622404411411677,-0.0739461023756626,0.1984269846579981,144.36,-38.147
29142,1979-10-18 00:00:00,0.0608743735525038,-0.075310959357299,0.1970597064623068,144.36,-38.147
29143,1979-10-19 00:00:00,0.1140951838384493,-0.0221778818315138,0.2503682495084124,144.36,-38.147
29144,1979-10-20 00:00:00,0.1123922484809578,-0.0238624717245416,0.2486469686864573,144.36,-38.147
29145,1979-10-21 00:00:00,0.0533392616414653,-0.082897639506908,0.1895761627898387,144.36,-38.147
29146,1979-10-22 00:00:00,0.0541882162989448,-0.0821871670343965,0.1905635996322862,144.36,-38.147
29147,1979-10-23 00:00:00,0.2163986931526982,0.079921811980503,0.3528755743248933,144.36,-38.147
29148,1979-10-24 00:00:00,0.1083064801097237,-0.0280456350839028,0.2446585953033503,144.36,-38.147
29149,1979-10-25 00:00:00,0.0229488721790837,-0.1133610383261298,0.1592587826842974,144.36,-38.147
29150,1979-10-26 00:00:00,-0.0049970784266179,-0.1412290818506569,0.1312349249974211,144.36,-38.147
29151,1979-10-27 00:00:00,0.1356807086151685,-0.0007659438847474,0.2721273611150845,144.36,-38.147
29152,1979-10-28 00:00:00,0.0942427332011217,-0.0423823606754473,0.2308678270776909,144.36,-38.147
29153,1979-10-29 00:00:00,0.0728222296687876,-0.063662568877378,0.2093070282149532,144.36,-38.147
29154,1979-10-30 00:00:00,-0.0095248929913565,-0.1457365246049811,0.1266867386222681,144.36,-38.147
29155,1979-10-31 00:00:00,0.0195270903975535,-0.1166891953791316,0.1557433761742387,144.36,-38.147
29156,1979-11-01 00:00:00,0.0746570051528918,-0.0616696479024497,0.2109836582082334,144.36,-38.147
29157,1979-11-02 00:00:00,0.0148079104174869,-0.1214552067443172,0.1510710275792912,144.36,-38.147
29158,1979-11-03 00:00:00,-0.0049494456106074,-0.1411349774397362,0.1312360862185212,144.36,-38.147
29159,1979-11-04 00:00:00,0.0073277490243067,-0.1289733762309549,0.1436288742795684,144.36,-38.147
29160,1979-11-05 00:00:00,0.1745603779529436,0.0381161917857196,0.3110045641201677,144.36,-38.147
29161,1979-11-06 00:00:00,0.0878509024907686,-0.0484533505171635,0.2241551554987008,144.36,-38.147
29162,1979-11-07 00:00:00,0.0084607265494163,-0.1277711693519312,0.1446926224507639,144.36,-38.147
29163,1979-11-08 00:00:00,-0.0257294007925745,-0.1619268665817802,0.1104680649966311,144.36,-38.147
29164,1979-11-09 00:00:00,-0.0309444207299045,-0.1671626640436205,0.1052738225838114,144.36,-38.147
29165,1979-11-10 00:00:00,0.0050738427933782,-0.131175710318412,0.1413233959051685,144.36,-38.147
29166,1979-11-11 00:00:00,0.1267587843637403,-0.0096241074431767,0.2631416761706574,144.36,-38.147
29167,1979-11-12 00:00:00,0.23206409866669,0.0956473555897163,0.3684808417436638,144.36,-38.147
29168,1979-11-13 00:00:00,0.1162018969793707,-0.0200351235016825,0.252438917460424,144.36,-38.147
29169,1979-11-14 00:00:00,0.0229489428959336,-0.1133809159329786,0.1592788017248458,144.36,-38.147
29170,1979-11-15 00:00:00,0.2216360392306074,0.0851552882461121,0.3581167902151027,144.36,-38.147
29171,1979-11-16 00:00:00,0.2984592692191868,0.1619691772082591,0.4349493612301146,144.36,-38.147
29172,1979-11-17 00:00:00,0.0525979760550907,-0.0837518115632934,0.188947763673475,144.36,-38.147
29173,1979-11-18 00:00:00,0.0337374043525496,-0.1025819425974679,0.1700567513025671,144.36,-38.147
29174,1979-11-19 00:00:00,0.0760898666309983,-0.0603407389698198,0.2125204722318166,144.36,-38.147
29175,1979-11-20 00:00:00,0.1581252991079084,0.0218940769936351,0.2943565212221818,144.36,-38.147
29176,1979-11-21 00:00:00,0.3159389235365265,0.1794794652026707,0.4523983818703823,144.36,-38.147
29177,1979-11-22 00:00:00,0.0928566540438856,-0.0435778360958532,0.2292911441836244,144.36,-38.147
29178,1979-11-23 00:00:00,0.0644800802926388,-0.0718578577395703,0.200818018324848,144.36,-38.147
29179,1979-11-24 00:00:00,0.1007328862154824,-0.0357111799249567,0.2371769523559217,144.36,-38.147
29180,1979-11-25 00:00:00,0.1245934693365581,-0.0118450780521185,0.2610320167252347,144.36,-38.147
29181,1979-11-26 00:00:00,0.1036606212014072,-0.032692950917202,0.2400141933200164,144.36,-38.147
29182,1979-11-27 00:00:00,0.1163648940094618,-0.0199128171896254,0.2526426052085491,144.36,-38.147
29183,1979-11-28 00:00:00,0.1510566470103526,0.0147907556706892,0.287322538350016,144.36,-38.147
29184,1979-11-29 00:00:00,0.0963604616030788,-0.0398877642252046,0.2326086874313623,144.36,-38.147
29185,1979-11-30 00:00:00,0.0882022161163979,-0.0480266845733837,0.2244311168061796,144.36,-38.147
29186,1979-12-01 00:00:00,0.1328412423200624,-0.003559862319793,0.2692423469599178,144.36,-38.147
29187,1979-12-02 00:00:00,0.3761103471391585,0.2388907057754863,0.5133299885028307,144.36,-38.147
29188,1979-12-03 00:00:00,0.1065538116737447,-0.0303601085876306,0.24346773193512,144.36,-38.147
29189,1979-12-04 00:00:00,0.0740029551708721,-0.0622992824458757,0.2103051927876199,144.36,-38.147
29190,1979-12-05 00:00:00,0.3958189412668546,0.2590246064162467,0.5326132761174625,144.36,-38.147
29191,1979-12-06 00:00:00,0.0802290350156946,-0.056360364449748,0.2168184344811373,144.36,-38.147
29192,1979-12-07 00:00:00,-0.0019692637571567,-0.1383677949938092,0.1344292674794956,144.36,-38.147
29193,1979-12-08 00:00:00,0.2307919120892283,0.094104859795023,0.3674789643834336,144.36,-38.147
29194,1979-12-09 00:00:00,0.1141888802243842,-0.0221325013168015,0.25051026176557,144.36,-38.147
29195,1979-12-10 00:00:00,0.2161901079895222,0.0798445796420496,0.3525356363369948,144.36,-38.147
29196,1979-12-11 00:00:00,0.1827389970356304,0.0460314563955565,0.3194465376757043,144.36,-38.147
29197,1979-12-12 00:00:00,-0.0217192942004323,-0.1582391378533811,0.1148005494525163,144.36,-38.147
29198,1979-12-13 00:00:00,0.3850145008891934,0.2477497964808162,0.5222792052975707,144.36,-38.147
29199,1979-12-14 00:00:00,0.1543471738157865,0.0176606328243014,0.2910337148072714,144.36,-38.147
29200,1979-12-15 00:00:00,0.1262657967449441,-0.0101475295115792,0.2626791230014675,144.36,-38.147
29201,1979-12-16 00:00:00,0.2307796290756291,0.0941121036484354,0.3674471545028229,144.36,-38.147
29202,1979-12-17 00:00:00,0.436333131334675,0.2989209977747487,0.5737452648946013,144.36,-38.147
29203,1979-12-18 00:00:00,0.1066305708162088,-0.0305487303299585,0.2438098719623762,144.36,-38.147
29204,1979-12-19 00:00:00,0.0997316384558326,-0.0365001207780584,0.2359633976897236,144.36,-38.147
29205,1979-12-20 00:00:00,0.0130177814254045,-0.1232258927225448,0.1492614555733539,144.36,-38.147
29206,1979-12-21 00:00:00,0.1368131297494719,0.0004803053059379,0.2731459541930058,144.36,-38.147
29207,1979-12-22 00:00:00,0.1553124409837062,0.0188859198501606,0.2917389621172518,144.36,-38.147
29208,1979-12-23 00:00:00,0.2639930357840571,0.1274878836117355,0.4004981879563786,144.36,-38.147
29209,1979-12-24 00:00:00,0.2188074642345714,0.0822336421388801,0.3553812863302626,144.36,-38.147
29210,1979-12-25 00:00:00,0.1083121693285141,-0.0280549188426277,0.2446792574996561,144.36,-38.147
29211,1979-12-26 00:00:00,0.0816345669787896,-0.0547340265468962,0.2180031605044755,144.36,-38.147
29212,1979-12-27 00:00:00,-0.0241964438824088,-0.1604642022851899,0.1120713145203722,144.36,-38.147
29213,1979-12-28 00:00:00,0.0201219536193483,-0.1161159677325882,0.1563598749712849,144.36,-38.147
29214,1979-12-29 00:00:00,0.0330442992617403,-0.1031921716731097,0.1692807701965903,144.36,-38.147
29215,1979-12-30 00:00:00,0.0604277164038753,-0.0758441656757927,0.1966995984835435,144.36,-38.147
29216,1979-12-31 00:00:00,0.1301721835504506,-0.0061933291465652,0.2665376962474664,144.36,-38.147
29217,1980-01-01 00:00:00,0.0691677958782119,-0.0672047240134607,0.2055403157698846,144.36,-38.147
29218,1980-01-02 00:00:00,-0.0362138662867511,-0.1726506273640506,0.1002228947905483,144.36,-38.147
29219,1980-01-03 00:00:00,0.0350871267666772,-0.1014562776888212,0.1716305312221758,144.36,-38.147
29220,1980-01-04 00:00:00,0.1009408421795551,-0.0355483336758742,0.2374300180349844,144.36,-38.147
29221,1980-01-05 00:00:00,0.0574053095611329,-0.0788956634279093,0.1937062825501752,144.36,-38.147
29222,1980-01-06 00:00:00,0.0708162365638813,-0.0654377532990654,0.2070702264268281,144.36,-38.147
29223,1980-01-07 00:00:00,0.037383159639797,-0.0989278578223127,0.1736941771019067,144.36,-38.147
29224,1980-01-08 00:00:00,-0.005131705316431,-0.1417009920302378,0.1314375813973758,144.36,-38.147
29225,1980-01-09 00:00:00,0.0170254417974119,-0.1194786553284942,0.153529538923318,144.36,-38.147
29226,1980-01-10 00:00:00,0.0107239873762859,-0.1259902998736122,0.147438274626184,144.36,-38.147
29227,1980-01-11 00:00:00,0.1790044887172053,0.0421685185226442,0.3158404589117665,144.36,-38.147
29228,1980-01-12 00:00:00,0.3631175292982329,0.225885905348368,0.5003491532480978,144.36,-38.147
29229,1980-01-13 00:00:00,0.14405569786061,0.0069430404160433,0.2811683553051767,144.36,-38.147
29230,1980-01-14 00:00:00,0.0277625553781517,-0.109052586350101,0.1645776971064045,144.36,-38.147
29231,1980-01-15 00:00:00,0.1914250144955415,0.0545587799088505,0.3282912490822325,144.36,-38.147
29232,1980-01-16 00:00:00,0.0728926564542558,-0.0642760028150569,0.2100613157235685,144.36,-38.147
29233,1980-01-17 00:00:00,-0.0312689761687971,-0.1676610187167967,0.1051230663792026,144.36,-38.147
29234,1980-01-18 00:00:00,0.21166268906545,0.0752596571478431,0.3480657209830569,144.36,-38.147
29235,1980-01-19 00:00:00,0.2473153781249231,0.1108824677987558,0.3837482884510904,144.36,-38.147
29236,1980-01-20 00:00:00,0.1298368547865146,-0.0065845861998501,0.2662582957728794,144.36,-38.147
29237,1980-01-21 00:00:00,0.1014795434358852,-0.0348344258758339,0.2377935127476044,144.36,-38.147
29238,1980-01-22 00:00:00,0.0556661279827339,-0.0805727520537386,0.1919050080192064,144.36,-38.147
29239,1980-01-23 00:00:00,0.098188481315692,-0.0383847117380013,0.2347616743693855,144.36,-38.147
29240,1980-01-24 00:00:00,0.0822464926523613,-0.0540744492284472,0.2185674345331699,144.36,-38.147
29241,1980-01-25 00:00:00,0.0957358704375136,-0.0405379382334764,0.2320096791085037,144.36,-38.147
29242,1980-01-26 00:00:00,0.2914304902104296,0.1548931976579724,0.4279677827628869,144.36,-38.147
29243,1980-01-27 00:00:00,0.0638236679337285,-0.0727322376800816,0.2003795735475387,144.36,-38.147
29244,1980-01-28 00:00:00,0.087940586271141,-0.0483538348852781,0.22423500742756,144.36,-38.147
29245,1980-01-29 00:00:00,0.3046386514080155,0.1682159814925566,0.4410613213234743,144.36,-38.147
29246,1980-01-30 00:00:00,0.2626031866279704,0.1261766335382389,0.3990297397177018,144.36,-38.147
29247,1980-01-31 00:00:00,0.1241673892461224,-0.0123093490948063,0.2606441275870512,144.36,-38.147
29248,1980-02-01 00:00:00,0.1486294570940138,0.0123044944043405,0.2849544197836871,144.36,-38.147
29249,1980-02-02 00:00:00,0.2871171197495131,0.150441227743233,0.4237930117557932,144.36,-38.147
29250,1980-02-03 00:00:00,0.2002029246760108,0.0637200262311109,0.3366858231209108,144.36,-38.147
29251,1980-02-04 00:00:00,0.1281437134496123,-0.008287525611532,0.2645749525107567,144.36,-38.147
29252,1980-02-05 00:00:00,0.1174680151187935,-0.0188665022649939,0.253802532502581,144.36,-38.147
29253,1980-02-06 00:00:00,0.1637853250551611,0.0272836905109586,0.3002869595993636,144.36,-38.147
29254,1980-02-07 00:00:00,0.0589634191218838,-0.0775220897673894,0.195448928011157,144.36,-38.147
29255,1980-02-08 00:00:00,0.180168188747188,0.0435714509657502,0.3167649265286258,144.36,-38.147
29256,1980-02-09 00:00:00,0.0823289685623161,-0.054466700053614,0.2191246371782463,144.36,-38.147
29257,1980-02-10 00:00:00,-0.064835082837345,-0.201310799411679,0.071640633736989,144.36,-38.147
29258,1980-02-11 00:00:00,0.0608794977100615,-0.0754013320043735,0.1971603274244966,144.36,-38.147
29259,1980-02-12 00:00:00,-0.0152141503585687,-0.1515005942077898,0.1210722934906522,144.36,-38.147
29260,1980-02-13 00:00:00,0.1129962651244203,-0.0237144393880708,0.2497069696369115,144.36,-38.147
29261,1980-02-14 00:00:00,-0.0123282616735995,-0.1490554967289887,0.1243989733817896,144.36,-38.147
29262,1980-02-15 00:00:00,0.1050870048807168,-0.0315485136139509,0.2417225233753847,144.36,-38.147
29263,1980-02-16 00:00:00,0.0675461394990726,-0.0688007935814212,0.2038930725795665,144.36,-38.147
29264,1980-02-17 00:00:00,0.0479788136113493,-0.0882683180620096,0.1842259452847082,144.36,-38.147
29265,1980-02-18 00:00:00,0.0441443533399489,-0.0920993989894719,0.1803881056693698,144.36,-38.147
29266,1980-02-19 00:00:00,0.0247306419659191,-0.111512075591732,0.1609733595235702,144.36,-38.147
29267,1980-02-20 00:00:00,0.0324333638156799,-0.1039643174913143,0.1688310451226741,144.36,-38.147
29268,1980-02-21 00:00:00,0.1898765553116713,0.0531460087196047,0.3266071019037378,144.36,-38.147
29269,1980-02-22 00:00:00,0.1562220915971287,0.0195208966951007,0.2929232864991566,144.36,-38.147
29270,1980-02-23 00:00:00,0.0414517289670395,-0.094962021970919,0.177865479904998,144.36,-38.147
29271,1980-02-24 00:00:00,0.1780308586193613,0.0415629661223696,0.314498751116353,144.36,-38.147
29272,1980-02-25 00:00:00,0.0870611329100141,-0.049711932915732,0.2238341987357603,144.36,-38.147
29273,1980-02-26 00:00:00,-0.0233340830069723,-0.1595811420730964,0.1129129760591516,144.36,-38.147
29274,1980-02-27 00:00:00,0.0983631952035986,-0.0378853346963508,0.2346117251035481,144.36,-38.147
29275,1980-02-28 00:00:00,0.0721971252013614,-0.0640205673747439,0.2084148177774667,144.36,-38.147
29276,1980-02-29 00:00:00,0.0736260235189672,-0.0626760114576553,0.2099280584955899,144.36,-38.147
29277,1980-03-01 00:00:00,0.0039713303866666,-0.1322931283676747,0.1402357891410079,144.36,-38.147
29278,1980-03-02 00:00:00,0.211914905970388,0.0755202573952055,0.3483095545455705,144.36,-38.147
29279,1980-03-03 00:00:00,0.1737651776425142,0.0373105914583153,0.3102197638267132,144.36,-38.147
29280,1980-03-04 00:00:00,0.0933896861901612,-0.0428203636622003,0.2295997360425229,144.36,-38.147
29281,1980-03-05 00:00:00,0.1013708506318333,-0.0349633529348356,0.2377050541985023,144.36,-38.147
29282,1980-03-06 00:00:00,0.0190888510349597,-0.1171528390077733,0.1553305410776928,144.36,-38.147
29283,1980-03-07 00:00:00,0.0012999434703572,-0.1349064910366367,0.1375063779773512,144.36,-38.147
29284,1980-03-08 00:00:00,0.0412795538474086,-0.0954115624207455,0.1779706701155629,144.36,-38.147
29285,1980-03-09 00:00:00,0.0319115265571762,-0.1049647330625644,0.1687877861769168,144.36,-38.147
29286,1980-03-10 00:00:00,-0.0596372549791904,-0.1961783078144848,0.0769037978561038,144.36,-38.147
29287,1980-03-11 00:00:00,-0.0676295622629831,-0.2040960389901963,0.06883691446423,144.36,-38.147
29288,1980-03-12 00:00:00,-0.0218468545416326,-0.1581755808903131,0.1144818718070479,144.36,-38.147
29289,1980-03-13 00:00:00,0.0363865224894756,-0.0998434391477673,0.1726164841267186,144.36,-38.147
29290,1980-03-14 00:00:00,0.2408400675670487,0.1042839309841447,0.3773962041499527,144.36,-38.147
29291,1980-03-15 00:00:00,0.1761093713181298,0.0395272251497515,0.3126915174865081,144.36,-38.147
29292,1980-03-16 00:00:00,0.0843627012921946,-0.0521334046204084,0.2208588072047977,144.36,-38.147
29293,1980-03-17 00:00:00,0.0102722575830184,-0.1259679382676567,0.1465124534336935,144.36,-38.147
29294,1980-03-18 00:00:00,0.0994496683005821,-0.036769250661998,0.2356685872631623,144.36,-38.147
29295,1980-03-19 00:00:00,0.2027338614901778,0.0663796627931393,0.3390880601872164,144.36,-38.147
29296,1980-03-20 00:00:00,0.0335646165436878,-0.1027866960770763,0.169915929164452,144.36,-38.147
29297,1980-03-21 00:00:00,0.128203800114719,-0.0084464112636516,0.2648540114930897,144.36,-38.147
29298,1980-03-22 00:00:00,0.1162693395133971,-0.0203308872719742,0.2528695662987684,144.36,-38.147
29299,1980-03-23 00:00:00,0.0883943279445283,-0.0478728912526885,0.2246615471417452,144.36,-38.147
29300,1980-03-24 00:00:00,0.0952619630045889,-0.0409699911932276,0.2314939172024056,144.36,-38.147
29301,1980-03-25 00:00:00,0.0626204334414726,-0.0735822981904363,0.1988231650733815,144.36,-38.147
29302,1980-03-26 00:00:00,0.0506105561516828,-0.0856012295108089,0.1868223418141746,144.36,-38.147
29303,1980-03-27 00:00:00,0.0627195649883,-0.0736833355750737,0.1991224655516738,144.36,-38.147
29304,1980-03-28 00:00:00,0.1774745975731988,0.0409703089048411,0.3139788862415564,144.36,-38.147
29305,1980-03-29 00:00:00,0.1568882585387182,0.020433770775172,0.2933427463022645,144.36,-38.147
29306,1980-03-30 00:00:00,0.1186150698512239,-0.018016322504192,0.25524646220664,144.36,-38.147
29307,1980-03-31 00:00:00,0.0576556702439574,-0.078820765916994,0.1941321064049088,144.36,-38.147
29308,1980-04-01 00:00:00,0.056239509103746,-0.0801158608902579,0.19259487909775,144.36,-38.147
29309,1980-04-02 00:00:00,-0.0142556536834274,-0.1505699355504221,0.1220586281835673,144.36,-38.147
29310,1980-04-03 00:00:00,0.1934029290454526,0.0570789409152587,0.3297269171756465,144.36,-38.147
29311,1980-04-04 00:00:00,0.0732798205221861,-0.062975442880135,0.2095350839245072,144.36,-38.147
29312,1980-04-05 00:00:00,0.0897147217747919,-0.04666185337216,0.2260912969217439,144.36,-38.147
29313,1980-04-06 00:00:00,0.1289056901379535,-0.0074756878629606,0.2652870681388676,144.36,-38.147
29314,1980-04-07 00:00:00,0.0034686007985515,-0.1327589242496092,0.1396961258467123,144.36,-38.147
29315,1980-04-08 00:00:00,-0.0368985921003632,-0.1730843215372987,0.0992871373365722,144.36,-38.147
29316,1980-04-09 00:00:00,-0.0306661361351107,-0.1668485664268296,0.1055162941566081,144.36,-38.147
29317,1980-04-10 00:00:00,-0.0098733185331281,-0.1460659206802906,0.1263192836140342,144.36,-38.147
29318,1980-04-11 00:00:00,0.0072035075792792,-0.1290293401667011,0.1434363553252595,144.36,-38.147
29319,1980-04-12 00:00:00,0.0872829975667348,-0.0490056204291329,0.2235716155626027,144.36,-38.147
29320,1980-04-13 00:00:00,0.082914961578296,-0.0533000208353023,0.2191299439918945,144.36,-38.147
29321,1980-04-14 00:00:00,0.0216137215557666,-0.1146378354629288,0.157865278574462,144.36,-38.147
29322,1980-04-15 00:00:00,0.0126158586927594,-0.1237483210343551,0.148980038419874,144.36,-38.147
29323,1980-04-16 00:00:00,0.118017849874991,-0.0187473915635262,0.2547830913135083,144.36,-38.147
29324,1980-04-17 00:00:00,0.0003997856683899,-0.1360327679859474,0.1368323393227274,144.36,-38.147
29325,1980-04-18 00:00:00,0.0393275053861639,-0.097013252432611,0.1756682632049389,144.36,-38.147
29326,1980-04-19 00:00:00,0.0743255722175607,-0.0620016550225516,0.210652799457673,144.36,-38.147
29327,1980-04-20 00:00:00,0.0945169320747976,-0.0420212866839357,0.2310551508335309,144.36,-38.147
29328,1980-04-21 00:00:00,0.0292419990452638,-0.1070101575722438,0.1654941556627715,144.36,-38.147
29329,1980-04-22 00:00:00,0.1173491953501797,-0.0194437192911486,0.2541421099915081,144.36,-38.147
29330,1980-04-23 00:00:00,0.1676387284602543,0.0302267130115371,0.3050507439089714,144.36,-38.147
29331,1980-04-24 00:00:00,0.4134644284430065,0.2760253089791157,0.5509035479068973,144.36,-38.147
29332,1980-04-25 00:00:00,0.0970987280072012,-0.0396628234817044,0.2338602794961068,144.36,-38.147
29333,1980-04-26 00:00:00,0.1436850553085216,0.0072917195181956,0.2800783910988476,144.36,-38.147
29334,1980-04-27 00:00:00,0.0295697202429848,-0.1067996441809113,0.165939084666881,144.36,-38.147
29335,1980-04-28 00:00:00,-0.0531859316156851,-0.1894461765343436,0.0830743133029732,144.36,-38.147
29336,1980-04-29 00:00:00,0.0100836367119279,-0.1261488650954762,0.1463161385193321,144.36,-38.147
29337,1980-04-30 00:00:00,-0.0095173467575281,-0.1457838124412883,0.1267491189262321,144.36,-38.147
29338,1980-05-01 00:00:00,-0.0360414138696662,-0.1723124798439642,0.1002296521046317,144.36,-38.147
29339,1980-05-02 00:00:00,-0.0555769453520019,-0.1918305485987061,0.0806766578947022,144.36,-38.147
29340,1980-05-03 00:00:00,-0.0775397356707962,-0.2137923307885085,0.0587128594469161,144.36,-38.147
29341,1980-05-04 00:00:00,-0.0250931203973136,-0.1613709945779752,0.1111847537833479,144.36,-38.147
29342,1980-05-05 00:00:00,-0.0157703307717964,-0.1519785612981342,0.1204378997545412,144.36,-38.147
29343,1980-05-06 00:00:00,0.0004295036514239,-0.135765313983899,0.1366243212867469,144.36,-38.147
29344,1980-05-07 00:00:00,0.0448583508398957,-0.0914101105296255,0.1811268122094171,144.36,-38.147
29345,1980-05-08 00:00:00,0.103167047386987,-0.0332810861825817,0.2396151809565558,144.36,-38.147
29346,1980-05-09 00:00:00,0.0283616554419332,-0.1078502174041153,0.1645735282879817,144.36,-38.147
29347,1980-05-10 00:00:00,0.0446522096820626,-0.091716778962066,0.1810211983261912,144.36,-38.147
29348,1980-05-11 00:00:00,0.094672215300446,-0.0418619753523992,0.2312064059532914,144.36,-38.147
29349,1980-05-12 00:00:00,0.2291143080627225,0.0926884373488474,0.3655401787765976,144.36,-38.147
29350,1980-05-13 00:00:00,0.0584706586548566,-0.0778588663516031,0.1948001836613165,144.36,-38.147
29351,1980-05-14 00:00:00,0.057873511866347,-0.0783616756148528,0.1941086993475469,144.36,-38.147
29352,1980-05-15 00:00:00,0.0268541578678819,-0.1093661318253289,0.1630744475610927,144.36,-38.147
29353,1980-05-16 00:00:00,0.0224965017456716,-0.1137691955530173,0.1587621990443607,144.36,-38.147
29354,1980-05-17 00:00:00,0.2098520584391503,0.0733908475527201,0.3463132693255805,144.36,-38.147
29355,1980-05-18 00:00:00,0.0315042647661744,-0.1048131648414591,0.1678216943738081,144.36,-38.147
29356,1980-05-19 00:00:00,0.1063890177360029,-0.0300382443942215,0.2428162798662274,144.36,-38.147
29357,1980-05-20 00:00:00,0.2297662967087978,0.0931169199595808,0.3664156734580148,144.36,-38.147
29358,1980-05-21 00:00:00,0.0947337619564322,-0.0418656747636984,0.2313331986765628,144.36,-38.147
29359,1980-05-22 00:00:00,0.0830341656495807,-0.0535057048791945,0.219574036178356,144.36,-38.147
29360,1980-05-23 00:00:00,0.0951828927760587,-0.0411671411396547,0.2315329266917721,144.36,-38.147
29361,1980-05-24 00:00:00,0.1526936562702532,0.0161720359250219,0.2892152766154845,144.36,-38.147
29362,1980-05-25 00:00:00,0.0758161843313984,-0.0605186508567876,0.2121510195195845,144.36,-38.147
29363,1980-05-26 00:00:00,0.0170865673177369,-0.1191411768371527,0.1533143114726266,144.36,-38.147
29364,1980-05-27 00:00:00,0.0475198463123764,-0.0887004123419675,0.1837401049667204,144.36,-38.147
29365,1980-05-28 00:00:00,0.0774681967130842,-0.0587912350250318,0.2137276284512004,144.36,-38.147
29366,1980-05-29 00:00:00,0.0518494432581442,-0.0845043659472192,0.1882032524635077,144.36,-38.147
29367,1980-05-30 00:00:00,0.0309589670559525,-0.1056470962485306,0.1675650303604357,144.36,-38.147
29368,1980-05-31 00:00:00,0.1033079014495944,-0.033005982200801,0.2396217850999899,144.36,-38.147
29369,1980-06-01 00:00:00,0.113022869540806,-0.0232766570068432,0.2493223960884554,144.36,-38.147
29370,1980-06-02 00:00:00,0.0245354318458012,-0.1119049898051882,0.1609758534967907,144.36,-38.147
29371,1980-06-03 00:00:00,-0.1037337919950208,-0.2402256840955521,0.0327581001055105,144.36,-38.147
29372,1980-06-04 00:00:00,0.1361678997849034,-0.0003811858453876,0.2727169854151946,144.36,-38.147
29373,1980-06-05 00:00:00,0.0638621695312293,-0.0725771912627467,0.2003015303252054,144.36,-38.147
29374,1980-06-06 00:00:00,-0.005103215123962,-0.1413029559056236,0.1310965256576995,144.36,-38.147
29375,1980-06-07 00:00:00,0.0555307374989192,-0.0807612524250998,0.1918227274229382,144.36,-38.147
29376,1980-06-08 00:00:00,0.0859985184048134,-0.0502340630072996,0.2222310998169265,144.36,-38.147
29377,1980-06-09 00:00:00,0.0886729877152942,-0.0475646730625214,0.2249106484931099,144.36,-38.147
29378,1980-06-10 00:00:00,0.1141605211675716,-0.022342070229492,0.2506631125646353,144.36,-38.147
29379,1980-06-11 00:00:00,0.0477508033956283,-0.0886080619932689,0.1841096687845255,144.36,-38.147
29380,1980-06-12 00:00:00,0.0222058010458189,-0.1139932717222422,0.1584048738138802,144.36,-38.147
29381,1980-06-13 00:00:00,0.001372087515503,-0.1348216692588346,0.1375658442898407,144.36,-38.147
29382,1980-06-14 00:00:00,-0.0340630476307251,-0.1702500046862413,0.102123909424791,144.36,-38.147
29383,1980-06-15 00:00:00,-0.0379708046259253,-0.1745605587166372,0.0986189494647866,144.36,-38.147
29384,1980-06-16 00:00:00,0.074711598160046,-0.0628400143067034,0.2122632106267954,144.36,-38.147
29385,1980-06-17 00:00:00,0.2632002212300676,0.1261781630005782,0.4002222794595569,144.36,-38.147
29386,1980-06-18 00:00:00,0.1133013964772357,-0.0234671167344084,0.25006990968888,144.36,-38.147
29387,1980-06-19 00:00:00,0.0130806852897922,-0.1231753563038274,0.1493367268834119,144.36,-38.147
29388,1980-06-20 00:00:00,0.0191592051116766,-0.1170527833404383,0.1553711935637917,144.36,-38.147
29389,1980-06-21 00:00:00,0.0169904656601054,-0.119218965625934,0.1531998969461449,144.36,-38.147
29390,1980-06-22 00:00:00,-0.0274447085543081,-0.1636601303952737,0.1087707132866575,144.36,-38.147
29391,1980-06-23 00:00:00,0.0129071418734553,-0.1233323958332906,0.1491466795802013,144.36,-38.147
29392,1980-06-24 00:00:00,0.062196761895487,-0.074065048083799,0.1984585718747731,144.36,-38.147
29393,1980-06-25 00:00:00,0.0388411856035955,-0.0974145971862039,0.175096968393395,144.36,-38.147
29394,1980-06-26 00:00:00,0.0753711252811253,-0.0610883701188986,0.2118306206811493,144.36,-38.147
29395,1980-06-27 00:00:00,0.0838422045259723,-0.052946509832262,0.2206309188842068,144.36,-38.147
29396,1980-06-28 00:00:00,0.4482238814102639,0.3103671146852668,0.586080648135261,144.36,-38.147
29397,1980-06-29 00:00:00,0.4232392005191039,0.2823090331792153,0.5641693678589925,144.36,-38.147
29398,1980-06-30 00:00:00,0.0551233224097551,-0.0838959283447572,0.1941425731642674,144.36,-38.147
29399,1980-07-01 00:00:00,0.0576245570950431,-0.078801512693091,0.1940506268831774,144.36,-38.147
29400,1980-07-02 00:00:00,0.2934656884016725,0.1569058115175064,0.4300255652858386,144.36,-38.147
29401,1980-07-03 00:00:00,0.1286674348335046,-0.0078426689310852,0.2651775385980944,144.36,-38.147
29402,1980-07-04 00:00:00,0.3296201252417827,0.192636131755608,0.4666041187279574,144.36,-38.147
29403,1980-07-05 00:00:00,0.1182661424934481,-0.0186215724849944,0.2551538574718907,144.36,-38.147
29404,1980-07-06 00:00:00,0.0992025443974874,-0.0372090241477272,0.2356141129427021,144.36,-38.147
29405,1980-07-07 00:00:00,0.1510450339795308,0.0147203224193095,0.2873697455397522,144.36,-38.147
29406,1980-07-08 00:00:00,0.100059393602614,-0.0365146326604581,0.2366334198656861,144.36,-38.147
29407,1980-07-09 00:00:00,0.0425209220779199,-0.0943486862918007,0.1793905304476406,144.36,-38.147
29408,1980-07-10 00:00:00,-0.0170859609734958,-0.1536129859516987,0.119441064004707,144.36,-38.147
29409,1980-07-11 00:00:00,-0.0381304404790571,-0.1743723388606287,0.0981114579025144,144.36,-38.147
29410,1980-07-12 00:00:00,0.02972644539635,-0.1067015788690031,0.1661544696617032,144.36,-38.147
29411,1980-07-13 00:00:00,0.0376325325439037,-0.0986835311637611,0.1739485962515687,144.36,-38.147
29412,1980-07-14 00:00:00,0.0558342298160671,-0.0803911208258578,0.192059580457992,144.36,-38.147
29413,1980-07-15 00:00:00,0.1649952589132663,0.0286632833452856,0.3013272344812469,144.36,-38.147
29414,1980-07-16 00:00:00,0.1032365269464339,-0.0329908027263645,0.2394638566192325,144.36,-38.147
29415,1980-07-17 00:00:00,0.0473800045181604,-0.0889276258889578,0.1836876349252786,144.36,-38.147
29416,1980-07-18 00:00:00,0.1691049761401153,0.0323668134901204,0.3058431387901102,144.36,-38.147
29417,1980-07-19 00:00:00,0.0310888745072661,-0.1054110056394981,0.1675887546540305,144.36,-38.147
29418,1980-07-20 00:00:00,0.0126064033301924,-0.1236935370952482,0.1489063437556331,144.36,-38.147
29419,1980-07-21 00:00:00,0.1455312923832916,0.0091051141341567,0.2819574706324266,144.36,-38.147
29420,1980-07-22 00:00:00,0.0132253566453108,-0.1230970852283297,0.1495477985189515,144.36,-38.147
29421,1980-07-23 00:00:00,-0.0469305603131974,-0.1831934997672319,0.0893323791408369,144.36,-38.147
29422,1980-07-24 00:00:00,-0.0706810344312655,-0.2068786215546067,0.0655165526920756,144.36,-38.147
29423,1980-07-25 00:00:00,-0.0424436869052935,-0.1786518652434967,0.0937644914329097,144.36,-38.147
29424,1980-07-26 00:00:00,-0.0033933818314608,-0.1396782365064978,0.1328914728435762,144.36,-38.147
29425,1980-07-27 00:00:00,0.0209874977849331,-0.1156491468239522,0.1576241423938184,144.36,-38.147
29426,1980-07-28 00:00:00,0.2228603645768739,0.084878940992901,0.3608417881608468,144.36,-38.147
29427,1980-07-29 00:00:00,0.239013634287365,0.1019738526359609,0.376053415938769,144.36,-38.147
29428,1980-07-30 00:00:00,0.1473869101363045,0.0110815513108428,0.2836922689617661,144.36,-38.147
29429,1980-07-31 00:00:00,0.0637817506546803,-0.0724876594444748,0.2000511607538356,144.36,-38.147
29430,1980-08-01 00:00:00,0.0199203442386533,-0.116338011973233,0.1561787004505397,144.36,-38.147
29431,1980-08-02 00:00:00,0.1332252086600047,-0.0033746882153158,0.2698251055353253,144.36,-38.147
29432,1980-08-03 00:00:00,0.1175981045047717,-0.0190618733555912,0.2542580823651347,144.36,-38.147
29433,1980-08-04 00:00:00,0.0269631408549523,-0.1093287449461156,0.1632550266560202,144.36,-38.147
29434,1980-08-05 00:00:00,0.0313841919572868,-0.1048622600080574,0.167630643922631,144.36,-38.147
29435,1980-08-06 00:00:00,0.0151450649387128,-0.1211599146712774,0.1514500445487031,144.36,-38.147
29436,1980-08-07 00:00:00,0.1089744940043194,-0.0276475794805424,0.2455965674891812,144.36,-38.147
29437,1980-08-08 00:00:00,0.1667480104517797,0.0303460427546187,0.3031499781489407,144.36,-38.147
29438,1980-08-09 00:00:00,0.006707224334429,-0.1296016753935618,0.1430161240624198,144.36,-38.147
29439,1980-08-10 00:00:00,0.0454937980387511,-0.0908483282771875,0.1818359243546899,144.36,-38.147
29440,1980-08-11 00:00:00,0.1492527091080306,0.0124782611741606,0.2860271570419005,144.36,-38.147
29441,1980-08-12 00:00:00,0.1459527214824387,0.0088178781895185,0.2830875647753588,144.36,-38.147
29442,1980-08-13 00:00:00,0.0607971319699552,-0.0758366213618845,0.1974308853017949,144.36,-38.147
29443,1980-08-14 00:00:00,0.0554118183089762,-0.081306982884196,0.1921306195021484,144.36,-38.147
29444,1980-08-15 00:00:00,0.2903015661016856,0.1530235034946678,0.4275796287087033,144.36,-38.147
29445,1980-08-16 00:00:00,-0.0196865799989785,-0.1562964571514625,0.1169232971535054,144.36,-38.147
29446,1980-08-17 00:00:00,-0.0697481568719461,-0.2060709583215049,0.0665746445776127,144.36,-38.147
29447,1980-08-18 00:00:00,0.0137642497088048,-0.1225678803062617,0.1500963797238714,144.36,-38.147
29448,1980-08-19 00:00:00,0.0181458014772893,-0.1182204667951506,0.1545120697497294,144.36,-38.147
29449,1980-08-20 00:00:00,0.0445469316025203,-0.09182034204356,0.1809142052486008,144.36,-38.147
29450,1980-08-21 00:00:00,0.2482648677052774,0.1118812837961974,0.3846484516143573,144.36,-38.147
29451,1980-08-22 00:00:00,0.0614486123798883,-0.0749525765619901,0.1978498013217668,144.36,-38.147
29452,1980-08-23 00:00:00,0.1524267578403874,0.0158968617794925,0.2889566539012824,144.36,-38.147
29453,1980-08-24 00:00:00,0.1997768374353744,0.0632896341101476,0.3362640407606012,144.36,-38.147
29454,1980-08-25 00:00:00,0.2125160204580163,0.076211257169437,0.3488207837465957,144.36,-38.147
29455,1980-08-26 00:00:00,0.0756960270998112,-0.0606949013873161,0.2120869555869387,144.36,-38.147
29456,1980-08-27 00:00:00,-0.014403250555403,-0.1507551122075269,0.1219486110967208,144.36,-38.147
29457,1980-08-28 00:00:00,0.1488326017291354,0.0123942216747472,0.2852709817835237,144.36,-38.147
29458,1980-08-29 00:00:00,0.1644755139382992,0.0281852712510879,0.3007657566255104,144.36,-38.147
29459,1980-08-30 00:00:00,0.0766480489093183,-0.0598404445301698,0.2131365423488064,144.36,-38.147
29460,1980-08-31 00:00:00,0.4098463911222482,0.2720913990294363,0.5476013832150601,144.36,-38.147
29461,1980-09-01 00:00:00,0.1858888676137215,0.0490681102174946,0.3227096250099485,144.36,-38.147
29462,1980-09-02 00:00:00,0.355968877129352,0.2185833232048437,0.4933544310538603,144.36,-38.147
29463,1980-09-03 00:00:00,0.1225532791317318,-0.0141586384560385,0.2592651967195023,144.36,-38.147
29464,1980-09-04 00:00:00,0.0146429865069226,-0.1216502123877452,0.1509361854015906,144.36,-38.147
29465,1980-09-05 00:00:00,0.1601496687098669,0.0236504555747051,0.2966488818450287,144.36,-38.147
29466,1980-09-06 00:00:00,-0.0096848696329955,-0.145960247754803,0.126590508488812,144.36,-38.147
29467,1980-09-07 00:00:00,0.1421971821764643,0.0058263681708753,0.2785679961820534,144.36,-38.147
29468,1980-09-08 00:00:00,0.0542066925463344,-0.0823150229188754,0.1907284080115442,144.36,-38.147
29469,1980-09-09 00:00:00,0.5958922622467385,0.4554683440119874,0.7363161804814896,144.36,-38.147
29470,1980-09-10 00:00:00,0.219491478822239,0.0798064468196023,0.3591765108248756,144.36,-38.147
29471,1980-09-11 00:00:00,0.1362523888868642,-0.0004777250838302,0.2729825028575589,144.36,-38.147
29472,1980-09-12 00:00:00,0.1606993475276333,0.0241944260908071,0.2972042689644595,144.36,-38.147
29473,1980-09-13 00:00:00,0.0401386704183008,-0.0961646267955862,0.1764419676321879,144.36,-38.147
29474,1980-09-14 00:00:00,0.075687313251422,-0.0607248484348418,0.2120994749376859,144.36,-38.147
29475,1980-09-15 00:00:00,0.5394520366967908,0.3999629608539649,0.6789411125396165,144.36,-38.147
29476,1980-09-16 00:00:00,0.1583635314875149,0.0205476178837157,0.2961794450913141,144.36,-38.147
29477,1980-09-17 00:00:00,0.1431441424053852,0.0065230464277825,0.2797652383829878,144.36,-38.147
29478,1980-09-18 00:00:00,0.4113074599489186,0.2744373622428101,0.5481775576550271,144.36,-38.147
29479,1980-09-19 00:00:00,0.1983358246387557,0.0615360952881217,0.3351355539893897,144.36,-38.147
29480,1980-09-20 00:00:00,0.123470200451411,-0.0128826683931487,0.2598230692959708,144.36,-38.147
29481,1980-09-21 00:00:00,0.2977566128543409,0.1611255111598929,0.4343877145487889,144.36,-38.147
29482,1980-09-22 00:00:00,0.268368460653438,0.1314545700952863,0.4052823512115897,144.36,-38.147
29483,1980-09-23 00:00:00,0.0200320909670497,-0.1165186684847743,0.1565828504188738,144.36,-38.147
29484,1980-09-24 00:00:00,0.0953858029116897,-0.0408660799848664,0.231637685808246,144.36,-38.147
29485,1980-09-25 00:00:00,0.3398292191623854,0.2031322847871453,0.4765261535376255,144.36,-38.147
29486,1980-09-26 00:00:00,0.1891179961751092,0.0521995221357634,0.326036470214455,144.36,-38.147
29487,1980-09-27 00:00:00,0.0648313747622335,-0.0714864076988036,0.2011491572232707,144.36,-38.147
29488,1980-09-28 00:00:00,0.0765039101474399,-0.059762400434994,0.2127702207298739,144.36,-38.147
29489,1980-09-29 00:00:00,0.0619940679866949,-0.0742538051552079,0.1982419411285979,144.36,-38.147
29490,1980-09-30 00:00:00,0.1579293811507779,0.0215994817355035,0.2942592805660523,144.36,-38.147
29491,1980-10-01 00:00:00,0.1860901404094234,0.0497254637959181,0.3224548170229287,144.36,-38.147
29492,1980-10-02 00:00:00,0.1210398698921323,-0.0155641896282096,0.2576439294124744,144.36,-38.147
29493,1980-10-03 00:00:00,0.1922434606232293,0.0553773488713892,0.3291095723750694,144.36,-38.147
29494,1980-10-04 00:00:00,0.0340827463120569,-0.1022371227683497,0.1704026153924637,144.36,-38.147
29495,1980-10-05 00:00:00,0.0453788891898303,-0.0910900411319159,0.1818478195115766,144.36,-38.147
29496,1980-10-06 00:00:00,0.1263661370513718,-0.0101862364434799,0.2629185105462236,144.36,-38.147
29497,1980-10-07 00:00:00,0.0917142255886445,-0.044887751474588,0.2283162026518772,144.36,-38.147
29498,1980-10-08 00:00:00,0.0558428277894814,-0.0804379587681824,0.1921236143471453,144.36,-38.147
29499,1980-10-09 00:00:00,0.0230158032777577,-0.1131664063342731,0.1591980128897887,144.36,-38.147
29500,1980-10-10 00:00:00,0.0326292023032508,-0.1035530976124993,0.168811502219001,144.36,-38.147
29501,1980-10-11 00:00:00,0.0287407519841608,-0.1076554970349511,0.1651370010032728,144.36,-38.147
29502,1980-10-12 00:00:00,0.1022185247920048,-0.034370833740821,0.2388078833248307,144.36,-38.147
29503,1980-10-13 00:00:00,0.2375599441864899,0.1010635197664878,0.374056368606492,144.36,-38.147
29504,1980-10-14 00:00:00,0.0990509307419677,-0.0372925357851295,0.235394397269065,144.36,-38.147
29505,1980-10-15 00:00:00,0.0476123821736374,-0.08859971747385,0.183824481821125,144.36,-38.147
29506,1980-10-16 00:00:00,0.0277700476810849,-0.1085908361969601,0.16413093155913,144.36,-38.147
29507,1980-10-17 00:00:00,0.0079701929981445,-0.1283975096157512,0.1443378956120404,144.36,-38.147
29508,1980-10-18 00:00:00,0.0196333792025597,-0.1166655570444964,0.155932315449616,144.36,-38.147
29509,1980-10-19 00:00:00,0.0971919227669916,-0.0391510136053813,0.2335348591393645,144.36,-38.147
29510,1980-10-20 00:00:00,0.1546488420032161,0.0180910155287063,0.291206668477726,144.36,-38.147
29511,1980-10-21 00:00:00,0.1735046866038328,0.0369566682105733,0.3100527049970923,144.36,-38.147
29512,1980-10-22 00:00:00,0.0342305141075542,-0.1020754592854178,0.1705364875005264,144.36,-38.147
29513,1980-10-23 00:00:00,0.1181756136708913,-0.0184969059627577,0.2548481333045405,144.36,-38.147
29514,1980-10-24 00:00:00,0.1491263329831411,0.0121598366039411,0.2860928293623411,144.36,-38.147
29515,1980-10-25 00:00:00,-0.0386573184310393,-0.175212416002771,0.0978977791406923,144.36,-38.147
29516,1980-10-26 00:00:00,0.0093691753578836,-0.1269355745872465,0.1456739253030137,144.36,-38.147
29517,1980-10-27 00:00:00,0.1666139345566274,0.0299687550817923,0.3032591140314626,144.36,-38.147
29518,1980-10-28 00:00:00,0.2996275756906649,0.1625792926024099,0.4366758587789199,144.36,-38.147
29519,1980-10-29 00:00:00,0.1177804143780678,-0.0187291760738349,0.2542900048299706,144.36,-38.147
29520,1980-10-30 00:00:00,0.2100738534991407,0.0736060311309965,0.3465416758672848,144.36,-38.147
29521,1980-10-31 00:00:00,0.1985857148971272,0.0621186750576794,0.3350527547365751,144.36,-38.147
29522,1980-11-01 00:00:00,0.2158982373694674,0.0795751768273738,0.352221297911561,144.36,-38.147
29523,1980-11-02 00:00:00,0.1492917485792951,0.0130325364581774,0.2855509607004128,144.36,-38.147
29524,1980-11-03 00:00:00,0.1464479669190345,0.0095203250286159,0.2833756088094532,144.36,-38.147
29525,1980-11-04 00:00:00,-0.055468997505877,-0.1920179876815854,0.0810799926698314,144.36,-38.147
29526,1980-11-05 00:00:00,0.0881613399590054,-0.0483283911839698,0.2246510711019807,144.36,-38.147
29527,1980-11-06 00:00:00,0.3023170097310772,0.165576940117194,0.4390570793449604,144.36,-38.147
29528,1980-11-07 00:00:00,0.1029922767942299,-0.033500984001743,0.2394855375902029,144.36,-38.147
29529,1980-11-08 00:00:00,0.0627928368403822,-0.0734977182971233,0.1990833919778879,144.36,-38.147
29530,1980-11-09 00:00:00,0.0624335544131904,-0.073775879192423,0.1986429880188039,144.36,-38.147
29531,1980-11-10 00:00:00,0.0060696942101238,-0.1301570466638875,0.1422964350841352,144.36,-38.147
29532,1980-11-11 00:00:00,0.0231094401058798,-0.1131179018178511,0.1593367820296108,144.36,-38.147
29533,1980-11-12 00:00:00,0.0884016611018349,-0.0479540137381709,0.2247573359418407,144.36,-38.147
29534,1980-11-13 00:00:00,0.0681898128892426,-0.0685143418133387,0.204893967591824,144.36,-38.147
29535,1980-11-14 00:00:00,0.1231516764397789,-0.0134620453779443,0.2597653982575023,144.36,-38.147
29536,1980-11-15 00:00:00,0.0283793776906669,-0.107873476004338,0.1646322313856719,144.36,-38.147
29537,1980-11-16 00:00:00,-0.0152710565097857,-0.1514949453571199,0.1209528323375483,144.36,-38.147
29538,1980-11-17 00:00:00,0.0987633612498078,-0.0376147043059734,0.2351414268055891,144.36,-38.147
29539,1980-11-18 00:00:00,0.1637395433358369,0.0270727615386787,0.3004063251329951,144.36,-38.147
29540,1980-11-19 00:00:00,0.4170780118441261,0.2801471576133336,0.5540088660749186,144.36,-38.147
29541,1980-11-20 00:00:00,0.0602104110427436,-0.0763424109641038,0.1967632330495911,144.36,-38.147
29542,1980-11-21 00:00:00,0.0960328281162733,-0.0402428251711684,0.232308481403715,144.36,-38.147
29543,1980-11-22 00:00:00,0.0487155691843362,-0.0877425544939988,0.1851736928626712,144.36,-38.147
29544,1980-11-23 00:00:00,-0.0271645216712063,-0.1636311827625053,0.1093021394200925,144.36,-38.147
29545,1980-11-24 00:00:00,0.0086670514547351,-0.1277324422653771,0.1450665451748475,144.36,-38.147
29546,1980-11-25 00:00:00,0.0142563467923788,-0.1220568885733439,0.1505695821581015,144.36,-38.147
29547,1980-11-26 00:00:00,0.0098452220887781,-0.1264637137075699,0.1461541578851263,144.36,-38.147
29548,1980-11-27 00:00:00,0.1209587831167414,-0.0154246465166387,0.2573422127501217,144.36,-38.147
29549,1980-11-28 00:00:00,0.2233566999050913,0.086707741896806,0.3600056579133766,144.36,-38.147
29550,1980-11-29 00:00:00,0.2702424269484164,0.13365911915206,0.4068257347447727,144.36,-38.147
29551,1980-11-30 00:00:00,0.0591224906825647,-0.0773305828943304,0.19557556425946,144.36,-38.147
29552,1980-12-01 00:00:00,-0.0123242945540524,-0.1486729062511424,0.1240243171430375,144.36,-38.147
29553,1980-12-02 00:00:00,0.0148200287285518,-0.1218273563952271,0.1514674138523309,144.36,-38.147
29554,1980-12-03 00:00:00,0.3123733021630788,0.1751450187040385,0.4496015856221191,144.36,-38.147
29555,1980-12-04 00:00:00,0.1730474098488882,0.0362491403587185,0.3098456793390579,144.36,-38.147
29556,1980-12-05 00:00:00,0.0603759579007062,-0.075886711415501,0.1966386272169136,144.36,-38.147
29557,1980-12-06 00:00:00,0.0666525441292014,-0.0695905478038184,0.2028956360622213,144.36,-38.147
29558,1980-12-07 00:00:00,0.0323516101674315,-0.1038964706441272,0.1685996909789902,144.36,-38.147
29559,1980-12-08 00:00:00,-0.0325249962071447,-0.1688000206656228,0.1037500282513333,144.36,-38.147
29560,1980-12-09 00:00:00,0.0257057846879764,-0.1106106823214369,0.1620222516973898,144.36,-38.147
29561,1980-12-10 00:00:00,0.014515584541705,-0.1220264998600482,0.1510576689434584,144.36,-38.147
29562,1980-12-11 00:00:00,0.1404016680571248,0.0036170184791789,0.2771863176350707,144.36,-38.147
29563,1980-12-12 00:00:00,0.0887534911342001,-0.0479112938518992,0.2254182761202995,144.36,-38.147
29564,1980-12-13 00:00:00,0.1026682856140613,-0.0336064616607614,0.238943032888884,144.36,-38.147
29565,1980-12-14 00:00:00,0.3240357766950179,0.1873991888407629,0.4606723645492729,144.36,-38.147
29566,1980-12-15 00:00:00,0.1613648752300081,0.0247673983386279,0.2979623521213882,144.36,-38.147
29567,1980-12-16 00:00:00,0.0951028185138897,-0.0412564884586748,0.2314621254864543,144.36,-38.147
29568,1980-12-17 00:00:00,0.1959771085177711,0.0595891473158813,0.332365069719661,144.36,-38.147
29569,1980-12-18 00:00:00,0.0976301815427542,-0.0387205320670109,0.2339808951525194,144.36,-38.147
29570,1980-12-19 00:00:00,0.0377030634388394,-0.0985672366137233,0.1739733634914021,144.36,-38.147
29571,1980-12-20 00:00:00,0.0831493982244588,-0.0531666063749636,0.2194654028238812,144.36,-38.147
29572,1980-12-21 00:00:00,0.0776474522395693,-0.0588185825001243,0.2141134869792629,144.36,-38.147
29573,1980-12-22 00:00:00,0.0728908166371028,-0.0637395905216342,0.2095212237958399,144.36,-38.147
29574,1980-12-23 00:00:00,0.1449656907283681,0.0076332407426732,0.282298140714063,144.36,-38.147
29575,1980-12-24 00:00:00,-0.0166905437442378,-0.1535755081289653,0.1201944206404895,144.36,-38.147
29576,1980-12-25 00:00:00,0.062243906306833,-0.0742395496066393,0.1987273622203054,144.36,-38.147
29577,1980-12-26 00:00:00,0.0327309213240506,-0.103648760721621,0.1691106033697223,144.36,-38.147
29578,1980-12-27 00:00:00,-0.0277917408701095,-0.1644651952826123,0.1088817135423932,144.36,-38.147
29579,1980-12-28 00:00:00,0.0767985333511074,-0.0600138635063443,0.2136109302085592,144.36,-38.147
29580,1980-12-29 00:00:00,0.1293247509837483,-0.0075490158346389,0.2661985178021355,144.36,-38.147
29581,1980-12-30 00:00:00,0.025438001589067,-0.1111352174840782,0.1620112206622124,144.36,-38.147
29582,1980-12-31 00:00:00,-0.0015704499759204,-0.13786742429609,0.1347265243442491,144.36,-38.147
29583,1981-01-01 00:00:00,0.0863829350199253,-0.0498545096338462,0.2226203796736968,144.36,-38.147
29584,1981-01-02 00:00:00,0.0600829904930833,-0.0762842828604621,0.1964502638466289,144.36,-38.147
29585,1981-01-03 00:00:00,0.0865045705337822,-0.050006916091521,0.2230160571590854,144.36,-38.147
29586,1981-01-04 00:00:00,0.141679542667118,0.0050744137532047,0.2782846715810314,144.36,-38.147
29587,1981-01-05 00:00:00,0.033034571501851,-0.103248692497652,0.1693178355013542,144.36,-38.147
29588,1981-01-06 00:00:00,0.0146746557608007,-0.1216404402639413,0.1509897517855428,144.36,-38.147
29589,1981-01-07 00:00:00,-0.00504598248575,-0.1413997023253559,0.1313077373538557,144.36,-38.147
29590,1981-01-08 00:00:00,-0.0530857689204918,-0.1894942300193799,0.0833226921783961,144.36,-38.147
29591,1981-01-09 00:00:00,0.0393720867034878,-0.0970889361151592,0.1758331095221349,144.36,-38.147
29592,1981-01-10 00:00:00,0.1786804721131699,0.0421791490670087,0.3151817951593312,144.36,-38.147
29593,1981-01-11 00:00:00,0.0755675304040011,-0.0607407580367408,0.2118758188447431,144.36,-38.147
29594,1981-01-12 00:00:00,-0.0434063648301584,-0.1798544390723475,0.0930417094120306,144.36,-38.147
29595,1981-01-13 00:00:00,0.0020730156419651,-0.1343360067082791,0.1384820379922095,144.36,-38.147
29596,1981-01-14 00:00:00,0.0511564103029062,-0.0851513581437354,0.1874641787495479,144.36,-38.147
29597,1981-01-15 00:00:00,0.1265797679086986,-0.0098541038721771,0.2630136396895745,144.36,-38.147
29598,1981-01-16 00:00:00,0.0668932610724753,-0.0695724068131099,0.2033589289580606,144.36,-38.147
29599,1981-01-17 00:00:00,-0.0024782323431379,-0.1389467051421952,0.1339902404559193,144.36,-38.147
29600,1981-01-18 00:00:00,0.0924475223232739,-0.0439402325892566,0.2288352772358045,144.36,-38.147
29601,1981-01-19 00:00:00,0.17068255154354,0.0343055561338161,0.3070595469532639,144.36,-38.147
29602,1981-01-20 00:00:00,0.0693097858658691,-0.0669630817815001,0.2055826535132384,144.36,-38.147
29603,1981-01-21 00:00:00,0.1345281310982078,-0.0020320810071354,0.2710883432035512,144.36,-38.147
29604,1981-01-22 00:00:00,0.2219751234635157,0.0852764311314806,0.3586738157955508,144.36,-38.147
29605,1981-01-23 00:00:00,0.0905962274357217,-0.0456919956813133,0.2268844505527568,144.36,-38.147
29606,1981-01-24 00:00:00,0.0306810260863954,-0.1055366828955745,0.1668987350683654,144.36,-38.147
29607,1981-01-25 00:00:00,0.0264631426643878,-0.1097607102369014,0.162686995565677,144.36,-38.147
29608,1981-01-26 00:00:00,0.0837618943892286,-0.0525035164267406,0.2200273052051979,144.36,-38.147
29609,1981-01-27 00:00:00,0.1592771255418388,0.0225614404218898,0.2959928106617877,144.36,-38.147
29610,1981-01-28 00:00:00,0.0225872116801888,-0.1142561298588436,0.1594305532192212,144.36,-38.147
29611,1981-01-29 00:00:00,0.0756618435863971,-0.0612425554817618,0.2125662426545561,144.36,-38.147
29612,1981-01-30 00:00:00,0.0115169633004322,-0.1249839037766745,0.1480178303775391,144.36,-38.147
29613,1981-01-31 00:00:00,0.0209589848207878,-0.1155537370462284,0.1574717066878042,144.36,-38.147
29614,1981-02-01 00:00:00,-0.0047460555813296,-0.1411062241905924,0.1316141130279331,144.36,-38.147
29615,1981-02-02 00:00:00,-0.0318301714067812,-0.1682462855041074,0.104585942690545,144.36,-38.147
29616,1981-02-03 00:00:00,0.0547072049625417,-0.0816617697205522,0.1910761796456357,144.36,-38.147
29617,1981-02-04 00:00:00,0.1622225343247381,0.0257145225657383,0.298730546083738,144.36,-38.147
29618,1981-02-05 00:00:00,0.08581120873457,-0.0506448628624525,0.2222672803315926,144.36,-38.147
29619,1981-02-06 00:00:00,0.0767966859376874,-0.059923818641185,0.2135171905165599,144.36,-38.147
29620,1981-02-07 00:00:00,0.0098138481046957,-0.1269363044555907,0.1465640006649823,144.36,-38.147
29621,1981-02-08 00:00:00,0.079067776540541,-0.0573528956846415,0.2154884487657234,144.36,-38.147
29622,1981-02-09 00:00:00,0.2190835597067542,0.0824872422050601,0.3556798772084482,144.36,-38.147
29623,1981-02-10 00:00:00,0.2740242786158841,0.1372416784945552,0.410806878737213,144.36,-38.147
29624,1981-02-11 00:00:00,0.0628898722635398,-0.0735776363322653,0.1993573808593449,144.36,-38.147
29625,1981-02-12 00:00:00,-0.0309268854449647,-0.1675165016733536,0.1056627307834241,144.36,-38.147
29626,1981-02-13 00:00:00,0.032155090894299,-0.1045922922037999,0.168902473992398,144.36,-38.147
29627,1981-02-14 00:00:00,0.0903851772793276,-0.0460287052831778,0.2267990598418331,144.36,-38.147
29628,1981-02-15 00:00:00,0.0442257172027609,-0.0920464740983458,0.1804979085038678,144.36,-38.147
29629,1981-02-16 00:00:00,0.0834032635784371,-0.0530164753383776,0.2198230024952518,144.36,-38.147
29630,1981-02-17 00:00:00,0.0475701116378162,-0.0888299988957504,0.1839702221713828,144.36,-38.147
29631,1981-02-18 00:00:00,0.0998128925943585,-0.0367246256592342,0.2363504108479513,144.36,-38.147
29632,1981-02-19 00:00:00,0.0647340996124675,-0.0717400048800425,0.2012082041049776,144.36,-38.147
29633,1981-02-20 00:00:00,-0.0045233025517986,-0.1409135460468696,0.1318669409432722,144.36,-38.147
29634,1981-02-21 00:00:00,0.0339595041767607,-0.1025113929220334,0.1704304012755548,144.36,-38.147
29635,1981-02-22 00:00:00,0.0732379476783384,-0.0631958920805446,0.2096717874372214,144.36,-38.147
29636,1981-02-23 00:00:00,0.0533034063162419,-0.0830469635838029,0.1896537762162866,144.36,-38.147
29637,1981-02-24 00:00:00,0.079598676997166,-0.0566896488271863,0.2158870028215184,144.36,-38.147
29638,1981-02-25 00:00:00,0.0804504287978579,-0.0558675621247249,0.2167684197204407,144.36,-38.147
29639,1981-02-26 00:00:00,0.0197793137415083,-0.1164561107908764,0.1560147382738932,144.36,-38.147
29640,1981-02-27 00:00:00,0.0100179644255896,-0.1263326591460794,0.1463685879972586,144.36,-38.147
29641,1981-02-28 00:00:00,0.0783128326181958,-0.058083225494973,0.2147088907313646,144.36,-38.147
29642,1981-03-01 00:00:00,0.0877709599793856,-0.048809671487172,0.2243515914459432,144.36,-38.147
29643,1981-03-02 00:00:00,0.1308792133235269,-0.0061454351645456,0.2679038618115994,144.36,-38.147
29644,1981-03-03 00:00:00,0.2240729741087972,0.0872693484035156,0.3608765998140789,144.36,-38.147
29645,1981-03-04 00:00:00,0.2546678198376826,0.1182118255886499,0.3911238140867152,144.36,-38.147
29646,1981-03-05 00:00:00,0.0950249520819943,-0.0411725456156328,0.2312224497796215,144.36,-38.147
29647,1981-03-06 00:00:00,0.0155293817417714,-0.1207000702365383,0.1517588337200812,144.36,-38.147
29648,1981-03-07 00:00:00,-0.0082862630973852,-0.1445162209513623,0.1279436947565918,144.36,-38.147
29649,1981-03-08 00:00:00,0.1112232812109153,-0.0250842931539787,0.2475308555758094,144.36,-38.147
29650,1981-03-09 00:00:00,0.2146398785696118,0.0783596312966089,0.3509201258426146,144.36,-38.147
29651,1981-03-10 00:00:00,0.2007064810239222,0.0644073231141713,0.3370056389336731,144.36,-38.147
29652,1981-03-11 00:00:00,0.072325637980425,-0.0639049649708105,0.2085562409316607,144.36,-38.147
29653,1981-03-12 00:00:00,0.0310691424683954,-0.1051183875005031,0.167256672437294,144.36,-38.147
29654,1981-03-13 00:00:00,0.1328620751180779,-0.0039100433420861,0.2696341935782419,144.36,-38.147
29655,1981-03-14 00:00:00,0.1252565184577747,-0.0117807195459267,0.2622937564614762,144.36,-38.147
29656,1981-03-15 00:00:00,0.0411816124774148,-0.0951001883525646,0.1774634133073943,144.36,-38.147
29657,1981-03-16 00:00:00,0.0684509490941967,-0.0677422537351584,0.2046441519235519,144.36,-38.147
29658,1981-03-17 00:00:00,0.0507494595368782,-0.0854759256356949,0.1869748447094515,144.36,-38.147
29659,1981-03-18 00:00:00,0.004485687743505,-0.1317271119799233,0.1406984874669333,144.36,-38.147
29660,1981-03-19 00:00:00,0.1003471963675016,-0.0360668266360488,0.2367612193710521,144.36,-38.147
29661,1981-03-20 00:00:00,0.2809453157537922,0.1441042058979808,0.4177864256096036,144.36,-38.147
29662,1981-03-21 00:00:00,0.1462725073265837,0.009898424791299,0.2826465898618684,144.36,-38.147
29663,1981-03-22 00:00:00,0.0792911516567366,-0.0569219367796649,0.2155042400931382,144.36,-38.147
29664,1981-03-23 00:00:00,0.0743124919581524,-0.0619134702307214,0.2105384541470263,144.36,-38.147
29665,1981-03-24 00:00:00,0.0785761494689105,-0.0576590790605001,0.2148113779983211,144.36,-38.147
29666,1981-03-25 00:00:00,0.1069115376778994,-0.0294768993230807,0.2432999746788796,144.36,-38.147
29667,1981-03-26 00:00:00,-0.0486442118466122,-0.1849271084660702,0.0876386847728457,144.36,-38.147
29668,1981-03-27 00:00:00,-0.0413443713158248,-0.1775937305104754,0.0949049878788257,144.36,-38.147
29669,1981-03-28 00:00:00,0.0087538386887265,-0.1275891137478143,0.1450967911252675,144.36,-38.147
29670,1981-03-29 00:00:00,0.0428080161752358,-0.093524575887738,0.1791406082382098,144.36,-38.147
29671,1981-03-30 00:00:00,0.0079947926931489,-0.1282089339344677,0.1441985193207655,144.36,-38.147
29672,1981-03-31 00:00:00,0.0248214011967098,-0.1114331363088392,0.1610759387022589,144.36,-38.147
29673,1981-04-01 00:00:00,0.0404017910852193,-0.0958393301373464,0.1766429123077851,144.36,-38.147
29674,1981-04-02 00:00:00,0.0392296574423941,-0.0969681201771777,0.1754274350619659,144.36,-38.147
29675,1981-04-03 00:00:00,0.0615352977989885,-0.0746938718011015,0.1977644673990786,144.36,-38.147
29676,1981-04-04 00:00:00,0.0604191452699394,-0.0758265458120844,0.1966648363519634,144.36,-38.147
29677,1981-04-05 00:00:00,0.065729092393805,-0.0706949537706237,0.2021531385582337,144.36,-38.147
29678,1981-04-06 00:00:00,0.1133445013737992,-0.0231204935777223,0.2498094963253208,144.36,-38.147
29679,1981-04-07 00:00:00,-0.0104069243003359,-0.1466758944281616,0.1258620458274898,144.36,-38.147
29680,1981-04-08 00:00:00,0.0410958082213458,-0.0950938789367955,0.1772854953794872,144.36,-38.147
29681,1981-04-09 00:00:00,0.1218662906595288,-0.0143669764512957,0.2580995577703534,144.36,-38.147
29682,1981-04-10 00:00:00,0.0851180264021675,-0.0513228321299464,0.2215588849342815,144.36,-38.147
29683,1981-04-11 00:00:00,-0.0461061479381254,-0.1824658896705869,0.0902535937943361,144.36,-38.147
29684,1981-04-12 00:00:00,0.0721285096688336,-0.0642646733821828,0.2085216927198501,144.36,-38.147
29685,1981-04-13 00:00:00,0.1740352539539092,0.0375022846126379,0.3105682232951804,144.36,-38.147
29686,1981-04-14 00:00:00,0.2309611187556423,0.0942098946878886,0.367712342823396,144.36,-38.147
29687,1981-04-15 00:00:00,0.0975079240938289,-0.0388937853973222,0.2339096335849801,144.36,-38.147
29688,1981-04-16 00:00:00,0.2852906962372138,0.1484996161054573,0.4220817763689702,144.36,-38.147
29689,1981-04-17 00:00:00,0.123474970853195,-0.0132664711918734,0.2602164128982637,144.36,-38.147
29690,1981-04-18 00:00:00,0.0665881931098756,-0.0699799157136784,0.2031563019334297,144.36,-38.147
29691,1981-04-19 00:00:00,0.1097382239582649,-0.02662854091873,0.24610498883526,144.36,-38.147
29692,1981-04-20 00:00:00,0.072779879914443,-0.0634279767426181,0.2089877365715041,144.36,-38.147
29693,1981-04-21 00:00:00,0.0522519025116459,-0.0840137197641885,0.1885175247874803,144.36,-38.147
29694,1981-04-22 00:00:00,0.0888990657552307,-0.0473241258504173,0.2251222573608789,144.36,-38.147
29695,1981-04-23 00:00:00,0.1041903521422658,-0.0320929419387452,0.2404736462232768,144.36,-38.147
29696,1981-04-24 00:00:00,0.132613373951233,-0.0037734845643571,0.2690002324668232,144.36,-38.147
29697,1981-04-25 00:00:00,0.1776245177023562,0.0407688925917231,0.3144801428129894,144.36,-38.147
29698,1981-04-26 00:00:00,-0.0300044359853013,-0.1663234368237549,0.1063145648531521,144.36,-38.147
29699,1981-04-27 00:00:00,0.0955106259287072,-0.0408206168500543,0.2318418687074688,144.36,-38.147
29700,1981-04-28 00:00:00,0.1569659478916285,0.0203709244955134,0.2935609712877435,144.36,-38.147
29701,1981-04-29 00:00:00,-0.0043974859179558,-0.1409204491341026,0.132125477298191,144.36,-38.147
29702,1981-04-30 00:00:00,-0.0036246166848084,-0.139878280303258,0.132629046933641,144.36,-38.147
29703,1981-05-01 00:00:00,0.0108292309292796,-0.1253930717139559,0.1470515335725152,144.36,-38.147
29704,1981-05-02 00:00:00,0.0426705501910689,-0.0935700906460301,0.1789111910281681,144.36,-38.147
29705,1981-05-03 00:00:00,0.1112148299895029,-0.0251845704817596,0.2476142304607655,144.36,-38.147
29706,1981-05-04 00:00:00,-0.0168926815042607,-0.1531062366515757,0.1193208736430541,144.36,-38.147
29707,1981-05-05 00:00:00,0.0158056004804455,-0.1204304097745826,0.1520416107354736,144.36,-38.147
29708,1981-05-06 00:00:00,0.1138618524707368,-0.0224183081943509,0.2501420131358247,144.36,-38.147
29709,1981-05-07 00:00:00,0.1100670323111992,-0.0264033661700268,0.2465374307924253,144.36,-38.147
29710,1981-05-08 00:00:00,0.1202475461662695,-0.0162648480703253,0.2567599404028644,144.36,-38.147
29711,1981-05-09 00:00:00,0.2446358048308195,0.1081746762505074,0.3810969334111316,144.36,-38.147
29712,1981-05-10 00:00:00,0.1508655060546636,0.0143105745970188,0.2874204375123083,144.36,-38.147
29713,1981-05-11 00:00:00,0.0648929851792773,-0.0715415942631779,0.2013275646217326,144.36,-38.147
29714,1981-05-12 00:00:00,0.0096684591884643,-0.1268315947385743,0.1461685131155031,144.36,-38.147
29715,1981-05-13 00:00:00,0.0297364437669783,-0.1070480480829973,0.166520935616954,144.36,-38.147
29716,1981-05-14 00:00:00,-0.0142310131617747,-0.1506194338077321,0.1221574074841826,144.36,-38.147
29717,1981-05-15 00:00:00,-0.0078954731610317,-0.1441738294592505,0.1283828831371869,144.36,-38.147
29718,1981-05-16 00:00:00,0.0503549060787473,-0.0859458448141185,0.1866556569716133,144.36,-38.147
29719,1981-05-17 00:00:00,0.0906542356752087,-0.0459392078346085,0.227247679185026,144.36,-38.147
29720,1981-05-18 00:00:00,-0.027293806685309,-0.1637546770380553,0.1091670636674372,144.36,-38.147
29721,1981-05-19 00:00:00,-0.0777165096781845,-0.2139524712998644,0.0585194519434953,144.36,-38.147
29722,1981-05-20 00:00:00,-0.0581496896831216,-0.1943620577014325,0.0780626783351891,144.36,-38.147
29723,1981-05-21 00:00:00,-0.0647456392945151,-0.2010270397861539,0.0715357611971236,144.36,-38.147
29724,1981-05-22 00:00:00,-0.027402280186626,-0.163936936642941,0.1091323762696889,144.36,-38.147
29725,1981-05-23 00:00:00,0.0071816285375255,-0.1295617327652601,0.1439249898403112,144.36,-38.147
29726,1981-05-24 00:00:00,0.0849640799151564,-0.0514499164578964,0.2213780762882092,144.36,-38.147
29727,1981-05-25 00:00:00,0.162375356881342,0.0259123637546903,0.2988383500079936,144.36,-38.147
29728,1981-05-26 00:00:00,0.1305699541247668,-0.0061846596375313,0.2673245678870649,144.36,-38.147
29729,1981-05-27 00:00:00,0.0231739047786203,-0.1132025633625699,0.1595503729198107,144.36,-38.147
29730,1981-05-28 00:00:00,0.0995830636840929,-0.0368229697856797,0.2359890971538656,144.36,-38.147
29731,1981-05-29 00:00:00,0.1024161047006064,-0.0338689208579826,0.2387011302591954,144.36,-38.147
29732,1981-05-30 00:00:00,0.1969987126807145,0.0606759095352051,0.3333215158262239,144.36,-38.147
29733,1981-05-31 00:00:00,0.1265780077400558,-0.0100242412621497,0.2631802567422613,144.36,-38.147
29734,1981-06-01 00:00:00,0.1875814225203316,0.0509706546941573,0.324192190346506,144.36,-38.147
29735,1981-06-02 00:00:00,0.2126316088177448,0.0760909258445928,0.3491722917908968,144.36,-38.147
29736,1981-06-03 00:00:00,0.2441594930328074,0.1076112242340194,0.3807077618315955,144.36,-38.147
29737,1981-06-04 00:00:00,0.1327473713664629,-0.003599376473661,0.2690941192065869,144.36,-38.147
29738,1981-06-05 00:00:00,0.1321989136478772,-0.0041424474096732,0.2685402747054278,144.36,-38.147
29739,1981-06-06 00:00:00,0.0620793413706279,-0.074339586953082,0.1984982696943378,144.36,-38.147
29740,1981-06-07 00:00:00,0.0293411935835503,-0.1069757392695111,0.1656581264366119,144.36,-38.147
29741,1981-06-08 00:00:00,0.0341489237991008,-0.1021763199953319,0.1704741675935337,144.36,-38.147
29742,1981-06-09 00:00:00,0.0636072011254615,-0.0729271364220641,0.2001415386729873,144.36,-38.147
29743,1981-06-10 00:00:00,0.1396699849840367,0.0030942032949534,0.2762457666731199,144.36,-38.147
29744,1981-06-11 00:00:00,0.2968161703915672,0.160434584034409,0.4331977567487254,144.36,-38.147
29745,1981-06-12 00:00:00,0.1525173726887495,0.0160094742611736,0.2890252711163253,144.36,-38.147
29746,1981-06-13 00:00:00,0.0940570305557511,-0.0424962602312313,0.2306103213427335,144.36,-38.147
29747,1981-06-14 00:00:00,0.1407623804685578,0.0043525368863918,0.2771722240507237,144.36,-38.147
29748,1981-06-15 00:00:00,0.1111409996961254,-0.0253300834918256,0.2476120828840766,144.36,-38.147
29749,1981-06-16 00:00:00,0.0166140642331921,-0.1196678012321362,0.1528959296985205,144.36,-38.147
29750,1981-06-17 00:00:00,0.0063462766876816,-0.1298463000588598,0.1425388534342232,144.36,-38.147
29751,1981-06-18 00:00:00,0.0823449701203036,-0.053914820316827,0.2186047605574343,144.36,-38.147
29752,1981-06-19 00:00:00,0.1398609685804303,0.0035122661423862,0.2762096710184744,144.36,-38.147
29753,1981-06-20 00:00:00,0.0400107925315362,-0.0962358585591186,0.1762574436221911,144.36,-38.147
29754,1981-06-21 00:00:00,0.0500374182159219,-0.0864626485883382,0.1865374850201821,144.36,-38.147
29755,1981-06-22 00:00:00,0.1585752025247483,0.0204546198204485,0.2966957852290481,144.36,-38.147
29756,1981-06-23 00:00:00,0.2197021445921698,0.0819404229565176,0.3574638662278219,144.36,-38.147
29757,1981-06-24 00:00:00,0.1397003643290867,0.0024453578252468,0.2769553708329267,144.36,-38.147
29758,1981-06-25 00:00:00,0.3116189372371445,0.1745283345930472,0.4487095398812417,144.36,-38.147
29759,1981-06-26 00:00:00,0.1587341469845055,0.0211988896355869,0.2962694043334242,144.36,-38.147
29760,1981-06-27 00:00:00,0.4642228351119714,0.3265135313237193,0.6019321389002235,144.36,-38.147
29761,1981-06-28 00:00:00,0.1380151763575733,0.0013096820396135,0.2747206706755332,144.36,-38.147
29762,1981-06-29 00:00:00,0.1732264675352706,0.0365598929992783,0.3098930420712629,144.36,-38.147
29763,1981-06-30 00:00:00,0.1283282891178978,-0.0085698692749814,0.265226447510777,144.36,-38.147
29764,1981-07-01 00:00:00,0.2297835809078615,0.0924545129267891,0.3671126488889338,144.36,-38.147
29765,1981-07-02 00:00:00,0.457313922727088,0.3199083597201013,0.5947194857340746,144.36,-38.147
29766,1981-07-03 00:00:00,0.033293262796178,-0.1039693902027581,0.1705559157951143,144.36,-38.147
29767,1981-07-04 00:00:00,0.3368990898564357,0.1988776089843295,0.4749205707285417,144.36,-38.147
29768,1981-07-05 00:00:00,0.2439448271236128,0.1064642694406032,0.3814253848066225,144.36,-38.147
29769,1981-07-06 00:00:00,0.1714996939240814,0.0348539840045173,0.3081454038436454,144.36,-38.147
29770,1981-07-07 00:00:00,0.1065593377080788,-0.0300151435987858,0.2431338190149434,144.36,-38.147
29771,1981-07-08 00:00:00,0.0607954516719254,-0.07580991393542,0.1974008172792708,144.36,-38.147
29772,1981-07-09 00:00:00,-0.0034640019909061,-0.1398795031441735,0.1329514991623612,144.36,-38.147
29773,1981-07-10 00:00:00,-0.0058249248756293,-0.1420645370703994,0.1304146873191407,144.36,-38.147
29774,1981-07-11 00:00:00,0.0332714294575903,-0.102983626707021,0.1695264856222017,144.36,-38.147
29775,1981-07-12 00:00:00,0.1326345211977623,-0.0036908167081683,0.2689598591036929,144.36,-38.147
29776,1981-07-13 00:00:00,0.1550870794605844,0.0186359324775868,0.2915382264435819,144.36,-38.147
29777,1981-07-14 00:00:00,0.0311194065976101,-0.1052766312492752,0.1675154444444954,144.36,-38.147
29778,1981-07-15 00:00:00,0.0834469837557809,-0.0530040191496909,0.2198979866612529,144.36,-38.147
29779,1981-07-16 00:00:00,0.1091516413444351,-0.0273578060358489,0.2456610887247193,144.36,-38.147
29780,1981-07-17 00:00:00,0.0341143199961628,-0.1023030172340587,0.1705316572263845,144.36,-38.147
29781,1981-07-18 00:00:00,-0.0066635313953448,-0.1429542648090274,0.1296272020183376,144.36,-38.147
29782,1981-07-19 00:00:00,0.0304997657978549,-0.1057563237169443,0.1667558553126542,144.36,-38.147
29783,1981-07-20 00:00:00,0.0316032306564614,-0.1047251037415833,0.1679315650545062,144.36,-38.147
29784,1981-07-21 00:00:00,0.0862105842299329,-0.0503990507052579,0.2228202191651238,144.36,-38.147
29785,1981-07-22 00:00:00,0.1164723344997162,-0.0205951989051467,0.2535398679045793,144.36,-38.147
29786,1981-07-23 00:00:00,0.140467932000204,0.0037776210203148,0.2771582429800932,144.36,-38.147
29787,1981-07-24 00:00:00,0.3561419908568091,0.2186601266479629,0.4936238550656552,144.36,-38.147
29788,1981-07-25 00:00:00,0.1582480980429576,0.0210715539228598,0.2954246421630555,144.36,-38.147
29789,1981-07-26 00:00:00,0.2111835800820947,0.0743314742712334,0.3480356858929561,144.36,-38.147
29790,1981-07-27 00:00:00,0.2243110654432563,0.0874229424125544,0.3611991884739582,144.36,-38.147
29791,1981-07-28 00:00:00,0.0873177141923405,-0.0490689953175826,0.2237044237022637,144.36,-38.147
29792,1981-07-29 00:00:00,0.2376797861431041,0.1011100716616624,0.3742495006245458,144.36,-38.147
29793,1981-07-30 00:00:00,0.0783909683836662,-0.0579281346316336,0.214710071398966,144.36,-38.147
29794,1981-07-31 00:00:00,0.0397812412875654,-0.0964702043598367,0.1760326869349675,144.36,-38.147
29795,1981-08-01 00:00:00,0.0675558132681167,-0.0687411027166092,0.2038527292528427,144.36,-38.147
29796,1981-08-02 00:00:00,0.1417498080889128,0.0051290319652349,0.2783705842125907,144.36,-38.147
29797,1981-08-03 00:00:00,0.1109672676825584,-0.025540386710709,0.2474749220758259,144.36,-38.147
29798,1981-08-04 00:00:00,0.1562546455639142,0.0198001479883911,0.2927091431394373,144.36,-38.147
29799,1981-08-05 00:00:00,0.0863609169320685,-0.0500977872934014,0.2228196211575385,144.36,-38.147
29800,1981-08-06 00:00:00,0.2129114181828425,0.07643663177426,0.3493862045914251,144.36,-38.147
29801,1981-08-07 00:00:00,0.0633164990770172,-0.0729358118044632,0.1995688099584977,144.36,-38.147
29802,1981-08-08 00:00:00,0.0131762916766766,-0.1234610242569419,0.1498136076102952,144.36,-38.147
29803,1981-08-09 00:00:00,0.4131276840487176,0.2760589360555335,0.5501964320419017,144.36,-38.147
29804,1981-08-10 00:00:00,0.1475804968229047,0.0110205994281067,0.2841403942177029,144.36,-38.147
29805,1981-08-11 00:00:00,0.0414900692446371,-0.0947888255096525,0.1777689639989269,144.36,-38.147
29806,1981-08-12 00:00:00,0.1081543751901902,-0.0282244943026322,0.2445332446830126,144.36,-38.147
29807,1981-08-13 00:00:00,0.2055552100796657,0.0690849416512008,0.3420254785081307,144.36,-38.147
29808,1981-08-14 00:00:00,0.3501726192647073,0.2129346934664277,0.4874105450629868,144.36,-38.147
29809,1981-08-15 00:00:00,0.2430314357604469,0.1056933223665675,0.3803695491543262,144.36,-38.147
29810,1981-08-16 00:00:00,0.1160373457348162,-0.020663668786569,0.2527383602562014,144.36,-38.147
29811,1981-08-17 00:00:00,0.3431305130980129,0.2063131703792496,0.4799478558167761,144.36,-38.147
29812,1981-08-18 00:00:00,0.3954256842668752,0.2582649457143898,0.5325864228193606,144.36,-38.147
29813,1981-08-19 00:00:00,0.2808883240505095,0.1442580291470805,0.4175186189539386,144.36,-38.147
29814,1981-08-20 00:00:00,0.1427765335285738,0.006024403776521,0.2795286632806266,144.36,-38.147
29815,1981-08-21 00:00:00,0.5421672063222669,0.4045970516656394,0.6797373609788944,144.36,-38.147
29816,1981-08-22 00:00:00,0.2320302208205701,0.0946274309172402,0.3694330107239001,144.36,-38.147
29817,1981-08-23 00:00:00,0.1128771125782359,-0.0236641491625248,0.2494183743189967,144.36,-38.147
29818,1981-08-24 00:00:00,0.0421936705274994,-0.0941445847848302,0.178531925839829,144.36,-38.147
29819,1981-08-25 00:00:00,0.0116407965267903,-0.1246487349306253,0.147930327984206,144.36,-38.147
29820,1981-08-26 00:00:00,0.0413564758179182,-0.0949716419584487,0.1776845935942852,144.36,-38.147
29821,1981-08-27 00:00:00,0.2204852892619616,0.083980696193432,0.3569898823304912,144.36,-38.147
29822,1981-08-28 00:00:00,0.0745337977192599,-0.0619815978388575,0.2110491932773773,144.36,-38.147
29823,1981-08-29 00:00:00,0.0541940728869274,-0.0823987919966289,0.1907869377704837,144.36,-38.147
29824,1981-08-30 00:00:00,-0.000747798391662,-0.1370983085221719,0.1356027117388478,144.36,-38.147
29825,1981-08-31 00:00:00,0.1544855467051867,0.0181143059164594,0.2908567874939139,144.36,-38.147
29826,1981-09-01 00:00:00,0.1166442326152689,-0.0197173625453959,0.2530058277759338,144.36,-38.147
29827,1981-09-02 00:00:00,0.1394191098393735,0.0031736770102103,0.2756645426685367,144.36,-38.147
29828,1981-09-03 00:00:00,0.0493646729788516,-0.0868779194477317,0.185607265405435,144.36,-38.147
29829,1981-09-04 00:00:00,0.0381842360291466,-0.0984574230286126,0.1748258950869059,144.36,-38.147
29830,1981-09-05 00:00:00,0.0375491362120969,-0.0988911136307544,0.1739893860549483,144.36,-38.147
29831,1981-09-06 00:00:00,-0.013900976128757,-0.1501377709237395,0.1223358186662255,144.36,-38.147
29832,1981-09-07 00:00:00,0.0609028581777933,-0.0753835510481602,0.1971892674037468,144.36,-38.147
29833,1981-09-08 00:00:00,0.0805711667260356,-0.0558127257350323,0.2169550591871037,144.36,-38.147
29834,1981-09-09 00:00:00,0.1489028815520508,0.0124664608333184,0.2853393022707832,144.36,-38.147
29835,1981-09-10 00:00:00,0.0011837595259305,-0.1350235817038545,0.1373911007557157,144.36,-38.147
29836,1981-09-11 00:00:00,0.1603616983394691,0.023750091555919,0.2969733051230191,144.36,-38.147
29837,1981-09-12 00:00:00,0.1557272525288302,0.0192979865401303,0.2921565185175301,144.36,-38.147
29838,1981-09-13 00:00:00,0.1234703117604816,-0.0129613555477441,0.2599019790687073,144.36,-38.147
29839,1981-09-14 00:00:00,0.0323347043338481,-0.1039379703114911,0.1686073789791874,144.36,-38.147
29840,1981-09-15 00:00:00,0.0392461125630129,-0.0969767308130888,0.1754689559391147,144.36,-38.147
29841,1981-09-16 00:00:00,0.1061074741906519,-0.0301798157130184,0.2423947640943224,144.36,-38.147
29842,1981-09-17 00:00:00,0.0562736714127958,-0.0799417058109944,0.1924890486365862,144.36,-38.147
29843,1981-09-18 00:00:00,0.2011725048175117,0.06421384022705,0.3381311694079735,144.36,-38.147
29844,1981-09-19 00:00:00,0.1128005946044869,-0.0236693087308497,0.2492704979398237,144.36,-38.147
29845,1981-09-20 00:00:00,0.006264218674172,-0.1300343492056502,0.1425627865539944,144.36,-38.147
29846,1981-09-21 00:00:00,0.0577003673665126,-0.0791148456730529,0.1945155804060782,144.36,-38.147
29847,1981-09-22 00:00:00,0.1834551234572676,0.0461925301570209,0.3207177167575142,144.36,-38.147
29848,1981-09-23 00:00:00,0.2718813924671676,0.1345760279791247,0.4091867569552105,144.36,-38.147
29849,1981-09-24 00:00:00,0.4423788315919118,0.3047869709580202,0.5799706922258034,144.36,-38.147
29850,1981-09-25 00:00:00,0.208888372127978,0.0722079267940397,0.3455688174619162,144.36,-38.147
29851,1981-09-26 00:00:00,0.0493847886120671,-0.087136161783817,0.1859057390079512,144.36,-38.147
29852,1981-09-27 00:00:00,0.4318367950168151,0.293516622498417,0.5701569675352133,144.36,-38.147
29853,1981-09-28 00:00:00,0.151517229015156,0.0137512117551359,0.2892832462751761,144.36,-38.147
29854,1981-09-29 00:00:00,0.0966814685808378,-0.0396120843311304,0.2329750214928062,144.36,-38.147
29855,1981-09-30 00:00:00,0.0564213267279629,-0.0800848046267167,0.1929274580826427,144.36,-38.147
29856,1981-10-01 00:00:00,0.2090112968024394,0.0723820205249419,0.3456405730799369,144.36,-38.147
29857,1981-10-02 00:00:00,0.1943841900186282,0.0578277396825782,0.3309406403546782,144.36,-38.147
29858,1981-10-03 00:00:00,0.4517332314706448,0.3144005735774923,0.5890658893637973,144.36,-38.147
29859,1981-10-04 00:00:00,0.1068752463533609,-0.0302446923955258,0.2439951851022477,144.36,-38.147
29860,1981-10-05 00:00:00,0.1683221595159623,0.0315532128944713,0.3050911061374534,144.36,-38.147
29861,1981-10-06 00:00:00,0.0573437053011152,-0.0794468137662332,0.1941342243684637,144.36,-38.147
29862,1981-10-07 00:00:00,0.2589764662089249,0.1216933423789388,0.3962595900389109,144.36,-38.147
29863,1981-10-08 00:00:00,0.0062079932371922,-0.1303557811971228,0.1427717676715073,144.36,-38.147
29864,1981-10-09 00:00:00,0.0709907252569451,-0.0655683233559878,0.2075497738698781,144.36,-38.147
29865,1981-10-10 00:00:00,0.1717341192643634,0.0350474902548538,0.3084207482738731,144.36,-38.147
29866,1981-10-11 00:00:00,0.0354901416528937,-0.1007512099609983,0.1717314932667858,144.36,-38.147
29867,1981-10-12 00:00:00,0.0378966610943027,-0.0983452515959416,0.1741385737845471,144.36,-38.147
29868,1981-10-13 00:00:00,0.0053179458618782,-0.1310253998117067,0.1416612915354632,144.36,-38.147
29869,1981-10-14 00:00:00,0.1769566005883175,0.0402115973851675,0.3137016037914676,144.36,-38.147
29870,1981-10-15 00:00:00,0.1463703326855837,0.0095081247184271,0.2832325406527403,144.36,-38.147
29871,1981-10-16 00:00:00,-0.0209352425734234,-0.1572689423755039,0.1153984572286569,144.36,-38.147
29872,1981-10-17 00:00:00,-0.0096382444950774,-0.1459071072857765,0.1266306182956215,144.36,-38.147
29873,1981-10-18 00:00:00,-0.0216563060274507,-0.1579880687815176,0.1146754567266161,144.36,-38.147
29874,1981-10-19 00:00:00,0.0351225912842318,-0.1012117112113754,0.1714568937798392,144.36,-38.147
29875,1981-10-20 00:00:00,0.1159362408147278,-0.0204551529831052,0.2523276346125608,144.36,-38.147
29876,1981-10-21 00:00:00,0.1391865864144273,0.0027886096926011,0.2755845631362535,144.36,-38.147
29877,1981-10-22 00:00:00,0.1042731512144627,-0.0321512087839701,0.2406975112128956,144.36,-38.147
29878,1981-10-23 00:00:00,0.036369526268348,-0.1000741056779298,0.172813158214626,144.36,-38.147
29879,1981-10-24 00:00:00,0.0245853431196948,-0.1116384732715664,0.1608091595109561,144.36,-38.147
29880,1981-10-25 00:00:00,0.0725874254035944,-0.0636432918785015,0.2088181426856905,144.36,-38.147
29881,1981-10-26 00:00:00,0.0071821203368925,-0.1290739632875454,0.1434382039613305,144.36,-38.147
29882,1981-10-27 00:00:00,0.0661780977931728,-0.0704739381504133,0.202830133736759,144.36,-38.147
29883,1981-10-28 00:00:00,0.2563102030708512,0.1191098450378139,0.3935105611038884,144.36,-38.147
29884,1981-10-29 00:00:00,0.1149309518125205,-0.0213225113672437,0.2511844149922848,144.36,-38.147
29885,1981-10-30 00:00:00,0.0636742785705079,-0.0725327792142435,0.1998813363552594,144.36,-38.147
29886,1981-10-31 00:00:00,0.0419486687831045,-0.0942918820031563,0.1781892195693655,144.36,-38.147
29887,1981-11-01 00:00:00,-0.0350007552025121,-0.171322723531862,0.1013212131268376,144.36,-38.147
29888,1981-11-02 00:00:00,-0.0334919006485595,-0.1697852040717879,0.1028014027746688,144.36,-38.147
29889,1981-11-03 00:00:00,0.0624841956618448,-0.0738309909346538,0.1987993822583436,144.36,-38.147
29890,1981-11-04 00:00:00,0.2455821878069222,0.109278368492361,0.3818860071214834,144.36,-38.147
29891,1981-11-05 00:00:00,0.2389539466520347,0.1025092207019809,0.3753986726020885,144.36,-38.147
29892,1981-11-06 00:00:00,0.0695051449183975,-0.0667226655511992,0.2057329553879944,144.36,-38.147
29893,1981-11-07 00:00:00,0.017759169697027,-0.1185097759412294,0.1540281153352834,144.36,-38.147
29894,1981-11-08 00:00:00,-0.0297691512556449,-0.1660394392209553,0.1065011367096654,144.36,-38.147
29895,1981-11-09 00:00:00,0.0092713537342645,-0.1270151648058648,0.145557872274394,144.36,-38.147
29896,1981-11-10 00:00:00,0.3963866230960859,0.2592881739049613,0.5334850722872106,144.36,-38.147
29897,1981-11-11 00:00:00,0.2883710530559727,0.1509815923591725,0.425760513752773,144.36,-38.147
29898,1981-11-12 00:00:00,0.1046669110314575,-0.0320331351130516,0.2413669571759666,144.36,-38.147
29899,1981-11-13 00:00:00,0.0941578822225929,-0.0421916606854196,0.2305074251306055,144.36,-38.147
29900,1981-11-14 00:00:00,0.0622231783148187,-0.0740379382357279,0.1984842948653655,144.36,-38.147
29901,1981-11-15 00:00:00,0.0683952129797949,-0.0680456188149999,0.2048360447745898,144.36,-38.147
29902,1981-11-16 00:00:00,0.0762381137390652,-0.0606246806074515,0.213100908085582,144.36,-38.147
29903,1981-11-17 00:00:00,0.0321044475868188,-0.1048062830481926,0.1690151782218304,144.36,-38.147
29904,1981-11-18 00:00:00,0.0407393988158482,-0.0955647872849711,0.1770435849166677,144.36,-38.147
29905,1981-11-19 00:00:00,0.0116810391115118,-0.1245288622448252,0.1478909404678489,144.36,-38.147
29906,1981-11-20 00:00:00,0.11047093760843,-0.0257775642734465,0.2467194394903066,144.36,-38.147
29907,1981-11-21 00:00:00,0.0704117329874472,-0.0658250829418619,0.2066485489167563,144.36,-38.147
29908,1981-11-22 00:00:00,-0.0094187262355412,-0.145747553715807,0.1269101012447245,144.36,-38.147
29909,1981-11-23 00:00:00,0.0144465884220185,-0.1220782452730921,0.1509714221171293,144.36,-38.147
29910,1981-11-24 00:00:00,0.1416040998636683,0.0048917320977262,0.2783164676296102,144.36,-38.147
29911,1981-11-25 00:00:00,0.0507063739775942,-0.0855252655973645,0.1869380135525531,144.36,-38.147
29912,1981-11-26 00:00:00,0.0197326879592529,-0.116546963534511,0.1560123394530169,144.36,-38.147
29913,1981-11-27 00:00:00,0.0356964990966964,-0.100722783414348,0.1721157816077408,144.36,-38.147
29914,1981-11-28 00:00:00,0.1270897711391092,-0.0094621638997328,0.2636417061779513,144.36,-38.147
29915,1981-11-29 00:00:00,0.1468253309142313,0.0103746427176555,0.2832760191108071,144.36,-38.147
29916,1981-11-30 00:00:00,0.1203426332229408,-0.0158980491810815,0.2565833156269633,144.36,-38.147
29917,1981-12-01 00:00:00,0.0799588356027272,-0.056261544575281,0.2161792157807354,144.36,-38.147
29918,1981-12-02 00:00:00,0.0318129559550075,-0.1044044865106884,0.1680303984207035,144.36,-38.147
29919,1981-12-03 00:00:00,0.2229320395108643,0.0864074382838757,0.359456640737853,144.36,-38.147
29920,1981-12-04 00:00:00,0.0605862602746528,-0.075888112130174,0.1970606326794798,144.36,-38.147
29921,1981-12-05 00:00:00,0.2774777043653083,0.1408290177635965,0.4141263909670201,144.36,-38.147
29922,1981-12-06 00:00:00,0.1527371599934338,0.0161233126025187,0.2893510073843488,144.36,-38.147
29923,1981-12-07 00:00:00,0.4283970399671585,0.2914463774277203,0.5653477025065968,144.36,-38.147
29924,1981-12-08 00:00:00,0.2349171976216856,0.0977583301266178,0.3720760651167533,144.36,-38.147
29925,1981-12-09 00:00:00,0.180896399328557,0.0440481596061602,0.3177446390509538,144.36,-38.147
29926,1981-12-10 00:00:00,0.050474216985861,-0.0859307127250327,0.1868791466967548,144.36,-38.147
29927,1981-12-11 00:00:00,0.0797866570627742,-0.0569811275663855,0.2165544416919341,144.36,-38.147
29928,1981-12-12 00:00:00,0.3251273641606595,0.1877995104941275,0.4624552178271914,144.36,-38.147
29929,1981-12-13 00:00:00,0.2142001763301618,0.0775296147267029,0.3508707379336206,144.36,-38.147
29930,1981-12-14 00:00:00,0.0855111526439585,-0.0511443523275834,0.2221666576155005,144.36,-38.147
29931,1981-12-15 00:00:00,-0.046415852540642,-0.1828527803978059,0.0900210753165219,144.36,-38.147
29932,1981-12-16 00:00:00,0.0018890649899097,-0.1343014431503423,0.1380795731301617,144.36,-38.147
29933,1981-12-17 00:00:00,0.0706441403293367,-0.0656218966399521,0.2069101772986255,144.36,-38.147
29934,1981-12-18 00:00:00,0.0873518040026993,-0.0489436436670104,0.2236472516724092,144.36,-38.147
29935,1981-12-19 00:00:00,0.2311975511934673,0.0948634917164812,0.3675316106704533,144.36,-38.147
29936,1981-12-20 00:00:00,0.1384034512972576,0.001920729719332,0.2748861728751832,144.36,-38.147
29937,1981-12-21 00:00:00,0.024894396798748,-0.1113357762264604,0.1611245698239564,144.36,-38.147
29938,1981-12-22 00:00:00,0.0529105334576603,-0.0833311949231231,0.1891522618384438,144.36,-38.147
29939,1981-12-23 00:00:00,0.0664137735805906,-0.0698481400820395,0.2026756872432207,144.36,-38.147
29940,1981-12-24 00:00:00,0.0544922387986362,-0.081846412755039,0.1908308903523115,144.36,-38.147
29941,1981-12-25 00:00:00,0.039781843981119,-0.0965783083367172,0.1761419962989553,144.36,-38.147
29942,1981-12-26 00:00:00,0.0123144280543798,-0.1239634337600928,0.1485922898688525,144.36,-38.147
29943,1981-12-27 00:00:00,0.02438083740584,-0.1118544724208609,0.160616147232541,144.36,-38.147
29944,1981-12-28 00:00:00,0.0610444380127244,-0.0752456004356397,0.1973344764610885,144.36,-38.147
29945,1981-12-29 00:00:00,0.0924035185002213,-0.0438477792460676,0.2286548162465103,144.36,-38.147
29946,1981-12-30 00:00:00,0.0495734500214254,-0.086683805353512,0.1858307053963629,144.36,-38.147
29947,1981-12-31 00:00:00,0.0166839092658188,-0.1197703724757995,0.1531381910074373,144.36,-38.147
29948,1982-01-01 00:00:00,0.2563512287293306,0.1194985675928725,0.3932038898657886,144.36,-38.147
29949,1982-01-02 00:00:00,0.244398821490579,0.1077873777454784,0.3810102652356797,144.36,-38.147
29950,1982-01-03 00:00:00,0.1433066593030496,0.0069018606977884,0.2797114579083109,144.36,-38.147
29951,1982-01-04 00:00:00,0.0955554029563605,-0.0408427619310727,0.2319535678437937,144.36,-38.147
29952,1982-01-05 00:00:00,0.0389556024634677,-0.0973218927499319,0.1752330976768673,144.36,-38.147
29953,1982-01-06 00:00:00,-0.0239107139944525,-0.1602787174596329,0.1124572894707278,144.36,-38.147
29954,1982-01-07 00:00:00,0.301790211970968,0.165070934585205,0.4385094893567309,144.36,-38.147
29955,1982-01-08 00:00:00,0.1055537951523243,-0.0308020910093465,0.2419096813139953,144.36,-38.147
29956,1982-01-09 00:00:00,0.0905722184203252,-0.0456282309953642,0.2267726678360148,144.36,-38.147
29957,1982-01-10 00:00:00,0.024160086885724,-0.1120878875678486,0.1604080613392966,144.36,-38.147
29958,1982-01-11 00:00:00,0.0476235053198634,-0.0887003782128419,0.1839473888525689,144.36,-38.147
29959,1982-01-12 00:00:00,0.2101637241985883,0.072944588977741,0.3473828594194357,144.36,-38.147
29960,1982-01-13 00:00:00,0.111966368947103,-0.0248358388637303,0.2487685767579364,144.36,-38.147
29961,1982-01-14 00:00:00,0.031784590523683,-0.1044840555235494,0.1680532365709156,144.36,-38.147
29962,1982-01-15 00:00:00,-0.0175936988345211,-0.1538730361175576,0.1186856384485154,144.36,-38.147
29963,1982-01-16 00:00:00,-0.0114722446121728,-0.1477091416889402,0.1247646524645945,144.36,-38.147
29964,1982-01-17 00:00:00,0.0630676230140832,-0.0732965198195587,0.1994317658477253,144.36,-38.147
29965,1982-01-18 00:00:00,0.0216891712673979,-0.1147197052110023,0.1580980477457983,144.36,-38.147
29966,1982-01-19 00:00:00,-0.0079047342320949,-0.1442986965908635,0.1284892281266736,144.36,-38.147
29967,1982-01-20 00:00:00,0.0959129064523577,-0.0405094844103065,0.2323352973150219,144.36,-38.147
29968,1982-01-21 00:00:00,0.0884546772107699,-0.0478676285925783,0.2247769830141182,144.36,-38.147
29969,1982-01-22 00:00:00,0.0723786768995144,-0.0639365271572055,0.2086938809562343,144.36,-38.147
29970,1982-01-23 00:00:00,0.0232893133833781,-0.1131095255557656,0.1596881523225219,144.36,-38.147
29971,1982-01-24 00:00:00,0.0848587031769317,-0.0517313840562703,0.2214487904101339,144.36,-38.147
29972,1982-01-25 00:00:00,0.1966109395306435,0.0600886648478163,0.3331332142134708,144.36,-38.147
29973,1982-01-26 00:00:00,0.3360490465643553,0.1983248056112415,0.473773287517469,144.36,-38.147
29974,1982-01-27 00:00:00,0.0198634343891657,-0.1171725224178998,0.1568993911962312,144.36,-38.147
29975,1982-01-28 00:00:00,0.0199661009480525,-0.1162611932094179,0.1561933951055229,144.36,-38.147
29976,1982-01-29 00:00:00,0.0975395202471435,-0.0387859549019014,0.2338649953961884,144.36,-38.147
29977,1982-01-30 00:00:00,0.1496160372549684,0.0132335114870341,0.2859985630229028,144.36,-38.147
29978,1982-01-31 00:00:00,0.1963069593036283,0.0599842624461972,0.3326296561610593,144.36,-38.147
29979,1982-02-01 00:00:00,0.1118323455791783,-0.0245251257825304,0.2481898169408871,144.36,-38.147
29980,1982-02-02 00:00:00,0.0303856012320711,-0.105866164209422,0.1666373666735642,144.36,-38.147
29981,1982-02-03 00:00:00,0.0330879120867501,-0.1031217268325839,0.1692975510060843,144.36,-38.147
29982,1982-02-04 00:00:00,0.0440181737545299,-0.0922983697254601,0.18033471723452,144.36,-38.147
29983,1982-02-05 00:00:00,0.0060326761311296,-0.130343207873301,0.1424085601355602,144.36,-38.147
29984,1982-02-06 00:00:00,-0.0124425691453136,-0.1486876269677544,0.1238024886771271,144.36,-38.147
29985,1982-02-07 00:00:00,0.0695341154306861,-0.0668336237181342,0.2059018545795066,144.36,-38.147
29986,1982-02-08 00:00:00,0.0968913356483832,-0.039698062975349,0.2334807342721155,144.36,-38.147
29987,1982-02-09 00:00:00,0.1698027308722668,0.0331834946690713,0.3064219670754624,144.36,-38.147
29988,1982-02-10 00:00:00,0.0612483802299655,-0.0750856228863232,0.1975823833462542,144.36,-38.147
29989,1982-02-11 00:00:00,0.0449794321621846,-0.0913057665570768,0.1812646308814462,144.36,-38.147
29990,1982-02-12 00:00:00,0.0192795492680809,-0.1169768932469406,0.1555359917831025,144.36,-38.147
29991,1982-02-13 00:00:00,0.0226099471428627,-0.1135896801708875,0.1588095744566131,144.36,-38.147
29992,1982-02-14 00:00:00,0.0392622440739418,-0.0969925658396287,0.1755170539875123,144.36,-38.147
29993,1982-02-15 00:00:00,0.0721688722266118,-0.0643434945606221,0.2086812390138457,144.36,-38.147
29994,1982-02-16 00:00:00,0.2962078798069328,0.1595523928378249,0.4328633667760407,144.36,-38.147
29995,1982-02-17 00:00:00,0.1148203366442991,-0.0215413222742016,0.2511819955627998,144.36,-38.147
29996,1982-02-18 00:00:00,0.2800983731479818,0.1435880539296767,0.416608692366287,144.36,-38.147
29997,1982-02-19 00:00:00,0.0674490966903327,-0.068801913990827,0.2037001073714924,144.36,-38.147
29998,1982-02-20 00:00:00,0.0074685819033449,-0.1290216521587098,0.1439588159653997,144.36,-38.147
29999,1982-02-21 00:00:00,0.2197014491386831,0.0816485259518566,0.3577543723255096,144.36,-38.147
30000,1982-02-22 00:00:00,-0.0070401752346637,-0.1435150745953406,0.1294347241260131,144.36,-38.147
30001,1982-02-23 00:00:00,0.0933786233326699,-0.0428940348156026,0.2296512814809426,144.36,-38.147
30002,1982-02-24 00:00:00,0.0991909670806251,-0.0371274117435763,0.2355093459048267,144.36,-38.147
30003,1982-02-25 00:00:00,0.0491959882712293,-0.087109164508282,0.1855011410507407,144.36,-38.147
30004,1982-02-26 00:00:00,0.0975292061163667,-0.0388581780208195,0.2339165902535531,144.36,-38.147
30005,1982-02-27 00:00:00,0.0253645569209071,-0.1109875579866266,0.161716671828441,144.36,-38.147
30006,1982-02-28 00:00:00,0.0392075483142434,-0.0970203922883684,0.1754354889168552,144.36,-38.147
30007,1982-03-01 00:00:00,0.1561038106551071,0.0196785219466772,0.2925290993635369,144.36,-38.147
30008,1982-03-02 00:00:00,0.0704589041978153,-0.0658678334429518,0.2067856418385826,144.36,-38.147
30009,1982-03-03 00:00:00,-0.0179784863969647,-0.154188967075243,0.1182319942813134,144.36,-38.147
30010,1982-03-04 00:00:00,-0.0226970547590611,-0.1589268049340406,0.1135326954159184,144.36,-38.147
30011,1982-03-05 00:00:00,0.0459387286755507,-0.0902975164065706,0.1821749737576721,144.36,-38.147
30012,1982-03-06 00:00:00,0.0410739972648752,-0.095182146350089,0.1773301408798394,144.36,-38.147
30013,1982-03-07 00:00:00,0.1242746658141078,-0.0120103189128544,0.2605596505410701,144.36,-38.147
30014,1982-03-08 00:00:00,0.1672667069010777,0.0307807355656113,0.3037526782365441,144.36,-38.147
30015,1982-03-09 00:00:00,0.1674249398890563,0.0304835511181303,0.3043663286599825,144.36,-38.147
30016,1982-03-10 00:00:00,0.0972842747474308,-0.0391037673888514,0.2336723168837131,144.36,-38.147
30017,1982-03-11 00:00:00,0.1199091340479107,-0.0163873377336245,0.256205605829446,144.36,-38.147
30018,1982-03-12 00:00:00,0.0786028992010865,-0.0576318303462177,0.2148376287483909,144.36,-38.147
30019,1982-03-13 00:00:00,-0.0274447918155053,-0.163752925039356,0.1088633414083454,144.36,-38.147
30020,1982-03-14 00:00:00,0.0242257094186645,-0.1120963082712557,0.1605477271085847,144.36,-38.147
30021,1982-03-15 00:00:00,0.0266227115432877,-0.1096105972510449,0.1628560203376205,144.36,-38.147
30022,1982-03-16 00:00:00,0.0749513286299139,-0.0613315172258527,0.2112341744856807,144.36,-38.147
30023,1982-03-17 00:00:00,0.0444877051687765,-0.091833170063691,0.1808085804012442,144.36,-38.147
30024,1982-03-18 00:00:00,0.0272491163213718,-0.1090376321455694,0.163535864788313,144.36,-38.147
30025,1982-03-19 00:00:00,-0.0194614049797169,-0.1556695254002348,0.1167467154408009,144.36,-38.147
30026,1982-03-20 00:00:00,-0.0133099180643638,-0.1495228787156122,0.1229030425868846,144.36,-38.147
30027,1982-03-21 00:00:00,0.0081487030712553,-0.1280856184165228,0.1443830245590334,144.36,-38.147
30028,1982-03-22 00:00:00,0.0299147728391086,-0.1069464732466175,0.1667760189248349,144.36,-38.147
30029,1982-03-23 00:00:00,0.2293600402511511,0.0920053786179309,0.3667147018843714,144.36,-38.147
30030,1982-03-24 00:00:00,0.0444566970003637,-0.0922375450777233,0.1811509390784507,144.36,-38.147
30031,1982-03-25 00:00:00,0.0126636139304623,-0.1238634670745084,0.1491906949354332,144.36,-38.147
30032,1982-03-26 00:00:00,0.0490050836008545,-0.0872997350679218,0.1853099022696309,144.36,-38.147
30033,1982-03-27 00:00:00,0.0929353067193317,-0.0432945784991494,0.2291651919378128,144.36,-38.147
30034,1982-03-28 00:00:00,0.1144203703838334,-0.0218564730647398,0.2506972138324068,144.36,-38.147
30035,1982-03-29 00:00:00,0.0369287201213273,-0.0995235535886192,0.173380993831274,144.36,-38.147
30036,1982-03-30 00:00:00,-0.0132232687465807,-0.1495514129820979,0.1231048754889364,144.36,-38.147
30037,1982-03-31 00:00:00,-0.0167120887168307,-0.1529091556847764,0.119484978251115,144.36,-38.147
30038,1982-04-01 00:00:00,-0.0170423815469329,-0.1532011312613583,0.1191163681674925,144.36,-38.147
30039,1982-04-02 00:00:00,0.1513291131731999,0.0149830791930698,0.2876751471533301,144.36,-38.147
30040,1982-04-03 00:00:00,0.1004895828852297,-0.036152826394375,0.2371319921648345,144.36,-38.147
30041,1982-04-04 00:00:00,0.0148457692492153,-0.1215408813429317,0.1512324198413625,144.36,-38.147
30042,1982-04-05 00:00:00,0.1284598966900817,-0.0078391596188762,0.2647589529990397,144.36,-38.147
30043,1982-04-06 00:00:00,0.0928996929633269,-0.0433616944951585,0.2291610804218124,144.36,-38.147
30044,1982-04-07 00:00:00,0.0773843915138011,-0.0588084467174644,0.2135772297450667,144.36,-38.147
30045,1982-04-08 00:00:00,0.0333648838102507,-0.1028886017274185,0.16961836934792,144.36,-38.147
30046,1982-04-09 00:00:00,0.0168768861255043,-0.1193702378073034,0.1531240100583121,144.36,-38.147
30047,1982-04-10 00:00:00,0.0266574600818534,-0.1095558057877451,0.162870725951452,144.36,-38.147
30048,1982-04-11 00:00:00,-0.0043171513297878,-0.1404963064552329,0.1318620037956572,144.36,-38.147
30049,1982-04-12 00:00:00,-0.0293994167547691,-0.1656220513364876,0.1068232178269493,144.36,-38.147
30050,1982-04-13 00:00:00,-0.0062688892841294,-0.1425087565939169,0.1299709780256579,144.36,-38.147
30051,1982-04-14 00:00:00,0.053964866373997,-0.0823605428222923,0.1902902755702864,144.36,-38.147
30052,1982-04-15 00:00:00,0.0443924926482682,-0.0919476879520382,0.1807326732485746,144.36,-38.147
30053,1982-04-16 00:00:00,0.0925323535314881,-0.0437744149697557,0.228839122032732,144.36,-38.147
30054,1982-04-17 00:00:00,0.0336018510296995,-0.1026027403161578,0.1698064423755569,144.36,-38.147
30055,1982-04-18 00:00:00,0.051515827462787,-0.0846755426307225,0.1877071975562966,144.36,-38.147
30056,1982-04-19 00:00:00,0.0317611266611168,-0.1044387232790486,0.1679609766012822,144.36,-38.147
30057,1982-04-20 00:00:00,0.0613826154549525,-0.0748170597643581,0.1975822906742631,144.36,-38.147
30058,1982-04-21 00:00:00,0.0179875630052134,-0.1181755791452715,0.1541507051556985,144.36,-38.147
30059,1982-04-22 00:00:00,0.0230789569767703,-0.1131064915029099,0.1592644054564506,144.36,-38.147
30060,1982-04-23 00:00:00,0.1192132419485482,-0.017012052072253,0.2554385359693495,144.36,-38.147
30061,1982-04-24 00:00:00,0.1404606217022808,0.004137451294577,0.2767837921099846,144.36,-38.147
30062,1982-04-25 00:00:00,0.2222368861610686,0.085713503725853,0.3587602685962843,144.36,-38.147
30063,1982-04-26 00:00:00,0.2401375569109982,0.1031656062123692,0.3771095076096272,144.36,-38.147
30064,1982-04-27 00:00:00,0.2525961406478325,0.1158174941615995,0.3893747871340655,144.36,-38.147
30065,1982-04-28 00:00:00,0.1859202397797903,0.0495345030699737,0.3223059764896068,144.36,-38.147
30066,1982-04-29 00:00:00,0.0743982508319455,-0.0619152361550612,0.2107117378189522,144.36,-38.147
30067,1982-04-30 00:00:00,0.0096994745872422,-0.1265417357448916,0.1459406849193761,144.36,-38.147
30068,1982-05-01 00:00:00,-0.0159751691004801,-0.152138844056559,0.1201885058555987,144.36,-38.147
30069,1982-05-02 00:00:00,0.0122848038628495,-0.12390066965954,0.1484702773852392,144.36,-38.147
30070,1982-05-03 00:00:00,0.0820372143873927,-0.0542765936958399,0.2183510224706254,144.36,-38.147
30071,1982-05-04 00:00:00,0.1944636263540971,0.0578447909452085,0.3310824617629857,144.36,-38.147
30072,1982-05-05 00:00:00,0.1504824710245706,0.0140562350998552,0.2869087069492859,144.36,-38.147
30073,1982-05-06 00:00:00,0.3130467480043027,0.1766612160793407,0.4494322799292647,144.36,-38.147
30074,1982-05-07 00:00:00,0.2176013532083874,0.0809354426755736,0.3542672637412012,144.36,-38.147
30075,1982-05-08 00:00:00,0.0795876161160344,-0.0566296221455777,0.2158048543776466,144.36,-38.147
30076,1982-05-09 00:00:00,0.0633203028445454,-0.0729480560828989,0.1995886617719897,144.36,-38.147
30077,1982-05-10 00:00:00,0.1723855912450934,0.0359280689857008,0.308843113504486,144.36,-38.147
30078,1982-05-11 00:00:00,0.1231200165647889,-0.0132968025621365,0.2595368356917145,144.36,-38.147
30079,1982-05-12 00:00:00,0.0761009987520821,-0.060242312147262,0.2124443096514262,144.36,-38.147
30080,1982-05-13 00:00:00,0.1231776028771427,-0.0132169318243323,0.2595721375786179,144.36,-38.147
30081,1982-05-14 00:00:00,0.0387344437628117,-0.0975176332257848,0.1749865207514083,144.36,-38.147
30082,1982-05-15 00:00:00,0.0018713346204346,-0.1343500868046079,0.1380927560454772,144.36,-38.147
30083,1982-05-16 00:00:00,0.0069710698181923,-0.1292323905647867,0.1431745302011715,144.36,-38.147
30084,1982-05-17 00:00:00,-0.0047204646671525,-0.1409666798651782,0.131525750530873,144.36,-38.147
30085,1982-05-18 00:00:00,0.0445996064347231,-0.0917303133763306,0.180929526245777,144.36,-38.147
30086,1982-05-19 00:00:00,0.1897667067450371,0.0530101924403868,0.3265232210496875,144.36,-38.147
30087,1982-05-20 00:00:00,0.1466556700580524,0.0100617314137933,0.2832496087023115,144.36,-38.147
30088,1982-05-21 00:00:00,0.2825863632084079,0.1453043305335063,0.4198683958833095,144.36,-38.147
30089,1982-05-22 00:00:00,0.0472063383963104,-0.0895438156973761,0.183956492489997,144.36,-38.147
30090,1982-05-23 00:00:00,0.0788451262030431,-0.0573867194026249,0.2150769718087112,144.36,-38.147
30091,1982-05-24 00:00:00,0.0402770575721058,-0.0959320036379336,0.1764861187821452,144.36,-38.147
30092,1982-05-25 00:00:00,0.0292877817614057,-0.106959844134628,0.1655354076574395,144.36,-38.147
30093,1982-05-26 00:00:00,0.0666299068778208,-0.0696528504420041,0.2029126641976458,144.36,-38.147
30094,1982-05-27 00:00:00,0.0897000823322411,-0.0468898964073412,0.2262900610718236,144.36,-38.147
30095,1982-05-28 00:00:00,0.1353615361724979,-0.0013474589139498,0.2720705312589457,144.36,-38.147
30096,1982-05-29 00:00:00,0.1452804062830586,0.0089206069306078,0.2816402056355095,144.36,-38.147
30097,1982-05-30 00:00:00,0.1349936540507127,-0.0017017994753157,0.2716891075767412,144.36,-38.147
30098,1982-05-31 00:00:00,0.3053256858311673,0.1680576615821775,0.4425937100801571,144.36,-38.147
30099,1982-06-01 00:00:00,0.0752289711141591,-0.0615717328018841,0.2120296750302024,144.36,-38.147
30100,1982-06-02 00:00:00,0.0366706374106723,-0.1005080763995597,0.1738493512209045,144.36,-38.147
30101,1982-06-03 00:00:00,-0.1086524662735254,-0.2454459094722999,0.0281409769252491,144.36,-38.147
30102,1982-06-04 00:00:00,-0.0785706708293269,-0.2148232745688656,0.0576819329102118,144.36,-38.147
30103,1982-06-05 00:00:00,-0.032164530110365,-0.1683836524099972,0.1040545921892671,144.36,-38.147
30104,1982-06-06 00:00:00,-0.0230084690831308,-0.1591928676877816,0.11317592952152,144.36,-38.147
30105,1982-06-07 00:00:00,-0.0303955680608996,-0.1665773655964647,0.1057862294746654,144.36,-38.147
30106,1982-06-08 00:00:00,-0.0338225429823783,-0.1699953917057829,0.1023503057410262,144.36,-38.147
30107,1982-06-09 00:00:00,-0.0208681680387694,-0.1571528752494627,0.1154165391719238,144.36,-38.147
30108,1982-06-10 00:00:00,0.0192383554377988,-0.1171954146967509,0.1556721255723485,144.36,-38.147
30109,1982-06-11 00:00:00,0.051929088446225,-0.0845364719445581,0.1883946488370081,144.36,-38.147
30110,1982-06-12 00:00:00,0.1162938559866986,-0.0200856667436523,0.2526733787170497,144.36,-38.147
30111,1982-06-13 00:00:00,0.1074173471008297,-0.0288502260303365,0.243684920231996,144.36,-38.147
30112,1982-06-14 00:00:00,0.0381375358827554,-0.0981567748250113,0.1744318465905222,144.36,-38.147
30113,1982-06-15 00:00:00,0.0344513395904597,-0.1023110845071941,0.1712137636881135,144.36,-38.147
30114,1982-06-16 00:00:00,0.1762260657069915,0.039412116351263,0.31304001506272,144.36,-38.147
30115,1982-06-17 00:00:00,0.0368869915074396,-0.0994169729736979,0.1731909559885773,144.36,-38.147
30116,1982-06-18 00:00:00,0.211807790375135,0.075229820535922,0.3483857602143481,144.36,-38.147
30117,1982-06-19 00:00:00,0.0876756035304843,-0.0487322228076608,0.2240834298686296,144.36,-38.147
30118,1982-06-20 00:00:00,0.2133834854187409,0.0765535244682113,0.3502134463692705,144.36,-38.147
30119,1982-06-21 00:00:00,0.2718160830409578,0.1348029578473167,0.4088292082345988,144.36,-38.147
30120,1982-06-22 00:00:00,0.1021332649630838,-0.0355341077631482,0.2398006376893159,144.36,-38.147
30121,1982-06-23 00:00:00,0.0040982175430003,-0.1330396988137321,0.1412361338997328,144.36,-38.147
30122,1982-06-24 00:00:00,-0.0631624646789107,-0.1995527511930302,0.0732278218352087,144.36,-38.147
30123,1982-06-25 00:00:00,-0.0423355375205693,-0.1785343522313195,0.0938632771901809,144.36,-38.147
30124,1982-06-26 00:00:00,-0.0191201201787648,-0.1553392847236306,0.1170990443661009,144.36,-38.147
30125,1982-06-27 00:00:00,0.1527392868287708,0.0162329816205381,0.2892455920370034,144.36,-38.147
30126,1982-06-28 00:00:00,0.1056971212285572,-0.030923378862468,0.2423176213195824,144.36,-38.147
30127,1982-06-29 00:00:00,0.0015057115498824,-0.134723383996726,0.137734807096491,144.36,-38.147
30128,1982-06-30 00:00:00,0.0332741048116046,-0.1029923174143302,0.1695405270375396,144.36,-38.147
30129,1982-07-01 00:00:00,0.0368323063087392,-0.0993700749495448,0.1730346875670233,144.36,-38.147
30130,1982-07-02 00:00:00,0.029362575616146,-0.1068477252269103,0.1655728764592025,144.36,-38.147
30131,1982-07-03 00:00:00,0.0558409308562818,-0.0805132486812483,0.1921951103938119,144.36,-38.147
30132,1982-07-04 00:00:00,0.1180437840318896,-0.0183113717762643,0.2543989398400436,144.36,-38.147
30133,1982-07-05 00:00:00,0.0199608972224351,-0.1163346316581416,0.156256426103012,144.36,-38.147
30134,1982-07-06 00:00:00,0.144862620737536,0.0084696381707325,0.2812556033043394,144.36,-38.147
30135,1982-07-07 00:00:00,0.0516063162444248,-0.0846943110491859,0.1879069435380355,144.36,-38.147
30136,1982-07-08 00:00:00,0.0589803045394232,-0.077256509694466,0.1952171187733125,144.36,-38.147
30137,1982-07-09 00:00:00,0.0351700488941411,-0.1010363073036532,0.1713764050919354,144.36,-38.147
30138,1982-07-10 00:00:00,0.0175988689953873,-0.1186036380558207,0.1538013760465954,144.36,-38.147
30139,1982-07-11 00:00:00,0.0581914750716379,-0.0780665868891079,0.1944495370323838,144.36,-38.147
30140,1982-07-12 00:00:00,-0.0269727360261974,-0.1632368950545701,0.1092914230021753,144.36,-38.147
30141,1982-07-13 00:00:00,-0.0834502420124115,-0.219838134662604,0.052937650637781,144.36,-38.147
30142,1982-07-14 00:00:00,-0.0466231071471618,-0.1830272069543324,0.0897809926600086,144.36,-38.147
30143,1982-07-15 00:00:00,-0.0715670611659683,-0.2078190478760827,0.0646849255441461,144.36,-38.147
30144,1982-07-16 00:00:00,-0.0674801626899723,-0.2036946384017275,0.0687343130217828,144.36,-38.147
30145,1982-07-17 00:00:00,0.0171664896336729,-0.1191238172004433,0.1534567964677892,144.36,-38.147
30146,1982-07-18 00:00:00,0.090628860277801,-0.0457752715118239,0.227032992067426,144.36,-38.147
30147,1982-07-19 00:00:00,0.1725715883232589,0.0359257165395318,0.309217460106986,144.36,-38.147
30148,1982-07-20 00:00:00,0.0783130967164578,-0.0581779331249436,0.2148041265578592,144.36,-38.147
30149,1982-07-21 00:00:00,0.0608091702508538,-0.0757078972602176,0.1973262377619254,144.36,-38.147
30150,1982-07-22 00:00:00,0.015428702664563,-0.1209289597572769,0.1517863650864029,144.36,-38.147
30151,1982-07-23 00:00:00,0.0453168635635662,-0.0909947117316761,0.1816284388588085,144.36,-38.147
30152,1982-07-24 00:00:00,0.169009546113069,0.0326165809163577,0.3054025113097803,144.36,-38.147
30153,1982-07-25 00:00:00,0.0845919666469693,-0.0516870804772421,0.2208710137711808,144.36,-38.147
30154,1982-07-26 00:00:00,0.0695358581869506,-0.0667129502676314,0.2057846666415327,144.36,-38.147
30155,1982-07-27 00:00:00,0.0099051246137603,-0.1263190122014526,0.1461292614289734,144.36,-38.147
30156,1982-07-28 00:00:00,0.0116684902063906,-0.1247997193549934,0.1481366997677748,144.36,-38.147
30157,1982-07-29 00:00:00,0.2955681524640722,0.158158720252394,0.4329775846757503,144.36,-38.147
30158,1982-07-30 00:00:00,0.1083464304297421,-0.0287035902138448,0.2453964510733292,144.36,-38.147
30159,1982-07-31 00:00:00,0.1225860223324705,-0.0139712785347581,0.2591433231996993,144.36,-38.147
30160,1982-08-01 00:00:00,0.1108602246674541,-0.0255631123156944,0.2472835616506027,144.36,-38.147
30161,1982-08-02 00:00:00,-0.0113881973671334,-0.1478758551276982,0.1250994603934313,144.36,-38.147
30162,1982-08-03 00:00:00,0.1736751863831256,0.0366683345264458,0.3106820382398055,144.36,-38.147
30163,1982-08-04 00:00:00,0.0333313052320233,-0.1033505785036296,0.1700131889676763,144.36,-38.147
30164,1982-08-05 00:00:00,-0.0228927554733932,-0.1591690780245842,0.1133835670777976,144.36,-38.147
30165,1982-08-06 00:00:00,0.0388587463979492,-0.0973989651986163,0.1751164579945149,144.36,-38.147
30166,1982-08-07 00:00:00,-0.0158003990232584,-0.1520219497675269,0.12042115172101,144.36,-38.147
30167,1982-08-08 00:00:00,-0.0400188542273989,-0.1762663179604828,0.0962286095056848,144.36,-38.147
30168,1982-08-09 00:00:00,0.0051449764102756,-0.1311334635128632,0.1414234163334143,144.36,-38.147
30169,1982-08-10 00:00:00,0.0440000164481799,-0.0924104829329079,0.1804105158292677,144.36,-38.147
30170,1982-08-11 00:00:00,0.069664346844666,-0.0666717790618979,0.20600047275123,144.36,-38.147
30171,1982-08-12 00:00:00,0.1851236906318546,0.0487152261006416,0.3215321551630676,144.36,-38.147
30172,1982-08-13 00:00:00,0.1000180856969224,-0.0362364060027183,0.2362725773965631,144.36,-38.147
30173,1982-08-14 00:00:00,0.0989024784956561,-0.0373393074083851,0.2351442643996974,144.36,-38.147
30174,1982-08-15 00:00:00,0.0755494831459715,-0.0606864613175198,0.2117854276094629,144.36,-38.147
30175,1982-08-16 00:00:00,0.0311082663997089,-0.1051301967948065,0.1673467295942244,144.36,-38.147
30176,1982-08-17 00:00:00,-0.0150185673545826,-0.1512954370555354,0.1212583023463702,144.36,-38.147
30177,1982-08-18 00:00:00,-0.0530734427232183,-0.189347320651369,0.0832004352049323,144.36,-38.147
30178,1982-08-19 00:00:00,-0.0273596275112664,-0.1635946788733853,0.1088754238508525,144.36,-38.147
30179,1982-08-20 00:00:00,0.0081387006750816,-0.1281559054448938,0.1444333067950571,144.36,-38.147
30180,1982-08-21 00:00:00,0.0774550850753569,-0.0589766774109561,0.2138868475616699,144.36,-38.147
30181,1982-08-22 00:00:00,0.046088895436499,-0.0902078775839727,0.1823856684569708,144.36,-38.147
30182,1982-08-23 00:00:00,-0.0212555932120731,-0.1575132100543894,0.1150020236302431,144.36,-38.147
30183,1982-08-24 00:00:00,0.1132013688035186,-0.0232909441436401,0.2496936817506773,144.36,-38.147
30184,1982-08-25 00:00:00,0.1131063555323736,-0.0233023133484353,0.2495150244131827,144.36,-38.147
30185,1982-08-26 00:00:00,0.066325719772285,-0.0698810606982859,0.202532500242856,144.36,-38.147
30186,1982-08-27 00:00:00,0.08560924449774,-0.0506523207032376,0.2218708096987177,144.36,-38.147
30187,1982-08-28 00:00:00,0.0282107939122269,-0.1081133400495446,0.1645349278739986,144.36,-38.147
30188,1982-08-29 00:00:00,0.0575191494450424,-0.0787612208279968,0.1937995197180816,144.36,-38.147
30189,1982-08-30 00:00:00,0.1533353069019333,0.0169923978621054,0.2896782159417613,144.36,-38.147
30190,1982-08-31 00:00:00,0.0362878335699351,-0.1000208745359643,0.1725965416758346,144.36,-38.147
30191,1982-09-01 00:00:00,8.961721775915463e-05,-0.1361656244358872,0.1363448588714055,144.36,-38.147
30192,1982-09-02 00:00:00,0.1664264319055655,0.0299746165816843,0.3028782472294467,144.36,-38.147
30193,1982-09-03 00:00:00,0.3339125969456456,0.1967601703087231,0.4710650235825681,144.36,-38.147
30194,1982-09-04 00:00:00,0.1673954035902128,0.0294764253392899,0.3053143818411357,144.36,-38.147
30195,1982-09-05 00:00:00,0.0504283050786467,-0.0858970729995065,0.1867536831568001,144.36,-38.147
30196,1982-09-06 00:00:00,0.1992151838960767,0.0626506222272569,0.3357797455648966,144.36,-38.147
30197,1982-09-07 00:00:00,0.133169444185787,-0.0035014416286413,0.2698403300002154,144.36,-38.147
30198,1982-09-08 00:00:00,0.166580800264288,0.0299771228039721,0.3031844777246039,144.36,-38.147
30199,1982-09-09 00:00:00,0.3043663419337212,0.1676028116080453,0.4411298722593971,144.36,-38.147
30200,1982-09-10 00:00:00,0.1274305146224423,-0.0093406820030392,0.2642017112479238,144.36,-38.147
30201,1982-09-11 00:00:00,0.0521831092038153,-0.0845912499356455,0.1889574683432761,144.36,-38.147
30202,1982-09-12 00:00:00,-0.0507984260513369,-0.1870868132514314,0.0854899611487575,144.36,-38.147
30203,1982-09-13 00:00:00,-0.0240945205872809,-0.1602693732180825,0.1120803320435205,144.36,-38.147
30204,1982-09-14 00:00:00,-0.0083899509031587,-0.1446246952642756,0.127844793457958,144.36,-38.147
30205,1982-09-15 00:00:00,-0.0259571121057336,-0.1621311888417636,0.1102169646302963,144.36,-38.147
30206,1982-09-16 00:00:00,0.0101152322353957,-0.1263816150940212,0.1466120795648127,144.36,-38.147
30207,1982-09-17 00:00:00,0.1622134772417402,0.0256228713419081,0.2988040831415723,144.36,-38.147
30208,1982-09-18 00:00:00,0.2714038777079441,0.1349921587423563,0.4078155966735319,144.36,-38.147
30209,1982-09-19 00:00:00,0.0713217348456003,-0.0650265137406972,0.2076699834318979,144.36,-38.147
30210,1982-09-20 00:00:00,0.0174769542441379,-0.1187596438955853,0.1537135523838613,144.36,-38.147
30211,1982-09-21 00:00:00,-0.0457148189884744,-0.1820037118808839,0.090574073903935,144.36,-38.147
30212,1982-09-22 00:00:00,-0.0751472316036501,-0.2114123365311841,0.0611178733238838,144.36,-38.147
30213,1982-09-23 00:00:00,-0.0291557715503508,-0.1653974968977103,0.1070859537970087,144.36,-38.147
30214,1982-09-24 00:00:00,0.0418957508497646,-0.0943306919588426,0.1781221936583718,144.36,-38.147
30215,1982-09-25 00:00:00,0.1280053993723628,-0.008265717098228,0.2642765158429538,144.36,-38.147
30216,1982-09-26 00:00:00,0.0784509754592511,-0.0578443667058564,0.2147463176243586,144.36,-38.147
30217,1982-09-27 00:00:00,0.0360081960255424,-0.1003658420562278,0.1723822341073127,144.36,-38.147
30218,1982-09-28 00:00:00,0.141006230116601,0.0045308627159333,0.2774815975172686,144.36,-38.147
30219,1982-09-29 00:00:00,0.0970338043408526,-0.0397732126504859,0.2338408213321912,144.36,-38.147
30220,1982-09-30 00:00:00,0.1018766040980705,-0.0351414814961126,0.2388946896922537,144.36,-38.147
30221,1982-10-01 00:00:00,0.1347099240757832,-0.0022764566471116,0.271696304798678,144.36,-38.147
30222,1982-10-02 00:00:00,0.0017261240109299,-0.1345965401937274,0.1380487882155872,144.36,-38.147
30223,1982-10-03 00:00:00,0.092133938284782,-0.044235581028079,0.2285034575976431,144.36,-38.147
30224,1982-10-04 00:00:00,0.0995175471656833,-0.0369222615516476,0.2359573558830143,144.36,-38.147
30225,1982-10-05 00:00:00,-0.0156037278144417,-0.1519931989313002,0.1207857433024167,144.36,-38.147
30226,1982-10-06 00:00:00,-0.038454426421778,-0.1747130103226829,0.0978041574791268,144.36,-38.147
30227,1982-10-07 00:00:00,0.1006023205924997,-0.0357025111642177,0.2369071523492173,144.36,-38.147
30228,1982-10-08 00:00:00,0.1481509738556049,0.0118577625418698,0.2844441851693401,144.36,-38.147
30229,1982-10-09 00:00:00,0.0919080281551067,-0.0445145122537427,0.2283305685639562,144.36,-38.147
30230,1982-10-10 00:00:00,0.0099091458740337,-0.1269297077519984,0.1467479995000657,144.36,-38.147
30231,1982-10-11 00:00:00,-0.0223305126056847,-0.158639100695738,0.1139780754843686,144.36,-38.147
30232,1982-10-12 00:00:00,0.0562564986056381,-0.0799970453522386,0.1925100425635149,144.36,-38.147
30233,1982-10-13 00:00:00,0.1437431624899665,0.0075054059660323,0.2799809190139006,144.36,-38.147
30234,1982-10-14 00:00:00,0.1090766524123009,-0.0272747078492929,0.2454280126738948,144.36,-38.147
30235,1982-10-15 00:00:00,0.0604368947943702,-0.0759025783416048,0.1967763679303453,144.36,-38.147
30236,1982-10-16 00:00:00,0.1153738621921337,-0.0209525248859208,0.2517002492701883,144.36,-38.147
30237,1982-10-17 00:00:00,0.2178719370369739,0.0813035588879436,0.3544403151860041,144.36,-38.147
30238,1982-10-18 00:00:00,0.0034154041269025,-0.1328924332897332,0.1397232415435384,144.36,-38.147
30239,1982-10-19 00:00:00,0.2144369694295919,0.0777464282750004,0.3511275105841834,144.36,-38.147
30240,1982-10-20 00:00:00,0.2553085671251585,0.1183263131547157,0.3922908210956012,144.36,-38.147
30241,1982-10-21 00:00:00,0.163139949552829,0.0264210134504327,0.2998588856552253,144.36,-38.147
30242,1982-10-22 00:00:00,0.1091802913431495,-0.0273162530662414,0.2456768357525406,144.36,-38.147
30243,1982-10-23 00:00:00,0.0273807116052917,-0.1089889063251864,0.1637503295357699,144.36,-38.147
30244,1982-10-24 00:00:00,-0.0355252430314844,-0.1717580647640596,0.1007075787010907,144.36,-38.147
30245,1982-10-25 00:00:00,0.0050512553169226,-0.1312046421425453,0.1413071527763905,144.36,-38.147
30246,1982-10-26 00:00:00,0.0429562372876187,-0.093430628642257,0.1793431032174945,144.36,-38.147
30247,1982-10-27 00:00:00,0.2253352057582122,0.0889691043790067,0.3617013071374176,144.36,-38.147
30248,1982-10-28 00:00:00,0.1442221445602085,0.0079000830489791,0.2805442060714379,144.36,-38.147
30249,1982-10-29 00:00:00,0.0917799573480649,-0.0444659821930654,0.2280258968891954,144.36,-38.147
30250,1982-10-30 00:00:00,0.2767444447362971,0.1402663137323389,0.4132225757402553,144.36,-38.147
30251,1982-10-31 00:00:00,0.2093483603768625,0.0727114894228008,0.3459852313309242,144.36,-38.147
30252,1982-11-01 00:00:00,0.0591331412017653,-0.0771472610869626,0.1954135434904933,144.36,-38.147
30253,1982-11-02 00:00:00,-0.0026182583269779,-0.1387930342573242,0.1335565176033684,144.36,-38.147
30254,1982-11-03 00:00:00,-0.0063912581099811,-0.1425815130953259,0.1297989968753637,144.36,-38.147
30255,1982-11-04 00:00:00,0.0345095377588052,-0.101708788936052,0.1707278644536625,144.36,-38.147
30256,1982-11-05 00:00:00,0.089224925576843,-0.0470321236652433,0.2254819748189293,144.36,-38.147
30257,1982-11-06 00:00:00,0.0901454612712515,-0.0463442002737405,0.2266351228162437,144.36,-38.147
30258,1982-11-07 00:00:00,0.2259734241514533,0.0893790684664949,0.3625677798364117,144.36,-38.147
30259,1982-11-08 00:00:00,0.1436707005343297,0.0073908876910118,0.2799505133776475,144.36,-38.147
30260,1982-11-09 00:00:00,0.2144415898601929,0.0777219990646164,0.3511611806557693,144.36,-38.147
30261,1982-11-10 00:00:00,0.312983848498989,0.1758373443869993,0.4501303526109786,144.36,-38.147
30262,1982-11-11 00:00:00,0.0378381146758436,-0.0989073900495939,0.1745836194012812,144.36,-38.147
30263,1982-11-12 00:00:00,-0.0085893881006238,-0.1448271822134359,0.1276484060121883,144.36,-38.147
30264,1982-11-13 00:00:00,-0.0102275635514952,-0.1464079351554564,0.1259528080524659,144.36,-38.147
30265,1982-11-14 00:00:00,0.0240122878300838,-0.1122422816026672,0.1602668572628349,144.36,-38.147
30266,1982-11-15 00:00:00,0.0644032900600941,-0.0719398040784675,0.2007463841986558,144.36,-38.147
30267,1982-11-16 00:00:00,0.3397348049155504,0.2031469689362779,0.4763226408948229,144.36,-38.147
30268,1982-11-17 00:00:00,0.2740808184321548,0.1374658521688603,0.4106957846954494,144.36,-38.147
30269,1982-11-18 00:00:00,0.4013369496247375,0.2631080063366623,0.5395658929128128,144.36,-38.147
30270,1982-11-19 00:00:00,0.0227125629263851,-0.1147681256635342,0.1601932515163046,144.36,-38.147
30271,1982-11-20 00:00:00,0.0524822372313603,-0.083763705584293,0.1887281800470137,144.36,-38.147
30272,1982-11-21 00:00:00,0.0144580523824204,-0.1217377138228607,0.1506538185877015,144.36,-38.147
30273,1982-11-22 00:00:00,-0.0010190314724967,-0.1371981365884781,0.1351600736434846,144.36,-38.147
30274,1982-11-23 00:00:00,0.0229864244333273,-0.113224734189453,0.1591975830561077,144.36,-38.147
30275,1982-11-24 00:00:00,0.0409489915747202,-0.095317699134518,0.1772156822839586,144.36,-38.147
30276,1982-11-25 00:00:00,0.2551668246330002,0.1186701681190582,0.3916634811469421,144.36,-38.147
30277,1982-11-26 00:00:00,0.168428566701503,0.0318871099216319,0.3049700234813741,144.36,-38.147
30278,1982-11-27 00:00:00,0.0880058549186914,-0.0484571757749727,0.2244688856123556,144.36,-38.147
30279,1982-11-28 00:00:00,0.0334338618104099,-0.1028979990704404,0.1697657226912602,144.36,-38.147
30280,1982-11-29 00:00:00,0.0015354523525068,-0.1347319282913233,0.137802832996337,144.36,-38.147
30281,1982-11-30 00:00:00,0.0476524305562433,-0.0886210302034772,0.1839258913159639,144.36,-38.147
30282,1982-12-01 00:00:00,0.2931674468165912,0.1565794453577486,0.4297554482754336,144.36,-38.147
30283,1982-12-02 00:00:00,0.0724457456957441,-0.0639557668426616,0.2088472582341499,144.36,-38.147
30284,1982-12-03 00:00:00,0.1217023529335301,-0.0145979113969071,0.2580026172639675,144.36,-38.147
30285,1982-12-04 00:00:00,0.1618639551082755,0.0255707529497329,0.298157157266818,144.36,-38.147
30286,1982-12-05 00:00:00,0.140124594062517,0.0038086586689362,0.2764405294560977,144.36,-38.147
30287,1982-12-06 00:00:00,0.0627764872214974,-0.0734669742573879,0.1990199487003829,144.36,-38.147
30288,1982-12-07 00:00:00,0.1840678960324118,0.0476256031336527,0.320510188931171,144.36,-38.147
30289,1982-12-08 00:00:00,0.2869635105143626,0.1497790738009967,0.4241479472277285,144.36,-38.147
30290,1982-12-09 00:00:00,0.0813343220676425,-0.0566098261449245,0.2192784702802096,144.36,-38.147
30291,1982-12-10 00:00:00,0.0244519897475626,-0.1125128008788436,0.161416780373969,144.36,-38.147
30292,1982-12-11 00:00:00,0.0504319359709197,-0.0858217902682903,0.1866856622101297,144.36,-38.147
30293,1982-12-12 00:00:00,9.38153626881457e-05,-0.1361642758208821,0.1363519065462584,144.36,-38.147
30294,1982-12-13 00:00:00,0.0917177350924211,-0.0446076239398805,0.2280430941247229,144.36,-38.147
30295,1982-12-14 00:00:00,0.0642106046634458,-0.072166533114358,0.2005877424412497,144.36,-38.147
30296,1982-12-15 00:00:00,0.0955091873616449,-0.040780831900276,0.2317992066235658,144.36,-38.147
30297,1982-12-16 00:00:00,0.2017012482856734,0.065401684503983,0.3380008120673637,144.36,-38.147
30298,1982-12-17 00:00:00,0.1600688313289733,0.0238291524418148,0.2963085102161317,144.36,-38.147
30299,1982-12-18 00:00:00,0.1468893532304919,0.0105118797183542,0.2832668267426297,144.36,-38.147
30300,1982-12-19 00:00:00,0.1167592256969995,-0.0196199792841064,0.2531384306781055,144.36,-38.147
30301,1982-12-20 00:00:00,0.0916239557415804,-0.0447392731228382,0.2279871846059991,144.36,-38.147
30302,1982-12-21 00:00:00,0.0437472835780362,-0.0925711775572257,0.1800657447132983,144.36,-38.147
30303,1982-12-22 00:00:00,0.0048523559568864,-0.1313629255429903,0.1410676374567632,144.36,-38.147
30304,1982-12-23 00:00:00,0.0360086281399222,-0.1001684232809276,0.172185679560772,144.36,-38.147
30305,1982-12-24 00:00:00,0.0614241193506077,-0.0748470634396068,0.1976953021408223,144.36,-38.147
30306,1982-12-25 00:00:00,0.0363836431605476,-0.0999698173499992,0.1727371036710944,144.36,-38.147
30307,1982-12-26 00:00:00,-0.0249268930202148,-0.1613551843725509,0.1115013983321212,144.36,-38.147
30308,1982-12-27 00:00:00,0.0409905290432005,-0.0953987669865524,0.1773798250729534,144.36,-38.147
30309,1982-12-28 00:00:00,0.0680681507721865,-0.0682057797351273,0.2043420812795004,144.36,-38.147
30310,1982-12-29 00:00:00,0.0089755062711509,-0.127259672461005,0.1452106850033069,144.36,-38.147
30311,1982-12-30 00:00:00,0.1288799973196812,-0.0074348838882759,0.2651948785276384,144.36,-38.147
30312,1982-12-31 00:00:00,0.0629658182828056,-0.07327282585272,0.1992044624183312,144.36,-38.147
30313,1983-01-01 00:00:00,0.1045589772731551,-0.0317409575223521,0.2408589120686624,144.36,-38.147
30314,1983-01-02 00:00:00,0.0955002144380175,-0.0411502177172291,0.2321506465932643,144.36,-38.147
30315,1983-01-03 00:00:00,0.1247724535167568,-0.0117801080231665,0.2613250150566802,144.36,-38.147
30316,1983-01-04 00:00:00,0.1061397002532846,-0.0301144027444612,0.2423938032510305,144.36,-38.147
30317,1983-01-05 00:00:00,0.1471488471957037,0.0108119814043737,0.2834857129870337,144.36,-38.147
30318,1983-01-06 00:00:00,0.0816481272207642,-0.0548454808832916,0.2181417353248201,144.36,-38.147
30319,1983-01-07 00:00:00,0.0204726635237402,-0.1157913485588813,0.1567366756063619,144.36,-38.147
30320,1983-01-08 00:00:00,0.1006867133632263,-0.035840517941195,0.2372139446676477,144.36,-38.147
30321,1983-01-09 00:00:00,0.4097047516263059,0.2717745300807834,0.5476349731718284,144.36,-38.147
30322,1983-01-10 00:00:00,0.3845117147728647,0.2476368922386245,0.5213865373071049,144.36,-38.147
30323,1983-01-11 00:00:00,0.2598778982625524,0.1230672960448537,0.396688500480251,144.36,-38.147
30324,1983-01-12 00:00:00,0.2449247215857281,0.1084228570866489,0.3814265860848072,144.36,-38.147
30325,1983-01-13 00:00:00,0.1003050618079605,-0.0361192340768621,0.2367293576927832,144.36,-38.147
30326,1983-01-14 00:00:00,0.0975978786850197,-0.0389194503903051,0.2341152077603446,144.36,-38.147
30327,1983-01-15 00:00:00,0.083265262133834,-0.0530434184367428,0.2195739427044109,144.36,-38.147
30328,1983-01-16 00:00:00,0.0948314107954643,-0.0414396846292946,0.2311025062202233,144.36,-38.147
30329,1983-01-17 00:00:00,0.1098028730115247,-0.0266312986513118,0.2462370446743613,144.36,-38.147
30330,1983-01-18 00:00:00,0.1068602827458296,-0.0294373886233198,0.2431579541149791,144.36,-38.147
30331,1983-01-19 00:00:00,0.0157260784134031,-0.1205883891602213,0.1520405459870276,144.36,-38.147
30332,1983-01-20 00:00:00,-0.0078249053746333,-0.1440344114897417,0.1283846007404749,144.36,-38.147
30333,1983-01-21 00:00:00,0.0376728168404838,-0.09855560880637,0.1739012424873377,144.36,-38.147
30334,1983-01-22 00:00:00,-0.0159680569350973,-0.1522677965225679,0.1203316826523732,144.36,-38.147
30335,1983-01-23 00:00:00,0.1241251599211204,-0.012343321375787,0.260593641218028,144.36,-38.147
30336,1983-01-24 00:00:00,0.0964570317293244,-0.0399820321812855,0.2328960956399343,144.36,-38.147
30337,1983-01-25 00:00:00,-0.0308836727329087,-0.1672183249438215,0.105450979478004,144.36,-38.147
30338,1983-01-26 00:00:00,0.1122708933720758,-0.0243169146239315,0.2488587013680832,144.36,-38.147
30339,1983-01-27 00:00:00,0.1594281135062228,0.0227778771084603,0.2960783499039852,144.36,-38.147
30340,1983-01-28 00:00:00,0.0558053245224691,-0.0804778150510086,0.1920884640959468,144.36,-38.147
30341,1983-01-29 00:00:00,0.0417499752894459,-0.0944757485157842,0.1779756990946761,144.36,-38.147
30342,1983-01-30 00:00:00,0.0319035622864482,-0.1043348923501546,0.1681420169230512,144.36,-38.147
30343,1983-01-31 00:00:00,0.0207533083933953,-0.1154425281887689,0.1569491449755596,144.36,-38.147
30344,1983-02-01 00:00:00,0.0653546059092164,-0.0712605732449641,0.2019697850633969,144.36,-38.147
30345,1983-02-02 00:00:00,0.2043235558248631,0.0675112936667193,0.341135817983007,144.36,-38.147
30346,1983-02-03 00:00:00,0.0638483160743925,-0.0726789385294484,0.2003755706782335,144.36,-38.147
30347,1983-02-04 00:00:00,0.054086120229691,-0.0822115744560182,0.1903838149154002,144.36,-38.147
30348,1983-02-05 00:00:00,-0.0010960138984551,-0.1373434233734508,0.1351513955765406,144.36,-38.147
30349,1983-02-06 00:00:00,0.0062967759669665,-0.1299186620772087,0.1425122140111418,144.36,-38.147
30350,1983-02-07 00:00:00,0.0394890076156766,-0.0967299990441322,0.1757080142754855,144.36,-38.147
30351,1983-02-08 00:00:00,0.0349567250774209,-0.1013685094118485,0.1712819595666903,144.36,-38.147
30352,1983-02-09 00:00:00,0.1428462873019782,0.0063865650206108,0.2793060095833456,144.36,-38.147
30353,1983-02-10 00:00:00,0.0844049881248399,-0.0518992849046496,0.2207092611543296,144.36,-38.147
30354,1983-02-11 00:00:00,0.1987439300471183,0.0624406444930384,0.3350472156011981,144.36,-38.147
30355,1983-02-12 00:00:00,0.1085239724344225,-0.027761253939592,0.2448091988084372,144.36,-38.147
30356,1983-02-13 00:00:00,0.0914066536726955,-0.0448376124359682,0.2276509197813593,144.36,-38.147
30357,1983-02-14 00:00:00,0.042645963599125,-0.0935844247670261,0.1788763519652763,144.36,-38.147
30358,1983-02-15 00:00:00,0.0919575367476636,-0.0442855555370382,0.2282006290323655,144.36,-38.147
30359,1983-02-16 00:00:00,0.0385259338691986,-0.0978193232249837,0.174871190963381,144.36,-38.147
30360,1983-02-17 00:00:00,0.211675729253545,0.0746640709969378,0.3486873875101522,144.36,-38.147
30361,1983-02-18 00:00:00,0.0083518373042661,-0.1282699893741934,0.1449736639827256,144.36,-38.147
30362,1983-02-19 00:00:00,-0.0073291766163598,-0.1436144154039869,0.1289560621712672,144.36,-38.147
30363,1983-02-20 00:00:00,-0.036682503115578,-0.1730131107998689,0.0996481045687128,144.36,-38.147
30364,1983-02-21 00:00:00,-0.0385773435871144,-0.1748818180237088,0.0977271308494799,144.36,-38.147
30365,1983-02-22 00:00:00,0.0660437060132141,-0.0702802968814249,0.2023677089078532,144.36,-38.147
30366,1983-02-23 00:00:00,0.0346550393294989,-0.1017688086814415,0.1710788873404394,144.36,-38.147
30367,1983-02-24 00:00:00,0.0123687149173385,-0.1238587280536909,0.148596157888368,144.36,-38.147
30368,1983-02-25 00:00:00,0.0053505306600793,-0.1308815086416639,0.1415825699618226,144.36,-38.147
30369,1983-02-26 00:00:00,0.0355148842602684,-0.1007527259913796,0.1717824945119166,144.36,-38.147
30370,1983-02-27 00:00:00,0.0172561150035214,-0.1191649592291095,0.1536771892361526,144.36,-38.147
30371,1983-02-28 00:00:00,-0.0151525335077975,-0.1516880102827225,0.1213829432671273,144.36,-38.147
30372,1983-03-01 00:00:00,-0.0098913932838918,-0.1469574610526879,0.1271746744849043,144.36,-38.147
30373,1983-03-02 00:00:00,0.0099869191032838,-0.1267840899461983,0.1467579281527661,144.36,-38.147
30374,1983-03-03 00:00:00,-0.0257225869997798,-0.1622304151417426,0.110785241142183,144.36,-38.147
30375,1983-03-04 00:00:00,0.0015255947504792,-0.134924564404393,0.1379757539053514,144.36,-38.147
30376,1983-03-05 00:00:00,0.1439043349779357,0.0075111464813722,0.2802975234744991,144.36,-38.147
30377,1983-03-06 00:00:00,0.0392248188580539,-0.0970021406648169,0.1754517783809247,144.36,-38.147
30378,1983-03-07 00:00:00,0.1009037584309371,-0.0353604806752133,0.2371679975370876,144.36,-38.147
30379,1983-03-08 00:00:00,0.0594821667571614,-0.0767682822518753,0.1957326157661982,144.36,-38.147
30380,1983-03-09 00:00:00,0.1963686545924076,0.05985000583789,0.3328873033469253,144.36,-38.147
30381,1983-03-10 00:00:00,0.0409082101925641,-0.0960817049638042,0.1778981253489325,144.36,-38.147
30382,1983-03-11 00:00:00,-0.0565715083593726,-0.1929973462355438,0.0798543295167984,144.36,-38.147
30383,1983-03-12 00:00:00,0.1075490133103632,-0.0288193670216639,0.2439173936423904,144.36,-38.147
30384,1983-03-13 00:00:00,0.0734748671820189,-0.0627829913920701,0.209732725756108,144.36,-38.147
30385,1983-03-14 00:00:00,0.0326173128288728,-0.1035766392981286,0.1688112649558743,144.36,-38.147
30386,1983-03-15 00:00:00,0.0473168768321511,-0.0889042908429394,0.1835380445072417,144.36,-38.147
30387,1983-03-16 00:00:00,0.0094557506025913,-0.1267920816452482,0.1457035828504309,144.36,-38.147
30388,1983-03-17 00:00:00,-0.0187109160366367,-0.1550738541687222,0.1176520220954487,144.36,-38.147
30389,1983-03-18 00:00:00,0.0011704902184154,-0.135156081999409,0.13749706243624,144.36,-38.147
30390,1983-03-19 00:00:00,0.0081952026522707,-0.1282061472189767,0.1445965525235181,144.36,-38.147
30391,1983-03-20 00:00:00,-0.0119265858283893,-0.1483422186944864,0.1244890470377078,144.36,-38.147
30392,1983-03-21 00:00:00,0.0193866326400285,-0.1175353951568439,0.156308660436901,144.36,-38.147
30393,1983-03-22 00:00:00,0.0202531280429076,-0.1200249789064966,0.160531234992312,144.36,-38.147
30394,1983-03-23 00:00:00,0.3246369391908165,0.1812347375719492,0.4680391408096838,144.36,-38.147
30395,1983-03-24 00:00:00,0.1468763219329412,0.0087373135385262,0.2850153303273564,144.36,-38.147
30396,1983-03-25 00:00:00,0.0270131523662792,-0.1092968687985739,0.1633231735311323,144.36,-38.147
30397,1983-03-26 00:00:00,0.0223721010951948,-0.1138810321183039,0.1586252343086935,144.36,-38.147
30398,1983-03-27 00:00:00,0.0464681785435897,-0.089796253972125,0.1827326110593045,144.36,-38.147
30399,1983-03-28 00:00:00,0.0510858109781353,-0.0851787374797209,0.1873503594359916,144.36,-38.147
30400,1983-03-29 00:00:00,0.0419142489586436,-0.0942928207149206,0.1781213186322078,144.36,-38.147
30401,1983-03-30 00:00:00,0.1530972214229937,0.0168176972536571,0.2893767455923304,144.36,-38.147
30402,1983-03-31 00:00:00,0.0538685103417716,-0.0823353101587963,0.1900723308423396,144.36,-38.147
30403,1983-04-01 00:00:00,0.0465464608062052,-0.0896676788828431,0.1827606004952537,144.36,-38.147
30404,1983-04-02 00:00:00,0.0225409172224618,-0.1136773074755175,0.1587591419204412,144.36,-38.147
30405,1983-04-03 00:00:00,0.0116130617474461,-0.1245558769221116,0.1477820004170039,144.36,-38.147
30406,1983-04-04 00:00:00,0.0964986444649976,-0.0399060889420961,0.2329033778720914,144.36,-38.147
30407,1983-04-05 00:00:00,0.3057091385356187,0.1685017524822255,0.442916524589012,144.36,-38.147
30408,1983-04-06 00:00:00,0.2380356618864024,0.1007894502748712,0.3752818734979335,144.36,-38.147
30409,1983-04-07 00:00:00,0.0880951628099456,-0.0486285133368223,0.2248188389567135,144.36,-38.147
30410,1983-04-08 00:00:00,-0.0024946688102468,-0.1386967299258783,0.1337073923053846,144.36,-38.147
30411,1983-04-09 00:00:00,0.0188812268534113,-0.1173341928551753,0.1550966465619979,144.36,-38.147
30412,1983-04-10 00:00:00,0.0798187762359816,-0.0567577106430221,0.2163952631149854,144.36,-38.147
30413,1983-04-11 00:00:00,0.2429182492943587,0.106136089690453,0.3797004088982643,144.36,-38.147
30414,1983-04-12 00:00:00,0.1951169457508428,0.058480082752753,0.3317538087489325,144.36,-38.147
30415,1983-04-13 00:00:00,0.0350786475320443,-0.101176888949814,0.1713341840139027,144.36,-38.147
30416,1983-04-14 00:00:00,0.0357173363582951,-0.1006005111265581,0.1720351838431484,144.36,-38.147
30417,1983-04-15 00:00:00,-0.0280957077987842,-0.1647134003817712,0.1085219847842026,144.36,-38.147
30418,1983-04-16 00:00:00,-0.0850620321120825,-0.2215867407166461,0.051462676492481,144.36,-38.147
30419,1983-04-17 00:00:00,-0.0339913305000332,-0.1703218453431403,0.1023391843430737,144.36,-38.147
30420,1983-04-18 00:00:00,-0.0502696025540492,-0.1865194105050412,0.0859802053969427,144.36,-38.147
30421,1983-04-19 00:00:00,0.0215868815337812,-0.1146633574916164,0.1578371205591789,144.36,-38.147
30422,1983-04-20 00:00:00,0.0358573326887424,-0.1003305165173587,0.1720451818948436,144.36,-38.147
30423,1983-04-21 00:00:00,0.0216704488301108,-0.1145617026188374,0.1579026002790592,144.36,-38.147
30424,1983-04-22 00:00:00,0.0377135324876326,-0.0985369816020832,0.1739640465773484,144.36,-38.147
30425,1983-04-23 00:00:00,0.0751000320269466,-0.0611827221823153,0.2113827862362085,144.36,-38.147
30426,1983-04-24 00:00:00,0.0824123534206761,-0.0539171634859901,0.2187418703273423,144.36,-38.147
30427,1983-04-25 00:00:00,0.1291317465564941,-0.0071496797042156,0.2654131728172039,144.36,-38.147
30428,1983-04-26 00:00:00,0.1040968028382417,-0.0324019466874801,0.2405955523639637,144.36,-38.147
30429,1983-04-27 00:00:00,0.0092635387467747,-0.1270381934025044,0.1455652708960539,144.36,-38.147
30430,1983-04-28 00:00:00,0.0011428467216347,-0.135036416215664,0.1373221096589336,144.36,-38.147
30431,1983-04-29 00:00:00,0.0110474336592222,-0.1251300895016678,0.1472249568201122,144.36,-38.147
30432,1983-04-30 00:00:00,0.0251644153127772,-0.1110548230489281,0.1613836536744827,144.36,-38.147
30433,1983-05-01 00:00:00,-0.0131100604629258,-0.149449425236686,0.1232293043108343,144.36,-38.147
30434,1983-05-02 00:00:00,-0.0137726697321239,-0.1501620041965284,0.1226166647322804,144.36,-38.147
30435,1983-05-03 00:00:00,0.0290668398092445,-0.1074975648538036,0.1656312444722926,144.36,-38.147
30436,1983-05-04 00:00:00,0.1511993092742271,0.0145299364859113,0.2878686820625428,144.36,-38.147
30437,1983-05-05 00:00:00,0.2517921896809296,0.1152677627179485,0.3883166166439107,144.36,-38.147
30438,1983-05-06 00:00:00,0.1127463363908316,-0.0240293308336224,0.2495220036152857,144.36,-38.147
30439,1983-05-07 00:00:00,0.0339310306643104,-0.1023749387078668,0.1702370000364876,144.36,-38.147
30440,1983-05-08 00:00:00,0.1215398855631869,-0.0149365943680206,0.2580163654943945,144.36,-38.147
30441,1983-05-09 00:00:00,0.1308516647143862,-0.0055593992665488,0.2672627286953212,144.36,-38.147
30442,1983-05-10 00:00:00,0.0810231345625149,-0.0552637901457797,0.2173100592708096,144.36,-38.147
30443,1983-05-11 00:00:00,0.0476946389298864,-0.0886122690020111,0.184001546861784,144.36,-38.147
30444,1983-05-12 00:00:00,-0.0301246041176382,-0.1663373589996423,0.1060881507643658,144.36,-38.147
30445,1983-05-13 00:00:00,0.0257088677460561,-0.1105103600633918,0.1619280955555042,144.36,-38.147
30446,1983-05-14 00:00:00,0.0271749018570019,-0.1091110746656649,0.1634608783796688,144.36,-38.147
30447,1983-05-15 00:00:00,0.2103482529189864,0.0729552982978379,0.3477412075401349,144.36,-38.147
30448,1983-05-16 00:00:00,0.230733682155478,0.0936867796913054,0.3677805846196507,144.36,-38.147
30449,1983-05-17 00:00:00,-0.0291480502471184,-0.1658590545609516,0.1075629540667146,144.36,-38.147
30450,1983-05-18 00:00:00,0.0034307034609613,-0.1328013532200819,0.1396627601420046,144.36,-38.147
30451,1983-05-19 00:00:00,0.008671925255626,-0.1275266591525123,0.1448705096637645,144.36,-38.147
30452,1983-05-20 00:00:00,0.0537727177371021,-0.0824781012451448,0.1900235367193492,144.36,-38.147
30453,1983-05-21 00:00:00,0.0116708283833302,-0.1245458044687524,0.1478874612354129,144.36,-38.147
30454,1983-05-22 00:00:00,0.0018763534338535,-0.1343457147783538,0.1380984216460609,144.36,-38.147
30455,1983-05-23 00:00:00,0.0243468387288724,-0.1118679847460659,0.1605616622038107,144.36,-38.147
30456,1983-05-24 00:00:00,-0.0011936206337621,-0.1374507486004715,0.1350635073329472,144.36,-38.147
30457,1983-05-25 00:00:00,-0.0398648961152588,-0.1760771846470259,0.0963473924165083,144.36,-38.147
30458,1983-05-26 00:00:00,-0.0371270412118737,-0.1733878919291697,0.0991338095054223,144.36,-38.147
30459,1983-05-27 00:00:00,-0.0252465349035524,-0.1615145093168457,0.1110214395097409,144.36,-38.147
30460,1983-05-28 00:00:00,0.086524589893782,-0.0498524668243213,0.2229016466118855,144.36,-38.147
30461,1983-05-29 00:00:00,0.2353336824462054,0.0988110403495318,0.371856324542879,144.36,-38.147
30462,1983-05-30 00:00:00,0.2762181247263015,0.1394051263412576,0.4130311231113454,144.36,-38.147
30463,1983-05-31 00:00:00,0.1059031049271146,-0.030594747678234,0.2424009575324632,144.36,-38.147
30464,1983-06-01 00:00:00,0.0768017214744055,-0.0596228506642757,0.2132262936130868,144.36,-38.147
30465,1983-06-02 00:00:00,-0.0279957448731967,-0.1642793954263898,0.1082879056799963,144.36,-38.147
30466,1983-06-03 00:00:00,-0.0263182547463753,-0.1625914248482568,0.1099549153555062,144.36,-38.147
30467,1983-06-04 00:00:00,-0.0120586270141768,-0.1483534669713722,0.1242362129430185,144.36,-38.147
30468,1983-06-05 00:00:00,-0.0052877032983341,-0.141574415712454,0.1309990091157858,144.36,-38.147
30469,1983-06-06 00:00:00,0.0225259348001735,-0.1137022456257713,0.1587541152261184,144.36,-38.147
30470,1983-06-07 00:00:00,0.0842892805701242,-0.052101752701374,0.2206803138416226,144.36,-38.147
30471,1983-06-08 00:00:00,0.2345028563220975,0.0977059119195712,0.3712998007246238,144.36,-38.147
30472,1983-06-09 00:00:00,0.1362921975362891,-0.0002240427529671,0.2728084378255455,144.36,-38.147
30473,1983-06-10 00:00:00,0.2664675865662653,0.1294835882812008,0.4034515848513298,144.36,-38.147
30474,1983-06-11 00:00:00,0.1383234597498901,0.0017025173634024,0.2749444021363778,144.36,-38.147
30475,1983-06-12 00:00:00,0.0950744388042781,-0.0415366700483858,0.2316855476569421,144.36,-38.147
30476,1983-06-13 00:00:00,0.1321194979214689,-0.0044855710953668,0.2687245669383047,144.36,-38.147
30477,1983-06-14 00:00:00,0.0890268566480549,-0.047413528693824,0.2254672419899339,144.36,-38.147
30478,1983-06-15 00:00:00,0.0280210010753794,-0.1082823869951041,0.1643243891458631,144.36,-38.147
30479,1983-06-16 00:00:00,-0.0321820860486962,-0.1684153237184178,0.1040511516210252,144.36,-38.147
30480,1983-06-17 00:00:00,-0.033453759146938,-0.1696613137999806,0.1027537955061045,144.36,-38.147
30481,1983-06-18 00:00:00,-0.0467934722103264,-0.1829923995378955,0.0894054551172426,144.36,-38.147
30482,1983-06-19 00:00:00,-0.0169063827325807,-0.1531196365130684,0.1193068710479069,144.36,-38.147
30483,1983-06-20 00:00:00,0.0077008107507153,-0.1285230492739768,0.1439246707754076,144.36,-38.147
30484,1983-06-21 00:00:00,0.0668427115368495,-0.069412559452261,0.2030979825259601,144.36,-38.147
30485,1983-06-22 00:00:00,0.0541077347162174,-0.0821272679260148,0.1903427373584496,144.36,-38.147
30486,1983-06-23 00:00:00,0.0744281562461329,-0.0618582644764559,0.2107145769687217,144.36,-38.147
30487,1983-06-24 00:00:00,0.0336808905333642,-0.1025943040482328,0.1699560851149613,144.36,-38.147
30488,1983-06-25 00:00:00,0.1458437346690142,0.0093010877566707,0.2823863815813577,144.36,-38.147
30489,1983-06-26 00:00:00,0.1273027727784007,-0.0090985888596644,0.2637041344164659,144.36,-38.147
30490,1983-06-27 00:00:00,0.1360665990031823,-0.0004386064141879,0.2725718044205527,144.36,-38.147
30491,1983-06-28 00:00:00,0.1569236857410603,0.0203123420047748,0.2935350294773459,144.36,-38.147
30492,1983-06-29 00:00:00,0.1081479642057719,-0.0283259951298781,0.244621923541422,144.36,-38.147
30493,1983-06-30 00:00:00,0.0777376855041259,-0.0586797426188759,0.2141551136271278,144.36,-38.147
30494,1983-07-01 00:00:00,0.1680595171558908,0.0314141472033589,0.3047048871084227,144.36,-38.147
30495,1983-07-02 00:00:00,0.3374503812668804,0.2008037175242006,0.4740970450095602,144.36,-38.147
30496,1983-07-03 00:00:00,0.064644697233173,-0.0720267678591352,0.2013161623254813,144.36,-38.147
30497,1983-07-04 00:00:00,0.0074166549676764,-0.1288927536472603,0.1437260635826132,144.36,-38.147
30498,1983-07-05 00:00:00,0.0178323177399502,-0.118413449364943,0.1540780848448435,144.36,-38.147
30499,1983-07-06 00:00:00,0.0604932136127736,-0.0757743188037976,0.1967607460293449,144.36,-38.147
30500,1983-07-07 00:00:00,0.0241668376941502,-0.112627867877015,0.1609615432653156,144.36,-38.147
30501,1983-07-08 00:00:00,-0.0229474805925514,-0.1599778818749692,0.1140829206898662,144.36,-38.147
30502,1983-07-09 00:00:00,-0.0531040126507447,-0.189736930508763,0.0835289052072735,144.36,-38.147
30503,1983-07-10 00:00:00,-0.0460944893393916,-0.1826722728983869,0.0904832942196035,144.36,-38.147
30504,1983-07-11 00:00:00,0.0779792194606682,-0.0587334859402697,0.2146919248616061,144.36,-38.147
30505,1983-07-12 00:00:00,0.260810521285796,0.1237551233342511,0.3978659192373409,144.36,-38.147
30506,1983-07-13 00:00:00,0.094407901817376,-0.0420718203900113,0.2308876240247635,144.36,-38.147
30507,1983-07-14 00:00:00,0.0882712404442406,-0.0479998849097693,0.2245423657982506,144.36,-38.147
30508,1983-07-15 00:00:00,0.0507529323596037,-0.0855448321201964,0.187050696839404,144.36,-38.147
30509,1983-07-16 00:00:00,0.0623727616834824,-0.0739501088783287,0.1986956322452935,144.36,-38.147
30510,1983-07-17 00:00:00,0.0350945445134439,-0.1011465435585846,0.1713356325854725,144.36,-38.147
30511,1983-07-18 00:00:00,0.0542581910791819,-0.0820344042998664,0.1905507864582303,144.36,-38.147
30512,1983-07-19 00:00:00,0.0856964324473034,-0.0507761742299765,0.2221690391245834,144.36,-38.147
30513,1983-07-20 00:00:00,0.0891123397473638,-0.0472710254736555,0.2254957049683833,144.36,-38.147
30514,1983-07-21 00:00:00,0.0343679520646923,-0.1019409244773048,0.1706768286066896,144.36,-38.147
30515,1983-07-22 00:00:00,0.0893132556174429,-0.0470541307696102,0.2256806420044961,144.36,-38.147
30516,1983-07-23 00:00:00,-0.0155034515398978,-0.1519221955352024,0.1209152924554066,144.36,-38.147
30517,1983-07-24 00:00:00,-0.0459091750191586,-0.1821283891482816,0.0903100391099642,144.36,-38.147
30518,1983-07-25 00:00:00,-0.0109079825779644,-0.1471334986398464,0.1253175334839174,144.36,-38.147
30519,1983-07-26 00:00:00,0.0188024068627552,-0.1174624374339009,0.1550672511594115,144.36,-38.147
30520,1983-07-27 00:00:00,0.0441651784776829,-0.0924131945373215,0.1807435514926874,144.36,-38.147
30521,1983-07-28 00:00:00,0.125726182425806,-0.0107507423271425,0.2622031071787547,144.36,-38.147
30522,1983-07-29 00:00:00,0.1211617811890684,-0.0151753522672678,0.2574989146454047,144.36,-38.147
30523,1983-07-30 00:00:00,0.1404676374291466,0.0041538279484985,0.2767814469097946,144.36,-38.147
30524,1983-07-31 00:00:00,0.113731552201922,-0.0225809332171957,0.2500440376210399,144.36,-38.147
30525,1983-08-01 00:00:00,0.1488875559629432,0.0125506355999092,0.2852244763259772,144.36,-38.147
30526,1983-08-02 00:00:00,0.0545942803838497,-0.0818109209546047,0.1909994817223042,144.36,-38.147
30527,1983-08-03 00:00:00,-0.0364226669031154,-0.1727855641853725,0.0999402303791415,144.36,-38.147
30528,1983-08-04 00:00:00,-0.0736634950825548,-0.2099875385949062,0.0626605484297965,144.36,-38.147
30529,1983-08-05 00:00:00,-0.0386430870519102,-0.1748784364569508,0.0975922623531302,144.36,-38.147
30530,1983-08-06 00:00:00,0.0094251235284554,-0.126872909964977,0.1457231570218879,144.36,-38.147
30531,1983-08-07 00:00:00,0.1462266576988609,0.0098550024572051,0.2825983129405167,144.36,-38.147
30532,1983-08-08 00:00:00,0.132364796723102,-0.0040002657562842,0.2687298592024884,144.36,-38.147
30533,1983-08-09 00:00:00,0.2961607431617746,0.159574523265774,0.4327469630577752,144.36,-38.147
30534,1983-08-10 00:00:00,0.0741333309586523,-0.062343775174189,0.2106104370914938,144.36,-38.147
30535,1983-08-11 00:00:00,0.0705578795984807,-0.0656705663125349,0.2067863255094965,144.36,-38.147
30536,1983-08-12 00:00:00,-0.0107560879796727,-0.1469625679322859,0.1254503919729402,144.36,-38.147
30537,1983-08-13 00:00:00,-0.0418696836054002,-0.1781067324449904,0.09436736523419,144.36,-38.147
30538,1983-08-14 00:00:00,0.0059513397114766,-0.1303616439597524,0.1422643233827058,144.36,-38.147
30539,1983-08-15 00:00:00,0.05271806835689,-0.0837291966776818,0.189165333391462,144.36,-38.147
30540,1983-08-16 00:00:00,0.080766551664424,-0.0558528482831868,0.217385951612035,144.36,-38.147
30541,1983-08-17 00:00:00,0.1609860497469771,0.0243763069817769,0.2975957925121773,144.36,-38.147
30542,1983-08-18 00:00:00,0.0645250040154109,-0.0719994709371016,0.2010494789679236,144.36,-38.147
30543,1983-08-19 00:00:00,0.0246700105591789,-0.11155489512001,0.1608949162383678,144.36,-38.147
30544,1983-08-20 00:00:00,0.139619229159308,0.0033347932277439,0.275903665090872,144.36,-38.147
30545,1983-08-21 00:00:00,0.0552175515183896,-0.0810436952375885,0.1914787982743677,144.36,-38.147
30546,1983-08-22 00:00:00,0.0636455759815573,-0.0726502795541327,0.1999414315172474,144.36,-38.147
30547,1983-08-23 00:00:00,0.0379845986802747,-0.0982876608995898,0.1742568582601393,144.36,-38.147
30548,1983-08-24 00:00:00,0.0057862510692256,-0.1305084037298808,0.142080905868332,144.36,-38.147
30549,1983-08-25 00:00:00,0.06873105717891,-0.0681831718663243,0.2056452862241444,144.36,-38.147
30550,1983-08-26 00:00:00,0.1740593115658684,0.0373562501978228,0.3107623729339139,144.36,-38.147
30551,1983-08-27 00:00:00,0.1483424331816363,0.0117399679505125,0.2849448984127601,144.36,-38.147
30552,1983-08-28 00:00:00,0.0660229758047377,-0.0706026723608824,0.2026486239703578,144.36,-38.147
30553,1983-08-29 00:00:00,0.0232887262490644,-0.1130930514780956,0.1596705039762246,144.36,-38.147
30554,1983-08-30 00:00:00,0.1410980430408156,0.0044556190311185,0.2777404670505128,144.36,-38.147
30555,1983-08-31 00:00:00,0.1967422407822013,0.0601398609548858,0.3333446206095167,144.36,-38.147
30556,1983-09-01 00:00:00,0.1119593154372013,-0.0246107360881699,0.2485293669625725,144.36,-38.147
30557,1983-09-02 00:00:00,0.0387362882387527,-0.0982597927303437,0.1757323692078491,144.36,-38.147
30558,1983-09-03 00:00:00,0.2063431353321809,0.0692291255167912,0.3434571451475706,144.36,-38.147
30559,1983-09-04 00:00:00,0.1122191529611969,-0.0242108447927779,0.2486491507151717,144.36,-38.147
30560,1983-09-05 00:00:00,0.0226460731417444,-0.1143337146570425,0.1596258609405315,144.36,-38.147
30561,1983-09-06 00:00:00,0.1676188053393406,0.0303744981962637,0.3048631124824176,144.36,-38.147
30562,1983-09-07 00:00:00,0.2232370162097995,0.0864910794196617,0.3599829529999373,144.36,-38.147
30563,1983-09-08 00:00:00,0.0976338896274477,-0.038877071114158,0.2341448503690535,144.36,-38.147
30564,1983-09-09 00:00:00,0.1714528173118702,0.034946678869993,0.3079589557537474,144.36,-38.147
30565,1983-09-10 00:00:00,0.0966435226734328,-0.0397548369631433,0.233041882310009,144.36,-38.147
30566,1983-09-11 00:00:00,0.2687295329865817,0.1318702204278103,0.405588845545353,144.36,-38.147
30567,1983-09-12 00:00:00,0.2394298414559041,0.1027501665946984,0.37610951631711,144.36,-38.147
30568,1983-09-13 00:00:00,0.0566630809368166,-0.0801859388778989,0.1935121007515323,144.36,-38.147
30569,1983-09-14 00:00:00,0.0887336425657357,-0.0481470257204579,0.2256143108519295,144.36,-38.147
30570,1983-09-15 00:00:00,0.0681881695450223,-0.0682244536729255,0.2046007927629702,144.36,-38.147
30571,1983-09-16 00:00:00,-0.0225687997511673,-0.1588531316450595,0.1137155321427247,144.36,-38.147
30572,1983-09-17 00:00:00,0.0910752598210047,-0.045241828817699,0.2273923484597086,144.36,-38.147
30573,1983-09-18 00:00:00,0.1709264733664162,0.0345767099632914,0.3072762367695409,144.36,-38.147
30574,1983-09-19 00:00:00,0.1259123587406013,-0.0103609085262394,0.2621856260074422,144.36,-38.147
30575,1983-09-20 00:00:00,0.3453741760808163,0.2075207454318373,0.4832276067297953,144.36,-38.147
30576,1983-09-21 00:00:00,0.2204396016183361,0.0827113354756866,0.3581678677609856,144.36,-38.147
30577,1983-09-22 00:00:00,0.0814151309318059,-0.0550005227409581,0.21783078460457,144.36,-38.147
30578,1983-09-23 00:00:00,0.2532694541849067,0.1161468305377134,0.3903920778321,144.36,-38.147
30579,1983-09-24 00:00:00,0.1355078732311685,-0.0012061047218032,0.2722218511841403,144.36,-38.147
30580,1983-09-25 00:00:00,0.0143462146374914,-0.1221081830408866,0.1508006123158695,144.36,-38.147
30581,1983-09-26 00:00:00,-0.0298085776016734,-0.1659864940786982,0.1063693388753513,144.36,-38.147
30582,1983-09-27 00:00:00,-0.0082264705244761,-0.144572960061341,0.1281200190123886,144.36,-38.147
30583,1983-09-28 00:00:00,0.2177317203478747,0.0809560650921163,0.3545073756036331,144.36,-38.147
30584,1983-09-29 00:00:00,0.1970042936213902,0.0604348881700335,0.3335736990727468,144.36,-38.147
30585,1983-09-30 00:00:00,0.1376007815291849,0.001353606349979,0.2738479567083908,144.36,-38.147
30586,1983-10-01 00:00:00,0.059353187708081,-0.0769110838064635,0.1956174592226257,144.36,-38.147
30587,1983-10-02 00:00:00,0.1628934057935396,0.0260868644513044,0.2996999471357747,144.36,-38.147
30588,1983-10-03 00:00:00,0.0755845787122305,-0.0610703934304745,0.2122395508549356,144.36,-38.147
30589,1983-10-04 00:00:00,0.0667841563814617,-0.0696725812067207,0.2032408939696442,144.36,-38.147
30590,1983-10-05 00:00:00,-0.0110130237571227,-0.1476259396980269,0.1255998921837814,144.36,-38.147
30591,1983-10-06 00:00:00,-0.0060065748767878,-0.1426595249108224,0.1306463751572468,144.36,-38.147
30592,1983-10-07 00:00:00,0.010869974060708,-0.1254131439889292,0.1471530921103453,144.36,-38.147
30593,1983-10-08 00:00:00,0.0443751332815483,-0.091834179573132,0.1805844461362286,144.36,-38.147
30594,1983-10-09 00:00:00,0.050064468762726,-0.0861583037946157,0.1862872413200678,144.36,-38.147
30595,1983-10-10 00:00:00,0.0432304172682718,-0.0930214208179118,0.1794822553544556,144.36,-38.147
30596,1983-10-11 00:00:00,7.90516777466558e-05,-0.1361126243519779,0.1362707277074712,144.36,-38.147
30597,1983-10-12 00:00:00,0.0176494134201297,-0.1185679957434331,0.1538668225836926,144.36,-38.147
30598,1983-10-13 00:00:00,0.0728515148646539,-0.0634070032140675,0.2091100329433754,144.36,-38.147
30599,1983-10-14 00:00:00,0.1052312720513984,-0.0310112073617618,0.2414737514645587,144.36,-38.147
30600,1983-10-15 00:00:00,0.0460432971746101,-0.0902640043471248,0.1823505986963451,144.36,-38.147
30601,1983-10-16 00:00:00,0.1125253629579662,-0.0240214820965715,0.249072208012504,144.36,-38.147
30602,1983-10-17 00:00:00,0.0946249518815231,-0.0417414685045488,0.2309913722675952,144.36,-38.147
30603,1983-10-18 00:00:00,0.0887932759469404,-0.0475885112535768,0.2251750631474577,144.36,-38.147
30604,1983-10-19 00:00:00,0.1692270125358239,0.0328629517879242,0.3055910732837237,144.36,-38.147
30605,1983-10-20 00:00:00,0.2461627897146678,0.1089272465188777,0.3833983329104578,144.36,-38.147
30606,1983-10-21 00:00:00,0.1510632548315992,0.0140517098849907,0.2880747997782077,144.36,-38.147
30607,1983-10-22 00:00:00,0.0060087843109637,-0.1302286988910602,0.1422462675129877,144.36,-38.147
30608,1983-10-23 00:00:00,0.0674893403334259,-0.068726374820913,0.2037050554877649,144.36,-38.147
30609,1983-10-24 00:00:00,0.0233733969781753,-0.1128398522495043,0.159586646205855,144.36,-38.147
30610,1983-10-25 00:00:00,0.0449729082002567,-0.0912586541603971,0.1812044705609106,144.36,-38.147
30611,1983-10-26 00:00:00,0.0244868532076421,-0.1117660588003438,0.160739765215628,144.36,-38.147
30612,1983-10-27 00:00:00,0.1059760065349307,-0.0307379893803073,0.2426900024501689,144.36,-38.147
30613,1983-10-28 00:00:00,0.1231717680662645,-0.0135385050883041,0.2598820412208333,144.36,-38.147
30614,1983-10-29 00:00:00,0.0905844252332266,-0.0458183463478407,0.226987196814294,144.36,-38.147
30615,1983-10-30 00:00:00,0.0400571101066137,-0.0961232065856353,0.1762374267988628,144.36,-38.147
30616,1983-10-31 00:00:00,0.0335466741776079,-0.102685637205313,0.1697789855605288,144.36,-38.147
30617,1983-11-01 00:00:00,0.0294913618625166,-0.1067341511346593,0.1657168748596926,144.36,-38.147
30618,1983-11-02 00:00:00,0.059390922795012,-0.0768639960329633,0.1956458416229873,144.36,-38.147
30619,1983-11-03 00:00:00,0.2081103108217574,0.0717297429930781,0.3444908786504368,144.36,-38.147
30620,1983-11-04 00:00:00,0.3820687088300173,0.2439940180449249,0.5201433996151098,144.36,-38.147
30621,1983-11-05 00:00:00,0.0700838441731609,-0.0666204886957515,0.2067881770420735,144.36,-38.147
30622,1983-11-06 00:00:00,0.029142517038879,-0.1070746335749446,0.1653596676527027,144.36,-38.147
30623,1983-11-07 00:00:00,0.1347299609067751,-0.0017201472960135,0.2711800691095638,144.36,-38.147
30624,1983-11-08 00:00:00,0.080226049238769,-0.0562713912538524,0.2167234897313905,144.36,-38.147
30625,1983-11-09 00:00:00,0.5572390306852144,0.419074518140044,0.6954035432303849,144.36,-38.147
30626,1983-11-10 00:00:00,0.1142102420959381,-0.0230215537766463,0.2514420379685226,144.36,-38.147
30627,1983-11-11 00:00:00,0.0024178818162536,-0.1338499396865965,0.1386857033191038,144.36,-38.147
30628,1983-11-12 00:00:00,0.0989227467853107,-0.0373579142942415,0.2352034078648631,144.36,-38.147
30629,1983-11-13 00:00:00,0.0448062085666978,-0.0915581992172424,0.181170616350638,144.36,-38.147
30630,1983-11-14 00:00:00,-0.0368821323435414,-0.1735382206886639,0.0997739560015809,144.36,-38.147
30631,1983-11-15 00:00:00,0.4254516447998611,0.2880271202368474,0.5628761693628748,144.36,-38.147
30632,1983-11-16 00:00:00,0.2705770357096785,0.1335126060405871,0.4076414653787699,144.36,-38.147
30633,1983-11-17 00:00:00,0.2061652168366864,0.0689840459805906,0.3433463876927823,144.36,-38.147
30634,1983-11-18 00:00:00,0.0389574297159969,-0.0977576413654125,0.1756725007974063,144.36,-38.147
30635,1983-11-19 00:00:00,0.0164633843716496,-0.1198204471913566,0.1527472159346559,144.36,-38.147
30636,1983-11-20 00:00:00,0.0030476769991753,-0.1331849840601902,0.1392803380585409,144.36,-38.147
30637,1983-11-21 00:00:00,-0.0094822562285863,-0.1457132251947935,0.1267487127376207,144.36,-38.147
30638,1983-11-22 00:00:00,0.0211847135079652,-0.1152998504279298,0.1576692774438603,144.36,-38.147
30639,1983-11-23 00:00:00,0.0759298110937893,-0.0604598145635066,0.2123194367510854,144.36,-38.147
30640,1983-11-24 00:00:00,-0.0196985091034567,-0.1560848010794577,0.1166877828725442,144.36,-38.147
30641,1983-11-25 00:00:00,0.0064152052308064,-0.1298029413230112,0.1426333517846241,144.36,-38.147
30642,1983-11-26 00:00:00,0.0439296606028923,-0.0924345696259969,0.1802938908317816,144.36,-38.147
30643,1983-11-27 00:00:00,0.006501743771906,-0.1297562519867382,0.1427597395305503,144.36,-38.147
30644,1983-11-28 00:00:00,0.0133740311054762,-0.1228822828228206,0.1496303450337731,144.36,-38.147
30645,1983-11-29 00:00:00,0.0503109157981154,-0.0859262795304314,0.1865481111266623,144.36,-38.147
30646,1983-11-30 00:00:00,0.1338744350797203,-0.0024007220018009,0.2701495921612415,144.36,-38.147
30647,1983-12-01 00:00:00,0.1027935413749124,-0.0337487456161239,0.2393358283659487,144.36,-38.147
30648,1983-12-02 00:00:00,0.001700204506445,-0.1347215978226118,0.138122006835502,144.36,-38.147
30649,1983-12-03 00:00:00,0.0563734237738904,-0.0799020727800036,0.1926489203277845,144.36,-38.147
30650,1983-12-04 00:00:00,0.0540523721161635,-0.0821575331829435,0.1902622774152705,144.36,-38.147
30651,1983-12-05 00:00:00,0.0589249273955992,-0.0772956475892832,0.1951455023804816,144.36,-38.147
30652,1983-12-06 00:00:00,0.1279988732066994,-0.0082825643868555,0.2642803108002544,144.36,-38.147
30653,1983-12-07 00:00:00,0.1787114568735584,0.0423127313416582,0.3151101824054586,144.36,-38.147
30654,1983-12-08 00:00:00,0.1474385621615157,0.0108610329564747,0.2840160913665568,144.36,-38.147
30655,1983-12-09 00:00:00,0.0416322223364259,-0.0946297180623598,0.1778941627352117,144.36,-38.147
30656,1983-12-10 00:00:00,0.0089346438680411,-0.1272988593233741,0.1451681470594563,144.36,-38.147
30657,1983-12-11 00:00:00,-0.0152941141857087,-0.151514965150811,0.1209267367793935,144.36,-38.147
30658,1983-12-12 00:00:00,0.0024539393200322,-0.1338059129985532,0.1387137916386177,144.36,-38.147
30659,1983-12-13 00:00:00,0.0974163609870233,-0.0392146678622951,0.2340473898363418,144.36,-38.147
30660,1983-12-14 00:00:00,0.0582282211370438,-0.0782933879766566,0.1947498302507443,144.36,-38.147
30661,1983-12-15 00:00:00,0.1121557776659536,-0.0241747386694547,0.2484862940013619,144.36,-38.147
30662,1983-12-16 00:00:00,0.0766388941806492,-0.0595572430325524,0.2128350313938509,144.36,-38.147
30663,1983-12-17 00:00:00,0.053976749341155,-0.0822289562493814,0.1901824549316915,144.36,-38.147
30664,1983-12-18 00:00:00,0.0302608906390652,-0.1059666563687335,0.1664884376468641,144.36,-38.147
30665,1983-12-19 00:00:00,-0.0002890591619539,-0.1364895537689696,0.1359114354450617,144.36,-38.147
30666,1983-12-20 00:00:00,0.059499872587022,-0.0768652704220148,0.195865015596059,144.36,-38.147
30667,1983-12-21 00:00:00,0.1950174124696684,0.0585530542537869,0.3314817706855499,144.36,-38.147
30668,1983-12-22 00:00:00,0.113114170682525,-0.0233398909782924,0.2495682323433426,144.36,-38.147
30669,1983-12-23 00:00:00,0.0673798758128716,-0.0689097007087085,0.2036694523344517,144.36,-38.147
30670,1983-12-24 00:00:00,-0.0109119889013453,-0.1471723266769874,0.1253483488742967,144.36,-38.147
30671,1983-12-25 00:00:00,0.1116806214823353,-0.0246285207342128,0.2479897636988834,144.36,-38.147
30672,1983-12-26 00:00:00,0.0960030679548392,-0.0403262410620716,0.2323323769717501,144.36,-38.147
30673,1983-12-27 00:00:00,-0.0026485860589994,-0.1391250035590454,0.1338278314410465,144.36,-38.147
30674,1983-12-28 00:00:00,-0.0787777020474732,-0.2151350885176023,0.0575796844226559,144.36,-38.147
30675,1983-12-29 00:00:00,-0.0337301635090044,-0.1700546639616049,0.102594336943596,144.36,-38.147
30676,1983-12-30 00:00:00,0.0738727880242855,-0.0625734361029381,0.2103190121515092,144.36,-38.147
30677,1983-12-31 00:00:00,0.0145678891861669,-0.1218333826076906,0.1509691609800245,144.36,-38.147
30678,1984-01-01 00:00:00,0.0359539609355463,-0.100598478031989,0.1725063999030817,144.36,-38.147
30679,1984-01-02 00:00:00,0.1472403301721126,0.0105314889541264,0.2839491713900989,144.36,-38.147
30680,1984-01-03 00:00:00,0.2890359087052738,0.1526360145682358,0.4254358028423118,144.36,-38.147
30681,1984-01-04 00:00:00,0.1112256482067955,-0.0252685743816488,0.2477198707952398,144.36,-38.147
30682,1984-01-05 00:00:00,-0.0122569799750356,-0.1485608581922265,0.1240468982421551,144.36,-38.147
30683,1984-01-06 00:00:00,0.0691589494169408,-0.0671513494750683,0.20546924830895,144.36,-38.147
30684,1984-01-07 00:00:00,0.0871071663865463,-0.0493411565906837,0.2235554893637765,144.36,-38.147
30685,1984-01-08 00:00:00,0.0762130709165808,-0.0600712371579375,0.2124973789910992,144.36,-38.147
30686,1984-01-09 00:00:00,0.1260674460630569,-0.0102321667158214,0.2623670588419353,144.36,-38.147
30687,1984-01-10 00:00:00,0.0812833184746267,-0.0549578366939235,0.2175244736431771,144.36,-38.147
30688,1984-01-11 00:00:00,0.0241514687079801,-0.1120523426516812,0.1603552800676415,144.36,-38.147
30689,1984-01-12 00:00:00,0.0130835200544612,-0.1231566514476886,0.1493236915566111,144.36,-38.147
30690,1984-01-13 00:00:00,0.0145473255544321,-0.1219839428221,0.1510785939309643,144.36,-38.147
30691,1984-01-14 00:00:00,0.0004454068388725,-0.1367641117704289,0.1376549254481739,144.36,-38.147
30692,1984-01-15 00:00:00,0.0546180752202721,-0.0833448934599754,0.1925810439005197,144.36,-38.147
30693,1984-01-16 00:00:00,0.3421464043266175,0.2044822541701194,0.4798105544831156,144.36,-38.147
30694,1984-01-17 00:00:00,0.270797852883361,0.1339258079169046,0.4076698978498173,144.36,-38.147
30695,1984-01-18 00:00:00,0.1679548141345733,0.0315157987429466,0.3043938295262,144.36,-38.147
30696,1984-01-19 00:00:00,0.0786572236095187,-0.0576418606943303,0.2149563079133677,144.36,-38.147
30697,1984-01-20 00:00:00,0.0721110098206692,-0.0641023873173747,0.2083244069587132,144.36,-38.147
30698,1984-01-21 00:00:00,0.0962958207095704,-0.0399589137502558,0.2325505551693967,144.36,-38.147
30699,1984-01-22 00:00:00,0.1019922750258928,-0.0342811143118558,0.2382656643636415,144.36,-38.147
30700,1984-01-23 00:00:00,0.0302640979721237,-0.1059842727351684,0.166512468679416,144.36,-38.147
30701,1984-01-24 00:00:00,0.0744364735224879,-0.0619667465286357,0.2108396935736115,144.36,-38.147
30702,1984-01-25 00:00:00,0.178872102645398,0.0422536777900283,0.3154905275007676,144.36,-38.147
30703,1984-01-26 00:00:00,0.2229523520058378,0.0865021047996235,0.3594025992120521,144.36,-38.147
30704,1984-01-27 00:00:00,0.1083331176895356,-0.0279483780539056,0.2446146134329769,144.36,-38.147
30705,1984-01-28 00:00:00,0.0275994864045182,-0.1085793889456145,0.1637783617546509,144.36,-38.147
30706,1984-01-29 00:00:00,0.036846124910642,-0.0994380166768821,0.1731302664981662,144.36,-38.147
30707,1984-01-30 00:00:00,0.1347218494996178,-0.0021939455295193,0.2716376445287551,144.36,-38.147
30708,1984-01-31 00:00:00,0.0577896892692646,-0.0789667569204969,0.1945461354590261,144.36,-38.147
30709,1984-02-01 00:00:00,0.0326310006793667,-0.1038908097307468,0.1691528110894803,144.36,-38.147
30710,1984-02-02 00:00:00,-0.0101407134478812,-0.1463537694125833,0.1260723425168207,144.36,-38.147
30711,1984-02-03 00:00:00,0.0366657008779718,-0.099530005404656,0.1728614071605997,144.36,-38.147
30712,1984-02-04 00:00:00,0.0821863404692103,-0.0540315629629595,0.2184042439013802,144.36,-38.147
30713,1984-02-05 00:00:00,0.0589958246634734,-0.0772914587189075,0.1952831080458544,144.36,-38.147
30714,1984-02-06 00:00:00,0.0648550620146637,-0.071446220000842,0.2011563440301696,144.36,-38.147
30715,1984-02-07 00:00:00,0.0866298228008716,-0.0496932818677083,0.2229529274694516,144.36,-38.147
30716,1984-02-08 00:00:00,0.0792394925983306,-0.0571094578112463,0.2155884430079077,144.36,-38.147
30717,1984-02-09 00:00:00,0.0025095103446814,-0.133847206661038,0.138866227350401,144.36,-38.147
30718,1984-02-10 00:00:00,0.0254659561720494,-0.1109592929427956,0.1618912052868944,144.36,-38.147
30719,1984-02-11 00:00:00,-0.0140253245064433,-0.150421825737597,0.1223711767247102,144.36,-38.147
30720,1984-02-12 00:00:00,0.1379175646567713,0.0013998822167632,0.2744352470967793,144.36,-38.147
30721,1984-02-13 00:00:00,0.2543226947190717,0.1176562094099505,0.390989180028193,144.36,-38.147
30722,1984-02-14 00:00:00,0.1262849157060239,-0.0099577738532606,0.2625276052653086,144.36,-38.147
30723,1984-02-15 00:00:00,0.0687836577296575,-0.067464716249886,0.205032031709201,144.36,-38.147
30724,1984-02-16 00:00:00,0.1153528126763238,-0.0209047603925172,0.251610385745165,144.36,-38.147
30725,1984-02-17 00:00:00,0.0914860696557505,-0.0448851679849074,0.2278573072964085,144.36,-38.147
30726,1984-02-18 00:00:00,-0.023803360205241,-0.1603443581868296,0.1127376377763475,144.36,-38.147
30727,1984-02-19 00:00:00,0.0356247248738481,-0.1008469730105614,0.1720964227582578,144.36,-38.147
30728,1984-02-20 00:00:00,0.0176674987914537,-0.1186146363575546,0.1539496339404621,144.36,-38.147
30729,1984-02-21 00:00:00,0.1503601694565354,0.013972462911648,0.2867478760014229,144.36,-38.147
30730,1984-02-22 00:00:00,0.0479233208918959,-0.0885004137710716,0.1843470555548636,144.36,-38.147
30731,1984-02-23 00:00:00,0.0491100730546768,-0.0872313715741309,0.1854515176834845,144.36,-38.147
30732,1984-02-24 00:00:00,0.1644030824075525,0.0277525257383246,0.3010536390767805,144.36,-38.147
30733,1984-02-25 00:00:00,0.0481279531340475,-0.088241731793528,0.1844976380616232,144.36,-38.147
30734,1984-02-26 00:00:00,0.0245678272143496,-0.1116620547293164,0.1607977091580157,144.36,-38.147
30735,1984-02-27 00:00:00,0.1162477962067999,-0.0204168622459113,0.2529124546595113,144.36,-38.147
30736,1984-02-28 00:00:00,0.2479388881166115,0.1112954667165989,0.3845823095166241,144.36,-38.147
30737,1984-02-29 00:00:00,0.0806751335443266,-0.0556960304761712,0.2170462975648244,144.36,-38.147
30738,1984-03-01 00:00:00,0.0066297803765326,-0.1300270301984649,0.1432865909515303,144.36,-38.147
30739,1984-03-02 00:00:00,-0.0333862575838268,-0.1698148484690928,0.103042333301439,144.36,-38.147
30740,1984-03-03 00:00:00,-0.0006167469807744,-0.1368355585090623,0.1356020645475134,144.36,-38.147
30741,1984-03-04 00:00:00,0.0190429225143388,-0.1171146387584176,0.1552004837870954,144.36,-38.147
30742,1984-03-05 00:00:00,0.0243549087693899,-0.1118203421738738,0.1605301597126538,144.36,-38.147
30743,1984-03-06 00:00:00,0.0355489204164584,-0.1006465115389185,0.1717443523718355,144.36,-38.147
30744,1984-03-07 00:00:00,0.1470122438609183,0.0106021673354401,0.2834223203863965,144.36,-38.147
30745,1984-03-08 00:00:00,0.1076711507207869,-0.0290175018373815,0.2443598032789553,144.36,-38.147
30746,1984-03-09 00:00:00,0.0003796953243167,-0.1359642234999128,0.1367236141485463,144.36,-38.147
30747,1984-03-10 00:00:00,-0.0188396367453428,-0.1551040199243818,0.1174247464336961,144.36,-38.147
30748,1984-03-11 00:00:00,0.1907347744395534,0.0543232226034274,0.3271463262756794,144.36,-38.147
30749,1984-03-12 00:00:00,0.0533055000284281,-0.082923914227497,0.1895349142843534,144.36,-38.147
30750,1984-03-13 00:00:00,0.1326100059214074,-0.0037151904561127,0.2689352022989275,144.36,-38.147
30751,1984-03-14 00:00:00,0.3766549252553999,0.2392908400189583,0.5140190104918415,144.36,-38.147
30752,1984-03-15 00:00:00,0.1260345591466781,-0.0104783462142551,0.2625474645076113,144.36,-38.147
30753,1984-03-16 00:00:00,0.0127468122172708,-0.1234550221155008,0.1489486465500426,144.36,-38.147
30754,1984-03-17 00:00:00,0.009934951511527,-0.1262658829222994,0.1461357859453536,144.36,-38.147
30755,1984-03-18 00:00:00,0.1542367920843533,0.0179275977932704,0.2905459863754361,144.36,-38.147
30756,1984-03-19 00:00:00,0.179606329502881,0.0431156722915067,0.3160969867142554,144.36,-38.147
30757,1984-03-20 00:00:00,0.0273530873375378,-0.1090333499468926,0.1637395246219682,144.36,-38.147
30758,1984-03-21 00:00:00,-0.0116642180260518,-0.147955446251395,0.1246270101992912,144.36,-38.147
30759,1984-03-22 00:00:00,-0.0415457666017778,-0.1780315306959212,0.0949399974923655,144.36,-38.147
30760,1984-03-23 00:00:00,-0.0411372723351201,-0.1777316408990776,0.0954570962288374,144.36,-38.147
30761,1984-03-24 00:00:00,0.0022424641644009,-0.1343526230565044,0.1388375513853063,144.36,-38.147
30762,1984-03-25 00:00:00,0.1640200898477788,0.0267953669571994,0.3012448127383582,144.36,-38.147
30763,1984-03-26 00:00:00,0.238896057158589,0.0999883622791813,0.3778037520379967,144.36,-38.147
30764,1984-03-27 00:00:00,0.414780826617165,0.2744532565021654,0.5551083967321646,144.36,-38.147
30765,1984-03-28 00:00:00,0.0023361481533696,-0.1348376239865281,0.1395099202932674,144.36,-38.147
30766,1984-03-29 00:00:00,0.0024976374757415,-0.1337204411160299,0.138715716067513,144.36,-38.147
30767,1984-03-30 00:00:00,0.112725436398015,-0.0235116096375735,0.2489624824336035,144.36,-38.147
30768,1984-03-31 00:00:00,0.0698207514994568,-0.066393924642634,0.2060354276415476,144.36,-38.147
30769,1984-04-01 00:00:00,0.0338871867908105,-0.1023209619243455,0.1700953355059666,144.36,-38.147
30770,1984-04-02 00:00:00,-0.0200293576901142,-0.1562196863245479,0.1161609709443194,144.36,-38.147
30771,1984-04-03 00:00:00,0.0756218547992216,-0.0606831211176083,0.2119268307160517,144.36,-38.147
30772,1984-04-04 00:00:00,0.0367666602931359,-0.0996543796087789,0.1731877001950508,144.36,-38.147
30773,1984-04-05 00:00:00,0.0292225341260929,-0.1071223010468868,0.1655673692990726,144.36,-38.147
30774,1984-04-06 00:00:00,0.0441366098634925,-0.0921274714355373,0.1804006911625224,144.36,-38.147
30775,1984-04-07 00:00:00,0.0199462298086183,-0.1163460984003884,0.1562385580176251,144.36,-38.147
30776,1984-04-08 00:00:00,0.0043127143738313,-0.1320406222765548,0.1406660510242175,144.36,-38.147
30777,1984-04-09 00:00:00,-0.025815710431189,-0.1621509396448109,0.1105195187824328,144.36,-38.147
30778,1984-04-10 00:00:00,-0.013364047248369,-0.1495772137395611,0.1228491192428229,144.36,-38.147
30779,1984-04-11 00:00:00,-0.0120743752625763,-0.1482559824728249,0.1241072319476723,144.36,-38.147
30780,1984-04-12 00:00:00,0.0318874175641101,-0.1042870446194309,0.1680618797476512,144.36,-38.147
30781,1984-04-13 00:00:00,0.0179225927078781,-0.1182329220031416,0.154078107418898,144.36,-38.147
30782,1984-04-14 00:00:00,0.014190559779825,-0.1219656016423591,0.1503467212020092,144.36,-38.147
30783,1984-04-15 00:00:00,0.0260843909986532,-0.110080321034828,0.1622491030321345,144.36,-38.147
30784,1984-04-16 00:00:00,0.0889341677860285,-0.0473241871208451,0.2251925226929023,144.36,-38.147
30785,1984-04-17 00:00:00,0.1222354844736478,-0.0140243444533428,0.2584953134006384,144.36,-38.147
30786,1984-04-18 00:00:00,0.1322590201818876,-0.0040525809198311,0.2685706212836064,144.36,-38.147
30787,1984-04-19 00:00:00,0.108735739864365,-0.0275943995905261,0.2450658793192562,144.36,-38.147
30788,1984-04-20 00:00:00,0.0303774356676052,-0.1060846346701414,0.1668395060053519,144.36,-38.147
30789,1984-04-21 00:00:00,0.0727258803998831,-0.0638547690940788,0.2093065298938451,144.36,-38.147
30790,1984-04-22 00:00:00,0.0149426344984145,-0.1215331836304306,0.1514184526272596,144.36,-38.147
30791,1984-04-23 00:00:00,0.2401208911536503,0.1023552117157187,0.3778865705915819,144.36,-38.147
30792,1984-04-24 00:00:00,0.2463985669491771,0.1090002067407708,0.3837969271575833,144.36,-38.147
30793,1984-04-25 00:00:00,0.169901993799083,0.0332097151021456,0.3065942724960205,144.36,-38.147
30794,1984-04-26 00:00:00,0.0685048846888532,-0.0677348126181533,0.2047445819958598,144.36,-38.147
30795,1984-04-27 00:00:00,0.1136225233694715,-0.0226793069959107,0.2499243537348537,144.36,-38.147
30796,1984-04-28 00:00:00,0.0147528586417751,-0.1217437668290069,0.1512494841125573,144.36,-38.147
30797,1984-04-29 00:00:00,-0.0690659912486446,-0.205401403886158,0.0672694213888688,144.36,-38.147
30798,1984-04-30 00:00:00,-0.0572941476129771,-0.1935379520780713,0.078949656852117,144.36,-38.147
30799,1984-05-01 00:00:00,0.0187461622876801,-0.1174992264500754,0.1549915510254358,144.36,-38.147
30800,1984-05-02 00:00:00,0.0660654479962079,-0.0701290738580657,0.2022599698504817,144.36,-38.147
30801,1984-05-03 00:00:00,0.1017774922911476,-0.0345031739022654,0.2380581584845607,144.36,-38.147
30802,1984-05-04 00:00:00,0.1436628512249744,0.0073474101053306,0.2799782923446183,144.36,-38.147
30803,1984-05-05 00:00:00,0.0512675843225249,-0.0849859461091046,0.1875211147541545,144.36,-38.147
30804,1984-05-06 00:00:00,0.0211702056225064,-0.1151009822645272,0.1574413935095401,144.36,-38.147
30805,1984-05-07 00:00:00,-0.0222655741734332,-0.1585904074103677,0.1140592590635012,144.36,-38.147
30806,1984-05-08 00:00:00,-0.0386766215605638,-0.1749597776983624,0.0976065345772346,144.36,-38.147
30807,1984-05-09 00:00:00,-0.044432918466015,-0.180681768907308,0.091815931975278,144.36,-38.147
30808,1984-05-10 00:00:00,-0.0005263263879234,-0.1368001755709005,0.1357475227950536,144.36,-38.147
30809,1984-05-11 00:00:00,0.1203217780445184,-0.0164113929414807,0.2570549490305176,144.36,-38.147
30810,1984-05-12 00:00:00,0.2010628711773304,0.0647758610560103,0.3373498812986504,144.36,-38.147
30811,1984-05-13 00:00:00,0.130149373277489,-0.006203113000455,0.266501859555433,144.36,-38.147
30812,1984-05-14 00:00:00,0.0906247748401277,-0.0456282947164264,0.2268778443966819,144.36,-38.147
30813,1984-05-15 00:00:00,0.0453008276008374,-0.0909169005122629,0.1815185557139377,144.36,-38.147
30814,1984-05-16 00:00:00,0.0519742698831326,-0.0842280844440967,0.1881766242103619,144.36,-38.147
30815,1984-05-17 00:00:00,0.092902222996692,-0.0434150593457871,0.2292195053391713,144.36,-38.147
30816,1984-05-18 00:00:00,0.0251067237702322,-0.111169596376945,0.1613830439174096,144.36,-38.147
30817,1984-05-19 00:00:00,0.0915962543742181,-0.0447545490773489,0.2279470578257851,144.36,-38.147
30818,1984-05-20 00:00:00,0.0287254696277393,-0.1077156843518566,0.1651666236073353,144.36,-38.147
30819,1984-05-21 00:00:00,-0.0497135712384481,-0.1861476457011651,0.0867205032242688,144.36,-38.147
30820,1984-05-22 00:00:00,0.0473678448448536,-0.0897257394213275,0.1844614291110348,144.36,-38.147
30821,1984-05-23 00:00:00,0.3083088709431197,0.17110038268316,0.4455173592030794,144.36,-38.147
30822,1984-05-24 00:00:00,0.1095080082766114,-0.026861002040535,0.245877018593758,144.36,-38.147
30823,1984-05-25 00:00:00,0.0084533785278388,-0.1278335487539553,0.144740305809633,144.36,-38.147
30824,1984-05-26 00:00:00,0.0208282914791208,-0.1154235866773891,0.1570801696356308,144.36,-38.147
30825,1984-05-27 00:00:00,0.0384845541946974,-0.0978370810941081,0.1748061894835031,144.36,-38.147
30826,1984-05-28 00:00:00,-0.0156458065702206,-0.1518848198895262,0.120593206749085,144.36,-38.147
30827,1984-05-29 00:00:00,0.0019219907159496,-0.1343814869663117,0.1382254683982109,144.36,-38.147
30828,1984-05-30 00:00:00,0.065479194558217,-0.0708983640623897,0.2018567531788238,144.36,-38.147
30829,1984-05-31 00:00:00,-0.007796169266885,-0.1440344697543217,0.1284421312205515,144.36,-38.147
30830,1984-06-01 00:00:00,0.1651179838129055,0.0285459814928981,0.301689986132913,144.36,-38.147
30831,1984-06-02 00:00:00,0.0816175066358792,-0.0546909883141612,0.2179260015859197,144.36,-38.147
30832,1984-06-03 00:00:00,0.1151348480094689,-0.0212383682921718,0.2515080643111096,144.36,-38.147
30833,1984-06-04 00:00:00,0.0781612334624921,-0.0580865952121976,0.2144090621371819,144.36,-38.147
30834,1984-06-05 00:00:00,-0.0138720521972709,-0.150108881587622,0.12236477719308,144.36,-38.147
30835,1984-06-06 00:00:00,-0.0011535409970206,-0.1374233527050105,0.1351162707109691,144.36,-38.147
30836,1984-06-07 00:00:00,0.0380992836980263,-0.0982192185182344,0.1744177859142872,144.36,-38.147
30837,1984-06-08 00:00:00,0.2688702351360408,0.1322004842404611,0.4055399860316205,144.36,-38.147
30838,1984-06-09 00:00:00,0.0915630979969154,-0.0449424460378422,0.2280686420316732,144.36,-38.147
30839,1984-06-10 00:00:00,0.0449092464828504,-0.0913977139671112,0.1812162069328121,144.36,-38.147
30840,1984-06-11 00:00:00,0.0085750008185234,-0.1276381646305684,0.1447881662676152,144.36,-38.147
30841,1984-06-12 00:00:00,-0.0028526460321649,-0.1390602311316056,0.1333549390672756,144.36,-38.147
30842,1984-06-13 00:00:00,-0.0313833954326771,-0.1675953473142623,0.1048285564489079,144.36,-38.147
30843,1984-06-14 00:00:00,0.0045103198853747,-0.131709837089428,0.1407304768601774,144.36,-38.147
30844,1984-06-15 00:00:00,0.000188260946991,-0.1360453145193631,0.1364218364133453,144.36,-38.147
30845,1984-06-16 00:00:00,0.0678418777638939,-0.0684845200294827,0.2041682755572705,144.36,-38.147
30846,1984-06-17 00:00:00,0.1107095522575292,-0.0256380522971009,0.2470571568121594,144.36,-38.147
30847,1984-06-18 00:00:00,0.0409691038270279,-0.095672581660231,0.1776107893142869,144.36,-38.147
30848,1984-06-19 00:00:00,0.0371662519292963,-0.0998066302377277,0.1741391340963204,144.36,-38.147
30849,1984-06-20 00:00:00,-0.022247655104982,-0.158724738530293,0.1142294283203289,144.36,-38.147
30850,1984-06-21 00:00:00,0.0297404146770938,-0.1065204560773746,0.1660012854315624,144.36,-38.147
30851,1984-06-22 00:00:00,0.0542910132752737,-0.0819383951392069,0.1905204216897545,144.36,-38.147
30852,1984-06-23 00:00:00,0.0993327423435002,-0.0370693015075387,0.2357347861945393,144.36,-38.147
30853,1984-06-24 00:00:00,0.2219112703292393,0.0849455094076435,0.358877031250835,144.36,-38.147
30854,1984-06-25 00:00:00,0.1522042242210729,0.0155157744177781,0.2888926740243678,144.36,-38.147
30855,1984-06-26 00:00:00,0.049262145229359,-0.086943336534352,0.1854676269930701,144.36,-38.147
30856,1984-06-27 00:00:00,0.0102280998560819,-0.125952616988197,0.1464088167003609,144.36,-38.147
30857,1984-06-28 00:00:00,0.0284415606631305,-0.1077705936914036,0.1646537150176648,144.36,-38.147
30858,1984-06-29 00:00:00,0.0605664529638927,-0.0758530291642422,0.1969859350920278,144.36,-38.147
30859,1984-06-30 00:00:00,0.0281505974743662,-0.1083348893877175,0.1646360843364501,144.36,-38.147
30860,1984-07-01 00:00:00,-0.0316192643050759,-0.1679649547912197,0.1047264261810679,144.36,-38.147
30861,1984-07-02 00:00:00,0.149847556306134,0.0130900060456389,0.2866051065666291,144.36,-38.147
30862,1984-07-03 00:00:00,0.2397485323254146,0.1027666966803271,0.3767303679705021,144.36,-38.147
30863,1984-07-04 00:00:00,0.1371325382546787,-9.32360441839586e-05,0.2743583125535415,144.36,-38.147
30864,1984-07-05 00:00:00,-0.0239904022728852,-0.1605623528224511,0.1125815482766806,144.36,-38.147
30865,1984-07-06 00:00:00,0.0003961408009163,-0.1358485814801062,0.136640863081939,144.36,-38.147
30866,1984-07-07 00:00:00,0.0259169080715422,-0.1103523634754202,0.1621861796185046,144.36,-38.147
30867,1984-07-08 00:00:00,0.1283370800627336,-0.0080878537690128,0.2647620138944802,144.36,-38.147
30868,1984-07-09 00:00:00,0.1472881410063513,0.0107990343811004,0.2837772476316023,144.36,-38.147
30869,1984-07-10 00:00:00,0.176800560887776,0.0404295074511213,0.3131716143244307,144.36,-38.147
30870,1984-07-11 00:00:00,0.205529545959842,0.0690562990648165,0.3420027928548675,144.36,-38.147
30871,1984-07-12 00:00:00,0.1116573784881402,-0.0246212736794218,0.2479360306557023,144.36,-38.147
30872,1984-07-13 00:00:00,0.0700909858854308,-0.0662044833583019,0.2063864551291635,144.36,-38.147
30873,1984-07-14 00:00:00,0.000232271390603,-0.1361452820448556,0.1366098248260617,144.36,-38.147
30874,1984-07-15 00:00:00,-0.0749085475980041,-0.2111850315459839,0.0613679363499755,144.36,-38.147
30875,1984-07-16 00:00:00,-0.0768684187039598,-0.213694846956556,0.0599580095486363,144.36,-38.147
30876,1984-07-17 00:00:00,0.0962686983372336,-0.0405888068145735,0.2331262034890409,144.36,-38.147
30877,1984-07-18 00:00:00,0.0632725672986645,-0.0731709018804709,0.1997160364777999,144.36,-38.147
30878,1984-07-19 00:00:00,0.1434136283707395,0.0066287623267542,0.2801984944147248,144.36,-38.147
30879,1984-07-20 00:00:00,0.1179996996201709,-0.0182222365170404,0.2542216357573824,144.36,-38.147
30880,1984-07-21 00:00:00,0.0196429876913312,-0.1165540538341613,0.1558400292168237,144.36,-38.147
30881,1984-07-22 00:00:00,0.0188556789743054,-0.1174198997737586,0.1551312577223696,144.36,-38.147
30882,1984-07-23 00:00:00,0.0185298444997777,-0.1178983174695078,0.1549580064690632,144.36,-38.147
30883,1984-07-24 00:00:00,0.008823333314442,-0.1276297181161936,0.1452763847450776,144.36,-38.147
30884,1984-07-25 00:00:00,0.0131277236128749,-0.1232231068114258,0.1494785540371756,144.36,-38.147
30885,1984-07-26 00:00:00,-0.0320909818029607,-0.1683905370204915,0.10420857341457,144.36,-38.147
30886,1984-07-27 00:00:00,0.0336458259000915,-0.1026174250009622,0.1699090768011453,144.36,-38.147
30887,1984-07-28 00:00:00,0.1283164611843257,-0.008574946134893,0.2652078685035445,144.36,-38.147
30888,1984-07-29 00:00:00,0.1403730211464125,0.0027776669262725,0.2779683753665525,144.36,-38.147
30889,1984-07-30 00:00:00,0.1773815575123373,0.0406215115257304,0.3141416034989443,144.36,-38.147
30890,1984-07-31 00:00:00,0.2417967287006467,0.1047141369564721,0.3788793204448212,144.36,-38.147
30891,1984-08-01 00:00:00,0.1102294500917243,-0.0267779338064598,0.2472368339899085,144.36,-38.147
30892,1984-08-02 00:00:00,0.0891643601495045,-0.0474992764610524,0.2258279967600615,144.36,-38.147
30893,1984-08-03 00:00:00,0.0628428514514415,-0.0735582296183109,0.1992439325211941,144.36,-38.147
30894,1984-08-04 00:00:00,0.0595125720729167,-0.0773972351828833,0.1964223793287169,144.36,-38.147
30895,1984-08-05 00:00:00,-0.0884441054648073,-0.2279585478406899,0.0510703369110752,144.36,-38.147
30896,1984-08-06 00:00:00,0.0833077492408391,-0.055825587693884,0.2224410861755623,144.36,-38.147
30897,1984-08-07 00:00:00,0.1497855810234845,0.013453318185929,0.2861178438610401,144.36,-38.147
30898,1984-08-08 00:00:00,0.0966343053412797,-0.0396361684693313,0.2329047791518907,144.36,-38.147
30899,1984-08-09 00:00:00,0.1319690403212386,-0.0043428642158078,0.2682809448582851,144.36,-38.147
30900,1984-08-10 00:00:00,0.2395920840106662,0.1032335795955982,0.3759505884257342,144.36,-38.147
30901,1984-08-11 00:00:00,0.259350327590407,0.122991640767845,0.395709014412969,144.36,-38.147
30902,1984-08-12 00:00:00,0.1470938971209867,0.0098248857742728,0.2843629084677005,144.36,-38.147
30903,1984-08-13 00:00:00,0.0102233177567981,-0.1269732605879688,0.1474198961015652,144.36,-38.147
30904,1984-08-14 00:00:00,0.0050376133751198,-0.1319412802293193,0.1420165069795591,144.36,-38.147
30905,1984-08-15 00:00:00,0.0202766961820923,-0.1162895837315028,0.1568429760956875,144.36,-38.147
30906,1984-08-16 00:00:00,0.0068308216716721,-0.1295202385364237,0.143181881879768,144.36,-38.147
30907,1984-08-17 00:00:00,0.2455803695825288,0.1089928446977532,0.3821678944673045,144.36,-38.147
30908,1984-08-18 00:00:00,0.3986905358931316,0.2615036044850427,0.5358774673012205,144.36,-38.147
30909,1984-08-19 00:00:00,0.33761621792848,0.2008968718118274,0.4743355640451325,144.36,-38.147
30910,1984-08-20 00:00:00,0.0778559837889753,-0.0586773569417691,0.2143893245197198,144.36,-38.147
30911,1984-08-21 00:00:00,0.4936881132230495,0.3558623398903885,0.6315138865557104,144.36,-38.147
30912,1984-08-22 00:00:00,0.0902965129414394,-0.046941399846907,0.2275344257297859,144.36,-38.147
30913,1984-08-23 00:00:00,0.2221194797826724,0.0854242008837362,0.3588147586816086,144.36,-38.147
30914,1984-08-24 00:00:00,0.1418902268035591,0.0045785689247559,0.2792018846823624,144.36,-38.147
30915,1984-08-25 00:00:00,0.4401228325044992,0.3026270634805046,0.5776186015284939,144.36,-38.147
30916,1984-08-26 00:00:00,0.1509700093433235,0.0144084118076941,0.2875316068789529,144.36,-38.147
30917,1984-08-27 00:00:00,0.3533302235612389,0.2165227974681016,0.4901376496543762,144.36,-38.147
30918,1984-08-28 00:00:00,0.1351041337639907,-0.0017511157997765,0.2719593833277579,144.36,-38.147
30919,1984-08-29 00:00:00,0.1025617843824953,-0.0337509170420249,0.2388744858070156,144.36,-38.147
30920,1984-08-30 00:00:00,0.0086392816106527,-0.127598055919499,0.1448766191408046,144.36,-38.147
30921,1984-08-31 00:00:00,0.0603887270507184,-0.0759745583690772,0.1967520124705141,144.36,-38.147
30922,1984-09-01 00:00:00,0.1687788403450743,0.0322493692359811,0.3053083114541674,144.36,-38.147
30923,1984-09-02 00:00:00,0.1399272161322316,0.0033452650035532,0.27650916726091,144.36,-38.147
30924,1984-09-03 00:00:00,0.1760835175198609,0.039289487748865,0.3128775472908569,144.36,-38.147
30925,1984-09-04 00:00:00,0.198241041592066,0.060825911981881,0.335656171202251,144.36,-38.147
30926,1984-09-05 00:00:00,0.1163675093223129,-0.0200863609878779,0.2528213796325039,144.36,-38.147
30927,1984-09-06 00:00:00,0.0569574332075287,-0.079400838265767,0.1933157046808245,144.36,-38.147
30928,1984-09-07 00:00:00,0.0844279342209586,-0.0518552957835201,0.2207111642254374,144.36,-38.147
30929,1984-09-08 00:00:00,0.113180092051033,-0.023101961353708,0.2494621454557741,144.36,-38.147
30930,1984-09-09 00:00:00,0.0743940968734623,-0.0618197018666447,0.2106078956135694,144.36,-38.147
30931,1984-09-10 00:00:00,0.0457156688393896,-0.0905844080964206,0.1820157457751998,144.36,-38.147
30932,1984-09-11 00:00:00,0.328024095293931,0.1912220886738287,0.4648261019140333,144.36,-38.147
30933,1984-09-12 00:00:00,0.113874947188574,-0.0225550227197474,0.2503049170968955,144.36,-38.147
30934,1984-09-13 00:00:00,0.0389640609475054,-0.0973624700666976,0.1752905919617085,144.36,-38.147
30935,1984-09-14 00:00:00,0.060618215440624,-0.0755843590830574,0.1968207899643056,144.36,-38.147
30936,1984-09-15 00:00:00,0.0275701484109522,-0.1086750718679178,0.1638153686898224,144.36,-38.147
30937,1984-09-16 00:00:00,0.0221178944251168,-0.1143391410023425,0.1585749298525762,144.36,-38.147
30938,1984-09-17 00:00:00,0.2673062341727461,0.1302334976731525,0.4043789706723397,144.36,-38.147
30939,1984-09-18 00:00:00,0.1540362312565308,0.0163931827912048,0.2916792797218569,144.36,-38.147
30940,1984-09-19 00:00:00,0.0636742713235148,-0.0744562853875401,0.2018048280345698,144.36,-38.147
30941,1984-09-20 00:00:00,0.0849624230543792,-0.0520423263239532,0.2219671724327118,144.36,-38.147
30942,1984-09-21 00:00:00,0.1123168928232338,-0.0239507610729072,0.2485845467193749,144.36,-38.147
30943,1984-09-22 00:00:00,0.1542476986317665,0.017982023371714,0.2905133738918189,144.36,-38.147
30944,1984-09-23 00:00:00,0.1572696259260618,0.0210058446243007,0.293533407227823,144.36,-38.147
30945,1984-09-24 00:00:00,0.249497057803181,0.1131810160078918,0.3858130995984703,144.36,-38.147
30946,1984-09-25 00:00:00,0.1019345886663886,-0.0344378304645986,0.2383070077973759,144.36,-38.147
30947,1984-09-26 00:00:00,0.0753752133712962,-0.0609970659762975,0.21174749271889,144.36,-38.147
30948,1984-09-27 00:00:00,0.0868097320721474,-0.0494385854074543,0.2230580495517492,144.36,-38.147
30949,1984-09-28 00:00:00,0.1514713515519966,0.0151706221885616,0.2877720809154315,144.36,-38.147
30950,1984-09-29 00:00:00,0.0556445999527406,-0.0816644907776333,0.1929536906831147,144.36,-38.147
30951,1984-09-30 00:00:00,-0.0940767763973042,-0.231245264276301,0.0430917114816926,144.36,-38.147
30952,1984-10-01 00:00:00,-0.0377875599321201,-0.1740191611894166,0.0984440413251762,144.36,-38.147
30953,1984-10-02 00:00:00,0.0218015811660456,-0.1146054739353258,0.1582086362674171,144.36,-38.147
30954,1984-10-03 00:00:00,0.123689706438774,-0.0128045128849226,0.2601839257624707,144.36,-38.147
30955,1984-10-04 00:00:00,0.2464223422949466,0.10963283135071,0.3832118532391832,144.36,-38.147
30956,1984-10-05 00:00:00,0.0688970623411692,-0.0673388793326451,0.2051330040149836,144.36,-38.147
30957,1984-10-06 00:00:00,0.0170724416946212,-0.1191269465543822,0.1532718299436248,144.36,-38.147
30958,1984-10-07 00:00:00,-0.0212884111867408,-0.1575221691816427,0.1149453468081609,144.36,-38.147
30959,1984-10-08 00:00:00,0.0076727064473215,-0.1287187875354907,0.1440642004301338,144.36,-38.147
30960,1984-10-09 00:00:00,0.2179226303159814,0.0808614898524363,0.3549837707795266,144.36,-38.147
30961,1984-10-10 00:00:00,0.2070962298228749,0.0704003049571128,0.343792154688637,144.36,-38.147
30962,1984-10-11 00:00:00,0.0928024386570597,-0.0436349552354565,0.229239832549576,144.36,-38.147
30963,1984-10-12 00:00:00,0.0867727603259642,-0.0495703932262137,0.2231159138781423,144.36,-38.147
30964,1984-10-13 00:00:00,0.1986742854310079,0.0622817283948212,0.3350668424671946,144.36,-38.147
30965,1984-10-14 00:00:00,0.1189762172593886,-0.0173676018651723,0.2553200363839497,144.36,-38.147
30966,1984-10-15 00:00:00,0.1038603720965898,-0.032366856311629,0.2400876005048087,144.36,-38.147
30967,1984-10-16 00:00:00,0.2829628454847858,0.1457352130075166,0.4201904779620549,144.36,-38.147
30968,1984-10-17 00:00:00,0.1081613271200475,-0.0293022284051953,0.2456248826452904,144.36,-38.147
30969,1984-10-18 00:00:00,0.0265055021304583,-0.1099519564483589,0.1629629607092756,144.36,-38.147
30970,1984-10-19 00:00:00,0.0247996170829931,-0.1114311142086967,0.161030348374683,144.36,-38.147
30971,1984-10-20 00:00:00,0.0397737351182441,-0.0964610512464603,0.1760085214829486,144.36,-38.147
30972,1984-10-21 00:00:00,0.0070312556512553,-0.1291895753127946,0.1432520866153052,144.36,-38.147
30973,1984-10-22 00:00:00,-0.0332184029972136,-0.1694100966536105,0.1029732906591832,144.36,-38.147
30974,1984-10-23 00:00:00,0.019446971910881,-0.1167703723000758,0.1556643161218379,144.36,-38.147
30975,1984-10-24 00:00:00,0.0932020364011026,-0.0430984264932239,0.2295024992954291,144.36,-38.147
30976,1984-10-25 00:00:00,0.161084869462505,0.0247361541591624,0.2974335847658476,144.36,-38.147
30977,1984-10-26 00:00:00,0.0938574156184001,-0.0423322691839555,0.2300471004207557,144.36,-38.147
30978,1984-10-27 00:00:00,0.0300751233218067,-0.106143459817887,0.1662937064615006,144.36,-38.147
30979,1984-10-28 00:00:00,0.081933280577245,-0.0543449986767681,0.2182115598312582,144.36,-38.147
30980,1984-10-29 00:00:00,0.0623576985799894,-0.0739415366203613,0.1986569337803402,144.36,-38.147
30981,1984-10-30 00:00:00,-0.0047103921827485,-0.1409956637127509,0.1315748793472537,144.36,-38.147
30982,1984-10-31 00:00:00,-0.0485024229130912,-0.1848794716740954,0.0878746258479129,144.36,-38.147
30983,1984-11-01 00:00:00,-0.0008304885275886,-0.1373017866878646,0.1356408096326873,144.36,-38.147
30984,1984-11-02 00:00:00,0.1049930377234837,-0.031502310315367,0.2414883857623344,144.36,-38.147
30985,1984-11-03 00:00:00,0.1194034577918564,-0.0169086266898833,0.2557155422735961,144.36,-38.147
30986,1984-11-04 00:00:00,0.0783897006800139,-0.0578204820314883,0.2145998833915161,144.36,-38.147
30987,1984-11-05 00:00:00,0.0325811735875398,-0.1036641973461819,0.1688265445212615,144.36,-38.147
30988,1984-11-06 00:00:00,-0.0022764659623103,-0.1385515842042983,0.1339986522796776,144.36,-38.147
30989,1984-11-07 00:00:00,-0.0497846502620203,-0.1861471012132761,0.0865778006892355,144.36,-38.147
30990,1984-11-08 00:00:00,0.0139157489872688,-0.1223852477402839,0.1502167457148217,144.36,-38.147
30991,1984-11-09 00:00:00,0.0407757421078296,-0.095460874427619,0.1770123586432783,144.36,-38.147
30992,1984-11-10 00:00:00,0.0908184412425958,-0.0454429993644706,0.2270798818496622,144.36,-38.147
30993,1984-11-11 00:00:00,0.1795915734703823,0.0432661124250828,0.3159170345156817,144.36,-38.147
30994,1984-11-12 00:00:00,0.1525937015988765,0.0162362899767165,0.2889511132210366,144.36,-38.147
30995,1984-11-13 00:00:00,0.1452894897209354,0.0088422829780168,0.2817366964638539,144.36,-38.147
30996,1984-11-14 00:00:00,0.1179421276359606,-0.0183846890078812,0.2542689442798026,144.36,-38.147
30997,1984-11-15 00:00:00,0.0462623133120747,-0.0901281170714518,0.1826527436956013,144.36,-38.147
30998,1984-11-16 00:00:00,-0.0674908724113073,-0.2038414397817869,0.0688596949591723,144.36,-38.147
30999,1984-11-17 00:00:00,0.0585911705711502,-0.0777306871270654,0.1949130282693659,144.36,-38.147
31000,1984-11-18 00:00:00,0.0072264371010369,-0.1290987313277204,0.1435516055297944,144.36,-38.147
31001,1984-11-19 00:00:00,0.0685840174692867,-0.0678714229608951,0.2050394578994687,144.36,-38.147
31002,1984-11-20 00:00:00,0.2241304741676884,0.0875814356901297,0.360679512645247,144.36,-38.147
31003,1984-11-21 00:00:00,0.3034320350900251,0.1668944326592762,0.439969637520774,144.36,-38.147
31004,1984-11-22 00:00:00,0.2361428106854573,0.0993591208786502,0.3729265004922644,144.36,-38.147
31005,1984-11-23 00:00:00,0.1924146964843461,0.0559359952510388,0.3288933977176534,144.36,-38.147
31006,1984-11-24 00:00:00,0.1085266373076829,-0.028067008934809,0.2451202835501749,144.36,-38.147
31007,1984-11-25 00:00:00,-0.0274798837646792,-0.163780511000626,0.1088207434712675,144.36,-38.147
31008,1984-11-26 00:00:00,0.0065038797374463,-0.1298592536166504,0.1428670130915429,144.36,-38.147
31009,1984-11-27 00:00:00,0.0945408912375529,-0.0429270415348149,0.2320088240099208,144.36,-38.147
31010,1984-11-28 00:00:00,0.2786165812806674,0.1410410131940205,0.4161921493673144,144.36,-38.147
31011,1984-11-29 00:00:00,0.2015320588466588,0.0650184735254791,0.3380456441678385,144.36,-38.147
31012,1984-11-30 00:00:00,0.1236967684602394,-0.013042285795619,0.260435822716098,144.36,-38.147
31013,1984-12-01 00:00:00,0.1022107140418108,-0.034008615858175,0.2384300439417966,144.36,-38.147
31014,1984-12-02 00:00:00,0.1558962840935359,0.0196628845330808,0.292129683653991,144.36,-38.147
31015,1984-12-03 00:00:00,0.2568768130758011,0.1205135566369421,0.39324006951466,144.36,-38.147
31016,1984-12-04 00:00:00,0.1807320966983761,0.0443441944136909,0.3171199989830612,144.36,-38.147
31017,1984-12-05 00:00:00,0.0725064387425072,-0.0638529446541382,0.2088658221391526,144.36,-38.147
31018,1984-12-06 00:00:00,0.0534423842257615,-0.0827763391556126,0.1896611076071357,144.36,-38.147
31019,1984-12-07 00:00:00,0.0323412934551043,-0.1038743270318362,0.1685569139420449,144.36,-38.147
31020,1984-12-08 00:00:00,0.0078961200624135,-0.1284039433128043,0.1441961834376314,144.36,-38.147
31021,1984-12-09 00:00:00,0.008573942400975,-0.1279575007119572,0.1451053855139074,144.36,-38.147
31022,1984-12-10 00:00:00,0.0197975108238614,-0.1171136969961206,0.1567087186438436,144.36,-38.147
31023,1984-12-11 00:00:00,0.0728883243121036,-0.0642655072940841,0.2100421559182914,144.36,-38.147
31024,1984-12-12 00:00:00,0.3077529571620134,0.1705903396901214,0.4449155746339055,144.36,-38.147
31025,1984-12-13 00:00:00,0.1942493879165251,0.0578199479050952,0.3306788279279551,144.36,-38.147
31026,1984-12-14 00:00:00,0.1190436971868432,-0.0173337701672448,0.2554211645409312,144.36,-38.147
31027,1984-12-15 00:00:00,0.3478934595110304,0.2112123579167925,0.4845745611052682,144.36,-38.147
31028,1984-12-16 00:00:00,0.1438751910739831,0.0074611880037286,0.2802891941442375,144.36,-38.147
31029,1984-12-17 00:00:00,0.1514759568281465,0.0152622534183765,0.2876896602379164,144.36,-38.147
31030,1984-12-18 00:00:00,0.2377246770221139,0.1012288880609583,0.3742204659832694,144.36,-38.147
31031,1984-12-19 00:00:00,0.3007194056101064,0.1639499297937079,0.4374888814265049,144.36,-38.147
31032,1984-12-20 00:00:00,0.4352966267626252,0.2983193905646568,0.5722738629605937,144.36,-38.147
31033,1984-12-21 00:00:00,0.1764960019590946,0.0397467144967065,0.3132452894214827,144.36,-38.147
31034,1984-12-22 00:00:00,0.1501113437352557,0.0137353781047607,0.2864873093657508,144.36,-38.147
31035,1984-12-23 00:00:00,0.1139892268512542,-0.0223268180029272,0.2503052717054357,144.36,-38.147
31036,1984-12-24 00:00:00,0.1059962943599844,-0.0303303195758454,0.2423229082958143,144.36,-38.147
31037,1984-12-25 00:00:00,0.1052769048057539,-0.0314086931855683,0.2419625027970762,144.36,-38.147
31038,1984-12-26 00:00:00,0.2154544737535824,0.0783349549515756,0.3525739925555893,144.36,-38.147
31039,1984-12-27 00:00:00,0.0189729735396237,-0.1175543669320274,0.1555003140112749,144.36,-38.147
31040,1984-12-28 00:00:00,-0.0071005969562018,-0.143773187957876,0.1295719940454723,144.36,-38.147
31041,1984-12-29 00:00:00,0.0449474874717824,-0.0919147814963787,0.1818097564399436,144.36,-38.147
31042,1984-12-30 00:00:00,0.0677164285511861,-0.0686693023606144,0.2041021594629868,144.36,-38.147
31043,1984-12-31 00:00:00,0.0790841705177628,-0.0572501268088813,0.2154184678444069,144.36,-38.147
31044,1985-01-01 00:00:00,0.0842879113631505,-0.052055679506411,0.220631502232712,144.36,-38.147
31045,1985-01-02 00:00:00,0.1283431319768293,-0.0078949131823279,0.2645811771359866,144.36,-38.147
31046,1985-01-03 00:00:00,0.2333671628544402,0.0968601269108214,0.369874198798059,144.36,-38.147
31047,1985-01-04 00:00:00,0.1371136028284427,0.0007598099374512,0.2734673957194342,144.36,-38.147
31048,1985-01-05 00:00:00,0.3104067987271268,0.1739278577270143,0.4468857397272393,144.36,-38.147
31049,1985-01-06 00:00:00,0.165124201184219,0.028660919635451,0.3015874827329869,144.36,-38.147
31050,1985-01-07 00:00:00,0.1190666595332041,-0.0172413159197374,0.2553746349861457,144.36,-38.147
31051,1985-01-08 00:00:00,0.0926117935909298,-0.0435833988296546,0.2288069860115143,144.36,-38.147
31052,1985-01-09 00:00:00,0.2480538881685751,0.1113100758376926,0.3847977004994576,144.36,-38.147
31053,1985-01-10 00:00:00,0.1949564384454835,0.0580490846643138,0.3318637922266532,144.36,-38.147
31054,1985-01-11 00:00:00,0.0869076269247016,-0.0495455716617641,0.2233608255111675,144.36,-38.147
31055,1985-01-12 00:00:00,0.0286182161466414,-0.1076372388866983,0.1648736711799812,144.36,-38.147
31056,1985-01-13 00:00:00,0.0417525505301973,-0.094428792389747,0.1779338934501416,144.36,-38.147
31057,1985-01-14 00:00:00,0.0378874825490395,-0.0985879578993971,0.1743629229974762,144.36,-38.147
31058,1985-01-15 00:00:00,0.1635713999972393,0.0264524389844011,0.3006903610100774,144.36,-38.147
31059,1985-01-16 00:00:00,0.0269863355611107,-0.1095536063862914,0.163526277508513,144.36,-38.147
31060,1985-01-17 00:00:00,0.1588505683671847,0.0224567345023192,0.2952444022320502,144.36,-38.147
31061,1985-01-18 00:00:00,0.1032567192160955,-0.0330384192457839,0.239551857677975,144.36,-38.147
31062,1985-01-19 00:00:00,0.0290645058201217,-0.1071775282830884,0.165306539923332,144.36,-38.147
31063,1985-01-20 00:00:00,0.0368852364231116,-0.0994351683211861,0.1732056411674093,144.36,-38.147
31064,1985-01-21 00:00:00,-0.0005097507694294,-0.1368448777393612,0.1358253762005023,144.36,-38.147
31065,1985-01-22 00:00:00,0.1003909526775968,-0.0358816591190379,0.2366635644742317,144.36,-38.147
31066,1985-01-23 00:00:00,0.1197591424531155,-0.0164684757808301,0.2559867606870611,144.36,-38.147
31067,1985-01-24 00:00:00,0.0852033002958749,-0.0509999685571991,0.221406569148949,144.36,-38.147
31068,1985-01-25 00:00:00,0.0210514431011214,-0.1151459748965041,0.157248861098747,144.36,-38.147
31069,1985-01-26 00:00:00,0.0037520973122795,-0.1324864924041018,0.1399906870286608,144.36,-38.147
31070,1985-01-27 00:00:00,0.1229311348738331,-0.0134367788178568,0.2592990485655231,144.36,-38.147
31071,1985-01-28 00:00:00,0.1018983534460938,-0.0344356385570226,0.2382323454492103,144.36,-38.147
31072,1985-01-29 00:00:00,0.0340797669969146,-0.1021643572504702,0.1703238912442994,144.36,-38.147
31073,1985-01-30 00:00:00,0.0451820567755571,-0.0910455793031019,0.1814096928542162,144.36,-38.147
31074,1985-01-31 00:00:00,0.3055206904894612,0.1689112901960782,0.4421300907828442,144.36,-38.147
31075,1985-02-01 00:00:00,0.064866369983604,-0.0717477834924256,0.2014805234596337,144.36,-38.147
31076,1985-02-02 00:00:00,-0.0339516965380443,-0.1701807803662754,0.1022773872901867,144.36,-38.147
31077,1985-02-03 00:00:00,0.0220647759880517,-0.1141449574161772,0.1582745093922806,144.36,-38.147
31078,1985-02-04 00:00:00,0.0937161388063046,-0.042694975844825,0.2301272534574343,144.36,-38.147
31079,1985-02-05 00:00:00,0.0336433798603314,-0.1028835157789346,0.1701702754995975,144.36,-38.147
31080,1985-02-06 00:00:00,0.0707959556256578,-0.0655839909669542,0.2071759022182698,144.36,-38.147
31081,1985-02-07 00:00:00,0.0843836773724383,-0.0525996583463375,0.2213670130912143,144.36,-38.147
31082,1985-02-08 00:00:00,-0.0051389934244656,-0.1417658493019438,0.1314878624530126,144.36,-38.147
31083,1985-02-09 00:00:00,-0.0523648658098776,-0.1888179425007637,0.0840882108810085,144.36,-38.147
31084,1985-02-10 00:00:00,0.0106312116366748,-0.1256943230760441,0.1469567463493939,144.36,-38.147
31085,1985-02-11 00:00:00,-0.0300734438404596,-0.1664278208244336,0.1062809331435143,144.36,-38.147
31086,1985-02-12 00:00:00,0.0087160444246406,-0.1275601825117435,0.1449922713610248,144.36,-38.147
31087,1985-02-13 00:00:00,0.108498980675471,-0.0278406934246045,0.2448386547755465,144.36,-38.147
31088,1985-02-14 00:00:00,0.1026914870089779,-0.033674521238401,0.2390574952563569,144.36,-38.147
31089,1985-02-15 00:00:00,-0.0095276256104947,-0.1458249980453185,0.1267697468243291,144.36,-38.147
31090,1985-02-16 00:00:00,0.1592483992889437,0.0225053665412285,0.295991432036659,144.36,-38.147
31091,1985-02-17 00:00:00,0.0823929300708969,-0.0543594638979683,0.2191453240397622,144.36,-38.147
31092,1985-02-18 00:00:00,-0.0095013745479654,-0.1457574257677027,0.1267546766717718,144.36,-38.147
31093,1985-02-19 00:00:00,-0.0194377751680591,-0.1556948967790728,0.1168193464429544,144.36,-38.147
31094,1985-02-20 00:00:00,0.04295383548341,-0.0933933996864978,0.1793010706533179,144.36,-38.147
31095,1985-02-21 00:00:00,-0.0275305958739845,-0.1639371182767127,0.1088759265287437,144.36,-38.147
31096,1985-02-22 00:00:00,0.0797473815038039,-0.056845841345319,0.2163406043529268,144.36,-38.147
31097,1985-02-23 00:00:00,0.1136590121579343,-0.0229410745847629,0.2502590989006317,144.36,-38.147
31098,1985-02-24 00:00:00,-0.0116797503900736,-0.1480326341892526,0.1246731334091054,144.36,-38.147
31099,1985-02-25 00:00:00,0.0751522099329645,-0.0611254740249381,0.2114298938908672,144.36,-38.147
31100,1985-02-26 00:00:00,0.1377180407594162,0.0012300330715285,0.2742060484473039,144.36,-38.147
31101,1985-02-27 00:00:00,0.0413180256537961,-0.0950965976308445,0.1777326489384367,144.36,-38.147
31102,1985-02-28 00:00:00,0.232386548639401,0.095726932129266,0.3690461651495361,144.36,-38.147
31103,1985-03-01 00:00:00,0.089720502684638,-0.0466830747466572,0.2261240801159334,144.36,-38.147
31104,1985-03-02 00:00:00,0.4024089441610609,0.2646442246620113,0.5401736636601104,144.36,-38.147
31105,1985-03-03 00:00:00,0.0849429156451152,-0.0527011932665621,0.2225870245567925,144.36,-38.147
31106,1985-03-04 00:00:00,0.2598630560419945,0.1232687326898991,0.39645737939409,144.36,-38.147
31107,1985-03-05 00:00:00,0.1762409648481831,0.0394583276838778,0.3130236020124884,144.36,-38.147
31108,1985-03-06 00:00:00,0.0368277446330406,-0.0996036290176327,0.1732591182837141,144.36,-38.147
31109,1985-03-07 00:00:00,0.0174798540005258,-0.1187195299246417,0.1536792379256935,144.36,-38.147
31110,1985-03-08 00:00:00,0.0306949554674158,-0.1055406159656582,0.1669305269004899,144.36,-38.147
31111,1985-03-09 00:00:00,0.016438483601068,-0.1197755024938677,0.1526524696960038,144.36,-38.147
31112,1985-03-10 00:00:00,0.0089865153308427,-0.1272366079748054,0.145209638636491,144.36,-38.147
31113,1985-03-11 00:00:00,0.029318495007069,-0.1069328395814013,0.1655698295955394,144.36,-38.147
31114,1985-03-12 00:00:00,0.0553900579072739,-0.0809663735860147,0.1917464894005625,144.36,-38.147
31115,1985-03-13 00:00:00,-0.0475677669073872,-0.1853075405181452,0.0901720067033708,144.36,-38.147
31116,1985-03-14 00:00:00,0.0172267946227972,-0.1203989578297915,0.154852547075386,144.36,-38.147
31117,1985-03-15 00:00:00,0.0632566830039749,-0.0730691974219107,0.1995825634298607,144.36,-38.147
31118,1985-03-16 00:00:00,0.0266204003507144,-0.1097156813362461,0.162956482037675,144.36,-38.147
31119,1985-03-17 00:00:00,0.0414133382794032,-0.0949482147215007,0.1777748912803073,144.36,-38.147
31120,1985-03-18 00:00:00,0.0084627673945316,-0.1278820058280601,0.1448075406171234,144.36,-38.147
31121,1985-03-19 00:00:00,-0.0343677936716629,-0.1707632573641502,0.1020276700208243,144.36,-38.147
31122,1985-03-20 00:00:00,-0.0185096673412944,-0.154875508591379,0.11785617390879,144.36,-38.147
31123,1985-03-21 00:00:00,0.0362054912196627,-0.1001459600379698,0.1725569424772953,144.36,-38.147
31124,1985-03-22 00:00:00,-0.0169241988631147,-0.1531817810339702,0.1193333833077408,144.36,-38.147
31125,1985-03-23 00:00:00,0.0260071599375355,-0.1102682052233454,0.1622825250984165,144.36,-38.147
31126,1985-03-24 00:00:00,0.0695811519718649,-0.0666988487215515,0.2058611526652814,144.36,-38.147
31127,1985-03-25 00:00:00,0.0195951993760218,-0.1166907860284799,0.1558811847805235,144.36,-38.147
31128,1985-03-26 00:00:00,-0.044083425734759,-0.1803704469605021,0.092203595490984,144.36,-38.147
31129,1985-03-27 00:00:00,-0.0300926479758646,-0.1663388787189655,0.1061535827672363,144.36,-38.147
31130,1985-03-28 00:00:00,0.0086869009206468,-0.1274926211015095,0.1448664229428032,144.36,-38.147
31131,1985-03-29 00:00:00,0.0223540733786048,-0.1138484924321067,0.1585566391893164,144.36,-38.147
31132,1985-03-30 00:00:00,-0.0061102508938512,-0.142362499046961,0.1301419972592586,144.36,-38.147
31133,1985-03-31 00:00:00,0.0020986395039236,-0.1342484032831407,0.1384456822909879,144.36,-38.147
31134,1985-04-01 00:00:00,0.0726924068726914,-0.0636745104450132,0.2090593241903962,144.36,-38.147
31135,1985-04-02 00:00:00,0.1646784335006672,0.0278695637843383,0.3014873032169962,144.36,-38.147
31136,1985-04-03 00:00:00,0.0743103046596603,-0.0622966071153289,0.2109172164346496,144.36,-38.147
31137,1985-04-04 00:00:00,0.0409837314329544,-0.095302730744868,0.177270193610777,144.36,-38.147
31138,1985-04-05 00:00:00,0.015009472435114,-0.121229699828304,0.151248644698532,144.36,-38.147
31139,1985-04-06 00:00:00,0.0106040534354638,-0.1257584312359045,0.1469665381068322,144.36,-38.147
31140,1985-04-07 00:00:00,-0.010674844077409,-0.1469739067205678,0.1256242185657497,144.36,-38.147
31141,1985-04-08 00:00:00,0.0307610443142895,-0.1055401454210925,0.1670622340496717,144.36,-38.147
31142,1985-04-09 00:00:00,0.0379813139401326,-0.098243541168643,0.1742061690489083,144.36,-38.147
31143,1985-04-10 00:00:00,-0.0025243500840261,-0.1387173377560242,0.1336686375879719,144.36,-38.147
31144,1985-04-11 00:00:00,0.0395543348380397,-0.0966639862249242,0.1757726559010037,144.36,-38.147
31145,1985-04-12 00:00:00,0.0799341598362747,-0.0564061522469464,0.216274471919496,144.36,-38.147
31146,1985-04-13 00:00:00,0.0929592395684426,-0.0435034355348209,0.2294219146717062,144.36,-38.147
31147,1985-04-14 00:00:00,0.066501496953418,-0.0702767425383801,0.2032797364452163,144.36,-38.147
31148,1985-04-15 00:00:00,0.2866184955458501,0.1495582218393815,0.4236787692523187,144.36,-38.147
31149,1985-04-16 00:00:00,0.2180331212741249,0.0812150931160585,0.3548511494321913,144.36,-38.147
31150,1985-04-17 00:00:00,0.209480144215797,0.0730524024203249,0.3459078860112692,144.36,-38.147
31151,1985-04-18 00:00:00,0.2086626399581115,0.071937920907821,0.345387359008402,144.36,-38.147
31152,1985-04-19 00:00:00,0.1590593685208036,0.0217637821982017,0.2963549548434054,144.36,-38.147
31153,1985-04-20 00:00:00,-0.0034543834976493,-0.1403442035081145,0.1334354365128158,144.36,-38.147
31154,1985-04-21 00:00:00,-0.0439925233077887,-0.1802968035558118,0.0923117569402343,144.36,-38.147
31155,1985-04-22 00:00:00,-0.0180846116282058,-0.1542951783496228,0.1181259550932111,144.36,-38.147
31156,1985-04-23 00:00:00,-0.0603663243555677,-0.196600494611171,0.0758678459000356,144.36,-38.147
31157,1985-04-24 00:00:00,-0.0381443395546639,-0.1743667715202995,0.0980780924109716,144.36,-38.147
31158,1985-04-25 00:00:00,-0.0029773752999666,-0.1391791260531445,0.1332243754532112,144.36,-38.147
31159,1985-04-26 00:00:00,0.0085359980572649,-0.1276662492303579,0.1447382453448878,144.36,-38.147
31160,1985-04-27 00:00:00,0.034617797848105,-0.1015734597204926,0.1708090554167027,144.36,-38.147
31161,1985-04-28 00:00:00,0.0461710878403153,-0.0900518190754529,0.1823939947560836,144.36,-38.147
31162,1985-04-29 00:00:00,0.0537426998497092,-0.0824974127050526,0.189982812404471,144.36,-38.147
31163,1985-04-30 00:00:00,0.0301091989665805,-0.1061316051172824,0.1663500030504434,144.36,-38.147
31164,1985-05-01 00:00:00,-0.0171717229822961,-0.1533981110365803,0.1190546650719879,144.36,-38.147
31165,1985-05-02 00:00:00,-0.0213732027089565,-0.1575765754688297,0.1148301700509165,144.36,-38.147
31166,1985-05-03 00:00:00,-0.010647502908152,-0.1468626291649817,0.1255676233486776,144.36,-38.147
31167,1985-05-04 00:00:00,0.0182257508439378,-0.1179655481118942,0.1544170497997698,144.36,-38.147
31168,1985-05-05 00:00:00,0.0511809491695072,-0.0850546571168204,0.1874165554558349,144.36,-38.147
31169,1985-05-06 00:00:00,0.1390709279203643,0.0024864809057436,0.2756553749349849,144.36,-38.147
31170,1985-05-07 00:00:00,0.2223103294293481,0.0855261120123908,0.3590945468463054,144.36,-38.147
31171,1985-05-08 00:00:00,0.2083710152537089,0.0718279116568671,0.3449141188505508,144.36,-38.147
31172,1985-05-09 00:00:00,0.0956274371926901,-0.0407097207273401,0.2319645951127203,144.36,-38.147
31173,1985-05-10 00:00:00,0.1077773185242674,-0.0284595585249302,0.2440141955734651,144.36,-38.147
31174,1985-05-11 00:00:00,0.0731765589230731,-0.0630278139733173,0.2093809318194636,144.36,-38.147
31175,1985-05-12 00:00:00,-0.0227445058675385,-0.1589845890580777,0.1134955773230007,144.36,-38.147
31176,1985-05-13 00:00:00,-0.0737029749785813,-0.2099461193187728,0.0625401693616101,144.36,-38.147
31177,1985-05-14 00:00:00,-0.0020982171254203,-0.1384033484913281,0.1342069142404874,144.36,-38.147
31178,1985-05-15 00:00:00,0.1097985996484915,-0.0266109295648572,0.2462081288618403,144.36,-38.147
31179,1985-05-16 00:00:00,0.1290715886879393,-0.0072542347461419,0.2653974121220206,144.36,-38.147
31180,1985-05-17 00:00:00,0.0717148169721509,-0.0646106950889205,0.2080403290332224,144.36,-38.147
31181,1985-05-18 00:00:00,0.076458415908191,-0.060075222482808,0.21299205429919,144.36,-38.147
31182,1985-05-19 00:00:00,0.0278996494874635,-0.1086435231868546,0.1644428221617817,144.36,-38.147
31183,1985-05-20 00:00:00,-0.0202871953039711,-0.1566254194255663,0.1160510288176241,144.36,-38.147
31184,1985-05-21 00:00:00,-0.0398473219364072,-0.1760464057857773,0.0963517619129629,144.36,-38.147
31185,1985-05-22 00:00:00,0.0276002264061124,-0.1086500901924206,0.1638505430046455,144.36,-38.147
31186,1985-05-23 00:00:00,0.0750160902143198,-0.061369434917109,0.2114016153457487,144.36,-38.147
31187,1985-05-24 00:00:00,-0.0227300485062944,-0.1589619683995763,0.1135018713869875,144.36,-38.147
31188,1985-05-25 00:00:00,-0.0367347853520119,-0.1729202120048451,0.0994506413008211,144.36,-38.147
31189,1985-05-26 00:00:00,-0.0072826525131579,-0.143472817337084,0.1289075123107681,144.36,-38.147
31190,1985-05-27 00:00:00,0.0026848603393845,-0.1335477682077947,0.1389174888865638,144.36,-38.147
31191,1985-05-28 00:00:00,0.0157287303086237,-0.120670932374372,0.1521283929916194,144.36,-38.147
31192,1985-05-29 00:00:00,0.1220514026120194,-0.0149484623980253,0.2590512676220642,144.36,-38.147
31193,1985-05-30 00:00:00,0.0818357861627981,-0.0547537085187776,0.2184252808443738,144.36,-38.147
31194,1985-05-31 00:00:00,0.1284935380969951,-0.0077759774478593,0.2647630536418496,144.36,-38.147
31195,1985-06-01 00:00:00,0.0166976025280198,-0.1195574113197801,0.1529526163758197,144.36,-38.147
31196,1985-06-02 00:00:00,0.1450991067430468,0.0086218188934066,0.2815763945926871,144.36,-38.147
31197,1985-06-03 00:00:00,0.1438250513288793,0.0072385198078261,0.2804115828499326,144.36,-38.147
31198,1985-06-04 00:00:00,0.1865972156110457,0.0502280859571793,0.3229663452649122,144.36,-38.147
31199,1985-06-05 00:00:00,0.0787147419335124,-0.0580889367992931,0.215518420666318,144.36,-38.147
31200,1985-06-06 00:00:00,0.0093196473010593,-0.1273921350026485,0.1460314296047671,144.36,-38.147
31201,1985-06-07 00:00:00,-0.0291565180496369,-0.1654699215015854,0.1071568854023115,144.36,-38.147
31202,1985-06-08 00:00:00,-0.0276629275998244,-0.1639604869330937,0.1086346317334449,144.36,-38.147
31203,1985-06-09 00:00:00,0.0526791292921057,-0.0836950286862734,0.189053287270485,144.36,-38.147
31204,1985-06-10 00:00:00,0.1381433103213965,0.0017306829525954,0.2745559376901976,144.36,-38.147
31205,1985-06-11 00:00:00,0.2029517009133613,0.0665996329447188,0.3393037688820038,144.36,-38.147
31206,1985-06-12 00:00:00,0.2324481516212236,0.0959089249316178,0.3689873783108294,144.36,-38.147
31207,1985-06-13 00:00:00,0.0607138300214995,-0.0755743671620128,0.1970020272050118,144.36,-38.147
31208,1985-06-14 00:00:00,0.0986859106069042,-0.0375763333459738,0.2349481545597824,144.36,-38.147
31209,1985-06-15 00:00:00,0.055443224734215,-0.0808422968560015,0.1917287463244316,144.36,-38.147
31210,1985-06-16 00:00:00,0.1565064114482264,0.0199959522781422,0.2930168706183105,144.36,-38.147
31211,1985-06-17 00:00:00,-0.0223918091200754,-0.1586482598793453,0.1138646416391943,144.36,-38.147
31212,1985-06-18 00:00:00,0.0071214674487958,-0.1292289804888229,0.1434719153864147,144.36,-38.147
31213,1985-06-19 00:00:00,0.2207109268238805,0.0840354633691179,0.3573863902786431,144.36,-38.147
31214,1985-06-20 00:00:00,0.1176481915107798,-0.0191026955816053,0.2543990786031651,144.36,-38.147
31215,1985-06-21 00:00:00,0.0386800117139058,-0.0976526028988932,0.1750126263267049,144.36,-38.147
31216,1985-06-22 00:00:00,0.0319289476116375,-0.1043186465173296,0.1681765417406047,144.36,-38.147
31217,1985-06-23 00:00:00,0.0430221026429012,-0.0932695575695772,0.1793137628553796,144.36,-38.147
31218,1985-06-24 00:00:00,0.1398347730795651,0.0033881349260646,0.2762814112330657,144.36,-38.147
31219,1985-06-25 00:00:00,0.0861765506486739,-0.0500871593697714,0.2224402606671193,144.36,-38.147
31220,1985-06-26 00:00:00,0.0991383223005818,-0.0371982781648866,0.2354749227660503,144.36,-38.147
31221,1985-06-27 00:00:00,0.178767657260878,0.0423399708900738,0.3151953436316822,144.36,-38.147
31222,1985-06-28 00:00:00,0.1141145235678541,-0.0221586830541002,0.2503877301898086,144.36,-38.147
31223,1985-06-29 00:00:00,0.0623927864094035,-0.0738743265470421,0.1986598993658491,144.36,-38.147
31224,1985-06-30 00:00:00,0.0435825133645177,-0.092681675708947,0.1798467024379825,144.36,-38.147
31225,1985-07-01 00:00:00,0.0601473280786917,-0.0762455190928844,0.1965401752502679,144.36,-38.147
31226,1985-07-02 00:00:00,0.0304893457475777,-0.1061036694604548,0.1670823609556103,144.36,-38.147
31227,1985-07-03 00:00:00,0.1217459699627924,-0.0149052508386226,0.2583971907642075,144.36,-38.147
31228,1985-07-04 00:00:00,0.0899196513442217,-0.0464280388762318,0.2262673415646753,144.36,-38.147
31229,1985-07-05 00:00:00,0.0184094270583572,-0.1178208225320984,0.1546396766488129,144.36,-38.147
31230,1985-07-06 00:00:00,0.0185526580704488,-0.11766517199975,0.1547704881406477,144.36,-38.147
31231,1985-07-07 00:00:00,-0.0018687901356953,-0.1381200489212035,0.1343824686498129,144.36,-38.147
31232,1985-07-08 00:00:00,-0.0435936959153684,-0.179856938083406,0.092669546252669,144.36,-38.147
31233,1985-07-09 00:00:00,-0.039543291982528,-0.1757799826571318,0.0966933986920758,144.36,-38.147
31234,1985-07-10 00:00:00,-0.0106283259847971,-0.1468376577773525,0.1255810058077582,144.36,-38.147
31235,1985-07-11 00:00:00,0.0636761892882778,-0.0725415143950147,0.1998938929715705,144.36,-38.147
31236,1985-07-12 00:00:00,0.0403398942694737,-0.0959231612896221,0.1766029498285695,144.36,-38.147
31237,1985-07-13 00:00:00,0.0392445139130544,-0.0970406572968348,0.1755296851229437,144.36,-38.147
31238,1985-07-14 00:00:00,0.0699103028979901,-0.0667249963131212,0.2065456021091015,144.36,-38.147
31239,1985-07-15 00:00:00,0.2343674201934296,0.0971147782166296,0.3716200621702295,144.36,-38.147
31240,1985-07-16 00:00:00,0.3289230393717823,0.191397778706664,0.4664483000369006,144.36,-38.147
31241,1985-07-17 00:00:00,0.154473740058122,0.0169565269882413,0.2919909531280028,144.36,-38.147
31242,1985-07-18 00:00:00,0.0113445316791193,-0.1254522118856069,0.1481412752438456,144.36,-38.147
31243,1985-07-19 00:00:00,-0.0399375772571354,-0.176166445316634,0.096291290802363,144.36,-38.147
31244,1985-07-20 00:00:00,-0.006581259639232,-0.1427982592623965,0.1296357399839324,144.36,-38.147
31245,1985-07-21 00:00:00,0.2037363977920193,0.0667825243410459,0.3406902712429927,144.36,-38.147
31246,1985-07-22 00:00:00,0.1229680831551336,-0.0136558792778745,0.2595920455881418,144.36,-38.147
31247,1985-07-23 00:00:00,0.012879239039525,-0.1234405322145295,0.1491990102935797,144.36,-38.147
31248,1985-07-24 00:00:00,-0.0438959944861562,-0.1801135713170862,0.0923215823447738,144.36,-38.147
31249,1985-07-25 00:00:00,-0.0007825482243006,-0.1370465900039782,0.1354814935553769,144.36,-38.147
31250,1985-07-26 00:00:00,0.1233525039092837,-0.0135568997255359,0.2602619075441034,144.36,-38.147
31251,1985-07-27 00:00:00,-0.0864828996562976,-0.2231256688309419,0.0501598695183466,144.36,-38.147
31252,1985-07-28 00:00:00,0.0211264588071284,-0.1159163144044763,0.1581692320187331,144.36,-38.147
31253,1985-07-29 00:00:00,0.3446801973362807,0.2074402108341203,0.4819201838384412,144.36,-38.147
31254,1985-07-30 00:00:00,0.2308939878546706,0.0933268038550845,0.3684611718542567,144.36,-38.147
31255,1985-07-31 00:00:00,0.0406655971554012,-0.0962277002915282,0.1775588946023307,144.36,-38.147
31256,1985-08-01 00:00:00,-0.0241793054935748,-0.1606012625915772,0.1122426516044276,144.36,-38.147
31257,1985-08-02 00:00:00,-0.0354564584249198,-0.1716425465991425,0.1007296297493029,144.36,-38.147
31258,1985-08-03 00:00:00,0.0008243494402784,-0.1353968780402282,0.137045576920785,144.36,-38.147
31259,1985-08-04 00:00:00,0.0108543624048521,-0.1255321244468892,0.1472408492565934,144.36,-38.147
31260,1985-08-05 00:00:00,0.1419194377642649,0.0048675612327099,0.2789713142958199,144.36,-38.147
31261,1985-08-06 00:00:00,0.1271879964262472,-0.0093444965173892,0.2637204893698837,144.36,-38.147
31262,1985-08-07 00:00:00,0.1648323063162558,0.0272699238766656,0.3023946887558461,144.36,-38.147
31263,1985-08-08 00:00:00,0.1625613175048593,0.0248058008677876,0.3003168341419311,144.36,-38.147
31264,1985-08-09 00:00:00,0.062989755245058,-0.0736298190527384,0.1996093295428545,144.36,-38.147
31265,1985-08-10 00:00:00,0.0411823046443404,-0.0950775592737365,0.1774421685624173,144.36,-38.147
31266,1985-08-11 00:00:00,0.0602542080199319,-0.0759290457531743,0.1964374617930382,144.36,-38.147
31267,1985-08-12 00:00:00,0.0753763115138115,-0.0608496131278601,0.2116022361554833,144.36,-38.147
31268,1985-08-13 00:00:00,0.0663353122757977,-0.0698993969037137,0.2025700214553091,144.36,-38.147
31269,1985-08-14 00:00:00,0.0330536853575555,-0.1032068623435029,0.1693142330586139,144.36,-38.147
31270,1985-08-15 00:00:00,0.0090652513106535,-0.1272964508843684,0.1454269535056754,144.36,-38.147
31271,1985-08-16 00:00:00,0.0809430113200202,-0.0554365429346712,0.2173225655747117,144.36,-38.147
31272,1985-08-17 00:00:00,0.0319554915725238,-0.1049308593020277,0.1688418424470754,144.36,-38.147
31273,1985-08-18 00:00:00,0.0600068968369892,-0.0769467337683725,0.196960527442351,144.36,-38.147
31274,1985-08-19 00:00:00,0.0194085507198505,-0.1172426753653358,0.156059776805037,144.36,-38.147
31275,1985-08-20 00:00:00,-0.0322960504983097,-0.1686026259198434,0.1040105249232239,144.36,-38.147
31276,1985-08-21 00:00:00,-0.0382173931294173,-0.1746371359816587,0.0982023497228238,144.36,-38.147
31277,1985-08-22 00:00:00,-0.0073660340285218,-0.1441703044090049,0.1294382363519612,144.36,-38.147
31278,1985-08-23 00:00:00,0.2334284629152972,0.0967832006464484,0.370073725184146,144.36,-38.147
31279,1985-08-24 00:00:00,0.1430906981533467,0.0067465141271035,0.27943488217959,144.36,-38.147
31280,1985-08-25 00:00:00,0.0969670087055028,-0.0393851393002922,0.2333191567112978,144.36,-38.147
31281,1985-08-26 00:00:00,0.3498996410126793,0.2129040176849601,0.4868952643403985,144.36,-38.147
31282,1985-08-27 00:00:00,0.0437176667063512,-0.0926739531862283,0.1801092865989308,144.36,-38.147
31283,1985-08-28 00:00:00,0.073187195458298,-0.0633650496996799,0.209739440616276,144.36,-38.147
31284,1985-08-29 00:00:00,0.2026654679274267,0.0656258490282351,0.3397050868266184,144.36,-38.147
31285,1985-08-30 00:00:00,0.0515179632667561,-0.0847192942461118,0.1877552207796242,144.36,-38.147
31286,1985-08-31 00:00:00,0.0582208031168806,-0.0780446978522327,0.194486304085994,144.36,-38.147
31287,1985-09-01 00:00:00,0.1457560356164276,0.0093410107860309,0.2821710604468243,144.36,-38.147
31288,1985-09-02 00:00:00,0.1766452307829165,0.0384652203362949,0.3148252412295381,144.36,-38.147
31289,1985-09-03 00:00:00,-0.0807043713527723,-0.2189590296873074,0.0575502869817627,144.36,-38.147
31290,1985-09-04 00:00:00,-0.0231343774010951,-0.1594917440993075,0.1132229892971171,144.36,-38.147
31291,1985-09-05 00:00:00,-0.0195309540698226,-0.1557438288024997,0.1166819206628544,144.36,-38.147
31292,1985-09-06 00:00:00,-0.0138497286990726,-0.1500430627465324,0.122343605348387,144.36,-38.147
31293,1985-09-07 00:00:00,-0.0224591469491635,-0.1586677471929566,0.1137494532946295,144.36,-38.147
31294,1985-09-08 00:00:00,-0.0286663639691011,-0.1648987059736782,0.1075659780354759,144.36,-38.147
31295,1985-09-09 00:00:00,0.0328917276581066,-0.1033731064576504,0.1691565617738638,144.36,-38.147
31296,1985-09-10 00:00:00,0.1150069339135821,-0.0214369422889728,0.251450810116137,144.36,-38.147
31297,1985-09-11 00:00:00,0.0933029739869004,-0.0432535580741763,0.2298595060479773,144.36,-38.147
31298,1985-09-12 00:00:00,0.0208766107281078,-0.1159422018709222,0.157695423327138,144.36,-38.147
31299,1985-09-13 00:00:00,-0.0119100829682269,-0.1484474996366344,0.1246273337001805,144.36,-38.147
31300,1985-09-14 00:00:00,0.0276079163231604,-0.1091427458862783,0.1643585785325993,144.36,-38.147
31301,1985-09-15 00:00:00,-0.0161595734054453,-0.1527552688992728,0.1204361220883822,144.36,-38.147
31302,1985-09-16 00:00:00,0.1374714852765557,0.0011612590212664,0.2737817115318449,144.36,-38.147
31303,1985-09-17 00:00:00,0.110534534856353,-0.0257215739239567,0.2467906436366628,144.36,-38.147
31304,1985-09-18 00:00:00,0.1100852955107488,-0.0262861600134945,0.2464567510349922,144.36,-38.147
31305,1985-09-19 00:00:00,0.0312164690788929,-0.1051557285220894,0.1675886666798753,144.36,-38.147
31306,1985-09-20 00:00:00,-0.0121998857444144,-0.1485948467321045,0.1241950752432756,144.36,-38.147
31307,1985-09-21 00:00:00,-0.022910543039536,-0.1591928995209676,0.1133718134418956,144.36,-38.147
31308,1985-09-22 00:00:00,-0.0018816913958815,-0.138104534208323,0.1343411514165599,144.36,-38.147
31309,1985-09-23 00:00:00,0.0079256500989952,-0.1283040444581432,0.1441553446561336,144.36,-38.147
31310,1985-09-24 00:00:00,0.0534319088849386,-0.0828578616212647,0.1897216793911421,144.36,-38.147
31311,1985-09-25 00:00:00,0.1909675592731659,0.0544854286481691,0.3274496898981627,144.36,-38.147
31312,1985-09-26 00:00:00,0.3058917230473419,0.1686679723929988,0.443115473701685,144.36,-38.147
31313,1985-09-27 00:00:00,0.0664511245530032,-0.0705372036904458,0.2034394527964522,144.36,-38.147
31314,1985-09-28 00:00:00,0.044908274059251,-0.0913573758891709,0.1811739240076731,144.36,-38.147
31315,1985-09-29 00:00:00,-0.0034875854415326,-0.1397298986346041,0.1327547277515389,144.36,-38.147
31316,1985-09-30 00:00:00,-0.0403065700720897,-0.1765007955492201,0.0958876554050406,144.36,-38.147
31317,1985-10-01 00:00:00,0.0071205985577507,-0.1291406212238829,0.1433818183393843,144.36,-38.147
31318,1985-10-02 00:00:00,0.1170326046497346,-0.01933620301075,0.2534014123102194,144.36,-38.147
31319,1985-10-03 00:00:00,-0.0162264439085626,-0.1525242396314876,0.1200713518143622,144.36,-38.147
31320,1985-10-04 00:00:00,0.0688009851149028,-0.0676947624740308,0.2052967327038365,144.36,-38.147
31321,1985-10-05 00:00:00,0.1780773620401579,0.0409271937093885,0.3152275303709273,144.36,-38.147
31322,1985-10-06 00:00:00,0.0607418171175653,-0.0757077229889438,0.1971913572240745,144.36,-38.147
31323,1985-10-07 00:00:00,0.034381270680212,-0.1019550741046515,0.1707176154650757,144.36,-38.147
31324,1985-10-08 00:00:00,-0.0388614357116525,-0.175101948701682,0.097379077278377,144.36,-38.147
31325,1985-10-09 00:00:00,0.0132021442004246,-0.1230451169296955,0.1494494053305448,144.36,-38.147
31326,1985-10-10 00:00:00,-0.0414452039140558,-0.1776613032375909,0.0947708954094792,144.36,-38.147
31327,1985-10-11 00:00:00,0.1463167253433264,0.0097972247264912,0.2828362259601615,144.36,-38.147
31328,1985-10-12 00:00:00,0.0909564860733101,-0.0455850638950161,0.2274980360416365,144.36,-38.147
31329,1985-10-13 00:00:00,0.0100388992561172,-0.126266469859702,0.1463442683719364,144.36,-38.147
31330,1985-10-14 00:00:00,-0.0081641699535438,-0.1443996884029889,0.1280713484959012,144.36,-38.147
31331,1985-10-15 00:00:00,-0.0056972113150346,-0.1420839384410042,0.1306895158109349,144.36,-38.147
31332,1985-10-16 00:00:00,0.0259653152179621,-0.1105325591825054,0.1624631896184296,144.36,-38.147
31333,1985-10-17 00:00:00,0.1092706567617665,-0.0273801049566235,0.2459214184801565,144.36,-38.147
31334,1985-10-18 00:00:00,0.2466192890343797,0.1102860741177667,0.3829525039509927,144.36,-38.147
31335,1985-10-19 00:00:00,0.1291387305248903,-0.0071044978779227,0.2653819589277033,144.36,-38.147
31336,1985-10-20 00:00:00,0.0785326414670649,-0.0577343805965529,0.2147996635306829,144.36,-38.147
31337,1985-10-21 00:00:00,0.0143933000605217,-0.1218920797820058,0.1506786799030492,144.36,-38.147
31338,1985-10-22 00:00:00,0.0828823125150407,-0.0534360325194243,0.2192006575495058,144.36,-38.147
31339,1985-10-23 00:00:00,0.1868907909053687,0.0502386447141804,0.323542937096557,144.36,-38.147
31340,1985-10-24 00:00:00,0.0852895898831501,-0.0536180592953415,0.2241972390616418,144.36,-38.147
31341,1985-10-25 00:00:00,0.0030514308694772,-0.1348571146105543,0.1409599763495088,144.36,-38.147
31342,1985-10-26 00:00:00,-0.0659566628602118,-0.2025254674548585,0.0706121417344349,144.36,-38.147
31343,1985-10-27 00:00:00,-0.0462484030753887,-0.1826911668774211,0.0901943607266436,144.36,-38.147
31344,1985-10-28 00:00:00,-0.0308388346858753,-0.1671267662118695,0.1054490968401189,144.36,-38.147
31345,1985-10-29 00:00:00,-0.0115608609410836,-0.1486009440576691,0.1254792221755017,144.36,-38.147
31346,1985-10-30 00:00:00,0.2757021565437299,0.1384412911041483,0.4129630219833115,144.36,-38.147
31347,1985-10-31 00:00:00,0.130774625515737,-0.0060012174697141,0.2675504685011881,144.36,-38.147
31348,1985-11-01 00:00:00,0.0038157336524832,-0.1324421434458554,0.1400736107508219,144.36,-38.147
31349,1985-11-02 00:00:00,0.037693041232917,-0.0985493572710558,0.1739354397368899,144.36,-38.147
31350,1985-11-03 00:00:00,-0.0310776085615832,-0.1672722056505345,0.105116988527368,144.36,-38.147
31351,1985-11-04 00:00:00,-0.0206861469843427,-0.1569137435702882,0.1155414496016026,144.36,-38.147
31352,1985-11-05 00:00:00,0.0057091274111769,-0.1305848421657525,0.1420030969881064,144.36,-38.147
31353,1985-11-06 00:00:00,0.0587094667114671,-0.0775472041939267,0.1949661376168609,144.36,-38.147
31354,1985-11-07 00:00:00,0.0430111006395083,-0.0934899144126116,0.1795121156916284,144.36,-38.147
31355,1985-11-08 00:00:00,0.0081889118668172,-0.1284423419019813,0.1448201656356157,144.36,-38.147
31356,1985-11-09 00:00:00,0.0471787335311532,-0.0893471832945988,0.1837046503569053,144.36,-38.147
31357,1985-11-10 00:00:00,0.0613598995024978,-0.0749134590408353,0.197633258045831,144.36,-38.147
31358,1985-11-11 00:00:00,0.0860432755172528,-0.0501954815760112,0.222282032610517,144.36,-38.147
31359,1985-11-12 00:00:00,-0.002508216459789,-0.1387311882904943,0.1337147553709161,144.36,-38.147
31360,1985-11-13 00:00:00,-0.033193245955308,-0.1695015286663678,0.1031150367557516,144.36,-38.147
31361,1985-11-14 00:00:00,0.0641228790700837,-0.0723916703158501,0.2006374284560177,144.36,-38.147
31362,1985-11-15 00:00:00,0.2168300895006258,0.0801866644025996,0.353473514598652,144.36,-38.147
31363,1985-11-16 00:00:00,0.0722594784367592,-0.0641260976498426,0.2086450545233611,144.36,-38.147
31364,1985-11-17 00:00:00,0.2467545602205448,0.1096736395139467,0.3838354809271428,144.36,-38.147
31365,1985-11-18 00:00:00,0.0775514333282734,-0.0597554334900407,0.2148583001465876,144.36,-38.147
31366,1985-11-19 00:00:00,-0.0065541670749807,-0.1428324883055604,0.1297241541555989,144.36,-38.147
31367,1985-11-20 00:00:00,0.0508688684159426,-0.0853712914337626,0.1871090282656478,144.36,-38.147
31368,1985-11-21 00:00:00,0.0229783331544699,-0.1134832768645822,0.1594399431735221,144.36,-38.147
31369,1985-11-22 00:00:00,0.001884505495385,-0.1347323440104025,0.1385013550011726,144.36,-38.147
31370,1985-11-23 00:00:00,-0.0417171055521373,-0.1780747680518625,0.0946405569475879,144.36,-38.147
31371,1985-11-24 00:00:00,0.0186675480590134,-0.1176060066814416,0.1549411027994685,144.36,-38.147
31372,1985-11-25 00:00:00,0.138374972648572,0.002050624555829,0.274699320741315,144.36,-38.147
31373,1985-11-26 00:00:00,0.1253510673013044,-0.0110479565180149,0.2617500911206238,144.36,-38.147
31374,1985-11-27 00:00:00,0.0700825912307216,-0.0669415273672874,0.2071067098287308,144.36,-38.147
31375,1985-11-28 00:00:00,0.0834020725535958,-0.0535331085870156,0.2203372536942073,144.36,-38.147
31376,1985-11-29 00:00:00,0.0652337790654133,-0.0711237512994622,0.201591309430289,144.36,-38.147
31377,1985-11-30 00:00:00,0.0434352920745415,-0.092809967648077,0.1796805517971601,144.36,-38.147
31378,1985-12-01 00:00:00,-0.0180783945209092,-0.1550522555013878,0.1188954664595693,144.36,-38.147
31379,1985-12-02 00:00:00,-0.0016736699583446,-0.1384455033699215,0.1350981634532321,144.36,-38.147
31380,1985-12-03 00:00:00,0.0780077541061418,-0.0584507834918033,0.214466291704087,144.36,-38.147
31381,1985-12-04 00:00:00,0.105100686048935,-0.0315041940874728,0.2417055661853429,144.36,-38.147
31382,1985-12-05 00:00:00,0.1469708454514931,0.0104586822937501,0.2834830086092361,144.36,-38.147
31383,1985-12-06 00:00:00,0.0689877326823016,-0.0674094379039699,0.2053849032685733,144.36,-38.147
31384,1985-12-07 00:00:00,0.1509435256449101,0.0143774466131542,0.2875096046766661,144.36,-38.147
31385,1985-12-08 00:00:00,0.0792855551888143,-0.0571124371521794,0.2156835475298082,144.36,-38.147
31386,1985-12-09 00:00:00,0.135838233713643,-0.0004723686988029,0.2721488361260891,144.36,-38.147
31387,1985-12-10 00:00:00,0.1753130208039351,0.0389678862851933,0.3116581553226768,144.36,-38.147
31388,1985-12-11 00:00:00,0.1718319084077812,0.0354352856013903,0.3082285312141721,144.36,-38.147
31389,1985-12-12 00:00:00,0.1673036645629582,0.030931168125964,0.3036761609999523,144.36,-38.147
31390,1985-12-13 00:00:00,0.1285208277638719,-0.0077547138464731,0.2647963693742169,144.36,-38.147
31391,1985-12-14 00:00:00,0.0871774902024675,-0.049056042445377,0.2234110228503121,144.36,-38.147
31392,1985-12-15 00:00:00,0.0175886219173646,-0.1187385045593792,0.1539157483941085,144.36,-38.147
31393,1985-12-16 00:00:00,0.3139631745643512,0.1769354110569445,0.450990938071758,144.36,-38.147
31394,1985-12-17 00:00:00,0.3441896647648274,0.2064141230836795,0.4819652064459752,144.36,-38.147
31395,1985-12-18 00:00:00,0.1689365519114832,0.0320016729519762,0.3058714308709902,144.36,-38.147
31396,1985-12-19 00:00:00,0.0734307918624679,-0.0629997139825129,0.2098612977074488,144.36,-38.147
31397,1985-12-20 00:00:00,0.2481167209606366,0.111517470534725,0.3847159713865482,144.36,-38.147
31398,1985-12-21 00:00:00,0.2707680550855098,0.134205255762383,0.4073308544086366,144.36,-38.147
31399,1985-12-22 00:00:00,0.3585794602204947,0.2219055555653034,0.495253364875686,144.36,-38.147
31400,1985-12-23 00:00:00,0.1593273730261942,0.0228200741356821,0.2958346719167063,144.36,-38.147
31401,1985-12-24 00:00:00,0.0694407225757152,-0.0670074642640904,0.2058889094155209,144.36,-38.147
31402,1985-12-25 00:00:00,0.0003013634951371,-0.1359999296872076,0.1366026566774819,144.36,-38.147
31403,1985-12-26 00:00:00,0.2022990170004026,0.0657613645684206,0.3388366694323846,144.36,-38.147
31404,1985-12-27 00:00:00,0.2473828706200485,0.1110246033613151,0.3837411378787819,144.36,-38.147
31405,1985-12-28 00:00:00,0.1324287763931469,-0.0037848303636451,0.2686423831499389,144.36,-38.147
31406,1985-12-29 00:00:00,0.053588703629136,-0.0826406297954153,0.1898180370536874,144.36,-38.147
31407,1985-12-30 00:00:00,0.0756232892939711,-0.0609476501378848,0.212194228725827,144.36,-38.147
31408,1985-12-31 00:00:00,0.2029846239278972,0.0655138243357572,0.3404554235200372,144.36,-38.147
31409,1986-01-01 00:00:00,0.1898653245651446,0.0534519451997187,0.3262787039305704,144.36,-38.147
31410,1986-01-02 00:00:00,0.1750137742773496,0.03819415547033,0.3118333930843693,144.36,-38.147
31411,1986-01-03 00:00:00,0.0652397564885053,-0.0713945969624622,0.2018741099394728,144.36,-38.147
31412,1986-01-04 00:00:00,0.1200487940081836,-0.0162126717512434,0.2563102597676107,144.36,-38.147
31413,1986-01-05 00:00:00,0.142207231881184,0.0059230853713679,0.278491378391,144.36,-38.147
31414,1986-01-06 00:00:00,0.0621734195209758,-0.0740987594479373,0.198445598489889,144.36,-38.147
31415,1986-01-07 00:00:00,-0.0373652385394686,-0.1736448098282748,0.0989143327493375,144.36,-38.147
31416,1986-01-08 00:00:00,0.1172494256643514,-0.0193536347481372,0.2538524860768402,144.36,-38.147
31417,1986-01-09 00:00:00,0.1502436924863419,0.0128481041185291,0.2876392808541548,144.36,-38.147
31418,1986-01-10 00:00:00,0.0630668994540885,-0.0739212401677763,0.2000550390759534,144.36,-38.147
31419,1986-01-11 00:00:00,0.0841338136792297,-0.0523373098821605,0.2206049372406201,144.36,-38.147
31420,1986-01-12 00:00:00,0.2221811622589489,0.0856406524230529,0.3587216720948448,144.36,-38.147
31421,1986-01-13 00:00:00,0.1557432473693989,0.0191987865866253,0.2922877081521725,144.36,-38.147
31422,1986-01-14 00:00:00,0.0213621413241621,-0.1148712758542228,0.157595558502547,144.36,-38.147
31423,1986-01-15 00:00:00,0.0919950447408901,-0.0442706712256155,0.2282607607073958,144.36,-38.147
31424,1986-01-16 00:00:00,0.2706689034881444,0.1342770956115856,0.4070607113647032,144.36,-38.147
31425,1986-01-17 00:00:00,0.0798751088140713,-0.0565720332365272,0.2163222508646699,144.36,-38.147
31426,1986-01-18 00:00:00,-0.0090571156896666,-0.1454000046567258,0.1272857732773925,144.36,-38.147
31427,1986-01-19 00:00:00,0.0142361796604982,-0.1224039760080818,0.1508763353290782,144.36,-38.147
31428,1986-01-20 00:00:00,0.0536694326050222,-0.0826359889995955,0.18997485420964,144.36,-38.147
31429,1986-01-21 00:00:00,0.0335790167323943,-0.1026351643259463,0.169793197790735,144.36,-38.147
31430,1986-01-22 00:00:00,0.0547724421432649,-0.0817039846983753,0.1912488689849051,144.36,-38.147
31431,1986-01-23 00:00:00,-0.0172159205248449,-0.1538133343334211,0.1193814932837312,144.36,-38.147
31432,1986-01-24 00:00:00,-0.01193431160885,-0.1483632658289582,0.1244946426112581,144.36,-38.147
31433,1986-01-25 00:00:00,-0.0016162684271003,-0.1379804509795109,0.1347479141253102,144.36,-38.147
31434,1986-01-26 00:00:00,0.042125857761343,-0.0941076282841979,0.1783593438068841,144.36,-38.147
31435,1986-01-27 00:00:00,0.0707145246524057,-0.0655482736172303,0.2069773229220418,144.36,-38.147
31436,1986-01-28 00:00:00,-0.0148165917461434,-0.1510732307975124,0.1214400473052255,144.36,-38.147
31437,1986-01-29 00:00:00,-0.0172234883125045,-0.1535853386809507,0.1191383620559417,144.36,-38.147
31438,1986-01-30 00:00:00,0.1276490925734603,-0.0088128638130535,0.2641110489599743,144.36,-38.147
31439,1986-01-31 00:00:00,0.0852154565539893,-0.0512980805581246,0.2217289936661033,144.36,-38.147
31440,1986-02-01 00:00:00,0.026877005181135,-0.1093969150181568,0.163150925380427,144.36,-38.147
31441,1986-02-02 00:00:00,0.2747931858122685,0.1382629251621869,0.4113234464623501,144.36,-38.147
31442,1986-02-03 00:00:00,0.1164194766568913,-0.0200227733828848,0.2528617266966675,144.36,-38.147
31443,1986-02-04 00:00:00,0.1159232192246229,-0.0203509531416002,0.2521973915908461,144.36,-38.147
31444,1986-02-05 00:00:00,0.1870204992320271,0.0506474920564351,0.3233935064076192,144.36,-38.147
31445,1986-02-06 00:00:00,0.1686316288793947,0.0322869294919732,0.3049763282668162,144.36,-38.147
31446,1986-02-07 00:00:00,0.0302845040485039,-0.1059462038838532,0.166515211980861,144.36,-38.147
31447,1986-02-08 00:00:00,0.0899666605873431,-0.0466483609121337,0.22658168208682,144.36,-38.147
31448,1986-02-09 00:00:00,0.3189599612186168,0.182160336047475,0.4557595863897585,144.36,-38.147
31449,1986-02-10 00:00:00,0.1531233400335223,0.0167715449673944,0.2894751350996501,144.36,-38.147
31450,1986-02-11 00:00:00,0.0939459474093438,-0.0423660516877184,0.2302579465064062,144.36,-38.147
31451,1986-02-12 00:00:00,0.0083172401428218,-0.1279602263827274,0.144594706668371,144.36,-38.147
31452,1986-02-13 00:00:00,0.0339968672066786,-0.1022907261160583,0.1702844605294156,144.36,-38.147
31453,1986-02-14 00:00:00,0.0292458526894458,-0.1071719442453532,0.1656636496242449,144.36,-38.147
31454,1986-02-15 00:00:00,0.0449636022225592,-0.0915520618503159,0.1814792662954344,144.36,-38.147
31455,1986-02-16 00:00:00,0.0703947563924211,-0.0660433559362067,0.2068328687210489,144.36,-38.147
31456,1986-02-17 00:00:00,0.0575683277845475,-0.0789049109771824,0.1940415665462775,144.36,-38.147
31457,1986-02-18 00:00:00,0.3159829384504475,0.179397633797714,0.452568243103181,144.36,-38.147
31458,1986-02-19 00:00:00,0.3645938801360817,0.2277436857095616,0.5014440745626018,144.36,-38.147
31459,1986-02-20 00:00:00,0.1275331468106093,-0.0091631912089635,0.2642294848301821,144.36,-38.147
31460,1986-02-21 00:00:00,0.0910311928273671,-0.045199517492222,0.2272619031469563,144.36,-38.147
31461,1986-02-22 00:00:00,0.0640524341818554,-0.0722724185563398,0.2003772869200506,144.36,-38.147
31462,1986-02-23 00:00:00,0.0386470209370387,-0.0977017322649265,0.1749957741390039,144.36,-38.147
31463,1986-02-24 00:00:00,0.0098145075557066,-0.1265428348202485,0.1461718499316619,144.36,-38.147
31464,1986-02-25 00:00:00,0.0249638083039688,-0.1113315567608937,0.1612591733688315,144.36,-38.147
31465,1986-02-26 00:00:00,0.0668949180378979,-0.0693906815820989,0.2031805176578948,144.36,-38.147
31466,1986-02-27 00:00:00,0.0270506099820162,-0.1091989927300166,0.163300212694049,144.36,-38.147
31467,1986-02-28 00:00:00,0.0184499566613277,-0.1178170135160469,0.1547169268387024,144.36,-38.147
31468,1986-03-01 00:00:00,0.0841177081802178,-0.0522902932273977,0.2205257095878333,144.36,-38.147
31469,1986-03-02 00:00:00,0.0847713319886504,-0.0515425477182196,0.2210852116955205,144.36,-38.147
31470,1986-03-03 00:00:00,0.004199364514744,-0.1320238224393292,0.1404225514688172,144.36,-38.147
31471,1986-03-04 00:00:00,0.0651340816541519,-0.0711029224788087,0.2013710857871125,144.36,-38.147
31472,1986-03-05 00:00:00,0.0147031260517255,-0.1214927171858523,0.1508989692893035,144.36,-38.147
31473,1986-03-06 00:00:00,0.0189640907017128,-0.1172575458611205,0.1551857272645461,144.36,-38.147
31474,1986-03-07 00:00:00,0.094522534694897,-0.0419288680814722,0.2309739374712663,144.36,-38.147
31475,1986-03-08 00:00:00,0.2031343637718237,0.0659236354083299,0.3403450921353175,144.36,-38.147
31476,1986-03-09 00:00:00,0.0547650525281741,-0.0819120896750707,0.191442194731419,144.36,-38.147
31477,1986-03-10 00:00:00,0.0147245171670505,-0.1222859881648855,0.1517350224989867,144.36,-38.147
31478,1986-03-11 00:00:00,-0.0547716503268419,-0.191711674762271,0.0821683741085871,144.36,-38.147
31479,1986-03-12 00:00:00,-0.0440942868191617,-0.1803268112339038,0.0921382375955804,144.36,-38.147
31480,1986-03-13 00:00:00,0.0357956940753244,-0.1004374292884508,0.1720288174390997,144.36,-38.147
31481,1986-03-14 00:00:00,0.0678281355507472,-0.0684495439899373,0.2041058150914319,144.36,-38.147
31482,1986-03-15 00:00:00,0.1840993742470349,0.0477143967730853,0.3204843517209846,144.36,-38.147
31483,1986-03-16 00:00:00,0.086021489052196,-0.0502802183846463,0.2223231964890385,144.36,-38.147
31484,1986-03-17 00:00:00,0.0042717149819737,-0.1319123644123973,0.1404557943763448,144.36,-38.147
31485,1986-03-18 00:00:00,0.0209074752679045,-0.1152723039709937,0.1570872545068029,144.36,-38.147
31486,1986-03-19 00:00:00,0.0222859000949851,-0.1139066556349902,0.1584784558249606,144.36,-38.147
31487,1986-03-20 00:00:00,0.0062402271906058,-0.1305443054894773,0.143024759870689,144.36,-38.147
31488,1986-03-21 00:00:00,0.1113497622972967,-0.0258998214948063,0.2485993460893998,144.36,-38.147
31489,1986-03-22 00:00:00,0.0402017597720222,-0.0960814371063583,0.1764849566504027,144.36,-38.147
31490,1986-03-23 00:00:00,0.0557177372904891,-0.0806742856846692,0.1921097602656475,144.36,-38.147
31491,1986-03-24 00:00:00,0.0094822892639297,-0.1268419632373308,0.1458065417651902,144.36,-38.147
31492,1986-03-25 00:00:00,-0.0045730864353613,-0.1408724868001582,0.1317263139294356,144.36,-38.147
31493,1986-03-26 00:00:00,0.1030392147384358,-0.0333273248050066,0.2394057542818783,144.36,-38.147
31494,1986-03-27 00:00:00,0.2810176594492828,0.1443808459228107,0.4176544729757548,144.36,-38.147
31495,1986-03-28 00:00:00,0.0446055610185883,-0.0919775336226935,0.1811886556598702,144.36,-38.147
31496,1986-03-29 00:00:00,-0.0239945495052682,-0.1602838561934096,0.1122947571828732,144.36,-38.147
31497,1986-03-30 00:00:00,0.0507934251069046,-0.0855874986415825,0.1871743488553919,144.36,-38.147
31498,1986-03-31 00:00:00,0.0673865096118736,-0.0690739793100283,0.2038469985337757,144.36,-38.147
31499,1986-04-01 00:00:00,-0.0142803251134897,-0.1505449259910313,0.1219842757640519,144.36,-38.147
31500,1986-04-02 00:00:00,0.0103870173325933,-0.1258524952089081,0.1466265298740947,144.36,-38.147
31501,1986-04-03 00:00:00,0.0905057348348411,-0.0457709570333996,0.226782426703082,144.36,-38.147
31502,1986-04-04 00:00:00,0.1156864857350921,-0.0206887191978672,0.2520616906680514,144.36,-38.147
31503,1986-04-05 00:00:00,0.2797038164632779,0.1427140599040599,0.416693573022496,144.36,-38.147
31504,1986-04-06 00:00:00,0.0211541540110174,-0.1155928946646087,0.1579012026866436,144.36,-38.147
31505,1986-04-07 00:00:00,0.0360292913997132,-0.1001737183932438,0.1722323011926702,144.36,-38.147
31506,1986-04-08 00:00:00,0.0664812878992183,-0.069757515331677,0.2027200911301136,144.36,-38.147
31507,1986-04-09 00:00:00,0.0373883732454209,-0.098900894584584,0.173677641075426,144.36,-38.147
31508,1986-04-10 00:00:00,-0.0065496059361323,-0.1427848912679498,0.1296856793956851,144.36,-38.147
31509,1986-04-11 00:00:00,0.1131359587041399,-0.0233211007616459,0.2495930181699258,144.36,-38.147
31510,1986-04-12 00:00:00,0.0362831974127896,-0.1000256738029468,0.1725920686285261,144.36,-38.147
31511,1986-04-13 00:00:00,-0.0076178090255563,-0.143799547520822,0.1285639294697093,144.36,-38.147
31512,1986-04-14 00:00:00,-0.0043891530785107,-0.1406313504910049,0.1318530443339834,144.36,-38.147
31513,1986-04-15 00:00:00,0.0261760255709324,-0.1103738945223932,0.162725945664258,144.36,-38.147
31514,1986-04-16 00:00:00,0.1020530515288494,-0.0345258890035061,0.238631992061205,144.36,-38.147
31515,1986-04-17 00:00:00,0.1272361782705612,-0.0093461620848134,0.2638185186259359,144.36,-38.147
31516,1986-04-18 00:00:00,0.0784405297739819,-0.0582423461278358,0.2151234056757998,144.36,-38.147
31517,1986-04-19 00:00:00,0.027471166996091,-0.1091871040302539,0.164129438022436,144.36,-38.147
31518,1986-04-20 00:00:00,0.0970839946905543,-0.0393076500671891,0.2334756394482977,144.36,-38.147
31519,1986-04-21 00:00:00,0.1364260683896277,7.219442907152596e-05,0.2727799423501839,144.36,-38.147
31520,1986-04-22 00:00:00,0.1023664319398642,-0.033918018876853,0.2386508827565816,144.36,-38.147
31521,1986-04-23 00:00:00,0.1836524757681394,0.0472670907830653,0.3200378607532135,144.36,-38.147
31522,1986-04-24 00:00:00,0.1960397335968381,0.0593113875112902,0.332768079682386,144.36,-38.147
31523,1986-04-25 00:00:00,0.3349884349605705,0.197432029419178,0.472544840501963,144.36,-38.147
31524,1986-04-26 00:00:00,0.2361019385563765,0.0991096137072305,0.3730942634055226,144.36,-38.147
31525,1986-04-27 00:00:00,0.1816034336663361,0.0451888159509225,0.3180180513817498,144.36,-38.147
31526,1986-04-28 00:00:00,0.0475126706951893,-0.0889237095992581,0.1839490509896368,144.36,-38.147
31527,1986-04-29 00:00:00,-0.0272435769934832,-0.1635170208163009,0.1090298668293345,144.36,-38.147
31528,1986-04-30 00:00:00,-0.0152200244224687,-0.1514593211715547,0.1210192723266172,144.36,-38.147
31529,1986-05-01 00:00:00,-0.0049337808047208,-0.1411832954001186,0.131315733790677,144.36,-38.147
31530,1986-05-02 00:00:00,-0.0409382635838027,-0.17719737388484,0.0953208467172345,144.36,-38.147
31531,1986-05-03 00:00:00,-0.0435835133964014,-0.1798323375703711,0.0926653107775681,144.36,-38.147
31532,1986-05-04 00:00:00,-0.0447638712234635,-0.1809896737623036,0.0914619313153764,144.36,-38.147
31533,1986-05-05 00:00:00,-0.0414970305407357,-0.1776984828270984,0.094704421745627,144.36,-38.147
31534,1986-05-06 00:00:00,-0.0082645081876811,-0.1444865727633182,0.127957556387956,144.36,-38.147
31535,1986-05-07 00:00:00,0.0959809701831911,-0.0403590305226673,0.2323209708890497,144.36,-38.147
31536,1986-05-08 00:00:00,0.073113745845791,-0.0631156834771051,0.2093431751686871,144.36,-38.147
31537,1986-05-09 00:00:00,0.053644244804634,-0.0826336180349869,0.189922107644255,144.36,-38.147
31538,1986-05-10 00:00:00,0.1620802746362791,0.0257528281034624,0.2984077211690957,144.36,-38.147
31539,1986-05-11 00:00:00,0.1204052831455883,-0.0160045335153173,0.2568150998064941,144.36,-38.147
31540,1986-05-12 00:00:00,0.0791796946350023,-0.0572217404250696,0.2155811296950744,144.36,-38.147
31541,1986-05-13 00:00:00,0.0678783271174404,-0.0684343766988385,0.2041910309337195,144.36,-38.147
31542,1986-05-14 00:00:00,0.0816226221354498,-0.0547825468863321,0.2180277911572318,144.36,-38.147
31543,1986-05-15 00:00:00,-0.0091533456743725,-0.1453634614720925,0.1270567701233474,144.36,-38.147
31544,1986-05-16 00:00:00,-0.0254751433278374,-0.1620212580861648,0.1110709714304899,144.36,-38.147
31545,1986-05-17 00:00:00,-7.211355359156707e-05,-0.1374973443772021,0.137353117270019,144.36,-38.147
31546,1986-05-18 00:00:00,0.1588332488833442,0.021604265691169,0.2960622320755194,144.36,-38.147
31547,1986-05-19 00:00:00,0.3204518545658882,0.1838609690887192,0.4570427400430571,144.36,-38.147
31548,1986-05-20 00:00:00,0.1246898273007791,-0.0120307554647305,0.2614104100662889,144.36,-38.147
31549,1986-05-21 00:00:00,0.0040004267670902,-0.1324237714936356,0.1404246250278162,144.36,-38.147
31550,1986-05-22 00:00:00,0.0527526694728647,-0.0834910770405118,0.1889964159862412,144.36,-38.147
31551,1986-05-23 00:00:00,0.0544910640687398,-0.0817614870723509,0.1907436152098306,144.36,-38.147
31552,1986-05-24 00:00:00,0.2136573582494318,0.0772577226149247,0.350056993883939,144.36,-38.147
31553,1986-05-25 00:00:00,0.033319749455261,-0.1029629854303661,0.1696024843408882,144.36,-38.147
31554,1986-05-26 00:00:00,0.0134450716371712,-0.1229313936328421,0.1498215369071846,144.36,-38.147
31555,1986-05-27 00:00:00,0.030292501845857,-0.1060593201139988,0.166644323805713,144.36,-38.147
31556,1986-05-28 00:00:00,0.0966589804900169,-0.0397290965118537,0.2330470574918875,144.36,-38.147
31557,1986-05-29 00:00:00,0.0379191266405252,-0.0984151681656308,0.1742534214466813,144.36,-38.147
31558,1986-05-30 00:00:00,0.0389063272906337,-0.0974971203645019,0.1753097749457693,144.36,-38.147
31559,1986-05-31 00:00:00,-0.0188281303061654,-0.1550449624505098,0.1173887018381789,144.36,-38.147
31560,1986-06-01 00:00:00,-0.0205089504034709,-0.1567227571376641,0.1157048563307222,144.36,-38.147
31561,1986-06-02 00:00:00,0.0028210352725991,-0.1334021920215011,0.1390442625666994,144.36,-38.147
31562,1986-06-03 00:00:00,0.0442746094093816,-0.0919745746128197,0.180523793431583,144.36,-38.147
31563,1986-06-04 00:00:00,0.055815800556732,-0.0805250487922889,0.1921566499057531,144.36,-38.147
31564,1986-06-05 00:00:00,0.0279711477099103,-0.1082580913351322,0.1642003867549528,144.36,-38.147
31565,1986-06-06 00:00:00,0.0288445478976828,-0.1073698065146978,0.1650589023100634,144.36,-38.147
31566,1986-06-07 00:00:00,0.0659993649436111,-0.0702441067778472,0.2022428366650695,144.36,-38.147
31567,1986-06-08 00:00:00,0.2252147227633554,0.0885732083476219,0.361856237179089,144.36,-38.147
31568,1986-06-09 00:00:00,0.1312555528991804,-0.0054270670711645,0.2679381728695253,144.36,-38.147
31569,1986-06-10 00:00:00,0.0731778204209544,-0.0634434644689291,0.209799105310838,144.36,-38.147
31570,1986-06-11 00:00:00,0.0388095459687683,-0.0975362702074768,0.1751553621450135,144.36,-38.147
31571,1986-06-12 00:00:00,0.0863326260186227,-0.0499374150747346,0.2226026671119801,144.36,-38.147
31572,1986-06-13 00:00:00,0.0288785703455928,-0.1073496431286907,0.1651067838198764,144.36,-38.147
31573,1986-06-14 00:00:00,-0.0154553540795248,-0.1516609240684532,0.1207502159094034,144.36,-38.147
31574,1986-06-15 00:00:00,-0.0365829148176319,-0.1728146320247887,0.0996488023895248,144.36,-38.147
31575,1986-06-16 00:00:00,-0.0086987460449365,-0.1450015974149171,0.1276041053250441,144.36,-38.147
31576,1986-06-17 00:00:00,0.0691775007449597,-0.0671467950459713,0.2055017965358908,144.36,-38.147
31577,1986-06-18 00:00:00,0.3820358581035279,0.24499730494104,0.519074411266016,144.36,-38.147
31578,1986-06-19 00:00:00,0.3387261417492772,0.2015028949984929,0.4759493885000614,144.36,-38.147
31579,1986-06-20 00:00:00,0.1059592834678268,-0.0313685107179057,0.2432870776535594,144.36,-38.147
31580,1986-06-21 00:00:00,0.0813997128582579,-0.0551245859079687,0.2179240116244846,144.36,-38.147
31581,1986-06-22 00:00:00,0.1469897395724346,0.0105469496957489,0.2834325294491203,144.36,-38.147
31582,1986-06-23 00:00:00,0.0851570180699574,-0.0512891363247891,0.2216031724647041,144.36,-38.147
31583,1986-06-24 00:00:00,0.0484233175251618,-0.0880044009247598,0.1848510359750836,144.36,-38.147
31584,1986-06-25 00:00:00,0.0285977772844157,-0.1076939940260779,0.1648895485949094,144.36,-38.147
31585,1986-06-26 00:00:00,0.1706367288440061,0.0342630525258343,0.3070104051621778,144.36,-38.147
31586,1986-06-27 00:00:00,0.0669389980963796,-0.0694608491763648,0.2033388453691241,144.36,-38.147
31587,1986-06-28 00:00:00,0.0348956234444119,-0.1014613604959983,0.1712526073848221,144.36,-38.147
31588,1986-06-29 00:00:00,0.0259024103879862,-0.1103929885188669,0.1621978092948393,144.36,-38.147
31589,1986-06-30 00:00:00,0.0100188915582846,-0.1262518845120129,0.1462896676285823,144.36,-38.147
31590,1986-07-01 00:00:00,0.0186611914058124,-0.1175868394653807,0.1549092222770056,144.36,-38.147
31591,1986-07-02 00:00:00,0.0357716206273944,-0.1005835594578611,0.1721268007126499,144.36,-38.147
31592,1986-07-03 00:00:00,0.1608475291374188,0.0240944120737043,0.2976006462011333,144.36,-38.147
31593,1986-07-04 00:00:00,0.2160244506140327,0.0792142296490189,0.3528346715790466,144.36,-38.147
31594,1986-07-05 00:00:00,0.2152218570829686,0.0786305251214478,0.3518131890444894,144.36,-38.147
31595,1986-07-06 00:00:00,0.1230844797953018,-0.013260896382809,0.2594298559734126,144.36,-38.147
31596,1986-07-07 00:00:00,0.0658245003891096,-0.0706744626269127,0.202323463405132,144.36,-38.147
31597,1986-07-08 00:00:00,0.224555815364124,0.0878562545876862,0.3612553761405617,144.36,-38.147
31598,1986-07-09 00:00:00,0.1896467882362537,0.0520079293458524,0.3272856471266551,144.36,-38.147
31599,1986-07-10 00:00:00,0.075516965998248,-0.063493038058583,0.2145269700550791,144.36,-38.147
31600,1986-07-11 00:00:00,0.0142075558492794,-0.1222597807181781,0.150674892416737,144.36,-38.147
31601,1986-07-12 00:00:00,0.0180166288144651,-0.118191630698218,0.1542248883271484,144.36,-38.147
31602,1986-07-13 00:00:00,0.0301088020786222,-0.1061474943214975,0.166365098478742,144.36,-38.147
31603,1986-07-14 00:00:00,0.0585400040460128,-0.0780445058157469,0.1951245139077726,144.36,-38.147
31604,1986-07-15 00:00:00,0.0807702747494349,-0.0560271491025388,0.2175676986014086,144.36,-38.147
31605,1986-07-16 00:00:00,0.08060185110275,-0.0560550125738774,0.2172587147793775,144.36,-38.147
31606,1986-07-17 00:00:00,0.1429655142275536,0.0067097394823514,0.2792212889727559,144.36,-38.147
31607,1986-07-18 00:00:00,0.1969105288116649,0.060434763281691,0.3333862943416388,144.36,-38.147
31608,1986-07-19 00:00:00,0.0741561914097341,-0.0622257874336814,0.2105381702531497,144.36,-38.147
31609,1986-07-20 00:00:00,0.0429037052775111,-0.0933041721765939,0.1791115827316163,144.36,-38.147
31610,1986-07-21 00:00:00,-0.0412952598314415,-0.1774753738408651,0.094884854177982,144.36,-38.147
31611,1986-07-22 00:00:00,-0.0115770301101564,-0.1477577238995975,0.1246036636792846,144.36,-38.147
31612,1986-07-23 00:00:00,0.0580389340718137,-0.0784147535954,0.1944926217390274,144.36,-38.147
31613,1986-07-24 00:00:00,0.2319081028775989,0.0949220220713641,0.3688941836838336,144.36,-38.147
31614,1986-07-25 00:00:00,0.0925863981510383,-0.0457565612204226,0.2309293575224993,144.36,-38.147
31615,1986-07-26 00:00:00,0.0329124547280313,-0.1042318481015878,0.1700567575576505,144.36,-38.147
31616,1986-07-27 00:00:00,0.039171555964496,-0.0970470131845056,0.1753901251134977,144.36,-38.147
31617,1986-07-28 00:00:00,0.0848682937076925,-0.0513433870450557,0.2210799744604409,144.36,-38.147
31618,1986-07-29 00:00:00,0.0747579690301076,-0.0614944375300562,0.2110103755902716,144.36,-38.147
31619,1986-07-30 00:00:00,0.0707950957194571,-0.0654439193706919,0.2070341108096062,144.36,-38.147
31620,1986-07-31 00:00:00,0.1363495444798829,-0.0004332176537535,0.2731323066135193,144.36,-38.147
31621,1986-08-01 00:00:00,0.032732733431024,-0.103756793286135,0.1692222601481831,144.36,-38.147
31622,1986-08-02 00:00:00,0.099785395167856,-0.0365235848997764,0.2360943752354885,144.36,-38.147
31623,1986-08-03 00:00:00,0.1530919817899058,0.0167034292335969,0.2894805343462148,144.36,-38.147
31624,1986-08-04 00:00:00,0.0422019145005339,-0.094223271679648,0.1786271006807158,144.36,-38.147
31625,1986-08-05 00:00:00,0.0045012314556467,-0.1318136238573811,0.1408160867686745,144.36,-38.147
31626,1986-08-06 00:00:00,0.0096683972315076,-0.1268919824023705,0.1462287768653859,144.36,-38.147
31627,1986-08-07 00:00:00,-0.0389850587662847,-0.175593805641636,0.0976236881090665,144.36,-38.147
31628,1986-08-08 00:00:00,-0.0282398227864801,-0.1645675926101183,0.1080879470371579,144.36,-38.147
31629,1986-08-09 00:00:00,0.0185402058320704,-0.1177238666838523,0.1548042783479932,144.36,-38.147
31630,1986-08-10 00:00:00,0.0382863745412702,-0.0979759615076735,0.174548710590214,144.36,-38.147
31631,1986-08-11 00:00:00,0.0325752681705824,-0.1037051653608683,0.1688557017020331,144.36,-38.147
31632,1986-08-12 00:00:00,0.041224551598697,-0.0950176730931103,0.1774667762905044,144.36,-38.147
31633,1986-08-13 00:00:00,0.0387073944090626,-0.0975280096378957,0.1749427984560209,144.36,-38.147
31634,1986-08-14 00:00:00,0.0028234267917731,-0.1335070520418927,0.139153905625439,144.36,-38.147
31635,1986-08-15 00:00:00,-0.022815873690603,-0.1612067448049543,0.1155749974237482,144.36,-38.147
31636,1986-08-16 00:00:00,0.3089579533660261,0.1709741890762952,0.4469417176557571,144.36,-38.147
31637,1986-08-17 00:00:00,0.1574767065599323,0.0204903693814352,0.2944630437384294,144.36,-38.147
31638,1986-08-18 00:00:00,0.1523529797057932,0.015722812885644,0.2889831465259423,144.36,-38.147
31639,1986-08-19 00:00:00,0.0986193295488095,-0.0380016589462811,0.2352403180439003,144.36,-38.147
31640,1986-08-20 00:00:00,0.1385935488228265,0.0020629018178608,0.2751241958277922,144.36,-38.147
31641,1986-08-21 00:00:00,0.0380129867220304,-0.0982285101506497,0.1742544835947106,144.36,-38.147
31642,1986-08-22 00:00:00,0.021994496794829,-0.1142321273952325,0.1582211209848906,144.36,-38.147
31643,1986-08-23 00:00:00,0.0768631599370436,-0.0596101613491031,0.2133364812231904,144.36,-38.147
31644,1986-08-24 00:00:00,0.2030051028022672,0.0659428191122979,0.3400673864922366,144.36,-38.147
31645,1986-08-25 00:00:00,0.1262406731857809,-0.0100437287829721,0.2625250751545339,144.36,-38.147
31646,1986-08-26 00:00:00,0.1560487968508488,0.019799728036666,0.2922978656650316,144.36,-38.147
31647,1986-08-27 00:00:00,0.1202448426255565,-0.0160191603805094,0.2565088456316224,144.36,-38.147
31648,1986-08-28 00:00:00,0.0237707748228129,-0.1124802365127709,0.1600217861583967,144.36,-38.147
31649,1986-08-29 00:00:00,0.2365296734057715,0.0988665399187652,0.3741928068927778,144.36,-38.147
31650,1986-08-30 00:00:00,0.2213736411608702,0.084072978226087,0.3586743040956534,144.36,-38.147
31651,1986-08-31 00:00:00,0.1462267236802819,0.0095440207802201,0.2829094265803437,144.36,-38.147
31652,1986-09-01 00:00:00,0.1458092141936459,0.0092659720630543,0.2823524563242375,144.36,-38.147
31653,1986-09-02 00:00:00,0.0831618036876594,-0.0530822708708056,0.2194058782461245,144.36,-38.147
31654,1986-09-03 00:00:00,0.06990519545428,-0.0663308662423176,0.2061412571508777,144.36,-38.147
31655,1986-09-04 00:00:00,0.0612750159830239,-0.0751340051021595,0.1976840370682075,144.36,-38.147
31656,1986-09-05 00:00:00,0.2210440258949089,0.0836623063245223,0.3584257454652954,144.36,-38.147
31657,1986-09-06 00:00:00,0.3309408996340911,0.1939247111750251,0.467957088093157,144.36,-38.147
31658,1986-09-07 00:00:00,0.0736683098836893,-0.0629486012193146,0.2102852209866934,144.36,-38.147
31659,1986-09-08 00:00:00,-0.0172886352679803,-0.1535418768596541,0.1189646063236935,144.36,-38.147
31660,1986-09-09 00:00:00,-0.0078139638771934,-0.1440178480195612,0.1283899202651743,144.36,-38.147
31661,1986-09-10 00:00:00,0.0805420353051641,-0.0556519836603872,0.2167360542707155,144.36,-38.147
31662,1986-09-11 00:00:00,0.0439190802741187,-0.0923017865466156,0.1801399470948531,144.36,-38.147
31663,1986-09-12 00:00:00,0.0048829909597823,-0.131435133759755,0.1412011156793197,144.36,-38.147
31664,1986-09-13 00:00:00,0.0613318518757929,-0.0751606491461733,0.1978243528977593,144.36,-38.147
31665,1986-09-14 00:00:00,0.1054766452619717,-0.0309324844039703,0.2418857749279138,144.36,-38.147
31666,1986-09-15 00:00:00,-0.0002609902053823,-0.1366064340738031,0.1360844536630384,144.36,-38.147
31667,1986-09-16 00:00:00,0.0023066754175361,-0.1341442010390618,0.138757551874134,144.36,-38.147
31668,1986-09-17 00:00:00,0.3854449686071881,0.2480188912773017,0.5228710459370746,144.36,-38.147
31669,1986-09-18 00:00:00,0.1789410960287877,0.0419871198964698,0.3158950721611057,144.36,-38.147
31670,1986-09-19 00:00:00,0.0861144694550401,-0.0502324825153932,0.2224614214254735,144.36,-38.147
31671,1986-09-20 00:00:00,0.1018728069873182,-0.0344337168971289,0.2381793308717654,144.36,-38.147
31672,1986-09-21 00:00:00,0.2134403629596354,0.0769880944109945,0.3498926315082764,144.36,-38.147
31673,1986-09-22 00:00:00,0.122391812885932,-0.0140001617349223,0.2587837875067865,144.36,-38.147
31674,1986-09-23 00:00:00,0.0773539479380945,-0.0588427369713639,0.213550632847553,144.36,-38.147
31675,1986-09-24 00:00:00,0.0379539731904525,-0.0983933977002652,0.1743013440811703,144.36,-38.147
31676,1986-09-25 00:00:00,0.2511144284838486,0.1144472358308708,0.3877816211368264,144.36,-38.147
31677,1986-09-26 00:00:00,0.2587192824954726,0.1222343631128612,0.3952042018780839,144.36,-38.147
31678,1986-09-27 00:00:00,0.1327811035495174,-0.0036255276799097,0.2691877347789446,144.36,-38.147
31679,1986-09-28 00:00:00,0.0188365042734588,-0.117511096752347,0.1551841052992647,144.36,-38.147
31680,1986-09-29 00:00:00,-0.0519735414677854,-0.1883591579937162,0.0844120750581453,144.36,-38.147
31681,1986-09-30 00:00:00,-0.0341832791770454,-0.1704218333520909,0.1020552749979999,144.36,-38.147
31682,1986-10-01 00:00:00,0.0328171679314138,-0.103423719784576,0.1690580556474037,144.36,-38.147
31683,1986-10-02 00:00:00,0.1431623766868766,0.0069111748618983,0.2794135785118549,144.36,-38.147
31684,1986-10-03 00:00:00,0.1449826956416,0.0086754668272642,0.2812899244559357,144.36,-38.147
31685,1986-10-04 00:00:00,0.1211475121422065,-0.0151843153965569,0.2574793396809701,144.36,-38.147
31686,1986-10-05 00:00:00,0.1018767311101495,-0.0344143612573716,0.2381678234776706,144.36,-38.147
31687,1986-10-06 00:00:00,0.0320956246058497,-0.1043341783837315,0.1685254275954311,144.36,-38.147
31688,1986-10-07 00:00:00,0.2539436708203779,0.1170297887605909,0.3908575528801649,144.36,-38.147
31689,1986-10-08 00:00:00,0.0353838145527215,-0.1009543850184829,0.1717220141239259,144.36,-38.147
31690,1986-10-09 00:00:00,0.0273475349868472,-0.1089282166900466,0.163623286663741,144.36,-38.147
31691,1986-10-10 00:00:00,0.1275582588734554,-0.0087034608207907,0.2638199785677017,144.36,-38.147
31692,1986-10-11 00:00:00,0.0920197835108127,-0.0442910978453417,0.2283306648669673,144.36,-38.147
31693,1986-10-12 00:00:00,0.1050289823616721,-0.0312412420685762,0.2412992067919204,144.36,-38.147
31694,1986-10-13 00:00:00,-0.0063552250133227,-0.1431837573857675,0.130473307359122,144.36,-38.147
31695,1986-10-14 00:00:00,0.4181284300893125,0.2801722803603547,0.5560845798182703,144.36,-38.147
31696,1986-10-15 00:00:00,0.1136869204500681,-0.0229660159082046,0.2503398568083409,144.36,-38.147
31697,1986-10-16 00:00:00,0.1699577051874877,0.0336151063980124,0.3063003039769629,144.36,-38.147
31698,1986-10-17 00:00:00,0.0265889893937373,-0.1097097204834396,0.1628876992709143,144.36,-38.147
31699,1986-10-18 00:00:00,0.0358635522419423,-0.1009022943343072,0.1726293988181918,144.36,-38.147
31700,1986-10-19 00:00:00,0.3716009095116462,0.2345250761925177,0.5086767428307747,144.36,-38.147
31701,1986-10-20 00:00:00,0.3379271453159446,0.2011108897157897,0.4747434009160995,144.36,-38.147
31702,1986-10-21 00:00:00,0.003279373968194,-0.1334111815610376,0.1399699294974256,144.36,-38.147
31703,1986-10-22 00:00:00,0.1371283036077734,0.000196626882229,0.2740599803333177,144.36,-38.147
31704,1986-10-23 00:00:00,0.4494415932384298,0.3113465803885044,0.5875366060883552,144.36,-38.147
31705,1986-10-24 00:00:00,0.2871292722863077,0.1499063173915639,0.4243522271810515,144.36,-38.147
31706,1986-10-25 00:00:00,0.2389240548750384,0.1022041045208719,0.3756440052292048,144.36,-38.147
31707,1986-10-26 00:00:00,0.0801892864157658,-0.0561025864037818,0.2164811592353136,144.36,-38.147
31708,1986-10-27 00:00:00,0.0291027877400362,-0.107136717074313,0.1653422925543856,144.36,-38.147
31709,1986-10-28 00:00:00,0.0145937709816868,-0.1216102165440952,0.150797758507469,144.36,-38.147
31710,1986-10-29 00:00:00,0.0043913033628123,-0.1318073193730407,0.1405899260986654,144.36,-38.147
31711,1986-10-30 00:00:00,0.0594856942262163,-0.0768616452682678,0.1958330337207005,144.36,-38.147
31712,1986-10-31 00:00:00,0.1408452434956733,0.0044789091386064,0.2772115778527402,144.36,-38.147
31713,1986-11-01 00:00:00,0.3777624443487616,0.2407769673863379,0.5147479213111854,144.36,-38.147
31714,1986-11-02 00:00:00,0.0742684651293658,-0.0622464027880926,0.2107833330468244,144.36,-38.147
31715,1986-11-03 00:00:00,0.0288452997460609,-0.1073782453238222,0.1650688448159442,144.36,-38.147
31716,1986-11-04 00:00:00,0.0586711571340485,-0.0775950478612509,0.1949373621293479,144.36,-38.147
31717,1986-11-05 00:00:00,0.0998400593738907,-0.0368302114524479,0.2365103302002293,144.36,-38.147
31718,1986-11-06 00:00:00,0.159282164015773,0.0223108918478402,0.2962534361837058,144.36,-38.147
31719,1986-11-07 00:00:00,0.1440397809883112,0.0076776510917364,0.2804019108848861,144.36,-38.147
31720,1986-11-08 00:00:00,0.0886287470031716,-0.0476607198880986,0.2249182138944419,144.36,-38.147
31721,1986-11-09 00:00:00,0.0511833306813683,-0.0850479790823347,0.1874146404450714,144.36,-38.147
31722,1986-11-10 00:00:00,0.0257548467402646,-0.1104220923018471,0.1619317857823764,144.36,-38.147
31723,1986-11-11 00:00:00,0.0365344165672734,-0.0998880879238759,0.1729569210584229,144.36,-38.147
31724,1986-11-12 00:00:00,0.0284185531122379,-0.1080733294001773,0.1649104356246531,144.36,-38.147
31725,1986-11-13 00:00:00,0.0287416957837701,-0.1075888081192946,0.165072199686835,144.36,-38.147
31726,1986-11-14 00:00:00,0.0292013575358918,-0.1070479072067304,0.1654506222785142,144.36,-38.147
31727,1986-11-15 00:00:00,0.1081569976507623,-0.0281098689301645,0.2444238642316891,144.36,-38.147
31728,1986-11-16 00:00:00,0.0391068085496099,-0.0971785183186899,0.1753921354179097,144.36,-38.147
31729,1986-11-17 00:00:00,0.1497226008497133,0.0134352181772453,0.2860099835221813,144.36,-38.147
31730,1986-11-18 00:00:00,0.1005088016388742,-0.0366505833471925,0.2376681866249411,144.36,-38.147
31731,1986-11-19 00:00:00,0.1689442084793402,0.0301443565331374,0.307744060425543,144.36,-38.147
31732,1986-11-20 00:00:00,0.0012771060334535,-0.1369130138352213,0.1394672259021284,144.36,-38.147
31733,1986-11-21 00:00:00,-0.049473132160554,-0.1862351959931359,0.0872889316720278,144.36,-38.147
31734,1986-11-22 00:00:00,0.0126822137082904,-0.1235877385430243,0.1489521659596051,144.36,-38.147
31735,1986-11-23 00:00:00,0.1259848774531156,-0.010320094229024,0.2622898491352552,144.36,-38.147
31736,1986-11-24 00:00:00,0.0425814371542518,-0.0936049184774852,0.1787677927859889,144.36,-38.147
31737,1986-11-25 00:00:00,-0.004952630885181,-0.141158693467747,0.1312534316973848,144.36,-38.147
31738,1986-11-26 00:00:00,0.1434535511000154,0.0066385704314733,0.2802685317685575,144.36,-38.147
31739,1986-11-27 00:00:00,0.1066855626023577,-0.0303491721230706,0.2437202973277862,144.36,-38.147
31740,1986-11-28 00:00:00,-0.0510965823920177,-0.1877353423803309,0.0855421775962954,144.36,-38.147
31741,1986-11-29 00:00:00,-0.0488673338064048,-0.1852274300789905,0.0874927624661808,144.36,-38.147
31742,1986-11-30 00:00:00,-0.0791187455384935,-0.2155333009326515,0.0572958098556643,144.36,-38.147
31743,1986-12-01 00:00:00,-0.0320482742376661,-0.1685493350641924,0.1044527865888601,144.36,-38.147
31744,1986-12-02 00:00:00,-0.0080744717719728,-0.1446618749439264,0.1285129313999807,144.36,-38.147
31745,1986-12-03 00:00:00,0.0406391100714915,-0.0958853968319425,0.1771636169749256,144.36,-38.147
31746,1986-12-04 00:00:00,0.070909858775461,-0.0654983352026487,0.2073180527535709,144.36,-38.147
31747,1986-12-05 00:00:00,0.0262432467939501,-0.109994419754454,0.1624809133423544,144.36,-38.147
31748,1986-12-06 00:00:00,-9.122395612934547e-05,-0.1363546157846053,0.1361721678723466,144.36,-38.147
31749,1986-12-07 00:00:00,0.1289594972010434,-0.0078795763195316,0.2657985707216185,144.36,-38.147
31750,1986-12-08 00:00:00,0.3432031917000974,0.205677074953117,0.4807293084470778,144.36,-38.147
31751,1986-12-09 00:00:00,-0.0150805708743024,-0.1517681991032487,0.1216070573546439,144.36,-38.147
31752,1986-12-10 00:00:00,-0.0323617921523904,-0.1687663133114311,0.1040427290066501,144.36,-38.147
31753,1986-12-11 00:00:00,0.1850101909191648,0.0482640113322061,0.3217563705061235,144.36,-38.147
31754,1986-12-12 00:00:00,0.3775184540475944,0.2406670138006767,0.5143698942945121,144.36,-38.147
31755,1986-12-13 00:00:00,0.2283378849362791,0.0914496575570679,0.3652261123154903,144.36,-38.147
31756,1986-12-14 00:00:00,0.0850487170045893,-0.0512842740167323,0.221381708025911,144.36,-38.147
31757,1986-12-15 00:00:00,0.0208477254801751,-0.1153692350829825,0.1570646860433329,144.36,-38.147
31758,1986-12-16 00:00:00,0.0412402305755468,-0.0949625673970032,0.177443028548097,144.36,-38.147
31759,1986-12-17 00:00:00,0.2388461772999052,0.1023921172902036,0.3753002373096067,144.36,-38.147
31760,1986-12-18 00:00:00,0.1262252446508363,-0.0101574220799695,0.2626079113816423,144.36,-38.147
31761,1986-12-19 00:00:00,0.0978494287095722,-0.0384162864000669,0.2341151438192114,144.36,-38.147
31762,1986-12-20 00:00:00,0.1993351937453868,0.0630026980843333,0.3356676894064403,144.36,-38.147
31763,1986-12-21 00:00:00,0.1142950375650288,-0.0219889013345106,0.2505789764645683,144.36,-38.147
31764,1986-12-22 00:00:00,0.1891684686449961,0.0527615404797047,0.3255753968102875,144.36,-38.147
31765,1986-12-23 00:00:00,0.0404946419893342,-0.0958468245761495,0.176836108554818,144.36,-38.147
31766,1986-12-24 00:00:00,0.0258039455925367,-0.1104284468957154,0.1620363380807889,144.36,-38.147
31767,1986-12-25 00:00:00,-0.0211185401076967,-0.1573315948850235,0.1150945146696301,144.36,-38.147
31768,1986-12-26 00:00:00,0.1640126856926737,0.0276652397473524,0.3003601316379949,144.36,-38.147
31769,1986-12-27 00:00:00,0.1316352901725475,-0.0046015671777164,0.2678721475228115,144.36,-38.147
31770,1986-12-28 00:00:00,0.1148936732832903,-0.0213291397749958,0.2511164863415764,144.36,-38.147
31771,1986-12-29 00:00:00,0.0512556161251525,-0.0850359791058688,0.1875472113561739,144.36,-38.147
31772,1986-12-30 00:00:00,-0.0100553106268037,-0.1463137424098263,0.1262031211562188,144.36,-38.147
31773,1986-12-31 00:00:00,0.1069560335850224,-0.0296227130549189,0.2435347802249638,144.36,-38.147
31774,1987-01-01 00:00:00,0.0840421599964462,-0.0525329563400081,0.2206172763329006,144.36,-38.147
31775,1987-01-02 00:00:00,0.0090317796141432,-0.1272434329991215,0.1453069922274081,144.36,-38.147
31776,1987-01-03 00:00:00,0.1093159786116061,-0.0273938288721394,0.2460257860953517,144.36,-38.147
31777,1987-01-04 00:00:00,0.067712998337366,-0.0697027815779,0.205128778252632,144.36,-38.147
31778,1987-01-05 00:00:00,0.0804341672111701,-0.0566996294304109,0.2175679638527511,144.36,-38.147
31779,1987-01-06 00:00:00,0.0811070290784458,-0.0553478632062387,0.2175619213631304,144.36,-38.147
31780,1987-01-07 00:00:00,0.062864526113116,-0.0733369140199964,0.1990659662462284,144.36,-38.147
31781,1987-01-08 00:00:00,0.0934846530825,-0.0431652224905303,0.2301345286555305,144.36,-38.147
31782,1987-01-09 00:00:00,0.0252309189558776,-0.1113476066275147,0.1618094445392701,144.36,-38.147
31783,1987-01-10 00:00:00,0.0466621148566678,-0.0898708840722737,0.1831951137856093,144.36,-38.147
31784,1987-01-11 00:00:00,0.0125606648892981,-0.1239372423282268,0.149058572106823,144.36,-38.147
31785,1987-01-12 00:00:00,0.1888317318694897,0.0519782912996897,0.3256851724392898,144.36,-38.147
31786,1987-01-13 00:00:00,0.1526779729021534,0.0163681982762664,0.2889877475280405,144.36,-38.147
31787,1987-01-14 00:00:00,0.309419361210928,0.1730422014158723,0.4457965210059836,144.36,-38.147
31788,1987-01-15 00:00:00,0.1286309561962081,-0.0077154755765855,0.2649773879690017,144.36,-38.147
31789,1987-01-16 00:00:00,0.0512833636425732,-0.0851340875018815,0.187700814787028,144.36,-38.147
31790,1987-01-17 00:00:00,0.2437719588496924,0.1066755014212305,0.3808684162781544,144.36,-38.147
31791,1987-01-18 00:00:00,0.1274106546043401,-0.0088896249119438,0.2637109341206242,144.36,-38.147
31792,1987-01-19 00:00:00,0.1542033318346881,0.0178031693063567,0.2906034943630194,144.36,-38.147
31793,1987-01-20 00:00:00,0.1024351273796828,-0.0338171791438034,0.2386874339031691,144.36,-38.147
31794,1987-01-21 00:00:00,0.1826874631328373,0.0463982156879713,0.3189767105777033,144.36,-38.147
31795,1987-01-22 00:00:00,0.1171745145993008,-0.0192594098947218,0.2536084390933236,144.36,-38.147
31796,1987-01-23 00:00:00,0.011266440323954,-0.1253120066987908,0.1478448873466988,144.36,-38.147
31797,1987-01-24 00:00:00,-0.035244810445378,-0.1717495128841879,0.1012598919934318,144.36,-38.147
31798,1987-01-25 00:00:00,0.1808910195981831,0.0445416230362806,0.3172404161600856,144.36,-38.147
31799,1987-01-26 00:00:00,0.1104425514342505,-0.0258615438466915,0.2467466467151925,144.36,-38.147
31800,1987-01-27 00:00:00,0.2527540178032209,0.1163362169404634,0.3891718186659784,144.36,-38.147
31801,1987-01-28 00:00:00,0.2172229051866289,0.0807580368377203,0.3536877735355376,144.36,-38.147
31802,1987-01-29 00:00:00,0.1064519841449167,-0.0298679093824629,0.2427718776722964,144.36,-38.147
31803,1987-01-30 00:00:00,0.1424433882873628,0.0061890757260079,0.2786977008487177,144.36,-38.147
31804,1987-01-31 00:00:00,0.093161645711885,-0.0430999972422262,0.2294232886659963,144.36,-38.147
31805,1987-02-01 00:00:00,0.1100473117580362,-0.0261961820864252,0.2462908056024976,144.36,-38.147
31806,1987-02-02 00:00:00,0.0089834104526308,-0.1272645795369231,0.1452314004421848,144.36,-38.147
31807,1987-02-03 00:00:00,0.2483910498001982,0.1115836401045212,0.3851984594958753,144.36,-38.147
31808,1987-02-04 00:00:00,0.072430156957195,-0.064004438022248,0.208864751936638,144.36,-38.147
31809,1987-02-05 00:00:00,0.0125008234443557,-0.1237964081560873,0.1487980550447988,144.36,-38.147
31810,1987-02-06 00:00:00,0.0243155680998175,-0.111879640984843,0.160510777184478,144.36,-38.147
31811,1987-02-07 00:00:00,-0.0022987475627426,-0.1385168632514254,0.1339193681259402,144.36,-38.147
31812,1987-02-08 00:00:00,0.0939340159912861,-0.0424476948895122,0.2303157268720845,144.36,-38.147
31813,1987-02-09 00:00:00,0.0400291564102926,-0.0962579681930708,0.1763162810136561,144.36,-38.147
31814,1987-02-10 00:00:00,0.1882427641749394,0.0517965611885116,0.3246889671613673,144.36,-38.147
31815,1987-02-11 00:00:00,0.2082282033757951,0.0716880378103652,0.344768368941225,144.36,-38.147
31816,1987-02-12 00:00:00,0.0702101874004284,-0.0661391745465127,0.2065595493473696,144.36,-38.147
31817,1987-02-13 00:00:00,0.0047138333975182,-0.1315029643163591,0.1409306311113957,144.36,-38.147
31818,1987-02-14 00:00:00,0.0397223256024032,-0.0965162745038896,0.1759609257086963,144.36,-38.147
31819,1987-02-15 00:00:00,0.0554097620081257,-0.0810596540786045,0.191879178094856,144.36,-38.147
31820,1987-02-16 00:00:00,-0.0473434074380289,-0.1837975718092808,0.0891107569332229,144.36,-38.147
31821,1987-02-17 00:00:00,-0.0063606140628418,-0.1426292139297069,0.1299079858040231,144.36,-38.147
31822,1987-02-18 00:00:00,-0.0332201184912088,-0.1695165298788609,0.1030762928964433,144.36,-38.147
31823,1987-02-19 00:00:00,0.0099956423394677,-0.1262268631188855,0.1462181477978209,144.36,-38.147
31824,1987-02-20 00:00:00,0.1306711665572607,-0.0057597329251872,0.2671020660397088,144.36,-38.147
31825,1987-02-21 00:00:00,0.148895320297299,0.0123807469038165,0.2854098936907814,144.36,-38.147
31826,1987-02-22 00:00:00,0.2017433374300022,0.06471890157486,0.3387677732851444,144.36,-38.147
31827,1987-02-23 00:00:00,0.0225860958348607,-0.1139225781121739,0.1590947697818954,144.36,-38.147
31828,1987-02-24 00:00:00,0.0883927656346884,-0.0478808207005136,0.2246663519698906,144.36,-38.147
31829,1987-02-25 00:00:00,0.1630853385288879,0.0267590764825739,0.2994116005752019,144.36,-38.147
31830,1987-02-26 00:00:00,0.0009936753830512,-0.1352479291929118,0.1372352799590142,144.36,-38.147
31831,1987-02-27 00:00:00,0.0174563316433377,-0.1187665810500321,0.1536792443367076,144.36,-38.147
31832,1987-02-28 00:00:00,0.1550354259189162,0.0186515376301642,0.2914193142076683,144.36,-38.147
31833,1987-03-01 00:00:00,0.1134479404950629,-0.0232570107058067,0.2501528916959326,144.36,-38.147
31834,1987-03-02 00:00:00,-0.0377896580787103,-0.1742125360662562,0.0986332199088355,144.36,-38.147
31835,1987-03-03 00:00:00,-0.0112708190057286,-0.1476451093041223,0.125103471292665,144.36,-38.147
31836,1987-03-04 00:00:00,-0.0258522007011311,-0.1621675025963061,0.1104631011940438,144.36,-38.147
31837,1987-03-05 00:00:00,-0.0229777921322743,-0.1592120314475636,0.1132564471830148,144.36,-38.147
31838,1987-03-06 00:00:00,0.0988692567325934,-0.037553797117274,0.2352923105824609,144.36,-38.147
31839,1987-03-07 00:00:00,0.1879208908355422,0.0511137274586304,0.3247280542124539,144.36,-38.147
31840,1987-03-08 00:00:00,0.281101825069225,0.1442788440487766,0.4179248060896733,144.36,-38.147
31841,1987-03-09 00:00:00,0.0039586915322588,-0.1327521309643249,0.1406695140288425,144.36,-38.147
31842,1987-03-10 00:00:00,-0.0401732094989087,-0.1764343521844869,0.0960879331866694,144.36,-38.147
31843,1987-03-11 00:00:00,-0.0325938311075594,-0.1687894033189685,0.1036017411038496,144.36,-38.147
31844,1987-03-12 00:00:00,0.1017506625924213,-0.0345436971889564,0.238045022373799,144.36,-38.147
31845,1987-03-13 00:00:00,0.0501864833091661,-0.0860774435539432,0.1864504101722756,144.36,-38.147
31846,1987-03-14 00:00:00,0.0053911634356633,-0.1307649087779668,0.1415472356492935,144.36,-38.147
31847,1987-03-15 00:00:00,0.0075032577612734,-0.1286834598435181,0.1436899753660649,144.36,-38.147
31848,1987-03-16 00:00:00,0.0236946902708499,-0.1125561476781421,0.159945528219842,144.36,-38.147
31849,1987-03-17 00:00:00,0.0592038582451433,-0.077069293566113,0.1954770100563997,144.36,-38.147
31850,1987-03-18 00:00:00,0.0263947392630441,-0.1097791445003477,0.162568623026436,144.36,-38.147
31851,1987-03-19 00:00:00,0.1332526627181227,-0.003037083703965,0.2695424091402105,144.36,-38.147
31852,1987-03-20 00:00:00,0.1612289912662362,0.0249417335789692,0.2975162489535031,144.36,-38.147
31853,1987-03-21 00:00:00,0.1212689781863454,-0.0150559465463124,0.2575939029190034,144.36,-38.147
31854,1987-03-22 00:00:00,0.0634396828642575,-0.0728246169101311,0.1997039826386461,144.36,-38.147
31855,1987-03-23 00:00:00,0.0284681003922716,-0.1077867765133235,0.1647229772978668,144.36,-38.147
31856,1987-03-24 00:00:00,-0.0178877024648036,-0.1541138415858767,0.1183384366562694,144.36,-38.147
31857,1987-03-25 00:00:00,-0.0183380135705779,-0.1545375298372122,0.1178615026960564,144.36,-38.147
31858,1987-03-26 00:00:00,0.0253136201656575,-0.1108576897227209,0.1614849300540361,144.36,-38.147
31859,1987-03-27 00:00:00,-0.0027414365739695,-0.1389396490199985,0.1334567758720594,144.36,-38.147
31860,1987-03-28 00:00:00,0.1493285393128986,0.0129424172659844,0.2857146613598128,144.36,-38.147
31861,1987-03-29 00:00:00,0.4506482013740031,0.3131634577981996,0.5881329449498065,144.36,-38.147
31862,1987-03-30 00:00:00,0.3269303060390337,0.1885254090179419,0.4653352030601255,144.36,-38.147
31863,1987-03-31 00:00:00,0.025380426333169,-0.1116350837995256,0.1623959364658636,144.36,-38.147
31864,1987-04-01 00:00:00,-0.0154642722807699,-0.1516864721735108,0.1207579276119708,144.36,-38.147
31865,1987-04-02 00:00:00,-0.0082871482716146,-0.1444818581545751,0.1279075616113458,144.36,-38.147
31866,1987-04-03 00:00:00,0.0137851829938609,-0.1223866754543498,0.1499570414420716,144.36,-38.147
31867,1987-04-04 00:00:00,-0.0024415164177526,-0.1386042123306763,0.1337211794951709,144.36,-38.147
31868,1987-04-05 00:00:00,-0.0077961044628318,-0.1440126229414177,0.128420414015754,144.36,-38.147
31869,1987-04-06 00:00:00,0.0179376867746838,-0.1184948488134985,0.1543702223628661,144.36,-38.147
31870,1987-04-07 00:00:00,0.2336947151222186,0.0970394315817425,0.3703499986626948,144.36,-38.147
31871,1987-04-08 00:00:00,0.1542249184510957,0.0177245336530078,0.2907253032491835,144.36,-38.147
31872,1987-04-09 00:00:00,0.0021746017873559,-0.1342077987801977,0.1385570023549097,144.36,-38.147
31873,1987-04-10 00:00:00,-0.012525499464692,-0.148826636310291,0.123775637380907,144.36,-38.147
31874,1987-04-11 00:00:00,0.0432653471995727,-0.0929520601378218,0.1794827545369673,144.36,-38.147
31875,1987-04-12 00:00:00,0.047529346334423,-0.0889652517655895,0.1840239444344355,144.36,-38.147
31876,1987-04-13 00:00:00,0.1245716518510706,-0.0118585179936878,0.2610018216958291,144.36,-38.147
31877,1987-04-14 00:00:00,0.1457795236515674,0.0093326158632584,0.2822264314398764,144.36,-38.147
31878,1987-04-15 00:00:00,0.0426985515893693,-0.0939376458250387,0.1793347490037774,144.36,-38.147
31879,1987-04-16 00:00:00,-0.0090122439324945,-0.1452075633616032,0.127183075496614,144.36,-38.147
31880,1987-04-17 00:00:00,-0.0225894942416176,-0.1588135959076523,0.1136346074244171,144.36,-38.147
31881,1987-04-18 00:00:00,-0.0382531751925912,-0.1744464481321097,0.0979400977469271,144.36,-38.147
31882,1987-04-19 00:00:00,0.0808017494673001,-0.0557331111475585,0.2173366100821589,144.36,-38.147
31883,1987-04-20 00:00:00,0.1787079176437014,0.0419832029710907,0.315432632316312,144.36,-38.147
31884,1987-04-21 00:00:00,0.007125575281719,-0.1291834068416676,0.1434345574051056,144.36,-38.147
31885,1987-04-22 00:00:00,-0.0211072074326697,-0.1573486365215943,0.1151342216562547,144.36,-38.147
31886,1987-04-23 00:00:00,-0.0431860002403886,-0.179434889925701,0.0930628894449237,144.36,-38.147
31887,1987-04-24 00:00:00,-0.0644636171771399,-0.2006551387201074,0.0717279043658275,144.36,-38.147
31888,1987-04-25 00:00:00,-0.0403048579616562,-0.1765050847524803,0.0958953688291677,144.36,-38.147
31889,1987-04-26 00:00:00,0.0122579113377352,-0.1239506767122845,0.148466499387755,144.36,-38.147
31890,1987-04-27 00:00:00,0.0593196028840785,-0.0769895892866688,0.1956287950548259,144.36,-38.147
31891,1987-04-28 00:00:00,0.1273376911759967,-0.0091777441215821,0.2638531264735756,144.36,-38.147
31892,1987-04-29 00:00:00,0.1471696676245228,0.0108305159976198,0.2835088192514258,144.36,-38.147
31893,1987-04-30 00:00:00,0.0087025619705228,-0.1275791692452017,0.1449842931862473,144.36,-38.147
31894,1987-05-01 00:00:00,-0.0308013768125992,-0.1670145634341267,0.1054118098089282,144.36,-38.147
31895,1987-05-02 00:00:00,0.0344866723408177,-0.102431190898804,0.1714045355804395,144.36,-38.147
31896,1987-05-03 00:00:00,0.3674116647654789,0.2290308779364562,0.5057924515945016,144.36,-38.147
31897,1987-05-04 00:00:00,0.0967769691703719,-0.0399121128331027,0.2334660511738466,144.36,-38.147
31898,1987-05-05 00:00:00,0.0444556101438871,-0.0918272698316871,0.1807384901194614,144.36,-38.147
31899,1987-05-06 00:00:00,-0.0110350500373505,-0.1472454869805953,0.1251753869058943,144.36,-38.147
31900,1987-05-07 00:00:00,-0.0602168432658217,-0.1964807807694515,0.0760470942378081,144.36,-38.147
31901,1987-05-08 00:00:00,-0.0780870534085035,-0.2143172126173515,0.0581431058003445,144.36,-38.147
31902,1987-05-09 00:00:00,-0.0291539224476777,-0.1653737437936552,0.1070658988982997,144.36,-38.147
31903,1987-05-10 00:00:00,-0.0154789871461289,-0.1517048340182373,0.1207468597259794,144.36,-38.147
31904,1987-05-11 00:00:00,-0.0001876596231966,-0.1364570292090493,0.1360817099626561,144.36,-38.147
31905,1987-05-12 00:00:00,0.0378341372442691,-0.0985048424702984,0.1741731169588367,144.36,-38.147
31906,1987-05-13 00:00:00,0.0568790584153015,-0.0794626390994498,0.1932207559300529,144.36,-38.147
31907,1987-05-14 00:00:00,0.1014645738833382,-0.0348264483533705,0.237755596120047,144.36,-38.147
31908,1987-05-15 00:00:00,0.206237387448657,0.0696452453327465,0.3428295295645676,144.36,-38.147
31909,1987-05-16 00:00:00,0.053745467499658,-0.0828462852049092,0.1903372202042253,144.36,-38.147
31910,1987-05-17 00:00:00,0.0272259000236416,-0.1092280242711749,0.1636798243184582,144.36,-38.147
31911,1987-05-18 00:00:00,0.048774289760724,-0.0875474262643586,0.1850960057858067,144.36,-38.147
31912,1987-05-19 00:00:00,0.0189649852850723,-0.1172584303882711,0.1551884009584159,144.36,-38.147
31913,1987-05-20 00:00:00,0.0066385519568783,-0.1295746564565352,0.1428517603702918,144.36,-38.147
31914,1987-05-21 00:00:00,0.0202454016008014,-0.1159418486879208,0.1564326518895236,144.36,-38.147
31915,1987-05-22 00:00:00,0.0572044938885578,-0.0789761182842536,0.1933851060613692,144.36,-38.147
31916,1987-05-23 00:00:00,0.1524318364388663,0.0160502323237136,0.2888134405540189,144.36,-38.147
31917,1987-05-24 00:00:00,0.1186475500414723,-0.0182875151828926,0.2555826152658372,144.36,-38.147
31918,1987-05-25 00:00:00,0.2267357214873481,0.088589918121351,0.3648815248533452,144.36,-38.147
31919,1987-05-26 00:00:00,0.2123387483994901,0.0717287651195611,0.3529487316794191,144.36,-38.147
31920,1987-05-27 00:00:00,0.2067599980047683,0.0670029544141744,0.3465170415953623,144.36,-38.147
31921,1987-05-28 00:00:00,0.0566262436483686,-0.0797177105991261,0.1929701978958633,144.36,-38.147
31922,1987-05-29 00:00:00,0.0642850758858238,-0.0720955082135257,0.2006656599851733,144.36,-38.147
31923,1987-05-30 00:00:00,0.1270991860541198,-0.0094531854456125,0.2636515575538523,144.36,-38.147
31924,1987-05-31 00:00:00,0.0399720648833288,-0.0963329797340469,0.1762771095007047,144.36,-38.147
31925,1987-06-01 00:00:00,0.016449298812591,-0.1198068760906961,0.1527054737158782,144.36,-38.147
31926,1987-06-02 00:00:00,0.0536605878418276,-0.0825896045369366,0.1899107802205918,144.36,-38.147
31927,1987-06-03 00:00:00,0.1068107076382932,-0.0294723376987354,0.2430937529753219,144.36,-38.147
31928,1987-06-04 00:00:00,0.0775789466245519,-0.0587617897964165,0.2139196830455204,144.36,-38.147
31929,1987-06-05 00:00:00,0.0351831435419438,-0.1012829110598082,0.1716491981436959,144.36,-38.147
31930,1987-06-06 00:00:00,-0.0522652868485524,-0.1886528328838696,0.0841222591867646,144.36,-38.147
31931,1987-06-07 00:00:00,-0.0530447355933871,-0.1892823795006275,0.0831929083138533,144.36,-38.147
31932,1987-06-08 00:00:00,-0.0312409946034878,-0.1674830293815012,0.1050010401745255,144.36,-38.147
31933,1987-06-09 00:00:00,0.02281298318937,-0.1134625169969562,0.1590884833756963,144.36,-38.147
31934,1987-06-10 00:00:00,0.0413258792594381,-0.0949511549754132,0.1776029134942896,144.36,-38.147
31935,1987-06-11 00:00:00,0.1739016467963571,0.0374411590949517,0.3103621344977624,144.36,-38.147
31936,1987-06-12 00:00:00,0.0622657855760973,-0.0742420169113011,0.1987735880634958,144.36,-38.147
31937,1987-06-13 00:00:00,0.142482762427285,0.0061525404568524,0.2788129843977176,144.36,-38.147
31938,1987-06-14 00:00:00,0.0534747310709558,-0.0828835415798962,0.1898330037218079,144.36,-38.147
31939,1987-06-15 00:00:00,-0.0420189700342516,-0.1782804739275164,0.0942425338590131,144.36,-38.147
31940,1987-06-16 00:00:00,-0.0707663098553087,-0.2069832955817465,0.0654506758711291,144.36,-38.147
31941,1987-06-17 00:00:00,-0.0649468564257118,-0.2011812637147407,0.071287550863317,144.36,-38.147
31942,1987-06-18 00:00:00,-0.0320429290563075,-0.1682617677982847,0.1041759096856697,144.36,-38.147
31943,1987-06-19 00:00:00,-0.0069554405577067,-0.1431632128703515,0.129252331754938,144.36,-38.147
31944,1987-06-20 00:00:00,0.0248061638518767,-0.1114153078155276,0.1610276355192811,144.36,-38.147
31945,1987-06-21 00:00:00,0.0898866118878146,-0.0463851857195431,0.2261584094951723,144.36,-38.147
31946,1987-06-22 00:00:00,0.315740810563939,0.1780104398114689,0.453471181316409,144.36,-38.147
31947,1987-06-23 00:00:00,0.0920367296743541,-0.0455447584354916,0.2296182177841999,144.36,-38.147
31948,1987-06-24 00:00:00,0.1261467802565066,-0.0107384437211016,0.263032004234115,144.36,-38.147
31949,1987-06-25 00:00:00,0.1686504312340971,0.0322059638825504,0.3050948985856438,144.36,-38.147
31950,1987-06-26 00:00:00,0.1990956059948092,0.0627565500277821,0.3354346619618363,144.36,-38.147
31951,1987-06-27 00:00:00,0.154193749989814,0.0178506598496459,0.290536840129982,144.36,-38.147
31952,1987-06-28 00:00:00,0.1225377178694545,-0.0137617462461126,0.2588371819850216,144.36,-38.147
31953,1987-06-29 00:00:00,0.0749794728896289,-0.0613054596480904,0.2112644054273484,144.36,-38.147
31954,1987-06-30 00:00:00,0.0303877671195654,-0.1058162029786759,0.1665917372178069,144.36,-38.147
31955,1987-07-01 00:00:00,0.0031023046832087,-0.1331264623192039,0.1393310716856214,144.36,-38.147
31956,1987-07-02 00:00:00,0.0273814874600841,-0.108828713381796,0.1635916883019643,144.36,-38.147
31957,1987-07-03 00:00:00,0.0314468891021571,-0.1047535785920116,0.167647356796326,144.36,-38.147
31958,1987-07-04 00:00:00,0.017545002787777,-0.1186516686204922,0.1537416741960462,144.36,-38.147
31959,1987-07-05 00:00:00,0.026778576914631,-0.1094521152302871,0.1630092690595492,144.36,-38.147
31960,1987-07-06 00:00:00,0.0079756678195036,-0.1282921414658981,0.1442434771049055,144.36,-38.147
31961,1987-07-07 00:00:00,-0.0449731751497663,-0.1812297689627955,0.0912834186632629,144.36,-38.147
31962,1987-07-08 00:00:00,-0.0560816167926857,-0.1923640337206547,0.0802008001352831,144.36,-38.147
31963,1987-07-09 00:00:00,-0.0123791270844697,-0.1487702632723581,0.1240120091034186,144.36,-38.147
31964,1987-07-10 00:00:00,0.0773786752003013,-0.0592869023522234,0.214044252752826,144.36,-38.147
31965,1987-07-11 00:00:00,0.2093610666583427,0.0726864535920581,0.3460356797246272,144.36,-38.147
31966,1987-07-12 00:00:00,0.0493372458392756,-0.0870365890667088,0.1857110807452602,144.36,-38.147
31967,1987-07-13 00:00:00,0.0148540597589373,-0.1213808480078566,0.1510889675257312,144.36,-38.147
31968,1987-07-14 00:00:00,0.0910580895676818,-0.0454127735757145,0.2275289527110782,144.36,-38.147
31969,1987-07-15 00:00:00,0.2750595497413553,0.1378952847801861,0.4122238147025245,144.36,-38.147
31970,1987-07-16 00:00:00,0.255023827168911,0.1181471447788274,0.3919005095589944,144.36,-38.147
31971,1987-07-17 00:00:00,0.1820911637530947,0.0456747225708054,0.318507604935384,144.36,-38.147
31972,1987-07-18 00:00:00,0.1174845049700699,-0.0190395989543858,0.2540086088945257,144.36,-38.147
31973,1987-07-19 00:00:00,0.1092855822747484,-0.0270948492081104,0.2456660137576073,144.36,-38.147
31974,1987-07-20 00:00:00,0.0536541777158814,-0.0827896524054524,0.1900980078372152,144.36,-38.147
31975,1987-07-21 00:00:00,-0.0226303631951672,-0.158999992624768,0.1137392662344335,144.36,-38.147
31976,1987-07-22 00:00:00,-0.0317114205158655,-0.1681496904009772,0.1047268493692462,144.36,-38.147
31977,1987-07-23 00:00:00,-0.035313829004928,-0.171657327040561,0.1010296690307049,144.36,-38.147
31978,1987-07-24 00:00:00,-0.0279737179740086,-0.1642187230268261,0.1082712870788089,144.36,-38.147
31979,1987-07-25 00:00:00,0.0147586914739756,-0.1215391491913226,0.151056532139274,144.36,-38.147
31980,1987-07-26 00:00:00,0.0451669846355191,-0.0911593335653404,0.1814933028363786,144.36,-38.147
31981,1987-07-27 00:00:00,0.0541436995790842,-0.08210817273191,0.1903955718900785,144.36,-38.147
31982,1987-07-28 00:00:00,0.0396028391667101,-0.096651442172166,0.1758571205055863,144.36,-38.147
31983,1987-07-29 00:00:00,0.0528384157026475,-0.0834025594652921,0.1890793908705872,144.36,-38.147
31984,1987-07-30 00:00:00,0.0235039548816729,-0.1128730795098777,0.1598809892732236,144.36,-38.147
31985,1987-07-31 00:00:00,0.2509354789765619,0.1135663744809086,0.3883045834722152,144.36,-38.147
31986,1987-08-01 00:00:00,0.1143999230239414,-0.0227122013489022,0.251512047396785,144.36,-38.147
31987,1987-08-02 00:00:00,0.1298139216501586,-0.0070280453434556,0.2666558886437729,144.36,-38.147
31988,1987-08-03 00:00:00,0.1375134398118308,0.000875911303521,0.2741509683201406,144.36,-38.147
31989,1987-08-04 00:00:00,0.0342037726422334,-0.1023122460643261,0.1707197913487929,144.36,-38.147
31990,1987-08-05 00:00:00,0.1805046793037303,0.0440807718665912,0.3169285867408694,144.36,-38.147
31991,1987-08-06 00:00:00,0.1045841639352806,-0.0321310633840717,0.2412993912546329,144.36,-38.147
31992,1987-08-07 00:00:00,0.0293558619235604,-0.1072109912037488,0.1659227150508696,144.36,-38.147
31993,1987-08-08 00:00:00,0.0454922710755986,-0.0908037333625457,0.1817882755137431,144.36,-38.147
31994,1987-08-09 00:00:00,-0.0321928688869882,-0.1686856734658139,0.1042999356918373,144.36,-38.147
31995,1987-08-10 00:00:00,-0.0628190695708222,-0.1991792544872231,0.0735411153455787,144.36,-38.147
31996,1987-08-11 00:00:00,-0.0569971662248841,-0.1933156536797106,0.0793213212299424,144.36,-38.147
31997,1987-08-12 00:00:00,-0.090064971963537,-0.2263226545503953,0.0461927106233212,144.36,-38.147
31998,1987-08-13 00:00:00,-0.0503772825578664,-0.1865983519453017,0.0858437868295688,144.36,-38.147
31999,1987-08-14 00:00:00,0.0569137709383796,-0.0793250954263981,0.1931526373031574,144.36,-38.147
32000,1987-08-15 00:00:00,0.0949931134456579,-0.0412333294486808,0.2312195563399966,144.36,-38.147
32001,1987-08-16 00:00:00,0.1070918219841023,-0.029231659891502,0.2434153038597067,144.36,-38.147
32002,1987-08-17 00:00:00,0.036170799973271,-0.1001738184635896,0.1725154184101317,144.36,-38.147
32003,1987-08-18 00:00:00,0.0579664764561395,-0.0782879633671057,0.1942209162793847,144.36,-38.147
32004,1987-08-19 00:00:00,0.0700498975213279,-0.0662047466527024,0.2063045416953583,144.36,-38.147
32005,1987-08-20 00:00:00,0.0396674257913029,-0.0965582184583539,0.1758930700409598,144.36,-38.147
32006,1987-08-21 00:00:00,0.0199867995794264,-0.1163090358797643,0.1562826350386171,144.36,-38.147
32007,1987-08-22 00:00:00,0.072115951913907,-0.0643746290332194,0.2086065328610334,144.36,-38.147
32008,1987-08-23 00:00:00,0.1984974043144377,0.0617558352959433,0.3352389733329321,144.36,-38.147
32009,1987-08-24 00:00:00,0.4657140633748294,0.3286775980515818,0.602750528698077,144.36,-38.147
32010,1987-08-25 00:00:00,0.0817243192899663,-0.0548744912033923,0.2183231297833249,144.36,-38.147
32011,1987-08-26 00:00:00,0.0434250918306651,-0.0928256315605366,0.179675815221867,144.36,-38.147
32012,1987-08-27 00:00:00,0.0424646229203384,-0.0937987378137916,0.1787279836544685,144.36,-38.147
32013,1987-08-28 00:00:00,0.0948305302404116,-0.0416356658871647,0.2312967263679881,144.36,-38.147
32014,1987-08-29 00:00:00,0.051719611001061,-0.0845560470746771,0.1879952690767992,144.36,-38.147
32015,1987-08-30 00:00:00,0.0499610534197766,-0.0862831212925192,0.1862052281320725,144.36,-38.147
32016,1987-08-31 00:00:00,0.2375111434357843,0.1006029217322102,0.3744193651393583,144.36,-38.147
32017,1987-09-01 00:00:00,0.1038811561187515,-0.0334818857149886,0.2412441979524917,144.36,-38.147
32018,1987-09-02 00:00:00,0.0456249325530068,-0.0908276740071837,0.1820775391131973,144.36,-38.147
32019,1987-09-03 00:00:00,0.2715770052605817,0.1343041430647499,0.4088498674564136,144.36,-38.147
32020,1987-09-04 00:00:00,0.0408806930262063,-0.0957796209051451,0.1775410069575578,144.36,-38.147
32021,1987-09-05 00:00:00,0.0303718345786165,-0.1058271403883516,0.1665708095455846,144.36,-38.147
32022,1987-09-06 00:00:00,0.0673744384170884,-0.0689078341549719,0.2036567109891487,144.36,-38.147
32023,1987-09-07 00:00:00,0.084221476216959,-0.0520162764580033,0.2204592288919215,144.36,-38.147
32024,1987-09-08 00:00:00,0.2026321273638279,0.0662403290207392,0.3390239257069167,144.36,-38.147
32025,1987-09-09 00:00:00,0.2119181855801136,0.0751809574240852,0.348655413736142,144.36,-38.147
32026,1987-09-10 00:00:00,0.1759884517193224,0.0385962626718888,0.313380640766756,144.36,-38.147
32027,1987-09-11 00:00:00,-0.0329461724953415,-0.1694554084182441,0.1035630634275611,144.36,-38.147
32028,1987-09-12 00:00:00,0.0876592344224429,-0.0486903570169651,0.2240088258618509,144.36,-38.147
32029,1987-09-13 00:00:00,0.0942562271525851,-0.0421294148511113,0.2306418691562815,144.36,-38.147
32030,1987-09-14 00:00:00,0.068271053048226,-0.0680849095956313,0.2046270156920833,144.36,-38.147
32031,1987-09-15 00:00:00,0.054588740889232,-0.0816742855398448,0.1908517673183088,144.36,-38.147
32032,1987-09-16 00:00:00,0.081199398420615,-0.0550177449621967,0.2174165418034268,144.36,-38.147
32033,1987-09-17 00:00:00,0.0849268181065599,-0.0513124996192574,0.2211661358323773,144.36,-38.147
32034,1987-09-18 00:00:00,0.0345028242987222,-0.1017136592365615,0.1707193078340059,144.36,-38.147
32035,1987-09-19 00:00:00,0.1159586265193227,-0.0205675567058775,0.2524848097445231,144.36,-38.147
32036,1987-09-20 00:00:00,0.1275462474604234,-0.008965109660734,0.264057604581581,144.36,-38.147
32037,1987-09-21 00:00:00,0.0778644643321044,-0.0584123099019038,0.2141412385661126,144.36,-38.147
32038,1987-09-22 00:00:00,0.0325707478733822,-0.1036726199195105,0.1688141156662751,144.36,-38.147
32039,1987-09-23 00:00:00,-0.0244693606079213,-0.1606890829463968,0.111750361730554,144.36,-38.147
32040,1987-09-24 00:00:00,0.0200166697355028,-0.1162224224490943,0.1562557619201,144.36,-38.147
32041,1987-09-25 00:00:00,0.086734528561524,-0.0495850625817212,0.2230541197047693,144.36,-38.147
32042,1987-09-26 00:00:00,0.0042975295127809,-0.1319524593825085,0.1405475184080704,144.36,-38.147
32043,1987-09-27 00:00:00,0.0637517319075604,-0.0728754517965979,0.2003789156117188,144.36,-38.147
32044,1987-09-28 00:00:00,0.1202975501514725,-0.0165980008844172,0.2571931011873624,144.36,-38.147
32045,1987-09-29 00:00:00,0.1845314061114817,0.0480800018500114,0.3209828103729519,144.36,-38.147
32046,1987-09-30 00:00:00,0.1363909742049663,-0.0005342276025748,0.2733161760125075,144.36,-38.147
32047,1987-10-01 00:00:00,-0.0228810074384297,-0.1594240177309841,0.1136620028541245,144.36,-38.147
32048,1987-10-02 00:00:00,-0.0177911857431351,-0.1540148269980571,0.1184324555117867,144.36,-38.147
32049,1987-10-03 00:00:00,0.0001213313879154,-0.1360975578108167,0.1363402205866477,144.36,-38.147
32050,1987-10-04 00:00:00,0.1066391488751272,-0.0300898286014753,0.2433681263517298,144.36,-38.147
32051,1987-10-05 00:00:00,0.2827879537096046,0.1452614276937301,0.420314479725479,144.36,-38.147
32052,1987-10-06 00:00:00,0.2494835121400629,0.1129694467474086,0.3859975775327171,144.36,-38.147
32053,1987-10-07 00:00:00,0.2696642160142622,0.1330469187243375,0.406281513304187,144.36,-38.147
32054,1987-10-08 00:00:00,0.1285407050905033,-0.0077808756043325,0.2648622857853392,144.36,-38.147
32055,1987-10-09 00:00:00,0.1115842414348892,-0.0246074234984213,0.2477759063681997,144.36,-38.147
32056,1987-10-10 00:00:00,0.1068646746663206,-0.0293343975264993,0.2430637468591407,144.36,-38.147
32057,1987-10-11 00:00:00,0.0544561429943113,-0.0817220280137761,0.1906343140023987,144.36,-38.147
32058,1987-10-12 00:00:00,0.0226703951617135,-0.1135782576737021,0.1589190479971292,144.36,-38.147
32059,1987-10-13 00:00:00,-0.0370323007533375,-0.1734280934495213,0.0993634919428463,144.36,-38.147
32060,1987-10-14 00:00:00,-0.0673826659863292,-0.203734438976669,0.0689691070040105,144.36,-38.147
32061,1987-10-15 00:00:00,0.0580970024816501,-0.0785872447506601,0.1947812497139603,144.36,-38.147
32062,1987-10-16 00:00:00,0.3557757087897016,0.2179415892610604,0.4936098283183429,144.36,-38.147
32063,1987-10-17 00:00:00,0.3874301965894109,0.2495339518543611,0.5253264413244607,144.36,-38.147
32064,1987-10-18 00:00:00,0.1132965276440134,-0.0233432108239525,0.2499362661119794,144.36,-38.147
32065,1987-10-19 00:00:00,0.0845480197467162,-0.0521245933400123,0.2212206328334447,144.36,-38.147
32066,1987-10-20 00:00:00,0.0335453590320138,-0.1029787880941481,0.1700695061581759,144.36,-38.147
32067,1987-10-21 00:00:00,0.0144812204682559,-0.121788165741758,0.15075060667827,144.36,-38.147
32068,1987-10-22 00:00:00,0.0521710255169825,-0.0840351973189687,0.1883772483529339,144.36,-38.147
32069,1987-10-23 00:00:00,0.0974627710425629,-0.0387639802325206,0.2336895223176464,144.36,-38.147
32070,1987-10-24 00:00:00,0.0806404081806531,-0.0556000071968526,0.2168808235581588,144.36,-38.147
32071,1987-10-25 00:00:00,0.0381982458117939,-0.098083524300234,0.1744800159238219,144.36,-38.147
32072,1987-10-26 00:00:00,-0.0021095084373944,-0.1383962097952851,0.1341771929204961,144.36,-38.147
32073,1987-10-27 00:00:00,0.0913216012790343,-0.0449928118350794,0.227636014393148,144.36,-38.147
32074,1987-10-28 00:00:00,0.1243321572228052,-0.01202598234256,0.2606902967881706,144.36,-38.147
32075,1987-10-29 00:00:00,0.0223780622792714,-0.113833527615723,0.1585896521742658,144.36,-38.147
32076,1987-10-30 00:00:00,-0.0197401762336229,-0.1559354603318302,0.1164551078645843,144.36,-38.147
32077,1987-10-31 00:00:00,0.0228613371422089,-0.1134117608223267,0.1591344351067446,144.36,-38.147
32078,1987-11-01 00:00:00,0.0551592306614547,-0.0812701370373527,0.1915885983602622,144.36,-38.147
32079,1987-11-02 00:00:00,0.0782035873027888,-0.0588353446578973,0.2152425192634749,144.36,-38.147
32080,1987-11-03 00:00:00,0.4268044211610201,0.2890851776033658,0.5645236647186744,144.36,-38.147
32081,1987-11-04 00:00:00,0.1425763410968625,0.0060176051111913,0.2791350770825337,144.36,-38.147
32082,1987-11-05 00:00:00,0.0586752733510176,-0.0775600787309679,0.1949106254330032,144.36,-38.147
32083,1987-11-06 00:00:00,0.031786223550316,-0.1044115567868012,0.1679840038874333,144.36,-38.147
32084,1987-11-07 00:00:00,-0.0030123998756672,-0.139186620643313,0.1331618208919785,144.36,-38.147
32085,1987-11-08 00:00:00,-0.0073336045856944,-0.1435187936052923,0.1288515844339033,144.36,-38.147
32086,1987-11-09 00:00:00,0.0717450766909114,-0.0644990358260268,0.2079891892078498,144.36,-38.147
32087,1987-11-10 00:00:00,0.1118431000459005,-0.024440115234341,0.2481263153261421,144.36,-38.147
32088,1987-11-11 00:00:00,0.0823355112531762,-0.053976969795863,0.2186479923022154,144.36,-38.147
32089,1987-11-12 00:00:00,0.0656279209549999,-0.0706651527853565,0.2019209946953564,144.36,-38.147
32090,1987-11-13 00:00:00,0.0765363948410975,-0.0596897832765558,0.212762572958751,144.36,-38.147
32091,1987-11-14 00:00:00,0.0362359347604833,-0.0999518413376014,0.1724237108585681,144.36,-38.147
32092,1987-11-15 00:00:00,0.0161255422703983,-0.1200706992689845,0.1523217838097813,144.36,-38.147
32093,1987-11-16 00:00:00,-0.0075320384415416,-0.1438148416828839,0.1287507647998007,144.36,-38.147
32094,1987-11-17 00:00:00,0.0293901629549199,-0.1069783650063342,0.1657586909161741,144.36,-38.147
32095,1987-11-18 00:00:00,0.0484536240454604,-0.0880293874758684,0.1849366355667893,144.36,-38.147
32096,1987-11-19 00:00:00,0.0648046273762377,-0.0719349815421074,0.2015442362945828,144.36,-38.147
32097,1987-11-20 00:00:00,0.3092826805992076,0.1722469862396001,0.4463183749588152,144.36,-38.147
32098,1987-11-21 00:00:00,0.2078276917174563,0.0712086820185211,0.3444467014163915,144.36,-38.147
32099,1987-11-22 00:00:00,0.1433003804765907,0.0065660987375796,0.2800346622156018,144.36,-38.147
32100,1987-11-23 00:00:00,0.0338829425590811,-0.1035973376961423,0.1713632228143047,144.36,-38.147
32101,1987-11-24 00:00:00,0.499400514463249,0.3603654462049317,0.6384355827215662,144.36,-38.147
32102,1987-11-25 00:00:00,0.2846904632076261,0.1477647645214631,0.4216161618937891,144.36,-38.147
32103,1987-11-26 00:00:00,0.231690802013238,0.0951673226959835,0.3682142813304926,144.36,-38.147
32104,1987-11-27 00:00:00,0.1217006277598296,-0.0146539887544831,0.2580552442741425,144.36,-38.147
32105,1987-11-28 00:00:00,0.0278698729598009,-0.1084135484849451,0.164153294404547,144.36,-38.147
32106,1987-11-29 00:00:00,0.0321679792340481,-0.104610695562746,0.1689466540308423,144.36,-38.147
32107,1987-11-30 00:00:00,0.1655457780486627,0.0282868831129533,0.302804672984372,144.36,-38.147
32108,1987-12-01 00:00:00,0.0700108128137057,-0.0665469841421074,0.2065686097695188,144.36,-38.147
32109,1987-12-02 00:00:00,0.2333309841638165,0.0954784968925258,0.3711834714351072,144.36,-38.147
32110,1987-12-03 00:00:00,0.0142171113137348,-0.1228102876061901,0.1512445102336597,144.36,-38.147
32111,1987-12-04 00:00:00,-0.0369386838935732,-0.1733151074591368,0.0994377396719902,144.36,-38.147
32112,1987-12-05 00:00:00,0.0550746893711707,-0.0811977621505811,0.1913471408929227,144.36,-38.147
32113,1987-12-06 00:00:00,0.1091602706610683,-0.0271238360925848,0.2454443774147215,144.36,-38.147
32114,1987-12-07 00:00:00,0.0954354911102065,-0.0407715634178177,0.2316425456382307,144.36,-38.147
32115,1987-12-08 00:00:00,0.0242988309344987,-0.1119664111576383,0.1605640730266358,144.36,-38.147
32116,1987-12-09 00:00:00,-0.0076383646711466,-0.1438772257789807,0.1286004964366873,144.36,-38.147
32117,1987-12-10 00:00:00,0.0536321435314281,-0.0826287455478838,0.1898930326107401,144.36,-38.147
32118,1987-12-11 00:00:00,0.0890743020762094,-0.0472180644997611,0.2253666686521799,144.36,-38.147
32119,1987-12-12 00:00:00,0.0669254650491626,-0.0693126666207719,0.2031635967190973,144.36,-38.147
32120,1987-12-13 00:00:00,0.0631841678629749,-0.0730261223516793,0.1993944580776291,144.36,-38.147
32121,1987-12-14 00:00:00,0.0190433737458975,-0.117203579637396,0.155290327129191,144.36,-38.147
32122,1987-12-15 00:00:00,0.0448848658418874,-0.0914088315564677,0.1811785632402426,144.36,-38.147
32123,1987-12-16 00:00:00,0.1514408878540736,0.0150143113213413,0.2878674643868059,144.36,-38.147
32124,1987-12-17 00:00:00,0.1135661078488469,-0.0228766682847912,0.2500088839824851,144.36,-38.147
32125,1987-12-18 00:00:00,0.0808267100674111,-0.0555150863318679,0.2171685064666901,144.36,-38.147
32126,1987-12-19 00:00:00,0.0773140432470141,-0.0592104334355944,0.2138385199296226,144.36,-38.147
32127,1987-12-20 00:00:00,-0.0387058299503318,-0.1751744400594383,0.0977627801587746,144.36,-38.147
32128,1987-12-21 00:00:00,0.0082534472391235,-0.1281192042038997,0.1446260986821468,144.36,-38.147
32129,1987-12-22 00:00:00,-0.0114994049268054,-0.1479102298069743,0.1249114199533633,144.36,-38.147
32130,1987-12-23 00:00:00,0.0015864755871141,-0.1346496388697646,0.137822590043993,144.36,-38.147
32131,1987-12-24 00:00:00,0.1085632452227807,-0.0280865934166779,0.2452130838622394,144.36,-38.147
32132,1987-12-25 00:00:00,0.0700959038748795,-0.0667244170913225,0.2069162248410816,144.36,-38.147
32133,1987-12-26 00:00:00,0.0257194634867352,-0.1105817013360078,0.1620206283094783,144.36,-38.147
32134,1987-12-27 00:00:00,0.0698162759618236,-0.0666313238480973,0.2062638757717447,144.36,-38.147
32135,1987-12-28 00:00:00,0.2159331164157732,0.0788810639954019,0.3529851688361445,144.36,-38.147
32136,1987-12-29 00:00:00,0.0586699634854967,-0.0778626998666501,0.1952026268376436,144.36,-38.147
32137,1987-12-30 00:00:00,-0.0349365810184552,-0.1712958966170807,0.1014227345801703,144.36,-38.147
32138,1987-12-31 00:00:00,-0.0213842999109551,-0.1578202430052228,0.1150516431833125,144.36,-38.147
32139,1988-01-01 00:00:00,0.1726976932975441,0.0355149209687161,0.3098804656263721,144.36,-38.147
32140,1988-01-02 00:00:00,0.1651877200245442,0.0287776419554957,0.3015977980935928,144.36,-38.147
32141,1988-01-03 00:00:00,0.0798582079884553,-0.0563701555553036,0.2160865715322144,144.36,-38.147
32142,1988-01-04 00:00:00,0.0922724980090495,-0.0440685674788175,0.2286135634969167,144.36,-38.147
32143,1988-01-05 00:00:00,-0.0078918980365939,-0.144169029594295,0.1283852335211071,144.36,-38.147
32144,1988-01-06 00:00:00,-0.0019110051133281,-0.1381130362930628,0.1342910260664066,144.36,-38.147
32145,1988-01-07 00:00:00,0.0155852251242907,-0.1206674555662068,0.1518379058147882,144.36,-38.147
32146,1988-01-08 00:00:00,0.0834940401665028,-0.052895396321409,0.2198834766544146,144.36,-38.147
32147,1988-01-09 00:00:00,0.0304542808702791,-0.1060112834772761,0.1669198452178343,144.36,-38.147
32148,1988-01-10 00:00:00,0.1428146107460452,0.0061248593292347,0.2795043621628558,144.36,-38.147
32149,1988-01-11 00:00:00,0.0982641853180737,-0.0381895923071611,0.2347179629433085,144.36,-38.147
32150,1988-01-12 00:00:00,0.0335111060476273,-0.1030156452922331,0.1700378573874879,144.36,-38.147
32151,1988-01-13 00:00:00,0.0629537464435474,-0.073713168312362,0.1996206611994569,144.36,-38.147
32152,1988-01-14 00:00:00,0.0451430354422559,-0.0914545264144622,0.181740597298974,144.36,-38.147
32153,1988-01-15 00:00:00,0.0499345599936411,-0.0866802612610801,0.1865493812483623,144.36,-38.147
32154,1988-01-16 00:00:00,0.1879528448879486,0.051252190133105,0.3246534996427922,144.36,-38.147
32155,1988-01-17 00:00:00,0.1375465190077237,0.0009113706602719,0.2741816673551756,144.36,-38.147
32156,1988-01-18 00:00:00,0.076185094768669,-0.0602190902993442,0.2125892798366822,144.36,-38.147
32157,1988-01-19 00:00:00,0.0270697961981563,-0.1091837964087742,0.1633233888050869,144.36,-38.147
32158,1988-01-20 00:00:00,0.0380678202165144,-0.0985940863328701,0.1747297267658991,144.36,-38.147
32159,1988-01-21 00:00:00,0.2283155413218817,0.0913994782839593,0.3652316043598041,144.36,-38.147
32160,1988-01-22 00:00:00,0.1064251109604665,-0.0298978241721377,0.2427480460930709,144.36,-38.147
32161,1988-01-23 00:00:00,0.1465690139103944,0.0101895207368802,0.2829485070839087,144.36,-38.147
32162,1988-01-24 00:00:00,0.2753530737740523,0.138434812078744,0.4122713354693607,144.36,-38.147
32163,1988-01-25 00:00:00,0.1054378595413915,-0.0309167883923899,0.241792507475173,144.36,-38.147
32164,1988-01-26 00:00:00,0.0219277532241699,-0.1142702294688616,0.1581257359172016,144.36,-38.147
32165,1988-01-27 00:00:00,0.0336121553144503,-0.102610358432771,0.1698346690616717,144.36,-38.147
32166,1988-01-28 00:00:00,0.0175653757633589,-0.1186300874319507,0.1537608389586687,144.36,-38.147
32167,1988-01-29 00:00:00,0.0443995604452185,-0.0918822676374485,0.1806813885278855,144.36,-38.147
32168,1988-01-30 00:00:00,0.1141307333209333,-0.0223002180626288,0.2505616847044955,144.36,-38.147
32169,1988-01-31 00:00:00,0.0665744136167739,-0.0706354175726953,0.2037842448062433,144.36,-38.147
32170,1988-02-01 00:00:00,-0.0138374924291526,-0.1507574621410811,0.1230824772827757,144.36,-38.147
32171,1988-02-02 00:00:00,-0.010535217517501,-0.1470014465734238,0.1259310115384216,144.36,-38.147
32172,1988-02-03 00:00:00,-0.0047363019618167,-0.1411219135645443,0.1316493096409109,144.36,-38.147
32173,1988-02-04 00:00:00,0.0134486742691012,-0.1227555678420876,0.14965291638029,144.36,-38.147
32174,1988-02-05 00:00:00,-0.0031441779143837,-0.1394341611203034,0.1331458052915359,144.36,-38.147
32175,1988-02-06 00:00:00,0.2574978993605604,0.1209431381341777,0.394052660586943,144.36,-38.147
32176,1988-02-07 00:00:00,0.1769638025080288,0.0405136279532104,0.3134139770628471,144.36,-38.147
32177,1988-02-08 00:00:00,0.1227395661822017,-0.013557636662863,0.2590367690272666,144.36,-38.147
32178,1988-02-09 00:00:00,0.03865199422278,-0.0976025321850836,0.1749065206306437,144.36,-38.147
32179,1988-02-10 00:00:00,0.0025065004790081,-0.1336792692442153,0.1386922702022315,144.36,-38.147
32180,1988-02-11 00:00:00,0.029084076425943,-0.1071713783807767,0.1653395312326628,144.36,-38.147
32181,1988-02-12 00:00:00,0.0422933588636968,-0.0942187628103226,0.1788054805377163,144.36,-38.147
32182,1988-02-13 00:00:00,0.0211915419423708,-0.1159603763250186,0.1583434602097603,144.36,-38.147
32183,1988-02-14 00:00:00,-0.0053430905269165,-0.1421560603380503,0.1314698792842171,144.36,-38.147
32184,1988-02-15 00:00:00,-0.0191013489786086,-0.1555262277785759,0.1173235298213586,144.36,-38.147
32185,1988-02-16 00:00:00,-0.0106403364645935,-0.1468900444865639,0.1256093715573767,144.36,-38.147
32186,1988-02-17 00:00:00,-0.0260889742362332,-0.1623524872013761,0.1101745387289096,144.36,-38.147
32187,1988-02-18 00:00:00,0.0544301629824655,-0.0818725186917858,0.1907328446567169,144.36,-38.147
32188,1988-02-19 00:00:00,0.1885142410928399,0.0519957948925212,0.3250326872931587,144.36,-38.147
32189,1988-02-20 00:00:00,0.0909995404537942,-0.0453991181813863,0.2273981990889749,144.36,-38.147
32190,1988-02-21 00:00:00,0.0524845540051254,-0.08374630558524,0.1887154135954909,144.36,-38.147
32191,1988-02-22 00:00:00,0.0741898518241497,-0.0620304636468788,0.2104101672951784,144.36,-38.147
32192,1988-02-23 00:00:00,0.0941764391776796,-0.0420425451321684,0.2303954234875277,144.36,-38.147
32193,1988-02-24 00:00:00,0.0719993726037426,-0.0642377233282307,0.208236468535716,144.36,-38.147
32194,1988-02-25 00:00:00,0.0024313823575777,-0.133832309032122,0.1386950737472776,144.36,-38.147
32195,1988-02-26 00:00:00,0.0277332392304058,-0.1085227423304411,0.1639892207912529,144.36,-38.147
32196,1988-02-27 00:00:00,0.1069275933963028,-0.0294684559559081,0.2433236427485137,144.36,-38.147
32197,1988-02-28 00:00:00,0.0858869721183073,-0.0505234686879884,0.2222974129246031,144.36,-38.147
32198,1988-02-29 00:00:00,0.058560764781141,-0.0776857637314172,0.1948072932936994,144.36,-38.147
32199,1988-03-01 00:00:00,0.0391731648809349,-0.09702609253367,0.17537242229554,144.36,-38.147
32200,1988-03-02 00:00:00,0.0173676282256179,-0.1188555869882595,0.1535908434394955,144.36,-38.147
32201,1988-03-03 00:00:00,0.1236686279144273,-0.0127704835177289,0.2601077393465836,144.36,-38.147
32202,1988-03-04 00:00:00,0.1592241591520229,0.0222622755585934,0.2961860427454524,144.36,-38.147
32203,1988-03-05 00:00:00,-0.0119753953087891,-0.1487608592403467,0.1248100686227685,144.36,-38.147
32204,1988-03-06 00:00:00,-0.0581379261177885,-0.1944676081930377,0.0781917559574606,144.36,-38.147
32205,1988-03-07 00:00:00,-0.0567598905499414,-0.1930174695292643,0.0794976884293815,144.36,-38.147
32206,1988-03-08 00:00:00,-0.0220666031690564,-0.1583252655241307,0.1141920591860177,144.36,-38.147
32207,1988-03-09 00:00:00,0.087215311665034,-0.0490718725591309,0.223502495889199,144.36,-38.147
32208,1988-03-10 00:00:00,0.0604617435021772,-0.0757586025825326,0.196682089586887,144.36,-38.147
32209,1988-03-11 00:00:00,0.1087769444942517,-0.0278947038587978,0.2454485928473013,144.36,-38.147
32210,1988-03-12 00:00:00,0.2207831099133781,0.0832954566527273,0.3582707631740289,144.36,-38.147
32211,1988-03-13 00:00:00,0.1093888877167397,-0.0271165076613825,0.2458942830948619,144.36,-38.147
32212,1988-03-14 00:00:00,0.0184249908082032,-0.1179138235325236,0.1547638051489301,144.36,-38.147
32213,1988-03-15 00:00:00,-0.0168345143654915,-0.1531045839785014,0.1194355552475182,144.36,-38.147
32214,1988-03-16 00:00:00,-0.0183552678567485,-0.1546005583182385,0.1178900226047415,144.36,-38.147
32215,1988-03-17 00:00:00,-0.0412026311529515,-0.1773844067107465,0.0949791444048433,144.36,-38.147
32216,1988-03-18 00:00:00,-0.0313229383970676,-0.167502996741509,0.1048571199473737,144.36,-38.147
32217,1988-03-19 00:00:00,-0.029976590526527,-0.1661567599810445,0.1062035789279903,144.36,-38.147
32218,1988-03-20 00:00:00,-0.013655138445884,-0.1498347537381818,0.1225244768464137,144.36,-38.147
32219,1988-03-21 00:00:00,0.0099111026563008,-0.1262963597325841,0.1461185650451859,144.36,-38.147
32220,1988-03-22 00:00:00,-0.020011090911873,-0.1563240663908674,0.1163018845671212,144.36,-38.147
32221,1988-03-23 00:00:00,-0.0422523823750233,-0.1785000616038874,0.0939952968538407,144.36,-38.147
32222,1988-03-24 00:00:00,-0.0053476794755418,-0.1415731487329301,0.1308777897818463,144.36,-38.147
32223,1988-03-25 00:00:00,-0.0237024771539128,-0.1599063506307832,0.1125013963229575,144.36,-38.147
32224,1988-03-26 00:00:00,-0.0109337231958851,-0.1471271235903889,0.1252596771986187,144.36,-38.147
32225,1988-03-27 00:00:00,0.0421976019003975,-0.0940369030566917,0.1784321068574868,144.36,-38.147
32226,1988-03-28 00:00:00,0.0235780222425742,-0.1127017193808448,0.1598577638659934,144.36,-38.147
32227,1988-03-29 00:00:00,0.019895818397852,-0.1163589400155486,0.1561505768112526,144.36,-38.147
32228,1988-03-30 00:00:00,0.0487486273227047,-0.0875071074828067,0.1850043621282162,144.36,-38.147
32229,1988-03-31 00:00:00,0.0733901840198585,-0.0631047997733839,0.2098851678131009,144.36,-38.147
32230,1988-04-01 00:00:00,0.0522400783692533,-0.0842195260733113,0.188699682811818,144.36,-38.147
32231,1988-04-02 00:00:00,0.0418220410015532,-0.0944955152786445,0.1781395972817509,144.36,-38.147
32232,1988-04-03 00:00:00,0.0264111244213525,-0.1097904312595539,0.162612680102259,144.36,-38.147
32233,1988-04-04 00:00:00,0.0626888771876206,-0.0735916186683458,0.1989693730435871,144.36,-38.147
32234,1988-04-05 00:00:00,0.0620972096261186,-0.0742207829789336,0.1984152022311709,144.36,-38.147
32235,1988-04-06 00:00:00,0.0349026331571355,-0.1013351483374337,0.1711404146517048,144.36,-38.147
32236,1988-04-07 00:00:00,0.0002635272402803,-0.1359499117954832,0.136476966276044,144.36,-38.147
32237,1988-04-08 00:00:00,0.0433333719087048,-0.0931702262381298,0.1798369700555395,144.36,-38.147
32238,1988-04-09 00:00:00,-0.0038734985926893,-0.140646786080646,0.1328997888952673,144.36,-38.147
32239,1988-04-10 00:00:00,-0.0888990944921762,-0.2256191139587037,0.0478209249743512,144.36,-38.147
32240,1988-04-11 00:00:00,-0.0202160142767182,-0.1566514155019108,0.1162193869484742,144.36,-38.147
32241,1988-04-12 00:00:00,0.0026182566416829,-0.1336273241649591,0.1388638374483251,144.36,-38.147
32242,1988-04-13 00:00:00,0.0949078695327151,-0.0413262962304525,0.2311420352958827,144.36,-38.147
32243,1988-04-14 00:00:00,0.0446974694986345,-0.0914967277672396,0.1808916667645086,144.36,-38.147
32244,1988-04-15 00:00:00,0.1359332720912894,-0.0004875277149375,0.2723540718975164,144.36,-38.147
32245,1988-04-16 00:00:00,0.044757014266962,-0.0917133993837273,0.1812274279176513,144.36,-38.147
32246,1988-04-17 00:00:00,-0.0772132482913152,-0.2134236857803688,0.0589971891977382,144.36,-38.147
32247,1988-04-18 00:00:00,-0.0787509491250015,-0.2149890467621706,0.0574871485121676,144.36,-38.147
32248,1988-04-19 00:00:00,-0.0236565537820676,-0.1598720100432282,0.1125589024790928,144.36,-38.147
32249,1988-04-20 00:00:00,-0.0113063383553928,-0.1475223609711264,0.1249096842603407,144.36,-38.147
32250,1988-04-21 00:00:00,-0.0234601700426992,-0.1596807670307156,0.1127604269453172,144.36,-38.147
32251,1988-04-22 00:00:00,-0.0202855568009582,-0.1565252873842099,0.1159541737822934,144.36,-38.147
32252,1988-04-23 00:00:00,0.1525594083439463,0.0161152547663011,0.2890035619215916,144.36,-38.147
32253,1988-04-24 00:00:00,0.1288303654136363,-0.0075012747979031,0.2651620056251758,144.36,-38.147
32254,1988-04-25 00:00:00,0.0340282882849809,-0.1022185861796347,0.1702751627495966,144.36,-38.147
32255,1988-04-26 00:00:00,0.1215828611701336,-0.0148432652493566,0.258008987589624,144.36,-38.147
32256,1988-04-27 00:00:00,0.0211401613403989,-0.1152991310386033,0.1575794537194012,144.36,-38.147
32257,1988-04-28 00:00:00,-0.0711848416148985,-0.2077813732659981,0.065411690036201,144.36,-38.147
32258,1988-04-29 00:00:00,-0.0999013816132681,-0.2370748785171578,0.0372721152906215,144.36,-38.147
32259,1988-04-30 00:00:00,-0.0317203405237743,-0.1690529456836187,0.10561226463607,144.36,-38.147
32260,1988-05-01 00:00:00,0.0168414786779987,-0.1197278737712724,0.15341083112727,144.36,-38.147
32261,1988-05-02 00:00:00,0.0310519602735881,-0.1052261219218242,0.1673300424690006,144.36,-38.147
32262,1988-05-03 00:00:00,0.018699216340759,-0.1174689585478297,0.1548673912293478,144.36,-38.147
32263,1988-05-04 00:00:00,0.0477161107723751,-0.0885607739214807,0.1839929954662311,144.36,-38.147
32264,1988-05-05 00:00:00,0.0140214326845587,-0.1222879748810966,0.1503308402502141,144.36,-38.147
32265,1988-05-06 00:00:00,0.1039384316798491,-0.0324233615739437,0.240300224933642,144.36,-38.147
32266,1988-05-07 00:00:00,0.2025874536199549,0.0663294598093629,0.3388454474305469,144.36,-38.147
32267,1988-05-08 00:00:00,0.1224926591510567,-0.0137188833533033,0.2587042016554167,144.36,-38.147
32268,1988-05-09 00:00:00,0.0520804261787695,-0.0841155344904693,0.1882763868480084,144.36,-38.147
32269,1988-05-10 00:00:00,0.0589154094846772,-0.0774897184597494,0.1953205374291038,144.36,-38.147
32270,1988-05-11 00:00:00,-7.777671305390921e-05,-0.1364440671295872,0.1362885137034793,144.36,-38.147
32271,1988-05-12 00:00:00,-0.0312344890700296,-0.1674734804924064,0.1050045023523472,144.36,-38.147
32272,1988-05-13 00:00:00,-0.0291958119408652,-0.1654059174090968,0.1070142935273663,144.36,-38.147
32273,1988-05-14 00:00:00,0.0200406369346559,-0.1162026357445176,0.1562839096138294,144.36,-38.147
32274,1988-05-15 00:00:00,0.0496630973684913,-0.0865858068142821,0.1859120015512648,144.36,-38.147
32275,1988-05-16 00:00:00,0.0870187759394432,-0.0492464773729389,0.2232840292518253,144.36,-38.147
32276,1988-05-17 00:00:00,0.1321623158926903,-0.0041757427305652,0.268500374515946,144.36,-38.147
32277,1988-05-18 00:00:00,0.174786952377912,0.0383074058400441,0.3112664989157799,144.36,-38.147
32278,1988-05-19 00:00:00,0.1258529269323474,-0.0106739237390313,0.2623797776037261,144.36,-38.147
32279,1988-05-20 00:00:00,0.1020367773008309,-0.0344975319022599,0.2385710865039219,144.36,-38.147
32280,1988-05-21 00:00:00,0.0842103316957333,-0.0523425524871495,0.2207632158786162,144.36,-38.147
32281,1988-05-22 00:00:00,0.0642346533965467,-0.0721490702494204,0.2006183770425138,144.36,-38.147
32282,1988-05-23 00:00:00,0.047659411307329,-0.0894271379749363,0.1847459605895944,144.36,-38.147
32283,1988-05-24 00:00:00,0.2117283740148197,0.0747218364543557,0.3487349115752837,144.36,-38.147
32284,1988-05-25 00:00:00,0.0608005641811837,-0.0756607249095645,0.1972618532719321,144.36,-38.147
32285,1988-05-26 00:00:00,0.036901987956161,-0.099442019197956,0.1732459951102782,144.36,-38.147
32286,1988-05-27 00:00:00,0.100934933179085,-0.0353733489668444,0.2372432153250145,144.36,-38.147
32287,1988-05-28 00:00:00,0.3333671053337955,0.1965887782214758,0.4701454324461152,144.36,-38.147
32288,1988-05-29 00:00:00,0.0767338208480163,-0.0596466623040827,0.2131143040001154,144.36,-38.147
32289,1988-05-30 00:00:00,0.0023110710239434,-0.1339297629602131,0.1385519050080999,144.36,-38.147
32290,1988-05-31 00:00:00,-0.0033737639653226,-0.1396420905831888,0.1328945626525435,144.36,-38.147
32291,1988-06-01 00:00:00,0.0155029559327442,-0.1207549083946703,0.1517608202601587,144.36,-38.147
32292,1988-06-02 00:00:00,0.0106314597607531,-0.125687500630741,0.1469504201522472,144.36,-38.147
32293,1988-06-03 00:00:00,0.0022777664367262,-0.1340728656602623,0.1386283985337148,144.36,-38.147
32294,1988-06-04 00:00:00,0.0297254346070052,-0.106789336821529,0.1662402060355396,144.36,-38.147
32295,1988-06-05 00:00:00,0.0752171125902723,-0.0613347937373787,0.2117690189179233,144.36,-38.147
32296,1988-06-06 00:00:00,0.2335937988070061,0.0948998232042593,0.3722877744097529,144.36,-38.147
32297,1988-06-07 00:00:00,0.376703438619056,0.2377236827920527,0.5156831944460593,144.36,-38.147
32298,1988-06-08 00:00:00,0.0332233779031939,-0.1033011204205428,0.1697478762269307,144.36,-38.147
32299,1988-06-09 00:00:00,0.0202654348312316,-0.115997825755076,0.1565286954175392,144.36,-38.147
32300,1988-06-10 00:00:00,0.1657389937500534,0.0293860844212648,0.302091903078842,144.36,-38.147
32301,1988-06-11 00:00:00,0.1641714313250514,0.0277788966860814,0.3005639659640214,144.36,-38.147
32302,1988-06-12 00:00:00,0.0254766833863511,-0.1108195284697334,0.1617728952424357,144.36,-38.147
32303,1988-06-13 00:00:00,0.0509285074234598,-0.0858602892882486,0.1877173041351683,144.36,-38.147
32304,1988-06-14 00:00:00,0.1517893737859534,0.0149591056687444,0.2886196419031623,144.36,-38.147
32305,1988-06-15 00:00:00,0.0621643613129377,-0.0741760884689654,0.1985048110948409,144.36,-38.147
32306,1988-06-16 00:00:00,0.0873093881353899,-0.0489896511571827,0.2236084274279627,144.36,-38.147
32307,1988-06-17 00:00:00,0.0563928636468223,-0.0799345665727639,0.1927202938664086,144.36,-38.147
32308,1988-06-18 00:00:00,0.1020510752991784,-0.0343258551539881,0.2384280057523451,144.36,-38.147
32309,1988-06-19 00:00:00,0.2669098047208922,0.1304465457403684,0.403373063701416,144.36,-38.147
32310,1988-06-20 00:00:00,0.0495629802086075,-0.0870625870502019,0.1861885474674169,144.36,-38.147
32311,1988-06-21 00:00:00,0.2334036158841136,0.0966952728040525,0.3701119589641746,144.36,-38.147
32312,1988-06-22 00:00:00,0.0324975613692307,-0.1037863576099779,0.1687814803484395,144.36,-38.147
32313,1988-06-23 00:00:00,-0.0081926887766909,-0.1444230738289466,0.1280376962755647,144.36,-38.147
32314,1988-06-24 00:00:00,-0.0272920565725065,-0.1635019276319073,0.1089178144868941,144.36,-38.147
32315,1988-06-25 00:00:00,-0.0077648115586296,-0.1440229340187591,0.1284933109014998,144.36,-38.147
32316,1988-06-26 00:00:00,0.0502492756943895,-0.0861405139082458,0.1866390652970249,144.36,-38.147
32317,1988-06-27 00:00:00,0.0651348375405498,-0.071447856949413,0.2017175320305128,144.36,-38.147
32318,1988-06-28 00:00:00,0.2390801963181834,0.1012409832099223,0.3769194094264446,144.36,-38.147
32319,1988-06-29 00:00:00,0.035444104379224,-0.1014152557908536,0.1723034645493018,144.36,-38.147
32320,1988-06-30 00:00:00,-0.0145527481379684,-0.1508367482421956,0.1217312519662586,144.36,-38.147
32321,1988-07-01 00:00:00,-0.0290503734724112,-0.1653391985723792,0.1072384516275568,144.36,-38.147
32322,1988-07-02 00:00:00,-0.0349155701401565,-0.1711317755715194,0.1013006352912063,144.36,-38.147
32323,1988-07-03 00:00:00,-0.0394751366485335,-0.1757042452478054,0.0967539719507382,144.36,-38.147
32324,1988-07-04 00:00:00,-0.049275178187547,-0.1855125068357245,0.0869621504606305,144.36,-38.147
32325,1988-07-05 00:00:00,-0.0484339064912363,-0.1847698405528187,0.087902027570346,144.36,-38.147
32326,1988-07-06 00:00:00,-0.0451364598232203,-0.181966371856376,0.0916934522099354,144.36,-38.147
32327,1988-07-07 00:00:00,0.0078040724960229,-0.1294302431247624,0.1450383881168084,144.36,-38.147
32328,1988-07-08 00:00:00,0.1592320571224033,0.0225280743021239,0.2959360399426827,144.36,-38.147
32329,1988-07-09 00:00:00,0.1715420952948748,0.0344349030194863,0.3086492875702632,144.36,-38.147
32330,1988-07-10 00:00:00,0.2083178510862343,0.0713259319573983,0.3453097702150703,144.36,-38.147
32331,1988-07-11 00:00:00,0.1487473641422015,0.0123985508525015,0.2850961774319014,144.36,-38.147
32332,1988-07-12 00:00:00,0.0013192196222162,-0.1349132078127787,0.1375516470572112,144.36,-38.147
32333,1988-07-13 00:00:00,0.0084747716904875,-0.1277872470700081,0.1447367904509831,144.36,-38.147
32334,1988-07-14 00:00:00,0.0013569493233484,-0.1354624772758817,0.1381763759225787,144.36,-38.147
32335,1988-07-15 00:00:00,0.211169421834665,0.0740552599692455,0.3482835837000845,144.36,-38.147
32336,1988-07-16 00:00:00,0.0117350265989697,-0.124671989855042,0.1481420430529814,144.36,-38.147
32337,1988-07-17 00:00:00,0.1968157797865623,0.0602890420493562,0.3333425175237685,144.36,-38.147
32338,1988-07-18 00:00:00,0.0429794948711396,-0.0933240357372166,0.1792830254794959,144.36,-38.147
32339,1988-07-19 00:00:00,0.0365550180200371,-0.0996799919994216,0.172790028039496,144.36,-38.147
32340,1988-07-20 00:00:00,0.1129843441163667,-0.0232865680086966,0.2492552562414301,144.36,-38.147
32341,1988-07-21 00:00:00,0.1267732081846987,-0.0096039748310475,0.263150391200445,144.36,-38.147
32342,1988-07-22 00:00:00,0.1557491536328063,0.0193109067075018,0.2921874005581109,144.36,-38.147
32343,1988-07-23 00:00:00,0.1136280804899007,-0.0226850528675278,0.2499412138473292,144.36,-38.147
32344,1988-07-24 00:00:00,0.0539098928574104,-0.0824828297486069,0.1903026154634278,144.36,-38.147
32345,1988-07-25 00:00:00,0.2202409199133579,0.0809466249573643,0.3595352148693516,144.36,-38.147
32346,1988-07-26 00:00:00,0.5537563043864057,0.413641067994128,0.6938715407786833,144.36,-38.147
32347,1988-07-27 00:00:00,0.108418117761233,-0.0284221579251391,0.2452583934476052,144.36,-38.147
32348,1988-07-28 00:00:00,0.0208881917688059,-0.1154555625293813,0.1572319460669931,144.36,-38.147
32349,1988-07-29 00:00:00,0.1125090413079412,-0.0238480905236024,0.2488661731394848,144.36,-38.147
32350,1988-07-30 00:00:00,0.0929828436975611,-0.043332745239669,0.2292984326347913,144.36,-38.147
32351,1988-07-31 00:00:00,0.1016960881890894,-0.0346388845317333,0.2380310609099123,144.36,-38.147
32352,1988-08-01 00:00:00,0.059901149689304,-0.0763894249117675,0.1961917242903755,144.36,-38.147
32353,1988-08-02 00:00:00,0.0324685132340926,-0.1037470238591837,0.168684050327369,144.36,-38.147
32354,1988-08-03 00:00:00,0.058125218161995,-0.0782517204288873,0.1945021567528775,144.36,-38.147
32355,1988-08-04 00:00:00,0.1972911984356951,0.0606755065524724,0.3339068903189178,144.36,-38.147
32356,1988-08-05 00:00:00,0.1042405471549961,-0.032277055703896,0.2407581500138883,144.36,-38.147
32357,1988-08-06 00:00:00,0.3385237999275175,0.2017304470568488,0.4753171527981862,144.36,-38.147
32358,1988-08-07 00:00:00,0.1481429005658437,0.0114120404059993,0.2848737607256882,144.36,-38.147
32359,1988-08-08 00:00:00,0.0304817223811106,-0.1073954747950027,0.1683589195572241,144.36,-38.147
32360,1988-08-09 00:00:00,-0.0991058057404088,-0.2360881740013714,0.0378765625205538,144.36,-38.147
32361,1988-08-10 00:00:00,-0.0199289295910492,-0.156163617920938,0.1163057587388396,144.36,-38.147
32362,1988-08-11 00:00:00,-0.0345131480092473,-0.170778079492374,0.1017517834738794,144.36,-38.147
32363,1988-08-12 00:00:00,-0.0449572638515032,-0.1811761749321342,0.0912616472291277,144.36,-38.147
32364,1988-08-13 00:00:00,-0.0221746837974043,-0.158423401161916,0.1140740335671073,144.36,-38.147
32365,1988-08-14 00:00:00,-0.0149886804786972,-0.1513228627564826,0.1213455017990881,144.36,-38.147
32366,1988-08-15 00:00:00,0.0367141390170484,-0.0996349059501474,0.1730631839842443,144.36,-38.147
32367,1988-08-16 00:00:00,0.107639829905946,-0.0287642211606622,0.2440438809725542,144.36,-38.147
32368,1988-08-17 00:00:00,0.1956045998294932,0.0589942386647929,0.3322149609941936,144.36,-38.147
32369,1988-08-18 00:00:00,0.1122150405935607,-0.0241432509551548,0.2485733321422762,144.36,-38.147
32370,1988-08-19 00:00:00,0.2317184177670851,0.0952916525665364,0.3681451829676339,144.36,-38.147
32371,1988-08-20 00:00:00,0.1175314145675329,-0.0188424248462649,0.2539052539813308,144.36,-38.147
32372,1988-08-21 00:00:00,0.1318561088903649,-0.0044508851988192,0.2681631029795492,144.36,-38.147
32373,1988-08-22 00:00:00,0.1679624355764092,0.0316469124188628,0.3042779587339557,144.36,-38.147
32374,1988-08-23 00:00:00,0.0920343800932417,-0.0443069359742406,0.2283756961607242,144.36,-38.147
32375,1988-08-24 00:00:00,0.0607082167800782,-0.0755383847087508,0.1969548182689073,144.36,-38.147
32376,1988-08-25 00:00:00,0.0751901544630978,-0.0610733135507835,0.2114536224769791,144.36,-38.147
32377,1988-08-26 00:00:00,0.0266698105195361,-0.1097672147587664,0.1631068357978388,144.36,-38.147
32378,1988-08-27 00:00:00,0.1333000376662255,-0.0039381562434153,0.2705382315758665,144.36,-38.147
32379,1988-08-28 00:00:00,0.1903990373296556,0.0538503051815019,0.3269477694778094,144.36,-38.147
32380,1988-08-29 00:00:00,0.0766889086155465,-0.0596010355748707,0.2129788528059639,144.36,-38.147
32381,1988-08-30 00:00:00,-0.0089060884857702,-0.1453459688505262,0.1275337918789857,144.36,-38.147
32382,1988-08-31 00:00:00,0.0294838298274981,-0.108111987571867,0.1670796472268633,144.36,-38.147
32383,1988-09-01 00:00:00,0.0018557070153396,-0.1346861152107559,0.1383975292414353,144.36,-38.147
32384,1988-09-02 00:00:00,0.0490276238835701,-0.0873777145873298,0.1854329623544701,144.36,-38.147
32385,1988-09-03 00:00:00,0.2023406620583085,0.0659511430415082,0.3387301810751089,144.36,-38.147
32386,1988-09-04 00:00:00,0.1070816855657144,-0.0292114808889705,0.2433748520203993,144.36,-38.147
32387,1988-09-05 00:00:00,0.0212175781404333,-0.1150053766283512,0.1574405329092178,144.36,-38.147
32388,1988-09-06 00:00:00,0.1098716610983834,-0.0265129512711696,0.2462562734679364,144.36,-38.147
32389,1988-09-07 00:00:00,0.0670358634210099,-0.0696030328487618,0.2036747596907817,144.36,-38.147
32390,1988-09-08 00:00:00,-0.0179024608480883,-0.1541978796984603,0.1183929580022837,144.36,-38.147
32391,1988-09-09 00:00:00,0.0696118056663419,-0.0666893843378081,0.2059129956704919,144.36,-38.147
32392,1988-09-10 00:00:00,0.068803219836625,-0.067588621193601,0.2051950608668511,144.36,-38.147
32393,1988-09-11 00:00:00,0.3001317916974568,0.1620672674115965,0.4381963159833171,144.36,-38.147
32394,1988-09-12 00:00:00,0.3316381973136827,0.1944533473482262,0.4688230472791392,144.36,-38.147
32395,1988-09-13 00:00:00,0.0795095975198027,-0.0574028607321495,0.2164220557717551,144.36,-38.147
32396,1988-09-14 00:00:00,-0.0307781183998591,-0.1671320417947117,0.1055758049949933,144.36,-38.147
32397,1988-09-15 00:00:00,0.0095885146520452,-0.1266445235221509,0.1458215528262413,144.36,-38.147
32398,1988-09-16 00:00:00,0.0352590927856383,-0.1010550210890445,0.1715732066603212,144.36,-38.147
32399,1988-09-17 00:00:00,0.1300760729334499,-0.0063467285353324,0.2664988744022322,144.36,-38.147
32400,1988-09-18 00:00:00,0.2213434167074524,0.0844098399182096,0.3582769934966952,144.36,-38.147
32401,1988-09-19 00:00:00,0.0407190304122477,-0.0960511327554541,0.1774891935799495,144.36,-38.147
32402,1988-09-20 00:00:00,0.0099814202217865,-0.1265610633559992,0.1465239037995723,144.36,-38.147
32403,1988-09-21 00:00:00,0.0155402983075677,-0.1207099454483725,0.151790542063508,144.36,-38.147
32404,1988-09-22 00:00:00,0.0862715938085648,-0.0499727062659011,0.2225158938830308,144.36,-38.147
32405,1988-09-23 00:00:00,0.1081655093395866,-0.0284233841242707,0.244754402803444,144.36,-38.147
32406,1988-09-24 00:00:00,0.2435974129619454,0.1068080743634399,0.380386751560451,144.36,-38.147
32407,1988-09-25 00:00:00,0.1727582985758119,0.0362572457681965,0.3092593513834272,144.36,-38.147
32408,1988-09-26 00:00:00,0.0681541165323576,-0.0681398606321352,0.2044480936968505,144.36,-38.147
32409,1988-09-27 00:00:00,0.0613202688481414,-0.0750535542789586,0.1976940919752415,144.36,-38.147
32410,1988-09-28 00:00:00,0.1619062463134639,0.0255214464444066,0.2982910461825212,144.36,-38.147
32411,1988-09-29 00:00:00,0.3670658690581506,0.2302846362909587,0.5038471018253425,144.36,-38.147
32412,1988-09-30 00:00:00,0.0615016647221861,-0.0749357595049684,0.1979390889493408,144.36,-38.147
32413,1988-10-01 00:00:00,0.5469472831416833,0.4091487037777578,0.6847458625056088,144.36,-38.147
32414,1988-10-02 00:00:00,0.2967090858170968,0.1592167204626133,0.4342014511715803,144.36,-38.147
32415,1988-10-03 00:00:00,0.1017957863193642,-0.0348269592787538,0.2384185319174823,144.36,-38.147
32416,1988-10-04 00:00:00,0.2781317971984762,0.1412913218252581,0.4149722725716942,144.36,-38.147
32417,1988-10-05 00:00:00,0.226594928991716,0.0900028802519465,0.3631869777314854,144.36,-38.147
32418,1988-10-06 00:00:00,0.3099652812644011,0.1731919946490121,0.44673856787979,144.36,-38.147
32419,1988-10-07 00:00:00,0.0660609154986845,-0.0704609010094153,0.2025827320067844,144.36,-38.147
32420,1988-10-08 00:00:00,0.2447949847706095,0.1077275914646841,0.381862378076535,144.36,-38.147
32421,1988-10-09 00:00:00,0.3042980191376702,0.1671613294052721,0.4414347088700683,144.36,-38.147
32422,1988-10-10 00:00:00,0.257987312467459,0.121243432685167,0.394731192249751,144.36,-38.147
32423,1988-10-11 00:00:00,0.0981912109101757,-0.0382951251325245,0.2346775469528759,144.36,-38.147
32424,1988-10-12 00:00:00,0.2352627219619042,0.0986937789209956,0.3718316650028128,144.36,-38.147
32425,1988-10-13 00:00:00,0.080927025484126,-0.0554091218414876,0.2172631728097398,144.36,-38.147
32426,1988-10-14 00:00:00,0.0902870594787612,-0.0465487718521389,0.2271228908096615,144.36,-38.147
32427,1988-10-15 00:00:00,0.3441328862398538,0.2061120510014547,0.4821537214782529,144.36,-38.147
32428,1988-10-16 00:00:00,0.0763403638104797,-0.0607504183084978,0.2134311459294572,144.36,-38.147
32429,1988-10-17 00:00:00,0.4696770473491761,0.3317566809735143,0.6075974137248379,144.36,-38.147
32430,1988-10-18 00:00:00,0.1011973530818772,-0.0357856040061181,0.2381803101698726,144.36,-38.147
32431,1988-10-19 00:00:00,0.1539263230983273,0.0174144739370103,0.2904381722596442,144.36,-38.147
32432,1988-10-20 00:00:00,0.0186979615473449,-0.11787323141334,0.15526915450803,144.36,-38.147
32433,1988-10-21 00:00:00,0.1780782883017929,0.0416384744281226,0.3145181021754632,144.36,-38.147
32434,1988-10-22 00:00:00,0.3410880905403737,0.2044891226249404,0.4776870584558069,144.36,-38.147
32435,1988-10-23 00:00:00,0.3488936329126474,0.2121765841943139,0.485610681630981,144.36,-38.147
32436,1988-10-24 00:00:00,0.2507997925985016,0.1135961965734146,0.3880033886235886,144.36,-38.147
32437,1988-10-25 00:00:00,0.0443519739772044,-0.0921527445083236,0.1808566924627326,144.36,-38.147
32438,1988-10-26 00:00:00,0.0371263764756905,-0.0997228958578267,0.1739756488092079,144.36,-38.147
32439,1988-10-27 00:00:00,0.2431217866908369,0.1055999415841997,0.380643631797474,144.36,-38.147
32440,1988-10-28 00:00:00,0.0801106286150241,-0.0561945049492625,0.2164157621793108,144.36,-38.147
32441,1988-10-29 00:00:00,0.2822691153832646,0.1455814324319455,0.4189567983345837,144.36,-38.147
32442,1988-10-30 00:00:00,0.2780400827150235,0.1408092698245651,0.4152708956054819,144.36,-38.147
32443,1988-10-31 00:00:00,0.1209331670860387,-0.0159604489584918,0.2578267831305694,144.36,-38.147
32444,1988-11-01 00:00:00,0.0025131525541585,-0.1338354074072758,0.1388617125155929,144.36,-38.147
32445,1988-11-02 00:00:00,0.1504907936978525,0.0130945284520048,0.2878870589437002,144.36,-38.147
32446,1988-11-03 00:00:00,0.2127415481447028,0.0755270866630422,0.3499560096263634,144.36,-38.147
32447,1988-11-04 00:00:00,0.1336381098924163,-0.0025930522864863,0.269869272071319,144.36,-38.147
32448,1988-11-05 00:00:00,0.1298987808149019,-0.0064045386919483,0.2662021003217522,144.36,-38.147
32449,1988-11-06 00:00:00,-0.0127706627401587,-0.1491437201406613,0.1236023946603437,144.36,-38.147
32450,1988-11-07 00:00:00,-0.0410449918983842,-0.1775844977154705,0.0954945139187021,144.36,-38.147
32451,1988-11-08 00:00:00,0.1381222658234088,-0.0027545874544289,0.2789991191012467,144.36,-38.147
32452,1988-11-09 00:00:00,0.2326633885535908,0.0944376496746716,0.37088912743251,144.36,-38.147
32453,1988-11-10 00:00:00,0.1103851176009413,-0.0259117166554771,0.2466819518573597,144.36,-38.147
32454,1988-11-11 00:00:00,0.0479299303579858,-0.0882738202597439,0.1841336809757156,144.36,-38.147
32455,1988-11-12 00:00:00,-0.003791623939038,-0.1399955481987573,0.1324123003206812,144.36,-38.147
32456,1988-11-13 00:00:00,-0.0035284774449482,-0.1399780369800198,0.1329210820901233,144.36,-38.147
32457,1988-11-14 00:00:00,0.1578756727200451,0.0208804588969722,0.294870886543118,144.36,-38.147
32458,1988-11-15 00:00:00,0.1379606243890099,0.0006292617675679,0.2752919870104519,144.36,-38.147
32459,1988-11-16 00:00:00,0.043536963771344,-0.0932835168711858,0.1803574444138739,144.36,-38.147
32460,1988-11-17 00:00:00,0.0476615188432901,-0.0889438927180512,0.1842669304046315,144.36,-38.147
32461,1988-11-18 00:00:00,0.0809095654337088,-0.0553926360636713,0.2172117669310891,144.36,-38.147
32462,1988-11-19 00:00:00,0.0378526041759436,-0.0984051059236527,0.17411031427554,144.36,-38.147
32463,1988-11-20 00:00:00,0.1055745380761536,-0.0307815205442527,0.2419305966965601,144.36,-38.147
32464,1988-11-21 00:00:00,0.1363395014252242,2.3120092200290543e-05,0.2726558827582482,144.36,-38.147
32465,1988-11-22 00:00:00,0.1552114006085494,0.0187863945227473,0.2916364066943515,144.36,-38.147
32466,1988-11-23 00:00:00,0.1232637448053959,-0.0135821938491337,0.2601096834599257,144.36,-38.147
32467,1988-11-24 00:00:00,0.1539269619834006,0.0174141521039096,0.2904397718628916,144.36,-38.147
32468,1988-11-25 00:00:00,0.1460246955998804,0.0097070456959493,0.2823423455038115,144.36,-38.147
32469,1988-11-26 00:00:00,0.0980292044486101,-0.0382944162135022,0.2343528251107224,144.36,-38.147
32470,1988-11-27 00:00:00,0.0765880808926298,-0.0597414469744147,0.2129176087596744,144.36,-38.147
32471,1988-11-28 00:00:00,0.0991186592810026,-0.0372082743194125,0.2354455928814178,144.36,-38.147
32472,1988-11-29 00:00:00,0.1294992833344649,-0.0067542582491769,0.2657528249181068,144.36,-38.147
32473,1988-11-30 00:00:00,0.1791103328602324,0.0428316766075148,0.31538898911295,144.36,-38.147
32474,1988-12-01 00:00:00,0.1166494549496098,-0.0196148612247917,0.2529137711240113,144.36,-38.147
32475,1988-12-02 00:00:00,0.0471226578587136,-0.0890875708537596,0.1833328865711869,144.36,-38.147
32476,1988-12-03 00:00:00,0.0355136283003503,-0.1007710787080021,0.1717983353087029,144.36,-38.147
32477,1988-12-04 00:00:00,0.1273017305711827,-0.009182699341135,0.2637861604835005,144.36,-38.147
32478,1988-12-05 00:00:00,0.0991393075830057,-0.0371817881495373,0.2354604033155488,144.36,-38.147
32479,1988-12-06 00:00:00,0.1627339975847035,0.0263320629179058,0.2991359322515013,144.36,-38.147
32480,1988-12-07 00:00:00,0.0254021299483409,-0.1111202533711051,0.1619245132677869,144.36,-38.147
32481,1988-12-08 00:00:00,-0.0647530073599995,-0.2011971946057984,0.0716911798857992,144.36,-38.147
32482,1988-12-09 00:00:00,0.0703089782292952,-0.0659974240662576,0.206615380524848,144.36,-38.147
32483,1988-12-10 00:00:00,0.1507993761385161,0.0144327746911747,0.2871659775858575,144.36,-38.147
32484,1988-12-11 00:00:00,0.4358170328728433,0.2988360276160898,0.5727980381295968,144.36,-38.147
32485,1988-12-12 00:00:00,0.1291656856090717,-0.0078817871024461,0.2662131583205896,144.36,-38.147
32486,1988-12-13 00:00:00,0.0112079692186655,-0.1250262419398345,0.1474421803771656,144.36,-38.147
32487,1988-12-14 00:00:00,-0.0273020864767233,-0.163506504885338,0.1089023319318914,144.36,-38.147
32488,1988-12-15 00:00:00,-0.0172119161089126,-0.1534902633650009,0.1190664311471755,144.36,-38.147
32489,1988-12-16 00:00:00,0.0614375947186673,-0.0751061407434989,0.1979813301808335,144.36,-38.147
32490,1988-12-17 00:00:00,0.0825083949935623,-0.0540141785419223,0.2190309685290469,144.36,-38.147
32491,1988-12-18 00:00:00,0.0311767883329397,-0.1052067156906058,0.1675602923564852,144.36,-38.147
32492,1988-12-19 00:00:00,0.0619845954575545,-0.0742360862995186,0.1982052772146277,144.36,-38.147
32493,1988-12-20 00:00:00,0.0810712634083916,-0.0551735676107924,0.2173160944275757,144.36,-38.147
32494,1988-12-21 00:00:00,0.1412316535826741,0.0050027802522598,0.2774605269130884,144.36,-38.147
32495,1988-12-22 00:00:00,0.079646038071709,-0.0566168547132938,0.2159089308567119,144.36,-38.147
32496,1988-12-23 00:00:00,0.0744125006542537,-0.0618260629250801,0.2106510642335875,144.36,-38.147
32497,1988-12-24 00:00:00,0.0205575359093789,-0.1156227488041673,0.1567378206229251,144.36,-38.147
32498,1988-12-25 00:00:00,0.0888511569829373,-0.0473731189234274,0.2250754328893022,144.36,-38.147
32499,1988-12-26 00:00:00,0.1554081428867357,0.0190336785988523,0.291782607174619,144.36,-38.147
32500,1988-12-27 00:00:00,0.1806410447008001,0.0441844665016225,0.3170976228999776,144.36,-38.147
32501,1988-12-28 00:00:00,0.0792005890778014,-0.0574075871500212,0.2158087653056242,144.36,-38.147
32502,1988-12-29 00:00:00,0.0076999495518289,-0.1286386589809467,0.1440385580846045,144.36,-38.147
32503,1988-12-30 00:00:00,0.0752694019341542,-0.0609335788425255,0.2114723827108339,144.36,-38.147
32504,1988-12-31 00:00:00,0.0613711587714427,-0.0748189803318185,0.1975612978747039,144.36,-38.147
32505,1989-01-01 00:00:00,0.0216219763362406,-0.1146233609638166,0.1578673136362978,144.36,-38.147
32506,1989-01-02 00:00:00,0.0039510704501835,-0.1322632117454677,0.1401653526458349,144.36,-38.147
32507,1989-01-03 00:00:00,0.0559792490720533,-0.080391314490128,0.1923498126342347,144.36,-38.147
32508,1989-01-04 00:00:00,0.1547708883016987,0.0183080622168952,0.2912337143865022,144.36,-38.147
32509,1989-01-05 00:00:00,0.198437228525906,0.0621281195862689,0.3347463374655431,144.36,-38.147
32510,1989-01-06 00:00:00,0.140784268296025,0.0044630099146335,0.2771055266774165,144.36,-38.147
32511,1989-01-07 00:00:00,0.0779083229184596,-0.0583597854231012,0.2141764312600205,144.36,-38.147
32512,1989-01-08 00:00:00,0.0243333159436743,-0.1119671562315192,0.160633788118868,144.36,-38.147
32513,1989-01-09 00:00:00,0.1451957449449157,0.0088780301348192,0.2815134597550123,144.36,-38.147
32514,1989-01-10 00:00:00,0.2320493484007126,0.0956904000321466,0.3684082967692786,144.36,-38.147
32515,1989-01-11 00:00:00,0.2122682461308009,0.0754771428288866,0.3490593494327152,144.36,-38.147
32516,1989-01-12 00:00:00,0.0005997454724213,-0.1361959009510246,0.1373953918958673,144.36,-38.147
32517,1989-01-13 00:00:00,-0.0352498729913239,-0.171539713852835,0.1010399678701871,144.36,-38.147
32518,1989-01-14 00:00:00,-0.0346716909995856,-0.1709219576022042,0.1015785756030328,144.36,-38.147
32519,1989-01-15 00:00:00,-0.0101685426280072,-0.1464868934722173,0.1261498082162028,144.36,-38.147
32520,1989-01-16 00:00:00,0.0463832100360766,-0.0899302778945138,0.1826966979666671,144.36,-38.147
32521,1989-01-17 00:00:00,0.1196458386220928,-0.0168699649922843,0.25616164223647,144.36,-38.147
32522,1989-01-18 00:00:00,0.060115143215531,-0.0762594297291157,0.1964897161601779,144.36,-38.147
32523,1989-01-19 00:00:00,0.111351134005293,-0.0249682996209639,0.24767056763155,144.36,-38.147
32524,1989-01-20 00:00:00,0.1092090617166376,-0.0271509136402029,0.2455690370734781,144.36,-38.147
32525,1989-01-21 00:00:00,0.026469199897646,-0.1098729999856303,0.1628113997809224,144.36,-38.147
32526,1989-01-22 00:00:00,-0.0135555273633815,-0.1498888337392944,0.1227777790125314,144.36,-38.147
32527,1989-01-23 00:00:00,-0.0464808081103425,-0.1830228430547331,0.090061226834048,144.36,-38.147
32528,1989-01-24 00:00:00,-0.0679958168343293,-0.2046267423966507,0.0686351087279921,144.36,-38.147
32529,1989-01-25 00:00:00,-0.0176773187537049,-0.1539978860849872,0.1186432485775772,144.36,-38.147
32530,1989-01-26 00:00:00,0.0074578298151575,-0.1287532343820438,0.1436688940123589,144.36,-38.147
32531,1989-01-27 00:00:00,0.0001945249795963,-0.1359975952780395,0.1363866452372321,144.36,-38.147
32532,1989-01-28 00:00:00,0.0422287126529977,-0.0940415537151841,0.1784989790211797,144.36,-38.147
32533,1989-01-29 00:00:00,0.0662660211766934,-0.0700414395159922,0.2025734818693791,144.36,-38.147
32534,1989-01-30 00:00:00,0.0845205224499943,-0.0519655520081674,0.2210065969081561,144.36,-38.147
32535,1989-01-31 00:00:00,0.0593962073277121,-0.0769719391789207,0.1957643538343449,144.36,-38.147
32536,1989-02-01 00:00:00,0.0373956123571793,-0.098872236378912,0.1736634610932708,144.36,-38.147
32537,1989-02-02 00:00:00,0.0108211239379245,-0.1254432097648595,0.1470854576407086,144.36,-38.147
32538,1989-02-03 00:00:00,0.0374140553170191,-0.0988460977637545,0.1736742083977928,144.36,-38.147
32539,1989-02-04 00:00:00,0.0407904482410352,-0.0954892641943563,0.1770701606764268,144.36,-38.147
32540,1989-02-05 00:00:00,-0.0027332180210182,-0.1392953371676081,0.1338289011255717,144.36,-38.147
32541,1989-02-06 00:00:00,-0.0324574904607841,-0.1689893357416893,0.1040743548201211,144.36,-38.147
32542,1989-02-07 00:00:00,0.0173177476281526,-0.119052134268066,0.1536876295243713,144.36,-38.147
32543,1989-02-08 00:00:00,0.0588426574875248,-0.077395825605827,0.1950811405808767,144.36,-38.147
32544,1989-02-09 00:00:00,0.2811941372304475,0.1445263287838126,0.4178619456770824,144.36,-38.147
32545,1989-02-10 00:00:00,0.3310214184826738,0.1938421180045142,0.4682007189608334,144.36,-38.147
32546,1989-02-11 00:00:00,0.1588081401094138,0.0223371699592225,0.2952791102596051,144.36,-38.147
32547,1989-02-12 00:00:00,0.0566386910371783,-0.0796438091382952,0.1929211912126519,144.36,-38.147
32548,1989-02-13 00:00:00,0.0756071622328689,-0.060641072476042,0.2118553969417799,144.36,-38.147
32549,1989-02-14 00:00:00,0.0121667698862371,-0.1241484588473033,0.1484819986197776,144.36,-38.147
32550,1989-02-15 00:00:00,0.0355660925901782,-0.1007560558855324,0.1718882410658889,144.36,-38.147
32551,1989-02-16 00:00:00,0.0521606255076105,-0.0841069570804079,0.1884282080956289,144.36,-38.147
32552,1989-02-17 00:00:00,0.0135253729731198,-0.1227064386783823,0.149757184624622,144.36,-38.147
32553,1989-02-18 00:00:00,0.0315638427851398,-0.1047329104381092,0.167860596008389,144.36,-38.147
32554,1989-02-19 00:00:00,0.158481963909383,0.0215993682599294,0.2953645595588365,144.36,-38.147
32555,1989-02-20 00:00:00,0.0190122926857084,-0.1177228571257106,0.1557474424971276,144.36,-38.147
32556,1989-02-21 00:00:00,0.0470844812536967,-0.0892731696395124,0.1834421321469059,144.36,-38.147
32557,1989-02-22 00:00:00,0.0644986877394282,-0.0716904133935573,0.2006877888724138,144.36,-38.147
32558,1989-02-23 00:00:00,0.0418904707059201,-0.0943069051391314,0.1780878465509716,144.36,-38.147
32559,1989-02-24 00:00:00,0.0133560886837397,-0.1229017907799956,0.149613968147475,144.36,-38.147
32560,1989-02-25 00:00:00,0.0885664475873585,-0.0481086124349823,0.2252415076096993,144.36,-38.147
32561,1989-02-26 00:00:00,-0.0125477273546723,-0.1491329731395569,0.1240375184302122,144.36,-38.147
32562,1989-02-27 00:00:00,-0.0609876819764916,-0.1972746589822052,0.0752992950292219,144.36,-38.147
32563,1989-02-28 00:00:00,0.0151985755619191,-0.1210693405418744,0.1514664916657127,144.36,-38.147
32564,1989-03-01 00:00:00,0.0377515963438536,-0.0984640644954167,0.173967257183124,144.36,-38.147
32565,1989-03-02 00:00:00,0.0697232825343426,-0.0665568706049331,0.2060034356736184,144.36,-38.147
32566,1989-03-03 00:00:00,0.021205144459293,-0.1150522018930252,0.1574624908116114,144.36,-38.147
32567,1989-03-04 00:00:00,0.0039162567184559,-0.1323353879552917,0.1401679013922035,144.36,-38.147
32568,1989-03-05 00:00:00,0.0441432765740514,-0.0921564545178834,0.1804430076659863,144.36,-38.147
32569,1989-03-06 00:00:00,0.0156845535441503,-0.1205463508617795,0.1519154579500803,144.36,-38.147
32570,1989-03-07 00:00:00,0.000995532750357,-0.1352646980568245,0.1372557635575386,144.36,-38.147
32571,1989-03-08 00:00:00,0.0117460615751616,-0.12467034204217,0.1481624651924933,144.36,-38.147
32572,1989-03-09 00:00:00,0.1535983666809088,0.0170671754547225,0.290129557907095,144.36,-38.147
32573,1989-03-10 00:00:00,0.0771381800089123,-0.0592581032190629,0.2135344632368875,144.36,-38.147
32574,1989-03-11 00:00:00,0.0350276109202506,-0.1012610297962999,0.1713162516368012,144.36,-38.147
32575,1989-03-12 00:00:00,0.0536948076397813,-0.0826340019488588,0.1900236172284215,144.36,-38.147
32576,1989-03-13 00:00:00,0.174822221009591,0.0383470706107551,0.3112973714084269,144.36,-38.147
32577,1989-03-14 00:00:00,0.0567619703452432,-0.0796944595995743,0.1932184002900609,144.36,-38.147
32578,1989-03-15 00:00:00,0.1007239643902278,-0.0360580192323819,0.2375059480128376,144.36,-38.147
32579,1989-03-16 00:00:00,-0.0376737598051128,-0.1744660187153281,0.0991184991051024,144.36,-38.147
32580,1989-03-17 00:00:00,-0.054175157842838,-0.1905888514457345,0.0822385357600584,144.36,-38.147
32581,1989-03-18 00:00:00,-0.0403352377113935,-0.1766243836436054,0.0959539082208182,144.36,-38.147
32582,1989-03-19 00:00:00,-0.0035587533030262,-0.1397795379728798,0.1326620313668274,144.36,-38.147
32583,1989-03-20 00:00:00,-0.0245962187393982,-0.1608571462618334,0.1116647087830368,144.36,-38.147
32584,1989-03-21 00:00:00,0.0287919128349325,-0.107503104465895,0.1650869301357601,144.36,-38.147
32585,1989-03-22 00:00:00,0.054603614900273,-0.0817804232910492,0.1909876530915953,144.36,-38.147
32586,1989-03-23 00:00:00,0.0911632607075764,-0.0450414937910443,0.2273680152061972,144.36,-38.147
32587,1989-03-24 00:00:00,0.0430994754731068,-0.0931844357782678,0.1793833867244815,144.36,-38.147
32588,1989-03-25 00:00:00,-0.0091719650867759,-0.1456937189493261,0.1273497887757743,144.36,-38.147
32589,1989-03-26 00:00:00,-0.012303383237297,-0.1485332267081978,0.1239264602336037,144.36,-38.147
32590,1989-03-27 00:00:00,-0.0107617488590084,-0.1469907612626141,0.1254672635445971,144.36,-38.147
32591,1989-03-28 00:00:00,0.034501438289057,-0.101778151120355,0.170781027698469,144.36,-38.147
32592,1989-03-29 00:00:00,0.0114132513358431,-0.1248019644324257,0.147628467104112,144.36,-38.147
32593,1989-03-30 00:00:00,-0.0215257001749834,-0.1577115817971726,0.1146601814472056,144.36,-38.147
32594,1989-03-31 00:00:00,-0.0365897013693256,-0.1728335653240151,0.0996541625853638,144.36,-38.147
32595,1989-04-01 00:00:00,-0.0429067677791158,-0.1795537459071182,0.0937402103488866,144.36,-38.147
32596,1989-04-02 00:00:00,0.0561378166335572,-0.0805383421421592,0.1928139754092737,144.36,-38.147
32597,1989-04-03 00:00:00,0.035320445450723,-0.1009245431116815,0.1715654340131276,144.36,-38.147
32598,1989-04-04 00:00:00,0.0154759054973566,-0.1207089883072576,0.151660799301971,144.36,-38.147
32599,1989-04-05 00:00:00,0.0313225908509646,-0.1050808659333046,0.1677260476352338,144.36,-38.147
32600,1989-04-06 00:00:00,0.218308155890617,0.0817913569679932,0.3548249548132408,144.36,-38.147
32601,1989-04-07 00:00:00,0.0374870191917796,-0.0988498668527084,0.1738239052362677,144.36,-38.147
32602,1989-04-08 00:00:00,-0.0366583523057542,-0.1728491560866756,0.099532451475167,144.36,-38.147
32603,1989-04-09 00:00:00,-0.0119171946011694,-0.1481083155799245,0.1242739263775855,144.36,-38.147
32604,1989-04-10 00:00:00,-0.0016852304165264,-0.1379185757862556,0.1345481149532027,144.36,-38.147
32605,1989-04-11 00:00:00,0.0120645637163461,-0.1242742545362765,0.1484033819689687,144.36,-38.147
32606,1989-04-12 00:00:00,0.1068144015967009,-0.0296586215474878,0.2432874247408897,144.36,-38.147
32607,1989-04-13 00:00:00,0.1078153997578261,-0.0286817034607782,0.2443125029764305,144.36,-38.147
32608,1989-04-14 00:00:00,0.0634303657538734,-0.0731898323158948,0.2000505638236416,144.36,-38.147
32609,1989-04-15 00:00:00,-0.0321959161006856,-0.1685023282252045,0.1041104960238331,144.36,-38.147
32610,1989-04-16 00:00:00,0.1239605246331102,-0.0125581217420739,0.2604791710082944,144.36,-38.147
32611,1989-04-17 00:00:00,0.1138702419587474,-0.0224926827898255,0.2502331667073204,144.36,-38.147
32612,1989-04-18 00:00:00,0.1898771332325793,0.053242434624111,0.3265118318410477,144.36,-38.147
32613,1989-04-19 00:00:00,0.0272955217612847,-0.1090390698782679,0.1636301134008375,144.36,-38.147
32614,1989-04-20 00:00:00,0.0469376408009211,-0.0892720317142686,0.1831473133161109,144.36,-38.147
32615,1989-04-21 00:00:00,0.0169402671571211,-0.1192662322070983,0.1531467665213406,144.36,-38.147
32616,1989-04-22 00:00:00,-0.0272893091979802,-0.1634907534296204,0.1089121350336599,144.36,-38.147
32617,1989-04-23 00:00:00,-0.0583203447186022,-0.1945652803334135,0.077924590896209,144.36,-38.147
32618,1989-04-24 00:00:00,-0.0497853058859835,-0.1861903931738802,0.0866197814019131,144.36,-38.147
32619,1989-04-25 00:00:00,-0.0032810646623595,-0.1396473014176659,0.1330851720929468,144.36,-38.147
32620,1989-04-26 00:00:00,0.0650456706456878,-0.0712278942954459,0.2013192355868217,144.36,-38.147
32621,1989-04-27 00:00:00,0.0695304622441601,-0.0666890150274238,0.205749939515744,144.36,-38.147
32622,1989-04-28 00:00:00,0.1105037725198201,-0.0257331130025512,0.2467406580421915,144.36,-38.147
32623,1989-04-29 00:00:00,0.0162470583617985,-0.1200759647031115,0.1525700814267086,144.36,-38.147
32624,1989-04-30 00:00:00,-0.0251243460236346,-0.1614334494278397,0.1111847573805703,144.36,-38.147
32625,1989-05-01 00:00:00,0.0690379188718228,-0.0673882568223059,0.2054640945659516,144.36,-38.147
32626,1989-05-02 00:00:00,0.0316554382385063,-0.1047034683202831,0.1680143447972958,144.36,-38.147
32627,1989-05-03 00:00:00,0.0028204148193952,-0.1333703974962177,0.1390112271350083,144.36,-38.147
32628,1989-05-04 00:00:00,0.1060744836144913,-0.0305921164181838,0.2427410836471664,144.36,-38.147
32629,1989-05-05 00:00:00,0.0512007982429747,-0.0854136920025371,0.1878152884884867,144.36,-38.147
32630,1989-05-06 00:00:00,-0.0416340473428753,-0.1779899216087611,0.0947218269230103,144.36,-38.147
32631,1989-05-07 00:00:00,-0.0118122067893177,-0.1482038759264449,0.1245794623478093,144.36,-38.147
32632,1989-05-08 00:00:00,-0.0383581766398215,-0.1746118937296905,0.0978955404500474,144.36,-38.147
32633,1989-05-09 00:00:00,-0.0533813187344245,-0.1897220116114079,0.0829593741425588,144.36,-38.147
32634,1989-05-10 00:00:00,0.0634506601741731,-0.0730453293166287,0.1999466496649751,144.36,-38.147
32635,1989-05-11 00:00:00,0.1692303402798505,0.0328311907203466,0.3056294898393543,144.36,-38.147
32636,1989-05-12 00:00:00,0.1219594564051299,-0.0143026884916764,0.2582216013019363,144.36,-38.147
32637,1989-05-13 00:00:00,0.1225422140287596,-0.0136973010141669,0.2587817290716863,144.36,-38.147
32638,1989-05-14 00:00:00,0.0848288249295644,-0.0513575599885764,0.2210152098477053,144.36,-38.147
32639,1989-05-15 00:00:00,0.005641386175363,-0.1305209459170727,0.1418037182677987,144.36,-38.147
32640,1989-05-16 00:00:00,0.019875210422212,-0.1163110282318172,0.1560614490762414,144.36,-38.147
32641,1989-05-17 00:00:00,0.0116356251223931,-0.1245480238306906,0.147819274075477,144.36,-38.147
32642,1989-05-18 00:00:00,0.0613376155641123,-0.0748707730062868,0.1975460041345116,144.36,-38.147
32643,1989-05-19 00:00:00,0.1345880007215929,-0.001711574548042,0.2708875759912279,144.36,-38.147
32644,1989-05-20 00:00:00,0.0357722152835965,-0.100564961690728,0.1721093922579211,144.36,-38.147
32645,1989-05-21 00:00:00,-0.0333868472676723,-0.1697941832979924,0.1030204887626478,144.36,-38.147
32646,1989-05-22 00:00:00,0.1562542916155527,0.0193494025676117,0.2931591806634938,144.36,-38.147
32647,1989-05-23 00:00:00,0.2361565256073401,0.0993148668468539,0.3729981843678263,144.36,-38.147
32648,1989-05-24 00:00:00,0.0625759754423373,-0.0737964958959417,0.1989484467806163,144.36,-38.147
32649,1989-05-25 00:00:00,0.0697138713617409,-0.0666299900178376,0.2060577327413194,144.36,-38.147
32650,1989-05-26 00:00:00,-0.0259067048132937,-0.162326110012729,0.1105127003861416,144.36,-38.147
32651,1989-05-27 00:00:00,0.0340724532942287,-0.1023205877588457,0.1704654943473032,144.36,-38.147
32652,1989-05-28 00:00:00,0.00246282156867,-0.1337695646677259,0.138695207805066,144.36,-38.147
32653,1989-05-29 00:00:00,0.033074915438001,-0.1034568753686411,0.1696067062446432,144.36,-38.147
32654,1989-05-30 00:00:00,0.2153261813035208,0.0787818681596717,0.35187049444737,144.36,-38.147
32655,1989-05-31 00:00:00,0.0842242651760993,-0.0522060931052657,0.2206546234574644,144.36,-38.147
32656,1989-06-01 00:00:00,-0.0273542975867028,-0.1636594354205167,0.1089508402471109,144.36,-38.147
32657,1989-06-02 00:00:00,-0.0211639293932279,-0.1574339627490921,0.1151061039626363,144.36,-38.147
32658,1989-06-03 00:00:00,-0.0238591841303474,-0.1601433348474758,0.1124249665867809,144.36,-38.147
32659,1989-06-04 00:00:00,-0.0105714640228191,-0.1468288425225524,0.125685914476914,144.36,-38.147
32660,1989-06-05 00:00:00,-0.0124535950797615,-0.1488741918131803,0.1239670016536573,144.36,-38.147
32661,1989-06-06 00:00:00,0.0959929312761641,-0.0405468032796097,0.2325326658319381,144.36,-38.147
32662,1989-06-07 00:00:00,0.1334667740350906,-0.0028015680676411,0.2697351161378224,144.36,-38.147
32663,1989-06-08 00:00:00,0.0821184380315429,-0.0544415711884786,0.2186784472515646,144.36,-38.147
32664,1989-06-09 00:00:00,0.1750159299807843,0.0384517725476785,0.3115800874138902,144.36,-38.147
32665,1989-06-10 00:00:00,0.1629519183660358,0.0262674561672999,0.2996363805647717,144.36,-38.147
32666,1989-06-11 00:00:00,0.1130702493486996,-0.0242868612964408,0.2504273599938401,144.36,-38.147
32667,1989-06-12 00:00:00,-0.0250780373370916,-0.1620549990208939,0.1118989243467106,144.36,-38.147
32668,1989-06-13 00:00:00,-0.0042742704176207,-0.1406311239901903,0.1320825831549489,144.36,-38.147
32669,1989-06-14 00:00:00,0.0798653630040568,-0.0569783489258501,0.2167090749339638,144.36,-38.147
32670,1989-06-15 00:00:00,0.0745792517420211,-0.0621766392466204,0.2113351427306628,144.36,-38.147
32671,1989-06-16 00:00:00,-0.0557013116661751,-0.1921277139633715,0.0807250906310211,144.36,-38.147
32672,1989-06-17 00:00:00,0.1032223065173688,-0.033647587000704,0.2400922000354416,144.36,-38.147
32673,1989-06-18 00:00:00,0.1567919736967014,0.0199157510574345,0.2936681963359682,144.36,-38.147
32674,1989-06-19 00:00:00,0.0444990777823798,-0.0922458063806845,0.1812439619454442,144.36,-38.147
32675,1989-06-20 00:00:00,-0.0337700188452319,-0.170269061579923,0.1027290238894591,144.36,-38.147
32676,1989-06-21 00:00:00,-0.0655661817647304,-0.2018803413112251,0.0707479777817642,144.36,-38.147
32677,1989-06-22 00:00:00,-0.0451982565888896,-0.1814072259494697,0.0910107127716903,144.36,-38.147
32678,1989-06-23 00:00:00,0.0499875624378291,-0.086317578789848,0.1862927036655063,144.36,-38.147
32679,1989-06-24 00:00:00,0.0548472071479136,-0.0821385400831784,0.1918329543790057,144.36,-38.147
32680,1989-06-25 00:00:00,-0.024605381110906,-0.1609569493383228,0.1117461871165106,144.36,-38.147
32681,1989-06-26 00:00:00,0.030192052814336,-0.1060488871821703,0.1664329928108424,144.36,-38.147
32682,1989-06-27 00:00:00,-0.008612133881954,-0.1448192860513279,0.1275950182874198,144.36,-38.147
32683,1989-06-28 00:00:00,-0.0457863787469493,-0.1820160018594226,0.0904432443655239,144.36,-38.147
32684,1989-06-29 00:00:00,-0.0265695210115647,-0.1629604057607771,0.1098213637376477,144.36,-38.147
32685,1989-06-30 00:00:00,0.0378414437534645,-0.0986005090712015,0.1742833965781306,144.36,-38.147
32686,1989-07-01 00:00:00,0.0235167662469271,-0.1127247703815273,0.1597583028753816,144.36,-38.147
32687,1989-07-02 00:00:00,0.18690020908563,0.0504372497816403,0.3233631683896198,144.36,-38.147
32688,1989-07-03 00:00:00,0.1752299773990766,0.0384298100054759,0.3120301447926773,144.36,-38.147
32689,1989-07-04 00:00:00,0.2009827703161677,0.0644955906123693,0.3374699500199661,144.36,-38.147
32690,1989-07-05 00:00:00,0.1045544110797562,-0.0317218071228489,0.2408306292823614,144.36,-38.147
32691,1989-07-06 00:00:00,0.0989301708316596,-0.0378377761424663,0.2356981178057855,144.36,-38.147
32692,1989-07-07 00:00:00,0.1910802828140423,0.0541515949890449,0.3280089706390398,144.36,-38.147
32693,1989-07-08 00:00:00,0.0791979003389414,-0.0575369446508476,0.2159327453287304,144.36,-38.147
32694,1989-07-09 00:00:00,0.0947561537191348,-0.0423390644097521,0.2318513718480219,144.36,-38.147
32695,1989-07-10 00:00:00,0.1906214331214143,0.0539197191524976,0.327323147090331,144.36,-38.147
32696,1989-07-11 00:00:00,0.0957907525431461,-0.040766934511634,0.2323484395979264,144.36,-38.147
32697,1989-07-12 00:00:00,0.0211051558770498,-0.1152289022054067,0.1574392139595064,144.36,-38.147
32698,1989-07-13 00:00:00,0.041181219822441,-0.0950530186674404,0.1774154583123225,144.36,-38.147
32699,1989-07-14 00:00:00,0.0627212883401349,-0.0735171151496722,0.198959691829942,144.36,-38.147
32700,1989-07-15 00:00:00,0.0534840079038493,-0.0828016290922983,0.1897696448999971,144.36,-38.147
32701,1989-07-16 00:00:00,0.0804466333862487,-0.0559654818047817,0.2168587485772792,144.36,-38.147
32702,1989-07-17 00:00:00,0.1168069217099613,-0.0195943752845403,0.253208218704463,144.36,-38.147
32703,1989-07-18 00:00:00,0.0843335089058309,-0.0519902662621633,0.2206572840738251,144.36,-38.147
32704,1989-07-19 00:00:00,0.0602066076564894,-0.0760734245141167,0.1964866398270955,144.36,-38.147
32705,1989-07-20 00:00:00,0.0663321179626597,-0.0699429986240476,0.202607234549367,144.36,-38.147
32706,1989-07-21 00:00:00,0.0391828365421859,-0.0970843085199221,0.1754499816042941,144.36,-38.147
32707,1989-07-22 00:00:00,-0.0131228905980848,-0.1494468879393257,0.123201106743156,144.36,-38.147
32708,1989-07-23 00:00:00,0.0089321139157918,-0.1274470538591641,0.1453112816907478,144.36,-38.147
32709,1989-07-24 00:00:00,0.0442972857355567,-0.0922903335981258,0.1808849050692393,144.36,-38.147
32710,1989-07-25 00:00:00,-0.0426538053834928,-0.1791988897428635,0.0938912789758778,144.36,-38.147
32711,1989-07-26 00:00:00,-0.0231700009389765,-0.1593922146958885,0.1130522128179353,144.36,-38.147
32712,1989-07-27 00:00:00,-0.0127872372165617,-0.1489909493670373,0.1234164749339138,144.36,-38.147
32713,1989-07-28 00:00:00,-0.0100370132229944,-0.1462990237470647,0.1262249973010759,144.36,-38.147
32714,1989-07-29 00:00:00,0.1664792760114291,0.0290284307267831,0.303930121296075,144.36,-38.147
32715,1989-07-30 00:00:00,0.1480338373426218,0.0110911495455686,0.284976525139675,144.36,-38.147
32716,1989-07-31 00:00:00,0.1876053683977114,0.0509074677015184,0.3243032690939044,144.36,-38.147
32717,1989-08-01 00:00:00,0.162632305113421,0.0257080236559848,0.2995565865708572,144.36,-38.147
32718,1989-08-02 00:00:00,0.0485000778492437,-0.0877257928849372,0.1847259485834247,144.36,-38.147
32719,1989-08-03 00:00:00,0.0489748598172191,-0.0872589947179574,0.1852087143523957,144.36,-38.147
32720,1989-08-04 00:00:00,0.0476279616049891,-0.0888202462675325,0.1840761694775108,144.36,-38.147
32721,1989-08-05 00:00:00,0.161447511204762,0.0246273357674475,0.2982676866420765,144.36,-38.147
32722,1989-08-06 00:00:00,0.2234028545892621,0.0868875015009093,0.359918207677615,144.36,-38.147
32723,1989-08-07 00:00:00,0.1582706758640494,0.0219277821789787,0.2946135695491201,144.36,-38.147
32724,1989-08-08 00:00:00,0.1931310877062841,0.056810481852172,0.3294516935603963,144.36,-38.147
32725,1989-08-09 00:00:00,0.1279547326143252,-0.0083930039662861,0.2643024691949366,144.36,-38.147
32726,1989-08-10 00:00:00,0.1391505191823651,0.0027414223817318,0.2755596159829983,144.36,-38.147
32727,1989-08-11 00:00:00,-0.0231848913202105,-0.1595244717733805,0.1131546891329594,144.36,-38.147
32728,1989-08-12 00:00:00,-0.0711866338489618,-0.2074985932111442,0.0651253255132206,144.36,-38.147
32729,1989-08-13 00:00:00,-0.0706210796356501,-0.2068505398106443,0.065608380539344,144.36,-38.147
32730,1989-08-14 00:00:00,-0.0204883489215729,-0.1566743551746198,0.1156976573314738,144.36,-38.147
32731,1989-08-15 00:00:00,0.0582760938749816,-0.0779702478536435,0.1945224356036067,144.36,-38.147
32732,1989-08-16 00:00:00,0.0981502031409832,-0.0381224940607188,0.2344229003426853,144.36,-38.147
32733,1989-08-17 00:00:00,0.0350758128912618,-0.101180169117093,0.1713317948996167,144.36,-38.147
32734,1989-08-18 00:00:00,-0.0230661435364869,-0.1593068070188882,0.1131745199459142,144.36,-38.147
32735,1989-08-19 00:00:00,0.0168674191734986,-0.120167206987278,0.1539020453342753,144.36,-38.147
32736,1989-08-20 00:00:00,0.130595922605447,-0.0062012306815339,0.267393075892428,144.36,-38.147
32737,1989-08-21 00:00:00,0.0612813559103352,-0.0749086540470078,0.1974713658676783,144.36,-38.147
32738,1989-08-22 00:00:00,0.0740901044586985,-0.0623211202915932,0.2105013292089904,144.36,-38.147
32739,1989-08-23 00:00:00,0.0532494537954993,-0.083355527061347,0.1898544346523457,144.36,-38.147
32740,1989-08-24 00:00:00,0.0989328789293581,-0.0376751026681321,0.2355408605268484,144.36,-38.147
32741,1989-08-25 00:00:00,0.0242403175025429,-0.1122921828343498,0.1607728178394358,144.36,-38.147
32742,1989-08-26 00:00:00,0.1752113643125752,0.038780251472145,0.3116424771530054,144.36,-38.147
32743,1989-08-27 00:00:00,0.1669322292023265,0.0306718833016632,0.3031925751029898,144.36,-38.147
32744,1989-08-28 00:00:00,0.0729207055955678,-0.063486653685264,0.2093280648763997,144.36,-38.147
32745,1989-08-29 00:00:00,0.3390480792863738,0.2024575124851675,0.4756386460875801,144.36,-38.147
32746,1989-08-30 00:00:00,0.0795704228276169,-0.0568564564637451,0.215997302118979,144.36,-38.147
32747,1989-08-31 00:00:00,0.0951948213581467,-0.041144781697841,0.2315344244141345,144.36,-38.147
32748,1989-09-01 00:00:00,0.1957387366991465,0.0592193249359032,0.3322581484623899,144.36,-38.147
32749,1989-09-02 00:00:00,0.0218170114923436,-0.1146136084025547,0.1582476313872421,144.36,-38.147
32750,1989-09-03 00:00:00,-0.0036954052550273,-0.1399848183879032,0.1325940078778484,144.36,-38.147
32751,1989-09-04 00:00:00,0.0522923218161742,-0.0839786324993922,0.1885632761317407,144.36,-38.147
32752,1989-09-05 00:00:00,-0.001772626691865,-0.1379562742940009,0.1344110209102707,144.36,-38.147
32753,1989-09-06 00:00:00,0.06784378475805,-0.068374892302736,0.2040624618188361,144.36,-38.147
32754,1989-09-07 00:00:00,-0.0063947953831359,-0.1426398043446239,0.129850213578352,144.36,-38.147
32755,1989-09-08 00:00:00,0.0182629765765603,-0.118153227040012,0.1546791801931326,144.36,-38.147
32756,1989-09-09 00:00:00,0.2369352207785937,0.0998268910463158,0.3740435505108717,144.36,-38.147
32757,1989-09-10 00:00:00,0.1374489765437149,-2.3549034146419512e-05,0.2749215021215762,144.36,-38.147
32758,1989-09-11 00:00:00,0.2122868887977666,0.0749224054631369,0.3496513721323964,144.36,-38.147
32759,1989-09-12 00:00:00,0.2369915159725362,0.0995346092162943,0.3744484227287781,144.36,-38.147
32760,1989-09-13 00:00:00,0.1349446718622701,-0.0018497491232847,0.2717390928478249,144.36,-38.147
32761,1989-09-14 00:00:00,0.0813471552756807,-0.0556783904769568,0.2183727010283183,144.36,-38.147
32762,1989-09-15 00:00:00,0.0083996619094563,-0.1286741009917586,0.1454734248106712,144.36,-38.147
32763,1989-09-16 00:00:00,-0.0108786871239306,-0.1474937587338531,0.1257363844859919,144.36,-38.147
32764,1989-09-17 00:00:00,0.0368567572581943,-0.099500580422276,0.1732140949386648,144.36,-38.147
32765,1989-09-18 00:00:00,0.1071891398820106,-0.029073522009498,0.2434518017735193,144.36,-38.147
32766,1989-09-19 00:00:00,0.1443390217322603,0.0081006114199147,0.2805774320446059,144.36,-38.147
32767,1989-09-20 00:00:00,0.0910149997213138,-0.0452395843030878,0.2272695837457156,144.36,-38.147
32768,1989-09-21 00:00:00,0.0138992001652364,-0.1223076045928385,0.1501060049233113,144.36,-38.147
32769,1989-09-22 00:00:00,0.1036957172097114,-0.0325999994936552,0.2399914339130781,144.36,-38.147
32770,1989-09-23 00:00:00,0.2225097269503773,0.0850310707269558,0.3599883831737989,144.36,-38.147
32771,1989-09-24 00:00:00,-0.0100608450520576,-0.146617554751762,0.1264958646476468,144.36,-38.147
32772,1989-09-25 00:00:00,0.2097113939322598,0.0731631194211044,0.3462596684434152,144.36,-38.147
32773,1989-09-26 00:00:00,0.1466034118366372,0.0099995826036426,0.2832072410696319,144.36,-38.147
32774,1989-09-27 00:00:00,0.0148650735624976,-0.1214235835624998,0.1511537306874952,144.36,-38.147
32775,1989-09-28 00:00:00,-0.0280446721970067,-0.1642572422650192,0.1081678978710056,144.36,-38.147
32776,1989-09-29 00:00:00,0.0348398154644916,-0.1014031404707224,0.1710827713997058,144.36,-38.147
32777,1989-09-30 00:00:00,0.0857207702287516,-0.0506307268536775,0.2220722673111809,144.36,-38.147
32778,1989-10-01 00:00:00,0.1769239752001018,0.040605777550313,0.3132421728498906,144.36,-38.147
32779,1989-10-02 00:00:00,0.0790080448279648,-0.0574352206341498,0.2154513102900795,144.36,-38.147
32780,1989-10-03 00:00:00,-0.0338120293104932,-0.1701737964805732,0.1025497378595868,144.36,-38.147
32781,1989-10-04 00:00:00,-0.0256685867930037,-0.1620081382689951,0.1106709646829877,144.36,-38.147
32782,1989-10-05 00:00:00,0.2108812660441422,0.0743847132155988,0.3473778188726856,144.36,-38.147
32783,1989-10-06 00:00:00,0.1732100955728774,0.0369206380676939,0.3094995530780608,144.36,-38.147
32784,1989-10-07 00:00:00,-0.0016756632458542,-0.138125015539758,0.1347736890480494,144.36,-38.147
32785,1989-10-08 00:00:00,0.4718220223204198,0.3331242510413686,0.610519793599471,144.36,-38.147
32786,1989-10-09 00:00:00,0.2030891750779638,0.066382887619418,0.3397954625365095,144.36,-38.147
32787,1989-10-10 00:00:00,0.2393894569611386,0.1029832048440933,0.3757957090781839,144.36,-38.147
32788,1989-10-11 00:00:00,0.1592399481314729,0.0228890323373399,0.2955908639256059,144.36,-38.147
32789,1989-10-12 00:00:00,0.0793685512434266,-0.0570006492487169,0.2157377517355702,144.36,-38.147
32790,1989-10-13 00:00:00,0.3371159780787681,0.2004094115933715,0.4738225445641646,144.36,-38.147
32791,1989-10-14 00:00:00,0.4136526298436479,0.2762612301005771,0.5510440295867187,144.36,-38.147
32792,1989-10-15 00:00:00,0.0174420581984525,-0.1199427559616586,0.1548268723585637,144.36,-38.147
32793,1989-10-16 00:00:00,0.2171777875237844,0.0793466113830226,0.3550089636645461,144.36,-38.147
32794,1989-10-17 00:00:00,-0.0174571416291303,-0.1538119904920712,0.1188977072338105,144.36,-38.147
32795,1989-10-18 00:00:00,0.032519232885985,-0.1039415549355379,0.168980020707508,144.36,-38.147
32796,1989-10-19 00:00:00,0.1674734353948964,0.0308729940666794,0.3040738767231133,144.36,-38.147
32797,1989-10-20 00:00:00,0.2575079641059219,0.1209629889635992,0.3940529392482446,144.36,-38.147
32798,1989-10-21 00:00:00,0.0966780001705195,-0.0398121207609168,0.233168121101956,144.36,-38.147
32799,1989-10-22 00:00:00,0.0715877573929553,-0.0646015970397754,0.207777111825686,144.36,-38.147
32800,1989-10-23 00:00:00,0.05195475437751,-0.0842556252424157,0.1881651339974358,144.36,-38.147
32801,1989-10-24 00:00:00,0.0142707434841429,-0.1219311505450692,0.150472637513355,144.36,-38.147
32802,1989-10-25 00:00:00,0.0502062692309137,-0.0860445704548433,0.1864571089166708,144.36,-38.147
32803,1989-10-26 00:00:00,0.0788247435423179,-0.0575771013079052,0.2152265883925411,144.36,-38.147
32804,1989-10-27 00:00:00,0.5365045754905877,0.3986316850135702,0.6743774659676052,144.36,-38.147
32805,1989-10-28 00:00:00,0.1414716018139557,0.0040752988761692,0.2788679047517421,144.36,-38.147
32806,1989-10-29 00:00:00,-0.0198501455163667,-0.1561976568390192,0.1164973658062856,144.36,-38.147
32807,1989-10-30 00:00:00,0.0458765027058992,-0.0906293055321094,0.1823823109439079,144.36,-38.147
32808,1989-10-31 00:00:00,0.2763072740198244,0.1394728764507679,0.4131416715888809,144.36,-38.147
32809,1989-11-01 00:00:00,0.1334326086796708,-0.0029371670765305,0.2698023844358723,144.36,-38.147
32810,1989-11-02 00:00:00,0.0555579109993461,-0.0806743845656683,0.1917902065643605,144.36,-38.147
32811,1989-11-03 00:00:00,-0.016611447558879,-0.1527807351960781,0.1195578400783201,144.36,-38.147
32812,1989-11-04 00:00:00,-0.0241231146708837,-0.1603038455470032,0.1120576162052356,144.36,-38.147
32813,1989-11-05 00:00:00,0.0550655647969528,-0.0812354182382283,0.191366547832134,144.36,-38.147
32814,1989-11-06 00:00:00,0.1212514540249298,-0.0154146242637556,0.2579175323136152,144.36,-38.147
32815,1989-11-07 00:00:00,0.1384663981886177,0.001651307079731,0.2752814892975044,144.36,-38.147
32816,1989-11-08 00:00:00,0.1173103843149581,-0.018997286388771,0.2536180550186874,144.36,-38.147
32817,1989-11-09 00:00:00,0.1072525957358415,-0.0290785926934371,0.2435837841651201,144.36,-38.147
32818,1989-11-10 00:00:00,0.0194029564565289,-0.1168046779811278,0.1556105908941858,144.36,-38.147
32819,1989-11-11 00:00:00,-0.0016966139268066,-0.1378933815659457,0.1345001537123324,144.36,-38.147
32820,1989-11-12 00:00:00,0.0207453176839788,-0.1154308515579849,0.1569214869259425,144.36,-38.147
32821,1989-11-13 00:00:00,0.0307344117827425,-0.1054622536449536,0.1669310772104386,144.36,-38.147
32822,1989-11-14 00:00:00,0.0357009193773162,-0.100528504879182,0.1719303436338145,144.36,-38.147
32823,1989-11-15 00:00:00,0.0317250867122057,-0.1045605291195571,0.1680107025439685,144.36,-38.147
32824,1989-11-16 00:00:00,0.0203331308798454,-0.1159457929955819,0.1566120547552727,144.36,-38.147
32825,1989-11-17 00:00:00,0.1274770394040107,-0.0089235524176354,0.2638776312256569,144.36,-38.147
32826,1989-11-18 00:00:00,0.1252919743562253,-0.0110574330148364,0.2616413817272872,144.36,-38.147
32827,1989-11-19 00:00:00,0.0429271005855762,-0.0935852844074231,0.1794394855785755,144.36,-38.147
32828,1989-11-20 00:00:00,-0.02277271993227,-0.1591174899694475,0.1135720501049074,144.36,-38.147
32829,1989-11-21 00:00:00,-0.0305530488201113,-0.1667887698614283,0.1056826722212055,144.36,-38.147
32830,1989-11-22 00:00:00,-0.0195445177989687,-0.155849443967523,0.1167604083695854,144.36,-38.147
32831,1989-11-23 00:00:00,0.0920090168253721,-0.0446135076172239,0.2286315412679682,144.36,-38.147
32832,1989-11-24 00:00:00,0.0651081897899666,-0.0715647621617561,0.2017811417416893,144.36,-38.147
32833,1989-11-25 00:00:00,-0.0178658441440445,-0.1542693150696754,0.1185376267815863,144.36,-38.147
32834,1989-11-26 00:00:00,-0.0370965002962019,-0.1734870776297807,0.0992940770373768,144.36,-38.147
32835,1989-11-27 00:00:00,-0.0499436427220318,-0.1864325947394613,0.0865453092953975,144.36,-38.147
32836,1989-11-28 00:00:00,-0.0177821306870911,-0.1542212934194445,0.1186570320452621,144.36,-38.147
32837,1989-11-29 00:00:00,0.0587181937199954,-0.0775606420754076,0.1949970295153986,144.36,-38.147
32838,1989-11-30 00:00:00,0.0753179906033663,-0.0608939617082741,0.2115299429150068,144.36,-38.147
32839,1989-12-01 00:00:00,0.0086716417354761,-0.1275656681178322,0.1449089515887845,144.36,-38.147
32840,1989-12-02 00:00:00,0.3224814477919479,0.1859003547768759,0.4590625408070198,144.36,-38.147
32841,1989-12-03 00:00:00,0.1491483726643742,0.0124429108147054,0.2858538345140429,144.36,-38.147
32842,1989-12-04 00:00:00,0.0293493341127119,-0.106878336034115,0.1655770042595389,144.36,-38.147
32843,1989-12-05 00:00:00,-0.0097487478369549,-0.1459489677561835,0.1264514720822736,144.36,-38.147
32844,1989-12-06 00:00:00,0.0114467851002805,-0.1247855371117595,0.1476791073123207,144.36,-38.147
32845,1989-12-07 00:00:00,0.0042699665659236,-0.131966706190057,0.1405066393219044,144.36,-38.147
32846,1989-12-08 00:00:00,-0.0050795052114683,-0.141282860649115,0.1311238502261782,144.36,-38.147
32847,1989-12-09 00:00:00,-0.0155658863739072,-0.1519324020004714,0.1208006292526569,144.36,-38.147
32848,1989-12-10 00:00:00,0.0348005525325249,-0.1016591819968473,0.1712602870618971,144.36,-38.147
32849,1989-12-11 00:00:00,0.1277023483585615,-0.0087158724931726,0.2641205692102957,144.36,-38.147
32850,1989-12-12 00:00:00,0.2836489414977891,0.1472005232903934,0.4200973597051847,144.36,-38.147
32851,1989-12-13 00:00:00,0.0956871736695132,-0.040666774089304,0.2320411214283304,144.36,-38.147
32852,1989-12-14 00:00:00,0.1227801743846608,-0.0139770147304921,0.2595373634998138,144.36,-38.147
32853,1989-12-15 00:00:00,0.0402218120388687,-0.096615478480856,0.1770591025585936,144.36,-38.147
32854,1989-12-16 00:00:00,0.0026513275810749,-0.1337146616108597,0.1390173167730096,144.36,-38.147
32855,1989-12-17 00:00:00,-0.057640482849478,-0.1939128747985058,0.0786319090995497,144.36,-38.147
32856,1989-12-18 00:00:00,0.0507894795814561,-0.0854592415701148,0.1870382007330272,144.36,-38.147
32857,1989-12-19 00:00:00,0.1070873592032754,-0.0291873824890486,0.2433621008955995,144.36,-38.147
32858,1989-12-20 00:00:00,0.1946405300807688,0.0582756213393952,0.3310054388221425,144.36,-38.147
32859,1989-12-21 00:00:00,0.0557576088062988,-0.0805760853889747,0.1920913030015724,144.36,-38.147
32860,1989-12-22 00:00:00,-0.0068380550739962,-0.1430700988664872,0.1293939887184946,144.36,-38.147
32861,1989-12-23 00:00:00,-0.0230711089215733,-0.1593416814099819,0.1131994635668352,144.36,-38.147
32862,1989-12-24 00:00:00,-0.0051636144948878,-0.1414244952374485,0.1310972662476729,144.36,-38.147
32863,1989-12-25 00:00:00,0.0081768225201885,-0.128139412586709,0.1444930576270861,144.36,-38.147
32864,1989-12-26 00:00:00,0.4816165418504055,0.3443996564741612,0.6188334272266498,144.36,-38.147
32865,1989-12-27 00:00:00,0.4412016490751577,0.3034016228606869,0.5790016752896284,144.36,-38.147
32866,1989-12-28 00:00:00,0.1261985016637527,-0.0109807381542283,0.2633777414817339,144.36,-38.147
32867,1989-12-29 00:00:00,0.0388631667175184,-0.0973706747523893,0.1750970081874261,144.36,-38.147
32868,1989-12-30 00:00:00,0.0550305577548805,-0.0812711837462581,0.1913322992560192,144.36,-38.147
32869,1989-12-31 00:00:00,0.0028813461311073,-0.1334206014690182,0.1391832937312328,144.36,-38.147
32870,1990-01-01 00:00:00,0.1108662694761319,-0.0255516337966547,0.2472841727489185,144.36,-38.147
32871,1990-01-02 00:00:00,0.0261634007087709,-0.1100996264450292,0.162426427862571,144.36,-38.147
32872,1990-01-03 00:00:00,0.0720177366961172,-0.0646269400599661,0.2086624134522005,144.36,-38.147
32873,1990-01-04 00:00:00,0.2163941705373126,0.0789490420948419,0.3538392989797834,144.36,-38.147
32874,1990-01-05 00:00:00,0.001524637691383,-0.1349049828090649,0.137954258191831,144.36,-38.147
32875,1990-01-06 00:00:00,0.0501845123485106,-0.0860460955776954,0.1864151202747167,144.36,-38.147
32876,1990-01-07 00:00:00,0.0659477669762075,-0.0702913381841511,0.2021868721365662,144.36,-38.147
32877,1990-01-08 00:00:00,0.0183763883878772,-0.1178402195170435,0.154592996292798,144.36,-38.147
32878,1990-01-09 00:00:00,-0.0410842095035736,-0.1774608069850227,0.0952923879778753,144.36,-38.147
32879,1990-01-10 00:00:00,-0.0340144470163255,-0.1706733110696024,0.1026444170369512,144.36,-38.147
32880,1990-01-11 00:00:00,0.0301341389471394,-0.1070482961622242,0.1673165740565032,144.36,-38.147
32881,1990-01-12 00:00:00,0.1614324466022325,0.0245795392038996,0.2982853540005653,144.36,-38.147
32882,1990-01-13 00:00:00,0.09764266062713,-0.0386936280992422,0.2339789493535023,144.36,-38.147
32883,1990-01-14 00:00:00,0.0772889126952356,-0.0590949586659884,0.2136727840564597,144.36,-38.147
32884,1990-01-15 00:00:00,0.0460784208782287,-0.0902537048182937,0.1824105465747512,144.36,-38.147
32885,1990-01-16 00:00:00,0.0721533945071738,-0.0641878100200476,0.2084945990343953,144.36,-38.147
32886,1990-01-17 00:00:00,-0.0017257738086484,-0.1380935409720073,0.1346419933547104,144.36,-38.147
32887,1990-01-18 00:00:00,0.2204731418249682,0.0838188835265735,0.3571274001233629,144.36,-38.147
32888,1990-01-19 00:00:00,0.115412189006801,-0.0210485440621485,0.2518729220757506,144.36,-38.147
32889,1990-01-20 00:00:00,0.1892983865602943,0.0529024098717056,0.325694363248883,144.36,-38.147
32890,1990-01-21 00:00:00,0.1260820566397567,-0.0103209543494016,0.262485067628915,144.36,-38.147
32891,1990-01-22 00:00:00,0.0141227069331731,-0.1221722393863216,0.1504176532526679,144.36,-38.147
32892,1990-01-23 00:00:00,-0.0055309535056467,-0.1417764782239947,0.1307145712127012,144.36,-38.147
32893,1990-01-24 00:00:00,0.093194866724338,-0.043495032009428,0.2298847654581041,144.36,-38.147
32894,1990-01-25 00:00:00,0.0671161434671964,-0.0700670368477533,0.2042993237821462,144.36,-38.147
32895,1990-01-26 00:00:00,-0.0248790899970357,-0.16148920459143,0.1117310245973585,144.36,-38.147
32896,1990-01-27 00:00:00,0.1181241306556439,-0.018221101659735,0.254469362971023,144.36,-38.147
32897,1990-01-28 00:00:00,0.3310902244321075,0.1945364211799791,0.4676440276842358,144.36,-38.147
32898,1990-01-29 00:00:00,0.0680955864091036,-0.0684061745352732,0.2045973473534805,144.36,-38.147
32899,1990-01-30 00:00:00,-0.0386181952496269,-0.1756955561697059,0.0984591656704521,144.36,-38.147
32900,1990-01-31 00:00:00,0.1993964472496641,0.0619797105343945,0.3368131839649337,144.36,-38.147
32901,1990-02-01 00:00:00,0.1353685150305412,-0.0015631757751921,0.2723002058362747,144.36,-38.147
32902,1990-02-02 00:00:00,0.0530029661262028,-0.0841675052618142,0.1901734375142198,144.36,-38.147
32903,1990-02-03 00:00:00,0.0759271519525743,-0.0615453794356249,0.2133996833407736,144.36,-38.147
32904,1990-02-04 00:00:00,0.0194734667101,-0.1177369936547216,0.1566839270749218,144.36,-38.147
32905,1990-02-05 00:00:00,0.0708684817886602,-0.0659008932604141,0.2076378568377346,144.36,-38.147
32906,1990-02-06 00:00:00,0.0104400454449306,-0.1259051985163199,0.1467852894061813,144.36,-38.147
32907,1990-02-07 00:00:00,0.0136843691606134,-0.1227083783477139,0.1500771166689408,144.36,-38.147
32908,1990-02-08 00:00:00,0.0051205692191956,-0.1314669043627869,0.1417080428011782,144.36,-38.147
32909,1990-02-09 00:00:00,0.0219439196604522,-0.114530055757503,0.1584178950784074,144.36,-38.147
32910,1990-02-10 00:00:00,0.0109284350628118,-0.1258862533441605,0.1477431234697842,144.36,-38.147
32911,1990-02-11 00:00:00,0.0329901601251281,-0.103669619692866,0.1696499399431222,144.36,-38.147
32912,1990-02-12 00:00:00,-0.0250455531529893,-0.1614203606314527,0.1113292543254739,144.36,-38.147
32913,1990-02-13 00:00:00,-0.009125196047396,-0.1454090732620573,0.1271586811672652,144.36,-38.147
32914,1990-02-14 00:00:00,-0.0191055419412439,-0.1553274349049016,0.1171163510224138,144.36,-38.147
32915,1990-02-15 00:00:00,0.0270808528654747,-0.109123895158033,0.1632856008889825,144.36,-38.147
32916,1990-02-16 00:00:00,0.0362592906624966,-0.0999954954579285,0.1725140767829218,144.36,-38.147
32917,1990-02-17 00:00:00,0.1945003366677323,0.0581374074782339,0.3308632658572308,144.36,-38.147
32918,1990-02-18 00:00:00,0.1392627095484778,0.0029759125086643,0.2755495065882913,144.36,-38.147
32919,1990-02-19 00:00:00,0.0926881615362668,-0.0435786027207252,0.228954925793259,144.36,-38.147
32920,1990-02-20 00:00:00,0.0203474032495615,-0.1158704108216501,0.1565652173207732,144.36,-38.147
32921,1990-02-21 00:00:00,0.0262496753095706,-0.1099615787262108,0.1624609293453521,144.36,-38.147
32922,1990-02-22 00:00:00,0.049458611913721,-0.0867842701052285,0.1857014939326705,144.36,-38.147
32923,1990-02-23 00:00:00,0.0730822194625501,-0.0633556548174414,0.2095200937425417,144.36,-38.147
32924,1990-02-24 00:00:00,0.0109873581038543,-0.1252801645760103,0.147254880783719,144.36,-38.147
32925,1990-02-25 00:00:00,-0.0329662038718206,-0.1692067015134502,0.1032742937698089,144.36,-38.147
32926,1990-02-26 00:00:00,-0.0378019991734883,-0.1740401284050008,0.0984361300580241,144.36,-38.147
32927,1990-02-27 00:00:00,-0.036790437274485,-0.173001809671531,0.0994209351225609,144.36,-38.147
32928,1990-02-28 00:00:00,0.0295097308060809,-0.1067010923382274,0.1657205539503892,144.36,-38.147
32929,1990-03-01 00:00:00,0.0273299949988043,-0.1089144440418348,0.1635744340394436,144.36,-38.147
32930,1990-03-02 00:00:00,-0.0018100349741814,-0.1379998672085255,0.1343797972601625,144.36,-38.147
32931,1990-03-03 00:00:00,0.034168847482806,-0.1020218977482298,0.170359592713842,144.36,-38.147
32932,1990-03-04 00:00:00,0.0131860498667254,-0.1230030566757371,0.1493751564091879,144.36,-38.147
32933,1990-03-05 00:00:00,0.0457828638145211,-0.0904206128896643,0.1819863405187066,144.36,-38.147
32934,1990-03-06 00:00:00,0.0570093918268691,-0.0793720001826283,0.1933907838363666,144.36,-38.147
32935,1990-03-07 00:00:00,0.0579300758208521,-0.0785655565774945,0.1944257082191988,144.36,-38.147
32936,1990-03-08 00:00:00,-0.0016302372408547,-0.1381034145276961,0.1348429400459865,144.36,-38.147
32937,1990-03-09 00:00:00,0.1955298415818964,0.0592004099215875,0.3318592732422054,144.36,-38.147
32938,1990-03-10 00:00:00,0.1223579970067957,-0.0139176904169361,0.2586336844305276,144.36,-38.147
32939,1990-03-11 00:00:00,0.2440543886951192,0.1075366488919439,0.3805721284982944,144.36,-38.147
32940,1990-03-12 00:00:00,0.0538517587011007,-0.082749357953436,0.1904528753556374,144.36,-38.147
32941,1990-03-13 00:00:00,-0.0571947758534651,-0.1935343745762257,0.0791448228692954,144.36,-38.147
32942,1990-03-14 00:00:00,-0.0030680273122466,-0.1394300808918891,0.1332940262673958,144.36,-38.147
32943,1990-03-15 00:00:00,0.1047397009334291,-0.0318158468862571,0.2412952487531154,144.36,-38.147
32944,1990-03-16 00:00:00,0.0254242789482815,-0.1109400217356451,0.1617885796322082,144.36,-38.147
32945,1990-03-17 00:00:00,0.0137316719454308,-0.1224872399694068,0.1499505838602685,144.36,-38.147
32946,1990-03-18 00:00:00,0.0757817716112689,-0.0606045587027363,0.2121681019252742,144.36,-38.147
32947,1990-03-19 00:00:00,-0.0067153284260724,-0.1429726295856305,0.1295419727334855,144.36,-38.147
32948,1990-03-20 00:00:00,-0.02032172866578,-0.1565422526531207,0.1158987953215606,144.36,-38.147
32949,1990-03-21 00:00:00,-0.000824694258762,-0.1370535966654827,0.1354042081479586,144.36,-38.147
32950,1990-03-22 00:00:00,-0.0310723282997091,-0.16732176522435,0.1051771086249317,144.36,-38.147
32951,1990-03-23 00:00:00,0.0211926454439945,-0.1150847055576143,0.1574699964456033,144.36,-38.147
32952,1990-03-24 00:00:00,0.0205147039115198,-0.1157029912032035,0.1567323990262432,144.36,-38.147
32953,1990-03-25 00:00:00,0.0186223108720562,-0.1175509255433579,0.1547955472874704,144.36,-38.147
32954,1990-03-26 00:00:00,0.0098486084470231,-0.1263521191772083,0.1460493360712547,144.36,-38.147
32955,1990-03-27 00:00:00,0.0283456252337952,-0.1080194007996229,0.1647106512672134,144.36,-38.147
32956,1990-03-28 00:00:00,0.2167808131561983,0.0802108363686018,0.3533507899437948,144.36,-38.147
32957,1990-03-29 00:00:00,0.0216365985889513,-0.1146239741926932,0.1578971713705959,144.36,-38.147
32958,1990-03-30 00:00:00,-0.0244166935176108,-0.1606467152703434,0.1118133282351216,144.36,-38.147
32959,1990-03-31 00:00:00,-0.0041026630820294,-0.1403395578063566,0.1321342316422977,144.36,-38.147
32960,1990-04-01 00:00:00,0.0614732430277408,-0.0749741808419608,0.1979206668974425,144.36,-38.147
32961,1990-04-02 00:00:00,0.0319731841433657,-0.1044936589090681,0.1684400271957997,144.36,-38.147
32962,1990-04-03 00:00:00,-0.0136231644319838,-0.1498244056116401,0.1225780767476723,144.36,-38.147
32963,1990-04-04 00:00:00,-0.0326799553026882,-0.1688813301375078,0.1035214195321313,144.36,-38.147
32964,1990-04-05 00:00:00,0.0029194458702867,-0.1332911497135308,0.1391300414541043,144.36,-38.147
32965,1990-04-06 00:00:00,0.1049811715762576,-0.0313133899130084,0.2412757330655237,144.36,-38.147
32966,1990-04-07 00:00:00,0.0599078759023739,-0.0764693553997662,0.1962851072045142,144.36,-38.147
32967,1990-04-08 00:00:00,-0.0188779403488014,-0.1551026671308426,0.1173467864332398,144.36,-38.147
32968,1990-04-09 00:00:00,-0.024054844139482,-0.1603360724231531,0.112226384144189,144.36,-38.147
32969,1990-04-10 00:00:00,-0.0050889864390395,-0.1413331620965113,0.1311551892184321,144.36,-38.147
32970,1990-04-11 00:00:00,0.0256117899213164,-0.1105919155751383,0.1618154954177712,144.36,-38.147
32971,1990-04-12 00:00:00,0.0532922343727317,-0.0829263843143997,0.1895108530598631,144.36,-38.147
32972,1990-04-13 00:00:00,0.0536542522302904,-0.082646232156946,0.1899547366175268,144.36,-38.147
32973,1990-04-14 00:00:00,0.2913858065959888,0.154644360635056,0.4281272525569215,144.36,-38.147
32974,1990-04-15 00:00:00,0.0629309670481636,-0.0735678424827639,0.1994297765790913,144.36,-38.147
32975,1990-04-16 00:00:00,0.0205138103655298,-0.1156992592060744,0.156726879937134,144.36,-38.147
32976,1990-04-17 00:00:00,-0.0240353019834961,-0.1602947286501802,0.1122241246831879,144.36,-38.147
32977,1990-04-18 00:00:00,-0.042107504247989,-0.1783426333463176,0.0941276248503394,144.36,-38.147
32978,1990-04-19 00:00:00,-0.0281648594632425,-0.1644263186932764,0.1080965997667912,144.36,-38.147
32979,1990-04-20 00:00:00,0.0097700014014505,-0.1266710697602823,0.1462110725631834,144.36,-38.147
32980,1990-04-21 00:00:00,0.01079147649057,-0.1260977828272078,0.1476807358083479,144.36,-38.147
32981,1990-04-22 00:00:00,0.0829715470243527,-0.0544374907020039,0.2203805847507094,144.36,-38.147
32982,1990-04-23 00:00:00,0.0003899773536192,-0.1363830311321212,0.1371629858393597,144.36,-38.147
32983,1990-04-24 00:00:00,0.3046228435229304,0.1680910267335405,0.4411546603123202,144.36,-38.147
32984,1990-04-25 00:00:00,0.2368901065583409,0.1002692622246213,0.3735109508920606,144.36,-38.147
32985,1990-04-26 00:00:00,0.1746465682112762,0.0374379640036085,0.311855172418944,144.36,-38.147
32986,1990-04-27 00:00:00,0.0305939060949594,-0.1062703552817574,0.1674581674716763,144.36,-38.147
32987,1990-04-28 00:00:00,0.0130266629258991,-0.1235635119231546,0.149616837774953,144.36,-38.147
32988,1990-04-29 00:00:00,0.2481303746154944,0.1114981215602547,0.384762627670734,144.36,-38.147
32989,1990-04-30 00:00:00,0.1455314644319264,0.009124909054302,0.2819380198095509,144.36,-38.147
32990,1990-05-01 00:00:00,0.0816915036558779,-0.0545968981872251,0.217979905498981,144.36,-38.147
32991,1990-05-02 00:00:00,0.2105513890868898,0.0741729332024384,0.3469298449713413,144.36,-38.147
32992,1990-05-03 00:00:00,0.053067032002284,-0.0832211060955809,0.189355170100149,144.36,-38.147
32993,1990-05-04 00:00:00,0.0485200719208941,-0.0878130270851717,0.18485317092696,144.36,-38.147
32994,1990-05-05 00:00:00,0.1427852313483135,0.0063731344282817,0.2791973282683453,144.36,-38.147
32995,1990-05-06 00:00:00,0.1764018455346687,0.0399894371329344,0.3128142539364031,144.36,-38.147
32996,1990-05-07 00:00:00,0.0621480771191502,-0.0741299985799286,0.1984261528182291,144.36,-38.147
32997,1990-05-08 00:00:00,0.0090455586247009,-0.1271739474680994,0.1452650647175012,144.36,-38.147
32998,1990-05-09 00:00:00,0.0503989888635589,-0.0858998614403347,0.1866978391674526,144.36,-38.147
32999,1990-05-10 00:00:00,0.1357365224360152,-0.0008920281095477,0.2723650729815782,144.36,-38.147
33000,1990-05-11 00:00:00,0.0667730904612107,-0.0696015320362867,0.2031477129587082,144.36,-38.147
33001,1990-05-12 00:00:00,0.1111658928249568,-0.0252024167153206,0.2475342023652343,144.36,-38.147
33002,1990-05-13 00:00:00,0.07697079515566,-0.059362364808201,0.2133039551195211,144.36,-38.147
33003,1990-05-14 00:00:00,-0.0162818363666583,-0.152576733130672,0.1200130603973552,144.36,-38.147
33004,1990-05-15 00:00:00,-0.0332337036729292,-0.1694559448610932,0.1029885375152348,144.36,-38.147
33005,1990-05-16 00:00:00,0.0102671622798394,-0.1259420337325661,0.1464763582922451,144.36,-38.147
33006,1990-05-17 00:00:00,0.1658624518928801,0.0287922929189209,0.3029326108668393,144.36,-38.147
33007,1990-05-18 00:00:00,0.1275857175453002,-0.0092724804241589,0.2644439155147594,144.36,-38.147
33008,1990-05-19 00:00:00,0.0229475287171517,-0.1134458309457415,0.159340888380045,144.36,-38.147
33009,1990-05-20 00:00:00,0.0034786734199788,-0.1331013696453029,0.1400587164852607,144.36,-38.147
33010,1990-05-21 00:00:00,-0.0429147866404691,-0.1794034860634057,0.0935739127824674,144.36,-38.147
33011,1990-05-22 00:00:00,0.0087945337747095,-0.1275767600154835,0.1451658275649026,144.36,-38.147
33012,1990-05-23 00:00:00,0.0030795960912791,-0.1335455793430945,0.1397047715256528,144.36,-38.147
33013,1990-05-24 00:00:00,0.0390630753350261,-0.0975690546236701,0.1756952052937224,144.36,-38.147
33014,1990-05-25 00:00:00,0.0791950282183847,-0.0573135183414211,0.2157035747781905,144.36,-38.147
33015,1990-05-26 00:00:00,0.040402983789126,-0.0959007180136783,0.1767066855919303,144.36,-38.147
33016,1990-05-27 00:00:00,-0.0208868052173984,-0.1571401410224264,0.1153665305876296,144.36,-38.147
33017,1990-05-28 00:00:00,0.0287434273356501,-0.1075139602268777,0.165000814898178,144.36,-38.147
33018,1990-05-29 00:00:00,0.0222520427140933,-0.1139701815800125,0.1584742670081991,144.36,-38.147
33019,1990-05-30 00:00:00,0.0280521595673047,-0.1081472355489464,0.1642515546835558,144.36,-38.147
33020,1990-05-31 00:00:00,0.1226588464288145,-0.0136270070034653,0.2589446998610945,144.36,-38.147
33021,1990-06-01 00:00:00,0.2505709363818658,0.114063168083507,0.3870787046802245,144.36,-38.147
33022,1990-06-02 00:00:00,0.1774143575235363,0.0406279534192218,0.3142007616278509,144.36,-38.147
33023,1990-06-03 00:00:00,0.105601563621934,-0.0307275887812104,0.2419307160250785,144.36,-38.147
33024,1990-06-04 00:00:00,0.0513177088906545,-0.0849155427315209,0.18755096051283,144.36,-38.147
33025,1990-06-05 00:00:00,-0.0366031801261934,-0.1728288715194444,0.0996225112670576,144.36,-38.147
33026,1990-06-06 00:00:00,-0.0561290714445862,-0.1923326645061165,0.0800745216169439,144.36,-38.147
33027,1990-06-07 00:00:00,-0.0360212991776447,-0.172219689707995,0.1001770913527056,144.36,-38.147
33028,1990-06-08 00:00:00,-0.0115578951235871,-0.1477698280373987,0.1246540377902244,144.36,-38.147
33029,1990-06-09 00:00:00,-0.0044884422182744,-0.1411122944775756,0.1321354100410268,144.36,-38.147
33030,1990-06-10 00:00:00,0.0945003475484413,-0.0423722775206337,0.2313729726175165,144.36,-38.147
33031,1990-06-11 00:00:00,-0.0140323751530695,-0.1502659413885456,0.1222011910824065,144.36,-38.147
33032,1990-06-12 00:00:00,0.0017135539282388,-0.1346034288861992,0.1380305367426769,144.36,-38.147
33033,1990-06-13 00:00:00,0.114369222433376,-0.0220520742895622,0.2507905191563143,144.36,-38.147
33034,1990-06-14 00:00:00,0.0239122589911154,-0.1123005050531606,0.1601250230353915,144.36,-38.147
33035,1990-06-15 00:00:00,0.0082766402944355,-0.1279395773064109,0.144492857895282,144.36,-38.147
33036,1990-06-16 00:00:00,0.0471742521557923,-0.0892607220224618,0.1836092263340464,144.36,-38.147
33037,1990-06-17 00:00:00,0.1303110552123198,-0.0074409876822082,0.2680630981068479,144.36,-38.147
33038,1990-06-18 00:00:00,-0.0288867359007395,-0.1657438401428064,0.1079703683413273,144.36,-38.147
33039,1990-06-19 00:00:00,-0.019068152735461,-0.1553361101903831,0.1171998047194611,144.36,-38.147
33040,1990-06-20 00:00:00,0.0279882533462347,-0.1083084194518405,0.1642849261443099,144.36,-38.147
33041,1990-06-21 00:00:00,0.083954744263165,-0.052707486968123,0.220616975494453,144.36,-38.147
33042,1990-06-22 00:00:00,0.0552373386782424,-0.081285628695561,0.1917603060520458,144.36,-38.147
33043,1990-06-23 00:00:00,0.0484508210020299,-0.0878934261475209,0.1847950681515808,144.36,-38.147
33044,1990-06-24 00:00:00,0.1002104620138299,-0.0361065030952557,0.2365274271229157,144.36,-38.147
33045,1990-06-25 00:00:00,0.1766118454840281,0.040053445665091,0.3131702453029651,144.36,-38.147
33046,1990-06-26 00:00:00,0.2039599328608199,0.0673971099947824,0.3405227557268575,144.36,-38.147
33047,1990-06-27 00:00:00,0.1522772209184573,0.0143322143486687,0.290222227488246,144.36,-38.147
33048,1990-06-28 00:00:00,0.4244642989549273,0.2859225988244282,0.5630059990854264,144.36,-38.147
33049,1990-06-29 00:00:00,0.1252900867507612,-0.0115169012149269,0.2620970747164495,144.36,-38.147
33050,1990-06-30 00:00:00,0.1044158254486302,-0.0323812532109899,0.2412129041082504,144.36,-38.147
33051,1990-07-01 00:00:00,0.1367433609699312,-0.0005174638048636,0.274004185744726,144.36,-38.147
33052,1990-07-02 00:00:00,0.2896128671138473,0.1527495079174413,0.4264762263102533,144.36,-38.147
33053,1990-07-03 00:00:00,0.2673824744134071,0.1302001524008493,0.4045647964259649,144.36,-38.147
33054,1990-07-04 00:00:00,0.1741753108628485,0.0373976696042251,0.310952952121472,144.36,-38.147
33055,1990-07-05 00:00:00,0.3063832118417712,0.1688772864521135,0.4438891372314288,144.36,-38.147
33056,1990-07-06 00:00:00,0.2942831252009975,0.1570256050842386,0.4315406453177564,144.36,-38.147
33057,1990-07-07 00:00:00,0.2428910148828783,0.1054662935498102,0.3803157362159464,144.36,-38.147
33058,1990-07-08 00:00:00,0.1443230181625106,0.0074826545257178,0.2811633817993034,144.36,-38.147
33059,1990-07-09 00:00:00,0.0820477272035075,-0.0546921208435087,0.2187875752505237,144.36,-38.147
33060,1990-07-10 00:00:00,0.0307895257945408,-0.1055242267549647,0.1671032783440464,144.36,-38.147
33061,1990-07-11 00:00:00,-0.0259170540993711,-0.1621708542548774,0.1103367460561351,144.36,-38.147
33062,1990-07-12 00:00:00,0.0111003858613351,-0.1252171806437609,0.1474179523664311,144.36,-38.147
33063,1990-07-13 00:00:00,0.062120948049473,-0.0741367354118239,0.19837863151077,144.36,-38.147
33064,1990-07-14 00:00:00,0.0787084629154044,-0.0575384292508068,0.2149553550816157,144.36,-38.147
33065,1990-07-15 00:00:00,0.0894461240616567,-0.0469016657990725,0.225793913922386,144.36,-38.147
33066,1990-07-16 00:00:00,0.0295856235467288,-0.1066637790748513,0.165835026168309,144.36,-38.147
33067,1990-07-17 00:00:00,0.0611484081099834,-0.0752742877606074,0.1975711039805744,144.36,-38.147
33068,1990-07-18 00:00:00,0.1902136931909368,0.0535515438231774,0.3268758425586963,144.36,-38.147
33069,1990-07-19 00:00:00,0.2065867202991952,0.0700162204105993,0.3431572201877912,144.36,-38.147
33070,1990-07-20 00:00:00,0.0771799183310597,-0.059351879388533,0.2137117160506525,144.36,-38.147
33071,1990-07-21 00:00:00,0.1811051662493994,0.0445793293321949,0.3176310031666041,144.36,-38.147
33072,1990-07-22 00:00:00,0.0864032722630138,-0.0506495610362138,0.2234561055622414,144.36,-38.147
33073,1990-07-23 00:00:00,0.1328372989243175,-0.0047640287719637,0.2704386266205988,144.36,-38.147
33074,1990-07-24 00:00:00,0.1553831590081067,0.0186456779261269,0.2921206400900865,144.36,-38.147
33075,1990-07-25 00:00:00,0.3400275864103578,0.2033236506264599,0.4767315221942556,144.36,-38.147
33076,1990-07-26 00:00:00,0.1815912353773943,0.0451007625071883,0.3180817082476002,144.36,-38.147
33077,1990-07-27 00:00:00,0.0774760121585141,-0.0589294677308063,0.2138814920478346,144.36,-38.147
33078,1990-07-28 00:00:00,0.0831163037635847,-0.053126668405083,0.2193592759322524,144.36,-38.147
33079,1990-07-29 00:00:00,0.0460212210973971,-0.0901859473667914,0.1822283895615856,144.36,-38.147
33080,1990-07-30 00:00:00,0.0595068866573933,-0.0766790651216502,0.1956928384364369,144.36,-38.147
33081,1990-07-31 00:00:00,0.0369368567800041,-0.0992781848485284,0.1731518984085367,144.36,-38.147
33082,1990-08-01 00:00:00,-0.0273965834008922,-0.163822840751405,0.1090296739496205,144.36,-38.147
33083,1990-08-02 00:00:00,-0.0074234835739825,-0.1442221014415526,0.1293751342935874,144.36,-38.147
33084,1990-08-03 00:00:00,-0.0336805282467006,-0.1704489282353119,0.1030878717419105,144.36,-38.147
33085,1990-08-04 00:00:00,0.1990288474198482,0.062499903987569,0.3355577908521275,144.36,-38.147
33086,1990-08-05 00:00:00,0.2773759688293864,0.1403266140565591,0.4144253236022137,144.36,-38.147
33087,1990-08-06 00:00:00,0.4288021588115584,0.2909448882488477,0.5666594293742692,144.36,-38.147
33088,1990-08-07 00:00:00,0.1351315884331971,-0.0019359224415343,0.2721990993079287,144.36,-38.147
33089,1990-08-08 00:00:00,0.0503833228401045,-0.0859329096298277,0.1866995553100367,144.36,-38.147
33090,1990-08-09 00:00:00,0.2109048348167992,0.0740750378235877,0.3477346318100106,144.36,-38.147
33091,1990-08-10 00:00:00,0.2058803891401143,0.0687990017843089,0.3429617764959197,144.36,-38.147
33092,1990-08-11 00:00:00,0.0266886091142431,-0.1100226456022028,0.1633998638306891,144.36,-38.147
33093,1990-08-12 00:00:00,0.2117429147145412,0.0748960023285802,0.3485898271005022,144.36,-38.147
33094,1990-08-13 00:00:00,0.2661234803976672,0.1292734408968056,0.4029735198985288,144.36,-38.147
33095,1990-08-14 00:00:00,0.1748452385143018,0.0382037877256952,0.3114866893029083,144.36,-38.147
33096,1990-08-15 00:00:00,0.226327030011924,0.0898112547772173,0.3628428052466307,144.36,-38.147
33097,1990-08-16 00:00:00,0.1808486733245392,0.0443581136878056,0.3173392329612727,144.36,-38.147
33098,1990-08-17 00:00:00,0.0956199484657124,-0.040717836886595,0.2319577338180199,144.36,-38.147
33099,1990-08-18 00:00:00,-0.0204923778308486,-0.1567892436613202,0.115804487999623,144.36,-38.147
33100,1990-08-19 00:00:00,0.030280077736284,-0.1059445505159629,0.166504705988531,144.36,-38.147
33101,1990-08-20 00:00:00,0.1867088233883578,0.0501364036738281,0.3232812431028875,144.36,-38.147
33102,1990-08-21 00:00:00,0.1955914920396618,0.0591314980423592,0.3320514860369644,144.36,-38.147
33103,1990-08-22 00:00:00,0.2119182588453862,0.0754054054373249,0.3484311122534475,144.36,-38.147
33104,1990-08-23 00:00:00,0.1520014619000963,0.0153274875871376,0.2886754362130549,144.36,-38.147
33105,1990-08-24 00:00:00,0.0885867633898928,-0.0480204116429467,0.2251939384227323,144.36,-38.147
33106,1990-08-25 00:00:00,0.0503333522038786,-0.086377636373894,0.1870443407816512,144.36,-38.147
33107,1990-08-26 00:00:00,0.0304622544993587,-0.1064241304421302,0.1673486394408477,144.36,-38.147
33108,1990-08-27 00:00:00,-0.0710769858739308,-0.2074543490140129,0.0653003772661512,144.36,-38.147
33109,1990-08-28 00:00:00,-0.01706703454296,-0.1535820787537264,0.1194480096678063,144.36,-38.147
33110,1990-08-29 00:00:00,0.0684268965383486,-0.0683151793742331,0.2051689724509303,144.36,-38.147
33111,1990-08-30 00:00:00,0.2059790517829748,0.0694425584016113,0.3425155451643383,144.36,-38.147
33112,1990-08-31 00:00:00,0.0917399593826285,-0.0445668775902005,0.2280467963554575,144.36,-38.147
33113,1990-09-01 00:00:00,0.09262582316172,-0.0435964045324578,0.228848050855898,144.36,-38.147
33114,1990-09-02 00:00:00,0.114250737262148,-0.0221171076678893,0.2506185821921854,144.36,-38.147
33115,1990-09-03 00:00:00,0.3028501055138247,0.1657150004383076,0.4399852105893417,144.36,-38.147
33116,1990-09-04 00:00:00,0.0938639142432538,-0.0432297857676321,0.2309576142541397,144.36,-38.147
33117,1990-09-05 00:00:00,0.0837935604731914,-0.0525020676815248,0.2200891886279077,144.36,-38.147
33118,1990-09-06 00:00:00,0.0578240481193161,-0.0784846157424301,0.1941327119810625,144.36,-38.147
33119,1990-09-07 00:00:00,0.043717488651643,-0.0925584750136047,0.1799934523168909,144.36,-38.147
33120,1990-09-08 00:00:00,-0.0132986701432345,-0.149513780530123,0.1229164402436539,144.36,-38.147
33121,1990-09-09 00:00:00,-0.0067566259427921,-0.1429614358427629,0.1294481839571786,144.36,-38.147
33122,1990-09-10 00:00:00,0.0071273881087578,-0.1291734060896318,0.1434281823071476,144.36,-38.147
33123,1990-09-11 00:00:00,0.065315887993829,-0.071270545425096,0.2019023214127541,144.36,-38.147
33124,1990-09-12 00:00:00,0.126582180220356,-0.0100103144820898,0.2631746749228018,144.36,-38.147
33125,1990-09-13 00:00:00,0.0755482916270189,-0.0619256136864248,0.2130221969404628,144.36,-38.147
33126,1990-09-14 00:00:00,0.0288918648595217,-0.1084427028613072,0.1662264325803507,144.36,-38.147
33127,1990-09-15 00:00:00,-0.0423612198890497,-0.1787907595037737,0.0940683197256743,144.36,-38.147
33128,1990-09-16 00:00:00,-0.0387784199512457,-0.1749638584056624,0.097407018503171,144.36,-38.147
33129,1990-09-17 00:00:00,-0.0363747316160162,-0.172551959999168,0.0998024967671355,144.36,-38.147
33130,1990-09-18 00:00:00,-0.0243286683475322,-0.1605340241105071,0.1118766874154425,144.36,-38.147
33131,1990-09-19 00:00:00,0.0327336457941123,-0.1035877247378075,0.1690550163260321,144.36,-38.147
33132,1990-09-20 00:00:00,0.0845792354356526,-0.0520833717760181,0.2212418426473233,144.36,-38.147
33133,1990-09-21 00:00:00,0.3566755627718877,0.2190360812571551,0.4943150442866203,144.36,-38.147
33134,1990-09-22 00:00:00,0.0583845559629426,-0.0780882964088844,0.1948574083347697,144.36,-38.147
33135,1990-09-23 00:00:00,-0.0026701309539382,-0.1388954161382836,0.1335551542304071,144.36,-38.147
33136,1990-09-24 00:00:00,0.0367163540436466,-0.0996089143058552,0.1730416223931485,144.36,-38.147
33137,1990-09-25 00:00:00,0.117747450057742,-0.0189071438363031,0.2544020439517873,144.36,-38.147
33138,1990-09-26 00:00:00,0.2988043134565852,0.1619299895491098,0.4356786373640606,144.36,-38.147
33139,1990-09-27 00:00:00,0.1045211232719741,-0.03220493994328,0.2412471864872282,144.36,-38.147
33140,1990-09-28 00:00:00,0.0490081176165851,-0.0873104786459725,0.1853267138791429,144.36,-38.147
33141,1990-09-29 00:00:00,-0.0388547252211594,-0.1751243746355738,0.0974149241932548,144.36,-38.147
33142,1990-09-30 00:00:00,-0.0279107087697828,-0.1641406121402659,0.1083191946007003,144.36,-38.147
33143,1990-10-01 00:00:00,0.0462403311446791,-0.0899928070087995,0.1824734692981577,144.36,-38.147
33144,1990-10-02 00:00:00,0.0389982088539745,-0.097294875343413,0.1752912930513621,144.36,-38.147
33145,1990-10-03 00:00:00,0.000797481676287,-0.1354445391900146,0.1370395025425888,144.36,-38.147
33146,1990-10-04 00:00:00,0.046502455126201,-0.0897035681566132,0.1827084784090154,144.36,-38.147
33147,1990-10-05 00:00:00,0.1029318044705942,-0.033374716838864,0.2392383257800524,144.36,-38.147
33148,1990-10-06 00:00:00,0.0997126446116795,-0.0370980671723786,0.2365233563957378,144.36,-38.147
33149,1990-10-07 00:00:00,-0.0238105668759646,-0.1602424962155251,0.1126213624635957,144.36,-38.147
33150,1990-10-08 00:00:00,0.0066478603624632,-0.1295718159895114,0.1428675367144379,144.36,-38.147
33151,1990-10-09 00:00:00,0.1316550490509465,-0.0045795030464444,0.2678896011483375,144.36,-38.147
33152,1990-10-10 00:00:00,0.0797844334106479,-0.0564262925107963,0.2159951593320922,144.36,-38.147
33153,1990-10-11 00:00:00,0.1171368009099727,-0.0194915646461243,0.2537651664660698,144.36,-38.147
33154,1990-10-12 00:00:00,0.1511728305040244,0.0137940626921665,0.2885515983158823,144.36,-38.147
33155,1990-10-13 00:00:00,-0.0617041916588866,-0.1986655669257306,0.0752571836079574,144.36,-38.147
33156,1990-10-14 00:00:00,-0.0294351672113718,-0.1657704765080088,0.106900142085265,144.36,-38.147
33157,1990-10-15 00:00:00,0.0372562740190931,-0.0992583961964858,0.1737709442346721,144.36,-38.147
33158,1990-10-16 00:00:00,0.2727115047163647,0.1357381037878804,0.409684905644849,144.36,-38.147
33159,1990-10-17 00:00:00,0.2224053302447624,0.0858125766351121,0.3589980838544128,144.36,-38.147
33160,1990-10-18 00:00:00,0.0395929917905952,-0.0969417922024551,0.1761277757836455,144.36,-38.147
33161,1990-10-19 00:00:00,0.1905288558568716,0.0537990659270399,0.3272586457867034,144.36,-38.147
33162,1990-10-20 00:00:00,0.3138569806542816,0.1761012727992034,0.4516126885093597,144.36,-38.147
33163,1990-10-21 00:00:00,0.3481253704583822,0.2109852335630845,0.4852655073536799,144.36,-38.147
33164,1990-10-22 00:00:00,0.1174849114082915,-0.0192634076049595,0.2542332304215426,144.36,-38.147
33165,1990-10-23 00:00:00,-0.0429573888209846,-0.1793950509779469,0.0934802733359776,144.36,-38.147
33166,1990-10-24 00:00:00,-0.0276217263779827,-0.1638379863026844,0.1085945335467189,144.36,-38.147
33167,1990-10-25 00:00:00,-0.044197620150675,-0.1803690441338179,0.0919738038324678,144.36,-38.147
33168,1990-10-26 00:00:00,0.013707498539852,-0.12250157116797,0.1499165682476741,144.36,-38.147
33169,1990-10-27 00:00:00,0.0404329687056131,-0.0959610360228729,0.1768269734340991,144.36,-38.147
33170,1990-10-28 00:00:00,0.0570329707622127,-0.079625773292241,0.1936917148166666,144.36,-38.147
33171,1990-10-29 00:00:00,0.0303716780075956,-0.1062584386657115,0.1670017946809028,144.36,-38.147
33172,1990-10-30 00:00:00,0.0784537207322417,-0.0581905993262663,0.2150980407907499,144.36,-38.147
33173,1990-10-31 00:00:00,0.0087109346755616,-0.1276843231399853,0.1451061924911086,144.36,-38.147
33174,1990-11-01 00:00:00,0.308283733160492,0.1715997585067533,0.4449677078142308,144.36,-38.147
33175,1990-11-02 00:00:00,0.1304658911829738,-0.0060537845104702,0.2669855668764178,144.36,-38.147
33176,1990-11-03 00:00:00,0.0946542833136617,-0.0415646952256427,0.2308732618529662,144.36,-38.147
33177,1990-11-04 00:00:00,0.0363175411372315,-0.0998710590270544,0.1725061413015176,144.36,-38.147
33178,1990-11-05 00:00:00,-0.0146441231054698,-0.15093892607416,0.1216506798632204,144.36,-38.147
33179,1990-11-06 00:00:00,0.0483639131879682,-0.0881619880613718,0.1848898144373082,144.36,-38.147
33180,1990-11-07 00:00:00,0.0803328624087806,-0.0564322608804912,0.2170979856980524,144.36,-38.147
33181,1990-11-08 00:00:00,0.0593873435123157,-0.0776196694989047,0.1963943565235362,144.36,-38.147
33182,1990-11-09 00:00:00,0.284628656228962,0.1468661861306809,0.4223911263272432,144.36,-38.147
33183,1990-11-10 00:00:00,0.3527090852662105,0.2159808186041784,0.4894373519282425,144.36,-38.147
33184,1990-11-11 00:00:00,0.2081044159505883,0.0714048542833626,0.3448039776178139,144.36,-38.147
33185,1990-11-12 00:00:00,0.0129387402442619,-0.1234671587718678,0.1493446392603917,144.36,-38.147
33186,1990-11-13 00:00:00,0.0435588518261106,-0.0930087305980226,0.1801264342502439,144.36,-38.147
33187,1990-11-14 00:00:00,0.1389314435210344,0.0020272734575021,0.2758356135845667,144.36,-38.147
33188,1990-11-15 00:00:00,0.0936424299547707,-0.042761360955829,0.2300462208653705,144.36,-38.147
33189,1990-11-16 00:00:00,0.1594917779810419,0.023216033786118,0.2957675221759659,144.36,-38.147
33190,1990-11-17 00:00:00,0.0597464367655465,-0.0766925305854287,0.1961854041165219,144.36,-38.147
33191,1990-11-18 00:00:00,0.0066442485798742,-0.1298067607416088,0.1430952579013573,144.36,-38.147
33192,1990-11-19 00:00:00,0.0190412823248256,-0.1172113838966482,0.1552939485462996,144.36,-38.147
33193,1990-11-20 00:00:00,0.004044707334517,-0.132145195657846,0.14023461032688,144.36,-38.147
33194,1990-11-21 00:00:00,0.0280955616874119,-0.1086322253349897,0.1648233487098135,144.36,-38.147
33195,1990-11-22 00:00:00,0.2690970719161017,0.1319062746305146,0.4062878692016888,144.36,-38.147
33196,1990-11-23 00:00:00,0.2792625306374431,0.1428642461170713,0.4156608151578148,144.36,-38.147
33197,1990-11-24 00:00:00,0.1173721245582164,-0.0190935980115478,0.2538378471279806,144.36,-38.147
33198,1990-11-25 00:00:00,0.1234865077632488,-0.012881644683843,0.2598546602103408,144.36,-38.147
33199,1990-11-26 00:00:00,0.0691678482612311,-0.0672444124008361,0.2055801089232985,144.36,-38.147
33200,1990-11-27 00:00:00,0.0073426829874327,-0.1288754705154935,0.143560836490359,144.36,-38.147
33201,1990-11-28 00:00:00,0.0450578517383001,-0.091164165419842,0.1812798688964424,144.36,-38.147
33202,1990-11-29 00:00:00,0.0426692936657265,-0.0935931796642245,0.1789317669956775,144.36,-38.147
33203,1990-11-30 00:00:00,0.0361387328455549,-0.1000761478054627,0.1723536134965726,144.36,-38.147
33204,1990-12-01 00:00:00,0.0473951269470543,-0.0888235490580709,0.1836138029521796,144.36,-38.147
33205,1990-12-02 00:00:00,0.0336646510310444,-0.1025897291977556,0.1699190312598445,144.36,-38.147
33206,1990-12-03 00:00:00,0.0767168409032368,-0.0595495617832345,0.2129832435897082,144.36,-38.147
33207,1990-12-04 00:00:00,0.0065005903144928,-0.1297628940522617,0.1427640746812475,144.36,-38.147
33208,1990-12-05 00:00:00,0.0484364839572699,-0.0884265498992966,0.1852995178138366,144.36,-38.147
33209,1990-12-06 00:00:00,0.1167844763714998,-0.0201465234602672,0.2537154762032669,144.36,-38.147
33210,1990-12-07 00:00:00,0.0345671670672715,-0.1024815433916775,0.1716158775262206,144.36,-38.147
33211,1990-12-08 00:00:00,0.2967569787535936,0.1595470745010133,0.4339668830061739,144.36,-38.147
33212,1990-12-09 00:00:00,0.1220078080008072,-0.014397481516019,0.2584130975176336,144.36,-38.147
33213,1990-12-10 00:00:00,0.1517446475010324,0.0153675274841359,0.288121767517929,144.36,-38.147
33214,1990-12-11 00:00:00,0.1463664697415693,0.0098443016748741,0.2828886378082645,144.36,-38.147
33215,1990-12-12 00:00:00,0.130975734482197,-0.0056465974489782,0.2675980664133723,144.36,-38.147
33216,1990-12-13 00:00:00,0.153455495963316,0.0170479827876406,0.2898630091389914,144.36,-38.147
33217,1990-12-14 00:00:00,0.1568920247808396,0.0204316304939894,0.2933524190676898,144.36,-38.147
33218,1990-12-15 00:00:00,0.1024840191731506,-0.0339083360234881,0.2388763743697895,144.36,-38.147
33219,1990-12-16 00:00:00,0.0265845481632677,-0.1096082436444677,0.1627773399710032,144.36,-38.147
33220,1990-12-17 00:00:00,-0.0107487196867374,-0.1474270042307384,0.1259295648572636,144.36,-38.147
33221,1990-12-18 00:00:00,0.1664218059045428,0.0294154182130839,0.3034281935960017,144.36,-38.147
33222,1990-12-19 00:00:00,0.0438461672683819,-0.0925013446224721,0.1801936791592361,144.36,-38.147
33223,1990-12-20 00:00:00,0.0497106563622814,-0.0866448716249952,0.186066184349558,144.36,-38.147
33224,1990-12-21 00:00:00,0.0360299389403958,-0.1003253420040027,0.1723852198847944,144.36,-38.147
33225,1990-12-22 00:00:00,0.0553050922591888,-0.0810734242515841,0.1916836087699618,144.36,-38.147
33226,1990-12-23 00:00:00,0.4063602061307033,0.2696438928479638,0.5430765194134428,144.36,-38.147
33227,1990-12-24 00:00:00,0.245027422846313,0.1083648308106635,0.3816900148819624,144.36,-38.147
33228,1990-12-25 00:00:00,0.1224257296053907,-0.0139077702913657,0.2587592295021473,144.36,-38.147
33229,1990-12-26 00:00:00,0.1515808340056545,0.0152628410060135,0.2878988270052956,144.36,-38.147
33230,1990-12-27 00:00:00,0.0030901604555632,-0.1338873904748435,0.14006771138597,144.36,-38.147
33231,1990-12-28 00:00:00,0.2441452040038726,0.1046030479866317,0.3836873600211136,144.36,-38.147
33232,1990-12-29 00:00:00,0.138366593765089,0.0019746222956376,0.2747585652345405,144.36,-38.147
33233,1990-12-30 00:00:00,0.059949083621112,-0.0763941313650802,0.1962922986073044,144.36,-38.147
33234,1990-12-31 00:00:00,0.0424008270517081,-0.0938502554865072,0.1786519095899236,144.36,-38.147
33235,1991-01-01 00:00:00,0.0907480656430616,-0.0456021344253235,0.2270982657114468,144.36,-38.147
33236,1991-01-02 00:00:00,-0.0019465597794521,-0.1383914446824885,0.1344983251235842,144.36,-38.147
33237,1991-01-03 00:00:00,0.0275162699142167,-0.1089470873571779,0.1639796271856113,144.36,-38.147
33238,1991-01-04 00:00:00,0.1384463297264828,0.0019108359717505,0.2749818234812151,144.36,-38.147
33239,1991-01-05 00:00:00,0.1430798995963986,0.0066138969600655,0.2795459022327317,144.36,-38.147
33240,1991-01-06 00:00:00,0.3013551027274084,0.164886243159861,0.4378239622949558,144.36,-38.147
33241,1991-01-07 00:00:00,0.1536408087341921,0.0171245683265532,0.290157049141831,144.36,-38.147
33242,1991-01-08 00:00:00,0.045433804835512,-0.0908124812008133,0.1816800908718375,144.36,-38.147
33243,1991-01-09 00:00:00,-0.019356870783834,-0.1555813451698292,0.1168676036021611,144.36,-38.147
33244,1991-01-10 00:00:00,0.0660608070894268,-0.0702005658205909,0.2023221799994446,144.36,-38.147
33245,1991-01-11 00:00:00,0.0835246878971625,-0.0528809575349796,0.2199303333293047,144.36,-38.147
33246,1991-01-12 00:00:00,0.1386986489760194,0.0023226401981145,0.2750746577539243,144.36,-38.147
33247,1991-01-13 00:00:00,0.0456647736933393,-0.0905687403301189,0.1818982877167976,144.36,-38.147
33248,1991-01-14 00:00:00,0.0481195846694137,-0.0881269705278148,0.1843661398666422,144.36,-38.147
33249,1991-01-15 00:00:00,0.0769117866678673,-0.0594674667909671,0.2132910401267018,144.36,-38.147
33250,1991-01-16 00:00:00,0.0212218659418966,-0.115366141387346,0.1578098732711393,144.36,-38.147
33251,1991-01-17 00:00:00,-0.0239885024390763,-0.1603310572471656,0.1123540523690129,144.36,-38.147
33252,1991-01-18 00:00:00,0.019802733862143,-0.116441803557853,0.1560472712821391,144.36,-38.147
33253,1991-01-19 00:00:00,0.0280052839401868,-0.1082840466165249,0.1642946144968986,144.36,-38.147
33254,1991-01-20 00:00:00,0.1411705372916152,0.0048291442503438,0.2775119303328867,144.36,-38.147
33255,1991-01-21 00:00:00,0.0998738349837166,-0.0364593140974173,0.2362069840648505,144.36,-38.147
33256,1991-01-22 00:00:00,0.0308551739023093,-0.1054369338242205,0.1671472816288391,144.36,-38.147
33257,1991-01-23 00:00:00,0.0640762771877109,-0.0724352639177473,0.2005878182931691,144.36,-38.147
33258,1991-01-24 00:00:00,0.0898910998335374,-0.0474295490197602,0.2272117486868351,144.36,-38.147
33259,1991-01-25 00:00:00,0.2564026749762848,0.1196424816986843,0.3931628682538852,144.36,-38.147
33260,1991-01-26 00:00:00,0.2471895688639276,0.1107186628096807,0.3836604749181745,144.36,-38.147
33261,1991-01-27 00:00:00,0.2661837389740639,0.1298785187916308,0.4024889591564971,144.36,-38.147
33262,1991-01-28 00:00:00,0.1792486462393595,0.0429860241463729,0.3155112683323461,144.36,-38.147
33263,1991-01-29 00:00:00,0.3665500644328204,0.2298850101374251,0.5032151187282157,144.36,-38.147
33264,1991-01-30 00:00:00,0.1425171197721173,0.0060120812328115,0.2790221583114231,144.36,-38.147
33265,1991-01-31 00:00:00,0.1358765580038914,-0.0004768657993499,0.2722299818071328,144.36,-38.147
33266,1991-02-01 00:00:00,0.05729661311255,-0.079054754938809,0.1936479811639092,144.36,-38.147
33267,1991-02-02 00:00:00,-0.0280216737681593,-0.1643613517147559,0.1083180041784372,144.36,-38.147
33268,1991-02-03 00:00:00,0.1014362091791444,-0.0349150106500995,0.2377874290083884,144.36,-38.147
33269,1991-02-04 00:00:00,0.0834591448548043,-0.0528564183377757,0.2197747080473844,144.36,-38.147
33270,1991-02-05 00:00:00,0.1098634157246285,-0.0264716046620078,0.2461984361112649,144.36,-38.147
33271,1991-02-06 00:00:00,0.1019674292959207,-0.0344872294852907,0.2384220880771322,144.36,-38.147
33272,1991-02-07 00:00:00,0.0719322751737299,-0.0644235082550986,0.2082880586025585,144.36,-38.147
33273,1991-02-08 00:00:00,0.1652991005117713,0.0289633151407386,0.3016348858828042,144.36,-38.147
33274,1991-02-09 00:00:00,0.176995367704861,0.040590809395076,0.3133999260146461,144.36,-38.147
33275,1991-02-10 00:00:00,0.1859826477191299,0.0494353791103929,0.3225299163278669,144.36,-38.147
33276,1991-02-11 00:00:00,0.0743089295550365,-0.0618931778750116,0.2105110369850847,144.36,-38.147
33277,1991-02-12 00:00:00,0.0605389723142346,-0.0756782585746675,0.1967562032031369,144.36,-38.147
33278,1991-02-13 00:00:00,0.0776050263224993,-0.0586314966079646,0.2138415492529632,144.36,-38.147
33279,1991-02-14 00:00:00,0.1406187542587386,0.0042774664759705,0.2769600420415067,144.36,-38.147
33280,1991-02-15 00:00:00,0.1062168661616599,-0.0301756238094766,0.2426093561327965,144.36,-38.147
33281,1991-02-16 00:00:00,0.0660995752349701,-0.0708178441550034,0.2030169946249438,144.36,-38.147
33282,1991-02-17 00:00:00,-0.0179984136142302,-0.1545288249514357,0.1185319977229753,144.36,-38.147
33283,1991-02-18 00:00:00,0.0144568845244641,-0.1218821200948142,0.1507958891437424,144.36,-38.147
33284,1991-02-19 00:00:00,0.1009403116023882,-0.0356547510113875,0.237535374216164,144.36,-38.147
33285,1991-02-20 00:00:00,0.0527655884057149,-0.0836530106919787,0.1891841875034086,144.36,-38.147
33286,1991-02-21 00:00:00,0.0018135245000648,-0.1343967348883299,0.1380237838884596,144.36,-38.147
33287,1991-02-22 00:00:00,0.0249485233580621,-0.1113108671481455,0.1612079138642698,144.36,-38.147
33288,1991-02-23 00:00:00,0.0045782912269966,-0.1317620330385569,0.1409186154925501,144.36,-38.147
33289,1991-02-24 00:00:00,0.0094909970506677,-0.1268767959883717,0.1458587900897072,144.36,-38.147
33290,1991-02-25 00:00:00,0.0495760294562681,-0.086821652172797,0.1859737110853332,144.36,-38.147
33291,1991-02-26 00:00:00,0.0468738365283799,-0.0896732772616283,0.1834209503183881,144.36,-38.147
33292,1991-02-27 00:00:00,-0.0071252713829606,-0.1436997900270709,0.1294492472611496,144.36,-38.147
33293,1991-02-28 00:00:00,-0.0543881359596116,-0.190951234137048,0.0821749622178247,144.36,-38.147
33294,1991-03-01 00:00:00,0.110716180910408,-0.0260692658202426,0.2475016276410586,144.36,-38.147
33295,1991-03-02 00:00:00,-0.0271065770959421,-0.1637399315216436,0.1095267773297592,144.36,-38.147
33296,1991-03-03 00:00:00,-0.0260204203724515,-0.1622527017058774,0.1102118609609743,144.36,-38.147
33297,1991-03-04 00:00:00,0.0311977147242618,-0.105046437556381,0.1674418670049047,144.36,-38.147
33298,1991-03-05 00:00:00,0.0042108652737149,-0.1325596608377208,0.1409813913851507,144.36,-38.147
33299,1991-03-06 00:00:00,-0.0272096642989958,-0.163768217048145,0.1093488884501532,144.36,-38.147
33300,1991-03-07 00:00:00,0.0639299157097932,-0.0726797572610276,0.2005395886806142,144.36,-38.147
33301,1991-03-08 00:00:00,0.0814627558648101,-0.0551501907010019,0.2180757024306222,144.36,-38.147
33302,1991-03-09 00:00:00,0.1651535218964001,0.0287727122696029,0.3015343315231974,144.36,-38.147
33303,1991-03-10 00:00:00,0.1213672310249788,-0.0149938918628429,0.2577283539128007,144.36,-38.147
33304,1991-03-11 00:00:00,0.1232450826611932,-0.0130276876001803,0.2595178529225667,144.36,-38.147
33305,1991-03-12 00:00:00,0.0651395709066,-0.071171790675857,0.201450932489057,144.36,-38.147
33306,1991-03-13 00:00:00,0.0119030782660069,-0.1242994366115404,0.1481055931435544,144.36,-38.147
33307,1991-03-14 00:00:00,0.015988224217317,-0.1201957125118317,0.1521721609464659,144.36,-38.147
33308,1991-03-15 00:00:00,0.0130534241173033,-0.1231316089234373,0.149238457158044,144.36,-38.147
33309,1991-03-16 00:00:00,0.0437883030212285,-0.0924139845123627,0.1799905905548198,144.36,-38.147
33310,1991-03-17 00:00:00,0.0315497565991427,-0.1046501104701757,0.1677496236684612,144.36,-38.147
33311,1991-03-18 00:00:00,0.0778198930278154,-0.0583911322915217,0.2140309183471527,144.36,-38.147
33312,1991-03-19 00:00:00,0.1078326177953605,-0.0283750179145134,0.2440402535052345,144.36,-38.147
33313,1991-03-20 00:00:00,0.1262439790968777,-0.0100132313161044,0.26250118950986,144.36,-38.147
33314,1991-03-21 00:00:00,0.0803365322044852,-0.0558577944835831,0.2165308588925536,144.36,-38.147
33315,1991-03-22 00:00:00,0.0947549854241601,-0.0416275151350823,0.2311374859834026,144.36,-38.147
33316,1991-03-23 00:00:00,0.0227694933638558,-0.1135619270683253,0.1591009137960371,144.36,-38.147
33317,1991-03-24 00:00:00,-0.0478027656128078,-0.1840330676673721,0.0884275364417565,144.36,-38.147
33318,1991-03-25 00:00:00,-0.0121999894930248,-0.1484825749293415,0.1240825959432918,144.36,-38.147
33319,1991-03-26 00:00:00,0.1587333717476924,0.0222704808210419,0.2951962626743428,144.36,-38.147
33320,1991-03-27 00:00:00,0.2667980499680579,0.1302010303139387,0.4033950696221772,144.36,-38.147
33321,1991-03-28 00:00:00,0.0703314250384477,-0.0661328322797467,0.2067956823566422,144.36,-38.147
33322,1991-03-29 00:00:00,0.0219860265081138,-0.1142638148391674,0.1582358678553951,144.36,-38.147
33323,1991-03-30 00:00:00,0.1874312118547776,0.0510962769534682,0.3237661467560869,144.36,-38.147
33324,1991-03-31 00:00:00,0.122737342177256,-0.0137444478342197,0.2592191321887318,144.36,-38.147
33325,1991-04-01 00:00:00,0.3529408630287857,0.2162288002775744,0.4896529257799971,144.36,-38.147
33326,1991-04-02 00:00:00,0.1122820955741055,-0.0241880708765848,0.2487522620247959,144.36,-38.147
33327,1991-04-03 00:00:00,0.0575765629592478,-0.0786890104663337,0.1938421363848295,144.36,-38.147
33328,1991-04-04 00:00:00,0.0349002559400172,-0.1013560934352419,0.1711566053152763,144.36,-38.147
33329,1991-04-05 00:00:00,0.0268684715517402,-0.1093801061861685,0.163117049289649,144.36,-38.147
33330,1991-04-06 00:00:00,0.0622519306282728,-0.0740182153640656,0.1985220766206113,144.36,-38.147
33331,1991-04-07 00:00:00,0.0219653278617278,-0.1143185973213654,0.1582492530448211,144.36,-38.147
33332,1991-04-08 00:00:00,-0.0511330277688458,-0.1875656997369272,0.0852996441992354,144.36,-38.147
33333,1991-04-09 00:00:00,-0.0037801162675001,-0.140193532816657,0.1326333002816567,144.36,-38.147
33334,1991-04-10 00:00:00,-0.0014335286202992,-0.1376169217791373,0.1347498645385388,144.36,-38.147
33335,1991-04-11 00:00:00,-0.0098465103542827,-0.1460622248048187,0.1263692040962531,144.36,-38.147
33336,1991-04-12 00:00:00,-0.0012710581124875,-0.1375445769225789,0.1350024606976038,144.36,-38.147
33337,1991-04-13 00:00:00,0.0920142519259271,-0.0443012249479771,0.2283297287998314,144.36,-38.147
33338,1991-04-14 00:00:00,0.079289509932145,-0.0569253777926703,0.2155043976569604,144.36,-38.147
33339,1991-04-15 00:00:00,0.1019383020155075,-0.0342744267073251,0.2381510307383403,144.36,-38.147
33340,1991-04-16 00:00:00,0.0455045623560359,-0.0907643724433166,0.1817734971553885,144.36,-38.147
33341,1991-04-17 00:00:00,0.1010903795887945,-0.0352565498286857,0.2374373090062749,144.36,-38.147
33342,1991-04-18 00:00:00,0.0664345548907923,-0.0699996979665504,0.2028688077481351,144.36,-38.147
33343,1991-04-19 00:00:00,0.0333060314510906,-0.1029455444088937,0.169557607311075,144.36,-38.147
33344,1991-04-20 00:00:00,0.0312182317721359,-0.1050687136433215,0.1675051771875934,144.36,-38.147
33345,1991-04-21 00:00:00,0.1826860208997967,0.0456921186576509,0.3196799231419426,144.36,-38.147
33346,1991-04-22 00:00:00,0.0758163539679737,-0.0614412620389027,0.2130739699748502,144.36,-38.147
33347,1991-04-23 00:00:00,-0.1077499763237919,-0.2444663576526108,0.028966405005027,144.36,-38.147
33348,1991-04-24 00:00:00,0.063103311991507,-0.0733521503081101,0.1995587742911243,144.36,-38.147
33349,1991-04-25 00:00:00,0.2148944656226125,0.0782728545773372,0.3515160766678878,144.36,-38.147
33350,1991-04-26 00:00:00,0.1418358386125923,0.0052558448182314,0.2784158324069533,144.36,-38.147
33351,1991-04-27 00:00:00,0.0272737317342733,-0.1092312005153241,0.1637786639838708,144.36,-38.147
33352,1991-04-28 00:00:00,0.022795290932007,-0.1134100175366388,0.1590005994006529,144.36,-38.147
33353,1991-04-29 00:00:00,-0.0028169701098286,-0.1389906694191436,0.1333567291994862,144.36,-38.147
33354,1991-04-30 00:00:00,-0.0054796812621275,-0.1416759422394593,0.1307165797152043,144.36,-38.147
33355,1991-05-01 00:00:00,0.0391917170534278,-0.0969962530488026,0.1753796871556583,144.36,-38.147
33356,1991-05-02 00:00:00,0.2867852182781397,0.1502208162408959,0.4233496203153836,144.36,-38.147
33357,1991-05-03 00:00:00,0.0542182492720576,-0.0822481312552688,0.190684629799384,144.36,-38.147
33358,1991-05-04 00:00:00,-0.0168359859084463,-0.1530506571753984,0.1193786853585058,144.36,-38.147
33359,1991-05-05 00:00:00,-0.0050878133633554,-0.141306239487362,0.1311306127606512,144.36,-38.147
33360,1991-05-06 00:00:00,0.0482866181008016,-0.0879723949912296,0.1845456311928328,144.36,-38.147
33361,1991-05-07 00:00:00,0.1103854776916048,-0.0259239367221581,0.2466948921053678,144.36,-38.147
33362,1991-05-08 00:00:00,0.0418393127059207,-0.0944464757978522,0.1781251012096938,144.36,-38.147
33363,1991-05-09 00:00:00,0.0488846626769849,-0.0874515009765531,0.185220826330523,144.36,-38.147
33364,1991-05-10 00:00:00,0.0050553404785759,-0.1312405559962686,0.1413512369534205,144.36,-38.147
33365,1991-05-11 00:00:00,-0.0133314855167532,-0.1495683952228459,0.1229054241893394,144.36,-38.147
33366,1991-05-12 00:00:00,-0.0280558768225095,-0.1642662071930757,0.1081544535480566,144.36,-38.147
33367,1991-05-13 00:00:00,-0.0363027632280685,-0.1725055059673556,0.0998999795112184,144.36,-38.147
33368,1991-05-14 00:00:00,-0.040410485454848,-0.1766176807077776,0.0957967097980814,144.36,-38.147
33369,1991-05-15 00:00:00,-0.0167749482730187,-0.1529743582405792,0.1194244616945416,144.36,-38.147
33370,1991-05-16 00:00:00,0.03698280973327,-0.0992487893033444,0.1732144087698845,144.36,-38.147
33371,1991-05-17 00:00:00,-0.0144226345175667,-0.1507050325566775,0.121859763521544,144.36,-38.147
33372,1991-05-18 00:00:00,-0.0298596322819116,-0.1660552919701733,0.1063360274063499,144.36,-38.147
33373,1991-05-19 00:00:00,-0.0388275705544412,-0.175033098690745,0.0973779575818626,144.36,-38.147
33374,1991-05-20 00:00:00,-0.0264214657704338,-0.1626360161315495,0.1097930845906818,144.36,-38.147
33375,1991-05-21 00:00:00,-0.0158982168612049,-0.1521027010530458,0.1203062673306359,144.36,-38.147
33376,1991-05-22 00:00:00,-0.0232513528874924,-0.1594846100541255,0.1129819042791406,144.36,-38.147
33377,1991-05-23 00:00:00,-0.021738204223089,-0.1580348866809254,0.1145584782347473,144.36,-38.147
33378,1991-05-24 00:00:00,-0.0044043423814522,-0.1406967164653798,0.1318880317024754,144.36,-38.147
33379,1991-05-25 00:00:00,0.0384027049686863,-0.0978201369975746,0.1746255469349474,144.36,-38.147
33380,1991-05-26 00:00:00,0.0695604971797426,-0.0666500181169514,0.2057710124764368,144.36,-38.147
33381,1991-05-27 00:00:00,0.0152580873777692,-0.1209765243919444,0.1514926991474829,144.36,-38.147
33382,1991-05-28 00:00:00,-0.0302595771414229,-0.1664624530087815,0.1059432987259357,144.36,-38.147
33383,1991-05-29 00:00:00,-0.0222214569765537,-0.1584506553656152,0.1140077414125077,144.36,-38.147
33384,1991-05-30 00:00:00,-0.0376148514272392,-0.1738281867420537,0.0985984838875752,144.36,-38.147
33385,1991-05-31 00:00:00,-0.0085098972282898,-0.1447380558758501,0.1277182614192704,144.36,-38.147
33386,1991-06-01 00:00:00,0.0319770759999575,-0.1042915776714101,0.1682457296713251,144.36,-38.147
33387,1991-06-02 00:00:00,0.0899502064365577,-0.0465958932120545,0.22649630608517,144.36,-38.147
33388,1991-06-03 00:00:00,0.1845723792381909,0.0482266804487584,0.3209180780276234,144.36,-38.147
33389,1991-06-04 00:00:00,0.1557840899450472,0.019544162058416,0.2920240178316783,144.36,-38.147
33390,1991-06-05 00:00:00,0.0175123209688493,-0.1187322112809077,0.1537568532186063,144.36,-38.147
33391,1991-06-06 00:00:00,0.0264410629684989,-0.1099676095883196,0.1628497355253176,144.36,-38.147
33392,1991-06-07 00:00:00,0.1341826741894144,-0.0024573180847143,0.2708226664635433,144.36,-38.147
33393,1991-06-08 00:00:00,0.0758883410998545,-0.06062542492983,0.2124021071295392,144.36,-38.147
33394,1991-06-09 00:00:00,-0.0214932747680436,-0.1588669771898883,0.115880427653801,144.36,-38.147
33395,1991-06-10 00:00:00,-0.03946874789836,-0.1769137998077211,0.097976304011001,144.36,-38.147
33396,1991-06-11 00:00:00,-0.025848987040434,-0.1630338284792808,0.1113358543984128,144.36,-38.147
33397,1991-06-12 00:00:00,-0.002518565532449,-0.1393809246310597,0.1343437935661617,144.36,-38.147
33398,1991-06-13 00:00:00,0.0439053124668103,-0.092903904976382,0.1807145299100025,144.36,-38.147
33399,1991-06-14 00:00:00,0.0028735503631144,-0.1335489489326644,0.1392960496588934,144.36,-38.147
33400,1991-06-15 00:00:00,0.0069099971867983,-0.1293861943428101,0.1432061887164068,144.36,-38.147
33401,1991-06-16 00:00:00,0.195058735018717,0.0586293612024155,0.3314881088350185,144.36,-38.147
33402,1991-06-17 00:00:00,0.2251608898451906,0.0884980519408081,0.3618237277495731,144.36,-38.147
33403,1991-06-18 00:00:00,0.0142686571634671,-0.122168557828491,0.1507058721554254,144.36,-38.147
33404,1991-06-19 00:00:00,0.0229938450165255,-0.1132206279349364,0.1592083179679874,144.36,-38.147
33405,1991-06-20 00:00:00,0.0820576897717419,-0.0542033346390903,0.2183187141825743,144.36,-38.147
33406,1991-06-21 00:00:00,0.1215020732583353,-0.0148415976415134,0.2578457441581842,144.36,-38.147
33407,1991-06-22 00:00:00,0.0245750038670573,-0.1121824479154491,0.1613324556495639,144.36,-38.147
33408,1991-06-23 00:00:00,0.1106063968724064,-0.0263739516336744,0.2475867453784873,144.36,-38.147
33409,1991-06-24 00:00:00,0.1753761346771012,0.0387605702355777,0.3119916991186247,144.36,-38.147
33410,1991-06-25 00:00:00,0.1223903651716438,-0.0140739289347405,0.2588546592780282,144.36,-38.147
33411,1991-06-26 00:00:00,0.4093216502947224,0.2715958898657243,0.5470474107237205,144.36,-38.147
33412,1991-06-27 00:00:00,-0.0122054196478888,-0.1493907474035145,0.1249799081077368,144.36,-38.147
33413,1991-06-28 00:00:00,0.1145040851141932,-0.0232371030874874,0.252245273315874,144.36,-38.147
33414,1991-06-29 00:00:00,0.342849601691198,0.2044972077495872,0.4812019956328087,144.36,-38.147
33415,1991-06-30 00:00:00,0.1692674094753485,0.0324843835242342,0.3060504354264629,144.36,-38.147
33416,1991-07-01 00:00:00,0.0389473732762785,-0.0973029801988792,0.1751977267514364,144.36,-38.147
33417,1991-07-02 00:00:00,-0.0102578420634353,-0.1464468467576148,0.1259311626307441,144.36,-38.147
33418,1991-07-03 00:00:00,-0.0170190263291873,-0.1532772740991528,0.1192392214407781,144.36,-38.147
33419,1991-07-04 00:00:00,-0.0165835348346711,-0.1534420961782931,0.1202750265089508,144.36,-38.147
33420,1991-07-05 00:00:00,0.1612630596713774,0.0235343618303419,0.2989917575124129,144.36,-38.147
33421,1991-07-06 00:00:00,0.1099112556201028,-0.0268300238464778,0.2466525350866835,144.36,-38.147
33422,1991-07-07 00:00:00,0.0127212669536129,-0.1237285007461385,0.1491710346533645,144.36,-38.147
33423,1991-07-08 00:00:00,0.0338074028711194,-0.1029337669836338,0.1705485727258728,144.36,-38.147
33424,1991-07-09 00:00:00,0.015788306892082,-0.1215618563716991,0.1531384701558633,144.36,-38.147
33425,1991-07-10 00:00:00,0.0753550384717359,-0.0614836098302302,0.2121936867737021,144.36,-38.147
33426,1991-07-11 00:00:00,0.1271519038881338,-0.0091394896706542,0.2634432974469218,144.36,-38.147
33427,1991-07-12 00:00:00,0.0779950166886408,-0.0582821639869122,0.2142721973641939,144.36,-38.147
33428,1991-07-13 00:00:00,0.0555353129322126,-0.0807386182093705,0.1918092440737958,144.36,-38.147
33429,1991-07-14 00:00:00,0.0771482195266179,-0.0593406221830034,0.2136370612362392,144.36,-38.147
33430,1991-07-15 00:00:00,0.0763824948363413,-0.0599674374670693,0.212732427139752,144.36,-38.147
33431,1991-07-16 00:00:00,0.0193936522590181,-0.1169920695074582,0.1557793740254946,144.36,-38.147
33432,1991-07-17 00:00:00,-0.0058982011156078,-0.1421800607157044,0.1303836584844886,144.36,-38.147
33433,1991-07-18 00:00:00,0.0471636771048747,-0.0891115498951934,0.1834389041049429,144.36,-38.147
33434,1991-07-19 00:00:00,0.1416066794730394,0.0052591752037224,0.2779541837423565,144.36,-38.147
33435,1991-07-20 00:00:00,0.2482154839747193,0.1116967711418871,0.3847341968075515,144.36,-38.147
33436,1991-07-21 00:00:00,0.0521796663978519,-0.084437646955574,0.188796979751278,144.36,-38.147
33437,1991-07-22 00:00:00,0.048650061539872,-0.0879296795381899,0.185229802617934,144.36,-38.147
33438,1991-07-23 00:00:00,0.0994647999992851,-0.0371611524993722,0.2360907524979424,144.36,-38.147
33439,1991-07-24 00:00:00,0.1163990503058091,-0.0202316598053063,0.2530297604169246,144.36,-38.147
33440,1991-07-25 00:00:00,0.0557597380680909,-0.0807377864601085,0.1922572625962905,144.36,-38.147
33441,1991-07-26 00:00:00,0.0460193909420329,-0.0902526331253134,0.1822914150093793,144.36,-38.147
33442,1991-07-27 00:00:00,0.0153830792837662,-0.1211677740496883,0.1519339326172208,144.36,-38.147
33443,1991-07-28 00:00:00,0.3303029900478389,0.1933457700816482,0.4672602100140296,144.36,-38.147
33444,1991-07-29 00:00:00,0.1014715424622372,-0.0349025185539006,0.237845603478375,144.36,-38.147
33445,1991-07-30 00:00:00,0.0938259127400858,-0.0424574625657834,0.2301092880459551,144.36,-38.147
33446,1991-07-31 00:00:00,0.0741345181973585,-0.0622102105990372,0.2104792469937543,144.36,-38.147
33447,1991-08-01 00:00:00,0.1621801316452465,0.025812722745911,0.2985475405445821,144.36,-38.147
33448,1991-08-02 00:00:00,0.0796906320660935,-0.0566609602216667,0.2160422243538537,144.36,-38.147
33449,1991-08-03 00:00:00,0.0994553994091539,-0.0378226241384117,0.2367334229567196,144.36,-38.147
33450,1991-08-04 00:00:00,0.1541986041446451,0.0165414927426189,0.2918557155466713,144.36,-38.147
33451,1991-08-05 00:00:00,0.2242961180227339,0.0865335708962901,0.3620586651491777,144.36,-38.147
33452,1991-08-06 00:00:00,0.59536006329561,0.4556107669956422,0.7351093595955778,144.36,-38.147
33453,1991-08-07 00:00:00,0.1012707929096878,-0.037090913428681,0.2396324992480567,144.36,-38.147
33454,1991-08-08 00:00:00,0.5202197101547033,0.3815813293958294,0.658858090913577,144.36,-38.147
33455,1991-08-09 00:00:00,0.1325405919735753,-0.0056219527642197,0.2707031367113703,144.36,-38.147
33456,1991-08-10 00:00:00,0.0357869062842695,-0.1005395441422121,0.1721133567107513,144.36,-38.147
33457,1991-08-11 00:00:00,0.0252871359797302,-0.1109742599450595,0.1615485319045201,144.36,-38.147
33458,1991-08-12 00:00:00,0.0660886712399606,-0.0702549173776179,0.2024322598575391,144.36,-38.147
33459,1991-08-13 00:00:00,0.3265148888503753,0.1891093449235356,0.4639204327772149,144.36,-38.147
33460,1991-08-14 00:00:00,0.1679128671757382,0.0304488653401764,0.3053768690113001,144.36,-38.147
33461,1991-08-15 00:00:00,0.3237460792667418,0.1865377090187401,0.4609544495147435,144.36,-38.147
33462,1991-08-16 00:00:00,0.0679320876656765,-0.0693540532059256,0.2052182285372787,144.36,-38.147
33463,1991-08-17 00:00:00,-0.0288493365573732,-0.1653111588891307,0.1076124857743843,144.36,-38.147
33464,1991-08-18 00:00:00,-0.0375414943907011,-0.1737667885585559,0.0986837997771535,144.36,-38.147
33465,1991-08-19 00:00:00,0.0193336525972931,-0.1169689681175546,0.1556362733121408,144.36,-38.147
33466,1991-08-20 00:00:00,0.1841802603221051,0.047570865092529,0.3207896555516811,144.36,-38.147
33467,1991-08-21 00:00:00,0.4501836847815715,0.3128373686145597,0.5875300009485833,144.36,-38.147
33468,1991-08-22 00:00:00,0.1890005206326581,0.0520434301906349,0.3259576110746813,144.36,-38.147
33469,1991-08-23 00:00:00,0.1854436783353056,0.0487326905965159,0.3221546660740952,144.36,-38.147
33470,1991-08-24 00:00:00,0.3782382339473563,0.2407358206982211,0.5157406471964914,144.36,-38.147
33471,1991-08-25 00:00:00,0.0738271205704908,-0.0632169480844327,0.2108711892254144,144.36,-38.147
33472,1991-08-26 00:00:00,0.0283166996649309,-0.1079094163536557,0.1645428156835175,144.36,-38.147
33473,1991-08-27 00:00:00,0.0366111978458797,-0.1006252908426657,0.1738476865344251,144.36,-38.147
33474,1991-08-28 00:00:00,0.1925337720456271,0.0547813173008301,0.3302862267904241,144.36,-38.147
33475,1991-08-29 00:00:00,0.1754304544002315,0.0389203137942719,0.3119405950061911,144.36,-38.147
33476,1991-08-30 00:00:00,0.3389197845852733,0.2019368659069876,0.4759027032635589,144.36,-38.147
33477,1991-08-31 00:00:00,0.1725633788556252,0.0355863141555185,0.3095404435557319,144.36,-38.147
33478,1991-09-01 00:00:00,0.0538114238745601,-0.0826202281140659,0.1902430758631861,144.36,-38.147
33479,1991-09-02 00:00:00,0.0672332366947779,-0.0690018327021999,0.2034683060917557,144.36,-38.147
33480,1991-09-03 00:00:00,0.158807341909247,0.0225648735206029,0.2950498102978911,144.36,-38.147
33481,1991-09-04 00:00:00,0.0767342807829441,-0.0595331416424586,0.2130017032083468,144.36,-38.147
33482,1991-09-05 00:00:00,0.0902907459852859,-0.0459442952744158,0.2265257872449878,144.36,-38.147
33483,1991-09-06 00:00:00,0.0558577864193891,-0.0803617885401203,0.1920773613788985,144.36,-38.147
33484,1991-09-07 00:00:00,-0.0129962411385197,-0.1494347923312567,0.1234423100542172,144.36,-38.147
33485,1991-09-08 00:00:00,0.1816626549897428,0.0448108008576471,0.3185145091218386,144.36,-38.147
33486,1991-09-09 00:00:00,0.0382923018950918,-0.098089524602677,0.1746741283928606,144.36,-38.147
33487,1991-09-10 00:00:00,0.1046962192235793,-0.031682502724803,0.2410749411719617,144.36,-38.147
33488,1991-09-11 00:00:00,0.3379486500359827,0.2010984543349968,0.4747988457369686,144.36,-38.147
33489,1991-09-12 00:00:00,0.1539344931209862,0.0171536812064815,0.290715305035491,144.36,-38.147
33490,1991-09-13 00:00:00,-0.0345721827631815,-0.1709996443095617,0.1018552787831987,144.36,-38.147
33491,1991-09-14 00:00:00,0.1234587085028021,-0.0129668547906324,0.2598842717962367,144.36,-38.147
33492,1991-09-15 00:00:00,0.1274810764391691,-0.0092447363110629,0.2642068891894012,144.36,-38.147
33493,1991-09-16 00:00:00,0.234271912385715,0.0976826928552062,0.3708611319162237,144.36,-38.147
33494,1991-09-17 00:00:00,0.2525075089729857,0.1157878637410565,0.3892271542049149,144.36,-38.147
33495,1991-09-18 00:00:00,0.3670671489521653,0.2300420602324537,0.5040922376718768,144.36,-38.147
33496,1991-09-19 00:00:00,0.3351643215502606,0.1982998833324615,0.4720287597680597,144.36,-38.147
33497,1991-09-20 00:00:00,0.0526258441586168,-0.0845818718659228,0.1898335601831565,144.36,-38.147
33498,1991-09-21 00:00:00,0.3696191217770786,0.2318972503099038,0.5073409932442534,144.36,-38.147
33499,1991-09-22 00:00:00,0.0923947455300023,-0.0449016062510481,0.2296910973110529,144.36,-38.147
33500,1991-09-23 00:00:00,0.0141742173422429,-0.1220986930908049,0.1504471277752908,144.36,-38.147
33501,1991-09-24 00:00:00,0.0025521214439334,-0.1336394813693315,0.1387437242571985,144.36,-38.147
33502,1991-09-25 00:00:00,0.056016143659783,-0.0802165407664919,0.192248828086058,144.36,-38.147
33503,1991-09-26 00:00:00,0.0753725225866614,-0.0609098329620981,0.211654878135421,144.36,-38.147
33504,1991-09-27 00:00:00,0.0365964737936786,-0.0997040227923941,0.1728969703797515,144.36,-38.147
33505,1991-09-28 00:00:00,0.3274059340339543,0.1906141055868991,0.4641977624810095,144.36,-38.147
33506,1991-09-29 00:00:00,0.1949920531722321,0.058198281197269,0.3317858251471951,144.36,-38.147
33507,1991-09-30 00:00:00,0.1128253323669088,-0.0237851776289142,0.249435842362732,144.36,-38.147
33508,1991-10-01 00:00:00,0.0365574217089317,-0.1000251863066664,0.1731400297245298,144.36,-38.147
33509,1991-10-02 00:00:00,0.1177461244989604,-0.019206286236386,0.254698535234307,144.36,-38.147
33510,1991-10-03 00:00:00,0.0312456908806762,-0.1052159060840806,0.1677072878454331,144.36,-38.147
33511,1991-10-04 00:00:00,0.0214517878156267,-0.1149719253642467,0.1578755009955001,144.36,-38.147
33512,1991-10-05 00:00:00,-0.0176544407324981,-0.1538807760974423,0.1185718946324461,144.36,-38.147
33513,1991-10-06 00:00:00,0.1390777427076021,0.0027428744953837,0.2754126109198206,144.36,-38.147
33514,1991-10-07 00:00:00,0.1881724077149102,0.0518620138130809,0.3244828016167395,144.36,-38.147
33515,1991-10-08 00:00:00,0.1815878599909863,0.0452406526596303,0.3179350673223424,144.36,-38.147
33516,1991-10-09 00:00:00,0.1026580619543938,-0.0336332543091938,0.2389493782179815,144.36,-38.147
33517,1991-10-10 00:00:00,0.1076245855816704,-0.0287064509659309,0.2439556221292719,144.36,-38.147
33518,1991-10-11 00:00:00,0.0570035332663516,-0.0792422269662144,0.1932492934989177,144.36,-38.147
33519,1991-10-12 00:00:00,0.0978263709262172,-0.0384220549181784,0.2340747967706128,144.36,-38.147
33520,1991-10-13 00:00:00,0.0969979130084329,-0.0393677263659105,0.2333635523827765,144.36,-38.147
33521,1991-10-14 00:00:00,0.0009050090793254,-0.1353356796215412,0.1371456977801922,144.36,-38.147
33522,1991-10-15 00:00:00,0.0886700058130879,-0.048048348549209,0.2253883601753848,144.36,-38.147
33523,1991-10-16 00:00:00,0.4460313369452967,0.3084444446477618,0.5836182292428316,144.36,-38.147
33524,1991-10-17 00:00:00,0.0559916334064361,-0.0806883820428223,0.1926716488556946,144.36,-38.147
33525,1991-10-18 00:00:00,0.0033318271962284,-0.1329073730520391,0.139571027444496,144.36,-38.147
33526,1991-10-19 00:00:00,0.0314244180173596,-0.1048168748867878,0.1676657109215072,144.36,-38.147
33527,1991-10-20 00:00:00,0.0668265074370077,-0.0698204011180167,0.2034734159920322,144.36,-38.147
33528,1991-10-21 00:00:00,0.2098416391670101,0.0730081190204679,0.3466751593135523,144.36,-38.147
33529,1991-10-22 00:00:00,0.177401296854517,0.0405336137233419,0.3142689799856921,144.36,-38.147
33530,1991-10-23 00:00:00,0.0347825523255108,-0.10147033018594,0.1710354348369618,144.36,-38.147
33531,1991-10-24 00:00:00,0.0356623653813758,-0.1005629206462952,0.1718876514090468,144.36,-38.147
33532,1991-10-25 00:00:00,0.0990277594624319,-0.0372113211229324,0.2352668400477964,144.36,-38.147
33533,1991-10-26 00:00:00,0.0658650303532617,-0.070506298865926,0.2022363595724495,144.36,-38.147
33534,1991-10-27 00:00:00,0.016036610598409,-0.1204450359861879,0.1525182571830059,144.36,-38.147
33535,1991-10-28 00:00:00,-0.0297506427874448,-0.1661110752166142,0.1066097896417246,144.36,-38.147
33536,1991-10-29 00:00:00,-0.0197566807104731,-0.1559838887842893,0.1164705273633429,144.36,-38.147
33537,1991-10-30 00:00:00,0.03534807662295,-0.1009469177496877,0.1716430709955878,144.36,-38.147
33538,1991-10-31 00:00:00,0.2118391562902363,0.0750956812692807,0.348582631311192,144.36,-38.147
33539,1991-11-01 00:00:00,-0.029429220562393,-0.1659618712056584,0.1071034300808723,144.36,-38.147
33540,1991-11-02 00:00:00,-0.0062226489678515,-0.1424138277436211,0.1299685298079181,144.36,-38.147
33541,1991-11-03 00:00:00,-0.0193735743306166,-0.1557596548372883,0.117012506176055,144.36,-38.147
33542,1991-11-04 00:00:00,0.2967973732694282,0.1597891060431312,0.4338056404957252,144.36,-38.147
33543,1991-11-05 00:00:00,0.1934380002133324,0.0564706333151689,0.330405367111496,144.36,-38.147
33544,1991-11-06 00:00:00,-0.0290593562095445,-0.1657597866967995,0.1076410742777105,144.36,-38.147
33545,1991-11-07 00:00:00,0.3331292463877159,0.1959666102982795,0.4702918824771522,144.36,-38.147
33546,1991-11-08 00:00:00,0.2938348220038401,0.1570441030752847,0.4306255409323956,144.36,-38.147
33547,1991-11-09 00:00:00,0.1846660087567304,0.047962427755953,0.3213695897575077,144.36,-38.147
33548,1991-11-10 00:00:00,0.0693486776681744,-0.0669996777098244,0.2056970330461733,144.36,-38.147
33549,1991-11-11 00:00:00,0.0483736386064477,-0.0878396324054141,0.1845869096183097,144.36,-38.147
33550,1991-11-12 00:00:00,0.0405580021775654,-0.0957331752245945,0.1768491795797253,144.36,-38.147
33551,1991-11-13 00:00:00,0.0433317367467043,-0.0929537835452355,0.1796172570386442,144.36,-38.147
33552,1991-11-14 00:00:00,-0.0028544200401599,-0.139182412407094,0.1334735723267742,144.36,-38.147
33553,1991-11-15 00:00:00,0.0659931970316087,-0.0706893857665474,0.2026757798297648,144.36,-38.147
33554,1991-11-16 00:00:00,0.1607428532670393,0.0238813299158051,0.2976043766182735,144.36,-38.147
33555,1991-11-17 00:00:00,0.0315798806667638,-0.1046586135666765,0.1678183749002041,144.36,-38.147
33556,1991-11-18 00:00:00,0.0329890488049301,-0.1033025689382926,0.1692806665481528,144.36,-38.147
33557,1991-11-19 00:00:00,0.043814359128255,-0.0930799212100877,0.1807086394665978,144.36,-38.147
33558,1991-11-20 00:00:00,0.13640047063769,-0.0010757969177107,0.2738767381930908,144.36,-38.147
33559,1991-11-21 00:00:00,0.0130217659715839,-0.1237474462902167,0.1497909782333847,144.36,-38.147
33560,1991-11-22 00:00:00,0.0079208725492604,-0.1282848390889779,0.1441265841874989,144.36,-38.147
33561,1991-11-23 00:00:00,0.0113038051779211,-0.1249081666971923,0.1475157770530346,144.36,-38.147
33562,1991-11-24 00:00:00,-0.0076476872331242,-0.1438692877776328,0.1285739133113843,144.36,-38.147
33563,1991-11-25 00:00:00,0.0176964093721125,-0.1197245694295967,0.1551173881738219,144.36,-38.147
33564,1991-11-26 00:00:00,0.2869573147497854,0.1491644532179156,0.4247501762816552,144.36,-38.147
33565,1991-11-27 00:00:00,0.188420753410355,0.0518245190574027,0.3250169877633073,144.36,-38.147
33566,1991-11-28 00:00:00,0.020334478018042,-0.1159281204828484,0.1565970765189326,144.36,-38.147
33567,1991-11-29 00:00:00,0.0998860214303346,-0.0364563117292933,0.2362283545899625,144.36,-38.147
33568,1991-11-30 00:00:00,0.1058448567195996,-0.0305413422184903,0.2422310556576897,144.36,-38.147
33569,1991-12-01 00:00:00,0.0225707090325665,-0.1136918136118928,0.1588332316770259,144.36,-38.147
33570,1991-12-02 00:00:00,-0.0308331663261871,-0.1670463745110077,0.1053800418586333,144.36,-38.147
33571,1991-12-03 00:00:00,0.1698420150942031,0.0333825430207631,0.3063014871676431,144.36,-38.147
33572,1991-12-04 00:00:00,0.2657716647601103,0.1290351108664689,0.4025082186537517,144.36,-38.147
33573,1991-12-05 00:00:00,0.0942568086646415,-0.0422382533902725,0.2307518707195555,144.36,-38.147
33574,1991-12-06 00:00:00,0.0844680205844332,-0.0517358301266499,0.2206718712955165,144.36,-38.147
33575,1991-12-07 00:00:00,0.0586480149409654,-0.0775665942174782,0.1948626240994091,144.36,-38.147
33576,1991-12-08 00:00:00,0.056933292497606,-0.0792946756466266,0.1931612606418387,144.36,-38.147
33577,1991-12-09 00:00:00,0.0310757814288265,-0.1051862020260394,0.1673377648836924,144.36,-38.147
33578,1991-12-10 00:00:00,0.0542673287505212,-0.082392929006193,0.1909275865072354,144.36,-38.147
33579,1991-12-11 00:00:00,0.0826781755148163,-0.0542599074199159,0.2196162584495486,144.36,-38.147
33580,1991-12-12 00:00:00,-0.0682887033127114,-0.205178219905108,0.0686008132796852,144.36,-38.147
33581,1991-12-13 00:00:00,0.0249522566953688,-0.1114358600570861,0.1613403734478238,144.36,-38.147
33582,1991-12-14 00:00:00,0.0447693286121698,-0.0917702392910705,0.1813088965154103,144.36,-38.147
33583,1991-12-15 00:00:00,0.2966179210866306,0.1595914301001978,0.4336444120730635,144.36,-38.147
33584,1991-12-16 00:00:00,0.3198515692865404,0.1816488056188118,0.4580543329542691,144.36,-38.147
33585,1991-12-17 00:00:00,0.1845035372418665,0.0468919823263494,0.3221150921573835,144.36,-38.147
33586,1991-12-18 00:00:00,0.1164491005896913,-0.0200944553151858,0.2529926564945686,144.36,-38.147
33587,1991-12-19 00:00:00,0.1255187308753133,-0.0109100641009688,0.2619475258515955,144.36,-38.147
33588,1991-12-20 00:00:00,0.1197819532495243,-0.0164709417560328,0.2560348482550815,144.36,-38.147
33589,1991-12-21 00:00:00,0.0917923582031305,-0.0444888438006748,0.228073560206936,144.36,-38.147
33590,1991-12-22 00:00:00,0.0604465174508012,-0.0758472508741774,0.19674028577578,144.36,-38.147
33591,1991-12-23 00:00:00,0.0724626449169704,-0.0637514994111929,0.2086767892451339,144.36,-38.147
33592,1991-12-24 00:00:00,0.0612753379926288,-0.074924286014757,0.1974749620000147,144.36,-38.147
33593,1991-12-25 00:00:00,0.0784259284191307,-0.0577681773272946,0.2146200341655559,144.36,-38.147
33594,1991-12-26 00:00:00,0.0679094268324201,-0.0683551551478655,0.2041740088127058,144.36,-38.147
33595,1991-12-27 00:00:00,0.1577833906990494,0.0215207738887812,0.2940460075093176,144.36,-38.147
33596,1991-12-28 00:00:00,0.0657902872867742,-0.0704996985837175,0.2020802731572659,144.36,-38.147
33597,1991-12-29 00:00:00,-0.0044196952171583,-0.1407694817488962,0.1319300913145795,144.36,-38.147
33598,1991-12-30 00:00:00,-0.0425699876083332,-0.1791110197445737,0.0939710445279073,144.36,-38.147
33599,1991-12-31 00:00:00,-0.0012289932411489,-0.1380260142562312,0.1355680277739334,144.36,-38.147
33600,1992-01-01 00:00:00,0.1333864378058128,-0.0035461932789978,0.2703190688906235,144.36,-38.147
33601,1992-01-02 00:00:00,0.0969383086170414,-0.0395862115674802,0.2334628288015632,144.36,-38.147
33602,1992-01-03 00:00:00,0.0286332315321381,-0.1076100586814027,0.1648765217456789,144.36,-38.147
33603,1992-01-04 00:00:00,0.0728153944827159,-0.0637585485718462,0.209389337537278,144.36,-38.147
33604,1992-01-05 00:00:00,0.0981970268684185,-0.0384674321100324,0.2348614858468695,144.36,-38.147
33605,1992-01-06 00:00:00,0.0013399585937848,-0.1353434904003464,0.1380234075879161,144.36,-38.147
33606,1992-01-07 00:00:00,0.0213990713083762,-0.1151073441311749,0.1579054867479273,144.36,-38.147
33607,1992-01-08 00:00:00,0.0368605691548409,-0.0995828241827516,0.1733039624924334,144.36,-38.147
33608,1992-01-09 00:00:00,0.022260165122462,-0.1144698556885197,0.1589901859334439,144.36,-38.147
33609,1992-01-10 00:00:00,0.02357340210506,-0.1129665348159915,0.1601133390261116,144.36,-38.147
33610,1992-01-11 00:00:00,0.0460468281771688,-0.0903091277756864,0.1824027841300241,144.36,-38.147
33611,1992-01-12 00:00:00,0.050959661615467,-0.0853234730035041,0.1872427962344381,144.36,-38.147
33612,1992-01-13 00:00:00,0.1265123497097286,-0.0098097945002814,0.2628344939197387,144.36,-38.147
33613,1992-01-14 00:00:00,0.3181561018734458,0.1813447324898508,0.4549674712570407,144.36,-38.147
33614,1992-01-15 00:00:00,0.1010027109947391,-0.0353573116841927,0.2373627336736709,144.36,-38.147
33615,1992-01-16 00:00:00,0.1458708507849535,0.0095281419168657,0.2822135596530413,144.36,-38.147
33616,1992-01-17 00:00:00,0.0401982416812689,-0.0961816975957477,0.1765781809582856,144.36,-38.147
33617,1992-01-18 00:00:00,0.004037993952322,-0.1322480214334588,0.140324009338103,144.36,-38.147
33618,1992-01-19 00:00:00,0.0155789472456966,-0.1206162327102011,0.1517741272015944,144.36,-38.147
33619,1992-01-20 00:00:00,0.058619682894154,-0.0779558291155,0.1951951949038081,144.36,-38.147
33620,1992-01-21 00:00:00,0.1193953841520943,-0.017484864998068,0.2562756333022568,144.36,-38.147
33621,1992-01-22 00:00:00,0.0605103982881332,-0.0757068237861275,0.196727620362394,144.36,-38.147
33622,1992-01-23 00:00:00,0.1020908467920238,-0.0344011484851238,0.2385828420691715,144.36,-38.147
33623,1992-01-24 00:00:00,0.0099290142217561,-0.1264332725732302,0.1462913010167424,144.36,-38.147
33624,1992-01-25 00:00:00,0.0334591218447192,-0.1028118714452657,0.1697301151347043,144.36,-38.147
33625,1992-01-26 00:00:00,0.0991075818547433,-0.0371434033176324,0.2353585670271191,144.36,-38.147
33626,1992-01-27 00:00:00,0.0998092292150748,-0.0364280325175093,0.236046490947659,144.36,-38.147
33627,1992-01-28 00:00:00,0.1273745591076569,-0.0089966320718798,0.2637457502871938,144.36,-38.147
33628,1992-01-29 00:00:00,-0.0126831390668658,-0.1489575678024975,0.1235912896687658,144.36,-38.147
33629,1992-01-30 00:00:00,-0.012030953430987,-0.1482428474031471,0.124180940541173,144.36,-38.147
33630,1992-01-31 00:00:00,0.0168415339253462,-0.1193908782772665,0.1530739461279591,144.36,-38.147
33631,1992-02-01 00:00:00,-6.002700698704358e-05,-0.1364037306777315,0.1362836766637574,144.36,-38.147
33632,1992-02-02 00:00:00,-0.017896074588104,-0.1540941031731942,0.1183019539969861,144.36,-38.147
33633,1992-02-03 00:00:00,0.0260630057895985,-0.1101810992959196,0.1623071108751168,144.36,-38.147
33634,1992-02-04 00:00:00,0.0579620469945037,-0.0783229183062966,0.1942470122953041,144.36,-38.147
33635,1992-02-05 00:00:00,0.0285064204714309,-0.1077868616486291,0.1647997025914911,144.36,-38.147
33636,1992-02-06 00:00:00,0.1164005180495625,-0.0200573974204009,0.2528584335195261,144.36,-38.147
33637,1992-02-07 00:00:00,0.0399809276382526,-0.0964075950695427,0.176369450346048,144.36,-38.147
33638,1992-02-08 00:00:00,0.0070640263477868,-0.1293010044344813,0.1434290571300549,144.36,-38.147
33639,1992-02-09 00:00:00,0.0067433862754734,-0.1296172066577763,0.1431039792087233,144.36,-38.147
33640,1992-02-10 00:00:00,-0.0208608744034071,-0.1575899740349767,0.1158682252281624,144.36,-38.147
33641,1992-02-11 00:00:00,0.0329306473395166,-0.1041267673200018,0.1699880619990351,144.36,-38.147
33642,1992-02-12 00:00:00,0.0925048078424001,-0.0442595970356592,0.2292692127204595,144.36,-38.147
33643,1992-02-13 00:00:00,0.0907475163158127,-0.0457758776946267,0.2272709103262522,144.36,-38.147
33644,1992-02-14 00:00:00,0.031764101752553,-0.104768677392161,0.1682968808972671,144.36,-38.147
33645,1992-02-15 00:00:00,-0.0405976634646319,-0.1769416786071744,0.0957463516779105,144.36,-38.147
33646,1992-02-16 00:00:00,0.0020205757897876,-0.1342018310839972,0.1382429826635725,144.36,-38.147
33647,1992-02-17 00:00:00,0.0423332485004347,-0.0942459670920247,0.1789124640928942,144.36,-38.147
33648,1992-02-18 00:00:00,0.1592994752053456,0.0225475882343552,0.296051362176336,144.36,-38.147
33649,1992-02-19 00:00:00,0.0740005336525673,-0.0624001313059165,0.2104011986110512,144.36,-38.147
33650,1992-02-20 00:00:00,0.0879288830763527,-0.0483336578881419,0.2241914240408474,144.36,-38.147
33651,1992-02-21 00:00:00,0.0628524932850628,-0.0734035556280779,0.1991085421982036,144.36,-38.147
33652,1992-02-22 00:00:00,0.1561287593965733,0.0197752090298082,0.2924823097633384,144.36,-38.147
33653,1992-02-23 00:00:00,0.1950000481042546,0.0586080864436484,0.3313920097648609,144.36,-38.147
33654,1992-02-24 00:00:00,0.0685578305463603,-0.0678295732417608,0.2049452343344815,144.36,-38.147
33655,1992-02-25 00:00:00,0.0125280750355465,-0.1237303381893177,0.1487864882604108,144.36,-38.147
33656,1992-02-26 00:00:00,-0.043110609132594,-0.1793651469927995,0.0931439287276115,144.36,-38.147
33657,1992-02-27 00:00:00,-0.0687352323068501,-0.2050549230852237,0.0675844584715236,144.36,-38.147
33658,1992-02-28 00:00:00,-0.0587372441032239,-0.1950342113944741,0.0775597231880261,144.36,-38.147
33659,1992-02-29 00:00:00,-0.0083262127552856,-0.1445139441950507,0.1278615186844794,144.36,-38.147
33660,1992-03-01 00:00:00,0.0202396647556858,-0.116138297586894,0.1566176270982658,144.36,-38.147
33661,1992-03-02 00:00:00,0.0134143079192855,-0.122967168201777,0.149795784040348,144.36,-38.147
33662,1992-03-03 00:00:00,0.0819610451801537,-0.0548563062856838,0.2187783966459913,144.36,-38.147
33663,1992-03-04 00:00:00,0.0939701349945451,-0.0426317511654015,0.230572021154492,144.36,-38.147
33664,1992-03-05 00:00:00,0.1220481916455328,-0.0142006952811959,0.2582970785722617,144.36,-38.147
33665,1992-03-06 00:00:00,0.0724048794157912,-0.0637655368835291,0.2085752957151116,144.36,-38.147
33666,1992-03-07 00:00:00,0.0449585143725091,-0.0912304543859198,0.1811474831309381,144.36,-38.147
33667,1992-03-08 00:00:00,0.0301285316177637,-0.1060920904235633,0.1663491536590908,144.36,-38.147
33668,1992-03-09 00:00:00,-0.0258368760957222,-0.1620735823534376,0.110399830161993,144.36,-38.147
33669,1992-03-10 00:00:00,-0.0297920559873971,-0.1660153347865239,0.1064312228117296,144.36,-38.147
33670,1992-03-11 00:00:00,0.0450899196506713,-0.0912408998765479,0.1814207391778906,144.36,-38.147
33671,1992-03-12 00:00:00,-0.0049654926911426,-0.1417495968220909,0.1318186114398055,144.36,-38.147
33672,1992-03-13 00:00:00,-0.0313220932449996,-0.1677338353416179,0.1050896488516186,144.36,-38.147
33673,1992-03-14 00:00:00,0.0896684837890681,-0.0467507795758212,0.2260877471539576,144.36,-38.147
33674,1992-03-15 00:00:00,0.0833777491967597,-0.0529672489095579,0.2197227473030774,144.36,-38.147
33675,1992-03-16 00:00:00,0.0553448541938805,-0.080992181547108,0.191681889934869,144.36,-38.147
33676,1992-03-17 00:00:00,-0.0114045807716378,-0.1476820098092399,0.1248728482659641,144.36,-38.147
33677,1992-03-18 00:00:00,0.0090645657061118,-0.1272854576203634,0.1454145890325872,144.36,-38.147
33678,1992-03-19 00:00:00,0.0274198804382063,-0.1088570067228554,0.1636967675992682,144.36,-38.147
33679,1992-03-20 00:00:00,0.0529650303231774,-0.0832529706431025,0.1891830312894573,144.36,-38.147
33680,1992-03-21 00:00:00,0.0306836622930128,-0.1055397817035614,0.166907106289587,144.36,-38.147
33681,1992-03-22 00:00:00,0.0103538045785839,-0.1258979237614123,0.1466055329185801,144.36,-38.147
33682,1992-03-23 00:00:00,0.0425013267658861,-0.0937028370335696,0.178705490565342,144.36,-38.147
33683,1992-03-24 00:00:00,0.0183826398856304,-0.1178707069989907,0.1546359867702517,144.36,-38.147
33684,1992-03-25 00:00:00,-0.0410768966540646,-0.177323648745473,0.0951698554373438,144.36,-38.147
33685,1992-03-26 00:00:00,0.0094836161472057,-0.1268652871091864,0.1458325194035979,144.36,-38.147
33686,1992-03-27 00:00:00,0.1296366972213091,-0.0067139155663691,0.2659873100089875,144.36,-38.147
33687,1992-03-28 00:00:00,0.1349641688434636,-0.001500159917406,0.2714284976043333,144.36,-38.147
33688,1992-03-29 00:00:00,0.0541553628582185,-0.0822488482581543,0.1905595739745914,144.36,-38.147
33689,1992-03-30 00:00:00,0.005302367574592,-0.1308702365189948,0.1414749716681788,144.36,-38.147
33690,1992-03-31 00:00:00,-0.0075593120641324,-0.1437347468349943,0.1286161227067294,144.36,-38.147
33691,1992-04-01 00:00:00,0.0243518699608988,-0.1119778932472783,0.1606816331690761,144.36,-38.147
33692,1992-04-02 00:00:00,-0.0895893619320647,-0.2260924765339435,0.0469137526698139,144.36,-38.147
33693,1992-04-03 00:00:00,-0.0520735886570379,-0.1886348451789448,0.0844876678648689,144.36,-38.147
33694,1992-04-04 00:00:00,0.0005419901274579,-0.1358140985984454,0.1368980788533612,144.36,-38.147
33695,1992-04-05 00:00:00,0.0724291711770851,-0.0639399916101013,0.2087983339642715,144.36,-38.147
33696,1992-04-06 00:00:00,0.0333872986018321,-0.1031479326222288,0.169922529825893,144.36,-38.147
33697,1992-04-07 00:00:00,0.1194784249376684,-0.0172746064923128,0.2562314563676497,144.36,-38.147
33698,1992-04-08 00:00:00,0.0208571026412798,-0.1156212927137072,0.1573354979962668,144.36,-38.147
33699,1992-04-09 00:00:00,-0.0379884845157643,-0.1742310730746366,0.0982541040431079,144.36,-38.147
33700,1992-04-10 00:00:00,-0.0111471625259604,-0.1473763121915309,0.1250819871396099,144.36,-38.147
33701,1992-04-11 00:00:00,-0.0224710341879062,-0.1586668685998697,0.1137248002240573,144.36,-38.147
33702,1992-04-12 00:00:00,-0.0148857678283069,-0.1511177808767046,0.1213462452200908,144.36,-38.147
33703,1992-04-13 00:00:00,-0.006455242158566,-0.1426896084965332,0.1297791241794011,144.36,-38.147
33704,1992-04-14 00:00:00,0.033110542356702,-0.1032398638039995,0.1694609485174036,144.36,-38.147
33705,1992-04-15 00:00:00,0.0511783803243951,-0.085547466843206,0.1879042274919964,144.36,-38.147
33706,1992-04-16 00:00:00,0.125807638607534,-0.011090470526592,0.2627057477416601,144.36,-38.147
33707,1992-04-17 00:00:00,-0.0223224274832298,-0.1585159861592789,0.1138711311928191,144.36,-38.147
33708,1992-04-18 00:00:00,-0.0336005692141353,-0.1697800013826844,0.1025788629544137,144.36,-38.147
33709,1992-04-19 00:00:00,0.0180283012550085,-0.1183005902830248,0.154357192793042,144.36,-38.147
33710,1992-04-20 00:00:00,0.1367790037597124,-0.0006595878537693,0.2742175953731941,144.36,-38.147
33711,1992-04-21 00:00:00,0.1779554941198146,0.0406552940750586,0.3152556941645706,144.36,-38.147
33712,1992-04-22 00:00:00,0.0586841343268552,-0.0776094299479524,0.1949776986016629,144.36,-38.147
33713,1992-04-23 00:00:00,0.027952372344619,-0.1082234388375176,0.1641281835267557,144.36,-38.147
33714,1992-04-24 00:00:00,0.0318569192187077,-0.1043151465330923,0.1680289849705078,144.36,-38.147
33715,1992-04-25 00:00:00,0.0398999928697114,-0.0963013568691363,0.1761013426085592,144.36,-38.147
33716,1992-04-26 00:00:00,0.0373730601705161,-0.098852624016589,0.1735987443576213,144.36,-38.147
33717,1992-04-27 00:00:00,0.0019712106169749,-0.1344508280333784,0.1383932492673284,144.36,-38.147
33718,1992-04-28 00:00:00,0.0303699825210061,-0.1064481977362811,0.1671881627782933,144.36,-38.147
33719,1992-04-29 00:00:00,0.1348340504657139,-0.0019387368428173,0.2716068377742452,144.36,-38.147
33720,1992-04-30 00:00:00,0.0212728471823267,-0.1150983751891965,0.1576440695538499,144.36,-38.147
33721,1992-05-01 00:00:00,-0.0284647992321142,-0.1646786932983748,0.1077490948341463,144.36,-38.147
33722,1992-05-02 00:00:00,0.0940510922290925,-0.042189582898604,0.2302917673567891,144.36,-38.147
33723,1992-05-03 00:00:00,0.1220516486762021,-0.0142682921935114,0.2583715895459156,144.36,-38.147
33724,1992-05-04 00:00:00,0.0716334310129443,-0.0645901961722843,0.207857058198173,144.36,-38.147
33725,1992-05-05 00:00:00,0.0842104918192145,-0.0520699488012396,0.2204909324396687,144.36,-38.147
33726,1992-05-06 00:00:00,0.0319524450074252,-0.1044550772151003,0.1683599672299507,144.36,-38.147
33727,1992-05-07 00:00:00,0.0153905791308406,-0.120899518224861,0.1516806764865423,144.36,-38.147
33728,1992-05-08 00:00:00,0.0613781736181267,-0.0749249881824388,0.1976813354186923,144.36,-38.147
33729,1992-05-09 00:00:00,0.0966869335590726,-0.0396513605588439,0.2330252276769892,144.36,-38.147
33730,1992-05-10 00:00:00,0.0032011729167561,-0.1330110255820202,0.1394133714155326,144.36,-38.147
33731,1992-05-11 00:00:00,0.0003914144976591,-0.1358212197089369,0.1366040487042553,144.36,-38.147
33732,1992-05-12 00:00:00,0.0922247714080751,-0.0445304676552652,0.2289800104714154,144.36,-38.147
33733,1992-05-13 00:00:00,0.2866532504099399,0.1499940844351192,0.4233124163847607,144.36,-38.147
33734,1992-05-14 00:00:00,0.1142181247454477,-0.0221377469950179,0.2505739964859134,144.36,-38.147
33735,1992-05-15 00:00:00,0.0652920116055872,-0.0710346574327091,0.2016186806438835,144.36,-38.147
33736,1992-05-16 00:00:00,0.0087935906140172,-0.127617483259654,0.1452046644876884,144.36,-38.147
33737,1992-05-17 00:00:00,-0.0136503217712728,-0.1499560304747221,0.1226553869321764,144.36,-38.147
33738,1992-05-18 00:00:00,0.0149490695640263,-0.121291697179821,0.1511898363078736,144.36,-38.147
33739,1992-05-19 00:00:00,0.0005260223450191,-0.135738547438785,0.1367905921288232,144.36,-38.147
33740,1992-05-20 00:00:00,-0.0245939533107819,-0.1608096059078099,0.1116216992862461,144.36,-38.147
33741,1992-05-21 00:00:00,-0.0168764000728186,-0.1530911617702454,0.1193383616246081,144.36,-38.147
33742,1992-05-22 00:00:00,0.0458977071393517,-0.0903462781235614,0.1821416924022649,144.36,-38.147
33743,1992-05-23 00:00:00,0.0485537773792616,-0.0876675963189557,0.184775151077479,144.36,-38.147
33744,1992-05-24 00:00:00,0.0401052364644955,-0.0960882602935238,0.1762987332225148,144.36,-38.147
33745,1992-05-25 00:00:00,0.0144871958762556,-0.1218148966149586,0.1507892883674699,144.36,-38.147
33746,1992-05-26 00:00:00,0.2436916352386422,0.1069389398447756,0.3804443306325087,144.36,-38.147
33747,1992-05-27 00:00:00,0.1538819804424407,0.0169548409588646,0.2908091199260168,144.36,-38.147
33748,1992-05-28 00:00:00,0.0410608880920052,-0.0952714688240768,0.1773932450080873,144.36,-38.147
33749,1992-05-29 00:00:00,-0.0218544273377047,-0.1580551218762016,0.114346267200792,144.36,-38.147
33750,1992-05-30 00:00:00,0.0012847944161342,-0.1349422442193112,0.1375118330515797,144.36,-38.147
33751,1992-05-31 00:00:00,0.0219764570578966,-0.1142271642250043,0.1581800783407975,144.36,-38.147
33752,1992-06-01 00:00:00,0.0573101436906419,-0.0789680609916846,0.1935883483729685,144.36,-38.147
33753,1992-06-02 00:00:00,0.186368777181412,0.0491410004154888,0.3235965539473351,144.36,-38.147
33754,1992-06-03 00:00:00,0.0617011231214057,-0.0750720323159219,0.1984742785587334,144.36,-38.147
33755,1992-06-04 00:00:00,0.1062513209833994,-0.0302454913187675,0.2427481332855663,144.36,-38.147
33756,1992-06-05 00:00:00,0.1269325336916563,-0.0095862163625587,0.2634512837458714,144.36,-38.147
33757,1992-06-06 00:00:00,0.1408460316773014,0.0044106385767756,0.2772814247778273,144.36,-38.147
33758,1992-06-07 00:00:00,0.0658087184918947,-0.0705063468481701,0.2021237838319597,144.36,-38.147
33759,1992-06-08 00:00:00,0.0701924497352185,-0.0660814847286083,0.2064663841990453,144.36,-38.147
33760,1992-06-09 00:00:00,0.065067780932917,-0.0711987655897466,0.2013343274555806,144.36,-38.147
33761,1992-06-10 00:00:00,0.2805896209151165,0.1438882372138396,0.4172910046163933,144.36,-38.147
33762,1992-06-11 00:00:00,0.2638946473279303,0.1272246053434751,0.4005646893123854,144.36,-38.147
33763,1992-06-12 00:00:00,0.1539939085515114,0.0174296460958934,0.2905581710071294,144.36,-38.147
33764,1992-06-13 00:00:00,0.0268495615651625,-0.1096048766580423,0.1633039997883674,144.36,-38.147
33765,1992-06-14 00:00:00,-0.0029273164151414,-0.1392080961828325,0.1333534633525496,144.36,-38.147
33766,1992-06-15 00:00:00,-0.0064993148799096,-0.1427353268452986,0.1297366970854793,144.36,-38.147
33767,1992-06-16 00:00:00,-0.0009175698372202,-0.1370966529207549,0.1352615132463144,144.36,-38.147
33768,1992-06-17 00:00:00,0.0556276611194133,-0.0806981896361492,0.191953511874976,144.36,-38.147
33769,1992-06-18 00:00:00,0.2197956311842442,0.0833618551204579,0.3562294072480305,144.36,-38.147
33770,1992-06-19 00:00:00,0.14722557044287,0.0108557119509847,0.2835954289347553,144.36,-38.147
33771,1992-06-20 00:00:00,0.1057613080063673,-0.0305728388933534,0.242095454906088,144.36,-38.147
33772,1992-06-21 00:00:00,-0.0086691669751248,-0.1449204257071397,0.1275820917568899,144.36,-38.147
33773,1992-06-22 00:00:00,-0.0063786432061455,-0.1426356437894414,0.1298783573771504,144.36,-38.147
33774,1992-06-23 00:00:00,0.1204263748098799,-0.0159821343254796,0.2568348839452394,144.36,-38.147
33775,1992-06-24 00:00:00,0.0415328024301713,-0.0948353111990671,0.1779009160594097,144.36,-38.147
33776,1992-06-25 00:00:00,-0.0164013823914214,-0.1528552804669523,0.1200525156841093,144.36,-38.147
33777,1992-06-26 00:00:00,-0.0165547216990536,-0.1532158511048841,0.1201064077067768,144.36,-38.147
33778,1992-06-27 00:00:00,-0.0233408201507921,-0.1598696928419452,0.1131880525403609,144.36,-38.147
33779,1992-06-28 00:00:00,-0.0014082003233221,-0.1377902539835154,0.1349738533368711,144.36,-38.147
33780,1992-06-29 00:00:00,0.0049542366432484,-0.1312920450666464,0.1412005183531434,144.36,-38.147
33781,1992-06-30 00:00:00,0.0122762003288349,-0.1242169544561343,0.1487693551138041,144.36,-38.147
33782,1992-07-01 00:00:00,0.072929907885032,-0.0637244309035143,0.2095842466735784,144.36,-38.147
33783,1992-07-02 00:00:00,0.1459246092814421,0.0091573146309119,0.2826919039319723,144.36,-38.147
33784,1992-07-03 00:00:00,0.2108047007656135,0.0739419738586226,0.3476674276726044,144.36,-38.147
33785,1992-07-04 00:00:00,0.332433251664504,0.1956237474040301,0.4692427559249779,144.36,-38.147
33786,1992-07-05 00:00:00,0.1218243795462515,-0.014741516980975,0.258390276073478,144.36,-38.147
33787,1992-07-06 00:00:00,0.1113457338028476,-0.0256711601436586,0.2483626277493538,144.36,-38.147
33788,1992-07-07 00:00:00,0.1895737763162386,0.0527678781805179,0.3263796744519592,144.36,-38.147
33789,1992-07-08 00:00:00,0.010185784186495,-0.1265109905151989,0.146882558888189,144.36,-38.147
33790,1992-07-09 00:00:00,0.1238888596972874,-0.012429478304643,0.2602071976992179,144.36,-38.147
33791,1992-07-10 00:00:00,0.0198531705518484,-0.1164159560412124,0.1561222971449093,144.36,-38.147
33792,1992-07-11 00:00:00,-0.0635738432572833,-0.1998722005311481,0.0727245140165814,144.36,-38.147
33793,1992-07-12 00:00:00,0.1501446569845763,0.0133830102815732,0.2869063036875795,144.36,-38.147
33794,1992-07-13 00:00:00,0.1044743449506497,-0.0319765707447366,0.2409252606460361,144.36,-38.147
33795,1992-07-14 00:00:00,-0.0063461260245822,-0.1425837793157073,0.1298915272665428,144.36,-38.147
33796,1992-07-15 00:00:00,0.0336388048559523,-0.1026291787454254,0.1699067884573301,144.36,-38.147
33797,1992-07-16 00:00:00,0.011205105183842,-0.1250726830809545,0.1474828934486386,144.36,-38.147
33798,1992-07-17 00:00:00,-0.0317593391742339,-0.167985490950984,0.104466812602516,144.36,-38.147
33799,1992-07-18 00:00:00,0.091015417578778,-0.045414354254612,0.2274451894121681,144.36,-38.147
33800,1992-07-19 00:00:00,0.1884641716109,0.0519459184544094,0.3249824247673906,144.36,-38.147
33801,1992-07-20 00:00:00,0.1391719133362015,0.0025257103116018,0.2758181163608013,144.36,-38.147
33802,1992-07-21 00:00:00,0.0025176434635422,-0.1337684601248707,0.1388037470519552,144.36,-38.147
33803,1992-07-22 00:00:00,0.0525819687616636,-0.0836662837427677,0.1888302212660949,144.36,-38.147
33804,1992-07-23 00:00:00,0.1051142017875426,-0.0311564148650891,0.2413848184401744,144.36,-38.147
33805,1992-07-24 00:00:00,0.0192543566947804,-0.1171229022941635,0.1556316156837243,144.36,-38.147
33806,1992-07-25 00:00:00,0.1461197018579692,0.009201109384848,0.2830382943310904,144.36,-38.147
33807,1992-07-26 00:00:00,-0.0051598215363845,-0.1419498397892232,0.131630196716454,144.36,-38.147
33808,1992-07-27 00:00:00,-0.0122578896788603,-0.1485710539618354,0.1240552746041148,144.36,-38.147
33809,1992-07-28 00:00:00,0.1680941215098899,0.0308363145265817,0.3053519284931981,144.36,-38.147
33810,1992-07-29 00:00:00,0.1867699938242282,0.04917696327787,0.3243630243705864,144.36,-38.147
33811,1992-07-30 00:00:00,0.1929843134815152,0.0564691920291098,0.3294994349339206,144.36,-38.147
33812,1992-07-31 00:00:00,0.0929584214739468,-0.0437910113362524,0.229707854284146,144.36,-38.147
33813,1992-08-01 00:00:00,0.0356761908320753,-0.1006396985579206,0.1719920802220713,144.36,-38.147
33814,1992-08-02 00:00:00,0.0725306833489381,-0.0638043086387835,0.2088656753366598,144.36,-38.147
33815,1992-08-03 00:00:00,0.0374317390279028,-0.0988657968171518,0.1737292748729576,144.36,-38.147
33816,1992-08-04 00:00:00,-0.0387915779662911,-0.1751036845444071,0.0975205286118248,144.36,-38.147
33817,1992-08-05 00:00:00,0.0053815831776375,-0.1310372356134293,0.1418004019687043,144.36,-38.147
33818,1992-08-06 00:00:00,0.1882367551555224,0.0518635244063508,0.324609985904694,144.36,-38.147
33819,1992-08-07 00:00:00,0.1001765855500584,-0.0361141125812344,0.2364672836813514,144.36,-38.147
33820,1992-08-08 00:00:00,0.1511006124247705,0.0145439191514625,0.2876573056980785,144.36,-38.147
33821,1992-08-09 00:00:00,0.1449458440360557,0.0082050794675919,0.2816866086045194,144.36,-38.147
33822,1992-08-10 00:00:00,0.0013618745592727,-0.1355117083364062,0.1382354574549516,144.36,-38.147
33823,1992-08-11 00:00:00,0.3529123175362844,0.2122104818830711,0.4936141531894976,144.36,-38.147
33824,1992-08-12 00:00:00,0.1264722520732181,-0.0110384595050415,0.2639829636514778,144.36,-38.147
33825,1992-08-13 00:00:00,0.5304376649320504,0.3927462721867713,0.6681290576773293,144.36,-38.147
33826,1992-08-14 00:00:00,0.209769887227714,0.0724532348498376,0.3470865396055905,144.36,-38.147
33827,1992-08-15 00:00:00,0.1094220226917505,-0.0270856496043957,0.2459296949878967,144.36,-38.147
33828,1992-08-16 00:00:00,0.0727393449568635,-0.0637145814012125,0.2091932713149396,144.36,-38.147
33829,1992-08-17 00:00:00,0.2583299519955218,0.1206568680070685,0.396003035983975,144.36,-38.147
33830,1992-08-18 00:00:00,0.2440560105549592,0.106884351598273,0.3812276695116453,144.36,-38.147
33831,1992-08-19 00:00:00,0.1734917088262644,0.0369259287934283,0.3100574888591006,144.36,-38.147
33832,1992-08-20 00:00:00,0.1095079567088334,-0.0270329230025481,0.2460488364202151,144.36,-38.147
33833,1992-08-21 00:00:00,0.0212930184534074,-0.1150036559878349,0.1575896928946498,144.36,-38.147
33834,1992-08-22 00:00:00,0.0242627828043539,-0.1120851343667531,0.1606106999754611,144.36,-38.147
33835,1992-08-23 00:00:00,0.1003021576508814,-0.0371370771495428,0.2377413924513058,144.36,-38.147
33836,1992-08-24 00:00:00,0.0433793650723456,-0.0940123909058878,0.180771121050579,144.36,-38.147
33837,1992-08-25 00:00:00,-0.0710032646597156,-0.2074271442411031,0.0654206149216717,144.36,-38.147
33838,1992-08-26 00:00:00,-0.0468339093968998,-0.1830662337122374,0.0893984149184378,144.36,-38.147
33839,1992-08-27 00:00:00,0.004169520222081,-0.1321328471574355,0.1404718876015976,144.36,-38.147
33840,1992-08-28 00:00:00,0.1710164779079525,0.0345258188233977,0.3075071369925072,144.36,-38.147
33841,1992-08-29 00:00:00,-0.0041608066655011,-0.140603722937285,0.1322821096062828,144.36,-38.147
33842,1992-08-30 00:00:00,0.2436282032720851,0.1060046147530306,0.3812517917911396,144.36,-38.147
33843,1992-08-31 00:00:00,0.5920097953123092,0.4546765426518551,0.7293430479727634,144.36,-38.147
33844,1992-09-01 00:00:00,0.227174671970282,0.0901744589541242,0.3641748849864397,144.36,-38.147
33845,1992-09-02 00:00:00,0.1688185057721482,0.0322305554080903,0.3054064561362061,144.36,-38.147
33846,1992-09-03 00:00:00,0.0760184263971979,-0.0603822482260963,0.2124191010204922,144.36,-38.147
33847,1992-09-04 00:00:00,0.1695015064059044,0.033128730265712,0.3058742825460969,144.36,-38.147
33848,1992-09-05 00:00:00,0.1016445437887672,-0.0346408512512128,0.2379299388287473,144.36,-38.147
33849,1992-09-06 00:00:00,0.161055317986417,0.0248112884852686,0.2972993474875655,144.36,-38.147
33850,1992-09-07 00:00:00,0.1459549282388944,0.0096854175035449,0.282224438974244,144.36,-38.147
33851,1992-09-08 00:00:00,0.0804752390876682,-0.0557769915231329,0.2167274696984693,144.36,-38.147
33852,1992-09-09 00:00:00,0.0373481063538475,-0.0988565914866466,0.1735528041943416,144.36,-38.147
33853,1992-09-10 00:00:00,0.0748322275708513,-0.0613924732452561,0.2110569283869589,144.36,-38.147
33854,1992-09-11 00:00:00,0.1291366249252384,-0.0071845167724572,0.2654577666229341,144.36,-38.147
33855,1992-09-12 00:00:00,0.333743899631825,0.1962063060692314,0.4712814931944186,144.36,-38.147
33856,1992-09-13 00:00:00,0.072240633871946,-0.0648325841193418,0.2093138518632339,144.36,-38.147
33857,1992-09-14 00:00:00,-0.0112737749373993,-0.147823107047716,0.1252755571729173,144.36,-38.147
33858,1992-09-15 00:00:00,0.2389842511559077,0.1018726486578002,0.3760958536540153,144.36,-38.147
33859,1992-09-16 00:00:00,0.1846948507591426,0.0480472699034671,0.3213424316148181,144.36,-38.147
33860,1992-09-17 00:00:00,0.1204196691735181,-0.0160726813341244,0.2569120196811607,144.36,-38.147
33861,1992-09-18 00:00:00,0.0669706749426458,-0.0693676812916457,0.2033090311769374,144.36,-38.147
33862,1992-09-19 00:00:00,0.0543576319493811,-0.0820156912802325,0.1907309551789949,144.36,-38.147
33863,1992-09-20 00:00:00,0.0298446653967054,-0.1064075476089714,0.1660968784023824,144.36,-38.147
33864,1992-09-21 00:00:00,-0.0169752761836886,-0.1532495943533507,0.1192990419859734,144.36,-38.147
33865,1992-09-22 00:00:00,0.1121902507657572,-0.0242772662336848,0.2486577677651993,144.36,-38.147
33866,1992-09-23 00:00:00,0.1339250470561845,-0.0024217266523189,0.270271820764688,144.36,-38.147
33867,1992-09-24 00:00:00,0.0380484896738469,-0.0981946580199554,0.1742916373676493,144.36,-38.147
33868,1992-09-25 00:00:00,0.0765446188772429,-0.0604134020020164,0.2135026397565023,144.36,-38.147
33869,1992-09-26 00:00:00,0.0566170588061936,-0.0803348216700203,0.1935689392824076,144.36,-38.147
33870,1992-09-27 00:00:00,0.0513736579644821,-0.0849306603194045,0.1876779762483688,144.36,-38.147
33871,1992-09-28 00:00:00,0.0557044029666249,-0.0810055685718545,0.1924143745051045,144.36,-38.147
33872,1992-09-29 00:00:00,0.2714776718335708,0.1341033886145954,0.4088519550525461,144.36,-38.147
33873,1992-09-30 00:00:00,0.1381608257432807,0.0016813340519951,0.2746403174345664,144.36,-38.147
33874,1992-10-01 00:00:00,0.0417151456149853,-0.094586730925093,0.1780170221550637,144.36,-38.147
33875,1992-10-02 00:00:00,0.0041336487933629,-0.1321563074885005,0.1404236050752264,144.36,-38.147
33876,1992-10-03 00:00:00,-0.0080625325414591,-0.1442488258900472,0.1281237608071289,144.36,-38.147
33877,1992-10-04 00:00:00,0.0584373333940261,-0.0779030120015754,0.1947776787896277,144.36,-38.147
33878,1992-10-05 00:00:00,0.2126501256348724,0.0761576190126013,0.3491426322571436,144.36,-38.147
33879,1992-10-06 00:00:00,0.1011121744182715,-0.0352100120755912,0.2374343609121342,144.36,-38.147
33880,1992-10-07 00:00:00,0.0297408319169566,-0.1066188098621187,0.1661004736960319,144.36,-38.147
33881,1992-10-08 00:00:00,-0.0439598708568159,-0.1804587380173244,0.0925389963036925,144.36,-38.147
33882,1992-10-09 00:00:00,0.4287860981016369,0.2901861007219665,0.5673860954813073,144.36,-38.147
33883,1992-10-10 00:00:00,0.1972575704775099,0.0592717966549951,0.3352433443000248,144.36,-38.147
33884,1992-10-11 00:00:00,0.1771190301391479,0.0405072328511705,0.3137308274271253,144.36,-38.147
33885,1992-10-12 00:00:00,-0.007884757454348,-0.1442613747796076,0.1284918598709115,144.36,-38.147
33886,1992-10-13 00:00:00,-0.0213233124216474,-0.1575049503002489,0.114858325456954,144.36,-38.147
33887,1992-10-14 00:00:00,-0.0011730086741482,-0.1373610218207744,0.135015004472478,144.36,-38.147
33888,1992-10-15 00:00:00,0.065483247079918,-0.0707481164931745,0.2017146106530106,144.36,-38.147
33889,1992-10-16 00:00:00,0.0821571184633204,-0.0541202480645261,0.218434484991167,144.36,-38.147
33890,1992-10-17 00:00:00,0.0571280132755921,-0.0791003560432276,0.1933563825944119,144.36,-38.147
33891,1992-10-18 00:00:00,0.1816858798021937,0.0451546796374108,0.3182170799669765,144.36,-38.147
33892,1992-10-19 00:00:00,0.178858430817893,0.0424552002269253,0.3152616614088608,144.36,-38.147
33893,1992-10-20 00:00:00,0.0885157888286579,-0.0485302668765336,0.2255618445338496,144.36,-38.147
33894,1992-10-21 00:00:00,-0.054930961806032,-0.1920529163961747,0.0821909927841107,144.36,-38.147
33895,1992-10-22 00:00:00,-0.0754837899813152,-0.2117566249823898,0.0607890450197593,144.36,-38.147
33896,1992-10-23 00:00:00,-0.0196282589374766,-0.1558360919071885,0.1165795740322352,144.36,-38.147
33897,1992-10-24 00:00:00,0.0143189262628077,-0.1219012047534272,0.1505390572790428,144.36,-38.147
33898,1992-10-25 00:00:00,0.0653716593906259,-0.0710430338968065,0.2017863526780584,144.36,-38.147
33899,1992-10-26 00:00:00,-0.0052548688674961,-0.14158845674794,0.1310787190129476,144.36,-38.147
33900,1992-10-27 00:00:00,-0.0132081563565907,-0.1494386755108983,0.1230223627977168,144.36,-38.147
33901,1992-10-28 00:00:00,0.0394876335910369,-0.0968823981802456,0.1758576653623194,144.36,-38.147
33902,1992-10-29 00:00:00,0.029857852538789,-0.1065626297080693,0.1662783347856475,144.36,-38.147
33903,1992-10-30 00:00:00,0.0161088565417608,-0.1203745456285833,0.1525922587121049,144.36,-38.147
33904,1992-10-31 00:00:00,0.1621059790270463,0.0255169464561043,0.2986950115979883,144.36,-38.147
33905,1992-11-01 00:00:00,0.0886084842313026,-0.04784098022498,0.2250579486875854,144.36,-38.147
33906,1992-11-02 00:00:00,0.0132426854384446,-0.1229915960537533,0.1494769669306427,144.36,-38.147
33907,1992-11-03 00:00:00,0.1060122025227503,-0.0302361507648274,0.242260555810328,144.36,-38.147
33908,1992-11-04 00:00:00,0.1060282372956816,-0.0302440369991109,0.2423005115904742,144.36,-38.147
33909,1992-11-05 00:00:00,0.0410180415329871,-0.0952339776628304,0.1772700607288047,144.36,-38.147
33910,1992-11-06 00:00:00,0.0184962058810711,-0.1177132417181162,0.1547056534802584,144.36,-38.147
33911,1992-11-07 00:00:00,0.0198214871896423,-0.1163401161038223,0.155983090483107,144.36,-38.147
33912,1992-11-08 00:00:00,0.032687059834365,-0.1038441210955272,0.1692182407642574,144.36,-38.147
33913,1992-11-09 00:00:00,0.2567025408927246,0.1197162584898536,0.3936888232955956,144.36,-38.147
33914,1992-11-10 00:00:00,0.2538452481708955,0.117386794498875,0.3903037018429159,144.36,-38.147
33915,1992-11-11 00:00:00,0.1685617343860492,0.0318232268602557,0.3053002419118427,144.36,-38.147
33916,1992-11-12 00:00:00,0.077931964893613,-0.0590636398364031,0.2149275696236293,144.36,-38.147
33917,1992-11-13 00:00:00,-0.0424916070549047,-0.1789085709387501,0.0939253568289407,144.36,-38.147
33918,1992-11-14 00:00:00,-0.02185325237882,-0.1580941008874496,0.1143875961298096,144.36,-38.147
33919,1992-11-15 00:00:00,-0.0011460432554047,-0.1373528952954934,0.1350608087846838,144.36,-38.147
33920,1992-11-16 00:00:00,0.0210660517583499,-0.115135604163814,0.1572677076805139,144.36,-38.147
33921,1992-11-17 00:00:00,0.0008168797796618,-0.1355271434358827,0.1371609029952064,144.36,-38.147
33922,1992-11-18 00:00:00,0.0528703879092609,-0.0838928960541341,0.189633671872656,144.36,-38.147
33923,1992-11-19 00:00:00,0.1086714610281715,-0.0279135650499621,0.2452564871063052,144.36,-38.147
33924,1992-11-20 00:00:00,0.0950666444578297,-0.0412205272281923,0.2313538161438519,144.36,-38.147
33925,1992-11-21 00:00:00,0.143339840662384,0.0060510846495516,0.2806285966752163,144.36,-38.147
33926,1992-11-22 00:00:00,0.4162692750111511,0.2781026622731684,0.5544358877491338,144.36,-38.147
33927,1992-11-23 00:00:00,0.1785687695103873,0.0416856677613233,0.3154518712594514,144.36,-38.147
33928,1992-11-24 00:00:00,0.1918908910310175,0.0554272485616711,0.3283545335003639,144.36,-38.147
33929,1992-11-25 00:00:00,0.2805287483881732,0.1440528164716145,0.4170046803047318,144.36,-38.147
33930,1992-11-26 00:00:00,0.2511679278393927,0.1146421828620222,0.3876936728167632,144.36,-38.147
33931,1992-11-27 00:00:00,0.1349136682289958,-0.0015009449755673,0.271328281433559,144.36,-38.147
33932,1992-11-28 00:00:00,0.1295385994079418,-0.006746696617751,0.2658238954336347,144.36,-38.147
33933,1992-11-29 00:00:00,0.0806920627982627,-0.0555452703936339,0.2169293959901593,144.36,-38.147
33934,1992-11-30 00:00:00,0.0358287850460164,-0.1004937282892015,0.1721512983812345,144.36,-38.147
33935,1992-12-01 00:00:00,-0.0095066438649641,-0.1457489570901151,0.1267356693601867,144.36,-38.147
33936,1992-12-02 00:00:00,0.0532983890185107,-0.0829319186806813,0.1895286967177028,144.36,-38.147
33937,1992-12-03 00:00:00,0.071429951336387,-0.0649352434162396,0.2077951460890136,144.36,-38.147
33938,1992-12-04 00:00:00,0.0284928997055314,-0.1082774631438784,0.1652632625549412,144.36,-38.147
33939,1992-12-05 00:00:00,0.0333022267829325,-0.1041884844547201,0.1707929380205853,144.36,-38.147
33940,1992-12-06 00:00:00,0.0434188078957515,-0.0943535918299609,0.181191207621464,144.36,-38.147
33941,1992-12-07 00:00:00,0.0439772412746437,-0.0931853148371083,0.1811397973863958,144.36,-38.147
33942,1992-12-08 00:00:00,0.044209462315142,-0.092541241944206,0.1809601665744901,144.36,-38.147
33943,1992-12-09 00:00:00,0.0198112052520556,-0.1167168200098547,0.1563392305139659,144.36,-38.147
33944,1992-12-10 00:00:00,0.0102090986912342,-0.1259838354379578,0.1464020328204263,144.36,-38.147
33945,1992-12-11 00:00:00,0.0302165340736757,-0.1060563102708242,0.1664893784181756,144.36,-38.147
33946,1992-12-12 00:00:00,0.0818032265809528,-0.0545860664631069,0.2181925196250126,144.36,-38.147
33947,1992-12-13 00:00:00,0.028772419274083,-0.1076825568845296,0.1652273954326958,144.36,-38.147
33948,1992-12-14 00:00:00,0.2089937449576575,0.0723968980259256,0.3455905918893893,144.36,-38.147
33949,1992-12-15 00:00:00,0.044749645430743,-0.091668743588921,0.181168034450407,144.36,-38.147
33950,1992-12-16 00:00:00,-0.0359638393569824,-0.1725302038219057,0.1006025251079409,144.36,-38.147
33951,1992-12-17 00:00:00,-0.0514596202299493,-0.1895006397840481,0.0865813993241494,144.36,-38.147
33952,1992-12-18 00:00:00,-0.0577768327028841,-0.1966017919322849,0.0810481265265165,144.36,-38.147
33953,1992-12-19 00:00:00,-0.0322617726716187,-0.1693754876586879,0.1048519423154504,144.36,-38.147
33954,1992-12-20 00:00:00,0.0440365158194564,-0.0930288763155099,0.1811019079544228,144.36,-38.147
33955,1992-12-21 00:00:00,0.1467892936674917,0.0103105702771207,0.2832680170578626,144.36,-38.147
33956,1992-12-22 00:00:00,0.0111312131097225,-0.1250970017273699,0.1473594279468151,144.36,-38.147
33957,1992-12-23 00:00:00,0.0670757535744954,-0.0691609830999875,0.2033124902489783,144.36,-38.147
33958,1992-12-24 00:00:00,0.0521672079779194,-0.0840564054328895,0.1883908213887284,144.36,-38.147
33959,1992-12-25 00:00:00,0.1553411417011369,0.0190972695427728,0.291585013859501,144.36,-38.147
33960,1992-12-26 00:00:00,0.1557051295766685,0.0194786140693941,0.2919316450839428,144.36,-38.147
33961,1992-12-27 00:00:00,0.1496024858311966,0.013373158836287,0.2858318128261062,144.36,-38.147
33962,1992-12-28 00:00:00,0.2812472881951492,0.1446871443128548,0.4178074320774437,144.36,-38.147
33963,1992-12-29 00:00:00,0.158959848806394,0.0226208607429635,0.2952988368698246,144.36,-38.147
33964,1992-12-30 00:00:00,0.0463134873431225,-0.0899522535634251,0.1825792282496701,144.36,-38.147
33965,1992-12-31 00:00:00,0.0137735204513841,-0.1224240964859927,0.149971137388761,144.36,-38.147
33966,1993-01-01 00:00:00,0.0596170905281037,-0.0765619833062417,0.1957961643624491,144.36,-38.147
33967,1993-01-02 00:00:00,0.0323812715487022,-0.1038688752926389,0.1686314183900435,144.36,-38.147
33968,1993-01-03 00:00:00,0.1960352405040272,0.0594849008109294,0.3325855801971249,144.36,-38.147
33969,1993-01-04 00:00:00,0.1141772094148368,-0.0223689465580824,0.2507233653877562,144.36,-38.147
33970,1993-01-05 00:00:00,0.0583056056108433,-0.0780011100069803,0.194612321228667,144.36,-38.147
33971,1993-01-06 00:00:00,0.0703117162512684,-0.065989080050054,0.206612512552591,144.36,-38.147
33972,1993-01-07 00:00:00,0.0756592750408311,-0.0605498106448123,0.2118683607264746,144.36,-38.147
33973,1993-01-08 00:00:00,0.1239317204014955,-0.0123007003575997,0.2601641411605908,144.36,-38.147
33974,1993-01-09 00:00:00,0.122468871290991,-0.0138049679116819,0.2587427104936641,144.36,-38.147
33975,1993-01-10 00:00:00,0.1227871951368435,-0.0134577773717073,0.2590321676453944,144.36,-38.147
33976,1993-01-11 00:00:00,0.0601574783642547,-0.0760496375742544,0.1963645943027638,144.36,-38.147
33977,1993-01-12 00:00:00,0.0900573500219711,-0.0461745951986126,0.2262892952425549,144.36,-38.147
33978,1993-01-13 00:00:00,0.0135926945054557,-0.1226073536751481,0.1497927426860597,144.36,-38.147
33979,1993-01-14 00:00:00,0.0704833351913747,-0.0657266795119943,0.2066933498947437,144.36,-38.147
33980,1993-01-15 00:00:00,0.0657261903050079,-0.0705593073061513,0.2020116879161673,144.36,-38.147
33981,1993-01-16 00:00:00,0.0962131507627348,-0.0400653292620325,0.2324916307875022,144.36,-38.147
33982,1993-01-17 00:00:00,0.1490147342030166,0.0127344389418809,0.2852950294641524,144.36,-38.147
33983,1993-01-18 00:00:00,0.1291184674801359,-0.007241325324435,0.265478260284707,144.36,-38.147
33984,1993-01-19 00:00:00,0.0492295706996063,-0.0870061401022457,0.1854652815014585,144.36,-38.147
33985,1993-01-20 00:00:00,0.0514050694762015,-0.0847893781478219,0.1875995171002249,144.36,-38.147
33986,1993-01-21 00:00:00,0.0804421370521567,-0.0559526234350176,0.216836897539331,144.36,-38.147
33987,1993-01-22 00:00:00,0.0093010931401198,-0.1271387612167537,0.1457409474969935,144.36,-38.147
33988,1993-01-23 00:00:00,0.1075489243552158,-0.028801325037044,0.2438991737474757,144.36,-38.147
33989,1993-01-24 00:00:00,0.0575323609784628,-0.0787678868153539,0.1938326087722797,144.36,-38.147
33990,1993-01-25 00:00:00,0.0830338392358998,-0.0539482723879763,0.220015950859776,144.36,-38.147
33991,1993-01-26 00:00:00,-0.059492729494843,-0.1966773855348145,0.0776919265451285,144.36,-38.147
33992,1993-01-27 00:00:00,0.0351521176420246,-0.1015706308080228,0.1718748660920722,144.36,-38.147
33993,1993-01-28 00:00:00,0.1410301381888323,0.0045437102570529,0.2775165661206117,144.36,-38.147
33994,1993-01-29 00:00:00,0.1226847456424324,-0.0135272834824051,0.2588967747672701,144.36,-38.147
33995,1993-01-30 00:00:00,0.0508141801889095,-0.0854785688282295,0.1871069292060486,144.36,-38.147
33996,1993-01-31 00:00:00,-0.041815184453034,-0.1781460831477605,0.0945157142416924,144.36,-38.147
33997,1993-02-01 00:00:00,0.0248372673243399,-0.1114869230306444,0.1611614576793243,144.36,-38.147
33998,1993-02-02 00:00:00,0.0482308455584125,-0.0880274666072225,0.1844891577240476,144.36,-38.147
33999,1993-02-03 00:00:00,0.0851343419722749,-0.05113678012011,0.2214054640646599,144.36,-38.147
34000,1993-02-04 00:00:00,0.1255023920913816,-0.0108314081639513,0.2618361923467146,144.36,-38.147
34001,1993-02-05 00:00:00,0.0849482578075473,-0.0514684754061707,0.2213649910212655,144.36,-38.147
34002,1993-02-06 00:00:00,-0.0292047836307599,-0.1655170822417783,0.1071075149802583,144.36,-38.147
34003,1993-02-07 00:00:00,0.0331788940383707,-0.1032765570139847,0.1696343450907262,144.36,-38.147
34004,1993-02-08 00:00:00,0.0903433607212216,-0.0462709725216031,0.2269576939640463,144.36,-38.147
34005,1993-02-09 00:00:00,0.0185226724147368,-0.117817249113845,0.1548625939433188,144.36,-38.147
34006,1993-02-10 00:00:00,0.0213013015569906,-0.114977830626454,0.1575804337404354,144.36,-38.147
34007,1993-02-11 00:00:00,0.0655724642818122,-0.0708565836780283,0.2020015122416528,144.36,-38.147
34008,1993-02-12 00:00:00,0.2288648740739812,0.0922337003984971,0.3654960477494653,144.36,-38.147
34009,1993-02-13 00:00:00,0.0186003786251679,-0.1177596028099803,0.1549603600603162,144.36,-38.147
34010,1993-02-14 00:00:00,-0.015339397466081,-0.1516943752533847,0.1210155803212226,144.36,-38.147
34011,1993-02-15 00:00:00,0.0879341881827241,-0.0487998978425847,0.224668274208033,144.36,-38.147
34012,1993-02-16 00:00:00,0.071849906208104,-0.0647628154265045,0.2084626278427127,144.36,-38.147
34013,1993-02-17 00:00:00,0.0224427115747086,-0.1138252351676736,0.158710658317091,144.36,-38.147
34014,1993-02-18 00:00:00,0.0128849179313446,-0.1233217010082505,0.1490915368709398,144.36,-38.147
34015,1993-02-19 00:00:00,0.0065278389830645,-0.129790823128269,0.142846501094398,144.36,-38.147
34016,1993-02-20 00:00:00,0.2165787116561138,0.0800883444797387,0.353069078832489,144.36,-38.147
34017,1993-02-21 00:00:00,0.1527259549103622,0.0161656486228339,0.2892862611978904,144.36,-38.147
34018,1993-02-22 00:00:00,0.1644339468941576,0.0280754804560696,0.3007924133322456,144.36,-38.147
34019,1993-02-23 00:00:00,0.248117472123093,0.1116740746839335,0.3845608695622525,144.36,-38.147
34020,1993-02-24 00:00:00,0.1385417747630838,0.0017308271473277,0.27535272237884,144.36,-38.147
34021,1993-02-25 00:00:00,0.0730898834588945,-0.0632198068619529,0.2093995737797421,144.36,-38.147
34022,1993-02-26 00:00:00,0.256133779438741,0.1191926074478384,0.3930749514296436,144.36,-38.147
34023,1993-02-27 00:00:00,0.2633487746052634,0.1263568400433356,0.4003407091671913,144.36,-38.147
34024,1993-02-28 00:00:00,0.2115339791264894,0.0751671255941657,0.3479008326588131,144.36,-38.147
34025,1993-03-01 00:00:00,0.3155506648791993,0.1790893846251915,0.4520119451332071,144.36,-38.147
34026,1993-03-02 00:00:00,0.1644148523724836,0.0279299549783929,0.3008997497665743,144.36,-38.147
34027,1993-03-03 00:00:00,0.0185132187712652,-0.1181854980526861,0.1552119355952166,144.36,-38.147
34028,1993-03-04 00:00:00,-0.0439554996060208,-0.1803708214031565,0.0924598221911149,144.36,-38.147
34029,1993-03-05 00:00:00,0.0103109782590732,-0.125880821356273,0.1465027778744195,144.36,-38.147
34030,1993-03-06 00:00:00,0.0164019060793001,-0.1197743896288112,0.1525782017874116,144.36,-38.147
34031,1993-03-07 00:00:00,0.0142742356338484,-0.1219565675084835,0.1505050387761804,144.36,-38.147
34032,1993-03-08 00:00:00,0.0547796539726657,-0.0814601003504968,0.1910194082958283,144.36,-38.147
34033,1993-03-09 00:00:00,0.0478292334947044,-0.0884849456625365,0.1841434126519453,144.36,-38.147
34034,1993-03-10 00:00:00,0.038113924488906,-0.0981603024843781,0.1743881514621902,144.36,-38.147
34035,1993-03-11 00:00:00,0.0452270464809118,-0.0910503745452825,0.1815044675071062,144.36,-38.147
34036,1993-03-12 00:00:00,-0.0265320212147657,-0.1627433081350245,0.109679265705493,144.36,-38.147
34037,1993-03-13 00:00:00,-0.0171598318959109,-0.1533550393455082,0.1190353755536863,144.36,-38.147
34038,1993-03-14 00:00:00,0.0314553144219264,-0.1047610474031678,0.1676716762470207,144.36,-38.147
34039,1993-03-15 00:00:00,0.0916133831853007,-0.0446514149460898,0.2278781813166913,144.36,-38.147
34040,1993-03-16 00:00:00,0.0273882223208797,-0.1088431767912759,0.1636196214330355,144.36,-38.147
34041,1993-03-17 00:00:00,-0.0189776396751268,-0.1552502472550313,0.1172949679047775,144.36,-38.147
34042,1993-03-18 00:00:00,-0.0272290901076657,-0.163526254521099,0.1090680743057675,144.36,-38.147
34043,1993-03-19 00:00:00,0.0063262633669319,-0.1299579632571671,0.1426104899910311,144.36,-38.147
34044,1993-03-20 00:00:00,0.0513350784589064,-0.0848683569715227,0.1875385138893356,144.36,-38.147
34045,1993-03-21 00:00:00,-0.0253527937059686,-0.1619379746325869,0.1112323872206495,144.36,-38.147
34046,1993-03-22 00:00:00,-0.0142611738348242,-0.1506978387560016,0.1221754910863532,144.36,-38.147
34047,1993-03-23 00:00:00,0.1683795525918181,0.031882064426731,0.3048770407569052,144.36,-38.147
34048,1993-03-24 00:00:00,0.0329864013064355,-0.1033300433074594,0.1693028459203304,144.36,-38.147
34049,1993-03-25 00:00:00,0.0098935136717303,-0.1263798343494503,0.146166861692911,144.36,-38.147
34050,1993-03-26 00:00:00,0.0365679719266844,-0.0996495450666711,0.17278548892004,144.36,-38.147
34051,1993-03-27 00:00:00,0.1139727561696611,-0.0222394038701977,0.25018491620952,144.36,-38.147
34052,1993-03-28 00:00:00,0.1760516239609778,0.0397697402716746,0.3123335076502811,144.36,-38.147
34053,1993-03-29 00:00:00,0.0942575309804359,-0.0423033560029516,0.2308184179638235,144.36,-38.147
34054,1993-03-30 00:00:00,-0.0125401272205094,-0.1491339680265736,0.1240537135855548,144.36,-38.147
34055,1993-03-31 00:00:00,-0.0282279322525551,-0.1645168692782761,0.1080610047731659,144.36,-38.147
34056,1993-04-01 00:00:00,0.0932366142345484,-0.0430107025190223,0.2294839309881193,144.36,-38.147
34057,1993-04-02 00:00:00,0.0520699212575081,-0.0842953807504171,0.1884352232654334,144.36,-38.147
34058,1993-04-03 00:00:00,-0.010500738071675,-0.1467127138363171,0.125711237692967,144.36,-38.147
34059,1993-04-04 00:00:00,0.0178523143177258,-0.1183582658515737,0.1540628944870253,144.36,-38.147
34060,1993-04-05 00:00:00,0.1083445697002546,-0.0279217481929776,0.244610887593487,144.36,-38.147
34061,1993-04-06 00:00:00,0.2792732123196403,0.1426502955228739,0.4158961291164067,144.36,-38.147
34062,1993-04-07 00:00:00,0.1022113352062544,-0.0342661501035516,0.2386888205160604,144.36,-38.147
34063,1993-04-08 00:00:00,0.123604377704547,-0.012782691528213,0.2599914469373071,144.36,-38.147
34064,1993-04-09 00:00:00,-0.0195315722640584,-0.1558171454549493,0.1167540009268323,144.36,-38.147
34065,1993-04-10 00:00:00,-0.0427061347721558,-0.1788863277051663,0.0934740581608546,144.36,-38.147
34066,1993-04-11 00:00:00,0.0166391860817374,-0.119558042675244,0.1528364148387188,144.36,-38.147
34067,1993-04-12 00:00:00,0.0497393852048852,-0.0864545215088051,0.1859332919185755,144.36,-38.147
34068,1993-04-13 00:00:00,0.1366250870993181,0.0002698871349844,0.2729802870636519,144.36,-38.147
34069,1993-04-14 00:00:00,0.1707296380755954,0.0343093681112435,0.3071499080399473,144.36,-38.147
34070,1993-04-15 00:00:00,0.0348335087909919,-0.1014811782893364,0.1711481958713203,144.36,-38.147
34071,1993-04-16 00:00:00,-0.0306176443196989,-0.1668503716904415,0.1056150830510436,144.36,-38.147
34072,1993-04-17 00:00:00,-0.0397225635641544,-0.1759832719893763,0.0965381448610675,144.36,-38.147
34073,1993-04-18 00:00:00,0.0146189464036269,-0.1216342032507838,0.1508720960580376,144.36,-38.147
34074,1993-04-19 00:00:00,0.0347617438115759,-0.1014567438985289,0.1709802315216808,144.36,-38.147
34075,1993-04-20 00:00:00,0.045361148711385,-0.0909164268628008,0.1816387242855709,144.36,-38.147
34076,1993-04-21 00:00:00,-0.0114874666870842,-0.1477824577534753,0.1248075243793068,144.36,-38.147
34077,1993-04-22 00:00:00,0.0609167891263615,-0.0753551200705002,0.1971886983232233,144.36,-38.147
34078,1993-04-23 00:00:00,0.0334613659530666,-0.1027362830032088,0.1696590149093421,144.36,-38.147
34079,1993-04-24 00:00:00,0.1117060145613691,-0.0247133155170678,0.2481253446398061,144.36,-38.147
34080,1993-04-25 00:00:00,0.0182113053750639,-0.1181885821447056,0.1546111928948334,144.36,-38.147
34081,1993-04-26 00:00:00,-0.0279544291717285,-0.1641530034927521,0.1082441451492949,144.36,-38.147
34082,1993-04-27 00:00:00,0.0547386731201019,-0.0814791397925026,0.1909564860327064,144.36,-38.147
34083,1993-04-28 00:00:00,0.0600015083049494,-0.0762153326841729,0.1962183492940719,144.36,-38.147
34084,1993-04-29 00:00:00,-0.0323182298539219,-0.1685020206874358,0.1038655609795918,144.36,-38.147
34085,1993-04-30 00:00:00,-0.0072909147548648,-0.1435137921156186,0.128931962605889,144.36,-38.147
34086,1993-05-01 00:00:00,0.0203674900530835,-0.1158791957563336,0.1566141758625006,144.36,-38.147
34087,1993-05-02 00:00:00,0.064974922904981,-0.0712919326702398,0.2012417784802019,144.36,-38.147
34088,1993-05-03 00:00:00,0.0875228941946439,-0.0487665908001727,0.2238123791894606,144.36,-38.147
34089,1993-05-04 00:00:00,0.0511088659046564,-0.0852445030876427,0.1874622348969555,144.36,-38.147
34090,1993-05-05 00:00:00,0.0036004465532834,-0.1326054556519445,0.1398063487585114,144.36,-38.147
34091,1993-05-06 00:00:00,0.0149619404122415,-0.121236001418645,0.1511598822431282,144.36,-38.147
34092,1993-05-07 00:00:00,0.086638123590022,-0.0497079989347857,0.2229842461148298,144.36,-38.147
34093,1993-05-08 00:00:00,0.1489522653723143,0.0125927449298719,0.2853117858147567,144.36,-38.147
34094,1993-05-09 00:00:00,0.0198934619706024,-0.1163406598210108,0.1561275837622157,144.36,-38.147
34095,1993-05-10 00:00:00,0.0885838273524681,-0.0476770692138919,0.2248447239188283,144.36,-38.147
34096,1993-05-11 00:00:00,0.1348089744346625,-0.0015733873309963,0.2711913362003214,144.36,-38.147
34097,1993-05-12 00:00:00,0.0591337656015092,-0.0771110743420884,0.1953786055451068,144.36,-38.147
34098,1993-05-13 00:00:00,0.1543440222266975,0.0180231597237519,0.2906648847296431,144.36,-38.147
34099,1993-05-14 00:00:00,0.1178582184117547,-0.0188741631556491,0.2545905999791586,144.36,-38.147
34100,1993-05-15 00:00:00,-0.0648344145262694,-0.2015779258424143,0.0719090967898755,144.36,-38.147
34101,1993-05-16 00:00:00,-0.0954228955337083,-0.2319102670699358,0.041064476002519,144.36,-38.147
34102,1993-05-17 00:00:00,-0.043122928716827,-0.1793622106087692,0.0931163531751152,144.36,-38.147
34103,1993-05-18 00:00:00,-0.0335538617073851,-0.1697444043502478,0.1026366809354775,144.36,-38.147
34104,1993-05-19 00:00:00,-0.0160418897354663,-0.1522441675762037,0.120160388105271,144.36,-38.147
34105,1993-05-20 00:00:00,-0.0247145652602107,-0.1609271822092669,0.1114980516888455,144.36,-38.147
34106,1993-05-21 00:00:00,0.0343121637761395,-0.1020084264400794,0.1706327539923586,144.36,-38.147
34107,1993-05-22 00:00:00,0.1563326979887248,0.0199101215549029,0.2927552744225467,144.36,-38.147
34108,1993-05-23 00:00:00,0.0762966590167699,-0.0599194316152815,0.2125127496488214,144.36,-38.147
34109,1993-05-24 00:00:00,0.0661411677456891,-0.0700847459427878,0.2023670814341661,144.36,-38.147
34110,1993-05-25 00:00:00,0.1564373419492129,0.0197319328577797,0.2931427510406462,144.36,-38.147
34111,1993-05-26 00:00:00,0.0343497637851868,-0.1019675904349121,0.1706671180052858,144.36,-38.147
34112,1993-05-27 00:00:00,-0.0258013421686109,-0.1620355555610562,0.1104328712238343,144.36,-38.147
34113,1993-05-28 00:00:00,-0.0373388719943128,-0.1735563307180182,0.0988785867293925,144.36,-38.147
34114,1993-05-29 00:00:00,-0.0169569509044124,-0.1532506949922739,0.1193367931834491,144.36,-38.147
34115,1993-05-30 00:00:00,0.0765181958008081,-0.060475056147338,0.2135114477489542,144.36,-38.147
34116,1993-05-31 00:00:00,0.257683115470496,0.1203967205261273,0.3949695104148648,144.36,-38.147
34117,1993-06-01 00:00:00,0.0435974653400773,-0.0929106447745204,0.1801055754546751,144.36,-38.147
34118,1993-06-02 00:00:00,0.0553676833395047,-0.0808910107829496,0.1916263774619592,144.36,-38.147
34119,1993-06-03 00:00:00,0.0522970798015395,-0.0840417021612712,0.1886358617643503,144.36,-38.147
34120,1993-06-04 00:00:00,0.0210391330375898,-0.1152050349045624,0.1572833009797421,144.36,-38.147
34121,1993-06-05 00:00:00,-0.0157851968045354,-0.1519608042795787,0.1203904106705078,144.36,-38.147
34122,1993-06-06 00:00:00,0.0196485475472184,-0.1165777874688433,0.1558748825632802,144.36,-38.147
34123,1993-06-07 00:00:00,0.069329889298293,-0.0670514027950741,0.2057111813916603,144.36,-38.147
34124,1993-06-08 00:00:00,0.1369990530236091,0.0004911555587144,0.2735069504885038,144.36,-38.147
34125,1993-06-09 00:00:00,0.0663924752119612,-0.069963489678597,0.2027484401025196,144.36,-38.147
34126,1993-06-10 00:00:00,0.1069879873149446,-0.0292669239653951,0.2432428985952844,144.36,-38.147
34127,1993-06-11 00:00:00,0.1342066192470282,-0.0021864225256865,0.270599661019743,144.36,-38.147
34128,1993-06-12 00:00:00,0.4888706494940739,0.3506870814405265,0.6270542175476214,144.36,-38.147
34129,1993-06-13 00:00:00,0.1038302261051057,-0.0341662021562655,0.2418266543664771,144.36,-38.147
34130,1993-06-14 00:00:00,0.053322595245817,-0.0832608037942269,0.1899059942858611,144.36,-38.147
34131,1993-06-15 00:00:00,-0.0068478379804539,-0.143189166610633,0.129493490649725,144.36,-38.147
34132,1993-06-16 00:00:00,0.0245037153926751,-0.1118031506342241,0.1608105814195743,144.36,-38.147
34133,1993-06-17 00:00:00,0.0484480378690958,-0.0878133799517263,0.184709455689918,144.36,-38.147
34134,1993-06-18 00:00:00,0.0875690874602807,-0.0487905258221117,0.2239287007426732,144.36,-38.147
34135,1993-06-19 00:00:00,0.3151478673664928,0.1774437974187154,0.4528519373142702,144.36,-38.147
34136,1993-06-20 00:00:00,0.212753984344925,0.0753449560556037,0.3501630126342462,144.36,-38.147
34137,1993-06-21 00:00:00,0.2312774017249981,0.094514446841902,0.3680403566080943,144.36,-38.147
34138,1993-06-22 00:00:00,0.111659180330055,-0.0250270816073665,0.2483454422674766,144.36,-38.147
34139,1993-06-23 00:00:00,0.1350975638557748,-0.0014784893009294,0.271673617012479,144.36,-38.147
34140,1993-06-24 00:00:00,0.0282210856996967,-0.1087022890576195,0.1651444604570131,144.36,-38.147
34141,1993-06-25 00:00:00,-0.0379416640204574,-0.1743359867348821,0.0984526586939673,144.36,-38.147
34142,1993-06-26 00:00:00,0.0005568776506051,-0.1356873060777394,0.1368010613789496,144.36,-38.147
34143,1993-06-27 00:00:00,-0.0219616408953947,-0.1582498614388994,0.1143265796481099,144.36,-38.147
34144,1993-06-28 00:00:00,-0.1038984165147938,-0.240142122709428,0.0323452896798403,144.36,-38.147
34145,1993-06-29 00:00:00,-0.0608548769272607,-0.1971304072108171,0.0754206533562956,144.36,-38.147
34146,1993-06-30 00:00:00,-0.0202204732491729,-0.1566449962594148,0.1162040497610688,144.36,-38.147
34147,1993-07-01 00:00:00,0.0963775743181845,-0.0401274520910183,0.2328826007273873,144.36,-38.147
34148,1993-07-02 00:00:00,0.046953365835533,-0.0895484973174369,0.1834552289885031,144.36,-38.147
34149,1993-07-03 00:00:00,0.0785808698071712,-0.0587845789612484,0.2159463185755909,144.36,-38.147
34150,1993-07-04 00:00:00,0.2125292873779462,0.0750799603515787,0.3499786144043137,144.36,-38.147
34151,1993-07-05 00:00:00,0.0250648171578858,-0.1112465015861255,0.1613761359018972,144.36,-38.147
34152,1993-07-06 00:00:00,-0.0024743756057805,-0.1388693884812959,0.1339206372697347,144.36,-38.147
34153,1993-07-07 00:00:00,-0.0609417407049496,-0.1977856381053789,0.0759021566954795,144.36,-38.147
34154,1993-07-08 00:00:00,-0.058642664262903,-0.1965030406301925,0.0792177121043864,144.36,-38.147
34155,1993-07-09 00:00:00,0.0586445405573708,-0.0780067198204474,0.1952958009351892,144.36,-38.147
34156,1993-07-10 00:00:00,0.148017491721849,0.0114939456423584,0.2845410378013396,144.36,-38.147
34157,1993-07-11 00:00:00,0.0449585539256313,-0.0913141528582401,0.1812312607095027,144.36,-38.147
34158,1993-07-12 00:00:00,0.0662035823309495,-0.0702553230396564,0.2026624877015555,144.36,-38.147
34159,1993-07-13 00:00:00,0.0683708350508582,-0.0680457102989939,0.2047873804007104,144.36,-38.147
34160,1993-07-14 00:00:00,0.063335471428497,-0.0730496131040626,0.1997205559610568,144.36,-38.147
34161,1993-07-15 00:00:00,0.2074035598463919,0.0710369986961473,0.3437701209966364,144.36,-38.147
34162,1993-07-16 00:00:00,0.1082266073462574,-0.0281649152922822,0.2446181299847971,144.36,-38.147
34163,1993-07-17 00:00:00,0.0313204497069238,-0.1049083731743786,0.1675492725882263,144.36,-38.147
34164,1993-07-18 00:00:00,0.0270510887912753,-0.1091598413523282,0.163262018934879,144.36,-38.147
34165,1993-07-19 00:00:00,-0.007567092001317,-0.1437754503939735,0.1286412663913393,144.36,-38.147
34166,1993-07-20 00:00:00,0.0400465685597918,-0.096238435016745,0.1763315721363287,144.36,-38.147
34167,1993-07-21 00:00:00,0.0620463365669401,-0.0742796989200373,0.1983723720539176,144.36,-38.147
34168,1993-07-22 00:00:00,0.0351686148323118,-0.1012196298054665,0.1715568594700902,144.36,-38.147
34169,1993-07-23 00:00:00,0.0533048884938375,-0.0831375413907451,0.1897473183784201,144.36,-38.147
34170,1993-07-24 00:00:00,0.1043672121660387,-0.032064908254236,0.2407993325863135,144.36,-38.147
34171,1993-07-25 00:00:00,0.1830922724706369,0.0467218885511684,0.3194626563901054,144.36,-38.147
34172,1993-07-26 00:00:00,0.1920805187302147,0.0557396454398785,0.3284213920205509,144.36,-38.147
34173,1993-07-27 00:00:00,0.0706592316222893,-0.0656865362502747,0.2070049994948535,144.36,-38.147
34174,1993-07-28 00:00:00,0.1099741446343306,-0.0266302464230962,0.2465785356917575,144.36,-38.147
34175,1993-07-29 00:00:00,0.057702002050777,-0.0786596582971306,0.1940636623986848,144.36,-38.147
34176,1993-07-30 00:00:00,0.0147597023490112,-0.1226179280740434,0.1521373327720659,144.36,-38.147
34177,1993-07-31 00:00:00,0.2650497727646071,0.1270169252956834,0.4030826202335309,144.36,-38.147
34178,1993-08-01 00:00:00,0.0720099209354122,-0.0643815692296585,0.208401411100483,144.36,-38.147
34179,1993-08-02 00:00:00,0.1823947590722941,0.0460123957071728,0.3187771224374153,144.36,-38.147
34180,1993-08-03 00:00:00,0.0827184073592588,-0.0537822229839535,0.2192190377024712,144.36,-38.147
34181,1993-08-04 00:00:00,0.0197869554784271,-0.1166721881173919,0.1562460990742463,144.36,-38.147
34182,1993-08-05 00:00:00,-0.0280552329618771,-0.1644005470902274,0.1082900811664731,144.36,-38.147
34183,1993-08-06 00:00:00,0.0592386672891789,-0.0771929485965365,0.1956702831748943,144.36,-38.147
34184,1993-08-07 00:00:00,0.0452109676414035,-0.0915217353715331,0.1819436706543401,144.36,-38.147
34185,1993-08-08 00:00:00,0.202648273721286,0.0658611105103446,0.3394354369322274,144.36,-38.147
34186,1993-08-09 00:00:00,0.1345100709690611,-0.0020371530507464,0.2710572949888686,144.36,-38.147
34187,1993-08-10 00:00:00,0.2139021107928364,0.0771839303127765,0.3506202912728963,144.36,-38.147
34188,1993-08-11 00:00:00,0.1799860422608633,0.0432529444540406,0.316719140067686,144.36,-38.147
34189,1993-08-12 00:00:00,0.0665853888163791,-0.0697966736858828,0.202967451318641,144.36,-38.147
34190,1993-08-13 00:00:00,0.0876219717419636,-0.0491987841613302,0.2244427276452574,144.36,-38.147
34191,1993-08-14 00:00:00,0.1696651528703455,0.0326639837290137,0.3066663220116774,144.36,-38.147
34192,1993-08-15 00:00:00,-0.0387847438253251,-0.1765240299137062,0.0989545422630559,144.36,-38.147
34193,1993-08-16 00:00:00,0.3383572689517715,0.1982150455965326,0.4784994923070104,144.36,-38.147
34194,1993-08-17 00:00:00,0.1760268835277256,0.0391242191362211,0.3129295479192302,144.36,-38.147
34195,1993-08-18 00:00:00,0.0737878429586696,-0.0629965077269848,0.2105721936443242,144.36,-38.147
34196,1993-08-19 00:00:00,0.0418989018708245,-0.0943515689053881,0.1781493726470371,144.36,-38.147
34197,1993-08-20 00:00:00,0.0413798822382611,-0.0949100929551756,0.1776698574316978,144.36,-38.147
34198,1993-08-21 00:00:00,0.1610318658253124,0.0245389387986569,0.2975247928519678,144.36,-38.147
34199,1993-08-22 00:00:00,0.0833506030198083,-0.0530102511966251,0.2197114572362418,144.36,-38.147
34200,1993-08-23 00:00:00,0.0632807637293203,-0.0730031299197632,0.1995646573784039,144.36,-38.147
34201,1993-08-24 00:00:00,0.0485004675695099,-0.0877489966803633,0.1847499318193833,144.36,-38.147
34202,1993-08-25 00:00:00,0.0443639040546737,-0.0918392109000859,0.1805670190094335,144.36,-38.147
34203,1993-08-26 00:00:00,0.0640294748071156,-0.072219602886011,0.2002785525002423,144.36,-38.147
34204,1993-08-27 00:00:00,-0.0241394441812574,-0.1605109422825362,0.1122320539200213,144.36,-38.147
34205,1993-08-28 00:00:00,-0.0322406709436535,-0.168579284411079,0.1040979425237718,144.36,-38.147
34206,1993-08-29 00:00:00,0.0160169402483145,-0.1202958443757384,0.1523297248723676,144.36,-38.147
34207,1993-08-30 00:00:00,0.0089271219601133,-0.127316050880279,0.1451702948005057,144.36,-38.147
34208,1993-08-31 00:00:00,0.1000296798462296,-0.0365999506300631,0.2366593103225223,144.36,-38.147
34209,1993-09-01 00:00:00,0.1164624961570692,-0.0200886454360389,0.2530136377501775,144.36,-38.147
34210,1993-09-02 00:00:00,0.2758961165389126,0.139225349106846,0.4125668839709793,144.36,-38.147
34211,1993-09-03 00:00:00,0.058422615791903,-0.0784785437093129,0.1953237752931189,144.36,-38.147
34212,1993-09-04 00:00:00,-0.0921789639761559,-0.2285737997207635,0.0442158717684516,144.36,-38.147
34213,1993-09-05 00:00:00,-0.0465104871256418,-0.1827949353283984,0.0897739610771146,144.36,-38.147
34214,1993-09-06 00:00:00,0.0060267923589056,-0.1303504267953308,0.1424040115131421,144.36,-38.147
34215,1993-09-07 00:00:00,0.0252364621845021,-0.1110171048364574,0.1614900292054616,144.36,-38.147
34216,1993-09-08 00:00:00,0.1037599034861039,-0.0327283710083871,0.240248177980595,144.36,-38.147
34217,1993-09-09 00:00:00,0.1181360957516989,-0.0183403200776835,0.2546125115810815,144.36,-38.147
34218,1993-09-10 00:00:00,0.031881143810236,-0.1044608570425548,0.1682231446630269,144.36,-38.147
34219,1993-09-11 00:00:00,0.0290631277156097,-0.1072228516628408,0.1653491070940602,144.36,-38.147
34220,1993-09-12 00:00:00,-0.0161881172548509,-0.1527355062782139,0.120359271768512,144.36,-38.147
34221,1993-09-13 00:00:00,-0.0656534197312814,-0.2021268439226582,0.0708200044600953,144.36,-38.147
34222,1993-09-14 00:00:00,-0.0273228314541253,-0.163771149575479,0.1091254866672284,144.36,-38.147
34223,1993-09-15 00:00:00,0.0003276034224949,-0.1364933466786014,0.1371485535235914,144.36,-38.147
34224,1993-09-16 00:00:00,0.0166467774256821,-0.1201179009659582,0.1534114558173224,144.36,-38.147
34225,1993-09-17 00:00:00,0.0328463200481163,-0.1034481449754044,0.1691407850716371,144.36,-38.147
34226,1993-09-18 00:00:00,0.0590042457781985,-0.0772226913563874,0.1952311829127844,144.36,-38.147
34227,1993-09-19 00:00:00,0.1049909682369283,-0.031478029490234,0.2414599659640907,144.36,-38.147
34228,1993-09-20 00:00:00,0.4673760070855636,0.3300922704247172,0.60465974374641,144.36,-38.147
34229,1993-09-21 00:00:00,0.1770355936439929,0.0398511007948366,0.3142200864931492,144.36,-38.147
34230,1993-09-22 00:00:00,0.1029135093368356,-0.0335234944496543,0.2393505131233256,144.36,-38.147
34231,1993-09-23 00:00:00,0.0088269938941509,-0.1273779770148518,0.1450319648031537,144.36,-38.147
34232,1993-09-24 00:00:00,0.0012176427224155,-0.1349864307435183,0.1374217161883495,144.36,-38.147
34233,1993-09-25 00:00:00,0.0425586425495601,-0.0936612921619558,0.178778577261076,144.36,-38.147
34234,1993-09-26 00:00:00,-0.0174598521232505,-0.1536480011661944,0.1187282969196934,144.36,-38.147
34235,1993-09-27 00:00:00,-0.0425126534812016,-0.1787089359285126,0.0936836289661093,144.36,-38.147
34236,1993-09-28 00:00:00,0.0118991443444189,-0.124348442321971,0.1481467310108089,144.36,-38.147
34237,1993-09-29 00:00:00,0.0644181487218439,-0.0719866971201727,0.2008229945638606,144.36,-38.147
34238,1993-09-30 00:00:00,0.0617150558682029,-0.0748409613484192,0.198271073084825,144.36,-38.147
34239,1993-10-01 00:00:00,0.1380432823991067,0.0009341848202382,0.2751523799779751,144.36,-38.147
34240,1993-10-02 00:00:00,0.0645796215487509,-0.0722096782094014,0.2013689213069033,144.36,-38.147
34241,1993-10-03 00:00:00,0.0027297412394237,-0.133605626848866,0.1390651093277136,144.36,-38.147
34242,1993-10-04 00:00:00,0.1217782301173206,-0.0154361557405683,0.2589926159752097,144.36,-38.147
34243,1993-10-05 00:00:00,0.1098454111669282,-0.0274751379304763,0.2471659602643328,144.36,-38.147
34244,1993-10-06 00:00:00,0.1503856277601089,0.0140748292758408,0.2866964262443771,144.36,-38.147
34245,1993-10-07 00:00:00,0.0644188443361896,-0.0719036610944676,0.200741349766847,144.36,-38.147
34246,1993-10-08 00:00:00,0.0868890914158228,-0.0501031261382447,0.2238813089698903,144.36,-38.147
34247,1993-10-09 00:00:00,0.3319459596454559,0.1943070334869665,0.4695848858039453,144.36,-38.147
34248,1993-10-10 00:00:00,0.4096668833625818,0.2724579330292659,0.5468758336958977,144.36,-38.147
34249,1993-10-11 00:00:00,0.0266187130502047,-0.1103474100727986,0.1635848361732081,144.36,-38.147
34250,1993-10-12 00:00:00,0.0006723113234753,-0.1355632063935714,0.1369078290405221,144.36,-38.147
34251,1993-10-13 00:00:00,0.0308810554765777,-0.1053340651472687,0.1670961761004242,144.36,-38.147
34252,1993-10-14 00:00:00,0.027328540634057,-0.1088687904851786,0.1635258717532928,144.36,-38.147
34253,1993-10-15 00:00:00,0.030198547973201,-0.105975113556086,0.1663722095024881,144.36,-38.147
34254,1993-10-16 00:00:00,0.0218621256771208,-0.1142947134920212,0.158018964846263,144.36,-38.147
34255,1993-10-17 00:00:00,0.0506656785140843,-0.0855765812737774,0.186907938301946,144.36,-38.147
34256,1993-10-18 00:00:00,0.1278840926284217,-0.0086543895616727,0.2644225748185161,144.36,-38.147
34257,1993-10-19 00:00:00,0.46933243344413,0.3319803596508658,0.6066845072373942,144.36,-38.147
34258,1993-10-20 00:00:00,0.1800175660699956,0.0431759952818336,0.3168591368581576,144.36,-38.147
34259,1993-10-21 00:00:00,0.0679941953279675,-0.0683153560601882,0.2043037467161233,144.36,-38.147
34260,1993-10-22 00:00:00,0.0392756409515114,-0.0969151643038818,0.1754664462069048,144.36,-38.147
34261,1993-10-23 00:00:00,-0.0094927669689091,-0.1457264266943618,0.1267408927565434,144.36,-38.147
34262,1993-10-24 00:00:00,0.0114922020150737,-0.1253242375856368,0.1483086416157844,144.36,-38.147
34263,1993-10-25 00:00:00,0.2867622402616971,0.1494472824638644,0.4240771980595298,144.36,-38.147
34264,1993-10-26 00:00:00,0.2826157286854107,0.1452004354322282,0.4200310219385932,144.36,-38.147
34265,1993-10-27 00:00:00,-0.0434018759459557,-0.1800396117044423,0.0932358598125307,144.36,-38.147
34266,1993-10-28 00:00:00,0.0898645049325362,-0.0470677537031693,0.2267967635682418,144.36,-38.147
34267,1993-10-29 00:00:00,0.28253571400985,0.1454180320230237,0.4196533959966763,144.36,-38.147
34268,1993-10-30 00:00:00,0.0657948734351463,-0.0704726866135644,0.202062433483857,144.36,-38.147
34269,1993-10-31 00:00:00,-0.0048886934502708,-0.1410701493492425,0.1312927624487008,144.36,-38.147
34270,1993-11-01 00:00:00,-0.0091064464470309,-0.1456265356021643,0.1274136427081025,144.36,-38.147
34271,1993-11-02 00:00:00,0.1993675733379629,0.0627077341760887,0.3360274124998371,144.36,-38.147
34272,1993-11-03 00:00:00,0.176879132385072,0.0404464383932867,0.3133118263768574,144.36,-38.147
34273,1993-11-04 00:00:00,0.3318039630907456,0.1951153378126101,0.4684925883688812,144.36,-38.147
34274,1993-11-05 00:00:00,0.1146861673181957,-0.0219186554461351,0.2512909900825265,144.36,-38.147
34275,1993-11-06 00:00:00,0.1106988257426716,-0.0255542272989512,0.2469518787842944,144.36,-38.147
34276,1993-11-07 00:00:00,0.1428592982280761,0.0063662804738625,0.2793523159822897,144.36,-38.147
34277,1993-11-08 00:00:00,0.0197438223471794,-0.1166216243941463,0.1561092690885052,144.36,-38.147
34278,1993-11-09 00:00:00,0.0871935706064318,-0.0491767154189947,0.2235638566318585,144.36,-38.147
34279,1993-11-10 00:00:00,0.0036898844625034,-0.1326004274430381,0.1399801963680449,144.36,-38.147
34280,1993-11-11 00:00:00,-0.0172107182978799,-0.1534163838349528,0.118994947239193,144.36,-38.147
34281,1993-11-12 00:00:00,0.0217065566707081,-0.1147602696923662,0.1581733830337825,144.36,-38.147
34282,1993-11-13 00:00:00,0.1566744910151025,0.0202509273956701,0.2930980546345351,144.36,-38.147
34283,1993-11-14 00:00:00,0.158477509779939,0.0222455413165665,0.2947094782433115,144.36,-38.147
34284,1993-11-15 00:00:00,0.0737002905562411,-0.0625200574625052,0.2099206385749875,144.36,-38.147
34285,1993-11-16 00:00:00,0.0371619700147975,-0.0990191350160905,0.1733430750456855,144.36,-38.147
34286,1993-11-17 00:00:00,0.0275960630978778,-0.1086317845120698,0.1638239107078254,144.36,-38.147
34287,1993-11-18 00:00:00,0.1592265792239556,0.0228853051073091,0.2955678533406021,144.36,-38.147
34288,1993-11-19 00:00:00,0.1719754098616653,0.0357085844486502,0.3082422352746805,144.36,-38.147
34289,1993-11-20 00:00:00,0.1604282788804578,0.0241095388427056,0.29674701891821,144.36,-38.147
34290,1993-11-21 00:00:00,0.0802980246456123,-0.0559819559762956,0.2165780052675202,144.36,-38.147
34291,1993-11-22 00:00:00,0.2354692469840981,0.099054764982622,0.3718837289855743,144.36,-38.147
34292,1993-11-23 00:00:00,0.0731975352215351,-0.0630667543963143,0.2094618248393845,144.36,-38.147
34293,1993-11-24 00:00:00,0.0540224759214577,-0.0821960872921775,0.190241039135093,144.36,-38.147
34294,1993-11-25 00:00:00,0.0478377362662204,-0.0883744637731814,0.1840499363056222,144.36,-38.147
34295,1993-11-26 00:00:00,-0.0018161231750266,-0.1381868288909645,0.1345545825409111,144.36,-38.147
34296,1993-11-27 00:00:00,0.194503364119905,0.0578365578682935,0.3311701703715166,144.36,-38.147
34297,1993-11-28 00:00:00,0.1239425797357755,-0.012554750840737,0.2604399103122881,144.36,-38.147
34298,1993-11-29 00:00:00,0.0241597419878474,-0.1120956468003612,0.1604151307760561,144.36,-38.147
34299,1993-11-30 00:00:00,0.0299646177265702,-0.1062558520906511,0.1661850875437917,144.36,-38.147
34300,1993-12-01 00:00:00,0.0903073353416627,-0.0466589557653103,0.2272736264486359,144.36,-38.147
34301,1993-12-02 00:00:00,0.1951706860927078,0.0579810626179872,0.3323603095674284,144.36,-38.147
34302,1993-12-03 00:00:00,-0.03986420320862,-0.1762317473848308,0.0965033409675907,144.36,-38.147
34303,1993-12-04 00:00:00,0.2040561753560267,0.0675839011882386,0.3405284495238149,144.36,-38.147
34304,1993-12-05 00:00:00,0.0820261758420009,-0.0542519419227233,0.2183042936067252,144.36,-38.147
34305,1993-12-06 00:00:00,0.0400293933752241,-0.0962009403370692,0.1762597270875176,144.36,-38.147
34306,1993-12-07 00:00:00,0.0395447791278097,-0.0966919095144385,0.1757814677700581,144.36,-38.147
34307,1993-12-08 00:00:00,-0.0312557632979058,-0.1674817631289657,0.104970236533154,144.36,-38.147
34308,1993-12-09 00:00:00,-0.0412303544178363,-0.1775130602445097,0.0950523514088369,144.36,-38.147
34309,1993-12-10 00:00:00,-0.0064793306277575,-0.1428761248859614,0.1299174636304463,144.36,-38.147
34310,1993-12-11 00:00:00,0.0409551317895105,-0.0961240890802571,0.1780343526592781,144.36,-38.147
34311,1993-12-12 00:00:00,0.1953757327363098,0.0584303645111297,0.3323211009614898,144.36,-38.147
34312,1993-12-13 00:00:00,0.0139166958400722,-0.1223733582907348,0.1502067499708794,144.36,-38.147
34313,1993-12-14 00:00:00,0.0223900040026679,-0.114053209142038,0.1588332171473738,144.36,-38.147
34314,1993-12-15 00:00:00,0.33251919738802,0.1954566609795152,0.4695817337965248,144.36,-38.147
34315,1993-12-16 00:00:00,0.1589688334620802,0.0221654343461547,0.2957722325780056,144.36,-38.147
34316,1993-12-17 00:00:00,0.0343861261916229,-0.1019743870494475,0.1707466394326935,144.36,-38.147
34317,1993-12-18 00:00:00,0.0372547490726194,-0.0989316334155427,0.1734411315607816,144.36,-38.147
34318,1993-12-19 00:00:00,0.0340331242696465,-0.1021483020919355,0.1702145506312286,144.36,-38.147
34319,1993-12-20 00:00:00,0.0353169065662945,-0.1009446340794945,0.1715784472120837,144.36,-38.147
34320,1993-12-21 00:00:00,0.0201746345440187,-0.116178076331761,0.1565273454197985,144.36,-38.147
34321,1993-12-22 00:00:00,0.1143784969449752,-0.0228456068496484,0.2516026007395989,144.36,-38.147
34322,1993-12-23 00:00:00,0.3878271978543323,0.250008487072605,0.5256459086360595,144.36,-38.147
34323,1993-12-24 00:00:00,0.1658128635232449,0.0285568661728711,0.3030688608736186,144.36,-38.147
34324,1993-12-25 00:00:00,0.1021252543539058,-0.034240631987199,0.2384911406950108,144.36,-38.147
34325,1993-12-26 00:00:00,0.2607439356615902,0.1243730556985868,0.3971148156245936,144.36,-38.147
34326,1993-12-27 00:00:00,0.2343266817205824,0.0974588344324536,0.3711945290087113,144.36,-38.147
34327,1993-12-28 00:00:00,0.1627659113936613,0.0260085401690222,0.2995232826183004,144.36,-38.147
34328,1993-12-29 00:00:00,0.0727168472953894,-0.0639045252563506,0.2093382198471295,144.36,-38.147
34329,1993-12-30 00:00:00,0.0798549311579407,-0.0563928131809475,0.216102675496829,144.36,-38.147
34330,1993-12-31 00:00:00,0.1024339246661774,-0.0337845757590488,0.2386524250914036,144.36,-38.147
34331,1994-01-01 00:00:00,0.1231337956446175,-0.0131174894572474,0.2593850807464825,144.36,-38.147
34332,1994-01-02 00:00:00,0.0891763321995896,-0.0472387954004295,0.2255914597996089,144.36,-38.147
34333,1994-01-03 00:00:00,0.2743812850886544,0.1378625838107488,0.41089998636656,144.36,-38.147
34334,1994-01-04 00:00:00,0.3174035015840649,0.1809881273300102,0.4538188758381196,144.36,-38.147
34335,1994-01-05 00:00:00,0.3014346472167565,0.16471922300886,0.4381500714246531,144.36,-38.147
34336,1994-01-06 00:00:00,0.4076748311321356,0.2708923306643583,0.5444573315999129,144.36,-38.147
34337,1994-01-07 00:00:00,0.2787610392304586,0.1422214187826829,0.4153006596782342,144.36,-38.147
34338,1994-01-08 00:00:00,0.5385128098907629,0.4001832728986679,0.6768423468828579,144.36,-38.147
34339,1994-01-09 00:00:00,0.3503653524316824,0.2129803444736705,0.4877503603896942,144.36,-38.147
34340,1994-01-10 00:00:00,0.0612814726708645,-0.0752368676017226,0.1977998129434517,144.36,-38.147
34341,1994-01-11 00:00:00,0.0684347928047092,-0.0678755276905974,0.2047451133000158,144.36,-38.147
34342,1994-01-12 00:00:00,0.0772967544488601,-0.0590471632184128,0.2136406721161332,144.36,-38.147
34343,1994-01-13 00:00:00,0.1642728425594888,0.0278387755271499,0.3007069095918278,144.36,-38.147
34344,1994-01-14 00:00:00,0.1448925247316389,0.0083629122472989,0.2814221372159788,144.36,-38.147
34345,1994-01-15 00:00:00,-0.0095005518476628,-0.1458932144714317,0.126892110776106,144.36,-38.147
34346,1994-01-16 00:00:00,-0.0026877034911236,-0.1394248140319904,0.134049407049743,144.36,-38.147
34347,1994-01-17 00:00:00,0.3478382909349308,0.2108677199235894,0.4848088619462721,144.36,-38.147
34348,1994-01-18 00:00:00,0.2048575740718537,0.0683645362266044,0.341350611917103,144.36,-38.147
34349,1994-01-19 00:00:00,0.1679848292918986,0.0316316660166537,0.3043379925671434,144.36,-38.147
34350,1994-01-20 00:00:00,0.175379486577562,0.0391074282224648,0.3116515449326591,144.36,-38.147
34351,1994-01-21 00:00:00,0.24764148636341,0.1112638568535714,0.3840191158732485,144.36,-38.147
34352,1994-01-22 00:00:00,0.0751343811102856,-0.0612087020075931,0.2114774642281644,144.36,-38.147
34353,1994-01-23 00:00:00,0.0351144005452688,-0.1011048231607604,0.1713336242512982,144.36,-38.147
34354,1994-01-24 00:00:00,0.0233150273112235,-0.1128866325532564,0.1595166871757034,144.36,-38.147
34355,1994-01-25 00:00:00,0.0177117828471861,-0.1185376538718845,0.1539612195662568,144.36,-38.147
34356,1994-01-26 00:00:00,0.0572390760996679,-0.0794452380674682,0.1939233902668041,144.36,-38.147
34357,1994-01-27 00:00:00,0.1824406177475718,0.0452378168611172,0.3196434186340264,144.36,-38.147
34358,1994-01-28 00:00:00,0.0071033974670723,-0.1295007988777549,0.1437075938118996,144.36,-38.147
34359,1994-01-29 00:00:00,-0.0114648530944071,-0.1478920282134052,0.1249623220245908,144.36,-38.147
34360,1994-01-30 00:00:00,0.0086894785141442,-0.1276580046168701,0.1450369616451586,144.36,-38.147
34361,1994-01-31 00:00:00,-0.0269026216043465,-0.1633062236064013,0.1095009803977082,144.36,-38.147
34362,1994-02-01 00:00:00,0.0291577117115464,-0.1071699748174647,0.1654853982405577,144.36,-38.147
34363,1994-02-02 00:00:00,0.0161115638127395,-0.1202716348123798,0.1524947624378589,144.36,-38.147
34364,1994-02-03 00:00:00,-0.008775730869805,-0.1451500941469766,0.1275986324073665,144.36,-38.147
34365,1994-02-04 00:00:00,0.0553649804449166,-0.0810222078619773,0.1917521687518105,144.36,-38.147
34366,1994-02-05 00:00:00,0.0903111696367137,-0.0459967086523316,0.226619047925759,144.36,-38.147
34367,1994-02-06 00:00:00,0.0871300928043775,-0.0492318327584332,0.2234920183671883,144.36,-38.147
34368,1994-02-07 00:00:00,0.1210438486107145,-0.0151974646040174,0.2572851618254465,144.36,-38.147
34369,1994-02-08 00:00:00,0.0322207929925387,-0.1040009277620024,0.1684425137470798,144.36,-38.147
34370,1994-02-09 00:00:00,0.1284716796881573,-0.007841612053856,0.2647849714301706,144.36,-38.147
34371,1994-02-10 00:00:00,0.1161106597229164,-0.0202835726917085,0.2525048921375414,144.36,-38.147
34372,1994-02-11 00:00:00,0.2283116915309299,0.0919729481481312,0.3646504349137287,144.36,-38.147
34373,1994-02-12 00:00:00,0.0797042228147315,-0.056874604753319,0.2162830503827821,144.36,-38.147
34374,1994-02-13 00:00:00,-0.0187876423523421,-0.1551866541304347,0.1176113694257503,144.36,-38.147
34375,1994-02-14 00:00:00,0.0038692536201324,-0.1324444400488522,0.1401829472891171,144.36,-38.147
34376,1994-02-15 00:00:00,0.1197563664553146,-0.0166396953987238,0.2561524283093532,144.36,-38.147
34377,1994-02-16 00:00:00,0.2814797959272406,0.1449388673609992,0.418020724493482,144.36,-38.147
34378,1994-02-17 00:00:00,0.1561258334197603,0.0196904553331458,0.2925612115063749,144.36,-38.147
34379,1994-02-18 00:00:00,0.0761342539478818,-0.060138807114225,0.2124073150099886,144.36,-38.147
34380,1994-02-19 00:00:00,-0.010164010279777,-0.1465242013205593,0.1261961807610052,144.36,-38.147
34381,1994-02-20 00:00:00,-0.0525511591926732,-0.188876679261022,0.0837743608756755,144.36,-38.147
34382,1994-02-21 00:00:00,-0.0184609962413137,-0.1547820378429427,0.1178600453603151,144.36,-38.147
34383,1994-02-22 00:00:00,0.0976877920934815,-0.0386860787616204,0.2340616629485835,144.36,-38.147
34384,1994-02-23 00:00:00,0.0515970003265834,-0.0847772960132644,0.1879712966664314,144.36,-38.147
34385,1994-02-24 00:00:00,0.0444314652055494,-0.0918132358402192,0.1806761662513181,144.36,-38.147
34386,1994-02-25 00:00:00,0.0893912843264818,-0.0468503501449604,0.2256329187979241,144.36,-38.147
34387,1994-02-26 00:00:00,0.039930950563758,-0.0962643689491914,0.1761262700767074,144.36,-38.147
34388,1994-02-27 00:00:00,0.1235135563208721,-0.0127863417461772,0.2598134543879215,144.36,-38.147
34389,1994-02-28 00:00:00,0.1579435475622467,0.0210507476426953,0.2948363474817981,144.36,-38.147
34390,1994-03-01 00:00:00,-0.0082952456566113,-0.1449776012715735,0.1283871099583508,144.36,-38.147
34391,1994-03-02 00:00:00,0.0561759667963794,-0.0800660371895887,0.1924179707823476,144.36,-38.147
34392,1994-03-03 00:00:00,0.0996606192496067,-0.0365634476609867,0.2358846861602003,144.36,-38.147
34393,1994-03-04 00:00:00,0.0758788751428444,-0.0603357498701407,0.2120935001558297,144.36,-38.147
34394,1994-03-05 00:00:00,0.1275876276405887,-0.0086326047894705,0.263807860070648,144.36,-38.147
34395,1994-03-06 00:00:00,0.0869979450314745,-0.0492340037750854,0.2232298938380345,144.36,-38.147
34396,1994-03-07 00:00:00,0.0355766539933243,-0.1006444011085672,0.1717977090952159,144.36,-38.147
34397,1994-03-08 00:00:00,-0.0095949308600469,-0.1457964498073032,0.1266065880872092,144.36,-38.147
34398,1994-03-09 00:00:00,0.0023730782674006,-0.1338351924686971,0.1385813490034984,144.36,-38.147
34399,1994-03-10 00:00:00,0.052013090426845,-0.0843317880544472,0.1883579689081372,144.36,-38.147
34400,1994-03-11 00:00:00,0.0390382655313602,-0.0976642577492381,0.1757407888119587,144.36,-38.147
34401,1994-03-12 00:00:00,-0.0071238931974052,-0.1441386953598609,0.1298909089650503,144.36,-38.147
34402,1994-03-13 00:00:00,-0.0875043635133951,-0.2245256621666473,0.0495169351398569,144.36,-38.147
34403,1994-03-14 00:00:00,-0.0478410605803163,-0.1845990918666725,0.0889169707060398,144.36,-38.147
34404,1994-03-15 00:00:00,0.0366512094153284,-0.0995847584259866,0.1728871772566435,144.36,-38.147
34405,1994-03-16 00:00:00,0.0772849642618675,-0.0589718546443298,0.2135417831680649,144.36,-38.147
34406,1994-03-17 00:00:00,0.055159715046292,-0.0811082686223249,0.1914276987149089,144.36,-38.147
34407,1994-03-18 00:00:00,-0.0291589306177477,-0.1654102812595237,0.1070924200240282,144.36,-38.147
34408,1994-03-19 00:00:00,-0.0323321014367219,-0.1685143510346941,0.1038501481612502,144.36,-38.147
34409,1994-03-20 00:00:00,-0.0405841326534192,-0.1767864068860503,0.0956181415792118,144.36,-38.147
34410,1994-03-21 00:00:00,0.0060520197584501,-0.1301848146150425,0.1422888541319427,144.36,-38.147
34411,1994-03-22 00:00:00,0.0133659224279832,-0.1228552798364946,0.1495871246924611,144.36,-38.147
34412,1994-03-23 00:00:00,-0.0146248236942845,-0.1508451851822763,0.1215955377937072,144.36,-38.147
34413,1994-03-24 00:00:00,-0.0322744677101596,-0.1684763866728013,0.103927451252482,144.36,-38.147
34414,1994-03-25 00:00:00,-0.0276510233814377,-0.1638483835553711,0.1085463367924957,144.36,-38.147
34415,1994-03-26 00:00:00,-0.0010828583755771,-0.1372946876778724,0.1351289709267182,144.36,-38.147
34416,1994-03-27 00:00:00,0.0004046998355004,-0.1358084548478305,0.1366178545188313,144.36,-38.147
34417,1994-03-28 00:00:00,-0.0266178830122803,-0.1627931663610886,0.1095574003365278,144.36,-38.147
34418,1994-03-29 00:00:00,-0.0265218925826824,-0.1627052864845398,0.109661501319175,144.36,-38.147
34419,1994-03-30 00:00:00,-0.0073036765837913,-0.1434982996687837,0.1288909465012011,144.36,-38.147
34420,1994-03-31 00:00:00,0.0029210126384425,-0.1332992491145144,0.1391412743913996,144.36,-38.147
34421,1994-04-01 00:00:00,0.1694998544359851,0.0332121944760293,0.3057875143959409,144.36,-38.147
34422,1994-04-02 00:00:00,0.1416453528550287,0.0051502361143183,0.2781404695957391,144.36,-38.147
34423,1994-04-03 00:00:00,0.0509819032084536,-0.0852943148973105,0.1872581213142177,144.36,-38.147
34424,1994-04-04 00:00:00,0.0350022044011016,-0.1011871596015139,0.1711915684037171,144.36,-38.147
34425,1994-04-05 00:00:00,0.0374210588777942,-0.0987755153071682,0.1736176330627568,144.36,-38.147
34426,1994-04-06 00:00:00,0.0536326257037465,-0.0826420590166949,0.189907310424188,144.36,-38.147
34427,1994-04-07 00:00:00,0.2355570725036709,0.0985844074649272,0.3725297375424146,144.36,-38.147
34428,1994-04-08 00:00:00,0.0368398428368644,-0.0995696156259616,0.1732493012996905,144.36,-38.147
34429,1994-04-09 00:00:00,0.04823217595871,-0.0879784100820198,0.1844427619994398,144.36,-38.147
34430,1994-04-10 00:00:00,0.1556026639505019,0.019231235889035,0.2919740920119688,144.36,-38.147
34431,1994-04-11 00:00:00,0.1062108562144064,-0.0305055252558839,0.2429272376846969,144.36,-38.147
34432,1994-04-12 00:00:00,0.0485862898680072,-0.0884594216714606,0.1856320014074751,144.36,-38.147
34433,1994-04-13 00:00:00,-0.0154988012730365,-0.152606432015349,0.121608829469276,144.36,-38.147
34434,1994-04-14 00:00:00,0.0047540693373195,-0.1316693227366692,0.1411774614113083,144.36,-38.147
34435,1994-04-15 00:00:00,-0.0021050530486619,-0.1383132115260485,0.1341031054287247,144.36,-38.147
34436,1994-04-16 00:00:00,-0.0116226401411268,-0.1477998130662355,0.1245545327839817,144.36,-38.147
34437,1994-04-17 00:00:00,0.0418209564901349,-0.0944340775239201,0.1780759905041901,144.36,-38.147
34438,1994-04-18 00:00:00,0.1878786654334712,0.051200069646967,0.3245572612199753,144.36,-38.147
34439,1994-04-19 00:00:00,0.093369670102661,-0.0430493618191278,0.2297887020244499,144.36,-38.147
34440,1994-04-20 00:00:00,0.0632952902351897,-0.0732759972725834,0.199866577742963,144.36,-38.147
34441,1994-04-21 00:00:00,0.0026833566645632,-0.1335936554695671,0.1389603687986937,144.36,-38.147
34442,1994-04-22 00:00:00,0.0289954560636824,-0.1071974407835429,0.1651883529109079,144.36,-38.147
34443,1994-04-23 00:00:00,0.0390928510782627,-0.0971106876172307,0.1752963897737562,144.36,-38.147
34444,1994-04-24 00:00:00,0.0677698480518696,-0.0684967839487725,0.2040364800525118,144.36,-38.147
34445,1994-04-25 00:00:00,0.0282408664093401,-0.1080678846028292,0.1645496174215095,144.36,-38.147
34446,1994-04-26 00:00:00,0.0796564985282076,-0.056756226462473,0.2160692235188884,144.36,-38.147
34447,1994-04-27 00:00:00,0.1242817398391067,-0.012715776770912,0.2612792564491255,144.36,-38.147
34448,1994-04-28 00:00:00,0.1004860997451144,-0.0363382918091744,0.2373104912994033,144.36,-38.147
34449,1994-04-29 00:00:00,0.1545714124623565,0.0179940722036449,0.2911487527210681,144.36,-38.147
34450,1994-04-30 00:00:00,-0.0064516009878966,-0.1426825067346225,0.1297793047588293,144.36,-38.147
34451,1994-05-01 00:00:00,0.1120895217686783,-0.0241803719818538,0.2483594155192105,144.36,-38.147
34452,1994-05-02 00:00:00,0.1502593517323349,0.0138608440111806,0.2866578594534892,144.36,-38.147
34453,1994-05-03 00:00:00,0.0230696283830913,-0.1133756964972896,0.1595149532634724,144.36,-38.147
34454,1994-05-04 00:00:00,-0.0282056236727088,-0.1644382628986646,0.1080270155532469,144.36,-38.147
34455,1994-05-05 00:00:00,-0.0527107982388479,-0.1889211903339859,0.08349959385629,144.36,-38.147
34456,1994-05-06 00:00:00,0.0274971983732002,-0.108713818965499,0.1637082157118994,144.36,-38.147
34457,1994-05-07 00:00:00,0.0539575323975145,-0.0822995061874881,0.1902145709825171,144.36,-38.147
34458,1994-05-08 00:00:00,-0.0158975092456237,-0.1522806367495922,0.1204856182583448,144.36,-38.147
34459,1994-05-09 00:00:00,-0.0330115617412938,-0.1693921007280206,0.1033689772454328,144.36,-38.147
34460,1994-05-10 00:00:00,0.0277447643919992,-0.1085157753244811,0.1640053041084795,144.36,-38.147
34461,1994-05-11 00:00:00,0.0313053785986613,-0.1050551881757597,0.1676659453730823,144.36,-38.147
34462,1994-05-12 00:00:00,-0.0007942280673141,-0.1370803889398001,0.1354919328051718,144.36,-38.147
34463,1994-05-13 00:00:00,0.0050518320644174,-0.1313296955599381,0.1414333596887731,144.36,-38.147
34464,1994-05-14 00:00:00,0.2150429191419217,0.0780291331373774,0.352056705146466,144.36,-38.147
34465,1994-05-15 00:00:00,0.0730273912694331,-0.0635887738209335,0.2096435563597998,144.36,-38.147
34466,1994-05-16 00:00:00,0.0566241638214345,-0.0796948449962751,0.1929431726391442,144.36,-38.147
34467,1994-05-17 00:00:00,0.0674302562966674,-0.069110100680354,0.2039706132736888,144.36,-38.147
34468,1994-05-18 00:00:00,0.4523571751647652,0.3146266879900644,0.590087662339466,144.36,-38.147
34469,1994-05-19 00:00:00,0.2539571663183719,0.1158920293789708,0.392022303257773,144.36,-38.147
34470,1994-05-20 00:00:00,0.0263127176588571,-0.1103764645654704,0.1630018998831848,144.36,-38.147
34471,1994-05-21 00:00:00,0.0699332276264783,-0.0670522347777385,0.2069186900306952,144.36,-38.147
34472,1994-05-22 00:00:00,0.4103859436073697,0.2724461434050931,0.5483257438096463,144.36,-38.147
34473,1994-05-23 00:00:00,0.1663509304257509,0.0294999831481529,0.3032018777033489,144.36,-38.147
34474,1994-05-24 00:00:00,0.1142457638088704,-0.0224303977652543,0.2509219253829952,144.36,-38.147
34475,1994-05-25 00:00:00,0.2761437686578037,0.1390724544344977,0.4132150828811097,144.36,-38.147
34476,1994-05-26 00:00:00,0.5851987750336295,0.4460623920005062,0.7243351580667527,144.36,-38.147
34477,1994-05-27 00:00:00,0.447834845998195,0.3054969094059855,0.5901727825904044,144.36,-38.147
34478,1994-05-28 00:00:00,0.113400309312063,-0.0249079156462393,0.2517085342703655,144.36,-38.147
34479,1994-05-29 00:00:00,0.1068820936715208,-0.0295735197454597,0.2433377070885015,144.36,-38.147
34480,1994-05-30 00:00:00,0.0719992468736435,-0.0645557082138675,0.2085542019611546,144.36,-38.147
34481,1994-05-31 00:00:00,0.1159653550331661,-0.021044382336711,0.2529750924030432,144.36,-38.147
34482,1994-06-01 00:00:00,0.072629998723923,-0.0640152922229553,0.2092752896708014,144.36,-38.147
34483,1994-06-02 00:00:00,-0.0353152501306724,-0.1716314787973915,0.1010009785360465,144.36,-38.147
34484,1994-06-03 00:00:00,-0.0013322526867467,-0.1377468141408479,0.1350823087673545,144.36,-38.147
34485,1994-06-04 00:00:00,0.1021902726870843,-0.03421627591163,0.2385968212857988,144.36,-38.147
34486,1994-06-05 00:00:00,0.1097818651419316,-0.0265598028730886,0.2461235331569519,144.36,-38.147
34487,1994-06-06 00:00:00,0.0488295237280295,-0.0874823509697715,0.1851413984258306,144.36,-38.147
34488,1994-06-07 00:00:00,-0.0025904872803162,-0.1391949383652915,0.1340139638046591,144.36,-38.147
34489,1994-06-08 00:00:00,-0.0045904930101451,-0.1412166178581471,0.1320356318378567,144.36,-38.147
34490,1994-06-09 00:00:00,0.0045548832950098,-0.1320147477310827,0.1411245143211023,144.36,-38.147
34491,1994-06-10 00:00:00,0.0227008465044579,-0.1136615594602072,0.1590632524691231,144.36,-38.147
34492,1994-06-11 00:00:00,0.0351093300027902,-0.1011054729653605,0.1713241329709411,144.36,-38.147
34493,1994-06-12 00:00:00,0.1402315005853576,0.0038376137494153,0.2766253874212999,144.36,-38.147
34494,1994-06-13 00:00:00,0.0966920486505094,-0.0398555661129715,0.2332396634139903,144.36,-38.147
34495,1994-06-14 00:00:00,0.2438883496260356,0.1071059219037627,0.3806707773483087,144.36,-38.147
34496,1994-06-15 00:00:00,0.1274553925939755,-0.0089645049752106,0.2638752901631618,144.36,-38.147
34497,1994-06-16 00:00:00,0.1044906435187234,-0.0318309709100843,0.2408122579475311,144.36,-38.147
34498,1994-06-17 00:00:00,0.2414307854564368,0.1049130277922196,0.3779485431206539,144.36,-38.147
34499,1994-06-18 00:00:00,0.1064172134438089,-0.0301170084169934,0.2429514353046113,144.36,-38.147
34500,1994-06-19 00:00:00,0.2130630902135699,0.076460402728065,0.3496657776990748,144.36,-38.147
34501,1994-06-20 00:00:00,0.1062316220292472,-0.0301966190880314,0.242659863146526,144.36,-38.147
34502,1994-06-21 00:00:00,0.0433539254875069,-0.0928883341278068,0.1795961851028207,144.36,-38.147
34503,1994-06-22 00:00:00,0.0337199391548089,-0.1027871447541648,0.1702270230637827,144.36,-38.147
34504,1994-06-23 00:00:00,0.1397108663066666,0.0027662801656479,0.2766554524476854,144.36,-38.147
34505,1994-06-24 00:00:00,0.4412577663714948,0.3033352077547316,0.579180324988258,144.36,-38.147
34506,1994-06-25 00:00:00,0.1792824550745979,0.0415506951954431,0.3170142149537527,144.36,-38.147
34507,1994-06-26 00:00:00,0.1397211927215016,0.0032821654944634,0.2761602199485398,144.36,-38.147
34508,1994-06-27 00:00:00,0.0533023359638636,-0.0830837571055464,0.1896884290332736,144.36,-38.147
34509,1994-06-28 00:00:00,0.0001696558456993,-0.1361153682231507,0.1364546799145495,144.36,-38.147
34510,1994-06-29 00:00:00,0.0172039857841527,-0.1190171315072581,0.1534251030755636,144.36,-38.147
34511,1994-06-30 00:00:00,0.0266391533013373,-0.1095987986318566,0.1628771052345313,144.36,-38.147
34512,1994-07-01 00:00:00,0.0044247669887235,-0.1317903013841811,0.1406398353616282,144.36,-38.147
34513,1994-07-02 00:00:00,-0.015341393039348,-0.1516671349674417,0.1209843488887456,144.36,-38.147
34514,1994-07-03 00:00:00,0.0545453271443993,-0.0821257077733567,0.1912163620621554,144.36,-38.147
34515,1994-07-04 00:00:00,0.1610152823784991,0.0240690317776565,0.2979615329793418,144.36,-38.147
34516,1994-07-05 00:00:00,0.1137211703956793,-0.0229082841984934,0.2503506249898521,144.36,-38.147
34517,1994-07-06 00:00:00,0.040920383828212,-0.0953966334934739,0.177237401149898,144.36,-38.147
34518,1994-07-07 00:00:00,0.0703404033011132,-0.0659410076020848,0.2066218142043113,144.36,-38.147
34519,1994-07-08 00:00:00,0.0179847017050375,-0.1182910670308896,0.1542604704409647,144.36,-38.147
34520,1994-07-09 00:00:00,0.0269310542251126,-0.1093063435287598,0.1631684519789852,144.36,-38.147
34521,1994-07-10 00:00:00,0.0354217783827702,-0.1008043155463766,0.1716478723119172,144.36,-38.147
34522,1994-07-11 00:00:00,0.0650923530619246,-0.0711534845142413,0.2013381906380906,144.36,-38.147
34523,1994-07-12 00:00:00,0.1592239875000426,0.0229416663934932,0.295506308606592,144.36,-38.147
34524,1994-07-13 00:00:00,0.212352693369012,0.0760773572637096,0.3486280294743145,144.36,-38.147
34525,1994-07-14 00:00:00,0.0502391711986366,-0.0860559143041881,0.1865342567014614,144.36,-38.147
34526,1994-07-15 00:00:00,0.1142812337816924,-0.0222685205702786,0.2508309881336635,144.36,-38.147
34527,1994-07-16 00:00:00,0.1620954763933715,0.0252008159306243,0.2989901368561187,144.36,-38.147
34528,1994-07-17 00:00:00,0.0312763134656073,-0.1051203442288567,0.1676729711600714,144.36,-38.147
34529,1994-07-18 00:00:00,0.0467500830690361,-0.089562706110106,0.1830628722481784,144.36,-38.147
34530,1994-07-19 00:00:00,0.0536598824665246,-0.0825976079630969,0.1899173728961462,144.36,-38.147
34531,1994-07-20 00:00:00,0.0567326243470105,-0.0794965559351752,0.1929618046291963,144.36,-38.147
34532,1994-07-21 00:00:00,0.0821425072698733,-0.0542141583033428,0.2184991728430895,144.36,-38.147
34533,1994-07-22 00:00:00,-0.0036788313275603,-0.1401020450927502,0.1327443824376295,144.36,-38.147
34534,1994-07-23 00:00:00,-0.0682026703238057,-0.2044973403810693,0.0680919997334578,144.36,-38.147
34535,1994-07-24 00:00:00,-0.0203851936512599,-0.1567118418884392,0.1159414545859194,144.36,-38.147
34536,1994-07-25 00:00:00,0.1956998502211259,0.0583276922390453,0.3330720082032065,144.36,-38.147
34537,1994-07-26 00:00:00,0.0862886993642886,-0.0504625858884967,0.2230399846170741,144.36,-38.147
34538,1994-07-27 00:00:00,0.0918057105074519,-0.0444120488652535,0.2280234698801574,144.36,-38.147
34539,1994-07-28 00:00:00,0.1235467516356535,-0.0127077322668106,0.2598012355381177,144.36,-38.147
34540,1994-07-29 00:00:00,0.095316600228724,-0.0414044387403093,0.2320376391977573,144.36,-38.147
34541,1994-07-30 00:00:00,0.2367532973851012,0.0998139305493988,0.3736926642208037,144.36,-38.147
34542,1994-07-31 00:00:00,0.2475488314852021,0.1109923542779258,0.3841053086924784,144.36,-38.147
34543,1994-08-01 00:00:00,0.2475696007560055,0.1111217236244223,0.3840174778875886,144.36,-38.147
34544,1994-08-02 00:00:00,0.1046746233480568,-0.0319073033301297,0.2412565500262433,144.36,-38.147
34545,1994-08-03 00:00:00,0.0257878352122081,-0.1107030577739195,0.1622787281983358,144.36,-38.147
34546,1994-08-04 00:00:00,0.0144765531332167,-0.1218047318290932,0.1507578380955268,144.36,-38.147
34547,1994-08-05 00:00:00,-0.0163942589412167,-0.15258853993702,0.1198000220545866,144.36,-38.147
34548,1994-08-06 00:00:00,0.0583342953939584,-0.0782853454968918,0.1949539362848087,144.36,-38.147
34549,1994-08-07 00:00:00,0.32554965162993,0.1883962490161906,0.4627030542436694,144.36,-38.147
34550,1994-08-08 00:00:00,0.0984874725212671,-0.0382230823831331,0.2351980274256674,144.36,-38.147
34551,1994-08-09 00:00:00,-0.0010320782771076,-0.1376945511421595,0.1356303945879441,144.36,-38.147
34552,1994-08-10 00:00:00,-0.0613227870140357,-0.1976755954966992,0.0750300214686278,144.36,-38.147
34553,1994-08-11 00:00:00,-0.0336637444156799,-0.1699549710317158,0.1026274822003558,144.36,-38.147
34554,1994-08-12 00:00:00,0.028369101647345,-0.1086183472727574,0.1653565505674475,144.36,-38.147
34555,1994-08-13 00:00:00,0.2481743857795173,0.10990039379202,0.3864483777670147,144.36,-38.147
34556,1994-08-14 00:00:00,0.1037926540661739,-0.0326039648827633,0.2401892730151111,144.36,-38.147
34557,1994-08-15 00:00:00,0.0462918618617528,-0.0900951350151636,0.1826788587386694,144.36,-38.147
34558,1994-08-16 00:00:00,0.0187677430104355,-0.1174666729764201,0.1550021589972911,144.36,-38.147
34559,1994-08-17 00:00:00,0.0320763995416922,-0.1042787507837844,0.168431549867169,144.36,-38.147
34560,1994-08-18 00:00:00,-0.0504537206317835,-0.1869835331410515,0.0860760918774843,144.36,-38.147
34561,1994-08-19 00:00:00,-0.0561692794030596,-0.1923755198471268,0.0800369610410074,144.36,-38.147
34562,1994-08-20 00:00:00,-0.034310125685947,-0.1705086949131878,0.1018884435412937,144.36,-38.147
34563,1994-08-21 00:00:00,0.0384695580641848,-0.0977963441611779,0.1747354602895476,144.36,-38.147
34564,1994-08-22 00:00:00,0.0980821320193353,-0.0384086024354778,0.2345728664741485,144.36,-38.147
34565,1994-08-23 00:00:00,0.3409558174515868,0.2033147484527853,0.4785968864503883,144.36,-38.147
34566,1994-08-24 00:00:00,0.0796085157637768,-0.057047020148707,0.2162640516762606,144.36,-38.147
34567,1994-08-25 00:00:00,0.0757832255466433,-0.060488050022092,0.2120545011153788,144.36,-38.147
34568,1994-08-26 00:00:00,0.0143316618255712,-0.121871194243951,0.1505345178950934,144.36,-38.147
34569,1994-08-27 00:00:00,0.0330761682915611,-0.1031863328430725,0.1693386694261948,144.36,-38.147
34570,1994-08-28 00:00:00,0.1469830706661969,0.0103163171375744,0.2836498241948194,144.36,-38.147
34571,1994-08-29 00:00:00,0.0997184571798876,-0.0370787222432791,0.2365156366030543,144.36,-38.147
34572,1994-08-30 00:00:00,0.0287252254564919,-0.1076508530284183,0.1651013039414023,144.36,-38.147
34573,1994-08-31 00:00:00,-0.0009334990497325,-0.1371323080205439,0.1352653099210788,144.36,-38.147
34574,1994-09-01 00:00:00,0.0165533815290198,-0.1197362101086203,0.1528429731666601,144.36,-38.147
34575,1994-09-02 00:00:00,0.0018399694835969,-0.134571772325957,0.1382517112931508,144.36,-38.147
34576,1994-09-03 00:00:00,0.091561889034409,-0.0448180449608773,0.2279418230296955,144.36,-38.147
34577,1994-09-04 00:00:00,0.0527896509860159,-0.0833930955203871,0.188972397492419,144.36,-38.147
34578,1994-09-05 00:00:00,0.0787615778145311,-0.0574601485926176,0.2149833042216798,144.36,-38.147
34579,1994-09-06 00:00:00,0.1076700020688752,-0.0289088869263002,0.2442488910640508,144.36,-38.147
34580,1994-09-07 00:00:00,0.0067402499848818,-0.1298273756881394,0.1433078756579031,144.36,-38.147
34581,1994-09-08 00:00:00,-0.0207672578950725,-0.1569815791436653,0.1154470633535201,144.36,-38.147
34582,1994-09-09 00:00:00,0.0231456427697846,-0.1130540557968483,0.1593453413364176,144.36,-38.147
34583,1994-09-10 00:00:00,0.0351765941359961,-0.1010405688091128,0.1713937570811052,144.36,-38.147
34584,1994-09-11 00:00:00,0.027162774386786,-0.1090831860243652,0.1634087347979373,144.36,-38.147
34585,1994-09-12 00:00:00,0.0571243311051567,-0.0792857364226483,0.1935343986329618,144.36,-38.147
34586,1994-09-13 00:00:00,0.2575697374723356,0.1209274411925186,0.3942120337521526,144.36,-38.147
34587,1994-09-14 00:00:00,0.1201419428713942,-0.0162772786883311,0.2565611644311196,144.36,-38.147
34588,1994-09-15 00:00:00,0.1202657164363553,-0.0160156724838787,0.2565471053565893,144.36,-38.147
34589,1994-09-16 00:00:00,0.3019843042970218,0.1651847574211285,0.4387838511729151,144.36,-38.147
34590,1994-09-17 00:00:00,0.1091793787354356,-0.0276436117836621,0.2460023692545334,144.36,-38.147
34591,1994-09-18 00:00:00,0.2397672388066849,0.1029403082082094,0.3765941694051604,144.36,-38.147
34592,1994-09-19 00:00:00,0.2559765139543412,0.119207752273235,0.3927452756354473,144.36,-38.147
34593,1994-09-20 00:00:00,0.1678166872745726,0.0299808817701295,0.3056524927790157,144.36,-38.147
34594,1994-09-21 00:00:00,0.0510642989265622,-0.0858713570531749,0.1879999549062994,144.36,-38.147
34595,1994-09-22 00:00:00,-0.0039602500662836,-0.140506382648735,0.1325858825161678,144.36,-38.147
34596,1994-09-23 00:00:00,0.2198143388152737,0.0832959673667766,0.3563327102637708,144.36,-38.147
34597,1994-09-24 00:00:00,0.2966247151010336,0.1600128121994288,0.4332366180026383,144.36,-38.147
34598,1994-09-25 00:00:00,0.0664404357091792,-0.0701697608519355,0.2030506322702939,144.36,-38.147
34599,1994-09-26 00:00:00,0.1013525968143166,-0.0350197058363225,0.2377248994649557,144.36,-38.147
34600,1994-09-27 00:00:00,0.2201074501650119,0.0832493978412257,0.3569655024887981,144.36,-38.147
34601,1994-09-28 00:00:00,0.1106499593653635,-0.0258808259530292,0.2471807446837563,144.36,-38.147
34602,1994-09-29 00:00:00,0.2032330947650153,0.0668731314182083,0.3395930581118223,144.36,-38.147
34603,1994-09-30 00:00:00,0.2023971625595361,0.0660354956352795,0.3387588294837927,144.36,-38.147
34604,1994-10-01 00:00:00,0.0100314370572107,-0.126424713716851,0.1464875878312726,144.36,-38.147
34605,1994-10-02 00:00:00,0.240608017925112,0.1034458778434041,0.3777701580068199,144.36,-38.147
34606,1994-10-03 00:00:00,0.3323465472928342,0.1954282444525429,0.4692648501331254,144.36,-38.147
34607,1994-10-04 00:00:00,0.1213024461484597,-0.0152832416851622,0.2578881339820816,144.36,-38.147
34608,1994-10-05 00:00:00,0.2288410787084898,0.0921906194276072,0.3654915379893725,144.36,-38.147
34609,1994-10-06 00:00:00,0.0482609495371584,-0.0880269556922233,0.1845488547665402,144.36,-38.147
34610,1994-10-07 00:00:00,0.3563701304649518,0.2192494058723745,0.4934908550575291,144.36,-38.147
34611,1994-10-08 00:00:00,0.3399011859063239,0.2020755340409215,0.4777268377717262,144.36,-38.147
34612,1994-10-09 00:00:00,0.0812450272061685,-0.0557204262069472,0.2182104806192844,144.36,-38.147
34613,1994-10-10 00:00:00,0.0831936648088745,-0.0530723612630564,0.2194596908808056,144.36,-38.147
34614,1994-10-11 00:00:00,0.0709831561269969,-0.0656250392176463,0.2075913514716401,144.36,-38.147
34615,1994-10-12 00:00:00,-0.0333705197083552,-0.1699007133412841,0.1031596739245736,144.36,-38.147
34616,1994-10-13 00:00:00,0.0260192595011011,-0.1102158199463356,0.1622543389485379,144.36,-38.147
34617,1994-10-14 00:00:00,-0.0155080827190457,-0.1517397804255636,0.1207236149874722,144.36,-38.147
34618,1994-10-15 00:00:00,0.0283189892296387,-0.1079097694630903,0.1645477479223678,144.36,-38.147
34619,1994-10-16 00:00:00,0.0138636283758143,-0.1224245324312428,0.1501517891828715,144.36,-38.147
34620,1994-10-17 00:00:00,0.2354106633764331,0.0988424633007983,0.3719788634520679,144.36,-38.147
34621,1994-10-18 00:00:00,0.0402637162394619,-0.09635637836661,0.1768838108455339,144.36,-38.147
34622,1994-10-19 00:00:00,-0.0024654059176118,-0.1387815008150228,0.133850688979799,144.36,-38.147
34623,1994-10-20 00:00:00,0.0316465574271736,-0.1048950898281402,0.1681882046824875,144.36,-38.147
34624,1994-10-21 00:00:00,-0.0036166787010897,-0.1400411660549725,0.1328078086527931,144.36,-38.147
34625,1994-10-22 00:00:00,-0.0263294322136176,-0.1625342488289551,0.1098753844017199,144.36,-38.147
34626,1994-10-23 00:00:00,-0.0386761142649648,-0.1748877180663813,0.0975354895364516,144.36,-38.147
34627,1994-10-24 00:00:00,0.0099885402655342,-0.126247836414534,0.1462249169456025,144.36,-38.147
34628,1994-10-25 00:00:00,0.0412563825725642,-0.0953647755405674,0.177877540685696,144.36,-38.147
34629,1994-10-26 00:00:00,0.1450484255355428,0.0083676885858116,0.281729162485274,144.36,-38.147
34630,1994-10-27 00:00:00,0.0936889307317789,-0.0425120537619418,0.2298899152254997,144.36,-38.147
34631,1994-10-28 00:00:00,0.1548865258287692,0.0186095471889871,0.2911635044685512,144.36,-38.147
34632,1994-10-29 00:00:00,0.1556704071117451,0.0193062573708828,0.2920345568526075,144.36,-38.147
34633,1994-10-30 00:00:00,0.1807366558128347,0.0444358005090001,0.3170375111166693,144.36,-38.147
34634,1994-10-31 00:00:00,0.0226417083116264,-0.1137021523729157,0.1589855689961687,144.36,-38.147
34635,1994-11-01 00:00:00,0.2397110611358643,0.1027150109577083,0.3767071113140204,144.36,-38.147
34636,1994-11-02 00:00:00,0.1366998283248406,-0.0002622946741722,0.2736619513238535,144.36,-38.147
34637,1994-11-03 00:00:00,0.1393596347412494,0.0026774322234302,0.2760418372590685,144.36,-38.147
34638,1994-11-04 00:00:00,0.0818769058248416,-0.0545196816060874,0.2182734932557706,144.36,-38.147
34639,1994-11-05 00:00:00,0.3734752066810118,0.2367352663257745,0.5102151470362492,144.36,-38.147
34640,1994-11-06 00:00:00,0.3979154908864176,0.2601643526075328,0.5356666291653024,144.36,-38.147
34641,1994-11-07 00:00:00,0.277249765557307,0.1401845958777825,0.4143149352368315,144.36,-38.147
34642,1994-11-08 00:00:00,0.3190800963136632,0.1816597838377159,0.4565004087896106,144.36,-38.147
34643,1994-11-09 00:00:00,0.110773692591199,-0.0256995109747588,0.2472468961571568,144.36,-38.147
34644,1994-11-10 00:00:00,0.0608486330196103,-0.0753467925475177,0.1970440585867384,144.36,-38.147
34645,1994-11-11 00:00:00,0.1301974118176488,-0.0060660323926283,0.2664608560279259,144.36,-38.147
34646,1994-11-12 00:00:00,0.095126696269332,-0.0412159447213529,0.2314693372600171,144.36,-38.147
34647,1994-11-13 00:00:00,0.0987191412306416,-0.0375411319703453,0.2349794144316285,144.36,-38.147
34648,1994-11-14 00:00:00,0.2093526643154663,0.0728960671516353,0.3458092614792973,144.36,-38.147
34649,1994-11-15 00:00:00,0.1549515385455985,0.0182869567704916,0.2916161203207055,144.36,-38.147
34650,1994-11-16 00:00:00,0.0388753018673732,-0.0974627734472541,0.1752133771820006,144.36,-38.147
34651,1994-11-17 00:00:00,0.0714481193746053,-0.0647902049900844,0.2076864437392949,144.36,-38.147
34652,1994-11-18 00:00:00,0.0177217916244772,-0.1185759368318566,0.1540195200808111,144.36,-38.147
34653,1994-11-19 00:00:00,0.0064642265935652,-0.1298488703088852,0.1427773234960157,144.36,-38.147
34654,1994-11-20 00:00:00,0.2044313419254196,0.067717872087384,0.3411448117634551,144.36,-38.147
34655,1994-11-21 00:00:00,0.2998389281117772,0.1624905838614623,0.4371872723620921,144.36,-38.147
34656,1994-11-22 00:00:00,0.0607052152662685,-0.075790983713146,0.197201414245683,144.36,-38.147
34657,1994-11-23 00:00:00,0.0100195062996112,-0.1261812574976668,0.1462202700968893,144.36,-38.147
34658,1994-11-24 00:00:00,0.005244079634442,-0.1310972395529198,0.141585398821804,144.36,-38.147
34659,1994-11-25 00:00:00,0.192073391894137,0.0555603576552256,0.3285864261330484,144.36,-38.147
34660,1994-11-26 00:00:00,0.1291661717536338,-0.0073462807889488,0.2656786242962164,144.36,-38.147
34661,1994-11-27 00:00:00,0.1893287085125216,0.0517778858632572,0.3268795311617859,144.36,-38.147
34662,1994-11-28 00:00:00,0.1187396524055827,-0.0184625757520465,0.2559418805632121,144.36,-38.147
34663,1994-11-29 00:00:00,0.0146132702758869,-0.1216944051632283,0.1509209457150022,144.36,-38.147
34664,1994-11-30 00:00:00,0.2459302576580415,0.1089064629116805,0.3829540524044025,144.36,-38.147
34665,1994-12-01 00:00:00,0.0277050372934828,-0.1087524583269888,0.1641625329139545,144.36,-38.147
34666,1994-12-02 00:00:00,-0.0338036069789671,-0.1700573882692156,0.1024501743112813,144.36,-38.147
34667,1994-12-03 00:00:00,-0.0267391334809351,-0.1629635481349128,0.1094852811730424,144.36,-38.147
34668,1994-12-04 00:00:00,-0.0068919979666319,-0.143124390532728,0.1293403945994641,144.36,-38.147
34669,1994-12-05 00:00:00,0.0148359390434682,-0.1214055341629028,0.1510774122498393,144.36,-38.147
34670,1994-12-06 00:00:00,0.0400848415671977,-0.0962645732527393,0.1764342563871349,144.36,-38.147
34671,1994-12-07 00:00:00,0.1567291152253066,0.0198265048810616,0.2936317255695516,144.36,-38.147
34672,1994-12-08 00:00:00,0.1816895274136999,0.0443720859241263,0.3190069689032735,144.36,-38.147
34673,1994-12-09 00:00:00,0.0062569370039887,-0.1302612617138032,0.1427751357217808,144.36,-38.147
34674,1994-12-10 00:00:00,-0.0454354692558901,-0.1817402128452454,0.090869274333465,144.36,-38.147
34675,1994-12-11 00:00:00,0.014917895339991,-0.1212894948759381,0.1511252855559203,144.36,-38.147
34676,1994-12-12 00:00:00,0.0266959336245745,-0.1098302723435082,0.1632221395926573,144.36,-38.147
34677,1994-12-13 00:00:00,0.1610818067427775,0.0242822875523064,0.2978813259332487,144.36,-38.147
34678,1994-12-14 00:00:00,0.1278791564441591,-0.0089794553934024,0.2647377682817206,144.36,-38.147
34679,1994-12-15 00:00:00,-0.0110731055899034,-0.1474522063755852,0.1253059951957782,144.36,-38.147
34680,1994-12-16 00:00:00,0.0044318210157699,-0.1318558079939535,0.1407194500254934,144.36,-38.147
34681,1994-12-17 00:00:00,0.0908421949081082,-0.045439127996894,0.2271235178131105,144.36,-38.147
34682,1994-12-18 00:00:00,0.1066348801966104,-0.0295903485437902,0.2428601089370111,144.36,-38.147
34683,1994-12-19 00:00:00,0.0704061210895265,-0.0658389893301998,0.2066512315092529,144.36,-38.147
34684,1994-12-20 00:00:00,0.0549989411541054,-0.0812247666569129,0.1912226489651238,144.36,-38.147
34685,1994-12-21 00:00:00,0.0216825402859434,-0.1146589233076133,0.1580240038795003,144.36,-38.147
34686,1994-12-22 00:00:00,0.085329844610452,-0.0512611606542617,0.2219208498751658,144.36,-38.147
34687,1994-12-23 00:00:00,0.0055113081156876,-0.1312489469416132,0.1422715631729885,144.36,-38.147
34688,1994-12-24 00:00:00,0.0920465935159682,-0.0445319231445743,0.2286251101765108,144.36,-38.147
34689,1994-12-25 00:00:00,0.0141506347936194,-0.1222170023566614,0.1505182719439004,144.36,-38.147
34690,1994-12-26 00:00:00,0.0268238455150298,-0.1094716406052003,0.16311933163526,144.36,-38.147
34691,1994-12-27 00:00:00,0.0907740553249765,-0.0455040303423173,0.2270521409922705,144.36,-38.147
34692,1994-12-28 00:00:00,0.0625585998195042,-0.07393969195212,0.1990568915911284,144.36,-38.147
34693,1994-12-29 00:00:00,0.277822786388542,0.140572235010334,0.4150733377667499,144.36,-38.147
34694,1994-12-30 00:00:00,0.0792333098468181,-0.0572185209936875,0.2156851406873238,144.36,-38.147
34695,1994-12-31 00:00:00,0.0439178785666153,-0.092392148585,0.1802279057182307,144.36,-38.147
34696,1995-01-01 00:00:00,0.0618816042317874,-0.0744566127289128,0.1982198211924877,144.36,-38.147
34697,1995-01-02 00:00:00,0.0490971311467602,-0.0880112516855373,0.1862055139790578,144.36,-38.147
34698,1995-01-03 00:00:00,-0.1083802936962819,-0.2459277832462989,0.0291671958537351,144.36,-38.147
34699,1995-01-04 00:00:00,0.0239182441526224,-0.1128141490679978,0.1606506373732427,144.36,-38.147
34700,1995-01-05 00:00:00,0.0568251693838148,-0.0795333364204842,0.1931836751881139,144.36,-38.147
34701,1995-01-06 00:00:00,0.0988983731904721,-0.0378912685430565,0.2356880149240008,144.36,-38.147
34702,1995-01-07 00:00:00,0.1438388139739692,0.0069072935325632,0.2807703344153751,144.36,-38.147
34703,1995-01-08 00:00:00,-0.0446070582871751,-0.1809087066213626,0.0916945900470122,144.36,-38.147
34704,1995-01-09 00:00:00,-0.0313440162649027,-0.1675943539131048,0.1049063213832992,144.36,-38.147
34705,1995-01-10 00:00:00,-0.0019244642099893,-0.1382325474460509,0.1343836190260722,144.36,-38.147
34706,1995-01-11 00:00:00,0.0466421562979883,-0.0897354304315517,0.1830197430275283,144.36,-38.147
34707,1995-01-12 00:00:00,0.0439630557979727,-0.0923802460435989,0.1803063576395445,144.36,-38.147
34708,1995-01-13 00:00:00,-0.0172721881156672,-0.15355537389528,0.1190109976639456,144.36,-38.147
34709,1995-01-14 00:00:00,0.0271799487686161,-0.1091452802428421,0.1635051777800744,144.36,-38.147
34710,1995-01-15 00:00:00,0.0516192813787299,-0.0847757249400784,0.1880142876975384,144.36,-38.147
34711,1995-01-16 00:00:00,0.0728834905394697,-0.063520114148067,0.2092870952270064,144.36,-38.147
34712,1995-01-17 00:00:00,0.0335271936483991,-0.1027358233024283,0.1697902105992265,144.36,-38.147
34713,1995-01-18 00:00:00,0.0421508342831055,-0.0941710769126536,0.1784727454788646,144.36,-38.147
34714,1995-01-19 00:00:00,-0.0085858112024623,-0.1450420603484734,0.1278704379435486,144.36,-38.147
34715,1995-01-20 00:00:00,0.1069190414501856,-0.0300928409274302,0.2439309238278015,144.36,-38.147
34716,1995-01-21 00:00:00,0.1982412304379223,0.0607019046635549,0.3357805562122896,144.36,-38.147
34717,1995-01-22 00:00:00,-0.0102255477972843,-0.1471294616268409,0.1266783660322722,144.36,-38.147
34718,1995-01-23 00:00:00,-0.0057477370775935,-0.1420501751270706,0.1305547009718835,144.36,-38.147
34719,1995-01-24 00:00:00,0.084903550046289,-0.0513795385158567,0.2211866386084348,144.36,-38.147
34720,1995-01-25 00:00:00,0.0196840873342408,-0.1166208319438906,0.1559890066123724,144.36,-38.147
34721,1995-01-26 00:00:00,0.0006493312482889,-0.1356234917724602,0.1369221542690381,144.36,-38.147
34722,1995-01-27 00:00:00,0.0163155406337569,-0.1200206340613018,0.1526517153288156,144.36,-38.147
34723,1995-01-28 00:00:00,0.0719483105470431,-0.0648244202256191,0.2087210413197053,144.36,-38.147
34724,1995-01-29 00:00:00,0.1201615505810672,-0.0164407328274618,0.2567638339895963,144.36,-38.147
34725,1995-01-30 00:00:00,0.1197049896773387,-0.0165234182680347,0.2559333976227123,144.36,-38.147
34726,1995-01-31 00:00:00,0.1869363758950039,0.0504530056718234,0.3234197461181843,144.36,-38.147
34727,1995-02-01 00:00:00,0.0031062315317536,-0.1332204747741198,0.1394329378376271,144.36,-38.147
34728,1995-02-02 00:00:00,0.0666188050777021,-0.069580114166411,0.2028177243218153,144.36,-38.147
34729,1995-02-03 00:00:00,0.2497656825351001,0.1134071944106705,0.3861241706595298,144.36,-38.147
34730,1995-02-04 00:00:00,0.0907222981915019,-0.0456024561828223,0.2270470525658261,144.36,-38.147
34731,1995-02-05 00:00:00,0.1308807729153336,-0.0054704094587528,0.26723195528942,144.36,-38.147
34732,1995-02-06 00:00:00,0.3089601545719497,0.172413434763405,0.4455068743804944,144.36,-38.147
34733,1995-02-07 00:00:00,0.0391204676015755,-0.0972159027491648,0.1754568379523159,144.36,-38.147
34734,1995-02-08 00:00:00,0.0458708458675599,-0.0903707106105029,0.1821124023456228,144.36,-38.147
34735,1995-02-09 00:00:00,0.0224428655900025,-0.1137447061550517,0.1586304373350568,144.36,-38.147
34736,1995-02-10 00:00:00,0.0461088334174308,-0.0900671687974489,0.1822848356323107,144.36,-38.147
34737,1995-02-11 00:00:00,0.0160210012431147,-0.120167097304535,0.1522090997907644,144.36,-38.147
34738,1995-02-12 00:00:00,0.0147193802011017,-0.1214908416126892,0.1509296020148927,144.36,-38.147
34739,1995-02-13 00:00:00,0.0543674898528614,-0.0818575036371361,0.1905924833428589,144.36,-38.147
34740,1995-02-14 00:00:00,0.0701673984532331,-0.0661195418518094,0.2064543387582756,144.36,-38.147
34741,1995-02-15 00:00:00,0.0327749098489852,-0.1035171487086514,0.169066968406622,144.36,-38.147
34742,1995-02-16 00:00:00,0.1415629270461919,0.0050232026443187,0.2781026514480651,144.36,-38.147
34743,1995-02-17 00:00:00,0.1148193336013602,-0.0216878391740304,0.2513265063767508,144.36,-38.147
34744,1995-02-18 00:00:00,0.0171167602915428,-0.1191894683293832,0.1534229889124689,144.36,-38.147
34745,1995-02-19 00:00:00,0.0201145424397062,-0.1161330699863377,0.1563621548657502,144.36,-38.147
34746,1995-02-20 00:00:00,0.0043648497379033,-0.1319339118579665,0.1406636113337731,144.36,-38.147
34747,1995-02-21 00:00:00,-0.0332646358191335,-0.1695503497286665,0.1030210780903994,144.36,-38.147
34748,1995-02-22 00:00:00,0.0427158422576289,-0.093580221942986,0.1790119064582438,144.36,-38.147
34749,1995-02-23 00:00:00,0.0328160054693549,-0.1036755955153614,0.1693076064540713,144.36,-38.147
34750,1995-02-24 00:00:00,-0.0435175953459687,-0.1797630445307886,0.0927278538388509,144.36,-38.147
34751,1995-02-25 00:00:00,0.0023926576824929,-0.13386443416908,0.1386497495340659,144.36,-38.147
34752,1995-02-26 00:00:00,0.0785450063601766,-0.057897454379275,0.2149874670996284,144.36,-38.147
34753,1995-02-27 00:00:00,0.0150989050355433,-0.1213050296438259,0.1515028397149125,144.36,-38.147
34754,1995-02-28 00:00:00,0.0233708598534047,-0.1129844357222061,0.1597261554290155,144.36,-38.147
34755,1995-03-01 00:00:00,0.0053549595232721,-0.1310899589720033,0.1417998780185476,144.36,-38.147
34756,1995-03-02 00:00:00,0.0014175844107001,-0.1349819228987329,0.1378170917201331,144.36,-38.147
34757,1995-03-03 00:00:00,-0.0492780963792042,-0.1857337080904315,0.087177515332023,144.36,-38.147
34758,1995-03-04 00:00:00,-0.0013741366359945,-0.1378047071803604,0.1350564339083712,144.36,-38.147
34759,1995-03-05 00:00:00,0.0558400473614469,-0.0804415992601805,0.1921216939830743,144.36,-38.147
34760,1995-03-06 00:00:00,0.0599255010105207,-0.076341285194663,0.1961922872157046,144.36,-38.147
34761,1995-03-07 00:00:00,-0.0030350286190146,-0.1393560110505899,0.1332859538125606,144.36,-38.147
34762,1995-03-08 00:00:00,0.1726908500056295,0.0362845445004021,0.3090971555108568,144.36,-38.147
34763,1995-03-09 00:00:00,0.1670112133860759,0.0306515164539606,0.3033709103181912,144.36,-38.147
34764,1995-03-10 00:00:00,0.0611359593003226,-0.075132488287208,0.1974044068878534,144.36,-38.147
34765,1995-03-11 00:00:00,-0.0061018987385288,-0.1423262175040948,0.130122420027037,144.36,-38.147
34766,1995-03-12 00:00:00,0.2201574839135055,0.0833930703587648,0.3569218974682462,144.36,-38.147
34767,1995-03-13 00:00:00,0.0997882287197619,-0.0368837054076646,0.2364601628471886,144.36,-38.147
34768,1995-03-14 00:00:00,0.0561659770032064,-0.0800693535694269,0.1924013075758398,144.36,-38.147
34769,1995-03-15 00:00:00,0.0138765525790976,-0.122451358495321,0.1502044636535163,144.36,-38.147
34770,1995-03-16 00:00:00,-0.0448767639688885,-0.1811580241185429,0.0914044961807657,144.36,-38.147
34771,1995-03-17 00:00:00,0.0487513411719596,-0.0874760024275903,0.1849786847715095,144.36,-38.147
34772,1995-03-18 00:00:00,0.1184128959362825,-0.0178223222683512,0.2546481141409163,144.36,-38.147
34773,1995-03-19 00:00:00,0.1061541139250892,-0.0300882273659499,0.2423964552161283,144.36,-38.147
34774,1995-03-20 00:00:00,0.062423984393696,-0.0738142593522538,0.198662228139646,144.36,-38.147
34775,1995-03-21 00:00:00,0.0881045225855507,-0.0481304408558707,0.2243394860269722,144.36,-38.147
34776,1995-03-22 00:00:00,0.123039540121771,-0.0131798741582677,0.2592589544018098,144.36,-38.147
34777,1995-03-23 00:00:00,0.0924517087796485,-0.043732096470844,0.2286355140301412,144.36,-38.147
34778,1995-03-24 00:00:00,0.1793816241115584,0.0427976187793639,0.3159656294437528,144.36,-38.147
34779,1995-03-25 00:00:00,0.1150689978235495,-0.0215808549477184,0.2517188505948174,144.36,-38.147
34780,1995-03-26 00:00:00,0.0158399173823863,-0.1204629959477762,0.1521428307125489,144.36,-38.147
34781,1995-03-27 00:00:00,0.1079549235861533,-0.0283056672851864,0.244215514457493,144.36,-38.147
34782,1995-03-28 00:00:00,0.0738613864015235,-0.0623394918671625,0.2100622646702096,144.36,-38.147
34783,1995-03-29 00:00:00,0.1067113564436967,-0.0294875656228595,0.2429102785102529,144.36,-38.147
34784,1995-03-30 00:00:00,0.1537560939196485,0.0174070489298081,0.2901051389094889,144.36,-38.147
34785,1995-03-31 00:00:00,0.1898788220773981,0.0530324682777428,0.3267251758770533,144.36,-38.147
34786,1995-04-01 00:00:00,0.0775470817145933,-0.0588843085996402,0.2139784720288268,144.36,-38.147
34787,1995-04-02 00:00:00,0.1665176179831033,0.0302074451430779,0.3028277908231288,144.36,-38.147
34788,1995-04-03 00:00:00,0.0112055702678671,-0.1251170540720498,0.1475281946077842,144.36,-38.147
34789,1995-04-04 00:00:00,0.0334629933613533,-0.102801454232494,0.1697274409552007,144.36,-38.147
34790,1995-04-05 00:00:00,0.1816786279130086,0.0451501992199969,0.3182070566060204,144.36,-38.147
34791,1995-04-06 00:00:00,0.110046909612409,-0.0264126735546433,0.2465064927794613,144.36,-38.147
34792,1995-04-07 00:00:00,0.1929219476094751,0.0556786621405482,0.3301652330784022,144.36,-38.147
34793,1995-04-08 00:00:00,0.2319973577289049,0.0945428352687509,0.369451880189059,144.36,-38.147
34794,1995-04-09 00:00:00,0.1460728670526346,0.0092473794013649,0.2828983547039043,144.36,-38.147
34795,1995-04-10 00:00:00,0.0795986579606865,-0.0576461807968575,0.2168434967182306,144.36,-38.147
34796,1995-04-11 00:00:00,-0.0108637943883418,-0.1479901813853739,0.1262625926086902,144.36,-38.147
34797,1995-04-12 00:00:00,-0.0298048988220348,-0.1660861961309901,0.1064763984869203,144.36,-38.147
34798,1995-04-13 00:00:00,-0.0261640413024237,-0.1623534838038756,0.110025401199028,144.36,-38.147
34799,1995-04-14 00:00:00,-0.0290011192939157,-0.1651800959082932,0.1071778573204617,144.36,-38.147
34800,1995-04-15 00:00:00,-0.0122830586447849,-0.1484815381391063,0.1239154208495364,144.36,-38.147
34801,1995-04-16 00:00:00,0.0558072851926723,-0.0808943907950822,0.1925089611804268,144.36,-38.147
34802,1995-04-17 00:00:00,0.3357190651657067,0.1985919346607958,0.4728461956706177,144.36,-38.147
34803,1995-04-18 00:00:00,0.0335293347043253,-0.1030128774218389,0.1700715468304896,144.36,-38.147
34804,1995-04-19 00:00:00,0.1861728327840894,0.049387289139518,0.3229583764286609,144.36,-38.147
34805,1995-04-20 00:00:00,0.0456093154738198,-0.0907474193914715,0.1819660503391111,144.36,-38.147
34806,1995-04-21 00:00:00,0.1537915096433302,0.0175607362427913,0.290022283043869,144.36,-38.147
34807,1995-04-22 00:00:00,0.032581868666606,-0.1036282643486128,0.1687920016818248,144.36,-38.147
34808,1995-04-23 00:00:00,0.0607047790290601,-0.0755709084463641,0.1969804665044844,144.36,-38.147
34809,1995-04-24 00:00:00,0.2064300101033595,0.069889651883386,0.342970368323333,144.36,-38.147
34810,1995-04-25 00:00:00,0.0645402900448614,-0.0718541864410779,0.2009347665308009,144.36,-38.147
34811,1995-04-26 00:00:00,0.1208518153544459,-0.0153742172639316,0.2570778479728235,144.36,-38.147
34812,1995-04-27 00:00:00,0.0285835248097638,-0.1076035302483063,0.164770579867834,144.36,-38.147
34813,1995-04-28 00:00:00,-0.006350673482532,-0.1426639764501254,0.1299626294850614,144.36,-38.147
34814,1995-04-29 00:00:00,0.0339923791896467,-0.1023623761121123,0.1703471344914057,144.36,-38.147
34815,1995-04-30 00:00:00,0.1321512579012895,-0.0043671603391898,0.2686696761417688,144.36,-38.147
34816,1995-05-01 00:00:00,0.1281399366671537,-0.0081748570075793,0.2644547303418868,144.36,-38.147
34817,1995-05-02 00:00:00,0.0775843281099227,-0.0586567647085624,0.2138254209284078,144.36,-38.147
34818,1995-05-03 00:00:00,0.0681535405949743,-0.0681896847971505,0.2044967659870992,144.36,-38.147
34819,1995-05-04 00:00:00,0.0188149934700487,-0.1175749474800815,0.1552049344201789,144.36,-38.147
34820,1995-05-05 00:00:00,-0.0037447115521571,-0.1399838435699972,0.1324944204656828,144.36,-38.147
34821,1995-05-06 00:00:00,-0.0271040052322941,-0.1633379088427275,0.1091298983781392,144.36,-38.147
34822,1995-05-07 00:00:00,-0.0652705237456466,-0.2014980644305034,0.0709570169392102,144.36,-38.147
34823,1995-05-08 00:00:00,-0.0668613131265655,-0.2030680054849145,0.0693453792317834,144.36,-38.147
34824,1995-05-09 00:00:00,-0.0453122748245514,-0.1815195592629263,0.0908950096138233,144.36,-38.147
34825,1995-05-10 00:00:00,0.0173574938121835,-0.1189068567071636,0.1536218443315308,144.36,-38.147
34826,1995-05-11 00:00:00,0.062586596171033,-0.0736514464336492,0.1988246387757153,144.36,-38.147
34827,1995-05-12 00:00:00,0.0673389757931047,-0.0689409531194301,0.2036189047056396,144.36,-38.147
34828,1995-05-13 00:00:00,0.1728314978069281,0.0359547449687989,0.3097082506450573,144.36,-38.147
34829,1995-05-14 00:00:00,0.3260862689977891,0.1892789754328316,0.4628935625627465,144.36,-38.147
34830,1995-05-15 00:00:00,0.116325565620964,-0.0201504008403014,0.2528015320822295,144.36,-38.147
34831,1995-05-16 00:00:00,0.027863047343673,-0.1084890805699179,0.164215175257264,144.36,-38.147
34832,1995-05-17 00:00:00,-0.0009525767715765,-0.1371837329892284,0.1352785794460753,144.36,-38.147
34833,1995-05-18 00:00:00,-0.0099878258267622,-0.1462056426908781,0.1262299910373536,144.36,-38.147
34834,1995-05-19 00:00:00,0.0435751645006984,-0.0926761063148964,0.1798264353162933,144.36,-38.147
34835,1995-05-20 00:00:00,0.0884930248068753,-0.0477372897907706,0.2247233394045214,144.36,-38.147
34836,1995-05-21 00:00:00,0.0064978835974132,-0.1297198843657465,0.1427156515605729,144.36,-38.147
34837,1995-05-22 00:00:00,-0.0184382957986767,-0.1546314551253885,0.1177548635280349,144.36,-38.147
34838,1995-05-23 00:00:00,-0.0131996328854074,-0.1494262624229717,0.1230269966521568,144.36,-38.147
34839,1995-05-24 00:00:00,-0.0198543527059232,-0.1561703043817212,0.1164615989698747,144.36,-38.147
34840,1995-05-25 00:00:00,0.177838018771801,0.0398407839886334,0.3158352535549686,144.36,-38.147
34841,1995-05-26 00:00:00,0.4576018698564234,0.3195185396158471,0.5956852000969998,144.36,-38.147
34842,1995-05-27 00:00:00,0.1463034624154532,0.0087217427738842,0.2838851820570223,144.36,-38.147
34843,1995-05-28 00:00:00,0.0167705485943404,-0.1197198350624941,0.1532609322511749,144.36,-38.147
34844,1995-05-29 00:00:00,0.0081149089819785,-0.1280697201962842,0.1442995381602413,144.36,-38.147
34845,1995-05-30 00:00:00,0.0218823161683258,-0.1143059334757417,0.1580705658123933,144.36,-38.147
34846,1995-05-31 00:00:00,0.0578582753205604,-0.0783772869250859,0.1940938375662067,144.36,-38.147
34847,1995-06-01 00:00:00,-0.0054892601764039,-0.1416863393030027,0.1307078189501949,144.36,-38.147
34848,1995-06-02 00:00:00,-0.0127714917243527,-0.1489877930292656,0.1234448095805601,144.36,-38.147
34849,1995-06-03 00:00:00,-0.0384372249424884,-0.1746715414859535,0.0977970916009767,144.36,-38.147
34850,1995-06-04 00:00:00,-0.0603278733912578,-0.1965594647586414,0.0759037179761256,144.36,-38.147
34851,1995-06-05 00:00:00,-0.0359638039607007,-0.1722029198194718,0.1002753118980702,144.36,-38.147
34852,1995-06-06 00:00:00,-0.0442584217616874,-0.1806624314554106,0.0921455879320356,144.36,-38.147
34853,1995-06-07 00:00:00,0.0576471276584819,-0.0789388141265099,0.1942330694434738,144.36,-38.147
34854,1995-06-08 00:00:00,0.0956365049263905,-0.0409334386523618,0.2322064485051428,144.36,-38.147
34855,1995-06-09 00:00:00,0.0801157952348852,-0.0567129034145942,0.2169444938843646,144.36,-38.147
34856,1995-06-10 00:00:00,0.2258078133700008,0.0888963658503696,0.362719260889632,144.36,-38.147
34857,1995-06-11 00:00:00,0.506458333845549,0.3688119407304339,0.644104726960664,144.36,-38.147
34858,1995-06-12 00:00:00,0.09263681036569,-0.0447998172149894,0.2300734379463696,144.36,-38.147
34859,1995-06-13 00:00:00,-0.0126951349157579,-0.1492376857770668,0.1238474159455508,144.36,-38.147
34860,1995-06-14 00:00:00,0.0433156137911758,-0.0929279771145572,0.179559204696909,144.36,-38.147
34861,1995-06-15 00:00:00,0.071967906191533,-0.0642527852485745,0.2081885976316406,144.36,-38.147
34862,1995-06-16 00:00:00,0.0698535173675698,-0.0663980581954448,0.2061050929305846,144.36,-38.147
34863,1995-06-17 00:00:00,-0.0463679294207375,-0.1835955297636335,0.0908596709221584,144.36,-38.147
34864,1995-06-18 00:00:00,-0.0796491758520597,-0.2168429154716,0.0575445637674806,144.36,-38.147
34865,1995-06-19 00:00:00,-0.0722855335834511,-0.20888753415297,0.0643164669860678,144.36,-38.147
34866,1995-06-20 00:00:00,-0.0569802140791202,-0.1934659861236682,0.0795055579654277,144.36,-38.147
34867,1995-06-21 00:00:00,-0.0304392804840441,-0.1671211220324424,0.106242561064354,144.36,-38.147
34868,1995-06-22 00:00:00,-0.1139945472931718,-0.2505131650655457,0.0225240704792019,144.36,-38.147
34869,1995-06-23 00:00:00,-0.0409611317197676,-0.1772159773457189,0.0952937139061836,144.36,-38.147
34870,1995-06-24 00:00:00,-0.0037368892784556,-0.1401279377197316,0.1326541591628202,144.36,-38.147
34871,1995-06-25 00:00:00,0.0906113545311331,-0.0460900061607982,0.2273127152230645,144.36,-38.147
34872,1995-06-26 00:00:00,0.1051602429831827,-0.0313574022095844,0.2416778881759499,144.36,-38.147
34873,1995-06-27 00:00:00,0.1285709839545104,-0.0079348085970252,0.265076776506046,144.36,-38.147
34874,1995-06-28 00:00:00,0.1783487243957381,0.0419436958362074,0.3147537529552687,144.36,-38.147
34875,1995-06-29 00:00:00,0.3579154489348431,0.2213099064569039,0.4945209914127823,144.36,-38.147
34876,1995-06-30 00:00:00,0.1141772813702702,-0.0223979300992068,0.2507524928397473,144.36,-38.147
34877,1995-07-01 00:00:00,0.3803867226894383,0.2432655342107974,0.5175079111680791,144.36,-38.147
34878,1995-07-02 00:00:00,0.0380040532091763,-0.0989290874292582,0.1749371938476108,144.36,-38.147
34879,1995-07-03 00:00:00,0.256681739017029,0.1201551127144099,0.3932083653196481,144.36,-38.147
34880,1995-07-04 00:00:00,0.0828701831032041,-0.0535564954275375,0.2192968616339458,144.36,-38.147
34881,1995-07-05 00:00:00,0.0812662524860563,-0.0551671835812873,0.2176996885533999,144.36,-38.147
34882,1995-07-06 00:00:00,0.0382461765220465,-0.0982035467826689,0.1746958998267619,144.36,-38.147
34883,1995-07-07 00:00:00,-0.0349737979024918,-0.1712449101624946,0.101297314357511,144.36,-38.147
34884,1995-07-08 00:00:00,-0.0073651293244563,-0.1435776457325449,0.1288473870836322,144.36,-38.147
34885,1995-07-09 00:00:00,0.0025739667767632,-0.1336599026522412,0.1388078362057676,144.36,-38.147
34886,1995-07-10 00:00:00,0.0250327187243865,-0.1114453034600513,0.1615107409088244,144.36,-38.147
34887,1995-07-11 00:00:00,0.2535360968033574,0.1167968359130135,0.3902753576937012,144.36,-38.147
34888,1995-07-12 00:00:00,0.2496903042209354,0.1132751238279861,0.3861054846138846,144.36,-38.147
34889,1995-07-13 00:00:00,0.1281515138147224,-0.0083782133197647,0.2646812409492096,144.36,-38.147
34890,1995-07-14 00:00:00,0.5896005104977078,0.4520380027965152,0.7271630181989004,144.36,-38.147
34891,1995-07-15 00:00:00,0.1754046739244429,0.038399325957436,0.3124100218914499,144.36,-38.147
34892,1995-07-16 00:00:00,0.1166812782947364,-0.0196855831486421,0.2530481397381151,144.36,-38.147
34893,1995-07-17 00:00:00,0.1402706326334576,0.0034887409844286,0.2770525242824865,144.36,-38.147
34894,1995-07-18 00:00:00,0.2613803299677057,0.1246443868430841,0.3981162730923273,144.36,-38.147
34895,1995-07-19 00:00:00,0.2074601470080043,0.0708770775921447,0.344043216423864,144.36,-38.147
34896,1995-07-20 00:00:00,0.0252099316464524,-0.1112039054420888,0.1616237687349938,144.36,-38.147
34897,1995-07-21 00:00:00,-0.0528683021099074,-0.1898124090675527,0.0840758048477379,144.36,-38.147
34898,1995-07-22 00:00:00,0.0873208862880838,-0.0501087255959711,0.2247504981721388,144.36,-38.147
34899,1995-07-23 00:00:00,0.2493062552800923,0.1125365419716687,0.386075968588516,144.36,-38.147
34900,1995-07-24 00:00:00,0.1484783174592205,0.011939486468966,0.285017148449475,144.36,-38.147
34901,1995-07-25 00:00:00,0.0120123743975814,-0.1242974270653063,0.1483221758604692,144.36,-38.147
34902,1995-07-26 00:00:00,0.0210289330877273,-0.1152718857520374,0.1573297519274921,144.36,-38.147
34903,1995-07-27 00:00:00,0.130290858093587,-0.00607819414996,0.2666599103371341,144.36,-38.147
34904,1995-07-28 00:00:00,0.123904624656484,-0.0123646253424265,0.2601738746553946,144.36,-38.147
34905,1995-07-29 00:00:00,0.18283247685266,0.0464082119838382,0.3192567417214819,144.36,-38.147
34906,1995-07-30 00:00:00,-0.0129154927380821,-0.1495172576844853,0.123686272208321,144.36,-38.147
34907,1995-07-31 00:00:00,0.187035247698677,0.0496535249489746,0.3244169704483794,144.36,-38.147
34908,1995-08-01 00:00:00,0.0961671371741455,-0.0404161307573954,0.2327504051056865,144.36,-38.147
34909,1995-08-02 00:00:00,0.1800901334208807,0.0425627833649524,0.3176174834768089,144.36,-38.147
34910,1995-08-03 00:00:00,0.0926529880962451,-0.0439674898742514,0.2292734660667417,144.36,-38.147
34911,1995-08-04 00:00:00,0.0699110076694096,-0.0664039994887094,0.2062260148275286,144.36,-38.147
34912,1995-08-05 00:00:00,0.0229954978483983,-0.1133890920486838,0.1593800877454806,144.36,-38.147
34913,1995-08-06 00:00:00,0.0537367158151832,-0.0830243707401934,0.1904978023705598,144.36,-38.147
34914,1995-08-07 00:00:00,-0.0403260949207241,-0.1773513488829259,0.0966991590414775,144.36,-38.147
34915,1995-08-08 00:00:00,-0.0821341068951312,-0.2188280398742103,0.0545598260839477,144.36,-38.147
34916,1995-08-09 00:00:00,-0.0367021500662699,-0.1732165476125362,0.0998122474799964,144.36,-38.147
34917,1995-08-10 00:00:00,-0.0489844089530824,-0.1852025199737711,0.0872337020676063,144.36,-38.147
34918,1995-08-11 00:00:00,-0.0394817995149348,-0.1757742605546748,0.0968106615248051,144.36,-38.147
34919,1995-08-12 00:00:00,-0.0144729158818281,-0.1507813578355729,0.1218355260719165,144.36,-38.147
34920,1995-08-13 00:00:00,-0.0267794864084608,-0.1630102214598141,0.1094512486428924,144.36,-38.147
34921,1995-08-14 00:00:00,-0.012721484374628,-0.1489484817582112,0.123505513008955,144.36,-38.147
34922,1995-08-15 00:00:00,0.0322055587665437,-0.1040749930418465,0.1684861105749341,144.36,-38.147
34923,1995-08-16 00:00:00,0.0756728189644437,-0.0606738498913667,0.2120194878202541,144.36,-38.147
34924,1995-08-17 00:00:00,0.1596190755106587,0.0230596643925099,0.2961784866288074,144.36,-38.147
34925,1995-08-18 00:00:00,0.1269819922518606,-0.0096514576803063,0.2636154421840275,144.36,-38.147
34926,1995-08-19 00:00:00,0.0493133622729617,-0.0869646230254636,0.1855913475713871,144.36,-38.147
34927,1995-08-20 00:00:00,0.0155627709715938,-0.120747197151948,0.1518727390951358,144.36,-38.147
34928,1995-08-21 00:00:00,0.1749034620794453,0.0384433029672604,0.3113636211916303,144.36,-38.147
34929,1995-08-22 00:00:00,0.0577523030187933,-0.0785213668094669,0.1940259728470537,144.36,-38.147
34930,1995-08-23 00:00:00,0.2806355508611511,0.1435776281052072,0.4176934736170951,144.36,-38.147
34931,1995-08-24 00:00:00,-0.0094631206600619,-0.146391033787139,0.127464792467015,144.36,-38.147
34932,1995-08-25 00:00:00,0.0417311336580307,-0.0951927117059132,0.1786549790219748,144.36,-38.147
34933,1995-08-26 00:00:00,0.1865201905126235,0.0492134453541354,0.3238269356711116,144.36,-38.147
34934,1995-08-27 00:00:00,0.1486806458672239,0.0118960146790161,0.2854652770554317,144.36,-38.147
34935,1995-08-28 00:00:00,-0.0239504746298851,-0.1604032810012789,0.1125023317415085,144.36,-38.147
34936,1995-08-29 00:00:00,-0.0146601504197453,-0.1509378954054944,0.1216175945660036,144.36,-38.147
34937,1995-08-30 00:00:00,0.2266353974298022,0.0891582642355867,0.3641125306240177,144.36,-38.147
34938,1995-08-31 00:00:00,0.1600446042936219,0.0224805477316938,0.29760866085555,144.36,-38.147
34939,1995-09-01 00:00:00,0.2308240173901794,0.0940419929351451,0.3676060418452136,144.36,-38.147
34940,1995-09-02 00:00:00,0.0463637526217226,-0.0899661141214374,0.1826936193648826,144.36,-38.147
34941,1995-09-03 00:00:00,0.0651790994772192,-0.0712621451752508,0.2016203441296893,144.36,-38.147
34942,1995-09-04 00:00:00,0.2323797833025534,0.0955300558968772,0.3692295107082296,144.36,-38.147
34943,1995-09-05 00:00:00,0.11964705746556,-0.0173094650933331,0.2566035800244533,144.36,-38.147
34944,1995-09-06 00:00:00,0.0259062678031511,-0.1108501378825401,0.1626626734888424,144.36,-38.147
34945,1995-09-07 00:00:00,-0.0112125685794455,-0.1474767757109455,0.1250516385520544,144.36,-38.147
34946,1995-09-08 00:00:00,-0.0172861430055426,-0.1535860535631817,0.1190137675520963,144.36,-38.147
34947,1995-09-09 00:00:00,0.1370582047878053,0.0006615873605232,0.2734548222150874,144.36,-38.147
34948,1995-09-10 00:00:00,0.0743997579135436,-0.0619160075729375,0.2107155234000248,144.36,-38.147
34949,1995-09-11 00:00:00,0.1382964470006564,0.0020351368663084,0.2745577571350045,144.36,-38.147
34950,1995-09-12 00:00:00,0.0376646984558784,-0.0985577488460476,0.1738871457578044,144.36,-38.147
34951,1995-09-13 00:00:00,-0.006194375747039,-0.1425741098141696,0.1301853583200914,144.36,-38.147
34952,1995-09-14 00:00:00,0.1216338050457433,-0.0148237400443073,0.258091350135794,144.36,-38.147
34953,1995-09-15 00:00:00,0.0452018428468552,-0.0911060313558243,0.1815097170495348,144.36,-38.147
34954,1995-09-16 00:00:00,0.0479364684252264,-0.0883371683579187,0.1842101052083717,144.36,-38.147
34955,1995-09-17 00:00:00,0.0081006015653732,-0.128141107266298,0.1443423103970444,144.36,-38.147
34956,1995-09-18 00:00:00,-0.0440126658243864,-0.1802139392035754,0.0921886075548025,144.36,-38.147
34957,1995-09-19 00:00:00,0.1439436389827578,0.0074795728895949,0.2804077050759206,144.36,-38.147
34958,1995-09-20 00:00:00,0.174194624683789,0.0377048774903407,0.3106843718772373,144.36,-38.147
34959,1995-09-21 00:00:00,0.2505005579499769,0.1138403635909699,0.3871607523089838,144.36,-38.147
34960,1995-09-22 00:00:00,0.1158742260695444,-0.0205765312258554,0.2523249833649444,144.36,-38.147
34961,1995-09-23 00:00:00,0.1118098593935203,-0.0244427557725507,0.2480624745595914,144.36,-38.147
34962,1995-09-24 00:00:00,0.0536309764828232,-0.0830312149895693,0.1902931679552159,144.36,-38.147
34963,1995-09-25 00:00:00,8.203434781547253e-05,-0.1366008102831358,0.1367648789787667,144.36,-38.147
34964,1995-09-26 00:00:00,-0.0423962164370245,-0.1789519932474387,0.0941595603733896,144.36,-38.147
34965,1995-09-27 00:00:00,0.0051159828766943,-0.1311459902618727,0.1413779560152613,144.36,-38.147
34966,1995-09-28 00:00:00,-0.0065626722542794,-0.142931588022848,0.1298062435142891,144.36,-38.147
34967,1995-09-29 00:00:00,-0.0562803938418292,-0.1926702025814363,0.0801094148977777,144.36,-38.147
34968,1995-09-30 00:00:00,0.0018910251889656,-0.1344444321291942,0.1382264825071256,144.36,-38.147
34969,1995-10-01 00:00:00,0.1424180371710051,0.0061407961932662,0.278695278148744,144.36,-38.147
34970,1995-10-02 00:00:00,0.1447299918607705,0.0085035192637823,0.2809564644577587,144.36,-38.147
34971,1995-10-03 00:00:00,0.1488714475952355,0.0124898201107469,0.2852530750797242,144.36,-38.147
34972,1995-10-04 00:00:00,0.0363900336676461,-0.0999125303834906,0.1726925977187828,144.36,-38.147
34973,1995-10-05 00:00:00,0.0160850552159088,-0.1205964495910786,0.1527665600228962,144.36,-38.147
34974,1995-10-06 00:00:00,0.2200424139541093,0.0832138078427701,0.3568710200654486,144.36,-38.147
34975,1995-10-07 00:00:00,0.2073381382325805,0.0708942519207764,0.3437820245443845,144.36,-38.147
34976,1995-10-08 00:00:00,0.1931084191929716,0.0564190009608159,0.3297978374251273,144.36,-38.147
34977,1995-10-09 00:00:00,-0.004842542179421,-0.1410949820560132,0.1314098976971711,144.36,-38.147
34978,1995-10-10 00:00:00,0.027315462099866,-0.1090899531987284,0.1637208773984605,144.36,-38.147
34979,1995-10-11 00:00:00,0.152929056408949,0.0164522439123286,0.2894058689055693,144.36,-38.147
34980,1995-10-12 00:00:00,-0.0060637245031209,-0.1424919003097564,0.1303644513035145,144.36,-38.147
34981,1995-10-13 00:00:00,0.3496585729480613,0.2125603408853274,0.4867568050107953,144.36,-38.147
34982,1995-10-14 00:00:00,0.0644617907121589,-0.0729764380034627,0.2019000194277806,144.36,-38.147
34983,1995-10-15 00:00:00,-0.0430140588978159,-0.1794898745712318,0.0934617567755999,144.36,-38.147
34984,1995-10-16 00:00:00,-0.0370765789090946,-0.1732981996797167,0.0991450418615274,144.36,-38.147
34985,1995-10-17 00:00:00,0.0515927260277252,-0.0847566959924926,0.1879421480479431,144.36,-38.147
34986,1995-10-18 00:00:00,0.1200946095734961,-0.0164928281044932,0.2566820472514855,144.36,-38.147
34987,1995-10-19 00:00:00,0.0087384441585564,-0.1280173053298622,0.1454941936469752,144.36,-38.147
34988,1995-10-20 00:00:00,0.1550696973346808,0.0177579572436909,0.2923814374256707,144.36,-38.147
34989,1995-10-21 00:00:00,-0.0822175848200961,-0.2191376692302191,0.0547024995900269,144.36,-38.147
34990,1995-10-22 00:00:00,-0.0530725067252171,-0.1906518183422694,0.0845068048918351,144.36,-38.147
34991,1995-10-23 00:00:00,-0.0040884090011657,-0.1421863496239756,0.1340095316216442,144.36,-38.147
34992,1995-10-24 00:00:00,0.0063260150652545,-0.1305358927512876,0.1431879228817967,144.36,-38.147
34993,1995-10-25 00:00:00,0.0549736037538805,-0.0812300917383502,0.1911772992461113,144.36,-38.147
34994,1995-10-26 00:00:00,0.0628379277025439,-0.073376221920012,0.1990520773250999,144.36,-38.147
34995,1995-10-27 00:00:00,0.0208092308981532,-0.1153892526777668,0.1570077144740733,144.36,-38.147
34996,1995-10-28 00:00:00,0.010938641415417,-0.1253342210622119,0.147211503893046,144.36,-38.147
34997,1995-10-29 00:00:00,0.0652249340952486,-0.0710429476436434,0.2014928158341406,144.36,-38.147
34998,1995-10-30 00:00:00,0.0303694247593642,-0.1059358781112639,0.1666747276299923,144.36,-38.147
34999,1995-10-31 00:00:00,-0.0090337398473397,-0.1453545362221178,0.1272870565274382,144.36,-38.147
35000,1995-11-01 00:00:00,-0.0147997898296964,-0.1511223013909657,0.1215227217315729,144.36,-38.147
35001,1995-11-02 00:00:00,0.1563545275419497,0.0197771684945846,0.2929318865893147,144.36,-38.147
35002,1995-11-03 00:00:00,0.1417569395311009,0.0053955472871924,0.2781183317750095,144.36,-38.147
35003,1995-11-04 00:00:00,0.1240846822534399,-0.012253277941894,0.260422642448774,144.36,-38.147
35004,1995-11-05 00:00:00,0.0869072292739007,-0.050026345811314,0.2238408043591155,144.36,-38.147
35005,1995-11-06 00:00:00,-0.002430277154897,-0.1405284302202996,0.1356678759105055,144.36,-38.147
35006,1995-11-07 00:00:00,0.0240456364163618,-0.1138505992506648,0.1619418720833885,144.36,-38.147
35007,1995-11-08 00:00:00,0.0739497220818553,-0.0624747009575023,0.210374145121213,144.36,-38.147
35008,1995-11-09 00:00:00,0.0160435156663961,-0.1205523654610983,0.1526393967938906,144.36,-38.147
35009,1995-11-10 00:00:00,0.3724801712900423,0.2350471052305126,0.509913237349572,144.36,-38.147
35010,1995-11-11 00:00:00,0.1862903052551955,0.0491647306819346,0.3234158798284564,144.36,-38.147
35011,1995-11-12 00:00:00,0.0061714790482284,-0.1300635784914231,0.1424065365878801,144.36,-38.147
35012,1995-11-13 00:00:00,-0.0482563226413967,-0.1845246436623669,0.0880119983795734,144.36,-38.147
35013,1995-11-14 00:00:00,0.1057103572105136,-0.0307739124711701,0.2421946268921975,144.36,-38.147
35014,1995-11-15 00:00:00,0.203572212593155,0.0671122395740862,0.3400321856122238,144.36,-38.147
35015,1995-11-16 00:00:00,0.0212835020119168,-0.1149690796706905,0.1575360836945241,144.36,-38.147
35016,1995-11-17 00:00:00,-0.007199531503733,-0.1434221706558897,0.1290231076484237,144.36,-38.147
35017,1995-11-18 00:00:00,0.1456736637076068,0.0093314616890452,0.2820158657261685,144.36,-38.147
35018,1995-11-19 00:00:00,0.0869168327183615,-0.0495960548792916,0.2234297203160146,144.36,-38.147
35019,1995-11-20 00:00:00,-0.0408116282896295,-0.1778621549601854,0.0962388983809263,144.36,-38.147
35020,1995-11-21 00:00:00,0.0020267838213205,-0.1347864569295648,0.1388400245722059,144.36,-38.147
35021,1995-11-22 00:00:00,0.1473292848024958,0.0106892132165357,0.283969356388456,144.36,-38.147
35022,1995-11-23 00:00:00,0.138572091292078,0.0022712089451873,0.2748729736389687,144.36,-38.147
35023,1995-11-24 00:00:00,0.1129083704906047,-0.0233954368461843,0.2492121778273938,144.36,-38.147
35024,1995-11-25 00:00:00,0.055147520010331,-0.0813659316621624,0.1916609716828246,144.36,-38.147
35025,1995-11-26 00:00:00,-0.0396103444016421,-0.1761423219295949,0.0969216331263107,144.36,-38.147
35026,1995-11-27 00:00:00,0.161843806841728,0.0252031459504042,0.2984844677330517,144.36,-38.147
35027,1995-11-28 00:00:00,0.1703369824914753,0.0335068037280549,0.3071671612548958,144.36,-38.147
35028,1995-11-29 00:00:00,0.1974605655479086,0.0607346020119446,0.3341865290838727,144.36,-38.147
35029,1995-11-30 00:00:00,0.1517145004249644,0.0152559580362059,0.2881730428137229,144.36,-38.147
35030,1995-12-01 00:00:00,0.2107260997088808,0.0743713117097439,0.3470808877080177,144.36,-38.147
35031,1995-12-02 00:00:00,0.0848825055849498,-0.0513317764509751,0.2210967876208747,144.36,-38.147
35032,1995-12-03 00:00:00,0.074538803529098,-0.0617344697742934,0.2108120768324895,144.36,-38.147
35033,1995-12-04 00:00:00,0.1529086947959465,0.0164048733951152,0.2894125161967777,144.36,-38.147
35034,1995-12-05 00:00:00,0.1222105948629137,-0.0143788544992315,0.2588000442250591,144.36,-38.147
35035,1995-12-06 00:00:00,0.0684955692438342,-0.0681309118048136,0.2051220502924821,144.36,-38.147
35036,1995-12-07 00:00:00,0.0451486102309864,-0.0912667861435923,0.1815640066055653,144.36,-38.147
35037,1995-12-08 00:00:00,0.0446184411966367,-0.091566665762315,0.1808035481555885,144.36,-38.147
35038,1995-12-09 00:00:00,-0.0107528146052121,-0.1477880736404618,0.1262824444300376,144.36,-38.147
35039,1995-12-10 00:00:00,0.3121930401502519,0.1747532012940554,0.4496328790064484,144.36,-38.147
35040,1995-12-11 00:00:00,0.2059930378694468,0.0696362272553109,0.3423498484835826,144.36,-38.147
35041,1995-12-12 00:00:00,0.1094566423725136,-0.02685274970453,0.2457660344495572,144.36,-38.147
35042,1995-12-13 00:00:00,0.0450012920411465,-0.0912345890974698,0.1812371731797629,144.36,-38.147
35043,1995-12-14 00:00:00,0.0728673191986287,-0.0633644724811198,0.2090991108783772,144.36,-38.147
35044,1995-12-15 00:00:00,-0.0029211843216249,-0.139122978786571,0.133280610143321,144.36,-38.147
35045,1995-12-16 00:00:00,0.0512325860148767,-0.08505042939619,0.1875156014259435,144.36,-38.147
35046,1995-12-17 00:00:00,0.035671675471693,-0.1006354962039275,0.1719788471473136,144.36,-38.147
35047,1995-12-18 00:00:00,0.437504455100404,0.3003274115089618,0.5746814986918463,144.36,-38.147
35048,1995-12-19 00:00:00,0.3501688638810484,0.212778717605317,0.4875590101567798,144.36,-38.147
35049,1995-12-20 00:00:00,0.1211758949462293,-0.0165389299382832,0.2588907198307418,144.36,-38.147
35050,1995-12-21 00:00:00,0.0156149104135398,-0.1214023415900204,0.1526321624171001,144.36,-38.147
35051,1995-12-22 00:00:00,0.0019854448843616,-0.1344938910821828,0.138464780850906,144.36,-38.147
35052,1995-12-23 00:00:00,0.0456830370208412,-0.0911269123069471,0.1824929863486296,144.36,-38.147
35053,1995-12-24 00:00:00,-0.0316891518203927,-0.1684825734491986,0.105104269808413,144.36,-38.147
35054,1995-12-25 00:00:00,0.0092955807265942,-0.1269795900825796,0.145570751535768,144.36,-38.147
35055,1995-12-26 00:00:00,0.0093775933670378,-0.1269187132905345,0.1456739000246103,144.36,-38.147
35056,1995-12-27 00:00:00,0.0673191422584281,-0.0689891951305563,0.2036274796474126,144.36,-38.147
35057,1995-12-28 00:00:00,0.0997992278100785,-0.0365772406076782,0.2361756962278352,144.36,-38.147
35058,1995-12-29 00:00:00,0.0316408812655061,-0.104587268127168,0.1678690306581803,144.36,-38.147
35059,1995-12-30 00:00:00,0.0223164295514502,-0.113898205618297,0.1585310647211976,144.36,-38.147
35060,1995-12-31 00:00:00,-0.0083064708663466,-0.1445661520637963,0.1279532103311029,144.36,-38.147
35061,1996-01-01 00:00:00,0.0347556309703488,-0.1015905619137252,0.1711018238544228,144.36,-38.147
35062,1996-01-02 00:00:00,0.0859542082780736,-0.0507450740998633,0.2226534906560106,144.36,-38.147
35063,1996-01-03 00:00:00,0.048918246170704,-0.0877954231994102,0.1856319155408183,144.36,-38.147
35064,1996-01-04 00:00:00,-0.0257965475770747,-0.162391410153069,0.1107983149989195,144.36,-38.147
35065,1996-01-05 00:00:00,-0.0041978728345125,-0.1405612414516268,0.1321654957826017,144.36,-38.147
35066,1996-01-06 00:00:00,0.0154993567590516,-0.1207803291171856,0.151779042635289,144.36,-38.147
35067,1996-01-07 00:00:00,0.0196664007735123,-0.1166366777194461,0.1559694792664709,144.36,-38.147
35068,1996-01-08 00:00:00,0.0043978241312738,-0.1319031231086713,0.1406987713712191,144.36,-38.147
35069,1996-01-09 00:00:00,0.0253026040224697,-0.1109903248993981,0.1615955329443377,144.36,-38.147
35070,1996-01-10 00:00:00,0.0349503738957936,-0.1013932520704579,0.1712939998620453,144.36,-38.147
35071,1996-01-11 00:00:00,0.0045509386381875,-0.1317273549597785,0.1408292322361536,144.36,-38.147
35072,1996-01-12 00:00:00,0.0541855248627132,-0.0820956444541947,0.1904666941796212,144.36,-38.147
35073,1996-01-13 00:00:00,0.0197839873387049,-0.1164023485719187,0.1559703232493286,144.36,-38.147
35074,1996-01-14 00:00:00,0.0147004216154165,-0.121607586159229,0.1510084293900622,144.36,-38.147
35075,1996-01-15 00:00:00,0.2239820938293389,0.0872090253496853,0.3607551623089926,144.36,-38.147
35076,1996-01-16 00:00:00,0.1074523817043039,-0.0290799694863087,0.2439847328949166,144.36,-38.147
35077,1996-01-17 00:00:00,0.0116911399208898,-0.1246112811372372,0.147993560979017,144.36,-38.147
35078,1996-01-18 00:00:00,0.0109249927351764,-0.1253267973923777,0.1471767828627306,144.36,-38.147
35079,1996-01-19 00:00:00,-0.0011382278534408,-0.1373829775537784,0.1351065218468968,144.36,-38.147
35080,1996-01-20 00:00:00,0.133071837808079,-0.0036966113263037,0.2698402869424617,144.36,-38.147
35081,1996-01-21 00:00:00,0.2599618022704685,0.122681055009402,0.3972425495315351,144.36,-38.147
35082,1996-01-22 00:00:00,0.1218934736893003,-0.0143781432359673,0.258165090614568,144.36,-38.147
35083,1996-01-23 00:00:00,-0.0051554183938112,-0.1414743474141002,0.1311635106264778,144.36,-38.147
35084,1996-01-24 00:00:00,0.0391034892046207,-0.0977025325843368,0.1759095109935783,144.36,-38.147
35085,1996-01-25 00:00:00,0.3296103303977624,0.1921748810160182,0.4670457797795067,144.36,-38.147
35086,1996-01-26 00:00:00,0.27308979442104,0.1353019546024242,0.4108776342396557,144.36,-38.147
35087,1996-01-27 00:00:00,0.2972341115246311,0.159806655292036,0.4346615677572261,144.36,-38.147
35088,1996-01-28 00:00:00,0.1225625037207443,-0.0137393055062225,0.2588643129477111,144.36,-38.147
35089,1996-01-29 00:00:00,0.1025671107679817,-0.0337149175885051,0.2388491391244686,144.36,-38.147
35090,1996-01-30 00:00:00,0.0761432514288848,-0.0601441838796044,0.2124306867373741,144.36,-38.147
35091,1996-01-31 00:00:00,0.3034971857112482,0.1666001304146484,0.4403942410078479,144.36,-38.147
35092,1996-02-01 00:00:00,0.551767574174658,0.4136106688835944,0.6899244794657217,144.36,-38.147
35093,1996-02-02 00:00:00,0.2373731306629628,0.1000941447326722,0.3746521165932533,144.36,-38.147
35094,1996-02-03 00:00:00,0.1351879555758058,-0.001125743152821,0.2715016543044326,144.36,-38.147
35095,1996-02-04 00:00:00,0.0472082972915866,-0.0890223934756859,0.1834389880588592,144.36,-38.147
35096,1996-02-05 00:00:00,0.0707983192337114,-0.0653978497570245,0.2069944882244474,144.36,-38.147
35097,1996-02-06 00:00:00,0.0526003155472343,-0.0836042176761949,0.1888048487706635,144.36,-38.147
35098,1996-02-07 00:00:00,0.0058397613689302,-0.1305496895181758,0.1422292122560363,144.36,-38.147
35099,1996-02-08 00:00:00,0.204369092284873,0.0676003303190666,0.3411378542506793,144.36,-38.147
35100,1996-02-09 00:00:00,0.326791425942324,0.1883642992058651,0.4652185526787828,144.36,-38.147
35101,1996-02-10 00:00:00,0.1395707520241589,-0.0011993526331622,0.2803408566814801,144.36,-38.147
35102,1996-02-11 00:00:00,0.0478338026063739,-0.0909110679685857,0.1865786731813337,144.36,-38.147
35103,1996-02-12 00:00:00,-0.0080931925723649,-0.1449473912085263,0.1287610060637963,144.36,-38.147
35104,1996-02-13 00:00:00,-0.099070185278369,-0.2357751278609624,0.0376347573042242,144.36,-38.147
35105,1996-02-14 00:00:00,-0.0218902422087336,-0.1580988599220098,0.1143183755045425,144.36,-38.147
35106,1996-02-15 00:00:00,-0.0150886921369548,-0.1513023312377945,0.1211249469638848,144.36,-38.147
35107,1996-02-16 00:00:00,0.0068259892083219,-0.1294029628307048,0.1430549412473486,144.36,-38.147
35108,1996-02-17 00:00:00,0.0826816224359981,-0.0535610950237379,0.2189243398957343,144.36,-38.147
35109,1996-02-18 00:00:00,0.0763588421060092,-0.0598504012146947,0.2125680854267131,144.36,-38.147
35110,1996-02-19 00:00:00,0.0455138641366753,-0.0907124487301375,0.1817401770034882,144.36,-38.147
35111,1996-02-20 00:00:00,0.033111907161153,-0.1032519039780462,0.1694757183003523,144.36,-38.147
35112,1996-02-21 00:00:00,-0.0354442221989468,-0.1717662661999376,0.100877821802044,144.36,-38.147
35113,1996-02-22 00:00:00,-0.0277358358010459,-0.164033029123407,0.1085613575213151,144.36,-38.147
35114,1996-02-23 00:00:00,-0.0307648945487608,-0.1670933085878957,0.1055635194903741,144.36,-38.147
35115,1996-02-24 00:00:00,-0.0211760764763014,-0.1574278772912248,0.1150757243386219,144.36,-38.147
35116,1996-02-25 00:00:00,-0.0217881468794949,-0.1579921882087093,0.1144158944497193,144.36,-38.147
35117,1996-02-26 00:00:00,0.0561501864359149,-0.0801175501045233,0.1924179229763533,144.36,-38.147
35118,1996-02-27 00:00:00,0.0877832165476283,-0.0485669052826552,0.2241333383779118,144.36,-38.147
35119,1996-02-28 00:00:00,0.0920382818814165,-0.0442495109920155,0.2283260747548486,144.36,-38.147
35120,1996-02-29 00:00:00,0.1149074171516585,-0.0214139388980972,0.2512287732014143,144.36,-38.147
35121,1996-03-01 00:00:00,0.0954654596158069,-0.0408322605098367,0.2317631797414506,144.36,-38.147
35122,1996-03-02 00:00:00,0.0405803982850972,-0.0957577307316773,0.1769185273018718,144.36,-38.147
35123,1996-03-03 00:00:00,0.0455014441068606,-0.0906866632842057,0.1816895514979269,144.36,-38.147
35124,1996-03-04 00:00:00,0.011167164889738,-0.125041511093723,0.1473758408731991,144.36,-38.147
35125,1996-03-05 00:00:00,-0.0135149246902214,-0.1497210922763319,0.122691242895889,144.36,-38.147
35126,1996-03-06 00:00:00,0.0691636082169082,-0.0673081604102708,0.2056353768440873,144.36,-38.147
35127,1996-03-07 00:00:00,0.1524003937304604,0.0157295095371152,0.2890712779238057,144.36,-38.147
35128,1996-03-08 00:00:00,-0.0132318436296083,-0.1496519228134888,0.1231882355542721,144.36,-38.147
35129,1996-03-09 00:00:00,-0.0404604441587818,-0.1767306593465874,0.0958097710290236,144.36,-38.147
35130,1996-03-10 00:00:00,-0.0456492335992944,-0.1818994926270284,0.0906010254284395,144.36,-38.147
35131,1996-03-11 00:00:00,-0.0063298068041174,-0.1425541845741899,0.129894570965955,144.36,-38.147
35132,1996-03-12 00:00:00,0.0195065618780502,-0.1167279163835572,0.1557410401396576,144.36,-38.147
35133,1996-03-13 00:00:00,0.0648904015988516,-0.0714067918223427,0.2011875950200461,144.36,-38.147
35134,1996-03-14 00:00:00,0.0326489846324599,-0.1036982858559228,0.1689962551208426,144.36,-38.147
35135,1996-03-15 00:00:00,-0.0521880258874153,-0.1886572710717058,0.084281219296875,144.36,-38.147
35136,1996-03-16 00:00:00,0.1756960338071258,0.0373895238572919,0.3140025437569598,144.36,-38.147
35137,1996-03-17 00:00:00,0.4091284876171237,0.2704827368947124,0.547774238339535,144.36,-38.147
35138,1996-03-18 00:00:00,-0.020274285817203,-0.1576630304409077,0.1171144588065017,144.36,-38.147
35139,1996-03-19 00:00:00,0.0073778779432644,-0.129311166999534,0.144066922886063,144.36,-38.147
35140,1996-03-20 00:00:00,0.1743373428395035,0.037719564635515,0.310955121043492,144.36,-38.147
35141,1996-03-21 00:00:00,0.1354793512236101,-0.0010861357195367,0.2720448381667571,144.36,-38.147
35142,1996-03-22 00:00:00,0.0096372241778953,-0.1266189854756441,0.1458934338314347,144.36,-38.147
35143,1996-03-23 00:00:00,-0.0204522530033535,-0.1566281128446415,0.1157236068379344,144.36,-38.147
35144,1996-03-24 00:00:00,0.0098965212434868,-0.1262851605361687,0.1460782030231423,144.36,-38.147
35145,1996-03-25 00:00:00,-0.011566746842595,-0.1477426600654241,0.1246091663802339,144.36,-38.147
35146,1996-03-26 00:00:00,0.0397234937919406,-0.0965338015747675,0.1759807891586488,144.36,-38.147
35147,1996-03-27 00:00:00,0.0064726913331053,-0.1297475906204491,0.1426929732866597,144.36,-38.147
35148,1996-03-28 00:00:00,-0.0257880989811332,-0.1620010152426619,0.1104248172803954,144.36,-38.147
35149,1996-03-29 00:00:00,0.0484636742123555,-0.0877662773592707,0.1846936257839818,144.36,-38.147
35150,1996-03-30 00:00:00,0.165225171165887,0.028850473804158,0.3015998685276161,144.36,-38.147
35151,1996-03-31 00:00:00,0.2059673190537818,0.0695955828908516,0.342339055216712,144.36,-38.147
35152,1996-04-01 00:00:00,0.194889427744463,0.0581482381452106,0.3316306173437155,144.36,-38.147
35153,1996-04-02 00:00:00,0.1130440385284886,-0.0236958572427446,0.249783934299722,144.36,-38.147
35154,1996-04-03 00:00:00,0.0868869884129309,-0.0495708572119715,0.2233448340378334,144.36,-38.147
35155,1996-04-04 00:00:00,0.0521246263040926,-0.0842090975894951,0.1884583501976803,144.36,-38.147
35156,1996-04-05 00:00:00,0.0381776074779118,-0.0980748165469829,0.1744300315028066,144.36,-38.147
35157,1996-04-06 00:00:00,0.017419842525436,-0.1188079902731192,0.1536476753239913,144.36,-38.147
35158,1996-04-07 00:00:00,0.1626798592706496,0.0263258274451711,0.2990338910961282,144.36,-38.147
35159,1996-04-08 00:00:00,0.1630584927887174,0.026602125529455,0.2995148600479799,144.36,-38.147
35160,1996-04-09 00:00:00,-0.0187624647193364,-0.155244291837877,0.1177193623992042,144.36,-38.147
35161,1996-04-10 00:00:00,0.0073914128721772,-0.128992235070068,0.1437750608144224,144.36,-38.147
35162,1996-04-11 00:00:00,0.0139450264049636,-0.1225341530458202,0.1504242058557474,144.36,-38.147
35163,1996-04-12 00:00:00,-0.0096279585353485,-0.1460320664745954,0.1267761494038984,144.36,-38.147
35164,1996-04-13 00:00:00,0.0215533845721351,-0.1149790681786403,0.1580858373229107,144.36,-38.147
35165,1996-04-14 00:00:00,0.3824535269046633,0.2454264350167282,0.5194806187925984,144.36,-38.147
35166,1996-04-15 00:00:00,0.1062867923223953,-0.0303712691656693,0.2429448538104599,144.36,-38.147
35167,1996-04-16 00:00:00,0.0640064433677656,-0.0724841468203073,0.2004970335558386,144.36,-38.147
35168,1996-04-17 00:00:00,0.055406117631819,-0.0813345988990412,0.1921468341626794,144.36,-38.147
35169,1996-04-18 00:00:00,0.006184605035351,-0.1305517778704363,0.1429209879411385,144.36,-38.147
35170,1996-04-19 00:00:00,-0.0188212291184137,-0.1554704337240151,0.1178279754871877,144.36,-38.147
35171,1996-04-20 00:00:00,-0.0164244239394104,-0.1527810028730361,0.1199321549942152,144.36,-38.147
35172,1996-04-21 00:00:00,0.034719254263592,-0.1015630882144847,0.1710015967416687,144.36,-38.147
35173,1996-04-22 00:00:00,0.0831750794499834,-0.0532489130968681,0.2195990719968349,144.36,-38.147
35174,1996-04-23 00:00:00,-0.014541325386545,-0.1507653054795504,0.1216826547064602,144.36,-38.147
35175,1996-04-24 00:00:00,0.0854006332739513,-0.0508306910600467,0.2216319576079494,144.36,-38.147
35176,1996-04-25 00:00:00,0.2054411855144588,0.0689326918156341,0.3419496792132835,144.36,-38.147
35177,1996-04-26 00:00:00,0.1586003773677988,0.022224729911826,0.2949760248237716,144.36,-38.147
35178,1996-04-27 00:00:00,0.1852042702720733,0.0488269637198434,0.3215815768243033,144.36,-38.147
35179,1996-04-28 00:00:00,-0.0144850610124103,-0.1508144804424725,0.1218443584176517,144.36,-38.147
35180,1996-04-29 00:00:00,-0.0061597510040261,-0.1423709852728046,0.1300514832647523,144.36,-38.147
35181,1996-04-30 00:00:00,0.0143123097672651,-0.1219254751027666,0.1505500946372968,144.36,-38.147
35182,1996-05-01 00:00:00,-0.0180517561304283,-0.1543021986206115,0.1181986863597547,144.36,-38.147
35183,1996-05-02 00:00:00,0.0261042514982225,-0.1101026199803024,0.1623111229767475,144.36,-38.147
35184,1996-05-03 00:00:00,0.0014506180539084,-0.1347888918250581,0.137690127932875,144.36,-38.147
35185,1996-05-04 00:00:00,-0.0238060396753964,-0.1600431936406246,0.1124311142898316,144.36,-38.147
35186,1996-05-05 00:00:00,-0.0113019864738777,-0.1476141514943362,0.1250101785465807,144.36,-38.147
35187,1996-05-06 00:00:00,0.0439274914564367,-0.0926299342776248,0.1804849171904984,144.36,-38.147
35188,1996-05-07 00:00:00,0.0423900268794725,-0.0940408692638511,0.1788209230227963,144.36,-38.147
35189,1996-05-08 00:00:00,-0.0014834727264623,-0.1377445201740826,0.1347775747211579,144.36,-38.147
35190,1996-05-09 00:00:00,-0.0387333066264747,-0.1750076246059894,0.0975410113530398,144.36,-38.147
35191,1996-05-10 00:00:00,0.0570988637573981,-0.0792156407272558,0.193413368242052,144.36,-38.147
35192,1996-05-11 00:00:00,0.1513350021275931,0.0150264737911717,0.2876435304640144,144.36,-38.147
35193,1996-05-12 00:00:00,0.0104777085208349,-0.1258568405809501,0.1468122576226199,144.36,-38.147
35194,1996-05-13 00:00:00,0.0178744060407931,-0.1185406782186724,0.1542894903002588,144.36,-38.147
35195,1996-05-14 00:00:00,-0.0193770964688246,-0.1557558498211756,0.1170016568835263,144.36,-38.147
35196,1996-05-15 00:00:00,0.0375696497569185,-0.0987632175916944,0.1739025171055315,144.36,-38.147
35197,1996-05-16 00:00:00,-0.0188347202994431,-0.1550691741192157,0.1173997335203294,144.36,-38.147
35198,1996-05-17 00:00:00,-0.0356631779433087,-0.171882450830817,0.1005560949441994,144.36,-38.147
35199,1996-05-18 00:00:00,0.0103446480905823,-0.1258587820473764,0.146548078228541,144.36,-38.147
35200,1996-05-19 00:00:00,0.0781735774329507,-0.0580666592322119,0.2144138140981134,144.36,-38.147
35201,1996-05-20 00:00:00,0.0408632929692874,-0.0953960940753888,0.1771226800139638,144.36,-38.147
35202,1996-05-21 00:00:00,0.0322849413409072,-0.1039451974350806,0.168515080116895,144.36,-38.147
35203,1996-05-22 00:00:00,0.0980118311348817,-0.0382689821569273,0.2342926444266908,144.36,-38.147
35204,1996-05-23 00:00:00,0.0862356362427736,-0.0500795299285,0.2225508024140473,144.36,-38.147
35205,1996-05-24 00:00:00,0.093816332070004,-0.0423998404490742,0.2300325045890823,144.36,-38.147
35206,1996-05-25 00:00:00,0.0082849425885585,-0.127950282224265,0.144520167401382,144.36,-38.147
35207,1996-05-26 00:00:00,-0.0546286612581537,-0.1908536425282996,0.0815963200119921,144.36,-38.147
35208,1996-05-27 00:00:00,-0.0128082585537625,-0.149051954965159,0.1234354378576338,144.36,-38.147
35209,1996-05-28 00:00:00,0.0928701300330665,-0.0434446467899005,0.2291849068560337,144.36,-38.147
35210,1996-05-29 00:00:00,0.0833139263252159,-0.0529892688802673,0.2196171215306992,144.36,-38.147
35211,1996-05-30 00:00:00,0.043681280736827,-0.0925464136258035,0.1799089750994575,144.36,-38.147
35212,1996-05-31 00:00:00,0.0228279388160317,-0.1134619802479008,0.1591178578799643,144.36,-38.147
35213,1996-06-01 00:00:00,0.0281378625679562,-0.1083033789443918,0.1645791040803042,144.36,-38.147
35214,1996-06-02 00:00:00,0.1669147887226716,0.0298310527826509,0.3039985246626924,144.36,-38.147
35215,1996-06-03 00:00:00,-0.0307922768378121,-0.1674672542844644,0.1058827006088401,144.36,-38.147
35216,1996-06-04 00:00:00,0.2576937743467146,0.1183129440087243,0.3970746046847048,144.36,-38.147
35217,1996-06-05 00:00:00,0.0235746987342836,-0.1133710981298599,0.1605204955984272,144.36,-38.147
35218,1996-06-06 00:00:00,0.1291879591243806,-0.0073456256090665,0.2657215438578277,144.36,-38.147
35219,1996-06-07 00:00:00,0.1098119062616765,-0.0266191897483345,0.2462430022716875,144.36,-38.147
35220,1996-06-08 00:00:00,0.0991290193910659,-0.0372175325880945,0.2354755713702265,144.36,-38.147
35221,1996-06-09 00:00:00,0.0579021212693391,-0.0783497215195724,0.1941539640582506,144.36,-38.147
35222,1996-06-10 00:00:00,-0.0200955778817321,-0.1563225048812119,0.1161313491177476,144.36,-38.147
35223,1996-06-11 00:00:00,-0.0543838566859399,-0.1905860861890264,0.0818183728171465,144.36,-38.147
35224,1996-06-12 00:00:00,-0.0511105931571869,-0.1873249471571854,0.0851037608428114,144.36,-38.147
35225,1996-06-13 00:00:00,-0.0350991745704635,-0.171313537935529,0.1011151887946019,144.36,-38.147
35226,1996-06-14 00:00:00,-0.0172884469429343,-0.1534908824172667,0.1189139885313981,144.36,-38.147
35227,1996-06-15 00:00:00,-0.007014547905005,-0.1432446720469747,0.1292155762369645,144.36,-38.147
35228,1996-06-16 00:00:00,-0.0409729273920157,-0.1772139431070568,0.0952680883230253,144.36,-38.147
35229,1996-06-17 00:00:00,-0.0185619235865205,-0.1549245289269242,0.1178006817538831,144.36,-38.147
35230,1996-06-18 00:00:00,0.0518847959391529,-0.0845956504580418,0.1883652423363476,144.36,-38.147
35231,1996-06-19 00:00:00,0.0922021026558161,-0.0442382467692344,0.2286424520808666,144.36,-38.147
35232,1996-06-20 00:00:00,0.1521935687839835,0.0158381087784571,0.2885490287895098,144.36,-38.147
35233,1996-06-21 00:00:00,0.0741424292205388,-0.0621037823036082,0.2103886407446858,144.36,-38.147
35234,1996-06-22 00:00:00,0.0127646139192497,-0.123492670151587,0.1490218979900866,144.36,-38.147
35235,1996-06-23 00:00:00,0.1304822010630118,-0.0061913989326914,0.267155801058715,144.36,-38.147
35236,1996-06-24 00:00:00,0.2275521125545122,0.0903660543994107,0.3647381707096136,144.36,-38.147
35237,1996-06-25 00:00:00,0.0648094313974753,-0.071626735627559,0.2012455984225096,144.36,-38.147
35238,1996-06-26 00:00:00,0.1916454296633253,0.0551488700344735,0.3281419892921772,144.36,-38.147
35239,1996-06-27 00:00:00,0.2247304051608843,0.0880808911054247,0.361379919216344,144.36,-38.147
35240,1996-06-28 00:00:00,0.0267517791937884,-0.1096767123402473,0.1631802707278243,144.36,-38.147
35241,1996-06-29 00:00:00,0.1422833578408332,0.0055047324091157,0.2790619832725508,144.36,-38.147
35242,1996-06-30 00:00:00,0.3150946647113292,0.177293781002602,0.4528955484200564,144.36,-38.147
35243,1996-07-01 00:00:00,-0.0211471507951669,-0.1580061323168637,0.1157118307265298,144.36,-38.147
35244,1996-07-02 00:00:00,0.2491754158155837,0.1121679180025027,0.3861829136286647,144.36,-38.147
35245,1996-07-03 00:00:00,-0.0131019997134372,-0.1495148658426319,0.1233108664157575,144.36,-38.147
35246,1996-07-04 00:00:00,-0.0098671531061556,-0.1467554321911712,0.12702112597886,144.36,-38.147
35247,1996-07-05 00:00:00,0.0880547588662238,-0.0491116418313345,0.2252211595637822,144.36,-38.147
35248,1996-07-06 00:00:00,0.1857187926490549,0.0493135413803904,0.3221240439177194,144.36,-38.147
35249,1996-07-07 00:00:00,0.0677569369121583,-0.06862577155582,0.2041396453801366,144.36,-38.147
35250,1996-07-08 00:00:00,-0.0303229170433874,-0.1665611873739297,0.1059153532871548,144.36,-38.147
35251,1996-07-09 00:00:00,-0.030258289344678,-0.1664550302642513,0.1059384515748952,144.36,-38.147
35252,1996-07-10 00:00:00,0.0299263292252407,-0.1064014628397718,0.1662541212902534,144.36,-38.147
35253,1996-07-11 00:00:00,0.0514082141541869,-0.0849647772161868,0.1877812055245606,144.36,-38.147
35254,1996-07-12 00:00:00,0.0761868948754272,-0.0600923673504657,0.2124661571013202,144.36,-38.147
35255,1996-07-13 00:00:00,0.06174071796325,-0.0745486800275453,0.1980301159540455,144.36,-38.147
35256,1996-07-14 00:00:00,0.0801883636993641,-0.0560731625989212,0.2164498899976495,144.36,-38.147
35257,1996-07-15 00:00:00,0.0870910226406975,-0.0491367464188976,0.2233187917002927,144.36,-38.147
35258,1996-07-16 00:00:00,0.0303307551879775,-0.1059089768834933,0.1665704872594485,144.36,-38.147
35259,1996-07-17 00:00:00,0.0200165223277989,-0.116611110677907,0.1566441553335049,144.36,-38.147
35260,1996-07-18 00:00:00,0.1023382487917362,-0.0348279461207828,0.2395044437042554,144.36,-38.147
35261,1996-07-19 00:00:00,0.1773244553453806,0.0405512133418187,0.3140976973489424,144.36,-38.147
35262,1996-07-20 00:00:00,0.3523295041434903,0.2156064307124895,0.489052577574491,144.36,-38.147
35263,1996-07-21 00:00:00,0.2173250729512481,0.0806763863398522,0.353973759562644,144.36,-38.147
35264,1996-07-22 00:00:00,0.0990392869466109,-0.0372534828097589,0.2353320567029807,144.36,-38.147
35265,1996-07-23 00:00:00,0.1071779100575264,-0.0293528014134324,0.2437086215284853,144.36,-38.147
35266,1996-07-24 00:00:00,0.2340763976628954,0.0975104216567697,0.3706423736690211,144.36,-38.147
35267,1996-07-25 00:00:00,0.0842477348378923,-0.0520656542158411,0.2205611238916259,144.36,-38.147
35268,1996-07-26 00:00:00,0.093255185535227,-0.0431458861725395,0.2296562572429936,144.36,-38.147
35269,1996-07-27 00:00:00,0.0736500836720987,-0.0627127318646002,0.2100128992087977,144.36,-38.147
35270,1996-07-28 00:00:00,0.002176440449823,-0.1341495962360025,0.1385024771356486,144.36,-38.147
35271,1996-07-29 00:00:00,0.1508870484726027,0.014539273175233,0.2872348237699724,144.36,-38.147
35272,1996-07-30 00:00:00,0.2222459342544236,0.0853636487220577,0.3591282197867894,144.36,-38.147
35273,1996-07-31 00:00:00,0.0332997236175356,-0.1038733209020897,0.170472768137161,144.36,-38.147
35274,1996-08-01 00:00:00,0.2153268171050414,0.0770917597919167,0.3535618744181661,144.36,-38.147
35275,1996-08-02 00:00:00,0.1609717084520771,0.0235812115191361,0.2983622053850182,144.36,-38.147
35276,1996-08-03 00:00:00,0.2871574907918365,0.1494103750976857,0.4249046064859874,144.36,-38.147
35277,1996-08-04 00:00:00,0.3546329224520664,0.2177434356982145,0.4915224092059184,144.36,-38.147
35278,1996-08-05 00:00:00,0.210226969065152,0.0738970038430334,0.3465569342872707,144.36,-38.147
35279,1996-08-06 00:00:00,0.0750099731862228,-0.0620373312393134,0.2120572776117591,144.36,-38.147
35280,1996-08-07 00:00:00,0.2956083393636874,0.1577080436750663,0.4335086350523085,144.36,-38.147
35281,1996-08-08 00:00:00,0.1215957478097381,-0.015006957507279,0.2581984531267553,144.36,-38.147
35282,1996-08-09 00:00:00,0.0601557652046611,-0.0762039844828468,0.1965155148921692,144.36,-38.147
35283,1996-08-10 00:00:00,0.0648938104325814,-0.0717852963147323,0.2015729171798951,144.36,-38.147
35284,1996-08-11 00:00:00,0.0237872102096047,-0.1127192874349359,0.1602937078541453,144.36,-38.147
35285,1996-08-12 00:00:00,0.1737928504608144,0.037182991962634,0.3104027089589949,144.36,-38.147
35286,1996-08-13 00:00:00,0.0567023857602225,-0.0798020210418796,0.1932067925623248,144.36,-38.147
35287,1996-08-14 00:00:00,0.2644666824641077,0.1279722198114709,0.4009611451167445,144.36,-38.147
35288,1996-08-15 00:00:00,0.0846332542676986,-0.0517952843043012,0.2210617928396986,144.36,-38.147
35289,1996-08-16 00:00:00,0.1707607116802456,0.0344186767460688,0.3071027466144225,144.36,-38.147
35290,1996-08-17 00:00:00,0.1265158028261437,-0.0101570521196431,0.2631886577719307,144.36,-38.147
35291,1996-08-18 00:00:00,0.1659176269874747,0.0291399055231891,0.3026953484517604,144.36,-38.147
35292,1996-08-19 00:00:00,0.0482635748629366,-0.0881235272919148,0.1846506770177882,144.36,-38.147
35293,1996-08-20 00:00:00,0.0149821489825709,-0.1213132741368177,0.1512775721019596,144.36,-38.147
35294,1996-08-21 00:00:00,-0.0335148063942446,-0.1697490310428328,0.1027194182543435,144.36,-38.147
35295,1996-08-22 00:00:00,0.0357207983996714,-0.1005892527159183,0.1720308495152611,144.36,-38.147
35296,1996-08-23 00:00:00,0.1612277844453667,0.0248562797185753,0.2975992891721583,144.36,-38.147
35297,1996-08-24 00:00:00,0.1289408472477723,-0.0073249854510735,0.2652066799466181,144.36,-38.147
35298,1996-08-25 00:00:00,0.1016610296336252,-0.034689718077447,0.2380117773446975,144.36,-38.147
35299,1996-08-26 00:00:00,0.0914594271602498,-0.0449927867680254,0.2279116410885251,144.36,-38.147
35300,1996-08-27 00:00:00,0.0075997456727245,-0.1287623220986639,0.143961813444113,144.36,-38.147
35301,1996-08-28 00:00:00,0.1219819150821975,-0.0144460299856517,0.2584098601500468,144.36,-38.147
35302,1996-08-29 00:00:00,0.0313870536089334,-0.1050411155737881,0.1678152227916551,144.36,-38.147
35303,1996-08-30 00:00:00,0.0141925767382127,-0.122102395310359,0.1504875487867845,144.36,-38.147
35304,1996-08-31 00:00:00,-0.0031524409475031,-0.139519253432868,0.1332143715378617,144.36,-38.147
35305,1996-09-01 00:00:00,0.0064571923529356,-0.1300559213319428,0.142970306037814,144.36,-38.147
35306,1996-09-02 00:00:00,0.1698675075838216,0.0333231692576384,0.3064118459100048,144.36,-38.147
35307,1996-09-03 00:00:00,0.1480784774047294,0.0116596137057819,0.2844973411036768,144.36,-38.147
35308,1996-09-04 00:00:00,0.0226235375438744,-0.1137019906822801,0.1589490657700291,144.36,-38.147
35309,1996-09-05 00:00:00,0.2761396813309725,0.1395737634044155,0.4127055992575296,144.36,-38.147
35310,1996-09-06 00:00:00,0.1222638029788473,-0.0140505863974598,0.2585781923551546,144.36,-38.147
35311,1996-09-07 00:00:00,0.0339728995374861,-0.1024719609238948,0.1704177599988671,144.36,-38.147
35312,1996-09-08 00:00:00,0.2050768544190076,0.0678456051473013,0.3423081036907139,144.36,-38.147
35313,1996-09-09 00:00:00,0.1464350981367365,0.0100562147758243,0.2828139814976487,144.36,-38.147
35314,1996-09-10 00:00:00,0.218347141550161,0.0818469082624894,0.3548473748378327,144.36,-38.147
35315,1996-09-11 00:00:00,0.0195515023646588,-0.1170542412381473,0.1561572459674649,144.36,-38.147
35316,1996-09-12 00:00:00,0.4369268585650544,0.2972719257842167,0.5765817913458922,144.36,-38.147
35317,1996-09-13 00:00:00,0.4995902446335963,0.3617312624469354,0.6374492268202573,144.36,-38.147
35318,1996-09-14 00:00:00,0.3256430962983945,0.1881922660373256,0.4630939265594634,144.36,-38.147
35319,1996-09-15 00:00:00,0.1127910800956726,-0.0239732216939344,0.2495553818852798,144.36,-38.147
35320,1996-09-16 00:00:00,0.1494599333959729,0.0118116272110221,0.2871082395809237,144.36,-38.147
35321,1996-09-17 00:00:00,0.3221605473553455,0.1849089827323742,0.4594121119783167,144.36,-38.147
35322,1996-09-18 00:00:00,0.0589741100788119,-0.0776246448729938,0.1955728650306178,144.36,-38.147
35323,1996-09-19 00:00:00,0.1847992715119552,0.0478234228386622,0.3217751201852483,144.36,-38.147
35324,1996-09-20 00:00:00,0.2066796470572819,0.0702915506571685,0.3430677434573953,144.36,-38.147
35325,1996-09-21 00:00:00,0.1236704461935572,-0.0126472094110781,0.2599881017981926,144.36,-38.147
35326,1996-09-22 00:00:00,0.1196892060532494,-0.0193054622842219,0.2586838743907208,144.36,-38.147
35327,1996-09-23 00:00:00,0.2213232663676698,0.0822243425781847,0.360422190157155,144.36,-38.147
35328,1996-09-24 00:00:00,0.1879091867632713,0.0510096781768377,0.3248086953497049,144.36,-38.147
35329,1996-09-25 00:00:00,0.1524502831347091,0.0158902248348245,0.2890103414345937,144.36,-38.147
35330,1996-09-26 00:00:00,0.1794960320918691,0.0429247897224063,0.3160672744613318,144.36,-38.147
35331,1996-09-27 00:00:00,0.1241073973696043,-0.0123216518986012,0.26053644663781,144.36,-38.147
35332,1996-09-28 00:00:00,0.0250049380971883,-0.1114267470990381,0.1614366232934148,144.36,-38.147
35333,1996-09-29 00:00:00,-0.0073581517300365,-0.146610329391315,0.1318940259312419,144.36,-38.147
35334,1996-09-30 00:00:00,0.2429792849204355,0.1028899711582785,0.3830685986825926,144.36,-38.147
35335,1996-10-01 00:00:00,0.6402718289255788,0.5008993342645265,0.779644323586631,144.36,-38.147
35336,1996-10-02 00:00:00,0.0994894228004241,-0.0383646865484127,0.237343532149261,144.36,-38.147
35337,1996-10-03 00:00:00,0.119731450491468,-0.0164971080521219,0.255960009035058,144.36,-38.147
35338,1996-10-04 00:00:00,0.0276716280115444,-0.1085940705586351,0.1639373265817241,144.36,-38.147
35339,1996-10-05 00:00:00,0.1073898761075981,-0.028992296060115,0.2437720482753114,144.36,-38.147
35340,1996-10-06 00:00:00,0.0970341982648017,-0.0393606352792059,0.2334290318088093,144.36,-38.147
35341,1996-10-07 00:00:00,0.0563230416630677,-0.0800154265703505,0.1926615098964861,144.36,-38.147
35342,1996-10-08 00:00:00,-0.0123955129639959,-0.1486029620488936,0.1238119361209017,144.36,-38.147
35343,1996-10-09 00:00:00,0.0422812396423386,-0.0939761235152335,0.1785386027999107,144.36,-38.147
35344,1996-10-10 00:00:00,0.1429643581892997,0.0065984053581637,0.2793303110204357,144.36,-38.147
35345,1996-10-11 00:00:00,0.0920141101496035,-0.0465279586343898,0.2305561789335968,144.36,-38.147
35346,1996-10-12 00:00:00,0.4077325000038427,0.2682066952899127,0.5472583047177728,144.36,-38.147
35347,1996-10-13 00:00:00,0.0580472673292451,-0.0789954107197775,0.1950899453782678,144.36,-38.147
35348,1996-10-14 00:00:00,0.0220442514642265,-0.1141913929292073,0.1582798958576605,144.36,-38.147
35349,1996-10-15 00:00:00,-0.0090155501438331,-0.1452722681013314,0.1272411678136652,144.36,-38.147
35350,1996-10-16 00:00:00,0.1084894161541356,-0.0288154982962788,0.24579433060455,144.36,-38.147
35351,1996-10-17 00:00:00,0.1580755146705154,0.0205694125721955,0.2955816167688353,144.36,-38.147
35352,1996-10-18 00:00:00,0.1238918441212335,-0.0123730563932211,0.2601567446356883,144.36,-38.147
35353,1996-10-19 00:00:00,0.2211004757271252,0.0843869679450423,0.3578139835092082,144.36,-38.147
35354,1996-10-20 00:00:00,0.1375161962955172,0.0009108132846348,0.2741215793063997,144.36,-38.147
35355,1996-10-21 00:00:00,-0.0265791125945916,-0.1627946460938811,0.1096364209046977,144.36,-38.147
35356,1996-10-22 00:00:00,-0.0267605461189459,-0.1630122211460185,0.1094911289081266,144.36,-38.147
35357,1996-10-23 00:00:00,-0.0496594072272914,-0.1858990726968308,0.0865802582422478,144.36,-38.147
35358,1996-10-24 00:00:00,0.0159382399083937,-0.120424145994453,0.1523006258112405,144.36,-38.147
35359,1996-10-25 00:00:00,0.1232802488974157,-0.01339855297729,0.2599590507721216,144.36,-38.147
35360,1996-10-26 00:00:00,0.0603558743576332,-0.0761362049680467,0.1968479536833133,144.36,-38.147
35361,1996-10-27 00:00:00,-0.0017622431542121,-0.1381374791621942,0.1346129928537698,144.36,-38.147
35362,1996-10-28 00:00:00,0.077679352316149,-0.0585953065846439,0.2139540112169419,144.36,-38.147
35363,1996-10-29 00:00:00,0.1204593280529447,-0.0158606548049079,0.2567793109107974,144.36,-38.147
35364,1996-10-30 00:00:00,0.1617134913126124,0.0253688529490178,0.2980581296762071,144.36,-38.147
35365,1996-10-31 00:00:00,-0.0003404600230744,-0.1365432866827071,0.1358623666365581,144.36,-38.147
35366,1996-11-01 00:00:00,-0.0141899975229999,-0.1503715978386731,0.1219916027926731,144.36,-38.147
35367,1996-11-02 00:00:00,0.0199829293990307,-0.1162623142421069,0.1562281730401684,144.36,-38.147
35368,1996-11-03 00:00:00,0.1066790734462866,-0.0297269641427279,0.2430851110353012,144.36,-38.147
35369,1996-11-04 00:00:00,0.0673596776803042,-0.0692380023473797,0.2039573577079883,144.36,-38.147
35370,1996-11-05 00:00:00,0.0259739747294795,-0.1105022566993409,0.1624502061583,144.36,-38.147
35371,1996-11-06 00:00:00,0.0068761901599896,-0.1295212842242636,0.1432736645442429,144.36,-38.147
35372,1996-11-07 00:00:00,-0.0082056379519021,-0.1444368595504866,0.1280255836466823,144.36,-38.147
35373,1996-11-08 00:00:00,-0.0274230410697742,-0.1636785796663273,0.1088324975267789,144.36,-38.147
35374,1996-11-09 00:00:00,0.1635257503885493,0.0270380112308765,0.3000134895462221,144.36,-38.147
35375,1996-11-10 00:00:00,0.1687640283309907,0.0317507023360036,0.3057773543259778,144.36,-38.147
35376,1996-11-11 00:00:00,0.0745465136957911,-0.0624679558186469,0.2115609832102293,144.36,-38.147
35377,1996-11-12 00:00:00,0.3028957509288132,0.166251836242702,0.4395396656149244,144.36,-38.147
35378,1996-11-13 00:00:00,0.1344574350670024,-0.0022423461726776,0.2711572163066825,144.36,-38.147
35379,1996-11-14 00:00:00,0.429043788541385,0.2921957787672018,0.5658917983155682,144.36,-38.147
35380,1996-11-15 00:00:00,0.2371653741277232,0.1006819942970968,0.3736487539583497,144.36,-38.147
35381,1996-11-16 00:00:00,0.0876874202408319,-0.0487442372580457,0.2241190777397096,144.36,-38.147
35382,1996-11-17 00:00:00,0.20455490901585,0.0677987625086285,0.3413110555230715,144.36,-38.147
35383,1996-11-18 00:00:00,0.1484505525391089,0.0100889882380754,0.2868121168401424,144.36,-38.147
35384,1996-11-19 00:00:00,0.0545122255412648,-0.0819616834145155,0.1909861344970452,144.36,-38.147
35385,1996-11-20 00:00:00,0.0719588777593713,-0.0642857605065486,0.2082035160252913,144.36,-38.147
35386,1996-11-21 00:00:00,0.0343469606740085,-0.1020295633621586,0.1707234847101758,144.36,-38.147
35387,1996-11-22 00:00:00,-0.0278674446180303,-0.1645753040341742,0.1088404147981134,144.36,-38.147
35388,1996-11-23 00:00:00,-0.0560133321639597,-0.1927415647120514,0.0807149003841319,144.36,-38.147
35389,1996-11-24 00:00:00,-0.01923722076416,-0.1554889979859203,0.1170145564576002,144.36,-38.147
35390,1996-11-25 00:00:00,0.0695159139206856,-0.0671666598957531,0.2061984877371243,144.36,-38.147
35391,1996-11-26 00:00:00,0.2366058307149,0.0997894809716948,0.3734221804581052,144.36,-38.147
35392,1996-11-27 00:00:00,0.1083806988203026,-0.0278665872555711,0.2446279848961763,144.36,-38.147
35393,1996-11-28 00:00:00,0.2593620670506599,0.1228338533552789,0.3958902807460408,144.36,-38.147
35394,1996-11-29 00:00:00,0.1352094208353437,-0.0014758341293116,0.2718946757999991,144.36,-38.147
35395,1996-11-30 00:00:00,0.3505653448499817,0.2135932638368944,0.487537425863069,144.36,-38.147
35396,1996-12-01 00:00:00,0.1314610676246136,-0.0050836536048772,0.2680057888541046,144.36,-38.147
35397,1996-12-02 00:00:00,0.1533594284113499,0.0168639862878169,0.2898548705348829,144.36,-38.147
35398,1996-12-03 00:00:00,0.1314465329608483,-0.0049412782363622,0.2678343441580588,144.36,-38.147
35399,1996-12-04 00:00:00,0.111177348081168,-0.0251112328671305,0.2474659290294667,144.36,-38.147
35400,1996-12-05 00:00:00,0.0795106462241982,-0.0567685936167923,0.2157898860651887,144.36,-38.147
35401,1996-12-06 00:00:00,0.0161353565975969,-0.1201861315900915,0.1524568447852853,144.36,-38.147
35402,1996-12-07 00:00:00,0.3147347480562128,0.1780089679048171,0.4514605282076085,144.36,-38.147
35403,1996-12-08 00:00:00,0.0832005887251387,-0.0531936454354268,0.2195948228857043,144.36,-38.147
35404,1996-12-09 00:00:00,0.2115628373078887,0.0753009955030998,0.3478246791126776,144.36,-38.147
35405,1996-12-10 00:00:00,0.1152950343163866,-0.0209456238552503,0.2515356924880237,144.36,-38.147
35406,1996-12-11 00:00:00,0.0509188988892161,-0.0852779209114243,0.1871157186898567,144.36,-38.147
35407,1996-12-12 00:00:00,0.0168220993187864,-0.1194303185470169,0.1530745171845898,144.36,-38.147
35408,1996-12-13 00:00:00,-0.030602202030579,-0.167110673137871,0.1059062690767128,144.36,-38.147
35409,1996-12-14 00:00:00,-0.024529426414389,-0.1611455901943462,0.1120867373655681,144.36,-38.147
35410,1996-12-15 00:00:00,0.0066665542956733,-0.1295930289871419,0.1429261375784886,144.36,-38.147
35411,1996-12-16 00:00:00,0.1756515592029404,0.0392145785282132,0.3120885398776676,144.36,-38.147
35412,1996-12-17 00:00:00,0.1855698475391793,0.049081786056662,0.3220579090216966,144.36,-38.147
35413,1996-12-18 00:00:00,0.0935107581169564,-0.0428277905138848,0.2298493067477976,144.36,-38.147
35414,1996-12-19 00:00:00,0.1669199748619855,0.0304698981556872,0.3033700515682839,144.36,-38.147
35415,1996-12-20 00:00:00,0.0723654737337092,-0.0643142322030139,0.2090451796704324,144.36,-38.147
35416,1996-12-21 00:00:00,-0.0144668698276477,-0.1507135051757462,0.1217797655204507,144.36,-38.147
35417,1996-12-22 00:00:00,0.1165168118215106,-0.0203551719331273,0.2533887955761486,144.36,-38.147
35418,1996-12-23 00:00:00,0.1791059215546288,0.0420419205102925,0.3161699225989651,144.36,-38.147
35419,1996-12-24 00:00:00,0.0521557865711649,-0.0840956126802451,0.1884071858225749,144.36,-38.147
35420,1996-12-25 00:00:00,0.1507472200343195,0.0143767904975057,0.2871176495711332,144.36,-38.147
35421,1996-12-26 00:00:00,0.2103539916626516,0.0739490259983367,0.3467589573269665,144.36,-38.147
35422,1996-12-27 00:00:00,0.0143108802322187,-0.121989803422412,0.1506115638868495,144.36,-38.147
35423,1996-12-28 00:00:00,0.0439385117834996,-0.0923070501823175,0.1801840737493169,144.36,-38.147
35424,1996-12-29 00:00:00,0.1070928479406708,-0.0292054556877146,0.2433911515690563,144.36,-38.147
35425,1996-12-30 00:00:00,0.0548525344248509,-0.0814236444107737,0.1911287132604755,144.36,-38.147
35426,1996-12-31 00:00:00,0.0813993810169394,-0.0549065065335463,0.2177052685674251,144.36,-38.147
35427,1997-01-01 00:00:00,0.0450038814180555,-0.0912855990893905,0.1812933619255016,144.36,-38.147
35428,1997-01-02 00:00:00,-0.015010758734571,-0.1512170782323319,0.1211955607631898,144.36,-38.147
35429,1997-01-03 00:00:00,-0.0294364776285827,-0.1656810221025449,0.1068080668453793,144.36,-38.147
35430,1997-01-04 00:00:00,-0.0326817289808988,-0.1689024453235136,0.1035389873617159,144.36,-38.147
35431,1997-01-05 00:00:00,-0.00264382847124,-0.1389458612295502,0.1336582042870701,144.36,-38.147
35432,1997-01-06 00:00:00,0.1165696880879864,-0.0199552929458128,0.2530946691217857,144.36,-38.147
35433,1997-01-07 00:00:00,0.2154493226143011,0.0786200197252362,0.3522786255033661,144.36,-38.147
35434,1997-01-08 00:00:00,0.0236349699448277,-0.1127669752960011,0.1600369151856567,144.36,-38.147
35435,1997-01-09 00:00:00,0.0422456059267312,-0.0939398640453233,0.1784310758987857,144.36,-38.147
35436,1997-01-10 00:00:00,0.0075660036579413,-0.1287544850186935,0.1438864923345762,144.36,-38.147
35437,1997-01-11 00:00:00,-0.0439296978401629,-0.1805653048246258,0.0927059091442999,144.36,-38.147
35438,1997-01-12 00:00:00,-0.0595843697673651,-0.1964710227705692,0.077302283235839,144.36,-38.147
35439,1997-01-13 00:00:00,-0.0361090571843741,-0.172634708351855,0.1004165939831066,144.36,-38.147
35440,1997-01-14 00:00:00,-0.0047574342065721,-0.1412065855049485,0.1316917170918042,144.36,-38.147
35441,1997-01-15 00:00:00,0.1197442723089109,-0.0168520658764551,0.2563406104942771,144.36,-38.147
35442,1997-01-16 00:00:00,0.104731914226205,-0.0317543308212906,0.2412181592737006,144.36,-38.147
35443,1997-01-17 00:00:00,0.0046145044202718,-0.1316138852192831,0.1408428940598269,144.36,-38.147
35444,1997-01-18 00:00:00,-0.016241500205472,-0.1524847638703216,0.1200017634593774,144.36,-38.147
35445,1997-01-19 00:00:00,-0.0331772482771797,-0.1694417075775743,0.1030872110232147,144.36,-38.147
35446,1997-01-20 00:00:00,0.0014345913136929,-0.135028848193286,0.1378980308206719,144.36,-38.147
35447,1997-01-21 00:00:00,0.0341991488962471,-0.1033484346641919,0.1717467324566862,144.36,-38.147
35448,1997-01-22 00:00:00,0.1926165287981573,0.0553246555633435,0.329908402032971,144.36,-38.147
35449,1997-01-23 00:00:00,0.1047457495457915,-0.0316125151002814,0.2411040141918645,144.36,-38.147
35450,1997-01-24 00:00:00,0.0592021541827201,-0.0772500811169055,0.1956543894823458,144.36,-38.147
35451,1997-01-25 00:00:00,-0.0541578329487364,-0.1906597768721013,0.0823441109746284,144.36,-38.147
35452,1997-01-26 00:00:00,-0.0074931407709319,-0.1439851873988406,0.1289989058569767,144.36,-38.147
35453,1997-01-27 00:00:00,0.0516989391477473,-0.0853783430767508,0.1887762213722454,144.36,-38.147
35454,1997-01-28 00:00:00,0.1798478369499052,0.0427218956533269,0.3169737782464834,144.36,-38.147
35455,1997-01-29 00:00:00,0.0564822876783608,-0.0801104426305144,0.1930750179872361,144.36,-38.147
35456,1997-01-30 00:00:00,-0.0240489535862789,-0.1603394208674535,0.1122415136948955,144.36,-38.147
35457,1997-01-31 00:00:00,0.0150715651475033,-0.1211701376731609,0.1513132679681677,144.36,-38.147
35458,1997-02-01 00:00:00,0.0542448858588946,-0.0820767392602922,0.1905665109780815,144.36,-38.147
35459,1997-02-02 00:00:00,0.0494865654361673,-0.0873127953312799,0.1862859262036146,144.36,-38.147
35460,1997-02-03 00:00:00,-0.0502619196828045,-0.186872340482992,0.0863485011173829,144.36,-38.147
35461,1997-02-04 00:00:00,-0.0051457201665464,-0.1414707683273128,0.13117932799422,144.36,-38.147
35462,1997-02-05 00:00:00,0.0207558142107367,-0.1156624240837472,0.1571740525052207,144.36,-38.147
35463,1997-02-06 00:00:00,0.0709038883309892,-0.0655213742473605,0.2073291509093389,144.36,-38.147
35464,1997-02-07 00:00:00,0.0604987870750407,-0.0757903762822883,0.1967879504323698,144.36,-38.147
35465,1997-02-08 00:00:00,0.0341714292701585,-0.1020968444477725,0.1704397029880895,144.36,-38.147
35466,1997-02-09 00:00:00,0.1752958866196778,0.0389905089902198,0.3116012642491357,144.36,-38.147
35467,1997-02-10 00:00:00,0.1782380983122164,0.0417166221845405,0.3147595744398923,144.36,-38.147
35468,1997-02-11 00:00:00,0.0767121349922926,-0.0596151301657025,0.2130394001502877,144.36,-38.147
35469,1997-02-12 00:00:00,0.0046087824152695,-0.1317195085038597,0.1409370733343989,144.36,-38.147
35470,1997-02-13 00:00:00,0.0413809909129848,-0.0949345241309234,0.1776965059568932,144.36,-38.147
35471,1997-02-14 00:00:00,0.020375173106305,-0.1159270772653756,0.1566774234779857,144.36,-38.147
35472,1997-02-15 00:00:00,0.0750662983182516,-0.0612352345063493,0.2113678311428526,144.36,-38.147
35473,1997-02-16 00:00:00,0.0662761025376147,-0.0700645527931048,0.2026167578683344,144.36,-38.147
35474,1997-02-17 00:00:00,0.0097538795968562,-0.126453961386959,0.1459617205806716,144.36,-38.147
35475,1997-02-18 00:00:00,0.0215607999879955,-0.1146640614167057,0.1577856613926967,144.36,-38.147
35476,1997-02-19 00:00:00,0.032293094770604,-0.1040331865141408,0.1686193760553489,144.36,-38.147
35477,1997-02-20 00:00:00,0.0493640582595636,-0.0869735749389384,0.1857016914580657,144.36,-38.147
35478,1997-02-21 00:00:00,0.0725946923124203,-0.0638493767398418,0.2090387613646825,144.36,-38.147
35479,1997-02-22 00:00:00,0.0678064520280019,-0.0685366845111767,0.2041495885671807,144.36,-38.147
35480,1997-02-23 00:00:00,0.111819681093038,-0.0248425811816661,0.2484819433677421,144.36,-38.147
35481,1997-02-24 00:00:00,0.0805725297245876,-0.0559742778938112,0.2171193373429866,144.36,-38.147
35482,1997-02-25 00:00:00,0.0674842928381777,-0.068896374187696,0.2038649598640516,144.36,-38.147
35483,1997-02-26 00:00:00,0.0481330546623385,-0.0882943985253965,0.1845605078500735,144.36,-38.147
35484,1997-02-27 00:00:00,0.0621272355379691,-0.0742113505766819,0.1984658216526201,144.36,-38.147
35485,1997-02-28 00:00:00,0.0355018758787443,-0.1007470121798239,0.1717507639373126,144.36,-38.147
35486,1997-03-01 00:00:00,0.1228302530508619,-0.0134657141290598,0.2591262202307838,144.36,-38.147
35487,1997-03-02 00:00:00,0.0820306530294175,-0.0550471671578355,0.2191084732166706,144.36,-38.147
35488,1997-03-03 00:00:00,0.0699702939670817,-0.0665913406842882,0.2065319286184517,144.36,-38.147
35489,1997-03-04 00:00:00,0.0659993211059555,-0.0704959874628241,0.2024946296747353,144.36,-38.147
35490,1997-03-05 00:00:00,0.0308422010123816,-0.1057566003941923,0.1674410024189557,144.36,-38.147
35491,1997-03-06 00:00:00,-0.0415565955407963,-0.1782535485405591,0.0951403574589664,144.36,-38.147
35492,1997-03-07 00:00:00,0.0424298386680143,-0.0940479379155829,0.1789076152516115,144.36,-38.147
35493,1997-03-08 00:00:00,0.1298459660868311,-0.0066273671889003,0.2663192993625625,144.36,-38.147
35494,1997-03-09 00:00:00,0.0986916442843382,-0.0377643127721334,0.2351476013408099,144.36,-38.147
35495,1997-03-10 00:00:00,0.0101966277502829,-0.1261031156756565,0.1464963711762223,144.36,-38.147
35496,1997-03-11 00:00:00,0.0115014080409406,-0.1247246053169731,0.1477274213988544,144.36,-38.147
35497,1997-03-12 00:00:00,0.1240506844030036,-0.012262704092513,0.2603640728985203,144.36,-38.147
35498,1997-03-13 00:00:00,0.1842434147593821,0.0476507557180068,0.3208360738007574,144.36,-38.147
35499,1997-03-14 00:00:00,0.1073901551362217,-0.0288177552124914,0.243598065484935,144.36,-38.147
35500,1997-03-15 00:00:00,0.1262436844650156,-0.0101468178833299,0.2626341868133612,144.36,-38.147
35501,1997-03-16 00:00:00,0.0753131462530943,-0.0609460734061639,0.2115723659123526,144.36,-38.147
35502,1997-03-17 00:00:00,0.0287577611254158,-0.1074124655145743,0.164927987765406,144.36,-38.147
35503,1997-03-18 00:00:00,-0.0115069624370234,-0.1477277221308991,0.1247137972568522,144.36,-38.147
35504,1997-03-19 00:00:00,0.184907614606036,0.0484531527565491,0.3213620764555229,144.36,-38.147
35505,1997-03-20 00:00:00,0.1712212231925207,0.0348956400380613,0.30754680634698,144.36,-38.147
35506,1997-03-21 00:00:00,0.0803653605920693,-0.0559638971230107,0.2166946183071493,144.36,-38.147
35507,1997-03-22 00:00:00,0.0018959661019254,-0.1343767622702263,0.1381686944740773,144.36,-38.147
35508,1997-03-23 00:00:00,0.1374578605516167,0.0010311335173716,0.2738845875858618,144.36,-38.147
35509,1997-03-24 00:00:00,0.1528262905705168,0.0162133030468477,0.2894392780941859,144.36,-38.147
35510,1997-03-25 00:00:00,0.0767868257159295,-0.0594811900529375,0.2130548414847966,144.36,-38.147
35511,1997-03-26 00:00:00,0.0250857496082625,-0.1111192907469071,0.1612907899634322,144.36,-38.147
35512,1997-03-27 00:00:00,0.048140073567947,-0.0882355449725852,0.1845156921084794,144.36,-38.147
35513,1997-03-28 00:00:00,0.1666425267155999,0.0294880143269073,0.3037970391042924,144.36,-38.147
35514,1997-03-29 00:00:00,0.0227116405724691,-0.1136578747509375,0.1590811558958758,144.36,-38.147
35515,1997-03-30 00:00:00,0.0623530658114362,-0.0738899632487892,0.1985960948716617,144.36,-38.147
35516,1997-03-31 00:00:00,0.0023444763437797,-0.1340094354822614,0.138698388169821,144.36,-38.147
35517,1997-04-01 00:00:00,-0.0453551504245939,-0.1816514670295732,0.0909411661803852,144.36,-38.147
35518,1997-04-02 00:00:00,0.0886922214573658,-0.0476603992268425,0.2250448421415742,144.36,-38.147
35519,1997-04-03 00:00:00,0.1856122399145593,0.0491249305130285,0.3220995493160902,144.36,-38.147
35520,1997-04-04 00:00:00,0.1589821941747435,0.0224838395604898,0.2954805487889973,144.36,-38.147
35521,1997-04-05 00:00:00,0.2070130169329782,0.0703519364074298,0.3436740974585266,144.36,-38.147
35522,1997-04-06 00:00:00,0.1506749842293177,0.0143411099546646,0.2870088585039709,144.36,-38.147
35523,1997-04-07 00:00:00,0.0411430028634399,-0.0962747969127834,0.1785608026396632,144.36,-38.147
35524,1997-04-08 00:00:00,-0.0835298065764044,-0.2205256099489714,0.0534659967961624,144.36,-38.147
35525,1997-04-09 00:00:00,-0.0069475506440096,-0.1432463827102712,0.129351281422252,144.36,-38.147
35526,1997-04-10 00:00:00,-0.0035756108005007,-0.1397744812959418,0.1326232596949403,144.36,-38.147
35527,1997-04-11 00:00:00,-0.0099652055889829,-0.1461209305471623,0.1261905193691964,144.36,-38.147
35528,1997-04-12 00:00:00,0.0067954964184041,-0.1293794280811156,0.1429704209179239,144.36,-38.147
35529,1997-04-13 00:00:00,0.0092934161574555,-0.1268772582806503,0.1454640905955615,144.36,-38.147
35530,1997-04-14 00:00:00,0.0728691002316068,-0.0634409780910292,0.2091791785542429,144.36,-38.147
35531,1997-04-15 00:00:00,-0.0015771998423649,-0.1378838863118618,0.1347294866271318,144.36,-38.147
35532,1997-04-16 00:00:00,0.0120315146097434,-0.1241977826291205,0.1482608118486073,144.36,-38.147
35533,1997-04-17 00:00:00,0.050406993754033,-0.0858385841666315,0.1866525716746975,144.36,-38.147
35534,1997-04-18 00:00:00,0.0899270507962138,-0.0465159976518323,0.2263700992442601,144.36,-38.147
35535,1997-04-19 00:00:00,0.0014489734061556,-0.1348128414895126,0.137710788301824,144.36,-38.147
35536,1997-04-20 00:00:00,0.0283326586299164,-0.1078538929023473,0.1645192101621801,144.36,-38.147
35537,1997-04-21 00:00:00,0.0276537058619405,-0.1086144428915879,0.163921854615469,144.36,-38.147
35538,1997-04-22 00:00:00,0.0948119661332464,-0.0416875247202857,0.2313114569867786,144.36,-38.147
35539,1997-04-23 00:00:00,-0.007716386288847,-0.144017125222468,0.128584352644774,144.36,-38.147
35540,1997-04-24 00:00:00,0.0623634548923377,-0.0739537204198699,0.1986806302045455,144.36,-38.147
35541,1997-04-25 00:00:00,0.0036874151168315,-0.1325602713732503,0.1399351016069135,144.36,-38.147
35542,1997-04-26 00:00:00,0.0281709678125936,-0.1080966378774956,0.1644385735026829,144.36,-38.147
35543,1997-04-27 00:00:00,-0.0128566832668895,-0.1491092288397223,0.1233958623059431,144.36,-38.147
35544,1997-04-28 00:00:00,0.0168788370755324,-0.1194300560056047,0.1531877301566697,144.36,-38.147
35545,1997-04-29 00:00:00,0.0787480084984288,-0.0576135775073845,0.2151095945042421,144.36,-38.147
35546,1997-04-30 00:00:00,0.0412804731106678,-0.0949750885162051,0.1775360347375409,144.36,-38.147
35547,1997-05-01 00:00:00,0.0303085239732948,-0.1058994542068869,0.1665165021534767,144.36,-38.147
35548,1997-05-02 00:00:00,0.0706522593341426,-0.0657999233808067,0.2071044420490921,144.36,-38.147
35549,1997-05-03 00:00:00,0.0356748934646992,-0.1006761007065789,0.1720258876359774,144.36,-38.147
35550,1997-05-04 00:00:00,0.084763381786462,-0.0517969677551033,0.2213237313280275,144.36,-38.147
35551,1997-05-05 00:00:00,0.1119211744576101,-0.0245874304835023,0.2484297793987226,144.36,-38.147
35552,1997-05-06 00:00:00,0.0465851930254363,-0.0897980075309197,0.1829683935817924,144.36,-38.147
35553,1997-05-07 00:00:00,0.2168974533748442,0.0802622636059491,0.3535326431437393,144.36,-38.147
35554,1997-05-08 00:00:00,0.0949084152212687,-0.0414678686368269,0.2312846990793644,144.36,-38.147
35555,1997-05-09 00:00:00,-0.0326933242366907,-0.1692200592717044,0.103833410798323,144.36,-38.147
35556,1997-05-10 00:00:00,-0.0878091193171301,-0.224272519312477,0.0486542806782167,144.36,-38.147
35557,1997-05-11 00:00:00,-0.0562794681782732,-0.1927778805334309,0.0802189441768845,144.36,-38.147
35558,1997-05-12 00:00:00,-0.0529965434161919,-0.1892647953909744,0.0832717085585906,144.36,-38.147
35559,1997-05-13 00:00:00,-0.0118458559805533,-0.1481053234884992,0.1244136115273926,144.36,-38.147
35560,1997-05-14 00:00:00,-0.0145829621174071,-0.1507970259744369,0.1216311017396226,144.36,-38.147
35561,1997-05-15 00:00:00,0.0041131289577444,-0.1320660055380789,0.1402922634535677,144.36,-38.147
35562,1997-05-16 00:00:00,-0.0118069211486595,-0.1479753947414298,0.1243615524441108,144.36,-38.147
35563,1997-05-17 00:00:00,0.0478322897865361,-0.0884308113323233,0.1840953909053956,144.36,-38.147
35564,1997-05-18 00:00:00,0.0894329197539139,-0.046852562933164,0.2257184024409919,144.36,-38.147
35565,1997-05-19 00:00:00,0.0627283629873986,-0.0735727616405573,0.1990294876153545,144.36,-38.147
35566,1997-05-20 00:00:00,0.0446360612454311,-0.0915776863937529,0.1808498088846153,144.36,-38.147
35567,1997-05-21 00:00:00,0.0173390054490513,-0.1188995024399869,0.1535775133380895,144.36,-38.147
35568,1997-05-22 00:00:00,0.027256725355755,-0.1089768669619819,0.1634903176734921,144.36,-38.147
35569,1997-05-23 00:00:00,0.0359532661951067,-0.1003022464725664,0.1722087788627799,144.36,-38.147
35570,1997-05-24 00:00:00,0.0169598837547457,-0.1192901292958996,0.1532098968053912,144.36,-38.147
35571,1997-05-25 00:00:00,0.009231176596235,-0.1269563089550361,0.1454186621475062,144.36,-38.147
35572,1997-05-26 00:00:00,0.0917755844545835,-0.0448022700822134,0.2283534389913806,144.36,-38.147
35573,1997-05-27 00:00:00,0.1715735494253455,0.034913487615591,0.3082336112351001,144.36,-38.147
35574,1997-05-28 00:00:00,0.1328086101564968,-0.0039648068972968,0.2695820272102905,144.36,-38.147
35575,1997-05-29 00:00:00,0.2262105133005076,0.0895054771882323,0.3629155494127828,144.36,-38.147
35576,1997-05-30 00:00:00,0.1026528365242793,-0.0336589855448321,0.2389646585933907,144.36,-38.147
35577,1997-05-31 00:00:00,-0.0073000489300299,-0.1435039789916554,0.1289038811315956,144.36,-38.147
35578,1997-06-01 00:00:00,-0.0317410681667531,-0.1679197407880193,0.1044376044545131,144.36,-38.147
35579,1997-06-02 00:00:00,-0.0145705811734298,-0.1508068957496749,0.1216657334028152,144.36,-38.147
35580,1997-06-03 00:00:00,0.0375946739957627,-0.0986892599677567,0.1738786079592822,144.36,-38.147
35581,1997-06-04 00:00:00,0.0431628222100308,-0.0930434438132019,0.1793690882332635,144.36,-38.147
35582,1997-06-05 00:00:00,0.0634066827572158,-0.0730491287225696,0.1998624942370013,144.36,-38.147
35583,1997-06-06 00:00:00,0.1456257249296651,0.0086148210944607,0.2826366287648694,144.36,-38.147
35584,1997-06-07 00:00:00,0.1938920694978957,0.0572151850352127,0.3305689539605788,144.36,-38.147
35585,1997-06-08 00:00:00,0.0470256549356473,-0.0892226097762121,0.1832739196475069,144.36,-38.147
35586,1997-06-09 00:00:00,-1.582535444869665e-05,-0.1362318130511943,0.1362001623422969,144.36,-38.147
35587,1997-06-10 00:00:00,-0.0103469898956399,-0.1466211192911601,0.1259271394998803,144.36,-38.147
35588,1997-06-11 00:00:00,0.0583551357953771,-0.0779451466632942,0.1946554182540485,144.36,-38.147
35589,1997-06-12 00:00:00,0.0493455459406092,-0.0869670628361461,0.1856581547173645,144.36,-38.147
35590,1997-06-13 00:00:00,0.1466346544927483,0.0100681175852026,0.283201191400294,144.36,-38.147
35591,1997-06-14 00:00:00,0.2036029233108567,0.0668417380066977,0.3403641086150157,144.36,-38.147
35592,1997-06-15 00:00:00,0.07600652824651,-0.0603341441915377,0.2123472006845577,144.36,-38.147
35593,1997-06-16 00:00:00,-0.0014599803857134,-0.1377174171208906,0.1347974563494637,144.36,-38.147
35594,1997-06-17 00:00:00,-0.0470234859315821,-0.1833269913136087,0.0892800194504444,144.36,-38.147
35595,1997-06-18 00:00:00,-0.0945559125007536,-0.2308348268887671,0.0417230018872598,144.36,-38.147
35596,1997-06-19 00:00:00,-0.0717740536365982,-0.2080484306234314,0.0645003233502349,144.36,-38.147
35597,1997-06-20 00:00:00,-0.067770913850295,-0.2040098472691189,0.0684680195685288,144.36,-38.147
35598,1997-06-21 00:00:00,-0.0357981912870245,-0.1720726438668344,0.1004762612927854,144.36,-38.147
35599,1997-06-22 00:00:00,0.0230318542772742,-0.1132991845346479,0.1593628930891964,144.36,-38.147
35600,1997-06-23 00:00:00,0.026455454650501,-0.1098104237622434,0.1627213330632455,144.36,-38.147
35601,1997-06-24 00:00:00,0.049115011530545,-0.0871506348742595,0.1853806579353496,144.36,-38.147
35602,1997-06-25 00:00:00,-0.0356525073742223,-0.1721421062886418,0.100837091540197,144.36,-38.147
35603,1997-06-26 00:00:00,-0.0954980640034975,-0.2320124639754756,0.0410163359684805,144.36,-38.147
35604,1997-06-27 00:00:00,-0.0697512240231264,-0.2063532291884026,0.0668507811421497,144.36,-38.147
35605,1997-06-28 00:00:00,-0.0580936027974386,-0.194785847676447,0.0785986420815698,144.36,-38.147
35606,1997-06-29 00:00:00,-0.0418976362543869,-0.1782944759448907,0.0944992034361168,144.36,-38.147
35607,1997-06-30 00:00:00,-0.0508944918312416,-0.1872142236645512,0.0854252400020679,144.36,-38.147
35608,1997-07-01 00:00:00,-0.0309294689994104,-0.1672169847278619,0.105358046729041,144.36,-38.147
35609,1997-07-02 00:00:00,-0.0113927429626887,-0.147618494346398,0.1248330084210205,144.36,-38.147
35610,1997-07-03 00:00:00,-0.0282638977013451,-0.1644715532618975,0.1079437578592071,144.36,-38.147
35611,1997-07-04 00:00:00,-0.0700328847283094,-0.2063103483130819,0.0662445788564629,144.36,-38.147
35612,1997-07-05 00:00:00,-0.0566451080962552,-0.1929347249836373,0.0796445087911268,144.36,-38.147
35613,1997-07-06 00:00:00,-0.064534891008882,-0.2007690812639427,0.0716992992461786,144.36,-38.147
35614,1997-07-07 00:00:00,-0.0039474656404318,-0.1402890534800162,0.1323941221991524,144.36,-38.147
35615,1997-07-08 00:00:00,0.1577259111230637,0.0203063260863173,0.2951454961598101,144.36,-38.147
35616,1997-07-09 00:00:00,0.3067132965629782,0.1686532093611189,0.4447733837648374,144.36,-38.147
35617,1997-07-10 00:00:00,0.0425810658522921,-0.0942192750427797,0.1793814067473639,144.36,-38.147
35618,1997-07-11 00:00:00,-0.0281224603654987,-0.1643219047547721,0.1080769840237746,144.36,-38.147
35619,1997-07-12 00:00:00,0.053826970420538,-0.082404173855377,0.1900581146964531,144.36,-38.147
35620,1997-07-13 00:00:00,0.0210220412763174,-0.1151813648550657,0.1572254474077006,144.36,-38.147
35621,1997-07-14 00:00:00,0.0195992272672258,-0.1166874995900528,0.1558859541245045,144.36,-38.147
35622,1997-07-15 00:00:00,0.1142373310711222,-0.02272618181451,0.2512008439567545,144.36,-38.147
35623,1997-07-16 00:00:00,0.2071309642246511,0.0699687362888902,0.3442931921604121,144.36,-38.147
35624,1997-07-17 00:00:00,0.0257063383623201,-0.1108870252215566,0.1622997019461969,144.36,-38.147
35625,1997-07-18 00:00:00,-0.0157510319336998,-0.1520255286424707,0.120523464775071,144.36,-38.147
35626,1997-07-19 00:00:00,-0.0089442984932964,-0.1451746267648201,0.1272860297782273,144.36,-38.147
35627,1997-07-20 00:00:00,0.0104888095490861,-0.12573760150258,0.1467152206007523,144.36,-38.147
35628,1997-07-21 00:00:00,0.0414672627548211,-0.0947991363264838,0.1777336618361261,144.36,-38.147
35629,1997-07-22 00:00:00,0.0110399217844018,-0.1253745158325722,0.1474543594013759,144.36,-38.147
35630,1997-07-23 00:00:00,-0.0291062912062668,-0.1654144192781408,0.1072018368656072,144.36,-38.147
35631,1997-07-24 00:00:00,-0.0458117093285813,-0.1820066329919376,0.0903832143347748,144.36,-38.147
35632,1997-07-25 00:00:00,-0.0042746968928842,-0.1404772046528258,0.1319278108670573,144.36,-38.147
35633,1997-07-26 00:00:00,0.0328404044693967,-0.1036132993761874,0.1692941083149809,144.36,-38.147
35634,1997-07-27 00:00:00,0.1944584772698955,0.0578844911530617,0.3310324633867292,144.36,-38.147
35635,1997-07-28 00:00:00,0.1626044903048157,0.0261890926970639,0.2990198879125675,144.36,-38.147
35636,1997-07-29 00:00:00,0.0240310542029109,-0.1123294627602056,0.1603915711660274,144.36,-38.147
35637,1997-07-30 00:00:00,0.0123954389072905,-0.1239681647448755,0.1487590425594567,144.36,-38.147
35638,1997-07-31 00:00:00,0.0016932333669156,-0.1347204262824727,0.1381068930163042,144.36,-38.147
35639,1997-08-01 00:00:00,-0.0395127823750055,-0.1757893823631061,0.0967638176130949,144.36,-38.147
35640,1997-08-02 00:00:00,-0.0419875473734964,-0.1782047200556333,0.0942296253086404,144.36,-38.147
35641,1997-08-03 00:00:00,-0.0363499799547198,-0.1725498361233781,0.0998498762139383,144.36,-38.147
35642,1997-08-04 00:00:00,-0.0331331557802501,-0.1693458028333277,0.1030794912728275,144.36,-38.147
35643,1997-08-05 00:00:00,-0.0464792732422065,-0.182686876865332,0.089728330380919,144.36,-38.147
35644,1997-08-06 00:00:00,-0.0346068878284619,-0.1713421092150082,0.1021283335580843,144.36,-38.147
35645,1997-08-07 00:00:00,0.1634339317731601,0.0244165820674827,0.3024512814788375,144.36,-38.147
35646,1997-08-08 00:00:00,0.236546608720194,0.09992927928327,0.3731639381571179,144.36,-38.147
35647,1997-08-09 00:00:00,0.1284008317116143,-0.007941922797869,0.2647435862210977,144.36,-38.147
35648,1997-08-10 00:00:00,0.0378648728293684,-0.0984384178657679,0.1741681635245048,144.36,-38.147
35649,1997-08-11 00:00:00,0.0995968818580223,-0.0372257686618759,0.2364195323779206,144.36,-38.147
35650,1997-08-12 00:00:00,0.2964048886492343,0.1591737340148565,0.433636043283612,144.36,-38.147
35651,1997-08-13 00:00:00,0.13262004768563,-0.0041385222644021,0.2693786176356622,144.36,-38.147
35652,1997-08-14 00:00:00,0.0907056406927302,-0.0458400049671538,0.2272512863526143,144.36,-38.147
35653,1997-08-15 00:00:00,0.0654028383447997,-0.0709077362550772,0.2017134129446767,144.36,-38.147
35654,1997-08-16 00:00:00,0.0973197614798666,-0.039373208806898,0.2340127317666313,144.36,-38.147
35655,1997-08-17 00:00:00,0.319537843780808,0.1822409586500621,0.4568347289115538,144.36,-38.147
35656,1997-08-18 00:00:00,0.1608861907800667,0.0240161285096308,0.2977562530505024,144.36,-38.147
35657,1997-08-19 00:00:00,0.0629605297259547,-0.0733501627582442,0.1992712222101537,144.36,-38.147
35658,1997-08-20 00:00:00,-0.0009226064605519,-0.1371446666974414,0.1352994537763374,144.36,-38.147
35659,1997-08-21 00:00:00,0.015850801792139,-0.1203557872899288,0.1520573908742069,144.36,-38.147
35660,1997-08-22 00:00:00,0.050026237363194,-0.0862008120248698,0.1862532867512579,144.36,-38.147
35661,1997-08-23 00:00:00,0.2055382601088611,0.0690855841405383,0.3419909360771838,144.36,-38.147
35662,1997-08-24 00:00:00,0.1564750368267238,0.019224295716928,0.2937257779365196,144.36,-38.147
35663,1997-08-25 00:00:00,0.0948535623839648,-0.0423353154925235,0.2320424402604531,144.36,-38.147
35664,1997-08-26 00:00:00,0.178780112897062,0.0422741775909938,0.3152860482031303,144.36,-38.147
35665,1997-08-27 00:00:00,0.1162029917230811,-0.0202412031307129,0.2526471865768753,144.36,-38.147
35666,1997-08-28 00:00:00,0.0414003235123534,-0.0948460957162772,0.1776467427409841,144.36,-38.147
35667,1997-08-29 00:00:00,0.030420322628864,-0.105798585608518,0.1666392308662461,144.36,-38.147
35668,1997-08-30 00:00:00,0.004208207107979,-0.1320516868718685,0.1404681010878265,144.36,-38.147
35669,1997-08-31 00:00:00,0.0092374583199965,-0.1270607905070943,0.1455357071470874,144.36,-38.147
35670,1997-09-01 00:00:00,0.0484492740215261,-0.0878144418894813,0.1847129899325336,144.36,-38.147
35671,1997-09-02 00:00:00,0.0006779901609937,-0.1368670642622189,0.1382230445842064,144.36,-38.147
35672,1997-09-03 00:00:00,0.1807015247957978,0.0421465784692755,0.3192564711223201,144.36,-38.147
35673,1997-09-04 00:00:00,0.1215741418070831,-0.0148612926108155,0.2580095762249818,144.36,-38.147
35674,1997-09-05 00:00:00,0.1035573510621919,-0.0326533501232554,0.2397680522476393,144.36,-38.147
35675,1997-09-06 00:00:00,0.0852711971052074,-0.051005398445789,0.221547792656204,144.36,-38.147
35676,1997-09-07 00:00:00,0.0284939154554352,-0.1080569222867233,0.1650447531975938,144.36,-38.147
35677,1997-09-08 00:00:00,0.3579046878632651,0.2208829909396612,0.494926384786869,144.36,-38.147
35678,1997-09-09 00:00:00,0.1582775281065578,0.0217128433528051,0.2948422128603105,144.36,-38.147
35679,1997-09-10 00:00:00,0.0642996926126346,-0.0719484890674668,0.200547874292736,144.36,-38.147
35680,1997-09-11 00:00:00,-0.0171790150050363,-0.1535083948831117,0.1191503648730391,144.36,-38.147
35681,1997-09-12 00:00:00,-0.0601985352721676,-0.1964445224544133,0.0760474519100781,144.36,-38.147
35682,1997-09-13 00:00:00,-0.0466324272805725,-0.1828262933310766,0.0895614387699315,144.36,-38.147
35683,1997-09-14 00:00:00,-0.0082318893154491,-0.1444616186078716,0.1279978399769732,144.36,-38.147
35684,1997-09-15 00:00:00,0.115013543141809,-0.0213650568939046,0.2513921431775228,144.36,-38.147
35685,1997-09-16 00:00:00,0.0302181791751366,-0.106149392863786,0.1665857512140592,144.36,-38.147
35686,1997-09-17 00:00:00,-0.0341451792262373,-0.1704040729177509,0.1021137144652761,144.36,-38.147
35687,1997-09-18 00:00:00,-0.0552174397179555,-0.1914391704522842,0.0810042910163732,144.36,-38.147
35688,1997-09-19 00:00:00,-0.0346249144902305,-0.1708690970903501,0.101619268109889,144.36,-38.147
35689,1997-09-20 00:00:00,0.0628229205262066,-0.0735135440160501,0.1991593850684634,144.36,-38.147
35690,1997-09-21 00:00:00,0.0458165521510554,-0.0903634463549737,0.1819965506570846,144.36,-38.147
35691,1997-09-22 00:00:00,0.0203023623533973,-0.1159026523165624,0.156507377023357,144.36,-38.147
35692,1997-09-23 00:00:00,-0.0403710096422587,-0.1766638178038451,0.0959217985193275,144.36,-38.147
35693,1997-09-24 00:00:00,-0.0507880757084602,-0.1870982050989149,0.0855220536819944,144.36,-38.147
35694,1997-09-25 00:00:00,-0.014961600856328,-0.1513006662763518,0.1213774645636958,144.36,-38.147
35695,1997-09-26 00:00:00,0.0231838946091255,-0.1130554671838659,0.159423256402117,144.36,-38.147
35696,1997-09-27 00:00:00,0.1720497218605422,0.035787677358828,0.3083117663622564,144.36,-38.147
35697,1997-09-28 00:00:00,0.0414842481066009,-0.0948838084507213,0.1778523046639232,144.36,-38.147
35698,1997-09-29 00:00:00,-0.0086550069620882,-0.14491670745222,0.1276066935280434,144.36,-38.147
35699,1997-09-30 00:00:00,0.0151804605012057,-0.1210467808341039,0.1514077018365153,144.36,-38.147
35700,1997-10-01 00:00:00,0.0095511942471078,-0.1266764273070052,0.1457788158012209,144.36,-38.147
35701,1997-10-02 00:00:00,0.1864295152907063,0.0499660829694002,0.3228929476120123,144.36,-38.147
35702,1997-10-03 00:00:00,0.1892313466325499,0.0518823321183816,0.3265803611467183,144.36,-38.147
35703,1997-10-04 00:00:00,0.0398787380377364,-0.0974901606833259,0.1772476367587989,144.36,-38.147
35704,1997-10-05 00:00:00,0.0019761264604643,-0.1342617995033272,0.1382140524242558,144.36,-38.147
35705,1997-10-06 00:00:00,0.0028512389146021,-0.1334746417488565,0.1391771195780609,144.36,-38.147
35706,1997-10-07 00:00:00,-0.0640161796461713,-0.2005966381863189,0.0725642788939761,144.36,-38.147
35707,1997-10-08 00:00:00,0.0975933357793636,-0.038910806159873,0.2340974777186003,144.36,-38.147
35708,1997-10-09 00:00:00,0.0653418126830286,-0.0710511120164576,0.2017347373825149,144.36,-38.147
35709,1997-10-10 00:00:00,0.0669929004515739,-0.0694206450254503,0.2034064459285982,144.36,-38.147
35710,1997-10-11 00:00:00,0.3162918891073892,0.1792886222488301,0.4532951559659482,144.36,-38.147
35711,1997-10-12 00:00:00,0.3426141154757372,0.2056298734227731,0.4795983575287013,144.36,-38.147
35712,1997-10-13 00:00:00,0.0773215742496304,-0.0593771042856979,0.2140202527849589,144.36,-38.147
35713,1997-10-14 00:00:00,0.0845914182569793,-0.0523858987835318,0.2215687352974905,144.36,-38.147
35714,1997-10-15 00:00:00,0.2192253837854241,0.0821662484922156,0.3562845190786327,144.36,-38.147
35715,1997-10-16 00:00:00,0.1679693075826153,0.0315109742482034,0.3044276409170272,144.36,-38.147
35716,1997-10-17 00:00:00,0.1712062233044225,0.0348090281960668,0.3076034184127781,144.36,-38.147
35717,1997-10-18 00:00:00,0.0589066158712131,-0.0775214647111893,0.1953346964536157,144.36,-38.147
35718,1997-10-19 00:00:00,0.0085354857808066,-0.1278664070624971,0.1449373786241105,144.36,-38.147
35719,1997-10-20 00:00:00,0.0099237491645627,-0.1264499863833705,0.1462974847124961,144.36,-38.147
35720,1997-10-21 00:00:00,-0.0627762013644795,-0.1992349333008726,0.0736825305719135,144.36,-38.147
35721,1997-10-22 00:00:00,-0.0555727369088871,-0.1918613499667478,0.0807158761489735,144.36,-38.147
35722,1997-10-23 00:00:00,-0.0238041015803398,-0.1600053577787679,0.1123971546180881,144.36,-38.147
35723,1997-10-24 00:00:00,-0.0065265504645053,-0.1427364951959212,0.1296833942669105,144.36,-38.147
35724,1997-10-25 00:00:00,0.0057168577811156,-0.1305232139658158,0.1419569295280471,144.36,-38.147
35725,1997-10-26 00:00:00,-0.0040500970235951,-0.140343231403298,0.1322430373561077,144.36,-38.147
35726,1997-10-27 00:00:00,0.1250102636714878,-0.0114296548265513,0.2614501821695271,144.36,-38.147
35727,1997-10-28 00:00:00,0.0257745561758181,-0.1104030144798151,0.1619521268314514,144.36,-38.147
35728,1997-10-29 00:00:00,0.0901365429362315,-0.0461013956493338,0.2263744815217969,144.36,-38.147
35729,1997-10-30 00:00:00,0.0243502147504181,-0.1120468599570076,0.160747289457844,144.36,-38.147
35730,1997-10-31 00:00:00,0.0516433101848777,-0.0850263119255961,0.1883129322953515,144.36,-38.147
35731,1997-11-01 00:00:00,0.344675592550101,0.2065756526888633,0.4827755324113387,144.36,-38.147
35732,1997-11-02 00:00:00,0.1092145415061309,-0.0280835398988112,0.2465126229110731,144.36,-38.147
35733,1997-11-03 00:00:00,0.0432334593406154,-0.09307562820967,0.1795425468909009,144.36,-38.147
35734,1997-11-04 00:00:00,0.0437351145997252,-0.0924936570050161,0.1799638862044666,144.36,-38.147
35735,1997-11-05 00:00:00,-0.008386199159787,-0.1445912701117269,0.1278188717921529,144.36,-38.147
35736,1997-11-06 00:00:00,0.0094872506410159,-0.1266920854138237,0.1456665866958557,144.36,-38.147
35737,1997-11-07 00:00:00,0.0369076427072693,-0.0993166130286117,0.1731318984431503,144.36,-38.147
35738,1997-11-08 00:00:00,0.0147640820635497,-0.121548943564535,0.1510771076916344,144.36,-38.147
35739,1997-11-09 00:00:00,-0.0395266196385027,-0.1758185024742643,0.0967652631972588,144.36,-38.147
35740,1997-11-10 00:00:00,-0.0061627032400951,-0.1423818725431381,0.1300564660629478,144.36,-38.147
35741,1997-11-11 00:00:00,0.2003863048957875,0.0640057355419016,0.3367668742496735,144.36,-38.147
35742,1997-11-12 00:00:00,0.1524710496443966,0.0161340174840628,0.2888080818047304,144.36,-38.147
35743,1997-11-13 00:00:00,0.0614063179366899,-0.0748625951046243,0.1976752309780043,144.36,-38.147
35744,1997-11-14 00:00:00,0.0934161167562001,-0.0429251772994456,0.2297574108118459,144.36,-38.147
35745,1997-11-15 00:00:00,0.1209233654486125,-0.015399786112553,0.2572465170097782,144.36,-38.147
35746,1997-11-16 00:00:00,0.1179353646567535,-0.018362937438136,0.2542336667516431,144.36,-38.147
35747,1997-11-17 00:00:00,0.1631766025678289,0.0268522032833161,0.2995010018523416,144.36,-38.147
35748,1997-11-18 00:00:00,0.1413133307263095,0.0049696521202293,0.2776570093323898,144.36,-38.147
35749,1997-11-19 00:00:00,0.1854637906888965,0.0489690144240072,0.3219585669537858,144.36,-38.147
35750,1997-11-20 00:00:00,0.121292439534922,-0.0152368030585818,0.2578216821284258,144.36,-38.147
35751,1997-11-21 00:00:00,0.0181179375327865,-0.1181279746233548,0.1543638496889278,144.36,-38.147
35752,1997-11-22 00:00:00,0.0084142872462201,-0.1280390809403447,0.1448676554327849,144.36,-38.147
35753,1997-11-23 00:00:00,0.1295474900053525,-0.0071842225013755,0.2662792025120806,144.36,-38.147
35754,1997-11-24 00:00:00,0.1076637560973058,-0.0287844932593309,0.2441120054539427,144.36,-38.147
35755,1997-11-25 00:00:00,0.0231073391451532,-0.1131006538178478,0.1593153321081542,144.36,-38.147
35756,1997-11-26 00:00:00,0.0765688747725975,-0.0597545118177955,0.2128922613629906,144.36,-38.147
35757,1997-11-27 00:00:00,0.1195204458475635,-0.0168922585551681,0.2559331502502951,144.36,-38.147
35758,1997-11-28 00:00:00,0.1258822859458567,-0.0105649743380542,0.2623295462297678,144.36,-38.147
35759,1997-11-29 00:00:00,0.0136861861902279,-0.1226536153596834,0.1500259877401393,144.36,-38.147
35760,1997-11-30 00:00:00,0.1410693396872492,0.0043931388469725,0.2777455405275258,144.36,-38.147
35761,1997-12-01 00:00:00,0.1290659280504883,-0.0072607530253429,0.2653926091263195,144.36,-38.147
35762,1997-12-02 00:00:00,0.2832972994908114,0.1466930605428648,0.419901538438758,144.36,-38.147
35763,1997-12-03 00:00:00,0.1282069205355337,-0.008399803239369,0.2648136443104364,144.36,-38.147
35764,1997-12-04 00:00:00,0.03735523816462,-0.0988935819966481,0.1736040583258882,144.36,-38.147
35765,1997-12-05 00:00:00,0.0136835900916681,-0.1226378890755573,0.1500050692588937,144.36,-38.147
35766,1997-12-06 00:00:00,0.0222907727253861,-0.1141402962753024,0.1587218417260748,144.36,-38.147
35767,1997-12-07 00:00:00,0.0545247291207549,-0.0819402595998399,0.1909897178413498,144.36,-38.147
35768,1997-12-08 00:00:00,-0.0016459614829146,-0.1379501822211191,0.1346582592552898,144.36,-38.147
35769,1997-12-09 00:00:00,0.0187473140609757,-0.1176293895404542,0.1551240176624057,144.36,-38.147
35770,1997-12-10 00:00:00,0.0184020494394758,-0.118165372751457,0.1549694716304087,144.36,-38.147
35771,1997-12-11 00:00:00,-0.0405091550507045,-0.1772621700528005,0.0962438599513913,144.36,-38.147
35772,1997-12-12 00:00:00,0.0462607008002044,-0.090176153513295,0.1826975551137039,144.36,-38.147
35773,1997-12-13 00:00:00,0.0326682757127383,-0.1037104653658532,0.1690470167913299,144.36,-38.147
35774,1997-12-14 00:00:00,0.2266989835011787,0.0902471712844214,0.3631507957179361,144.36,-38.147
35775,1997-12-15 00:00:00,0.3194094877532804,0.1830117756845225,0.4558071998220382,144.36,-38.147
35776,1997-12-16 00:00:00,0.1191478918284714,-0.0171984916235363,0.2554942752804792,144.36,-38.147
35777,1997-12-17 00:00:00,0.1309379721411588,-0.0053029341388078,0.2671788784211254,144.36,-38.147
35778,1997-12-18 00:00:00,0.1132438623989665,-0.0231665870604269,0.2496543118583599,144.36,-38.147
35779,1997-12-19 00:00:00,0.1114036779948744,-0.0248954938426773,0.2477028498324262,144.36,-38.147
35780,1997-12-20 00:00:00,0.0588765256468044,-0.0773638044483707,0.1951168557419795,144.36,-38.147
35781,1997-12-21 00:00:00,0.1909597557058796,0.0541568817773378,0.3277626296344215,144.36,-38.147
35782,1997-12-22 00:00:00,0.4075732534311745,0.2703448762661638,0.5448016305961854,144.36,-38.147
35783,1997-12-23 00:00:00,0.1406429718230624,0.0042148149136141,0.2770711287325106,144.36,-38.147
35784,1997-12-24 00:00:00,0.1184838150498402,-0.0178970150353268,0.2548646451350075,144.36,-38.147
35785,1997-12-25 00:00:00,0.0329432263874085,-0.1033076979675502,0.1691941507423674,144.36,-38.147
35786,1997-12-26 00:00:00,0.1210828137076537,-0.0151804424235096,0.2573460698388171,144.36,-38.147
35787,1997-12-27 00:00:00,0.1015625409122236,-0.034796161930833,0.2379212437552803,144.36,-38.147
35788,1997-12-28 00:00:00,0.0104424627143543,-0.12586263178097,0.1467475572096788,144.36,-38.147
35789,1997-12-29 00:00:00,0.0213445247284947,-0.1149591158943084,0.1576481653512979,144.36,-38.147
35790,1997-12-30 00:00:00,0.0192256902367069,-0.1171233622565217,0.1555747427299357,144.36,-38.147
35791,1997-12-31 00:00:00,0.0046683513405025,-0.1315959565907285,0.1409326592717336,144.36,-38.147
35792,1998-01-01 00:00:00,0.0354512508339206,-0.1007868647835171,0.1716893664513584,144.36,-38.147
35793,1998-01-02 00:00:00,0.0924264572124301,-0.0441763385005677,0.229029252925428,144.36,-38.147
35794,1998-01-03 00:00:00,0.1370417633577905,0.0003955815541209,0.2736879451614602,144.36,-38.147
35795,1998-01-04 00:00:00,0.04807326075715,-0.0882856125676553,0.1844321340819554,144.36,-38.147
35796,1998-01-05 00:00:00,0.0332849564321517,-0.1030546965028965,0.1696246093672,144.36,-38.147
35797,1998-01-06 00:00:00,-0.0086305475764476,-0.1449565082113525,0.1276954130584573,144.36,-38.147
35798,1998-01-07 00:00:00,-0.0308628325583429,-0.1672784649914258,0.10555279987474,144.36,-38.147
35799,1998-01-08 00:00:00,-0.0037796893760379,-0.1400957244895975,0.1325363457375216,144.36,-38.147
35800,1998-01-09 00:00:00,-0.0326022766114174,-0.1690467729305407,0.1038422197077058,144.36,-38.147
35801,1998-01-10 00:00:00,0.0479520240496395,-0.088432605879879,0.1843366539791582,144.36,-38.147
35802,1998-01-11 00:00:00,0.0075039309172174,-0.1288215589317945,0.1438294207662294,144.36,-38.147
35803,1998-01-12 00:00:00,-0.0186442245243251,-0.1549579242222152,0.1176694751735649,144.36,-38.147
35804,1998-01-13 00:00:00,0.0274113451344893,-0.1088977730877218,0.1637204633567005,144.36,-38.147
35805,1998-01-14 00:00:00,0.1008126574818308,-0.0356764304973264,0.237301745460988,144.36,-38.147
35806,1998-01-15 00:00:00,0.1712213290326683,0.0345859705478432,0.3078566875174934,144.36,-38.147
35807,1998-01-16 00:00:00,0.0217767586407422,-0.1145853397106202,0.1581388569921046,144.36,-38.147
35808,1998-01-17 00:00:00,-0.0094665074607266,-0.1458871022124457,0.1269540872909923,144.36,-38.147
35809,1998-01-18 00:00:00,0.1478760892074933,0.0107042621364012,0.2850479162785854,144.36,-38.147
35810,1998-01-19 00:00:00,0.0239908516441551,-0.1127463019791465,0.1607280052674568,144.36,-38.147
35811,1998-01-20 00:00:00,0.0427558343513409,-0.0935721259634865,0.1790837946661683,144.36,-38.147
35812,1998-01-21 00:00:00,0.0025807331377508,-0.133848483543839,0.1390099498193407,144.36,-38.147
35813,1998-01-22 00:00:00,0.042097781338188,-0.094381776751237,0.1785773394276132,144.36,-38.147
35814,1998-01-23 00:00:00,0.1591718876147222,0.0225790478876876,0.2957647273417568,144.36,-38.147
35815,1998-01-24 00:00:00,0.0599330767653851,-0.0764768313033323,0.1963429848341026,144.36,-38.147
35816,1998-01-25 00:00:00,0.0754997545211626,-0.0610245515631953,0.2120240606055205,144.36,-38.147
35817,1998-01-26 00:00:00,0.041182859912677,-0.09609134634842,0.1784570661737741,144.36,-38.147
35818,1998-01-27 00:00:00,-0.0144343990219708,-0.1516313952272446,0.122762597183303,144.36,-38.147
35819,1998-01-28 00:00:00,0.2241030456689774,0.0875399385052257,0.3606661528327292,144.36,-38.147
35820,1998-01-29 00:00:00,0.1655485148267681,0.0287932832434694,0.3023037464100667,144.36,-38.147
35821,1998-01-30 00:00:00,0.149549919047824,0.0132820167809594,0.2858178213146886,144.36,-38.147
35822,1998-01-31 00:00:00,0.0554733378171978,-0.0807876734433727,0.1917343490777684,144.36,-38.147
35823,1998-02-01 00:00:00,0.0197306248476515,-0.1164939854419435,0.1559552351372466,144.36,-38.147
35824,1998-02-02 00:00:00,0.0820000119885719,-0.0545120286244639,0.2185120526016077,144.36,-38.147
35825,1998-02-03 00:00:00,0.1608317576215175,0.0242519789833632,0.2974115362596717,144.36,-38.147
35826,1998-02-04 00:00:00,0.0579196479857119,-0.0783420566293853,0.1941813526008091,144.36,-38.147
35827,1998-02-05 00:00:00,0.0493086049948478,-0.0869260100837641,0.1855432200734598,144.36,-38.147
35828,1998-02-06 00:00:00,0.0358981526969153,-0.100427037277447,0.1722233426712777,144.36,-38.147
35829,1998-02-07 00:00:00,-0.0159958565949723,-0.152309826355373,0.1203181131654283,144.36,-38.147
35830,1998-02-08 00:00:00,0.2884324243603596,0.1517554528780166,0.4251093958427025,144.36,-38.147
35831,1998-02-09 00:00:00,0.0469988106722953,-0.0895093469961397,0.1835069683407304,144.36,-38.147
35832,1998-02-10 00:00:00,-0.0297871464409499,-0.1660368665286808,0.1064625736467808,144.36,-38.147
35833,1998-02-11 00:00:00,0.0023163028201998,-0.1339277367078536,0.1385603423482533,144.36,-38.147
35834,1998-02-12 00:00:00,0.0953856340144763,-0.0408790488469756,0.2316503168759283,144.36,-38.147
35835,1998-02-13 00:00:00,0.1362347020989036,-0.000116153492854,0.2725855576906613,144.36,-38.147
35836,1998-02-14 00:00:00,0.0726484784219873,-0.0635831558949758,0.2088801127389506,144.36,-38.147
35837,1998-02-15 00:00:00,0.0580621049378069,-0.0781898105940709,0.1943140204696848,144.36,-38.147
35838,1998-02-16 00:00:00,0.1421416844148812,0.0057261389846974,0.2785572298450649,144.36,-38.147
35839,1998-02-17 00:00:00,0.1003746819921524,-0.0360478956276101,0.236797259611915,144.36,-38.147
35840,1998-02-18 00:00:00,0.0379640093687113,-0.0983292087103288,0.1742572274477515,144.36,-38.147
35841,1998-02-19 00:00:00,0.152614001571532,0.0162852545338421,0.288942748609222,144.36,-38.147
35842,1998-02-20 00:00:00,0.2999683012335393,0.1632434244183666,0.436693178048712,144.36,-38.147
35843,1998-02-21 00:00:00,0.0908530333263146,-0.0454753959335648,0.2271814625861941,144.36,-38.147
35844,1998-02-22 00:00:00,0.1610270034621634,0.0246925854230948,0.297361421501232,144.36,-38.147
35845,1998-02-23 00:00:00,0.0601628189728306,-0.0763231167045919,0.1966487546502532,144.36,-38.147
35846,1998-02-24 00:00:00,-0.0234303733211898,-0.1596446306757595,0.1127838840333799,144.36,-38.147
35847,1998-02-25 00:00:00,0.061197879896135,-0.0751172441464929,0.197513003938763,144.36,-38.147
35848,1998-02-26 00:00:00,0.0406786828971524,-0.0959895140121901,0.177346879806495,144.36,-38.147
35849,1998-02-27 00:00:00,0.1619048679565476,0.0244692762922103,0.2993404596208849,144.36,-38.147
35850,1998-02-28 00:00:00,0.0261037495153198,-0.1104504741199848,0.1626579731506245,144.36,-38.147
35851,1998-03-01 00:00:00,0.0049517801116072,-0.1313175867926344,0.1412211470158488,144.36,-38.147
35852,1998-03-02 00:00:00,-0.0201348302616695,-0.1563838371242157,0.1161141766008765,144.36,-38.147
35853,1998-03-03 00:00:00,-0.0103329162678801,-0.1465615593280402,0.1258957267922799,144.36,-38.147
35854,1998-03-04 00:00:00,0.0884587569823661,-0.0477708229005068,0.2246883368652391,144.36,-38.147
35855,1998-03-05 00:00:00,0.1148421166265358,-0.021527933987974,0.2512121672410456,144.36,-38.147
35856,1998-03-06 00:00:00,0.0830212827492693,-0.0541267661613894,0.2201693316599281,144.36,-38.147
35857,1998-03-07 00:00:00,0.0047510000509924,-0.1326497580852196,0.1421517581872045,144.36,-38.147
35858,1998-03-08 00:00:00,-0.0571728756243474,-0.1936005838137334,0.0792548325650385,144.36,-38.147
35859,1998-03-09 00:00:00,-0.0156605084749512,-0.1519024671030553,0.1205814501531529,144.36,-38.147
35860,1998-03-10 00:00:00,0.0074288469184101,-0.1287638244402545,0.1436215182770748,144.36,-38.147
35861,1998-03-11 00:00:00,-0.0014937940397178,-0.137687757284507,0.1347001692050713,144.36,-38.147
35862,1998-03-12 00:00:00,0.0262892032633579,-0.1099696531291891,0.162548059655905,144.36,-38.147
35863,1998-03-13 00:00:00,0.1584301625278792,0.022030654427167,0.2948296706285915,144.36,-38.147
35864,1998-03-14 00:00:00,0.189431937671859,0.0530531367549926,0.3258107385887255,144.36,-38.147
35865,1998-03-15 00:00:00,0.0435630177384854,-0.0927136333938208,0.1798396688707918,144.36,-38.147
35866,1998-03-16 00:00:00,0.0484223911986078,-0.087773014014636,0.1846177964118518,144.36,-38.147
35867,1998-03-17 00:00:00,0.0748893465508402,-0.0612928026791913,0.2110714957808717,144.36,-38.147
35868,1998-03-18 00:00:00,0.0645916583221963,-0.0716266264854866,0.2008099431298794,144.36,-38.147
35869,1998-03-19 00:00:00,0.0226709375022423,-0.1135150620675446,0.1588569370720293,144.36,-38.147
35870,1998-03-20 00:00:00,0.0157705360419294,-0.1204689507878244,0.1520100228716832,144.36,-38.147
35871,1998-03-21 00:00:00,0.1108138037820939,-0.0255124201737602,0.2471400277379482,144.36,-38.147
35872,1998-03-22 00:00:00,0.0486832047434932,-0.0877869109781216,0.1851533204651081,144.36,-38.147
35873,1998-03-23 00:00:00,0.1917126713881454,0.0550275696456265,0.3283977731306642,144.36,-38.147
35874,1998-03-24 00:00:00,0.1682066218638563,0.0317983605913918,0.3046148831363208,144.36,-38.147
35875,1998-03-25 00:00:00,0.0222743799108439,-0.1140019690472714,0.1585507288689593,144.36,-38.147
35876,1998-03-26 00:00:00,0.0001992358345854,-0.1360641646196081,0.1364626362887791,144.36,-38.147
35877,1998-03-27 00:00:00,-0.0125881206989771,-0.1488022440879918,0.1236260026900375,144.36,-38.147
35878,1998-03-28 00:00:00,0.099064614093114,-0.0372112136031109,0.235340441789339,144.36,-38.147
35879,1998-03-29 00:00:00,0.1557994144981366,0.0194172376292513,0.2921815913670219,144.36,-38.147
35880,1998-03-30 00:00:00,0.0615302027252162,-0.0747594107882778,0.1978198162387102,144.36,-38.147
35881,1998-03-31 00:00:00,0.1426837494764381,0.0063704102014015,0.2789970887514746,144.36,-38.147
35882,1998-04-01 00:00:00,0.0395864801994327,-0.0971090992553361,0.1762820596542017,144.36,-38.147
35883,1998-04-02 00:00:00,-0.0244018869631814,-0.1608115347333479,0.1120077608069851,144.36,-38.147
35884,1998-04-03 00:00:00,0.0345041873352511,-0.1018379002313812,0.1708462749018834,144.36,-38.147
35885,1998-04-04 00:00:00,0.033279402611335,-0.1029653179724695,0.1695241231951396,144.36,-38.147
35886,1998-04-05 00:00:00,0.0450362567848989,-0.0911744293448774,0.1812469429146753,144.36,-38.147
35887,1998-04-06 00:00:00,0.0096966926192381,-0.1265132804315584,0.1459066656700348,144.36,-38.147
35888,1998-04-07 00:00:00,-0.002580962593411,-0.1387754230496224,0.1336134978628003,144.36,-38.147
35889,1998-04-08 00:00:00,0.116340791061434,-0.0200843898152718,0.2527659719381399,144.36,-38.147
35890,1998-04-09 00:00:00,0.0964348108554656,-0.0400347972579956,0.2329044189689268,144.36,-38.147
35891,1998-04-10 00:00:00,0.0273563417881404,-0.1088914945735796,0.1636041781498606,144.36,-38.147
35892,1998-04-11 00:00:00,-0.0041268001176444,-0.1402937581003835,0.1320401578650946,144.36,-38.147
35893,1998-04-12 00:00:00,0.035612142556985,-0.100652997331429,0.1718772824453992,144.36,-38.147
35894,1998-04-13 00:00:00,0.3824914115707684,0.2452660160415531,0.5197168070999837,144.36,-38.147
35895,1998-04-14 00:00:00,0.047477511162581,-0.0891839624092913,0.1841389847344534,144.36,-38.147
35896,1998-04-15 00:00:00,0.0165591176544946,-0.1197709019366049,0.1528891372455942,144.36,-38.147
35897,1998-04-16 00:00:00,-0.0152131876072481,-0.1514256463767231,0.1209992711622268,144.36,-38.147
35898,1998-04-17 00:00:00,0.0077683714341337,-0.128490475840718,0.1440272187089856,144.36,-38.147
35899,1998-04-18 00:00:00,-0.0195496681083693,-0.155739692641448,0.1166403564247093,144.36,-38.147
35900,1998-04-19 00:00:00,-0.0157681064465694,-0.1519358601199225,0.1203996472267837,144.36,-38.147
35901,1998-04-20 00:00:00,0.0167539268472602,-0.1196552522070149,0.1531631059015353,144.36,-38.147
35902,1998-04-21 00:00:00,0.1525329709752812,0.0161336454907461,0.2889322964598164,144.36,-38.147
35903,1998-04-22 00:00:00,0.1420518159262144,0.0057931327245006,0.2783104991279281,144.36,-38.147
35904,1998-04-23 00:00:00,0.0465596519115108,-0.0896808970066802,0.182800200829702,144.36,-38.147
35905,1998-04-24 00:00:00,0.0265914997030411,-0.1096154173729915,0.1627984167790738,144.36,-38.147
35906,1998-04-25 00:00:00,0.1409971869695382,0.0042871621082072,0.2777072118308693,144.36,-38.147
35907,1998-04-26 00:00:00,0.174178481450986,0.0366544823160542,0.3117024805859177,144.36,-38.147
35908,1998-04-27 00:00:00,0.0199358969634243,-0.1166741799478152,0.1565459738746638,144.36,-38.147
35909,1998-04-28 00:00:00,-0.0021417232119748,-0.1383176053646537,0.1340341589407039,144.36,-38.147
35910,1998-04-29 00:00:00,0.0281261743355567,-0.1080759052065331,0.1643282538776465,144.36,-38.147
35911,1998-04-30 00:00:00,0.1959078989966809,0.0594394957393041,0.3323763022540578,144.36,-38.147
35912,1998-05-01 00:00:00,0.0436245119273834,-0.0928144370192943,0.1800634608740613,144.36,-38.147
35913,1998-05-02 00:00:00,-0.0028614005399358,-0.1390818554544081,0.1333590543745363,144.36,-38.147
35914,1998-05-03 00:00:00,-0.0665980429583621,-0.2028644186853566,0.0696683327686323,144.36,-38.147
35915,1998-05-04 00:00:00,-0.0447118589570933,-0.1809742090058413,0.0915504910916545,144.36,-38.147
35916,1998-05-05 00:00:00,0.004336518475382,-0.1319152233119438,0.1405882602627078,144.36,-38.147
35917,1998-05-06 00:00:00,0.0755664155913831,-0.0607575160437001,0.2118903472264665,144.36,-38.147
35918,1998-05-07 00:00:00,0.0965238754219884,-0.0398740047499242,0.2329217555939011,144.36,-38.147
35919,1998-05-08 00:00:00,0.0883763769357873,-0.0479152491824809,0.2246680030540556,144.36,-38.147
35920,1998-05-09 00:00:00,0.0613939389250795,-0.0749510718571709,0.19773894970733,144.36,-38.147
35921,1998-05-10 00:00:00,-0.0038025293700232,-0.1401668420914189,0.1325617833513724,144.36,-38.147
35922,1998-05-11 00:00:00,0.1174231083811249,-0.0191200278885637,0.2539662446508136,144.36,-38.147
35923,1998-05-12 00:00:00,0.109318179032373,-0.0272104778525545,0.2458468359173007,144.36,-38.147
35924,1998-05-13 00:00:00,0.0115804830569883,-0.1246158416591996,0.1477768077731762,144.36,-38.147
35925,1998-05-14 00:00:00,0.0041504925663538,-0.1320591629485034,0.1403601480812111,144.36,-38.147
35926,1998-05-15 00:00:00,0.0521456425076413,-0.0841042738061534,0.1883955588214361,144.36,-38.147
35927,1998-05-16 00:00:00,0.0455249483617774,-0.0907396814993213,0.1817895782228762,144.36,-38.147
35928,1998-05-17 00:00:00,-0.0296268204472694,-0.1658376004856697,0.1065839595911308,144.36,-38.147
35929,1998-05-18 00:00:00,-0.0278080808640518,-0.1640382784163362,0.1084221166882326,144.36,-38.147
35930,1998-05-19 00:00:00,0.0356165067938926,-0.1007157993496082,0.1719488129373935,144.36,-38.147
35931,1998-05-20 00:00:00,0.1586055584589958,0.0218095227179781,0.2954015942000135,144.36,-38.147
35932,1998-05-21 00:00:00,0.0757632629295688,-0.0611713530841825,0.2126978789433201,144.36,-38.147
35933,1998-05-22 00:00:00,-0.0399042550581613,-0.1764900625952883,0.0966815524789656,144.36,-38.147
35934,1998-05-23 00:00:00,0.3365446586520765,0.1992106526404455,0.4738786646637074,144.36,-38.147
35935,1998-05-24 00:00:00,0.2141466089096374,0.0758105308270586,0.3524826869922162,144.36,-38.147
35936,1998-05-25 00:00:00,-0.0126861203607934,-0.1494089426239974,0.1240367019024104,144.36,-38.147
35937,1998-05-26 00:00:00,-0.0424004407759269,-0.1786832800779413,0.0938823985260875,144.36,-38.147
35938,1998-05-27 00:00:00,0.0014792160071447,-0.1347882308175606,0.13774666283185,144.36,-38.147
35939,1998-05-28 00:00:00,0.07579338198748,-0.0606142432204446,0.2122010071954047,144.36,-38.147
35940,1998-05-29 00:00:00,0.0872325782619806,-0.0491099909649022,0.2235751474888636,144.36,-38.147
35941,1998-05-30 00:00:00,0.1540160369222304,0.0175515484382362,0.2904805254062245,144.36,-38.147
35942,1998-05-31 00:00:00,-0.0146010562066674,-0.1509649853982891,0.1217628729849542,144.36,-38.147
35943,1998-06-01 00:00:00,-0.00220539012073,-0.1384653883785181,0.134054608137058,144.36,-38.147
35944,1998-06-02 00:00:00,0.0222932084238658,-0.1140040933699636,0.1585905102176952,144.36,-38.147
35945,1998-06-03 00:00:00,-0.0310745974931458,-0.1673636117867484,0.1052144168004568,144.36,-38.147
35946,1998-06-04 00:00:00,0.013557400389334,-0.1227058107549918,0.14982061153366,144.36,-38.147
35947,1998-06-05 00:00:00,0.0449703977772348,-0.0912402678307564,0.1811810633852261,144.36,-38.147
35948,1998-06-06 00:00:00,0.1225452295504747,-0.0138240884928633,0.2589145475938129,144.36,-38.147
35949,1998-06-07 00:00:00,0.2097225680797066,0.0726162400724058,0.3468288960870075,144.36,-38.147
35950,1998-06-08 00:00:00,-0.0475586584551899,-0.1847523533501584,0.0896350364397784,144.36,-38.147
35951,1998-06-09 00:00:00,-0.055695429931394,-0.1919208415353227,0.0805299816725347,144.36,-38.147
35952,1998-06-10 00:00:00,0.0171651456733782,-0.1190392187442168,0.1533695100909733,144.36,-38.147
35953,1998-06-11 00:00:00,0.0058363439408937,-0.1306113204125736,0.142284008294361,144.36,-38.147
35954,1998-06-12 00:00:00,0.1652356413953222,0.0266838306081692,0.3037874521824752,144.36,-38.147
35955,1998-06-13 00:00:00,0.2461988600035946,0.1079749277759827,0.3844227922312065,144.36,-38.147
35956,1998-06-14 00:00:00,0.1063621037459244,-0.0300678997418675,0.2427921072337164,144.36,-38.147
35957,1998-06-15 00:00:00,0.2006926628836461,0.0641696186906123,0.3372157070766799,144.36,-38.147
35958,1998-06-16 00:00:00,0.0771932143532134,-0.059446552963268,0.2138329816696948,144.36,-38.147
35959,1998-06-17 00:00:00,-0.0327990458524403,-0.1692886324067727,0.103690540701892,144.36,-38.147
35960,1998-06-18 00:00:00,0.0084476658842489,-0.1278612434590591,0.1447565752275569,144.36,-38.147
35961,1998-06-19 00:00:00,-0.031867857362578,-0.1681697564048973,0.1044340416797411,144.36,-38.147
35962,1998-06-20 00:00:00,-0.0128653474742307,-0.1495153280889059,0.1237846331404443,144.36,-38.147
35963,1998-06-21 00:00:00,0.0846215112854734,-0.0524433533852103,0.2216863759561571,144.36,-38.147
35964,1998-06-22 00:00:00,0.0596573967878898,-0.0771948719552915,0.1965096655310713,144.36,-38.147
35965,1998-06-23 00:00:00,0.0453179103260892,-0.0930572623601339,0.1836930830123124,144.36,-38.147
35966,1998-06-24 00:00:00,0.048065263172619,-0.0912540676176131,0.1873845939628511,144.36,-38.147
35967,1998-06-25 00:00:00,0.1182957953795195,-0.0188669245231007,0.2554585152821399,144.36,-38.147
35968,1998-06-26 00:00:00,-0.0022832212554907,-0.1388485329780461,0.1342820904670645,144.36,-38.147
35969,1998-06-27 00:00:00,0.0082744555674236,-0.1279610739362174,0.1445099850710647,144.36,-38.147
35970,1998-06-28 00:00:00,0.082438433509583,-0.053913523816249,0.2187903908354151,144.36,-38.147
35971,1998-06-29 00:00:00,0.1737341009795527,0.0372935543196277,0.3101746476394778,144.36,-38.147
35972,1998-06-30 00:00:00,0.0798762379645789,-0.0564534129987713,0.2162058889279292,144.36,-38.147
35973,1998-07-01 00:00:00,0.0549185456451602,-0.0813414137964378,0.1911785050867583,144.36,-38.147
35974,1998-07-02 00:00:00,0.0344842383924141,-0.1017875422517377,0.170756019036566,144.36,-38.147
35975,1998-07-03 00:00:00,-0.0070220512166575,-0.1432502841044652,0.1292061816711501,144.36,-38.147
35976,1998-07-04 00:00:00,-0.0111092653915599,-0.1473649328057545,0.1251464020226345,144.36,-38.147
35977,1998-07-05 00:00:00,0.0091006785043267,-0.1278937963235027,0.1460951533321561,144.36,-38.147
35978,1998-07-06 00:00:00,0.3009142025958948,0.1616754907979634,0.4401529143938262,144.36,-38.147
35979,1998-07-07 00:00:00,0.0500092345284621,-0.0867812644614516,0.186799733518376,144.36,-38.147
35980,1998-07-08 00:00:00,0.1451690422133525,0.0086241467221837,0.2817139377045214,144.36,-38.147
35981,1998-07-09 00:00:00,0.2426843417545815,0.1054924906618098,0.3798761928473533,144.36,-38.147
35982,1998-07-10 00:00:00,-0.02221222420098,-0.1593568832744901,0.11493243487253,144.36,-38.147
35983,1998-07-11 00:00:00,-0.0258689275490658,-0.1622942105282834,0.1105563554301518,144.36,-38.147
35984,1998-07-12 00:00:00,0.0092323174826426,-0.1269800276282763,0.1454446625935616,144.36,-38.147
35985,1998-07-13 00:00:00,0.0185169895831964,-0.1176899609830628,0.1547239401494557,144.36,-38.147
35986,1998-07-14 00:00:00,0.0577904953261306,-0.0784295717711764,0.1940105624234377,144.36,-38.147
35987,1998-07-15 00:00:00,0.0631748667552074,-0.0730612281699528,0.1994109616803677,144.36,-38.147
35988,1998-07-16 00:00:00,0.0424942304548977,-0.0937049804406689,0.1786934413504644,144.36,-38.147
35989,1998-07-17 00:00:00,0.015714094901705,-0.1205196012416303,0.1519477910450404,144.36,-38.147
35990,1998-07-18 00:00:00,0.0414042547227887,-0.0948148842797753,0.1776233937253528,144.36,-38.147
35991,1998-07-19 00:00:00,0.04465828622768,-0.0915427028146133,0.1808592752699734,144.36,-38.147
35992,1998-07-20 00:00:00,0.0623080437066815,-0.0739725573214706,0.1985886447348337,144.36,-38.147
35993,1998-07-21 00:00:00,0.1287360344730048,-0.0075559043295808,0.2650279732755906,144.36,-38.147
35994,1998-07-22 00:00:00,0.1325381889470028,-0.0038741476234659,0.2689505255174715,144.36,-38.147
35995,1998-07-23 00:00:00,0.0531181531304143,-0.0831412424477558,0.1893775487085846,144.36,-38.147
35996,1998-07-24 00:00:00,-0.0372264819562973,-0.1734418762549598,0.0989889123423651,144.36,-38.147
35997,1998-07-25 00:00:00,-0.047331157871867,-0.183590308250413,0.0889279925066789,144.36,-38.147
35998,1998-07-26 00:00:00,-0.019959202803431,-0.1564394228696566,0.1165210172627944,144.36,-38.147
35999,1998-07-27 00:00:00,0.0774031999180459,-0.0590759000579441,0.2138822998940361,144.36,-38.147
36000,1998-07-28 00:00:00,0.3201275556785952,0.180897341452002,0.4593577699051883,144.36,-38.147
36001,1998-07-29 00:00:00,0.4569629173726607,0.3167199201268366,0.5972059146184848,144.36,-38.147
36002,1998-07-30 00:00:00,0.1316638367532365,-0.0051122345119893,0.2684399080184624,144.36,-38.147
36003,1998-07-31 00:00:00,0.1239641749547826,-0.0123597574142823,0.2602881073238475,144.36,-38.147
36004,1998-08-01 00:00:00,0.047413790733736,-0.0888648123954579,0.18369239386293,144.36,-38.147
36005,1998-08-02 00:00:00,-0.0007093628219878,-0.1371617481086263,0.1357430224646506,144.36,-38.147
36006,1998-08-03 00:00:00,0.075461535940829,-0.0615130144518039,0.212436086333462,144.36,-38.147
36007,1998-08-04 00:00:00,0.1021805853177184,-0.0341641196905442,0.2385252903259811,144.36,-38.147
36008,1998-08-05 00:00:00,0.1145336202831976,-0.0218071278260415,0.2508743683924369,144.36,-38.147
36009,1998-08-06 00:00:00,0.0084290727022287,-0.1277917034306538,0.1446498488351113,144.36,-38.147
36010,1998-08-07 00:00:00,0.0385710010999224,-0.0976973256743422,0.174839327874187,144.36,-38.147
36011,1998-08-08 00:00:00,0.072224880655989,-0.0642990522849714,0.2087488135969494,144.36,-38.147
36012,1998-08-09 00:00:00,0.0216660649551561,-0.114657802818102,0.1579899327284142,144.36,-38.147
36013,1998-08-10 00:00:00,0.0510561069866332,-0.0851778761573621,0.1872900901306287,144.36,-38.147
36014,1998-08-11 00:00:00,0.0905364396185914,-0.0459070225172322,0.2269799017544151,144.36,-38.147
36015,1998-08-12 00:00:00,-0.010132757952857,-0.1465959375824207,0.1263304216767065,144.36,-38.147
36016,1998-08-13 00:00:00,0.013667439638883,-0.1228648266489966,0.1501997059267628,144.36,-38.147
36017,1998-08-14 00:00:00,0.0484577901184999,-0.0879026301306715,0.1848182103676715,144.36,-38.147
36018,1998-08-15 00:00:00,-0.0250591791479498,-0.1615298605200324,0.1114115022241327,144.36,-38.147
36019,1998-08-16 00:00:00,-0.1008680864303128,-0.2375139315018391,0.0357777586412133,144.36,-38.147
36020,1998-08-17 00:00:00,-0.0599683502736385,-0.1965649394565354,0.0766282389092583,144.36,-38.147
36021,1998-08-18 00:00:00,-0.0099536003600136,-0.1463012749169784,0.1263940741969511,144.36,-38.147
36022,1998-08-19 00:00:00,-0.0117738614858636,-0.1480695841791839,0.1245218612074567,144.36,-38.147
36023,1998-08-20 00:00:00,-0.0416631102537159,-0.1779337824657947,0.0946075619583627,144.36,-38.147
36024,1998-08-21 00:00:00,-0.0356086689805068,-0.17225950426036,0.1010421662993462,144.36,-38.147
36025,1998-08-22 00:00:00,0.222465717950511,0.0846772795657696,0.3602541563352524,144.36,-38.147
36026,1998-08-23 00:00:00,0.3091576143560302,0.1719027842625695,0.4464124444494908,144.36,-38.147
36027,1998-08-24 00:00:00,0.0139156585001394,-0.1224714702684127,0.1503027872686916,144.36,-38.147
36028,1998-08-25 00:00:00,-0.013320165543022,-0.1497305593522089,0.1230902282661648,144.36,-38.147
36029,1998-08-26 00:00:00,0.0406741139659671,-0.0959119554787493,0.1772601834106837,144.36,-38.147
36030,1998-08-27 00:00:00,-0.0430008244233384,-0.1793476389466519,0.0933459900999751,144.36,-38.147
36031,1998-08-28 00:00:00,-0.0659220338089937,-0.2021860490425734,0.0703419814245858,144.36,-38.147
36032,1998-08-29 00:00:00,-0.0039884249925014,-0.1402846817108201,0.1323078317258172,144.36,-38.147
36033,1998-08-30 00:00:00,-0.0097606271729954,-0.1460705473932965,0.1265492930473056,144.36,-38.147
36034,1998-08-31 00:00:00,-0.0320746745447737,-0.1682719794047371,0.1041226303151896,144.36,-38.147
36035,1998-09-01 00:00:00,0.0692318975821477,-0.0669740079139316,0.2054378030782272,144.36,-38.147
36036,1998-09-02 00:00:00,0.0956320815080804,-0.0406420531402731,0.231906216156434,144.36,-38.147
36037,1998-09-03 00:00:00,0.0168902939213542,-0.1196363439825196,0.153416931825228,144.36,-38.147
36038,1998-09-04 00:00:00,0.1612082752709858,0.0246754564198793,0.2977410941220922,144.36,-38.147
36039,1998-09-05 00:00:00,0.169916479238434,0.0336096574448569,0.3062233010320111,144.36,-38.147
36040,1998-09-06 00:00:00,0.0971322740640456,-0.0392588044439488,0.2335233525720401,144.36,-38.147
36041,1998-09-07 00:00:00,0.0505923416114039,-0.0857491312676941,0.1869338144905019,144.36,-38.147
36042,1998-09-08 00:00:00,-0.0371092435693079,-0.1733683329712578,0.0991498458326418,144.36,-38.147
36043,1998-09-09 00:00:00,-0.0568983879754821,-0.1931103521369374,0.0793135761859731,144.36,-38.147
36044,1998-09-10 00:00:00,-0.0392134116961518,-0.1754557022829049,0.0970288788906013,144.36,-38.147
36045,1998-09-11 00:00:00,-0.0512206396908904,-0.1875369229336058,0.0850956435518249,144.36,-38.147
36046,1998-09-12 00:00:00,0.0429949499365016,-0.0934610470486248,0.1794509469216282,144.36,-38.147
36047,1998-09-13 00:00:00,0.3021704042918252,0.1655424062720761,0.4387984023115743,144.36,-38.147
36048,1998-09-14 00:00:00,0.1011854448277757,-0.0352985818690538,0.2376694715246053,144.36,-38.147
36049,1998-09-15 00:00:00,0.3649007777598972,0.2274586472338813,0.5023429082859132,144.36,-38.147
36050,1998-09-16 00:00:00,0.1162472374621505,-0.020635975129244,0.253130450053545,144.36,-38.147
36051,1998-09-17 00:00:00,0.0612169521146346,-0.0751767667061576,0.1976106709354268,144.36,-38.147
36052,1998-09-18 00:00:00,0.0576859763368108,-0.0788842000410961,0.1942561527147178,144.36,-38.147
36053,1998-09-19 00:00:00,0.2014205545448679,0.0644303768463655,0.3384107322433702,144.36,-38.147
36054,1998-09-20 00:00:00,0.0885026345606536,-0.0483126914347216,0.225317960556029,144.36,-38.147
36055,1998-09-21 00:00:00,-0.0374926968105345,-0.1737931097907524,0.0988077161696833,144.36,-38.147
36056,1998-09-22 00:00:00,-0.0058030631275192,-0.1429251129492005,0.131318986694162,144.36,-38.147
36057,1998-09-23 00:00:00,0.1355041032123982,-0.0033155292268756,0.2743237356516722,144.36,-38.147
36058,1998-09-24 00:00:00,0.2161314559575429,0.0781970260231841,0.3540658858919017,144.36,-38.147
36059,1998-09-25 00:00:00,-0.0205562094855786,-0.1568673747440002,0.1157549557728429,144.36,-38.147
36060,1998-09-26 00:00:00,0.0495810776909497,-0.0867626210990395,0.185924776480939,144.36,-38.147
36061,1998-09-27 00:00:00,0.0963943172443582,-0.0399175670135721,0.2327062015022885,144.36,-38.147
36062,1998-09-28 00:00:00,0.0721550605108539,-0.0645089903691608,0.2088191113908686,144.36,-38.147
36063,1998-09-29 00:00:00,0.2840558998959753,0.147066178975678,0.4210456208162726,144.36,-38.147
36064,1998-09-30 00:00:00,0.1721257425064375,0.0357320968056985,0.3085193882071765,144.36,-38.147
36065,1998-10-01 00:00:00,0.0221275935335858,-0.1147500251282633,0.159005212195435,144.36,-38.147
36066,1998-10-02 00:00:00,0.1631223139878369,0.0259462835929971,0.3002983443826766,144.36,-38.147
36067,1998-10-03 00:00:00,0.302091194200211,0.1654673140246728,0.4387150743757492,144.36,-38.147
36068,1998-10-04 00:00:00,0.1549919160007892,0.018446274784166,0.2915375572174123,144.36,-38.147
36069,1998-10-05 00:00:00,0.0060488487919091,-0.1303158090173348,0.1424135066011531,144.36,-38.147
36070,1998-10-06 00:00:00,0.4993440131639508,0.3611721541263942,0.6375158722015074,144.36,-38.147
36071,1998-10-07 00:00:00,0.2213731990996077,0.0838900726805371,0.3588563255186783,144.36,-38.147
36072,1998-10-08 00:00:00,0.0408935686039687,-0.0956307051857837,0.1774178423937212,144.36,-38.147
36073,1998-10-09 00:00:00,0.0417670197613138,-0.0944085623228025,0.1779426018454303,144.36,-38.147
36074,1998-10-10 00:00:00,0.0847329680913109,-0.051463980189528,0.22092991637215,144.36,-38.147
36075,1998-10-11 00:00:00,0.0383752714682076,-0.0978119528390535,0.1745624957754688,144.36,-38.147
36076,1998-10-12 00:00:00,0.0394961676453514,-0.0967597944424531,0.175752129733156,144.36,-38.147
36077,1998-10-13 00:00:00,0.3805192233599098,0.2434480742394631,0.5175903724803564,144.36,-38.147
36078,1998-10-14 00:00:00,0.0759393756437275,-0.0607409902974575,0.2126197415849126,144.36,-38.147
36079,1998-10-15 00:00:00,0.128581716369464,-0.0077839102211328,0.2649473429600609,144.36,-38.147
36080,1998-10-16 00:00:00,0.0471660761793358,-0.0891514713851763,0.183483623743848,144.36,-38.147
36081,1998-10-17 00:00:00,0.0094046735815871,-0.1271632063458316,0.1459725535090059,144.36,-38.147
36082,1998-10-18 00:00:00,0.3995531846304738,0.2615760012180577,0.5375303680428898,144.36,-38.147
36083,1998-10-19 00:00:00,0.2109233026965703,0.0743135258327348,0.3475330795604059,144.36,-38.147
36084,1998-10-20 00:00:00,0.2156807622418902,0.0791931375627861,0.3521683869209944,144.36,-38.147
36085,1998-10-21 00:00:00,0.0685466516809556,-0.0680928857873227,0.2051861891492339,144.36,-38.147
36086,1998-10-22 00:00:00,0.0417901009509733,-0.0945031283081159,0.1780833302100626,144.36,-38.147
36087,1998-10-23 00:00:00,0.0386589314721251,-0.0975637143236229,0.1748815772678732,144.36,-38.147
36088,1998-10-24 00:00:00,0.1310463954192123,-0.0052760152605337,0.2673688060989583,144.36,-38.147
36089,1998-10-25 00:00:00,0.1324634938203512,-0.0040654211173077,0.2689924087580101,144.36,-38.147
36090,1998-10-26 00:00:00,0.205411855469065,0.0689227978243491,0.3419009131137808,144.36,-38.147
36091,1998-10-27 00:00:00,0.2264623587539776,0.0900142786010527,0.3629104389069024,144.36,-38.147
36092,1998-10-28 00:00:00,0.0465033919350941,-0.0899234196285018,0.1829302034986902,144.36,-38.147
36093,1998-10-29 00:00:00,-0.0097839509802062,-0.1459689301765119,0.1264010282160994,144.36,-38.147
36094,1998-10-30 00:00:00,0.0681360866364312,-0.068105762667493,0.2043779359403554,144.36,-38.147
36095,1998-10-31 00:00:00,0.0655462361412404,-0.0710081972645216,0.2021006695470024,144.36,-38.147
36096,1998-11-01 00:00:00,-0.0478644449825227,-0.1843777550134738,0.0886488650484284,144.36,-38.147
36097,1998-11-02 00:00:00,-0.0834582652245159,-0.2197628312243298,0.0528463007752978,144.36,-38.147
36098,1998-11-03 00:00:00,-0.0230757229934456,-0.159383970619448,0.1132325246325567,144.36,-38.147
36099,1998-11-04 00:00:00,0.0008323457417692,-0.1355799402680743,0.1372446317516128,144.36,-38.147
36100,1998-11-05 00:00:00,0.1394038617546243,0.0028264671876288,0.2759812563216198,144.36,-38.147
36101,1998-11-06 00:00:00,0.0248272068637319,-0.1114680439418645,0.1611224576693283,144.36,-38.147
36102,1998-11-07 00:00:00,0.0075158356658875,-0.1288414098772476,0.1438730812090228,144.36,-38.147
36103,1998-11-08 00:00:00,0.1712540463774314,0.0347177986630637,0.3077902940917991,144.36,-38.147
36104,1998-11-09 00:00:00,0.0390551486617071,-0.0971853401679457,0.1752956374913599,144.36,-38.147
36105,1998-11-10 00:00:00,-0.0094442986474692,-0.1456271841939278,0.1267385868989892,144.36,-38.147
36106,1998-11-11 00:00:00,-0.0048909911140853,-0.1410972365574659,0.1313152543292952,144.36,-38.147
36107,1998-11-12 00:00:00,0.00425780469741,-0.1324918818403482,0.1410074912351682,144.36,-38.147
36108,1998-11-13 00:00:00,-0.0090645330621536,-0.1463132148384405,0.1281841487141333,144.36,-38.147
36109,1998-11-14 00:00:00,0.0809980430360205,-0.0557938672255733,0.2177899532976144,144.36,-38.147
36110,1998-11-15 00:00:00,0.1659074554536598,0.0295441022355324,0.3022708086717873,144.36,-38.147
36111,1998-11-16 00:00:00,0.1643235467685087,0.0279375129161757,0.3007095806208416,144.36,-38.147
36112,1998-11-17 00:00:00,0.0593874858079932,-0.0768696816759821,0.1956446532919687,144.36,-38.147
36113,1998-11-18 00:00:00,0.0347745231492897,-0.1018130720587181,0.1713621183572976,144.36,-38.147
36114,1998-11-19 00:00:00,-0.0914374636715102,-0.2280323800026134,0.045157452659593,144.36,-38.147
36115,1998-11-20 00:00:00,-0.0303925286937482,-0.1666513664347894,0.1058663090472928,144.36,-38.147
36116,1998-11-21 00:00:00,0.0439052113282999,-0.0923346576410246,0.1801450802976245,144.36,-38.147
36117,1998-11-22 00:00:00,0.1072357955635247,-0.0290985604713089,0.2435701515983585,144.36,-38.147
36118,1998-11-23 00:00:00,0.0546158441138011,-0.0816964335594047,0.1909281217870069,144.36,-38.147
36119,1998-11-24 00:00:00,0.0353216383044976,-0.101144466492232,0.1717877431012273,144.36,-38.147
36120,1998-11-25 00:00:00,0.0211035154189988,-0.1152870179596501,0.1574940487976477,144.36,-38.147
36121,1998-11-26 00:00:00,-0.0132005797955842,-0.1495669837653989,0.1231658241742305,144.36,-38.147
36122,1998-11-27 00:00:00,0.0682692401031655,-0.0704332590790942,0.2069717392854252,144.36,-38.147
36123,1998-11-28 00:00:00,0.3096657230450025,0.1712144000068078,0.4481170460831972,144.36,-38.147
36124,1998-11-29 00:00:00,0.0368785307757931,-0.0994226138048776,0.173179675356464,144.36,-38.147
36125,1998-11-30 00:00:00,0.0061526790982616,-0.1301680617419692,0.1424734199384926,144.36,-38.147
36126,1998-12-01 00:00:00,-0.0136879592048254,-0.1500124374267419,0.1226365190170909,144.36,-38.147
36127,1998-12-02 00:00:00,-0.038040902497272,-0.1748648496021981,0.098783044607654,144.36,-38.147
36128,1998-12-03 00:00:00,0.1476878407627702,0.0103337995820476,0.2850418819434929,144.36,-38.147
36129,1998-12-04 00:00:00,0.1612775775050159,0.0249312994644426,0.2976238555455893,144.36,-38.147
36130,1998-12-05 00:00:00,0.1078691589389719,-0.0285008213659939,0.2442391392439379,144.36,-38.147
36131,1998-12-06 00:00:00,0.1073973293766316,-0.0289445202500235,0.2437391790032868,144.36,-38.147
36132,1998-12-07 00:00:00,0.0645971761479905,-0.0716906043963426,0.2008849566923236,144.36,-38.147
36133,1998-12-08 00:00:00,0.0459452030116925,-0.0902821819992254,0.1821725880226106,144.36,-38.147
36134,1998-12-09 00:00:00,0.0206574674063037,-0.1155774742801847,0.1568924090927922,144.36,-38.147
36135,1998-12-10 00:00:00,-0.0310048892949348,-0.1672670820769095,0.1052573034870398,144.36,-38.147
36136,1998-12-11 00:00:00,0.0370295688523812,-0.0992573462832003,0.1733164839879628,144.36,-38.147
36137,1998-12-12 00:00:00,0.1283039487985729,-0.0082243814441619,0.2648322790413078,144.36,-38.147
36138,1998-12-13 00:00:00,0.0690132448205831,-0.0677974116154187,0.2058239012565849,144.36,-38.147
36139,1998-12-14 00:00:00,0.0106832258623988,-0.1258910260726249,0.1472574777974226,144.36,-38.147
36140,1998-12-15 00:00:00,-0.0020933554669717,-0.1385899964564197,0.1344032855224763,144.36,-38.147
36141,1998-12-16 00:00:00,0.0229875738886275,-0.1135159231803586,0.1594910709576137,144.36,-38.147
36142,1998-12-17 00:00:00,0.0275169900271293,-0.1087969027920226,0.1638308828462813,144.36,-38.147
36143,1998-12-18 00:00:00,0.0844582979725776,-0.0517842487427068,0.2207008446878621,144.36,-38.147
36144,1998-12-19 00:00:00,0.02309980605327,-0.1131925305612354,0.1593921426677754,144.36,-38.147
36145,1998-12-20 00:00:00,0.2005413886260784,0.0638405970878616,0.3372421801642952,144.36,-38.147
36146,1998-12-21 00:00:00,0.2830391856741659,0.1463789492060705,0.4196994221422614,144.36,-38.147
36147,1998-12-22 00:00:00,0.1092855284149726,-0.0272058559018136,0.2457769127317589,144.36,-38.147
36148,1998-12-23 00:00:00,0.0434676329734104,-0.0928562520111626,0.1797915179579835,144.36,-38.147
36149,1998-12-24 00:00:00,0.0566390305410622,-0.0796641973779688,0.1929422584600933,144.36,-38.147
36150,1998-12-25 00:00:00,0.0834675270953413,-0.0529505428124433,0.219885597003126,144.36,-38.147
36151,1998-12-26 00:00:00,0.1588851259678511,0.0222099642100945,0.2955602877256076,144.36,-38.147
36152,1998-12-27 00:00:00,0.2969616521686936,0.1575080618297794,0.4364152425076079,144.36,-38.147
36153,1998-12-28 00:00:00,0.0854047265102677,-0.0529116114880596,0.2237210645085952,144.36,-38.147
36154,1998-12-29 00:00:00,0.1178138713037943,-0.0185071865424802,0.2541349291500689,144.36,-38.147
36155,1998-12-30 00:00:00,0.1406450034888095,0.0044225528838586,0.2768674540937604,144.36,-38.147
36156,1998-12-31 00:00:00,0.0653724937388689,-0.0708653412461098,0.2016103287238477,144.36,-38.147
36157,1999-01-01 00:00:00,0.0019271998786237,-0.1343209237835974,0.1381753235408449,144.36,-38.147
36158,1999-01-02 00:00:00,0.0010210204197236,-0.1353754945456676,0.1374175353851148,144.36,-38.147
36159,1999-01-03 00:00:00,0.1266219068060232,-0.0098573262002997,0.2631011398123463,144.36,-38.147
36160,1999-01-04 00:00:00,0.0668925872924712,-0.0694927222997836,0.203277896884726,144.36,-38.147
36161,1999-01-05 00:00:00,0.022602246485853,-0.1137508574119262,0.1589553503836323,144.36,-38.147
36162,1999-01-06 00:00:00,0.0293734563400427,-0.1071065578004929,0.1658534704805784,144.36,-38.147
36163,1999-01-07 00:00:00,0.0370845971372134,-0.0993451577161185,0.1735143519905455,144.36,-38.147
36164,1999-01-08 00:00:00,0.0162548011354899,-0.1203176176801338,0.1528272199511137,144.36,-38.147
36165,1999-01-09 00:00:00,0.006707405628798,-0.1297067899605522,0.1431216012181483,144.36,-38.147
36166,1999-01-10 00:00:00,0.0232620763302861,-0.1131516584321591,0.1596758110927315,144.36,-38.147
36167,1999-01-11 00:00:00,0.1408971505755743,0.0044220488834801,0.2773722522676685,144.36,-38.147
36168,1999-01-12 00:00:00,0.1372428643432475,0.0007983376231968,0.2736873910632982,144.36,-38.147
36169,1999-01-13 00:00:00,0.0557362891645834,-0.0807574504283127,0.1922300287574795,144.36,-38.147
36170,1999-01-14 00:00:00,0.0894145778796105,-0.0472776553038237,0.2261068110630449,144.36,-38.147
36171,1999-01-15 00:00:00,0.0008945958193163,-0.135572266601642,0.1373614582402746,144.36,-38.147
36172,1999-01-16 00:00:00,0.0464545207398618,-0.0898446971841831,0.1827537386639069,144.36,-38.147
36173,1999-01-17 00:00:00,0.0637374666844479,-0.0726286559596112,0.200103589328507,144.36,-38.147
36174,1999-01-18 00:00:00,0.0650636907364944,-0.0712088409206459,0.2013362223936348,144.36,-38.147
36175,1999-01-19 00:00:00,0.1494391951899151,0.0130738198247445,0.2858045705550858,144.36,-38.147
36176,1999-01-20 00:00:00,0.079096575766858,-0.0573026133725269,0.2154957649062429,144.36,-38.147
36177,1999-01-21 00:00:00,-0.0427272953235416,-0.1793443368518004,0.0938897462047171,144.36,-38.147
36178,1999-01-22 00:00:00,-0.0191006406874381,-0.1558022042857143,0.1176009229108379,144.36,-38.147
36179,1999-01-23 00:00:00,0.0676469070297917,-0.0688551139405855,0.2041489280001689,144.36,-38.147
36180,1999-01-24 00:00:00,0.0580801970877746,-0.0782098527337688,0.1943702469093181,144.36,-38.147
36181,1999-01-25 00:00:00,0.0100305431379736,-0.1262880383679826,0.1463491246439299,144.36,-38.147
36182,1999-01-26 00:00:00,0.0054697712496321,-0.131398372727718,0.1423379152269822,144.36,-38.147
36183,1999-01-27 00:00:00,-0.0288455378393137,-0.1660053593683132,0.1083142836896858,144.36,-38.147
36184,1999-01-28 00:00:00,-0.0118412654139028,-0.14839019580225,0.1247076649744443,144.36,-38.147
36185,1999-01-29 00:00:00,0.0827785981606701,-0.0536492148825948,0.2192064112039352,144.36,-38.147
36186,1999-01-30 00:00:00,0.0544468198056168,-0.0824945203869965,0.1913881599982301,144.36,-38.147
36187,1999-01-31 00:00:00,-0.024602671204272,-0.1612710324896074,0.1120656900810634,144.36,-38.147
36188,1999-02-01 00:00:00,-0.0187167730139562,-0.1551807931952823,0.1177472471673699,144.36,-38.147
36189,1999-02-02 00:00:00,0.0004549909099809,-0.1359634362223256,0.1368734180422876,144.36,-38.147
36190,1999-02-03 00:00:00,0.0710809490926817,-0.0653632490105047,0.2075251471958682,144.36,-38.147
36191,1999-02-04 00:00:00,0.0191941742303587,-0.1171868182694468,0.1555751667301642,144.36,-38.147
36192,1999-02-05 00:00:00,0.0161318911175626,-0.1202010376016615,0.1524648198367868,144.36,-38.147
36193,1999-02-06 00:00:00,0.0835052937389849,-0.0528372526972747,0.2198478401752445,144.36,-38.147
36194,1999-02-07 00:00:00,0.206691772634644,0.0692549039978943,0.3441286412713937,144.36,-38.147
36195,1999-02-08 00:00:00,0.0287726262898429,-0.1081474764594186,0.1656927290391044,144.36,-38.147
36196,1999-02-09 00:00:00,-0.0650934389307128,-0.2018734317415055,0.0716865538800798,144.36,-38.147
36197,1999-02-10 00:00:00,-0.0116241638692288,-0.1484344816567549,0.1251861539182973,144.36,-38.147
36198,1999-02-11 00:00:00,0.0492791289624683,-0.0871267891057113,0.185685047030648,144.36,-38.147
36199,1999-02-12 00:00:00,0.0579111031027003,-0.0783509083978068,0.1941731146032074,144.36,-38.147
36200,1999-02-13 00:00:00,0.0902959616322146,-0.0459080541002733,0.2264999773647025,144.36,-38.147
36201,1999-02-14 00:00:00,0.0757092265587889,-0.0604803133426034,0.2118987664601812,144.36,-38.147
36202,1999-02-15 00:00:00,0.1784778498095913,0.0421638560286978,0.3147918435904847,144.36,-38.147
36203,1999-02-16 00:00:00,0.207803264784282,0.0714321343360705,0.3441743952324935,144.36,-38.147
36204,1999-02-17 00:00:00,0.1841437038773399,0.0476244170161818,0.320662990738498,144.36,-38.147
36205,1999-02-18 00:00:00,0.3186533023326784,0.1816481753195151,0.4556584293458418,144.36,-38.147
36206,1999-02-19 00:00:00,0.0678884802546342,-0.068792056745187,0.2045690172544556,144.36,-38.147
36207,1999-02-20 00:00:00,0.0410258657415177,-0.0952192871555274,0.1772710186385628,144.36,-38.147
36208,1999-02-21 00:00:00,0.0699984675142182,-0.066220821945578,0.2062177569740145,144.36,-38.147
36209,1999-02-22 00:00:00,0.0058539182344466,-0.1304387945650608,0.142146631033954,144.36,-38.147
36210,1999-02-23 00:00:00,0.0212761348551692,-0.1150992558784888,0.1576515255888274,144.36,-38.147
36211,1999-02-24 00:00:00,0.063544730339015,-0.0731691004823906,0.2002585611604208,144.36,-38.147
36212,1999-02-25 00:00:00,-0.0148725610285093,-0.1513941691422473,0.1216490470852286,144.36,-38.147
36213,1999-02-26 00:00:00,-0.021508366172064,-0.1579316262740986,0.1149148939299706,144.36,-38.147
36214,1999-02-27 00:00:00,-0.0260909401556052,-0.1624455689884539,0.1102636886772435,144.36,-38.147
36215,1999-02-28 00:00:00,-0.0102128123085286,-0.1464600317462276,0.1260344071291702,144.36,-38.147
36216,1999-03-01 00:00:00,-0.009463487672996,-0.1457356917684731,0.1268087164224809,144.36,-38.147
36217,1999-03-02 00:00:00,0.0204402110350887,-0.1157780404719997,0.1566584625421773,144.36,-38.147
36218,1999-03-03 00:00:00,0.105754290619669,-0.0305522403063339,0.242060821545672,144.36,-38.147
36219,1999-03-04 00:00:00,0.1245901538586153,-0.0116312220309675,0.2608115297481982,144.36,-38.147
36220,1999-03-05 00:00:00,0.1252285256182223,-0.0109752611104675,0.2614323123469123,144.36,-38.147
36221,1999-03-06 00:00:00,0.0782646424573356,-0.0580142169714354,0.2145435018861066,144.36,-38.147
36222,1999-03-07 00:00:00,0.153567561202288,0.017178919395867,0.289956203008709,144.36,-38.147
36223,1999-03-08 00:00:00,-0.0227302310509393,-0.159012812964781,0.1135523508629022,144.36,-38.147
36224,1999-03-09 00:00:00,-0.0319261095797923,-0.168229253182588,0.1043770340230033,144.36,-38.147
36225,1999-03-10 00:00:00,0.0704889342988821,-0.065983255785206,0.2069611243829703,144.36,-38.147
36226,1999-03-11 00:00:00,-0.0073444519556309,-0.1437861556296873,0.1290972517184254,144.36,-38.147
36227,1999-03-12 00:00:00,0.0266894354167021,-0.1096745793575557,0.16305345019096,144.36,-38.147
36228,1999-03-13 00:00:00,0.151090445222269,0.014708968735162,0.2874719217093759,144.36,-38.147
36229,1999-03-14 00:00:00,0.1604893814011795,0.0241300161460437,0.2968487466563153,144.36,-38.147
36230,1999-03-15 00:00:00,0.1032330700186934,-0.033091828752337,0.2395579687897239,144.36,-38.147
36231,1999-03-16 00:00:00,0.0766279643126965,-0.0596024594300851,0.2128583880554783,144.36,-38.147
36232,1999-03-17 00:00:00,0.0380021751040053,-0.0982082602335501,0.1742126104415607,144.36,-38.147
36233,1999-03-18 00:00:00,0.0289370323252751,-0.1072530211194282,0.1651270857699784,144.36,-38.147
36234,1999-03-19 00:00:00,0.0032627713381618,-0.1329701892788669,0.1394957319551907,144.36,-38.147
36235,1999-03-20 00:00:00,0.0114868219728054,-0.1248067645586947,0.1477804085043056,144.36,-38.147
36236,1999-03-21 00:00:00,0.0401069813233215,-0.0961827164439052,0.1763966790905484,144.36,-38.147
36237,1999-03-22 00:00:00,0.2255692695924518,0.0885639548058207,0.3625745843790829,144.36,-38.147
36238,1999-03-23 00:00:00,0.0043912651108624,-0.1326724839056029,0.1414550141273277,144.36,-38.147
36239,1999-03-24 00:00:00,0.0036626615262989,-0.1325952379414168,0.1399205609940148,144.36,-38.147
36240,1999-03-25 00:00:00,0.187231761198306,0.048438164433968,0.326025357962644,144.36,-38.147
36241,1999-03-26 00:00:00,0.1891195259209748,0.0510813498851659,0.3271577019567838,144.36,-38.147
36242,1999-03-27 00:00:00,0.1467224272330367,0.010156483398739,0.2832883710673343,144.36,-38.147
36243,1999-03-28 00:00:00,0.1686741790144638,0.0315690902553024,0.3057792677736252,144.36,-38.147
36244,1999-03-29 00:00:00,-0.0406644679450885,-0.1772579502771282,0.095929014386951,144.36,-38.147
36245,1999-03-30 00:00:00,0.0151554924427336,-0.1210919510232312,0.1514029359086986,144.36,-38.147
36246,1999-03-31 00:00:00,0.0198490913658159,-0.116503208701067,0.1562013914326989,144.36,-38.147
36247,1999-04-01 00:00:00,-0.0107861362328036,-0.1472130377886009,0.1256407653229936,144.36,-38.147
36248,1999-04-02 00:00:00,-0.0180930515740872,-0.1543775127005908,0.1181914095524164,144.36,-38.147
36249,1999-04-03 00:00:00,-0.0472665718615952,-0.1835053482073214,0.0889722044841308,144.36,-38.147
36250,1999-04-04 00:00:00,-0.0348311903464792,-0.1710298547544413,0.1013674740614828,144.36,-38.147
36251,1999-04-05 00:00:00,0.0556409219681003,-0.0806168973238406,0.1918987412600413,144.36,-38.147
36252,1999-04-06 00:00:00,0.0968044378739587,-0.0395834636696235,0.2331923394175411,144.36,-38.147
36253,1999-04-07 00:00:00,0.0249962144416111,-0.1114212938954427,0.1614137227786649,144.36,-38.147
36254,1999-04-08 00:00:00,0.0156385295489188,-0.120546909277367,0.1518239683752046,144.36,-38.147
36255,1999-04-09 00:00:00,-0.0258067541141231,-0.1620217006519548,0.1104081924237085,144.36,-38.147
36256,1999-04-10 00:00:00,-0.0444675536176145,-0.1807146973469912,0.0917795901117621,144.36,-38.147
36257,1999-04-11 00:00:00,-0.0040791303537586,-0.1403182462483277,0.1321599855408105,144.36,-38.147
36258,1999-04-12 00:00:00,-0.0164437789224815,-0.1526540390570008,0.1197664812120378,144.36,-38.147
36259,1999-04-13 00:00:00,0.0068432371213236,-0.1293631682780938,0.1430496425207412,144.36,-38.147
36260,1999-04-14 00:00:00,0.0318746586645492,-0.1043461733429707,0.1680954906720691,144.36,-38.147
36261,1999-04-15 00:00:00,0.0284745126261711,-0.1077775403145891,0.1647265655669315,144.36,-38.147
36262,1999-04-16 00:00:00,-0.0241584486465405,-0.1604139690591711,0.11209707176609,144.36,-38.147
36263,1999-04-17 00:00:00,-0.0470888737850646,-0.1833320377830621,0.0891542902129329,144.36,-38.147
36264,1999-04-18 00:00:00,0.0019248771915944,-0.1342853477157651,0.1381351020989541,144.36,-38.147
36265,1999-04-19 00:00:00,0.0863618207215556,-0.049839740821138,0.2225633822642492,144.36,-38.147
36266,1999-04-20 00:00:00,0.1784239536671889,0.0421267011743168,0.3147212061600611,144.36,-38.147
36267,1999-04-21 00:00:00,0.0741953740996035,-0.0627528991144135,0.2111436473136206,144.36,-38.147
36268,1999-04-22 00:00:00,-0.1095179118123697,-0.2460958405162067,0.0270600168914672,144.36,-38.147
36269,1999-04-23 00:00:00,-0.0720235493656112,-0.2082607897124965,0.064213690981274,144.36,-38.147
36270,1999-04-24 00:00:00,0.0454334338070792,-0.090799035610984,0.1816659032251424,144.36,-38.147
36271,1999-04-25 00:00:00,0.0585537237918245,-0.077644826366004,0.194752273949653,144.36,-38.147
36272,1999-04-26 00:00:00,0.1179558259467158,-0.0184230745816247,0.2543347264750563,144.36,-38.147
36273,1999-04-27 00:00:00,0.0642257134459592,-0.0722988893710425,0.200750316262961,144.36,-38.147
36274,1999-04-28 00:00:00,-0.0064049279405916,-0.1427732331748245,0.1299633772936412,144.36,-38.147
36275,1999-04-29 00:00:00,-0.0117597899572004,-0.148031227588246,0.1245116476738451,144.36,-38.147
36276,1999-04-30 00:00:00,0.0002269830531903,-0.1360018274217074,0.1364557935280881,144.36,-38.147
36277,1999-05-01 00:00:00,0.0097728840174598,-0.1264669421624976,0.1460127101974171,144.36,-38.147
36278,1999-05-02 00:00:00,0.0081404759743596,-0.1280685863069126,0.144349538255632,144.36,-38.147
36279,1999-05-03 00:00:00,0.0573883738179381,-0.0789228401980697,0.193699587833946,144.36,-38.147
36280,1999-05-04 00:00:00,0.0715187312376815,-0.0648958982921189,0.2079333607674821,144.36,-38.147
36281,1999-05-05 00:00:00,-0.0609249918913656,-0.1972385898716316,0.0753886060889003,144.36,-38.147
36282,1999-05-06 00:00:00,-0.047176432619938,-0.1834208568001739,0.0890679915602978,144.36,-38.147
36283,1999-05-07 00:00:00,-0.0072554088389253,-0.143570038950994,0.1290592212731433,144.36,-38.147
36284,1999-05-08 00:00:00,0.1528747088066566,0.016338957340299,0.2894104602730143,144.36,-38.147
36285,1999-05-09 00:00:00,0.0432768066209282,-0.0929934649256838,0.1795470781675403,144.36,-38.147
36286,1999-05-10 00:00:00,0.0009419906114838,-0.1352784938012673,0.1371624750242349,144.36,-38.147
36287,1999-05-11 00:00:00,0.0405021060150515,-0.0957293196711726,0.1767335317012756,144.36,-38.147
36288,1999-05-12 00:00:00,0.0768471661645711,-0.0593838844951225,0.2130782168242649,144.36,-38.147
36289,1999-05-13 00:00:00,0.2091679139206245,0.0728870729762252,0.3454487548650237,144.36,-38.147
36290,1999-05-14 00:00:00,0.1784303307272383,0.0416566594346969,0.3152040020197797,144.36,-38.147
36291,1999-05-15 00:00:00,0.2748867520928551,0.1373547887123505,0.4124187154733597,144.36,-38.147
36292,1999-05-16 00:00:00,0.0634976684000054,-0.0730352776536745,0.2000306144536854,144.36,-38.147
36293,1999-05-17 00:00:00,-0.0075629948977238,-0.1438508859242763,0.1287248961288286,144.36,-38.147
36294,1999-05-18 00:00:00,0.0320003095789558,-0.1043199795710785,0.1683205987289902,144.36,-38.147
36295,1999-05-19 00:00:00,0.0640598863452054,-0.0721944469086325,0.2003142195990434,144.36,-38.147
36296,1999-05-20 00:00:00,0.0524472182116249,-0.0838507013405729,0.1887451377638228,144.36,-38.147
36297,1999-05-21 00:00:00,0.0984272877932369,-0.0380426251939129,0.2348972007803867,144.36,-38.147
36298,1999-05-22 00:00:00,0.0507159587657034,-0.0856175107320965,0.1870494282635034,144.36,-38.147
36299,1999-05-23 00:00:00,0.0305904508830425,-0.1058191969788299,0.167000098744915,144.36,-38.147
36300,1999-05-24 00:00:00,0.0565399967888093,-0.0798579522748813,0.1929379458524999,144.36,-38.147
36301,1999-05-25 00:00:00,0.0540185523277088,-0.0822875388956149,0.1903246435510326,144.36,-38.147
36302,1999-05-26 00:00:00,0.1968258763743499,0.060127486061668,0.3335242666870319,144.36,-38.147
36303,1999-05-27 00:00:00,0.1659591404047893,0.0291662136103574,0.3027520671992212,144.36,-38.147
36304,1999-05-28 00:00:00,0.0428756770540024,-0.0935535955473381,0.179304949655343,144.36,-38.147
36305,1999-05-29 00:00:00,0.082507944326786,-0.0543099364462485,0.2193258250998206,144.36,-38.147
36306,1999-05-30 00:00:00,0.1592723205657638,0.0225756648427994,0.2959689762887283,144.36,-38.147
36307,1999-05-31 00:00:00,0.3303276382873863,0.1937914165743879,0.4668638600003847,144.36,-38.147
36308,1999-06-01 00:00:00,0.0306788093664686,-0.1056700153506354,0.1670276340835728,144.36,-38.147
36309,1999-06-02 00:00:00,0.0223185966443764,-0.1139370412391459,0.1585742345278988,144.36,-38.147
36310,1999-06-03 00:00:00,-0.036285484324708,-0.1727038066743533,0.1001328380249372,144.36,-38.147
36311,1999-06-04 00:00:00,-0.0216838424147096,-0.1579779831788629,0.1146102983494436,144.36,-38.147
36312,1999-06-05 00:00:00,0.0191711400125713,-0.1174745301443268,0.1558168101694694,144.36,-38.147
36313,1999-06-06 00:00:00,0.1503898444353823,0.013765262181736,0.2870144266890287,144.36,-38.147
36314,1999-06-07 00:00:00,0.1318450669725409,-0.0045145750805405,0.2682047090256224,144.36,-38.147
36315,1999-06-08 00:00:00,0.0078799113206664,-0.1283512494616276,0.1441110721029605,144.36,-38.147
36316,1999-06-09 00:00:00,-0.0054663089020003,-0.1417249703307879,0.1307923525267872,144.36,-38.147
36317,1999-06-10 00:00:00,0.0953415610188972,-0.0411922577551228,0.2318753797929173,144.36,-38.147
36318,1999-06-11 00:00:00,0.0270244731536654,-0.1097475580478337,0.1637965043551647,144.36,-38.147
36319,1999-06-12 00:00:00,-0.0603228803953898,-0.1966815134078385,0.0760357526170588,144.36,-38.147
36320,1999-06-13 00:00:00,0.0185000772421265,-0.1186256025493734,0.1556257570336264,144.36,-38.147
36321,1999-06-14 00:00:00,0.3391697365896899,0.2019559430501838,0.476383530129196,144.36,-38.147
36322,1999-06-15 00:00:00,0.2164732918535463,0.0797733763977313,0.3531732073093612,144.36,-38.147
36323,1999-06-16 00:00:00,0.0931441441199506,-0.0432427176429836,0.2295310058828848,144.36,-38.147
36324,1999-06-17 00:00:00,0.0654108405799814,-0.0708875688542992,0.2017092500142622,144.36,-38.147
36325,1999-06-18 00:00:00,0.226484839021444,0.0895211504923635,0.3634485275505246,144.36,-38.147
36326,1999-06-19 00:00:00,0.1260075241587752,-0.0108575270152027,0.2628725753327532,144.36,-38.147
36327,1999-06-20 00:00:00,0.0198924240481925,-0.116594298129848,0.1563791462262331,144.36,-38.147
36328,1999-06-21 00:00:00,0.1586520680886204,0.0220167945168374,0.2952873416604035,144.36,-38.147
36329,1999-06-22 00:00:00,0.017771081957613,-0.1185245527521295,0.1540667166673556,144.36,-38.147
36330,1999-06-23 00:00:00,-0.0598441351657751,-0.1960605099066608,0.0763722395751106,144.36,-38.147
36331,1999-06-24 00:00:00,-0.0221266594772009,-0.1583303520289516,0.1140770330745496,144.36,-38.147
36332,1999-06-25 00:00:00,0.0094871891829376,-0.1270106487771833,0.1459850271430585,144.36,-38.147
36333,1999-06-26 00:00:00,-0.0562878023252455,-0.1927158648160689,0.0801402601655778,144.36,-38.147
36334,1999-06-27 00:00:00,-0.0327379386723026,-0.1690187806628897,0.1035429033182843,144.36,-38.147
36335,1999-06-28 00:00:00,-0.0241275674358383,-0.1604324685334286,0.112177333661752,144.36,-38.147
36336,1999-06-29 00:00:00,0.0037252371390298,-0.1330032369648141,0.1404537112428738,144.36,-38.147
36337,1999-06-30 00:00:00,0.0745171534982538,-0.0625351800122943,0.211569487008802,144.36,-38.147
36338,1999-07-01 00:00:00,0.1255023285478717,-0.0113880498682615,0.262392706964005,144.36,-38.147
36339,1999-07-02 00:00:00,0.069276517547636,-0.067497013932281,0.206050049027553,144.36,-38.147
36340,1999-07-03 00:00:00,-0.0298894024599784,-0.166241007350003,0.106462202430046,144.36,-38.147
36341,1999-07-04 00:00:00,-0.0414023599758274,-0.1776672780804067,0.0948625581287518,144.36,-38.147
36342,1999-07-05 00:00:00,0.053315812958776,-0.0832092155005173,0.1898408414180693,144.36,-38.147
36343,1999-07-06 00:00:00,0.0593997794650985,-0.077142785618174,0.1959423445483712,144.36,-38.147
36344,1999-07-07 00:00:00,0.0664151149554312,-0.0699921237607775,0.20282235367164,144.36,-38.147
36345,1999-07-08 00:00:00,-0.0272126808171272,-0.1636729790949942,0.1092476174607398,144.36,-38.147
36346,1999-07-09 00:00:00,-0.0099363404276313,-0.1462625720560958,0.126389891200833,144.36,-38.147
36347,1999-07-10 00:00:00,0.0424287596235387,-0.0938290465165539,0.1786865657636314,144.36,-38.147
36348,1999-07-11 00:00:00,0.04057768257912,-0.0956123303680238,0.176767695526264,144.36,-38.147
36349,1999-07-12 00:00:00,0.0119905861264439,-0.1242515439851579,0.1482327162380458,144.36,-38.147
36350,1999-07-13 00:00:00,-0.0364385219007564,-0.1730494738410732,0.1001724300395603,144.36,-38.147
36351,1999-07-14 00:00:00,-0.0353075633250216,-0.171905439769243,0.1012903131191998,144.36,-38.147
36352,1999-07-15 00:00:00,-0.05028767747187,-0.1868104859802688,0.0862351310365287,144.36,-38.147
36353,1999-07-16 00:00:00,0.0040667399796825,-0.132285740059779,0.140419220019144,144.36,-38.147
36354,1999-07-17 00:00:00,0.0494083948382501,-0.0868856067298425,0.1857023964063428,144.36,-38.147
36355,1999-07-18 00:00:00,0.1400726545779486,0.0036866491679514,0.2764586599879459,144.36,-38.147
36356,1999-07-19 00:00:00,0.3059918189036682,0.1693216069718404,0.4426620308354959,144.36,-38.147
36357,1999-07-20 00:00:00,0.3355744079744098,0.1989202388650922,0.4722285770837274,144.36,-38.147
36358,1999-07-21 00:00:00,0.2192369574133059,0.0826500619840259,0.355823852842586,144.36,-38.147
36359,1999-07-22 00:00:00,0.173720717454232,0.0363603043153963,0.3110811305930677,144.36,-38.147
36360,1999-07-23 00:00:00,0.0300553971701666,-0.1064009334679817,0.1665117278083149,144.36,-38.147
36361,1999-07-24 00:00:00,0.0414459102593068,-0.0947922899042007,0.1776841104228145,144.36,-38.147
36362,1999-07-25 00:00:00,-0.0301276824031614,-0.1664306148661901,0.1061752500598673,144.36,-38.147
36363,1999-07-26 00:00:00,-0.0505894499542168,-0.1870410976764504,0.0858621977680167,144.36,-38.147
36364,1999-07-27 00:00:00,0.0092312872398063,-0.1273214962083441,0.1457840706879569,144.36,-38.147
36365,1999-07-28 00:00:00,0.0522560362228482,-0.0841103396502857,0.1886224120959823,144.36,-38.147
36366,1999-07-29 00:00:00,0.0162750534149757,-0.1199950570185046,0.1525451638484561,144.36,-38.147
36367,1999-07-30 00:00:00,0.1099013234767558,-0.026737424742543,0.2465400716960548,144.36,-38.147
36368,1999-07-31 00:00:00,0.0832297522872615,-0.0534131107442161,0.2198726153187393,144.36,-38.147
36369,1999-08-01 00:00:00,-0.0173518225852305,-0.1536081115828757,0.1189044664124147,144.36,-38.147
36370,1999-08-02 00:00:00,0.0154493830616397,-0.1207703704433251,0.1516691365666046,144.36,-38.147
36371,1999-08-03 00:00:00,0.0294719797421831,-0.1067178500276519,0.1656618095120181,144.36,-38.147
36372,1999-08-04 00:00:00,0.0362562409332503,-0.0999446827340267,0.1724571646005274,144.36,-38.147
36373,1999-08-05 00:00:00,-0.0181895584468297,-0.1544127977672802,0.1180336808736206,144.36,-38.147
36374,1999-08-06 00:00:00,-0.0738556753453291,-0.2100620561027553,0.062350705412097,144.36,-38.147
36375,1999-08-07 00:00:00,-0.0417345894498354,-0.1780516070160512,0.0945824281163803,144.36,-38.147
36376,1999-08-08 00:00:00,0.0554736610966938,-0.0815126873995405,0.1924600095929282,144.36,-38.147
36377,1999-08-09 00:00:00,0.2980345688873982,0.1611344693008652,0.4349346684739313,144.36,-38.147
36378,1999-08-10 00:00:00,0.111662354626159,-0.024704505398004,0.248029214650322,144.36,-38.147
36379,1999-08-11 00:00:00,0.0003305044646112,-0.1360110828832702,0.1366720918124927,144.36,-38.147
36380,1999-08-12 00:00:00,0.1383759190811941,0.0013140296209885,0.2754378085413997,144.36,-38.147
36381,1999-08-13 00:00:00,0.2170789453094571,0.0800740288464499,0.3540838617724643,144.36,-38.147
36382,1999-08-14 00:00:00,0.1429194442496742,0.0055655809801309,0.2802733075192175,144.36,-38.147
36383,1999-08-15 00:00:00,-0.0035717289388847,-0.1403238236753477,0.1331803657975783,144.36,-38.147
36384,1999-08-16 00:00:00,-0.0175439787974691,-0.1537629750148763,0.1186750174199379,144.36,-38.147
36385,1999-08-17 00:00:00,-0.0157099962525078,-0.1518975138848269,0.1204775213798111,144.36,-38.147
36386,1999-08-18 00:00:00,0.0243237096463366,-0.1121053729381751,0.1607527922308484,144.36,-38.147
36387,1999-08-19 00:00:00,0.1682121470022448,0.0310677722025628,0.3053565218019269,144.36,-38.147
36388,1999-08-20 00:00:00,0.1948175070344605,0.0578588243809638,0.3317761896879572,144.36,-38.147
36389,1999-08-21 00:00:00,0.0457278942528064,-0.0905650677221655,0.1820208562277783,144.36,-38.147
36390,1999-08-22 00:00:00,-0.0125524596433451,-0.1487606351197391,0.1236557158330489,144.36,-38.147
36391,1999-08-23 00:00:00,-0.0494508763435303,-0.185681709573403,0.0867799568863424,144.36,-38.147
36392,1999-08-24 00:00:00,-0.0455321467494943,-0.1817994687616477,0.090735175262659,144.36,-38.147
36393,1999-08-25 00:00:00,-0.0134853767618475,-0.1502860630413985,0.1233153095177034,144.36,-38.147
36394,1999-08-26 00:00:00,0.1292422819491253,-0.0077759101030516,0.2662604740013023,144.36,-38.147
36395,1999-08-27 00:00:00,0.0768608517711791,-0.0596987347962642,0.2134204383386226,144.36,-38.147
36396,1999-08-28 00:00:00,0.0237119029376236,-0.1127361330988866,0.1601599389741339,144.36,-38.147
36397,1999-08-29 00:00:00,-0.0522245560534472,-0.1884673080894462,0.0840181959825517,144.36,-38.147
36398,1999-08-30 00:00:00,-0.0131126690382651,-0.1493373353764825,0.1231119972999522,144.36,-38.147
36399,1999-08-31 00:00:00,-0.0049489258675804,-0.1411696587871926,0.1312718070520317,144.36,-38.147
36400,1999-09-01 00:00:00,0.0754161571267585,-0.0608944219547284,0.2117267362082455,144.36,-38.147
36401,1999-09-02 00:00:00,-0.0336461710929481,-0.1699103419107662,0.10261799972487,144.36,-38.147
36402,1999-09-03 00:00:00,0.0062971694858526,-0.1301155685847192,0.1427099075564245,144.36,-38.147
36403,1999-09-04 00:00:00,0.0684956004600454,-0.0691959616118356,0.2061871625319264,144.36,-38.147
36404,1999-09-05 00:00:00,0.3319096234989248,0.1934154363341137,0.4704038106637359,144.36,-38.147
36405,1999-09-06 00:00:00,0.1584353529386765,0.0217214144829398,0.2951492913944131,144.36,-38.147
36406,1999-09-07 00:00:00,0.0710723462459616,-0.0651716303732296,0.207316322865153,144.36,-38.147
36407,1999-09-08 00:00:00,0.0022771064475134,-0.1339234323922575,0.1384776452872844,144.36,-38.147
36408,1999-09-09 00:00:00,0.0570140205142947,-0.0792148108041093,0.1932428518326988,144.36,-38.147
36409,1999-09-10 00:00:00,0.0121865705262067,-0.1241362640867495,0.148509405139163,144.36,-38.147
36410,1999-09-11 00:00:00,-0.0305562230114366,-0.1668154684148302,0.1057030223919568,144.36,-38.147
36411,1999-09-12 00:00:00,-0.0206816161450098,-0.1569179309811906,0.1155546986911709,144.36,-38.147
36412,1999-09-13 00:00:00,0.0864801065852998,-0.0498533257758279,0.2228135389464277,144.36,-38.147
36413,1999-09-14 00:00:00,0.0271801077082926,-0.1090315908931423,0.1633918063097275,144.36,-38.147
36414,1999-09-15 00:00:00,0.1071866457115588,-0.0293250078220326,0.2436982992451503,144.36,-38.147
36415,1999-09-16 00:00:00,0.2111307573602302,0.0706783089174748,0.3515832058029856,144.36,-38.147
36416,1999-09-17 00:00:00,0.5161480074358105,0.3762084487118147,0.6560875661598062,144.36,-38.147
36417,1999-09-18 00:00:00,0.118309422618073,-0.0189193528456309,0.2555381980817771,144.36,-38.147
36418,1999-09-19 00:00:00,0.0641809966004481,-0.0723001470980828,0.2006621402989792,144.36,-38.147
36419,1999-09-20 00:00:00,-0.0586645709809908,-0.1950223085415487,0.077693166579567,144.36,-38.147
36420,1999-09-21 00:00:00,-0.0130402910216067,-0.149288730101326,0.1232081480581125,144.36,-38.147
36421,1999-09-22 00:00:00,0.1360485375347207,-0.0003985451191399,0.2724956201885814,144.36,-38.147
36422,1999-09-23 00:00:00,0.0487983161405687,-0.0874944164122884,0.1850910486934259,144.36,-38.147
36423,1999-09-24 00:00:00,0.0597643922246336,-0.0764708249723269,0.1959996094215942,144.36,-38.147
36424,1999-09-25 00:00:00,0.0367008856172144,-0.0995694908842048,0.1729712621186337,144.36,-38.147
36425,1999-09-26 00:00:00,-0.0059217934721448,-0.142158623050265,0.1303150361059752,144.36,-38.147
36426,1999-09-27 00:00:00,-0.0749301541692288,-0.2112218129573357,0.0613615046188781,144.36,-38.147
36427,1999-09-28 00:00:00,-0.0358272547791526,-0.1723458335923356,0.1006913240340304,144.36,-38.147
36428,1999-09-29 00:00:00,0.0661627019699949,-0.0709342666868465,0.2032596706268364,144.36,-38.147
36429,1999-09-30 00:00:00,0.1131875614911173,-0.0237131774932744,0.2500883004755091,144.36,-38.147
36430,1999-10-01 00:00:00,0.002427764932404,-0.1337334140031322,0.1385889438679403,144.36,-38.147
36431,1999-10-02 00:00:00,-0.0044753305464166,-0.1406678993783785,0.1317172382855452,144.36,-38.147
36432,1999-10-03 00:00:00,0.0334046246596918,-0.1028144120703791,0.1696236613897628,144.36,-38.147
36433,1999-10-04 00:00:00,0.0852379727129284,-0.0510009760104452,0.2214769214363021,144.36,-38.147
36434,1999-10-05 00:00:00,0.0020377138136851,-0.1342535543002376,0.1383289819276079,144.36,-38.147
36435,1999-10-06 00:00:00,-0.0349455255038679,-0.171178963377861,0.1012879123701251,144.36,-38.147
36436,1999-10-07 00:00:00,-0.0032599315484479,-0.1395419208852413,0.1330220577883455,144.36,-38.147
36437,1999-10-08 00:00:00,0.0466268783485816,-0.0896407616841014,0.1828945183812647,144.36,-38.147
36438,1999-10-09 00:00:00,0.1162248680554179,-0.0201969155492114,0.2526466516600473,144.36,-38.147
36439,1999-10-10 00:00:00,0.1038849771120324,-0.0325030185531268,0.2402729727771917,144.36,-38.147
36440,1999-10-11 00:00:00,0.2848600426571943,0.1481966475170163,0.4215234377973722,144.36,-38.147
36441,1999-10-12 00:00:00,0.1292721461731024,-0.0072849344616025,0.2658292268078074,144.36,-38.147
36442,1999-10-13 00:00:00,0.0285529084096573,-0.1076940048478775,0.1647998216671922,144.36,-38.147
36443,1999-10-14 00:00:00,0.1105903289554334,-0.0259225548075468,0.2471032127184138,144.36,-38.147
36444,1999-10-15 00:00:00,0.0892643075491426,-0.0473966614509379,0.2259252765492231,144.36,-38.147
36445,1999-10-16 00:00:00,0.1281989137215993,-0.0084098753778118,0.2648077028210106,144.36,-38.147
36446,1999-10-17 00:00:00,-0.0044862903670376,-0.1407238816063234,0.1317513008722481,144.36,-38.147
36447,1999-10-18 00:00:00,0.1308484719567615,-0.0055834229268275,0.2672803668403506,144.36,-38.147
36448,1999-10-19 00:00:00,0.0746985148326025,-0.0616744536299814,0.2110714832951864,144.36,-38.147
36449,1999-10-20 00:00:00,0.0434946490231285,-0.0928404831929304,0.1798297812391874,144.36,-38.147
36450,1999-10-21 00:00:00,0.0854701318999671,-0.0508242498294057,0.2217645136293401,144.36,-38.147
36451,1999-10-22 00:00:00,0.129961627720559,-0.0064812901684575,0.2664045456095755,144.36,-38.147
36452,1999-10-23 00:00:00,0.0186732652342829,-0.1177080246996305,0.1550545551681963,144.36,-38.147
36453,1999-10-24 00:00:00,-0.0281325722985624,-0.1647631794402463,0.1084980348431214,144.36,-38.147
36454,1999-10-25 00:00:00,-0.0002765555496112,-0.1369911790666769,0.1364380679674545,144.36,-38.147
36455,1999-10-26 00:00:00,0.2427656184877271,0.1060090547355194,0.3795221822399348,144.36,-38.147
36456,1999-10-27 00:00:00,0.1642468908006144,0.0278394924895127,0.3006542891117161,144.36,-38.147
36457,1999-10-28 00:00:00,0.1502549808373294,0.01396338947073,0.2865465722039289,144.36,-38.147
36458,1999-10-29 00:00:00,0.1260559225864823,-0.0102421976704099,0.2623540428433747,144.36,-38.147
36459,1999-10-30 00:00:00,0.0416615694676984,-0.0946444644686951,0.1779676034040921,144.36,-38.147
36460,1999-10-31 00:00:00,0.2892001095672312,0.1526662360761302,0.4257339830583322,144.36,-38.147
36461,1999-11-01 00:00:00,0.0820074783809894,-0.0544265123517356,0.2184414691137144,144.36,-38.147
36462,1999-11-02 00:00:00,-0.0464787721027849,-0.1827843196911206,0.0898267754855507,144.36,-38.147
36463,1999-11-03 00:00:00,-0.0380064702931158,-0.1742469780426758,0.0982340374564441,144.36,-38.147
36464,1999-11-04 00:00:00,0.000889388243054,-0.1353326745574836,0.1371114510435918,144.36,-38.147
36465,1999-11-05 00:00:00,0.0338795891676434,-0.1023992470970471,0.1701584254323341,144.36,-38.147
36466,1999-11-06 00:00:00,0.1990178266793676,0.0623142349843828,0.3357214183743525,144.36,-38.147
36467,1999-11-07 00:00:00,0.1513196887521148,0.0147337820171624,0.2879055954870672,144.36,-38.147
36468,1999-11-08 00:00:00,0.1013235082444364,-0.0350081738092202,0.2376551902980931,144.36,-38.147
36469,1999-11-09 00:00:00,0.1069333786572355,-0.0293585194953365,0.2432252768098076,144.36,-38.147
36470,1999-11-10 00:00:00,0.0173069264165078,-0.1192699807626706,0.1538838335956863,144.36,-38.147
36471,1999-11-11 00:00:00,-0.0142638528839977,-0.1505704307861556,0.1220427250181601,144.36,-38.147
36472,1999-11-12 00:00:00,-0.0142038423674562,-0.1503919631541307,0.1219842784192181,144.36,-38.147
36473,1999-11-13 00:00:00,0.1598764282964469,0.0232481011628204,0.2965047554300734,144.36,-38.147
36474,1999-11-14 00:00:00,0.2057724434023244,0.069158065799067,0.3423868210055818,144.36,-38.147
36475,1999-11-15 00:00:00,0.2809298259348003,0.1444558643829355,0.4174037874866652,144.36,-38.147
36476,1999-11-16 00:00:00,0.1614255943867053,0.0250413425310737,0.2978098462423368,144.36,-38.147
36477,1999-11-17 00:00:00,0.0158935400832397,-0.1203397171737561,0.1521267973402356,144.36,-38.147
36478,1999-11-18 00:00:00,-0.0084340743468895,-0.1446597375295792,0.1277915888358001,144.36,-38.147
36479,1999-11-19 00:00:00,-0.0215400247184994,-0.1578129697296491,0.1147329202926501,144.36,-38.147
36480,1999-11-20 00:00:00,-0.0151317140342406,-0.1515162317172048,0.1212528036487234,144.36,-38.147
36481,1999-11-21 00:00:00,0.0077113422418677,-0.1288834321631198,0.1443061166468554,144.36,-38.147
36482,1999-11-22 00:00:00,0.3260354166764667,0.1889587694129882,0.4631120639399452,144.36,-38.147
36483,1999-11-23 00:00:00,0.1432441949927187,0.0068105899522148,0.2796778000332226,144.36,-38.147
36484,1999-11-24 00:00:00,0.074354825602648,-0.0618219228643828,0.2105315740696788,144.36,-38.147
36485,1999-11-25 00:00:00,0.018945562003766,-0.1172187813610168,0.1551099053685489,144.36,-38.147
36486,1999-11-26 00:00:00,0.0271889932762316,-0.1091144459618072,0.1634924325142705,144.36,-38.147
36487,1999-11-27 00:00:00,-0.0440452333904277,-0.180756699645246,0.0926662328643905,144.36,-38.147
36488,1999-11-28 00:00:00,-0.0520612403341588,-0.1885196901673776,0.0843972094990599,144.36,-38.147
36489,1999-11-29 00:00:00,0.0001231599031289,-0.1361520189725523,0.1363983387788103,144.36,-38.147
36490,1999-11-30 00:00:00,0.024055234210374,-0.1121318229749406,0.1602422913956887,144.36,-38.147
36491,1999-12-01 00:00:00,0.0613658112280081,-0.0749230029895217,0.197654625445538,144.36,-38.147
36492,1999-12-02 00:00:00,0.0419656663523299,-0.0956941229300816,0.1796254556347414,144.36,-38.147
36493,1999-12-03 00:00:00,0.2482851362334577,0.1105652989121622,0.3860049735547533,144.36,-38.147
36494,1999-12-04 00:00:00,0.0911478253682775,-0.045630403641392,0.2279260543779471,144.36,-38.147
36495,1999-12-05 00:00:00,0.0699115774363084,-0.0663224722232822,0.2061456270958991,144.36,-38.147
36496,1999-12-06 00:00:00,0.022596040808646,-0.1136168876681531,0.1588089692854451,144.36,-38.147
36497,1999-12-07 00:00:00,0.001840594510191,-0.1343771099807383,0.1380582990011205,144.36,-38.147
36498,1999-12-08 00:00:00,0.038849726651124,-0.0974817894734892,0.1751812427757373,144.36,-38.147
36499,1999-12-09 00:00:00,0.2253743274028002,0.088885868231353,0.3618627865742475,144.36,-38.147
36500,1999-12-10 00:00:00,0.1590076962472612,0.022654899318195,0.2953604931763275,144.36,-38.147
36501,1999-12-11 00:00:00,0.1582935890678424,0.0218909558352433,0.2946962223004415,144.36,-38.147
36502,1999-12-12 00:00:00,0.0891018651659229,-0.0473198438305633,0.2255235741624092,144.36,-38.147
36503,1999-12-13 00:00:00,-0.0041186787494027,-0.1404438636096214,0.132206506110816,144.36,-38.147
36504,1999-12-14 00:00:00,-0.0114597035914209,-0.1476594581592269,0.124740050976385,144.36,-38.147
36505,1999-12-15 00:00:00,-0.0078831164344759,-0.1442100494145451,0.1284438165455932,144.36,-38.147
36506,1999-12-16 00:00:00,0.2381798061899754,0.1008440923505928,0.3755155200293579,144.36,-38.147
36507,1999-12-17 00:00:00,0.2732001835477934,0.1359417825689679,0.410458584526619,144.36,-38.147
36508,1999-12-18 00:00:00,0.0983683697950628,-0.0380643689163927,0.2348011085065185,144.36,-38.147
36509,1999-12-19 00:00:00,0.0553479586372264,-0.0810134893381851,0.1917094066126379,144.36,-38.147
36510,1999-12-20 00:00:00,-0.0184563664679915,-0.15474400584235,0.117831272906367,144.36,-38.147
36511,1999-12-21 00:00:00,-0.0284544833193166,-0.1647530102896679,0.1078440436510345,144.36,-38.147
36512,1999-12-22 00:00:00,-0.0082328340584892,-0.1444722966199349,0.1280066285029563,144.36,-38.147
36513,1999-12-23 00:00:00,0.0009570036473436,-0.1353369004131338,0.1372509077078212,144.36,-38.147
36514,1999-12-24 00:00:00,-0.0287823747630654,-0.1651266849628692,0.1075619354367383,144.36,-38.147
36515,1999-12-25 00:00:00,-0.0253999223036778,-0.1617615788909251,0.1109617342835694,144.36,-38.147
36516,1999-12-26 00:00:00,0.0206073396355106,-0.115758846332596,0.1569735256036173,144.36,-38.147
36517,1999-12-27 00:00:00,0.0697211928974923,-0.0666848217038399,0.2061272074988245,144.36,-38.147
36518,1999-12-28 00:00:00,0.0451220717032138,-0.0915783125955583,0.1818224560019859,144.36,-38.147
36519,1999-12-29 00:00:00,0.0577050451138211,-0.0790549941898387,0.1944650844174809,144.36,-38.147
36520,1999-12-30 00:00:00,0.0360733232445852,-0.1003639224960113,0.1725105689851818,144.36,-38.147
36521,1999-12-31 00:00:00,0.0477000200876415,-0.0889366554484183,0.1843366956237014,144.36,-38.147
36522,2000-01-01 00:00:00,-0.0014149083845322,-0.1379791173445144,0.1351493005754499,144.36,-38.147
36523,2000-01-02 00:00:00,0.0105611471168079,-0.1257130400084589,0.1468353342420748,144.36,-38.147
36524,2000-01-03 00:00:00,0.0286152406267584,-0.1076801025242173,0.1649105837777342,144.36,-38.147
36525,2000-01-04 00:00:00,0.1617469810138392,0.0245249672016047,0.2989689948260737,144.36,-38.147
36526,2000-01-05 00:00:00,0.1040052691329669,-0.0334136240638159,0.2414241623297497,144.36,-38.147
36527,2000-01-06 00:00:00,-0.0500374258020661,-0.1866516781211205,0.0865768265169883,144.36,-38.147
36528,2000-01-07 00:00:00,-0.0028064415669268,-0.1390406205971129,0.1334277374632592,144.36,-38.147
36529,2000-01-08 00:00:00,-0.006861176053025,-0.143117593312168,0.1293952412061179,144.36,-38.147
36530,2000-01-09 00:00:00,-0.0053853383380891,-0.1416695484480947,0.1308988717719164,144.36,-38.147
36531,2000-01-10 00:00:00,0.0581776973312116,-0.0782031632628099,0.1945585579252332,144.36,-38.147
36532,2000-01-11 00:00:00,0.0498978033756539,-0.086423361609823,0.186218968361131,144.36,-38.147
36533,2000-01-12 00:00:00,-0.0059025068035265,-0.142209161816817,0.1304041482097638,144.36,-38.147
36534,2000-01-13 00:00:00,0.0178424995227803,-0.1184565916122012,0.1541415906577619,144.36,-38.147
36535,2000-01-14 00:00:00,0.0329244920171361,-0.1033820208539073,0.1692310048881796,144.36,-38.147
36536,2000-01-15 00:00:00,0.0748367327703636,-0.0615104062013134,0.2111838717420407,144.36,-38.147
36537,2000-01-16 00:00:00,0.0447376813762379,-0.0915255460360533,0.1810009087885293,144.36,-38.147
36538,2000-01-17 00:00:00,0.0430864240478088,-0.0932783315885478,0.1794511796841655,144.36,-38.147
36539,2000-01-18 00:00:00,-0.0100170142473824,-0.1463639135521111,0.1263298850573461,144.36,-38.147
36540,2000-01-19 00:00:00,0.2190482963065379,0.082522122050994,0.3555744705620817,144.36,-38.147
36541,2000-01-20 00:00:00,0.2962036510511774,0.1596778777321588,0.432729424370196,144.36,-38.147
36542,2000-01-21 00:00:00,0.2819598962477937,0.1451159324587853,0.418803860036802,144.36,-38.147
36543,2000-01-22 00:00:00,0.1589902721412284,0.0224843648010534,0.2954961794814034,144.36,-38.147
36544,2000-01-23 00:00:00,0.0530659973468875,-0.083528154804589,0.1896601494983641,144.36,-38.147
36545,2000-01-24 00:00:00,-0.0232382858936622,-0.1596298628806857,0.1131532910933613,144.36,-38.147
36546,2000-01-25 00:00:00,-0.0103980392260204,-0.1466345098034881,0.1258384313514471,144.36,-38.147
36547,2000-01-26 00:00:00,0.0241502029894049,-0.1121476049804951,0.160448010959305,144.36,-38.147
36548,2000-01-27 00:00:00,0.056202949215201,-0.0812559765660957,0.1936618749964977,144.36,-38.147
36549,2000-01-28 00:00:00,0.0967031871404853,-0.0408581258357891,0.2342645001167597,144.36,-38.147
36550,2000-01-29 00:00:00,0.0394246164530749,-0.0971325882541068,0.1759818211602568,144.36,-38.147
36551,2000-01-30 00:00:00,0.0246029879330278,-0.1117909567920675,0.1609969326581233,144.36,-38.147
36552,2000-01-31 00:00:00,0.0090799573280758,-0.1271558382605906,0.1453157529167424,144.36,-38.147
36553,2000-02-01 00:00:00,-0.0126507009611623,-0.1489427682337014,0.1236413663113767,144.36,-38.147
36554,2000-02-02 00:00:00,0.0699257659064584,-0.0665512160983665,0.2064027479112834,144.36,-38.147
36555,2000-02-03 00:00:00,0.0544662903622431,-0.0822505674880608,0.191183148212547,144.36,-38.147
36556,2000-02-04 00:00:00,0.0113094379104579,-0.1255182845422195,0.1481371603631353,144.36,-38.147
36557,2000-02-05 00:00:00,0.2054524702113946,0.0684921835156931,0.342412756907096,144.36,-38.147
36558,2000-02-06 00:00:00,0.0862790647716847,-0.0505339418436194,0.2230920713869888,144.36,-38.147
36559,2000-02-07 00:00:00,-0.0331942259960007,-0.1696700029469862,0.1032815509549846,144.36,-38.147
36560,2000-02-08 00:00:00,-0.0257055831857502,-0.1619816182378301,0.1105704518663296,144.36,-38.147
36561,2000-02-09 00:00:00,0.0211257387315894,-0.1151668798314461,0.157418357294625,144.36,-38.147
36562,2000-02-10 00:00:00,0.0083002995104562,-0.1287156952281716,0.1453162942490841,144.36,-38.147
36563,2000-02-11 00:00:00,0.1704496374071734,0.0332112452487062,0.3076880295656405,144.36,-38.147
36564,2000-02-12 00:00:00,0.063996461804475,-0.0726303548707891,0.2006232784797392,144.36,-38.147
36565,2000-02-13 00:00:00,0.0403580250496441,-0.0965880538277098,0.1773041039269981,144.36,-38.147
36566,2000-02-14 00:00:00,-0.072701216484288,-0.209363043945338,0.0639606109767619,144.36,-38.147
36567,2000-02-15 00:00:00,-0.0082229588242847,-0.1446935674122946,0.128247649763725,144.36,-38.147
36568,2000-02-16 00:00:00,0.0572895290841156,-0.0789614739305923,0.1935405320988236,144.36,-38.147
36569,2000-02-17 00:00:00,0.0552925664659546,-0.0809653919707518,0.1915505249026611,144.36,-38.147
36570,2000-02-18 00:00:00,0.0342019969693471,-0.1020286493591849,0.1704326432978792,144.36,-38.147
36571,2000-02-19 00:00:00,0.0581534060575452,-0.0780895259769538,0.1943963380920444,144.36,-38.147
36572,2000-02-20 00:00:00,0.1267224307516798,-0.009909670066192,0.2633545315695518,144.36,-38.147
36573,2000-02-21 00:00:00,0.0213228512512844,-0.1167113185063611,0.1593570210089299,144.36,-38.147
36574,2000-02-22 00:00:00,0.0231896816303464,-0.1151919430133403,0.1615713062740332,144.36,-38.147
36575,2000-02-23 00:00:00,0.1793923651706265,0.0423035115032539,0.316481218837999,144.36,-38.147
36576,2000-02-24 00:00:00,0.0609247838426539,-0.0754445793483123,0.1972941470336203,144.36,-38.147
36577,2000-02-25 00:00:00,-0.0013958898029482,-0.137606916448643,0.1348151368427464,144.36,-38.147
36578,2000-02-26 00:00:00,0.1289074038458491,-0.0074936658277343,0.2653084735194326,144.36,-38.147
36579,2000-02-27 00:00:00,0.048801387611515,-0.0875935516115954,0.1851963268346255,144.36,-38.147
36580,2000-02-28 00:00:00,-0.0109559053308227,-0.147216807401676,0.1253049967400306,144.36,-38.147
36581,2000-02-29 00:00:00,-0.0081572254615465,-0.1443803625902789,0.1280659116671857,144.36,-38.147
36582,2000-03-01 00:00:00,-0.0215798140570871,-0.1577624389561595,0.1146028108419853,144.36,-38.147
36583,2000-03-02 00:00:00,0.0618153869503839,-0.07443110845924,0.1980618823600078,144.36,-38.147
36584,2000-03-03 00:00:00,0.1292431825516049,-0.0070906865960944,0.2655770516993043,144.36,-38.147
36585,2000-03-04 00:00:00,0.0963994383551183,-0.0400020452999063,0.2328009220101429,144.36,-38.147
36586,2000-03-05 00:00:00,0.0370332888728121,-0.0993227927119104,0.1733893704575346,144.36,-38.147
36587,2000-03-06 00:00:00,0.0296482581947615,-0.106628361210844,0.1659248776003671,144.36,-38.147
36588,2000-03-07 00:00:00,-0.0533034799805167,-0.1897780513017839,0.0831710913407503,144.36,-38.147
36589,2000-03-08 00:00:00,-0.0380508015342528,-0.1745539672010651,0.0984523641325595,144.36,-38.147
36590,2000-03-09 00:00:00,-0.0380688717249391,-0.1745076404560694,0.098369897006191,144.36,-38.147
36591,2000-03-10 00:00:00,0.0218942250902185,-0.1144864921866309,0.1582749423670681,144.36,-38.147
36592,2000-03-11 00:00:00,0.0640204057646582,-0.0721564836823138,0.2001972952116303,144.36,-38.147
36593,2000-03-12 00:00:00,0.0444363972208129,-0.0919144584120293,0.1807872528536553,144.36,-38.147
36594,2000-03-13 00:00:00,0.0102896192938425,-0.1265471684973776,0.1471264070850627,144.36,-38.147
36595,2000-03-14 00:00:00,0.1755863098646506,0.0388616816987868,0.3123109380305144,144.36,-38.147
36596,2000-03-15 00:00:00,0.0434391669021567,-0.0928706024377214,0.1797489362420349,144.36,-38.147
36597,2000-03-16 00:00:00,0.0417043142226284,-0.0944876224755003,0.1778962509207571,144.36,-38.147
36598,2000-03-17 00:00:00,0.0098917845903378,-0.1263180363929534,0.146101605573629,144.36,-38.147
36599,2000-03-18 00:00:00,0.2367775621068645,0.0987721530617507,0.3747829711519782,144.36,-38.147
36600,2000-03-19 00:00:00,0.0628008723017356,-0.0743431963828384,0.1999449409863097,144.36,-38.147
36601,2000-03-20 00:00:00,0.0589156693354829,-0.0773333205645612,0.1951646592355271,144.36,-38.147
36602,2000-03-21 00:00:00,-0.0098897741550013,-0.1461937789119937,0.126414230601991,144.36,-38.147
36603,2000-03-22 00:00:00,-0.0242216989319218,-0.1611539978801126,0.1127106000162689,144.36,-38.147
36604,2000-03-23 00:00:00,0.1244482830773731,-0.0131627592312474,0.2620593253859936,144.36,-38.147
36605,2000-03-24 00:00:00,-0.0198864584184409,-0.1563361189496846,0.1165632021128026,144.36,-38.147
36606,2000-03-25 00:00:00,-0.023564130374268,-0.1597853639157316,0.1126571031671955,144.36,-38.147
36607,2000-03-26 00:00:00,0.0308391045735182,-0.1053383876005547,0.1670165967475913,144.36,-38.147
36608,2000-03-27 00:00:00,0.0807388783241728,-0.0554909193185451,0.2169686759668907,144.36,-38.147
36609,2000-03-28 00:00:00,0.0751640518547283,-0.0610802599460491,0.2114083636555058,144.36,-38.147
36610,2000-03-29 00:00:00,0.1311367657992694,-0.0051612170821315,0.2674347486806703,144.36,-38.147
36611,2000-03-30 00:00:00,0.0724843540847865,-0.0637074974060349,0.2086762055756079,144.36,-38.147
36612,2000-03-31 00:00:00,0.1368311020417804,0.0006074989131786,0.2730547051703822,144.36,-38.147
36613,2000-04-01 00:00:00,0.0833465136283268,-0.0531165820286989,0.2198096092853527,144.36,-38.147
36614,2000-04-02 00:00:00,-0.0192130112035677,-0.1554618156309758,0.1170357932238402,144.36,-38.147
36615,2000-04-03 00:00:00,0.1011123147196656,-0.0351574585454418,0.237382087984773,144.36,-38.147
36616,2000-04-04 00:00:00,0.0531726877006349,-0.0831874571656614,0.1895328325669312,144.36,-38.147
36617,2000-04-05 00:00:00,0.0082145940380702,-0.1284864622933956,0.1449156503695361,144.36,-38.147
36618,2000-04-06 00:00:00,0.018646121660576,-0.1182903368917099,0.1555825802128621,144.36,-38.147
36619,2000-04-07 00:00:00,-0.0175958274159951,-0.1538536658845684,0.1186620110525781,144.36,-38.147
36620,2000-04-08 00:00:00,-0.0359840673450123,-0.1721647573593875,0.1001966226693628,144.36,-38.147
36621,2000-04-09 00:00:00,0.0251004063714597,-0.1110863976557004,0.16128721039862,144.36,-38.147
36622,2000-04-10 00:00:00,0.0363646342671052,-0.0998898155936655,0.1726190841278761,144.36,-38.147
36623,2000-04-11 00:00:00,-0.0366763852897497,-0.1729102105662852,0.0995574399867857,144.36,-38.147
36624,2000-04-12 00:00:00,-0.0197176739580173,-0.155928376168323,0.1164930282522883,144.36,-38.147
36625,2000-04-13 00:00:00,-0.0122365028719589,-0.1485634842899564,0.1240904785460385,144.36,-38.147
36626,2000-04-14 00:00:00,0.1372666088274307,0.0008519191031671,0.2736812985516943,144.36,-38.147
36627,2000-04-15 00:00:00,0.1135435504938278,-0.0227299815932583,0.2498170825809141,144.36,-38.147
36628,2000-04-16 00:00:00,0.1736585388164335,0.0373396575161802,0.3099774201166868,144.36,-38.147
36629,2000-04-17 00:00:00,0.2033236613892157,0.0670523358471403,0.339594986931291,144.36,-38.147
36630,2000-04-18 00:00:00,0.0875512535080207,-0.0486573789363765,0.223759885952418,144.36,-38.147
36631,2000-04-19 00:00:00,0.0716090039697425,-0.0645833267657823,0.2078013347052674,144.36,-38.147
36632,2000-04-20 00:00:00,0.1047656716544694,-0.0314464118628318,0.2409777551717706,144.36,-38.147
36633,2000-04-21 00:00:00,0.1196463528739765,-0.0166121827531261,0.2559048885010793,144.36,-38.147
36634,2000-04-22 00:00:00,-0.0006886761166749,-0.1372556364130864,0.1358782841797366,144.36,-38.147
36635,2000-04-23 00:00:00,-0.0114659874472049,-0.1477452497704919,0.1248132748760821,144.36,-38.147
36636,2000-04-24 00:00:00,-0.0337817866814065,-0.1700266953172952,0.1024631219544822,144.36,-38.147
36637,2000-04-25 00:00:00,-0.0638474155343427,-0.2000620434937564,0.072367212425071,144.36,-38.147
36638,2000-04-26 00:00:00,-0.0536224737180081,-0.1898493088139109,0.0826043613778945,144.36,-38.147
36639,2000-04-27 00:00:00,-0.0231461941389616,-0.1593678777220229,0.1130754894440996,144.36,-38.147
36640,2000-04-28 00:00:00,-0.0015724360373427,-0.1379180774779154,0.1347732054032298,144.36,-38.147
36641,2000-04-29 00:00:00,0.0464886786517407,-0.0902925089404279,0.1832698662439094,144.36,-38.147
36642,2000-04-30 00:00:00,0.2215313704650734,0.0821483385315322,0.3609144023986147,144.36,-38.147
36643,2000-05-01 00:00:00,0.0881637551379456,-0.0506113577660231,0.2269388680419145,144.36,-38.147
36644,2000-05-02 00:00:00,0.0568314005131174,-0.0794392194648038,0.1931020204910386,144.36,-38.147
36645,2000-05-03 00:00:00,0.0404730641152039,-0.0957711660950079,0.1767172943254158,144.36,-38.147
36646,2000-05-04 00:00:00,0.0463914602701371,-0.089920451056053,0.1827033715963272,144.36,-38.147
36647,2000-05-05 00:00:00,0.0399297001881853,-0.0964721856243626,0.1763315860007333,144.36,-38.147
36648,2000-05-06 00:00:00,0.1036099535290014,-0.0332344584543086,0.2404543655123115,144.36,-38.147
36649,2000-05-07 00:00:00,-0.0124524975412334,-0.1490079345272491,0.1241029394447822,144.36,-38.147
36650,2000-05-08 00:00:00,-0.0003925342303471,-0.1365986904118636,0.1358136219511692,144.36,-38.147
36651,2000-05-09 00:00:00,0.0661440062591147,-0.0702053601103806,0.2024933726286101,144.36,-38.147
36652,2000-05-10 00:00:00,-0.0141893257290416,-0.1504719362358545,0.1220932847777713,144.36,-38.147
36653,2000-05-11 00:00:00,-0.0037360543779552,-0.1399387068552777,0.1324665980993672,144.36,-38.147
36654,2000-05-12 00:00:00,0.025417540981621,-0.1108171136983813,0.1616521956616234,144.36,-38.147
36655,2000-05-13 00:00:00,0.1780751522412481,0.0409847154984689,0.3151655889840273,144.36,-38.147
36656,2000-05-14 00:00:00,0.3473935660001558,0.209682522100437,0.4851046098998747,144.36,-38.147
36657,2000-05-15 00:00:00,0.0739850963216061,-0.0625219724757465,0.2104921651189589,144.36,-38.147
36658,2000-05-16 00:00:00,0.060810494584741,-0.0755090512437483,0.1971300404132303,144.36,-38.147
36659,2000-05-17 00:00:00,0.1260705567236572,-0.0108633530875291,0.2630044665348435,144.36,-38.147
36660,2000-05-18 00:00:00,-0.0277578463926392,-0.1642471387894625,0.1087314460041839,144.36,-38.147
36661,2000-05-19 00:00:00,0.0390066055888808,-0.0973225594500381,0.1753357706277999,144.36,-38.147
36662,2000-05-20 00:00:00,0.0977726679707383,-0.0389417406961568,0.2344870766376336,144.36,-38.147
36663,2000-05-21 00:00:00,0.0441889924709025,-0.0926571249133071,0.1810351098551122,144.36,-38.147
36664,2000-05-22 00:00:00,0.0662961275697232,-0.0701150356852635,0.2027072908247099,144.36,-38.147
36665,2000-05-23 00:00:00,0.0237438858268506,-0.1126134039610244,0.1601011756147257,144.36,-38.147
36666,2000-05-24 00:00:00,0.1054319842378424,-0.0312045249139474,0.2420684933896323,144.36,-38.147
36667,2000-05-25 00:00:00,0.1711127896419954,0.0345797006165211,0.3076458786674698,144.36,-38.147
36668,2000-05-26 00:00:00,0.107849176187826,-0.0295274649925786,0.2452258173682306,144.36,-38.147
36669,2000-05-27 00:00:00,0.321900513324647,0.1825438853928769,0.4612571412564171,144.36,-38.147
36670,2000-05-28 00:00:00,0.2687404332384289,0.1308544252672729,0.406626441209585,144.36,-38.147
36671,2000-05-29 00:00:00,0.163850962917382,0.0249941719561765,0.3027077538785874,144.36,-38.147
36672,2000-05-30 00:00:00,0.0111828138189263,-0.1275730216945589,0.1499386493324115,144.36,-38.147
36673,2000-05-31 00:00:00,-0.061622812563835,-0.2000774349960886,0.0768318098684185,144.36,-38.147
36674,2000-06-01 00:00:00,-0.015073243031519,-0.1523269083813475,0.1221804223183095,144.36,-38.147
36675,2000-06-02 00:00:00,-0.0179107084112468,-0.1549208535335811,0.1190994367110874,144.36,-38.147
36676,2000-06-03 00:00:00,0.0338654696608451,-0.1024102652527578,0.1701412045744481,144.36,-38.147
36677,2000-06-04 00:00:00,0.1438843167312936,0.007510930715075,0.2802577027475122,144.36,-38.147
36678,2000-06-05 00:00:00,0.1712384553510742,0.0346851894618625,0.3077917212402858,144.36,-38.147
36679,2000-06-06 00:00:00,0.056695448255932,-0.0797194757500596,0.1931103722619237,144.36,-38.147
36680,2000-06-07 00:00:00,0.012061723657083,-0.1242461368947477,0.1483695842089137,144.36,-38.147
36681,2000-06-08 00:00:00,0.0298362462862282,-0.1064251815831982,0.1660976741556546,144.36,-38.147
36682,2000-06-09 00:00:00,0.1243902907553719,-0.0121417857240722,0.2609223672348161,144.36,-38.147
36683,2000-06-10 00:00:00,0.0342679969261674,-0.1022350816671688,0.1707710755195036,144.36,-38.147
36684,2000-06-11 00:00:00,-0.0565741958030875,-0.1928922376970967,0.0797438460909216,144.36,-38.147
36685,2000-06-12 00:00:00,-0.0572886493669911,-0.1935075681733511,0.0789302694393689,144.36,-38.147
36686,2000-06-13 00:00:00,-0.0427356029713822,-0.1789626873803066,0.0934914814375421,144.36,-38.147
36687,2000-06-14 00:00:00,-0.0675761526961268,-0.2038827618352,0.0687304564429462,144.36,-38.147
36688,2000-06-15 00:00:00,-0.0146393974951918,-0.1513813536925196,0.1221025587021359,144.36,-38.147
36689,2000-06-16 00:00:00,0.0933182737457216,-0.0437826338317723,0.2304191813232156,144.36,-38.147
36690,2000-06-17 00:00:00,0.147886573853355,0.0112721078472809,0.284501039859429,144.36,-38.147
36691,2000-06-18 00:00:00,0.0154764381794869,-0.1208970900692135,0.1518499664281875,144.36,-38.147
36692,2000-06-19 00:00:00,-0.0165324951768465,-0.1527624410332325,0.1196974506795395,144.36,-38.147
36693,2000-06-20 00:00:00,0.0183777844338759,-0.1182964470042951,0.1550520158720471,144.36,-38.147
36694,2000-06-21 00:00:00,0.0877032423547388,-0.0495800961798024,0.22498658088928,144.36,-38.147
36695,2000-06-22 00:00:00,0.2583173913856955,0.1213799249483689,0.3952548578230221,144.36,-38.147
36696,2000-06-23 00:00:00,0.2556371829270712,0.1189492404323696,0.3923251254217728,144.36,-38.147
36697,2000-06-24 00:00:00,0.0845004822496083,-0.0520188045084065,0.2210197690076232,144.36,-38.147
36698,2000-06-25 00:00:00,0.0649284893883124,-0.0714084694144015,0.2012654481910264,144.36,-38.147
36699,2000-06-26 00:00:00,0.027661296921582,-0.1086709246476183,0.1639935184907824,144.36,-38.147
36700,2000-06-27 00:00:00,0.076802339898119,-0.0598235532564177,0.2134282330526559,144.36,-38.147
36701,2000-06-28 00:00:00,0.1495733870510778,0.0131233969482494,0.2860233771539061,144.36,-38.147
36702,2000-06-29 00:00:00,0.2172726347789481,0.080838831728461,0.3537064378294352,144.36,-38.147
36703,2000-06-30 00:00:00,0.121810090995345,-0.014804295335094,0.2584244773257841,144.36,-38.147
36704,2000-07-01 00:00:00,-0.0143117678935089,-0.1506012011831649,0.1219776653961471,144.36,-38.147
36705,2000-07-02 00:00:00,-0.0465586308353816,-0.1827619979033325,0.0896447362325694,144.36,-38.147
36706,2000-07-03 00:00:00,-0.0516975195096072,-0.1878884277376649,0.0844933887184505,144.36,-38.147
36707,2000-07-04 00:00:00,-0.0114101999812599,-0.1476687522175553,0.1248483522550354,144.36,-38.147
36708,2000-07-05 00:00:00,0.0028304480020949,-0.1334718014571319,0.1391326974613218,144.36,-38.147
36709,2000-07-06 00:00:00,0.0612504145233975,-0.0753412300868365,0.1978420591336316,144.36,-38.147
36710,2000-07-07 00:00:00,0.1483312740593483,0.0119437324820785,0.2847188156366181,144.36,-38.147
36711,2000-07-08 00:00:00,0.087420353529899,-0.0487869802245596,0.2236276872843578,144.36,-38.147
36712,2000-07-09 00:00:00,0.1116137814914935,-0.024653190048422,0.2478807530314092,144.36,-38.147
36713,2000-07-10 00:00:00,0.1090814502130212,-0.0272882746915324,0.245451175117575,144.36,-38.147
36714,2000-07-11 00:00:00,0.0494663563723598,-0.0868216438637206,0.1857543566084403,144.36,-38.147
36715,2000-07-12 00:00:00,0.0455825092774145,-0.0907884228381957,0.1819534413930247,144.36,-38.147
36716,2000-07-13 00:00:00,0.1260240245225563,-0.0104836526153731,0.2625317016604857,144.36,-38.147
36717,2000-07-14 00:00:00,0.0239353140515461,-0.1123956386777221,0.1602662667808144,144.36,-38.147
36718,2000-07-15 00:00:00,0.1618539423228152,0.0248052482615938,0.2989026363840367,144.36,-38.147
36719,2000-07-16 00:00:00,0.1413288028596298,0.004684013542196,0.2779735921770637,144.36,-38.147
36720,2000-07-17 00:00:00,0.0072184761130199,-0.1290151613770675,0.1434521136031074,144.36,-38.147
36721,2000-07-18 00:00:00,-0.0098924745203024,-0.1462454350064556,0.1264604859658508,144.36,-38.147
36722,2000-07-19 00:00:00,0.1601239846788113,0.0227387582485279,0.2975092111090948,144.36,-38.147
36723,2000-07-20 00:00:00,0.2127474206868612,0.0748536529318702,0.3506411884418522,144.36,-38.147
36724,2000-07-21 00:00:00,0.4932938600849466,0.3519410183358911,0.6346467018340021,144.36,-38.147
36725,2000-07-22 00:00:00,0.0147416658399231,-0.1228725437590826,0.1523558754389289,144.36,-38.147
36726,2000-07-23 00:00:00,0.0917998362730322,-0.0453262856021061,0.2289259581481706,144.36,-38.147
36727,2000-07-24 00:00:00,0.2754966246755364,0.1367032710809667,0.4142899782701059,144.36,-38.147
36728,2000-07-25 00:00:00,0.0965827713797379,-0.0404527553553445,0.2336182981148204,144.36,-38.147
36729,2000-07-26 00:00:00,0.2096874341458131,0.0719716621571723,0.3474032061344539,144.36,-38.147
36730,2000-07-27 00:00:00,0.0869898753309769,-0.0499014904673865,0.2238812411293403,144.36,-38.147
36731,2000-07-28 00:00:00,0.0298690203233269,-0.1065579103401959,0.1662959509868498,144.36,-38.147
36732,2000-07-29 00:00:00,-0.0218941678742031,-0.1581304542078445,0.1143421184594382,144.36,-38.147
36733,2000-07-30 00:00:00,0.0451301679488029,-0.0911230884212012,0.1813834243188072,144.36,-38.147
36734,2000-07-31 00:00:00,0.0264134052163681,-0.1098127941058561,0.1626396045385925,144.36,-38.147
36735,2000-08-01 00:00:00,-0.0007546021332301,-0.1369459485987073,0.1354367443322469,144.36,-38.147
36736,2000-08-02 00:00:00,0.0152652421260154,-0.1209579275092747,0.1514884117613055,144.36,-38.147
36737,2000-08-03 00:00:00,0.0305445303813153,-0.1057114394885018,0.1668005002511326,144.36,-38.147
36738,2000-08-04 00:00:00,0.0254786754356195,-0.1108269072836452,0.1617842581548844,144.36,-38.147
36739,2000-08-05 00:00:00,-0.0245981840787079,-0.1608540188721348,0.1116576507147188,144.36,-38.147
36740,2000-08-06 00:00:00,-0.0149770283607776,-0.1511904323105119,0.1212363755889566,144.36,-38.147
36741,2000-08-07 00:00:00,0.006318196945607,-0.1299648938893633,0.1426012877805775,144.36,-38.147
36742,2000-08-08 00:00:00,0.0935689583088462,-0.0428683777522364,0.230006294369929,144.36,-38.147
36743,2000-08-09 00:00:00,0.3234834572638655,0.1868851791888267,0.4600817353389043,144.36,-38.147
36744,2000-08-10 00:00:00,0.2066304252428293,0.0694644658731199,0.3437963846125387,144.36,-38.147
36745,2000-08-11 00:00:00,0.0351588123828098,-0.1019946664476232,0.1723122912132429,144.36,-38.147
36746,2000-08-12 00:00:00,-0.0100459132030202,-0.1464889937421576,0.1263971673361172,144.36,-38.147
36747,2000-08-13 00:00:00,-0.0233761675011782,-0.1595551707428459,0.1128028357404893,144.36,-38.147
36748,2000-08-14 00:00:00,0.0637875643357568,-0.0725263943185524,0.2001015229900661,144.36,-38.147
36749,2000-08-15 00:00:00,0.188216762476905,0.0516951950116783,0.3247383299421317,144.36,-38.147
36750,2000-08-16 00:00:00,0.0906493849551135,-0.0458974782469286,0.2271962481571556,144.36,-38.147
36751,2000-08-17 00:00:00,-0.0388188211378413,-0.1751024725841198,0.097464830308437,144.36,-38.147
36752,2000-08-18 00:00:00,-0.0271488373243461,-0.1634074724780044,0.1091097978293121,144.36,-38.147
36753,2000-08-19 00:00:00,0.0325471017826211,-0.1037052119632543,0.1687994155284967,144.36,-38.147
36754,2000-08-20 00:00:00,0.1146441172064649,-0.0215825144376087,0.2508707488505386,144.36,-38.147
36755,2000-08-21 00:00:00,0.0981685412452257,-0.0381170935053517,0.2344541759958032,144.36,-38.147
36756,2000-08-22 00:00:00,0.0860856783641747,-0.0505677429259399,0.2227390996542895,144.36,-38.147
36757,2000-08-23 00:00:00,0.1353640220214544,-0.00137651718971,0.2721045612326189,144.36,-38.147
36758,2000-08-24 00:00:00,0.0971732596178087,-0.0399509603152014,0.2342974795508189,144.36,-38.147
36759,2000-08-25 00:00:00,0.1183499284073482,-0.0186141395519975,0.255313996366694,144.36,-38.147
36760,2000-08-26 00:00:00,0.1519264983787133,0.015581225343112,0.2882717714143146,144.36,-38.147
36761,2000-08-27 00:00:00,0.1772904166468343,0.0409519771403508,0.3136288561533177,144.36,-38.147
36762,2000-08-28 00:00:00,0.1644971133485442,0.028178604662456,0.3008156220346324,144.36,-38.147
36763,2000-08-29 00:00:00,0.1946374320464432,0.0583403157297331,0.3309345483631533,144.36,-38.147
36764,2000-08-30 00:00:00,0.1189429078268369,-0.0173892094211098,0.2552750250747837,144.36,-38.147
36765,2000-08-31 00:00:00,0.2293502389488358,0.0928917828972318,0.36580869500044,144.36,-38.147
36766,2000-09-01 00:00:00,0.0744286323439196,-0.0620794487464677,0.2109367134343069,144.36,-38.147
36767,2000-09-02 00:00:00,0.2591302321021007,0.1219325597851413,0.3963279044190599,144.36,-38.147
36768,2000-09-03 00:00:00,0.3867622716431305,0.2479296196405297,0.5255949236457313,144.36,-38.147
36769,2000-09-04 00:00:00,0.0180655614562954,-0.1194823579362169,0.1556134808488078,144.36,-38.147
36770,2000-09-05 00:00:00,0.445625045275623,0.3072312835387814,0.5840188070124647,144.36,-38.147
36771,2000-09-06 00:00:00,0.1440092600130855,0.0065006020592059,0.2815179179669651,144.36,-38.147
36772,2000-09-07 00:00:00,0.0813902679255025,-0.0553746420042962,0.2181551778553014,144.36,-38.147
36773,2000-09-08 00:00:00,0.4647079706362561,0.3262214753201213,0.6031944659523909,144.36,-38.147
36774,2000-09-09 00:00:00,0.1294079161078391,-0.0083042539136815,0.2671200861293598,144.36,-38.147
36775,2000-09-10 00:00:00,0.1711647305257402,0.0345735195891661,0.3077559414623143,144.36,-38.147
36776,2000-09-11 00:00:00,0.3818030802535727,0.2436108189573527,0.5199953415497927,144.36,-38.147
36777,2000-09-12 00:00:00,0.1467431049075897,0.0089677871325703,0.2845184226826091,144.36,-38.147
36778,2000-09-13 00:00:00,0.0103061771811808,-0.1260791581342993,0.1466915124966611,144.36,-38.147
36779,2000-09-14 00:00:00,0.1375587272725749,0.0007597076133522,0.2743577469317977,144.36,-38.147
36780,2000-09-15 00:00:00,0.1262582043334596,-0.0104181271413958,0.262934535808315,144.36,-38.147
36781,2000-09-16 00:00:00,0.0005323218892051,-0.1357692280754666,0.1368338718538769,144.36,-38.147
36782,2000-09-17 00:00:00,0.1615240814188323,0.0249875856266588,0.2980605772110057,144.36,-38.147
36783,2000-09-18 00:00:00,0.1826347564702654,0.0461982107043722,0.3190713022361586,144.36,-38.147
36784,2000-09-19 00:00:00,0.1646503493438798,0.0280175141003987,0.3012831845873609,144.36,-38.147
36785,2000-09-20 00:00:00,0.122130172328764,-0.014441608489815,0.258701953147343,144.36,-38.147
36786,2000-09-21 00:00:00,0.1739589405604169,0.037466292099167,0.3104515890216669,144.36,-38.147
36787,2000-09-22 00:00:00,0.1193472108170192,-0.0169741783353735,0.255668599969412,144.36,-38.147
36788,2000-09-23 00:00:00,0.0702464159660557,-0.0659698114477371,0.2064626433798485,144.36,-38.147
36789,2000-09-24 00:00:00,0.0325088392140883,-0.1037647800267114,0.168782458454888,144.36,-38.147
36790,2000-09-25 00:00:00,-0.0358430916481711,-0.172261603372187,0.1005754200758447,144.36,-38.147
36791,2000-09-26 00:00:00,-0.0390337560293163,-0.1766943815371871,0.0986268694785544,144.36,-38.147
36792,2000-09-27 00:00:00,0.0493946768221099,-0.0884852574366361,0.187274611080856,144.36,-38.147
36793,2000-09-28 00:00:00,0.1265465824396482,-0.0098148039232566,0.2629079688025531,144.36,-38.147
36794,2000-09-29 00:00:00,0.1730268209594137,0.0362128466888101,0.3098407952300173,144.36,-38.147
36795,2000-09-30 00:00:00,0.2632746628185693,0.1257764240790437,0.400772901558095,144.36,-38.147
36796,2000-10-01 00:00:00,0.4647026597707756,0.3263737143673043,0.6030316051742468,144.36,-38.147
36797,2000-10-02 00:00:00,0.1324714358674974,-0.0044421051016464,0.2693849768366413,144.36,-38.147
36798,2000-10-03 00:00:00,0.1182885446149127,-0.0181669241065638,0.2547440133363893,144.36,-38.147
36799,2000-10-04 00:00:00,0.0400720867004377,-0.0962225341684561,0.1763667075693315,144.36,-38.147
36800,2000-10-05 00:00:00,0.0470852159969772,-0.0893807382286735,0.1835511702226279,144.36,-38.147
36801,2000-10-06 00:00:00,0.1690296472708642,0.0323463195913948,0.3057129749503335,144.36,-38.147
36802,2000-10-07 00:00:00,0.1325448537833907,-0.0039201572374015,0.2690098648041829,144.36,-38.147
36803,2000-10-08 00:00:00,0.2348946368272373,0.0985651282415058,0.3712241454129688,144.36,-38.147
36804,2000-10-09 00:00:00,0.0769566863346357,-0.0592707333581349,0.2131841060274064,144.36,-38.147
36805,2000-10-10 00:00:00,0.2348601529632073,0.0982477616750404,0.3714725442513743,144.36,-38.147
36806,2000-10-11 00:00:00,0.0407116473512035,-0.0959008238374763,0.1773241185398835,144.36,-38.147
36807,2000-10-12 00:00:00,0.0180503171274582,-0.1183027131514534,0.1544033474063698,144.36,-38.147
36808,2000-10-13 00:00:00,0.2271266061475665,0.0905725468470793,0.3636806654480537,144.36,-38.147
36809,2000-10-14 00:00:00,0.3179679721123257,0.1814520677249662,0.4544838764996852,144.36,-38.147
36810,2000-10-15 00:00:00,0.2416611607798091,0.1050985019290379,0.3782238196305802,144.36,-38.147
36811,2000-10-16 00:00:00,0.0798994910690963,-0.0564016947987421,0.2162006769369348,144.36,-38.147
36812,2000-10-17 00:00:00,-0.0105963048433267,-0.1469093422798341,0.1257167325931806,144.36,-38.147
36813,2000-10-18 00:00:00,0.0269541075756249,-0.1096614384964193,0.1635696536476691,144.36,-38.147
36814,2000-10-19 00:00:00,0.1579246700892647,0.0205398886084765,0.2953094515700529,144.36,-38.147
36815,2000-10-20 00:00:00,0.1367850156052185,4.473516568079261e-05,0.2735252960447561,144.36,-38.147
36816,2000-10-21 00:00:00,-0.0103891163995099,-0.1466250441248016,0.1258468113257817,144.36,-38.147
36817,2000-10-22 00:00:00,0.0399126701863615,-0.096293183440438,0.1761185238131611,144.36,-38.147
36818,2000-10-23 00:00:00,0.0647723780406964,-0.0714195100760168,0.2009642661574097,144.36,-38.147
36819,2000-10-24 00:00:00,0.10019213020402,-0.0362709985778292,0.2366552589858693,144.36,-38.147
36820,2000-10-25 00:00:00,0.10405335519345,-0.0324296818234752,0.2405363922103753,144.36,-38.147
36821,2000-10-26 00:00:00,0.101515508472421,-0.0349947108176578,0.2380257277624999,144.36,-38.147
36822,2000-10-27 00:00:00,0.2408322159553995,0.1044758663347796,0.3771885655760194,144.36,-38.147
36823,2000-10-28 00:00:00,0.0616424753303317,-0.0747303721121093,0.1980153227727727,144.36,-38.147
36824,2000-10-29 00:00:00,-0.0182068885927106,-0.1544979193007171,0.1180841421152958,144.36,-38.147
36825,2000-10-30 00:00:00,-0.0067638672321284,-0.1429521283094602,0.1294243938452033,144.36,-38.147
36826,2000-10-31 00:00:00,0.0057945468651607,-0.1304368892864751,0.1420259830167965,144.36,-38.147
36827,2000-11-01 00:00:00,0.0579795937206297,-0.0783509284333063,0.1943101158745658,144.36,-38.147
36828,2000-11-02 00:00:00,0.1893120252398079,0.0527505590534223,0.3258734914261935,144.36,-38.147
36829,2000-11-03 00:00:00,0.1660342823336698,0.0296340120227461,0.3024345526445935,144.36,-38.147
36830,2000-11-04 00:00:00,0.0781974548623437,-0.0579952691876232,0.2143901789123107,144.36,-38.147
36831,2000-11-05 00:00:00,0.0753543278451098,-0.060925280335678,0.2116339360258978,144.36,-38.147
36832,2000-11-06 00:00:00,0.0350364983207125,-0.1012144773268538,0.1712874739682789,144.36,-38.147
36833,2000-11-07 00:00:00,-0.0193020270785758,-0.1556434633612634,0.1170394092041116,144.36,-38.147
36834,2000-11-08 00:00:00,-0.0179002543199331,-0.1546012694413277,0.1188007608014614,144.36,-38.147
36835,2000-11-09 00:00:00,0.1204121082313162,-0.0167123057743996,0.2575365222370323,144.36,-38.147
36836,2000-11-10 00:00:00,0.0423753729092591,-0.0939549650241313,0.1787057108426495,144.36,-38.147
36837,2000-11-11 00:00:00,0.0356336814633699,-0.1006467491552089,0.1719141120819489,144.36,-38.147
36838,2000-11-12 00:00:00,-0.0015077079026837,-0.1378734605918791,0.1348580447865116,144.36,-38.147
36839,2000-11-13 00:00:00,-0.010478780216888,-0.1471413762028801,0.1261838157691041,144.36,-38.147
36840,2000-11-14 00:00:00,-0.0238437675847589,-0.1607232247906442,0.1130356896211262,144.36,-38.147
36841,2000-11-15 00:00:00,-0.0318536833423829,-0.168635482424045,0.1049281157392791,144.36,-38.147
36842,2000-11-16 00:00:00,0.0102617046110937,-0.1261190340187162,0.1466424432409037,144.36,-38.147
36843,2000-11-17 00:00:00,0.0210713072102585,-0.1151651863696484,0.1573078007901654,144.36,-38.147
36844,2000-11-18 00:00:00,0.0035705809218535,-0.1327627486817289,0.139903910525436,144.36,-38.147
36845,2000-11-19 00:00:00,0.0358591735688866,-0.1004228588519568,0.1721412059897302,144.36,-38.147
36846,2000-11-20 00:00:00,0.0567694502685491,-0.0795787173342263,0.1931176178713247,144.36,-38.147
36847,2000-11-21 00:00:00,0.0503885362023944,-0.0861704907666806,0.1869475631714696,144.36,-38.147
36848,2000-11-22 00:00:00,0.0218312296446723,-0.1146614771971964,0.158323936486541,144.36,-38.147
36849,2000-11-23 00:00:00,0.0471638274981531,-0.0890949570468399,0.1834226120431463,144.36,-38.147
36850,2000-11-24 00:00:00,0.0371113330262595,-0.0991026671027812,0.1733253331553003,144.36,-38.147
36851,2000-11-25 00:00:00,0.0109507056361484,-0.1252971555606118,0.1471985668329087,144.36,-38.147
36852,2000-11-26 00:00:00,0.0617986203372615,-0.0744276784145002,0.1980249190890232,144.36,-38.147
36853,2000-11-27 00:00:00,0.017206773195299,-0.1191016962676901,0.1535152426582881,144.36,-38.147
36854,2000-11-28 00:00:00,0.0080634224794214,-0.1283625765736905,0.1444894215325333,144.36,-38.147
36855,2000-11-29 00:00:00,0.1107855434481142,-0.0259839742947899,0.2475550611910184,144.36,-38.147
36856,2000-11-30 00:00:00,0.0851351130284745,-0.0512050573629332,0.2214752834198823,144.36,-38.147
36857,2000-12-01 00:00:00,0.1911194077216632,0.0547751477818802,0.3274636676614462,144.36,-38.147
36858,2000-12-02 00:00:00,-0.0155702839876304,-0.1519305759795289,0.120790008004268,144.36,-38.147
36859,2000-12-03 00:00:00,0.1013788489934133,-0.0349792059159121,0.2377369039027388,144.36,-38.147
36860,2000-12-04 00:00:00,0.024293330605968,-0.112037973164035,0.1606246343759711,144.36,-38.147
36861,2000-12-05 00:00:00,0.0734939683838493,-0.0628768004073417,0.2098647371750403,144.36,-38.147
36862,2000-12-06 00:00:00,0.0798227798416866,-0.0568144981102777,0.2164600577936509,144.36,-38.147
36863,2000-12-07 00:00:00,0.0429444655326191,-0.0932922528784255,0.1791811839436638,144.36,-38.147
36864,2000-12-08 00:00:00,0.0966269471531497,-0.03969266060332,0.2329465549096195,144.36,-38.147
36865,2000-12-09 00:00:00,0.0961315857690429,-0.040284433304405,0.232547604842491,144.36,-38.147
36866,2000-12-10 00:00:00,0.0359790672695506,-0.1002771657192177,0.172235300258319,144.36,-38.147
36867,2000-12-11 00:00:00,0.1319256717415748,-0.0043873460907571,0.2682386895739068,144.36,-38.147
36868,2000-12-12 00:00:00,0.1522627581334362,0.015917495854772,0.2886080204121005,144.36,-38.147
36869,2000-12-13 00:00:00,0.1780553267235862,0.0417747061537092,0.3143359472934631,144.36,-38.147
36870,2000-12-14 00:00:00,0.0929095646289091,-0.0433500154993653,0.2291691447571835,144.36,-38.147
36871,2000-12-15 00:00:00,0.0397493890649924,-0.0964954433886987,0.1759942215186835,144.36,-38.147
36872,2000-12-16 00:00:00,0.0326664329361752,-0.1035792809236403,0.1689121467959907,144.36,-38.147
36873,2000-12-17 00:00:00,0.0081538552645646,-0.128111919156744,0.1444196296858733,144.36,-38.147
36874,2000-12-18 00:00:00,0.1078085960046859,-0.0286009833043241,0.2442181753136961,144.36,-38.147
36875,2000-12-19 00:00:00,0.0503966433323368,-0.0858447488220831,0.1866380354867568,144.36,-38.147
36876,2000-12-20 00:00:00,0.0844562566128385,-0.0518290667001943,0.2207415799258714,144.36,-38.147
36877,2000-12-21 00:00:00,-0.0116342212405147,-0.1485579109584305,0.125289468477401,144.36,-38.147
36878,2000-12-22 00:00:00,0.1547065028215689,0.0170751011039859,0.2923379045391518,144.36,-38.147
36879,2000-12-23 00:00:00,0.3192682612152965,0.1820202108110626,0.4565163116195305,144.36,-38.147
36880,2000-12-24 00:00:00,0.4208773068788856,0.2832733895108216,0.5584812242469497,144.36,-38.147
36881,2000-12-25 00:00:00,0.2687465015944031,0.1310356286177629,0.4064573745710433,144.36,-38.147
36882,2000-12-26 00:00:00,0.2077440609500408,0.0713135910344595,0.3441745308656221,144.36,-38.147
36883,2000-12-27 00:00:00,0.223541370040913,0.0871189593964382,0.3599637806853878,144.36,-38.147
36884,2000-12-28 00:00:00,0.0941874142479395,-0.0421358015048804,0.2305106300007594,144.36,-38.147
36885,2000-12-29 00:00:00,0.0710856236705617,-0.0653365896167929,0.2075078369579164,144.36,-38.147
36886,2000-12-30 00:00:00,0.0097865483306296,-0.1265463594866966,0.1461194561479559,144.36,-38.147
36887,2000-12-31 00:00:00,-0.0007299945921141,-0.1370512380055968,0.1355912488213685,144.36,-38.147
36888,2001-01-01 00:00:00,-0.0273149003273325,-0.1636958221826593,0.1090660215279941,144.36,-38.147
36889,2001-01-02 00:00:00,0.0004171951038891,-0.1361843989899027,0.1370187891976809,144.36,-38.147
36890,2001-01-03 00:00:00,0.1715472858317938,0.0348922476506599,0.3082023240129276,144.36,-38.147
36891,2001-01-04 00:00:00,0.0097789943456445,-0.1265617462021742,0.1461197348934634,144.36,-38.147
36892,2001-01-05 00:00:00,0.1043957454129247,-0.0320066213199931,0.2407981121458426,144.36,-38.147
36893,2001-01-06 00:00:00,0.0282421638954998,-0.108073529787918,0.1645578575789176,144.36,-38.147
36894,2001-01-07 00:00:00,-0.0129680147526429,-0.1494281465659911,0.1234921170607052,144.36,-38.147
36895,2001-01-08 00:00:00,0.0203830571705309,-0.1164683406025846,0.1572344549436464,144.36,-38.147
36896,2001-01-09 00:00:00,-0.0376353633852836,-0.1748176734556338,0.0995469466850665,144.36,-38.147
36897,2001-01-10 00:00:00,-0.0173828043757089,-0.1540456811607055,0.1192800724092876,144.36,-38.147
36898,2001-01-11 00:00:00,0.0681709473741347,-0.0682120467680357,0.2045539415163052,144.36,-38.147
36899,2001-01-12 00:00:00,0.0807432823118576,-0.055664870507624,0.2171514351313393,144.36,-38.147
36900,2001-01-13 00:00:00,0.0115802298076597,-0.1247215679734557,0.1478820275887753,144.36,-38.147
36901,2001-01-14 00:00:00,0.0340721039514567,-0.102290343874071,0.1704345517769845,144.36,-38.147
36902,2001-01-15 00:00:00,0.1874826613687011,0.0507756012484785,0.3241897214889236,144.36,-38.147
36903,2001-01-16 00:00:00,0.0559870046656008,-0.080831107323372,0.1928051166545737,144.36,-38.147
36904,2001-01-17 00:00:00,0.0197091938364281,-0.1165434187331253,0.1559618064059816,144.36,-38.147
36905,2001-01-18 00:00:00,0.0187982347169571,-0.1175607328903149,0.1551572023242292,144.36,-38.147
36906,2001-01-19 00:00:00,-0.0153403002049903,-0.1516522395620028,0.120971639152022,144.36,-38.147
36907,2001-01-20 00:00:00,0.0505335713343802,-0.0859142143865615,0.1869813570553219,144.36,-38.147
36908,2001-01-21 00:00:00,0.0653435062959289,-0.0713556781832203,0.2020426907750782,144.36,-38.147
36909,2001-01-22 00:00:00,0.0181320124611635,-0.1183475985041238,0.1546116234264509,144.36,-38.147
36910,2001-01-23 00:00:00,0.0817059598605807,-0.0547972345544054,0.2182091542755669,144.36,-38.147
36911,2001-01-24 00:00:00,0.0388984085938201,-0.0975625571761452,0.1753593743637855,144.36,-38.147
36912,2001-01-25 00:00:00,0.0848234284425401,-0.0516895806412425,0.2213364375263228,144.36,-38.147
36913,2001-01-26 00:00:00,0.0718419341571342,-0.0647906944626812,0.2084745627769496,144.36,-38.147
36914,2001-01-27 00:00:00,0.1855986586280502,0.04894682484436,0.3222504924117404,144.36,-38.147
36915,2001-01-28 00:00:00,0.1425920004777086,0.0062784671817446,0.2789055337736728,144.36,-38.147
36916,2001-01-29 00:00:00,0.0981427355475182,-0.0380750418414977,0.2343605129365342,144.36,-38.147
36917,2001-01-30 00:00:00,0.0799680605898069,-0.0562922937249696,0.2162284149045835,144.36,-38.147
36918,2001-01-31 00:00:00,-0.0119867118049664,-0.1482584034345992,0.1242849798246664,144.36,-38.147
36919,2001-02-01 00:00:00,-0.0464343943915984,-0.1827725304843572,0.0899037417011603,144.36,-38.147
36920,2001-02-02 00:00:00,0.0270437532013875,-0.1097784835396493,0.1638659899424244,144.36,-38.147
36921,2001-02-03 00:00:00,0.0813411107796952,-0.0557920395933454,0.2184742611527358,144.36,-38.147
36922,2001-02-04 00:00:00,0.0825197151709457,-0.0540127158644214,0.2190521462063129,144.36,-38.147
36923,2001-02-05 00:00:00,-0.0028750326851587,-0.1393562078826284,0.1336061425123109,144.36,-38.147
36924,2001-02-06 00:00:00,-0.0518293803877221,-0.1884121078333269,0.0847533470578826,144.36,-38.147
36925,2001-02-07 00:00:00,-0.0015067272417031,-0.1379885137616407,0.1349750592782344,144.36,-38.147
36926,2001-02-08 00:00:00,0.0380671071469703,-0.0982676472492977,0.1744018615432385,144.36,-38.147
36927,2001-02-09 00:00:00,0.1812352121479924,0.0447666640091129,0.317703760286872,144.36,-38.147
36928,2001-02-10 00:00:00,0.1397809284006033,0.0034301013275583,0.2761317554736482,144.36,-38.147
36929,2001-02-11 00:00:00,0.0471430862345332,-0.0890688985658964,0.183355071034963,144.36,-38.147
36930,2001-02-12 00:00:00,0.0241664264180824,-0.1120617848645855,0.1603946377007503,144.36,-38.147
36931,2001-02-13 00:00:00,0.2349106910168563,0.0985144698970718,0.3713069121366408,144.36,-38.147
36932,2001-02-14 00:00:00,0.1577507147466613,0.0213651417224568,0.2941362877708658,144.36,-38.147
36933,2001-02-15 00:00:00,0.0973718888516096,-0.0389112655421444,0.2336550432453637,144.36,-38.147
36934,2001-02-16 00:00:00,-0.0046348735948635,-0.1408954662577342,0.1316257190680071,144.36,-38.147
36935,2001-02-17 00:00:00,-0.0455600947290204,-0.1818422094395909,0.0907220199815499,144.36,-38.147
36936,2001-02-18 00:00:00,-0.0161805681572342,-0.1524515155488674,0.1200903792343989,144.36,-38.147
36937,2001-02-19 00:00:00,0.0852371451639476,-0.0511670680607107,0.221641358388606,144.36,-38.147
36938,2001-02-20 00:00:00,0.0418484826062346,-0.0946120170232324,0.1783089822357018,144.36,-38.147
36939,2001-02-21 00:00:00,0.1001860164376627,-0.036181868372313,0.2365539012476384,144.36,-38.147
36940,2001-02-22 00:00:00,0.0538329365201582,-0.0828647548677751,0.1905306279080917,144.36,-38.147
36941,2001-02-23 00:00:00,0.034612247630816,-0.1016484674606345,0.1708729627222666,144.36,-38.147
36942,2001-02-24 00:00:00,0.0579436173887757,-0.0782811449498695,0.1941683797274209,144.36,-38.147
36943,2001-02-25 00:00:00,0.050342217214123,-0.0858588410804235,0.1865432755086696,144.36,-38.147
36944,2001-02-26 00:00:00,0.0629883401761261,-0.0732431229443207,0.199219803296573,144.36,-38.147
36945,2001-02-27 00:00:00,0.1294344463943164,-0.006964657751918,0.2658335505405509,144.36,-38.147
36946,2001-02-28 00:00:00,0.135403861974985,-0.0009062195118292,0.2717139434617992,144.36,-38.147
36947,2001-03-01 00:00:00,0.0401269929328654,-0.096261756564717,0.176515742430448,144.36,-38.147
36948,2001-03-02 00:00:00,0.034048992777749,-0.1022378448914956,0.1703358304469936,144.36,-38.147
36949,2001-03-03 00:00:00,-0.0068475127771292,-0.1430960032768326,0.1294009777225741,144.36,-38.147
36950,2001-03-04 00:00:00,0.0186104069631544,-0.1177035529459712,0.1549243668722801,144.36,-38.147
36951,2001-03-05 00:00:00,-0.0325630757735418,-0.1688996491596905,0.1037734976126068,144.36,-38.147
36952,2001-03-06 00:00:00,-0.0339989963675513,-0.1702756879720112,0.1022776952369085,144.36,-38.147
36953,2001-03-07 00:00:00,0.0240478973728163,-0.1122019348460207,0.1602977295916534,144.36,-38.147
36954,2001-03-08 00:00:00,0.0141990972160574,-0.1221613872099944,0.1505595816421092,144.36,-38.147
36955,2001-03-09 00:00:00,-0.0057578706878166,-0.1421386679186386,0.1306229265430054,144.36,-38.147
36956,2001-03-10 00:00:00,0.0619108599172143,-0.0744342520826593,0.1982559719170881,144.36,-38.147
36957,2001-03-11 00:00:00,0.045885059643341,-0.0907439876024252,0.1825141068891073,144.36,-38.147
36958,2001-03-12 00:00:00,0.1153045807492149,-0.0213057357691116,0.2519148972675414,144.36,-38.147
36959,2001-03-13 00:00:00,0.118975648974462,-0.017510643757318,0.255461941706242,144.36,-38.147
36960,2001-03-14 00:00:00,0.033706940406771,-0.1024923735637113,0.1699062543772533,144.36,-38.147
36961,2001-03-15 00:00:00,-0.0260761932627804,-0.1622755523354606,0.1101231658098997,144.36,-38.147
36962,2001-03-16 00:00:00,0.0024554825883357,-0.1340299678071217,0.1389409329837932,144.36,-38.147
36963,2001-03-17 00:00:00,0.3972753890862261,0.2594387143487318,0.5351120638237206,144.36,-38.147
36964,2001-03-18 00:00:00,0.0810245892932436,-0.0568920086491015,0.2189411872355889,144.36,-38.147
36965,2001-03-19 00:00:00,-0.0170445075410628,-0.1535867615353156,0.11949774645319,144.36,-38.147
36966,2001-03-20 00:00:00,0.0181901621755986,-0.1180518489928041,0.1544321733440014,144.36,-38.147
36967,2001-03-21 00:00:00,0.2854370165251058,0.1486048276852953,0.4222692053649162,144.36,-38.147
36968,2001-03-22 00:00:00,0.1684065440053641,0.0316437770618305,0.3051693109488977,144.36,-38.147
36969,2001-03-23 00:00:00,0.1776253135322908,0.0409842810486741,0.3142663460159074,144.36,-38.147
36970,2001-03-24 00:00:00,0.0349612005907786,-0.101641331241619,0.1715637324231763,144.36,-38.147
36971,2001-03-25 00:00:00,0.1682403276413754,0.0312901114558845,0.3051905438268663,144.36,-38.147
36972,2001-03-26 00:00:00,0.2970747251351422,0.1605163173092086,0.4336331329610758,144.36,-38.147
36973,2001-03-27 00:00:00,0.1532732178893111,0.0168924100228514,0.2896540257557709,144.36,-38.147
36974,2001-03-28 00:00:00,0.0079297131584614,-0.1285728238274549,0.1444322501443777,144.36,-38.147
36975,2001-03-29 00:00:00,-0.0400781437920994,-0.1763418393469132,0.0961855517627143,144.36,-38.147
36976,2001-03-30 00:00:00,-0.0219849878910168,-0.1581655476011638,0.1141955718191302,144.36,-38.147
36977,2001-03-31 00:00:00,0.0217578668170643,-0.1144809464637475,0.1579966800978763,144.36,-38.147
36978,2001-04-01 00:00:00,0.0772011475886014,-0.059104550020352,0.2135068451975549,144.36,-38.147
36979,2001-04-02 00:00:00,0.0312979148703369,-0.1049783022260607,0.1675741319667346,144.36,-38.147
36980,2001-04-03 00:00:00,-0.0414076154865947,-0.1776039788967452,0.0947887479235556,144.36,-38.147
36981,2001-04-04 00:00:00,0.0301617802032894,-0.1060860170714337,0.1664095774780127,144.36,-38.147
36982,2001-04-05 00:00:00,0.0558343517363259,-0.0804014503542738,0.1920701538269258,144.36,-38.147
36983,2001-04-06 00:00:00,-0.0045490873358916,-0.1407337541013456,0.1316355794295623,144.36,-38.147
36984,2001-04-07 00:00:00,-0.0060448868984792,-0.1422863513040568,0.1301965775070983,144.36,-38.147
36985,2001-04-08 00:00:00,0.1441994907682076,0.0073493240353805,0.2810496575010346,144.36,-38.147
36986,2001-04-09 00:00:00,0.1388101562365177,0.0020953306243056,0.2755249818487299,144.36,-38.147
36987,2001-04-10 00:00:00,0.0381020643297605,-0.0982459653532256,0.1744500940127468,144.36,-38.147
36988,2001-04-11 00:00:00,0.0546034180813141,-0.0828835011411344,0.1920903373037627,144.36,-38.147
36989,2001-04-12 00:00:00,0.0259616310778644,-0.1119405769346957,0.1638638390904246,144.36,-38.147
36990,2001-04-13 00:00:00,-0.0621046081989148,-0.1984128162982987,0.0742035999004689,144.36,-38.147
36991,2001-04-14 00:00:00,-0.0107351984878776,-0.1470210122163459,0.1255506152405905,144.36,-38.147
36992,2001-04-15 00:00:00,0.0873093757442187,-0.0489403091947302,0.2235590606831676,144.36,-38.147
36993,2001-04-16 00:00:00,0.0331996346239244,-0.1030381061574768,0.1694373754053257,144.36,-38.147
36994,2001-04-17 00:00:00,0.0721203610356235,-0.0641022108462365,0.2083429329174836,144.36,-38.147
36995,2001-04-18 00:00:00,0.0368205961928204,-0.0994067949255037,0.1730479873111447,144.36,-38.147
36996,2001-04-19 00:00:00,0.1699865401918562,0.0334278228273312,0.3065452575563812,144.36,-38.147
36997,2001-04-20 00:00:00,0.0280082896433484,-0.1083141500504815,0.1643307293371785,144.36,-38.147
36998,2001-04-21 00:00:00,-0.0376154043790892,-0.1742068979872584,0.09897608922908,144.36,-38.147
36999,2001-04-22 00:00:00,-0.080083700114246,-0.2171680677028203,0.0570006674743283,144.36,-38.147
37000,2001-04-23 00:00:00,-0.0076813250588853,-0.1448758263844945,0.1295131762667237,144.36,-38.147
37001,2001-04-24 00:00:00,0.1050052248037105,-0.0316267714243521,0.2416372210317732,144.36,-38.147
37002,2001-04-25 00:00:00,0.0808179107749232,-0.0556253852468409,0.2172612067966873,144.36,-38.147
37003,2001-04-26 00:00:00,0.1261673511719249,-0.0103537924002086,0.2626884947440586,144.36,-38.147
37004,2001-04-27 00:00:00,0.1638572009363265,0.0273329035147047,0.3003814983579483,144.36,-38.147
37005,2001-04-28 00:00:00,0.0483338308104072,-0.0878820578218894,0.1845497194427039,144.36,-38.147
37006,2001-04-29 00:00:00,-0.0197756524398735,-0.1559644208024889,0.1164131159227419,144.36,-38.147
37007,2001-04-30 00:00:00,-0.0495132446734288,-0.1857885649205618,0.086762075573704,144.36,-38.147
37008,2001-05-01 00:00:00,-0.0267709363907354,-0.1630692917723728,0.1095274189909019,144.36,-38.147
37009,2001-05-02 00:00:00,-0.0017413551281456,-0.1379694662532598,0.1344867559969686,144.36,-38.147
37010,2001-05-03 00:00:00,0.0016357057230143,-0.1345295880765485,0.1378009995225773,144.36,-38.147
37011,2001-05-04 00:00:00,0.0316473235294761,-0.1045203213369092,0.1678149683958615,144.36,-38.147
37012,2001-05-05 00:00:00,0.0550139082789735,-0.0811700516587263,0.1911978682166734,144.36,-38.147
37013,2001-05-06 00:00:00,0.0195795555280886,-0.1166427904919736,0.1558019015481509,144.36,-38.147
37014,2001-05-07 00:00:00,-0.0257352401753413,-0.1619613742417083,0.1104908938910256,144.36,-38.147
37015,2001-05-08 00:00:00,-0.0228092209265966,-0.1590861833665755,0.1134677415133822,144.36,-38.147
37016,2001-05-09 00:00:00,0.0708363804730726,-0.0654918910807178,0.207164652026863,144.36,-38.147
37017,2001-05-10 00:00:00,0.0163001630625209,-0.1200529219059824,0.1526532480310242,144.36,-38.147
37018,2001-05-11 00:00:00,-0.0002765812242832,-0.1364976263588863,0.1359444639103199,144.36,-38.147
37019,2001-05-12 00:00:00,0.0590843697210228,-0.0771136970239819,0.1952824364660275,144.36,-38.147
37020,2001-05-13 00:00:00,0.0533216345474115,-0.082871203430904,0.1895144725257271,144.36,-38.147
37021,2001-05-14 00:00:00,0.0498539838690075,-0.0863583968037659,0.186066364541781,144.36,-38.147
37022,2001-05-15 00:00:00,0.0232681569725084,-0.1130136627824268,0.1595499767274436,144.36,-38.147
37023,2001-05-16 00:00:00,0.2503718742805077,0.1132067245641753,0.3875370239968401,144.36,-38.147
37024,2001-05-17 00:00:00,0.2237454584820906,0.0867543311320805,0.3607365858321006,144.36,-38.147
37025,2001-05-18 00:00:00,0.0243503374715735,-0.112332396563209,0.1610330715063561,144.36,-38.147
37026,2001-05-19 00:00:00,0.0058771876211426,-0.1304012151810704,0.1421555904233557,144.36,-38.147
37027,2001-05-20 00:00:00,0.0210968046911229,-0.1151551927597932,0.1573488021420392,144.36,-38.147
37028,2001-05-21 00:00:00,0.0220209625809078,-0.1142135782401958,0.1582555034020116,144.36,-38.147
37029,2001-05-22 00:00:00,0.0029517973842095,-0.1332775728693971,0.1391811676378162,144.36,-38.147
37030,2001-05-23 00:00:00,0.0319762106370863,-0.1042532909231737,0.1682057121973463,144.36,-38.147
37031,2001-05-24 00:00:00,0.0717113486842354,-0.0646754231548966,0.2080981205233675,144.36,-38.147
37032,2001-05-25 00:00:00,0.0451783355147168,-0.0911731880907216,0.1815298591201554,144.36,-38.147
37033,2001-05-26 00:00:00,0.0434916952495956,-0.0929093168451228,0.179892707344314,144.36,-38.147
37034,2001-05-27 00:00:00,0.1547767144743547,0.0182603724148529,0.2912930565338565,144.36,-38.147
37035,2001-05-28 00:00:00,0.1528613170266516,0.0164487515691618,0.2892738824841413,144.36,-38.147
37036,2001-05-29 00:00:00,0.0780085651600807,-0.0583363107508216,0.214353441070983,144.36,-38.147
37037,2001-05-30 00:00:00,0.0404369017825798,-0.0958044750508381,0.1766782786159978,144.36,-38.147
37038,2001-05-31 00:00:00,0.0207076597159946,-0.1155058569902184,0.1569211764222077,144.36,-38.147
37039,2001-06-01 00:00:00,-0.0332885138629387,-0.1694756016498182,0.1028985739239407,144.36,-38.147
37040,2001-06-02 00:00:00,0.016885420754217,-0.1193964176990756,0.1531672592075097,144.36,-38.147
37041,2001-06-03 00:00:00,0.0651038693659445,-0.0713083799532541,0.2015161186851432,144.36,-38.147
37042,2001-06-04 00:00:00,0.0024842633029206,-0.1337656009529516,0.1387341275587928,144.36,-38.147
37043,2001-06-05 00:00:00,0.0133574425327566,-0.1228773255950488,0.1495922106605621,144.36,-38.147
37044,2001-06-06 00:00:00,0.0358912341361522,-0.1004460098389098,0.1722284781112142,144.36,-38.147
37045,2001-06-07 00:00:00,-0.0048613561854322,-0.141725481524081,0.1320027691532165,144.36,-38.147
37046,2001-06-08 00:00:00,0.0864740919098326,-0.0504064252936699,0.2233546091133352,144.36,-38.147
37047,2001-06-09 00:00:00,0.2151410328327961,0.0785701023075256,0.3517119633580665,144.36,-38.147
37048,2001-06-10 00:00:00,0.0542604276005407,-0.0822112962363133,0.1907321514373947,144.36,-38.147
37049,2001-06-11 00:00:00,-0.0025270152509232,-0.1388619144702101,0.1338078839683636,144.36,-38.147
37050,2001-06-12 00:00:00,0.0761913019896177,-0.06027140194694,0.2126540059261754,144.36,-38.147
37051,2001-06-13 00:00:00,0.2392076370635811,0.1027996174787692,0.375615656648393,144.36,-38.147
37052,2001-06-14 00:00:00,0.2640277134639445,0.1270364851299424,0.4010189417979465,144.36,-38.147
37053,2001-06-15 00:00:00,-0.0104615865619157,-0.1474193497579357,0.1264961766341042,144.36,-38.147
37054,2001-06-16 00:00:00,-0.0471014136546947,-0.1837389513377784,0.089536124028389,144.36,-38.147
37055,2001-06-17 00:00:00,-0.0296216074428582,-0.1658601847464618,0.1066169698607453,144.36,-38.147
37056,2001-06-18 00:00:00,-0.0108336555726404,-0.147003970035569,0.1253366588902882,144.36,-38.147
37057,2001-06-19 00:00:00,0.0362934828393785,-0.0999274116550805,0.1725143773338376,144.36,-38.147
37058,2001-06-20 00:00:00,0.1119764411459108,-0.0244496956130134,0.248402577904835,144.36,-38.147
37059,2001-06-21 00:00:00,0.2523351757928864,0.115713614914953,0.3889567366708197,144.36,-38.147
37060,2001-06-22 00:00:00,0.0978194272177437,-0.0386483709833381,0.2342872254188255,144.36,-38.147
37061,2001-06-23 00:00:00,0.0946025174507532,-0.0420410716032241,0.2312461065047307,144.36,-38.147
37062,2001-06-24 00:00:00,0.0731905304307082,-0.0636736373174165,0.2100546981788329,144.36,-38.147
37063,2001-06-25 00:00:00,0.173551661416325,0.0364193528366743,0.3106839699959758,144.36,-38.147
37064,2001-06-26 00:00:00,0.2232977267736245,0.086316867964477,0.3602785855827721,144.36,-38.147
37065,2001-06-27 00:00:00,0.0040274687596702,-0.1323546123871435,0.1404095499064841,144.36,-38.147
37066,2001-06-28 00:00:00,0.0312786783737337,-0.1050243460719241,0.1675817028193916,144.36,-38.147
37067,2001-06-29 00:00:00,0.0633120538319759,-0.0729789968243176,0.1996031044882695,144.36,-38.147
37068,2001-06-30 00:00:00,0.0220939009984752,-0.1141409947041729,0.1583287967011235,144.36,-38.147
37069,2001-07-01 00:00:00,0.0317715724071724,-0.104414541969217,0.167957686783562,144.36,-38.147
37070,2001-07-02 00:00:00,0.0254465157651993,-0.1107331352470423,0.161626166777441,144.36,-38.147
37071,2001-07-03 00:00:00,0.028728627033709,-0.1074756744180208,0.1649329284854389,144.36,-38.147
37072,2001-07-04 00:00:00,0.0192151161926122,-0.1170535212635597,0.1554837536487842,144.36,-38.147
37073,2001-07-05 00:00:00,0.0235969151434707,-0.11294598192568,0.1601398122126215,144.36,-38.147
37074,2001-07-06 00:00:00,0.0929156214053192,-0.043610371037001,0.2294416138476395,144.36,-38.147
37075,2001-07-07 00:00:00,0.0837356734247138,-0.0526777735192273,0.220149120368655,144.36,-38.147
37076,2001-07-08 00:00:00,-0.0009964972656339,-0.1381592295052028,0.1361662349739349,144.36,-38.147
37077,2001-07-09 00:00:00,-0.022096756460604,-0.1589494886597768,0.1147559757385688,144.36,-38.147
37078,2001-07-10 00:00:00,-0.0050599226902437,-0.1415437333643819,0.1314238879838943,144.36,-38.147
37079,2001-07-11 00:00:00,-0.0490316960970936,-0.1854733508191817,0.0874099586249945,144.36,-38.147
37080,2001-07-12 00:00:00,-0.0537777548781026,-0.1902508306121826,0.0826953208559773,144.36,-38.147
37081,2001-07-13 00:00:00,0.025702060580843,-0.1107868006516526,0.1621909218133386,144.36,-38.147
37082,2001-07-14 00:00:00,0.0653248662358928,-0.0709145651425678,0.2015642976143536,144.36,-38.147
37083,2001-07-15 00:00:00,0.2030356643301524,0.0665147145924579,0.3395566140678469,144.36,-38.147
37084,2001-07-16 00:00:00,0.1527967167894515,0.0164540846807304,0.2891393488981725,144.36,-38.147
37085,2001-07-17 00:00:00,0.1521401801379328,0.0156811095330011,0.2885992507428645,144.36,-38.147
37086,2001-07-18 00:00:00,0.0541061876733509,-0.0823650049587607,0.1905773803054625,144.36,-38.147
37087,2001-07-19 00:00:00,0.0043539906641539,-0.1319756825305463,0.1406836638588544,144.36,-38.147
37088,2001-07-20 00:00:00,-0.0230844127541742,-0.1593024919885764,0.1131336664802278,144.36,-38.147
37089,2001-07-21 00:00:00,-0.0379842348287341,-0.1742024946689153,0.0982340250114469,144.36,-38.147
37090,2001-07-22 00:00:00,-0.019785689809622,-0.1559547026343488,0.1163833230151047,144.36,-38.147
37091,2001-07-23 00:00:00,0.0244679158808526,-0.1117207366709058,0.1606565684326111,144.36,-38.147
37092,2001-07-24 00:00:00,-0.0003959782005209,-0.1366506291315996,0.1358586727305578,144.36,-38.147
37093,2001-07-25 00:00:00,-0.0313328548447935,-0.1675384251460621,0.104872715456475,144.36,-38.147
37094,2001-07-26 00:00:00,-0.0024717354654305,-0.138702837567205,0.1337593666363438,144.36,-38.147
37095,2001-07-27 00:00:00,0.0856213953950099,-0.050732981539491,0.2219757723295108,144.36,-38.147
37096,2001-07-28 00:00:00,0.0266349135225757,-0.1098896330698573,0.1631594601150088,144.36,-38.147
37097,2001-07-29 00:00:00,-0.0127686309500445,-0.1490679574099928,0.1235306955099038,144.36,-38.147
37098,2001-07-30 00:00:00,0.0218961005501576,-0.1143316087720626,0.1581238098723779,144.36,-38.147
37099,2001-07-31 00:00:00,0.0100489599766229,-0.1263292771727298,0.1464271971259756,144.36,-38.147
37100,2001-08-01 00:00:00,0.236589933663413,0.0991111110841146,0.3740687562427113,144.36,-38.147
37101,2001-08-02 00:00:00,0.0540711832326301,-0.0823028156701412,0.1904451821354015,144.36,-38.147
37102,2001-08-03 00:00:00,0.0186074765975103,-0.1176043071695956,0.1548192603646164,144.36,-38.147
37103,2001-08-04 00:00:00,0.0445162723810259,-0.0917597657890779,0.1807923105511298,144.36,-38.147
37104,2001-08-05 00:00:00,0.162732680226813,0.025857096472002,0.2996082639816241,144.36,-38.147
37105,2001-08-06 00:00:00,0.231801497179924,0.0951596112656636,0.3684433830941843,144.36,-38.147
37106,2001-08-07 00:00:00,0.0297698761683618,-0.106679263394894,0.1662190157316177,144.36,-38.147
37107,2001-08-08 00:00:00,0.5343979752229238,0.3962739135483237,0.6725220368975238,144.36,-38.147
37108,2001-08-09 00:00:00,0.0626470424630054,-0.0749050599594492,0.2001991448854601,144.36,-38.147
37109,2001-08-10 00:00:00,0.1348809873097006,-0.001699956516744,0.2714619311361454,144.36,-38.147
37110,2001-08-11 00:00:00,0.0425165138702402,-0.0937492363097742,0.1787822640502548,144.36,-38.147
37111,2001-08-12 00:00:00,0.0994938201483904,-0.0367710934392142,0.2357587337359951,144.36,-38.147
37112,2001-08-13 00:00:00,0.0329975164456919,-0.1033293912851422,0.1693244241765261,144.36,-38.147
37113,2001-08-14 00:00:00,-0.0204714803018518,-0.1567998868674499,0.1158569262637462,144.36,-38.147
37114,2001-08-15 00:00:00,0.0503824175756047,-0.0860856084393855,0.186850443590595,144.36,-38.147
37115,2001-08-16 00:00:00,0.1013410225888183,-0.0358434015943408,0.2385254467719776,144.36,-38.147
37116,2001-08-17 00:00:00,0.5831909086954077,0.4422417766691293,0.724140040721686,144.36,-38.147
37117,2001-08-18 00:00:00,0.4215909813152694,0.2803685355041732,0.5628134271263656,144.36,-38.147
37118,2001-08-19 00:00:00,0.113431747071166,-0.0249910740653074,0.2518545682076395,144.36,-38.147
37119,2001-08-20 00:00:00,0.419154224059469,0.2818401085424906,0.5564683395764474,144.36,-38.147
37120,2001-08-21 00:00:00,0.255586356446918,0.1183071353972468,0.3928655774965891,144.36,-38.147
37121,2001-08-22 00:00:00,0.3611108478579725,0.2231314667388375,0.4990902289771076,144.36,-38.147
37122,2001-08-23 00:00:00,0.0109761797212616,-0.1261260708236777,0.148078430266201,144.36,-38.147
37123,2001-08-24 00:00:00,-0.0060665968494856,-0.142470886335491,0.1303376926365196,144.36,-38.147
37124,2001-08-25 00:00:00,0.0844866716868146,-0.0528189206042,0.2217922639778293,144.36,-38.147
37125,2001-08-26 00:00:00,0.2718592294133026,0.1340637567239301,0.4096547021026752,144.36,-38.147
37126,2001-08-27 00:00:00,0.1960253641372252,0.0589611522420245,0.3330895760324259,144.36,-38.147
37127,2001-08-28 00:00:00,0.1268827050309194,-0.0100456933936662,0.263811103455505,144.36,-38.147
37128,2001-08-29 00:00:00,0.0336186039946365,-0.1028369927356932,0.1700742007249663,144.36,-38.147
37129,2001-08-30 00:00:00,0.0321703498322647,-0.1040668947243845,0.1684075943889139,144.36,-38.147
37130,2001-08-31 00:00:00,0.0414375884587328,-0.0947955643671162,0.1776707412845818,144.36,-38.147
37131,2001-09-01 00:00:00,0.0700269514907536,-0.0665844690302211,0.2066383720117284,144.36,-38.147
37132,2001-09-02 00:00:00,0.1556499940695742,0.0190954946976679,0.2922044934414806,144.36,-38.147
37133,2001-09-03 00:00:00,0.1455708012218934,0.0092569916921703,0.2818846107516164,144.36,-38.147
37134,2001-09-04 00:00:00,0.1473857679612927,0.0110945298852315,0.2836770060373539,144.36,-38.147
37135,2001-09-05 00:00:00,0.068668646637432,-0.0675677733152835,0.2049050665901475,144.36,-38.147
37136,2001-09-06 00:00:00,0.019684548680913,-0.116565537341032,0.1559346347028581,144.36,-38.147
37137,2001-09-07 00:00:00,0.0205409675683914,-0.1158893507938843,0.1569712859306671,144.36,-38.147
37138,2001-09-08 00:00:00,0.2443063442060384,0.1061221808351173,0.3824905075769594,144.36,-38.147
37139,2001-09-09 00:00:00,0.4625285823194995,0.3238030293804705,0.6012541352585286,144.36,-38.147
37140,2001-09-10 00:00:00,0.0203722224060017,-0.1162518482725912,0.1569962930845946,144.36,-38.147
37141,2001-09-11 00:00:00,0.0477817498013942,-0.0884840119034337,0.1840475115062222,144.36,-38.147
37142,2001-09-12 00:00:00,0.0800649882102046,-0.0562869690668695,0.2164169454872788,144.36,-38.147
37143,2001-09-13 00:00:00,0.0919931539414053,-0.0442862330902977,0.2282725409731083,144.36,-38.147
37144,2001-09-14 00:00:00,0.126393283631199,-0.009815902672936,0.262602469935334,144.36,-38.147
37145,2001-09-15 00:00:00,0.1327137307622317,-0.0036066068995301,0.2690340684239937,144.36,-38.147
37146,2001-09-16 00:00:00,0.1587691212623332,0.0222164880877932,0.2953217544368732,144.36,-38.147
37147,2001-09-17 00:00:00,0.1312292925955811,-0.0053357244945338,0.267794309685696,144.36,-38.147
37148,2001-09-18 00:00:00,0.0086956140865512,-0.1275203289265692,0.1449115570996718,144.36,-38.147
37149,2001-09-19 00:00:00,0.0192717892457049,-0.1169614911823876,0.1555050696737974,144.36,-38.147
37150,2001-09-20 00:00:00,0.0892930505943744,-0.0471505605413677,0.2257366617301166,144.36,-38.147
37151,2001-09-21 00:00:00,0.0137786580027164,-0.1225938542659861,0.150151170271419,144.36,-38.147
37152,2001-09-22 00:00:00,-0.043340342586021,-0.1796169457573757,0.0929362605853336,144.36,-38.147
37153,2001-09-23 00:00:00,-0.0004480510353841,-0.1368518172720434,0.1359557152012751,144.36,-38.147
37154,2001-09-24 00:00:00,0.0748614041734082,-0.061761001434982,0.2114838097817985,144.36,-38.147
37155,2001-09-25 00:00:00,0.2952254778331873,0.158090273812056,0.4323606818543186,144.36,-38.147
37156,2001-09-26 00:00:00,0.0675450342688054,-0.0690182131824414,0.2041082817200523,144.36,-38.147
37157,2001-09-27 00:00:00,-0.0364727543766447,-0.172828627914706,0.0998831191614165,144.36,-38.147
37158,2001-09-28 00:00:00,-0.0234211513404066,-0.1596200077566081,0.1127777050757947,144.36,-38.147
37159,2001-09-29 00:00:00,0.0484915250885202,-0.0877880112777661,0.1847710614548065,144.36,-38.147
37160,2001-09-30 00:00:00,0.0417946126256146,-0.0952016240298775,0.1787908492811067,144.36,-38.147
37161,2001-10-01 00:00:00,0.1912002302207117,0.0539338465980774,0.3284666138433459,144.36,-38.147
37162,2001-10-02 00:00:00,0.1624688286165138,0.0261146834305525,0.2988229738024751,144.36,-38.147
37163,2001-10-03 00:00:00,0.1287308697860506,-0.0074953742177103,0.2649571137898115,144.36,-38.147
37164,2001-10-04 00:00:00,0.1167124471373142,-0.0195852737549497,0.2530101680295781,144.36,-38.147
37165,2001-10-05 00:00:00,0.0243186675081174,-0.1119296809256125,0.1605670159418473,144.36,-38.147
37166,2001-10-06 00:00:00,0.1047501801148314,-0.0315189773849715,0.2410193376146344,144.36,-38.147
37167,2001-10-07 00:00:00,0.3173771570652105,0.1792429394255268,0.4555113747048942,144.36,-38.147
37168,2001-10-08 00:00:00,0.0743668712465047,-0.0630399481150884,0.2117736906080979,144.36,-38.147
37169,2001-10-09 00:00:00,-0.0249479126109273,-0.1611574833309148,0.1112616581090601,144.36,-38.147
37170,2001-10-10 00:00:00,0.0075565203537706,-0.1286522463757454,0.1437652870832866,144.36,-38.147
37171,2001-10-11 00:00:00,0.1012667221132903,-0.0351716554364862,0.2377050996630669,144.36,-38.147
37172,2001-10-12 00:00:00,0.2551004519649363,0.1180851778395568,0.3921157260903158,144.36,-38.147
37173,2001-10-13 00:00:00,0.1582153446475421,0.0216005011195705,0.2948301881755136,144.36,-38.147
37174,2001-10-14 00:00:00,0.2681363918247877,0.1317062270901487,0.4045665565594266,144.36,-38.147
37175,2001-10-15 00:00:00,0.0946092305586165,-0.0417237341353785,0.2309421952526116,144.36,-38.147
37176,2001-10-16 00:00:00,0.1413762890716815,0.0050632082437342,0.2776893698996288,144.36,-38.147
37177,2001-10-17 00:00:00,0.2014815831299306,0.0652040780297447,0.3377590882301166,144.36,-38.147
37178,2001-10-18 00:00:00,0.3518982863811797,0.215421925672771,0.4883746470895883,144.36,-38.147
37179,2001-10-19 00:00:00,0.139559606399776,0.0031104565599522,0.2760087562395997,144.36,-38.147
37180,2001-10-20 00:00:00,0.0237510393782682,-0.112491898793576,0.1599939775501124,144.36,-38.147
37181,2001-10-21 00:00:00,-0.0058175912056109,-0.142018921244707,0.130383738833485,144.36,-38.147
37182,2001-10-22 00:00:00,0.039812811051121,-0.0964624693466727,0.1760880914489148,144.36,-38.147
37183,2001-10-23 00:00:00,0.0693988124230478,-0.0671133291021953,0.2059109539482909,144.36,-38.147
37184,2001-10-24 00:00:00,0.1934650077789927,0.0567347044487108,0.3301953111092747,144.36,-38.147
37185,2001-10-25 00:00:00,0.1892947040786295,0.0528418582812875,0.3257475498759716,144.36,-38.147
37186,2001-10-26 00:00:00,0.245543372861285,0.1091576490666883,0.3819290966558816,144.36,-38.147
37187,2001-10-27 00:00:00,0.2260928968751889,0.0897756380843506,0.3624101556660271,144.36,-38.147
37188,2001-10-28 00:00:00,0.0816464355797151,-0.0547730174493291,0.2180658886087594,144.36,-38.147
37189,2001-10-29 00:00:00,0.2550109252759569,0.1182409807669087,0.3917808697850051,144.36,-38.147
37190,2001-10-30 00:00:00,0.246757936682463,0.1103090798309873,0.3832067935339386,144.36,-38.147
37191,2001-10-31 00:00:00,0.3160066797648994,0.1794385658693188,0.4525747936604799,144.36,-38.147
37192,2001-11-01 00:00:00,0.1399589513358513,0.0033265460191014,0.2765913566526012,144.36,-38.147
37193,2001-11-02 00:00:00,0.1066365207098718,-0.0296372492762344,0.242910290695978,144.36,-38.147
37194,2001-11-03 00:00:00,0.016977682110309,-0.1192138800417355,0.1531692442623537,144.36,-38.147
37195,2001-11-04 00:00:00,0.00458198953777,-0.1316476379531208,0.1408116170286608,144.36,-38.147
37196,2001-11-05 00:00:00,0.0921200867534821,-0.0441816795314612,0.2284218530384256,144.36,-38.147
37197,2001-11-06 00:00:00,0.0918339868824894,-0.0446065907094988,0.2282745644744777,144.36,-38.147
37198,2001-11-07 00:00:00,0.057738274162558,-0.0786486812801997,0.1941252296053157,144.36,-38.147
37199,2001-11-08 00:00:00,-0.0124374473441306,-0.1487354673010435,0.1238605726127822,144.36,-38.147
37200,2001-11-09 00:00:00,0.0896787722095241,-0.0467186940284994,0.2260762384475477,144.36,-38.147
37201,2001-11-10 00:00:00,0.1666362499836648,0.0301830090530232,0.3030894909143065,144.36,-38.147
37202,2001-11-11 00:00:00,0.1272131025310668,-0.009326165664366,0.2637523707264997,144.36,-38.147
37203,2001-11-12 00:00:00,0.11839664117956,-0.0190488237478738,0.2558421061069938,144.36,-38.147
37204,2001-11-13 00:00:00,0.0980641317525392,-0.0386454569655143,0.2347737204705927,144.36,-38.147
37205,2001-11-14 00:00:00,-0.0072150548611499,-0.1435415440855682,0.1291114343632682,144.36,-38.147
37206,2001-11-15 00:00:00,0.0174397722410807,-0.1187484057497306,0.1536279502318922,144.36,-38.147
37207,2001-11-16 00:00:00,0.0315808099654997,-0.1046927245427181,0.1678543444737175,144.36,-38.147
37208,2001-11-17 00:00:00,-0.0015835840233775,-0.1379836334785186,0.1348164654317635,144.36,-38.147
37209,2001-11-18 00:00:00,0.0988518463955311,-0.0396236612436019,0.2373273540346642,144.36,-38.147
37210,2001-11-19 00:00:00,0.0359303197681754,-0.1021658952796538,0.1740265348160048,144.36,-38.147
37211,2001-11-20 00:00:00,-0.0519496488060767,-0.1884791778531935,0.0845798802410401,144.36,-38.147
37212,2001-11-21 00:00:00,-0.0221875704429011,-0.1584626389822435,0.1140874980964413,144.36,-38.147
37213,2001-11-22 00:00:00,-0.0117877217642332,-0.148025156623747,0.1244497130952806,144.36,-38.147
37214,2001-11-23 00:00:00,0.0332115325327023,-0.1031888271453706,0.1696118922107752,144.36,-38.147
37215,2001-11-24 00:00:00,0.1539463449851106,0.0172249755908995,0.2906677143793217,144.36,-38.147
37216,2001-11-25 00:00:00,0.2363262186253545,0.0996319259012318,0.3730205113494773,144.36,-38.147
37217,2001-11-26 00:00:00,0.2919601197631746,0.1553436710873819,0.4285765684389673,144.36,-38.147
37218,2001-11-27 00:00:00,0.1080605925752001,-0.0282551319783035,0.2443763171287039,144.36,-38.147
37219,2001-11-28 00:00:00,0.0306058312118578,-0.1055711564718065,0.1667828188955221,144.36,-38.147
37220,2001-11-29 00:00:00,0.0669766532907306,-0.0692246964266415,0.2031780030081028,144.36,-38.147
37221,2001-11-30 00:00:00,0.1684943585925519,0.0322390012812142,0.3047497159038896,144.36,-38.147
37222,2001-12-01 00:00:00,0.1745700997463675,0.0382655293847971,0.3108746701079379,144.36,-38.147
37223,2001-12-02 00:00:00,0.0700968769004054,-0.0663451840921347,0.2065389378929457,144.36,-38.147
37224,2001-12-03 00:00:00,0.1066340105995695,-0.0303013811862112,0.2435694023853503,144.36,-38.147
37225,2001-12-04 00:00:00,0.0247102791035611,-0.112230959193771,0.1616515174008933,144.36,-38.147
37226,2001-12-05 00:00:00,0.001686419512454,-0.1348353771639818,0.1382082161888899,144.36,-38.147
37227,2001-12-06 00:00:00,0.0356322548654402,-0.1007225708402602,0.1719870805711407,144.36,-38.147
37228,2001-12-07 00:00:00,0.1183953999774295,-0.0179705616303843,0.2547613615852434,144.36,-38.147
37229,2001-12-08 00:00:00,0.1139555622754838,-0.0223590224421823,0.2502701469931501,144.36,-38.147
37230,2001-12-09 00:00:00,0.0915650611265549,-0.0446894434600056,0.2278195657131155,144.36,-38.147
37231,2001-12-10 00:00:00,0.2959797395399675,0.1594203870549576,0.4325390920249773,144.36,-38.147
37232,2001-12-11 00:00:00,0.1567350669963826,0.0198389398624043,0.293631194130361,144.36,-38.147
37233,2001-12-12 00:00:00,0.0298210963904368,-0.1064625327139432,0.166104725494817,144.36,-38.147
37234,2001-12-13 00:00:00,0.0499241647111439,-0.0862436033602771,0.186091932782565,144.36,-38.147
37235,2001-12-14 00:00:00,0.0465924246849214,-0.0895932564963138,0.1827781058661567,144.36,-38.147
37236,2001-12-15 00:00:00,0.0680064838478723,-0.068211909833431,0.2042248775291758,144.36,-38.147
37237,2001-12-16 00:00:00,0.0701787387174698,-0.0660251808314926,0.2063826582664322,144.36,-38.147
37238,2001-12-17 00:00:00,0.0852817467259541,-0.0508994473376422,0.2214629407895504,144.36,-38.147
37239,2001-12-18 00:00:00,0.089014745386247,-0.0471869261676033,0.2252164169400974,144.36,-38.147
37240,2001-12-19 00:00:00,0.036014815823552,-0.1001838696019425,0.1722135012490466,144.36,-38.147
37241,2001-12-20 00:00:00,0.1066109597365587,-0.0296822794333688,0.2429041989064863,144.36,-38.147
37242,2001-12-21 00:00:00,0.1360133827424385,-0.0003862807909632,0.2724130462758404,144.36,-38.147
37243,2001-12-22 00:00:00,0.1295668457445822,-0.0067046932537266,0.2658383847428912,144.36,-38.147
37244,2001-12-23 00:00:00,0.0834619380153628,-0.0527738353023454,0.2196977113330712,144.36,-38.147
37245,2001-12-24 00:00:00,0.257684687468962,0.1212011572166067,0.3941682177213172,144.36,-38.147
37246,2001-12-25 00:00:00,0.4111948565445038,0.2745335205505745,0.5478561925384331,144.36,-38.147
37247,2001-12-26 00:00:00,0.2349340781977853,0.0978714860846072,0.3719966703109634,144.36,-38.147
37248,2001-12-27 00:00:00,0.1469457397883349,0.0105608874425937,0.2833305921340762,144.36,-38.147
37249,2001-12-28 00:00:00,0.096501620903543,-0.0396997616232049,0.232703003430291,144.36,-38.147
37250,2001-12-29 00:00:00,0.0747987706865087,-0.0614989074408156,0.211096448813833,144.36,-38.147
37251,2001-12-30 00:00:00,0.1969390767796413,0.0604806048573018,0.3333975487019809,144.36,-38.147
37252,2001-12-31 00:00:00,0.1593131605417793,0.0229203975757671,0.2957059235077915,144.36,-38.147
37253,2002-01-01 00:00:00,0.3173894293223883,0.1805741500259259,0.4542047086188506,144.36,-38.147
37254,2002-01-02 00:00:00,0.4398240161551232,0.3029458732990717,0.5767021590111747,144.36,-38.147
37255,2002-01-03 00:00:00,0.2428320252141513,0.1059257706409889,0.3797382797873136,144.36,-38.147
37256,2002-01-04 00:00:00,0.0942275398498592,-0.0421659663150964,0.2306210460148148,144.36,-38.147
37257,2002-01-05 00:00:00,0.0712236174241837,-0.0649784963809375,0.207425731229305,144.36,-38.147
37258,2002-01-06 00:00:00,0.0171034712788957,-0.119266705600751,0.1534736481585426,144.36,-38.147
37259,2002-01-07 00:00:00,0.3570519625761175,0.2196996008123838,0.4944043243398512,144.36,-38.147
37260,2002-01-08 00:00:00,0.2372212402057557,0.0993807926111628,0.3750616878003487,144.36,-38.147
37261,2002-01-09 00:00:00,0.0176533537961219,-0.1190655663470306,0.1543722739392745,144.36,-38.147
37262,2002-01-10 00:00:00,-0.0064908285321626,-0.1427645755160737,0.1297829184517484,144.36,-38.147
37263,2002-01-11 00:00:00,0.0783572104084482,-0.0581754895532097,0.2148899103701061,144.36,-38.147
37264,2002-01-12 00:00:00,0.2682140430996632,0.1304021708386018,0.4060259153607246,144.36,-38.147
37265,2002-01-13 00:00:00,0.062359794443129,-0.0746363319767115,0.1993559208629696,144.36,-38.147
37266,2002-01-14 00:00:00,0.0379336515237187,-0.0984525378774408,0.1743198409248783,144.36,-38.147
37267,2002-01-15 00:00:00,0.0532134257891888,-0.0830312498170266,0.1894581013954042,144.36,-38.147
37268,2002-01-16 00:00:00,0.0219850980301486,-0.1142539807127194,0.1582241767730167,144.36,-38.147
37269,2002-01-17 00:00:00,0.030083316601302,-0.1061596574573384,0.1663262906599426,144.36,-38.147
37270,2002-01-18 00:00:00,0.0127872708669833,-0.123431001871654,0.1490055436056206,144.36,-38.147
37271,2002-01-19 00:00:00,-0.0161650842331639,-0.1523803147784119,0.1200501463120839,144.36,-38.147
37272,2002-01-20 00:00:00,0.0555759309809733,-0.0806706290320567,0.1918224909940035,144.36,-38.147
37273,2002-01-21 00:00:00,0.0826276383034843,-0.0537746672486856,0.2190299438556542,144.36,-38.147
37274,2002-01-22 00:00:00,0.0675686550382428,-0.0687540267787407,0.2038913368552264,144.36,-38.147
37275,2002-01-23 00:00:00,0.0849348783159579,-0.0513475024678871,0.2212172590998031,144.36,-38.147
37276,2002-01-24 00:00:00,0.0249860983935618,-0.1112512773840021,0.1612234741711258,144.36,-38.147
37277,2002-01-25 00:00:00,-0.0291944591774288,-0.1655807450410082,0.1071918266861506,144.36,-38.147
37278,2002-01-26 00:00:00,0.0268334400211798,-0.1096777127162431,0.1633445927586027,144.36,-38.147
37279,2002-01-27 00:00:00,0.0603631093052651,-0.0760255670075534,0.1967517856180837,144.36,-38.147
37280,2002-01-28 00:00:00,0.1863044879626123,0.0498399555391089,0.3227690203861156,144.36,-38.147
37281,2002-01-29 00:00:00,0.1349801098697673,-0.0014497418105503,0.2714099615500851,144.36,-38.147
37282,2002-01-30 00:00:00,0.0411383430047579,-0.0951412839609239,0.1774179699704398,144.36,-38.147
37283,2002-01-31 00:00:00,0.0762138650038119,-0.0602631839025109,0.2126909139101347,144.36,-38.147
37284,2002-02-01 00:00:00,-0.0270865870247462,-0.1636941197368139,0.1095209456873214,144.36,-38.147
37285,2002-02-02 00:00:00,0.092686172457666,-0.0439361793133758,0.2293085242287079,144.36,-38.147
37286,2002-02-03 00:00:00,0.0755008363058663,-0.0611252931307265,0.2121269657424593,144.36,-38.147
37287,2002-02-04 00:00:00,-0.0072110322838368,-0.1436289337153982,0.1292068691477245,144.36,-38.147
37288,2002-02-05 00:00:00,-0.0318285501055343,-0.1686738120017091,0.1050167117906405,144.36,-38.147
37289,2002-02-06 00:00:00,-0.0091662223293392,-0.1459944458466727,0.1276620011879942,144.36,-38.147
37290,2002-02-07 00:00:00,0.0208868489705467,-0.1154085406024507,0.1571822385435442,144.36,-38.147
37291,2002-02-08 00:00:00,0.2141387708508387,0.0775049187824297,0.3507726229192477,144.36,-38.147
37292,2002-02-09 00:00:00,0.1724752012857167,0.0355683331960252,0.3093820693754082,144.36,-38.147
37293,2002-02-10 00:00:00,0.0044375351306255,-0.1330573383153525,0.1419324085766037,144.36,-38.147
37294,2002-02-11 00:00:00,0.0015444055997652,-0.1353030384929869,0.1383918496925174,144.36,-38.147
37295,2002-02-12 00:00:00,-0.037153233031326,-0.1734516671134678,0.0991452010508158,144.36,-38.147
37296,2002-02-13 00:00:00,0.0206654381378155,-0.1155678631057195,0.1568987393813506,144.36,-38.147
37297,2002-02-14 00:00:00,0.0486234016137739,-0.0876819136205609,0.1849287168481088,144.36,-38.147
37298,2002-02-15 00:00:00,0.0432281987556182,-0.09354419751807,0.1800005950293065,144.36,-38.147
37299,2002-02-16 00:00:00,0.1863395210804747,0.049583555494351,0.3230954866665985,144.36,-38.147
37300,2002-02-17 00:00:00,0.1033621586169909,-0.0329193855212282,0.2396437027552102,144.36,-38.147
37301,2002-02-18 00:00:00,0.0498748958043437,-0.0863710716988114,0.1861208633074989,144.36,-38.147
37302,2002-02-19 00:00:00,-0.0314333983659308,-0.1676956798316975,0.1048288830998359,144.36,-38.147
37303,2002-02-20 00:00:00,0.1199474461127134,-0.0167050285550712,0.2565999207804981,144.36,-38.147
37304,2002-02-21 00:00:00,0.3567126404922834,0.2197248903018655,0.4937003906827014,144.36,-38.147
37305,2002-02-22 00:00:00,0.1010281017313991,-0.0354850982443749,0.2375413017071732,144.36,-38.147
37306,2002-02-23 00:00:00,0.0070825089807912,-0.1291855037051828,0.1433505216667653,144.36,-38.147
37307,2002-02-24 00:00:00,-0.0016234348027875,-0.1378352645581592,0.1345883949525842,144.36,-38.147
37308,2002-02-25 00:00:00,-0.0078345154883723,-0.1440044264612324,0.1283353954844877,144.36,-38.147
37309,2002-02-26 00:00:00,0.0962374389072536,-0.0400343560854136,0.232509233899921,144.36,-38.147
37310,2002-02-27 00:00:00,0.1088334609528608,-0.027429631691562,0.2450965535972837,144.36,-38.147
37311,2002-02-28 00:00:00,0.0714192644287051,-0.0648595679577627,0.2076980968151729,144.36,-38.147
37312,2002-03-01 00:00:00,0.1165202444691795,-0.0199383441508082,0.2529788330891674,144.36,-38.147
37313,2002-03-02 00:00:00,0.0681879855123346,-0.0681242530929905,0.2045002241176599,144.36,-38.147
37314,2002-03-03 00:00:00,0.0487015012010187,-0.0875352781940099,0.1849382805960474,144.36,-38.147
37315,2002-03-04 00:00:00,-0.0216806300351344,-0.1578935591035841,0.1145322990333151,144.36,-38.147
37316,2002-03-05 00:00:00,-0.0015638869770882,-0.1377982870713572,0.1346705131171807,144.36,-38.147
37317,2002-03-06 00:00:00,0.0522709023862447,-0.0840371246254074,0.1885789293978969,144.36,-38.147
37318,2002-03-07 00:00:00,0.1175011617688109,-0.0187988335867694,0.2538011571243913,144.36,-38.147
37319,2002-03-08 00:00:00,0.0436545919468674,-0.0926475283728861,0.179956712266621,144.36,-38.147
37320,2002-03-09 00:00:00,-0.0361579792894071,-0.172494889722675,0.1001789311438607,144.36,-38.147
37321,2002-03-10 00:00:00,-0.0237853492334942,-0.1600801470170581,0.1125094485500695,144.36,-38.147
37322,2002-03-11 00:00:00,0.061682153476069,-0.0749704079416031,0.1983347148937413,144.36,-38.147
37323,2002-03-12 00:00:00,0.1482446702678681,0.0114957959331023,0.284993544602634,144.36,-38.147
37324,2002-03-13 00:00:00,0.0155042502417966,-0.1207849372013437,0.151793437684937,144.36,-38.147
37325,2002-03-14 00:00:00,-0.0090945022884593,-0.1453706086281438,0.1271816040512252,144.36,-38.147
37326,2002-03-15 00:00:00,0.0019513352468936,-0.1343837474184422,0.1382864179122296,144.36,-38.147
37327,2002-03-16 00:00:00,0.0506519043955968,-0.0856343873027026,0.1869381960938964,144.36,-38.147
37328,2002-03-17 00:00:00,0.1596710688144243,0.0232793577247419,0.2960627799041068,144.36,-38.147
37329,2002-03-18 00:00:00,0.062153468653277,-0.0742252613435934,0.1985321986501476,144.36,-38.147
37330,2002-03-19 00:00:00,0.1482379271267366,0.011757012638847,0.2847188416146262,144.36,-38.147
37331,2002-03-20 00:00:00,0.1948389712307787,0.0584545598928217,0.3312233825687357,144.36,-38.147
37332,2002-03-21 00:00:00,0.0862980283151808,-0.0502156914349762,0.2228117480653378,144.36,-38.147
37333,2002-03-22 00:00:00,-0.0193737960746238,-0.1556970821865087,0.116949490037261,144.36,-38.147
37334,2002-03-23 00:00:00,-0.0220294147838376,-0.1582185261458911,0.1141596965782157,144.36,-38.147
37335,2002-03-24 00:00:00,0.0171877863685774,-0.1190242606095679,0.1533998333467228,144.36,-38.147
37336,2002-03-25 00:00:00,0.1239880963952207,-0.0123670207897158,0.2603432135801573,144.36,-38.147
37337,2002-03-26 00:00:00,0.1147102882209625,-0.0216732503099331,0.2510938267518582,144.36,-38.147
37338,2002-03-27 00:00:00,0.0363877146992397,-0.1004133552005534,0.1731887845990329,144.36,-38.147
37339,2002-03-28 00:00:00,0.054512930798189,-0.0820432336548871,0.1910690952512652,144.36,-38.147
37340,2002-03-29 00:00:00,0.0442185794298189,-0.0921651120523123,0.1806022709119502,144.36,-38.147
37341,2002-03-30 00:00:00,0.0206073968865482,-0.1158006011071427,0.1570153948802391,144.36,-38.147
37342,2002-03-31 00:00:00,-0.0349506911307664,-0.171294950357317,0.1013935680957841,144.36,-38.147
37343,2002-04-01 00:00:00,-0.0181333664522259,-0.1543829658078234,0.1181162329033714,144.36,-38.147
37344,2002-04-02 00:00:00,-0.0041430537499274,-0.1403279811380787,0.1320418736382238,144.36,-38.147
37345,2002-04-03 00:00:00,0.0665554066538422,-0.0698124087895568,0.2029232220972413,144.36,-38.147
37346,2002-04-04 00:00:00,0.0871709260265513,-0.0494948474632128,0.2238366995163154,144.36,-38.147
37347,2002-04-05 00:00:00,-0.0247538794078127,-0.1611231214279943,0.1116153626123687,144.36,-38.147
37348,2002-04-06 00:00:00,-0.0201439244177908,-0.1563700567164149,0.1160822078808331,144.36,-38.147
37349,2002-04-07 00:00:00,-0.0435525272166693,-0.1797706991227804,0.0926656446894418,144.36,-38.147
37350,2002-04-08 00:00:00,-0.0333948092707869,-0.1696191030796721,0.1028294845380983,144.36,-38.147
37351,2002-04-09 00:00:00,0.0950257888448321,-0.0412560571275254,0.2313076348171897,144.36,-38.147
37352,2002-04-10 00:00:00,0.0605069760674675,-0.075724809052865,0.1967387611878,144.36,-38.147
37353,2002-04-11 00:00:00,0.0240406486126459,-0.1121994308502801,0.1602807280755719,144.36,-38.147
37354,2002-04-12 00:00:00,0.0152845407373224,-0.1209069724725037,0.1514760539471486,144.36,-38.147
37355,2002-04-13 00:00:00,0.0554996226217172,-0.0807784554258976,0.1917777006693322,144.36,-38.147
37356,2002-04-14 00:00:00,0.0075299577278496,-0.1287198371247385,0.1437797525804377,144.36,-38.147
37357,2002-04-15 00:00:00,-0.0536111057870671,-0.1900003308795301,0.0827781193053958,144.36,-38.147
37358,2002-04-16 00:00:00,-0.0011762979661549,-0.1374584053165238,0.1351058093842138,144.36,-38.147
37359,2002-04-17 00:00:00,0.0082453136186085,-0.1279777203191338,0.1444683475563509,144.36,-38.147
37360,2002-04-18 00:00:00,0.0218953403009459,-0.1143975684819366,0.1581882490838284,144.36,-38.147
37361,2002-04-19 00:00:00,0.0143117890216459,-0.1219581229542309,0.1505817009975227,144.36,-38.147
37362,2002-04-20 00:00:00,0.0304773180921117,-0.1057766868519393,0.1667313230361629,144.36,-38.147
37363,2002-04-21 00:00:00,0.0266051669258551,-0.1096210646859506,0.1628313985376608,144.36,-38.147
37364,2002-04-22 00:00:00,-0.0024193415002021,-0.1387134779493305,0.1338747949489262,144.36,-38.147
37365,2002-04-23 00:00:00,0.0300378134468473,-0.1061825557224031,0.1662581826160978,144.36,-38.147
37366,2002-04-24 00:00:00,0.0827444547381947,-0.0534850191216761,0.2189739285980655,144.36,-38.147
37367,2002-04-25 00:00:00,0.1639664388699942,0.0276963984266339,0.3002364793133546,144.36,-38.147
37368,2002-04-26 00:00:00,0.1308052647915533,-0.0055752186768698,0.2671857482599765,144.36,-38.147
37369,2002-04-27 00:00:00,0.0196209184189756,-0.1167572042032216,0.1559990410411728,144.36,-38.147
37370,2002-04-28 00:00:00,-0.0517049800633232,-0.1879607571915716,0.0845507970649251,144.36,-38.147
37371,2002-04-29 00:00:00,-0.0419693616189698,-0.1781899745181906,0.0942512512802509,144.36,-38.147
37372,2002-04-30 00:00:00,-0.0119034853163002,-0.1481150385019875,0.1243080678693871,144.36,-38.147
37373,2002-05-01 00:00:00,-0.0187762163354658,-0.1549713886466343,0.1174189559757026,144.36,-38.147
37374,2002-05-02 00:00:00,-0.046165770145255,-0.1823600803984111,0.0900285401079011,144.36,-38.147
37375,2002-05-03 00:00:00,-0.0387656964906284,-0.174966105656932,0.097434712675675,144.36,-38.147
37376,2002-05-04 00:00:00,-0.0204796331945159,-0.1566647782800406,0.1157055118910087,144.36,-38.147
37377,2002-05-05 00:00:00,0.0355520768949668,-0.100642704301009,0.1717468580909427,144.36,-38.147
37378,2002-05-06 00:00:00,0.08143656125322,-0.0548191602276955,0.2176922827341355,144.36,-38.147
37379,2002-05-07 00:00:00,0.0451543193746153,-0.0910687037543161,0.1813773425035468,144.36,-38.147
37380,2002-05-08 00:00:00,0.0360943213175277,-0.1001288885769133,0.1723175312119687,144.36,-38.147
37381,2002-05-09 00:00:00,0.0864944309244964,-0.0497915164024043,0.2227803782513971,144.36,-38.147
37382,2002-05-10 00:00:00,0.1598006209972793,0.0233268038141253,0.2962744381804334,144.36,-38.147
37383,2002-05-11 00:00:00,-0.0150343477709586,-0.151335820116201,0.1212671245742837,144.36,-38.147
37384,2002-05-12 00:00:00,0.0499465379999682,-0.0863307941219968,0.1862238701219333,144.36,-38.147
37385,2002-05-13 00:00:00,0.1404526580219168,0.0040910461594669,0.2768142698843667,144.36,-38.147
37386,2002-05-14 00:00:00,0.0362252649448852,-0.0999846719867038,0.1724352018764743,144.36,-38.147
37387,2002-05-15 00:00:00,-0.0095494820507519,-0.1457351068766345,0.1266361427751307,144.36,-38.147
37388,2002-05-16 00:00:00,0.2370737058904832,0.1003891131828927,0.3737582985980736,144.36,-38.147
37389,2002-05-17 00:00:00,0.2506998779417342,0.1138452213988222,0.3875545344846463,144.36,-38.147
37390,2002-05-18 00:00:00,-0.0049295458345582,-0.1413740301465315,0.1315149384774151,144.36,-38.147
37391,2002-05-19 00:00:00,0.2552685534368418,0.1184061732983008,0.3921309335753827,144.36,-38.147
37392,2002-05-20 00:00:00,0.1920889189597433,0.0555211215723852,0.3286567163471015,144.36,-38.147
37393,2002-05-21 00:00:00,0.1969097737188161,0.0602975525335655,0.3335219949040667,144.36,-38.147
37394,2002-05-22 00:00:00,0.0628615466568935,-0.0737809086772068,0.1995040019909939,144.36,-38.147
37395,2002-05-23 00:00:00,-0.0068607632154705,-0.1435011245256652,0.1297795980947241,144.36,-38.147
37396,2002-05-24 00:00:00,-0.0120426935937406,-0.14828736312146,0.1242019759339786,144.36,-38.147
37397,2002-05-25 00:00:00,-0.0171899726378146,-0.1534269890412423,0.1190470437656131,144.36,-38.147
37398,2002-05-26 00:00:00,-0.0302839129300067,-0.1664997699812136,0.1059319441212,144.36,-38.147
37399,2002-05-27 00:00:00,-0.0161703100428916,-0.152380679795676,0.1200400597098927,144.36,-38.147
37400,2002-05-28 00:00:00,0.0070795094363341,-0.1291237171985134,0.1432827360711817,144.36,-38.147
37401,2002-05-29 00:00:00,-0.0012233382323665,-0.1374206707756528,0.1349739943109197,144.36,-38.147
37402,2002-05-30 00:00:00,0.0115931479146774,-0.1246038905282974,0.1477901863576524,144.36,-38.147
37403,2002-05-31 00:00:00,0.0698759486650601,-0.0663695314684444,0.2061214287985647,144.36,-38.147
37404,2002-06-01 00:00:00,0.0121152685809139,-0.1242080240314656,0.1484385611932935,144.36,-38.147
37405,2002-06-02 00:00:00,-0.0352656868988222,-0.1715104763964542,0.1009791025988097,144.36,-38.147
37406,2002-06-03 00:00:00,-0.0107140740526752,-0.1469595540458033,0.1255314059404528,144.36,-38.147
37407,2002-06-04 00:00:00,0.008832497760828,-0.1274059619923796,0.1450709575140357,144.36,-38.147
37408,2002-06-05 00:00:00,0.0268662977345524,-0.1094075725308289,0.1631401679999339,144.36,-38.147
37409,2002-06-06 00:00:00,0.0255672254527102,-0.1109410147106019,0.1620754656160224,144.36,-38.147
37410,2002-06-07 00:00:00,0.1294037522484815,-0.0073438410739977,0.266151345570961,144.36,-38.147
37411,2002-06-08 00:00:00,0.3389139196404755,0.201343747643175,0.4764840916377759,144.36,-38.147
37412,2002-06-09 00:00:00,0.2690957450126978,0.1322323189885177,0.4059591710368779,144.36,-38.147
37413,2002-06-10 00:00:00,0.2960044651579798,0.1590703219130353,0.4329386084029244,144.36,-38.147
37414,2002-06-11 00:00:00,0.147446247202378,0.0105356314555393,0.2843568629492167,144.36,-38.147
37415,2002-06-12 00:00:00,0.1202529695990451,-0.0164700092628242,0.2569759484609145,144.36,-38.147
37416,2002-06-13 00:00:00,0.4813012399021703,0.3445871808348026,0.618015298969538,144.36,-38.147
37417,2002-06-14 00:00:00,0.1290957075874811,-0.007615310801217,0.2658067259761792,144.36,-38.147
37418,2002-06-15 00:00:00,0.1741576015450762,0.0374831714905447,0.3108320315996078,144.36,-38.147
37419,2002-06-16 00:00:00,0.1812374227003549,0.0448722038625679,0.3176026415381419,144.36,-38.147
37420,2002-06-17 00:00:00,0.1006409722230965,-0.0358232794680006,0.2371052239141938,144.36,-38.147
37421,2002-06-18 00:00:00,0.0210113920212846,-0.1154208233050598,0.1574436073476292,144.36,-38.147
37422,2002-06-19 00:00:00,-0.0538931522304768,-0.1903309871712702,0.0825446827103165,144.36,-38.147
37423,2002-06-20 00:00:00,0.1339710799337754,-0.0033522822504579,0.2712944421180088,144.36,-38.147
37424,2002-06-21 00:00:00,0.1579373628895171,0.0210055675851449,0.2948691581938893,144.36,-38.147
37425,2002-06-22 00:00:00,0.1625083988977992,0.0260223844764037,0.2989944133191947,144.36,-38.147
37426,2002-06-23 00:00:00,0.0734418782317701,-0.0628974351922983,0.2097811916558385,144.36,-38.147
37427,2002-06-24 00:00:00,0.0638019588615984,-0.0725786712972934,0.2001825890204903,144.36,-38.147
37428,2002-06-25 00:00:00,0.2110099087099438,0.0733714465464237,0.3486483708734639,144.36,-38.147
37429,2002-06-26 00:00:00,0.1515448093976764,0.0137997931997065,0.2892898255956463,144.36,-38.147
37430,2002-06-27 00:00:00,0.0728263546318213,-0.0645335245830206,0.2101862338466633,144.36,-38.147
37431,2002-06-28 00:00:00,0.3871612647948651,0.2464194077478847,0.5279031218418455,144.36,-38.147
37432,2002-06-29 00:00:00,-0.0442925137306397,-0.1828799182308942,0.0942948907696147,144.36,-38.147
37433,2002-06-30 00:00:00,-0.0825353049133471,-0.2190782650183833,0.0540076551916891,144.36,-38.147
37434,2002-07-01 00:00:00,0.0593650474944846,-0.0770592434630697,0.1957893384520389,144.36,-38.147
37435,2002-07-02 00:00:00,0.0316334811065147,-0.1047466094864045,0.1680135716994339,144.36,-38.147
37436,2002-07-03 00:00:00,0.1588054332874195,0.022220355630173,0.2953905109446659,144.36,-38.147
37437,2002-07-04 00:00:00,0.3187796906513377,0.1820854004390759,0.4554739808635994,144.36,-38.147
37438,2002-07-05 00:00:00,0.3047386146779687,0.1673391214723843,0.4421381078835531,144.36,-38.147
37439,2002-07-06 00:00:00,0.385540261875927,0.2481475235443476,0.5229330002075064,144.36,-38.147
37440,2002-07-07 00:00:00,0.134956647327459,-0.0024014200485799,0.2723147147034979,144.36,-38.147
37441,2002-07-08 00:00:00,0.0911911682510636,-0.0453484780980592,0.2277308146001865,144.36,-38.147
37442,2002-07-09 00:00:00,0.2361571990852475,0.0990918392698847,0.3732225589006103,144.36,-38.147
37443,2002-07-10 00:00:00,0.1018923224878397,-0.0353665790325828,0.2391512240082623,144.36,-38.147
37444,2002-07-11 00:00:00,0.0063604950833678,-0.1302100740779657,0.1429310642447014,144.36,-38.147
37445,2002-07-12 00:00:00,0.0935735174410424,-0.0435624219727273,0.2307094568548121,144.36,-38.147
37446,2002-07-13 00:00:00,0.0934200187172942,-0.0433334739050688,0.2301735113396573,144.36,-38.147
37447,2002-07-14 00:00:00,0.2606679446731949,0.1238955648256438,0.397440324520746,144.36,-38.147
37448,2002-07-15 00:00:00,0.0949353590744774,-0.0414138838780004,0.2312846020269553,144.36,-38.147
37449,2002-07-16 00:00:00,0.1244306053533071,-0.0120168327965763,0.2608780435031907,144.36,-38.147
37450,2002-07-17 00:00:00,0.2330433496924065,0.0964306120600551,0.3696560873247579,144.36,-38.147
37451,2002-07-18 00:00:00,0.0584485792215466,-0.0778768651651985,0.1947740236082918,144.36,-38.147
37452,2002-07-19 00:00:00,0.0399287517471529,-0.0968070598647315,0.1766645633590374,144.36,-38.147
37453,2002-07-20 00:00:00,0.1552815511194488,0.0178695722442701,0.2926935299946274,144.36,-38.147
37454,2002-07-21 00:00:00,0.0495153902941286,-0.0870707830224339,0.1861015636106913,144.36,-38.147
37455,2002-07-22 00:00:00,-0.0288978298272669,-0.1651368403594952,0.1073411807049614,144.36,-38.147
37456,2002-07-23 00:00:00,0.0629078343463236,-0.0734499474687203,0.1992656161613676,144.36,-38.147
37457,2002-07-24 00:00:00,0.0702737237823583,-0.0662863513577602,0.2068337989224768,144.36,-38.147
37458,2002-07-25 00:00:00,-0.0762708926378549,-0.2128334150936742,0.0602916298179644,144.36,-38.147
37459,2002-07-26 00:00:00,0.0764933699687131,-0.0607678135874253,0.2137545535248516,144.36,-38.147
37460,2002-07-27 00:00:00,0.0728544903786217,-0.0634682523068655,0.2091772330641089,144.36,-38.147
37461,2002-07-28 00:00:00,0.1026775411711344,-0.0337864917570897,0.2391415740993586,144.36,-38.147
37462,2002-07-29 00:00:00,0.0784740040740338,-0.0580786574705214,0.2150266656185891,144.36,-38.147
37463,2002-07-30 00:00:00,0.0276268083958815,-0.1086818324725655,0.1639354492643286,144.36,-38.147
37464,2002-07-31 00:00:00,0.0075236156431845,-0.1287294648056508,0.1437766960920199,144.36,-38.147
37465,2002-08-01 00:00:00,0.1083655276181201,-0.0280921658592165,0.2448232210954568,144.36,-38.147
37466,2002-08-02 00:00:00,0.0763846347199073,-0.0599982424213065,0.2127675118611212,144.36,-38.147
37467,2002-08-03 00:00:00,0.1283353286043533,-0.0079229205305058,0.2645935777392125,144.36,-38.147
37468,2002-08-04 00:00:00,0.1611164024309022,0.0246382296023122,0.2975945752594922,144.36,-38.147
37469,2002-08-05 00:00:00,-0.0007739136908056,-0.1372160643777168,0.1356682369961056,144.36,-38.147
37470,2002-08-06 00:00:00,0.2952924587862083,0.1578113760274126,0.4327735415450041,144.36,-38.147
37471,2002-08-07 00:00:00,0.2864329471750386,0.1487207505234079,0.4241451438266693,144.36,-38.147
37472,2002-08-08 00:00:00,0.0382812851341365,-0.0983117153885512,0.1748742856568243,144.36,-38.147
37473,2002-08-09 00:00:00,0.0179037520838927,-0.1183007618465648,0.1541082660143503,144.36,-38.147
37474,2002-08-10 00:00:00,0.0334929872750113,-0.1028078502903945,0.1697938248404172,144.36,-38.147
37475,2002-08-11 00:00:00,0.2097783631575122,0.0730710554124379,0.3464856709025865,144.36,-38.147
37476,2002-08-12 00:00:00,0.31893342452399,0.1814217068476937,0.4564451422002863,144.36,-38.147
37477,2002-08-13 00:00:00,0.1334959731200192,-0.0036462213472847,0.2706381675873233,144.36,-38.147
37478,2002-08-14 00:00:00,-0.0228768631047516,-0.1595895531438479,0.1138358269343446,144.36,-38.147
37479,2002-08-15 00:00:00,-0.0289535066031702,-0.165347678357918,0.1074406651515776,144.36,-38.147
37480,2002-08-16 00:00:00,-0.0173418800892616,-0.1535341925811027,0.1188504324025794,144.36,-38.147
37481,2002-08-17 00:00:00,0.0221471379685898,-0.114059318782821,0.1583535947200007,144.36,-38.147
37482,2002-08-18 00:00:00,0.0272259864302355,-0.10897461084126,0.1634265837017311,144.36,-38.147
37483,2002-08-19 00:00:00,0.0273043991408652,-0.1089051614961811,0.1635139597779115,144.36,-38.147
37484,2002-08-20 00:00:00,0.050144809678735,-0.0860432447368959,0.186332864094366,144.36,-38.147
37485,2002-08-21 00:00:00,0.0794548841975137,-0.0567601472816026,0.2156699156766301,144.36,-38.147
37486,2002-08-22 00:00:00,0.105962950683331,-0.0302983993292162,0.2422243006958784,144.36,-38.147
37487,2002-08-23 00:00:00,0.0256061715916681,-0.1107126694717698,0.1619250126551061,144.36,-38.147
37488,2002-08-24 00:00:00,-0.05570285624454,-0.1919474868595367,0.0805417743704567,144.36,-38.147
37489,2002-08-25 00:00:00,-0.0402599619792192,-0.1764508626234397,0.0959309386650013,144.36,-38.147
37490,2002-08-26 00:00:00,-0.046359238532204,-0.1825481448291887,0.0898296677647806,144.36,-38.147
37491,2002-08-27 00:00:00,-0.0030032696201696,-0.1392288117254071,0.1332222724850677,144.36,-38.147
37492,2002-08-28 00:00:00,-0.0002904074313282,-0.136713872790888,0.1361330579282316,144.36,-38.147
37493,2002-08-29 00:00:00,0.0848484402108184,-0.0516127252115275,0.2213096056331643,144.36,-38.147
37494,2002-08-30 00:00:00,0.2180566476743542,0.0813897303539765,0.3547235649947319,144.36,-38.147
37495,2002-08-31 00:00:00,0.1083744615716274,-0.028042017373254,0.2447909405165089,144.36,-38.147
37496,2002-09-01 00:00:00,0.1262955329978221,-0.0099847393202787,0.2625758053159231,144.36,-38.147
37497,2002-09-02 00:00:00,0.0238856352369911,-0.1130543208686068,0.160825591342589,144.36,-38.147
37498,2002-09-03 00:00:00,0.3662949856847466,0.2279739008747148,0.5046160704947784,144.36,-38.147
37499,2002-09-04 00:00:00,0.3800756093447953,0.2424029291420036,0.5177482895475869,144.36,-38.147
37500,2002-09-05 00:00:00,0.1050668968214139,-0.0317621083558557,0.2418959019986836,144.36,-38.147
37501,2002-09-06 00:00:00,0.2181094968341376,0.0815346374445701,0.354684356223705,144.36,-38.147
37502,2002-09-07 00:00:00,0.3513074939848805,0.2144966867495114,0.4881183012202496,144.36,-38.147
37503,2002-09-08 00:00:00,0.136201630178747,-0.000402844527742,0.272806104885236,144.36,-38.147
37504,2002-09-09 00:00:00,0.3632380604441977,0.2259761472517218,0.5004999736366736,144.36,-38.147
37505,2002-09-10 00:00:00,0.1071623918303735,-0.0297095189444554,0.2440343026052026,144.36,-38.147
37506,2002-09-11 00:00:00,0.0483047456911275,-0.0879427278598827,0.1845522192421377,144.36,-38.147
37507,2002-09-12 00:00:00,-0.0234595393288706,-0.1596714825911256,0.1127524039333844,144.36,-38.147
37508,2002-09-13 00:00:00,0.0262390047101273,-0.1099770304149546,0.1624550398352093,144.36,-38.147
37509,2002-09-14 00:00:00,0.0551105498716223,-0.0812076622922966,0.1914287620355413,144.36,-38.147
37510,2002-09-15 00:00:00,0.0274924054831094,-0.1094353497924232,0.1644201607586422,144.36,-38.147
37511,2002-09-16 00:00:00,0.1283693467260084,-0.010822712465977,0.2675614059179939,144.36,-38.147
37512,2002-09-17 00:00:00,0.2210668653946325,0.0832726822445433,0.3588610485447217,144.36,-38.147
37513,2002-09-18 00:00:00,0.361306881086592,0.2237040957229594,0.4989096664502245,144.36,-38.147
37514,2002-09-19 00:00:00,0.3192695330895128,0.180636617077633,0.4579024491013925,144.36,-38.147
37515,2002-09-20 00:00:00,0.0346067876653205,-0.1018846033285371,0.1710981786591782,144.36,-38.147
37516,2002-09-21 00:00:00,0.1434312173218188,0.0071057612918145,0.2797566733518231,144.36,-38.147
37517,2002-09-22 00:00:00,0.1238839483344265,-0.0124590755370078,0.2602269722058609,144.36,-38.147
37518,2002-09-23 00:00:00,0.0679524988219,-0.068433293401812,0.204338291045612,144.36,-38.147
37519,2002-09-24 00:00:00,0.0629926332838748,-0.0735755407832277,0.1995608073509774,144.36,-38.147
37520,2002-09-25 00:00:00,0.1558475578019776,0.0193241392250458,0.2923709763789094,144.36,-38.147
37521,2002-09-26 00:00:00,0.2042831364579197,0.0670091172023999,0.3415571557134395,144.36,-38.147
37522,2002-09-27 00:00:00,0.1429019151758419,0.006312766173473,0.2794910641782107,144.36,-38.147
37523,2002-09-28 00:00:00,0.2330163742762231,0.0962570311615939,0.3697757173908524,144.36,-38.147
37524,2002-09-29 00:00:00,0.1084928342878403,-0.0282500046750929,0.2452356732507737,144.36,-38.147
37525,2002-09-30 00:00:00,0.0190577009396357,-0.1172764075652713,0.1553918094445428,144.36,-38.147
37526,2002-10-01 00:00:00,0.0124266203974471,-0.1237827723720343,0.1486360131669287,144.36,-38.147
37527,2002-10-02 00:00:00,0.0675280469798357,-0.0689533530545364,0.2040094470142079,144.36,-38.147
37528,2002-10-03 00:00:00,0.0805615979267369,-0.056129144965585,0.2172523408190588,144.36,-38.147
37529,2002-10-04 00:00:00,0.0843056860956391,-0.0520957987027499,0.2207071708940282,144.36,-38.147
37530,2002-10-05 00:00:00,0.0285302951494534,-0.1080382135570721,0.1650988038559789,144.36,-38.147
37531,2002-10-06 00:00:00,0.0684113916528341,-0.0680114668745162,0.2048342501801845,144.36,-38.147
37532,2002-10-07 00:00:00,0.1349263133446074,-0.0018347599431966,0.2716873866324114,144.36,-38.147
37533,2002-10-08 00:00:00,0.4180263803029923,0.2806076182119092,0.5554451423940754,144.36,-38.147
37534,2002-10-09 00:00:00,0.1542944620204664,0.0175857867293511,0.2910031373115819,144.36,-38.147
37535,2002-10-10 00:00:00,0.0275885471195965,-0.1087461354384119,0.1639232296776049,144.36,-38.147
37536,2002-10-11 00:00:00,-0.0474388653896424,-0.1836995952680044,0.0888218644887195,144.36,-38.147
37537,2002-10-12 00:00:00,-0.0393701767476486,-0.1756079232905584,0.0968675697952612,144.36,-38.147
37538,2002-10-13 00:00:00,0.2566632026134973,0.1199061670559937,0.3934202381710008,144.36,-38.147
37539,2002-10-14 00:00:00,0.2976133207104356,0.160212304303672,0.4350143371171991,144.36,-38.147
37540,2002-10-15 00:00:00,0.1520289477595191,0.0152409479262692,0.288816947592769,144.36,-38.147
37541,2002-10-16 00:00:00,0.084204912245734,-0.0522495797543982,0.2206594042458663,144.36,-38.147
37542,2002-10-17 00:00:00,0.2031127089540595,0.0664811851493658,0.3397442327587532,144.36,-38.147
37543,2002-10-18 00:00:00,0.0452267704943238,-0.0913601953582693,0.181813736346917,144.36,-38.147
37544,2002-10-19 00:00:00,0.3663446724659625,0.2276629345574161,0.5050264103745088,144.36,-38.147
37545,2002-10-20 00:00:00,0.1757474494672884,0.0390731092680153,0.3124217896665616,144.36,-38.147
37546,2002-10-21 00:00:00,0.1021368804179242,-0.0341944986940451,0.2384682595298937,144.36,-38.147
37547,2002-10-22 00:00:00,0.0566137427047404,-0.0796785980941877,0.1929060835036686,144.36,-38.147
37548,2002-10-23 00:00:00,0.4601990021075665,0.3231266433234005,0.5972713608917324,144.36,-38.147
37549,2002-10-24 00:00:00,0.219533776152454,0.0828499611304178,0.3562175911744902,144.36,-38.147
37550,2002-10-25 00:00:00,0.109350876016854,-0.027136300324889,0.2458380523585971,144.36,-38.147
37551,2002-10-26 00:00:00,0.0981083429735948,-0.0384880178563123,0.234704703803502,144.36,-38.147
37552,2002-10-27 00:00:00,-0.0159303510851597,-0.1523325148837646,0.1204718127134451,144.36,-38.147
37553,2002-10-28 00:00:00,-0.0100573517208311,-0.146329611848985,0.1262149084073227,144.36,-38.147
37554,2002-10-29 00:00:00,-0.0240412516283847,-0.1602618629872228,0.1121793597304533,144.36,-38.147
37555,2002-10-30 00:00:00,0.1493195613939881,0.0127203396078856,0.2859187831800907,144.36,-38.147
37556,2002-10-31 00:00:00,0.3025467724323903,0.1657664174042228,0.4393271274605577,144.36,-38.147
37557,2002-11-01 00:00:00,0.0351154091981103,-0.1013657889066327,0.1715966073028534,144.36,-38.147
37558,2002-11-02 00:00:00,-0.0352669451437915,-0.171751044732195,0.1012171544446119,144.36,-38.147
37559,2002-11-03 00:00:00,0.3285299432023438,0.1915811502367599,0.4654787361679276,144.36,-38.147
37560,2002-11-04 00:00:00,0.2421581526864991,0.1055719950497799,0.3787443103232183,144.36,-38.147
37561,2002-11-05 00:00:00,0.0890117420556782,-0.0473236297977931,0.2253471139091497,144.36,-38.147
37562,2002-11-06 00:00:00,0.0468074430187427,-0.0894683635744563,0.1830832496119419,144.36,-38.147
37563,2002-11-07 00:00:00,0.0162352102131152,-0.1200900932521968,0.1525605136784272,144.36,-38.147
37564,2002-11-08 00:00:00,0.1713458110921523,0.0348627372415544,0.3078288849427503,144.36,-38.147
37565,2002-11-09 00:00:00,0.1818097023809068,0.045355566663144,0.3182638380986696,144.36,-38.147
37566,2002-11-10 00:00:00,0.0821569577790864,-0.0543086102646531,0.218622525822826,144.36,-38.147
37567,2002-11-11 00:00:00,-0.0324301677373464,-0.1688372363901985,0.1039769009155055,144.36,-38.147
37568,2002-11-12 00:00:00,-0.0040897002886031,-0.140871959495249,0.1326925589180427,144.36,-38.147
37569,2002-11-13 00:00:00,0.3140962411325176,0.1764652169549733,0.451727265310062,144.36,-38.147
37570,2002-11-14 00:00:00,0.0903604172443369,-0.0461535276009885,0.2268743620896624,144.36,-38.147
37571,2002-11-15 00:00:00,0.0535136351996486,-0.0828318023575659,0.1898590727568632,144.36,-38.147
37572,2002-11-16 00:00:00,-0.0788449522841739,-0.2152023996222201,0.0575124950538721,144.36,-38.147
37573,2002-11-17 00:00:00,0.0082519603926351,-0.1280868105637816,0.1445907313490519,144.36,-38.147
37574,2002-11-18 00:00:00,0.1028795667780659,-0.0334480187624908,0.2392071523186227,144.36,-38.147
37575,2002-11-19 00:00:00,0.0453003180463638,-0.0909683815759248,0.1815690176686524,144.36,-38.147
37576,2002-11-20 00:00:00,0.0851232796568669,-0.0511718391296746,0.2214183984434085,144.36,-38.147
37577,2002-11-21 00:00:00,-0.0077345924759828,-0.1439954401418031,0.1285262551898374,144.36,-38.147
37578,2002-11-22 00:00:00,0.003622511528391,-0.1326268874729724,0.1398719105297545,144.36,-38.147
37579,2002-11-23 00:00:00,-0.0027456258804693,-0.13907811322707,0.1335868614661312,144.36,-38.147
37580,2002-11-24 00:00:00,0.0994907553667683,-0.0369321359398912,0.2359136466734278,144.36,-38.147
37581,2002-11-25 00:00:00,0.1248306402062008,-0.0116460881720227,0.2613073685844244,144.36,-38.147
37582,2002-11-26 00:00:00,0.1083844887285041,-0.0281293418654173,0.2448983193224256,144.36,-38.147
37583,2002-11-27 00:00:00,0.1588251049922606,0.0223374423949903,0.2953127675895308,144.36,-38.147
37584,2002-11-28 00:00:00,0.0440019316805308,-0.0921987684705334,0.180202631831595,144.36,-38.147
37585,2002-11-29 00:00:00,0.0654911008121442,-0.0707852083155763,0.2017674099398648,144.36,-38.147
37586,2002-11-30 00:00:00,0.1271091984481124,-0.0093377936063522,0.2635561905025772,144.36,-38.147
37587,2002-12-01 00:00:00,-0.0007933101490723,-0.1372124270701559,0.1356258067720111,144.36,-38.147
37588,2002-12-02 00:00:00,0.0074491774519394,-0.129099303086957,0.143997657990836,144.36,-38.147
37589,2002-12-03 00:00:00,0.113951352765561,-0.0228740060325539,0.250776711563676,144.36,-38.147
37590,2002-12-04 00:00:00,0.2700455540587304,0.1333096864582678,0.406781421659193,144.36,-38.147
37591,2002-12-05 00:00:00,0.4334272560144774,0.295882789019314,0.5709717230096407,144.36,-38.147
37592,2002-12-06 00:00:00,0.2218433217015179,0.0838652409750926,0.3598214024279431,144.36,-38.147
37593,2002-12-07 00:00:00,0.0126990912590844,-0.12392765370249,0.1493258362206589,144.36,-38.147
37594,2002-12-08 00:00:00,0.1119261938100762,-0.0243801189358353,0.2482325065559879,144.36,-38.147
37595,2002-12-09 00:00:00,0.1552216162664692,0.0188101290540357,0.2916331034789026,144.36,-38.147
37596,2002-12-10 00:00:00,0.0955972683184221,-0.0408399996595427,0.232034536296387,144.36,-38.147
37597,2002-12-11 00:00:00,0.0463733323980991,-0.0901432357857735,0.1828899005819719,144.36,-38.147
37598,2002-12-12 00:00:00,0.089937716794177,-0.0464359266607127,0.2263113602490669,144.36,-38.147
37599,2002-12-13 00:00:00,0.076696001196147,-0.0596002557690518,0.2129922581613459,144.36,-38.147
37600,2002-12-14 00:00:00,0.0407956766388491,-0.0954106026748795,0.1770019559525777,144.36,-38.147
37601,2002-12-15 00:00:00,0.0392439659870866,-0.0969541061525498,0.1754420381267231,144.36,-38.147
37602,2002-12-16 00:00:00,0.0250688720040124,-0.111223569327839,0.1613613133358639,144.36,-38.147
37603,2002-12-17 00:00:00,-0.0216185669060164,-0.157924277168858,0.1146871433568252,144.36,-38.147
37604,2002-12-18 00:00:00,0.0020008683398874,-0.1344260577738939,0.1384277944536689,144.36,-38.147
37605,2002-12-19 00:00:00,-0.0149191075246639,-0.1512661257031093,0.1214279106537814,144.36,-38.147
37606,2002-12-20 00:00:00,0.0338573529156851,-0.1024298856142427,0.1701445914456129,144.36,-38.147
37607,2002-12-21 00:00:00,0.0404454722805096,-0.0958159285402318,0.1767068731012512,144.36,-38.147
37608,2002-12-22 00:00:00,0.0843770215235805,-0.0522055009859787,0.2209595440331397,144.36,-38.147
37609,2002-12-23 00:00:00,0.0738379659516617,-0.0627710152413076,0.2104469471446312,144.36,-38.147
37610,2002-12-24 00:00:00,0.0354070671280496,-0.1011801517724624,0.1719942860285618,144.36,-38.147
37611,2002-12-25 00:00:00,0.0194358567899328,-0.1171858870798702,0.1560576006597358,144.36,-38.147
37612,2002-12-26 00:00:00,-0.0050097000304592,-0.141466581612616,0.1314471815516976,144.36,-38.147
37613,2002-12-27 00:00:00,0.0045829329738337,-0.1316588587794962,0.1408247247271637,144.36,-38.147
37614,2002-12-28 00:00:00,-0.0316659145571886,-0.1679338523865816,0.1046020232722044,144.36,-38.147
37615,2002-12-29 00:00:00,-0.0143347736823437,-0.1511264098127575,0.1224568624480699,144.36,-38.147
37616,2002-12-30 00:00:00,0.0710983223201306,-0.0661796400281238,0.2083762846683851,144.36,-38.147
37617,2002-12-31 00:00:00,0.086459534572537,-0.0513171017574881,0.2242361709025622,144.36,-38.147
37618,2003-01-01 00:00:00,0.4039087879960255,0.2660205890475267,0.5417969869445244,144.36,-38.147
37619,2003-01-02 00:00:00,0.2273737795182982,0.0907302936941391,0.3640172653424573,144.36,-38.147
37620,2003-01-03 00:00:00,0.1027137116013818,-0.0334831239017591,0.2389105471045228,144.36,-38.147
37621,2003-01-04 00:00:00,0.0889538130650524,-0.0473030376199195,0.2252106637500245,144.36,-38.147
37622,2003-01-05 00:00:00,0.016525700935249,-0.1197080645525397,0.1527594664230378,144.36,-38.147
37623,2003-01-06 00:00:00,-0.0078566474153925,-0.1440815963199257,0.1283683014891405,144.36,-38.147
37624,2003-01-07 00:00:00,0.0589734209667324,-0.077346590968265,0.1952934329017298,144.36,-38.147
37625,2003-01-08 00:00:00,0.1922998485203276,0.0556012255165095,0.3289984715241457,144.36,-38.147
37626,2003-01-09 00:00:00,0.0805682743948799,-0.0560029320193797,0.2171394808091396,144.36,-38.147
37627,2003-01-10 00:00:00,0.0111919861750542,-0.1250738578690347,0.1474578302191433,144.36,-38.147
37628,2003-01-11 00:00:00,-0.0288438372785444,-0.165114588310168,0.1074269137530791,144.36,-38.147
37629,2003-01-12 00:00:00,-0.0370391039097482,-0.173399947904883,0.0993217400853866,144.36,-38.147
37630,2003-01-13 00:00:00,-0.0232443208151428,-0.1599546848176761,0.1134660431873904,144.36,-38.147
37631,2003-01-14 00:00:00,0.1482001185058613,0.0109748187904751,0.2854254182212474,144.36,-38.147
37632,2003-01-15 00:00:00,0.059246028769869,-0.077333495658863,0.1958255531986011,144.36,-38.147
37633,2003-01-16 00:00:00,-0.0001906898344406,-0.1365361536364976,0.1361547739676162,144.36,-38.147
37634,2003-01-17 00:00:00,0.0256628306862956,-0.1106632053207528,0.1619888666933441,144.36,-38.147
37635,2003-01-18 00:00:00,0.109859762987608,-0.0265784860042387,0.2462980119794547,144.36,-38.147
37636,2003-01-19 00:00:00,0.0723966277566228,-0.0639610177777707,0.2087542732910163,144.36,-38.147
37637,2003-01-20 00:00:00,0.0292437461977352,-0.1072389910832279,0.1657264834786984,144.36,-38.147
37638,2003-01-21 00:00:00,0.1948034945138207,0.0583594210356606,0.3312475679919808,144.36,-38.147
37639,2003-01-22 00:00:00,0.0734572418719492,-0.0629614307666609,0.2098759145105594,144.36,-38.147
37640,2003-01-23 00:00:00,-0.0355039097436852,-0.1719125923750152,0.1009047728876447,144.36,-38.147
37641,2003-01-24 00:00:00,-0.018939773888247,-0.1551922994418051,0.1173127516653111,144.36,-38.147
37642,2003-01-25 00:00:00,0.041187252897339,-0.0953983819855334,0.1777728877802116,144.36,-38.147
37643,2003-01-26 00:00:00,0.1225525372118165,-0.0141173454123259,0.259222419835959,144.36,-38.147
37644,2003-01-27 00:00:00,0.1305112031079103,-0.0062458328949183,0.2672682391107391,144.36,-38.147
37645,2003-01-28 00:00:00,0.0040350807016026,-0.1324123380729517,0.140482499476157,144.36,-38.147
37646,2003-01-29 00:00:00,0.0114871571525551,-0.1247946937684313,0.1477690080735415,144.36,-38.147
37647,2003-01-30 00:00:00,0.2383550947309444,0.1017868012835198,0.374923388178369,144.36,-38.147
37648,2003-01-31 00:00:00,0.3304739651600108,0.1934030454927333,0.4675448848272883,144.36,-38.147
37649,2003-02-01 00:00:00,0.0539128481352265,-0.0826643670976175,0.1904900633680705,144.36,-38.147
37650,2003-02-02 00:00:00,-0.0061291735566335,-0.1424401237066711,0.1301817765934039,144.36,-38.147
37651,2003-02-03 00:00:00,-0.0335391067434822,-0.1697519475998977,0.1026737341129333,144.36,-38.147
37652,2003-02-04 00:00:00,-0.0082278141272592,-0.1444735000428565,0.1280178717883381,144.36,-38.147
37653,2003-02-05 00:00:00,0.0766209422025042,-0.0597402902951035,0.2129821747001119,144.36,-38.147
37654,2003-02-06 00:00:00,0.0425961295791729,-0.093836976296022,0.1790292354543679,144.36,-38.147
37655,2003-02-07 00:00:00,-0.0192548883423032,-0.1556845646101018,0.1171747879254953,144.36,-38.147
37656,2003-02-08 00:00:00,0.0726147765988464,-0.063974931211745,0.2092044844094378,144.36,-38.147
37657,2003-02-09 00:00:00,-0.0335491083567201,-0.170102184872531,0.1030039681590907,144.36,-38.147
37658,2003-02-10 00:00:00,0.0251669534872461,-0.1111977340610172,0.1615316410355094,144.36,-38.147
37659,2003-02-11 00:00:00,0.0420686555892446,-0.094184336875772,0.1783216480542613,144.36,-38.147
37660,2003-02-12 00:00:00,0.063292639499796,-0.0729172430527202,0.1995025220523122,144.36,-38.147
37661,2003-02-13 00:00:00,0.0709726415582214,-0.065316461724632,0.2072617448410749,144.36,-38.147
37662,2003-02-14 00:00:00,0.0453060880828718,-0.0909424135275637,0.1815545896933074,144.36,-38.147
37663,2003-02-15 00:00:00,0.0154022070058181,-0.1208453524328065,0.1516497664444429,144.36,-38.147
37664,2003-02-16 00:00:00,0.0645772204507137,-0.0716594748687592,0.2008139157701868,144.36,-38.147
37665,2003-02-17 00:00:00,0.0257398905796684,-0.1106952976648747,0.1621750788242116,144.36,-38.147
37666,2003-02-18 00:00:00,-0.0326623876781618,-0.1691193446894544,0.1037945693331308,144.36,-38.147
37667,2003-02-19 00:00:00,-0.0107793070653579,-0.1472306703561552,0.1256720562254393,144.36,-38.147
37668,2003-02-20 00:00:00,-0.0225183075539734,-0.1590773945855085,0.1140407794775615,144.36,-38.147
37669,2003-02-21 00:00:00,0.0278717260874872,-0.1086750296308772,0.1644184818058516,144.36,-38.147
37670,2003-02-22 00:00:00,0.0795493201598392,-0.0568280569777423,0.2159266972974208,144.36,-38.147
37671,2003-02-23 00:00:00,0.0281014381718392,-0.108369219431406,0.1645720957750845,144.36,-38.147
37672,2003-02-24 00:00:00,0.0705741929493164,-0.0659273326642306,0.2070757185628635,144.36,-38.147
37673,2003-02-25 00:00:00,0.0846563722655253,-0.0516907324473394,0.22100347697839,144.36,-38.147
37674,2003-02-26 00:00:00,0.0371135023826156,-0.0991805998243737,0.173407604589605,144.36,-38.147
37675,2003-02-27 00:00:00,0.0549559919050123,-0.0813163423044074,0.191228326114432,144.36,-38.147
37676,2003-02-28 00:00:00,0.1986902187460652,0.0623643031768657,0.3350161343152648,144.36,-38.147
37677,2003-03-01 00:00:00,0.2601406472887025,0.1237011702755152,0.3965801243018898,144.36,-38.147
37678,2003-03-02 00:00:00,0.0970670165475313,-0.0396483773832404,0.2337824104783031,144.36,-38.147
37679,2003-03-03 00:00:00,0.0001781154972919,-0.1364182945431483,0.1367745255377321,144.36,-38.147
37680,2003-03-04 00:00:00,0.0440789867466357,-0.0921314301778354,0.1802894036711069,144.36,-38.147
37681,2003-03-05 00:00:00,0.0665738128932099,-0.0696415268645327,0.2027891526509526,144.36,-38.147
37682,2003-03-06 00:00:00,0.0080369970238429,-0.1281597151959605,0.1442337092436463,144.36,-38.147
37683,2003-03-07 00:00:00,0.0222387915557911,-0.1139469263645057,0.1584245094760879,144.36,-38.147
37684,2003-03-08 00:00:00,0.0591605843468897,-0.077267655383269,0.1955888240770486,144.36,-38.147
37685,2003-03-09 00:00:00,0.012278421944939,-0.1241728323952319,0.14872967628511,144.36,-38.147
37686,2003-03-10 00:00:00,-0.0359406959996013,-0.1723412181965979,0.1004598261973951,144.36,-38.147
37687,2003-03-11 00:00:00,-0.0189534433314844,-0.1552447965456266,0.1173379098826578,144.36,-38.147
37688,2003-03-12 00:00:00,-0.0172001549119658,-0.1534595195341657,0.1190592097102339,144.36,-38.147
37689,2003-03-13 00:00:00,0.0833918585109245,-0.0528857999886081,0.2196695170104572,144.36,-38.147
37690,2003-03-14 00:00:00,0.0483031336884512,-0.0881087710824643,0.1847150384593667,144.36,-38.147
37691,2003-03-15 00:00:00,0.0273179168768578,-0.1089326736323454,0.1635685073860611,144.36,-38.147
37692,2003-03-16 00:00:00,0.0234189998445153,-0.1128701405956846,0.1597081402847154,144.36,-38.147
37693,2003-03-17 00:00:00,-0.0043464915918462,-0.1406740011688462,0.1319810179851536,144.36,-38.147
37694,2003-03-18 00:00:00,0.0429728959629004,-0.0934040345553261,0.1793498264811271,144.36,-38.147
37695,2003-03-19 00:00:00,0.038560144520084,-0.0996140638136645,0.1767343528538327,144.36,-38.147
37696,2003-03-20 00:00:00,0.3133852098939953,0.1729076104084157,0.4538628093795749,144.36,-38.147
37697,2003-03-21 00:00:00,0.0414715847904069,-0.0955188082196565,0.1784619778004703,144.36,-38.147
37698,2003-03-22 00:00:00,0.0121876504030989,-0.1242873587177728,0.1486626595239707,144.36,-38.147
37699,2003-03-23 00:00:00,-0.0056860695548775,-0.142122114789228,0.130749975679473,144.36,-38.147
37700,2003-03-24 00:00:00,-0.0305166519066502,-0.1667696752506443,0.1057363714373437,144.36,-38.147
37701,2003-03-25 00:00:00,0.0116970341989327,-0.1244929432482097,0.1478870116460753,144.36,-38.147
37702,2003-03-26 00:00:00,0.0329924849296389,-0.1032639208351981,0.169248890694476,144.36,-38.147
37703,2003-03-27 00:00:00,0.0134946444478908,-0.1228038548571589,0.1497931437529406,144.36,-38.147
37704,2003-03-28 00:00:00,0.0135116775378013,-0.1228829241984046,0.1499062792740072,144.36,-38.147
37705,2003-03-29 00:00:00,0.0082181211218501,-0.1282116000832677,0.144647842326968,144.36,-38.147
37706,2003-03-30 00:00:00,0.0221348367158565,-0.1142480400485648,0.1585177134802778,144.36,-38.147
37707,2003-03-31 00:00:00,0.0137110658311551,-0.1225611201475483,0.1499832518098585,144.36,-38.147
37708,2003-04-01 00:00:00,0.0061897757915564,-0.1299893624727546,0.1423689140558676,144.36,-38.147
37709,2003-04-02 00:00:00,0.0489443926523515,-0.0872987730107502,0.1851875583154533,144.36,-38.147
37710,2003-04-03 00:00:00,0.0065803371561445,-0.1300300484038742,0.1431907227161632,144.36,-38.147
37711,2003-04-04 00:00:00,-0.0566211007712567,-0.1930356260167633,0.0797934244742498,144.36,-38.147
37712,2003-04-05 00:00:00,-0.009749943517306,-0.1460231784431037,0.1265232914084916,144.36,-38.147
37713,2003-04-06 00:00:00,-0.0080457341860411,-0.1442182545279313,0.1281267861558492,144.36,-38.147
37714,2003-04-07 00:00:00,0.022910415404724,-0.113391921141042,0.1592127519504901,144.36,-38.147
37715,2003-04-08 00:00:00,0.0991965126220668,-0.0372553784938222,0.2356484037379559,144.36,-38.147
37716,2003-04-09 00:00:00,0.0393305892906026,-0.0970482530718229,0.1757094316530283,144.36,-38.147
37717,2003-04-10 00:00:00,-0.0215937454095386,-0.157910589959044,0.1147230991399667,144.36,-38.147
37718,2003-04-11 00:00:00,-0.0122957487831559,-0.1488392594269103,0.1242477618605984,144.36,-38.147
37719,2003-04-12 00:00:00,0.0386440090901938,-0.0979906537335512,0.1752786719139388,144.36,-38.147
37720,2003-04-13 00:00:00,0.1006270614839034,-0.0360064234866449,0.2372605464544517,144.36,-38.147
37721,2003-04-14 00:00:00,0.3126562451179147,0.1750017726606859,0.4503107175751434,144.36,-38.147
37722,2003-04-15 00:00:00,0.2948842457441834,0.1577535862712884,0.4320149052170784,144.36,-38.147
37723,2003-04-16 00:00:00,0.0301293211413274,-0.1064457637119043,0.1667044059945592,144.36,-38.147
37724,2003-04-17 00:00:00,-0.0776049059668998,-0.2138841120305502,0.0586743000967505,144.36,-38.147
37725,2003-04-18 00:00:00,-0.0614096660401311,-0.1977432801299646,0.0749239480497023,144.36,-38.147
37726,2003-04-19 00:00:00,-0.0528208619667249,-0.1891009665904965,0.0834592426570467,144.36,-38.147
37727,2003-04-20 00:00:00,-0.0233612720430386,-0.1595752041742117,0.1128526600881345,144.36,-38.147
37728,2003-04-21 00:00:00,-0.0278007145833219,-0.1640104598221484,0.1084090306555045,144.36,-38.147
37729,2003-04-22 00:00:00,-0.0468964206826921,-0.1830960495472157,0.0893032081818314,144.36,-38.147
37730,2003-04-23 00:00:00,-0.0179448930332579,-0.1541500529030867,0.1182602668365707,144.36,-38.147
37731,2003-04-24 00:00:00,-0.0136611990369007,-0.1499072021891563,0.1225848041153548,144.36,-38.147
37732,2003-04-25 00:00:00,-0.077641526912568,-0.2141770471435739,0.0588939933184379,144.36,-38.147
37733,2003-04-26 00:00:00,-0.0439207693722625,-0.1802146849046532,0.092373146160128,144.36,-38.147
37734,2003-04-27 00:00:00,-0.0074899209177532,-0.1437076874224167,0.1287278455869103,144.36,-38.147
37735,2003-04-28 00:00:00,0.0539444362033637,-0.0822366988725519,0.1901255712792795,144.36,-38.147
37736,2003-04-29 00:00:00,0.149041683046568,0.0127652562937382,0.2853181097993978,144.36,-38.147
37737,2003-04-30 00:00:00,0.0837400673268396,-0.0525860440594558,0.2200661787131351,144.36,-38.147
37738,2003-05-01 00:00:00,0.0351577104424515,-0.1012693450453602,0.1715847659302634,144.36,-38.147
37739,2003-05-02 00:00:00,0.0588590954054841,-0.0774481932459337,0.1951663840569021,144.36,-38.147
37740,2003-05-03 00:00:00,0.0193693720215856,-0.1169805230291442,0.1557192670723155,144.36,-38.147
37741,2003-05-04 00:00:00,-0.0336128003785906,-0.1707975719068276,0.1035719711496464,144.36,-38.147
37742,2003-05-05 00:00:00,-0.1026238277127879,-0.2390000299703223,0.0337523745447465,144.36,-38.147
37743,2003-05-06 00:00:00,-0.0323974153848731,-0.1686471373924841,0.1038523066227379,144.36,-38.147
37744,2003-05-07 00:00:00,-0.0422529527384818,-0.1784865333594954,0.0939806278825317,144.36,-38.147
37745,2003-05-08 00:00:00,0.020025288277913,-0.1161798216295827,0.1562303981854088,144.36,-38.147
37746,2003-05-09 00:00:00,0.124702908573631,-0.0115370284021667,0.2609428455494288,144.36,-38.147
37747,2003-05-10 00:00:00,0.0496687320331796,-0.0867019887712064,0.1860394528375657,144.36,-38.147
37748,2003-05-11 00:00:00,-0.0075859002096954,-0.1438323557559271,0.1286605553365361,144.36,-38.147
37749,2003-05-12 00:00:00,0.004486952277816,-0.13174892046813,0.140722825023762,144.36,-38.147
37750,2003-05-13 00:00:00,-0.0030196507099339,-0.1392463346720547,0.1332070332521868,144.36,-38.147
37751,2003-05-14 00:00:00,-0.0065766533047567,-0.1428349186567355,0.1296816120472219,144.36,-38.147
37752,2003-05-15 00:00:00,0.016167951522533,-0.1200942267398292,0.1524301297848953,144.36,-38.147
37753,2003-05-16 00:00:00,0.0525827600979024,-0.0836337927002574,0.1887993128960622,144.36,-38.147
37754,2003-05-17 00:00:00,0.0259684086073061,-0.1102412758352535,0.1621780930498658,144.36,-38.147
37755,2003-05-18 00:00:00,0.0726301817339196,-0.0638698052420961,0.2091301687099353,144.36,-38.147
37756,2003-05-19 00:00:00,0.2522853842294622,0.1158215321990552,0.388749236259869,144.36,-38.147
37757,2003-05-20 00:00:00,0.2631075545880228,0.1267162361227578,0.3994988730532878,144.36,-38.147
37758,2003-05-21 00:00:00,0.2183047333037543,0.0815583138168921,0.3550511527906166,144.36,-38.147
37759,2003-05-22 00:00:00,0.0532125162307707,-0.0833920970760498,0.1898171295375913,144.36,-38.147
37760,2003-05-23 00:00:00,0.0054300910429966,-0.130859917728461,0.1417200998144543,144.36,-38.147
37761,2003-05-24 00:00:00,0.0797340088572022,-0.0565182631624228,0.2159862808768272,144.36,-38.147
37762,2003-05-25 00:00:00,0.0530339782204979,-0.083206788579377,0.1892747450203729,144.36,-38.147
37763,2003-05-26 00:00:00,0.0047603549682958,-0.1314763881094764,0.140997098046068,144.36,-38.147
37764,2003-05-27 00:00:00,-0.0284284128806676,-0.1646449873005611,0.1077881615392258,144.36,-38.147
37765,2003-05-28 00:00:00,-0.0270541435132179,-0.1632551847503645,0.1091468977239287,144.36,-38.147
37766,2003-05-29 00:00:00,0.0093961205194666,-0.1268532315386954,0.1456454725776287,144.36,-38.147
37767,2003-05-30 00:00:00,0.0062003712463525,-0.1300625080937739,0.1424632505864791,144.36,-38.147
37768,2003-05-31 00:00:00,0.0427173303965575,-0.0936316086107315,0.1790662694038466,144.36,-38.147
37769,2003-06-01 00:00:00,0.09522080187139,-0.0412046152828735,0.2316462190256537,144.36,-38.147
37770,2003-06-02 00:00:00,0.1083192769710858,-0.0280955900650233,0.2447341440071949,144.36,-38.147
37771,2003-06-03 00:00:00,0.2439645889380877,0.1074959084817336,0.3804332693944418,144.36,-38.147
37772,2003-06-04 00:00:00,0.1149655062781245,-0.0215440823053577,0.2514750948616068,144.36,-38.147
37773,2003-06-05 00:00:00,0.2873605779801267,0.1506939229261961,0.4240272330340573,144.36,-38.147
37774,2003-06-06 00:00:00,0.2469766119854789,0.1059000869266857,0.3880531370442721,144.36,-38.147
37775,2003-06-07 00:00:00,0.3910185297837761,0.2510827635328693,0.5309542960346829,144.36,-38.147
37776,2003-06-08 00:00:00,0.0932751547514788,-0.0432344504669291,0.2297847599698869,144.36,-38.147
37777,2003-06-09 00:00:00,0.0221097035718899,-0.1140970206518447,0.1583164277956246,144.36,-38.147
37778,2003-06-10 00:00:00,0.0160741844730617,-0.1201476728476991,0.1522960417938225,144.36,-38.147
37779,2003-06-11 00:00:00,0.0337182922207168,-0.1026446392621598,0.1700812237035935,144.36,-38.147
37780,2003-06-12 00:00:00,0.0840211457770269,-0.0528050102161258,0.2208473017701798,144.36,-38.147
37781,2003-06-13 00:00:00,0.2407706422636113,0.1030946827684799,0.3784466017587428,144.36,-38.147
37782,2003-06-14 00:00:00,0.2974843806717028,0.1603130592131206,0.434655702130285,144.36,-38.147
37783,2003-06-15 00:00:00,0.0638994154161723,-0.0725680689924511,0.2003668998247959,144.36,-38.147
37784,2003-06-16 00:00:00,0.0809590845506738,-0.0553250408277997,0.2172432099291473,144.36,-38.147
37785,2003-06-17 00:00:00,0.0190556889423801,-0.1172277360582343,0.1553391139429946,144.36,-38.147
37786,2003-06-18 00:00:00,-0.0110816781661083,-0.1473383263148617,0.125174969982645,144.36,-38.147
37787,2003-06-19 00:00:00,0.018278616437056,-0.1179465726050935,0.1545038054792055,144.36,-38.147
37788,2003-06-20 00:00:00,0.0250385629621255,-0.111157734591457,0.1612348605157081,144.36,-38.147
37789,2003-06-21 00:00:00,0.0619229234469864,-0.0742974004130707,0.1981432473070437,144.36,-38.147
37790,2003-06-22 00:00:00,0.150752469587262,0.0143365521859345,0.2871683869885895,144.36,-38.147
37791,2003-06-23 00:00:00,0.1005236934826803,-0.0360378368975795,0.2370852238629401,144.36,-38.147
37792,2003-06-24 00:00:00,0.0094713331270526,-0.1267954971932438,0.1457381634473491,144.36,-38.147
37793,2003-06-25 00:00:00,0.0063785525257139,-0.1298561002418843,0.1426132052933122,144.36,-38.147
37794,2003-06-26 00:00:00,0.0299995646063742,-0.1063621780868839,0.1663613072996324,144.36,-38.147
37795,2003-06-27 00:00:00,0.0898980873699758,-0.0468129623968804,0.2266091371368321,144.36,-38.147
37796,2003-06-28 00:00:00,0.2209382616969887,0.0844875130200472,0.3573890103739303,144.36,-38.147
37797,2003-06-29 00:00:00,0.1595083471621359,0.0231088831988167,0.2959078111254551,144.36,-38.147
37798,2003-06-30 00:00:00,0.0987442222144657,-0.0381270314534934,0.2356154758824249,144.36,-38.147
37799,2003-07-01 00:00:00,0.0185553430039062,-0.1182216352161598,0.1553323212239724,144.36,-38.147
37800,2003-07-02 00:00:00,0.0109123889993557,-0.1256169815872205,0.1474417595859321,144.36,-38.147
37801,2003-07-03 00:00:00,0.0229019243849874,-0.1133469049194716,0.1591507536894464,144.36,-38.147
37802,2003-07-04 00:00:00,0.0224255238629195,-0.1137715277379839,0.1586225754638229,144.36,-38.147
37803,2003-07-05 00:00:00,0.0745014502337007,-0.0619185824136593,0.2109214828810608,144.36,-38.147
37804,2003-07-06 00:00:00,0.058264878472702,-0.0782174278589001,0.1947471848043043,144.36,-38.147
37805,2003-07-07 00:00:00,0.1178795906523259,-0.0190174615213206,0.2547766428259725,144.36,-38.147
37806,2003-07-08 00:00:00,0.1037189120195644,-0.0331265622449301,0.240564386284059,144.36,-38.147
37807,2003-07-09 00:00:00,0.0682464377415465,-0.0679844864707603,0.2044773619538533,144.36,-38.147
37808,2003-07-10 00:00:00,0.0144113610102908,-0.1217947899544333,0.150617511975015,144.36,-38.147
37809,2003-07-11 00:00:00,0.0413317545551502,-0.0950427132111473,0.1777062223214479,144.36,-38.147
37810,2003-07-12 00:00:00,0.3635387265622117,0.2248867860517815,0.5021906670726419,144.36,-38.147
37811,2003-07-13 00:00:00,0.0927670828983865,-0.0439742488969193,0.2295084146936925,144.36,-38.147
37812,2003-07-14 00:00:00,0.0145971909516923,-0.1218259752305428,0.1510203571339275,144.36,-38.147
37813,2003-07-15 00:00:00,0.0850559080229109,-0.0528294607978398,0.2229412768436617,144.36,-38.147
37814,2003-07-16 00:00:00,0.1290224151949492,-0.0081090341719879,0.2661538645618865,144.36,-38.147
37815,2003-07-17 00:00:00,0.0464077898150867,-0.0898191794387219,0.1826347590688954,144.36,-38.147
37816,2003-07-18 00:00:00,-0.0042099749713868,-0.1404369186846326,0.132016968741859,144.36,-38.147
37817,2003-07-19 00:00:00,-0.0493344888347545,-0.1855457492083692,0.08687677153886,144.36,-38.147
37818,2003-07-20 00:00:00,-0.0600076174571329,-0.1962017749731865,0.0761865400589206,144.36,-38.147
37819,2003-07-21 00:00:00,-0.0355853452557627,-0.1718170842256745,0.100646393714149,144.36,-38.147
37820,2003-07-22 00:00:00,0.0955354503113638,-0.0409478131227027,0.2320187137454304,144.36,-38.147
37821,2003-07-23 00:00:00,0.1152911750970651,-0.0212383040174752,0.2518206542116055,144.36,-38.147
37822,2003-07-24 00:00:00,0.3613628693339447,0.2228077267719916,0.4999180118958977,144.36,-38.147
37823,2003-07-25 00:00:00,0.256203953608634,0.1181277526761628,0.3942801545411052,144.36,-38.147
37824,2003-07-26 00:00:00,0.1816753373368995,0.0449978989694792,0.3183527757043198,144.36,-38.147
37825,2003-07-27 00:00:00,0.0168732286972088,-0.1195552617898722,0.1533017191842899,144.36,-38.147
37826,2003-07-28 00:00:00,0.0987054708673512,-0.0383958101019802,0.2358067518366826,144.36,-38.147
37827,2003-07-29 00:00:00,0.3904750438851228,0.2525668133681453,0.5283832744021002,144.36,-38.147
37828,2003-07-30 00:00:00,0.0202597583012452,-0.1166068133327509,0.1571263299352414,144.36,-38.147
37829,2003-07-31 00:00:00,-0.025360319616258,-0.1618875128424655,0.1111668736099494,144.36,-38.147
37830,2003-08-01 00:00:00,-0.0227860571142701,-0.159133332221168,0.1135612179926278,144.36,-38.147
37831,2003-08-02 00:00:00,0.0614982248351493,-0.0748520561431997,0.1978485058134985,144.36,-38.147
37832,2003-08-03 00:00:00,0.032543794609773,-0.1039540706489658,0.1690416598685119,144.36,-38.147
37833,2003-08-04 00:00:00,0.0865065672235806,-0.0510999354519784,0.2241130698991397,144.36,-38.147
37834,2003-08-05 00:00:00,0.1283136415779256,-0.0096852405758894,0.2663125237317407,144.36,-38.147
37835,2003-08-06 00:00:00,0.3441819397309507,0.2066226896034591,0.4817411898584422,144.36,-38.147
37836,2003-08-07 00:00:00,0.1264969281305489,-0.0101579592854257,0.2631518155465235,144.36,-38.147
37837,2003-08-08 00:00:00,0.1208782201765879,-0.0154924571141142,0.25724889746729,144.36,-38.147
37838,2003-08-09 00:00:00,0.1136819833493747,-0.0228372018320606,0.2502011685308102,144.36,-38.147
37839,2003-08-10 00:00:00,-0.0158983541535422,-0.1522510503553739,0.1204543420482894,144.36,-38.147
37840,2003-08-11 00:00:00,-0.015628368439957,-0.1519851932244914,0.1207284563445773,144.36,-38.147
37841,2003-08-12 00:00:00,0.0605855806053043,-0.0758878680552063,0.1970590292658149,144.36,-38.147
37842,2003-08-13 00:00:00,0.1621604464824901,0.0258166149854195,0.2985042779795606,144.36,-38.147
37843,2003-08-14 00:00:00,0.2209161419339381,0.0842867730387709,0.3575455108291053,144.36,-38.147
37844,2003-08-15 00:00:00,0.028492241508364,-0.1078635887325254,0.1648480717492534,144.36,-38.147
37845,2003-08-16 00:00:00,0.0127817196261485,-0.123413614486611,0.1489770537389081,144.36,-38.147
37846,2003-08-17 00:00:00,0.0521492275274906,-0.0841164651647936,0.1884149202197749,144.36,-38.147
37847,2003-08-18 00:00:00,0.1361672735346161,-0.0011860229755514,0.2735205700447837,144.36,-38.147
37848,2003-08-19 00:00:00,-0.0383210759042516,-0.1750868961501173,0.098444744341614,144.36,-38.147
37849,2003-08-20 00:00:00,-0.0375862744249699,-0.173772286317417,0.0985997374674771,144.36,-38.147
37850,2003-08-21 00:00:00,-0.0119125016599368,-0.1483914978188262,0.1245664944989524,144.36,-38.147
37851,2003-08-22 00:00:00,0.0999479045011267,-0.0368444000845348,0.2367402090867882,144.36,-38.147
37852,2003-08-23 00:00:00,0.1133125443388541,-0.023288477135718,0.2499135658134263,144.36,-38.147
37853,2003-08-24 00:00:00,0.1932032110302425,0.0542009577503351,0.3322054643101499,144.36,-38.147
37854,2003-08-25 00:00:00,0.4297978433856583,0.2899932201343476,0.569602466636969,144.36,-38.147
37855,2003-08-26 00:00:00,0.1293200155591628,-0.0072488680083506,0.2658888991266764,144.36,-38.147
37856,2003-08-27 00:00:00,0.1146895087428425,-0.0216750903907908,0.251054107876476,144.36,-38.147
37857,2003-08-28 00:00:00,0.0386203788778084,-0.0976485562675473,0.1748893140231643,144.36,-38.147
37858,2003-08-29 00:00:00,0.020232202955629,-0.116348001063601,0.1568124069748591,144.36,-38.147
37859,2003-08-30 00:00:00,0.2097153779603522,0.0708205384585448,0.3486102174621597,144.36,-38.147
37860,2003-08-31 00:00:00,0.1250788669372764,-0.0133480733105217,0.2635058071850745,144.36,-38.147
37861,2003-09-01 00:00:00,0.1474421678376482,0.0100242661632683,0.2848600695120281,144.36,-38.147
37862,2003-09-02 00:00:00,0.0829943146690016,-0.0533405680084571,0.2193291973464605,144.36,-38.147
37863,2003-09-03 00:00:00,0.0859603608587613,-0.0507430390122584,0.2226637607297811,144.36,-38.147
37864,2003-09-04 00:00:00,-0.0510431735414347,-0.1877890736741086,0.0857027265912391,144.36,-38.147
37865,2003-09-05 00:00:00,0.1611386717376851,0.0244737600606005,0.2978035834147696,144.36,-38.147
37866,2003-09-06 00:00:00,0.0918247734927502,-0.0446740499918159,0.2283235969773163,144.36,-38.147
37867,2003-09-07 00:00:00,0.037431102070687,-0.0988971318925299,0.1737593360339039,144.36,-38.147
37868,2003-09-08 00:00:00,-0.0479216468185162,-0.1842417043154076,0.088398410678375,144.36,-38.147
37869,2003-09-09 00:00:00,-0.0211084713114714,-0.1575247926730471,0.1153078500501041,144.36,-38.147
37870,2003-09-10 00:00:00,0.1435096302124812,0.0069676798811218,0.2800515805438405,144.36,-38.147
37871,2003-09-11 00:00:00,0.1068973421847568,-0.0293982956308376,0.2431929800003513,144.36,-38.147
37872,2003-09-12 00:00:00,0.2409570472973198,0.1041633095622107,0.377750785032429,144.36,-38.147
37873,2003-09-13 00:00:00,0.1160781866634187,-0.0207833719484238,0.2529397452752614,144.36,-38.147
37874,2003-09-14 00:00:00,0.3594460542826301,0.2223447436357006,0.4965473649295597,144.36,-38.147
37875,2003-09-15 00:00:00,0.4397244736516287,0.3024601095972763,0.5769888377059812,144.36,-38.147
37876,2003-09-16 00:00:00,0.3591323990628924,0.2218814543415623,0.4963833437842225,144.36,-38.147
37877,2003-09-17 00:00:00,0.3239686745879281,0.1866245997099498,0.4613127494659065,144.36,-38.147
37878,2003-09-18 00:00:00,0.3169805124689269,0.1793665789271959,0.4545944460106579,144.36,-38.147
37879,2003-09-19 00:00:00,0.2483437318777875,0.1102630009145657,0.3864244628410093,144.36,-38.147
37880,2003-09-20 00:00:00,0.1052084270071366,-0.0335526392884245,0.2439694933026978,144.36,-38.147
37881,2003-09-21 00:00:00,0.1486323328075756,0.0108357237729563,0.286428941842195,144.36,-38.147
37882,2003-09-22 00:00:00,0.1137876672909301,-0.0237913660037704,0.2513667005856309,144.36,-38.147
37883,2003-09-23 00:00:00,0.1508856367226527,0.0135604460439714,0.2882108274013341,144.36,-38.147
37884,2003-09-24 00:00:00,0.4343603151337113,0.2969311181242996,0.571789512143123,144.36,-38.147
37885,2003-09-25 00:00:00,0.3517998121805523,0.2128860338052758,0.4907135905558287,144.36,-38.147
37886,2003-09-26 00:00:00,0.2264758912329592,0.0892436265332574,0.363708155932661,144.36,-38.147
37887,2003-09-27 00:00:00,0.3176201070371138,0.180359383679302,0.4548808303949255,144.36,-38.147
37888,2003-09-28 00:00:00,0.0027725945829426,-0.1342561842423367,0.139801373408222,144.36,-38.147
37889,2003-09-29 00:00:00,0.1759647540368505,0.0392487352856614,0.3126807727880397,144.36,-38.147
37890,2003-09-30 00:00:00,0.012399776075942,-0.12389601115281,0.1486955633046942,144.36,-38.147
37891,2003-10-01 00:00:00,0.023334189888534,-0.113103822136718,0.1597722019137861,144.36,-38.147
37892,2003-10-02 00:00:00,0.0895267630223005,-0.0472669365232451,0.2263204625678463,144.36,-38.147
37893,2003-10-03 00:00:00,0.0793464604889722,-0.0574308008781591,0.2161237218561036,144.36,-38.147
37894,2003-10-04 00:00:00,0.0327042683375337,-0.1035833650870152,0.1689919017620826,144.36,-38.147
37895,2003-10-05 00:00:00,0.0282580952928739,-0.1079173861298872,0.1644335767156352,144.36,-38.147
37896,2003-10-06 00:00:00,0.0676020947538861,-0.0685814054877386,0.2037855949955109,144.36,-38.147
37897,2003-10-07 00:00:00,0.086150820793586,-0.050068804439492,0.2223704460266642,144.36,-38.147
37898,2003-10-08 00:00:00,0.1782542037523725,0.0418918819446243,0.3146165255601207,144.36,-38.147
37899,2003-10-09 00:00:00,0.0834962664714704,-0.0528525098352725,0.2198450427782134,144.36,-38.147
37900,2003-10-10 00:00:00,0.0553281536771063,-0.0818601718475413,0.192516479201754,144.36,-38.147
37901,2003-10-11 00:00:00,-0.0386662451766174,-0.1758912590088048,0.09855876865557,144.36,-38.147
37902,2003-10-12 00:00:00,-0.0807173660715245,-0.216983016383719,0.0555482842406699,144.36,-38.147
37903,2003-10-13 00:00:00,-0.0629359860236107,-0.19914708617912,0.0732751141318985,144.36,-38.147
37904,2003-10-14 00:00:00,-0.0308172312519517,-0.167044081833786,0.1054096193298826,144.36,-38.147
37905,2003-10-15 00:00:00,0.0589897173541123,-0.0774509913001215,0.1954304260083462,144.36,-38.147
37906,2003-10-16 00:00:00,0.1373037146262517,0.0008723752211839,0.2737350540313195,144.36,-38.147
37907,2003-10-17 00:00:00,0.0384750475309778,-0.0977459399801584,0.1746960350421141,144.36,-38.147
37908,2003-10-18 00:00:00,0.0064526801716043,-0.1297729010442305,0.1426782613874393,144.36,-38.147
37909,2003-10-19 00:00:00,0.2487576062565636,0.1119077844262222,0.3856074280869051,144.36,-38.147
37910,2003-10-20 00:00:00,0.2022584527070956,0.0654289675723819,0.3390879378418093,144.36,-38.147
37911,2003-10-21 00:00:00,0.2416411166326039,0.1049894496301981,0.3782927836350097,144.36,-38.147
37912,2003-10-22 00:00:00,0.1769841155601675,0.0405658318845417,0.3134023992357933,144.36,-38.147
37913,2003-10-23 00:00:00,0.0948156167143856,-0.0416514053593718,0.2312826387881432,144.36,-38.147
37914,2003-10-24 00:00:00,0.0716608360082773,-0.0648401975052685,0.2081618695218233,144.36,-38.147
37915,2003-10-25 00:00:00,0.0538127318117364,-0.0824172537885071,0.1900427174119801,144.36,-38.147
37916,2003-10-26 00:00:00,0.0820504495505845,-0.0543466704307976,0.2184475695319667,144.36,-38.147
37917,2003-10-27 00:00:00,0.0419574451861726,-0.0944301291908977,0.1783450195632431,144.36,-38.147
37918,2003-10-28 00:00:00,0.0303187036258646,-0.1060985458691906,0.16673595312092,144.36,-38.147
37919,2003-10-29 00:00:00,0.2244950546382705,0.0875912765209281,0.361398832755613,144.36,-38.147
37920,2003-10-30 00:00:00,0.1385526937520861,0.0018633572307726,0.2752420302733997,144.36,-38.147
37921,2003-10-31 00:00:00,0.1842762575503908,0.047753693546957,0.3207988215538246,144.36,-38.147
37922,2003-11-01 00:00:00,0.3508882968537213,0.2140656674789845,0.487710926228458,144.36,-38.147
37923,2003-11-02 00:00:00,0.0769064267641542,-0.0598209970655929,0.2136338505939015,144.36,-38.147
37924,2003-11-03 00:00:00,0.0424381888968776,-0.0942859046031488,0.1791622823969042,144.36,-38.147
37925,2003-11-04 00:00:00,0.0065654296923065,-0.1296466469902103,0.1427775063748233,144.36,-38.147
37926,2003-11-05 00:00:00,0.0739411290942331,-0.0623153046050982,0.2101975627935645,144.36,-38.147
37927,2003-11-06 00:00:00,0.0772339232368978,-0.059100741130667,0.2135685876044626,144.36,-38.147
37928,2003-11-07 00:00:00,0.0593087415998521,-0.0770141359274072,0.1956316191271116,144.36,-38.147
37929,2003-11-08 00:00:00,0.016745686357305,-0.1194473413041306,0.1529387140187407,144.36,-38.147
37930,2003-11-09 00:00:00,0.0254536657060862,-0.1107298592304022,0.1616371906425747,144.36,-38.147
37931,2003-11-10 00:00:00,0.0348687588013482,-0.1013167818409041,0.1710542994436006,144.36,-38.147
37932,2003-11-11 00:00:00,0.058724866386336,-0.0774936015937387,0.1949433343664108,144.36,-38.147
37933,2003-11-12 00:00:00,0.0470734184799335,-0.0892622122639857,0.1834090492238528,144.36,-38.147
37934,2003-11-13 00:00:00,-0.0209859057485505,-0.1573307920833945,0.1153589805862935,144.36,-38.147
37935,2003-11-14 00:00:00,-0.000459133035929,-0.1367276046131743,0.1358093385413162,144.36,-38.147
37936,2003-11-15 00:00:00,0.0901284304841171,-0.0463316122117026,0.2265884731799369,144.36,-38.147
37937,2003-11-16 00:00:00,0.0754321845316718,-0.061565827477065,0.2124301965404087,144.36,-38.147
37938,2003-11-17 00:00:00,-0.1064665963372799,-0.2436992429194168,0.030766050244857,144.36,-38.147
37939,2003-11-18 00:00:00,-0.0130784340391176,-0.1501399835113403,0.1239831154331049,144.36,-38.147
37940,2003-11-19 00:00:00,0.0666292337424696,-0.0698263833965757,0.203084850881515,144.36,-38.147
37941,2003-11-20 00:00:00,0.143692788341412,0.0073000959430809,0.280085480739743,144.36,-38.147
37942,2003-11-21 00:00:00,0.1069120922945018,-0.0293981464674528,0.2432223310564564,144.36,-38.147
37943,2003-11-22 00:00:00,0.0216884889280503,-0.1147800144381291,0.1581569922942297,144.36,-38.147
37944,2003-11-23 00:00:00,0.0447574929244062,-0.0918677100350502,0.1813826958838627,144.36,-38.147
37945,2003-11-24 00:00:00,0.0177819984442496,-0.1186585941262709,0.1542225910147701,144.36,-38.147
37946,2003-11-25 00:00:00,-0.0140649585673706,-0.1502758666745229,0.1221459495397816,144.36,-38.147
37947,2003-11-26 00:00:00,-0.0168864382908512,-0.1531198211820393,0.1193469446003367,144.36,-38.147
37948,2003-11-27 00:00:00,-0.0211786899700192,-0.1574633535973687,0.1151059736573302,144.36,-38.147
37949,2003-11-28 00:00:00,-0.0232768266207655,-0.1595389624390568,0.1129853091975256,144.36,-38.147
37950,2003-11-29 00:00:00,0.0032244332126007,-0.1330579542644686,0.1395068206896701,144.36,-38.147
37951,2003-11-30 00:00:00,0.0608486973727055,-0.0756995298415268,0.197396924586938,144.36,-38.147
37952,2003-12-01 00:00:00,0.0718571360982942,-0.06481960905279,0.2085338812493785,144.36,-38.147
37953,2003-12-02 00:00:00,-0.049523717862831,-0.1860132339234054,0.0869657981977434,144.36,-38.147
37954,2003-12-03 00:00:00,0.0712498575098291,-0.0651399320695007,0.207639647089159,144.36,-38.147
37955,2003-12-04 00:00:00,0.0695287338000531,-0.0667014108093865,0.2057588784094928,144.36,-38.147
37956,2003-12-05 00:00:00,0.0848654700943872,-0.0518779904718946,0.221608930660669,144.36,-38.147
37957,2003-12-06 00:00:00,-0.0136445338863908,-0.1501691443701627,0.1228800765973811,144.36,-38.147
37958,2003-12-07 00:00:00,-0.0120688875705193,-0.1483060721994879,0.1241682970584492,144.36,-38.147
37959,2003-12-08 00:00:00,0.0262058382930238,-0.1100249313817308,0.1624366079677786,144.36,-38.147
37960,2003-12-09 00:00:00,0.052826391919941,-0.0835453848474396,0.1891981686873218,144.36,-38.147
37961,2003-12-10 00:00:00,0.1412158301980898,0.0042408576113515,0.2781908027848281,144.36,-38.147
37962,2003-12-11 00:00:00,0.303796717590091,0.1667634165113675,0.4408300186688144,144.36,-38.147
37963,2003-12-12 00:00:00,0.1646662360459519,0.0280191829968662,0.3013132890950377,144.36,-38.147
37964,2003-12-13 00:00:00,0.3000388549256095,0.1634163907935924,0.4366613190576267,144.36,-38.147
37965,2003-12-14 00:00:00,0.0817954358283178,-0.0546070471416904,0.218197918798326,144.36,-38.147
37966,2003-12-15 00:00:00,0.0138440123693101,-0.1223740561889714,0.1500620809275917,144.36,-38.147
37967,2003-12-16 00:00:00,0.0030975104120626,-0.1331816953987331,0.1393767162228584,144.36,-38.147
37968,2003-12-17 00:00:00,0.0647200214492253,-0.0717729376173658,0.2012129805158165,144.36,-38.147
37969,2003-12-18 00:00:00,0.0037940438641521,-0.1326675695944222,0.1402556573227266,144.36,-38.147
37970,2003-12-19 00:00:00,0.0723791582340807,-0.0640681213175546,0.2088264377857161,144.36,-38.147
37971,2003-12-20 00:00:00,0.0710966410943477,-0.0651583622346174,0.2073516444233129,144.36,-38.147
37972,2003-12-21 00:00:00,0.0281796833793803,-0.1081753060342321,0.1645346727929928,144.36,-38.147
37973,2003-12-22 00:00:00,0.6638152850049999,0.5212334489804595,0.8063971210295402,144.36,-38.147
37974,2003-12-23 00:00:00,0.0772073830829964,-0.0628365474138864,0.2172513135798794,144.36,-38.147
37975,2003-12-24 00:00:00,0.0368849310637209,-0.0993857144842548,0.1731555766116969,144.36,-38.147
37976,2003-12-25 00:00:00,0.1948866600496352,0.0585755230469857,0.3311977970522848,144.36,-38.147
37977,2003-12-26 00:00:00,0.153328532662951,0.0169742932017624,0.2896827721241395,144.36,-38.147
37978,2003-12-27 00:00:00,0.1267523439315104,-0.009556121659502,0.263060809522523,144.36,-38.147
37979,2003-12-28 00:00:00,0.0353078381327692,-0.1009905264122628,0.1716062026778013,144.36,-38.147
37980,2003-12-29 00:00:00,-0.004748306665226,-0.141058359881025,0.131561746550573,144.36,-38.147
37981,2003-12-30 00:00:00,0.0812921615030046,-0.0551890657815221,0.2177733887875314,144.36,-38.147
37982,2003-12-31 00:00:00,0.1595535503759763,0.0231711467227874,0.2959359540291653,144.36,-38.147
37983,2004-01-01 00:00:00,0.1290919414637622,-0.0071457710574976,0.2653296539850222,144.36,-38.147
37984,2004-01-02 00:00:00,0.1077921067533827,-0.0284352626901924,0.244019476196958,144.36,-38.147
37985,2004-01-03 00:00:00,0.0990367872696204,-0.0372107485650081,0.235284323104249,144.36,-38.147
37986,2004-01-04 00:00:00,0.0909789881456149,-0.0454509449286898,0.2274089212199198,144.36,-38.147
37987,2004-01-05 00:00:00,0.1389613543351572,0.0024005771601623,0.2755221315101521,144.36,-38.147
37988,2004-01-06 00:00:00,0.0917256133551815,-0.0445173970253153,0.2279686237356783,144.36,-38.147
37989,2004-01-07 00:00:00,0.3192134036938019,0.1825231425922208,0.4559036647953831,144.36,-38.147
37990,2004-01-08 00:00:00,0.5272753860375554,0.389923683974002,0.6646270881011088,144.36,-38.147
37991,2004-01-09 00:00:00,0.1513715122493689,0.0143851905065938,0.288357833992144,144.36,-38.147
37992,2004-01-10 00:00:00,0.1764145214873897,0.0400655196520515,0.3127635233227279,144.36,-38.147
37993,2004-01-11 00:00:00,0.2002733727567975,0.0639390617052019,0.3366076838083932,144.36,-38.147
37994,2004-01-12 00:00:00,0.0525816191937879,-0.0836120932828023,0.1887753316703781,144.36,-38.147
37995,2004-01-13 00:00:00,0.0507903721397828,-0.0854595894131637,0.1870403336927294,144.36,-38.147
37996,2004-01-14 00:00:00,0.1611364630121721,0.0246659812585701,0.2976069447657741,144.36,-38.147
37997,2004-01-15 00:00:00,0.0365765571389911,-0.0997658409986966,0.172918955276679,144.36,-38.147
37998,2004-01-16 00:00:00,0.0416999474572388,-0.0945415229643977,0.1779414178788754,144.36,-38.147
37999,2004-01-17 00:00:00,0.192366626906921,0.0559122540714848,0.3288209997423572,144.36,-38.147
38000,2004-01-18 00:00:00,0.1032313532271966,-0.0332172120903044,0.2396799185446977,144.36,-38.147
38001,2004-01-19 00:00:00,-0.077779727919468,-0.2141079544943989,0.0585484986554628,144.36,-38.147
38002,2004-01-20 00:00:00,0.068164375736158,-0.0686330592411237,0.2049618107134398,144.36,-38.147
38003,2004-01-21 00:00:00,0.1658696262642096,0.0290814227810945,0.3026578297473248,144.36,-38.147
38004,2004-01-22 00:00:00,0.209202641761503,0.0726704456004835,0.3457348379225224,144.36,-38.147
38005,2004-01-23 00:00:00,0.0692848012613512,-0.0669194978703397,0.2054891003930421,144.36,-38.147
38006,2004-01-24 00:00:00,0.0647908525375827,-0.0714179354269818,0.2009996405021473,144.36,-38.147
38007,2004-01-25 00:00:00,0.0715135227104582,-0.0647265800129974,0.2077536254339139,144.36,-38.147
38008,2004-01-26 00:00:00,0.0234593011866096,-0.1129211026042342,0.1598397049774536,144.36,-38.147
38009,2004-01-27 00:00:00,0.0537826775761778,-0.0825509851794818,0.1901163403318375,144.36,-38.147
38010,2004-01-28 00:00:00,0.1403339433161639,0.0039395997776464,0.2767282868546813,144.36,-38.147
38011,2004-01-29 00:00:00,0.1508775262182528,0.0145039422662535,0.2872511101702522,144.36,-38.147
38012,2004-01-30 00:00:00,0.1158595520062663,-0.0204581692139466,0.2521772732264793,144.36,-38.147
38013,2004-01-31 00:00:00,0.1173846025390013,-0.0189519396556381,0.2537211447336409,144.36,-38.147
38014,2004-02-01 00:00:00,0.1307889749759128,-0.0054560789100164,0.2670340288618421,144.36,-38.147
38015,2004-02-02 00:00:00,0.1177519726713105,-0.0185332320025691,0.2540371773451902,144.36,-38.147
38016,2004-02-03 00:00:00,0.070592519943544,-0.0656964706207684,0.2068815105078565,144.36,-38.147
38017,2004-02-04 00:00:00,0.0351238438827773,-0.1011086101270067,0.1713562978925614,144.36,-38.147
38018,2004-02-05 00:00:00,0.0408955364920177,-0.0953171571107084,0.1771082300947438,144.36,-38.147
38019,2004-02-06 00:00:00,0.1116345464917425,-0.0246405513645412,0.2479096443480262,144.36,-38.147
38020,2004-02-07 00:00:00,0.0353213829688461,-0.1009589406457089,0.1716017065834011,144.36,-38.147
38021,2004-02-08 00:00:00,0.0070181207854925,-0.1293153421567151,0.1433515837277002,144.36,-38.147
38022,2004-02-09 00:00:00,0.1311961611015575,-0.0053795157656382,0.2677718379687532,144.36,-38.147
38023,2004-02-10 00:00:00,0.0468472992734991,-0.0894261120104198,0.1831207105574182,144.36,-38.147
38024,2004-02-11 00:00:00,0.0996330866899375,-0.0367623177327667,0.2360284911126419,144.36,-38.147
38025,2004-02-12 00:00:00,0.0642038084428947,-0.0722075929124136,0.2006152097982032,144.36,-38.147
38026,2004-02-13 00:00:00,0.0530283058894942,-0.0833105384292252,0.1893671502082138,144.36,-38.147
38027,2004-02-14 00:00:00,-0.0240371909893585,-0.160445246918865,0.112370864940148,144.36,-38.147
38028,2004-02-15 00:00:00,0.1075348433751815,-0.0288730562292632,0.2439427429796264,144.36,-38.147
38029,2004-02-16 00:00:00,0.1107675680605598,-0.0258771320981254,0.247412268219245,144.36,-38.147
38030,2004-02-17 00:00:00,-0.0237192467261901,-0.1602378007320635,0.1127993072796832,144.36,-38.147
38031,2004-02-18 00:00:00,0.0727250726597881,-0.0636668649226331,0.2091170102422093,144.36,-38.147
38032,2004-02-19 00:00:00,0.0485194462782788,-0.0879665055663752,0.1850053981229329,144.36,-38.147
38033,2004-02-20 00:00:00,0.0554732010559794,-0.081044197853879,0.1919905999658378,144.36,-38.147
38034,2004-02-21 00:00:00,0.2003083453082524,0.06354853665513,0.3370681539613749,144.36,-38.147
38035,2004-02-22 00:00:00,0.2047364996522284,0.0683483754548695,0.3411246238495874,144.36,-38.147
38036,2004-02-23 00:00:00,0.1155587091807906,-0.0209400516038366,0.2520574699654178,144.36,-38.147
38037,2004-02-24 00:00:00,0.0050707276369322,-0.1313133031842958,0.1414547584581604,144.36,-38.147
38038,2004-02-25 00:00:00,-0.0310650398891917,-0.1673779386795811,0.1052478589011975,144.36,-38.147
38039,2004-02-26 00:00:00,0.0004359465986305,-0.1358408158478329,0.136712709045094,144.36,-38.147
38040,2004-02-27 00:00:00,0.0992440204496501,-0.0370682337251157,0.235556274624416,144.36,-38.147
38041,2004-02-28 00:00:00,0.0760438338525193,-0.0601797698777992,0.2122674375828379,144.36,-38.147
38042,2004-02-29 00:00:00,0.2124455388434003,0.0757160994047733,0.3491749782820273,144.36,-38.147
38043,2004-03-01 00:00:00,-0.0205594683338133,-0.1570845062629853,0.1159655695953586,144.36,-38.147
38044,2004-03-02 00:00:00,-0.0494840163839782,-0.1857245369859452,0.0867565042179888,144.36,-38.147
38045,2004-03-03 00:00:00,0.002808309193257,-0.1334514824535051,0.1390681008400193,144.36,-38.147
38046,2004-03-04 00:00:00,-0.0024398813794157,-0.1393605831666071,0.1344808204077755,144.36,-38.147
38047,2004-03-05 00:00:00,0.0839362508629446,-0.0534646107776406,0.2213371125035299,144.36,-38.147
38048,2004-03-06 00:00:00,0.0226489246586325,-0.1137268752445317,0.1590247245617969,144.36,-38.147
38049,2004-03-07 00:00:00,0.0854172387987057,-0.0511591090961893,0.2219935866936008,144.36,-38.147
38050,2004-03-08 00:00:00,0.0932643800062424,-0.0430648160358882,0.229593576048373,144.36,-38.147
38051,2004-03-09 00:00:00,0.1535983882288304,0.0172304594207188,0.289966317036942,144.36,-38.147
38052,2004-03-10 00:00:00,0.1208243639139447,-0.0156843900431976,0.257333117871087,144.36,-38.147
38053,2004-03-11 00:00:00,-0.0212690149418855,-0.1575158903236679,0.1149778604398969,144.36,-38.147
38054,2004-03-12 00:00:00,0.045982787804838,-0.0902566795205253,0.1822222551302014,144.36,-38.147
38055,2004-03-13 00:00:00,0.0631791871616795,-0.0730067066716036,0.1993650809949628,144.36,-38.147
38056,2004-03-14 00:00:00,0.0271547429552976,-0.1090143022907535,0.1633237882013488,144.36,-38.147
38057,2004-03-15 00:00:00,0.0610697233179,-0.0751248765596439,0.1972643231954439,144.36,-38.147
38058,2004-03-16 00:00:00,0.0520675915455973,-0.084140421796892,0.1882756048880867,144.36,-38.147
38059,2004-03-17 00:00:00,0.0451824608271903,-0.0909912454634879,0.1813561671178686,144.36,-38.147
38060,2004-03-18 00:00:00,0.058349749645204,-0.0778780186617041,0.1945775179521123,144.36,-38.147
38061,2004-03-19 00:00:00,0.0761348502874914,-0.060151668103044,0.2124213686780268,144.36,-38.147
38062,2004-03-20 00:00:00,0.1022665972618371,-0.0339776177695589,0.2385108122932332,144.36,-38.147
38063,2004-03-21 00:00:00,0.0614403463220218,-0.0748922152330071,0.1977729078770507,144.36,-38.147
38064,2004-03-22 00:00:00,-0.017625586829971,-0.1539053383916714,0.1186541647317293,144.36,-38.147
38065,2004-03-23 00:00:00,-0.0048148127260391,-0.1410789826107113,0.131449357158633,144.36,-38.147
38066,2004-03-24 00:00:00,-0.0082218485124411,-0.1444122667117392,0.1279685696868569,144.36,-38.147
38067,2004-03-25 00:00:00,0.1089974491553788,-0.0272945403426486,0.2452894386534063,144.36,-38.147
38068,2004-03-26 00:00:00,0.143159399673911,0.0067559971573764,0.2795628021904456,144.36,-38.147
38069,2004-03-27 00:00:00,0.0360613136279225,-0.10019907066317,0.1723216979190152,144.36,-38.147
38070,2004-03-28 00:00:00,-0.0200992655276799,-0.1563801050997442,0.1161815740443842,144.36,-38.147
38071,2004-03-29 00:00:00,0.164429187518745,0.0277182759554235,0.3011400990820664,144.36,-38.147
38072,2004-03-30 00:00:00,0.1901770208184832,0.0533280628125137,0.3270259788244528,144.36,-38.147
38073,2004-03-31 00:00:00,0.0454907178266065,-0.0908229571660073,0.1818043928192204,144.36,-38.147
38074,2004-04-01 00:00:00,0.1985926845757289,0.0618737087529141,0.3353116603985439,144.36,-38.147
38075,2004-04-02 00:00:00,0.0669254258527187,-0.0698623693617069,0.2037132210671444,144.36,-38.147
38076,2004-04-03 00:00:00,0.0140458110610993,-0.1222050410029897,0.1502966631251884,144.36,-38.147
38077,2004-04-04 00:00:00,-0.036459899488781,-0.1727466413165009,0.0998268423389388,144.36,-38.147
38078,2004-04-05 00:00:00,-0.1236374564801441,-0.2603578521446412,0.0130829391843528,144.36,-38.147
38079,2004-04-06 00:00:00,0.0643808614518303,-0.0725734926711128,0.2013352155747734,144.36,-38.147
38080,2004-04-07 00:00:00,-0.0042703894506537,-0.1407829358038434,0.1322421569025358,144.36,-38.147
38081,2004-04-08 00:00:00,-0.0565410423109963,-0.192767221060977,0.0796851364389843,144.36,-38.147
38082,2004-04-09 00:00:00,0.0007480052884565,-0.1354368736158083,0.1369328841927215,144.36,-38.147
38083,2004-04-10 00:00:00,-0.0203614624417028,-0.1565847343356139,0.1158618094522082,144.36,-38.147
38084,2004-04-11 00:00:00,0.062530704389139,-0.0738408723088709,0.1989022810871489,144.36,-38.147
38085,2004-04-12 00:00:00,0.0230903495204856,-0.1132217329717919,0.1594024320127632,144.36,-38.147
38086,2004-04-13 00:00:00,-0.0223398300839725,-0.1585332327181277,0.1138535725501826,144.36,-38.147
38087,2004-04-14 00:00:00,0.0614554414235389,-0.0748553588426584,0.1977662416897363,144.36,-38.147
38088,2004-04-15 00:00:00,0.1484343490743863,0.0120184896241896,0.284850208524583,144.36,-38.147
38089,2004-04-16 00:00:00,0.088808064756345,-0.0475500306992,0.2251661602118902,144.36,-38.147
38090,2004-04-17 00:00:00,0.1538846584157461,0.0172325223756706,0.2905367944558216,144.36,-38.147
38091,2004-04-18 00:00:00,0.0346866853778816,-0.1017784073920779,0.1711517781478412,144.36,-38.147
38092,2004-04-19 00:00:00,0.0037271586500156,-0.1324804300826846,0.139934747382716,144.36,-38.147
38093,2004-04-20 00:00:00,0.0173127085155987,-0.1188649714114073,0.1534903884426048,144.36,-38.147
38094,2004-04-21 00:00:00,0.0257954610592597,-0.1104042602855563,0.1619951824040758,144.36,-38.147
38095,2004-04-22 00:00:00,0.045050164020381,-0.091217443179531,0.1813177712202932,144.36,-38.147
38096,2004-04-23 00:00:00,0.1183752657126733,-0.0182476346264174,0.254998166051764,144.36,-38.147
38097,2004-04-24 00:00:00,-0.0330654149641207,-0.1711173892094426,0.1049865592812011,144.36,-38.147
38098,2004-04-25 00:00:00,-0.0515166945250453,-0.1889125602079017,0.085879171157811,144.36,-38.147
38099,2004-04-26 00:00:00,0.0238921808166569,-0.1123234507797657,0.1601078124130796,144.36,-38.147
38100,2004-04-27 00:00:00,-0.0030515795710683,-0.1392998353092221,0.1331966761670854,144.36,-38.147
38101,2004-04-28 00:00:00,-0.0538484039580507,-0.1900843648512851,0.0823875569351836,144.36,-38.147
38102,2004-04-29 00:00:00,0.0572428704620134,-0.0790727730491745,0.1935585139732013,144.36,-38.147
38103,2004-04-30 00:00:00,0.222919871544496,0.0866183399722834,0.3592214031167086,144.36,-38.147
38104,2004-05-01 00:00:00,0.2260509259110546,0.0895785756796376,0.3625232761424716,144.36,-38.147
38105,2004-05-02 00:00:00,0.1520036347244132,0.0153977308604177,0.2886095385884086,144.36,-38.147
38106,2004-05-03 00:00:00,0.0913740049771499,-0.0456259262398909,0.2283739361941908,144.36,-38.147
38107,2004-05-04 00:00:00,0.1377873114769557,0.0007707655863024,0.2748038573676089,144.36,-38.147
38108,2004-05-05 00:00:00,0.0764633758952429,-0.0602534430715065,0.2131801948619925,144.36,-38.147
38109,2004-05-06 00:00:00,0.0109795743144323,-0.125283773825164,0.1472429224540287,144.36,-38.147
38110,2004-05-07 00:00:00,0.0286244820258851,-0.1075677097142649,0.1648166737660351,144.36,-38.147
38111,2004-05-08 00:00:00,0.0410347502605069,-0.0951227702076127,0.1771922707286266,144.36,-38.147
38112,2004-05-09 00:00:00,0.0021868740436261,-0.1340139231531724,0.1383876712404248,144.36,-38.147
38113,2004-05-10 00:00:00,-0.0344013241458724,-0.1706454629986566,0.1018428147069117,144.36,-38.147
38114,2004-05-11 00:00:00,-0.0294711784489267,-0.1657883674917397,0.1068460105938863,144.36,-38.147
38115,2004-05-12 00:00:00,-0.0119443306947341,-0.1483198043067789,0.1244311429173107,144.36,-38.147
38116,2004-05-13 00:00:00,0.0144020754555505,-0.12185849977114,0.1506626506822411,144.36,-38.147
38117,2004-05-14 00:00:00,0.0470830530561946,-0.0891626027956925,0.1833287089080817,144.36,-38.147
38118,2004-05-15 00:00:00,0.0670811163657929,-0.0691349374433918,0.2032971701749777,144.36,-38.147
38119,2004-05-16 00:00:00,0.263363744534741,0.1269538007141783,0.3997736883553036,144.36,-38.147
38120,2004-05-17 00:00:00,0.0518621599375376,-0.0845158426078948,0.1882401624829701,144.36,-38.147
38121,2004-05-18 00:00:00,0.1142493822050151,-0.0225996631329455,0.2510984275429759,144.36,-38.147
38122,2004-05-19 00:00:00,0.1786721331821816,0.0415067255022879,0.3158375408620752,144.36,-38.147
38123,2004-05-20 00:00:00,0.1247321792601713,-0.0117940445470507,0.2612584030673934,144.36,-38.147
38124,2004-05-21 00:00:00,0.0692388047808519,-0.0673461777599843,0.2058237873216882,144.36,-38.147
38125,2004-05-22 00:00:00,0.0009188833400928,-0.1352969276498124,0.1371346943299982,144.36,-38.147
38126,2004-05-23 00:00:00,0.0020767860893135,-0.1343902519461307,0.1385438241247578,144.36,-38.147
38127,2004-05-24 00:00:00,0.1131788424642681,-0.0233501417811389,0.2497078267096752,144.36,-38.147
38128,2004-05-25 00:00:00,0.1355746222525331,-0.0007774208032619,0.2719266653083282,144.36,-38.147
38129,2004-05-26 00:00:00,0.1006947197982641,-0.0355136117638625,0.2369030513603907,144.36,-38.147
38130,2004-05-27 00:00:00,0.0967327818103118,-0.0395348504402879,0.2330004140609115,144.36,-38.147
38131,2004-05-28 00:00:00,0.1104977661007021,-0.0259570685545871,0.2469526007559913,144.36,-38.147
38132,2004-05-29 00:00:00,0.1105569431649535,-0.0260169351282988,0.247130821458206,144.36,-38.147
38133,2004-05-30 00:00:00,0.0472206804880355,-0.0891415645472797,0.1835829255233508,144.36,-38.147
38134,2004-05-31 00:00:00,0.05936990715381,-0.0771975613999669,0.1959373757075871,144.36,-38.147
38135,2004-06-01 00:00:00,0.114267603215474,-0.0226292137633177,0.2511644201942658,144.36,-38.147
38136,2004-06-02 00:00:00,0.1017494942472878,-0.0349417094139194,0.2384406979084952,144.36,-38.147
38137,2004-06-03 00:00:00,0.1859496813493836,0.0494340520746495,0.3224653106241177,144.36,-38.147
38138,2004-06-04 00:00:00,0.1131496479841337,-0.0234649642840814,0.249764260252349,144.36,-38.147
38139,2004-06-05 00:00:00,0.0029860161037329,-0.1334159943620621,0.139388026569528,144.36,-38.147
38140,2004-06-06 00:00:00,-0.0174163159696672,-0.1536595841847879,0.1188269522454534,144.36,-38.147
38141,2004-06-07 00:00:00,0.0305779916097399,-0.1056844708856504,0.1668404541051303,144.36,-38.147
38142,2004-06-08 00:00:00,0.0835616239516312,-0.05270699336148,0.2198302412647424,144.36,-38.147
38143,2004-06-09 00:00:00,0.1031225478400402,-0.0335910143093249,0.2398361099894053,144.36,-38.147
38144,2004-06-10 00:00:00,0.1893322673424204,0.0525668771522273,0.3260976575326135,144.36,-38.147
38145,2004-06-11 00:00:00,0.002117711350011,-0.1342051971827828,0.1384406198828048,144.36,-38.147
38146,2004-06-12 00:00:00,-0.0315875290178549,-0.167892358374927,0.1047173003392171,144.36,-38.147
38147,2004-06-13 00:00:00,0.0239626598830356,-0.1127218145933506,0.1606471343594219,144.36,-38.147
38148,2004-06-14 00:00:00,0.2330465391170413,0.0958861880649919,0.3702068901690907,144.36,-38.147
38149,2004-06-15 00:00:00,0.3721967728496895,0.2340195946886284,0.5103739510107506,144.36,-38.147
38150,2004-06-16 00:00:00,0.0721510322116745,-0.0647663819793542,0.2090684464027033,144.36,-38.147
38151,2004-06-17 00:00:00,-0.0056572407624489,-0.1420513495012158,0.1307368679763178,144.36,-38.147
38152,2004-06-18 00:00:00,0.211462058475854,0.0735552777829074,0.3493688391688005,144.36,-38.147
38153,2004-06-19 00:00:00,0.3715203668469705,0.2338547231615734,0.5091860105323676,144.36,-38.147
38154,2004-06-20 00:00:00,0.2529597773327636,0.1153669784298844,0.3905525762356427,144.36,-38.147
38155,2004-06-21 00:00:00,0.08050261440353,-0.0560504057429039,0.217055634549964,144.36,-38.147
38156,2004-06-22 00:00:00,0.0007065452520921,-0.1355747110114153,0.1369878015155996,144.36,-38.147
38157,2004-06-23 00:00:00,0.0025975530004507,-0.1338802079005449,0.1390753139014465,144.36,-38.147
38158,2004-06-24 00:00:00,0.2264732072277817,0.0893447300058188,0.3636016844497446,144.36,-38.147
38159,2004-06-25 00:00:00,0.173601151971739,0.0361071017466993,0.3110952021967786,144.36,-38.147
38160,2004-06-26 00:00:00,0.2879733492882766,0.1502243214528768,0.4257223771236765,144.36,-38.147
38161,2004-06-27 00:00:00,0.0118268604089603,-0.1247294798668936,0.1483832006848143,144.36,-38.147
38162,2004-06-28 00:00:00,0.0979996283738751,-0.0393388847568776,0.235338141504628,144.36,-38.147
38163,2004-06-29 00:00:00,0.2271140907303277,0.0899063503974554,0.3643218310632001,144.36,-38.147
38164,2004-06-30 00:00:00,0.1996036181336629,0.0618181051250697,0.337389131142256,144.36,-38.147
38165,2004-07-01 00:00:00,0.190673570032929,0.0519766882133314,0.3293704518525266,144.36,-38.147
38166,2004-07-02 00:00:00,0.0889829045737461,-0.0493437674956981,0.2273095766431904,144.36,-38.147
38167,2004-07-03 00:00:00,0.0487656889042451,-0.0879383701391406,0.1854697479476309,144.36,-38.147
38168,2004-07-04 00:00:00,0.3148149122760015,0.1776026391522251,0.4520271853997779,144.36,-38.147
38169,2004-07-05 00:00:00,0.2909917662109603,0.1530530021714879,0.4289305302504327,144.36,-38.147
38170,2004-07-06 00:00:00,0.1048812189228522,-0.0322798002394237,0.2420422380851283,144.36,-38.147
38171,2004-07-07 00:00:00,0.1668402680785221,0.0296852807240942,0.3039952554329499,144.36,-38.147
38172,2004-07-08 00:00:00,-0.0001482907745859,-0.136936826753985,0.1366402452048131,144.36,-38.147
38173,2004-07-09 00:00:00,-0.0124344940036145,-0.1491887588967595,0.1243197708895303,144.36,-38.147
38174,2004-07-10 00:00:00,0.0370152821531018,-0.1001648745824449,0.1741954388886485,144.36,-38.147
38175,2004-07-11 00:00:00,0.0837704343779259,-0.0528260817444919,0.2203669505003438,144.36,-38.147
38176,2004-07-12 00:00:00,0.1958023665875405,0.0593975783835098,0.3322071547915711,144.36,-38.147
38177,2004-07-13 00:00:00,0.069565104048763,-0.0667429316026353,0.2058731397001614,144.36,-38.147
38178,2004-07-14 00:00:00,0.0724018111593311,-0.064315924115412,0.2091195464340742,144.36,-38.147
38179,2004-07-15 00:00:00,0.0295608710557288,-0.1069080905426583,0.1660298326541161,144.36,-38.147
38180,2004-07-16 00:00:00,0.0874152794292913,-0.0493272077669615,0.2241577666255441,144.36,-38.147
38181,2004-07-17 00:00:00,0.0744289098376178,-0.0636076277608717,0.2124654474361074,144.36,-38.147
38182,2004-07-18 00:00:00,-0.1095565922653908,-0.2469727108389887,0.027859526308207,144.36,-38.147
38183,2004-07-19 00:00:00,-0.0608961215881526,-0.197342263971367,0.0755500207950617,144.36,-38.147
38184,2004-07-20 00:00:00,-0.0242604614894856,-0.1605136744392983,0.1119927514603269,144.36,-38.147
38185,2004-07-21 00:00:00,0.0016045019858007,-0.134610865297469,0.1378198692690704,144.36,-38.147
38186,2004-07-22 00:00:00,-0.0479246280874384,-0.1841256808187593,0.0882764246438823,144.36,-38.147
38187,2004-07-23 00:00:00,-0.0195667585683446,-0.1558068905974978,0.1166733734608085,144.36,-38.147
38188,2004-07-24 00:00:00,0.0484974906749113,-0.0878192264731854,0.1848142078230082,144.36,-38.147
38189,2004-07-25 00:00:00,0.1954738522331984,0.0589702083655217,0.331977496100875,144.36,-38.147
38190,2004-07-26 00:00:00,0.1471501556411504,0.0106732647769284,0.2836270465053724,144.36,-38.147
38191,2004-07-27 00:00:00,0.1190654414682861,-0.0175372718848212,0.2556681548213935,144.36,-38.147
38192,2004-07-28 00:00:00,0.1496988104219142,0.0129674468048931,0.2864301740389353,144.36,-38.147
38193,2004-07-29 00:00:00,0.0754986055549477,-0.0608091684671979,0.2118063795770934,144.36,-38.147
38194,2004-07-30 00:00:00,0.0701298469629566,-0.0660711544166422,0.2063308483425555,144.36,-38.147
38195,2004-07-31 00:00:00,0.0246047021145458,-0.1116067511019116,0.1608161553310033,144.36,-38.147
38196,2004-08-01 00:00:00,0.023773146408666,-0.1124607206074694,0.1600070134248015,144.36,-38.147
38197,2004-08-02 00:00:00,0.0751716512042786,-0.0610771311136894,0.2114204335222466,144.36,-38.147
38198,2004-08-03 00:00:00,0.301713926374458,0.1652637420724216,0.4381641106764944,144.36,-38.147
38199,2004-08-04 00:00:00,0.29271334362604,0.1562283254803307,0.4291983617717494,144.36,-38.147
38200,2004-08-05 00:00:00,0.196384910812121,0.0600634737993889,0.3327063478248531,144.36,-38.147
38201,2004-08-06 00:00:00,0.151160238866834,0.0149103157189795,0.2874101620146885,144.36,-38.147
38202,2004-08-07 00:00:00,0.1019283207508017,-0.0342717726719428,0.2381284141735463,144.36,-38.147
38203,2004-08-08 00:00:00,0.108165431672766,-0.0280848543338061,0.2444157176793381,144.36,-38.147
38204,2004-08-09 00:00:00,0.2000300357764057,0.0634453235234645,0.3366147480293469,144.36,-38.147
38205,2004-08-10 00:00:00,0.1726576750848655,0.0360507590793111,0.3092645910904199,144.36,-38.147
38206,2004-08-11 00:00:00,0.1303158945660324,-0.006091899667847,0.2667236887999119,144.36,-38.147
38207,2004-08-12 00:00:00,0.1254771595400902,-0.0111110123128447,0.2620653313930252,144.36,-38.147
38208,2004-08-13 00:00:00,0.0724646728147338,-0.0654771700176224,0.2104065156470902,144.36,-38.147
38209,2004-08-14 00:00:00,0.3967258752754837,0.258483810114274,0.5349679404366934,144.36,-38.147
38210,2004-08-15 00:00:00,0.1059254191151427,-0.0309582053300195,0.242809043560305,144.36,-38.147
38211,2004-08-16 00:00:00,0.0116882477736901,-0.124561828569326,0.1479383241167064,144.36,-38.147
38212,2004-08-17 00:00:00,0.0242796363444219,-0.1119043952648462,0.1604636679536901,144.36,-38.147
38213,2004-08-18 00:00:00,0.049796274993641,-0.0864145879837752,0.1860071379710574,144.36,-38.147
38214,2004-08-19 00:00:00,0.0390643548876922,-0.0971382807140266,0.175266990489411,144.36,-38.147
38215,2004-08-20 00:00:00,0.0907523000993938,-0.0455219122426075,0.2270265124413952,144.36,-38.147
38216,2004-08-21 00:00:00,0.1645346174795838,0.028079459210617,0.3009897757485507,144.36,-38.147
38217,2004-08-22 00:00:00,0.1555677841939656,0.0191816795968619,0.2919538887910693,144.36,-38.147
38218,2004-08-23 00:00:00,0.0950082741663617,-0.0412273037176642,0.2312438520503877,144.36,-38.147
38219,2004-08-24 00:00:00,0.0456065529366111,-0.0906235574770896,0.1818366633503119,144.36,-38.147
38220,2004-08-25 00:00:00,0.0717687986393149,-0.0646924867757034,0.2082300840543333,144.36,-38.147
38221,2004-08-26 00:00:00,0.0731890630730433,-0.0638890990329438,0.2102672251790305,144.36,-38.147
38222,2004-08-27 00:00:00,0.1362103040896679,-0.0006846158625089,0.2731052240418448,144.36,-38.147
38223,2004-08-28 00:00:00,0.0606938387714594,-0.0756663333594192,0.1970540109023381,144.36,-38.147
38224,2004-08-29 00:00:00,0.0641860750119459,-0.0721234179646948,0.2004955679885866,144.36,-38.147
38225,2004-08-30 00:00:00,0.1201662400155594,-0.0162784821692981,0.256610962200417,144.36,-38.147
38226,2004-08-31 00:00:00,0.073554153669627,-0.0632498436300449,0.210358150969299,144.36,-38.147
38227,2004-09-01 00:00:00,0.0302462725951421,-0.1061710995118132,0.1666636447020975,144.36,-38.147
38228,2004-09-02 00:00:00,0.0292492781489558,-0.1069355663028402,0.1654341226007518,144.36,-38.147
38229,2004-09-03 00:00:00,0.0348269609053808,-0.1013566015208473,0.171010523331609,144.36,-38.147
38230,2004-09-04 00:00:00,0.0729977934867552,-0.0633480187127052,0.2093436056862156,144.36,-38.147
38231,2004-09-05 00:00:00,-0.0135789964594137,-0.1498487375843697,0.1226907446655422,144.36,-38.147
38232,2004-09-06 00:00:00,0.0039880597628836,-0.1322003031478551,0.1401764226736225,144.36,-38.147
38233,2004-09-07 00:00:00,0.005229353403342,-0.1312023373630835,0.1416610441697676,144.36,-38.147
38234,2004-09-08 00:00:00,0.1956386195528176,0.058890306994919,0.3323869321107162,144.36,-38.147
38235,2004-09-09 00:00:00,0.2072236373070244,0.0708246691684849,0.343622605445564,144.36,-38.147
38236,2004-09-10 00:00:00,0.1268464937126297,-0.0094535100964457,0.2631464975217052,144.36,-38.147
38237,2004-09-11 00:00:00,0.2103273531864659,0.073830519198461,0.3468241871744709,144.36,-38.147
38238,2004-09-12 00:00:00,0.1199747256946619,-0.0167214752332393,0.2566709266225632,144.36,-38.147
38239,2004-09-13 00:00:00,0.0564599857348997,-0.0800736701815764,0.1929936416513758,144.36,-38.147
38240,2004-09-14 00:00:00,0.0567082423180994,-0.0796731406013866,0.1930896252375855,144.36,-38.147
38241,2004-09-15 00:00:00,0.144010637768868,0.00740811557958,0.2806131599581559,144.36,-38.147
38242,2004-09-16 00:00:00,0.0925132815906898,-0.0440335648927071,0.2290601280740868,144.36,-38.147
38243,2004-09-17 00:00:00,0.0760884154224238,-0.0601944333701145,0.2123712642149621,144.36,-38.147
38244,2004-09-18 00:00:00,0.0425254484197294,-0.0936733093692087,0.1787242062086677,144.36,-38.147
38245,2004-09-19 00:00:00,0.0273835196639765,-0.1087911250642842,0.1635581643922373,144.36,-38.147
38246,2004-09-20 00:00:00,-0.0215259929567753,-0.1577436138944314,0.1146916279808807,144.36,-38.147
38247,2004-09-21 00:00:00,0.0013943808876899,-0.1348580036234068,0.1376467653987866,144.36,-38.147
38248,2004-09-22 00:00:00,0.0517733902113678,-0.0846601717359198,0.1882069521586555,144.36,-38.147
38249,2004-09-23 00:00:00,0.2399391428148239,0.1033479446590117,0.3765303409706361,144.36,-38.147
38250,2004-09-24 00:00:00,0.0997201484555525,-0.036517924975249,0.235958221886354,144.36,-38.147
38251,2004-09-25 00:00:00,0.0835220505488182,-0.0526466745953399,0.2196907756929764,144.36,-38.147
38252,2004-09-26 00:00:00,0.0533729789829951,-0.0829239629796588,0.1896699209456492,144.36,-38.147
38253,2004-09-27 00:00:00,0.1804672549486516,0.0433019371089468,0.3176325727883565,144.36,-38.147
38254,2004-09-28 00:00:00,0.0538164814136784,-0.0824682906618658,0.1901012534892228,144.36,-38.147
38255,2004-09-29 00:00:00,0.1071834806971718,-0.0290718697138579,0.2434388311082017,144.36,-38.147
38256,2004-09-30 00:00:00,0.0723089120358563,-0.0639745819154489,0.2085924059871615,144.36,-38.147
38257,2004-10-01 00:00:00,0.0184526102694108,-0.1178294420176698,0.1547346625564915,144.36,-38.147
38258,2004-10-02 00:00:00,0.0837543714059199,-0.0526781784711707,0.2201869212830107,144.36,-38.147
38259,2004-10-03 00:00:00,0.1103053671269441,-0.0260451279834571,0.2466558622373454,144.36,-38.147
38260,2004-10-04 00:00:00,0.14640104742133,0.0101023043123696,0.2826997905302904,144.36,-38.147
38261,2004-10-05 00:00:00,0.1051766400623495,-0.0310684580944571,0.2414217382191562,144.36,-38.147
38262,2004-10-06 00:00:00,0.0473818004464944,-0.0888433735450003,0.1836069744379891,144.36,-38.147
38263,2004-10-07 00:00:00,0.0211351121041026,-0.1156679999853075,0.1579382241935129,144.36,-38.147
38264,2004-10-08 00:00:00,0.3495741729014462,0.2114498768549247,0.4876984689479677,144.36,-38.147
38265,2004-10-09 00:00:00,0.0450959938479048,-0.0913652039623548,0.1815571916581646,144.36,-38.147
38266,2004-10-10 00:00:00,-0.0040094597531534,-0.1402221571916115,0.1322032376853046,144.36,-38.147
38267,2004-10-11 00:00:00,0.0484557069294595,-0.0883045298588032,0.1852159437177223,144.36,-38.147
38268,2004-10-12 00:00:00,0.1158675308449687,-0.0209951908814139,0.2527302525713513,144.36,-38.147
38269,2004-10-13 00:00:00,0.2126310290207798,0.0759443021314565,0.349317755910103,144.36,-38.147
38270,2004-10-14 00:00:00,0.2102636601767737,0.0738569339729149,0.3466703863806324,144.36,-38.147
38271,2004-10-15 00:00:00,0.2036027456490634,0.0670173718683801,0.3401881194297468,144.36,-38.147
38272,2004-10-16 00:00:00,0.0039308023297849,-0.1324532197723567,0.1403148244319266,144.36,-38.147
38273,2004-10-17 00:00:00,-0.0008491201106707,-0.1370476295795709,0.1353493893582295,144.36,-38.147
38274,2004-10-18 00:00:00,0.0052148811387559,-0.1310051838615624,0.1414349461390743,144.36,-38.147
38275,2004-10-19 00:00:00,-0.046706575830191,-0.182948966425851,0.089535814765469,144.36,-38.147
38276,2004-10-20 00:00:00,-0.0372567729261586,-0.1734747548728833,0.098961209020566,144.36,-38.147
38277,2004-10-21 00:00:00,0.0108237671330394,-0.1253998260994606,0.1470473603655395,144.36,-38.147
38278,2004-10-22 00:00:00,0.0622318135633878,-0.074138179327502,0.1986018064542778,144.36,-38.147
38279,2004-10-23 00:00:00,0.0920128994792024,-0.0443216613621964,0.2283474603206013,144.36,-38.147
38280,2004-10-24 00:00:00,0.0985345285859545,-0.0379001390991493,0.2349691962710585,144.36,-38.147
38281,2004-10-25 00:00:00,0.0305653196129208,-0.1057504057863598,0.1668810450122016,144.36,-38.147
38282,2004-10-26 00:00:00,0.0290466385297192,-0.1072059520172453,0.1652992290766838,144.36,-38.147
38283,2004-10-27 00:00:00,0.2442694470317072,0.107031697660609,0.3815071964028054,144.36,-38.147
38284,2004-10-28 00:00:00,0.0743300126316892,-0.063095762971798,0.2117557882351765,144.36,-38.147
38285,2004-10-29 00:00:00,-0.0509244222377114,-0.1873590377926404,0.0855101933172175,144.36,-38.147
38286,2004-10-30 00:00:00,-0.0691513744726617,-0.2053671707563103,0.0670644218109868,144.36,-38.147
38287,2004-10-31 00:00:00,-0.0263400606264731,-0.1625786769719835,0.1098985557190373,144.36,-38.147
38288,2004-11-01 00:00:00,0.1345888454659786,-0.0020433559898856,0.2712210469218429,144.36,-38.147
38289,2004-11-02 00:00:00,0.1793128648815152,0.0426092733223616,0.3160164564406688,144.36,-38.147
38290,2004-11-03 00:00:00,0.2196386632557612,0.0820205642875055,0.357256762224017,144.36,-38.147
38291,2004-11-04 00:00:00,-0.0259290341966885,-0.1629592702303012,0.1111012018369241,144.36,-38.147
38292,2004-11-05 00:00:00,0.0845847836858193,-0.0519332208105002,0.2211027881821389,144.36,-38.147
38293,2004-11-06 00:00:00,0.1921387134680791,0.0554644306273647,0.3288129963087935,144.36,-38.147
38294,2004-11-07 00:00:00,0.1112718953622286,-0.0252311516856405,0.2477749424100979,144.36,-38.147
38295,2004-11-08 00:00:00,0.0164258134505534,-0.1198834671812482,0.1527350940823552,144.36,-38.147
38296,2004-11-09 00:00:00,0.0031451262405257,-0.1330590786138911,0.1393493310949426,144.36,-38.147
38297,2004-11-10 00:00:00,-0.031412270222416,-0.1676605551186534,0.1048360146738212,144.36,-38.147
38298,2004-11-11 00:00:00,0.0289054918670358,-0.1074652203878834,0.1652762041219551,144.36,-38.147
38299,2004-11-12 00:00:00,0.1736506296928914,0.0365605614753834,0.3107406979103995,144.36,-38.147
38300,2004-11-13 00:00:00,0.4098751293021815,0.272770535334129,0.546979723270234,144.36,-38.147
38301,2004-11-14 00:00:00,0.2725402452855918,0.1355785285978318,0.4095019619733518,144.36,-38.147
38302,2004-11-15 00:00:00,0.1787316953450399,0.0422953673365407,0.3151680233535391,144.36,-38.147
38303,2004-11-16 00:00:00,0.0536356664247116,-0.0826474378030503,0.1899187706524737,144.36,-38.147
38304,2004-11-17 00:00:00,0.0152185919299007,-0.1210675916988713,0.1515047755586729,144.36,-38.147
38305,2004-11-18 00:00:00,0.1451800436457234,0.0081454276079624,0.2822146596834844,144.36,-38.147
38306,2004-11-19 00:00:00,0.360248346342069,0.2227627576203719,0.497733935063766,144.36,-38.147
38307,2004-11-20 00:00:00,0.0495641458817052,-0.0872496361227233,0.1863779278861338,144.36,-38.147
38308,2004-11-21 00:00:00,0.006397822723996,-0.1298648999148874,0.1426605453628796,144.36,-38.147
38309,2004-11-22 00:00:00,0.0133410592718937,-0.1231263345197682,0.1498084530635557,144.36,-38.147
38310,2004-11-23 00:00:00,-0.0828883949799501,-0.2193818455585052,0.053605055598605,144.36,-38.147
38311,2004-11-24 00:00:00,-0.0581112453722805,-0.1943816197149407,0.0781591289703796,144.36,-38.147
38312,2004-11-25 00:00:00,-0.040714030211784,-0.1769127209952009,0.0954846605716328,144.36,-38.147
38313,2004-11-26 00:00:00,-0.0281738470376893,-0.1644019843795354,0.1080542903041566,144.36,-38.147
38314,2004-11-27 00:00:00,0.0637731747145045,-0.0725317310145093,0.2000780804435184,144.36,-38.147
38315,2004-11-28 00:00:00,0.1263332498880835,-0.0099976987429445,0.2626641985191116,144.36,-38.147
38316,2004-11-29 00:00:00,0.0603695425993298,-0.0759234499381722,0.1966625351368319,144.36,-38.147
38317,2004-11-30 00:00:00,0.1170127532533102,-0.0193555638974854,0.2533810704041059,144.36,-38.147
38318,2004-12-01 00:00:00,0.4120665855924282,0.2752718192722315,0.548861351912625,144.36,-38.147
38319,2004-12-02 00:00:00,0.1014183616115198,-0.0350653625316191,0.2379020857546588,144.36,-38.147
38320,2004-12-03 00:00:00,0.0129511748952689,-0.1232552550689999,0.1491576048595378,144.36,-38.147
38321,2004-12-04 00:00:00,0.0055746050378875,-0.1306964928956348,0.1418457029714099,144.36,-38.147
38322,2004-12-05 00:00:00,0.0399763973780916,-0.0963504090576846,0.1763032038138679,144.36,-38.147
38323,2004-12-06 00:00:00,-0.0251522605346866,-0.1616626583882955,0.1113581373189222,144.36,-38.147
38324,2004-12-07 00:00:00,0.0665467356149294,-0.0700942994561345,0.2031877706859934,144.36,-38.147
38325,2004-12-08 00:00:00,-0.0111202841501011,-0.1488992594838093,0.1266586911836071,144.36,-38.147
38326,2004-12-09 00:00:00,-0.0372717185059858,-0.1749122495764345,0.1003688125644629,144.36,-38.147
38327,2004-12-10 00:00:00,0.0174034192396109,-0.1199410640969106,0.1547479025761325,144.36,-38.147
38328,2004-12-11 00:00:00,0.0743266413152249,-0.0620535190868059,0.2107068017172557,144.36,-38.147
38329,2004-12-12 00:00:00,0.1120442415750204,-0.0241872590824376,0.2482757422324784,144.36,-38.147
38330,2004-12-13 00:00:00,0.131323593476432,-0.0049526319944576,0.2675998189473217,144.36,-38.147
38331,2004-12-14 00:00:00,0.1412572008009504,0.0048460977428148,0.277668303859086,144.36,-38.147
38332,2004-12-15 00:00:00,0.0789911073252962,-0.0573621494917825,0.215344364142375,144.36,-38.147
38333,2004-12-16 00:00:00,0.0139695859870575,-0.122277440021026,0.150216611995141,144.36,-38.147
38334,2004-12-17 00:00:00,0.0112644592941033,-0.1249385144414982,0.1474674330297049,144.36,-38.147
38335,2004-12-18 00:00:00,-0.0040985438850643,-0.1403542441888369,0.1321571564187083,144.36,-38.147
38336,2004-12-19 00:00:00,0.2468781082426241,0.1101826833790566,0.3835735331061917,144.36,-38.147
38337,2004-12-20 00:00:00,0.1257219432757399,-0.01091522492207,0.2623591114735498,144.36,-38.147
38338,2004-12-21 00:00:00,0.0176604360784083,-0.118573445236709,0.1538943173935256,144.36,-38.147
38339,2004-12-22 00:00:00,0.0360456513092306,-0.1002084009584342,0.1722997035768955,144.36,-38.147
38340,2004-12-23 00:00:00,0.0314490379031211,-0.1049078488100865,0.1678059246163288,144.36,-38.147
38341,2004-12-24 00:00:00,0.1982411694681597,0.0614911907009965,0.334991148235323,144.36,-38.147
38342,2004-12-25 00:00:00,0.1215364819923996,-0.0150495719469765,0.2581225359317758,144.36,-38.147
38343,2004-12-26 00:00:00,0.029497754427682,-0.1069341522522065,0.1659296611075706,144.36,-38.147
38344,2004-12-27 00:00:00,0.1264095603523514,-0.0100470755517301,0.2628661962564329,144.36,-38.147
38345,2004-12-28 00:00:00,0.0428477892270332,-0.0946192839310896,0.1803148623851561,144.36,-38.147
38346,2004-12-29 00:00:00,-0.0459625865355834,-0.1831741679388225,0.0912489948676557,144.36,-38.147
38347,2004-12-30 00:00:00,-0.0360866526230417,-0.1723661468474799,0.1001928416013964,144.36,-38.147
38348,2004-12-31 00:00:00,0.0126502628668818,-0.1235822133150587,0.1488827390488223,144.36,-38.147
38349,2005-01-01 00:00:00,0.0948666927268547,-0.0416250415649802,0.2313584270186896,144.36,-38.147
38350,2005-01-02 00:00:00,0.1104744181179772,-0.0260778413063945,0.247026677542349,144.36,-38.147
38351,2005-01-03 00:00:00,0.0462099039696721,-0.0901114873110435,0.1825312952503877,144.36,-38.147
38352,2005-01-04 00:00:00,0.158608990493877,0.0211789717341973,0.2960390092535566,144.36,-38.147
38353,2005-01-05 00:00:00,0.4661115484900917,0.3282155766817287,0.6040075202984547,144.36,-38.147
38354,2005-01-06 00:00:00,0.2662429416303521,0.1295115117104627,0.4029743715502416,144.36,-38.147
38355,2005-01-07 00:00:00,0.1235200566073032,-0.0130362289832004,0.2600763421978069,144.36,-38.147
38356,2005-01-08 00:00:00,0.0234408816555532,-0.1129993442402991,0.1598811075514056,144.36,-38.147
38357,2005-01-09 00:00:00,-0.0254300064421468,-0.161650569886805,0.1107905570025113,144.36,-38.147
38358,2005-01-10 00:00:00,-0.0221987143072289,-0.1585741437807684,0.1141767151663105,144.36,-38.147
38359,2005-01-11 00:00:00,-0.0140204277511653,-0.1508439022916373,0.1228030467893067,144.36,-38.147
38360,2005-01-12 00:00:00,0.217915094425486,0.0809890823888245,0.3548411064621475,144.36,-38.147
38361,2005-01-13 00:00:00,0.1124432564305643,-0.0239606104301487,0.2488471232912774,144.36,-38.147
38362,2005-01-14 00:00:00,0.1773617609910617,0.0410238014963631,0.3136997204857604,144.36,-38.147
38363,2005-01-15 00:00:00,0.1276553332027459,-0.008764470121028,0.26407513652652,144.36,-38.147
38364,2005-01-16 00:00:00,0.2153122460004982,0.0788373560353721,0.3517871359656243,144.36,-38.147
38365,2005-01-17 00:00:00,0.0690594437104492,-0.0672063362714004,0.2053252236922989,144.36,-38.147
38366,2005-01-18 00:00:00,-0.0074433508346112,-0.1436494558333589,0.1287627541641364,144.36,-38.147
38367,2005-01-19 00:00:00,0.0118594224594179,-0.1244828099506948,0.1482016548695306,144.36,-38.147
38368,2005-01-20 00:00:00,0.0770755657217356,-0.0594039874087004,0.2135551188521716,144.36,-38.147
38369,2005-01-21 00:00:00,0.1020353482291228,-0.0345075223869247,0.2385782188451704,144.36,-38.147
38370,2005-01-22 00:00:00,0.1144022865967325,-0.0218668061251594,0.2506713793186246,144.36,-38.147
38371,2005-01-23 00:00:00,0.0635977976368599,-0.0726061998114751,0.199801795085195,144.36,-38.147
38372,2005-01-24 00:00:00,0.0186206475936008,-0.1176798356760613,0.154921130863263,144.36,-38.147
38373,2005-01-25 00:00:00,-0.049385134348485,-0.1856753740817528,0.0869051053847828,144.36,-38.147
38374,2005-01-26 00:00:00,0.0226196730160841,-0.113701697438675,0.1589410434708433,144.36,-38.147
38375,2005-01-27 00:00:00,0.1106008107660723,-0.0258610300609181,0.2470626515930628,144.36,-38.147
38376,2005-01-28 00:00:00,0.0606693865417274,-0.0756338438351173,0.1969726169185721,144.36,-38.147
38377,2005-01-29 00:00:00,0.1560433871657018,0.0197453579552099,0.2923414163761938,144.36,-38.147
38378,2005-01-30 00:00:00,0.150352475610256,0.0140704649025827,0.2866344863179293,144.36,-38.147
38379,2005-01-31 00:00:00,0.0910873860970389,-0.0451615641273573,0.2273363363214353,144.36,-38.147
38380,2005-02-01 00:00:00,0.1521732435612926,0.0157888980955511,0.288557589027034,144.36,-38.147
38381,2005-02-02 00:00:00,0.2555261161322933,0.1182389093068761,0.3928133229577105,144.36,-38.147
38382,2005-02-03 00:00:00,0.2482283396304583,0.1021362374704303,0.3943204417904864,144.36,-38.147
38383,2005-02-04 00:00:00,0.1605949168760293,0.0165929147154599,0.3045969190365987,144.36,-38.147
38384,2005-02-05 00:00:00,0.1948579295909034,0.0584070570631626,0.3313088021186443,144.36,-38.147
38385,2005-02-06 00:00:00,0.1291180766358549,-0.0071868977658511,0.2654230510375611,144.36,-38.147
38386,2005-02-07 00:00:00,0.0441917696298559,-0.0924034994648575,0.1807870387245694,144.36,-38.147
38387,2005-02-08 00:00:00,0.2498159059403796,0.1128897637798095,0.3867420481009497,144.36,-38.147
38388,2005-02-09 00:00:00,0.197616811137347,0.0612769908755544,0.3339566313991396,144.36,-38.147
38389,2005-02-10 00:00:00,0.1651117818204205,0.028718479109916,0.301505084530925,144.36,-38.147
38390,2005-02-11 00:00:00,0.0864793873806354,-0.049773825513275,0.2227326002745459,144.36,-38.147
38391,2005-02-12 00:00:00,0.1126694440278692,-0.0236434099210567,0.2489822979767953,144.36,-38.147
38392,2005-02-13 00:00:00,0.0075513522811523,-0.1286520243754549,0.1437547289377596,144.36,-38.147
38393,2005-02-14 00:00:00,-0.0054744048990767,-0.1417100375312549,0.1307612277331014,144.36,-38.147
38394,2005-02-15 00:00:00,0.1386461110861643,0.0022403804549729,0.2750518417173556,144.36,-38.147
38395,2005-02-16 00:00:00,0.0846213926980301,-0.05183078435166,0.2210735697477202,144.36,-38.147
38396,2005-02-17 00:00:00,0.016445164252841,-0.1198560761481904,0.1527464046538725,144.36,-38.147
38397,2005-02-18 00:00:00,0.0177497954075764,-0.1185307771070767,0.1540303679222296,144.36,-38.147
38398,2005-02-19 00:00:00,0.166617564798347,0.0301190884611463,0.3031160411355477,144.36,-38.147
38399,2005-02-20 00:00:00,0.0447412105984599,-0.0916670323016972,0.1811494534986172,144.36,-38.147
38400,2005-02-21 00:00:00,0.0156287984642964,-0.1208378194858194,0.1520954164144124,144.36,-38.147
38401,2005-02-22 00:00:00,0.0234889389024423,-0.112742707358851,0.1597205851637358,144.36,-38.147
38402,2005-02-23 00:00:00,0.0125037297512559,-0.1236720940651422,0.1486795535676542,144.36,-38.147
38403,2005-02-24 00:00:00,0.1214834038475462,-0.0148976268103327,0.2578644345054253,144.36,-38.147
38404,2005-02-25 00:00:00,0.1056702602730858,-0.0308364661519945,0.2421769866981662,144.36,-38.147
38405,2005-02-26 00:00:00,0.0599082056464237,-0.0763537551264694,0.1961701664193168,144.36,-38.147
38406,2005-02-27 00:00:00,0.0052143291325527,-0.1310411657468566,0.1414698240119622,144.36,-38.147
38407,2005-02-28 00:00:00,-0.0260698704919634,-0.1623366102486208,0.1101968692646939,144.36,-38.147
38408,2005-03-01 00:00:00,0.0362832425374803,-0.1000463936547954,0.1726128787297561,144.36,-38.147
38409,2005-03-02 00:00:00,0.1185125037474491,-0.018093306946542,0.2551183144414403,144.36,-38.147
38410,2005-03-03 00:00:00,0.0049787137860131,-0.1315112573660417,0.141468684938068,144.36,-38.147
38411,2005-03-04 00:00:00,0.084922015058389,-0.0512932854399493,0.2211373155567275,144.36,-38.147
38412,2005-03-05 00:00:00,0.2798351634919275,0.1432107691040434,0.4164595578798115,144.36,-38.147
38413,2005-03-06 00:00:00,0.1081212018604063,-0.0286676520964171,0.2449100558172298,144.36,-38.147
38414,2005-03-07 00:00:00,0.0594391367005437,-0.0768454224850595,0.195723695886147,144.36,-38.147
38415,2005-03-08 00:00:00,0.0425101099941057,-0.0937634197886903,0.1787836397769018,144.36,-38.147
38416,2005-03-09 00:00:00,0.0409522185129142,-0.0952264363631024,0.177130873388931,144.36,-38.147
38417,2005-03-10 00:00:00,0.0382404735136432,-0.0979304274793564,0.1744113745066429,144.36,-38.147
38418,2005-03-11 00:00:00,-0.0085254477511862,-0.1446848060205642,0.1276339105181917,144.36,-38.147
38419,2005-03-12 00:00:00,0.0181194646230192,-0.1180786833292599,0.1543176125752984,144.36,-38.147
38420,2005-03-13 00:00:00,0.081442838563082,-0.0549039440304672,0.2177896211566314,144.36,-38.147
38421,2005-03-14 00:00:00,0.0644174169201757,-0.0719019556555414,0.200736789495893,144.36,-38.147
38422,2005-03-15 00:00:00,0.0861722840024659,-0.0502858588428053,0.2226304268477371,144.36,-38.147
38423,2005-03-16 00:00:00,0.0786018687967623,-0.0578266822821294,0.215030419875654,144.36,-38.147
38424,2005-03-17 00:00:00,0.024479406464767,-0.1118886984862943,0.1608475114158284,144.36,-38.147
38425,2005-03-18 00:00:00,-0.0485495461306447,-0.1850163634735362,0.0879172712122467,144.36,-38.147
38426,2005-03-19 00:00:00,-0.0070379387670171,-0.1433293290416342,0.1292534515075999,144.36,-38.147
38427,2005-03-20 00:00:00,0.0317524177802538,-0.1044801687945119,0.1679850043550195,144.36,-38.147
38428,2005-03-21 00:00:00,0.0011207997140507,-0.1351511875779623,0.1373927870060637,144.36,-38.147
38429,2005-03-22 00:00:00,-0.003562014383926,-0.1399060706751283,0.1327820419072761,144.36,-38.147
38430,2005-03-23 00:00:00,-0.0093681716124565,-0.1457450543980618,0.1270087111731487,144.36,-38.147
38431,2005-03-24 00:00:00,0.0207901015798044,-0.115497920627798,0.1570781237874069,144.36,-38.147
38432,2005-03-25 00:00:00,0.0169201950284561,-0.1194596235273962,0.1533000135843085,144.36,-38.147
38433,2005-03-26 00:00:00,-0.0459291747733699,-0.1823141615013811,0.0904558119546412,144.36,-38.147
38434,2005-03-27 00:00:00,0.0459307711873885,-0.0902947842028268,0.182156326577604,144.36,-38.147
38435,2005-03-28 00:00:00,0.0384663734129479,-0.097793290190828,0.174726037016724,144.36,-38.147
38436,2005-03-29 00:00:00,-0.0454299190518007,-0.1817266714844855,0.0908668333808841,144.36,-38.147
38437,2005-03-30 00:00:00,-0.0182907596631484,-0.1546018740048281,0.1180203546785312,144.36,-38.147
38438,2005-03-31 00:00:00,-0.0094395443784222,-0.1457177834199725,0.1268386946631279,144.36,-38.147
38439,2005-04-01 00:00:00,0.0539126046920619,-0.0824091122120387,0.1902343215961626,144.36,-38.147
38440,2005-04-02 00:00:00,0.0569267604130552,-0.0795760705873375,0.1934295914134481,144.36,-38.147
38441,2005-04-03 00:00:00,0.1826637776510703,0.0451093432052232,0.3202182120969175,144.36,-38.147
38442,2005-04-04 00:00:00,0.1271559695826392,-0.0105797598064552,0.2648916989717337,144.36,-38.147
38443,2005-04-05 00:00:00,-0.0661620425647824,-0.2024428860038078,0.0701188008742429,144.36,-38.147
38444,2005-04-06 00:00:00,0.005181781649839,-0.1310792668160963,0.1414428301157744,144.36,-38.147
38445,2005-04-07 00:00:00,-0.0392509442938327,-0.1757680312531334,0.097266142665468,144.36,-38.147
38446,2005-04-08 00:00:00,-0.0691542900404723,-0.2058295738357924,0.0675209937548476,144.36,-38.147
38447,2005-04-09 00:00:00,0.0474004588641189,-0.0891123348311785,0.1839132525594165,144.36,-38.147
38448,2005-04-10 00:00:00,0.0746192417686429,-0.0620365429716525,0.2112750265089383,144.36,-38.147
38449,2005-04-11 00:00:00,0.0965141378302086,-0.0399704274973218,0.232998703157739,144.36,-38.147
38450,2005-04-12 00:00:00,0.0166412598117729,-0.1195524666576375,0.1528349862811834,144.36,-38.147
38451,2005-04-13 00:00:00,-0.0220307286344886,-0.1582618804740993,0.1142004232051221,144.36,-38.147
38452,2005-04-14 00:00:00,0.0837669422919094,-0.0528205522846154,0.2203544368684342,144.36,-38.147
38453,2005-04-15 00:00:00,-0.0147180977078403,-0.1513260955599133,0.1218899001442325,144.36,-38.147
38454,2005-04-16 00:00:00,0.0098789394914451,-0.1263650623618268,0.146122941344717,144.36,-38.147
38455,2005-04-17 00:00:00,0.0117613745860955,-0.1244687574414921,0.1479915066136833,144.36,-38.147
38456,2005-04-18 00:00:00,0.2902688224183509,0.1537071039409357,0.4268305408957661,144.36,-38.147
38457,2005-04-19 00:00:00,0.1162694734482375,-0.0200785965100695,0.2526175434065446,144.36,-38.147
38458,2005-04-20 00:00:00,0.0358571169197412,-0.100378792232833,0.1720930260723154,144.36,-38.147
38459,2005-04-21 00:00:00,-0.0392320320610107,-0.1754265691033032,0.0969625049812817,144.36,-38.147
38460,2005-04-22 00:00:00,0.0004761899931349,-0.1357318542216015,0.1366842342078714,144.36,-38.147
38461,2005-04-23 00:00:00,-0.0286010554664816,-0.1648008901876782,0.1075987792547148,144.36,-38.147
38462,2005-04-24 00:00:00,-0.0263216883121782,-0.1626658284865104,0.110022451862154,144.36,-38.147
38463,2005-04-25 00:00:00,0.0909326997494663,-0.0454867853852889,0.2273521848842216,144.36,-38.147
38464,2005-04-26 00:00:00,0.0243544131046734,-0.1118890778735877,0.1605979040829346,144.36,-38.147
38465,2005-04-27 00:00:00,-0.0138105577383172,-0.1500191501878768,0.1223980347112423,144.36,-38.147
38466,2005-04-28 00:00:00,-0.0045595357961662,-0.1408374878306691,0.1317184162383366,144.36,-38.147
38467,2005-04-29 00:00:00,0.1765652987612664,0.0399758910594026,0.3131547064631302,144.36,-38.147
38468,2005-04-30 00:00:00,0.1007748633216742,-0.0356598565772692,0.2372095832206177,144.36,-38.147
38469,2005-05-01 00:00:00,0.2041295005038182,0.0675087132233405,0.3407502877842959,144.36,-38.147
38470,2005-05-02 00:00:00,0.0089566946616215,-0.1274032689014488,0.1453166582246918,144.36,-38.147
38471,2005-05-03 00:00:00,0.0519461883750549,-0.0843984700888661,0.188290846838976,144.36,-38.147
38472,2005-05-04 00:00:00,0.055636326506588,-0.0807339645119669,0.192006617525143,144.36,-38.147
38473,2005-05-05 00:00:00,0.1189328559499166,-0.0174865406304132,0.2553522525302465,144.36,-38.147
38474,2005-05-06 00:00:00,0.0470373629792292,-0.0894843486650349,0.1835590746234935,144.36,-38.147
38475,2005-05-07 00:00:00,-0.0050732774219409,-0.1413518203567426,0.1312052655128606,144.36,-38.147
38476,2005-05-08 00:00:00,-0.045405912070668,-0.1816208421305273,0.090809017989191,144.36,-38.147
38477,2005-05-09 00:00:00,0.0264630228997109,-0.1098301921262788,0.1627562379257007,144.36,-38.147
38478,2005-05-10 00:00:00,0.0755364239000618,-0.0607048147571343,0.211777662557258,144.36,-38.147
38479,2005-05-11 00:00:00,0.0937709714654095,-0.0424661831226547,0.2300081260534737,144.36,-38.147
38480,2005-05-12 00:00:00,0.0461520467123295,-0.0900376383276829,0.182341731752342,144.36,-38.147
38481,2005-05-13 00:00:00,0.0322735566915267,-0.103885128232131,0.1684322416151845,144.36,-38.147
38482,2005-05-14 00:00:00,0.0577238787931768,-0.0784591613551935,0.1939069189415472,144.36,-38.147
38483,2005-05-15 00:00:00,0.0699395017473527,-0.0662973347776243,0.2061763382723299,144.36,-38.147
38484,2005-05-16 00:00:00,0.0141417158410179,-0.1221143747445948,0.1503978064266307,144.36,-38.147
38485,2005-05-17 00:00:00,-0.0390782201265327,-0.1753783017260485,0.097221861472983,144.36,-38.147
38486,2005-05-18 00:00:00,0.0099006503511189,-0.1263869622467006,0.1461882629489385,144.36,-38.147
38487,2005-05-19 00:00:00,-0.0168503167461254,-0.1530664289991015,0.1193657955068507,144.36,-38.147
38488,2005-05-20 00:00:00,-0.0016633070124473,-0.1378646421212938,0.1345380280963991,144.36,-38.147
38489,2005-05-21 00:00:00,0.0689362979420596,-0.0672868416163213,0.2051594375004406,144.36,-38.147
38490,2005-05-22 00:00:00,0.0971169460037688,-0.0391571395980313,0.2333910316055689,144.36,-38.147
38491,2005-05-23 00:00:00,0.0930509222594476,-0.0432744708425249,0.2293763153614202,144.36,-38.147
38492,2005-05-24 00:00:00,0.0597197659908587,-0.076609830737824,0.1960493627195415,144.36,-38.147
38493,2005-05-25 00:00:00,0.1651897282182292,0.0287262587929625,0.3016531976434959,144.36,-38.147
38494,2005-05-26 00:00:00,0.011094683091592,-0.1252423397155372,0.1474317058987213,144.36,-38.147
38495,2005-05-27 00:00:00,0.1501852385828434,0.0128344604196493,0.2875360167460376,144.36,-38.147
38496,2005-05-28 00:00:00,0.0785850720942899,-0.0586540090999488,0.2158241532885287,144.36,-38.147
38497,2005-05-29 00:00:00,0.0284118732770673,-0.1082237915812345,0.1650475381353692,144.36,-38.147
38498,2005-05-30 00:00:00,0.0003779244239042,-0.1359425301561693,0.1366983790039778,144.36,-38.147
38499,2005-05-31 00:00:00,0.0567922274623819,-0.0797157480720897,0.1933002029968537,144.36,-38.147
38500,2005-06-01 00:00:00,-0.0322209681164097,-0.1685287149744993,0.1040867787416799,144.36,-38.147
38501,2005-06-02 00:00:00,-0.023077938826325,-0.1593562943481119,0.1132004166954618,144.36,-38.147
38502,2005-06-03 00:00:00,-0.0187509876849463,-0.1549682429595107,0.117466267589618,144.36,-38.147
38503,2005-06-04 00:00:00,0.0383655944570178,-0.0978339898950957,0.1745651788091314,144.36,-38.147
38504,2005-06-05 00:00:00,0.064982827057213,-0.0713600902691985,0.2013257443836246,144.36,-38.147
38505,2005-06-06 00:00:00,-0.0085249947518094,-0.1447428664406402,0.1276928769370213,144.36,-38.147
38506,2005-06-07 00:00:00,0.0300830656812284,-0.1061431548510801,0.1663092862135371,144.36,-38.147
38507,2005-06-08 00:00:00,0.0152160976002864,-0.1210077514099745,0.1514399466105473,144.36,-38.147
38508,2005-06-09 00:00:00,0.0419209529866243,-0.0943755304083434,0.1782174363815922,144.36,-38.147
38509,2005-06-10 00:00:00,0.0499771504556052,-0.0862819192862316,0.1862362201974421,144.36,-38.147
38510,2005-06-11 00:00:00,0.1472416285879288,0.0094151695980194,0.2850680875778383,144.36,-38.147
38511,2005-06-12 00:00:00,0.1030950335112267,-0.0343629157783766,0.2405529828008301,144.36,-38.147
38512,2005-06-13 00:00:00,0.0844743547195132,-0.0521756925508409,0.2211244019898673,144.36,-38.147
38513,2005-06-14 00:00:00,0.1550239910899169,0.0182458842068003,0.2918020979730336,144.36,-38.147
38514,2005-06-15 00:00:00,0.1775938856181453,0.0410721080267681,0.3141156632095225,144.36,-38.147
38515,2005-06-16 00:00:00,0.2841344040951125,0.1476596514243096,0.4206091567659153,144.36,-38.147
38516,2005-06-17 00:00:00,0.1604456666936419,0.0239545284343055,0.2969368049529782,144.36,-38.147
38517,2005-06-18 00:00:00,0.053425283007819,-0.0828903951128896,0.1897409611285277,144.36,-38.147
38518,2005-06-19 00:00:00,0.0773758162139262,-0.0592361730061943,0.2139878054340468,144.36,-38.147
38519,2005-06-20 00:00:00,0.178565363507186,0.0415361421494548,0.3155945848649173,144.36,-38.147
38520,2005-06-21 00:00:00,0.304144497681747,0.1672457234604895,0.4410432719030044,144.36,-38.147
38521,2005-06-22 00:00:00,0.191842300132687,0.0554239387216979,0.3282606615436761,144.36,-38.147
38522,2005-06-23 00:00:00,0.111859861991158,-0.024784534627706,0.2485042586100221,144.36,-38.147
38523,2005-06-24 00:00:00,-0.031411135866456,-0.1679279900304164,0.1051057182975044,144.36,-38.147
38524,2005-06-25 00:00:00,-0.0363491454585682,-0.1725725593309686,0.0998742684138321,144.36,-38.147
38525,2005-06-26 00:00:00,-0.0183637453743406,-0.1545915141006371,0.1178640233519558,144.36,-38.147
38526,2005-06-27 00:00:00,-0.0039889317153788,-0.140223314980722,0.1322454515499644,144.36,-38.147
38527,2005-06-28 00:00:00,-0.0149203594201182,-0.1511560718166533,0.1213153529764169,144.36,-38.147
38528,2005-06-29 00:00:00,-0.0250091381211536,-0.1612870908497974,0.1112688146074902,144.36,-38.147
38529,2005-06-30 00:00:00,-0.0690742429312063,-0.2055240411058408,0.0673755552434282,144.36,-38.147
38530,2005-07-01 00:00:00,0.0236272713604804,-0.1128994322640418,0.1601539749850028,144.36,-38.147
38531,2005-07-02 00:00:00,0.1724837081875756,0.0360314347932713,0.3089359815818798,144.36,-38.147
38532,2005-07-03 00:00:00,0.0862498627368682,-0.0500076807866988,0.2225074062604352,144.36,-38.147
38533,2005-07-04 00:00:00,-0.0029740585110694,-0.1391956408190515,0.1332475237969127,144.36,-38.147
38534,2005-07-05 00:00:00,0.0146564222319825,-0.1216762957615867,0.1509891402255519,144.36,-38.147
38535,2005-07-06 00:00:00,0.0877766466509449,-0.0486364674309985,0.2241897607328885,144.36,-38.147
38536,2005-07-07 00:00:00,0.126217760936194,-0.0100381061658246,0.2624736280382126,144.36,-38.147
38537,2005-07-08 00:00:00,0.0544119832112595,-0.0817834086547601,0.1906073750772793,144.36,-38.147
38538,2005-07-09 00:00:00,0.0338287750797161,-0.1025694267280587,0.170226976887491,144.36,-38.147
38539,2005-07-10 00:00:00,0.0551092229820727,-0.0815356683217822,0.1917541142859278,144.36,-38.147
38540,2005-07-11 00:00:00,-0.0375099347856501,-0.173906005047652,0.0988861354763517,144.36,-38.147
38541,2005-07-12 00:00:00,-0.0344776588879109,-0.1707024733845286,0.1017471556087066,144.36,-38.147
38542,2005-07-13 00:00:00,0.0452029877593763,-0.091076704936623,0.1814826804553756,144.36,-38.147
38543,2005-07-14 00:00:00,0.0973224965544757,-0.0389036147134139,0.2335486078223654,144.36,-38.147
38544,2005-07-15 00:00:00,0.1199697757711699,-0.0162968478553184,0.2562363993976584,144.36,-38.147
38545,2005-07-16 00:00:00,0.0722050065931396,-0.0645303543691026,0.2089403675553819,144.36,-38.147
38546,2005-07-17 00:00:00,0.2534229563096895,0.1155947261131608,0.3912511865062182,144.36,-38.147
38547,2005-07-18 00:00:00,0.0367518157750941,-0.0997514843549783,0.1732551159051666,144.36,-38.147
38548,2005-07-19 00:00:00,0.0145676373498623,-0.1216681421652585,0.1508034168649833,144.36,-38.147
38549,2005-07-20 00:00:00,-0.0461924483896903,-0.1824338600651302,0.0900489632857494,144.36,-38.147
38550,2005-07-21 00:00:00,-0.0654369542471422,-0.2017468171737227,0.0708729086794382,144.36,-38.147
38551,2005-07-22 00:00:00,0.0314233494556758,-0.1051747131686503,0.168021412080002,144.36,-38.147
38552,2005-07-23 00:00:00,0.06198351006441,-0.0747486797282458,0.1987156998570659,144.36,-38.147
38553,2005-07-24 00:00:00,0.1233483460745197,-0.0133025679841008,0.2599992601331403,144.36,-38.147
38554,2005-07-25 00:00:00,0.2357796814616959,0.0990464399792902,0.3725129229441017,144.36,-38.147
38555,2005-07-26 00:00:00,0.3345271879283282,0.1968479479705621,0.4722064278860944,144.36,-38.147
38556,2005-07-27 00:00:00,0.1196016778747176,-0.0172274172446221,0.2564307729940575,144.36,-38.147
38557,2005-07-28 00:00:00,0.122795934664831,-0.0134703697986626,0.2590622391283247,144.36,-38.147
38558,2005-07-29 00:00:00,0.1590953257178361,0.0227072980955924,0.2954833533400797,144.36,-38.147
38559,2005-07-30 00:00:00,0.1085470250837944,-0.0278521831571982,0.2449462333247871,144.36,-38.147
38560,2005-07-31 00:00:00,0.1152212836432347,-0.0210636537342457,0.2515062210207152,144.36,-38.147
38561,2005-08-01 00:00:00,0.0361464337405011,-0.1000702733413657,0.1723631408223679,144.36,-38.147
38562,2005-08-02 00:00:00,0.0095754425962883,-0.1266569174410107,0.1458078026335873,144.36,-38.147
38563,2005-08-03 00:00:00,0.0599971721879951,-0.076526212702988,0.1965205570789783,144.36,-38.147
38564,2005-08-04 00:00:00,0.223067064097087,0.0862322106364099,0.359901917557764,144.36,-38.147
38565,2005-08-05 00:00:00,0.0792954604076032,-0.0571322054588045,0.215723126274011,144.36,-38.147
38566,2005-08-06 00:00:00,0.0363005934284489,-0.1000733274475677,0.1726745143044657,144.36,-38.147
38567,2005-08-07 00:00:00,0.1434913111844693,0.006727380737649,0.2802552416312896,144.36,-38.147
38568,2005-08-08 00:00:00,0.0958002109502561,-0.0407014163553452,0.2323018382558574,144.36,-38.147
38569,2005-08-09 00:00:00,0.0888503742737936,-0.0482045845474621,0.2259053330950494,144.36,-38.147
38570,2005-08-10 00:00:00,0.2803665728028011,0.1426401709181339,0.4180929746874683,144.36,-38.147
38571,2005-08-11 00:00:00,0.1174609479250429,-0.0189749993618632,0.253896895211949,144.36,-38.147
38572,2005-08-12 00:00:00,0.0760076482080112,-0.0603543770230263,0.2123696734390489,144.36,-38.147
38573,2005-08-13 00:00:00,0.051929851861468,-0.0843354301988625,0.1881951339217987,144.36,-38.147
38574,2005-08-14 00:00:00,0.0088179289244039,-0.1276987647943515,0.1453346226431593,144.36,-38.147
38575,2005-08-15 00:00:00,0.240581492143344,0.1029338090413866,0.3782291752453014,144.36,-38.147
38576,2005-08-16 00:00:00,0.0974445311745428,-0.0396120222217636,0.2345010845708494,144.36,-38.147
38577,2005-08-17 00:00:00,-0.0116576760298387,-0.1480299063341488,0.1247145542744713,144.36,-38.147
38578,2005-08-18 00:00:00,0.0327096410975146,-0.1037431292070875,0.1691624114021169,144.36,-38.147
38579,2005-08-19 00:00:00,0.0725858945190141,-0.0640914064350346,0.209263195473063,144.36,-38.147
38580,2005-08-20 00:00:00,0.226736485524816,0.0899086210558356,0.3635643499937965,144.36,-38.147
38581,2005-08-21 00:00:00,0.222114481210492,0.0854438973486526,0.3587850650723314,144.36,-38.147
38582,2005-08-22 00:00:00,0.1264738906182921,-0.0105945240228071,0.2635423052593914,144.36,-38.147
38583,2005-08-23 00:00:00,-0.0298359982591931,-0.1661676911398378,0.1064956946214514,144.36,-38.147
38584,2005-08-24 00:00:00,-0.0281874579214943,-0.1644293215605888,0.1080544057176,144.36,-38.147
38585,2005-08-25 00:00:00,-0.0380976551585319,-0.1743040524961265,0.0981087421790627,144.36,-38.147
38586,2005-08-26 00:00:00,-0.029782998728675,-0.1660577727069508,0.1064917752496008,144.36,-38.147
38587,2005-08-27 00:00:00,-0.0839652953933278,-0.2202320040826505,0.0523014132959949,144.36,-38.147
38588,2005-08-28 00:00:00,-0.0160554221829204,-0.1523416219002505,0.1202307775344096,144.36,-38.147
38589,2005-08-29 00:00:00,0.0315955705848353,-0.1048692821398661,0.1680604233095368,144.36,-38.147
38590,2005-08-30 00:00:00,0.0581592585600823,-0.0796235302074094,0.1959420473275741,144.36,-38.147
38591,2005-08-31 00:00:00,0.4964245060253128,0.3517455985560913,0.6411034134945343,144.36,-38.147
38592,2005-09-01 00:00:00,0.1423793546384564,0.0037351498727721,0.2810235594041408,144.36,-38.147
38593,2005-09-02 00:00:00,0.0101277424911368,-0.1260955109346603,0.1463509959169341,144.36,-38.147
38594,2005-09-03 00:00:00,0.0188012309062064,-0.117415092045508,0.1550175538579208,144.36,-38.147
38595,2005-09-04 00:00:00,0.0792677665784795,-0.0570022457257802,0.2155377788827393,144.36,-38.147
38596,2005-09-05 00:00:00,0.0802128779767792,-0.0560293149729185,0.2164550709264771,144.36,-38.147
38597,2005-09-06 00:00:00,0.0392424515979339,-0.0969664515640875,0.1754513547599554,144.36,-38.147
38598,2005-09-07 00:00:00,0.0562223668096288,-0.0803389535737852,0.192783687193043,144.36,-38.147
38599,2005-09-08 00:00:00,0.1090080720066521,-0.0276450107068204,0.2456611547201247,144.36,-38.147
38600,2005-09-09 00:00:00,0.1157019931378716,-0.0209517291379264,0.2523557154136698,144.36,-38.147
38601,2005-09-10 00:00:00,0.1124318791327137,-0.0245925221331227,0.2494562803985502,144.36,-38.147
38602,2005-09-11 00:00:00,0.2112745051409109,0.0737263509184212,0.3488226593634007,144.36,-38.147
38603,2005-09-12 00:00:00,0.1895127025753635,0.0504499526426628,0.3285754525080642,144.36,-38.147
38604,2005-09-13 00:00:00,0.0282948332752371,-0.1092202026225446,0.165809869173019,144.36,-38.147
38605,2005-09-14 00:00:00,0.0664086303594479,-0.0700076373728698,0.2028248980917657,144.36,-38.147
38606,2005-09-15 00:00:00,0.2231652998132972,0.0866324176547297,0.3596981819718646,144.36,-38.147
38607,2005-09-16 00:00:00,0.1197537047642113,-0.0170319570206806,0.2565393665491034,144.36,-38.147
38608,2005-09-17 00:00:00,0.2848139842407391,0.1473755094775191,0.4222524590039591,144.36,-38.147
38609,2005-09-18 00:00:00,0.0857577034699529,-0.0513248298227427,0.2228402367626486,144.36,-38.147
38610,2005-09-19 00:00:00,0.1240453907756957,-0.0124279163863652,0.2605186979377568,144.36,-38.147
38611,2005-09-20 00:00:00,0.1157878678357572,-0.0205521597547648,0.2521278954262794,144.36,-38.147
38612,2005-09-21 00:00:00,-0.0049812126558408,-0.1412163282498447,0.131253902938163,144.36,-38.147
38613,2005-09-22 00:00:00,0.0118558751388208,-0.1244548664970897,0.1481666167747314,144.36,-38.147
38614,2005-09-23 00:00:00,0.1172864667838346,-0.0190177134172832,0.2535906469849525,144.36,-38.147
38615,2005-09-24 00:00:00,0.0604407726062648,-0.0757391441400043,0.1966206893525341,144.36,-38.147
38616,2005-09-25 00:00:00,0.0188048026740961,-0.1173686668461419,0.1549782721943342,144.36,-38.147
38617,2005-09-26 00:00:00,0.0540175284345206,-0.0822437242690612,0.1902787811381025,144.36,-38.147
38618,2005-09-27 00:00:00,0.0511499557391495,-0.0852105932342993,0.1875105047125984,144.36,-38.147
38619,2005-09-28 00:00:00,-0.0172602217546258,-0.1537829229845066,0.1192624794752549,144.36,-38.147
38620,2005-09-29 00:00:00,0.4806002547206991,0.3426050114851344,0.618595497956264,144.36,-38.147
38621,2005-09-30 00:00:00,0.0959386673073948,-0.0415223895437087,0.2333997241584984,144.36,-38.147
38622,2005-10-01 00:00:00,0.0895486718818024,-0.0468822625659114,0.2259796063295164,144.36,-38.147
38623,2005-10-02 00:00:00,0.1949268100535385,0.0584728968537317,0.3313807232533454,144.36,-38.147
38624,2005-10-03 00:00:00,0.297815351132073,0.1608623763467561,0.4347683259173899,144.36,-38.147
38625,2005-10-04 00:00:00,0.0737576210572006,-0.0632374900577332,0.2107527321721344,144.36,-38.147
38626,2005-10-05 00:00:00,0.1286561905143299,-0.0086809725796817,0.2659933536083416,144.36,-38.147
38627,2005-10-06 00:00:00,0.1888957194900238,0.0516587982653392,0.3261326407147082,144.36,-38.147
38628,2005-10-07 00:00:00,0.0691637176423519,-0.0676314929054242,0.2059589281901282,144.36,-38.147
38629,2005-10-08 00:00:00,0.2583102273028723,0.1214341829152215,0.395186271690523,144.36,-38.147
38630,2005-10-09 00:00:00,0.3502936217720457,0.2134962591425773,0.487090984401514,144.36,-38.147
38631,2005-10-10 00:00:00,0.0335126075933996,-0.1031485906967826,0.170173805883582,144.36,-38.147
38632,2005-10-11 00:00:00,0.2071603464786962,0.07073929690575,0.3435813960516425,144.36,-38.147
38633,2005-10-12 00:00:00,0.0588411599360812,-0.0774298914353484,0.195112211307511,144.36,-38.147
38634,2005-10-13 00:00:00,0.0663916837128813,-0.0699349469808254,0.2027183144065881,144.36,-38.147
38635,2005-10-14 00:00:00,0.1489028409195964,0.0123250319165214,0.2854806499226713,144.36,-38.147
38636,2005-10-15 00:00:00,0.042530864396432,-0.0937170804035691,0.1787788091964332,144.36,-38.147
38637,2005-10-16 00:00:00,0.0189169994488569,-0.1172822451129668,0.1551162440106807,144.36,-38.147
38638,2005-10-17 00:00:00,-0.0070853773228153,-0.1432842377583418,0.1291134831127111,144.36,-38.147
38639,2005-10-18 00:00:00,-0.0145065099014441,-0.1507508835484439,0.1217378637455556,144.36,-38.147
38640,2005-10-19 00:00:00,-0.0204831127857063,-0.157014472743672,0.1160482471722592,144.36,-38.147
38641,2005-10-20 00:00:00,0.0369577118445885,-0.0995538675152086,0.1734692912043857,144.36,-38.147
38642,2005-10-21 00:00:00,0.1101398842517173,-0.0262170262237239,0.2464967947271586,144.36,-38.147
38643,2005-10-22 00:00:00,0.1538856792343048,0.0175813411245216,0.290190017344088,144.36,-38.147
38644,2005-10-23 00:00:00,0.072888417677765,-0.0634760406613922,0.2092528760169223,144.36,-38.147
38645,2005-10-24 00:00:00,0.1268271750010915,-0.009785678854082,0.2634400288562652,144.36,-38.147
38646,2005-10-25 00:00:00,0.190658466522333,0.0540873680283114,0.3272295650163547,144.36,-38.147
38647,2005-10-26 00:00:00,0.1845399219836771,0.0473747659017677,0.3217050780655865,144.36,-38.147
38648,2005-10-27 00:00:00,0.324556102673753,0.1872876757789408,0.4618245295685653,144.36,-38.147
38649,2005-10-28 00:00:00,0.0544380714253317,-0.0819335524873841,0.1908096953380476,144.36,-38.147
38650,2005-10-29 00:00:00,0.0656899456994245,-0.0712317077865972,0.2026115991854462,144.36,-38.147
38651,2005-10-30 00:00:00,0.0821821389474018,-0.0543964264035889,0.2187607042983927,144.36,-38.147
38652,2005-10-31 00:00:00,-0.0071599994788864,-0.1435360093989066,0.1292160104411336,144.36,-38.147
38653,2005-11-01 00:00:00,-0.0214606948780184,-0.157782034568918,0.1148606448128812,144.36,-38.147
38654,2005-11-02 00:00:00,0.0151569958859698,-0.1212620792961934,0.1515760710681332,144.36,-38.147
38655,2005-11-03 00:00:00,0.1208923675796759,-0.01662223635753,0.258406971516882,144.36,-38.147
38656,2005-11-04 00:00:00,0.1660663648269362,0.0283137012078288,0.3038190284460436,144.36,-38.147
38657,2005-11-05 00:00:00,0.0155856398156295,-0.1207929465081508,0.1519642261394099,144.36,-38.147
38658,2005-11-06 00:00:00,-0.0049773650560953,-0.1412402030772114,0.1312854729650207,144.36,-38.147
38659,2005-11-07 00:00:00,0.0140190654642357,-0.1229512012189571,0.1509893321474286,144.36,-38.147
38660,2005-11-08 00:00:00,0.0868765141242191,-0.0499768511987412,0.2237298794471794,144.36,-38.147
38661,2005-11-09 00:00:00,0.1531269182564422,0.0165475891950077,0.2897062473178766,144.36,-38.147
38662,2005-11-10 00:00:00,0.2713873299943607,0.1345857775430507,0.4081888824456708,144.36,-38.147
38663,2005-11-11 00:00:00,0.2081214066270753,0.0714154678710322,0.3448273453831184,144.36,-38.147
38664,2005-11-12 00:00:00,0.0954657824746568,-0.0409091327445949,0.2318406976939087,144.36,-38.147
38665,2005-11-13 00:00:00,0.0543000116557674,-0.082040778416425,0.1906408017279599,144.36,-38.147
38666,2005-11-14 00:00:00,0.026152002723449,-0.1100510883495878,0.1623550937964859,144.36,-38.147
38667,2005-11-15 00:00:00,0.0518315445485826,-0.086458583091626,0.1901216721887914,144.36,-38.147
38668,2005-11-16 00:00:00,-0.1101545550893602,-0.2478788576995578,0.0275697475208373,144.36,-38.147
38669,2005-11-17 00:00:00,-0.0347581045253182,-0.1709729603526256,0.1014567513019892,144.36,-38.147
38670,2005-11-18 00:00:00,0.055170646438564,-0.0812669315090468,0.1916082243861749,144.36,-38.147
38671,2005-11-19 00:00:00,0.1924954305848918,0.055978821010294,0.3290120401594897,144.36,-38.147
38672,2005-11-20 00:00:00,0.1037822248640165,-0.0324670911444815,0.2400315408725145,144.36,-38.147
38673,2005-11-21 00:00:00,0.0462051802547651,-0.0899951824288792,0.1824055429384095,144.36,-38.147
38674,2005-11-22 00:00:00,0.0542311412213134,-0.0820047540065245,0.1904670364491514,144.36,-38.147
38675,2005-11-23 00:00:00,-0.0042705128254992,-0.1406988547489892,0.1321578290979907,144.36,-38.147
38676,2005-11-24 00:00:00,-0.0396817094043605,-0.1760923954497784,0.0967289766410572,144.36,-38.147
38677,2005-11-25 00:00:00,-0.0202775656694292,-0.1568305080561328,0.1162753767172742,144.36,-38.147
38678,2005-11-26 00:00:00,0.2811008165307287,0.1440251947173213,0.4181764383441361,144.36,-38.147
38679,2005-11-27 00:00:00,0.1440761260311374,0.0076044378691507,0.2805478141931241,144.36,-38.147
38680,2005-11-28 00:00:00,0.0093607019671778,-0.1273072491097311,0.1460286530440869,144.36,-38.147
38681,2005-11-29 00:00:00,-0.0201974388575877,-0.1576257524976962,0.1172308747825208,144.36,-38.147
38682,2005-11-30 00:00:00,-0.0191498209459138,-0.1561851551281945,0.1178855132363668,144.36,-38.147
38683,2005-12-01 00:00:00,0.0744031130738836,-0.0619139791098857,0.2107202052576531,144.36,-38.147
38684,2005-12-02 00:00:00,0.2015477467436929,0.0649397321517863,0.3381557613355994,144.36,-38.147
38685,2005-12-03 00:00:00,0.3008502780214077,0.1644153080845284,0.4372852479582869,144.36,-38.147
38686,2005-12-04 00:00:00,0.087081645999539,-0.0495223936748743,0.2236856856739525,144.36,-38.147
38687,2005-12-05 00:00:00,0.2146953640218652,0.0768953233208112,0.3524954047229191,144.36,-38.147
38688,2005-12-06 00:00:00,0.1150660609182478,-0.0215138724454734,0.2516459942819692,144.36,-38.147
38689,2005-12-07 00:00:00,0.2438076460354363,0.1071375194076838,0.3804777726631888,144.36,-38.147
38690,2005-12-08 00:00:00,0.3395188806765518,0.2030057198260381,0.4760320415270655,144.36,-38.147
38691,2005-12-09 00:00:00,0.1393884715944615,0.0030290998661972,0.2757478433227258,144.36,-38.147
38692,2005-12-10 00:00:00,0.270256016036523,0.1337214262358721,0.4067906058371739,144.36,-38.147
38693,2005-12-11 00:00:00,0.0133858015752583,-0.1230815825056169,0.1498531856561336,144.36,-38.147
38694,2005-12-12 00:00:00,-0.0089730925328349,-0.1459264123520043,0.1279802272863343,144.36,-38.147
38695,2005-12-13 00:00:00,0.2562787107904016,0.1189043394843587,0.3936530820964445,144.36,-38.147
38696,2005-12-14 00:00:00,0.2434485472303268,0.1069376804528966,0.3799594140077571,144.36,-38.147
38697,2005-12-15 00:00:00,0.0202825625469707,-0.1165460744062592,0.1571111995002007,144.36,-38.147
38698,2005-12-16 00:00:00,0.2072148297097322,0.0697841439650458,0.3446455154544187,144.36,-38.147
38699,2005-12-17 00:00:00,0.2891258232342909,0.1525245368897839,0.4257271095787979,144.36,-38.147
38700,2005-12-18 00:00:00,0.318551219993067,0.1817922509567438,0.4553101890293902,144.36,-38.147
38701,2005-12-19 00:00:00,0.1031912451125774,-0.0333106168631597,0.2396931070883146,144.36,-38.147
38702,2005-12-20 00:00:00,0.0400535418260712,-0.0962215375961225,0.1763286212482649,144.36,-38.147
38703,2005-12-21 00:00:00,0.1353999086865622,-0.0014671469391321,0.2722669643122567,144.36,-38.147
38704,2005-12-22 00:00:00,0.1459110187223413,0.008946380404207,0.2828756570404757,144.36,-38.147
38705,2005-12-23 00:00:00,0.0141078045785578,-0.1222908699446805,0.1505064791017961,144.36,-38.147
38706,2005-12-24 00:00:00,0.5033495948053623,0.3655459131425646,0.64115327646816,144.36,-38.147
38707,2005-12-25 00:00:00,0.2350363868313989,0.0980432422317997,0.3720295314309982,144.36,-38.147
38708,2005-12-26 00:00:00,0.1483803489896064,0.0119511617224348,0.2848095362567779,144.36,-38.147
38709,2005-12-27 00:00:00,0.0487672666667829,-0.0875995697514844,0.1851341030850503,144.36,-38.147
38710,2005-12-28 00:00:00,0.3587386803131678,0.2207548674350924,0.4967224931912432,144.36,-38.147
38711,2005-12-29 00:00:00,0.1328287804968651,-0.0041123546544853,0.2697699156482155,144.36,-38.147
38712,2005-12-30 00:00:00,0.1180239722320894,-0.0184645188729319,0.2545124633371108,144.36,-38.147
38713,2005-12-31 00:00:00,0.0526219647129749,-0.0840442406240858,0.1892881700500357,144.36,-38.147
38714,2006-01-01 00:00:00,0.170160491578392,0.0326241773355217,0.3076968058212622,144.36,-38.147
38715,2006-01-02 00:00:00,0.1489713759377743,0.0125212678286061,0.2854214840469426,144.36,-38.147
38716,2006-01-03 00:00:00,0.1005694549032934,-0.0359863109105738,0.2371252207171606,144.36,-38.147
38717,2006-01-04 00:00:00,0.0364266513411547,-0.1001204346679625,0.172973737350272,144.36,-38.147
38718,2006-01-05 00:00:00,0.0030468537244948,-0.1333368553475998,0.1394305627965895,144.36,-38.147
38719,2006-01-06 00:00:00,0.0248131675556347,-0.1116120571315476,0.1612383922428172,144.36,-38.147
38720,2006-01-07 00:00:00,0.0172623983027435,-0.1191163186569478,0.1536411152624349,144.36,-38.147
38721,2006-01-08 00:00:00,-0.002492497013746,-0.1387725252200241,0.133787531192532,144.36,-38.147
38722,2006-01-09 00:00:00,0.0015733289372222,-0.1349109629006399,0.1380576207750845,144.36,-38.147
38723,2006-01-10 00:00:00,0.050333343875555,-0.0860921196190132,0.1867588073701231,144.36,-38.147
38724,2006-01-11 00:00:00,0.0751279353308115,-0.0612352853640695,0.2114911560256926,144.36,-38.147
38725,2006-01-12 00:00:00,0.0516677896037216,-0.0846134327456398,0.187949011953083,144.36,-38.147
38726,2006-01-13 00:00:00,0.0726710939298851,-0.0636154756425369,0.2089576635023072,144.36,-38.147
38727,2006-01-14 00:00:00,0.0410160380294823,-0.0953025486473766,0.1773346247063412,144.36,-38.147
38728,2006-01-15 00:00:00,0.0284087947817923,-0.1078587596211708,0.1646763491847555,144.36,-38.147
38729,2006-01-16 00:00:00,0.0001410487737254,-0.1361112804692539,0.1363933780167049,144.36,-38.147
38730,2006-01-17 00:00:00,0.0638366158905011,-0.0725460700764302,0.2002193018574326,144.36,-38.147
38731,2006-01-18 00:00:00,0.0308984068632451,-0.1057077109642724,0.1675045246907628,144.36,-38.147
38732,2006-01-19 00:00:00,-0.0320222890280662,-0.1687057838516792,0.1046612057955468,144.36,-38.147
38733,2006-01-20 00:00:00,0.0594574690664461,-0.0775131992462126,0.196428137379105,144.36,-38.147
38734,2006-01-21 00:00:00,0.098608601658859,-0.0381127238972118,0.2353299272149299,144.36,-38.147
38735,2006-01-22 00:00:00,0.0637480283726169,-0.07307874525344,0.2005748019986739,144.36,-38.147
38736,2006-01-23 00:00:00,0.1480424214100514,0.0109893302132206,0.2850955126068821,144.36,-38.147
38737,2006-01-24 00:00:00,0.1497205007426492,0.0130833492882469,0.2863576521970514,144.36,-38.147
38738,2006-01-25 00:00:00,-0.0131151969178172,-0.1495557547135625,0.1233253608779279,144.36,-38.147
38739,2006-01-26 00:00:00,0.0219229733153289,-0.1145133315732942,0.158359278203952,144.36,-38.147
38740,2006-01-27 00:00:00,0.1422570317469026,0.0057982386930659,0.2787158248007392,144.36,-38.147
38741,2006-01-28 00:00:00,0.1010474953861419,-0.035267891236191,0.2373628820084749,144.36,-38.147
38742,2006-01-29 00:00:00,0.0734410197904314,-0.0627987429411265,0.2096807825219894,144.36,-38.147
38743,2006-01-30 00:00:00,0.0844970281580505,-0.0519876785550904,0.2209817348711916,144.36,-38.147
38744,2006-01-31 00:00:00,0.0672876443786596,-0.0691930828747593,0.2037683716320785,144.36,-38.147
38745,2006-02-01 00:00:00,0.0800694499539356,-0.0562129758333623,0.2163518757412337,144.36,-38.147
38746,2006-02-02 00:00:00,0.137817155394485,0.0014740919577934,0.2741602188311767,144.36,-38.147
38747,2006-02-03 00:00:00,0.0586198566269371,-0.0775782647916802,0.1948179780455544,144.36,-38.147
38748,2006-02-04 00:00:00,0.0605056780952952,-0.0757233686612669,0.1967347248518575,144.36,-38.147
38749,2006-02-05 00:00:00,0.0256265062933908,-0.1105896110955542,0.1618426236823359,144.36,-38.147
38750,2006-02-06 00:00:00,0.1221970847311334,-0.0142225282228133,0.2586166976850802,144.36,-38.147
38751,2006-02-07 00:00:00,0.1210615450141016,-0.0159230193222499,0.2580461093504531,144.36,-38.147
38752,2006-02-08 00:00:00,-0.0714226623245832,-0.2079278362178436,0.0650825115686771,144.36,-38.147
38753,2006-02-09 00:00:00,0.2480869286885836,0.1113472409771054,0.3848266164000619,144.36,-38.147
38754,2006-02-10 00:00:00,0.1332070435019191,-0.0033747791704081,0.2697888661742464,144.36,-38.147
38755,2006-02-11 00:00:00,0.0545119275639446,-0.0816820965214666,0.190705951649356,144.36,-38.147
38756,2006-02-12 00:00:00,0.0564334589122473,-0.0797986195650275,0.1926655373895222,144.36,-38.147
38757,2006-02-13 00:00:00,0.1474805308934702,0.0109224074515479,0.2840386543353925,144.36,-38.147
38758,2006-02-14 00:00:00,0.0446470513910441,-0.0915952090365373,0.1808893118186256,144.36,-38.147
38759,2006-02-15 00:00:00,0.0070564383750533,-0.1291634373921626,0.1432763141422693,144.36,-38.147
38760,2006-02-16 00:00:00,0.0230178059212964,-0.1132188655445662,0.1592544773871592,144.36,-38.147
38761,2006-02-17 00:00:00,0.10221860842879,-0.0341706780411202,0.2386078948987003,144.36,-38.147
38762,2006-02-18 00:00:00,0.1590908843666972,0.0227499165930499,0.2954318521403445,144.36,-38.147
38763,2006-02-19 00:00:00,0.1203009952823727,-0.0159342344482028,0.2565362250129483,144.36,-38.147
38764,2006-02-20 00:00:00,0.075634257032641,-0.060622978995549,0.2118914930608311,144.36,-38.147
38765,2006-02-21 00:00:00,0.025684254052905,-0.1105551924118902,0.1619237005177002,144.36,-38.147
38766,2006-02-22 00:00:00,0.0091365678925928,-0.1272073147947258,0.1454804505799115,144.36,-38.147
38767,2006-02-23 00:00:00,-0.059784278689971,-0.1962836566058681,0.076715099225926,144.36,-38.147
38768,2006-02-24 00:00:00,-0.0226635053128664,-0.1591564110964607,0.1138294004707279,144.36,-38.147
38769,2006-02-25 00:00:00,0.1077992198032227,-0.0286303761580587,0.2442288157645041,144.36,-38.147
38770,2006-02-26 00:00:00,0.1267903372898851,-0.0095192689111592,0.2630999434909296,144.36,-38.147
38771,2006-02-27 00:00:00,0.0486398007907028,-0.0876033130982919,0.1848829146796977,144.36,-38.147
38772,2006-02-28 00:00:00,0.01952027088827,-0.1167169686647336,0.1557575104412737,144.36,-38.147
38773,2006-03-01 00:00:00,0.0110418361202306,-0.1252571125607369,0.1473407848011982,144.36,-38.147
38774,2006-03-02 00:00:00,-0.0676585823635591,-0.2039260129642455,0.0686088482371272,144.36,-38.147
38775,2006-03-03 00:00:00,0.0025525992756878,-0.1337291740766589,0.1388343726280345,144.36,-38.147
38776,2006-03-04 00:00:00,0.0222284411439397,-0.1140431813827864,0.158500063670666,144.36,-38.147
38777,2006-03-05 00:00:00,-0.0296519939646427,-0.1659367038089235,0.1066327158796381,144.36,-38.147
38778,2006-03-06 00:00:00,0.0603519620403628,-0.076030414328582,0.1967343384093077,144.36,-38.147
38779,2006-03-07 00:00:00,0.1099911522623091,-0.0263201797254756,0.246302484250094,144.36,-38.147
38780,2006-03-08 00:00:00,0.0391866854669781,-0.0970617676698666,0.1754351386038228,144.36,-38.147
38781,2006-03-09 00:00:00,0.043969466247179,-0.0922484806261356,0.1801874131204935,144.36,-38.147
38782,2006-03-10 00:00:00,0.0384740180267411,-0.0977902354921514,0.1747382715456337,144.36,-38.147
38783,2006-03-11 00:00:00,0.0093947316771262,-0.1267971285293917,0.1455865918836442,144.36,-38.147
38784,2006-03-12 00:00:00,0.0145624769046573,-0.1217347820542766,0.1508597358635913,144.36,-38.147
38785,2006-03-13 00:00:00,0.2371639740523691,0.1004377588913977,0.3738901892133405,144.36,-38.147
38786,2006-03-14 00:00:00,0.0944114431943602,-0.041999013556535,0.2308218999452556,144.36,-38.147
38787,2006-03-15 00:00:00,0.0068442431679542,-0.1293776886344027,0.1430661749703112,144.36,-38.147
38788,2006-03-16 00:00:00,0.1843714774035575,0.0479787739929817,0.3207641808141333,144.36,-38.147
38789,2006-03-17 00:00:00,0.1178785665046468,-0.0185050529829141,0.2542621859922079,144.36,-38.147
38790,2006-03-18 00:00:00,0.0562378212662903,-0.0800054618956607,0.1924811044282415,144.36,-38.147
38791,2006-03-19 00:00:00,0.0673197839425443,-0.0689090642403248,0.2035486321254135,144.36,-38.147
38792,2006-03-20 00:00:00,0.0061944789529131,-0.1301131412529975,0.1425020991588239,144.36,-38.147
38793,2006-03-21 00:00:00,-0.0398786904429686,-0.1761091678466526,0.0963517869607154,144.36,-38.147
38794,2006-03-22 00:00:00,-0.0283747292453053,-0.1645632993771605,0.1078138408865498,144.36,-38.147
38795,2006-03-23 00:00:00,0.0009259495418919,-0.1352681694505831,0.1371200685343669,144.36,-38.147
38796,2006-03-24 00:00:00,-0.0399061878363113,-0.1762639373445741,0.0964515616719514,144.36,-38.147
38797,2006-03-25 00:00:00,-0.0136735986569227,-0.1500855908114317,0.1227383934975863,144.36,-38.147
38798,2006-03-26 00:00:00,0.0434483244568324,-0.092895770769742,0.179792419683407,144.36,-38.147
38799,2006-03-27 00:00:00,0.0573903266669035,-0.0789871118340542,0.1937677651678612,144.36,-38.147
38800,2006-03-28 00:00:00,0.0099494397058304,-0.1264275561344009,0.1463264355460618,144.36,-38.147
38801,2006-03-29 00:00:00,-0.0026336203875181,-0.1390163211313628,0.1337490803563266,144.36,-38.147
38802,2006-03-30 00:00:00,0.0397194134834022,-0.0966216787884024,0.176060505755207,144.36,-38.147
38803,2006-03-31 00:00:00,0.1078871832611327,-0.0285116745795278,0.2442860411017933,144.36,-38.147
38804,2006-04-01 00:00:00,0.0951353966626712,-0.041963667825853,0.2322344611511955,144.36,-38.147
38805,2006-04-02 00:00:00,-0.047724800266921,-0.1846297382177531,0.0891801376839111,144.36,-38.147
38806,2006-04-03 00:00:00,-0.0001422523129905,-0.1364617055395924,0.1361772009136114,144.36,-38.147
38807,2006-04-04 00:00:00,0.0791755543030791,-0.0570077693769205,0.2153588779830789,144.36,-38.147
38808,2006-04-05 00:00:00,0.2276991990000101,0.0912680324216382,0.3641303655783821,144.36,-38.147
38809,2006-04-06 00:00:00,0.3507104357475764,0.2136849838388574,0.4877358876562954,144.36,-38.147
38810,2006-04-07 00:00:00,0.1568278662629458,0.0200470274675062,0.2936087050583853,144.36,-38.147
38811,2006-04-08 00:00:00,0.0582212886946515,-0.0784775863811445,0.1949201637704476,144.36,-38.147
38812,2006-04-09 00:00:00,-0.0049383149098588,-0.1420581551615951,0.1321815253418774,144.36,-38.147
38813,2006-04-10 00:00:00,-0.0360431568812535,-0.172439673207437,0.1003533594449299,144.36,-38.147
38814,2006-04-11 00:00:00,0.1092492165896276,-0.0270334419421139,0.2455318751213692,144.36,-38.147
38815,2006-04-12 00:00:00,0.2496870155349895,0.1130621340986047,0.3863118969713742,144.36,-38.147
38816,2006-04-13 00:00:00,0.0931633903050842,-0.0431012891387334,0.2294280697489018,144.36,-38.147
38817,2006-04-14 00:00:00,0.1217707619815721,-0.014442190548494,0.2579837145116383,144.36,-38.147
38818,2006-04-15 00:00:00,0.1005374124583108,-0.0362008856403576,0.2372757105569793,144.36,-38.147
38819,2006-04-16 00:00:00,-0.0473732097926207,-0.1838302547521254,0.0890838351668839,144.36,-38.147
38820,2006-04-17 00:00:00,-0.0322802877766268,-0.168674608381469,0.1041140328282153,144.36,-38.147
38821,2006-04-18 00:00:00,0.2197332490401877,0.0825995041035438,0.3568669939768316,144.36,-38.147
38822,2006-04-19 00:00:00,0.1432974659166452,0.0066129624518496,0.2799819693814408,144.36,-38.147
38823,2006-04-20 00:00:00,0.3777702638664766,0.2406037213818609,0.5149368063510924,144.36,-38.147
38824,2006-04-21 00:00:00,0.2147454128661446,0.0777480284776191,0.3517427972546702,144.36,-38.147
38825,2006-04-22 00:00:00,0.054606025724364,-0.0818194643383201,0.1910315157870482,144.36,-38.147
38826,2006-04-23 00:00:00,0.082845387275057,-0.0534842378799785,0.2191750124300926,144.36,-38.147
38827,2006-04-24 00:00:00,0.0006359834507063,-0.135609259929217,0.1368812268306298,144.36,-38.147
38828,2006-04-25 00:00:00,-0.0257369097433733,-0.1619114000827227,0.1104375805959761,144.36,-38.147
38829,2006-04-26 00:00:00,-0.0122287838776698,-0.1484240788773176,0.123966511121978,144.36,-38.147
38830,2006-04-27 00:00:00,-0.0033539338226884,-0.1395496871428574,0.1328418194974805,144.36,-38.147
38831,2006-04-28 00:00:00,0.009857462068077,-0.1263489278673151,0.1460638520034693,144.36,-38.147
38832,2006-04-29 00:00:00,0.0900223505685747,-0.0462271017615422,0.2262718028986916,144.36,-38.147
38833,2006-04-30 00:00:00,0.0611063482921289,-0.0751320000498202,0.1973446966340781,144.36,-38.147
38834,2006-05-01 00:00:00,0.0648215460150544,-0.0714861483532412,0.2011292403833501,144.36,-38.147
38835,2006-05-02 00:00:00,0.114735187665398,-0.0216996894281693,0.2511700647589654,144.36,-38.147
38836,2006-05-03 00:00:00,0.3377897774026748,0.2007807080280156,0.4747988467773339,144.36,-38.147
38837,2006-05-04 00:00:00,0.0979545928018097,-0.0390819577907692,0.2349911433943886,144.36,-38.147
38838,2006-05-05 00:00:00,0.1191060376218541,-0.0173990696858335,0.2556111449295418,144.36,-38.147
38839,2006-05-06 00:00:00,0.0556159376302919,-0.0808398046427524,0.1920716799033363,144.36,-38.147
38840,2006-05-07 00:00:00,0.325428204938665,0.1863150671170437,0.4645413427602863,144.36,-38.147
38841,2006-05-08 00:00:00,0.1778064461094559,0.0396208918157214,0.3159920004031905,144.36,-38.147
38842,2006-05-09 00:00:00,0.1307107990954812,-0.0057480136528862,0.2671696118438486,144.36,-38.147
38843,2006-05-10 00:00:00,0.143482266989327,0.0067418041617721,0.280222729816882,144.36,-38.147
38844,2006-05-11 00:00:00,-0.0100035690066755,-0.1465001639938153,0.1264930259804643,144.36,-38.147
38845,2006-05-12 00:00:00,0.0284066171974298,-0.1077851151250477,0.1645983495199074,144.36,-38.147
38846,2006-05-13 00:00:00,0.0278617767211718,-0.1084254342847705,0.1641489877271143,144.36,-38.147
38847,2006-05-14 00:00:00,0.0141606750289265,-0.1221630577209535,0.1504844077788066,144.36,-38.147
38848,2006-05-15 00:00:00,-0.0079789015771523,-0.1441934607416235,0.1282356575873189,144.36,-38.147
38849,2006-05-16 00:00:00,-0.0199928794755967,-0.1561839687876054,0.1161982098364119,144.36,-38.147
38850,2006-05-17 00:00:00,0.0406926268046695,-0.0955174741916491,0.1769027278009882,144.36,-38.147
38851,2006-05-18 00:00:00,0.0044590081050769,-0.1317734636512765,0.1406914798614305,144.36,-38.147
38852,2006-05-19 00:00:00,0.0142753145818176,-0.1219685835857715,0.1505192127494068,144.36,-38.147
38853,2006-05-20 00:00:00,0.0853038036863989,-0.0510698132723663,0.2216774206451642,144.36,-38.147
38854,2006-05-21 00:00:00,0.015807856725101,-0.1204749152767235,0.1520906287269256,144.36,-38.147
38855,2006-05-22 00:00:00,-0.0169449653280918,-0.153278807347544,0.1193888766913602,144.36,-38.147
38856,2006-05-23 00:00:00,-0.045131435410242,-0.1814528641034961,0.091189993283012,144.36,-38.147
38857,2006-05-24 00:00:00,-0.0113958319235591,-0.1477552633998846,0.1249635995527664,144.36,-38.147
38858,2006-05-25 00:00:00,0.0183078052930805,-0.1179599700237457,0.1545755806099068,144.36,-38.147
38859,2006-05-26 00:00:00,0.0183718499244308,-0.1178394866943095,0.1545831865431712,144.36,-38.147
38860,2006-05-27 00:00:00,0.0173960623323042,-0.1188076540693488,0.1535997787339573,144.36,-38.147
38861,2006-05-28 00:00:00,0.0235098204434697,-0.1127131247556959,0.1597327656426355,144.36,-38.147
38862,2006-05-29 00:00:00,-0.004461272541996,-0.1407791305836221,0.13185658549963,144.36,-38.147
38863,2006-05-30 00:00:00,-0.0490395272976937,-0.1853253456560696,0.0872462910606822,144.36,-38.147
38864,2006-05-31 00:00:00,0.0086084199421479,-0.127755171604561,0.1449720114888568,144.36,-38.147
38865,2006-06-01 00:00:00,0.0690065551940573,-0.0674033662545551,0.2054164766426697,144.36,-38.147
38866,2006-06-02 00:00:00,0.0691898154544326,-0.067162410351668,0.2055420412605332,144.36,-38.147
38867,2006-06-03 00:00:00,0.0409664026328773,-0.095443612854683,0.1773764181204377,144.36,-38.147
38868,2006-06-04 00:00:00,0.0001568547838112,-0.1361592410980966,0.1364729506657191,144.36,-38.147
38869,2006-06-05 00:00:00,-0.0223028188793017,-0.1585593254099941,0.1139536876513906,144.36,-38.147
38870,2006-06-06 00:00:00,-0.035367359554732,-0.1715768179660764,0.1008420988566123,144.36,-38.147
38871,2006-06-07 00:00:00,-0.0433626792299268,-0.1795503652087488,0.0928250067488952,144.36,-38.147
38872,2006-06-08 00:00:00,-0.0112113341852208,-0.1473996087481463,0.1249769403777045,144.36,-38.147
38873,2006-06-09 00:00:00,-0.0209344625027244,-0.1571281777030438,0.1152592526975948,144.36,-38.147
38874,2006-06-10 00:00:00,-0.0038616732809769,-0.1401242578549955,0.1324009112930417,144.36,-38.147
38875,2006-06-11 00:00:00,0.0466951103481258,-0.0915124594975108,0.1849026801937625,144.36,-38.147
38876,2006-06-12 00:00:00,-0.0999152217555782,-0.2379808574857657,0.0381504139746092,144.36,-38.147
38877,2006-06-13 00:00:00,-0.0100941447911297,-0.1463555581679763,0.1261672685857169,144.36,-38.147
38878,2006-06-14 00:00:00,0.0094456140567153,-0.1267777792583089,0.1456690073717396,144.36,-38.147
38879,2006-06-15 00:00:00,0.040769619191014,-0.0955426261363214,0.1770818645183494,144.36,-38.147
38880,2006-06-16 00:00:00,0.0073395159866054,-0.1290754069726277,0.1437544389458385,144.36,-38.147
38881,2006-06-17 00:00:00,-0.0524852812096935,-0.1887251308319227,0.0837545684125355,144.36,-38.147
38882,2006-06-18 00:00:00,-0.0399206898684843,-0.1761030613789849,0.0962616816420162,144.36,-38.147
38883,2006-06-19 00:00:00,-0.0190392695593326,-0.1552183329824079,0.1171397938637426,144.36,-38.147
38884,2006-06-20 00:00:00,-0.0057079259887697,-0.1419042199744722,0.1304883679969327,144.36,-38.147
38885,2006-06-21 00:00:00,-0.0537781178990661,-0.1900652217128638,0.0825089859147315,144.36,-38.147
38886,2006-06-22 00:00:00,-0.0034837871475102,-0.1398252423939465,0.132857668098926,144.36,-38.147
38887,2006-06-23 00:00:00,0.098450042812965,-0.0379101979076623,0.2348102835335924,144.36,-38.147
38888,2006-06-24 00:00:00,0.0882017055647212,-0.048091896670296,0.2244953077997386,144.36,-38.147
38889,2006-06-25 00:00:00,0.0319502209937661,-0.1043047470862867,0.1682051890738191,144.36,-38.147
38890,2006-06-26 00:00:00,0.0107108550710448,-0.1255296131387759,0.1469513232808656,144.36,-38.147
38891,2006-06-27 00:00:00,0.0622261986639643,-0.0740715103207812,0.1985239076487099,144.36,-38.147
38892,2006-06-28 00:00:00,-0.0018597293427007,-0.1381966379771824,0.134477179291781,144.36,-38.147
38893,2006-06-29 00:00:00,-0.0046354145725258,-0.1408991982333782,0.1316283690883265,144.36,-38.147
38894,2006-06-30 00:00:00,0.0658007621575912,-0.070494332718429,0.2020958570336116,144.36,-38.147
38895,2006-07-01 00:00:00,0.1545589257793501,0.017828412727935,0.2912894388307652,144.36,-38.147
38896,2006-07-02 00:00:00,0.168936862741631,0.031587672877425,0.3062860526058369,144.36,-38.147
38897,2006-07-03 00:00:00,0.0181735911702724,-0.1184010611947939,0.1547482435353389,144.36,-38.147
38898,2006-07-04 00:00:00,-0.0439927410958754,-0.1803455761247519,0.0923600939330009,144.36,-38.147
38899,2006-07-05 00:00:00,0.052133887720309,-0.0842179780889908,0.1884857535296089,144.36,-38.147
38900,2006-07-06 00:00:00,0.1606827747848457,0.0242138725830637,0.2971516769866277,144.36,-38.147
38901,2006-07-07 00:00:00,0.045642699022573,-0.0906443914643876,0.1819297895095336,144.36,-38.147
38902,2006-07-08 00:00:00,0.0662189746381596,-0.0700997685491562,0.2025377178254754,144.36,-38.147
38903,2006-07-09 00:00:00,0.0349500314691038,-0.101298874770678,0.1711989377088856,144.36,-38.147
38904,2006-07-10 00:00:00,0.0946010151822279,-0.0419240133690566,0.2311260437335125,144.36,-38.147
38905,2006-07-11 00:00:00,0.2090588544675604,0.0718842232534481,0.3462334856816727,144.36,-38.147
38906,2006-07-12 00:00:00,0.0800778037231928,-0.0570868491729671,0.2172424566193528,144.36,-38.147
38907,2006-07-13 00:00:00,-0.0159723662883585,-0.1524519805448952,0.1205072479681782,144.36,-38.147
38908,2006-07-14 00:00:00,-0.0567060715330516,-0.1930013996514532,0.07958925658535,144.36,-38.147
38909,2006-07-15 00:00:00,-0.0038922762374051,-0.1416683931209199,0.1338838406461096,144.36,-38.147
38910,2006-07-16 00:00:00,0.0017124327965319,-0.136001141696258,0.1394260072893219,144.36,-38.147
38911,2006-07-17 00:00:00,0.0001863578461254,-0.1368613905490183,0.1372341062412692,144.36,-38.147
38912,2006-07-18 00:00:00,-0.0240924286830613,-0.160644023201606,0.1124591658354833,144.36,-38.147
38913,2006-07-19 00:00:00,-0.0715145059735611,-0.2078449287274292,0.0648159167803069,144.36,-38.147
38914,2006-07-20 00:00:00,-0.0804731963891803,-0.2167184558293219,0.0557720630509612,144.36,-38.147
38915,2006-07-21 00:00:00,-0.0644726673890648,-0.2007394136930028,0.0717940789148731,144.36,-38.147
38916,2006-07-22 00:00:00,-0.0371766558964944,-0.1734706909214929,0.0991173791285041,144.36,-38.147
38917,2006-07-23 00:00:00,0.0076983959391199,-0.1285349244622295,0.1439317163404694,144.36,-38.147
38918,2006-07-24 00:00:00,0.0283519141161854,-0.1078724227947183,0.1645762510270892,144.36,-38.147
38919,2006-07-25 00:00:00,-0.0230333677188658,-0.1592964860694438,0.113229750631712,144.36,-38.147
38920,2006-07-26 00:00:00,-0.031931415858772,-0.1682378346317358,0.1043750029141918,144.36,-38.147
38921,2006-07-27 00:00:00,-0.0068412393110484,-0.1430598439492049,0.129377365327108,144.36,-38.147
38922,2006-07-28 00:00:00,0.0311047852672003,-0.105110458968606,0.1673200295030066,144.36,-38.147
38923,2006-07-29 00:00:00,0.1669799932666879,0.0304500597205553,0.3035099268128206,144.36,-38.147
38924,2006-07-30 00:00:00,0.1555106976985616,0.0189711324508811,0.2920502629462421,144.36,-38.147
38925,2006-07-31 00:00:00,0.2527426350360071,0.1156029318876666,0.3898823381843475,144.36,-38.147
38926,2006-08-01 00:00:00,0.0598957974881896,-0.0767126489956468,0.1965042439720261,144.36,-38.147
38927,2006-08-02 00:00:00,0.0193868408235444,-0.1168589630827914,0.1556326447298802,144.36,-38.147
38928,2006-08-03 00:00:00,0.1598869740304337,0.0236194024372168,0.2961545456236505,144.36,-38.147
38929,2006-08-04 00:00:00,0.0812510509027486,-0.054993615519436,0.2174957173249333,144.36,-38.147
38930,2006-08-05 00:00:00,-0.0108572643973738,-0.1470816517799937,0.1253671229852459,144.36,-38.147
38931,2006-08-06 00:00:00,0.0006941170390693,-0.1355748812498623,0.1369631153280011,144.36,-38.147
38932,2006-08-07 00:00:00,-0.0570433356907927,-0.1932798029699302,0.0791931315883448,144.36,-38.147
38933,2006-08-08 00:00:00,-0.0338338475825,-0.170132020699741,0.1024643255347409,144.36,-38.147
38934,2006-08-09 00:00:00,0.1543448431443359,0.0175624116321627,0.2911272746565091,144.36,-38.147
38935,2006-08-10 00:00:00,0.042802040752271,-0.094114826335499,0.179718907840041,144.36,-38.147
38936,2006-08-11 00:00:00,0.023126075096988,-0.1130846804807762,0.1593368306747523,144.36,-38.147
38937,2006-08-12 00:00:00,0.0032984116720606,-0.1328953552762243,0.1394921786203456,144.36,-38.147
38938,2006-08-13 00:00:00,0.0059261675111169,-0.1303118919055452,0.1421642269277791,144.36,-38.147
38939,2006-08-14 00:00:00,0.1066643441771948,-0.0296560451967321,0.2429847335511218,144.36,-38.147
38940,2006-08-15 00:00:00,0.0954712168267841,-0.0408151670911006,0.2317576007446688,144.36,-38.147
38941,2006-08-16 00:00:00,0.0094267506611511,-0.1273326263373128,0.1461861276596151,144.36,-38.147
38942,2006-08-17 00:00:00,0.229604366143881,0.0919294821562705,0.3672792501314916,144.36,-38.147
38943,2006-08-18 00:00:00,0.1438179813540332,0.0073865060239492,0.2802494566841172,144.36,-38.147
38944,2006-08-19 00:00:00,0.0838988856578425,-0.0523676724672362,0.2201654437829213,144.36,-38.147
38945,2006-08-20 00:00:00,0.0244701386351901,-0.111775247558874,0.1607155248292543,144.36,-38.147
38946,2006-08-21 00:00:00,0.0724531985587093,-0.0639938860720154,0.2089002831894341,144.36,-38.147
38947,2006-08-22 00:00:00,0.2696205854171305,0.1330139740904421,0.4062271967438189,144.36,-38.147
38948,2006-08-23 00:00:00,0.094989750959584,-0.0412927224306336,0.2312722243498016,144.36,-38.147
38949,2006-08-24 00:00:00,0.0556983963679583,-0.0806039245446794,0.1920007172805962,144.36,-38.147
38950,2006-08-25 00:00:00,0.0531340240400845,-0.0832231582740468,0.1894912063542158,144.36,-38.147
38951,2006-08-26 00:00:00,-0.0177751035992344,-0.1540463468381225,0.1184961396396535,144.36,-38.147
38952,2006-08-27 00:00:00,0.0716125984191765,-0.0645995686938814,0.2078247655322344,144.36,-38.147
38953,2006-08-28 00:00:00,0.0996702853599536,-0.0365527947047429,0.2358933654246503,144.36,-38.147
38954,2006-08-29 00:00:00,0.0317381546010644,-0.1044974515428513,0.1679737607449801,144.36,-38.147
38955,2006-08-30 00:00:00,-0.0349181577037526,-0.1711511272537196,0.1013148118462143,144.36,-38.147
38956,2006-08-31 00:00:00,-0.0055367715093336,-0.1417648753440501,0.1306913323253829,144.36,-38.147
38957,2006-09-01 00:00:00,0.0895529999536506,-0.0467997068610819,0.2259057067683832,144.36,-38.147
38958,2006-09-02 00:00:00,0.0901892769312544,-0.0462572952541593,0.2266358491166681,144.36,-38.147
38959,2006-09-03 00:00:00,0.2152287274373876,0.078680944295538,0.3517765105792372,144.36,-38.147
38960,2006-09-04 00:00:00,0.1048813401768985,-0.031574140417257,0.2413368207710541,144.36,-38.147
38961,2006-09-05 00:00:00,0.0322529058887056,-0.1040273519746914,0.1685331637521026,144.36,-38.147
38962,2006-09-06 00:00:00,0.0744283146805772,-0.0622539512930239,0.2111105806541784,144.36,-38.147
38963,2006-09-07 00:00:00,0.0796701120644198,-0.0573097731140378,0.2166499972428774,144.36,-38.147
38964,2006-09-08 00:00:00,0.0075238263918168,-0.1290041196857624,0.1440517724693961,144.36,-38.147
38965,2006-09-09 00:00:00,-0.0580777557685816,-0.1954266401146667,0.0792711285775033,144.36,-38.147
38966,2006-09-10 00:00:00,-0.0873328491346115,-0.2245679644191644,0.0499022661499413,144.36,-38.147
38967,2006-09-11 00:00:00,-0.0947095620899829,-0.2311703596697367,0.0417512354897709,144.36,-38.147
38968,2006-09-12 00:00:00,-0.062696230824725,-0.1989334000360142,0.0735409383865642,144.36,-38.147
38969,2006-09-13 00:00:00,-0.0403337055340593,-0.1766240665995899,0.0959566555314712,144.36,-38.147
38970,2006-09-14 00:00:00,0.0442565131390877,-0.0920848736319307,0.1805978999101063,144.36,-38.147
38971,2006-09-15 00:00:00,0.0100043967729821,-0.1262679669668732,0.1462767605128374,144.36,-38.147
38972,2006-09-16 00:00:00,-0.0297616823637964,-0.1659855024232987,0.1064621376957058,144.36,-38.147
38973,2006-09-17 00:00:00,-0.0185930866287977,-0.154805759346593,0.1176195860889974,144.36,-38.147
38974,2006-09-18 00:00:00,0.0762963643660719,-0.0601494387120335,0.2127421674441774,144.36,-38.147
38975,2006-09-19 00:00:00,0.0281584252359845,-0.1085594160778571,0.1648762665498261,144.36,-38.147
38976,2006-09-20 00:00:00,0.3801211735529128,0.2421634936685588,0.5180788534372668,144.36,-38.147
38977,2006-09-21 00:00:00,0.228538905800804,0.0913016336959344,0.3657761779056736,144.36,-38.147
38978,2006-09-22 00:00:00,0.1408445777082781,0.0026202948791236,0.2790688605374327,144.36,-38.147
38979,2006-09-23 00:00:00,0.3350007101484125,0.1954998311461239,0.4745015891507011,144.36,-38.147
38980,2006-09-24 00:00:00,0.3152442095114679,0.1770196368552097,0.453468782167726,144.36,-38.147
38981,2006-09-25 00:00:00,0.2404417728483071,0.1021232415538265,0.3787603041427877,144.36,-38.147
38982,2006-09-26 00:00:00,0.0195609432401302,-0.1167979722109622,0.1559198586912228,144.36,-38.147
38983,2006-09-27 00:00:00,0.1034048530576398,-0.0337180357304743,0.2405277418457539,144.36,-38.147
38984,2006-09-28 00:00:00,0.125134801357149,-0.012296558733074,0.262566161447372,144.36,-38.147
38985,2006-09-29 00:00:00,0.1238300299955023,-0.0124843292572857,0.2601443892482904,144.36,-38.147
38986,2006-09-30 00:00:00,0.0487931161983418,-0.0875543933166619,0.1851406257133457,144.36,-38.147
38987,2006-10-01 00:00:00,-0.0171376103260598,-0.1533892340095574,0.1191140133574377,144.36,-38.147
38988,2006-10-02 00:00:00,0.1419294864834132,0.0054521247948762,0.2784068481719501,144.36,-38.147
38989,2006-10-03 00:00:00,0.0062387301655232,-0.1299949075321965,0.1424723678632429,144.36,-38.147
38990,2006-10-04 00:00:00,-0.0372940054856018,-0.1736535036761914,0.0990654927049877,144.36,-38.147
38991,2006-10-05 00:00:00,0.3562858785877609,0.2188268102111858,0.4937449469643361,144.36,-38.147
38992,2006-10-06 00:00:00,0.0350699044273825,-0.1017468841703157,0.1718866930250808,144.36,-38.147
38993,2006-10-07 00:00:00,0.0169726265394123,-0.1194343516609043,0.153379604739729,144.36,-38.147
38994,2006-10-08 00:00:00,0.1267019120817404,-0.010699228841989,0.26410305300547,144.36,-38.147
38995,2006-10-09 00:00:00,-0.0165884799839568,-0.1536632208853237,0.1204862609174101,144.36,-38.147
38996,2006-10-10 00:00:00,-0.0640845040791061,-0.2003415243037097,0.0721725161454974,144.36,-38.147
38997,2006-10-11 00:00:00,-0.0148781371959134,-0.1513676304833195,0.1216113560914927,144.36,-38.147
38998,2006-10-12 00:00:00,0.0793663413339618,-0.057993136174104,0.2167258188420277,144.36,-38.147
38999,2006-10-13 00:00:00,0.1994380612442505,0.0617539416229959,0.3371221808655051,144.36,-38.147
39000,2006-10-14 00:00:00,0.1465460484291155,0.0100615355482703,0.2830305613099607,144.36,-38.147
39001,2006-10-15 00:00:00,0.0902035988008475,-0.0461673036149859,0.2265745012166811,144.36,-38.147
39002,2006-10-16 00:00:00,-0.0337329635591915,-0.1700063764130804,0.1025404492946973,144.36,-38.147
39003,2006-10-17 00:00:00,-0.0480140008378431,-0.1843551867245198,0.0883271850488335,144.36,-38.147
39004,2006-10-18 00:00:00,0.2186406452229524,0.0820288078681442,0.3552524825777605,144.36,-38.147
39005,2006-10-19 00:00:00,0.1148042222575962,-0.0217103487051474,0.2513187932203399,144.36,-38.147
39006,2006-10-20 00:00:00,0.1058279242818101,-0.0306019476063045,0.2422577961699249,144.36,-38.147
39007,2006-10-21 00:00:00,0.0784465345127626,-0.0580839759537479,0.2149770449792732,144.36,-38.147
39008,2006-10-22 00:00:00,-0.0572988937655949,-0.1935751747589974,0.0789773872278074,144.36,-38.147
39009,2006-10-23 00:00:00,-0.057285382738824,-0.1935273558831671,0.0789565904055189,144.36,-38.147
39010,2006-10-24 00:00:00,-0.0136714067008968,-0.149906100062656,0.1225632866608623,144.36,-38.147
39011,2006-10-25 00:00:00,0.1069387612727409,-0.0296962098203985,0.2435737323658804,144.36,-38.147
39012,2006-10-26 00:00:00,0.0438282259043393,-0.0927550199658172,0.1804114717744959,144.36,-38.147
39013,2006-10-27 00:00:00,0.1017920672013121,-0.0345833079427726,0.238167442345397,144.36,-38.147
39014,2006-10-28 00:00:00,0.1199448981472738,-0.0176065356598332,0.2574963319543809,144.36,-38.147
39015,2006-10-29 00:00:00,-0.0302468385337769,-0.1667755597101113,0.1062818826425574,144.36,-38.147
39016,2006-10-30 00:00:00,0.0119662975494886,-0.1241997525643014,0.1481323476632788,144.36,-38.147
39017,2006-10-31 00:00:00,0.0095541749852133,-0.1266330972321924,0.1457414472026191,144.36,-38.147
39018,2006-11-01 00:00:00,0.034859215542238,-0.1013506216897207,0.1710690527741967,144.36,-38.147
39019,2006-11-02 00:00:00,0.0927777050736431,-0.0435396070068382,0.2290950171541245,144.36,-38.147
39020,2006-11-03 00:00:00,0.1791750314680621,0.0428371851499778,0.3155128777861465,144.36,-38.147
39021,2006-11-04 00:00:00,0.0945646339573416,-0.0417082154027912,0.2308374833174744,144.36,-38.147
39022,2006-11-05 00:00:00,0.0250497730768563,-0.1113631626034323,0.161462708757145,144.36,-38.147
39023,2006-11-06 00:00:00,-0.0453002367223633,-0.1819405741013328,0.0913401006566061,144.36,-38.147
39024,2006-11-07 00:00:00,-0.014271698060264,-0.15096134076322,0.1224179446426918,144.36,-38.147
39025,2006-11-08 00:00:00,-0.0385128421510865,-0.1752258352343822,0.0982001509322091,144.36,-38.147
39026,2006-11-09 00:00:00,-0.0643148174032951,-0.2008195621333234,0.0721899273267331,144.36,-38.147
39027,2006-11-10 00:00:00,0.0050698858648818,-0.1311759785821262,0.1413157503118899,144.36,-38.147
39028,2006-11-11 00:00:00,0.0729372790176039,-0.0634001850201337,0.2092747430553415,144.36,-38.147
39029,2006-11-12 00:00:00,0.1388903086742242,0.0025304845856919,0.2752501327627565,144.36,-38.147
39030,2006-11-13 00:00:00,0.289662860823337,0.1520012069629084,0.4273245146837656,144.36,-38.147
39031,2006-11-14 00:00:00,0.1895240238954165,0.0515412924142896,0.3275067553765434,144.36,-38.147
39032,2006-11-15 00:00:00,0.231076218548989,0.0931456589181371,0.369006778179841,144.36,-38.147
39033,2006-11-16 00:00:00,0.0946668028452803,-0.0429473487446802,0.2322809544352408,144.36,-38.147
39034,2006-11-17 00:00:00,-0.0363857220310336,-0.1727593916775349,0.0999879476154676,144.36,-38.147
39035,2006-11-18 00:00:00,-0.0260825696309844,-0.1623193817600699,0.1101542424981011,144.36,-38.147
39036,2006-11-19 00:00:00,-0.0088242363607292,-0.1451539831951442,0.1275055104736858,144.36,-38.147
39037,2006-11-20 00:00:00,-0.0123944321521973,-0.1488800908720504,0.1240912265676557,144.36,-38.147
39038,2006-11-21 00:00:00,0.0720524768358749,-0.0646547266350544,0.2087596803068043,144.36,-38.147
39039,2006-11-22 00:00:00,0.3307611685180188,0.1938414686078557,0.4676808684281819,144.36,-38.147
39040,2006-11-23 00:00:00,0.1605216696150529,0.0239170964559185,0.2971262427741874,144.36,-38.147
39041,2006-11-24 00:00:00,0.05018469578346,-0.0861104295602218,0.1864798211271419,144.36,-38.147
39042,2006-11-25 00:00:00,0.0487179615751681,-0.0875047487842048,0.1849406719345411,144.36,-38.147
39043,2006-11-26 00:00:00,0.0633157076784331,-0.0730398071915805,0.1996712225484468,144.36,-38.147
39044,2006-11-27 00:00:00,0.011854808632932,-0.1244759070997322,0.1481855243655962,144.36,-38.147
39045,2006-11-28 00:00:00,0.0340520136904536,-0.1022010316590256,0.1703050590399329,144.36,-38.147
39046,2006-11-29 00:00:00,0.1049609844005578,-0.0319886126013765,0.2419105814024921,144.36,-38.147
39047,2006-11-30 00:00:00,-0.070796459952103,-0.2076744091706014,0.0660814892663953,144.36,-38.147
39048,2006-12-01 00:00:00,0.1569066130939111,0.0204058302649191,0.2934073959229032,144.36,-38.147
39049,2006-12-02 00:00:00,0.2624240494537202,0.1258813476710979,0.3989667512363425,144.36,-38.147
39050,2006-12-03 00:00:00,0.084282213372195,-0.0520453299087648,0.2206097566531549,144.36,-38.147
39051,2006-12-04 00:00:00,0.0214459406681112,-0.1147775504830835,0.1576694318193059,144.36,-38.147
39052,2006-12-05 00:00:00,0.0166735025762609,-0.1195894283481605,0.1529364335006825,144.36,-38.147
39053,2006-12-06 00:00:00,0.1588500629116719,0.0223486482718129,0.2953514775515309,144.36,-38.147
39054,2006-12-07 00:00:00,0.0709412424711103,-0.0655072350730573,0.2073897200152781,144.36,-38.147
39055,2006-12-08 00:00:00,-0.0097852505210799,-0.1461029315008975,0.1265324304587376,144.36,-38.147
39056,2006-12-09 00:00:00,-0.0184018363255541,-0.15476720298669,0.1179635303355817,144.36,-38.147
39057,2006-12-10 00:00:00,0.059039442147326,-0.0773521685489792,0.1954310528436314,144.36,-38.147
39058,2006-12-11 00:00:00,0.2306653332841541,0.0939009314205194,0.3674297351477887,144.36,-38.147
39059,2006-12-12 00:00:00,0.0732233086667922,-0.0637007020052042,0.2101473193387887,144.36,-38.147
39060,2006-12-13 00:00:00,-0.0547670537011548,-0.1910981736859002,0.0815640662835905,144.36,-38.147
39061,2006-12-14 00:00:00,0.1103228579273628,-0.0260912180332505,0.2467369338879761,144.36,-38.147
39062,2006-12-15 00:00:00,0.1589338446112026,0.0220164831482836,0.2958512060741217,144.36,-38.147
39063,2006-12-16 00:00:00,-0.0198908195456747,-0.1562644840430986,0.116482844951749,144.36,-38.147
39064,2006-12-17 00:00:00,-0.0240254210506618,-0.1602683660251068,0.112217523923783,144.36,-38.147
39065,2006-12-18 00:00:00,0.015999808108981,-0.1202341194583585,0.1522337356763206,144.36,-38.147
39066,2006-12-19 00:00:00,0.0162282780709417,-0.1201711203999004,0.1526276765417839,144.36,-38.147
39067,2006-12-20 00:00:00,-0.0523208604959381,-0.1887867125719931,0.0841449915801167,144.36,-38.147
39068,2006-12-21 00:00:00,-0.026701734095272,-0.1631413471903476,0.1097378789998036,144.36,-38.147
39069,2006-12-22 00:00:00,0.0465465589909756,-0.0903948246668118,0.1834879426487632,144.36,-38.147
39070,2006-12-23 00:00:00,0.1511734493859289,0.0141199368936591,0.2882269618781987,144.36,-38.147
39071,2006-12-24 00:00:00,0.0845525523411494,-0.0518783606213119,0.2209834653036108,144.36,-38.147
39072,2006-12-25 00:00:00,0.1414652154283696,0.004560473762156,0.2783699570945833,144.36,-38.147
39073,2006-12-26 00:00:00,0.0308296034241837,-0.1060274218417378,0.1676866286901054,144.36,-38.147
39074,2006-12-27 00:00:00,-0.0255735618778263,-0.161981412692577,0.1108342889369243,144.36,-38.147
39075,2006-12-28 00:00:00,0.0079387121032555,-0.128257061231585,0.1441344854380961,144.36,-38.147
39076,2006-12-29 00:00:00,0.007614065295076,-0.1285917255701444,0.1438198561602966,144.36,-38.147
39077,2006-12-30 00:00:00,-0.0227655117139082,-0.1592075016955533,0.1136764782677368,144.36,-38.147
39078,2006-12-31 00:00:00,-0.0059007622876715,-0.142345609149565,0.1305440845742219,144.36,-38.147
39079,2007-01-01 00:00:00,0.0111752453628727,-0.125263069689732,0.1476135604154776,144.36,-38.147
39080,2007-01-02 00:00:00,0.0007342613695064,-0.1357509622037299,0.1372194849427429,144.36,-38.147
39081,2007-01-03 00:00:00,-0.0002747010306782,-0.1369269767086436,0.1363775746472871,144.36,-38.147
39082,2007-01-04 00:00:00,-0.0086658178930321,-0.14522628315887,0.1278946473728058,144.36,-38.147
39083,2007-01-05 00:00:00,0.0360974026112718,-0.100428513541301,0.1726233187638446,144.36,-38.147
39084,2007-01-06 00:00:00,0.0843796525583503,-0.0523390159969376,0.2210983211136383,144.36,-38.147
39085,2007-01-07 00:00:00,0.291497257833673,0.1544481140695392,0.4285464015978067,144.36,-38.147
39086,2007-01-08 00:00:00,0.1227241740140345,-0.0139985795135233,0.2594469275415924,144.36,-38.147
39087,2007-01-09 00:00:00,0.0015928512066355,-0.1347691789631562,0.1379548813764272,144.36,-38.147
39088,2007-01-10 00:00:00,0.0404288531124419,-0.0959226793565319,0.1767803855814159,144.36,-38.147
39089,2007-01-11 00:00:00,0.202659655500703,0.065880744254941,0.3394385667464651,144.36,-38.147
39090,2007-01-12 00:00:00,0.1701803943502207,0.0336524212951123,0.306708367405329,144.36,-38.147
39091,2007-01-13 00:00:00,0.1486436881097283,0.0122699621202741,0.2850174140991826,144.36,-38.147
39092,2007-01-14 00:00:00,0.0460878019120186,-0.0902152436525714,0.1823908474766088,144.36,-38.147
39093,2007-01-15 00:00:00,0.0242520800892304,-0.1121108074058452,0.1606149675843061,144.36,-38.147
39094,2007-01-16 00:00:00,-0.0343859581367107,-0.1709970155442841,0.1022250992708626,144.36,-38.147
39095,2007-01-17 00:00:00,0.1506884030437126,0.0138625842865487,0.2875142218008765,144.36,-38.147
39096,2007-01-18 00:00:00,0.031942048256488,-0.104321494050545,0.168205590563521,144.36,-38.147
39097,2007-01-19 00:00:00,0.0375413499304388,-0.0986875369355557,0.1737702367964333,144.36,-38.147
39098,2007-01-20 00:00:00,0.0676922745227942,-0.0686643607154124,0.2040489097610008,144.36,-38.147
39099,2007-01-21 00:00:00,0.2841226214575236,0.1472092496332885,0.4210359932817588,144.36,-38.147
39100,2007-01-22 00:00:00,0.1948112616175513,0.057946651087978,0.3316758721471246,144.36,-38.147
39101,2007-01-23 00:00:00,0.061730275838321,-0.0745259964417762,0.1979865481184183,144.36,-38.147
39102,2007-01-24 00:00:00,0.1043658255170997,-0.0318619357920167,0.2405935868262162,144.36,-38.147
39103,2007-01-25 00:00:00,0.0700414506426371,-0.0661533106519327,0.2062362119372069,144.36,-38.147
39104,2007-01-26 00:00:00,0.0651049399095087,-0.0711275729923121,0.2013374528113297,144.36,-38.147
39105,2007-01-27 00:00:00,0.2044224772291592,0.0676640841927601,0.3411808702655584,144.36,-38.147
39106,2007-01-28 00:00:00,0.0875246792878735,-0.049304967468772,0.2243543260445191,144.36,-38.147
39107,2007-01-29 00:00:00,0.1127208536235921,-0.023711732016676,0.2491534392638603,144.36,-38.147
39108,2007-01-30 00:00:00,0.1541732069703673,0.0178963019941583,0.2904501119465764,144.36,-38.147
39109,2007-01-31 00:00:00,0.091787945737146,-0.0446498295549447,0.2282257210292368,144.36,-38.147
39110,2007-02-01 00:00:00,-0.0314107020263486,-0.1676946162682988,0.1048732122156014,144.36,-38.147
39111,2007-02-02 00:00:00,-0.0015371184942077,-0.1378267591094171,0.1347525221210015,144.36,-38.147
39112,2007-02-03 00:00:00,0.0511693074817946,-0.085156133400473,0.1874947483640622,144.36,-38.147
39113,2007-02-04 00:00:00,-0.0232605206422995,-0.1595660592248359,0.1130450179402369,144.36,-38.147
39114,2007-02-05 00:00:00,0.0275847095770912,-0.108737514455411,0.1639069336095936,144.36,-38.147
39115,2007-02-06 00:00:00,0.0800224955828219,-0.0570055171033582,0.217050508269002,144.36,-38.147
39116,2007-02-07 00:00:00,0.0061194914987985,-0.1306597615549102,0.1428987445525073,144.36,-38.147
39117,2007-02-08 00:00:00,0.0891180844183186,-0.0472492435694752,0.2254854124061124,144.36,-38.147
39118,2007-02-09 00:00:00,0.0033468104625231,-0.1330981475151512,0.1397917684401974,144.36,-38.147
39119,2007-02-10 00:00:00,0.0681580341418756,-0.068606248436506,0.2049223167202573,144.36,-38.147
39120,2007-02-11 00:00:00,0.0161013561257848,-0.1219892570214535,0.1541919692730231,144.36,-38.147
39121,2007-02-12 00:00:00,-0.0501824356642132,-0.188095052841828,0.0877301815134014,144.36,-38.147
39122,2007-02-13 00:00:00,-0.0167966985644144,-0.1535769176979565,0.1199835205691275,144.36,-38.147
39123,2007-02-14 00:00:00,0.0522650692509697,-0.0840149448590835,0.188545083361023,144.36,-38.147
39124,2007-02-15 00:00:00,0.0107409655707669,-0.1255225998773569,0.1470045310188907,144.36,-38.147
39125,2007-02-16 00:00:00,0.0180881751210595,-0.1181642545980525,0.1543406048401716,144.36,-38.147
39126,2007-02-17 00:00:00,0.0525139946971844,-0.08387942810606,0.1889074175004288,144.36,-38.147
39127,2007-02-18 00:00:00,0.0430970014531154,-0.0933400774388664,0.1795340803450972,144.36,-38.147
39128,2007-02-19 00:00:00,0.0430956310887079,-0.0935323803652917,0.1797236425427075,144.36,-38.147
39129,2007-02-20 00:00:00,-0.0060008214406697,-0.1422207763553629,0.1302191334740234,144.36,-38.147
39130,2007-02-21 00:00:00,-0.0208952468920978,-0.1571486791496966,0.1153581853655009,144.36,-38.147
39131,2007-02-22 00:00:00,0.0040613667266508,-0.1322021624890889,0.1403248959423905,144.36,-38.147
39132,2007-02-23 00:00:00,0.0135558173188475,-0.122689903225441,0.1498015378631361,144.36,-38.147
39133,2007-02-24 00:00:00,0.0769809765056491,-0.0592388291729662,0.2132007821842645,144.36,-38.147
39134,2007-02-25 00:00:00,0.0288241248868792,-0.1074431710250029,0.1650914207987615,144.36,-38.147
39135,2007-02-26 00:00:00,-0.0446910894733705,-0.1810382365148746,0.0916560575681336,144.36,-38.147
39136,2007-02-27 00:00:00,-0.0128017910637555,-0.1490575633834708,0.1234539812559597,144.36,-38.147
39137,2007-02-28 00:00:00,0.0181052026276107,-0.1182419224870236,0.1544523277422452,144.36,-38.147
39138,2007-03-01 00:00:00,0.0628065361256813,-0.0735161041357324,0.199129176387095,144.36,-38.147
39139,2007-03-02 00:00:00,0.040447476051512,-0.0957896300756211,0.1766845821786452,144.36,-38.147
39140,2007-03-03 00:00:00,0.1074023014595342,-0.0289554766255508,0.2437600795446193,144.36,-38.147
39141,2007-03-04 00:00:00,0.2074839934043974,0.0710522256621047,0.3439157611466902,144.36,-38.147
39142,2007-03-05 00:00:00,0.1073781470971243,-0.0290447418685087,0.2438010360627573,144.36,-38.147
39143,2007-03-06 00:00:00,-0.0103021800421496,-0.1469166997695152,0.1263123396852159,144.36,-38.147
39144,2007-03-07 00:00:00,-0.0264822712656165,-0.1630573665116907,0.1100928239804577,144.36,-38.147
39145,2007-03-08 00:00:00,0.0775792747147242,-0.0589793154620622,0.2141378648915106,144.36,-38.147
39146,2007-03-09 00:00:00,0.0214351037304339,-0.1149156642380211,0.1577858716988891,144.36,-38.147
39147,2007-03-10 00:00:00,0.0114058970330558,-0.1248146274623928,0.1476264215285045,144.36,-38.147
39148,2007-03-11 00:00:00,0.2367814147097917,0.1002955865350569,0.3732672428845265,144.36,-38.147
39149,2007-03-12 00:00:00,0.1052431696937467,-0.0317407276932962,0.2422270670807898,144.36,-38.147
39150,2007-03-13 00:00:00,-0.0401312041954517,-0.1766773986142384,0.0964149902233349,144.36,-38.147
39151,2007-03-14 00:00:00,-0.0408928588312213,-0.1772827995599712,0.0954970818975286,144.36,-38.147
39152,2007-03-15 00:00:00,0.0117960012891087,-0.1244723606403409,0.1480643632185584,144.36,-38.147
39153,2007-03-16 00:00:00,0.1894181378509601,0.0530956922104176,0.3257405834915027,144.36,-38.147
39154,2007-03-17 00:00:00,0.0894110340350023,-0.0468970255481857,0.2257190936181903,144.36,-38.147
39155,2007-03-18 00:00:00,0.0132826483598041,-0.1230058017553445,0.1495710984749529,144.36,-38.147
39156,2007-03-19 00:00:00,0.0214293300843245,-0.1147812997486318,0.157639959917281,144.36,-38.147
39157,2007-03-20 00:00:00,0.0265508723670969,-0.1096666635886105,0.1627684083228044,144.36,-38.147
39158,2007-03-21 00:00:00,0.0987855957577439,-0.0374346379603696,0.2350058294758576,144.36,-38.147
39159,2007-03-22 00:00:00,0.0159017160718956,-0.120289996125506,0.1520934282692972,144.36,-38.147
39160,2007-03-23 00:00:00,0.022019054958897,-0.1147415116546083,0.1587796215724023,144.36,-38.147
39161,2007-03-24 00:00:00,0.2685608970063295,0.1315712113912752,0.4055505826213839,144.36,-38.147
39162,2007-03-25 00:00:00,0.027252574699349,-0.1093440823848047,0.1638492317835028,144.36,-38.147
39163,2007-03-26 00:00:00,-0.0783838028693657,-0.2146675635537375,0.0578999578150061,144.36,-38.147
39164,2007-03-27 00:00:00,-0.0316404951318539,-0.1678570927884191,0.1045761025247113,144.36,-38.147
39165,2007-03-28 00:00:00,0.0619983474832196,-0.0745592797669411,0.1985559747333804,144.36,-38.147
39166,2007-03-29 00:00:00,0.2769144032295311,0.1403353057447292,0.4134935007143331,144.36,-38.147
39167,2007-03-30 00:00:00,0.3222512625552498,0.1854589845028621,0.4590435406076375,144.36,-38.147
39168,2007-03-31 00:00:00,0.0262435097547898,-0.1105544495461444,0.1630414690557241,144.36,-38.147
39169,2007-04-01 00:00:00,-0.0354274991094405,-0.1717682558642196,0.1009132576453384,144.36,-38.147
39170,2007-04-02 00:00:00,0.0257390835854811,-0.1104816170368749,0.1619597842078372,144.36,-38.147
39171,2007-04-03 00:00:00,0.0293571036826452,-0.1068507077382687,0.1655649151035592,144.36,-38.147
39172,2007-04-04 00:00:00,0.0013544394722071,-0.1348160206897808,0.1375248996341951,144.36,-38.147
39173,2007-04-05 00:00:00,0.0261387647892691,-0.1101297171573555,0.1624072467358938,144.36,-38.147
39174,2007-04-06 00:00:00,-0.0175395608235211,-0.1540005115454681,0.1189213898984258,144.36,-38.147
39175,2007-04-07 00:00:00,-0.0641336298403849,-0.2003658743740121,0.0720986146932422,144.36,-38.147
39176,2007-04-08 00:00:00,-0.0603274534774136,-0.1965419537758246,0.0758870468209974,144.36,-38.147
39177,2007-04-09 00:00:00,-0.0240432712404019,-0.1602638912478448,0.1121773487670408,144.36,-38.147
39178,2007-04-10 00:00:00,0.0071693351176334,-0.1290710169045767,0.1434096871398436,144.36,-38.147
39179,2007-04-11 00:00:00,0.0172443812380857,-0.1191577189722214,0.1536464814483928,144.36,-38.147
39180,2007-04-12 00:00:00,-0.0510118229539853,-0.1873119352169305,0.0852882893089598,144.36,-38.147
39181,2007-04-13 00:00:00,-0.0502773370187366,-0.1865078761243197,0.0859532020868465,144.36,-38.147
39182,2007-04-14 00:00:00,-0.0073748992187218,-0.1435785829411321,0.1288287845036885,144.36,-38.147
39183,2007-04-15 00:00:00,0.1166504515539513,-0.0196972286622114,0.2529981317701142,144.36,-38.147
39184,2007-04-16 00:00:00,0.0482525719103571,-0.0880185393174383,0.1845236831381527,144.36,-38.147
39185,2007-04-17 00:00:00,-0.0099939325665258,-0.1462253798936277,0.126237514760576,144.36,-38.147
39186,2007-04-18 00:00:00,0.1712509536516871,0.0348970589202945,0.3076048483830796,144.36,-38.147
39187,2007-04-19 00:00:00,0.0765293203519259,-0.0597200681330256,0.2127787088368775,144.36,-38.147
39188,2007-04-20 00:00:00,0.0673884554300509,-0.0688293674837718,0.2036062783438738,144.36,-38.147
39189,2007-04-21 00:00:00,0.0534326684701909,-0.0828043888835669,0.1896697258239488,144.36,-38.147
39190,2007-04-22 00:00:00,0.0321625460616041,-0.1041749775152309,0.1685000696384393,144.36,-38.147
39191,2007-04-23 00:00:00,-0.0175777366846649,-0.1538918563512081,0.1187363829818783,144.36,-38.147
39192,2007-04-24 00:00:00,-0.0706854148387402,-0.2070756036203013,0.0657047739428208,144.36,-38.147
39193,2007-04-25 00:00:00,-0.0498605344748689,-0.1862695569379251,0.0865484879881873,144.36,-38.147
39194,2007-04-26 00:00:00,-0.0190744336135991,-0.155339807470271,0.1171909402430727,144.36,-38.147
39195,2007-04-27 00:00:00,-0.0161691874961262,-0.1527281211689111,0.1203897461766586,144.36,-38.147
39196,2007-04-28 00:00:00,0.0479392046410797,-0.0895078780367003,0.1853862873188598,144.36,-38.147
39197,2007-04-29 00:00:00,0.1562467043277087,0.0192366406899355,0.2932567679654819,144.36,-38.147
39198,2007-04-30 00:00:00,0.1832512141889713,0.0468103862633556,0.319692042114587,144.36,-38.147
39199,2007-05-01 00:00:00,0.0825792591342954,-0.0537790458368575,0.2189375641054484,144.36,-38.147
39200,2007-05-02 00:00:00,0.1920891098886215,0.054669670031343,0.3295085497459,144.36,-38.147
39201,2007-05-03 00:00:00,0.1948701755273901,0.0575671788986283,0.332173172156152,144.36,-38.147
39202,2007-05-04 00:00:00,0.3673435964218884,0.2303423868656695,0.5043448059781073,144.36,-38.147
39203,2007-05-05 00:00:00,0.1678796192273147,0.0308881825221311,0.3048710559324983,144.36,-38.147
39204,2007-05-06 00:00:00,0.1865178579692276,0.0499683166713963,0.3230673992670588,144.36,-38.147
39205,2007-05-07 00:00:00,0.0051861637049501,-0.1313114993334349,0.1416838267433353,144.36,-38.147
39206,2007-05-08 00:00:00,0.1576274844453007,0.0207706340092117,0.2944843348813896,144.36,-38.147
39207,2007-05-09 00:00:00,0.067211961177655,-0.0692451847283244,0.2036691070836345,144.36,-38.147
39208,2007-05-10 00:00:00,0.0241036425652465,-0.1122451864546635,0.1604524715851566,144.36,-38.147
39209,2007-05-11 00:00:00,-0.0013309810910996,-0.1376106153885846,0.1349486532063853,144.36,-38.147
39210,2007-05-12 00:00:00,-0.0197363521707242,-0.155940311565949,0.1164676072245005,144.36,-38.147
39211,2007-05-13 00:00:00,-0.0029681373048082,-0.1391341789918914,0.1331979043822748,144.36,-38.147
39212,2007-05-14 00:00:00,0.0284238537469407,-0.1077680751643257,0.1646157826582072,144.36,-38.147
39213,2007-05-15 00:00:00,0.0339795283759259,-0.1022336068668174,0.1701926636186694,144.36,-38.147
39214,2007-05-16 00:00:00,0.0714015212739617,-0.0648499909261526,0.2076530334740762,144.36,-38.147
39215,2007-05-17 00:00:00,0.0471591425813802,-0.0890445486156156,0.1833628337783761,144.36,-38.147
39216,2007-05-18 00:00:00,0.0850279860648615,-0.0512622149347713,0.2213181870644944,144.36,-38.147
39217,2007-05-19 00:00:00,0.1240236492650247,-0.0125233764721273,0.2605706750021768,144.36,-38.147
39218,2007-05-20 00:00:00,0.160529098446777,0.0237495925760866,0.2973086043174674,144.36,-38.147
39219,2007-05-21 00:00:00,0.159530878842309,0.0224762611561595,0.2965854965284584,144.36,-38.147
39220,2007-05-22 00:00:00,0.2912128533301475,0.1536781944994134,0.4287475121608817,144.36,-38.147
39221,2007-05-23 00:00:00,0.107211069588367,-0.0293458367383726,0.2437679759151067,144.36,-38.147
39222,2007-05-24 00:00:00,0.0797596517131109,-0.056689992292977,0.2162092957191989,144.36,-38.147
39223,2007-05-25 00:00:00,0.1020232252808263,-0.0346487893361297,0.2386952398977824,144.36,-38.147
39224,2007-05-26 00:00:00,0.0577429609778982,-0.0785958944589149,0.1940818164147114,144.36,-38.147
39225,2007-05-27 00:00:00,0.0308563478957227,-0.105462890614394,0.1671755864058396,144.36,-38.147
39226,2007-05-28 00:00:00,0.0770686947726766,-0.0592464631770143,0.2133838527223676,144.36,-38.147
39227,2007-05-29 00:00:00,0.0270479861967016,-0.1115713717994802,0.1656673441928836,144.36,-38.147
39228,2007-05-30 00:00:00,0.4001663363740028,0.2605297682944025,0.539802904453603,144.36,-38.147
39229,2007-05-31 00:00:00,0.1162789066792742,-0.0214566889449448,0.2540145023034933,144.36,-38.147
39230,2007-06-01 00:00:00,0.0673690263923579,-0.0697776958490104,0.2045157486337262,144.36,-38.147
39231,2007-06-02 00:00:00,0.0279522976133819,-0.1083998781863591,0.164304473413123,144.36,-38.147
39232,2007-06-03 00:00:00,0.0510433877652942,-0.085378652779601,0.1874654283101895,144.36,-38.147
39233,2007-06-04 00:00:00,0.0250126221847804,-0.1114607978976517,0.1614860422672125,144.36,-38.147
39234,2007-06-05 00:00:00,-0.0348074140274112,-0.1711916648276704,0.1015768367728479,144.36,-38.147
39235,2007-06-06 00:00:00,-0.0327317684034873,-0.1689950833331062,0.1035315465261315,144.36,-38.147
39236,2007-06-07 00:00:00,-0.0185296430141606,-0.1549354991019725,0.1178762130736512,144.36,-38.147
39237,2007-06-08 00:00:00,-0.0066646575707116,-0.1430342417185185,0.1297049265770951,144.36,-38.147
39238,2007-06-09 00:00:00,-0.0056518919215406,-0.1420437177509455,0.1307399339078642,144.36,-38.147
39239,2007-06-10 00:00:00,0.0268476737227805,-0.1094244512941816,0.1631197987397427,144.36,-38.147
39240,2007-06-11 00:00:00,0.0799714544345525,-0.0564987725339111,0.2164416814030162,144.36,-38.147
39241,2007-06-12 00:00:00,0.0360724065731175,-0.1003448097700484,0.1724896229162835,144.36,-38.147
39242,2007-06-13 00:00:00,0.0110350444215835,-0.1257621213557218,0.1478322101988889,144.36,-38.147
39243,2007-06-14 00:00:00,-0.0863359141541103,-0.2228628376212336,0.0501910093130129,144.36,-38.147
39244,2007-06-15 00:00:00,-0.0635531993866062,-0.1998778243649541,0.0727714255917417,144.36,-38.147
39245,2007-06-16 00:00:00,-0.017157718425554,-0.1534625507121644,0.1191471138610563,144.36,-38.147
39246,2007-06-17 00:00:00,-0.0186610929501577,-0.1550740663245443,0.1177518804242289,144.36,-38.147
39247,2007-06-18 00:00:00,0.0067177150466866,-0.1298798147840616,0.1433152448774348,144.36,-38.147
39248,2007-06-19 00:00:00,-0.0217179380282372,-0.158638216298418,0.1152023402419434,144.36,-38.147
39249,2007-06-20 00:00:00,0.0391423715992903,-0.0980917445764294,0.1763764877750101,144.36,-38.147
39250,2007-06-21 00:00:00,0.1120508936798146,-0.025082033282195,0.2491838206418242,144.36,-38.147
39251,2007-06-22 00:00:00,-0.0151710692512255,-0.1520598328436129,0.1217176943411619,144.36,-38.147
39252,2007-06-23 00:00:00,-0.0053335949287297,-0.1416145086676864,0.1309473188102269,144.36,-38.147
39253,2007-06-24 00:00:00,-0.0173969044982606,-0.1536246447267488,0.1188308357302274,144.36,-38.147
39254,2007-06-25 00:00:00,0.0208994395557394,-0.1154381192378945,0.1572369983493734,144.36,-38.147
39255,2007-06-26 00:00:00,0.097633764565236,-0.0387565377224684,0.2340240668529405,144.36,-38.147
39256,2007-06-27 00:00:00,0.0642829747110385,-0.0732693981789006,0.2018353476009777,144.36,-38.147
39257,2007-06-28 00:00:00,0.0873845702568532,-0.0534736878211631,0.2282428283348696,144.36,-38.147
39258,2007-06-29 00:00:00,0.0041741965478141,-0.1336839804443764,0.1420323735400047,144.36,-38.147
39259,2007-06-30 00:00:00,0.2557011559362933,0.1193001839044086,0.3921021279681779,144.36,-38.147
39260,2007-07-01 00:00:00,0.140430256281364,0.0040330889768877,0.2768274235858402,144.36,-38.147
39261,2007-07-02 00:00:00,0.1686231072343169,0.032209580654723,0.3050366338139108,144.36,-38.147
39262,2007-07-03 00:00:00,0.2418452341393455,0.1045557636053812,0.3791347046733098,144.36,-38.147
39263,2007-07-04 00:00:00,0.2778670691451136,0.1407807712042413,0.4149533670859859,144.36,-38.147
39264,2007-07-05 00:00:00,0.4719567674519346,0.331558791271827,0.6123547436320422,144.36,-38.147
39265,2007-07-06 00:00:00,0.0929062551312243,-0.045504485216796,0.2313169954792446,144.36,-38.147
39266,2007-07-07 00:00:00,0.1482181822056845,0.0114827323334275,0.2849536320779415,144.36,-38.147
39267,2007-07-08 00:00:00,0.0377778657873568,-0.0989530035286736,0.1745087351033873,144.36,-38.147
39268,2007-07-09 00:00:00,-0.0331575464520533,-0.1696712592564941,0.1033561663523874,144.36,-38.147
39269,2007-07-10 00:00:00,-0.0579016603915029,-0.1941919697284091,0.0783886489454031,144.36,-38.147
39270,2007-07-11 00:00:00,-0.0203840389607318,-0.1566548260175524,0.1158867480960887,144.36,-38.147
39271,2007-07-12 00:00:00,0.0684438950080967,-0.0678911126429701,0.2047789026591636,144.36,-38.147
39272,2007-07-13 00:00:00,0.0296366006402721,-0.1066928167395946,0.165966018020139,144.36,-38.147
39273,2007-07-14 00:00:00,-0.0026766930058097,-0.1390434495220429,0.1336900635104235,144.36,-38.147
39274,2007-07-15 00:00:00,0.0041944265874738,-0.1320998828128748,0.1404887359878225,144.36,-38.147
39275,2007-07-16 00:00:00,0.0368622104496164,-0.0994549337346699,0.1731793546339027,144.36,-38.147
39276,2007-07-17 00:00:00,0.1197051858055504,-0.017806353619415,0.2572167252305158,144.36,-38.147
39277,2007-07-18 00:00:00,0.1657614827409699,0.0283544705642643,0.3031684949176755,144.36,-38.147
39278,2007-07-19 00:00:00,-0.0526972575038331,-0.1890886468743933,0.083694131866727,144.36,-38.147
39279,2007-07-20 00:00:00,-0.0647296550934291,-0.2010180015851017,0.0715586913982433,144.36,-38.147
39280,2007-07-21 00:00:00,-0.0722495838145615,-0.2084474040992903,0.0639482364701672,144.36,-38.147
39281,2007-07-22 00:00:00,-0.0315108900808906,-0.1677250739548762,0.1047032937930949,144.36,-38.147
39282,2007-07-23 00:00:00,-0.0053066951011835,-0.1415773032167794,0.1309639130144124,144.36,-38.147
39283,2007-07-24 00:00:00,0.0401990449667731,-0.0961167459898837,0.17651483592343,144.36,-38.147
39284,2007-07-25 00:00:00,0.0536541211998634,-0.0826758709599363,0.1899841133596633,144.36,-38.147
39285,2007-07-26 00:00:00,0.125548758341584,-0.0107089613188483,0.2618064780020164,144.36,-38.147
39286,2007-07-27 00:00:00,0.1850445995563322,0.0486179083274698,0.3214712907851945,144.36,-38.147
39287,2007-07-28 00:00:00,0.2116871926459133,0.0752029638058198,0.3481714214860067,144.36,-38.147
39288,2007-07-29 00:00:00,0.023426445872665,-0.1129712274621784,0.1598241192075085,144.36,-38.147
39289,2007-07-30 00:00:00,0.1431260231240171,0.0066973549611663,0.279554691286868,144.36,-38.147
39290,2007-07-31 00:00:00,0.0110891088582004,-0.1252728360359963,0.1474510537523971,144.36,-38.147
39291,2007-08-01 00:00:00,0.161929815471893,0.0244344070532902,0.2994252238904957,144.36,-38.147
39292,2007-08-02 00:00:00,0.2022182532911494,0.0654806891143625,0.3389558174679363,144.36,-38.147
39293,2007-08-03 00:00:00,0.2624672372477504,0.1258962633577522,0.3990382111377486,144.36,-38.147
39294,2007-08-04 00:00:00,0.1328321355041922,-0.0034858192787538,0.2691500902871382,144.36,-38.147
39295,2007-08-05 00:00:00,0.1947015942237028,0.0583137853507011,0.3310894030967046,144.36,-38.147
39296,2007-08-06 00:00:00,0.0816336563759688,-0.054608053843562,0.2178753665954997,144.36,-38.147
39297,2007-08-07 00:00:00,-0.0095102347800881,-0.1459373665055628,0.1269168969453866,144.36,-38.147
39298,2007-08-08 00:00:00,0.1521328977747434,0.0151545852933312,0.2891112102561555,144.36,-38.147
39299,2007-08-09 00:00:00,0.2594823872274838,0.1225767999342862,0.3963879745206813,144.36,-38.147
39300,2007-08-10 00:00:00,0.2398600259542239,0.1024517419383985,0.3772683099700493,144.36,-38.147
39301,2007-08-11 00:00:00,0.3531790490969859,0.2152198172393755,0.4911382809545963,144.36,-38.147
39302,2007-08-12 00:00:00,0.0685267257775013,-0.0681531519887347,0.2052066035437374,144.36,-38.147
39303,2007-08-13 00:00:00,0.0212708014954656,-0.1149639861324248,0.157505589123356,144.36,-38.147
39304,2007-08-14 00:00:00,-0.0706576713070786,-0.2069254096785545,0.0656100670643971,144.36,-38.147
39305,2007-08-15 00:00:00,-0.029983105199791,-0.166288423591868,0.106322213192286,144.36,-38.147
39306,2007-08-16 00:00:00,0.0466399758063929,-0.089837896879737,0.1831178484925228,144.36,-38.147
39307,2007-08-17 00:00:00,0.1190685893892689,-0.0173305849124526,0.2554677636909904,144.36,-38.147
39308,2007-08-18 00:00:00,0.0643829452832809,-0.0719817185467519,0.2007476091133139,144.36,-38.147
39309,2007-08-19 00:00:00,-0.0096801193050073,-0.1458916994583431,0.1265314608483285,144.36,-38.147
39310,2007-08-20 00:00:00,-0.0101956539686192,-0.1464238712606083,0.1260325633233699,144.36,-38.147
39311,2007-08-21 00:00:00,-0.0041834881716463,-0.1406389579401034,0.1322719815968107,144.36,-38.147
39312,2007-08-22 00:00:00,-0.101015141561319,-0.237374358569065,0.035344075446427,144.36,-38.147
39313,2007-08-23 00:00:00,-0.0517089310279258,-0.1879857714460568,0.0845679093902051,144.36,-38.147
39314,2007-08-24 00:00:00,0.0039834704477597,-0.1322544299465078,0.1402213708420273,144.36,-38.147
39315,2007-08-25 00:00:00,0.0622182505285842,-0.074048257605077,0.1984847586622456,144.36,-38.147
39316,2007-08-26 00:00:00,0.0653908887972075,-0.0708063946087915,0.2015881722032066,144.36,-38.147
39317,2007-08-27 00:00:00,0.0616117763626242,-0.0746359604298159,0.1978595131550644,144.36,-38.147
39318,2007-08-28 00:00:00,0.1641216513046187,0.0275310032744879,0.3007122993347496,144.36,-38.147
39319,2007-08-29 00:00:00,0.0807131988386116,-0.055634491631206,0.2170608893084293,144.36,-38.147
39320,2007-08-30 00:00:00,0.0168775082118214,-0.1193919581147378,0.1531469745383806,144.36,-38.147
39321,2007-08-31 00:00:00,0.2645273270968585,0.1270242520769443,0.4020304021167727,144.36,-38.147
39322,2007-09-01 00:00:00,0.0592778306913526,-0.0780277732762802,0.1965834346589854,144.36,-38.147
39323,2007-09-02 00:00:00,0.0631222973755322,-0.0731844056012512,0.1994290003523157,144.36,-38.147
39324,2007-09-03 00:00:00,0.0944522560557913,-0.0418768270327929,0.2307813391443757,144.36,-38.147
39325,2007-09-04 00:00:00,-0.0453072392265183,-0.1816751636049903,0.0910606851519536,144.36,-38.147
39326,2007-09-05 00:00:00,-0.0830794402318428,-0.219722341771117,0.0535634613074314,144.36,-38.147
39327,2007-09-06 00:00:00,-0.0296471381570744,-0.1661454775118683,0.1068512011977194,144.36,-38.147
39328,2007-09-07 00:00:00,0.0045583359744573,-0.1317186557927342,0.1408353277416488,144.36,-38.147
39329,2007-09-08 00:00:00,0.0151809282798279,-0.1210069487579387,0.1513688053175946,144.36,-38.147
39330,2007-09-09 00:00:00,-0.0038602176505882,-0.1400481020756951,0.1323276667745185,144.36,-38.147
39331,2007-09-10 00:00:00,0.0536951823006366,-0.0826918397767227,0.190082204377996,144.36,-38.147
39332,2007-09-11 00:00:00,0.3922176551827671,0.2554776838349219,0.5289576265306122,144.36,-38.147
39333,2007-09-12 00:00:00,0.0965771116083734,-0.0399845762686613,0.2331387994854082,144.36,-38.147
39334,2007-09-13 00:00:00,0.0247857475818448,-0.1116104379732558,0.1611819331369456,144.36,-38.147
39335,2007-09-14 00:00:00,0.3353549471553992,0.1984691560327529,0.4722407382780456,144.36,-38.147
39336,2007-09-15 00:00:00,0.1392789462245824,0.002687137970078,0.2758707544790869,144.36,-38.147
39337,2007-09-16 00:00:00,0.0508489295338651,-0.0856501348838793,0.1873479939516096,144.36,-38.147
39338,2007-09-17 00:00:00,0.3335506767043146,0.1962602554649954,0.4708410979436338,144.36,-38.147
39339,2007-09-18 00:00:00,-0.0094122507939653,-0.1460018880828569,0.1271773864949263,144.36,-38.147
39340,2007-09-19 00:00:00,0.0840697033914427,-0.0526081215925762,0.2207475283754618,144.36,-38.147
39341,2007-09-20 00:00:00,0.3183815272824655,0.1816009396308441,0.4551621149340868,144.36,-38.147
39342,2007-09-21 00:00:00,0.0742864160655401,-0.0620216416746459,0.2105944738057263,144.36,-38.147
39343,2007-09-22 00:00:00,0.0239595952193565,-0.1124989986165439,0.1604181890552571,144.36,-38.147
39344,2007-09-23 00:00:00,-0.0130178204769846,-0.1494796898260341,0.1234440488720647,144.36,-38.147
39345,2007-09-24 00:00:00,0.1709018584890995,0.0342626830504735,0.3075410339277256,144.36,-38.147
39346,2007-09-25 00:00:00,0.0751871366493926,-0.0612132750236096,0.211587548322395,144.36,-38.147
39347,2007-09-26 00:00:00,0.0274541366903715,-0.1090369674307239,0.163945240811467,144.36,-38.147
39348,2007-09-27 00:00:00,0.1279528067903926,-0.0086659605697111,0.2645715741504965,144.36,-38.147
39349,2007-09-28 00:00:00,0.4333709714202386,0.2956282314951099,0.5711137113453673,144.36,-38.147
39350,2007-09-29 00:00:00,0.2953861206875656,0.1580835587162924,0.4326886826588388,144.36,-38.147
39351,2007-09-30 00:00:00,0.2668486246395231,0.1297169683028712,0.403980280976175,144.36,-38.147
39352,2007-10-01 00:00:00,0.2078586019090297,0.0710359357590378,0.3446812680590216,144.36,-38.147
39353,2007-10-02 00:00:00,0.0802715074828222,-0.0562693974143976,0.2168124123800421,144.36,-38.147
39354,2007-10-03 00:00:00,0.373365363247231,0.2358697726818237,0.5108609538126383,144.36,-38.147
39355,2007-10-04 00:00:00,0.1852432563211894,0.0480956679073347,0.3223908447350441,144.36,-38.147
39356,2007-10-05 00:00:00,0.1247758471363219,-0.0118118087039516,0.2613635029765954,144.36,-38.147
39357,2007-10-06 00:00:00,0.1815106565025958,0.0448413832201395,0.318179929785052,144.36,-38.147
39358,2007-10-07 00:00:00,0.098021020113022,-0.0383087559294968,0.2343507961555408,144.36,-38.147
39359,2007-10-08 00:00:00,0.1150614973513867,-0.0211608621286375,0.2512838568314109,144.36,-38.147
39360,2007-10-09 00:00:00,0.0846890255876776,-0.0515262234395857,0.2209042746149409,144.36,-38.147
39361,2007-10-10 00:00:00,0.0225875633308635,-0.1136493843508563,0.1588245110125833,144.36,-38.147
39362,2007-10-11 00:00:00,0.2294084726225266,0.0929289532420629,0.3658879920029902,144.36,-38.147
39363,2007-10-12 00:00:00,0.2005830934095813,0.0640844050908517,0.3370817817283109,144.36,-38.147
39364,2007-10-13 00:00:00,0.1269010313141204,-0.0096963046826536,0.2634983673108945,144.36,-38.147
39365,2007-10-14 00:00:00,0.1037341494086159,-0.0327012136042984,0.2401695124215304,144.36,-38.147
39366,2007-10-15 00:00:00,0.0886299231463886,-0.04781860842396,0.2250784547167374,144.36,-38.147
39367,2007-10-16 00:00:00,0.3548737724144838,0.2179248641734582,0.4918226806555095,144.36,-38.147
39368,2007-10-17 00:00:00,-0.0009486453173674,-0.1381646090560516,0.1362673184213167,144.36,-38.147
39369,2007-10-18 00:00:00,-0.0745547693161911,-0.2112260358181077,0.0621164971857254,144.36,-38.147
39370,2007-10-19 00:00:00,0.1637664842750719,0.0268516834034553,0.3006812851466884,144.36,-38.147
39371,2007-10-20 00:00:00,0.0044029957334655,-0.1319397567055792,0.1407457481725104,144.36,-38.147
39372,2007-10-21 00:00:00,-0.0037912715360324,-0.1403021390707843,0.1327195959987193,144.36,-38.147
39373,2007-10-22 00:00:00,0.1313104180884265,-0.0054174237545009,0.2680382599313541,144.36,-38.147
39374,2007-10-23 00:00:00,0.0959989787778267,-0.0403721886127581,0.2323701461684116,144.36,-38.147
39375,2007-10-24 00:00:00,0.0485842416711831,-0.0877147399607418,0.1848832233031081,144.36,-38.147
39376,2007-10-25 00:00:00,0.0192167005623217,-0.1171114679037719,0.1555448690284153,144.36,-38.147
39377,2007-10-26 00:00:00,0.0309144597245991,-0.1053520062946523,0.1671809257438507,144.36,-38.147
39378,2007-10-27 00:00:00,0.0396581343800001,-0.0965915511191083,0.1759078198791087,144.36,-38.147
39379,2007-10-28 00:00:00,0.1233387255044419,-0.0136890546038092,0.2603665056126932,144.36,-38.147
39380,2007-10-29 00:00:00,0.3739860547232135,0.2359074842607119,0.512064625185715,144.36,-38.147
39381,2007-10-30 00:00:00,0.2293951323943723,0.0926831082262426,0.366107156562502,144.36,-38.147
39382,2007-10-31 00:00:00,0.1160719490192832,-0.0202995671072704,0.2524434651458369,144.36,-38.147
39383,2007-11-01 00:00:00,0.0077708646749848,-0.1284821228460082,0.144023852195978,144.36,-38.147
39384,2007-11-02 00:00:00,0.0726402647940542,-0.0635875064759082,0.2088680360640166,144.36,-38.147
39385,2007-11-03 00:00:00,0.0613641377160234,-0.0748827369270263,0.1976110123590732,144.36,-38.147
39386,2007-11-04 00:00:00,0.152746262284756,0.0141773520637962,0.2913151725057157,144.36,-38.147
39387,2007-11-05 00:00:00,0.04652357064335,-0.0919973059191963,0.1850444472058964,144.36,-38.147
39388,2007-11-06 00:00:00,-0.0501096572696177,-0.1865994114009053,0.0863800968616698,144.36,-38.147
39389,2007-11-07 00:00:00,-0.0463903702355915,-0.1827274749560046,0.0899467344848216,144.36,-38.147
39390,2007-11-08 00:00:00,-0.0473389377278932,-0.1836287274541906,0.0889508519984042,144.36,-38.147
39391,2007-11-09 00:00:00,-0.040548236030742,-0.1767641827291945,0.0956677106677104,144.36,-38.147
39392,2007-11-10 00:00:00,-0.0022786469792966,-0.1384722970249717,0.1339150030663785,144.36,-38.147
39393,2007-11-11 00:00:00,0.0316254893655766,-0.1045838068925484,0.1678347856237016,144.36,-38.147
39394,2007-11-12 00:00:00,0.0061127800952575,-0.1301124376291126,0.1423379978196278,144.36,-38.147
39395,2007-11-13 00:00:00,-0.016983634491198,-0.1531941926579304,0.1192269236755343,144.36,-38.147
39396,2007-11-14 00:00:00,0.0552019116053772,-0.0810100661529852,0.1914138893637396,144.36,-38.147
39397,2007-11-15 00:00:00,0.0597871713485519,-0.0764186247855776,0.1959929674826816,144.36,-38.147
39398,2007-11-16 00:00:00,0.0502254472550748,-0.0859958889850342,0.1864467834951838,144.36,-38.147
39399,2007-11-17 00:00:00,0.0695421800535524,-0.0667846150005249,0.2058689751076298,144.36,-38.147
39400,2007-11-18 00:00:00,0.049871988350637,-0.0865985263596452,0.1863425030609193,144.36,-38.147
39401,2007-11-19 00:00:00,0.0834998066473476,-0.052848050678495,0.2198476639731902,144.36,-38.147
39402,2007-11-20 00:00:00,0.0883347434414989,-0.0482382723994957,0.2249077592824935,144.36,-38.147
39403,2007-11-21 00:00:00,0.1222784159624927,-0.0145189150445731,0.2590757469695586,144.36,-38.147
39404,2007-11-22 00:00:00,0.0916084406200586,-0.0451231337657562,0.2283400150058736,144.36,-38.147
39405,2007-11-23 00:00:00,0.0953604302045628,-0.0413195370724837,0.2320403974816094,144.36,-38.147
39406,2007-11-24 00:00:00,0.0513676031767718,-0.0849560991189617,0.1876913054725054,144.36,-38.147
39407,2007-11-25 00:00:00,0.0323949515277615,-0.1038689550370248,0.1686588580925479,144.36,-38.147
39408,2007-11-26 00:00:00,-0.0241840783471142,-0.1605103507570607,0.1121421940628322,144.36,-38.147
39409,2007-11-27 00:00:00,-0.0637174121901785,-0.200186220767536,0.0727513963871789,144.36,-38.147
39410,2007-11-28 00:00:00,0.039767273391406,-0.0966224221977596,0.1761569689805717,144.36,-38.147
39411,2007-11-29 00:00:00,0.0213930718614207,-0.1149857788792951,0.1577719226021366,144.36,-38.147
39412,2007-11-30 00:00:00,0.0186321570511276,-0.1175739148671561,0.1548382289694114,144.36,-38.147
39413,2007-12-01 00:00:00,0.0161771540032806,-0.1201486812041144,0.1525029892106756,144.36,-38.147
39414,2007-12-02 00:00:00,-0.0058937562620118,-0.1422602024810677,0.130472689957044,144.36,-38.147
39415,2007-12-03 00:00:00,0.1456566667163693,0.0091127792973498,0.2822005541353887,144.36,-38.147
39416,2007-12-04 00:00:00,0.2226364401423057,0.0862365855713173,0.3590362947132942,144.36,-38.147
39417,2007-12-05 00:00:00,0.0932385035865904,-0.0430850197134201,0.2295620268866011,144.36,-38.147
39418,2007-12-06 00:00:00,-0.0076134561968112,-0.1439324006722054,0.1287054882785829,144.36,-38.147
39419,2007-12-07 00:00:00,0.2615422485699633,0.1244005499972353,0.3986839471426914,144.36,-38.147
39420,2007-12-08 00:00:00,0.0702766797411639,-0.066835059895802,0.2073884193781299,144.36,-38.147
39421,2007-12-09 00:00:00,0.1386414230705843,0.0023388395773745,0.2749440065637941,144.36,-38.147
39422,2007-12-10 00:00:00,0.1448669817101062,0.0084962209194149,0.2812377425007974,144.36,-38.147
39423,2007-12-11 00:00:00,0.0814381284595513,-0.0548012779971831,0.2176775349162858,144.36,-38.147
39424,2007-12-12 00:00:00,0.0175066254014141,-0.1187222650519397,0.153735515854768,144.36,-38.147
39425,2007-12-13 00:00:00,-0.0488231016526016,-0.1851664610344408,0.0875202577292375,144.36,-38.147
39426,2007-12-14 00:00:00,0.0059795905187276,-0.1305083212029779,0.1424675022404331,144.36,-38.147
39427,2007-12-15 00:00:00,0.1407594336697965,0.003856796451566,0.2776620708880271,144.36,-38.147
39428,2007-12-16 00:00:00,0.0683089159222887,-0.0680582842065124,0.2046761160510898,144.36,-38.147
39429,2007-12-17 00:00:00,0.0319148333258686,-0.1043823391121535,0.1682120057638908,144.36,-38.147
39430,2007-12-18 00:00:00,-0.0496385636242225,-0.1861659326047887,0.0868888053563437,144.36,-38.147
39431,2007-12-19 00:00:00,0.0041472904368277,-0.1322354917840345,0.1405300726576899,144.36,-38.147
39432,2007-12-20 00:00:00,0.1067533399943215,-0.0296700133579909,0.243176693346634,144.36,-38.147
39433,2007-12-21 00:00:00,0.0640620973157723,-0.072387452752706,0.2005116473842508,144.36,-38.147
39434,2007-12-22 00:00:00,0.4372772272349305,0.299698751519062,0.574855702950799,144.36,-38.147
39435,2007-12-23 00:00:00,0.1944435353885507,0.0564675879571073,0.332419482819994,144.36,-38.147
39436,2007-12-24 00:00:00,0.060248683422216,-0.0761950904815782,0.1966924573260103,144.36,-38.147
39437,2007-12-25 00:00:00,0.024735071493905,-0.1117219157502307,0.1611920587380408,144.36,-38.147
39438,2007-12-26 00:00:00,0.0017771648834823,-0.1344466039626296,0.1380009337295942,144.36,-38.147
39439,2007-12-27 00:00:00,0.0342189046802202,-0.1020391898360899,0.1704769991965304,144.36,-38.147
39440,2007-12-28 00:00:00,0.0252681552093746,-0.1109815336610992,0.1615178440798484,144.36,-38.147
39441,2007-12-29 00:00:00,0.109606934027434,-0.0267716928320603,0.2459855608869283,144.36,-38.147
39442,2007-12-30 00:00:00,0.0446211819566938,-0.0918430788397515,0.1810854427531392,144.36,-38.147
39443,2007-12-31 00:00:00,-0.0172712453488207,-0.153637420238544,0.1190949295409026,144.36,-38.147
39444,2008-01-01 00:00:00,0.0933557062578878,-0.0432308108095284,0.2299422233253042,144.36,-38.147
39445,2008-01-02 00:00:00,0.052940147803641,-0.0837148600974558,0.1895951557047379,144.36,-38.147
39446,2008-01-03 00:00:00,-0.0074595316948985,-0.1446722392440296,0.1297531758542325,144.36,-38.147
39447,2008-01-04 00:00:00,-0.0308603189607195,-0.1675784359172251,0.1058577979957859,144.36,-38.147
39448,2008-01-05 00:00:00,0.0748740782511762,-0.0615738672918533,0.2113220237942059,144.36,-38.147
39449,2008-01-06 00:00:00,0.1973234188987352,0.0607799886276126,0.3338668491698577,144.36,-38.147
39450,2008-01-07 00:00:00,0.1437471504946666,0.0072889441538832,0.28020535683545,144.36,-38.147
39451,2008-01-08 00:00:00,0.0787720459050111,-0.0575140516363963,0.2150581434464187,144.36,-38.147
39452,2008-01-09 00:00:00,0.0224220434236536,-0.113840402154865,0.1586844890021723,144.36,-38.147
39453,2008-01-10 00:00:00,0.0131730474722258,-0.1231212657233008,0.1494673606677525,144.36,-38.147
39454,2008-01-11 00:00:00,0.120691671649497,-0.016259739556631,0.2576430828556252,144.36,-38.147
39455,2008-01-12 00:00:00,0.156775776269623,0.0194703948326479,0.2940811577065982,144.36,-38.147
39456,2008-01-13 00:00:00,0.2952523579349005,0.1585503759534743,0.4319543399163267,144.36,-38.147
39457,2008-01-14 00:00:00,0.130202947094656,-0.0063606140628689,0.266766508252181,144.36,-38.147
39458,2008-01-15 00:00:00,0.0296548088227154,-0.1066146352143765,0.1659242528598073,144.36,-38.147
39459,2008-01-16 00:00:00,0.106328394090722,-0.0304308340860926,0.2430876222675367,144.36,-38.147
39460,2008-01-17 00:00:00,0.0335861577844304,-0.1031985546749769,0.1703708702438378,144.36,-38.147
39461,2008-01-18 00:00:00,-0.0363280253942486,-0.1727878964441119,0.1001318456556147,144.36,-38.147
39462,2008-01-19 00:00:00,0.0707845835896484,-0.0657608965853812,0.2073300637646782,144.36,-38.147
39463,2008-01-20 00:00:00,0.1025637379987896,-0.0339496653575331,0.2390771413551125,144.36,-38.147
39464,2008-01-21 00:00:00,0.0446918692136485,-0.0920203512196703,0.1814040896469675,144.36,-38.147
39465,2008-01-22 00:00:00,-0.0111178284639276,-0.1477185908767471,0.1254829339488917,144.36,-38.147
39466,2008-01-23 00:00:00,-0.0226419328867004,-0.1589891867444326,0.1137053209710316,144.36,-38.147
39467,2008-01-24 00:00:00,0.0159407493377675,-0.1203404536765385,0.1522219523520736,144.36,-38.147
39468,2008-01-25 00:00:00,-0.0134098583392216,-0.1496655714465536,0.1228458547681104,144.36,-38.147
39469,2008-01-26 00:00:00,0.0210213723642105,-0.115215638942931,0.1572583836713521,144.36,-38.147
39470,2008-01-27 00:00:00,0.1340524012146361,-0.0024222087828594,0.2705270112121317,144.36,-38.147
39471,2008-01-28 00:00:00,0.1223861666623061,-0.0140019083257112,0.2587742416503236,144.36,-38.147
39472,2008-01-29 00:00:00,0.0636540463574224,-0.0725793857196672,0.1998874784345121,144.36,-38.147
39473,2008-01-30 00:00:00,0.02081884756762,-0.11537541764075,0.1570131127759901,144.36,-38.147
39474,2008-01-31 00:00:00,0.0420427138535014,-0.0943580487994966,0.1784434765064996,144.36,-38.147
39475,2008-02-01 00:00:00,0.0289743801099924,-0.1073185909485786,0.1652673511685636,144.36,-38.147
39476,2008-02-02 00:00:00,-0.0015621814915207,-0.1378386020868761,0.1347142391038346,144.36,-38.147
39477,2008-02-03 00:00:00,0.0005028571501944,-0.1358219211447797,0.1368276354451687,144.36,-38.147
39478,2008-02-04 00:00:00,0.0021217009927809,-0.1342008539612008,0.1384442559467627,144.36,-38.147
39479,2008-02-05 00:00:00,0.0515882102041675,-0.0848751082581675,0.1880515286665025,144.36,-38.147
39480,2008-02-06 00:00:00,0.0624389687534211,-0.074221310669007,0.1990992481758493,144.36,-38.147
39481,2008-02-07 00:00:00,0.1539556140054614,0.0173349666421595,0.2905762613687634,144.36,-38.147
39482,2008-02-08 00:00:00,0.0807134220187296,-0.0556663048349454,0.2170931488724046,144.36,-38.147
39483,2008-02-09 00:00:00,0.0583676975082029,-0.0779918122936482,0.194727207310054,144.36,-38.147
39484,2008-02-10 00:00:00,0.0242641654850766,-0.112002489888086,0.1605308208582394,144.36,-38.147
39485,2008-02-11 00:00:00,0.0282163194995486,-0.1080367446731278,0.1644693836722251,144.36,-38.147
39486,2008-02-12 00:00:00,0.0899267871915948,-0.0463493221787163,0.226202896561906,144.36,-38.147
39487,2008-02-13 00:00:00,0.0522469278537129,-0.0846316972119904,0.1891255529194164,144.36,-38.147
39488,2008-02-14 00:00:00,-0.0149341631714605,-0.1514447027786704,0.1215763764357494,144.36,-38.147
39489,2008-02-15 00:00:00,-0.0311017329006415,-0.1673410775465763,0.1051376117452931,144.36,-38.147
39490,2008-02-16 00:00:00,-0.0105702750010899,-0.1467877518208827,0.1256472018187028,144.36,-38.147
39491,2008-02-17 00:00:00,-0.0303624596590231,-0.166608924072863,0.1058840047548166,144.36,-38.147
39492,2008-02-18 00:00:00,0.0017465990056906,-0.1344917351287715,0.1379849331401527,144.36,-38.147
39493,2008-02-19 00:00:00,0.0308282330342727,-0.1054854127094155,0.1671418787779611,144.36,-38.147
39494,2008-02-20 00:00:00,0.117455784511352,-0.0192192802591183,0.2541308492818225,144.36,-38.147
39495,2008-02-21 00:00:00,0.0247773848674474,-0.1117599499218521,0.1613147196567471,144.36,-38.147
39496,2008-02-22 00:00:00,0.0909262998094075,-0.0455236587379728,0.2273762583567878,144.36,-38.147
39497,2008-02-23 00:00:00,0.2653806589718803,0.1286610723235732,0.4021002456201874,144.36,-38.147
39498,2008-02-24 00:00:00,0.1090685594364633,-0.027820299366486,0.2459574182394127,144.36,-38.147
39499,2008-02-25 00:00:00,0.0179417713570966,-0.1185242843324638,0.1544078270466572,144.36,-38.147
39500,2008-02-26 00:00:00,0.0499719119998462,-0.0862040861050888,0.1861479101047813,144.36,-38.147
39501,2008-02-27 00:00:00,0.0404426587478446,-0.0957529827586126,0.1766383002543019,144.36,-38.147
39502,2008-02-28 00:00:00,0.0694318300553172,-0.0671595814725427,0.2060232415831771,144.36,-38.147
39503,2008-02-29 00:00:00,-0.0278163934259421,-0.1643415921895547,0.1087088053376705,144.36,-38.147
39504,2008-03-01 00:00:00,-0.0385876874799272,-0.174807953168648,0.0976325782087934,144.36,-38.147
39505,2008-03-02 00:00:00,-0.0374600526723748,-0.1736492094121838,0.098729104067434,144.36,-38.147
39506,2008-03-03 00:00:00,0.0038552850700674,-0.1323583349256683,0.1400689050658032,144.36,-38.147
39507,2008-03-04 00:00:00,0.0313578604992802,-0.1049435110226533,0.1676592320212137,144.36,-38.147
39508,2008-03-05 00:00:00,-0.0191634009189798,-0.155522222032102,0.1171954201941422,144.36,-38.147
39509,2008-03-06 00:00:00,0.0648502341729821,-0.071514845118664,0.2012153134646284,144.36,-38.147
39510,2008-03-07 00:00:00,0.0343043256813949,-0.1019874109306346,0.1705960622934245,144.36,-38.147
39511,2008-03-08 00:00:00,4.001801436524788e-05,-0.1361630394414916,0.136243075470222,144.36,-38.147
39512,2008-03-09 00:00:00,-0.0110647821625572,-0.1473665842949889,0.1252370199698745,144.36,-38.147
39513,2008-03-10 00:00:00,0.0590901171291694,-0.0773238768454006,0.1955041111037394,144.36,-38.147
39514,2008-03-11 00:00:00,0.023999463991079,-0.112380058932294,0.1603789869144521,144.36,-38.147
39515,2008-03-12 00:00:00,-0.0136965647838533,-0.1499091437287654,0.1225160141610587,144.36,-38.147
39516,2008-03-13 00:00:00,-0.0047836689294121,-0.1410307113836293,0.1314633735248049,144.36,-38.147
39517,2008-03-14 00:00:00,0.0975135673278679,-0.0389669201492617,0.2339940548049975,144.36,-38.147
39518,2008-03-15 00:00:00,0.0853244523060647,-0.0514023713248495,0.222051275936979,144.36,-38.147
39519,2008-03-16 00:00:00,0.0221766754964947,-0.1141441966752143,0.1584975476682039,144.36,-38.147
39520,2008-03-17 00:00:00,0.0193162452618841,-0.1170652722405668,0.1556977627643351,144.36,-38.147
39521,2008-03-18 00:00:00,0.0958913872147612,-0.0406838169445428,0.2324665913740654,144.36,-38.147
39522,2008-03-19 00:00:00,0.0397987554348553,-0.0969278790532356,0.1765253899229464,144.36,-38.147
39523,2008-03-20 00:00:00,0.121981830059195,-0.0144502519345966,0.2584139120529868,144.36,-38.147
39524,2008-03-21 00:00:00,0.1031693615858711,-0.0332482934210576,0.2395870165927998,144.36,-38.147
39525,2008-03-22 00:00:00,-0.045896467116811,-0.1821940197543559,0.0904010855207339,144.36,-38.147
39526,2008-03-23 00:00:00,-0.0062663891819169,-0.1425156927791773,0.1299829144153434,144.36,-38.147
39527,2008-03-24 00:00:00,0.023494671088573,-0.1127602084325817,0.1597495506097278,144.36,-38.147
39528,2008-03-25 00:00:00,0.1838433478601759,0.0474619698777374,0.3202247258426144,144.36,-38.147
39529,2008-03-26 00:00:00,0.2988186405371233,0.1619553645812237,0.4356819164930229,144.36,-38.147
39530,2008-03-27 00:00:00,0.0814738042965041,-0.0551990056062209,0.2181466141992291,144.36,-38.147
39531,2008-03-28 00:00:00,0.0286772012850139,-0.1075768972395492,0.164931299809577,144.36,-38.147
39532,2008-03-29 00:00:00,0.1349005756033875,-0.0017271028700378,0.2715282540768129,144.36,-38.147
39533,2008-03-30 00:00:00,0.1933901672631534,0.0568005555912459,0.3299797789350609,144.36,-38.147
39534,2008-03-31 00:00:00,0.2731984357337895,0.1366622512773783,0.4097346201902005,144.36,-38.147
39535,2008-04-01 00:00:00,0.0399347302899143,-0.0964850949528029,0.1763545555326315,144.36,-38.147
39536,2008-04-02 00:00:00,0.0225615169430523,-0.116045486740095,0.1611685206261996,144.36,-38.147
39537,2008-04-03 00:00:00,0.451986385465868,0.3123229308313388,0.5916498401003973,144.36,-38.147
39538,2008-04-04 00:00:00,0.0724762503799829,-0.0641136097903846,0.2090661105503505,144.36,-38.147
39539,2008-04-05 00:00:00,0.0895717168257266,-0.0466501257970466,0.2257935594484999,144.36,-38.147
39540,2008-04-06 00:00:00,0.0096125885834965,-0.1266009689626094,0.1458261461296024,144.36,-38.147
39541,2008-04-07 00:00:00,-0.0245967574800839,-0.160778851708488,0.1115853367483201,144.36,-38.147
39542,2008-04-08 00:00:00,-0.0304052093964037,-0.1666104659381878,0.1058000471453803,144.36,-38.147
39543,2008-04-09 00:00:00,0.0087314905709915,-0.1275201063115072,0.1449830874534903,144.36,-38.147
39544,2008-04-10 00:00:00,0.0493469068696745,-0.0870318696240112,0.1857256833633603,144.36,-38.147
39545,2008-04-11 00:00:00,0.0095946696403819,-0.1269176144047642,0.1461069536855281,144.36,-38.147
39546,2008-04-12 00:00:00,0.1904900017993089,0.0540344958379935,0.3269455077606243,144.36,-38.147
39547,2008-04-13 00:00:00,0.1084727273008398,-0.0277330506476193,0.244678505249299,144.36,-38.147
39548,2008-04-14 00:00:00,0.0434577622503416,-0.0927384238592795,0.1796539483599628,144.36,-38.147
39549,2008-04-15 00:00:00,-0.0073150160939487,-0.1435281067738982,0.1288980745860006,144.36,-38.147
39550,2008-04-16 00:00:00,-0.0328398066240229,-0.1690191512100769,0.1033395379620311,144.36,-38.147
39551,2008-04-17 00:00:00,-0.026399756778702,-0.1626025156365246,0.1098030020791206,144.36,-38.147
39552,2008-04-18 00:00:00,-0.0543917320104288,-0.1905881603129937,0.081804696292136,144.36,-38.147
39553,2008-04-19 00:00:00,-0.0407932011752219,-0.1770146412327973,0.0954282388823534,144.36,-38.147
39554,2008-04-20 00:00:00,-0.0139162965928268,-0.1501434432603935,0.1223108500747398,144.36,-38.147
39555,2008-04-21 00:00:00,0.0046197693608136,-0.1315830459318756,0.140822584653503,144.36,-38.147
39556,2008-04-22 00:00:00,-0.0271198497831273,-0.1633049556505158,0.1090652560842612,144.36,-38.147
39557,2008-04-23 00:00:00,-0.0257021072294856,-0.1618804802969939,0.1104762658380225,144.36,-38.147
39558,2008-04-24 00:00:00,0.0005164225270216,-0.1356728412724968,0.1367056863265401,144.36,-38.147
39559,2008-04-25 00:00:00,0.0674887398335033,-0.0687482167844568,0.2037256964514635,144.36,-38.147
39560,2008-04-26 00:00:00,0.1407064558818476,0.0042941310265817,0.2771187807371136,144.36,-38.147
39561,2008-04-27 00:00:00,0.23932085771586,0.1027306894730577,0.3759110259586623,144.36,-38.147
39562,2008-04-28 00:00:00,0.2266300167148401,0.0902324240808858,0.3630276093487944,144.36,-38.147
39563,2008-04-29 00:00:00,0.0804501017925483,-0.0558775346728787,0.2167777382579753,144.36,-38.147
39564,2008-04-30 00:00:00,-0.0067768516033589,-0.1430251001944217,0.1294713969877037,144.36,-38.147
39565,2008-05-01 00:00:00,0.0762385489459227,-0.0601335192423805,0.212610617134226,144.36,-38.147
39566,2008-05-02 00:00:00,0.1631862387172109,0.026708199102929,0.2996642783314927,144.36,-38.147
39567,2008-05-03 00:00:00,0.1106443886056462,-0.0256343313765258,0.2469231085878183,144.36,-38.147
39568,2008-05-04 00:00:00,0.0441399007843572,-0.0920880306938049,0.1803678322625195,144.36,-38.147
39569,2008-05-05 00:00:00,0.1070874246862679,-0.0292134517004363,0.2433883010729721,144.36,-38.147
39570,2008-05-06 00:00:00,0.1414288768316784,0.0051788123598142,0.2776789413035426,144.36,-38.147
39571,2008-05-07 00:00:00,0.1582725145708238,0.0219553930384186,0.2945896361032289,144.36,-38.147
39572,2008-05-08 00:00:00,0.0566236375175075,-0.0796262583311421,0.1928735333661572,144.36,-38.147
39573,2008-05-09 00:00:00,0.0576413227968211,-0.0785539731422791,0.1938366187359214,144.36,-38.147
39574,2008-05-10 00:00:00,0.0502237203678993,-0.0859480618022281,0.1863955025380267,144.36,-38.147
39575,2008-05-11 00:00:00,0.0260162434111567,-0.1101447868849376,0.162177273707251,144.36,-38.147
39576,2008-05-12 00:00:00,0.0129597032036457,-0.1231909506064048,0.1491103570136963,144.36,-38.147
39577,2008-05-13 00:00:00,0.0270542989394128,-0.1091162008601112,0.1632247987389368,144.36,-38.147
39578,2008-05-14 00:00:00,0.0331012009725029,-0.1030636325974846,0.1692660345424905,144.36,-38.147
39579,2008-05-15 00:00:00,0.0342296524613703,-0.101975094641314,0.1704343995640546,144.36,-38.147
39580,2008-05-16 00:00:00,0.0802934973972082,-0.0560841935921161,0.2166711883865326,144.36,-38.147
39581,2008-05-17 00:00:00,0.2543905830613486,0.1176933007580148,0.3910878653646825,144.36,-38.147
39582,2008-05-18 00:00:00,0.2059903391953816,0.0693591221214036,0.3426215562693597,144.36,-38.147
39583,2008-05-19 00:00:00,0.1570810188424606,0.0205759054592293,0.2935861322256919,144.36,-38.147
39584,2008-05-20 00:00:00,0.1279591824191782,-0.0084033151345681,0.2643216799729245,144.36,-38.147
39585,2008-05-21 00:00:00,0.0625993673328371,-0.0736715598181546,0.1988702944838289,144.36,-38.147
39586,2008-05-22 00:00:00,-0.0180657286126489,-0.1542737279724763,0.1181422707471784,144.36,-38.147
39587,2008-05-23 00:00:00,-0.0212701862808806,-0.1574468987174498,0.1149065261556886,144.36,-38.147
39588,2008-05-24 00:00:00,-0.0293258754913648,-0.1655074618412824,0.1068557108585526,144.36,-38.147
39589,2008-05-25 00:00:00,0.00457780492698,-0.1316024024364012,0.1407580122903614,144.36,-38.147
39590,2008-05-26 00:00:00,0.0802575846195498,-0.0560034870611781,0.2165186563002779,144.36,-38.147
39591,2008-05-27 00:00:00,0.0368800062397964,-0.0993777365358249,0.1731377490154179,144.36,-38.147
39592,2008-05-28 00:00:00,0.0231793600356803,-0.1130341658132926,0.1593928858846533,144.36,-38.147
39593,2008-05-29 00:00:00,0.0175480632588018,-0.1186771743759577,0.1537733008935615,144.36,-38.147
39594,2008-05-30 00:00:00,0.0073681225181924,-0.1288706763206241,0.143606921357009,144.36,-38.147
39595,2008-05-31 00:00:00,0.0473092689065304,-0.0889995095622302,0.1836180473752911,144.36,-38.147
39596,2008-06-01 00:00:00,-0.0319395797136595,-0.1681573941385372,0.1042782347112182,144.36,-38.147
39597,2008-06-02 00:00:00,-0.0037686737452322,-0.1399593612586892,0.1324220137682246,144.36,-38.147
39598,2008-06-03 00:00:00,0.0175762859037728,-0.1186376779007373,0.1537902497082829,144.36,-38.147
39599,2008-06-04 00:00:00,-0.0188537280769172,-0.1550811578783691,0.1173737017245346,144.36,-38.147
39600,2008-06-05 00:00:00,-0.043549333062733,-0.1797478499456546,0.0926491838201885,144.36,-38.147
39601,2008-06-06 00:00:00,-0.0177102079881103,-0.15396592736135,0.1185455113851292,144.36,-38.147
39602,2008-06-07 00:00:00,-0.0109145457371494,-0.1471650066695361,0.1253359151952373,144.36,-38.147
39603,2008-06-08 00:00:00,-0.0614084185691662,-0.1976543250225595,0.074837487884227,144.36,-38.147
39604,2008-06-09 00:00:00,-0.0309510095727669,-0.1672903376889856,0.1053883185434518,144.36,-38.147
39605,2008-06-10 00:00:00,0.0334376792929992,-0.103066012092662,0.1699413706786605,144.36,-38.147
39606,2008-06-11 00:00:00,0.1717709296780983,0.0346494280487027,0.3088924313074939,144.36,-38.147
39607,2008-06-12 00:00:00,0.1380263236916263,0.0006767945004441,0.2753758528828084,144.36,-38.147
39608,2008-06-13 00:00:00,0.3866320162116568,0.2487683431741684,0.5244956892491452,144.36,-38.147
39609,2008-06-14 00:00:00,-0.0265540919543354,-0.163918684021414,0.1108105001127431,144.36,-38.147
39610,2008-06-15 00:00:00,-0.0504152733958387,-0.1867015402336685,0.0858709934419909,144.36,-38.147
39611,2008-06-16 00:00:00,-0.0427652813541514,-0.1789454685771039,0.093414905868801,144.36,-38.147
39612,2008-06-17 00:00:00,-0.0099057297065725,-0.1461213688068575,0.1263099093937124,144.36,-38.147
39613,2008-06-18 00:00:00,0.0620221478309493,-0.0742878598608934,0.1983321555227922,144.36,-38.147
39614,2008-06-19 00:00:00,0.097787119842802,-0.0385438775769652,0.2341181172625693,144.36,-38.147
39615,2008-06-20 00:00:00,0.0543751975442683,-0.0820212581365285,0.1907716532250653,144.36,-38.147
39616,2008-06-21 00:00:00,0.054104703547236,-0.0823494442078261,0.1905588513022982,144.36,-38.147
39617,2008-06-22 00:00:00,0.0670024042798629,-0.0695486609734262,0.2035534695331521,144.36,-38.147
39618,2008-06-23 00:00:00,0.0260002783202414,-0.1105805656505409,0.1625811222910237,144.36,-38.147
39619,2008-06-24 00:00:00,0.0457891428840935,-0.0908088818100618,0.1823871675782489,144.36,-38.147
39620,2008-06-25 00:00:00,0.0473077430361296,-0.0893400232548417,0.183955509327101,144.36,-38.147
39621,2008-06-26 00:00:00,0.3695920440604447,0.2309056734048417,0.5082784147160478,144.36,-38.147
39622,2008-06-27 00:00:00,0.0499184684236038,-0.0875774108732636,0.1874143477204714,144.36,-38.147
39623,2008-06-28 00:00:00,-0.017088067534059,-0.1535959423289643,0.1194198072608462,144.36,-38.147
39624,2008-06-29 00:00:00,0.0611537520297845,-0.0753147985380931,0.1976223025976621,144.36,-38.147
39625,2008-06-30 00:00:00,0.1749119096545122,0.0374764145063011,0.3123474048027234,144.36,-38.147
39626,2008-07-01 00:00:00,0.5677726302233528,0.4269028129862331,0.7086424474604724,144.36,-38.147
39627,2008-07-02 00:00:00,0.2728531287961985,0.1335345096975206,0.4121717478948765,144.36,-38.147
39628,2008-07-03 00:00:00,0.0679954451929247,-0.0691215566233132,0.2051124470091626,144.36,-38.147
39629,2008-07-04 00:00:00,-0.0022016419333108,-0.1385299133146281,0.1341266294480065,144.36,-38.147
39630,2008-07-05 00:00:00,-0.0370128600826833,-0.1732453078396365,0.0992195876742697,144.36,-38.147
39631,2008-07-06 00:00:00,0.0260448117199805,-0.1102669407144571,0.1623565641544183,144.36,-38.147
39632,2008-07-07 00:00:00,0.0786144107213022,-0.0577969195085848,0.2150257409511892,144.36,-38.147
39633,2008-07-08 00:00:00,0.1852702198695862,0.0487218431834046,0.3218185965557679,144.36,-38.147
39634,2008-07-09 00:00:00,0.0700995799637496,-0.0664280362006047,0.2066271961281039,144.36,-38.147
39635,2008-07-10 00:00:00,0.1937373847472753,0.0565471500030134,0.3309276194915372,144.36,-38.147
39636,2008-07-11 00:00:00,0.1686923937931623,0.0296166597003782,0.3077681278859463,144.36,-38.147
39637,2008-07-12 00:00:00,-0.0419346843084135,-0.1791895088913849,0.0953201402745577,144.36,-38.147
39638,2008-07-13 00:00:00,0.0577267483983878,-0.078983231586699,0.1944367283834748,144.36,-38.147
39639,2008-07-14 00:00:00,0.0933714698350366,-0.0430986408078549,0.2298415804779283,144.36,-38.147
39640,2008-07-15 00:00:00,0.0541057681879894,-0.0822115107440395,0.1904230471200185,144.36,-38.147
39641,2008-07-16 00:00:00,0.0231224212695909,-0.1131643367335631,0.1594091792727451,144.36,-38.147
39642,2008-07-17 00:00:00,0.0376518638562187,-0.0986246668958963,0.1739283946083337,144.36,-38.147
39643,2008-07-18 00:00:00,0.2611770242541865,0.124729048831883,0.39762499967649,144.36,-38.147
39644,2008-07-19 00:00:00,0.075136293312134,-0.0613352533860597,0.2116078400103277,144.36,-38.147
39645,2008-07-20 00:00:00,0.0841293480498079,-0.0525317249137778,0.2207904210133937,144.36,-38.147
39646,2008-07-21 00:00:00,0.1295559904738904,-0.0088810814943521,0.267993062442133,144.36,-38.147
39647,2008-07-22 00:00:00,0.0009190567828995,-0.137158077244715,0.1389961908105142,144.36,-38.147
39648,2008-07-23 00:00:00,-0.0472773042658485,-0.1837100507580553,0.0891554422263581,144.36,-38.147
39649,2008-07-24 00:00:00,-0.0476914871396288,-0.1839143613329384,0.0885313870536807,144.36,-38.147
39650,2008-07-25 00:00:00,0.0120395762314718,-0.1242300656916236,0.1483092181545674,144.36,-38.147
39651,2008-07-26 00:00:00,0.0744218465040392,-0.0618575247298218,0.2107012177379003,144.36,-38.147
39652,2008-07-27 00:00:00,0.1146933560267534,-0.0216733605471129,0.2510600726006199,144.36,-38.147
39653,2008-07-28 00:00:00,0.0571211794779875,-0.0794106412859325,0.1936530002419075,144.36,-38.147
39654,2008-07-29 00:00:00,-0.0465405901759598,-0.1829369778879686,0.0898557975360488,144.36,-38.147
39655,2008-07-30 00:00:00,0.0285020308585015,-0.1079364563510745,0.1649405180680776,144.36,-38.147
39656,2008-07-31 00:00:00,0.1129493190703806,-0.0234543196163525,0.2493529577571138,144.36,-38.147
39657,2008-08-01 00:00:00,0.2922366489552935,0.1550553075570563,0.4294179903535307,144.36,-38.147
39658,2008-08-02 00:00:00,0.2316199340043585,0.094350295386693,0.3688895726220241,144.36,-38.147
39659,2008-08-03 00:00:00,0.0414065643218779,-0.0948998329727685,0.1777129616165244,144.36,-38.147
39660,2008-08-04 00:00:00,0.0739609582100373,-0.0623161144555858,0.2102380308756605,144.36,-38.147
39661,2008-08-05 00:00:00,0.0883146273146502,-0.0479575659466182,0.2245868205759188,144.36,-38.147
39662,2008-08-06 00:00:00,0.0280205336936405,-0.1082175252458244,0.1642585926331056,144.36,-38.147
39663,2008-08-07 00:00:00,0.0927303214350095,-0.0436740262452954,0.2291346691153145,144.36,-38.147
39664,2008-08-08 00:00:00,0.0779239623436822,-0.0584688381233659,0.2143167628107303,144.36,-38.147
39665,2008-08-09 00:00:00,0.0835038957451639,-0.0528065575090608,0.2198143489993887,144.36,-38.147
39666,2008-08-10 00:00:00,0.1900704857311855,0.0535088518576118,0.3266321196047591,144.36,-38.147
39667,2008-08-11 00:00:00,0.1566014578319949,0.0196685869507025,0.2935343287132873,144.36,-38.147
39668,2008-08-12 00:00:00,0.1282566130013129,-0.0082177405564832,0.2647309665591091,144.36,-38.147
39669,2008-08-13 00:00:00,0.1170849471442047,-0.0193919244276092,0.2535618187160186,144.36,-38.147
39670,2008-08-14 00:00:00,0.084096753078413,-0.0525479989191496,0.2207415050759757,144.36,-38.147
39671,2008-08-15 00:00:00,0.0682592411562081,-0.0684932501453778,0.205011732457794,144.36,-38.147
39672,2008-08-16 00:00:00,0.026120521584839,-0.1102953488285787,0.1625363919982568,144.36,-38.147
39673,2008-08-17 00:00:00,0.0138968608116145,-0.1225005532108215,0.1502942748340506,144.36,-38.147
39674,2008-08-18 00:00:00,0.0539336014742585,-0.082337580091695,0.1902047830402122,144.36,-38.147
39675,2008-08-19 00:00:00,0.0472206873724647,-0.0891588775231127,0.1836002522680422,144.36,-38.147
39676,2008-08-20 00:00:00,0.1163857144371456,-0.0203112711859401,0.2530827000602314,144.36,-38.147
39677,2008-08-21 00:00:00,0.0968045730935584,-0.0397554752394611,0.233364621426578,144.36,-38.147
39678,2008-08-22 00:00:00,0.0549741132124804,-0.0816881926877165,0.1916364191126774,144.36,-38.147
39679,2008-08-23 00:00:00,-0.0056676990028913,-0.1421784160073164,0.1308430180015338,144.36,-38.147
39680,2008-08-24 00:00:00,0.0019393474257889,-0.134261399176781,0.1381400940283588,144.36,-38.147
39681,2008-08-25 00:00:00,-0.02139727647356,-0.1576011841722885,0.1148066312251685,144.36,-38.147
39682,2008-08-26 00:00:00,0.0927588319326379,-0.0435293866117938,0.2290470504770697,144.36,-38.147
39683,2008-08-27 00:00:00,0.0347418823976244,-0.1016741775546603,0.1711579423499093,144.36,-38.147
39684,2008-08-28 00:00:00,-0.0236922991169983,-0.1598888586743481,0.1125042604403514,144.36,-38.147
39685,2008-08-29 00:00:00,-0.0442385871695571,-0.1804266947145637,0.0919495203754494,144.36,-38.147
39686,2008-08-30 00:00:00,-0.0037591088156068,-0.1400284330394084,0.1325102154081947,144.36,-38.147
39687,2008-08-31 00:00:00,0.2315736850586693,0.0945007146616391,0.3686466554556994,144.36,-38.147
39688,2008-09-01 00:00:00,0.1543932439877236,0.017739949200661,0.2910465387747861,144.36,-38.147
39689,2008-09-02 00:00:00,0.1723066825357068,0.035782874608937,0.3088304904624766,144.36,-38.147
39690,2008-09-03 00:00:00,-0.0246865130596278,-0.1611411665540505,0.1117681404347947,144.36,-38.147
39691,2008-09-04 00:00:00,-0.0775204137839319,-0.2138078076170665,0.0587669800492027,144.36,-38.147
39692,2008-09-05 00:00:00,-0.0365128915407641,-0.1728164233833211,0.0997906403017929,144.36,-38.147
39693,2008-09-06 00:00:00,0.044289263732581,-0.0919284867438217,0.1805070142089837,144.36,-38.147
39694,2008-09-07 00:00:00,0.0752016511773626,-0.061018102457209,0.2114214048119342,144.36,-38.147
39695,2008-09-08 00:00:00,0.0244877414847222,-0.1117723788182459,0.1607478617876904,144.36,-38.147
39696,2008-09-09 00:00:00,-0.0136064103245092,-0.1498256786113997,0.1226128579623811,144.36,-38.147
39697,2008-09-10 00:00:00,-0.0217428155812631,-0.1579382846353741,0.1144526534728478,144.36,-38.147
39698,2008-09-11 00:00:00,0.04174968371989,-0.0945135452060876,0.1780129126458676,144.36,-38.147
39699,2008-09-12 00:00:00,0.1176700718423312,-0.0188738622273473,0.2542140059120097,144.36,-38.147
39700,2008-09-13 00:00:00,0.2093074215507994,0.0725339125494244,0.3460809305521745,144.36,-38.147
39701,2008-09-14 00:00:00,0.4300255221207809,0.2917223393874485,0.5683287048541132,144.36,-38.147
39702,2008-09-15 00:00:00,0.220051230610595,0.0808465724930418,0.3592558887281482,144.36,-38.147
39703,2008-09-16 00:00:00,0.4296904296885155,0.2906754887874051,0.568705370589626,144.36,-38.147
39704,2008-09-17 00:00:00,-0.0506658984265348,-0.1875557901613813,0.0862239933083115,144.36,-38.147
39705,2008-09-18 00:00:00,0.0101381090312434,-0.126238785657732,0.1465150037202188,144.36,-38.147
39706,2008-09-19 00:00:00,0.1428077083382231,0.0063450627286177,0.2792703539478284,144.36,-38.147
39707,2008-09-20 00:00:00,0.2555706660509775,0.1184035043065236,0.3927378277954314,144.36,-38.147
39708,2008-09-21 00:00:00,0.1506682913386073,0.0134345322453061,0.2879020504319085,144.36,-38.147
39709,2008-09-22 00:00:00,0.1408985354094634,0.003780449458419,0.2780166213605077,144.36,-38.147
39710,2008-09-23 00:00:00,0.2837623479689266,0.1466144455807422,0.420910250357111,144.36,-38.147
39711,2008-09-24 00:00:00,0.0705722797370458,-0.0657651702347657,0.2069097297088573,144.36,-38.147
39712,2008-09-25 00:00:00,-0.0322362768444852,-0.1685776701541044,0.1041051164651338,144.36,-38.147
39713,2008-09-26 00:00:00,0.0912400217309626,-0.0452911904641503,0.2277712339260756,144.36,-38.147
39714,2008-09-27 00:00:00,0.0605317513884863,-0.0760710111962301,0.1971345139732028,144.36,-38.147
39715,2008-09-28 00:00:00,0.2438808240935472,0.107116788158915,0.3806448600281795,144.36,-38.147
39716,2008-09-29 00:00:00,0.1499410089906403,0.0133263445002036,0.286555673481077,144.36,-38.147
39717,2008-09-30 00:00:00,0.0631801223975563,-0.0730565373103629,0.1994167821054757,144.36,-38.147
39718,2008-10-01 00:00:00,0.012455259873385,-0.1238120100220707,0.1487225297688408,144.36,-38.147
39719,2008-10-02 00:00:00,0.2098436766652191,0.0731821994953461,0.3465051538350922,144.36,-38.147
39720,2008-10-03 00:00:00,0.124292743997798,-0.0120377166965053,0.2606232046921013,144.36,-38.147
39721,2008-10-04 00:00:00,0.1316051124682804,-0.0047402782469034,0.2679505031834642,144.36,-38.147
39722,2008-10-05 00:00:00,0.0730220971213318,-0.0632352542460871,0.2092794484887508,144.36,-38.147
39723,2008-10-06 00:00:00,0.1924559248198276,0.0559312881922776,0.3289805614473776,144.36,-38.147
39724,2008-10-07 00:00:00,0.1805600208818128,0.0438313393007518,0.3172887024628738,144.36,-38.147
39725,2008-10-08 00:00:00,0.0757874276882739,-0.0605882605448228,0.2121631159213706,144.36,-38.147
39726,2008-10-09 00:00:00,0.0424054319447005,-0.0938080191271438,0.1786188830165448,144.36,-38.147
39727,2008-10-10 00:00:00,0.0082456036177654,-0.1280000970176183,0.1444913042531493,144.36,-38.147
39728,2008-10-11 00:00:00,-0.0026265962920857,-0.1388901154594087,0.1336369228752371,144.36,-38.147
39729,2008-10-12 00:00:00,-0.0036349377803828,-0.1400337190061086,0.1327638434453431,144.36,-38.147
39730,2008-10-13 00:00:00,0.2086809536717584,0.071376458744853,0.3459854485986638,144.36,-38.147
39731,2008-10-14 00:00:00,0.1017904140302301,-0.0351215727781921,0.2387024008386525,144.36,-38.147
39732,2008-10-15 00:00:00,0.0649104441196374,-0.0713318858267714,0.2011527740660464,144.36,-38.147
39733,2008-10-16 00:00:00,0.0070286315817686,-0.1291592046807049,0.1432164678442422,144.36,-38.147
39734,2008-10-17 00:00:00,0.0149887750576811,-0.1212389839417032,0.1512165340570656,144.36,-38.147
39735,2008-10-18 00:00:00,-0.0035692064065701,-0.1398585321080923,0.1327201192949519,144.36,-38.147
39736,2008-10-19 00:00:00,0.0988312937230158,-0.0376301333854046,0.2352927208314364,144.36,-38.147
39737,2008-10-20 00:00:00,0.0676802884742882,-0.0688478858828435,0.2042084628314201,144.36,-38.147
39738,2008-10-21 00:00:00,-0.0013860132413835,-0.1378762269719199,0.1351042004891528,144.36,-38.147
39739,2008-10-22 00:00:00,-0.020435990683712,-0.1574717218352703,0.1165997404678463,144.36,-38.147
39740,2008-10-23 00:00:00,-0.1215648056408854,-0.2582131803081617,0.0150835690263908,144.36,-38.147
39741,2008-10-24 00:00:00,0.0101888868326982,-0.1260471596060766,0.1464249332714732,144.36,-38.147
39742,2008-10-25 00:00:00,0.035521804523706,-0.1007548278753197,0.1717984369227318,144.36,-38.147
39743,2008-10-26 00:00:00,0.0954462466306895,-0.0412141653276436,0.2321066585890227,144.36,-38.147
39744,2008-10-27 00:00:00,0.290347001639554,0.1536327113970566,0.4270612918820514,144.36,-38.147
39745,2008-10-28 00:00:00,0.1052999528769215,-0.0312682772798758,0.2418681830337189,144.36,-38.147
39746,2008-10-29 00:00:00,-0.017766302862669,-0.1540606726999177,0.1185280669745796,144.36,-38.147
39747,2008-10-30 00:00:00,-0.0427935118462054,-0.1791996808895789,0.0936126571971679,144.36,-38.147
39748,2008-10-31 00:00:00,0.308907430247012,0.1716117690488278,0.4462030914451963,144.36,-38.147
39749,2008-11-01 00:00:00,0.0542479913199854,-0.0828592753783456,0.1913552580183165,144.36,-38.147
39750,2008-11-02 00:00:00,-0.0394477721051313,-0.175786135277902,0.0968905910676393,144.36,-38.147
39751,2008-11-03 00:00:00,0.1941190252878308,0.0573295429137266,0.330908507661935,144.36,-38.147
39752,2008-11-04 00:00:00,0.0388061559138168,-0.0980222326979966,0.1756345445256302,144.36,-38.147
39753,2008-11-05 00:00:00,-0.0497920424312065,-0.1863484991545982,0.0867644142921851,144.36,-38.147
39754,2008-11-06 00:00:00,0.1828785833156408,0.0465023072988146,0.319254859332467,144.36,-38.147
39755,2008-11-07 00:00:00,0.0492796779100988,-0.0875596726619737,0.1861190284821713,144.36,-38.147
39756,2008-11-08 00:00:00,0.4257949654843993,0.2878171595356867,0.5637727714331119,144.36,-38.147
39757,2008-11-09 00:00:00,0.1423514101265554,0.0056698394610727,0.2790329807920382,144.36,-38.147
39758,2008-11-10 00:00:00,0.0895014889465938,-0.0467160389663147,0.2257190168595023,144.36,-38.147
39759,2008-11-11 00:00:00,0.0166205428106954,-0.1196446780603564,0.1528857636817472,144.36,-38.147
39760,2008-11-12 00:00:00,0.0473738259107262,-0.0888775476045033,0.1836251994259558,144.36,-38.147
39761,2008-11-13 00:00:00,0.0151097005077815,-0.1216701867326259,0.151889587748189,144.36,-38.147
39762,2008-11-14 00:00:00,0.2230847110712569,0.0861455891529682,0.3600238329895455,144.36,-38.147
39763,2008-11-15 00:00:00,0.1876807884188481,0.0513408455948343,0.3240207312428619,144.36,-38.147
39764,2008-11-16 00:00:00,0.0976931346199105,-0.0388741135731074,0.2342603828129285,144.36,-38.147
39765,2008-11-17 00:00:00,-0.0162303777720523,-0.1525305227998286,0.1200697672557239,144.36,-38.147
39766,2008-11-18 00:00:00,0.0247450609357599,-0.1114466189897824,0.1609367408613023,144.36,-38.147
39767,2008-11-19 00:00:00,0.0369371965137742,-0.0993127158673958,0.1731871088949443,144.36,-38.147
39768,2008-11-20 00:00:00,0.1235777933263922,-0.01288216019767,0.2600377468504545,144.36,-38.147
39769,2008-11-21 00:00:00,0.1568196122562776,0.0203616597097658,0.2932775648027893,144.36,-38.147
39770,2008-11-22 00:00:00,0.3120453422579555,0.1745140209637072,0.4495766635522039,144.36,-38.147
39771,2008-11-23 00:00:00,0.220072570442105,0.0806321895525947,0.3595129513316153,144.36,-38.147
39772,2008-11-24 00:00:00,-0.0301351569435534,-0.1685857878080891,0.1083154739209822,144.36,-38.147
39773,2008-11-25 00:00:00,0.0273149014500233,-0.1090609422420056,0.1636907451420523,144.36,-38.147
39774,2008-11-26 00:00:00,0.0030131681816164,-0.13340911349067,0.139435449853903,144.36,-38.147
39775,2008-11-27 00:00:00,0.0934155533604171,-0.0431450883311423,0.2299761950519766,144.36,-38.147
39776,2008-11-28 00:00:00,0.1663003450051101,0.029988072533425,0.3026126174767953,144.36,-38.147
39777,2008-11-29 00:00:00,0.1863558156331435,0.0499595605379979,0.322752070728289,144.36,-38.147
39778,2008-11-30 00:00:00,0.1442626356151351,0.0078123333635506,0.2807129378667197,144.36,-38.147
39779,2008-12-01 00:00:00,0.2648544695667469,0.1283825141312355,0.4013264250022582,144.36,-38.147
39780,2008-12-02 00:00:00,0.2168626341390281,0.0804953416203298,0.3532299266577264,144.36,-38.147
39781,2008-12-03 00:00:00,0.2211687600059532,0.0847750821916069,0.3575624378202994,144.36,-38.147
39782,2008-12-04 00:00:00,0.048404380944582,-0.0879498415511172,0.1847586034402812,144.36,-38.147
39783,2008-12-05 00:00:00,0.0998732067629716,-0.0368816828889136,0.2366280964148568,144.36,-38.147
39784,2008-12-06 00:00:00,0.2502297592546816,0.1136481063534865,0.3868114121558766,144.36,-38.147
39785,2008-12-07 00:00:00,0.2032965136880575,0.0668916061610414,0.3397014212150735,144.36,-38.147
39786,2008-12-08 00:00:00,0.0853325697953223,-0.0508667468848329,0.2215318864754777,144.36,-38.147
39787,2008-12-09 00:00:00,0.101135526568992,-0.0351919516307834,0.2374630047687676,144.36,-38.147
39788,2008-12-10 00:00:00,0.1218466755173043,-0.0145452597991858,0.2582386108337945,144.36,-38.147
39789,2008-12-11 00:00:00,0.0223318184395253,-0.1139738873937147,0.1586375242727654,144.36,-38.147
39790,2008-12-12 00:00:00,0.011576483035334,-0.1247747638506573,0.1479277299213255,144.36,-38.147
39791,2008-12-13 00:00:00,0.2242644846990371,0.0860202836387658,0.3625086857593085,144.36,-38.147
39792,2008-12-14 00:00:00,0.2669109001452112,0.1275832370594271,0.4062385632309953,144.36,-38.147
39793,2008-12-15 00:00:00,0.0823281672613438,-0.0542106257591844,0.2188669602818722,144.36,-38.147
39794,2008-12-16 00:00:00,0.1306113568419486,-0.0056262544857925,0.2668489681696897,144.36,-38.147
39795,2008-12-17 00:00:00,0.1067141323483626,-0.029533045709784,0.2429613104065093,144.36,-38.147
39796,2008-12-18 00:00:00,0.1046809425395715,-0.0315698449338417,0.2409317300129849,144.36,-38.147
39797,2008-12-19 00:00:00,0.1544078672834882,0.0177073519214746,0.2911083826455017,144.36,-38.147
39798,2008-12-20 00:00:00,-0.0146670225292438,-0.1510518175230517,0.1217177724645641,144.36,-38.147
39799,2008-12-21 00:00:00,-0.0123218585762981,-0.1485377105722869,0.1238939934196906,144.36,-38.147
39800,2008-12-22 00:00:00,0.0420986715830139,-0.0945200711480361,0.1787174143140639,144.36,-38.147
39801,2008-12-23 00:00:00,0.2076234285713876,0.0706061336934939,0.3446407234492813,144.36,-38.147
39802,2008-12-24 00:00:00,0.0462722683008451,-0.0900062628431314,0.1825507994448217,144.36,-38.147
39803,2008-12-25 00:00:00,0.0904645844244213,-0.0457855685705479,0.2267147374193905,144.36,-38.147
39804,2008-12-26 00:00:00,0.0496630460676702,-0.0865243624493029,0.1858504545846434,144.36,-38.147
39805,2008-12-27 00:00:00,0.1500160322712633,0.0137353386194933,0.2862967259230334,144.36,-38.147
39806,2008-12-28 00:00:00,0.2296572026303773,0.0932462640195989,0.3660681412411557,144.36,-38.147
39807,2008-12-29 00:00:00,0.2738344805621892,0.1374267523387924,0.4102422087855859,144.36,-38.147
39808,2008-12-30 00:00:00,0.3081485253516228,0.1714317077630823,0.4448653429401633,144.36,-38.147
39809,2008-12-31 00:00:00,0.2870149955682816,0.1502947796497995,0.4237352114867637,144.36,-38.147
39810,2009-01-01 00:00:00,0.2353558351035598,0.0986435761982971,0.3720680940088225,144.36,-38.147
39811,2009-01-02 00:00:00,0.1491854502348502,0.0127104897918386,0.2856604106778618,144.36,-38.147
39812,2009-01-03 00:00:00,0.0089569132032166,-0.1272761412376048,0.1451899676440381,144.36,-38.147
39813,2009-01-04 00:00:00,0.0454427976118878,-0.0907355506604864,0.1816211458842622,144.36,-38.147
39814,2009-01-05 00:00:00,0.0918394524041871,-0.0444134460774867,0.228092350885861,144.36,-38.147
39815,2009-01-06 00:00:00,0.1399724417849003,0.0036526414788789,0.2762922420909216,144.36,-38.147
39816,2009-01-07 00:00:00,0.1399574471509581,0.0036636288365655,0.2762512654653506,144.36,-38.147
39817,2009-01-08 00:00:00,0.1662552184870575,0.0298830482500968,0.3026273887240182,144.36,-38.147
39818,2009-01-09 00:00:00,0.0158705041603724,-0.1204764884850324,0.1522174968057772,144.36,-38.147
39819,2009-01-10 00:00:00,0.017867547718561,-0.1183570020743473,0.1540920975114694,144.36,-38.147
39820,2009-01-11 00:00:00,0.0495941440124157,-0.0866544556194933,0.1858427436443248,144.36,-38.147
39821,2009-01-12 00:00:00,0.0780699198877263,-0.058212860317629,0.2143527000930817,144.36,-38.147
39822,2009-01-13 00:00:00,0.0150528623129002,-0.1211886324085649,0.1512943570343655,144.36,-38.147
39823,2009-01-14 00:00:00,0.1319789571586505,-0.0046417375288364,0.2685996518461376,144.36,-38.147
39824,2009-01-15 00:00:00,0.1806965214982653,0.0439410041921174,0.3174520388044133,144.36,-38.147
39825,2009-01-16 00:00:00,0.1588637956841913,0.0220425262296585,0.2956850651387241,144.36,-38.147
39826,2009-01-17 00:00:00,0.0310884963847525,-0.1055288305466919,0.167705823316197,144.36,-38.147
39827,2009-01-18 00:00:00,-0.0142259422499005,-0.1504496486434579,0.1219977641436568,144.36,-38.147
39828,2009-01-19 00:00:00,0.0090356240582201,-0.1271768328237052,0.1452480809401456,144.36,-38.147
39829,2009-01-20 00:00:00,0.0733534560126635,-0.0630076272070228,0.2097145392323499,144.36,-38.147
39830,2009-01-21 00:00:00,0.1161863702583613,-0.0203912382717914,0.2527639787885141,144.36,-38.147
39831,2009-01-22 00:00:00,0.1458014258421506,0.0074045872485153,0.2841982644357859,144.36,-38.147
39832,2009-01-23 00:00:00,0.254957260330134,0.1163056422986792,0.3936088783615887,144.36,-38.147
39833,2009-01-24 00:00:00,0.4189777963335568,0.2819408134653209,0.5560147792017928,144.36,-38.147
39834,2009-01-25 00:00:00,0.0779603601002142,-0.0587443509373198,0.2146650711377483,144.36,-38.147
39835,2009-01-26 00:00:00,0.0571929319444479,-0.0790624050644298,0.1934482689533257,144.36,-38.147
39836,2009-01-27 00:00:00,-0.0131049424332583,-0.1493462348861383,0.1231363500196216,144.36,-38.147
39837,2009-01-28 00:00:00,0.0290976276734467,-0.1072087005180823,0.1654039558649758,144.36,-38.147
39838,2009-01-29 00:00:00,0.0699685472748632,-0.0666653256823458,0.2066024202320723,144.36,-38.147
39839,2009-01-30 00:00:00,0.1187407794779042,-0.018031187476464,0.2555127464322725,144.36,-38.147
39840,2009-01-31 00:00:00,0.0453192893379149,-0.0910991820904041,0.181737760766234,144.36,-38.147
39841,2009-02-01 00:00:00,0.0020504620610507,-0.1345830598247944,0.1386839839468959,144.36,-38.147
39842,2009-02-02 00:00:00,0.006927052675745,-0.1295084215928811,0.1433625269443712,144.36,-38.147
39843,2009-02-03 00:00:00,0.0429210199844419,-0.0934348105547165,0.1792768505236003,144.36,-38.147
39844,2009-02-04 00:00:00,0.0253087670910935,-0.1110166776926053,0.1616342118747924,144.36,-38.147
39845,2009-02-05 00:00:00,0.1177256895329715,-0.0186422420599749,0.254093621125918,144.36,-38.147
39846,2009-02-06 00:00:00,0.103161082132279,-0.0331800629601421,0.2395022272247001,144.36,-38.147
39847,2009-02-07 00:00:00,0.0519538726670569,-0.0851970537366508,0.1891047990707646,144.36,-38.147
39848,2009-02-08 00:00:00,0.1868623245228707,0.0492707614883631,0.3244538875573783,144.36,-38.147
39849,2009-02-09 00:00:00,0.1445657201574165,0.00801940384647,0.281112036468363,144.36,-38.147
39850,2009-02-10 00:00:00,0.0615046891834226,-0.0750362391298158,0.198045617496661,144.36,-38.147
39851,2009-02-11 00:00:00,0.0435916942527467,-0.0930977460973558,0.1802811346028492,144.36,-38.147
39852,2009-02-12 00:00:00,-0.0072632788892052,-0.1438939114744219,0.1293673536960115,144.36,-38.147
39853,2009-02-13 00:00:00,-0.0659486540525754,-0.2028208113335922,0.0709235032284412,144.36,-38.147
39854,2009-02-14 00:00:00,-0.0420822922393182,-0.1789458924665659,0.0947813079879294,144.36,-38.147
39855,2009-02-15 00:00:00,-0.0142663810208762,-0.1505441743561429,0.1220114123143905,144.36,-38.147
39856,2009-02-16 00:00:00,-0.0198681885857134,-0.1562296439586178,0.1164932667871908,144.36,-38.147
39857,2009-02-17 00:00:00,-0.0115705582354432,-0.1478591483770935,0.124718031906207,144.36,-38.147
39858,2009-02-18 00:00:00,0.0194287627645542,-0.1168388150311827,0.1556963405602912,144.36,-38.147
39859,2009-02-19 00:00:00,0.0674951350955081,-0.0687827389987492,0.2037730091897654,144.36,-38.147
39860,2009-02-20 00:00:00,0.1583610529262786,0.022027497038932,0.2946946088136253,144.36,-38.147
39861,2009-02-21 00:00:00,0.0877709628654262,-0.0485694986777925,0.2241114244086451,144.36,-38.147
39862,2009-02-22 00:00:00,-0.006276357882735,-0.1425868919672727,0.1300341762018026,144.36,-38.147
39863,2009-02-23 00:00:00,0.0594986802328112,-0.0768008504959679,0.1957982109615904,144.36,-38.147
39864,2009-02-24 00:00:00,0.1174266607001657,-0.0192630918591664,0.2541164132594978,144.36,-38.147
39865,2009-02-25 00:00:00,0.0151289496585482,-0.121267761273952,0.1515256605910485,144.36,-38.147
39866,2009-02-26 00:00:00,-0.0067055525566913,-0.1429508674010832,0.1295397622877004,144.36,-38.147
39867,2009-02-27 00:00:00,0.0117682489367634,-0.1245736790354051,0.1481101769089321,144.36,-38.147
39868,2009-02-28 00:00:00,0.1179710564146623,-0.0185845528727375,0.2545266657020623,144.36,-38.147
39869,2009-03-01 00:00:00,0.0768846432584638,-0.059351489370066,0.2131207758869938,144.36,-38.147
39870,2009-03-02 00:00:00,0.0252938707916283,-0.1109176445389515,0.1615053861222081,144.36,-38.147
39871,2009-03-03 00:00:00,0.0137594404984648,-0.1232783586502647,0.1507972396471945,144.36,-38.147
39872,2009-03-04 00:00:00,0.4778329363440093,0.3370089079038059,0.6186569647842128,144.36,-38.147
39873,2009-03-05 00:00:00,0.0856103976868261,-0.0517775965318115,0.2229983919054638,144.36,-38.147
39874,2009-03-06 00:00:00,0.0119611137393132,-0.1247154716150778,0.1486376990937043,144.36,-38.147
39875,2009-03-07 00:00:00,0.0702930577974316,-0.0659532401637245,0.2065393557585877,144.36,-38.147
39876,2009-03-08 00:00:00,0.0458947676651921,-0.0903501748174842,0.1821397101478686,144.36,-38.147
39877,2009-03-09 00:00:00,-0.0196395705178101,-0.1558895352627023,0.116610394227082,144.36,-38.147
39878,2009-03-10 00:00:00,-0.0248171585923235,-0.1610707916217733,0.1114364744371261,144.36,-38.147
39879,2009-03-11 00:00:00,-0.0319941754200957,-0.1683291915273665,0.104340840687175,144.36,-38.147
39880,2009-03-12 00:00:00,0.0007476093012115,-0.1355562857208886,0.1370515043233117,144.36,-38.147
39881,2009-03-13 00:00:00,0.0815875368416024,-0.0546543286377376,0.2178294023209425,144.36,-38.147
39882,2009-03-14 00:00:00,0.093950594407031,-0.0423763744302242,0.2302775632442863,144.36,-38.147
39883,2009-03-15 00:00:00,0.266733421248294,0.1301188757245014,0.4033479667720866,144.36,-38.147
39884,2009-03-16 00:00:00,0.1431001753284123,0.0062084334215916,0.279991917235233,144.36,-38.147
39885,2009-03-17 00:00:00,0.087373191947434,-0.0493818250321197,0.2241282089269878,144.36,-38.147
39886,2009-03-18 00:00:00,0.0132894194270818,-0.1229694847544152,0.149548323608579,144.36,-38.147
39887,2009-03-19 00:00:00,0.0934350613502812,-0.0427983047440856,0.229668427444648,144.36,-38.147
39888,2009-03-20 00:00:00,0.0698274993146322,-0.0664396617943663,0.2060946604236307,144.36,-38.147
39889,2009-03-21 00:00:00,0.0284735376551042,-0.1077269292230462,0.1646740045332547,144.36,-38.147
39890,2009-03-22 00:00:00,0.1200732089642557,-0.0163627527756033,0.2565091707041148,144.36,-38.147
39891,2009-03-23 00:00:00,0.0731291031445096,-0.063203252081581,0.2094614583706002,144.36,-38.147
39892,2009-03-24 00:00:00,0.0368144390367935,-0.0993855647440763,0.1730144428176633,144.36,-38.147
39893,2009-03-25 00:00:00,0.0551406029514731,-0.0810487729280452,0.1913299788309914,144.36,-38.147
39894,2009-03-26 00:00:00,0.1430871682916694,0.0067867924546895,0.2793875441286493,144.36,-38.147
39895,2009-03-27 00:00:00,0.0666188039189235,-0.0697293006082365,0.2029669084460836,144.36,-38.147
39896,2009-03-28 00:00:00,0.0058208688285663,-0.1304045323183273,0.14204626997546,144.36,-38.147
39897,2009-03-29 00:00:00,0.0688071131237871,-0.0674132046337536,0.2050274308813279,144.36,-38.147
39898,2009-03-30 00:00:00,-0.0034606067742941,-0.1397523421467466,0.1328311285981582,144.36,-38.147
39899,2009-03-31 00:00:00,-0.0671517174003427,-0.2039011532148598,0.0695977184141744,144.36,-38.147
39900,2009-04-01 00:00:00,-0.0133875258544854,-0.1499112300303035,0.1231361783213327,144.36,-38.147
39901,2009-04-02 00:00:00,0.0165048261216118,-0.1197770989363643,0.152786751179588,144.36,-38.147
39902,2009-04-03 00:00:00,0.1223139550607955,-0.0140922296179441,0.2587201397395352,144.36,-38.147
39903,2009-04-04 00:00:00,0.105335088487541,-0.0310052294933013,0.2416754064683835,144.36,-38.147
39904,2009-04-05 00:00:00,0.0955895277946458,-0.0407856690958526,0.2319647246851443,144.36,-38.147
39905,2009-04-06 00:00:00,0.073909205291064,-0.0625673529013066,0.2103857634834346,144.36,-38.147
39906,2009-04-07 00:00:00,-0.0347930588429058,-0.1711576863436325,0.1015715686578209,144.36,-38.147
39907,2009-04-08 00:00:00,-0.03595702971825,-0.1722269970673388,0.1003129376308388,144.36,-38.147
39908,2009-04-09 00:00:00,-0.0214112509932545,-0.1575977896285854,0.1147752876420762,144.36,-38.147
39909,2009-04-10 00:00:00,0.0462805392228259,-0.0899366660161224,0.1824977444617742,144.36,-38.147
39910,2009-04-11 00:00:00,0.0204093028096103,-0.1158313801111721,0.1566499857303928,144.36,-38.147
39911,2009-04-12 00:00:00,0.0467893277148048,-0.0894309207004495,0.183009576130059,144.36,-38.147
39912,2009-04-13 00:00:00,0.0181279985298878,-0.1180711038421633,0.154327100901939,144.36,-38.147
39913,2009-04-14 00:00:00,0.0425783513779864,-0.0937317521824473,0.1788884549384201,144.36,-38.147
39914,2009-04-15 00:00:00,0.3875469119311411,0.2486806217667423,0.52641320209554,144.36,-38.147
39915,2009-04-16 00:00:00,0.1311575263981331,-0.0073194503492222,0.2696345031454885,144.36,-38.147
39916,2009-04-17 00:00:00,0.1747851373683349,0.0385160423753229,0.3110542323613468,144.36,-38.147
39917,2009-04-18 00:00:00,0.0865814413308904,-0.049648535458034,0.2228114181198149,144.36,-38.147
39918,2009-04-19 00:00:00,0.0003526583496257,-0.1358814065251154,0.1365867232243669,144.36,-38.147
39919,2009-04-20 00:00:00,-0.0425567938828791,-0.1787705773487478,0.0936569895829896,144.36,-38.147
39920,2009-04-21 00:00:00,-0.0100142986611706,-0.1461966909196094,0.1261680935972682,144.36,-38.147
39921,2009-04-22 00:00:00,-0.000531250844197,-0.1367200053648364,0.1356575036764424,144.36,-38.147
39922,2009-04-23 00:00:00,-0.0050527034535199,-0.1412875760418877,0.1311821691348479,144.36,-38.147
39923,2009-04-24 00:00:00,0.0683367788363419,-0.0684451689529371,0.2051187266256211,144.36,-38.147
39924,2009-04-25 00:00:00,0.2672097861246573,0.1301371582689529,0.4042824139803618,144.36,-38.147
39925,2009-04-26 00:00:00,0.4478313370778265,0.3089532276518348,0.5867094465038182,144.36,-38.147
39926,2009-04-27 00:00:00,0.1311296266051883,-0.0075675827259588,0.2698268359363356,144.36,-38.147
39927,2009-04-28 00:00:00,0.0935153935029519,-0.042907585034934,0.2299383720408379,144.36,-38.147
39928,2009-04-29 00:00:00,-0.0058872021789498,-0.142172932691814,0.1303985283339142,144.36,-38.147
39929,2009-04-30 00:00:00,0.0037076090705328,-0.132502837969673,0.1399180561107388,144.36,-38.147
39930,2009-05-01 00:00:00,0.0798173131403664,-0.056611068955053,0.2162456952357858,144.36,-38.147
39931,2009-05-02 00:00:00,0.0412117409658496,-0.0950716582230526,0.1774951401547519,144.36,-38.147
39932,2009-05-03 00:00:00,0.0346121386506295,-0.1015844598802904,0.1708087371815496,144.36,-38.147
39933,2009-05-04 00:00:00,0.0172632545563806,-0.1190086478472877,0.1535351569600491,144.36,-38.147
39934,2009-05-05 00:00:00,-0.0333482984133669,-0.1697452774332395,0.1030486806065056,144.36,-38.147
39935,2009-05-06 00:00:00,-0.0131527465296072,-0.1493730069943372,0.1230675139351227,144.36,-38.147
39936,2009-05-07 00:00:00,0.0084967072244216,-0.1278090844119968,0.1448024988608401,144.36,-38.147
39937,2009-05-08 00:00:00,-0.0248815039686433,-0.1611677548253465,0.1114047468880597,144.36,-38.147
39938,2009-05-09 00:00:00,-0.0400094529079408,-0.1762612728742564,0.0962423670583746,144.36,-38.147
39939,2009-05-10 00:00:00,-0.0314344888501086,-0.167650864065892,0.1047818863656747,144.36,-38.147
39940,2009-05-11 00:00:00,-0.0092722518839031,-0.1454758335076171,0.1269313297398108,144.36,-38.147
39941,2009-05-12 00:00:00,0.0162389518643905,-0.1199563831714842,0.1524342869002653,144.36,-38.147
39942,2009-05-13 00:00:00,0.1144064790632338,-0.0218671059659565,0.2506800640924242,144.36,-38.147
39943,2009-05-14 00:00:00,0.216752527138778,0.0801482987967505,0.3533567554808056,144.36,-38.147
39944,2009-05-15 00:00:00,0.2687177426422542,0.131994465340038,0.4054410199444703,144.36,-38.147
39945,2009-05-16 00:00:00,0.3518383567493737,0.2135211270346194,0.4901555864641279,144.36,-38.147
39946,2009-05-17 00:00:00,0.021174302146959,-0.1166802002742355,0.1590288045681536,144.36,-38.147
39947,2009-05-18 00:00:00,0.0140619268683655,-0.122315798086037,0.150439651822768,144.36,-38.147
39948,2009-05-19 00:00:00,-0.0104202805392545,-0.1466323149062759,0.1257917538277667,144.36,-38.147
39949,2009-05-20 00:00:00,0.0222111209329259,-0.1140217080092706,0.1584439498751226,144.36,-38.147
39950,2009-05-21 00:00:00,0.0183361579511822,-0.1178917692654806,0.1545640851678452,144.36,-38.147
39951,2009-05-22 00:00:00,-0.0279684534552818,-0.1642262573411989,0.1082893504306353,144.36,-38.147
39952,2009-05-23 00:00:00,-0.0188504677792372,-0.1553232679602594,0.1176223324017848,144.36,-38.147
39953,2009-05-24 00:00:00,0.0134241858760981,-0.1232190682370594,0.1500674399892557,144.36,-38.147
39954,2009-05-25 00:00:00,0.0217083515714604,-0.1148172680651855,0.1582339712081064,144.36,-38.147
39955,2009-05-26 00:00:00,0.1500503764512107,0.0136744710741359,0.2864262818282856,144.36,-38.147
39956,2009-05-27 00:00:00,0.0716929874782011,-0.0645163560449449,0.2079023310013472,144.36,-38.147
39957,2009-05-28 00:00:00,-0.0001113225936931,-0.1364004945464526,0.1361778493590662,144.36,-38.147
39958,2009-05-29 00:00:00,-0.0437055385042286,-0.1800479252160423,0.0926368482075851,144.36,-38.147
39959,2009-05-30 00:00:00,-0.068002148732714,-0.2042886117210306,0.0682843142556026,144.36,-38.147
39960,2009-05-31 00:00:00,-0.0952024760156952,-0.2315131188333734,0.0411081668019829,144.36,-38.147
39961,2009-06-01 00:00:00,-0.0616999024194828,-0.19808257165068,0.0746827668117142,144.36,-38.147
39962,2009-06-02 00:00:00,-0.0460138837113418,-0.1824692120463461,0.0904414446236624,144.36,-38.147
39963,2009-06-03 00:00:00,-0.0511383106217419,-0.187501082863974,0.0852244616204901,144.36,-38.147
39964,2009-06-04 00:00:00,0.048702927108667,-0.0877557800023191,0.1851616342196532,144.36,-38.147
39965,2009-06-05 00:00:00,0.0784863093904185,-0.0577512692113632,0.2147238879922003,144.36,-38.147
39966,2009-06-06 00:00:00,0.0623111785297408,-0.0739000765783648,0.1985224336378465,144.36,-38.147
39967,2009-06-07 00:00:00,0.1303574919926259,-0.0059573247164471,0.266672308701699,144.36,-38.147
39968,2009-06-08 00:00:00,0.2111006523424337,0.0747987355500849,0.3474025691347825,144.36,-38.147
39969,2009-06-09 00:00:00,0.1981798648075122,0.0615856114521264,0.334774118162898,144.36,-38.147
39970,2009-06-10 00:00:00,0.1249052220001638,-0.0128448789837295,0.2626553229840571,144.36,-38.147
39971,2009-06-11 00:00:00,-0.0488704125148582,-0.1861917344775525,0.0884509094478361,144.36,-38.147
39972,2009-06-12 00:00:00,0.0004151137079874,-0.1358952990152427,0.1367255264312175,144.36,-38.147
39973,2009-06-13 00:00:00,0.0422093518400485,-0.0943422090134253,0.1787609126935224,144.36,-38.147
39974,2009-06-14 00:00:00,0.1210326577606032,-0.0155390722218878,0.2576043877430942,144.36,-38.147
39975,2009-06-15 00:00:00,0.0973194250597323,-0.0390355561332311,0.2336744062526958,144.36,-38.147
39976,2009-06-16 00:00:00,0.0496986313668454,-0.0866196707778088,0.1860169335114998,144.36,-38.147
39977,2009-06-17 00:00:00,0.006092623837402,-0.1301267109342013,0.1423119586090054,144.36,-38.147
39978,2009-06-18 00:00:00,-0.0059045353900276,-0.1420890879732496,0.1302800171931943,144.36,-38.147
39979,2009-06-19 00:00:00,-0.0003645102475513,-0.136572620944808,0.1358436004497054,144.36,-38.147
39980,2009-06-20 00:00:00,-0.0109667465335575,-0.1474704348138546,0.1255369417467395,144.36,-38.147
39981,2009-06-21 00:00:00,0.0829590630289853,-0.0538546863356889,0.2197728123936596,144.36,-38.147
39982,2009-06-22 00:00:00,0.0485260944538926,-0.08772296484583,0.1847751537536152,144.36,-38.147
39983,2009-06-23 00:00:00,0.0315023809152281,-0.1047857503766254,0.1677905122070817,144.36,-38.147
39984,2009-06-24 00:00:00,0.0804859268733207,-0.0558185457171605,0.2167903994638021,144.36,-38.147
39985,2009-06-25 00:00:00,0.0957452031530846,-0.0404969853247485,0.2319873916309178,144.36,-38.147
39986,2009-06-26 00:00:00,0.0959410160580876,-0.0403999220743962,0.2322819541905714,144.36,-38.147
39987,2009-06-27 00:00:00,0.1235067490244953,-0.0128969433030246,0.2599104413520153,144.36,-38.147
39988,2009-06-28 00:00:00,0.1076665322747317,-0.0286969965183139,0.2440300610677774,144.36,-38.147
39989,2009-06-29 00:00:00,0.1959278097392681,0.0594383994868972,0.332417219991639,144.36,-38.147
39990,2009-06-30 00:00:00,0.1294313332122823,-0.0076542208143795,0.2665168872389442,144.36,-38.147
39991,2009-07-01 00:00:00,0.2724427841275708,0.1334923048384026,0.411393263416739,144.36,-38.147
39992,2009-07-02 00:00:00,0.3783035584018414,0.241238606478462,0.5153685103252207,144.36,-38.147
39993,2009-07-03 00:00:00,0.2805048952894958,0.1433728200481092,0.4176369705308824,144.36,-38.147
39994,2009-07-04 00:00:00,0.1117048552748963,-0.0251559816152188,0.2485656921650115,144.36,-38.147
39995,2009-07-05 00:00:00,0.0018077534371379,-0.1350571613684121,0.1386726682426881,144.36,-38.147
39996,2009-07-06 00:00:00,-0.0184905596590432,-0.1550865203980531,0.1181054010799666,144.36,-38.147
39997,2009-07-07 00:00:00,-0.0166866890817187,-0.1530957757217257,0.1197223975582881,144.36,-38.147
39998,2009-07-08 00:00:00,0.0067749724336723,-0.1295306730020101,0.1430806178693548,144.36,-38.147
39999,2009-07-09 00:00:00,0.0105777152284937,-0.1257017613401816,0.1468571917971691,144.36,-38.147
40000,2009-07-10 00:00:00,-0.0061002112768016,-0.1424789004518095,0.1302784778982062,144.36,-38.147
40001,2009-07-11 00:00:00,0.0210775061869,-0.1166192697611556,0.1587742821349557,144.36,-38.147
40002,2009-07-12 00:00:00,0.1894985800649405,0.0515397124665353,0.3274574476633457,144.36,-38.147
40003,2009-07-13 00:00:00,0.268462659477768,0.1319693977011378,0.4049559212543983,144.36,-38.147
40004,2009-07-14 00:00:00,0.1925125901879552,0.0562198559871408,0.3288053243887697,144.36,-38.147
40005,2009-07-15 00:00:00,0.1487253601632499,0.0124373219191809,0.2850133984073189,144.36,-38.147
40006,2009-07-16 00:00:00,0.091053276333393,-0.0452158263013163,0.2273223789681024,144.36,-38.147
40007,2009-07-17 00:00:00,0.0349742085192083,-0.1012427349067278,0.1711911519451444,144.36,-38.147
40008,2009-07-18 00:00:00,0.0094475948639639,-0.1268465055293171,0.145741695257245,144.36,-38.147
40009,2009-07-19 00:00:00,0.1432290645842099,0.0067554273527374,0.2797027018156824,144.36,-38.147
40010,2009-07-20 00:00:00,0.110276066113325,-0.0263258520041533,0.2468779842308034,144.36,-38.147
40011,2009-07-21 00:00:00,0.1113814601374715,-0.0255590813201935,0.2483220015951365,144.36,-38.147
40012,2009-07-22 00:00:00,0.2306388887105967,0.09380962827506,0.3674681491461334,144.36,-38.147
40013,2009-07-23 00:00:00,0.1548198958338708,0.0180015352836209,0.2916382563841206,144.36,-38.147
40014,2009-07-24 00:00:00,0.0032100044541147,-0.1331451840544571,0.1395651929626866,144.36,-38.147
40015,2009-07-25 00:00:00,0.0428223881323924,-0.0937365573223698,0.1793813335871547,144.36,-38.147
40016,2009-07-26 00:00:00,0.0798290701252524,-0.0567782111896628,0.2164363514401677,144.36,-38.147
40017,2009-07-27 00:00:00,0.1730418554848122,0.0366543248675069,0.3094293861021175,144.36,-38.147
40018,2009-07-28 00:00:00,0.1376932219267443,0.0013228381224225,0.274063605731066,144.36,-38.147
40019,2009-07-29 00:00:00,0.1248546006961631,-0.0115378088959335,0.2612470102882599,144.36,-38.147
40020,2009-07-30 00:00:00,0.0897343062217925,-0.0466111954302974,0.2260798078738825,144.36,-38.147
40021,2009-07-31 00:00:00,0.1622713935975727,0.0258378823462237,0.2987049048489216,144.36,-38.147
40022,2009-08-01 00:00:00,0.118287571660972,-0.0181463323767131,0.2547214756986572,144.36,-38.147
40023,2009-08-02 00:00:00,0.050746113514891,-0.0857838453976825,0.1872760724274647,144.36,-38.147
40024,2009-08-03 00:00:00,0.2706929212643637,0.1327019563925256,0.4086838861362017,144.36,-38.147
40025,2009-08-04 00:00:00,0.0407209172469849,-0.0963752916468251,0.1778171261407949,144.36,-38.147
40026,2009-08-05 00:00:00,0.0941195685843095,-0.042304335665838,0.2305434728344572,144.36,-38.147
40027,2009-08-06 00:00:00,0.0576091559286665,-0.0788609645788777,0.1940792764362108,144.36,-38.147
40028,2009-08-07 00:00:00,0.3028653250064567,0.1649271023909916,0.4408035476219217,144.36,-38.147
40029,2009-08-08 00:00:00,0.0547557861670613,-0.0827999504571068,0.1923115227912296,144.36,-38.147
40030,2009-08-09 00:00:00,0.0548865129206055,-0.081532330440039,0.1913053562812502,144.36,-38.147
40031,2009-08-10 00:00:00,0.0651880764162255,-0.0711920018676887,0.2015681547001398,144.36,-38.147
40032,2009-08-11 00:00:00,0.0721032528467275,-0.0644832060523649,0.20868971174582,144.36,-38.147
40033,2009-08-12 00:00:00,0.0659903729797305,-0.0707380814252898,0.2027188273847508,144.36,-38.147
40034,2009-08-13 00:00:00,0.1001557759634207,-0.0363904327511517,0.2367019846779932,144.36,-38.147
40035,2009-08-14 00:00:00,0.1094952452640356,-0.0267426542578856,0.2457331447859569,144.36,-38.147
40036,2009-08-15 00:00:00,0.0505006387356378,-0.0858345406206089,0.1868358180918845,144.36,-38.147
40037,2009-08-16 00:00:00,0.131763699745387,-0.0085288576479058,0.2720562571386798,144.36,-38.147
40038,2009-08-17 00:00:00,0.4964153621370991,0.355758691665522,0.6370720326086763,144.36,-38.147
40039,2009-08-18 00:00:00,0.0620531238125881,-0.0743890656544676,0.1984953132796438,144.36,-38.147
40040,2009-08-19 00:00:00,0.0211080932009234,-0.1151972463676633,0.1574134327695103,144.36,-38.147
40041,2009-08-20 00:00:00,0.0837168360915407,-0.0526404272694979,0.2200740994525793,144.36,-38.147
40042,2009-08-21 00:00:00,0.1989806575712076,0.06108755196632,0.3368737631760953,144.36,-38.147
40043,2009-08-22 00:00:00,0.1991270496561093,0.0614353083848554,0.3368187909273632,144.36,-38.147
40044,2009-08-23 00:00:00,0.1618013591799799,0.0250587798583134,0.2985439385016464,144.36,-38.147
40045,2009-08-24 00:00:00,0.3200516373092001,0.1827570906300154,0.4573461839883848,144.36,-38.147
40046,2009-08-25 00:00:00,0.5003352806129782,0.3607256998524176,0.6399448613735387,144.36,-38.147
40047,2009-08-26 00:00:00,0.3377076902525607,0.1972703817347374,0.4781449987703841,144.36,-38.147
40048,2009-08-27 00:00:00,0.1421091466093796,0.0038396461162528,0.2803786471025064,144.36,-38.147
40049,2009-08-28 00:00:00,0.1836609231730999,0.0468388195065376,0.3204830268396622,144.36,-38.147
40050,2009-08-29 00:00:00,0.1299042728476739,-0.006623782927581,0.266432328622929,144.36,-38.147
40051,2009-08-30 00:00:00,0.4437734106183079,0.3064379029215809,0.5811089183150349,144.36,-38.147
40052,2009-08-31 00:00:00,0.226798790282436,0.0896866101770391,0.3639109703878328,144.36,-38.147
40053,2009-09-01 00:00:00,0.1053813308943635,-0.0313949665780597,0.2421576283667868,144.36,-38.147
40054,2009-09-02 00:00:00,0.009234041863816,-0.1270537790143523,0.1455218627419844,144.36,-38.147
40055,2009-09-03 00:00:00,0.0989631463665887,-0.0375453052684973,0.2354715980016748,144.36,-38.147
40056,2009-09-04 00:00:00,0.2068803704873982,0.070192358944471,0.3435683820303255,144.36,-38.147
40057,2009-09-05 00:00:00,0.1920822425214229,0.0555874640589249,0.3285770209839209,144.36,-38.147
40058,2009-09-06 00:00:00,0.0466192464396217,-0.0898499578527217,0.1830884507319653,144.36,-38.147
40059,2009-09-07 00:00:00,0.1844294527996141,0.0477982228068597,0.3210606827923685,144.36,-38.147
40060,2009-09-08 00:00:00,0.1402857954620111,0.0037512102526092,0.276820380671413,144.36,-38.147
40061,2009-09-09 00:00:00,0.0596038045028635,-0.0769342980065062,0.1961419070122332,144.36,-38.147
40062,2009-09-10 00:00:00,0.0387685096572712,-0.097659446844662,0.1751964661592046,144.36,-38.147
40063,2009-09-11 00:00:00,-0.0091379826368577,-0.1457677395216252,0.1274917742479097,144.36,-38.147
40064,2009-09-12 00:00:00,0.0647508911090244,-0.0733495833263912,0.2028513655444401,144.36,-38.147
40065,2009-09-13 00:00:00,0.1740099908536847,0.0351364078480515,0.312883573859318,144.36,-38.147
40066,2009-09-14 00:00:00,0.1315105587597917,-0.0055029780835219,0.2685240956031055,144.36,-38.147
40067,2009-09-15 00:00:00,0.0595778760293091,-0.076680120839276,0.1958358728978944,144.36,-38.147
40068,2009-09-16 00:00:00,0.0284417200554779,-0.1078195379576414,0.1647029780685973,144.36,-38.147
40069,2009-09-17 00:00:00,0.0897631972171981,-0.0467041623527241,0.2262305567871205,144.36,-38.147
40070,2009-09-18 00:00:00,0.1094479360402093,-0.0270982062007799,0.2459940782811987,144.36,-38.147
40071,2009-09-19 00:00:00,0.0680653182535473,-0.0683257169037359,0.2044563534108305,144.36,-38.147
40072,2009-09-20 00:00:00,0.1702738212691421,0.0336914687513334,0.3068561737869507,144.36,-38.147
40073,2009-09-21 00:00:00,0.0767052237229306,-0.0596818589697657,0.2130923064156271,144.36,-38.147
40074,2009-09-22 00:00:00,0.2222730172828298,0.0847590110593577,0.3597870235063019,144.36,-38.147
40075,2009-09-23 00:00:00,0.2861200149617099,0.1487564699382409,0.423483559985179,144.36,-38.147
40076,2009-09-24 00:00:00,0.1758717521014858,0.0390638437068514,0.3126796604961202,144.36,-38.147
40077,2009-09-25 00:00:00,0.1808171154167518,0.0433942498549499,0.3182399809785537,144.36,-38.147
40078,2009-09-26 00:00:00,0.4750301596480222,0.3368860660599291,0.6131742532361153,144.36,-38.147
40079,2009-09-27 00:00:00,0.2249824853721399,0.0855626253787072,0.3644023453655727,144.36,-38.147
40080,2009-09-28 00:00:00,0.0638543434111908,-0.0749053884192385,0.2026140752416201,144.36,-38.147
40081,2009-09-29 00:00:00,-0.0044512477015116,-0.1409638200144005,0.1320613246113773,144.36,-38.147
40082,2009-09-30 00:00:00,0.0899139468584462,-0.0466784889876217,0.2265063827045141,144.36,-38.147
40083,2009-10-01 00:00:00,0.2201468556644067,0.0832904512968761,0.3570032600319374,144.36,-38.147
40084,2009-10-02 00:00:00,0.1073772692935053,-0.0289392387694241,0.2436937773564349,144.36,-38.147
40085,2009-10-03 00:00:00,0.073259385686267,-0.0631210891732971,0.2096398605458313,144.36,-38.147
40086,2009-10-04 00:00:00,0.0278922706155075,-0.1085930627928671,0.1643776040238823,144.36,-38.147
40087,2009-10-05 00:00:00,0.0859195354642646,-0.0503732081248979,0.2222122790534273,144.36,-38.147
40088,2009-10-06 00:00:00,0.0179410495930076,-0.1183948453423732,0.1542769445283885,144.36,-38.147
40089,2009-10-07 00:00:00,-0.0137796969215821,-0.1504790839606286,0.1229196901174643,144.36,-38.147
40090,2009-10-08 00:00:00,-0.0689009671483718,-0.2056068748568506,0.0678049405601069,144.36,-38.147
40091,2009-10-09 00:00:00,-0.0706470584457704,-0.2069456318438637,0.0656515149523228,144.36,-38.147
40092,2009-10-10 00:00:00,-0.0811603351884898,-0.2174371803163106,0.0551165099393308,144.36,-38.147
40093,2009-10-11 00:00:00,-0.0442284154564895,-0.1804924000435601,0.0920355691305811,144.36,-38.147
40094,2009-10-12 00:00:00,0.0528242702686853,-0.0838032714699446,0.1894518120073153,144.36,-38.147
40095,2009-10-13 00:00:00,0.2348059213158812,0.0972798028892821,0.3723320397424804,144.36,-38.147
40096,2009-10-14 00:00:00,0.4768405545905571,0.3394247860728839,0.6142563231082303,144.36,-38.147
40097,2009-10-15 00:00:00,0.2036763346688999,0.0665148443885638,0.340837824949236,144.36,-38.147
40098,2009-10-16 00:00:00,0.1994622773259899,0.0629973865801365,0.3359271680718433,144.36,-38.147
40099,2009-10-17 00:00:00,0.0708854000959133,-0.0654787945211973,0.207249594713024,144.36,-38.147
40100,2009-10-18 00:00:00,0.0106747523652253,-0.1255550569910342,0.1469045617214849,144.36,-38.147
40101,2009-10-19 00:00:00,-0.0044675038153572,-0.1406740423907353,0.1317390347600208,144.36,-38.147
40102,2009-10-20 00:00:00,0.0629987147387665,-0.073445579756963,0.199443009234496,144.36,-38.147
40103,2009-10-21 00:00:00,0.1065552601078689,-0.0299607517126702,0.2430712719284081,144.36,-38.147
40104,2009-10-22 00:00:00,0.0210031964565713,-0.1152211267260831,0.1572275196392257,144.36,-38.147
40105,2009-10-23 00:00:00,0.0159154970631695,-0.120286213629433,0.152117207755772,144.36,-38.147
40106,2009-10-24 00:00:00,0.0464668171967836,-0.0897802500493594,0.1827138844429267,144.36,-38.147
40107,2009-10-25 00:00:00,0.0393880897856315,-0.097050399756648,0.1758265793279111,144.36,-38.147
40108,2009-10-26 00:00:00,-0.018208611634974,-0.1547514698175602,0.118334246547612,144.36,-38.147
40109,2009-10-27 00:00:00,-0.0581317099248083,-0.1945305003352602,0.0782670804856434,144.36,-38.147
40110,2009-10-28 00:00:00,-0.0264767303984043,-0.1627452123508823,0.1097917515540735,144.36,-38.147
40111,2009-10-29 00:00:00,-0.0570331837126714,-0.1933492124680357,0.0792828450426928,144.36,-38.147
40112,2009-10-30 00:00:00,0.0183717870194483,-0.1180457952866141,0.1547893693255107,144.36,-38.147
40113,2009-10-31 00:00:00,0.0759109919819626,-0.0604838377968379,0.2123058217607631,144.36,-38.147
40114,2009-11-01 00:00:00,0.052870782635417,-0.0834384154114661,0.1891799806823002,144.36,-38.147
40115,2009-11-02 00:00:00,0.0125356858522769,-0.1237852644859117,0.1488566361904656,144.36,-38.147
40116,2009-11-03 00:00:00,0.3691528416410269,0.2321665541703921,0.5061391291116617,144.36,-38.147
40117,2009-11-04 00:00:00,0.1507335333231054,0.0134942985868093,0.2879727680594016,144.36,-38.147
40118,2009-11-05 00:00:00,0.0438325925069955,-0.0923953244121265,0.1800605094261176,144.36,-38.147
40119,2009-11-06 00:00:00,-0.0117278003531575,-0.1479510522157765,0.1244954515094614,144.36,-38.147
40120,2009-11-07 00:00:00,-0.0625818502757294,-0.1988945198394001,0.0737308192879412,144.36,-38.147
40121,2009-11-08 00:00:00,-0.0198879805836498,-0.1561474914586228,0.1163715302913231,144.36,-38.147
40122,2009-11-09 00:00:00,0.0102216452480605,-0.1260436774555507,0.1464869679516718,144.36,-38.147
40123,2009-11-10 00:00:00,0.0297465503654353,-0.1064868357070361,0.1659799364379069,144.36,-38.147
40124,2009-11-11 00:00:00,0.0251523851174179,-0.1110949309911821,0.161399701226018,144.36,-38.147
40125,2009-11-12 00:00:00,0.0353743496978931,-0.1008902951189081,0.1716389945146944,144.36,-38.147
40126,2009-11-13 00:00:00,0.0347862970084466,-0.1016491423308317,0.1712217363477249,144.36,-38.147
40127,2009-11-14 00:00:00,0.0460998450002052,-0.0902211156707345,0.182420805671145,144.36,-38.147
40128,2009-11-15 00:00:00,0.0441165353208474,-0.0921968155417278,0.1804298861834227,144.36,-38.147
40129,2009-11-16 00:00:00,0.1520078621217877,0.0155104721978774,0.2885052520456981,144.36,-38.147
40130,2009-11-17 00:00:00,0.1209989062600752,-0.0154524870446861,0.2574502995648366,144.36,-38.147
40131,2009-11-18 00:00:00,0.0544671391412767,-0.0817646266604248,0.1906989049429783,144.36,-38.147
40132,2009-11-19 00:00:00,0.1699123083300822,0.0334507044175808,0.3063739122425835,144.36,-38.147
40133,2009-11-20 00:00:00,0.1656675105549652,0.0290208515903955,0.302314169519535,144.36,-38.147
40134,2009-11-21 00:00:00,0.1726626241075037,0.0360042050989147,0.3093210431160927,144.36,-38.147
40135,2009-11-22 00:00:00,0.1499283850661467,0.0135117188644025,0.2863450512678908,144.36,-38.147
40136,2009-11-23 00:00:00,0.2049394124909818,0.068259453056959,0.3416193719250047,144.36,-38.147
40137,2009-11-24 00:00:00,0.0360630932049215,-0.1003614086155902,0.1724875950254334,144.36,-38.147
40138,2009-11-25 00:00:00,0.039238219617565,-0.0970745068493618,0.1755509460844918,144.36,-38.147
40139,2009-11-26 00:00:00,0.0164469897030501,-0.1198158872677979,0.1527098666738981,144.36,-38.147
40140,2009-11-27 00:00:00,0.1757384498761997,0.0392210040666111,0.3122558956857882,144.36,-38.147
40141,2009-11-28 00:00:00,0.2583776327401382,0.1211680129620026,0.3955872525182738,144.36,-38.147
40142,2009-11-29 00:00:00,0.2413341912208895,0.1037424599228369,0.3789259225189421,144.36,-38.147
40143,2009-11-30 00:00:00,0.0769851972924609,-0.0597166858830462,0.2136870804679681,144.36,-38.147
40144,2009-12-01 00:00:00,0.0029096633384759,-0.1334670627784292,0.139286389455381,144.36,-38.147
40145,2009-12-02 00:00:00,-0.0290243176741576,-0.165298036827449,0.1072494014791338,144.36,-38.147
40146,2009-12-03 00:00:00,0.030296740867316,-0.1063294881695995,0.1669229699042317,144.36,-38.147
40147,2009-12-04 00:00:00,0.1534671606379492,0.0163554801610434,0.2905788411148551,144.36,-38.147
40148,2009-12-05 00:00:00,0.0909184374195167,-0.0453765443684336,0.2272134192074671,144.36,-38.147
40149,2009-12-06 00:00:00,0.0864464552918214,-0.0497731492356488,0.2226660598192917,144.36,-38.147
40150,2009-12-07 00:00:00,0.1024356865647514,-0.0337786616384971,0.2386500347680001,144.36,-38.147
40151,2009-12-08 00:00:00,0.1107246855987299,-0.0255446226331567,0.2469939938306165,144.36,-38.147
40152,2009-12-09 00:00:00,0.1217748387022265,-0.0146271815499772,0.2581768589544302,144.36,-38.147
40153,2009-12-10 00:00:00,0.1854211005556515,0.0490053096209182,0.3218368914903849,144.36,-38.147
40154,2009-12-11 00:00:00,0.3117115815014172,0.1748486563622268,0.4485745066406076,144.36,-38.147
40155,2009-12-12 00:00:00,0.108727322364974,-0.0277606136616432,0.2452152583915913,144.36,-38.147
40156,2009-12-13 00:00:00,0.0786544935814548,-0.0576659818734382,0.214974969036348,144.36,-38.147
40157,2009-12-14 00:00:00,0.032319024865253,-0.103905400979338,0.1685434507098441,144.36,-38.147
40158,2009-12-15 00:00:00,-0.0120363306546756,-0.1482402829593646,0.1241676216500133,144.36,-38.147
40159,2009-12-16 00:00:00,0.0554559194651608,-0.0809179212637439,0.1918297601940657,144.36,-38.147
40160,2009-12-17 00:00:00,0.1673786007759053,0.0306975574513261,0.3040596441004846,144.36,-38.147
40161,2009-12-18 00:00:00,0.1744679366672702,0.0378734418504105,0.3110624314841299,144.36,-38.147
40162,2009-12-19 00:00:00,0.1258995010979442,-0.0108345711360396,0.262633573331928,144.36,-38.147
40163,2009-12-20 00:00:00,0.0198210235374608,-0.1164990684361552,0.156141115511077,144.36,-38.147
40164,2009-12-21 00:00:00,0.0491860034472243,-0.087006098667333,0.1853781055617817,144.36,-38.147
40165,2009-12-22 00:00:00,0.0840382330338549,-0.0522302363949776,0.2203067024626874,144.36,-38.147
40166,2009-12-23 00:00:00,0.0477263288440805,-0.0886379240197892,0.1840905817079503,144.36,-38.147
40167,2009-12-24 00:00:00,0.1700690395253594,0.0325309369165959,0.307607142134123,144.36,-38.147
40168,2009-12-25 00:00:00,0.130584929064355,-0.0067585818117458,0.2679284399404559,144.36,-38.147
40169,2009-12-26 00:00:00,0.0443069319958519,-0.0921036072814775,0.1807174712731815,144.36,-38.147
40170,2009-12-27 00:00:00,0.0243456664536753,-0.1119483071484025,0.1606396400557531,144.36,-38.147
40171,2009-12-28 00:00:00,0.0564379664697202,-0.0798173191975569,0.1926932521369974,144.36,-38.147
40172,2009-12-29 00:00:00,0.0438872704967936,-0.092374090235596,0.1801486312291832,144.36,-38.147
40173,2009-12-30 00:00:00,-0.0368964657113761,-0.17321746145639,0.0994245300336377,144.36,-38.147
40174,2009-12-31 00:00:00,0.0047971632491822,-0.1317086206118859,0.1413029471102504,144.36,-38.147
40175,2010-01-01 00:00:00,0.1652757423029062,0.0284300160307915,0.302121468575021,144.36,-38.147
40176,2010-01-02 00:00:00,0.199385979331263,0.0627115594926193,0.3360603991699067,144.36,-38.147
40177,2010-01-03 00:00:00,0.1009599391148823,-0.035622085970885,0.2375419642006497,144.36,-38.147
40178,2010-01-04 00:00:00,0.0288021892837946,-0.1074166850814519,0.1650210636490413,144.36,-38.147
40179,2010-01-05 00:00:00,0.090944907159121,-0.0452749840604485,0.2271647983786907,144.36,-38.147
40180,2010-01-06 00:00:00,0.0881342551202425,-0.048119442674759,0.224387952915244,144.36,-38.147
40181,2010-01-07 00:00:00,0.0369015856159934,-0.0993132378755488,0.1731164091075356,144.36,-38.147
40182,2010-01-08 00:00:00,0.0109150625798761,-0.1253790776213523,0.1472092027811045,144.36,-38.147
40183,2010-01-09 00:00:00,0.079081388540157,-0.057310406497078,0.2154731835773921,144.36,-38.147
40184,2010-01-10 00:00:00,0.0363253905481778,-0.100083008728405,0.1727337898247607,144.36,-38.147
40185,2010-01-11 00:00:00,0.0069875405727111,-0.1294172250704905,0.1433923062159129,144.36,-38.147
40186,2010-01-12 00:00:00,0.2028709523676432,0.0661619096924983,0.339579995042788,144.36,-38.147
40187,2010-01-13 00:00:00,0.1751474610171934,0.0385460957123563,0.3117488263220306,144.36,-38.147
40188,2010-01-14 00:00:00,0.0331382473667836,-0.1030932018131789,0.1693696965467462,144.36,-38.147
40189,2010-01-15 00:00:00,0.0169799281340864,-0.1192340784767123,0.1531939347448852,144.36,-38.147
40190,2010-01-16 00:00:00,0.0728775199407967,-0.0633570790014562,0.2091121188830497,144.36,-38.147
40191,2010-01-17 00:00:00,0.2334889080219568,0.0970647861804913,0.3699130298634224,144.36,-38.147
40192,2010-01-18 00:00:00,0.1386481088747967,0.0016727682718368,0.2756234494777566,144.36,-38.147
40193,2010-01-19 00:00:00,0.0552100930390909,-0.0815695729975441,0.191989759075726,144.36,-38.147
40194,2010-01-20 00:00:00,0.0843327538683816,-0.0520147247920653,0.2206802325288285,144.36,-38.147
40195,2010-01-21 00:00:00,0.0977004544315878,-0.0385863343525857,0.2339872432157613,144.36,-38.147
40196,2010-01-22 00:00:00,0.0826382016799265,-0.0538540864187802,0.2191304897786333,144.36,-38.147
40197,2010-01-23 00:00:00,0.1860251751308091,0.0489932784185475,0.3230570718430708,144.36,-38.147
40198,2010-01-24 00:00:00,0.0302457260718424,-0.1062662882092893,0.1667577403529742,144.36,-38.147
40199,2010-01-25 00:00:00,0.0514863497362353,-0.0847077092777499,0.1876804087502206,144.36,-38.147
40200,2010-01-26 00:00:00,0.0763167650729058,-0.0599385572475929,0.2125720873934045,144.36,-38.147
40201,2010-01-27 00:00:00,0.0740344388587184,-0.0623091274622486,0.2103780051796855,144.36,-38.147
40202,2010-01-28 00:00:00,0.0266402728602722,-0.1096364063062961,0.1629169520268406,144.36,-38.147
40203,2010-01-29 00:00:00,0.0756654200015525,-0.0607140531940831,0.2120448931971881,144.36,-38.147
40204,2010-01-30 00:00:00,-0.0151570412744998,-0.1515204295156284,0.1212063469666288,144.36,-38.147
40205,2010-01-31 00:00:00,0.0350020321645625,-0.1015778627582612,0.1715819270873862,144.36,-38.147
40206,2010-02-01 00:00:00,0.0437531429346599,-0.0934258657440114,0.1809321516133314,144.36,-38.147
40207,2010-02-02 00:00:00,-0.0328686882193065,-0.1694319177108771,0.103694541272264,144.36,-38.147
40208,2010-02-03 00:00:00,-0.0003528447681259,-0.1369778785119154,0.1362721889756634,144.36,-38.147
40209,2010-02-04 00:00:00,0.0677889007373207,-0.0690447038242657,0.2046225052989073,144.36,-38.147
40210,2010-02-05 00:00:00,0.1078650905951734,-0.0288150216804187,0.2445452028707657,144.36,-38.147
40211,2010-02-06 00:00:00,0.0344780885190548,-0.1020501276904814,0.1710063047285912,144.36,-38.147
40212,2010-02-07 00:00:00,-0.0696934226855572,-0.2061919480079456,0.0668051026368312,144.36,-38.147
40213,2010-02-08 00:00:00,0.0081226689965674,-0.1282098382711729,0.1444551762643077,144.36,-38.147
40214,2010-02-09 00:00:00,0.0012024033191097,-0.1349962239104528,0.1374010305486723,144.36,-38.147
40215,2010-02-10 00:00:00,0.0244800116950914,-0.1117433242035615,0.1607033475937443,144.36,-38.147
40216,2010-02-11 00:00:00,0.041888834066874,-0.0943430287564334,0.1781206968901814,144.36,-38.147
40217,2010-02-12 00:00:00,0.0780187547349976,-0.0582822601742861,0.2143197696442815,144.36,-38.147
40218,2010-02-13 00:00:00,0.0354335019934085,-0.1007702449720126,0.1716372489588298,144.36,-38.147
40219,2010-02-14 00:00:00,0.0580295597684723,-0.0782833722807846,0.1943424918177293,144.36,-38.147
40220,2010-02-15 00:00:00,0.0406070423230094,-0.0960979526706806,0.1773120373166996,144.36,-38.147
40221,2010-02-16 00:00:00,0.0252422990098634,-0.1112212910559748,0.1617058890757018,144.36,-38.147
40222,2010-02-17 00:00:00,0.0284902294817884,-0.1077743187321415,0.1647547776957185,144.36,-38.147
40223,2010-02-18 00:00:00,0.0238217031682715,-0.1124877740085875,0.1601311803451306,144.36,-38.147
40224,2010-02-19 00:00:00,-0.0563192720367219,-0.1926396125488906,0.0800010684754466,144.36,-38.147
40225,2010-02-20 00:00:00,0.0059157552966987,-0.1304150463410762,0.1422465569344737,144.36,-38.147
40226,2010-02-21 00:00:00,0.1843870771027175,0.0477297563311343,0.3210443978743007,144.36,-38.147
40227,2010-02-22 00:00:00,0.1501232868825485,0.0134866213301762,0.2867599524349209,144.36,-38.147
40228,2010-02-23 00:00:00,0.0690639717866405,-0.0677050082009465,0.2058329517742276,144.36,-38.147
40229,2010-02-24 00:00:00,-0.0401490871336936,-0.1766818928671788,0.0963837185997915,144.36,-38.147
40230,2010-02-25 00:00:00,-0.0023898849723146,-0.1386033933989873,0.133823623454358,144.36,-38.147
40231,2010-02-26 00:00:00,-0.0412124960215075,-0.1774742167647836,0.0950492247217685,144.36,-38.147
40232,2010-02-27 00:00:00,0.0300961731068117,-0.1064668150718915,0.1666591612855149,144.36,-38.147
40233,2010-02-28 00:00:00,0.0154365651903995,-0.1213624107605174,0.1522355411413165,144.36,-38.147
40234,2010-03-01 00:00:00,-0.0083939733681701,-0.1450290885252083,0.128241141788868,144.36,-38.147
40235,2010-03-02 00:00:00,-0.0410294653255905,-0.1775829447051634,0.0955240140539823,144.36,-38.147
40236,2010-03-03 00:00:00,-0.0112420284869577,-0.1475912358033827,0.1251071788294673,144.36,-38.147
40237,2010-03-04 00:00:00,0.0226350584687948,-0.1135974548979451,0.1588675718355347,144.36,-38.147
40238,2010-03-05 00:00:00,0.0821071477022173,-0.0541520162169111,0.2183663116213458,144.36,-38.147
40239,2010-03-06 00:00:00,0.1768195744272109,0.0405226984995646,0.3131164503548572,144.36,-38.147
40240,2010-03-07 00:00:00,0.0770449567783723,-0.0592721167478957,0.2133620303046404,144.36,-38.147
40241,2010-03-08 00:00:00,0.0454635257020379,-0.0909143406078414,0.1818413920119174,144.36,-38.147
40242,2010-03-09 00:00:00,0.3868077107621899,0.249939766602575,0.5236756549218049,144.36,-38.147
40243,2010-03-10 00:00:00,0.0517814271200101,-0.0848063397060287,0.1883691939460491,144.36,-38.147
40244,2010-03-11 00:00:00,-0.0441203963745579,-0.1804487432412367,0.0922079504921208,144.36,-38.147
40245,2010-03-12 00:00:00,-0.098209119030409,-0.2344997440704366,0.0380815060096185,144.36,-38.147
40246,2010-03-13 00:00:00,-0.0866899984095846,-0.2229639214390912,0.0495839246199218,144.36,-38.147
40247,2010-03-14 00:00:00,-0.0530637664138586,-0.1892861063867889,0.0831585735590715,144.36,-38.147
40248,2010-03-15 00:00:00,-0.0031672828813571,-0.1393774938008245,0.1330429280381102,144.36,-38.147
40249,2010-03-16 00:00:00,0.060687753634321,-0.0755361431849355,0.1969116504535776,144.36,-38.147
40250,2010-03-17 00:00:00,0.0420833768954069,-0.0941388943775117,0.1783056481683256,144.36,-38.147
40251,2010-03-18 00:00:00,-0.0042829536862543,-0.1406468946551499,0.1320809872826412,144.36,-38.147
40252,2010-03-19 00:00:00,0.1049247201533749,-0.0313895112193242,0.2412389515260741,144.36,-38.147
40253,2010-03-20 00:00:00,0.1011856005164255,-0.0350622512758932,0.2374334523087442,144.36,-38.147
40254,2010-03-21 00:00:00,0.1373491805265304,0.0009734229336279,0.273724938119433,144.36,-38.147
40255,2010-03-22 00:00:00,0.0618883087137056,-0.0745527036983537,0.1983293211257651,144.36,-38.147
40256,2010-03-23 00:00:00,0.0665557337260248,-0.0697057890624522,0.2028172565145019,144.36,-38.147
40257,2010-03-24 00:00:00,0.0342206175627566,-0.102018985429213,0.1704602205547262,144.36,-38.147
40258,2010-03-25 00:00:00,-0.0058287954772348,-0.1420534160575228,0.1303958251030532,144.36,-38.147
40259,2010-03-26 00:00:00,0.1074122580770816,-0.0288381197264551,0.2436626358806183,144.36,-38.147
40260,2010-03-27 00:00:00,0.035866109655906,-0.1004189661673269,0.172151185479139,144.36,-38.147
40261,2010-03-28 00:00:00,-0.0201964713013932,-0.1564766002334116,0.116083657630625,144.36,-38.147
40262,2010-03-29 00:00:00,0.1676209130380724,0.0310816191022798,0.3041602069738649,144.36,-38.147
40263,2010-03-30 00:00:00,0.0774322551755489,-0.058877933953791,0.2137424443048888,144.36,-38.147
40264,2010-03-31 00:00:00,-0.0016087645191644,-0.1378348283737635,0.1346172993354347,144.36,-38.147
40265,2010-04-01 00:00:00,0.022167688255961,-0.1140365373131464,0.1583719138250684,144.36,-38.147
40266,2010-04-02 00:00:00,0.01522895345109,-0.1209866843402625,0.1514445912424426,144.36,-38.147
40267,2010-04-03 00:00:00,-0.0248031313600279,-0.1610686010498828,0.1114623383298269,144.36,-38.147
40268,2010-04-04 00:00:00,-0.0454979507383986,-0.1818379278208779,0.0908420263440805,144.36,-38.147
40269,2010-04-05 00:00:00,0.0038164995618405,-0.13243317309012,0.1400661722138012,144.36,-38.147
40270,2010-04-06 00:00:00,0.0100656290777822,-0.1262700712314757,0.1464013293870402,144.36,-38.147
40271,2010-04-07 00:00:00,0.1064633918486209,-0.0299548835691707,0.2428816672664126,144.36,-38.147
40272,2010-04-08 00:00:00,0.2074663988285947,0.0711382077984339,0.3437945898587556,144.36,-38.147
40273,2010-04-09 00:00:00,0.0246122649087999,-0.1116841569289061,0.160908686746506,144.36,-38.147
40274,2010-04-10 00:00:00,0.1375385141232358,0.0012529119841663,0.2738241162623054,144.36,-38.147
40275,2010-04-11 00:00:00,0.3528266537221903,0.2162203760489899,0.4894329313953907,144.36,-38.147
40276,2010-04-12 00:00:00,0.1085366888865306,-0.0287718339203619,0.2458452116934233,144.36,-38.147
40277,2010-04-13 00:00:00,0.000801146236355,-0.1359111974383799,0.13751348991109,144.36,-38.147
40278,2010-04-14 00:00:00,0.0192090038134788,-0.117050781057858,0.1554687886848158,144.36,-38.147
40279,2010-04-15 00:00:00,0.0329282746078899,-0.1032756160608663,0.1691321652766462,144.36,-38.147
40280,2010-04-16 00:00:00,-0.0334242029074859,-0.169623588942555,0.1027751831275832,144.36,-38.147
40281,2010-04-17 00:00:00,0.0040433884146527,-0.1321581059459389,0.1402448827752443,144.36,-38.147
40282,2010-04-18 00:00:00,0.0230209203696275,-0.1132199002795375,0.1592617410187926,144.36,-38.147
40283,2010-04-19 00:00:00,0.0057274850955011,-0.1304815227008114,0.1419364928918137,144.36,-38.147
40284,2010-04-20 00:00:00,0.031363551931214,-0.1048560659316657,0.1675831697940939,144.36,-38.147
40285,2010-04-21 00:00:00,0.0741199368570005,-0.0621046277336872,0.2103445014476883,144.36,-38.147
40286,2010-04-22 00:00:00,0.0295630809834469,-0.1066638168327949,0.1657899787996888,144.36,-38.147
40287,2010-04-23 00:00:00,0.0887517617706535,-0.0475432537055097,0.2250467772468167,144.36,-38.147
40288,2010-04-24 00:00:00,0.2402732336268249,0.1036909429497227,0.376855524303927,144.36,-38.147
40289,2010-04-25 00:00:00,0.2202411122590793,0.0837110199566862,0.3567712045614725,144.36,-38.147
40290,2010-04-26 00:00:00,-0.0017671190202169,-0.1380339323554323,0.1344996943149983,144.36,-38.147
40291,2010-04-27 00:00:00,0.07687004972538,-0.0595607831881008,0.213300882638861,144.36,-38.147
40292,2010-04-28 00:00:00,0.1363315272333824,-0.0003311220978965,0.2729941765646614,144.36,-38.147
40293,2010-04-29 00:00:00,0.230892367371101,0.0941957520334241,0.3675889827087779,144.36,-38.147
40294,2010-04-30 00:00:00,0.021009583353393,-0.1152726544650762,0.1572918211718622,144.36,-38.147
40295,2010-05-01 00:00:00,-0.0087222211231644,-0.1449605043347169,0.127516062088388,144.36,-38.147
40296,2010-05-02 00:00:00,0.1208333233542613,-0.0155759044075218,0.2572425511160446,144.36,-38.147
40297,2010-05-03 00:00:00,-0.0181671059139638,-0.1545370698964969,0.1182028580685692,144.36,-38.147
40298,2010-05-04 00:00:00,0.0743188074093938,-0.0622784197900671,0.2109160346088547,144.36,-38.147
40299,2010-05-05 00:00:00,0.2642730781483977,0.1276671903736465,0.4008789659231489,144.36,-38.147
40300,2010-05-06 00:00:00,0.1555790051532699,0.0190142628338303,0.2921437474727095,144.36,-38.147
40301,2010-05-07 00:00:00,0.0939001615736253,-0.0425594284953299,0.2303597516425805,144.36,-38.147
40302,2010-05-08 00:00:00,0.1077208298920469,-0.0286840830472484,0.2441257428313422,144.36,-38.147
40303,2010-05-09 00:00:00,0.0684594633078076,-0.067747299006191,0.2046662256218063,144.36,-38.147
40304,2010-05-10 00:00:00,0.0679528263606696,-0.0683860369573731,0.2042916896787123,144.36,-38.147
40305,2010-05-11 00:00:00,0.2648687776716116,0.128259302820113,0.4014782525231102,144.36,-38.147
40306,2010-05-12 00:00:00,0.0740602783158261,-0.0623650640272464,0.2104856206588986,144.36,-38.147
40307,2010-05-13 00:00:00,0.0045130684503486,-0.1319038421725394,0.1409299790732367,144.36,-38.147
40308,2010-05-14 00:00:00,-0.0101490641274861,-0.1463928742285683,0.1260947459735959,144.36,-38.147
40309,2010-05-15 00:00:00,0.0235117080616596,-0.1126563879509815,0.1596798040743008,144.36,-38.147
40310,2010-05-16 00:00:00,0.0333469527928065,-0.1028091739386124,0.1695030795242255,144.36,-38.147
40311,2010-05-17 00:00:00,0.0445031052356189,-0.0916756222964021,0.18068183276764,144.36,-38.147
40312,2010-05-18 00:00:00,0.0660198491626157,-0.0701599820768957,0.2021996804021272,144.36,-38.147
40313,2010-05-19 00:00:00,0.0439554279836169,-0.0922195725291408,0.1801304284963748,144.36,-38.147
40314,2010-05-20 00:00:00,0.0207401291159011,-0.1154540707044649,0.1569343289362671,144.36,-38.147
40315,2010-05-21 00:00:00,0.0087575572079978,-0.1274599418713158,0.1449750562873114,144.36,-38.147
40316,2010-05-22 00:00:00,0.0022342672545118,-0.133925602787532,0.1383941372965557,144.36,-38.147
40317,2010-05-23 00:00:00,-0.0071722370880114,-0.1433453311877195,0.1290008570116966,144.36,-38.147
40318,2010-05-24 00:00:00,0.0174571895720783,-0.1188573238374816,0.1537717029816382,144.36,-38.147
40319,2010-05-25 00:00:00,0.0759717103316944,-0.0603579791484269,0.2123013998118158,144.36,-38.147
40320,2010-05-26 00:00:00,0.0795164160159554,-0.057126748929036,0.2161595809609468,144.36,-38.147
40321,2010-05-27 00:00:00,0.0455545607788711,-0.0909643279141889,0.1820734494719312,144.36,-38.147
40322,2010-05-28 00:00:00,0.0551238427308293,-0.0812100023137851,0.1914576877754438,144.36,-38.147
40323,2010-05-29 00:00:00,0.1216812320200864,-0.0146832043697921,0.2580456684099651,144.36,-38.147
40324,2010-05-30 00:00:00,0.097003072082271,-0.0399470120824761,0.2339531562470181,144.36,-38.147
40325,2010-05-31 00:00:00,0.049596622318484,-0.0874116486088524,0.1866048932458205,144.36,-38.147
40326,2010-06-01 00:00:00,0.0183381661230999,-0.1179459736334224,0.1546223058796222,144.36,-38.147
40327,2010-06-02 00:00:00,0.073583302016411,-0.0626158966316933,0.2097825006645154,144.36,-38.147
40328,2010-06-03 00:00:00,0.0311444881677358,-0.105049061806806,0.1673380381422777,144.36,-38.147
40329,2010-06-04 00:00:00,0.0232821178875823,-0.1129049898100962,0.1594692255852609,144.36,-38.147
40330,2010-06-05 00:00:00,0.063346199012573,-0.0730065374354131,0.1996989354605592,144.36,-38.147
40331,2010-06-06 00:00:00,0.0503969663622052,-0.0861382699418135,0.1869322026662241,144.36,-38.147
40332,2010-06-07 00:00:00,-0.0294361083799603,-0.1658444884533513,0.1069722716934307,144.36,-38.147
40333,2010-06-08 00:00:00,0.0306371949733059,-0.1056428777117813,0.1669172676583933,144.36,-38.147
40334,2010-06-09 00:00:00,0.1709171410302661,0.0341547586986962,0.307679523361836,144.36,-38.147
40335,2010-06-10 00:00:00,0.1402462046833563,0.003089806848212,0.2774026025185007,144.36,-38.147
40336,2010-06-11 00:00:00,0.0436792797256046,-0.0930019335654509,0.1803604930166602,144.36,-38.147
40337,2010-06-12 00:00:00,0.0113035417490865,-0.1251106254373973,0.1477177089355704,144.36,-38.147
40338,2010-06-13 00:00:00,-0.0265867787045527,-0.1628974490972558,0.1097238916881502,144.36,-38.147
40339,2010-06-14 00:00:00,-0.0429907324125717,-0.1792063271471962,0.0932248623220527,144.36,-38.147
40340,2010-06-15 00:00:00,-0.0336730593356167,-0.1698858898264567,0.1025397711552231,144.36,-38.147
40341,2010-06-16 00:00:00,0.0022453868647587,-0.1340096368709805,0.138500410600498,144.36,-38.147
40342,2010-06-17 00:00:00,0.3203555795632634,0.1803713497308068,0.46033980939572,144.36,-38.147
40343,2010-06-18 00:00:00,0.1033112804901769,-0.035161931673535,0.2417844926538889,144.36,-38.147
40344,2010-06-19 00:00:00,0.2579966247520788,0.1213019994515234,0.3946912500526343,144.36,-38.147
40345,2010-06-20 00:00:00,0.0844355523177686,-0.0519812313082305,0.2208523359437678,144.36,-38.147
40346,2010-06-21 00:00:00,-0.0018975665197811,-0.1381568981614796,0.1343617651219173,144.36,-38.147
40347,2010-06-22 00:00:00,-0.0443682994645683,-0.1805952176321534,0.0918586187030167,144.36,-38.147
40348,2010-06-23 00:00:00,-0.0711790048250328,-0.2074734879669226,0.0651154783168568,144.36,-38.147
40349,2010-06-24 00:00:00,-0.0281388671968333,-0.164579380973238,0.1083016465795714,144.36,-38.147
40350,2010-06-25 00:00:00,0.0923756142952584,-0.0442950249204704,0.2290462535109874,144.36,-38.147
40351,2010-06-26 00:00:00,0.1476833347823336,0.0109721323111966,0.2843945372534706,144.36,-38.147
40352,2010-06-27 00:00:00,0.0206113391488001,-0.1156309426751793,0.1568536209727796,144.36,-38.147
40353,2010-06-28 00:00:00,0.0322275838562861,-0.104295214074169,0.1687503817867413,144.36,-38.147
40354,2010-06-29 00:00:00,0.096200793497086,-0.0410843286808652,0.2334859156750374,144.36,-38.147
40355,2010-06-30 00:00:00,0.1563297220799309,0.0196581628927424,0.2930012812671194,144.36,-38.147
40356,2010-07-01 00:00:00,0.0909702596831389,-0.0455354890998511,0.227476008466129,144.36,-38.147
40357,2010-07-02 00:00:00,0.023846998400917,-0.1124421373077963,0.1601361341096305,144.36,-38.147
40358,2010-07-03 00:00:00,0.075422533862236,-0.0608233628408474,0.2116684305653194,144.36,-38.147
40359,2010-07-04 00:00:00,-0.007035234319377,-0.1432562785612314,0.1291858099224772,144.36,-38.147
40360,2010-07-05 00:00:00,0.0048953840650193,-0.1313207294236263,0.141111497553665,144.36,-38.147
40361,2010-07-06 00:00:00,0.0923200113905936,-0.0439438296083233,0.2285838523895106,144.36,-38.147
40362,2010-07-07 00:00:00,0.0828871582954019,-0.0533739799054899,0.2191482964962938,144.36,-38.147
40363,2010-07-08 00:00:00,-0.0022961760277119,-0.1384734085525613,0.1338810564971375,144.36,-38.147
40364,2010-07-09 00:00:00,-0.0288740161571291,-0.1650561689449809,0.1073081366307226,144.36,-38.147
40365,2010-07-10 00:00:00,-0.0562547212607543,-0.1936613176762793,0.0811518751547707,144.36,-38.147
40366,2010-07-11 00:00:00,0.1429901330382975,0.0041685957678373,0.2818116703087577,144.36,-38.147
40367,2010-07-12 00:00:00,0.1074791973339186,-0.0290967145455972,0.2440551092134344,144.36,-38.147
40368,2010-07-13 00:00:00,0.0540559445149177,-0.0824993926804966,0.1906112817103321,144.36,-38.147
40369,2010-07-14 00:00:00,0.4072981803620408,0.2692633252346034,0.5453330354894783,144.36,-38.147
40370,2010-07-15 00:00:00,0.1507183804426456,0.0134183472087722,0.2880184136765191,144.36,-38.147
40371,2010-07-16 00:00:00,0.0279052694676382,-0.1084668988284398,0.1642774377637163,144.36,-38.147
40372,2010-07-17 00:00:00,0.0162612297992879,-0.1199540291201334,0.1524764887187093,144.36,-38.147
40373,2010-07-18 00:00:00,0.0878913706788931,-0.048657686827255,0.2244404281850414,144.36,-38.147
40374,2010-07-19 00:00:00,0.1320345075384026,-0.0045067609687727,0.2685757760455781,144.36,-38.147
40375,2010-07-20 00:00:00,0.0793665662562417,-0.0569063261600946,0.2156394586725781,144.36,-38.147
40376,2010-07-21 00:00:00,0.0392098951913264,-0.0970323041459985,0.1754520945286515,144.36,-38.147
40377,2010-07-22 00:00:00,0.0026084973991793,-0.1336282969473619,0.1388452917457206,144.36,-38.147
40378,2010-07-23 00:00:00,-0.0440194634561629,-0.1802552865370741,0.0922163596247481,144.36,-38.147
40379,2010-07-24 00:00:00,-0.0224878501038195,-0.1587094133742409,0.1137337131666018,144.36,-38.147
40380,2010-07-25 00:00:00,0.0192514383426116,-0.1169649290038921,0.1554678056891154,144.36,-38.147
40381,2010-07-26 00:00:00,0.0033740749178397,-0.1328467749610852,0.1395949247967648,144.36,-38.147
40382,2010-07-27 00:00:00,-0.043054139864402,-0.1793042147133829,0.0931959349845788,144.36,-38.147
40383,2010-07-28 00:00:00,-0.0531535788812201,-0.1894113308712388,0.0831041731087984,144.36,-38.147
40384,2010-07-29 00:00:00,0.0142932845453644,-0.1219482081701114,0.1505347772608404,144.36,-38.147
40385,2010-07-30 00:00:00,0.0968258027022744,-0.0393750088575632,0.2330266142621121,144.36,-38.147
40386,2010-07-31 00:00:00,0.2906082172821437,0.1542496392075921,0.4269667953566954,144.36,-38.147
40387,2010-08-01 00:00:00,0.2876912313744701,0.1503632209156282,0.4250192418333121,144.36,-38.147
40388,2010-08-02 00:00:00,0.1672755937359014,0.0280899840697034,0.3064612034020993,144.36,-38.147
40389,2010-08-03 00:00:00,-0.0232646745458459,-0.1603639310277054,0.1138345819360136,144.36,-38.147
40390,2010-08-04 00:00:00,0.0393189423455363,-0.0971074192475978,0.1757453039386705,144.36,-38.147
40391,2010-08-05 00:00:00,0.1006303032714062,-0.0359880567097601,0.2372486632525726,144.36,-38.147
40392,2010-08-06 00:00:00,0.0550077153324334,-0.0815172180909868,0.1915326487558536,144.36,-38.147
40393,2010-08-07 00:00:00,-0.0265586370420965,-0.1627895099224378,0.1096722358382447,144.36,-38.147
40394,2010-08-08 00:00:00,0.0343681660706201,-0.1019217667374209,0.1706580988786611,144.36,-38.147
40395,2010-08-09 00:00:00,0.0784104984053983,-0.0579442866719854,0.2147652834827821,144.36,-38.147
40396,2010-08-10 00:00:00,0.0415402280114546,-0.0948884409548974,0.1779688969778066,144.36,-38.147
40397,2010-08-11 00:00:00,0.018577613778529,-0.1204976528682874,0.1576528804253454,144.36,-38.147
40398,2010-08-12 00:00:00,0.2440957996552358,0.1013985872937225,0.3867930120167491,144.36,-38.147
40399,2010-08-13 00:00:00,-0.0501268329853012,-0.1885993553335051,0.0883456893629026,144.36,-38.147
40400,2010-08-14 00:00:00,0.0094295069866004,-0.128221836244156,0.1470808502173567,144.36,-38.147
40401,2010-08-15 00:00:00,0.273785690033591,0.1355820451445097,0.4119893349226722,144.36,-38.147
40402,2010-08-16 00:00:00,0.3169232976156282,0.1801265774678902,0.4537200177633662,144.36,-38.147
40403,2010-08-17 00:00:00,0.0643211302685912,-0.0721650302333001,0.2008072907704826,144.36,-38.147
40404,2010-08-18 00:00:00,0.0018303468423979,-0.1347843807711456,0.1384450744559414,144.36,-38.147
40405,2010-08-19 00:00:00,0.3364430197424134,0.1995714171743555,0.4733146223104713,144.36,-38.147
40406,2010-08-20 00:00:00,0.3743458359875127,0.2370952086786667,0.5115964632963587,144.36,-38.147
40407,2010-08-21 00:00:00,0.2036224900683207,0.0665381355110442,0.3407068446255971,144.36,-38.147
40408,2010-08-22 00:00:00,0.075237645219075,-0.061223721824643,0.2116990122627932,144.36,-38.147
40409,2010-08-23 00:00:00,0.0785558898453424,-0.0577280330130039,0.2148398127036889,144.36,-38.147
40410,2010-08-24 00:00:00,0.1983706875502119,0.0618175120848484,0.3349238630155754,144.36,-38.147
40411,2010-08-25 00:00:00,0.2472290198057544,0.1098227046973527,0.384635334914156,144.36,-38.147
40412,2010-08-26 00:00:00,0.2926484702454724,0.1557022563294577,0.4295946841614871,144.36,-38.147
40413,2010-08-27 00:00:00,0.3105384154005864,0.1731314765154556,0.4479453542857172,144.36,-38.147
40414,2010-08-28 00:00:00,0.0495455753827683,-0.0870554047837052,0.1861465555492419,144.36,-38.147
40415,2010-08-29 00:00:00,0.0205839457870638,-0.1156329472338968,0.1568008388080246,144.36,-38.147
40416,2010-08-30 00:00:00,0.0212275251059318,-0.1149748864661673,0.1574299366780309,144.36,-38.147
40417,2010-08-31 00:00:00,0.0344324962681354,-0.1018465470326634,0.1707115395689344,144.36,-38.147
40418,2010-09-01 00:00:00,0.1461301398716383,0.0095463075011526,0.2827139722421241,144.36,-38.147
40419,2010-09-02 00:00:00,0.052800606173051,-0.0834658844677327,0.1890670968138347,144.36,-38.147
40420,2010-09-03 00:00:00,-0.0177777800193054,-0.154027699376212,0.1184721393376011,144.36,-38.147
40421,2010-09-04 00:00:00,-0.0106660910220946,-0.148374448554647,0.1270422665104577,144.36,-38.147
40422,2010-09-05 00:00:00,0.6633396783744065,0.5195058918573146,0.8071734648914985,144.36,-38.147
40423,2010-09-06 00:00:00,0.0184467038516643,-0.1213322290413339,0.1582256367446625,144.36,-38.147
40424,2010-09-07 00:00:00,0.0381770787033841,-0.098119742856547,0.1744739002633154,144.36,-38.147
40425,2010-09-08 00:00:00,-0.037422363174344,-0.1736819100349863,0.0988371836862982,144.36,-38.147
40426,2010-09-09 00:00:00,0.0660286772888016,-0.0704535356578195,0.2025108902354228,144.36,-38.147
40427,2010-09-10 00:00:00,0.3000603693740012,0.1632833108179434,0.436837427930059,144.36,-38.147
40428,2010-09-11 00:00:00,0.1820345417736235,0.0452593794299427,0.3188097041173043,144.36,-38.147
40429,2010-09-12 00:00:00,0.0685986184491057,-0.0677011660231074,0.2048984029213189,144.36,-38.147
40430,2010-09-13 00:00:00,0.1556807828454584,0.0192441080062756,0.2921174576846413,144.36,-38.147
40431,2010-09-14 00:00:00,0.0485263992046239,-0.0878494033474796,0.1849022017567276,144.36,-38.147
40432,2010-09-15 00:00:00,0.1853852913248124,0.0485732342343959,0.3221973484152289,144.36,-38.147
40433,2010-09-16 00:00:00,0.1997324802388505,0.0625927463063034,0.3368722141713977,144.36,-38.147
40434,2010-09-17 00:00:00,0.0505496596393814,-0.0864657705789534,0.1875650898577163,144.36,-38.147
40435,2010-09-18 00:00:00,0.0394645862051206,-0.0970641573291187,0.17599332973936,144.36,-38.147
40436,2010-09-19 00:00:00,0.0515189507976445,-0.0848142811753781,0.1878521827706673,144.36,-38.147
40437,2010-09-20 00:00:00,0.0253829531363201,-0.1108760682040034,0.1616419744766437,144.36,-38.147
40438,2010-09-21 00:00:00,-0.0160532724678906,-0.1523485552123192,0.1202420102765379,144.36,-38.147
40439,2010-09-22 00:00:00,0.001340976162365,-0.1349731903382495,0.1376551426629796,144.36,-38.147
40440,2010-09-23 00:00:00,0.0355519280759005,-0.1006892192495116,0.1717930754013128,144.36,-38.147
40441,2010-09-24 00:00:00,0.055676627612706,-0.0805884650896796,0.1919417203150917,144.36,-38.147
40442,2010-09-25 00:00:00,0.1192859437847915,-0.0170659888903162,0.2556378764598993,144.36,-38.147
40443,2010-09-26 00:00:00,0.1289483982217983,-0.0075097574422277,0.2654065538858243,144.36,-38.147
40444,2010-09-27 00:00:00,0.2134042465623352,0.0768612694453108,0.3499472236793596,144.36,-38.147
40445,2010-09-28 00:00:00,0.2418070014355416,0.1051650174296745,0.3784489854414087,144.36,-38.147
40446,2010-09-29 00:00:00,0.1182044269184747,-0.0184615488667612,0.2548704027037107,144.36,-38.147
40447,2010-09-30 00:00:00,0.0208262142892831,-0.1154399578594511,0.1570923864380174,144.36,-38.147
40448,2010-10-01 00:00:00,0.0155358361237821,-0.12066415529205,0.1517358275396144,144.36,-38.147
40449,2010-10-02 00:00:00,-0.0033942576303803,-0.1395787330896011,0.1327902178288404,144.36,-38.147
40450,2010-10-03 00:00:00,-0.0246514690559647,-0.1608411445374278,0.1115382064254982,144.36,-38.147
40451,2010-10-04 00:00:00,-0.0075894348650887,-0.1438856921321604,0.1287068224019829,144.36,-38.147
40452,2010-10-05 00:00:00,0.1061573861971154,-0.0302825233880796,0.2425972957823106,144.36,-38.147
40453,2010-10-06 00:00:00,0.0051569363977303,-0.13119613523994,0.1415100080354006,144.36,-38.147
40454,2010-10-07 00:00:00,0.2106389098480436,0.0740117814823575,0.3472660382137298,144.36,-38.147
40455,2010-10-08 00:00:00,0.0660661630311061,-0.0706192457384791,0.2027515718006915,144.36,-38.147
40456,2010-10-09 00:00:00,0.0313629972252643,-0.1048597563284026,0.1675857507789314,144.36,-38.147
40457,2010-10-10 00:00:00,-0.0298780117141636,-0.1661631199740262,0.1064070965456988,144.36,-38.147
40458,2010-10-11 00:00:00,-0.0465076036246196,-0.183019193846192,0.0900039865969528,144.36,-38.147
40459,2010-10-12 00:00:00,0.0421065089087043,-0.0945453099690148,0.1787583277864235,144.36,-38.147
40460,2010-10-13 00:00:00,0.0834474134322143,-0.0530454767040326,0.2199403035684613,144.36,-38.147
40461,2010-10-14 00:00:00,0.0757592113394238,-0.0605013226044162,0.212019745283264,144.36,-38.147
40462,2010-10-15 00:00:00,0.1277147677949433,-0.0093354959926045,0.2647650315824912,144.36,-38.147
40463,2010-10-16 00:00:00,0.332691562851234,0.1945331449959134,0.4708499807065546,144.36,-38.147
40464,2010-10-17 00:00:00,0.1356024853102335,-0.0017046979015288,0.272909668521996,144.36,-38.147
40465,2010-10-18 00:00:00,0.1135366064545934,-0.0227857265831806,0.2498589394923674,144.36,-38.147
40466,2010-10-19 00:00:00,0.0356013523214843,-0.1007595755467571,0.1719622801897257,144.36,-38.147
40467,2010-10-20 00:00:00,-0.0040850326436959,-0.1402585095103924,0.1320884442230005,144.36,-38.147
40468,2010-10-21 00:00:00,-0.0194068094267682,-0.1556138732418315,0.116800254388295,144.36,-38.147
40469,2010-10-22 00:00:00,0.0447362767487974,-0.091501547255263,0.1809741007528579,144.36,-38.147
40470,2010-10-23 00:00:00,0.1931387857963104,0.0567161105943709,0.32956146099825,144.36,-38.147
40471,2010-10-24 00:00:00,0.0552284629252654,-0.0810641494336871,0.1915210752842181,144.36,-38.147
40472,2010-10-25 00:00:00,-0.0090077447621365,-0.1452263894133506,0.1272108998890775,144.36,-38.147
40473,2010-10-26 00:00:00,0.0897085016974096,-0.046559306915228,0.2259763103100473,144.36,-38.147
40474,2010-10-27 00:00:00,0.114605212639816,-0.0216834996574129,0.250893924937045,144.36,-38.147
40475,2010-10-28 00:00:00,0.001232334824486,-0.1349713630581914,0.1374360327071635,144.36,-38.147
40476,2010-10-29 00:00:00,0.0194325794530243,-0.1169174110361912,0.1557825699422399,144.36,-38.147
40477,2010-10-30 00:00:00,0.1315868242136463,-0.0052788786110105,0.2684525270383032,144.36,-38.147
40478,2010-10-31 00:00:00,0.1365321238543214,-0.002336349940796,0.2754005976494388,144.36,-38.147
40479,2010-11-01 00:00:00,0.1255030001038584,-0.0126395248980715,0.2636455251057885,144.36,-38.147
40480,2010-11-02 00:00:00,0.1277585516487318,-0.008444251092061,0.2639613543895247,144.36,-38.147
40481,2010-11-03 00:00:00,0.0668946756004683,-0.0693473742923327,0.2031367254932694,144.36,-38.147
40482,2010-11-04 00:00:00,0.0023467992946115,-0.133902239127077,0.1385958377163001,144.36,-38.147
40483,2010-11-05 00:00:00,-0.0453304868588732,-0.1816825022579864,0.0910215285402398,144.36,-38.147
40484,2010-11-06 00:00:00,-0.0380502805444853,-0.1743631149051771,0.0982625538162063,144.36,-38.147
40485,2010-11-07 00:00:00,0.0235045080933303,-0.1128357962414177,0.1598448124280783,144.36,-38.147
40486,2010-11-08 00:00:00,0.1890141548282785,0.0525730217645631,0.3254552878919939,144.36,-38.147
40487,2010-11-09 00:00:00,0.0748493307132397,-0.061457210430722,0.2111558718572016,144.36,-38.147
40488,2010-11-10 00:00:00,0.1023245286564355,-0.0340578188419913,0.2387068761548624,144.36,-38.147
40489,2010-11-11 00:00:00,0.039524629941897,-0.0968841111606622,0.1759333710444564,144.36,-38.147
40490,2010-11-12 00:00:00,0.0369921923558877,-0.0995681508321913,0.1735525355439667,144.36,-38.147
40491,2010-11-13 00:00:00,0.1486023496248732,0.0116843734498448,0.2855203257999016,144.36,-38.147
40492,2010-11-14 00:00:00,0.0630298169977866,-0.0734690920317243,0.1995287260272976,144.36,-38.147
40493,2010-11-15 00:00:00,0.0893275053188922,-0.046966006119377,0.2256210167571615,144.36,-38.147
40494,2010-11-16 00:00:00,0.082828682462588,-0.0533431843163727,0.2190005492415488,144.36,-38.147
40495,2010-11-17 00:00:00,0.1038234510566072,-0.0324034139143085,0.2400503160275229,144.36,-38.147
40496,2010-11-18 00:00:00,0.1579611502749028,0.0216367038621165,0.294285596687689,144.36,-38.147
40497,2010-11-19 00:00:00,0.0573651181526218,-0.078959699733943,0.1936899360391867,144.36,-38.147
40498,2010-11-20 00:00:00,-0.0232110364807205,-0.1594485424689629,0.1130264695075218,144.36,-38.147
40499,2010-11-21 00:00:00,-0.0230037718122605,-0.1592894668679467,0.1132819232434256,144.36,-38.147
40500,2010-11-22 00:00:00,-0.0251899932043816,-0.1614137531867908,0.1110337667780275,144.36,-38.147
40501,2010-11-23 00:00:00,0.0307365224063691,-0.1056144097705534,0.1670874545832917,144.36,-38.147
40502,2010-11-24 00:00:00,0.0483285554572635,-0.0885552678998289,0.185212378814356,144.36,-38.147
40503,2010-11-25 00:00:00,0.1447646422214333,0.008234892874856,0.2812943915680106,144.36,-38.147
40504,2010-11-26 00:00:00,0.0531477065827067,-0.0830961628261126,0.189391575991526,144.36,-38.147
40505,2010-11-27 00:00:00,0.0572520191923183,-0.0789970240221959,0.1935010624068326,144.36,-38.147
40506,2010-11-28 00:00:00,0.0777112528018598,-0.0593143474106942,0.214736853014414,144.36,-38.147
40507,2010-11-29 00:00:00,0.0534408625856913,-0.0835884063718291,0.1904701315432117,144.36,-38.147
40508,2010-11-30 00:00:00,-0.0281687251607551,-0.1649680564276048,0.1086306061060946,144.36,-38.147
40509,2010-12-01 00:00:00,-0.0048563796943347,-0.1412975194552643,0.1315847600665949,144.36,-38.147
40510,2010-12-02 00:00:00,0.0021318685320504,-0.1342815400780184,0.1385452771421193,144.36,-38.147
40511,2010-12-03 00:00:00,0.0532729772316079,-0.0830387503288696,0.1895847047920854,144.36,-38.147
40512,2010-12-04 00:00:00,0.1034698905873219,-0.0327611080534364,0.2397008892280804,144.36,-38.147
40513,2010-12-05 00:00:00,0.0696656041661079,-0.0666779941703925,0.2060092025026084,144.36,-38.147
40514,2010-12-06 00:00:00,0.0301385798972088,-0.1063140086702798,0.1665911684646974,144.36,-38.147
40515,2010-12-07 00:00:00,0.0123013998897181,-0.1245838623931199,0.1491866621725562,144.36,-38.147
40516,2010-12-08 00:00:00,0.1004990030599796,-0.0364668843018014,0.2374648904217606,144.36,-38.147
40517,2010-12-09 00:00:00,0.2061335988515952,0.0693511697694921,0.3429160279336982,144.36,-38.147
40518,2010-12-10 00:00:00,0.3578371789313745,0.2211273723521739,0.4945469855105752,144.36,-38.147
40519,2010-12-11 00:00:00,0.1980539725471618,0.0611152127779003,0.3349927323164233,144.36,-38.147
40520,2010-12-12 00:00:00,0.3371969003475479,0.2001834067860229,0.474210393909073,144.36,-38.147
40521,2010-12-13 00:00:00,0.1267865851783811,-0.0095883649891643,0.2631615353459265,144.36,-38.147
40522,2010-12-14 00:00:00,0.0593080987314474,-0.076934043304863,0.195550240767758,144.36,-38.147
40523,2010-12-15 00:00:00,0.1150105992168756,-0.0220783929751521,0.2520995914089035,144.36,-38.147
40524,2010-12-16 00:00:00,0.2508229399390947,0.1136562793856473,0.387989600492542,144.36,-38.147
40525,2010-12-17 00:00:00,0.1531332769112489,0.0167109649671375,0.2895555888553603,144.36,-38.147
40526,2010-12-18 00:00:00,0.3080682049601147,0.1714137351729425,0.4447226747472869,144.36,-38.147
40527,2010-12-19 00:00:00,0.231095404384826,0.0942487219186035,0.3679420868510486,144.36,-38.147
40528,2010-12-20 00:00:00,0.3089915788924063,0.1719414483917692,0.4460417093930435,144.36,-38.147
40529,2010-12-21 00:00:00,0.1607233804131017,0.0238581169100589,0.2975886439161445,144.36,-38.147
40530,2010-12-22 00:00:00,0.0118203355417043,-0.1246518143909629,0.1482924854743715,144.36,-38.147
40531,2010-12-23 00:00:00,0.0645695796289873,-0.0718487574399076,0.2009879166978823,144.36,-38.147
40532,2010-12-24 00:00:00,0.0028533465215012,-0.1335001989157672,0.1392068919587697,144.36,-38.147
40533,2010-12-25 00:00:00,0.001594988605724,-0.1346711215344893,0.1378610987459373,144.36,-38.147
40534,2010-12-26 00:00:00,0.1049870458419171,-0.0313087483107152,0.2412828399945495,144.36,-38.147
40535,2010-12-27 00:00:00,0.1524548742170588,0.0158891121906556,0.2890206362434621,144.36,-38.147
40536,2010-12-28 00:00:00,0.0165396669111356,-0.1199246526975199,0.1530039865197912,144.36,-38.147
40537,2010-12-29 00:00:00,0.1273891607449478,-0.0088739957741268,0.2636523172640226,144.36,-38.147
40538,2010-12-30 00:00:00,0.0750421675600281,-0.061260286428916,0.2113446215489723,144.36,-38.147
40539,2010-12-31 00:00:00,-0.0014338232547549,-0.1380687672429951,0.1352011207334852,144.36,-38.147
