,date,surge_reconsturcted,pred_int_lower,pred_int_upper,lon,lat
0,1900-01-03 00:00:00,0.0074039268400708,-0.1984679966147451,0.2132758502948867,12.217,57.1
1,1900-01-04 00:00:00,0.1659401979189437,-0.0412582552438851,0.3731386510817727,12.217,57.1
2,1900-01-05 00:00:00,-0.052575001905332,-0.2593456458164658,0.1541956420058017,12.217,57.1
3,1900-01-06 00:00:00,-0.069851210768276,-0.2756287725447041,0.1359263510081518,12.217,57.1
4,1900-01-07 00:00:00,-0.0231840786727565,-0.2288644698323206,0.1824963124868075,12.217,57.1
5,1900-01-08 00:00:00,-0.0026050811722748,-0.208170453968176,0.2029602916236264,12.217,57.1
6,1900-01-09 00:00:00,0.0313950679378361,-0.1742523943091067,0.2370425301847789,12.217,57.1
7,1900-01-10 00:00:00,0.159749436270613,-0.0460898207223869,0.365588693263613,12.217,57.1
8,1900-01-11 00:00:00,0.027872178408718,-0.1780063162696103,0.2337506730870463,12.217,57.1
9,1900-01-12 00:00:00,-0.1280097615968262,-0.3335972365896962,0.0775777133960436,12.217,57.1
10,1900-01-13 00:00:00,-0.0939923971562696,-0.299514565332177,0.1115297710196377,12.217,57.1
11,1900-01-14 00:00:00,-0.0108797537532572,-0.2163332553449695,0.1945737478384549,12.217,57.1
12,1900-01-15 00:00:00,0.0122289934640825,-0.1932739931806557,0.2177319801088208,12.217,57.1
13,1900-01-16 00:00:00,0.1950123913868464,-0.0113811586551479,0.4014059414288407,12.217,57.1
14,1900-01-17 00:00:00,0.1446810004232231,-0.0617162528016543,0.3510782536481006,12.217,57.1
15,1900-01-18 00:00:00,0.1185582195332569,-0.0870039474322232,0.3241203864987371,12.217,57.1
16,1900-01-19 00:00:00,-0.0333928087344568,-0.2391973919792744,0.1724117745103608,12.217,57.1
17,1900-01-20 00:00:00,0.0450877070073852,-0.1613313970711361,0.2515068110859066,12.217,57.1
18,1900-01-21 00:00:00,0.2025617630673986,-0.0042060832986886,0.4093296094334859,12.217,57.1
19,1900-01-22 00:00:00,0.1076791163316498,-0.0990459082977707,0.3144041409610704,12.217,57.1
20,1900-01-23 00:00:00,0.4312674479126312,0.2197926574568225,0.6427422383684399,12.217,57.1
21,1900-01-24 00:00:00,0.478434840896774,0.2707336910021974,0.6861359907913507,12.217,57.1
22,1900-01-25 00:00:00,0.1770068838868681,-0.0292104185710166,0.3832241863447529,12.217,57.1
23,1900-01-26 00:00:00,0.0565610808759149,-0.149706740511601,0.262828902263431,12.217,57.1
24,1900-01-27 00:00:00,0.1880289609617126,-0.0181227131648349,0.3941806350882603,12.217,57.1
25,1900-01-28 00:00:00,0.2211915624353108,0.0145578138353871,0.4278253110352346,12.217,57.1
26,1900-01-29 00:00:00,0.0036152650026275,-0.2021935336403818,0.2094240636456369,12.217,57.1
27,1900-01-30 00:00:00,-0.1640208110237932,-0.3702153777325698,0.0421737556849833,12.217,57.1
28,1900-01-31 00:00:00,-0.1162250153388761,-0.3231092368613794,0.0906592061836271,12.217,57.1
29,1900-02-01 00:00:00,-0.0144984987137543,-0.2223384782776375,0.1933414808501289,12.217,57.1
30,1900-02-02 00:00:00,-0.0344259188582671,-0.2410825252320685,0.1722306875155341,12.217,57.1
31,1900-02-03 00:00:00,-0.0785948968499145,-0.2842438574310584,0.1270540637312293,12.217,57.1
32,1900-02-04 00:00:00,-0.0903368499183437,-0.2960588325385493,0.1153851327018619,12.217,57.1
33,1900-02-05 00:00:00,0.0106311674843233,-0.1959556413199913,0.217217976288638,12.217,57.1
34,1900-02-06 00:00:00,0.0183199726503986,-0.188011315671692,0.2246512609724894,12.217,57.1
35,1900-02-07 00:00:00,0.0164294308911886,-0.1891830538094052,0.2220419155917824,12.217,57.1
36,1900-02-08 00:00:00,0.0554877071360355,-0.150064144553556,0.261039558825627,12.217,57.1
37,1900-02-09 00:00:00,0.0029383191121225,-0.2025739076512832,0.2084505458755284,12.217,57.1
38,1900-02-10 00:00:00,0.0202290291479974,-0.1854448888004381,0.225902947096433,12.217,57.1
39,1900-02-11 00:00:00,0.0166450525051053,-0.1891294764642661,0.2224195814744767,12.217,57.1
40,1900-02-12 00:00:00,0.0577298553354456,-0.1477997610101486,0.2632594716810399,12.217,57.1
41,1900-02-13 00:00:00,0.0928120462058848,-0.1129127971016881,0.2985368895134577,12.217,57.1
42,1900-02-14 00:00:00,-0.0035926312567683,-0.2111784014907271,0.2039931389771904,12.217,57.1
43,1900-02-15 00:00:00,-0.0385003866079151,-0.2442530834136073,0.167252310197777,12.217,57.1
44,1900-02-16 00:00:00,-0.0021204397509044,-0.2077771073549209,0.203536227853112,12.217,57.1
45,1900-02-17 00:00:00,0.2329201314202491,0.0260434927263512,0.4397967701141471,12.217,57.1
46,1900-02-18 00:00:00,0.1756635264634453,-0.0314240140294465,0.3827510669563372,12.217,57.1
47,1900-02-19 00:00:00,0.1762986519853257,-0.0310212353010106,0.383618539271662,12.217,57.1
48,1900-02-20 00:00:00,0.1510645848458048,-0.0572171499627953,0.359346319654405,12.217,57.1
49,1900-02-21 00:00:00,0.3418959130447194,0.1343554617353672,0.5494363643540717,12.217,57.1
50,1900-02-22 00:00:00,0.2811897532228367,0.0740757513592544,0.4883037550864189,12.217,57.1
51,1900-02-23 00:00:00,0.1819107472794245,-0.0241394780101732,0.3879609725690224,12.217,57.1
52,1900-02-24 00:00:00,0.035995641870199,-0.1698525675847071,0.2418438513251051,12.217,57.1
53,1900-02-25 00:00:00,0.0875919750135643,-0.1182040214593797,0.2933879714865084,12.217,57.1
54,1900-02-26 00:00:00,0.0070652221440562,-0.1985816133910713,0.2127120576791839,12.217,57.1
55,1900-02-27 00:00:00,-0.0898263678380807,-0.2959867093780118,0.1163339737018504,12.217,57.1
56,1900-02-28 00:00:00,-0.0035965925848511,-0.209666398590004,0.2024732134203017,12.217,57.1
57,1900-03-01 00:00:00,-0.0258355327929864,-0.2348036590213635,0.1831325934353904,12.217,57.1
58,1900-03-02 00:00:00,-0.0134824181858447,-0.2239825295243931,0.1970176931527036,12.217,57.1
59,1900-03-03 00:00:00,-0.0863400375586245,-0.2928943039829328,0.1202142288656837,12.217,57.1
60,1900-03-04 00:00:00,-0.0602110618993518,-0.2657894454274517,0.145367321628748,12.217,57.1
61,1900-03-05 00:00:00,-0.0542651792966126,-0.2598338139254897,0.1513034553322644,12.217,57.1
62,1900-03-06 00:00:00,-0.0303736618597438,-0.2360210651175956,0.1752737413981079,12.217,57.1
63,1900-03-07 00:00:00,-0.0059729926553956,-0.2116451617779999,0.1996991764672085,12.217,57.1
64,1900-03-08 00:00:00,-0.001702005896837,-0.2071925877407269,0.2037885759470528,12.217,57.1
65,1900-03-09 00:00:00,0.0147507495792181,-0.1908137523791805,0.2203152515376168,12.217,57.1
66,1900-03-10 00:00:00,0.0432243993444345,-0.1622731773713996,0.2487219760602686,12.217,57.1
67,1900-03-11 00:00:00,0.0207499264256203,-0.1847679806559926,0.2262678335072334,12.217,57.1
68,1900-03-12 00:00:00,0.0102041341107382,-0.1954974187505887,0.2159056869720652,12.217,57.1
69,1900-03-13 00:00:00,0.1127865175034397,-0.0933762378270432,0.3189492728339228,12.217,57.1
70,1900-03-14 00:00:00,0.1559056126122351,-0.0724234316129059,0.3842346568373762,12.217,57.1
71,1900-03-15 00:00:00,0.0265526278712797,-0.1796222155180831,0.2327274712606427,12.217,57.1
72,1900-03-16 00:00:00,0.3473809407874532,0.1408670424896203,0.5538948390852863,12.217,57.1
73,1900-03-17 00:00:00,0.3991764416481095,0.1928968944935706,0.6054559888026485,12.217,57.1
74,1900-03-18 00:00:00,0.1849986199832477,-0.0212226912016936,0.391219931168189,12.217,57.1
75,1900-03-19 00:00:00,0.0204930068871795,-0.1858727982912642,0.2268588120656233,12.217,57.1
76,1900-03-20 00:00:00,-0.0256550622459955,-0.2319369371747664,0.1806268126827752,12.217,57.1
77,1900-03-21 00:00:00,-0.0278028325305316,-0.2339593831688525,0.1783537181077892,12.217,57.1
78,1900-03-22 00:00:00,-0.093266831325101,-0.2988647836789998,0.1123311210287977,12.217,57.1
79,1900-03-23 00:00:00,-0.1475406239566415,-0.3535547982396916,0.0584735503264085,12.217,57.1
80,1900-03-24 00:00:00,-0.1021841723782592,-0.308400881904653,0.1040325371481345,12.217,57.1
81,1900-03-25 00:00:00,-0.0100686518839256,-0.2160341367504843,0.195896832982633,12.217,57.1
82,1900-03-26 00:00:00,0.1569947176527661,-0.0488074706858302,0.3627969059913626,12.217,57.1
83,1900-03-27 00:00:00,0.1218029204229164,-0.0841707968272738,0.3277766376731066,12.217,57.1
84,1900-03-28 00:00:00,0.0836807982251409,-0.1222842273654352,0.2896458238157172,12.217,57.1
85,1900-03-29 00:00:00,0.0489046768144836,-0.156885353797898,0.2546947074268654,12.217,57.1
86,1900-03-30 00:00:00,0.0364343235372837,-0.1692627941642483,0.2421314412388159,12.217,57.1
87,1900-03-31 00:00:00,0.0155454293632776,-0.1904374334985062,0.2215282922250615,12.217,57.1
88,1900-04-01 00:00:00,-0.0776550559549518,-0.2839094147514686,0.1285993028415648,12.217,57.1
89,1900-04-02 00:00:00,-0.0278269963820811,-0.2334492591883604,0.1777952664241981,12.217,57.1
90,1900-04-03 00:00:00,0.0246817288303544,-0.1809184949117326,0.2302819525724415,12.217,57.1
91,1900-04-04 00:00:00,0.0351665080493395,-0.1704190901616684,0.2407521062603475,12.217,57.1
92,1900-04-05 00:00:00,0.0322083354456001,-0.1736888143923179,0.2381054852835183,12.217,57.1
93,1900-04-06 00:00:00,-0.0141021374605501,-0.219925995745656,0.1917217208245558,12.217,57.1
94,1900-04-07 00:00:00,-0.0024835767400485,-0.2080112907029629,0.2030441372228658,12.217,57.1
95,1900-04-08 00:00:00,-0.0724156558793789,-0.2781669107916282,0.1333355990328703,12.217,57.1
96,1900-04-09 00:00:00,0.0113434870271405,-0.195231795041866,0.2179187690961471,12.217,57.1
97,1900-04-10 00:00:00,0.1558080153893138,-0.0510307115209931,0.3626467422996209,12.217,57.1
98,1900-04-11 00:00:00,0.0766861506781919,-0.1301121936326877,0.2834844949890717,12.217,57.1
99,1900-04-12 00:00:00,0.1684505803077892,-0.0381162423529828,0.3750174029685613,12.217,57.1
100,1900-04-13 00:00:00,0.255184351330406,0.0479505086350488,0.4624181940257633,12.217,57.1
101,1900-04-14 00:00:00,0.2479709984646375,0.0415848813811598,0.4543571155481152,12.217,57.1
102,1900-04-15 00:00:00,0.2691967678962581,0.0631799368703875,0.4752135989221286,12.217,57.1
103,1900-04-16 00:00:00,0.1789938008842976,-0.0270717374771675,0.3850593392457628,12.217,57.1
104,1900-04-17 00:00:00,0.213478959331573,0.0069919811313762,0.4199659375317698,12.217,57.1
105,1900-04-18 00:00:00,0.0885204781752392,-0.1176832452261029,0.2947242015765813,12.217,57.1
106,1900-04-19 00:00:00,0.001631561907324,-0.2039955054240034,0.2072586292386515,12.217,57.1
107,1900-04-20 00:00:00,0.0526972212882336,-0.1530458561520835,0.2584402987285508,12.217,57.1
108,1900-04-21 00:00:00,0.0937707173028913,-0.1117595325947584,0.299300967200541,12.217,57.1
109,1900-04-22 00:00:00,0.0748768924306306,-0.1312117589157929,0.2809655437770542,12.217,57.1
110,1900-04-23 00:00:00,-0.0006694603866604,-0.2066881903764627,0.2053492696031419,12.217,57.1
111,1900-04-24 00:00:00,0.0195197170750258,-0.1861112302850213,0.2251506644350729,12.217,57.1
112,1900-04-25 00:00:00,0.0643075153223926,-0.1415257050934229,0.2701407357382082,12.217,57.1
113,1900-04-26 00:00:00,0.0860976062140092,-0.1200328474294351,0.2922280598574537,12.217,57.1
114,1900-04-27 00:00:00,0.0580650124342248,-0.147511491756301,0.2636415166247507,12.217,57.1
115,1900-04-28 00:00:00,0.0422044440151894,-0.1633603876195295,0.2477692756499084,12.217,57.1
116,1900-04-29 00:00:00,0.259313693832412,0.0531163356440099,0.465511052020814,12.217,57.1
117,1900-04-30 00:00:00,0.314958029398568,0.1081106613947724,0.5218053974023635,12.217,57.1
118,1900-05-01 00:00:00,0.0718446346561054,-0.1340978719225707,0.2777871412347816,12.217,57.1
119,1900-05-02 00:00:00,0.1365830023672873,-0.0694068556408718,0.3425728603754465,12.217,57.1
120,1900-05-03 00:00:00,0.0629825686674271,-0.1431853780690277,0.2691505154038819,12.217,57.1
121,1900-05-04 00:00:00,0.0861739094880064,-0.1200376967214483,0.2923855156974612,12.217,57.1
122,1900-05-05 00:00:00,0.0701365278601723,-0.135549333007687,0.2758223887280317,12.217,57.1
123,1900-05-06 00:00:00,-0.0033878174990136,-0.2089010702625591,0.2021254352645317,12.217,57.1
124,1900-05-07 00:00:00,0.0565419498482046,-0.1490174609106981,0.2621013606071075,12.217,57.1
125,1900-05-08 00:00:00,0.12140508414691,-0.0841841715828528,0.3269943398766728,12.217,57.1
126,1900-05-09 00:00:00,0.0661616939232988,-0.1396470819437447,0.2719704697903423,12.217,57.1
127,1900-05-10 00:00:00,-0.0132143733179484,-0.2191899189479376,0.1927611723120408,12.217,57.1
128,1900-05-11 00:00:00,-0.0395040123874403,-0.2453680792667928,0.1663600544919121,12.217,57.1
129,1900-05-12 00:00:00,0.0120354671568688,-0.1936367257953199,0.2177076601090576,12.217,57.1
130,1900-05-13 00:00:00,0.0298169714676404,-0.1760928876681953,0.2357268306034761,12.217,57.1
131,1900-05-14 00:00:00,0.0156159296425115,-0.1900800162674207,0.2213118755524439,12.217,57.1
132,1900-05-15 00:00:00,0.0152717174562774,-0.1902931837904632,0.220836618703018,12.217,57.1
133,1900-05-16 00:00:00,0.0348785127845162,-0.1709646167291331,0.2407216422981656,12.217,57.1
134,1900-05-17 00:00:00,0.032061668140327,-0.1734445550542973,0.2375678913349514,12.217,57.1
135,1900-05-18 00:00:00,0.123213033840121,-0.0823717671236515,0.3287978348038935,12.217,57.1
136,1900-05-19 00:00:00,0.1629482527024867,-0.0429037440544607,0.3688002494594342,12.217,57.1
137,1900-05-20 00:00:00,0.1081172185751026,-0.0982288799814268,0.3144633171316321,12.217,57.1
138,1900-05-21 00:00:00,0.1326849114781484,-0.0732788662273204,0.3386486891836174,12.217,57.1
139,1900-05-22 00:00:00,0.0936174708842134,-0.1120602961990609,0.2992952379674878,12.217,57.1
140,1900-05-23 00:00:00,0.0809219004847448,-0.1256270470173272,0.2874708479868169,12.217,57.1
141,1900-05-24 00:00:00,0.106045931831747,-0.0996883592525024,0.3117802229159965,12.217,57.1
142,1900-05-25 00:00:00,0.0700664700647593,-0.1355795022134488,0.2757124423429674,12.217,57.1
143,1900-05-26 00:00:00,0.0285440601035848,-0.1769543195691661,0.2340424397763358,12.217,57.1
144,1900-05-27 00:00:00,0.017317052007475,-0.1882175195782169,0.2228516235931669,12.217,57.1
145,1900-05-28 00:00:00,-0.0168586490320161,-0.2225196903922396,0.1888023923282074,12.217,57.1
146,1900-05-29 00:00:00,0.0388896671984666,-0.1667086360645419,0.2444879704614752,12.217,57.1
147,1900-05-30 00:00:00,-0.001438647167933,-0.2069500032317596,0.2040727088958935,12.217,57.1
148,1900-05-31 00:00:00,-0.0714915904945981,-0.2769599344626842,0.1339767534734878,12.217,57.1
149,1900-06-01 00:00:00,-0.1084544731860806,-0.3140949984225807,0.0971860520504194,12.217,57.1
150,1900-06-02 00:00:00,-0.0972919104480784,-0.3029915151794522,0.1084076942832953,12.217,57.1
151,1900-06-03 00:00:00,-0.022832637803318,-0.2286119549495789,0.1829466793429429,12.217,57.1
152,1900-06-04 00:00:00,0.000117062746277,-0.2055422755233026,0.2057764010158567,12.217,57.1
153,1900-06-05 00:00:00,0.0077128511262271,-0.1980672568584033,0.2134929591108576,12.217,57.1
154,1900-06-06 00:00:00,0.0376505926655509,-0.1680291703474719,0.2433303556785738,12.217,57.1
155,1900-06-07 00:00:00,0.0773261131426656,-0.128270711129921,0.2829229374152524,12.217,57.1
156,1900-06-08 00:00:00,0.1153578944818767,-0.0902021606624572,0.3209179496262107,12.217,57.1
157,1900-06-09 00:00:00,0.1267200358984642,-0.0788427617273489,0.3322828335242773,12.217,57.1
158,1900-06-10 00:00:00,0.0977773892332384,-0.1077378088622806,0.3032925873287574,12.217,57.1
159,1900-06-11 00:00:00,0.0266069751546216,-0.1789890005757418,0.2322029508849851,12.217,57.1
160,1900-06-12 00:00:00,-0.0189563448683691,-0.2244828551992615,0.1865701654625231,12.217,57.1
161,1900-06-13 00:00:00,-0.0007402635911078,-0.2063567612313294,0.2048762340491137,12.217,57.1
162,1900-06-14 00:00:00,0.0260409728988838,-0.179534372348648,0.2316163181464157,12.217,57.1
163,1900-06-15 00:00:00,0.0462106006317271,-0.1592664583765892,0.2516876596400434,12.217,57.1
164,1900-06-16 00:00:00,0.1865116770436129,-0.0192699999422253,0.3922933540294512,12.217,57.1
165,1900-06-17 00:00:00,0.0270911091461535,-0.1786653116587908,0.2328475299510979,12.217,57.1
166,1900-06-18 00:00:00,0.0050083861521623,-0.2004760265185599,0.2104927988228846,12.217,57.1
167,1900-06-19 00:00:00,0.0432326739851114,-0.1621829889627179,0.2486483369329408,12.217,57.1
168,1900-06-20 00:00:00,0.0604296163472349,-0.1450866093052119,0.2659458419996818,12.217,57.1
169,1900-06-21 00:00:00,0.1040597305052152,-0.1015057466682808,0.3096252076787114,12.217,57.1
170,1900-06-22 00:00:00,0.0760941804256906,-0.1295652352876869,0.2817535961390683,12.217,57.1
171,1900-06-23 00:00:00,0.111187871690175,-0.0944123507398534,0.3167880941202034,12.217,57.1
172,1900-06-24 00:00:00,0.0897740165285944,-0.1161774052655938,0.2957254383227827,12.217,57.1
173,1900-06-25 00:00:00,0.0641974415288216,-0.141374048804636,0.2697689318622793,12.217,57.1
174,1900-06-26 00:00:00,0.0853806653823782,-0.1202194856397207,0.2909808164044772,12.217,57.1
175,1900-06-27 00:00:00,0.0407015444009733,-0.1648824259711988,0.2462855147731455,12.217,57.1
176,1900-06-28 00:00:00,0.0110985980218874,-0.1944218655820696,0.2166190616258445,12.217,57.1
177,1900-06-29 00:00:00,0.0689861974538713,-0.1364796777386099,0.2744520726463525,12.217,57.1
178,1900-06-30 00:00:00,0.112734944413555,-0.0928019962506536,0.3182718850777638,12.217,57.1
179,1900-07-01 00:00:00,0.1507263870387132,-0.0547492770154349,0.3562020510928614,12.217,57.1
180,1900-07-02 00:00:00,0.164484416041421,-0.040947772007856,0.369916604090698,12.217,57.1
181,1900-07-03 00:00:00,0.1308152805938728,-0.0746609955454821,0.3362915567332277,12.217,57.1
182,1900-07-04 00:00:00,0.1493530323170942,-0.0566213088139281,0.3553273734481165,12.217,57.1
183,1900-07-05 00:00:00,0.1801056007634414,-0.0258035750849935,0.3860147766118765,12.217,57.1
184,1900-07-06 00:00:00,0.1224031195726966,-0.0834014232232621,0.3282076623686554,12.217,57.1
185,1900-07-07 00:00:00,0.0994568706668942,-0.1063078556777474,0.3052215970115359,12.217,57.1
186,1900-07-08 00:00:00,0.0582205443746326,-0.1474309366027584,0.2638720253520236,12.217,57.1
187,1900-07-09 00:00:00,0.044869698172656,-0.1610527710495004,0.2507921673948124,12.217,57.1
188,1900-07-10 00:00:00,0.0747104757609383,-0.1309404697529231,0.2803614212747997,12.217,57.1
189,1900-07-11 00:00:00,0.0426060045538431,-0.1630505303761456,0.248262539483832,12.217,57.1
190,1900-07-12 00:00:00,0.0362873801081837,-0.1692030454365886,0.2417778056529561,12.217,57.1
191,1900-07-13 00:00:00,0.0373819273065831,-0.1681457967876326,0.242909651400799,12.217,57.1
192,1900-07-14 00:00:00,0.058947859846651,-0.1465422616461636,0.2644379813394656,12.217,57.1
193,1900-07-15 00:00:00,0.0620507618585868,-0.1434952136906283,0.267596737407802,12.217,57.1
194,1900-07-16 00:00:00,0.0321476441325843,-0.1734644651645799,0.2377597534297487,12.217,57.1
195,1900-07-17 00:00:00,0.0302906937556104,-0.175231965188671,0.235813352699892,12.217,57.1
196,1900-07-18 00:00:00,0.0935367800583914,-0.1121000826550573,0.2991736427718403,12.217,57.1
197,1900-07-19 00:00:00,0.0590049620152999,-0.1465972465520733,0.2646071705826731,12.217,57.1
198,1900-07-20 00:00:00,0.0839669095608619,-0.1216411334135794,0.2895749525353033,12.217,57.1
199,1900-07-21 00:00:00,-0.0165046362389454,-0.222599514135659,0.1895902416577681,12.217,57.1
200,1900-07-22 00:00:00,-0.0358628819462488,-0.2413544964856294,0.1696287325931317,12.217,57.1
201,1900-07-23 00:00:00,0.044868946094375,-0.1606695527326758,0.2504074449214261,12.217,57.1
202,1900-07-24 00:00:00,0.0893494611918239,-0.1162486476973385,0.2949475700809865,12.217,57.1
203,1900-07-25 00:00:00,0.1898840570672933,-0.016035201736323,0.3958033158709096,12.217,57.1
204,1900-07-26 00:00:00,0.0647245994344854,-0.1410107824679147,0.2704599813368856,12.217,57.1
205,1900-07-27 00:00:00,0.0484870975080165,-0.1570117993926049,0.2539859944086381,12.217,57.1
206,1900-07-28 00:00:00,0.0276027083913089,-0.1779692917178449,0.2331747085004628,12.217,57.1
207,1900-07-29 00:00:00,0.0497922884410962,-0.1557627204756352,0.2553472973578276,12.217,57.1
208,1900-07-30 00:00:00,0.1358254849695858,-0.0703609124754953,0.3420118824146669,12.217,57.1
209,1900-07-31 00:00:00,0.1521856842993744,-0.0540627473581121,0.358434115956861,12.217,57.1
210,1900-08-01 00:00:00,0.2334378946573844,0.0277805373344436,0.4390952519803252,12.217,57.1
211,1900-08-02 00:00:00,0.1858931905000204,-0.0197951065279816,0.3915814875280226,12.217,57.1
212,1900-08-03 00:00:00,0.2354418333017047,0.0298483198471781,0.4410353467562312,12.217,57.1
213,1900-08-04 00:00:00,0.2170302639090877,0.0112045818660308,0.4228559459521447,12.217,57.1
214,1900-08-05 00:00:00,0.2494582041806132,0.0434403980404769,0.4554760103207496,12.217,57.1
215,1900-08-06 00:00:00,0.2742930211341342,0.0674189857881981,0.4811670564800702,12.217,57.1
216,1900-08-07 00:00:00,0.1766941898161576,-0.0299301281567287,0.3833185077890439,12.217,57.1
217,1900-08-08 00:00:00,0.2784795022089181,0.0717159859323984,0.4852430184854377,12.217,57.1
218,1900-08-09 00:00:00,0.1261312257379176,-0.0800520480229128,0.3323144994987481,12.217,57.1
219,1900-08-10 00:00:00,0.1987536307805326,-0.0070657955426297,0.4045730571036949,12.217,57.1
220,1900-08-11 00:00:00,0.0466666647241613,-0.159123134800496,0.2524564642488187,12.217,57.1
221,1900-08-12 00:00:00,-0.0255805175696698,-0.2313058791904769,0.1801448440511372,12.217,57.1
222,1900-08-13 00:00:00,0.1045485663332218,-0.1010204319036772,0.3101175645701208,12.217,57.1
223,1900-08-14 00:00:00,0.0608615848384624,-0.1446809793491585,0.2664041490260833,12.217,57.1
224,1900-08-15 00:00:00,-0.0442549048069881,-0.2499392653372374,0.1614294557232612,12.217,57.1
225,1900-08-16 00:00:00,-0.0467159443022818,-0.2523047202447347,0.1588728316401709,12.217,57.1
226,1900-08-17 00:00:00,-0.0231966065549691,-0.228715230998259,0.1823220178883207,12.217,57.1
227,1900-08-18 00:00:00,0.0209586424185339,-0.1845852482952951,0.226502533132363,12.217,57.1
228,1900-08-19 00:00:00,0.0549359623184352,-0.1506711246389454,0.2605430492758159,12.217,57.1
229,1900-08-20 00:00:00,0.0243798718704428,-0.1810543802264999,0.2298141239673855,12.217,57.1
230,1900-08-21 00:00:00,0.0800846332781185,-0.1254331474156333,0.2856024139718705,12.217,57.1
231,1900-08-22 00:00:00,0.10704107696014,-0.0985331748854425,0.3126153288057225,12.217,57.1
232,1900-08-23 00:00:00,0.1116966191226098,-0.0938256648022148,0.3172189030474346,12.217,57.1
233,1900-08-24 00:00:00,0.0686771116358742,-0.1368335697819196,0.2741877930536681,12.217,57.1
234,1900-08-25 00:00:00,0.0172128504602224,-0.188289759230479,0.2227154601509239,12.217,57.1
235,1900-08-26 00:00:00,0.0094448039825985,-0.1964812519235124,0.2153708598887096,12.217,57.1
236,1900-08-27 00:00:00,-0.0038535040391466,-0.2098747522635685,0.2021677441852752,12.217,57.1
237,1900-08-28 00:00:00,-0.0613428981633112,-0.2669172000410806,0.1442314037144582,12.217,57.1
238,1900-08-29 00:00:00,-0.0632762044935113,-0.2687286875550131,0.1421762785679904,12.217,57.1
239,1900-08-30 00:00:00,-0.0437679862867979,-0.2492231294364332,0.1616871568628374,12.217,57.1
240,1900-08-31 00:00:00,-0.0404045589006663,-0.2458647384707402,0.1650556206694075,12.217,57.1
241,1900-09-01 00:00:00,0.0595669730304015,-0.1462486342866565,0.2653825803474596,12.217,57.1
242,1900-09-02 00:00:00,0.2204461888180103,0.0144902861412842,0.4264020914947364,12.217,57.1
243,1900-09-03 00:00:00,0.1368661762200859,-0.0689596960328966,0.3426920484730684,12.217,57.1
244,1900-09-04 00:00:00,0.0596358292255831,-0.1464176772247903,0.2656893356759566,12.217,57.1
245,1900-09-05 00:00:00,0.1856300979499109,-0.0203589066437641,0.391619102543586,12.217,57.1
246,1900-09-06 00:00:00,0.1754406603098566,-0.0302251006532734,0.3811064212729866,12.217,57.1
247,1900-09-07 00:00:00,0.1311852204605887,-0.0749260328668081,0.3372964737879855,12.217,57.1
248,1900-09-08 00:00:00,0.0012081501537062,-0.2047261147143939,0.2071424150218063,12.217,57.1
249,1900-09-09 00:00:00,0.0131729900093985,-0.192254970809755,0.2186009508285521,12.217,57.1
250,1900-09-10 00:00:00,0.0536059254995843,-0.1518928010846639,0.2591046520838327,12.217,57.1
251,1900-09-11 00:00:00,0.0386681011486979,-0.1668761472366299,0.2442123495340259,12.217,57.1
252,1900-09-12 00:00:00,-0.0194268966063046,-0.2249298859106628,0.1860760926980535,12.217,57.1
253,1900-09-13 00:00:00,0.0465070207217297,-0.1592570129066446,0.2522710543501042,12.217,57.1
254,1900-09-14 00:00:00,0.0023930525686128,-0.2033623826248206,0.2081484877620464,12.217,57.1
255,1900-09-15 00:00:00,0.0055196362771617,-0.200109102140114,0.2111483746944374,12.217,57.1
256,1900-09-16 00:00:00,-0.0301805781190209,-0.235783815928131,0.175422659690089,12.217,57.1
257,1900-09-17 00:00:00,-0.0138072081275002,-0.2192972439023072,0.1916828276473066,12.217,57.1
258,1900-09-18 00:00:00,0.0208038371375078,-0.1846857866065996,0.2262934608816154,12.217,57.1
259,1900-09-19 00:00:00,0.0696662503905509,-0.1358251450361625,0.2751576458172644,12.217,57.1
260,1900-09-20 00:00:00,0.0435003075675293,-0.1619776474366297,0.2489782625716884,12.217,57.1
261,1900-09-21 00:00:00,0.0693260604193109,-0.1362910439151732,0.2749431647537951,12.217,57.1
262,1900-09-22 00:00:00,0.1199958948045813,-0.0856382432516609,0.3256300328608236,12.217,57.1
263,1900-09-23 00:00:00,0.0996894191847747,-0.1063814265207301,0.3057602648902797,12.217,57.1
264,1900-09-24 00:00:00,0.1064056958036476,-0.0993619407522478,0.3121733323595432,12.217,57.1
265,1900-09-25 00:00:00,0.2574459292622598,0.0507469022391565,0.4641449562853632,12.217,57.1
266,1900-09-26 00:00:00,0.2776409228808662,0.071200838954991,0.4840810068067414,12.217,57.1
267,1900-09-27 00:00:00,0.3938906560731446,0.1862690934227114,0.6015122187235779,12.217,57.1
268,1900-09-28 00:00:00,0.3944310500853318,0.1854252863742409,0.6034368137964227,12.217,57.1
269,1900-09-29 00:00:00,0.1711587926049691,-0.0354771889100029,0.3777947741199411,12.217,57.1
270,1900-09-30 00:00:00,0.1009087637462084,-0.1048762434389539,0.3066937709313709,12.217,57.1
271,1900-10-01 00:00:00,0.0952892554411011,-0.1106737121261156,0.301252223008318,12.217,57.1
272,1900-10-02 00:00:00,0.1536976092055978,-0.0522954725228518,0.3596906909340475,12.217,57.1
273,1900-10-03 00:00:00,0.1167184541565314,-0.0887547107656683,0.3221916190787313,12.217,57.1
274,1900-10-04 00:00:00,0.1314060535796951,-0.0743792969187156,0.3371914040781057,12.217,57.1
275,1900-10-05 00:00:00,0.1189489465407305,-0.0869674189280347,0.3248653120094958,12.217,57.1
276,1900-10-06 00:00:00,0.2179357382344693,0.011751485535849,0.4241199909330896,12.217,57.1
277,1900-10-07 00:00:00,0.2347502913007041,0.0281776790713993,0.4413229035300089,12.217,57.1
278,1900-10-08 00:00:00,0.0399075983687823,-0.1662086142783645,0.2460238110159292,12.217,57.1
279,1900-10-09 00:00:00,0.1066658050123029,-0.0991562725678667,0.3124878825924727,12.217,57.1
280,1900-10-10 00:00:00,0.1616747175644179,-0.0449493914742263,0.3682988266030622,12.217,57.1
281,1900-10-11 00:00:00,0.0581200951105705,-0.1476664023892916,0.2639065926104327,12.217,57.1
282,1900-10-12 00:00:00,0.1029526816214397,-0.1029105503666285,0.308815913609508,12.217,57.1
283,1900-10-13 00:00:00,0.170768193514658,-0.0352707814805791,0.3768071685098951,12.217,57.1
284,1900-10-14 00:00:00,0.2793339033799095,0.07273052657586,0.485937280183959,12.217,57.1
285,1900-10-15 00:00:00,0.3645778643155908,0.1574543797595693,0.5717013488716124,12.217,57.1
286,1900-10-16 00:00:00,0.2083432275753791,0.0020606329683234,0.4146258221824348,12.217,57.1
287,1900-10-17 00:00:00,0.0932327252844709,-0.1126624324369547,0.2991278830058965,12.217,57.1
288,1900-10-18 00:00:00,0.0278345648217942,-0.1778307620710907,0.2334998917146792,12.217,57.1
289,1900-10-19 00:00:00,-0.0280964028319804,-0.2337307298232167,0.1775379241592557,12.217,57.1
290,1900-10-20 00:00:00,-0.0721231473652993,-0.2779678240781825,0.1337215293475837,12.217,57.1
291,1900-10-21 00:00:00,-0.0546505251840544,-0.2605502485417829,0.1512491981736739,12.217,57.1
292,1900-10-22 00:00:00,-0.086523689972382,-0.2923899634887788,0.1193425835440146,12.217,57.1
293,1900-10-23 00:00:00,-0.0254089926138942,-0.2309826421010263,0.1801646568732377,12.217,57.1
294,1900-10-24 00:00:00,0.0031187911655441,-0.2026079288631,0.2088455111941883,12.217,57.1
295,1900-10-25 00:00:00,0.0477888673722137,-0.157881870545645,0.2534596052900725,12.217,57.1
296,1900-10-26 00:00:00,0.1973153118663086,-0.0084216430290488,0.4030522667616661,12.217,57.1
297,1900-10-27 00:00:00,0.2396808480985924,0.0339428484376908,0.445418847759494,12.217,57.1
298,1900-10-28 00:00:00,0.2426042764523786,0.0354713068134107,0.4497372460913466,12.217,57.1
299,1900-10-29 00:00:00,0.1101334645198239,-0.0960286035148602,0.316295532554508,12.217,57.1
300,1900-10-30 00:00:00,0.1780798852503859,-0.027893361347087,0.3840531318478588,12.217,57.1
301,1900-10-31 00:00:00,0.0559589264432604,-0.1498654047751351,0.261783257661656,12.217,57.1
302,1900-11-01 00:00:00,-0.0093052754245698,-0.2149148760414414,0.1963043251923017,12.217,57.1
303,1900-11-02 00:00:00,0.0298054281016074,-0.1756896040428566,0.2353004602460715,12.217,57.1
304,1900-11-03 00:00:00,-0.0060077287583447,-0.2116166638060138,0.1996012062893242,12.217,57.1
305,1900-11-04 00:00:00,-0.0601352232450228,-0.2661912814338424,0.1459208349437967,12.217,57.1
306,1900-11-05 00:00:00,0.0069190746858527,-0.198704432746547,0.2125425821182526,12.217,57.1
307,1900-11-06 00:00:00,0.0080265753205648,-0.1977548666300829,0.2138080172712127,12.217,57.1
308,1900-11-07 00:00:00,0.0771316093489116,-0.1287268220533671,0.2829900407511903,12.217,57.1
309,1900-11-08 00:00:00,0.1953629624957587,-0.0108831858270413,0.4016091108185589,12.217,57.1
310,1900-11-09 00:00:00,0.1648917128109223,-0.0411583249555939,0.3709417505774387,12.217,57.1
311,1900-11-10 00:00:00,0.2677128364757838,0.0611290698040587,0.474296603147509,12.217,57.1
312,1900-11-11 00:00:00,0.2241632752309261,0.0181588105940715,0.4301677398677807,12.217,57.1
313,1900-11-12 00:00:00,0.0904131410169443,-0.1151873322519302,0.2960136142858189,12.217,57.1
314,1900-11-13 00:00:00,0.1351915507533195,-0.0704457243622342,0.3408288258688733,12.217,57.1
315,1900-11-14 00:00:00,0.250998004569304,0.0426575088475425,0.4593385002910654,12.217,57.1
316,1900-11-15 00:00:00,0.1757490381728573,-0.0309110864549363,0.382409162800651,12.217,57.1
317,1900-11-16 00:00:00,0.1439724871816432,-0.06163513333325,0.3495801076965364,12.217,57.1
318,1900-11-17 00:00:00,0.069049223473883,-0.1366415889358964,0.2747400358836627,12.217,57.1
319,1900-11-18 00:00:00,-0.0319158309567439,-0.237706055374655,0.1738743934611672,12.217,57.1
320,1900-11-19 00:00:00,-0.1367843661446835,-0.3425177006964665,0.0689489684070994,12.217,57.1
321,1900-11-20 00:00:00,-0.1467751326073236,-0.3524557136229453,0.0589054484082981,12.217,57.1
322,1900-11-21 00:00:00,-0.1254751030608176,-0.3311763264939154,0.0802261203722802,12.217,57.1
323,1900-11-22 00:00:00,-0.1026778513292408,-0.3092767559403103,0.1039210532818286,12.217,57.1
324,1900-11-23 00:00:00,0.1533013138844799,-0.0540810141048594,0.3606836418738194,12.217,57.1
325,1900-11-24 00:00:00,0.044447200894208,-0.1614557853638151,0.2503501871522312,12.217,57.1
326,1900-11-25 00:00:00,0.0528584148631672,-0.152728398103078,0.2584452278294126,12.217,57.1
327,1900-11-26 00:00:00,0.0710955988359882,-0.1345073970264547,0.2766985946984313,12.217,57.1
328,1900-11-27 00:00:00,0.1017861568093735,-0.103973009597968,0.3075453232167152,12.217,57.1
329,1900-11-28 00:00:00,0.1510200464314861,-0.054688459118223,0.3567285519811953,12.217,57.1
330,1900-11-29 00:00:00,0.080315187377601,-0.1257085358325873,0.2863389105877895,12.217,57.1
331,1900-11-30 00:00:00,0.0239857633417508,-0.1819367400595141,0.2299082667430157,12.217,57.1
332,1900-12-01 00:00:00,0.0157512274020517,-0.1904162702118966,0.2219187250160001,12.217,57.1
333,1900-12-02 00:00:00,-0.0075665050920514,-0.2134134246712176,0.1982804144871147,12.217,57.1
334,1900-12-03 00:00:00,0.0018092706377854,-0.2038854819810387,0.2075040232566096,12.217,57.1
335,1900-12-04 00:00:00,0.0867486710928506,-0.1187648513599976,0.292262193545699,12.217,57.1
336,1900-12-05 00:00:00,0.1661342466320823,-0.0399859790921517,0.3722544723563163,12.217,57.1
337,1900-12-06 00:00:00,0.1154508914226625,-0.0903844288814052,0.3212862117267304,12.217,57.1
338,1900-12-07 00:00:00,0.0447253001998226,-0.160965414955141,0.2504160153547862,12.217,57.1
339,1900-12-08 00:00:00,-0.0105261559794081,-0.2166410064346537,0.1955886944758374,12.217,57.1
340,1900-12-09 00:00:00,0.0966236205560182,-0.1098722394942629,0.3031194806062995,12.217,57.1
341,1900-12-10 00:00:00,0.308381731571577,0.1007806208213383,0.5159828423218157,12.217,57.1
342,1900-12-11 00:00:00,0.2040475398761999,-0.0018351937869807,0.4099302735393806,12.217,57.1
343,1900-12-12 00:00:00,0.2219343317434693,0.016060881251905,0.4278077822350336,12.217,57.1
344,1900-12-13 00:00:00,0.1265508452090035,-0.079589382351563,0.33269107276957,12.217,57.1
345,1900-12-14 00:00:00,0.2442236694895904,0.0383173900125377,0.450129948966643,12.217,57.1
346,1900-12-15 00:00:00,0.3317022568532645,0.1257125279682485,0.5376919857382805,12.217,57.1
347,1900-12-16 00:00:00,0.4126793775687999,0.2065944040321709,0.6187643511054288,12.217,57.1
348,1900-12-17 00:00:00,0.2217923343959308,0.0154166035004624,0.4281680652913991,12.217,57.1
349,1900-12-18 00:00:00,0.264583630362346,0.0585360141128472,0.4706312466118448,12.217,57.1
350,1900-12-19 00:00:00,0.2270275099138873,0.0208711279003226,0.4331838919274519,12.217,57.1
351,1900-12-20 00:00:00,0.1636694330188338,-0.0424582942817346,0.3697971603194023,12.217,57.1
352,1900-12-21 00:00:00,0.2653725316017961,0.058045974051185,0.4726990891524071,12.217,57.1
353,1900-12-22 00:00:00,0.7637335546538997,0.5524139610528435,0.975053148254956,12.217,57.1
354,1900-12-23 00:00:00,0.3561137438264052,0.1475979074642382,0.5646295801885723,12.217,57.1
355,1900-12-24 00:00:00,0.1817643963322258,-0.024026248307381,0.3875550409718328,12.217,57.1
356,1900-12-25 00:00:00,0.0955819060778793,-0.1102391971519708,0.3014030093077294,12.217,57.1
357,1900-12-26 00:00:00,0.2983959738366936,0.0904575908145072,0.5063343568588798,12.217,57.1
358,1900-12-27 00:00:00,0.2899829951265601,0.0829619611254897,0.4970040291276305,12.217,57.1
359,1900-12-28 00:00:00,0.255481351082624,0.0492834966937099,0.461679205471538,12.217,57.1
360,1900-12-29 00:00:00,0.1465105455371585,-0.0656778316720002,0.3586989227463173,12.217,57.1
361,1900-12-30 00:00:00,-0.0193901087838442,-0.2296561703688757,0.1908759528011872,12.217,57.1
362,1900-12-31 00:00:00,-0.0940435745875831,-0.3002100552368574,0.112122906061691,12.217,57.1
363,1901-01-01 00:00:00,-0.0784353486069472,-0.2844537068012718,0.1275830095873772,12.217,57.1
364,1901-01-02 00:00:00,0.0174205585855616,-0.1885054404984419,0.2233465576695653,12.217,57.1
365,1901-01-03 00:00:00,0.0656239533569346,-0.1408643602042132,0.2721122669180825,12.217,57.1
366,1901-01-04 00:00:00,0.0081713445081329,-0.197618175640351,0.213960864656617,12.217,57.1
367,1901-01-05 00:00:00,-0.0217634636464922,-0.2273455343063065,0.183818607013322,12.217,57.1
368,1901-01-06 00:00:00,-0.0608836900723006,-0.2664713486671228,0.1447039685225216,12.217,57.1
369,1901-01-07 00:00:00,-0.1420986942025752,-0.3479019301173883,0.0637045417122378,12.217,57.1
370,1901-01-08 00:00:00,-0.1304775988425288,-0.3363273063936341,0.0753721087085765,12.217,57.1
371,1901-01-09 00:00:00,-0.0342189996245234,-0.2401340770320995,0.1716960777830525,12.217,57.1
372,1901-01-10 00:00:00,0.0513233845369201,-0.1546028043948376,0.2572495734686778,12.217,57.1
373,1901-01-11 00:00:00,0.0217237218320219,-0.1838434739417911,0.2272909176058349,12.217,57.1
374,1901-01-12 00:00:00,-0.0731315117233441,-0.278666169093516,0.1324031456468277,12.217,57.1
375,1901-01-13 00:00:00,-0.1396854044619025,-0.3452481173590207,0.0658773084352155,12.217,57.1
376,1901-01-14 00:00:00,-0.1242032786429821,-0.3297895259260941,0.0813829686401298,12.217,57.1
377,1901-01-15 00:00:00,-0.0491668582253148,-0.254735598205017,0.1564018817543873,12.217,57.1
378,1901-01-16 00:00:00,-0.0099055513981398,-0.2155000998382016,0.1956889970419219,12.217,57.1
379,1901-01-17 00:00:00,0.015250628156996,-0.190436732079614,0.2209379883936061,12.217,57.1
380,1901-01-18 00:00:00,0.0123221112169589,-0.1931997312847833,0.2178439537187011,12.217,57.1
381,1901-01-19 00:00:00,0.0698451462644606,-0.1356770664577372,0.2753673589866585,12.217,57.1
382,1901-01-20 00:00:00,0.1510934849126634,-0.0546160705653262,0.3568030403906532,12.217,57.1
383,1901-01-21 00:00:00,0.2489873828884679,0.0403853918656508,0.457589373911285,12.217,57.1
384,1901-01-22 00:00:00,0.3462072415405094,0.1388169390234006,0.5535975440576183,12.217,57.1
385,1901-01-23 00:00:00,0.5395897507534367,0.3273444542764078,0.7518350472304657,12.217,57.1
386,1901-01-24 00:00:00,0.1767599047375142,-0.03150954827466,0.3850293577496885,12.217,57.1
387,1901-01-25 00:00:00,0.1299571765827322,-0.0758969991734438,0.3358113523389083,12.217,57.1
388,1901-01-26 00:00:00,0.4170292687965684,0.2101132634403598,0.6239452741527771,12.217,57.1
389,1901-01-27 00:00:00,0.3817590955285002,0.1749467807610531,0.5885714102959473,12.217,57.1
390,1901-01-28 00:00:00,0.2819916688662679,0.0753429157743314,0.4886404219582044,12.217,57.1
391,1901-01-29 00:00:00,0.1722126171956878,-0.0348630702732807,0.3792883046646563,12.217,57.1
392,1901-01-30 00:00:00,0.162503042640626,-0.0433023782803642,0.3683084635616163,12.217,57.1
393,1901-01-31 00:00:00,0.117170581013114,-0.0888794211683426,0.3232205831945708,12.217,57.1
394,1901-02-01 00:00:00,0.120888655497302,-0.0851199830875522,0.3268972940821563,12.217,57.1
395,1901-02-02 00:00:00,0.1306458602600378,-0.0751701521808173,0.336461872700893,12.217,57.1
396,1901-02-03 00:00:00,0.0908783150096511,-0.1147408746282295,0.2964975046475318,12.217,57.1
397,1901-02-04 00:00:00,0.1543695597596514,-0.0511917412726181,0.359930860791921,12.217,57.1
398,1901-02-05 00:00:00,0.1284836332367465,-0.0771975302721424,0.3341647967456355,12.217,57.1
399,1901-02-06 00:00:00,0.01411468915037,-0.1915121160020469,0.2197414943027869,12.217,57.1
400,1901-02-07 00:00:00,0.0026416200330051,-0.2034419235486845,0.2087251636146947,12.217,57.1
401,1901-02-08 00:00:00,0.0429027960388319,-0.1629428454871365,0.2487484375648004,12.217,57.1
402,1901-02-09 00:00:00,0.0587647674844308,-0.1470072959376344,0.264536830906496,12.217,57.1
403,1901-02-10 00:00:00,0.1308805559384055,-0.0753944775078483,0.3371555893846593,12.217,57.1
404,1901-02-11 00:00:00,-0.0157737211094701,-0.2223388315797435,0.1907913893608032,12.217,57.1
405,1901-02-12 00:00:00,-0.0095880467099124,-0.2151649871394518,0.1959888937196269,12.217,57.1
406,1901-02-13 00:00:00,-0.0611273432541204,-0.2667165146932089,0.144461828184968,12.217,57.1
407,1901-02-14 00:00:00,-0.1179104489152804,-0.3236304753491799,0.087809577518619,12.217,57.1
408,1901-02-15 00:00:00,-0.1448883770762786,-0.350623922480517,0.0608471683279596,12.217,57.1
409,1901-02-16 00:00:00,0.023499075680293,-0.1822864204116126,0.2292845717721986,12.217,57.1
410,1901-02-17 00:00:00,0.0232009480266845,-0.1829726373113057,0.2293745333646747,12.217,57.1
411,1901-02-18 00:00:00,-0.1240518579376012,-0.3302357648206235,0.0821320489454211,12.217,57.1
412,1901-02-19 00:00:00,-0.0824511817395469,-0.2879674845429849,0.123065121063891,12.217,57.1
413,1901-02-20 00:00:00,-0.0726743552705926,-0.2781670629750015,0.1328183524338161,12.217,57.1
414,1901-02-21 00:00:00,0.009079994439944,-0.1964201585272805,0.2145801474071686,12.217,57.1
415,1901-02-22 00:00:00,0.0640235420027397,-0.1416249168898589,0.2696720008953385,12.217,57.1
416,1901-02-23 00:00:00,0.0860476007041104,-0.1199183776745356,0.2920135790827565,12.217,57.1
417,1901-02-24 00:00:00,0.1019970712824135,-0.1039058416852086,0.3078999842500357,12.217,57.1
418,1901-02-25 00:00:00,0.1991337430827913,-0.0077395921021746,0.4060070782677573,12.217,57.1
419,1901-02-26 00:00:00,0.1041841579410584,-0.101545553500951,0.309913869383068,12.217,57.1
420,1901-02-27 00:00:00,0.1750270328920423,-0.0307969345236935,0.3808510003077783,12.217,57.1
421,1901-02-28 00:00:00,0.2468216143137463,0.0407245272160299,0.4529187014114627,12.217,57.1
422,1901-03-01 00:00:00,0.1100462069032114,-0.0968048779695314,0.3168972917759542,12.217,57.1
423,1901-03-02 00:00:00,0.042198593685351,-0.1643121639291803,0.2487093512998823,12.217,57.1
424,1901-03-03 00:00:00,0.1546248958267391,-0.0522583573265508,0.3615081489800291,12.217,57.1
425,1901-03-04 00:00:00,0.1348172660822681,-0.0720865935792058,0.3417211257437421,12.217,57.1
426,1901-03-05 00:00:00,0.0214901972719512,-0.1846702087162958,0.2276506032601983,12.217,57.1
427,1901-03-06 00:00:00,0.2271106294758277,0.0211674488293538,0.4330538101223017,12.217,57.1
428,1901-03-07 00:00:00,0.246030471828549,0.0390217676200505,0.4530391760370474,12.217,57.1
429,1901-03-08 00:00:00,0.1281424773977518,-0.0799611749597086,0.3362461297552124,12.217,57.1
430,1901-03-09 00:00:00,-0.0734889333442992,-0.2792661301328203,0.1322882634442219,12.217,57.1
431,1901-03-10 00:00:00,0.0500789528197379,-0.1558842090212475,0.2560421146607234,12.217,57.1
432,1901-03-11 00:00:00,0.137738089810181,-0.0681052550238304,0.3435814346441925,12.217,57.1
433,1901-03-12 00:00:00,0.0679373276290992,-0.1383471022525184,0.274221757510717,12.217,57.1
434,1901-03-13 00:00:00,-0.0081629258741455,-0.2138634732502832,0.1975376215019921,12.217,57.1
435,1901-03-14 00:00:00,-0.0409639237262142,-0.2466325249767877,0.1647046775243591,12.217,57.1
436,1901-03-15 00:00:00,-0.0478164471591783,-0.2535823831463663,0.1579494888280096,12.217,57.1
437,1901-03-16 00:00:00,-0.00865952763025,-0.214262597285968,0.1969435420254678,12.217,57.1
438,1901-03-17 00:00:00,0.0263202410421794,-0.1792225300118579,0.2318630120962168,12.217,57.1
439,1901-03-18 00:00:00,0.0303961639539473,-0.1751706499699711,0.2359629778778658,12.217,57.1
440,1901-03-19 00:00:00,-0.0023701039458127,-0.2085716328976856,0.2038314250060602,12.217,57.1
441,1901-03-20 00:00:00,-0.0473727112577325,-0.2531618046298661,0.1584163821144011,12.217,57.1
442,1901-03-21 00:00:00,-0.0911189536905889,-0.2974448986341171,0.1152069912529394,12.217,57.1
443,1901-03-22 00:00:00,-0.0923734379910234,-0.2986801839830303,0.1139333080009834,12.217,57.1
444,1901-03-23 00:00:00,-0.1193201088987715,-0.3255215485953615,0.0868813307978184,12.217,57.1
445,1901-03-24 00:00:00,-0.0385009931861425,-0.2442507188415892,0.1672487324693042,12.217,57.1
446,1901-03-25 00:00:00,0.1269700208064177,-0.0788733139682911,0.3328133555811267,12.217,57.1
447,1901-03-26 00:00:00,0.1131078710709986,-0.0936129677465914,0.3198287098885887,12.217,57.1
448,1901-03-27 00:00:00,0.1265571543338075,-0.0792205475962198,0.3323348562638347,12.217,57.1
449,1901-03-28 00:00:00,0.1159382407537449,-0.0898487879556972,0.321725269463187,12.217,57.1
450,1901-03-29 00:00:00,0.0847499219415237,-0.1216355008170329,0.2911353447000804,12.217,57.1
451,1901-03-30 00:00:00,0.0359615300502317,-0.1697608475843784,0.2416839076848418,12.217,57.1
452,1901-03-31 00:00:00,0.1421473909181323,-0.0643688057758348,0.3486635876120995,12.217,57.1
453,1901-04-01 00:00:00,0.2096830179521696,0.0019855703525193,0.4173804655518198,12.217,57.1
454,1901-04-02 00:00:00,0.2581818694589012,0.0520080365723568,0.4643557023454455,12.217,57.1
455,1901-04-03 00:00:00,0.1344690106908689,-0.0721645579803396,0.3411025793620775,12.217,57.1
456,1901-04-04 00:00:00,0.2186028497348866,0.0106498754191646,0.4265558240506085,12.217,57.1
457,1901-04-05 00:00:00,0.5604947853294546,0.3496584417657559,0.7713311288931534,12.217,57.1
458,1901-04-06 00:00:00,0.318317028123702,0.1099624993632069,0.5266715568841971,12.217,57.1
459,1901-04-07 00:00:00,0.0941739912949524,-0.1121083794567727,0.3004563620466776,12.217,57.1
460,1901-04-08 00:00:00,0.135420974002832,-0.071972296437406,0.3428142444430702,12.217,57.1
461,1901-04-09 00:00:00,0.2416681013640136,0.0350758344836478,0.4482603682443793,12.217,57.1
462,1901-04-10 00:00:00,0.3767956886517975,0.1704689319340157,0.5831224453695792,12.217,57.1
463,1901-04-11 00:00:00,0.1856182282691959,-0.0205114960510854,0.3917479525894773,12.217,57.1
464,1901-04-12 00:00:00,0.1449542850599692,-0.0605708615835364,0.3504794317034749,12.217,57.1
465,1901-04-13 00:00:00,0.0747575146812105,-0.1309754498261341,0.2804904791885552,12.217,57.1
466,1901-04-14 00:00:00,0.0102066285983619,-0.1959257050372373,0.2163389622339613,12.217,57.1
467,1901-04-15 00:00:00,0.0496000180070876,-0.1566030046057735,0.2558030406199488,12.217,57.1
468,1901-04-16 00:00:00,0.1572690832140619,-0.048494304666065,0.3630324710941889,12.217,57.1
469,1901-04-17 00:00:00,0.021503301596579,-0.1842036874494694,0.2272102906426275,12.217,57.1
470,1901-04-18 00:00:00,0.0285500563023273,-0.177195128609199,0.2342952412138537,12.217,57.1
471,1901-04-19 00:00:00,0.0526355100776854,-0.1528621841829459,0.2581332043383167,12.217,57.1
472,1901-04-20 00:00:00,0.0151731188160551,-0.19027424681932,0.2206204844514303,12.217,57.1
473,1901-04-21 00:00:00,-0.0322916895394385,-0.2377275973537768,0.1731442182748998,12.217,57.1
474,1901-04-22 00:00:00,0.0166016012808227,-0.1888627833636105,0.2220659859252559,12.217,57.1
475,1901-04-23 00:00:00,0.0326114841040573,-0.1729698382673683,0.238192806475483,12.217,57.1
476,1901-04-24 00:00:00,-0.0333943389934025,-0.2390420940221503,0.1722534160353453,12.217,57.1
477,1901-04-25 00:00:00,-0.078763026849503,-0.2845379393728923,0.1270118856738861,12.217,57.1
478,1901-04-26 00:00:00,-0.0981578089968844,-0.3038494853035529,0.107533867309784,12.217,57.1
479,1901-04-27 00:00:00,-0.0515512997356227,-0.2579941045653605,0.154891505094115,12.217,57.1
480,1901-04-28 00:00:00,-0.0892849185827623,-0.2958516716143846,0.1172818344488598,12.217,57.1
481,1901-04-29 00:00:00,-0.0652940012473604,-0.2710385151506351,0.1404505126559142,12.217,57.1
482,1901-04-30 00:00:00,-0.0017427453653589,-0.207519279974542,0.2040337892438241,12.217,57.1
483,1901-05-01 00:00:00,-0.0725821288462452,-0.2780992277728275,0.1329349700803371,12.217,57.1
484,1901-05-02 00:00:00,-0.0845281688306073,-0.2899621044434031,0.1209057667821883,12.217,57.1
485,1901-05-03 00:00:00,-0.1021487878355762,-0.3076347351772155,0.103337159506063,12.217,57.1
486,1901-05-04 00:00:00,-0.0431254139741478,-0.2486742037305956,0.1624233757822999,12.217,57.1
487,1901-05-05 00:00:00,0.0339945289847476,-0.1716205426700623,0.2396096006395575,12.217,57.1
488,1901-05-06 00:00:00,0.0887313549570924,-0.116880069902311,0.2943427798164958,12.217,57.1
489,1901-05-07 00:00:00,0.1343133478168389,-0.0713377557142869,0.3399644513479648,12.217,57.1
490,1901-05-08 00:00:00,0.1061019163301721,-0.0998245894236384,0.3120284220839828,12.217,57.1
491,1901-05-09 00:00:00,0.0800692866276907,-0.1274188343123699,0.2875574075677514,12.217,57.1
492,1901-05-10 00:00:00,-0.1380041516702225,-0.3455024427311648,0.0694941393907197,12.217,57.1
493,1901-05-11 00:00:00,-0.0615687498634587,-0.2670213592700471,0.1438838595431296,12.217,57.1
494,1901-05-12 00:00:00,-0.0594646192044526,-0.265076823504894,0.1461475850959887,12.217,57.1
495,1901-05-13 00:00:00,-0.0779517918821913,-0.2837891641161513,0.1278855803517687,12.217,57.1
496,1901-05-14 00:00:00,-0.09316684503898,-0.2986839635664183,0.1123502734884583,12.217,57.1
497,1901-05-15 00:00:00,-0.0679096650614867,-0.2733955791567054,0.1375762490337319,12.217,57.1
498,1901-05-16 00:00:00,0.0101713749467685,-0.1954376055125997,0.2157803554061368,12.217,57.1
499,1901-05-17 00:00:00,0.0628512485298861,-0.1428147233418703,0.2685172204016427,12.217,57.1
500,1901-05-18 00:00:00,0.047822256359145,-0.1581071196997179,0.253751632418008,12.217,57.1
501,1901-05-19 00:00:00,0.1078946008926966,-0.0979378724072491,0.3137270741926423,12.217,57.1
502,1901-05-20 00:00:00,0.0664503974022383,-0.1390946091569038,0.2719954039613805,12.217,57.1
503,1901-05-21 00:00:00,-0.0461088255439294,-0.2519228314697521,0.1597051803818932,12.217,57.1
504,1901-05-22 00:00:00,-0.106094901230826,-0.3117027205909843,0.0995129181293322,12.217,57.1
505,1901-05-23 00:00:00,-0.0954559666288547,-0.3009914512139958,0.1100795179562863,12.217,57.1
506,1901-05-24 00:00:00,-0.090005007650679,-0.2955672960625805,0.1155572807612224,12.217,57.1
507,1901-05-25 00:00:00,-0.0716841945548065,-0.2771525019431637,0.1337841128335505,12.217,57.1
508,1901-05-26 00:00:00,-0.0485951917487441,-0.2540752794011465,0.1568848959036581,12.217,57.1
509,1901-05-27 00:00:00,-0.0021217461535327,-0.2077863818178266,0.203542889510761,12.217,57.1
510,1901-05-28 00:00:00,0.0448104891979204,-0.1607690442062144,0.2503900226020552,12.217,57.1
511,1901-05-29 00:00:00,0.1031869887181089,-0.1023839625507816,0.3087579399869995,12.217,57.1
512,1901-05-30 00:00:00,0.1066059771982527,-0.0990819551123374,0.3122939095088429,12.217,57.1
513,1901-05-31 00:00:00,0.0664191948522506,-0.1392719937993855,0.2721103835038869,12.217,57.1
514,1901-06-01 00:00:00,0.0871386122928568,-0.1184158919358199,0.2926931165215335,12.217,57.1
515,1901-06-02 00:00:00,0.0625092923006453,-0.1434613345655325,0.2684799191668232,12.217,57.1
516,1901-06-03 00:00:00,0.0747868847422045,-0.1311664336360044,0.2807402031204135,12.217,57.1
517,1901-06-04 00:00:00,-0.0044885305512013,-0.2104192335650443,0.2014421724626417,12.217,57.1
518,1901-06-05 00:00:00,0.0043824162989961,-0.2011977003427245,0.2099625329407169,12.217,57.1
519,1901-06-06 00:00:00,0.0105716480641047,-0.1949825275166253,0.2161258236448347,12.217,57.1
520,1901-06-07 00:00:00,-0.0112062489620286,-0.2167227491278248,0.1943102512037675,12.217,57.1
521,1901-06-08 00:00:00,-0.0162863590308055,-0.2219388525261634,0.1893661344645524,12.217,57.1
522,1901-06-09 00:00:00,0.0029456870060558,-0.2029352461174537,0.2088266201295655,12.217,57.1
523,1901-06-10 00:00:00,0.0762169340322687,-0.1293578992491229,0.2817917673136604,12.217,57.1
524,1901-06-11 00:00:00,0.0676843279533839,-0.1379152339056332,0.273283889812401,12.217,57.1
525,1901-06-12 00:00:00,0.29594741755513,0.0898662325876589,0.5020286025226011,12.217,57.1
526,1901-06-13 00:00:00,0.2494341886118932,0.0431991000908962,0.4556692771328903,12.217,57.1
527,1901-06-14 00:00:00,0.1881360022463587,-0.0180703375295127,0.3943423420222302,12.217,57.1
528,1901-06-15 00:00:00,0.1258994773752159,-0.0798725383958695,0.3316714931463014,12.217,57.1
529,1901-06-16 00:00:00,0.0977214264201558,-0.1079581900747469,0.3034010429150585,12.217,57.1
530,1901-06-17 00:00:00,0.1402982552910096,-0.065293431599515,0.3458899421815343,12.217,57.1
531,1901-06-18 00:00:00,0.0659638749097883,-0.1396158946728392,0.2715436444924159,12.217,57.1
532,1901-06-19 00:00:00,-0.0051634414262463,-0.2107114890594557,0.200384606206963,12.217,57.1
533,1901-06-20 00:00:00,0.0129057132458122,-0.192646750511731,0.2184581770033554,12.217,57.1
534,1901-06-21 00:00:00,-0.0139468333913186,-0.2195737566524905,0.1916800898698532,12.217,57.1
535,1901-06-22 00:00:00,0.0283966338972551,-0.1774077515371434,0.2342010193316537,12.217,57.1
536,1901-06-23 00:00:00,0.0193667446846714,-0.1862049613858996,0.2249384507552425,12.217,57.1
537,1901-06-24 00:00:00,0.0603921120810747,-0.1451204241132173,0.2659046482753668,12.217,57.1
538,1901-06-25 00:00:00,-0.021567030706245,-0.2272424174343285,0.1841083560218384,12.217,57.1
539,1901-06-26 00:00:00,0.0670540210360137,-0.1386211841030477,0.2727292261750753,12.217,57.1
540,1901-06-27 00:00:00,0.1539948185507315,-0.0525925380127954,0.3605821751142585,12.217,57.1
541,1901-06-28 00:00:00,0.147829916116282,-0.0585463072572557,0.3542061394898198,12.217,57.1
542,1901-06-29 00:00:00,0.0651050341406308,-0.1407257394084857,0.2709358076897473,12.217,57.1
543,1901-06-30 00:00:00,-0.0450785696107953,-0.2506941771229533,0.1605370379013625,12.217,57.1
544,1901-07-01 00:00:00,-0.0555055981810451,-0.2609823532461086,0.1499711568840184,12.217,57.1
545,1901-07-02 00:00:00,-0.0195778400429557,-0.2253408331986264,0.1861851531127149,12.217,57.1
546,1901-07-03 00:00:00,0.0211527266135203,-0.1843633941294593,0.2266688473564999,12.217,57.1
547,1901-07-04 00:00:00,0.0228207614683526,-0.1826106238442256,0.2282521467809309,12.217,57.1
548,1901-07-05 00:00:00,0.0125017291086772,-0.1929180154088788,0.2179214736262333,12.217,57.1
549,1901-07-06 00:00:00,-0.0029989694983883,-0.2083928858088644,0.2023949468120877,12.217,57.1
550,1901-07-07 00:00:00,0.0314455731289645,-0.1739877011477744,0.2368788474057035,12.217,57.1
551,1901-07-08 00:00:00,0.0216005145777322,-0.1838458820545173,0.2270469112099819,12.217,57.1
552,1901-07-09 00:00:00,0.0066458245630937,-0.198987166367285,0.2122788154934725,12.217,57.1
553,1901-07-10 00:00:00,0.0173309602784025,-0.1883645606247461,0.2230264811815512,12.217,57.1
554,1901-07-11 00:00:00,-0.0168733187075576,-0.2224137984147491,0.1886671609996338,12.217,57.1
555,1901-07-12 00:00:00,0.0163523881825448,-0.1891165040148349,0.2218212803799247,12.217,57.1
556,1901-07-13 00:00:00,0.0348594334985538,-0.1706168957466054,0.2403357627437131,12.217,57.1
557,1901-07-14 00:00:00,0.0611793986336004,-0.1443560459432949,0.2667148432104959,12.217,57.1
558,1901-07-15 00:00:00,0.0172218342236191,-0.188301147323684,0.2227448157709223,12.217,57.1
559,1901-07-16 00:00:00,0.0250324933870184,-0.1806275514461784,0.2306925382202153,12.217,57.1
560,1901-07-17 00:00:00,0.0242861641587999,-0.181284115506185,0.229856443823785,12.217,57.1
561,1901-07-18 00:00:00,0.0010308376979048,-0.2044578235063971,0.2065194989022068,12.217,57.1
562,1901-07-19 00:00:00,-0.0321490321661375,-0.2375804515907251,0.17328238725845,12.217,57.1
563,1901-07-20 00:00:00,-0.047250652961783,-0.2527423870215063,0.1582410810979402,12.217,57.1
564,1901-07-21 00:00:00,-0.0371615779478225,-0.2427444474806934,0.1684212915850483,12.217,57.1
565,1901-07-22 00:00:00,0.0167415914511165,-0.1887804225311212,0.2222636054333543,12.217,57.1
566,1901-07-23 00:00:00,0.0697986692373449,-0.1356827693307682,0.2752801078054582,12.217,57.1
567,1901-07-24 00:00:00,0.0361454802485323,-0.1693347740797333,0.2416257345767981,12.217,57.1
568,1901-07-25 00:00:00,0.0621008990514636,-0.1434759490706346,0.2676777471735619,12.217,57.1
569,1901-07-26 00:00:00,0.0531138475041981,-0.1527010852461441,0.2589287802545405,12.217,57.1
570,1901-07-27 00:00:00,0.0184373240236799,-0.187074978454221,0.2239496265015809,12.217,57.1
571,1901-07-28 00:00:00,-0.0005950020460316,-0.2061248556183164,0.2049348515262532,12.217,57.1
572,1901-07-29 00:00:00,0.0721191251102517,-0.1338566831179862,0.2780949333384897,12.217,57.1
573,1901-07-30 00:00:00,0.0469419236550073,-0.1587802878532357,0.2526641351632505,12.217,57.1
574,1901-07-31 00:00:00,0.0582181809075853,-0.1473353352257738,0.2637716970409444,12.217,57.1
575,1901-08-01 00:00:00,0.0259408175863997,-0.1798071421867819,0.2316887773595814,12.217,57.1
576,1901-08-02 00:00:00,0.0273451496088738,-0.178195945601625,0.2328862448193728,12.217,57.1
577,1901-08-03 00:00:00,0.0632505234676537,-0.1423698111176949,0.2688708580530024,12.217,57.1
578,1901-08-04 00:00:00,0.0452301647926763,-0.1606893113768308,0.2511496409621834,12.217,57.1
579,1901-08-05 00:00:00,0.1647572757875319,-0.0411776213131145,0.3706921728881783,12.217,57.1
580,1901-08-06 00:00:00,0.2178765597164728,0.0115095682920415,0.4242435511409042,12.217,57.1
581,1901-08-07 00:00:00,0.1076994868787645,-0.0978590123149176,0.3132579860724467,12.217,57.1
582,1901-08-08 00:00:00,0.0859417546839134,-0.1195176206753902,0.291401130043217,12.217,57.1
583,1901-08-09 00:00:00,0.0999653706860901,-0.1055732907703394,0.3055040321425197,12.217,57.1
584,1901-08-10 00:00:00,0.0608192680920525,-0.1449533806526809,0.2665919168367859,12.217,57.1
585,1901-08-11 00:00:00,0.0545895979452081,-0.1510895152515344,0.2602687111419507,12.217,57.1
586,1901-08-12 00:00:00,0.0420058413020437,-0.1635722122814032,0.2475838948854906,12.217,57.1
587,1901-08-13 00:00:00,0.044284972118337,-0.1612076104824695,0.2497775547191437,12.217,57.1
588,1901-08-14 00:00:00,-0.0530139249702067,-0.2586095099687884,0.152581660028375,12.217,57.1
589,1901-08-15 00:00:00,-0.0352336782957604,-0.2410438583292909,0.1705765017377701,12.217,57.1
590,1901-08-16 00:00:00,0.026762414655812,-0.1792756430263803,0.2328004723380043,12.217,57.1
591,1901-08-17 00:00:00,-0.0147918829267804,-0.2204685252333852,0.1908847593798242,12.217,57.1
592,1901-08-18 00:00:00,0.0532229568014564,-0.152317199996292,0.2587631135992048,12.217,57.1
593,1901-08-19 00:00:00,0.0237462115244646,-0.1817496021388844,0.2292420251878138,12.217,57.1
594,1901-08-20 00:00:00,0.0157754217306827,-0.189746034879327,0.2212968783406924,12.217,57.1
595,1901-08-21 00:00:00,0.000486393889606,-0.2053344462186067,0.2063072339978188,12.217,57.1
596,1901-08-22 00:00:00,-0.0046107350856642,-0.2103214125208467,0.2010999423495182,12.217,57.1
597,1901-08-23 00:00:00,0.0502644984598018,-0.1553072421681004,0.2558362390877042,12.217,57.1
598,1901-08-24 00:00:00,0.0865726552976569,-0.1190726631792951,0.2922179737746089,12.217,57.1
599,1901-08-25 00:00:00,0.065771224821407,-0.1399788450961568,0.2715212947389709,12.217,57.1
600,1901-08-26 00:00:00,0.1156529361887751,-0.089949174965504,0.3212550473430544,12.217,57.1
601,1901-08-27 00:00:00,0.245042811325444,0.0390985317065708,0.4509870909443172,12.217,57.1
602,1901-08-28 00:00:00,0.2782303911094725,0.0717034598506793,0.4847573223682657,12.217,57.1
603,1901-08-29 00:00:00,0.2901789341006687,0.0834634023029159,0.4968944658984214,12.217,57.1
604,1901-08-30 00:00:00,0.2702724766006019,0.064055415162864,0.4764895380383397,12.217,57.1
605,1901-08-31 00:00:00,0.1227719650739109,-0.0831255448707584,0.3286694750185803,12.217,57.1
606,1901-09-01 00:00:00,0.1103130019480542,-0.0952218334668824,0.3158478373629909,12.217,57.1
607,1901-09-02 00:00:00,0.0902576968159208,-0.1157270676468636,0.2962424612787053,12.217,57.1
608,1901-09-03 00:00:00,0.0006547028454538,-0.2051918886744818,0.2065012943653895,12.217,57.1
609,1901-09-04 00:00:00,-0.0488215288132585,-0.2544550590484037,0.1568120014218866,12.217,57.1
610,1901-09-05 00:00:00,-0.0787836167845393,-0.2843100820726899,0.1267428485036112,12.217,57.1
611,1901-09-06 00:00:00,-0.0432933425784588,-0.2487775470009788,0.1621908618440611,12.217,57.1
612,1901-09-07 00:00:00,-0.0467796554732759,-0.2522410171645804,0.1586817062180284,12.217,57.1
613,1901-09-08 00:00:00,-0.0582592514396876,-0.2637950609339107,0.1472765580545353,12.217,57.1
614,1901-09-09 00:00:00,0.0149218999330866,-0.1907745180241348,0.2206183178903082,12.217,57.1
615,1901-09-10 00:00:00,0.0513916144749532,-0.1547229909639564,0.2575062199138629,12.217,57.1
616,1901-09-11 00:00:00,0.0674003366035457,-0.1386246686145085,0.2734253418215999,12.217,57.1
617,1901-09-12 00:00:00,-0.01435826174845,-0.2203115767874807,0.1915950532905806,12.217,57.1
618,1901-09-13 00:00:00,-0.0451969481832261,-0.2506566574336811,0.1602627610672288,12.217,57.1
619,1901-09-14 00:00:00,-0.0236335429598491,-0.2290917962068893,0.1818247102871909,12.217,57.1
620,1901-09-15 00:00:00,-0.0453312653243084,-0.2513314804405921,0.1606689497919752,12.217,57.1
621,1901-09-16 00:00:00,0.0325669562714446,-0.1738356734257583,0.2389695859686476,12.217,57.1
622,1901-09-17 00:00:00,0.0903475920219114,-0.1164468509335757,0.2971420349773988,12.217,57.1
623,1901-09-18 00:00:00,0.100834182201965,-0.1050578051861421,0.3067261695900721,12.217,57.1
624,1901-09-19 00:00:00,0.1195226981797149,-0.086194670688626,0.325240067048056,12.217,57.1
625,1901-09-20 00:00:00,0.1066636965535198,-0.0990027246142348,0.3123301177212745,12.217,57.1
626,1901-09-21 00:00:00,0.1118793010569401,-0.0937210001939938,0.3174796023078742,12.217,57.1
627,1901-09-22 00:00:00,0.0661938054038687,-0.1394428872505299,0.2718304980582673,12.217,57.1
628,1901-09-23 00:00:00,-0.0378751158240731,-0.2436011112945941,0.1678508796464479,12.217,57.1
629,1901-09-24 00:00:00,0.0460977428927301,-0.159624358710572,0.2518198444960322,12.217,57.1
630,1901-09-25 00:00:00,0.00045383717809,-0.2050767170772954,0.2059843914334756,12.217,57.1
631,1901-09-26 00:00:00,0.0407557183468959,-0.1647833260475523,0.2462947627413441,12.217,57.1
632,1901-09-27 00:00:00,0.0467323689823897,-0.1589575310536956,0.2524222690184752,12.217,57.1
633,1901-09-28 00:00:00,0.0486438061608168,-0.1570147850127181,0.2543023973343518,12.217,57.1
634,1901-09-29 00:00:00,0.1396626964022314,-0.0661057577895187,0.3454311505939816,12.217,57.1
635,1901-09-30 00:00:00,0.0255449697101857,-0.1800814370596493,0.2311713764800208,12.217,57.1
636,1901-10-01 00:00:00,0.0169179186472644,-0.1885659982140329,0.2224018355085618,12.217,57.1
637,1901-10-02 00:00:00,-0.0067223225950949,-0.2122032020856821,0.1987585568954922,12.217,57.1
638,1901-10-03 00:00:00,-0.0157177391219089,-0.2212044705705839,0.189768992326766,12.217,57.1
639,1901-10-04 00:00:00,0.0594597020209521,-0.146067865048739,0.2649872690906434,12.217,57.1
640,1901-10-05 00:00:00,0.0901533795949715,-0.1154474269164606,0.2957541861064037,12.217,57.1
641,1901-10-06 00:00:00,0.1856615562190944,-0.0203450847318626,0.3916681971700514,12.217,57.1
642,1901-10-07 00:00:00,0.3702193381389017,0.1637705952063563,0.5766680810714471,12.217,57.1
643,1901-10-08 00:00:00,0.3492939108420908,0.1421199915218426,0.556467830162339,12.217,57.1
644,1901-10-09 00:00:00,0.4982440167475573,0.2901843892916,0.7063036442035147,12.217,57.1
645,1901-10-10 00:00:00,0.0747009979548038,-0.1318155228046865,0.2812175187142942,12.217,57.1
646,1901-10-11 00:00:00,-0.0137769560131654,-0.2197703599108303,0.1922164478844994,12.217,57.1
647,1901-10-12 00:00:00,0.0165715200234478,-0.1891694508224252,0.2223124908693208,12.217,57.1
648,1901-10-13 00:00:00,-0.0473910814519017,-0.2529188128122192,0.1581366499084156,12.217,57.1
649,1901-10-14 00:00:00,-0.0708325695322505,-0.2763543046311973,0.1346891655666962,12.217,57.1
650,1901-10-15 00:00:00,-0.023996347400779,-0.2295537029387447,0.1815610081371867,12.217,57.1
651,1901-10-16 00:00:00,0.0188202830583354,-0.1867477949689659,0.2243883610856369,12.217,57.1
652,1901-10-17 00:00:00,0.0852346628136195,-0.1205413672703292,0.2910106928975683,12.217,57.1
653,1901-10-18 00:00:00,0.1263815685689717,-0.0792694442874144,0.3320325814253579,12.217,57.1
654,1901-10-19 00:00:00,0.1018058344266163,-0.1038969868294969,0.3075086556827295,12.217,57.1
655,1901-10-20 00:00:00,0.1167867638002898,-0.0889188906328391,0.3224924182334188,12.217,57.1
656,1901-10-21 00:00:00,0.0485718283185905,-0.1571285685194756,0.2542722251566566,12.217,57.1
657,1901-10-22 00:00:00,0.1192076976466886,-0.0866393673715604,0.3250547626649377,12.217,57.1
658,1901-10-23 00:00:00,0.0591929085034133,-0.1467717423577733,0.2651575593646,12.217,57.1
659,1901-10-24 00:00:00,0.0750365571152034,-0.1310672774519904,0.2811403916823973,12.217,57.1
660,1901-10-25 00:00:00,0.0415571766008309,-0.1642799664056186,0.2473943196072805,12.217,57.1
661,1901-10-26 00:00:00,0.1334953654458663,-0.072137367725595,0.3391280986173277,12.217,57.1
662,1901-10-27 00:00:00,-0.0053938322144395,-0.2112562378773509,0.2004685734484719,12.217,57.1
663,1901-10-28 00:00:00,0.1388525755574913,-0.0672285360844874,0.3449336871994702,12.217,57.1
664,1901-10-29 00:00:00,0.2062138798724015,-0.0008121316173916,0.4132398913621947,12.217,57.1
665,1901-10-30 00:00:00,0.0442760583209681,-0.1617281099925237,0.2502802266344599,12.217,57.1
666,1901-10-31 00:00:00,-0.1530965484909707,-0.3592171544495391,0.0530240574675977,12.217,57.1
667,1901-11-01 00:00:00,-0.1601562490558372,-0.3659092716833895,0.045596773571715,12.217,57.1
668,1901-11-02 00:00:00,-0.115153305871662,-0.3206714028882379,0.0903647911449137,12.217,57.1
669,1901-11-03 00:00:00,-0.0779024920749899,-0.2833960632677066,0.1275910791177268,12.217,57.1
670,1901-11-04 00:00:00,-0.0537750484504425,-0.2592832641605133,0.1517331672596281,12.217,57.1
671,1901-11-05 00:00:00,-0.0317227521581939,-0.2372998602699628,0.173854355953575,12.217,57.1
672,1901-11-06 00:00:00,0.0604486584093955,-0.1451380996407226,0.2660354164595137,12.217,57.1
673,1901-11-07 00:00:00,0.2612215193577846,0.055239983283561,0.4672030554320082,12.217,57.1
674,1901-11-08 00:00:00,0.1700663102546807,-0.0369342272897556,0.3770668477991171,12.217,57.1
675,1901-11-09 00:00:00,0.1270666728098336,-0.0794478378004469,0.3335811834201141,12.217,57.1
676,1901-11-10 00:00:00,-0.0221507710980381,-0.228384839261999,0.1840832970659227,12.217,57.1
677,1901-11-11 00:00:00,0.1675247810473905,-0.0386906094284833,0.3737401715232644,12.217,57.1
678,1901-11-12 00:00:00,0.1369499217347667,-0.0694014783206551,0.3433013217901884,12.217,57.1
679,1901-11-13 00:00:00,0.0099151486776327,-0.1959015093069756,0.215731806662241,12.217,57.1
680,1901-11-14 00:00:00,0.1143257610389125,-0.0920553246207963,0.3207068466986215,12.217,57.1
681,1901-11-15 00:00:00,0.2189148441993896,0.0102143885885063,0.4276152998102728,12.217,57.1
682,1901-11-16 00:00:00,0.0928522324094348,-0.1147917532088748,0.3004962180277445,12.217,57.1
683,1901-11-17 00:00:00,0.091170004255094,-0.1149361834026357,0.2972761919128238,12.217,57.1
684,1901-11-18 00:00:00,0.2571508851344323,0.0508071378968748,0.4634946323719898,12.217,57.1
685,1901-11-19 00:00:00,0.1371931962660539,-0.0694657035438907,0.3438520960759986,12.217,57.1
686,1901-11-20 00:00:00,0.4109617130695775,0.2031425693394185,0.6187808567997366,12.217,57.1
687,1901-11-21 00:00:00,0.1425305212788631,-0.0654676525299582,0.3505286950876846,12.217,57.1
688,1901-11-22 00:00:00,0.0919797282777699,-0.1139657630944628,0.2979252196500027,12.217,57.1
689,1901-11-23 00:00:00,-0.0705919692061516,-0.2766890555571832,0.1355051171448799,12.217,57.1
690,1901-11-24 00:00:00,-0.1257689639448881,-0.3317938682392202,0.080255940349444,12.217,57.1
691,1901-11-25 00:00:00,-0.037544280763175,-0.2432466334507833,0.1681580719244331,12.217,57.1
692,1901-11-26 00:00:00,0.0180004920975118,-0.1882335265543118,0.2242345107493354,12.217,57.1
693,1901-11-27 00:00:00,-0.0356341565652894,-0.2419078851526844,0.1706395720221055,12.217,57.1
694,1901-11-28 00:00:00,0.2431331134477286,0.0366246682009095,0.4496415586945477,12.217,57.1
695,1901-11-29 00:00:00,0.0700703082907092,-0.1367947192621051,0.2769353358435235,12.217,57.1
696,1901-11-30 00:00:00,-0.0334831369140312,-0.2396800968667881,0.1727138230387256,12.217,57.1
697,1901-12-01 00:00:00,0.1986600461454021,-0.0078217853172425,0.4051418776080469,12.217,57.1
698,1901-12-02 00:00:00,0.1147485226798184,-0.0929674519094145,0.3224644972690514,12.217,57.1
699,1901-12-03 00:00:00,0.2448917110003569,0.0367850008878147,0.4529984211128991,12.217,57.1
700,1901-12-04 00:00:00,-0.0103032345647282,-0.21728105229416,0.1966745831647035,12.217,57.1
701,1901-12-05 00:00:00,-0.0572951201526969,-0.2636163542798008,0.1490261139744068,12.217,57.1
702,1901-12-06 00:00:00,0.1072430473251689,-0.0985062124517625,0.3129923071021003,12.217,57.1
703,1901-12-07 00:00:00,0.1592059483345253,-0.0467623882776254,0.3651742849466762,12.217,57.1
704,1901-12-08 00:00:00,0.3891570434012145,0.1827035549380176,0.5956105318644114,12.217,57.1
705,1901-12-09 00:00:00,0.3613900000432014,0.1544311681492506,0.5683488319371521,12.217,57.1
706,1901-12-10 00:00:00,0.2799829867136688,0.0738442427736132,0.4861217306537242,12.217,57.1
707,1901-12-11 00:00:00,0.1288742047217633,-0.0772175423009393,0.3349659517444661,12.217,57.1
708,1901-12-12 00:00:00,0.0581300314006378,-0.1476117516295922,0.2638718144308679,12.217,57.1
709,1901-12-13 00:00:00,0.035172683381844,-0.1704912150157683,0.2408365817794564,12.217,57.1
710,1901-12-14 00:00:00,-0.0977035019618088,-0.3044417582840785,0.1090347543604608,12.217,57.1
711,1901-12-15 00:00:00,-0.0157899649063955,-0.2230855644381903,0.1915056346253991,12.217,57.1
712,1901-12-16 00:00:00,0.0048895870477556,-0.2037900286281027,0.213569202723614,12.217,57.1
713,1901-12-17 00:00:00,-0.0084592303895615,-0.2150609646526957,0.1981425038735726,12.217,57.1
714,1901-12-18 00:00:00,0.2932773315186588,0.086057599243525,0.5004970637937927,12.217,57.1
715,1901-12-19 00:00:00,0.2806748318837488,0.0724254548776744,0.4889242088898232,12.217,57.1
716,1901-12-20 00:00:00,-0.055167956532416,-0.2623090960292504,0.1519731829644184,12.217,57.1
717,1901-12-21 00:00:00,0.0574889238150237,-0.149014857351194,0.2639927049812415,12.217,57.1
718,1901-12-22 00:00:00,0.0663131958624274,-0.1405831697834246,0.2732095615082794,12.217,57.1
719,1901-12-23 00:00:00,0.038123345019384,-0.1677934435400148,0.244040133578783,12.217,57.1
720,1901-12-24 00:00:00,0.0142179436367904,-0.1918101021009431,0.2202459893745241,12.217,57.1
721,1901-12-25 00:00:00,0.2330404800261445,0.0245585183719383,0.4415224416803507,12.217,57.1
722,1901-12-26 00:00:00,0.3141667586321482,0.1067350368645802,0.5215984803997163,12.217,57.1
723,1901-12-27 00:00:00,0.1586251391642871,-0.0481279404530849,0.3653782187816591,12.217,57.1
724,1901-12-28 00:00:00,0.1546884562826133,-0.051052616926157,0.3604295294913837,12.217,57.1
725,1901-12-29 00:00:00,0.1312532783515745,-0.0746828981472418,0.337189454850391,12.217,57.1
726,1901-12-30 00:00:00,0.210852417504217,0.0044031343681188,0.4173017006403152,12.217,57.1
727,1901-12-31 00:00:00,0.1853622493267044,-0.0205301338624548,0.3912546325158638,12.217,57.1
728,1902-01-01 00:00:00,0.3387837150076721,0.1325488286450677,0.5450186013702765,12.217,57.1
729,1902-01-02 00:00:00,0.3345507006011632,0.1276129053632236,0.5414884958391029,12.217,57.1
730,1902-01-03 00:00:00,0.1676526121298873,-0.0394592056286184,0.3747644298883932,12.217,57.1
731,1902-01-04 00:00:00,0.0403917152979333,-0.1666498407842011,0.2474332713800677,12.217,57.1
732,1902-01-05 00:00:00,0.296263592520597,0.0894009696213974,0.5031262154197965,12.217,57.1
733,1902-01-06 00:00:00,0.2658709648571964,0.059130303595262,0.4726116261191308,12.217,57.1
734,1902-01-07 00:00:00,0.164394992306311,-0.041947286644512,0.3707372712571341,12.217,57.1
735,1902-01-08 00:00:00,0.2102727935547055,0.0041232398553537,0.4164223472540573,12.217,57.1
736,1902-01-09 00:00:00,0.2774977470224103,0.0710354955989343,0.4839599984458863,12.217,57.1
737,1902-01-10 00:00:00,0.308484763387345,0.1020248947054099,0.5149446320692801,12.217,57.1
738,1902-01-11 00:00:00,0.4165265449737809,0.2095228713275063,0.6235302186200554,12.217,57.1
739,1902-01-12 00:00:00,0.1339089391727353,-0.0724063364995303,0.340224214845001,12.217,57.1
740,1902-01-13 00:00:00,0.0869455089012247,-0.1189360676989584,0.2928270855014079,12.217,57.1
741,1902-01-14 00:00:00,0.0755051471806453,-0.131651435197236,0.2826617295585267,12.217,57.1
742,1902-01-15 00:00:00,-0.1003465674893104,-0.3068337195172783,0.1061405845386575,12.217,57.1
743,1902-01-16 00:00:00,0.3213573123558382,0.1143922573121134,0.528322367399563,12.217,57.1
744,1902-01-17 00:00:00,0.2806992347119425,0.071763257973706,0.4896352114501791,12.217,57.1
745,1902-01-18 00:00:00,0.0460348603871281,-0.1601485346884999,0.2522182554627562,12.217,57.1
746,1902-01-19 00:00:00,0.0270882326361446,-0.1787079253142869,0.2328843905865761,12.217,57.1
747,1902-01-20 00:00:00,0.1829929734518452,-0.0241658349039478,0.3901517818076383,12.217,57.1
748,1902-01-21 00:00:00,0.3467510179422794,0.1386535418466835,0.5548484940378753,12.217,57.1
749,1902-01-22 00:00:00,0.1050085696707001,-0.1018297494368931,0.3118468887782933,12.217,57.1
750,1902-01-23 00:00:00,0.072470304029988,-0.1337356950502823,0.2786763031102585,12.217,57.1
751,1902-01-24 00:00:00,0.1103253230543124,-0.0952449418464422,0.3158955879550671,12.217,57.1
752,1902-01-25 00:00:00,0.2170725246014192,0.0113475232806774,0.422797525922161,12.217,57.1
753,1902-01-26 00:00:00,0.3674630269886038,0.161413032248591,0.5735130217286165,12.217,57.1
754,1902-01-27 00:00:00,0.2643553476668632,0.0569843030640296,0.4717263922696969,12.217,57.1
755,1902-01-28 00:00:00,0.1873179447852933,-0.0184848004506203,0.393120690021207,12.217,57.1
756,1902-01-29 00:00:00,0.1662188255478139,-0.039610114515946,0.3720477656115738,12.217,57.1
757,1902-01-30 00:00:00,-0.0569988195088267,-0.2630947997284445,0.149097160710791,12.217,57.1
758,1902-01-31 00:00:00,-0.2541397115110091,-0.4606395312790917,-0.0476398917429266,12.217,57.1
759,1902-02-01 00:00:00,-0.339708545808733,-0.5471935993716909,-0.1322234922457751,12.217,57.1
760,1902-02-02 00:00:00,-0.2296057681549741,-0.4356128981449803,-0.0235986381649679,12.217,57.1
761,1902-02-03 00:00:00,-0.1198974355532266,-0.3260909438870603,0.0862960727806069,12.217,57.1
762,1902-02-04 00:00:00,0.0436218725698142,-0.1624417237889463,0.2496854689285748,12.217,57.1
763,1902-02-05 00:00:00,0.0302312941536777,-0.1762764799023525,0.236739068209708,12.217,57.1
764,1902-02-06 00:00:00,0.0267955541482236,-0.1791566618147831,0.2327477701112305,12.217,57.1
765,1902-02-07 00:00:00,0.1756153502467864,-0.0310840458859096,0.3823147463794825,12.217,57.1
766,1902-02-08 00:00:00,0.1930812413611063,-0.0129980324826978,0.3991605152049106,12.217,57.1
767,1902-02-09 00:00:00,0.1494854176592979,-0.0564745573243699,0.3554453926429658,12.217,57.1
768,1902-02-10 00:00:00,0.1406900267817114,-0.0652511719857711,0.346631225549194,12.217,57.1
769,1902-02-11 00:00:00,0.0573887312235906,-0.1483805976182352,0.2631580600654166,12.217,57.1
770,1902-02-12 00:00:00,0.1515146566000985,-0.0540929769332285,0.3571222901334255,12.217,57.1
771,1902-02-13 00:00:00,0.134467021691632,-0.0711957356085225,0.3401297789917865,12.217,57.1
772,1902-02-14 00:00:00,-0.0191413029916216,-0.224986244612299,0.1867036386290557,12.217,57.1
773,1902-02-15 00:00:00,0.0007550973207868,-0.2053613407527485,0.2068715353943223,12.217,57.1
774,1902-02-16 00:00:00,0.0351361667929268,-0.1706876385335533,0.2409599721194069,12.217,57.1
775,1902-02-17 00:00:00,0.0179562389986469,-0.1883274045372268,0.2242398825345206,12.217,57.1
776,1902-02-18 00:00:00,-0.0143384923261086,-0.2206955211495406,0.1920185364973234,12.217,57.1
777,1902-02-19 00:00:00,-0.1172457995856448,-0.3230266421457928,0.088535042974503,12.217,57.1
778,1902-02-20 00:00:00,-0.1072698766468406,-0.3129064593142996,0.0983667060206183,12.217,57.1
779,1902-02-21 00:00:00,-0.0752343335397054,-0.28085016639411,0.130381499314699,12.217,57.1
780,1902-02-22 00:00:00,0.0209679557721074,-0.1847026379162615,0.2266385494604764,12.217,57.1
781,1902-02-23 00:00:00,0.0050673788240746,-0.2007050743671203,0.2108398320152697,12.217,57.1
782,1902-02-24 00:00:00,0.0167472795393478,-0.1887954685811586,0.2222900276598542,12.217,57.1
783,1902-02-25 00:00:00,0.0170562943449025,-0.1884725402817372,0.2225851289715423,12.217,57.1
784,1902-02-26 00:00:00,-0.0017873699432903,-0.2072613808805852,0.2036866409940045,12.217,57.1
785,1902-02-27 00:00:00,-0.0024448643634108,-0.2080410320801162,0.2031513033532944,12.217,57.1
786,1902-02-28 00:00:00,0.0481999585570445,-0.1575400149299069,0.2539399320439959,12.217,57.1
787,1902-03-01 00:00:00,0.1008639047842628,-0.1050283258879212,0.306756135456447,12.217,57.1
788,1902-03-02 00:00:00,-0.011156702072252,-0.2167521899294184,0.1944387857849144,12.217,57.1
789,1902-03-03 00:00:00,-0.0595069582653769,-0.2652038671730639,0.14618995064231,12.217,57.1
790,1902-03-04 00:00:00,-0.026809794008078,-0.2323227467056514,0.1787031586894953,12.217,57.1
791,1902-03-05 00:00:00,0.0506284504996216,-0.1549070405403104,0.2561639415395537,12.217,57.1
792,1902-03-06 00:00:00,0.1115421211147273,-0.0942825559479273,0.317366798177382,12.217,57.1
793,1902-03-07 00:00:00,0.1417588547748622,-0.063931771535907,0.3474494810856314,12.217,57.1
794,1902-03-08 00:00:00,0.0646918891987201,-0.1409520131544462,0.2703357915518865,12.217,57.1
795,1902-03-09 00:00:00,0.1250735349865245,-0.080616482699623,0.3307635526726721,12.217,57.1
796,1902-03-10 00:00:00,0.0277037189482394,-0.1786805855735951,0.234088023470074,12.217,57.1
797,1902-03-11 00:00:00,0.0063677322855781,-0.1995114313521827,0.2122468959233391,12.217,57.1
798,1902-03-12 00:00:00,0.0435330407918613,-0.1624126323558576,0.2494787139395803,12.217,57.1
799,1902-03-13 00:00:00,-0.0182833075703508,-0.2240648323337397,0.187498217193038,12.217,57.1
800,1902-03-14 00:00:00,0.0675216837092341,-0.1384833468782515,0.2735267142967198,12.217,57.1
801,1902-03-15 00:00:00,0.1084142222828049,-0.0974184216438546,0.3142468662094645,12.217,57.1
802,1902-03-16 00:00:00,0.1689869307341819,-0.0370695271650811,0.3750433886334451,12.217,57.1
803,1902-03-17 00:00:00,0.0291222444260048,-0.177692988345969,0.2359374771979787,12.217,57.1
804,1902-03-18 00:00:00,0.0455740018553016,-0.1604499000575159,0.2515979037681192,12.217,57.1
805,1902-03-19 00:00:00,0.1313400161914763,-0.0742934333529679,0.3369734657359205,12.217,57.1
806,1902-03-20 00:00:00,0.2557115525811092,0.0498617847746869,0.4615613203875315,12.217,57.1
807,1902-03-21 00:00:00,0.3475606587592575,0.1417454801563228,0.5533758373621923,12.217,57.1
808,1902-03-22 00:00:00,0.2078043037223951,0.0018566050665662,0.413752002378224,12.217,57.1
809,1902-03-23 00:00:00,0.1253849933317553,-0.0802103316952149,0.3309803183587256,12.217,57.1
810,1902-03-24 00:00:00,0.110892253440176,-0.0950968323821246,0.3168813392624766,12.217,57.1
811,1902-03-25 00:00:00,0.0481855417987941,-0.1582492565167549,0.2546203401143432,12.217,57.1
812,1902-03-26 00:00:00,0.0736077958170582,-0.132189397556044,0.2794049891901605,12.217,57.1
813,1902-03-27 00:00:00,0.0301956652656992,-0.1756616170291915,0.23605294756059,12.217,57.1
814,1902-03-28 00:00:00,0.0403510905954961,-0.1652825665569408,0.2459847477479331,12.217,57.1
815,1902-03-29 00:00:00,0.0191821993538804,-0.1863997715337881,0.224764170241549,12.217,57.1
816,1902-03-30 00:00:00,0.2188683408578082,0.0128277672069314,0.424908914508685,12.217,57.1
817,1902-03-31 00:00:00,0.031795267756332,-0.1753104918480356,0.2389010273606996,12.217,57.1
818,1902-04-01 00:00:00,-0.0107294512853452,-0.2167952444288831,0.1953363418581926,12.217,57.1
819,1902-04-02 00:00:00,0.2286828075390837,0.0224415743490488,0.4349240407291186,12.217,57.1
820,1902-04-03 00:00:00,0.0417000702591242,-0.1650605095502012,0.2484606500684497,12.217,57.1
821,1902-04-04 00:00:00,0.1046083274633889,-0.1009691642252348,0.3101858191520128,12.217,57.1
822,1902-04-05 00:00:00,0.0561238026068153,-0.1497726073324459,0.2620202125460766,12.217,57.1
823,1902-04-06 00:00:00,0.0101835752156601,-0.1955752570374104,0.2159424074687308,12.217,57.1
824,1902-04-07 00:00:00,-0.0408394002908872,-0.2464407134182115,0.1647619128364371,12.217,57.1
825,1902-04-08 00:00:00,-0.0181327454855165,-0.2238685746040286,0.1876030836329955,12.217,57.1
826,1902-04-09 00:00:00,-0.0205368213212702,-0.2261390149809315,0.185065372338391,12.217,57.1
827,1902-04-10 00:00:00,-0.0220649933403079,-0.2275416571894837,0.1834116705088677,12.217,57.1
828,1902-04-11 00:00:00,-0.0804708657552057,-0.2863215652581654,0.1253798337477538,12.217,57.1
829,1902-04-12 00:00:00,-0.1825354648306476,-0.389596540620816,0.0245256109595207,12.217,57.1
830,1902-04-13 00:00:00,-0.0755255791845719,-0.2823192789530575,0.1312681205839135,12.217,57.1
831,1902-04-14 00:00:00,-0.0735039811052154,-0.279420930796816,0.1324129685863852,12.217,57.1
832,1902-04-15 00:00:00,-0.1379471373313793,-0.3441143100973399,0.0682200354345813,12.217,57.1
833,1902-04-16 00:00:00,-0.1037753259753881,-0.3100683272457685,0.1025176752949922,12.217,57.1
834,1902-04-17 00:00:00,-0.0332224692688671,-0.2392091559718116,0.1727642174340773,12.217,57.1
835,1902-04-18 00:00:00,0.0459188854840587,-0.1597897201289593,0.2516274910970767,12.217,57.1
836,1902-04-19 00:00:00,-0.0143433825980178,-0.2198637714775212,0.1911770062814855,12.217,57.1
837,1902-04-20 00:00:00,-0.0412852853993724,-0.2467638790344077,0.1641933082356629,12.217,57.1
838,1902-04-21 00:00:00,0.0020652241887598,-0.2036043401779288,0.2077347885554484,12.217,57.1
839,1902-04-22 00:00:00,-0.004249890765493,-0.2099826325174507,0.2014828509864646,12.217,57.1
840,1902-04-23 00:00:00,-0.0230098216839634,-0.2286942113000177,0.1826745679320907,12.217,57.1
841,1902-04-24 00:00:00,-0.0132105450066662,-0.2191873412330455,0.1927662512197131,12.217,57.1
842,1902-04-25 00:00:00,-0.0335024870120542,-0.2394074978747331,0.1724025238506246,12.217,57.1
843,1902-04-26 00:00:00,-0.0559518661124637,-0.2615682188192524,0.1496644865943249,12.217,57.1
844,1902-04-27 00:00:00,-0.0540910904266907,-0.2597916386022745,0.1516094577488929,12.217,57.1
845,1902-04-28 00:00:00,-0.0688702862074371,-0.2748289945738945,0.1370884221590202,12.217,57.1
846,1902-04-29 00:00:00,-0.0231208934393645,-0.2286261101555832,0.1823843232768541,12.217,57.1
847,1902-04-30 00:00:00,0.0368380202582581,-0.1686091501445976,0.2422851906611139,12.217,57.1
848,1902-05-01 00:00:00,0.1344059787535762,-0.071054616243409,0.3398665737505615,12.217,57.1
849,1902-05-02 00:00:00,0.12137761509279,-0.0841969364499541,0.3269521666355341,12.217,57.1
850,1902-05-03 00:00:00,0.0710746776836184,-0.1345046538407712,0.276654009208008,12.217,57.1
851,1902-05-04 00:00:00,0.1219699519044486,-0.0838544203508615,0.3277943241597588,12.217,57.1
852,1902-05-05 00:00:00,0.0241412322160256,-0.1813122588075395,0.2295947232395908,12.217,57.1
853,1902-05-06 00:00:00,0.0109259066024951,-0.1945689396767736,0.2164207528817638,12.217,57.1
854,1902-05-07 00:00:00,-0.0234168506187711,-0.2289706056397092,0.182136904402167,12.217,57.1
855,1902-05-08 00:00:00,-0.0246020387868968,-0.2305228334786026,0.1813187559048089,12.217,57.1
856,1902-05-09 00:00:00,-0.0114662728552525,-0.2174193664518325,0.1944868207413273,12.217,57.1
857,1902-05-10 00:00:00,-0.0078221417035357,-0.2137300329609107,0.1980857495538391,12.217,57.1
858,1902-05-11 00:00:00,-0.0047867895058705,-0.2103044115191188,0.2007308325073777,12.217,57.1
859,1902-05-12 00:00:00,0.0309431397017821,-0.1745804908261438,0.2364667702297081,12.217,57.1
860,1902-05-13 00:00:00,0.111045859802738,-0.0944675865651974,0.3165593061706735,12.217,57.1
861,1902-05-14 00:00:00,0.164416895145582,-0.0415776205965348,0.3704114108876989,12.217,57.1
862,1902-05-15 00:00:00,0.0808814768287036,-0.125246116089543,0.2870090697469503,12.217,57.1
863,1902-05-16 00:00:00,0.0878034796463118,-0.1179585792137281,0.2935655385063518,12.217,57.1
864,1902-05-17 00:00:00,0.1287711442092129,-0.0771701024597067,0.3347123908781327,12.217,57.1
865,1902-05-18 00:00:00,0.1395305027042956,-0.0663852854663362,0.3454462908749275,12.217,57.1
866,1902-05-19 00:00:00,0.0745756765005875,-0.1316886748369926,0.2808400278381676,12.217,57.1
867,1902-05-20 00:00:00,0.0984633172085344,-0.1079971716929697,0.3049238061100385,12.217,57.1
868,1902-05-21 00:00:00,0.0222410854888411,-0.1834157367582563,0.2278979077359385,12.217,57.1
869,1902-05-22 00:00:00,-0.0396606527365692,-0.245191108748649,0.1658698032755105,12.217,57.1
870,1902-05-23 00:00:00,-0.0156443939540105,-0.2212588164581535,0.1899700285501325,12.217,57.1
871,1902-05-24 00:00:00,0.0116690933150731,-0.1939170059547402,0.2172551925848864,12.217,57.1
872,1902-05-25 00:00:00,0.0438721857757505,-0.1617236145119007,0.2494679860634018,12.217,57.1
873,1902-05-26 00:00:00,0.1962996902054794,-0.0096210601498885,0.4022204405608475,12.217,57.1
874,1902-05-27 00:00:00,0.1738948423718889,-0.0319961192634099,0.3797858040071878,12.217,57.1
875,1902-05-28 00:00:00,0.213327763069696,0.007463523397938,0.4191920027414539,12.217,57.1
876,1902-05-29 00:00:00,0.168545666120117,-0.0371710448811628,0.3742623771213969,12.217,57.1
877,1902-05-30 00:00:00,0.0413664153386713,-0.164868758580521,0.2476015892578636,12.217,57.1
878,1902-05-31 00:00:00,0.0125173030523824,-0.1932903376959891,0.218324943800754,12.217,57.1
879,1902-06-01 00:00:00,-0.0107358720888156,-0.2162521247475088,0.1947803805698775,12.217,57.1
880,1902-06-02 00:00:00,-0.0563144024605344,-0.2619378863312422,0.1493090814101734,12.217,57.1
881,1902-06-03 00:00:00,-0.0672004905446287,-0.2728926107836968,0.1384916296944394,12.217,57.1
882,1902-06-04 00:00:00,-0.0702639691030467,-0.2758712872765545,0.135343349070461,12.217,57.1
883,1902-06-05 00:00:00,0.0185222918857508,-0.1871440095778307,0.2241885933493324,12.217,57.1
884,1902-06-06 00:00:00,0.087944144546135,-0.1176806058998346,0.2935688949921047,12.217,57.1
885,1902-06-07 00:00:00,0.2427434235703034,0.03676033932948,0.4487265078111268,12.217,57.1
886,1902-06-08 00:00:00,0.0676679749382513,-0.1384359451517883,0.273771895028291,12.217,57.1
887,1902-06-09 00:00:00,0.0604033190889365,-0.1453142327635857,0.2661208709414587,12.217,57.1
888,1902-06-10 00:00:00,0.1004889925263414,-0.1051200363893736,0.3060980214420564,12.217,57.1
889,1902-06-11 00:00:00,0.1380631469651841,-0.0675632008988955,0.3436894948292638,12.217,57.1
890,1902-06-12 00:00:00,0.1402560726364188,-0.0654897118120764,0.3460018570849141,12.217,57.1
891,1902-06-13 00:00:00,0.0437302341451671,-0.1621913450956833,0.2496518133860177,12.217,57.1
892,1902-06-14 00:00:00,0.090073250008587,-0.1156342389503131,0.2957807389674871,12.217,57.1
893,1902-06-15 00:00:00,0.0018608258035433,-0.2040685172477475,0.2077901688548342,12.217,57.1
894,1902-06-16 00:00:00,0.0460527322863888,-0.1600726206908858,0.2521780852636635,12.217,57.1
895,1902-06-17 00:00:00,0.0573229135836968,-0.1484618947961225,0.2631077219635162,12.217,57.1
896,1902-06-18 00:00:00,0.0343336713657347,-0.1712794063172064,0.2399467490486758,12.217,57.1
897,1902-06-19 00:00:00,0.0175595140483609,-0.1881614722498428,0.2232805003465647,12.217,57.1
898,1902-06-20 00:00:00,0.0160283417140668,-0.1897001218306891,0.2217568052588228,12.217,57.1
899,1902-06-21 00:00:00,0.0183583404819604,-0.1875348952687382,0.224251576232659,12.217,57.1
900,1902-06-22 00:00:00,-0.0332292516438637,-0.2389707007268794,0.1725121974391519,12.217,57.1
901,1902-06-23 00:00:00,-0.0002105139173661,-0.206526753934336,0.2061057260996038,12.217,57.1
902,1902-06-24 00:00:00,0.0011822154033034,-0.2051223914759341,0.207486822282541,12.217,57.1
903,1902-06-25 00:00:00,-0.064059236468968,-0.269710438888796,0.1415919659508599,12.217,57.1
904,1902-06-26 00:00:00,-0.0594962140724391,-0.2649378238900033,0.1459453957451251,12.217,57.1
905,1902-06-27 00:00:00,-0.0412666287476942,-0.2467259537912949,0.1641926962959064,12.217,57.1
906,1902-06-28 00:00:00,0.0120814557349061,-0.1934119025884418,0.217574814058254,12.217,57.1
907,1902-06-29 00:00:00,0.0481150023940485,-0.1576580161232435,0.2538880209113407,12.217,57.1
908,1902-06-30 00:00:00,0.0410338520243663,-0.1646432500112817,0.2467109540600145,12.217,57.1
909,1902-07-01 00:00:00,0.0583563077890636,-0.1472793534284154,0.2639919690065427,12.217,57.1
910,1902-07-02 00:00:00,0.1548480999147125,-0.0509105132806353,0.3606067131100604,12.217,57.1
911,1902-07-03 00:00:00,0.0935717523829886,-0.1132183680471573,0.3003618728131346,12.217,57.1
912,1902-07-04 00:00:00,0.0592751988196561,-0.1464538869605335,0.2650042845998458,12.217,57.1
913,1902-07-05 00:00:00,0.1294968652120103,-0.076198011826728,0.3351917422507486,12.217,57.1
914,1902-07-06 00:00:00,0.1834640521406723,-0.0243304895419126,0.3912585938232573,12.217,57.1
915,1902-07-07 00:00:00,0.0839696820305445,-0.1224151308886131,0.2903544949497023,12.217,57.1
916,1902-07-08 00:00:00,0.1204220794135839,-0.0852701371457575,0.3261142959729254,12.217,57.1
917,1902-07-09 00:00:00,0.1339801918391809,-0.0715957351500928,0.3395561188284548,12.217,57.1
918,1902-07-10 00:00:00,0.1101878008024794,-0.0955754269121161,0.315951028517075,12.217,57.1
919,1902-07-11 00:00:00,0.1416755097202334,-0.0640798435018551,0.347430862942322,12.217,57.1
920,1902-07-12 00:00:00,0.0590985966177962,-0.147345542628612,0.2655427358642045,12.217,57.1
921,1902-07-13 00:00:00,0.2023359552407514,-0.0036663896874201,0.4083383001689231,12.217,57.1
922,1902-07-14 00:00:00,0.1344863807403901,-0.0712221832772531,0.3401949447580333,12.217,57.1
923,1902-07-15 00:00:00,0.0518115325852764,-0.1539453908440112,0.2575684560145641,12.217,57.1
924,1902-07-16 00:00:00,0.0561282274602323,-0.1494751332418563,0.261731588162321,12.217,57.1
925,1902-07-17 00:00:00,0.0474504840524561,-0.1581180016187993,0.2530189697237115,12.217,57.1
926,1902-07-18 00:00:00,0.0667840940509983,-0.1386893239187711,0.2722575120207678,12.217,57.1
927,1902-07-19 00:00:00,0.1208086472725411,-0.0847017377297367,0.326319032274819,12.217,57.1
928,1902-07-20 00:00:00,0.1389870997962555,-0.0665216687205408,0.3444958683130519,12.217,57.1
929,1902-07-21 00:00:00,0.0971933300147217,-0.1084007271225604,0.3027873871520038,12.217,57.1
930,1902-07-22 00:00:00,0.0682856590807523,-0.1371633485844613,0.273734666745966,12.217,57.1
931,1902-07-23 00:00:00,0.0704442713346955,-0.1349887541727771,0.2758772968421682,12.217,57.1
932,1902-07-24 00:00:00,0.0860173240642842,-0.119355456831011,0.2913901049595795,12.217,57.1
933,1902-07-25 00:00:00,0.0859340009125487,-0.1195630592356655,0.2914310610607629,12.217,57.1
934,1902-07-26 00:00:00,0.0390419014505071,-0.1663952548044286,0.2444790577054429,12.217,57.1
935,1902-07-27 00:00:00,0.0466655781384967,-0.1589830161698157,0.2523141724468091,12.217,57.1
936,1902-07-28 00:00:00,0.1525963414427772,-0.0535400886549887,0.3587327715405431,12.217,57.1
937,1902-07-29 00:00:00,0.2813824458292001,0.075518535560306,0.4872463560980943,12.217,57.1
938,1902-07-30 00:00:00,0.1756199640803856,-0.0303197753060248,0.3815597034667961,12.217,57.1
939,1902-07-31 00:00:00,0.1316942993924794,-0.0738643919017583,0.3372529906867173,12.217,57.1
940,1902-08-01 00:00:00,0.0504250133980632,-0.1550774273777055,0.2559274541738319,12.217,57.1
941,1902-08-02 00:00:00,0.0536608641828514,-0.1517886661388992,0.259110394504602,12.217,57.1
942,1902-08-03 00:00:00,0.0772755811434418,-0.1281977194622234,0.2827488817491072,12.217,57.1
943,1902-08-04 00:00:00,0.0799215473608854,-0.1255036859898888,0.2853467807116597,12.217,57.1
944,1902-08-05 00:00:00,0.0787291204986033,-0.1266915331442909,0.2841497741414975,12.217,57.1
945,1902-08-06 00:00:00,0.0729255884003364,-0.1325500954664625,0.2784012722671354,12.217,57.1
946,1902-08-07 00:00:00,0.0887530103863296,-0.116754519607243,0.2942605403799024,12.217,57.1
947,1902-08-08 00:00:00,0.0495763065349821,-0.1559127202382191,0.2550653333081834,12.217,57.1
948,1902-08-09 00:00:00,0.0593443470065144,-0.1461540550190854,0.2648427490321143,12.217,57.1
949,1902-08-10 00:00:00,0.145701311835854,-0.0601247751577742,0.3515273988294824,12.217,57.1
950,1902-08-11 00:00:00,0.1734824498834494,-0.0323827337181966,0.3793476334850956,12.217,57.1
951,1902-08-12 00:00:00,0.1561123597292555,-0.0500069843227866,0.3622317037812976,12.217,57.1
952,1902-08-13 00:00:00,0.0918418801873482,-0.1139541157704113,0.2976378761451078,12.217,57.1
953,1902-08-14 00:00:00,0.0985623308367309,-0.1070145309456756,0.3041391926191375,12.217,57.1
954,1902-08-15 00:00:00,0.1395672363403084,-0.0661584527159953,0.3452929253966122,12.217,57.1
955,1902-08-16 00:00:00,0.1703118987776835,-0.0353849236634639,0.3760087212188311,12.217,57.1
956,1902-08-17 00:00:00,0.1449136679348181,-0.0607097585085321,0.3505370943781685,12.217,57.1
957,1902-08-18 00:00:00,0.091049756403202,-0.1144566022346601,0.2965561150410642,12.217,57.1
958,1902-08-19 00:00:00,0.0721841708777884,-0.1333258159778731,0.2776941577334501,12.217,57.1
959,1902-08-20 00:00:00,0.2045111441136263,-0.0014655674627581,0.4104878556900108,12.217,57.1
960,1902-08-21 00:00:00,0.1576805792774459,-0.0483607297349447,0.3637218882898366,12.217,57.1
961,1902-08-22 00:00:00,0.0626125267050475,-0.1431082282003972,0.2683332816104923,12.217,57.1
962,1902-08-23 00:00:00,0.0124243983542556,-0.1931928233315411,0.2180416200400523,12.217,57.1
963,1902-08-24 00:00:00,0.0509244328205974,-0.1546682748964466,0.2565171405376416,12.217,57.1
964,1902-08-25 00:00:00,0.0988550233190469,-0.1067927866969747,0.3045028333350685,12.217,57.1
965,1902-08-26 00:00:00,0.0977507921659969,-0.1082054886469226,0.3037070729789166,12.217,57.1
966,1902-08-27 00:00:00,-0.0139310131664181,-0.2198995613223494,0.1920375349895131,12.217,57.1
967,1902-08-28 00:00:00,0.0387178795537686,-0.1673101521565787,0.2447459112641161,12.217,57.1
968,1902-08-29 00:00:00,-0.0054046200945561,-0.2119601053232665,0.2011508651341541,12.217,57.1
969,1902-08-30 00:00:00,0.0608141735797273,-0.1447595950476811,0.2663879422071358,12.217,57.1
970,1902-08-31 00:00:00,0.1074564815500559,-0.0982568288342515,0.3131697919343633,12.217,57.1
971,1902-09-01 00:00:00,-0.0333897142515869,-0.2391648050912293,0.1723853765880555,12.217,57.1
972,1902-09-02 00:00:00,0.041774471058578,-0.1636676239634941,0.2472165660806501,12.217,57.1
973,1902-09-03 00:00:00,0.0576900614703158,-0.1477441210668414,0.263124244007473,12.217,57.1
974,1902-09-04 00:00:00,0.094771513898279,-0.1119731375057484,0.3015161653023065,12.217,57.1
975,1902-09-05 00:00:00,0.0827521757454933,-0.12315002484823,0.2886543763392167,12.217,57.1
976,1902-09-06 00:00:00,0.0587111423558947,-0.1470496347675896,0.2644719194793792,12.217,57.1
977,1902-09-07 00:00:00,-0.0098873747629131,-0.2154322618011168,0.1956575122752905,12.217,57.1
978,1902-09-08 00:00:00,-0.0250417114418847,-0.2305159521971911,0.1804325293134218,12.217,57.1
979,1902-09-09 00:00:00,0.0210729280336408,-0.1844379115772804,0.2265837676445621,12.217,57.1
980,1902-09-10 00:00:00,0.0381281348906622,-0.1676337819203905,0.243890051701715,12.217,57.1
981,1902-09-11 00:00:00,0.0007936991153244,-0.2047370158175416,0.2063244140481905,12.217,57.1
982,1902-09-12 00:00:00,0.0539635925298673,-0.1516623172926066,0.2595895023523414,12.217,57.1
983,1902-09-13 00:00:00,0.138524870386043,-0.067144825133929,0.344194565906015,12.217,57.1
984,1902-09-14 00:00:00,0.2621793258886086,0.0542220394288816,0.4701366123483356,12.217,57.1
985,1902-09-15 00:00:00,0.1650116402377077,-0.0422188530902529,0.3722421335656684,12.217,57.1
986,1902-09-16 00:00:00,0.1419305686427088,-0.0643727587199287,0.3482338960053465,12.217,57.1
987,1902-09-17 00:00:00,0.2342387139295998,0.0284594132654367,0.4400180145937629,12.217,57.1
988,1902-09-18 00:00:00,0.1635520064311191,-0.0420767630199704,0.3691807758822088,12.217,57.1
989,1902-09-19 00:00:00,0.0705620981400213,-0.1350981673204767,0.2762223636005194,12.217,57.1
990,1902-09-20 00:00:00,-0.0274406124456326,-0.2331417494888542,0.1782605245975889,12.217,57.1
991,1902-09-21 00:00:00,-0.076138880567078,-0.2816824098894905,0.1294046487553343,12.217,57.1
992,1902-09-22 00:00:00,-0.0627761756763383,-0.2683696775040213,0.1428173261513447,12.217,57.1
993,1902-09-23 00:00:00,-0.0545080705613103,-0.2602843523945577,0.151268211271937,12.217,57.1
994,1902-09-24 00:00:00,-0.032831418484077,-0.2386392003842642,0.1729763634161101,12.217,57.1
995,1902-09-25 00:00:00,0.0141243766658774,-0.1915539552081475,0.2198027085399024,12.217,57.1
996,1902-09-26 00:00:00,-0.0451745809730688,-0.2507843455013248,0.160435183555187,12.217,57.1
997,1902-09-27 00:00:00,-0.0548729599549501,-0.2604584948442348,0.1507125749343345,12.217,57.1
998,1902-09-28 00:00:00,-0.042295916947596,-0.2488532553671228,0.1642614214719306,12.217,57.1
999,1902-09-29 00:00:00,-0.0607961153318496,-0.2666969667769533,0.1451047361132541,12.217,57.1
1000,1902-09-30 00:00:00,-0.048507516347005,-0.2542365551235585,0.1572215224295484,12.217,57.1
1001,1902-10-01 00:00:00,-0.0119426857941407,-0.2176955459773817,0.1938101743891003,12.217,57.1
1002,1902-10-02 00:00:00,-0.00107761189493,-0.2069117429614083,0.2047565191715483,12.217,57.1
1003,1902-10-03 00:00:00,-0.0439645504349128,-0.2495228407652203,0.1615937398953945,12.217,57.1
1004,1902-10-04 00:00:00,0.0338405401277472,-0.1719738183446256,0.2396548986001201,12.217,57.1
1005,1902-10-05 00:00:00,0.091232188271148,-0.1148277952107316,0.2972921717530278,12.217,57.1
1006,1902-10-06 00:00:00,0.0115077345857301,-0.1941695675903582,0.2171850367618185,12.217,57.1
1007,1902-10-07 00:00:00,-0.0015177254200549,-0.2070252880667467,0.2039898372266369,12.217,57.1
1008,1902-10-08 00:00:00,-0.0077818850157719,-0.2133883289061276,0.1978245588745836,12.217,57.1
1009,1902-10-09 00:00:00,-0.0224652282669015,-0.2280730627352699,0.1831426062014668,12.217,57.1
1010,1902-10-10 00:00:00,0.0174914484629071,-0.1880779108286283,0.2230608077544426,12.217,57.1
1011,1902-10-11 00:00:00,0.1248360395336024,-0.0809230211926581,0.330595100259863,12.217,57.1
1012,1902-10-12 00:00:00,-0.007734489071987,-0.2134895444608451,0.198020566316871,12.217,57.1
1013,1902-10-13 00:00:00,-0.0670545870887913,-0.2727200262154771,0.1386108520378943,12.217,57.1
1014,1902-10-14 00:00:00,0.1307663900555554,-0.0753514807018588,0.3368842608129698,12.217,57.1
1015,1902-10-15 00:00:00,0.1273621312917083,-0.0792120807036537,0.3339363432870704,12.217,57.1
1016,1902-10-16 00:00:00,0.2793157543271263,0.0705757414619984,0.4880557671922541,12.217,57.1
1017,1902-10-17 00:00:00,0.2870399290648063,0.0772142625901989,0.4968655955394137,12.217,57.1
1018,1902-10-18 00:00:00,0.2354515441585694,0.0288809853985286,0.4420221029186101,12.217,57.1
1019,1902-10-19 00:00:00,0.1048567220405789,-0.1009581843280184,0.3106716284091764,12.217,57.1
1020,1902-10-20 00:00:00,0.021004584055067,-0.1845726215001135,0.2265817896102476,12.217,57.1
1021,1902-10-21 00:00:00,0.1440086407613507,-0.061515151161226,0.3495324326839275,12.217,57.1
1022,1902-10-22 00:00:00,0.1420293610621327,-0.0642632394850689,0.3483219616093345,12.217,57.1
1023,1902-10-23 00:00:00,0.0526248246626351,-0.1535163784964994,0.2587660278217697,12.217,57.1
1024,1902-10-24 00:00:00,0.0250144043893898,-0.1810168261298121,0.2310456349085918,12.217,57.1
1025,1902-10-25 00:00:00,0.2606393212952763,0.0545967106768008,0.4666819319137518,12.217,57.1
1026,1902-10-26 00:00:00,-0.0314301319117086,-0.2373646576167841,0.1745043937933668,12.217,57.1
1027,1902-10-27 00:00:00,0.0702640959551373,-0.1353933219291153,0.27592151383939,12.217,57.1
1028,1902-10-28 00:00:00,-0.0219395070175961,-0.227594090440039,0.1837150764048468,12.217,57.1
1029,1902-10-29 00:00:00,0.0242206991304031,-0.1813209353256041,0.2297623335864105,12.217,57.1
1030,1902-10-30 00:00:00,0.0816931147817927,-0.1240379647980579,0.2874241943616433,12.217,57.1
1031,1902-10-31 00:00:00,0.1450605644677717,-0.0607583031811247,0.3508794321166682,12.217,57.1
1032,1902-11-01 00:00:00,0.0838090159117522,-0.1219705228688962,0.2895885546924007,12.217,57.1
1033,1902-11-02 00:00:00,0.3896869677676468,0.183177528985871,0.5961964065494226,12.217,57.1
1034,1902-11-03 00:00:00,0.0277027833225735,-0.1788301864281733,0.2342357530733205,12.217,57.1
1035,1902-11-04 00:00:00,0.243345063825495,0.0373208001729544,0.4493693274780356,12.217,57.1
1036,1902-11-05 00:00:00,-0.0520951848164819,-0.258390011106032,0.1541996414730681,12.217,57.1
1037,1902-11-06 00:00:00,-0.0841664833109645,-0.2903627181383447,0.1220297515164156,12.217,57.1
1038,1902-11-07 00:00:00,-0.0160946847858183,-0.2221977792719077,0.1900084097002709,12.217,57.1
1039,1902-11-08 00:00:00,0.0780769458899429,-0.1280108335622646,0.2841647253421505,12.217,57.1
1040,1902-11-09 00:00:00,0.124506677878185,-0.0813051797319975,0.3303185354883676,12.217,57.1
1041,1902-11-10 00:00:00,0.1756294826001512,-0.0300630165767022,0.3813219817770047,12.217,57.1
1042,1902-11-11 00:00:00,0.1361838980431883,-0.0695574196039367,0.3419252156903135,12.217,57.1
1043,1902-11-12 00:00:00,0.0218002032020233,-0.1838988573592246,0.2274992637632714,12.217,57.1
1044,1902-11-13 00:00:00,0.0897749408140584,-0.116476865305334,0.296026746933451,12.217,57.1
1045,1902-11-14 00:00:00,0.0478615655652075,-0.1579165231706504,0.2536396543010656,12.217,57.1
1046,1902-11-15 00:00:00,-0.0936054705982145,-0.2992858742734391,0.1120749330770101,12.217,57.1
1047,1902-11-16 00:00:00,-0.1960656649876057,-0.4020233777890314,0.0098920478138198,12.217,57.1
1048,1902-11-17 00:00:00,-0.1401900827332994,-0.3458722183283451,0.0654920528617462,12.217,57.1
1049,1902-11-18 00:00:00,-0.162687854875718,-0.3685308038088901,0.043155094057454,12.217,57.1
1050,1902-11-19 00:00:00,-0.1676836682968243,-0.3734119737662292,0.0380446371725806,12.217,57.1
1051,1902-11-20 00:00:00,-0.1439302371276367,-0.3497729468928189,0.0619124726375453,12.217,57.1
1052,1902-11-21 00:00:00,-0.0927651125162022,-0.2984423015098534,0.1129120764774489,12.217,57.1
1053,1902-11-22 00:00:00,-0.0592079260637807,-0.2647175566269265,0.1463017044993649,12.217,57.1
1054,1902-11-23 00:00:00,0.0247481616731529,-0.1808359539660635,0.2303322773123694,12.217,57.1
1055,1902-11-24 00:00:00,0.0643921883767474,-0.1411288123771268,0.2699131891306217,12.217,57.1
1056,1902-11-25 00:00:00,0.0478745541890105,-0.1576902275761251,0.2534393359541462,12.217,57.1
1057,1902-11-26 00:00:00,0.0215677866494818,-0.1839882680941643,0.2271238413931279,12.217,57.1
1058,1902-11-27 00:00:00,0.0591663336343869,-0.1463671865627071,0.264699853831481,12.217,57.1
1059,1902-11-28 00:00:00,0.0975314195305694,-0.1081493148925568,0.3032121539536957,12.217,57.1
1060,1902-11-29 00:00:00,0.0631823223871733,-0.1425789280624165,0.2689435728367633,12.217,57.1
1061,1902-11-30 00:00:00,-0.0173273901287252,-0.2233766187848704,0.1887218385274199,12.217,57.1
1062,1902-12-01 00:00:00,-0.0775188176745462,-0.2834206492201195,0.1283830138710271,12.217,57.1
1063,1902-12-02 00:00:00,-0.0634992687610519,-0.2691271412883058,0.142128603766202,12.217,57.1
1064,1902-12-03 00:00:00,-0.1065989893532644,-0.3127909283875013,0.0995929496809724,12.217,57.1
1065,1902-12-04 00:00:00,-0.1580211218644809,-0.3642042584756199,0.0481620147466581,12.217,57.1
1066,1902-12-05 00:00:00,-0.2233821564857077,-0.4292128453137673,-0.0175514676576482,12.217,57.1
1067,1902-12-06 00:00:00,-0.1991816458979975,-0.4048676996224001,0.006504407826405,12.217,57.1
1068,1902-12-07 00:00:00,-0.1438210747436278,-0.3495130603806426,0.061870910893387,12.217,57.1
1069,1902-12-08 00:00:00,-0.1210550865824665,-0.326599057118897,0.0844888839539639,12.217,57.1
1070,1902-12-09 00:00:00,-0.1088666867372927,-0.3144362805699804,0.0967029070953949,12.217,57.1
1071,1902-12-10 00:00:00,-0.1768919372440169,-0.3825369552879969,0.028753080799963,12.217,57.1
1072,1902-12-11 00:00:00,-0.1360994920867576,-0.3418316105954688,0.0696326264219537,12.217,57.1
1073,1902-12-12 00:00:00,-0.1061155721006868,-0.3119692009915707,0.0997380567901971,12.217,57.1
1074,1902-12-13 00:00:00,-0.0188749162023343,-0.2247578342823985,0.1870080018777298,12.217,57.1
1075,1902-12-14 00:00:00,0.0016710060891407,-0.2043443195568002,0.2076863317350816,12.217,57.1
1076,1902-12-15 00:00:00,0.0537317460346878,-0.1519945535448354,0.2594580456142111,12.217,57.1
1077,1902-12-16 00:00:00,0.173897484219391,-0.0319245554169927,0.3797195238557749,12.217,57.1
1078,1902-12-17 00:00:00,0.1472185766396284,-0.0588152383974538,0.3532523916767106,12.217,57.1
1079,1902-12-18 00:00:00,0.2018107562128575,-0.003939671168644,0.4075611835943591,12.217,57.1
1080,1902-12-19 00:00:00,0.1771987394670346,-0.0286068725516555,0.383004351485725,12.217,57.1
1081,1902-12-20 00:00:00,0.0439134304247832,-0.1620098691257788,0.2498367299753452,12.217,57.1
1082,1902-12-21 00:00:00,0.0254496768936218,-0.1807453623134426,0.2316447161006864,12.217,57.1
1083,1902-12-22 00:00:00,-0.0586851929050282,-0.2654435991084015,0.148073213298345,12.217,57.1
1084,1902-12-23 00:00:00,-0.004836678154048,-0.2109239143252254,0.2012505580171293,12.217,57.1
1085,1902-12-24 00:00:00,0.0850678922376619,-0.1208358350708794,0.2909716195462034,12.217,57.1
1086,1902-12-25 00:00:00,0.3384994776638627,0.1324774956387828,0.5445214596889425,12.217,57.1
1087,1902-12-26 00:00:00,0.2839826591238575,0.0775821550216276,0.4903831632260875,12.217,57.1
1088,1902-12-27 00:00:00,0.4747206937372068,0.2676853230446694,0.6817560644297442,12.217,57.1
1089,1902-12-28 00:00:00,0.1821048600929456,-0.025495601085312,0.3897053212712034,12.217,57.1
1090,1902-12-29 00:00:00,0.4924160338686862,0.2855455890444828,0.6992864786928896,12.217,57.1
1091,1902-12-30 00:00:00,0.3187910974144498,0.11249850664353,0.5250836881853695,12.217,57.1
1092,1902-12-31 00:00:00,0.1687319229281528,-0.0371222150312887,0.3745860608875945,12.217,57.1
1093,1903-01-01 00:00:00,0.0850174942431168,-0.1210870430724688,0.2911220315587026,12.217,57.1
1094,1903-01-02 00:00:00,0.0115064631226338,-0.1946992785594397,0.2177122048047074,12.217,57.1
1095,1903-01-03 00:00:00,0.107596626255668,-0.0984392831421457,0.3136325356534817,12.217,57.1
1096,1903-01-04 00:00:00,0.2976010513614976,0.0904882080530304,0.5047138946699647,12.217,57.1
1097,1903-01-05 00:00:00,0.2303959575831279,0.0241933467648945,0.4365985684013613,12.217,57.1
1098,1903-01-06 00:00:00,0.1814296729941478,-0.0241351925217894,0.3869945385100852,12.217,57.1
1099,1903-01-07 00:00:00,0.2253585074486677,0.0196081845245617,0.4311088303727738,12.217,57.1
1100,1903-01-08 00:00:00,0.3226514043765973,0.1161252172473648,0.5291775915058297,12.217,57.1
1101,1903-01-09 00:00:00,0.3726642781852681,0.1659642202979364,0.5793643360725999,12.217,57.1
1102,1903-01-10 00:00:00,0.1190750560159544,-0.0870108509301621,0.3251609629620711,12.217,57.1
1103,1903-01-11 00:00:00,0.1017748367132141,-0.10437358442871,0.3079232578551384,12.217,57.1
1104,1903-01-12 00:00:00,0.0376881344408332,-0.1705895541780342,0.2459658230597008,12.217,57.1
1105,1903-01-13 00:00:00,-0.1631786344860191,-0.3696538747428076,0.0432966057707694,12.217,57.1
1106,1903-01-14 00:00:00,-0.1428220770169113,-0.3486817352235704,0.0630375811897476,12.217,57.1
1107,1903-01-15 00:00:00,-0.1791900546387549,-0.3849355009094612,0.0265553916319514,12.217,57.1
1108,1903-01-16 00:00:00,-0.1980328592697857,-0.4036960750962917,0.0076303565567201,12.217,57.1
1109,1903-01-17 00:00:00,-0.1418706143422923,-0.3475995394954423,0.0638583108108575,12.217,57.1
1110,1903-01-18 00:00:00,-0.1193360621837499,-0.3251281796593147,0.0864560552918148,12.217,57.1
1111,1903-01-19 00:00:00,-0.0574294489437576,-0.2632456612207165,0.1483867633332011,12.217,57.1
1112,1903-01-20 00:00:00,-0.0405838140883335,-0.246321492727194,0.165153864550527,12.217,57.1
1113,1903-01-21 00:00:00,-0.122785283948117,-0.3284785930934156,0.0829080251971815,12.217,57.1
1114,1903-01-22 00:00:00,-0.048066240691521,-0.2536220139622976,0.1574895325792556,12.217,57.1
1115,1903-01-23 00:00:00,0.0290981540611339,-0.176467882439462,0.2346641905617298,12.217,57.1
1116,1903-01-24 00:00:00,0.098710716033348,-0.1069148798711049,0.3043363119378011,12.217,57.1
1117,1903-01-25 00:00:00,0.1451205596719205,-0.0605967531990004,0.3508378725428415,12.217,57.1
1118,1903-01-26 00:00:00,0.1798569196598515,-0.0259553319859125,0.3856691713056157,12.217,57.1
1119,1903-01-27 00:00:00,0.2488879018533067,0.0426469286888257,0.4551288750177877,12.217,57.1
1120,1903-01-28 00:00:00,0.3893691728573913,0.1831609816813272,0.5955773640334555,12.217,57.1
1121,1903-01-29 00:00:00,0.4617277137842099,0.2549642368766252,0.6684911906917947,12.217,57.1
1122,1903-01-30 00:00:00,0.4874582359817274,0.2801489550097775,0.6947675169536772,12.217,57.1
1123,1903-01-31 00:00:00,0.3281770128288067,0.1190996041795775,0.5372544214780358,12.217,57.1
1124,1903-02-01 00:00:00,0.3161360080588228,0.1095082590859463,0.5227637570316992,12.217,57.1
1125,1903-02-02 00:00:00,0.2971799863220518,0.0909423699824072,0.5034176026616964,12.217,57.1
1126,1903-02-03 00:00:00,0.1616693778964106,-0.0454716959430292,0.3688104517358505,12.217,57.1
1127,1903-02-04 00:00:00,0.0601881089499161,-0.1457529660436396,0.2661291839434719,12.217,57.1
1128,1903-02-05 00:00:00,0.2223965866130573,0.0167425722144989,0.4280506010116158,12.217,57.1
1129,1903-02-06 00:00:00,0.1251845884792001,-0.0804805137906751,0.3308496907490755,12.217,57.1
1130,1903-02-07 00:00:00,0.1369017943161892,-0.0689772340373242,0.3427808226697026,12.217,57.1
1131,1903-02-08 00:00:00,0.3417759471254062,0.135576503601935,0.5479753906488773,12.217,57.1
1132,1903-02-09 00:00:00,0.2574823189812407,0.0508419215293373,0.4641227164331441,12.217,57.1
1133,1903-02-10 00:00:00,0.0118798180434682,-0.1946069534919102,0.2183665895788467,12.217,57.1
1134,1903-02-11 00:00:00,0.3277534343695878,0.1201976896640748,0.5353091790751009,12.217,57.1
1135,1903-02-12 00:00:00,0.3256777053265856,0.1033534802948165,0.5480019303583545,12.217,57.1
1136,1903-02-13 00:00:00,0.2554516741426672,0.0484570778178407,0.4624462704674937,12.217,57.1
1137,1903-02-14 00:00:00,0.0040942789411198,-0.2021410787006416,0.2103296365828814,12.217,57.1
1138,1903-02-15 00:00:00,0.1247126290194866,-0.0812557083236176,0.3306809663625908,12.217,57.1
1139,1903-02-16 00:00:00,0.126323315948178,-0.0805542211841796,0.3332008530805358,12.217,57.1
1140,1903-02-17 00:00:00,-0.0377224120399581,-0.2445886665733262,0.1691438424934098,12.217,57.1
1141,1903-02-18 00:00:00,0.0209785691128301,-0.1856457615956826,0.2276028998213428,12.217,57.1
1142,1903-02-19 00:00:00,0.056238208880293,-0.149973457200968,0.2624498749615542,12.217,57.1
1143,1903-02-20 00:00:00,0.3189381212430496,0.1121030192360997,0.5257732232499994,12.217,57.1
1144,1903-02-21 00:00:00,0.3476776011831203,0.1396813083263176,0.555673894039923,12.217,57.1
1145,1903-02-22 00:00:00,0.4768918417726636,0.2688197581264775,0.6849639254188497,12.217,57.1
1146,1903-02-23 00:00:00,0.3696675724822618,0.1608425689834058,0.5784925759811177,12.217,57.1
1147,1903-02-24 00:00:00,0.5306859487421868,0.3235703538201526,0.7378015436642209,12.217,57.1
1148,1903-02-25 00:00:00,0.2301140811974026,0.023150953053954,0.4370772093408512,12.217,57.1
1149,1903-02-26 00:00:00,0.1769266693630675,-0.0291552111044109,0.383008549830546,12.217,57.1
1150,1903-02-27 00:00:00,0.2199268169211849,0.0126242311168653,0.4272294027255044,12.217,57.1
1151,1903-02-28 00:00:00,0.3728715589549756,0.1639070491703127,0.5818360687396386,12.217,57.1
1152,1903-03-01 00:00:00,0.3336210129985447,0.1263113888699653,0.5409306371271241,12.217,57.1
1153,1903-03-02 00:00:00,0.1325035856349502,-0.0732592437623309,0.3382664150322314,12.217,57.1
1154,1903-03-03 00:00:00,0.2481085443359399,0.0421866401891391,0.4540304484827407,12.217,57.1
1155,1903-03-04 00:00:00,0.3040668198555129,0.0975864535664889,0.510547186144537,12.217,57.1
1156,1903-03-05 00:00:00,0.1524528630344005,-0.0542786881605866,0.3591844142293876,12.217,57.1
1157,1903-03-06 00:00:00,0.1858129789593,-0.0199011065233466,0.3915270644419468,12.217,57.1
1158,1903-03-07 00:00:00,0.1411458882519267,-0.0644754861316325,0.3467672626354862,12.217,57.1
1159,1903-03-08 00:00:00,0.078546125771021,-0.1269898730453545,0.2840821245873967,12.217,57.1
1160,1903-03-09 00:00:00,0.0178542883088755,-0.1877313713393371,0.2234399479570882,12.217,57.1
1161,1903-03-10 00:00:00,-0.0227527749857722,-0.2285542799760409,0.1830487300044964,12.217,57.1
1162,1903-03-11 00:00:00,0.0344064980700127,-0.1713741081666499,0.2401871043066754,12.217,57.1
1163,1903-03-12 00:00:00,0.021271813192359,-0.1843271209364005,0.2268707473211186,12.217,57.1
1164,1903-03-13 00:00:00,0.0260479739114172,-0.1797134441015013,0.2318093919243359,12.217,57.1
1165,1903-03-14 00:00:00,0.0248742952734069,-0.1809700578557404,0.2307186484025543,12.217,57.1
1166,1903-03-15 00:00:00,0.0111396587658848,-0.1944945528254959,0.2167738703572656,12.217,57.1
1167,1903-03-16 00:00:00,0.0002468232496471,-0.2054929402680272,0.2059865867673215,12.217,57.1
1168,1903-03-17 00:00:00,0.0354785011544472,-0.1704952472469701,0.2414522495558646,12.217,57.1
1169,1903-03-18 00:00:00,0.0397575640801334,-0.1660393887674111,0.245554516927678,12.217,57.1
1170,1903-03-19 00:00:00,0.2624366323982697,0.0539274327082007,0.4709458320883386,12.217,57.1
1171,1903-03-20 00:00:00,0.1461910944457688,-0.0607108457388466,0.3530930346303843,12.217,57.1
1172,1903-03-21 00:00:00,0.26397282763189,0.0579691351560557,0.4699765201077243,12.217,57.1
1173,1903-03-22 00:00:00,0.1282942861043224,-0.0780125597429908,0.3346011319516356,12.217,57.1
1174,1903-03-23 00:00:00,0.250391055960014,0.0443414083357743,0.4564407035842536,12.217,57.1
1175,1903-03-24 00:00:00,0.2595924753212535,0.0525148570744515,0.4666700935680554,12.217,57.1
1176,1903-03-25 00:00:00,0.3742389122906918,0.1672182620716229,0.5812595625097607,12.217,57.1
1177,1903-03-26 00:00:00,0.1339240187686412,-0.0722126344770097,0.3400606720142922,12.217,57.1
1178,1903-03-27 00:00:00,0.1542899212528593,-0.0518457098485931,0.3604255523543118,12.217,57.1
1179,1903-03-28 00:00:00,0.2019199566373556,-0.0039238675067448,0.4077637807814561,12.217,57.1
1180,1903-03-29 00:00:00,0.1307967824297451,-0.0762673021147656,0.337860866974256,12.217,57.1
1181,1903-03-30 00:00:00,0.3939408872386943,0.1865555058545199,0.6013262686228686,12.217,57.1
1182,1903-03-31 00:00:00,0.2155991518385736,0.0083948970186756,0.4228034066584715,12.217,57.1
1183,1903-04-01 00:00:00,0.1249561792071578,-0.0814326253627687,0.3313449837770843,12.217,57.1
1184,1903-04-02 00:00:00,0.0104015768641899,-0.1955349388621383,0.2163380925905183,12.217,57.1
1185,1903-04-03 00:00:00,-0.021829559351813,-0.227495269590256,0.1838361508866298,12.217,57.1
1186,1903-04-04 00:00:00,0.0137189582035041,-0.1919089199039442,0.2193468363109525,12.217,57.1
1187,1903-04-05 00:00:00,0.2513663405386019,0.0449928987835723,0.4577397822936315,12.217,57.1
1188,1903-04-06 00:00:00,0.1044632378090465,-0.1018578868083033,0.3107843624263963,12.217,57.1
1189,1903-04-07 00:00:00,0.137415436877695,-0.0685972270959769,0.343428100851367,12.217,57.1
1190,1903-04-08 00:00:00,0.2575857861534291,0.0512919872287439,0.4638795850781143,12.217,57.1
1191,1903-04-09 00:00:00,0.006349352493422,-0.1997821032259681,0.2124808082128123,12.217,57.1
1192,1903-04-10 00:00:00,-0.081949531585405,-0.2875966298818675,0.1236975667110574,12.217,57.1
1193,1903-04-11 00:00:00,-0.0181014871242697,-0.2235224281261464,0.187319453877607,12.217,57.1
1194,1903-04-12 00:00:00,0.1062026775274556,-0.0994597665126683,0.3118651215675795,12.217,57.1
1195,1903-04-13 00:00:00,0.1718622316877168,-0.0339445433070701,0.3776690066825038,12.217,57.1
1196,1903-04-14 00:00:00,0.1969990850453315,-0.008730080947066,0.4027282510377292,12.217,57.1
1197,1903-04-15 00:00:00,0.0954586984189223,-0.1104884034404116,0.3014058002782564,12.217,57.1
1198,1903-04-16 00:00:00,0.1526887331996896,-0.0533934512682127,0.358770917667592,12.217,57.1
1199,1903-04-17 00:00:00,0.0603013801963013,-0.1458136155483145,0.2664163759409172,12.217,57.1
1200,1903-04-18 00:00:00,-0.0024570537704908,-0.2085442986860706,0.2036301911450889,12.217,57.1
1201,1903-04-19 00:00:00,-0.0441383987708205,-0.250543340268141,0.1622665427264999,12.217,57.1
1202,1903-04-20 00:00:00,0.2121677546608411,-0.0091129532332686,0.4334484625549509,12.217,57.1
1203,1903-04-21 00:00:00,0.0200050278024075,-0.2015531432212882,0.2415631988261034,12.217,57.1
1204,1903-04-22 00:00:00,0.1484884218732929,-0.0580126208460983,0.3549894645926841,12.217,57.1
1205,1903-04-23 00:00:00,0.1271805752950041,-0.0783762541352988,0.332737404725307,12.217,57.1
1206,1903-04-24 00:00:00,-0.0279816980575963,-0.2341537036002769,0.1781903074850842,12.217,57.1
1207,1903-04-25 00:00:00,0.1665386147176315,-0.0404287230665801,0.3735059525018432,12.217,57.1
1208,1903-04-26 00:00:00,0.0161955054555225,-0.1896967548378556,0.2220877657489007,12.217,57.1
1209,1903-04-27 00:00:00,0.0301840275043268,-0.175526922341157,0.2358949773498106,12.217,57.1
1210,1903-04-28 00:00:00,0.0011205817338458,-0.2044747069532644,0.206715870420956,12.217,57.1
1211,1903-04-29 00:00:00,0.0353208662569607,-0.1701519720604993,0.2407937045744207,12.217,57.1
1212,1903-04-30 00:00:00,0.0385553327810114,-0.1669322801835532,0.244042945745576,12.217,57.1
1213,1903-05-01 00:00:00,0.0166543492921175,-0.1889131981852328,0.2222218967694679,12.217,57.1
1214,1903-05-02 00:00:00,0.0345101174288785,-0.1711001537754468,0.2401203886332039,12.217,57.1
1215,1903-05-03 00:00:00,0.0101537339719994,-0.1954544855135582,0.2157619534575571,12.217,57.1
1216,1903-05-04 00:00:00,0.0492761278419143,-0.156304223389063,0.2548564790728917,12.217,57.1
1217,1903-05-05 00:00:00,0.0870069230130368,-0.1188292920324691,0.2928431380585428,12.217,57.1
1218,1903-05-06 00:00:00,0.0605248752219046,-0.14569959546401,0.2667493459078193,12.217,57.1
1219,1903-05-07 00:00:00,0.086336827191504,-0.1197000155586842,0.2923736699416923,12.217,57.1
1220,1903-05-08 00:00:00,0.1361324540511094,-0.0696535124380906,0.3419184205403096,12.217,57.1
1221,1903-05-09 00:00:00,0.0143701562125748,-0.1916040620242098,0.2203443744493596,12.217,57.1
1222,1903-05-10 00:00:00,-0.027484417311179,-0.2330254013063547,0.1780565666839967,12.217,57.1
1223,1903-05-11 00:00:00,0.047832163600429,-0.1577135792981814,0.2533779064990396,12.217,57.1
1224,1903-05-12 00:00:00,0.0501671338208961,-0.155371447992028,0.2557057156338202,12.217,57.1
1225,1903-05-13 00:00:00,0.0954893629873061,-0.1102116500222614,0.3011903759968737,12.217,57.1
1226,1903-05-14 00:00:00,0.1310050060254481,-0.0748881090624271,0.3368981211133234,12.217,57.1
1227,1903-05-15 00:00:00,0.2396843032471331,0.0334873526613663,0.4458812538328999,12.217,57.1
1228,1903-05-16 00:00:00,0.1394400171098367,-0.0670436470468053,0.3459236812664787,12.217,57.1
1229,1903-05-17 00:00:00,0.0927825100105306,-0.112949972934412,0.2985149929554733,12.217,57.1
1230,1903-05-18 00:00:00,0.1158481517882071,-0.0897687863976192,0.3214650899740334,12.217,57.1
1231,1903-05-19 00:00:00,0.0767064459275451,-0.1291537153648612,0.2825666072199514,12.217,57.1
1232,1903-05-20 00:00:00,0.0580885263708044,-0.1477396969312505,0.2639167496728594,12.217,57.1
1233,1903-05-21 00:00:00,0.0863603344614908,-0.1192054634240576,0.2919261323470392,12.217,57.1
1234,1903-05-22 00:00:00,-0.0010242068592676,-0.2065029847398609,0.2044545710213255,12.217,57.1
1235,1903-05-23 00:00:00,-0.0321477891733658,-0.2376622599426799,0.1733666815959482,12.217,57.1
1236,1903-05-24 00:00:00,-0.0154752463663488,-0.2210202459972358,0.1900697532645382,12.217,57.1
1237,1903-05-25 00:00:00,-0.0959332872388687,-0.3016328914984924,0.1097663170207548,12.217,57.1
1238,1903-05-26 00:00:00,-0.1031112964713961,-0.308671710116138,0.1024491171733457,12.217,57.1
1239,1903-05-27 00:00:00,-0.1551597828802404,-0.360990618595253,0.0506710528347721,12.217,57.1
1240,1903-05-28 00:00:00,-0.1472954578738569,-0.3531933099041232,0.0586023941564092,12.217,57.1
1241,1903-05-29 00:00:00,-0.0521287864337944,-0.2577838515669585,0.1535262786993697,12.217,57.1
1242,1903-05-30 00:00:00,0.0316231164787866,-0.17386875135016,0.2371149843077333,12.217,57.1
1243,1903-05-31 00:00:00,0.0141814305131192,-0.1913213657557247,0.2196842267819632,12.217,57.1
1244,1903-06-01 00:00:00,0.0458174935340568,-0.1597124114367594,0.2513473985048731,12.217,57.1
1245,1903-06-02 00:00:00,0.0661366256364579,-0.139343357221539,0.2716166084944549,12.217,57.1
1246,1903-06-03 00:00:00,0.0144969043764611,-0.1915138290446086,0.2205076377975309,12.217,57.1
1247,1903-06-04 00:00:00,0.0095498376395094,-0.1978744222693342,0.2169740975483531,12.217,57.1
1248,1903-06-05 00:00:00,-0.0353532172189644,-0.2410970737940029,0.170390639356074,12.217,57.1
1249,1903-06-06 00:00:00,0.0614710100304777,-0.1446966991400806,0.2676387192010361,12.217,57.1
1250,1903-06-07 00:00:00,-0.0199281790754461,-0.2256397681741339,0.1857834100232415,12.217,57.1
1251,1903-06-08 00:00:00,-0.0836951698962824,-0.2893823671734956,0.1219920273809308,12.217,57.1
1252,1903-06-09 00:00:00,-0.0923984321647096,-0.2982835300621281,0.1134866657327088,12.217,57.1
1253,1903-06-10 00:00:00,-0.0483947005352572,-0.2541922966651629,0.1574028955946484,12.217,57.1
1254,1903-06-11 00:00:00,0.0445357510028768,-0.1611036574951725,0.2501751595009262,12.217,57.1
1255,1903-06-12 00:00:00,-0.0031053729283017,-0.2088118961163511,0.2026011502597475,12.217,57.1
1256,1903-06-13 00:00:00,-0.0128192276727055,-0.2184724348536028,0.1928339795081916,12.217,57.1
1257,1903-06-14 00:00:00,0.018567660351281,-0.187225238717507,0.224360559420069,12.217,57.1
1258,1903-06-15 00:00:00,-0.0974528619825296,-0.3034687994504473,0.1085630754853879,12.217,57.1
1259,1903-06-16 00:00:00,0.0291590687413719,-0.176497028159043,0.2348151656417869,12.217,57.1
1260,1903-06-17 00:00:00,0.0470123938389612,-0.1584915525803524,0.252516340258275,12.217,57.1
1261,1903-06-18 00:00:00,0.0584585099141759,-0.1471445592199701,0.264061579048322,12.217,57.1
1262,1903-06-19 00:00:00,0.1416501448549302,-0.0639869192757475,0.3472872089856079,12.217,57.1
1263,1903-06-20 00:00:00,0.0899546413557839,-0.1157507368363341,0.295660019547902,12.217,57.1
1264,1903-06-21 00:00:00,0.0054705344301706,-0.2005980760340061,0.2115391448943473,12.217,57.1
1265,1903-06-22 00:00:00,-0.0160717388069854,-0.2227679152717579,0.1906244376577869,12.217,57.1
1266,1903-06-23 00:00:00,-0.015685875490449,-0.2219572646481258,0.1905855136672277,12.217,57.1
1267,1903-06-24 00:00:00,0.0140721887247024,-0.1914130911990868,0.2195574686484918,12.217,57.1
1268,1903-06-25 00:00:00,-0.0095337378421113,-0.2150538980671619,0.1959864223829393,12.217,57.1
1269,1903-06-26 00:00:00,-0.039520080998378,-0.2450203991652516,0.1659802371684954,12.217,57.1
1270,1903-06-27 00:00:00,-0.0717904375305297,-0.2773726653025541,0.1337917902414947,12.217,57.1
1271,1903-06-28 00:00:00,-0.0517997129455046,-0.2574134880980747,0.1538140622070654,12.217,57.1
1272,1903-06-29 00:00:00,0.0205958930598311,-0.1850654610188918,0.2262572471385541,12.217,57.1
1273,1903-06-30 00:00:00,0.0697272615470047,-0.1359032774885612,0.2753578005825707,12.217,57.1
1274,1903-07-01 00:00:00,0.0336028349688668,-0.1721934907128137,0.2393991606505474,12.217,57.1
1275,1903-07-02 00:00:00,0.0685590648774589,-0.1370593981350403,0.2741775278899582,12.217,57.1
1276,1903-07-03 00:00:00,0.0471728250643072,-0.1591605994916337,0.2535062496202481,12.217,57.1
1277,1903-07-04 00:00:00,0.1407087357750345,-0.0655839791294548,0.3470014506795238,12.217,57.1
1278,1903-07-05 00:00:00,0.2480700681868196,0.0418226110505564,0.4543175253230828,12.217,57.1
1279,1903-07-06 00:00:00,0.054628768873745,-0.1523928776899813,0.2616504154374713,12.217,57.1
1280,1903-07-07 00:00:00,0.1492832895907438,-0.0567287120439121,0.3552952912253998,12.217,57.1
1281,1903-07-08 00:00:00,0.0158295535594206,-0.1903795099082075,0.2220386170270489,12.217,57.1
1282,1903-07-09 00:00:00,-0.0186924126037266,-0.2248292018400711,0.1874443766326178,12.217,57.1
1283,1903-07-10 00:00:00,-0.0058732347747141,-0.211477279371186,0.1997308098217576,12.217,57.1
1284,1903-07-11 00:00:00,0.0367485194874575,-0.1689037808934284,0.2424008198683435,12.217,57.1
1285,1903-07-12 00:00:00,0.0475034577547168,-0.1580980355157272,0.2531049510251608,12.217,57.1
1286,1903-07-13 00:00:00,0.0912068567455993,-0.114394145500219,0.2968078589914176,12.217,57.1
1287,1903-07-14 00:00:00,0.11139772782622,-0.0941026702023877,0.3168981258548279,12.217,57.1
1288,1903-07-15 00:00:00,0.1799462496494934,-0.0256670551403273,0.3855595544393141,12.217,57.1
1289,1903-07-16 00:00:00,0.0833260103174075,-0.1223559441632422,0.2890079647980573,12.217,57.1
1290,1903-07-17 00:00:00,0.0714612314656795,-0.13411480459549,0.2770372675268491,12.217,57.1
1291,1903-07-18 00:00:00,0.0850288655061494,-0.1206156733516206,0.2906734043639194,12.217,57.1
1292,1903-07-19 00:00:00,0.0476303610306843,-0.1583131124462025,0.2535738345075711,12.217,57.1
1293,1903-07-20 00:00:00,0.0395969233213531,-0.1661007012742777,0.245294547916984,12.217,57.1
1294,1903-07-21 00:00:00,0.0063630548829544,-0.1991356931158034,0.2118618028817123,12.217,57.1
1295,1903-07-22 00:00:00,-0.0063233899927675,-0.2118551467546844,0.1992083667691493,12.217,57.1
1296,1903-07-23 00:00:00,0.0534134289767966,-0.1520329521909043,0.2588598101444975,12.217,57.1
1297,1903-07-24 00:00:00,0.0512013832791776,-0.1542692810397959,0.2566720475981512,12.217,57.1
1298,1903-07-25 00:00:00,0.0408600053422967,-0.1647345981669095,0.2464546088515031,12.217,57.1
1299,1903-07-26 00:00:00,0.0023070187654304,-0.2032749542305576,0.2078889917614185,12.217,57.1
1300,1903-07-27 00:00:00,0.0234461014414839,-0.1819832089403206,0.2288754118232886,12.217,57.1
1301,1903-07-28 00:00:00,0.0842757036687434,-0.1211730106765416,0.2897244180140286,12.217,57.1
1302,1903-07-29 00:00:00,0.1262057905128474,-0.0793616927343688,0.3317732737600638,12.217,57.1
1303,1903-07-30 00:00:00,0.2547787222417217,0.0480283236949051,0.4615291207885384,12.217,57.1
1304,1903-07-31 00:00:00,0.1421765607133079,-0.0646411776109942,0.3489942990376101,12.217,57.1
1305,1903-08-01 00:00:00,0.176991446283477,-0.0292169616738726,0.3831998542408266,12.217,57.1
1306,1903-08-02 00:00:00,0.2783687317660169,0.0721073173382399,0.4846301461937939,12.217,57.1
1307,1903-08-03 00:00:00,0.2736017111012178,0.0677209180892186,0.4794825041132169,12.217,57.1
1308,1903-08-04 00:00:00,0.1789981561061101,-0.0267008508762837,0.3846971630885041,12.217,57.1
1309,1903-08-05 00:00:00,0.1387481465423555,-0.0668870716164926,0.3443833647012038,12.217,57.1
1310,1903-08-06 00:00:00,0.3408847368818714,0.134944466397331,0.5468250073664117,12.217,57.1
1311,1903-08-07 00:00:00,0.3597622612086839,0.1530315283677673,0.5664929940496006,12.217,57.1
1312,1903-08-08 00:00:00,0.15246754698747,-0.0536690124167196,0.3586041063916597,12.217,57.1
1313,1903-08-09 00:00:00,0.0931882641184759,-0.1124852204302608,0.2988617486672127,12.217,57.1
1314,1903-08-10 00:00:00,0.1525932695353788,-0.0533318495955671,0.3585183886663248,12.217,57.1
1315,1903-08-11 00:00:00,0.1510347199772433,-0.0546758847607652,0.3567453247152519,12.217,57.1
1316,1903-08-12 00:00:00,0.1301328444002065,-0.0755936704964508,0.3358593592968639,12.217,57.1
1317,1903-08-13 00:00:00,0.0405184507737479,-0.1651838066164286,0.2462207081639245,12.217,57.1
1318,1903-08-14 00:00:00,0.0357324325393822,-0.1698406388416271,0.2413055039203916,12.217,57.1
1319,1903-08-15 00:00:00,0.0587937576663298,-0.1472486146790272,0.2648361300116871,12.217,57.1
1320,1903-08-16 00:00:00,0.3002255659733461,0.0935256459470258,0.5069254859996665,12.217,57.1
1321,1903-08-17 00:00:00,0.1307685883971325,-0.0757338272747691,0.3372710040690342,12.217,57.1
1322,1903-08-18 00:00:00,0.2208991608964377,0.0149933286450344,0.4268049931478409,12.217,57.1
1323,1903-08-19 00:00:00,0.1738292831000358,-0.0318648178611886,0.3795233840612603,12.217,57.1
1324,1903-08-20 00:00:00,0.1323319709816368,-0.0735511652515956,0.3382151072148693,12.217,57.1
1325,1903-08-21 00:00:00,0.1718382653161248,-0.0338814665425846,0.3775579971748343,12.217,57.1
1326,1903-08-22 00:00:00,0.4551779950382311,0.2463505655546516,0.6640054245218105,12.217,57.1
1327,1903-08-23 00:00:00,0.1039774240829774,-0.1040452387062847,0.3120000868722397,12.217,57.1
1328,1903-08-24 00:00:00,-0.0267155365615109,-0.2326206279933911,0.1791895548703691,12.217,57.1
1329,1903-08-25 00:00:00,0.1097894211845207,-0.0968020361075989,0.3163808784766405,12.217,57.1
1330,1903-08-26 00:00:00,0.0723291171870262,-0.1335188227143653,0.2781770570884178,12.217,57.1
1331,1903-08-27 00:00:00,0.0694203194719105,-0.1366551633588583,0.2754958023026794,12.217,57.1
1332,1903-08-28 00:00:00,0.2061251881063334,0.000207752887456,0.4120426233252109,12.217,57.1
1333,1903-08-29 00:00:00,0.3029183930746023,0.0968073590023624,0.5090294271468422,12.217,57.1
1334,1903-08-30 00:00:00,0.2789815674782563,0.0727163355968641,0.4852467993596486,12.217,57.1
1335,1903-08-31 00:00:00,0.2381071071781506,0.0320337520127518,0.4441804623435494,12.217,57.1
1336,1903-09-01 00:00:00,0.3534064664580756,0.1461067934139515,0.5607061395021998,12.217,57.1
1337,1903-09-02 00:00:00,0.0747269227390847,-0.1327158416254785,0.282169687103648,12.217,57.1
1338,1903-09-03 00:00:00,0.0453155867751236,-0.1604514581371088,0.251082631687356,12.217,57.1
1339,1903-09-04 00:00:00,-0.0046427871160259,-0.2109135705571742,0.2016279963251224,12.217,57.1
1340,1903-09-05 00:00:00,-0.0532430805810555,-0.2589129712713099,0.1524268101091989,12.217,57.1
1341,1903-09-06 00:00:00,0.1347181836012809,-0.0713174923623738,0.3407538595649358,12.217,57.1
1342,1903-09-07 00:00:00,-0.019637928614111,-0.2255991383155079,0.1863232810872858,12.217,57.1
1343,1903-09-08 00:00:00,0.0137048993562623,-0.1918520599350633,0.2192618586475878,12.217,57.1
1344,1903-09-09 00:00:00,0.1599191152774312,-0.0457443020991411,0.3655825326540036,12.217,57.1
1345,1903-09-10 00:00:00,0.4766099026986051,0.2670194923915112,0.6862003130056991,12.217,57.1
1346,1903-09-11 00:00:00,0.5144381625577403,0.3045508694303686,0.7243254556851121,12.217,57.1
1347,1903-09-12 00:00:00,0.1565722334292202,-0.0498127921343442,0.3629572589927847,12.217,57.1
1348,1903-09-13 00:00:00,0.1234040532108307,-0.0824517900562054,0.3292598964778668,12.217,57.1
1349,1903-09-14 00:00:00,0.0247669859857176,-0.1809835072202402,0.2305174791916756,12.217,57.1
1350,1903-09-15 00:00:00,-0.0797301662769534,-0.2854399993653291,0.1259796668114222,12.217,57.1
1351,1903-09-16 00:00:00,-0.1331070484344608,-0.3394560370690955,0.0732419402001738,12.217,57.1
1352,1903-09-17 00:00:00,-0.0993150626951625,-0.3061881086084193,0.1075579832180942,12.217,57.1
1353,1903-09-18 00:00:00,-0.1374306020229115,-0.3436773936462021,0.068816189600379,12.217,57.1
1354,1903-09-19 00:00:00,-0.1431573301730317,-0.3487165433292149,0.0624018829831514,12.217,57.1
1355,1903-09-20 00:00:00,-0.1778973186738866,-0.3836887127929196,0.0278940754451463,12.217,57.1
1356,1903-09-21 00:00:00,-0.1281745613001466,-0.3338853172608425,0.0775361946605491,12.217,57.1
1357,1903-09-22 00:00:00,-0.0993337972703317,-0.3049153230208179,0.1062477284801543,12.217,57.1
1358,1903-09-23 00:00:00,-0.0765574554214119,-0.2821287791095793,0.1290138682667555,12.217,57.1
1359,1903-09-24 00:00:00,-0.1040194775218992,-0.3095723084642498,0.1015333534204513,12.217,57.1
1360,1903-09-25 00:00:00,-0.0406173543801017,-0.2461397421377771,0.1649050333775737,12.217,57.1
1361,1903-09-26 00:00:00,0.0059352501673742,-0.1995324602076367,0.2114029605423852,12.217,57.1
1362,1903-09-27 00:00:00,-0.0309285390065074,-0.2364207990832581,0.1745637210702433,12.217,57.1
1363,1903-09-28 00:00:00,0.0173168059167939,-0.1880671446059581,0.222700756439546,12.217,57.1
1364,1903-09-29 00:00:00,0.0511802037790971,-0.1542222954556603,0.2565827030138546,12.217,57.1
1365,1903-09-30 00:00:00,0.0274966595221859,-0.1780039227809495,0.2329972418253213,12.217,57.1
1366,1903-10-01 00:00:00,0.0565284590992001,-0.1489282467814109,0.2619851649798113,12.217,57.1
1367,1903-10-02 00:00:00,0.0420035409789762,-0.1637449577899407,0.2477520397478932,12.217,57.1
1368,1903-10-03 00:00:00,0.2938731810424646,0.0877290674098694,0.5000172946750598,12.217,57.1
1369,1903-10-04 00:00:00,0.227892676349515,0.0215721639693425,0.4342131887296875,12.217,57.1
1370,1903-10-05 00:00:00,0.1236225846751368,-0.0823646710120646,0.3296098403623384,12.217,57.1
1371,1903-10-06 00:00:00,0.1986501657811379,-0.0085701348311195,0.4058704663933954,12.217,57.1
1372,1903-10-07 00:00:00,0.1728187372897586,-0.0347366862788096,0.3803741608583268,12.217,57.1
1373,1903-10-08 00:00:00,0.1007849593263891,-0.1061319725275035,0.3077018911802818,12.217,57.1
1374,1903-10-09 00:00:00,-0.0037745738565445,-0.2100139937358474,0.2024648460227583,12.217,57.1
1375,1903-10-10 00:00:00,0.0496567757272057,-0.1566326831020492,0.2559462345564607,12.217,57.1
1376,1903-10-11 00:00:00,-0.1050352254189814,-0.3110132242472528,0.1009427734092899,12.217,57.1
1377,1903-10-12 00:00:00,-0.042012336906213,-0.2479478211509245,0.1639231473384984,12.217,57.1
1378,1903-10-13 00:00:00,0.0238603292082096,-0.184403915388088,0.2321245738045073,12.217,57.1
1379,1903-10-14 00:00:00,0.2996682740161551,0.0892770163900496,0.5100595316422606,12.217,57.1
1380,1903-10-15 00:00:00,0.0066245965853587,-0.2001667639089627,0.2134159570796802,12.217,57.1
1381,1903-10-16 00:00:00,0.2284241265721604,0.0221895217485936,0.4346587313957272,12.217,57.1
1382,1903-10-17 00:00:00,0.1729876949517094,-0.033160370016766,0.3791357599201849,12.217,57.1
1383,1903-10-18 00:00:00,0.0784738885989004,-0.1272717797365991,0.2842195569343999,12.217,57.1
1384,1903-10-19 00:00:00,-0.0538930708246566,-0.2598549432941208,0.1520688016448075,12.217,57.1
1385,1903-10-20 00:00:00,-0.0745410075484772,-0.2802611934416941,0.1311791783447395,12.217,57.1
1386,1903-10-21 00:00:00,0.0952386536661502,-0.1105623411282304,0.3010396484605309,12.217,57.1
1387,1903-10-22 00:00:00,0.1512217687177878,-0.0547510870858219,0.3571946245213977,12.217,57.1
1388,1903-10-23 00:00:00,0.191083789831174,-0.0146808443634004,0.3968484240257486,12.217,57.1
1389,1903-10-24 00:00:00,0.2646855083784492,0.058435629357789,0.4709353873991092,12.217,57.1
1390,1903-10-25 00:00:00,0.2434640314072472,0.0372850579096702,0.4496430049048242,12.217,57.1
1391,1903-10-26 00:00:00,0.1671144363497884,-0.0392972852796635,0.3735261579792405,12.217,57.1
1392,1903-10-27 00:00:00,0.2467117098000646,0.0405771621664408,0.4528462574336883,12.217,57.1
1393,1903-10-28 00:00:00,0.1383782933856486,-0.0674302792787309,0.3441868660500281,12.217,57.1
1394,1903-10-29 00:00:00,0.1005366205458141,-0.1051509746198104,0.3062242157114388,12.217,57.1
1395,1903-10-30 00:00:00,0.0492057426296207,-0.1563735047907261,0.2547849900499677,12.217,57.1
1396,1903-10-31 00:00:00,0.0819972818299227,-0.1236521569095458,0.2876467205693914,12.217,57.1
1397,1903-11-01 00:00:00,0.1090164968250907,-0.0967179690456551,0.3147509626958365,12.217,57.1
1398,1903-11-02 00:00:00,0.0188940932238885,-0.1868813114288564,0.2246694978766335,12.217,57.1
1399,1903-11-03 00:00:00,-0.018101853018459,-0.2236236302006526,0.1874199241637345,12.217,57.1
1400,1903-11-04 00:00:00,0.0683062953413624,-0.1373622657822535,0.2739748564649785,12.217,57.1
1401,1903-11-05 00:00:00,0.0772909292419051,-0.1283876735811757,0.2829695320649859,12.217,57.1
1402,1903-11-06 00:00:00,-0.0059639277587066,-0.2117307129026,0.1998028573851868,12.217,57.1
1403,1903-11-07 00:00:00,-0.0333999418557202,-0.2390790399119132,0.1722791562004727,12.217,57.1
1404,1903-11-08 00:00:00,-0.0389119113556699,-0.2445756469071124,0.1667518241957725,12.217,57.1
1405,1903-11-09 00:00:00,0.059199830547433,-0.1463866519734225,0.2647863130682885,12.217,57.1
1406,1903-11-10 00:00:00,0.1836958074262399,-0.0220710021392375,0.3894626169917173,12.217,57.1
1407,1903-11-11 00:00:00,0.232945641630243,0.0268077491056066,0.4390835341548794,12.217,57.1
1408,1903-11-12 00:00:00,0.0022071283760763,-0.2039015747206174,0.2083158314727701,12.217,57.1
1409,1903-11-13 00:00:00,0.0581127294690378,-0.1476158066580659,0.2638412655961417,12.217,57.1
1410,1903-11-14 00:00:00,0.0062793398376237,-0.1994563343780211,0.2120150140532687,12.217,57.1
1411,1903-11-15 00:00:00,0.1525855677308513,-0.0534500562710275,0.3586211917327302,12.217,57.1
1412,1903-11-16 00:00:00,0.1779356797250316,-0.0283630854947702,0.3842344449448335,12.217,57.1
1413,1903-11-17 00:00:00,0.0286770058770065,-0.1771732189322257,0.2345272306862389,12.217,57.1
1414,1903-11-18 00:00:00,0.016653610088435,-0.1889212441479024,0.2222284643247726,12.217,57.1
1415,1903-11-19 00:00:00,-0.0357184710906267,-0.241275570629252,0.1698386284479985,12.217,57.1
1416,1903-11-20 00:00:00,0.0298292275506419,-0.1757570688901726,0.2354155239914564,12.217,57.1
1417,1903-11-21 00:00:00,0.2763384564023027,0.0693954885733738,0.4832814242312315,12.217,57.1
1418,1903-11-22 00:00:00,0.3513076980226107,0.1449036214605108,0.5577117745847107,12.217,57.1
1419,1903-11-23 00:00:00,0.2522326850603215,0.0461196897011107,0.4583456804195323,12.217,57.1
1420,1903-11-24 00:00:00,0.1946266892485725,-0.0116386803614192,0.4008920588585642,12.217,57.1
1421,1903-11-25 00:00:00,0.2740415832146613,0.0663209655961895,0.4817622008331331,12.217,57.1
1422,1903-11-26 00:00:00,0.1526151592894249,-0.0537194809482164,0.3589497995270664,12.217,57.1
1423,1903-11-27 00:00:00,0.049276417411412,-0.1566356663760694,0.2551885011988936,12.217,57.1
1424,1903-11-28 00:00:00,0.0908216121439291,-0.1150572334498041,0.2967004577376623,12.217,57.1
1425,1903-11-29 00:00:00,0.0696338759405613,-0.1370456792808378,0.2763134311619605,12.217,57.1
1426,1903-11-30 00:00:00,0.0347581214767328,-0.1717947556231945,0.2413109985766603,12.217,57.1
1427,1903-12-01 00:00:00,-0.0434125598345257,-0.2503876746718487,0.1635625550027972,12.217,57.1
1428,1903-12-02 00:00:00,-0.0281956299399002,-0.2367492558173073,0.1803579959375067,12.217,57.1
1429,1903-12-03 00:00:00,-0.0682619792466574,-0.2754025611929834,0.1388786026996685,12.217,57.1
1430,1903-12-04 00:00:00,0.1539821321464672,-0.0521516794998954,0.3601159437928298,12.217,57.1
1431,1903-12-05 00:00:00,0.3517793269292217,0.1435013229424728,0.5600573309159707,12.217,57.1
1432,1903-12-06 00:00:00,0.1863513387499861,-0.0208218513928986,0.393524528892871,12.217,57.1
1433,1903-12-07 00:00:00,0.0747687732827154,-0.1308127727959647,0.2803503193613956,12.217,57.1
1434,1903-12-08 00:00:00,0.098735500189291,-0.1067982968078568,0.3042692971864388,12.217,57.1
1435,1903-12-09 00:00:00,0.148156868007403,-0.0575249106867118,0.353838646701518,12.217,57.1
1436,1903-12-10 00:00:00,0.2270348405870117,0.0209883404964048,0.4330813406776187,12.217,57.1
1437,1903-12-11 00:00:00,0.1606746063337398,-0.0453027011553997,0.3666519138228795,12.217,57.1
1438,1903-12-12 00:00:00,0.138343191258377,-0.0674684646495669,0.344154847166321,12.217,57.1
1439,1903-12-13 00:00:00,-0.0094477794911108,-0.2153127388268483,0.1964171798446266,12.217,57.1
1440,1903-12-14 00:00:00,0.0091495125348827,-0.1965993544125406,0.2148983794823061,12.217,57.1
1441,1903-12-15 00:00:00,-0.0264583859725745,-0.2319757626937883,0.1790589907486392,12.217,57.1
1442,1903-12-16 00:00:00,-0.0364141354367802,-0.2418856815957577,0.1690574107221972,12.217,57.1
1443,1903-12-17 00:00:00,-0.0313149103759195,-0.2368136590384694,0.1741838382866302,12.217,57.1
1444,1903-12-18 00:00:00,-0.046354956393871,-0.2518143241001558,0.1591044113124136,12.217,57.1
1445,1903-12-19 00:00:00,-0.0523237905191411,-0.2577880374557882,0.1531404564175058,12.217,57.1
1446,1903-12-20 00:00:00,-0.0649425182936627,-0.270419278358001,0.1405342417706755,12.217,57.1
1447,1903-12-21 00:00:00,-0.0700984851633603,-0.2755576966191431,0.1353607262924223,12.217,57.1
1448,1903-12-22 00:00:00,-0.0364236341333251,-0.2419554860563049,0.1691082177896546,12.217,57.1
1449,1903-12-23 00:00:00,0.0323496946606278,-0.1734665293133523,0.2381659186346081,12.217,57.1
1450,1903-12-24 00:00:00,0.0098273011784789,-0.1960699245261459,0.2157245268831037,12.217,57.1
1451,1903-12-25 00:00:00,-0.0033991775800541,-0.2090841719119986,0.2022858167518902,12.217,57.1
1452,1903-12-26 00:00:00,-0.0791513804042809,-0.28463411363565,0.1263313528270881,12.217,57.1
1453,1903-12-27 00:00:00,-0.121357279716053,-0.3269027540073232,0.084188194575217,12.217,57.1
1454,1903-12-28 00:00:00,-0.1142762374472933,-0.3197816144322485,0.0912291395376618,12.217,57.1
1455,1903-12-29 00:00:00,-0.082452273399429,-0.2880399431283491,0.123135396329491,12.217,57.1
1456,1903-12-30 00:00:00,-0.1089269923138537,-0.3144896218287299,0.0966356372010225,12.217,57.1
1457,1903-12-31 00:00:00,-0.0878784148305964,-0.293399309571711,0.117642479910518,12.217,57.1
1458,1904-01-01 00:00:00,-0.0966925434154252,-0.3023006259988311,0.1089155391679807,12.217,57.1
1459,1904-01-02 00:00:00,-0.078732265722832,-0.2844059798253043,0.1269414483796401,12.217,57.1
1460,1904-01-03 00:00:00,-0.0182589761423242,-0.2238120772174269,0.1872941249327784,12.217,57.1
1461,1904-01-04 00:00:00,0.0056548626812732,-0.2000430976370237,0.2113528229995702,12.217,57.1
1462,1904-01-05 00:00:00,0.0456303723408784,-0.1600172526919858,0.2512779973737427,12.217,57.1
1463,1904-01-06 00:00:00,-0.0673783576031816,-0.2729738093893424,0.1382170941829791,12.217,57.1
1464,1904-01-07 00:00:00,-0.0655386118581139,-0.2709949465912651,0.1399177228750372,12.217,57.1
1465,1904-01-08 00:00:00,0.068193540891812,-0.1376672520363692,0.2740543338199933,12.217,57.1
1466,1904-01-09 00:00:00,0.1466391416048121,-0.0597144688532145,0.3529927520628388,12.217,57.1
1467,1904-01-10 00:00:00,0.1054061115244268,-0.1004093856800456,0.3112216087288995,12.217,57.1
1468,1904-01-11 00:00:00,0.2111177302726747,0.0043784597001016,0.4178570008452479,12.217,57.1
1469,1904-01-12 00:00:00,0.2383739048700652,0.0311193322896488,0.4456284774504817,12.217,57.1
1470,1904-01-13 00:00:00,0.2279788168228622,0.0219266168018644,0.43403101684386,12.217,57.1
1471,1904-01-14 00:00:00,0.2948621942510377,0.088524101283949,0.5012002872181265,12.217,57.1
1472,1904-01-15 00:00:00,0.3207154618774963,0.1143144126526681,0.5271165111023244,12.217,57.1
1473,1904-01-16 00:00:00,0.2820878277123722,0.0754085663229039,0.4887670891018404,12.217,57.1
1474,1904-01-17 00:00:00,0.1100090811965604,-0.0964089857467124,0.3164271481398333,12.217,57.1
1475,1904-01-18 00:00:00,-0.0343546287429611,-0.2401163034077606,0.1714070459218383,12.217,57.1
1476,1904-01-19 00:00:00,-0.0652868887321981,-0.2712255817630904,0.140651804298694,12.217,57.1
1477,1904-01-20 00:00:00,-0.0715345126527068,-0.2773252442215876,0.1342562189161739,12.217,57.1
1478,1904-01-21 00:00:00,0.0414753670110352,-0.1642724973350608,0.2472232313571313,12.217,57.1
1479,1904-01-22 00:00:00,-0.0546168045351892,-0.2607603242181661,0.1515267151477877,12.217,57.1
1480,1904-01-23 00:00:00,0.0348215100550872,-0.1710669564265118,0.2407099765366864,12.217,57.1
1481,1904-01-24 00:00:00,0.0844141819305382,-0.1212277014762967,0.2900560653373732,12.217,57.1
1482,1904-01-25 00:00:00,0.0610042393973348,-0.1445807064400116,0.2665891852346813,12.217,57.1
1483,1904-01-26 00:00:00,0.0378600743632242,-0.1677395941297782,0.2434597428562268,12.217,57.1
1484,1904-01-27 00:00:00,0.0613514641941272,-0.1442134029565727,0.2669163313448272,12.217,57.1
1485,1904-01-28 00:00:00,0.1476201354324387,-0.058386516000197,0.3536267868650745,12.217,57.1
1486,1904-01-29 00:00:00,0.1933866308380605,-0.0127416340860941,0.3995148957622152,12.217,57.1
1487,1904-01-30 00:00:00,0.1604018131489026,-0.0460610482154059,0.3668646745132111,12.217,57.1
1488,1904-01-31 00:00:00,0.0976493437149078,-0.1083398805270252,0.3036385679568408,12.217,57.1
1489,1904-02-01 00:00:00,0.052643921109442,-0.1535026720303128,0.2587905142491968,12.217,57.1
1490,1904-02-02 00:00:00,-0.0086988258495353,-0.2152663536421058,0.1978687019430351,12.217,57.1
1491,1904-02-03 00:00:00,0.0217704532408058,-0.1848295393859923,0.2283704458676039,12.217,57.1
1492,1904-02-04 00:00:00,0.0510596999819998,-0.15570700047932,0.2578264004433197,12.217,57.1
1493,1904-02-05 00:00:00,0.0565564190776759,-0.1494860109630841,0.2625988491184359,12.217,57.1
1494,1904-02-06 00:00:00,0.0702247137575217,-0.1357050368645465,0.2761544643795899,12.217,57.1
1495,1904-02-07 00:00:00,0.0664724976266691,-0.1391577940926944,0.2721027893460327,12.217,57.1
1496,1904-02-08 00:00:00,0.0547381213736608,-0.1511854120185582,0.26066165476588,12.217,57.1
1497,1904-02-09 00:00:00,0.0909382959997545,-0.1152815007303454,0.2971580927298545,12.217,57.1
1498,1904-02-10 00:00:00,0.1896111168923672,-0.0169387767533857,0.3961610105381201,12.217,57.1
1499,1904-02-11 00:00:00,0.3080561746554082,0.0991539273292184,0.5169584219815981,12.217,57.1
1500,1904-02-12 00:00:00,0.086320555724169,-0.1215365189731462,0.2941776304214842,12.217,57.1
1501,1904-02-13 00:00:00,0.0821613562646454,-0.12443859135419,0.2887613038834811,12.217,57.1
1502,1904-02-14 00:00:00,0.4433748689971654,0.2359323657334289,0.6508173722609019,12.217,57.1
1503,1904-02-15 00:00:00,0.2598291564850196,0.0533838462771406,0.4662744666928985,12.217,57.1
1504,1904-02-16 00:00:00,0.1828710027122739,-0.0229746274736767,0.3887166328982246,12.217,57.1
1505,1904-02-17 00:00:00,0.117631969305243,-0.0883534978508926,0.3236174364613787,12.217,57.1
1506,1904-02-18 00:00:00,0.0946806665149417,-0.1115378807961225,0.300899213826006,12.217,57.1
1507,1904-02-19 00:00:00,0.1065949579213538,-0.1001794792826746,0.3133693951253822,12.217,57.1
1508,1904-02-20 00:00:00,0.024683412363193,-0.1817040826980779,0.231070907424464,12.217,57.1
1509,1904-02-21 00:00:00,0.3780053184347627,0.1710130607438099,0.5849975761257155,12.217,57.1
1510,1904-02-22 00:00:00,0.2109290947190563,0.0037381510468579,0.4181200383912546,12.217,57.1
1511,1904-02-23 00:00:00,0.0043145392786369,-0.2039172082964136,0.2125462868536874,12.217,57.1
1512,1904-02-24 00:00:00,-0.0435920833531153,-0.2506297083657657,0.1634455416595351,12.217,57.1
1513,1904-02-25 00:00:00,0.0189725914982719,-0.1866695745466366,0.2246147575431805,12.217,57.1
1514,1904-02-26 00:00:00,-0.0485697837404381,-0.2541612140886697,0.1570216466077935,12.217,57.1
1515,1904-02-27 00:00:00,-0.0795393521416728,-0.2852170956460462,0.1261383913627004,12.217,57.1
1516,1904-02-28 00:00:00,-0.1174210790216705,-0.3228809227959181,0.088038764752577,12.217,57.1
1517,1904-02-29 00:00:00,-0.1059326081247724,-0.3114290336547965,0.0995638174052516,12.217,57.1
1518,1904-03-01 00:00:00,-0.0745064697866102,-0.2801320086887956,0.131119069115575,12.217,57.1
1519,1904-03-02 00:00:00,-0.0976692179564588,-0.3033766064952495,0.1080381705823317,12.217,57.1
1520,1904-03-03 00:00:00,-0.1679685977232603,-0.3745381241068694,0.0386009286603487,12.217,57.1
1521,1904-03-04 00:00:00,-0.0759729957122584,-0.2828220758095888,0.1308760843850718,12.217,57.1
1522,1904-03-05 00:00:00,-0.1155031095310332,-0.3213168173003244,0.0903105982382579,12.217,57.1
1523,1904-03-06 00:00:00,-0.1746088108874344,-0.3804773221915732,0.0312597004167044,12.217,57.1
1524,1904-03-07 00:00:00,-0.1609583050563997,-0.3671726556684658,0.0452560455556663,12.217,57.1
1525,1904-03-08 00:00:00,-0.0974013467176106,-0.3033513768282077,0.1085486833929864,12.217,57.1
1526,1904-03-09 00:00:00,-0.022702143301171,-0.2284509275829118,0.1830466409805697,12.217,57.1
1527,1904-03-10 00:00:00,-0.0282495403418289,-0.2337210889682018,0.1772220082845438,12.217,57.1
1528,1904-03-11 00:00:00,-0.0917909444315327,-0.2975219012947375,0.1139400124316721,12.217,57.1
1529,1904-03-12 00:00:00,-0.0515753518842278,-0.2578508475964653,0.1547001438280097,12.217,57.1
1530,1904-03-13 00:00:00,0.0297715285172238,-0.1759251895897198,0.2354682466241675,12.217,57.1
1531,1904-03-14 00:00:00,0.1680298690480447,-0.0376181354800873,0.3736778735761768,12.217,57.1
1532,1904-03-15 00:00:00,0.2021298265858699,-0.0045907096392761,0.408850362811016,12.217,57.1
1533,1904-03-16 00:00:00,0.0493314447965618,-0.1564269460221723,0.2550898356152959,12.217,57.1
1534,1904-03-17 00:00:00,-0.0002236625896098,-0.2060958771900061,0.2056485520107864,12.217,57.1
1535,1904-03-18 00:00:00,-0.0115812888749735,-0.2174483043743184,0.1942857266243714,12.217,57.1
1536,1904-03-19 00:00:00,0.0379005993459503,-0.1680121357879697,0.2438133344798704,12.217,57.1
1537,1904-03-20 00:00:00,0.0025385224060619,-0.2030890673896256,0.2081661122017495,12.217,57.1
1538,1904-03-21 00:00:00,0.0731112200587809,-0.1324754860709907,0.2786979261885526,12.217,57.1
1539,1904-03-22 00:00:00,0.0890802893498768,-0.1167727040628212,0.2949332827625748,12.217,57.1
1540,1904-03-23 00:00:00,0.0906100778401622,-0.1154754395568585,0.296695595237183,12.217,57.1
1541,1904-03-24 00:00:00,-0.1087256094553974,-0.314520532448809,0.0970693135380142,12.217,57.1
1542,1904-03-25 00:00:00,-0.1590000981992247,-0.3647375813755443,0.0467373849770948,12.217,57.1
1543,1904-03-26 00:00:00,-0.1266574257371912,-0.3326341166939633,0.0793192652195809,12.217,57.1
1544,1904-03-27 00:00:00,-0.1245347841984394,-0.330247593227274,0.0811780248303951,12.217,57.1
1545,1904-03-28 00:00:00,-0.0890648732347578,-0.2947251536811278,0.1165954072116121,12.217,57.1
1546,1904-03-29 00:00:00,-0.0361626683548024,-0.2417885790959526,0.1694632423863478,12.217,57.1
1547,1904-03-30 00:00:00,0.1187010454081958,-0.087485548935493,0.3248876397518846,12.217,57.1
1548,1904-03-31 00:00:00,0.2439892368655449,0.0349007261391251,0.4530777475919648,12.217,57.1
1549,1904-04-01 00:00:00,0.0971370466114635,-0.1108448009684808,0.3051188941914078,12.217,57.1
1550,1904-04-02 00:00:00,0.1352653836514934,-0.07242009535604,0.3429508626590268,12.217,57.1
1551,1904-04-03 00:00:00,-0.0169947609200064,-0.2229825503515866,0.1889930285115736,12.217,57.1
1552,1904-04-04 00:00:00,0.161240564091891,-0.0444594091884972,0.3669405373722794,12.217,57.1
1553,1904-04-05 00:00:00,0.1169062105222266,-0.0887527194339821,0.3225651404784354,12.217,57.1
1554,1904-04-06 00:00:00,0.193779156555881,-0.0120631547270774,0.3996214678388395,12.217,57.1
1555,1904-04-07 00:00:00,0.5575651805794837,0.3473766192708004,0.7677537418881669,12.217,57.1
1556,1904-04-08 00:00:00,0.2886187238514944,0.0800108610471882,0.4972265866558006,12.217,57.1
1557,1904-04-09 00:00:00,0.1772520676237437,-0.0286215750156302,0.3831257102631177,12.217,57.1
1558,1904-04-10 00:00:00,0.2361745922813121,0.0304835175091808,0.4418656670534435,12.217,57.1
1559,1904-04-11 00:00:00,0.3584323263212223,0.1523819282553927,0.5644827243870518,12.217,57.1
1560,1904-04-12 00:00:00,0.2100284246307675,0.0039721365685022,0.4160847126930328,12.217,57.1
1561,1904-04-13 00:00:00,0.0360485848742587,-0.1695924512134807,0.2416896209619983,12.217,57.1
1562,1904-04-14 00:00:00,0.0550955233838937,-0.1507438977463335,0.260934944514121,12.217,57.1
1563,1904-04-15 00:00:00,-0.0015290862131682,-0.2075933841923578,0.2045352117660213,12.217,57.1
1564,1904-04-16 00:00:00,0.1712436214820321,-0.0353097257650292,0.3777969687290936,12.217,57.1
1565,1904-04-17 00:00:00,0.0569436769993921,-0.1491278618543891,0.2630152158531734,12.217,57.1
1566,1904-04-18 00:00:00,0.006834003656783,-0.1986107850463199,0.2122787923598859,12.217,57.1
1567,1904-04-19 00:00:00,-0.063244831537499,-0.2689014880623508,0.1424118249873526,12.217,57.1
1568,1904-04-20 00:00:00,-0.1127213130425636,-0.3186487741883357,0.0932061481032084,12.217,57.1
1569,1904-04-21 00:00:00,-0.0680733282607392,-0.2737082145708828,0.1375615580494043,12.217,57.1
1570,1904-04-22 00:00:00,0.0038140841688051,-0.2017762465101455,0.2094044148477558,12.217,57.1
1571,1904-04-23 00:00:00,0.0298638397570851,-0.1755747756191719,0.2353024551333422,12.217,57.1
1572,1904-04-24 00:00:00,0.016504385481139,-0.1890568868556983,0.2220656578179765,12.217,57.1
1573,1904-04-25 00:00:00,0.0642507181089664,-0.1412998038410488,0.2698012400589816,12.217,57.1
1574,1904-04-26 00:00:00,0.2945799264146086,0.0884744703598295,0.5006853824693877,12.217,57.1
1575,1904-04-27 00:00:00,0.0898006202941718,-0.1162236142009813,0.2958248547893249,12.217,57.1
1576,1904-04-28 00:00:00,0.0817728730486168,-0.1238887578431948,0.2874345039404285,12.217,57.1
1577,1904-04-29 00:00:00,0.1378049865813778,-0.0677985647759276,0.3434085379386832,12.217,57.1
1578,1904-04-30 00:00:00,0.0967385159563572,-0.1088816350391188,0.3023586669518333,12.217,57.1
1579,1904-05-01 00:00:00,0.0927175367842139,-0.1127827388150362,0.2982178123834642,12.217,57.1
1580,1904-05-02 00:00:00,0.0561773017381083,-0.1493228763009452,0.261677479777162,12.217,57.1
1581,1904-05-03 00:00:00,0.2177023805436635,0.011885139965831,0.4235196211214959,12.217,57.1
1582,1904-05-04 00:00:00,0.4064435640572787,0.1993744681337795,0.6135126599807781,12.217,57.1
1583,1904-05-05 00:00:00,0.0428941226106038,-0.1634025130703307,0.2491907582915384,12.217,57.1
1584,1904-05-06 00:00:00,0.0157077862098134,-0.1898571866708971,0.221272759090524,12.217,57.1
1585,1904-05-07 00:00:00,0.0667359882791641,-0.139166738924616,0.2726387154829444,12.217,57.1
1586,1904-05-08 00:00:00,0.1150286253829537,-0.0927918467476202,0.3228490975135277,12.217,57.1
1587,1904-05-09 00:00:00,-0.0140960843804931,-0.2202139224673379,0.1920217537063515,12.217,57.1
1588,1904-05-10 00:00:00,0.0658642376391614,-0.1398186475168369,0.2715471227951598,12.217,57.1
1589,1904-05-11 00:00:00,0.0383258688742752,-0.1673849361154212,0.2440366738639718,12.217,57.1
1590,1904-05-12 00:00:00,0.0475412920111774,-0.1584829067414317,0.2535654907637867,12.217,57.1
1591,1904-05-13 00:00:00,0.0083932190428336,-0.1973015616054653,0.2140879996911327,12.217,57.1
1592,1904-05-14 00:00:00,0.0408133039183743,-0.164863249162194,0.2464898569989426,12.217,57.1
1593,1904-05-15 00:00:00,0.1222643299813925,-0.0836640750420321,0.3281927350048171,12.217,57.1
1594,1904-05-16 00:00:00,0.2835274760047318,0.0774063610734879,0.4896485909359757,12.217,57.1
1595,1904-05-17 00:00:00,0.1067190308807116,-0.0992551375085534,0.3126931992699767,12.217,57.1
1596,1904-05-18 00:00:00,0.1495324565895184,-0.0567695627110954,0.3558344758901323,12.217,57.1
1597,1904-05-19 00:00:00,0.2228248943091591,0.0165800804786766,0.4290697081396415,12.217,57.1
1598,1904-05-20 00:00:00,0.2248114267123774,0.0182456077968659,0.4313772456278889,12.217,57.1
1599,1904-05-21 00:00:00,0.0980280341526672,-0.1083158425179389,0.3043719108232735,12.217,57.1
1600,1904-05-22 00:00:00,-0.0014361330016748,-0.2072567508208453,0.2043844848174955,12.217,57.1
1601,1904-05-23 00:00:00,0.0087458572686622,-0.1970214592410872,0.2145131737784117,12.217,57.1
1602,1904-05-24 00:00:00,-0.0146726088164372,-0.2204056300739316,0.1910604124410571,12.217,57.1
1603,1904-05-25 00:00:00,-0.0272012315718296,-0.2328571173352061,0.1784546541915468,12.217,57.1
1604,1904-05-26 00:00:00,-0.0174420145893592,-0.2231036837873829,0.1882196546086645,12.217,57.1
1605,1904-05-27 00:00:00,0.0073617144505079,-0.1984117620508681,0.213135190951884,12.217,57.1
1606,1904-05-28 00:00:00,0.0517424235974212,-0.1540357132827932,0.2575205604776358,12.217,57.1
1607,1904-05-29 00:00:00,-0.0369856698140195,-0.242831437793722,0.168860098165683,12.217,57.1
1608,1904-05-30 00:00:00,-0.0125189491165561,-0.2185582795708908,0.1935203813377785,12.217,57.1
1609,1904-05-31 00:00:00,-0.0409905667576687,-0.2466792984185877,0.1646981649032503,12.217,57.1
1610,1904-06-01 00:00:00,0.001903727219974,-0.2037929488365431,0.2076004032764913,12.217,57.1
1611,1904-06-02 00:00:00,0.0483316268835866,-0.157188955763125,0.2538522095302983,12.217,57.1
1612,1904-06-03 00:00:00,0.0434236587870955,-0.1621595234187155,0.2490068409929067,12.217,57.1
1613,1904-06-04 00:00:00,0.0519392824782998,-0.1540248290864389,0.2579033940430387,12.217,57.1
1614,1904-06-05 00:00:00,-0.0319435714952706,-0.2377225863623983,0.1738354433718569,12.217,57.1
1615,1904-06-06 00:00:00,-0.0270157834216833,-0.2326031858984821,0.1785716190551154,12.217,57.1
1616,1904-06-07 00:00:00,0.012856375914466,-0.192908560942692,0.218621312771624,12.217,57.1
1617,1904-06-08 00:00:00,0.051258815544154,-0.1547662196940294,0.2572838507823376,12.217,57.1
1618,1904-06-09 00:00:00,-0.0004262412049799,-0.2064739045887204,0.2056214221787604,12.217,57.1
1619,1904-06-10 00:00:00,-0.0308183030160262,-0.2364766270231782,0.1748400209911257,12.217,57.1
1620,1904-06-11 00:00:00,-0.000366148586461,-0.2059347271481138,0.2052024299751917,12.217,57.1
1621,1904-06-12 00:00:00,0.0230797600859187,-0.1826064719885718,0.2287659921604093,12.217,57.1
1622,1904-06-13 00:00:00,0.0171400322995786,-0.1885666159657043,0.2228466805648616,12.217,57.1
1623,1904-06-14 00:00:00,0.0144906456104034,-0.1910266388601312,0.2200079300809382,12.217,57.1
1624,1904-06-15 00:00:00,0.0145090722260228,-0.1910510526021192,0.2200691970541648,12.217,57.1
1625,1904-06-16 00:00:00,0.0949756289072652,-0.1106634002870231,0.3006146581015535,12.217,57.1
1626,1904-06-17 00:00:00,0.1588616108565871,-0.0472032565729229,0.3649264782860972,12.217,57.1
1627,1904-06-18 00:00:00,0.1458255375871216,-0.0605929738526379,0.3522440490268812,12.217,57.1
1628,1904-06-19 00:00:00,0.1255652467344714,-0.0806307578590871,0.3317612513280299,12.217,57.1
1629,1904-06-20 00:00:00,0.2345517150147477,0.0288643675826399,0.4402390624468556,12.217,57.1
1630,1904-06-21 00:00:00,0.1653706519506744,-0.0403167985150232,0.3710581024163722,12.217,57.1
1631,1904-06-22 00:00:00,0.1114611171122769,-0.0942996597368306,0.3172218939613844,12.217,57.1
1632,1904-06-23 00:00:00,0.270045929949081,0.0641747245151492,0.4759171353830128,12.217,57.1
1633,1904-06-24 00:00:00,0.2344595125519513,0.0283526271661395,0.440566397937763,12.217,57.1
1634,1904-06-25 00:00:00,0.155439518537097,-0.0503511972773409,0.361230234351535,12.217,57.1
1635,1904-06-26 00:00:00,0.1590891815078377,-0.0466865203622095,0.364864883377885,12.217,57.1
1636,1904-06-27 00:00:00,0.1109920590774032,-0.0955195318696276,0.317503650024434,12.217,57.1
1637,1904-06-28 00:00:00,0.1544479623892524,-0.051719292098557,0.3606152168770619,12.217,57.1
1638,1904-06-29 00:00:00,0.090361666224902,-0.1153839759610943,0.2961073084108985,12.217,57.1
1639,1904-06-30 00:00:00,0.030032138634975,-0.1756247751000077,0.2356890523699577,12.217,57.1
1640,1904-07-01 00:00:00,0.0292776572147499,-0.1762103923896159,0.2347657068191157,12.217,57.1
1641,1904-07-02 00:00:00,0.0886202494632243,-0.1168288241461886,0.2940693230726374,12.217,57.1
1642,1904-07-03 00:00:00,0.0970465922108413,-0.1084194771811257,0.3025126616028084,12.217,57.1
1643,1904-07-04 00:00:00,0.1057380137583635,-0.0997899095138987,0.3112659370306259,12.217,57.1
1644,1904-07-05 00:00:00,0.1257628450181421,-0.0798736815048319,0.3313993715411162,12.217,57.1
1645,1904-07-06 00:00:00,0.1126456381932908,-0.0929060582875738,0.3181973346741555,12.217,57.1
1646,1904-07-07 00:00:00,0.0753205165334217,-0.130164238123443,0.2808052711902865,12.217,57.1
1647,1904-07-08 00:00:00,0.0977542220057421,-0.1078225640993198,0.303331008110804,12.217,57.1
1648,1904-07-09 00:00:00,0.1282133921918903,-0.07748941343256,0.3339161978163407,12.217,57.1
1649,1904-07-10 00:00:00,0.0916424184699181,-0.1142489235665319,0.2975337605063683,12.217,57.1
1650,1904-07-11 00:00:00,0.0515030364193974,-0.1541641965860505,0.2571702694248455,12.217,57.1
1651,1904-07-12 00:00:00,0.021804682260856,-0.1837637328414012,0.2273730973631134,12.217,57.1
1652,1904-07-13 00:00:00,-0.012918656872675,-0.2184591115418614,0.1926217977965114,12.217,57.1
1653,1904-07-14 00:00:00,0.0161938580888548,-0.1894731753834558,0.2218608915611655,12.217,57.1
1654,1904-07-15 00:00:00,0.0468489369854633,-0.1587424574573241,0.2524403314282509,12.217,57.1
1655,1904-07-16 00:00:00,0.0608424931788494,-0.1446781495176609,0.2663631358753597,12.217,57.1
1656,1904-07-17 00:00:00,0.0938836342862242,-0.1120672899381294,0.2998345585105779,12.217,57.1
1657,1904-07-18 00:00:00,0.0314116838740461,-0.1745011291198729,0.2373244968679651,12.217,57.1
1658,1904-07-19 00:00:00,0.0791372994724827,-0.1269533125509046,0.2852279114958701,12.217,57.1
1659,1904-07-20 00:00:00,0.0955429022267046,-0.1105841412458438,0.3016699456992532,12.217,57.1
1660,1904-07-21 00:00:00,0.0359153803611373,-0.169765798895502,0.2415965596177767,12.217,57.1
1661,1904-07-22 00:00:00,0.0352232721604973,-0.1704647918315188,0.2409113361525135,12.217,57.1
1662,1904-07-23 00:00:00,0.0451271185447304,-0.1603583941682815,0.2506126312577424,12.217,57.1
1663,1904-07-24 00:00:00,0.0876814094699317,-0.1178394869043395,0.2932023058442031,12.217,57.1
1664,1904-07-25 00:00:00,0.0758257814550489,-0.1297396070272564,0.2813911699373544,12.217,57.1
1665,1904-07-26 00:00:00,0.0271639170353525,-0.1783594287835188,0.2326872628542239,12.217,57.1
1666,1904-07-27 00:00:00,0.0419195010384953,-0.1635619552647041,0.2474009573416948,12.217,57.1
1667,1904-07-28 00:00:00,0.027782994299957,-0.1778989926967702,0.2334649812966842,12.217,57.1
1668,1904-07-29 00:00:00,0.0222042210794394,-0.1835933366619033,0.2280017788207822,12.217,57.1
1669,1904-07-30 00:00:00,0.0103789634514272,-0.1952217882536592,0.2159797151565137,12.217,57.1
1670,1904-07-31 00:00:00,0.0062205002271773,-0.1993041897392634,0.2117451901936182,12.217,57.1
1671,1904-08-01 00:00:00,0.0425043957530111,-0.162962275220781,0.2479710667268033,12.217,57.1
1672,1904-08-02 00:00:00,0.0084475775168436,-0.1970179214566561,0.2139130764903433,12.217,57.1
1673,1904-08-03 00:00:00,-0.0244251035006119,-0.2298918505662174,0.1810416435649935,12.217,57.1
1674,1904-08-04 00:00:00,-0.0325835701070358,-0.2379984243996946,0.1728312841856229,12.217,57.1
1675,1904-08-05 00:00:00,0.028048650563275,-0.1773827577341498,0.2334800588606999,12.217,57.1
1676,1904-08-06 00:00:00,0.0965196900402873,-0.1089498207919438,0.3019892008725186,12.217,57.1
1677,1904-08-07 00:00:00,0.0836791421268975,-0.1219644792397594,0.2893227634935545,12.217,57.1
1678,1904-08-08 00:00:00,0.1790640545008465,-0.0267323321200317,0.3848604411217249,12.217,57.1
1679,1904-08-09 00:00:00,0.186481200799475,-0.0194180112364505,0.3923804128354006,12.217,57.1
1680,1904-08-10 00:00:00,0.2539533909413415,0.0480884907991616,0.4598182910835214,12.217,57.1
1681,1904-08-11 00:00:00,0.174741746018249,-0.0309353492038105,0.3804188412403086,12.217,57.1
1682,1904-08-12 00:00:00,0.1082241185999013,-0.0973792838388217,0.3138275210386244,12.217,57.1
1683,1904-08-13 00:00:00,0.1094391458032076,-0.0970659944249866,0.3159442860314019,12.217,57.1
1684,1904-08-14 00:00:00,0.173812513682099,-0.0327769052833102,0.3804019326475084,12.217,57.1
1685,1904-08-15 00:00:00,0.1522103875206036,-0.0535177248270451,0.3579384998682525,12.217,57.1
1686,1904-08-16 00:00:00,0.2727509679288638,0.0668649387068905,0.4786369971508369,12.217,57.1
1687,1904-08-17 00:00:00,0.3344577632714725,0.1282812813612677,0.5406342451816774,12.217,57.1
1688,1904-08-18 00:00:00,0.1217550638713341,-0.0842096324287352,0.3277197601714036,12.217,57.1
1689,1904-08-19 00:00:00,0.0951669365469085,-0.1108179017562917,0.3011517748501089,12.217,57.1
1690,1904-08-20 00:00:00,0.1431320244931299,-0.0630392562445338,0.3493033052307936,12.217,57.1
1691,1904-08-21 00:00:00,0.2255132139328436,0.0197766806339796,0.4312497472317076,12.217,57.1
1692,1904-08-22 00:00:00,0.119262048732663,-0.0866909951763495,0.3252150926416755,12.217,57.1
1693,1904-08-23 00:00:00,0.0266137439509091,-0.1789766770943945,0.2322041649962127,12.217,57.1
1694,1904-08-24 00:00:00,-0.012768467920811,-0.2181945593383383,0.1926576234967162,12.217,57.1
1695,1904-08-25 00:00:00,-0.0077935329866194,-0.2132329637319569,0.1976458977587181,12.217,57.1
1696,1904-08-26 00:00:00,-0.0086958374501857,-0.2141844614400384,0.1967927865396668,12.217,57.1
1697,1904-08-27 00:00:00,0.0860400789221038,-0.119432745629016,0.2915129034732238,12.217,57.1
1698,1904-08-28 00:00:00,0.0654884289910053,-0.1400156339829105,0.2709924919649211,12.217,57.1
1699,1904-08-29 00:00:00,0.0037035307305273,-0.201722071544976,0.2091291330060307,12.217,57.1
1700,1904-08-30 00:00:00,-0.0313377753516563,-0.2367888744516622,0.1741133237483496,12.217,57.1
1701,1904-08-31 00:00:00,0.0079193873458832,-0.197606519823657,0.2134452945154235,12.217,57.1
1702,1904-09-01 00:00:00,0.0707526889314123,-0.134802264103308,0.2763076419661328,12.217,57.1
1703,1904-09-02 00:00:00,0.0375415495909339,-0.1679888407563173,0.2430719399381851,12.217,57.1
1704,1904-09-03 00:00:00,0.0202733459508188,-0.1851377878198013,0.225684479721439,12.217,57.1
1705,1904-09-04 00:00:00,0.1060503769219717,-0.0996641624139436,0.3117649162578872,12.217,57.1
1706,1904-09-05 00:00:00,0.0120217783261972,-0.1939164974347764,0.2179600540871709,12.217,57.1
1707,1904-09-06 00:00:00,-0.003906275763934,-0.2095407501046266,0.2017281985767586,12.217,57.1
1708,1904-09-07 00:00:00,0.0028204936240163,-0.2026683370825539,0.2083093243305865,12.217,57.1
1709,1904-09-08 00:00:00,0.0822981628793372,-0.1232900772326473,0.2878864029913219,12.217,57.1
1710,1904-09-09 00:00:00,-0.0173563534265893,-0.2232421097549713,0.1885294029017927,12.217,57.1
1711,1904-09-10 00:00:00,0.1084663588410925,-0.0970829289982497,0.3140156466804347,12.217,57.1
1712,1904-09-11 00:00:00,0.1236426443984901,-0.0819531140161696,0.3292384028131498,12.217,57.1
1713,1904-09-12 00:00:00,0.062652023541365,-0.1431725875805722,0.2684766346633023,12.217,57.1
1714,1904-09-13 00:00:00,-0.0020284949843203,-0.2077933955456559,0.2037364055770153,12.217,57.1
1715,1904-09-14 00:00:00,0.0079011506675862,-0.1977315735068463,0.2135338748420189,12.217,57.1
1716,1904-09-15 00:00:00,-0.0105625373793515,-0.2160795267676649,0.1949544520089617,12.217,57.1
1717,1904-09-16 00:00:00,-0.0537837765259374,-0.2593343488676907,0.1517667958158158,12.217,57.1
1718,1904-09-17 00:00:00,-0.0939863355577184,-0.2995747342112508,0.1116020630958138,12.217,57.1
1719,1904-09-18 00:00:00,-0.0701707022383302,-0.2756904440301076,0.1353490395534471,12.217,57.1
1720,1904-09-19 00:00:00,-0.0882195130145504,-0.2937893148687729,0.1173502888396719,12.217,57.1
1721,1904-09-20 00:00:00,-0.0800955275388956,-0.2856688633947291,0.1254778083169378,12.217,57.1
1722,1904-09-21 00:00:00,-0.1038650213120187,-0.309496905496229,0.1017668628721915,12.217,57.1
1723,1904-09-22 00:00:00,-0.1315215441351697,-0.3371968494984162,0.0741537612280767,12.217,57.1
1724,1904-09-23 00:00:00,-0.1260052408931736,-0.3318180995347816,0.0798076177484342,12.217,57.1
1725,1904-09-24 00:00:00,-0.0768676275513084,-0.2829228558693838,0.129187600766767,12.217,57.1
1726,1904-09-25 00:00:00,-0.0480814353576865,-0.2539303112744287,0.1577674405590556,12.217,57.1
1727,1904-09-26 00:00:00,0.036752325729467,-0.1691079744614576,0.2426126259203916,12.217,57.1
1728,1904-09-27 00:00:00,-0.0864644282672501,-0.2927960663138896,0.1198672097793893,12.217,57.1
1729,1904-09-28 00:00:00,-0.0052686996637035,-0.210872705602267,0.2003353062748599,12.217,57.1
1730,1904-09-29 00:00:00,-0.0770291757195489,-0.2826971029727543,0.1286387515336563,12.217,57.1
1731,1904-09-30 00:00:00,-0.0360631986733627,-0.2416603075719266,0.1695339102252011,12.217,57.1
1732,1904-10-01 00:00:00,0.0317299043044877,-0.1738598097908993,0.2373196183998747,12.217,57.1
1733,1904-10-02 00:00:00,0.1487759992295443,-0.0571714024982457,0.3547234009573343,12.217,57.1
1734,1904-10-03 00:00:00,0.0600126242604382,-0.14635353481891,0.2663787833397864,12.217,57.1
1735,1904-10-04 00:00:00,-0.0036545811378822,-0.2103659381822976,0.2030567759065331,12.217,57.1
1736,1904-10-05 00:00:00,0.1473715982616273,-0.0590024947609253,0.35374569128418,12.217,57.1
1737,1904-10-06 00:00:00,0.2127607269515473,0.0065944185563356,0.418927035346759,12.217,57.1
1738,1904-10-07 00:00:00,0.24908792795643,0.0399606491743771,0.4582152067384829,12.217,57.1
1739,1904-10-08 00:00:00,0.0884373997600171,-0.1181435717973224,0.2950183713173566,12.217,57.1
1740,1904-10-09 00:00:00,0.0076974661142176,-0.1979805315020364,0.2133754637304719,12.217,57.1
1741,1904-10-10 00:00:00,0.0008320815831363,-0.2048456334010246,0.2065097965672972,12.217,57.1
1742,1904-10-11 00:00:00,-0.0062194417510352,-0.2121179546082203,0.1996790711061498,12.217,57.1
1743,1904-10-12 00:00:00,-0.0241109010617496,-0.2297526333936327,0.1815308312701335,12.217,57.1
1744,1904-10-13 00:00:00,-0.051471602718089,-0.2572533269677135,0.1543101215315353,12.217,57.1
1745,1904-10-14 00:00:00,-0.1275944652173112,-0.3331929076369402,0.0780039772023178,12.217,57.1
1746,1904-10-15 00:00:00,-0.0907936943130853,-0.2967386027127626,0.1151512140865919,12.217,57.1
1747,1904-10-16 00:00:00,-0.0099938088806742,-0.215698717073748,0.1957110993123995,12.217,57.1
1748,1904-10-17 00:00:00,0.028573922907468,-0.1769384127752523,0.2340862585901884,12.217,57.1
1749,1904-10-18 00:00:00,0.1719885349513405,-0.0338211312560256,0.3777982011587067,12.217,57.1
1750,1904-10-19 00:00:00,0.1880702100840341,-0.0181827627822774,0.3943231829503456,12.217,57.1
1751,1904-10-20 00:00:00,-0.0333528598455815,-0.2391236174734312,0.1724178977822681,12.217,57.1
1752,1904-10-21 00:00:00,-0.0347346728479391,-0.2402729970281878,0.1708036513323095,12.217,57.1
1753,1904-10-22 00:00:00,0.0229097176249579,-0.1825781823978592,0.2283976176477752,12.217,57.1
1754,1904-10-23 00:00:00,0.0847615340199296,-0.1208167539321503,0.2903398219720096,12.217,57.1
1755,1904-10-24 00:00:00,0.0363226628566726,-0.1692342033666829,0.2418795290800281,12.217,57.1
1756,1904-10-25 00:00:00,0.0832198460565059,-0.1223581870711791,0.288797879184191,12.217,57.1
1757,1904-10-26 00:00:00,0.2178226321366511,0.011822270446402,0.4238229938269002,12.217,57.1
1758,1904-10-27 00:00:00,0.0428402341404113,-0.1637428162009399,0.2494232844817627,12.217,57.1
1759,1904-10-28 00:00:00,-0.0829855025968103,-0.2892207061829821,0.1232497009893614,12.217,57.1
1760,1904-10-29 00:00:00,-0.0086680489128108,-0.2141764468747832,0.1968403490491616,12.217,57.1
1761,1904-10-30 00:00:00,-0.0898283375240434,-0.29556128751162,0.1159046124635331,12.217,57.1
1762,1904-10-31 00:00:00,-0.0573798723674,-0.2629781700945311,0.1482184253597311,12.217,57.1
1763,1904-11-01 00:00:00,-0.0235269028859382,-0.2290852143796865,0.1820314086078099,12.217,57.1
1764,1904-11-02 00:00:00,-0.0932881907076034,-0.298815531402615,0.112239149987408,12.217,57.1
1765,1904-11-03 00:00:00,0.0125561885554572,-0.1931004148536603,0.2182127919645747,12.217,57.1
1766,1904-11-04 00:00:00,0.4295409791648258,0.2224793415254161,0.6366026168042356,12.217,57.1
1767,1904-11-05 00:00:00,0.0306093826518136,-0.175814824545452,0.2370335898490793,12.217,57.1
1768,1904-11-06 00:00:00,0.1374702608019057,-0.0682471281359559,0.3431876497397675,12.217,57.1
1769,1904-11-07 00:00:00,0.2041897455928402,-0.001791590543382,0.4101710817290627,12.217,57.1
1770,1904-11-08 00:00:00,0.1121689793034686,-0.0952336697296557,0.3195716283365931,12.217,57.1
1771,1904-11-09 00:00:00,0.4685948503837867,0.2582117108255121,0.6789779899420613,12.217,57.1
1772,1904-11-10 00:00:00,0.1425112278172101,-0.0664764267063454,0.3514988823407656,12.217,57.1
1773,1904-11-11 00:00:00,-0.062447674724314,-0.2690096223563175,0.1441142729076893,12.217,57.1
1774,1904-11-12 00:00:00,0.0992063019806847,-0.1072014534916389,0.3056140574530084,12.217,57.1
1775,1904-11-13 00:00:00,-0.0498505373550691,-0.2564866581465618,0.1567855834364235,12.217,57.1
1776,1904-11-14 00:00:00,-0.0624085845226224,-0.2683176114596041,0.1435004424143592,12.217,57.1
1777,1904-11-15 00:00:00,-0.0067820409074963,-0.212428150527311,0.1988640687123182,12.217,57.1
1778,1904-11-16 00:00:00,0.0099593104744561,-0.1957406894057945,0.2156593103547067,12.217,57.1
1779,1904-11-17 00:00:00,-0.0378569174602172,-0.2435544488269888,0.1678406139065543,12.217,57.1
1780,1904-11-18 00:00:00,0.1210618240054308,-0.0846988380754049,0.3268224860862667,12.217,57.1
1781,1904-11-19 00:00:00,0.1426761476512318,-0.0631128643147469,0.3484651596172107,12.217,57.1
1782,1904-11-20 00:00:00,0.2092951916985984,0.0024339563940046,0.4161564270031921,12.217,57.1
1783,1904-11-21 00:00:00,0.1674370657046305,-0.0384166883357429,0.3732908197450039,12.217,57.1
1784,1904-11-22 00:00:00,0.0898122599168721,-0.1158408849728434,0.2954654048065877,12.217,57.1
1785,1904-11-23 00:00:00,0.0955938397535613,-0.110848654448118,0.3020363339552406,12.217,57.1
1786,1904-11-24 00:00:00,0.1866409582323092,-0.0200507561570319,0.3933326726216503,12.217,57.1
1787,1904-11-25 00:00:00,0.0238704488190773,-0.1819140838870758,0.2296549815252305,12.217,57.1
1788,1904-11-26 00:00:00,0.0048112967237507,-0.2011727149442235,0.2107953083917249,12.217,57.1
1789,1904-11-27 00:00:00,-0.0578003619476979,-0.2646315643666813,0.1490308404712853,12.217,57.1
1790,1904-11-28 00:00:00,0.0200591414269041,-0.1857133249422652,0.2258316077960736,12.217,57.1
1791,1904-11-29 00:00:00,0.0388449867659576,-0.1667513203785906,0.2444412939105059,12.217,57.1
1792,1904-11-30 00:00:00,0.0844539315968763,-0.1211886960695923,0.2900965592633451,12.217,57.1
1793,1904-12-01 00:00:00,0.0624264314317948,-0.1432529694320761,0.2681058322956658,12.217,57.1
1794,1904-12-02 00:00:00,0.1174508768506246,-0.0884549179276383,0.3233566716288876,12.217,57.1
1795,1904-12-03 00:00:00,0.1541249844954224,-0.0515946416305907,0.3598446106214356,12.217,57.1
1796,1904-12-04 00:00:00,0.1689633945077077,-0.0366971670944815,0.374623956109897,12.217,57.1
1797,1904-12-05 00:00:00,0.1697610686929797,-0.0361903036164505,0.3757124410024099,12.217,57.1
1798,1904-12-06 00:00:00,0.4110261751703294,0.204338329444061,0.6177140208965979,12.217,57.1
1799,1904-12-07 00:00:00,0.3008253857487245,0.0942041989601453,0.5074465725373036,12.217,57.1
1800,1904-12-08 00:00:00,0.2211536188954957,0.0149823078098039,0.4273249299811876,12.217,57.1
1801,1904-12-09 00:00:00,0.0945059837096365,-0.1111981209561358,0.3002100883754089,12.217,57.1
1802,1904-12-10 00:00:00,0.0737336840924214,-0.1319409628641923,0.2794083310490353,12.217,57.1
1803,1904-12-11 00:00:00,0.089209313743389,-0.1170605643109109,0.295479191797689,12.217,57.1
1804,1904-12-12 00:00:00,0.0644691530201942,-0.1416838559484107,0.2706221619887993,12.217,57.1
1805,1904-12-13 00:00:00,0.1145216006578082,-0.0913884887190599,0.3204316900346763,12.217,57.1
1806,1904-12-14 00:00:00,0.0458069658219408,-0.1600841420712258,0.2516980737151074,12.217,57.1
1807,1904-12-15 00:00:00,0.1490869862242727,-0.0566541525403995,0.354828124988945,12.217,57.1
1808,1904-12-16 00:00:00,0.0741128054837756,-0.1314660345618029,0.2796916455293542,12.217,57.1
1809,1904-12-17 00:00:00,0.0825134673177159,-0.1230582400650492,0.288085174700481,12.217,57.1
1810,1904-12-18 00:00:00,0.1691945606563676,-0.0370846590607986,0.3754737803735338,12.217,57.1
1811,1904-12-19 00:00:00,0.151560972255256,-0.0549152604019302,0.3580372049124424,12.217,57.1
1812,1904-12-20 00:00:00,-0.0219471577328179,-0.2279499375085047,0.1840556220428687,12.217,57.1
1813,1904-12-21 00:00:00,-0.0877396997441456,-0.2935301918568289,0.1180507923685376,12.217,57.1
1814,1904-12-22 00:00:00,-0.0181100288232053,-0.2238775439463226,0.187657486299912,12.217,57.1
1815,1904-12-23 00:00:00,0.0741149572178098,-0.1316196045293296,0.2798495189649492,12.217,57.1
1816,1904-12-24 00:00:00,0.1159574895989804,-0.0900307896808916,0.3219457688788525,12.217,57.1
1817,1904-12-25 00:00:00,-0.0095301477320184,-0.2159060012181939,0.1968457057541571,12.217,57.1
1818,1904-12-26 00:00:00,-0.0296552334029125,-0.2356528435261968,0.1763423767203717,12.217,57.1
1819,1904-12-27 00:00:00,-0.0615890014429515,-0.268913784407938,0.1457357815220349,12.217,57.1
1820,1904-12-28 00:00:00,0.0681758048537019,-0.1389774298267578,0.2753290395341617,12.217,57.1
1821,1904-12-29 00:00:00,0.0502400183516555,-0.1565724042605142,0.2570524409638253,12.217,57.1
1822,1904-12-30 00:00:00,0.0815166166871176,-0.1244231102326253,0.2874563436068607,12.217,57.1
1823,1904-12-31 00:00:00,0.0689738654212269,-0.1415187216713748,0.2794664525138288,12.217,57.1
1824,1905-01-01 00:00:00,-0.1585623387434404,-0.3659518050285298,0.0488271275416489,12.217,57.1
1825,1905-01-02 00:00:00,-0.0216765336999058,-0.2278653271109116,0.1845122597110999,12.217,57.1
1826,1905-01-03 00:00:00,0.2952347733538947,0.0888376931800915,0.5016318535276978,12.217,57.1
1827,1905-01-04 00:00:00,0.3184470751597014,0.1116009256326571,0.5252932246867458,12.217,57.1
1828,1905-01-05 00:00:00,0.145520516298939,-0.0603497121855668,0.3513907447834449,12.217,57.1
1829,1905-01-06 00:00:00,0.1412690171815139,-0.0646260150885591,0.3471640494515871,12.217,57.1
1830,1905-01-07 00:00:00,0.2442366130312689,0.0383290420233116,0.4501441840392263,12.217,57.1
1831,1905-01-08 00:00:00,0.0335464357178333,-0.1749162434849956,0.2420091149206622,12.217,57.1
1832,1905-01-09 00:00:00,0.3301160769677023,0.1233656829457131,0.5368664709896914,12.217,57.1
1833,1905-01-10 00:00:00,0.4757101961217888,0.2612521909371998,0.6901682013063778,12.217,57.1
1834,1905-01-11 00:00:00,0.1523654150195866,-0.0543446632206503,0.3590754932598237,12.217,57.1
1835,1905-01-12 00:00:00,0.3785412117621066,0.1721013021176159,0.5849811214065974,12.217,57.1
1836,1905-01-13 00:00:00,0.5622957318190156,0.3546033344952545,0.7699881291427767,12.217,57.1
1837,1905-01-14 00:00:00,-0.0397095233754648,-0.2478846633171534,0.1684656165662237,12.217,57.1
1838,1905-01-15 00:00:00,-0.1046945537007541,-0.3114184831609225,0.1020293757594142,12.217,57.1
1839,1905-01-16 00:00:00,-0.064104127383054,-0.2700271340560776,0.1418188792899695,12.217,57.1
1840,1905-01-17 00:00:00,-0.0237182566902242,-0.2304370788480459,0.1830005654675973,12.217,57.1
1841,1905-01-18 00:00:00,0.1082399806391256,-0.0998944823462917,0.3163744436245429,12.217,57.1
1842,1905-01-19 00:00:00,-0.0364968240698102,-0.2440698692907221,0.1710762211511017,12.217,57.1
1843,1905-01-20 00:00:00,-0.1417050709880421,-0.3474197837219814,0.064009641745897,12.217,57.1
1844,1905-01-21 00:00:00,-0.1282136324433659,-0.3340140253648274,0.0775867604780955,12.217,57.1
1845,1905-01-22 00:00:00,-0.104457094313443,-0.3103751199777878,0.1014609313509016,12.217,57.1
1846,1905-01-23 00:00:00,-0.0187450498617536,-0.2246813016723792,0.187191201948872,12.217,57.1
1847,1905-01-24 00:00:00,0.0416562463801466,-0.1642828417537485,0.2475953345140419,12.217,57.1
1848,1905-01-25 00:00:00,0.1146154926270996,-0.0909982167750275,0.3202292020292267,12.217,57.1
1849,1905-01-26 00:00:00,0.0113530239045779,-0.1957754190542193,0.2184814668633752,12.217,57.1
1850,1905-01-27 00:00:00,-0.1015194279801021,-0.310617436091939,0.1075785801317348,12.217,57.1
1851,1905-01-28 00:00:00,0.0006889464933384,-0.2056522027615694,0.2070300957482463,12.217,57.1
1852,1905-01-29 00:00:00,0.2636301572951873,0.0567917951539343,0.4704685194364403,12.217,57.1
1853,1905-01-30 00:00:00,0.1992227624384008,-0.0085488858982459,0.4069944107750477,12.217,57.1
1854,1905-01-31 00:00:00,0.3428950505532884,0.1361826849650737,0.549607416141503,12.217,57.1
1855,1905-02-01 00:00:00,0.5764827744889455,0.3674647118988046,0.7855008370790864,12.217,57.1
1856,1905-02-02 00:00:00,0.2148719713611182,0.0082787303359188,0.4214652123863177,12.217,57.1
1857,1905-02-03 00:00:00,0.2450817014625014,0.0382410348137462,0.4519223681112567,12.217,57.1
1858,1905-02-04 00:00:00,0.0677005389526039,-0.138903149616132,0.27430422752134,12.217,57.1
1859,1905-02-05 00:00:00,0.0645148516111962,-0.1413824433709709,0.2704121465933635,12.217,57.1
1860,1905-02-06 00:00:00,0.209601467927302,0.0036313002442659,0.4155716356103381,12.217,57.1
1861,1905-02-07 00:00:00,0.3953846103682727,0.1885496596665149,0.6022195610700306,12.217,57.1
1862,1905-02-08 00:00:00,0.0519285207236122,-0.1544573015729629,0.2583143430201873,12.217,57.1
1863,1905-02-09 00:00:00,-0.0213533818223197,-0.227279460164515,0.1845726965198756,12.217,57.1
1864,1905-02-10 00:00:00,0.1802650033165443,-0.02565717701206,0.3861871836451488,12.217,57.1
1865,1905-02-11 00:00:00,0.1598347764561792,-0.0469516050649949,0.3666211579773534,12.217,57.1
1866,1905-02-12 00:00:00,0.1153884564162589,-0.0913390529253359,0.3221159657578537,12.217,57.1
1867,1905-02-13 00:00:00,-0.0024885218566347,-0.2087914681615087,0.2038144244482393,12.217,57.1
1868,1905-02-14 00:00:00,0.0953888219496339,-0.1106608003814796,0.3014384442807476,12.217,57.1
1869,1905-02-15 00:00:00,-0.0108319942393852,-0.2170729432979726,0.1954089548192021,12.217,57.1
1870,1905-02-16 00:00:00,0.1818327282488989,-0.0243448847924826,0.3880103412902804,12.217,57.1
1871,1905-02-17 00:00:00,0.2285021573689872,0.0210155194612438,0.4359887952767305,12.217,57.1
1872,1905-02-18 00:00:00,0.438574558481102,0.2309455560508486,0.6462035609113554,12.217,57.1
1873,1905-02-19 00:00:00,0.2901676453835276,0.081099325621092,0.4992359651459631,12.217,57.1
1874,1905-02-20 00:00:00,0.3590398437672779,0.1528957957793767,0.5651838917551791,12.217,57.1
1875,1905-02-21 00:00:00,0.0140865031095804,-0.1921470623225734,0.2203200685417344,12.217,57.1
1876,1905-02-22 00:00:00,-0.1856169329087286,-0.3916758056278447,0.0204419398103874,12.217,57.1
1877,1905-02-23 00:00:00,-0.1477598908593875,-0.3535098666411601,0.057990084922385,12.217,57.1
1878,1905-02-24 00:00:00,-0.1424516942868399,-0.3485062732822223,0.0636028847085425,12.217,57.1
1879,1905-02-25 00:00:00,-0.0212850373142792,-0.2271979910274622,0.1846279163989037,12.217,57.1
1880,1905-02-26 00:00:00,0.0456734798792668,-0.1600523755749878,0.2513993353335215,12.217,57.1
1881,1905-02-27 00:00:00,0.1590162140188616,-0.0477364071427292,0.3657688351804525,12.217,57.1
1882,1905-02-28 00:00:00,0.2491229045122332,0.0418845494255221,0.4563612595989443,12.217,57.1
1883,1905-03-01 00:00:00,0.1755665673456788,-0.0303031839774648,0.3814363186688225,12.217,57.1
1884,1905-03-02 00:00:00,0.0326200772354794,-0.1730524888022749,0.2382926432732338,12.217,57.1
1885,1905-03-03 00:00:00,-0.0660650175047127,-0.2718613437062998,0.1397313086968742,12.217,57.1
1886,1905-03-04 00:00:00,-0.0577944503148069,-0.2636534646201673,0.1480645639905533,12.217,57.1
1887,1905-03-05 00:00:00,0.0110201768584836,-0.1946275374203458,0.216667891137313,12.217,57.1
1888,1905-03-06 00:00:00,0.0237320882051908,-0.1818973876696673,0.2293615640800491,12.217,57.1
1889,1905-03-07 00:00:00,0.120145970932684,-0.0854521799360418,0.3257441218014099,12.217,57.1
1890,1905-03-08 00:00:00,0.1418711138889358,-0.0637721133146542,0.347514341092526,12.217,57.1
1891,1905-03-09 00:00:00,0.1126223293740012,-0.0931230670378667,0.3183677257858692,12.217,57.1
1892,1905-03-10 00:00:00,0.2830421089920952,0.076277690687814,0.4898065272963764,12.217,57.1
1893,1905-03-11 00:00:00,0.3462463197866363,0.1382866408504471,0.5542059987228255,12.217,57.1
1894,1905-03-12 00:00:00,0.2195438600528672,0.012773387097848,0.4263143330078865,12.217,57.1
1895,1905-03-13 00:00:00,0.2619909511295814,0.0559969406554833,0.4679849616036794,12.217,57.1
1896,1905-03-14 00:00:00,0.1606536156081472,-0.0454652505886583,0.3667724818049528,12.217,57.1
1897,1905-03-15 00:00:00,0.2491075011971635,0.0423899892110141,0.4558250131833128,12.217,57.1
1898,1905-03-16 00:00:00,0.1730980960236952,-0.0342538973954388,0.3804500894428292,12.217,57.1
1899,1905-03-17 00:00:00,0.0748349929226005,-0.1321795731075366,0.2818495589527376,12.217,57.1
1900,1905-03-18 00:00:00,0.0596279419578248,-0.1460043984702039,0.2652602823858536,12.217,57.1
1901,1905-03-19 00:00:00,0.0071901279865182,-0.1983322700777202,0.2127125260507568,12.217,57.1
1902,1905-03-20 00:00:00,0.0059304238545983,-0.1995595097438804,0.2114203574530771,12.217,57.1
1903,1905-03-21 00:00:00,-0.0206219955798425,-0.226085728823145,0.1848417376634599,12.217,57.1
1904,1905-03-22 00:00:00,0.0182685749512057,-0.1871970909247006,0.2237342408271121,12.217,57.1
1905,1905-03-23 00:00:00,0.0141858979600004,-0.1913512276500402,0.2197230235700411,12.217,57.1
1906,1905-03-24 00:00:00,0.0042028020476656,-0.2015643912070183,0.2099699953023497,12.217,57.1
1907,1905-03-25 00:00:00,-0.0819095733412292,-0.2879135810065764,0.1240944343241178,12.217,57.1
1908,1905-03-26 00:00:00,-0.006099325855076,-0.211760431593777,0.1995617798836249,12.217,57.1
1909,1905-03-27 00:00:00,0.049132576128228,-0.1563993581994938,0.2546645104559499,12.217,57.1
1910,1905-03-28 00:00:00,0.069125129574869,-0.1364078920075528,0.2746581511572909,12.217,57.1
1911,1905-03-29 00:00:00,0.1121462938025885,-0.093643223911647,0.317935811516824,12.217,57.1
1912,1905-03-30 00:00:00,0.1466209514685645,-0.0593595234043072,0.3526014263414364,12.217,57.1
1913,1905-03-31 00:00:00,0.1808659179098747,-0.0247477436695277,0.3864795794892772,12.217,57.1
1914,1905-04-01 00:00:00,0.1343199284685159,-0.0713028036894826,0.3399426606265145,12.217,57.1
1915,1905-04-02 00:00:00,0.0803834173606691,-0.1252385349793741,0.2860053697007124,12.217,57.1
1916,1905-04-03 00:00:00,0.1383062527635707,-0.0675244569387328,0.3441369624658743,12.217,57.1
1917,1905-04-04 00:00:00,0.008836283143385,-0.1981885569566248,0.2158611232433949,12.217,57.1
1918,1905-04-05 00:00:00,0.2026186195725714,-0.0031964551863921,0.4084336943315351,12.217,57.1
1919,1905-04-06 00:00:00,0.1745621405000047,-0.0315460530457626,0.3806703340457721,12.217,57.1
1920,1905-04-07 00:00:00,0.0716842102630467,-0.1346973945318216,0.2780658150579151,12.217,57.1
1921,1905-04-08 00:00:00,0.0436327493939095,-0.1619103915747068,0.249175890362526,12.217,57.1
1922,1905-04-09 00:00:00,0.1245753215783593,-0.0810820492471091,0.3302326924038279,12.217,57.1
1923,1905-04-10 00:00:00,0.1277600380730347,-0.0785881946643617,0.3341082708104311,12.217,57.1
1924,1905-04-11 00:00:00,0.0824276291712718,-0.1240741567148618,0.2889294150574056,12.217,57.1
1925,1905-04-12 00:00:00,0.0201580916149491,-0.1858177345353463,0.2261339177652447,12.217,57.1
1926,1905-04-13 00:00:00,-0.0615506280428607,-0.2672401158128483,0.1441388597271269,12.217,57.1
1927,1905-04-14 00:00:00,-0.0363334805095122,-0.2421554280010375,0.1694884669820131,12.217,57.1
1928,1905-04-15 00:00:00,-0.0456074887130486,-0.2513243870435107,0.1601094096174134,12.217,57.1
1929,1905-04-16 00:00:00,-0.0660626330417571,-0.2723262196955409,0.1402009536120266,12.217,57.1
1930,1905-04-17 00:00:00,-0.125754685336717,-0.3316245920467217,0.0801152213732875,12.217,57.1
1931,1905-04-18 00:00:00,-0.1760523225210338,-0.3826628940969206,0.0305582490548529,12.217,57.1
1932,1905-04-19 00:00:00,-0.1520954401361308,-0.3583544472316072,0.0541635669593456,12.217,57.1
1933,1905-04-20 00:00:00,-0.0462849256421378,-0.2529864160698455,0.1604165647855698,12.217,57.1
1934,1905-04-21 00:00:00,0.0317861324271033,-0.1746276352947319,0.2381999001489387,12.217,57.1
1935,1905-04-22 00:00:00,0.0633022938408479,-0.1423560117763022,0.2689605994579981,12.217,57.1
1936,1905-04-23 00:00:00,0.1077955544252302,-0.0979115829457874,0.3135026917962479,12.217,57.1
1937,1905-04-24 00:00:00,0.1759296674112489,-0.0296829248338957,0.3815422596563936,12.217,57.1
1938,1905-04-25 00:00:00,0.1574664105357037,-0.048234208305242,0.3631670293766494,12.217,57.1
1939,1905-04-26 00:00:00,0.236397675318059,0.0307219805640459,0.4420733700720721,12.217,57.1
1940,1905-04-27 00:00:00,0.0863390746069397,-0.1192814798886205,0.2919596291024999,12.217,57.1
1941,1905-04-28 00:00:00,0.0841966766379297,-0.1213342675089108,0.2897276207847704,12.217,57.1
1942,1905-04-29 00:00:00,0.1823463541334507,-0.0233795784505433,0.3880722867174448,12.217,57.1
1943,1905-04-30 00:00:00,0.1579710159919688,-0.0475924289984215,0.3635344609823592,12.217,57.1
1944,1905-05-01 00:00:00,0.1439276055735496,-0.0617101297459859,0.3495653408930851,12.217,57.1
1945,1905-05-02 00:00:00,0.1348360897387139,-0.0710418612978646,0.3407140407752925,12.217,57.1
1946,1905-05-03 00:00:00,0.1771782084279055,-0.0286701417157279,0.383026558571539,12.217,57.1
1947,1905-05-04 00:00:00,0.0928312665950195,-0.1128203823379237,0.2984829155279628,12.217,57.1
1948,1905-05-05 00:00:00,-0.0268464817305694,-0.2324716227874055,0.1787786593262667,12.217,57.1
1949,1905-05-06 00:00:00,-0.1143585950401508,-0.3200241965308703,0.0913070064505686,12.217,57.1
1950,1905-05-07 00:00:00,-0.0459784756540742,-0.2518618492376043,0.1599048979294558,12.217,57.1
1951,1905-05-08 00:00:00,0.0258522753268405,-0.1798830407004206,0.2315875913541018,12.217,57.1
1952,1905-05-09 00:00:00,0.0597271864155073,-0.1460745150632715,0.2655288878942863,12.217,57.1
1953,1905-05-10 00:00:00,0.0513774209497695,-0.1543501841185948,0.257105026018134,12.217,57.1
1954,1905-05-11 00:00:00,0.0419778694110959,-0.1635793212466563,0.2475350600688482,12.217,57.1
1955,1905-05-12 00:00:00,0.1028244420464995,-0.1026963907313784,0.3083452748243774,12.217,57.1
1956,1905-05-13 00:00:00,0.0841099353130921,-0.1217142716944139,0.2899341423205983,12.217,57.1
1957,1905-05-14 00:00:00,-0.0506811304856197,-0.2568366257811773,0.1554743648099377,12.217,57.1
1958,1905-05-15 00:00:00,-0.0598252117072645,-0.2653392798606039,0.1456888564460747,12.217,57.1
1959,1905-05-16 00:00:00,-0.0711842622868787,-0.2766067793646727,0.1342382547909152,12.217,57.1
1960,1905-05-17 00:00:00,-0.0651200399264566,-0.2706272599506575,0.1403871800977442,12.217,57.1
1961,1905-05-18 00:00:00,-0.0473738131693743,-0.2529317675290241,0.1581841411902754,12.217,57.1
1962,1905-05-19 00:00:00,-0.028864557648392,-0.2344289408564551,0.176699825559671,12.217,57.1
1963,1905-05-20 00:00:00,-0.0240772459611792,-0.2296197605890176,0.181465268666659,12.217,57.1
1964,1905-05-21 00:00:00,0.0559396918538759,-0.149875924823846,0.261755308531598,12.217,57.1
1965,1905-05-22 00:00:00,0.0399628825144832,-0.1659547062829997,0.2458804713119662,12.217,57.1
1966,1905-05-23 00:00:00,0.0374777584758711,-0.1686514433864299,0.2436069603381723,12.217,57.1
1967,1905-05-24 00:00:00,0.1093139384329718,-0.0963409461746819,0.3149688230406257,12.217,57.1
1968,1905-05-25 00:00:00,0.1105776786726188,-0.0949177328325167,0.3160730901777545,12.217,57.1
1969,1905-05-26 00:00:00,0.053843323582084,-0.1516202021260382,0.2593068492902065,12.217,57.1
1970,1905-05-27 00:00:00,0.0356460127235345,-0.1697852255245902,0.2410772509716593,12.217,57.1
1971,1905-05-28 00:00:00,0.0120702110152401,-0.1933193748334133,0.2174597968638936,12.217,57.1
1972,1905-05-29 00:00:00,-0.0074005619369149,-0.2127956830631285,0.1979945591892986,12.217,57.1
1973,1905-05-30 00:00:00,0.0401396404340385,-0.1652715429937712,0.2455508238618483,12.217,57.1
1974,1905-05-31 00:00:00,0.0342024027012514,-0.171306102633532,0.2397109080360348,12.217,57.1
1975,1905-06-01 00:00:00,0.0428881453819395,-0.1626014952374691,0.2483777860013482,12.217,57.1
1976,1905-06-02 00:00:00,0.085452123512974,-0.1202358166143896,0.2911400636403377,12.217,57.1
1977,1905-06-03 00:00:00,0.1175039963000805,-0.0884407279581832,0.3234487205583444,12.217,57.1
1978,1905-06-04 00:00:00,0.0649771087746035,-0.1418479477678433,0.2718021653170505,12.217,57.1
1979,1905-06-05 00:00:00,0.0162737125700291,-0.1894502357600043,0.2219976609000626,12.217,57.1
1980,1905-06-06 00:00:00,-0.0020076456137304,-0.2077245047028313,0.2037092134753703,12.217,57.1
1981,1905-06-07 00:00:00,-0.0193953391742239,-0.2250200085545632,0.1862293302061153,12.217,57.1
1982,1905-06-08 00:00:00,-0.0359110927521762,-0.2415831117022009,0.1697609261978485,12.217,57.1
1983,1905-06-09 00:00:00,-0.0525047219597244,-0.2581174650178309,0.153108021098382,12.217,57.1
1984,1905-06-10 00:00:00,-0.0443381788456028,-0.2500530690411433,0.1613767113499377,12.217,57.1
1985,1905-06-11 00:00:00,-0.0063300374322586,-0.2121359445692421,0.1994758697047248,12.217,57.1
1986,1905-06-12 00:00:00,-0.0100525179775372,-0.2157633028341125,0.1956582668790379,12.217,57.1
1987,1905-06-13 00:00:00,-0.0152210467649357,-0.2207268990446841,0.1902848055148126,12.217,57.1
1988,1905-06-14 00:00:00,-0.0430023860209708,-0.2485750476139812,0.1625702755720396,12.217,57.1
1989,1905-06-15 00:00:00,0.0067112703149322,-0.1990838544948069,0.2125063951246715,12.217,57.1
1990,1905-06-16 00:00:00,-0.0029790813800927,-0.2084472617568895,0.2024890989967041,12.217,57.1
1991,1905-06-17 00:00:00,-0.0087697454518428,-0.2142516479041351,0.1967121570004493,12.217,57.1
1992,1905-06-18 00:00:00,-0.0046914236605575,-0.2101802635396465,0.2007974162185314,12.217,57.1
1993,1905-06-19 00:00:00,0.0773132754977182,-0.1281994998254714,0.2828260508209078,12.217,57.1
1994,1905-06-20 00:00:00,0.0219928918775068,-0.1836039417020322,0.2275897254570458,12.217,57.1
1995,1905-06-21 00:00:00,0.0346032998551856,-0.17117575464411,0.2403823543544813,12.217,57.1
1996,1905-06-22 00:00:00,0.0679378385247883,-0.1384829530993408,0.2743586301489174,12.217,57.1
1997,1905-06-23 00:00:00,0.0367794961651755,-0.1691686753931549,0.242727667723506,12.217,57.1
1998,1905-06-24 00:00:00,-0.0307859723181746,-0.2366483910145099,0.1750764463781605,12.217,57.1
1999,1905-06-25 00:00:00,-0.0652675808249558,-0.2707595378204808,0.1402243761705691,12.217,57.1
2000,1905-06-26 00:00:00,-0.0276265234614747,-0.2331775908999357,0.1779245439769861,12.217,57.1
2001,1905-06-27 00:00:00,0.0051195953967644,-0.2004224472435939,0.2106616380371228,12.217,57.1
2002,1905-06-28 00:00:00,0.0957881526884402,-0.1097445394532175,0.3013208448300981,12.217,57.1
2003,1905-06-29 00:00:00,0.1081495485133755,-0.0973021038710227,0.3136012008977738,12.217,57.1
2004,1905-06-30 00:00:00,0.0559925713724223,-0.1494447289281961,0.2614298716730407,12.217,57.1
2005,1905-07-01 00:00:00,-0.0010870406617625,-0.2065440333487225,0.2043699520251974,12.217,57.1
2006,1905-07-02 00:00:00,0.0133250838784457,-0.1921647048759881,0.2188148726328795,12.217,57.1
2007,1905-07-03 00:00:00,0.071791113144553,-0.1337441150496149,0.277326341338721,12.217,57.1
2008,1905-07-04 00:00:00,0.0976020481217401,-0.1080801928580355,0.3032842891015158,12.217,57.1
2009,1905-07-05 00:00:00,0.0419718609507481,-0.1636334233582987,0.2475771452597949,12.217,57.1
2010,1905-07-06 00:00:00,0.0995228212808656,-0.1061358262913407,0.3051814688530721,12.217,57.1
2011,1905-07-07 00:00:00,0.1066404430175443,-0.0992050842583445,0.3124859702934333,12.217,57.1
2012,1905-07-08 00:00:00,0.1645614055170128,-0.0411191322472652,0.3702419432812908,12.217,57.1
2013,1905-07-09 00:00:00,0.1007332018939186,-0.1050731754720783,0.3065395792599156,12.217,57.1
2014,1905-07-10 00:00:00,0.0401040064753899,-0.1655552398303385,0.2457632527811184,12.217,57.1
2015,1905-07-11 00:00:00,0.041687634336245,-0.163803826620911,0.2471790952934012,12.217,57.1
2016,1905-07-12 00:00:00,0.0517710534977451,-0.15373281729347,0.2572749242889602,12.217,57.1
2017,1905-07-13 00:00:00,0.0484497808805701,-0.1571411761541904,0.2540407379153307,12.217,57.1
2018,1905-07-14 00:00:00,0.0475280141234172,-0.1581810144074181,0.2532370426542526,12.217,57.1
2019,1905-07-15 00:00:00,0.0516535366236331,-0.1541273494547314,0.2574344227019978,12.217,57.1
2020,1905-07-16 00:00:00,0.0797496480062623,-0.1257685179473717,0.2852678139598965,12.217,57.1
2021,1905-07-17 00:00:00,0.112662952946523,-0.092807643199843,0.318133549092889,12.217,57.1
2022,1905-07-18 00:00:00,0.1595058029644522,-0.0460666372366631,0.3650782431655675,12.217,57.1
2023,1905-07-19 00:00:00,0.1315531626814265,-0.0739421859529182,0.3370485113157713,12.217,57.1
2024,1905-07-20 00:00:00,0.0261237287219247,-0.1797669668110937,0.2320144242549432,12.217,57.1
2025,1905-07-21 00:00:00,0.0048653959988024,-0.2008621405925522,0.2105929325901572,12.217,57.1
2026,1905-07-22 00:00:00,0.0062224890975073,-0.1994279113619627,0.2118728895569773,12.217,57.1
2027,1905-07-23 00:00:00,0.0543229786779951,-0.1513020770226136,0.259948034378604,12.217,57.1
2028,1905-07-24 00:00:00,0.0617897129129003,-0.1438064433193822,0.2673858691451828,12.217,57.1
2029,1905-07-25 00:00:00,0.0588001544257641,-0.1468099569692139,0.2644102658207423,12.217,57.1
2030,1905-07-26 00:00:00,0.1002143539134964,-0.105381261161955,0.305809968988948,12.217,57.1
2031,1905-07-27 00:00:00,0.1284602800179962,-0.0771003211411377,0.3340208811771302,12.217,57.1
2032,1905-07-28 00:00:00,0.0434136589021484,-0.1620613442917377,0.2488886620960345,12.217,57.1
2033,1905-07-29 00:00:00,0.0342986975591268,-0.1711579399390886,0.2397553350573424,12.217,57.1
2034,1905-07-30 00:00:00,0.0690780394212877,-0.1364354675204165,0.2745915463629919,12.217,57.1
2035,1905-07-31 00:00:00,0.1847661251979056,-0.0210831709565042,0.3906154213523155,12.217,57.1
2036,1905-08-01 00:00:00,0.1486782719637869,-0.057655085468317,0.3550116293958908,12.217,57.1
2037,1905-08-02 00:00:00,0.059298958603575,-0.146520837329223,0.2651187545363732,12.217,57.1
2038,1905-08-03 00:00:00,0.1124733853087863,-0.0932674905892458,0.3182142612068185,12.217,57.1
2039,1905-08-04 00:00:00,0.0809478041953694,-0.1249058877645206,0.2868014961552596,12.217,57.1
2040,1905-08-05 00:00:00,0.1335985000628673,-0.0720459672401048,0.3392429673658395,12.217,57.1
2041,1905-08-06 00:00:00,0.0651735486775726,-0.1405823545170064,0.2709294518721519,12.217,57.1
2042,1905-08-07 00:00:00,0.0491647446868274,-0.1565578781843265,0.2548873675579814,12.217,57.1
2043,1905-08-08 00:00:00,0.0249910048942486,-0.1805977039510978,0.230579713739595,12.217,57.1
2044,1905-08-09 00:00:00,0.0607883278273272,-0.144740349573701,0.2663170052283556,12.217,57.1
2045,1905-08-10 00:00:00,0.0329383616904531,-0.1726384370938211,0.2385151604747275,12.217,57.1
2046,1905-08-11 00:00:00,0.1362053421532559,-0.0695410084456256,0.3419516927521375,12.217,57.1
2047,1905-08-12 00:00:00,0.2155116359739047,0.0098184419523158,0.4212048299954937,12.217,57.1
2048,1905-08-13 00:00:00,0.2265933166358747,0.0204551674206404,0.432731465851109,12.217,57.1
2049,1905-08-14 00:00:00,0.084545267519665,-0.1210301596644084,0.2901206947037386,12.217,57.1
2050,1905-08-15 00:00:00,0.0259273875596866,-0.1795685673927879,0.2314233425121612,12.217,57.1
2051,1905-08-16 00:00:00,0.0370266945758103,-0.1684268080894966,0.2424801972411174,12.217,57.1
2052,1905-08-17 00:00:00,-0.0026129806663651,-0.2085384513429175,0.2033124900101873,12.217,57.1
2053,1905-08-18 00:00:00,0.0100572533755033,-0.1954571955233141,0.2155717022743208,12.217,57.1
2054,1905-08-19 00:00:00,0.0937012140744452,-0.1121720937470632,0.2995745218959538,12.217,57.1
2055,1905-08-20 00:00:00,0.2216337683099436,0.0152302631407721,0.4280372734791151,12.217,57.1
2056,1905-08-21 00:00:00,0.1365580406293125,-0.0692431640490784,0.3423592453077035,12.217,57.1
2057,1905-08-22 00:00:00,0.038819837933737,-0.1669032949055222,0.2445429707729963,12.217,57.1
2058,1905-08-23 00:00:00,0.1108745711331039,-0.094833126349337,0.3165822686155449,12.217,57.1
2059,1905-08-24 00:00:00,0.2771030126333043,0.0697848589263601,0.4844211663402484,12.217,57.1
2060,1905-08-25 00:00:00,0.0751579314853942,-0.1331714333714727,0.2834872963422611,12.217,57.1
2061,1905-08-26 00:00:00,0.0178385601151433,-0.1881815569676166,0.2238586771979032,12.217,57.1
2062,1905-08-27 00:00:00,-0.0214933307870116,-0.2274750927434084,0.1844884311693851,12.217,57.1
2063,1905-08-28 00:00:00,0.1640050966015281,-0.0428152300578593,0.3708254232609156,12.217,57.1
2064,1905-08-29 00:00:00,0.101122202054119,-0.1052405162517339,0.307484920359972,12.217,57.1
2065,1905-08-30 00:00:00,0.0563189509339154,-0.1501476624450495,0.2627855643128803,12.217,57.1
2066,1905-08-31 00:00:00,0.0830076742731745,-0.1249143986418049,0.290929747188154,12.217,57.1
2067,1905-09-01 00:00:00,0.0134853340493952,-0.1937153532759572,0.2206860213747478,12.217,57.1
2068,1905-09-02 00:00:00,0.2565679747850127,0.0507788242098954,0.4623571253601299,12.217,57.1
2069,1905-09-03 00:00:00,0.1949700589965214,-0.0107211843813534,0.4006613023743964,12.217,57.1
2070,1905-09-04 00:00:00,0.1366753425659646,-0.0689249447986899,0.3422756299306192,12.217,57.1
2071,1905-09-05 00:00:00,0.075688920634787,-0.1301165258302196,0.2814943670997937,12.217,57.1
2072,1905-09-06 00:00:00,0.1037878003718338,-0.1017192769937427,0.3092948777374104,12.217,57.1
2073,1905-09-07 00:00:00,0.1028003098205456,-0.1027111868052342,0.3083118064463255,12.217,57.1
2074,1905-09-08 00:00:00,0.1896549144204841,-0.0163855092059753,0.3956953380469435,12.217,57.1
2075,1905-09-09 00:00:00,0.2023546069751274,-0.0040965196218571,0.408805733572112,12.217,57.1
2076,1905-09-10 00:00:00,0.1888378440122394,-0.0172332567761103,0.3949089448005892,12.217,57.1
2077,1905-09-11 00:00:00,0.2646361896316854,0.0573231165796207,0.4719492626837501,12.217,57.1
2078,1905-09-12 00:00:00,0.2026196447221559,-0.0043743097345967,0.4096135991789086,12.217,57.1
2079,1905-09-13 00:00:00,0.0174878061148143,-0.1881421809701166,0.2231177931997453,12.217,57.1
2080,1905-09-14 00:00:00,0.0469928077340793,-0.1584701396477301,0.2524557551158889,12.217,57.1
2081,1905-09-15 00:00:00,0.0232693035140549,-0.1824174883178089,0.2289560953459188,12.217,57.1
2082,1905-09-16 00:00:00,0.104083327406883,-0.1016822149694419,0.309848869783208,12.217,57.1
2083,1905-09-17 00:00:00,0.1378065105422406,-0.0681316820839984,0.3437447031684797,12.217,57.1
2084,1905-09-18 00:00:00,0.0062855943363148,-0.1996164300651745,0.2121876187378043,12.217,57.1
2085,1905-09-19 00:00:00,-0.0183793787163195,-0.2239151447420558,0.1871563873094167,12.217,57.1
2086,1905-09-20 00:00:00,0.0277358000054165,-0.1780170321207995,0.2334886321316325,12.217,57.1
2087,1905-09-21 00:00:00,-0.049642526478238,-0.2553848456663652,0.1560997927098891,12.217,57.1
2088,1905-09-22 00:00:00,-0.1129435974095811,-0.3185056252812338,0.0926184304620714,12.217,57.1
2089,1905-09-23 00:00:00,-0.0640290533272835,-0.2697867898842628,0.1417286832296958,12.217,57.1
2090,1905-09-24 00:00:00,-0.0528098572129555,-0.2586998812649345,0.1530801668390234,12.217,57.1
2091,1905-09-25 00:00:00,-0.0268242552840133,-0.2326116374062079,0.1789631268381813,12.217,57.1
2092,1905-09-26 00:00:00,-0.0421572421037999,-0.2481602135184684,0.1638457293108685,12.217,57.1
2093,1905-09-27 00:00:00,0.1089770451068606,-0.0974553477707772,0.3154094379844984,12.217,57.1
2094,1905-09-28 00:00:00,-0.0187814091563305,-0.2246821637021679,0.1871193453895069,12.217,57.1
2095,1905-09-29 00:00:00,-0.0700760625414528,-0.2757805059410371,0.1356283808581315,12.217,57.1
2096,1905-09-30 00:00:00,0.0044188529224432,-0.2011938061413098,0.2100315119861963,12.217,57.1
2097,1905-10-01 00:00:00,0.1299652084144257,-0.0763120198131949,0.3362424366420464,12.217,57.1
2098,1905-10-02 00:00:00,0.1006470645142668,-0.1054538289728215,0.3067479580013551,12.217,57.1
2099,1905-10-03 00:00:00,0.105687495628813,-0.0998650902506935,0.3112400815083196,12.217,57.1
2100,1905-10-04 00:00:00,0.0481404698502303,-0.1576646670533825,0.2539456067538432,12.217,57.1
2101,1905-10-05 00:00:00,0.2539763157047835,0.0477945893358907,0.4601580420736763,12.217,57.1
2102,1905-10-06 00:00:00,0.1835740590079794,-0.023317340783611,0.3904654587995699,12.217,57.1
2103,1905-10-07 00:00:00,0.0670956357878949,-0.1443487702409437,0.2785400418167335,12.217,57.1
2104,1905-10-08 00:00:00,-0.0467770046413282,-0.2559360887854807,0.1623820795028242,12.217,57.1
2105,1905-10-09 00:00:00,-0.0783640881586588,-0.284641198614492,0.1279130222971743,12.217,57.1
2106,1905-10-10 00:00:00,-0.0497585795691782,-0.2556296341599621,0.1561124750216055,12.217,57.1
2107,1905-10-11 00:00:00,-0.0721828669132578,-0.2778988075256667,0.133533073699151,12.217,57.1
2108,1905-10-12 00:00:00,-0.0394431829853244,-0.2449505684664801,0.1660642024958311,12.217,57.1
2109,1905-10-13 00:00:00,0.1416719740067512,-0.0641293654877472,0.3474733135012497,12.217,57.1
2110,1905-10-14 00:00:00,0.1972994025540881,-0.0098513321655199,0.4044501372736961,12.217,57.1
2111,1905-10-15 00:00:00,0.1890689365125145,-0.0187248910048787,0.3968627640299078,12.217,57.1
2112,1905-10-16 00:00:00,0.2671412046525085,0.0608029911855569,0.47347941811946,12.217,57.1
2113,1905-10-17 00:00:00,0.1440798463533768,-0.0617794713186978,0.3499391640254514,12.217,57.1
2114,1905-10-18 00:00:00,0.063037310962485,-0.1426982010433979,0.2687728229683681,12.217,57.1
2115,1905-10-19 00:00:00,-0.0386492312272015,-0.2442259615968302,0.166927499142427,12.217,57.1
2116,1905-10-20 00:00:00,-0.0758154241588207,-0.2812605710472923,0.1296297227296507,12.217,57.1
2117,1905-10-21 00:00:00,0.0091129440502522,-0.1964988028084367,0.2147246909089412,12.217,57.1
2118,1905-10-22 00:00:00,-0.0159308579999666,-0.221963426092814,0.1901017100928807,12.217,57.1
2119,1905-10-23 00:00:00,-0.0377662499930966,-0.2433792438270364,0.1678467438408431,12.217,57.1
2120,1905-10-24 00:00:00,-0.0521805582625501,-0.2581456550651605,0.1537845385400603,12.217,57.1
2121,1905-10-25 00:00:00,-0.0842572594466986,-0.2902466532359886,0.1217321343425913,12.217,57.1
2122,1905-10-26 00:00:00,-0.061474815369215,-0.2673879265818664,0.1444382958434363,12.217,57.1
2123,1905-10-27 00:00:00,0.0738463784405729,-0.1320449872294363,0.2797377441105823,12.217,57.1
2124,1905-10-28 00:00:00,0.1465848138357468,-0.0596907601948281,0.3528603878663219,12.217,57.1
2125,1905-10-29 00:00:00,0.0871889370175347,-0.1184578669898619,0.2928357410249314,12.217,57.1
2126,1905-10-30 00:00:00,0.1405372849705923,-0.0650816211006674,0.3461561910418521,12.217,57.1
2127,1905-10-31 00:00:00,0.1382515920168888,-0.0674897273344245,0.3439929113682021,12.217,57.1
2128,1905-11-01 00:00:00,0.2225934042091407,0.0167098940812043,0.4284769143370771,12.217,57.1
2129,1905-11-02 00:00:00,0.1227734486045259,-0.083009160931829,0.3285560581408809,12.217,57.1
2130,1905-11-03 00:00:00,-0.0413978184607997,-0.247438780688535,0.1646431437669355,12.217,57.1
2131,1905-11-04 00:00:00,0.112809566936988,-0.0943301122146316,0.3199492460886076,12.217,57.1
2132,1905-11-05 00:00:00,0.0013821831794279,-0.2051934552473185,0.2079578216061745,12.217,57.1
2133,1905-11-06 00:00:00,-0.0450457950067399,-0.2524102295923613,0.1623186395788814,12.217,57.1
2134,1905-11-07 00:00:00,0.3329643345768792,0.124090675255277,0.5418379938984814,12.217,57.1
2135,1905-11-08 00:00:00,0.0516050117440406,-0.155297029188921,0.2585070526770022,12.217,57.1
2136,1905-11-09 00:00:00,-0.0016300656670018,-0.207500902820079,0.2042407714860753,12.217,57.1
2137,1905-11-10 00:00:00,-0.0528415118534958,-0.2585377575281191,0.1528547338211275,12.217,57.1
2138,1905-11-11 00:00:00,-0.0593888213441547,-0.2650106997744238,0.1462330570861143,12.217,57.1
2139,1905-11-12 00:00:00,-0.0184324148503104,-0.2245373130287021,0.1876724833280811,12.217,57.1
2140,1905-11-13 00:00:00,0.0114212498143386,-0.194849234642953,0.2176917342716303,12.217,57.1
2141,1905-11-14 00:00:00,-0.0395999554268649,-0.2465368306338481,0.1673369197801182,12.217,57.1
2142,1905-11-15 00:00:00,-0.0270493129319707,-0.2345401644116841,0.1804415385477426,12.217,57.1
2143,1905-11-16 00:00:00,0.0184435450786435,-0.1894524703446091,0.2263395605018963,12.217,57.1
2144,1905-11-17 00:00:00,-0.0236578650121974,-0.2307930494123153,0.1834773193879204,12.217,57.1
2145,1905-11-18 00:00:00,-0.0717110938890645,-0.2780134129738471,0.134591225195718,12.217,57.1
2146,1905-11-19 00:00:00,0.0123760441366546,-0.193211172321929,0.2179632605952383,12.217,57.1
2147,1905-11-20 00:00:00,0.0806896735451277,-0.1257290278431447,0.2871083749334001,12.217,57.1
2148,1905-11-21 00:00:00,0.0323810668835237,-0.1735012143614591,0.2382633481285066,12.217,57.1
2149,1905-11-22 00:00:00,0.1134254462626032,-0.0924422043505726,0.3192930968757792,12.217,57.1
2150,1905-11-23 00:00:00,0.1858033262918106,-0.0201343485123362,0.3917410010959575,12.217,57.1
2151,1905-11-24 00:00:00,0.2871684781835731,0.080180078318201,0.4941568780489452,12.217,57.1
2152,1905-11-25 00:00:00,0.2963304898163178,0.0900449385457313,0.5026160410869043,12.217,57.1
2153,1905-11-26 00:00:00,0.2876275588884839,0.081678879953957,0.4935762378230108,12.217,57.1
2154,1905-11-27 00:00:00,0.2998733913752991,0.0932814488028276,0.5064653339477707,12.217,57.1
2155,1905-11-28 00:00:00,0.5005904604284338,0.2923671932207102,0.7088137276361574,12.217,57.1
2156,1905-11-29 00:00:00,0.2940535153101836,0.0864168156230672,0.5016902149973,12.217,57.1
2157,1905-11-30 00:00:00,-0.0180058783427953,-0.2240470554216092,0.1880352987360186,12.217,57.1
2158,1905-12-01 00:00:00,0.0553673117224571,-0.150667222794445,0.2614018462393593,12.217,57.1
2159,1905-12-02 00:00:00,0.0570443714586431,-0.1512951887471463,0.2653839316644326,12.217,57.1
2160,1905-12-03 00:00:00,0.1411460396696968,-0.0653103180421063,0.3476023973815,12.217,57.1
2161,1905-12-04 00:00:00,0.0569291311204353,-0.1494712334078018,0.2633294956486726,12.217,57.1
2162,1905-12-05 00:00:00,0.0291396890114264,-0.1764467389051485,0.2347261169280014,12.217,57.1
2163,1905-12-06 00:00:00,0.0681532690489897,-0.1373865883651039,0.2736931264630834,12.217,57.1
2164,1905-12-07 00:00:00,0.139942238903068,-0.0660066393126292,0.3458911171187652,12.217,57.1
2165,1905-12-08 00:00:00,0.2693227533467222,0.0611289813181155,0.4775165253753287,12.217,57.1
2166,1905-12-09 00:00:00,0.2630892860232713,0.0568152891850382,0.4693632828615044,12.217,57.1
2167,1905-12-10 00:00:00,0.1681498657070109,-0.0375934630825601,0.373893194496582,12.217,57.1
2168,1905-12-11 00:00:00,-0.0839454497444775,-0.2898342840160262,0.1219433845270711,12.217,57.1
2169,1905-12-12 00:00:00,0.0672065291091207,-0.1386026907070456,0.273015748925287,12.217,57.1
2170,1905-12-13 00:00:00,0.0555437654215018,-0.1512256849882677,0.2623132158312714,12.217,57.1
2171,1905-12-14 00:00:00,0.032572507062857,-0.173919139267716,0.2390641533934301,12.217,57.1
2172,1905-12-15 00:00:00,0.0285081596741073,-0.1774342992251627,0.2344506185733773,12.217,57.1
2173,1905-12-16 00:00:00,0.2883910563385032,0.0816872740341898,0.4950948386428167,12.217,57.1
2174,1905-12-17 00:00:00,0.0755674259559407,-0.1321855066669785,0.2833203585788601,12.217,57.1
2175,1905-12-18 00:00:00,-0.1484571058303997,-0.3555790045883459,0.0586647929275463,12.217,57.1
2176,1905-12-19 00:00:00,-0.0253332354552004,-0.2313159273504865,0.1806494564400856,12.217,57.1
2177,1905-12-20 00:00:00,0.1450234963909177,-0.0611258370232168,0.3511728298050522,12.217,57.1
2178,1905-12-21 00:00:00,0.3012652578263205,0.0950895046803667,0.5074410109722743,12.217,57.1
2179,1905-12-22 00:00:00,0.1354190913600595,-0.0704501110687312,0.3412882937888504,12.217,57.1
2180,1905-12-23 00:00:00,0.0287901771134025,-0.1769095310958456,0.2344898853226508,12.217,57.1
2181,1905-12-24 00:00:00,-0.0231614942663014,-0.2287061964592711,0.1823832079266683,12.217,57.1
2182,1905-12-25 00:00:00,0.0491872195244483,-0.156426088249723,0.2548005272986197,12.217,57.1
2183,1905-12-26 00:00:00,0.112319891801507,-0.093469333124439,0.3181091167274532,12.217,57.1
2184,1905-12-27 00:00:00,0.0151404289787571,-0.1910160628151849,0.2212969207726993,12.217,57.1
2185,1905-12-28 00:00:00,0.0585478778048788,-0.1470386323602633,0.264134387970021,12.217,57.1
2186,1905-12-29 00:00:00,0.0814040516186103,-0.1241850428329224,0.2869931460701431,12.217,57.1
2187,1905-12-30 00:00:00,-0.0678258371723112,-0.2740036249554133,0.1383519506107907,12.217,57.1
2188,1905-12-31 00:00:00,-0.0783619634756916,-0.2849453874185784,0.128221460467195,12.217,57.1
2189,1906-01-01 00:00:00,-0.1066897634659832,-0.3126502818705139,0.0992707549385474,12.217,57.1
2190,1906-01-02 00:00:00,-0.0187768983985065,-0.2243620750862033,0.1868082782891902,12.217,57.1
2191,1906-01-03 00:00:00,-0.0575456999938285,-0.2634528737858299,0.1483614737981728,12.217,57.1
2192,1906-01-04 00:00:00,0.0582843161872239,-0.1478490968200006,0.2644177291944484,12.217,57.1
2193,1906-01-05 00:00:00,0.0992704206077217,-0.1072289615649465,0.3057698027803899,12.217,57.1
2194,1906-01-06 00:00:00,0.0920945248025038,-0.1136390350205098,0.2978280846255174,12.217,57.1
2195,1906-01-07 00:00:00,0.1449341449716751,-0.0611087535878101,0.3509770435311604,12.217,57.1
2196,1906-01-08 00:00:00,0.1488112791577452,-0.0570396081029385,0.3546621664184289,12.217,57.1
2197,1906-01-09 00:00:00,0.1732162797308532,-0.0326738536430614,0.379106413104768,12.217,57.1
2198,1906-01-10 00:00:00,0.1590081580123572,-0.0469139764474993,0.3649302924722138,12.217,57.1
2199,1906-01-11 00:00:00,0.2279919074958586,0.0216410485687905,0.4343427664229267,12.217,57.1
2200,1906-01-12 00:00:00,0.1134030880460229,-0.0923726216101099,0.3191787977021559,12.217,57.1
2201,1906-01-13 00:00:00,0.278257101718431,0.0717490397009694,0.4847651637358926,12.217,57.1
2202,1906-01-14 00:00:00,0.262757248598681,0.0564603559496423,0.4690541412477196,12.217,57.1
2203,1906-01-15 00:00:00,0.2149556946748824,0.0088976791972394,0.4210137101525255,12.217,57.1
2204,1906-01-16 00:00:00,0.1680747271486114,-0.0379093793172857,0.3740588336145086,12.217,57.1
2205,1906-01-17 00:00:00,0.2621595501529581,0.0545175414303504,0.4698015588755659,12.217,57.1
2206,1906-01-18 00:00:00,0.4828287957100845,0.2744630953769215,0.6911944960432476,12.217,57.1
2207,1906-01-19 00:00:00,0.1839579537652693,-0.0221924450007326,0.3901083525312713,12.217,57.1
2208,1906-01-20 00:00:00,0.0448751451776255,-0.1639628619432986,0.2537131522985497,12.217,57.1
2209,1906-01-21 00:00:00,-0.098267843066012,-0.3051081637399164,0.1085724776078924,12.217,57.1
2210,1906-01-22 00:00:00,-0.1158575568368718,-0.3217693683695303,0.0900542546957866,12.217,57.1
2211,1906-01-23 00:00:00,-0.1542716823825947,-0.3600356817773732,0.0514923170121838,12.217,57.1
2212,1906-01-24 00:00:00,-0.0447847730540136,-0.2505221713856273,0.1609526252776001,12.217,57.1
2213,1906-01-25 00:00:00,0.1486463371992976,-0.0578991882233866,0.3551918626219819,12.217,57.1
2214,1906-01-26 00:00:00,0.3486365829917597,0.1401367272877267,0.5571364386957927,12.217,57.1
2215,1906-01-27 00:00:00,0.384734103445765,0.1781179216771581,0.5913502852143719,12.217,57.1
2216,1906-01-28 00:00:00,0.388473313737564,0.1805390004495103,0.5964076270256177,12.217,57.1
2217,1906-01-29 00:00:00,0.502749524032979,0.2939641311593921,0.7115349169065659,12.217,57.1
2218,1906-01-30 00:00:00,0.1105696442777898,-0.0962647745505354,0.3174040631061152,12.217,57.1
2219,1906-01-31 00:00:00,0.1414090867622923,-0.0648072249550035,0.3476253984795883,12.217,57.1
2220,1906-02-01 00:00:00,0.005218031813967,-0.2015844355255213,0.2120204991534555,12.217,57.1
2221,1906-02-02 00:00:00,0.3188979504651366,0.1123093808769799,0.5254865200532933,12.217,57.1
2222,1906-02-03 00:00:00,0.3393994982259114,0.1335123793121209,0.545286617139702,12.217,57.1
2223,1906-02-04 00:00:00,0.1696776238543918,-0.0367598503275305,0.3761150980363142,12.217,57.1
2224,1906-02-05 00:00:00,-0.0708835471720405,-0.2781128835543556,0.1363457892102746,12.217,57.1
2225,1906-02-06 00:00:00,-0.0519127181420327,-0.2576744985582997,0.1538490622742342,12.217,57.1
2226,1906-02-07 00:00:00,0.0538129374661935,-0.1518067937227907,0.2594326686551779,12.217,57.1
2227,1906-02-08 00:00:00,0.1381260581021993,-0.0677790166619078,0.3440311328663065,12.217,57.1
2228,1906-02-09 00:00:00,0.3076801030919878,0.0998129608873056,0.51554724529667,12.217,57.1
2229,1906-02-10 00:00:00,0.2412228036650231,0.0348128050806975,0.4476328022493487,12.217,57.1
2230,1906-02-11 00:00:00,0.2697911226749325,0.0632535754498084,0.4763286699000566,12.217,57.1
2231,1906-02-12 00:00:00,0.3198348409420909,0.1118344130431802,0.5278352688410017,12.217,57.1
2232,1906-02-13 00:00:00,0.197339013590678,-0.0091689426205823,0.4038469698019384,12.217,57.1
2233,1906-02-14 00:00:00,0.1123371901313147,-0.093256282830283,0.3179306630929124,12.217,57.1
2234,1906-02-15 00:00:00,0.0529069419989011,-0.1525830050810671,0.2583968890788695,12.217,57.1
2235,1906-02-16 00:00:00,0.0557523502515356,-0.14975005058061,0.2612547510836813,12.217,57.1
2236,1906-02-17 00:00:00,0.1709548368120996,-0.0350365933479163,0.3769462669721157,12.217,57.1
2237,1906-02-18 00:00:00,0.1207655095424809,-0.085344259355496,0.3268752784404579,12.217,57.1
2238,1906-02-19 00:00:00,0.033395836575751,-0.1724691662444729,0.239260839395975,12.217,57.1
2239,1906-02-20 00:00:00,0.0288859301791275,-0.1767347978033566,0.2345066581616117,12.217,57.1
2240,1906-02-21 00:00:00,0.0353817139151626,-0.1701675406440819,0.2409309684744072,12.217,57.1
2241,1906-02-22 00:00:00,0.0014896842488392,-0.2043491681303913,0.2073285366280698,12.217,57.1
2242,1906-02-23 00:00:00,0.0023735632836498,-0.203411101036894,0.2081582276041937,12.217,57.1
2243,1906-02-24 00:00:00,0.0635460077832461,-0.1425039745067895,0.2695959900732818,12.217,57.1
2244,1906-02-25 00:00:00,0.026152417614901,-0.17951134445095,0.2318161796807521,12.217,57.1
2245,1906-02-26 00:00:00,0.2993876229604537,0.0921802837281864,0.5065949621927209,12.217,57.1
2246,1906-02-27 00:00:00,0.234578548942668,0.0267201534137747,0.4424369444715612,12.217,57.1
2247,1906-02-28 00:00:00,0.2115856267758512,0.0056740615893822,0.4174971919623202,12.217,57.1
2248,1906-03-01 00:00:00,0.2224040672244737,0.016292377328381,0.4285157571205663,12.217,57.1
2249,1906-03-02 00:00:00,0.3391260347633124,0.1328976943128795,0.5453543752137452,12.217,57.1
2250,1906-03-03 00:00:00,0.1125016148554306,-0.0995916839623596,0.3245949136732208,12.217,57.1
2251,1906-03-04 00:00:00,0.0688224604062678,-0.1374556321739722,0.2751005529865079,12.217,57.1
2252,1906-03-05 00:00:00,0.3289283272309853,0.1230461558776034,0.5348104985843672,12.217,57.1
2253,1906-03-06 00:00:00,0.2595469279756131,0.05340376123761,0.4656900947136162,12.217,57.1
2254,1906-03-07 00:00:00,0.3454127223028783,0.1385563945608407,0.5522690500449159,12.217,57.1
2255,1906-03-08 00:00:00,0.3683930201077726,0.161577246694667,0.5752087935208783,12.217,57.1
2256,1906-03-09 00:00:00,0.6326414735462189,0.4253378674866374,0.8399450796058004,12.217,57.1
2257,1906-03-10 00:00:00,0.4108323467592498,0.2018677031100579,0.6197969904084417,12.217,57.1
2258,1906-03-11 00:00:00,0.140517227909531,-0.071971924608566,0.3530063804276282,12.217,57.1
2259,1906-03-12 00:00:00,0.1282347054273868,-0.0832419976960658,0.3397114085508396,12.217,57.1
2260,1906-03-13 00:00:00,0.6407457248001698,0.4280949476081414,0.8533965019921981,12.217,57.1
2261,1906-03-14 00:00:00,0.3626832554817983,0.1549100822190343,0.5704564287445624,12.217,57.1
2262,1906-03-15 00:00:00,0.1596707932309297,-0.0463803891474771,0.3657219756093366,12.217,57.1
2263,1906-03-16 00:00:00,0.2238889308355232,0.0176755166007629,0.4301023450702835,12.217,57.1
2264,1906-03-17 00:00:00,0.2874081911002141,0.0807950968615127,0.4940212853389154,12.217,57.1
2265,1906-03-18 00:00:00,0.4322083871571814,0.2258373548295395,0.6385794194848233,12.217,57.1
2266,1906-03-19 00:00:00,0.1929394515279502,-0.0134772493100443,0.3993561523659448,12.217,57.1
2267,1906-03-20 00:00:00,0.0402717900992986,-0.1659692533937595,0.2465128335923568,12.217,57.1
2268,1906-03-21 00:00:00,0.0210576522067519,-0.1850242131914699,0.2271395176049738,12.217,57.1
2269,1906-03-22 00:00:00,-0.0741013070674729,-0.2799165377726439,0.131713923637698,12.217,57.1
2270,1906-03-23 00:00:00,-0.0125714950595382,-0.2181142703772655,0.192971280258189,12.217,57.1
2271,1906-03-24 00:00:00,-0.0158602460669573,-0.2214077806635387,0.189687288529624,12.217,57.1
2272,1906-03-25 00:00:00,0.0663328355459332,-0.1395123692898801,0.2721780403817466,12.217,57.1
2273,1906-03-26 00:00:00,0.0321018137197706,-0.1740322074094883,0.2382358348490295,12.217,57.1
2274,1906-03-27 00:00:00,-0.0091847703897132,-0.2147781485106151,0.1964086077311886,12.217,57.1
2275,1906-03-28 00:00:00,0.0704040917807153,-0.1357978224793724,0.2766060060408031,12.217,57.1
2276,1906-03-29 00:00:00,0.1026567691791513,-0.1040487095862415,0.3093622479445442,12.217,57.1
2277,1906-03-30 00:00:00,0.0750654109350995,-0.1308059346839839,0.2809367565541829,12.217,57.1
2278,1906-03-31 00:00:00,0.0236352756609143,-0.1819687023283892,0.2292392536502179,12.217,57.1
2279,1906-04-01 00:00:00,-0.0112163374934332,-0.217306481547907,0.1948738065610404,12.217,57.1
2280,1906-04-02 00:00:00,-0.0865908429240985,-0.2926395068921775,0.1194578210439804,12.217,57.1
2281,1906-04-03 00:00:00,-0.079299797971069,-0.284879850028502,0.1262802540863639,12.217,57.1
2282,1906-04-04 00:00:00,-0.0419871886173792,-0.2475906131736809,0.1636162359389224,12.217,57.1
2283,1906-04-05 00:00:00,0.0109268951965943,-0.1955120629712286,0.2173658533644172,12.217,57.1
2284,1906-04-06 00:00:00,0.0314157055543481,-0.1744126684016651,0.2372440795103615,12.217,57.1
2285,1906-04-07 00:00:00,-0.0762020982320907,-0.2819232340466357,0.1295190375824543,12.217,57.1
2286,1906-04-08 00:00:00,-0.051883045656952,-0.2575240876150187,0.1537579963011145,12.217,57.1
2287,1906-04-09 00:00:00,-0.1075691738828708,-0.313236474047023,0.0980981262812812,12.217,57.1
2288,1906-04-10 00:00:00,-0.0981385888580481,-0.303856747481899,0.1075795697658028,12.217,57.1
2289,1906-04-11 00:00:00,0.0067763693261886,-0.198888938068884,0.2124416767212613,12.217,57.1
2290,1906-04-12 00:00:00,0.0780827939825218,-0.1278117786403944,0.2839773666054381,12.217,57.1
2291,1906-04-13 00:00:00,0.0547328043687024,-0.1512308690908286,0.2606964778282336,12.217,57.1
2292,1906-04-14 00:00:00,0.1242620527008759,-0.0819354699007016,0.3304595753024535,12.217,57.1
2293,1906-04-15 00:00:00,0.0051839096362038,-0.2009722780855798,0.2113400973579875,12.217,57.1
2294,1906-04-16 00:00:00,0.129131078847825,-0.0772264646789522,0.3354886223746023,12.217,57.1
2295,1906-04-17 00:00:00,0.1396888703565815,-0.0664526384207279,0.345830379133891,12.217,57.1
2296,1906-04-18 00:00:00,0.0644223977538212,-0.1411533053033668,0.2699981008110093,12.217,57.1
2297,1906-04-19 00:00:00,-0.0147866245464298,-0.2205706774343131,0.1909974283414534,12.217,57.1
2298,1906-04-20 00:00:00,-0.0080558513209792,-0.2144313448007118,0.1983196421587532,12.217,57.1
2299,1906-04-21 00:00:00,0.116776770887758,-0.0898573340596502,0.3234108758351663,12.217,57.1
2300,1906-04-22 00:00:00,0.1823952726215539,-0.0250060539298401,0.389796599172948,12.217,57.1
2301,1906-04-23 00:00:00,0.164041655275057,-0.0429023956185083,0.3709857061686224,12.217,57.1
2302,1906-04-24 00:00:00,0.1461566438881801,-0.0595010807933289,0.3518143685696893,12.217,57.1
2303,1906-04-25 00:00:00,0.1174968582998572,-0.0880694585169549,0.3230631751166695,12.217,57.1
2304,1906-04-26 00:00:00,0.0665309378000911,-0.139267853557724,0.2723297291579064,12.217,57.1
2305,1906-04-27 00:00:00,0.0254225302222066,-0.1801543810728361,0.2309994415172495,12.217,57.1
2306,1906-04-28 00:00:00,0.1038831214568184,-0.101702469602088,0.309468712515725,12.217,57.1
2307,1906-04-29 00:00:00,0.1994041189107591,-0.006276312893507,0.4050845507150254,12.217,57.1
2308,1906-04-30 00:00:00,0.138839030351476,-0.0669208699099301,0.3445989306128822,12.217,57.1
2309,1906-05-01 00:00:00,0.1449312122265393,-0.0613044858302467,0.3511669102833254,12.217,57.1
2310,1906-05-02 00:00:00,0.0556336399796365,-0.1509242021810213,0.2621914821402945,12.217,57.1
2311,1906-05-03 00:00:00,0.0042098173811062,-0.2016712374654465,0.210090872227659,12.217,57.1
2312,1906-05-04 00:00:00,0.0665574479613626,-0.1390436809632063,0.2721585768859317,12.217,57.1
2313,1906-05-05 00:00:00,0.0455892719061953,-0.1599744657566791,0.2511530095690697,12.217,57.1
2314,1906-05-06 00:00:00,-0.0271765185844388,-0.232792023137684,0.1784389859688063,12.217,57.1
2315,1906-05-07 00:00:00,0.0032432091604797,-0.2022887428630835,0.208775161184043,12.217,57.1
2316,1906-05-08 00:00:00,0.007682643291022,-0.1979916989411507,0.2133569855231947,12.217,57.1
2317,1906-05-09 00:00:00,0.0047525440575043,-0.2009578061250216,0.2104628942400303,12.217,57.1
2318,1906-05-10 00:00:00,0.1233364098487528,-0.0822129197008711,0.3288857393983768,12.217,57.1
2319,1906-05-11 00:00:00,0.1044061850061099,-0.1011471890972503,0.3099595591094701,12.217,57.1
2320,1906-05-12 00:00:00,0.0850849740310586,-0.1205973058934564,0.2907672539555736,12.217,57.1
2321,1906-05-13 00:00:00,-0.0571182156490566,-0.2628730283581169,0.1486365970600036,12.217,57.1
2322,1906-05-14 00:00:00,-0.01080837295079,-0.2163777470605043,0.1947610011589243,12.217,57.1
2323,1906-05-15 00:00:00,0.0306490198897493,-0.1749681388075132,0.2362661785870118,12.217,57.1
2324,1906-05-16 00:00:00,0.1565768180577972,-0.0492037718498399,0.3623574079654344,12.217,57.1
2325,1906-05-17 00:00:00,0.0603542534018842,-0.1456483799705781,0.2663568867743466,12.217,57.1
2326,1906-05-18 00:00:00,0.0570377195665958,-0.1486003563805759,0.2626757955137676,12.217,57.1
2327,1906-05-19 00:00:00,0.0415959835423292,-0.1643002271709111,0.2474921942555696,12.217,57.1
2328,1906-05-20 00:00:00,0.0212756696212028,-0.1848138583305143,0.2273651975729201,12.217,57.1
2329,1906-05-21 00:00:00,0.0550264504442634,-0.151387896189898,0.261440797078425,12.217,57.1
2330,1906-05-22 00:00:00,0.0272111626712089,-0.1787896707026787,0.2332119960450966,12.217,57.1
2331,1906-05-23 00:00:00,0.0132021773763796,-0.1925401928210118,0.218944547573771,12.217,57.1
2332,1906-05-24 00:00:00,0.0099238704519609,-0.1955828821353664,0.2154306230392882,12.217,57.1
2333,1906-05-25 00:00:00,0.0013547072992695,-0.2041143567389952,0.2068237713375343,12.217,57.1
2334,1906-05-26 00:00:00,0.0185143261322761,-0.187034098173048,0.2240627504376002,12.217,57.1
2335,1906-05-27 00:00:00,-0.0011216447520001,-0.2065814654197248,0.2043381759157245,12.217,57.1
2336,1906-05-28 00:00:00,0.1015857401087561,-0.1040127578859942,0.3071842381035063,12.217,57.1
2337,1906-05-29 00:00:00,0.0553180072566059,-0.1504925081623851,0.2611285226755969,12.217,57.1
2338,1906-05-30 00:00:00,0.1580745829524458,-0.0474719394021339,0.3636211053070255,12.217,57.1
2339,1906-05-31 00:00:00,0.1717088139850294,-0.0339344810150092,0.3773521089850681,12.217,57.1
2340,1906-06-01 00:00:00,0.137316989144068,-0.0684865422807205,0.3431205205688565,12.217,57.1
2341,1906-06-02 00:00:00,0.1071355169547574,-0.0987752866201231,0.313046320529638,12.217,57.1
2342,1906-06-03 00:00:00,0.1033810542258869,-0.1026945304493346,0.3094566389011086,12.217,57.1
2343,1906-06-04 00:00:00,0.1561445539574092,-0.0499424019557629,0.3622315098705814,12.217,57.1
2344,1906-06-05 00:00:00,0.0918798561156829,-0.1143774980929458,0.2981372103243117,12.217,57.1
2345,1906-06-06 00:00:00,-0.0003609427632744,-0.206092667974845,0.2053707824482962,12.217,57.1
2346,1906-06-07 00:00:00,-0.0234180097170432,-0.2289688633368682,0.1821328439027817,12.217,57.1
2347,1906-06-08 00:00:00,0.0009095412861415,-0.2045934450196818,0.2064125275919648,12.217,57.1
2348,1906-06-09 00:00:00,-0.0180284478287189,-0.2236417736571774,0.1875848779997395,12.217,57.1
2349,1906-06-10 00:00:00,-0.0586500332798813,-0.2642704757720045,0.1469704092122418,12.217,57.1
2350,1906-06-11 00:00:00,-0.0490351161868201,-0.2548203544583632,0.156750122084723,12.217,57.1
2351,1906-06-12 00:00:00,-0.0365499862530993,-0.2422789208127332,0.1691789483065345,12.217,57.1
2352,1906-06-13 00:00:00,0.0158716192400806,-0.1896769677485274,0.2214202062286888,12.217,57.1
2353,1906-06-14 00:00:00,0.0760663835847114,-0.1297782963184434,0.2819110634878663,12.217,57.1
2354,1906-06-15 00:00:00,0.0313596619772663,-0.1746799284083731,0.2373992523629058,12.217,57.1
2355,1906-06-16 00:00:00,-0.0288968265347244,-0.2346797165125245,0.1768860634430756,12.217,57.1
2356,1906-06-17 00:00:00,-0.0201036783508557,-0.2257230894406879,0.1855157327389764,12.217,57.1
2357,1906-06-18 00:00:00,-0.0186470845815557,-0.2242880573887923,0.1869938882256809,12.217,57.1
2358,1906-06-19 00:00:00,0.0008017510272272,-0.2047275016232356,0.20633100367769,12.217,57.1
2359,1906-06-20 00:00:00,-0.0024619471994016,-0.2080373325599272,0.2031134381611239,12.217,57.1
2360,1906-06-21 00:00:00,0.0655226561703831,-0.1401161066881329,0.2711614190288992,12.217,57.1
2361,1906-06-22 00:00:00,0.1098135479923859,-0.0957975939081772,0.3154246898929491,12.217,57.1
2362,1906-06-23 00:00:00,0.0709477017269668,-0.1346839570930367,0.2765793605469705,12.217,57.1
2363,1906-06-24 00:00:00,0.0533803940459931,-0.1524839911302316,0.2592447792222178,12.217,57.1
2364,1906-06-25 00:00:00,0.060981583269575,-0.1446047709985159,0.2665679375376661,12.217,57.1
2365,1906-06-26 00:00:00,0.1217920666892917,-0.0838171089989552,0.3274012423775388,12.217,57.1
2366,1906-06-27 00:00:00,0.1988921298938768,-0.0067506955731288,0.4045349553608826,12.217,57.1
2367,1906-06-28 00:00:00,0.1645700153052526,-0.0411392479799455,0.3702792785904507,12.217,57.1
2368,1906-06-29 00:00:00,0.1473932662130401,-0.058642514002209,0.3534290464282893,12.217,57.1
2369,1906-06-30 00:00:00,0.0442837220172933,-0.1615379200515826,0.2501053640861693,12.217,57.1
2370,1906-07-01 00:00:00,0.1922506595304879,-0.0138096360966749,0.3983109551576508,12.217,57.1
2371,1906-07-02 00:00:00,0.1623085494041025,-0.0436807134047692,0.3682978122129744,12.217,57.1
2372,1906-07-03 00:00:00,-0.0137727081706133,-0.2196162555170258,0.1920708391757991,12.217,57.1
2373,1906-07-04 00:00:00,-0.0121400712526354,-0.2175749964870362,0.1932948539817652,12.217,57.1
2374,1906-07-05 00:00:00,0.0026678079377636,-0.2027866553101864,0.2081222711857137,12.217,57.1
2375,1906-07-06 00:00:00,-0.0105521938543966,-0.216174246235455,0.1950698585266617,12.217,57.1
2376,1906-07-07 00:00:00,0.0076212538545357,-0.1980418656967474,0.2132843734058188,12.217,57.1
2377,1906-07-08 00:00:00,-0.0148144350914779,-0.2204007362031755,0.1907718660202195,12.217,57.1
2378,1906-07-09 00:00:00,0.0105579420103123,-0.1950602749320684,0.2161761589526931,12.217,57.1
2379,1906-07-10 00:00:00,0.0191478418237318,-0.1864419217472184,0.224737605394682,12.217,57.1
2380,1906-07-11 00:00:00,0.0250176299408501,-0.1804924088978876,0.2305276687795879,12.217,57.1
2381,1906-07-12 00:00:00,0.0172049403237594,-0.188311049348192,0.2227209299957109,12.217,57.1
2382,1906-07-13 00:00:00,0.0494788290309778,-0.1560181381778646,0.2549757962398202,12.217,57.1
2383,1906-07-14 00:00:00,0.0292134224988872,-0.1762717112982602,0.2346985562960347,12.217,57.1
2384,1906-07-15 00:00:00,0.1013241803198898,-0.1042405951095556,0.3068889557493353,12.217,57.1
2385,1906-07-16 00:00:00,0.2208279367520458,0.0151403692840066,0.426515504220085,12.217,57.1
2386,1906-07-17 00:00:00,0.2785184033118398,0.0725358458032203,0.4845009608204592,12.217,57.1
2387,1906-07-18 00:00:00,0.21561040008855,0.009646429528541,0.421574370648559,12.217,57.1
2388,1906-07-19 00:00:00,0.1463255700920359,-0.0594099195846067,0.3520610597686786,12.217,57.1
2389,1906-07-20 00:00:00,0.2206714227229082,0.0141380747847357,0.4272047706610807,12.217,57.1
2390,1906-07-21 00:00:00,0.2781073936541539,0.0722591251203812,0.4839556621879265,12.217,57.1
2391,1906-07-22 00:00:00,0.3010184920040261,0.0952621281129899,0.5067748558950622,12.217,57.1
2392,1906-07-23 00:00:00,0.1249185003362195,-0.0806768532721504,0.3305138539445895,12.217,57.1
2393,1906-07-24 00:00:00,0.0647190002101259,-0.1407590372111594,0.2701970376314114,12.217,57.1
2394,1906-07-25 00:00:00,0.060829526000166,-0.1446408184150604,0.2662998704153925,12.217,57.1
2395,1906-07-26 00:00:00,-0.014277430119639,-0.2198153629125627,0.1912605026732846,12.217,57.1
2396,1906-07-27 00:00:00,-0.0167738590342737,-0.2222792507205455,0.1887315326519981,12.217,57.1
2397,1906-07-28 00:00:00,0.0182582134351395,-0.1873514042471627,0.2238678311174417,12.217,57.1
2398,1906-07-29 00:00:00,0.0209716001321201,-0.1845093114004262,0.2264525116646664,12.217,57.1
2399,1906-07-30 00:00:00,-0.030853004143783,-0.2362923717178044,0.1745863634302384,12.217,57.1
2400,1906-07-31 00:00:00,-0.0198527388648406,-0.2252368811256766,0.1855314033959952,12.217,57.1
2401,1906-08-01 00:00:00,0.010359608454905,-0.1950375367871743,0.2157567536969843,12.217,57.1
2402,1906-08-02 00:00:00,0.0201418148943735,-0.1852517966279749,0.225535426416722,12.217,57.1
2403,1906-08-03 00:00:00,0.0488957313299791,-0.1565254490156162,0.2543169116755744,12.217,57.1
2404,1906-08-04 00:00:00,0.0993630750357215,-0.1060989679654719,0.3048251180369151,12.217,57.1
2405,1906-08-05 00:00:00,0.1239300749454633,-0.0817052863121316,0.3295654362030582,12.217,57.1
2406,1906-08-06 00:00:00,0.2379621262055925,0.0318257847486704,0.4440984676625146,12.217,57.1
2407,1906-08-07 00:00:00,0.0977498760487489,-0.1081952080922578,0.3036949601897558,12.217,57.1
2408,1906-08-08 00:00:00,0.0416023915886092,-0.1640981975209222,0.2473029806981407,12.217,57.1
2409,1906-08-09 00:00:00,0.0707778442118671,-0.134775602257797,0.2763312906815314,12.217,57.1
2410,1906-08-10 00:00:00,0.1223134422250817,-0.083206683014964,0.3278335674651276,12.217,57.1
2411,1906-08-11 00:00:00,0.1021173275985025,-0.1034601748098819,0.3076948300068871,12.217,57.1
2412,1906-08-12 00:00:00,0.0885883107022234,-0.1169511789213076,0.2941278003257545,12.217,57.1
2413,1906-08-13 00:00:00,0.0933480676877611,-0.1122283318588927,0.2989244672344149,12.217,57.1
2414,1906-08-14 00:00:00,0.1125731819020901,-0.0930376440635102,0.3181840078676905,12.217,57.1
2415,1906-08-15 00:00:00,0.1264547498828062,-0.0791539637896083,0.3320634635552207,12.217,57.1
2416,1906-08-16 00:00:00,0.1116772637008751,-0.0942488703594407,0.317603397761191,12.217,57.1
2417,1906-08-17 00:00:00,0.125748594531642,-0.0799557424150095,0.3314529314782936,12.217,57.1
2418,1906-08-18 00:00:00,0.1029776965720375,-0.1024775300613956,0.3084329232054708,12.217,57.1
2419,1906-08-19 00:00:00,0.0914635759565781,-0.113992619681746,0.2969197715949022,12.217,57.1
2420,1906-08-20 00:00:00,0.1159358354824324,-0.0897367512940296,0.3216084222588946,12.217,57.1
2421,1906-08-21 00:00:00,0.2023391863730153,-0.0035973184716404,0.4082756912176712,12.217,57.1
2422,1906-08-22 00:00:00,0.2432917564675931,0.037015768072766,0.4495677448624203,12.217,57.1
2423,1906-08-23 00:00:00,0.0941314897382755,-0.1118149123573465,0.3000778918338976,12.217,57.1
2424,1906-08-24 00:00:00,0.0564832774051852,-0.1491897598141715,0.262156314624542,12.217,57.1
2425,1906-08-25 00:00:00,0.0618425660396207,-0.1436164015363295,0.2673015336155711,12.217,57.1
2426,1906-08-26 00:00:00,0.1683751624959359,-0.0372361188279516,0.3739864438198235,12.217,57.1
2427,1906-08-27 00:00:00,0.1128643395592366,-0.0932720418451758,0.3190007209636491,12.217,57.1
2428,1906-08-28 00:00:00,0.0336066824726916,-0.1726363628899826,0.2398497278353658,12.217,57.1
2429,1906-08-29 00:00:00,-0.0044439819911315,-0.210056241278763,0.2011682772964999,12.217,57.1
2430,1906-08-30 00:00:00,0.1536557284964241,-0.0521629523645385,0.3594744093573868,12.217,57.1
2431,1906-08-31 00:00:00,0.0818387717842277,-0.1239241510173344,0.2876016945857898,12.217,57.1
2432,1906-09-01 00:00:00,0.0295074780594334,-0.176007678869935,0.2350226349888019,12.217,57.1
2433,1906-09-02 00:00:00,0.0186155661104205,-0.1870178003224621,0.2242489325433032,12.217,57.1
2434,1906-09-03 00:00:00,0.0328631528793557,-0.1727108906856903,0.2384371964444017,12.217,57.1
2435,1906-09-04 00:00:00,0.0023247995605928,-0.2033555604110271,0.2080051595322127,12.217,57.1
2436,1906-09-05 00:00:00,0.0566684033746579,-0.1488461761051578,0.2621829828544738,12.217,57.1
2437,1906-09-06 00:00:00,0.1425771741390977,-0.0630909225889477,0.3482452708671432,12.217,57.1
2438,1906-09-07 00:00:00,0.37470553541701,0.1685958501118637,0.5808152207221563,12.217,57.1
2439,1906-09-08 00:00:00,0.2112716653219254,0.0053173852894747,0.4172259453543763,12.217,57.1
2440,1906-09-09 00:00:00,0.2528002724751932,0.046986900335167,0.4586136446152193,12.217,57.1
2441,1906-09-10 00:00:00,0.1404904005114308,-0.0655472993707617,0.3465281003936233,12.217,57.1
2442,1906-09-11 00:00:00,0.0053636315093096,-0.2006174196423518,0.2113446826609711,12.217,57.1
2443,1906-09-12 00:00:00,-0.0762903307576658,-0.2819904308035516,0.12940976928822,12.217,57.1
2444,1906-09-13 00:00:00,-0.0381953463579225,-0.2438048203550196,0.1674141276391746,12.217,57.1
2445,1906-09-14 00:00:00,0.0079555686683898,-0.1977765647606845,0.2136877020974641,12.217,57.1
2446,1906-09-15 00:00:00,0.0904296011093145,-0.1151671807743238,0.2960263829929528,12.217,57.1
2447,1906-09-16 00:00:00,0.0771653051420203,-0.1285369619303918,0.2828675722144326,12.217,57.1
2448,1906-09-17 00:00:00,0.020722102488026,-0.185047422719839,0.2264916276958912,12.217,57.1
2449,1906-09-18 00:00:00,-0.1280065582751157,-0.333658321725183,0.0776452051749514,12.217,57.1
2450,1906-09-19 00:00:00,-0.1567232583669093,-0.3624376241696458,0.0489911074358271,12.217,57.1
2451,1906-09-20 00:00:00,-0.1250304387620578,-0.3307735704011153,0.0807126928769996,12.217,57.1
2452,1906-09-21 00:00:00,-0.1248891661571267,-0.3305197086517789,0.0807413763375255,12.217,57.1
2453,1906-09-22 00:00:00,-0.1020780547511499,-0.3079465018594614,0.1037903923571614,12.217,57.1
2454,1906-09-23 00:00:00,-0.1144531547823233,-0.320179726302151,0.0912734167375042,12.217,57.1
2455,1906-09-24 00:00:00,-0.1304851291592406,-0.3363665770197467,0.0753963187012654,12.217,57.1
2456,1906-09-25 00:00:00,-0.1362598250281672,-0.3419398729254195,0.0694202228690851,12.217,57.1
2457,1906-09-26 00:00:00,-0.1149583799739164,-0.3205336285551464,0.0906168686073134,12.217,57.1
2458,1906-09-27 00:00:00,-0.0774906766494268,-0.2830144002428415,0.1280330469439877,12.217,57.1
2459,1906-09-28 00:00:00,-0.0388678705883313,-0.2444938793424647,0.166758138165802,12.217,57.1
2460,1906-09-29 00:00:00,0.066396134312015,-0.1393388361441612,0.2721311047681913,12.217,57.1
2461,1906-09-30 00:00:00,0.0054361829765263,-0.2001992098335424,0.211071575786595,12.217,57.1
2462,1906-10-01 00:00:00,0.0100979516853123,-0.1954088984932656,0.2156048018638903,12.217,57.1
2463,1906-10-02 00:00:00,0.0649680066465681,-0.1405063923379853,0.2704424056311216,12.217,57.1
2464,1906-10-03 00:00:00,0.1647727146686434,-0.0410916994770624,0.3706371288143493,12.217,57.1
2465,1906-10-04 00:00:00,0.0961256950699762,-0.1098941538886966,0.3021455440286491,12.217,57.1
2466,1906-10-05 00:00:00,0.0184294484892667,-0.187732088255303,0.2245909852338365,12.217,57.1
2467,1906-10-06 00:00:00,0.0619099995216101,-0.1435942693328722,0.2674142683760924,12.217,57.1
2468,1906-10-07 00:00:00,0.0834057923583748,-0.1223649118866801,0.2891764966034297,12.217,57.1
2469,1906-10-08 00:00:00,0.0447602539559239,-0.1610216321892199,0.2505421401010678,12.217,57.1
2470,1906-10-09 00:00:00,0.0007660983974686,-0.2050758238970366,0.206608020691974,12.217,57.1
2471,1906-10-10 00:00:00,-0.0432026513097823,-0.2489781153375435,0.1625728127179789,12.217,57.1
2472,1906-10-11 00:00:00,0.0017185160367303,-0.2039863871600314,0.207423419233492,12.217,57.1
2473,1906-10-12 00:00:00,0.0825880264381344,-0.1230355036743408,0.2882115565506097,12.217,57.1
2474,1906-10-13 00:00:00,0.1728920866626159,-0.0331197946146387,0.3789039679398706,12.217,57.1
2475,1906-10-14 00:00:00,0.2172575098868464,0.0115156553082541,0.4229993644654387,12.217,57.1
2476,1906-10-15 00:00:00,0.1267665781000256,-0.0790740083584341,0.3326071645584853,12.217,57.1
2477,1906-10-16 00:00:00,0.2136149087795035,0.007376158214513,0.4198536593444939,12.217,57.1
2478,1906-10-17 00:00:00,0.2260555155784323,0.0196444834869007,0.432466547669964,12.217,57.1
2479,1906-10-18 00:00:00,0.2348729904871769,0.028956919356402,0.4407890616179518,12.217,57.1
2480,1906-10-19 00:00:00,0.1127815563628536,-0.0931021474655859,0.3186652601912932,12.217,57.1
2481,1906-10-20 00:00:00,0.0989464115248258,-0.1066402118846042,0.3045330349342558,12.217,57.1
2482,1906-10-21 00:00:00,0.0403274511434769,-0.1653081611023783,0.2459630633893321,12.217,57.1
2483,1906-10-22 00:00:00,-0.0167693359785188,-0.2226459013845918,0.1891072294275542,12.217,57.1
2484,1906-10-23 00:00:00,0.037084196858989,-0.1686801865142305,0.2428485802322086,12.217,57.1
2485,1906-10-24 00:00:00,0.0316340293049088,-0.1740882343065737,0.2373562929163914,12.217,57.1
2486,1906-10-25 00:00:00,-0.0248069612000864,-0.2304415390500774,0.1808276166499046,12.217,57.1
2487,1906-10-26 00:00:00,-0.0599178245511084,-0.2654126759191185,0.1455770268169016,12.217,57.1
2488,1906-10-27 00:00:00,-0.0244205874866338,-0.2298913406096725,0.1810501656364049,12.217,57.1
2489,1906-10-28 00:00:00,0.0859808834825572,-0.1198040585633586,0.291765825528473,12.217,57.1
2490,1906-10-29 00:00:00,0.1722132377943187,-0.0341893484292723,0.3786158240179099,12.217,57.1
2491,1906-10-30 00:00:00,0.2942338849570722,0.0871651878867103,0.501302582027434,12.217,57.1
2492,1906-10-31 00:00:00,0.0156757823051265,-0.1914643384847343,0.2228159030949874,12.217,57.1
2493,1906-11-01 00:00:00,-0.0591232792421884,-0.2654326022225416,0.1471860437381648,12.217,57.1
2494,1906-11-02 00:00:00,0.0031570455830943,-0.204009637252247,0.2103237284184357,12.217,57.1
2495,1906-11-03 00:00:00,0.1794820321982116,-0.0284475736271605,0.3874116380235838,12.217,57.1
2496,1906-11-04 00:00:00,-0.0383548567263335,-0.2448995605136731,0.1681898470610061,12.217,57.1
2497,1906-11-05 00:00:00,0.0511064994182063,-0.1548771436325245,0.2570901424689371,12.217,57.1
2498,1906-11-06 00:00:00,0.0857080571676968,-0.1205741389358284,0.2919902532712221,12.217,57.1
2499,1906-11-07 00:00:00,-0.0017622741319238,-0.2075546834669678,0.2040301352031201,12.217,57.1
2500,1906-11-08 00:00:00,0.0126105724571386,-0.1930675238393112,0.2182886687535885,12.217,57.1
2501,1906-11-09 00:00:00,0.0012636373229924,-0.2048187462217918,0.2073460208677768,12.217,57.1
2502,1906-11-10 00:00:00,-0.0383258830094543,-0.2451311577484217,0.1684793917295131,12.217,57.1
2503,1906-11-11 00:00:00,-0.0409802273669526,-0.249681872543299,0.1677214178093937,12.217,57.1
2504,1906-11-12 00:00:00,0.0542345370867543,-0.1530406305164912,0.2615097046899999,12.217,57.1
2505,1906-11-13 00:00:00,0.0578206902088248,-0.1480844211247513,0.263725801542401,12.217,57.1
2506,1906-11-14 00:00:00,-0.0239500740924231,-0.2297223283467173,0.181822180161871,12.217,57.1
2507,1906-11-15 00:00:00,0.0062548687443437,-0.1992471955484175,0.211756933037105,12.217,57.1
2508,1906-11-16 00:00:00,0.2041548255708861,-0.0015815186437787,0.409891169785551,12.217,57.1
2509,1906-11-17 00:00:00,0.2304197424547645,0.0242826392035721,0.436556845705957,12.217,57.1
2510,1906-11-18 00:00:00,0.2204316414580016,0.0146156930014593,0.426247589914544,12.217,57.1
2511,1906-11-19 00:00:00,0.145451783311266,-0.0604494567016704,0.3513530233242025,12.217,57.1
2512,1906-11-20 00:00:00,0.2472443743762002,0.0411804892681609,0.4533082594842395,12.217,57.1
2513,1906-11-21 00:00:00,0.1439573683423374,-0.063388829155424,0.3513035658400988,12.217,57.1
2514,1906-11-22 00:00:00,0.1323673394480944,-0.0740964573456016,0.3388311362417905,12.217,57.1
2515,1906-11-23 00:00:00,0.0454883716909243,-0.1604661174091096,0.2514428607909584,12.217,57.1
2516,1906-11-24 00:00:00,0.149901111572056,-0.0560049826626255,0.3558072058067376,12.217,57.1
2517,1906-11-25 00:00:00,0.1438440401951528,-0.0621889528805113,0.3498770332708171,12.217,57.1
2518,1906-11-26 00:00:00,0.1055397241591458,-0.1003748916319736,0.3114543399502654,12.217,57.1
2519,1906-11-27 00:00:00,0.1115808597009461,-0.0940813624508085,0.3172430818527009,12.217,57.1
2520,1906-11-28 00:00:00,0.1603423267905667,-0.0459004937627045,0.366585147343838,12.217,57.1
2521,1906-11-29 00:00:00,0.186872030733635,-0.0197130840241152,0.3934571454913853,12.217,57.1
2522,1906-11-30 00:00:00,0.4979258409489512,0.2910090797944918,0.7048426021034107,12.217,57.1
2523,1906-12-01 00:00:00,0.216226384668315,0.009552042045512,0.422900727291118,12.217,57.1
2524,1906-12-02 00:00:00,0.0541328703898096,-0.1519642997937362,0.2602300405733556,12.217,57.1
2525,1906-12-03 00:00:00,0.1739472713852763,-0.0317855683217837,0.3796801110923365,12.217,57.1
2526,1906-12-04 00:00:00,0.3967386253345714,0.1898269067226674,0.6036503439464754,12.217,57.1
2527,1906-12-05 00:00:00,0.1452626163263219,-0.0624057791145725,0.3529310117672165,12.217,57.1
2528,1906-12-06 00:00:00,0.2665339633382635,0.0577539867755027,0.4753139399010242,12.217,57.1
2529,1906-12-07 00:00:00,-0.1273399896992956,-0.3435502619219494,0.0888702825233581,12.217,57.1
2530,1906-12-08 00:00:00,0.2055674952644733,-0.0007221208549809,0.4118571113839276,12.217,57.1
2531,1906-12-09 00:00:00,0.3457198894523589,0.1377342225522467,0.553705556352471,12.217,57.1
2532,1906-12-10 00:00:00,0.2897805633986543,0.0830312754684425,0.496529851328866,12.217,57.1
2533,1906-12-11 00:00:00,0.0487655101205463,-0.1577380425223549,0.2552690627634476,12.217,57.1
2534,1906-12-12 00:00:00,0.0187953924591847,-0.1872110386536152,0.2248018235719847,12.217,57.1
2535,1906-12-13 00:00:00,0.0975458099552586,-0.1084755822717339,0.3035672021822512,12.217,57.1
2536,1906-12-14 00:00:00,0.1449203665385172,-0.061492500774661,0.3513332338516954,12.217,57.1
2537,1906-12-15 00:00:00,0.0568513093405874,-0.1491385830057781,0.2628412016869529,12.217,57.1
2538,1906-12-16 00:00:00,-0.1016779742605852,-0.3074651528716179,0.1041092043504474,12.217,57.1
2539,1906-12-17 00:00:00,-0.1170433533632842,-0.3228045445337484,0.08871783780718,12.217,57.1
2540,1906-12-18 00:00:00,-0.054244155617214,-0.2601498952728322,0.151661584038404,12.217,57.1
2541,1906-12-19 00:00:00,-0.063988156322017,-0.2695712129465827,0.1415949003025487,12.217,57.1
2542,1906-12-20 00:00:00,-0.0677798422889737,-0.2732879802868302,0.1377282957088828,12.217,57.1
2543,1906-12-21 00:00:00,-0.0406304035857077,-0.2462959201557203,0.1650351129843049,12.217,57.1
2544,1906-12-22 00:00:00,-0.0597893126915994,-0.2654915996351281,0.1459129742519292,12.217,57.1
2545,1906-12-23 00:00:00,-0.0480132346484152,-0.2537189163097076,0.1576924470128772,12.217,57.1
2546,1906-12-24 00:00:00,0.0369673065615102,-0.1687414113867835,0.2426760245098039,12.217,57.1
2547,1906-12-25 00:00:00,0.1987243372890311,-0.0075024861822048,0.4049511607602672,12.217,57.1
2548,1906-12-26 00:00:00,0.2960464396993706,0.0828143066063285,0.5092785727924127,12.217,57.1
2549,1906-12-27 00:00:00,0.339092536023214,0.132440027272726,0.545745044773702,12.217,57.1
2550,1906-12-28 00:00:00,0.1419099076707613,-0.0640565897273502,0.3478764050688729,12.217,57.1
2551,1906-12-29 00:00:00,0.0567342365531666,-0.149252842726811,0.2627213158331442,12.217,57.1
2552,1906-12-30 00:00:00,0.0234784510642793,-0.1820900649744285,0.2290469671029872,12.217,57.1
2553,1906-12-31 00:00:00,0.0351624228948371,-0.1704577986814787,0.240782644471153,12.217,57.1
2554,1907-01-01 00:00:00,0.0591262159655147,-0.1465738455903669,0.2648262775213965,12.217,57.1
2555,1907-01-02 00:00:00,0.0430012723786146,-0.1626511766953259,0.2486537214525551,12.217,57.1
2556,1907-01-03 00:00:00,0.4803479314564898,0.2705273278841908,0.6901685350287887,12.217,57.1
2557,1907-01-04 00:00:00,0.1159330275982766,-0.0949564080235317,0.3268224632200851,12.217,57.1
2558,1907-01-05 00:00:00,0.0280188485078626,-0.1796185629828353,0.2356562599985605,12.217,57.1
2559,1907-01-06 00:00:00,-0.0411842761347286,-0.2474493785972636,0.1650808263278063,12.217,57.1
2560,1907-01-07 00:00:00,0.0790549445733049,-0.1269968328637779,0.2851067220103878,12.217,57.1
2561,1907-01-08 00:00:00,0.0636231785802655,-0.142247425225944,0.2694937823864752,12.217,57.1
2562,1907-01-09 00:00:00,0.0835005894071054,-0.1221548632426453,0.2891560420568562,12.217,57.1
2563,1907-01-10 00:00:00,0.1554441931294154,-0.0501286700143526,0.3610170562731835,12.217,57.1
2564,1907-01-11 00:00:00,0.0305266742739512,-0.1753497484617929,0.2364030970096953,12.217,57.1
2565,1907-01-12 00:00:00,-0.0101270888819446,-0.2159341157100938,0.1956799379462045,12.217,57.1
2566,1907-01-13 00:00:00,0.303520154581209,0.0976275063854018,0.5094128027770162,12.217,57.1
2567,1907-01-14 00:00:00,0.1765724650922802,-0.0298967322011836,0.3830416623857441,12.217,57.1
2568,1907-01-15 00:00:00,0.271869572722271,0.0642171475664908,0.4795219978780511,12.217,57.1
2569,1907-01-16 00:00:00,0.0752013545881858,-0.1311024791617368,0.2815051883381086,12.217,57.1
2570,1907-01-17 00:00:00,-0.0249545827168295,-0.2309161628953484,0.1810069974616892,12.217,57.1
2571,1907-01-18 00:00:00,-0.1164843624208479,-0.3221495151606198,0.0891807903189239,12.217,57.1
2572,1907-01-19 00:00:00,-0.1371425488663583,-0.3428586523386773,0.0685735546059606,12.217,57.1
2573,1907-01-20 00:00:00,-0.1299532331124417,-0.3355954496676503,0.0756889834427667,12.217,57.1
2574,1907-01-21 00:00:00,-0.0880909067186641,-0.2942576441345754,0.1180758306972472,12.217,57.1
2575,1907-01-22 00:00:00,-0.1904841539812229,-0.3965684438947928,0.015600135932347,12.217,57.1
2576,1907-01-23 00:00:00,-0.2386998470010246,-0.4447164758942027,-0.0326832181078466,12.217,57.1
2577,1907-01-24 00:00:00,-0.1709816239035316,-0.377333108681232,0.0353698608741688,12.217,57.1
2578,1907-01-25 00:00:00,0.0634443923482405,-0.1430704148744218,0.2699591995709028,12.217,57.1
2579,1907-01-26 00:00:00,0.2628714491368885,0.0562835640686959,0.469459334205081,12.217,57.1
2580,1907-01-27 00:00:00,-0.0084026409387869,-0.2144359359902349,0.1976306541126609,12.217,57.1
2581,1907-01-28 00:00:00,0.0585497530357977,-0.1474748275983419,0.2645743336699374,12.217,57.1
2582,1907-01-29 00:00:00,0.3186608873060365,0.1117295377739647,0.5255922368381083,12.217,57.1
2583,1907-01-30 00:00:00,0.2818130987850656,0.0757533743004145,0.4878728232697166,12.217,57.1
2584,1907-01-31 00:00:00,0.0434191668333164,-0.1623951703421525,0.2492335040087854,12.217,57.1
2585,1907-02-01 00:00:00,-0.0315544693465574,-0.2372420606021669,0.1741331219090519,12.217,57.1
2586,1907-02-02 00:00:00,-0.1293981098036215,-0.3351729816404405,0.0763767620331974,12.217,57.1
2587,1907-02-03 00:00:00,-0.1195233949649115,-0.3251503384692474,0.0861035485394242,12.217,57.1
2588,1907-02-04 00:00:00,-0.084214105894905,-0.289787768617197,0.121359556827387,12.217,57.1
2589,1907-02-05 00:00:00,-0.0320223239379537,-0.237597024042922,0.1735523761670146,12.217,57.1
2590,1907-02-06 00:00:00,-0.1355462332562113,-0.3414272957996708,0.0703348292872481,12.217,57.1
2591,1907-02-07 00:00:00,-0.0367353261889846,-0.2426498971817023,0.169179244803733,12.217,57.1
2592,1907-02-08 00:00:00,0.071968530922037,-0.1341055063696638,0.2780425682137379,12.217,57.1
2593,1907-02-09 00:00:00,0.0008980662254133,-0.2047513238369313,0.206547456287758,12.217,57.1
2594,1907-02-10 00:00:00,0.0958739625568621,-0.1097975143348072,0.3015454394485315,12.217,57.1
2595,1907-02-11 00:00:00,0.1268838873547366,-0.0787785167522658,0.3325462914617392,12.217,57.1
2596,1907-02-12 00:00:00,0.135883610875629,-0.0699066704305236,0.3416738921817817,12.217,57.1
2597,1907-02-13 00:00:00,0.1346284024814775,-0.0710926359212753,0.3403494408842303,12.217,57.1
2598,1907-02-14 00:00:00,0.0270114836484609,-0.1789220627322565,0.2329450300291785,12.217,57.1
2599,1907-02-15 00:00:00,-0.0104738900781239,-0.2164587265721536,0.1955109464159057,12.217,57.1
2600,1907-02-16 00:00:00,0.0868044262762112,-0.1190995058226104,0.2927083583750329,12.217,57.1
2601,1907-02-17 00:00:00,0.2456419454928415,0.0390179346056981,0.452265956379985,12.217,57.1
2602,1907-02-18 00:00:00,0.1639912364025834,-0.0436627920966808,0.3716452649018477,12.217,57.1
2603,1907-02-19 00:00:00,0.2180862236743434,0.0101970281586326,0.4259754191900542,12.217,57.1
2604,1907-02-20 00:00:00,0.3898572545434743,0.1821846684016398,0.5975298406853088,12.217,57.1
2605,1907-02-21 00:00:00,0.5333802775882349,0.3207936909756151,0.7459668642008547,12.217,57.1
2606,1907-02-22 00:00:00,0.3671767552179896,0.1588381854238737,0.5755153250121054,12.217,57.1
2607,1907-02-23 00:00:00,0.1822824706777611,-0.0246593095850165,0.3892242509405389,12.217,57.1
2608,1907-02-24 00:00:00,0.132762951861195,-0.0730842739951457,0.3386101777175359,12.217,57.1
2609,1907-02-25 00:00:00,0.1189278781386902,-0.0867905016992381,0.3246462579766186,12.217,57.1
2610,1907-02-26 00:00:00,0.1439515461609371,-0.0621993573862338,0.3501024497081081,12.217,57.1
2611,1907-02-27 00:00:00,0.2519819335687774,0.0447845313830363,0.4591793357545185,12.217,57.1
2612,1907-02-28 00:00:00,0.019221823731193,-0.1872886320746999,0.225732279537086,12.217,57.1
2613,1907-03-01 00:00:00,-0.0697806430931177,-0.2754316897638449,0.1358704035776094,12.217,57.1
2614,1907-03-02 00:00:00,0.0109714692824231,-0.1946203127852074,0.2165632513500537,12.217,57.1
2615,1907-03-03 00:00:00,-0.0284453355359072,-0.2341872070966137,0.1772965360247992,12.217,57.1
2616,1907-03-04 00:00:00,-0.0704088186508955,-0.2759629938239124,0.1351453565221213,12.217,57.1
2617,1907-03-05 00:00:00,-0.0176846799868577,-0.2233580537770886,0.1879886938033732,12.217,57.1
2618,1907-03-06 00:00:00,0.0582367683686764,-0.1476934839096963,0.2641670206470492,12.217,57.1
2619,1907-03-07 00:00:00,0.093935622615061,-0.1118647694427596,0.2997360146728818,12.217,57.1
2620,1907-03-08 00:00:00,0.1059850602141346,-0.1023739065370084,0.3143440269652777,12.217,57.1
2621,1907-03-09 00:00:00,0.3204215690476472,0.110482315071053,0.5303608230242414,12.217,57.1
2622,1907-03-10 00:00:00,0.1109699080218948,-0.0952372513627466,0.3171770674065364,12.217,57.1
2623,1907-03-11 00:00:00,0.0267051335912214,-0.1793759493379964,0.2327862165204394,12.217,57.1
2624,1907-03-12 00:00:00,0.0270858796779083,-0.1799363749342231,0.2341081342900397,12.217,57.1
2625,1907-03-13 00:00:00,-0.0701961985809781,-0.2764398480157085,0.1360474508537523,12.217,57.1
2626,1907-03-14 00:00:00,0.2490415807191295,0.0424109341539457,0.4556722272843133,12.217,57.1
2627,1907-03-15 00:00:00,0.0401699480655442,-0.1663059488845822,0.2466458450156708,12.217,57.1
2628,1907-03-16 00:00:00,0.1062428188183997,-0.099975478226105,0.3124611158629045,12.217,57.1
2629,1907-03-17 00:00:00,0.2119151130007649,0.0053558886112228,0.418474337390307,12.217,57.1
2630,1907-03-18 00:00:00,0.3530432219518813,0.1466349838231191,0.5594514600806436,12.217,57.1
2631,1907-03-19 00:00:00,0.454559727433824,0.2458228492715478,0.6632966055961002,12.217,57.1
2632,1907-03-20 00:00:00,0.4837885790644046,0.2769021035675642,0.690675054561245,12.217,57.1
2633,1907-03-21 00:00:00,0.1192108634113638,-0.0872615027066799,0.3256832295294077,12.217,57.1
2634,1907-03-22 00:00:00,0.0459645660361344,-0.1600193869146404,0.2519485189869093,12.217,57.1
2635,1907-03-23 00:00:00,0.1675041490872761,-0.039039152707772,0.3740474508823244,12.217,57.1
2636,1907-03-24 00:00:00,0.0085624370405762,-0.1979574963924951,0.2150823704736476,12.217,57.1
2637,1907-03-25 00:00:00,-0.0283044538392611,-0.2339560097330675,0.1773471020545452,12.217,57.1
2638,1907-03-26 00:00:00,-0.0278529502254306,-0.2334359900689203,0.177730089618059,12.217,57.1
2639,1907-03-27 00:00:00,-0.0468217467442166,-0.252410669737727,0.1587671762492936,12.217,57.1
2640,1907-03-28 00:00:00,-0.0132829882945067,-0.2187599532696373,0.1921939766806237,12.217,57.1
2641,1907-03-29 00:00:00,-0.0252562591106899,-0.2308306632675381,0.1803181450461583,12.217,57.1
2642,1907-03-30 00:00:00,-0.0070789634353127,-0.2129161833050732,0.1987582564344477,12.217,57.1
2643,1907-03-31 00:00:00,0.003726762195287,-0.2017574358905602,0.2092109602811343,12.217,57.1
2644,1907-04-01 00:00:00,-0.0037984440467719,-0.2092498811247421,0.2016529930311983,12.217,57.1
2645,1907-04-02 00:00:00,0.0453465898606696,-0.1601132401306296,0.2508064198519689,12.217,57.1
2646,1907-04-03 00:00:00,0.0557631177599493,-0.1497570321920744,0.2612832677119731,12.217,57.1
2647,1907-04-04 00:00:00,0.0332684987026954,-0.1724802340245647,0.2390172314299557,12.217,57.1
2648,1907-04-05 00:00:00,-0.0220329486669659,-0.2282929596362144,0.1842270623022826,12.217,57.1
2649,1907-04-06 00:00:00,-0.0025079419560478,-0.2087947553398197,0.203778871427724,12.217,57.1
2650,1907-04-07 00:00:00,0.13252030345146,-0.0734198915285667,0.3384604984314868,12.217,57.1
2651,1907-04-08 00:00:00,0.1036375897226369,-0.1024804748964696,0.3097556543417435,12.217,57.1
2652,1907-04-09 00:00:00,0.0591405805865375,-0.14659223493489,0.2648733961079651,12.217,57.1
2653,1907-04-10 00:00:00,-0.0277591805232478,-0.2335694956423285,0.1780511345958329,12.217,57.1
2654,1907-04-11 00:00:00,-0.1206302336394465,-0.3263651112656811,0.0851046439867879,12.217,57.1
2655,1907-04-12 00:00:00,-0.0512990669293979,-0.2569801781844619,0.154382044325666,12.217,57.1
2656,1907-04-13 00:00:00,-0.0104451785118205,-0.2158888322277948,0.1949984752041537,12.217,57.1
2657,1907-04-14 00:00:00,0.0229373853400405,-0.1825432321047801,0.2284180027848612,12.217,57.1
2658,1907-04-15 00:00:00,0.0429848496988151,-0.1625060980308772,0.2484757974285074,12.217,57.1
2659,1907-04-16 00:00:00,0.0356417854810603,-0.170121005174452,0.2414045761365728,12.217,57.1
2660,1907-04-17 00:00:00,0.0782584962861914,-0.1274462215025447,0.2839632140749275,12.217,57.1
2661,1907-04-18 00:00:00,0.0594917661910018,-0.1462496876031759,0.2652332199851797,12.217,57.1
2662,1907-04-19 00:00:00,0.0682562392451998,-0.1378296729813019,0.2743421514717015,12.217,57.1
2663,1907-04-20 00:00:00,0.0127952279738968,-0.1930437937351457,0.2186342496829394,12.217,57.1
2664,1907-04-21 00:00:00,0.0343107128418232,-0.1712584521982393,0.2398798778818858,12.217,57.1
2665,1907-04-22 00:00:00,0.1474797067460266,-0.0585077231492685,0.3534671366413218,12.217,57.1
2666,1907-04-23 00:00:00,0.1175995102447125,-0.0883789355481023,0.3235779560375273,12.217,57.1
2667,1907-04-24 00:00:00,0.2175516784903753,0.0117978354825189,0.4233055214982316,12.217,57.1
2668,1907-04-25 00:00:00,0.1502886150662572,-0.0555907442739039,0.3561679744064183,12.217,57.1
2669,1907-04-26 00:00:00,0.1508596236689694,-0.055119248834015,0.3568384961719539,12.217,57.1
2670,1907-04-27 00:00:00,0.0984928745091587,-0.1072134237506265,0.3041991727689441,12.217,57.1
2671,1907-04-28 00:00:00,0.1376617263523654,-0.0680390407384307,0.3433624934431617,12.217,57.1
2672,1907-04-29 00:00:00,0.1619026265481913,-0.043832887962571,0.3676381410589536,12.217,57.1
2673,1907-04-30 00:00:00,0.1386218990332421,-0.0669148409590326,0.3441586390255168,12.217,57.1
2674,1907-05-01 00:00:00,0.1432150559322642,-0.0622702607857224,0.3487003726502509,12.217,57.1
2675,1907-05-02 00:00:00,0.1156540247038855,-0.0900055258497753,0.3213135752575465,12.217,57.1
2676,1907-05-03 00:00:00,0.2080922631073259,-0.0010849051328981,0.4172694313475499,12.217,57.1
2677,1907-05-04 00:00:00,0.2617039222196138,0.0553503981429898,0.4680574462962377,12.217,57.1
2678,1907-05-05 00:00:00,0.306402338651406,0.0998987574341527,0.5129059198686592,12.217,57.1
2679,1907-05-06 00:00:00,0.0967704906794068,-0.1093947065197777,0.3029356878785914,12.217,57.1
2680,1907-05-07 00:00:00,0.1603925102885108,-0.0459954972158633,0.3667805177928849,12.217,57.1
2681,1907-05-08 00:00:00,-0.0391766368460632,-0.2450551759670031,0.1667019022748766,12.217,57.1
2682,1907-05-09 00:00:00,-0.0039226707770533,-0.2094354071711359,0.2015900656170292,12.217,57.1
2683,1907-05-10 00:00:00,0.0354024185721951,-0.1701425745597132,0.2409474117041034,12.217,57.1
2684,1907-05-11 00:00:00,0.0490801024079371,-0.1563880590973293,0.2545482639132036,12.217,57.1
2685,1907-05-12 00:00:00,0.0532154452042363,-0.1524679442903687,0.2588988346988414,12.217,57.1
2686,1907-05-13 00:00:00,0.0137625458243523,-0.1918575292429393,0.219382620891644,12.217,57.1
2687,1907-05-14 00:00:00,0.0145259045888373,-0.1911446460062431,0.2201964551839177,12.217,57.1
2688,1907-05-15 00:00:00,0.0844211791327921,-0.1212621465750667,0.2901045048406511,12.217,57.1
2689,1907-05-16 00:00:00,0.0991271146890003,-0.1065323821165546,0.3047866114945554,12.217,57.1
2690,1907-05-17 00:00:00,0.2101590607998007,0.0034107118421339,0.4169074097574675,12.217,57.1
2691,1907-05-18 00:00:00,0.0485182501071618,-0.1574760693625794,0.2545125695769032,12.217,57.1
2692,1907-05-19 00:00:00,-0.0543038570156092,-0.2597874803326075,0.151179766301389,12.217,57.1
2693,1907-05-20 00:00:00,-0.0728537537684631,-0.2783159803622965,0.1326084728253702,12.217,57.1
2694,1907-05-21 00:00:00,-0.0202678659499005,-0.2264881501094397,0.1859524182096386,12.217,57.1
2695,1907-05-22 00:00:00,0.1056388621015932,-0.1016028888691117,0.3128806130722982,12.217,57.1
2696,1907-05-23 00:00:00,-0.0131622756799423,-0.2189791088944346,0.1926545575345499,12.217,57.1
2697,1907-05-24 00:00:00,-0.0246140360523005,-0.2301712444621658,0.1809431723575647,12.217,57.1
2698,1907-05-25 00:00:00,-0.0262278748923517,-0.2319561764148506,0.1795004266301472,12.217,57.1
2699,1907-05-26 00:00:00,0.0029647116984588,-0.2028113509361803,0.208740774333098,12.217,57.1
2700,1907-05-27 00:00:00,0.0869417774720696,-0.1191901121536131,0.2930736670977524,12.217,57.1
2701,1907-05-28 00:00:00,0.0812358011405582,-0.1247674055936595,0.2872390078747762,12.217,57.1
2702,1907-05-29 00:00:00,0.1099047917644198,-0.0965140171236099,0.3163236006524497,12.217,57.1
2703,1907-05-30 00:00:00,0.0493999153367882,-0.1567049790267985,0.255504809700375,12.217,57.1
2704,1907-05-31 00:00:00,0.0494797444581886,-0.1559995872310196,0.254959076147397,12.217,57.1
2705,1907-06-01 00:00:00,0.0564204926353487,-0.1491346001590256,0.2619755854297231,12.217,57.1
2706,1907-06-02 00:00:00,0.0204938131599708,-0.1855327135838681,0.2265203399038099,12.217,57.1
2707,1907-06-03 00:00:00,0.2421351640769601,0.0350608476542434,0.4492094804996769,12.217,57.1
2708,1907-06-04 00:00:00,0.0568931427121742,-0.1488847365461704,0.262671021970519,12.217,57.1
2709,1907-06-05 00:00:00,0.0655906678358846,-0.1398983050183653,0.2710796406901345,12.217,57.1
2710,1907-06-06 00:00:00,0.0691882538742997,-0.1364032522874385,0.274779760036038,12.217,57.1
2711,1907-06-07 00:00:00,0.1390102671755741,-0.0668776212865664,0.3448981556377147,12.217,57.1
2712,1907-06-08 00:00:00,0.0050577665675468,-0.2005418026520017,0.2106573357870953,12.217,57.1
2713,1907-06-09 00:00:00,-0.0429074950174219,-0.2485241935877164,0.1627092035528725,12.217,57.1
2714,1907-06-10 00:00:00,0.030152284185713,-0.1754168585222674,0.2357214268936935,12.217,57.1
2715,1907-06-11 00:00:00,0.0720112624315439,-0.1335250067682031,0.277547531631291,12.217,57.1
2716,1907-06-12 00:00:00,0.0114532488056866,-0.1940394610758589,0.2169459586872322,12.217,57.1
2717,1907-06-13 00:00:00,0.032817401871636,-0.1726857971576339,0.2383206009009061,12.217,57.1
2718,1907-06-14 00:00:00,0.0340436642097877,-0.1715940225937975,0.2396813510133731,12.217,57.1
2719,1907-06-15 00:00:00,-0.0099586781889757,-0.2155010981107214,0.1955837417327699,12.217,57.1
2720,1907-06-16 00:00:00,0.0724904158320612,-0.1330085626276598,0.2779893942917823,12.217,57.1
2721,1907-06-17 00:00:00,0.1237596723838889,-0.0819270418132765,0.3294463865810545,12.217,57.1
2722,1907-06-18 00:00:00,0.1062010155670272,-0.1001734025400786,0.3125754336741332,12.217,57.1
2723,1907-06-19 00:00:00,0.122357794386096,-0.0834180060503186,0.3281335948225108,12.217,57.1
2724,1907-06-20 00:00:00,0.1112633398917551,-0.0942624098276582,0.3167890896111686,12.217,57.1
2725,1907-06-21 00:00:00,0.1986066772688777,-0.0070077761775874,0.4042211307153429,12.217,57.1
2726,1907-06-22 00:00:00,0.2618652977683364,0.0559269702636442,0.4678036252730286,12.217,57.1
2727,1907-06-23 00:00:00,0.1707016873003438,-0.0369861350378196,0.3783895096385074,12.217,57.1
2728,1907-06-24 00:00:00,0.1032407813860398,-0.1037028105210107,0.3101843732930903,12.217,57.1
2729,1907-06-25 00:00:00,0.152045784769115,-0.0540423740906149,0.3581339436288451,12.217,57.1
2730,1907-06-26 00:00:00,0.205693601353593,-0.0008964514886649,0.4122836541958509,12.217,57.1
2731,1907-06-27 00:00:00,0.1890104484958849,-0.0167980519148907,0.3948189489066606,12.217,57.1
2732,1907-06-28 00:00:00,0.1285968387912474,-0.0771136796385623,0.3343073572210572,12.217,57.1
2733,1907-06-29 00:00:00,0.0648581715498379,-0.1408484596254758,0.2705648027251516,12.217,57.1
2734,1907-06-30 00:00:00,0.0072010982410479,-0.1985280010479335,0.2129301975300293,12.217,57.1
2735,1907-07-01 00:00:00,0.0582159200037985,-0.1475363993615362,0.2639682393691333,12.217,57.1
2736,1907-07-02 00:00:00,0.0630959139728929,-0.1424144879111423,0.2686063158569282,12.217,57.1
2737,1907-07-03 00:00:00,0.0237716694351839,-0.1820333715868978,0.2295767104572656,12.217,57.1
2738,1907-07-04 00:00:00,0.1026915758122614,-0.1045245913332867,0.3099077429578095,12.217,57.1
2739,1907-07-05 00:00:00,0.1799308699956262,-0.0276726479031121,0.3875343878943647,12.217,57.1
2740,1907-07-06 00:00:00,0.1169361176583207,-0.0892237425808284,0.3230959778974699,12.217,57.1
2741,1907-07-07 00:00:00,0.0976286996055573,-0.1079438807464479,0.3032012799575626,12.217,57.1
2742,1907-07-08 00:00:00,0.0656501113789163,-0.1399507751829068,0.2712509979407395,12.217,57.1
2743,1907-07-09 00:00:00,0.0783224603174543,-0.1271509002040299,0.2837958208389387,12.217,57.1
2744,1907-07-10 00:00:00,0.0386610028880352,-0.1670688309087649,0.2443908366848354,12.217,57.1
2745,1907-07-11 00:00:00,0.018951678811771,-0.1865316157950301,0.2244349734185722,12.217,57.1
2746,1907-07-12 00:00:00,-0.0374600796431902,-0.2429271176794089,0.1680069583930284,12.217,57.1
2747,1907-07-13 00:00:00,-0.0271672352321807,-0.2327192992347069,0.1783848287703454,12.217,57.1
2748,1907-07-14 00:00:00,-0.0348901013753076,-0.2405882715045382,0.170808068753923,12.217,57.1
2749,1907-07-15 00:00:00,-0.0518505304619219,-0.2577204875822829,0.154019426658439,12.217,57.1
2750,1907-07-16 00:00:00,-0.0511851163706024,-0.2569938288790154,0.1546235961378106,12.217,57.1
2751,1907-07-17 00:00:00,-0.0220951938742361,-0.2278064285341685,0.1836160407856962,12.217,57.1
2752,1907-07-18 00:00:00,0.0026109092788222,-0.2029478310716787,0.2081696496293232,12.217,57.1
2753,1907-07-19 00:00:00,0.0550406942011104,-0.1507292952739979,0.2608106836762188,12.217,57.1
2754,1907-07-20 00:00:00,0.0864621301726688,-0.1197427571604616,0.2926670175057992,12.217,57.1
2755,1907-07-21 00:00:00,0.0722694306463777,-0.1340910926685416,0.278629953961297,12.217,57.1
2756,1907-07-22 00:00:00,0.06668150078794,-0.1392104962101961,0.2725734977860762,12.217,57.1
2757,1907-07-23 00:00:00,0.0809963789953037,-0.124680427719838,0.2866731857104455,12.217,57.1
2758,1907-07-24 00:00:00,0.0986785715637154,-0.1068284419846999,0.3041855851121308,12.217,57.1
2759,1907-07-25 00:00:00,0.0628082006033531,-0.1426530062442804,0.2682694074509867,12.217,57.1
2760,1907-07-26 00:00:00,0.0686598883320544,-0.1367626013551683,0.2740823780192772,12.217,57.1
2761,1907-07-27 00:00:00,0.0586333588412052,-0.146868144649335,0.2641348623317454,12.217,57.1
2762,1907-07-28 00:00:00,0.0894838456075004,-0.1159817323093991,0.2949494235244,12.217,57.1
2763,1907-07-29 00:00:00,0.0991276989266031,-0.1064154129850597,0.3046708108382659,12.217,57.1
2764,1907-07-30 00:00:00,0.1021200667543644,-0.1034133986550477,0.3076535321637767,12.217,57.1
2765,1907-07-31 00:00:00,0.1384909121503806,-0.0671747357715288,0.34415656007229,12.217,57.1
2766,1907-08-01 00:00:00,0.2619816807678925,0.0559396016950388,0.4680237598407462,12.217,57.1
2767,1907-08-02 00:00:00,0.344266293692382,0.1381543410665969,0.5503782463181672,12.217,57.1
2768,1907-08-03 00:00:00,0.2339945791905103,0.0277265239488405,0.4402626344321801,12.217,57.1
2769,1907-08-04 00:00:00,0.0804344668715869,-0.1252809238585132,0.2861498576016871,12.217,57.1
2770,1907-08-05 00:00:00,0.0896866495782243,-0.1158124112516654,0.295185710408114,12.217,57.1
2771,1907-08-06 00:00:00,0.0932353013936218,-0.1125237693427248,0.2989943721299686,12.217,57.1
2772,1907-08-07 00:00:00,0.3286153489692701,0.1217632422120427,0.5354674557264976,12.217,57.1
2773,1907-08-08 00:00:00,0.2831299039337004,0.07582427321911,0.4904355346482909,12.217,57.1
2774,1907-08-09 00:00:00,0.274937850621384,0.0689816891780676,0.4808940120647003,12.217,57.1
2775,1907-08-10 00:00:00,0.1911515903284644,-0.014551926246735,0.3968551069036639,12.217,57.1
2776,1907-08-11 00:00:00,0.1818366432333223,-0.0236485967986306,0.3873218832652753,12.217,57.1
2777,1907-08-12 00:00:00,0.2106090623938256,0.0048646187227718,0.4163535060648795,12.217,57.1
2778,1907-08-13 00:00:00,0.1407270580943477,-0.0650149842450958,0.3464691004337913,12.217,57.1
2779,1907-08-14 00:00:00,0.1187732484257781,-0.0875579750076735,0.3251044718592298,12.217,57.1
2780,1907-08-15 00:00:00,0.2158244020688906,0.0098725953059958,0.4217762088317854,12.217,57.1
2781,1907-08-16 00:00:00,0.1840071208001201,-0.0219201259399489,0.3899343675401892,12.217,57.1
2782,1907-08-17 00:00:00,0.1867806086688098,-0.0194437213793708,0.3930049387169905,12.217,57.1
2783,1907-08-18 00:00:00,0.1375699516362213,-0.0690997692891418,0.3442396725615846,12.217,57.1
2784,1907-08-19 00:00:00,0.1387156757047411,-0.0671531686592279,0.3445845200687102,12.217,57.1
2785,1907-08-20 00:00:00,0.1610232871381317,-0.0447540221528363,0.3668005964290997,12.217,57.1
2786,1907-08-21 00:00:00,0.1374089814872048,-0.0684007774451054,0.343218740419515,12.217,57.1
2787,1907-08-22 00:00:00,0.0629063164037321,-0.1428096200418528,0.2686222528493172,12.217,57.1
2788,1907-08-23 00:00:00,0.1123772481500214,-0.0931564058142158,0.3179109021142586,12.217,57.1
2789,1907-08-24 00:00:00,0.1754499627602735,-0.0302285456311771,0.3811284711517242,12.217,57.1
2790,1907-08-25 00:00:00,0.1496987873247476,-0.0560646026749468,0.3554621773244422,12.217,57.1
2791,1907-08-26 00:00:00,0.1766704032566055,-0.0290062038967376,0.3823470104099487,12.217,57.1
2792,1907-08-27 00:00:00,0.0887636368980497,-0.1169575052097397,0.2944847790058391,12.217,57.1
2793,1907-08-28 00:00:00,0.0715064510784093,-0.1339604539116057,0.2769733560684245,12.217,57.1
2794,1907-08-29 00:00:00,0.0197051058610588,-0.1859281257546076,0.2253383374767252,12.217,57.1
2795,1907-08-30 00:00:00,0.0822065794243332,-0.1235413466665599,0.2879545055152264,12.217,57.1
2796,1907-08-31 00:00:00,0.0343084475620455,-0.1715465179732437,0.2401634130973349,12.217,57.1
2797,1907-09-01 00:00:00,0.096500020414242,-0.1091799685473684,0.3021800093758525,12.217,57.1
2798,1907-09-02 00:00:00,0.1448279083725307,-0.0615632684672375,0.351219085212299,12.217,57.1
2799,1907-09-03 00:00:00,0.1240084884620845,-0.0822317753606796,0.3302487522848486,12.217,57.1
2800,1907-09-04 00:00:00,0.1658891185053094,-0.0412852587642423,0.3730634957748612,12.217,57.1
2801,1907-09-05 00:00:00,0.0961344478239805,-0.1096658725844369,0.3019347682323979,12.217,57.1
2802,1907-09-06 00:00:00,0.1069203821144248,-0.0988432931494812,0.3126840573783309,12.217,57.1
2803,1907-09-07 00:00:00,0.0342967855360519,-0.1715134024929875,0.2401069735650913,12.217,57.1
2804,1907-09-08 00:00:00,0.0314724274308151,-0.1741638668042021,0.2371087216658324,12.217,57.1
2805,1907-09-09 00:00:00,-0.0494707717647296,-0.2551062084126237,0.1561646648831645,12.217,57.1
2806,1907-09-10 00:00:00,-0.0354680434230871,-0.2409493060921209,0.1700132192459466,12.217,57.1
2807,1907-09-11 00:00:00,-0.0189894890059093,-0.2245726648053735,0.1865936867935548,12.217,57.1
2808,1907-09-12 00:00:00,-0.0315344260345962,-0.2370241014545097,0.1739552493853171,12.217,57.1
2809,1907-09-13 00:00:00,-0.0051400650510103,-0.210722980908133,0.2004428508061123,12.217,57.1
2810,1907-09-14 00:00:00,0.0401194408426828,-0.1653529096297347,0.2455917913151004,12.217,57.1
2811,1907-09-15 00:00:00,0.0581208817528602,-0.1475205726435524,0.2637623361492729,12.217,57.1
2812,1907-09-16 00:00:00,0.0010164600383818,-0.2046402489002939,0.2066731689770576,12.217,57.1
2813,1907-09-17 00:00:00,0.1566246331139314,-0.0493472139396755,0.3625964801675384,12.217,57.1
2814,1907-09-18 00:00:00,0.1392841102292704,-0.0668473617914048,0.3454155822499457,12.217,57.1
2815,1907-09-19 00:00:00,-0.0053260577500384,-0.2109492710506124,0.2002971555505354,12.217,57.1
2816,1907-09-20 00:00:00,-0.0001959511872892,-0.2057369939080489,0.2053450915334705,12.217,57.1
2817,1907-09-21 00:00:00,0.0008202498947388,-0.2047375753912578,0.2063780751807356,12.217,57.1
2818,1907-09-22 00:00:00,-0.0208073094780468,-0.2271662438718469,0.1855516249157532,12.217,57.1
2819,1907-09-23 00:00:00,-0.0190682032567644,-0.2255186046807645,0.1873821981672357,12.217,57.1
2820,1907-09-24 00:00:00,0.1222209557130498,-0.0834293796778451,0.3278712911039448,12.217,57.1
2821,1907-09-25 00:00:00,0.0943569031462206,-0.1111676366865073,0.2998814429789486,12.217,57.1
2822,1907-09-26 00:00:00,0.0241968912932796,-0.1812541290445372,0.2296479116310965,12.217,57.1
2823,1907-09-27 00:00:00,-0.0085834911582897,-0.2140328151364993,0.1968658328199198,12.217,57.1
2824,1907-09-28 00:00:00,-0.0119758263424074,-0.2174646827862477,0.1935130301014328,12.217,57.1
2825,1907-09-29 00:00:00,-0.0219406711369636,-0.2276235894378636,0.1837422471639364,12.217,57.1
2826,1907-09-30 00:00:00,0.0011104406341219,-0.2044041550652024,0.2066250363334463,12.217,57.1
2827,1907-10-01 00:00:00,0.0157169430476727,-0.1897373806980603,0.2211712667934057,12.217,57.1
2828,1907-10-02 00:00:00,0.0347328252009239,-0.170909368912969,0.2403750193148169,12.217,57.1
2829,1907-10-03 00:00:00,0.1426165043856938,-0.0633869753444467,0.3486199841158344,12.217,57.1
2830,1907-10-04 00:00:00,-0.0187112799853119,-0.2245891032073361,0.1871665432367121,12.217,57.1
2831,1907-10-05 00:00:00,-0.0178595793264647,-0.2233442173034493,0.1876250586505198,12.217,57.1
2832,1907-10-06 00:00:00,0.0177775263810782,-0.1876524285136753,0.2232074812758318,12.217,57.1
2833,1907-10-07 00:00:00,0.1160700189322357,-0.0893654127993025,0.321505450663774,12.217,57.1
2834,1907-10-08 00:00:00,0.2232446430123605,0.0174803801537872,0.4290089058709337,12.217,57.1
2835,1907-10-09 00:00:00,0.012113710451453,-0.1934981077197577,0.2177255286226638,12.217,57.1
2836,1907-10-10 00:00:00,-0.0356992731915471,-0.2412007342696713,0.1698021878865771,12.217,57.1
2837,1907-10-11 00:00:00,-0.0036796529888072,-0.2093525540799443,0.2019932481023298,12.217,57.1
2838,1907-10-12 00:00:00,0.0438254863704104,-0.1617975734100774,0.2494485461508983,12.217,57.1
2839,1907-10-13 00:00:00,0.1013964417275558,-0.1042192191719624,0.307012102627074,12.217,57.1
2840,1907-10-14 00:00:00,0.1402117967920137,-0.0659898564699398,0.3464134500539673,12.217,57.1
2841,1907-10-15 00:00:00,0.1527522529791584,-0.0531198120543285,0.3586243180126454,12.217,57.1
2842,1907-10-16 00:00:00,0.1771830429080386,-0.0284245387795933,0.3827906245956705,12.217,57.1
2843,1907-10-17 00:00:00,0.0703262052361128,-0.1354432243166499,0.2760956347888756,12.217,57.1
2844,1907-10-18 00:00:00,0.1524948468570434,-0.0535408066011304,0.3585305003152174,12.217,57.1
2845,1907-10-19 00:00:00,0.1130818417728839,-0.0926420336385858,0.3188057171843538,12.217,57.1
2846,1907-10-20 00:00:00,0.0740978637518521,-0.1315331425885838,0.2797288700922881,12.217,57.1
2847,1907-10-21 00:00:00,0.0294233190411063,-0.1761032086286969,0.2349498467109096,12.217,57.1
2848,1907-10-22 00:00:00,0.0381915228610338,-0.1673395655692143,0.243722611291282,12.217,57.1
2849,1907-10-23 00:00:00,0.0665779454156083,-0.1389011151507154,0.2720570059819321,12.217,57.1
2850,1907-10-24 00:00:00,0.0047112346196235,-0.2008620156748997,0.2102844849141467,12.217,57.1
2851,1907-10-25 00:00:00,0.0735032207051635,-0.1319965034024849,0.2790029448128122,12.217,57.1
2852,1907-10-26 00:00:00,0.0769484466695783,-0.128556749915337,0.2824536432544936,12.217,57.1
2853,1907-10-27 00:00:00,-0.0308816065025074,-0.2366507857026547,0.1748875726976399,12.217,57.1
2854,1907-10-28 00:00:00,0.0627224101964172,-0.1435148760666099,0.2689596964594444,12.217,57.1
2855,1907-10-29 00:00:00,0.0917747417417656,-0.1142396251636184,0.2977891086471497,12.217,57.1
2856,1907-10-30 00:00:00,0.0571590040268742,-0.1485036884207365,0.262821696474485,12.217,57.1
2857,1907-10-31 00:00:00,0.0206018486650119,-0.1850448158055651,0.226248513135589,12.217,57.1
2858,1907-11-01 00:00:00,-0.0412539684517046,-0.2469490773727507,0.1644411404693414,12.217,57.1
2859,1907-11-02 00:00:00,-0.0989490866177827,-0.3044573850637828,0.1065592118282173,12.217,57.1
2860,1907-11-03 00:00:00,-0.0901264526120637,-0.2957393597314695,0.115486454507342,12.217,57.1
2861,1907-11-04 00:00:00,-0.0705314882564375,-0.2761801899441681,0.1351172134312929,12.217,57.1
2862,1907-11-05 00:00:00,-0.0067198905890452,-0.2124082230126761,0.1989684418345857,12.217,57.1
2863,1907-11-06 00:00:00,-0.0036277863548909,-0.2091959887248566,0.2019404160150747,12.217,57.1
2864,1907-11-07 00:00:00,0.0008810114618342,-0.2047459332015966,0.206507956125265,12.217,57.1
2865,1907-11-08 00:00:00,-0.0121530283252027,-0.2176988163942672,0.1933927597438616,12.217,57.1
2866,1907-11-09 00:00:00,0.022278591212129,-0.18317504138169,0.2277322238059481,12.217,57.1
2867,1907-11-10 00:00:00,0.0278767879189832,-0.1775848817055777,0.2333384575435442,12.217,57.1
2868,1907-11-11 00:00:00,0.0689552089023524,-0.1366508528415164,0.2745612706462212,12.217,57.1
2869,1907-11-12 00:00:00,0.1000791200055322,-0.1054515492796766,0.3056097892907411,12.217,57.1
2870,1907-11-13 00:00:00,0.1738559618192065,-0.0319796332854787,0.3796915569238919,12.217,57.1
2871,1907-11-14 00:00:00,0.139491127816065,-0.0661567689793495,0.3451390246114796,12.217,57.1
2872,1907-11-15 00:00:00,-0.0383894070786802,-0.2441054076726171,0.1673265935152565,12.217,57.1
2873,1907-11-16 00:00:00,-0.0013126232896218,-0.2069685183420376,0.204343271762794,12.217,57.1
2874,1907-11-17 00:00:00,0.0083933368268059,-0.1973982874137154,0.2141849610673274,12.217,57.1
2875,1907-11-18 00:00:00,0.0768202640761271,-0.1298384311101663,0.2834789592624207,12.217,57.1
2876,1907-11-19 00:00:00,0.128888905298223,-0.077217194618205,0.3349950052146512,12.217,57.1
2877,1907-11-20 00:00:00,-0.0021328101636037,-0.2080658144532398,0.2038001941260323,12.217,57.1
2878,1907-11-21 00:00:00,-0.0296678676438515,-0.2355638337016031,0.1762280984139,12.217,57.1
2879,1907-11-22 00:00:00,-0.0498038078006911,-0.2554174010562045,0.1558097854548222,12.217,57.1
2880,1907-11-23 00:00:00,0.0178430636710371,-0.187802640785086,0.2234887681271603,12.217,57.1
2881,1907-11-24 00:00:00,0.0631244682698856,-0.1428388450902735,0.2690877816300447,12.217,57.1
2882,1907-11-25 00:00:00,0.1542372995756285,-0.0519455772196761,0.3604201763709331,12.217,57.1
2883,1907-11-26 00:00:00,0.1500498883710958,-0.0563710850379763,0.356470861780168,12.217,57.1
2884,1907-11-27 00:00:00,0.20511033055641,-0.001389027470099,0.4116096885829192,12.217,57.1
2885,1907-11-28 00:00:00,0.1878796066184881,-0.0181092162288638,0.3938684294658401,12.217,57.1
2886,1907-11-29 00:00:00,0.0909263002403443,-0.1149579522775177,0.2968105527582064,12.217,57.1
2887,1907-11-30 00:00:00,0.0467862158977662,-0.1590127793781269,0.2525852111736594,12.217,57.1
2888,1907-12-01 00:00:00,-0.0936983547600996,-0.3026407945059967,0.1152440849857973,12.217,57.1
2889,1907-12-02 00:00:00,0.0300778450908275,-0.1756840955007588,0.2358397856824139,12.217,57.1
2890,1907-12-03 00:00:00,0.1178168117987536,-0.0878513011596206,0.323484924757128,12.217,57.1
2891,1907-12-04 00:00:00,0.1674048161916372,-0.0383688122097701,0.3731784445930446,12.217,57.1
2892,1907-12-05 00:00:00,0.2050993020692839,-0.000775739206913,0.410974343345481,12.217,57.1
2893,1907-12-06 00:00:00,0.3852813024502586,0.1782877881409059,0.5922748167596114,12.217,57.1
2894,1907-12-07 00:00:00,0.1692220334672236,-0.0372647894144138,0.375708856348861,12.217,57.1
2895,1907-12-08 00:00:00,0.098478142083875,-0.107064213464447,0.3040204976321971,12.217,57.1
2896,1907-12-09 00:00:00,0.3310988090953089,0.1236526701556868,0.538544948034931,12.217,57.1
2897,1907-12-10 00:00:00,0.2776566348020381,0.0696740179720477,0.4856392516320286,12.217,57.1
2898,1907-12-11 00:00:00,0.174060015703026,-0.0336768756279303,0.3817969070339824,12.217,57.1
2899,1907-12-12 00:00:00,0.0674166725841541,-0.1394504677925399,0.2742838129608482,12.217,57.1
2900,1907-12-13 00:00:00,0.0815124646918935,-0.1243102328348827,0.2873351622186698,12.217,57.1
2901,1907-12-14 00:00:00,0.2001797866335977,-0.0068163717934707,0.4071759450606661,12.217,57.1
2902,1907-12-15 00:00:00,0.054247781948007,-0.1536690193531699,0.262164583249184,12.217,57.1
2903,1907-12-16 00:00:00,-0.0683710472547212,-0.274663859415923,0.1379217649064804,12.217,57.1
2904,1907-12-17 00:00:00,-0.1123054744843639,-0.318038387109983,0.0934274381412552,12.217,57.1
2905,1907-12-18 00:00:00,-0.0434963827184527,-0.2491656433437575,0.1621728779068521,12.217,57.1
2906,1907-12-19 00:00:00,0.0864026198393531,-0.1192156813316394,0.2920209210103457,12.217,57.1
2907,1907-12-20 00:00:00,0.0155137216046082,-0.1900448371514613,0.2210722803606778,12.217,57.1
2908,1907-12-21 00:00:00,0.0302644238860038,-0.1753532130620729,0.2358820608340806,12.217,57.1
2909,1907-12-22 00:00:00,0.0943082226967385,-0.1116631604934509,0.3002796058869281,12.217,57.1
2910,1907-12-23 00:00:00,0.0527449470083403,-0.153363101893081,0.2588529959097617,12.217,57.1
2911,1907-12-24 00:00:00,-0.0454747493615523,-0.2514072306709711,0.1604577319478664,12.217,57.1
2912,1907-12-25 00:00:00,-0.1216043576330647,-0.3274333716920977,0.0842246564259683,12.217,57.1
2913,1907-12-26 00:00:00,-0.1828308843986977,-0.3886814727293587,0.0230197039319633,12.217,57.1
2914,1907-12-27 00:00:00,-0.135951153439864,-0.3416273542774338,0.0697250473977056,12.217,57.1
2915,1907-12-28 00:00:00,-0.07688227752109,-0.2824699361630984,0.1287053811209183,12.217,57.1
2916,1907-12-29 00:00:00,-0.0164951501355128,-0.2225360008523845,0.1895457005813588,12.217,57.1
2917,1907-12-30 00:00:00,-0.0878218344932106,-0.2934466327964538,0.1178029638100324,12.217,57.1
2918,1907-12-31 00:00:00,-0.073944800326484,-0.2794053470874342,0.1315157464344661,12.217,57.1
2919,1908-01-01 00:00:00,-0.0473083595724669,-0.2528708526613126,0.1582541335163786,12.217,57.1
2920,1908-01-02 00:00:00,-0.1286604761033227,-0.3345417935958844,0.077220841389239,12.217,57.1
2921,1908-01-03 00:00:00,-0.0626517439286093,-0.2685037170576346,0.1432002292004159,12.217,57.1
2922,1908-01-04 00:00:00,0.0840211296812086,-0.1221730521652071,0.2902153115276244,12.217,57.1
2923,1908-01-05 00:00:00,0.0136941735349512,-0.192183955916393,0.2195723029862955,12.217,57.1
2924,1908-01-06 00:00:00,0.0848131556170464,-0.1207886155836624,0.2904149268177552,12.217,57.1
2925,1908-01-07 00:00:00,0.1841800177073978,-0.0216399384035222,0.3899999738183179,12.217,57.1
2926,1908-01-08 00:00:00,0.0660723456761487,-0.1405154276911697,0.2726601190434671,12.217,57.1
2927,1908-01-09 00:00:00,-0.0929249805773677,-0.3017617950777458,0.1159118339230104,12.217,57.1
2928,1908-01-10 00:00:00,-0.0644725043372274,-0.2750945101913954,0.1461495015169404,12.217,57.1
2929,1908-01-11 00:00:00,-0.1057103588460173,-0.313773113779259,0.1023523960872242,12.217,57.1
2930,1908-01-12 00:00:00,0.2572824911219741,0.0510406640135556,0.4635243182303926,12.217,57.1
2931,1908-01-13 00:00:00,0.1210793152710414,-0.0849539604868907,0.3271125910289736,12.217,57.1
2932,1908-01-14 00:00:00,0.0313842151453235,-0.1742554161568513,0.2370238464474985,12.217,57.1
2933,1908-01-15 00:00:00,0.032036030908974,-0.1735974019801461,0.2376694637980942,12.217,57.1
2934,1908-01-16 00:00:00,0.1078688736982739,-0.0978391426861888,0.3135768900827367,12.217,57.1
2935,1908-01-17 00:00:00,0.2566775480366539,0.0508387078696634,0.4625163882036443,12.217,57.1
2936,1908-01-18 00:00:00,0.2161513795636098,0.0103831873269905,0.4219195718002291,12.217,57.1
2937,1908-01-19 00:00:00,0.1814911117329183,-0.0248207664714757,0.3878029899373124,12.217,57.1
2938,1908-01-20 00:00:00,0.0503729451283642,-0.1556081159829702,0.2563540062396986,12.217,57.1
2939,1908-01-21 00:00:00,0.0101744896252108,-0.1959411116015865,0.2162900908520082,12.217,57.1
2940,1908-01-22 00:00:00,0.2404166301712118,0.0338724568760637,0.4469608034663599,12.217,57.1
2941,1908-01-23 00:00:00,-0.004499230657447,-0.2106317634919311,0.2016333021770369,12.217,57.1
2942,1908-01-24 00:00:00,0.0183949755265026,-0.1873305102826915,0.2241204613356968,12.217,57.1
2943,1908-01-25 00:00:00,-0.058803637640692,-0.2645201940417244,0.1469129187603404,12.217,57.1
2944,1908-01-26 00:00:00,0.0926327307004084,-0.1130766667639837,0.2983421281648006,12.217,57.1
2945,1908-01-27 00:00:00,0.2983821710265915,0.0906555695664718,0.5061087724867113,12.217,57.1
2946,1908-01-28 00:00:00,0.3244025743339209,0.1155128221318847,0.5332923265359572,12.217,57.1
2947,1908-01-29 00:00:00,0.4400162817998868,0.2309051620781655,0.6491274015216081,12.217,57.1
2948,1908-01-30 00:00:00,0.0987524318791245,-0.1074696259402145,0.3049744896984637,12.217,57.1
2949,1908-01-31 00:00:00,0.1627728293835083,-0.0431440104752256,0.3686896692422423,12.217,57.1
2950,1908-02-01 00:00:00,0.347997988329134,0.141411737788855,0.5545842388694129,12.217,57.1
2951,1908-02-02 00:00:00,0.0686601013824212,-0.1388418125131377,0.2761620152779803,12.217,57.1
2952,1908-02-03 00:00:00,-0.1182502821339919,-0.324942949519894,0.0884423852519102,12.217,57.1
2953,1908-02-04 00:00:00,0.1612138852963647,-0.0448166657435273,0.3672444363362568,12.217,57.1
2954,1908-02-05 00:00:00,-0.1066466977490842,-0.31333848924294,0.1000450937447714,12.217,57.1
2955,1908-02-06 00:00:00,0.2405449593538859,0.0336513855765533,0.4474385331312184,12.217,57.1
2956,1908-02-07 00:00:00,0.2705730317835171,0.062058279008701,0.4790877845583333,12.217,57.1
2957,1908-02-08 00:00:00,-0.0146145445240974,-0.2263959438578894,0.1971668548096945,12.217,57.1
2958,1908-02-09 00:00:00,0.5538299089529662,0.3451636074428464,0.7624962104630861,12.217,57.1
2959,1908-02-10 00:00:00,0.0010508645078789,-0.2094697937144264,0.2115715227301843,12.217,57.1
2960,1908-02-11 00:00:00,-0.0787451354577446,-0.2851191534535716,0.1276288825380823,12.217,57.1
2961,1908-02-12 00:00:00,0.0254881885834478,-0.1803398289542696,0.2313162061211653,12.217,57.1
2962,1908-02-13 00:00:00,0.052957249800015,-0.1528982026144967,0.2588127022145268,12.217,57.1
2963,1908-02-14 00:00:00,-0.0061208834829613,-0.2118725797166849,0.1996308127507622,12.217,57.1
2964,1908-02-15 00:00:00,0.0559560259672506,-0.1495993391997062,0.2615113911342074,12.217,57.1
2965,1908-02-16 00:00:00,0.2443745720041284,0.0382375571991761,0.4505115868090806,12.217,57.1
2966,1908-02-17 00:00:00,0.1939922062815658,-0.0120676859736033,0.4000520985367349,12.217,57.1
2967,1908-02-18 00:00:00,0.1293330789366928,-0.076447354913858,0.3351135127872438,12.217,57.1
2968,1908-02-19 00:00:00,0.201495431925581,-0.004502012084976,0.4074928759361382,12.217,57.1
2969,1908-02-20 00:00:00,0.1630447990678041,-0.0429404127035241,0.3690300108391325,12.217,57.1
2970,1908-02-21 00:00:00,0.1277617663556984,-0.0779457244721073,0.333469257183504,12.217,57.1
2971,1908-02-22 00:00:00,0.1291416296964196,-0.0768921647616003,0.3351754241544397,12.217,57.1
2972,1908-02-23 00:00:00,0.2457284021701258,0.0394382580663375,0.452018546273914,12.217,57.1
2973,1908-02-24 00:00:00,0.3647037559118214,0.1584563920369474,0.5709511197866954,12.217,57.1
2974,1908-02-25 00:00:00,0.2031539969494001,-0.0030180719890967,0.409326065887897,12.217,57.1
2975,1908-02-26 00:00:00,0.0289932782760525,-0.1766099984868629,0.2345965550389679,12.217,57.1
2976,1908-02-27 00:00:00,0.1038516283364545,-0.1019765744474049,0.3096798311203141,12.217,57.1
2977,1908-02-28 00:00:00,0.278159515430164,0.0711554655075095,0.4851635653528185,12.217,57.1
2978,1908-02-29 00:00:00,0.3264641829216483,0.1201093971372807,0.532818968706016,12.217,57.1
2979,1908-03-01 00:00:00,0.2043862019742179,-0.0016946873189248,0.4104670912673607,12.217,57.1
2980,1908-03-02 00:00:00,0.0967079944751661,-0.1102185995510109,0.3036345885013433,12.217,57.1
2981,1908-03-03 00:00:00,0.0302800658708453,-0.1772309881106119,0.2377911198523027,12.217,57.1
2982,1908-03-04 00:00:00,-0.0911338039747313,-0.2970730444250352,0.1148054364755726,12.217,57.1
2983,1908-03-05 00:00:00,0.001910569048564,-0.204116556970385,0.207937695067513,12.217,57.1
2984,1908-03-06 00:00:00,0.0283923167506501,-0.1772936323332776,0.2340782658345779,12.217,57.1
2985,1908-03-07 00:00:00,0.0279299621727717,-0.1778862966713173,0.2337462210168607,12.217,57.1
2986,1908-03-08 00:00:00,0.2370716267022588,0.0295772351670579,0.4445660182374597,12.217,57.1
2987,1908-03-09 00:00:00,0.1137332191045488,-0.0926295955186626,0.3200960337277603,12.217,57.1
2988,1908-03-10 00:00:00,0.3113792584712908,0.1040417118603585,0.5187168050822231,12.217,57.1
2989,1908-03-11 00:00:00,0.078237979302535,-0.1300399028438525,0.2865158614489227,12.217,57.1
2990,1908-03-12 00:00:00,-0.0246350383491816,-0.2324969310208725,0.1832268543225091,12.217,57.1
2991,1908-03-13 00:00:00,-0.0637168746147681,-0.2705415142029359,0.1431077649733997,12.217,57.1
2992,1908-03-14 00:00:00,-0.0787405953869915,-0.2847758265114801,0.1272946357374969,12.217,57.1
2993,1908-03-15 00:00:00,-0.0857531556112722,-0.2913692069116295,0.119862895689085,12.217,57.1
2994,1908-03-16 00:00:00,-0.0210454038918709,-0.2266780797566824,0.1845872719729405,12.217,57.1
2995,1908-03-17 00:00:00,0.0068051393543305,-0.1987613491702844,0.2123716278789454,12.217,57.1
2996,1908-03-18 00:00:00,0.0169905198254197,-0.1886198884358609,0.2226009280867004,12.217,57.1
2997,1908-03-19 00:00:00,-0.0363999211912232,-0.2419754411076873,0.1691755987252407,12.217,57.1
2998,1908-03-20 00:00:00,-0.0375283776062551,-0.2431672149613555,0.1681104597488451,12.217,57.1
2999,1908-03-21 00:00:00,0.0024486063397951,-0.203068800001055,0.2079660126806454,12.217,57.1
3000,1908-03-22 00:00:00,-0.0221866826825279,-0.2276886515499752,0.1833152861849192,12.217,57.1
3001,1908-03-23 00:00:00,0.0439200251503278,-0.1617931047290666,0.2496331550297224,12.217,57.1
3002,1908-03-24 00:00:00,-0.0571065256954965,-0.262817362320328,0.1486043109293349,12.217,57.1
3003,1908-03-25 00:00:00,-0.0923583289354087,-0.2978938763121407,0.1131772184413232,12.217,57.1
3004,1908-03-26 00:00:00,-0.066562372872339,-0.2721477237159573,0.1390229779712792,12.217,57.1
3005,1908-03-27 00:00:00,-0.0143736486545202,-0.2200283434653505,0.1912810461563099,12.217,57.1
3006,1908-03-28 00:00:00,0.016451471123483,-0.1894731789855152,0.2223761212324813,12.217,57.1
3007,1908-03-29 00:00:00,0.0688889551341811,-0.1369626354927458,0.274740545761108,12.217,57.1
3008,1908-03-30 00:00:00,0.0482569110258643,-0.1575184088731391,0.2540322309248679,12.217,57.1
3009,1908-03-31 00:00:00,0.1123206587363246,-0.0934983391979808,0.31813965667063,12.217,57.1
3010,1908-04-01 00:00:00,0.2842583260091699,0.078297563990298,0.4902190880280417,12.217,57.1
3011,1908-04-02 00:00:00,0.1250328235991918,-0.0808735667338323,0.3309392139322159,12.217,57.1
3012,1908-04-03 00:00:00,0.091285277958045,-0.114366887786684,0.2969374437027742,12.217,57.1
3013,1908-04-04 00:00:00,0.1419453994745207,-0.0640882248866854,0.3479790238357269,12.217,57.1
3014,1908-04-05 00:00:00,0.0770096171158428,-0.1288021948420052,0.282821429073691,12.217,57.1
3015,1908-04-06 00:00:00,-0.0798084658291648,-0.2853877183239194,0.1257707866655897,12.217,57.1
3016,1908-04-07 00:00:00,-0.1189523148718505,-0.3245391327584979,0.0866345030147967,12.217,57.1
3017,1908-04-08 00:00:00,-0.0684701844597752,-0.2740280036514214,0.1370876347318708,12.217,57.1
3018,1908-04-09 00:00:00,0.0140921210624004,-0.1914217763702189,0.2196060184950198,12.217,57.1
3019,1908-04-10 00:00:00,0.0439523016131183,-0.1616061558520099,0.2495107590782466,12.217,57.1
3020,1908-04-11 00:00:00,0.0030317325216758,-0.2024429650113358,0.2085064300546876,12.217,57.1
3021,1908-04-12 00:00:00,-0.0447428044959095,-0.2503332140502003,0.1608476050583811,12.217,57.1
3022,1908-04-13 00:00:00,-0.0949420161718493,-0.3005987357830246,0.110714703439326,12.217,57.1
3023,1908-04-14 00:00:00,-0.111868063333751,-0.3175595276295651,0.093823400962063,12.217,57.1
3024,1908-04-15 00:00:00,-0.1386220609372967,-0.3443489876080061,0.0671048657334127,12.217,57.1
3025,1908-04-16 00:00:00,-0.1261435727856964,-0.3318353168988506,0.0795481713274577,12.217,57.1
3026,1908-04-17 00:00:00,-0.0845767461772695,-0.2901387050185563,0.1209852126640173,12.217,57.1
3027,1908-04-18 00:00:00,0.0363392618054259,-0.1695675019724545,0.2422460255833064,12.217,57.1
3028,1908-04-19 00:00:00,0.1562391029886402,-0.0533202665647729,0.3657984725420534,12.217,57.1
3029,1908-04-20 00:00:00,0.0970667644327232,-0.1092361013141953,0.3033696301796418,12.217,57.1
3030,1908-04-21 00:00:00,0.1269585261694666,-0.0791507413733011,0.3330677937122344,12.217,57.1
3031,1908-04-22 00:00:00,0.1065606345848651,-0.0995087291218794,0.3126299982916098,12.217,57.1
3032,1908-04-23 00:00:00,0.098750178687838,-0.1072760269613118,0.3047763843369878,12.217,57.1
3033,1908-04-24 00:00:00,0.0898927505294619,-0.1162647596147521,0.2960502606736759,12.217,57.1
3034,1908-04-25 00:00:00,0.1488551446614939,-0.0583827983503483,0.3560930876733361,12.217,57.1
3035,1908-04-26 00:00:00,-0.06137070297669,-0.2674726023657232,0.1447311964123431,12.217,57.1
3036,1908-04-27 00:00:00,0.0492327174021058,-0.1566594680236981,0.2551249028279098,12.217,57.1
3037,1908-04-28 00:00:00,-0.0301201813250132,-0.2358270042791556,0.175586641629129,12.217,57.1
3038,1908-04-29 00:00:00,-0.0128369176234333,-0.2187472339013597,0.1930733986544931,12.217,57.1
3039,1908-04-30 00:00:00,-0.0333155038968393,-0.2393494301414793,0.1727184223478006,12.217,57.1
3040,1908-05-01 00:00:00,-0.0227867891768347,-0.2287231925845633,0.1831496142308939,12.217,57.1
3041,1908-05-02 00:00:00,-0.0037974128293104,-0.2093035942481871,0.2017087685895662,12.217,57.1
3042,1908-05-03 00:00:00,0.0029990198182898,-0.202724803188378,0.2087228428249576,12.217,57.1
3043,1908-05-04 00:00:00,0.0107910899370602,-0.194725498428111,0.2163076783022315,12.217,57.1
3044,1908-05-05 00:00:00,0.1001911206813151,-0.1055280028408865,0.3059102442035168,12.217,57.1
3045,1908-05-06 00:00:00,0.1272701761211004,-0.0785330252827942,0.3330733775249951,12.217,57.1
3046,1908-05-07 00:00:00,0.1486853083762547,-0.0570643070643151,0.3544349238168245,12.217,57.1
3047,1908-05-08 00:00:00,0.0979858937265879,-0.1079430900835347,0.3039148775367106,12.217,57.1
3048,1908-05-09 00:00:00,0.1651018307182918,-0.0406376306374089,0.3708412920739926,12.217,57.1
3049,1908-05-10 00:00:00,0.1445908340101491,-0.0610099575798729,0.3501916256001711,12.217,57.1
3050,1908-05-11 00:00:00,0.1119226302573735,-0.0936069845014424,0.3174522450161896,12.217,57.1
3051,1908-05-12 00:00:00,0.0539314363783427,-0.151545340997766,0.2594082137544515,12.217,57.1
3052,1908-05-13 00:00:00,0.0566934633832412,-0.1488899164880968,0.2622768432545793,12.217,57.1
3053,1908-05-14 00:00:00,0.1139661330160684,-0.0918215800169665,0.3197538460491034,12.217,57.1
3054,1908-05-15 00:00:00,0.0301149221315971,-0.1757156636173652,0.2359455078805594,12.217,57.1
3055,1908-05-16 00:00:00,0.0749270299363804,-0.1305774504853097,0.2804315103580707,12.217,57.1
3056,1908-05-17 00:00:00,0.0003883412257892,-0.2051970186782606,0.2059737011298392,12.217,57.1
3057,1908-05-18 00:00:00,0.0507234756419733,-0.1547615216613634,0.2562084729453101,12.217,57.1
3058,1908-05-19 00:00:00,0.1305164098636386,-0.0751493453277281,0.3361821650550054,12.217,57.1
3059,1908-05-20 00:00:00,0.0315111659732734,-0.1744574496048634,0.2374797815514104,12.217,57.1
3060,1908-05-21 00:00:00,-0.0060904252701224,-0.2119953199263544,0.1998144693861095,12.217,57.1
3061,1908-05-22 00:00:00,0.0656278797739071,-0.1402781988670823,0.2715339584148966,12.217,57.1
3062,1908-05-23 00:00:00,0.0951791248238097,-0.1114714389363302,0.3018296885839497,12.217,57.1
3063,1908-05-24 00:00:00,-0.004492794499482,-0.2105679028515978,0.2015823138526337,12.217,57.1
3064,1908-05-25 00:00:00,0.0167807767112009,-0.1890205907680807,0.2225821441904827,12.217,57.1
3065,1908-05-26 00:00:00,0.0226704279956963,-0.1833330923659724,0.2286739483573652,12.217,57.1
3066,1908-05-27 00:00:00,0.0313078745236246,-0.1744215693837672,0.2370373184310165,12.217,57.1
3067,1908-05-28 00:00:00,-0.027251464880052,-0.2330216874111555,0.1785187576510514,12.217,57.1
3068,1908-05-29 00:00:00,-0.1187327048180364,-0.3243056451906545,0.0868402355545816,12.217,57.1
3069,1908-05-30 00:00:00,-0.1179720969793924,-0.3235580129674301,0.0876138190086451,12.217,57.1
3070,1908-05-31 00:00:00,-0.0641067774403762,-0.2697223807200207,0.1415088258392683,12.217,57.1
3071,1908-06-01 00:00:00,0.0417920538195658,-0.1638450059519295,0.2474291135910612,12.217,57.1
3072,1908-06-02 00:00:00,-0.0119463945638403,-0.2175430829684309,0.1936502938407503,12.217,57.1
3073,1908-06-03 00:00:00,-0.0050183137550766,-0.2110624435607319,0.2010258160505786,12.217,57.1
3074,1908-06-04 00:00:00,0.0244202564825532,-0.181322527665454,0.2301630406305606,12.217,57.1
3075,1908-06-05 00:00:00,0.0575653379202121,-0.148333209849767,0.2634638856901913,12.217,57.1
3076,1908-06-06 00:00:00,0.1740774735236639,-0.0320512847658363,0.3802062318131641,12.217,57.1
3077,1908-06-07 00:00:00,0.0846148684172365,-0.1214282308290606,0.2906579676635337,12.217,57.1
3078,1908-06-08 00:00:00,0.0754149075024422,-0.130992371312508,0.2818221863173925,12.217,57.1
3079,1908-06-09 00:00:00,0.0838923713579125,-0.1221650739088625,0.2899498166246876,12.217,57.1
3080,1908-06-10 00:00:00,-0.0051452358075431,-0.210713642561606,0.2004231709465197,12.217,57.1
3081,1908-06-11 00:00:00,-0.0166421625918904,-0.2221172191426895,0.1888328939589086,12.217,57.1
3082,1908-06-12 00:00:00,0.0191433329814907,-0.1863851317089603,0.2246717976719418,12.217,57.1
3083,1908-06-13 00:00:00,0.0793978320401526,-0.1261458145551717,0.2849414786354771,12.217,57.1
3084,1908-06-14 00:00:00,0.1310075274074726,-0.074712461737313,0.3367275165522583,12.217,57.1
3085,1908-06-15 00:00:00,0.256468471135385,0.0502644948146301,0.4626724474561399,12.217,57.1
3086,1908-06-16 00:00:00,0.0590661925338669,-0.1475497617012102,0.2656821467689441,12.217,57.1
3087,1908-06-17 00:00:00,0.0834236877293679,-0.1228903487582196,0.2897377242169556,12.217,57.1
3088,1908-06-18 00:00:00,0.1026925913425794,-0.1030466606291689,0.3084318433143278,12.217,57.1
3089,1908-06-19 00:00:00,0.0867973597469823,-0.1188500453701514,0.292444764864116,12.217,57.1
3090,1908-06-20 00:00:00,0.0801511448663803,-0.1255796118785822,0.2858819016113429,12.217,57.1
3091,1908-06-21 00:00:00,0.0342373125115542,-0.1717654410587757,0.2402400660818842,12.217,57.1
3092,1908-06-22 00:00:00,-0.0071131037357511,-0.2133466081045825,0.1991204006330801,12.217,57.1
3093,1908-06-23 00:00:00,-0.059319114470604,-0.2650414035658157,0.1464031746246076,12.217,57.1
3094,1908-06-24 00:00:00,-0.0453943248700909,-0.2510618768680832,0.1602732271279012,12.217,57.1
3095,1908-06-25 00:00:00,-0.019062316417148,-0.2246737485670784,0.1865491157327823,12.217,57.1
3096,1908-06-26 00:00:00,0.0259840882545131,-0.17952476476679,0.2314929412758163,12.217,57.1
3097,1908-06-27 00:00:00,-0.0002680845946828,-0.2058239414664707,0.205287772277105,12.217,57.1
3098,1908-06-28 00:00:00,0.0062912555865091,-0.1995312337957238,0.2121137449687422,12.217,57.1
3099,1908-06-29 00:00:00,0.0044800378476488,-0.2013181041554267,0.2102781798507244,12.217,57.1
3100,1908-06-30 00:00:00,0.0499633955446955,-0.1561609224074462,0.2560877134968373,12.217,57.1
3101,1908-07-01 00:00:00,-0.0212284932707452,-0.2270689529648595,0.184611966423369,12.217,57.1
3102,1908-07-02 00:00:00,0.0034951308341002,-0.202052796975648,0.2090430586438486,12.217,57.1
3103,1908-07-03 00:00:00,0.0562732098421066,-0.1495053659810921,0.2620517856653055,12.217,57.1
3104,1908-07-04 00:00:00,0.0668542215846422,-0.1389707618509358,0.2726792050202203,12.217,57.1
3105,1908-07-05 00:00:00,0.0505706268817064,-0.155236889973889,0.2563781437373019,12.217,57.1
3106,1908-07-06 00:00:00,0.0608812728261336,-0.1449768475607088,0.2667393932129762,12.217,57.1
3107,1908-07-07 00:00:00,0.12468811542184,-0.0808380007218883,0.3302142315655684,12.217,57.1
3108,1908-07-08 00:00:00,0.1011982851104854,-0.1043503672611243,0.3067469374820952,12.217,57.1
3109,1908-07-09 00:00:00,0.0971491689360364,-0.1083521082870553,0.3026504461591282,12.217,57.1
3110,1908-07-10 00:00:00,0.0955606850231032,-0.1098886356683841,0.3010100057145906,12.217,57.1
3111,1908-07-11 00:00:00,0.1002635588917472,-0.1052236745676284,0.3057507923511229,12.217,57.1
3112,1908-07-12 00:00:00,0.1849095779394303,-0.0206177634727835,0.3904369193516441,12.217,57.1
3113,1908-07-13 00:00:00,0.1155005045057449,-0.0899970693144596,0.3209980783259495,12.217,57.1
3114,1908-07-14 00:00:00,0.1046930904372146,-0.1008236282004928,0.3102098090749222,12.217,57.1
3115,1908-07-15 00:00:00,0.1819836865858466,-0.0237346060642449,0.3877019792359383,12.217,57.1
3116,1908-07-16 00:00:00,0.1067574115574104,-0.0990241234165709,0.3125389465313917,12.217,57.1
3117,1908-07-17 00:00:00,0.1118530377013135,-0.0938708242147789,0.3175768996174061,12.217,57.1
3118,1908-07-18 00:00:00,0.2782136316015425,0.0713193376764093,0.4851079255266757,12.217,57.1
3119,1908-07-19 00:00:00,0.005016457292475,-0.2010646852922983,0.2110975998772483,12.217,57.1
3120,1908-07-20 00:00:00,-0.0304923265592125,-0.2361327291241529,0.1751480760057278,12.217,57.1
3121,1908-07-21 00:00:00,0.0181850969011738,-0.1876112640451721,0.2239814578475198,12.217,57.1
3122,1908-07-22 00:00:00,0.0300652805978232,-0.1761722517216805,0.236302812917327,12.217,57.1
3123,1908-07-23 00:00:00,-0.0360535388701587,-0.2418771914162056,0.1697701136758881,12.217,57.1
3124,1908-07-24 00:00:00,-0.0254685167151708,-0.231069612780578,0.1801325793502363,12.217,57.1
3125,1908-07-25 00:00:00,-0.0248335705731938,-0.2303932443961058,0.1807261032497181,12.217,57.1
3126,1908-07-26 00:00:00,-0.0104011602860894,-0.2159984379143455,0.1951961173421666,12.217,57.1
3127,1908-07-27 00:00:00,-0.0073424044910191,-0.2129072775896208,0.1982224686075824,12.217,57.1
3128,1908-07-28 00:00:00,-0.0260472082847005,-0.2315897701447333,0.1794953535753323,12.217,57.1
3129,1908-07-29 00:00:00,-0.0448626665106108,-0.2503754723631928,0.1606501393419711,12.217,57.1
3130,1908-07-30 00:00:00,-0.0372845546721039,-0.2428758124109865,0.1683067030667787,12.217,57.1
3131,1908-07-31 00:00:00,0.0480856135026992,-0.1574807659187555,0.2536519929241541,12.217,57.1
3132,1908-08-01 00:00:00,0.1427925580799493,-0.0627960305827512,0.3483811467426498,12.217,57.1
3133,1908-08-02 00:00:00,0.1171033174869906,-0.0888038930054688,0.3230105279794501,12.217,57.1
3134,1908-08-03 00:00:00,0.0043463521872244,-0.2016234674554698,0.2103161718299187,12.217,57.1
3135,1908-08-04 00:00:00,0.0820386935559041,-0.1237196277122975,0.2877970148241058,12.217,57.1
3136,1908-08-05 00:00:00,0.1519314318990197,-0.0537830437052789,0.3576459075033185,12.217,57.1
3137,1908-08-06 00:00:00,0.0356104008755864,-0.170027832673989,0.2412486344251618,12.217,57.1
3138,1908-08-07 00:00:00,0.0224100388212334,-0.1831049371155491,0.2279250147580161,12.217,57.1
3139,1908-08-08 00:00:00,0.0254644692200786,-0.180073448878942,0.2310023873190994,12.217,57.1
3140,1908-08-09 00:00:00,0.0606342385794494,-0.1449477654504377,0.2662162426093366,12.217,57.1
3141,1908-08-10 00:00:00,0.1103454514114657,-0.095288612017638,0.3159795148405696,12.217,57.1
3142,1908-08-11 00:00:00,0.0722405359977318,-0.1336281437299347,0.2781092157253984,12.217,57.1
3143,1908-08-12 00:00:00,0.1179758955394907,-0.0879730656615787,0.3239248567405602,12.217,57.1
3144,1908-08-13 00:00:00,0.161208333987654,-0.0449899452743873,0.3674066132496954,12.217,57.1
3145,1908-08-14 00:00:00,0.0693206995721957,-0.1371382574849581,0.2757796566293495,12.217,57.1
3146,1908-08-15 00:00:00,-0.0331809716052234,-0.2391267451471622,0.1727648019367154,12.217,57.1
3147,1908-08-16 00:00:00,-0.0276876085364864,-0.2332908882662362,0.1779156711932634,12.217,57.1
3148,1908-08-17 00:00:00,-0.0172433395337357,-0.2228966250366296,0.188409945969158,12.217,57.1
3149,1908-08-18 00:00:00,-0.0013850918832405,-0.2068060494632758,0.2040358656967946,12.217,57.1
3150,1908-08-19 00:00:00,-0.016936226757519,-0.2224412661113124,0.1885688125962744,12.217,57.1
3151,1908-08-20 00:00:00,0.0019887647938093,-0.2038287307851813,0.2078062603728,12.217,57.1
3152,1908-08-21 00:00:00,0.0037333185268407,-0.2018487011600832,0.2093153382137647,12.217,57.1
3153,1908-08-22 00:00:00,0.0790335034763071,-0.1263958752290509,0.2844628821816653,12.217,57.1
3154,1908-08-23 00:00:00,0.1000543728143547,-0.1055398983519973,0.3056486439807067,12.217,57.1
3155,1908-08-24 00:00:00,0.1615438596434602,-0.0439872784552629,0.3670749977421834,12.217,57.1
3156,1908-08-25 00:00:00,0.1789117413959747,-0.0267179708519156,0.384541453643865,12.217,57.1
3157,1908-08-26 00:00:00,0.1543325990258045,-0.0513555493003519,0.360020747351961,12.217,57.1
3158,1908-08-27 00:00:00,0.2502465144447057,0.0441179493821585,0.456375079507253,12.217,57.1
3159,1908-08-28 00:00:00,0.3126701674401014,0.1058351380314081,0.5195051968487948,12.217,57.1
3160,1908-08-29 00:00:00,0.2690302138137288,0.0630650857295344,0.4749953418979232,12.217,57.1
3161,1908-08-30 00:00:00,0.3349263028030856,0.1285757241699315,0.5412768814362398,12.217,57.1
3162,1908-08-31 00:00:00,0.1989690040418643,-0.0067331306910208,0.4046711387747496,12.217,57.1
3163,1908-09-01 00:00:00,0.1641726555101268,-0.0413600533752619,0.3697053643955156,12.217,57.1
3164,1908-09-02 00:00:00,0.2329305684495684,0.0269153314331664,0.4389458054659705,12.217,57.1
3165,1908-09-03 00:00:00,0.110894454276598,-0.0951847762419397,0.3169736847951358,12.217,57.1
3166,1908-09-04 00:00:00,0.2009863190350096,-0.0047633310817112,0.4067359691517305,12.217,57.1
3167,1908-09-05 00:00:00,0.1034915166340612,-0.1021861908756527,0.3091692241437752,12.217,57.1
3168,1908-09-06 00:00:00,0.1040499036168884,-0.1017886357168753,0.3098884429506522,12.217,57.1
3169,1908-09-07 00:00:00,0.287625686244035,0.0812401909461173,0.4940111815419528,12.217,57.1
3170,1908-09-08 00:00:00,0.1934827447818409,-0.0124773728610374,0.3994428624247194,12.217,57.1
3171,1908-09-09 00:00:00,0.1579654372791478,-0.0475851760176398,0.3635160505759356,12.217,57.1
3172,1908-09-10 00:00:00,0.252778735824349,0.0468736561076431,0.458683815541055,12.217,57.1
3173,1908-09-11 00:00:00,0.2949383411602986,0.0882194465361968,0.5016572357844005,12.217,57.1
3174,1908-09-12 00:00:00,0.1854586711680204,-0.0206291084096075,0.3915464507456485,12.217,57.1
3175,1908-09-13 00:00:00,0.1005440170323477,-0.1051275122187984,0.3062155462834939,12.217,57.1
3176,1908-09-14 00:00:00,0.033179644884298,-0.1724802329929273,0.2388395227615234,12.217,57.1
3177,1908-09-15 00:00:00,0.062706296405133,-0.1428298368245941,0.2682424296348602,12.217,57.1
3178,1908-09-16 00:00:00,0.1064130715408145,-0.0990955380101945,0.3119216810918236,12.217,57.1
3179,1908-09-17 00:00:00,0.0582969139150709,-0.1473542969383579,0.2639481247684999,12.217,57.1
3180,1908-09-18 00:00:00,0.0191988589349128,-0.1866623385493529,0.2250600564191786,12.217,57.1
3181,1908-09-19 00:00:00,-0.0120607273488819,-0.2177089812099455,0.1935875265121817,12.217,57.1
3182,1908-09-20 00:00:00,-0.0568390549239688,-0.2623954341515531,0.1487173243036153,12.217,57.1
3183,1908-09-21 00:00:00,-0.0359881681759105,-0.2415218234240227,0.1695454870722015,12.217,57.1
3184,1908-09-22 00:00:00,-0.0069436552859235,-0.2124992139514228,0.1986119033795758,12.217,57.1
3185,1908-09-23 00:00:00,-0.036896387827855,-0.2423921748783563,0.1685993992226462,12.217,57.1
3186,1908-09-24 00:00:00,-0.0329416124393639,-0.2383681239998981,0.1724848991211701,12.217,57.1
3187,1908-09-25 00:00:00,-0.0132312871988464,-0.2186835016967293,0.1922209272990364,12.217,57.1
3188,1908-09-26 00:00:00,0.0004465484590462,-0.2050096850916736,0.205902782009766,12.217,57.1
3189,1908-09-27 00:00:00,0.0703794734711083,-0.1351221557517846,0.2758811026940013,12.217,57.1
3190,1908-09-28 00:00:00,0.0143035358292687,-0.1913490614256048,0.2199561330841423,12.217,57.1
3191,1908-09-29 00:00:00,-0.0096425929110235,-0.2151860339098106,0.1959008480877636,12.217,57.1
3192,1908-09-30 00:00:00,0.0383672271663929,-0.1672449505147595,0.2439794048475453,12.217,57.1
3193,1908-10-01 00:00:00,0.0653117775125024,-0.1405687710070647,0.2711923260320695,12.217,57.1
3194,1908-10-02 00:00:00,0.0395545822075357,-0.1661747515771833,0.2452839159922548,12.217,57.1
3195,1908-10-03 00:00:00,-0.0124638938206977,-0.2180569720626999,0.1931291844213044,12.217,57.1
3196,1908-10-04 00:00:00,0.0093489218127873,-0.1962167265105795,0.2149145701361542,12.217,57.1
3197,1908-10-05 00:00:00,0.1050128547371943,-0.1007508681152106,0.3107765775895993,12.217,57.1
3198,1908-10-06 00:00:00,0.0289230020302302,-0.1776544479074545,0.235500451967915,12.217,57.1
3199,1908-10-07 00:00:00,-0.0091412086131655,-0.2148916819045062,0.1966092646781751,12.217,57.1
3200,1908-10-08 00:00:00,0.0401756322894206,-0.1654651412454282,0.2458164058242694,12.217,57.1
3201,1908-10-09 00:00:00,-0.0105711668666663,-0.2160812210477718,0.1949388873144391,12.217,57.1
3202,1908-10-10 00:00:00,0.0289514333831137,-0.1765046482468977,0.2344075150131253,12.217,57.1
3203,1908-10-11 00:00:00,0.1045555995249351,-0.1014083551366309,0.3105195541865012,12.217,57.1
3204,1908-10-12 00:00:00,0.0669658100303055,-0.1387185041390848,0.272650124199696,12.217,57.1
3205,1908-10-13 00:00:00,0.0078131339945967,-0.1979464884650421,0.2135727564542355,12.217,57.1
3206,1908-10-14 00:00:00,-0.0066814992301944,-0.2122008409331494,0.1988378424727604,12.217,57.1
3207,1908-10-15 00:00:00,0.0034767334076406,-0.2019506377734353,0.2089041045887166,12.217,57.1
3208,1908-10-16 00:00:00,-0.0489888330170871,-0.2544241076577337,0.1564464416235594,12.217,57.1
3209,1908-10-17 00:00:00,-0.0692014528045784,-0.2746252001603809,0.136222294551224,12.217,57.1
3210,1908-10-18 00:00:00,-0.0481637825896579,-0.2540876036574929,0.1577600384781769,12.217,57.1
3211,1908-10-19 00:00:00,-0.1608021158220321,-0.3669778931335584,0.0453736614894941,12.217,57.1
3212,1908-10-20 00:00:00,-0.1059899343786859,-0.3120893329259021,0.1001094641685302,12.217,57.1
3213,1908-10-21 00:00:00,-0.0706675412558285,-0.2763224098802737,0.1349873273686166,12.217,57.1
3214,1908-10-22 00:00:00,-0.1550694561868318,-0.3606987806927229,0.0505598683190592,12.217,57.1
3215,1908-10-23 00:00:00,-0.1719782515146989,-0.3777119734381712,0.0337554704087733,12.217,57.1
3216,1908-10-24 00:00:00,-0.098134327783773,-0.3041188036867717,0.1078501481192256,12.217,57.1
3217,1908-10-25 00:00:00,-0.0661938955190984,-0.2719651925108205,0.1395774014726236,12.217,57.1
3218,1908-10-26 00:00:00,-0.0921392082981925,-0.2978604632703411,0.1135820466739559,12.217,57.1
3219,1908-10-27 00:00:00,-0.1458194947000126,-0.3514280143799484,0.0597890249799231,12.217,57.1
3220,1908-10-28 00:00:00,-0.0718325163109452,-0.2774458030202893,0.1337807703983987,12.217,57.1
3221,1908-10-29 00:00:00,-0.003338048949161,-0.2090735372563906,0.2023974393580685,12.217,57.1
3222,1908-10-30 00:00:00,-0.0096365959420808,-0.2152312930470502,0.1959581011628886,12.217,57.1
3223,1908-10-31 00:00:00,-0.0569217823832155,-0.2625753878181122,0.1487318230516811,12.217,57.1
3224,1908-11-01 00:00:00,-0.0295090970769979,-0.2350287485606798,0.1760105544066839,12.217,57.1
3225,1908-11-02 00:00:00,0.0099556436834464,-0.1956296337171469,0.2155409210840397,12.217,57.1
3226,1908-11-03 00:00:00,-0.0093441463595354,-0.2148402439095335,0.1961519511904626,12.217,57.1
3227,1908-11-04 00:00:00,0.0134234692168078,-0.1921402049480567,0.2189871433816724,12.217,57.1
3228,1908-11-05 00:00:00,-0.0493831390634302,-0.255158767196387,0.1563924890695264,12.217,57.1
3229,1908-11-06 00:00:00,-0.0744866808654897,-0.2803436330751127,0.1313702713441332,12.217,57.1
3230,1908-11-07 00:00:00,-0.0365717723413218,-0.2423111287273024,0.1691675840446586,12.217,57.1
3231,1908-11-08 00:00:00,0.0310259991240836,-0.1748820629038313,0.2369340611519986,12.217,57.1
3232,1908-11-09 00:00:00,0.025845326835847,-0.1798055260921371,0.2314961797638313,12.217,57.1
3233,1908-11-10 00:00:00,0.1072296112173733,-0.0987636553223464,0.3132228777570931,12.217,57.1
3234,1908-11-11 00:00:00,0.1137763862209463,-0.0923762442538563,0.319929016695749,12.217,57.1
3235,1908-11-12 00:00:00,0.0992484968047408,-0.1065074305135808,0.3050044241230624,12.217,57.1
3236,1908-11-13 00:00:00,0.1373095437381925,-0.0686820207633054,0.3433011082396904,12.217,57.1
3237,1908-11-14 00:00:00,-0.0817615039821256,-0.2879605967081197,0.1244375887438684,12.217,57.1
3238,1908-11-15 00:00:00,-0.0850952177709808,-0.2913105648794873,0.1211201293375256,12.217,57.1
3239,1908-11-16 00:00:00,0.0361291466569893,-0.1704794089283095,0.2427377022422881,12.217,57.1
3240,1908-11-17 00:00:00,0.1348112809205587,-0.0718656636325932,0.3414882254737106,12.217,57.1
3241,1908-11-18 00:00:00,0.3725913894211394,0.1662412563207949,0.5789415225214839,12.217,57.1
3242,1908-11-19 00:00:00,0.1840894431733849,-0.0223582860894123,0.3905371724361823,12.217,57.1
3243,1908-11-20 00:00:00,0.0655174183495909,-0.1411382922421986,0.2721731289413804,12.217,57.1
3244,1908-11-21 00:00:00,0.0059118762837136,-0.2001047817677753,0.2119285343352026,12.217,57.1
3245,1908-11-22 00:00:00,0.1001967866883576,-0.1057311781045991,0.3061247514813144,12.217,57.1
3246,1908-11-23 00:00:00,0.4013835931605871,0.1934238268422176,0.6093433594789566,12.217,57.1
3247,1908-11-24 00:00:00,0.1287260673390547,-0.0791070300012719,0.3365591646793814,12.217,57.1
3248,1908-11-25 00:00:00,0.109124201598338,-0.0989934709307959,0.317241874127472,12.217,57.1
3249,1908-11-26 00:00:00,0.1790009140697434,-0.0290641299456795,0.3870659580851663,12.217,57.1
3250,1908-11-27 00:00:00,0.3504260655176347,0.1442696778762677,0.5565824531590017,12.217,57.1
3251,1908-11-28 00:00:00,0.0340398909953368,-0.1722897080219934,0.2403694900126671,12.217,57.1
3252,1908-11-29 00:00:00,0.0924283390217916,-0.1133414711101122,0.2981981491536954,12.217,57.1
3253,1908-11-30 00:00:00,0.1098559000762713,-0.0960230938731639,0.3157348940257065,12.217,57.1
3254,1908-12-01 00:00:00,0.1102433697711302,-0.0953810880501058,0.3158678275923663,12.217,57.1
3255,1908-12-02 00:00:00,0.0728239649762557,-0.1328474300627633,0.2784953600152748,12.217,57.1
3256,1908-12-03 00:00:00,0.1114597259816334,-0.0943645022896512,0.317283954252918,12.217,57.1
3257,1908-12-04 00:00:00,-0.020891156844766,-0.2269164107271022,0.1851340970375701,12.217,57.1
3258,1908-12-05 00:00:00,-0.0411636901221773,-0.2469237502863808,0.1645963700420262,12.217,57.1
3259,1908-12-06 00:00:00,0.0440369730940484,-0.1616836940660609,0.2497576402541578,12.217,57.1
3260,1908-12-07 00:00:00,0.1764577264444632,-0.029647280090424,0.3825627329793505,12.217,57.1
3261,1908-12-08 00:00:00,0.1748908666893258,-0.031057316304751,0.3808390496834026,12.217,57.1
3262,1908-12-09 00:00:00,0.2718285934239569,0.065813329974017,0.4778438568738968,12.217,57.1
3263,1908-12-10 00:00:00,0.248811477006008,0.0423776670106475,0.4552452870013685,12.217,57.1
3264,1908-12-11 00:00:00,0.3660745894214702,0.1586185258501002,0.5735306529928402,12.217,57.1
3265,1908-12-12 00:00:00,0.3819015460489546,0.1735772790475481,0.5902258130503611,12.217,57.1
3266,1908-12-13 00:00:00,0.0341575970469348,-0.1720493383346762,0.2403645324285458,12.217,57.1
3267,1908-12-14 00:00:00,0.1273763591154093,-0.0785103815828131,0.3332630998136317,12.217,57.1
3268,1908-12-15 00:00:00,0.1516872270340871,-0.054229058887223,0.3576035129553973,12.217,57.1
3269,1908-12-16 00:00:00,0.2205113761029469,0.014329814039191,0.4266929381667028,12.217,57.1
3270,1908-12-17 00:00:00,0.1723320374191441,-0.0335131971032066,0.378177271941495,12.217,57.1
3271,1908-12-18 00:00:00,0.1665745562863661,-0.0389273724906706,0.3720764850634029,12.217,57.1
3272,1908-12-19 00:00:00,0.1281687838974622,-0.0774381481532975,0.3337757159482221,12.217,57.1
3273,1908-12-20 00:00:00,0.0025131219097478,-0.2030305692577331,0.2080568130772289,12.217,57.1
3274,1908-12-21 00:00:00,0.0388692033398954,-0.1667580628182923,0.2444964694980831,12.217,57.1
3275,1908-12-22 00:00:00,0.0460185723869378,-0.1596407048564366,0.2516778496303123,12.217,57.1
3276,1908-12-23 00:00:00,0.0806054291155505,-0.125297951089399,0.2865088093205001,12.217,57.1
3277,1908-12-24 00:00:00,0.0415650671626398,-0.1641517359965021,0.2472818703217819,12.217,57.1
3278,1908-12-25 00:00:00,-0.0667922641591202,-0.2724490047021509,0.1388644763839103,12.217,57.1
3279,1908-12-26 00:00:00,-0.0682887647312188,-0.2751123849111109,0.1385348554486734,12.217,57.1
3280,1908-12-27 00:00:00,-0.0603678165798927,-0.2679609667279464,0.1472253335681609,12.217,57.1
3281,1908-12-28 00:00:00,-0.0580348251503526,-0.2646370621083339,0.1485674118076285,12.217,57.1
3282,1908-12-29 00:00:00,-0.1277214258336081,-0.3336575827287954,0.0782147310615792,12.217,57.1
3283,1908-12-30 00:00:00,-0.0861091224725202,-0.2920719156584322,0.1198536707133917,12.217,57.1
3284,1908-12-31 00:00:00,-0.1024577750036053,-0.3084554761740068,0.1035399261667961,12.217,57.1
3285,1909-01-01 00:00:00,-0.0573422436637148,-0.2631082817734958,0.148423794446066,12.217,57.1
3286,1909-01-02 00:00:00,0.035581610155707,-0.170798845617869,0.2419620659292831,12.217,57.1
3287,1909-01-03 00:00:00,0.0090441455959179,-0.1970149937645139,0.2151032849563498,12.217,57.1
3288,1909-01-04 00:00:00,0.1444609030950127,-0.0614388236620975,0.350360629852123,12.217,57.1
3289,1909-01-05 00:00:00,-0.006478193380599,-0.2128222252282957,0.1998658384670976,12.217,57.1
3290,1909-01-06 00:00:00,-0.0063158767814157,-0.2120029214007331,0.1993711678379015,12.217,57.1
3291,1909-01-07 00:00:00,0.1233629532204439,-0.0823343757706366,0.3290602822115245,12.217,57.1
3292,1909-01-08 00:00:00,0.2881548061379257,0.082413405028374,0.4938962072474775,12.217,57.1
3293,1909-01-09 00:00:00,0.0966319196913718,-0.1095670943071843,0.302830933689928,12.217,57.1
3294,1909-01-10 00:00:00,0.0365491738420628,-0.1699952931880121,0.2430936408721378,12.217,57.1
3295,1909-01-11 00:00:00,0.2391809060812473,0.0332205271106325,0.4451412850518621,12.217,57.1
3296,1909-01-12 00:00:00,0.4056326251314999,0.1992496057441786,0.6120156445188213,12.217,57.1
3297,1909-01-13 00:00:00,0.4129884570953621,0.2064375542506082,0.619539359940116,12.217,57.1
3298,1909-01-14 00:00:00,0.2650892119187585,0.0588703650927783,0.4713080587447387,12.217,57.1
3299,1909-01-15 00:00:00,0.30644743076097,0.0996752505991795,0.5132196109227605,12.217,57.1
3300,1909-01-16 00:00:00,0.3449458337215403,0.1363778303021761,0.5535138371409045,12.217,57.1
3301,1909-01-17 00:00:00,0.3164373109657092,0.1095153146455236,0.5233593072858949,12.217,57.1
3302,1909-01-18 00:00:00,0.1561025713430834,-0.0502339283589518,0.3624390710451187,12.217,57.1
3303,1909-01-19 00:00:00,0.2077472495097272,0.0002632248353742,0.4152312741840803,12.217,57.1
3304,1909-01-20 00:00:00,0.1838588247109874,-0.0232131664349691,0.390930815856944,12.217,57.1
3305,1909-01-21 00:00:00,-0.0735896275873164,-0.2793121700212394,0.1321329148466066,12.217,57.1
3306,1909-01-22 00:00:00,-0.0214909925162868,-0.2270800135377766,0.1840980285052029,12.217,57.1
3307,1909-01-23 00:00:00,-0.024600074208277,-0.2301294419789164,0.1809292935623623,12.217,57.1
3308,1909-01-24 00:00:00,-0.0049509310002912,-0.2104546991540639,0.2005528371534815,12.217,57.1
3309,1909-01-25 00:00:00,-0.0456839179871681,-0.2512122303741793,0.1598443943998429,12.217,57.1
3310,1909-01-26 00:00:00,-0.0931483673308208,-0.2986476992520527,0.112350964590411,12.217,57.1
3311,1909-01-27 00:00:00,-0.1251010255604671,-0.3305698445043442,0.08036779338341,12.217,57.1
3312,1909-01-28 00:00:00,-0.0882623449451946,-0.2937784313607863,0.1172537414703971,12.217,57.1
3313,1909-01-29 00:00:00,0.0006752167403934,-0.2049055165970364,0.2062559500778233,12.217,57.1
3314,1909-01-30 00:00:00,0.1660047528667632,-0.0403678114417366,0.372377317175263,12.217,57.1
3315,1909-01-31 00:00:00,0.1049786109165328,-0.1016937346445934,0.3116509564776592,12.217,57.1
3316,1909-02-01 00:00:00,0.1154315048141087,-0.0910650510011455,0.3219280606293631,12.217,57.1
3317,1909-02-02 00:00:00,0.0102507023262345,-0.1960917078350634,0.2165931124875326,12.217,57.1
3318,1909-02-03 00:00:00,0.0627549968607156,-0.143577149806876,0.2690871435283073,12.217,57.1
3319,1909-02-04 00:00:00,0.275565685463128,0.0688306583322249,0.482300712594031,12.217,57.1
3320,1909-02-05 00:00:00,0.195871026818611,-0.01017794815948,0.401920001796702,12.217,57.1
3321,1909-02-06 00:00:00,0.0218510738107547,-0.1840430797054126,0.2277452273269221,12.217,57.1
3322,1909-02-07 00:00:00,-0.0712503085877869,-0.2771535357607234,0.1346529185851494,12.217,57.1
3323,1909-02-08 00:00:00,-0.1094645662952968,-0.3151633358802661,0.0962342032896724,12.217,57.1
3324,1909-02-09 00:00:00,-0.0454001945455475,-0.2510111963501671,0.1602108072590719,12.217,57.1
3325,1909-02-10 00:00:00,0.1206913372449832,-0.0850867600088332,0.3264694344987996,12.217,57.1
3326,1909-02-11 00:00:00,-0.0549595656281163,-0.2620632640624312,0.1521441328061985,12.217,57.1
3327,1909-02-12 00:00:00,-0.1195440144939418,-0.3263164187023895,0.0872283897145057,12.217,57.1
3328,1909-02-13 00:00:00,-0.1294060261403244,-0.3355961271194654,0.0767840748388166,12.217,57.1
3329,1909-02-14 00:00:00,-0.0194045663422255,-0.2250010156792621,0.1861918829948111,12.217,57.1
3330,1909-02-15 00:00:00,0.1942852914659736,-0.0135082683723121,0.4020788513042594,12.217,57.1
3331,1909-02-16 00:00:00,0.1670956796074977,-0.0389022849589491,0.3730936441739447,12.217,57.1
3332,1909-02-17 00:00:00,0.0351233957546068,-0.1707487081278774,0.2409954996370911,12.217,57.1
3333,1909-02-18 00:00:00,-0.0420249803879437,-0.2476604802196446,0.1636105194437571,12.217,57.1
3334,1909-02-19 00:00:00,0.0038808123563193,-0.201738909984344,0.2095005346969826,12.217,57.1
3335,1909-02-20 00:00:00,-0.0211771167143349,-0.2267927269647297,0.1844384935360599,12.217,57.1
3336,1909-02-21 00:00:00,-0.1141804457346887,-0.3197717960974948,0.0914109046281172,12.217,57.1
3337,1909-02-22 00:00:00,-0.1054623301566779,-0.31099090919951,0.100066248886154,12.217,57.1
3338,1909-02-23 00:00:00,-0.0964978952009367,-0.3020385075330506,0.1090427171311771,12.217,57.1
3339,1909-02-24 00:00:00,-0.1100150800558033,-0.3156297221790464,0.0955995620674397,12.217,57.1
3340,1909-02-25 00:00:00,-0.1559636311893978,-0.3615411181162073,0.0496138557374115,12.217,57.1
3341,1909-02-26 00:00:00,-0.1377484270595604,-0.3433400925420921,0.0678432384229712,12.217,57.1
3342,1909-02-27 00:00:00,-0.1141437490071094,-0.3196574186933773,0.0913699206791584,12.217,57.1
3343,1909-02-28 00:00:00,0.0043537117562809,-0.2014251659263013,0.2101325894388631,12.217,57.1
3344,1909-03-01 00:00:00,0.0031457235077777,-0.2025419490873747,0.2088333961029302,12.217,57.1
3345,1909-03-02 00:00:00,0.0026352656263372,-0.2031692251502948,0.2084397564029693,12.217,57.1
3346,1909-03-03 00:00:00,0.0348682294075015,-0.1718190488693879,0.241555507684391,12.217,57.1
3347,1909-03-04 00:00:00,0.1318869518806522,-0.0788177965899412,0.3425917003512457,12.217,57.1
3348,1909-03-05 00:00:00,0.0866514011003367,-0.1224840656978147,0.2957868678984882,12.217,57.1
3349,1909-03-06 00:00:00,0.0914495626874104,-0.1143609133362419,0.2972600387110629,12.217,57.1
3350,1909-03-07 00:00:00,0.0325340608497358,-0.1732901704319928,0.2383582921314645,12.217,57.1
3351,1909-03-08 00:00:00,-0.0007934620283028,-0.2068583653865943,0.2052714413299886,12.217,57.1
3352,1909-03-09 00:00:00,-0.0905126800412748,-0.2964659404877424,0.1154405804051928,12.217,57.1
3353,1909-03-10 00:00:00,-0.0741667178418036,-0.2798594323400077,0.1315259966564003,12.217,57.1
3354,1909-03-11 00:00:00,-0.1007643774971401,-0.3064666935739261,0.1049379385796458,12.217,57.1
3355,1909-03-12 00:00:00,-0.0722907151844935,-0.278075457963034,0.1334940275940468,12.217,57.1
3356,1909-03-13 00:00:00,0.0329928791182897,-0.1729896820036175,0.238975440240197,12.217,57.1
3357,1909-03-14 00:00:00,0.0702338836589013,-0.135496129400551,0.2759638967183536,12.217,57.1
3358,1909-03-15 00:00:00,0.116182605352701,-0.0895086818319096,0.3218738925373118,12.217,57.1
3359,1909-03-16 00:00:00,0.101550032618977,-0.1039865363118722,0.3070866015498262,12.217,57.1
3360,1909-03-17 00:00:00,0.106635045798637,-0.0990732000481416,0.3123432916454157,12.217,57.1
3361,1909-03-18 00:00:00,0.0799309073706276,-0.1258814659551737,0.285743280696429,12.217,57.1
3362,1909-03-19 00:00:00,0.0983718314859516,-0.1072432973655877,0.303986960337491,12.217,57.1
3363,1909-03-20 00:00:00,0.0966379366270004,-0.1090540715978977,0.3023299448518986,12.217,57.1
3364,1909-03-21 00:00:00,0.0103172972424425,-0.1952798683459708,0.2159144628308559,12.217,57.1
3365,1909-03-22 00:00:00,0.0645936519360546,-0.1411292576090848,0.2703165614811941,12.217,57.1
3366,1909-03-23 00:00:00,0.0178842744090715,-0.1876971816669797,0.2234657304851229,12.217,57.1
3367,1909-03-24 00:00:00,-0.0233349019182879,-0.2288701550678741,0.1822003512312982,12.217,57.1
3368,1909-03-25 00:00:00,0.0282294623844929,-0.1772617332164419,0.2337206579854277,12.217,57.1
3369,1909-03-26 00:00:00,0.2245716517795967,0.017255510753607,0.4318877928055863,12.217,57.1
3370,1909-03-27 00:00:00,0.1316271423543283,-0.0760657005379829,0.3393199852466396,12.217,57.1
3371,1909-03-28 00:00:00,0.0099864827974305,-0.1961963686154398,0.2161693342103009,12.217,57.1
3372,1909-03-29 00:00:00,0.1166574336441414,-0.0890323692088251,0.322347236497108,12.217,57.1
3373,1909-03-30 00:00:00,0.1649605644853361,-0.0408111636717559,0.3707322926424282,12.217,57.1
3374,1909-03-31 00:00:00,0.1377384628935617,-0.0680553244322922,0.3435322502194158,12.217,57.1
3375,1909-04-01 00:00:00,0.0968250565754417,-0.1092332785239875,0.302883391674871,12.217,57.1
3376,1909-04-02 00:00:00,0.0249769409746279,-0.180990110102803,0.230943992052059,12.217,57.1
3377,1909-04-03 00:00:00,-0.1060349779551622,-0.3121666187218206,0.1000966628114961,12.217,57.1
3378,1909-04-04 00:00:00,-0.1182215315145771,-0.3238550092052422,0.087411946176088,12.217,57.1
3379,1909-04-05 00:00:00,-0.0603154669646205,-0.265951366084037,0.1453204321547959,12.217,57.1
3380,1909-04-06 00:00:00,-0.0643010373617667,-0.2700167701545011,0.1414146954309675,12.217,57.1
3381,1909-04-07 00:00:00,-0.0628856029826757,-0.2684742718998086,0.1427030659344572,12.217,57.1
3382,1909-04-08 00:00:00,-0.0297707511853788,-0.2353009115512714,0.1757594091805138,12.217,57.1
3383,1909-04-09 00:00:00,0.0548869857532095,-0.1507200406676063,0.2604940121740253,12.217,57.1
3384,1909-04-10 00:00:00,0.0603437406271147,-0.1452515188187723,0.2659390000730017,12.217,57.1
3385,1909-04-11 00:00:00,0.0687515571085202,-0.1367958836153921,0.2742989978324326,12.217,57.1
3386,1909-04-12 00:00:00,0.1885822602226376,-0.0181846278772987,0.3953491483225739,12.217,57.1
3387,1909-04-13 00:00:00,0.0761718659616597,-0.1313481328136982,0.2836918647370178,12.217,57.1
3388,1909-04-14 00:00:00,0.0617349361890714,-0.1446360736252955,0.2681059460034384,12.217,57.1
3389,1909-04-15 00:00:00,0.0156390860656411,-0.1909692287297116,0.2222474008609939,12.217,57.1
3390,1909-04-16 00:00:00,-0.0141866018769877,-0.2203831763888257,0.1920099726348502,12.217,57.1
3391,1909-04-17 00:00:00,0.0672534350029273,-0.1383048521460441,0.2728117221518988,12.217,57.1
3392,1909-04-18 00:00:00,0.0740404142176195,-0.1315543450106805,0.2796351734459197,12.217,57.1
3393,1909-04-19 00:00:00,0.1026449516922628,-0.1030219243319848,0.3083118277165104,12.217,57.1
3394,1909-04-20 00:00:00,-0.0185602584525083,-0.2242830516763393,0.1871625347713226,12.217,57.1
3395,1909-04-21 00:00:00,0.0072313297575367,-0.1982785109244043,0.2127411704394779,12.217,57.1
3396,1909-04-22 00:00:00,-0.0266861040485053,-0.2323845062407485,0.1790122981437379,12.217,57.1
3397,1909-04-23 00:00:00,0.0321511603124096,-0.1735037023442667,0.2378060229690859,12.217,57.1
3398,1909-04-24 00:00:00,0.1476965075481156,-0.0580498871793616,0.3534429022755929,12.217,57.1
3399,1909-04-25 00:00:00,0.0810686227778468,-0.124868519196427,0.2870057647521207,12.217,57.1
3400,1909-04-26 00:00:00,0.2163576317530439,0.0098989115401054,0.4228163519659824,12.217,57.1
3401,1909-04-27 00:00:00,0.1118869283734982,-0.0940579065486902,0.3178317632956868,12.217,57.1
3402,1909-04-28 00:00:00,0.1041250827291188,-0.1014282340724015,0.3096783995306393,12.217,57.1
3403,1909-04-29 00:00:00,0.2393964174029256,0.0338054300106694,0.4449874047951819,12.217,57.1
3404,1909-04-30 00:00:00,0.1915879878865083,-0.014230553035614,0.3974065288086308,12.217,57.1
3405,1909-05-01 00:00:00,0.0898942875004281,-0.1157901316094045,0.2955787066102608,12.217,57.1
3406,1909-05-02 00:00:00,0.0782971824994707,-0.1274714694294982,0.2840658344284397,12.217,57.1
3407,1909-05-03 00:00:00,-0.0292399666938257,-0.2348719244366384,0.1763919910489869,12.217,57.1
3408,1909-05-04 00:00:00,-0.0328884968449938,-0.2386289693578636,0.1728519756678758,12.217,57.1
3409,1909-05-05 00:00:00,-0.0990973110412199,-0.3049563006509984,0.1067616785685586,12.217,57.1
3410,1909-05-06 00:00:00,-0.1300563938116682,-0.3358133068279092,0.0757005192045726,12.217,57.1
3411,1909-05-07 00:00:00,-0.1261368481916714,-0.3320655385532831,0.0797918421699402,12.217,57.1
3412,1909-05-08 00:00:00,-0.0608724734768206,-0.2664966761401452,0.144751729186504,12.217,57.1
3413,1909-05-09 00:00:00,0.0433915973257463,-0.162422134448217,0.2492053290997096,12.217,57.1
3414,1909-05-10 00:00:00,0.0276416759133853,-0.1780948462239474,0.2333781980507181,12.217,57.1
3415,1909-05-11 00:00:00,0.0320922924495793,-0.1734299393642596,0.2376145242634183,12.217,57.1
3416,1909-05-12 00:00:00,0.0255428403679272,-0.1799125785502574,0.230998259286112,12.217,57.1
3417,1909-05-13 00:00:00,0.0607078845060345,-0.1452352495587522,0.2666510185708214,12.217,57.1
3418,1909-05-14 00:00:00,0.1158287532874017,-0.0903164936990899,0.3219740002738935,12.217,57.1
3419,1909-05-15 00:00:00,0.1036160012337302,-0.1019736825897291,0.3092056850571896,12.217,57.1
3420,1909-05-16 00:00:00,0.1428525552430075,-0.0629920740009087,0.3486971844869239,12.217,57.1
3421,1909-05-17 00:00:00,0.0140001622233922,-0.1921323469446161,0.2201326713914006,12.217,57.1
3422,1909-05-18 00:00:00,0.1253180139250525,-0.0838638014731034,0.3344998293232085,12.217,57.1
3423,1909-05-19 00:00:00,0.2691686586089629,0.0580969927958317,0.4802403244220942,12.217,57.1
3424,1909-05-20 00:00:00,0.058056234998399,-0.1517650269927751,0.2678774969895732,12.217,57.1
3425,1909-05-21 00:00:00,-0.0314506216221574,-0.2373361966106078,0.1744349533662929,12.217,57.1
3426,1909-05-22 00:00:00,0.0253998098298845,-0.1801717665956943,0.2309713862554635,12.217,57.1
3427,1909-05-23 00:00:00,0.0549515296490964,-0.1506197265128132,0.2605227858110061,12.217,57.1
3428,1909-05-24 00:00:00,0.0222458969735274,-0.1833461925523533,0.2278379864994082,12.217,57.1
3429,1909-05-25 00:00:00,0.0348948788096446,-0.1710232425147914,0.2408130001340807,12.217,57.1
3430,1909-05-26 00:00:00,0.0873976719556703,-0.1183806079042857,0.2931759518156264,12.217,57.1
3431,1909-05-27 00:00:00,0.0945339152494789,-0.1114460785773882,0.3005139090763462,12.217,57.1
3432,1909-05-28 00:00:00,0.0432634470585585,-0.1624652827974186,0.2489921769145357,12.217,57.1
3433,1909-05-29 00:00:00,0.0360005578762068,-0.169666835239104,0.2416679509915177,12.217,57.1
3434,1909-05-30 00:00:00,0.030500230724306,-0.1750194701439861,0.2360199315925982,12.217,57.1
3435,1909-05-31 00:00:00,0.077873975077028,-0.1280142969472864,0.2837622471013423,12.217,57.1
3436,1909-06-01 00:00:00,0.0412802532422787,-0.1645820591606511,0.2471425656452086,12.217,57.1
3437,1909-06-02 00:00:00,0.0933977897339337,-0.1121799346806308,0.2989755141484984,12.217,57.1
3438,1909-06-03 00:00:00,0.0146671818703185,-0.190973483309608,0.2203078470502451,12.217,57.1
3439,1909-06-04 00:00:00,0.017832292861458,-0.1876872553753608,0.2233518410982769,12.217,57.1
3440,1909-06-05 00:00:00,0.1098976354966413,-0.0956211796338308,0.3154164506271134,12.217,57.1
3441,1909-06-06 00:00:00,0.0611095997909006,-0.1445178406644913,0.2667370402462925,12.217,57.1
3442,1909-06-07 00:00:00,0.0426999896182797,-0.1628697034640917,0.2482696827006512,12.217,57.1
3443,1909-06-08 00:00:00,0.0977363610737562,-0.1077959144532791,0.3032686366007916,12.217,57.1
3444,1909-06-09 00:00:00,0.1236565011199549,-0.0818452469588524,0.3291582491987623,12.217,57.1
3445,1909-06-10 00:00:00,0.1322897976864149,-0.0733616666522999,0.3379412620251298,12.217,57.1
3446,1909-06-11 00:00:00,0.0796918154960413,-0.1260010200474971,0.2853846510395798,12.217,57.1
3447,1909-06-12 00:00:00,-0.0148092659777179,-0.2205298405724123,0.1909113086169763,12.217,57.1
3448,1909-06-13 00:00:00,-0.0099882415353724,-0.2160558788823456,0.1960793958116008,12.217,57.1
3449,1909-06-14 00:00:00,-0.0114008186146589,-0.2171856514907837,0.1943840142614659,12.217,57.1
3450,1909-06-15 00:00:00,-0.0635919693919396,-0.2691716274248565,0.1419876886409772,12.217,57.1
3451,1909-06-16 00:00:00,-0.0320821844884178,-0.2375851807828415,0.1734208118060057,12.217,57.1
3452,1909-06-17 00:00:00,0.0064300001947227,-0.1992261554435275,0.2120861558329729,12.217,57.1
3453,1909-06-18 00:00:00,0.0124083732062779,-0.1931969456913827,0.2180136921039386,12.217,57.1
3454,1909-06-19 00:00:00,0.1094592910716394,-0.0961133879896192,0.3150319701328981,12.217,57.1
3455,1909-06-20 00:00:00,0.1453920357289246,-0.0601576426273873,0.3509417140852365,12.217,57.1
3456,1909-06-21 00:00:00,0.1203867199065415,-0.0851283300671076,0.3259017698801906,12.217,57.1
3457,1909-06-22 00:00:00,0.0921946782746929,-0.1133229342952495,0.2977122908446354,12.217,57.1
3458,1909-06-23 00:00:00,0.1345387606273299,-0.0709936752570445,0.3400711965117042,12.217,57.1
3459,1909-06-24 00:00:00,0.0547323510223106,-0.1507485898479145,0.2602132918925357,12.217,57.1
3460,1909-06-25 00:00:00,0.0790189709737931,-0.1265574835195321,0.2845954254671183,12.217,57.1
3461,1909-06-26 00:00:00,0.0431821710788286,-0.1622422419301483,0.2486065840878056,12.217,57.1
3462,1909-06-27 00:00:00,0.0039358177987049,-0.2014658988340429,0.2093375344314529,12.217,57.1
3463,1909-06-28 00:00:00,-0.0131822583594179,-0.2186247470803841,0.1922602303615482,12.217,57.1
3464,1909-06-29 00:00:00,0.0297335824608179,-0.1756754553550822,0.235142620276718,12.217,57.1
3465,1909-06-30 00:00:00,0.0565541325564285,-0.1489154340983776,0.2620236992112347,12.217,57.1
3466,1909-07-01 00:00:00,0.0202542780982291,-0.185404711868666,0.2259132680651244,12.217,57.1
3467,1909-07-02 00:00:00,-0.0574880431088001,-0.2631731915031574,0.148197105285557,12.217,57.1
3468,1909-07-03 00:00:00,0.0123837862439707,-0.1931418169521322,0.2179093894400737,12.217,57.1
3469,1909-07-04 00:00:00,0.0713514738245033,-0.1342053381832194,0.2769082858322261,12.217,57.1
3470,1909-07-05 00:00:00,0.1111959068969599,-0.0946235597286667,0.3170153735225867,12.217,57.1
3471,1909-07-06 00:00:00,0.0916143827375461,-0.1139431491832719,0.2971719146583643,12.217,57.1
3472,1909-07-07 00:00:00,0.117245377028238,-0.0884199555206847,0.3229107095771608,12.217,57.1
3473,1909-07-08 00:00:00,0.1121723454586772,-0.0936275940481546,0.3179722849655091,12.217,57.1
3474,1909-07-09 00:00:00,0.032810479692877,-0.1732404706676819,0.2388614300534359,12.217,57.1
3475,1909-07-10 00:00:00,0.0575481671573192,-0.1485221138509228,0.2636184481655614,12.217,57.1
3476,1909-07-11 00:00:00,0.1310427992159765,-0.0745575445306135,0.3366431429625667,12.217,57.1
3477,1909-07-12 00:00:00,0.0854075933086354,-0.1200843012092305,0.2908994878265013,12.217,57.1
3478,1909-07-13 00:00:00,0.0808325769563244,-0.12466167190208,0.2863268258147288,12.217,57.1
3479,1909-07-14 00:00:00,0.1600851722317688,-0.0454171012678717,0.3655874457314095,12.217,57.1
3480,1909-07-15 00:00:00,0.2055402162128484,9.155359360357718e-06,0.4110712770663364,12.217,57.1
3481,1909-07-16 00:00:00,0.1002389604653874,-0.1054516075105953,0.3059295284413702,12.217,57.1
3482,1909-07-17 00:00:00,0.135929331053635,-0.0696594666073568,0.341518128714627,12.217,57.1
3483,1909-07-18 00:00:00,0.2336679743883009,0.0277994652155367,0.4395364835610651,12.217,57.1
3484,1909-07-19 00:00:00,0.1526361526070419,-0.0533057251285941,0.358578030342678,12.217,57.1
3485,1909-07-20 00:00:00,0.1473243747248689,-0.0584262603483571,0.3530750097980951,12.217,57.1
3486,1909-07-21 00:00:00,0.1645842238812543,-0.0410911922734238,0.3702596400359325,12.217,57.1
3487,1909-07-22 00:00:00,0.2312852667102587,0.025576665891932,0.4369938675285855,12.217,57.1
3488,1909-07-23 00:00:00,0.2489839886855983,0.0433281080685777,0.4546398693026189,12.217,57.1
3489,1909-07-24 00:00:00,0.2369621516056411,0.0312655008356885,0.4426588023755936,12.217,57.1
3490,1909-07-25 00:00:00,0.2532319343379906,0.0474304114455313,0.4590334572304499,12.217,57.1
3491,1909-07-26 00:00:00,0.160453056960215,-0.0455929387074736,0.3664990526279036,12.217,57.1
3492,1909-07-27 00:00:00,0.2777847978543476,0.0710725904508987,0.4844970052577965,12.217,57.1
3493,1909-07-28 00:00:00,0.4163317279847225,0.2090169510500775,0.6236465049193676,12.217,57.1
3494,1909-07-29 00:00:00,0.0441634741554293,-0.1625983148753972,0.2509252631862558,12.217,57.1
3495,1909-07-30 00:00:00,0.1602046296366809,-0.0457323359633767,0.3661415952367387,12.217,57.1
3496,1909-07-31 00:00:00,0.121010430571787,-0.0845495461602884,0.3265704073038626,12.217,57.1
3497,1909-08-01 00:00:00,0.1355193685875006,-0.0701810095060996,0.341219746681101,12.217,57.1
3498,1909-08-02 00:00:00,0.073896856958222,-0.1319572240281217,0.2797509379445659,12.217,57.1
3499,1909-08-03 00:00:00,0.0694481821241952,-0.1360888834768721,0.2749852477252626,12.217,57.1
3500,1909-08-04 00:00:00,-0.0296777637718015,-0.2352312514387937,0.1758757238951906,12.217,57.1
3501,1909-08-05 00:00:00,0.0254291569106066,-0.1803307336465703,0.2311890474677836,12.217,57.1
3502,1909-08-06 00:00:00,0.0153629768271216,-0.1901959196002367,0.2209218732544799,12.217,57.1
3503,1909-08-07 00:00:00,0.0235714090584065,-0.1819019033649092,0.2290447214817222,12.217,57.1
3504,1909-08-08 00:00:00,0.0880742412072666,-0.1175729508945529,0.2937214333090862,12.217,57.1
3505,1909-08-09 00:00:00,0.0433627656790792,-0.1622082710723623,0.2489338024305208,12.217,57.1
3506,1909-08-10 00:00:00,0.0860048434031706,-0.1195347719825274,0.2915444587888687,12.217,57.1
3507,1909-08-11 00:00:00,0.0492476263088269,-0.1564043536407131,0.2548996062583671,12.217,57.1
3508,1909-08-12 00:00:00,0.2012593802410538,-0.0046154714913241,0.4071342319734319,12.217,57.1
3509,1909-08-13 00:00:00,0.2361260489843139,0.0302324421774178,0.44201965579121,12.217,57.1
3510,1909-08-14 00:00:00,0.3524445071940261,0.1455021813213105,0.5593868330667418,12.217,57.1
3511,1909-08-15 00:00:00,0.2928467605941998,0.0858152431428794,0.4998782780455201,12.217,57.1
3512,1909-08-16 00:00:00,0.1036713202482557,-0.1025548295256386,0.3098974700221501,12.217,57.1
3513,1909-08-17 00:00:00,0.1249468137047178,-0.0806039107991224,0.3304975382085581,12.217,57.1
3514,1909-08-18 00:00:00,0.1419810176465259,-0.0637579881496632,0.3477200234427151,12.217,57.1
3515,1909-08-19 00:00:00,0.1364708130250917,-0.0692511363623414,0.3421927624125249,12.217,57.1
3516,1909-08-20 00:00:00,0.1379302122627616,-0.0679600951647831,0.3438205196903063,12.217,57.1
3517,1909-08-21 00:00:00,0.1517230517390131,-0.0541615505958585,0.3576076540738847,12.217,57.1
3518,1909-08-22 00:00:00,0.1718185367872892,-0.0340697284831257,0.3777068020577041,12.217,57.1
3519,1909-08-23 00:00:00,0.0980964783814875,-0.1078278015399808,0.304020758302956,12.217,57.1
3520,1909-08-24 00:00:00,0.0827165525275511,-0.1228789553498763,0.2883120604049786,12.217,57.1
3521,1909-08-25 00:00:00,0.1366770624524661,-0.0689986099286878,0.3423527348336201,12.217,57.1
3522,1909-08-26 00:00:00,0.2519903189328437,0.0455389986088817,0.4584416392568057,12.217,57.1
3523,1909-08-27 00:00:00,0.0547468590921955,-0.1521619972223866,0.2616557154067777,12.217,57.1
3524,1909-08-28 00:00:00,0.05210897633783,-0.1534985160855738,0.2577164687612338,12.217,57.1
3525,1909-08-29 00:00:00,0.0676501629481089,-0.137780627867154,0.2730809537633719,12.217,57.1
3526,1909-08-30 00:00:00,0.134590215336887,-0.0709334165137405,0.3401138471875146,12.217,57.1
3527,1909-08-31 00:00:00,0.1414764442125639,-0.0642815154788514,0.3472344039039794,12.217,57.1
3528,1909-09-01 00:00:00,0.1922908152739897,-0.0137222806226744,0.3983039111706539,12.217,57.1
3529,1909-09-02 00:00:00,0.2798311232732427,0.0733524375330187,0.4863098090134666,12.217,57.1
3530,1909-09-03 00:00:00,0.1933272986951426,-0.0127132270162614,0.3993678244065467,12.217,57.1
3531,1909-09-04 00:00:00,0.1204614801753885,-0.0852952291759777,0.3262181895267547,12.217,57.1
3532,1909-09-05 00:00:00,0.213375256965064,0.0071336771320292,0.4196168367980988,12.217,57.1
3533,1909-09-06 00:00:00,0.1319147091956085,-0.0743174387580622,0.3381468571492794,12.217,57.1
3534,1909-09-07 00:00:00,0.1662560968614794,-0.0412592537864805,0.3737714475094393,12.217,57.1
3535,1909-09-08 00:00:00,0.1419808753567024,-0.0654415730357304,0.3494033237491353,12.217,57.1
3536,1909-09-09 00:00:00,0.0967291916533724,-0.1090075804522613,0.3024659637590062,12.217,57.1
3537,1909-09-10 00:00:00,0.0056724495147938,-0.1998819192855517,0.2112268183151394,12.217,57.1
3538,1909-09-11 00:00:00,-0.0054689932550082,-0.2110270232575999,0.2000890367475834,12.217,57.1
3539,1909-09-12 00:00:00,-0.0526917896969449,-0.2582461942832841,0.1528626148893942,12.217,57.1
3540,1909-09-13 00:00:00,-0.0487626854404998,-0.2544247482638632,0.1568993773828634,12.217,57.1
3541,1909-09-14 00:00:00,-0.0437962150452712,-0.2495571895806767,0.1619647594901342,12.217,57.1
3542,1909-09-15 00:00:00,-0.1008804076497746,-0.3066235654452861,0.1048627501457369,12.217,57.1
3543,1909-09-16 00:00:00,-0.0842730438196719,-0.2899835406701135,0.1214374530307696,12.217,57.1
3544,1909-09-17 00:00:00,-0.0805750760689312,-0.2861753417145246,0.1250251895766621,12.217,57.1
3545,1909-09-18 00:00:00,-0.0845173953108052,-0.290253409886464,0.1212186192648534,12.217,57.1
3546,1909-09-19 00:00:00,-0.0388169145356098,-0.2442760980079248,0.1666422689367052,12.217,57.1
3547,1909-09-20 00:00:00,-0.0344532988824162,-0.2401340614460121,0.1712274636811797,12.217,57.1
3548,1909-09-21 00:00:00,0.0816109520129943,-0.1250576010029691,0.2882795050289579,12.217,57.1
3549,1909-09-22 00:00:00,0.0093095572651083,-0.1967954871027421,0.2154146016329588,12.217,57.1
3550,1909-09-23 00:00:00,-0.032910423753628,-0.238426210255945,0.1726053627486889,12.217,57.1
3551,1909-09-24 00:00:00,-0.0571993599856577,-0.262631097785425,0.1482323778141095,12.217,57.1
3552,1909-09-25 00:00:00,-0.0217670331950212,-0.2272077286226474,0.1836736622326049,12.217,57.1
3553,1909-09-26 00:00:00,-0.0161200288978562,-0.2216183747592504,0.1893783169635378,12.217,57.1
3554,1909-09-27 00:00:00,-0.0467965247052852,-0.2526104883687619,0.1590174389581915,12.217,57.1
3555,1909-09-28 00:00:00,-0.0725310539693762,-0.2781197961020758,0.1330576881633232,12.217,57.1
3556,1909-09-29 00:00:00,0.0013654639646718,-0.2041569617757452,0.2068878897050889,12.217,57.1
3557,1909-09-30 00:00:00,0.0420569862742959,-0.1635964028575049,0.2477103754060968,12.217,57.1
3558,1909-10-01 00:00:00,0.132316298959738,-0.0731822298701874,0.3378148277896634,12.217,57.1
3559,1909-10-02 00:00:00,0.1043209970506082,-0.1014279309298636,0.31006992503108,12.217,57.1
3560,1909-10-03 00:00:00,0.1202026109232573,-0.0856949331716813,0.3261001550181959,12.217,57.1
3561,1909-10-04 00:00:00,0.1563845451270807,-0.0504124827425113,0.3631815729966727,12.217,57.1
3562,1909-10-05 00:00:00,0.2577077843368168,0.0511947382326054,0.4642208304410281,12.217,57.1
3563,1909-10-06 00:00:00,0.2005098872840599,-0.0052867709426634,0.4063065455107832,12.217,57.1
3564,1909-10-07 00:00:00,0.2369426985549856,0.0308705908744131,0.443014806235558,12.217,57.1
3565,1909-10-08 00:00:00,0.0978691885774445,-0.1081570643843706,0.3038954415392598,12.217,57.1
3566,1909-10-09 00:00:00,0.2347260845435395,0.0286175370619518,0.4408346320251272,12.217,57.1
3567,1909-10-10 00:00:00,-0.0289522819439682,-0.2350719699572659,0.1771674060693293,12.217,57.1
3568,1909-10-11 00:00:00,0.0044837622908674,-0.2010629053859234,0.2100304299676584,12.217,57.1
3569,1909-10-12 00:00:00,0.0502545632439239,-0.1559818734482916,0.2564909999361394,12.217,57.1
3570,1909-10-13 00:00:00,0.0837646514623541,-0.1223413544337497,0.289870657358458,12.217,57.1
3571,1909-10-14 00:00:00,0.1141071516835414,-0.0917651570590146,0.3199794604260976,12.217,57.1
3572,1909-10-15 00:00:00,0.0435358081181728,-0.1621680497630778,0.2492396659994235,12.217,57.1
3573,1909-10-16 00:00:00,0.2552001466441129,0.0480407063904944,0.4623595868977315,12.217,57.1
3574,1909-10-17 00:00:00,0.390582044088548,0.1825037761984103,0.5986603119786856,12.217,57.1
3575,1909-10-18 00:00:00,0.2583986981281539,0.0521630459950577,0.46463435026125,12.217,57.1
3576,1909-10-19 00:00:00,0.1238980127216905,-0.0822482202627856,0.3300442457061666,12.217,57.1
3577,1909-10-20 00:00:00,0.0911071929127126,-0.1143521999896616,0.296566585815087,12.217,57.1
3578,1909-10-21 00:00:00,0.1300507638973412,-0.0758591983177108,0.3359607261123933,12.217,57.1
3579,1909-10-22 00:00:00,0.1484221127095614,-0.0572199455366776,0.3540641709558005,12.217,57.1
3580,1909-10-23 00:00:00,0.1718464752588051,-0.0339627574402658,0.377655707957876,12.217,57.1
3581,1909-10-24 00:00:00,0.2017673769199334,-0.0053828793298743,0.4089176331697413,12.217,57.1
3582,1909-10-25 00:00:00,0.3829118217815471,0.1749164748007389,0.5909071687623554,12.217,57.1
3583,1909-10-26 00:00:00,0.383481386723586,0.1744882754020674,0.5924744980451047,12.217,57.1
3584,1909-10-27 00:00:00,0.1603728466451265,-0.0467277353865162,0.3674734286767693,12.217,57.1
3585,1909-10-28 00:00:00,0.062928608186198,-0.1431214120962108,0.2689786284686069,12.217,57.1
3586,1909-10-29 00:00:00,0.2030644477319261,-0.0036025363179131,0.4097314317817653,12.217,57.1
3587,1909-10-30 00:00:00,0.1412969632525382,-0.0646917885774343,0.3472857150825108,12.217,57.1
3588,1909-10-31 00:00:00,0.0404539317580808,-0.1656233401768613,0.2465312036930231,12.217,57.1
3589,1909-11-01 00:00:00,-0.042558198890925,-0.2485106898801607,0.1633942920983107,12.217,57.1
3590,1909-11-02 00:00:00,-0.0217191349117136,-0.2272492714566819,0.1838110016332546,12.217,57.1
3591,1909-11-03 00:00:00,0.1019234386264097,-0.1037126614755422,0.3075595387283617,12.217,57.1
3592,1909-11-04 00:00:00,-0.0628048849349955,-0.2686294177028243,0.1430196478328333,12.217,57.1
3593,1909-11-05 00:00:00,-0.0434051598101821,-0.2491617511899365,0.1623514315695721,12.217,57.1
3594,1909-11-06 00:00:00,0.0523780478771176,-0.1534633528618019,0.2582194486160371,12.217,57.1
3595,1909-11-07 00:00:00,0.1527401748269812,-0.0533295179624535,0.3588098676164161,12.217,57.1
3596,1909-11-08 00:00:00,-0.0257182292191511,-0.2314184710291303,0.1799820125908281,12.217,57.1
3597,1909-11-09 00:00:00,0.0191492521308677,-0.1866455327595114,0.224944037021247,12.217,57.1
3598,1909-11-10 00:00:00,0.3206498304881016,0.114299040732458,0.527000620243745,12.217,57.1
3599,1909-11-11 00:00:00,0.2759427755351182,0.0692953432909753,0.4825902077792612,12.217,57.1
3600,1909-11-12 00:00:00,0.1066483957464822,-0.0992950685677133,0.3125918600606778,12.217,57.1
3601,1909-11-13 00:00:00,0.1178273640032429,-0.0879355118093224,0.3235902398158083,12.217,57.1
3602,1909-11-14 00:00:00,0.0746602536957428,-0.1316854605302156,0.2810059679217013,12.217,57.1
3603,1909-11-15 00:00:00,0.067472708018639,-0.1385240723523581,0.2734694883896362,12.217,57.1
3604,1909-11-16 00:00:00,0.016959066106515,-0.1886788594200926,0.2225969916331226,12.217,57.1
3605,1909-11-17 00:00:00,-0.0607703241861694,-0.2662770004447906,0.1447363520724516,12.217,57.1
3606,1909-11-18 00:00:00,-0.0846417423245559,-0.2902369385840113,0.1209534539348994,12.217,57.1
3607,1909-11-19 00:00:00,-0.0662684271400492,-0.2720200078557533,0.1394831535756548,12.217,57.1
3608,1909-11-20 00:00:00,0.013390138999345,-0.1927545632127242,0.2195348412114143,12.217,57.1
3609,1909-11-21 00:00:00,0.0920725261687558,-0.1135882314361301,0.2977332837736418,12.217,57.1
3610,1909-11-22 00:00:00,0.0381548112760986,-0.1681474293158991,0.2444570518680963,12.217,57.1
3611,1909-11-23 00:00:00,-0.0932233284789752,-0.2997078346935822,0.1132611777356317,12.217,57.1
3612,1909-11-24 00:00:00,-0.0274652325408192,-0.2335779152639812,0.1786474501823427,12.217,57.1
3613,1909-11-25 00:00:00,-0.0152358889634161,-0.2212435565732842,0.1907717786464519,12.217,57.1
3614,1909-11-26 00:00:00,-0.0182353694414346,-0.2238731046366623,0.187402365753793,12.217,57.1
3615,1909-11-27 00:00:00,-0.0249900945864161,-0.2306967219161163,0.180716532743284,12.217,57.1
3616,1909-11-28 00:00:00,0.062360187794229,-0.1433836331330888,0.2681040087215469,12.217,57.1
3617,1909-11-29 00:00:00,0.0878371555496038,-0.1185624318143986,0.2942367429136062,12.217,57.1
3618,1909-11-30 00:00:00,0.3069090269998211,0.0987407425138167,0.5150773114858256,12.217,57.1
3619,1909-12-01 00:00:00,0.2034939004301334,-0.0041130051531498,0.4111008060134167,12.217,57.1
3620,1909-12-02 00:00:00,0.3132170020704338,0.1072416210721268,0.5191923830687408,12.217,57.1
3621,1909-12-03 00:00:00,0.1530098573289417,-0.0532348017234412,0.3592545163813248,12.217,57.1
3622,1909-12-04 00:00:00,0.4118424148775709,0.1996298283917597,0.6240550013633821,12.217,57.1
3623,1909-12-05 00:00:00,0.3762799654454727,0.1635391660560422,0.5890207648349032,12.217,57.1
3624,1909-12-06 00:00:00,0.3636660900967536,0.1556777106826863,0.571654469510821,12.217,57.1
3625,1909-12-07 00:00:00,0.199295400175851,-0.0075014424769009,0.4060922428286029,12.217,57.1
3626,1909-12-08 00:00:00,0.1636184436528479,-0.0425792019037647,0.3698160892094606,12.217,57.1
3627,1909-12-09 00:00:00,0.010978979858236,-0.1946922863423175,0.2166502460587895,12.217,57.1
3628,1909-12-10 00:00:00,-0.0048000456191989,-0.2106864060353527,0.2010863147969549,12.217,57.1
3629,1909-12-11 00:00:00,0.1213002910549591,-0.0855771723561408,0.3281777544660592,12.217,57.1
3630,1909-12-12 00:00:00,0.1292725427811512,-0.0771520065492783,0.3356970921115807,12.217,57.1
3631,1909-12-13 00:00:00,-0.1368712024307689,-0.3426203766075517,0.0688779717460137,12.217,57.1
3632,1909-12-14 00:00:00,-0.1981559439970902,-0.403726274184721,0.0074143861905405,12.217,57.1
3633,1909-12-15 00:00:00,-0.1675900999567821,-0.3732402660167088,0.0380600661031445,12.217,57.1
3634,1909-12-16 00:00:00,-0.1026131490139198,-0.3082542654777328,0.1030279674498931,12.217,57.1
3635,1909-12-17 00:00:00,0.007903926924457,-0.1977511492364967,0.2135590030854108,12.217,57.1
3636,1909-12-18 00:00:00,0.0997348967741673,-0.1060033841082702,0.305473177656605,12.217,57.1
3637,1909-12-19 00:00:00,0.2338885640709277,0.0251012227522244,0.442675905389631,12.217,57.1
3638,1909-12-20 00:00:00,0.3244496738062457,0.116379524630152,0.5325198229823394,12.217,57.1
3639,1909-12-21 00:00:00,0.2893369135243246,0.0819179752097797,0.4967558518388695,12.217,57.1
3640,1909-12-22 00:00:00,0.132653400811615,-0.0737020927575478,0.3390088943807778,12.217,57.1
3641,1909-12-23 00:00:00,0.1354784137755479,-0.0719828398013868,0.3429396673524827,12.217,57.1
3642,1909-12-24 00:00:00,0.2126225463608018,0.0046630862036265,0.4205820065179771,12.217,57.1
3643,1909-12-25 00:00:00,0.132733856182434,-0.0731427231630237,0.3386104355278917,12.217,57.1
3644,1909-12-26 00:00:00,0.1666685686104146,-0.0391295110189429,0.3724666482397722,12.217,57.1
3645,1909-12-27 00:00:00,0.1775721041525016,-0.0281227934747166,0.3832670017797199,12.217,57.1
3646,1909-12-28 00:00:00,0.1037876104105577,-0.1019920853151824,0.3095673061362979,12.217,57.1
3647,1909-12-29 00:00:00,0.2488570767601031,0.0425062039847204,0.4552079495354857,12.217,57.1
3648,1909-12-30 00:00:00,0.0145910822968147,-0.1983345082782892,0.2275166728719188,12.217,57.1
3649,1909-12-31 00:00:00,-0.1773780669156479,-0.3870801917163721,0.0323240578850761,12.217,57.1
3650,1910-01-01 00:00:00,0.1606886232600762,-0.0452493123602129,0.3666265588803653,12.217,57.1
3651,1910-01-02 00:00:00,0.0749709654953054,-0.1311990225250617,0.2811409535156726,12.217,57.1
3652,1910-01-03 00:00:00,0.341398927889297,0.1353577196275122,0.5474401361510819,12.217,57.1
3653,1910-01-04 00:00:00,0.3485552510656999,0.1417970849017052,0.5553134172296947,12.217,57.1
3654,1910-01-05 00:00:00,0.0427066529409585,-0.1648590462866896,0.2502723521686066,12.217,57.1
3655,1910-01-06 00:00:00,-0.0609083603723339,-0.266785260468712,0.144968539724044,12.217,57.1
3656,1910-01-07 00:00:00,-0.0502515350563257,-0.2557813535900288,0.1552782834773773,12.217,57.1
3657,1910-01-08 00:00:00,0.0540650167554723,-0.1514787849381213,0.2596088184490661,12.217,57.1
3658,1910-01-09 00:00:00,0.1259787609073218,-0.0798008286432145,0.3317583504578582,12.217,57.1
3659,1910-01-10 00:00:00,0.2195130143207673,0.0108733777812995,0.4281526508602352,12.217,57.1
3660,1910-01-11 00:00:00,0.461669582727954,0.2533708497582075,0.6699683156977005,12.217,57.1
3661,1910-01-12 00:00:00,0.3819302782810916,0.1748845045951248,0.5889760519670585,12.217,57.1
3662,1910-01-13 00:00:00,0.2607819735422769,0.054352155089642,0.4672117919949117,12.217,57.1
3663,1910-01-14 00:00:00,0.0502059466782296,-0.1555884018249619,0.2560002951814213,12.217,57.1
3664,1910-01-15 00:00:00,0.2938188718216861,0.0873642695484705,0.5002734740949016,12.217,57.1
3665,1910-01-16 00:00:00,0.2649706403147537,0.0590794579910483,0.470861822638459,12.217,57.1
3666,1910-01-17 00:00:00,0.2960954305484867,0.0900305127608063,0.5021603483361672,12.217,57.1
3667,1910-01-18 00:00:00,0.3572814984186959,0.1514334254503132,0.5631295713870786,12.217,57.1
3668,1910-01-19 00:00:00,0.3033557720506619,0.0969695059259607,0.509742038175363,12.217,57.1
3669,1910-01-20 00:00:00,0.207997800088229,0.0017078219678885,0.4142877782085695,12.217,57.1
3670,1910-01-21 00:00:00,0.0839617760296279,-0.1218537238062472,0.289777275865503,12.217,57.1
3671,1910-01-22 00:00:00,0.0463098739723309,-0.1592689708140974,0.2518887187587594,12.217,57.1
3672,1910-01-23 00:00:00,-0.0185740429067976,-0.2241482343153203,0.1870001485017251,12.217,57.1
3673,1910-01-24 00:00:00,0.0354376296120622,-0.1703476646147986,0.241222923838923,12.217,57.1
3674,1910-01-25 00:00:00,-0.0877816432872505,-0.2981166989023341,0.1225534123278331,12.217,57.1
3675,1910-01-26 00:00:00,0.0515497404889776,-0.1578305688044652,0.2609300497824205,12.217,57.1
3676,1910-01-27 00:00:00,0.1546084572236495,-0.0537243836997299,0.3629412981470289,12.217,57.1
3677,1910-01-28 00:00:00,0.078455327452092,-0.1281440170028633,0.2850546719070473,12.217,57.1
3678,1910-01-29 00:00:00,0.1958380478214393,-0.0109865877223761,0.4026626833652549,12.217,57.1
3679,1910-01-30 00:00:00,0.3036612775842726,0.0951952473306982,0.512127307837847,12.217,57.1
3680,1910-01-31 00:00:00,0.2255011436223027,0.0189536000479288,0.4320486871966765,12.217,57.1
3681,1910-02-01 00:00:00,0.1169203149769079,-0.0892331953363273,0.3230738252901433,12.217,57.1
3682,1910-02-02 00:00:00,0.1620980337025065,-0.0440092437262111,0.3682053111312241,12.217,57.1
3683,1910-02-03 00:00:00,0.1865363618055107,-0.0193347816520855,0.392407505263107,12.217,57.1
3684,1910-02-04 00:00:00,0.1993232145541902,-0.0063864569415465,0.4050328860499271,12.217,57.1
3685,1910-02-05 00:00:00,0.0369367428426829,-0.1686775278954385,0.2425510135808045,12.217,57.1
3686,1910-02-06 00:00:00,0.1443330899305561,-0.063773759100161,0.3524399389612733,12.217,57.1
3687,1910-02-07 00:00:00,0.2946772945856408,0.0858541041132691,0.5035004850580126,12.217,57.1
3688,1910-02-08 00:00:00,0.2065359289735554,0.0005954573751619,0.4124764005719488,12.217,57.1
3689,1910-02-09 00:00:00,0.1527086463122476,-0.0533550769586943,0.3587723695831896,12.217,57.1
3690,1910-02-10 00:00:00,0.0072763795769658,-0.1984902503129642,0.213043009466896,12.217,57.1
3691,1910-02-11 00:00:00,0.0524602373946346,-0.1532422263947401,0.2581627011840095,12.217,57.1
3692,1910-02-12 00:00:00,0.1357417932471632,-0.0702306734173566,0.3417142599116831,12.217,57.1
3693,1910-02-13 00:00:00,0.0950652127632133,-0.1106850192466817,0.3008154447731084,12.217,57.1
3694,1910-02-14 00:00:00,0.0996164060268864,-0.1061801562378667,0.3054129682916396,12.217,57.1
3695,1910-02-15 00:00:00,0.1661226954557006,-0.0398307466152031,0.3720761375266045,12.217,57.1
3696,1910-02-16 00:00:00,0.3072810024502183,0.100843960830117,0.5137180440703195,12.217,57.1
3697,1910-02-17 00:00:00,0.1751600448764989,-0.0308402739860937,0.3811603637390915,12.217,57.1
3698,1910-02-18 00:00:00,0.2882489044945805,0.0780423685542404,0.4984554404349205,12.217,57.1
3699,1910-02-19 00:00:00,0.4637298442337328,0.2542909444327227,0.6731687440347429,12.217,57.1
3700,1910-02-20 00:00:00,0.232717619611465,0.0258577295911064,0.4395775096318235,12.217,57.1
3701,1910-02-21 00:00:00,0.2086089031018677,0.0023328992659256,0.4148849069378097,12.217,57.1
3702,1910-02-22 00:00:00,0.2075567285738238,0.0007928912927618,0.4143205658548858,12.217,57.1
3703,1910-02-23 00:00:00,0.1512658804340897,-0.0549339550727893,0.3574657159409689,12.217,57.1
3704,1910-02-24 00:00:00,0.1278957835368737,-0.077799583791159,0.3335911508649065,12.217,57.1
3705,1910-02-25 00:00:00,0.0981490569229139,-0.1074690558342544,0.3037671696800822,12.217,57.1
3706,1910-02-26 00:00:00,0.1622401837655254,-0.0437127995080232,0.3681931670390741,12.217,57.1
3707,1910-02-27 00:00:00,0.0747856274809123,-0.1310200060742409,0.2805912610360656,12.217,57.1
3708,1910-02-28 00:00:00,0.0558758638063641,-0.1503175696066844,0.2620692972194128,12.217,57.1
3709,1910-03-01 00:00:00,0.0365316861642814,-0.1694818185618252,0.242545190890388,12.217,57.1
3710,1910-03-02 00:00:00,0.0776810829058381,-0.1279639245520517,0.2833260903637278,12.217,57.1
3711,1910-03-03 00:00:00,-0.0320282016808051,-0.2375390680144969,0.1734826646528866,12.217,57.1
3712,1910-03-04 00:00:00,-0.0421442468382742,-0.2477205688952373,0.1634320752186888,12.217,57.1
3713,1910-03-05 00:00:00,-0.0421551248782315,-0.2477086797758699,0.1633984300194069,12.217,57.1
3714,1910-03-06 00:00:00,-0.0121066198734653,-0.217710183244536,0.1934969434976052,12.217,57.1
3715,1910-03-07 00:00:00,-0.0102792223035151,-0.2158734781239553,0.1953150335169249,12.217,57.1
3716,1910-03-08 00:00:00,0.0091938359605174,-0.1963846619814444,0.2147723339024791,12.217,57.1
3717,1910-03-09 00:00:00,0.0350945827608341,-0.1704053781153466,0.2405945436370148,12.217,57.1
3718,1910-03-10 00:00:00,0.1183019594199245,-0.0872816264914316,0.3238855453312808,12.217,57.1
3719,1910-03-11 00:00:00,0.1424484265328951,-0.06338852876792,0.3482853818337104,12.217,57.1
3720,1910-03-12 00:00:00,0.1268225353892406,-0.0788881184526503,0.3325331892311317,12.217,57.1
3721,1910-03-13 00:00:00,0.0617613380576479,-0.1437639818522118,0.2672866579675076,12.217,57.1
3722,1910-03-14 00:00:00,0.0810871190540591,-0.1244951681052079,0.2866694062133262,12.217,57.1
3723,1910-03-15 00:00:00,0.1121012124337391,-0.0940378121516843,0.3182402370191626,12.217,57.1
3724,1910-03-16 00:00:00,0.1006401947486817,-0.1049367369681242,0.3062171264654877,12.217,57.1
3725,1910-03-17 00:00:00,0.24851486894212,0.0426449074013642,0.4543848304828757,12.217,57.1
3726,1910-03-18 00:00:00,0.3323964534515143,0.1262858272626497,0.5385070796403789,12.217,57.1
3727,1910-03-19 00:00:00,0.1048329532210424,-0.1009263071666959,0.3105922136087807,12.217,57.1
3728,1910-03-20 00:00:00,0.0558004260748731,-0.1497959807669223,0.2613968329166686,12.217,57.1
3729,1910-03-21 00:00:00,0.0668786019764352,-0.1388209892153681,0.2725781931682387,12.217,57.1
3730,1910-03-22 00:00:00,0.1282782969130553,-0.0774053131849384,0.333961907011049,12.217,57.1
3731,1910-03-23 00:00:00,0.0718110554050662,-0.1340144223552436,0.2776365331653761,12.217,57.1
3732,1910-03-24 00:00:00,0.01476871074764,-0.1912640377812152,0.2208014592764954,12.217,57.1
3733,1910-03-25 00:00:00,-0.0389459285572519,-0.24510049330407,0.167208636189566,12.217,57.1
3734,1910-03-26 00:00:00,-0.0736349582001608,-0.2793384899872374,0.1320685735869156,12.217,57.1
3735,1910-03-27 00:00:00,-0.0624910531636846,-0.2679740089322628,0.1429919026048936,12.217,57.1
3736,1910-03-28 00:00:00,-0.0016167427892705,-0.2070971908048714,0.2038637052263303,12.217,57.1
3737,1910-03-29 00:00:00,-0.0636799310949239,-0.2692015682631573,0.1418417060733094,12.217,57.1
3738,1910-03-30 00:00:00,-0.0980715776842435,-0.3035959125477431,0.107452757179256,12.217,57.1
3739,1910-03-31 00:00:00,-0.1526252322951762,-0.358330424679629,0.0530799600892765,12.217,57.1
3740,1910-04-01 00:00:00,-0.1459771313053526,-0.3517345182587284,0.0597802556480231,12.217,57.1
3741,1910-04-02 00:00:00,-0.0821708196143979,-0.2877612622807536,0.1234196230519578,12.217,57.1
3742,1910-04-03 00:00:00,-0.0314730841837836,-0.2370601502859085,0.1741139819183413,12.217,57.1
3743,1910-04-04 00:00:00,0.0347064367337932,-0.1709348963711945,0.240347769838781,12.217,57.1
3744,1910-04-05 00:00:00,0.0504263580239827,-0.1553009620814016,0.2561536781293671,12.217,57.1
3745,1910-04-06 00:00:00,-0.0478358581445825,-0.2535919106611263,0.1579201943719611,12.217,57.1
3746,1910-04-07 00:00:00,-0.0580970029567734,-0.2638936112406318,0.1476996053270848,12.217,57.1
3747,1910-04-08 00:00:00,-0.0177818542563015,-0.2234031361030628,0.1878394275904598,12.217,57.1
3748,1910-04-09 00:00:00,0.0602434889644791,-0.145508884253883,0.2659958621828414,12.217,57.1
3749,1910-04-10 00:00:00,0.0961184506264667,-0.1099664170007095,0.302203318253643,12.217,57.1
3750,1910-04-11 00:00:00,0.0486305281013407,-0.158010570776507,0.2552716269791885,12.217,57.1
3751,1910-04-12 00:00:00,0.1413662888065881,-0.064552323000417,0.3472849006135933,12.217,57.1
3752,1910-04-13 00:00:00,0.1669013486106853,-0.0390264637526191,0.3728291609739899,12.217,57.1
3753,1910-04-14 00:00:00,0.2735748636718745,0.0676713375223398,0.4794783898214092,12.217,57.1
3754,1910-04-15 00:00:00,0.1868354997711322,-0.0190497372343798,0.3927207367766444,12.217,57.1
3755,1910-04-16 00:00:00,0.1404715135264471,-0.0651546318732155,0.3460976589261098,12.217,57.1
3756,1910-04-17 00:00:00,0.0907900593837622,-0.1148196706521288,0.2963997894196533,12.217,57.1
3757,1910-04-18 00:00:00,-0.005803657166682,-0.2114122800354985,0.1998049657021344,12.217,57.1
3758,1910-04-19 00:00:00,0.0396417952691964,-0.1658496389066493,0.2451332294450423,12.217,57.1
3759,1910-04-20 00:00:00,0.2292157584918454,0.0232999596986601,0.4351315572850306,12.217,57.1
3760,1910-04-21 00:00:00,0.2913403526284583,0.0845137573402218,0.4981669479166949,12.217,57.1
3761,1910-04-22 00:00:00,0.1859718066092812,-0.020631852963497,0.3925754661820594,12.217,57.1
3762,1910-04-23 00:00:00,0.2385364099549995,0.0313460646485405,0.4457267552614585,12.217,57.1
3763,1910-04-24 00:00:00,0.2357346083241521,0.029477637357337,0.4419915792909673,12.217,57.1
3764,1910-04-25 00:00:00,0.2603720290263899,0.0531825708616187,0.4675614871911611,12.217,57.1
3765,1910-04-26 00:00:00,0.2344767853315098,0.0287104736802203,0.4402430969827994,12.217,57.1
3766,1910-04-27 00:00:00,0.1410785329355891,-0.0645779779935075,0.3467350438646859,12.217,57.1
3767,1910-04-28 00:00:00,0.1001270575232153,-0.1053895745492953,0.3056436895957259,12.217,57.1
3768,1910-04-29 00:00:00,0.1049164252701572,-0.1006057016254406,0.310438552165755,12.217,57.1
3769,1910-04-30 00:00:00,0.1029210617269592,-0.1027988474968531,0.3086409709507716,12.217,57.1
3770,1910-05-01 00:00:00,0.0666875474931274,-0.1388436713749604,0.2722187663612153,12.217,57.1
3771,1910-05-02 00:00:00,-0.019716502880222,-0.2252247947153811,0.1857917889549371,12.217,57.1
3772,1910-05-03 00:00:00,0.0096322162680012,-0.1959774250490483,0.2152418575850507,12.217,57.1
3773,1910-05-04 00:00:00,0.0476434816631919,-0.1578928026108798,0.2531797659372638,12.217,57.1
3774,1910-05-05 00:00:00,0.0906310520582665,-0.114913301612174,0.2961754057287072,12.217,57.1
3775,1910-05-06 00:00:00,0.1383342009122682,-0.0672987199221263,0.3439671217466628,12.217,57.1
3776,1910-05-07 00:00:00,0.2563192410811048,0.0505797625818095,0.4620587195804001,12.217,57.1
3777,1910-05-08 00:00:00,0.2391792898354252,0.0332984192741988,0.4450601603966517,12.217,57.1
3778,1910-05-09 00:00:00,0.124705863294249,-0.0813325980656146,0.3307443246541127,12.217,57.1
3779,1910-05-10 00:00:00,0.2439684725068531,0.0313205877287861,0.4566163572849201,12.217,57.1
3780,1910-05-11 00:00:00,-0.1350961302331146,-0.3488043313596334,0.078612070893404,12.217,57.1
3781,1910-05-12 00:00:00,-0.0736514997521419,-0.2799909137231918,0.1326879142189079,12.217,57.1
3782,1910-05-13 00:00:00,0.0197689571635433,-0.1892701222215199,0.2288080365486067,12.217,57.1
3783,1910-05-14 00:00:00,-0.1105186475038555,-0.3173730170374816,0.0963357220297705,12.217,57.1
3784,1910-05-15 00:00:00,-0.0612342649421548,-0.2668889956889532,0.1444204658046434,12.217,57.1
3785,1910-05-16 00:00:00,-0.0037991901419338,-0.2092639273420273,0.2016655470581596,12.217,57.1
3786,1910-05-17 00:00:00,-0.0393586310573829,-0.2448371762329594,0.1661199141181935,12.217,57.1
3787,1910-05-18 00:00:00,-0.0415418746284183,-0.2471366624417469,0.1640529131849101,12.217,57.1
3788,1910-05-19 00:00:00,-0.039606971299363,-0.2451963469661549,0.1659824043674288,12.217,57.1
3789,1910-05-20 00:00:00,-0.0697828846766292,-0.2755494102229432,0.1359836408696846,12.217,57.1
3790,1910-05-21 00:00:00,-0.0372926608037164,-0.2431459846193956,0.1685606630119627,12.217,57.1
3791,1910-05-22 00:00:00,-0.0507518182367567,-0.2564109077633065,0.1549072712897929,12.217,57.1
3792,1910-05-23 00:00:00,-0.0190815644770623,-0.2246542066419739,0.1864910776878491,12.217,57.1
3793,1910-05-24 00:00:00,0.0009408269215784,-0.2047302381258674,0.2066118919690242,12.217,57.1
3794,1910-05-25 00:00:00,-0.0014175265611853,-0.2072427617779391,0.2044077086555684,12.217,57.1
3795,1910-05-26 00:00:00,0.0065800837248408,-0.1991513291999779,0.2123114966496595,12.217,57.1
3796,1910-05-27 00:00:00,0.0999720210669994,-0.1057662091095508,0.3057102512435497,12.217,57.1
3797,1910-05-28 00:00:00,0.1546687740731806,-0.0511600748181002,0.3604976229644616,12.217,57.1
3798,1910-05-29 00:00:00,0.1079804451939542,-0.0976521469846386,0.3136130373725471,12.217,57.1
3799,1910-05-30 00:00:00,0.1333861387010251,-0.0721504917288754,0.3389227691309258,12.217,57.1
3800,1910-05-31 00:00:00,0.2102159589095796,0.0046534737857562,0.4157784440334029,12.217,57.1
3801,1910-06-01 00:00:00,0.2222698195597372,0.0158836401782774,0.428655998941197,12.217,57.1
3802,1910-06-02 00:00:00,0.2612620316157852,0.054099819287335,0.4684242439442354,12.217,57.1
3803,1910-06-03 00:00:00,0.0643689845098738,-0.1416233968556249,0.2703613658753726,12.217,57.1
3804,1910-06-04 00:00:00,0.0573091214327103,-0.1483563948072774,0.2629746376726981,12.217,57.1
3805,1910-06-05 00:00:00,0.0271153255072106,-0.1785470848814989,0.2327777358959201,12.217,57.1
3806,1910-06-06 00:00:00,-0.0695405269403955,-0.2752699870717197,0.1361889331909286,12.217,57.1
3807,1910-06-07 00:00:00,-0.1066236534647529,-0.3128354376138638,0.0995881306843579,12.217,57.1
3808,1910-06-08 00:00:00,-0.0584526963581945,-0.2644667053473702,0.1475613126309812,12.217,57.1
3809,1910-06-09 00:00:00,0.0018068472066887,-0.2039799453524733,0.2075936397658506,12.217,57.1
3810,1910-06-10 00:00:00,0.0158145194900448,-0.1899926792086291,0.2216217181887187,12.217,57.1
3811,1910-06-11 00:00:00,0.0005177249976976,-0.2052126852597137,0.206248135255109,12.217,57.1
3812,1910-06-12 00:00:00,0.0351600854484826,-0.1705400125695255,0.2408601834664908,12.217,57.1
3813,1910-06-13 00:00:00,0.0112440872427816,-0.194377004557311,0.2168651790428742,12.217,57.1
3814,1910-06-14 00:00:00,0.048133543216733,-0.1574668766057775,0.2537339630392436,12.217,57.1
3815,1910-06-15 00:00:00,-0.0300714625388978,-0.2356568358641732,0.1755139107863776,12.217,57.1
3816,1910-06-16 00:00:00,-0.0139919950506585,-0.2196174356956507,0.1916334455943337,12.217,57.1
3817,1910-06-17 00:00:00,-0.0499083146002705,-0.2556466808177632,0.1558300516172222,12.217,57.1
3818,1910-06-18 00:00:00,-0.0386211943824398,-0.2440429764976378,0.1668005877327581,12.217,57.1
3819,1910-06-19 00:00:00,-0.0114592148291234,-0.2169917239538298,0.1940732942955829,12.217,57.1
3820,1910-06-20 00:00:00,0.0189489687021635,-0.1869203378546292,0.2248182752589564,12.217,57.1
3821,1910-06-21 00:00:00,-0.0387500270210068,-0.2444580961809698,0.1669580421389561,12.217,57.1
3822,1910-06-22 00:00:00,0.0577398887051252,-0.147834492217988,0.2633142696282385,12.217,57.1
3823,1910-06-23 00:00:00,0.0442727599044059,-0.1612965243365506,0.2498420441453625,12.217,57.1
3824,1910-06-24 00:00:00,0.0978363167815573,-0.1079978725830696,0.3036705061461844,12.217,57.1
3825,1910-06-25 00:00:00,0.0772235543506197,-0.1282743793849646,0.2827214880862042,12.217,57.1
3826,1910-06-26 00:00:00,0.1624427514992771,-0.0430932351311699,0.3679787381297243,12.217,57.1
3827,1910-06-27 00:00:00,0.1563374517061148,-0.0492759893780549,0.3619508927902846,12.217,57.1
3828,1910-06-28 00:00:00,0.2056614353851237,-0.0002370497653265,0.4115599205355739,12.217,57.1
3829,1910-06-29 00:00:00,0.2278100454507596,0.0218598650551578,0.4337602258463614,12.217,57.1
3830,1910-06-30 00:00:00,0.2922845260223692,0.0866239964145791,0.4979450556301593,12.217,57.1
3831,1910-07-01 00:00:00,0.1937685409575659,-0.0118923359681054,0.3994294178832373,12.217,57.1
3832,1910-07-02 00:00:00,0.2188911219680642,0.0130553392910303,0.4247269046450981,12.217,57.1
3833,1910-07-03 00:00:00,0.1908075547605747,-0.0153750022747478,0.3969901117958972,12.217,57.1
3834,1910-07-04 00:00:00,0.1007592446778697,-0.1047967681215299,0.3063152574772694,12.217,57.1
3835,1910-07-05 00:00:00,0.0509531186433579,-0.1545064781666461,0.2564127154533619,12.217,57.1
3836,1910-07-06 00:00:00,0.0542213400660702,-0.1513469359385684,0.2597896160707089,12.217,57.1
3837,1910-07-07 00:00:00,0.0806873465664122,-0.125017068323,0.2863917614558244,12.217,57.1
3838,1910-07-08 00:00:00,0.0165192671722997,-0.1893537241474903,0.2223922584920897,12.217,57.1
3839,1910-07-09 00:00:00,0.0733020164053024,-0.1331863163186485,0.2797903491292534,12.217,57.1
3840,1910-07-10 00:00:00,0.0416938545464174,-0.1644541999639672,0.2478419090568022,12.217,57.1
3841,1910-07-11 00:00:00,0.0451548150159202,-0.1616274521381273,0.2519370821699678,12.217,57.1
3842,1910-07-12 00:00:00,0.0097475301370579,-0.1962232263903052,0.2157182866644211,12.217,57.1
3843,1910-07-13 00:00:00,-0.0229833070570692,-0.2284788411029404,0.1825122269888019,12.217,57.1
3844,1910-07-14 00:00:00,-0.0285541766644987,-0.2339697844896414,0.1768614311606438,12.217,57.1
3845,1910-07-15 00:00:00,0.03107573407367,-0.1743159007635739,0.236467368910914,12.217,57.1
3846,1910-07-16 00:00:00,0.0783640937571108,-0.1273861461102354,0.2841143336244572,12.217,57.1
3847,1910-07-17 00:00:00,0.0556333125683423,-0.1503967502565242,0.261663375393209,12.217,57.1
3848,1910-07-18 00:00:00,0.0405059689143698,-0.1652131243886818,0.2462250622174215,12.217,57.1
3849,1910-07-19 00:00:00,0.0454797768582085,-0.1600553992839533,0.2510149530003704,12.217,57.1
3850,1910-07-20 00:00:00,0.0746084949023287,-0.1309565257146321,0.2801735155192896,12.217,57.1
3851,1910-07-21 00:00:00,0.1962397488054312,-0.0094665336274951,0.4019460312383575,12.217,57.1
3852,1910-07-22 00:00:00,0.1598700641717594,-0.0462070153272908,0.3659471436708098,12.217,57.1
3853,1910-07-23 00:00:00,0.1436735856500315,-0.0618738153937883,0.3492209866938513,12.217,57.1
3854,1910-07-24 00:00:00,0.1045438634932935,-0.1010061262581474,0.3100938532447345,12.217,57.1
3855,1910-07-25 00:00:00,0.1729960040989044,-0.0325632923584455,0.3785553005562544,12.217,57.1
3856,1910-07-26 00:00:00,0.1888654534634778,-0.0170151222636889,0.3947460291906445,12.217,57.1
3857,1910-07-27 00:00:00,0.1539365593931272,-0.051976453081964,0.3598495718682185,12.217,57.1
3858,1910-07-28 00:00:00,0.0427936842232854,-0.1628429308242351,0.248430299270806,12.217,57.1
3859,1910-07-29 00:00:00,0.0622978128663145,-0.1432216564727227,0.2678172822053518,12.217,57.1
3860,1910-07-30 00:00:00,0.1063428976495504,-0.0991408872972,0.3118266825963009,12.217,57.1
3861,1910-07-31 00:00:00,0.0459346967950574,-0.1595564317630231,0.251425825353138,12.217,57.1
3862,1910-08-01 00:00:00,0.063403203955597,-0.1421406130146366,0.2689470209258308,12.217,57.1
3863,1910-08-02 00:00:00,0.048886951904838,-0.1572084128232134,0.2549823166328896,12.217,57.1
3864,1910-08-03 00:00:00,0.0174152296570552,-0.1882943135351095,0.2231247728492199,12.217,57.1
3865,1910-08-04 00:00:00,0.0338472955637001,-0.1716322613002481,0.2393268524276484,12.217,57.1
3866,1910-08-05 00:00:00,0.0382475549656172,-0.1674457294286296,0.2439408393598641,12.217,57.1
3867,1910-08-06 00:00:00,0.0964916735921236,-0.1098566005684886,0.3028399477527358,12.217,57.1
3868,1910-08-07 00:00:00,-0.0468562058350066,-0.2534028985668149,0.1596904868968016,12.217,57.1
3869,1910-08-08 00:00:00,-0.0031816974730164,-0.2093183179553902,0.2029549230093573,12.217,57.1
3870,1910-08-09 00:00:00,-0.0172824309389943,-0.2231470616712263,0.1885821997932375,12.217,57.1
3871,1910-08-10 00:00:00,-0.0262701280442099,-0.2319381377225208,0.1793978816341009,12.217,57.1
3872,1910-08-11 00:00:00,0.0064532306189743,-0.1990684707676471,0.2119749320055957,12.217,57.1
3873,1910-08-12 00:00:00,0.0253627881565705,-0.1800624125194781,0.2307879888326192,12.217,57.1
3874,1910-08-13 00:00:00,0.1318127538854518,-0.0736894160536101,0.3373149238245136,12.217,57.1
3875,1910-08-14 00:00:00,0.01608053799216,-0.1897251537639853,0.2218862297483054,12.217,57.1
3876,1910-08-15 00:00:00,0.0124136313505586,-0.193105772886691,0.2179330355878084,12.217,57.1
3877,1910-08-16 00:00:00,0.0771167366806348,-0.128384648900141,0.2826181222614107,12.217,57.1
3878,1910-08-17 00:00:00,0.2041833113352998,-0.0016998959883513,0.410066518658951,12.217,57.1
3879,1910-08-18 00:00:00,0.1608977365131436,-0.0448803017691596,0.3666757747954469,12.217,57.1
3880,1910-08-19 00:00:00,0.2236136074999156,0.0178632915409441,0.4293639234588871,12.217,57.1
3881,1910-08-20 00:00:00,0.205420711583644,-0.0006729439074864,0.4115143670747746,12.217,57.1
3882,1910-08-21 00:00:00,0.1546348917954839,-0.0512193460730918,0.3604891296640596,12.217,57.1
3883,1910-08-22 00:00:00,0.1797755575651418,-0.0259235587334868,0.3854746738637704,12.217,57.1
3884,1910-08-23 00:00:00,0.0866358712550394,-0.1190610962324234,0.2923328387425022,12.217,57.1
3885,1910-08-24 00:00:00,0.0432117059794789,-0.1622878418795955,0.2487112538385534,12.217,57.1
3886,1910-08-25 00:00:00,0.0427422507941889,-0.1627575410179164,0.2482420426062944,12.217,57.1
3887,1910-08-26 00:00:00,0.1095103943234962,-0.0963166484518811,0.3153374370988736,12.217,57.1
3888,1910-08-27 00:00:00,0.0465704418892683,-0.1595794339618637,0.2527203177404004,12.217,57.1
3889,1910-08-28 00:00:00,0.1721111179303917,-0.0341911470408884,0.3784133829016718,12.217,57.1
3890,1910-08-29 00:00:00,0.0141732430715554,-0.1915054896118765,0.2198519757549873,12.217,57.1
3891,1910-08-30 00:00:00,0.0580410810316095,-0.1474350961918106,0.2635172582550297,12.217,57.1
3892,1910-08-31 00:00:00,0.0831404650510525,-0.1225568081851089,0.2888377382872141,12.217,57.1
3893,1910-09-01 00:00:00,-0.0092529873869816,-0.2148630602652624,0.1963570854912991,12.217,57.1
3894,1910-09-02 00:00:00,-0.0367668881264522,-0.2423580050523771,0.1688242287994727,12.217,57.1
3895,1910-09-03 00:00:00,0.0072371456036069,-0.1983193693155289,0.2127936605227428,12.217,57.1
3896,1910-09-04 00:00:00,0.0804445252030234,-0.1253046718807047,0.2861937222867515,12.217,57.1
3897,1910-09-05 00:00:00,-0.0150917466425519,-0.2209915827185597,0.1908080894334558,12.217,57.1
3898,1910-09-06 00:00:00,-0.0459817880820472,-0.2516922409888779,0.1597286648247832,12.217,57.1
3899,1910-09-07 00:00:00,-0.0761839111910728,-0.2819388522088097,0.129571029826664,12.217,57.1
3900,1910-09-08 00:00:00,-0.075261833771489,-0.280882302512719,0.1303586349697409,12.217,57.1
3901,1910-09-09 00:00:00,-0.0906958459693447,-0.2966381833653809,0.1152464914266914,12.217,57.1
3902,1910-09-10 00:00:00,-0.0955034319816835,-0.3013990291194383,0.1103921651560712,12.217,57.1
3903,1910-09-11 00:00:00,-0.0664143610722722,-0.2719854538401544,0.1391567316956097,12.217,57.1
3904,1910-09-12 00:00:00,0.0004612660857828,-0.2049682935507535,0.2058908257223192,12.217,57.1
3905,1910-09-13 00:00:00,-0.0028704844291463,-0.2083109247057311,0.2025699558474384,12.217,57.1
3906,1910-09-14 00:00:00,-0.0520343545718476,-0.257507415167423,0.1534387060237277,12.217,57.1
3907,1910-09-15 00:00:00,-0.0304475595489527,-0.2359139582167862,0.1750188391188807,12.217,57.1
3908,1910-09-16 00:00:00,-0.0233992356465666,-0.2288572578982687,0.1820587866051353,12.217,57.1
3909,1910-09-17 00:00:00,-0.0273099932324747,-0.2328928684588848,0.1782728819939353,12.217,57.1
3910,1910-09-18 00:00:00,-0.0446816172036223,-0.2502961213311417,0.1609328869238969,12.217,57.1
3911,1910-09-19 00:00:00,0.0173815797871248,-0.1883615594769629,0.2231247190512125,12.217,57.1
3912,1910-09-20 00:00:00,0.1024078819814223,-0.1033841120648683,0.308199876027713,12.217,57.1
3913,1910-09-21 00:00:00,-0.0037504902541934,-0.2096416216352526,0.2021406411268658,12.217,57.1
3914,1910-09-22 00:00:00,-0.0219895361537269,-0.2276566445276769,0.183677572220223,12.217,57.1
3915,1910-09-23 00:00:00,0.1179904462451414,-0.0877416347748651,0.3237225272651479,12.217,57.1
3916,1910-09-24 00:00:00,0.2581247644475965,0.0521105468178822,0.4641389820773107,12.217,57.1
3917,1910-09-25 00:00:00,0.17683425652131,-0.0302184753764596,0.3838869884190797,12.217,57.1
3918,1910-09-26 00:00:00,-0.0145927352468503,-0.2203480929289581,0.1911626224352575,12.217,57.1
3919,1910-09-27 00:00:00,0.0460175041206502,-0.1596532447250029,0.2516882529663032,12.217,57.1
3920,1910-09-28 00:00:00,0.0314217517193902,-0.1741867359841558,0.2370302394229363,12.217,57.1
3921,1910-09-29 00:00:00,0.0762535143950958,-0.1291975306389085,0.2817045594291002,12.217,57.1
3922,1910-09-30 00:00:00,0.135954686214118,-0.0701818888741512,0.3420912613023872,12.217,57.1
3923,1910-10-01 00:00:00,0.3321508960313085,0.1256962259720259,0.5386055660905912,12.217,57.1
3924,1910-10-02 00:00:00,0.0120497321491933,-0.1941186515985289,0.2182181158969157,12.217,57.1
3925,1910-10-03 00:00:00,0.0820395803663333,-0.1235329578981538,0.2876121186308203,12.217,57.1
3926,1910-10-04 00:00:00,0.1849932201579374,-0.0211225191507125,0.3911089594665874,12.217,57.1
3927,1910-10-05 00:00:00,0.158129420172905,-0.0481241273091348,0.3643829676549449,12.217,57.1
3928,1910-10-06 00:00:00,0.0848916416282269,-0.1212726634418413,0.2910559466982952,12.217,57.1
3929,1910-10-07 00:00:00,-0.015121815376302,-0.2213060664470153,0.1910624356944111,12.217,57.1
3930,1910-10-08 00:00:00,0.0743726328281444,-0.1311931106699396,0.2799383763262286,12.217,57.1
3931,1910-10-09 00:00:00,0.1663309906169316,-0.0401868242487102,0.3728488054825735,12.217,57.1
3932,1910-10-10 00:00:00,0.1715116304502247,-0.0343932392498394,0.3774165001502888,12.217,57.1
3933,1910-10-11 00:00:00,0.0663197490900519,-0.1393822369667238,0.2720217351468276,12.217,57.1
3934,1910-10-12 00:00:00,0.1024214696402473,-0.103226323011259,0.3080692622917538,12.217,57.1
3935,1910-10-13 00:00:00,0.1813939380186331,-0.0247506895140454,0.3875385655513118,12.217,57.1
3936,1910-10-14 00:00:00,0.0907756907150773,-0.1182683681031376,0.2998197495332922,12.217,57.1
3937,1910-10-15 00:00:00,-0.1459610359803319,-0.3534363080548113,0.0615142360941474,12.217,57.1
3938,1910-10-16 00:00:00,-0.0654076251792771,-0.2710601431487501,0.1402448927901957,12.217,57.1
3939,1910-10-17 00:00:00,0.0006837083391588,-0.2048842121669226,0.2062516288452403,12.217,57.1
3940,1910-10-18 00:00:00,0.0666465842844824,-0.1388520948857372,0.2721452634547021,12.217,57.1
3941,1910-10-19 00:00:00,0.1281900971614847,-0.0773189808548824,0.3336991751778519,12.217,57.1
3942,1910-10-20 00:00:00,0.2087981103837581,0.003063357981612,0.4145328627859043,12.217,57.1
3943,1910-10-21 00:00:00,0.1203779033257299,-0.085729512543316,0.3264853191947759,12.217,57.1
3944,1910-10-22 00:00:00,-0.1550422206090088,-0.3609572908301776,0.0508728496121599,12.217,57.1
3945,1910-10-23 00:00:00,-0.0781040199222704,-0.2837605033734046,0.1275524635288636,12.217,57.1
3946,1910-10-24 00:00:00,-0.0578490560741109,-0.2632802884951224,0.1475821763469005,12.217,57.1
3947,1910-10-25 00:00:00,-0.0475734617605099,-0.2529976046377531,0.1578506811167332,12.217,57.1
3948,1910-10-26 00:00:00,-0.0339035338407852,-0.2393514560652417,0.1715443883836713,12.217,57.1
3949,1910-10-27 00:00:00,-0.0462243546694794,-0.2517291320707924,0.1592804227318336,12.217,57.1
3950,1910-10-28 00:00:00,-0.0431968316810197,-0.2486732484311387,0.1622795850690992,12.217,57.1
3951,1910-10-29 00:00:00,-0.0167582280226737,-0.2223221777340999,0.1888057216887523,12.217,57.1
3952,1910-10-30 00:00:00,-0.0017324085387184,-0.2073927403304229,0.203927923252986,12.217,57.1
3953,1910-10-31 00:00:00,0.0043490002214417,-0.2011584963271556,0.2098564967700391,12.217,57.1
3954,1910-11-01 00:00:00,0.2157733638479927,0.0098139579941955,0.4217327697017899,12.217,57.1
3955,1910-11-02 00:00:00,0.4458967217635914,0.2360853795156288,0.655708064011554,12.217,57.1
3956,1910-11-03 00:00:00,0.2496806214146639,0.0428155182611389,0.456545724568189,12.217,57.1
3957,1910-11-04 00:00:00,0.20210219222004,-0.0036670731054462,0.4078714575455263,12.217,57.1
3958,1910-11-05 00:00:00,0.173315064692102,-0.0325365312266599,0.379166660610864,12.217,57.1
3959,1910-11-06 00:00:00,0.1441438355897636,-0.0616423857877387,0.349930056967266,12.217,57.1
3960,1910-11-07 00:00:00,0.1943246493423489,-0.0114057936260091,0.4000550923107069,12.217,57.1
3961,1910-11-08 00:00:00,0.389844606668205,0.1824615595457107,0.5972276537906992,12.217,57.1
3962,1910-11-09 00:00:00,0.3306660661104425,0.1221486631666536,0.5391834690542314,12.217,57.1
3963,1910-11-10 00:00:00,0.3985229033990747,0.1916200945671418,0.6054257122310076,12.217,57.1
3964,1910-11-11 00:00:00,0.1703868066844264,-0.0358813592419972,0.37665497261085,12.217,57.1
3965,1910-11-12 00:00:00,0.0797874189953123,-0.1269816968639989,0.2865565348546237,12.217,57.1
3966,1910-11-13 00:00:00,-0.0195999703060167,-0.2262706678965582,0.1870707272845247,12.217,57.1
3967,1910-11-14 00:00:00,0.159759823786694,-0.0465627212586383,0.3660823688320263,12.217,57.1
3968,1910-11-15 00:00:00,0.3778989029831073,0.1704503119826251,0.5853474939835894,12.217,57.1
3969,1910-11-16 00:00:00,0.2415229860531501,0.0350157984723069,0.4480301736339933,12.217,57.1
3970,1910-11-17 00:00:00,0.1039243539300792,-0.1018825201897946,0.3097312280499532,12.217,57.1
3971,1910-11-18 00:00:00,0.2025600885476114,-0.0032071597580756,0.4083273368532986,12.217,57.1
3972,1910-11-19 00:00:00,0.0381829253136583,-0.1676080767229146,0.2439739273502314,12.217,57.1
3973,1910-11-20 00:00:00,-0.0344934832132401,-0.2419403914440805,0.1729534250176003,12.217,57.1
3974,1910-11-21 00:00:00,0.0686190812825624,-0.139919785294675,0.2771579478597999,12.217,57.1
3975,1910-11-22 00:00:00,-0.013151048511639,-0.2190879117827161,0.1927858147594381,12.217,57.1
3976,1910-11-23 00:00:00,0.019685361517486,-0.1863354080070496,0.2257061310420218,12.217,57.1
3977,1910-11-24 00:00:00,-0.1073075672094433,-0.3134093636895398,0.0987942292706531,12.217,57.1
3978,1910-11-25 00:00:00,-0.0970437422313743,-0.3036973989529876,0.1096099144902389,12.217,57.1
3979,1910-11-26 00:00:00,-0.0206381243906737,-0.2271989502034925,0.1859227014221449,12.217,57.1
3980,1910-11-27 00:00:00,0.0770471631130318,-0.1288876339591596,0.2829819601852232,12.217,57.1
3981,1910-11-28 00:00:00,0.0543856674644294,-0.1517333929712571,0.260504727900116,12.217,57.1
3982,1910-11-29 00:00:00,0.2599791363339717,0.049941810494794,0.4700164621731493,12.217,57.1
3983,1910-11-30 00:00:00,0.1727165736168369,-0.0384217755265616,0.3838549227602355,12.217,57.1
3984,1910-12-01 00:00:00,0.0988415193948635,-0.1077354422357248,0.3054184810254519,12.217,57.1
3985,1910-12-02 00:00:00,-0.0963681229288304,-0.3019282774505016,0.1091920315928408,12.217,57.1
3986,1910-12-03 00:00:00,-0.0855079563194318,-0.2910937038253375,0.1200777911864739,12.217,57.1
3987,1910-12-04 00:00:00,-0.0684938521246925,-0.2742048814324914,0.1372171771831063,12.217,57.1
3988,1910-12-05 00:00:00,-0.0008405348570873,-0.2066401772067205,0.2049591074925459,12.217,57.1
3989,1910-12-06 00:00:00,0.1376842275992766,-0.0681014540030028,0.343469909201556,12.217,57.1
3990,1910-12-07 00:00:00,0.0881409853544934,-0.1175981138744126,0.2938800845833996,12.217,57.1
3991,1910-12-08 00:00:00,0.1544090995161832,-0.0513506911926537,0.3601688902250203,12.217,57.1
3992,1910-12-09 00:00:00,0.0904422150852402,-0.1152822090343103,0.2961666392047908,12.217,57.1
3993,1910-12-10 00:00:00,0.1916277698486565,-0.0141797997447763,0.3974353394420894,12.217,57.1
3994,1910-12-11 00:00:00,0.1257957301514512,-0.0799228364219109,0.3315142967248135,12.217,57.1
3995,1910-12-12 00:00:00,0.1045618915007888,-0.1012242951510269,0.3103480781526046,12.217,57.1
3996,1910-12-13 00:00:00,0.1212900673995958,-0.084590632463534,0.3271707672627257,12.217,57.1
3997,1910-12-14 00:00:00,0.1092164183302816,-0.0966907849545582,0.3151236216151215,12.217,57.1
3998,1910-12-15 00:00:00,0.1512095958572801,-0.0544869607488888,0.3569061524634492,12.217,57.1
3999,1910-12-16 00:00:00,0.1294731698771505,-0.0762420241487318,0.3351883639030327,12.217,57.1
4000,1910-12-17 00:00:00,0.1951199692801362,-0.0110670126545366,0.4013069512148089,12.217,57.1
4001,1910-12-18 00:00:00,0.237560485188884,0.0307547363694627,0.4443662340083053,12.217,57.1
4002,1910-12-19 00:00:00,0.1413569816561041,-0.0644897418887997,0.3472037052010079,12.217,57.1
4003,1910-12-20 00:00:00,0.0909029936782005,-0.1146791862847962,0.2964851736411972,12.217,57.1
4004,1910-12-21 00:00:00,-0.0272097421334941,-0.2328592639422673,0.178439779675279,12.217,57.1
4005,1910-12-22 00:00:00,0.0952397190936581,-0.1105144054185185,0.3009938436058348,12.217,57.1
4006,1910-12-23 00:00:00,0.2508657848335515,0.0447960529040044,0.4569355167630986,12.217,57.1
4007,1910-12-24 00:00:00,0.3285800603101345,0.1223677166472741,0.5347924039729949,12.217,57.1
4008,1910-12-25 00:00:00,0.5974288415484769,0.3903932391750573,0.8044644439218964,12.217,57.1
4009,1910-12-26 00:00:00,0.2968484854997306,0.0903491072179026,0.5033478637815586,12.217,57.1
4010,1910-12-27 00:00:00,0.1487109956775281,-0.0572256437038037,0.3546476350588601,12.217,57.1
4011,1910-12-28 00:00:00,0.0070004121095443,-0.198990706087754,0.2129915303068427,12.217,57.1
4012,1910-12-29 00:00:00,0.0887251540093321,-0.1179216129304141,0.2953719209490784,12.217,57.1
4013,1910-12-30 00:00:00,0.2195940129917535,0.012295573537091,0.426892452446416,12.217,57.1
4014,1910-12-31 00:00:00,0.0054685805161776,-0.2004200831445536,0.211357244176909,12.217,57.1
4015,1911-01-01 00:00:00,0.1138762928062774,-0.092063317615198,0.319815903227753,12.217,57.1
4016,1911-01-02 00:00:00,0.3180498756584131,0.1099041083090651,0.5261956430077611,12.217,57.1
4017,1911-01-03 00:00:00,-0.0588627738181277,-0.2739356692595185,0.1562101216232629,12.217,57.1
4018,1911-01-04 00:00:00,-0.1842290112364306,-0.3906403955036481,0.0221823730307868,12.217,57.1
4019,1911-01-05 00:00:00,-0.1946568119215745,-0.4009035880267605,0.0115899641836113,12.217,57.1
4020,1911-01-06 00:00:00,-0.0340843722200242,-0.2400682078895587,0.1718994634495101,12.217,57.1
4021,1911-01-07 00:00:00,0.0389667613715293,-0.1667503557575742,0.2446838785006329,12.217,57.1
4022,1911-01-08 00:00:00,0.0190686358497194,-0.1866864502205475,0.2248237219199864,12.217,57.1
4023,1911-01-09 00:00:00,0.168501390969443,-0.0376700503816539,0.3746728323205399,12.217,57.1
4024,1911-01-10 00:00:00,0.1555943037003146,-0.0504855323770646,0.3616741397776938,12.217,57.1
4025,1911-01-11 00:00:00,0.2443244245329849,0.0384636723741237,0.4501851766918462,12.217,57.1
4026,1911-01-12 00:00:00,0.3252401043451254,0.1179302056302309,0.5325500030600199,12.217,57.1
4027,1911-01-13 00:00:00,0.0795716295405094,-0.1295535548001573,0.2886968138811763,12.217,57.1
4028,1911-01-14 00:00:00,-0.1068273834737948,-0.313421879099008,0.0997671121514183,12.217,57.1
4029,1911-01-15 00:00:00,0.1192540561837418,-0.0865246081462054,0.3250327205136891,12.217,57.1
4030,1911-01-16 00:00:00,0.2111637933291957,0.0049669781955186,0.4173606084628728,12.217,57.1
4031,1911-01-17 00:00:00,0.3648677523280933,0.1578529286347846,0.5718825760214019,12.217,57.1
4032,1911-01-18 00:00:00,0.1171480398580264,-0.0914690487556756,0.3257651284717285,12.217,57.1
4033,1911-01-19 00:00:00,-0.0409762156895481,-0.2479883530044302,0.166035921625334,12.217,57.1
4034,1911-01-20 00:00:00,-0.0218680192698299,-0.227756165358016,0.184020126818356,12.217,57.1
4035,1911-01-21 00:00:00,0.013068891295509,-0.1936168839549998,0.2197546665460179,12.217,57.1
4036,1911-01-22 00:00:00,0.2127415094533836,0.0067264677252685,0.4187565511814987,12.217,57.1
4037,1911-01-23 00:00:00,-0.0371699088134755,-0.2439820525891109,0.1696422349621599,12.217,57.1
4038,1911-01-24 00:00:00,-0.0175960010095102,-0.2234302418059446,0.188238239786924,12.217,57.1
4039,1911-01-25 00:00:00,0.2000055295967344,-0.0057217272141037,0.4057327864075726,12.217,57.1
4040,1911-01-26 00:00:00,0.3699179010377071,0.1640712972520234,0.5757645048233909,12.217,57.1
4041,1911-01-27 00:00:00,0.2144908742121646,0.0083215445039709,0.4206602039203583,12.217,57.1
4042,1911-01-28 00:00:00,0.0224974507250062,-0.1835565600461502,0.2285514614961626,12.217,57.1
4043,1911-01-29 00:00:00,-0.0824023239753542,-0.2887561202833831,0.1239514723326746,12.217,57.1
4044,1911-01-30 00:00:00,-0.1616703159765879,-0.3680664429719176,0.0447258110187416,12.217,57.1
4045,1911-01-31 00:00:00,-0.1230926737706879,-0.3290021449715528,0.0828167974301768,12.217,57.1
4046,1911-02-01 00:00:00,-0.1180650441760334,-0.3241591583914782,0.0880290700394112,12.217,57.1
4047,1911-02-02 00:00:00,-0.0700355890105556,-0.276127905622266,0.1360567276011547,12.217,57.1
4048,1911-02-03 00:00:00,1.2387873463762245e-06,-0.209018062815993,0.2090205403906857,12.217,57.1
4049,1911-02-04 00:00:00,-0.0649215212726607,-0.2736007374694189,0.1437576949240973,12.217,57.1
4050,1911-02-05 00:00:00,0.0085359418293613,-0.1973409039257067,0.2144127875844293,12.217,57.1
4051,1911-02-06 00:00:00,-0.0872328099557725,-0.2934555059569563,0.1189898860454111,12.217,57.1
4052,1911-02-07 00:00:00,-0.0264926718968751,-0.2324378058299144,0.1794524620361642,12.217,57.1
4053,1911-02-08 00:00:00,0.0061405893088477,-0.2009854662682217,0.2132666448859173,12.217,57.1
4054,1911-02-09 00:00:00,-0.1342449767873372,-0.3411349723943626,0.072645018819688,12.217,57.1
4055,1911-02-10 00:00:00,-0.0006561708790769,-0.2063485826073407,0.2050362408491868,12.217,57.1
4056,1911-02-11 00:00:00,0.0598782185235448,-0.1456319145682476,0.2653883516153373,12.217,57.1
4057,1911-02-12 00:00:00,0.0169872434548737,-0.1884545813680987,0.2224290682778462,12.217,57.1
4058,1911-02-13 00:00:00,-0.0350308113776022,-0.2405693106554637,0.1705076879002592,12.217,57.1
4059,1911-02-14 00:00:00,-0.0290589559475187,-0.2346644986336231,0.1765465867385855,12.217,57.1
4060,1911-02-15 00:00:00,0.1146335823710503,-0.0910688372148875,0.3203360019569883,12.217,57.1
4061,1911-02-16 00:00:00,0.1177423309320256,-0.0887331462121904,0.3242178080762417,12.217,57.1
4062,1911-02-17 00:00:00,0.2812939662751215,0.0744111814448112,0.4881767511054318,12.217,57.1
4063,1911-02-18 00:00:00,0.5902540882679395,0.382739511625487,0.7977686649103919,12.217,57.1
4064,1911-02-19 00:00:00,0.333118360803561,0.1256107466691917,0.5406259749379303,12.217,57.1
4065,1911-02-20 00:00:00,0.3514281712305396,0.1441226839955263,0.5587336584655529,12.217,57.1
4066,1911-02-21 00:00:00,0.171077842836413,-0.0353169751624091,0.3774726608352353,12.217,57.1
4067,1911-02-22 00:00:00,0.1399338031050373,-0.0669944445792845,0.3468620507893593,12.217,57.1
4068,1911-02-23 00:00:00,0.7803622208044128,0.5712638440028502,0.9894605976059752,12.217,57.1
4069,1911-02-24 00:00:00,0.495920270893758,0.2858579927914694,0.7059825489960466,12.217,57.1
4070,1911-02-25 00:00:00,0.6465693632464238,0.4367552158941233,0.8563835105987242,12.217,57.1
4071,1911-02-26 00:00:00,0.2667996937442524,0.059362296767636,0.4742370907208687,12.217,57.1
4072,1911-02-27 00:00:00,0.1168816483627827,-0.0892305303126838,0.3229938270382493,12.217,57.1
4073,1911-02-28 00:00:00,0.0585566992977352,-0.1477766147654369,0.2648900133609074,12.217,57.1
4074,1911-03-01 00:00:00,0.3065274034742918,0.0984498566600034,0.5146049502885803,12.217,57.1
4075,1911-03-02 00:00:00,0.405864946586096,0.1981007236417404,0.6136291695304517,12.217,57.1
4076,1911-03-03 00:00:00,0.1610524316821246,-0.0463441515265551,0.3684490148908044,12.217,57.1
4077,1911-03-04 00:00:00,0.0690122190639685,-0.1376023699126238,0.2756268080405609,12.217,57.1
4078,1911-03-05 00:00:00,0.1982686011247157,-0.0073043711606345,0.403841573410066,12.217,57.1
4079,1911-03-06 00:00:00,0.0889884501989718,-0.1166132709476382,0.2945901713455819,12.217,57.1
4080,1911-03-07 00:00:00,0.0415627319453759,-0.1640668640175875,0.2471923279083394,12.217,57.1
4081,1911-03-08 00:00:00,-0.0117688496983348,-0.217226248589486,0.1936885491928164,12.217,57.1
4082,1911-03-09 00:00:00,0.036036515203441,-0.1694513542318348,0.2415243846387169,12.217,57.1
4083,1911-03-10 00:00:00,0.081025522349247,-0.1251214359672052,0.2871724806656994,12.217,57.1
4084,1911-03-11 00:00:00,0.1103555762389465,-0.0958712594531063,0.3165824119309993,12.217,57.1
4085,1911-03-12 00:00:00,0.1827103790953928,-0.0230390198379611,0.3884597780287468,12.217,57.1
4086,1911-03-13 00:00:00,0.240462189321637,0.0347884247394277,0.4461359539038463,12.217,57.1
4087,1911-03-14 00:00:00,0.160433621672678,-0.0459548955583938,0.3668221389037499,12.217,57.1
4088,1911-03-15 00:00:00,0.1894484248855067,-0.0183919268332346,0.3972887766042482,12.217,57.1
4089,1911-03-16 00:00:00,-0.0106087374361199,-0.2172659281607025,0.1960484532884625,12.217,57.1
4090,1911-03-17 00:00:00,0.0651427420669018,-0.1412192190781082,0.2715047032119119,12.217,57.1
4091,1911-03-18 00:00:00,-0.0972880705936052,-0.3030853423908241,0.1085092012036136,12.217,57.1
4092,1911-03-19 00:00:00,-0.0906457655754572,-0.2961405553512249,0.1148490242003105,12.217,57.1
4093,1911-03-20 00:00:00,-0.0610917210360392,-0.266694455209705,0.1445110131376265,12.217,57.1
4094,1911-03-21 00:00:00,-0.0176772012635972,-0.2234836932627981,0.1881292907356036,12.217,57.1
4095,1911-03-22 00:00:00,-0.0047557174391076,-0.2104028038052325,0.2008913689270172,12.217,57.1
4096,1911-03-23 00:00:00,-0.0371409364295122,-0.2427401150899065,0.168458242230882,12.217,57.1
4097,1911-03-24 00:00:00,-0.0406843577565836,-0.2462205532060455,0.1648518376928781,12.217,57.1
4098,1911-03-25 00:00:00,-0.0191144129548423,-0.2248658594849257,0.1866370335752411,12.217,57.1
4099,1911-03-26 00:00:00,-0.1002010194551161,-0.3061321035115913,0.105730064601359,12.217,57.1
4100,1911-03-27 00:00:00,-0.1000578449550966,-0.3060748534780232,0.1059591635678299,12.217,57.1
4101,1911-03-28 00:00:00,0.0227976719759656,-0.1830372052352965,0.2286325491872277,12.217,57.1
4102,1911-03-29 00:00:00,-0.0217047013630606,-0.2273072205951784,0.1838978178690572,12.217,57.1
4103,1911-03-30 00:00:00,0.0060770160023313,-0.1995699938578382,0.2117240258625008,12.217,57.1
4104,1911-03-31 00:00:00,0.0784784247829025,-0.1272170346560029,0.284173884221808,12.217,57.1
4105,1911-04-01 00:00:00,0.0171146696816346,-0.1887393593406638,0.2229686987039331,12.217,57.1
4106,1911-04-02 00:00:00,0.0615626615735472,-0.1442199424175593,0.2673452655646539,12.217,57.1
4107,1911-04-03 00:00:00,0.0698357911925101,-0.1360168993865838,0.275688481771604,12.217,57.1
4108,1911-04-04 00:00:00,0.1821200230062819,-0.0303509506607034,0.3945909966732673,12.217,57.1
4109,1911-04-05 00:00:00,-0.0800469886970745,-0.2880126218997561,0.1279186445056071,12.217,57.1
4110,1911-04-06 00:00:00,-0.1015302707255119,-0.3071380607462257,0.1040775192952017,12.217,57.1
4111,1911-04-07 00:00:00,-0.0604356254691274,-0.266229775665131,0.1453585247268762,12.217,57.1
4112,1911-04-08 00:00:00,-0.0424427161692181,-0.2479623477334027,0.1630769153949663,12.217,57.1
4113,1911-04-09 00:00:00,-0.0410199654539022,-0.2466954560394616,0.164655525131657,12.217,57.1
4114,1911-04-10 00:00:00,0.0581648963785971,-0.1475771784641485,0.2639069712213429,12.217,57.1
4115,1911-04-11 00:00:00,0.0669176075048095,-0.1404969215079006,0.2743321365175196,12.217,57.1
4116,1911-04-12 00:00:00,0.0318272699853086,-0.1742914594455917,0.237945999416209,12.217,57.1
4117,1911-04-13 00:00:00,0.1354877513693861,-0.0712684657499012,0.3422439684886735,12.217,57.1
4118,1911-04-14 00:00:00,-0.0234757139027486,-0.2312598261657517,0.1843083983602544,12.217,57.1
4119,1911-04-15 00:00:00,0.2362303935204386,0.0302748602986727,0.4421859267422044,12.217,57.1
4120,1911-04-16 00:00:00,0.283036314374452,0.0761908278262736,0.4898818009226304,12.217,57.1
4121,1911-04-17 00:00:00,0.2844477068141518,0.0782638258923996,0.490631587735904,12.217,57.1
4122,1911-04-18 00:00:00,0.1082303883763698,-0.0977138507390685,0.3141746274918083,12.217,57.1
4123,1911-04-19 00:00:00,0.1031459456958891,-0.1025445344011448,0.3088364257929232,12.217,57.1
4124,1911-04-20 00:00:00,0.0914277305105033,-0.1140374011687519,0.2968928621897585,12.217,57.1
4125,1911-04-21 00:00:00,0.0114649487251507,-0.1941903230786418,0.2171202205289433,12.217,57.1
4126,1911-04-22 00:00:00,0.0276579906691908,-0.1784574994605199,0.2337734807989017,12.217,57.1
4127,1911-04-23 00:00:00,0.2172424569501754,0.0114760158825897,0.4230088980177612,12.217,57.1
4128,1911-04-24 00:00:00,0.2050462634551273,-0.0010255151540322,0.4111180420642869,12.217,57.1
4129,1911-04-25 00:00:00,0.2816807665928981,0.0751559928772353,0.4882055403085608,12.217,57.1
4130,1911-04-26 00:00:00,0.1292463036706321,-0.0764631978084574,0.3349558051497217,12.217,57.1
4131,1911-04-27 00:00:00,0.132111683213485,-0.0738171435631589,0.3380405099901289,12.217,57.1
4132,1911-04-28 00:00:00,0.2038389145973095,-0.0019676190541268,0.4096454482487459,12.217,57.1
4133,1911-04-29 00:00:00,0.1975968942113715,-0.0082386739393701,0.4034324623621133,12.217,57.1
4134,1911-04-30 00:00:00,0.2188780721931707,0.012913735207925,0.4248424091784163,12.217,57.1
4135,1911-05-01 00:00:00,0.1726465253972737,-0.0332451614093174,0.3785382122038648,12.217,57.1
4136,1911-05-02 00:00:00,0.143300011799927,-0.0624565276137245,0.3490565512135785,12.217,57.1
4137,1911-05-03 00:00:00,0.0856010500327998,-0.1201203200128641,0.2913224200784637,12.217,57.1
4138,1911-05-04 00:00:00,0.1162394099926747,-0.0893984057118668,0.3218772256972163,12.217,57.1
4139,1911-05-05 00:00:00,0.0811824963206168,-0.1244544913394635,0.2868194839806972,12.217,57.1
4140,1911-05-06 00:00:00,0.0139114630601145,-0.1917292651285113,0.2195521912487405,12.217,57.1
4141,1911-05-07 00:00:00,-0.0279076328575108,-0.2335272340627712,0.1777119683477496,12.217,57.1
4142,1911-05-08 00:00:00,-0.0278991583071305,-0.2335338060861352,0.1777354894718741,12.217,57.1
4143,1911-05-09 00:00:00,-0.0358065515139179,-0.2414319994218241,0.1698188963939881,12.217,57.1
4144,1911-05-10 00:00:00,-0.0462608564545136,-0.2519116481291451,0.1593899352201177,12.217,57.1
4145,1911-05-11 00:00:00,-0.0459716201429989,-0.2515223655014844,0.1595791252154866,12.217,57.1
4146,1911-05-12 00:00:00,-0.0604992723461924,-0.2659928489263445,0.1449943042339597,12.217,57.1
4147,1911-05-13 00:00:00,0.0176451274982733,-0.1879064711229379,0.2231967261194846,12.217,57.1
4148,1911-05-14 00:00:00,0.078530881718245,-0.1270809171457729,0.2841426805822629,12.217,57.1
4149,1911-05-15 00:00:00,0.0303114302573098,-0.1753541797519908,0.2359770402666104,12.217,57.1
4150,1911-05-16 00:00:00,0.09874513210046,-0.1074711107389656,0.3049613749398857,12.217,57.1
4151,1911-05-17 00:00:00,0.0201210773672888,-0.1863313642009081,0.2265735189354857,12.217,57.1
4152,1911-05-18 00:00:00,0.0204800607890391,-0.1850585737201754,0.2260186952982537,12.217,57.1
4153,1911-05-19 00:00:00,0.0101624797326773,-0.1956588422305093,0.2159838016958639,12.217,57.1
4154,1911-05-20 00:00:00,-0.0333923818033325,-0.2391813530905755,0.1723965894839104,12.217,57.1
4155,1911-05-21 00:00:00,-0.0130136402760926,-0.2187548794259078,0.1927275988737225,12.217,57.1
4156,1911-05-22 00:00:00,0.0187821141233751,-0.186952476575389,0.2245167048221393,12.217,57.1
4157,1911-05-23 00:00:00,0.0709228856709569,-0.1346732127573939,0.2765189840993078,12.217,57.1
4158,1911-05-24 00:00:00,0.0670874333937963,-0.1384645609110003,0.272639427698593,12.217,57.1
4159,1911-05-25 00:00:00,0.0570122249455882,-0.1485184215316466,0.2625428714228232,12.217,57.1
4160,1911-05-26 00:00:00,0.0256580130207452,-0.1798754332744802,0.2311914593159708,12.217,57.1
4161,1911-05-27 00:00:00,-0.0331378677240706,-0.2386825862307417,0.1724068507826004,12.217,57.1
4162,1911-05-28 00:00:00,-0.0585238650221816,-0.2639765756426022,0.146928845598239,12.217,57.1
4163,1911-05-29 00:00:00,-0.0865829435471396,-0.2920136514239685,0.1188477643296891,12.217,57.1
4164,1911-05-30 00:00:00,-0.0787997486994006,-0.2842428417677583,0.1266433443689569,12.217,57.1
4165,1911-05-31 00:00:00,-0.058146720423045,-0.263645285329483,0.1473518444833929,12.217,57.1
4166,1911-06-01 00:00:00,-0.0479043041568021,-0.2533964099929298,0.1575878016793254,12.217,57.1
4167,1911-06-02 00:00:00,-0.0813747665969273,-0.2870248277205923,0.1242752945267376,12.217,57.1
4168,1911-06-03 00:00:00,-0.0502726383887204,-0.2557790132268017,0.1552337364493609,12.217,57.1
4169,1911-06-04 00:00:00,-0.0159502165512368,-0.2215567902745258,0.1896563571720521,12.217,57.1
4170,1911-06-05 00:00:00,-0.0387541504547685,-0.2442905779731471,0.16678227706361,12.217,57.1
4171,1911-06-06 00:00:00,-0.0265749163335025,-0.2320436133983732,0.1788937807313682,12.217,57.1
4172,1911-06-07 00:00:00,0.0389151566975042,-0.1670723218989345,0.2449026352939429,12.217,57.1
4173,1911-06-08 00:00:00,0.0970747735564983,-0.1087936308018235,0.3029431779148203,12.217,57.1
4174,1911-06-09 00:00:00,0.155528513411855,-0.0509842041782163,0.3620412310019264,12.217,57.1
4175,1911-06-10 00:00:00,0.1125452888259346,-0.094127385752181,0.3192179634040503,12.217,57.1
4176,1911-06-11 00:00:00,0.0833013376517933,-0.1237421847166265,0.2903448600202132,12.217,57.1
4177,1911-06-12 00:00:00,0.1511380015969593,-0.0548929738057744,0.3571689769996931,12.217,57.1
4178,1911-06-13 00:00:00,0.1313879193104039,-0.0742206661601091,0.336996504780917,12.217,57.1
4179,1911-06-14 00:00:00,0.0871447927158141,-0.1183376845242541,0.2926272699558825,12.217,57.1
4180,1911-06-15 00:00:00,-0.002575304942227,-0.2080804157522245,0.2029298058677704,12.217,57.1
4181,1911-06-16 00:00:00,0.0138591704199702,-0.1918441806454953,0.2195625214854358,12.217,57.1
4182,1911-06-17 00:00:00,0.0431651623538123,-0.1625532381772164,0.2488835628848411,12.217,57.1
4183,1911-06-18 00:00:00,0.09413769395228,-0.1114348498190573,0.2997102377236174,12.217,57.1
4184,1911-06-19 00:00:00,0.1127138340444766,-0.0929220714912967,0.31834973958025,12.217,57.1
4185,1911-06-20 00:00:00,0.1245180298090626,-0.081289208054032,0.3303252676721573,12.217,57.1
4186,1911-06-21 00:00:00,0.0474026985280314,-0.1580978762455508,0.2529032733016137,12.217,57.1
4187,1911-06-22 00:00:00,0.1407071021532292,-0.0648878756053822,0.3463020799118407,12.217,57.1
4188,1911-06-23 00:00:00,0.1098169121143193,-0.0958495097152753,0.315483333943914,12.217,57.1
4189,1911-06-24 00:00:00,0.0902889288034891,-0.1156808128474435,0.2962586704544216,12.217,57.1
4190,1911-06-25 00:00:00,0.1690810288522405,-0.0367362022416953,0.3748982599461765,12.217,57.1
4191,1911-06-26 00:00:00,0.0325778389857043,-0.1733155505304704,0.238471228501879,12.217,57.1
4192,1911-06-27 00:00:00,0.1424090003403775,-0.063306721498805,0.3481247221795601,12.217,57.1
4193,1911-06-28 00:00:00,0.1019436611760173,-0.1038694252802547,0.3077567476322893,12.217,57.1
4194,1911-06-29 00:00:00,0.1949847652758727,-0.0108360707626364,0.400805601314382,12.217,57.1
4195,1911-06-30 00:00:00,0.1220554641690159,-0.0841002014771934,0.3282111298152253,12.217,57.1
4196,1911-07-01 00:00:00,0.2418428982494724,0.0355372038925097,0.4481485926064352,12.217,57.1
4197,1911-07-02 00:00:00,0.2034745853773626,-0.002519050501098,0.4094682212558234,12.217,57.1
4198,1911-07-03 00:00:00,0.1319338303600953,-0.0740887822819592,0.3379564430021499,12.217,57.1
4199,1911-07-04 00:00:00,0.1319385727503159,-0.0741491270808556,0.3380262725814876,12.217,57.1
4200,1911-07-05 00:00:00,0.0129705097171054,-0.1929298676138402,0.2188708870480512,12.217,57.1
4201,1911-07-06 00:00:00,-0.0025352487061628,-0.2080535766065014,0.2029830791941757,12.217,57.1
4202,1911-07-07 00:00:00,0.0375083377454767,-0.1681692389772865,0.2431859144682401,12.217,57.1
4203,1911-07-08 00:00:00,0.0205788126882179,-0.1852479429534799,0.2264055683299158,12.217,57.1
4204,1911-07-09 00:00:00,0.0164072475781116,-0.1899020139124993,0.2227165090687227,12.217,57.1
4205,1911-07-10 00:00:00,0.022820803407712,-0.1844887475368271,0.2301303543522511,12.217,57.1
4206,1911-07-11 00:00:00,-0.0055216670536177,-0.2114596506186858,0.2004163165114503,12.217,57.1
4207,1911-07-12 00:00:00,0.0145935495899849,-0.1913392631426521,0.2205263623226221,12.217,57.1
4208,1911-07-13 00:00:00,-0.0024138066719838,-0.2082111501406949,0.2033835367967272,12.217,57.1
4209,1911-07-14 00:00:00,0.024716175641157,-0.1811317548664119,0.2305641061487259,12.217,57.1
4210,1911-07-15 00:00:00,0.1205142417056514,-0.0856949647594,0.3267234481707028,12.217,57.1
4211,1911-07-16 00:00:00,0.1447314986009041,-0.0621517538325072,0.3516147510343155,12.217,57.1
4212,1911-07-17 00:00:00,0.1628377533782777,-0.0431647435551542,0.3688402503117096,12.217,57.1
4213,1911-07-18 00:00:00,0.1999025739955335,-0.0057877002630076,0.4055928482540747,12.217,57.1
4214,1911-07-19 00:00:00,0.1433240172646411,-0.0622743246665367,0.3489223591958191,12.217,57.1
4215,1911-07-20 00:00:00,0.1409529444093465,-0.0646922369982165,0.3465981258169095,12.217,57.1
4216,1911-07-21 00:00:00,0.0617610031278851,-0.1437823129440586,0.267304319199829,12.217,57.1
4217,1911-07-22 00:00:00,0.0384702980131824,-0.1670369285402388,0.2439775245666036,12.217,57.1
4218,1911-07-23 00:00:00,0.070927838769783,-0.1346882440282207,0.2765439215677867,12.217,57.1
4219,1911-07-24 00:00:00,0.0361628836981024,-0.1699437360305609,0.2422695034267658,12.217,57.1
4220,1911-07-25 00:00:00,-0.0020539958788966,-0.2075421601986291,0.2034341684408358,12.217,57.1
4221,1911-07-26 00:00:00,0.0108593588529064,-0.1946810687628197,0.2163997864686326,12.217,57.1
4222,1911-07-27 00:00:00,0.0356262544913639,-0.1698222898997876,0.2410747988825154,12.217,57.1
4223,1911-07-28 00:00:00,-0.0151059224559342,-0.2208055944287853,0.1905937495169168,12.217,57.1
4224,1911-07-29 00:00:00,-0.0593763541722161,-0.2648748578470055,0.1461221495025731,12.217,57.1
4225,1911-07-30 00:00:00,-0.0573484887468494,-0.2628757025165327,0.1481787250228337,12.217,57.1
4226,1911-07-31 00:00:00,-0.0016865371116861,-0.2072158438854214,0.203842769662049,12.217,57.1
4227,1911-08-01 00:00:00,-0.008616526828307,-0.2141536541732899,0.1969206005166759,12.217,57.1
4228,1911-08-02 00:00:00,-0.0393511135565705,-0.2448813635093388,0.1661791363961978,12.217,57.1
4229,1911-08-03 00:00:00,-0.0098825099062512,-0.2153465761080835,0.195581556295581,12.217,57.1
4230,1911-08-04 00:00:00,0.053604326209663,-0.1518279826758271,0.2590366350951531,12.217,57.1
4231,1911-08-05 00:00:00,0.0462497038381685,-0.1592005070943394,0.2516999147706764,12.217,57.1
4232,1911-08-06 00:00:00,0.0539530490140068,-0.1514631235435248,0.2593692215715385,12.217,57.1
4233,1911-08-07 00:00:00,0.0601919278626693,-0.1455226914801686,0.2659065472055072,12.217,57.1
4234,1911-08-08 00:00:00,0.0487649605860897,-0.1568558685814693,0.2543857897536489,12.217,57.1
4235,1911-08-09 00:00:00,-0.0214035305518572,-0.2269074184723293,0.1841003573686148,12.217,57.1
4236,1911-08-10 00:00:00,-0.026507906709903,-0.231964754838436,0.17894894141863,12.217,57.1
4237,1911-08-11 00:00:00,-0.0141109804377057,-0.2195857462729019,0.1913637853974904,12.217,57.1
4238,1911-08-12 00:00:00,-0.0396749344460633,-0.2451235177473432,0.1657736488552166,12.217,57.1
4239,1911-08-13 00:00:00,-0.0484924915249869,-0.2539313519479178,0.1569463688979438,12.217,57.1
4240,1911-08-14 00:00:00,-0.0024188864860001,-0.2079026329075444,0.2030648599355442,12.217,57.1
4241,1911-08-15 00:00:00,0.0361848149718391,-0.169762766418047,0.2421323963617253,12.217,57.1
4242,1911-08-16 00:00:00,0.0713334226164799,-0.1348648167562173,0.2775316619891772,12.217,57.1
4243,1911-08-17 00:00:00,0.1062086322361868,-0.1004131313646644,0.3128303958370381,12.217,57.1
4244,1911-08-18 00:00:00,0.1131972298591826,-0.0926663956950989,0.3190608554134641,12.217,57.1
4245,1911-08-19 00:00:00,0.1656147251352423,-0.0403623165420286,0.3715917668125133,12.217,57.1
4246,1911-08-20 00:00:00,0.1085736172918117,-0.0972519442463147,0.3143991788299382,12.217,57.1
4247,1911-08-21 00:00:00,0.0618427167626696,-0.1436655731574486,0.2673510066827879,12.217,57.1
4248,1911-08-22 00:00:00,0.0946508363763767,-0.1108325868065661,0.3001342595593197,12.217,57.1
4249,1911-08-23 00:00:00,0.0876834932634696,-0.118040026881245,0.2934070134081844,12.217,57.1
4250,1911-08-24 00:00:00,0.0104277550229865,-0.1951747152773332,0.2160302253233062,12.217,57.1
4251,1911-08-25 00:00:00,0.059714808659803,-0.1457649382245484,0.2651945555441545,12.217,57.1
4252,1911-08-26 00:00:00,0.1060736624069987,-0.0995322480661268,0.3116795728801242,12.217,57.1
4253,1911-08-27 00:00:00,0.1176105403685972,-0.0880159544772364,0.3232370352144308,12.217,57.1
4254,1911-08-28 00:00:00,0.1452432466264834,-0.0604378992059153,0.3509243924588822,12.217,57.1
4255,1911-08-29 00:00:00,0.0992051041629829,-0.1064115506760512,0.3048217590020171,12.217,57.1
4256,1911-08-30 00:00:00,0.2316351005957411,0.0260048710521356,0.4372653301393467,12.217,57.1
4257,1911-08-31 00:00:00,0.1734344938646425,-0.0324648239348458,0.3793338116641308,12.217,57.1
4258,1911-09-01 00:00:00,0.0966196174057474,-0.1091708218021512,0.302410056613646,12.217,57.1
4259,1911-09-02 00:00:00,0.1431663185254326,-0.0624192808368862,0.3487519178877515,12.217,57.1
4260,1911-09-03 00:00:00,0.0819565299524617,-0.1236418633359506,0.2875549232408742,12.217,57.1
4261,1911-09-04 00:00:00,0.1587496801967957,-0.047006659856709,0.3645060202503005,12.217,57.1
4262,1911-09-05 00:00:00,0.0663285832237274,-0.1394645290309887,0.2721216954784436,12.217,57.1
4263,1911-09-06 00:00:00,0.1119633585732678,-0.0936355280656727,0.3175622452122084,12.217,57.1
4264,1911-09-07 00:00:00,0.1728077895210152,-0.0330933601908102,0.3787089392328406,12.217,57.1
4265,1911-09-08 00:00:00,0.1338213971275097,-0.0719907439288504,0.3396335381838699,12.217,57.1
4266,1911-09-09 00:00:00,0.1541692683774834,-0.0515142093095176,0.3598527460644845,12.217,57.1
4267,1911-09-10 00:00:00,0.117824132932846,-0.0884361399992971,0.3240844058649893,12.217,57.1
4268,1911-09-11 00:00:00,0.0139356560858251,-0.1920231982181109,0.2198945103897611,12.217,57.1
4269,1911-09-12 00:00:00,0.0228687490835742,-0.1825558280388185,0.228293326205967,12.217,57.1
4270,1911-09-13 00:00:00,0.0779428254784174,-0.1275339111334497,0.2834195620902846,12.217,57.1
4271,1911-09-14 00:00:00,0.1059202172553237,-0.0998887278566902,0.3117291623673378,12.217,57.1
4272,1911-09-15 00:00:00,0.1435476871791592,-0.0623834229000865,0.3494787972584049,12.217,57.1
4273,1911-09-16 00:00:00,0.0457938587595746,-0.1598590837900689,0.2514468013092182,12.217,57.1
4274,1911-09-17 00:00:00,-0.0178392409095198,-0.2233013545381035,0.1876228727190637,12.217,57.1
4275,1911-09-18 00:00:00,0.0148515153732025,-0.1906073731414098,0.2203104038878149,12.217,57.1
4276,1911-09-19 00:00:00,0.1338859756880662,-0.0717605581141084,0.3395325094902409,12.217,57.1
4277,1911-09-20 00:00:00,0.1726787536959603,-0.0328733719311947,0.3782308793231154,12.217,57.1
4278,1911-09-21 00:00:00,0.1866154952477706,-0.0191229665658387,0.3923539570613799,12.217,57.1
4279,1911-09-22 00:00:00,0.2043219177363043,-0.00185001084238,0.4104938463149886,12.217,57.1
4280,1911-09-23 00:00:00,0.0505867142828953,-0.1552509983200003,0.256424426885791,12.217,57.1
4281,1911-09-24 00:00:00,0.0097220005903608,-0.1958886989587006,0.2153327001394222,12.217,57.1
4282,1911-09-25 00:00:00,0.0593057919013486,-0.146255724189944,0.2648673079926413,12.217,57.1
4283,1911-09-26 00:00:00,0.0137546232334028,-0.1917560637057175,0.2192653101725231,12.217,57.1
4284,1911-09-27 00:00:00,0.1204871741502293,-0.0853284167130779,0.3263027650135367,12.217,57.1
4285,1911-09-28 00:00:00,0.0942381672120651,-0.1118131751573761,0.3002895095815064,12.217,57.1
4286,1911-09-29 00:00:00,0.1695825207090374,-0.0361174192224259,0.3752824606405007,12.217,57.1
4287,1911-09-30 00:00:00,0.1070323911672723,-0.0985482388152178,0.3126130211497626,12.217,57.1
4288,1911-10-01 00:00:00,0.0340842717930968,-0.1716397510370217,0.2398082946232154,12.217,57.1
4289,1911-10-02 00:00:00,-0.0298400307332895,-0.2362114528567476,0.1765313913901685,12.217,57.1
4290,1911-10-03 00:00:00,0.0112886026971275,-0.1970383591191649,0.21961556451342,12.217,57.1
4291,1911-10-04 00:00:00,0.1675857276782425,-0.0448662242773285,0.3800376796338136,12.217,57.1
4292,1911-10-05 00:00:00,0.0193051543508152,-0.1883766452302189,0.2269869539318493,12.217,57.1
4293,1911-10-06 00:00:00,-0.0394090486973757,-0.244898496092155,0.1660803986974036,12.217,57.1
4294,1911-10-07 00:00:00,-0.0486460774802779,-0.2542143301251561,0.1569221751646002,12.217,57.1
4295,1911-10-08 00:00:00,0.0283817572323875,-0.1773276203026306,0.2340911347674057,12.217,57.1
4296,1911-10-09 00:00:00,0.1015774314630008,-0.1045956053408561,0.3077504682668579,12.217,57.1
4297,1911-10-10 00:00:00,0.0335487805210617,-0.1727673660275872,0.2398649270697108,12.217,57.1
4298,1911-10-11 00:00:00,0.020635914148171,-0.1855331334147804,0.2268049617111224,12.217,57.1
4299,1911-10-12 00:00:00,0.0247104736930104,-0.1821185930473135,0.2315395404333344,12.217,57.1
4300,1911-10-13 00:00:00,0.0295693951038794,-0.1759877642665668,0.2351265544743257,12.217,57.1
4301,1911-10-14 00:00:00,-0.0041514197464411,-0.2096152291462916,0.2013123896534094,12.217,57.1
4302,1911-10-15 00:00:00,-0.0913562640650568,-0.2973098918225371,0.1145973636924234,12.217,57.1
4303,1911-10-16 00:00:00,-0.1083788277024936,-0.3145217549729074,0.0977640995679202,12.217,57.1
4304,1911-10-17 00:00:00,-0.1123455859055166,-0.3182692383696852,0.0935780665586519,12.217,57.1
4305,1911-10-18 00:00:00,-0.0762287036699813,-0.2819645101934944,0.1295071028535317,12.217,57.1
4306,1911-10-19 00:00:00,-0.0221632882785129,-0.2277812764349341,0.1834546998779082,12.217,57.1
4307,1911-10-20 00:00:00,0.013592694895788,-0.1919546646224208,0.2191400544139969,12.217,57.1
4308,1911-10-21 00:00:00,0.0228974887072253,-0.1826795532588289,0.2284745306732796,12.217,57.1
4309,1911-10-22 00:00:00,0.1311789358833635,-0.0744122054377255,0.3367700772044525,12.217,57.1
4310,1911-10-23 00:00:00,0.3155104027428158,0.1089443466465758,0.5220764588390558,12.217,57.1
4311,1911-10-24 00:00:00,0.4055117353684648,0.1980188907892744,0.6130045799476553,12.217,57.1
4312,1911-10-25 00:00:00,0.1755363215105664,-0.0306489959784483,0.3817216389995811,12.217,57.1
4313,1911-10-26 00:00:00,0.3186819170942799,0.1108471847131128,0.526516649475447,12.217,57.1
4314,1911-10-27 00:00:00,0.2700579471188756,0.0628133124148949,0.4773025818228562,12.217,57.1
4315,1911-10-28 00:00:00,0.1405800116014256,-0.066073934103007,0.3472339573058582,12.217,57.1
4316,1911-10-29 00:00:00,-0.0086534167795929,-0.2147956009649296,0.1974887674057437,12.217,57.1
4317,1911-10-30 00:00:00,-0.0369032409826979,-0.2425376119514576,0.1687311299860616,12.217,57.1
4318,1911-10-31 00:00:00,0.2429821461572097,0.0346752075895806,0.4512890847248387,12.217,57.1
4319,1911-11-01 00:00:00,0.3296964509126011,0.1205437513355787,0.5388491504896235,12.217,57.1
4320,1911-11-02 00:00:00,0.313125342019818,0.106464668425393,0.5197860156142431,12.217,57.1
4321,1911-11-03 00:00:00,0.2352555326815033,0.028723174041107,0.4417878913218995,12.217,57.1
4322,1911-11-04 00:00:00,0.2087428547246639,0.0019634676312154,0.4155222418181123,12.217,57.1
4323,1911-11-05 00:00:00,0.4249709005705001,0.2173678680841095,0.6325739330568907,12.217,57.1
4324,1911-11-06 00:00:00,0.7963030473166606,0.586570719527114,1.0060353751062072,12.217,57.1
4325,1911-11-07 00:00:00,0.5948529737523235,0.3836394012326474,0.8060665462719996,12.217,57.1
4326,1911-11-08 00:00:00,0.329858070720087,0.1232930067917776,0.5364231346483964,12.217,57.1
4327,1911-11-09 00:00:00,0.2403774001885747,0.0330366756826278,0.4477181246945216,12.217,57.1
4328,1911-11-10 00:00:00,0.2405538008103029,0.0336152448677806,0.4474923567528251,12.217,57.1
4329,1911-11-11 00:00:00,0.0854858924634704,-0.1201479446053259,0.2911197295322669,12.217,57.1
4330,1911-11-12 00:00:00,0.0712677717012911,-0.1344403242367178,0.2769758676393001,12.217,57.1
4331,1911-11-13 00:00:00,0.0710078501256251,-0.1353989928217719,0.2774146930730223,12.217,57.1
4332,1911-11-14 00:00:00,0.1076454550423915,-0.0990803928710006,0.3143713029557837,12.217,57.1
4333,1911-11-15 00:00:00,0.0922758877599469,-0.1137133670463691,0.2982651425662631,12.217,57.1
4334,1911-11-16 00:00:00,0.1887211393908074,-0.0173741825098533,0.3948164612914682,12.217,57.1
4335,1911-11-17 00:00:00,0.3273429699629204,0.1208093278071358,0.5338766121187051,12.217,57.1
4336,1911-11-18 00:00:00,0.2499361247725074,0.0437658314380351,0.4561064181069797,12.217,57.1
4337,1911-11-19 00:00:00,0.2141986758450987,0.0082962322553672,0.4201011194348303,12.217,57.1
4338,1911-11-20 00:00:00,0.1545795754877487,-0.0513019409282949,0.3604610919037924,12.217,57.1
4339,1911-11-21 00:00:00,0.1226345355400543,-0.0839570163741902,0.329226087454299,12.217,57.1
4340,1911-11-22 00:00:00,0.1075005768299694,-0.0990234705240723,0.3140246241840113,12.217,57.1
4341,1911-11-23 00:00:00,0.023780545536308,-0.1820564364606924,0.2296175275333085,12.217,57.1
4342,1911-11-24 00:00:00,-0.0542535076698491,-0.2599370120457097,0.1514299967060114,12.217,57.1
4343,1911-11-25 00:00:00,-0.0878161351057922,-0.2934705979941752,0.1178383277825907,12.217,57.1
4344,1911-11-26 00:00:00,-0.1408069460349125,-0.3470539945760548,0.0654401025062296,12.217,57.1
4345,1911-11-27 00:00:00,-0.1505620479041873,-0.3569231007603807,0.0557990049520061,12.217,57.1
4346,1911-11-28 00:00:00,-0.0001205222272819,-0.2062613445803923,0.2060203001258284,12.217,57.1
4347,1911-11-29 00:00:00,0.0367336518794996,-0.169192492026582,0.2426597957855812,12.217,57.1
4348,1911-11-30 00:00:00,0.011180159071282,-0.1944213068435691,0.2167816249861331,12.217,57.1
4349,1911-12-01 00:00:00,-0.0725093993201902,-0.2781359219294992,0.1331171232891188,12.217,57.1
4350,1911-12-02 00:00:00,-0.0046967131872546,-0.2101789351397329,0.2007855087652236,12.217,57.1
4351,1911-12-03 00:00:00,0.0023451173755789,-0.2032655168826493,0.2079557516338073,12.217,57.1
4352,1911-12-04 00:00:00,0.0761424747646324,-0.129631810463477,0.2819167599927419,12.217,57.1
4353,1911-12-05 00:00:00,0.080493315357512,-0.1253531596110225,0.2863397903260467,12.217,57.1
4354,1911-12-06 00:00:00,0.0727072136503935,-0.1330311246147957,0.2784455519155829,12.217,57.1
4355,1911-12-07 00:00:00,0.054654441597119,-0.1512003688823562,0.2605092520765943,12.217,57.1
4356,1911-12-08 00:00:00,0.139520939024485,-0.066526903838522,0.3455687818874921,12.217,57.1
4357,1911-12-09 00:00:00,0.1612083894756375,-0.0446013729001906,0.3670181518514657,12.217,57.1
4358,1911-12-10 00:00:00,0.0944089576906589,-0.1112560533762112,0.3000739687575292,12.217,57.1
4359,1911-12-11 00:00:00,0.1314669449727756,-0.0743117295328323,0.3372456194783836,12.217,57.1
4360,1911-12-12 00:00:00,0.2682632197280212,0.0619799268404084,0.474546512615634,12.217,57.1
4361,1911-12-13 00:00:00,0.0632950988634975,-0.1426722968959768,0.2692624946229718,12.217,57.1
4362,1911-12-14 00:00:00,0.0022364223026359,-0.2033712648373077,0.2078441094425796,12.217,57.1
4363,1911-12-15 00:00:00,0.0252167691936994,-0.1803646892673938,0.2307982276547927,12.217,57.1
4364,1911-12-16 00:00:00,0.0349159158598736,-0.1707592328359331,0.2405910645556803,12.217,57.1
4365,1911-12-17 00:00:00,0.0539334732821074,-0.1519105877840872,0.2597775343483021,12.217,57.1
4366,1911-12-18 00:00:00,0.1166471047726912,-0.0891712207780983,0.3224654303234807,12.217,57.1
4367,1911-12-19 00:00:00,0.1152700071729971,-0.0906715269648556,0.32121154131085,12.217,57.1
4368,1911-12-20 00:00:00,0.2104232070064667,0.0045910953393279,0.4162553186736054,12.217,57.1
4369,1911-12-21 00:00:00,0.2494409837898237,0.0433933089513813,0.4554886586282662,12.217,57.1
4370,1911-12-22 00:00:00,0.1011510586310684,-0.1052029099172482,0.307505027179385,12.217,57.1
4371,1911-12-23 00:00:00,0.0769541781613858,-0.1288481430605704,0.2827564993833422,12.217,57.1
4372,1911-12-24 00:00:00,0.0574937323373269,-0.1482579806050479,0.2632454452797018,12.217,57.1
4373,1911-12-25 00:00:00,0.258350398523884,0.0520343271647084,0.4646664698830596,12.217,57.1
4374,1911-12-26 00:00:00,0.1575331858587714,-0.0491613503117714,0.3642277220293142,12.217,57.1
4375,1911-12-27 00:00:00,0.071916083496324,-0.1336909798975524,0.2775231468902005,12.217,57.1
4376,1911-12-28 00:00:00,-0.0312262010688004,-0.2371152365164345,0.1746628343788336,12.217,57.1
4377,1911-12-29 00:00:00,0.0796611873669438,-0.1260838110045813,0.285406185738469,12.217,57.1
4378,1911-12-30 00:00:00,-0.0478980997468066,-0.2538609747625382,0.1580647752689248,12.217,57.1
4379,1911-12-31 00:00:00,0.1006013648945667,-0.1053299770557126,0.306532706844846,12.217,57.1
4380,1912-01-01 00:00:00,0.0650241482304707,-0.1408689224568314,0.2709172189177728,12.217,57.1
4381,1912-01-02 00:00:00,0.1982260808697729,-0.0076355822665943,0.4040877440061401,12.217,57.1
4382,1912-01-03 00:00:00,0.237119140411629,0.0310406469354923,0.4431976338877658,12.217,57.1
4383,1912-01-04 00:00:00,0.2034473816067508,-0.0033938492631873,0.4102886124766891,12.217,57.1
4384,1912-01-05 00:00:00,0.0392262448991757,-0.1671158433099318,0.2455683331082832,12.217,57.1
4385,1912-01-06 00:00:00,0.1380271701896215,-0.068276080397838,0.3443304207770811,12.217,57.1
4386,1912-01-07 00:00:00,0.1930722806878897,-0.0138403750359987,0.3999849364117783,12.217,57.1
4387,1912-01-08 00:00:00,0.0562986979301902,-0.1539151708808405,0.266512566741221,12.217,57.1
4388,1912-01-09 00:00:00,-0.0311821029175909,-0.2373843047326769,0.1750200988974951,12.217,57.1
4389,1912-01-10 00:00:00,0.1906066982501338,-0.015793816160181,0.3970072126604487,12.217,57.1
4390,1912-01-11 00:00:00,-0.060813026500613,-0.2669026156211471,0.1452765626199211,12.217,57.1
4391,1912-01-12 00:00:00,0.0242486334571023,-0.1820352106287212,0.230532477542926,12.217,57.1
4392,1912-01-13 00:00:00,0.0353130071132424,-0.1709560593245673,0.2415820735510522,12.217,57.1
4393,1912-01-14 00:00:00,-0.0248692210228961,-0.2311464233465394,0.1814079813007471,12.217,57.1
4394,1912-01-15 00:00:00,-0.0166900238722285,-0.2230549484440052,0.189674900699548,12.217,57.1
4395,1912-01-16 00:00:00,-0.0492048648318284,-0.2552581493009804,0.1568484196373235,12.217,57.1
4396,1912-01-17 00:00:00,-0.1498437728982795,-0.3557979505320088,0.0561104047354497,12.217,57.1
4397,1912-01-18 00:00:00,-0.2053343015329096,-0.4115518795900934,0.0008832765242741,12.217,57.1
4398,1912-01-19 00:00:00,-0.1495070425727468,-0.3560691701078495,0.0570550849623558,12.217,57.1
4399,1912-01-20 00:00:00,-0.0300067616193425,-0.2364719649567305,0.1764584417180454,12.217,57.1
4400,1912-01-21 00:00:00,-0.0209626235517047,-0.2267517107257913,0.1848264636223818,12.217,57.1
4401,1912-01-22 00:00:00,0.0079403959091658,-0.1976564146024919,0.2135372064208236,12.217,57.1
4402,1912-01-23 00:00:00,0.0479023029619165,-0.1576571495022278,0.253461755426061,12.217,57.1
4403,1912-01-24 00:00:00,-0.0025296846568716,-0.2081287810549891,0.2030694117412459,12.217,57.1
4404,1912-01-25 00:00:00,0.0746930160475373,-0.1308904568724682,0.280276488967543,12.217,57.1
4405,1912-01-26 00:00:00,0.0403584199065144,-0.1652138147444244,0.2459306545574533,12.217,57.1
4406,1912-01-27 00:00:00,-0.0674920615390594,-0.2735865264417244,0.1386024033636054,12.217,57.1
4407,1912-01-28 00:00:00,-0.0175516755846753,-0.2237233447065045,0.1886199935371537,12.217,57.1
4408,1912-01-29 00:00:00,0.0452933720168265,-0.1602843953620556,0.2508711393957087,12.217,57.1
4409,1912-01-30 00:00:00,-0.0188782143104778,-0.2246644331291463,0.1869080045081907,12.217,57.1
4410,1912-01-31 00:00:00,0.1553383462580488,-0.0506838477811567,0.3613605402972545,12.217,57.1
4411,1912-02-01 00:00:00,0.1210400316527427,-0.0859959009998427,0.3280759643053282,12.217,57.1
4412,1912-02-02 00:00:00,0.067614360160544,-0.138488263769714,0.273716984090802,12.217,57.1
4413,1912-02-03 00:00:00,0.0346941917745446,-0.1713488276862371,0.2407372112353264,12.217,57.1
4414,1912-02-04 00:00:00,0.0281524861794701,-0.1780742899974229,0.2343792623563632,12.217,57.1
4415,1912-02-05 00:00:00,0.2543271351164456,0.047708446996534,0.4609458232363572,12.217,57.1
4416,1912-02-06 00:00:00,0.1254128542564083,-0.0811270803990882,0.331952788911905,12.217,57.1
4417,1912-02-07 00:00:00,0.1596185625933697,-0.0461016551286605,0.3653387803154,12.217,57.1
4418,1912-02-08 00:00:00,0.074313278251783,-0.1316069377047477,0.2802334942083139,12.217,57.1
4419,1912-02-09 00:00:00,0.13611085082351,-0.0695316770449506,0.3417533786919707,12.217,57.1
4420,1912-02-10 00:00:00,0.1142982828377283,-0.0913266758054236,0.3199232414808804,12.217,57.1
4421,1912-02-11 00:00:00,0.0310283154402357,-0.1744805728389219,0.2365372037193934,12.217,57.1
4422,1912-02-12 00:00:00,0.0206767254286475,-0.1848057573268013,0.2261592081840963,12.217,57.1
4423,1912-02-13 00:00:00,-0.0148006360377793,-0.2206878264921187,0.1910865544165599,12.217,57.1
4424,1912-02-14 00:00:00,-0.0184623586694193,-0.2240961849787889,0.1871714676399503,12.217,57.1
4425,1912-02-15 00:00:00,-0.0343931616365795,-0.2400483804014495,0.1712620571282904,12.217,57.1
4426,1912-02-16 00:00:00,-0.0127494654162814,-0.2182308097689068,0.1927318789363438,12.217,57.1
4427,1912-02-17 00:00:00,0.0469711020253683,-0.1584746369616176,0.2524168410123544,12.217,57.1
4428,1912-02-18 00:00:00,0.0949681394383495,-0.1106288522852122,0.3005651311619113,12.217,57.1
4429,1912-02-19 00:00:00,0.0654240476419101,-0.1400770279577818,0.2709251232416022,12.217,57.1
4430,1912-02-20 00:00:00,0.1282959214398443,-0.077321579301388,0.3339134221810768,12.217,57.1
4431,1912-02-21 00:00:00,0.1434807226282504,-0.0630164916255457,0.3499779368820466,12.217,57.1
4432,1912-02-22 00:00:00,-0.0785331390696737,-0.2849740150367972,0.1279077368974497,12.217,57.1
4433,1912-02-23 00:00:00,-0.0122465507059741,-0.2180071866203695,0.1935140852084212,12.217,57.1
4434,1912-02-24 00:00:00,0.1685259008862394,-0.0380077395054289,0.3750595412779077,12.217,57.1
4435,1912-02-25 00:00:00,-0.0122356025423315,-0.218453463531991,0.1939822584473279,12.217,57.1
4436,1912-02-26 00:00:00,0.1134872340707541,-0.0919895234373482,0.3189639915788564,12.217,57.1
4437,1912-02-27 00:00:00,0.1542978586544595,-0.0511902977481933,0.3597860150571123,12.217,57.1
4438,1912-02-28 00:00:00,0.2592882505613464,0.0534441167103586,0.4651323844123342,12.217,57.1
4439,1912-02-29 00:00:00,0.1277412851152302,-0.0782142692293053,0.3336968394597658,12.217,57.1
4440,1912-03-01 00:00:00,0.2148332444203982,0.0089132068676896,0.4207532819731068,12.217,57.1
4441,1912-03-02 00:00:00,0.2170221915732454,0.0109248522891604,0.4231195308573304,12.217,57.1
4442,1912-03-03 00:00:00,0.2595959587770522,0.0531396147789591,0.4660523027751454,12.217,57.1
4443,1912-03-04 00:00:00,0.249478126912916,0.0435300006636946,0.4554262531621375,12.217,57.1
4444,1912-03-05 00:00:00,0.2017761724243744,-0.0046593185450793,0.4082116633938282,12.217,57.1
4445,1912-03-06 00:00:00,0.2830842889475822,0.0765514636629253,0.489617114232239,12.217,57.1
4446,1912-03-07 00:00:00,0.2172381302432271,0.0112208599009449,0.4232554005855093,12.217,57.1
4447,1912-03-08 00:00:00,0.0972305699581227,-0.1083340693886656,0.3027952093049111,12.217,57.1
4448,1912-03-09 00:00:00,0.1038250010734594,-0.1016562521976141,0.3093062543445332,12.217,57.1
4449,1912-03-10 00:00:00,0.0739227567422791,-0.1315810299928417,0.2794265434774001,12.217,57.1
4450,1912-03-11 00:00:00,-0.0470389369572988,-0.2527549390493016,0.1586770651347039,12.217,57.1
4451,1912-03-12 00:00:00,-0.0603479340678863,-0.2660727388023504,0.1453768706665777,12.217,57.1
4452,1912-03-13 00:00:00,-0.0523922860505476,-0.2580315631482596,0.1532469910471643,12.217,57.1
4453,1912-03-14 00:00:00,0.0923025039992175,-0.113359866307902,0.2979648743063371,12.217,57.1
4454,1912-03-15 00:00:00,0.0492114979356366,-0.1563618393271408,0.2547848351984141,12.217,57.1
4455,1912-03-16 00:00:00,0.0950552782865121,-0.1107413544787654,0.3008519110517896,12.217,57.1
4456,1912-03-17 00:00:00,0.0747114829737743,-0.1313657606085602,0.280788726556109,12.217,57.1
4457,1912-03-18 00:00:00,0.1473445798295121,-0.0596272436512865,0.3543164033103107,12.217,57.1
4458,1912-03-19 00:00:00,0.0759576073849376,-0.1304428608961166,0.2823580756659919,12.217,57.1
4459,1912-03-20 00:00:00,0.2514354585974424,0.0446080105462181,0.4582629066486667,12.217,57.1
4460,1912-03-21 00:00:00,0.0821370384892425,-0.124246129296433,0.2885202062749182,12.217,57.1
4461,1912-03-22 00:00:00,0.1179706339050156,-0.0877342169388935,0.3236754847489249,12.217,57.1
4462,1912-03-23 00:00:00,0.2084657750652282,0.0023094270630973,0.414622123067359,12.217,57.1
4463,1912-03-24 00:00:00,0.1334750348517295,-0.0723674836000492,0.3393175533035082,12.217,57.1
4464,1912-03-25 00:00:00,0.100017854931388,-0.1058416351964541,0.3058773450592302,12.217,57.1
4465,1912-03-26 00:00:00,0.0454059127204661,-0.1602969030729891,0.2511087285139214,12.217,57.1
4466,1912-03-27 00:00:00,0.106167782837021,-0.0992886707978479,0.3116242364718899,12.217,57.1
4467,1912-03-28 00:00:00,0.4381454138659149,0.2318825438025464,0.6444082839292834,12.217,57.1
4468,1912-03-29 00:00:00,0.2442285137980165,0.0376866669394176,0.4507703606566153,12.217,57.1
4469,1912-03-30 00:00:00,0.3148091531325722,0.1083544051619234,0.5212639011032209,12.217,57.1
4470,1912-03-31 00:00:00,0.2288082430437563,0.0225685204620317,0.4350479656254808,12.217,57.1
4471,1912-04-01 00:00:00,0.1594537691531871,-0.046343239673845,0.3652507779802194,12.217,57.1
4472,1912-04-02 00:00:00,0.0084892686423091,-0.1977192848552439,0.2146978221398623,12.217,57.1
4473,1912-04-03 00:00:00,-0.0047088187346716,-0.2117356165596368,0.2023179790902934,12.217,57.1
4474,1912-04-04 00:00:00,0.0021003080210482,-0.2035642847474075,0.2077649007895041,12.217,57.1
4475,1912-04-05 00:00:00,0.3326615801048639,0.1259453752886478,0.5393777849210801,12.217,57.1
4476,1912-04-06 00:00:00,0.3835718234144627,0.1765532251772879,0.5905904216516374,12.217,57.1
4477,1912-04-07 00:00:00,0.1992018987825462,-0.0070547127375402,0.4054585103026327,12.217,57.1
4478,1912-04-08 00:00:00,0.1752743382184211,-0.0314018823921048,0.381950558828947,12.217,57.1
4479,1912-04-09 00:00:00,0.3997505943071841,0.1910616469853205,0.6084395416290477,12.217,57.1
4480,1912-04-10 00:00:00,0.1264601209602842,-0.0830061760549877,0.3359264179755563,12.217,57.1
4481,1912-04-11 00:00:00,0.0601808688691762,-0.1459479610857894,0.2663096988241419,12.217,57.1
4482,1912-04-12 00:00:00,0.0327890578209115,-0.173118021875433,0.2386961375172562,12.217,57.1
4483,1912-04-13 00:00:00,-0.0191005713264021,-0.2256508417496671,0.1874496990968628,12.217,57.1
4484,1912-04-14 00:00:00,-0.0169253206740837,-0.2225704586563905,0.1887198173082229,12.217,57.1
4485,1912-04-15 00:00:00,-0.0226142165386454,-0.2281946452168615,0.1829662121395706,12.217,57.1
4486,1912-04-16 00:00:00,-0.0263814633773176,-0.232101462213798,0.1793385354591626,12.217,57.1
4487,1912-04-17 00:00:00,-0.0098497605508716,-0.2156119013027707,0.1959123802010274,12.217,57.1
4488,1912-04-18 00:00:00,-0.0099170536740836,-0.2154938803371911,0.1956597729890238,12.217,57.1
4489,1912-04-19 00:00:00,0.0119805987659466,-0.1935424389735762,0.2175036365054695,12.217,57.1
4490,1912-04-20 00:00:00,-0.0312158688903549,-0.236689982367705,0.1742582445869951,12.217,57.1
4491,1912-04-21 00:00:00,-0.0750570756851586,-0.2805772102019136,0.1304630588315962,12.217,57.1
4492,1912-04-22 00:00:00,-0.1121238202974232,-0.3176542317019966,0.0934065911071502,12.217,57.1
4493,1912-04-23 00:00:00,-0.1068677579979934,-0.3124001316423938,0.0986646156464068,12.217,57.1
4494,1912-04-24 00:00:00,-0.1013029891770312,-0.3068718246333388,0.1042658462792764,12.217,57.1
4495,1912-04-25 00:00:00,-0.0588081408082941,-0.2643349043505598,0.1467186227339714,12.217,57.1
4496,1912-04-26 00:00:00,-0.0257921606674396,-0.2313496046983654,0.179765283363486,12.217,57.1
4497,1912-04-27 00:00:00,0.0569141405248876,-0.1486437391882274,0.2624720202380028,12.217,57.1
4498,1912-04-28 00:00:00,0.0503472965914128,-0.1554193438171977,0.2561139370000233,12.217,57.1
4499,1912-04-29 00:00:00,0.0070029390294317,-0.1985482529073076,0.2125541309661711,12.217,57.1
4500,1912-04-30 00:00:00,-0.018905485119726,-0.2244736980253321,0.18666272778588,12.217,57.1
4501,1912-05-01 00:00:00,-0.0189129661457432,-0.2244203950952544,0.186594462803768,12.217,57.1
4502,1912-05-02 00:00:00,0.0390813303299796,-0.1663527486689276,0.244515409328887,12.217,57.1
4503,1912-05-03 00:00:00,0.1365719855062436,-0.0689373309031418,0.3420813019156291,12.217,57.1
4504,1912-05-04 00:00:00,0.1925991331214951,-0.0132210448133155,0.3984193110563059,12.217,57.1
4505,1912-05-05 00:00:00,0.1326286322447319,-0.0736850932465121,0.338942357735976,12.217,57.1
4506,1912-05-06 00:00:00,0.0150435208773041,-0.1905424199472082,0.2206294617018166,12.217,57.1
4507,1912-05-07 00:00:00,-0.0017316693339659,-0.2071725077466638,0.2037091690787319,12.217,57.1
4508,1912-05-08 00:00:00,-0.0078385141168881,-0.2133596345758068,0.1976826063420305,12.217,57.1
4509,1912-05-09 00:00:00,0.0201797916210132,-0.1854502642100502,0.2258098474520767,12.217,57.1
4510,1912-05-10 00:00:00,0.1065017543854723,-0.0994508565967294,0.3124543653676741,12.217,57.1
4511,1912-05-11 00:00:00,0.1646904322773988,-0.0416230622765748,0.3710039268313725,12.217,57.1
4512,1912-05-12 00:00:00,0.1296768587697807,-0.0761408106008807,0.3354945281404423,12.217,57.1
4513,1912-05-13 00:00:00,0.3376632445781091,0.1309789021548359,0.5443475870013823,12.217,57.1
4514,1912-05-14 00:00:00,0.3092922282986741,0.1010906268706196,0.5174938297267286,12.217,57.1
4515,1912-05-15 00:00:00,0.1581292319788388,-0.0485450040009182,0.3648034679585958,12.217,57.1
4516,1912-05-16 00:00:00,0.0989588545170662,-0.1068181364021108,0.3047358454362433,12.217,57.1
4517,1912-05-17 00:00:00,0.0870850182657485,-0.1194197305450099,0.2935897670765071,12.217,57.1
4518,1912-05-18 00:00:00,-0.0016421069417881,-0.2072930544095261,0.2040088405259498,12.217,57.1
4519,1912-05-19 00:00:00,0.025909593213282,-0.1795255233713807,0.2313447097979448,12.217,57.1
4520,1912-05-20 00:00:00,0.0613901191007366,-0.1440550878837795,0.2668353260852528,12.217,57.1
4521,1912-05-21 00:00:00,0.0607330681758275,-0.1447908596209839,0.266256995972639,12.217,57.1
4522,1912-05-22 00:00:00,0.080461790734632,-0.1250723416706703,0.2859959231399345,12.217,57.1
4523,1912-05-23 00:00:00,0.0577194488786625,-0.1477406303618081,0.2631795281191332,12.217,57.1
4524,1912-05-24 00:00:00,0.0256086639963326,-0.1798911033313264,0.2311084313239918,12.217,57.1
4525,1912-05-25 00:00:00,-0.0291453464000836,-0.2346183128541902,0.176327620054023,12.217,57.1
4526,1912-05-26 00:00:00,-0.0044907450126626,-0.2100430101532371,0.2010615201279117,12.217,57.1
4527,1912-05-27 00:00:00,0.0758039863765112,-0.130226475371624,0.2818344481246466,12.217,57.1
4528,1912-05-28 00:00:00,0.1459273769918651,-0.0605119750858133,0.3523667290695437,12.217,57.1
4529,1912-05-29 00:00:00,0.0788651912475386,-0.1267710882341693,0.2845014707292465,12.217,57.1
4530,1912-05-30 00:00:00,0.0767715878992359,-0.1287773799843534,0.2823205557828253,12.217,57.1
4531,1912-05-31 00:00:00,0.0942825568994628,-0.1112064879133323,0.2997716017122581,12.217,57.1
4532,1912-06-01 00:00:00,0.1033414412365392,-0.1021454124427769,0.3088282949158554,12.217,57.1
4533,1912-06-02 00:00:00,0.0834348346382144,-0.1221429332351538,0.2890126025115826,12.217,57.1
4534,1912-06-03 00:00:00,0.0327962896677246,-0.1730231632773493,0.2386157426127986,12.217,57.1
4535,1912-06-04 00:00:00,0.16711484607318,-0.039761051176548,0.373990743322908,12.217,57.1
4536,1912-06-05 00:00:00,0.0726907229216473,-0.1332010572044495,0.2785825030477442,12.217,57.1
4537,1912-06-06 00:00:00,0.1112968046935103,-0.0942539279744418,0.3168475373614625,12.217,57.1
4538,1912-06-07 00:00:00,0.044408584179037,-0.1611765060129095,0.2499936743709835,12.217,57.1
4539,1912-06-08 00:00:00,0.0122826091653548,-0.1931697831143602,0.2177350014450698,12.217,57.1
4540,1912-06-09 00:00:00,0.0825007038036499,-0.1230597044786814,0.2880611120859813,12.217,57.1
4541,1912-06-10 00:00:00,0.056197725939822,-0.1494609612308909,0.261856413110535,12.217,57.1
4542,1912-06-11 00:00:00,0.0336886107970507,-0.1720478071575558,0.2394250287516572,12.217,57.1
4543,1912-06-12 00:00:00,0.0085527562370204,-0.1971147721296282,0.214220284603669,12.217,57.1
4544,1912-06-13 00:00:00,0.039300124222143,-0.166317975380708,0.2449182238249941,12.217,57.1
4545,1912-06-14 00:00:00,0.0554109870434826,-0.150078675730002,0.2609006498169673,12.217,57.1
4546,1912-06-15 00:00:00,0.1205083383435725,-0.085065879631041,0.3260825563181861,12.217,57.1
4547,1912-06-16 00:00:00,0.4158343629114082,0.20830851042587,0.6233602153969463,12.217,57.1
4548,1912-06-17 00:00:00,0.278647334073385,0.0712119627615111,0.4860827053852588,12.217,57.1
4549,1912-06-18 00:00:00,0.2260019317129326,0.0197607324165886,0.4322431310092767,12.217,57.1
4550,1912-06-19 00:00:00,0.1079548496649481,-0.0976202221860497,0.3135299215159459,12.217,57.1
4551,1912-06-20 00:00:00,0.0701945214644803,-0.1352337796989816,0.2756228226279424,12.217,57.1
4552,1912-06-21 00:00:00,0.158757797721708,-0.0470249212061824,0.3645405166495985,12.217,57.1
4553,1912-06-22 00:00:00,0.1256507516260426,-0.0799630760782657,0.331264579330351,12.217,57.1
4554,1912-06-23 00:00:00,0.034079855698147,-0.1713840109204876,0.2395437223167817,12.217,57.1
4555,1912-06-24 00:00:00,0.0424162228861685,-0.1630623508644559,0.247894796636793,12.217,57.1
4556,1912-06-25 00:00:00,0.0548809075485441,-0.1505902903582171,0.2603521054553054,12.217,57.1
4557,1912-06-26 00:00:00,-0.001482032405769,-0.2070069791494254,0.2040429143378871,12.217,57.1
4558,1912-06-27 00:00:00,0.0163081675748291,-0.1890907914344123,0.2217071265840707,12.217,57.1
4559,1912-06-28 00:00:00,0.0003399867569174,-0.2051066062994573,0.2057865798132921,12.217,57.1
4560,1912-06-29 00:00:00,0.0411691417206348,-0.1643341000228444,0.246672383464114,12.217,57.1
4561,1912-06-30 00:00:00,0.0871303546242139,-0.118392447133912,0.2926531563823398,12.217,57.1
4562,1912-07-01 00:00:00,0.0913522410546009,-0.1143163665837875,0.2970208486929893,12.217,57.1
4563,1912-07-02 00:00:00,0.139417693192911,-0.0664638363613238,0.3452992227471458,12.217,57.1
4564,1912-07-03 00:00:00,-0.0014529162392947,-0.207153047128843,0.2042472146502535,12.217,57.1
4565,1912-07-04 00:00:00,-0.0531437687176743,-0.2587473375797905,0.1524598001444419,12.217,57.1
4566,1912-07-05 00:00:00,-0.0211482227840304,-0.2266995208407556,0.1844030752726946,12.217,57.1
4567,1912-07-06 00:00:00,-0.0070258744916591,-0.2124632097292511,0.1984114607459327,12.217,57.1
4568,1912-07-07 00:00:00,0.0301355584493481,-0.1753513189590906,0.2356224358577868,12.217,57.1
4569,1912-07-08 00:00:00,0.0391336768225376,-0.1663339709593328,0.2446013246044081,12.217,57.1
4570,1912-07-09 00:00:00,0.0512377930429066,-0.1542418315318143,0.2567174176176277,12.217,57.1
4571,1912-07-10 00:00:00,0.0541592336437689,-0.1513251489680439,0.2596436162555817,12.217,57.1
4572,1912-07-11 00:00:00,0.0326851363111967,-0.1727503642693253,0.2381206368917188,12.217,57.1
4573,1912-07-12 00:00:00,0.0186343769939243,-0.1869662627293921,0.2242350167172408,12.217,57.1
4574,1912-07-13 00:00:00,-0.0181872448872778,-0.22367694973581,0.1873024599612543,12.217,57.1
4575,1912-07-14 00:00:00,-0.0323288814491636,-0.2378351268625839,0.1731773639642567,12.217,57.1
4576,1912-07-15 00:00:00,-0.0253794177725246,-0.2309001602380956,0.1801413246930462,12.217,57.1
4577,1912-07-16 00:00:00,-0.024762915691062,-0.2302692731537752,0.1807434417716511,12.217,57.1
4578,1912-07-17 00:00:00,0.0154168075761067,-0.1900563217144976,0.2208899368667111,12.217,57.1
4579,1912-07-18 00:00:00,0.0170968918483335,-0.1883915992993142,0.2225853829959812,12.217,57.1
4580,1912-07-19 00:00:00,0.063201093048609,-0.1428571449132329,0.2692593310104511,12.217,57.1
4581,1912-07-20 00:00:00,-0.0092103126050967,-0.214933661960183,0.1965130367499895,12.217,57.1
4582,1912-07-21 00:00:00,0.0084637426706026,-0.1970134186657359,0.2139409040069412,12.217,57.1
4583,1912-07-22 00:00:00,-0.0103349304135292,-0.2158473172328244,0.1951774564057658,12.217,57.1
4584,1912-07-23 00:00:00,0.0098613343824363,-0.1956019898958392,0.2153246586607118,12.217,57.1
4585,1912-07-24 00:00:00,-0.0088741912859455,-0.2143783150987481,0.196629932526857,12.217,57.1
4586,1912-07-25 00:00:00,-0.0161478547896799,-0.2216471798419724,0.1893514702626125,12.217,57.1
4587,1912-07-26 00:00:00,0.0039893177183749,-0.2015009884078032,0.209479623844553,12.217,57.1
4588,1912-07-27 00:00:00,0.0518147654447553,-0.1536687985053083,0.2572983293948189,12.217,57.1
4589,1912-07-28 00:00:00,0.0491487268256463,-0.1563581650090702,0.254655618660363,12.217,57.1
4590,1912-07-29 00:00:00,0.1258121193335055,-0.0797907524589324,0.3314149911259435,12.217,57.1
4591,1912-07-30 00:00:00,0.1542164721777009,-0.0514355972088155,0.3598685415642173,12.217,57.1
4592,1912-07-31 00:00:00,0.1627054980724077,-0.0429105971985896,0.3683215933434052,12.217,57.1
4593,1912-08-01 00:00:00,0.1461307504754099,-0.0595464790294136,0.3518079799802334,12.217,57.1
4594,1912-08-02 00:00:00,0.2542418291265341,0.0470333939568323,0.4614502642962359,12.217,57.1
4595,1912-08-03 00:00:00,0.0861433544551335,-0.1206206309140705,0.2929073398243376,12.217,57.1
4596,1912-08-04 00:00:00,0.0278058096230191,-0.177728913450408,0.2333405326964463,12.217,57.1
4597,1912-08-05 00:00:00,0.0279788501716616,-0.177559679347528,0.2335173796908513,12.217,57.1
4598,1912-08-06 00:00:00,0.0870935454898068,-0.1186591449792535,0.2928462359588671,12.217,57.1
4599,1912-08-07 00:00:00,0.0560764032395256,-0.1494346780514384,0.2615874845304896,12.217,57.1
4600,1912-08-08 00:00:00,0.0819105097567344,-0.1235482766979988,0.2873692962114677,12.217,57.1
4601,1912-08-09 00:00:00,0.1117416155999196,-0.0947547380688425,0.3182379692686818,12.217,57.1
4602,1912-08-10 00:00:00,0.0815191742688835,-0.124838892339254,0.287877240877021,12.217,57.1
4603,1912-08-11 00:00:00,0.112842106628819,-0.0927697905801466,0.3184540038377847,12.217,57.1
4604,1912-08-12 00:00:00,0.1608387602313393,-0.0449401334369064,0.366617653899585,12.217,57.1
4605,1912-08-13 00:00:00,0.2962415285671599,0.0901960956655852,0.5022869614687345,12.217,57.1
4606,1912-08-14 00:00:00,0.2023366030631616,-0.0036401566468173,0.4083133627731405,12.217,57.1
4607,1912-08-15 00:00:00,0.1738761649153638,-0.0319592590112447,0.3797115888419724,12.217,57.1
4608,1912-08-16 00:00:00,0.1189758796780602,-0.0866184079641676,0.3245701673202881,12.217,57.1
4609,1912-08-17 00:00:00,0.0877641429476121,-0.1177329576360306,0.2932612435312549,12.217,57.1
4610,1912-08-18 00:00:00,0.1428753863062973,-0.0626015727027416,0.3483523453153363,12.217,57.1
4611,1912-08-19 00:00:00,0.1294639223773078,-0.0762156512263103,0.335143495980926,12.217,57.1
4612,1912-08-20 00:00:00,0.0853631973304702,-0.1202528535385891,0.2909792481995296,12.217,57.1
4613,1912-08-21 00:00:00,0.1258223896638754,-0.0798080739430243,0.3314528532707752,12.217,57.1
4614,1912-08-22 00:00:00,0.0608846238326517,-0.144831318602033,0.2666005662673364,12.217,57.1
4615,1912-08-23 00:00:00,0.2815590421088312,0.0754416778834501,0.4876764063342123,12.217,57.1
4616,1912-08-24 00:00:00,0.2155480820414718,0.0091735410508661,0.4219226230320775,12.217,57.1
4617,1912-08-25 00:00:00,0.1115126310041627,-0.094107595069756,0.3171328570780815,12.217,57.1
4618,1912-08-26 00:00:00,0.1162797091613041,-0.0892506060164273,0.3218100243390355,12.217,57.1
4619,1912-08-27 00:00:00,0.1081652682094931,-0.0975691359296071,0.3138996723485935,12.217,57.1
4620,1912-08-28 00:00:00,0.0751968172171698,-0.1310945231626641,0.2814881575970039,12.217,57.1
4621,1912-08-29 00:00:00,0.1405430506357103,-0.0659533145729903,0.3470394158444109,12.217,57.1
4622,1912-08-30 00:00:00,0.1649982429843693,-0.0411919150382013,0.3711884010069399,12.217,57.1
4623,1912-08-31 00:00:00,0.1170845619133007,-0.0892271065536567,0.3233962303802581,12.217,57.1
4624,1912-09-01 00:00:00,0.1339630650968528,-0.0717227540826896,0.3396488842763952,12.217,57.1
4625,1912-09-02 00:00:00,0.1131148312355696,-0.0925537341409366,0.318783396612076,12.217,57.1
4626,1912-09-03 00:00:00,0.1180897918273,-0.0874849847464421,0.3236645684010423,12.217,57.1
4627,1912-09-04 00:00:00,0.0278068981911796,-0.1776653990146614,0.2332791953970208,12.217,57.1
4628,1912-09-05 00:00:00,0.2050591536100498,-0.0014660516906531,0.4115843589107528,12.217,57.1
4629,1912-09-06 00:00:00,0.2925491320263553,0.0864368652904722,0.4986613987622383,12.217,57.1
4630,1912-09-07 00:00:00,0.1896553600990647,-0.0161623338607975,0.3954730540589269,12.217,57.1
4631,1912-09-08 00:00:00,0.0589432643063545,-0.1468761595472973,0.2647626881600065,12.217,57.1
4632,1912-09-09 00:00:00,0.0525832189900224,-0.1530280288919643,0.2581944668720093,12.217,57.1
4633,1912-09-10 00:00:00,0.046918263318762,-0.1587822285049973,0.2526187551425214,12.217,57.1
4634,1912-09-11 00:00:00,0.05473122526169,-0.1515508912269573,0.2610133417503374,12.217,57.1
4635,1912-09-12 00:00:00,-0.0342808350296884,-0.2400961403000161,0.1715344702406392,12.217,57.1
4636,1912-09-13 00:00:00,-0.0317704599031201,-0.2373160179289975,0.1737750981227572,12.217,57.1
4637,1912-09-14 00:00:00,0.041908630286459,-0.1636008973551114,0.2474181579280294,12.217,57.1
4638,1912-09-15 00:00:00,0.1224488046237285,-0.0831978382710022,0.3280954475184593,12.217,57.1
4639,1912-09-16 00:00:00,0.081842207774372,-0.1238738918060181,0.2875583073547622,12.217,57.1
4640,1912-09-17 00:00:00,0.0646061644144723,-0.1409993472785403,0.270211676107485,12.217,57.1
4641,1912-09-18 00:00:00,0.1290435354423098,-0.0769990097767391,0.3350860806613588,12.217,57.1
4642,1912-09-19 00:00:00,0.0044026904568226,-0.2014925706560799,0.210297951569725,12.217,57.1
4643,1912-09-20 00:00:00,-0.0913511915937296,-0.296882237839897,0.1141798546524376,12.217,57.1
4644,1912-09-21 00:00:00,-0.069789190523444,-0.2752585444207837,0.1356801633738956,12.217,57.1
4645,1912-09-22 00:00:00,-0.0587355474387335,-0.2641682345426628,0.1466971396651958,12.217,57.1
4646,1912-09-23 00:00:00,-0.0897567093310269,-0.2952483623855923,0.1157349437235383,12.217,57.1
4647,1912-09-24 00:00:00,-0.1102533932556934,-0.3157681506674011,0.0952613641560141,12.217,57.1
4648,1912-09-25 00:00:00,-0.1065940547818977,-0.3120525946226595,0.0988644850588639,12.217,57.1
4649,1912-09-26 00:00:00,-0.0464055128672728,-0.2518503957884067,0.1590393700538609,12.217,57.1
4650,1912-09-27 00:00:00,-0.0480345371906639,-0.2534699960551712,0.1574009216738433,12.217,57.1
4651,1912-09-28 00:00:00,-0.0789771377124337,-0.2844224238333445,0.126468148408477,12.217,57.1
4652,1912-09-29 00:00:00,-0.0862208133365468,-0.291711028256128,0.1192694015830344,12.217,57.1
4653,1912-09-30 00:00:00,-0.0135519048713729,-0.2196513212925354,0.1925475115497895,12.217,57.1
4654,1912-10-01 00:00:00,0.1144753079680534,-0.0916933471553165,0.3206439630914235,12.217,57.1
4655,1912-10-02 00:00:00,0.1811079101837569,-0.0280630136818521,0.390278834049366,12.217,57.1
4656,1912-10-03 00:00:00,0.121002310502063,-0.0888394141323746,0.3308440351365007,12.217,57.1
4657,1912-10-04 00:00:00,-0.0046718512788788,-0.2108601177810938,0.2015164152233361,12.217,57.1
4658,1912-10-05 00:00:00,0.0401147518407983,-0.1656627076282567,0.2458922113098533,12.217,57.1
4659,1912-10-06 00:00:00,0.0752627925554337,-0.1310444401956517,0.2815700253065191,12.217,57.1
4660,1912-10-07 00:00:00,0.0566955898491656,-0.1490179034508003,0.2624090831491317,12.217,57.1
4661,1912-10-08 00:00:00,0.1056045527812795,-0.1003240274944099,0.3115331330569689,12.217,57.1
4662,1912-10-09 00:00:00,-0.0761835245640772,-0.2818690561855083,0.1295020070573538,12.217,57.1
4663,1912-10-10 00:00:00,-0.0694108395699855,-0.2749685810461597,0.1361469019061886,12.217,57.1
4664,1912-10-11 00:00:00,-0.0628698517615307,-0.2684100653043949,0.1426703617813334,12.217,57.1
4665,1912-10-12 00:00:00,-0.0198755570590853,-0.225423116800971,0.1856720026828002,12.217,57.1
4666,1912-10-13 00:00:00,-0.0510553865185375,-0.25668684436706,0.154576071329985,12.217,57.1
4667,1912-10-14 00:00:00,-0.0442917902428936,-0.2497919010455407,0.1612083205597536,12.217,57.1
4668,1912-10-15 00:00:00,0.1562057243649533,-0.0499050893465241,0.3623165380764308,12.217,57.1
4669,1912-10-16 00:00:00,0.0413343841501806,-0.1652771515784316,0.247945919878793,12.217,57.1
4670,1912-10-17 00:00:00,0.1146228350600774,-0.0911035865038866,0.3203492566240415,12.217,57.1
4671,1912-10-18 00:00:00,0.0906761126678679,-0.1154736191556972,0.296825844491433,12.217,57.1
4672,1912-10-19 00:00:00,0.0266104421406845,-0.1793565772098982,0.2325774614912673,12.217,57.1
4673,1912-10-20 00:00:00,0.049240111808761,-0.1565615490437236,0.2550417726612458,12.217,57.1
4674,1912-10-21 00:00:00,0.1481743865426838,-0.0575000857005931,0.3538488587859608,12.217,57.1
4675,1912-10-22 00:00:00,0.1310909953916328,-0.0751792057471162,0.337361196530382,12.217,57.1
4676,1912-10-23 00:00:00,-0.0659796164274918,-0.2728934954569488,0.1409342626019651,12.217,57.1
4677,1912-10-24 00:00:00,0.078944329187804,-0.130451843141208,0.288340501516816,12.217,57.1
4678,1912-10-25 00:00:00,-0.0118730325065585,-0.220310981178044,0.1965649161649268,12.217,57.1
4679,1912-10-26 00:00:00,0.0052784091853526,-0.2006662470898813,0.2112230654605866,12.217,57.1
4680,1912-10-27 00:00:00,-0.0149622420830074,-0.2206791534835115,0.1907546693174968,12.217,57.1
4681,1912-10-28 00:00:00,0.1141275743107274,-0.0918051095148038,0.3200602581362587,12.217,57.1
4682,1912-10-29 00:00:00,0.1937978445195612,-0.0125812531638454,0.400176942202968,12.217,57.1
4683,1912-10-30 00:00:00,0.4213788061808797,0.2141061492476525,0.6286514631141069,12.217,57.1
4684,1912-10-31 00:00:00,0.2132058004442532,0.0064699721241755,0.4199416287643308,12.217,57.1
4685,1912-11-01 00:00:00,0.1458389090629631,-0.0601671669755796,0.3518449851015058,12.217,57.1
4686,1912-11-02 00:00:00,0.1760735516902676,-0.0306044474570429,0.3827515508375783,12.217,57.1
4687,1912-11-03 00:00:00,0.1260197996427092,-0.0802959225279712,0.3323355218133896,12.217,57.1
4688,1912-11-04 00:00:00,0.0145078114240747,-0.1914201068730582,0.2204357297212077,12.217,57.1
4689,1912-11-05 00:00:00,0.0152744892266483,-0.190463989959737,0.2210129684130336,12.217,57.1
4690,1912-11-06 00:00:00,-0.031728446797703,-0.2373749659176327,0.1739180723222266,12.217,57.1
4691,1912-11-07 00:00:00,0.0027293182080179,-0.2030449539517192,0.2085035903677551,12.217,57.1
4692,1912-11-08 00:00:00,0.1047759657244378,-0.1015511320880308,0.3111030635369064,12.217,57.1
4693,1912-11-09 00:00:00,0.0359064467471369,-0.1702350666509281,0.242047960145202,12.217,57.1
4694,1912-11-10 00:00:00,0.1223767780116614,-0.083756055233177,0.3285096112564999,12.217,57.1
4695,1912-11-11 00:00:00,0.1751801851874564,-0.0312170502608468,0.3815774206357598,12.217,57.1
4696,1912-11-12 00:00:00,0.1954090809674066,-0.0108130902883825,0.4016312522231959,12.217,57.1
4697,1912-11-13 00:00:00,0.1309790571116911,-0.0751399541130852,0.3370980683364674,12.217,57.1
4698,1912-11-14 00:00:00,0.0480338377371138,-0.1585241606011751,0.2545918360754027,12.217,57.1
4699,1912-11-15 00:00:00,0.02383878780101,-0.183067663008663,0.230745238610683,12.217,57.1
4700,1912-11-16 00:00:00,0.0158879886697732,-0.1897342643648162,0.2215102417043628,12.217,57.1
4701,1912-11-17 00:00:00,-0.0086628984733015,-0.2142036209765808,0.1968778240299777,12.217,57.1
4702,1912-11-18 00:00:00,0.0953004431983749,-0.1102813210986674,0.3008822074954173,12.217,57.1
4703,1912-11-19 00:00:00,0.0739507715703379,-0.13175325348757,0.2796547966282459,12.217,57.1
4704,1912-11-20 00:00:00,0.1340292552357211,-0.0715233743575384,0.3395818848289806,12.217,57.1
4705,1912-11-21 00:00:00,0.0650528504750653,-0.1408796732570368,0.2709853742071675,12.217,57.1
4706,1912-11-22 00:00:00,-0.016827154960431,-0.222544219082005,0.1888899091611429,12.217,57.1
4707,1912-11-23 00:00:00,0.1172942252955015,-0.0885160515365447,0.3231045021275479,12.217,57.1
4708,1912-11-24 00:00:00,0.1249465382748454,-0.0806918460887008,0.3305849226383917,12.217,57.1
4709,1912-11-25 00:00:00,0.2950151786756314,0.0871406554079066,0.5028897019433562,12.217,57.1
4710,1912-11-26 00:00:00,0.3963743379614692,0.1872816929607343,0.6054669829622041,12.217,57.1
4711,1912-11-27 00:00:00,0.3381982964107003,0.1291301745005394,0.5472664183208612,12.217,57.1
4712,1912-11-28 00:00:00,0.3815743282711116,0.1660997368795594,0.5970489196626637,12.217,57.1
4713,1912-11-29 00:00:00,0.2604267369772486,0.0465811043453398,0.4742723696091573,12.217,57.1
4714,1912-11-30 00:00:00,0.1939151353388492,-0.0130392966422293,0.4008695673199278,12.217,57.1
4715,1912-12-01 00:00:00,0.2555875032152283,0.0491179994991466,0.46205700693131,12.217,57.1
4716,1912-12-02 00:00:00,0.206395300671511,8.381885505071018e-05,0.4127067824879712,12.217,57.1
4717,1912-12-03 00:00:00,0.109343179465886,-0.0968880027703711,0.3155743617021431,12.217,57.1
4718,1912-12-04 00:00:00,-0.0385849469986748,-0.2443237793402783,0.1671538853429287,12.217,57.1
4719,1912-12-05 00:00:00,0.1535025976431642,-0.0524832992113156,0.3594884944976441,12.217,57.1
4720,1912-12-06 00:00:00,0.1056288753250325,-0.1001586312830525,0.3114163819331176,12.217,57.1
4721,1912-12-07 00:00:00,0.1043722983038714,-0.1012506093849961,0.3099952059927389,12.217,57.1
4722,1912-12-08 00:00:00,0.0861478973747558,-0.1194946529693093,0.291790447718821,12.217,57.1
4723,1912-12-09 00:00:00,0.060487983119542,-0.1450456464251073,0.2660216126641915,12.217,57.1
4724,1912-12-10 00:00:00,0.0639490829242263,-0.1417665911879086,0.2696647570363613,12.217,57.1
4725,1912-12-11 00:00:00,0.0506630465665553,-0.1552838694286638,0.2566099625617746,12.217,57.1
4726,1912-12-12 00:00:00,0.1799024459688679,-0.0265441623957029,0.3863490543334388,12.217,57.1
4727,1912-12-13 00:00:00,0.2115414404464951,0.0048416722518171,0.418241208641173,12.217,57.1
4728,1912-12-14 00:00:00,0.2870029610497284,0.0799819163012776,0.4940240057981792,12.217,57.1
4729,1912-12-15 00:00:00,1.0770075501864729,0.8634559920254211,1.2905591083475247,12.217,57.1
4730,1912-12-16 00:00:00,0.6474032534178081,0.434732105022706,0.8600744018129103,12.217,57.1
4731,1912-12-17 00:00:00,0.2833291551263759,0.0761881966677716,0.4904701135849802,12.217,57.1
4732,1912-12-18 00:00:00,0.3173429776461204,0.1115373396990446,0.5231486155931963,12.217,57.1
4733,1912-12-19 00:00:00,0.2722309704973039,0.0658162498686084,0.4786456911259993,12.217,57.1
4734,1912-12-20 00:00:00,0.2236452916833214,0.0170378318529845,0.4302527515136583,12.217,57.1
4735,1912-12-21 00:00:00,0.2366748778850624,0.0301525353179607,0.443197220452164,12.217,57.1
4736,1912-12-22 00:00:00,0.115145368237794,-0.0911717428605068,0.321462479336095,12.217,57.1
4737,1912-12-23 00:00:00,0.1854881148261877,-0.020178143796745,0.3911543734491206,12.217,57.1
4738,1912-12-24 00:00:00,0.1111306466798888,-0.0944592169259936,0.3167205102857713,12.217,57.1
4739,1912-12-25 00:00:00,0.1431333483515032,-0.0627315042098449,0.3489982009128514,12.217,57.1
4740,1912-12-26 00:00:00,0.420273344488549,0.2128448068515023,0.6277018821255957,12.217,57.1
4741,1912-12-27 00:00:00,0.1935861906291403,-0.0128542342886904,0.400026615546971,12.217,57.1
4742,1912-12-28 00:00:00,0.0371003792765144,-0.1690983488293367,0.2432991073823657,12.217,57.1
4743,1912-12-29 00:00:00,0.1959554701965071,-0.0119146005682501,0.4038255409612644,12.217,57.1
4744,1912-12-30 00:00:00,0.1477677725559607,-0.0583271444886305,0.353862689600552,12.217,57.1
4745,1912-12-31 00:00:00,0.1199021711474118,-0.0864670716835799,0.3262714139784036,12.217,57.1
4746,1913-01-01 00:00:00,0.317564945463035,0.1115282760382564,0.5236016148878136,12.217,57.1
4747,1913-01-02 00:00:00,0.225993133073449,0.0200083816672963,0.4319778844796016,12.217,57.1
4748,1913-01-03 00:00:00,0.1044875611595297,-0.1011584004097903,0.3101335227288499,12.217,57.1
4749,1913-01-04 00:00:00,0.0718590864026994,-0.1338956014238683,0.2776137742292672,12.217,57.1
4750,1913-01-05 00:00:00,0.1079161114376408,-0.0980369754932767,0.3138691983685583,12.217,57.1
4751,1913-01-06 00:00:00,0.1442293625809334,-0.0619614008463556,0.3504201260082226,12.217,57.1
4752,1913-01-07 00:00:00,0.145586487827054,-0.0603719337446652,0.3515449093987733,12.217,57.1
4753,1913-01-08 00:00:00,0.0640925218722101,-0.1416974867879075,0.2698825305323277,12.217,57.1
4754,1913-01-09 00:00:00,-0.0067100919005815,-0.2123265446481775,0.1989063608470144,12.217,57.1
4755,1913-01-10 00:00:00,-0.0969644227328072,-0.3027083033831897,0.1087794579175751,12.217,57.1
4756,1913-01-11 00:00:00,-0.1192989777097858,-0.3250384931140953,0.0864405376945236,12.217,57.1
4757,1913-01-12 00:00:00,-0.1140375580529188,-0.3201190714722728,0.0920439553664351,12.217,57.1
4758,1913-01-13 00:00:00,-0.0488110602456846,-0.2551421660308159,0.1575200455394466,12.217,57.1
4759,1913-01-14 00:00:00,-0.0590707438324708,-0.2650122771641935,0.1468707894992517,12.217,57.1
4760,1913-01-15 00:00:00,-0.0178682160427398,-0.2236494869474057,0.187913054861926,12.217,57.1
4761,1913-01-16 00:00:00,0.0432038362389789,-0.1630206531466118,0.2494283256245696,12.217,57.1
4762,1913-01-17 00:00:00,0.1313991230224698,-0.0749209783259173,0.3377192243708571,12.217,57.1
4763,1913-01-18 00:00:00,0.1086820862958524,-0.0972306146317545,0.3145947872234594,12.217,57.1
4764,1913-01-19 00:00:00,0.0139993949501033,-0.1919584000798541,0.2199571899800608,12.217,57.1
4765,1913-01-20 00:00:00,0.0109286399839324,-0.1946578058833046,0.2165150858511694,12.217,57.1
4766,1913-01-21 00:00:00,-0.0126136345943299,-0.2188152502525185,0.1935879810638586,12.217,57.1
4767,1913-01-22 00:00:00,-0.0610121115044154,-0.2682663627430819,0.1462421397342509,12.217,57.1
4768,1913-01-23 00:00:00,-0.0316901554083539,-0.2387235304517773,0.1753432196350695,12.217,57.1
4769,1913-01-24 00:00:00,0.0466804559195495,-0.1590870164853925,0.2524479283244917,12.217,57.1
4770,1913-01-25 00:00:00,0.0922171937110867,-0.1133701001763883,0.2978044875985619,12.217,57.1
4771,1913-01-26 00:00:00,-0.0030491888432525,-0.2100931064451968,0.2039947287586918,12.217,57.1
4772,1913-01-27 00:00:00,-0.0970201736207492,-0.3033389435467858,0.1092985963052872,12.217,57.1
4773,1913-01-28 00:00:00,-0.0755651782479983,-0.2815749397820141,0.1304445832860174,12.217,57.1
4774,1913-01-29 00:00:00,-0.0928318923096647,-0.298874752195959,0.1132109675766294,12.217,57.1
4775,1913-01-30 00:00:00,0.0165505092982257,-0.1904616130024445,0.2235626315988961,12.217,57.1
4776,1913-01-31 00:00:00,0.1767390530775724,-0.0315868259745759,0.3850649321297208,12.217,57.1
4777,1913-02-01 00:00:00,0.4632875541160904,0.254866545040864,0.6717085631913169,12.217,57.1
4778,1913-02-02 00:00:00,0.2812653360215572,0.0747349817283846,0.4877956903147297,12.217,57.1
4779,1913-02-03 00:00:00,0.2114777856232182,0.004547482445773,0.4184080888006635,12.217,57.1
4780,1913-02-04 00:00:00,0.2584502553628913,0.0519572231146208,0.4649432876111618,12.217,57.1
4781,1913-02-05 00:00:00,0.3376969200844055,0.1311566871936081,0.5442371529752029,12.217,57.1
4782,1913-02-06 00:00:00,0.1584035782457602,-0.0474313584050981,0.3642385148966185,12.217,57.1
4783,1913-02-07 00:00:00,0.0964611307375226,-0.1098412022376265,0.3027634637126719,12.217,57.1
4784,1913-02-08 00:00:00,0.1690880970691416,-0.0385057867438273,0.3766819808821107,12.217,57.1
4785,1913-02-09 00:00:00,0.550949487998141,0.3402891355480212,0.7616098404482609,12.217,57.1
4786,1913-02-10 00:00:00,0.2742035055616167,0.0666127694673269,0.4817942416559064,12.217,57.1
4787,1913-02-11 00:00:00,0.11014827639035,-0.0969932984875224,0.3172898512682225,12.217,57.1
4788,1913-02-12 00:00:00,-0.0549005413746871,-0.261307873315041,0.1515067905656668,12.217,57.1
4789,1913-02-13 00:00:00,-0.1133067774967299,-0.3190562399290067,0.0924426849355468,12.217,57.1
4790,1913-02-14 00:00:00,-0.057495497017836,-0.263302206023755,0.1483112119880828,12.217,57.1
4791,1913-02-15 00:00:00,-0.0618417649295371,-0.2674744058634123,0.143790876004338,12.217,57.1
4792,1913-02-16 00:00:00,-0.0589467512567918,-0.2644615619129328,0.1465680593993491,12.217,57.1
4793,1913-02-17 00:00:00,-0.0801272434645799,-0.2856731687363873,0.1254186818072273,12.217,57.1
4794,1913-02-18 00:00:00,-0.1327507578099613,-0.3383820111394148,0.072880495519492,12.217,57.1
4795,1913-02-19 00:00:00,-0.0898639499398631,-0.2957374542161378,0.1160095543364115,12.217,57.1
4796,1913-02-20 00:00:00,-0.028009605259107,-0.233560103162971,0.1775408926447569,12.217,57.1
4797,1913-02-21 00:00:00,0.019161335455763,-0.1864749879828201,0.2247976588943463,12.217,57.1
4798,1913-02-22 00:00:00,0.1280347242831519,-0.0780391566582639,0.3341086052245678,12.217,57.1
4799,1913-02-23 00:00:00,-0.0120105917655809,-0.21821390893938,0.1941927254082182,12.217,57.1
4800,1913-02-24 00:00:00,0.1466569953735469,-0.0597386934300864,0.3530526841771804,12.217,57.1
4801,1913-02-25 00:00:00,0.1615359194735537,-0.0444678424726776,0.3675396814197852,12.217,57.1
4802,1913-02-26 00:00:00,0.1077762570753137,-0.0979031867753134,0.3134557009259408,12.217,57.1
4803,1913-02-27 00:00:00,0.1401519124724443,-0.0658329903676827,0.3461368153125714,12.217,57.1
4804,1913-02-28 00:00:00,0.0735907024234365,-0.1321058199555033,0.2792872248023765,12.217,57.1
4805,1913-03-01 00:00:00,-0.0364673202722738,-0.2425140930686006,0.169579452524053,12.217,57.1
4806,1913-03-02 00:00:00,-0.0259537369233716,-0.2318116684823662,0.179904194635623,12.217,57.1
4807,1913-03-03 00:00:00,0.1165797039468306,-0.0894332299679122,0.3225926378615735,12.217,57.1
4808,1913-03-04 00:00:00,0.3039528485732297,0.0977232378768207,0.5101824592696387,12.217,57.1
4809,1913-03-05 00:00:00,0.3397296318271326,0.132819177115061,0.5466400865392043,12.217,57.1
4810,1913-03-06 00:00:00,0.4010955970549121,0.1910625633792448,0.6111286307305794,12.217,57.1
4811,1913-03-07 00:00:00,0.2829845256310715,0.0746100049110755,0.4913590463510675,12.217,57.1
4812,1913-03-08 00:00:00,0.682855482959517,0.4751894718952497,0.8905214940237843,12.217,57.1
4813,1913-03-09 00:00:00,0.0635834065432842,-0.1437679330389501,0.2709347461255187,12.217,57.1
4814,1913-03-10 00:00:00,0.0856842663514608,-0.1201393513975929,0.2915078841005145,12.217,57.1
4815,1913-03-11 00:00:00,0.3334933309957383,0.1236944654341232,0.5432921965573535,12.217,57.1
4816,1913-03-12 00:00:00,0.1442654333114541,-0.0622559132231627,0.3507867798460711,12.217,57.1
4817,1913-03-13 00:00:00,0.1268340781965154,-0.0795790342149401,0.333247190607971,12.217,57.1
4818,1913-03-14 00:00:00,0.0856247976593524,-0.1222769789821145,0.2935265743008193,12.217,57.1
4819,1913-03-15 00:00:00,0.2346528536349313,0.0288270214773252,0.4404786857925374,12.217,57.1
4820,1913-03-16 00:00:00,0.481899511936579,0.2747450645924594,0.6890539592806986,12.217,57.1
4821,1913-03-17 00:00:00,0.4898289940099865,0.280593787870053,0.6990642001499199,12.217,57.1
4822,1913-03-18 00:00:00,0.2159808189208182,0.0064627601470227,0.4254988776946137,12.217,57.1
4823,1913-03-19 00:00:00,0.5409625590337703,0.3299814235749922,0.7519436944925484,12.217,57.1
4824,1913-03-20 00:00:00,0.3986029915186758,0.1889093841466339,0.6082965988907176,12.217,57.1
4825,1913-03-21 00:00:00,0.4262798970138232,0.2170826886569726,0.6354771053706738,12.217,57.1
4826,1913-03-22 00:00:00,0.2067701854186013,0.0006777239624714,0.4128626468747313,12.217,57.1
4827,1913-03-23 00:00:00,0.1326955343149812,-0.0741760272269992,0.3395670958569617,12.217,57.1
4828,1913-03-24 00:00:00,0.2224439746926687,0.0159480305292031,0.4289399188561343,12.217,57.1
4829,1913-03-25 00:00:00,0.0415113096101879,-0.1644207912185626,0.2474434104389384,12.217,57.1
4830,1913-03-26 00:00:00,-0.0345625759511205,-0.24025455763299,0.1711294057307489,12.217,57.1
4831,1913-03-27 00:00:00,-0.0295679181136893,-0.2352319379977909,0.1760961017704123,12.217,57.1
4832,1913-03-28 00:00:00,-0.0264378034336244,-0.2324661616467665,0.1795905547795176,12.217,57.1
4833,1913-03-29 00:00:00,0.0300975512385191,-0.1760677016336803,0.2362628041107185,12.217,57.1
4834,1913-03-30 00:00:00,-0.0826016316936741,-0.2887843517604795,0.1235810883731313,12.217,57.1
4835,1913-03-31 00:00:00,0.090495440763231,-0.115242352543945,0.2962332340704071,12.217,57.1
4836,1913-04-01 00:00:00,0.0419820481065291,-0.1635102563357178,0.2474743525487762,12.217,57.1
4837,1913-04-02 00:00:00,0.0524019703973626,-0.1531978892634549,0.2580018300581801,12.217,57.1
4838,1913-04-03 00:00:00,0.0171563746138282,-0.1884474279852951,0.2227601772129516,12.217,57.1
4839,1913-04-04 00:00:00,-0.1026676871719795,-0.308441110752909,0.1031057364089499,12.217,57.1
4840,1913-04-05 00:00:00,-0.1397944852163549,-0.3456280036603493,0.0660390332276395,12.217,57.1
4841,1913-04-06 00:00:00,-0.0419192446364713,-0.2478642113093722,0.1640257220364295,12.217,57.1
4842,1913-04-07 00:00:00,0.0246380084101233,-0.1813726105488868,0.2306486273691335,12.217,57.1
4843,1913-04-08 00:00:00,0.0151694944561698,-0.1910507342820102,0.2213897231943499,12.217,57.1
4844,1913-04-09 00:00:00,0.0074065628670687,-0.1982206992677441,0.2130338250018817,12.217,57.1
4845,1913-04-10 00:00:00,0.0895740028478273,-0.11606915801056,0.2952171637062146,12.217,57.1
4846,1913-04-11 00:00:00,0.1361011313263761,-0.0701006332909706,0.342302895943723,12.217,57.1
4847,1913-04-12 00:00:00,0.2025333057360316,-0.0053747586168682,0.4104413700889315,12.217,57.1
4848,1913-04-13 00:00:00,0.1860032302637518,-0.0220572503667468,0.3940637108942504,12.217,57.1
4849,1913-04-14 00:00:00,-0.0292336756113782,-0.2353015603662981,0.1768342091435416,12.217,57.1
4850,1913-04-15 00:00:00,0.0583252127471244,-0.1473606638783571,0.264011089372606,12.217,57.1
4851,1913-04-16 00:00:00,0.094445289110135,-0.111370163057333,0.3002607412776031,12.217,57.1
4852,1913-04-17 00:00:00,0.1937037442588097,-0.0122359069740389,0.3996433954916584,12.217,57.1
4853,1913-04-18 00:00:00,0.1101176005374493,-0.0958579265963054,0.3160931276712042,12.217,57.1
4854,1913-04-19 00:00:00,0.1506427386210419,-0.0552154757486937,0.3565009529907776,12.217,57.1
4855,1913-04-20 00:00:00,0.2233719359433959,0.0156006042171827,0.4311432676696091,12.217,57.1
4856,1913-04-21 00:00:00,0.2345283266627874,0.0279554974668069,0.4411011558587679,12.217,57.1
4857,1913-04-22 00:00:00,0.2388448614477592,0.0316497318940292,0.4460399910014893,12.217,57.1
4858,1913-04-23 00:00:00,-0.0386302093960494,-0.2450265721607335,0.1677661533686346,12.217,57.1
4859,1913-04-24 00:00:00,-4.6919085797032106e-05,-0.2057366574233085,0.2056428192517144,12.217,57.1
4860,1913-04-25 00:00:00,0.0350420722684021,-0.1705686201457801,0.2406527646825843,12.217,57.1
4861,1913-04-26 00:00:00,0.1161729682671841,-0.0892770722810008,0.3216230088153691,12.217,57.1
4862,1913-04-27 00:00:00,0.0727852826587794,-0.1333741520769133,0.2789447173944722,12.217,57.1
4863,1913-04-28 00:00:00,0.0574723426804676,-0.1482690171347634,0.2632137024956987,12.217,57.1
4864,1913-04-29 00:00:00,0.0436782081243095,-0.1619616834712252,0.2493180997198443,12.217,57.1
4865,1913-04-30 00:00:00,-0.0480327699401172,-0.253654231306889,0.1575886914266544,12.217,57.1
4866,1913-05-01 00:00:00,0.0573391849381524,-0.1481691244507562,0.2628474943270611,12.217,57.1
4867,1913-05-02 00:00:00,0.0637875492060647,-0.1416756177892207,0.2692507162013501,12.217,57.1
4868,1913-05-03 00:00:00,0.1452461402490782,-0.0604834627712232,0.3509757432693797,12.217,57.1
4869,1913-05-04 00:00:00,0.0483174753545955,-0.1574236041499834,0.2540585548591746,12.217,57.1
4870,1913-05-05 00:00:00,0.0805648940106249,-0.1261194414170908,0.2872492294383408,12.217,57.1
4871,1913-05-06 00:00:00,-0.1452944101049167,-0.3536873858302103,0.0630985656203769,12.217,57.1
4872,1913-05-07 00:00:00,-0.0488025296033103,-0.2558425321241672,0.1582374729175464,12.217,57.1
4873,1913-05-08 00:00:00,0.0213584061864396,-0.1845197503748602,0.2272365627477394,12.217,57.1
4874,1913-05-09 00:00:00,-0.0209690498601961,-0.2265308252972818,0.1845927255768896,12.217,57.1
4875,1913-05-10 00:00:00,-0.0059414872913552,-0.2114672459618653,0.1995842713791549,12.217,57.1
4876,1913-05-11 00:00:00,-0.0082998572598441,-0.2138603781325006,0.1972606636128123,12.217,57.1
4877,1913-05-12 00:00:00,-0.0065166665965286,-0.2120717667952633,0.1990384336022059,12.217,57.1
4878,1913-05-13 00:00:00,-0.0318159925250318,-0.2372501486876324,0.1736181636375686,12.217,57.1
4879,1913-05-14 00:00:00,-0.0244231719800802,-0.2299853540343219,0.1811390100741613,12.217,57.1
4880,1913-05-15 00:00:00,-0.0070630054431224,-0.2126107514797124,0.1984847405934676,12.217,57.1
4881,1913-05-16 00:00:00,0.0432967909348766,-0.1623071502016686,0.2489007320714218,12.217,57.1
4882,1913-05-17 00:00:00,0.0741910568331949,-0.1314029362615945,0.2797850499279846,12.217,57.1
4883,1913-05-18 00:00:00,0.1262116311385054,-0.079504212834716,0.3319274751117268,12.217,57.1
4884,1913-05-19 00:00:00,0.2100664063935838,0.0039666765511143,0.4161661362360532,12.217,57.1
4885,1913-05-20 00:00:00,0.1331292939922242,-0.0736149551902627,0.3398735431747111,12.217,57.1
4886,1913-05-21 00:00:00,0.1230208750585614,-0.0833669923164158,0.3294087424335387,12.217,57.1
4887,1913-05-22 00:00:00,0.0784139897667476,-0.127214026694048,0.2840420062275433,12.217,57.1
4888,1913-05-23 00:00:00,0.0711955740067788,-0.134279261525109,0.2766704095386668,12.217,57.1
4889,1913-05-24 00:00:00,0.0543056722126606,-0.1512524307195848,0.2598637751449061,12.217,57.1
4890,1913-05-25 00:00:00,0.032773590304786,-0.1730632881862695,0.2386104687958416,12.217,57.1
4891,1913-05-26 00:00:00,0.0258302747109957,-0.1799002671650925,0.231560816587084,12.217,57.1
4892,1913-05-27 00:00:00,0.0692829558350531,-0.1364314535120866,0.2749973651821928,12.217,57.1
4893,1913-05-28 00:00:00,0.0318131476907303,-0.1739069667682696,0.2375332621497303,12.217,57.1
4894,1913-05-29 00:00:00,0.0529159045186537,-0.152644647565543,0.2584764566028505,12.217,57.1
4895,1913-05-30 00:00:00,0.0666667073559008,-0.1388379166882216,0.2721713314000232,12.217,57.1
4896,1913-05-31 00:00:00,0.0870211003875606,-0.1184482433065991,0.2924904440817203,12.217,57.1
4897,1913-06-01 00:00:00,0.0739463295090578,-0.1315757629334358,0.2794684219515514,12.217,57.1
4898,1913-06-02 00:00:00,-0.0234967776593883,-0.2292922476220829,0.1822986923033063,12.217,57.1
4899,1913-06-03 00:00:00,0.0244569849543856,-0.1811095615671492,0.2300235314759206,12.217,57.1
4900,1913-06-04 00:00:00,0.0312678005302987,-0.1744995186116695,0.2370351196722671,12.217,57.1
4901,1913-06-05 00:00:00,-0.0186416824836679,-0.2242787934651691,0.1869954284978333,12.217,57.1
4902,1913-06-06 00:00:00,0.1054150698574694,-0.1003468800518671,0.3111770197668061,12.217,57.1
4903,1913-06-07 00:00:00,0.0632322812497101,-0.1423615426997067,0.2688261051991269,12.217,57.1
4904,1913-06-08 00:00:00,0.2016496941009654,-0.004475756411629,0.40777514461356,12.217,57.1
4905,1913-06-09 00:00:00,0.1377953965518703,-0.0691024626541924,0.3446932557579331,12.217,57.1
4906,1913-06-10 00:00:00,0.3619952411091224,0.1546951681609811,0.5692953140572637,12.217,57.1
4907,1913-06-11 00:00:00,0.2165081786559805,0.0094656912991132,0.4235506660128477,12.217,57.1
4908,1913-06-12 00:00:00,0.380137585895712,0.173817250804581,0.586457920986843,12.217,57.1
4909,1913-06-13 00:00:00,0.166980866756357,-0.0392916618338888,0.3732533953466028,12.217,57.1
4910,1913-06-14 00:00:00,0.0384900934516779,-0.1674689166965843,0.2444491035999401,12.217,57.1
4911,1913-06-15 00:00:00,-0.0262508261036133,-0.2318697185417096,0.1793680663344829,12.217,57.1
4912,1913-06-16 00:00:00,-0.0257224397689171,-0.2311954806272649,0.1797506010894307,12.217,57.1
4913,1913-06-17 00:00:00,-0.0181415331692424,-0.2236551253547429,0.187372059016258,12.217,57.1
4914,1913-06-18 00:00:00,0.004065150040554,-0.2014775258742991,0.2096078259554073,12.217,57.1
4915,1913-06-19 00:00:00,0.0506495405817723,-0.1550784718851792,0.2563775530487239,12.217,57.1
4916,1913-06-20 00:00:00,0.0288662302686513,-0.1770223129293162,0.2347547734666188,12.217,57.1
4917,1913-06-21 00:00:00,-0.0014551855393144,-0.2070747860759678,0.2041644149973389,12.217,57.1
4918,1913-06-22 00:00:00,0.0120639160829226,-0.1934265864811579,0.2175544186470032,12.217,57.1
4919,1913-06-23 00:00:00,0.022796178384517,-0.1826921405551329,0.2282844973241671,12.217,57.1
4920,1913-06-24 00:00:00,0.0271376181509525,-0.1782967025293067,0.2325719388312118,12.217,57.1
4921,1913-06-25 00:00:00,0.0915339311932955,-0.1138755690120464,0.2969434313986376,12.217,57.1
4922,1913-06-26 00:00:00,0.073110129496434,-0.1323763109906766,0.2785965699835447,12.217,57.1
4923,1913-06-27 00:00:00,0.1213851356710529,-0.0841346417894885,0.3269049131315944,12.217,57.1
4924,1913-06-28 00:00:00,0.0972112891721732,-0.1083828003171677,0.3028053786615142,12.217,57.1
4925,1913-06-29 00:00:00,0.1125273761848147,-0.0929885162946028,0.3180432686642322,12.217,57.1
4926,1913-06-30 00:00:00,0.0136530701174961,-0.1920418437030064,0.2193479839379987,12.217,57.1
4927,1913-07-01 00:00:00,0.0086531904065353,-0.1977675273477276,0.2150739081607984,12.217,57.1
4928,1913-07-02 00:00:00,0.0246206875653891,-0.1813599099723947,0.2306012851031729,12.217,57.1
4929,1913-07-03 00:00:00,0.0933018046331972,-0.1128231008139045,0.2994267100802991,12.217,57.1
4930,1913-07-04 00:00:00,0.0607206316281494,-0.1449814718310956,0.2664227350873946,12.217,57.1
4931,1913-07-05 00:00:00,0.1283240205286719,-0.0772193059178631,0.333867346975207,12.217,57.1
4932,1913-07-06 00:00:00,0.1266340003003818,-0.0791883321985524,0.3324563327993161,12.217,57.1
4933,1913-07-07 00:00:00,0.1177153996363681,-0.0882499635426891,0.3236807628154253,12.217,57.1
4934,1913-07-08 00:00:00,0.0321616218550872,-0.1734927780697341,0.2378160217799086,12.217,57.1
4935,1913-07-09 00:00:00,0.0154912642205151,-0.189958244682863,0.2209407731238934,12.217,57.1
4936,1913-07-10 00:00:00,0.0035377256852448,-0.202136829678796,0.2092122810492856,12.217,57.1
4937,1913-07-11 00:00:00,0.0894666873978051,-0.1167326408543606,0.2956660156499709,12.217,57.1
4938,1913-07-12 00:00:00,0.0317072667621127,-0.1740286950142804,0.2374432285385059,12.217,57.1
4939,1913-07-13 00:00:00,0.0212976115196372,-0.1846122526457288,0.2272074756850033,12.217,57.1
4940,1913-07-14 00:00:00,-0.0051349533004135,-0.2108126671501971,0.2005427605493699,12.217,57.1
4941,1913-07-15 00:00:00,0.0465926218524294,-0.1588310674155885,0.2520163111204474,12.217,57.1
4942,1913-07-16 00:00:00,0.0609847471996538,-0.1444390028823753,0.266408497281683,12.217,57.1
4943,1913-07-17 00:00:00,0.062580198848087,-0.1428941124898846,0.2680545101860587,12.217,57.1
4944,1913-07-18 00:00:00,0.0936815879557035,-0.1118059096692718,0.2991690855806789,12.217,57.1
4945,1913-07-19 00:00:00,0.0961262503966223,-0.1093085532557637,0.3015610540490085,12.217,57.1
4946,1913-07-20 00:00:00,0.1087427478519478,-0.0967188900038586,0.3142043857077543,12.217,57.1
4947,1913-07-21 00:00:00,0.1246221364366277,-0.0810140170515745,0.33025828992483,12.217,57.1
4948,1913-07-22 00:00:00,0.0434490400887472,-0.1620919785824193,0.2489900587599137,12.217,57.1
4949,1913-07-23 00:00:00,0.0830504437197955,-0.1225883347118478,0.2886892221514388,12.217,57.1
4950,1913-07-24 00:00:00,-0.0383836978951494,-0.2439680037457655,0.1672006079554666,12.217,57.1
4951,1913-07-25 00:00:00,-0.044545967301356,-0.2499545716474455,0.1608626370447334,12.217,57.1
4952,1913-07-26 00:00:00,-0.0424132652917919,-0.247853796077331,0.1630272654937471,12.217,57.1
4953,1913-07-27 00:00:00,-0.0598075445684922,-0.2652041845111972,0.1455890953742128,12.217,57.1
4954,1913-07-28 00:00:00,0.0266308455761355,-0.1788634531808666,0.2321251443331378,12.217,57.1
4955,1913-07-29 00:00:00,0.1555081589331294,-0.0506081925965362,0.3616245104627951,12.217,57.1
4956,1913-07-30 00:00:00,0.1215513386787012,-0.0853807577362109,0.3284834350936134,12.217,57.1
4957,1913-07-31 00:00:00,-0.0068816730770368,-0.2125445005637442,0.1987811544096706,12.217,57.1
4958,1913-08-01 00:00:00,0.0215666512064811,-0.183937197355451,0.2270704997684134,12.217,57.1
4959,1913-08-02 00:00:00,0.013380201610807,-0.1920718750175923,0.2188322782392063,12.217,57.1
4960,1913-08-03 00:00:00,0.0223583960541165,-0.1831849101059182,0.2279017022141513,12.217,57.1
4961,1913-08-04 00:00:00,0.0578548550148928,-0.1476682631308786,0.2633779731606642,12.217,57.1
4962,1913-08-05 00:00:00,0.0361311363641497,-0.1693525783097167,0.2416148510380163,12.217,57.1
4963,1913-08-06 00:00:00,0.0563775341597567,-0.1492539236342018,0.2620089919537152,12.217,57.1
4964,1913-08-07 00:00:00,0.0844477391040209,-0.1210764706782035,0.2899719488862455,12.217,57.1
4965,1913-08-08 00:00:00,0.1341508004549726,-0.0713810791701362,0.3396826800800816,12.217,57.1
4966,1913-08-09 00:00:00,0.1766585581917316,-0.0288414726538497,0.3821585890373129,12.217,57.1
4967,1913-08-10 00:00:00,0.1226833756504505,-0.0829556044028012,0.3283223557037022,12.217,57.1
4968,1913-08-11 00:00:00,0.0894676586358894,-0.1160704612719303,0.2950057785437092,12.217,57.1
4969,1913-08-12 00:00:00,0.0390051256201659,-0.1664643961462403,0.2444746473865723,12.217,57.1
4970,1913-08-13 00:00:00,0.0242128467445295,-0.1812411965360001,0.2296668900250592,12.217,57.1
4971,1913-08-14 00:00:00,0.0780740143039309,-0.1275040735794105,0.2836521021872723,12.217,57.1
4972,1913-08-15 00:00:00,0.0154008674463526,-0.1904303072601556,0.221232042152861,12.217,57.1
4973,1913-08-16 00:00:00,-0.0680922859476405,-0.2744152919622114,0.1382307200669304,12.217,57.1
4974,1913-08-17 00:00:00,-0.0714133844277658,-0.2793908548139637,0.136564085958432,12.217,57.1
4975,1913-08-18 00:00:00,-0.0260973769718483,-0.2342070637250481,0.1820123097813514,12.217,57.1
4976,1913-08-19 00:00:00,-0.0531479891204754,-0.2604087016299687,0.1541127233890178,12.217,57.1
4977,1913-08-20 00:00:00,0.001232855342941,-0.2044691967587882,0.2069349074446703,12.217,57.1
4978,1913-08-21 00:00:00,0.0300005244460007,-0.1755203293771738,0.2355213782691754,12.217,57.1
4979,1913-08-22 00:00:00,0.0932704506727134,-0.1121657764161633,0.2987066777615902,12.217,57.1
4980,1913-08-23 00:00:00,0.184215605274734,-0.0213551428100996,0.3897863533595677,12.217,57.1
4981,1913-08-24 00:00:00,0.1872902151401625,-0.0185818500009522,0.3931622802812773,12.217,57.1
4982,1913-08-25 00:00:00,0.0726760250760329,-0.1332092766364336,0.2785613267884995,12.217,57.1
4983,1913-08-26 00:00:00,-0.0004023951752895,-0.2058785877927695,0.2050737974421905,12.217,57.1
4984,1913-08-27 00:00:00,-0.0030631971193465,-0.2085097027490828,0.2023833085103897,12.217,57.1
4985,1913-08-28 00:00:00,-0.0062439418916939,-0.2116506225001848,0.1991627387167969,12.217,57.1
4986,1913-08-29 00:00:00,0.0176361625236291,-0.1877697579688284,0.2230420830160867,12.217,57.1
4987,1913-08-30 00:00:00,0.0093770584041579,-0.1961366380413211,0.2148907548496368,12.217,57.1
4988,1913-08-31 00:00:00,0.0128317004427174,-0.1926061817830429,0.2182695826684778,12.217,57.1
4989,1913-09-01 00:00:00,-0.0005665240133222,-0.2059789337102404,0.2048458856835959,12.217,57.1
4990,1913-09-02 00:00:00,0.0015327773803858,-0.2039577958360553,0.207023350596827,12.217,57.1
4991,1913-09-03 00:00:00,-0.0751631393973533,-0.2808776357431501,0.1305513569484434,12.217,57.1
4992,1913-09-04 00:00:00,-0.1127463280296603,-0.3185067038383015,0.0930140477789807,12.217,57.1
4993,1913-09-05 00:00:00,-0.1082018024498901,-0.3138442833866071,0.0974406784868267,12.217,57.1
4994,1913-09-06 00:00:00,-0.0995993559173574,-0.3050808040936823,0.1058820922589674,12.217,57.1
4995,1913-09-07 00:00:00,-0.1083956731197741,-0.3138839546901793,0.0970926084506311,12.217,57.1
4996,1913-09-08 00:00:00,-0.035849827411333,-0.2413100471708422,0.1696103923481761,12.217,57.1
4997,1913-09-09 00:00:00,0.0411930259984279,-0.1643216964106502,0.2467077484075061,12.217,57.1
4998,1913-09-10 00:00:00,0.0394056869117598,-0.1662733411289339,0.2450847149524536,12.217,57.1
4999,1913-09-11 00:00:00,0.0142100487949449,-0.1919168796327079,0.2203369772225978,12.217,57.1
5000,1913-09-12 00:00:00,0.0946884028743182,-0.111074916290506,0.3004517220391425,12.217,57.1
5001,1913-09-13 00:00:00,0.1681051123980076,-0.0377391831059513,0.3739494079019666,12.217,57.1
5002,1913-09-14 00:00:00,0.1484675938707414,-0.0572390982779652,0.3541742860194482,12.217,57.1
5003,1913-09-15 00:00:00,0.0807098936070156,-0.1249235551771981,0.2863433423912294,12.217,57.1
5004,1913-09-16 00:00:00,0.0835286010130002,-0.1219896308708703,0.2890468328968709,12.217,57.1
5005,1913-09-17 00:00:00,0.0858331942922487,-0.1198588876735125,0.29152527625801,12.217,57.1
5006,1913-09-18 00:00:00,0.0573174641237345,-0.1483429834895148,0.2629779117369839,12.217,57.1
5007,1913-09-19 00:00:00,0.0670124572262451,-0.1385730489857559,0.2725979634382462,12.217,57.1
5008,1913-09-20 00:00:00,0.0437511401357698,-0.1617564195683425,0.2492586998398822,12.217,57.1
5009,1913-09-21 00:00:00,0.0136776709165628,-0.1917921973974998,0.2191475392306254,12.217,57.1
5010,1913-09-22 00:00:00,-0.044243511852849,-0.2497509073836576,0.1612638836779595,12.217,57.1
5011,1913-09-23 00:00:00,-0.0468809824076652,-0.2526131236157282,0.1588511588003976,12.217,57.1
5012,1913-09-24 00:00:00,-0.0250532193298385,-0.2305307752586686,0.1804243365989914,12.217,57.1
5013,1913-09-25 00:00:00,-0.0212924409801522,-0.2267496661345647,0.1841647841742603,12.217,57.1
5014,1913-09-26 00:00:00,-0.0140792215777221,-0.2195705306058241,0.1914120874503798,12.217,57.1
5015,1913-09-27 00:00:00,0.0209009774871714,-0.1846715121133324,0.2264734670876752,12.217,57.1
5016,1913-09-28 00:00:00,0.0267404755588412,-0.1788103759843463,0.2322913271020287,12.217,57.1
5017,1913-09-29 00:00:00,0.0054216608210643,-0.2001062550536732,0.2109495766958019,12.217,57.1
5018,1913-09-30 00:00:00,-0.0333744152922294,-0.2389725636863859,0.1722237331019271,12.217,57.1
5019,1913-10-01 00:00:00,-0.0735205441963885,-0.2790632559932094,0.1320221676004324,12.217,57.1
5020,1913-10-02 00:00:00,-0.0054645802599261,-0.2110031200614206,0.2000739595415684,12.217,57.1
5021,1913-10-03 00:00:00,0.0327858871279419,-0.1727174865333448,0.2382892607892287,12.217,57.1
5022,1913-10-04 00:00:00,0.0447555249504081,-0.1606893817773589,0.2502004316781752,12.217,57.1
5023,1913-10-05 00:00:00,0.0538814470322082,-0.1515578331936924,0.259320727258109,12.217,57.1
5024,1913-10-06 00:00:00,0.0062726267065927,-0.199421662005566,0.2119669154187516,12.217,57.1
5025,1913-10-07 00:00:00,-0.0004889219904056,-0.2060981956573358,0.2051203516765245,12.217,57.1
5026,1913-10-08 00:00:00,0.0433052524743393,-0.1623712768443603,0.248981781793039,12.217,57.1
5027,1913-10-09 00:00:00,0.1194153092427526,-0.0874614506698919,0.3262920691553971,12.217,57.1
5028,1913-10-10 00:00:00,-0.0611647217144437,-0.2693608471016731,0.1470314036727857,12.217,57.1
5029,1913-10-11 00:00:00,-0.1253689012438969,-0.3319916490663227,0.0812538465785287,12.217,57.1
5030,1913-10-12 00:00:00,-0.0801455301228803,-0.2858431223647764,0.1255520621190156,12.217,57.1
5031,1913-10-13 00:00:00,-0.0856666024269927,-0.2912238727892643,0.1198906679352787,12.217,57.1
5032,1913-10-14 00:00:00,-0.0084743071210358,-0.2142144269817925,0.1972658127397207,12.217,57.1
5033,1913-10-15 00:00:00,0.1967384629696462,-0.0096097437466353,0.4030866696859279,12.217,57.1
5034,1913-10-16 00:00:00,0.1335727295386144,-0.072740399871457,0.3398858589486859,12.217,57.1
5035,1913-10-17 00:00:00,0.0221148918896634,-0.1836698316835802,0.2278996154629072,12.217,57.1
5036,1913-10-18 00:00:00,0.2608329499334844,0.050464606079794,0.4712012937871748,12.217,57.1
5037,1913-10-19 00:00:00,0.1310073874121494,-0.0761272186114679,0.3381419934357667,12.217,57.1
5038,1913-10-20 00:00:00,0.0915412910829126,-0.1141098804963998,0.2971924626622252,12.217,57.1
5039,1913-10-21 00:00:00,0.116852294073713,-0.0887097722987321,0.3224143604461582,12.217,57.1
5040,1913-10-22 00:00:00,0.1889131910201217,-0.0166583080924449,0.3944846901326884,12.217,57.1
5041,1913-10-23 00:00:00,0.1629281080471801,-0.043074805394117,0.3689310214884772,12.217,57.1
5042,1913-10-24 00:00:00,0.1002509453683761,-0.1053685872736278,0.3058704780103801,12.217,57.1
5043,1913-10-25 00:00:00,0.1026070819241145,-0.1030985877710178,0.3083127516192468,12.217,57.1
5044,1913-10-26 00:00:00,0.1821307515265997,-0.0234652499282694,0.3877267529814688,12.217,57.1
5045,1913-10-27 00:00:00,0.1257433517578769,-0.0799568587690179,0.3314435622847718,12.217,57.1
5046,1913-10-28 00:00:00,0.1910320072804884,-0.0153227110861836,0.3973867256471605,12.217,57.1
5047,1913-10-29 00:00:00,0.1378107176636184,-0.0678863257067688,0.3435077610340057,12.217,57.1
5048,1913-10-30 00:00:00,0.1647632785082989,-0.0407295013883196,0.3702560584049176,12.217,57.1
5049,1913-10-31 00:00:00,0.0873007550436012,-0.1181910561357363,0.2927925662229389,12.217,57.1
5050,1913-11-01 00:00:00,0.1252615751560182,-0.0804490746304185,0.330972224942455,12.217,57.1
5051,1913-11-02 00:00:00,0.1259603442704576,-0.079837879527355,0.3317585680682702,12.217,57.1
5052,1913-11-03 00:00:00,0.2173428898018644,0.0111515326249456,0.4235342469787833,12.217,57.1
5053,1913-11-04 00:00:00,0.3645695199686619,0.1581548689785719,0.570984170958752,12.217,57.1
5054,1913-11-05 00:00:00,0.2005138595788613,-0.0055258460774429,0.4065535652351655,12.217,57.1
5055,1913-11-06 00:00:00,0.1329948730705621,-0.0727137781499597,0.3387035242910841,12.217,57.1
5056,1913-11-07 00:00:00,0.27673921245298,0.0702726986206049,0.4832057262853552,12.217,57.1
5057,1913-11-08 00:00:00,0.01613675675684,-0.1903104138587054,0.2225839273723855,12.217,57.1
5058,1913-11-09 00:00:00,0.0343653349091644,-0.1713248915861074,0.2400555614044362,12.217,57.1
5059,1913-11-10 00:00:00,-0.009682944703497,-0.2153896560531831,0.196023766646189,12.217,57.1
5060,1913-11-11 00:00:00,0.0332113507533158,-0.1725441323860203,0.238966833892652,12.217,57.1
5061,1913-11-12 00:00:00,0.2161338142491741,0.0100544945924382,0.42221313390591,12.217,57.1
5062,1913-11-13 00:00:00,0.2114749166409319,0.0053239753274835,0.4176258579543802,12.217,57.1
5063,1913-11-14 00:00:00,0.2428122914005979,0.0370811244010403,0.4485434584001555,12.217,57.1
5064,1913-11-15 00:00:00,0.2675310938714981,0.0618041235731951,0.473258064169801,12.217,57.1
5065,1913-11-16 00:00:00,0.1983744648152889,-0.0075088973219729,0.4042578269525507,12.217,57.1
5066,1913-11-17 00:00:00,0.1003234920281359,-0.1053983748510574,0.3060453589073293,12.217,57.1
5067,1913-11-18 00:00:00,0.2463544238951479,0.038154623369651,0.4545542244206447,12.217,57.1
5068,1913-11-19 00:00:00,0.2336808823302752,0.0233205165647504,0.4440412480958,12.217,57.1
5069,1913-11-20 00:00:00,0.3849292441060314,0.1761409153688342,0.5937175728432287,12.217,57.1
5070,1913-11-21 00:00:00,0.4239837426449206,0.2167478301478915,0.6312196551419498,12.217,57.1
5071,1913-11-22 00:00:00,0.3693427174849795,0.1621444512508165,0.5765409837191424,12.217,57.1
5072,1913-11-23 00:00:00,0.1315767109774942,-0.0747775401126432,0.3379309620676317,12.217,57.1
5073,1913-11-24 00:00:00,0.0551493302394668,-0.1504916690597425,0.2607903295386762,12.217,57.1
5074,1913-11-25 00:00:00,0.0771029478143516,-0.1288707746812875,0.2830766703099908,12.217,57.1
5075,1913-11-26 00:00:00,0.0573684355932253,-0.1493642258396059,0.2641010970260566,12.217,57.1
5076,1913-11-27 00:00:00,0.2804099933060273,0.073313634141492,0.4875063524705625,12.217,57.1
5077,1913-11-28 00:00:00,0.1139347486563577,-0.0919121767837175,0.3197816740964331,12.217,57.1
5078,1913-11-29 00:00:00,0.1982337735158986,-0.0079915128005625,0.4044590598323599,12.217,57.1
5079,1913-11-30 00:00:00,0.4807693440344631,0.2720889205882668,0.6894497674806594,12.217,57.1
5080,1913-12-01 00:00:00,0.4168670153497669,0.2062423553900592,0.6274916753094745,12.217,57.1
5081,1913-12-02 00:00:00,0.2774385218971972,0.0704848514698228,0.4843921923245716,12.217,57.1
5082,1913-12-03 00:00:00,0.2624643016253383,0.0560684372105257,0.4688601660401509,12.217,57.1
5083,1913-12-04 00:00:00,0.468745259749771,0.2611432187299367,0.6763473007696053,12.217,57.1
5084,1913-12-05 00:00:00,0.5592097661289046,0.3456426046378913,0.7727769276199179,12.217,57.1
5085,1913-12-06 00:00:00,0.2403558522114866,0.0333921449153919,0.4473195595075813,12.217,57.1
5086,1913-12-07 00:00:00,0.0533697168733944,-0.1523474747852445,0.2590869085320334,12.217,57.1
5087,1913-12-08 00:00:00,-0.0418961751739877,-0.2474640073203384,0.1636716569723629,12.217,57.1
5088,1913-12-09 00:00:00,0.1679962450069257,-0.0380280095729668,0.3740204995868182,12.217,57.1
5089,1913-12-10 00:00:00,0.4625110070219753,0.2562774759099276,0.668744538134023,12.217,57.1
5090,1913-12-11 00:00:00,0.1678333444126068,-0.0382397049835757,0.3739063938087895,12.217,57.1
5091,1913-12-12 00:00:00,0.153664865335324,-0.052124230636997,0.359453961307645,12.217,57.1
5092,1913-12-13 00:00:00,0.2687624271647152,0.0628749698693397,0.4746498844600908,12.217,57.1
5093,1913-12-14 00:00:00,0.2976879475495841,0.0906041025193003,0.5047717925798678,12.217,57.1
5094,1913-12-15 00:00:00,0.1526042879500946,-0.0562762546546335,0.3614848305548228,12.217,57.1
5095,1913-12-16 00:00:00,-0.0387988510570043,-0.2456549206187745,0.1680572185047659,12.217,57.1
5096,1913-12-17 00:00:00,0.0947285682159707,-0.1112757487008512,0.3007328851327926,12.217,57.1
5097,1913-12-18 00:00:00,-0.1296083158084814,-0.335702447649685,0.076485816032722,12.217,57.1
5098,1913-12-19 00:00:00,-0.0720646786139872,-0.2776069059328087,0.1334775487048342,12.217,57.1
5099,1913-12-20 00:00:00,-0.103212868742688,-0.3089069392688754,0.1024812017834993,12.217,57.1
5100,1913-12-21 00:00:00,0.0842689640878913,-0.1217819092922954,0.290319837468078,12.217,57.1
5101,1913-12-22 00:00:00,0.166808544762409,-0.0406864272545055,0.3743035167793236,12.217,57.1
5102,1913-12-23 00:00:00,0.1838719683595862,-0.0221660396717121,0.3899099763908846,12.217,57.1
5103,1913-12-24 00:00:00,0.2519229817824729,0.0459639175969425,0.4578820459680033,12.217,57.1
5104,1913-12-25 00:00:00,0.1763619571846919,-0.0299190283438731,0.382642942713257,12.217,57.1
5105,1913-12-26 00:00:00,0.0049354944062262,-0.2014766168760477,0.2113476056885002,12.217,57.1
5106,1913-12-27 00:00:00,0.2881643871469564,0.0812202428596838,0.495108531434229,12.217,57.1
5107,1913-12-28 00:00:00,0.3191000576263625,0.1123032285285758,0.5258968867241491,12.217,57.1
5108,1913-12-29 00:00:00,0.1500225189614118,-0.0570311566128883,0.357076194535712,12.217,57.1
5109,1913-12-30 00:00:00,-0.0846510288838849,-0.29290515223428,0.1236030944665102,12.217,57.1
5110,1913-12-31 00:00:00,-0.1217238165967927,-0.3323877481333825,0.088940114939797,12.217,57.1
5111,1914-01-01 00:00:00,-0.1849067932471336,-0.3941438307509108,0.0243302442566434,12.217,57.1
5112,1914-01-02 00:00:00,0.1074497153052197,-0.0983981144956766,0.3132975451061162,12.217,57.1
5113,1914-01-03 00:00:00,0.1393578312268856,-0.0669347931892627,0.345650455643034,12.217,57.1
5114,1914-01-04 00:00:00,0.0802390456979479,-0.1260021079644417,0.2864801993603375,12.217,57.1
5115,1914-01-05 00:00:00,0.377867733954617,0.1715819444736203,0.5841535234356138,12.217,57.1
5116,1914-01-06 00:00:00,0.4727119366157257,0.2664882202600159,0.6789356529714355,12.217,57.1
5117,1914-01-07 00:00:00,0.1048653386210102,-0.1016213730268132,0.3113520502688337,12.217,57.1
5118,1914-01-08 00:00:00,-0.0649745128760131,-0.2715250291569495,0.1415760034049232,12.217,57.1
5119,1914-01-09 00:00:00,0.2847920696314723,0.0782821989220325,0.4913019403409122,12.217,57.1
5120,1914-01-10 00:00:00,0.0464464560460092,-0.1651459312686105,0.258038843360629,12.217,57.1
5121,1914-01-11 00:00:00,-0.0195903468363341,-0.2261889535241042,0.1870082598514358,12.217,57.1
5122,1914-01-12 00:00:00,-0.0651114006523617,-0.2714460683965742,0.1412232670918507,12.217,57.1
5123,1914-01-13 00:00:00,-0.115821503983388,-0.3215093293945407,0.0898663214277646,12.217,57.1
5124,1914-01-14 00:00:00,-0.0577976919152549,-0.2634495297070212,0.1478541458765112,12.217,57.1
5125,1914-01-15 00:00:00,-0.0766609953965548,-0.2822573806706484,0.1289353898775387,12.217,57.1
5126,1914-01-16 00:00:00,-0.0071042496957179,-0.212774656871524,0.1985661574800881,12.217,57.1
5127,1914-01-17 00:00:00,0.0323305471885817,-0.1732857636801219,0.2379468580572854,12.217,57.1
5128,1914-01-18 00:00:00,-0.0045537296836693,-0.210107581848357,0.2010001224810184,12.217,57.1
5129,1914-01-19 00:00:00,-0.0247427236589677,-0.2302726112245119,0.1807871639065765,12.217,57.1
5130,1914-01-20 00:00:00,-0.0431339091065738,-0.2486353120903175,0.1623674938771698,12.217,57.1
5131,1914-01-21 00:00:00,-0.0063794247441505,-0.2118846551533897,0.1991258056650887,12.217,57.1
5132,1914-01-22 00:00:00,-0.0352935746258171,-0.2408628678187952,0.170275718567161,12.217,57.1
5133,1914-01-23 00:00:00,-0.0206683417633961,-0.226209512658125,0.1848728291313326,12.217,57.1
5134,1914-01-24 00:00:00,0.0445836948352898,-0.160951273890897,0.2501186635614766,12.217,57.1
5135,1914-01-25 00:00:00,0.2109632780975585,0.0049886687840149,0.416937887411102,12.217,57.1
5136,1914-01-26 00:00:00,0.3402927626947015,0.1339837754974337,0.5466017498919693,12.217,57.1
5137,1914-01-27 00:00:00,0.4024412851719401,0.1928005673777061,0.6120820029661742,12.217,57.1
5138,1914-01-28 00:00:00,0.0796961552348187,-0.1267125043324844,0.2861048148021219,12.217,57.1
5139,1914-01-29 00:00:00,0.2276150454516512,0.0214379002592368,0.4337921906440657,12.217,57.1
5140,1914-01-30 00:00:00,0.3015026024374603,0.0956682605320391,0.5073369443428816,12.217,57.1
5141,1914-01-31 00:00:00,0.2544535240832735,0.0485838561234282,0.4603231920431188,12.217,57.1
5142,1914-02-01 00:00:00,0.5040361331890809,0.2970330152427345,0.7110392511354273,12.217,57.1
5143,1914-02-02 00:00:00,0.3254029283256581,0.1182055957367098,0.5326002609146064,12.217,57.1
5144,1914-02-03 00:00:00,0.3413316935070631,0.1347907573803977,0.5478726296337285,12.217,57.1
5145,1914-02-04 00:00:00,0.2300795231013514,0.0236821744977369,0.4364768717049659,12.217,57.1
5146,1914-02-05 00:00:00,0.1473348174182138,-0.058594315259511,0.3532639500959387,12.217,57.1
5147,1914-02-06 00:00:00,0.1656134976912146,-0.0402927523321373,0.3715197477145666,12.217,57.1
5148,1914-02-07 00:00:00,0.0987289574492961,-0.1069707616858798,0.3044286765844721,12.217,57.1
5149,1914-02-08 00:00:00,0.1483440238578522,-0.0571244197566142,0.3538124674723187,12.217,57.1
5150,1914-02-09 00:00:00,0.2028333709999364,-0.0030023456815179,0.4086690876813909,12.217,57.1
5151,1914-02-10 00:00:00,0.1625360366817097,-0.043518442369537,0.3685905157329565,12.217,57.1
5152,1914-02-11 00:00:00,0.1328733517596405,-0.0729841267049324,0.3387308302242136,12.217,57.1
5153,1914-02-12 00:00:00,0.1255995474716179,-0.080122298216533,0.3313213931597689,12.217,57.1
5154,1914-02-13 00:00:00,0.2019192516623554,-0.0038461583587495,0.4076846616834605,12.217,57.1
5155,1914-02-14 00:00:00,0.1485268585005429,-0.0574240249794389,0.3544777419805248,12.217,57.1
5156,1914-02-15 00:00:00,0.3174668529310257,0.1085579094087229,0.5263757964533284,12.217,57.1
5157,1914-02-16 00:00:00,0.5760402441978962,0.3671955277907452,0.7848849606050472,12.217,57.1
5158,1914-02-17 00:00:00,0.3393997046235166,0.1313240192218129,0.5474753900252203,12.217,57.1
5159,1914-02-18 00:00:00,0.3052375025300641,0.0991657571197623,0.5113092479403658,12.217,57.1
5160,1914-02-19 00:00:00,0.2431521804914239,0.0372409035884723,0.4490634573943756,12.217,57.1
5161,1914-02-20 00:00:00,0.2002791479648115,-0.0055939991304974,0.4061522950601204,12.217,57.1
5162,1914-02-21 00:00:00,0.0764238782118798,-0.1295633275620406,0.2824110839858003,12.217,57.1
5163,1914-02-22 00:00:00,0.2682403656813336,0.0619215466393091,0.4745591847233581,12.217,57.1
5164,1914-02-23 00:00:00,0.1616359029979097,-0.0457670956994555,0.3690389016952748,12.217,57.1
5165,1914-02-24 00:00:00,0.1257989376510246,-0.0812322003830503,0.3328300756850997,12.217,57.1
5166,1914-02-25 00:00:00,-0.0352127372841002,-0.2416833578325535,0.171257883264353,12.217,57.1
5167,1914-02-26 00:00:00,-0.0441227004841579,-0.250068051787639,0.1618226508193231,12.217,57.1
5168,1914-02-27 00:00:00,0.0253662156630508,-0.1802028544458193,0.2309352857719209,12.217,57.1
5169,1914-02-28 00:00:00,-0.0249519560743789,-0.2304753046788826,0.1805713925301246,12.217,57.1
5170,1914-03-01 00:00:00,0.0586824983515041,-0.1469074496546301,0.2642724463576384,12.217,57.1
5171,1914-03-02 00:00:00,0.2165970433206477,0.0107970426734348,0.4223970439678605,12.217,57.1
5172,1914-03-03 00:00:00,0.1661533601901543,-0.039637569793857,0.3719442901741657,12.217,57.1
5173,1914-03-04 00:00:00,0.2066117101981933,0.0008436727211605,0.412379747675226,12.217,57.1
5174,1914-03-05 00:00:00,0.2428022269581159,0.0371296763917966,0.4484747775244353,12.217,57.1
5175,1914-03-06 00:00:00,0.3029749997951718,0.0970224742578907,0.5089275253324529,12.217,57.1
5176,1914-03-07 00:00:00,0.3054138115217796,0.099057911728275,0.5117697113152843,12.217,57.1
5177,1914-03-08 00:00:00,0.2217773846978329,0.0148991207693214,0.4286556486263445,12.217,57.1
5178,1914-03-09 00:00:00,0.1745971743300781,-0.0312689431303232,0.3804632917904795,12.217,57.1
5179,1914-03-10 00:00:00,0.0777077057141195,-0.1278921248705223,0.2833075362987615,12.217,57.1
5180,1914-03-11 00:00:00,0.0951745458750083,-0.1108151067911123,0.3011641985411291,12.217,57.1
5181,1914-03-12 00:00:00,0.0511285657437681,-0.1549641348616354,0.2572212663491717,12.217,57.1
5182,1914-03-13 00:00:00,0.0333571798932864,-0.1726260590105172,0.2393404187970902,12.217,57.1
5183,1914-03-14 00:00:00,-0.008477412375785,-0.2143269938600661,0.1973721691084959,12.217,57.1
5184,1914-03-15 00:00:00,0.0612325629534518,-0.1451241860935227,0.2675893120004264,12.217,57.1
5185,1914-03-16 00:00:00,0.1541168588193548,-0.0519220606944794,0.360155778333189,12.217,57.1
5186,1914-03-17 00:00:00,0.0945630899642062,-0.1114989854011335,0.3006251653295461,12.217,57.1
5187,1914-03-18 00:00:00,0.0880025808181258,-0.1178653006663606,0.2938704623026122,12.217,57.1
5188,1914-03-19 00:00:00,0.1195896668509456,-0.0860086950144349,0.3251880287163263,12.217,57.1
5189,1914-03-20 00:00:00,0.1063987006277435,-0.0994214001201427,0.3122188013756299,12.217,57.1
5190,1914-03-21 00:00:00,0.1660910852706335,-0.0403066645143683,0.3724888350556354,12.217,57.1
5191,1914-03-22 00:00:00,0.136636305838443,-0.0702447620822997,0.3435173737591859,12.217,57.1
5192,1914-03-23 00:00:00,0.144510228585363,-0.062218115666092,0.3512385728368182,12.217,57.1
5193,1914-03-24 00:00:00,0.1086721670411393,-0.0975628128768478,0.3149071469591266,12.217,57.1
5194,1914-03-25 00:00:00,0.0926364001740037,-0.1131673064142582,0.2984401067622657,12.217,57.1
5195,1914-03-26 00:00:00,0.09870662448032,-0.1072760835501749,0.304689332510815,12.217,57.1
5196,1914-03-27 00:00:00,0.0381226624682798,-0.1679801622076645,0.2442254871442241,12.217,57.1
5197,1914-03-28 00:00:00,-0.0242493726921808,-0.2303656812543144,0.1818669358699527,12.217,57.1
5198,1914-03-29 00:00:00,-0.0723464294178451,-0.2781536769937375,0.1334608181580472,12.217,57.1
5199,1914-03-30 00:00:00,-0.0247975751618444,-0.2303672577030236,0.1807721073793347,12.217,57.1
5200,1914-03-31 00:00:00,0.0385826240330724,-0.1670691644407906,0.2442344125069356,12.217,57.1
5201,1914-04-01 00:00:00,0.2931804759573337,0.0868964321030568,0.4994645198116106,12.217,57.1
5202,1914-04-02 00:00:00,0.0892330144613564,-0.1171169454062976,0.2955829743290105,12.217,57.1
5203,1914-04-03 00:00:00,0.0632321935174728,-0.1424167770748994,0.2688811641098451,12.217,57.1
5204,1914-04-04 00:00:00,0.005954030288279,-0.1997355817979143,0.2116436423744723,12.217,57.1
5205,1914-04-05 00:00:00,0.034684394807898,-0.1707678365607841,0.2401366261765802,12.217,57.1
5206,1914-04-06 00:00:00,0.1277520827625977,-0.0778801941536781,0.3333843596788736,12.217,57.1
5207,1914-04-07 00:00:00,0.240032753868315,0.0334516220119246,0.4466138857247054,12.217,57.1
5208,1914-04-08 00:00:00,0.163234533577578,-0.0427017576349675,0.3691708247901237,12.217,57.1
5209,1914-04-09 00:00:00,0.1551488798219126,-0.0504267951474593,0.3607245547912846,12.217,57.1
5210,1914-04-10 00:00:00,0.081619560801135,-0.124004825939286,0.2872439475415562,12.217,57.1
5211,1914-04-11 00:00:00,0.1573433453289796,-0.0497859864699679,0.3644726771279272,12.217,57.1
5212,1914-04-12 00:00:00,0.0967755868967962,-0.1098430117354007,0.3033941855289933,12.217,57.1
5213,1914-04-13 00:00:00,0.1634146052195076,-0.0429210224843122,0.3697502329233276,12.217,57.1
5214,1914-04-14 00:00:00,0.1163517577311015,-0.0900929719764305,0.3227964874386336,12.217,57.1
5215,1914-04-15 00:00:00,0.1120002242997953,-0.0949577651601291,0.3189582137597199,12.217,57.1
5216,1914-04-16 00:00:00,-0.0210610232265203,-0.2269129890060616,0.1847909425530209,12.217,57.1
5217,1914-04-17 00:00:00,-0.0704557478109752,-0.2759971662285999,0.1350856706066494,12.217,57.1
5218,1914-04-18 00:00:00,-0.0483227372329652,-0.2539295441237398,0.1572840696578094,12.217,57.1
5219,1914-04-19 00:00:00,-0.0715526934273996,-0.2772419085368207,0.1341365216820214,12.217,57.1
5220,1914-04-20 00:00:00,-0.031984207855651,-0.2374961029638697,0.1735276872525676,12.217,57.1
5221,1914-04-21 00:00:00,-0.0281912219456835,-0.2336477483830318,0.1772653044916647,12.217,57.1
5222,1914-04-22 00:00:00,-0.0199519808212456,-0.2253932959920786,0.1854893343495872,12.217,57.1
5223,1914-04-23 00:00:00,0.0217890935234369,-0.1836795670256158,0.2272577540724897,12.217,57.1
5224,1914-04-24 00:00:00,0.1131994490738927,-0.0925010993774769,0.3188999975252625,12.217,57.1
5225,1914-04-25 00:00:00,0.1499867155547709,-0.0557226923336809,0.3556961234432226,12.217,57.1
5226,1914-04-26 00:00:00,0.0453144667879494,-0.1614132268229988,0.2520421603988977,12.217,57.1
5227,1914-04-27 00:00:00,0.144289601163267,-0.0621163147504751,0.3506955170770092,12.217,57.1
5228,1914-04-28 00:00:00,0.0587219381826505,-0.1473793967204696,0.2648232730857708,12.217,57.1
5229,1914-04-29 00:00:00,0.1361459434886887,-0.0702903069159551,0.3425821938933326,12.217,57.1
5230,1914-04-30 00:00:00,0.0372938904541228,-0.1690335290278773,0.2436213099361229,12.217,57.1
5231,1914-05-01 00:00:00,0.0253312477360279,-0.1804772896826677,0.2311397851547235,12.217,57.1
5232,1914-05-02 00:00:00,0.0045549869716516,-0.2012925745448793,0.2104025484881826,12.217,57.1
5233,1914-05-03 00:00:00,-0.0357979754504761,-0.2416824888589134,0.1700865379579612,12.217,57.1
5234,1914-05-04 00:00:00,0.03566649974818,-0.1703942916464065,0.2417272911427667,12.217,57.1
5235,1914-05-05 00:00:00,0.1959425772545387,-0.0098986915444091,0.4017838460534867,12.217,57.1
5236,1914-05-06 00:00:00,0.2343463031356119,0.0284800246576311,0.4402125816135926,12.217,57.1
5237,1914-05-07 00:00:00,0.1153126628315852,-0.090259543001985,0.3208848686651556,12.217,57.1
5238,1914-05-08 00:00:00,0.093983262227933,-0.1116257397097312,0.2995922641655972,12.217,57.1
5239,1914-05-09 00:00:00,0.1987511706566805,-0.0070909303402275,0.4045932716535886,12.217,57.1
5240,1914-05-10 00:00:00,0.1162070813613841,-0.0897801107652535,0.3221942734880217,12.217,57.1
5241,1914-05-11 00:00:00,0.1397022912637346,-0.0660743171464604,0.3454788996739297,12.217,57.1
5242,1914-05-12 00:00:00,0.1124074332925997,-0.0931391506428914,0.317954017228091,12.217,57.1
5243,1914-05-13 00:00:00,0.0510533199123464,-0.1545535892854029,0.2566602291100959,12.217,57.1
5244,1914-05-14 00:00:00,0.0425930386476189,-0.1630348721030655,0.2482209493983034,12.217,57.1
5245,1914-05-15 00:00:00,-0.0112483312101959,-0.216670138935385,0.194173476514993,12.217,57.1
5246,1914-05-16 00:00:00,-0.0416866925885399,-0.2471475797550876,0.1637741945780077,12.217,57.1
5247,1914-05-17 00:00:00,-0.0774569626203621,-0.2830818443511263,0.1281679191104021,12.217,57.1
5248,1914-05-18 00:00:00,-0.049407549004738,-0.2551013883712642,0.1562862903617882,12.217,57.1
5249,1914-05-19 00:00:00,-0.0191483923406707,-0.2248614017099549,0.1865646170286135,12.217,57.1
5250,1914-05-20 00:00:00,-0.0453422234215361,-0.2514284820987033,0.160744035255631,12.217,57.1
5251,1914-05-21 00:00:00,-0.0005829479865655,-0.2062148129920488,0.2050489170189178,12.217,57.1
5252,1914-05-22 00:00:00,0.0426350705880887,-0.1629434002336574,0.248213541409835,12.217,57.1
5253,1914-05-23 00:00:00,0.0211871955157826,-0.1847128323767479,0.2270872234083131,12.217,57.1
5254,1914-05-24 00:00:00,0.1161522513884455,-0.0906302578528155,0.3229347606297066,12.217,57.1
5255,1914-05-25 00:00:00,0.0438504577005212,-0.1626063566256157,0.2503072720266582,12.217,57.1
5256,1914-05-26 00:00:00,-0.0179747880220335,-0.2236273286814306,0.1876777526373635,12.217,57.1
5257,1914-05-27 00:00:00,-0.0481412518119316,-0.253820508284366,0.1575380046605026,12.217,57.1
5258,1914-05-28 00:00:00,-0.0379401407078576,-0.243486750632893,0.1676064692171777,12.217,57.1
5259,1914-05-29 00:00:00,-0.0495919524036295,-0.2554788512218272,0.1562949464145682,12.217,57.1
5260,1914-05-30 00:00:00,-0.0068191256587858,-0.212627276004411,0.1989890246868393,12.217,57.1
5261,1914-05-31 00:00:00,0.0220880440165997,-0.1834651565756949,0.2276412446088944,12.217,57.1
5262,1914-06-01 00:00:00,0.0932142862419068,-0.1123300246433215,0.2987585971271352,12.217,57.1
5263,1914-06-02 00:00:00,0.1248425445657461,-0.0806681379223807,0.330353227053873,12.217,57.1
5264,1914-06-03 00:00:00,0.1139719410190942,-0.0920959072871199,0.3200397893253085,12.217,57.1
5265,1914-06-04 00:00:00,0.0892084343508027,-0.1167544369695696,0.2951713056711752,12.217,57.1
5266,1914-06-05 00:00:00,0.1257069138698643,-0.080058487144373,0.3314723148841017,12.217,57.1
5267,1914-06-06 00:00:00,0.1161470349117551,-0.0899140818786727,0.3222081517021831,12.217,57.1
5268,1914-06-07 00:00:00,0.0689212106002575,-0.137113880296277,0.2749563014967921,12.217,57.1
5269,1914-06-08 00:00:00,0.1129744504915041,-0.0926209725844745,0.3185698735674828,12.217,57.1
5270,1914-06-09 00:00:00,-0.094167925173868,-0.3004294739040017,0.1120936235562655,12.217,57.1
5271,1914-06-10 00:00:00,-0.0280022304245822,-0.234018441402847,0.1780139805536826,12.217,57.1
5272,1914-06-11 00:00:00,-0.0474872238640475,-0.2533887276175677,0.1584142798894726,12.217,57.1
5273,1914-06-12 00:00:00,-0.0267062888741013,-0.2323307849676811,0.1789182072194783,12.217,57.1
5274,1914-06-13 00:00:00,-0.0278317992535853,-0.2335709937705348,0.1779073952633642,12.217,57.1
5275,1914-06-14 00:00:00,-0.0399192481342175,-0.2455096601206959,0.1656711638522608,12.217,57.1
5276,1914-06-15 00:00:00,0.0050655465398118,-0.2004288699989182,0.2105599630785419,12.217,57.1
5277,1914-06-16 00:00:00,0.0237483553508429,-0.1817859217116101,0.2292826324132959,12.217,57.1
5278,1914-06-17 00:00:00,0.0443286492909509,-0.1613743747603547,0.2500316733422565,12.217,57.1
5279,1914-06-18 00:00:00,0.0009969192894644,-0.2046778877851431,0.206671726364072,12.217,57.1
5280,1914-06-19 00:00:00,0.0299463320554467,-0.1755037050798018,0.2353963691906953,12.217,57.1
5281,1914-06-20 00:00:00,0.040867105772862,-0.1645787741084808,0.2463129856542049,12.217,57.1
5282,1914-06-21 00:00:00,0.0389971669493084,-0.1664508953407124,0.2444452292393292,12.217,57.1
5283,1914-06-22 00:00:00,0.0530097394586168,-0.1524484344819136,0.2584679133991472,12.217,57.1
5284,1914-06-23 00:00:00,0.0339892082505816,-0.1714641282716282,0.2394425447727916,12.217,57.1
5285,1914-06-24 00:00:00,0.0401691142108079,-0.1654073944996347,0.2457456229212506,12.217,57.1
5286,1914-06-25 00:00:00,0.0314858900858476,-0.1740460728356933,0.2370178530073887,12.217,57.1
5287,1914-06-26 00:00:00,0.0505333694393193,-0.1550417308632938,0.2561084697419325,12.217,57.1
5288,1914-06-27 00:00:00,0.0604244371499757,-0.1452368339164751,0.2660857082164267,12.217,57.1
5289,1914-06-28 00:00:00,0.1150504487053069,-0.0907610941488993,0.3208619915595133,12.217,57.1
5290,1914-06-29 00:00:00,0.1289550684802012,-0.0774160650291957,0.3353262019895983,12.217,57.1
5291,1914-06-30 00:00:00,0.0703087723072435,-0.1356786503093843,0.2762961949238713,12.217,57.1
5292,1914-07-01 00:00:00,0.0982528968030282,-0.1072538825339293,0.3037596761399858,12.217,57.1
5293,1914-07-02 00:00:00,0.0541387445207604,-0.1515482694938521,0.259825758535373,12.217,57.1
5294,1914-07-03 00:00:00,0.0612800798990533,-0.144363877245226,0.2669240370433328,12.217,57.1
5295,1914-07-04 00:00:00,0.0415275807516013,-0.1641501249692065,0.2472052864724092,12.217,57.1
5296,1914-07-05 00:00:00,-0.0270485390596961,-0.2330458138806537,0.1789487357612614,12.217,57.1
5297,1914-07-06 00:00:00,0.0546942894471866,-0.1518096635795221,0.2611982424738954,12.217,57.1
5298,1914-07-07 00:00:00,0.0248134906583108,-0.1815946953686455,0.2312216766852672,12.217,57.1
5299,1914-07-08 00:00:00,-0.0359915265928571,-0.2416233511627622,0.1696402979770478,12.217,57.1
5300,1914-07-09 00:00:00,-0.0270389445221783,-0.2327833025660796,0.1787054135217229,12.217,57.1
5301,1914-07-10 00:00:00,-0.0500045082920048,-0.2556308215545591,0.1556218049705492,12.217,57.1
5302,1914-07-11 00:00:00,-0.0592581979154554,-0.2648580155739117,0.1463416197430007,12.217,57.1
5303,1914-07-12 00:00:00,-0.0334005547024443,-0.2388346140827166,0.1720335046778278,12.217,57.1
5304,1914-07-13 00:00:00,-0.0150962416018293,-0.2204991068669227,0.190306623663264,12.217,57.1
5305,1914-07-14 00:00:00,-0.0073195731046714,-0.2127165873675986,0.1980774411582556,12.217,57.1
5306,1914-07-15 00:00:00,0.0039403453463832,-0.2014737266083645,0.2093544173011309,12.217,57.1
5307,1914-07-16 00:00:00,0.0462808476016512,-0.1591709341249645,0.251732629328267,12.217,57.1
5308,1914-07-17 00:00:00,0.0689152981502605,-0.1365577111358143,0.2743883074363355,12.217,57.1
5309,1914-07-18 00:00:00,0.0161896906875918,-0.189350908628368,0.2217302900035518,12.217,57.1
5310,1914-07-19 00:00:00,0.0399983149235156,-0.1655873695374188,0.24558399938445,12.217,57.1
5311,1914-07-20 00:00:00,0.0389529905255986,-0.1665432390682129,0.2444492201194102,12.217,57.1
5312,1914-07-21 00:00:00,0.0294975798176355,-0.1760330661097072,0.2350282257449783,12.217,57.1
5313,1914-07-22 00:00:00,0.0693099803918063,-0.1362048490573962,0.2748248098410089,12.217,57.1
5314,1914-07-23 00:00:00,0.1249040642987825,-0.0807119693123015,0.3305200979098667,12.217,57.1
5315,1914-07-24 00:00:00,0.1520023156273537,-0.0539337193817719,0.3579383506364794,12.217,57.1
5316,1914-07-25 00:00:00,0.2243158189882487,0.0182238246551192,0.4304078133213782,12.217,57.1
5317,1914-07-26 00:00:00,0.252000866089721,0.0463692191319503,0.4576325130474918,12.217,57.1
5318,1914-07-27 00:00:00,0.2338762926539966,0.0280676500001829,0.4396849353078103,12.217,57.1
5319,1914-07-28 00:00:00,0.0819652246036437,-0.1238388824074601,0.2877693316147477,12.217,57.1
5320,1914-07-29 00:00:00,0.0556101814798192,-0.1509158125990395,0.2621361755586781,12.217,57.1
5321,1914-07-30 00:00:00,0.0256090294587358,-0.1801504827414807,0.2313685416589525,12.217,57.1
5322,1914-07-31 00:00:00,-0.001585330449453,-0.2071503729392931,0.203979712040387,12.217,57.1
5323,1914-08-01 00:00:00,0.0263910592864965,-0.1790580653829795,0.2318401839559727,12.217,57.1
5324,1914-08-02 00:00:00,0.0506537977950455,-0.1547806333575371,0.2560882289476282,12.217,57.1
5325,1914-08-03 00:00:00,0.1206044377012204,-0.0849243495643686,0.3261332249668096,12.217,57.1
5326,1914-08-04 00:00:00,0.0784470111511491,-0.1273746870810596,0.2842687093833579,12.217,57.1
5327,1914-08-05 00:00:00,0.0870889650189722,-0.1185759853756333,0.2927539154135779,12.217,57.1
5328,1914-08-06 00:00:00,0.0966230867923789,-0.1090884018572799,0.3023345754420377,12.217,57.1
5329,1914-08-07 00:00:00,0.0977513382651316,-0.1077578800715619,0.3032605566018252,12.217,57.1
5330,1914-08-08 00:00:00,0.1119118145992571,-0.0935405207722009,0.3173641499707152,12.217,57.1
5331,1914-08-09 00:00:00,0.0952896204186533,-0.1101640740843991,0.3007433149217057,12.217,57.1
5332,1914-08-10 00:00:00,0.1374966868941389,-0.0683039210603945,0.3432972948486724,12.217,57.1
5333,1914-08-11 00:00:00,0.0654884240116769,-0.1402982483285236,0.2712750963518775,12.217,57.1
5334,1914-08-12 00:00:00,0.0522468690298718,-0.1535041006622849,0.2579978387220285,12.217,57.1
5335,1914-08-13 00:00:00,-0.000261877993376,-0.2061021589730168,0.2055784029862647,12.217,57.1
5336,1914-08-14 00:00:00,0.0184640196731169,-0.1872098181945425,0.2241378575407764,12.217,57.1
5337,1914-08-15 00:00:00,0.035257515502941,-0.1704930467038735,0.2410080777097557,12.217,57.1
5338,1914-08-16 00:00:00,0.0102570931829351,-0.1953797483439633,0.2158939347098336,12.217,57.1
5339,1914-08-17 00:00:00,0.0035077162818233,-0.2019998725498814,0.2090153051135281,12.217,57.1
5340,1914-08-18 00:00:00,-0.0001138866123178,-0.2056584230384112,0.2054306498137755,12.217,57.1
5341,1914-08-19 00:00:00,0.0098161718529335,-0.1956562334715043,0.2152885771773713,12.217,57.1
5342,1914-08-20 00:00:00,0.019679222207929,-0.1858622843713951,0.2252207287872531,12.217,57.1
5343,1914-08-21 00:00:00,0.0190577628881134,-0.1864414486041756,0.2245569743804024,12.217,57.1
5344,1914-08-22 00:00:00,0.0346267179710879,-0.1708053264329699,0.2400587623751457,12.217,57.1
5345,1914-08-23 00:00:00,0.0403159480147331,-0.1650925691984282,0.2457244652278944,12.217,57.1
5346,1914-08-24 00:00:00,0.0574888393241232,-0.1479438589001976,0.2629215375484441,12.217,57.1
5347,1914-08-25 00:00:00,0.0578075406972699,-0.1478059811307354,0.2634210625252752,12.217,57.1
5348,1914-08-26 00:00:00,0.0638497379853061,-0.1417307778532195,0.2694302538238319,12.217,57.1
5349,1914-08-27 00:00:00,0.0985438474953597,-0.1069314390260423,0.3040191340167617,12.217,57.1
5350,1914-08-28 00:00:00,0.0177070504638649,-0.1877875962233268,0.2232016971510566,12.217,57.1
5351,1914-08-29 00:00:00,-0.0179328794170191,-0.2234639457112154,0.1875981868771771,12.217,57.1
5352,1914-08-30 00:00:00,0.0045928506975045,-0.2009619778152005,0.2101476792102097,12.217,57.1
5353,1914-08-31 00:00:00,-0.0225805890735187,-0.2280782961697994,0.1829171180227619,12.217,57.1
5354,1914-09-01 00:00:00,-0.02079785024942,-0.22626966073219,0.1846739602333499,12.217,57.1
5355,1914-09-02 00:00:00,-0.0434027788406361,-0.248867670778769,0.1620621130974968,12.217,57.1
5356,1914-09-03 00:00:00,-0.0067103349638922,-0.2122501102247048,0.1988294402969202,12.217,57.1
5357,1914-09-04 00:00:00,0.0528981660020938,-0.1528649306864683,0.2586612626906559,12.217,57.1
5358,1914-09-05 00:00:00,0.1029887134429604,-0.103858184406145,0.3098356112920659,12.217,57.1
5359,1914-09-06 00:00:00,-0.0256148583734469,-0.2315375197805189,0.1803078030336249,12.217,57.1
5360,1914-09-07 00:00:00,0.047225400929233,-0.1586929907293292,0.2531437925877954,12.217,57.1
5361,1914-09-08 00:00:00,0.0496724844525692,-0.1560401241607508,0.2553850930658893,12.217,57.1
5362,1914-09-09 00:00:00,0.0111641277118824,-0.1943234192948743,0.2166516747186392,12.217,57.1
5363,1914-09-10 00:00:00,-0.0024715411086864,-0.2079991341425819,0.203056051925209,12.217,57.1
5364,1914-09-11 00:00:00,0.0314240157016232,-0.1743661722817771,0.2372142036850235,12.217,57.1
5365,1914-09-12 00:00:00,0.1949971063227637,-0.0110080482743779,0.4010022609199054,12.217,57.1
5366,1914-09-13 00:00:00,0.2392274417717618,0.033125687933736,0.4453291956097875,12.217,57.1
5367,1914-09-14 00:00:00,0.1694973144587985,-0.036231669258349,0.3752262981759462,12.217,57.1
5368,1914-09-15 00:00:00,0.2449679529645446,0.0374366940164118,0.4524992119126775,12.217,57.1
5369,1914-09-16 00:00:00,0.4879539168690467,0.278883444953901,0.6970243887841925,12.217,57.1
5370,1914-09-17 00:00:00,0.1528040042152006,-0.0535753979835603,0.3591834064139615,12.217,57.1
5371,1914-09-18 00:00:00,0.1734195963387297,-0.0322871215652032,0.3791263142426627,12.217,57.1
5372,1914-09-19 00:00:00,0.1412097719119749,-0.0645990274625635,0.3470185712865133,12.217,57.1
5373,1914-09-20 00:00:00,0.1010797707977526,-0.1046886050852326,0.3068481466807379,12.217,57.1
5374,1914-09-21 00:00:00,0.0145566818728621,-0.1911179805951216,0.2202313443408458,12.217,57.1
5375,1914-09-22 00:00:00,-0.0194501529360682,-0.2250142971012645,0.1861139912291281,12.217,57.1
5376,1914-09-23 00:00:00,-0.0404255027451398,-0.2459294418634591,0.1650784363731793,12.217,57.1
5377,1914-09-24 00:00:00,0.0024777223372387,-0.2030707407509143,0.2080261854253917,12.217,57.1
5378,1914-09-25 00:00:00,-0.0022866157875656,-0.2079784110197879,0.2034051794446566,12.217,57.1
5379,1914-09-26 00:00:00,0.0709065217356722,-0.1347284656439184,0.276541509115263,12.217,57.1
5380,1914-09-27 00:00:00,0.2414009575795419,0.0343040927253431,0.4484978224337407,12.217,57.1
5381,1914-09-28 00:00:00,0.2674163392241803,0.0605019032547161,0.4743307751936446,12.217,57.1
5382,1914-09-29 00:00:00,0.5427400185874679,0.3264778887516884,0.7590021484232474,12.217,57.1
5383,1914-09-30 00:00:00,0.1104704758630806,-0.1060450249095628,0.3269859766357241,12.217,57.1
5384,1914-10-01 00:00:00,0.2278741134471966,0.0209157504055278,0.4348324764888654,12.217,57.1
5385,1914-10-02 00:00:00,0.3217004005416313,0.1149127419747446,0.5284880591085179,12.217,57.1
5386,1914-10-03 00:00:00,0.0939645092396727,-0.1126041895628388,0.3005332080421843,12.217,57.1
5387,1914-10-04 00:00:00,0.212209930004815,0.0059284986941657,0.4184913613154643,12.217,57.1
5388,1914-10-05 00:00:00,0.0832580097295541,-0.1230879640496084,0.2896039835087167,12.217,57.1
5389,1914-10-06 00:00:00,-0.0228174029410966,-0.2287610328263877,0.1831262269441944,12.217,57.1
5390,1914-10-07 00:00:00,-0.0570304630351634,-0.2638625453243553,0.1498016192540283,12.217,57.1
5391,1914-10-08 00:00:00,0.0106500362596669,-0.1951824429012991,0.2164825154206329,12.217,57.1
5392,1914-10-09 00:00:00,-0.044379326856071,-0.2503085705762364,0.1615499168640942,12.217,57.1
5393,1914-10-10 00:00:00,-0.0593468457373778,-0.2648932236694121,0.1461995321946564,12.217,57.1
5394,1914-10-11 00:00:00,-0.0930083383905251,-0.2985247514294542,0.112508074648404,12.217,57.1
5395,1914-10-12 00:00:00,-0.0626209035683303,-0.268144815776988,0.1429030086403274,12.217,57.1
5396,1914-10-13 00:00:00,0.0322017339908761,-0.1733626797797448,0.2377661477614971,12.217,57.1
5397,1914-10-14 00:00:00,0.0508953233632617,-0.1546629704956071,0.2564536172221305,12.217,57.1
5398,1914-10-15 00:00:00,-0.0029277754470586,-0.2084813597651686,0.2026258088710513,12.217,57.1
5399,1914-10-16 00:00:00,-0.0793283490799912,-0.2848516447397881,0.1261949465798056,12.217,57.1
5400,1914-10-17 00:00:00,-0.0893987091636483,-0.2949145843221453,0.1161171659948486,12.217,57.1
5401,1914-10-18 00:00:00,-0.0898032186411573,-0.2953429401076702,0.1157365028253555,12.217,57.1
5402,1914-10-19 00:00:00,-0.0671812261071569,-0.2726666349905162,0.1383041827762023,12.217,57.1
5403,1914-10-20 00:00:00,-0.1274014774032156,-0.3328847149773845,0.0780817601709531,12.217,57.1
5404,1914-10-21 00:00:00,-0.1540041294035991,-0.3598536018892121,0.0518453430820139,12.217,57.1
5405,1914-10-22 00:00:00,-0.1148327914811668,-0.320995867208367,0.0913302842460334,12.217,57.1
5406,1914-10-23 00:00:00,0.0007782147046319,-0.2051012195056,0.206657648914864,12.217,57.1
5407,1914-10-24 00:00:00,0.0346636977036566,-0.1708945609719087,0.2402219563792219,12.217,57.1
5408,1914-10-25 00:00:00,0.016568886079508,-0.1888902670782532,0.2220280392372693,12.217,57.1
5409,1914-10-26 00:00:00,-0.0159944947031212,-0.2214948490145667,0.1895058596083243,12.217,57.1
5410,1914-10-27 00:00:00,0.0314622872719424,-0.1742393199439146,0.2371638944877996,12.217,57.1
5411,1914-10-28 00:00:00,0.1205436539999981,-0.0851783619130685,0.3262656699130647,12.217,57.1
5412,1914-10-29 00:00:00,0.0173706575104737,-0.1882925553841933,0.2230338704051409,12.217,57.1
5413,1914-10-30 00:00:00,-0.2398380085210389,-0.4476935885419959,-0.031982428500082,12.217,57.1
5414,1914-10-31 00:00:00,-0.1275454125187105,-0.3356705460133358,0.0805797209759148,12.217,57.1
5415,1914-11-01 00:00:00,-0.0753933628541122,-0.2825119259916469,0.1317252002834225,12.217,57.1
5416,1914-11-02 00:00:00,-0.0241084872437225,-0.2306365716420083,0.1824195971545633,12.217,57.1
5417,1914-11-03 00:00:00,0.0168327606083309,-0.1894612265890091,0.223126747805671,12.217,57.1
5418,1914-11-04 00:00:00,-0.0410425976023546,-0.2465432743406374,0.1644580791359281,12.217,57.1
5419,1914-11-05 00:00:00,-0.0276583902753496,-0.2331325257015896,0.1778157451508903,12.217,57.1
5420,1914-11-06 00:00:00,-0.0301767049375485,-0.2356851739684966,0.1753317640933995,12.217,57.1
5421,1914-11-07 00:00:00,0.0150473456421038,-0.1905440198279154,0.2206387111121231,12.217,57.1
5422,1914-11-08 00:00:00,0.0164285429089354,-0.1890754751606811,0.2219325609785521,12.217,57.1
5423,1914-11-09 00:00:00,0.0876856641889709,-0.1177908040191183,0.2931621323970603,12.217,57.1
5424,1914-11-10 00:00:00,0.3396343929868301,0.1326200589745715,0.5466487269990887,12.217,57.1
5425,1914-11-11 00:00:00,0.3675662345478568,0.1587743940693504,0.5763580750263633,12.217,57.1
5426,1914-11-12 00:00:00,0.2893447469698897,0.0824122840793598,0.4962772098604196,12.217,57.1
5427,1914-11-13 00:00:00,0.3845481212670804,0.1773541798784172,0.5917420626557436,12.217,57.1
5428,1914-11-14 00:00:00,0.2785910698792264,0.0722916023823044,0.4848905373761484,12.217,57.1
5429,1914-11-15 00:00:00,0.2007230659885518,-0.005217181691301,0.4066633136684047,12.217,57.1
5430,1914-11-16 00:00:00,0.1503649737080641,-0.0552865766703884,0.3560165240865167,12.217,57.1
5431,1914-11-17 00:00:00,-0.0190351444166047,-0.2249837233195547,0.1869134344863451,12.217,57.1
5432,1914-11-18 00:00:00,-0.1582470556003939,-0.365001854584826,0.0485077433840381,12.217,57.1
5433,1914-11-19 00:00:00,-0.1461296516488782,-0.3519573883123206,0.059698085014564,12.217,57.1
5434,1914-11-20 00:00:00,-0.0744062318222127,-0.2801690452229674,0.1313565815785419,12.217,57.1
5435,1914-11-21 00:00:00,-0.0835711845900289,-0.2893164950408363,0.1221741258607785,12.217,57.1
5436,1914-11-22 00:00:00,-0.0558831617198573,-0.2616075821452631,0.1498412587055484,12.217,57.1
5437,1914-11-23 00:00:00,-0.0455382381429393,-0.2511968364495714,0.1601203601636927,12.217,57.1
5438,1914-11-24 00:00:00,0.0491537754930059,-0.1565722609000487,0.2548798118860605,12.217,57.1
5439,1914-11-25 00:00:00,0.0784289301777875,-0.1273908353373137,0.2842486956928888,12.217,57.1
5440,1914-11-26 00:00:00,0.1192182150325074,-0.0862545995790191,0.324691029644034,12.217,57.1
5441,1914-11-27 00:00:00,0.1623197271774164,-0.046353020753449,0.3709924751082819,12.217,57.1
5442,1914-11-28 00:00:00,0.3076827089762893,0.0987511219492168,0.5166142960033618,12.217,57.1
5443,1914-11-29 00:00:00,0.2698076219085444,0.0624494644420864,0.4771657793750023,12.217,57.1
5444,1914-11-30 00:00:00,0.3210794701311079,0.1140846367949676,0.5280743034672482,12.217,57.1
5445,1914-12-01 00:00:00,0.2222265395467972,0.013636954138536,0.4308161249550584,12.217,57.1
5446,1914-12-02 00:00:00,0.4961154879034354,0.287306345014882,0.7049246307919887,12.217,57.1
5447,1914-12-03 00:00:00,0.1405894144475139,-0.0661652481898807,0.3473440770849086,12.217,57.1
5448,1914-12-04 00:00:00,0.402808691198834,0.1946125646098962,0.6110048177877718,12.217,57.1
5449,1914-12-05 00:00:00,0.2875976873172499,0.0800879113560905,0.4951074632784092,12.217,57.1
5450,1914-12-06 00:00:00,0.436170003454675,0.2280243788406087,0.6443156280687414,12.217,57.1
5451,1914-12-07 00:00:00,0.3938902659864405,0.1860952282515307,0.6016853037213503,12.217,57.1
5452,1914-12-08 00:00:00,0.3758015721219399,0.1680599219981703,0.5835432222457094,12.217,57.1
5453,1914-12-09 00:00:00,0.3014886181481838,0.0953501945711443,0.5076270417252233,12.217,57.1
5454,1914-12-10 00:00:00,0.1620720858557541,-0.0438786969789819,0.3680228686904903,12.217,57.1
5455,1914-12-11 00:00:00,0.0084549305536585,-0.197836913627013,0.2147467747343301,12.217,57.1
5456,1914-12-12 00:00:00,-0.1091156306657205,-0.315871720737754,0.0976404594063128,12.217,57.1
5457,1914-12-13 00:00:00,-0.0335458310919574,-0.2405280638330623,0.1734364016491476,12.217,57.1
5458,1914-12-14 00:00:00,0.153012968079824,-0.0549130219417204,0.3609389581013685,12.217,57.1
5459,1914-12-15 00:00:00,0.2622101130652444,0.0559626540527845,0.4684575720777043,12.217,57.1
5460,1914-12-16 00:00:00,0.1120028539352823,-0.093734236030252,0.3177399439008167,12.217,57.1
5461,1914-12-17 00:00:00,0.0245548660281431,-0.1811927802829929,0.2303025123392791,12.217,57.1
5462,1914-12-18 00:00:00,0.1056441049708154,-0.1003207989267531,0.311609008868384,12.217,57.1
5463,1914-12-19 00:00:00,0.2346698981300236,0.0286554167493242,0.440684379510723,12.217,57.1
5464,1914-12-20 00:00:00,0.3747826370135038,0.1681625984366394,0.5814026755903682,12.217,57.1
5465,1914-12-21 00:00:00,0.2343758247195262,0.0277775339051482,0.4409741155339042,12.217,57.1
5466,1914-12-22 00:00:00,0.1115758802392302,-0.0941821767594151,0.3173339372378756,12.217,57.1
5467,1914-12-23 00:00:00,0.0174868055938086,-0.1882367386915405,0.2232103498791579,12.217,57.1
5468,1914-12-24 00:00:00,-0.071897569195024,-0.2778734464676945,0.1340783080776464,12.217,57.1
5469,1914-12-25 00:00:00,-0.0691182287097217,-0.275237007538837,0.1370005501193935,12.217,57.1
5470,1914-12-26 00:00:00,-0.0474638432703313,-0.2534468507948264,0.1585191642541637,12.217,57.1
5471,1914-12-27 00:00:00,0.0554859474497994,-0.1506238184966363,0.2615957133962353,12.217,57.1
5472,1914-12-28 00:00:00,0.2419916737390626,0.0348684534527238,0.4491148940254014,12.217,57.1
5473,1914-12-29 00:00:00,0.2941333295070148,0.0835684923490607,0.5046981666649689,12.217,57.1
5474,1914-12-30 00:00:00,0.2743359717547232,0.061706405578163,0.4869655379312835,12.217,57.1
5475,1914-12-31 00:00:00,0.218202773891677,0.011283536899039,0.425122010884315,12.217,57.1
5476,1915-01-01 00:00:00,0.1857863715815819,-0.0210102114403303,0.3925829546034941,12.217,57.1
5477,1915-01-02 00:00:00,0.3496717296740585,0.1420580819218078,0.5572853774263092,12.217,57.1
5478,1915-01-03 00:00:00,0.367283205187504,0.1602731142996193,0.5742932960753887,12.217,57.1
5479,1915-01-04 00:00:00,0.2107224444955314,0.0026390128720554,0.4188058761190074,12.217,57.1
5480,1915-01-05 00:00:00,-0.0862487996541293,-0.2965155470842953,0.1240179477760366,12.217,57.1
5481,1915-01-06 00:00:00,0.0360978129816445,-0.1737557692976849,0.2459513952609739,12.217,57.1
5482,1915-01-07 00:00:00,-0.001653869807128,-0.2074354780948812,0.2041277384806251,12.217,57.1
5483,1915-01-08 00:00:00,0.1224384953485597,-0.0836928685586336,0.328569859255753,12.217,57.1
5484,1915-01-09 00:00:00,0.1825731535212799,-0.0248762911726629,0.3900225982152228,12.217,57.1
5485,1915-01-10 00:00:00,0.1678795381415822,-0.0380205951706056,0.3737796714537701,12.217,57.1
5486,1915-01-11 00:00:00,0.0702610718596171,-0.1354270417137735,0.2759491854330078,12.217,57.1
5487,1915-01-12 00:00:00,0.200950605502927,-0.0050802850390068,0.4069814960448609,12.217,57.1
5488,1915-01-13 00:00:00,-0.0539736432559356,-0.2603930859906595,0.1524457994787881,12.217,57.1
5489,1915-01-14 00:00:00,-0.015240242018371,-0.2211078991506258,0.1906274151138836,12.217,57.1
5490,1915-01-15 00:00:00,0.1313578981068796,-0.0745762464976648,0.337292042711424,12.217,57.1
5491,1915-01-16 00:00:00,0.4399132881675323,0.2335138532423618,0.6463127230927028,12.217,57.1
5492,1915-01-17 00:00:00,0.1770877641088193,-0.0293817250970456,0.3835572533146843,12.217,57.1
5493,1915-01-18 00:00:00,-0.0343489925653322,-0.2404615685524283,0.1717635834217638,12.217,57.1
5494,1915-01-19 00:00:00,-0.1214566334281259,-0.3277149291276734,0.0848016622714215,12.217,57.1
5495,1915-01-20 00:00:00,0.0991919425105768,-0.1069619039715234,0.3053457889926771,12.217,57.1
5496,1915-01-21 00:00:00,0.264242315529375,0.0558192701540656,0.4726653609046845,12.217,57.1
5497,1915-01-22 00:00:00,0.3926337094129623,0.1835215477594708,0.6017458710664537,12.217,57.1
5498,1915-01-23 00:00:00,0.1849737874199241,-0.0215156269973964,0.3914632018372448,12.217,57.1
5499,1915-01-24 00:00:00,0.0126372083245473,-0.1930843046131594,0.218358721262254,12.217,57.1
5500,1915-01-25 00:00:00,0.0248171699522162,-0.1807240758477675,0.2303584157522,12.217,57.1
5501,1915-01-26 00:00:00,0.0428613959141124,-0.1626043881449107,0.2483271799731356,12.217,57.1
5502,1915-01-27 00:00:00,0.0078034978375647,-0.1978892904718542,0.2134962861469836,12.217,57.1
5503,1915-01-28 00:00:00,0.0294181139455888,-0.1761871769775437,0.2350234048687215,12.217,57.1
5504,1915-01-29 00:00:00,0.1021215123555798,-0.1037296182390121,0.3079726429501719,12.217,57.1
5505,1915-01-30 00:00:00,0.0552266377609199,-0.1525666934279065,0.2630199689497465,12.217,57.1
5506,1915-01-31 00:00:00,0.0732301407412794,-0.1330140048197439,0.2794742863023028,12.217,57.1
5507,1915-02-01 00:00:00,0.1149143335458079,-0.0907180906332664,0.3205467577248824,12.217,57.1
5508,1915-02-02 00:00:00,0.1007331354494151,-0.1052699872402317,0.3067362581390619,12.217,57.1
5509,1915-02-03 00:00:00,0.2679701647412637,0.0598293702017716,0.4761109592807557,12.217,57.1
5510,1915-02-04 00:00:00,0.1887836881662797,-0.0176770744040974,0.3952444507366568,12.217,57.1
5511,1915-02-05 00:00:00,0.082009712184675,-0.1237203467491147,0.2877397711184649,12.217,57.1
5512,1915-02-06 00:00:00,-0.0166928053906101,-0.2226640701543287,0.1892784593731084,12.217,57.1
5513,1915-02-07 00:00:00,-0.1029135713614108,-0.3089504387979501,0.1031232960751285,12.217,57.1
5514,1915-02-08 00:00:00,0.0186097375592502,-0.1874169006255512,0.2246363757440516,12.217,57.1
5515,1915-02-09 00:00:00,0.1923472600831829,-0.0140363425537025,0.3987308627200684,12.217,57.1
5516,1915-02-10 00:00:00,0.1007276600938441,-0.1050729863970669,0.3065283065847553,12.217,57.1
5517,1915-02-11 00:00:00,0.0195724016124714,-0.1860737432986087,0.2252185465235515,12.217,57.1
5518,1915-02-12 00:00:00,0.1294321382272873,-0.0767497974574993,0.3356140739120739,12.217,57.1
5519,1915-02-13 00:00:00,0.012849218463084,-0.1931145618032785,0.2188129987294466,12.217,57.1
5520,1915-02-14 00:00:00,0.1257908739319342,-0.0799590491569533,0.3315407970208218,12.217,57.1
5521,1915-02-15 00:00:00,0.1681754452968924,-0.0377149466442676,0.3740658372380525,12.217,57.1
5522,1915-02-16 00:00:00,0.0204640871214535,-0.1853890379992814,0.2263172122421884,12.217,57.1
5523,1915-02-17 00:00:00,-0.0171865090475251,-0.2229466067037809,0.1885735886087305,12.217,57.1
5524,1915-02-18 00:00:00,0.1874919816030913,-0.0191599451134673,0.3941439083196501,12.217,57.1
5525,1915-02-19 00:00:00,0.2725773897710827,0.0659194300681699,0.4792353494739954,12.217,57.1
5526,1915-02-20 00:00:00,0.3002996881851891,0.0944321064248607,0.5061672699455175,12.217,57.1
5527,1915-02-21 00:00:00,0.2331212913869805,0.0274827709330728,0.4387598118408883,12.217,57.1
5528,1915-02-22 00:00:00,0.1401784934278289,-0.0654196709638124,0.3457766578194702,12.217,57.1
5529,1915-02-23 00:00:00,0.1275495879871949,-0.0780727419916015,0.3331719179659914,12.217,57.1
5530,1915-02-24 00:00:00,0.1115107525428347,-0.0940988764664612,0.3171203815521307,12.217,57.1
5531,1915-02-25 00:00:00,-0.005745231800505,-0.2113112428886581,0.199820779287648,12.217,57.1
5532,1915-02-26 00:00:00,0.0024449897059979,-0.2031970227506624,0.2080870021626583,12.217,57.1
5533,1915-02-27 00:00:00,0.0737428389672656,-0.1321144864820044,0.2796001644165357,12.217,57.1
5534,1915-02-28 00:00:00,0.1583028211546379,-0.048283959820765,0.3648896021300409,12.217,57.1
5535,1915-03-01 00:00:00,0.3083987697818679,0.1019450658767283,0.5148524736870075,12.217,57.1
5536,1915-03-02 00:00:00,0.157125390920041,-0.0490709201056105,0.3633217019456927,12.217,57.1
5537,1915-03-03 00:00:00,0.0104817531170538,-0.1956016245401734,0.216565130774281,12.217,57.1
5538,1915-03-04 00:00:00,-0.0480432442912715,-0.2540304925492991,0.157944003966756,12.217,57.1
5539,1915-03-05 00:00:00,0.0093673640810279,-0.1962142633272056,0.2149489914892616,12.217,57.1
5540,1915-03-06 00:00:00,0.0634063590737444,-0.1422435774196184,0.2690562955671073,12.217,57.1
5541,1915-03-07 00:00:00,0.0023338933151891,-0.2038740384300266,0.2085418250604049,12.217,57.1
5542,1915-03-08 00:00:00,-0.0992457599717596,-0.3052028948665929,0.1067113749230735,12.217,57.1
5543,1915-03-09 00:00:00,-0.0771233750791304,-0.2829383813676608,0.1286916312093998,12.217,57.1
5544,1915-03-10 00:00:00,0.0189474094059899,-0.1866126732888219,0.2245074921008017,12.217,57.1
5545,1915-03-11 00:00:00,0.0992008538767256,-0.106456088601876,0.3048577963553273,12.217,57.1
5546,1915-03-12 00:00:00,0.0718969372019347,-0.1337550706966613,0.2775489451005307,12.217,57.1
5547,1915-03-13 00:00:00,0.0965620144415496,-0.1090864598697993,0.3022104887528986,12.217,57.1
5548,1915-03-14 00:00:00,0.1036097496010524,-0.1020833588309508,0.3093028580330557,12.217,57.1
5549,1915-03-15 00:00:00,0.0925101306883505,-0.1131563662233091,0.2981766276000102,12.217,57.1
5550,1915-03-16 00:00:00,0.1558859617089376,-0.049947696898237,0.3617196203161124,12.217,57.1
5551,1915-03-17 00:00:00,0.1370070099862103,-0.0688133834641773,0.342827403436598,12.217,57.1
5552,1915-03-18 00:00:00,0.1087365914453677,-0.097053048867042,0.3145262317577776,12.217,57.1
5553,1915-03-19 00:00:00,0.0789578447484467,-0.1268060700793427,0.2847217595762362,12.217,57.1
5554,1915-03-20 00:00:00,0.096401809118404,-0.1095410828280198,0.302344701064828,12.217,57.1
5555,1915-03-21 00:00:00,0.1029607138941072,-0.103677479371566,0.3095989071597805,12.217,57.1
5556,1915-03-22 00:00:00,0.2689650584590476,0.0607627801107268,0.4771673368073685,12.217,57.1
5557,1915-03-23 00:00:00,0.0404544175251361,-0.1665961260086649,0.2475049610589373,12.217,57.1
5558,1915-03-24 00:00:00,0.0427745843913858,-0.1630490938800332,0.2485982626628048,12.217,57.1
5559,1915-03-25 00:00:00,0.0712965410102975,-0.1345815444523392,0.2771746264729344,12.217,57.1
5560,1915-03-26 00:00:00,0.0407462269436982,-0.1651886788476874,0.2466811327350839,12.217,57.1
5561,1915-03-27 00:00:00,0.0623453695123427,-0.1432822455094478,0.2679729845341333,12.217,57.1
5562,1915-03-28 00:00:00,0.0497850920850599,-0.1557620713141772,0.255332255484297,12.217,57.1
5563,1915-03-29 00:00:00,0.0400858350692599,-0.1657225639527871,0.245894234091307,12.217,57.1
5564,1915-03-30 00:00:00,0.1359409133452201,-0.0699795321496438,0.341861358840084,12.217,57.1
5565,1915-03-31 00:00:00,0.1254106660754054,-0.0808069324538185,0.3316282646046293,12.217,57.1
5566,1915-04-01 00:00:00,0.0778319290318454,-0.1276679601169438,0.2833318181806347,12.217,57.1
5567,1915-04-02 00:00:00,0.1994224849989475,-0.007115426163342,0.4059603961612371,12.217,57.1
5568,1915-04-03 00:00:00,0.1432775356626566,-0.0626557924114359,0.3492108637367492,12.217,57.1
5569,1915-04-04 00:00:00,0.1281963834628549,-0.0773673065397428,0.3337600734654528,12.217,57.1
5570,1915-04-05 00:00:00,0.222885799538685,0.0171049364471763,0.4286666626301937,12.217,57.1
5571,1915-04-06 00:00:00,0.1611082468105551,-0.044625242577207,0.3668417361983174,12.217,57.1
5572,1915-04-07 00:00:00,0.1173649588194191,-0.0888794870043734,0.3236094046432117,12.217,57.1
5573,1915-04-08 00:00:00,0.3295137190600535,0.1232170999315473,0.5358103381885597,12.217,57.1
5574,1915-04-09 00:00:00,0.2008026356012968,-0.0051749639154881,0.4067802351180817,12.217,57.1
5575,1915-04-10 00:00:00,0.1567036082166152,-0.0499504224240578,0.3633576388572883,12.217,57.1
5576,1915-04-11 00:00:00,0.0352420510217741,-0.1707238126618172,0.2412079147053654,12.217,57.1
5577,1915-04-12 00:00:00,-0.0428491519185616,-0.2484758504098301,0.1627775465727068,12.217,57.1
5578,1915-04-13 00:00:00,0.0120884551547885,-0.1935254115721563,0.2177023218817334,12.217,57.1
5579,1915-04-14 00:00:00,0.0165109124443973,-0.1890260676273158,0.2220478925161105,12.217,57.1
5580,1915-04-15 00:00:00,-0.0168415190422317,-0.2225406427294688,0.1888576046450053,12.217,57.1
5581,1915-04-16 00:00:00,0.0687951856634632,-0.1369307861229452,0.2745211574498718,12.217,57.1
5582,1915-04-17 00:00:00,0.1642769277608426,-0.0415920795454995,0.3701459350671849,12.217,57.1
5583,1915-04-18 00:00:00,0.1269821478647927,-0.0791968108441194,0.3331611065737049,12.217,57.1
5584,1915-04-19 00:00:00,0.089039616627936,-0.1169658668383891,0.2950451000942611,12.217,57.1
5585,1915-04-20 00:00:00,0.1035510678232027,-0.1031361009607447,0.3102382366071503,12.217,57.1
5586,1915-04-21 00:00:00,0.164991046409307,-0.0418394218007383,0.3718215146193524,12.217,57.1
5587,1915-04-22 00:00:00,0.1393758154104306,-0.0664334847235536,0.3451851155444148,12.217,57.1
5588,1915-04-23 00:00:00,0.0205871054783978,-0.1849490533905647,0.2261232643473604,12.217,57.1
5589,1915-04-24 00:00:00,-0.0341351502271024,-0.2397157826205636,0.1714454821663587,12.217,57.1
5590,1915-04-25 00:00:00,-0.0323111320341825,-0.2379952938699132,0.173373029801548,12.217,57.1
5591,1915-04-26 00:00:00,-0.0238481769563715,-0.2294203417688849,0.1817239878561418,12.217,57.1
5592,1915-04-27 00:00:00,-0.0764694251209146,-0.2820988792742785,0.1291600290324491,12.217,57.1
5593,1915-04-28 00:00:00,-0.0363375413805514,-0.2423911850386194,0.1697161022775166,12.217,57.1
5594,1915-04-29 00:00:00,0.0018787330560917,-0.2042989856376406,0.2080564517498241,12.217,57.1
5595,1915-04-30 00:00:00,0.1003195674293569,-0.105732739154575,0.3063718740132889,12.217,57.1
5596,1915-05-01 00:00:00,0.1604155616049524,-0.045627503303285,0.3664586265131899,12.217,57.1
5597,1915-05-02 00:00:00,0.1300006079751707,-0.0757447052001924,0.3357459211505338,12.217,57.1
5598,1915-05-03 00:00:00,0.1847744092538139,-0.0217506271833474,0.3912994456909753,12.217,57.1
5599,1915-05-04 00:00:00,0.0296480167208396,-0.1769134038063455,0.2362094372480248,12.217,57.1
5600,1915-05-05 00:00:00,-0.0142273622349477,-0.2200102034923575,0.191555479022462,12.217,57.1
5601,1915-05-06 00:00:00,0.0303982320951077,-0.175344647102576,0.2361411112927914,12.217,57.1
5602,1915-05-07 00:00:00,0.0453373703658808,-0.1603079939766656,0.2509827347084273,12.217,57.1
5603,1915-05-08 00:00:00,-0.0213525893961338,-0.226934386607596,0.1842292078153283,12.217,57.1
5604,1915-05-09 00:00:00,-0.0321108006125123,-0.2376719034776159,0.1734503022525914,12.217,57.1
5605,1915-05-10 00:00:00,0.012376324009357,-0.1948431173875463,0.2195957654062604,12.217,57.1
5606,1915-05-11 00:00:00,0.0490741788520699,-0.1581516701938428,0.2563000278979828,12.217,57.1
5607,1915-05-12 00:00:00,0.1246277171934229,-0.0811294589912209,0.3303848933780668,12.217,57.1
5608,1915-05-13 00:00:00,0.0714155485082797,-0.1342052638985941,0.2770363609151537,12.217,57.1
5609,1915-05-14 00:00:00,0.0819780880005259,-0.123476888175434,0.287433064176486,12.217,57.1
5610,1915-05-15 00:00:00,0.075741624651123,-0.1307212832743711,0.2822045325766172,12.217,57.1
5611,1915-05-16 00:00:00,0.6070911875152134,0.3935915558159545,0.8205908192144722,12.217,57.1
5612,1915-05-17 00:00:00,0.2940082672139092,0.0853432584614566,0.5026732759663619,12.217,57.1
5613,1915-05-18 00:00:00,0.0680259030507832,-0.1387405576872241,0.2747923637887907,12.217,57.1
5614,1915-05-19 00:00:00,0.0396751301762546,-0.1659835979746836,0.2453338583271929,12.217,57.1
5615,1915-05-20 00:00:00,-0.0665468635513483,-0.2724208426214263,0.1393271155187296,12.217,57.1
5616,1915-05-21 00:00:00,-0.0435625305598162,-0.2492451036698456,0.1621200425502131,12.217,57.1
5617,1915-05-22 00:00:00,-0.0330794322902454,-0.2386418752189543,0.1724830106384635,12.217,57.1
5618,1915-05-23 00:00:00,-0.0434637307301495,-0.248984282392148,0.1620568209318489,12.217,57.1
5619,1915-05-24 00:00:00,-0.0505304000681999,-0.2560386681959081,0.1549778680595083,12.217,57.1
5620,1915-05-25 00:00:00,-0.0200207105619875,-0.225423716656484,0.1853822955325089,12.217,57.1
5621,1915-05-26 00:00:00,0.0472206740915925,-0.1583448061798506,0.2527861543630356,12.217,57.1
5622,1915-05-27 00:00:00,-0.0009099746570608,-0.2065686408883139,0.2047486915741922,12.217,57.1
5623,1915-05-28 00:00:00,0.0240389177874677,-0.1819593319777329,0.2300371675526685,12.217,57.1
5624,1915-05-29 00:00:00,0.0846478495400091,-0.12109516259041,0.2903908616704282,12.217,57.1
5625,1915-05-30 00:00:00,0.1490404708197912,-0.0565653484128975,0.35464629005248,12.217,57.1
5626,1915-05-31 00:00:00,0.0141131997053614,-0.1914524985070469,0.2196788979177698,12.217,57.1
5627,1915-06-01 00:00:00,0.0657938668793694,-0.1398484030066588,0.2714361367653977,12.217,57.1
5628,1915-06-02 00:00:00,0.1219525296698639,-0.0839422137626779,0.3278472731024057,12.217,57.1
5629,1915-06-03 00:00:00,0.0272565926585296,-0.1788183190039176,0.2333315043209768,12.217,57.1
5630,1915-06-04 00:00:00,0.0385518451154113,-0.1670524330797902,0.2441561233106129,12.217,57.1
5631,1915-06-05 00:00:00,-0.0218167342493845,-0.2274844488089227,0.1838509803101536,12.217,57.1
5632,1915-06-06 00:00:00,0.0770929988891599,-0.1284031236438793,0.2825891214221992,12.217,57.1
5633,1915-06-07 00:00:00,0.1022180746347321,-0.1040276114394802,0.3084637607089445,12.217,57.1
5634,1915-06-08 00:00:00,0.0286489692699799,-0.1771338843527009,0.2344318228926606,12.217,57.1
5635,1915-06-09 00:00:00,0.0757849214325704,-0.1296842225756309,0.2812540654407718,12.217,57.1
5636,1915-06-10 00:00:00,0.0646486957137828,-0.1410687722817504,0.270366163709316,12.217,57.1
5637,1915-06-11 00:00:00,0.0575489732754334,-0.1481331564684874,0.2632311030193542,12.217,57.1
5638,1915-06-12 00:00:00,0.0697229290325753,-0.136099108506995,0.2755449665721458,12.217,57.1
5639,1915-06-13 00:00:00,0.1187848719145715,-0.0880520272426555,0.3256217710717987,12.217,57.1
5640,1915-06-14 00:00:00,0.2096605182348127,0.0007697079250824,0.4185513285445429,12.217,57.1
5641,1915-06-15 00:00:00,0.0826026315059706,-0.1246333397258931,0.2898386027378343,12.217,57.1
5642,1915-06-16 00:00:00,0.0279750889239206,-0.1778118157289205,0.2337619935767617,12.217,57.1
5643,1915-06-17 00:00:00,0.0983228782189792,-0.1074965705824162,0.3041423270203748,12.217,57.1
5644,1915-06-18 00:00:00,0.1443999982968691,-0.062305454565468,0.3511054511592062,12.217,57.1
5645,1915-06-19 00:00:00,0.0850263893744173,-0.1209137893031646,0.2909665680519993,12.217,57.1
5646,1915-06-20 00:00:00,0.1342371516615123,-0.0713727957599779,0.3398470990830026,12.217,57.1
5647,1915-06-21 00:00:00,0.1771306652898602,-0.0285698315866945,0.3828311621664149,12.217,57.1
5648,1915-06-22 00:00:00,0.124105858622155,-0.0816282085863691,0.3298399258306791,12.217,57.1
5649,1915-06-23 00:00:00,0.0384322843307186,-0.1671443044461782,0.2440088731076155,12.217,57.1
5650,1915-06-24 00:00:00,0.025303363339048,-0.1802024864878894,0.2308092131659854,12.217,57.1
5651,1915-06-25 00:00:00,0.0196197110714581,-0.1858889932491917,0.2251284153921079,12.217,57.1
5652,1915-06-26 00:00:00,-0.0598153685328444,-0.2657035776051163,0.1460728405394274,12.217,57.1
5653,1915-06-27 00:00:00,0.0484760607791192,-0.15732957450304,0.2542816960612786,12.217,57.1
5654,1915-06-28 00:00:00,0.0463520302336664,-0.1591863007010792,0.2518903611684121,12.217,57.1
5655,1915-06-29 00:00:00,0.0902827565963135,-0.1151849350107611,0.2957504482033883,12.217,57.1
5656,1915-06-30 00:00:00,0.0695662627786285,-0.1360007458441823,0.2751332714014395,12.217,57.1
5657,1915-07-01 00:00:00,0.0778917138453624,-0.1275563458631387,0.2833397735538636,12.217,57.1
5658,1915-07-02 00:00:00,0.0294213360799916,-0.1760892116123884,0.2349318837723718,12.217,57.1
5659,1915-07-03 00:00:00,0.0729617783430024,-0.132573462776259,0.2784970194622639,12.217,57.1
5660,1915-07-04 00:00:00,0.0666989452674417,-0.1387858728358843,0.2721837633707678,12.217,57.1
5661,1915-07-05 00:00:00,0.0471848503067051,-0.158257600025457,0.2526273006388673,12.217,57.1
5662,1915-07-06 00:00:00,0.1143760522416528,-0.0911943785246457,0.3199464830079515,12.217,57.1
5663,1915-07-07 00:00:00,0.0439402752336266,-0.1618420275892208,0.2497225780564742,12.217,57.1
5664,1915-07-08 00:00:00,0.1344660541424619,-0.0711161839648616,0.3400482922497856,12.217,57.1
5665,1915-07-09 00:00:00,0.187493462436739,-0.0186753293543399,0.3936622542278181,12.217,57.1
5666,1915-07-10 00:00:00,0.3336584381120882,0.1274127507607883,0.5399041254633881,12.217,57.1
5667,1915-07-11 00:00:00,0.1658012162448611,-0.0401822024099723,0.3717846348996946,12.217,57.1
5668,1915-07-12 00:00:00,0.2056329147521098,9.275236318051494e-05,0.4111730771410392,12.217,57.1
5669,1915-07-13 00:00:00,0.2260056042122269,0.0205206465460495,0.4314905618784044,12.217,57.1
5670,1915-07-14 00:00:00,0.2680080393720279,0.0621601157551832,0.4738559629888725,12.217,57.1
5671,1915-07-15 00:00:00,0.1344345824796647,-0.0714602966748689,0.3403294616341985,12.217,57.1
5672,1915-07-16 00:00:00,0.156933132127449,-0.0487374337275459,0.3626036979824441,12.217,57.1
5673,1915-07-17 00:00:00,0.1694607476237952,-0.036505607010874,0.3754271022584646,12.217,57.1
5674,1915-07-18 00:00:00,0.1165955858860066,-0.0891542238249829,0.3223453955969962,12.217,57.1
5675,1915-07-19 00:00:00,0.0555867360158106,-0.1510607409877024,0.2622342130193236,12.217,57.1
5676,1915-07-20 00:00:00,0.1766867636098697,-0.0293504698830873,0.3827239971028268,12.217,57.1
5677,1915-07-21 00:00:00,0.149727413437449,-0.0558966491179921,0.3553514759928902,12.217,57.1
5678,1915-07-22 00:00:00,0.150827147789085,-0.054733472940289,0.356387768518459,12.217,57.1
5679,1915-07-23 00:00:00,0.1565399582001395,-0.0491550806236616,0.3622349970239408,12.217,57.1
5680,1915-07-24 00:00:00,0.1397099713523951,-0.0661723145837867,0.3455922572885769,12.217,57.1
5681,1915-07-25 00:00:00,0.1282441844324557,-0.0774371118281084,0.3339254806930199,12.217,57.1
5682,1915-07-26 00:00:00,0.1116964060994028,-0.0937376570025742,0.3171304692013799,12.217,57.1
5683,1915-07-27 00:00:00,0.0958154376883332,-0.1096291740147678,0.3012600493914342,12.217,57.1
5684,1915-07-28 00:00:00,0.1056704366740247,-0.100011256494938,0.3113521298429875,12.217,57.1
5685,1915-07-29 00:00:00,0.1223526236362308,-0.0835184521359422,0.3282236994084039,12.217,57.1
5686,1915-07-30 00:00:00,0.2093669237673327,0.0033903584005796,0.4153434891340858,12.217,57.1
5687,1915-07-31 00:00:00,0.3122890415259607,0.1062339617963763,0.5183441212555452,12.217,57.1
5688,1915-08-01 00:00:00,0.2190080475984773,0.0132422040948335,0.4247738911021211,12.217,57.1
5689,1915-08-02 00:00:00,0.1423175014928612,-0.0633204588867384,0.3479554618724608,12.217,57.1
5690,1915-08-03 00:00:00,0.0970071529581464,-0.1085496712497359,0.3025639771660288,12.217,57.1
5691,1915-08-04 00:00:00,0.0920617033328516,-0.1134435706944722,0.2975669773601754,12.217,57.1
5692,1915-08-05 00:00:00,0.028038301489424,-0.1774498918361616,0.2335264948150098,12.217,57.1
5693,1915-08-06 00:00:00,0.019706690766329,-0.1857118440300157,0.225125225562674,12.217,57.1
5694,1915-08-07 00:00:00,0.0787842062191109,-0.1266157127497671,0.2841841251879889,12.217,57.1
5695,1915-08-08 00:00:00,0.0511517144919878,-0.1544971275784301,0.2568005565624058,12.217,57.1
5696,1915-08-09 00:00:00,0.0841797170849376,-0.1214985066382504,0.2898579408081256,12.217,57.1
5697,1915-08-10 00:00:00,0.1149807830149236,-0.0905297378489278,0.3204913038787751,12.217,57.1
5698,1915-08-11 00:00:00,0.0568761680220245,-0.1486258671639848,0.2623782032080339,12.217,57.1
5699,1915-08-12 00:00:00,0.0257914329522444,-0.1796612447533682,0.2312441106578571,12.217,57.1
5700,1915-08-13 00:00:00,0.0324860605695401,-0.1729280198363745,0.2379001409754547,12.217,57.1
5701,1915-08-14 00:00:00,0.0352660940091731,-0.1701698404951203,0.2407020285134667,12.217,57.1
5702,1915-08-15 00:00:00,0.0207470179152648,-0.1848084730260475,0.2263025088565773,12.217,57.1
5703,1915-08-16 00:00:00,0.0026619862792172,-0.2028893453749386,0.2082133179333731,12.217,57.1
5704,1915-08-17 00:00:00,0.0084215057611049,-0.1970830921611535,0.2139261036833634,12.217,57.1
5705,1915-08-18 00:00:00,0.0532350683437724,-0.1522396596494317,0.2587097963369766,12.217,57.1
5706,1915-08-19 00:00:00,0.1148756902861955,-0.0906819895304998,0.3204333701028908,12.217,57.1
5707,1915-08-20 00:00:00,0.0296041792631713,-0.1759467913075144,0.2351551498338572,12.217,57.1
5708,1915-08-21 00:00:00,0.0458058377768739,-0.1597317752240164,0.2513434507777644,12.217,57.1
5709,1915-08-22 00:00:00,0.0495375096860652,-0.1560303699189864,0.255105389291117,12.217,57.1
5710,1915-08-23 00:00:00,0.0346595847558207,-0.1709057725249097,0.2402249420365512,12.217,57.1
5711,1915-08-24 00:00:00,0.1530095886876646,-0.0526634862941896,0.3586826636695189,12.217,57.1
5712,1915-08-25 00:00:00,0.1128271151416649,-0.0929898408426406,0.3186440711259704,12.217,57.1
5713,1915-08-26 00:00:00,0.1246572468498537,-0.0810784301243999,0.3303929238241074,12.217,57.1
5714,1915-08-27 00:00:00,0.1511417118162554,-0.0548894900701607,0.3571729137026715,12.217,57.1
5715,1915-08-28 00:00:00,0.1974512577318551,-0.0084507334716807,0.4033532489353909,12.217,57.1
5716,1915-08-29 00:00:00,0.1804992332205377,-0.0253000092171995,0.3862984756582749,12.217,57.1
5717,1915-08-30 00:00:00,0.1094410118838417,-0.0962163534431374,0.315098377210821,12.217,57.1
5718,1915-08-31 00:00:00,0.1227314768273807,-0.0828731384002785,0.32833609205504,12.217,57.1
5719,1915-09-01 00:00:00,0.0975217071413642,-0.1081896752715893,0.3032330895543179,12.217,57.1
5720,1915-09-02 00:00:00,0.1903852437259446,-0.0157373329019578,0.3965078203538471,12.217,57.1
5721,1915-09-03 00:00:00,0.1250213959622907,-0.0806963212940487,0.3307391132186302,12.217,57.1
5722,1915-09-04 00:00:00,0.0678277297201989,-0.1377763500039118,0.2734318094443098,12.217,57.1
5723,1915-09-05 00:00:00,-0.0399169796343795,-0.2458935188339266,0.1660595595651674,12.217,57.1
5724,1915-09-06 00:00:00,-0.0660640471494947,-0.2719724275908994,0.1398443332919098,12.217,57.1
5725,1915-09-07 00:00:00,-0.0011654673067108,-0.2067087598648121,0.2043778252513904,12.217,57.1
5726,1915-09-08 00:00:00,0.0022148581675059,-0.2035218213502147,0.2079515376852265,12.217,57.1
5727,1915-09-09 00:00:00,-0.0358379171703616,-0.2417754560627958,0.1700996217220726,12.217,57.1
5728,1915-09-10 00:00:00,-0.0762016422255744,-0.2816758378292212,0.1292725533780722,12.217,57.1
5729,1915-09-11 00:00:00,-0.0607678255265274,-0.2661722057110994,0.1446365546580446,12.217,57.1
5730,1915-09-12 00:00:00,-0.0237635552941239,-0.2291797897786956,0.1816526791904476,12.217,57.1
5731,1915-09-13 00:00:00,0.0689671081759983,-0.1364740943621223,0.2744083107141191,12.217,57.1
5732,1915-09-14 00:00:00,0.1103103140044345,-0.0952014279747097,0.3158220559835789,12.217,57.1
5733,1915-09-15 00:00:00,0.1148800271883682,-0.090738344187847,0.3204983985645836,12.217,57.1
5734,1915-09-16 00:00:00,0.0599056023077266,-0.1457434362687709,0.2655546408842242,12.217,57.1
5735,1915-09-17 00:00:00,0.3440970140046051,0.1371586102257245,0.5510354177834855,12.217,57.1
5736,1915-09-18 00:00:00,0.1563523953598401,-0.0521571654544639,0.3648619561741442,12.217,57.1
5737,1915-09-19 00:00:00,0.1775154545395127,-0.0310650646515903,0.3860959737306157,12.217,57.1
5738,1915-09-20 00:00:00,-0.0166978735801505,-0.2233375286286007,0.1899417814682997,12.217,57.1
5739,1915-09-21 00:00:00,-0.0599153467910231,-0.2656425685718858,0.1458118749898396,12.217,57.1
5740,1915-09-22 00:00:00,-0.0859011025726306,-0.2914167492170439,0.1196145440717826,12.217,57.1
5741,1915-09-23 00:00:00,-0.004044210868285,-0.2095636252643087,0.2014752035277386,12.217,57.1
5742,1915-09-24 00:00:00,0.075384151374851,-0.1303453988371304,0.2811137015868324,12.217,57.1
5743,1915-09-25 00:00:00,0.1109459909011264,-0.0946188308938286,0.3165108126960815,12.217,57.1
5744,1915-09-26 00:00:00,0.1648031388675459,-0.0408035946814993,0.3704098724165912,12.217,57.1
5745,1915-09-27 00:00:00,0.1475439281538271,-0.0591068101968042,0.3541946665044585,12.217,57.1
5746,1915-09-28 00:00:00,0.0889008232626134,-0.1176622901409062,0.2954639366661332,12.217,57.1
5747,1915-09-29 00:00:00,0.1411855434689182,-0.0652868818029241,0.3476579687407607,12.217,57.1
5748,1915-09-30 00:00:00,0.1450542857582163,-0.0612263058961792,0.3513348774126119,12.217,57.1
5749,1915-10-01 00:00:00,0.0600452344368952,-0.1461812993269054,0.266271768200696,12.217,57.1
5750,1915-10-02 00:00:00,0.0663863921970798,-0.1391876762080797,0.2719604606022394,12.217,57.1
5751,1915-10-03 00:00:00,-0.0260619334745167,-0.2315384047170015,0.179414537767968,12.217,57.1
5752,1915-10-04 00:00:00,-0.1084997599962683,-0.3141295493307964,0.0971300293382597,12.217,57.1
5753,1915-10-05 00:00:00,-0.1001642958688875,-0.3060911603976637,0.1057625686598886,12.217,57.1
5754,1915-10-06 00:00:00,-0.083274688095447,-0.2890131469920303,0.1224637708011361,12.217,57.1
5755,1915-10-07 00:00:00,-0.0831233757544629,-0.2886395250259347,0.1223927735170088,12.217,57.1
5756,1915-10-08 00:00:00,-0.056470479946581,-0.2619996291699755,0.1490586692768134,12.217,57.1
5757,1915-10-09 00:00:00,-0.0101553176323118,-0.2155864825211335,0.1952758472565097,12.217,57.1
5758,1915-10-10 00:00:00,-0.0576140809191935,-0.2630273296955973,0.1477991678572101,12.217,57.1
5759,1915-10-11 00:00:00,-0.0457702633662597,-0.2512656380380027,0.1597251113054833,12.217,57.1
5760,1915-10-12 00:00:00,-0.0150508613580403,-0.2205652586978826,0.190463535981802,12.217,57.1
5761,1915-10-13 00:00:00,0.0607622309809542,-0.1448722416163435,0.2663967035782519,12.217,57.1
5762,1915-10-14 00:00:00,0.0144770693289706,-0.1910862749242774,0.2200404135822187,12.217,57.1
5763,1915-10-15 00:00:00,-0.0206253759897208,-0.2260894933594675,0.1848387413800259,12.217,57.1
5764,1915-10-16 00:00:00,-0.0133861743577825,-0.2188483184232922,0.1920759697077271,12.217,57.1
5765,1915-10-17 00:00:00,-0.0068985993382791,-0.2123948544571265,0.1985976557805683,12.217,57.1
5766,1915-10-18 00:00:00,-0.0518533015853951,-0.257371400769064,0.1536647975982737,12.217,57.1
5767,1915-10-19 00:00:00,-0.084733037662961,-0.2902243369518597,0.1207582616259375,12.217,57.1
5768,1915-10-20 00:00:00,-0.1235730909316691,-0.3291281748446232,0.0819819929812848,12.217,57.1
5769,1915-10-21 00:00:00,-0.1153160715599672,-0.3208513278923487,0.0902191847724141,12.217,57.1
5770,1915-10-22 00:00:00,-0.0717627011469792,-0.2773774091992748,0.1338520069053162,12.217,57.1
5771,1915-10-23 00:00:00,-0.0644977049767116,-0.2700710690135857,0.1410756590601623,12.217,57.1
5772,1915-10-24 00:00:00,-0.0695402138427339,-0.2751073726764009,0.1360269449909329,12.217,57.1
5773,1915-10-25 00:00:00,-0.0870584020057689,-0.2926158448619814,0.1184990408504435,12.217,57.1
5774,1915-10-26 00:00:00,-0.0720441346094729,-0.278696275461507,0.1346080062425611,12.217,57.1
5775,1915-10-27 00:00:00,-0.0032842224548648,-0.2091060009261188,0.2025375560163893,12.217,57.1
5776,1915-10-28 00:00:00,5.071299181565181e-05,-0.2060164181057013,0.2061178440893327,12.217,57.1
5777,1915-10-29 00:00:00,-0.003547011117815,-0.2092937401847537,0.2021997179491237,12.217,57.1
5778,1915-10-30 00:00:00,0.0168004849857492,-0.1888508127695967,0.2224517827410953,12.217,57.1
5779,1915-10-31 00:00:00,0.023329552366163,-0.1822649261107012,0.2289240308430272,12.217,57.1
5780,1915-11-01 00:00:00,0.0561108046670376,-0.1495327917641531,0.2617544010982283,12.217,57.1
5781,1915-11-02 00:00:00,-0.0054711184760385,-0.211063610950393,0.2001213739983159,12.217,57.1
5782,1915-11-03 00:00:00,-0.0178464117513117,-0.2233856538193572,0.1876928303167337,12.217,57.1
5783,1915-11-04 00:00:00,0.0121292563888949,-0.1935205325972329,0.2177790453750228,12.217,57.1
5784,1915-11-05 00:00:00,-0.0061013682429012,-0.2117229136774604,0.1995201771916578,12.217,57.1
5785,1915-11-06 00:00:00,-0.022414130103544,-0.2287861401478157,0.1839578799407276,12.217,57.1
5786,1915-11-07 00:00:00,0.0929438436893323,-0.1130120872630867,0.2988997746417514,12.217,57.1
5787,1915-11-08 00:00:00,0.4037163035844228,0.1975113443956301,0.6099212627732155,12.217,57.1
5788,1915-11-09 00:00:00,0.2745858562493524,0.0686514872903898,0.4805202252083149,12.217,57.1
5789,1915-11-10 00:00:00,0.3100216228164303,0.1034254165724152,0.5166178290604454,12.217,57.1
5790,1915-11-11 00:00:00,0.3167150844003923,0.1090424132653797,0.524387755535405,12.217,57.1
5791,1915-11-12 00:00:00,0.3170217385375142,0.1092425330200767,0.5248009440549517,12.217,57.1
5792,1915-11-13 00:00:00,0.287653652366981,0.0805545744220606,0.4947527303119014,12.217,57.1
5793,1915-11-14 00:00:00,0.299222060534309,0.0912647015312091,0.507179419537409,12.217,57.1
5794,1915-11-15 00:00:00,0.3647239924493367,0.1560689937732524,0.5733789911254209,12.217,57.1
5795,1915-11-16 00:00:00,0.2192756276940769,0.0116372843989449,0.4269139709892089,12.217,57.1
5796,1915-11-17 00:00:00,0.008069899393492,-0.1976038405850198,0.213743639372004,12.217,57.1
5797,1915-11-18 00:00:00,-0.0800155354117426,-0.2856185086256123,0.125587437802127,12.217,57.1
5798,1915-11-19 00:00:00,-0.1227690520404766,-0.3289215031928273,0.0833833991118739,12.217,57.1
5799,1915-11-20 00:00:00,-0.199551183661837,-0.4057498830726095,0.0066475157489354,12.217,57.1
5800,1915-11-21 00:00:00,-0.1654272205331469,-0.3710081307787058,0.0401536897124119,12.217,57.1
5801,1915-11-22 00:00:00,-0.0537109947075966,-0.2593343490415331,0.1519123596263398,12.217,57.1
5802,1915-11-23 00:00:00,0.0503273024012954,-0.1554966857790673,0.2561512905816582,12.217,57.1
5803,1915-11-24 00:00:00,0.1693091963364646,-0.0368919479142521,0.3755103405871814,12.217,57.1
5804,1915-11-25 00:00:00,0.068874660748837,-0.1375822190747935,0.2753315405724675,12.217,57.1
5805,1915-11-26 00:00:00,-0.0028024965310601,-0.2088733074370371,0.2032683143749168,12.217,57.1
5806,1915-11-27 00:00:00,-0.0636164355232049,-0.2698726909992757,0.1426398199528659,12.217,57.1
5807,1915-11-28 00:00:00,0.0376616741030122,-0.1696087805744006,0.2449321287804251,12.217,57.1
5808,1915-11-29 00:00:00,0.3701801310694672,0.1632775881284195,0.5770826740105148,12.217,57.1
5809,1915-11-30 00:00:00,0.1387583791322334,-0.0674168632027515,0.3449336214672184,12.217,57.1
5810,1915-12-01 00:00:00,0.3171081513591067,0.1103552402495056,0.5238610624687079,12.217,57.1
5811,1915-12-02 00:00:00,0.1317741942524305,-0.0745672599621606,0.3381156484670217,12.217,57.1
5812,1915-12-03 00:00:00,0.07927030137989,-0.1265058724692447,0.2850464752290248,12.217,57.1
5813,1915-12-04 00:00:00,0.1498651585167327,-0.055958272302462,0.3556885893359275,12.217,57.1
5814,1915-12-05 00:00:00,0.104723257835847,-0.1012339137059044,0.3106804293775985,12.217,57.1
5815,1915-12-06 00:00:00,0.1322175701698742,-0.074195123866426,0.3386302642061745,12.217,57.1
5816,1915-12-07 00:00:00,0.3825045043135668,0.1737530250861184,0.5912559835410153,12.217,57.1
5817,1915-12-08 00:00:00,0.1878512177041943,-0.0216377371584771,0.3973401725668659,12.217,57.1
5818,1915-12-09 00:00:00,0.4346500692683616,0.2282298999508358,0.6410702385858874,12.217,57.1
5819,1915-12-10 00:00:00,0.2226803217101816,0.0160916472257655,0.4292689961945977,12.217,57.1
5820,1915-12-11 00:00:00,0.1337718197498613,-0.0724184700251006,0.3399621095248233,12.217,57.1
5821,1915-12-12 00:00:00,0.2334015017648432,0.0260293670680013,0.4407736364616851,12.217,57.1
5822,1915-12-13 00:00:00,0.1457896560521941,-0.0608339203849217,0.3524132324893101,12.217,57.1
5823,1915-12-14 00:00:00,0.0886777981726906,-0.1172327667130851,0.2945883630584663,12.217,57.1
5824,1915-12-15 00:00:00,0.0888581804136344,-0.1172930869376261,0.295009447764895,12.217,57.1
5825,1915-12-16 00:00:00,0.158338931649407,-0.0477366055934375,0.3644144688922516,12.217,57.1
5826,1915-12-17 00:00:00,0.1238546521380357,-0.0817675754939803,0.3294768797700518,12.217,57.1
5827,1915-12-18 00:00:00,0.0599933987094909,-0.1455737881873303,0.2655605856063121,12.217,57.1
5828,1915-12-19 00:00:00,-0.0274912953166347,-0.2330391546113694,0.1780565639780998,12.217,57.1
5829,1915-12-20 00:00:00,-0.0585259808773215,-0.2640088858428104,0.1469569240881674,12.217,57.1
5830,1915-12-21 00:00:00,-0.0461777251353096,-0.2516245386120589,0.1592690883414396,12.217,57.1
5831,1915-12-22 00:00:00,0.0024573741370417,-0.2030070689810977,0.2079218172551812,12.217,57.1
5832,1915-12-23 00:00:00,0.0608621793680675,-0.1446794408186222,0.2664037995547573,12.217,57.1
5833,1915-12-24 00:00:00,0.0944359258069823,-0.1114687158997233,0.3003405675136881,12.217,57.1
5834,1915-12-25 00:00:00,0.1738997500032972,-0.0332612522421416,0.3810607522487361,12.217,57.1
5835,1915-12-26 00:00:00,0.0987528894685312,-0.1089354851992664,0.306441264136329,12.217,57.1
5836,1915-12-27 00:00:00,0.0890655267432369,-0.1184252458802951,0.2965562993667691,12.217,57.1
5837,1915-12-28 00:00:00,0.1026351695574095,-0.1033610111777565,0.3086313502925756,12.217,57.1
5838,1915-12-29 00:00:00,0.0116215356302174,-0.1945328786766086,0.2177759499370436,12.217,57.1
5839,1915-12-30 00:00:00,-0.0570124278174674,-0.2627158806738364,0.1486910250389015,12.217,57.1
5840,1915-12-31 00:00:00,0.020446419048703,-0.1851548963011659,0.2260477343985721,12.217,57.1
5841,1916-01-01 00:00:00,0.1337314463973257,-0.0722554955325205,0.3397183883271719,12.217,57.1
5842,1916-01-02 00:00:00,0.2342055875009588,0.027363222666532,0.4410479523353856,12.217,57.1
5843,1916-01-03 00:00:00,0.3867672672747871,0.1795283829499946,0.5940061515995797,12.217,57.1
5844,1916-01-04 00:00:00,0.3512589273441289,0.1443395294313771,0.5581783252568808,12.217,57.1
5845,1916-01-05 00:00:00,0.2865549833467862,0.0792370118535032,0.4938729548400691,12.217,57.1
5846,1916-01-06 00:00:00,0.4936338776031526,0.2866143719014467,0.7006533833048585,12.217,57.1
5847,1916-01-07 00:00:00,0.2768536292517706,0.0694771873926153,0.4842300711109258,12.217,57.1
5848,1916-01-08 00:00:00,0.269086292838163,0.0625406949541812,0.4756318907221448,12.217,57.1
5849,1916-01-09 00:00:00,0.0232339994853504,-0.183017313203462,0.2294853121741628,12.217,57.1
5850,1916-01-10 00:00:00,0.0141090228164434,-0.1922115682918026,0.2204296139246895,12.217,57.1
5851,1916-01-11 00:00:00,0.5526566127876561,0.3450026945506551,0.7603105310246572,12.217,57.1
5852,1916-01-12 00:00:00,0.1249448715630943,-0.0825714785565497,0.3324612216827385,12.217,57.1
5853,1916-01-13 00:00:00,0.073783337749705,-0.1334385805761953,0.2810052560756054,12.217,57.1
5854,1916-01-14 00:00:00,0.0283191821829535,-0.182409185480483,0.2390475498463902,12.217,57.1
5855,1916-01-15 00:00:00,-0.0275233112612351,-0.2348526301636052,0.1798060076411349,12.217,57.1
5856,1916-01-16 00:00:00,0.2473876544409627,0.0402686484229703,0.4545066604589551,12.217,57.1
5857,1916-01-17 00:00:00,0.1705624348951724,-0.0359949191840256,0.3771197889743705,12.217,57.1
5858,1916-01-18 00:00:00,0.1058053283120166,-0.100442210859386,0.3120528674834193,12.217,57.1
5859,1916-01-19 00:00:00,0.1234102516378584,-0.0826654134500256,0.3294859167257426,12.217,57.1
5860,1916-01-20 00:00:00,0.3048607213952671,0.0967254671249245,0.5129959756656098,12.217,57.1
5861,1916-01-21 00:00:00,0.4743271932012471,0.2661039060577009,0.6825504803447934,12.217,57.1
5862,1916-01-22 00:00:00,0.4633321456121572,0.2555233432478792,0.6711409479764352,12.217,57.1
5863,1916-01-23 00:00:00,0.5328191303020878,0.3240329765173755,0.7416052840868002,12.217,57.1
5864,1916-01-24 00:00:00,0.1701651909540601,-0.0363819530524364,0.3767123349605568,12.217,57.1
5865,1916-01-25 00:00:00,0.4079720086437436,0.2012905344772729,0.6146534828102143,12.217,57.1
5866,1916-01-26 00:00:00,0.5045459285654041,0.2969805937381731,0.7121112633926352,12.217,57.1
5867,1916-01-27 00:00:00,0.2962073427864424,0.0891707217421796,0.5032439638307054,12.217,57.1
5868,1916-01-28 00:00:00,-0.0402053448277422,-0.2461627437249587,0.1657520540694742,12.217,57.1
5869,1916-01-29 00:00:00,-0.0117098435396169,-0.2172406279741677,0.1938209408949338,12.217,57.1
5870,1916-01-30 00:00:00,0.0291081105574216,-0.1765165504614157,0.234732771576259,12.217,57.1
5871,1916-01-31 00:00:00,0.0183709153769836,-0.1872444277373209,0.2239862584912881,12.217,57.1
5872,1916-02-01 00:00:00,-0.0151259493895236,-0.2207703400387092,0.1905184412596619,12.217,57.1
5873,1916-02-02 00:00:00,-0.0079711610159765,-0.2136110664842167,0.1976687444522636,12.217,57.1
5874,1916-02-03 00:00:00,0.148806259804122,-0.0569487267930177,0.3545612464012618,12.217,57.1
5875,1916-02-04 00:00:00,0.2395461936726068,0.0335319676797164,0.4455604196654973,12.217,57.1
5876,1916-02-05 00:00:00,0.289873751655288,0.0836056520741955,0.4961418512363806,12.217,57.1
5877,1916-02-06 00:00:00,0.1419991118628154,-0.0640121937854044,0.3480104175110354,12.217,57.1
5878,1916-02-07 00:00:00,0.1995419170051036,-0.0074945108051835,0.4065783448153908,12.217,57.1
5879,1916-02-08 00:00:00,0.4018069042867527,0.194942621018467,0.6086711875550386,12.217,57.1
5880,1916-02-09 00:00:00,0.2950588517178657,0.0891431449315878,0.5009745585041436,12.217,57.1
5881,1916-02-10 00:00:00,0.1955569747275687,-0.010331694795553,0.4014456442506905,12.217,57.1
5882,1916-02-11 00:00:00,0.0424931340969918,-0.1633419739285009,0.2483282421224847,12.217,57.1
5883,1916-02-12 00:00:00,0.0361849959805459,-0.16949923099626,0.2418692229573519,12.217,57.1
5884,1916-02-13 00:00:00,0.0717418568346099,-0.1340130173847236,0.2774967310539435,12.217,57.1
5885,1916-02-14 00:00:00,0.1112909676903897,-0.0961408666825011,0.3187228020632806,12.217,57.1
5886,1916-02-15 00:00:00,0.1757226778362059,-0.0302979447610621,0.381743300433474,12.217,57.1
5887,1916-02-16 00:00:00,0.2501064005857902,0.0439759472026077,0.4562368539689726,12.217,57.1
5888,1916-02-17 00:00:00,0.4402823678929474,0.2324113759741937,0.6481533598117012,12.217,57.1
5889,1916-02-18 00:00:00,0.2356291512055771,0.0273633613785372,0.443894941032617,12.217,57.1
5890,1916-02-19 00:00:00,0.1639793089500227,-0.0419830406129018,0.3699416585129473,12.217,57.1
5891,1916-02-20 00:00:00,0.0645370004778559,-0.1410457118039144,0.2701197127596264,12.217,57.1
5892,1916-02-21 00:00:00,-0.0219963148203991,-0.2276068861377654,0.1836142564969671,12.217,57.1
5893,1916-02-22 00:00:00,0.0593300725512856,-0.1464838795057645,0.2651440246083357,12.217,57.1
5894,1916-02-23 00:00:00,0.0050737955543345,-0.200955374958754,0.2111029660674231,12.217,57.1
5895,1916-02-24 00:00:00,-0.0334394523127303,-0.2392118512383095,0.1723329466128488,12.217,57.1
5896,1916-02-25 00:00:00,-0.0065312025735932,-0.212177318970882,0.1991149138236954,12.217,57.1
5897,1916-02-26 00:00:00,-0.0015632588996771,-0.2072781903017648,0.2041516725024106,12.217,57.1
5898,1916-02-27 00:00:00,-0.0418814700241492,-0.2474911543737797,0.1637282143254812,12.217,57.1
5899,1916-02-28 00:00:00,0.004809337890342,-0.2011353898888136,0.2107540656694977,12.217,57.1
5900,1916-02-29 00:00:00,0.0636626953521844,-0.1423933525612499,0.2697187432656188,12.217,57.1
5901,1916-03-01 00:00:00,0.0563226354505198,-0.1492688352740109,0.2619141061750507,12.217,57.1
5902,1916-03-02 00:00:00,0.1004828161404794,-0.1050872998309737,0.3060529321119326,12.217,57.1
5903,1916-03-03 00:00:00,0.1438732425881633,-0.0618202169102004,0.3495667020865271,12.217,57.1
5904,1916-03-04 00:00:00,0.0850335702310042,-0.1205472912190666,0.2906144316810751,12.217,57.1
5905,1916-03-05 00:00:00,0.0086804788097362,-0.1967988752540012,0.2141598328734737,12.217,57.1
5906,1916-03-06 00:00:00,0.0542705773492602,-0.1513693192773851,0.2599104739759055,12.217,57.1
5907,1916-03-07 00:00:00,-0.0745363976456752,-0.2803385223600404,0.1312657270686898,12.217,57.1
5908,1916-03-08 00:00:00,-0.1722859544039896,-0.3784642280732921,0.0338923192653128,12.217,57.1
5909,1916-03-09 00:00:00,-0.0628691073181149,-0.2693094282549442,0.1435712136187143,12.217,57.1
5910,1916-03-10 00:00:00,-0.037083150696876,-0.2427170418944228,0.1685507405006707,12.217,57.1
5911,1916-03-11 00:00:00,-0.0159553116336411,-0.2214304020849649,0.1895197788176826,12.217,57.1
5912,1916-03-12 00:00:00,-0.0553908221388997,-0.2610784485166128,0.1502968042388132,12.217,57.1
5913,1916-03-13 00:00:00,-0.03835502057419,-0.2441576007499262,0.1674475596015462,12.217,57.1
5914,1916-03-14 00:00:00,-0.0019533082288744,-0.2080293386877685,0.2041227222300197,12.217,57.1
5915,1916-03-15 00:00:00,-0.0246823306126602,-0.2305465019992492,0.1811818407739288,12.217,57.1
5916,1916-03-16 00:00:00,-0.0367020389920141,-0.2424455777213209,0.1690414997372925,12.217,57.1
5917,1916-03-17 00:00:00,-0.061193617246139,-0.2667296268477689,0.1443423923554908,12.217,57.1
5918,1916-03-18 00:00:00,-0.0369242276730681,-0.2424413935208558,0.1685929381747194,12.217,57.1
5919,1916-03-19 00:00:00,-0.0305967011842009,-0.2360255600927334,0.1748321577243315,12.217,57.1
5920,1916-03-20 00:00:00,-0.02219286149677,-0.2276819916729946,0.1832962686794546,12.217,57.1
5921,1916-03-21 00:00:00,0.0295479398219562,-0.1760849284579253,0.2351808081018377,12.217,57.1
5922,1916-03-22 00:00:00,0.0261097325169877,-0.1801127220565568,0.2323321870905324,12.217,57.1
5923,1916-03-23 00:00:00,0.016536730964666,-0.1902579598809737,0.2233314218103057,12.217,57.1
5924,1916-03-24 00:00:00,0.1327263241502114,-0.0731617616519633,0.3386144099523862,12.217,57.1
5925,1916-03-25 00:00:00,0.1392231181550093,-0.0664516201457048,0.3448978564557236,12.217,57.1
5926,1916-03-26 00:00:00,0.1681019603851798,-0.0377839680916101,0.37398788886197,12.217,57.1
5927,1916-03-27 00:00:00,0.2301982568313474,0.0227219729392577,0.4376745407234371,12.217,57.1
5928,1916-03-28 00:00:00,0.328133365259714,0.1221836071240913,0.5340831233953367,12.217,57.1
5929,1916-03-29 00:00:00,0.1910347328621396,-0.0154499359660853,0.3975194016903646,12.217,57.1
5930,1916-03-30 00:00:00,0.1262999933301224,-0.079735914068428,0.3323359007286729,12.217,57.1
5931,1916-03-31 00:00:00,0.1451243599227292,-0.0633804284522575,0.3536291482977159,12.217,57.1
5932,1916-04-01 00:00:00,0.2464262357993361,0.0394549041711131,0.453397567427559,12.217,57.1
5933,1916-04-02 00:00:00,0.053604012993239,-0.1519888564779125,0.2591968824643906,12.217,57.1
5934,1916-04-03 00:00:00,0.0660388177967249,-0.1395342259156048,0.2716118615090547,12.217,57.1
5935,1916-04-04 00:00:00,0.076582774313157,-0.1289619101516245,0.2821274587779386,12.217,57.1
5936,1916-04-05 00:00:00,0.1089599386741448,-0.096748305687344,0.3146681830356337,12.217,57.1
5937,1916-04-06 00:00:00,0.0450689375704343,-0.1608756878805241,0.2510135630213927,12.217,57.1
5938,1916-04-07 00:00:00,-0.0135632868288912,-0.219320310734415,0.1921937370766325,12.217,57.1
5939,1916-04-08 00:00:00,-0.0350873607004021,-0.2410018309255935,0.1708271095247892,12.217,57.1
5940,1916-04-09 00:00:00,0.0584715591597001,-0.1474212991587219,0.2643644174781223,12.217,57.1
5941,1916-04-10 00:00:00,0.2195369615849271,0.0135449274563221,0.4255289957135322,12.217,57.1
5942,1916-04-11 00:00:00,0.1812581500236832,-0.0254116195654844,0.3879279196128509,12.217,57.1
5943,1916-04-12 00:00:00,0.2048177584545231,-0.0010580158713346,0.410693532780381,12.217,57.1
5944,1916-04-13 00:00:00,0.2468683837759462,0.0408061535724521,0.4529306139794403,12.217,57.1
5945,1916-04-14 00:00:00,0.214723098259887,0.0088696665008323,0.4205765300189417,12.217,57.1
5946,1916-04-15 00:00:00,0.1517313357426535,-0.0538728696328782,0.3573355411181854,12.217,57.1
5947,1916-04-16 00:00:00,0.0723216576449942,-0.1332763733399543,0.2779196886299427,12.217,57.1
5948,1916-04-17 00:00:00,0.0262406170209144,-0.179292812242997,0.2317740462848259,12.217,57.1
5949,1916-04-18 00:00:00,0.2660406891925986,0.0589362306912254,0.4731451476939718,12.217,57.1
5950,1916-04-19 00:00:00,0.2254533560736825,0.0182592201233783,0.4326474920239868,12.217,57.1
5951,1916-04-20 00:00:00,0.1183763231982218,-0.0875768566755228,0.3243295030719664,12.217,57.1
5952,1916-04-21 00:00:00,0.1022231623039229,-0.1034238500370724,0.3078701746449183,12.217,57.1
5953,1916-04-22 00:00:00,0.1166913559137569,-0.0888243325720371,0.3222070443995509,12.217,57.1
5954,1916-04-23 00:00:00,0.11072899427425,-0.0949983593470025,0.3164563478955025,12.217,57.1
5955,1916-04-24 00:00:00,0.0170191231201248,-0.1890374415502507,0.2230756877905003,12.217,57.1
5956,1916-04-25 00:00:00,-0.0045805863925352,-0.2102802289339356,0.2011190561488652,12.217,57.1
5957,1916-04-26 00:00:00,-0.0117138432179964,-0.2174484013447178,0.194020714908725,12.217,57.1
5958,1916-04-27 00:00:00,-0.0334920001487886,-0.2390535095758949,0.1720695092783176,12.217,57.1
5959,1916-04-28 00:00:00,-0.0230348774437575,-0.2285493296385094,0.1824795747509942,12.217,57.1
5960,1916-04-29 00:00:00,-0.0366924364776947,-0.2422716035331963,0.1688867305778068,12.217,57.1
5961,1916-04-30 00:00:00,-0.0255269230161984,-0.2309913136302034,0.1799374675978065,12.217,57.1
5962,1916-05-01 00:00:00,0.0360163918959934,-0.1694308531286707,0.2414636369206576,12.217,57.1
5963,1916-05-02 00:00:00,0.0462763251440463,-0.1594840023495705,0.2520366526376632,12.217,57.1
5964,1916-05-03 00:00:00,0.0400307834739694,-0.1656693738435781,0.245730940791517,12.217,57.1
5965,1916-05-04 00:00:00,0.1125268258463476,-0.0933582511704679,0.3184119028631633,12.217,57.1
5966,1916-05-05 00:00:00,0.075598155735429,-0.1302966127951679,0.281492924266026,12.217,57.1
5967,1916-05-06 00:00:00,0.1277553476431245,-0.0779532387684373,0.3334639340546864,12.217,57.1
5968,1916-05-07 00:00:00,0.1494324098904858,-0.0567933725658698,0.3556581923468415,12.217,57.1
5969,1916-05-08 00:00:00,0.0448794172968782,-0.1606891055826881,0.2504479401764447,12.217,57.1
5970,1916-05-09 00:00:00,0.0683794948059068,-0.1372064085379022,0.2739653981497159,12.217,57.1
5971,1916-05-10 00:00:00,0.1308459703521297,-0.0762133832385183,0.3379053239427777,12.217,57.1
5972,1916-05-11 00:00:00,0.0505417363533405,-0.1552326840694795,0.2563161567761605,12.217,57.1
5973,1916-05-12 00:00:00,0.0258591686204282,-0.1801825433835991,0.2319008806244556,12.217,57.1
5974,1916-05-13 00:00:00,0.0010343968527629,-0.2046058136544929,0.2066746073600187,12.217,57.1
5975,1916-05-14 00:00:00,0.0906537484287638,-0.1148625541638526,0.2961700510213803,12.217,57.1
5976,1916-05-15 00:00:00,0.1327120085233767,-0.0732239811945404,0.3386479982412939,12.217,57.1
5977,1916-05-16 00:00:00,0.1532264989940575,-0.0528698222897824,0.3593228202778975,12.217,57.1
5978,1916-05-17 00:00:00,0.2795917487276902,0.0734627543207855,0.485720743134595,12.217,57.1
5979,1916-05-18 00:00:00,0.1216821881802042,-0.0841780945831894,0.327542470943598,12.217,57.1
5980,1916-05-19 00:00:00,0.0493035703117388,-0.1566278664449675,0.2552350070684452,12.217,57.1
5981,1916-05-20 00:00:00,0.0360880797567402,-0.1700933660026185,0.2422695255160991,12.217,57.1
5982,1916-05-21 00:00:00,0.0113709712140259,-0.1942110818621757,0.2169530242902276,12.217,57.1
5983,1916-05-22 00:00:00,0.079247909559084,-0.1265671118624382,0.2850629309806064,12.217,57.1
5984,1916-05-23 00:00:00,0.0768035005164563,-0.1287822683237184,0.2823892693566311,12.217,57.1
5985,1916-05-24 00:00:00,0.0489182190385241,-0.1568215890106526,0.2546580270877009,12.217,57.1
5986,1916-05-25 00:00:00,0.0157269596291549,-0.1898826699328255,0.2213365891911354,12.217,57.1
5987,1916-05-26 00:00:00,-0.0059912011328628,-0.2116510877006869,0.1996686854349611,12.217,57.1
5988,1916-05-27 00:00:00,0.0243546573876463,-0.1813105814236472,0.23001989619894,12.217,57.1
5989,1916-05-28 00:00:00,0.0090541875817792,-0.1967883805668559,0.2148967557304143,12.217,57.1
5990,1916-05-29 00:00:00,0.0228841749301846,-0.1830062469741,0.2287745968344693,12.217,57.1
5991,1916-05-30 00:00:00,-0.0163653868132641,-0.222168243575651,0.1894374699491227,12.217,57.1
5992,1916-05-31 00:00:00,0.0038251320664499,-0.2016243812411952,0.209274645374095,12.217,57.1
5993,1916-06-01 00:00:00,0.0228468721860842,-0.1828224255645394,0.2285161699367079,12.217,57.1
5994,1916-06-02 00:00:00,0.0786716852926057,-0.1272285805858506,0.2845719511710622,12.217,57.1
5995,1916-06-03 00:00:00,0.1923498662771339,-0.0135942242806914,0.3982939568349594,12.217,57.1
5996,1916-06-04 00:00:00,0.1877224820400809,-0.0182505376963414,0.3936955017765034,12.217,57.1
5997,1916-06-05 00:00:00,0.1362430202931574,-0.0695425272622461,0.3420285678485609,12.217,57.1
5998,1916-06-06 00:00:00,0.2009378297902911,-0.0051874112785295,0.4070630708591118,12.217,57.1
5999,1916-06-07 00:00:00,0.143312155902338,-0.0625066927655078,0.3491310045701838,12.217,57.1
6000,1916-06-08 00:00:00,0.1363934606804911,-0.0690969752021798,0.3418838965631621,12.217,57.1
6001,1916-06-09 00:00:00,0.1154147619793376,-0.0899998637462969,0.3208293877049721,12.217,57.1
6002,1916-06-10 00:00:00,0.0363836206575231,-0.1691296639337748,0.2418969052488211,12.217,57.1
6003,1916-06-11 00:00:00,-0.0268932234575831,-0.2324742656319746,0.1786878187168084,12.217,57.1
6004,1916-06-12 00:00:00,0.1756911335214633,-0.0312577882295885,0.3826400552725151,12.217,57.1
6005,1916-06-13 00:00:00,0.1022347652104635,-0.1055022228109932,0.3099717532319203,12.217,57.1
6006,1916-06-14 00:00:00,0.0305385850022985,-0.175175940029358,0.236253110033955,12.217,57.1
6007,1916-06-15 00:00:00,0.0264356859996212,-0.1790335619672823,0.2319049339665247,12.217,57.1
6008,1916-06-16 00:00:00,0.0491604023859241,-0.1568364742366803,0.2551572790085286,12.217,57.1
6009,1916-06-17 00:00:00,0.0629438276450453,-0.1435638473885747,0.2694515026786653,12.217,57.1
6010,1916-06-18 00:00:00,0.1043208420798195,-0.1015458729597974,0.3101875571194364,12.217,57.1
6011,1916-06-19 00:00:00,0.1546618228914913,-0.0509752314118951,0.3602988771948778,12.217,57.1
6012,1916-06-20 00:00:00,0.1736790721715145,-0.0321774332227507,0.3795355775657799,12.217,57.1
6013,1916-06-21 00:00:00,0.3150279809566482,0.1087707427574572,0.5212852191558393,12.217,57.1
6014,1916-06-22 00:00:00,0.2013207133567392,-0.0049880937540997,0.4076295204675782,12.217,57.1
6015,1916-06-23 00:00:00,0.0550192416317087,-0.1505840110349921,0.2606224942984095,12.217,57.1
6016,1916-06-24 00:00:00,0.015456770939756,-0.1899918696483937,0.2209054115279058,12.217,57.1
6017,1916-06-25 00:00:00,0.0290113856097898,-0.1764383223100384,0.234461093529618,12.217,57.1
6018,1916-06-26 00:00:00,0.0369215317635496,-0.1685426231396853,0.2423856866667847,12.217,57.1
6019,1916-06-27 00:00:00,0.0380531056406944,-0.1674720192037552,0.2435782304851441,12.217,57.1
6020,1916-06-28 00:00:00,0.0743420162180998,-0.1312441237042592,0.2799281561404589,12.217,57.1
6021,1916-06-29 00:00:00,0.1328663661459259,-0.0729922972020708,0.3387250294939227,12.217,57.1
6022,1916-06-30 00:00:00,0.0619022269188438,-0.1437420664399914,0.2675465202776791,12.217,57.1
6023,1916-07-01 00:00:00,0.1000287116205776,-0.1055418437957322,0.3055992670368874,12.217,57.1
6024,1916-07-02 00:00:00,0.1286107596597254,-0.0770072470350604,0.3342287663545112,12.217,57.1
6025,1916-07-03 00:00:00,0.1072064555305705,-0.0983132059100267,0.3127261169711678,12.217,57.1
6026,1916-07-04 00:00:00,0.0689683719237178,-0.1364631585729549,0.2743999024203907,12.217,57.1
6027,1916-07-05 00:00:00,0.0446200490309708,-0.1608664629909842,0.2501065610529258,12.217,57.1
6028,1916-07-06 00:00:00,0.0085529546307433,-0.1971512901468038,0.2142571994082904,12.217,57.1
6029,1916-07-07 00:00:00,0.1817555772525243,-0.0245434067134642,0.3880545612185129,12.217,57.1
6030,1916-07-08 00:00:00,0.1778902330354233,-0.0284934195752995,0.3842738856461463,12.217,57.1
6031,1916-07-09 00:00:00,0.111742821026287,-0.0938267606430666,0.3173124026956407,12.217,57.1
6032,1916-07-10 00:00:00,0.0837660765256601,-0.1218900407675678,0.2894221938188881,12.217,57.1
6033,1916-07-11 00:00:00,0.0783185786000534,-0.1272523503644864,0.2838895075645932,12.217,57.1
6034,1916-07-12 00:00:00,0.0993818478480083,-0.1060733326232495,0.3048370283192663,12.217,57.1
6035,1916-07-13 00:00:00,0.1565654318705074,-0.0489533621135047,0.3620842258545195,12.217,57.1
6036,1916-07-14 00:00:00,0.1210243007924905,-0.0850087648377566,0.3270573664227377,12.217,57.1
6037,1916-07-15 00:00:00,0.1547282345571296,-0.0508897701785539,0.3603462392928133,12.217,57.1
6038,1916-07-16 00:00:00,0.1078687176573942,-0.0977587359445453,0.3134961712593337,12.217,57.1
6039,1916-07-17 00:00:00,0.0774268894512262,-0.1282815428139056,0.2831353217163581,12.217,57.1
6040,1916-07-18 00:00:00,0.0334748037645428,-0.1720221591406454,0.238971766669731,12.217,57.1
6041,1916-07-19 00:00:00,0.065865613061149,-0.1395612136603627,0.2712924397826609,12.217,57.1
6042,1916-07-20 00:00:00,0.0480886000175243,-0.1573800091250902,0.2535572091601388,12.217,57.1
6043,1916-07-21 00:00:00,0.0136848437247118,-0.1918292079797687,0.2191988954291925,12.217,57.1
6044,1916-07-22 00:00:00,-0.018209098572667,-0.2237817412493965,0.1873635441040624,12.217,57.1
6045,1916-07-23 00:00:00,-0.0440926017751413,-0.2496403932340786,0.1614551896837959,12.217,57.1
6046,1916-07-24 00:00:00,-0.0235936774299826,-0.2291016670744203,0.181914312214455,12.217,57.1
6047,1916-07-25 00:00:00,-0.0038607430023645,-0.2094413666030075,0.2017198805982784,12.217,57.1
6048,1916-07-26 00:00:00,-0.0135552564507467,-0.219053999706022,0.1919434868045285,12.217,57.1
6049,1916-07-27 00:00:00,-0.0079974700656543,-0.213394572893218,0.1973996327619093,12.217,57.1
6050,1916-07-28 00:00:00,0.0020724014690157,-0.2033340119201235,0.2074788148581549,12.217,57.1
6051,1916-07-29 00:00:00,0.025942321537058,-0.1795076988314246,0.2313923419055407,12.217,57.1
6052,1916-07-30 00:00:00,0.1593126769242276,-0.0464498918650047,0.3650752457134601,12.217,57.1
6053,1916-07-31 00:00:00,0.241954898697061,0.0358967956351418,0.4480130017589801,12.217,57.1
6054,1916-08-01 00:00:00,0.0987689181555968,-0.1070979213654244,0.304635757676618,12.217,57.1
6055,1916-08-02 00:00:00,0.0742943406964284,-0.1314982921799583,0.2800869735728152,12.217,57.1
6056,1916-08-03 00:00:00,0.1927282608203514,-0.0135435299944099,0.3990000516351128,12.217,57.1
6057,1916-08-04 00:00:00,0.4275114491664486,0.2185331372271463,0.636489761105751,12.217,57.1
6058,1916-08-05 00:00:00,0.2704106883776294,0.0601804651681656,0.4806409115870932,12.217,57.1
6059,1916-08-06 00:00:00,0.0381738237809404,-0.1679938915377024,0.2443415390995832,12.217,57.1
6060,1916-08-07 00:00:00,0.0206520260743344,-0.1850074024197174,0.2263114545683863,12.217,57.1
6061,1916-08-08 00:00:00,0.051099660581421,-0.1551251289281746,0.2573244500910167,12.217,57.1
6062,1916-08-09 00:00:00,0.0167287707166322,-0.1888774927460456,0.2223350341793101,12.217,57.1
6063,1916-08-10 00:00:00,0.0718752621959195,-0.1336512495141404,0.2774017739059794,12.217,57.1
6064,1916-08-11 00:00:00,0.0453073571470304,-0.1601551144226528,0.2507698287167136,12.217,57.1
6065,1916-08-12 00:00:00,0.033233160311623,-0.1722076618711576,0.2386739824944037,12.217,57.1
6066,1916-08-13 00:00:00,0.0366265827380155,-0.1688305371295697,0.2420837026056007,12.217,57.1
6067,1916-08-14 00:00:00,0.0965573773746528,-0.1089306155799889,0.3020453703292948,12.217,57.1
6068,1916-08-15 00:00:00,0.1272435777206178,-0.0782458326081664,0.3327329880494021,12.217,57.1
6069,1916-08-16 00:00:00,0.1107771852180932,-0.0948479890389218,0.3164023594751083,12.217,57.1
6070,1916-08-17 00:00:00,0.0680018452390869,-0.1375574392631759,0.2735611297413499,12.217,57.1
6071,1916-08-18 00:00:00,0.037977988531083,-0.1674442445042752,0.2434002215664412,12.217,57.1
6072,1916-08-19 00:00:00,0.0350494988887745,-0.170477269573567,0.240576267351116,12.217,57.1
6073,1916-08-20 00:00:00,0.0064944402961739,-0.1991478712965842,0.2121367518889322,12.217,57.1
6074,1916-08-21 00:00:00,0.0987438117906101,-0.1070379289607905,0.3045255525420109,12.217,57.1
6075,1916-08-22 00:00:00,0.0637357305833074,-0.1419922679771875,0.2694637291438023,12.217,57.1
6076,1916-08-23 00:00:00,0.065505603014299,-0.1400520228895653,0.2710632289181633,12.217,57.1
6077,1916-08-24 00:00:00,0.1531868293730096,-0.0523175760885267,0.358691234834546,12.217,57.1
6078,1916-08-25 00:00:00,0.1801687642706526,-0.0254634130032665,0.3858009415445719,12.217,57.1
6079,1916-08-26 00:00:00,0.1785020484195622,-0.0271632956731416,0.3841673925122661,12.217,57.1
6080,1916-08-27 00:00:00,0.1592202385788029,-0.046437287941396,0.3648777650990019,12.217,57.1
6081,1916-08-28 00:00:00,0.1387967906534636,-0.0669256022296998,0.3445191835366271,12.217,57.1
6082,1916-08-29 00:00:00,0.1036021814858708,-0.1021056772937288,0.3093100402654706,12.217,57.1
6083,1916-08-30 00:00:00,0.1158376632653103,-0.0898002325730649,0.3214755591036856,12.217,57.1
6084,1916-08-31 00:00:00,0.1580246523287506,-0.0482898963340976,0.364339200991599,12.217,57.1
6085,1916-09-01 00:00:00,-0.0572640819899125,-0.2635412304324349,0.1490130664526098,12.217,57.1
6086,1916-09-02 00:00:00,0.0702907211074455,-0.1354364235511352,0.2760178657660264,12.217,57.1
6087,1916-09-03 00:00:00,0.0594755820158951,-0.1460123207907801,0.2649634848225705,12.217,57.1
6088,1916-09-04 00:00:00,0.0470416295270712,-0.1585101234495831,0.2525933825037256,12.217,57.1
6089,1916-09-05 00:00:00,0.1606123839804867,-0.045191623396361,0.3664163913573344,12.217,57.1
6090,1916-09-06 00:00:00,-0.017476694846469,-0.2234749312741909,0.1885215415812528,12.217,57.1
6091,1916-09-07 00:00:00,-0.0639243326301364,-0.2695825074964966,0.1417338422362236,12.217,57.1
6092,1916-09-08 00:00:00,-0.0494810875806261,-0.2549302955483611,0.1559681203871088,12.217,57.1
6093,1916-09-09 00:00:00,-0.0442793159747616,-0.2497249265644075,0.1611662946148842,12.217,57.1
6094,1916-09-10 00:00:00,4.30732907752418e-05,-0.2055353034300799,0.2056214500116303,12.217,57.1
6095,1916-09-11 00:00:00,0.0124099894197216,-0.1930726338947408,0.2178926127341841,12.217,57.1
6096,1916-09-12 00:00:00,0.0582659842749236,-0.1472006587464681,0.2637326272963154,12.217,57.1
6097,1916-09-13 00:00:00,0.2442177203325949,0.0381077647522248,0.4503276759129651,12.217,57.1
6098,1916-09-14 00:00:00,0.4172277742635943,0.2092845688482443,0.6251709796789444,12.217,57.1
6099,1916-09-15 00:00:00,0.2157693338454412,0.0084162583850586,0.4231224093058239,12.217,57.1
6100,1916-09-16 00:00:00,0.14806848038576,-0.0577326658214818,0.353869626593002,12.217,57.1
6101,1916-09-17 00:00:00,0.020834099798625,-0.1852902000318942,0.2269583996291444,12.217,57.1
6102,1916-09-18 00:00:00,0.1080077881786736,-0.0979317070283379,0.3139472833856851,12.217,57.1
6103,1916-09-19 00:00:00,0.2838188849756505,0.0761966916059221,0.4914410783453788,12.217,57.1
6104,1916-09-20 00:00:00,0.1316630926112653,-0.074645053596427,0.3379712388189578,12.217,57.1
6105,1916-09-21 00:00:00,0.0643194632829592,-0.1415079282573635,0.270146854823282,12.217,57.1
6106,1916-09-22 00:00:00,-0.0046089337721288,-0.2101718142478247,0.2009539467035669,12.217,57.1
6107,1916-09-23 00:00:00,0.0263704922485295,-0.1792716554513059,0.232012639948365,12.217,57.1
6108,1916-09-24 00:00:00,0.0674202851612277,-0.1384737865714139,0.2733143568938694,12.217,57.1
6109,1916-09-25 00:00:00,0.0343846525250836,-0.1711348485593757,0.2399041536095429,12.217,57.1
6110,1916-09-26 00:00:00,-0.0334605060306719,-0.238871809088718,0.1719507970273741,12.217,57.1
6111,1916-09-27 00:00:00,-0.042373281123896,-0.2478405002450641,0.1630939379972719,12.217,57.1
6112,1916-09-28 00:00:00,-0.0588560528665694,-0.2644878942603069,0.1467757885271679,12.217,57.1
6113,1916-09-29 00:00:00,0.0308317814196833,-0.1748956643940529,0.2365592272334196,12.217,57.1
6114,1916-09-30 00:00:00,0.0034401101319266,-0.202198155719669,0.2090783759835224,12.217,57.1
6115,1916-10-01 00:00:00,0.0180909371908418,-0.1881009835699367,0.2242828579516203,12.217,57.1
6116,1916-10-02 00:00:00,0.0375915672983239,-0.1680131787059607,0.2431963133026085,12.217,57.1
6117,1916-10-03 00:00:00,0.0396724667884476,-0.1663635343735631,0.2457084679504584,12.217,57.1
6118,1916-10-04 00:00:00,0.0443895925623617,-0.1625527327890224,0.2513319179137459,12.217,57.1
6119,1916-10-05 00:00:00,0.2006665049387703,-0.0061954791456827,0.4075284890232233,12.217,57.1
6120,1916-10-06 00:00:00,0.1469816238200949,-0.0594595716842788,0.3534228193244686,12.217,57.1
6121,1916-10-07 00:00:00,0.2331130202198506,0.0268259841025343,0.4394000563371668,12.217,57.1
6122,1916-10-08 00:00:00,0.3723485994325218,0.1660813960845748,0.5786158027804689,12.217,57.1
6123,1916-10-09 00:00:00,0.2154521831692153,0.0094026079734274,0.4215017583650031,12.217,57.1
6124,1916-10-10 00:00:00,0.3293009031907516,0.1230239299401327,0.5355778764413707,12.217,57.1
6125,1916-10-11 00:00:00,0.3213931899516518,0.1142229137892366,0.528563466114067,12.217,57.1
6126,1916-10-12 00:00:00,0.5549371236516638,0.3463001163189625,0.7635741309843651,12.217,57.1
6127,1916-10-13 00:00:00,0.4857259606293057,0.278020281704611,0.6934316395540004,12.217,57.1
6128,1916-10-14 00:00:00,0.2318484926539334,0.0248897990897183,0.4388071862181485,12.217,57.1
6129,1916-10-15 00:00:00,0.2696030771923154,0.0626173266744605,0.4765888277101702,12.217,57.1
6130,1916-10-16 00:00:00,0.4389166459136453,0.2272275468101824,0.6506057450171082,12.217,57.1
6131,1916-10-17 00:00:00,0.2008702857619316,-0.0055352341700141,0.4072758056938774,12.217,57.1
6132,1916-10-18 00:00:00,-0.0132291303784431,-0.219028025978978,0.1925697652220918,12.217,57.1
6133,1916-10-19 00:00:00,0.0205510068578055,-0.1849933772412721,0.2260953909568833,12.217,57.1
6134,1916-10-20 00:00:00,-0.0264911472266895,-0.2320334611291035,0.1790511666757245,12.217,57.1
6135,1916-10-21 00:00:00,-0.0239106273398035,-0.2295207158482131,0.1816994611686061,12.217,57.1
6136,1916-10-22 00:00:00,0.0818484773308747,-0.1241016925678883,0.2877986472296379,12.217,57.1
6137,1916-10-23 00:00:00,0.0731800508005447,-0.1327107615437057,0.2790708631447953,12.217,57.1
6138,1916-10-24 00:00:00,0.0754757430582676,-0.1301987008872711,0.2811501870038063,12.217,57.1
6139,1916-10-25 00:00:00,0.0731842581104513,-0.1331314579270705,0.2794999741479732,12.217,57.1
6140,1916-10-26 00:00:00,0.0841342275226995,-0.1220302909939562,0.2902987460393554,12.217,57.1
6141,1916-10-27 00:00:00,0.0456918788672601,-0.1609715680190103,0.2523553257535306,12.217,57.1
6142,1916-10-28 00:00:00,0.1126840929771472,-0.0946575927671951,0.3200257787214897,12.217,57.1
6143,1916-10-29 00:00:00,0.2167643928207311,0.0104550537812896,0.4230737318601727,12.217,57.1
6144,1916-10-30 00:00:00,0.1214754621466863,-0.0847344256849714,0.3276853499783442,12.217,57.1
6145,1916-10-31 00:00:00,0.2457242775529043,0.0395894861708207,0.4518590689349879,12.217,57.1
6146,1916-11-01 00:00:00,0.3113333466431166,0.1028496603798971,0.5198170329063362,12.217,57.1
6147,1916-11-02 00:00:00,0.2160451662672292,0.0092272675134484,0.42286306502101,12.217,57.1
6148,1916-11-03 00:00:00,0.129715570096971,-0.0759735968581677,0.3354047370521098,12.217,57.1
6149,1916-11-04 00:00:00,0.1099923445374045,-0.0960334057993537,0.3160180948741629,12.217,57.1
6150,1916-11-05 00:00:00,0.2352546148875544,0.0279803565504885,0.4425288732246204,12.217,57.1
6151,1916-11-06 00:00:00,0.3366858679751529,0.1303374823818493,0.5430342535684566,12.217,57.1
6152,1916-11-07 00:00:00,0.2218486300092462,0.015449989745039,0.4282472702734533,12.217,57.1
6153,1916-11-08 00:00:00,0.3040404204183209,0.097475184015661,0.5106056568209807,12.217,57.1
6154,1916-11-09 00:00:00,0.3421323132264353,0.1355385205937982,0.5487261058590724,12.217,57.1
6155,1916-11-10 00:00:00,0.1243391146124849,-0.0819462914626483,0.3306245206876183,12.217,57.1
6156,1916-11-11 00:00:00,0.0720664544768506,-0.1335912840268019,0.2777241929805032,12.217,57.1
6157,1916-11-12 00:00:00,0.2059923654942668,8.90168706645933e-05,0.4118957141178691,12.217,57.1
6158,1916-11-13 00:00:00,0.1779835566663991,-0.0282019318494159,0.3841690451822143,12.217,57.1
6159,1916-11-14 00:00:00,0.0539926668615639,-0.1528945929933341,0.260879926716462,12.217,57.1
6160,1916-11-15 00:00:00,-0.1321240995634173,-0.3381055610053669,0.0738573618785321,12.217,57.1
6161,1916-11-16 00:00:00,-0.1313687626986692,-0.3369008914494678,0.0741633660521294,12.217,57.1
6162,1916-11-17 00:00:00,-0.0747835045047784,-0.2802683053299925,0.1307012963204356,12.217,57.1
6163,1916-11-18 00:00:00,0.0059850777865487,-0.1995484146921232,0.2115185702652206,12.217,57.1
6164,1916-11-19 00:00:00,-0.0150549700839674,-0.2221696941712573,0.1920597540033222,12.217,57.1
6165,1916-11-20 00:00:00,0.0605423298379924,-0.1487550177788771,0.2698396774548619,12.217,57.1
6166,1916-11-21 00:00:00,0.1335038044433683,-0.075087277880574,0.3420948867673106,12.217,57.1
6167,1916-11-22 00:00:00,-0.0076839686615734,-0.21489182679034,0.1995238894671931,12.217,57.1
6168,1916-11-23 00:00:00,-0.0119918814125564,-0.2207426529647605,0.1967588901396476,12.217,57.1
6169,1916-11-24 00:00:00,0.1874129740570602,-0.0186036282472533,0.3934295763613739,12.217,57.1
6170,1916-11-25 00:00:00,0.4405960705340922,0.228953698226883,0.6522384428413014,12.217,57.1
6171,1916-11-26 00:00:00,0.3479937496633035,0.1392140461944758,0.5567734531321312,12.217,57.1
6172,1916-11-27 00:00:00,0.3941753587202449,0.1858948217036246,0.6024558957368651,12.217,57.1
6173,1916-11-28 00:00:00,0.1154270301793405,-0.0914722259100073,0.3223262862686884,12.217,57.1
6174,1916-11-29 00:00:00,0.1665916068509306,-0.0403473854466408,0.373530599148502,12.217,57.1
6175,1916-11-30 00:00:00,0.2184115686170189,0.0108173411831797,0.4260057960508582,12.217,57.1
6176,1916-12-01 00:00:00,0.1072720940485642,-0.0989078203397889,0.3134520084369175,12.217,57.1
6177,1916-12-02 00:00:00,0.0307199537106662,-0.1752734549181202,0.2367133623394526,12.217,57.1
6178,1916-12-03 00:00:00,-0.0403242102196484,-0.2460447726156033,0.1653963521763065,12.217,57.1
6179,1916-12-04 00:00:00,0.1695068054312579,-0.036289188611051,0.3753027994735668,12.217,57.1
6180,1916-12-05 00:00:00,0.0766798129506266,-0.1290833420985582,0.2824429679998115,12.217,57.1
6181,1916-12-06 00:00:00,-0.0208561198836826,-0.2264883513732038,0.1847761116058384,12.217,57.1
6182,1916-12-07 00:00:00,0.0134428462472353,-0.1921501882648474,0.2190358807593181,12.217,57.1
6183,1916-12-08 00:00:00,0.0597073605210501,-0.1459119217563634,0.2653266427984638,12.217,57.1
6184,1916-12-09 00:00:00,0.12128739732737,-0.0844075339733666,0.3269823286281068,12.217,57.1
6185,1916-12-10 00:00:00,0.1134273309005571,-0.0921750570981883,0.3190297188993026,12.217,57.1
6186,1916-12-11 00:00:00,0.1965662583766176,-0.0093202042220183,0.4024527209752535,12.217,57.1
6187,1916-12-12 00:00:00,0.1398721684463485,-0.0670028725118079,0.3467472094045051,12.217,57.1
6188,1916-12-13 00:00:00,0.2180276370386245,0.0102505566156001,0.4258047174616488,12.217,57.1
6189,1916-12-14 00:00:00,0.3210240192870126,0.1143775005685041,0.527670538005521,12.217,57.1
6190,1916-12-15 00:00:00,0.2028852393034578,-0.0035018952103235,0.4092723738172392,12.217,57.1
6191,1916-12-16 00:00:00,0.1037738026267932,-0.1019472130690123,0.3094948183225989,12.217,57.1
6192,1916-12-17 00:00:00,-0.0020218260072967,-0.2077072235698727,0.2036635715552792,12.217,57.1
6193,1916-12-18 00:00:00,0.028711927288281,-0.176936828718882,0.234360683295444,12.217,57.1
6194,1916-12-19 00:00:00,0.0741762270748966,-0.1314001792178587,0.2797526333676521,12.217,57.1
6195,1916-12-20 00:00:00,0.086275621910552,-0.1192691830213837,0.2918204268424877,12.217,57.1
6196,1916-12-21 00:00:00,0.1061510840236543,-0.0994086347840207,0.3117108028313293,12.217,57.1
6197,1916-12-22 00:00:00,0.1490084343671272,-0.0587678217320087,0.3567846904662633,12.217,57.1
6198,1916-12-23 00:00:00,0.2990616635472514,0.091388377534495,0.5067349495600079,12.217,57.1
6199,1916-12-24 00:00:00,0.1246372486928461,-0.0815091797270447,0.330783677112737,12.217,57.1
6200,1916-12-25 00:00:00,0.1474060785300761,-0.0654942582879026,0.3603064153480548,12.217,57.1
6201,1916-12-26 00:00:00,0.1019585954826322,-0.1043595808622944,0.3082767718275588,12.217,57.1
6202,1916-12-27 00:00:00,0.1002870823414661,-0.1057569307061617,0.306331095389094,12.217,57.1
6203,1916-12-28 00:00:00,0.0150393012420203,-0.1906199946167239,0.2206985971007646,12.217,57.1
6204,1916-12-29 00:00:00,0.0696857950126095,-0.136083819852822,0.2754554098780411,12.217,57.1
6205,1916-12-30 00:00:00,0.1558297646374604,-0.0500618345426984,0.3617213638176192,12.217,57.1
6206,1916-12-31 00:00:00,0.1059176776000613,-0.0997913253973562,0.3116266805974788,12.217,57.1
6207,1917-01-01 00:00:00,0.1014578688325827,-0.1043859191240308,0.3073016567891964,12.217,57.1
6208,1917-01-02 00:00:00,0.0986298939389165,-0.1071190630999154,0.3043788509777486,12.217,57.1
6209,1917-01-03 00:00:00,0.0563105055348662,-0.1494873865880312,0.2621083976577636,12.217,57.1
6210,1917-01-04 00:00:00,0.1396360192550162,-0.0659909645311864,0.345263003041219,12.217,57.1
6211,1917-01-05 00:00:00,0.1643484011583006,-0.04408725651385,0.3727840588304513,12.217,57.1
6212,1917-01-06 00:00:00,0.0401398741919774,-0.168437525781459,0.2487172741654139,12.217,57.1
6213,1917-01-07 00:00:00,0.1155164529069914,-0.0900469402848869,0.3210798460988697,12.217,57.1
6214,1917-01-08 00:00:00,0.2165432154064642,0.0107050489000981,0.4223813819128302,12.217,57.1
6215,1917-01-09 00:00:00,0.1144922377062135,-0.0920770347361235,0.3210615101485507,12.217,57.1
6216,1917-01-10 00:00:00,0.0100311915796841,-0.1961349019839973,0.2161972851433656,12.217,57.1
6217,1917-01-11 00:00:00,-0.020622122405436,-0.2263721232226942,0.185127878411822,12.217,57.1
6218,1917-01-12 00:00:00,0.0553840936610266,-0.1501633365282314,0.2609315238502847,12.217,57.1
6219,1917-01-13 00:00:00,0.1116246205018731,-0.0941260802156914,0.3173753212194378,12.217,57.1
6220,1917-01-14 00:00:00,0.0492274066035191,-0.1568182047544478,0.2552730179614861,12.217,57.1
6221,1917-01-15 00:00:00,0.0152883793972234,-0.1914018889184669,0.2219786477129137,12.217,57.1
6222,1917-01-16 00:00:00,0.0079969585627674,-0.1980967079698657,0.2140906250954006,12.217,57.1
6223,1917-01-17 00:00:00,-0.039885804452407,-0.2455551408335634,0.1657835319287492,12.217,57.1
6224,1917-01-18 00:00:00,-0.1119335779259461,-0.31779275949068,0.0939256036387876,12.217,57.1
6225,1917-01-19 00:00:00,-0.2534377040180671,-0.4599410567378736,-0.0469343512982604,12.217,57.1
6226,1917-01-20 00:00:00,-0.2376131259782476,-0.4445083397203248,-0.0307179122361705,12.217,57.1
6227,1917-01-21 00:00:00,-0.1368597270881944,-0.3430451703902999,0.069325716213911,12.217,57.1
6228,1917-01-22 00:00:00,-0.1058902719639648,-0.3118342414525999,0.1000536975246703,12.217,57.1
6229,1917-01-23 00:00:00,-0.1495861484745224,-0.3552972412755125,0.0561249443264676,12.217,57.1
6230,1917-01-24 00:00:00,-0.1373768609924789,-0.3429527674349134,0.0681990454499555,12.217,57.1
6231,1917-01-25 00:00:00,-0.0874075748551733,-0.2930096661423822,0.1181945164320355,12.217,57.1
6232,1917-01-26 00:00:00,-0.0809857218657924,-0.2865890433812319,0.124617599649647,12.217,57.1
6233,1917-01-27 00:00:00,-0.0753154251421565,-0.2808794018707456,0.1302485515864326,12.217,57.1
6234,1917-01-28 00:00:00,-0.092467658760197,-0.2979743438581901,0.113039026337796,12.217,57.1
6235,1917-01-29 00:00:00,-0.0404530944014234,-0.2459423067659658,0.1650361179631189,12.217,57.1
6236,1917-01-30 00:00:00,-0.0348083165140509,-0.2402690706441684,0.1706524376160665,12.217,57.1
6237,1917-01-31 00:00:00,0.0222151408800999,-0.1834162684668306,0.2278465502270304,12.217,57.1
6238,1917-02-01 00:00:00,-0.0102803513661399,-0.2158763198107586,0.1953156170784787,12.217,57.1
6239,1917-02-02 00:00:00,0.0302899663073906,-0.1753102006734689,0.2358901332882502,12.217,57.1
6240,1917-02-03 00:00:00,0.082180631599151,-0.1234356738328308,0.2877969370311329,12.217,57.1
6241,1917-02-04 00:00:00,0.1050700786480524,-0.1021297389581651,0.3122698962542699,12.217,57.1
6242,1917-02-05 00:00:00,0.129613171536727,-0.0773272181273976,0.3365535612008516,12.217,57.1
6243,1917-02-06 00:00:00,0.0177544778249775,-0.1879559734654586,0.2234649291154136,12.217,57.1
6244,1917-02-07 00:00:00,-0.07648058212808,-0.2821680184615682,0.129206854205408,12.217,57.1
6245,1917-02-08 00:00:00,0.0489910205385659,-0.158307375419834,0.2562894164969659,12.217,57.1
6246,1917-02-09 00:00:00,0.2310844533734355,0.0239830796430632,0.4381858271038078,12.217,57.1
6247,1917-02-10 00:00:00,0.1039557504609277,-0.1032558408400012,0.3111673417618567,12.217,57.1
6248,1917-02-11 00:00:00,0.0421795251703376,-0.1634943755261555,0.2478534258668307,12.217,57.1
6249,1917-02-12 00:00:00,0.0521474454199727,-0.1534598551371528,0.2577547459770983,12.217,57.1
6250,1917-02-13 00:00:00,-0.0407939680947299,-0.2464609092389018,0.1648729730494418,12.217,57.1
6251,1917-02-14 00:00:00,0.0432660608580796,-0.1629334344290575,0.2494655561452168,12.217,57.1
6252,1917-02-15 00:00:00,0.0011804212249329,-0.2045574861275475,0.2069183285774133,12.217,57.1
6253,1917-02-16 00:00:00,0.0814419459385162,-0.1245270876781422,0.2874109795551748,12.217,57.1
6254,1917-02-17 00:00:00,-0.0148717433005044,-0.2205372828983912,0.1907937962973823,12.217,57.1
6255,1917-02-18 00:00:00,-0.0021976206499736,-0.2078998219995304,0.2035045806995832,12.217,57.1
6256,1917-02-19 00:00:00,0.0023135948578836,-0.2033104516686463,0.2079376413844135,12.217,57.1
6257,1917-02-20 00:00:00,-0.0723528601711807,-0.2780539756660251,0.1333482553236637,12.217,57.1
6258,1917-02-21 00:00:00,0.0256442711199244,-0.1800266989416059,0.2313152411814548,12.217,57.1
6259,1917-02-22 00:00:00,-0.0560291731763021,-0.2616738207158566,0.1496154743632524,12.217,57.1
6260,1917-02-23 00:00:00,-0.0168840192523988,-0.2224638332237434,0.1886957947189457,12.217,57.1
6261,1917-02-24 00:00:00,0.0658319519919744,-0.1398727105756798,0.2715366145596287,12.217,57.1
6262,1917-02-25 00:00:00,0.0740955107389681,-0.1315695954023307,0.2797606168802669,12.217,57.1
6263,1917-02-26 00:00:00,0.1374415459532373,-0.0681116403493239,0.3429947322557986,12.217,57.1
6264,1917-02-27 00:00:00,0.083149955518576,-0.1225095220621878,0.2888094330993399,12.217,57.1
6265,1917-02-28 00:00:00,-0.0007162108673484,-0.2065747009717373,0.2051422792370404,12.217,57.1
6266,1917-03-01 00:00:00,0.0385657945077683,-0.1669745253094556,0.2441061143249923,12.217,57.1
6267,1917-03-02 00:00:00,-0.0632221293202642,-0.2687812100426462,0.1423369514021177,12.217,57.1
6268,1917-03-03 00:00:00,-0.0361923053558188,-0.2418626260911732,0.1694780153795356,12.217,57.1
6269,1917-03-04 00:00:00,-0.1059841957954919,-0.3126850531796855,0.1007166615887016,12.217,57.1
6270,1917-03-05 00:00:00,-0.0689643492608523,-0.2750542239501514,0.1371255254284467,12.217,57.1
6271,1917-03-06 00:00:00,-0.0770891087230656,-0.2834062445857665,0.1292280271396351,12.217,57.1
6272,1917-03-07 00:00:00,-0.0643247104535762,-0.2708554668225422,0.1422060459153897,12.217,57.1
6273,1917-03-08 00:00:00,-0.0718205116415418,-0.2796319097949822,0.1359908865118986,12.217,57.1
6274,1917-03-09 00:00:00,-0.0154299252726314,-0.2255356822433571,0.1946758316980941,12.217,57.1
6275,1917-03-10 00:00:00,-0.0686973629248065,-0.2781511860705777,0.1407564602209646,12.217,57.1
6276,1917-03-11 00:00:00,-0.0395518833987364,-0.2452559199118064,0.1661521531143335,12.217,57.1
6277,1917-03-12 00:00:00,0.067730414947476,-0.1380236087220029,0.273484438616955,12.217,57.1
6278,1917-03-13 00:00:00,0.1322545296360532,-0.0738865247805641,0.3383955840526707,12.217,57.1
6279,1917-03-14 00:00:00,0.0132560640321304,-0.1929391326514343,0.2194512607156951,12.217,57.1
6280,1917-03-15 00:00:00,0.0098050376979453,-0.1960401296163015,0.2156502050121923,12.217,57.1
6281,1917-03-16 00:00:00,-0.0764151437544217,-0.2822170600569118,0.1293867725480684,12.217,57.1
6282,1917-03-17 00:00:00,0.066281648125804,-0.1397433966187885,0.2723066928703966,12.217,57.1
6283,1917-03-18 00:00:00,0.0795037116515237,-0.1267985488990239,0.2858059722020715,12.217,57.1
6284,1917-03-19 00:00:00,0.2139930452906694,0.0074945790023006,0.4204915115790383,12.217,57.1
6285,1917-03-20 00:00:00,0.1128471166918075,-0.093763996488702,0.3194582298723171,12.217,57.1
6286,1917-03-21 00:00:00,0.0574876932878111,-0.1485085094815013,0.2634838960571236,12.217,57.1
6287,1917-03-22 00:00:00,0.1054213396958199,-0.1002097752178802,0.31105245460952,12.217,57.1
6288,1917-03-23 00:00:00,-0.0014323081392944,-0.2070530152071473,0.2041883989285584,12.217,57.1
6289,1917-03-24 00:00:00,-0.0506389674284524,-0.2562206307351963,0.1549426958782914,12.217,57.1
6290,1917-03-25 00:00:00,0.0386898954028174,-0.1667999853364395,0.2441797761420745,12.217,57.1
6291,1917-03-26 00:00:00,0.1496503868620392,-0.0561936434469942,0.3554944171710726,12.217,57.1
6292,1917-03-27 00:00:00,0.1117948922509193,-0.0941898720762337,0.3177796565780724,12.217,57.1
6293,1917-03-28 00:00:00,0.0433529563448438,-0.1626851364004414,0.2493910490901292,12.217,57.1
6294,1917-03-29 00:00:00,0.1279708362406446,-0.0779621908449219,0.3339038633262111,12.217,57.1
6295,1917-03-30 00:00:00,0.1890342976604228,-0.0180896138751461,0.3961582091959919,12.217,57.1
6296,1917-03-31 00:00:00,0.2790437620899296,0.0731533011993076,0.4849342229805516,12.217,57.1
6297,1917-04-01 00:00:00,0.3204713956457544,0.1141658760614353,0.5267769152300734,12.217,57.1
6298,1917-04-02 00:00:00,0.0865679083154234,-0.1194587188489353,0.2925945354797822,12.217,57.1
6299,1917-04-03 00:00:00,0.0762286547636749,-0.1292745116512573,0.2817318211786072,12.217,57.1
6300,1917-04-04 00:00:00,0.1372357548566282,-0.0683814369566234,0.34285294666988,12.217,57.1
6301,1917-04-05 00:00:00,0.1047375979515916,-0.1010232434215779,0.3104984393247612,12.217,57.1
6302,1917-04-06 00:00:00,0.0666526196837417,-0.1390467666767504,0.2723520060442338,12.217,57.1
6303,1917-04-07 00:00:00,0.1226232296018625,-0.082879144375719,0.3281256035794441,12.217,57.1
6304,1917-04-08 00:00:00,0.0442725822336231,-0.1613858087711842,0.2499309732384305,12.217,57.1
6305,1917-04-09 00:00:00,0.1018220495627139,-0.1038766287553721,0.3075207278807998,12.217,57.1
6306,1917-04-10 00:00:00,0.2487779430369544,0.0428861438578559,0.454669742216053,12.217,57.1
6307,1917-04-11 00:00:00,0.112476384260509,-0.0936190426483455,0.3185718111693635,12.217,57.1
6308,1917-04-12 00:00:00,0.1299507725218369,-0.076853807234298,0.336755352277972,12.217,57.1
6309,1917-04-13 00:00:00,0.2238769704560929,0.0176388022131724,0.4301151386990134,12.217,57.1
6310,1917-04-14 00:00:00,0.232889081603283,0.0269835501087854,0.4387946130977807,12.217,57.1
6311,1917-04-15 00:00:00,0.241845066256406,0.0358183892293986,0.4478717432834134,12.217,57.1
6312,1917-04-16 00:00:00,0.120934904323212,-0.0858574119921606,0.3277272206385847,12.217,57.1
6313,1917-04-17 00:00:00,0.0904660073888702,-0.115532354898548,0.2964643696762884,12.217,57.1
6314,1917-04-18 00:00:00,0.1369441435677808,-0.0694917821676963,0.343380069303258,12.217,57.1
6315,1917-04-19 00:00:00,0.0787488310694206,-0.1268850378172659,0.2843826999561072,12.217,57.1
6316,1917-04-20 00:00:00,0.1065523081626189,-0.0989936586151815,0.3120982749404195,12.217,57.1
6317,1917-04-21 00:00:00,0.0239586777965522,-0.1817323037204576,0.2296496593135621,12.217,57.1
6318,1917-04-22 00:00:00,-0.0495839042761265,-0.255520765386966,0.1563529568347129,12.217,57.1
6319,1917-04-23 00:00:00,-0.0497539745950296,-0.2557085953670188,0.1562006461769595,12.217,57.1
6320,1917-04-24 00:00:00,-0.0273731297113254,-0.2329430253766301,0.1781967659539791,12.217,57.1
6321,1917-04-25 00:00:00,0.0096724099139194,-0.1960268546112851,0.215371674439124,12.217,57.1
6322,1917-04-26 00:00:00,0.0457052552047004,-0.1606049382907793,0.2520154487001801,12.217,57.1
6323,1917-04-27 00:00:00,0.2385443342835797,0.0322335595666948,0.4448551090004646,12.217,57.1
6324,1917-04-28 00:00:00,0.1842099431839895,-0.0233359891865226,0.3917558755545018,12.217,57.1
6325,1917-04-29 00:00:00,0.0913197576954145,-0.1143581470570146,0.2969976624478438,12.217,57.1
6326,1917-04-30 00:00:00,0.308970150940639,0.1023931131122228,0.5155471887690553,12.217,57.1
6327,1917-05-01 00:00:00,0.0840533783604472,-0.1221236923856492,0.2902304491065436,12.217,57.1
6328,1917-05-02 00:00:00,0.0512834432284813,-0.1542928440682356,0.2568597305251981,12.217,57.1
6329,1917-05-03 00:00:00,0.0445815610502322,-0.1619064808505461,0.2510696029510106,12.217,57.1
6330,1917-05-04 00:00:00,-0.0025279469371523,-0.2082331317369104,0.2031772378626057,12.217,57.1
6331,1917-05-05 00:00:00,0.0433825205748142,-0.1622194012202447,0.2489844423698732,12.217,57.1
6332,1917-05-06 00:00:00,0.0378170208839971,-0.1682115704733752,0.2438456122413694,12.217,57.1
6333,1917-05-07 00:00:00,0.0068399007097907,-0.2001095037243721,0.2137893051439537,12.217,57.1
6334,1917-05-08 00:00:00,0.0846240544424904,-0.1211678737938437,0.2904159826788245,12.217,57.1
6335,1917-05-09 00:00:00,-0.0128141529716608,-0.2185208776329864,0.1928925716896646,12.217,57.1
6336,1917-05-10 00:00:00,-0.0265145193964656,-0.2320551991528694,0.179026160359938,12.217,57.1
6337,1917-05-11 00:00:00,-0.0397609854588609,-0.2452755473143142,0.1657535763965923,12.217,57.1
6338,1917-05-12 00:00:00,-0.0431596529004357,-0.2488168459804962,0.1624975401796247,12.217,57.1
6339,1917-05-13 00:00:00,-0.0543279447137098,-0.2601900817215468,0.151534192294127,12.217,57.1
6340,1917-05-14 00:00:00,0.0695391483708007,-0.1365471109876924,0.275625407729294,12.217,57.1
6341,1917-05-15 00:00:00,0.0273651114064039,-0.178522912059538,0.2332531348723459,12.217,57.1
6342,1917-05-16 00:00:00,0.0132180960996163,-0.1925568321691364,0.2189930243683691,12.217,57.1
6343,1917-05-17 00:00:00,-0.0329371955780904,-0.2387088202821016,0.1728344291259206,12.217,57.1
6344,1917-05-18 00:00:00,-0.0201382243606238,-0.2258925799729722,0.1856161312517245,12.217,57.1
6345,1917-05-19 00:00:00,0.0028980029926049,-0.2030130281169018,0.2088090341021117,12.217,57.1
6346,1917-05-20 00:00:00,0.0133979306082404,-0.1922744148812743,0.2190702760977551,12.217,57.1
6347,1917-05-21 00:00:00,-0.0476324323781071,-0.2533810135971217,0.1581161488409073,12.217,57.1
6348,1917-05-22 00:00:00,-0.0440323177644835,-0.2499586535836214,0.1618940180546543,12.217,57.1
6349,1917-05-23 00:00:00,0.0445578019846673,-0.1612672625036353,0.25038286647297,12.217,57.1
6350,1917-05-24 00:00:00,0.0519542118781013,-0.1537704510226605,0.2576788747788631,12.217,57.1
6351,1917-05-25 00:00:00,0.0430443523587493,-0.1624661074258329,0.2485548121433315,12.217,57.1
6352,1917-05-26 00:00:00,0.0121154595311419,-0.1933027827201232,0.2175337017824071,12.217,57.1
6353,1917-05-27 00:00:00,-0.0249429446463911,-0.2304066826949801,0.1805207934021979,12.217,57.1
6354,1917-05-28 00:00:00,-0.0042147582614674,-0.2096601440253948,0.2012306275024599,12.217,57.1
6355,1917-05-29 00:00:00,-0.0030103473779575,-0.2085809117987933,0.2025602170428781,12.217,57.1
6356,1917-05-30 00:00:00,0.0813205766193564,-0.1243959670008287,0.2870371202395416,12.217,57.1
6357,1917-05-31 00:00:00,0.1681064179921064,-0.0375028127251061,0.3737156487093189,12.217,57.1
6358,1917-06-01 00:00:00,0.098660680396628,-0.1070637186938799,0.304385079487136,12.217,57.1
6359,1917-06-02 00:00:00,0.0347501480412413,-0.1709956349859392,0.240495931068422,12.217,57.1
6360,1917-06-03 00:00:00,0.0646795881115981,-0.1409678542984727,0.270327030521669,12.217,57.1
6361,1917-06-04 00:00:00,0.1560057940913816,-0.049697825841689,0.3617094140244522,12.217,57.1
6362,1917-06-05 00:00:00,0.1164927007081386,-0.0896412025207089,0.3226266039369862,12.217,57.1
6363,1917-06-06 00:00:00,0.037981823201508,-0.1676618989638429,0.243625545366859,12.217,57.1
6364,1917-06-07 00:00:00,-0.0334028067436911,-0.2392180275786049,0.1724124140912226,12.217,57.1
6365,1917-06-08 00:00:00,-0.0128408598894568,-0.2183036879993921,0.1926219682204785,12.217,57.1
6366,1917-06-09 00:00:00,-0.0028672343564468,-0.2084336630940421,0.2026991943811484,12.217,57.1
6367,1917-06-10 00:00:00,-0.0024872663797298,-0.2081064611065615,0.2031319283471019,12.217,57.1
6368,1917-06-11 00:00:00,-0.0111062771592759,-0.2165597038282613,0.1943471495097095,12.217,57.1
6369,1917-06-12 00:00:00,-0.0231180783318825,-0.2285742686826551,0.1823381120188899,12.217,57.1
6370,1917-06-13 00:00:00,-0.0151076793349586,-0.2205574230807094,0.1903420644107921,12.217,57.1
6371,1917-06-14 00:00:00,-0.0039465695617244,-0.2093724575367183,0.2014793184132694,12.217,57.1
6372,1917-06-15 00:00:00,0.0252687616787563,-0.1803326522910544,0.2308701756485672,12.217,57.1
6373,1917-06-16 00:00:00,-0.0258572044894284,-0.2314308857865009,0.1797164768076441,12.217,57.1
6374,1917-06-17 00:00:00,0.0351286380406657,-0.1705420367941699,0.2407993128755014,12.217,57.1
6375,1917-06-18 00:00:00,0.0292307315077645,-0.1767582048318208,0.23521966784735,12.217,57.1
6376,1917-06-19 00:00:00,0.095698100154012,-0.1098964441818824,0.3012926444899066,12.217,57.1
6377,1917-06-20 00:00:00,0.1117301185549786,-0.0938043532664819,0.3172645903764393,12.217,57.1
6378,1917-06-21 00:00:00,0.0956825486651998,-0.1098613058273084,0.301226403157708,12.217,57.1
6379,1917-06-22 00:00:00,0.0719245796456747,-0.1335757294633481,0.2774248887546976,12.217,57.1
6380,1917-06-23 00:00:00,0.1813906334024755,-0.0242424931688563,0.3870237599738074,12.217,57.1
6381,1917-06-24 00:00:00,0.1725952501542792,-0.0335189871732348,0.3787094874817933,12.217,57.1
6382,1917-06-25 00:00:00,0.0955908866277306,-0.1106480829892073,0.3018298562446687,12.217,57.1
6383,1917-06-26 00:00:00,0.0689339940989853,-0.1366567425663384,0.2745247307643092,12.217,57.1
6384,1917-06-27 00:00:00,0.0408742924961113,-0.1646243856136623,0.246372970605885,12.217,57.1
6385,1917-06-28 00:00:00,0.0292950112417197,-0.176524555888286,0.2351145783717255,12.217,57.1
6386,1917-06-29 00:00:00,0.0264543344183708,-0.1791623881415364,0.2320710569782781,12.217,57.1
6387,1917-06-30 00:00:00,-0.0095890597791914,-0.2152956765376191,0.1961175569792361,12.217,57.1
6388,1917-07-01 00:00:00,-0.0505438981186039,-0.256288625288074,0.155200829050866,12.217,57.1
6389,1917-07-02 00:00:00,-0.0746401970303891,-0.2803464962057069,0.1310661021449286,12.217,57.1
6390,1917-07-03 00:00:00,-0.0431411200409058,-0.2487279633409876,0.1624457232591758,12.217,57.1
6391,1917-07-04 00:00:00,-0.0145559879864259,-0.2200238462279315,0.1909118702550795,12.217,57.1
6392,1917-07-05 00:00:00,0.0088485264229484,-0.1966507851225371,0.2143478379684341,12.217,57.1
6393,1917-07-06 00:00:00,0.0238600930130805,-0.1818892653494548,0.2296094513756159,12.217,57.1
6394,1917-07-07 00:00:00,0.0282571968922635,-0.1773627234778545,0.2338771172623817,12.217,57.1
6395,1917-07-08 00:00:00,0.0405459440189665,-0.1649254375194867,0.2460173255574198,12.217,57.1
6396,1917-07-09 00:00:00,0.0499019576416785,-0.1556159957444006,0.2554199110277577,12.217,57.1
6397,1917-07-10 00:00:00,0.0188059921898993,-0.1867672300135699,0.2243792143933685,12.217,57.1
6398,1917-07-11 00:00:00,0.0023126411606985,-0.2033262903692353,0.2079515726906323,12.217,57.1
6399,1917-07-12 00:00:00,0.0105179096870399,-0.1950467311447414,0.2160825505188213,12.217,57.1
6400,1917-07-13 00:00:00,0.0250109133987074,-0.1804521228153139,0.2304739496127288,12.217,57.1
6401,1917-07-14 00:00:00,0.0077150853843357,-0.1977418438001205,0.2131720145687919,12.217,57.1
6402,1917-07-15 00:00:00,0.0449092302256706,-0.1605634851279707,0.250381945579312,12.217,57.1
6403,1917-07-16 00:00:00,0.1505847392039245,-0.055170170933931,0.3563396493417802,12.217,57.1
6404,1917-07-17 00:00:00,0.0869972321065671,-0.118890494642601,0.2928849588557352,12.217,57.1
6405,1917-07-18 00:00:00,0.0848166057007094,-0.1207719412466968,0.2904051526481157,12.217,57.1
6406,1917-07-19 00:00:00,0.0625345592883384,-0.1433155567550631,0.2683846753317399,12.217,57.1
6407,1917-07-20 00:00:00,0.1520189604965785,-0.0539488751570567,0.3579867961502138,12.217,57.1
6408,1917-07-21 00:00:00,0.1519488711067973,-0.0541410570058516,0.3580387992194463,12.217,57.1
6409,1917-07-22 00:00:00,0.113369498226714,-0.0927387548300671,0.3194777512834953,12.217,57.1
6410,1917-07-23 00:00:00,0.0741673376351216,-0.1319248296485686,0.2802595049188119,12.217,57.1
6411,1917-07-24 00:00:00,0.0474678071254405,-0.1582882756294666,0.2532238898803478,12.217,57.1
6412,1917-07-25 00:00:00,0.0670779613201314,-0.1384288427337567,0.2725847653740197,12.217,57.1
6413,1917-07-26 00:00:00,0.0673380827122869,-0.1381312420110902,0.2728074074356643,12.217,57.1
6414,1917-07-27 00:00:00,0.0681528515048529,-0.1372966057774638,0.2736023087871697,12.217,57.1
6415,1917-07-28 00:00:00,0.144699854529038,-0.0608632132868477,0.3502629223449237,12.217,57.1
6416,1917-07-29 00:00:00,0.0817944431583319,-0.1236962701233319,0.2872851564399957,12.217,57.1
6417,1917-07-30 00:00:00,0.0671034135197162,-0.1383098226861365,0.2725166497255691,12.217,57.1
6418,1917-07-31 00:00:00,0.0479352753174046,-0.1575138136487356,0.2533843642835448,12.217,57.1
6419,1917-08-01 00:00:00,0.0070577169081264,-0.1984170073859429,0.2125324412021959,12.217,57.1
6420,1917-08-02 00:00:00,0.0276833524521836,-0.1779531897299096,0.233319894634277,12.217,57.1
6421,1917-08-03 00:00:00,0.071783870188189,-0.133855987180747,0.2774237275571252,12.217,57.1
6422,1917-08-04 00:00:00,0.0174516771448769,-0.1880912737180133,0.2229946280077672,12.217,57.1
6423,1917-08-05 00:00:00,-0.0243620201380611,-0.2298594208344229,0.1811353805583007,12.217,57.1
6424,1917-08-06 00:00:00,-0.0363625608696561,-0.2418247869501455,0.1690996652108332,12.217,57.1
6425,1917-08-07 00:00:00,-0.0183795528867625,-0.2238150768939029,0.1870559711203779,12.217,57.1
6426,1917-08-08 00:00:00,0.015662617029863,-0.1897382356330267,0.2210634696927528,12.217,57.1
6427,1917-08-09 00:00:00,0.0441318256087042,-0.1612511343886162,0.2495147856060246,12.217,57.1
6428,1917-08-10 00:00:00,0.1233148751305099,-0.0821983815179893,0.3288281317790091,12.217,57.1
6429,1917-08-11 00:00:00,0.0672783559582542,-0.1382070187454873,0.2727637306619958,12.217,57.1
6430,1917-08-12 00:00:00,0.0548519076247179,-0.1506373096699316,0.2603411249193675,12.217,57.1
6431,1917-08-13 00:00:00,0.0962013940763988,-0.1092685428681074,0.3016713310209051,12.217,57.1
6432,1917-08-14 00:00:00,0.0829963466081435,-0.1225370229387336,0.2885297161550206,12.217,57.1
6433,1917-08-15 00:00:00,0.1258487244528394,-0.0797410063890382,0.3314384552947171,12.217,57.1
6434,1917-08-16 00:00:00,0.0837151628284067,-0.1218568951972342,0.2892872208540477,12.217,57.1
6435,1917-08-17 00:00:00,0.1692310723995866,-0.0365262839283193,0.3749884287274925,12.217,57.1
6436,1917-08-18 00:00:00,0.1471038065472181,-0.0585750900150559,0.3527827031094923,12.217,57.1
6437,1917-08-19 00:00:00,0.1371805545820269,-0.0683872149882189,0.3427483241522728,12.217,57.1
6438,1917-08-20 00:00:00,0.1351357071818363,-0.0705104426168201,0.3407818569804927,12.217,57.1
6439,1917-08-21 00:00:00,0.1086392447474665,-0.0968026723605283,0.3140811618554615,12.217,57.1
6440,1917-08-22 00:00:00,0.0579542054410932,-0.1474711017868584,0.2633795126690448,12.217,57.1
6441,1917-08-23 00:00:00,0.0431018847961767,-0.1623306333744207,0.2485344029667742,12.217,57.1
6442,1917-08-24 00:00:00,0.1143436128458399,-0.0914995423646091,0.320186768056289,12.217,57.1
6443,1917-08-25 00:00:00,0.1435951280711213,-0.0625978558806197,0.3497881120228625,12.217,57.1
6444,1917-08-26 00:00:00,0.2216006049830817,0.0159488116562769,0.4272523983098865,12.217,57.1
6445,1917-08-27 00:00:00,0.1362153301155933,-0.0694623597309747,0.3418930199621613,12.217,57.1
6446,1917-08-28 00:00:00,0.1553385208436341,-0.0502268789652662,0.3609039206525345,12.217,57.1
6447,1917-08-29 00:00:00,0.1440153575203154,-0.0622248936965872,0.3502556087372181,12.217,57.1
6448,1917-08-30 00:00:00,0.1725538478167949,-0.0335388954020256,0.3786465910356156,12.217,57.1
6449,1917-08-31 00:00:00,0.2416825936202841,0.0355847709618167,0.4477804162787514,12.217,57.1
6450,1917-09-01 00:00:00,0.2161393828895928,0.0104389138565131,0.4218398519226725,12.217,57.1
6451,1917-09-02 00:00:00,0.1625704961635745,-0.0430860444448065,0.3682270367719555,12.217,57.1
6452,1917-09-03 00:00:00,0.2314318666727979,0.0252281373028329,0.4376355960427628,12.217,57.1
6453,1917-09-04 00:00:00,0.14148614848506,-0.0646459454228585,0.3476182423929786,12.217,57.1
6454,1917-09-05 00:00:00,0.0969631735120436,-0.1087608959854031,0.3026872430094905,12.217,57.1
6455,1917-09-06 00:00:00,0.0052517628786535,-0.2003067308416529,0.2108102565989599,12.217,57.1
6456,1917-09-07 00:00:00,0.0247532668628224,-0.1808596812581421,0.230366214983787,12.217,57.1
6457,1917-09-08 00:00:00,0.0378133201283243,-0.1677308032820195,0.2433574435386683,12.217,57.1
6458,1917-09-09 00:00:00,0.067522128616049,-0.1381398651663891,0.2731841223984872,12.217,57.1
6459,1917-09-10 00:00:00,0.1602021206314694,-0.0456265362824248,0.3660307775453636,12.217,57.1
6460,1917-09-11 00:00:00,0.0797091106625337,-0.126094152563027,0.2855123738880944,12.217,57.1
6461,1917-09-12 00:00:00,0.1270648714368222,-0.0785721107809726,0.3327018536546172,12.217,57.1
6462,1917-09-13 00:00:00,0.0860129222873764,-0.1196150383404692,0.291640882915222,12.217,57.1
6463,1917-09-14 00:00:00,0.1935137599531103,-0.01231923146139,0.3993467513676107,12.217,57.1
6464,1917-09-15 00:00:00,0.3541305843050965,0.1464567672243771,0.5618044013858159,12.217,57.1
6465,1917-09-16 00:00:00,0.2736593512774669,0.0669005493814038,0.4804181531735299,12.217,57.1
6466,1917-09-17 00:00:00,0.2585119692278462,0.0525141375782336,0.4645098008774587,12.217,57.1
6467,1917-09-18 00:00:00,0.2623597765096538,0.0558007948868637,0.4689187581324439,12.217,57.1
6468,1917-09-19 00:00:00,0.1387550667269145,-0.0680488366520468,0.3455589701058758,12.217,57.1
6469,1917-09-20 00:00:00,0.19100888100574,-0.0149571653980075,0.3969749274094876,12.217,57.1
6470,1917-09-21 00:00:00,0.1198495716617564,-0.0859541491669874,0.3256532924905002,12.217,57.1
6471,1917-09-22 00:00:00,0.6668062168119891,0.4593549497682443,0.874257483855734,12.217,57.1
6472,1917-09-23 00:00:00,0.1754236138082464,-0.0329595469774091,0.3838067745939021,12.217,57.1
6473,1917-09-24 00:00:00,0.3016390370568668,0.095074480910984,0.5082035932027497,12.217,57.1
6474,1917-09-25 00:00:00,0.0928411929090031,-0.1130694284380879,0.2987518142560942,12.217,57.1
6475,1917-09-26 00:00:00,0.1489523260521434,-0.0596484267450758,0.3575530788493627,12.217,57.1
6476,1917-09-27 00:00:00,0.1887288380581953,-0.0177726763769477,0.3952303524933384,12.217,57.1
6477,1917-09-28 00:00:00,0.3914186741132435,0.1828980946860662,0.5999392535404209,12.217,57.1
6478,1917-09-29 00:00:00,0.2924482981862722,0.0841936959994085,0.500702900373136,12.217,57.1
6479,1917-09-30 00:00:00,0.098299247631676,-0.1084192557886873,0.3050177510520394,12.217,57.1
6480,1917-10-01 00:00:00,0.0659454326148811,-0.13995487305141,0.2718457382811723,12.217,57.1
6481,1917-10-02 00:00:00,0.1247168314364823,-0.0810367627249296,0.3304704255978944,12.217,57.1
6482,1917-10-03 00:00:00,0.108791504711697,-0.0974741156761086,0.3150571250995028,12.217,57.1
6483,1917-10-04 00:00:00,0.252144949115617,0.0458500795255185,0.4584398187057155,12.217,57.1
6484,1917-10-05 00:00:00,0.3998280678133715,0.193077070920333,0.6065790647064101,12.217,57.1
6485,1917-10-06 00:00:00,0.2703364319203495,0.0637190703327917,0.4769537935079074,12.217,57.1
6486,1917-10-07 00:00:00,0.1996360771768623,-0.0069113244953603,0.4061834788490851,12.217,57.1
6487,1917-10-08 00:00:00,0.1611473234809293,-0.0447055114571387,0.3670001584189974,12.217,57.1
6488,1917-10-09 00:00:00,0.1930188777684476,-0.0128549939939983,0.3988927495308935,12.217,57.1
6489,1917-10-10 00:00:00,0.1969264481218419,-0.0092088404707141,0.4030617367143981,12.217,57.1
6490,1917-10-11 00:00:00,0.1768078891953611,-0.0293521747270266,0.3829679531177488,12.217,57.1
6491,1917-10-12 00:00:00,0.104107844161435,-0.1017701966235596,0.3099858849464296,12.217,57.1
6492,1917-10-13 00:00:00,0.2491207269252346,0.0426512604107052,0.455590193439764,12.217,57.1
6493,1917-10-14 00:00:00,0.3062729528288601,0.0988830957164086,0.5136628099413116,12.217,57.1
6494,1917-10-15 00:00:00,0.1503658039635212,-0.0563563122448498,0.3570879201718923,12.217,57.1
6495,1917-10-16 00:00:00,0.0910584958565923,-0.1146247566250071,0.2967417483381918,12.217,57.1
6496,1917-10-17 00:00:00,0.129396357902933,-0.0767464324407087,0.3355391482465748,12.217,57.1
6497,1917-10-18 00:00:00,0.2024470135161531,-0.004996715072453,0.4098907421047594,12.217,57.1
6498,1917-10-19 00:00:00,0.1994895381560634,-0.0075287203867963,0.4065077966989233,12.217,57.1
6499,1917-10-20 00:00:00,0.0247621453790423,-0.1811847488221352,0.23070903958022,12.217,57.1
6500,1917-10-21 00:00:00,-0.037251620735829,-0.2427639704068406,0.1682607289351824,12.217,57.1
6501,1917-10-22 00:00:00,0.0856049190083296,-0.1206430334564816,0.291852871473141,12.217,57.1
6502,1917-10-23 00:00:00,0.2247887925036162,0.0186532732841082,0.4309243117231242,12.217,57.1
6503,1917-10-24 00:00:00,0.2926072753274402,0.0864876545982639,0.4987268960566164,12.217,57.1
6504,1917-10-25 00:00:00,0.2426534154915952,0.0366514873268681,0.4486553436563223,12.217,57.1
6505,1917-10-26 00:00:00,0.5853446529857377,0.3737358222954663,0.796953483676009,12.217,57.1
6506,1917-10-27 00:00:00,0.3865030197476901,0.1767217345236179,0.5962843049717623,12.217,57.1
6507,1917-10-28 00:00:00,0.3437474393696679,0.137180692560373,0.5503141861789629,12.217,57.1
6508,1917-10-29 00:00:00,0.130911128521793,-0.0750082526586459,0.336830509702232,12.217,57.1
6509,1917-10-30 00:00:00,0.0692009941179747,-0.1372037923299789,0.2756057805659284,12.217,57.1
6510,1917-10-31 00:00:00,0.1525180337048838,-0.0553950763525728,0.3604311437623405,12.217,57.1
6511,1917-11-01 00:00:00,0.1017136141433891,-0.1053055015445189,0.3087327298312972,12.217,57.1
6512,1917-11-02 00:00:00,0.0622473313784539,-0.143327891603784,0.2678225543606918,12.217,57.1
6513,1917-11-03 00:00:00,0.0534612061256781,-0.1520167090218322,0.2589391212731887,12.217,57.1
6514,1917-11-04 00:00:00,-0.0838386238730226,-0.2895227689231627,0.1218455211771174,12.217,57.1
6515,1917-11-05 00:00:00,0.0183681833498088,-0.1873419683344236,0.2240783350340412,12.217,57.1
6516,1917-11-06 00:00:00,0.1093337407210652,-0.0969236343586249,0.3155911158007554,12.217,57.1
6517,1917-11-07 00:00:00,0.25541658903287,0.0464822311750994,0.4643509468906406,12.217,57.1
6518,1917-11-08 00:00:00,0.2508214890287469,0.0434976961441523,0.4581452819133415,12.217,57.1
6519,1917-11-09 00:00:00,0.2185050469022616,0.0125542255645247,0.4244558682399986,12.217,57.1
6520,1917-11-10 00:00:00,0.2978997377158165,0.0912761967531529,0.5045232786784802,12.217,57.1
6521,1917-11-11 00:00:00,0.1413277858438114,-0.0652191175129709,0.3478746892005937,12.217,57.1
6522,1917-11-12 00:00:00,0.0375291514475846,-0.1680619043706638,0.2431202072658331,12.217,57.1
6523,1917-11-13 00:00:00,0.0692336170279707,-0.136431995497272,0.2748992295532135,12.217,57.1
6524,1917-11-14 00:00:00,0.0770563153213133,-0.1285445469321,0.2826571775747266,12.217,57.1
6525,1917-11-15 00:00:00,0.1155229877236473,-0.0903996553173785,0.3214456307646732,12.217,57.1
6526,1917-11-16 00:00:00,-0.0111271014589374,-0.2173224476646842,0.1950682447468093,12.217,57.1
6527,1917-11-17 00:00:00,-0.02346606672726,-0.2290399979853269,0.1821078645308069,12.217,57.1
6528,1917-11-18 00:00:00,0.1582733115344622,-0.0473298318938985,0.363876454962823,12.217,57.1
6529,1917-11-19 00:00:00,0.1254130319666721,-0.0804949326962477,0.331320996629592,12.217,57.1
6530,1917-11-20 00:00:00,0.2950199822473207,0.0889667137146655,0.5010732507799758,12.217,57.1
6531,1917-11-21 00:00:00,0.352222477747712,0.1459142001372163,0.5585307553582076,12.217,57.1
6532,1917-11-22 00:00:00,0.0533678815591256,-0.1527816108652263,0.2595173739834776,12.217,57.1
6533,1917-11-23 00:00:00,0.1727491182896081,-0.0329976718783695,0.3784959084575857,12.217,57.1
6534,1917-11-24 00:00:00,0.5552142015446355,0.3484579422475131,0.7619704608417579,12.217,57.1
6535,1917-11-25 00:00:00,0.4075969660915514,0.1987212857487842,0.6164726464343186,12.217,57.1
6536,1917-11-26 00:00:00,0.2284105105644917,0.019585153825837,0.4372358673031463,12.217,57.1
6537,1917-11-27 00:00:00,0.1515827604553747,-0.0564116291560464,0.3595771500667959,12.217,57.1
6538,1917-11-28 00:00:00,0.4992782621560482,0.2837462103429328,0.7148103139691636,12.217,57.1
6539,1917-11-29 00:00:00,0.3957435991254676,0.1880058851326869,0.6034813131182484,12.217,57.1
6540,1917-11-30 00:00:00,0.3672761306145284,0.1608739283949051,0.5736783328341517,12.217,57.1
6541,1917-12-01 00:00:00,0.1165258501624419,-0.0897086212057816,0.3227603215306655,12.217,57.1
6542,1917-12-02 00:00:00,0.3512163545121098,0.1443036963031692,0.5581290127210504,12.217,57.1
6543,1917-12-03 00:00:00,0.441162503957331,0.2318188890790235,0.6505061188356386,12.217,57.1
6544,1917-12-04 00:00:00,0.1113705521521,-0.0985531609949708,0.3212942652991708,12.217,57.1
6545,1917-12-05 00:00:00,-0.1582802837341428,-0.3660014768188365,0.0494409093505509,12.217,57.1
6546,1917-12-06 00:00:00,0.1138412473020421,-0.0921278966592528,0.3198103912633371,12.217,57.1
6547,1917-12-07 00:00:00,0.2922403650185362,0.0855790619977192,0.4989016680393532,12.217,57.1
6548,1917-12-08 00:00:00,0.2956565616229653,0.0897579678359483,0.5015551554099823,12.217,57.1
6549,1917-12-09 00:00:00,0.2366285243872305,0.0306881289714893,0.4425689198029717,12.217,57.1
6550,1917-12-10 00:00:00,0.091230973475221,-0.1144119691511185,0.2968739161015606,12.217,57.1
6551,1917-12-11 00:00:00,-0.0352058964987708,-0.2408173900049711,0.1704055970074293,12.217,57.1
6552,1917-12-12 00:00:00,-0.042101225899657,-0.2478185396053204,0.1636160878060062,12.217,57.1
6553,1917-12-13 00:00:00,0.1274032813266833,-0.0785807728376101,0.3333873354909767,12.217,57.1
6554,1917-12-14 00:00:00,0.286275216860152,0.0801792188171034,0.4923712149032005,12.217,57.1
6555,1917-12-15 00:00:00,0.2262649724356086,0.0204033740754631,0.4321265707957541,12.217,57.1
6556,1917-12-16 00:00:00,0.1467418926851405,-0.0599698727134453,0.3534536580837264,12.217,57.1
6557,1917-12-17 00:00:00,0.0807412110170591,-0.1251177459249384,0.2866001679590568,12.217,57.1
6558,1917-12-18 00:00:00,-0.0555448533652249,-0.2612736942832457,0.1501839875527958,12.217,57.1
6559,1917-12-19 00:00:00,-0.017437080581085,-0.2231404913928405,0.1882663302306704,12.217,57.1
6560,1917-12-20 00:00:00,0.1167320599210371,-0.0890727613862791,0.3225368812283535,12.217,57.1
6561,1917-12-21 00:00:00,0.0918050320239652,-0.1140147787890397,0.2976248428369703,12.217,57.1
6562,1917-12-22 00:00:00,-0.027236616814642,-0.2334000361601164,0.1789268025308323,12.217,57.1
6563,1917-12-23 00:00:00,0.0153076031796509,-0.1908334489567795,0.2214486553160815,12.217,57.1
6564,1917-12-24 00:00:00,0.0906017615554339,-0.1150018099839304,0.2962053330947983,12.217,57.1
6565,1917-12-25 00:00:00,0.2453365812016904,0.0394632709328697,0.451209891470511,12.217,57.1
6566,1917-12-26 00:00:00,0.103202864617512,-0.1063025373422581,0.3127082665772821,12.217,57.1
6567,1917-12-27 00:00:00,-0.0657743211167415,-0.2750176816655469,0.1434690394320638,12.217,57.1
6568,1917-12-28 00:00:00,-0.0936163413897026,-0.2992389669265054,0.1120062841471002,12.217,57.1
6569,1917-12-29 00:00:00,-0.129603825756291,-0.335184816591331,0.0759771650787489,12.217,57.1
6570,1917-12-30 00:00:00,-0.0813010572836649,-0.2869031899266111,0.1243010753592812,12.217,57.1
6571,1917-12-31 00:00:00,-0.0466532575022823,-0.2521964258661405,0.1588899108615758,12.217,57.1
6572,1918-01-01 00:00:00,-0.0016592712704276,-0.2072535538929497,0.2039350113520945,12.217,57.1
6573,1918-01-02 00:00:00,0.0065032840926363,-0.199421552072562,0.2124281202578348,12.217,57.1
6574,1918-01-03 00:00:00,0.1974052607951171,-0.0110302928969739,0.4058408144872082,12.217,57.1
6575,1918-01-04 00:00:00,-0.068747406501535,-0.2754608126744461,0.1379659996713761,12.217,57.1
6576,1918-01-05 00:00:00,0.0683207835898056,-0.1392746110905613,0.2759161782701725,12.217,57.1
6577,1918-01-06 00:00:00,0.1772625391124055,-0.0298026098267486,0.3843276880515598,12.217,57.1
6578,1918-01-07 00:00:00,0.2558052713427459,0.0492665823140924,0.4623439603713993,12.217,57.1
6579,1918-01-08 00:00:00,0.4515246330091189,0.2409550886429204,0.6620941773753175,12.217,57.1
6580,1918-01-09 00:00:00,0.1004320999197368,-0.1102019870326912,0.3110661868721649,12.217,57.1
6581,1918-01-10 00:00:00,0.1131263127275561,-0.0930601303429922,0.3193127557981044,12.217,57.1
6582,1918-01-11 00:00:00,0.1904270830146271,-0.0155619393090036,0.396416105338258,12.217,57.1
6583,1918-01-12 00:00:00,0.1266408888667627,-0.0791813773498385,0.3324631550833641,12.217,57.1
6584,1918-01-13 00:00:00,0.0617477521095587,-0.1444364050518058,0.2679319092709232,12.217,57.1
6585,1918-01-14 00:00:00,0.0745985066741336,-0.1314694382431856,0.280666451591453,12.217,57.1
6586,1918-01-15 00:00:00,0.0444061832902742,-0.1616833877394928,0.2504957543200413,12.217,57.1
6587,1918-01-16 00:00:00,0.1745520707432662,-0.0318503464780791,0.3809544879646117,12.217,57.1
6588,1918-01-17 00:00:00,0.1421917664473469,-0.0640845501249569,0.3484680830196508,12.217,57.1
6589,1918-01-18 00:00:00,0.1577840707141425,-0.0480625085635603,0.3636306499918453,12.217,57.1
6590,1918-01-19 00:00:00,0.1917769630500661,-0.0141968129883258,0.3977507390884581,12.217,57.1
6591,1918-01-20 00:00:00,0.0453112584703277,-0.1612873564860055,0.251909873426661,12.217,57.1
6592,1918-01-21 00:00:00,0.2069189510472151,-0.0003169845490919,0.4141548866435222,12.217,57.1
6593,1918-01-22 00:00:00,0.1796312964990291,-0.0261625334154353,0.3854251264134936,12.217,57.1
6594,1918-01-23 00:00:00,0.1246306498305743,-0.0811888000365809,0.3304500996977296,12.217,57.1
6595,1918-01-24 00:00:00,0.0966235495384173,-0.1093644050188532,0.3026115040956879,12.217,57.1
6596,1918-01-25 00:00:00,0.0393389092005098,-0.1667469510004757,0.2454247694014954,12.217,57.1
6597,1918-01-26 00:00:00,0.1121060840026483,-0.0937677131103684,0.3179798811156653,12.217,57.1
6598,1918-01-27 00:00:00,0.1247623827483075,-0.0811107948771398,0.3306355603737549,12.217,57.1
6599,1918-01-28 00:00:00,0.0874780893185884,-0.1184844302367441,0.2934406088739209,12.217,57.1
6600,1918-01-29 00:00:00,0.1045019631653292,-0.1013802387518966,0.3103841650825551,12.217,57.1
6601,1918-01-30 00:00:00,0.0647424500042868,-0.1411404043436013,0.2706253043521751,12.217,57.1
6602,1918-01-31 00:00:00,0.0132104193275024,-0.1923069772724562,0.2187278159274612,12.217,57.1
6603,1918-02-01 00:00:00,-0.0265919442798523,-0.2321635536891285,0.1789796651294239,12.217,57.1
6604,1918-02-02 00:00:00,-0.0601265073426398,-0.2657516436952361,0.1454986290099564,12.217,57.1
6605,1918-02-03 00:00:00,-0.0035121806242085,-0.2091563011214509,0.2021319398730338,12.217,57.1
6606,1918-02-04 00:00:00,0.0044322007597337,-0.2011750800399518,0.2100394815594194,12.217,57.1
6607,1918-02-05 00:00:00,0.0375309581561667,-0.1679738490855565,0.2430357653978901,12.217,57.1
6608,1918-02-06 00:00:00,0.0798200654368465,-0.1257094497848272,0.2853495806585204,12.217,57.1
6609,1918-02-07 00:00:00,0.1792454649673766,-0.0263594621692093,0.3848503921039625,12.217,57.1
6610,1918-02-08 00:00:00,0.2240605042797621,0.0176676054250925,0.4304534031344318,12.217,57.1
6611,1918-02-09 00:00:00,0.2427169681622025,0.0361162020410283,0.4493177342833767,12.217,57.1
6612,1918-02-10 00:00:00,0.2595968414891247,0.0535767246368965,0.4656169583413529,12.217,57.1
6613,1918-02-11 00:00:00,0.2667386313603241,0.0606534264112448,0.4728238363094035,12.217,57.1
6614,1918-02-12 00:00:00,0.192047765438221,-0.0139823127754069,0.3980778436518489,12.217,57.1
6615,1918-02-13 00:00:00,-0.0115025699243672,-0.2185863035591213,0.1955811637103869,12.217,57.1
6616,1918-02-14 00:00:00,-0.0580455973400891,-0.2638208786216055,0.1477296839414271,12.217,57.1
6617,1918-02-15 00:00:00,-0.1225039054235845,-0.3282918185085567,0.0832840076613877,12.217,57.1
6618,1918-02-16 00:00:00,-0.0222730733138848,-0.2287698005063415,0.1842236538785717,12.217,57.1
6619,1918-02-17 00:00:00,0.0373677985229443,-0.1703278133824319,0.2450634104283205,12.217,57.1
6620,1918-02-18 00:00:00,-0.0091243715370019,-0.2150021587791589,0.1967534157051549,12.217,57.1
6621,1918-02-19 00:00:00,-0.0180224402960287,-0.2237661082789011,0.1877212276868437,12.217,57.1
6622,1918-02-20 00:00:00,-0.0254355316315057,-0.2309422376188823,0.1800711743558708,12.217,57.1
6623,1918-02-21 00:00:00,0.0684663891444307,-0.1372763467977711,0.2742091250866326,12.217,57.1
6624,1918-02-22 00:00:00,0.1156498939420764,-0.0907234309327942,0.3220232188169472,12.217,57.1
6625,1918-02-23 00:00:00,0.1846832810968037,-0.0220004767843017,0.3913670389779092,12.217,57.1
6626,1918-02-24 00:00:00,0.2063273774610399,5.558637875482941e-05,0.4125991685433251,12.217,57.1
6627,1918-02-25 00:00:00,0.1192257404950868,-0.0866565974606015,0.3251080784507753,12.217,57.1
6628,1918-02-26 00:00:00,0.0625921980892291,-0.1442491919512026,0.2694335881296609,12.217,57.1
6629,1918-02-27 00:00:00,0.5580770549475248,0.3485683010255231,0.7675858088695264,12.217,57.1
6630,1918-02-28 00:00:00,0.301236779403472,0.0934962491897222,0.5089773096172218,12.217,57.1
6631,1918-03-01 00:00:00,0.0362620762858109,-0.170062716616999,0.242586869188621,12.217,57.1
6632,1918-03-02 00:00:00,-0.0845234658723311,-0.290308847026287,0.1212619152816246,12.217,57.1
6633,1918-03-03 00:00:00,-0.065059005501704,-0.2709302647488893,0.1408122537454812,12.217,57.1
6634,1918-03-04 00:00:00,-0.0743932858145408,-0.2805388664798154,0.1317522948507337,12.217,57.1
6635,1918-03-05 00:00:00,-0.1351384206547886,-0.3415635811862469,0.0712867398766696,12.217,57.1
6636,1918-03-06 00:00:00,-0.0776626468503201,-0.2837620816510109,0.1284367879503707,12.217,57.1
6637,1918-03-07 00:00:00,-0.1200845165586788,-0.3259423814615703,0.0857733483442125,12.217,57.1
6638,1918-03-08 00:00:00,-0.1313365652806462,-0.336993536994064,0.0743204064327715,12.217,57.1
6639,1918-03-09 00:00:00,-0.0440394571004749,-0.2495819142489775,0.1615030000480275,12.217,57.1
6640,1918-03-10 00:00:00,-0.0011806853749964,-0.2067383078481016,0.2043769370981086,12.217,57.1
6641,1918-03-11 00:00:00,0.0169326820902091,-0.1885881879050155,0.2224535520854338,12.217,57.1
6642,1918-03-12 00:00:00,0.0458911049178645,-0.1595781452589968,0.251360355094726,12.217,57.1
6643,1918-03-13 00:00:00,0.0084657008530932,-0.1970529980244359,0.2139843997306225,12.217,57.1
6644,1918-03-14 00:00:00,-0.0422239210296068,-0.2477502414448137,0.1633023993856001,12.217,57.1
6645,1918-03-15 00:00:00,-0.0503609732721798,-0.2559294731226785,0.1552075265783188,12.217,57.1
6646,1918-03-16 00:00:00,-0.0627219762019989,-0.2683859017034839,0.142941949299486,12.217,57.1
6647,1918-03-17 00:00:00,0.0157437290481057,-0.1898996281451357,0.2213870862413471,12.217,57.1
6648,1918-03-18 00:00:00,-0.0085481871093071,-0.2141205321304246,0.1970241579118103,12.217,57.1
6649,1918-03-19 00:00:00,0.0266270114570823,-0.1788427651979781,0.2320967881121427,12.217,57.1
6650,1918-03-20 00:00:00,0.0716927714280448,-0.1337459277774658,0.2771314706335556,12.217,57.1
6651,1918-03-21 00:00:00,0.0171023432455697,-0.1884086869741279,0.2226133734652675,12.217,57.1
6652,1918-03-22 00:00:00,0.0428096625967502,-0.162678525709888,0.2482978509033885,12.217,57.1
6653,1918-03-23 00:00:00,0.1089609744370844,-0.0965215730553841,0.314443521929553,12.217,57.1
6654,1918-03-24 00:00:00,0.2212605836108495,0.0151048702468008,0.4274162969748982,12.217,57.1
6655,1918-03-25 00:00:00,0.1272179938833381,-0.0793575419377902,0.3337935297044665,12.217,57.1
6656,1918-03-26 00:00:00,0.0298043333887433,-0.1761437014854481,0.2357523682629348,12.217,57.1
6657,1918-03-27 00:00:00,0.0240235684981664,-0.1815523033656566,0.2295994403619894,12.217,57.1
6658,1918-03-28 00:00:00,0.1035501557404067,-0.1020557463263985,0.309156057807212,12.217,57.1
6659,1918-03-29 00:00:00,0.2308228594048719,0.0247296799167307,0.4369160388930131,12.217,57.1
6660,1918-03-30 00:00:00,0.1650900246874936,-0.0409099661197528,0.3710900154947402,12.217,57.1
6661,1918-03-31 00:00:00,0.1070614261024957,-0.0986338616634977,0.3127567138684891,12.217,57.1
6662,1918-04-01 00:00:00,0.1194727211043909,-0.0862687788009016,0.3252142210096835,12.217,57.1
6663,1918-04-02 00:00:00,0.0842190929364726,-0.1219016913984302,0.2903398772713755,12.217,57.1
6664,1918-04-03 00:00:00,0.0467198998000569,-0.1589079549349711,0.2523477545350849,12.217,57.1
6665,1918-04-04 00:00:00,0.0479717609181918,-0.1577551301351165,0.2536986519715002,12.217,57.1
6666,1918-04-05 00:00:00,-0.0138102479994906,-0.2193209857963927,0.1917004897974114,12.217,57.1
6667,1918-04-06 00:00:00,-0.0421406938080248,-0.2476826113008897,0.1634012236848401,12.217,57.1
6668,1918-04-07 00:00:00,0.0722557493080922,-0.1334863429443497,0.2779978415605341,12.217,57.1
6669,1918-04-08 00:00:00,0.0044464586751547,-0.2010105688610149,0.2099034862113244,12.217,57.1
6670,1918-04-09 00:00:00,-0.0289124679237174,-0.234404567129711,0.176579631282276,12.217,57.1
6671,1918-04-10 00:00:00,0.0021925092506171,-0.2033306093535172,0.2077156278547515,12.217,57.1
6672,1918-04-11 00:00:00,-0.0425720392990351,-0.2480916775541768,0.1629475989561064,12.217,57.1
6673,1918-04-12 00:00:00,-0.0227254632317034,-0.228302668922096,0.1828517424586891,12.217,57.1
6674,1918-04-13 00:00:00,0.004838488491859,-0.2008473301152687,0.2105243070989869,12.217,57.1
6675,1918-04-14 00:00:00,0.0056657425385981,-0.1998677202458068,0.2111992053230031,12.217,57.1
6676,1918-04-15 00:00:00,-0.0455499438843327,-0.2515121818938397,0.1604122941251742,12.217,57.1
6677,1918-04-16 00:00:00,-0.0915753209076993,-0.2975652257190571,0.1144145839036583,12.217,57.1
6678,1918-04-17 00:00:00,-0.084059483394415,-0.2897598228227467,0.1216408560339166,12.217,57.1
6679,1918-04-18 00:00:00,-0.0182732126308863,-0.2238150374853906,0.1872686122236178,12.217,57.1
6680,1918-04-19 00:00:00,0.135406654533249,-0.0709106632039784,0.3417239722704764,12.217,57.1
6681,1918-04-20 00:00:00,0.0465806687789671,-0.1596991554700751,0.2528604930280095,12.217,57.1
6682,1918-04-21 00:00:00,-0.01301023902098,-0.2186480098000292,0.1926275317580691,12.217,57.1
6683,1918-04-22 00:00:00,-0.004902207222143,-0.210866397351237,0.2010619829069508,12.217,57.1
6684,1918-04-23 00:00:00,-0.017279523664908,-0.2233853411636424,0.1888262938338263,12.217,57.1
6685,1918-04-24 00:00:00,-0.1161175943131389,-0.3218292535555786,0.0895940649293007,12.217,57.1
6686,1918-04-25 00:00:00,-0.1208594815347447,-0.3264394246586959,0.0847204615892064,12.217,57.1
6687,1918-04-26 00:00:00,-0.0730273803011189,-0.2785629167283565,0.1325081561261185,12.217,57.1
6688,1918-04-27 00:00:00,-0.0221404119687596,-0.2275827981521785,0.1833019742146591,12.217,57.1
6689,1918-04-28 00:00:00,-0.0565834516257339,-0.2620247953359201,0.1488578920844522,12.217,57.1
6690,1918-04-29 00:00:00,-0.0639632254208124,-0.2694696899159543,0.1415432390743293,12.217,57.1
6691,1918-04-30 00:00:00,-0.0902233793064191,-0.2960842800354131,0.1156375214225747,12.217,57.1
6692,1918-05-01 00:00:00,-0.0518799196035739,-0.2578988638132709,0.1541390246061229,12.217,57.1
6693,1918-05-02 00:00:00,-0.1036998813155509,-0.3094665716239649,0.102066808992863,12.217,57.1
6694,1918-05-03 00:00:00,-0.0694573437082367,-0.2749999879448447,0.1360853005283713,12.217,57.1
6695,1918-05-04 00:00:00,-0.0169288351569972,-0.2226192619078452,0.1887615915938507,12.217,57.1
6696,1918-05-05 00:00:00,-0.0463695118064986,-0.25219937821184,0.1594603545988427,12.217,57.1
6697,1918-05-06 00:00:00,0.0435440352236607,-0.1625254165218811,0.2496134869692026,12.217,57.1
6698,1918-05-07 00:00:00,-0.0105619279245737,-0.2162089743164224,0.1950851184672749,12.217,57.1
6699,1918-05-08 00:00:00,-0.0257403525383121,-0.2315002318916908,0.1800195268150665,12.217,57.1
6700,1918-05-09 00:00:00,-0.0176111467094363,-0.223813399777968,0.1885911063590953,12.217,57.1
6701,1918-05-10 00:00:00,0.0178945497143725,-0.1878672737394608,0.223656373168206,12.217,57.1
6702,1918-05-11 00:00:00,0.0281776584595445,-0.1776946820121524,0.2340499989312415,12.217,57.1
6703,1918-05-12 00:00:00,0.0001364431991026,-0.2059484566836848,0.2062213430818901,12.217,57.1
6704,1918-05-13 00:00:00,0.11028763273961,-0.0956415655725206,0.3162168310517406,12.217,57.1
6705,1918-05-14 00:00:00,0.1534390736813467,-0.0528342198079457,0.3597123671706392,12.217,57.1
6706,1918-05-15 00:00:00,0.075754438675125,-0.1302174485503822,0.2817263259006323,12.217,57.1
6707,1918-05-16 00:00:00,0.0090008064485382,-0.1967699105984947,0.2147715234955712,12.217,57.1
6708,1918-05-17 00:00:00,0.003398230113444,-0.2021751614994881,0.2089716217263762,12.217,57.1
6709,1918-05-18 00:00:00,0.047432302138568,-0.1581262451517969,0.2529908494289331,12.217,57.1
6710,1918-05-19 00:00:00,0.0519673218667143,-0.1536086760250519,0.2575433197584806,12.217,57.1
6711,1918-05-20 00:00:00,-0.0426698907897205,-0.2482884155319391,0.1629486339524981,12.217,57.1
6712,1918-05-21 00:00:00,-0.0060575890402841,-0.2115393508813737,0.1994241728008055,12.217,57.1
6713,1918-05-22 00:00:00,0.0313613297285902,-0.1743610181614611,0.2370836776186416,12.217,57.1
6714,1918-05-23 00:00:00,-0.0078629842388903,-0.2135737059648184,0.1978477374870378,12.217,57.1
6715,1918-05-24 00:00:00,0.0648485376820868,-0.1407823612689503,0.270479436633124,12.217,57.1
6716,1918-05-25 00:00:00,0.0553606018266897,-0.1505510971853692,0.2612723008387487,12.217,57.1
6717,1918-05-26 00:00:00,0.0439790862571697,-0.1623842131756122,0.2503423856899517,12.217,57.1
6718,1918-05-27 00:00:00,-0.0113496856628857,-0.2170574378662868,0.1943580665405152,12.217,57.1
6719,1918-05-28 00:00:00,0.0275910870060141,-0.1781339557702608,0.2333161297822891,12.217,57.1
6720,1918-05-29 00:00:00,0.017453342944445,-0.1882708003182687,0.2231774862071588,12.217,57.1
6721,1918-05-30 00:00:00,0.0473179425189314,-0.1584833403587309,0.2531192253965937,12.217,57.1
6722,1918-05-31 00:00:00,0.0801521408899044,-0.1256730090870659,0.2859772908668748,12.217,57.1
6723,1918-06-01 00:00:00,0.082191201915424,-0.1239200378857329,0.288302441716581,12.217,57.1
6724,1918-06-02 00:00:00,0.0978214339486478,-0.1088437682025258,0.3044866360998214,12.217,57.1
6725,1918-06-03 00:00:00,0.0826695603132333,-0.123375718677816,0.2887148393042827,12.217,57.1
6726,1918-06-04 00:00:00,0.0293233343103776,-0.1769588249682743,0.2356054935890296,12.217,57.1
6727,1918-06-05 00:00:00,-0.0277689185686149,-0.2338082676571038,0.178270430519874,12.217,57.1
6728,1918-06-06 00:00:00,0.0486465061930991,-0.1573667155407996,0.254659727926998,12.217,57.1
6729,1918-06-07 00:00:00,0.0045432697934968,-0.2011025016237724,0.2101890412107661,12.217,57.1
6730,1918-06-08 00:00:00,0.0764197120136934,-0.1291615993442285,0.2820010233716153,12.217,57.1
6731,1918-06-09 00:00:00,0.0841956075565992,-0.1214876518199007,0.2898788669330993,12.217,57.1
6732,1918-06-10 00:00:00,0.0668282888796313,-0.1387907145169255,0.2724472922761882,12.217,57.1
6733,1918-06-11 00:00:00,0.0453369969693947,-0.1603394158880319,0.2510134098268213,12.217,57.1
6734,1918-06-12 00:00:00,0.1042223042959972,-0.1015045405507436,0.3099491491427382,12.217,57.1
6735,1918-06-13 00:00:00,0.1834732494917815,-0.0223163426563731,0.3892628416399363,12.217,57.1
6736,1918-06-14 00:00:00,0.2460309436875761,0.0399612925187107,0.4521005948564416,12.217,57.1
6737,1918-06-15 00:00:00,0.4302289948395277,0.2236825173851762,0.6367754722938792,12.217,57.1
6738,1918-06-16 00:00:00,0.2457874950673034,0.0390821088601516,0.4524928812744553,12.217,57.1
6739,1918-06-17 00:00:00,0.1259730276037984,-0.0799930060479589,0.3319390612555559,12.217,57.1
6740,1918-06-18 00:00:00,0.0714094928783609,-0.1343222398662054,0.2771412256229273,12.217,57.1
6741,1918-06-19 00:00:00,0.1087373721238085,-0.096874646983921,0.3143493912315381,12.217,57.1
6742,1918-06-20 00:00:00,0.0746105568383612,-0.1310511476553135,0.2802722613320361,12.217,57.1
6743,1918-06-21 00:00:00,0.095209991234525,-0.1105007925949878,0.3009207750640379,12.217,57.1
6744,1918-06-22 00:00:00,0.1053721421604718,-0.100339515107924,0.3110837994288677,12.217,57.1
6745,1918-06-23 00:00:00,0.2347904982413711,0.0289231457085499,0.4406578507741923,12.217,57.1
6746,1918-06-24 00:00:00,0.18862094103466,-0.0186535281208437,0.3958954101901638,12.217,57.1
6747,1918-06-25 00:00:00,0.2525562519834512,0.0441681317661692,0.4609443722007331,12.217,57.1
6748,1918-06-26 00:00:00,0.1929200282600074,-0.0137733065542915,0.3996133630743065,12.217,57.1
6749,1918-06-27 00:00:00,0.244769541929965,0.0387359643794502,0.4508031194804797,12.217,57.1
6750,1918-06-28 00:00:00,0.2454841187474774,0.0393963855254313,0.4515718519695234,12.217,57.1
6751,1918-06-29 00:00:00,0.1173630463156836,-0.0884817659953585,0.3232078586267257,12.217,57.1
6752,1918-06-30 00:00:00,0.0042075408407781,-0.2013066243251017,0.2097217060066581,12.217,57.1
6753,1918-07-01 00:00:00,0.0315760963432007,-0.1738633052832397,0.2370154979696412,12.217,57.1
6754,1918-07-02 00:00:00,0.0248532152942141,-0.1806945818094467,0.2304010123978751,12.217,57.1
6755,1918-07-03 00:00:00,-0.0613769094804995,-0.2671855371511641,0.1444317181901651,12.217,57.1
6756,1918-07-04 00:00:00,-0.0450147864059221,-0.251001406816927,0.1609718340050826,12.217,57.1
6757,1918-07-05 00:00:00,0.0047336562905659,-0.2009442005990254,0.2104115131801574,12.217,57.1
6758,1918-07-06 00:00:00,0.1547671366624619,-0.0507561709224571,0.3602904442473811,12.217,57.1
6759,1918-07-07 00:00:00,0.1757284905035905,-0.0298733197634795,0.3813303007706605,12.217,57.1
6760,1918-07-08 00:00:00,0.1666321116011002,-0.0394309204561831,0.3726951436583836,12.217,57.1
6761,1918-07-09 00:00:00,0.1391314577726224,-0.0666421295331232,0.3449050450783681,12.217,57.1
6762,1918-07-10 00:00:00,0.0998620158912035,-0.1057395063753496,0.3054635381577567,12.217,57.1
6763,1918-07-11 00:00:00,0.0695298477670302,-0.1359698411162895,0.27502953665035,12.217,57.1
6764,1918-07-12 00:00:00,0.0934366094947041,-0.1120363988782106,0.2989096178676189,12.217,57.1
6765,1918-07-13 00:00:00,0.1032167613121093,-0.1022062470560239,0.3086397696802425,12.217,57.1
6766,1918-07-14 00:00:00,0.1559820583986277,-0.0496554999535709,0.3616196167508263,12.217,57.1
6767,1918-07-15 00:00:00,0.1136079205624948,-0.0919524044060897,0.3191682455310793,12.217,57.1
6768,1918-07-16 00:00:00,0.0768051137848715,-0.1287134826285562,0.2823237101982994,12.217,57.1
6769,1918-07-17 00:00:00,0.0583203766452968,-0.1472196333613401,0.2638603866519339,12.217,57.1
6770,1918-07-18 00:00:00,0.0622434680832054,-0.1432602794056894,0.2677472155721002,12.217,57.1
6771,1918-07-19 00:00:00,0.1249980216576158,-0.0806711499949143,0.330667193310146,12.217,57.1
6772,1918-07-20 00:00:00,0.1677765198965645,-0.0381294761472208,0.37368251594035,12.217,57.1
6773,1918-07-21 00:00:00,0.0775667302231242,-0.1282257237608144,0.2833591842070629,12.217,57.1
6774,1918-07-22 00:00:00,0.1024302013716098,-0.1033540362306501,0.3082144389738698,12.217,57.1
6775,1918-07-23 00:00:00,0.1000636465474655,-0.1054904793716812,0.3056177724666124,12.217,57.1
6776,1918-07-24 00:00:00,0.0644887227732313,-0.1411551645745204,0.2701326101209831,12.217,57.1
6777,1918-07-25 00:00:00,0.1005168404709881,-0.1051820182946011,0.3062156992365775,12.217,57.1
6778,1918-07-26 00:00:00,0.0624922735607753,-0.1430285962725277,0.2680131433940784,12.217,57.1
6779,1918-07-27 00:00:00,0.0860676903247638,-0.1193643645903508,0.2914997452398785,12.217,57.1
6780,1918-07-28 00:00:00,0.0513746940232301,-0.1540784021389721,0.2568277901854325,12.217,57.1
6781,1918-07-29 00:00:00,0.0490641477154207,-0.1563910198842307,0.2545193153150721,12.217,57.1
6782,1918-07-30 00:00:00,0.0343321648918959,-0.1711699195776256,0.2398342493614174,12.217,57.1
6783,1918-07-31 00:00:00,0.008472467454728,-0.1971239354198515,0.2140688703293076,12.217,57.1
6784,1918-08-01 00:00:00,0.0252490056828858,-0.1805306776155496,0.2310286889813214,12.217,57.1
6785,1918-08-02 00:00:00,0.0284042726772115,-0.1772780874684736,0.2340866328228967,12.217,57.1
6786,1918-08-03 00:00:00,0.0396203478853,-0.1658437728234837,0.2450844685940837,12.217,57.1
6787,1918-08-04 00:00:00,0.0529930454658232,-0.1524454377764263,0.2584315287080727,12.217,57.1
6788,1918-08-05 00:00:00,0.0265845635459348,-0.1789185472863019,0.2320876743781716,12.217,57.1
6789,1918-08-06 00:00:00,0.0249092579775065,-0.1805610904281093,0.2303796063831223,12.217,57.1
6790,1918-08-07 00:00:00,0.0365240668085308,-0.1688937788638385,0.2419419124809003,12.217,57.1
6791,1918-08-08 00:00:00,0.0201403881158541,-0.1853025918773875,0.2255833681090957,12.217,57.1
6792,1918-08-09 00:00:00,0.0338858088809055,-0.1715646102905184,0.2393362280523296,12.217,57.1
6793,1918-08-10 00:00:00,0.0072063054583664,-0.1982863160713397,0.2126989269880727,12.217,57.1
6794,1918-08-11 00:00:00,-0.0389916737723721,-0.2445158584646034,0.1665325109198591,12.217,57.1
6795,1918-08-12 00:00:00,-0.0051576576628936,-0.2105803275701529,0.2002650122443656,12.217,57.1
6796,1918-08-13 00:00:00,0.0554903329271382,-0.149944819213396,0.2609254850676726,12.217,57.1
6797,1918-08-14 00:00:00,0.0805119177440422,-0.1251033809614647,0.2861272164495492,12.217,57.1
6798,1918-08-15 00:00:00,0.1305969816622054,-0.0751863115283175,0.3363802748527283,12.217,57.1
6799,1918-08-16 00:00:00,0.3479232124648664,0.1414663860564851,0.5543800388732477,12.217,57.1
6800,1918-08-17 00:00:00,0.1985199561241358,-0.0075637756300916,0.4046036878783632,12.217,57.1
6801,1918-08-18 00:00:00,0.1341141488944591,-0.0716015378541952,0.3398298356431135,12.217,57.1
6802,1918-08-19 00:00:00,0.1474733981270564,-0.0580105513174103,0.3529573475715232,12.217,57.1
6803,1918-08-20 00:00:00,0.1625280989430008,-0.0431963616440014,0.3682525595300032,12.217,57.1
6804,1918-08-21 00:00:00,0.1388403426104425,-0.0669421203005552,0.3446228055214402,12.217,57.1
6805,1918-08-22 00:00:00,0.1527600432766487,-0.0531540787695618,0.3586741653228593,12.217,57.1
6806,1918-08-23 00:00:00,0.2072871439375378,0.0016498740090061,0.4129244138660695,12.217,57.1
6807,1918-08-24 00:00:00,0.305719670199728,0.0953349044392147,0.5161044359602414,12.217,57.1
6808,1918-08-25 00:00:00,0.0524286390814864,-0.1545029404897516,0.2593602186527245,12.217,57.1
6809,1918-08-26 00:00:00,0.0573574896582574,-0.1481262563169451,0.2628412356334599,12.217,57.1
6810,1918-08-27 00:00:00,0.0470148115031652,-0.1585246659496152,0.2525542889559457,12.217,57.1
6811,1918-08-28 00:00:00,0.0517706610942819,-0.153757128969034,0.2572984511575978,12.217,57.1
6812,1918-08-29 00:00:00,0.1250724576499193,-0.0805409112556968,0.3306858265555354,12.217,57.1
6813,1918-08-30 00:00:00,0.0074754744647537,-0.198349087523826,0.2133000364533335,12.217,57.1
6814,1918-08-31 00:00:00,0.1049143161675207,-0.1009715570467107,0.3108001893817523,12.217,57.1
6815,1918-09-01 00:00:00,0.1964638165094381,-0.0096077080983466,0.402535341117223,12.217,57.1
6816,1918-09-02 00:00:00,0.2261961255335099,0.020421135526664,0.4319711155403559,12.217,57.1
6817,1918-09-03 00:00:00,0.1886059306548983,-0.0171985170303302,0.3944103783401269,12.217,57.1
6818,1918-09-04 00:00:00,0.3195284795297577,0.1134026557662304,0.5256543032932851,12.217,57.1
6819,1918-09-05 00:00:00,0.1846000856144836,-0.0215434478916071,0.3907436191205743,12.217,57.1
6820,1918-09-06 00:00:00,0.1465234801098645,-0.0590693168359797,0.3521162770557088,12.217,57.1
6821,1918-09-07 00:00:00,0.1628533743060765,-0.0432572171373814,0.3689639657495345,12.217,57.1
6822,1918-09-08 00:00:00,0.0523402844649985,-0.1535046428098931,0.2581852117398903,12.217,57.1
6823,1918-09-09 00:00:00,0.2888084871321339,0.0824826908787352,0.4951342833855326,12.217,57.1
6824,1918-09-10 00:00:00,0.1736386288753267,-0.0325962319575851,0.3798734897082385,12.217,57.1
6825,1918-09-11 00:00:00,0.2528119928000119,0.0455519305512988,0.460072055048725,12.217,57.1
6826,1918-09-12 00:00:00,0.3188929603510906,0.1117651356803642,0.5260207850218171,12.217,57.1
6827,1918-09-13 00:00:00,0.2804662123007297,0.0745703337900001,0.4863620908114593,12.217,57.1
6828,1918-09-14 00:00:00,0.2599159482657641,0.0539769262505322,0.4658549702809961,12.217,57.1
6829,1918-09-15 00:00:00,0.2374088679519685,0.0311802883612694,0.4436374475426675,12.217,57.1
6830,1918-09-16 00:00:00,0.0332239973425821,-0.1727941888580518,0.239242183543216,12.217,57.1
6831,1918-09-17 00:00:00,0.0885130514241514,-0.1172997220129351,0.2943258248612379,12.217,57.1
6832,1918-09-18 00:00:00,0.1429847938255967,-0.062914524105458,0.3488841117566514,12.217,57.1
6833,1918-09-19 00:00:00,0.1104157927366067,-0.0956160205185451,0.3164476059917585,12.217,57.1
6834,1918-09-20 00:00:00,0.3708927325553542,0.1636098461231602,0.5781756189875482,12.217,57.1
6835,1918-09-21 00:00:00,0.4802655018112169,0.2696375696614861,0.6908934339609478,12.217,57.1
6836,1918-09-22 00:00:00,0.1143534094530296,-0.0927426217606973,0.3214494406667565,12.217,57.1
6837,1918-09-23 00:00:00,0.2705446780662744,0.0643873956299943,0.4767019605025546,12.217,57.1
6838,1918-09-24 00:00:00,0.2246659692288403,0.0184830577101215,0.430848880747559,12.217,57.1
6839,1918-09-25 00:00:00,0.171678370591716,-0.0341479729320358,0.3775047141154679,12.217,57.1
6840,1918-09-26 00:00:00,0.3023873884511974,0.0958125994864375,0.5089621774159572,12.217,57.1
6841,1918-09-27 00:00:00,0.2157980275402889,0.008158448805798,0.4234376062747799,12.217,57.1
6842,1918-09-28 00:00:00,0.2187863788250224,0.0121318975646699,0.4254408600853749,12.217,57.1
6843,1918-09-29 00:00:00,0.2810116419456489,0.0744288939878521,0.4875943899034457,12.217,57.1
6844,1918-09-30 00:00:00,0.2398310523871814,0.0329552567058951,0.4467068480684677,12.217,57.1
6845,1918-10-01 00:00:00,0.0531709043776187,-0.1538768525638471,0.2602186613190846,12.217,57.1
6846,1918-10-02 00:00:00,0.0661209414535731,-0.142058667285348,0.2743005501924943,12.217,57.1
6847,1918-10-03 00:00:00,0.0688660376711703,-0.1367270082335138,0.2744590835758544,12.217,57.1
6848,1918-10-04 00:00:00,0.0629012438862903,-0.1436568731334757,0.2694593609060564,12.217,57.1
6849,1918-10-05 00:00:00,0.1830171117434241,-0.024770803516623,0.3908050270034712,12.217,57.1
6850,1918-10-06 00:00:00,0.1806602269357751,-0.0253809028687011,0.3867013567402514,12.217,57.1
6851,1918-10-07 00:00:00,0.2290998027996081,0.0219663368432175,0.4362332687559986,12.217,57.1
6852,1918-10-08 00:00:00,0.1979762853367001,-0.0103323665344207,0.406284937207821,12.217,57.1
6853,1918-10-09 00:00:00,0.2428229261491596,0.0355553949887267,0.4500904573095924,12.217,57.1
6854,1918-10-10 00:00:00,0.1173036521787104,-0.0898893681900664,0.3244966725474874,12.217,57.1
6855,1918-10-11 00:00:00,0.1315803564841425,-0.0772745428738484,0.3404352558421336,12.217,57.1
6856,1918-10-12 00:00:00,0.1602525486656418,-0.0464474965285226,0.3669525938598063,12.217,57.1
6857,1918-10-13 00:00:00,0.0609845517433638,-0.1444541827030505,0.2664232861897783,12.217,57.1
6858,1918-10-14 00:00:00,0.000394905504265,-0.2050352144906011,0.2058250254991311,12.217,57.1
6859,1918-10-15 00:00:00,0.0554249878090595,-0.1500089929568263,0.2608589685749455,12.217,57.1
6860,1918-10-16 00:00:00,0.0002994055815929,-0.2054405633788676,0.2060393745420534,12.217,57.1
6861,1918-10-17 00:00:00,0.1764535351519935,-0.0297824566032199,0.382689526907207,12.217,57.1
6862,1918-10-18 00:00:00,0.0031398500852212,-0.2028401988006207,0.2091198989710631,12.217,57.1
6863,1918-10-19 00:00:00,-0.0532473498520672,-0.2587241804678999,0.1522294807637654,12.217,57.1
6864,1918-10-20 00:00:00,-0.1003022692352759,-0.3058796487016409,0.1052751102310891,12.217,57.1
6865,1918-10-21 00:00:00,-0.0559104964236245,-0.2616018464000988,0.1497808535528496,12.217,57.1
6866,1918-10-22 00:00:00,-0.0232051760404297,-0.2289204377132771,0.1825100856324176,12.217,57.1
6867,1918-10-23 00:00:00,0.0385638068687532,-0.1670021992298904,0.2441298129673969,12.217,57.1
6868,1918-10-24 00:00:00,0.0800966539219601,-0.1255094328864491,0.2857027407303693,12.217,57.1
6869,1918-10-25 00:00:00,0.1099923713342052,-0.0955376358185423,0.3155223784869528,12.217,57.1
6870,1918-10-26 00:00:00,0.1767392743011534,-0.0292474310924976,0.3827259796948046,12.217,57.1
6871,1918-10-27 00:00:00,0.0135584806028263,-0.1925812663881336,0.2196982275937862,12.217,57.1
6872,1918-10-28 00:00:00,0.0096460948097408,-0.1960485754405539,0.2153407650600357,12.217,57.1
6873,1918-10-29 00:00:00,0.050559602321504,-0.1550643377366693,0.2561835423796774,12.217,57.1
6874,1918-10-30 00:00:00,0.0369997652590988,-0.1687484738883592,0.2427480044065569,12.217,57.1
6875,1918-10-31 00:00:00,0.0534744275999874,-0.1524656587644131,0.259414513964388,12.217,57.1
6876,1918-11-01 00:00:00,0.1146015530429678,-0.0915802277018128,0.3207833337877485,12.217,57.1
6877,1918-11-02 00:00:00,0.0531109989251421,-0.1526248731230445,0.2588468709733287,12.217,57.1
6878,1918-11-03 00:00:00,0.067285664029094,-0.1382470650415385,0.2728183930997266,12.217,57.1
6879,1918-11-04 00:00:00,0.0493614356012916,-0.1563296320306483,0.2550525032332317,12.217,57.1
6880,1918-11-05 00:00:00,0.1316411124888374,-0.0744169819095963,0.3376992068872712,12.217,57.1
6881,1918-11-06 00:00:00,0.1651401059818011,-0.0423541977489099,0.3726344097125123,12.217,57.1
6882,1918-11-07 00:00:00,0.0494583265136576,-0.1571818657818301,0.2560985188091453,12.217,57.1
6883,1918-11-08 00:00:00,-0.0103056256982909,-0.2160573158576182,0.1954460644610363,12.217,57.1
6884,1918-11-09 00:00:00,0.1697224480749811,-0.0369897060951293,0.3764346022450915,12.217,57.1
6885,1918-11-10 00:00:00,0.092577441332842,-0.1138020291709,0.2989569118365841,12.217,57.1
6886,1918-11-11 00:00:00,0.0880016903829172,-0.1195547837018763,0.2955581644677107,12.217,57.1
6887,1918-11-12 00:00:00,0.4035376882363305,0.1937140328601571,0.6133613436125038,12.217,57.1
6888,1918-11-13 00:00:00,-0.0505229359617589,-0.25695479835247,0.1559089264289522,12.217,57.1
6889,1918-11-14 00:00:00,-0.0620391264972161,-0.2676127029915487,0.1435344499971163,12.217,57.1
6890,1918-11-15 00:00:00,-0.053508071240283,-0.2590013952533218,0.1519852527727556,12.217,57.1
6891,1918-11-16 00:00:00,-0.083703415777109,-0.289165013618973,0.1217581820647549,12.217,57.1
6892,1918-11-17 00:00:00,-0.0276799426134913,-0.2331438839224745,0.1777839986954919,12.217,57.1
6893,1918-11-18 00:00:00,0.0316464927897728,-0.1738643232483198,0.2371573088278656,12.217,57.1
6894,1918-11-19 00:00:00,-0.0225143294420546,-0.2280268025531612,0.1829981436690519,12.217,57.1
6895,1918-11-20 00:00:00,-0.0268500928371152,-0.2324836703381948,0.1787834846639642,12.217,57.1
6896,1918-11-21 00:00:00,-0.0431682836883164,-0.2489228975362216,0.1625863301595887,12.217,57.1
6897,1918-11-22 00:00:00,0.0990986248483188,-0.1071260983768643,0.305323348073502,12.217,57.1
6898,1918-11-23 00:00:00,0.1027716827752671,-0.1032657793444996,0.3088091448950339,12.217,57.1
6899,1918-11-24 00:00:00,0.0908596996933633,-0.114917295159904,0.2966366945466308,12.217,57.1
6900,1918-11-25 00:00:00,0.0685745790424761,-0.1370744885597072,0.2742236466446594,12.217,57.1
6901,1918-11-26 00:00:00,0.0472409062087083,-0.1582762443800846,0.2527580567975013,12.217,57.1
6902,1918-11-27 00:00:00,0.0202638497661787,-0.1852654978193229,0.2257931973516803,12.217,57.1
6903,1918-11-28 00:00:00,0.0495075126865238,-0.155932963632263,0.2549479890053106,12.217,57.1
6904,1918-11-29 00:00:00,0.0177652856325241,-0.1876972666614842,0.2232278379265325,12.217,57.1
6905,1918-11-30 00:00:00,-0.0289309077507387,-0.2343961779135352,0.1765343624120577,12.217,57.1
6906,1918-12-01 00:00:00,-0.0252867234903406,-0.2307181581170095,0.1801447111363283,12.217,57.1
6907,1918-12-02 00:00:00,0.1014014299601057,-0.1049285152948591,0.3077313752150707,12.217,57.1
6908,1918-12-03 00:00:00,0.1791914499478042,-0.0267163608942455,0.3850992607898539,12.217,57.1
6909,1918-12-04 00:00:00,0.1023610597392212,-0.1032636695082333,0.3079857889866759,12.217,57.1
6910,1918-12-05 00:00:00,0.0174045738876645,-0.1884040154652033,0.2232131632405324,12.217,57.1
6911,1918-12-06 00:00:00,0.0958332852341178,-0.1100602945111753,0.3017268649794109,12.217,57.1
6912,1918-12-07 00:00:00,0.0926002020417765,-0.1132502187298615,0.2984506228134146,12.217,57.1
6913,1918-12-08 00:00:00,0.0876831854815264,-0.117864906835642,0.2932312777986949,12.217,57.1
6914,1918-12-09 00:00:00,0.023200218483829,-0.1823894893562451,0.2287899263239033,12.217,57.1
6915,1918-12-10 00:00:00,0.0130901157970887,-0.1923371106731198,0.2185173422672972,12.217,57.1
6916,1918-12-11 00:00:00,0.0305737391029927,-0.1751424209125094,0.2362898991184949,12.217,57.1
6917,1918-12-12 00:00:00,-0.0381273234384135,-0.2440905798191819,0.1678359329423548,12.217,57.1
6918,1918-12-13 00:00:00,0.1028027976051834,-0.1033207170054984,0.3089263122158654,12.217,57.1
6919,1918-12-14 00:00:00,0.0700175864175715,-0.1361184921627323,0.2761536649978754,12.217,57.1
6920,1918-12-15 00:00:00,0.1010984955705931,-0.1048084866433734,0.3070054777845598,12.217,57.1
6921,1918-12-16 00:00:00,0.1283236511231237,-0.0774223391495,0.3340696413957474,12.217,57.1
6922,1918-12-17 00:00:00,0.1556419403690908,-0.0502518069831097,0.3615356877212913,12.217,57.1
6923,1918-12-18 00:00:00,0.0959952690581683,-0.1097132579865633,0.3017037961028999,12.217,57.1
6924,1918-12-19 00:00:00,0.1647063292224425,-0.0416456914858565,0.3710583499307415,12.217,57.1
6925,1918-12-20 00:00:00,0.1414389830342799,-0.0656356555744096,0.3485136216429696,12.217,57.1
6926,1918-12-21 00:00:00,0.0296487205793665,-0.1782268496479175,0.2375242908066505,12.217,57.1
6927,1918-12-22 00:00:00,0.0097198883692487,-0.1987204449206655,0.2181602216591631,12.217,57.1
6928,1918-12-23 00:00:00,0.0573164092956536,-0.1485824007095999,0.2632152193009072,12.217,57.1
6929,1918-12-24 00:00:00,0.3166348626189583,0.1081255282957568,0.5251441969421597,12.217,57.1
6930,1918-12-25 00:00:00,0.0901635761438323,-0.1179028670772461,0.2982300193649108,12.217,57.1
6931,1918-12-26 00:00:00,-0.0047166372864327,-0.2105585829091844,0.2011253083363188,12.217,57.1
6932,1918-12-27 00:00:00,0.0514075306056978,-0.154701497826685,0.2575165590380807,12.217,57.1
6933,1918-12-28 00:00:00,0.3101986426987065,0.0982277496644334,0.5221695357329796,12.217,57.1
6934,1918-12-29 00:00:00,0.34973634064526,0.1426325489199518,0.5568401323705683,12.217,57.1
6935,1918-12-30 00:00:00,0.1883618606139161,-0.0174201290053514,0.3941438502331837,12.217,57.1
6936,1918-12-31 00:00:00,0.0766387218937717,-0.1289759964797276,0.2822534402672711,12.217,57.1
6937,1919-01-01 00:00:00,0.0334348046797855,-0.172349587733967,0.2392191970935381,12.217,57.1
6938,1919-01-02 00:00:00,0.0701205465379337,-0.1358285185723694,0.2760696116482369,12.217,57.1
6939,1919-01-03 00:00:00,0.229705340863758,0.022826276276017,0.4365844054514989,12.217,57.1
6940,1919-01-04 00:00:00,0.1598862042826538,-0.0465132798210193,0.3662856883863271,12.217,57.1
6941,1919-01-05 00:00:00,0.1495894640716452,-0.0576908605401145,0.3568697886834051,12.217,57.1
6942,1919-01-06 00:00:00,0.195587356801115,-0.0103850971574977,0.4015598107597279,12.217,57.1
6943,1919-01-07 00:00:00,0.2890000438609434,0.0828893507785253,0.4951107369433615,12.217,57.1
6944,1919-01-08 00:00:00,0.1710140894809675,-0.0349062350005374,0.3769344139624725,12.217,57.1
6945,1919-01-09 00:00:00,0.0924824966706441,-0.1134376397612565,0.2984026331025448,12.217,57.1
6946,1919-01-10 00:00:00,0.1526733757787692,-0.0532551634229099,0.3586019149804484,12.217,57.1
6947,1919-01-11 00:00:00,0.0708832367217421,-0.1348958815564064,0.2766623549998908,12.217,57.1
6948,1919-01-12 00:00:00,0.0600965425216777,-0.1454752168346815,0.265668301878037,12.217,57.1
6949,1919-01-13 00:00:00,0.0557495972742345,-0.1497716569351617,0.2612708514836307,12.217,57.1
6950,1919-01-14 00:00:00,-0.0172427856782994,-0.2227361399264054,0.1882505685698065,12.217,57.1
6951,1919-01-15 00:00:00,0.0727338215036078,-0.1329921228827356,0.2784597658899513,12.217,57.1
6952,1919-01-16 00:00:00,0.1375822819916272,-0.0684673899664319,0.3436319539496865,12.217,57.1
6953,1919-01-17 00:00:00,0.3097126109148631,0.1032623098803621,0.516162911949364,12.217,57.1
6954,1919-01-18 00:00:00,0.219374712986239,0.0132195759939768,0.4255298499785013,12.217,57.1
6955,1919-01-19 00:00:00,0.0552152375873082,-0.1504148175161462,0.2608452926907627,12.217,57.1
6956,1919-01-20 00:00:00,-0.0271565873825641,-0.2328133174002669,0.1785001426351386,12.217,57.1
6957,1919-01-21 00:00:00,-0.0716403641016393,-0.277288968700613,0.1340082404973342,12.217,57.1
6958,1919-01-22 00:00:00,-0.0958304099699237,-0.3014008232518482,0.1097400033120006,12.217,57.1
6959,1919-01-23 00:00:00,-0.1426563667515421,-0.3481875301010985,0.0628747965980142,12.217,57.1
6960,1919-01-24 00:00:00,-0.162287705104494,-0.3677872733138071,0.043211863104819,12.217,57.1
6961,1919-01-25 00:00:00,-0.0754551792277203,-0.2809777021374708,0.1300673436820301,12.217,57.1
6962,1919-01-26 00:00:00,0.0129803114858326,-0.1926923411443103,0.2186529641159755,12.217,57.1
6963,1919-01-27 00:00:00,0.1056765041738551,-0.1002559057773563,0.3116089141250667,12.217,57.1
6964,1919-01-28 00:00:00,0.076122851270267,-0.1295897157119922,0.2818354182525262,12.217,57.1
6965,1919-01-29 00:00:00,-0.0806410017737336,-0.2866074080937442,0.125325404546277,12.217,57.1
6966,1919-01-30 00:00:00,-0.2289754185038108,-0.4354733147455518,-0.0224775222620699,12.217,57.1
6967,1919-01-31 00:00:00,-0.1469522627147811,-0.3530236954994377,0.0591191700698753,12.217,57.1
6968,1919-02-01 00:00:00,-0.0887473451126666,-0.2944338903094807,0.1169392000841474,12.217,57.1
6969,1919-02-02 00:00:00,-0.0471878162318804,-0.252782897131516,0.158407264667755,12.217,57.1
6970,1919-02-03 00:00:00,0.0285975660674277,-0.1770077449428606,0.2342028770777161,12.217,57.1
6971,1919-02-04 00:00:00,0.0791925575954171,-0.1263948278823558,0.2847799430731902,12.217,57.1
6972,1919-02-05 00:00:00,0.0414700442486046,-0.1641690908634706,0.2471091793606798,12.217,57.1
6973,1919-02-06 00:00:00,0.0248085074533314,-0.1808798171678914,0.2304968320745544,12.217,57.1
6974,1919-02-07 00:00:00,-0.0712204481547979,-0.2783804421570855,0.1359395458474895,12.217,57.1
6975,1919-02-08 00:00:00,-0.153080683622715,-0.3593553682075955,0.0531940009621655,12.217,57.1
6976,1919-02-09 00:00:00,-0.0791662497804196,-0.2848990566937887,0.1265665571329494,12.217,57.1
6977,1919-02-10 00:00:00,-0.0514160609763599,-0.2580344959274708,0.155202373974751,12.217,57.1
6978,1919-02-11 00:00:00,0.010546867266849,-0.1951343558236488,0.2162280903573468,12.217,57.1
6979,1919-02-12 00:00:00,-0.0224959079629764,-0.2283701189455655,0.1833783030196127,12.217,57.1
6980,1919-02-13 00:00:00,0.0133133055761257,-0.1924212802142009,0.2190478913664523,12.217,57.1
6981,1919-02-14 00:00:00,0.127770182255152,-0.0777468470759759,0.3332872115862799,12.217,57.1
6982,1919-02-15 00:00:00,0.1533668591540192,-0.0522961258132896,0.359029844121328,12.217,57.1
6983,1919-02-16 00:00:00,0.0630198791212489,-0.1426288722214239,0.2686686304639218,12.217,57.1
6984,1919-02-17 00:00:00,0.076586824805967,-0.1291190098133966,0.2822926594253307,12.217,57.1
6985,1919-02-18 00:00:00,0.0973292554261341,-0.1083333890645794,0.3029918999168478,12.217,57.1
6986,1919-02-19 00:00:00,0.0736492438270456,-0.1320637416254126,0.2793622292795039,12.217,57.1
6987,1919-02-20 00:00:00,0.1369174922471163,-0.0687567484732596,0.3425917329674924,12.217,57.1
6988,1919-02-21 00:00:00,0.1622849553781726,-0.0433396515952156,0.3679095623515609,12.217,57.1
6989,1919-02-22 00:00:00,0.1785367124165511,-0.0278030808511466,0.3848765056842489,12.217,57.1
6990,1919-02-23 00:00:00,0.0882451708998949,-0.1184560168318335,0.2949463586316234,12.217,57.1
6991,1919-02-24 00:00:00,0.0370550792185379,-0.169541393054983,0.2436515514920589,12.217,57.1
6992,1919-02-25 00:00:00,0.1166900248239373,-0.0898790504033554,0.32325910005123,12.217,57.1
6993,1919-02-26 00:00:00,-0.0589783408689744,-0.2664919249959867,0.1485352432580378,12.217,57.1
6994,1919-02-27 00:00:00,-0.0791966971872848,-0.2875714884197912,0.1291780940452216,12.217,57.1
6995,1919-02-28 00:00:00,-0.0128572196561828,-0.2191600735065387,0.1934456341941731,12.217,57.1
6996,1919-03-01 00:00:00,0.0218899474172098,-0.1836222605787028,0.2274021554131224,12.217,57.1
6997,1919-03-02 00:00:00,0.0858609278151737,-0.1198823711357159,0.2916042267660634,12.217,57.1
6998,1919-03-03 00:00:00,0.1198398381439464,-0.0868082429454828,0.3264879192333758,12.217,57.1
6999,1919-03-04 00:00:00,0.2532934787445903,0.0463987275615073,0.4601882299276734,12.217,57.1
7000,1919-03-05 00:00:00,0.1047280560955183,-0.1014110776913952,0.3108671898824319,12.217,57.1
7001,1919-03-06 00:00:00,0.0560843313009556,-0.1495029038043501,0.2616715664062613,12.217,57.1
7002,1919-03-07 00:00:00,0.1028045311966524,-0.102731582021654,0.308340644414959,12.217,57.1
7003,1919-03-08 00:00:00,0.2925641369171315,0.0865633808840591,0.498564892950204,12.217,57.1
7004,1919-03-09 00:00:00,0.1098388163438758,-0.0961020016781978,0.3157796343659494,12.217,57.1
7005,1919-03-10 00:00:00,0.0815537685480999,-0.1239250511027492,0.287032588198949,12.217,57.1
7006,1919-03-11 00:00:00,0.1539980363588109,-0.0514713740467939,0.3594674467644159,12.217,57.1
7007,1919-03-12 00:00:00,0.2292037737655373,0.0204460858399788,0.4379614616910958,12.217,57.1
7008,1919-03-13 00:00:00,0.0298644494604965,-0.175955935560895,0.2356848344818882,12.217,57.1
7009,1919-03-14 00:00:00,0.0178463427889433,-0.1877985936708597,0.2234912792487464,12.217,57.1
7010,1919-03-15 00:00:00,-0.0899480339617235,-0.2956523521803484,0.1157562842569013,12.217,57.1
7011,1919-03-16 00:00:00,-0.1246379128982911,-0.3304337029420355,0.0811578771454532,12.217,57.1
7012,1919-03-17 00:00:00,-0.0416986831938341,-0.2475399912481313,0.1641426248604631,12.217,57.1
7013,1919-03-18 00:00:00,-0.0512656474352317,-0.2569182842937244,0.154386989423261,12.217,57.1
7014,1919-03-19 00:00:00,-0.029656677575393,-0.2355222748520835,0.1762089197012973,12.217,57.1
7015,1919-03-20 00:00:00,0.000401346212045,-0.2052283066300288,0.206030999054119,12.217,57.1
7016,1919-03-21 00:00:00,0.0171148436948685,-0.188475619846884,0.2227053072366211,12.217,57.1
7017,1919-03-22 00:00:00,0.0065579445548279,-0.1991280312314086,0.2122439203410645,12.217,57.1
7018,1919-03-23 00:00:00,0.1002866151410463,-0.1058027623007481,0.3063759925828407,12.217,57.1
7019,1919-03-24 00:00:00,0.1116660466967948,-0.0940576911318862,0.317389784525476,12.217,57.1
7020,1919-03-25 00:00:00,0.0502472024246681,-0.1556487620991282,0.2561431669484645,12.217,57.1
7021,1919-03-26 00:00:00,0.0016156398111273,-0.2039961881866301,0.2072274678088847,12.217,57.1
7022,1919-03-27 00:00:00,0.0630445766817732,-0.1426710170811905,0.2687601704447371,12.217,57.1
7023,1919-03-28 00:00:00,0.1914286172059038,-0.0147888666199339,0.3976461010317417,12.217,57.1
7024,1919-03-29 00:00:00,0.2062051998877468,-0.0010172610468195,0.4134276608223132,12.217,57.1
7025,1919-03-30 00:00:00,0.1578483347319751,-0.0482152446829411,0.3639119141468914,12.217,57.1
7026,1919-03-31 00:00:00,0.1737501791836094,-0.0318611950517234,0.3793615534189423,12.217,57.1
7027,1919-04-01 00:00:00,0.089554542577412,-0.1160731924854634,0.2951822776402876,12.217,57.1
7028,1919-04-02 00:00:00,0.0663389048670959,-0.1392959696013482,0.2719737793355401,12.217,57.1
7029,1919-04-03 00:00:00,0.1029933902670075,-0.1028469261211857,0.3088337066552009,12.217,57.1
7030,1919-04-04 00:00:00,0.0150135203590221,-0.1911384472746963,0.2211654879927406,12.217,57.1
7031,1919-04-05 00:00:00,0.0603691001239783,-0.1456598317643006,0.2663980320122574,12.217,57.1
7032,1919-04-06 00:00:00,0.2654338932523727,0.0588833220045101,0.4719844645002353,12.217,57.1
7033,1919-04-07 00:00:00,0.1591871042138893,-0.0463651869694666,0.3647393953972453,12.217,57.1
7034,1919-04-08 00:00:00,0.1254843981527174,-0.079994347234192,0.3309631435396269,12.217,57.1
7035,1919-04-09 00:00:00,0.1033231040542214,-0.102329220577313,0.3089754286857558,12.217,57.1
7036,1919-04-10 00:00:00,0.0991299893575453,-0.1069514428883462,0.3052114216034369,12.217,57.1
7037,1919-04-11 00:00:00,0.3175908034269983,0.1112642993772271,0.5239173074767695,12.217,57.1
7038,1919-04-12 00:00:00,0.1919984286671998,-0.0146076118261915,0.3986044691605912,12.217,57.1
7039,1919-04-13 00:00:00,0.1625611440049316,-0.0438399877695444,0.3689622757794077,12.217,57.1
7040,1919-04-14 00:00:00,0.1569883147908947,-0.0485872842814552,0.3625639138632447,12.217,57.1
7041,1919-04-15 00:00:00,0.1822226098703093,-0.0234337676088705,0.3878789873494891,12.217,57.1
7042,1919-04-16 00:00:00,0.2120137649505153,0.005994922018415,0.4180326078826156,12.217,57.1
7043,1919-04-17 00:00:00,-0.0110906302657512,-0.2173626273784263,0.1951813668469238,12.217,57.1
7044,1919-04-18 00:00:00,0.0337206228327673,-0.1721421738886839,0.2395834195542186,12.217,57.1
7045,1919-04-19 00:00:00,0.0960614828288014,-0.1094929875137266,0.3016159531713294,12.217,57.1
7046,1919-04-20 00:00:00,0.082847754679271,-0.1229449469735103,0.2886404563320524,12.217,57.1
7047,1919-04-21 00:00:00,0.0277513329486739,-0.1784502546848573,0.2339529205822052,12.217,57.1
7048,1919-04-22 00:00:00,-0.1024095108063756,-0.3083677605940128,0.1035487389812616,12.217,57.1
7049,1919-04-23 00:00:00,0.0305335195846189,-0.175132433046779,0.2361994722160168,12.217,57.1
7050,1919-04-24 00:00:00,0.0900163817311931,-0.1157484622034074,0.2957812256657936,12.217,57.1
7051,1919-04-25 00:00:00,0.0664381852934942,-0.1392717250572619,0.2721480956442505,12.217,57.1
7052,1919-04-26 00:00:00,0.0850245304315813,-0.1206255616329023,0.2906746224960649,12.217,57.1
7053,1919-04-27 00:00:00,0.1214840235578579,-0.0843590077941316,0.3273270549098475,12.217,57.1
7054,1919-04-28 00:00:00,0.0915987135463756,-0.1145397820974982,0.2977372091902495,12.217,57.1
7055,1919-04-29 00:00:00,0.027776614105926,-0.1781729510278449,0.233726179239697,12.217,57.1
7056,1919-04-30 00:00:00,-0.0085689904231587,-0.2142619443388736,0.1971239634925561,12.217,57.1
7057,1919-05-01 00:00:00,0.0994513392746991,-0.1064816385115371,0.3053843170609354,12.217,57.1
7058,1919-05-02 00:00:00,0.1637259246178582,-0.0422165171746017,0.3696683664103182,12.217,57.1
7059,1919-05-03 00:00:00,0.1891149023843383,-0.0174746548875616,0.3957044596562383,12.217,57.1
7060,1919-05-04 00:00:00,-0.0019083435552962,-0.2078098313930144,0.2039931442824218,12.217,57.1
7061,1919-05-05 00:00:00,-0.033710319834673,-0.2398795751787138,0.1724589355093676,12.217,57.1
7062,1919-05-06 00:00:00,-0.1350810967412256,-0.3418916339293963,0.071729440446945,12.217,57.1
7063,1919-05-07 00:00:00,-0.1754233441854694,-0.382492526517862,0.0316458381469231,12.217,57.1
7064,1919-05-08 00:00:00,-0.1168135472803329,-0.3230457302672709,0.0894186357066049,12.217,57.1
7065,1919-05-09 00:00:00,-0.0820586159763017,-0.2876710234812394,0.1235537915286359,12.217,57.1
7066,1919-05-10 00:00:00,-0.0400043178456546,-0.2455231188750211,0.1655144831837119,12.217,57.1
7067,1919-05-11 00:00:00,-0.0019388890867991,-0.2073718345299096,0.2034940563563114,12.217,57.1
7068,1919-05-12 00:00:00,0.0017620621875205,-0.2037747923033042,0.2072989166783452,12.217,57.1
7069,1919-05-13 00:00:00,0.006986235244222,-0.1986357788563399,0.212608249344784,12.217,57.1
7070,1919-05-14 00:00:00,-0.0215140352513262,-0.2271397344422116,0.1841116639395592,12.217,57.1
7071,1919-05-15 00:00:00,-0.0287696139233424,-0.2343406916918819,0.176801463845197,12.217,57.1
7072,1919-05-16 00:00:00,-0.0043127899453336,-0.209949475292914,0.2013238954022468,12.217,57.1
7073,1919-05-17 00:00:00,0.0022613627099414,-0.2033797322775594,0.2079024576974423,12.217,57.1
7074,1919-05-18 00:00:00,-0.0762275599584294,-0.2821482945135983,0.1296931745967394,12.217,57.1
7075,1919-05-19 00:00:00,-0.0388688689911787,-0.2446563679100323,0.1669186299276748,12.217,57.1
7076,1919-05-20 00:00:00,-0.064079576286538,-0.2696786997399281,0.141519547166852,12.217,57.1
7077,1919-05-21 00:00:00,-0.0446418129361365,-0.2501573391417054,0.1608737132694324,12.217,57.1
7078,1919-05-22 00:00:00,-0.078787705000562,-0.2843148459161285,0.1267394359150044,12.217,57.1
7079,1919-05-23 00:00:00,-0.0480370113315481,-0.2535279853873915,0.1574539627242952,12.217,57.1
7080,1919-05-24 00:00:00,-0.0332750471343833,-0.2387408395218009,0.1721907452530341,12.217,57.1
7081,1919-05-25 00:00:00,0.0047437086097418,-0.2008087637581028,0.2102961809775866,12.217,57.1
7082,1919-05-26 00:00:00,0.0391051993671978,-0.1663784225950163,0.2445888213294121,12.217,57.1
7083,1919-05-27 00:00:00,0.0217779991636814,-0.1837109840390573,0.2272669823664202,12.217,57.1
7084,1919-05-28 00:00:00,-0.0148459559582491,-0.2202562507543716,0.1905643388378733,12.217,57.1
7085,1919-05-29 00:00:00,0.0536259491183633,-0.1518717427258739,0.2591236409626007,12.217,57.1
7086,1919-05-30 00:00:00,0.0225691693721789,-0.1831213518286291,0.228259690572987,12.217,57.1
7087,1919-05-31 00:00:00,0.0693550238727926,-0.1361470665824705,0.2748571143280559,12.217,57.1
7088,1919-06-01 00:00:00,0.0843538554557786,-0.1212317521462502,0.2899394630578075,12.217,57.1
7089,1919-06-02 00:00:00,0.0915573617531778,-0.1142269048984895,0.2973416284048451,12.217,57.1
7090,1919-06-03 00:00:00,0.073326810415723,-0.1324603906134017,0.2791140114448477,12.217,57.1
7091,1919-06-04 00:00:00,0.0921087098586687,-0.1137656049426417,0.2979830246599793,12.217,57.1
7092,1919-06-05 00:00:00,0.1238633625679417,-0.081876004307917,0.3296027294438005,12.217,57.1
7093,1919-06-06 00:00:00,0.046735364102526,-0.1589025362681059,0.252373264473158,12.217,57.1
7094,1919-06-07 00:00:00,0.0307743213880773,-0.1747451315269466,0.2362937743031012,12.217,57.1
7095,1919-06-08 00:00:00,0.0475254060940953,-0.1579091800812652,0.2529599922694559,12.217,57.1
7096,1919-06-09 00:00:00,0.0673489727216433,-0.1383088597983404,0.2730068052416272,12.217,57.1
7097,1919-06-10 00:00:00,0.0218480155657421,-0.1838528039495971,0.2275488350810814,12.217,57.1
7098,1919-06-11 00:00:00,0.0304732916612525,-0.1751699416764993,0.2361165249990043,12.217,57.1
7099,1919-06-12 00:00:00,0.075308474556847,-0.1304849777073438,0.2811019268210379,12.217,57.1
7100,1919-06-13 00:00:00,0.0588978865302698,-0.146987648950143,0.2647834220106828,12.217,57.1
7101,1919-06-14 00:00:00,0.1229345165827081,-0.0828512840310358,0.3287203171964521,12.217,57.1
7102,1919-06-15 00:00:00,-0.0277277303929457,-0.2337588325368348,0.1783033717509434,12.217,57.1
7103,1919-06-16 00:00:00,0.0367446072313815,-0.1689054050810719,0.2423946195438351,12.217,57.1
7104,1919-06-17 00:00:00,0.0820387375972012,-0.1235189545601646,0.287596429754567,12.217,57.1
7105,1919-06-18 00:00:00,0.0569172569034951,-0.1486498152645479,0.2624843290715383,12.217,57.1
7106,1919-06-19 00:00:00,0.0432471606837567,-0.1622309958392473,0.2487253172067607,12.217,57.1
7107,1919-06-20 00:00:00,0.0736153926868502,-0.1320311803641725,0.2792619657378729,12.217,57.1
7108,1919-06-21 00:00:00,0.0843221574589502,-0.1213836773752611,0.2900279922931617,12.217,57.1
7109,1919-06-22 00:00:00,0.0439993955416705,-0.161629891093329,0.2496286821766701,12.217,57.1
7110,1919-06-23 00:00:00,0.2595756086787213,0.0531736169704781,0.4659776003869645,12.217,57.1
7111,1919-06-24 00:00:00,0.1531095604679364,-0.0532520106326058,0.3594711315684786,12.217,57.1
7112,1919-06-25 00:00:00,0.1040948924168045,-0.1013941022118306,0.3095838870454396,12.217,57.1
7113,1919-06-26 00:00:00,0.0881768332584305,-0.1173671576811258,0.293720824197987,12.217,57.1
7114,1919-06-27 00:00:00,0.0798396687136306,-0.1257448032313642,0.2854241406586254,12.217,57.1
7115,1919-06-28 00:00:00,0.0261138524062858,-0.1795876471954569,0.2318153520080286,12.217,57.1
7116,1919-06-29 00:00:00,0.1739629448528878,-0.0323352897804483,0.380261179486224,12.217,57.1
7117,1919-06-30 00:00:00,0.2664521303580295,0.0604987204090964,0.4724055403069626,12.217,57.1
7118,1919-07-01 00:00:00,0.2209042077805416,0.0144689032715951,0.4273395122894881,12.217,57.1
7119,1919-07-02 00:00:00,0.0983320926899814,-0.1079299308578392,0.3045941162378022,12.217,57.1
7120,1919-07-03 00:00:00,0.078900077479674,-0.1267536926517783,0.2845538476111263,12.217,57.1
7121,1919-07-04 00:00:00,-0.0163209072405634,-0.2218003659040113,0.1891585514228844,12.217,57.1
7122,1919-07-05 00:00:00,0.0019013037011348,-0.2036941808440687,0.2074967882463383,12.217,57.1
7123,1919-07-06 00:00:00,0.0469062218503266,-0.1587787131462669,0.2525911568469203,12.217,57.1
7124,1919-07-07 00:00:00,0.0437536530238531,-0.1617871658628174,0.2492944719105237,12.217,57.1
7125,1919-07-08 00:00:00,0.0158570435057182,-0.1896297128114645,0.221343799822901,12.217,57.1
7126,1919-07-09 00:00:00,0.0367096263590429,-0.1687371860528522,0.242156438770938,12.217,57.1
7127,1919-07-10 00:00:00,0.015357128667625,-0.1901229784776107,0.2208372358128607,12.217,57.1
7128,1919-07-11 00:00:00,0.0116027944579993,-0.1939306424268858,0.2171362313428846,12.217,57.1
7129,1919-07-12 00:00:00,0.0625793109841755,-0.1429409783050338,0.268099600273385,12.217,57.1
7130,1919-07-13 00:00:00,0.0997524400708055,-0.1057725924422408,0.3052774725838519,12.217,57.1
7131,1919-07-14 00:00:00,0.1884468922460676,-0.0172672043266816,0.3941609888188169,12.217,57.1
7132,1919-07-15 00:00:00,0.1444365865230593,-0.0614711368482226,0.3503443098943414,12.217,57.1
7133,1919-07-16 00:00:00,0.0695453808096854,-0.1359422046112308,0.2750329662306017,12.217,57.1
7134,1919-07-17 00:00:00,0.1003321093773513,-0.105216270233794,0.3058804889884967,12.217,57.1
7135,1919-07-18 00:00:00,0.1215315894230478,-0.0840529112732392,0.327116090119335,12.217,57.1
7136,1919-07-19 00:00:00,0.1043216637942088,-0.1013282838404574,0.3099716114288751,12.217,57.1
7137,1919-07-20 00:00:00,0.0870696722723961,-0.1184740785274059,0.2926134230721983,12.217,57.1
7138,1919-07-21 00:00:00,0.1083154735478688,-0.0971944528709165,0.3138253999666542,12.217,57.1
7139,1919-07-22 00:00:00,0.0748905976306676,-0.1307366049589637,0.280517800220299,12.217,57.1
7140,1919-07-23 00:00:00,0.0851913639304356,-0.1207141895764705,0.2910969174373419,12.217,57.1
7141,1919-07-24 00:00:00,0.0137547350684517,-0.1917222361891233,0.2192317063260268,12.217,57.1
7142,1919-07-25 00:00:00,0.019981445587995,-0.1854316567218928,0.225394547897883,12.217,57.1
7143,1919-07-26 00:00:00,0.0237128919809324,-0.181742916722159,0.2291687006840239,12.217,57.1
7144,1919-07-27 00:00:00,0.0440189688555164,-0.1614548487788054,0.2494927864898384,12.217,57.1
7145,1919-07-28 00:00:00,0.0198120596604866,-0.1856274838810925,0.2252516032020658,12.217,57.1
7146,1919-07-29 00:00:00,0.0277563661559518,-0.1776207105274194,0.2331334428393231,12.217,57.1
7147,1919-07-30 00:00:00,0.0524373207136319,-0.15297897228874,0.257853613716004,12.217,57.1
7148,1919-07-31 00:00:00,0.0739186701994988,-0.1315271203505321,0.2793644607495297,12.217,57.1
7149,1919-08-01 00:00:00,0.184607805345556,-0.0211558333260722,0.3903714440171842,12.217,57.1
7150,1919-08-02 00:00:00,0.2745395790265281,0.0683755737001838,0.4807035843528723,12.217,57.1
7151,1919-08-03 00:00:00,0.2225537156658175,0.0169965639848008,0.4281108673468343,12.217,57.1
7152,1919-08-04 00:00:00,0.2624482308355657,0.0565785629461067,0.4683178987250247,12.217,57.1
7153,1919-08-05 00:00:00,0.2599998520297758,0.0537568078071296,0.466242896252422,12.217,57.1
7154,1919-08-06 00:00:00,0.1526707450496129,-0.0531240973933489,0.3584655874925747,12.217,57.1
7155,1919-08-07 00:00:00,0.2339909327208692,0.0282321048505273,0.4397497605912111,12.217,57.1
7156,1919-08-08 00:00:00,0.2004933138413953,-0.0054918242056793,0.40647845188847,12.217,57.1
7157,1919-08-09 00:00:00,0.1460095941960823,-0.0598219232475754,0.3518411116397402,12.217,57.1
7158,1919-08-10 00:00:00,0.1019474735233496,-0.1035545519687938,0.3074494990154931,12.217,57.1
7159,1919-08-11 00:00:00,0.151159669940594,-0.0543769013367724,0.3566962412179604,12.217,57.1
7160,1919-08-12 00:00:00,0.1847081815732925,-0.0209933292324004,0.3904096923789855,12.217,57.1
7161,1919-08-13 00:00:00,0.1753126821427391,-0.0304549929224264,0.3810803572079048,12.217,57.1
7162,1919-08-14 00:00:00,0.2373146942313631,0.0313703542294169,0.4432590342333093,12.217,57.1
7163,1919-08-15 00:00:00,0.190162685342295,-0.0159504035842546,0.3962757742688448,12.217,57.1
7164,1919-08-16 00:00:00,0.1235820762283763,-0.0822012862851556,0.3293654387419083,12.217,57.1
7165,1919-08-17 00:00:00,0.0572040597017797,-0.1482830881748453,0.2626912075784047,12.217,57.1
7166,1919-08-18 00:00:00,0.0652208401451328,-0.1402782388969763,0.2707199191872419,12.217,57.1
7167,1919-08-19 00:00:00,0.1475949371841704,-0.0580126117829224,0.3532024861512632,12.217,57.1
7168,1919-08-20 00:00:00,0.1504602207623533,-0.0553258364292097,0.3562462779539165,12.217,57.1
7169,1919-08-21 00:00:00,0.1127759838124246,-0.0928204708795601,0.3183724385044094,12.217,57.1
7170,1919-08-22 00:00:00,0.2403737277050052,0.0343932094282384,0.446354245981772,12.217,57.1
7171,1919-08-23 00:00:00,0.1306468147904485,-0.0759515663615429,0.33724519594244,12.217,57.1
7172,1919-08-24 00:00:00,0.2004862535401335,-0.0055109311274518,0.4064834382077188,12.217,57.1
7173,1919-08-25 00:00:00,0.1511184879031581,-0.054678719260952,0.3569156950672683,12.217,57.1
7174,1919-08-26 00:00:00,0.112518879358624,-0.0930429952297683,0.3180807539470165,12.217,57.1
7175,1919-08-27 00:00:00,0.2240848678084414,0.0178790742065345,0.4302906614103484,12.217,57.1
7176,1919-08-28 00:00:00,0.2672477195858774,0.0599795070219295,0.4745159321498254,12.217,57.1
7177,1919-08-29 00:00:00,0.1277049367001931,-0.0793548992162442,0.3347647726166306,12.217,57.1
7178,1919-08-30 00:00:00,0.1818154629138776,-0.0251618721839384,0.3887927980116937,12.217,57.1
7179,1919-08-31 00:00:00,0.2268913206610214,0.0203432059842718,0.4334394353377711,12.217,57.1
7180,1919-09-01 00:00:00,0.1664544740472683,-0.0392767359184327,0.3721856840129695,12.217,57.1
7181,1919-09-02 00:00:00,0.0630261120239649,-0.1424809097956264,0.2685331338435563,12.217,57.1
7182,1919-09-03 00:00:00,0.0923633385334693,-0.1135380515668832,0.2982647286338219,12.217,57.1
7183,1919-09-04 00:00:00,0.0473678392735306,-0.1585358324681646,0.253271511015226,12.217,57.1
7184,1919-09-05 00:00:00,0.0644743997734964,-0.1411571476690139,0.2701059472160068,12.217,57.1
7185,1919-09-06 00:00:00,-0.0084229427242156,-0.2139248155268174,0.1970789300783861,12.217,57.1
7186,1919-09-07 00:00:00,0.0482364905792202,-0.1572553554521864,0.2537283366106268,12.217,57.1
7187,1919-09-08 00:00:00,0.0597017025328956,-0.1460450583492964,0.2654484634150876,12.217,57.1
7188,1919-09-09 00:00:00,0.0971314681438392,-0.1087053043195243,0.3029682406072027,12.217,57.1
7189,1919-09-10 00:00:00,0.1260305756005815,-0.0796293989069683,0.3316905501081315,12.217,57.1
7190,1919-09-11 00:00:00,0.122674508147734,-0.0829652499628653,0.3283142662583334,12.217,57.1
7191,1919-09-12 00:00:00,0.1051013998984997,-0.1007445623523077,0.3109473621493072,12.217,57.1
7192,1919-09-13 00:00:00,-0.0374082449139665,-0.243145078119766,0.1683285882918329,12.217,57.1
7193,1919-09-14 00:00:00,-0.0054205932852079,-0.2110771123434138,0.2002359257729979,12.217,57.1
7194,1919-09-15 00:00:00,-0.0582392504190227,-0.2638598984195952,0.1473813975815498,12.217,57.1
7195,1919-09-16 00:00:00,-0.0583282656529791,-0.2637638157466241,0.1471072844406659,12.217,57.1
7196,1919-09-17 00:00:00,-0.002438608720129,-0.2080303495672298,0.2031531321269718,12.217,57.1
7197,1919-09-18 00:00:00,0.1205394789902179,-0.0856664290371926,0.3267453870176286,12.217,57.1
7198,1919-09-19 00:00:00,0.1764981056868148,-0.0294138619533069,0.3824100733269365,12.217,57.1
7199,1919-09-20 00:00:00,0.1898455473167734,-0.0163235223911378,0.3960146170246847,12.217,57.1
7200,1919-09-21 00:00:00,0.2810551443419774,0.0742374619978156,0.4878728266861392,12.217,57.1
7201,1919-09-22 00:00:00,0.1820266662966331,-0.0264548717355937,0.3905082043288599,12.217,57.1
7202,1919-09-23 00:00:00,0.1621911435625831,-0.0435806026672642,0.3679628897924306,12.217,57.1
7203,1919-09-24 00:00:00,0.2533287279711674,0.0474493778358216,0.4592080781065133,12.217,57.1
7204,1919-09-25 00:00:00,0.2397571252567326,0.0334856952348129,0.4460285552786524,12.217,57.1
7205,1919-09-26 00:00:00,0.36341169541301,0.1569012046810963,0.5699221861449237,12.217,57.1
7206,1919-09-27 00:00:00,0.296243491595806,0.0894786384442758,0.5030083447473361,12.217,57.1
7207,1919-09-28 00:00:00,0.391132654398712,0.1834319587131803,0.5988333500842437,12.217,57.1
7208,1919-09-29 00:00:00,0.0566055258074911,-0.1495738024318448,0.2627848540468271,12.217,57.1
7209,1919-09-30 00:00:00,0.1016734674744977,-0.104128020826357,0.3074749557753525,12.217,57.1
7210,1919-10-01 00:00:00,0.1475015425252882,-0.0591926275008229,0.3541957125513992,12.217,57.1
7211,1919-10-02 00:00:00,0.1035904558156229,-0.1022998472234375,0.3094807588546834,12.217,57.1
7212,1919-10-03 00:00:00,0.1371284598579742,-0.0689349755493679,0.3431918952653165,12.217,57.1
7213,1919-10-04 00:00:00,-0.0318454062095081,-0.2377615856978653,0.1740707732788489,12.217,57.1
7214,1919-10-05 00:00:00,-0.057457277506564,-0.2629943270507538,0.1480797720376258,12.217,57.1
7215,1919-10-06 00:00:00,-0.0197191254368598,-0.2251941983655491,0.1857559474918295,12.217,57.1
7216,1919-10-07 00:00:00,-0.0055518871787407,-0.2112714122721719,0.2001676379146905,12.217,57.1
7217,1919-10-08 00:00:00,-0.0154703120820099,-0.221087322906838,0.1901466987428181,12.217,57.1
7218,1919-10-09 00:00:00,0.044446375825973,-0.1613402409422763,0.2502329925942225,12.217,57.1
7219,1919-10-10 00:00:00,0.0983615070112017,-0.1079417531774978,0.3046647671999014,12.217,57.1
7220,1919-10-11 00:00:00,0.0499962856486388,-0.156056342866065,0.2560489141633426,12.217,57.1
7221,1919-10-12 00:00:00,0.0371755840098109,-0.1684869585398326,0.2428381265594544,12.217,57.1
7222,1919-10-13 00:00:00,0.2370811158745318,0.03087221530479,0.4432900164442737,12.217,57.1
7223,1919-10-14 00:00:00,0.2163553594854156,0.0072052562853896,0.4255054626854415,12.217,57.1
7224,1919-10-15 00:00:00,0.2318350261174006,0.0252374011195452,0.438432651115256,12.217,57.1
7225,1919-10-16 00:00:00,0.1341706595565645,-0.0714692422251808,0.3398105613383099,12.217,57.1
7226,1919-10-17 00:00:00,0.0355682049739111,-0.1703685329360603,0.2415049428838827,12.217,57.1
7227,1919-10-18 00:00:00,0.0050003154781655,-0.2010313340505981,0.2110319650069292,12.217,57.1
7228,1919-10-19 00:00:00,0.0529241402642532,-0.1529899187095428,0.2588381992380494,12.217,57.1
7229,1919-10-20 00:00:00,0.0009033212467606,-0.2049285930360057,0.206735235529527,12.217,57.1
7230,1919-10-21 00:00:00,-0.0047488084257708,-0.2104582046515979,0.2009605878000562,12.217,57.1
7231,1919-10-22 00:00:00,0.0048973867102706,-0.200669137916115,0.2104639113366563,12.217,57.1
7232,1919-10-23 00:00:00,0.0097996273975913,-0.1960220033927676,0.2156212581879504,12.217,57.1
7233,1919-10-24 00:00:00,0.0614911982075518,-0.1442549426964991,0.2672373391116028,12.217,57.1
7234,1919-10-25 00:00:00,-0.0069915156847088,-0.2125879909439203,0.1986049595745026,12.217,57.1
7235,1919-10-26 00:00:00,-0.0109986766447628,-0.2165801805489197,0.194582827259394,12.217,57.1
7236,1919-10-27 00:00:00,0.0538351912524857,-0.1520311936174502,0.2597015761224218,12.217,57.1
7237,1919-10-28 00:00:00,0.0682662390762423,-0.1379177398797879,0.2744502180322726,12.217,57.1
7238,1919-10-29 00:00:00,-0.0710954983180305,-0.2781085388867135,0.1359175422506523,12.217,57.1
7239,1919-10-30 00:00:00,-0.1621804454202569,-0.3689292890395296,0.0445683981990157,12.217,57.1
7240,1919-10-31 00:00:00,-0.1814250903830375,-0.3878613254649809,0.0250111446989057,12.217,57.1
7241,1919-11-01 00:00:00,-0.1300907267852887,-0.3358740188896274,0.0756925653190498,12.217,57.1
7242,1919-11-02 00:00:00,-0.0937024957311481,-0.2992664914099703,0.111861499947674,12.217,57.1
7243,1919-11-03 00:00:00,-0.2103822609132807,-0.4168644205345675,-0.0039001012919939,12.217,57.1
7244,1919-11-04 00:00:00,-0.0622699477159328,-0.2683599625412968,0.143820067109431,12.217,57.1
7245,1919-11-05 00:00:00,-0.0408076119282908,-0.2466022687613779,0.1649870449047962,12.217,57.1
7246,1919-11-06 00:00:00,0.0119349802637463,-0.1940053446822567,0.2178753052097494,12.217,57.1
7247,1919-11-07 00:00:00,0.0177199384350185,-0.1883941684398356,0.2238340453098727,12.217,57.1
7248,1919-11-08 00:00:00,0.0032602783496095,-0.2027179719136546,0.2092385286128736,12.217,57.1
7249,1919-11-09 00:00:00,-0.0687835758157189,-0.2747306732198313,0.1371635215883934,12.217,57.1
7250,1919-11-10 00:00:00,-0.1105551525380952,-0.3164339679531162,0.0953236628769256,12.217,57.1
7251,1919-11-11 00:00:00,-0.0533544728002761,-0.259216630822079,0.1525076852215266,12.217,57.1
7252,1919-11-12 00:00:00,-0.0011244611085822,-0.207084109080759,0.2048351868635944,12.217,57.1
7253,1919-11-13 00:00:00,-0.0153619574504697,-0.2211503382526267,0.1904264233516872,12.217,57.1
7254,1919-11-14 00:00:00,-0.0190419655238464,-0.2246627180510475,0.1865787870033546,12.217,57.1
7255,1919-11-15 00:00:00,-0.0412650362976751,-0.2468416549323913,0.1643115823370409,12.217,57.1
7256,1919-11-16 00:00:00,-0.0640413383375112,-0.2696395388964528,0.1415568622214304,12.217,57.1
7257,1919-11-17 00:00:00,-0.0644424866274728,-0.2703480000878658,0.1414630268329201,12.217,57.1
7258,1919-11-18 00:00:00,0.0610129856205172,-0.1449638540392859,0.2669898252803204,12.217,57.1
7259,1919-11-19 00:00:00,0.1575904522695613,-0.0498821699213622,0.3650630744604849,12.217,57.1
7260,1919-11-20 00:00:00,0.2886963123041619,0.0820364364646412,0.4953561881436825,12.217,57.1
7261,1919-11-21 00:00:00,0.3332048295431378,0.1271981130615704,0.5392115460247052,12.217,57.1
7262,1919-11-22 00:00:00,0.1191593705288019,-0.086590194594905,0.3249089356525089,12.217,57.1
7263,1919-11-23 00:00:00,0.1402460940251424,-0.0654941154411557,0.3459863034914405,12.217,57.1
7264,1919-11-24 00:00:00,0.32584014120355,0.1194627144750794,0.5322175679320206,12.217,57.1
7265,1919-11-25 00:00:00,0.4077180590811974,0.2004288680767736,0.6150072500856212,12.217,57.1
7266,1919-11-26 00:00:00,0.255685788050425,0.0484706157857686,0.4629009603150814,12.217,57.1
7267,1919-11-27 00:00:00,0.097529743263846,-0.1082040074654752,0.3032634939931673,12.217,57.1
7268,1919-11-28 00:00:00,0.0663757514321015,-0.139345880801783,0.2720973836659862,12.217,57.1
7269,1919-11-29 00:00:00,0.0625775380474433,-0.1430392085739638,0.2681942846688505,12.217,57.1
7270,1919-11-30 00:00:00,0.0727152023590201,-0.1330262105864178,0.278456615304458,12.217,57.1
7271,1919-12-01 00:00:00,0.0878409329652709,-0.1183165774962736,0.2939984434268156,12.217,57.1
7272,1919-12-02 00:00:00,0.1726492866145553,-0.033243759581818,0.3785423328109287,12.217,57.1
7273,1919-12-03 00:00:00,0.130418860436475,-0.0759513719026031,0.3367890927755531,12.217,57.1
7274,1919-12-04 00:00:00,0.2737956499056607,0.0676654267979322,0.4799258730133892,12.217,57.1
7275,1919-12-05 00:00:00,0.3125231333330658,0.1065480542200776,0.5184982124460541,12.217,57.1
7276,1919-12-06 00:00:00,0.271929744851163,0.0659441830911376,0.4779153066111885,12.217,57.1
7277,1919-12-07 00:00:00,0.2091261175110305,0.0019460171658681,0.4163062178561929,12.217,57.1
7278,1919-12-08 00:00:00,0.0846413847374371,-0.1225572688846523,0.2918400383595267,12.217,57.1
7279,1919-12-09 00:00:00,-0.0445145679839872,-0.2518897522082529,0.1628606162402785,12.217,57.1
7280,1919-12-10 00:00:00,-0.0981912778149701,-0.3045480278268647,0.1081654721969244,12.217,57.1
7281,1919-12-11 00:00:00,0.0326907926030435,-0.1728365979676897,0.2382181831737768,12.217,57.1
7282,1919-12-12 00:00:00,0.1189669931550249,-0.0869533057685817,0.3248872920786316,12.217,57.1
7283,1919-12-13 00:00:00,0.0494861888567493,-0.1564517690696746,0.2554241467831732,12.217,57.1
7284,1919-12-14 00:00:00,0.0036889225215375,-0.201907012773843,0.209284857816918,12.217,57.1
7285,1919-12-15 00:00:00,-0.0289854396618,-0.2346369643676706,0.1766660850440704,12.217,57.1
7286,1919-12-16 00:00:00,-0.0174117121240971,-0.2230364876674737,0.1882130634192793,12.217,57.1
7287,1919-12-17 00:00:00,-0.0221884517604203,-0.2278466037605885,0.1834697002397478,12.217,57.1
7288,1919-12-18 00:00:00,0.1018100589874407,-0.1040620408775116,0.3076821588523932,12.217,57.1
7289,1919-12-19 00:00:00,0.1968214921004387,-0.0093889022186673,0.4030318864195449,12.217,57.1
7290,1919-12-20 00:00:00,-0.0093086003487471,-0.2159326189981531,0.1973154183006588,12.217,57.1
7291,1919-12-21 00:00:00,0.1220651383614408,-0.0841132787916786,0.3282435555145604,12.217,57.1
7292,1919-12-22 00:00:00,0.2214926654721265,0.0149769724317603,0.4280083585124927,12.217,57.1
7293,1919-12-23 00:00:00,0.1752495451223151,-0.0315079611467657,0.3820070513913961,12.217,57.1
7294,1919-12-24 00:00:00,0.1998587833588223,-0.006247040656508,0.4059646073741526,12.217,57.1
7295,1919-12-25 00:00:00,0.1626742110149485,-0.0431404984421087,0.3684889204720059,12.217,57.1
7296,1919-12-26 00:00:00,0.1155502777717638,-0.090227138570584,0.3213276941141118,12.217,57.1
7297,1919-12-27 00:00:00,-0.0554215934488607,-0.2625560018763623,0.1517128149786407,12.217,57.1
7298,1919-12-28 00:00:00,-0.049291889666714,-0.2565805508532784,0.1579967715198503,12.217,57.1
7299,1919-12-29 00:00:00,0.0041465435980863,-0.2026603795009876,0.2109534666971603,12.217,57.1
7300,1919-12-30 00:00:00,0.1772466208673807,-0.0296739679656125,0.3841672097003739,12.217,57.1
7301,1919-12-31 00:00:00,0.1600694063240022,-0.0466841398526456,0.3668229525006502,12.217,57.1
7302,1920-01-01 00:00:00,0.2433234075349643,0.0372676421273394,0.4493791729425892,12.217,57.1
7303,1920-01-02 00:00:00,0.2647706656868237,0.0583663724431186,0.4711749589305288,12.217,57.1
7304,1920-01-03 00:00:00,0.195592688021051,-0.0109662611673076,0.4021516372094097,12.217,57.1
7305,1920-01-04 00:00:00,0.0469906223670631,-0.1586765880057637,0.2526578327398902,12.217,57.1
7306,1920-01-05 00:00:00,-0.073976650383874,-0.2799147751934338,0.1319614744256857,12.217,57.1
7307,1920-01-06 00:00:00,-0.0426269429268492,-0.2481315080808651,0.1628776222271667,12.217,57.1
7308,1920-01-07 00:00:00,0.0090504621828305,-0.197086612727713,0.2151875370933742,12.217,57.1
7309,1920-01-08 00:00:00,0.2047319387163352,-0.0012361518916208,0.4107000293242913,12.217,57.1
7310,1920-01-09 00:00:00,0.8332477168914976,0.6212396566554164,1.0452557771275788,12.217,57.1
7311,1920-01-10 00:00:00,0.4164367440701996,0.2080746331205646,0.6247988550198346,12.217,57.1
7312,1920-01-11 00:00:00,0.2266763508320579,0.0200143924905534,0.4333383091735625,12.217,57.1
7313,1920-01-12 00:00:00,0.3192448907643038,0.1124235549262068,0.5260662266024009,12.217,57.1
7314,1920-01-13 00:00:00,0.3716357596251819,0.1646178820401849,0.578653637210179,12.217,57.1
7315,1920-01-14 00:00:00,0.2647823270935245,0.0586139063888081,0.470950747798241,12.217,57.1
7316,1920-01-15 00:00:00,0.0356148785107064,-0.1711810088453796,0.2424107658667925,12.217,57.1
7317,1920-01-16 00:00:00,0.0211613839269498,-0.1855775563778225,0.2279003242317223,12.217,57.1
7318,1920-01-17 00:00:00,0.2340220155202939,0.0278898830121914,0.4401541480283963,12.217,57.1
7319,1920-01-18 00:00:00,0.3795894680905665,0.1736148846066469,0.585564051574486,12.217,57.1
7320,1920-01-19 00:00:00,0.2445335599850608,0.0370279422164818,0.4520391777536398,12.217,57.1
7321,1920-01-20 00:00:00,0.2240072832416846,0.0182108271884759,0.4298037392948932,12.217,57.1
7322,1920-01-21 00:00:00,0.1472632833094965,-0.0588288999458954,0.3533554665648886,12.217,57.1
7323,1920-01-22 00:00:00,0.0471307476897946,-0.1587800745918019,0.2530415699713912,12.217,57.1
7324,1920-01-23 00:00:00,0.0026237762888026,-0.2031986485234768,0.208446201101082,12.217,57.1
7325,1920-01-24 00:00:00,0.0408139869960274,-0.1649718096516536,0.2465997836437086,12.217,57.1
7326,1920-01-25 00:00:00,0.1502196501710033,-0.056435723586482,0.3568750239284888,12.217,57.1
7327,1920-01-26 00:00:00,0.1174932028635502,-0.0893340043033809,0.3243204100304814,12.217,57.1
7328,1920-01-27 00:00:00,0.1901176582494402,-0.0163843747857306,0.3966196912846112,12.217,57.1
7329,1920-01-28 00:00:00,0.2058172022649202,-0.0012851322871048,0.4129195368169453,12.217,57.1
7330,1920-01-29 00:00:00,0.094177960388065,-0.1125792860685305,0.3009352068446606,12.217,57.1
7331,1920-01-30 00:00:00,0.3446485913045339,0.1348453978506291,0.5544517847584387,12.217,57.1
7332,1920-01-31 00:00:00,0.2159996915739299,0.0055177144113654,0.4264816687364944,12.217,57.1
7333,1920-02-01 00:00:00,0.073100071757981,-0.1361443760776512,0.2823445195936134,12.217,57.1
7334,1920-02-02 00:00:00,0.1821418731557358,-0.025051679262328,0.3893354255737998,12.217,57.1
7335,1920-02-03 00:00:00,0.2635390260481212,0.0568562457397785,0.4702218063564639,12.217,57.1
7336,1920-02-04 00:00:00,0.2896281080636994,0.083141366567961,0.4961148495594377,12.217,57.1
7337,1920-02-05 00:00:00,0.0947697585396591,-0.1110609122287897,0.300600429308108,12.217,57.1
7338,1920-02-06 00:00:00,-0.0626363267572668,-0.2684438746647409,0.1431712211502073,12.217,57.1
7339,1920-02-07 00:00:00,-0.0592670018496517,-0.2649108635551307,0.1463768598558272,12.217,57.1
7340,1920-02-08 00:00:00,-0.0151514177406524,-0.2208384960072097,0.1905356605259048,12.217,57.1
7341,1920-02-09 00:00:00,0.1054443380128518,-0.1002045015421786,0.3110931775678823,12.217,57.1
7342,1920-02-10 00:00:00,0.1836437154706429,-0.0228152634478928,0.3901026943891786,12.217,57.1
7343,1920-02-11 00:00:00,0.5766751462006832,0.3699186990151872,0.7834315933861791,12.217,57.1
7344,1920-02-12 00:00:00,0.4891537921959579,0.2823084239253411,0.6959991604665746,12.217,57.1
7345,1920-02-13 00:00:00,0.1057986914363203,-0.101081667794052,0.3126790506666926,12.217,57.1
7346,1920-02-14 00:00:00,0.1693461090629502,-0.0374169632535572,0.3761091813794576,12.217,57.1
7347,1920-02-15 00:00:00,0.2360780995917838,0.0296255491547638,0.4425306500288039,12.217,57.1
7348,1920-02-16 00:00:00,0.0732061316181883,-0.1329296797572416,0.2793419429936182,12.217,57.1
7349,1920-02-17 00:00:00,0.0586809793042363,-0.1476770414619758,0.2650390000704485,12.217,57.1
7350,1920-02-18 00:00:00,0.0715522834546628,-0.13411830021085,0.2772228671201757,12.217,57.1
7351,1920-02-19 00:00:00,0.0799978855245557,-0.1255875254573426,0.285583296506454,12.217,57.1
7352,1920-02-20 00:00:00,0.0569012886794594,-0.1491183158627985,0.2629208932217174,12.217,57.1
7353,1920-02-21 00:00:00,-0.0320931759258976,-0.2389835968347011,0.1747972449829057,12.217,57.1
7354,1920-02-22 00:00:00,0.0167371040420398,-0.1897505711997255,0.2232247792838051,12.217,57.1
7355,1920-02-23 00:00:00,0.069868933496886,-0.135974668928947,0.2757125359227191,12.217,57.1
7356,1920-02-24 00:00:00,0.0485711662938601,-0.1574916625415711,0.2546339951292915,12.217,57.1
7357,1920-02-25 00:00:00,0.0503569698767001,-0.1552980410450344,0.2560119807984347,12.217,57.1
7358,1920-02-26 00:00:00,0.0929695216156423,-0.1125708652010744,0.2985099084323591,12.217,57.1
7359,1920-02-27 00:00:00,0.239821797956215,0.0336495775322742,0.4459940183801557,12.217,57.1
7360,1920-02-28 00:00:00,0.1833103466546547,-0.0239626519068897,0.3905833452161993,12.217,57.1
7361,1920-02-29 00:00:00,0.0981715430106555,-0.1079569761517914,0.3043000621731025,12.217,57.1
7362,1920-03-01 00:00:00,0.2307907681664231,0.021907510070907,0.4396740262619392,12.217,57.1
7363,1920-03-02 00:00:00,0.1001514963120196,-0.1062160025607625,0.3065189951848017,12.217,57.1
7364,1920-03-03 00:00:00,0.197880304938541,-0.007814345225922,0.403574955103004,12.217,57.1
7365,1920-03-04 00:00:00,0.6463791645408742,0.4375737434317475,0.8551845856500009,12.217,57.1
7366,1920-03-05 00:00:00,0.2505165683145669,0.0410034540873497,0.460029682541784,12.217,57.1
7367,1920-03-06 00:00:00,0.2396999966790599,0.0339680091384342,0.4454319842196856,12.217,57.1
7368,1920-03-07 00:00:00,0.2566277332177757,0.0508095219064115,0.46244594452914,12.217,57.1
7369,1920-03-08 00:00:00,0.3705820884724798,0.1627040307832295,0.5784601461617301,12.217,57.1
7370,1920-03-09 00:00:00,0.0801839781386784,-0.1270497408441869,0.2874176971215439,12.217,57.1
7371,1920-03-10 00:00:00,-0.0455516161933667,-0.2513642520460598,0.1602610196593264,12.217,57.1
7372,1920-03-11 00:00:00,0.0221321020327657,-0.1834571726434684,0.2277213767089998,12.217,57.1
7373,1920-03-12 00:00:00,0.0388296562446944,-0.1667304388445162,0.2443897513339052,12.217,57.1
7374,1920-03-13 00:00:00,0.1320337122200455,-0.0736043244693407,0.3376717489094318,12.217,57.1
7375,1920-03-14 00:00:00,0.1147941220377787,-0.090964461893116,0.3205527059686736,12.217,57.1
7376,1920-03-15 00:00:00,0.1311048445584186,-0.074771590817616,0.3369812799344531,12.217,57.1
7377,1920-03-16 00:00:00,0.2179234494453754,0.0092973392213904,0.4265495596693604,12.217,57.1
7378,1920-03-17 00:00:00,0.1302271436249838,-0.0774036609039917,0.3378579481539594,12.217,57.1
7379,1920-03-18 00:00:00,0.2036043172585866,-0.0024697452884608,0.4096783798056341,12.217,57.1
7380,1920-03-19 00:00:00,0.4755421790467152,0.268534457098677,0.6825499009947533,12.217,57.1
7381,1920-03-20 00:00:00,0.1905174805059902,-0.016084748116157,0.3971197091281374,12.217,57.1
7382,1920-03-21 00:00:00,0.145631007216365,-0.0603126430273809,0.3515746574601109,12.217,57.1
7383,1920-03-22 00:00:00,0.0619134480359394,-0.1436959742523439,0.2675228703242229,12.217,57.1
7384,1920-03-23 00:00:00,0.0188685582806998,-0.1866738974070506,0.2244110139684503,12.217,57.1
7385,1920-03-24 00:00:00,0.0248319867241912,-0.1807461584713391,0.2304101319197216,12.217,57.1
7386,1920-03-25 00:00:00,0.054940480136477,-0.1506327048876753,0.2605136651606293,12.217,57.1
7387,1920-03-26 00:00:00,0.1151974383066841,-0.0907280092245259,0.3211228858378943,12.217,57.1
7388,1920-03-27 00:00:00,0.123257904669075,-0.0825574196352047,0.3290732289733549,12.217,57.1
7389,1920-03-28 00:00:00,0.1448325795657278,-0.0610796006277456,0.3507447597592014,12.217,57.1
7390,1920-03-29 00:00:00,0.1347222679468151,-0.0712697304621934,0.3407142663558237,12.217,57.1
7391,1920-03-30 00:00:00,0.0681625400121499,-0.1377892304109057,0.2741143104352057,12.217,57.1
7392,1920-03-31 00:00:00,-0.0510859927675529,-0.2570746001212073,0.1549026145861013,12.217,57.1
7393,1920-04-01 00:00:00,-0.0435628768114782,-0.2496394669606896,0.1625137133377331,12.217,57.1
7394,1920-04-02 00:00:00,0.1190957384878566,-0.088878245199266,0.3270697221749793,12.217,57.1
7395,1920-04-03 00:00:00,-0.055101556310333,-0.2615542036347771,0.1513510910141111,12.217,57.1
7396,1920-04-04 00:00:00,0.0273814909581948,-0.1781418986396564,0.2329048805560461,12.217,57.1
7397,1920-04-05 00:00:00,0.0753920953273579,-0.1300947228394456,0.2808789134941615,12.217,57.1
7398,1920-04-06 00:00:00,0.0118755303154489,-0.1936125400674375,0.2173636006983355,12.217,57.1
7399,1920-04-07 00:00:00,0.0262834603158868,-0.1793590347489685,0.2319259553807423,12.217,57.1
7400,1920-04-08 00:00:00,0.1607270349712486,-0.0450675723498095,0.3665216422923069,12.217,57.1
7401,1920-04-09 00:00:00,0.1526352892664864,-0.0534029980364716,0.3586735765694445,12.217,57.1
7402,1920-04-10 00:00:00,0.1175505865471104,-0.0882139105732629,0.3233150836674838,12.217,57.1
7403,1920-04-11 00:00:00,0.0867087237388346,-0.1188989909440773,0.2923164384217466,12.217,57.1
7404,1920-04-12 00:00:00,0.0596483199517087,-0.1460235314015329,0.2653201713049504,12.217,57.1
7405,1920-04-13 00:00:00,0.1119200632019381,-0.0940825142908096,0.3179226406946859,12.217,57.1
7406,1920-04-14 00:00:00,0.0895659609189492,-0.1161877137453367,0.2953196355832351,12.217,57.1
7407,1920-04-15 00:00:00,0.1084658478636068,-0.0975391797465284,0.3144708754737421,12.217,57.1
7408,1920-04-16 00:00:00,0.22435586199537,0.0183760625114042,0.4303356614793358,12.217,57.1
7409,1920-04-17 00:00:00,0.2154077038155815,0.0096894152475073,0.4211259923836558,12.217,57.1
7410,1920-04-18 00:00:00,0.1160768903550328,-0.0900478121046555,0.3222015928147211,12.217,57.1
7411,1920-04-19 00:00:00,0.0003591854717243,-0.2053309669866125,0.2060493379300611,12.217,57.1
7412,1920-04-20 00:00:00,0.0245588505848156,-0.1809268572933757,0.2300445584630071,12.217,57.1
7413,1920-04-21 00:00:00,0.0951754398827074,-0.1118604348153732,0.3022113145807881,12.217,57.1
7414,1920-04-22 00:00:00,0.0165184554561972,-0.1901772790067697,0.2232141899191642,12.217,57.1
7415,1920-04-23 00:00:00,-0.0657458595217542,-0.2718258371804257,0.1403341181369171,12.217,57.1
7416,1920-04-24 00:00:00,0.0260175104144495,-0.1795011951673209,0.23153621599622,12.217,57.1
7417,1920-04-25 00:00:00,0.0927382247515726,-0.1130248690229761,0.2985013185261215,12.217,57.1
7418,1920-04-26 00:00:00,0.309812407757697,0.1040388021834646,0.5155860133319292,12.217,57.1
7419,1920-04-27 00:00:00,0.2696758964212657,0.0637407076424828,0.4756110852000486,12.217,57.1
7420,1920-04-28 00:00:00,0.2704948585539686,0.0632655600912973,0.4777241570166398,12.217,57.1
7421,1920-04-29 00:00:00,0.2962429105498539,0.0900476234292023,0.5024381976705057,12.217,57.1
7422,1920-04-30 00:00:00,0.3302233016734699,0.1239063781932686,0.5365402251536712,12.217,57.1
7423,1920-05-01 00:00:00,0.3398433052886366,0.1329318307685952,0.546754779808678,12.217,57.1
7424,1920-05-02 00:00:00,0.0986453119944513,-0.1079483322678152,0.305238956256718,12.217,57.1
7425,1920-05-03 00:00:00,0.2109189248754417,0.0045481777799871,0.4172896719708963,12.217,57.1
7426,1920-05-04 00:00:00,0.1021775910076882,-0.1041928048281342,0.3085479868435107,12.217,57.1
7427,1920-05-05 00:00:00,0.1332169036931939,-0.0733564966191638,0.3397903040055516,12.217,57.1
7428,1920-05-06 00:00:00,0.0709382017978992,-0.1349626842000084,0.2768390877958068,12.217,57.1
7429,1920-05-07 00:00:00,0.1714981430668021,-0.0344876168663573,0.3774839029999616,12.217,57.1
7430,1920-05-08 00:00:00,0.2420720072573988,0.0364571538658297,0.4476868606489679,12.217,57.1
7431,1920-05-09 00:00:00,0.1503237978317972,-0.055392458355157,0.3560400540187515,12.217,57.1
7432,1920-05-10 00:00:00,0.0720893408759716,-0.1336643254749907,0.2778430072269341,12.217,57.1
7433,1920-05-11 00:00:00,0.085324566336656,-0.1205910273931385,0.2912401600664506,12.217,57.1
7434,1920-05-12 00:00:00,0.0249619282437341,-0.1806571377853444,0.2305809942728126,12.217,57.1
7435,1920-05-13 00:00:00,0.1276578086537204,-0.0783092360499025,0.3336248533573435,12.217,57.1
7436,1920-05-14 00:00:00,0.1354630698583955,-0.0726833866399457,0.3436095263567368,12.217,57.1
7437,1920-05-15 00:00:00,0.0786655018561646,-0.1269759548299439,0.2843069585422731,12.217,57.1
7438,1920-05-16 00:00:00,-0.0124127471825462,-0.2179596866089186,0.193134192243826,12.217,57.1
7439,1920-05-17 00:00:00,0.0229757252694344,-0.1825421953457202,0.2284936458845891,12.217,57.1
7440,1920-05-18 00:00:00,0.0945564929647562,-0.1112536018372893,0.3003665877668018,12.217,57.1
7441,1920-05-19 00:00:00,0.0985463160995859,-0.1077409165239707,0.3048335487231426,12.217,57.1
7442,1920-05-20 00:00:00,0.1054464720801411,-0.1014585949795515,0.3123515391398338,12.217,57.1
7443,1920-05-21 00:00:00,0.0073816165626718,-0.1993528723414393,0.214116105466783,12.217,57.1
7444,1920-05-22 00:00:00,-0.0365205653153941,-0.2423083031895808,0.1692671725587925,12.217,57.1
7445,1920-05-23 00:00:00,0.0206011734600371,-0.1854333346614787,0.2266356815815529,12.217,57.1
7446,1920-05-24 00:00:00,-0.0468476448469555,-0.2529334029126766,0.1592381132187655,12.217,57.1
7447,1920-05-25 00:00:00,-0.014397903862112,-0.2200109064916796,0.1912150987674554,12.217,57.1
7448,1920-05-26 00:00:00,0.0065963036217716,-0.1989164095617948,0.2121090168053382,12.217,57.1
7449,1920-05-27 00:00:00,-0.0202806157908002,-0.2257957919056703,0.1852345603240699,12.217,57.1
7450,1920-05-28 00:00:00,-0.0127648701880481,-0.2183591365028968,0.1928293961268005,12.217,57.1
7451,1920-05-29 00:00:00,0.012334880651642,-0.1932135643583588,0.2178833256616429,12.217,57.1
7452,1920-05-30 00:00:00,0.0150253236264122,-0.1904461388274759,0.2204967860803004,12.217,57.1
7453,1920-05-31 00:00:00,0.0741859583683932,-0.1312465319255524,0.279618448662339,12.217,57.1
7454,1920-06-01 00:00:00,0.1002656653873964,-0.1056546023327445,0.3061859331075375,12.217,57.1
7455,1920-06-02 00:00:00,0.1725579690575753,-0.0341681270188151,0.3792840651339658,12.217,57.1
7456,1920-06-03 00:00:00,0.1509513278141291,-0.0557108701590745,0.3576135257873327,12.217,57.1
7457,1920-06-04 00:00:00,0.2416442955241431,0.0335000992032572,0.4497884918450289,12.217,57.1
7458,1920-06-05 00:00:00,0.2203732918835802,0.0115443007142798,0.4292022830528805,12.217,57.1
7459,1920-06-06 00:00:00,0.0788696122438876,-0.127655126197403,0.2853943506851781,12.217,57.1
7460,1920-06-07 00:00:00,0.0612639974602699,-0.1443442138523598,0.2668722087728998,12.217,57.1
7461,1920-06-08 00:00:00,0.0063420283485905,-0.1994362464526322,0.2121203031498134,12.217,57.1
7462,1920-06-09 00:00:00,0.0199431001012449,-0.1855847589241729,0.2254709591266628,12.217,57.1
7463,1920-06-10 00:00:00,0.0414120447288463,-0.1640070745575546,0.2468311640152473,12.217,57.1
7464,1920-06-11 00:00:00,0.0572017703218738,-0.1482224528359751,0.2626259934797229,12.217,57.1
7465,1920-06-12 00:00:00,0.0390995695020938,-0.1663756603861292,0.2445747993903169,12.217,57.1
7466,1920-06-13 00:00:00,0.0202604327650631,-0.1853867325297772,0.2259075980599034,12.217,57.1
7467,1920-06-14 00:00:00,-0.0031367205484787,-0.2086832441777515,0.202409803080794,12.217,57.1
7468,1920-06-15 00:00:00,0.0191598154452804,-0.1863620235096243,0.2246816544001852,12.217,57.1
7469,1920-06-16 00:00:00,0.0176376867570549,-0.187882227368595,0.2231576008827048,12.217,57.1
7470,1920-06-17 00:00:00,0.0366615836784133,-0.1688568108830242,0.2421799782398508,12.217,57.1
7471,1920-06-18 00:00:00,0.0529846506511993,-0.1524955811860892,0.258464882488488,12.217,57.1
7472,1920-06-19 00:00:00,0.0366247787585665,-0.1689442765620168,0.2421938340791498,12.217,57.1
7473,1920-06-20 00:00:00,0.0133049898985692,-0.1923569285464158,0.2189669083435544,12.217,57.1
7474,1920-06-21 00:00:00,0.0635410917868052,-0.1421502662991028,0.2692324498727134,12.217,57.1
7475,1920-06-22 00:00:00,0.0279281504756149,-0.1777206784259285,0.2335769793771584,12.217,57.1
7476,1920-06-23 00:00:00,-0.0018764532094558,-0.2075312940436504,0.2037783876247386,12.217,57.1
7477,1920-06-24 00:00:00,0.1455339227549217,-0.0600247335696764,0.3510925790795198,12.217,57.1
7478,1920-06-25 00:00:00,0.250429834468668,0.0445961426597441,0.456263526277592,12.217,57.1
7479,1920-06-26 00:00:00,0.1900003929295706,-0.0159384219571168,0.3959392078162581,12.217,57.1
7480,1920-06-27 00:00:00,0.2209357354106295,0.0152135558490044,0.4266579149722547,12.217,57.1
7481,1920-06-28 00:00:00,0.1958884305600183,-0.0100985032323464,0.4018753643523832,12.217,57.1
7482,1920-06-29 00:00:00,0.1155420106371408,-0.090150053543532,0.3212340748178137,12.217,57.1
7483,1920-06-30 00:00:00,0.0763463560583094,-0.1291794908698846,0.2818722029865035,12.217,57.1
7484,1920-07-01 00:00:00,0.0932458173562168,-0.1123308483209015,0.2988224830333352,12.217,57.1
7485,1920-07-02 00:00:00,0.0909849030470282,-0.1146040398475611,0.2965738459416177,12.217,57.1
7486,1920-07-03 00:00:00,0.0802198392998815,-0.1252960637880465,0.2857357423878096,12.217,57.1
7487,1920-07-04 00:00:00,0.0539648754975492,-0.1515682567692693,0.2594980077643677,12.217,57.1
7488,1920-07-05 00:00:00,0.0159246531176511,-0.189574693026583,0.2214239992618852,12.217,57.1
7489,1920-07-06 00:00:00,0.0682712249037804,-0.1372494033290233,0.2737918531365841,12.217,57.1
7490,1920-07-07 00:00:00,0.0730318645030221,-0.132926826154985,0.2789905551610293,12.217,57.1
7491,1920-07-08 00:00:00,0.0735178316752329,-0.1321375022161554,0.2791731655666214,12.217,57.1
7492,1920-07-09 00:00:00,0.0336241897004946,-0.1720461848936279,0.2392945642946173,12.217,57.1
7493,1920-07-10 00:00:00,0.0582641813725801,-0.1472520590023563,0.2637804217475167,12.217,57.1
7494,1920-07-11 00:00:00,0.0343793130550744,-0.1711283102431859,0.2398869363533347,12.217,57.1
7495,1920-07-12 00:00:00,0.0711303993756785,-0.1344144115290331,0.2766752102803902,12.217,57.1
7496,1920-07-13 00:00:00,0.0710601197471162,-0.1345451207772394,0.2766653602714718,12.217,57.1
7497,1920-07-14 00:00:00,0.101501571236344,-0.1041094647853478,0.3071126072580358,12.217,57.1
7498,1920-07-15 00:00:00,0.2560402934824262,0.0503747169854206,0.4617058699794317,12.217,57.1
7499,1920-07-16 00:00:00,0.1418584983191844,-0.0639389677532486,0.3476559643916174,12.217,57.1
7500,1920-07-17 00:00:00,0.0652328796571564,-0.1403473821622509,0.2708131414765637,12.217,57.1
7501,1920-07-18 00:00:00,0.077895560969975,-0.1277702731326621,0.2835613950726122,12.217,57.1
7502,1920-07-19 00:00:00,0.1530333342201691,-0.0528354457313819,0.3589021141717202,12.217,57.1
7503,1920-07-20 00:00:00,0.1843916066456577,-0.0214446509493832,0.3902278642406986,12.217,57.1
7504,1920-07-21 00:00:00,0.2241816551252672,0.0180577087049499,0.4303056015455844,12.217,57.1
7505,1920-07-22 00:00:00,0.1346648160264438,-0.0717804074605611,0.3411100395134488,12.217,57.1
7506,1920-07-23 00:00:00,0.1326482060786337,-0.0734399187840738,0.3387363309413412,12.217,57.1
7507,1920-07-24 00:00:00,0.2541573933850722,0.048305010499059,0.4600097762710854,12.217,57.1
7508,1920-07-25 00:00:00,0.1806355808527533,-0.0254749460348,0.3867461077403067,12.217,57.1
7509,1920-07-26 00:00:00,0.3571697567868414,0.1502143140031774,0.5641251995705053,12.217,57.1
7510,1920-07-27 00:00:00,0.1558964634062065,-0.0502290122324157,0.3620219390448287,12.217,57.1
7511,1920-07-28 00:00:00,0.2191723268959269,0.0121045306082693,0.4262401231835845,12.217,57.1
7512,1920-07-29 00:00:00,0.1527131694530029,-0.0535934946953265,0.3590198336013324,12.217,57.1
7513,1920-07-30 00:00:00,0.0916962768602555,-0.1139151267279761,0.2973076804484871,12.217,57.1
7514,1920-07-31 00:00:00,0.1564256991328543,-0.0490598295753725,0.3619112278410811,12.217,57.1
7515,1920-08-01 00:00:00,0.1021064209627653,-0.1033421671694576,0.3075550090949884,12.217,57.1
7516,1920-08-02 00:00:00,0.1168436335870217,-0.0885747784851305,0.3222620456591739,12.217,57.1
7517,1920-08-03 00:00:00,0.1378506421441083,-0.0677094822313414,0.343410766519558,12.217,57.1
7518,1920-08-04 00:00:00,0.09790214861603,-0.1076788431593348,0.3034831403913949,12.217,57.1
7519,1920-08-05 00:00:00,0.1361775259737521,-0.0697608491773801,0.3421159011248844,12.217,57.1
7520,1920-08-06 00:00:00,0.1759261634957954,-0.0300483616972268,0.3819006886888177,12.217,57.1
7521,1920-08-07 00:00:00,0.1883581393630827,-0.0177221869580123,0.3944384656841778,12.217,57.1
7522,1920-08-08 00:00:00,0.3911214272409107,0.1846296146932396,0.5976132397885818,12.217,57.1
7523,1920-08-09 00:00:00,0.059462691251116,-0.1464493883354802,0.2653747708377124,12.217,57.1
7524,1920-08-10 00:00:00,0.0586137230420014,-0.146937097425983,0.2641645435099858,12.217,57.1
7525,1920-08-11 00:00:00,-0.0063878051224295,-0.2119323200372297,0.1991567097923707,12.217,57.1
7526,1920-08-12 00:00:00,-0.0171972589597026,-0.2227649833391942,0.188370465419789,12.217,57.1
7527,1920-08-13 00:00:00,0.0130495781923051,-0.1925432679249932,0.2186424243096034,12.217,57.1
7528,1920-08-14 00:00:00,0.0620435992702494,-0.1434811055167531,0.267568304057252,12.217,57.1
7529,1920-08-15 00:00:00,0.1140703782686961,-0.0914995133343046,0.3196402698716969,12.217,57.1
7530,1920-08-16 00:00:00,0.0978904452030369,-0.1077542821884206,0.3035351725944946,12.217,57.1
7531,1920-08-17 00:00:00,0.1458695024660801,-0.0597928859412476,0.3515318908734079,12.217,57.1
7532,1920-08-18 00:00:00,0.1516338154435523,-0.0539967475038934,0.3572643783909981,12.217,57.1
7533,1920-08-19 00:00:00,0.1293153922715437,-0.076324744459758,0.3349555290028455,12.217,57.1
7534,1920-08-20 00:00:00,0.0730843700288715,-0.1324522183120957,0.2786209583698389,12.217,57.1
7535,1920-08-21 00:00:00,0.1734460633750745,-0.0331920762360943,0.3800842029862434,12.217,57.1
7536,1920-08-22 00:00:00,0.0122919251218669,-0.1945236586961452,0.2191075089398792,12.217,57.1
7537,1920-08-23 00:00:00,0.0294519266504934,-0.1763044936179046,0.2352083469188916,12.217,57.1
7538,1920-08-24 00:00:00,-0.0149418363688083,-0.2206183387133002,0.1907346659756834,12.217,57.1
7539,1920-08-25 00:00:00,-0.0047093350127166,-0.2108568183518236,0.2014381483263903,12.217,57.1
7540,1920-08-26 00:00:00,-0.0352046724595317,-0.2411912905034314,0.1707819455843681,12.217,57.1
7541,1920-08-27 00:00:00,-0.0354697033459122,-0.2413801447941584,0.170440738102334,12.217,57.1
7542,1920-08-28 00:00:00,-0.0467721444711087,-0.2530813215795947,0.1595370326373771,12.217,57.1
7543,1920-08-29 00:00:00,-0.0454134262481838,-0.2515834275543721,0.1607565750580045,12.217,57.1
7544,1920-08-30 00:00:00,-0.0727303654354905,-0.2787391160272561,0.133278385156275,12.217,57.1
7545,1920-08-31 00:00:00,-0.0453399470128031,-0.2513887614974813,0.1607088674718751,12.217,57.1
7546,1920-09-01 00:00:00,-0.0793347913430462,-0.2852030953050189,0.1265335126189264,12.217,57.1
7547,1920-09-02 00:00:00,-0.0394305324796031,-0.2449453293959108,0.1660842644367046,12.217,57.1
7548,1920-09-03 00:00:00,0.0073383838034707,-0.1980997497013082,0.2127765173082498,12.217,57.1
7549,1920-09-04 00:00:00,0.0341060271104229,-0.1713417566976321,0.2395538109184781,12.217,57.1
7550,1920-09-05 00:00:00,0.157171515510292,-0.0483415387774939,0.362684569798078,12.217,57.1
7551,1920-09-06 00:00:00,0.4186843952574505,0.2121380623747905,0.6252307281401105,12.217,57.1
7552,1920-09-07 00:00:00,0.1844173232222815,-0.0221286134272642,0.3909632598718273,12.217,57.1
7553,1920-09-08 00:00:00,0.0774352402804479,-0.1283031145848031,0.283173595145699,12.217,57.1
7554,1920-09-09 00:00:00,0.0795735262435292,-0.1260101407453918,0.2851571932324503,12.217,57.1
7555,1920-09-10 00:00:00,0.0390929605108114,-0.1664072169042136,0.2445931379258365,12.217,57.1
7556,1920-09-11 00:00:00,0.1275236557303207,-0.0783492150523218,0.3333965265129632,12.217,57.1
7557,1920-09-12 00:00:00,0.1842033821283653,-0.0221381733235963,0.390544937580327,12.217,57.1
7558,1920-09-13 00:00:00,0.0279548333637454,-0.1779096830624971,0.233819349789988,12.217,57.1
7559,1920-09-14 00:00:00,0.0321397848457807,-0.1732713506651183,0.2375509203566799,12.217,57.1
7560,1920-09-15 00:00:00,0.0499202774414099,-0.1555024422435614,0.2553429971263814,12.217,57.1
7561,1920-09-16 00:00:00,0.0980534454412268,-0.1074005013699952,0.3035073922524489,12.217,57.1
7562,1920-09-17 00:00:00,0.1169695969149102,-0.0888013176282663,0.3227405114580869,12.217,57.1
7563,1920-09-18 00:00:00,0.2128395293853442,0.0067227683114311,0.4189562904592573,12.217,57.1
7564,1920-09-19 00:00:00,0.2042016313661079,-0.0018325267480038,0.4102357894802197,12.217,57.1
7565,1920-09-20 00:00:00,0.321278313246347,0.1147517352058306,0.5278048912868634,12.217,57.1
7566,1920-09-21 00:00:00,0.0989688429815744,-0.1070047247843722,0.3049424107475211,12.217,57.1
7567,1920-09-22 00:00:00,-0.0565780084400165,-0.2621462906520792,0.1489902737720461,12.217,57.1
7568,1920-09-23 00:00:00,-0.0746456315849656,-0.2801807275231352,0.1308894643532039,12.217,57.1
7569,1920-09-24 00:00:00,-0.0571585778167925,-0.2627714247996665,0.1484542691660814,12.217,57.1
7570,1920-09-25 00:00:00,-0.0560983181541673,-0.2617057740786154,0.1495091377702807,12.217,57.1
7571,1920-09-26 00:00:00,0.0250170723207554,-0.1807030844088287,0.2307372290503397,12.217,57.1
7572,1920-09-27 00:00:00,-0.0191423979246234,-0.2246708091991369,0.1863860133498899,12.217,57.1
7573,1920-09-28 00:00:00,-0.011069449120985,-0.2165124134555899,0.1943735152136199,12.217,57.1
7574,1920-09-29 00:00:00,-0.0609134186971258,-0.2664558017227243,0.1446289643284726,12.217,57.1
7575,1920-09-30 00:00:00,-0.0632374007942865,-0.2687492845849134,0.1422744829963402,12.217,57.1
7576,1920-10-01 00:00:00,-0.0264523078860552,-0.2319468174972456,0.1790422017251351,12.217,57.1
7577,1920-10-02 00:00:00,0.019452246822121,-0.1863524602589335,0.2252569539031755,12.217,57.1
7578,1920-10-03 00:00:00,-0.0543080652755176,-0.2609411856110488,0.1523250550600134,12.217,57.1
7579,1920-10-04 00:00:00,-0.0847187376372203,-0.2913282512759324,0.1218907760014917,12.217,57.1
7580,1920-10-05 00:00:00,-0.0782562042128189,-0.2842820873943766,0.1277696789687387,12.217,57.1
7581,1920-10-06 00:00:00,0.0072815588172096,-0.1983288883529789,0.2128920059873982,12.217,57.1
7582,1920-10-07 00:00:00,0.0746520822904465,-0.1309592428294837,0.2802634074103769,12.217,57.1
7583,1920-10-08 00:00:00,0.0642780002629357,-0.1413518246667884,0.26990782519266,12.217,57.1
7584,1920-10-09 00:00:00,-0.0237512708021557,-0.2293057174792237,0.1818031758749122,12.217,57.1
7585,1920-10-10 00:00:00,-0.0566798680660936,-0.2621594138472644,0.1487996777150771,12.217,57.1
7586,1920-10-11 00:00:00,-0.0446230185154845,-0.2500608036943252,0.1608147666633561,12.217,57.1
7587,1920-10-12 00:00:00,-0.0378369614256729,-0.2432531319821461,0.1675792091308001,12.217,57.1
7588,1920-10-13 00:00:00,0.0170940042711046,-0.1884319970172703,0.2226200055594797,12.217,57.1
7589,1920-10-14 00:00:00,0.0170869493830037,-0.1883782506310574,0.2225521493970648,12.217,57.1
7590,1920-10-15 00:00:00,0.0372283411993345,-0.1681828760428974,0.2426395584415664,12.217,57.1
7591,1920-10-16 00:00:00,0.0648458943991358,-0.1406611634590681,0.2703529522573398,12.217,57.1
7592,1920-10-17 00:00:00,-0.0202216059254782,-0.2259493520463248,0.1855061401953684,12.217,57.1
7593,1920-10-18 00:00:00,-0.0999100846668303,-0.3055931059112751,0.1057729365776145,12.217,57.1
7594,1920-10-19 00:00:00,-0.0746649279385293,-0.2801612545478253,0.1308313986707666,12.217,57.1
7595,1920-10-20 00:00:00,-0.011280574699692,-0.2167456320889899,0.1941844826896058,12.217,57.1
7596,1920-10-21 00:00:00,0.0170873641382494,-0.1884066745411329,0.2225814028176317,12.217,57.1
7597,1920-10-22 00:00:00,-0.0202133485420283,-0.2257033113342295,0.1852766142501728,12.217,57.1
7598,1920-10-23 00:00:00,-0.0122239366400456,-0.2177014354724737,0.1932535621923824,12.217,57.1
7599,1920-10-24 00:00:00,-0.0466497954546398,-0.252140869039717,0.1588412781304372,12.217,57.1
7600,1920-10-25 00:00:00,-0.095171067498109,-0.3006123202334151,0.1102701852371971,12.217,57.1
7601,1920-10-26 00:00:00,-0.0816943867729074,-0.2871990882403075,0.1238103146944925,12.217,57.1
7602,1920-10-27 00:00:00,-0.0895971214478638,-0.2951233206708565,0.1159290777751288,12.217,57.1
7603,1920-10-28 00:00:00,-0.063576385529501,-0.2690945207849978,0.1419417497259958,12.217,57.1
7604,1920-10-29 00:00:00,-0.0235535667493076,-0.2290288736416213,0.1819217401430059,12.217,57.1
7605,1920-10-30 00:00:00,0.0105919491148177,-0.1949920290933382,0.2161759273229737,12.217,57.1
7606,1920-10-31 00:00:00,0.0496780007780353,-0.1560309130253955,0.2553869145814663,12.217,57.1
7607,1920-11-01 00:00:00,0.0418040915564892,-0.164605537572654,0.2482137206856325,12.217,57.1
7608,1920-11-02 00:00:00,-0.0714545133893302,-0.2776059850330025,0.134696958254342,12.217,57.1
7609,1920-11-03 00:00:00,-0.0626796857945858,-0.2687050849934726,0.143345713404301,12.217,57.1
7610,1920-11-04 00:00:00,-0.0369533654834193,-0.2429136273080396,0.1690068963412009,12.217,57.1
7611,1920-11-05 00:00:00,-0.0199053172203349,-0.225774136791945,0.1859635023512751,12.217,57.1
7612,1920-11-06 00:00:00,0.052632876492406,-0.1534315458694587,0.2586972988542708,12.217,57.1
7613,1920-11-07 00:00:00,0.0273816468937364,-0.1782295816047757,0.2329928753922487,12.217,57.1
7614,1920-11-08 00:00:00,0.1321969721026121,-0.0734319509815761,0.3378258951868005,12.217,57.1
7615,1920-11-09 00:00:00,0.0635284902640483,-0.1422184266988743,0.269275407226971,12.217,57.1
7616,1920-11-10 00:00:00,0.2007540885694811,-0.0050000591696803,0.4065082363086426,12.217,57.1
7617,1920-11-11 00:00:00,0.3532149808273652,0.1469545683283582,0.5594753933263722,12.217,57.1
7618,1920-11-12 00:00:00,0.1657018916502297,-0.0406252490524858,0.3720290323529453,12.217,57.1
7619,1920-11-13 00:00:00,0.1952212643446397,-0.0112562806624087,0.4016988093516882,12.217,57.1
7620,1920-11-14 00:00:00,0.3140550086124168,0.1067975177158352,0.5213124995089984,12.217,57.1
7621,1920-11-15 00:00:00,0.3727244016274181,0.1632157449451554,0.5822330583096809,12.217,57.1
7622,1920-11-16 00:00:00,0.6438046532217933,0.4314456789156908,0.8561636275278957,12.217,57.1
7623,1920-11-17 00:00:00,0.5708467972402415,0.3616867796071759,0.780006814873307,12.217,57.1
7624,1920-11-18 00:00:00,0.077378152684816,-0.1300259913823244,0.2847822967519565,12.217,57.1
7625,1920-11-19 00:00:00,-0.058154851545312,-0.264014065305489,0.1477043622148649,12.217,57.1
7626,1920-11-20 00:00:00,0.0233586024651308,-0.1830439040012026,0.2297611089314644,12.217,57.1
7627,1920-11-21 00:00:00,0.0444037501595741,-0.1619499386605163,0.2507574389796647,12.217,57.1
7628,1920-11-22 00:00:00,-0.0683794267010279,-0.2740411993482765,0.1372823459462207,12.217,57.1
7629,1920-11-23 00:00:00,-0.0669254917291485,-0.2724376664923887,0.1385866830340916,12.217,57.1
7630,1920-11-24 00:00:00,-0.0731997768371364,-0.2786657702775946,0.1322662166033217,12.217,57.1
7631,1920-11-25 00:00:00,-0.0587083621962585,-0.2642345119182706,0.1468177875257535,12.217,57.1
7632,1920-11-26 00:00:00,-0.0127053874610454,-0.2182701772284962,0.1928594023064054,12.217,57.1
7633,1920-11-27 00:00:00,-0.035333736502214,-0.2408097886307429,0.1701423156263149,12.217,57.1
7634,1920-11-28 00:00:00,-0.0122572999695416,-0.2177744988076755,0.1932598988685922,12.217,57.1
7635,1920-11-29 00:00:00,-0.0204333821324361,-0.2260233071693941,0.1851565429045218,12.217,57.1
7636,1920-11-30 00:00:00,-0.0256505019792319,-0.2311165725807039,0.1798155686222401,12.217,57.1
7637,1920-12-01 00:00:00,-0.0095282470000106,-0.2149936642758115,0.1959371702757902,12.217,57.1
7638,1920-12-02 00:00:00,-0.0113444756695209,-0.2168798863672164,0.1941909350281746,12.217,57.1
7639,1920-12-03 00:00:00,-0.0531099455475882,-0.2586752771553914,0.152455386060215,12.217,57.1
7640,1920-12-04 00:00:00,0.160237856421945,-0.0467222837629727,0.3671979966068627,12.217,57.1
7641,1920-12-05 00:00:00,-0.0396153663859342,-0.2474119119498395,0.1681811791779709,12.217,57.1
7642,1920-12-06 00:00:00,-0.1605859279338947,-0.3661747986637828,0.0450029427959934,12.217,57.1
7643,1920-12-07 00:00:00,-0.1319877077801075,-0.3374919662357787,0.0735165506755636,12.217,57.1
7644,1920-12-08 00:00:00,-0.0561174470605499,-0.2617508890340466,0.1495159949129467,12.217,57.1
7645,1920-12-09 00:00:00,0.0040577329162501,-0.2016047634069688,0.2097202292394691,12.217,57.1
7646,1920-12-10 00:00:00,-0.0460490239824923,-0.251720329483002,0.1596222815180173,12.217,57.1
7647,1920-12-11 00:00:00,-0.1083370806376885,-0.3140370391272625,0.0973628778518854,12.217,57.1
7648,1920-12-12 00:00:00,-0.1573382154656953,-0.3629616688419675,0.0482852379105768,12.217,57.1
7649,1920-12-13 00:00:00,-0.1362034297388209,-0.3418522019814309,0.069445342503789,12.217,57.1
7650,1920-12-14 00:00:00,-0.1168874223167937,-0.322570847276698,0.0887960026431106,12.217,57.1
7651,1920-12-15 00:00:00,-0.1829531417238038,-0.3886278527231313,0.0227215692755236,12.217,57.1
7652,1920-12-16 00:00:00,-0.1631054064928668,-0.3687558066118223,0.0425449936260885,12.217,57.1
7653,1920-12-17 00:00:00,-0.1301875165754515,-0.3358762424037267,0.0755012092528236,12.217,57.1
7654,1920-12-18 00:00:00,-0.0808248009441065,-0.2869471135342912,0.1252975116460781,12.217,57.1
7655,1920-12-19 00:00:00,0.0090333977432748,-0.1965231960784358,0.2145899915649854,12.217,57.1
7656,1920-12-20 00:00:00,0.0724151197233923,-0.1332442971017218,0.2780745365485066,12.217,57.1
7657,1920-12-21 00:00:00,0.1582567056177631,-0.0473183813113624,0.3638317925468888,12.217,57.1
7658,1920-12-22 00:00:00,0.1692221827498321,-0.0363682688864679,0.3748126343861322,12.217,57.1
7659,1920-12-23 00:00:00,0.2065721163350037,0.0007745780169557,0.4123696546530518,12.217,57.1
7660,1920-12-24 00:00:00,0.1890264325121664,-0.0167328690923135,0.3947857341166465,12.217,57.1
7661,1920-12-25 00:00:00,0.1022441535659402,-0.1036345030671357,0.3081228101990161,12.217,57.1
7662,1920-12-26 00:00:00,0.0896945158771868,-0.1164657910332211,0.2958548227875948,12.217,57.1
7663,1920-12-27 00:00:00,0.2124258387488403,0.0063538225135556,0.4184978549841249,12.217,57.1
7664,1920-12-28 00:00:00,0.0972562493467592,-0.1086849932394103,0.3031974919329286,12.217,57.1
7665,1920-12-29 00:00:00,0.1050227181785389,-0.1006159786307716,0.3106614149878495,12.217,57.1
7666,1920-12-30 00:00:00,0.0426331375135191,-0.1630983820759441,0.2483646571029824,12.217,57.1
7667,1920-12-31 00:00:00,0.0928583529534373,-0.1157050715825742,0.301421777489449,12.217,57.1
7668,1921-01-01 00:00:00,0.036753574091856,-0.1706652147715778,0.24417236295529,12.217,57.1
7669,1921-01-02 00:00:00,0.0596269162766731,-0.1467774062286165,0.2660312387819629,12.217,57.1
7670,1921-01-03 00:00:00,0.0932463950119511,-0.1123265206947975,0.2988193107186998,12.217,57.1
7671,1921-01-04 00:00:00,-0.0378745156936447,-0.2434851464959391,0.1677361151086497,12.217,57.1
7672,1921-01-05 00:00:00,0.1952857205196317,-0.0109585404619416,0.4015299815012051,12.217,57.1
7673,1921-01-06 00:00:00,0.1074558958252104,-0.0984662498620842,0.3133780415125051,12.217,57.1
7674,1921-01-07 00:00:00,0.2260028793255159,0.0201851371583211,0.4318206214927107,12.217,57.1
7675,1921-01-08 00:00:00,0.1311170277118564,-0.0752636453344287,0.3374977007581415,12.217,57.1
7676,1921-01-09 00:00:00,0.1876698338982944,-0.0183156485230494,0.3936553163196382,12.217,57.1
7677,1921-01-10 00:00:00,0.4085751507069508,0.2017947643280693,0.6153555370858323,12.217,57.1
7678,1921-01-11 00:00:00,0.3668023148452532,0.1592055862960438,0.5743990433944626,12.217,57.1
7679,1921-01-12 00:00:00,0.4331815802532112,0.2245038356040698,0.6418593249023525,12.217,57.1
7680,1921-01-13 00:00:00,0.2041978103868885,-0.0028908635408965,0.4112864843146737,12.217,57.1
7681,1921-01-14 00:00:00,0.0863149773446416,-0.119640599159008,0.2922705538482912,12.217,57.1
7682,1921-01-15 00:00:00,0.0443842937949006,-0.1616974584120646,0.2504660460018659,12.217,57.1
7683,1921-01-16 00:00:00,-0.07596533884052,-0.2817380425039412,0.129807364822901,12.217,57.1
7684,1921-01-17 00:00:00,0.205787683791068,-0.0008758416249438,0.4124512092070798,12.217,57.1
7685,1921-01-18 00:00:00,0.3065967513570805,0.0993908230961133,0.5138026796180477,12.217,57.1
7686,1921-01-19 00:00:00,0.5098403711269506,0.3029626041426213,0.7167181381112798,12.217,57.1
7687,1921-01-20 00:00:00,0.1654386292958342,-0.0425965465773751,0.3734738051690436,12.217,57.1
7688,1921-01-21 00:00:00,0.3958354903786811,0.1864779165071909,0.6051930642501714,12.217,57.1
7689,1921-01-22 00:00:00,0.5717482926242937,0.3631239712920457,0.7803726139565417,12.217,57.1
7690,1921-01-23 00:00:00,0.572094398987025,0.3631118092939966,0.7810769886800533,12.217,57.1
7691,1921-01-24 00:00:00,0.2403978812083378,0.0326433046792952,0.4481524577373804,12.217,57.1
7692,1921-01-25 00:00:00,0.0650710514880017,-0.1433784425066048,0.2735205454826084,12.217,57.1
7693,1921-01-26 00:00:00,0.0154756701458177,-0.1911043903811908,0.2220557306728263,12.217,57.1
7694,1921-01-27 00:00:00,0.2131911810551436,0.0067292910809131,0.4196530710293742,12.217,57.1
7695,1921-01-28 00:00:00,0.0794952383830189,-0.1281039933577732,0.2870944701238112,12.217,57.1
7696,1921-01-29 00:00:00,0.2283157956180191,0.0212047095799733,0.4354268816560649,12.217,57.1
7697,1921-01-30 00:00:00,0.3023567069951689,0.0952340808384708,0.509479333151867,12.217,57.1
7698,1921-01-31 00:00:00,0.4028613408101139,0.1966798787141759,0.609042802906052,12.217,57.1
7699,1921-02-01 00:00:00,0.2481529035442576,0.0421352591897225,0.4541705478987927,12.217,57.1
7700,1921-02-02 00:00:00,0.0621651118327443,-0.1435389886637972,0.2678692123292859,12.217,57.1
7701,1921-02-03 00:00:00,-0.0219997001863202,-0.227896343853097,0.1838969434804565,12.217,57.1
7702,1921-02-04 00:00:00,-0.0921243912831805,-0.2981819333512685,0.1139331507849074,12.217,57.1
7703,1921-02-05 00:00:00,-0.1032044169625364,-0.3090009205689729,0.1025920866438999,12.217,57.1
7704,1921-02-06 00:00:00,-0.0833375666464191,-0.2889609708576764,0.1222858375648382,12.217,57.1
7705,1921-02-07 00:00:00,-0.1404474093604441,-0.3460310631676541,0.0651362444467659,12.217,57.1
7706,1921-02-08 00:00:00,-0.108710603245704,-0.3144468967575825,0.0970256902661745,12.217,57.1
7707,1921-02-09 00:00:00,-0.079790641866077,-0.2854657982904429,0.1258845145582888,12.217,57.1
7708,1921-02-10 00:00:00,-0.0734624740484328,-0.2790800299129673,0.1321550818161016,12.217,57.1
7709,1921-02-11 00:00:00,-0.028806366264399,-0.2345314076473853,0.1769186751185873,12.217,57.1
7710,1921-02-12 00:00:00,0.073225764634115,-0.1327270261538183,0.2791785554220485,12.217,57.1
7711,1921-02-13 00:00:00,0.0789803162630326,-0.1272238177430411,0.2851844502691065,12.217,57.1
7712,1921-02-14 00:00:00,0.4722861588753461,0.2649226501350236,0.6796496676156687,12.217,57.1
7713,1921-02-15 00:00:00,0.2156461551426093,0.0086705755636147,0.4226217347216038,12.217,57.1
7714,1921-02-16 00:00:00,0.241756030117426,0.0343899197528476,0.4491221404820045,12.217,57.1
7715,1921-02-17 00:00:00,0.1877470783898196,-0.019523011799827,0.3950171685794663,12.217,57.1
7716,1921-02-18 00:00:00,0.127556977039696,-0.0783403746696479,0.33345432874904,12.217,57.1
7717,1921-02-19 00:00:00,0.0475177077505478,-0.1586868592509098,0.2537222747520056,12.217,57.1
7718,1921-02-20 00:00:00,-0.080423899675791,-0.2861875305790362,0.1253397312274541,12.217,57.1
7719,1921-02-21 00:00:00,-0.011651255890515,-0.2171803987389436,0.1938778869579136,12.217,57.1
7720,1921-02-22 00:00:00,-0.0540320909858065,-0.2594977722884249,0.1514335903168118,12.217,57.1
7721,1921-02-23 00:00:00,0.0015391717287783,-0.2039978893103402,0.207076232767897,12.217,57.1
7722,1921-02-24 00:00:00,-0.0086087036718231,-0.2142054105505695,0.1969880032069233,12.217,57.1
7723,1921-02-25 00:00:00,-0.016688357503995,-0.2222610220466539,0.1888843070386637,12.217,57.1
7724,1921-02-26 00:00:00,0.0214702115025824,-0.1840819367165267,0.2270223597216915,12.217,57.1
7725,1921-02-27 00:00:00,-0.0068107255529094,-0.2126013959776934,0.1989799448718746,12.217,57.1
7726,1921-02-28 00:00:00,0.3158666342114916,0.1092925577024598,0.5224407107205233,12.217,57.1
7727,1921-03-01 00:00:00,0.2757881258988628,0.069828313150022,0.4817479386477036,12.217,57.1
7728,1921-03-02 00:00:00,0.2625781398467566,0.0568449789813864,0.4683113007121267,12.217,57.1
7729,1921-03-03 00:00:00,0.3217415889937594,0.1158091929903959,0.5276739849971228,12.217,57.1
7730,1921-03-04 00:00:00,0.2135235243816468,0.0070304650368116,0.420016583726482,12.217,57.1
7731,1921-03-05 00:00:00,0.5839493168433291,0.3745174128024314,0.7933812208842267,12.217,57.1
7732,1921-03-06 00:00:00,0.1458486033098702,-0.0611753490695017,0.3528725556892422,12.217,57.1
7733,1921-03-07 00:00:00,0.0915756640147668,-0.114523377965971,0.2976747059955048,12.217,57.1
7734,1921-03-08 00:00:00,0.0092722117863944,-0.1986423136703786,0.2171867372431675,12.217,57.1
7735,1921-03-09 00:00:00,0.1785748547583521,-0.0274706243331268,0.3846203338498312,12.217,57.1
7736,1921-03-10 00:00:00,0.2276300042715158,0.0218819462027742,0.4333780623402574,12.217,57.1
7737,1921-03-11 00:00:00,0.1779097208102378,-0.0280177856425359,0.3838372272630116,12.217,57.1
7738,1921-03-12 00:00:00,0.1077395190945068,-0.0980918176556354,0.3135708558446491,12.217,57.1
7739,1921-03-13 00:00:00,0.098274844792179,-0.1080193876379035,0.3045690772222615,12.217,57.1
7740,1921-03-14 00:00:00,0.0901430194491848,-0.1154191369780889,0.2957051758764585,12.217,57.1
7741,1921-03-15 00:00:00,0.0666561780998641,-0.1389711408857311,0.2722834970854594,12.217,57.1
7742,1921-03-16 00:00:00,0.0378274902968751,-0.1679358405679806,0.2435908211617309,12.217,57.1
7743,1921-03-17 00:00:00,0.045678270624148,-0.1603101649980972,0.2516667062463933,12.217,57.1
7744,1921-03-18 00:00:00,0.0239738624444344,-0.1817626164285435,0.2297103413174124,12.217,57.1
7745,1921-03-19 00:00:00,0.1330525087124755,-0.0728433468773344,0.3389483643022855,12.217,57.1
7746,1921-03-20 00:00:00,0.1759828168572964,-0.0305858560504016,0.3825514897649945,12.217,57.1
7747,1921-03-21 00:00:00,0.1390617965904854,-0.0669857356450407,0.3451093288260116,12.217,57.1
7748,1921-03-22 00:00:00,0.2058319442971077,0.0001225128155185,0.4115413757786968,12.217,57.1
7749,1921-03-23 00:00:00,0.232265990606414,0.0259221486727311,0.438609832540097,12.217,57.1
7750,1921-03-24 00:00:00,0.1456760489211868,-0.060672595357556,0.3520246931999297,12.217,57.1
7751,1921-03-25 00:00:00,0.4111178415048714,0.2039379366352627,0.6182977463744801,12.217,57.1
7752,1921-03-26 00:00:00,0.033604783255048,-0.1733206283708151,0.2405301948809111,12.217,57.1
7753,1921-03-27 00:00:00,0.0821484052180849,-0.1233810306897709,0.2876778411259408,12.217,57.1
7754,1921-03-28 00:00:00,0.3491284215101941,0.1431527432162851,0.555104099804103,12.217,57.1
7755,1921-03-29 00:00:00,0.2462324842331216,0.0390448974569456,0.4534200710092975,12.217,57.1
7756,1921-03-30 00:00:00,0.2356320333608704,0.0282221027036413,0.4430419640180996,12.217,57.1
7757,1921-03-31 00:00:00,0.1757479130255458,-0.0303629854649207,0.3818588115160125,12.217,57.1
7758,1921-04-01 00:00:00,0.3493550892664418,0.1418678054593725,0.5568423730735111,12.217,57.1
7759,1921-04-02 00:00:00,0.0481571573469363,-0.1578252310989778,0.2541395457928506,12.217,57.1
7760,1921-04-03 00:00:00,0.113608516411037,-0.0920495259862149,0.3192665588082891,12.217,57.1
7761,1921-04-04 00:00:00,0.0951708737971556,-0.1105616737010802,0.3009034212953915,12.217,57.1
7762,1921-04-05 00:00:00,0.1065895747102628,-0.0998177627851661,0.3129969122056919,12.217,57.1
7763,1921-04-06 00:00:00,0.0329556722946509,-0.172766563875593,0.2386779084648949,12.217,57.1
7764,1921-04-07 00:00:00,-0.0303354889231937,-0.2366930207545052,0.1760220429081178,12.217,57.1
7765,1921-04-08 00:00:00,-0.1272683835792964,-0.3331128512618445,0.0785760841032515,12.217,57.1
7766,1921-04-09 00:00:00,-0.1742341944329673,-0.3800711269544815,0.0316027380885468,12.217,57.1
7767,1921-04-10 00:00:00,-0.1680265069289386,-0.3737235714831655,0.0376705576252881,12.217,57.1
7768,1921-04-11 00:00:00,-0.0440493848037398,-0.2497999555944986,0.1617011859870188,12.217,57.1
7769,1921-04-12 00:00:00,0.0062128744713276,-0.1995239126794251,0.2119496616220805,12.217,57.1
7770,1921-04-13 00:00:00,0.1360970161045329,-0.0695719316985383,0.3417659639076042,12.217,57.1
7771,1921-04-14 00:00:00,0.3136895369521759,0.1075808579265515,0.5197982159778003,12.217,57.1
7772,1921-04-15 00:00:00,0.2914513002917794,0.0853765307950444,0.4975260697885144,12.217,57.1
7773,1921-04-16 00:00:00,0.2641356611365413,0.0574535046467684,0.4708178176263141,12.217,57.1
7774,1921-04-17 00:00:00,0.1629203924250728,-0.0430735662730661,0.3689143511232118,12.217,57.1
7775,1921-04-18 00:00:00,0.0698553484741863,-0.1357697101629287,0.2754804071113013,12.217,57.1
7776,1921-04-19 00:00:00,0.0678829700207109,-0.1381139531490268,0.2738798931904487,12.217,57.1
7777,1921-04-20 00:00:00,0.0992301157767618,-0.1070567965689087,0.3055170281224323,12.217,57.1
7778,1921-04-21 00:00:00,0.0162360818689933,-0.189376028767311,0.2218481925052976,12.217,57.1
7779,1921-04-22 00:00:00,0.0224220127876196,-0.1830622256307478,0.227906251205987,12.217,57.1
7780,1921-04-23 00:00:00,0.0239691109579514,-0.1815022234029455,0.2294404453188484,12.217,57.1
7781,1921-04-24 00:00:00,-0.0088849154165645,-0.2145105848644004,0.1967407540312713,12.217,57.1
7782,1921-04-25 00:00:00,-0.0639831765691747,-0.2696304631729885,0.1416641100346391,12.217,57.1
7783,1921-04-26 00:00:00,-0.1155246170883287,-0.321429125484711,0.0903798913080534,12.217,57.1
7784,1921-04-27 00:00:00,-0.1185618331608052,-0.3242609750506801,0.0871373087290696,12.217,57.1
7785,1921-04-28 00:00:00,-0.1081407933864191,-0.3137038543731411,0.0974222676003026,12.217,57.1
7786,1921-04-29 00:00:00,-0.1293968561520877,-0.3350495788911677,0.0762558665869922,12.217,57.1
7787,1921-04-30 00:00:00,-0.0842207777562764,-0.2897936328685906,0.1213520773560377,12.217,57.1
7788,1921-05-01 00:00:00,-0.045660665181962,-0.2511323036590381,0.1598109732951139,12.217,57.1
7789,1921-05-02 00:00:00,0.0394750759984471,-0.1660079954132248,0.244958147410119,12.217,57.1
7790,1921-05-03 00:00:00,0.1363725444578779,-0.0695072003808249,0.3422522892965808,12.217,57.1
7791,1921-05-04 00:00:00,0.1241156904754654,-0.0817180522919356,0.3299494332428665,12.217,57.1
7792,1921-05-05 00:00:00,0.1441476240266652,-0.0613190911738005,0.3496143392271311,12.217,57.1
7793,1921-05-06 00:00:00,0.0990097349847155,-0.1064608044648813,0.3044802744343123,12.217,57.1
7794,1921-05-07 00:00:00,0.1215984834487489,-0.0839364989232851,0.3271334658207831,12.217,57.1
7795,1921-05-08 00:00:00,0.1653374891388103,-0.0407794066892618,0.3714543849668825,12.217,57.1
7796,1921-05-09 00:00:00,0.1589374505413228,-0.0471338009052808,0.3650087019879264,12.217,57.1
7797,1921-05-10 00:00:00,0.0624037426326214,-0.1432494300944031,0.2680569153596461,12.217,57.1
7798,1921-05-11 00:00:00,0.0207230289942796,-0.1847218386870814,0.2261678966756407,12.217,57.1
7799,1921-05-12 00:00:00,-0.009029855374756,-0.2144493169659138,0.1963896062164016,12.217,57.1
7800,1921-05-13 00:00:00,-0.0141342156311837,-0.2195204898182219,0.1912520585558544,12.217,57.1
7801,1921-05-14 00:00:00,0.0044618920903494,-0.2010322147283806,0.2099559989090794,12.217,57.1
7802,1921-05-15 00:00:00,0.0530763380958963,-0.1524872032908197,0.2586398794826123,12.217,57.1
7803,1921-05-16 00:00:00,0.0325351524821664,-0.1730956296114614,0.2381659345757942,12.217,57.1
7804,1921-05-17 00:00:00,-0.0049096992336442,-0.2104954234842906,0.2006760250170021,12.217,57.1
7805,1921-05-18 00:00:00,0.0321784449988335,-0.1734547397751033,0.2378116297727705,12.217,57.1
7806,1921-05-19 00:00:00,0.0208948602910754,-0.1848122766753377,0.2266019972574885,12.217,57.1
7807,1921-05-20 00:00:00,0.0202523211528387,-0.185457881973289,0.2259625242789665,12.217,57.1
7808,1921-05-21 00:00:00,0.0757481929406829,-0.1298387175604157,0.2813351034417815,12.217,57.1
7809,1921-05-22 00:00:00,0.0153628663205873,-0.1906944213747469,0.2214201540159217,12.217,57.1
7810,1921-05-23 00:00:00,-0.0165365253628537,-0.2225558425530135,0.189482791827306,12.217,57.1
7811,1921-05-24 00:00:00,-0.0612597711571706,-0.2669596010044083,0.144440058690067,12.217,57.1
7812,1921-05-25 00:00:00,0.0042861864076534,-0.2019134107856983,0.2104857836010052,12.217,57.1
7813,1921-05-26 00:00:00,0.0512123027897746,-0.1546978422598687,0.257122447839418,12.217,57.1
7814,1921-05-27 00:00:00,0.1262690312680645,-0.0794906345785039,0.332028697114633,12.217,57.1
7815,1921-05-28 00:00:00,0.1289641951221647,-0.0768825765459486,0.3348109667902782,12.217,57.1
7816,1921-05-29 00:00:00,0.1213330509669213,-0.0843670678093927,0.3270331697432355,12.217,57.1
7817,1921-05-30 00:00:00,0.1208543170199119,-0.0853241501946989,0.3270327842345229,12.217,57.1
7818,1921-05-31 00:00:00,0.0893294036432781,-0.1169387974618071,0.2955976047483635,12.217,57.1
7819,1921-06-01 00:00:00,-0.0001186327540066,-0.2069922932959156,0.2067550277879024,12.217,57.1
7820,1921-06-02 00:00:00,-0.0456720371899709,-0.2518692055432574,0.1605251311633155,12.217,57.1
7821,1921-06-03 00:00:00,-0.0850266724267834,-0.2907944319193473,0.1207410870657804,12.217,57.1
7822,1921-06-04 00:00:00,-0.0732357860666879,-0.2788838185074965,0.1324122463741207,12.217,57.1
7823,1921-06-05 00:00:00,0.0073060254542011,-0.1983953304172404,0.2130073813256427,12.217,57.1
7824,1921-06-06 00:00:00,0.0600028220885397,-0.1471106970229467,0.2671163412000262,12.217,57.1
7825,1921-06-07 00:00:00,-0.0128677325320471,-0.2192622836446293,0.1935268185805351,12.217,57.1
7826,1921-06-08 00:00:00,0.052690615857559,-0.1528592204216635,0.2582404521367815,12.217,57.1
7827,1921-06-09 00:00:00,0.1067905794258613,-0.0986959280478881,0.3122770868996107,12.217,57.1
7828,1921-06-10 00:00:00,0.1215987957714927,-0.0839567890878516,0.3271543806308372,12.217,57.1
7829,1921-06-11 00:00:00,0.1921095316864426,-0.0136062938842774,0.3978253572571626,12.217,57.1
7830,1921-06-12 00:00:00,0.2622761194697618,0.0561965389212583,0.4683557000182654,12.217,57.1
7831,1921-06-13 00:00:00,0.1960426001585579,-0.0100373810704479,0.4021225813875637,12.217,57.1
7832,1921-06-14 00:00:00,0.0524659907218137,-0.1532308060520525,0.25816278749568,12.217,57.1
7833,1921-06-15 00:00:00,0.0371724150016175,-0.1684899903794001,0.2428348203826352,12.217,57.1
7834,1921-06-16 00:00:00,0.086144895524716,-0.119931553587484,0.292221344636916,12.217,57.1
7835,1921-06-17 00:00:00,0.0615219772507884,-0.1448571481999535,0.2679011027015304,12.217,57.1
7836,1921-06-18 00:00:00,0.1304535755978925,-0.0755732712927153,0.3364804224885005,12.217,57.1
7837,1921-06-19 00:00:00,0.2321258720286404,0.0251311372128442,0.4391206068444366,12.217,57.1
7838,1921-06-20 00:00:00,0.2321174925636119,0.025069649717399,0.4391653354098247,12.217,57.1
7839,1921-06-21 00:00:00,0.3078514295786911,0.1012030146033867,0.5144998445539956,12.217,57.1
7840,1921-06-22 00:00:00,0.1646082733946747,-0.0422617266833601,0.3714782734727097,12.217,57.1
7841,1921-06-23 00:00:00,0.0702934880952468,-0.1354719695902129,0.2760589457807065,12.217,57.1
7842,1921-06-24 00:00:00,0.0780707604142527,-0.1274453531123036,0.2835868739408091,12.217,57.1
7843,1921-06-25 00:00:00,0.0231168156957153,-0.1824146487271279,0.2286482801185586,12.217,57.1
7844,1921-06-26 00:00:00,0.0653910692580988,-0.1401983416420585,0.2709804801582562,12.217,57.1
7845,1921-06-27 00:00:00,0.1001454859615944,-0.1053475855612842,0.305638557484473,12.217,57.1
7846,1921-06-28 00:00:00,0.0574784665873535,-0.1482953119729774,0.2632522451476846,12.217,57.1
7847,1921-06-29 00:00:00,0.1352471876585632,-0.0706988173628435,0.3411931926799699,12.217,57.1
7848,1921-06-30 00:00:00,0.1080937319460433,-0.0981541659270053,0.3143416298190921,12.217,57.1
7849,1921-07-01 00:00:00,0.066136432871825,-0.1399148727719269,0.272187738515577,12.217,57.1
7850,1921-07-02 00:00:00,0.0437040044291315,-0.1619182932457732,0.2493263021040364,12.217,57.1
7851,1921-07-03 00:00:00,0.026078064099683,-0.1793638051573842,0.2315199333567502,12.217,57.1
7852,1921-07-04 00:00:00,0.0414677478091917,-0.1639804610334762,0.2469159566518597,12.217,57.1
7853,1921-07-05 00:00:00,0.0617959412941811,-0.1437311342473712,0.2673230168357335,12.217,57.1
7854,1921-07-06 00:00:00,0.0823929830425586,-0.1233890671773034,0.2881750332624206,12.217,57.1
7855,1921-07-07 00:00:00,0.0577005200804861,-0.1479528681609094,0.2633539083218818,12.217,57.1
7856,1921-07-08 00:00:00,0.0383052077100875,-0.1672600769793658,0.2438704923995407,12.217,57.1
7857,1921-07-09 00:00:00,0.0581306344900992,-0.14739398848409,0.2636552574642886,12.217,57.1
7858,1921-07-10 00:00:00,0.0835905542758861,-0.1220538785654182,0.2892349871171905,12.217,57.1
7859,1921-07-11 00:00:00,0.1245180069884411,-0.0810641842998241,0.3301001982767065,12.217,57.1
7860,1921-07-12 00:00:00,0.2103587599369169,0.0044703432527057,0.4162471766211281,12.217,57.1
7861,1921-07-13 00:00:00,0.2269315569683554,0.020606929487735,0.4332561844489758,12.217,57.1
7862,1921-07-14 00:00:00,0.1353912200986269,-0.070889203118938,0.3416716433161918,12.217,57.1
7863,1921-07-15 00:00:00,0.0587368403896005,-0.1472577168135476,0.2647313975927486,12.217,57.1
7864,1921-07-16 00:00:00,0.034895928424415,-0.170694375954063,0.2404862328028932,12.217,57.1
7865,1921-07-17 00:00:00,0.0430559606358111,-0.1624272390375751,0.2485391603091974,12.217,57.1
7866,1921-07-18 00:00:00,0.0222307889959577,-0.183293500542231,0.2277550785341464,12.217,57.1
7867,1921-07-19 00:00:00,0.0217337358587847,-0.1838557099476981,0.2273231816652675,12.217,57.1
7868,1921-07-20 00:00:00,0.078445985109399,-0.1271754489609905,0.2840674191797886,12.217,57.1
7869,1921-07-21 00:00:00,0.1361274252265505,-0.0696033299291677,0.3418581803822688,12.217,57.1
7870,1921-07-22 00:00:00,0.3727575133711294,0.1661589130306556,0.5793561137116032,12.217,57.1
7871,1921-07-23 00:00:00,0.2564778305639719,0.0500690569932804,0.4628866041346634,12.217,57.1
7872,1921-07-24 00:00:00,0.4084711227331958,0.202199693486676,0.6147425519797156,12.217,57.1
7873,1921-07-25 00:00:00,0.3375647184789934,0.1307645791672629,0.5443648577907239,12.217,57.1
7874,1921-07-26 00:00:00,0.0778856146454687,-0.1285551764936232,0.2843264057845607,12.217,57.1
7875,1921-07-27 00:00:00,0.056622829746029,-0.1493450742540731,0.2625907337461311,12.217,57.1
7876,1921-07-28 00:00:00,0.0821168151273242,-0.1241167798466986,0.2883504101013472,12.217,57.1
7877,1921-07-29 00:00:00,0.0357143769563036,-0.1703428460457103,0.2417715999583174,12.217,57.1
7878,1921-07-30 00:00:00,0.1798487032027362,-0.0261317486033247,0.3858291550087972,12.217,57.1
7879,1921-07-31 00:00:00,0.239982835347133,0.0332303799216746,0.4467352907725914,12.217,57.1
7880,1921-08-01 00:00:00,0.083714585733786,-0.1222152759519578,0.2896444474195299,12.217,57.1
7881,1921-08-02 00:00:00,0.075759281100068,-0.1298106649663534,0.2813292271664895,12.217,57.1
7882,1921-08-03 00:00:00,0.1182156690643315,-0.0874441862208174,0.3238755243494805,12.217,57.1
7883,1921-08-04 00:00:00,0.0739580195782766,-0.131826853983583,0.2797428931401362,12.217,57.1
7884,1921-08-05 00:00:00,0.1084291468608416,-0.0971937586422069,0.3140520523638901,12.217,57.1
7885,1921-08-06 00:00:00,0.1707400009371364,-0.0352377478088732,0.3767177496831462,12.217,57.1
7886,1921-08-07 00:00:00,0.5528267206845334,0.3456691131190187,0.759984328250048,12.217,57.1
7887,1921-08-08 00:00:00,0.41458335939413,0.2078292641692199,0.6213374546190401,12.217,57.1
7888,1921-08-09 00:00:00,0.3998466952533635,0.1933388523759936,0.6063545381307335,12.217,57.1
7889,1921-08-10 00:00:00,0.3613352212371108,0.1551061801769849,0.5675642622972367,12.217,57.1
7890,1921-08-11 00:00:00,0.0938603921858905,-0.1121375801807777,0.2998583645525589,12.217,57.1
7891,1921-08-12 00:00:00,0.0820437328983907,-0.123552335488866,0.2876398012856475,12.217,57.1
7892,1921-08-13 00:00:00,0.0694442602059584,-0.1364321193380572,0.2753206397499742,12.217,57.1
7893,1921-08-14 00:00:00,0.0942264430102802,-0.1116302044232445,0.3000830904438051,12.217,57.1
7894,1921-08-15 00:00:00,0.1743786459433608,-0.0313746607769341,0.3801319526636557,12.217,57.1
7895,1921-08-16 00:00:00,0.2969024977039715,0.0889421713602025,0.5048628240477405,12.217,57.1
7896,1921-08-17 00:00:00,0.1719619698168251,-0.0357809955607359,0.3797049351943862,12.217,57.1
7897,1921-08-18 00:00:00,0.0678281976740413,-0.1381645167282961,0.2738209120763787,12.217,57.1
7898,1921-08-19 00:00:00,-0.0138591122521409,-0.2192978723962403,0.1915796478919585,12.217,57.1
7899,1921-08-20 00:00:00,-0.002143660470472,-0.2075588290212713,0.2032715080803273,12.217,57.1
7900,1921-08-21 00:00:00,0.0143867283438891,-0.1911674677440293,0.2199409244318076,12.217,57.1
7901,1921-08-22 00:00:00,0.0107549438167202,-0.1949411562599197,0.2164510438933602,12.217,57.1
7902,1921-08-23 00:00:00,0.0236777700692164,-0.181902535905521,0.2292580760439539,12.217,57.1
7903,1921-08-24 00:00:00,0.0005197674926327,-0.2050089796299006,0.2060485146151661,12.217,57.1
7904,1921-08-25 00:00:00,0.0390555797607264,-0.1664527452955352,0.2445639048169881,12.217,57.1
7905,1921-08-26 00:00:00,0.0868549505850858,-0.1186874306194645,0.2923973317896361,12.217,57.1
7906,1921-08-27 00:00:00,0.2277336842402315,0.0219337052890795,0.4335336631913836,12.217,57.1
7907,1921-08-28 00:00:00,0.2581678412027267,0.0517124604127256,0.4646232219927279,12.217,57.1
7908,1921-08-29 00:00:00,0.0787684555402376,-0.1273892160054916,0.2849261270859669,12.217,57.1
7909,1921-08-30 00:00:00,0.1028136980502213,-0.1036278452625419,0.3092552413629846,12.217,57.1
7910,1921-08-31 00:00:00,0.2521295917180464,0.0444179174232098,0.4598412660128829,12.217,57.1
7911,1921-09-01 00:00:00,0.1218691807245205,-0.0841254064392116,0.3278637678882526,12.217,57.1
7912,1921-09-02 00:00:00,0.0905727705471117,-0.1150123905355373,0.2961579316297608,12.217,57.1
7913,1921-09-03 00:00:00,0.1769020526783382,-0.0290109806052098,0.3828150859618863,12.217,57.1
7914,1921-09-04 00:00:00,0.195145109802164,-0.0108401855624282,0.4011304051667564,12.217,57.1
7915,1921-09-05 00:00:00,0.0458139710877215,-0.1597216620493532,0.2513496042247964,12.217,57.1
7916,1921-09-06 00:00:00,0.0170877553596853,-0.1884164456906865,0.2225919564100573,12.217,57.1
7917,1921-09-07 00:00:00,0.0448394044918667,-0.1606269827842868,0.2503057917680203,12.217,57.1
7918,1921-09-08 00:00:00,0.0355392128047313,-0.169871958228732,0.2409503838381947,12.217,57.1
7919,1921-09-09 00:00:00,0.04517843949835,-0.1602202390493862,0.2505771180460863,12.217,57.1
7920,1921-09-10 00:00:00,0.0833870477332208,-0.1220708528377044,0.2888449483041461,12.217,57.1
7921,1921-09-11 00:00:00,0.1442208944089022,-0.0614386187537707,0.3498804075715752,12.217,57.1
7922,1921-09-12 00:00:00,0.2752713778331663,0.069468333712467,0.4810744219538656,12.217,57.1
7923,1921-09-13 00:00:00,0.1380224133893217,-0.0682118896591672,0.3442567164378107,12.217,57.1
7924,1921-09-14 00:00:00,0.1414742246347549,-0.0644776501545927,0.3474260994241026,12.217,57.1
7925,1921-09-15 00:00:00,0.1061156161684203,-0.0994861553549113,0.311717387691752,12.217,57.1
7926,1921-09-16 00:00:00,0.2687354177269115,0.0624488866297941,0.4750219488240288,12.217,57.1
7927,1921-09-17 00:00:00,0.1556159274994087,-0.0512287900865046,0.3624606450853221,12.217,57.1
7928,1921-09-18 00:00:00,-0.0693994473246238,-0.2752130636837156,0.1364141690344678,12.217,57.1
7929,1921-09-19 00:00:00,-0.1152868199680673,-0.3208063182980996,0.0902326783619648,12.217,57.1
7930,1921-09-20 00:00:00,-0.0579093201330604,-0.2634443894134237,0.1476257491473027,12.217,57.1
7931,1921-09-21 00:00:00,0.0266481873372677,-0.1789450758829164,0.2322414505574519,12.217,57.1
7932,1921-09-22 00:00:00,0.0474033607017112,-0.158124428043459,0.2529311494468814,12.217,57.1
7933,1921-09-23 00:00:00,0.1966641429736173,-0.0094433193593332,0.4027716053065679,12.217,57.1
7934,1921-09-24 00:00:00,0.1868201514927145,-0.0201621734880795,0.3938024764735086,12.217,57.1
7935,1921-09-25 00:00:00,0.1153059111415895,-0.0917936254774798,0.3224054477606589,12.217,57.1
7936,1921-09-26 00:00:00,0.0826089524432232,-0.1232190624440837,0.2884369673305301,12.217,57.1
7937,1921-09-27 00:00:00,-0.0196518205272108,-0.2254570800695416,0.1861534390151198,12.217,57.1
7938,1921-09-28 00:00:00,0.0094665193028975,-0.1962113286651142,0.2151443672709093,12.217,57.1
7939,1921-09-29 00:00:00,0.2379691305446981,0.0321166433692018,0.4438216177201944,12.217,57.1
7940,1921-09-30 00:00:00,0.0547838021509281,-0.1512026598165055,0.2607702641183619,12.217,57.1
7941,1921-10-01 00:00:00,0.0243144420457533,-0.181250829119783,0.2298797132112897,12.217,57.1
7942,1921-10-02 00:00:00,0.1206132394076942,-0.0852296855864498,0.3264561644018383,12.217,57.1
7943,1921-10-03 00:00:00,0.0932998832330096,-0.112318239464584,0.2989180059306033,12.217,57.1
7944,1921-10-04 00:00:00,0.1590985889084598,-0.0475138775264249,0.3657110553433447,12.217,57.1
7945,1921-10-05 00:00:00,0.0241489176771437,-0.1827125172411477,0.2310103525954352,12.217,57.1
7946,1921-10-06 00:00:00,0.0120264986057352,-0.1934479818344061,0.2175009790458765,12.217,57.1
7947,1921-10-07 00:00:00,0.0591005167863998,-0.1464860678838937,0.2646871014566934,12.217,57.1
7948,1921-10-08 00:00:00,0.1805758040554814,-0.025232468936383,0.3863840770473459,12.217,57.1
7949,1921-10-09 00:00:00,0.1138533544194223,-0.0921970757118277,0.3199037845506725,12.217,57.1
7950,1921-10-10 00:00:00,0.0359445097793332,-0.1695179090012984,0.2414069285599649,12.217,57.1
7951,1921-10-11 00:00:00,0.072033255853455,-0.1334164266376304,0.2774829383445406,12.217,57.1
7952,1921-10-12 00:00:00,0.0190742170203817,-0.186704311578254,0.2248527456190174,12.217,57.1
7953,1921-10-13 00:00:00,0.0393468631331725,-0.1662586689293607,0.2449523951957058,12.217,57.1
7954,1921-10-14 00:00:00,0.0514389070396515,-0.1541076121366841,0.2569854262159873,12.217,57.1
7955,1921-10-15 00:00:00,0.3587720815251705,0.1514698394789973,0.5660743235713437,12.217,57.1
7956,1921-10-16 00:00:00,0.2143378102048871,0.0075529778157744,0.4211226425939999,12.217,57.1
7957,1921-10-17 00:00:00,0.2435929896550934,0.0370616343114651,0.4501243449987218,12.217,57.1
7958,1921-10-18 00:00:00,0.0457857478968842,-0.160312850228664,0.2518843460224325,12.217,57.1
7959,1921-10-19 00:00:00,0.1294445814804964,-0.0763239131700277,0.3352130761310207,12.217,57.1
7960,1921-10-20 00:00:00,0.1630819568738179,-0.0428764296978186,0.3690403434454544,12.217,57.1
7961,1921-10-21 00:00:00,0.1229736318675695,-0.0834923646025269,0.329439628337666,12.217,57.1
7962,1921-10-22 00:00:00,0.1480035118616833,-0.058561565521087,0.3545685892444538,12.217,57.1
7963,1921-10-23 00:00:00,0.0593349858980931,-0.1470575332833462,0.2657275050795326,12.217,57.1
7964,1921-10-24 00:00:00,0.1203968831134292,-0.0887801939137628,0.3295739601406214,12.217,57.1
7965,1921-10-25 00:00:00,-0.0029781801949895,-0.2125085738354803,0.2065522134455012,12.217,57.1
7966,1921-10-26 00:00:00,0.0027495571932078,-0.2042484697123991,0.2097475840988148,12.217,57.1
7967,1921-10-27 00:00:00,-0.0675317349487722,-0.2733763441975383,0.1383128742999939,12.217,57.1
7968,1921-10-28 00:00:00,0.0558442414681429,-0.1498667783770366,0.2615552613133226,12.217,57.1
7969,1921-10-29 00:00:00,0.0858101373148505,-0.1203916999718747,0.2920119746015758,12.217,57.1
7970,1921-10-30 00:00:00,0.1704559861973222,-0.0383632485892154,0.37927522098386,12.217,57.1
7971,1921-10-31 00:00:00,-0.0207609164234735,-0.2310665411575694,0.1895447083106224,12.217,57.1
7972,1921-11-01 00:00:00,0.3721180924521053,0.1654713574486623,0.5787648274555482,12.217,57.1
7973,1921-11-02 00:00:00,0.869872165697964,0.6564047276923695,1.0833396037035583,12.217,57.1
7974,1921-11-03 00:00:00,0.2536214439891609,0.0403254538825688,0.466917434095753,12.217,57.1
7975,1921-11-04 00:00:00,-0.0058246301063431,-0.2128436959530261,0.2011944357403398,12.217,57.1
7976,1921-11-05 00:00:00,0.2187602726408554,0.013028898935545,0.4244916463461659,12.217,57.1
7977,1921-11-06 00:00:00,0.1379597690198479,-0.0684111889508489,0.3443307269905447,12.217,57.1
7978,1921-11-07 00:00:00,0.0562620026252681,-0.1504638292732168,0.2629878345237531,12.217,57.1
7979,1921-11-08 00:00:00,-0.0109782033315381,-0.2199279285095119,0.1979715218464355,12.217,57.1
7980,1921-11-09 00:00:00,-0.0805064398203104,-0.2863062854906473,0.1252934058500264,12.217,57.1
7981,1921-11-10 00:00:00,-0.0445865097179048,-0.2503171068334653,0.1611440873976556,12.217,57.1
7982,1921-11-11 00:00:00,-0.028694106470072,-0.2345596336825604,0.1771714207424163,12.217,57.1
7983,1921-11-12 00:00:00,-0.087775324318165,-0.2938779955160847,0.1183273468797545,12.217,57.1
7984,1921-11-13 00:00:00,-0.0133111414193943,-0.2190629897488994,0.1924407069101107,12.217,57.1
7985,1921-11-14 00:00:00,0.0227133742413705,-0.1831481866540987,0.2285749351368398,12.217,57.1
7986,1921-11-15 00:00:00,0.0065302585223425,-0.1990698280098249,0.21213034505451,12.217,57.1
7987,1921-11-16 00:00:00,-0.0333304044439541,-0.2388399169742783,0.17217910808637,12.217,57.1
7988,1921-11-17 00:00:00,-0.0811974923503445,-0.2867385184179498,0.1243435337172607,12.217,57.1
7989,1921-11-18 00:00:00,-0.1140489671063815,-0.3196451100157337,0.0915471758029706,12.217,57.1
7990,1921-11-19 00:00:00,-0.1252938483803877,-0.3309209934025983,0.0803332966418227,12.217,57.1
7991,1921-11-20 00:00:00,-0.1118928335472572,-0.3175543754259047,0.0937687083313902,12.217,57.1
7992,1921-11-21 00:00:00,-0.0189343585971414,-0.2249666678089966,0.1870979506147136,12.217,57.1
7993,1921-11-22 00:00:00,-0.0624285630384126,-0.2685852390427672,0.1437281129659419,12.217,57.1
7994,1921-11-23 00:00:00,-0.1345930198759804,-0.3402875478668542,0.0711015081148934,12.217,57.1
7995,1921-11-24 00:00:00,-0.048749364899762,-0.254370592987561,0.156871863188037,12.217,57.1
7996,1921-11-25 00:00:00,0.0019260891179685,-0.2037052334382127,0.2075574116741498,12.217,57.1
7997,1921-11-26 00:00:00,-0.0143168053031414,-0.2198835214749886,0.1912499108687056,12.217,57.1
7998,1921-11-27 00:00:00,-0.0353494509812592,-0.2408301270713817,0.1701312251088631,12.217,57.1
7999,1921-11-28 00:00:00,-0.0280107973953039,-0.2335138925886548,0.1774922977980469,12.217,57.1
8000,1921-11-29 00:00:00,-0.0012817784098436,-0.2067386798907325,0.2041751230710452,12.217,57.1
8001,1921-11-30 00:00:00,0.0096507539650872,-0.195782913424173,0.2150844213543475,12.217,57.1
8002,1921-12-01 00:00:00,-0.0343056228884493,-0.2398382999429384,0.1712270541660397,12.217,57.1
8003,1921-12-02 00:00:00,-0.0869724494649739,-0.2925082521904142,0.1185633532604664,12.217,57.1
8004,1921-12-03 00:00:00,-0.0802754031925616,-0.285913933613109,0.1253631272279856,12.217,57.1
8005,1921-12-04 00:00:00,-0.0835907359161064,-0.2890971087157028,0.1219156368834899,12.217,57.1
8006,1921-12-05 00:00:00,-0.0191149902677034,-0.2246351107108078,0.186405130175401,12.217,57.1
8007,1921-12-06 00:00:00,0.0506523895255647,-0.15491740849279,0.2562221875439194,12.217,57.1
8008,1921-12-07 00:00:00,0.1517027909027481,-0.0540800756267181,0.3574856574322145,12.217,57.1
8009,1921-12-08 00:00:00,0.2527975947573355,0.0466086014325088,0.4589865880821621,12.217,57.1
8010,1921-12-09 00:00:00,0.1626631278218754,-0.0434136643629978,0.3687399200067487,12.217,57.1
8011,1921-12-10 00:00:00,0.0547304963106998,-0.1524624884559156,0.2619234810773154,12.217,57.1
8012,1921-12-11 00:00:00,0.0116463111679203,-0.1945733941982489,0.2178660165340897,12.217,57.1
8013,1921-12-12 00:00:00,0.0472210432625189,-0.1585474093181199,0.2529894958431577,12.217,57.1
8014,1921-12-13 00:00:00,0.074696311150843,-0.1310524247685829,0.280445047070269,12.217,57.1
8015,1921-12-14 00:00:00,0.131173134943867,-0.0746950454621729,0.337041315349907,12.217,57.1
8016,1921-12-15 00:00:00,0.1485097160117916,-0.0571072040638475,0.3541266360874309,12.217,57.1
8017,1921-12-16 00:00:00,0.189732518037299,-0.01612504983244,0.3955900859070381,12.217,57.1
8018,1921-12-17 00:00:00,0.1915283032198512,-0.0143059200957939,0.3973625265354963,12.217,57.1
8019,1921-12-18 00:00:00,0.842686988242759,0.6331884117091123,1.0521855647764058,12.217,57.1
8020,1921-12-19 00:00:00,0.4300842442511242,0.2204391861421947,0.6397293023600537,12.217,57.1
8021,1921-12-20 00:00:00,0.1868665242782627,-0.0195893836922552,0.3933224322487807,12.217,57.1
8022,1921-12-21 00:00:00,0.2182364247326526,0.011748469783848,0.4247243796814571,12.217,57.1
8023,1921-12-22 00:00:00,0.226931997818973,0.0200246776349541,0.4338393180029919,12.217,57.1
8024,1921-12-23 00:00:00,0.2870249382716222,0.0803809553765979,0.4936689211666464,12.217,57.1
8025,1921-12-24 00:00:00,0.311499521831597,0.1031633394102196,0.5198357042529744,12.217,57.1
8026,1921-12-25 00:00:00,0.0395114658747906,-0.1692596532965375,0.2482825850461187,12.217,57.1
8027,1921-12-26 00:00:00,0.0542836008760607,-0.1516957001397749,0.2602629018918965,12.217,57.1
8028,1921-12-27 00:00:00,0.1422170956488552,-0.0642404593490036,0.3486746506467141,12.217,57.1
8029,1921-12-28 00:00:00,0.3932808185895284,0.1854803807663863,0.6010812564126705,12.217,57.1
8030,1921-12-29 00:00:00,0.4476329524458727,0.2398111173627674,0.6554547875289779,12.217,57.1
8031,1921-12-30 00:00:00,0.3326996084828003,0.1247561305318276,0.540643086433773,12.217,57.1
8032,1921-12-31 00:00:00,0.3968896579969757,0.1874567398334654,0.606322576160486,12.217,57.1
8033,1922-01-01 00:00:00,0.5678664643047032,0.3526225968390366,0.7831103317703698,12.217,57.1
8034,1922-01-02 00:00:00,0.4354693588287947,0.2226581024008024,0.648280615256787,12.217,57.1
8035,1922-01-03 00:00:00,0.3998051142075604,0.1917225884428446,0.6078876399722761,12.217,57.1
8036,1922-01-04 00:00:00,0.2610407336319612,0.054673013353867,0.4674084539100555,12.217,57.1
8037,1922-01-05 00:00:00,0.0792324129768897,-0.1275149856818059,0.2859798116355853,12.217,57.1
8038,1922-01-06 00:00:00,-0.0418602953817125,-0.2481723580577291,0.1644517672943039,12.217,57.1
8039,1922-01-07 00:00:00,-0.0518565724621153,-0.2577132117556474,0.1540000668314167,12.217,57.1
8040,1922-01-08 00:00:00,0.0958123599380917,-0.109832510294563,0.3014572301707464,12.217,57.1
8041,1922-01-09 00:00:00,0.199322320072971,-0.006653960221505,0.4052986003674471,12.217,57.1
8042,1922-01-10 00:00:00,0.1324955881515996,-0.0735253486689962,0.3385165249721955,12.217,57.1
8043,1922-01-11 00:00:00,0.3137376191950893,0.1076470896438771,0.5198281487463016,12.217,57.1
8044,1922-01-12 00:00:00,0.1588378235797141,-0.0472518507071028,0.3649274978665312,12.217,57.1
8045,1922-01-13 00:00:00,-0.0558320031990251,-0.2620944728932143,0.1504304664951641,12.217,57.1
8046,1922-01-14 00:00:00,-0.1100367956116554,-0.3165428123899082,0.0964692211665972,12.217,57.1
8047,1922-01-15 00:00:00,-0.0617635622082774,-0.2681267991465788,0.144599674730024,12.217,57.1
8048,1922-01-16 00:00:00,0.132420319442907,-0.0739118788984944,0.3387525177843085,12.217,57.1
8049,1922-01-17 00:00:00,-0.0129748573804612,-0.2198759404949755,0.193926225734053,12.217,57.1
8050,1922-01-18 00:00:00,0.0685260898853583,-0.1377601248560361,0.2748123046267527,12.217,57.1
8051,1922-01-19 00:00:00,0.0414051333543454,-0.1644271127037156,0.2472373794124064,12.217,57.1
8052,1922-01-20 00:00:00,0.0602667965579851,-0.1458703831179549,0.2664039762339252,12.217,57.1
8053,1922-01-21 00:00:00,0.0351894619121747,-0.1710185739914134,0.2413974978157629,12.217,57.1
8054,1922-01-22 00:00:00,-0.0213626157163736,-0.2272325426672678,0.1845073112345204,12.217,57.1
8055,1922-01-23 00:00:00,-0.1176073804629098,-0.3234173035129897,0.08820254258717,12.217,57.1
8056,1922-01-24 00:00:00,-0.2113321217524631,-0.417385562538302,-0.0052786809666242,12.217,57.1
8057,1922-01-25 00:00:00,-0.1219287872368418,-0.3280133842173571,0.0841558097436734,12.217,57.1
8058,1922-01-26 00:00:00,-0.135141204338519,-0.3412128808979819,0.0709304722209439,12.217,57.1
8059,1922-01-27 00:00:00,-0.0767483592663354,-0.2829318288084718,0.129435110275801,12.217,57.1
8060,1922-01-28 00:00:00,-0.0171451503474405,-0.2230483563881534,0.1887580556932724,12.217,57.1
8061,1922-01-29 00:00:00,0.0300070000086148,-0.1758577249436711,0.2358717249609009,12.217,57.1
8062,1922-01-30 00:00:00,0.0712792376301035,-0.1344034076339357,0.2769618828941429,12.217,57.1
8063,1922-01-31 00:00:00,0.0565714102492863,-0.1490949400302166,0.2622377605287893,12.217,57.1
8064,1922-02-01 00:00:00,0.0347253643850427,-0.1709209981228086,0.240371726892894,12.217,57.1
8065,1922-02-02 00:00:00,-0.0164248420568315,-0.2220529995888122,0.1892033154751491,12.217,57.1
8066,1922-02-03 00:00:00,-0.0444873183717663,-0.2506916979722152,0.1617170612286825,12.217,57.1
8067,1922-02-04 00:00:00,-0.0738461011989528,-0.280971181221325,0.1332789788234193,12.217,57.1
8068,1922-02-05 00:00:00,-0.0282927015477167,-0.2349873042408638,0.1784019011454303,12.217,57.1
8069,1922-02-06 00:00:00,-0.0991114009674835,-0.3052072675912823,0.1069844656563152,12.217,57.1
8070,1922-02-07 00:00:00,-0.1491276582550171,-0.3552734960149242,0.0570181795048898,12.217,57.1
8071,1922-02-08 00:00:00,-0.0536350995787225,-0.2591640987444167,0.1518938995869717,12.217,57.1
8072,1922-02-09 00:00:00,0.0659568887049405,-0.1397175705097445,0.2716313479196255,12.217,57.1
8073,1922-02-10 00:00:00,-0.0863016589085739,-0.2921004983015721,0.1194971804844243,12.217,57.1
8074,1922-02-11 00:00:00,-0.0376341471835421,-0.2434328410220982,0.1681645466550139,12.217,57.1
8075,1922-02-12 00:00:00,0.0024598817302975,-0.2039361729811044,0.2088559364416995,12.217,57.1
8076,1922-02-13 00:00:00,0.036390431881995,-0.1694173375109262,0.2421982012749162,12.217,57.1
8077,1922-02-14 00:00:00,0.0770018687285931,-0.1285256348533925,0.2825293723105788,12.217,57.1
8078,1922-02-15 00:00:00,0.275889206363436,0.0701937400847331,0.481584672642139,12.217,57.1
8079,1922-02-16 00:00:00,0.1746662392909527,-0.0313335720188262,0.3806660506007318,12.217,57.1
8080,1922-02-17 00:00:00,0.0398524312681062,-0.1659506567878545,0.2456555193240669,12.217,57.1
8081,1922-02-18 00:00:00,0.1308262830528824,-0.0753794124800275,0.3370319785857925,12.217,57.1
8082,1922-02-19 00:00:00,0.1959141978473782,-0.0103224342920117,0.4021508299867682,12.217,57.1
8083,1922-02-20 00:00:00,0.1426495393096868,-0.0634536072550408,0.3487526858744144,12.217,57.1
8084,1922-02-21 00:00:00,0.2197472446984944,0.0126217931395541,0.4268726962574346,12.217,57.1
8085,1922-02-22 00:00:00,0.2088410957774011,0.0026791525874869,0.4150030389673154,12.217,57.1
8086,1922-02-23 00:00:00,0.1492240007636366,-0.0573124490060867,0.3557604505333599,12.217,57.1
8087,1922-02-24 00:00:00,0.1612544114214567,-0.0444711208627512,0.3669799437056648,12.217,57.1
8088,1922-02-25 00:00:00,0.15439031924058,-0.0517372289736684,0.3605178674548285,12.217,57.1
8089,1922-02-26 00:00:00,0.1912741540957638,-0.0147437234637324,0.39729203165526,12.217,57.1
8090,1922-02-27 00:00:00,0.2418276031396903,0.036040020225078,0.4476151860543026,12.217,57.1
8091,1922-02-28 00:00:00,0.335163931302081,0.1283600360700926,0.5419678265340695,12.217,57.1
8092,1922-03-01 00:00:00,0.3373481172033723,0.1292845621011626,0.5454116723055821,12.217,57.1
8093,1922-03-02 00:00:00,0.2111440947406079,0.0051895763790725,0.4170986131021433,12.217,57.1
8094,1922-03-03 00:00:00,0.1218773522649911,-0.0837643692939257,0.327519073823908,12.217,57.1
8095,1922-03-04 00:00:00,0.1351897773873961,-0.0704371450723636,0.340816699847156,12.217,57.1
8096,1922-03-05 00:00:00,0.1979216327110366,-0.0079031924717215,0.4037464578937948,12.217,57.1
8097,1922-03-06 00:00:00,0.2249063471494274,0.0188997610109022,0.4309129332879525,12.217,57.1
8098,1922-03-07 00:00:00,0.3363187969785693,0.1294609816414001,0.5431766123157385,12.217,57.1
8099,1922-03-08 00:00:00,0.2635527568073339,0.0575317026655885,0.4695738109490792,12.217,57.1
8100,1922-03-09 00:00:00,0.2303453729018687,0.0241148909894796,0.4365758548142579,12.217,57.1
8101,1922-03-10 00:00:00,0.1001006157708284,-0.1063620652026392,0.3065632967442961,12.217,57.1
8102,1922-03-11 00:00:00,0.030758265585631,-0.1755415039165771,0.2370580350878393,12.217,57.1
8103,1922-03-12 00:00:00,0.1027668777730634,-0.102978669109504,0.3085124246556309,12.217,57.1
8104,1922-03-13 00:00:00,0.063294436524529,-0.1427879410726743,0.2693768141217324,12.217,57.1
8105,1922-03-14 00:00:00,-0.0462852456762867,-0.2520398874982419,0.1594693961456683,12.217,57.1
8106,1922-03-15 00:00:00,-0.0221073788847345,-0.2277430290502106,0.1835282712807414,12.217,57.1
8107,1922-03-16 00:00:00,0.0225286146551438,-0.1830955910078341,0.2281528203181217,12.217,57.1
8108,1922-03-17 00:00:00,0.0224691202471718,-0.1835221721264496,0.2284604126207933,12.217,57.1
8109,1922-03-18 00:00:00,-0.0349676730012073,-0.2405569965886073,0.1706216505861927,12.217,57.1
8110,1922-03-19 00:00:00,0.0360404921597529,-0.1695153545956361,0.2415963389151419,12.217,57.1
8111,1922-03-20 00:00:00,0.0707083801323201,-0.1348972097611981,0.2763139700258384,12.217,57.1
8112,1922-03-21 00:00:00,0.0440677088782932,-0.1620673686699349,0.2502027864265214,12.217,57.1
8113,1922-03-22 00:00:00,-0.0507309207205374,-0.2572187208882299,0.155756879447155,12.217,57.1
8114,1922-03-23 00:00:00,-0.0208168453523843,-0.2265670474719494,0.1849333567671807,12.217,57.1
8115,1922-03-24 00:00:00,-0.0085568783803307,-0.2145304507179357,0.1974166939572741,12.217,57.1
8116,1922-03-25 00:00:00,0.1324593139547351,-0.0735044466300205,0.3384230745394908,12.217,57.1
8117,1922-03-26 00:00:00,0.0939141404079329,-0.1119311635120701,0.299759444327936,12.217,57.1
8118,1922-03-27 00:00:00,0.0875205774725642,-0.118193805228135,0.2932349601732636,12.217,57.1
8119,1922-03-28 00:00:00,0.0161683798933113,-0.1894895689984052,0.2218263287850279,12.217,57.1
8120,1922-03-29 00:00:00,0.0211241671603318,-0.1848841590950058,0.2271324934156695,12.217,57.1
8121,1922-03-30 00:00:00,0.0382567951186599,-0.1675152663305379,0.2440288565678579,12.217,57.1
8122,1922-03-31 00:00:00,0.077590797054268,-0.128161155406566,0.2833427495151022,12.217,57.1
8123,1922-04-01 00:00:00,0.0612504443679772,-0.1443311286419004,0.2668320173778549,12.217,57.1
8124,1922-04-02 00:00:00,0.0424349213756374,-0.1631743995618326,0.2480442423131074,12.217,57.1
8125,1922-04-03 00:00:00,0.0846433676429176,-0.120981882811486,0.2902686180973213,12.217,57.1
8126,1922-04-04 00:00:00,0.1472991891914878,-0.0583934053028416,0.3529917836858173,12.217,57.1
8127,1922-04-05 00:00:00,0.0699241828758411,-0.1361958736255754,0.2760442393772577,12.217,57.1
8128,1922-04-06 00:00:00,-0.0013123343507173,-0.2071343827120425,0.2045097140106077,12.217,57.1
8129,1922-04-07 00:00:00,0.1250359879418986,-0.0812454050581795,0.3313173809419767,12.217,57.1
8130,1922-04-08 00:00:00,0.1471979266878735,-0.0589874594621776,0.3533833128379246,12.217,57.1
8131,1922-04-09 00:00:00,0.0091626216668998,-0.1966233220789753,0.2149485654127749,12.217,57.1
8132,1922-04-10 00:00:00,0.0055342576050174,-0.2002834496265769,0.2113519648366119,12.217,57.1
8133,1922-04-11 00:00:00,0.1218528727258559,-0.0837425039271977,0.3274482493789096,12.217,57.1
8134,1922-04-12 00:00:00,0.0905822992582599,-0.1153546569065589,0.2965192554230789,12.217,57.1
8135,1922-04-13 00:00:00,0.1215522456698977,-0.0849582276143602,0.3280627189541558,12.217,57.1
8136,1922-04-14 00:00:00,0.2814310011300069,0.0734880428335308,0.489373959426483,12.217,57.1
8137,1922-04-15 00:00:00,0.1545741701095961,-0.0517534851677923,0.3609018253869845,12.217,57.1
8138,1922-04-16 00:00:00,0.0959248447099855,-0.11003069239358,0.3018803818135511,12.217,57.1
8139,1922-04-17 00:00:00,0.1283836422215503,-0.0773757402281298,0.3341430246712304,12.217,57.1
8140,1922-04-18 00:00:00,-0.0296073266853144,-0.2354704877556762,0.1762558343850473,12.217,57.1
8141,1922-04-19 00:00:00,-0.0962550047614437,-0.3020359576765306,0.109525948153643,12.217,57.1
8142,1922-04-20 00:00:00,-0.0857376029037413,-0.2919229943720349,0.1204477885645521,12.217,57.1
8143,1922-04-21 00:00:00,-0.0462058899099394,-0.2517628169273556,0.1593510371074767,12.217,57.1
8144,1922-04-22 00:00:00,-0.0162268556710874,-0.2218525578200928,0.1893988464779179,12.217,57.1
8145,1922-04-23 00:00:00,0.0928013887658669,-0.1129140501753904,0.2985168277071244,12.217,57.1
8146,1922-04-24 00:00:00,0.1229637433042226,-0.0827844294925532,0.3287119161009985,12.217,57.1
8147,1922-04-25 00:00:00,0.1156167583744504,-0.0905076214278067,0.3217411381767076,12.217,57.1
8148,1922-04-26 00:00:00,0.1371861254949089,-0.0690242730551899,0.3433965240450078,12.217,57.1
8149,1922-04-27 00:00:00,0.1062178496732974,-0.1000160772932963,0.3124517766398912,12.217,57.1
8150,1922-04-28 00:00:00,0.2203674515084325,0.0137164439045602,0.4270184591123048,12.217,57.1
8151,1922-04-29 00:00:00,0.1443891442343048,-0.062061948709384,0.3508402371779938,12.217,57.1
8152,1922-04-30 00:00:00,0.043397445394809,-0.162635185169756,0.2494300759593741,12.217,57.1
8153,1922-05-01 00:00:00,-0.013470214021592,-0.2198517936692904,0.1929113656261063,12.217,57.1
8154,1922-05-02 00:00:00,0.1730448591788764,-0.0369798259273713,0.3830695442851242,12.217,57.1
8155,1922-05-03 00:00:00,0.0781682719403679,-0.1291228855760698,0.2854594294568057,12.217,57.1
8156,1922-05-04 00:00:00,0.0707072941220509,-0.1353370466260638,0.2767516348701657,12.217,57.1
8157,1922-05-05 00:00:00,0.1371642788137284,-0.0686599370924517,0.3429884947199086,12.217,57.1
8158,1922-05-06 00:00:00,0.1412825453256171,-0.0643683007821293,0.3469333914333635,12.217,57.1
8159,1922-05-07 00:00:00,0.0762045198948609,-0.1295288698485551,0.2819379096382771,12.217,57.1
8160,1922-05-08 00:00:00,0.0327338503970112,-0.173023380218452,0.2384910810124745,12.217,57.1
8161,1922-05-09 00:00:00,0.1080833476691411,-0.0977098046230507,0.313876499961333,12.217,57.1
8162,1922-05-10 00:00:00,0.1592921409951149,-0.0465236698675918,0.3651079518578217,12.217,57.1
8163,1922-05-11 00:00:00,0.2017626081134163,-0.0041907956625309,0.4077160118893634,12.217,57.1
8164,1922-05-12 00:00:00,0.1680250042415645,-0.0376924639253454,0.3737424724084744,12.217,57.1
8165,1922-05-13 00:00:00,0.105534058121937,-0.1000829185942452,0.3111510348381193,12.217,57.1
8166,1922-05-14 00:00:00,0.0720287297655571,-0.1335356597654353,0.2775931192965497,12.217,57.1
8167,1922-05-15 00:00:00,0.1178369485753378,-0.0879012766292387,0.3235751737799144,12.217,57.1
8168,1922-05-16 00:00:00,0.1766718134546037,-0.0297912869826856,0.383134913891893,12.217,57.1
8169,1922-05-17 00:00:00,0.1156686877061825,-0.0900462734007481,0.3213836488131131,12.217,57.1
8170,1922-05-18 00:00:00,0.1163742770098353,-0.0891935613978082,0.3219421154174788,12.217,57.1
8171,1922-05-19 00:00:00,0.1218617125455962,-0.0837498025234581,0.3274732276146507,12.217,57.1
8172,1922-05-20 00:00:00,0.1165442257396809,-0.0892421256808014,0.3223305771601633,12.217,57.1
8173,1922-05-21 00:00:00,0.1101043855425654,-0.0961018799118679,0.3163106509969988,12.217,57.1
8174,1922-05-22 00:00:00,0.0551510330635758,-0.150366360902561,0.2606684270297127,12.217,57.1
8175,1922-05-23 00:00:00,0.0827621019206896,-0.1227430969447432,0.2882673007861225,12.217,57.1
8176,1922-05-24 00:00:00,0.0411656801431966,-0.164468751932461,0.2468001122188543,12.217,57.1
8177,1922-05-25 00:00:00,0.0439919808120507,-0.1614589596564672,0.2494429212805687,12.217,57.1
8178,1922-05-26 00:00:00,-0.0209002300849152,-0.2264519965154802,0.1846515363456496,12.217,57.1
8179,1922-05-27 00:00:00,0.0461826807571349,-0.1594245828374623,0.2517899443517322,12.217,57.1
8180,1922-05-28 00:00:00,0.217601452209641,0.0099624328476206,0.4252404715716614,12.217,57.1
8181,1922-05-29 00:00:00,0.0792534746692033,-0.1277961017523904,0.2863030510907972,12.217,57.1
8182,1922-05-30 00:00:00,0.0041338231102315,-0.2017545560234696,0.2100222022439327,12.217,57.1
8183,1922-05-31 00:00:00,0.0975029393929457,-0.108278379788641,0.3032842585745325,12.217,57.1
8184,1922-06-01 00:00:00,0.1480358585934119,-0.0579570643452263,0.3540287815320502,12.217,57.1
8185,1922-06-02 00:00:00,0.0571943335300039,-0.1490881959453308,0.2634768630053387,12.217,57.1
8186,1922-06-03 00:00:00,0.0404743415355848,-0.1652741684933956,0.2462228515645652,12.217,57.1
8187,1922-06-04 00:00:00,0.0904182716876617,-0.1152991309756795,0.2961356743510029,12.217,57.1
8188,1922-06-05 00:00:00,0.0494546011945186,-0.1563991612942277,0.2553083636832651,12.217,57.1
8189,1922-06-06 00:00:00,0.0980079452854412,-0.1075445948296192,0.3035604854005017,12.217,57.1
8190,1922-06-07 00:00:00,0.0718380802481652,-0.1337423511496497,0.2774185116459803,12.217,57.1
8191,1922-06-08 00:00:00,0.0090817619318867,-0.1964304377825815,0.2145939616463549,12.217,57.1
8192,1922-06-09 00:00:00,0.0107687720688008,-0.194637299571445,0.2161748437090468,12.217,57.1
8193,1922-06-10 00:00:00,0.0303764005300529,-0.1751034380681677,0.2358562391282737,12.217,57.1
8194,1922-06-11 00:00:00,0.0406050337951878,-0.1649021421301511,0.2461122097205267,12.217,57.1
8195,1922-06-12 00:00:00,0.0184957547419569,-0.1870419702638653,0.2240334797477791,12.217,57.1
8196,1922-06-13 00:00:00,-0.0121018245337783,-0.2175022352059039,0.1932985861383471,12.217,57.1
8197,1922-06-14 00:00:00,0.0540981465577824,-0.1513241143673448,0.2595204074829097,12.217,57.1
8198,1922-06-15 00:00:00,0.088327996140853,-0.1171574589553098,0.2938134512370158,12.217,57.1
8199,1922-06-16 00:00:00,0.0817773067913999,-0.1237606540022316,0.2873152675850316,12.217,57.1
8200,1922-06-17 00:00:00,0.079210241718339,-0.1263294662321109,0.2847499496687889,12.217,57.1
8201,1922-06-18 00:00:00,0.0753529728292271,-0.1302433765769794,0.2809493222354338,12.217,57.1
8202,1922-06-19 00:00:00,0.0864288514214251,-0.1191274185437288,0.2919851213865791,12.217,57.1
8203,1922-06-20 00:00:00,0.1682470053929343,-0.0372385807680854,0.3737325915539541,12.217,57.1
8204,1922-06-21 00:00:00,0.0917877301814152,-0.1139682691905135,0.2975437295533439,12.217,57.1
8205,1922-06-22 00:00:00,0.1128085189817495,-0.093092073594473,0.3187091115579722,12.217,57.1
8206,1922-06-23 00:00:00,0.1141415306772771,-0.0916019260666397,0.319884987421194,12.217,57.1
8207,1922-06-24 00:00:00,0.1120651753099972,-0.0933683243105863,0.3174986749305809,12.217,57.1
8208,1922-06-25 00:00:00,0.1322462271863695,-0.0733116731050806,0.3378041274778197,12.217,57.1
8209,1922-06-26 00:00:00,0.215471783295191,0.0097701067742079,0.4211734598161741,12.217,57.1
8210,1922-06-27 00:00:00,0.2645704654404544,0.0586056137828467,0.470535317098062,12.217,57.1
8211,1922-06-28 00:00:00,0.1986013420496218,-0.0072424505841997,0.4044451346834434,12.217,57.1
8212,1922-06-29 00:00:00,0.2303677134884673,0.0245848393982616,0.436150587578673,12.217,57.1
8213,1922-06-30 00:00:00,0.2519063784615382,0.0462011837546038,0.4576115731684725,12.217,57.1
8214,1922-07-01 00:00:00,0.130780329494745,-0.0753775494119463,0.3369382084014365,12.217,57.1
8215,1922-07-02 00:00:00,0.096015258349963,-0.1099798832636179,0.3020103999635439,12.217,57.1
8216,1922-07-03 00:00:00,0.1461030862617479,-0.059918036048826,0.3521242085723219,12.217,57.1
8217,1922-07-04 00:00:00,0.0853018226708187,-0.1205685993137133,0.2911722446553508,12.217,57.1
8218,1922-07-05 00:00:00,0.0975103009342949,-0.1081003913481603,0.3031209932167501,12.217,57.1
8219,1922-07-06 00:00:00,0.1217430837813756,-0.0839089365175282,0.3273951040802795,12.217,57.1
8220,1922-07-07 00:00:00,0.208464337947275,0.0022216615982688,0.4147070142962812,12.217,57.1
8221,1922-07-08 00:00:00,0.1420940380082676,-0.0646138632183478,0.3488019392348831,12.217,57.1
8222,1922-07-09 00:00:00,0.0301801599303158,-0.1760884136725138,0.2364487335331454,12.217,57.1
8223,1922-07-10 00:00:00,0.1752579712672919,-0.0311792251003108,0.3816951676348947,12.217,57.1
8224,1922-07-11 00:00:00,0.1200463015009233,-0.0871130919803956,0.3272056949822422,12.217,57.1
8225,1922-07-12 00:00:00,0.0326958715491419,-0.1733692633035019,0.2387610064017859,12.217,57.1
8226,1922-07-13 00:00:00,-0.0282894864265379,-0.2338467512879238,0.1772677784348479,12.217,57.1
8227,1922-07-14 00:00:00,0.0210384539064566,-0.1847169242429,0.2267938320558133,12.217,57.1
8228,1922-07-15 00:00:00,0.0305356598061567,-0.1750813838302077,0.2361527034425211,12.217,57.1
8229,1922-07-16 00:00:00,0.0495019223647761,-0.1560691979639986,0.2550730426935509,12.217,57.1
8230,1922-07-17 00:00:00,0.0423909971908322,-0.1632328425502067,0.2480148369318712,12.217,57.1
8231,1922-07-18 00:00:00,0.1074862590069251,-0.100589219086766,0.3155617371006164,12.217,57.1
8232,1922-07-19 00:00:00,0.0825170406527879,-0.1272361473878372,0.2922702286934133,12.217,57.1
8233,1922-07-20 00:00:00,0.063105409546378,-0.1429191723594999,0.269129991452256,12.217,57.1
8234,1922-07-21 00:00:00,0.1850840767030958,-0.0206055335969586,0.3907736870031503,12.217,57.1
8235,1922-07-22 00:00:00,0.1423794198443082,-0.0632698154693398,0.3480286551579563,12.217,57.1
8236,1922-07-23 00:00:00,0.1122910959662426,-0.0933195919551199,0.3179017838876053,12.217,57.1
8237,1922-07-24 00:00:00,0.0818587554078418,-0.1237874666412382,0.2875049774569219,12.217,57.1
8238,1922-07-25 00:00:00,0.0640890576059556,-0.141405957592248,0.2695840728041594,12.217,57.1
8239,1922-07-26 00:00:00,0.0828357123997611,-0.1226912560001208,0.288362680799643,12.217,57.1
8240,1922-07-27 00:00:00,0.1488938107276087,-0.0566639432628066,0.3544515647180242,12.217,57.1
8241,1922-07-28 00:00:00,0.1368131852268552,-0.0687328096903885,0.342359180144099,12.217,57.1
8242,1922-07-29 00:00:00,0.1641512638718243,-0.0414895974012112,0.36979212514486,12.217,57.1
8243,1922-07-30 00:00:00,0.2002057759396443,-0.0056820373995215,0.4060935892788102,12.217,57.1
8244,1922-07-31 00:00:00,0.155702028311558,-0.0503659467444994,0.3617700033676156,12.217,57.1
8245,1922-08-01 00:00:00,0.0948766782569852,-0.1107112565029813,0.3004646130169518,12.217,57.1
8246,1922-08-02 00:00:00,0.0908905718732539,-0.1147259878292119,0.2965071315757197,12.217,57.1
8247,1922-08-03 00:00:00,0.0684283913526299,-0.1370954527101757,0.2739522354154355,12.217,57.1
8248,1922-08-04 00:00:00,0.0787305381522741,-0.1267059267838753,0.2841670030884237,12.217,57.1
8249,1922-08-05 00:00:00,0.0864905795853043,-0.1189931560380622,0.2919743152086709,12.217,57.1
8250,1922-08-06 00:00:00,0.0664635891785998,-0.1390740435263259,0.2720012218835256,12.217,57.1
8251,1922-08-07 00:00:00,0.1092092108669253,-0.0966759072777962,0.3150943290116469,12.217,57.1
8252,1922-08-08 00:00:00,0.0539907891635869,-0.151657352871888,0.2596389311990618,12.217,57.1
8253,1922-08-09 00:00:00,0.0756315090670133,-0.129801520585961,0.2810645387199877,12.217,57.1
8254,1922-08-10 00:00:00,0.1284479847059438,-0.0773243792344809,0.3342203486463686,12.217,57.1
8255,1922-08-11 00:00:00,0.0661902628771525,-0.1395858615898668,0.2719663873441719,12.217,57.1
8256,1922-08-12 00:00:00,0.0856706065040082,-0.1199322149998815,0.291273428007898,12.217,57.1
8257,1922-08-13 00:00:00,0.0691193671131306,-0.1365437775835954,0.2747825118098567,12.217,57.1
8258,1922-08-14 00:00:00,0.1829007636157436,-0.0229688547913101,0.3887703820227975,12.217,57.1
8259,1922-08-15 00:00:00,0.1260291312708363,-0.0798913970889826,0.3319496596306553,12.217,57.1
8260,1922-08-16 00:00:00,0.0524596579325172,-0.1530369141611811,0.2579562300262156,12.217,57.1
8261,1922-08-17 00:00:00,0.0915320137823776,-0.114031846411906,0.2970958739766614,12.217,57.1
8262,1922-08-18 00:00:00,0.1672644660192029,-0.0387216365840172,0.3732505686224231,12.217,57.1
8263,1922-08-19 00:00:00,0.1804042736811925,-0.0259991764817888,0.3868077238441739,12.217,57.1
8264,1922-08-20 00:00:00,0.1287924852303204,-0.0769349531022296,0.3345199235628705,12.217,57.1
8265,1922-08-21 00:00:00,0.0852835389977588,-0.1201916854573456,0.2907587634528633,12.217,57.1
8266,1922-08-22 00:00:00,0.0594682132273924,-0.1459588163610868,0.2648952428158717,12.217,57.1
8267,1922-08-23 00:00:00,0.1342752659856208,-0.0713368522437105,0.3398873842149522,12.217,57.1
8268,1922-08-24 00:00:00,0.2053288560825497,-0.0010301078537717,0.4116878200188711,12.217,57.1
8269,1922-08-25 00:00:00,0.3568534248470944,0.1500493295289396,0.5636575201652492,12.217,57.1
8270,1922-08-26 00:00:00,0.1314888865269631,-0.0752459743598926,0.3382237474138189,12.217,57.1
8271,1922-08-27 00:00:00,0.1817125671486806,-0.0239714383269659,0.3873965726243272,12.217,57.1
8272,1922-08-28 00:00:00,0.0835372468716416,-0.1220619916539656,0.289136485397249,12.217,57.1
8273,1922-08-29 00:00:00,0.0643641515968437,-0.1412180214246397,0.2699463246183273,12.217,57.1
8274,1922-08-30 00:00:00,0.0978289584221067,-0.1078094402584757,0.3034673571026893,12.217,57.1
8275,1922-08-31 00:00:00,0.136339231216338,-0.0692675229931241,0.3419459854258002,12.217,57.1
8276,1922-09-01 00:00:00,0.0361161752889925,-0.1694645993770738,0.2416969499550588,12.217,57.1
8277,1922-09-02 00:00:00,0.0909833220090414,-0.115020211030806,0.2969868550488889,12.217,57.1
8278,1922-09-03 00:00:00,-0.0357194544811305,-0.2418041812812435,0.1703652723189824,12.217,57.1
8279,1922-09-04 00:00:00,-0.075424351535185,-0.2813599931967852,0.1305112901264151,12.217,57.1
8280,1922-09-05 00:00:00,-0.0914603191363573,-0.2970076532601977,0.1140870149874829,12.217,57.1
8281,1922-09-06 00:00:00,-0.065802117550947,-0.2713228215189978,0.1397185864171037,12.217,57.1
8282,1922-09-07 00:00:00,-0.0754209903094236,-0.2808957068085814,0.1300537261897341,12.217,57.1
8283,1922-09-08 00:00:00,-0.0494853192077465,-0.2549477247881534,0.1559770863726602,12.217,57.1
8284,1922-09-09 00:00:00,0.0077300563626826,-0.1977328588928355,0.2131929716182008,12.217,57.1
8285,1922-09-10 00:00:00,0.0058901409976601,-0.2000621173954514,0.2118423993907717,12.217,57.1
8286,1922-09-11 00:00:00,-0.024374917750466,-0.2302271026337104,0.1814772671327784,12.217,57.1
8287,1922-09-12 00:00:00,0.0351844650213224,-0.1705157146474325,0.2408846446900774,12.217,57.1
8288,1922-09-13 00:00:00,0.0815714585077568,-0.1243711502643783,0.287514067279892,12.217,57.1
8289,1922-09-14 00:00:00,0.1810018301961167,-0.0250172053922133,0.3870208657844468,12.217,57.1
8290,1922-09-15 00:00:00,0.1493920496969292,-0.0571411022491624,0.355925201643021,12.217,57.1
8291,1922-09-16 00:00:00,0.1483088489916103,-0.0575260771056427,0.3541437750888634,12.217,57.1
8292,1922-09-17 00:00:00,0.2630760829730842,0.0571318107542575,0.469020355191911,12.217,57.1
8293,1922-09-18 00:00:00,0.2984838576745776,0.090821745302961,0.5061459700461942,12.217,57.1
8294,1922-09-19 00:00:00,0.2470036234008368,0.0408624374611438,0.4531448093405298,12.217,57.1
8295,1922-09-20 00:00:00,0.212023156122408,0.0056588145156294,0.4183874977291865,12.217,57.1
8296,1922-09-21 00:00:00,0.4364602675227803,0.2290708801136319,0.6438496549319288,12.217,57.1
8297,1922-09-22 00:00:00,0.12053656225387,-0.0855315226662701,0.3266046471740102,12.217,57.1
8298,1922-09-23 00:00:00,0.0731427613295351,-0.1324034322501054,0.2786889549091758,12.217,57.1
8299,1922-09-24 00:00:00,0.0395434126810523,-0.1661762026477283,0.2452630280098331,12.217,57.1
8300,1922-09-25 00:00:00,0.0204382769646725,-0.1851409762123045,0.2260175301416496,12.217,57.1
8301,1922-09-26 00:00:00,-0.0053305997933667,-0.21095351488443,0.2002923152976966,12.217,57.1
8302,1922-09-27 00:00:00,-0.0085285645094286,-0.2140904021266209,0.1970332731077635,12.217,57.1
8303,1922-09-28 00:00:00,0.0099894935985049,-0.1956281358946117,0.2156071230916216,12.217,57.1
8304,1922-09-29 00:00:00,0.0521723215290086,-0.1532753087951887,0.2576199518532059,12.217,57.1
8305,1922-09-30 00:00:00,-0.0368235512963432,-0.2422816091940332,0.1686345066013466,12.217,57.1
8306,1922-10-01 00:00:00,-0.0305688065130294,-0.2360467634098184,0.1749091503837594,12.217,57.1
8307,1922-10-02 00:00:00,0.0448334426171093,-0.1606463290673703,0.2503132143015891,12.217,57.1
8308,1922-10-03 00:00:00,0.0819368186828066,-0.1237309961749904,0.2876046335406037,12.217,57.1
8309,1922-10-04 00:00:00,0.1344060832966813,-0.071166141354389,0.3399783079477517,12.217,57.1
8310,1922-10-05 00:00:00,0.0637992881164188,-0.1418513580191854,0.2694499342520231,12.217,57.1
8311,1922-10-06 00:00:00,0.0060267387804565,-0.1996400921893128,0.2116935697502259,12.217,57.1
8312,1922-10-07 00:00:00,-0.0462783509574466,-0.2519303956807927,0.1593736937658993,12.217,57.1
8313,1922-10-08 00:00:00,-0.0694388424584544,-0.2748553736515905,0.1359776887346817,12.217,57.1
8314,1922-10-09 00:00:00,-0.052357925250626,-0.2577946070480134,0.1530787565467612,12.217,57.1
8315,1922-10-10 00:00:00,-0.0530821373221249,-0.2585627496189753,0.1523984749747255,12.217,57.1
8316,1922-10-11 00:00:00,-0.0512707062728699,-0.2568228842126559,0.154281471666916,12.217,57.1
8317,1922-10-12 00:00:00,0.0374559500674166,-0.1683032136154937,0.2432151137503269,12.217,57.1
8318,1922-10-13 00:00:00,-0.0299582829358124,-0.2355590883128909,0.1756425224412661,12.217,57.1
8319,1922-10-14 00:00:00,0.0155556199036474,-0.1900839104667321,0.221195150274027,12.217,57.1
8320,1922-10-15 00:00:00,0.0798587650393095,-0.1264815384403265,0.2861990685189456,12.217,57.1
8321,1922-10-16 00:00:00,-0.0280491271532763,-0.234108659124534,0.1780104048179813,12.217,57.1
8322,1922-10-17 00:00:00,-0.0371330850342892,-0.2429355070492556,0.1686693369806772,12.217,57.1
8323,1922-10-18 00:00:00,-0.0947562080064115,-0.3007410857426904,0.1112286697298673,12.217,57.1
8324,1922-10-19 00:00:00,-0.1311059301563845,-0.3368398466463321,0.0746279863335631,12.217,57.1
8325,1922-10-20 00:00:00,-0.0615195862222892,-0.2671075753395581,0.1440684028949795,12.217,57.1
8326,1922-10-21 00:00:00,0.0028323556042801,-0.203253686189912,0.2089183973984723,12.217,57.1
8327,1922-10-22 00:00:00,0.0470848784942621,-0.1591620445724885,0.2533318015610127,12.217,57.1
8328,1922-10-23 00:00:00,0.0587557304424258,-0.1475294416667024,0.2650409025515541,12.217,57.1
8329,1922-10-24 00:00:00,0.0065359752775818,-0.1991336437058836,0.2122055942610474,12.217,57.1
8330,1922-10-25 00:00:00,0.0013852134886276,-0.2042641281865698,0.207034555163825,12.217,57.1
8331,1922-10-26 00:00:00,0.0170877176854258,-0.1886311459025078,0.2228065812733595,12.217,57.1
8332,1922-10-27 00:00:00,0.0367710144941594,-0.1687392856682996,0.2422813146566185,12.217,57.1
8333,1922-10-28 00:00:00,0.0035561134488676,-0.2021151828297412,0.2092274097274765,12.217,57.1
8334,1922-10-29 00:00:00,-0.0289482051103904,-0.2347627742274603,0.1768663640066793,12.217,57.1
8335,1922-10-30 00:00:00,0.0766858684874102,-0.1289994207517212,0.2823711577265416,12.217,57.1
8336,1922-10-31 00:00:00,0.0134352598089373,-0.192416631322998,0.2192871509408728,12.217,57.1
8337,1922-11-01 00:00:00,0.0009244181588859,-0.2049219390550908,0.2067707753728626,12.217,57.1
8338,1922-11-02 00:00:00,0.1986958521056869,-0.007795524375213,0.4051872285865869,12.217,57.1
8339,1922-11-03 00:00:00,0.343438052473611,0.1346930469857785,0.5521830579614435,12.217,57.1
8340,1922-11-04 00:00:00,0.2934497186331197,0.0865214441392921,0.5003779931269472,12.217,57.1
8341,1922-11-05 00:00:00,0.1164903295251241,-0.0893634802647154,0.3223441393149638,12.217,57.1
8342,1922-11-06 00:00:00,0.0908822314391838,-0.1148278196613493,0.296592282539717,12.217,57.1
8343,1922-11-07 00:00:00,0.2527858609944038,0.045787056559426,0.4597846654293816,12.217,57.1
8344,1922-11-08 00:00:00,0.2928861312752289,0.0856796443520601,0.5000926181983977,12.217,57.1
8345,1922-11-09 00:00:00,0.0760350678667186,-0.1298172403377643,0.2818873760712017,12.217,57.1
8346,1922-11-10 00:00:00,-0.0063615161232461,-0.2118638563100969,0.1991408240636046,12.217,57.1
8347,1922-11-11 00:00:00,0.074018084834107,-0.1318670859423847,0.2799032556105989,12.217,57.1
8348,1922-11-12 00:00:00,-0.0147676206384548,-0.2212115374309359,0.1916762961540262,12.217,57.1
8349,1922-11-13 00:00:00,0.0192613425287854,-0.1863082949895642,0.224830980047135,12.217,57.1
8350,1922-11-14 00:00:00,0.029608807152595,-0.1761494392324934,0.2353670535376834,12.217,57.1
8351,1922-11-15 00:00:00,0.0352388467807388,-0.1703803231278021,0.2408580166892799,12.217,57.1
8352,1922-11-16 00:00:00,-0.0685226366975584,-0.2742305917940345,0.1371853183989175,12.217,57.1
8353,1922-11-17 00:00:00,0.1593818893748084,-0.0463950665030131,0.36515884525263,12.217,57.1
8354,1922-11-18 00:00:00,0.1999148729946803,-0.005992216839593,0.4058219628289538,12.217,57.1
8355,1922-11-19 00:00:00,0.0275815799014747,-0.1786190730486618,0.2337822328516114,12.217,57.1
8356,1922-11-20 00:00:00,0.0390095967244482,-0.1670531304825333,0.2450723239314299,12.217,57.1
8357,1922-11-21 00:00:00,0.0055151341835524,-0.2014514081921188,0.2124816765592236,12.217,57.1
8358,1922-11-22 00:00:00,-0.0016857998975623,-0.2090962083921481,0.2057246085970233,12.217,57.1
8359,1922-11-23 00:00:00,0.1381389162413391,-0.0681041955416402,0.3443820280243185,12.217,57.1
8360,1922-11-24 00:00:00,0.3551444642664849,0.1489033440449698,0.5613855844879999,12.217,57.1
8361,1922-11-25 00:00:00,0.1502888520040991,-0.0569091056482421,0.3574868096564405,12.217,57.1
8362,1922-11-26 00:00:00,0.0535336600423028,-0.1533446565254266,0.2604119766100322,12.217,57.1
8363,1922-11-27 00:00:00,0.0676918208425165,-0.1398311212132963,0.2752147628983294,12.217,57.1
8364,1922-11-28 00:00:00,-0.095509655506272,-0.3020658193022729,0.1110465082897289,12.217,57.1
8365,1922-11-29 00:00:00,0.1827115169658596,-0.0233269587927161,0.3887499927244354,12.217,57.1
8366,1922-11-30 00:00:00,0.0801477645606955,-0.1265436050005348,0.2868391341219258,12.217,57.1
8367,1922-12-01 00:00:00,0.0356547640445443,-0.1702887677266588,0.2415982958157474,12.217,57.1
8368,1922-12-02 00:00:00,0.101205978482247,-0.1045494182123032,0.3069613751767974,12.217,57.1
8369,1922-12-03 00:00:00,0.0829492685903193,-0.122889937886438,0.2887884750670766,12.217,57.1
8370,1922-12-04 00:00:00,0.0164309498275938,-0.1898521261090296,0.2227140257642172,12.217,57.1
8371,1922-12-05 00:00:00,0.088547775472262,-0.1172231391569992,0.2943186901015234,12.217,57.1
8372,1922-12-06 00:00:00,0.1828291229468446,-0.0231101582294654,0.3887684041231547,12.217,57.1
8373,1922-12-07 00:00:00,0.0909108333876705,-0.115453633931292,0.2972753007066331,12.217,57.1
8374,1922-12-08 00:00:00,-0.0337735388531189,-0.2398830137246599,0.172335936018422,12.217,57.1
8375,1922-12-09 00:00:00,0.0506576280261194,-0.1553911519488402,0.2567064080010791,12.217,57.1
8376,1922-12-10 00:00:00,0.0168672413359546,-0.1893854638287435,0.2231199465006527,12.217,57.1
8377,1922-12-11 00:00:00,-0.0227878896964179,-0.228497127706188,0.1829213483133522,12.217,57.1
8378,1922-12-12 00:00:00,0.0604132549488534,-0.1451907338000037,0.2660172436977105,12.217,57.1
8379,1922-12-13 00:00:00,0.2525814105720709,0.0468188078427781,0.4583440133013636,12.217,57.1
8380,1922-12-14 00:00:00,0.3873351464141507,0.1811687736051085,0.5935015192231928,12.217,57.1
8381,1922-12-15 00:00:00,0.2942639675167822,0.0881646534012342,0.5003632816323302,12.217,57.1
8382,1922-12-16 00:00:00,0.087272004979525,-0.1184897489304175,0.2930337588894675,12.217,57.1
8383,1922-12-17 00:00:00,0.0323255248656866,-0.173307671827267,0.2379587215586403,12.217,57.1
8384,1922-12-18 00:00:00,0.0436268337554188,-0.1624389057097146,0.2496925732205523,12.217,57.1
8385,1922-12-19 00:00:00,0.1508860363910943,-0.0551335511916227,0.3569056239738114,12.217,57.1
8386,1922-12-20 00:00:00,0.2756591475192349,0.0686918280590822,0.4826264669793876,12.217,57.1
8387,1922-12-21 00:00:00,0.0246515088220537,-0.1830204140468639,0.2323234316909713,12.217,57.1
8388,1922-12-22 00:00:00,0.2533986821602679,0.0463025733347382,0.4604947909857976,12.217,57.1
8389,1922-12-23 00:00:00,0.2555582849276606,0.0487170575888903,0.4623995122664308,12.217,57.1
8390,1922-12-24 00:00:00,0.2837424855512642,0.0772895941214914,0.4901953769810371,12.217,57.1
8391,1922-12-25 00:00:00,0.2112870416953704,0.0046846055741956,0.4178894778165453,12.217,57.1
8392,1922-12-26 00:00:00,0.1905901198183532,-0.0158141690357234,0.3969944086724299,12.217,57.1
8393,1922-12-27 00:00:00,0.3235687415345033,0.1162754035285865,0.5308620795404201,12.217,57.1
8394,1922-12-28 00:00:00,0.2724139146105994,0.0661034326592232,0.4787243965619756,12.217,57.1
8395,1922-12-29 00:00:00,0.2897165662853271,0.0833334130418058,0.4960997195288484,12.217,57.1
8396,1922-12-30 00:00:00,0.350566085906189,0.1432987547756513,0.5578334170367266,12.217,57.1
8397,1922-12-31 00:00:00,0.4118238723970786,0.2031410310672821,0.6205067137268752,12.217,57.1
8398,1923-01-01 00:00:00,0.2258159260571775,0.0181596116644585,0.4334722404498966,12.217,57.1
8399,1923-01-02 00:00:00,0.144465445066436,-0.0613205200979078,0.35025141023078,12.217,57.1
8400,1923-01-03 00:00:00,0.1923428807407082,-0.0150164537122144,0.3997022151936308,12.217,57.1
8401,1923-01-04 00:00:00,0.3133080900898193,0.1060180000369973,0.5205981801426413,12.217,57.1
8402,1923-01-05 00:00:00,0.1211509747192815,-0.0845153210321138,0.3268172704706769,12.217,57.1
8403,1923-01-06 00:00:00,0.1116956723269157,-0.0938187804850317,0.3172101251388631,12.217,57.1
8404,1923-01-07 00:00:00,0.1053234983318083,-0.1002904885393308,0.3109374852029475,12.217,57.1
8405,1923-01-08 00:00:00,0.133623767804699,-0.0720161416223547,0.3392636772317529,12.217,57.1
8406,1923-01-09 00:00:00,0.2099725848592848,0.0036448904742248,0.4163002792443449,12.217,57.1
8407,1923-01-10 00:00:00,0.2496532979736674,0.0423136996164096,0.4569928963309252,12.217,57.1
8408,1923-01-11 00:00:00,0.3519207499325713,0.1449619787519544,0.5588795211131881,12.217,57.1
8409,1923-01-12 00:00:00,0.1243007038234957,-0.0827216968892323,0.3313231045362238,12.217,57.1
8410,1923-01-13 00:00:00,0.0285049133548699,-0.177308017892618,0.2343178446023578,12.217,57.1
8411,1923-01-14 00:00:00,0.0339372165934621,-0.1717479646896513,0.2396223978765756,12.217,57.1
8412,1923-01-15 00:00:00,0.2546487027675311,0.0472354605462212,0.4620619449888409,12.217,57.1
8413,1923-01-16 00:00:00,0.2396751622463266,0.0326293137824104,0.4467210107102429,12.217,57.1
8414,1923-01-17 00:00:00,-0.0633194729118465,-0.2696689935111264,0.1430300476874332,12.217,57.1
8415,1923-01-18 00:00:00,-0.1287635176994877,-0.3347360686806727,0.0772090332816971,12.217,57.1
8416,1923-01-19 00:00:00,-0.0391786323409541,-0.2448624447589604,0.1665051800770521,12.217,57.1
8417,1923-01-20 00:00:00,0.2409531440400915,0.0330617104755078,0.4488445776046753,12.217,57.1
8418,1923-01-21 00:00:00,0.202322434170243,-0.0060580848893968,0.4107029532298829,12.217,57.1
8419,1923-01-22 00:00:00,0.102791131737357,-0.1031287830898417,0.3087110465645558,12.217,57.1
8420,1923-01-23 00:00:00,0.2955237556486582,0.0895658741951265,0.50148163710219,12.217,57.1
8421,1923-01-24 00:00:00,0.1772468928663278,-0.0300404957078088,0.3845342814404645,12.217,57.1
8422,1923-01-25 00:00:00,0.3651548503547818,0.158153636055916,0.5721560646536475,12.217,57.1
8423,1923-01-26 00:00:00,0.3867653477894698,0.1804306165232839,0.5931000790556558,12.217,57.1
8424,1923-01-27 00:00:00,0.3236140142511348,0.1170740787594897,0.53015394974278,12.217,57.1
8425,1923-01-28 00:00:00,0.371088440473975,0.1635489845105007,0.5786278964374493,12.217,57.1
8426,1923-01-29 00:00:00,0.1082088059106172,-0.098458015694447,0.3148756275156815,12.217,57.1
8427,1923-01-30 00:00:00,0.0397272883667034,-0.1663838282423719,0.2458384049757788,12.217,57.1
8428,1923-01-31 00:00:00,0.0645365593507006,-0.1417944476669762,0.2708675663683776,12.217,57.1
8429,1923-02-01 00:00:00,0.0942856460145205,-0.1131311114750912,0.3017024035041323,12.217,57.1
8430,1923-02-02 00:00:00,0.3310133748486579,0.1242985463708076,0.5377282033265081,12.217,57.1
8431,1923-02-03 00:00:00,0.5702611823361747,0.3626093692713674,0.777912995400982,12.217,57.1
8432,1923-02-04 00:00:00,0.2225907922137421,0.0161548076804244,0.4290267767470598,12.217,57.1
8433,1923-02-05 00:00:00,0.0560659873607373,-0.1498165799663433,0.2619485546878179,12.217,57.1
8434,1923-02-06 00:00:00,0.0993858517905502,-0.1068503261368141,0.3056220297179146,12.217,57.1
8435,1923-02-07 00:00:00,0.1414225614173276,-0.0651291887190149,0.3479743115536703,12.217,57.1
8436,1923-02-08 00:00:00,0.2254068654251521,0.0187503747630377,0.4320633560872665,12.217,57.1
8437,1923-02-09 00:00:00,0.0767697858791335,-0.1303930814291982,0.2839326531874653,12.217,57.1
8438,1923-02-10 00:00:00,-0.017307099156744,-0.2238480539431256,0.1892338556296376,12.217,57.1
8439,1923-02-11 00:00:00,-0.0372285141971736,-0.2445895449549554,0.1701325165606081,12.217,57.1
8440,1923-02-12 00:00:00,-0.1058910297583397,-0.3130332675257264,0.1012512080090468,12.217,57.1
8441,1923-02-13 00:00:00,-0.1356202098344123,-0.3417082892444361,0.0704678695756114,12.217,57.1
8442,1923-02-14 00:00:00,-0.1353819906123194,-0.3410821624438312,0.0703181812191923,12.217,57.1
8443,1923-02-15 00:00:00,-0.0773428874273994,-0.2829513043720676,0.1282655295172687,12.217,57.1
8444,1923-02-16 00:00:00,-0.0278504956335322,-0.2334274579223129,0.1777264666552483,12.217,57.1
8445,1923-02-17 00:00:00,-0.0298014110524597,-0.235293972170594,0.1756911500656745,12.217,57.1
8446,1923-02-18 00:00:00,-0.042018010672081,-0.2475791954231435,0.1635431740789815,12.217,57.1
8447,1923-02-19 00:00:00,-0.0082849691573949,-0.213899160903687,0.197329222588897,12.217,57.1
8448,1923-02-20 00:00:00,-0.0047508318039738,-0.2103514018447433,0.2008497382367955,12.217,57.1
8449,1923-02-21 00:00:00,0.0083825219943512,-0.19717271420663,0.2139377581953325,12.217,57.1
8450,1923-02-22 00:00:00,0.0818827470691916,-0.1236970962123141,0.2874625903506974,12.217,57.1
8451,1923-02-23 00:00:00,0.1365878522647369,-0.0691983014181161,0.3423740059475899,12.217,57.1
8452,1923-02-24 00:00:00,0.0759972423580742,-0.129624835117357,0.2816193198335054,12.217,57.1
8453,1923-02-25 00:00:00,0.0420443147940328,-0.1636610092136835,0.2477496388017491,12.217,57.1
8454,1923-02-26 00:00:00,-0.0132148606390779,-0.2188724422238289,0.192442720945673,12.217,57.1
8455,1923-02-27 00:00:00,0.102033625009772,-0.1036403810798651,0.3077076310994093,12.217,57.1
8456,1923-02-28 00:00:00,0.1550608496528466,-0.0511306832801207,0.3612523825858139,12.217,57.1
8457,1923-03-01 00:00:00,0.1693188866904281,-0.0371470878574511,0.3757848612383073,12.217,57.1
8458,1923-03-02 00:00:00,0.1105444793896853,-0.0959119023499847,0.3170008611293554,12.217,57.1
8459,1923-03-03 00:00:00,0.1671111138354037,-0.0393681259011573,0.3735903535719649,12.217,57.1
8460,1923-03-04 00:00:00,-0.0171115488782154,-0.2234254245341759,0.1892023267777451,12.217,57.1
8461,1923-03-05 00:00:00,-0.0903813765616887,-0.2961560346785094,0.115393281555132,12.217,57.1
8462,1923-03-06 00:00:00,0.0145403526477782,-0.1910006888857444,0.2200813941813009,12.217,57.1
8463,1923-03-07 00:00:00,0.126943386441563,-0.0787972811077002,0.3326840539908263,12.217,57.1
8464,1923-03-08 00:00:00,0.063252477054277,-0.1425594365983701,0.2690643907069241,12.217,57.1
8465,1923-03-09 00:00:00,-0.0813592771582617,-0.2868769926237208,0.1241584383071972,12.217,57.1
8466,1923-03-10 00:00:00,-0.0901343994983821,-0.2956449743477086,0.1153761753509444,12.217,57.1
8467,1923-03-11 00:00:00,-0.0977861958007774,-0.3033243312957175,0.1077519396941626,12.217,57.1
8468,1923-03-12 00:00:00,-0.1141367066161064,-0.3196468519005286,0.0913734386683158,12.217,57.1
8469,1923-03-13 00:00:00,-0.0597410158406306,-0.2652451193982099,0.1457630877169485,12.217,57.1
8470,1923-03-14 00:00:00,-0.0575545700477437,-0.2630843106263204,0.1479751705308329,12.217,57.1
8471,1923-03-15 00:00:00,-0.1401189229965044,-0.3458164598033818,0.0655786138103728,12.217,57.1
8472,1923-03-16 00:00:00,-0.1549696232095561,-0.3607455725544745,0.0508063261353623,12.217,57.1
8473,1923-03-17 00:00:00,-0.1387291170953781,-0.3445324982962378,0.0670742641054815,12.217,57.1
8474,1923-03-18 00:00:00,-0.1553761026842209,-0.3611124087457192,0.0503602033772772,12.217,57.1
8475,1923-03-19 00:00:00,-0.0983208869853929,-0.3040041009747671,0.1073623270039813,12.217,57.1
8476,1923-03-20 00:00:00,-0.0523787488906682,-0.2579269520505307,0.1531694542691942,12.217,57.1
8477,1923-03-21 00:00:00,-0.0760803685885243,-0.2816219306580972,0.1294611934810485,12.217,57.1
8478,1923-03-22 00:00:00,-0.0074173011879668,-0.2130599251350071,0.1982253227590733,12.217,57.1
8479,1923-03-23 00:00:00,-0.0228370319059155,-0.228473723722238,0.1827996599104069,12.217,57.1
8480,1923-03-24 00:00:00,0.0108316813413099,-0.1946582756137997,0.2163216382964195,12.217,57.1
8481,1923-03-25 00:00:00,0.0401996509365866,-0.1653890520803259,0.2457883539534992,12.217,57.1
8482,1923-03-26 00:00:00,-0.0225044592005371,-0.2280694388794643,0.18306052047839,12.217,57.1
8483,1923-03-27 00:00:00,-0.0100141687424919,-0.2155265219319732,0.1954981844469893,12.217,57.1
8484,1923-03-28 00:00:00,-0.0251428765601221,-0.2306538174278622,0.1803680643076179,12.217,57.1
8485,1923-03-29 00:00:00,-0.0336510691911318,-0.239123150667466,0.1718210122852024,12.217,57.1
8486,1923-03-30 00:00:00,-0.0603638610335002,-0.2658391505041051,0.1451114284371045,12.217,57.1
8487,1923-03-31 00:00:00,-0.0528063314220696,-0.2583248329310038,0.1527121700868644,12.217,57.1
8488,1923-04-01 00:00:00,-0.0595341375774986,-0.2656017869650638,0.1465335118100665,12.217,57.1
8489,1923-04-02 00:00:00,-0.088082396025581,-0.2938971545675976,0.1177323625164354,12.217,57.1
8490,1923-04-03 00:00:00,-0.0734310373961816,-0.279022564116767,0.1321604893244037,12.217,57.1
8491,1923-04-04 00:00:00,-0.0130075012823389,-0.2185007234273762,0.1924857208626983,12.217,57.1
8492,1923-04-05 00:00:00,-0.005381181147573,-0.2108855173372444,0.2001231550420982,12.217,57.1
8493,1923-04-06 00:00:00,-0.0250033072606053,-0.2306255104578995,0.1806188959366888,12.217,57.1
8494,1923-04-07 00:00:00,-0.0496978320118054,-0.2554766845428093,0.1560810205191983,12.217,57.1
8495,1923-04-08 00:00:00,-0.0570018419406724,-0.2627176629349845,0.1487139790536396,12.217,57.1
8496,1923-04-09 00:00:00,-0.0633756718130106,-0.2689245417807563,0.142173198154735,12.217,57.1
8497,1923-04-10 00:00:00,-0.0319508546668567,-0.2375613999381404,0.173659690604427,12.217,57.1
8498,1923-04-11 00:00:00,0.0265792456522779,-0.1790070928274521,0.2321655841320079,12.217,57.1
8499,1923-04-12 00:00:00,0.039385286786616,-0.1660347204589957,0.2448052940322278,12.217,57.1
8500,1923-04-13 00:00:00,0.0368333047352877,-0.1691811838300776,0.242847793300653,12.217,57.1
8501,1923-04-14 00:00:00,0.2176641704294167,0.0112868827960334,0.4240414580627999,12.217,57.1
8502,1923-04-15 00:00:00,0.0073033338507461,-0.1985918839770659,0.2131985516785581,12.217,57.1
8503,1923-04-16 00:00:00,0.0440145859711627,-0.1619479245881828,0.2499770965305084,12.217,57.1
8504,1923-04-17 00:00:00,-0.0374132506671114,-0.2434843546665913,0.1686578533323684,12.217,57.1
8505,1923-04-18 00:00:00,-0.0794798574976653,-0.2856159519045592,0.1266562369092285,12.217,57.1
8506,1923-04-19 00:00:00,-0.008742371682596,-0.2144286487645081,0.196943905399316,12.217,57.1
8507,1923-04-20 00:00:00,0.0324955127682711,-0.1730124125953926,0.238003438131935,12.217,57.1
8508,1923-04-21 00:00:00,0.0626439119232826,-0.1429986173399215,0.2682864411864869,12.217,57.1
8509,1923-04-22 00:00:00,-0.0299011084627799,-0.2359316814043336,0.1761294644787737,12.217,57.1
8510,1923-04-23 00:00:00,0.0573424517885892,-0.1486685544161604,0.2633534579933388,12.217,57.1
8511,1923-04-24 00:00:00,0.0941466477402791,-0.1114922823146047,0.299785577795163,12.217,57.1
8512,1923-04-25 00:00:00,0.0992174775326483,-0.1067488759659132,0.3051838310312099,12.217,57.1
8513,1923-04-26 00:00:00,0.1423537282262919,-0.0636410228487631,0.348348479301347,12.217,57.1
8514,1923-04-27 00:00:00,0.1782991966525693,-0.0274668329662035,0.3840652262713423,12.217,57.1
8515,1923-04-28 00:00:00,0.2065535464356808,0.0005577987884947,0.4125492940828668,12.217,57.1
8516,1923-04-29 00:00:00,0.1788204989961608,-0.0268646720439704,0.3845056700362922,12.217,57.1
8517,1923-04-30 00:00:00,0.1017012739461867,-0.1038479579671504,0.3072505058595238,12.217,57.1
8518,1923-05-01 00:00:00,0.110571096807168,-0.0950869622576525,0.3162291558719886,12.217,57.1
8519,1923-05-02 00:00:00,0.2405184261801324,0.0345934025646774,0.4464434497955873,12.217,57.1
8520,1923-05-03 00:00:00,0.0225497661570875,-0.1832068020588232,0.2283063343729983,12.217,57.1
8521,1923-05-04 00:00:00,0.0567452592027323,-0.1487137033988234,0.262204221804288,12.217,57.1
8522,1923-05-05 00:00:00,0.1014978794521636,-0.1040046810472587,0.3070004399515861,12.217,57.1
8523,1923-05-06 00:00:00,0.0638048913469976,-0.1418276688441666,0.2694374515381618,12.217,57.1
8524,1923-05-07 00:00:00,0.1504838236509509,-0.0561757007025064,0.3571433480044083,12.217,57.1
8525,1923-05-08 00:00:00,0.0569957737986763,-0.1492365121006882,0.263228059698041,12.217,57.1
8526,1923-05-09 00:00:00,0.0805628849889696,-0.1251127103358745,0.2862384803138138,12.217,57.1
8527,1923-05-10 00:00:00,0.1044865794577381,-0.1012006462884997,0.3101738052039761,12.217,57.1
8528,1923-05-11 00:00:00,0.1153415317435108,-0.0901820219880917,0.3208650854751135,12.217,57.1
8529,1923-05-12 00:00:00,0.1505610131038905,-0.0552846705933452,0.3564066968011263,12.217,57.1
8530,1923-05-13 00:00:00,0.1703958672540253,-0.036154071657342,0.3769458061653927,12.217,57.1
8531,1923-05-14 00:00:00,0.1764667098324119,-0.0301306343149828,0.3830640539798066,12.217,57.1
8532,1923-05-15 00:00:00,0.2317022087662996,0.0250924224318722,0.438311995100727,12.217,57.1
8533,1923-05-16 00:00:00,0.1158356549588779,-0.0903851592108429,0.3220564691285989,12.217,57.1
8534,1923-05-17 00:00:00,0.1665212950705751,-0.0396091030665033,0.3726516932076535,12.217,57.1
8535,1923-05-18 00:00:00,0.0822451422864977,-0.1247055874339591,0.2891958720069545,12.217,57.1
8536,1923-05-19 00:00:00,0.0944064285744226,-0.1111771163984702,0.2999899735473154,12.217,57.1
8537,1923-05-20 00:00:00,0.1132324264818624,-0.0927981135337764,0.3192629664975014,12.217,57.1
8538,1923-05-21 00:00:00,0.1184272212221493,-0.0872474857007758,0.3241019281450745,12.217,57.1
8539,1923-05-22 00:00:00,0.1258231171829431,-0.0799469756250108,0.3315932099908971,12.217,57.1
8540,1923-05-23 00:00:00,0.1426229212360615,-0.0629813653662823,0.3482272078384054,12.217,57.1
8541,1923-05-24 00:00:00,0.0836165180022673,-0.1220353731707408,0.2892684091752756,12.217,57.1
8542,1923-05-25 00:00:00,0.1348179341566569,-0.070838757024379,0.3404746253376929,12.217,57.1
8543,1923-05-26 00:00:00,0.1062372568872384,-0.0996711259432568,0.3121456397177337,12.217,57.1
8544,1923-05-27 00:00:00,0.0082456099189776,-0.1975901881931938,0.214081408031149,12.217,57.1
8545,1923-05-28 00:00:00,-0.0466821965070094,-0.2527367778582003,0.1593723848441814,12.217,57.1
8546,1923-05-29 00:00:00,-0.0162507481462243,-0.2218560447383284,0.1893545484458798,12.217,57.1
8547,1923-05-30 00:00:00,0.0120731437299089,-0.1934274312671104,0.2175737187269283,12.217,57.1
8548,1923-05-31 00:00:00,0.004627923260316,-0.2009189413908673,0.2101747879114993,12.217,57.1
8549,1923-06-01 00:00:00,-0.0256726710653506,-0.2312083148782445,0.1798629727475433,12.217,57.1
8550,1923-06-02 00:00:00,-0.0095873594110936,-0.215097696736524,0.1959229779143367,12.217,57.1
8551,1923-06-03 00:00:00,0.0435875877438196,-0.1619215180061243,0.2490966934937637,12.217,57.1
8552,1923-06-04 00:00:00,0.1507753561889644,-0.0548375661806571,0.356388278558586,12.217,57.1
8553,1923-06-05 00:00:00,0.1044758928554431,-0.1012790916973927,0.310230877408279,12.217,57.1
8554,1923-06-06 00:00:00,0.0899926560205628,-0.1155555787512751,0.2955408907924008,12.217,57.1
8555,1923-06-07 00:00:00,0.0733343083501956,-0.1321822072317582,0.2788508239321495,12.217,57.1
8556,1923-06-08 00:00:00,0.1075832575122108,-0.0980091618389622,0.3131756768633839,12.217,57.1
8557,1923-06-09 00:00:00,0.2364106978566203,0.0306944374990748,0.4421269582141658,12.217,57.1
8558,1923-06-10 00:00:00,0.3309625113512108,0.1245125177051482,0.5374125049972736,12.217,57.1
8559,1923-06-11 00:00:00,0.2803370191108519,0.0742331091195803,0.4864409291021234,12.217,57.1
8560,1923-06-12 00:00:00,0.2733373617209939,0.0670811383914232,0.4795935850505645,12.217,57.1
8561,1923-06-13 00:00:00,0.1729984562426322,-0.0329844648256172,0.3789813773108818,12.217,57.1
8562,1923-06-14 00:00:00,0.1682691910459182,-0.0373447792504334,0.3738831613422698,12.217,57.1
8563,1923-06-15 00:00:00,0.1792477510691665,-0.0265615722608344,0.3850570743991673,12.217,57.1
8564,1923-06-16 00:00:00,0.2738061529455771,0.0677273576383816,0.4798849482527725,12.217,57.1
8565,1923-06-17 00:00:00,0.1293330501768759,-0.0766045990636488,0.3352706994174006,12.217,57.1
8566,1923-06-18 00:00:00,-0.0256929471126234,-0.2312995540954122,0.1799136598701653,12.217,57.1
8567,1923-06-19 00:00:00,-0.0353937359333554,-0.2409099226714602,0.1701224508047493,12.217,57.1
8568,1923-06-20 00:00:00,0.081472271877004,-0.1241535572436694,0.2870981009976776,12.217,57.1
8569,1923-06-21 00:00:00,0.0785234852159939,-0.1269716592013523,0.2840186296333402,12.217,57.1
8570,1923-06-22 00:00:00,0.2353504557757104,0.029753099378568,0.4409478121728528,12.217,57.1
8571,1923-06-23 00:00:00,0.2038659714888118,-0.0019117882566131,0.4096437312342368,12.217,57.1
8572,1923-06-24 00:00:00,0.3754946517726328,0.1692938533849368,0.5816954501603288,12.217,57.1
8573,1923-06-25 00:00:00,0.2647159912785802,0.0581299273311596,0.4713020552260008,12.217,57.1
8574,1923-06-26 00:00:00,0.1711339315410948,-0.0345906784290944,0.376858541511284,12.217,57.1
8575,1923-06-27 00:00:00,0.1207323902975609,-0.084783187026173,0.3262479676212949,12.217,57.1
8576,1923-06-28 00:00:00,0.0333889883377042,-0.1722030172161552,0.2389809938915638,12.217,57.1
8577,1923-06-29 00:00:00,0.036672599768244,-0.1688089979720104,0.2421541975084986,12.217,57.1
8578,1923-06-30 00:00:00,0.0722472557020423,-0.1331691692964574,0.2776636807005421,12.217,57.1
8579,1923-07-01 00:00:00,0.0942059343947266,-0.1111990978977425,0.2996109666871958,12.217,57.1
8580,1923-07-02 00:00:00,0.0450484764678489,-0.1603783291947862,0.250475282130484,12.217,57.1
8581,1923-07-03 00:00:00,0.0538991393890183,-0.1515445109292622,0.2593427897072988,12.217,57.1
8582,1923-07-04 00:00:00,0.0690817268106067,-0.1364564332509951,0.2746198868722087,12.217,57.1
8583,1923-07-05 00:00:00,0.0247303040724301,-0.1808439566712359,0.2303045648160962,12.217,57.1
8584,1923-07-06 00:00:00,-0.0025097364502409,-0.2079887904893958,0.2029693175889138,12.217,57.1
8585,1923-07-07 00:00:00,-0.0357442027449518,-0.2412131750777277,0.1697247695878241,12.217,57.1
8586,1923-07-08 00:00:00,-0.0138595734423428,-0.2193048322240086,0.1915856853393229,12.217,57.1
8587,1923-07-09 00:00:00,0.0214912496542541,-0.1839851592345761,0.2269676585430843,12.217,57.1
8588,1923-07-10 00:00:00,-0.0298318476415545,-0.2353581926918757,0.1756944974087665,12.217,57.1
8589,1923-07-11 00:00:00,-0.0401086508503822,-0.2456834305674448,0.1654661288666803,12.217,57.1
8590,1923-07-12 00:00:00,-0.0134207477472309,-0.2189157258509754,0.1920742303565135,12.217,57.1
8591,1923-07-13 00:00:00,0.033077069608993,-0.1724848866661396,0.2386390258841258,12.217,57.1
8592,1923-07-14 00:00:00,0.0178089524850951,-0.1880304818366777,0.2236483868068681,12.217,57.1
8593,1923-07-15 00:00:00,0.0215009503789951,-0.1840901903158636,0.2270920910738539,12.217,57.1
8594,1923-07-16 00:00:00,0.1113045712485941,-0.0941982390145566,0.3168073815117448,12.217,57.1
8595,1923-07-17 00:00:00,0.0963803152921991,-0.1092480257026582,0.3020086562870564,12.217,57.1
8596,1923-07-18 00:00:00,0.0993596821797116,-0.1062777378116722,0.3049971021710955,12.217,57.1
8597,1923-07-19 00:00:00,0.0834561637578207,-0.1220024770654235,0.288914804581065,12.217,57.1
8598,1923-07-20 00:00:00,0.1561773029494741,-0.0494498265639472,0.3618044324628955,12.217,57.1
8599,1923-07-21 00:00:00,0.1715754044705223,-0.0342479106795587,0.3773987196206035,12.217,57.1
8600,1923-07-22 00:00:00,0.2165354876936088,0.0106957906147365,0.4223751847724812,12.217,57.1
8601,1923-07-23 00:00:00,0.1419032973522789,-0.0640309846720724,0.3478375793766303,12.217,57.1
8602,1923-07-24 00:00:00,0.3063764561465436,0.1006963564876598,0.5120565558054273,12.217,57.1
8603,1923-07-25 00:00:00,0.2295361500484442,0.0238380986686759,0.4352342014282124,12.217,57.1
8604,1923-07-26 00:00:00,0.1705069209739884,-0.0351609189145887,0.3761747608625655,12.217,57.1
8605,1923-07-27 00:00:00,0.2014372970190693,-0.0042544461680844,0.4071290402062231,12.217,57.1
8606,1923-07-28 00:00:00,0.1882114263193119,-0.0175255255372508,0.3939483781758748,12.217,57.1
8607,1923-07-29 00:00:00,0.1791587158839207,-0.0265762040751002,0.3848936358429417,12.217,57.1
8608,1923-07-30 00:00:00,0.1436091512510761,-0.0623298679646026,0.3495481704667549,12.217,57.1
8609,1923-07-31 00:00:00,0.1657479459843368,-0.0402317817676526,0.3717276737363262,12.217,57.1
8610,1923-08-01 00:00:00,0.2184336877041106,0.0128565021283618,0.4240108732798593,12.217,57.1
8611,1923-08-02 00:00:00,0.1613883352453649,-0.0450251270572447,0.3678017975479747,12.217,57.1
8612,1923-08-03 00:00:00,0.1456283746548343,-0.0606211602892345,0.3518779095989032,12.217,57.1
8613,1923-08-04 00:00:00,0.1889658365287404,-0.0172392881660855,0.3951709612235664,12.217,57.1
8614,1923-08-05 00:00:00,0.2835936497211552,0.0768732207054934,0.490314078736817,12.217,57.1
8615,1923-08-06 00:00:00,0.0756250185919525,-0.1306660428229636,0.2819160800068687,12.217,57.1
8616,1923-08-07 00:00:00,0.0543299145020327,-0.1510891650328989,0.2597489940369645,12.217,57.1
8617,1923-08-08 00:00:00,0.0453237921310608,-0.1600923786123911,0.2507399628745128,12.217,57.1
8618,1923-08-09 00:00:00,0.0652447733277282,-0.1401868989196794,0.2706764455751358,12.217,57.1
8619,1923-08-10 00:00:00,0.1358639230340369,-0.0697594769863247,0.3414873230543985,12.217,57.1
8620,1923-08-11 00:00:00,0.1969193810686232,-0.0089014059451384,0.4027401680823849,12.217,57.1
8621,1923-08-12 00:00:00,0.1109031806635209,-0.0948318880005746,0.3166382493276164,12.217,57.1
8622,1923-08-13 00:00:00,0.0284073437936982,-0.1771181635865504,0.233932851173947,12.217,57.1
8623,1923-08-14 00:00:00,0.0848916549338698,-0.1206999853953156,0.2904832952630554,12.217,57.1
8624,1923-08-15 00:00:00,0.1383818267066862,-0.0676895899787525,0.3444532433921249,12.217,57.1
8625,1923-08-16 00:00:00,0.1004207424306179,-0.1051779411740553,0.3060194260352913,12.217,57.1
8626,1923-08-17 00:00:00,0.1977634526574498,-0.0080829452331228,0.4036098505480226,12.217,57.1
8627,1923-08-18 00:00:00,0.1772328353274759,-0.0283845990436853,0.3828502696986372,12.217,57.1
8628,1923-08-19 00:00:00,0.095705649997369,-0.1100083882858073,0.3014196882805455,12.217,57.1
8629,1923-08-20 00:00:00,0.0272139839758364,-0.1784892480347246,0.2329172159863975,12.217,57.1
8630,1923-08-21 00:00:00,0.0496198756068246,-0.1560123068634546,0.2552520580771039,12.217,57.1
8631,1923-08-22 00:00:00,0.201520428602154,-0.0048320844315912,0.4078729416358992,12.217,57.1
8632,1923-08-23 00:00:00,0.189320678735482,-0.0183236713074375,0.3969650287784017,12.217,57.1
8633,1923-08-24 00:00:00,0.209761517811941,0.003622473211506,0.4159005624123761,12.217,57.1
8634,1923-08-25 00:00:00,0.2199961176721878,0.0139425490730524,0.4260496862713232,12.217,57.1
8635,1923-08-26 00:00:00,0.158136804499431,-0.047849420381405,0.3641230293802671,12.217,57.1
8636,1923-08-27 00:00:00,0.2181815330707694,0.0122389817999873,0.4241240843415516,12.217,57.1
8637,1923-08-28 00:00:00,0.2101543074552966,0.0043986596627643,0.4159099552478289,12.217,57.1
8638,1923-08-29 00:00:00,0.2037443747568487,-0.0019040264204598,0.4093927759341574,12.217,57.1
8639,1923-08-30 00:00:00,0.1464827545689485,-0.0592734246478261,0.3522389337857232,12.217,57.1
8640,1923-08-31 00:00:00,0.297436702030157,0.0892680582714163,0.5056053457888977,12.217,57.1
8641,1923-09-01 00:00:00,0.2398186753679494,0.0320070984988708,0.4476302522370281,12.217,57.1
8642,1923-09-02 00:00:00,0.0287448064942728,-0.1772444443170814,0.2347340573056271,12.217,57.1
8643,1923-09-03 00:00:00,0.2003041430467752,-0.0057608198371968,0.4063691059307472,12.217,57.1
8644,1923-09-04 00:00:00,0.0633958327594713,-0.1425516169881203,0.2693432825070631,12.217,57.1
8645,1923-09-05 00:00:00,0.0961344255367179,-0.1094038389058229,0.3016726899792588,12.217,57.1
8646,1923-09-06 00:00:00,0.1417367602759223,-0.0637937633731467,0.3472672839249915,12.217,57.1
8647,1923-09-07 00:00:00,0.0494818803168789,-0.1561782725366288,0.2551420331703867,12.217,57.1
8648,1923-09-08 00:00:00,0.2284889409129119,0.0223959698405958,0.434581911985228,12.217,57.1
8649,1923-09-09 00:00:00,0.0922886712512444,-0.1139680359224876,0.2985453784249766,12.217,57.1
8650,1923-09-10 00:00:00,0.2478531230899388,0.0414477491525517,0.4542584970273258,12.217,57.1
8651,1923-09-11 00:00:00,0.1708754312406486,-0.0355889359544601,0.3773397984357574,12.217,57.1
8652,1923-09-12 00:00:00,0.1655023973026655,-0.040644564841785,0.3716493594471161,12.217,57.1
8653,1923-09-13 00:00:00,0.3576591665385563,0.1509180525718262,0.5644002805052863,12.217,57.1
8654,1923-09-14 00:00:00,0.0682793836360131,-0.137672226599108,0.2742309938711343,12.217,57.1
8655,1923-09-15 00:00:00,0.1784172382825897,-0.0275400051919887,0.3843744817571682,12.217,57.1
8656,1923-09-16 00:00:00,0.2000141600640853,-0.0058466724891794,0.4058749926173501,12.217,57.1
8657,1923-09-17 00:00:00,0.1059833751231838,-0.1001572696368864,0.3121240198832542,12.217,57.1
8658,1923-09-18 00:00:00,0.0592880967706976,-0.1466814069077194,0.2652576004491147,12.217,57.1
8659,1923-09-19 00:00:00,0.2980486454021511,0.0913634415894213,0.5047338492148807,12.217,57.1
8660,1923-09-20 00:00:00,0.0973491373348258,-0.1094807757119453,0.3041790503815971,12.217,57.1
8661,1923-09-21 00:00:00,0.2292774066467743,0.0227222933993666,0.435832519894182,12.217,57.1
8662,1923-09-22 00:00:00,0.1257205823312675,-0.0806109907644207,0.3320521554269559,12.217,57.1
8663,1923-09-23 00:00:00,0.1701680636984194,-0.03588695425754,0.376223081654379,12.217,57.1
8664,1923-09-24 00:00:00,0.2306975782433809,0.0245373973062823,0.4368577591804795,12.217,57.1
8665,1923-09-25 00:00:00,0.1434904992428206,-0.0626150002176109,0.3495959987032522,12.217,57.1
8666,1923-09-26 00:00:00,0.1155025325279051,-0.0905069643949114,0.3215120294507217,12.217,57.1
8667,1923-09-27 00:00:00,0.0301878363351018,-0.1754977595677997,0.2358734322380035,12.217,57.1
8668,1923-09-28 00:00:00,-0.0126845978061342,-0.218253206242741,0.1928840106304725,12.217,57.1
8669,1923-09-29 00:00:00,0.2065033977725891,0.0003667432228897,0.4126400523222885,12.217,57.1
8670,1923-09-30 00:00:00,0.1668780653684548,-0.0396421375726813,0.3733982683095909,12.217,57.1
8671,1923-10-01 00:00:00,0.0571655402124774,-0.1484761631700847,0.2628072435950396,12.217,57.1
8672,1923-10-02 00:00:00,0.1899926802196496,-0.0156878701625738,0.3956732306018731,12.217,57.1
8673,1923-10-03 00:00:00,0.1658452678732532,-0.0402614613007878,0.3719519970472942,12.217,57.1
8674,1923-10-04 00:00:00,0.1158617471193529,-0.0900459509608751,0.321769445199581,12.217,57.1
8675,1923-10-05 00:00:00,0.0356172407399059,-0.1702440666296127,0.2414785481094246,12.217,57.1
8676,1923-10-06 00:00:00,0.0262653503832763,-0.179197659571335,0.2317283603378878,12.217,57.1
8677,1923-10-07 00:00:00,0.0992627370572057,-0.1063200314665303,0.3048455055809417,12.217,57.1
8678,1923-10-08 00:00:00,0.1342979149563028,-0.0713948396714462,0.3399906695840519,12.217,57.1
8679,1923-10-09 00:00:00,0.1699066094814971,-0.0358974966576875,0.3757107156206818,12.217,57.1
8680,1923-10-10 00:00:00,0.261894026581397,0.0556305815791279,0.4681574715836661,12.217,57.1
8681,1923-10-11 00:00:00,0.4081643430838031,0.20100646330302,0.6153222228645862,12.217,57.1
8682,1923-10-12 00:00:00,0.4293592394492825,0.2226186350322613,0.6360998438663037,12.217,57.1
8683,1923-10-13 00:00:00,0.2395053061361348,0.0330118987903494,0.4459987134819202,12.217,57.1
8684,1923-10-14 00:00:00,0.3900291911038062,0.1808869789816472,0.5991714032259652,12.217,57.1
8685,1923-10-15 00:00:00,0.2464688302150573,0.0402024165939033,0.4527352438362113,12.217,57.1
8686,1923-10-16 00:00:00,0.1425443755099814,-0.0630169387227402,0.3481056897427032,12.217,57.1
8687,1923-10-17 00:00:00,0.0984847571097507,-0.1072777966640258,0.3042473108835273,12.217,57.1
8688,1923-10-18 00:00:00,0.1436182681807024,-0.0620538983483728,0.3492904347097777,12.217,57.1
8689,1923-10-19 00:00:00,0.0460297583192668,-0.1595531086224164,0.2516126252609501,12.217,57.1
8690,1923-10-20 00:00:00,0.2055779970063334,-0.000400264948094,0.4115562589607609,12.217,57.1
8691,1923-10-21 00:00:00,0.1476304715571564,-0.0582467706866821,0.353507713800995,12.217,57.1
8692,1923-10-22 00:00:00,0.3163194455501832,0.1102352002632215,0.5224036908371449,12.217,57.1
8693,1923-10-23 00:00:00,0.3109391862825704,0.1042857157664365,0.5175926567987043,12.217,57.1
8694,1923-10-24 00:00:00,0.3122681663831936,0.1048239380552624,0.5197123947111248,12.217,57.1
8695,1923-10-25 00:00:00,0.4135806479288774,0.2051233881317556,0.6220379077259993,12.217,57.1
8696,1923-10-26 00:00:00,0.4338949016235478,0.227658243803224,0.6401315594438716,12.217,57.1
8697,1923-10-27 00:00:00,0.2456435742685609,0.0389385660857636,0.4523485824513581,12.217,57.1
8698,1923-10-28 00:00:00,0.2291173729646625,0.0220983479321124,0.4361363979972126,12.217,57.1
8699,1923-10-29 00:00:00,0.1953510174928873,-0.0111328201576377,0.4018348551434124,12.217,57.1
8700,1923-10-30 00:00:00,0.176896159239369,-0.0294453382991199,0.383237656777858,12.217,57.1
8701,1923-10-31 00:00:00,0.1977729017199531,-0.0080067789406538,0.40355258238056,12.217,57.1
8702,1923-11-01 00:00:00,0.1497198174487626,-0.0559424470533702,0.3553820819508955,12.217,57.1
8703,1923-11-02 00:00:00,0.0415234451126831,-0.1640977116017107,0.2471446018270769,12.217,57.1
8704,1923-11-03 00:00:00,0.1195319050192942,-0.0861510778135749,0.3252148878521635,12.217,57.1
8705,1923-11-04 00:00:00,0.2714575308766233,0.065331762652158,0.4775832991010886,12.217,57.1
8706,1923-11-05 00:00:00,0.5371404155155866,0.3301036829432153,0.7441771480879578,12.217,57.1
8707,1923-11-06 00:00:00,0.3554124137950251,0.1484725119488059,0.5623523156412442,12.217,57.1
8708,1923-11-07 00:00:00,0.1213383062891302,-0.0845010226919407,0.3271776352702013,12.217,57.1
8709,1923-11-08 00:00:00,0.0835150137202615,-0.1221168776175891,0.2891469050581122,12.217,57.1
8710,1923-11-09 00:00:00,0.047032162752159,-0.1586303449133883,0.2526946704177064,12.217,57.1
8711,1923-11-10 00:00:00,-0.0193402241734255,-0.2290188977320465,0.1903384493851953,12.217,57.1
8712,1923-11-11 00:00:00,-0.1174367230068994,-0.326752685460788,0.0918792394469892,12.217,57.1
8713,1923-11-12 00:00:00,0.1247292402544162,-0.0808084553318848,0.3302669358407173,12.217,57.1
8714,1923-11-13 00:00:00,0.4515679936162116,0.2445450248973305,0.6585909623350927,12.217,57.1
8715,1923-11-14 00:00:00,0.3582513200277502,0.1514599491958791,0.5650426908596213,12.217,57.1
8716,1923-11-15 00:00:00,0.3904969137462687,0.1818628705680877,0.5991309569244497,12.217,57.1
8717,1923-11-16 00:00:00,0.3774097515107107,0.1691383497633389,0.5856811532580826,12.217,57.1
8718,1923-11-17 00:00:00,0.5204453150178359,0.3114278315106785,0.7294627985249932,12.217,57.1
8719,1923-11-18 00:00:00,0.3237940470013065,0.1161944673684497,0.5313936266341633,12.217,57.1
8720,1923-11-19 00:00:00,0.338565276925567,0.1322159721017201,0.5449145817494138,12.217,57.1
8721,1923-11-20 00:00:00,0.1929657583340851,-0.0134655869382197,0.3993971036063899,12.217,57.1
8722,1923-11-21 00:00:00,0.1349422622750307,-0.0737369894143378,0.3436215139643992,12.217,57.1
8723,1923-11-22 00:00:00,0.0296878411709497,-0.1788278741211619,0.2382035564630613,12.217,57.1
8724,1923-11-23 00:00:00,-0.0147407529592706,-0.2203992975137909,0.1909177915952496,12.217,57.1
8725,1923-11-24 00:00:00,-0.0548241660103074,-0.2605483378721133,0.1509000058514983,12.217,57.1
8726,1923-11-25 00:00:00,0.0055424622338624,-0.2001940948126836,0.2112790192804085,12.217,57.1
8727,1923-11-26 00:00:00,0.1215847152115811,-0.0844188599798373,0.3275882904029996,12.217,57.1
8728,1923-11-27 00:00:00,0.0459353750708581,-0.1600826103088704,0.2519533604505868,12.217,57.1
8729,1923-11-28 00:00:00,-0.0308222410273054,-0.2363793069489911,0.1747348248943802,12.217,57.1
8730,1923-11-29 00:00:00,-0.0934732938881585,-0.2999089892561981,0.1129624014798811,12.217,57.1
8731,1923-11-30 00:00:00,0.2079489874296691,0.0005147945168763,0.4153831803424618,12.217,57.1
8732,1923-12-01 00:00:00,-0.0083879630830686,-0.2151240481783553,0.198348122012218,12.217,57.1
8733,1923-12-02 00:00:00,0.0756340916100495,-0.1301909617595943,0.2814591449796934,12.217,57.1
8734,1923-12-03 00:00:00,0.0916773159916945,-0.1143152939239758,0.2976699259073649,12.217,57.1
8735,1923-12-04 00:00:00,0.0684071483595388,-0.1374235735189438,0.2742378702380215,12.217,57.1
8736,1923-12-05 00:00:00,0.1074166132119147,-0.0981025457805575,0.312935772204387,12.217,57.1
8737,1923-12-06 00:00:00,0.0302755633529565,-0.1753393876164395,0.2358905143223525,12.217,57.1
8738,1923-12-07 00:00:00,-0.0085565304458021,-0.2141356350131891,0.1970225741215847,12.217,57.1
8739,1923-12-08 00:00:00,0.0462495704102156,-0.1592076820121132,0.2517068228325445,12.217,57.1
8740,1923-12-09 00:00:00,0.1596418296049734,-0.0459807235950887,0.3652643828050355,12.217,57.1
8741,1923-12-10 00:00:00,0.0633398277466524,-0.1423839395867033,0.2690635950800081,12.217,57.1
8742,1923-12-11 00:00:00,0.0261662637939632,-0.1793933183104467,0.231725845898373,12.217,57.1
8743,1923-12-12 00:00:00,0.02868168702035,-0.1771067559412488,0.234470129981949,12.217,57.1
8744,1923-12-13 00:00:00,-0.0136682581827053,-0.219267158542246,0.1919306421768353,12.217,57.1
8745,1923-12-14 00:00:00,-0.0004985258317006,-0.2061136264794272,0.2051165748160259,12.217,57.1
8746,1923-12-15 00:00:00,0.1616590393272453,-0.0444454752754401,0.3677635539299309,12.217,57.1
8747,1923-12-16 00:00:00,0.0961792158244286,-0.1098782209054875,0.3022366525543449,12.217,57.1
8748,1923-12-17 00:00:00,0.3150771718798667,0.1087459945514387,0.5214083492082947,12.217,57.1
8749,1923-12-18 00:00:00,0.1897718407557337,-0.0171117810203521,0.3966554625318196,12.217,57.1
8750,1923-12-19 00:00:00,0.3139599170043464,0.1057115760852608,0.5222082579234321,12.217,57.1
8751,1923-12-20 00:00:00,0.0422571925716512,-0.166311480316592,0.2508258654598946,12.217,57.1
8752,1923-12-21 00:00:00,-0.0518083173559415,-0.2576811667031289,0.1540645319912458,12.217,57.1
8753,1923-12-22 00:00:00,-0.0262783530184516,-0.231949632193184,0.1793929261562807,12.217,57.1
8754,1923-12-23 00:00:00,0.017772762013472,-0.1882331407072213,0.2237786647341654,12.217,57.1
8755,1923-12-24 00:00:00,0.0372875903486107,-0.1684443416608689,0.2430195223580903,12.217,57.1
8756,1923-12-25 00:00:00,0.0566518800551553,-0.1497360685079452,0.2630398286182558,12.217,57.1
8757,1923-12-26 00:00:00,-0.0101222561941992,-0.2163729733207797,0.1961284609323811,12.217,57.1
8758,1923-12-27 00:00:00,0.0437099354190007,-0.1620543309752372,0.2494742018132386,12.217,57.1
8759,1923-12-28 00:00:00,0.1399660577646878,-0.0657228865554646,0.3456550020848403,12.217,57.1
8760,1923-12-29 00:00:00,0.0012139476048452,-0.2052326833436895,0.20766057855338,12.217,57.1
8761,1923-12-30 00:00:00,-0.142358248769359,-0.3489609573070532,0.0642444597683351,12.217,57.1
8762,1923-12-31 00:00:00,-0.1145975762540829,-0.3211391287570964,0.0919439762489304,12.217,57.1
8763,1924-01-01 00:00:00,-0.1306785766466454,-0.3368695849514562,0.0755124316581653,12.217,57.1
8764,1924-01-02 00:00:00,-0.0963322703694825,-0.302358826391688,0.109694285652723,12.217,57.1
8765,1924-01-03 00:00:00,-0.0516317036806396,-0.2573964406958184,0.1541330333345391,12.217,57.1
8766,1924-01-04 00:00:00,-0.0541236686132515,-0.2598313475563811,0.151584010329878,12.217,57.1
8767,1924-01-05 00:00:00,-0.1188485024120196,-0.3246360767423899,0.0869390719183506,12.217,57.1
8768,1924-01-06 00:00:00,-0.0580372343627218,-0.2636811177252138,0.1476066489997701,12.217,57.1
8769,1924-01-07 00:00:00,-0.0467656999960031,-0.2524607938481131,0.1589293938561068,12.217,57.1
8770,1924-01-08 00:00:00,-0.0784684681877743,-0.2844260924707287,0.12748915609518,12.217,57.1
8771,1924-01-09 00:00:00,-0.0790644196625896,-0.2872716794884493,0.12914284016327,12.217,57.1
8772,1924-01-10 00:00:00,0.0928321265851254,-0.1145892221918988,0.3002534753621496,12.217,57.1
8773,1924-01-11 00:00:00,0.1760019165170452,-0.0300163757347328,0.3820202087688233,12.217,57.1
8774,1924-01-12 00:00:00,0.1778857868215521,-0.0284499670261492,0.3842215406692536,12.217,57.1
8775,1924-01-13 00:00:00,0.1850473327961321,-0.0220072500246327,0.392101915616897,12.217,57.1
8776,1924-01-14 00:00:00,0.1989445217452565,-0.0075619580868509,0.4054510015773639,12.217,57.1
8777,1924-01-15 00:00:00,0.1484583547271372,-0.0572811342410472,0.3541978436953217,12.217,57.1
8778,1924-01-16 00:00:00,0.0423310903395384,-0.1632396197099039,0.2479018003889808,12.217,57.1
8779,1924-01-17 00:00:00,-0.057748489657466,-0.263374196339941,0.1478772170250089,12.217,57.1
8780,1924-01-18 00:00:00,0.0165020314180884,-0.1891634527024861,0.222167515538663,12.217,57.1
8781,1924-01-19 00:00:00,0.04578455754429,-0.1600808142208557,0.2516499293094357,12.217,57.1
8782,1924-01-20 00:00:00,0.1715239987053165,-0.0347601107561622,0.3778081081667953,12.217,57.1
8783,1924-01-21 00:00:00,0.0899278805511788,-0.1166087368010986,0.2964644979034563,12.217,57.1
8784,1924-01-22 00:00:00,0.0310014429074307,-0.1750507759076296,0.2370536617224911,12.217,57.1
8785,1924-01-23 00:00:00,-0.157057172613293,-0.3632299684490874,0.0491156232225012,12.217,57.1
8786,1924-01-24 00:00:00,-0.017923354734785,-0.2241768032878008,0.1883300938182307,12.217,57.1
8787,1924-01-25 00:00:00,0.0330202124576674,-0.172861728089315,0.2389021530046498,12.217,57.1
8788,1924-01-26 00:00:00,-0.0286284737395911,-0.234293886355906,0.1770369388767238,12.217,57.1
8789,1924-01-27 00:00:00,0.0816642822639271,-0.1243415779682639,0.2876701424961181,12.217,57.1
8790,1924-01-28 00:00:00,0.3231978681984843,0.115629059660491,0.5307666767364776,12.217,57.1
8791,1924-01-29 00:00:00,0.0019203978214249,-0.205048067378504,0.2088888630213539,12.217,57.1
8792,1924-01-30 00:00:00,-0.0502266767701299,-0.2564571524227485,0.1560037988824886,12.217,57.1
8793,1924-01-31 00:00:00,0.0459810298843344,-0.1596049769854644,0.2515670367541333,12.217,57.1
8794,1924-02-01 00:00:00,0.1229482126304401,-0.0826540634324117,0.328550488693292,12.217,57.1
8795,1924-02-02 00:00:00,0.1842531817800962,-0.021487715164705,0.3899940787248976,12.217,57.1
8796,1924-02-03 00:00:00,0.3401146774752391,0.1318160092309523,0.5484133457195259,12.217,57.1
8797,1924-02-04 00:00:00,0.1344444019621894,-0.0738583401415127,0.3427471440658916,12.217,57.1
8798,1924-02-05 00:00:00,0.254652763594112,0.0482059809676055,0.4610995462206184,12.217,57.1
8799,1924-02-06 00:00:00,0.5109613998136101,0.2999646510954402,0.72195814853178,12.217,57.1
8800,1924-02-07 00:00:00,0.0904332997100794,-0.1221945441532974,0.3030611435734563,12.217,57.1
8801,1924-02-08 00:00:00,-0.0082772407130551,-0.2142129458759363,0.1976584644498259,12.217,57.1
8802,1924-02-09 00:00:00,0.0254755222019215,-0.1800416129187658,0.2309926573226088,12.217,57.1
8803,1924-02-10 00:00:00,0.0442764691048473,-0.161408730507346,0.2499616687170406,12.217,57.1
8804,1924-02-11 00:00:00,-0.0245092735682631,-0.2310168957451024,0.181998348608576,12.217,57.1
8805,1924-02-12 00:00:00,-0.0609941797891107,-0.2677096612080362,0.1457213016298146,12.217,57.1
8806,1924-02-13 00:00:00,-0.0912496472489536,-0.2975278251242668,0.1150285306263595,12.217,57.1
8807,1924-02-14 00:00:00,-0.0599225013559169,-0.2657691011874035,0.1459240984755696,12.217,57.1
8808,1924-02-15 00:00:00,-0.070488844148812,-0.2760776076025431,0.1350999193049191,12.217,57.1
8809,1924-02-16 00:00:00,-0.0366247907821164,-0.2423374651980405,0.1690878836338077,12.217,57.1
8810,1924-02-17 00:00:00,-0.0961682781690665,-0.3019077862646676,0.1095712299265345,12.217,57.1
8811,1924-02-18 00:00:00,0.1081765127412942,-0.0977134350381705,0.3140664605207591,12.217,57.1
8812,1924-02-19 00:00:00,0.1526754368210191,-0.0533861082763213,0.3587369819183595,12.217,57.1
8813,1924-02-20 00:00:00,-0.0132507354301259,-0.219212552967466,0.1927110821072141,12.217,57.1
8814,1924-02-21 00:00:00,0.0996119504284403,-0.1060515690041152,0.3052754698609959,12.217,57.1
8815,1924-02-22 00:00:00,0.0929526331977296,-0.113050381440489,0.2989556478359483,12.217,57.1
8816,1924-02-23 00:00:00,0.0881593237308785,-0.119248689362434,0.2955673368241912,12.217,57.1
8817,1924-02-24 00:00:00,-0.0664159703000687,-0.2723608388468271,0.1395288982466895,12.217,57.1
8818,1924-02-25 00:00:00,0.086935045526736,-0.1190700823887856,0.2929401734422577,12.217,57.1
8819,1924-02-26 00:00:00,-0.1144600316723211,-0.3202508270673113,0.091330763722669,12.217,57.1
8820,1924-02-27 00:00:00,-0.0908949692005593,-0.2965991659705284,0.1148092275694096,12.217,57.1
8821,1924-02-28 00:00:00,0.120392256851389,-0.0855557805576538,0.3263402942604319,12.217,57.1
8822,1924-02-29 00:00:00,0.0386819989811664,-0.1676190727072725,0.2449830706696052,12.217,57.1
8823,1924-03-01 00:00:00,0.3879391389690612,0.1773623825964492,0.5985158953416732,12.217,57.1
8824,1924-03-02 00:00:00,0.3505840624643659,0.1401100220420524,0.5610581028866793,12.217,57.1
8825,1924-03-03 00:00:00,0.1125974034964124,-0.094707680710626,0.3199024877034508,12.217,57.1
8826,1924-03-04 00:00:00,0.1794295562765716,-0.0273410926510846,0.3862002052042278,12.217,57.1
8827,1924-03-05 00:00:00,0.089176503769079,-0.1173825045368099,0.295735512074968,12.217,57.1
8828,1924-03-06 00:00:00,0.0362371948399313,-0.169515539485151,0.2419899291650137,12.217,57.1
8829,1924-03-07 00:00:00,-0.0239372691473451,-0.229435023242995,0.1815604849483046,12.217,57.1
8830,1924-03-08 00:00:00,-0.027664288512312,-0.2331953452814889,0.1778667682568649,12.217,57.1
8831,1924-03-09 00:00:00,0.0748224063063768,-0.130944418719188,0.2805892313319417,12.217,57.1
8832,1924-03-10 00:00:00,0.0494718993441286,-0.156189647449769,0.2551334461380262,12.217,57.1
8833,1924-03-11 00:00:00,-0.0113842310774261,-0.2171005178252439,0.1943320556703915,12.217,57.1
8834,1924-03-12 00:00:00,-0.1363430231186903,-0.3427226130998684,0.0700365668624878,12.217,57.1
8835,1924-03-13 00:00:00,-0.0756754204406459,-0.2813856642293967,0.1300348233481049,12.217,57.1
8836,1924-03-14 00:00:00,-0.0558940991034244,-0.2614625387682823,0.1496743405614335,12.217,57.1
8837,1924-03-15 00:00:00,-0.003494119411753,-0.2090727566544062,0.2020845178309,12.217,57.1
8838,1924-03-16 00:00:00,0.0542975005070387,-0.1512049723322766,0.2597999733463541,12.217,57.1
8839,1924-03-17 00:00:00,0.0545002373013248,-0.1509863851811663,0.2599868597838159,12.217,57.1
8840,1924-03-18 00:00:00,-0.0080127742652241,-0.213644969979493,0.1976194214490448,12.217,57.1
8841,1924-03-19 00:00:00,0.0590809967125043,-0.1465332977641806,0.2646952911891893,12.217,57.1
8842,1924-03-20 00:00:00,0.0361587215854994,-0.1696034983453931,0.241920941516392,12.217,57.1
8843,1924-03-21 00:00:00,0.0176795356161829,-0.1881280896872121,0.223487160919578,12.217,57.1
8844,1924-03-22 00:00:00,0.0828154680433911,-0.12314963074636,0.2887805668331423,12.217,57.1
8845,1924-03-23 00:00:00,0.1129510191828349,-0.0927358720140215,0.3186379103796913,12.217,57.1
8846,1924-03-24 00:00:00,0.1598110344771893,-0.0459777097726862,0.3655997787270648,12.217,57.1
8847,1924-03-25 00:00:00,0.1729517341020322,-0.0334005802712848,0.3793040484753492,12.217,57.1
8848,1924-03-26 00:00:00,0.0438909110707156,-0.1623555899835073,0.2501374121249385,12.217,57.1
8849,1924-03-27 00:00:00,0.0819524049804111,-0.1240768081648513,0.2879816181256735,12.217,57.1
8850,1924-03-28 00:00:00,0.0089887083629984,-0.1971151951905844,0.2150926119165813,12.217,57.1
8851,1924-03-29 00:00:00,0.0523111231956355,-0.153236374318857,0.2578586207101281,12.217,57.1
8852,1924-03-30 00:00:00,0.0282213452234307,-0.1773645874977491,0.2338072779446105,12.217,57.1
8853,1924-03-31 00:00:00,-0.009179997347764,-0.21468999020621,0.196329995510682,12.217,57.1
8854,1924-04-01 00:00:00,-0.035011473271601,-0.2405132674674855,0.1704903209242834,12.217,57.1
8855,1924-04-02 00:00:00,-0.107134780146973,-0.3126510687781244,0.0983815084841784,12.217,57.1
8856,1924-04-03 00:00:00,-0.1110802859658922,-0.3168029980880081,0.0946424261562236,12.217,57.1
8857,1924-04-04 00:00:00,-0.0721621209266597,-0.278038926664066,0.1337146848107465,12.217,57.1
8858,1924-04-05 00:00:00,-0.058544697696668,-0.2641862466401721,0.147096851246836,12.217,57.1
8859,1924-04-06 00:00:00,0.0355284006170295,-0.1699817952525625,0.2410385964866216,12.217,57.1
8860,1924-04-07 00:00:00,0.0600272838112233,-0.1455629961218345,0.2656175637442812,12.217,57.1
8861,1924-04-08 00:00:00,0.1232975085357935,-0.0821670425085067,0.3287620595800938,12.217,57.1
8862,1924-04-09 00:00:00,0.1920443538070579,-0.013601280888125,0.3976899885022409,12.217,57.1
8863,1924-04-10 00:00:00,0.1426312641874329,-0.0629117599575138,0.3481742883323797,12.217,57.1
8864,1924-04-11 00:00:00,0.0337362522568762,-0.1717842612639811,0.2392567657777335,12.217,57.1
8865,1924-04-12 00:00:00,0.0374328868093358,-0.1681326624900946,0.2429984361087663,12.217,57.1
8866,1924-04-13 00:00:00,0.0874897490803802,-0.1180096750220091,0.2929891731827697,12.217,57.1
8867,1924-04-14 00:00:00,0.0461549669461276,-0.1593804346939389,0.2516903685861941,12.217,57.1
8868,1924-04-15 00:00:00,0.0784639542665193,-0.1275126068874477,0.2844405154204865,12.217,57.1
8869,1924-04-16 00:00:00,0.1054778944952227,-0.1009377411464624,0.3118935301369079,12.217,57.1
8870,1924-04-17 00:00:00,-0.0430266700801787,-0.2492693054707095,0.1632159653103521,12.217,57.1
8871,1924-04-18 00:00:00,0.0382764589077918,-0.1676022323219975,0.2441551501375811,12.217,57.1
8872,1924-04-19 00:00:00,0.1098659144598319,-0.0964435950119002,0.3161754239315641,12.217,57.1
8873,1924-04-20 00:00:00,0.0265923255504938,-0.1791123558835153,0.232297006984503,12.217,57.1
8874,1924-04-21 00:00:00,0.032256765364763,-0.1734023686593762,0.2379158993889022,12.217,57.1
8875,1924-04-22 00:00:00,0.1821906412644331,-0.0262354226221177,0.390616705150984,12.217,57.1
8876,1924-04-23 00:00:00,0.2309178507442013,0.0211919246394121,0.4406437768489905,12.217,57.1
8877,1924-04-24 00:00:00,0.0717083642456227,-0.1354305268795972,0.2788472553708427,12.217,57.1
8878,1924-04-25 00:00:00,0.0859218634407528,-0.1197726614219489,0.2916163883034545,12.217,57.1
8879,1924-04-26 00:00:00,0.157621094345682,-0.0481742105816985,0.3634163992730627,12.217,57.1
8880,1924-04-27 00:00:00,0.0930647406585412,-0.1130388032378951,0.2991682845549775,12.217,57.1
8881,1924-04-28 00:00:00,0.2189122433544184,0.0126932053131502,0.4251312813956867,12.217,57.1
8882,1924-04-29 00:00:00,0.1672743089662735,-0.0387668558296098,0.3733154737621569,12.217,57.1
8883,1924-04-30 00:00:00,-7.837243763259005e-05,-0.2060328940984408,0.2058761492231756,12.217,57.1
8884,1924-05-01 00:00:00,0.0135106791586777,-0.1921210977258688,0.2191424560432243,12.217,57.1
8885,1924-05-02 00:00:00,0.0381269816043595,-0.167337266589609,0.2435912297983282,12.217,57.1
8886,1924-05-03 00:00:00,0.0582095809563263,-0.1476098894029268,0.2640290513155796,12.217,57.1
8887,1924-05-04 00:00:00,0.1353828350830784,-0.0704915837126237,0.3412572538787806,12.217,57.1
8888,1924-05-05 00:00:00,0.0110633656873021,-0.1947819119726999,0.2169086433473043,12.217,57.1
8889,1924-05-06 00:00:00,0.1205882742378722,-0.0850248095147112,0.3262013579904558,12.217,57.1
8890,1924-05-07 00:00:00,0.0785677714198651,-0.1270926080760674,0.2842281509157977,12.217,57.1
8891,1924-05-08 00:00:00,0.0114387879587765,-0.1949182405394213,0.2177958164569745,12.217,57.1
8892,1924-05-09 00:00:00,0.0929609222626434,-0.1142708130740721,0.3001926575993591,12.217,57.1
8893,1924-05-10 00:00:00,0.0671090347640075,-0.1385238113670458,0.2727418808950609,12.217,57.1
8894,1924-05-11 00:00:00,-0.0074348768052838,-0.2133741177351906,0.1985043641246228,12.217,57.1
8895,1924-05-12 00:00:00,0.0894814354246407,-0.1166310261389296,0.295593896988211,12.217,57.1
8896,1924-05-13 00:00:00,0.0559681066774982,-0.1496664857489825,0.261602699103979,12.217,57.1
8897,1924-05-14 00:00:00,0.0395705413047053,-0.1659638312278997,0.2451049138373104,12.217,57.1
8898,1924-05-15 00:00:00,0.0335634885835546,-0.1721671107432461,0.2392940879103554,12.217,57.1
8899,1924-05-16 00:00:00,0.0313580524470888,-0.1744433932015178,0.2371594980956954,12.217,57.1
8900,1924-05-17 00:00:00,0.0549960410721201,-0.1506290121511359,0.2606210942953762,12.217,57.1
8901,1924-05-18 00:00:00,0.0885572823706912,-0.1173110788915505,0.2944256436329329,12.217,57.1
8902,1924-05-19 00:00:00,0.0568358159197666,-0.1488109130428052,0.2624825448823385,12.217,57.1
8903,1924-05-20 00:00:00,0.0109977141781957,-0.1946218902174172,0.2166173185738086,12.217,57.1
8904,1924-05-21 00:00:00,-0.0402995167778521,-0.2458330362081627,0.1652340026524584,12.217,57.1
8905,1924-05-22 00:00:00,-0.023780081269419,-0.2295353317459777,0.1819751692071395,12.217,57.1
8906,1924-05-23 00:00:00,0.0857327865287875,-0.1200235724207505,0.2914891454783256,12.217,57.1
8907,1924-05-24 00:00:00,0.1203659106611841,-0.0854906375154111,0.3262224588377794,12.217,57.1
8908,1924-05-25 00:00:00,0.1865783507279029,-0.0192138747377282,0.3923705761935341,12.217,57.1
8909,1924-05-26 00:00:00,0.1958283404211871,-0.0109328048128622,0.4025894856552364,12.217,57.1
8910,1924-05-27 00:00:00,0.1150020134210173,-0.0912292594217533,0.321233286263788,12.217,57.1
8911,1924-05-28 00:00:00,0.0271323117791307,-0.178663457758332,0.2329280813165935,12.217,57.1
8912,1924-05-29 00:00:00,0.0004549070428993,-0.2052891936317438,0.2061990077175425,12.217,57.1
8913,1924-05-30 00:00:00,-0.0002059354135497,-0.20590471208209,0.2054928412549905,12.217,57.1
8914,1924-05-31 00:00:00,0.0454645765094032,-0.1602616210895935,0.2511907741084001,12.217,57.1
8915,1924-06-01 00:00:00,0.0327774614337905,-0.1727510429693725,0.2383059658369537,12.217,57.1
8916,1924-06-02 00:00:00,0.1692932035109888,-0.0367084737446855,0.3752948807666633,12.217,57.1
8917,1924-06-03 00:00:00,0.2209374516492751,0.013761329635905,0.4281135736626453,12.217,57.1
8918,1924-06-04 00:00:00,0.4427180507320686,0.2350800374795894,0.6503560639845479,12.217,57.1
8919,1924-06-05 00:00:00,0.157931615521914,-0.0488081230419047,0.3646713540857328,12.217,57.1
8920,1924-06-06 00:00:00,0.0479381456210305,-0.1575981870261494,0.2534744782682104,12.217,57.1
8921,1924-06-07 00:00:00,0.0005211382029688,-0.2051128674331789,0.2061551438391166,12.217,57.1
8922,1924-06-08 00:00:00,0.0296336581087298,-0.1761912133638221,0.2354585295812819,12.217,57.1
8923,1924-06-09 00:00:00,0.0382867608290379,-0.1675259110249987,0.2440994326830746,12.217,57.1
8924,1924-06-10 00:00:00,0.0729212096966143,-0.1326949851480376,0.2785374045412663,12.217,57.1
8925,1924-06-11 00:00:00,0.0853106093633884,-0.1202003181247321,0.2908215368515089,12.217,57.1
8926,1924-06-12 00:00:00,0.1184167516390488,-0.0872144513106439,0.3240479545887414,12.217,57.1
8927,1924-06-13 00:00:00,0.0799585521744659,-0.1255370136827574,0.2854541180316892,12.217,57.1
8928,1924-06-14 00:00:00,-0.0385025817988212,-0.2440585036391913,0.1670533400415487,12.217,57.1
8929,1924-06-15 00:00:00,-0.0126501129128064,-0.2186576344749995,0.1933574086493867,12.217,57.1
8930,1924-06-16 00:00:00,0.005852320729344,-0.2000607822096267,0.2117654236683148,12.217,57.1
8931,1924-06-17 00:00:00,0.0588540306434925,-0.1466759897836664,0.2643840510706515,12.217,57.1
8932,1924-06-18 00:00:00,-0.0147460518682966,-0.2202598449760467,0.1907677412394535,12.217,57.1
8933,1924-06-19 00:00:00,-0.0112755295385333,-0.2168166356990611,0.1942655766219945,12.217,57.1
8934,1924-06-20 00:00:00,0.0177727790419225,-0.1878138048333033,0.2233593629171485,12.217,57.1
8935,1924-06-21 00:00:00,-0.052885097870887,-0.2583852130165466,0.1526150172747726,12.217,57.1
8936,1924-06-22 00:00:00,-0.0019662910668924,-0.2074355629138071,0.2035029807800221,12.217,57.1
8937,1924-06-23 00:00:00,-0.0122814752053317,-0.2178017754131526,0.193238825002489,12.217,57.1
8938,1924-06-24 00:00:00,0.0796258255580918,-0.1259709400168251,0.2852225911330088,12.217,57.1
8939,1924-06-25 00:00:00,0.1191041317813567,-0.0865372744793835,0.3247455380420969,12.217,57.1
8940,1924-06-26 00:00:00,0.0806105217448877,-0.1250290013568514,0.2862500448466269,12.217,57.1
8941,1924-06-27 00:00:00,0.0988380874705197,-0.1067541599579734,0.3044303348990129,12.217,57.1
8942,1924-06-28 00:00:00,0.2297497154132955,0.0241496760330676,0.4353497547935234,12.217,57.1
8943,1924-06-29 00:00:00,0.2947189414139928,0.0887899101261908,0.5006479727017947,12.217,57.1
8944,1924-06-30 00:00:00,0.2188387223939391,0.0128496785444168,0.4248277662434614,12.217,57.1
8945,1924-07-01 00:00:00,0.2367894289958872,0.031056445007767,0.4425224129840075,12.217,57.1
8946,1924-07-02 00:00:00,0.1564199346713136,-0.0495389271944177,0.3623787965370449,12.217,57.1
8947,1924-07-03 00:00:00,0.1155566940766053,-0.0904874208919331,0.3216008090451437,12.217,57.1
8948,1924-07-04 00:00:00,0.1291853305778415,-0.0768219286017486,0.3351925897574317,12.217,57.1
8949,1924-07-05 00:00:00,0.277987240734829,0.0713057572744,0.4846687241952579,12.217,57.1
8950,1924-07-06 00:00:00,0.218977068124861,0.0122832163908159,0.4256709198589061,12.217,57.1
8951,1924-07-07 00:00:00,0.1619783787737406,-0.0440179031786348,0.3679746607261162,12.217,57.1
8952,1924-07-08 00:00:00,0.1760879953624958,-0.0297042958353082,0.3818802865602998,12.217,57.1
8953,1924-07-09 00:00:00,0.1753821216211921,-0.0303007029051881,0.3810649461475723,12.217,57.1
8954,1924-07-10 00:00:00,0.0959395253343878,-0.1096375034906431,0.3015165541594187,12.217,57.1
8955,1924-07-11 00:00:00,0.028695539308999,-0.1768750796572815,0.2342661582752796,12.217,57.1
8956,1924-07-12 00:00:00,0.0031204860563941,-0.2023994646685145,0.2086404367813028,12.217,57.1
8957,1924-07-13 00:00:00,0.0253222888774016,-0.1800918202769211,0.2307363980317244,12.217,57.1
8958,1924-07-14 00:00:00,0.08217677423515,-0.1232372086360955,0.2875907571063956,12.217,57.1
8959,1924-07-15 00:00:00,0.107825679270709,-0.0979144059480553,0.3135657644894733,12.217,57.1
8960,1924-07-16 00:00:00,0.0746454112727653,-0.1310911141839771,0.2803819367295077,12.217,57.1
8961,1924-07-17 00:00:00,0.0928720687934453,-0.1127433814370129,0.2984875190239037,12.217,57.1
8962,1924-07-18 00:00:00,0.0863088532827407,-0.1193606051252913,0.2919783116907729,12.217,57.1
8963,1924-07-19 00:00:00,0.0943736600804238,-0.1112624114768354,0.3000097316376831,12.217,57.1
8964,1924-07-20 00:00:00,0.1736238047482704,-0.0335136176844452,0.3807612271809861,12.217,57.1
8965,1924-07-21 00:00:00,0.0387533811049358,-0.167827751907457,0.2453345141173286,12.217,57.1
8966,1924-07-22 00:00:00,-0.0046828163223927,-0.2103227476041483,0.2009571149593628,12.217,57.1
8967,1924-07-23 00:00:00,0.0625149249868117,-0.1429636925858075,0.2679935425594308,12.217,57.1
8968,1924-07-24 00:00:00,0.119446273078173,-0.086429301879794,0.3253218480361401,12.217,57.1
8969,1924-07-25 00:00:00,0.0869453984717071,-0.118893345374044,0.2927841423174584,12.217,57.1
8970,1924-07-26 00:00:00,0.0460869040225839,-0.1593894451265496,0.2515632531717174,12.217,57.1
8971,1924-07-27 00:00:00,0.0301387186286578,-0.175263355058247,0.2355407923155626,12.217,57.1
8972,1924-07-28 00:00:00,0.0098427162601018,-0.1955832311195582,0.2152686636397619,12.217,57.1
8973,1924-07-29 00:00:00,0.0370915379596301,-0.168396511945298,0.2425795878645584,12.217,57.1
8974,1924-07-30 00:00:00,0.0624130176035671,-0.1430831041691414,0.2679091393762757,12.217,57.1
8975,1924-07-31 00:00:00,0.008972917613112,-0.196475132563808,0.2144209677900322,12.217,57.1
8976,1924-08-01 00:00:00,0.0146277986890141,-0.1908783232510927,0.220133920629121,12.217,57.1
8977,1924-08-02 00:00:00,0.0380272159780872,-0.1674864576058862,0.2435408895620607,12.217,57.1
8978,1924-08-03 00:00:00,0.0894607593739097,-0.1160024381196566,0.2949239568674762,12.217,57.1
8979,1924-08-04 00:00:00,0.1106828156175935,-0.0948133854858586,0.3161790167210456,12.217,57.1
8980,1924-08-05 00:00:00,0.070374006580572,-0.1352385795353223,0.2759865926964663,12.217,57.1
8981,1924-08-06 00:00:00,0.1303988826087972,-0.075268628847019,0.3360663940646134,12.217,57.1
8982,1924-08-07 00:00:00,0.1844356386355667,-0.0214570299169066,0.3903283071880401,12.217,57.1
8983,1924-08-08 00:00:00,0.0443015024347386,-0.1614535190524348,0.2500565239219121,12.217,57.1
8984,1924-08-09 00:00:00,-0.0186497356521383,-0.2243406704404619,0.1870411991361852,12.217,57.1
8985,1924-08-10 00:00:00,-0.0626636712336963,-0.26817424498179,0.1428469025143973,12.217,57.1
8986,1924-08-11 00:00:00,0.0040203773822748,-0.2014065970959584,0.2094473518605081,12.217,57.1
8987,1924-08-12 00:00:00,0.0691815343379057,-0.1362686771945023,0.2746317458703139,12.217,57.1
8988,1924-08-13 00:00:00,0.1195056705792651,-0.0860334052392567,0.3250447463977869,12.217,57.1
8989,1924-08-14 00:00:00,0.089740656134491,-0.1158452556813632,0.2953265679503453,12.217,57.1
8990,1924-08-15 00:00:00,0.0092340836217795,-0.1964279092266762,0.2148960764702352,12.217,57.1
8991,1924-08-16 00:00:00,0.0625894389709843,-0.1432749342818812,0.2684538122238498,12.217,57.1
8992,1924-08-17 00:00:00,0.0943490896153086,-0.1116378131756129,0.3003359924062302,12.217,57.1
8993,1924-08-18 00:00:00,0.2542658912640843,0.0474485556506571,0.4610832268775113,12.217,57.1
8994,1924-08-19 00:00:00,0.2672397415244364,0.0594746198502474,0.4750048631986255,12.217,57.1
8995,1924-08-20 00:00:00,0.1244283459129854,-0.0824090895925108,0.3312657814184818,12.217,57.1
8996,1924-08-21 00:00:00,0.153877055401305,-0.0517976857223531,0.3595517965249631,12.217,57.1
8997,1924-08-22 00:00:00,0.1179997228150536,-0.0874403544570655,0.3234398000871727,12.217,57.1
8998,1924-08-23 00:00:00,0.1629783580522857,-0.0425657236945078,0.3685224397990793,12.217,57.1
8999,1924-08-24 00:00:00,0.1007558002494267,-0.1047706253986795,0.3062822258975331,12.217,57.1
9000,1924-08-25 00:00:00,0.0010262812636273,-0.2044364573507489,0.2064890198780035,12.217,57.1
9001,1924-08-26 00:00:00,0.0056061147497596,-0.199874245683872,0.2110864751833913,12.217,57.1
9002,1924-08-27 00:00:00,0.0422410744171219,-0.1631879694593103,0.2476701182935543,12.217,57.1
9003,1924-08-28 00:00:00,0.0398528174347098,-0.1655776512824081,0.2452832861518278,12.217,57.1
9004,1924-08-29 00:00:00,0.027120117053525,-0.1782670906160999,0.23250732472315,12.217,57.1
9005,1924-08-30 00:00:00,0.0942555596540613,-0.1111908692604684,0.2997019885685911,12.217,57.1
9006,1924-08-31 00:00:00,0.0733917264845892,-0.1321187415774184,0.278902194546597,12.217,57.1
9007,1924-09-01 00:00:00,0.1001420777820814,-0.1055415842445188,0.3058257398086817,12.217,57.1
9008,1924-09-02 00:00:00,-0.0121532646441625,-0.2181808533789755,0.1938743240906504,12.217,57.1
9009,1924-09-03 00:00:00,-0.1256460547955613,-0.331827483312705,0.0805353737215824,12.217,57.1
9010,1924-09-04 00:00:00,-0.1625535680908753,-0.3682345165005,0.0431273803187494,12.217,57.1
9011,1924-09-05 00:00:00,-0.0793568811906779,-0.2850384391054653,0.1263246767241094,12.217,57.1
9012,1924-09-06 00:00:00,0.0161613610000965,-0.1893623063880511,0.221685028388244,12.217,57.1
9013,1924-09-07 00:00:00,0.0462840280404804,-0.1591422790777774,0.2517103351587382,12.217,57.1
9014,1924-09-08 00:00:00,0.0754697443575486,-0.1299498962563124,0.2808893849714097,12.217,57.1
9015,1924-09-09 00:00:00,0.1791618656363652,-0.0265837448243091,0.3849074760970395,12.217,57.1
9016,1924-09-10 00:00:00,0.214532622859765,0.0082112604306175,0.4208539852889125,12.217,57.1
9017,1924-09-11 00:00:00,0.6278472794241565,0.4200294877557524,0.8356650710925606,12.217,57.1
9018,1924-09-12 00:00:00,0.3082297553627966,0.1005942766289599,0.5158652340966333,12.217,57.1
9019,1924-09-13 00:00:00,0.1683049599598967,-0.0378591886713689,0.3744691085911624,12.217,57.1
9020,1924-09-14 00:00:00,0.1011136980667277,-0.1053744800093366,0.3076018761427922,12.217,57.1
9021,1924-09-15 00:00:00,0.2433558479088095,0.0369348110660797,0.4497768847515393,12.217,57.1
9022,1924-09-16 00:00:00,0.1737294114141868,-0.0326714664722393,0.380130289300613,12.217,57.1
9023,1924-09-17 00:00:00,0.2157933780078265,0.009498925046567,0.422087830969086,12.217,57.1
9024,1924-09-18 00:00:00,0.2348641571011656,0.0285157364255386,0.4412125777767927,12.217,57.1
9025,1924-09-19 00:00:00,0.5643691272152985,0.3563195752441173,0.7724186791864798,12.217,57.1
9026,1924-09-20 00:00:00,0.0675106689985905,-0.1397857297023905,0.2748070676995716,12.217,57.1
9027,1924-09-21 00:00:00,0.2410681581812638,0.0348769671554664,0.4472593492070612,12.217,57.1
9028,1924-09-22 00:00:00,0.5225756840077391,0.3133860690951092,0.731765298920369,12.217,57.1
9029,1924-09-23 00:00:00,0.2555964618185611,0.0458861172448551,0.4653068063922672,12.217,57.1
9030,1924-09-24 00:00:00,0.1586638530581795,-0.0491293188249469,0.366457024941306,12.217,57.1
9031,1924-09-25 00:00:00,0.1489892270669558,-0.0568627194805999,0.3548411736145116,12.217,57.1
9032,1924-09-26 00:00:00,0.0607262081962796,-0.1449390441698594,0.2663914605624187,12.217,57.1
9033,1924-09-27 00:00:00,-0.0161502901189657,-0.2216273269248336,0.1893267466869021,12.217,57.1
9034,1924-09-28 00:00:00,-0.0070487874716411,-0.212619910818284,0.1985223358750018,12.217,57.1
9035,1924-09-29 00:00:00,0.0220757978775701,-0.1835454010235409,0.2276969967786812,12.217,57.1
9036,1924-09-30 00:00:00,0.1388391784283489,-0.0670968319553592,0.3447751888120571,12.217,57.1
9037,1924-10-01 00:00:00,0.1406199215905564,-0.0655132222798833,0.3467530654609962,12.217,57.1
9038,1924-10-02 00:00:00,0.0859320101077623,-0.1197816140771784,0.2916456342927031,12.217,57.1
9039,1924-10-03 00:00:00,0.0252835348681923,-0.1803898116276889,0.2309568813640736,12.217,57.1
9040,1924-10-04 00:00:00,0.0381375577932237,-0.167608704068138,0.2438838196545854,12.217,57.1
9041,1924-10-05 00:00:00,-0.0304527457944355,-0.236112705463011,0.1752072138741399,12.217,57.1
9042,1924-10-06 00:00:00,0.1113925052364394,-0.0944617704403087,0.3172467809131876,12.217,57.1
9043,1924-10-07 00:00:00,0.0842434281388704,-0.1217448363924893,0.2902316926702302,12.217,57.1
9044,1924-10-08 00:00:00,0.1681243232921049,-0.0391582325528723,0.3754068791370822,12.217,57.1
9045,1924-10-09 00:00:00,0.2763143340501678,0.0690002879154611,0.4836283801848745,12.217,57.1
9046,1924-10-10 00:00:00,0.1098881783276609,-0.0974097809646058,0.3171861376199278,12.217,57.1
9047,1924-10-11 00:00:00,0.1511078696522717,-0.054565695002598,0.3567814343071415,12.217,57.1
9048,1924-10-12 00:00:00,0.0925731939409946,-0.1134177329653269,0.2985641208473163,12.217,57.1
9049,1924-10-13 00:00:00,0.0070536006931382,-0.1988888377106981,0.2129960390969746,12.217,57.1
9050,1924-10-14 00:00:00,-0.0277712836894254,-0.2334663891701806,0.1779238217913296,12.217,57.1
9051,1924-10-15 00:00:00,-0.1028240495742821,-0.3083886084102792,0.102740509261715,12.217,57.1
9052,1924-10-16 00:00:00,-0.0761192877881595,-0.2815662522720922,0.1293276766957731,12.217,57.1
9053,1924-10-17 00:00:00,0.0258080413488279,-0.1796703771781111,0.2312864598757669,12.217,57.1
9054,1924-10-18 00:00:00,0.0707231711892863,-0.1351169971622041,0.2765633395407769,12.217,57.1
9055,1924-10-19 00:00:00,0.0585582716059407,-0.1473430534526829,0.2644595966645643,12.217,57.1
9056,1924-10-20 00:00:00,0.1028048643481954,-0.1027317420449372,0.3083414707413281,12.217,57.1
9057,1924-10-21 00:00:00,0.1534070738135288,-0.0520896822506261,0.3589038298776837,12.217,57.1
9058,1924-10-22 00:00:00,0.0643142181409211,-0.142084988941741,0.2707134252235833,12.217,57.1
9059,1924-10-23 00:00:00,-0.0526568301803195,-0.2585134030316863,0.1531997426710473,12.217,57.1
9060,1924-10-24 00:00:00,-0.0777391045884895,-0.2834621032020715,0.1279838940250924,12.217,57.1
9061,1924-10-25 00:00:00,-0.0599182367846386,-0.2657434487872809,0.1459069752180035,12.217,57.1
9062,1924-10-26 00:00:00,-0.0228344853692098,-0.2287177370701748,0.1830487663317551,12.217,57.1
9063,1924-10-27 00:00:00,0.0890944210616465,-0.1166400326206004,0.2948288747438936,12.217,57.1
9064,1924-10-28 00:00:00,0.1875208493971172,-0.0182949121949598,0.3933366109891942,12.217,57.1
9065,1924-10-29 00:00:00,0.1009565962708274,-0.1047142866509893,0.3066274791926443,12.217,57.1
9066,1924-10-30 00:00:00,0.1178030698211916,-0.0877244704265027,0.3233306100688859,12.217,57.1
9067,1924-10-31 00:00:00,0.2824990825226585,0.0762874951474201,0.4887106698978969,12.217,57.1
9068,1924-11-01 00:00:00,0.2535490350168015,0.0476235471879132,0.4594745228456897,12.217,57.1
9069,1924-11-02 00:00:00,0.2826933360466255,0.0769742633205125,0.4884124087727385,12.217,57.1
9070,1924-11-03 00:00:00,0.2786106462185837,0.0725912490921264,0.484630043345041,12.217,57.1
9071,1924-11-04 00:00:00,0.1670366503492531,-0.0389883695111729,0.3730616702096792,12.217,57.1
9072,1924-11-05 00:00:00,0.0440721654565364,-0.1631947527285133,0.2513390836415861,12.217,57.1
9073,1924-11-06 00:00:00,0.1143831177003945,-0.0916400985228234,0.3204063339236124,12.217,57.1
9074,1924-11-07 00:00:00,-0.030385782286344,-0.236189499889668,0.1754179353169799,12.217,57.1
9075,1924-11-08 00:00:00,-0.0855642074577241,-0.2912386654850434,0.1201102505695951,12.217,57.1
9076,1924-11-09 00:00:00,-0.0432658752110674,-0.2487957076047639,0.1622639571826291,12.217,57.1
9077,1924-11-10 00:00:00,-0.0369338866409899,-0.2424651053402999,0.1685973320583199,12.217,57.1
9078,1924-11-11 00:00:00,-0.0609340642428495,-0.2665906607548363,0.1447225322691373,12.217,57.1
9079,1924-11-12 00:00:00,-0.0950355369641273,-0.3006166336288568,0.110545559700602,12.217,57.1
9080,1924-11-13 00:00:00,-0.0874104629209603,-0.2930280928794456,0.1182071670375249,12.217,57.1
9081,1924-11-14 00:00:00,-0.0933258646391113,-0.2989185297971299,0.1122668005189072,12.217,57.1
9082,1924-11-15 00:00:00,-0.1049186314432887,-0.3104658628055511,0.1006285999189737,12.217,57.1
9083,1924-11-16 00:00:00,-0.0947381104233235,-0.3002124067414782,0.110736185894831,12.217,57.1
9084,1924-11-17 00:00:00,-0.0862293448377471,-0.2918222207339497,0.1193635310584554,12.217,57.1
9085,1924-11-18 00:00:00,-0.0258935666067463,-0.2314823542154298,0.179695221001937,12.217,57.1
9086,1924-11-19 00:00:00,0.0616587132901942,-0.1440011663136116,0.267318592894,12.217,57.1
9087,1924-11-20 00:00:00,-0.0127704260117458,-0.2186886314317077,0.1931477794082159,12.217,57.1
9088,1924-11-21 00:00:00,-0.0051300344350833,-0.2107501726610326,0.2004901037908659,12.217,57.1
9089,1924-11-22 00:00:00,0.1841982828307802,-0.021859636189332,0.3902562018508925,12.217,57.1
9090,1924-11-23 00:00:00,0.2637070594350376,0.0570850319628848,0.4703290869071904,12.217,57.1
9091,1924-11-24 00:00:00,0.2520977831841254,0.0464381047619768,0.4577574616062739,12.217,57.1
9092,1924-11-25 00:00:00,0.165580096810194,-0.04029846894656,0.3714586625669481,12.217,57.1
9093,1924-11-26 00:00:00,0.0953928493923538,-0.1102731515259224,0.3010588503106302,12.217,57.1
9094,1924-11-27 00:00:00,0.0677917239061932,-0.1377759639691841,0.2733594117815705,12.217,57.1
9095,1924-11-28 00:00:00,0.1276590853803014,-0.07816298438763,0.333481155148233,12.217,57.1
9096,1924-11-29 00:00:00,0.112229518052282,-0.093594630036896,0.3180536661414601,12.217,57.1
9097,1924-11-30 00:00:00,0.0462191095926435,-0.1596458861085744,0.2520841052938616,12.217,57.1
9098,1924-12-01 00:00:00,0.1423459011897967,-0.0632152446100569,0.3479070469896503,12.217,57.1
9099,1924-12-02 00:00:00,0.1531810856833772,-0.0523135858916997,0.3586757572584542,12.217,57.1
9100,1924-12-03 00:00:00,0.1400906217787587,-0.0656224196936359,0.3458036632511534,12.217,57.1
9101,1924-12-04 00:00:00,0.0226121254371535,-0.1832527895543533,0.2284770404286604,12.217,57.1
9102,1924-12-05 00:00:00,-0.0075299550279881,-0.213434438225154,0.1983745281691777,12.217,57.1
9103,1924-12-06 00:00:00,0.317948726189107,0.1096499160509372,0.5262475363272768,12.217,57.1
9104,1924-12-07 00:00:00,0.0223756571619823,-0.1846657262513192,0.2294170405752839,12.217,57.1
9105,1924-12-08 00:00:00,-0.0086198517087236,-0.2144013930916582,0.197161689674211,12.217,57.1
9106,1924-12-09 00:00:00,0.0729362292506919,-0.1329733102047242,0.278845768706108,12.217,57.1
9107,1924-12-10 00:00:00,0.0487297158468535,-0.1569655183241527,0.2544249500178598,12.217,57.1
9108,1924-12-11 00:00:00,0.0495527229332977,-0.1560551672199051,0.2551606130865006,12.217,57.1
9109,1924-12-12 00:00:00,0.0503852816433749,-0.1552845032208457,0.2560550665075957,12.217,57.1
9110,1924-12-13 00:00:00,0.0118315174696176,-0.1937690134744155,0.2174320484136507,12.217,57.1
9111,1924-12-14 00:00:00,0.0668613249403776,-0.1387959766765363,0.2725186265572916,12.217,57.1
9112,1924-12-15 00:00:00,0.1282740248717038,-0.078424880405514,0.3349729301489216,12.217,57.1
9113,1924-12-16 00:00:00,0.1104090596825582,-0.0953096862781543,0.3161278056432708,12.217,57.1
9114,1924-12-17 00:00:00,0.0503133340499812,-0.1552581474355738,0.2558848155355362,12.217,57.1
9115,1924-12-18 00:00:00,0.1058652118088885,-0.0998431027470374,0.3115735263648144,12.217,57.1
9116,1924-12-19 00:00:00,0.2582304897377866,0.0521903293532971,0.4642706501222761,12.217,57.1
9117,1924-12-20 00:00:00,0.2004998002855795,-0.0067053464401679,0.407704947011327,12.217,57.1
9118,1924-12-21 00:00:00,0.1536268615232532,-0.0530852858857837,0.3603390089322902,12.217,57.1
9119,1924-12-22 00:00:00,0.0066303536805175,-0.1992996295352095,0.2125603368962447,12.217,57.1
9120,1924-12-23 00:00:00,0.0635828511695563,-0.1419719595250752,0.2691376618641878,12.217,57.1
9121,1924-12-24 00:00:00,0.1428716972406779,-0.0627977212700673,0.3485411157514231,12.217,57.1
9122,1924-12-25 00:00:00,0.1538908284268313,-0.0520428100636974,0.3598244669173601,12.217,57.1
9123,1924-12-26 00:00:00,0.1463439486565119,-0.0594963827782498,0.3521842800912736,12.217,57.1
9124,1924-12-27 00:00:00,0.160026427345215,-0.0458904358615423,0.3659432905519725,12.217,57.1
9125,1924-12-28 00:00:00,0.248163198467628,0.0414906342569132,0.4548357626783429,12.217,57.1
9126,1924-12-29 00:00:00,0.3814546226264844,0.1737870753138404,0.5891221699391285,12.217,57.1
9127,1924-12-30 00:00:00,0.2512033096706876,0.0447275286664724,0.4576790906749027,12.217,57.1
9128,1924-12-31 00:00:00,0.2020764043546222,-0.0068221769899128,0.4109749856991572,12.217,57.1
9129,1925-01-01 00:00:00,0.3802554459225977,0.1706769805935215,0.5898339112516738,12.217,57.1
9130,1925-01-02 00:00:00,0.3508180240821251,0.1442353174566813,0.5574007307075688,12.217,57.1
9131,1925-01-03 00:00:00,0.453977626231219,0.2431808487354754,0.6647744037269626,12.217,57.1
9132,1925-01-04 00:00:00,0.6161762362399981,0.4023564913388824,0.8299959811411137,12.217,57.1
9133,1925-01-05 00:00:00,0.3631159442318167,0.1549524190559535,0.5712794694076799,12.217,57.1
9134,1925-01-06 00:00:00,0.3030169726175361,0.0959073379325223,0.5101266073025498,12.217,57.1
9135,1925-01-07 00:00:00,0.146748820068984,-0.0595782700478698,0.3530759101858379,12.217,57.1
9136,1925-01-08 00:00:00,0.3182950565748183,0.1118905647503065,0.5246995483993301,12.217,57.1
9137,1925-01-09 00:00:00,0.2526804594545075,0.0467379205731895,0.4586229983358256,12.217,57.1
9138,1925-01-10 00:00:00,0.1373189951340877,-0.0717417350948952,0.3463797253630707,12.217,57.1
9139,1925-01-11 00:00:00,0.074003216217993,-0.134065058512693,0.282071490948679,12.217,57.1
9140,1925-01-12 00:00:00,0.1807979476485302,-0.0253616020036667,0.3869574973007272,12.217,57.1
9141,1925-01-13 00:00:00,0.0882539233923254,-0.1175046098409848,0.2940124566256357,12.217,57.1
9142,1925-01-14 00:00:00,0.0978438690435431,-0.1078853224644208,0.3035730605515072,12.217,57.1
9143,1925-01-15 00:00:00,0.1932733546431182,-0.0129042957115923,0.3994510049978288,12.217,57.1
9144,1925-01-16 00:00:00,0.3883055975081212,0.1802775178647707,0.5963336771514717,12.217,57.1
9145,1925-01-17 00:00:00,0.2379903924303124,0.0305794258021799,0.4454013590584448,12.217,57.1
9146,1925-01-18 00:00:00,0.0587953270207659,-0.1475726940008107,0.2651633480423426,12.217,57.1
9147,1925-01-19 00:00:00,0.1100803275896538,-0.0958509391955118,0.3160115943748195,12.217,57.1
9148,1925-01-20 00:00:00,-0.1726544370563586,-0.3791447613011042,0.0338358871883868,12.217,57.1
9149,1925-01-21 00:00:00,-0.0914887272524614,-0.297250911626829,0.1142734571219062,12.217,57.1
9150,1925-01-22 00:00:00,-0.0784025356794461,-0.284100144098141,0.1272950727392487,12.217,57.1
9151,1925-01-23 00:00:00,-0.0574547486107101,-0.2631646243623696,0.1482551271409493,12.217,57.1
9152,1925-01-24 00:00:00,-0.0095087313049699,-0.2150675812268526,0.1960501186169126,12.217,57.1
9153,1925-01-25 00:00:00,-0.1075675474607988,-0.3130862332140521,0.0979511382924544,12.217,57.1
9154,1925-01-26 00:00:00,-0.1917570421551254,-0.3974027077811872,0.0138886234709363,12.217,57.1
9155,1925-01-27 00:00:00,-0.1469531629321272,-0.3525605822355906,0.0586542563713361,12.217,57.1
9156,1925-01-28 00:00:00,-0.0509483096885114,-0.2565925462384695,0.1546959268614466,12.217,57.1
9157,1925-01-29 00:00:00,0.0192096693277833,-0.1864742481947508,0.2248935868503175,12.217,57.1
9158,1925-01-30 00:00:00,0.2116253311625875,0.0051589925578403,0.4180916697673346,12.217,57.1
9159,1925-01-31 00:00:00,0.4386056064505166,0.230818355489509,0.6463928574115243,12.217,57.1
9160,1925-02-01 00:00:00,0.6742926839439805,0.4653634036008239,0.883221964287137,12.217,57.1
9161,1925-02-02 00:00:00,0.1584000045531567,-0.0495680448908607,0.3663680539971742,12.217,57.1
9162,1925-02-03 00:00:00,0.2412757686793832,0.0351614851228697,0.4473900522358968,12.217,57.1
9163,1925-02-04 00:00:00,0.2506569153600654,0.0445763481034373,0.4567374826166934,12.217,57.1
9164,1925-02-05 00:00:00,0.239833464047136,0.0336672857068784,0.4459996423873936,12.217,57.1
9165,1925-02-06 00:00:00,0.4465953630333092,0.2401236530554603,0.6530670730111582,12.217,57.1
9166,1925-02-07 00:00:00,0.2559413477503258,0.049681931813173,0.4622007636874786,12.217,57.1
9167,1925-02-08 00:00:00,0.1547815498544288,-0.051352698570529,0.3609157982793867,12.217,57.1
9168,1925-02-09 00:00:00,0.3021024768799222,0.0935907457344913,0.5106142080253531,12.217,57.1
9169,1925-02-10 00:00:00,0.6742102733089967,0.4663438882132477,0.8820766584047458,12.217,57.1
9170,1925-02-11 00:00:00,0.2992566585996646,0.090771376276798,0.5077419409225312,12.217,57.1
9171,1925-02-12 00:00:00,0.3671900756964282,0.1591767166678286,0.5752034347250279,12.217,57.1
9172,1925-02-13 00:00:00,0.2666532204945562,0.058944989390456,0.4743614515986564,12.217,57.1
9173,1925-02-14 00:00:00,0.2972484726353256,0.0906200103278282,0.503876934942823,12.217,57.1
9174,1925-02-15 00:00:00,0.2095117355012666,0.0030629605347959,0.4159605104677373,12.217,57.1
9175,1925-02-16 00:00:00,-0.0228922355876504,-0.2290955025377521,0.1833110313624512,12.217,57.1
9176,1925-02-17 00:00:00,0.1660837806296548,-0.0409645004978539,0.3731320617571636,12.217,57.1
9177,1925-02-18 00:00:00,0.1382125007864145,-0.0674730710895045,0.3438980726623337,12.217,57.1
9178,1925-02-19 00:00:00,0.08933305644735,-0.1162686963019953,0.2949348091966954,12.217,57.1
9179,1925-02-20 00:00:00,0.0172030052385902,-0.1885470008913649,0.2229530113685454,12.217,57.1
9180,1925-02-21 00:00:00,-0.0330555610976127,-0.2385750407191205,0.172463918523895,12.217,57.1
9181,1925-02-22 00:00:00,0.0515646544479929,-0.1540017121154981,0.257131021011484,12.217,57.1
9182,1925-02-23 00:00:00,0.0523230588617779,-0.153431414000455,0.2580775317240109,12.217,57.1
9183,1925-02-24 00:00:00,0.0511296346460601,-0.1548740346632652,0.2571333039553854,12.217,57.1
9184,1925-02-25 00:00:00,0.0966564473420761,-0.1094028830744264,0.3027157777585786,12.217,57.1
9185,1925-02-26 00:00:00,0.2026565518768865,-0.003329464542931,0.4086425682967042,12.217,57.1
9186,1925-02-27 00:00:00,0.1699917036113262,-0.0377722791353142,0.3777556863579666,12.217,57.1
9187,1925-02-28 00:00:00,0.2934249307684508,0.0848813059816561,0.5019685555552454,12.217,57.1
9188,1925-03-01 00:00:00,0.0738754989929311,-0.1325452113575825,0.2802962093434448,12.217,57.1
9189,1925-03-02 00:00:00,-0.0213034891500516,-0.2268954925551272,0.184288514255024,12.217,57.1
9190,1925-03-03 00:00:00,-0.079293951271301,-0.284901471093345,0.1263135685507428,12.217,57.1
9191,1925-03-04 00:00:00,-0.0369690031600545,-0.2426617002870467,0.1687236939669377,12.217,57.1
9192,1925-03-05 00:00:00,0.0199507544804503,-0.1857808030125954,0.2256823119734961,12.217,57.1
9193,1925-03-06 00:00:00,0.216368197288749,0.0105342003817804,0.4222021941957177,12.217,57.1
9194,1925-03-07 00:00:00,0.3555918654249774,0.1493836777706977,0.5618000530792571,12.217,57.1
9195,1925-03-08 00:00:00,0.2992385346062988,0.0930819990136027,0.5053950701989949,12.217,57.1
9196,1925-03-09 00:00:00,0.13264816063763,-0.0732948127748287,0.3385911340500889,12.217,57.1
9197,1925-03-10 00:00:00,0.0183349038003811,-0.1876163164677146,0.2242861240684769,12.217,57.1
9198,1925-03-11 00:00:00,-0.06869635033581,-0.275014132809282,0.1376214321376619,12.217,57.1
9199,1925-03-12 00:00:00,-0.0843066902555716,-0.2907768102959415,0.1221634297847982,12.217,57.1
9200,1925-03-13 00:00:00,-0.0134348081696151,-0.2195451358303036,0.1926755194910733,12.217,57.1
9201,1925-03-14 00:00:00,0.0486171233123979,-0.157275401421976,0.2545096480467719,12.217,57.1
9202,1925-03-15 00:00:00,0.0191857811914171,-0.1867884789614878,0.225160041344322,12.217,57.1
9203,1925-03-16 00:00:00,-0.0792290174656669,-0.2848828824912817,0.1264248475599479,12.217,57.1
9204,1925-03-17 00:00:00,0.033002499995043,-0.1729711099056439,0.2389761098957299,12.217,57.1
9205,1925-03-18 00:00:00,0.0249369101622421,-0.1814268871518241,0.2313007074763084,12.217,57.1
9206,1925-03-19 00:00:00,0.0042938651247149,-0.2013868328070469,0.2099745630564767,12.217,57.1
9207,1925-03-20 00:00:00,0.1037067796688459,-0.1019626163905995,0.3093761757282914,12.217,57.1
9208,1925-03-21 00:00:00,0.1369641892549898,-0.0688196654180827,0.3427480439280623,12.217,57.1
9209,1925-03-22 00:00:00,0.0111854599398299,-0.1945983714657234,0.2169692913453831,12.217,57.1
9210,1925-03-23 00:00:00,-0.0031290974488239,-0.2088540231728722,0.2025958282752243,12.217,57.1
9211,1925-03-24 00:00:00,0.0606413395869691,-0.1450770451262565,0.2663597243001949,12.217,57.1
9212,1925-03-25 00:00:00,0.1403268058002458,-0.0664095663700883,0.3470631779705799,12.217,57.1
9213,1925-03-26 00:00:00,0.116935223524003,-0.0890530926154982,0.3229235396635043,12.217,57.1
9214,1925-03-27 00:00:00,-0.0634642040020604,-0.2692649488683886,0.1423365408642677,12.217,57.1
9215,1925-03-28 00:00:00,-0.0175006033077612,-0.2237012510342188,0.1887000444186963,12.217,57.1
9216,1925-03-29 00:00:00,-0.031156628858862,-0.2372925825289805,0.1749793248112564,12.217,57.1
9217,1925-03-30 00:00:00,0.0707106048585392,-0.1349464602246448,0.2763676699417233,12.217,57.1
9218,1925-03-31 00:00:00,0.1529569471730518,-0.0528679853331639,0.3587818796792675,12.217,57.1
9219,1925-04-01 00:00:00,0.2672245608119493,0.0609038193824822,0.4735453022414164,12.217,57.1
9220,1925-04-02 00:00:00,0.1954555440688828,-0.0105764583111366,0.4014875464489024,12.217,57.1
9221,1925-04-03 00:00:00,0.1617894569819454,-0.0441762879120217,0.3677552018759125,12.217,57.1
9222,1925-04-04 00:00:00,0.0832850287890774,-0.1232252561470529,0.2897953137252079,12.217,57.1
9223,1925-04-05 00:00:00,0.0080932281162948,-0.1976285346737563,0.2138149909063461,12.217,57.1
9224,1925-04-06 00:00:00,0.0197590451495967,-0.1859960106774227,0.2255141009766161,12.217,57.1
9225,1925-04-07 00:00:00,0.0570666641349182,-0.1485014512903873,0.2626347795602238,12.217,57.1
9226,1925-04-08 00:00:00,0.0163224212430475,-0.1892805981820431,0.2219254406681383,12.217,57.1
9227,1925-04-09 00:00:00,0.0115595583122029,-0.19395896729724,0.2170780839216458,12.217,57.1
9228,1925-04-10 00:00:00,0.0067549556223034,-0.1987014705242407,0.2122113817688475,12.217,57.1
9229,1925-04-11 00:00:00,-0.0548754560753748,-0.2603180413456482,0.1505671291948983,12.217,57.1
9230,1925-04-12 00:00:00,-0.0475815345932792,-0.2530406058700009,0.1578775366834424,12.217,57.1
9231,1925-04-13 00:00:00,0.0102488188659101,-0.1952712525401855,0.2157688902720058,12.217,57.1
9232,1925-04-14 00:00:00,0.0671780438193485,-0.1383165606963723,0.2726726483350693,12.217,57.1
9233,1925-04-15 00:00:00,0.1053433370075547,-0.1003115492754419,0.3109982232905515,12.217,57.1
9234,1925-04-16 00:00:00,0.2898776236226219,0.0829488840492843,0.4968063631959595,12.217,57.1
9235,1925-04-17 00:00:00,0.2573651848546443,0.0504709957528486,0.46425937395644,12.217,57.1
9236,1925-04-18 00:00:00,0.1492765767820887,-0.0563128976873569,0.3548660512515345,12.217,57.1
9237,1925-04-19 00:00:00,0.1392073990926118,-0.0663532599462767,0.3447680581315004,12.217,57.1
9238,1925-04-20 00:00:00,0.0132760982045347,-0.1922809424271411,0.2188331388362106,12.217,57.1
9239,1925-04-21 00:00:00,0.0161366807869147,-0.1893120601827545,0.2215854217565839,12.217,57.1
9240,1925-04-22 00:00:00,0.0181562889556201,-0.1872847477673633,0.2235973256786036,12.217,57.1
9241,1925-04-23 00:00:00,0.0699176370084866,-0.1357104622765018,0.2755457362934751,12.217,57.1
9242,1925-04-24 00:00:00,0.1961624727516142,-0.0095532254378613,0.4018781709410898,12.217,57.1
9243,1925-04-25 00:00:00,0.1686091511048398,-0.0370153531246704,0.3742336553343501,12.217,57.1
9244,1925-04-26 00:00:00,0.1315428239534145,-0.0740049334259483,0.3370905813327774,12.217,57.1
9245,1925-04-27 00:00:00,0.0362197793198797,-0.1693848961408157,0.2418244547805752,12.217,57.1
9246,1925-04-28 00:00:00,0.0078522436296931,-0.1977575739516236,0.2134620612110099,12.217,57.1
9247,1925-04-29 00:00:00,0.0495955895700058,-0.1559388144084971,0.2551299935485089,12.217,57.1
9248,1925-04-30 00:00:00,-0.0262200367986676,-0.2330293101616024,0.1805892365642671,12.217,57.1
9249,1925-05-01 00:00:00,0.0979976862853795,-0.1091247461714245,0.3051201187421836,12.217,57.1
9250,1925-05-02 00:00:00,0.0410215917968409,-0.164997420642033,0.2470406042357149,12.217,57.1
9251,1925-05-03 00:00:00,0.1272265068085921,-0.0796221857041897,0.334075199321374,12.217,57.1
9252,1925-05-04 00:00:00,0.0504366421833235,-0.1556101341797481,0.2564834185463952,12.217,57.1
9253,1925-05-05 00:00:00,0.0437469427481187,-0.1619231803801099,0.2494170658763473,12.217,57.1
9254,1925-05-06 00:00:00,0.0199491246975221,-0.1855719917694763,0.2254702411645206,12.217,57.1
9255,1925-05-07 00:00:00,0.0595257854814536,-0.1460483102771171,0.2650998812400245,12.217,57.1
9256,1925-05-08 00:00:00,0.0613989967314208,-0.1442584710657279,0.2670564645285697,12.217,57.1
9257,1925-05-09 00:00:00,0.0279682388657063,-0.1775383251881173,0.23347480291953,12.217,57.1
9258,1925-05-10 00:00:00,0.0744413726341421,-0.1310614142266333,0.2799441594949176,12.217,57.1
9259,1925-05-11 00:00:00,-0.0016693053647216,-0.2072457125987815,0.2039071018693383,12.217,57.1
9260,1925-05-12 00:00:00,0.0849339524141427,-0.1210452758310133,0.2909131806592987,12.217,57.1
9261,1925-05-13 00:00:00,0.0395941528801104,-0.1659868032612311,0.2451751090214521,12.217,57.1
9262,1925-05-14 00:00:00,0.0115231919126928,-0.1939524809797416,0.2169988648051272,12.217,57.1
9263,1925-05-15 00:00:00,-0.0130424607776267,-0.2184511682526631,0.1923662466974096,12.217,57.1
9264,1925-05-16 00:00:00,0.0083365171720976,-0.1971623120600492,0.2138353464042446,12.217,57.1
9265,1925-05-17 00:00:00,0.0309695352224747,-0.1745876987841077,0.2365267692290572,12.217,57.1
9266,1925-05-18 00:00:00,-0.0046332740503914,-0.2102195484837463,0.2009530003829634,12.217,57.1
9267,1925-05-19 00:00:00,-0.0129745595172226,-0.2186309799414175,0.1926818609069722,12.217,57.1
9268,1925-05-20 00:00:00,0.0157853753629033,-0.1899183120936241,0.2214890628194309,12.217,57.1
9269,1925-05-21 00:00:00,0.0780977150784421,-0.1274913418164394,0.2836867719733237,12.217,57.1
9270,1925-05-22 00:00:00,0.0721807585015909,-0.1335719909432183,0.2779335079464001,12.217,57.1
9271,1925-05-23 00:00:00,0.1094224119902906,-0.096198936674333,0.3150437606549143,12.217,57.1
9272,1925-05-24 00:00:00,0.1167540035180682,-0.0891493863928214,0.3226573934289579,12.217,57.1
9273,1925-05-25 00:00:00,0.0976062142033285,-0.1087195223462582,0.3039319507529153,12.217,57.1
9274,1925-05-26 00:00:00,-0.0110750091403216,-0.2169195262386999,0.1947695079580566,12.217,57.1
9275,1925-05-27 00:00:00,0.0486785029380581,-0.156918469944885,0.2542754758210014,12.217,57.1
9276,1925-05-28 00:00:00,0.1710573482316126,-0.0346298321617144,0.3767445286249397,12.217,57.1
9277,1925-05-29 00:00:00,0.1983594334452438,-0.0079619074252672,0.4046807743157549,12.217,57.1
9278,1925-05-30 00:00:00,0.0801704457145446,-0.1260197127357972,0.2863606041648865,12.217,57.1
9279,1925-05-31 00:00:00,0.1518581992753171,-0.0545375871440431,0.3582539856946773,12.217,57.1
9280,1925-06-01 00:00:00,0.3014959522868322,0.0954387723942022,0.5075531321794622,12.217,57.1
9281,1925-06-02 00:00:00,0.06484696915007,-0.1422298778865391,0.2719238161866793,12.217,57.1
9282,1925-06-03 00:00:00,0.0071764955382198,-0.1984590023188843,0.212811993395324,12.217,57.1
9283,1925-06-04 00:00:00,0.0694915803225352,-0.1360360111835639,0.2750191718286344,12.217,57.1
9284,1925-06-05 00:00:00,0.0007154524311583,-0.2048549887920416,0.2062858936543583,12.217,57.1
9285,1925-06-06 00:00:00,-0.0122713747849755,-0.2177238829911043,0.1931811334211532,12.217,57.1
9286,1925-06-07 00:00:00,-0.0095220312562028,-0.2150411409609373,0.1959970784485317,12.217,57.1
9287,1925-06-08 00:00:00,-0.0220133020504398,-0.2275315202058152,0.1835049161049356,12.217,57.1
9288,1925-06-09 00:00:00,-0.0569748528970441,-0.2624677584048522,0.1485180526107639,12.217,57.1
9289,1925-06-10 00:00:00,-0.044073453057062,-0.249540983352638,0.1613940772385139,12.217,57.1
9290,1925-06-11 00:00:00,0.0109453729383601,-0.1948024095520285,0.2166931554287487,12.217,57.1
9291,1925-06-12 00:00:00,0.0417861929060491,-0.1639155581683659,0.2474879439804642,12.217,57.1
9292,1925-06-13 00:00:00,0.0902733736296105,-0.1155863822084599,0.2961331294676811,12.217,57.1
9293,1925-06-14 00:00:00,0.286294492572384,0.080260586226567,0.4923283989182009,12.217,57.1
9294,1925-06-15 00:00:00,0.2931585424337882,0.085784080542841,0.5005330043247355,12.217,57.1
9295,1925-06-16 00:00:00,0.2063726093866272,-0.0008973270688817,0.4136425458421362,12.217,57.1
9296,1925-06-17 00:00:00,0.3462626252622113,0.1402502363641216,0.552275014160301,12.217,57.1
9297,1925-06-18 00:00:00,0.377475421066675,0.1709298600485795,0.5840209820847705,12.217,57.1
9298,1925-06-19 00:00:00,0.194659927054859,-0.0119503393522013,0.4012701934619193,12.217,57.1
9299,1925-06-20 00:00:00,0.0872164889907226,-0.1186392578694781,0.2930722358509234,12.217,57.1
9300,1925-06-21 00:00:00,0.1690075015679825,-0.036659326312959,0.3746743294489241,12.217,57.1
9301,1925-06-22 00:00:00,0.1069105347986098,-0.0990213008287245,0.3128423704259442,12.217,57.1
9302,1925-06-23 00:00:00,0.0075277965154833,-0.1982622071862419,0.2133178002172087,12.217,57.1
9303,1925-06-24 00:00:00,-0.0145159347012946,-0.2203880088769664,0.1913561394743771,12.217,57.1
9304,1925-06-25 00:00:00,0.0274199170344508,-0.1785967308201858,0.2334365648890875,12.217,57.1
9305,1925-06-26 00:00:00,0.0952454906681167,-0.1102983184876478,0.3007892998238813,12.217,57.1
9306,1925-06-27 00:00:00,0.0939425192007026,-0.1116525085290175,0.2995375469304229,12.217,57.1
9307,1925-06-28 00:00:00,0.0423360271950572,-0.163230047849298,0.2479021022394125,12.217,57.1
9308,1925-06-29 00:00:00,-0.0097092577479243,-0.2151459608078517,0.1957274453120031,12.217,57.1
9309,1925-06-30 00:00:00,-0.0368716287262124,-0.2423793993366641,0.1686361418842392,12.217,57.1
9310,1925-07-01 00:00:00,-0.0449135585898553,-0.2505117222641033,0.1606846050843925,12.217,57.1
9311,1925-07-02 00:00:00,-0.0414498113108191,-0.2474607416374442,0.1645611190158059,12.217,57.1
9312,1925-07-03 00:00:00,-0.0289294870193518,-0.2352864458763139,0.1774274718376103,12.217,57.1
9313,1925-07-04 00:00:00,0.0020295621632598,-0.2039892797450878,0.2080484040716075,12.217,57.1
9314,1925-07-05 00:00:00,0.0062692479163722,-0.1992876884028846,0.2118261842356292,12.217,57.1
9315,1925-07-06 00:00:00,0.0191843334249494,-0.1862831613318943,0.2246518281817932,12.217,57.1
9316,1925-07-07 00:00:00,0.0427720364982833,-0.1626555856667805,0.2481996586633472,12.217,57.1
9317,1925-07-08 00:00:00,0.1039453256166238,-0.1014769792740183,0.309367630507266,12.217,57.1
9318,1925-07-09 00:00:00,0.1700178539577316,-0.0355017871219659,0.3755374950374291,12.217,57.1
9319,1925-07-10 00:00:00,0.2465138413940653,0.0405386695752178,0.4524890132129129,12.217,57.1
9320,1925-07-11 00:00:00,0.1436007246215859,-0.0624036283926349,0.3496050776358068,12.217,57.1
9321,1925-07-12 00:00:00,0.0550035998437248,-0.1507346453422515,0.2607418450297012,12.217,57.1
9322,1925-07-13 00:00:00,-0.0242256977300179,-0.2296720911184296,0.1812206956583936,12.217,57.1
9323,1925-07-14 00:00:00,-0.0150201551726614,-0.2204369762964733,0.1903966659511505,12.217,57.1
9324,1925-07-15 00:00:00,-0.0135593141435391,-0.2190086452600343,0.191890016972956,12.217,57.1
9325,1925-07-16 00:00:00,0.0059793243637688,-0.1994498136854137,0.2114084624129513,12.217,57.1
9326,1925-07-17 00:00:00,0.0410050214861339,-0.1644013804321778,0.2464114234044457,12.217,57.1
9327,1925-07-18 00:00:00,0.0732337414407814,-0.1321818520388326,0.2786493349203955,12.217,57.1
9328,1925-07-19 00:00:00,0.0791346815022439,-0.126279853646137,0.2845492166506248,12.217,57.1
9329,1925-07-20 00:00:00,0.0166491694867867,-0.1888311879972586,0.2221295269708322,12.217,57.1
9330,1925-07-21 00:00:00,-0.0150290502377513,-0.2205002509784681,0.1904421505029654,12.217,57.1
9331,1925-07-22 00:00:00,-0.0177374695294859,-0.2231396295025361,0.1876646904435642,12.217,57.1
9332,1925-07-23 00:00:00,-0.0069183174117829,-0.2123488346900768,0.1985121998665109,12.217,57.1
9333,1925-07-24 00:00:00,0.0151863344039426,-0.190288240009166,0.2206609088170512,12.217,57.1
9334,1925-07-25 00:00:00,0.020855403793635,-0.1846341081656527,0.2263449157529229,12.217,57.1
9335,1925-07-26 00:00:00,0.0561692245473339,-0.1494030767323516,0.2617415258270195,12.217,57.1
9336,1925-07-27 00:00:00,0.1744715325902163,-0.0315154786778908,0.3804585438583235,12.217,57.1
9337,1925-07-28 00:00:00,0.0749919629522852,-0.1307608420527379,0.2807447679573085,12.217,57.1
9338,1925-07-29 00:00:00,0.1852412104118608,-0.0204306213534421,0.3909130421771637,12.217,57.1
9339,1925-07-30 00:00:00,0.1953719044340733,-0.0104226837697157,0.4011664926378625,12.217,57.1
9340,1925-07-31 00:00:00,0.1817443925322384,-0.0238808786748253,0.3873696637393023,12.217,57.1
9341,1925-08-01 00:00:00,0.2053949636941933,-0.0001004209104749,0.4108903482988616,12.217,57.1
9342,1925-08-02 00:00:00,0.1862062469501453,-0.0193430541346908,0.3917555480349816,12.217,57.1
9343,1925-08-03 00:00:00,0.1425402237965324,-0.0629432291267974,0.3480236767198622,12.217,57.1
9344,1925-08-04 00:00:00,0.163696252881276,-0.0419596007868781,0.3693521065494303,12.217,57.1
9345,1925-08-05 00:00:00,0.1946498352358628,-0.0109854721966735,0.4002851426683992,12.217,57.1
9346,1925-08-06 00:00:00,0.14961617212739,-0.0559038487451835,0.3551361929999637,12.217,57.1
9347,1925-08-07 00:00:00,0.1115392894392094,-0.0940063205998894,0.3170848994783083,12.217,57.1
9348,1925-08-08 00:00:00,0.0674137607037436,-0.1380400956214271,0.2728676170289143,12.217,57.1
9349,1925-08-09 00:00:00,0.0445985310028629,-0.1608273651116783,0.2500244271174043,12.217,57.1
9350,1925-08-10 00:00:00,0.0801929816396283,-0.1253072879435529,0.2856932512228095,12.217,57.1
9351,1925-08-11 00:00:00,0.0888438892843464,-0.1168608986242392,0.2945486771929321,12.217,57.1
9352,1925-08-12 00:00:00,0.1329725290666208,-0.0731915792648801,0.3391366373981218,12.217,57.1
9353,1925-08-13 00:00:00,0.0316211644734965,-0.1739898984490709,0.237232227396064,12.217,57.1
9354,1925-08-14 00:00:00,0.057192146115318,-0.1485751249082424,0.2629594171388785,12.217,57.1
9355,1925-08-15 00:00:00,0.0474853736274226,-0.1581890614121806,0.2531598086670258,12.217,57.1
9356,1925-08-16 00:00:00,0.0468692833413388,-0.1588995199860788,0.2526380866687565,12.217,57.1
9357,1925-08-17 00:00:00,0.0737666247944519,-0.1318527348089304,0.2793859843978343,12.217,57.1
9358,1925-08-18 00:00:00,0.1721484767436714,-0.0336074648324804,0.3779044183198232,12.217,57.1
9359,1925-08-19 00:00:00,0.1640600476394605,-0.0419062867605204,0.3700263820394416,12.217,57.1
9360,1925-08-20 00:00:00,0.0800439318971471,-0.1255729232674459,0.2856607870617402,12.217,57.1
9361,1925-08-21 00:00:00,0.059467905327557,-0.1459987155962728,0.2649345262513868,12.217,57.1
9362,1925-08-22 00:00:00,0.051379994100739,-0.1541121753251471,0.2568721635266253,12.217,57.1
9363,1925-08-23 00:00:00,0.0565823361644185,-0.1489259421767979,0.262090614505635,12.217,57.1
9364,1925-08-24 00:00:00,0.0934285151090366,-0.1121689991541034,0.2990260293721767,12.217,57.1
9365,1925-08-25 00:00:00,0.0801995287347547,-0.1258739934088882,0.2862730508783978,12.217,57.1
9366,1925-08-26 00:00:00,-0.0011703938692722,-0.2070870976237566,0.2047463098852121,12.217,57.1
9367,1925-08-27 00:00:00,-0.0398938561979465,-0.2460027418816882,0.1662150294857951,12.217,57.1
9368,1925-08-28 00:00:00,0.0305029113165636,-0.17525780831775,0.2362636309508773,12.217,57.1
9369,1925-08-29 00:00:00,0.0454367893331378,-0.1601672545507535,0.2510408332170293,12.217,57.1
9370,1925-08-30 00:00:00,0.2567960996714861,0.0510657162030994,0.4625264831398727,12.217,57.1
9371,1925-08-31 00:00:00,0.2131820526913131,0.0073059613800626,0.4190581440025636,12.217,57.1
9372,1925-09-01 00:00:00,0.2833805741983358,0.0773654672474528,0.4893956811492188,12.217,57.1
9373,1925-09-02 00:00:00,0.4036217869375652,0.1973338473750399,0.6099097265000905,12.217,57.1
9374,1925-09-03 00:00:00,0.4949486000359813,0.2883310869322626,0.7015661131397,12.217,57.1
9375,1925-09-04 00:00:00,0.2201501721262977,0.0137262442974105,0.426574099955185,12.217,57.1
9376,1925-09-05 00:00:00,0.3245722165545077,0.1185272944239344,0.530617138685081,12.217,57.1
9377,1925-09-06 00:00:00,0.3405705223594586,0.1341274913921041,0.5470135533268132,12.217,57.1
9378,1925-09-07 00:00:00,0.2247466028660957,0.0186076329325013,0.4308855727996901,12.217,57.1
9379,1925-09-08 00:00:00,0.1521930109511036,-0.0534306542426478,0.3578166761448552,12.217,57.1
9380,1925-09-09 00:00:00,0.1172725439392966,-0.0883506613591686,0.322895749237762,12.217,57.1
9381,1925-09-10 00:00:00,0.0751743147107397,-0.1303087868427085,0.2806574162641881,12.217,57.1
9382,1925-09-11 00:00:00,0.0379973787792084,-0.1677458607190382,0.243740618277455,12.217,57.1
9383,1925-09-12 00:00:00,-0.0076975381237697,-0.2137217285569186,0.1983266523093791,12.217,57.1
9384,1925-09-13 00:00:00,-0.0635856437716128,-0.2693959214980735,0.1422246339548479,12.217,57.1
9385,1925-09-14 00:00:00,-0.0355307815790952,-0.2411159708143485,0.170054407656158,12.217,57.1
9386,1925-09-15 00:00:00,0.022988069699966,-0.182527865703731,0.2285040051036631,12.217,57.1
9387,1925-09-16 00:00:00,0.0428361596837077,-0.1627402958332627,0.2484126152006782,12.217,57.1
9388,1925-09-17 00:00:00,0.0529101737357027,-0.1525797171381283,0.2584000646095338,12.217,57.1
9389,1925-09-18 00:00:00,0.0668483874596611,-0.1386385212447191,0.2723352961640415,12.217,57.1
9390,1925-09-19 00:00:00,0.1093409238061336,-0.09619393576642,0.3148757833786873,12.217,57.1
9391,1925-09-20 00:00:00,0.1191479064547149,-0.0867550412536639,0.3250508541630937,12.217,57.1
9392,1925-09-21 00:00:00,0.154741138954383,-0.0549307949595533,0.3644130728683195,12.217,57.1
9393,1925-09-22 00:00:00,0.2735732397796464,0.0669638996648848,0.480182579894408,12.217,57.1
9394,1925-09-23 00:00:00,0.176870836649879,-0.0293398693607877,0.3830815426605457,12.217,57.1
9395,1925-09-24 00:00:00,0.3245023412525252,0.1174356457020519,0.5315690368029984,12.217,57.1
9396,1925-09-25 00:00:00,0.1583634095883764,-0.0477416729783716,0.3644684921551245,12.217,57.1
9397,1925-09-26 00:00:00,0.0778827038904793,-0.1275870004961877,0.2833524082771465,12.217,57.1
9398,1925-09-27 00:00:00,0.1204387543997533,-0.08527728706302,0.3261547958625266,12.217,57.1
9399,1925-09-28 00:00:00,-0.0122661836594746,-0.217951783722644,0.1934194164036948,12.217,57.1
9400,1925-09-29 00:00:00,-0.0339389463013266,-0.2396458390829009,0.1717679464802477,12.217,57.1
9401,1925-09-30 00:00:00,0.1637228108687481,-0.0426165417989613,0.3700621635364575,12.217,57.1
9402,1925-10-01 00:00:00,0.0248706018304374,-0.180868860171203,0.2306100638320779,12.217,57.1
9403,1925-10-02 00:00:00,-0.0054948773437742,-0.2113166398743251,0.2003268851867767,12.217,57.1
9404,1925-10-03 00:00:00,0.1137676618588737,-0.0922280329506908,0.3197633566684382,12.217,57.1
9405,1925-10-04 00:00:00,0.1828245029611074,-0.0241672907317165,0.3898162966539314,12.217,57.1
9406,1925-10-05 00:00:00,0.0487936571857291,-0.1573797044988831,0.2549670188703415,12.217,57.1
9407,1925-10-06 00:00:00,0.0507082745974506,-0.1554685263863857,0.2568850755812869,12.217,57.1
9408,1925-10-07 00:00:00,0.0992474117207827,-0.1067619165307041,0.3052567399722696,12.217,57.1
9409,1925-10-08 00:00:00,0.0549605473513407,-0.1512719255895176,0.2611930202921992,12.217,57.1
9410,1925-10-09 00:00:00,0.0035530611645675,-0.2019762159421125,0.2090823382712475,12.217,57.1
9411,1925-10-10 00:00:00,0.119059950725816,-0.0868849373816561,0.3250048388332883,12.217,57.1
9412,1925-10-11 00:00:00,0.0994252561125918,-0.1067102082286751,0.3055607204538588,12.217,57.1
9413,1925-10-12 00:00:00,0.0719277215009751,-0.1337065416528174,0.2775619846547676,12.217,57.1
9414,1925-10-13 00:00:00,0.0731252282578768,-0.1324501150099564,0.2787005715257101,12.217,57.1
9415,1925-10-14 00:00:00,0.1588140326200098,-0.0471734689804855,0.3648015342205052,12.217,57.1
9416,1925-10-15 00:00:00,0.1372914930801361,-0.0697144127358461,0.3442973988961184,12.217,57.1
9417,1925-10-16 00:00:00,0.039357142161867,-0.1677581390647705,0.2464724233885046,12.217,57.1
9418,1925-10-17 00:00:00,0.041191623151938,-0.1645716998678257,0.2469549461717018,12.217,57.1
9419,1925-10-18 00:00:00,0.0604479114316086,-0.1451919169329483,0.2660877397961656,12.217,57.1
9420,1925-10-19 00:00:00,0.038315173049241,-0.1675899858970492,0.2442203319955314,12.217,57.1
9421,1925-10-20 00:00:00,-0.0351557872708703,-0.2408753832103857,0.170563808668645,12.217,57.1
9422,1925-10-21 00:00:00,0.1000082606579489,-0.1057096767125048,0.3057261980284027,12.217,57.1
9423,1925-10-22 00:00:00,0.170501516174916,-0.0356730031749899,0.3766760355248221,12.217,57.1
9424,1925-10-23 00:00:00,0.2223710483944792,0.0162390342369911,0.4285030625519672,12.217,57.1
9425,1925-10-24 00:00:00,0.3189981474877598,0.1128946828134553,0.5251016121620642,12.217,57.1
9426,1925-10-25 00:00:00,0.2506093915028828,0.0444979637999569,0.4567208192058087,12.217,57.1
9427,1925-10-26 00:00:00,0.1534281305695262,-0.0522910672835072,0.3591473284225597,12.217,57.1
9428,1925-10-27 00:00:00,0.1442808067033359,-0.0613883869011326,0.3499500003078046,12.217,57.1
9429,1925-10-28 00:00:00,0.2800897337711509,0.0741257130606088,0.4860537544816929,12.217,57.1
9430,1925-10-29 00:00:00,0.2492567297585735,0.043124680099039,0.455388779418108,12.217,57.1
9431,1925-10-30 00:00:00,0.1570505124598958,-0.0488005072974882,0.3629015322172799,12.217,57.1
9432,1925-10-31 00:00:00,0.0711918173767542,-0.1343849138580988,0.2767685486116072,12.217,57.1
9433,1925-11-01 00:00:00,0.0113908726353983,-0.1942774914739591,0.2170592367447559,12.217,57.1
9434,1925-11-02 00:00:00,0.0272315077832204,-0.1786036525894657,0.2330666681559067,12.217,57.1
9435,1925-11-03 00:00:00,0.0517677026587942,-0.1542399979114155,0.2577754032290039,12.217,57.1
9436,1925-11-04 00:00:00,0.1536002192914551,-0.0523116796475875,0.3595121182304978,12.217,57.1
9437,1925-11-05 00:00:00,0.1708941013296058,-0.0357839976320716,0.3775722002912833,12.217,57.1
9438,1925-11-06 00:00:00,0.1424801974144945,-0.0634674768772319,0.348427871706221,12.217,57.1
9439,1925-11-07 00:00:00,0.1143450025901733,-0.0916155894780643,0.3203055946584109,12.217,57.1
9440,1925-11-08 00:00:00,0.1032381402353394,-0.1026881779955823,0.3091644584662612,12.217,57.1
9441,1925-11-09 00:00:00,-0.0035398344846189,-0.2103179614805789,0.203238292511341,12.217,57.1
9442,1925-11-10 00:00:00,0.0554774541698467,-0.1516386842466351,0.2625935925863285,12.217,57.1
9443,1925-11-11 00:00:00,-0.0364544027050299,-0.2439821917638127,0.1710733863537528,12.217,57.1
9444,1925-11-12 00:00:00,-0.0472064321456729,-0.2531971325576911,0.1587842682663452,12.217,57.1
9445,1925-11-13 00:00:00,-0.0373204290222959,-0.2429354028359461,0.1682945447913542,12.217,57.1
9446,1925-11-14 00:00:00,-0.0006402914058445,-0.2064845868532354,0.2052040040415462,12.217,57.1
9447,1925-11-15 00:00:00,0.020347005706094,-0.1852366554857338,0.2259306668979218,12.217,57.1
9448,1925-11-16 00:00:00,-0.011154152454315,-0.2166872917446497,0.1943789868360196,12.217,57.1
9449,1925-11-17 00:00:00,0.0166429097917294,-0.1888919338097832,0.2221777533932421,12.217,57.1
9450,1925-11-18 00:00:00,-0.1138284917234184,-0.3195077742191113,0.0918507907722744,12.217,57.1
9451,1925-11-19 00:00:00,-0.0493153760699158,-0.2548843860062406,0.156253633866409,12.217,57.1
9452,1925-11-20 00:00:00,0.0955554930319128,-0.1108573224400311,0.3019683085038569,12.217,57.1
9453,1925-11-21 00:00:00,0.0529772729640092,-0.1529326048542049,0.2588871507822234,12.217,57.1
9454,1925-11-22 00:00:00,0.0574353173638812,-0.1481919778270625,0.263062612554825,12.217,57.1
9455,1925-11-23 00:00:00,0.2500750927595329,0.0440168671092102,0.4561333184098555,12.217,57.1
9456,1925-11-24 00:00:00,0.0100855665149485,-0.1965330106630686,0.2167041436929657,12.217,57.1
9457,1925-11-25 00:00:00,0.0116311038553324,-0.1940120837625925,0.2172742914732573,12.217,57.1
9458,1925-11-26 00:00:00,0.0045557686866382,-0.2015633123552345,0.210674849728511,12.217,57.1
9459,1925-11-27 00:00:00,0.0748541355735039,-0.1308749717207065,0.2805832428677144,12.217,57.1
9460,1925-11-28 00:00:00,0.1904781544537446,-0.0156973270946858,0.3966536360021752,12.217,57.1
9461,1925-11-29 00:00:00,0.0542561773055404,-0.1527762889808898,0.2612886435919707,12.217,57.1
9462,1925-11-30 00:00:00,0.007395537755474,-0.1987601994110616,0.2135512749220097,12.217,57.1
9463,1925-12-01 00:00:00,0.0057913728573475,-0.1999690436025099,0.211551789317205,12.217,57.1
9464,1925-12-02 00:00:00,0.0226456102545998,-0.1832803808392555,0.2285716013484551,12.217,57.1
9465,1925-12-03 00:00:00,-0.0656314043674304,-0.2713701144474461,0.1401073057125852,12.217,57.1
9466,1925-12-04 00:00:00,-0.0198880800149164,-0.2257716139895944,0.1859954539597614,12.217,57.1
9467,1925-12-05 00:00:00,-0.0051384325223541,-0.2113665257291036,0.2010896606843952,12.217,57.1
9468,1925-12-06 00:00:00,0.1033744792609288,-0.1029975453945856,0.3097465039164432,12.217,57.1
9469,1925-12-07 00:00:00,0.1599377758942215,-0.0469519454567911,0.3668274972452342,12.217,57.1
9470,1925-12-08 00:00:00,0.1043190709638675,-0.1014956803929399,0.3101338223206751,12.217,57.1
9471,1925-12-09 00:00:00,0.1520809219439764,-0.0537554033078507,0.3579172471958035,12.217,57.1
9472,1925-12-10 00:00:00,0.2589220138722197,0.0529727636662496,0.4648712640781897,12.217,57.1
9473,1925-12-11 00:00:00,0.2495070805696797,0.0436796208393757,0.4553345402999837,12.217,57.1
9474,1925-12-12 00:00:00,0.07093005873721,-0.1348304501155074,0.2766905675899275,12.217,57.1
9475,1925-12-13 00:00:00,0.0411558530401637,-0.1646207227492187,0.2469324288295463,12.217,57.1
9476,1925-12-14 00:00:00,0.0766075942128727,-0.1291191778900891,0.2823343663158347,12.217,57.1
9477,1925-12-15 00:00:00,-0.0241927355363119,-0.2300943214675036,0.1817088503948797,12.217,57.1
9478,1925-12-16 00:00:00,-0.1064225301284432,-0.3122680346591479,0.0994229744022613,12.217,57.1
9479,1925-12-17 00:00:00,0.0914356085572826,-0.1146789960969461,0.2975502132115115,12.217,57.1
9480,1925-12-18 00:00:00,0.136238881670079,-0.070260644816851,0.3427384081570092,12.217,57.1
9481,1925-12-19 00:00:00,0.1364876766363096,-0.0695789722592693,0.3425543255318885,12.217,57.1
9482,1925-12-20 00:00:00,0.0873620023349956,-0.1185381086250848,0.293262113295076,12.217,57.1
9483,1925-12-21 00:00:00,-0.0420125267035636,-0.2510224168722064,0.166997363465079,12.217,57.1
9484,1925-12-22 00:00:00,0.3823604445024288,0.1729687418473709,0.5917521471574867,12.217,57.1
9485,1925-12-23 00:00:00,0.0893711125652569,-0.1170270991020512,0.2957693242325651,12.217,57.1
9486,1925-12-24 00:00:00,0.3056569329537634,0.0984664654053231,0.5128474005022037,12.217,57.1
9487,1925-12-25 00:00:00,0.2390286406303071,0.0327414248275155,0.4453158564330987,12.217,57.1
9488,1925-12-26 00:00:00,0.2582776056058294,0.0521563009417128,0.4643989102699459,12.217,57.1
9489,1925-12-27 00:00:00,0.1811640598155621,-0.0246218933057163,0.3869500129368406,12.217,57.1
9490,1925-12-28 00:00:00,0.2182674794491098,0.0124665400901515,0.4240684188080682,12.217,57.1
9491,1925-12-29 00:00:00,0.1781109775535911,-0.0275233572519036,0.3837453123590859,12.217,57.1
9492,1925-12-30 00:00:00,0.3490756384733375,0.1426913237196796,0.5554599532269955,12.217,57.1
9493,1925-12-31 00:00:00,0.4801016657339685,0.273563984641725,0.6866393468262121,12.217,57.1
9494,1926-01-01 00:00:00,0.4239638861188982,0.2173332961002477,0.6305944761375486,12.217,57.1
9495,1926-01-02 00:00:00,0.0582257691783098,-0.1483210829109422,0.2647726212675618,12.217,57.1
9496,1926-01-03 00:00:00,0.1074227457158323,-0.0989937787374877,0.3138392701691523,12.217,57.1
9497,1926-01-04 00:00:00,0.1034387611411983,-0.1028035357084323,0.309681057990829,12.217,57.1
9498,1926-01-05 00:00:00,0.0727333266440136,-0.1331191119859003,0.2785857652739275,12.217,57.1
9499,1926-01-06 00:00:00,-0.0601090542991575,-0.2660899019184017,0.1458717933200867,12.217,57.1
9500,1926-01-07 00:00:00,0.0379071297671996,-0.1677337943794187,0.243548053913818,12.217,57.1
9501,1926-01-08 00:00:00,0.101625035704826,-0.1041079070540769,0.3073579784637291,12.217,57.1
9502,1926-01-09 00:00:00,-0.0359914188573515,-0.2415522850893902,0.1695694473746872,12.217,57.1
9503,1926-01-10 00:00:00,0.0574321154285416,-0.1482468810745875,0.2631111119316709,12.217,57.1
9504,1926-01-11 00:00:00,0.0001639388156749,-0.2056274822489211,0.2059553598802709,12.217,57.1
9505,1926-01-12 00:00:00,-0.0497366443301376,-0.2554694275222536,0.1559961388619783,12.217,57.1
9506,1926-01-13 00:00:00,-0.1095216891165048,-0.3152403414644199,0.0961969632314102,12.217,57.1
9507,1926-01-14 00:00:00,-0.1805139974356077,-0.38675744166239,0.0257294467911746,12.217,57.1
9508,1926-01-15 00:00:00,-0.2457298194643747,-0.4534511034477647,-0.0380085354809848,12.217,57.1
9509,1926-01-16 00:00:00,-0.0490234335405199,-0.2567493811368421,0.1587025140558022,12.217,57.1
9510,1926-01-17 00:00:00,0.0158537037322027,-0.1904876695573074,0.2221950770217129,12.217,57.1
9511,1926-01-18 00:00:00,0.0129628214445487,-0.1930906764823036,0.2190163193714011,12.217,57.1
9512,1926-01-19 00:00:00,-0.0096246843520043,-0.2151560004232909,0.1959066317192822,12.217,57.1
9513,1926-01-20 00:00:00,0.0099657543254666,-0.1955226204586803,0.2154541291096136,12.217,57.1
9514,1926-01-21 00:00:00,-0.0259080663045831,-0.2313654723256182,0.1795493397164518,12.217,57.1
9515,1926-01-22 00:00:00,-0.0221181213880715,-0.2277098594598855,0.1834736166837423,12.217,57.1
9516,1926-01-23 00:00:00,0.0832565597538024,-0.123093355092939,0.2896064746005439,12.217,57.1
9517,1926-01-24 00:00:00,0.2456600242462099,0.0385210025058909,0.4527990459865288,12.217,57.1
9518,1926-01-25 00:00:00,0.3265925024303204,0.1197831856324009,0.53340181922824,12.217,57.1
9519,1926-01-26 00:00:00,0.3733163292922851,0.167203394945401,0.5794292636391691,12.217,57.1
9520,1926-01-27 00:00:00,0.0980439928311622,-0.1081334517144079,0.3042214373767323,12.217,57.1
9521,1926-01-28 00:00:00,0.1784501219978664,-0.0274295491989171,0.38432979319465,12.217,57.1
9522,1926-01-29 00:00:00,0.2077385290224732,0.0016678956329916,0.4138091624119548,12.217,57.1
9523,1926-01-30 00:00:00,0.0928033518918078,-0.1136888147044796,0.2992955184880954,12.217,57.1
9524,1926-01-31 00:00:00,0.0902699719770792,-0.1160438034537855,0.296583747407944,12.217,57.1
9525,1926-02-01 00:00:00,0.1046782793531756,-0.1008368709316018,0.3101934296379532,12.217,57.1
9526,1926-02-02 00:00:00,0.1451840888703952,-0.0604362668765953,0.3508044446173858,12.217,57.1
9527,1926-02-03 00:00:00,0.0851993408769445,-0.1204838713196245,0.2908825530735136,12.217,57.1
9528,1926-02-04 00:00:00,0.075272894308343,-0.1305351557387335,0.2810809443554195,12.217,57.1
9529,1926-02-05 00:00:00,-0.02759008628495,-0.2335550101528434,0.1783748375829434,12.217,57.1
9530,1926-02-06 00:00:00,-0.0634196771882506,-0.2693283544485657,0.1424890000720644,12.217,57.1
9531,1926-02-07 00:00:00,-0.1563178621811013,-0.362673068264676,0.0500373439024733,12.217,57.1
9532,1926-02-08 00:00:00,-0.1110808847108583,-0.3176474330708683,0.0954856636491516,12.217,57.1
9533,1926-02-09 00:00:00,-0.0737140124233165,-0.2797701028654172,0.132342078018784,12.217,57.1
9534,1926-02-10 00:00:00,-0.0085701531715122,-0.2144039682958995,0.197263661952875,12.217,57.1
9535,1926-02-11 00:00:00,-0.0272078208496681,-0.2328219921018497,0.1784063504025133,12.217,57.1
9536,1926-02-12 00:00:00,-0.0392448512246409,-0.2447501107284046,0.1662604082791227,12.217,57.1
9537,1926-02-13 00:00:00,-0.0366091905096985,-0.24211036290958,0.1688919818901829,12.217,57.1
9538,1926-02-14 00:00:00,-0.0613455376785365,-0.2669142562519434,0.1442231808948703,12.217,57.1
9539,1926-02-15 00:00:00,-0.0083726253679431,-0.2139579981206686,0.1972127473847822,12.217,57.1
9540,1926-02-16 00:00:00,0.1723706204837342,-0.0344634645545608,0.3792047055220293,12.217,57.1
9541,1926-02-17 00:00:00,0.2688495417299938,0.0615092224225308,0.4761898610374569,12.217,57.1
9542,1926-02-18 00:00:00,0.277170568455895,0.0713787531873304,0.4829623837244595,12.217,57.1
9543,1926-02-19 00:00:00,0.1773594650324604,-0.0285129553028478,0.3832318853677687,12.217,57.1
9544,1926-02-20 00:00:00,0.0948705087379438,-0.1108483905160252,0.3005894079919129,12.217,57.1
9545,1926-02-21 00:00:00,0.0549267062882438,-0.15066226450361,0.2605156770800977,12.217,57.1
9546,1926-02-22 00:00:00,0.0357384716059962,-0.1698619255281042,0.2413388687400966,12.217,57.1
9547,1926-02-23 00:00:00,0.0398783671487878,-0.166097326850438,0.2458540611480137,12.217,57.1
9548,1926-02-24 00:00:00,0.0221719757829112,-0.1837555384920583,0.2280994900578807,12.217,57.1
9549,1926-02-25 00:00:00,-0.0377339232663093,-0.2435846904882825,0.1681168439556638,12.217,57.1
9550,1926-02-26 00:00:00,0.0115149020311565,-0.1940908155313698,0.217120619593683,12.217,57.1
9551,1926-02-27 00:00:00,0.0320499216078076,-0.1739094840105792,0.2380093272261944,12.217,57.1
9552,1926-02-28 00:00:00,0.0952595606064619,-0.1121011182546639,0.3026202394675877,12.217,57.1
9553,1926-03-01 00:00:00,0.0964236304623059,-0.1112653503964291,0.304112611321041,12.217,57.1
9554,1926-03-02 00:00:00,0.2245708127214988,0.017808622746494,0.4313330026965035,12.217,57.1
9555,1926-03-03 00:00:00,0.4343429128503309,0.2279221299386739,0.6407636957619879,12.217,57.1
9556,1926-03-04 00:00:00,0.5688804900253528,0.3604020227280027,0.7773589573227029,12.217,57.1
9557,1926-03-05 00:00:00,0.4071010911431127,0.2005063534424943,0.6136958288437312,12.217,57.1
9558,1926-03-06 00:00:00,0.1497838434352262,-0.056890473461648,0.3564581603321005,12.217,57.1
9559,1926-03-07 00:00:00,0.1802807536426467,-0.0267947382346363,0.3873562455199297,12.217,57.1
9560,1926-03-08 00:00:00,0.1157764064220492,-0.0902498010361179,0.3218026138802164,12.217,57.1
9561,1926-03-09 00:00:00,0.3536853531610936,0.1471676747577591,0.5602030315644282,12.217,57.1
9562,1926-03-10 00:00:00,0.4174585304883986,0.210421226778047,0.6244958341987503,12.217,57.1
9563,1926-03-11 00:00:00,0.1918140818181042,-0.0167316648765011,0.4003598285127097,12.217,57.1
9564,1926-03-12 00:00:00,0.3524857478390956,0.1437090352857606,0.5612624603924306,12.217,57.1
9565,1926-03-13 00:00:00,0.3306931696871172,0.1223449782205762,0.5390413611536583,12.217,57.1
9566,1926-03-14 00:00:00,0.0508073987475959,-0.1563030623171985,0.2579178598123905,12.217,57.1
9567,1926-03-15 00:00:00,-0.0591349552780113,-0.2655158231023635,0.1472459125463407,12.217,57.1
9568,1926-03-16 00:00:00,-0.0080720211775343,-0.2139128290152143,0.1977687866601457,12.217,57.1
9569,1926-03-17 00:00:00,-0.0341422504778401,-0.2397225351323633,0.171438034176683,12.217,57.1
9570,1926-03-18 00:00:00,0.004476751631967,-0.2012769257583458,0.2102304290222799,12.217,57.1
9571,1926-03-19 00:00:00,-0.0305161984048659,-0.2362228026362988,0.1751904058265669,12.217,57.1
9572,1926-03-20 00:00:00,-0.0472935610564048,-0.2528346174462617,0.1582474953334519,12.217,57.1
9573,1926-03-21 00:00:00,-0.0900236694062449,-0.2956709638096943,0.1156236249972044,12.217,57.1
9574,1926-03-22 00:00:00,-0.0783984770507717,-0.2843127425861862,0.1275157884846427,12.217,57.1
9575,1926-03-23 00:00:00,-0.0067573403883744,-0.2124694804253662,0.1989547996486173,12.217,57.1
9576,1926-03-24 00:00:00,0.0168725856702712,-0.188713168195761,0.2224583395363035,12.217,57.1
9577,1926-03-25 00:00:00,0.04585317429381,-0.1597051918276413,0.2514115404152614,12.217,57.1
9578,1926-03-26 00:00:00,0.0036771419753712,-0.202060798228428,0.2094150821791705,12.217,57.1
9579,1926-03-27 00:00:00,0.0159064598287703,-0.1896428424849658,0.2214557621425066,12.217,57.1
9580,1926-03-28 00:00:00,0.1007451685161382,-0.1048262625402807,0.3063165995725572,12.217,57.1
9581,1926-03-29 00:00:00,0.1366782022266724,-0.0689015113294356,0.3422579157827806,12.217,57.1
9582,1926-03-30 00:00:00,0.1504913779714858,-0.0551516315555088,0.3561343874984805,12.217,57.1
9583,1926-03-31 00:00:00,0.1417802873137554,-0.0638871248742517,0.3474476995017626,12.217,57.1
9584,1926-04-01 00:00:00,0.2028195679470769,-0.0033331262032609,0.4089722620974149,12.217,57.1
9585,1926-04-02 00:00:00,-0.0248552084710665,-0.2304742903188797,0.1807638733767466,12.217,57.1
9586,1926-04-03 00:00:00,-0.0519533116062575,-0.2574767351813945,0.1535701119688794,12.217,57.1
9587,1926-04-04 00:00:00,-0.0443774367793869,-0.249902958009645,0.1611480844508712,12.217,57.1
9588,1926-04-05 00:00:00,0.0137886000873819,-0.1922412451945089,0.2198184453692729,12.217,57.1
9589,1926-04-06 00:00:00,0.0285975583433076,-0.1770467384608449,0.2342418551474602,12.217,57.1
9590,1926-04-07 00:00:00,0.0732741973176752,-0.1322792426054727,0.2788276372408232,12.217,57.1
9591,1926-04-08 00:00:00,0.1351065753129629,-0.0709810399935321,0.341194190619458,12.217,57.1
9592,1926-04-09 00:00:00,0.0321314786989452,-0.1738159719630246,0.2380789293609151,12.217,57.1
9593,1926-04-10 00:00:00,0.0890258846031496,-0.1166273288102725,0.2946790980165717,12.217,57.1
9594,1926-04-11 00:00:00,0.0569570627204749,-0.1486877459056436,0.2626018713465934,12.217,57.1
9595,1926-04-12 00:00:00,0.0300654400461504,-0.1756320553820881,0.2357629354743888,12.217,57.1
9596,1926-04-13 00:00:00,0.0487629576424532,-0.1569096955108629,0.2544356107957694,12.217,57.1
9597,1926-04-14 00:00:00,0.0419420814570904,-0.163816107945559,0.2477002708597399,12.217,57.1
9598,1926-04-15 00:00:00,0.0732858767089249,-0.1322061522588035,0.2787779056766533,12.217,57.1
9599,1926-04-16 00:00:00,0.1903633456538898,-0.015220176745482,0.3959468680532618,12.217,57.1
9600,1926-04-17 00:00:00,0.1478495487737586,-0.0578610147406034,0.3535601122881208,12.217,57.1
9601,1926-04-18 00:00:00,0.1940158831382997,-0.0117757623658112,0.3998075286424107,12.217,57.1
9602,1926-04-19 00:00:00,0.1529042410113875,-0.0527318569094983,0.3585403389322735,12.217,57.1
9603,1926-04-20 00:00:00,0.1541972863151814,-0.0514249139720684,0.3598194866024312,12.217,57.1
9604,1926-04-21 00:00:00,0.1858549994782959,-0.0216536694464231,0.393363668403015,12.217,57.1
9605,1926-04-22 00:00:00,0.1123605933611636,-0.0933595373104546,0.3180807240327818,12.217,57.1
9606,1926-04-23 00:00:00,0.0715754705400879,-0.1340354203133122,0.277186361393488,12.217,57.1
9607,1926-04-24 00:00:00,0.0215540364073492,-0.1840016366696274,0.227109709484326,12.217,57.1
9608,1926-04-25 00:00:00,-0.0718914059674201,-0.2774881254025134,0.1337053134676732,12.217,57.1
9609,1926-04-26 00:00:00,-0.2017254760095038,-0.4097631054982437,0.006312153479236,12.217,57.1
9610,1926-04-27 00:00:00,-0.1102634272695018,-0.317888995842949,0.0973621413039454,12.217,57.1
9611,1926-04-28 00:00:00,-0.0962730946715045,-0.303097046659266,0.1105508573162569,12.217,57.1
9612,1926-04-29 00:00:00,-0.0803106628772082,-0.2862549096665072,0.1256335839120907,12.217,57.1
9613,1926-04-30 00:00:00,-0.016238827237554,-0.2217297989373404,0.1892521444622322,12.217,57.1
9614,1926-05-01 00:00:00,-0.021410513399159,-0.2268443921761062,0.184023365377788,12.217,57.1
9615,1926-05-02 00:00:00,-0.0212860863529053,-0.2268441645791395,0.1842719918733289,12.217,57.1
9616,1926-05-03 00:00:00,0.0166199246962852,-0.1891963411692749,0.2224361905618453,12.217,57.1
9617,1926-05-04 00:00:00,0.0132983291394667,-0.1925215970537658,0.2191182553326994,12.217,57.1
9618,1926-05-05 00:00:00,0.0719738691039618,-0.1334759480031427,0.2774236862110664,12.217,57.1
9619,1926-05-06 00:00:00,0.0886388739977027,-0.1170804325011842,0.2943581804965898,12.217,57.1
9620,1926-05-07 00:00:00,0.0983989532686765,-0.107223708541394,0.3040216150787472,12.217,57.1
9621,1926-05-08 00:00:00,0.0928072236258399,-0.1127269967019211,0.2983414439536009,12.217,57.1
9622,1926-05-09 00:00:00,0.0691700764347336,-0.1363473273279344,0.2746874801974016,12.217,57.1
9623,1926-05-10 00:00:00,0.041302412718736,-0.1644091207839091,0.2470139462213811,12.217,57.1
9624,1926-05-11 00:00:00,0.1623873323849756,-0.0435122569904725,0.3682869217604237,12.217,57.1
9625,1926-05-12 00:00:00,0.1696723422561488,-0.0359913204516072,0.3753360049639048,12.217,57.1
9626,1926-05-13 00:00:00,0.1413244056292835,-0.0642392910603455,0.3468881023189126,12.217,57.1
9627,1926-05-14 00:00:00,0.1432420284888585,-0.0622023055127383,0.3486863624904555,12.217,57.1
9628,1926-05-15 00:00:00,0.1270873228530986,-0.0785838045348728,0.3327584502410701,12.217,57.1
9629,1926-05-16 00:00:00,0.0332043177343878,-0.1728023965099606,0.2392110319787363,12.217,57.1
9630,1926-05-17 00:00:00,0.0094232973798476,-0.1969897735084665,0.2158363682681618,12.217,57.1
9631,1926-05-18 00:00:00,0.0151432140110697,-0.1917147292107466,0.2220011572328862,12.217,57.1
9632,1926-05-19 00:00:00,0.0319267478060792,-0.1736996716301674,0.237553167242326,12.217,57.1
9633,1926-05-20 00:00:00,-0.0206907197415169,-0.2262342453070672,0.1848528058240333,12.217,57.1
9634,1926-05-21 00:00:00,-0.0323150937678037,-0.2377967896274331,0.1731666020918257,12.217,57.1
9635,1926-05-22 00:00:00,-0.0277627278591744,-0.2331523226990088,0.1776268669806599,12.217,57.1
9636,1926-05-23 00:00:00,-0.0126988205346534,-0.2181663128337774,0.1927686717644705,12.217,57.1
9637,1926-05-24 00:00:00,-0.0035389158002136,-0.2090774391607258,0.2019996075602985,12.217,57.1
9638,1926-05-25 00:00:00,-0.0215014210905526,-0.2270471051336683,0.184044262952563,12.217,57.1
9639,1926-05-26 00:00:00,-0.0088222682258765,-0.2143225457132094,0.1966780092614563,12.217,57.1
9640,1926-05-27 00:00:00,0.0160903165195231,-0.1892739058699458,0.2214545389089921,12.217,57.1
9641,1926-05-28 00:00:00,0.041858293263324,-0.1635164180281127,0.2472330045547608,12.217,57.1
9642,1926-05-29 00:00:00,0.1279033706537616,-0.0775607693417281,0.3333675106492514,12.217,57.1
9643,1926-05-30 00:00:00,0.1399235286790767,-0.0656036956856067,0.3454507530437602,12.217,57.1
9644,1926-05-31 00:00:00,0.1300529919807415,-0.0757139120130132,0.3358198959744962,12.217,57.1
9645,1926-06-01 00:00:00,0.1955864847190672,-0.0101970495250633,0.4013700189631979,12.217,57.1
9646,1926-06-02 00:00:00,0.1640797266357041,-0.0416462595261248,0.369805712797533,12.217,57.1
9647,1926-06-03 00:00:00,0.0537543862703416,-0.1520368831162806,0.2595456556569639,12.217,57.1
9648,1926-06-04 00:00:00,-0.0070512840968712,-0.2127680078119896,0.1986654396182471,12.217,57.1
9649,1926-06-05 00:00:00,0.0066195402330275,-0.1993295104122363,0.2125685908782913,12.217,57.1
9650,1926-06-06 00:00:00,-0.0145467323540474,-0.2201969226235141,0.1911034579154192,12.217,57.1
9651,1926-06-07 00:00:00,-0.0381871569716898,-0.2437835773935233,0.1674092634501436,12.217,57.1
9652,1926-06-08 00:00:00,0.0026272419659443,-0.2029061336329466,0.2081606175648354,12.217,57.1
9653,1926-06-09 00:00:00,0.0474074228734372,-0.158219352073782,0.2530341978206564,12.217,57.1
9654,1926-06-10 00:00:00,0.0539739884326083,-0.1518017710062392,0.2597497478714559,12.217,57.1
9655,1926-06-11 00:00:00,0.1078004285763671,-0.0979632722773117,0.3135641294300459,12.217,57.1
9656,1926-06-12 00:00:00,0.0502351047995876,-0.1555017102339101,0.2559719198330854,12.217,57.1
9657,1926-06-13 00:00:00,0.0486350366318226,-0.1571149216797472,0.2543849949433924,12.217,57.1
9658,1926-06-14 00:00:00,-0.0206635427675342,-0.2272662257988727,0.1859391402638042,12.217,57.1
9659,1926-06-15 00:00:00,0.0267930358529393,-0.1794863751374561,0.2330724468433348,12.217,57.1
9660,1926-06-16 00:00:00,0.0082413511732524,-0.1975741135123187,0.2140568158588235,12.217,57.1
9661,1926-06-17 00:00:00,0.0282545133510095,-0.1772057548043892,0.2337147815064084,12.217,57.1
9662,1926-06-18 00:00:00,0.0957489207456516,-0.1097258925060154,0.3012237339973188,12.217,57.1
9663,1926-06-19 00:00:00,0.0847310779515398,-0.1209537991533336,0.2904159550564132,12.217,57.1
9664,1926-06-20 00:00:00,0.1089544411471721,-0.0969825175127827,0.314891399807127,12.217,57.1
9665,1926-06-21 00:00:00,0.1479051521754616,-0.0577575634893946,0.3535678678403178,12.217,57.1
9666,1926-06-22 00:00:00,0.2237280802888855,0.0180195190812494,0.4294366414965216,12.217,57.1
9667,1926-06-23 00:00:00,0.1476256982429196,-0.0582411446809304,0.3534925411667697,12.217,57.1
9668,1926-06-24 00:00:00,0.1764614627443174,-0.0293792842143796,0.3823022097030146,12.217,57.1
9669,1926-06-25 00:00:00,0.126761414525143,-0.0790082470451795,0.3325310760954656,12.217,57.1
9670,1926-06-26 00:00:00,0.0809689037840298,-0.1246595586230593,0.2865973661911191,12.217,57.1
9671,1926-06-27 00:00:00,0.0553089937324254,-0.1503134437682648,0.2609314312331157,12.217,57.1
9672,1926-06-28 00:00:00,0.0337101751014411,-0.1717752336818445,0.2391955838847269,12.217,57.1
9673,1926-06-29 00:00:00,0.0083986422200364,-0.1970455587783567,0.2138428432184295,12.217,57.1
9674,1926-06-30 00:00:00,-0.0255171324676583,-0.2309366066252749,0.1799023416899582,12.217,57.1
9675,1926-07-01 00:00:00,-0.0418303086760842,-0.2472379905019339,0.1635773731497654,12.217,57.1
9676,1926-07-02 00:00:00,-0.0505508838005006,-0.2560720260032043,0.154970258402203,12.217,57.1
9677,1926-07-03 00:00:00,-0.0650354746731821,-0.2706004410335152,0.1405294916871509,12.217,57.1
9678,1926-07-04 00:00:00,-0.0543980331422907,-0.2598667690098586,0.1510707027252771,12.217,57.1
9679,1926-07-05 00:00:00,-0.0374080164836948,-0.2428384738600835,0.1680224408926938,12.217,57.1
9680,1926-07-06 00:00:00,-0.0484047764303091,-0.2541989614328626,0.1573894085722442,12.217,57.1
9681,1926-07-07 00:00:00,0.0421181307443511,-0.1636941132254076,0.24793037471411,12.217,57.1
9682,1926-07-08 00:00:00,0.0090869122149983,-0.1964376870189615,0.2146115114489582,12.217,57.1
9683,1926-07-09 00:00:00,0.011652838444474,-0.1938461037459291,0.2171517806348771,12.217,57.1
9684,1926-07-10 00:00:00,0.0471251269745904,-0.1583656533576738,0.2526159073068547,12.217,57.1
9685,1926-07-11 00:00:00,0.0397668691020394,-0.165704989863335,0.2452387280674139,12.217,57.1
9686,1926-07-12 00:00:00,0.0078590278465909,-0.1976375259217321,0.2133555816149139,12.217,57.1
9687,1926-07-13 00:00:00,0.0083114446257902,-0.1972393715389626,0.2138622607905431,12.217,57.1
9688,1926-07-14 00:00:00,0.0176835352468861,-0.1877948764740696,0.223161946967842,12.217,57.1
9689,1926-07-15 00:00:00,0.075595110364643,-0.1299797262800958,0.281169947009382,12.217,57.1
9690,1926-07-16 00:00:00,0.0164974500116496,-0.1892910168856192,0.2222859169089184,12.217,57.1
9691,1926-07-17 00:00:00,0.0334652450814155,-0.1723557049094249,0.239286195072256,12.217,57.1
9692,1926-07-18 00:00:00,0.0472649672291017,-0.1582619482913048,0.2527918827495082,12.217,57.1
9693,1926-07-19 00:00:00,0.0759884224651248,-0.1295529759309588,0.2815298208612085,12.217,57.1
9694,1926-07-20 00:00:00,0.1268951123461306,-0.0786377491221378,0.3324279738143991,12.217,57.1
9695,1926-07-21 00:00:00,0.1379297670023601,-0.0676224077750571,0.3434819417797775,12.217,57.1
9696,1926-07-22 00:00:00,0.2364724421869221,0.0306119154722316,0.4423329689016126,12.217,57.1
9697,1926-07-23 00:00:00,0.2507198135929777,0.0448029331618621,0.4566366940240932,12.217,57.1
9698,1926-07-24 00:00:00,0.2637206681401193,0.0578045995870665,0.469636736693172,12.217,57.1
9699,1926-07-25 00:00:00,0.1745743306484922,-0.0313999705363089,0.3805486318332933,12.217,57.1
9700,1926-07-26 00:00:00,0.2803071116542048,0.0741384636474591,0.4864757596609506,12.217,57.1
9701,1926-07-27 00:00:00,0.3847489908145259,0.1777435704281267,0.5917544112009252,12.217,57.1
9702,1926-07-28 00:00:00,0.2176538889337746,0.0106796305336579,0.4246281473338913,12.217,57.1
9703,1926-07-29 00:00:00,0.0662232686918845,-0.1404048530841702,0.2728513904679392,12.217,57.1
9704,1926-07-30 00:00:00,0.0054536659713184,-0.2006040207203643,0.2115113526630013,12.217,57.1
9705,1926-07-31 00:00:00,-0.0092822073479855,-0.2150610637899633,0.1964966490939921,12.217,57.1
9706,1926-08-01 00:00:00,-0.0001210782425602,-0.2059125222433557,0.2056703657582353,12.217,57.1
9707,1926-08-02 00:00:00,-0.0053833689479553,-0.2110618689111787,0.2002951310152679,12.217,57.1
9708,1926-08-03 00:00:00,-0.0097616865603236,-0.2152984088416991,0.1957750357210519,12.217,57.1
9709,1926-08-04 00:00:00,-0.0153407318458488,-0.2208296226978187,0.1901481590061211,12.217,57.1
9710,1926-08-05 00:00:00,-0.0334030531347459,-0.2388397299024957,0.1720336236330037,12.217,57.1
9711,1926-08-06 00:00:00,-0.0271192950216472,-0.2325138645696643,0.1782752745263699,12.217,57.1
9712,1926-08-07 00:00:00,0.0028115142368807,-0.2025744066670751,0.2081974351408366,12.217,57.1
9713,1926-08-08 00:00:00,0.0076171687233537,-0.1978017362195525,0.21303607366626,12.217,57.1
9714,1926-08-09 00:00:00,-0.0121156501508527,-0.2175571698906968,0.1933258695889912,12.217,57.1
9715,1926-08-10 00:00:00,0.014863058680925,-0.1905275240953278,0.2202536414571779,12.217,57.1
9716,1926-08-11 00:00:00,0.0933786232489535,-0.1121219137335109,0.298879160231418,12.217,57.1
9717,1926-08-12 00:00:00,0.2031218920455158,-0.002679037630541,0.4089228217215727,12.217,57.1
9718,1926-08-13 00:00:00,0.0906577851704792,-0.1151963988139449,0.2965119691549035,12.217,57.1
9719,1926-08-14 00:00:00,0.141975484546981,-0.0636143766983545,0.3475653457923167,12.217,57.1
9720,1926-08-15 00:00:00,0.1677930250577284,-0.0378587170035342,0.3734447671189911,12.217,57.1
9721,1926-08-16 00:00:00,0.2688300460547907,0.0631856190571069,0.4744744730524746,12.217,57.1
9722,1926-08-17 00:00:00,0.1417141863430929,-0.0640766731164445,0.3475050458026303,12.217,57.1
9723,1926-08-18 00:00:00,0.0950033517886691,-0.1106804650465365,0.3006871686238748,12.217,57.1
9724,1926-08-19 00:00:00,0.091484930957944,-0.1140168533217024,0.2969867152375905,12.217,57.1
9725,1926-08-20 00:00:00,0.1370797531802351,-0.0685138332408288,0.3426733396012991,12.217,57.1
9726,1926-08-21 00:00:00,0.2109042421970404,0.0051633885456831,0.4166450958483976,12.217,57.1
9727,1926-08-22 00:00:00,0.444731219759298,0.2381106172835201,0.6513518222350759,12.217,57.1
9728,1926-08-23 00:00:00,0.5077253801906358,0.3005475941303235,0.7149031662509482,12.217,57.1
9729,1926-08-24 00:00:00,0.2217442074198189,0.014380068690063,0.4291083461495748,12.217,57.1
9730,1926-08-25 00:00:00,0.2089909529187339,0.0030138541638361,0.4149680516736318,12.217,57.1
9731,1926-08-26 00:00:00,0.3644063669466654,0.1583591082876446,0.5704536256056862,12.217,57.1
9732,1926-08-27 00:00:00,0.2487233912469941,0.0421095704379103,0.4553372120560779,12.217,57.1
9733,1926-08-28 00:00:00,0.0995149529618222,-0.1069905022894694,0.3060204082131139,12.217,57.1
9734,1926-08-29 00:00:00,-0.0279429124979912,-0.2335319400624713,0.1776461150664889,12.217,57.1
9735,1926-08-30 00:00:00,-0.023554909712609,-0.2290269274284085,0.1819171080031903,12.217,57.1
9736,1926-08-31 00:00:00,0.0312693634585821,-0.1742541107121588,0.2367928376293231,12.217,57.1
9737,1926-09-01 00:00:00,0.0627739724186045,-0.14290200366024,0.2684499484974492,12.217,57.1
9738,1926-09-02 00:00:00,-0.0019062520262368,-0.2075326461878472,0.2037201421353736,12.217,57.1
9739,1926-09-03 00:00:00,0.0207685056726079,-0.1845834034723479,0.2261204148175638,12.217,57.1
9740,1926-09-04 00:00:00,0.0397752237392829,-0.1656500833081407,0.2452005307867065,12.217,57.1
9741,1926-09-05 00:00:00,0.0774088098145751,-0.1281677890624195,0.2829854086915699,12.217,57.1
9742,1926-09-06 00:00:00,0.1415501585363607,-0.0642346075083798,0.3473349245811012,12.217,57.1
9743,1926-09-07 00:00:00,0.2209193306615038,0.0152414422123453,0.4265972191106624,12.217,57.1
9744,1926-09-08 00:00:00,0.176583560552283,-0.0298731117196885,0.3830402328242546,12.217,57.1
9745,1926-09-09 00:00:00,0.1282784169735377,-0.0776348497216577,0.3341916836687332,12.217,57.1
9746,1926-09-10 00:00:00,0.0684933548843333,-0.1371099882907448,0.2740966980594116,12.217,57.1
9747,1926-09-11 00:00:00,0.0904101176583322,-0.1151040632184524,0.2959242985351168,12.217,57.1
9748,1926-09-12 00:00:00,0.1706665505022952,-0.0348486506434371,0.3761817516480276,12.217,57.1
9749,1926-09-13 00:00:00,0.3139903563707327,0.1078254923929856,0.5201552203484798,12.217,57.1
9750,1926-09-14 00:00:00,0.1735892900122311,-0.0324888549512849,0.3796674349757472,12.217,57.1
9751,1926-09-15 00:00:00,0.0457781080799292,-0.1599596970895289,0.2515159132493875,12.217,57.1
9752,1926-09-16 00:00:00,0.328946621270388,0.1218294317088753,0.5360638108319006,12.217,57.1
9753,1926-09-17 00:00:00,0.2711512588382548,0.0626071532272953,0.4796953644492143,12.217,57.1
9754,1926-09-18 00:00:00,0.1964284932188303,-0.0102800544516,0.4031370408892607,12.217,57.1
9755,1926-09-19 00:00:00,0.0468790294892983,-0.1589598192865069,0.2527178782651036,12.217,57.1
9756,1926-09-20 00:00:00,0.0306283559306126,-0.1748858245527105,0.2361425364139358,12.217,57.1
9757,1926-09-21 00:00:00,0.0313465558427594,-0.1741307322828031,0.236823843968322,12.217,57.1
9758,1926-09-22 00:00:00,0.010667617674657,-0.194801459402959,0.2161366947522731,12.217,57.1
9759,1926-09-23 00:00:00,0.0455485288137565,-0.160017853607029,0.2511149112345422,12.217,57.1
9760,1926-09-24 00:00:00,-0.0074665898618471,-0.2133267089127588,0.1983935291890645,12.217,57.1
9761,1926-09-25 00:00:00,0.0514052606658616,-0.1541774018930317,0.2569879232247551,12.217,57.1
9762,1926-09-26 00:00:00,0.1506140480135664,-0.0557215176081945,0.3569496136353275,12.217,57.1
9763,1926-09-27 00:00:00,0.1505168302104235,-0.0560254417113345,0.3570591021321816,12.217,57.1
9764,1926-09-28 00:00:00,0.0538042162231408,-0.1530848111399473,0.2606932435862291,12.217,57.1
9765,1926-09-29 00:00:00,0.0274974501652689,-0.180840246051281,0.2358351463818189,12.217,57.1
9766,1926-09-30 00:00:00,-0.000615353826669,-0.2068421650416324,0.2056114573882944,12.217,57.1
9767,1926-10-01 00:00:00,-0.0348570678162515,-0.2405033991480178,0.1707892635155147,12.217,57.1
9768,1926-10-02 00:00:00,-0.0137899108219127,-0.219375397553977,0.1917955759101515,12.217,57.1
9769,1926-10-03 00:00:00,-0.0032098975156134,-0.2086964426604818,0.2022766476292548,12.217,57.1
9770,1926-10-04 00:00:00,-0.0380153451780798,-0.2437143816527603,0.1676836912966006,12.217,57.1
9771,1926-10-05 00:00:00,-0.0485197857997277,-0.254125882832086,0.1570863112326304,12.217,57.1
9772,1926-10-06 00:00:00,-0.085940891585877,-0.2914755791804689,0.1195937960087148,12.217,57.1
9773,1926-10-07 00:00:00,0.0375501781682839,-0.1679918870536831,0.2430922433902511,12.217,57.1
9774,1926-10-08 00:00:00,0.1520793087494548,-0.0535863873043044,0.357745004803214,12.217,57.1
9775,1926-10-09 00:00:00,0.2039968505553938,-0.0018874505589628,0.4098811516697506,12.217,57.1
9776,1926-10-10 00:00:00,0.3774800085750256,0.1706670605009084,0.5842929566491428,12.217,57.1
9777,1926-10-11 00:00:00,1.066938136789776,0.8519026630325425,1.2819736105470096,12.217,57.1
9778,1926-10-12 00:00:00,0.297263234460048,0.086008417461155,0.5085180514589409,12.217,57.1
9779,1926-10-13 00:00:00,0.3770520930863478,0.1687761413963498,0.5853280447763457,12.217,57.1
9780,1926-10-14 00:00:00,0.1662065342821874,-0.0407467725334911,0.373159841097866,12.217,57.1
9781,1926-10-15 00:00:00,0.3189238442221974,0.112162519599122,0.5256851688452727,12.217,57.1
9782,1926-10-16 00:00:00,0.1389488909420795,-0.0673731991675305,0.3452709810516897,12.217,57.1
9783,1926-10-17 00:00:00,0.072125356363792,-0.1334811372458064,0.2777318499733905,12.217,57.1
9784,1926-10-18 00:00:00,0.0290434852677161,-0.176590192273798,0.2346771628092303,12.217,57.1
9785,1926-10-19 00:00:00,-0.0055385948367662,-0.2111432025469764,0.200066012873444,12.217,57.1
9786,1926-10-20 00:00:00,0.0004666907820446,-0.2050362546036811,0.2059696361677704,12.217,57.1
9787,1926-10-21 00:00:00,0.0202572605162413,-0.1852881272300474,0.2258026482625301,12.217,57.1
9788,1926-10-22 00:00:00,0.0256687148042239,-0.1799817825400362,0.231319212148484,12.217,57.1
9789,1926-10-23 00:00:00,0.0378119682799643,-0.1681508180181946,0.2437747545781234,12.217,57.1
9790,1926-10-24 00:00:00,-0.0283208023383301,-0.234287858902808,0.1776462542261476,12.217,57.1
9791,1926-10-25 00:00:00,0.0811747612954787,-0.1245119187503147,0.2868614413412721,12.217,57.1
9792,1926-10-26 00:00:00,0.1315837079652524,-0.0744472257130101,0.3376146416435151,12.217,57.1
9793,1926-10-27 00:00:00,0.1178714602586283,-0.0890537168152142,0.3247966373324709,12.217,57.1
9794,1926-10-28 00:00:00,-0.0311570153662529,-0.2382380438599577,0.1759240131274519,12.217,57.1
9795,1926-10-29 00:00:00,0.099013442031483,-0.1069149505038255,0.3049418345667916,12.217,57.1
9796,1926-10-30 00:00:00,0.1155561498634341,-0.0902188282573001,0.3213311279841683,12.217,57.1
9797,1926-10-31 00:00:00,0.0212089075789519,-0.1844905446187789,0.2269083597766827,12.217,57.1
9798,1926-11-01 00:00:00,-0.0313077181507649,-0.2369163479905633,0.1743009116890334,12.217,57.1
9799,1926-11-02 00:00:00,-0.0173028730885024,-0.2229996731169729,0.1883939269399681,12.217,57.1
9800,1926-11-03 00:00:00,-0.0669232609858422,-0.2732958469134594,0.139449324941775,12.217,57.1
9801,1926-11-04 00:00:00,0.0445343549109394,-0.1619623126751258,0.2510310224970048,12.217,57.1
9802,1926-11-05 00:00:00,0.103073113534555,-0.1025026239104671,0.3086488509795773,12.217,57.1
9803,1926-11-06 00:00:00,0.2933748301415557,0.0864747062070034,0.500274954076108,12.217,57.1
9804,1926-11-07 00:00:00,0.2466482082313995,0.0395629400625609,0.4537334764002382,12.217,57.1
9805,1926-11-08 00:00:00,0.2302930013434493,0.0239945046840463,0.4365914980028523,12.217,57.1
9806,1926-11-09 00:00:00,0.1728379832687584,-0.0328635378092604,0.3785395043467774,12.217,57.1
9807,1926-11-10 00:00:00,0.3643580135650697,0.1566277624425982,0.5720882646875411,12.217,57.1
9808,1926-11-11 00:00:00,0.2380157749321115,0.0308625059056721,0.445169043958551,12.217,57.1
9809,1926-11-12 00:00:00,0.1672564646071272,-0.0386382111857874,0.3731511404000418,12.217,57.1
9810,1926-11-13 00:00:00,0.1951580818368794,-0.0107066825565029,0.4010228462302618,12.217,57.1
9811,1926-11-14 00:00:00,0.2425273833719811,0.0363163659614606,0.4487384007825015,12.217,57.1
9812,1926-11-15 00:00:00,0.4900618272187921,0.2822449077910336,0.6978787466465506,12.217,57.1
9813,1926-11-16 00:00:00,0.4177854356953018,0.2108075614791544,0.6247633099114492,12.217,57.1
9814,1926-11-17 00:00:00,0.1739152200620484,-0.0328473472435102,0.3806777873676071,12.217,57.1
9815,1926-11-18 00:00:00,0.2628663699165923,0.0563976593562891,0.4693350804768955,12.217,57.1
9816,1926-11-19 00:00:00,0.1196090202264058,-0.0870290503247279,0.3262470907775396,12.217,57.1
9817,1926-11-20 00:00:00,0.2940802007701032,0.086391285271791,0.5017691162684155,12.217,57.1
9818,1926-11-21 00:00:00,0.1406731225995409,-0.0684712725608655,0.3498175177599475,12.217,57.1
9819,1926-11-22 00:00:00,0.301836018109992,0.0950952243920338,0.5085768118279502,12.217,57.1
9820,1926-11-23 00:00:00,0.1996733520284929,-0.0066688061645298,0.4060155102215158,12.217,57.1
9821,1926-11-24 00:00:00,0.1075974406101033,-0.0982020782795759,0.3133969594997825,12.217,57.1
9822,1926-11-25 00:00:00,0.0095291035518347,-0.1959922995492749,0.2150505066529443,12.217,57.1
9823,1926-11-26 00:00:00,-0.0456279195728007,-0.2511173862007363,0.1598615470551347,12.217,57.1
9824,1926-11-27 00:00:00,-0.0442725437738633,-0.2504128848349863,0.1618677972872596,12.217,57.1
9825,1926-11-28 00:00:00,-0.0499303138559091,-0.2557863814785659,0.1559257537667475,12.217,57.1
9826,1926-11-29 00:00:00,-0.033068519400816,-0.2385998643218556,0.1724628255202235,12.217,57.1
9827,1926-11-30 00:00:00,-0.0374988098008411,-0.2429460903841936,0.1679484707825114,12.217,57.1
9828,1926-12-01 00:00:00,-0.0329447720980034,-0.2383654395500576,0.1724758953540507,12.217,57.1
9829,1926-12-02 00:00:00,-0.0347629751284632,-0.2402663671989749,0.1707404169420485,12.217,57.1
9830,1926-12-03 00:00:00,0.0923931320790878,-0.1135060518673299,0.2982923160255056,12.217,57.1
9831,1926-12-04 00:00:00,0.3095522888302843,0.1023743872492352,0.5167301904113335,12.217,57.1
9832,1926-12-05 00:00:00,0.0097291663404953,-0.1964763283487627,0.2159346610297534,12.217,57.1
9833,1926-12-06 00:00:00,0.0005075243615263,-0.205113417037847,0.2061284657608997,12.217,57.1
9834,1926-12-07 00:00:00,0.0048338720641774,-0.2010625503976323,0.2107302945259872,12.217,57.1
9835,1926-12-08 00:00:00,0.0578631567965476,-0.1478750390144927,0.263601352607588,12.217,57.1
9836,1926-12-09 00:00:00,0.0760523329881517,-0.1296186343608211,0.2817233003371246,12.217,57.1
9837,1926-12-10 00:00:00,0.2809053011544801,0.0744703794159181,0.4873402228930421,12.217,57.1
9838,1926-12-11 00:00:00,0.0633768837657785,-0.1430666456185488,0.2698204131501058,12.217,57.1
9839,1926-12-12 00:00:00,0.1951103549558015,-0.0107447239584674,0.4009654338700705,12.217,57.1
9840,1926-12-13 00:00:00,0.2693897158480999,0.0631385269969407,0.4756409046992591,12.217,57.1
9841,1926-12-14 00:00:00,0.122485114524613,-0.0838831562611164,0.3288533853103426,12.217,57.1
9842,1926-12-15 00:00:00,0.0122300387971321,-0.1935623653100635,0.2180224429043278,12.217,57.1
9843,1926-12-16 00:00:00,0.1241768273000895,-0.0824681009186559,0.3308217555188349,12.217,57.1
9844,1926-12-17 00:00:00,0.1172813956596393,-0.0902318680089091,0.3247946593281879,12.217,57.1
9845,1926-12-18 00:00:00,0.2053715968779522,-0.0007104330907128,0.4114536268466173,12.217,57.1
9846,1926-12-19 00:00:00,0.0549495002073902,-0.1516661922136944,0.2615651926284749,12.217,57.1
9847,1926-12-20 00:00:00,0.0616913491430591,-0.14402542569736,0.2674081239834782,12.217,57.1
9848,1926-12-21 00:00:00,0.052149158665782,-0.1549154631777689,0.2592137805093328,12.217,57.1
9849,1926-12-22 00:00:00,-0.1838083905603107,-0.3925232024082452,0.0249064212876238,12.217,57.1
9850,1926-12-23 00:00:00,-0.2770476416632591,-0.4838908382047532,-0.070204445121765,12.217,57.1
9851,1926-12-24 00:00:00,-0.213913232623273,-0.419798716606618,-0.0080277486399281,12.217,57.1
9852,1926-12-25 00:00:00,-0.1333988725914128,-0.3390454613423506,0.0722477161595248,12.217,57.1
9853,1926-12-26 00:00:00,-0.1423454349077818,-0.3480605443960163,0.0633696745804526,12.217,57.1
9854,1926-12-27 00:00:00,0.1121036662554681,-0.0941508579758505,0.3183581904867869,12.217,57.1
9855,1926-12-28 00:00:00,0.4420012274715854,0.2345535552658692,0.6494488996773016,12.217,57.1
9856,1926-12-29 00:00:00,0.2641492957663845,0.057342965291697,0.4709556262410719,12.217,57.1
9857,1926-12-30 00:00:00,0.1738031442647761,-0.03348236671828,0.3810886552478323,12.217,57.1
9858,1926-12-31 00:00:00,0.2826554296045501,0.0753216302213318,0.4899892289877683,12.217,57.1
9859,1927-01-01 00:00:00,0.2125707294986261,0.0053907349140847,0.4197507240831675,12.217,57.1
9860,1927-01-02 00:00:00,0.0610476442336467,-0.1448605377041768,0.2669558261714703,12.217,57.1
9861,1927-01-03 00:00:00,0.1174708437834873,-0.0888128048987756,0.3237544924657504,12.217,57.1
9862,1927-01-04 00:00:00,0.330052537030755,0.1236650928776386,0.5364399811838714,12.217,57.1
9863,1927-01-05 00:00:00,0.3207610579276663,0.1145456629135319,0.5269764529418008,12.217,57.1
9864,1927-01-06 00:00:00,0.0944797272442135,-0.1140988037764776,0.3030582582649046,12.217,57.1
9865,1927-01-07 00:00:00,0.1896193529032261,-0.0166140116021295,0.3958527174085818,12.217,57.1
9866,1927-01-08 00:00:00,0.0938010978064361,-0.1129007862419084,0.3005029818547807,12.217,57.1
9867,1927-01-09 00:00:00,0.0367484403842399,-0.1693026567434459,0.2427995375119258,12.217,57.1
9868,1927-01-10 00:00:00,0.2350955136183836,0.0270641620990208,0.4431268651377465,12.217,57.1
9869,1927-01-11 00:00:00,0.2051034464490963,-0.0010066666317182,0.4112135595299109,12.217,57.1
9870,1927-01-12 00:00:00,0.1588321122687202,-0.0480201058566054,0.3656843303940459,12.217,57.1
9871,1927-01-13 00:00:00,0.1497327009983315,-0.056822243771377,0.3562876457680402,12.217,57.1
9872,1927-01-14 00:00:00,0.375888416748424,0.168898103385955,0.5828787301108931,12.217,57.1
9873,1927-01-15 00:00:00,0.2209711204364119,0.0142771151212125,0.4276651257516114,12.217,57.1
9874,1927-01-16 00:00:00,0.246658556839428,0.0403559663927692,0.4529611472860867,12.217,57.1
9875,1927-01-17 00:00:00,0.1671394987018201,-0.0387843484381747,0.373063345841815,12.217,57.1
9876,1927-01-18 00:00:00,0.0680016706701487,-0.1379909950055246,0.273994336345822,12.217,57.1
9877,1927-01-19 00:00:00,0.0785781319346484,-0.127374694942668,0.284530958811965,12.217,57.1
9878,1927-01-20 00:00:00,0.0329659474469523,-0.1728582989200478,0.2387901938139525,12.217,57.1
9879,1927-01-21 00:00:00,0.0404243946868612,-0.1651835536850802,0.2460323430588027,12.217,57.1
9880,1927-01-22 00:00:00,0.0416849579713587,-0.1638456693871755,0.247215585329893,12.217,57.1
9881,1927-01-23 00:00:00,0.1095171543665388,-0.0961211309870257,0.3151554397201033,12.217,57.1
9882,1927-01-24 00:00:00,0.0731492566411273,-0.1324524073042519,0.2787509205865067,12.217,57.1
9883,1927-01-25 00:00:00,0.0988300445393362,-0.1069875815119125,0.3046476705905849,12.217,57.1
9884,1927-01-26 00:00:00,0.157807221145255,-0.0485783512541558,0.3641927935446659,12.217,57.1
9885,1927-01-27 00:00:00,0.1893110340612832,-0.0172236654055376,0.395845733528104,12.217,57.1
9886,1927-01-28 00:00:00,0.2575755741826567,0.0513612853876355,0.463789862977678,12.217,57.1
9887,1927-01-29 00:00:00,0.4181277653180631,0.2117329595902383,0.6245225710458879,12.217,57.1
9888,1927-01-30 00:00:00,0.459830564013791,0.2528064370485191,0.6668546909790629,12.217,57.1
9889,1927-01-31 00:00:00,0.3623038307176657,0.1558250900262663,0.5687825714090651,12.217,57.1
9890,1927-02-01 00:00:00,0.3087496387258205,0.1029958947739616,0.5145033826776795,12.217,57.1
9891,1927-02-02 00:00:00,0.21184427186634,0.006120304144575,0.417568239588105,12.217,57.1
9892,1927-02-03 00:00:00,0.022802181820401,-0.1829479453532962,0.2285523089940982,12.217,57.1
9893,1927-02-04 00:00:00,0.1195715578299819,-0.086691195019627,0.3258343106795908,12.217,57.1
9894,1927-02-05 00:00:00,0.3464432947522375,0.1398888994524177,0.5529976900520572,12.217,57.1
9895,1927-02-06 00:00:00,0.0092849873356117,-0.1970828882223357,0.2156528628935592,12.217,57.1
9896,1927-02-07 00:00:00,-0.0924031557097221,-0.2980077232292176,0.1132014118097733,12.217,57.1
9897,1927-02-08 00:00:00,-0.0936886461248834,-0.2991948506353675,0.1118175583856005,12.217,57.1
9898,1927-02-09 00:00:00,-0.0742606567297976,-0.2798076675587519,0.1312863540991566,12.217,57.1
9899,1927-02-10 00:00:00,-0.1227377029458464,-0.3283977467969349,0.082922340905242,12.217,57.1
9900,1927-02-11 00:00:00,-0.1047407666114774,-0.3102822007221877,0.1008006674992327,12.217,57.1
9901,1927-02-12 00:00:00,-0.0699780800892835,-0.2754644270786336,0.1355082669000666,12.217,57.1
9902,1927-02-13 00:00:00,-0.0947029092502486,-0.3002350258073779,0.1108292073068805,12.217,57.1
9903,1927-02-14 00:00:00,-0.0183999580992358,-0.2239305441425425,0.1871306279440709,12.217,57.1
9904,1927-02-15 00:00:00,-0.0808157238063317,-0.2863297298498057,0.1246982822371422,12.217,57.1
9905,1927-02-16 00:00:00,-0.0079437262670995,-0.2134250184683397,0.1975375659341406,12.217,57.1
9906,1927-02-17 00:00:00,0.0476197899415806,-0.1583948233346147,0.2536344032177758,12.217,57.1
9907,1927-02-18 00:00:00,-0.0260142851408816,-0.2338793827155211,0.1818508124337577,12.217,57.1
9908,1927-02-19 00:00:00,-0.1312260174349283,-0.3372615423523414,0.0748095074824846,12.217,57.1
9909,1927-02-20 00:00:00,-0.0514292545191687,-0.2569724402387606,0.1541139312004231,12.217,57.1
9910,1927-02-21 00:00:00,0.1518268514068363,-0.0540484535830008,0.3577021563966734,12.217,57.1
9911,1927-02-22 00:00:00,0.2044697040320359,-0.0022061424954143,0.4111455505594862,12.217,57.1
9912,1927-02-23 00:00:00,0.2409206617410954,0.0344529417262059,0.4473883817559849,12.217,57.1
9913,1927-02-24 00:00:00,0.2008947042395101,-0.0048611083770314,0.4066505168560517,12.217,57.1
9914,1927-02-25 00:00:00,0.1247071236954799,-0.081059639673909,0.3304738870648689,12.217,57.1
9915,1927-02-26 00:00:00,0.1235276401903444,-0.0824174880498538,0.3294727684305428,12.217,57.1
9916,1927-02-27 00:00:00,0.1235083673033091,-0.0823958224136055,0.3294125570202238,12.217,57.1
9917,1927-02-28 00:00:00,0.0966760350377902,-0.1090200932885753,0.3023721633641559,12.217,57.1
9918,1927-03-01 00:00:00,0.0523721279458686,-0.1532059376301248,0.2579501935218621,12.217,57.1
9919,1927-03-02 00:00:00,0.1491909959845518,-0.0563744240014408,0.3547564159705444,12.217,57.1
9920,1927-03-03 00:00:00,0.190875361924061,-0.0149280062202581,0.3966787300683801,12.217,57.1
9921,1927-03-04 00:00:00,0.1446918326857361,-0.061077569592846,0.3504612349643183,12.217,57.1
9922,1927-03-05 00:00:00,0.144200206123689,-0.0614745564808421,0.3498749687282203,12.217,57.1
9923,1927-03-06 00:00:00,0.2183975439231594,0.0127839484814845,0.4240111393648344,12.217,57.1
9924,1927-03-07 00:00:00,0.2123644287391899,0.0066651326121218,0.418063724866258,12.217,57.1
9925,1927-03-08 00:00:00,0.1843875716093367,-0.0214842808831483,0.3902594241018219,12.217,57.1
9926,1927-03-09 00:00:00,0.1811927765294064,-0.0246321449937461,0.387017698052559,12.217,57.1
9927,1927-03-10 00:00:00,0.0688456122933095,-0.1368344551046713,0.2745256796912904,12.217,57.1
9928,1927-03-11 00:00:00,0.0214196587965733,-0.1842516768594221,0.2270909944525689,12.217,57.1
9929,1927-03-12 00:00:00,-0.0279838390548902,-0.2334860448577722,0.1775183667479917,12.217,57.1
9930,1927-03-13 00:00:00,-0.0512462142368541,-0.2568656106571844,0.1543731821834761,12.217,57.1
9931,1927-03-14 00:00:00,-0.0877916482312458,-0.2934837710308224,0.1179004745683307,12.217,57.1
9932,1927-03-15 00:00:00,-0.0749538532780752,-0.2805395049911768,0.1306317984350263,12.217,57.1
9933,1927-03-16 00:00:00,-0.038633925027278,-0.244178974727095,0.1669111246725388,12.217,57.1
9934,1927-03-17 00:00:00,-0.0082746209871149,-0.2140389720767157,0.1974897301024859,12.217,57.1
9935,1927-03-18 00:00:00,-0.0064893577154689,-0.2120816165242016,0.1991029010932636,12.217,57.1
9936,1927-03-19 00:00:00,0.0529003115696757,-0.1525978075630665,0.258398430702418,12.217,57.1
9937,1927-03-20 00:00:00,0.1462797005309655,-0.0592852681903902,0.3518446692523214,12.217,57.1
9938,1927-03-21 00:00:00,0.2206145292293168,0.0148341880558461,0.4263948704027874,12.217,57.1
9939,1927-03-22 00:00:00,0.1159837005456961,-0.0897728155412494,0.3217402166326417,12.217,57.1
9940,1927-03-23 00:00:00,0.1146701040506685,-0.0909276345748759,0.3202678426762131,12.217,57.1
9941,1927-03-24 00:00:00,0.1598849878634464,-0.0458964072652753,0.3656663829921682,12.217,57.1
9942,1927-03-25 00:00:00,0.2642642262929635,0.0570615326601549,0.4714669199257721,12.217,57.1
9943,1927-03-26 00:00:00,0.1722873483949982,-0.0400173310005935,0.3845920277905901,12.217,57.1
9944,1927-03-27 00:00:00,0.1282926664579926,-0.0843302090286173,0.3409155419446025,12.217,57.1
9945,1927-03-28 00:00:00,0.0650240366188257,-0.1415352348028125,0.2715833080404641,12.217,57.1
9946,1927-03-29 00:00:00,-0.0195963476915493,-0.2251884807739252,0.1859957853908264,12.217,57.1
9947,1927-03-30 00:00:00,0.0177464535720174,-0.1881826225172599,0.2236755296612949,12.217,57.1
9948,1927-03-31 00:00:00,0.100051183595952,-0.105831575330847,0.3059339425227511,12.217,57.1
9949,1927-04-01 00:00:00,0.1462143469014396,-0.0597908283894855,0.3522195221923648,12.217,57.1
9950,1927-04-02 00:00:00,-0.0258687196179254,-0.2316035087614708,0.17986606952562,12.217,57.1
9951,1927-04-03 00:00:00,0.0230763877911595,-0.1825069921784991,0.2286597677608182,12.217,57.1
9952,1927-04-04 00:00:00,0.0640459442411942,-0.141490219609477,0.2695821080918656,12.217,57.1
9953,1927-04-05 00:00:00,0.0474358837404843,-0.1580786827948655,0.2529504502758342,12.217,57.1
9954,1927-04-06 00:00:00,0.2116541394350773,0.0057013688521628,0.4176069100179918,12.217,57.1
9955,1927-04-07 00:00:00,0.1187462248728837,-0.0872764264842808,0.3247688762300483,12.217,57.1
9956,1927-04-08 00:00:00,0.1952465956105876,-0.0105254023233477,0.4010185935445229,12.217,57.1
9957,1927-04-09 00:00:00,0.1637152320537268,-0.0429854611260434,0.370415925233497,12.217,57.1
9958,1927-04-10 00:00:00,0.1198217865434442,-0.0862664066855381,0.3259099797724267,12.217,57.1
9959,1927-04-11 00:00:00,0.0779771933600284,-0.1276139072242976,0.2835682939443545,12.217,57.1
9960,1927-04-12 00:00:00,0.1274486415492031,-0.078398384150223,0.3332956672486294,12.217,57.1
9961,1927-04-13 00:00:00,0.0624686127570454,-0.143554381196502,0.2684916067105929,12.217,57.1
9962,1927-04-14 00:00:00,0.1554207407146086,-0.0505511149728952,0.3613925964021124,12.217,57.1
9963,1927-04-15 00:00:00,0.3405112960968618,0.1332604107753349,0.5477621814183888,12.217,57.1
9964,1927-04-16 00:00:00,0.1614050646881104,-0.0448762086932022,0.3676863380694232,12.217,57.1
9965,1927-04-17 00:00:00,0.1883622850974161,-0.0193498500283441,0.3960744202231764,12.217,57.1
9966,1927-04-18 00:00:00,0.1016289812475632,-0.1040871684685978,0.3073451309637244,12.217,57.1
9967,1927-04-19 00:00:00,0.121564235037434,-0.0846495888406907,0.3277780589155589,12.217,57.1
9968,1927-04-20 00:00:00,0.1217944800514426,-0.0842576056685502,0.3278465657714355,12.217,57.1
9969,1927-04-21 00:00:00,0.4045379135894866,0.19642688478435,0.6126489423946232,12.217,57.1
9970,1927-04-22 00:00:00,0.3061837735951997,0.0977401063255255,0.5146274408648739,12.217,57.1
9971,1927-04-23 00:00:00,0.2522897636078793,0.0461620045388187,0.45841752267694,12.217,57.1
9972,1927-04-24 00:00:00,0.3805087430554398,0.1737940349919783,0.5872234511189014,12.217,57.1
9973,1927-04-25 00:00:00,0.3212854690586294,0.1151236684006035,0.5274472697166553,12.217,57.1
9974,1927-04-26 00:00:00,0.2291365429122845,0.0232982363811135,0.4349748494434555,12.217,57.1
9975,1927-04-27 00:00:00,0.1801097704586789,-0.0258576478326643,0.3860771887500221,12.217,57.1
9976,1927-04-28 00:00:00,0.2376503164423742,0.0316300291914567,0.4436706036932917,12.217,57.1
9977,1927-04-29 00:00:00,0.2299014069891543,0.0238785221336403,0.4359242918446683,12.217,57.1
9978,1927-04-30 00:00:00,0.1256570659885673,-0.0803511722580666,0.3316653042352012,12.217,57.1
9979,1927-05-01 00:00:00,0.063999942315889,-0.1415052646641502,0.2695051492959283,12.217,57.1
9980,1927-05-02 00:00:00,-0.0037376909186573,-0.2093071278750286,0.2018317460377138,12.217,57.1
9981,1927-05-03 00:00:00,-0.0235555883139706,-0.2295104992206271,0.1823993225926859,12.217,57.1
9982,1927-05-04 00:00:00,0.061391218083557,-0.1444079401447866,0.2671903763119007,12.217,57.1
9983,1927-05-05 00:00:00,0.017442921308624,-0.1881670100529093,0.2230528526701575,12.217,57.1
9984,1927-05-06 00:00:00,-0.0077843549216887,-0.2133681066344426,0.1977993967910651,12.217,57.1
9985,1927-05-07 00:00:00,-0.0719737997087187,-0.2775060735250173,0.1335584741075799,12.217,57.1
9986,1927-05-08 00:00:00,-0.0320435715773239,-0.2378440820030199,0.173756938848372,12.217,57.1
9987,1927-05-09 00:00:00,-0.0219528536012684,-0.2280214770254734,0.1841157698229365,12.217,57.1
9988,1927-05-10 00:00:00,0.0130956545109872,-0.1927221914950199,0.2189135005169944,12.217,57.1
9989,1927-05-11 00:00:00,0.1619708217918496,-0.0461096540544212,0.3700512976381206,12.217,57.1
9990,1927-05-12 00:00:00,0.0303023030001296,-0.1758702118257171,0.2364748178259763,12.217,57.1
9991,1927-05-13 00:00:00,0.0741493959826053,-0.1327597091017795,0.2810585010669901,12.217,57.1
9992,1927-05-14 00:00:00,-0.0073566282454995,-0.2135397741527248,0.1988265176617257,12.217,57.1
9993,1927-05-15 00:00:00,0.0179227347041601,-0.1878366630347165,0.2236821324430369,12.217,57.1
9994,1927-05-16 00:00:00,0.0847797471279008,-0.1206954201083572,0.2902549143641589,12.217,57.1
9995,1927-05-17 00:00:00,0.0658270976378977,-0.1396979160916762,0.2713521113674718,12.217,57.1
9996,1927-05-18 00:00:00,0.1026408655469034,-0.1041142977044881,0.309396028798295,12.217,57.1
9997,1927-05-19 00:00:00,0.1506566701228569,-0.055841670679961,0.3571550109256748,12.217,57.1
9998,1927-05-20 00:00:00,0.1035902190436696,-0.1021825779318121,0.3093630160191514,12.217,57.1
9999,1927-05-21 00:00:00,0.1278832475220165,-0.0778112373104367,0.3335777323544697,12.217,57.1
10000,1927-05-22 00:00:00,0.1210832722289214,-0.0846959674614793,0.3268625119193222,12.217,57.1
10001,1927-05-23 00:00:00,0.0323036824229904,-0.1733005027104362,0.237907867556417,12.217,57.1
10002,1927-05-24 00:00:00,0.0407231552488035,-0.1653466270788226,0.2467929375764297,12.217,57.1
10003,1927-05-25 00:00:00,0.060090311086988,-0.1455817636571702,0.2657623858311463,12.217,57.1
10004,1927-05-26 00:00:00,0.043852862970156,-0.1620086101099952,0.2497143360503072,12.217,57.1
10005,1927-05-27 00:00:00,0.0598847641304759,-0.1457748449343991,0.265544373195351,12.217,57.1
10006,1927-05-28 00:00:00,0.1007557641358883,-0.1050284712378496,0.3065399995096263,12.217,57.1
10007,1927-05-29 00:00:00,0.1674580344616116,-0.0386328300962746,0.3735488990194979,12.217,57.1
10008,1927-05-30 00:00:00,0.1105888982177713,-0.0952458895035123,0.3164236859390552,12.217,57.1
10009,1927-05-31 00:00:00,0.0460006164602596,-0.1596915896796156,0.2516928226001349,12.217,57.1
10010,1927-06-01 00:00:00,0.0116534814183283,-0.1938996099983591,0.2172065728350157,12.217,57.1
10011,1927-06-02 00:00:00,-0.0051792301607271,-0.2106990618292552,0.2003406015078008,12.217,57.1
10012,1927-06-03 00:00:00,0.0606716750257194,-0.1448833957372135,0.2662267457886524,12.217,57.1
10013,1927-06-04 00:00:00,0.0550284025992927,-0.1504547736259978,0.2605115788245833,12.217,57.1
10014,1927-06-05 00:00:00,0.0459675754970665,-0.1595048770381119,0.2514400280322451,12.217,57.1
10015,1927-06-06 00:00:00,0.109755089640832,-0.0957862425992585,0.3152964218809226,12.217,57.1
10016,1927-06-07 00:00:00,0.0713859238679048,-0.134179222113686,0.2769510698494956,12.217,57.1
10017,1927-06-08 00:00:00,0.1365550897561078,-0.0690483339250922,0.3421585134373079,12.217,57.1
10018,1927-06-09 00:00:00,0.0954631721521501,-0.1102044527263394,0.3011307970306396,12.217,57.1
10019,1927-06-10 00:00:00,0.197705976744031,-0.0080411042162397,0.4034530577043017,12.217,57.1
10020,1927-06-11 00:00:00,0.2038748322517991,-0.0022432428498982,0.4099929073534963,12.217,57.1
10021,1927-06-12 00:00:00,0.0635000633778231,-0.1422508684648017,0.269250995220448,12.217,57.1
10022,1927-06-13 00:00:00,0.0003060861745724,-0.2052494485998848,0.2058616209490297,12.217,57.1
10023,1927-06-14 00:00:00,-0.0035691686376595,-0.2090644991040705,0.2019261618287513,12.217,57.1
10024,1927-06-15 00:00:00,0.0367563165994374,-0.1688351802131068,0.2423478134119818,12.217,57.1
10025,1927-06-16 00:00:00,0.0443571983118375,-0.1616846536489382,0.2503990502726133,12.217,57.1
10026,1927-06-17 00:00:00,0.0137725420618933,-0.1920217752320837,0.2195668593558704,12.217,57.1
10027,1927-06-18 00:00:00,0.1330603572938833,-0.0726776794525401,0.3387983940403068,12.217,57.1
10028,1927-06-19 00:00:00,0.1535428735279979,-0.0521582032619771,0.359243950317973,12.217,57.1
10029,1927-06-20 00:00:00,0.1721638492551247,-0.0337169307555627,0.3780446292658123,12.217,57.1
10030,1927-06-21 00:00:00,0.2977148662734485,0.0912600504099638,0.5041696821369334,12.217,57.1
10031,1927-06-22 00:00:00,0.2176765264763539,0.011088408465045,0.4242646444876629,12.217,57.1
10032,1927-06-23 00:00:00,0.3901441305700908,0.1836096217011932,0.5966786394389885,12.217,57.1
10033,1927-06-24 00:00:00,0.139733327810949,-0.0665564997882829,0.346023155410181,12.217,57.1
10034,1927-06-25 00:00:00,0.1266908388125494,-0.0788740011872108,0.3322556788123098,12.217,57.1
10035,1927-06-26 00:00:00,0.1021323807971939,-0.1035945192110524,0.3078592808054402,12.217,57.1
10036,1927-06-27 00:00:00,0.1739761949349978,-0.0329290356085261,0.3808814254785219,12.217,57.1
10037,1927-06-28 00:00:00,0.0595496011646573,-0.1471486325887698,0.2662478349180844,12.217,57.1
10038,1927-06-29 00:00:00,0.0515338407435758,-0.1545379408676607,0.2576056223548124,12.217,57.1
10039,1927-06-30 00:00:00,0.1368245713207745,-0.0692124120291027,0.3428615546706517,12.217,57.1
10040,1927-07-01 00:00:00,0.0769736151949303,-0.1285590529860954,0.2825062833759562,12.217,57.1
10041,1927-07-02 00:00:00,0.0694851852999645,-0.1361487026815627,0.2751190732814917,12.217,57.1
10042,1927-07-03 00:00:00,0.1492517886104024,-0.0566824905418756,0.3551860677626804,12.217,57.1
10043,1927-07-04 00:00:00,0.0806611240072858,-0.1250480922162264,0.2863703402307981,12.217,57.1
10044,1927-07-05 00:00:00,0.0747440656850348,-0.1308051176177612,0.2802932489878308,12.217,57.1
10045,1927-07-06 00:00:00,0.0309765251101329,-0.1744843766881374,0.2364374269084032,12.217,57.1
10046,1927-07-07 00:00:00,0.0221794784694351,-0.1832615038982698,0.2276204608371402,12.217,57.1
10047,1927-07-08 00:00:00,0.0285610064581391,-0.1768885665275932,0.2340105794438715,12.217,57.1
10048,1927-07-09 00:00:00,-0.0357216188902616,-0.2411864145841679,0.1697431768036447,12.217,57.1
10049,1927-07-10 00:00:00,-0.0063131080233405,-0.2120793775060628,0.1994531614593817,12.217,57.1
10050,1927-07-11 00:00:00,0.0005571799359054,-0.2053458927391131,0.2064602526109239,12.217,57.1
10051,1927-07-12 00:00:00,-0.0233946141218639,-0.2289664087352983,0.1821771804915704,12.217,57.1
10052,1927-07-13 00:00:00,0.0299451930894991,-0.1754751302020898,0.235365516381088,12.217,57.1
10053,1927-07-14 00:00:00,0.0188244974820091,-0.1866034813538337,0.2242524763178519,12.217,57.1
10054,1927-07-15 00:00:00,0.0030133334038794,-0.2024374962564082,0.2084641630641671,12.217,57.1
10055,1927-07-16 00:00:00,0.0061207513467696,-0.1993349826488693,0.2115764853424085,12.217,57.1
10056,1927-07-17 00:00:00,0.0299030551819106,-0.1755508034938666,0.235356913857688,12.217,57.1
10057,1927-07-18 00:00:00,0.0574640766879521,-0.1479563916842887,0.2628845450601929,12.217,57.1
10058,1927-07-19 00:00:00,0.0126220291654641,-0.1928111182144579,0.2180551765453863,12.217,57.1
10059,1927-07-20 00:00:00,-0.0085901657115877,-0.2141687098982627,0.1969883784750872,12.217,57.1
10060,1927-07-21 00:00:00,0.0173064572993077,-0.1883095797134635,0.222922494312079,12.217,57.1
10061,1927-07-22 00:00:00,0.0447198953170491,-0.1607984230905329,0.2502382137246313,12.217,57.1
10062,1927-07-23 00:00:00,0.1143088889063371,-0.091216497454952,0.3198342752676263,12.217,57.1
10063,1927-07-24 00:00:00,0.0808193278790834,-0.1247648732899603,0.2864035290481273,12.217,57.1
10064,1927-07-25 00:00:00,0.202443136126454,-0.0032455069212796,0.4081317791741878,12.217,57.1
10065,1927-07-26 00:00:00,0.2199167192563826,0.0141423206804661,0.425691117832299,12.217,57.1
10066,1927-07-27 00:00:00,0.06408177476099,-0.14152619371427,0.2696897432362501,12.217,57.1
10067,1927-07-28 00:00:00,0.1105338148923046,-0.0950508051178929,0.3161184349025022,12.217,57.1
10068,1927-07-29 00:00:00,0.1102169264501216,-0.0957001285318036,0.3161339814320468,12.217,57.1
10069,1927-07-30 00:00:00,0.0492676087581357,-0.1563143178126139,0.2548495353288855,12.217,57.1
10070,1927-07-31 00:00:00,0.0399917962593613,-0.1654448275321674,0.2454284200508901,12.217,57.1
10071,1927-08-01 00:00:00,0.0648304997141159,-0.1407060601436079,0.2703670595718398,12.217,57.1
10072,1927-08-02 00:00:00,0.0699213050396702,-0.1355828587031419,0.2754254687824824,12.217,57.1
10073,1927-08-03 00:00:00,0.0543106177232404,-0.1518658711152084,0.2604871065616894,12.217,57.1
10074,1927-08-04 00:00:00,0.002642749321694,-0.2031385346098479,0.208424033253236,12.217,57.1
10075,1927-08-05 00:00:00,-0.0469479577064663,-0.25242869084129,0.1585327754283573,12.217,57.1
10076,1927-08-06 00:00:00,-0.0023075111412646,-0.2078007187075952,0.2031856964250659,12.217,57.1
10077,1927-08-07 00:00:00,0.0252826950447734,-0.1801793354679505,0.2307447255574974,12.217,57.1
10078,1927-08-08 00:00:00,0.0230538965918811,-0.1824974301890238,0.2286052233727862,12.217,57.1
10079,1927-08-09 00:00:00,0.019364510695811,-0.1861062520824378,0.22483527347406,12.217,57.1
10080,1927-08-10 00:00:00,0.0852562521845395,-0.1202659615220179,0.2907784658910969,12.217,57.1
10081,1927-08-11 00:00:00,0.0626873014093191,-0.1428624828519069,0.2682370856705451,12.217,57.1
10082,1927-08-12 00:00:00,0.1140838087935622,-0.0914342342548552,0.3196018518419798,12.217,57.1
10083,1927-08-13 00:00:00,0.1588631721418117,-0.0466052434459225,0.3643315877295461,12.217,57.1
10084,1927-08-14 00:00:00,0.1216878778328561,-0.0838136921083992,0.3271894477741116,12.217,57.1
10085,1927-08-15 00:00:00,0.1340086597091455,-0.0715216935753517,0.3395390129936427,12.217,57.1
10086,1927-08-16 00:00:00,0.1214793647053323,-0.0841357597548492,0.3270944891655138,12.217,57.1
10087,1927-08-17 00:00:00,0.0978717947940696,-0.1076994539281274,0.3034430435162667,12.217,57.1
10088,1927-08-18 00:00:00,0.0854358022085676,-0.120218625199013,0.2910902296161484,12.217,57.1
10089,1927-08-19 00:00:00,0.1037706734837226,-0.1018776445668051,0.3094189915342505,12.217,57.1
10090,1927-08-20 00:00:00,0.1841974846476127,-0.021551493757689,0.3899464630529144,12.217,57.1
10091,1927-08-21 00:00:00,0.146228195344144,-0.0594869046660485,0.3519432953543366,12.217,57.1
10092,1927-08-22 00:00:00,0.2303448557926767,0.0243192653932537,0.4363704461920997,12.217,57.1
10093,1927-08-23 00:00:00,0.2560127063476886,0.0502125408036351,0.461812871891742,12.217,57.1
10094,1927-08-24 00:00:00,0.295392520309052,0.0895293304160224,0.5012557102020817,12.217,57.1
10095,1927-08-25 00:00:00,0.1114006845897753,-0.0942361236792322,0.3170374928587828,12.217,57.1
10096,1927-08-26 00:00:00,-0.0216491544052143,-0.2273271197470533,0.1840288109366246,12.217,57.1
10097,1927-08-27 00:00:00,-0.011585994446793,-0.2188742653008774,0.1957022764072912,12.217,57.1
10098,1927-08-28 00:00:00,0.1307461908918782,-0.0755872246052933,0.3370796063890499,12.217,57.1
10099,1927-08-29 00:00:00,0.1465685636375787,-0.0593282691461406,0.3524653964212981,12.217,57.1
10100,1927-08-30 00:00:00,0.0634705575156441,-0.1421613852665948,0.2691025002978832,12.217,57.1
10101,1927-08-31 00:00:00,-0.0839696001074223,-0.2897139055308478,0.1217747053160031,12.217,57.1
10102,1927-09-01 00:00:00,-0.085881167753475,-0.291492450865705,0.1197301153587549,12.217,57.1
10103,1927-09-02 00:00:00,-0.0020609971309,-0.2076025220396863,0.2034805277778862,12.217,57.1
10104,1927-09-03 00:00:00,-0.0138483899545015,-0.219390571817315,0.191693791908312,12.217,57.1
10105,1927-09-04 00:00:00,-0.0309173662573712,-0.2363599284793721,0.1745251959646295,12.217,57.1
10106,1927-09-05 00:00:00,-0.0293330282466391,-0.2348329612156776,0.1761669047223993,12.217,57.1
10107,1927-09-06 00:00:00,-0.0156605809488243,-0.2211753232842657,0.189854161386617,12.217,57.1
10108,1927-09-07 00:00:00,0.0163560824330679,-0.1891432961184812,0.2218554609846171,12.217,57.1
10109,1927-09-08 00:00:00,0.1170394841982129,-0.0885209771352803,0.3225999455317062,12.217,57.1
10110,1927-09-09 00:00:00,0.1425477962999659,-0.0632619414580284,0.3483575340579603,12.217,57.1
10111,1927-09-10 00:00:00,0.3549004972636624,0.1481150917322217,0.5616859027951032,12.217,57.1
10112,1927-09-11 00:00:00,0.2643544793973412,0.0575811548927339,0.4711278039019484,12.217,57.1
10113,1927-09-12 00:00:00,0.1008908465514263,-0.1048254116006152,0.3066071047034678,12.217,57.1
10114,1927-09-13 00:00:00,0.0333821680565036,-0.1722350271259304,0.2389993632389379,12.217,57.1
10115,1927-09-14 00:00:00,0.0668714921361035,-0.1386734419002865,0.2724164261724936,12.217,57.1
10116,1927-09-15 00:00:00,0.0338655497435846,-0.1716966155924556,0.2394277150796249,12.217,57.1
10117,1927-09-16 00:00:00,0.0596493845518646,-0.1460953090090818,0.2653940781128112,12.217,57.1
10118,1927-09-17 00:00:00,0.2385406732215658,0.032615544910898,0.4444658015322337,12.217,57.1
10119,1927-09-18 00:00:00,0.1710521189958589,-0.0349491244722421,0.37705336246396,12.217,57.1
10120,1927-09-19 00:00:00,0.2555826983491269,0.0496835676836002,0.4614818290146536,12.217,57.1
10121,1927-09-20 00:00:00,0.3268342923935772,0.1207292042164881,0.5329393805706664,12.217,57.1
10122,1927-09-21 00:00:00,0.1920377171873757,-0.013715809678292,0.3977912440530434,12.217,57.1
10123,1927-09-22 00:00:00,0.160337870367544,-0.0453096218891685,0.3659853626242566,12.217,57.1
10124,1927-09-23 00:00:00,0.1567501906851704,-0.0491947938697315,0.3626951752400724,12.217,57.1
10125,1927-09-24 00:00:00,0.3483316347374651,0.1415229874146264,0.5551402820603037,12.217,57.1
10126,1927-09-25 00:00:00,0.3357518640636735,0.1277531361551055,0.5437505919722414,12.217,57.1
10127,1927-09-26 00:00:00,0.2517558854724878,0.0449288048586196,0.4585829660863558,12.217,57.1
10128,1927-09-27 00:00:00,0.2795771295049133,0.073258139698896,0.4858961193109306,12.217,57.1
10129,1927-09-28 00:00:00,0.1666768165479928,-0.0399805290962001,0.3733341621921859,12.217,57.1
10130,1927-09-29 00:00:00,0.0693324617208687,-0.1366192450860768,0.2752841685278142,12.217,57.1
10131,1927-09-30 00:00:00,0.1139301429974279,-0.0919795671869142,0.3198398531817702,12.217,57.1
10132,1927-10-01 00:00:00,0.1538642710534196,-0.0523660913271683,0.3600946334340076,12.217,57.1
10133,1927-10-02 00:00:00,0.2096505857492717,0.0033545476336679,0.4159466238648754,12.217,57.1
10134,1927-10-03 00:00:00,0.3012279343055249,0.0938035310186195,0.5086523375924302,12.217,57.1
10135,1927-10-04 00:00:00,0.4583842765673334,0.249358409256367,0.6674101438782998,12.217,57.1
10136,1927-10-05 00:00:00,0.1356787407517231,-0.0708097227623897,0.342167204265836,12.217,57.1
10137,1927-10-06 00:00:00,0.0088568857011279,-0.1972610151764231,0.214974786578679,12.217,57.1
10138,1927-10-07 00:00:00,-0.0120489595013565,-0.217707240421445,0.193609321418732,12.217,57.1
10139,1927-10-08 00:00:00,-0.0514271805741904,-0.2568912142020609,0.1540368530536801,12.217,57.1
10140,1927-10-09 00:00:00,-0.0737091864914419,-0.2791484401991339,0.13173006721625,12.217,57.1
10141,1927-10-10 00:00:00,-0.0696025074675662,-0.2751298293762,0.1359248144410675,12.217,57.1
10142,1927-10-11 00:00:00,-0.0195886697433983,-0.2250806792230424,0.1859033397362457,12.217,57.1
10143,1927-10-12 00:00:00,-0.0509224893093119,-0.2567032040579672,0.1548582254393434,12.217,57.1
10144,1927-10-13 00:00:00,-0.0372076947594334,-0.2427965598066807,0.1683811702878138,12.217,57.1
10145,1927-10-14 00:00:00,0.0554268954555106,-0.1501761785178675,0.2610299694288888,12.217,57.1
10146,1927-10-15 00:00:00,-0.0308555542839236,-0.2369993377669232,0.1752882291990758,12.217,57.1
10147,1927-10-16 00:00:00,0.0886250927947575,-0.117233523622463,0.2944837092119781,12.217,57.1
10148,1927-10-17 00:00:00,0.1891596748919593,-0.0168300072407086,0.3951493570246273,12.217,57.1
10149,1927-10-18 00:00:00,0.2005652537263079,-0.0054749599597734,0.4066054674123893,12.217,57.1
10150,1927-10-19 00:00:00,0.1899762586560766,-0.0157656409071583,0.3957181582193115,12.217,57.1
10151,1927-10-20 00:00:00,0.29960309370511,0.0934180320449128,0.5057881553653073,12.217,57.1
10152,1927-10-21 00:00:00,0.1959799051665811,-0.0100144838046916,0.4019742941378539,12.217,57.1
10153,1927-10-22 00:00:00,0.1074403125883828,-0.0982176332060255,0.3130982583827911,12.217,57.1
10154,1927-10-23 00:00:00,0.049787498886214,-0.1564642474507824,0.2560392452232106,12.217,57.1
10155,1927-10-24 00:00:00,0.2857530797108659,0.0777961728122515,0.4937099866094803,12.217,57.1
10156,1927-10-25 00:00:00,0.115589002611829,-0.0907895393184493,0.3219675445421075,12.217,57.1
10157,1927-10-26 00:00:00,0.3247043520914272,0.1181493196182935,0.531259384564561,12.217,57.1
10158,1927-10-27 00:00:00,0.3637407908796051,0.1569439477402889,0.5705376340189214,12.217,57.1
10159,1927-10-28 00:00:00,0.6736126682351582,0.464652408318897,0.8825729281514194,12.217,57.1
10160,1927-10-29 00:00:00,0.18706423037487,-0.0222762091834067,0.3964046699331467,12.217,57.1
10161,1927-10-30 00:00:00,0.5924527183840194,0.3826335823190185,0.8022718544490202,12.217,57.1
10162,1927-10-31 00:00:00,0.1413626544460965,-0.0665799644261231,0.3493052733183163,12.217,57.1
10163,1927-11-01 00:00:00,0.2040101902434357,-0.002056055889064,0.4100764363759354,12.217,57.1
10164,1927-11-02 00:00:00,0.1033702870667093,-0.1037193518338642,0.3104599259672829,12.217,57.1
10165,1927-11-03 00:00:00,0.0692071535728521,-0.1380097495806941,0.2764240567263984,12.217,57.1
10166,1927-11-04 00:00:00,0.3622836472222273,0.1559737613390307,0.5685935331054238,12.217,57.1
10167,1927-11-05 00:00:00,0.3763687547801175,0.1695415508939631,0.5831959586662719,12.217,57.1
10168,1927-11-06 00:00:00,0.2800940483645878,0.0729459623820027,0.4872421343471729,12.217,57.1
10169,1927-11-07 00:00:00,0.2403105365056795,0.034036439726854,0.446584633284505,12.217,57.1
10170,1927-11-08 00:00:00,0.2057792249603085,7.77951374348329e-05,0.4114806547831823,12.217,57.1
10171,1927-11-09 00:00:00,0.172803650146688,-0.0330590686755744,0.3786663689689505,12.217,57.1
10172,1927-11-10 00:00:00,0.2358694307841398,0.0300202845871155,0.4417185769811641,12.217,57.1
10173,1927-11-11 00:00:00,0.1171525621161264,-0.0891605774534192,0.323465701685672,12.217,57.1
10174,1927-11-12 00:00:00,-0.071897376082671,-0.2793473573133199,0.1355526051479778,12.217,57.1
10175,1927-11-13 00:00:00,-0.0571621123959498,-0.2637219548277943,0.1493977300358946,12.217,57.1
10176,1927-11-14 00:00:00,-0.0757030964398731,-0.2816314225093673,0.130225229629621,12.217,57.1
10177,1927-11-15 00:00:00,-0.0259841614063142,-0.2315640788270405,0.1795957560144121,12.217,57.1
10178,1927-11-16 00:00:00,-0.0685481018616448,-0.2740555260210545,0.1369593222977647,12.217,57.1
10179,1927-11-17 00:00:00,-0.0684606742007535,-0.273981317215256,0.1370599688137488,12.217,57.1
10180,1927-11-18 00:00:00,-0.0927109017114629,-0.2983398050252845,0.1129180016023586,12.217,57.1
10181,1927-11-19 00:00:00,-0.0729977620111017,-0.2787173261281309,0.1327218021059274,12.217,57.1
10182,1927-11-20 00:00:00,-0.0778840198744596,-0.2836056429713685,0.1278376032224492,12.217,57.1
10183,1927-11-21 00:00:00,-0.1200605059277531,-0.3259414451280367,0.0858204332725303,12.217,57.1
10184,1927-11-22 00:00:00,-0.1117521342714691,-0.3177347348442524,0.0942304663013142,12.217,57.1
10185,1927-11-23 00:00:00,-0.1070134046628567,-0.3126652466909396,0.0986384373652261,12.217,57.1
10186,1927-11-24 00:00:00,0.0302848414132723,-0.1753588368026649,0.2359285196292096,12.217,57.1
10187,1927-11-25 00:00:00,0.1538377237535751,-0.0520315664989403,0.3597070140060906,12.217,57.1
10188,1927-11-26 00:00:00,0.1724548679203041,-0.0333495609365361,0.3782592967771445,12.217,57.1
10189,1927-11-27 00:00:00,0.0598834393765866,-0.1457831089247898,0.2655499876779632,12.217,57.1
10190,1927-11-28 00:00:00,0.0357278691064807,-0.1698940611139857,0.2413497993269471,12.217,57.1
10191,1927-11-29 00:00:00,0.0262485410208835,-0.1795061753626134,0.2320032574043804,12.217,57.1
10192,1927-11-30 00:00:00,-0.0123768596102746,-0.2184264382346514,0.1936727190141021,12.217,57.1
10193,1927-12-01 00:00:00,-0.1223624923669654,-0.3282429600706881,0.0835179753367571,12.217,57.1
10194,1927-12-02 00:00:00,-0.0642072603636283,-0.2697265095996954,0.1413119888724388,12.217,57.1
10195,1927-12-03 00:00:00,-0.0100672977489984,-0.215563920882721,0.1954293253847241,12.217,57.1
10196,1927-12-04 00:00:00,-0.0102737678139484,-0.2158567611661143,0.1953092255382174,12.217,57.1
10197,1927-12-05 00:00:00,-0.0242011965278687,-0.2298757679307515,0.181473374875014,12.217,57.1
10198,1927-12-06 00:00:00,0.04887213770146,-0.1567690208614287,0.2545132962643489,12.217,57.1
10199,1927-12-07 00:00:00,-0.0425663555748968,-0.2482633032738405,0.1631305921240468,12.217,57.1
10200,1927-12-08 00:00:00,-0.0800498884401957,-0.2858061723455629,0.1257063954651714,12.217,57.1
10201,1927-12-09 00:00:00,-0.0356283020498185,-0.2412557665713739,0.1699991624717368,12.217,57.1
10202,1927-12-10 00:00:00,-0.0654543161058996,-0.2709629337595121,0.1400543015477128,12.217,57.1
10203,1927-12-11 00:00:00,-0.0852587821944049,-0.290775444680806,0.1202578802919961,12.217,57.1
10204,1927-12-12 00:00:00,-0.0192136711133412,-0.2248469928355489,0.1864196506088664,12.217,57.1
10205,1927-12-13 00:00:00,0.0452711283522375,-0.1606036025237495,0.2511458592282246,12.217,57.1
10206,1927-12-14 00:00:00,0.0639025038858154,-0.1417084755727677,0.2695134833443986,12.217,57.1
10207,1927-12-15 00:00:00,-0.051903687500214,-0.2576550597926972,0.1538476847922692,12.217,57.1
10208,1927-12-16 00:00:00,-0.0947631851715685,-0.3006158232726708,0.1110894529295337,12.217,57.1
10209,1927-12-17 00:00:00,-0.1647913089553703,-0.3705954943297002,0.0410128764189595,12.217,57.1
10210,1927-12-18 00:00:00,-0.2020208471861868,-0.4078948158963602,0.0038531215239866,12.217,57.1
10211,1927-12-19 00:00:00,-0.1866863969127878,-0.3924886295773573,0.0191158357517815,12.217,57.1
10212,1927-12-20 00:00:00,-0.1025033651247818,-0.3082052468118415,0.1031985165622777,12.217,57.1
10213,1927-12-21 00:00:00,-0.0310926208623901,-0.2366059488364383,0.174420707111658,12.217,57.1
10214,1927-12-22 00:00:00,0.0849680245041709,-0.1208403163833868,0.2907763653917287,12.217,57.1
10215,1927-12-23 00:00:00,0.2170752694174969,0.0105651970730203,0.4235853417619735,12.217,57.1
10216,1927-12-24 00:00:00,0.2703992789639002,0.0629079009573127,0.4778906569704877,12.217,57.1
10217,1927-12-25 00:00:00,0.0815244642840731,-0.1250570744379569,0.2881060030061032,12.217,57.1
10218,1927-12-26 00:00:00,0.0141614949924164,-0.1918096329237527,0.2201326229085856,12.217,57.1
10219,1927-12-27 00:00:00,-0.046612310121646,-0.2531520709917221,0.1599274507484301,12.217,57.1
10220,1927-12-28 00:00:00,-0.2029075349245974,-0.409182057595245,0.0033669877460502,12.217,57.1
10221,1927-12-29 00:00:00,-0.1416283948849164,-0.3472965000582786,0.0640397102884458,12.217,57.1
10222,1927-12-30 00:00:00,-0.1486154164303062,-0.3542251832957142,0.0569943504351016,12.217,57.1
10223,1927-12-31 00:00:00,-0.1070163047246219,-0.3126336955578424,0.0986010861085985,12.217,57.1
10224,1928-01-01 00:00:00,-0.0612702643547466,-0.2668684746023329,0.1443279458928396,12.217,57.1
10225,1928-01-02 00:00:00,-0.0055316036205976,-0.2113165182047556,0.2002533109635603,12.217,57.1
10226,1928-01-03 00:00:00,0.1736663578103362,-0.0328665464700669,0.3801992620907394,12.217,57.1
10227,1928-01-04 00:00:00,0.141577357514161,-0.0644455651067347,0.3476002801350569,12.217,57.1
10228,1928-01-05 00:00:00,0.3680926372780737,0.1614750805939515,0.5747101939621959,12.217,57.1
10229,1928-01-06 00:00:00,0.5163551920990743,0.3093771622574233,0.7233332219407254,12.217,57.1
10230,1928-01-07 00:00:00,0.2105326250835348,0.0039525069790994,0.4171127431879702,12.217,57.1
10231,1928-01-08 00:00:00,0.1213673326707393,-0.0852706726027307,0.3280053379442094,12.217,57.1
10232,1928-01-09 00:00:00,0.4245331963133691,0.2174548699005896,0.6316115227261487,12.217,57.1
10233,1928-01-10 00:00:00,0.3088630420134838,0.1026829740648232,0.5150431099621444,12.217,57.1
10234,1928-01-11 00:00:00,0.2337463680083284,0.0269051905492883,0.4405875454673685,12.217,57.1
10235,1928-01-12 00:00:00,0.3826144827666881,0.1757557159220186,0.5894732496113575,12.217,57.1
10236,1928-01-13 00:00:00,0.2405829706360673,0.0342305186130786,0.4469354226590559,12.217,57.1
10237,1928-01-14 00:00:00,0.4741249413191819,0.2671837653963885,0.6810661172419753,12.217,57.1
10238,1928-01-15 00:00:00,0.2099050190061368,0.0037149073176891,0.4160951306945845,12.217,57.1
10239,1928-01-16 00:00:00,0.184617030589365,-0.0213871180410584,0.3906211792197885,12.217,57.1
10240,1928-01-17 00:00:00,0.0735905407382135,-0.1321865351436346,0.2793676166200617,12.217,57.1
10241,1928-01-18 00:00:00,-0.1566947732850443,-0.3628768879948624,0.0494873414247736,12.217,57.1
10242,1928-01-19 00:00:00,-0.1207518497457251,-0.3266808547649062,0.0851771552734559,12.217,57.1
10243,1928-01-20 00:00:00,-0.0385702242782625,-0.2441652187592965,0.1670247702027715,12.217,57.1
10244,1928-01-21 00:00:00,-0.0275344036227521,-0.2332380504696651,0.1781692432241609,12.217,57.1
10245,1928-01-22 00:00:00,0.1160141980640599,-0.0898751678865489,0.3219035640146688,12.217,57.1
10246,1928-01-23 00:00:00,0.1283555794712676,-0.0778153860789822,0.3345265450215176,12.217,57.1
10247,1928-01-24 00:00:00,0.0589098507535219,-0.1467804267569775,0.2646001282640213,12.217,57.1
10248,1928-01-25 00:00:00,0.300348090820616,0.0932877238399821,0.5074084578012499,12.217,57.1
10249,1928-01-26 00:00:00,0.3444480434166942,0.136711059834222,0.5521850269991664,12.217,57.1
10250,1928-01-27 00:00:00,0.2426756173288382,0.0338488275138045,0.4515024071438719,12.217,57.1
10251,1928-01-28 00:00:00,0.1738694852919302,-0.0324733734975023,0.3802123440813628,12.217,57.1
10252,1928-01-29 00:00:00,0.1971236111373117,-0.0086546373856799,0.4029018596603033,12.217,57.1
10253,1928-01-30 00:00:00,0.1497397719069052,-0.0560929591019979,0.3555725029158085,12.217,57.1
10254,1928-01-31 00:00:00,0.1565029465302379,-0.0490933670072058,0.3620992600676817,12.217,57.1
10255,1928-02-01 00:00:00,0.135903256504006,-0.0697689510019317,0.3415754640099438,12.217,57.1
10256,1928-02-02 00:00:00,0.2083385785303469,0.0002182014029454,0.4164589556577484,12.217,57.1
10257,1928-02-03 00:00:00,0.2564014814312685,0.0501033552736355,0.4626996075889015,12.217,57.1
10258,1928-02-04 00:00:00,0.2359479839274749,0.0291207284706282,0.4427752393843215,12.217,57.1
10259,1928-02-05 00:00:00,0.1013752473801753,-0.1061581424321859,0.3089086371925367,12.217,57.1
10260,1928-02-06 00:00:00,0.2872760316227037,0.0785217284693491,0.4960303347760584,12.217,57.1
10261,1928-02-07 00:00:00,0.2569771825938597,0.0498254790900505,0.4641288860976689,12.217,57.1
10262,1928-02-08 00:00:00,0.4831946330019282,0.2761766510396067,0.6902126149642497,12.217,57.1
10263,1928-02-09 00:00:00,0.5636385860612358,0.3566128386410475,0.7706643334814242,12.217,57.1
10264,1928-02-10 00:00:00,0.8864618466515056,0.6770928090215389,1.0958308842814724,12.217,57.1
10265,1928-02-11 00:00:00,0.2624884463352647,0.0529846592402653,0.4719922334302642,12.217,57.1
10266,1928-02-12 00:00:00,0.2358753618972667,0.0288863191647986,0.4428644046297348,12.217,57.1
10267,1928-02-13 00:00:00,0.1514214176811084,-0.0546813509539856,0.3575241863162024,12.217,57.1
10268,1928-02-14 00:00:00,0.1016521821933199,-0.1040068864921281,0.307311250878768,12.217,57.1
10269,1928-02-15 00:00:00,0.1205076481693685,-0.085467262939866,0.3264825592786031,12.217,57.1
10270,1928-02-16 00:00:00,0.1929222729767466,-0.0153193051611057,0.4011638511145989,12.217,57.1
10271,1928-02-17 00:00:00,0.3064187307445358,0.0977794017658269,0.5150580597232448,12.217,57.1
10272,1928-02-18 00:00:00,0.2112124064047581,0.0051136796006363,0.4173111332088799,12.217,57.1
10273,1928-02-19 00:00:00,0.1210220428223509,-0.0851327195177462,0.327176805162448,12.217,57.1
10274,1928-02-20 00:00:00,-0.0341078648430681,-0.2402727107032664,0.1720569810171301,12.217,57.1
10275,1928-02-21 00:00:00,-0.1306544724876212,-0.3363453965209334,0.075036451545691,12.217,57.1
10276,1928-02-22 00:00:00,-0.056511131968636,-0.2622346133799333,0.1492123494426613,12.217,57.1
10277,1928-02-23 00:00:00,-0.05219599888736,-0.2577900198812922,0.1533980221065721,12.217,57.1
10278,1928-02-24 00:00:00,-0.1267871934704165,-0.3324071740353787,0.0788327870945456,12.217,57.1
10279,1928-02-25 00:00:00,-0.0508983781821113,-0.2566041637319777,0.1548074073677549,12.217,57.1
10280,1928-02-26 00:00:00,-0.0144671085152019,-0.2202556427338644,0.1913214257034605,12.217,57.1
10281,1928-02-27 00:00:00,-0.1040611169954678,-0.3098201866372368,0.1016979526463012,12.217,57.1
10282,1928-02-28 00:00:00,-0.0523181390796558,-0.2579285731608797,0.1532922950015679,12.217,57.1
10283,1928-02-29 00:00:00,-0.0810789508497955,-0.2867498579416273,0.1245919562420363,12.217,57.1
10284,1928-03-01 00:00:00,-0.0862222773297813,-0.2919321547674363,0.1194876001078736,12.217,57.1
10285,1928-03-02 00:00:00,-0.0706227361326923,-0.2762774526296325,0.135031980364248,12.217,57.1
10286,1928-03-03 00:00:00,0.0028967498806259,-0.202733371854816,0.2085268716160679,12.217,57.1
10287,1928-03-04 00:00:00,-0.0192264633463061,-0.224833388245056,0.1863804615524437,12.217,57.1
10288,1928-03-05 00:00:00,0.0066530041509892,-0.1988682263868635,0.2121742346888419,12.217,57.1
10289,1928-03-06 00:00:00,0.0447172988146482,-0.1608067069483946,0.2502413045776911,12.217,57.1
10290,1928-03-07 00:00:00,-0.0186722974031286,-0.224290617482311,0.1869460226760536,12.217,57.1
10291,1928-03-08 00:00:00,0.0043907591502156,-0.2011467879405075,0.2099283062409388,12.217,57.1
10292,1928-03-09 00:00:00,-0.0415530022125022,-0.2471406305411913,0.1640346261161868,12.217,57.1
10293,1928-03-10 00:00:00,-0.0803670444209024,-0.286300786637127,0.1255666977953221,12.217,57.1
10294,1928-03-11 00:00:00,-0.2268200022578693,-0.4334618840344238,-0.0201781204813149,12.217,57.1
10295,1928-03-12 00:00:00,-0.0944308263254146,-0.301397283542607,0.1125356308917777,12.217,57.1
10296,1928-03-13 00:00:00,-0.0932283356721945,-0.2992468665018607,0.1127901951574715,12.217,57.1
10297,1928-03-14 00:00:00,-0.0420110511037152,-0.2477715069038006,0.1637494046963701,12.217,57.1
10298,1928-03-15 00:00:00,-0.0441432718502821,-0.2497573556798922,0.1614708119793279,12.217,57.1
10299,1928-03-16 00:00:00,-0.0491447221218231,-0.2547067238992221,0.1564172796555759,12.217,57.1
10300,1928-03-17 00:00:00,-0.0417165964482405,-0.2473529419522044,0.1639197490557234,12.217,57.1
10301,1928-03-18 00:00:00,0.0071038626763243,-0.1988968292803429,0.2131045546329917,12.217,57.1
10302,1928-03-19 00:00:00,0.075702297909344,-0.1307793076585921,0.2821839034772802,12.217,57.1
10303,1928-03-20 00:00:00,0.1033917056221114,-0.1028429938837242,0.3096264051279471,12.217,57.1
10304,1928-03-21 00:00:00,-0.0023559907673278,-0.208577767073584,0.2038657855389283,12.217,57.1
10305,1928-03-22 00:00:00,0.0156820539173232,-0.190902935770384,0.2222670436050306,12.217,57.1
10306,1928-03-23 00:00:00,0.1314970167269516,-0.0747727516816648,0.337766785135568,12.217,57.1
10307,1928-03-24 00:00:00,0.0736278024211438,-0.1319098505540901,0.2791654553963778,12.217,57.1
10308,1928-03-25 00:00:00,0.0781144547124475,-0.1274006351866196,0.2836295446115146,12.217,57.1
10309,1928-03-26 00:00:00,0.066891190117268,-0.138788065242925,0.2725704454774612,12.217,57.1
10310,1928-03-27 00:00:00,0.0320298976631661,-0.1734882881513508,0.2375480834776831,12.217,57.1
10311,1928-03-28 00:00:00,0.0562042136370687,-0.1492471252560905,0.261655552530228,12.217,57.1
10312,1928-03-29 00:00:00,0.0874440830243944,-0.1181190652974535,0.2930072313462425,12.217,57.1
10313,1928-03-30 00:00:00,0.0857234335499259,-0.1198544577437715,0.2913013248436235,12.217,57.1
10314,1928-03-31 00:00:00,0.1490206550291596,-0.0568400934007086,0.3548814034590279,12.217,57.1
10315,1928-04-01 00:00:00,0.1049851469773095,-0.1007346732262327,0.3107049671808518,12.217,57.1
10316,1928-04-02 00:00:00,-0.0078643984400847,-0.2134949612697549,0.1977661643895854,12.217,57.1
10317,1928-04-03 00:00:00,0.0302266334923296,-0.1752938210713213,0.2357470880559806,12.217,57.1
10318,1928-04-04 00:00:00,0.1349462286424078,-0.0707043183724781,0.3405967756572939,12.217,57.1
10319,1928-04-05 00:00:00,0.1834024360961106,-0.0223026291783206,0.3891075013705419,12.217,57.1
10320,1928-04-06 00:00:00,0.1965396612195785,-0.0093715821737025,0.4024509046128597,12.217,57.1
10321,1928-04-07 00:00:00,0.0743216414696018,-0.1312785712359396,0.2799218541751434,12.217,57.1
10322,1928-04-08 00:00:00,0.0094280422342723,-0.1960176368846482,0.2148737213531929,12.217,57.1
10323,1928-04-09 00:00:00,0.0731941089212598,-0.1323553769469574,0.2787435947894772,12.217,57.1
10324,1928-04-10 00:00:00,0.0688680418413662,-0.1366860777796558,0.2744221614623884,12.217,57.1
10325,1928-04-11 00:00:00,0.0802371822109395,-0.1265258026128033,0.2870001670346824,12.217,57.1
10326,1928-04-12 00:00:00,-0.0222442861170017,-0.2297456942514999,0.1852571220174964,12.217,57.1
10327,1928-04-13 00:00:00,-0.0987951629829713,-0.3053438761936733,0.1077535502277305,12.217,57.1
10328,1928-04-14 00:00:00,-0.1050520181357789,-0.311493924667369,0.101389888395811,12.217,57.1
10329,1928-04-15 00:00:00,-0.0269620165728805,-0.2325279884472874,0.1786039553015263,12.217,57.1
10330,1928-04-16 00:00:00,0.0353804925949089,-0.1701313017024249,0.2408922868922429,12.217,57.1
10331,1928-04-17 00:00:00,0.0413360201953932,-0.1642254523925421,0.2468974927833286,12.217,57.1
10332,1928-04-18 00:00:00,0.0571560205203106,-0.1483738252577878,0.262685866298409,12.217,57.1
10333,1928-04-19 00:00:00,0.0815503841122639,-0.1239854010517113,0.2870861692762392,12.217,57.1
10334,1928-04-20 00:00:00,0.1009078599211054,-0.104791263651442,0.306606983493653,12.217,57.1
10335,1928-04-21 00:00:00,0.0251928052040983,-0.1805410827737761,0.2309266931819729,12.217,57.1
10336,1928-04-22 00:00:00,0.0288647378925325,-0.1766055540229121,0.2343350298079773,12.217,57.1
10337,1928-04-23 00:00:00,0.019266600539837,-0.1861974624655459,0.2247306635452199,12.217,57.1
10338,1928-04-24 00:00:00,0.0185123868581699,-0.187224139891396,0.224248913607736,12.217,57.1
10339,1928-04-25 00:00:00,0.030717919947242,-0.1749208568714153,0.2363566967658993,12.217,57.1
10340,1928-04-26 00:00:00,0.0228365185854267,-0.1828531588544792,0.2285261960253327,12.217,57.1
10341,1928-04-27 00:00:00,-0.0085960967274429,-0.2143032474979835,0.1971110540430977,12.217,57.1
10342,1928-04-28 00:00:00,-0.0021284297908148,-0.2077195757387934,0.2034627161571637,12.217,57.1
10343,1928-04-29 00:00:00,0.0177430259450563,-0.1877313719878388,0.2232174238779515,12.217,57.1
10344,1928-04-30 00:00:00,-0.0555903402179498,-0.2613371822004603,0.1501565017645606,12.217,57.1
10345,1928-05-01 00:00:00,-0.0371903555448797,-0.2431821708673056,0.1688014597775462,12.217,57.1
10346,1928-05-02 00:00:00,-0.0676673499587191,-0.2733850328761631,0.1380503329587248,12.217,57.1
10347,1928-05-03 00:00:00,-0.0832408983794137,-0.2890078429572994,0.1225260461984719,12.217,57.1
10348,1928-05-04 00:00:00,-0.0324291286246698,-0.2383258103475277,0.1734675530981881,12.217,57.1
10349,1928-05-05 00:00:00,0.0021254608637282,-0.2035835809399244,0.2078345026673808,12.217,57.1
10350,1928-05-06 00:00:00,0.0390356538592369,-0.1664731931971077,0.2445445009155816,12.217,57.1
10351,1928-05-07 00:00:00,0.1118148073028076,-0.0937627910517999,0.3173924056574153,12.217,57.1
10352,1928-05-08 00:00:00,0.0794657261276768,-0.1262152503581458,0.2851467026134995,12.217,57.1
10353,1928-05-09 00:00:00,0.087058717081948,-0.118433128360924,0.2925505625248201,12.217,57.1
10354,1928-05-10 00:00:00,0.0452410893003142,-0.160651995842252,0.2511341744428806,12.217,57.1
10355,1928-05-11 00:00:00,0.068482601141632,-0.1376944732971606,0.2746596755804248,12.217,57.1
10356,1928-05-12 00:00:00,0.0918172345808912,-0.1138779993305048,0.2975124684922874,12.217,57.1
10357,1928-05-13 00:00:00,0.0068510017256182,-0.198853122852983,0.2125551263042194,12.217,57.1
10358,1928-05-14 00:00:00,0.0180122881880538,-0.1874861153123448,0.2235106916884525,12.217,57.1
10359,1928-05-15 00:00:00,0.0861652392665706,-0.1193230601824723,0.2916535387156137,12.217,57.1
10360,1928-05-16 00:00:00,0.1072337860860669,-0.098398362567453,0.3128659347395868,12.217,57.1
10361,1928-05-17 00:00:00,0.0944854966741372,-0.1110327780891934,0.300003771437468,12.217,57.1
10362,1928-05-18 00:00:00,0.0953546646220476,-0.1103261438980228,0.3010354731421181,12.217,57.1
10363,1928-05-19 00:00:00,0.0583299397213457,-0.1472455555831527,0.2639054350258443,12.217,57.1
10364,1928-05-20 00:00:00,0.1139485245152676,-0.0917645994972046,0.3196616485277399,12.217,57.1
10365,1928-05-21 00:00:00,0.0540360245212839,-0.1516107824493213,0.2596828314918892,12.217,57.1
10366,1928-05-22 00:00:00,-0.0355659693270576,-0.241638457121222,0.1705065184671067,12.217,57.1
10367,1928-05-23 00:00:00,0.0237372134107128,-0.1823369970807911,0.2298114239022169,12.217,57.1
10368,1928-05-24 00:00:00,-0.050867570475553,-0.2565180982989898,0.1547829573478837,12.217,57.1
10369,1928-05-25 00:00:00,-0.0064617424306496,-0.2119444903110583,0.1990210054497591,12.217,57.1
10370,1928-05-26 00:00:00,-0.0598678542592241,-0.2654439189412708,0.1457082104228225,12.217,57.1
10371,1928-05-27 00:00:00,0.0453351976358644,-0.1603072223526322,0.2509776176243611,12.217,57.1
10372,1928-05-28 00:00:00,0.0826463819057045,-0.12305909524686,0.288351859058269,12.217,57.1
10373,1928-05-29 00:00:00,0.00747683830724,-0.1983055189616359,0.213259195576116,12.217,57.1
10374,1928-05-30 00:00:00,-0.0477893400069815,-0.2532799635927327,0.1577012835787695,12.217,57.1
10375,1928-05-31 00:00:00,-0.0426863662340895,-0.2483850293949653,0.1630122969267863,12.217,57.1
10376,1928-06-01 00:00:00,-0.0965637102618304,-0.3025010616081359,0.1093736410844751,12.217,57.1
10377,1928-06-02 00:00:00,-0.0591824713188683,-0.2651186349600363,0.1467536923222995,12.217,57.1
10378,1928-06-03 00:00:00,0.0118456701640558,-0.1936815241225638,0.2173728644506754,12.217,57.1
10379,1928-06-04 00:00:00,0.1280124115214106,-0.0775001251155017,0.3335249481583231,12.217,57.1
10380,1928-06-05 00:00:00,0.1825669999202372,-0.0236526983076161,0.3887866981480905,12.217,57.1
10381,1928-06-06 00:00:00,0.2023503385138255,-0.0048337748981122,0.4095344519257632,12.217,57.1
10382,1928-06-07 00:00:00,0.1162689546632216,-0.0895010503642552,0.3220389596906984,12.217,57.1
10383,1928-06-08 00:00:00,0.1626224425242021,-0.0433165382605602,0.3685614233089646,12.217,57.1
10384,1928-06-09 00:00:00,0.1788719988863725,-0.0276879277142862,0.3854319254870312,12.217,57.1
10385,1928-06-10 00:00:00,0.1735451672249021,-0.0321793731194224,0.3792697075692266,12.217,57.1
10386,1928-06-11 00:00:00,0.1569476221784408,-0.0490264267024333,0.3629216710593149,12.217,57.1
10387,1928-06-12 00:00:00,0.259449072241423,0.0532017690429415,0.4656963754399045,12.217,57.1
10388,1928-06-13 00:00:00,0.1388758059147029,-0.0677771023304788,0.3455287141598847,12.217,57.1
10389,1928-06-14 00:00:00,0.0756299339654337,-0.1302502846905238,0.2815101526213913,12.217,57.1
10390,1928-06-15 00:00:00,0.0709542067082486,-0.1349100508785543,0.2768184642950516,12.217,57.1
10391,1928-06-16 00:00:00,0.187745830176204,-0.0187013336237109,0.394192993976119,12.217,57.1
10392,1928-06-17 00:00:00,0.1535253353776297,-0.0522079935422739,0.3592586642975334,12.217,57.1
10393,1928-06-18 00:00:00,0.1623087331553237,-0.043291282958243,0.3679087492688906,12.217,57.1
10394,1928-06-19 00:00:00,0.0907428059764118,-0.1147212915268008,0.2962069034796245,12.217,57.1
10395,1928-06-20 00:00:00,0.0577139791044686,-0.1478142992399232,0.2632422574488605,12.217,57.1
10396,1928-06-21 00:00:00,0.1281175725502217,-0.077526939907042,0.3337620850074855,12.217,57.1
10397,1928-06-22 00:00:00,0.1247105440480216,-0.081048142203048,0.3304692302990912,12.217,57.1
10398,1928-06-23 00:00:00,0.1295492784950217,-0.0760880184546108,0.3351865754446543,12.217,57.1
10399,1928-06-24 00:00:00,0.2269461829451687,0.021282832527925,0.4326095333624125,12.217,57.1
10400,1928-06-25 00:00:00,0.2225898419464962,0.0167187510251205,0.4284609328678718,12.217,57.1
10401,1928-06-26 00:00:00,0.1194001985362511,-0.0863935217346681,0.3251939188071704,12.217,57.1
10402,1928-06-27 00:00:00,0.2002918334133993,-0.0056062734708309,0.4061899402976296,12.217,57.1
10403,1928-06-28 00:00:00,0.3942216288525466,0.1873736121812077,0.6010696455238855,12.217,57.1
10404,1928-06-29 00:00:00,0.1878445421954494,-0.0193906817420698,0.3950797661329687,12.217,57.1
10405,1928-06-30 00:00:00,0.1646284625972288,-0.0412761438087201,0.3705330690031779,12.217,57.1
10406,1928-07-01 00:00:00,0.1937396990217719,-0.0120786577953745,0.3995580558389183,12.217,57.1
10407,1928-07-02 00:00:00,0.1893807506270313,-0.0170877760978899,0.3958492773519526,12.217,57.1
10408,1928-07-03 00:00:00,0.1518692653691687,-0.0542823527146811,0.3580208834530186,12.217,57.1
10409,1928-07-04 00:00:00,0.1553588367397347,-0.050576071579106,0.3612937450585755,12.217,57.1
10410,1928-07-05 00:00:00,0.1286071649128945,-0.077295277719868,0.334509607545657,12.217,57.1
10411,1928-07-06 00:00:00,0.1672399377386457,-0.0387382669381789,0.3732181424154704,12.217,57.1
10412,1928-07-07 00:00:00,0.2885518736406587,0.0828701976574068,0.4942335496239105,12.217,57.1
10413,1928-07-08 00:00:00,0.2664230063389823,0.0600624814559151,0.4727835312220495,12.217,57.1
10414,1928-07-09 00:00:00,0.1789903572981082,-0.0271948619304536,0.3851755765266701,12.217,57.1
10415,1928-07-10 00:00:00,0.164432273997016,-0.041267352036931,0.3701319000309632,12.217,57.1
10416,1928-07-11 00:00:00,0.1586183687633046,-0.0472797636616274,0.3645165011882367,12.217,57.1
10417,1928-07-12 00:00:00,0.1230173040262764,-0.0827915097254985,0.3288261177780515,12.217,57.1
10418,1928-07-13 00:00:00,0.0575082146573742,-0.1481383689158826,0.2631547982306311,12.217,57.1
10419,1928-07-14 00:00:00,0.0327904977274653,-0.1733047261467022,0.238885721601633,12.217,57.1
10420,1928-07-15 00:00:00,0.0287510706501387,-0.1772942574909631,0.2347963987912405,12.217,57.1
10421,1928-07-16 00:00:00,0.0330055443404192,-0.1757048800246858,0.2417159687055242,12.217,57.1
10422,1928-07-17 00:00:00,-0.0185383534013475,-0.2243399548745488,0.1872632480718537,12.217,57.1
10423,1928-07-18 00:00:00,0.0674309398042595,-0.1384946218367496,0.2733565014452688,12.217,57.1
10424,1928-07-19 00:00:00,0.1436071175973056,-0.0629107746335501,0.3501250098281614,12.217,57.1
10425,1928-07-20 00:00:00,0.1917433392152806,-0.0140739205635558,0.397560598994117,12.217,57.1
10426,1928-07-21 00:00:00,0.1693585498963883,-0.0363185695072404,0.3750356693000171,12.217,57.1
10427,1928-07-22 00:00:00,0.1560637662175288,-0.0495720445995948,0.3616995770346525,12.217,57.1
10428,1928-07-23 00:00:00,0.1241197389366111,-0.0814737246423069,0.3297132025155292,12.217,57.1
10429,1928-07-24 00:00:00,0.1101884894552711,-0.0953567904358875,0.3157337693464299,12.217,57.1
10430,1928-07-25 00:00:00,0.1566955869562351,-0.0488278140645822,0.3622189879770524,12.217,57.1
10431,1928-07-26 00:00:00,0.177188190614637,-0.0283138125634836,0.3826901937927576,12.217,57.1
10432,1928-07-27 00:00:00,0.2122157584685951,0.0066457059275887,0.4177858110096015,12.217,57.1
10433,1928-07-28 00:00:00,0.1504276355819848,-0.0552927197513654,0.3561479909153351,12.217,57.1
10434,1928-07-29 00:00:00,0.1433239394332739,-0.0622838295390885,0.3489317084056365,12.217,57.1
10435,1928-07-30 00:00:00,0.166488172886481,-0.039124515911624,0.3721008616845861,12.217,57.1
10436,1928-07-31 00:00:00,0.179922172898658,-0.0262355770356167,0.3860799228329328,12.217,57.1
10437,1928-08-01 00:00:00,0.1475997083360536,-0.0582045705148683,0.3534039871869755,12.217,57.1
10438,1928-08-02 00:00:00,0.1006285045020347,-0.1050880887357824,0.3063450977398518,12.217,57.1
10439,1928-08-03 00:00:00,0.038054181502625,-0.1675437496446348,0.2436521126498849,12.217,57.1
10440,1928-08-04 00:00:00,0.0211273800657643,-0.1843803405238541,0.2266351006553828,12.217,57.1
10441,1928-08-05 00:00:00,0.0068038328663289,-0.198684074611582,0.2122917403442399,12.217,57.1
10442,1928-08-06 00:00:00,-0.0450076408991455,-0.2507367849372542,0.160721503138963,12.217,57.1
10443,1928-08-07 00:00:00,-0.0375192393324367,-0.2431107279058248,0.1680722492409514,12.217,57.1
10444,1928-08-08 00:00:00,0.1108277706026175,-0.0946760181411591,0.3163315593463942,12.217,57.1
10445,1928-08-09 00:00:00,0.3151625550103321,0.1093432754441364,0.5209818345765278,12.217,57.1
10446,1928-08-10 00:00:00,0.4206373121948444,0.2141428550518601,0.6271317693378288,12.217,57.1
10447,1928-08-11 00:00:00,0.1807426049589236,-0.025447972751892,0.3869331826697394,12.217,57.1
10448,1928-08-12 00:00:00,0.0902123117330741,-0.1154124162114185,0.2958370396775668,12.217,57.1
10449,1928-08-13 00:00:00,0.1381765188117042,-0.0674113246646359,0.3437643622880444,12.217,57.1
10450,1928-08-14 00:00:00,0.060212349254498,-0.1456822733068803,0.2661069718158764,12.217,57.1
10451,1928-08-15 00:00:00,0.0936971120153853,-0.1118315347739781,0.2992257588047489,12.217,57.1
10452,1928-08-16 00:00:00,0.0810701763254771,-0.1243938142527047,0.2865341669036589,12.217,57.1
10453,1928-08-17 00:00:00,0.0812995239918526,-0.1244377658865772,0.2870368138702825,12.217,57.1
10454,1928-08-18 00:00:00,0.0976177702528811,-0.1081248011291484,0.3033603416349107,12.217,57.1
10455,1928-08-19 00:00:00,0.0313164946321424,-0.1745038060686377,0.2371367953329227,12.217,57.1
10456,1928-08-20 00:00:00,0.0103613298025171,-0.1952148850655673,0.2159375446706015,12.217,57.1
10457,1928-08-21 00:00:00,0.0551112721332149,-0.1504563574000571,0.2606789016664871,12.217,57.1
10458,1928-08-22 00:00:00,0.0848339678485765,-0.120745761325505,0.2904136970226582,12.217,57.1
10459,1928-08-23 00:00:00,0.0223851447224889,-0.1834174395531118,0.2281877289980897,12.217,57.1
10460,1928-08-24 00:00:00,0.0995552835428865,-0.1062905699023804,0.3054011369881536,12.217,57.1
10461,1928-08-25 00:00:00,0.1303973432411601,-0.0752522081461995,0.3360468946285197,12.217,57.1
10462,1928-08-26 00:00:00,0.2462960302450071,0.0402564160692817,0.4523356444207326,12.217,57.1
10463,1928-08-27 00:00:00,0.1565852727623292,-0.0494613593177754,0.362631904842434,12.217,57.1
10464,1928-08-28 00:00:00,0.1818478671400179,-0.0242591578076785,0.3879548920877145,12.217,57.1
10465,1928-08-29 00:00:00,0.2029316422550909,-0.0029849366812416,0.4088482211914234,12.217,57.1
10466,1928-08-30 00:00:00,0.1290277122647813,-0.0765400083432792,0.334595432872842,12.217,57.1
10467,1928-08-31 00:00:00,0.0169696803316672,-0.1885632661781069,0.2225026268414414,12.217,57.1
10468,1928-09-01 00:00:00,0.0200517652426399,-0.1856229311404021,0.225726461625682,12.217,57.1
10469,1928-09-02 00:00:00,0.020219029238891,-0.1853162258398023,0.2257542843175845,12.217,57.1
10470,1928-09-03 00:00:00,0.0124165244364386,-0.1929882080138507,0.217821256886728,12.217,57.1
10471,1928-09-04 00:00:00,0.0605498620988885,-0.1449085709473875,0.2660082951451646,12.217,57.1
10472,1928-09-05 00:00:00,0.1415803580087166,-0.0643611497840809,0.3475218658015141,12.217,57.1
10473,1928-09-06 00:00:00,0.1314737564555209,-0.0741976333616239,0.3371451462726657,12.217,57.1
10474,1928-09-07 00:00:00,0.2280289392605752,0.0219988611767612,0.4340590173443891,12.217,57.1
10475,1928-09-08 00:00:00,0.0353607257293589,-0.1709927219089836,0.2417141733677015,12.217,57.1
10476,1928-09-09 00:00:00,-0.0037531552301775,-0.209391558878918,0.2018852484185629,12.217,57.1
10477,1928-09-10 00:00:00,0.0417406388917756,-0.163867543481665,0.2473488212652163,12.217,57.1
10478,1928-09-11 00:00:00,0.0389626501785425,-0.1667075962706854,0.2446328966277704,12.217,57.1
10479,1928-09-12 00:00:00,0.0721788561259656,-0.1337991551225257,0.278156867374457,12.217,57.1
10480,1928-09-13 00:00:00,-0.0176602478074046,-0.2232895375360249,0.1879690419212157,12.217,57.1
10481,1928-09-14 00:00:00,-0.084437819451563,-0.2900360517016542,0.121160412798528,12.217,57.1
10482,1928-09-15 00:00:00,-0.0866273577926399,-0.2920928843239854,0.1188381687387055,12.217,57.1
10483,1928-09-16 00:00:00,-0.0625031853051422,-0.2679848779014058,0.1429785072911212,12.217,57.1
10484,1928-09-17 00:00:00,-0.0177369469845922,-0.2231634789069291,0.1876895849377445,12.217,57.1
10485,1928-09-18 00:00:00,0.0413089809959017,-0.1641249078971829,0.2467428698889865,12.217,57.1
10486,1928-09-19 00:00:00,0.0813968545101526,-0.1245631236062672,0.2873568326265726,12.217,57.1
10487,1928-09-20 00:00:00,0.054307329340961,-0.1514501065077073,0.2600647651896295,12.217,57.1
10488,1928-09-21 00:00:00,0.0734736325027943,-0.1320131893336097,0.2789604543391984,12.217,57.1
10489,1928-09-22 00:00:00,-1.798538089687468e-05,-0.20570456310289,0.2056685923410963,12.217,57.1
10490,1928-09-23 00:00:00,-0.0476355475305438,-0.2535823055846427,0.158311210523555,12.217,57.1
10491,1928-09-24 00:00:00,0.0201053300916167,-0.1854492968111686,0.2256599569944021,12.217,57.1
10492,1928-09-25 00:00:00,0.0418224919891104,-0.1636968453158664,0.2473418292940873,12.217,57.1
10493,1928-09-26 00:00:00,0.0079720376123336,-0.1975655180103709,0.2135095932350382,12.217,57.1
10494,1928-09-27 00:00:00,0.0580197644756151,-0.1475148263879444,0.2635543553391747,12.217,57.1
10495,1928-09-28 00:00:00,0.1249491221701307,-0.0806144796155127,0.3305127239557742,12.217,57.1
10496,1928-09-29 00:00:00,0.0241642467816827,-0.1815681849711498,0.2298966785345153,12.217,57.1
10497,1928-09-30 00:00:00,0.0636744050456623,-0.1420182048607538,0.2693670149520784,12.217,57.1
10498,1928-10-01 00:00:00,0.1386947938148295,-0.0675852284433194,0.3449748160729784,12.217,57.1
10499,1928-10-02 00:00:00,0.037859383617725,-0.1683414133587702,0.2440601805942204,12.217,57.1
10500,1928-10-03 00:00:00,-0.0174335531277798,-0.2233907785361655,0.1885236722806057,12.217,57.1
10501,1928-10-04 00:00:00,-0.0629148260716467,-0.2687607512626915,0.142931099119398,12.217,57.1
10502,1928-10-05 00:00:00,-0.0434035467399916,-0.2488987394209168,0.1620916459409335,12.217,57.1
10503,1928-10-06 00:00:00,0.0005806613312244,-0.2049331399443845,0.2060944626068335,12.217,57.1
10504,1928-10-07 00:00:00,0.080515076693453,-0.1251724655802354,0.2862026189671415,12.217,57.1
10505,1928-10-08 00:00:00,0.1127537610221633,-0.0928820489101584,0.3183895709544851,12.217,57.1
10506,1928-10-09 00:00:00,0.2640037214722213,0.0580499575490448,0.4699574853953978,12.217,57.1
10507,1928-10-10 00:00:00,0.2187412212407342,0.0128500598984609,0.4246323825830074,12.217,57.1
10508,1928-10-11 00:00:00,0.0775609620155222,-0.1294318029911415,0.284553727022186,12.217,57.1
10509,1928-10-12 00:00:00,0.0163839370337153,-0.1905874414091068,0.2233553154765375,12.217,57.1
10510,1928-10-13 00:00:00,0.0235172741843864,-0.183109882962432,0.2301444313312049,12.217,57.1
10511,1928-10-14 00:00:00,-0.0076656620172273,-0.2132483133725852,0.1979169893381305,12.217,57.1
10512,1928-10-15 00:00:00,-0.0353570467999824,-0.2408649110083056,0.1701508174083407,12.217,57.1
10513,1928-10-16 00:00:00,-0.0187178989986338,-0.2241351866855507,0.1866993886882829,12.217,57.1
10514,1928-10-17 00:00:00,0.1026175754267082,-0.103131446549383,0.3083665974027995,12.217,57.1
10515,1928-10-18 00:00:00,0.1157607510830815,-0.0907462739349718,0.3222677761011349,12.217,57.1
10516,1928-10-19 00:00:00,0.1725080093190897,-0.0340229663559071,0.3790389849940865,12.217,57.1
10517,1928-10-20 00:00:00,0.1918011155517962,-0.0152270606872444,0.3988292917908368,12.217,57.1
10518,1928-10-21 00:00:00,0.2678798620823874,0.0612639430246611,0.4744957811401136,12.217,57.1
10519,1928-10-22 00:00:00,0.2432762894985893,0.0372954082022018,0.4492571707949767,12.217,57.1
10520,1928-10-23 00:00:00,0.1609697985026206,-0.0448319376040926,0.3667715346093339,12.217,57.1
10521,1928-10-24 00:00:00,0.1665310138055865,-0.0393300755303299,0.3723921031415032,12.217,57.1
10522,1928-10-25 00:00:00,0.1516689396051361,-0.0544431717022801,0.3577810509125523,12.217,57.1
10523,1928-10-26 00:00:00,0.140812991945938,-0.0657241417564953,0.3473501256483713,12.217,57.1
10524,1928-10-27 00:00:00,0.1959695678912063,-0.0098690201273081,0.4018081559097207,12.217,57.1
10525,1928-10-28 00:00:00,0.0885663976515206,-0.1169598319610686,0.2940926272641099,12.217,57.1
10526,1928-10-29 00:00:00,0.1080273717300735,-0.0977013722232126,0.3137561156833597,12.217,57.1
10527,1928-10-30 00:00:00,0.2158273097416761,0.0099073823539692,0.421747237129383,12.217,57.1
10528,1928-10-31 00:00:00,0.2380489763553068,0.0318590452183252,0.4442389074922883,12.217,57.1
10529,1928-11-01 00:00:00,0.1044920612822152,-0.1013450101369111,0.3103291327013416,12.217,57.1
10530,1928-11-02 00:00:00,-0.0573527358042453,-0.2634962940555054,0.1487908224470147,12.217,57.1
10531,1928-11-03 00:00:00,0.04549971566732,-0.162944131391193,0.2539435627258332,12.217,57.1
10532,1928-11-04 00:00:00,0.0544860911953752,-0.1531308081216383,0.2621029905123888,12.217,57.1
10533,1928-11-05 00:00:00,-0.0750829878573358,-0.2810062176911382,0.1308402419764665,12.217,57.1
10534,1928-11-06 00:00:00,0.0166533273239995,-0.1901074269205067,0.2234140815685059,12.217,57.1
10535,1928-11-07 00:00:00,-0.0083864299799576,-0.2150725325869827,0.1982996726270674,12.217,57.1
10536,1928-11-08 00:00:00,0.0052732099865947,-0.2002503278478036,0.2107967478209931,12.217,57.1
10537,1928-11-09 00:00:00,-0.0332146983787295,-0.2387236167583284,0.1722942200008692,12.217,57.1
10538,1928-11-10 00:00:00,0.0003817300525969,-0.2053668121247512,0.2061302722299451,12.217,57.1
10539,1928-11-11 00:00:00,0.1181365970524301,-0.0876044677134223,0.3238776618182826,12.217,57.1
10540,1928-11-12 00:00:00,0.1190646732582594,-0.0866281682643446,0.3247575147808636,12.217,57.1
10541,1928-11-13 00:00:00,0.1684216777082094,-0.0374844802028511,0.3743278356192701,12.217,57.1
10542,1928-11-14 00:00:00,0.2102757864864046,0.0040005653504434,0.4165510076223658,12.217,57.1
10543,1928-11-15 00:00:00,0.1512814284003677,-0.0543933652383635,0.3569562220390989,12.217,57.1
10544,1928-11-16 00:00:00,0.2701787843787182,0.0641752487219719,0.4761823200354644,12.217,57.1
10545,1928-11-17 00:00:00,0.3061852483451101,0.0994273021122628,0.5129431945779572,12.217,57.1
10546,1928-11-18 00:00:00,0.4174947361353255,0.2102976998231687,0.6246917724474824,12.217,57.1
10547,1928-11-19 00:00:00,0.2528074392117941,0.046428045403184,0.4591868330204043,12.217,57.1
10548,1928-11-20 00:00:00,0.1446443383306872,-0.0614591290202561,0.3507478056816306,12.217,57.1
10549,1928-11-21 00:00:00,0.1054333165075152,-0.1010288657442443,0.3118954987592748,12.217,57.1
10550,1928-11-22 00:00:00,0.0944378377072738,-0.1113884356625705,0.3002641110771181,12.217,57.1
10551,1928-11-23 00:00:00,0.2819496937781399,0.0756630446073663,0.4882363429489134,12.217,57.1
10552,1928-11-24 00:00:00,0.4029763579416431,0.1968188484078027,0.6091338674754836,12.217,57.1
10553,1928-11-25 00:00:00,0.426353846850444,0.2167847982468272,0.6359228954540608,12.217,57.1
10554,1928-11-26 00:00:00,0.4526649855608007,0.2448688872586967,0.6604610838629047,12.217,57.1
10555,1928-11-27 00:00:00,0.1880025530674652,-0.0182996308655101,0.3943047370004405,12.217,57.1
10556,1928-11-28 00:00:00,0.0551234601961616,-0.1509083829375025,0.2611553033298257,12.217,57.1
10557,1928-11-29 00:00:00,-0.0129302441625193,-0.2189147341871696,0.1930542458621309,12.217,57.1
10558,1928-11-30 00:00:00,-0.0107604695879081,-0.2164030117716033,0.194882072595787,12.217,57.1
10559,1928-12-01 00:00:00,0.0202375904625342,-0.1871194359832,0.2275946169082685,12.217,57.1
10560,1928-12-02 00:00:00,-0.0173317590227354,-0.2228752776779891,0.1882117596325183,12.217,57.1
10561,1928-12-03 00:00:00,-0.0386469583645707,-0.2442195594764064,0.1669256427472649,12.217,57.1
10562,1928-12-04 00:00:00,0.0098833827628428,-0.1956059641806364,0.2153727297063222,12.217,57.1
10563,1928-12-05 00:00:00,0.0618245559512997,-0.1438367960253723,0.2674859079279718,12.217,57.1
10564,1928-12-06 00:00:00,0.2430010946683862,0.0365435984791181,0.4494585908576544,12.217,57.1
10565,1928-12-07 00:00:00,0.2022958108360318,-0.0050902377881107,0.4096818594601745,12.217,57.1
10566,1928-12-08 00:00:00,0.3165727612336028,0.1076589142315416,0.525486608235664,12.217,57.1
10567,1928-12-09 00:00:00,0.1845901981832522,-0.0217292660498213,0.3909096624163258,12.217,57.1
10568,1928-12-10 00:00:00,0.0862762530008713,-0.1195266832774427,0.2920791892791853,12.217,57.1
10569,1928-12-11 00:00:00,0.0897148459670591,-0.1158776757406342,0.2953073676747525,12.217,57.1
10570,1928-12-12 00:00:00,-0.0602752172142074,-0.2665190166545169,0.1459685822261019,12.217,57.1
10571,1928-12-13 00:00:00,-0.086133295482072,-0.2924830331805362,0.1202164422163921,12.217,57.1
10572,1928-12-14 00:00:00,-0.0606945394603515,-0.2672370602314006,0.1458479813106976,12.217,57.1
10573,1928-12-15 00:00:00,-0.1376447168320279,-0.344534080452491,0.0692446467884352,12.217,57.1
10574,1928-12-16 00:00:00,-0.1326002771950291,-0.3389485676086984,0.0737480132186402,12.217,57.1
10575,1928-12-17 00:00:00,-0.0356841131324899,-0.2414738187977778,0.170105592532798,12.217,57.1
10576,1928-12-18 00:00:00,-0.0394727111676718,-0.2452126478451116,0.1662672255097678,12.217,57.1
10577,1928-12-19 00:00:00,-0.0643878000148625,-0.2701742191029976,0.1413986190732724,12.217,57.1
10578,1928-12-20 00:00:00,0.0285177396790466,-0.1772153173419934,0.2342507967000866,12.217,57.1
10579,1928-12-21 00:00:00,0.0891041206592562,-0.1166148475922749,0.2948230889107875,12.217,57.1
10580,1928-12-22 00:00:00,0.0192932747704486,-0.1863643128975388,0.2249508624384362,12.217,57.1
10581,1928-12-23 00:00:00,0.0854389794246321,-0.1202982154372131,0.2911761742864773,12.217,57.1
10582,1928-12-24 00:00:00,0.0832577581910822,-0.1227797784863571,0.2892952948685215,12.217,57.1
10583,1928-12-25 00:00:00,0.2244651492901355,0.0161807623236702,0.4327495362566008,12.217,57.1
10584,1928-12-26 00:00:00,0.312241093435923,0.1034169161022769,0.5210652707695691,12.217,57.1
10585,1928-12-27 00:00:00,0.4325871061725653,0.2223776143007505,0.6427965980443802,12.217,57.1
10586,1928-12-28 00:00:00,0.289019705384438,0.0831206801364151,0.4949187306324609,12.217,57.1
10587,1928-12-29 00:00:00,0.0517589071820108,-0.1541728065460601,0.2576906209100819,12.217,57.1
10588,1928-12-30 00:00:00,0.0762999193512388,-0.1293984588131548,0.2819982975156324,12.217,57.1
10589,1928-12-31 00:00:00,-0.0122482871305127,-0.2180826584551746,0.1935860841941492,12.217,57.1
10590,1929-01-01 00:00:00,0.0232859759899006,-0.1832155573359121,0.2297875093157134,12.217,57.1
10591,1929-01-02 00:00:00,-0.1170067090412886,-0.3235696526069342,0.0895562345243569,12.217,57.1
10592,1929-01-03 00:00:00,-0.1257575283791628,-0.3321834413290114,0.0806683845706857,12.217,57.1
10593,1929-01-04 00:00:00,-0.1149985432457823,-0.3207128513459036,0.0907157648543389,12.217,57.1
10594,1929-01-05 00:00:00,-0.0815023392031823,-0.2870057162939348,0.1240010378875701,12.217,57.1
10595,1929-01-06 00:00:00,-0.0752419407437188,-0.280729173569941,0.1302452920825033,12.217,57.1
10596,1929-01-07 00:00:00,-0.1175223645013975,-0.3232595268265092,0.0882147978237141,12.217,57.1
10597,1929-01-08 00:00:00,-0.1184870578622798,-0.3242741235554625,0.0873000078309027,12.217,57.1
10598,1929-01-09 00:00:00,-0.181677713716175,-0.387520873003721,0.0241654455713708,12.217,57.1
10599,1929-01-10 00:00:00,-0.0144365370081204,-0.2206314836529777,0.1917584096367368,12.217,57.1
10600,1929-01-11 00:00:00,-0.0265780099107561,-0.2326435101311807,0.1794874903096684,12.217,57.1
10601,1929-01-12 00:00:00,-0.0068341657269074,-0.2124437923750756,0.1987754609212607,12.217,57.1
10602,1929-01-13 00:00:00,-0.0424906553927107,-0.2497195380008159,0.1647382272153944,12.217,57.1
10603,1929-01-14 00:00:00,0.1024633448051271,-0.105878040466758,0.3108047300770123,12.217,57.1
10604,1929-01-15 00:00:00,0.0802494942400719,-0.1286659939392028,0.2891649824193468,12.217,57.1
10605,1929-01-16 00:00:00,-0.0104132045069646,-0.2246103935149671,0.2037839845010377,12.217,57.1
10606,1929-01-17 00:00:00,-0.0457652307565755,-0.2672158924843237,0.1756854309711726,12.217,57.1
10607,1929-01-18 00:00:00,-0.1094857880287184,-0.3186057166935221,0.0996341406360852,12.217,57.1
10608,1929-01-19 00:00:00,0.1452100390827236,-0.0614901738083963,0.3519102519738437,12.217,57.1
10609,1929-01-20 00:00:00,-0.0011364566288984,-0.2085096396071014,0.2062367263493046,12.217,57.1
10610,1929-01-21 00:00:00,0.035442132392227,-0.1708214277874262,0.2417056925718804,12.217,57.1
10611,1929-01-22 00:00:00,0.0310566120137448,-0.17483352691875,0.2369467509462397,12.217,57.1
10612,1929-01-23 00:00:00,-0.0228648166713915,-0.2285347788749426,0.1828051455321594,12.217,57.1
10613,1929-01-24 00:00:00,-0.0645079982508768,-0.2701673244523521,0.1411513279505984,12.217,57.1
10614,1929-01-25 00:00:00,-0.0692090527615371,-0.2750002315877324,0.1365821260646582,12.217,57.1
10615,1929-01-26 00:00:00,-0.0281395258197604,-0.2337558221054178,0.1774767704658968,12.217,57.1
10616,1929-01-27 00:00:00,-0.0629440179211474,-0.2684350915233933,0.1425470556810984,12.217,57.1
10617,1929-01-28 00:00:00,-0.046774998951871,-0.2523660113678239,0.1588160134640818,12.217,57.1
10618,1929-01-29 00:00:00,-0.034152541439986,-0.2402538287707756,0.1719487458908035,12.217,57.1
10619,1929-01-30 00:00:00,-0.0128571334078717,-0.2187614984794825,0.193047231663739,12.217,57.1
10620,1929-01-31 00:00:00,0.0279275967547046,-0.1782216274683098,0.234076820977719,12.217,57.1
10621,1929-02-01 00:00:00,-0.0042774354372487,-0.210522600427282,0.2019677295527844,12.217,57.1
10622,1929-02-02 00:00:00,0.0828581619518822,-0.1234191705063486,0.289135494410113,12.217,57.1
10623,1929-02-03 00:00:00,0.0884313015082779,-0.1181720875683216,0.2950346905848776,12.217,57.1
10624,1929-02-04 00:00:00,0.0268880875378769,-0.1791887914981439,0.2329649665738977,12.217,57.1
10625,1929-02-05 00:00:00,0.0096208588575836,-0.1961774418397253,0.2154191595548927,12.217,57.1
10626,1929-02-06 00:00:00,-0.0644066521545527,-0.2701276110596712,0.1413143067505658,12.217,57.1
10627,1929-02-07 00:00:00,-0.0482531567543056,-0.2539266940526843,0.157420380544073,12.217,57.1
10628,1929-02-08 00:00:00,-0.0272872436328842,-0.2329986987886867,0.1784242115229182,12.217,57.1
10629,1929-02-09 00:00:00,-0.0052122324705116,-0.2109986180832039,0.2005741531421807,12.217,57.1
10630,1929-02-10 00:00:00,0.0191981405993105,-0.1867940758250567,0.2251903570236777,12.217,57.1
10631,1929-02-11 00:00:00,-0.0433818931904208,-0.2497707760051955,0.1630069896243538,12.217,57.1
10632,1929-02-12 00:00:00,-0.1649552532407206,-0.371144032244891,0.0412335257634496,12.217,57.1
10633,1929-02-13 00:00:00,-0.1449819095919478,-0.3507652240742938,0.0608014048903981,12.217,57.1
10634,1929-02-14 00:00:00,-0.0829259231063793,-0.2888552959691134,0.1230034497563547,12.217,57.1
10635,1929-02-15 00:00:00,-0.1010141345695296,-0.3081387591539013,0.106110490014842,12.217,57.1
10636,1929-02-16 00:00:00,-0.0058062048560071,-0.2137734128611997,0.2021610031491854,12.217,57.1
10637,1929-02-17 00:00:00,-0.1620870494208005,-0.3689865366014715,0.0448124377598705,12.217,57.1
10638,1929-02-18 00:00:00,-0.1788641338895138,-0.3856138388879506,0.0278855711089229,12.217,57.1
10639,1929-02-19 00:00:00,-0.1002871633882942,-0.3063900928951231,0.1058157661185346,12.217,57.1
10640,1929-02-20 00:00:00,-0.1159588818402765,-0.3215829740617424,0.0896652103811894,12.217,57.1
10641,1929-02-21 00:00:00,-0.0744464111621786,-0.2801474694070129,0.1312546470826556,12.217,57.1
10642,1929-02-22 00:00:00,-0.0024174859076607,-0.2083788405006493,0.2035438686853277,12.217,57.1
10643,1929-02-23 00:00:00,0.0895673943828528,-0.1164670078380663,0.2956017966037721,12.217,57.1
10644,1929-02-24 00:00:00,-0.0637690190718188,-0.2699975088846109,0.1424594707409731,12.217,57.1
10645,1929-02-25 00:00:00,-0.105500293901055,-0.31170776854085,0.1007071807387399,12.217,57.1
10646,1929-02-26 00:00:00,-0.0574159219048729,-0.2633380145182933,0.1485061707085474,12.217,57.1
10647,1929-02-27 00:00:00,-0.0954126043098783,-0.3010702778124511,0.1102450691926944,12.217,57.1
10648,1929-02-28 00:00:00,-0.1258550473347792,-0.3314110564187323,0.0797009617491739,12.217,57.1
10649,1929-03-01 00:00:00,-0.1422487165741618,-0.3478417543508161,0.0633443212024924,12.217,57.1
10650,1929-03-02 00:00:00,-0.0790349963784431,-0.2847176325241112,0.1266476397672249,12.217,57.1
10651,1929-03-03 00:00:00,0.1105171061789952,-0.0955391748223084,0.3165733871802988,12.217,57.1
10652,1929-03-04 00:00:00,0.0172198928865618,-0.1890756935104202,0.2235154792835439,12.217,57.1
10653,1929-03-05 00:00:00,0.0184609386684118,-0.1871864800896758,0.2241083574264996,12.217,57.1
10654,1929-03-06 00:00:00,0.0970267523718035,-0.1087797470487982,0.3028332517924053,12.217,57.1
10655,1929-03-07 00:00:00,0.0403596528500451,-0.1659577753739212,0.2466770810740116,12.217,57.1
10656,1929-03-08 00:00:00,0.011408994691429,-0.1946671306269082,0.2174851200097664,12.217,57.1
10657,1929-03-09 00:00:00,0.140188718506469,-0.0660258808282492,0.3464033178411873,12.217,57.1
10658,1929-03-10 00:00:00,0.0333350290350458,-0.1725671790780246,0.2392372371481163,12.217,57.1
10659,1929-03-11 00:00:00,0.0542427961471265,-0.1514185494574343,0.2599041417516874,12.217,57.1
10660,1929-03-12 00:00:00,0.0319768782018362,-0.1736659975379485,0.237619753941621,12.217,57.1
10661,1929-03-13 00:00:00,0.0284267657760923,-0.1773053551717451,0.2341588867239298,12.217,57.1
10662,1929-03-14 00:00:00,0.0016741701348217,-0.2040637594518598,0.2074120997215034,12.217,57.1
10663,1929-03-15 00:00:00,-0.0172391946920007,-0.2230581385341846,0.1885797491501831,12.217,57.1
10664,1929-03-16 00:00:00,-0.038587095702362,-0.2443702932367391,0.167196101832015,12.217,57.1
10665,1929-03-17 00:00:00,0.0032816422748379,-0.2023955250613061,0.208958809610982,12.217,57.1
10666,1929-03-18 00:00:00,-0.0088006261889842,-0.2143664476909011,0.1967651953129326,12.217,57.1
10667,1929-03-19 00:00:00,-0.0349457663947401,-0.2404057353370003,0.17051420254752,12.217,57.1
10668,1929-03-20 00:00:00,-0.0086542262736755,-0.2141561710907534,0.1968477185434023,12.217,57.1
10669,1929-03-21 00:00:00,0.0220634338011225,-0.1833927950128261,0.2275196626150712,12.217,57.1
10670,1929-03-22 00:00:00,0.0498841217316274,-0.1556400208695488,0.2554082643328037,12.217,57.1
10671,1929-03-23 00:00:00,0.0911495362367456,-0.1143934534052802,0.2966925258787715,12.217,57.1
10672,1929-03-24 00:00:00,0.0816871819639712,-0.1238164321492675,0.28719079607721,12.217,57.1
10673,1929-03-25 00:00:00,0.0900830978975598,-0.115453894747527,0.2956200905426467,12.217,57.1
10674,1929-03-26 00:00:00,0.0500722931810932,-0.1554279475912424,0.255572533953429,12.217,57.1
10675,1929-03-27 00:00:00,0.0379164067642251,-0.1676098181491177,0.243442631677568,12.217,57.1
10676,1929-03-28 00:00:00,-0.013581097496357,-0.2190666430405413,0.1919044480478273,12.217,57.1
10677,1929-03-29 00:00:00,-0.032823572589894,-0.2392197146048911,0.173572569425103,12.217,57.1
10678,1929-03-30 00:00:00,-0.0114324497477633,-0.21736644659617,0.1945015471006433,12.217,57.1
10679,1929-03-31 00:00:00,0.0490925381354474,-0.1564939464660598,0.2546790227369548,12.217,57.1
10680,1929-04-01 00:00:00,0.2419109944119643,0.0359810032091785,0.44784098561475,12.217,57.1
10681,1929-04-02 00:00:00,0.1361383390121069,-0.0701252672300885,0.3424019452543024,12.217,57.1
10682,1929-04-03 00:00:00,0.0706892012600906,-0.1355026495336008,0.2768810520537821,12.217,57.1
10683,1929-04-04 00:00:00,-0.0173292410148153,-0.223369906310962,0.1887114242813314,12.217,57.1
10684,1929-04-05 00:00:00,0.0333676003299208,-0.1721036604908761,0.2388388611507177,12.217,57.1
10685,1929-04-06 00:00:00,0.0366057094746604,-0.168961533261834,0.2421729522111549,12.217,57.1
10686,1929-04-07 00:00:00,0.0510214351514408,-0.1547807776440952,0.256823647946977,12.217,57.1
10687,1929-04-08 00:00:00,0.0455736992125787,-0.1602348877593287,0.2513822861844862,12.217,57.1
10688,1929-04-09 00:00:00,0.0378326181738685,-0.1676601262631948,0.2433253626109319,12.217,57.1
10689,1929-04-10 00:00:00,0.1117058622348934,-0.0940103456068273,0.3174220700766142,12.217,57.1
10690,1929-04-11 00:00:00,-0.0955887830489958,-0.3013118587979476,0.1101342926999559,12.217,57.1
10691,1929-04-12 00:00:00,-0.0707178552417308,-0.2764269608805292,0.1349912503970675,12.217,57.1
10692,1929-04-13 00:00:00,-0.0569841700208036,-0.262610622315252,0.1486422822736447,12.217,57.1
10693,1929-04-14 00:00:00,-0.0134251863864237,-0.2190974497585145,0.1922470769856671,12.217,57.1
10694,1929-04-15 00:00:00,0.0097305807971771,-0.1959296596179181,0.2153908212122724,12.217,57.1
10695,1929-04-16 00:00:00,-0.0540059248368632,-0.2603089341355856,0.152297084461859,12.217,57.1
10696,1929-04-17 00:00:00,-0.030600374030561,-0.2364690126063166,0.1752682645451945,12.217,57.1
10697,1929-04-18 00:00:00,0.0615458335911756,-0.1442600673962866,0.2673517345786379,12.217,57.1
10698,1929-04-19 00:00:00,0.3103462187280464,0.1043995378572036,0.5162928995988894,12.217,57.1
10699,1929-04-20 00:00:00,0.2840581592274669,0.0779783393564549,0.490137979098479,12.217,57.1
10700,1929-04-21 00:00:00,0.1879542673189612,-0.0181769379982821,0.3940854726362046,12.217,57.1
10701,1929-04-22 00:00:00,0.1307935038325237,-0.0755498251473873,0.3371368328124348,12.217,57.1
10702,1929-04-23 00:00:00,0.1428823444437028,-0.0629218468714982,0.3486865357589038,12.217,57.1
10703,1929-04-24 00:00:00,0.1587307075057052,-0.0472915277654032,0.3647529427768137,12.217,57.1
10704,1929-04-25 00:00:00,0.1745807193576108,-0.0312971298174883,0.38045856853271,12.217,57.1
10705,1929-04-26 00:00:00,0.1693231892696896,-0.0370429292896489,0.3756893078290282,12.217,57.1
10706,1929-04-27 00:00:00,0.1566321021666797,-0.0497656572113369,0.3630298615446964,12.217,57.1
10707,1929-04-28 00:00:00,0.0892152318818337,-0.1165863490633777,0.2950168128270453,12.217,57.1
10708,1929-04-29 00:00:00,0.0414914658541927,-0.1640889855822027,0.2470719172905881,12.217,57.1
10709,1929-04-30 00:00:00,-0.0171099670711414,-0.2230868661964226,0.1888669320541396,12.217,57.1
10710,1929-05-01 00:00:00,0.1814351691487338,-0.024799404653724,0.3876697429511918,12.217,57.1
10711,1929-05-02 00:00:00,0.0853291018224923,-0.121143861668064,0.2918020653130487,12.217,57.1
10712,1929-05-03 00:00:00,0.0770849397934462,-0.1290586856877844,0.2832285652746769,12.217,57.1
10713,1929-05-04 00:00:00,0.0402322420526387,-0.1653114907683755,0.245775974873653,12.217,57.1
10714,1929-05-05 00:00:00,0.0150229799055358,-0.1905878602916038,0.2206338201026755,12.217,57.1
10715,1929-05-06 00:00:00,0.2342897120520186,0.0281728401753078,0.4404065839287294,12.217,57.1
10716,1929-05-07 00:00:00,0.1503808765853267,-0.0554935546864577,0.3562553078571112,12.217,57.1
10717,1929-05-08 00:00:00,0.0996344406233191,-0.1060543358296179,0.3053232170762562,12.217,57.1
10718,1929-05-09 00:00:00,0.0950749252541828,-0.1108558071433965,0.3010056576517623,12.217,57.1
10719,1929-05-10 00:00:00,0.0013002565115782,-0.2044222347890831,0.2070227478122396,12.217,57.1
10720,1929-05-11 00:00:00,0.0926922943610211,-0.1128426002061164,0.2982271889281586,12.217,57.1
10721,1929-05-12 00:00:00,0.0814043350237043,-0.1245958127530139,0.2874044828004226,12.217,57.1
10722,1929-05-13 00:00:00,0.0761327911199118,-0.1295254865166778,0.2817910687565014,12.217,57.1
10723,1929-05-14 00:00:00,0.0475877768487451,-0.1583587229433249,0.2535342766408153,12.217,57.1
10724,1929-05-15 00:00:00,0.1064139052098493,-0.0992925883440681,0.3121203987637667,12.217,57.1
10725,1929-05-16 00:00:00,0.0665304506987317,-0.1392212073863652,0.2722821087838286,12.217,57.1
10726,1929-05-17 00:00:00,-0.0408173354502879,-0.246431428007686,0.1647967571071101,12.217,57.1
10727,1929-05-18 00:00:00,-0.0722371177905129,-0.2782068388446055,0.1337326032635795,12.217,57.1
10728,1929-05-19 00:00:00,-0.1105033571141302,-0.3168527486240116,0.0958460343957511,12.217,57.1
10729,1929-05-20 00:00:00,-0.0095488267597581,-0.2158396857732359,0.1967420322537195,12.217,57.1
10730,1929-05-21 00:00:00,0.0285896691029603,-0.1769208312071283,0.2341001694130491,12.217,57.1
10731,1929-05-22 00:00:00,0.0388391411223162,-0.1667188444510752,0.2443971266957078,12.217,57.1
10732,1929-05-23 00:00:00,0.019520313296564,-0.1860156434928641,0.2250562700859922,12.217,57.1
10733,1929-05-24 00:00:00,-0.0538543731221968,-0.2594902056840874,0.1517814594396936,12.217,57.1
10734,1929-05-25 00:00:00,-0.0259199406176384,-0.2315679653234224,0.1797280840881455,12.217,57.1
10735,1929-05-26 00:00:00,-0.0124645618315129,-0.2179950141306447,0.1930658904676188,12.217,57.1
10736,1929-05-27 00:00:00,-0.0090128073944675,-0.2144877204834211,0.196462105694486,12.217,57.1
10737,1929-05-28 00:00:00,-0.036880508165985,-0.2425048686321304,0.1687438523001603,12.217,57.1
10738,1929-05-29 00:00:00,-0.0161445603369135,-0.2216985515219563,0.1894094308481291,12.217,57.1
10739,1929-05-30 00:00:00,-0.0248651423746824,-0.2304723825890639,0.1807420978396989,12.217,57.1
10740,1929-05-31 00:00:00,0.0139869821512173,-0.1914562195176836,0.2194301838201184,12.217,57.1
10741,1929-06-01 00:00:00,0.0265480378062505,-0.1790891764147152,0.2321852520272163,12.217,57.1
10742,1929-06-02 00:00:00,0.0419736588787164,-0.163566734159847,0.2475140519172799,12.217,57.1
10743,1929-06-03 00:00:00,0.1489661824435726,-0.0565335189657737,0.354465883852919,12.217,57.1
10744,1929-06-04 00:00:00,0.1738714815721824,-0.0316518466445985,0.3793948097889634,12.217,57.1
10745,1929-06-05 00:00:00,0.1730811289444379,-0.0326188541278487,0.3787811120167246,12.217,57.1
10746,1929-06-06 00:00:00,0.216573839670719,0.0107250383798501,0.4224226409615879,12.217,57.1
10747,1929-06-07 00:00:00,0.1660620590398062,-0.0396630125380493,0.3717871306176619,12.217,57.1
10748,1929-06-08 00:00:00,0.142045638527991,-0.0641485563720818,0.3482398334280638,12.217,57.1
10749,1929-06-09 00:00:00,0.0735702344830261,-0.132372728395661,0.2795131973617133,12.217,57.1
10750,1929-06-10 00:00:00,0.0719776915135554,-0.1336278731648814,0.2775832561919923,12.217,57.1
10751,1929-06-11 00:00:00,0.0590884458894195,-0.1465344877215684,0.2647113795004075,12.217,57.1
10752,1929-06-12 00:00:00,-0.003635415463537,-0.2093838238505844,0.2021129929235103,12.217,57.1
10753,1929-06-13 00:00:00,0.004539967574748,-0.2010830204472676,0.2101629555967638,12.217,57.1
10754,1929-06-14 00:00:00,0.114979410119896,-0.0907050641565742,0.3206638843963663,12.217,57.1
10755,1929-06-15 00:00:00,0.0477676758417305,-0.1579564247547932,0.2534917764382544,12.217,57.1
10756,1929-06-16 00:00:00,0.0819925974668932,-0.1237989080568148,0.2877841029906013,12.217,57.1
10757,1929-06-17 00:00:00,0.0775963829935588,-0.1282385363701843,0.2834313023573019,12.217,57.1
10758,1929-06-18 00:00:00,0.0671794737410665,-0.1388234838112294,0.2731824312933625,12.217,57.1
10759,1929-06-19 00:00:00,-0.000457375434748,-0.2060465962427786,0.2051318453732824,12.217,57.1
10760,1929-06-20 00:00:00,0.0149889800541933,-0.1906165092664805,0.2205944693748672,12.217,57.1
10761,1929-06-21 00:00:00,0.0201705451999755,-0.18546377732829,0.2258048677282411,12.217,57.1
10762,1929-06-22 00:00:00,0.1095248099753492,-0.0961039448130258,0.3151535647637243,12.217,57.1
10763,1929-06-23 00:00:00,0.147268383502272,-0.0584505356456626,0.3529873026502066,12.217,57.1
10764,1929-06-24 00:00:00,0.2052594549871341,-0.0008458123385974,0.4113647223128658,12.217,57.1
10765,1929-06-25 00:00:00,0.2213757069792665,0.0124269735333868,0.4303244404251461,12.217,57.1
10766,1929-06-26 00:00:00,-0.0130825233407266,-0.2199695208090552,0.1938044741276019,12.217,57.1
10767,1929-06-27 00:00:00,0.0065386413672856,-0.1990095308402852,0.2120868135748565,12.217,57.1
10768,1929-06-28 00:00:00,-0.0011060832716633,-0.2064975940858346,0.2042854275425079,12.217,57.1
10769,1929-06-29 00:00:00,0.0367967240028099,-0.1686686007348683,0.2422620487404882,12.217,57.1
10770,1929-06-30 00:00:00,0.0525637043709151,-0.152913418304852,0.2580408270466823,12.217,57.1
10771,1929-07-01 00:00:00,0.1088238835527881,-0.0966478616835935,0.3142956287891698,12.217,57.1
10772,1929-07-02 00:00:00,0.0909395984612357,-0.1146004810819591,0.2964796780044306,12.217,57.1
10773,1929-07-03 00:00:00,0.0717950680669713,-0.1336909137285986,0.2772810498625412,12.217,57.1
10774,1929-07-04 00:00:00,0.0694752791489415,-0.1360285557887589,0.274979114086642,12.217,57.1
10775,1929-07-05 00:00:00,0.0334757509974728,-0.1720360854776733,0.238987587472619,12.217,57.1
10776,1929-07-06 00:00:00,0.1498198580074582,-0.0560525936889061,0.3556923097038226,12.217,57.1
10777,1929-07-07 00:00:00,0.0999647894386289,-0.1056271047963377,0.3055566836735957,12.217,57.1
10778,1929-07-08 00:00:00,0.0297848161343823,-0.1758037403640489,0.2353733726328136,12.217,57.1
10779,1929-07-09 00:00:00,0.2102636832256805,0.0023815370792258,0.4181458293721352,12.217,57.1
10780,1929-07-10 00:00:00,0.2452887963703766,0.0381043078576666,0.4524732848830866,12.217,57.1
10781,1929-07-11 00:00:00,0.1122234895710053,-0.0933733200636936,0.3178202992057044,12.217,57.1
10782,1929-07-12 00:00:00,0.0629068242552481,-0.1428336983800761,0.2686473468905724,12.217,57.1
10783,1929-07-13 00:00:00,0.0411894265239234,-0.1644407502936007,0.2468196033414475,12.217,57.1
10784,1929-07-14 00:00:00,0.0236989335224808,-0.1819739605403974,0.2293718275853592,12.217,57.1
10785,1929-07-15 00:00:00,0.0112205253775878,-0.1943460129763576,0.2167870637315333,12.217,57.1
10786,1929-07-16 00:00:00,0.0189122315061024,-0.1865647946238665,0.2243892576360713,12.217,57.1
10787,1929-07-17 00:00:00,0.0221050990852497,-0.1833396727115287,0.2275498708820282,12.217,57.1
10788,1929-07-18 00:00:00,0.013727397883612,-0.1917733400151801,0.2192281357824043,12.217,57.1
10789,1929-07-19 00:00:00,0.043482120671982,-0.1619477349042954,0.2489119762482595,12.217,57.1
10790,1929-07-20 00:00:00,0.0180788659115024,-0.1874418035007412,0.2235995353237461,12.217,57.1
10791,1929-07-21 00:00:00,0.0484762511116571,-0.1570652200003216,0.254017722223636,12.217,57.1
10792,1929-07-22 00:00:00,0.0783267163562206,-0.1272293646693121,0.2838827973817535,12.217,57.1
10793,1929-07-23 00:00:00,0.0939145956204663,-0.1117685948784155,0.2995977861193481,12.217,57.1
10794,1929-07-24 00:00:00,0.1969745678112439,-0.0092808957877872,0.4032300314102751,12.217,57.1
10795,1929-07-25 00:00:00,0.193634729678253,-0.0127196925007132,0.3999891518572193,12.217,57.1
10796,1929-07-26 00:00:00,0.1364779459503184,-0.069301651304876,0.342257543205513,12.217,57.1
10797,1929-07-27 00:00:00,0.0884125925506052,-0.1170933117366584,0.2939184968378689,12.217,57.1
10798,1929-07-28 00:00:00,0.0595293917396748,-0.1459962906848388,0.2650550741641885,12.217,57.1
10799,1929-07-29 00:00:00,0.0949872159906331,-0.1105709557276894,0.3005453877089557,12.217,57.1
10800,1929-07-30 00:00:00,0.1144015050873626,-0.0910768085092161,0.3198798186839414,12.217,57.1
10801,1929-07-31 00:00:00,0.1084237600810235,-0.0970306750056692,0.3138781951677163,12.217,57.1
10802,1929-08-01 00:00:00,0.1908667782020072,-0.0146677692438875,0.396401325647902,12.217,57.1
10803,1929-08-02 00:00:00,0.2372235007297378,0.0314604839613522,0.4429865174981235,12.217,57.1
10804,1929-08-03 00:00:00,0.3568404758302856,0.1498718681879004,0.5638090834726709,12.217,57.1
10805,1929-08-04 00:00:00,0.1312486045128328,-0.0754378000418054,0.3379350090674712,12.217,57.1
10806,1929-08-05 00:00:00,0.1143612656663734,-0.0917220044087664,0.3204445357415134,12.217,57.1
10807,1929-08-06 00:00:00,0.1449731876910845,-0.0617052263984536,0.3516516017806227,12.217,57.1
10808,1929-08-07 00:00:00,0.1260000715758373,-0.0804458855892004,0.332446028740875,12.217,57.1
10809,1929-08-08 00:00:00,0.1094548901932375,-0.0965085490530202,0.3154183294394954,12.217,57.1
10810,1929-08-09 00:00:00,0.0308664641671533,-0.1748913290818627,0.2366242574161694,12.217,57.1
10811,1929-08-10 00:00:00,0.0512652262294918,-0.1542379671132731,0.2567684195722568,12.217,57.1
10812,1929-08-11 00:00:00,0.0609334320466393,-0.144561465069202,0.2664283291624807,12.217,57.1
10813,1929-08-12 00:00:00,0.0942510509132683,-0.1114114068295691,0.2999135086561058,12.217,57.1
10814,1929-08-13 00:00:00,0.0973179057354892,-0.1084825695190676,0.303118380990046,12.217,57.1
10815,1929-08-14 00:00:00,0.0672814315593009,-0.1382465442293282,0.2728094073479301,12.217,57.1
10816,1929-08-15 00:00:00,0.0869830905368403,-0.1186288805102327,0.2925950615839134,12.217,57.1
10817,1929-08-16 00:00:00,0.0813820875275564,-0.124329382106456,0.287093557161569,12.217,57.1
10818,1929-08-17 00:00:00,0.0239059526419322,-0.1817398412080919,0.2295517464919564,12.217,57.1
10819,1929-08-18 00:00:00,0.1267967292789657,-0.0792971438324537,0.3328906023903852,12.217,57.1
10820,1929-08-19 00:00:00,0.1213290337954554,-0.0844965068299131,0.3271545744208241,12.217,57.1
10821,1929-08-20 00:00:00,0.0763479976226385,-0.1292575413396778,0.2819535365849549,12.217,57.1
10822,1929-08-21 00:00:00,0.0132456438698555,-0.1922910695083306,0.2187823572480417,12.217,57.1
10823,1929-08-22 00:00:00,0.0332963108765514,-0.1721608195420436,0.2387534412951465,12.217,57.1
10824,1929-08-23 00:00:00,0.0897126206114102,-0.1158158599329191,0.2952411011557395,12.217,57.1
10825,1929-08-24 00:00:00,0.0668249858800154,-0.1390540948928864,0.2727040666529173,12.217,57.1
10826,1929-08-25 00:00:00,0.2032420733320786,-0.0029637276799902,0.4094478743441476,12.217,57.1
10827,1929-08-26 00:00:00,0.2021243138658679,-0.0037220496520445,0.4079706773837803,12.217,57.1
10828,1929-08-27 00:00:00,0.0482382558010225,-0.1575548102662316,0.2540313218682767,12.217,57.1
10829,1929-08-28 00:00:00,0.0528331575791795,-0.1527796260936158,0.2584459412519749,12.217,57.1
10830,1929-08-29 00:00:00,0.122667183319299,-0.082976267879495,0.3283106345180931,12.217,57.1
10831,1929-08-30 00:00:00,0.1257873515883739,-0.0799621082302269,0.3315368114069748,12.217,57.1
10832,1929-08-31 00:00:00,0.0739072909882277,-0.1317929426026369,0.2796075245790922,12.217,57.1
10833,1929-09-01 00:00:00,0.0437126261466361,-0.161825957005687,0.2492512092989592,12.217,57.1
10834,1929-09-02 00:00:00,0.0492399860108402,-0.1567736893043606,0.2552536613260412,12.217,57.1
10835,1929-09-03 00:00:00,0.1053517597924542,-0.1004196148158168,0.3111231344007253,12.217,57.1
10836,1929-09-04 00:00:00,0.0293030035233528,-0.1762714896040891,0.2348774966507949,12.217,57.1
10837,1929-09-05 00:00:00,0.0531717356020013,-0.1522847313622155,0.2586282025662182,12.217,57.1
10838,1929-09-06 00:00:00,0.0400204786324533,-0.1654981881129236,0.2455391453778304,12.217,57.1
10839,1929-09-07 00:00:00,0.0921807972739357,-0.1136916825326632,0.2980532770805348,12.217,57.1
10840,1929-09-08 00:00:00,0.0602949928115921,-0.1462486842387962,0.2668386698619805,12.217,57.1
10841,1929-09-09 00:00:00,0.0968492441160022,-0.1088578641109859,0.3025563523429905,12.217,57.1
10842,1929-09-10 00:00:00,0.1782186441959714,-0.0277528323275266,0.3841901207194694,12.217,57.1
10843,1929-09-11 00:00:00,0.0352890313062934,-0.1704594069211023,0.2410374695336891,12.217,57.1
10844,1929-09-12 00:00:00,-0.0131532075027047,-0.2186276080866521,0.1923211930812426,12.217,57.1
10845,1929-09-13 00:00:00,0.0348022057008052,-0.1706685682875774,0.2402729796891879,12.217,57.1
10846,1929-09-14 00:00:00,0.0807018815299881,-0.1248028686687844,0.2862066317287607,12.217,57.1
10847,1929-09-15 00:00:00,0.0331775285719794,-0.1723304979401898,0.2386855550841487,12.217,57.1
10848,1929-09-16 00:00:00,-0.0099404495024661,-0.2154353803514813,0.1955544813465491,12.217,57.1
10849,1929-09-17 00:00:00,-0.0270458595076401,-0.2325427907864005,0.1784510717711202,12.217,57.1
10850,1929-09-18 00:00:00,-0.0060008275244652,-0.2115091500416739,0.1995074949927434,12.217,57.1
10851,1929-09-19 00:00:00,0.0782545437807416,-0.1273300502813047,0.283839137842788,12.217,57.1
10852,1929-09-20 00:00:00,0.1471479076013375,-0.0585778664776104,0.3528736816802855,12.217,57.1
10853,1929-09-21 00:00:00,0.3084663537417831,0.1023205379749612,0.514612169508605,12.217,57.1
10854,1929-09-22 00:00:00,0.2794171752980642,0.0724112476859886,0.4864231029101399,12.217,57.1
10855,1929-09-23 00:00:00,0.1109094985448605,-0.0951946171449324,0.3170136142346536,12.217,57.1
10856,1929-09-24 00:00:00,-0.0460408539862042,-0.251843166972765,0.1597614590003565,12.217,57.1
10857,1929-09-25 00:00:00,-0.0395269161885157,-0.2452477314679416,0.1661938990909101,12.217,57.1
10858,1929-09-26 00:00:00,-0.0564367054655264,-0.262005150054779,0.149131739123726,12.217,57.1
10859,1929-09-27 00:00:00,-0.0023380190911355,-0.2078317002320353,0.2031556620497642,12.217,57.1
10860,1929-09-28 00:00:00,0.0611869273791272,-0.1442649722743771,0.2666388270326317,12.217,57.1
10861,1929-09-29 00:00:00,0.0734033436792141,-0.132249444136944,0.2790561314953723,12.217,57.1
10862,1929-09-30 00:00:00,0.1731103351456534,-0.0326292770084275,0.3788499472997344,12.217,57.1
10863,1929-10-01 00:00:00,0.0999133603054215,-0.1058455329392809,0.3056722535501239,12.217,57.1
10864,1929-10-02 00:00:00,0.2173424938746596,0.0111456310185235,0.4235393567307958,12.217,57.1
10865,1929-10-03 00:00:00,0.3345282495618125,0.1261437781600743,0.5429127209635507,12.217,57.1
10866,1929-10-04 00:00:00,0.3666059288180676,0.1605018268423048,0.5727100307938304,12.217,57.1
10867,1929-10-05 00:00:00,0.2079568729668896,0.0020528321135062,0.413860913820273,12.217,57.1
10868,1929-10-06 00:00:00,0.1395353946924313,-0.0661051750877339,0.3451759644725966,12.217,57.1
10869,1929-10-07 00:00:00,0.2479027788000624,0.0387047443307226,0.4571008132694021,12.217,57.1
10870,1929-10-08 00:00:00,0.0431845897901628,-0.1687959973923346,0.2551651769726604,12.217,57.1
10871,1929-10-09 00:00:00,0.2456646647495897,0.0388700623697317,0.4524592671294476,12.217,57.1
10872,1929-10-10 00:00:00,0.1180422894939425,-0.0879050295932993,0.3239896085811844,12.217,57.1
10873,1929-10-11 00:00:00,0.1912677576052791,-0.0148524827857562,0.3973879979963144,12.217,57.1
10874,1929-10-12 00:00:00,0.4386945167498882,0.2321861249337957,0.6452029085659807,12.217,57.1
10875,1929-10-13 00:00:00,0.1699967261064245,-0.0363602152578949,0.376353667470744,12.217,57.1
10876,1929-10-14 00:00:00,0.1009275945968062,-0.1057421401313461,0.3075973293249586,12.217,57.1
10877,1929-10-15 00:00:00,0.3098964659410952,0.1034651877740863,0.5163277441081042,12.217,57.1
10878,1929-10-16 00:00:00,-0.0187163079814713,-0.2250205263844488,0.1875879104215061,12.217,57.1
10879,1929-10-17 00:00:00,0.129671820010625,-0.0761032564571968,0.3354468964784468,12.217,57.1
10880,1929-10-18 00:00:00,0.1765765511898719,-0.0294275902777488,0.3825806926574928,12.217,57.1
10881,1929-10-19 00:00:00,0.1808349591734908,-0.024920879634866,0.3865907979818478,12.217,57.1
10882,1929-10-20 00:00:00,0.0653777319394128,-0.1403815919970118,0.2711370558758375,12.217,57.1
10883,1929-10-21 00:00:00,0.0515506431065216,-0.1541838801870419,0.2572851664000852,12.217,57.1
10884,1929-10-22 00:00:00,0.0948082293760783,-0.1108881532575466,0.3005046120097032,12.217,57.1
10885,1929-10-23 00:00:00,0.2102263459539884,0.0043649147675239,0.4160877771404528,12.217,57.1
10886,1929-10-24 00:00:00,0.2349399903090032,0.0275222340925226,0.4423577465254839,12.217,57.1
10887,1929-10-25 00:00:00,0.3103347744838394,0.102387955930977,0.5182815930367018,12.217,57.1
10888,1929-10-26 00:00:00,0.2538126421742958,0.0458685098475137,0.4617567745010779,12.217,57.1
10889,1929-10-27 00:00:00,0.0954013270713062,-0.1111296240752939,0.3019322782179064,12.217,57.1
10890,1929-10-28 00:00:00,0.1288552261170952,-0.0780082826081597,0.3357187348423503,12.217,57.1
10891,1929-10-29 00:00:00,0.1897632108217431,-0.0165047130040982,0.3960311346475845,12.217,57.1
10892,1929-10-30 00:00:00,0.1898861812357921,-0.0170695782310531,0.3968419407026373,12.217,57.1
10893,1929-10-31 00:00:00,-0.0357351839313535,-0.2420448853161125,0.1705745174534054,12.217,57.1
10894,1929-11-01 00:00:00,-0.1468150214819353,-0.3526023128993992,0.0589722699355286,12.217,57.1
10895,1929-11-02 00:00:00,-0.0739699894967655,-0.2795782118518617,0.1316382328583307,12.217,57.1
10896,1929-11-03 00:00:00,0.0246171859368616,-0.1810197718397851,0.2302541437135083,12.217,57.1
10897,1929-11-04 00:00:00,0.1331122143362494,-0.07271029364724,0.3389347223197388,12.217,57.1
10898,1929-11-05 00:00:00,0.0982353730294938,-0.1076521339700313,0.304122880029019,12.217,57.1
10899,1929-11-06 00:00:00,0.2180719259420634,0.0111600199216699,0.4249838319624569,12.217,57.1
10900,1929-11-07 00:00:00,0.1386758024690446,-0.0675780147796834,0.3449296197177726,12.217,57.1
10901,1929-11-08 00:00:00,0.1169445739176452,-0.088717202781925,0.3226063506172156,12.217,57.1
10902,1929-11-09 00:00:00,0.2138912644060773,0.0078202149891544,0.4199623138230001,12.217,57.1
10903,1929-11-10 00:00:00,0.2300928294901753,0.0241432005765974,0.4360424584037533,12.217,57.1
10904,1929-11-11 00:00:00,0.1049828301608011,-0.1039138891383262,0.3138795494599286,12.217,57.1
10905,1929-11-12 00:00:00,0.212553809458963,0.0022820764019267,0.4228255425159994,12.217,57.1
10906,1929-11-13 00:00:00,0.431275769410032,0.2146799448998286,0.6478715939202355,12.217,57.1
10907,1929-11-14 00:00:00,0.2529297595889136,0.0464578637397112,0.459401655438116,12.217,57.1
10908,1929-11-15 00:00:00,0.0518315746252304,-0.15452044007467,0.2581835893251309,12.217,57.1
10909,1929-11-16 00:00:00,0.1621740987937187,-0.0460759491685003,0.3704241467559379,12.217,57.1
10910,1929-11-17 00:00:00,0.1554845215851508,-0.0505380830679643,0.361507126238266,12.217,57.1
10911,1929-11-18 00:00:00,0.0247576441448296,-0.180990110812867,0.2305053991025263,12.217,57.1
10912,1929-11-19 00:00:00,-0.0185788427604363,-0.2242126796625498,0.1870549941416772,12.217,57.1
10913,1929-11-20 00:00:00,0.1027683856783685,-0.1030302914065336,0.3085670627632707,12.217,57.1
10914,1929-11-21 00:00:00,0.1040638783810614,-0.1018982575114701,0.310026014273593,12.217,57.1
10915,1929-11-22 00:00:00,0.0916684595214098,-0.1140026614774258,0.2973395805202455,12.217,57.1
10916,1929-11-23 00:00:00,0.0581979476803532,-0.1476059151351304,0.2640018104958369,12.217,57.1
10917,1929-11-24 00:00:00,0.1247803903542949,-0.0808367755328913,0.3303975562414812,12.217,57.1
10918,1929-11-25 00:00:00,0.1218131833134819,-0.0837740251488347,0.3274003917757986,12.217,57.1
10919,1929-11-26 00:00:00,0.1287109061511277,-0.07712436788875,0.3345461801910055,12.217,57.1
10920,1929-11-27 00:00:00,0.1887007176657194,-0.0172950663102906,0.3946965016417295,12.217,57.1
10921,1929-11-28 00:00:00,0.112299682871707,-0.0933731155475013,0.3179724812909154,12.217,57.1
10922,1929-11-29 00:00:00,0.0913280415296954,-0.1144019790256743,0.2970580620850651,12.217,57.1
10923,1929-11-30 00:00:00,0.2079210548463496,0.0011701791455681,0.4146719305471312,12.217,57.1
10924,1929-12-01 00:00:00,0.1126099869883565,-0.0934818843237348,0.3187018583004478,12.217,57.1
10925,1929-12-02 00:00:00,0.1759176139931547,-0.0298898063016587,0.3817250342879681,12.217,57.1
10926,1929-12-03 00:00:00,0.1415421227484425,-0.0642416510980364,0.3473258965949214,12.217,57.1
10927,1929-12-04 00:00:00,0.1095065866438913,-0.09641677255205,0.3154299458398327,12.217,57.1
10928,1929-12-05 00:00:00,0.1878441971432237,-0.0184260385763655,0.394114432862813,12.217,57.1
10929,1929-12-06 00:00:00,0.1964149944464354,-0.010580631045761,0.403410619938632,12.217,57.1
10930,1929-12-07 00:00:00,0.2129876909170397,0.0069234154529538,0.4190519663811256,12.217,57.1
10931,1929-12-08 00:00:00,0.4076640201485749,0.1994690045308411,0.6158590357663087,12.217,57.1
10932,1929-12-09 00:00:00,0.3644516240359323,0.1540512899871309,0.5748519580847338,12.217,57.1
10933,1929-12-10 00:00:00,0.3479069414322894,0.1376477224326287,0.5581661604319501,12.217,57.1
10934,1929-12-11 00:00:00,0.4579263708279608,0.2485621838882193,0.6672905577677024,12.217,57.1
10935,1929-12-12 00:00:00,0.3060561432791325,0.0992826602966251,0.5128296262616399,12.217,57.1
10936,1929-12-13 00:00:00,0.1992220264887267,-0.0077035149533846,0.4061475679308381,12.217,57.1
10937,1929-12-14 00:00:00,0.1085358028495602,-0.0979286907442229,0.3150002964433435,12.217,57.1
10938,1929-12-15 00:00:00,0.354076816535249,0.147184688284657,0.560968944785841,12.217,57.1
10939,1929-12-16 00:00:00,0.1797226331242916,-0.0265214686432206,0.385966734891804,12.217,57.1
10940,1929-12-17 00:00:00,0.0098857287354207,-0.1959590591880748,0.2157305166589162,12.217,57.1
10941,1929-12-18 00:00:00,-0.0248953408835386,-0.231262768249932,0.1814720864828546,12.217,57.1
10942,1929-12-19 00:00:00,0.1563421083109372,-0.0503833927601418,0.3630676093820163,12.217,57.1
10943,1929-12-20 00:00:00,0.1042944255871987,-0.1018905817341733,0.3104794329085709,12.217,57.1
10944,1929-12-21 00:00:00,0.0965310095791987,-0.1094923890740599,0.3025544082324575,12.217,57.1
10945,1929-12-22 00:00:00,0.1018094203888879,-0.1061684166891836,0.3097872574669594,12.217,57.1
10946,1929-12-23 00:00:00,0.0831417989877527,-0.1232519922402153,0.2895355902157209,12.217,57.1
10947,1929-12-24 00:00:00,0.0776850360388909,-0.1289908455750245,0.2843609176528064,12.217,57.1
10948,1929-12-25 00:00:00,-0.040314995700428,-0.2474069555459314,0.1667769641450753,12.217,57.1
10949,1929-12-26 00:00:00,0.0958570714463541,-0.1108922064484623,0.3026063493411706,12.217,57.1
10950,1929-12-27 00:00:00,0.219347351618944,0.0125442005068463,0.4261505027310417,12.217,57.1
10951,1929-12-28 00:00:00,0.2404498599257378,0.034380146410005,0.4465195734414705,12.217,57.1
10952,1929-12-29 00:00:00,0.1863519247309024,-0.0194942018327008,0.3921980512945057,12.217,57.1
10953,1929-12-30 00:00:00,0.5047598546934147,0.2948638727146637,0.7146558366721656,12.217,57.1
10954,1929-12-31 00:00:00,0.3570860898309169,0.148226311376375,0.5659458682854587,12.217,57.1
10955,1930-01-01 00:00:00,0.2546566792347765,0.0479152615867015,0.4613980968828514,12.217,57.1
10956,1930-01-02 00:00:00,0.2421326055066158,0.0363615226992243,0.4479036883140072,12.217,57.1
10957,1930-01-03 00:00:00,0.2728601197284344,0.0646454705337889,0.4810747689230799,12.217,57.1
10958,1930-01-04 00:00:00,0.3740425827631048,0.1668811253928367,0.5812040401333729,12.217,57.1
10959,1930-01-05 00:00:00,0.3931596566846844,0.1864074378219537,0.5999118755474151,12.217,57.1
10960,1930-01-06 00:00:00,0.2489006841774966,0.0428811139103284,0.4549202544446648,12.217,57.1
10961,1930-01-07 00:00:00,0.3991196943138664,0.1925466492934769,0.6056927393342559,12.217,57.1
10962,1930-01-08 00:00:00,0.3106814405135403,0.1035447759206818,0.5178181051063988,12.217,57.1
10963,1930-01-09 00:00:00,0.298353644302586,0.0916265884274154,0.5050807001777565,12.217,57.1
10964,1930-01-10 00:00:00,0.2582931437808262,0.0520997884609226,0.4644864991007298,12.217,57.1
10965,1930-01-11 00:00:00,0.2738029312854997,0.0666497335203369,0.4809561290506624,12.217,57.1
10966,1930-01-12 00:00:00,0.3907557292752043,0.1829021336016073,0.5986093249488014,12.217,57.1
10967,1930-01-13 00:00:00,0.3204380819830995,0.1139081192238536,0.5269680447423454,12.217,57.1
10968,1930-01-14 00:00:00,0.2227191783492111,0.0153717506629245,0.4300666060354976,12.217,57.1
10969,1930-01-15 00:00:00,0.199112796786503,-0.0070674740825781,0.4052930676555842,12.217,57.1
10970,1930-01-16 00:00:00,0.2413975530807298,0.0345282494701741,0.4482668566912855,12.217,57.1
10971,1930-01-17 00:00:00,-0.0110482492424164,-0.2171671941114876,0.1950706956266546,12.217,57.1
10972,1930-01-18 00:00:00,0.0604578961488486,-0.1458293964528225,0.2667451887505198,12.217,57.1
10973,1930-01-19 00:00:00,0.1651411145696322,-0.042065607619613,0.3723478367588776,12.217,57.1
10974,1930-01-20 00:00:00,0.1793836538451421,-0.0265545102256334,0.3853218179159176,12.217,57.1
10975,1930-01-21 00:00:00,0.2423383634335242,0.0363341761030129,0.4483425507640354,12.217,57.1
10976,1930-01-22 00:00:00,0.049928668874514,-0.1559225449025637,0.2557798826515918,12.217,57.1
10977,1930-01-23 00:00:00,0.0590073919877197,-0.1465665684832884,0.264581352458728,12.217,57.1
10978,1930-01-24 00:00:00,0.1353755289979092,-0.070334571913556,0.3410856299093745,12.217,57.1
10979,1930-01-25 00:00:00,0.152313212441842,-0.0532205356722536,0.3578469605559377,12.217,57.1
10980,1930-01-26 00:00:00,0.1596837153936027,-0.0458170253856392,0.3651844561728447,12.217,57.1
10981,1930-01-27 00:00:00,0.0838153817012568,-0.1217440337139208,0.2893747971164346,12.217,57.1
10982,1930-01-28 00:00:00,0.0544050885931645,-0.1511377398434493,0.2599479170297783,12.217,57.1
10983,1930-01-29 00:00:00,0.073298802805849,-0.1322744336277502,0.2788720392394483,12.217,57.1
10984,1930-01-30 00:00:00,0.0370766774003299,-0.1684834457262949,0.2426368005269548,12.217,57.1
10985,1930-01-31 00:00:00,0.0812133651794313,-0.1243031346870902,0.2867298650459528,12.217,57.1
10986,1930-02-01 00:00:00,0.0815106893916111,-0.124119462456645,0.2871408412398673,12.217,57.1
10987,1930-02-02 00:00:00,0.0860268572524848,-0.1200390966180385,0.2920928111230081,12.217,57.1
10988,1930-02-03 00:00:00,-0.0026083126939316,-0.2090724950457331,0.2038558696578698,12.217,57.1
10989,1930-02-04 00:00:00,0.0969462373991055,-0.1095994752205866,0.3034919500187978,12.217,57.1
10990,1930-02-05 00:00:00,0.0482649480962312,-0.1575349108092086,0.2540648070016711,12.217,57.1
10991,1930-02-06 00:00:00,0.0288537946516457,-0.1772594240662343,0.2349670133695258,12.217,57.1
10992,1930-02-07 00:00:00,-0.0659507311555968,-0.2721823944668821,0.1402809321556884,12.217,57.1
10993,1930-02-08 00:00:00,-0.1698142269115318,-0.3762058743079614,0.0365774204848976,12.217,57.1
10994,1930-02-09 00:00:00,-0.1453378328880481,-0.351460107244273,0.0607844414681767,12.217,57.1
10995,1930-02-10 00:00:00,-0.0991755208250009,-0.3057648783575569,0.107413836707555,12.217,57.1
10996,1930-02-11 00:00:00,-0.0666035120936091,-0.2722712631658384,0.1390642389786201,12.217,57.1
10997,1930-02-12 00:00:00,-0.0168032883350406,-0.2224461523802091,0.1888395757101277,12.217,57.1
10998,1930-02-13 00:00:00,0.042552744081304,-0.1631083787916057,0.2482138669542138,12.217,57.1
10999,1930-02-14 00:00:00,0.1297217830667746,-0.0761371556020432,0.3355807217355924,12.217,57.1
11000,1930-02-15 00:00:00,0.2400297296067378,0.0340571723553082,0.4460022868581675,12.217,57.1
11001,1930-02-16 00:00:00,0.1699332318209024,-0.0361497625073536,0.3760162261491585,12.217,57.1
11002,1930-02-17 00:00:00,-0.0450604901274931,-0.2510328070530147,0.1609118267980284,12.217,57.1
11003,1930-02-18 00:00:00,-0.1648344301479008,-0.3705948063476407,0.040925946051839,12.217,57.1
11004,1930-02-19 00:00:00,-0.10462660305675,-0.3103184451881843,0.1010652390746841,12.217,57.1
11005,1930-02-20 00:00:00,-0.1226628191809436,-0.3282365105227206,0.0829108721608333,12.217,57.1
11006,1930-02-21 00:00:00,-0.0617676875363739,-0.2672651766214886,0.1437298015487406,12.217,57.1
11007,1930-02-22 00:00:00,-0.0650597373745341,-0.2705720802954946,0.1404526055464262,12.217,57.1
11008,1930-02-23 00:00:00,-0.1113590341652499,-0.3169668885106895,0.0942488201801896,12.217,57.1
11009,1930-02-24 00:00:00,-0.1614911752385592,-0.3672073100506565,0.044224959573538,12.217,57.1
11010,1930-02-25 00:00:00,-0.1406937347825237,-0.3464259317268514,0.0650384621618038,12.217,57.1
11011,1930-02-26 00:00:00,-0.013149575348075,-0.218876116846586,0.1925769661504358,12.217,57.1
11012,1930-02-27 00:00:00,0.0289005778449273,-0.1767915566188991,0.2345927123087539,12.217,57.1
11013,1930-02-28 00:00:00,-0.0427412758844859,-0.248360221093506,0.1628776693245341,12.217,57.1
11014,1930-03-01 00:00:00,-0.0636327333226224,-0.2691816349168818,0.1419161682716369,12.217,57.1
11015,1930-03-02 00:00:00,-0.032666365702142,-0.2381988317928037,0.1728661003885196,12.217,57.1
11016,1930-03-03 00:00:00,-0.027855059609018,-0.2334314223156562,0.1777213030976201,12.217,57.1
11017,1930-03-04 00:00:00,0.0136215889119278,-0.1918547918675882,0.2190979696914438,12.217,57.1
11018,1930-03-05 00:00:00,0.0581710118522087,-0.1475336931320046,0.2638757168364221,12.217,57.1
11019,1930-03-06 00:00:00,0.0897568473639382,-0.1162642596999236,0.2957779544278002,12.217,57.1
11020,1930-03-07 00:00:00,0.1106249745645204,-0.0951806487800615,0.3164305979091024,12.217,57.1
11021,1930-03-08 00:00:00,0.2589720040322497,0.0530231394822599,0.4649208685822396,12.217,57.1
11022,1930-03-09 00:00:00,0.2802186086439082,0.0741553728568321,0.4862818444309842,12.217,57.1
11023,1930-03-10 00:00:00,0.356059751279564,0.1502994402367171,0.5618200623224109,12.217,57.1
11024,1930-03-11 00:00:00,0.1569345282614478,-0.0490365490009741,0.3629056055238699,12.217,57.1
11025,1930-03-12 00:00:00,0.1093663152368061,-0.0965285242006869,0.3152611546742991,12.217,57.1
11026,1930-03-13 00:00:00,0.1455926942844765,-0.0601034876714415,0.3512888762403946,12.217,57.1
11027,1930-03-14 00:00:00,0.1604188696196198,-0.0453306600575696,0.3661683992968093,12.217,57.1
11028,1930-03-15 00:00:00,0.0827208353351469,-0.123030634490329,0.2884723051606229,12.217,57.1
11029,1930-03-16 00:00:00,0.0757597654981867,-0.1299196031884522,0.2814391341848257,12.217,57.1
11030,1930-03-17 00:00:00,0.0416511695838291,-0.1643629693291541,0.2476653084968123,12.217,57.1
11031,1930-03-18 00:00:00,0.1521118490719614,-0.0539647631585045,0.3581884613024274,12.217,57.1
11032,1930-03-19 00:00:00,0.2152917142115129,0.0090931608406678,0.4214902675823581,12.217,57.1
11033,1930-03-20 00:00:00,0.1654269273798918,-0.0410750298092593,0.371928884569043,12.217,57.1
11034,1930-03-21 00:00:00,0.1813781646041121,-0.0246339721939575,0.3873903014021818,12.217,57.1
11035,1930-03-22 00:00:00,0.2363163477504689,0.0295221561958423,0.4431105393050955,12.217,57.1
11036,1930-03-23 00:00:00,0.2312824212804924,0.0254407704308392,0.4371240721301457,12.217,57.1
11037,1930-03-24 00:00:00,0.0922525746952133,-0.1136119087808779,0.2981170581713046,12.217,57.1
11038,1930-03-25 00:00:00,-0.0303688398471523,-0.2360273758824453,0.1752896961881405,12.217,57.1
11039,1930-03-26 00:00:00,0.0635308374054805,-0.1421533859609703,0.2692150607719314,12.217,57.1
11040,1930-03-27 00:00:00,0.0463976022936624,-0.1594670289191177,0.2522622335064426,12.217,57.1
11041,1930-03-28 00:00:00,0.0633327816114691,-0.1425579843472201,0.2692235475701585,12.217,57.1
11042,1930-03-29 00:00:00,0.1187921453636516,-0.086846294778262,0.3244305855055652,12.217,57.1
11043,1930-03-30 00:00:00,0.1925528470425108,-0.0138065208918805,0.3989122149769023,12.217,57.1
11044,1930-03-31 00:00:00,-0.0123415859353725,-0.2182052065449945,0.1935220346742494,12.217,57.1
11045,1930-04-01 00:00:00,0.0322276880696487,-0.1732679518016465,0.237723327940944,12.217,57.1
11046,1930-04-02 00:00:00,0.0320075895421829,-0.1735607270582533,0.2375759061426192,12.217,57.1
11047,1930-04-03 00:00:00,-0.0275867001917243,-0.2332258858061209,0.1780524854226723,12.217,57.1
11048,1930-04-04 00:00:00,-0.1113656572645086,-0.3172287010649,0.0944973865358827,12.217,57.1
11049,1930-04-05 00:00:00,0.0288749987524226,-0.1776156560292472,0.2353656535340926,12.217,57.1
11050,1930-04-06 00:00:00,-0.044136483247688,-0.251006645339966,0.1627336788445899,12.217,57.1
11051,1930-04-07 00:00:00,0.006250279162522,-0.2000864656239763,0.2125870239490205,12.217,57.1
11052,1930-04-08 00:00:00,-0.0996950469352312,-0.3053208690169676,0.1059307751465051,12.217,57.1
11053,1930-04-09 00:00:00,-0.0434744965340817,-0.2489077242913228,0.1619587312231592,12.217,57.1
11054,1930-04-10 00:00:00,0.0136618472573129,-0.1918333629103177,0.2191570574249437,12.217,57.1
11055,1930-04-11 00:00:00,0.0462490250094266,-0.1592530618525803,0.2517511118714337,12.217,57.1
11056,1930-04-12 00:00:00,0.0872118623618783,-0.1183513824090839,0.2927751071328406,12.217,57.1
11057,1930-04-13 00:00:00,0.1510866145463258,-0.0543799813515972,0.3565532104442489,12.217,57.1
11058,1930-04-14 00:00:00,0.1547639633310514,-0.0509517781356662,0.360479704797769,12.217,57.1
11059,1930-04-15 00:00:00,-0.0017354646384318,-0.2081758983842171,0.2047049691073534,12.217,57.1
11060,1930-04-16 00:00:00,-0.0247145092685991,-0.2321527718139411,0.1827237532767429,12.217,57.1
11061,1930-04-17 00:00:00,0.0203804966697142,-0.1856801565923341,0.2264411499317626,12.217,57.1
11062,1930-04-18 00:00:00,0.0515461813477966,-0.1553437157919114,0.2584360784875048,12.217,57.1
11063,1930-04-19 00:00:00,0.0801289726730103,-0.126683707299983,0.2869416526460038,12.217,57.1
11064,1930-04-20 00:00:00,0.0636011193443635,-0.1436970822947748,0.2708993209835018,12.217,57.1
11065,1930-04-21 00:00:00,0.049328955659747,-0.1566971541760188,0.2553550654955129,12.217,57.1
11066,1930-04-22 00:00:00,0.0910374460997043,-0.1145478689386115,0.2966227611380201,12.217,57.1
11067,1930-04-23 00:00:00,0.0921980671797988,-0.1133196306623834,0.2977157650219811,12.217,57.1
11068,1930-04-24 00:00:00,0.0526639177677546,-0.1530200471332844,0.2583478826687936,12.217,57.1
11069,1930-04-25 00:00:00,-0.0108449755889124,-0.2165482880693157,0.1948583368914907,12.217,57.1
11070,1930-04-26 00:00:00,-0.00649283905398,-0.2124645339169361,0.1994788558089759,12.217,57.1
11071,1930-04-27 00:00:00,-0.0977828116179027,-0.3036908810238182,0.1081252577880128,12.217,57.1
11072,1930-04-28 00:00:00,-0.0461779157824375,-0.2517889534592197,0.1594331218943445,12.217,57.1
11073,1930-04-29 00:00:00,0.0143874843014862,-0.1912034161904818,0.2199783847934544,12.217,57.1
11074,1930-04-30 00:00:00,-0.0137607539745155,-0.2193590813455388,0.1918375733965077,12.217,57.1
11075,1930-05-01 00:00:00,-0.0369265985441017,-0.2425980811773557,0.1687448840891523,12.217,57.1
11076,1930-05-02 00:00:00,-0.0205636620968696,-0.2260276092571704,0.1849002850634311,12.217,57.1
11077,1930-05-03 00:00:00,0.002106384633957,-0.2034016771507834,0.2076144464186976,12.217,57.1
11078,1930-05-04 00:00:00,0.01477642346842,-0.1907064456906329,0.2202592926274729,12.217,57.1
11079,1930-05-05 00:00:00,0.017206788804612,-0.1883543115130193,0.2227678891222435,12.217,57.1
11080,1930-05-06 00:00:00,0.0505807248153043,-0.1551173050249186,0.2562787546555274,12.217,57.1
11081,1930-05-07 00:00:00,0.0235213594549498,-0.182090173360588,0.2291328922704877,12.217,57.1
11082,1930-05-08 00:00:00,0.072019983537139,-0.1337285700296774,0.2777685371039554,12.217,57.1
11083,1930-05-09 00:00:00,0.1186340866582541,-0.0875151326707234,0.3247833059872317,12.217,57.1
11084,1930-05-10 00:00:00,0.128768851715743,-0.0771063261710075,0.3346440296024935,12.217,57.1
11085,1930-05-11 00:00:00,0.1237957799856922,-0.0817568374585141,0.3293483974298986,12.217,57.1
11086,1930-05-12 00:00:00,0.107357578097093,-0.0981463485147749,0.3128615047089611,12.217,57.1
11087,1930-05-13 00:00:00,0.0468539779768593,-0.1586023165798024,0.252310272533521,12.217,57.1
11088,1930-05-14 00:00:00,0.0589106762860078,-0.1465195809166867,0.2643409334887025,12.217,57.1
11089,1930-05-15 00:00:00,0.0365302485158444,-0.1689514318139365,0.2420119288456255,12.217,57.1
11090,1930-05-16 00:00:00,0.0022672102451564,-0.2032428324431978,0.2077772529335107,12.217,57.1
11091,1930-05-17 00:00:00,0.0132702573109502,-0.1924002405857892,0.2189407552076898,12.217,57.1
11092,1930-05-18 00:00:00,0.0144758379392564,-0.191015349607866,0.219967025486379,12.217,57.1
11093,1930-05-19 00:00:00,0.1160867618075736,-0.0896154380546508,0.3217889616697981,12.217,57.1
11094,1930-05-20 00:00:00,0.1005068059506281,-0.1052489187927475,0.3062625306940038,12.217,57.1
11095,1930-05-21 00:00:00,0.0769420473980321,-0.1285141321896054,0.2823982269856696,12.217,57.1
11096,1930-05-22 00:00:00,-0.0327185169492705,-0.2381940647682516,0.1727570308697104,12.217,57.1
11097,1930-05-23 00:00:00,-0.0485952919070427,-0.2542088316516643,0.1570182478375787,12.217,57.1
11098,1930-05-24 00:00:00,-0.0304930232305198,-0.2364776844320209,0.1754916379709812,12.217,57.1
11099,1930-05-25 00:00:00,-0.037179515348454,-0.2427622977134943,0.1684032670165862,12.217,57.1
11100,1930-05-26 00:00:00,0.0429531135630806,-0.1626560119272345,0.2485622390533958,12.217,57.1
11101,1930-05-27 00:00:00,0.1248505401859378,-0.0811290757646825,0.3308301561365582,12.217,57.1
11102,1930-05-28 00:00:00,0.116635660669926,-0.0889687408446819,0.3222400621845341,12.217,57.1
11103,1930-05-29 00:00:00,0.1763445955958043,-0.0293242638902347,0.3820134550818435,12.217,57.1
11104,1930-05-30 00:00:00,0.1423152547743191,-0.0646055252544811,0.3492360348031193,12.217,57.1
11105,1930-05-31 00:00:00,0.0214003278461914,-0.184711426137517,0.2275120818298999,12.217,57.1
11106,1930-06-01 00:00:00,0.0071621683270489,-0.1983200210372386,0.2126443576913365,12.217,57.1
11107,1930-06-02 00:00:00,0.0675502648323989,-0.1381979874679464,0.2732985171327443,12.217,57.1
11108,1930-06-03 00:00:00,-0.0383776803280369,-0.2444035487706887,0.1676481881146149,12.217,57.1
11109,1930-06-04 00:00:00,-0.0316027221681022,-0.2376047389707762,0.1743992946345718,12.217,57.1
11110,1930-06-05 00:00:00,-0.0256137674081552,-0.2313079291752699,0.1800803943589594,12.217,57.1
11111,1930-06-06 00:00:00,0.0195509794913006,-0.1860266359476274,0.2251285949302287,12.217,57.1
11112,1930-06-07 00:00:00,0.0608304070181236,-0.145001214853997,0.2666620288902444,12.217,57.1
11113,1930-06-08 00:00:00,0.0694979564799477,-0.13629745176646,0.2752933647263555,12.217,57.1
11114,1930-06-09 00:00:00,0.1063632289066234,-0.0997294227054736,0.3124558805187205,12.217,57.1
11115,1930-06-10 00:00:00,0.1496570894104016,-0.0561366248537541,0.3554508036745574,12.217,57.1
11116,1930-06-11 00:00:00,0.1619733502586237,-0.0439659449818073,0.3679126454990548,12.217,57.1
11117,1930-06-12 00:00:00,0.1163180950310997,-0.0896464171046023,0.3222826071668019,12.217,57.1
11118,1930-06-13 00:00:00,-0.0207024931647966,-0.22693718956744,0.1855322032378468,12.217,57.1
11119,1930-06-14 00:00:00,-0.0537923898287321,-0.2594558497020575,0.1518710700445932,12.217,57.1
11120,1930-06-15 00:00:00,-0.0828910824467052,-0.2886956518346616,0.1229134869412511,12.217,57.1
11121,1930-06-16 00:00:00,-0.0884197178018806,-0.2941154684494321,0.1172760328456708,12.217,57.1
11122,1930-06-17 00:00:00,-0.0463359416394868,-0.2519949337773709,0.1593230504983971,12.217,57.1
11123,1930-06-18 00:00:00,-0.0089696182324711,-0.2145033335016611,0.1965640970367189,12.217,57.1
11124,1930-06-19 00:00:00,0.0320422883429774,-0.1734524061279282,0.237536982813883,12.217,57.1
11125,1930-06-20 00:00:00,0.0561171960932327,-0.1493912179472031,0.2616256101336686,12.217,57.1
11126,1930-06-21 00:00:00,0.0504020794681452,-0.1550950675194596,0.2558992264557501,12.217,57.1
11127,1930-06-22 00:00:00,0.0762265664350118,-0.1291932104719008,0.2816463433419244,12.217,57.1
11128,1930-06-23 00:00:00,0.0781955536724492,-0.1272695418386508,0.2836606491835492,12.217,57.1
11129,1930-06-24 00:00:00,0.0902267648505301,-0.1152206622709997,0.2956741919720601,12.217,57.1
11130,1930-06-25 00:00:00,0.1083370190707006,-0.0972522121203603,0.3139262502617616,12.217,57.1
11131,1930-06-26 00:00:00,0.2009734426785015,-0.0052936580943721,0.4072405434513752,12.217,57.1
11132,1930-06-27 00:00:00,0.0973268777708928,-0.1086862432642061,0.3033399988059918,12.217,57.1
11133,1930-06-28 00:00:00,0.070059456546721,-0.1357075418974036,0.2758264549908458,12.217,57.1
11134,1930-06-29 00:00:00,0.1610013885990057,-0.0454015856703908,0.3674043628684023,12.217,57.1
11135,1930-06-30 00:00:00,0.1312994812579764,-0.0744800091134553,0.3370789716294081,12.217,57.1
11136,1930-07-01 00:00:00,0.0278431986328348,-0.1777865064644803,0.2334729037301499,12.217,57.1
11137,1930-07-02 00:00:00,0.0449619790422281,-0.1605590359671364,0.2504829940515927,12.217,57.1
11138,1930-07-03 00:00:00,0.0370384520205854,-0.1685479888505906,0.2426248928917614,12.217,57.1
11139,1930-07-04 00:00:00,0.0726072097695436,-0.1329538995671653,0.2781683191062526,12.217,57.1
11140,1930-07-05 00:00:00,0.0233910341314801,-0.1820735072553691,0.2288555755183295,12.217,57.1
11141,1930-07-06 00:00:00,0.0606236103735779,-0.1448954436682477,0.2661426644154037,12.217,57.1
11142,1930-07-07 00:00:00,0.1085863260566365,-0.0969456322411637,0.3141182843544368,12.217,57.1
11143,1930-07-08 00:00:00,0.2935829347094916,0.087491305462638,0.4996745639563451,12.217,57.1
11144,1930-07-09 00:00:00,0.2552008539250731,0.047723465127721,0.4626782427224251,12.217,57.1
11145,1930-07-10 00:00:00,0.216475888376906,0.0091366163375537,0.4238151604162584,12.217,57.1
11146,1930-07-11 00:00:00,0.2096926759102513,0.0032542352981087,0.416131116522394,12.217,57.1
11147,1930-07-12 00:00:00,0.1717964374945431,-0.0345092082249296,0.3781020832140159,12.217,57.1
11148,1930-07-13 00:00:00,0.0091350957666511,-0.1966773290939714,0.2149475206272738,12.217,57.1
11149,1930-07-14 00:00:00,0.0293168491608186,-0.1762444337875175,0.2348781321091549,12.217,57.1
11150,1930-07-15 00:00:00,0.10454632820141,-0.1009756481754007,0.3100683045782207,12.217,57.1
11151,1930-07-16 00:00:00,0.1066288444344106,-0.0988255439377308,0.3120832328065521,12.217,57.1
11152,1930-07-17 00:00:00,0.1237723045750646,-0.0816710258142552,0.3292156349643845,12.217,57.1
11153,1930-07-18 00:00:00,0.1581889437407026,-0.0472637778801415,0.3636416653615467,12.217,57.1
11154,1930-07-19 00:00:00,0.1276636184467193,-0.0778896810346883,0.3332169179281269,12.217,57.1
11155,1930-07-20 00:00:00,0.0479833263845902,-0.158471968994657,0.2544386217638376,12.217,57.1
11156,1930-07-21 00:00:00,0.2463211931684095,0.0396637358874738,0.4529786504493451,12.217,57.1
11157,1930-07-22 00:00:00,0.1657451795394292,-0.0400865211374044,0.3715768802162629,12.217,57.1
11158,1930-07-23 00:00:00,0.0929348876889688,-0.1128382922232992,0.2987080676012369,12.217,57.1
11159,1930-07-24 00:00:00,0.0916233555231384,-0.1140504232373667,0.2972971342836435,12.217,57.1
11160,1930-07-25 00:00:00,0.0541759630779965,-0.1514049273157058,0.2597568534716989,12.217,57.1
11161,1930-07-26 00:00:00,0.0351228790249752,-0.1711915010109213,0.2414372590608717,12.217,57.1
11162,1930-07-27 00:00:00,0.0931789291614496,-0.113144803097795,0.2995026614206943,12.217,57.1
11163,1930-07-28 00:00:00,0.1522767385950291,-0.0533881747710654,0.3579416519611236,12.217,57.1
11164,1930-07-29 00:00:00,0.1718952132962402,-0.0335328137724312,0.3773232403649116,12.217,57.1
11165,1930-07-30 00:00:00,0.1464965948493349,-0.0590236400398736,0.3520168297385435,12.217,57.1
11166,1930-07-31 00:00:00,0.1399353114064062,-0.0655143788292747,0.3453850016420873,12.217,57.1
11167,1930-08-01 00:00:00,0.1538064247265089,-0.0517355905848733,0.3593484400378912,12.217,57.1
11168,1930-08-02 00:00:00,0.2165936990570656,0.0108321420192525,0.4223552560948787,12.217,57.1
11169,1930-08-03 00:00:00,0.1268676486933954,-0.079009007768545,0.332744305155336,12.217,57.1
11170,1930-08-04 00:00:00,0.1806912246145672,-0.0250093570481141,0.3863918062772487,12.217,57.1
11171,1930-08-05 00:00:00,0.1669573230993348,-0.0387427689412693,0.372657415139939,12.217,57.1
11172,1930-08-06 00:00:00,0.16947173029674,-0.0364609670455094,0.3754044276389895,12.217,57.1
11173,1930-08-07 00:00:00,0.1176721779057961,-0.0879138654929628,0.3232582213045552,12.217,57.1
11174,1930-08-08 00:00:00,0.0924134594786618,-0.1130718513284352,0.2978987702857588,12.217,57.1
11175,1930-08-09 00:00:00,0.0750491366354618,-0.1303600219620397,0.2804582952329634,12.217,57.1
11176,1930-08-10 00:00:00,0.0644760353212489,-0.1409434184313155,0.2698954890738135,12.217,57.1
11177,1930-08-11 00:00:00,0.0900394368646638,-0.1154938744439886,0.2955727481733162,12.217,57.1
11178,1930-08-12 00:00:00,0.1386098776274122,-0.066896258749974,0.3441160140047986,12.217,57.1
11179,1930-08-13 00:00:00,0.1433940838586633,-0.0621106908910886,0.3488988586084153,12.217,57.1
11180,1930-08-14 00:00:00,0.214897797026097,0.0093292156614819,0.4204663783907122,12.217,57.1
11181,1930-08-15 00:00:00,0.2277927019224028,0.0220324020092009,0.4335530018356048,12.217,57.1
11182,1930-08-16 00:00:00,0.1186718545570531,-0.0874628135568908,0.324806522670997,12.217,57.1
11183,1930-08-17 00:00:00,0.0398927769970462,-0.1666013942780438,0.2463869482721363,12.217,57.1
11184,1930-08-18 00:00:00,0.0214920159872767,-0.1845823024100025,0.2275663343845559,12.217,57.1
11185,1930-08-19 00:00:00,0.0975148321160881,-0.1081862469825832,0.3032159112147595,12.217,57.1
11186,1930-08-20 00:00:00,0.0665104141502333,-0.1390712669770051,0.2720920952774718,12.217,57.1
11187,1930-08-21 00:00:00,0.0207363313856231,-0.1849237415247694,0.2263964042960158,12.217,57.1
11188,1930-08-22 00:00:00,0.1046363649968846,-0.1010653912973212,0.3103381212910906,12.217,57.1
11189,1930-08-23 00:00:00,0.144076254586234,-0.061930805113029,0.3500833142854971,12.217,57.1
11190,1930-08-24 00:00:00,0.0698182549243809,-0.1359022707135547,0.2755387805623166,12.217,57.1
11191,1930-08-25 00:00:00,0.1770322240022132,-0.0293636963908012,0.3834281443952277,12.217,57.1
11192,1930-08-26 00:00:00,0.1849010531569525,-0.0214871545346084,0.3912892608485135,12.217,57.1
11193,1930-08-27 00:00:00,0.0169899242830707,-0.1887044835066963,0.2226843320728377,12.217,57.1
11194,1930-08-28 00:00:00,-0.0134595221549318,-0.2189289410387314,0.1920098967288676,12.217,57.1
11195,1930-08-29 00:00:00,-0.0247222035620002,-0.2301856871328086,0.180741280008808,12.217,57.1
11196,1930-08-30 00:00:00,-0.0204712463520728,-0.2259892347526649,0.1850467420485192,12.217,57.1
11197,1930-08-31 00:00:00,0.0284463039654842,-0.1772098690962392,0.2341024770272076,12.217,57.1
11198,1930-09-01 00:00:00,0.0244158051594671,-0.1812416923457902,0.2300733026647246,12.217,57.1
11199,1930-09-02 00:00:00,0.0647738196522585,-0.1410383438472151,0.2705859831517321,12.217,57.1
11200,1930-09-03 00:00:00,0.0689157802061716,-0.1367685810232216,0.274600141435565,12.217,57.1
11201,1930-09-04 00:00:00,0.01467067507429,-0.1911123988180587,0.2204537489666388,12.217,57.1
11202,1930-09-05 00:00:00,-0.0088844930995426,-0.2146991739630607,0.1969301877639754,12.217,57.1
11203,1930-09-06 00:00:00,0.0030713604985478,-0.2024562123719773,0.2085989333690729,12.217,57.1
11204,1930-09-07 00:00:00,0.040636094587035,-0.1649087375951457,0.2461809267692158,12.217,57.1
11205,1930-09-08 00:00:00,0.0570604916480489,-0.1489229996912026,0.2630439829873004,12.217,57.1
11206,1930-09-09 00:00:00,0.0051912004578066,-0.2008750960320039,0.2112574969476172,12.217,57.1
11207,1930-09-10 00:00:00,-0.0174763277605837,-0.2231456343071345,0.188192978785967,12.217,57.1
11208,1930-09-11 00:00:00,-0.0432324462309668,-0.2487763907457845,0.1623114982838508,12.217,57.1
11209,1930-09-12 00:00:00,-0.0647330920973661,-0.270285225488985,0.1408190412942528,12.217,57.1
11210,1930-09-13 00:00:00,-0.1372213311127214,-0.3435372915269747,0.0690946293015318,12.217,57.1
11211,1930-09-14 00:00:00,0.1582489220301771,-0.0501079067108959,0.3666057507712502,12.217,57.1
11212,1930-09-15 00:00:00,0.0594581199611247,-0.1476090769936112,0.2665253169158607,12.217,57.1
11213,1930-09-16 00:00:00,0.0666378354245722,-0.1392000930500002,0.2724757638991447,12.217,57.1
11214,1930-09-17 00:00:00,0.008973095931208,-0.1967890452065542,0.2147352370689702,12.217,57.1
11215,1930-09-18 00:00:00,0.0941453610780934,-0.1115564939414477,0.2998472160976346,12.217,57.1
11216,1930-09-19 00:00:00,0.1509402385394172,-0.0549610420736868,0.3568415191525214,12.217,57.1
11217,1930-09-20 00:00:00,0.092465990130433,-0.1141705008591427,0.2991024811200089,12.217,57.1
11218,1930-09-21 00:00:00,0.2609498352666424,0.0542611423129183,0.4676385282203665,12.217,57.1
11219,1930-09-22 00:00:00,0.1229579386168524,-0.0832689067641315,0.3291847839978364,12.217,57.1
11220,1930-09-23 00:00:00,-0.0229843033045804,-0.2287076928295088,0.1827390862203479,12.217,57.1
11221,1930-09-24 00:00:00,0.0283297510661542,-0.1782670146564458,0.2349265167887543,12.217,57.1
11222,1930-09-25 00:00:00,0.171686591953384,-0.0355136916489862,0.3788868755557543,12.217,57.1
11223,1930-09-26 00:00:00,0.2154487773448976,0.0093842749538279,0.4215132797359674,12.217,57.1
11224,1930-09-27 00:00:00,0.0517803467228247,-0.1539314940534231,0.2574921874990726,12.217,57.1
11225,1930-09-28 00:00:00,-0.0911619626479367,-0.2969289636050377,0.1146050383091642,12.217,57.1
11226,1930-09-29 00:00:00,-0.0385166273511657,-0.2442129064472824,0.1671796517449509,12.217,57.1
11227,1930-09-30 00:00:00,-0.0142871912278828,-0.2197942341462281,0.1912198516904624,12.217,57.1
11228,1930-10-01 00:00:00,-0.0042493768959052,-0.2097788972561186,0.2012801434643081,12.217,57.1
11229,1930-10-02 00:00:00,-0.0337577166038005,-0.2396125527075373,0.1720971194999361,12.217,57.1
11230,1930-10-03 00:00:00,-0.0131366588312648,-0.2188968818056775,0.1926235641431477,12.217,57.1
11231,1930-10-04 00:00:00,0.063775064652453,-0.1420145984655036,0.2695647277704096,12.217,57.1
11232,1930-10-05 00:00:00,0.1683004938751451,-0.0375322725894252,0.3741332603397156,12.217,57.1
11233,1930-10-06 00:00:00,0.2006177601408556,-0.0055153917371669,0.4067509120188782,12.217,57.1
11234,1930-10-07 00:00:00,0.2024660814022336,-0.004179917232106,0.4091120800365734,12.217,57.1
11235,1930-10-08 00:00:00,0.0963685572652535,-0.1101601994538772,0.3028973139843842,12.217,57.1
11236,1930-10-09 00:00:00,0.2504115251092195,0.0438405656190755,0.4569824845993635,12.217,57.1
11237,1930-10-10 00:00:00,0.2219911328194583,0.0148655949072659,0.4291166707316506,12.217,57.1
11238,1930-10-11 00:00:00,0.2324986316973536,0.0259438773141046,0.4390533860806026,12.217,57.1
11239,1930-10-12 00:00:00,0.1790564432057778,-0.0266534502300554,0.3847663366416111,12.217,57.1
11240,1930-10-13 00:00:00,0.2079484200058594,0.0019216054432258,0.4139752345684929,12.217,57.1
11241,1930-10-14 00:00:00,0.2693111856397628,0.0628649223728199,0.4757574489067058,12.217,57.1
11242,1930-10-15 00:00:00,0.1522422592983369,-0.0537353025253052,0.3582198211219791,12.217,57.1
11243,1930-10-16 00:00:00,0.1081366401779764,-0.0975195134863544,0.3137927938423073,12.217,57.1
11244,1930-10-17 00:00:00,0.1127615361820671,-0.0927134165614981,0.3182364889256324,12.217,57.1
11245,1930-10-18 00:00:00,0.0776071426071273,-0.127980221346682,0.2831945065609366,12.217,57.1
11246,1930-10-19 00:00:00,0.1284758813383464,-0.0774144432399739,0.3343662059166667,12.217,57.1
11247,1930-10-20 00:00:00,0.0618179617072033,-0.1439467621132224,0.267582685527629,12.217,57.1
11248,1930-10-21 00:00:00,0.1076333769143174,-0.0981669898652777,0.3134337436939126,12.217,57.1
11249,1930-10-22 00:00:00,0.0837890066026958,-0.1217709699045342,0.2893489831099261,12.217,57.1
11250,1930-10-23 00:00:00,0.1085096899259775,-0.0970129054967171,0.3140322853486722,12.217,57.1
11251,1930-10-24 00:00:00,0.179813989850168,-0.0258767674408973,0.3855047471412333,12.217,57.1
11252,1930-10-25 00:00:00,0.2096270932965958,0.0040034983889586,0.4152506882042331,12.217,57.1
11253,1930-10-26 00:00:00,0.1409775522305823,-0.0647349023865526,0.3466900068477173,12.217,57.1
11254,1930-10-27 00:00:00,0.0968494492113259,-0.1089109579658288,0.3026098563884807,12.217,57.1
11255,1930-10-28 00:00:00,-0.0110946304740165,-0.2170896085638918,0.1949003476158589,12.217,57.1
11256,1930-10-29 00:00:00,0.0364782653058642,-0.1699500904806931,0.2429066210924217,12.217,57.1
11257,1930-10-30 00:00:00,0.1533248238727144,-0.0526221654928912,0.35927181323832,12.217,57.1
11258,1930-10-31 00:00:00,0.1550658989158734,-0.0508773551269334,0.3610091529586803,12.217,57.1
11259,1930-11-01 00:00:00,0.1451535615467404,-0.0606653076139382,0.3509724307074192,12.217,57.1
11260,1930-11-02 00:00:00,0.1292282501556462,-0.0764470749240865,0.334903575235379,12.217,57.1
11261,1930-11-03 00:00:00,0.3426859065053787,0.1358119113016478,0.5495599017091096,12.217,57.1
11262,1930-11-04 00:00:00,0.296906352059283,0.0899331733371404,0.5038795307814257,12.217,57.1
11263,1930-11-05 00:00:00,0.2769620596497575,0.0703410798867911,0.4835830394127238,12.217,57.1
11264,1930-11-06 00:00:00,0.1496825570839565,-0.0565767484609864,0.3559418626288995,12.217,57.1
11265,1930-11-07 00:00:00,0.0805213548988194,-0.1250680792760279,0.2861107890736669,12.217,57.1
11266,1930-11-08 00:00:00,0.1403757960253471,-0.065203873828209,0.3459554658789033,12.217,57.1
11267,1930-11-09 00:00:00,0.1901583417823675,-0.0159509354119254,0.3962676189766605,12.217,57.1
11268,1930-11-10 00:00:00,0.2450162018343655,0.0384942924018803,0.4515381112668508,12.217,57.1
11269,1930-11-11 00:00:00,0.4360716764658702,0.2293875037459694,0.6427558491857709,12.217,57.1
11270,1930-11-12 00:00:00,0.1717588383707316,-0.0361812468145992,0.3796989235560624,12.217,57.1
11271,1930-11-13 00:00:00,0.0705494492258506,-0.1361333401291679,0.2772322385808693,12.217,57.1
11272,1930-11-14 00:00:00,0.0643150314079263,-0.1440912451309019,0.2727213079467545,12.217,57.1
11273,1930-11-15 00:00:00,0.2837261441969865,0.0770707712708638,0.4903815171231093,12.217,57.1
11274,1930-11-16 00:00:00,0.2653609338559508,0.0585000757110585,0.4722217920008431,12.217,57.1
11275,1930-11-17 00:00:00,0.0497096601481076,-0.1564153509511859,0.2558346712474011,12.217,57.1
11276,1930-11-18 00:00:00,0.0227788255330026,-0.1831166214859336,0.2286742725519389,12.217,57.1
11277,1930-11-19 00:00:00,-0.0263994355987444,-0.2321343730019198,0.1793355018044309,12.217,57.1
11278,1930-11-20 00:00:00,0.0041989132248568,-0.2016646127976596,0.2100624392473732,12.217,57.1
11279,1930-11-21 00:00:00,0.1164657670680168,-0.0895539910129424,0.3224855251489762,12.217,57.1
11280,1930-11-22 00:00:00,0.3295247482012375,0.1230528233945729,0.5359966730079022,12.217,57.1
11281,1930-11-23 00:00:00,0.3088973121107486,0.1024523111482799,0.5153423130732173,12.217,57.1
11282,1930-11-24 00:00:00,0.1915120593908616,-0.0163889526435557,0.3994130714252791,12.217,57.1
11283,1930-11-25 00:00:00,0.1337774373907204,-0.0739102398397885,0.3414651146212293,12.217,57.1
11284,1930-11-26 00:00:00,0.2566041218189856,0.050728209311286,0.4624800343266851,12.217,57.1
11285,1930-11-27 00:00:00,0.1653354767848066,-0.0405433484556868,0.3712143020253001,12.217,57.1
11286,1930-11-28 00:00:00,0.1865609475268017,-0.0191359946211581,0.3922578896747616,12.217,57.1
11287,1930-11-29 00:00:00,0.0365145653325075,-0.1692629762691878,0.2422921069342028,12.217,57.1
11288,1930-11-30 00:00:00,0.0020675450914933,-0.2034669977237771,0.2076020879067639,12.217,57.1
11289,1930-12-01 00:00:00,-0.0731290720840182,-0.2786315026024751,0.1323733584344386,12.217,57.1
11290,1930-12-02 00:00:00,-0.0479821084642528,-0.2534442631173038,0.1574800461887981,12.217,57.1
11291,1930-12-03 00:00:00,-0.0232243943138976,-0.2287931923800372,0.1823444037522419,12.217,57.1
11292,1930-12-04 00:00:00,0.0298847118458557,-0.1759067392099643,0.2356761629016757,12.217,57.1
11293,1930-12-05 00:00:00,0.0519360467141799,-0.1538101044320826,0.2576821978604425,12.217,57.1
11294,1930-12-06 00:00:00,0.0925039818064597,-0.1130652229997674,0.2980731866126869,12.217,57.1
11295,1930-12-07 00:00:00,0.0390035665313371,-0.166596198441821,0.2446033315044952,12.217,57.1
11296,1930-12-08 00:00:00,0.0653036725441447,-0.1401667569155407,0.2707741020038303,12.217,57.1
11297,1930-12-09 00:00:00,0.0932941024726144,-0.1121697080873305,0.2987579130325595,12.217,57.1
11298,1930-12-10 00:00:00,0.1369602065544269,-0.0687512098427156,0.3426716229515694,12.217,57.1
11299,1930-12-11 00:00:00,0.0790464701475797,-0.1265842691730136,0.2846772094681732,12.217,57.1
11300,1930-12-12 00:00:00,0.0430569669610071,-0.1626370626197266,0.2487509965417409,12.217,57.1
11301,1930-12-13 00:00:00,0.1114271141922347,-0.094372043889844,0.3172262722743135,12.217,57.1
11302,1930-12-14 00:00:00,0.1812240826756228,-0.0249929675787989,0.3874411329300446,12.217,57.1
11303,1930-12-15 00:00:00,0.126936279728917,-0.0792746517560399,0.333147211213874,12.217,57.1
11304,1930-12-16 00:00:00,0.0075287390278625,-0.1983599539902412,0.2134174320459663,12.217,57.1
11305,1930-12-17 00:00:00,-0.0990999292029948,-0.3047812427436632,0.1065813843376735,12.217,57.1
11306,1930-12-18 00:00:00,-0.1284114126086714,-0.3340755835925559,0.077252758375213,12.217,57.1
11307,1930-12-19 00:00:00,-0.046145034449351,-0.251930264329712,0.1596401954310098,12.217,57.1
11308,1930-12-20 00:00:00,0.0263438105970822,-0.1799454328801614,0.2326330540743259,12.217,57.1
11309,1930-12-21 00:00:00,0.0460781885135435,-0.1595823315060385,0.2517387085331256,12.217,57.1
11310,1930-12-22 00:00:00,0.1354659631700027,-0.0701054606916404,0.3410373870316459,12.217,57.1
11311,1930-12-23 00:00:00,0.0206431165941659,-0.185237067040583,0.2265233002289148,12.217,57.1
11312,1930-12-24 00:00:00,0.1334022540426966,-0.0726451482842525,0.3394496563696458,12.217,57.1
11313,1930-12-25 00:00:00,0.1791518351845012,-0.027412256690851,0.3857159270598534,12.217,57.1
11314,1930-12-26 00:00:00,-0.0018854154143359,-0.2076602164048222,0.2038893855761503,12.217,57.1
11315,1930-12-27 00:00:00,0.0782627135167233,-0.1284650896642108,0.2849905166976574,12.217,57.1
11316,1930-12-28 00:00:00,0.1809407980703338,-0.0260101677898947,0.3878917639305623,12.217,57.1
11317,1930-12-29 00:00:00,0.149900778768341,-0.0581604820957501,0.3579620396324322,12.217,57.1
11318,1930-12-30 00:00:00,0.2543176404395716,0.0477670785682643,0.4608682023108789,12.217,57.1
11319,1930-12-31 00:00:00,0.3060306290295344,0.0996305008515928,0.5124307572074759,12.217,57.1
11320,1931-01-01 00:00:00,0.2895593552578994,0.0827059534041224,0.4964127571116763,12.217,57.1
11321,1931-01-02 00:00:00,0.207672730967022,0.0010474204511405,0.4142980414829034,12.217,57.1
11322,1931-01-03 00:00:00,0.0846184620839879,-0.1212585494314167,0.2904954735993925,12.217,57.1
11323,1931-01-04 00:00:00,0.0623225013325915,-0.1433649254793806,0.2680099281445637,12.217,57.1
11324,1931-01-05 00:00:00,0.0317166570107179,-0.1756261644749008,0.2390594784963368,12.217,57.1
11325,1931-01-06 00:00:00,0.0121279340818414,-0.2016068042399485,0.2258626724036313,12.217,57.1
11326,1931-01-07 00:00:00,-0.0647372251973941,-0.2744541557511091,0.1449797053563207,12.217,57.1
11327,1931-01-08 00:00:00,-0.172604462851963,-0.3785664189432862,0.0333574932393602,12.217,57.1
11328,1931-01-09 00:00:00,-0.0604701879568987,-0.2660384854130917,0.1450981094992942,12.217,57.1
11329,1931-01-10 00:00:00,0.0965611260384991,-0.109082447065814,0.3022046991428124,12.217,57.1
11330,1931-01-11 00:00:00,0.1802750506154481,-0.025667154197458,0.3862172554283544,12.217,57.1
11331,1931-01-12 00:00:00,0.3507299414134149,0.1445818950535471,0.5568779877732828,12.217,57.1
11332,1931-01-13 00:00:00,0.1879691629084973,-0.0179292088015207,0.3938675346185153,12.217,57.1
11333,1931-01-14 00:00:00,0.0317662792128487,-0.1737789412332643,0.2373114996589617,12.217,57.1
11334,1931-01-15 00:00:00,0.0300359923644993,-0.1756780561570183,0.235750040886017,12.217,57.1
11335,1931-01-16 00:00:00,0.3051997539772921,0.0979140877814179,0.5124854201731663,12.217,57.1
11336,1931-01-17 00:00:00,0.4686000675725247,0.2612434206480253,0.6759567144970241,12.217,57.1
11337,1931-01-18 00:00:00,0.2533200196527966,0.0450596467247087,0.4615803925808845,12.217,57.1
11338,1931-01-19 00:00:00,0.0792161784369825,-0.1272910671938854,0.2857234240678504,12.217,57.1
11339,1931-01-20 00:00:00,0.0133080256985509,-0.1926212023598704,0.2192372537569722,12.217,57.1
11340,1931-01-21 00:00:00,-0.0232522673517752,-0.228845191157823,0.1823406564542724,12.217,57.1
11341,1931-01-22 00:00:00,0.0198438073285259,-0.1858479010483294,0.2255355157053814,12.217,57.1
11342,1931-01-23 00:00:00,0.1577491785968981,-0.0482270780043257,0.3637254351981219,12.217,57.1
11343,1931-01-24 00:00:00,0.3051854478333083,0.0984412948045594,0.5119296008620571,12.217,57.1
11344,1931-01-25 00:00:00,0.4724079198655276,0.2647316691815974,0.6800841705494578,12.217,57.1
11345,1931-01-26 00:00:00,0.301553393489167,0.0945401240746443,0.5085666629036896,12.217,57.1
11346,1931-01-27 00:00:00,0.1081188637507261,-0.0976326146736578,0.31387034217511,12.217,57.1
11347,1931-01-28 00:00:00,0.0673720558359774,-0.1381864137475345,0.2729305254194893,12.217,57.1
11348,1931-01-29 00:00:00,0.0964420888288299,-0.1091655772372538,0.3020497548949137,12.217,57.1
11349,1931-01-30 00:00:00,0.0100435052557221,-0.1955366675270521,0.2156236780384964,12.217,57.1
11350,1931-01-31 00:00:00,-0.0786429165639306,-0.2843282490784683,0.127042415950607,12.217,57.1
11351,1931-02-01 00:00:00,-0.0369801378650281,-0.2424702577392299,0.1685099820091737,12.217,57.1
11352,1931-02-02 00:00:00,0.003334074054751,-0.202265223710206,0.2089333718197082,12.217,57.1
11353,1931-02-03 00:00:00,0.0171458197039835,-0.1884754118117019,0.2227670512196689,12.217,57.1
11354,1931-02-04 00:00:00,-0.1280387967648939,-0.3337336751028124,0.0776560815730244,12.217,57.1
11355,1931-02-05 00:00:00,-0.1138254633479715,-0.3196080550971311,0.0919571284011879,12.217,57.1
11356,1931-02-06 00:00:00,-0.0918890233363274,-0.2975469367914702,0.1137688901188153,12.217,57.1
11357,1931-02-07 00:00:00,-0.0219268202736185,-0.2274312887921892,0.1835776482449521,12.217,57.1
11358,1931-02-08 00:00:00,0.0219052180801639,-0.1835684015624317,0.2273788377227595,12.217,57.1
11359,1931-02-09 00:00:00,0.1212796783220657,-0.0848901352403756,0.3274494918845071,12.217,57.1
11360,1931-02-10 00:00:00,0.2179910708061105,0.0108029452920758,0.4251791963201453,12.217,57.1
11361,1931-02-11 00:00:00,0.3800163052277241,0.172471101529689,0.5875615089257592,12.217,57.1
11362,1931-02-12 00:00:00,0.366171046620296,0.1579762576894745,0.5743658355511174,12.217,57.1
11363,1931-02-13 00:00:00,0.4860056420718312,0.2763797825039286,0.6956315016397339,12.217,57.1
11364,1931-02-14 00:00:00,0.1826025856859107,-0.0248012270994281,0.3900063984712497,12.217,57.1
11365,1931-02-15 00:00:00,-0.0029975851950023,-0.2088615011584965,0.2028663307684919,12.217,57.1
11366,1931-02-16 00:00:00,0.1880133150315306,-0.0180415318957102,0.3940681619587716,12.217,57.1
11367,1931-02-17 00:00:00,0.1407089516210958,-0.0659940559909378,0.3474119592331295,12.217,57.1
11368,1931-02-18 00:00:00,-0.0470568667328624,-0.2529478366769919,0.158834103211267,12.217,57.1
11369,1931-02-19 00:00:00,-0.0636260498302902,-0.2694534301823427,0.1422013305217621,12.217,57.1
11370,1931-02-20 00:00:00,0.0534189572170072,-0.1524474769471411,0.2592853913811555,12.217,57.1
11371,1931-02-21 00:00:00,0.1906734776301883,-0.0164342182495522,0.3977811735099289,12.217,57.1
11372,1931-02-22 00:00:00,0.1911254610622992,-0.0157448523922499,0.3979957745168485,12.217,57.1
11373,1931-02-23 00:00:00,0.0497683199093182,-0.1560911604750249,0.2556278002936615,12.217,57.1
11374,1931-02-24 00:00:00,0.0851426878318245,-0.1207907549240905,0.2910761305877396,12.217,57.1
11375,1931-02-25 00:00:00,0.024315471331425,-0.1818110712702062,0.2304420139330562,12.217,57.1
11376,1931-02-26 00:00:00,0.3276071748848864,0.1201728356642719,0.5350415141055008,12.217,57.1
11377,1931-02-27 00:00:00,0.1657202110453366,-0.0412654441022866,0.37270586619296,12.217,57.1
11378,1931-02-28 00:00:00,0.1259815593128547,-0.0799791598177947,0.3319422784435042,12.217,57.1
11379,1931-03-01 00:00:00,0.0936094635128347,-0.1145228081636862,0.3017417351893556,12.217,57.1
11380,1931-03-02 00:00:00,0.0718953584437938,-0.1394673287743514,0.2832580456619391,12.217,57.1
11381,1931-03-03 00:00:00,-0.006522356251595,-0.2137183205322387,0.2006736080290486,12.217,57.1
11382,1931-03-04 00:00:00,0.0224589805050094,-0.1833098839947098,0.2282278450047287,12.217,57.1
11383,1931-03-05 00:00:00,-0.0670569281280561,-0.2728121241052773,0.138698267849165,12.217,57.1
11384,1931-03-06 00:00:00,-0.0894296016061193,-0.2951946111168937,0.116335407904655,12.217,57.1
11385,1931-03-07 00:00:00,0.0295642765843298,-0.1768091922032063,0.2359377453718661,12.217,57.1
11386,1931-03-08 00:00:00,-0.0020936663174426,-0.2084754905577199,0.2042881579228345,12.217,57.1
11387,1931-03-09 00:00:00,-0.0516655720625412,-0.2575426519376465,0.1542115078125639,12.217,57.1
11388,1931-03-10 00:00:00,0.0248088289343172,-0.1809181569316502,0.2305358148002848,12.217,57.1
11389,1931-03-11 00:00:00,0.1327757353121341,-0.0730207837668416,0.3385722543911098,12.217,57.1
11390,1931-03-12 00:00:00,0.2029609397278159,-0.0051928488186632,0.4111147282742952,12.217,57.1
11391,1931-03-13 00:00:00,0.3459247495234668,0.1362865379082565,0.5555629611386771,12.217,57.1
11392,1931-03-14 00:00:00,0.2929598024635262,0.0869865275091,0.4989330774179524,12.217,57.1
11393,1931-03-15 00:00:00,0.1559127362998177,-0.0497826086809662,0.3616080812806017,12.217,57.1
11394,1931-03-16 00:00:00,0.0452581973879583,-0.1604254453948802,0.2509418401707968,12.217,57.1
11395,1931-03-17 00:00:00,-0.0363083322013586,-0.2420477991004302,0.169431134697713,12.217,57.1
11396,1931-03-18 00:00:00,0.015131535133074,-0.1907495492239511,0.2210126194900991,12.217,57.1
11397,1931-03-19 00:00:00,0.0401529419194966,-0.1654990648767229,0.2458049487157161,12.217,57.1
11398,1931-03-20 00:00:00,0.0432341327352393,-0.1623538658108984,0.2488221312813771,12.217,57.1
11399,1931-03-21 00:00:00,0.0359579202947186,-0.1696002138021915,0.2415160543916288,12.217,57.1
11400,1931-03-22 00:00:00,0.0643803252994573,-0.1411479967950228,0.2699086473939375,12.217,57.1
11401,1931-03-23 00:00:00,0.0961545470517355,-0.1093926112479551,0.3017017053514261,12.217,57.1
11402,1931-03-24 00:00:00,0.009746596185966,-0.1958059986679712,0.2152991910399032,12.217,57.1
11403,1931-03-25 00:00:00,-0.0727650423450751,-0.2784067236035553,0.132876638913405,12.217,57.1
11404,1931-03-26 00:00:00,-0.0799454568195939,-0.2855920903783265,0.1257011767391386,12.217,57.1
11405,1931-03-27 00:00:00,-0.0110772397611493,-0.2167940942048286,0.19463961468253,12.217,57.1
11406,1931-03-28 00:00:00,0.0613093675962418,-0.1444122094474212,0.2670309446399049,12.217,57.1
11407,1931-03-29 00:00:00,0.0109872345634274,-0.1949315763669936,0.2169060454938485,12.217,57.1
11408,1931-03-30 00:00:00,-0.0504420625790271,-0.2561397920586925,0.1552556669006382,12.217,57.1
11409,1931-03-31 00:00:00,-0.1069682038588218,-0.3127035245211871,0.0987671168035433,12.217,57.1
11410,1931-04-01 00:00:00,-0.080893978358789,-0.2866427037185604,0.1248547470009823,12.217,57.1
11411,1931-04-02 00:00:00,-0.0211942421353378,-0.2267787247516633,0.1843902404809876,12.217,57.1
11412,1931-04-03 00:00:00,0.0306227466999662,-0.1749607945492529,0.2362062879491854,12.217,57.1
11413,1931-04-04 00:00:00,0.0859241770385799,-0.1196780381948192,0.2915263922719791,12.217,57.1
11414,1931-04-05 00:00:00,0.1213240849898562,-0.0843267763969167,0.3269749463766291,12.217,57.1
11415,1931-04-06 00:00:00,0.3236717870823936,0.1178871696467726,0.5294564045180146,12.217,57.1
11416,1931-04-07 00:00:00,0.1804329328664533,-0.0254734162482548,0.3863392819811616,12.217,57.1
11417,1931-04-08 00:00:00,0.0051588694916993,-0.2009861231211031,0.2113038621045017,12.217,57.1
11418,1931-04-09 00:00:00,-0.0161624545808711,-0.2216394682629938,0.1893145591012514,12.217,57.1
11419,1931-04-10 00:00:00,0.0199038531553353,-0.1856590499827533,0.2254667562934241,12.217,57.1
11420,1931-04-11 00:00:00,-0.0193599294760428,-0.2249130252366087,0.1861931662845232,12.217,57.1
11421,1931-04-12 00:00:00,0.0290952359539596,-0.17634622302596,0.2345366949338793,12.217,57.1
11422,1931-04-13 00:00:00,0.1194115313837989,-0.0862175172561023,0.3250405800237003,12.217,57.1
11423,1931-04-14 00:00:00,0.0982201413094819,-0.1075755738429479,0.3040158564619118,12.217,57.1
11424,1931-04-15 00:00:00,0.1035242564229139,-0.1023973434652419,0.3094458563110699,12.217,57.1
11425,1931-04-16 00:00:00,0.0372884473019124,-0.1683723935454562,0.242949288149281,12.217,57.1
11426,1931-04-17 00:00:00,0.0957628486557016,-0.109738407557727,0.3012641048691303,12.217,57.1
11427,1931-04-18 00:00:00,0.0891956097223148,-0.117119140242182,0.2955103596868117,12.217,57.1
11428,1931-04-19 00:00:00,-0.1317778863972878,-0.3383741098727785,0.0748183370782027,12.217,57.1
11429,1931-04-20 00:00:00,-0.0700617106025137,-0.2759831621208432,0.1358597409158157,12.217,57.1
11430,1931-04-21 00:00:00,-0.0046903141020447,-0.2103212747934938,0.2009406465894044,12.217,57.1
11431,1931-04-22 00:00:00,0.004897976229087,-0.2006702809736621,0.2104662334318362,12.217,57.1
11432,1931-04-23 00:00:00,0.1594605977394515,-0.0495419839772308,0.3684631794561339,12.217,57.1
11433,1931-04-24 00:00:00,0.1749206840724605,-0.0340780132374295,0.3839193813823507,12.217,57.1
11434,1931-04-25 00:00:00,0.0670343893050192,-0.139253017810059,0.2733217964200975,12.217,57.1
11435,1931-04-26 00:00:00,0.0426795472210878,-0.163231644729171,0.2485907391713466,12.217,57.1
11436,1931-04-27 00:00:00,0.1521820162987836,-0.053880012898567,0.3582440454961343,12.217,57.1
11437,1931-04-28 00:00:00,0.041135674366039,-0.1644080433398301,0.2466793920719082,12.217,57.1
11438,1931-04-29 00:00:00,0.0140914462896445,-0.19151554761407,0.2196984401933591,12.217,57.1
11439,1931-04-30 00:00:00,0.0343264879997391,-0.1714280656282926,0.2400810416277708,12.217,57.1
11440,1931-05-01 00:00:00,0.068681351558239,-0.1369044397906671,0.2742671429071451,12.217,57.1
11441,1931-05-02 00:00:00,0.0761984700533807,-0.1293765242274885,0.28177346433425,12.217,57.1
11442,1931-05-03 00:00:00,0.0566223961627167,-0.1489918004225869,0.2622365927480204,12.217,57.1
11443,1931-05-04 00:00:00,0.0122400757446692,-0.193528632721607,0.2180087842109455,12.217,57.1
11444,1931-05-05 00:00:00,0.1345934706755073,-0.0720777974821114,0.3412647388331261,12.217,57.1
11445,1931-05-06 00:00:00,-0.0301287246347833,-0.2362509712146031,0.1759935219450365,12.217,57.1
11446,1931-05-07 00:00:00,-0.0378705928393861,-0.2434619974845467,0.1677208118057745,12.217,57.1
11447,1931-05-08 00:00:00,-0.0382088713433013,-0.2439652551364725,0.1675475124498698,12.217,57.1
11448,1931-05-09 00:00:00,0.0062087616386296,-0.1997267343420795,0.2121442576193389,12.217,57.1
11449,1931-05-10 00:00:00,-0.0242034107618875,-0.2300740054564954,0.1816671839327204,12.217,57.1
11450,1931-05-11 00:00:00,0.0116776106185919,-0.1938190448885961,0.2171742661257799,12.217,57.1
11451,1931-05-12 00:00:00,0.071577805119731,-0.1340908138994384,0.2772464241389005,12.217,57.1
11452,1931-05-13 00:00:00,0.1199615690056651,-0.0858187308581089,0.3257418688694392,12.217,57.1
11453,1931-05-14 00:00:00,0.0667749443622773,-0.1388544462436078,0.2724043349681624,12.217,57.1
11454,1931-05-15 00:00:00,0.1178111539673708,-0.087914476959964,0.3235367848947056,12.217,57.1
11455,1931-05-16 00:00:00,0.1172206064849377,-0.0884848616282908,0.3229260745981663,12.217,57.1
11456,1931-05-17 00:00:00,0.1126067907711267,-0.0929920748092626,0.3182056563515161,12.217,57.1
11457,1931-05-18 00:00:00,0.1791349126254149,-0.0267114681719174,0.3849812934227473,12.217,57.1
11458,1931-05-19 00:00:00,0.1516575279726211,-0.054020189235541,0.3573352451807833,12.217,57.1
11459,1931-05-20 00:00:00,0.083587557090135,-0.1220725691874203,0.2892476833676904,12.217,57.1
11460,1931-05-21 00:00:00,-0.0042102850543304,-0.2098224425589892,0.2014018724503284,12.217,57.1
11461,1931-05-22 00:00:00,-0.0542235777489165,-0.2598689290303791,0.151421773532546,12.217,57.1
11462,1931-05-23 00:00:00,0.0337137204848552,-0.1731252135453183,0.2405526545150287,12.217,57.1
11463,1931-05-24 00:00:00,-0.0233188260842062,-0.2293955749704618,0.1827579228020493,12.217,57.1
11464,1931-05-25 00:00:00,0.0614237157282626,-0.1443963646155115,0.2672437960720367,12.217,57.1
11465,1931-05-26 00:00:00,-0.0440102191585175,-0.2499673170457928,0.1619468787287577,12.217,57.1
11466,1931-05-27 00:00:00,-0.0443830715110269,-0.2500095175698021,0.1612433745477483,12.217,57.1
11467,1931-05-28 00:00:00,0.0083248892224178,-0.1971887923483263,0.2138385707931619,12.217,57.1
11468,1931-05-29 00:00:00,0.0624552559930916,-0.1433464996211786,0.2682570116073618,12.217,57.1
11469,1931-05-30 00:00:00,-0.0015515120747917,-0.207556142639848,0.2044531184902646,12.217,57.1
11470,1931-05-31 00:00:00,-0.0221522023894359,-0.227920226069149,0.1836158212902771,12.217,57.1
11471,1931-06-01 00:00:00,0.0505096178308113,-0.1552614535838557,0.2562806892454784,12.217,57.1
11472,1931-06-02 00:00:00,0.065557003541292,-0.1403118623098461,0.2714258693924302,12.217,57.1
11473,1931-06-03 00:00:00,0.2284531222697028,0.0225176793443726,0.4343885651950331,12.217,57.1
11474,1931-06-04 00:00:00,0.1708412574265534,-0.0355837883112548,0.3772663031643617,12.217,57.1
11475,1931-06-05 00:00:00,0.1364477332070202,-0.0699121362515491,0.3428076026655897,12.217,57.1
11476,1931-06-06 00:00:00,0.0706793554372398,-0.135541148975474,0.2768998598499538,12.217,57.1
11477,1931-06-07 00:00:00,0.0608744020209692,-0.1448169583869916,0.2665657624289301,12.217,57.1
11478,1931-06-08 00:00:00,0.0882942796979779,-0.1171918122309008,0.2937803716268567,12.217,57.1
11479,1931-06-09 00:00:00,0.0489044492728383,-0.1566320176435078,0.2544409161891846,12.217,57.1
11480,1931-06-10 00:00:00,0.0371583029443203,-0.1683310556582085,0.2426476615468492,12.217,57.1
11481,1931-06-11 00:00:00,0.1122288025336157,-0.0932763053879138,0.3177339104551454,12.217,57.1
11482,1931-06-12 00:00:00,0.189504234390458,-0.0161343507325706,0.3951428195134866,12.217,57.1
11483,1931-06-13 00:00:00,0.103146523890389,-0.102491571379628,0.3087846191604061,12.217,57.1
11484,1931-06-14 00:00:00,0.0888108554662037,-0.1167180529324266,0.2943397638648341,12.217,57.1
11485,1931-06-15 00:00:00,0.0790236777426489,-0.1266645183479861,0.284711873833284,12.217,57.1
11486,1931-06-16 00:00:00,0.2939221590343216,0.0873973226954702,0.5004469953731729,12.217,57.1
11487,1931-06-17 00:00:00,0.1876959485863024,-0.0190237120636233,0.3944156092362281,12.217,57.1
11488,1931-06-18 00:00:00,0.1034311913281264,-0.1025153651742423,0.3093777478304954,12.217,57.1
11489,1931-06-19 00:00:00,0.1462043336552494,-0.0594072470496749,0.3518159143601739,12.217,57.1
11490,1931-06-20 00:00:00,0.1443743096047581,-0.0613722732715375,0.3501208924810537,12.217,57.1
11491,1931-06-21 00:00:00,0.1329977470602491,-0.0730173502770281,0.3390128443975264,12.217,57.1
11492,1931-06-22 00:00:00,0.2311318457961373,0.0248745255918208,0.4373891660004537,12.217,57.1
11493,1931-06-23 00:00:00,0.3292171694018881,0.1230615354714134,0.5353728033323628,12.217,57.1
11494,1931-06-24 00:00:00,0.1296894436388909,-0.0764997129014699,0.3358786001792518,12.217,57.1
11495,1931-06-25 00:00:00,-0.039016925732885,-0.2448225766745285,0.1667887252087584,12.217,57.1
11496,1931-06-26 00:00:00,-0.0289911372115147,-0.2346413853338196,0.1766591109107901,12.217,57.1
11497,1931-06-27 00:00:00,0.0788744526480942,-0.1267508811569191,0.2844997864531076,12.217,57.1
11498,1931-06-28 00:00:00,0.1678051268020652,-0.0380332298033342,0.3736434834074646,12.217,57.1
11499,1931-06-29 00:00:00,0.087428049212817,-0.1186862799950181,0.2935423784206523,12.217,57.1
11500,1931-06-30 00:00:00,0.1662448370808714,-0.0400213758070934,0.3725110499688364,12.217,57.1
11501,1931-07-01 00:00:00,0.0673259873400494,-0.1385708582581116,0.2732228329382105,12.217,57.1
11502,1931-07-02 00:00:00,0.0485812046763672,-0.1569504581629717,0.2541128675157062,12.217,57.1
11503,1931-07-03 00:00:00,0.1332453047167359,-0.0723311946131489,0.3388218040466209,12.217,57.1
11504,1931-07-04 00:00:00,0.088072902482112,-0.1175658041656436,0.2937116091298676,12.217,57.1
11505,1931-07-05 00:00:00,0.106994176370621,-0.0985127419755987,0.3125010947168409,12.217,57.1
11506,1931-07-06 00:00:00,-0.0036488318856799,-0.2092549104989274,0.2019572467275675,12.217,57.1
11507,1931-07-07 00:00:00,0.0217028256677667,-0.1838789570616092,0.2272846083971428,12.217,57.1
11508,1931-07-08 00:00:00,0.0210001714951905,-0.1845715829602552,0.2265719259506364,12.217,57.1
11509,1931-07-09 00:00:00,0.1886525849530677,-0.0213906911035928,0.3986958610097282,12.217,57.1
11510,1931-07-10 00:00:00,0.2964188191693995,0.0843688797156865,0.5084687586231125,12.217,57.1
11511,1931-07-11 00:00:00,0.3445756825102774,0.1381026383946558,0.551048726625899,12.217,57.1
11512,1931-07-12 00:00:00,0.1676879068589316,-0.0380603361229574,0.3734361498408206,12.217,57.1
11513,1931-07-13 00:00:00,0.1053812787162129,-0.1001887699788576,0.3109513274112835,12.217,57.1
11514,1931-07-14 00:00:00,0.124501858272226,-0.0810691490523978,0.3300728655968499,12.217,57.1
11515,1931-07-15 00:00:00,0.0830272835941301,-0.1224834308969054,0.2885379980851658,12.217,57.1
11516,1931-07-16 00:00:00,0.1247272929195386,-0.0808230768014022,0.3302776626404795,12.217,57.1
11517,1931-07-17 00:00:00,0.0918839374237649,-0.1139238851291437,0.2976917599766736,12.217,57.1
11518,1931-07-18 00:00:00,0.2548974982678129,0.0487049209599179,0.4610900755757078,12.217,57.1
11519,1931-07-19 00:00:00,0.1671958655060501,-0.0387492138458805,0.3731409448579807,12.217,57.1
11520,1931-07-20 00:00:00,0.2072358603207508,0.0014863384083758,0.4129853822331258,12.217,57.1
11521,1931-07-21 00:00:00,0.1174170383819504,-0.0882108173571409,0.3230448941210418,12.217,57.1
11522,1931-07-22 00:00:00,0.1477987876734555,-0.0578251215979819,0.3534226969448929,12.217,57.1
11523,1931-07-23 00:00:00,0.1615721423187241,-0.0440878176208728,0.367232102258321,12.217,57.1
11524,1931-07-24 00:00:00,0.1109319069587783,-0.0946738269898577,0.3165376409074145,12.217,57.1
11525,1931-07-25 00:00:00,0.1106517288727426,-0.0949864035350611,0.3162898612805465,12.217,57.1
11526,1931-07-26 00:00:00,0.0967730262573945,-0.1089361110704716,0.3024821635852607,12.217,57.1
11527,1931-07-27 00:00:00,0.2047241331508503,-0.0017517936922269,0.4112000599939276,12.217,57.1
11528,1931-07-28 00:00:00,0.1635047019633475,-0.0426777456226432,0.3696871495493383,12.217,57.1
11529,1931-07-29 00:00:00,0.1405577030282706,-0.0652573220854697,0.346372728142011,12.217,57.1
11530,1931-07-30 00:00:00,0.1325743986940089,-0.0732014260302426,0.3383502234182605,12.217,57.1
11531,1931-07-31 00:00:00,0.1457283236077339,-0.059852814134457,0.351309461349925,12.217,57.1
11532,1931-08-01 00:00:00,0.0668061393264848,-0.1387124980313255,0.2723247766842952,12.217,57.1
11533,1931-08-02 00:00:00,0.0175784445208736,-0.1878854458556264,0.2230423348973736,12.217,57.1
11534,1931-08-03 00:00:00,-0.0362903385868823,-0.2417461929929292,0.1691655158191645,12.217,57.1
11535,1931-08-04 00:00:00,-0.0810974044491206,-0.2866072102687259,0.1244124013704846,12.217,57.1
11536,1931-08-05 00:00:00,-0.0421362834598818,-0.2477575289434132,0.1634849620236495,12.217,57.1
11537,1931-08-06 00:00:00,0.0317786498025141,-0.1737631749506417,0.2373204745556701,12.217,57.1
11538,1931-08-07 00:00:00,0.1142941254294859,-0.0912480689764901,0.319836319835462,12.217,57.1
11539,1931-08-08 00:00:00,0.2179608997000636,0.0120929935201123,0.423828805880015,12.217,57.1
11540,1931-08-09 00:00:00,0.2517938315922633,0.0460969886442712,0.4574906745402554,12.217,57.1
11541,1931-08-10 00:00:00,0.1356327845515355,-0.0702006300654572,0.3414661991685284,12.217,57.1
11542,1931-08-11 00:00:00,0.1707438170523745,-0.035123706060764,0.3766113401655131,12.217,57.1
11543,1931-08-12 00:00:00,0.0620592048647137,-0.1435752598563754,0.2676936695858029,12.217,57.1
11544,1931-08-13 00:00:00,0.0495860977920866,-0.1559752896086848,0.255147485192858,12.217,57.1
11545,1931-08-14 00:00:00,0.0238347827339172,-0.181829939963686,0.2294995054315206,12.217,57.1
11546,1931-08-15 00:00:00,0.1142415199067505,-0.0914557069442616,0.3199387467577628,12.217,57.1
11547,1931-08-16 00:00:00,0.1523896091018102,-0.0531263179185566,0.357905536122177,12.217,57.1
11548,1931-08-17 00:00:00,0.1321673385017741,-0.0732938025574736,0.337628479561022,12.217,57.1
11549,1931-08-18 00:00:00,0.1169443660913742,-0.0886700623098675,0.3225587944926159,12.217,57.1
11550,1931-08-19 00:00:00,0.0972326702623123,-0.1084853160719062,0.3029506565965308,12.217,57.1
11551,1931-08-20 00:00:00,0.1367713397609442,-0.0688829122882645,0.342425591810153,12.217,57.1
11552,1931-08-21 00:00:00,0.1990406692686219,-0.0066968837736442,0.4047782223108881,12.217,57.1
11553,1931-08-22 00:00:00,0.1252881451044274,-0.0803519486427542,0.3309282388516091,12.217,57.1
11554,1931-08-23 00:00:00,0.0985407654737225,-0.107139660976736,0.3042211919241812,12.217,57.1
11555,1931-08-24 00:00:00,0.241288573299572,0.0354805752618593,0.4470965713372847,12.217,57.1
11556,1931-08-25 00:00:00,0.1439734824465757,-0.0617042144362679,0.3496511793294194,12.217,57.1
11557,1931-08-26 00:00:00,0.0045790594327972,-0.2009933399699512,0.2101514588355456,12.217,57.1
11558,1931-08-27 00:00:00,-0.0793770408252258,-0.2849745941255252,0.1262205124750736,12.217,57.1
11559,1931-08-28 00:00:00,-0.0639227125536402,-0.269801191062366,0.1419557659550854,12.217,57.1
11560,1931-08-29 00:00:00,-0.0755400353269902,-0.2814884766126605,0.13040840595868,12.217,57.1
11561,1931-08-30 00:00:00,-0.0607200192703931,-0.2662003642203029,0.1447603256795166,12.217,57.1
11562,1931-08-31 00:00:00,-0.0099724342935434,-0.2154445780055955,0.1954997094185085,12.217,57.1
11563,1931-09-01 00:00:00,0.0741477583727477,-0.1314008085414922,0.2796963252869877,12.217,57.1
11564,1931-09-02 00:00:00,0.0786518003366846,-0.1269443122949151,0.2842479129682845,12.217,57.1
11565,1931-09-03 00:00:00,0.1294251304601788,-0.0761588844707993,0.3350091453911571,12.217,57.1
11566,1931-09-04 00:00:00,0.1241472234004485,-0.0815173143002949,0.329811761101192,12.217,57.1
11567,1931-09-05 00:00:00,0.098158035800713,-0.1075271960587212,0.3038432676601472,12.217,57.1
11568,1931-09-06 00:00:00,0.072523033913648,-0.1357803364882742,0.2808264043155702,12.217,57.1
11569,1931-09-07 00:00:00,0.0433888321588387,-0.166573409279405,0.2533510735970825,12.217,57.1
11570,1931-09-08 00:00:00,0.0823631656935825,-0.1237924495630932,0.2885187809502582,12.217,57.1
11571,1931-09-09 00:00:00,0.1133292295789452,-0.0922313388666384,0.3188897980245289,12.217,57.1
11572,1931-09-10 00:00:00,0.1446131042346709,-0.060905505226708,0.3501317136960499,12.217,57.1
11573,1931-09-11 00:00:00,0.0964154692819374,-0.1091978841859664,0.3020288227498412,12.217,57.1
11574,1931-09-12 00:00:00,0.0713362211110998,-0.1341128939474534,0.2767853361696531,12.217,57.1
11575,1931-09-13 00:00:00,0.0569499134436545,-0.1486525003488022,0.2625523272361114,12.217,57.1
11576,1931-09-14 00:00:00,0.0189317659728444,-0.1869522994046291,0.224815831350318,12.217,57.1
11577,1931-09-15 00:00:00,0.0076496305263976,-0.1980820470302808,0.2133813080830762,12.217,57.1
11578,1931-09-16 00:00:00,0.0970099006913702,-0.1087091326491245,0.302728934031865,12.217,57.1
11579,1931-09-17 00:00:00,0.073244303993391,-0.1322591808855217,0.2787477888723039,12.217,57.1
11580,1931-09-18 00:00:00,0.0621375651224029,-0.1433658879899932,0.2676410182347991,12.217,57.1
11581,1931-09-19 00:00:00,0.0312108894432954,-0.1742548315965645,0.2366766104831554,12.217,57.1
11582,1931-09-20 00:00:00,0.0498738118813784,-0.1558386456587643,0.2555862694215213,12.217,57.1
11583,1931-09-21 00:00:00,0.0038702971290096,-0.2024397314325682,0.2101803256905874,12.217,57.1
11584,1931-09-22 00:00:00,-0.0316715353087737,-0.2380185719640063,0.1746755013464588,12.217,57.1
11585,1931-09-23 00:00:00,-0.07216538017607,-0.2778740517305885,0.1335432913784485,12.217,57.1
11586,1931-09-24 00:00:00,-0.069483776236339,-0.2749968879716067,0.1360293354989286,12.217,57.1
11587,1931-09-25 00:00:00,-0.0633313055018642,-0.2690068168973552,0.1423442058936267,12.217,57.1
11588,1931-09-26 00:00:00,-0.0544276645461602,-0.2611984297333529,0.1523431006410324,12.217,57.1
11589,1931-09-27 00:00:00,-0.0274338338484928,-0.2336413368225857,0.1787736691255999,12.217,57.1
11590,1931-09-28 00:00:00,0.0837739897750193,-0.1221788549824574,0.2897268345324961,12.217,57.1
11591,1931-09-29 00:00:00,0.00485001219129,-0.2011448792301693,0.2108449036127493,12.217,57.1
11592,1931-09-30 00:00:00,0.003609139155814,-0.2019000756507854,0.2091183539624134,12.217,57.1
11593,1931-10-01 00:00:00,0.0702086569500115,-0.1352785734574054,0.2756958873574285,12.217,57.1
11594,1931-10-02 00:00:00,0.1178564923614627,-0.0881831784804726,0.3238961632033981,12.217,57.1
11595,1931-10-03 00:00:00,0.5323474145857024,0.3223125689053605,0.7423822602660444,12.217,57.1
11596,1931-10-04 00:00:00,0.2969535746309313,0.0878085813935577,0.506098567868305,12.217,57.1
11597,1931-10-05 00:00:00,0.0967865282710369,-0.1091502774781326,0.3027233340202065,12.217,57.1
11598,1931-10-06 00:00:00,0.2306313078426322,0.0245138202380386,0.4367487954472256,12.217,57.1
11599,1931-10-07 00:00:00,0.1597894444305821,-0.046038971006573,0.3656178598677373,12.217,57.1
11600,1931-10-08 00:00:00,0.2609630711221107,0.0547582509059776,0.4671678913382437,12.217,57.1
11601,1931-10-09 00:00:00,0.4380295137195165,0.2316966831443592,0.6443623442946738,12.217,57.1
11602,1931-10-10 00:00:00,0.2519646141188489,0.0456870757966927,0.4582421524410052,12.217,57.1
11603,1931-10-11 00:00:00,0.1278262825753007,-0.0782201643529547,0.3338727295035562,12.217,57.1
11604,1931-10-12 00:00:00,0.1211101243655102,-0.0853984836853582,0.3276187324163788,12.217,57.1
11605,1931-10-13 00:00:00,0.0688173816723004,-0.1367981525954545,0.2744329159400555,12.217,57.1
11606,1931-10-14 00:00:00,0.0814358844852227,-0.1246331798876789,0.2875049488581245,12.217,57.1
11607,1931-10-15 00:00:00,0.020493131032682,-0.1865507190364931,0.2275369811018572,12.217,57.1
11608,1931-10-16 00:00:00,-0.0865664793048627,-0.2929256720270811,0.1197927134173555,12.217,57.1
11609,1931-10-17 00:00:00,-0.0250878971768324,-0.2305563726860102,0.1803805783323452,12.217,57.1
11610,1931-10-18 00:00:00,-0.0568193327645635,-0.2624872655722806,0.1488486000431536,12.217,57.1
11611,1931-10-19 00:00:00,0.0120567733354836,-0.1937877006195344,0.2179012472905017,12.217,57.1
11612,1931-10-20 00:00:00,0.2610339920628691,0.0529584382226084,0.4691095459031298,12.217,57.1
11613,1931-10-21 00:00:00,0.2426037078671211,0.0352811962091228,0.4499262195251194,12.217,57.1
11614,1931-10-22 00:00:00,0.128737470560282,-0.0791305382143209,0.336605479334885,12.217,57.1
11615,1931-10-23 00:00:00,0.1507310917717141,-0.055014606231371,0.3564767897747992,12.217,57.1
11616,1931-10-24 00:00:00,0.1638207666122373,-0.0417794867164831,0.3694210199409579,12.217,57.1
11617,1931-10-25 00:00:00,0.0943020706335312,-0.1115149382177879,0.3001190794848504,12.217,57.1
11618,1931-10-26 00:00:00,-0.02739607715286,-0.2332981760807423,0.1785060217750222,12.217,57.1
11619,1931-10-27 00:00:00,-0.0527327004853188,-0.2585568203207391,0.1530914193501015,12.217,57.1
11620,1931-10-28 00:00:00,0.0500272555440135,-0.1573036128564293,0.2573581239444564,12.217,57.1
11621,1931-10-29 00:00:00,0.1802883011136329,-0.0276776799104924,0.3882542821377583,12.217,57.1
11622,1931-10-30 00:00:00,0.0855889629579653,-0.1201184836764316,0.2912964095923623,12.217,57.1
11623,1931-10-31 00:00:00,0.0470350753741165,-0.1592469417505501,0.2533170924987832,12.217,57.1
11624,1931-11-01 00:00:00,-0.041770377937193,-0.2477648454441819,0.1642240895697959,12.217,57.1
11625,1931-11-02 00:00:00,0.0161682564341064,-0.1898932350317864,0.2222297478999993,12.217,57.1
11626,1931-11-03 00:00:00,0.1528808846786318,-0.0529223044708811,0.3586840738281449,12.217,57.1
11627,1931-11-04 00:00:00,0.2262689212164363,0.0195687371272984,0.4329691053055742,12.217,57.1
11628,1931-11-05 00:00:00,0.4371352567981234,0.228850400956345,0.6454201126399018,12.217,57.1
11629,1931-11-06 00:00:00,0.202431601248926,-0.0044382197826469,0.409301422280499,12.217,57.1
11630,1931-11-07 00:00:00,0.0944446934936693,-0.1111956003130154,0.3000849873003541,12.217,57.1
11631,1931-11-08 00:00:00,0.1227339513377744,-0.0829851479993854,0.3284530506749343,12.217,57.1
11632,1931-11-09 00:00:00,0.0593375728180351,-0.1465786703902233,0.2652538160262937,12.217,57.1
11633,1931-11-10 00:00:00,0.2152982443454103,0.0094389080214437,0.421157580669377,12.217,57.1
11634,1931-11-11 00:00:00,0.3057298699267251,0.0997055469225097,0.5117541929309404,12.217,57.1
11635,1931-11-12 00:00:00,0.2756667133362198,0.0696164433528893,0.4817169833195502,12.217,57.1
11636,1931-11-13 00:00:00,0.2143825104804926,0.0085691181198076,0.4201959028411776,12.217,57.1
11637,1931-11-14 00:00:00,0.0441305973380005,-0.1614790666216492,0.2497402612976502,12.217,57.1
11638,1931-11-15 00:00:00,-0.0219192803107819,-0.2274241060349764,0.1835855454134124,12.217,57.1
11639,1931-11-16 00:00:00,-0.1260469173379842,-0.3317669634339813,0.0796731287580129,12.217,57.1
11640,1931-11-17 00:00:00,-0.1359842470701465,-0.3418219640467917,0.0698534699064986,12.217,57.1
11641,1931-11-18 00:00:00,-0.0572947783418486,-0.2631631418065744,0.1485735851228771,12.217,57.1
11642,1931-11-19 00:00:00,-0.0117689673216079,-0.2174800823201924,0.1939421476769764,12.217,57.1
11643,1931-11-20 00:00:00,0.0459196206258753,-0.1599284707779713,0.2517677120297221,12.217,57.1
11644,1931-11-21 00:00:00,0.0702133721112389,-0.136130429772482,0.2765571739949599,12.217,57.1
11645,1931-11-22 00:00:00,0.0804804622145317,-0.1261170227086537,0.2870779471377173,12.217,57.1
11646,1931-11-23 00:00:00,-0.0372146456679756,-0.2429129053973571,0.1684836140614058,12.217,57.1
11647,1931-11-24 00:00:00,0.0484989815216322,-0.1571398694564756,0.2541378324997402,12.217,57.1
11648,1931-11-25 00:00:00,0.1750440430876985,-0.0309794124044097,0.3810674985798068,12.217,57.1
11649,1931-11-26 00:00:00,0.047998730051885,-0.1577653517684704,0.2537628118722405,12.217,57.1
11650,1931-11-27 00:00:00,0.1494814565161795,-0.0565563641835937,0.3555192772159529,12.217,57.1
11651,1931-11-28 00:00:00,0.0496977942304567,-0.1562091777708093,0.2556047662317228,12.217,57.1
11652,1931-11-29 00:00:00,-0.1228649351872143,-0.3289246791340455,0.0831948087596169,12.217,57.1
11653,1931-11-30 00:00:00,-0.0172764341822174,-0.2232735919240931,0.1887207235596583,12.217,57.1
11654,1931-12-01 00:00:00,-0.0197901410410041,-0.2254057910443471,0.1858255089623388,12.217,57.1
11655,1931-12-02 00:00:00,-0.0667605501716783,-0.2723110725768703,0.1387899722335137,12.217,57.1
11656,1931-12-03 00:00:00,0.0205362756388983,-0.1850401711872946,0.2261127224650913,12.217,57.1
11657,1931-12-04 00:00:00,0.2266914304165122,0.0191470883486434,0.434235772484381,12.217,57.1
11658,1931-12-05 00:00:00,0.4388206331139892,0.2307342999785103,0.6469069662494682,12.217,57.1
11659,1931-12-06 00:00:00,0.3046127728259142,0.0971195313861261,0.5121060142657022,12.217,57.1
11660,1931-12-07 00:00:00,0.5704442433705382,0.3601004022794482,0.7807880844616283,12.217,57.1
11661,1931-12-08 00:00:00,0.0587734156470515,-0.148168461937747,0.2657152932318501,12.217,57.1
11662,1931-12-09 00:00:00,0.3044335044413623,0.0982544679500331,0.5106125409326914,12.217,57.1
11663,1931-12-10 00:00:00,0.0822200313485619,-0.1240471655397608,0.2884872282368847,12.217,57.1
11664,1931-12-11 00:00:00,-0.0844837212066134,-0.2910482984670949,0.122080856053868,12.217,57.1
11665,1931-12-12 00:00:00,0.0039947008250591,-0.2023823190038195,0.2103717206539379,12.217,57.1
11666,1931-12-13 00:00:00,0.1643416976842618,-0.0416490566282657,0.3703324519967894,12.217,57.1
11667,1931-12-14 00:00:00,0.0326418934855314,-0.1733250541318974,0.2386088411029602,12.217,57.1
11668,1931-12-15 00:00:00,0.4797777670460985,0.2728213390577453,0.6867341950344518,12.217,57.1
11669,1931-12-16 00:00:00,0.1773525484074407,-0.0358165868667316,0.3905216836816131,12.217,57.1
11670,1931-12-17 00:00:00,-0.1057397378316233,-0.3134214777603283,0.1019420020970816,12.217,57.1
11671,1931-12-18 00:00:00,-0.2065704873838115,-0.4138221018083913,0.0006811270407681,12.217,57.1
11672,1931-12-19 00:00:00,-0.1303854315256932,-0.3362884538878403,0.0755175908364538,12.217,57.1
11673,1931-12-20 00:00:00,-0.1098343219277875,-0.315394718924405,0.0957260750688299,12.217,57.1
11674,1931-12-21 00:00:00,-0.1408322945012201,-0.3463789384206239,0.0647143494181836,12.217,57.1
11675,1931-12-22 00:00:00,-0.1345569391330667,-0.3401419227650617,0.0710280444989282,12.217,57.1
11676,1931-12-23 00:00:00,-0.0177457118990774,-0.2233964152065334,0.1879049914083784,12.217,57.1
11677,1931-12-24 00:00:00,0.191399356977537,-0.0146224054599306,0.3974211194150048,12.217,57.1
11678,1931-12-25 00:00:00,0.4746004994506392,0.2664009274817667,0.6828000714195118,12.217,57.1
11679,1931-12-26 00:00:00,0.5396238611752135,0.3307555478804892,0.7484921744699379,12.217,57.1
11680,1931-12-27 00:00:00,0.2553466221385292,0.0482929844211631,0.4624002598558953,12.217,57.1
11681,1931-12-28 00:00:00,0.376228389116769,0.1689139022846343,0.5835428759489036,12.217,57.1
11682,1931-12-29 00:00:00,0.3969946081222082,0.1897533970101481,0.6042358192342683,12.217,57.1
11683,1931-12-30 00:00:00,0.1502080574289231,-0.0558423180517448,0.3562584329095911,12.217,57.1
11684,1931-12-31 00:00:00,-0.0028063186987797,-0.2085358079678522,0.2029231705702927,12.217,57.1
11685,1932-01-01 00:00:00,-0.0002535224869996,-0.2058892199326852,0.2053821749586858,12.217,57.1
11686,1932-01-02 00:00:00,0.2150747012298143,0.0061592485722425,0.423990153887386,12.217,57.1
11687,1932-01-03 00:00:00,0.1828199750967971,-0.0283461789827107,0.3939861291763049,12.217,57.1
11688,1932-01-04 00:00:00,0.0202772631721489,-0.1861418956733511,0.2266964220176489,12.217,57.1
11689,1932-01-05 00:00:00,0.1235425809691484,-0.0827607585437168,0.3298459204820138,12.217,57.1
11690,1932-01-06 00:00:00,0.3641276314037737,0.1573593695340832,0.5708958932734642,12.217,57.1
11691,1932-01-07 00:00:00,0.3882492802381616,0.1815450285777214,0.5949535318986019,12.217,57.1
11692,1932-01-08 00:00:00,0.6966108320571502,0.4893844484046556,0.9038372157096448,12.217,57.1
11693,1932-01-09 00:00:00,0.1890173212941255,-0.0175234287284546,0.3955580713167058,12.217,57.1
11694,1932-01-10 00:00:00,0.083676044340388,-0.1222425916642914,0.2895946803450674,12.217,57.1
11695,1932-01-11 00:00:00,0.2011904696696886,-0.0066118643349843,0.4089928036743616,12.217,57.1
11696,1932-01-12 00:00:00,0.3348860853691867,0.1271219063245089,0.5426502644138644,12.217,57.1
11697,1932-01-13 00:00:00,0.1612042039056504,-0.0446004754605579,0.3670088832718587,12.217,57.1
11698,1932-01-14 00:00:00,0.2486517502771345,0.0409920008306216,0.4563114997236474,12.217,57.1
11699,1932-01-15 00:00:00,0.2249878405201544,0.0167595165080732,0.4332161645322355,12.217,57.1
11700,1932-01-16 00:00:00,0.2173770853532648,0.0104056254328773,0.4243485452736523,12.217,57.1
11701,1932-01-17 00:00:00,0.213154785107564,0.005954137204208,0.4203554330109199,12.217,57.1
11702,1932-01-18 00:00:00,0.266249016307277,0.0590066129979077,0.4734914196166463,12.217,57.1
11703,1932-01-19 00:00:00,0.2045162434913437,-0.0023445771331982,0.4113770641158858,12.217,57.1
11704,1932-01-20 00:00:00,0.1628611884894696,-0.0439227906471984,0.3696451676261377,12.217,57.1
11705,1932-01-21 00:00:00,-0.0027569302307824,-0.2089747765808938,0.2034609161193289,12.217,57.1
11706,1932-01-22 00:00:00,0.0790362522343796,-0.1273207048070645,0.2853932092758238,12.217,57.1
11707,1932-01-23 00:00:00,0.0444216491380166,-0.161472739447481,0.2503160377235143,12.217,57.1
11708,1932-01-24 00:00:00,0.0166335607931824,-0.1893370212843822,0.2226041428707472,12.217,57.1
11709,1932-01-25 00:00:00,-0.0127419866140439,-0.2188175751198427,0.1933336018917547,12.217,57.1
11710,1932-01-26 00:00:00,-0.0187804551763525,-0.2248741795547636,0.1873132692020586,12.217,57.1
11711,1932-01-27 00:00:00,0.000257095376416,-0.2055425236914262,0.2060567144442583,12.217,57.1
11712,1932-01-28 00:00:00,0.1856882087004464,-0.0205752457504135,0.3919516631513065,12.217,57.1
11713,1932-01-29 00:00:00,0.1803457972594275,-0.0257498296167937,0.3864414241356488,12.217,57.1
11714,1932-01-30 00:00:00,0.2903495183464083,0.0837789941837256,0.496920042509091,12.217,57.1
11715,1932-01-31 00:00:00,-0.0311265637134703,-0.2377499504317847,0.1754968230048439,12.217,57.1
11716,1932-02-01 00:00:00,0.1818473249591181,-0.0251806231352071,0.3888752730534432,12.217,57.1
11717,1932-02-02 00:00:00,0.1285481952770176,-0.0804773735496383,0.3375737641036737,12.217,57.1
11718,1932-02-03 00:00:00,-0.0371576489771977,-0.2438480359543943,0.1695327379999988,12.217,57.1
11719,1932-02-04 00:00:00,-0.0281910964039489,-0.2344750038325197,0.1780928110246219,12.217,57.1
11720,1932-02-05 00:00:00,-0.017780290288756,-0.223934636722052,0.18837405614454,12.217,57.1
11721,1932-02-06 00:00:00,-0.0506391311718958,-0.256731777967954,0.1554535156241623,12.217,57.1
11722,1932-02-07 00:00:00,-0.0174922791673765,-0.2233194181235961,0.1883348597888429,12.217,57.1
11723,1932-02-08 00:00:00,0.0334831867538454,-0.1721185615045606,0.2390849350122516,12.217,57.1
11724,1932-02-09 00:00:00,-0.100301896262253,-0.3080568151184017,0.1074530225938956,12.217,57.1
11725,1932-02-10 00:00:00,-0.2512883692522148,-0.4579867441096096,-0.0445899943948199,12.217,57.1
11726,1932-02-11 00:00:00,-0.1636663157818968,-0.3699754966749728,0.0426428651111791,12.217,57.1
11727,1932-02-12 00:00:00,-0.0806915584101392,-0.286708805011613,0.1253256881913345,12.217,57.1
11728,1932-02-13 00:00:00,-0.0841202473349158,-0.2899502955493939,0.1217098008795622,12.217,57.1
11729,1932-02-14 00:00:00,0.0068023686418978,-0.1986728580427062,0.2122775953265019,12.217,57.1
11730,1932-02-15 00:00:00,-0.0067283964054399,-0.212401543759093,0.1989447509482132,12.217,57.1
11731,1932-02-16 00:00:00,-0.0321935060031415,-0.2382869009972381,0.173899888990955,12.217,57.1
11732,1932-02-17 00:00:00,-0.1100385303377143,-0.3158976332930177,0.0958205726175888,12.217,57.1
11733,1932-02-18 00:00:00,-0.0649924547908361,-0.2707104404617772,0.1407255308801049,12.217,57.1
11734,1932-02-19 00:00:00,-0.0081473209730527,-0.2137930658307322,0.1974984238846267,12.217,57.1
11735,1932-02-20 00:00:00,0.034100470449878,-0.1730358287661991,0.2412367696659551,12.217,57.1
11736,1932-02-21 00:00:00,-0.0473072186013231,-0.255992177303831,0.1613777401011847,12.217,57.1
11737,1932-02-22 00:00:00,0.1547829335107673,-0.0521956566780727,0.3617615236996074,12.217,57.1
11738,1932-02-23 00:00:00,0.0308437408976964,-0.1749416815828279,0.2366291633782207,12.217,57.1
11739,1932-02-24 00:00:00,0.0607040293397096,-0.1449668094151782,0.2663748680945976,12.217,57.1
11740,1932-02-25 00:00:00,-0.1042502015854015,-0.3099754284465966,0.1014750252757936,12.217,57.1
11741,1932-02-26 00:00:00,-0.0158440882917357,-0.2220717121261135,0.190383535542642,12.217,57.1
11742,1932-02-27 00:00:00,-0.0431354452708427,-0.2491763419828748,0.1629054514411892,12.217,57.1
11743,1932-02-28 00:00:00,-0.1881740899992346,-0.3942434211948847,0.0178952411964155,12.217,57.1
11744,1932-02-29 00:00:00,-0.1383950566936016,-0.3441583990631618,0.0673682856759586,12.217,57.1
11745,1932-03-01 00:00:00,-0.1234997387633548,-0.32942811634593,0.0824286388192202,12.217,57.1
11746,1932-03-02 00:00:00,-0.0510111952763622,-0.2566213434145126,0.1545989528617881,12.217,57.1
11747,1932-03-03 00:00:00,-0.0045595822816827,-0.2102235944510696,0.2011044298877041,12.217,57.1
11748,1932-03-04 00:00:00,0.0801392733818449,-0.1256276357921794,0.2859061825558693,12.217,57.1
11749,1932-03-05 00:00:00,0.059053715132213,-0.1465967528045596,0.2647041830689857,12.217,57.1
11750,1932-03-06 00:00:00,0.1499391911049506,-0.0556415379473627,0.355519920157264,12.217,57.1
11751,1932-03-07 00:00:00,0.1939257372217748,-0.0123568927123746,0.4002083671559243,12.217,57.1
11752,1932-03-08 00:00:00,0.0183251861887562,-0.1878170548477084,0.2244674272252209,12.217,57.1
11753,1932-03-09 00:00:00,0.045213993332312,-0.1614558270221147,0.2518838136867389,12.217,57.1
11754,1932-03-10 00:00:00,-0.020343915263173,-0.2277598527696722,0.1870720222433261,12.217,57.1
11755,1932-03-11 00:00:00,-0.039711933612773,-0.2454175201475143,0.1659936529219682,12.217,57.1
11756,1932-03-12 00:00:00,-0.028786756053032,-0.2347587745451825,0.1771852624391183,12.217,57.1
11757,1932-03-13 00:00:00,0.113097143535216,-0.0926606813025265,0.3188549683729587,12.217,57.1
11758,1932-03-14 00:00:00,0.2119429639717294,0.0060838383891793,0.4178020895542794,12.217,57.1
11759,1932-03-15 00:00:00,0.3373859621036871,0.1274844257820142,0.5472874984253602,12.217,57.1
11760,1932-03-16 00:00:00,0.0759868666954575,-0.130443099812099,0.2824168332030142,12.217,57.1
11761,1932-03-17 00:00:00,0.1320023427579232,-0.0741935894084492,0.3381982749242956,12.217,57.1
11762,1932-03-18 00:00:00,0.0602628398714747,-0.1455641897085184,0.266089869451468,12.217,57.1
11763,1932-03-19 00:00:00,-0.007055307303527,-0.2128134573813845,0.1987028427743304,12.217,57.1
11764,1932-03-20 00:00:00,0.0357735670185171,-0.1700360102723553,0.2415831443093897,12.217,57.1
11765,1932-03-21 00:00:00,-0.0599491838621794,-0.2658313892607434,0.1459330215363846,12.217,57.1
11766,1932-03-22 00:00:00,-0.0810810399392776,-0.2867635849988517,0.1246015051202964,12.217,57.1
11767,1932-03-23 00:00:00,-0.0766938211633008,-0.2823428456602233,0.1289552033336214,12.217,57.1
11768,1932-03-24 00:00:00,-0.0787807300927537,-0.2844322289995792,0.1268707688140717,12.217,57.1
11769,1932-03-25 00:00:00,-0.0167253287239578,-0.2222290188638158,0.1887783614159001,12.217,57.1
11770,1932-03-26 00:00:00,-0.0019933201135403,-0.207452796578721,0.2034661563516404,12.217,57.1
11771,1932-03-27 00:00:00,0.0263848631445972,-0.1791253712730143,0.2318950975622087,12.217,57.1
11772,1932-03-28 00:00:00,0.0658350536995874,-0.1397796542611386,0.2714497616603134,12.217,57.1
11773,1932-03-29 00:00:00,0.2134235079534055,0.0074372453593184,0.4194097705474927,12.217,57.1
11774,1932-03-30 00:00:00,0.1561821499346124,-0.0493860966631856,0.3617503965324106,12.217,57.1
11775,1932-03-31 00:00:00,0.2062914849216399,0.0004392952740396,0.4121436745692403,12.217,57.1
11776,1932-04-01 00:00:00,0.2489170286300308,0.0425139199295006,0.455320137330561,12.217,57.1
11777,1932-04-02 00:00:00,0.1948199758544887,-0.0111649596897651,0.4008049113987426,12.217,57.1
11778,1932-04-03 00:00:00,0.1682870282701054,-0.037404702361726,0.373978758901937,12.217,57.1
11779,1932-04-04 00:00:00,0.114733025853321,-0.0908118554230451,0.3202779071296873,12.217,57.1
11780,1932-04-05 00:00:00,0.1022539560402376,-0.1032645088879369,0.3077724209684122,12.217,57.1
11781,1932-04-06 00:00:00,0.1320454503568256,-0.0736778388774632,0.3377687395911144,12.217,57.1
11782,1932-04-07 00:00:00,0.3177938373393707,0.1117526337818768,0.5238350408968646,12.217,57.1
11783,1932-04-08 00:00:00,0.3944990280256991,0.1884425504946194,0.6005555055567788,12.217,57.1
11784,1932-04-09 00:00:00,0.2104214021174991,0.0039340945763791,0.4169087096586191,12.217,57.1
11785,1932-04-10 00:00:00,0.1528959304590209,-0.053819366133424,0.3596112270514658,12.217,57.1
11786,1932-04-11 00:00:00,0.1953605521109479,-0.0104544848537153,0.4011755890756112,12.217,57.1
11787,1932-04-12 00:00:00,0.1791410022130638,-0.02665870065351,0.3849407050796376,12.217,57.1
11788,1932-04-13 00:00:00,-0.019066793788248,-0.224722639756744,0.1865890521802478,12.217,57.1
11789,1932-04-14 00:00:00,-0.023220849140068,-0.2287039683243626,0.1822622700442264,12.217,57.1
11790,1932-04-15 00:00:00,0.0052645826027324,-0.200188008172985,0.21071717337845,12.217,57.1
11791,1932-04-16 00:00:00,-0.0743766393611558,-0.2802936100812043,0.1315403313588925,12.217,57.1
11792,1932-04-17 00:00:00,-0.1116148612324594,-0.3179752284956477,0.0947455060307287,12.217,57.1
11793,1932-04-18 00:00:00,0.0242301743775859,-0.1818676330193006,0.2303279817744726,12.217,57.1
11794,1932-04-19 00:00:00,0.0185750271466426,-0.1870298698142753,0.2241799241075605,12.217,57.1
11795,1932-04-20 00:00:00,0.0766659404127443,-0.1287500591654068,0.2820819399908956,12.217,57.1
11796,1932-04-21 00:00:00,0.1147472888503605,-0.0909854654987979,0.3204800431995191,12.217,57.1
11797,1932-04-22 00:00:00,0.1211272622381893,-0.0845776061907112,0.3268321306670899,12.217,57.1
11798,1932-04-23 00:00:00,0.1377427326011047,-0.067997591015591,0.3434830562178005,12.217,57.1
11799,1932-04-24 00:00:00,0.115802796538675,-0.089780810393313,0.3213864034706631,12.217,57.1
11800,1932-04-25 00:00:00,0.0766690179283941,-0.1288632319450312,0.2822012678018194,12.217,57.1
11801,1932-04-26 00:00:00,0.1589792445714466,-0.0466504972430517,0.3646089863859449,12.217,57.1
11802,1932-04-27 00:00:00,0.1449426107170072,-0.0609205309854483,0.3508057524194629,12.217,57.1
11803,1932-04-28 00:00:00,0.1046668574754035,-0.1009821550197276,0.3103158699705347,12.217,57.1
11804,1932-04-29 00:00:00,0.0520616432622991,-0.1536033091320066,0.2577265956566049,12.217,57.1
11805,1932-04-30 00:00:00,0.025639414999523,-0.1800596067786128,0.2313384367776589,12.217,57.1
11806,1932-05-01 00:00:00,-0.0273417350642233,-0.2331682250549544,0.1784847549265076,12.217,57.1
11807,1932-05-02 00:00:00,0.0244446514682845,-0.1813000831923424,0.2301893861289115,12.217,57.1
11808,1932-05-03 00:00:00,0.0084540382411187,-0.1972200371483701,0.2141281136306076,12.217,57.1
11809,1932-05-04 00:00:00,-0.0030446784915456,-0.2087121615057049,0.2026228045226137,12.217,57.1
11810,1932-05-05 00:00:00,0.0180743975468277,-0.1878459813998622,0.2239947764935176,12.217,57.1
11811,1932-05-06 00:00:00,0.1049373297356129,-0.1014022305373329,0.3112768900085588,12.217,57.1
11812,1932-05-07 00:00:00,0.1088262788050938,-0.0972583702332902,0.3149109278434781,12.217,57.1
11813,1932-05-08 00:00:00,0.0885361665289787,-0.1170270892542867,0.2940994223122442,12.217,57.1
11814,1932-05-09 00:00:00,0.0798964572677216,-0.1256288131968297,0.2854217277322731,12.217,57.1
11815,1932-05-10 00:00:00,0.0694637073666936,-0.1361228660432037,0.2750502807765911,12.217,57.1
11816,1932-05-11 00:00:00,0.1166747667476952,-0.0892555721852124,0.322605105680603,12.217,57.1
11817,1932-05-12 00:00:00,0.1651119801929054,-0.0406457154451182,0.3708696758309291,12.217,57.1
11818,1932-05-13 00:00:00,0.0698707545487475,-0.1356525236992672,0.2753940327967624,12.217,57.1
11819,1932-05-14 00:00:00,0.140078429574161,-0.0656822857640567,0.3458391449123789,12.217,57.1
11820,1932-05-15 00:00:00,0.0508980982034709,-0.1548369453829571,0.256633141789899,12.217,57.1
11821,1932-05-16 00:00:00,-0.0137622664508128,-0.219511400440699,0.1919868675390733,12.217,57.1
11822,1932-05-17 00:00:00,-0.0123714063397592,-0.2180033349960957,0.1932605223165773,12.217,57.1
11823,1932-05-18 00:00:00,0.0070128705252292,-0.1985859150597209,0.2126116561101794,12.217,57.1
11824,1932-05-19 00:00:00,0.0539819232035244,-0.1516880730885771,0.2596519194956259,12.217,57.1
11825,1932-05-20 00:00:00,0.0893948083791832,-0.1162123513173094,0.2950019680756759,12.217,57.1
11826,1932-05-21 00:00:00,0.0827186738468703,-0.1230640513503789,0.2885013990441197,12.217,57.1
11827,1932-05-22 00:00:00,0.0823975027519509,-0.1235266483860659,0.2883216538899678,12.217,57.1
11828,1932-05-23 00:00:00,0.1607826608469555,-0.0451904096311203,0.3667557313250315,12.217,57.1
11829,1932-05-24 00:00:00,0.1485348280355629,-0.0576687721235019,0.3547384281946278,12.217,57.1
11830,1932-05-25 00:00:00,0.0501203007756637,-0.1555425965863243,0.2557831981376519,12.217,57.1
11831,1932-05-26 00:00:00,-0.0031561184289814,-0.2089100825327681,0.2025978456748053,12.217,57.1
11832,1932-05-27 00:00:00,0.0557090579295318,-0.1509476353090614,0.2623657511681252,12.217,57.1
11833,1932-05-28 00:00:00,-0.0024745052476537,-0.2089284219055765,0.203979411410269,12.217,57.1
11834,1932-05-29 00:00:00,0.0141105380878579,-0.1923734485583086,0.2205945247340246,12.217,57.1
11835,1932-05-30 00:00:00,-0.038034687244321,-0.2436621594767966,0.1675927849881545,12.217,57.1
11836,1932-05-31 00:00:00,-0.0031041166856979,-0.2095216745367624,0.2033134411653664,12.217,57.1
11837,1932-06-01 00:00:00,-0.0205059504888179,-0.226465864527907,0.1854539635502711,12.217,57.1
11838,1932-06-02 00:00:00,0.0210459098064165,-0.1844997833625804,0.2265916029754134,12.217,57.1
11839,1932-06-03 00:00:00,0.1313034711591755,-0.074945348011286,0.3375522903296372,12.217,57.1
11840,1932-06-04 00:00:00,0.0862620155300962,-0.1207572329234096,0.2932812639836021,12.217,57.1
11841,1932-06-05 00:00:00,0.0751900301391472,-0.1303320757067236,0.280712135985018,12.217,57.1
11842,1932-06-06 00:00:00,0.0823593603036602,-0.1230561497406601,0.2877748703479806,12.217,57.1
11843,1932-06-07 00:00:00,0.0413454367835276,-0.1640757321654241,0.2467666057324793,12.217,57.1
11844,1932-06-08 00:00:00,0.1175232546953032,-0.0882395198571409,0.3232860292477473,12.217,57.1
11845,1932-06-09 00:00:00,0.1405878045252774,-0.065238586016152,0.3464141950667069,12.217,57.1
11846,1932-06-10 00:00:00,0.1041584025984461,-0.1014463336406647,0.3097631388375571,12.217,57.1
11847,1932-06-11 00:00:00,0.0455856361582967,-0.1599335743021475,0.2511048466187409,12.217,57.1
11848,1932-06-12 00:00:00,0.0276099229690764,-0.1780365146276448,0.2332563605657977,12.217,57.1
11849,1932-06-13 00:00:00,0.0893076812231265,-0.1165003211544067,0.2951156836006599,12.217,57.1
11850,1932-06-14 00:00:00,-0.0340662616990428,-0.2396641567140595,0.1715316333159739,12.217,57.1
11851,1932-06-15 00:00:00,-0.0864794682749758,-0.2919803745704884,0.1190214380205367,12.217,57.1
11852,1932-06-16 00:00:00,-0.0842751888180665,-0.2898088924617524,0.1212585148256192,12.217,57.1
11853,1932-06-17 00:00:00,-0.0605522122190526,-0.2662937364179922,0.145189311979887,12.217,57.1
11854,1932-06-18 00:00:00,-0.0060117883178278,-0.2117219663765825,0.1996983897409268,12.217,57.1
11855,1932-06-19 00:00:00,0.0138844521467831,-0.1916466693505343,0.2194155736441007,12.217,57.1
11856,1932-06-20 00:00:00,0.0409002659064784,-0.1648161737311314,0.2466167055440883,12.217,57.1
11857,1932-06-21 00:00:00,-0.0042714438724153,-0.2100691407726511,0.2015262530278203,12.217,57.1
11858,1932-06-22 00:00:00,-0.0361997279182277,-0.2418947067681533,0.1694952509316979,12.217,57.1
11859,1932-06-23 00:00:00,-0.0352673950064488,-0.2407414620335426,0.1702066720206448,12.217,57.1
11860,1932-06-24 00:00:00,-0.0063966521676202,-0.2119231405475667,0.1991298362123262,12.217,57.1
11861,1932-06-25 00:00:00,0.0600305400492327,-0.1454736266947766,0.265534706793242,12.217,57.1
11862,1932-06-26 00:00:00,0.1704906352932308,-0.0350726030030878,0.3760538735895494,12.217,57.1
11863,1932-06-27 00:00:00,0.1840183086694385,-0.0216205758863734,0.3896571932252505,12.217,57.1
11864,1932-06-28 00:00:00,0.1147039671326307,-0.0910323278531553,0.3204402621184169,12.217,57.1
11865,1932-06-29 00:00:00,0.0942972620097067,-0.1116687350081121,0.3002632590275256,12.217,57.1
11866,1932-06-30 00:00:00,0.0655758164699697,-0.1400729140162197,0.2712245469561592,12.217,57.1
11867,1932-07-01 00:00:00,0.0488092004946204,-0.1568140337113401,0.254432434700581,12.217,57.1
11868,1932-07-02 00:00:00,0.1844795928583412,-0.0213287300870295,0.390287915803712,12.217,57.1
11869,1932-07-03 00:00:00,0.0345769886386887,-0.1717756874892552,0.2409296647666327,12.217,57.1
11870,1932-07-04 00:00:00,0.0449931358042357,-0.1605555413554327,0.2505418129639041,12.217,57.1
11871,1932-07-05 00:00:00,0.0176878734853832,-0.1878206519151726,0.2231963988859391,12.217,57.1
11872,1932-07-06 00:00:00,0.0564280002761618,-0.1491244198284343,0.261980420380758,12.217,57.1
11873,1932-07-07 00:00:00,0.1277327196360778,-0.0780766786423013,0.333542117914457,12.217,57.1
11874,1932-07-08 00:00:00,0.0323022806523744,-0.1734997301644762,0.238104291469225,12.217,57.1
11875,1932-07-09 00:00:00,0.0317019258212908,-0.1738341544546033,0.237238006097185,12.217,57.1
11876,1932-07-10 00:00:00,0.0536405743990755,-0.1519478846998204,0.2592290334979716,12.217,57.1
11877,1932-07-11 00:00:00,0.0423464341490383,-0.1632630910590306,0.2479559593571073,12.217,57.1
11878,1932-07-12 00:00:00,0.0250979260274876,-0.1804376500001486,0.2306335020551238,12.217,57.1
11879,1932-07-13 00:00:00,0.0239513156873039,-0.1815493836402049,0.2294520150148127,12.217,57.1
11880,1932-07-14 00:00:00,0.0560387307372175,-0.1494991085901531,0.2615765700645882,12.217,57.1
11881,1932-07-15 00:00:00,0.0680318595163986,-0.1375263005242231,0.2735900195570204,12.217,57.1
11882,1932-07-16 00:00:00,0.0730243348855228,-0.1325089803379238,0.2785576501089696,12.217,57.1
11883,1932-07-17 00:00:00,0.0682924377161029,-0.1374478098184797,0.2740326852506856,12.217,57.1
11884,1932-07-18 00:00:00,0.0484600357993494,-0.1578478949135584,0.2547679665122573,12.217,57.1
11885,1932-07-19 00:00:00,0.1328319403436657,-0.0738548675833344,0.3395187482706658,12.217,57.1
11886,1932-07-20 00:00:00,0.1343958334335802,-0.0714121539955924,0.3402038208627528,12.217,57.1
11887,1932-07-21 00:00:00,0.1379518519391354,-0.0675982137615253,0.3435019176397962,12.217,57.1
11888,1932-07-22 00:00:00,0.1098734475250361,-0.0955807771545171,0.3153276722045893,12.217,57.1
11889,1932-07-23 00:00:00,0.0561064661951484,-0.1493401419062099,0.2615530742965069,12.217,57.1
11890,1932-07-24 00:00:00,0.0241253272523727,-0.1812858112604117,0.2295364657651573,12.217,57.1
11891,1932-07-25 00:00:00,0.0275960096695943,-0.1778432812956923,0.233035300634881,12.217,57.1
11892,1932-07-26 00:00:00,0.1171381885533584,-0.0884592982227291,0.322735675329446,12.217,57.1
11893,1932-07-27 00:00:00,0.2253692901264521,0.0192297148668688,0.4315088653860354,12.217,57.1
11894,1932-07-28 00:00:00,0.1219866715464812,-0.0840378177011824,0.328011160794145,12.217,57.1
11895,1932-07-29 00:00:00,0.1492406297853328,-0.0563744910193186,0.3548557505899842,12.217,57.1
11896,1932-07-30 00:00:00,0.159749236113226,-0.0458764489259237,0.3653749211523758,12.217,57.1
11897,1932-07-31 00:00:00,0.1229529846332884,-0.0826403472305925,0.3285463164971695,12.217,57.1
11898,1932-08-01 00:00:00,0.1125945094022877,-0.0928917413720208,0.3180807601765963,12.217,57.1
11899,1932-08-02 00:00:00,0.15403062497924,-0.0515660677351321,0.3596273176936123,12.217,57.1
11900,1932-08-03 00:00:00,0.1608189991644407,-0.0449412454794406,0.3665792438083222,12.217,57.1
11901,1932-08-04 00:00:00,0.0808443834079181,-0.1247560187721407,0.2864447855879771,12.217,57.1
11902,1932-08-05 00:00:00,0.0800268692771923,-0.1253879792183395,0.2854417177727242,12.217,57.1
11903,1932-08-06 00:00:00,0.0746501392347931,-0.1307923796892293,0.2800926581588158,12.217,57.1
11904,1932-08-07 00:00:00,0.0921039687933592,-0.1133637219448883,0.2975716595316067,12.217,57.1
11905,1932-08-08 00:00:00,0.0519357744293314,-0.1536589861843512,0.2575305350430142,12.217,57.1
11906,1932-08-09 00:00:00,0.0347447121699231,-0.1709433398488369,0.2404327641886833,12.217,57.1
11907,1932-08-10 00:00:00,0.1068574219522294,-0.0986437699718556,0.3123586138763146,12.217,57.1
11908,1932-08-11 00:00:00,0.079337113228383,-0.1262074280414033,0.2848816544981694,12.217,57.1
11909,1932-08-12 00:00:00,0.0442903717831074,-0.1611668686492214,0.2497476122154364,12.217,57.1
11910,1932-08-13 00:00:00,0.0672491634243407,-0.1382302728529353,0.2727285997016168,12.217,57.1
11911,1932-08-14 00:00:00,0.0627297037468703,-0.1427380248934807,0.2681974323872212,12.217,57.1
11912,1932-08-15 00:00:00,0.0038542874158402,-0.2015730085978304,0.2092815834295109,12.217,57.1
11913,1932-08-16 00:00:00,0.0012820464255623,-0.2040955611075844,0.2066596539587092,12.217,57.1
11914,1932-08-17 00:00:00,0.0684323700207357,-0.1371769876118899,0.2740417276533613,12.217,57.1
11915,1932-08-18 00:00:00,0.14826198088753,-0.0575424527623437,0.3540664145374038,12.217,57.1
11916,1932-08-19 00:00:00,0.0567969274624184,-0.1488784947131872,0.2624723496380241,12.217,57.1
11917,1932-08-20 00:00:00,0.0163120691281936,-0.1896380826743419,0.2222622209307292,12.217,57.1
11918,1932-08-21 00:00:00,0.0515048570289163,-0.1540537714747838,0.2570634855326166,12.217,57.1
11919,1932-08-22 00:00:00,-0.0321528732387049,-0.2377218416912659,0.173416095213856,12.217,57.1
11920,1932-08-23 00:00:00,-0.0516547838321368,-0.2572469457210586,0.1539373780567851,12.217,57.1
11921,1932-08-24 00:00:00,-0.027636403757003,-0.2334122649848252,0.1781394574708191,12.217,57.1
11922,1932-08-25 00:00:00,-0.0205437440962612,-0.2260669320892816,0.184979443896759,12.217,57.1
11923,1932-08-26 00:00:00,0.009448253986559,-0.1959709164284044,0.2148674244015225,12.217,57.1
11924,1932-08-27 00:00:00,0.0049269528857208,-0.2005053395125965,0.2103592452840382,12.217,57.1
11925,1932-08-28 00:00:00,0.052722223926902,-0.1528223825108718,0.258266830364676,12.217,57.1
11926,1932-08-29 00:00:00,0.0432587678041272,-0.1622840796342073,0.2488016152424619,12.217,57.1
11927,1932-08-30 00:00:00,0.0230028734549463,-0.1824905367610641,0.2284962836709567,12.217,57.1
11928,1932-08-31 00:00:00,0.0595086820755159,-0.1458988075080285,0.2649161716590605,12.217,57.1
11929,1932-09-01 00:00:00,0.0894071625677765,-0.1161632311461178,0.2949775562816709,12.217,57.1
11930,1932-09-02 00:00:00,0.0807583530440855,-0.1251403982558407,0.2866571043440118,12.217,57.1
11931,1932-09-03 00:00:00,0.3221995433728669,0.1156513846241447,0.5287477021215892,12.217,57.1
11932,1932-09-04 00:00:00,0.4292648706889808,0.2227511115111278,0.6357786298668338,12.217,57.1
11933,1932-09-05 00:00:00,0.3990090129337316,0.1928892996977045,0.6051287261697587,12.217,57.1
11934,1932-09-06 00:00:00,0.1465776114110809,-0.0590749169803706,0.3522301398025323,12.217,57.1
11935,1932-09-07 00:00:00,0.193282022725758,-0.01278629579997,0.399350341251486,12.217,57.1
11936,1932-09-08 00:00:00,0.2284060538468305,0.0220473756995795,0.4347647319940815,12.217,57.1
11937,1932-09-09 00:00:00,0.0960125321425065,-0.1095684502424132,0.3015935145274263,12.217,57.1
11938,1932-09-10 00:00:00,0.0677949617936578,-0.1377007857692429,0.2732907093565585,12.217,57.1
11939,1932-09-11 00:00:00,0.1766587892904685,-0.0295260861970785,0.3828436647780155,12.217,57.1
11940,1932-09-12 00:00:00,0.3649217803896447,0.1565691131664534,0.573274447612836,12.217,57.1
11941,1932-09-13 00:00:00,0.4220438904249763,0.2146380834146347,0.629449697435318,12.217,57.1
11942,1932-09-14 00:00:00,0.1039849719684161,-0.1024350112305658,0.3104049551673982,12.217,57.1
11943,1932-09-15 00:00:00,0.1378843727077168,-0.0684402330641192,0.344208978479553,12.217,57.1
11944,1932-09-16 00:00:00,0.0893636469051978,-0.1168492143307379,0.2955765081411336,12.217,57.1
11945,1932-09-17 00:00:00,0.0641576226168585,-0.1414618255761097,0.2697770708098268,12.217,57.1
11946,1932-09-18 00:00:00,0.0618136857391788,-0.1438052506355256,0.2674326221138832,12.217,57.1
11947,1932-09-19 00:00:00,0.2475558647902086,0.0413640522107114,0.4537476773697059,12.217,57.1
11948,1932-09-20 00:00:00,0.238359275352561,0.0324917371018854,0.4442268136032365,12.217,57.1
11949,1932-09-21 00:00:00,0.1169616862938215,-0.0888720556912894,0.3227954282789325,12.217,57.1
11950,1932-09-22 00:00:00,0.1093220977068581,-0.0963687366885278,0.3150129321022442,12.217,57.1
11951,1932-09-23 00:00:00,0.1347027827903246,-0.0710668360895726,0.3404724016702219,12.217,57.1
11952,1932-09-24 00:00:00,0.1644322041876255,-0.0416779738695781,0.3705423822448291,12.217,57.1
11953,1932-09-25 00:00:00,0.1375813073004248,-0.0680532084108842,0.3432158230117339,12.217,57.1
11954,1932-09-26 00:00:00,0.2163008475540608,0.0104316719707131,0.4221700231374085,12.217,57.1
11955,1932-09-27 00:00:00,0.1625728160284459,-0.042943963803205,0.3680895958600969,12.217,57.1
11956,1932-09-28 00:00:00,0.0212697081428112,-0.184363179385004,0.2269025956706264,12.217,57.1
11957,1932-09-29 00:00:00,0.0463084122958412,-0.1595244086345625,0.2521412332262451,12.217,57.1
11958,1932-09-30 00:00:00,-0.0002852206596706,-0.2060268043821286,0.2054563630627873,12.217,57.1
11959,1932-10-01 00:00:00,0.1270432278208506,-0.0788227790080767,0.332909234649778,12.217,57.1
11960,1932-10-02 00:00:00,0.2005962307044165,-0.0062666688080899,0.407459130216923,12.217,57.1
11961,1932-10-03 00:00:00,0.1519716322095477,-0.0541636269786448,0.3581068913977403,12.217,57.1
11962,1932-10-04 00:00:00,0.0654869423825658,-0.1404735462623801,0.2714474310275118,12.217,57.1
11963,1932-10-05 00:00:00,0.0810911760210519,-0.124552983772328,0.2867353358144319,12.217,57.1
11964,1932-10-06 00:00:00,0.0417406122102728,-0.1637809197617763,0.2472621441823219,12.217,57.1
11965,1932-10-07 00:00:00,0.1026834735803139,-0.1030760088654994,0.3084429560261273,12.217,57.1
11966,1932-10-08 00:00:00,0.1153978002312899,-0.0909981851152708,0.3217937855778507,12.217,57.1
11967,1932-10-09 00:00:00,0.14012891332553,-0.0667078922687243,0.3469657189197844,12.217,57.1
11968,1932-10-10 00:00:00,0.0952715525782139,-0.1115843004520851,0.3021274056085131,12.217,57.1
11969,1932-10-11 00:00:00,0.1425846282353784,-0.0644514637294806,0.3496207202002376,12.217,57.1
11970,1932-10-12 00:00:00,0.0681487639059209,-0.137527436023603,0.2738249638354449,12.217,57.1
11971,1932-10-13 00:00:00,0.1179131475818716,-0.0876110561522005,0.3234373513159438,12.217,57.1
11972,1932-10-14 00:00:00,0.3083475741902606,0.1009798872699255,0.5157152611105956,12.217,57.1
11973,1932-10-15 00:00:00,0.1894260089260087,-0.0186446407911366,0.3974966586431542,12.217,57.1
11974,1932-10-16 00:00:00,0.2171594471100037,0.0097837928944268,0.4245351013255806,12.217,57.1
11975,1932-10-17 00:00:00,0.2110002116488242,0.0045081888023963,0.4174922344952521,12.217,57.1
11976,1932-10-18 00:00:00,0.1735844968540409,-0.0321979177432843,0.3793669114513661,12.217,57.1
11977,1932-10-19 00:00:00,0.0927973775162446,-0.1134854740413974,0.2990802290738867,12.217,57.1
11978,1932-10-20 00:00:00,0.0237984915397976,-0.1821159448835825,0.2297129279631777,12.217,57.1
11979,1932-10-21 00:00:00,0.1976011466931296,-0.0080838691529648,0.4032861625392241,12.217,57.1
11980,1932-10-22 00:00:00,0.1027454354040895,-0.1029334112536699,0.3084242820618491,12.217,57.1
11981,1932-10-23 00:00:00,0.2315290415983513,0.0246217019180229,0.4384363812786797,12.217,57.1
11982,1932-10-24 00:00:00,0.1781714982362281,-0.0293754951867852,0.3857184916592414,12.217,57.1
11983,1932-10-25 00:00:00,0.1234783804422667,-0.0834115654075939,0.3303683262921274,12.217,57.1
11984,1932-10-26 00:00:00,0.0851426885439312,-0.1208828112750865,0.291168188362949,12.217,57.1
11985,1932-10-27 00:00:00,0.1342924188784892,-0.0721222251627995,0.340707062919778,12.217,57.1
11986,1932-10-28 00:00:00,0.0382256090640514,-0.168048581213112,0.2444997993412148,12.217,57.1
11987,1932-10-29 00:00:00,0.0119278495952896,-0.1939865781153057,0.2178422773058849,12.217,57.1
11988,1932-10-30 00:00:00,0.0492737846620907,-0.1563510704856187,0.2548986398098002,12.217,57.1
11989,1932-10-31 00:00:00,0.1159909578586708,-0.0900312102001871,0.3220131259175289,12.217,57.1
11990,1932-11-01 00:00:00,-0.017182361027327,-0.2237532620354181,0.1893885399807639,12.217,57.1
11991,1932-11-02 00:00:00,0.0635686210049531,-0.1425581109201548,0.2696953529300612,12.217,57.1
11992,1932-11-03 00:00:00,0.0781729340004435,-0.1281345462710549,0.284480414271942,12.217,57.1
11993,1932-11-04 00:00:00,0.1332091720284166,-0.0729539227019099,0.3393722667587431,12.217,57.1
11994,1932-11-05 00:00:00,0.2384671567231531,0.0319569303498399,0.4449773830964663,12.217,57.1
11995,1932-11-06 00:00:00,-0.011082951700508,-0.2180763769294953,0.1959104735284793,12.217,57.1
11996,1932-11-07 00:00:00,-0.0549814155259219,-0.2608367193156136,0.1508738882637696,12.217,57.1
11997,1932-11-08 00:00:00,-0.017112571912459,-0.2227079383400661,0.1884827945151479,12.217,57.1
11998,1932-11-09 00:00:00,-0.0268310795321425,-0.2325486588894497,0.1788864998251645,12.217,57.1
11999,1932-11-10 00:00:00,0.0803186338013205,-0.1253534980641241,0.2859907656667653,12.217,57.1
12000,1932-11-11 00:00:00,-0.0402032349256641,-0.2459742373271568,0.1655677674758286,12.217,57.1
12001,1932-11-12 00:00:00,-0.1789456231841341,-0.384713998357898,0.0268227519896297,12.217,57.1
12002,1932-11-13 00:00:00,-0.2068474264681796,-0.4125308487970212,-0.001164004139338,12.217,57.1
12003,1932-11-14 00:00:00,-0.1574489450234461,-0.3631676265282454,0.048269736481353,12.217,57.1
12004,1932-11-15 00:00:00,-0.0137483719878146,-0.2196264850803961,0.1921297411047667,12.217,57.1
12005,1932-11-16 00:00:00,-0.0635362921562372,-0.2692393926349196,0.1421668083224452,12.217,57.1
12006,1932-11-17 00:00:00,-0.0524728199687555,-0.2580084154405919,0.1530627755030807,12.217,57.1
12007,1932-11-18 00:00:00,-0.0078185894774055,-0.2135099842716674,0.1978728053168562,12.217,57.1
12008,1932-11-19 00:00:00,0.0546830937016576,-0.1513979716809466,0.260764159084262,12.217,57.1
12009,1932-11-20 00:00:00,0.0721898592479561,-0.1338598901264963,0.2782396086224085,12.217,57.1
12010,1932-11-21 00:00:00,0.110683706618486,-0.0951076592336908,0.316475072470663,12.217,57.1
12011,1932-11-22 00:00:00,0.1422184854885493,-0.0633596655770602,0.3477966365541589,12.217,57.1
12012,1932-11-23 00:00:00,0.2700136932584819,0.0630267306061322,0.4770006559108317,12.217,57.1
12013,1932-11-24 00:00:00,0.3944084966777568,0.1875174665796977,0.6012995267758159,12.217,57.1
12014,1932-11-25 00:00:00,0.3341946102165778,0.1283417489130977,0.5400474715200579,12.217,57.1
12015,1932-11-26 00:00:00,0.1964646389797649,-0.0094221084979099,0.4023513864574398,12.217,57.1
12016,1932-11-27 00:00:00,0.2889080269955963,0.0826298803215156,0.4951861736696771,12.217,57.1
12017,1932-11-28 00:00:00,0.3294962613520787,0.1227362451826867,0.5362562775214708,12.217,57.1
12018,1932-11-29 00:00:00,0.0547029436916216,-0.1523094855478738,0.2617153729311171,12.217,57.1
12019,1932-11-30 00:00:00,0.3281597335995114,0.1198471026538746,0.5364723645451481,12.217,57.1
12020,1932-12-01 00:00:00,0.2518479400053319,0.0444353329832255,0.4592605470274382,12.217,57.1
12021,1932-12-02 00:00:00,0.23242183181985,0.0262509101136865,0.4385927535260135,12.217,57.1
12022,1932-12-03 00:00:00,0.2784416919794032,0.07136825814944,0.4855151258093664,12.217,57.1
12023,1932-12-04 00:00:00,0.3229677095814653,0.1151678930855093,0.5307675260774213,12.217,57.1
12024,1932-12-05 00:00:00,0.2094630422076002,0.0032874331912066,0.4156386512239939,12.217,57.1
12025,1932-12-06 00:00:00,0.0718839867508454,-0.1339529662666344,0.2777209397683253,12.217,57.1
12026,1932-12-07 00:00:00,-0.0552512269739112,-0.261281686720192,0.1507792327723695,12.217,57.1
12027,1932-12-08 00:00:00,-0.1294734119337762,-0.3358113815518319,0.0768645576842793,12.217,57.1
12028,1932-12-09 00:00:00,-0.1500125010417152,-0.3558517973451052,0.0558267952616747,12.217,57.1
12029,1932-12-10 00:00:00,-0.1042710560551009,-0.3097719311603135,0.1012298190501117,12.217,57.1
12030,1932-12-11 00:00:00,-0.063169271574833,-0.2687528535891113,0.1424143104394452,12.217,57.1
12031,1932-12-12 00:00:00,-0.04720412080758,-0.2527728053054114,0.1583645636902513,12.217,57.1
12032,1932-12-13 00:00:00,-0.0682539679945795,-0.2738831473024254,0.1373752113132662,12.217,57.1
12033,1932-12-14 00:00:00,0.0317995812003577,-0.1738057556798474,0.237404918080563,12.217,57.1
12034,1932-12-15 00:00:00,0.0194437179231912,-0.1861651832158204,0.225052619062203,12.217,57.1
12035,1932-12-16 00:00:00,0.099510116829232,-0.1062630216525536,0.3052832553110178,12.217,57.1
12036,1932-12-17 00:00:00,0.2853079054740486,0.0788125059769022,0.4918033049711949,12.217,57.1
12037,1932-12-18 00:00:00,0.2710631393088101,0.0639465451501416,0.4781797334674785,12.217,57.1
12038,1932-12-19 00:00:00,0.2556439158924203,0.048678852250712,0.4626089795341286,12.217,57.1
12039,1932-12-20 00:00:00,0.1131167737450816,-0.0929287650078087,0.319162312497972,12.217,57.1
12040,1932-12-21 00:00:00,0.0585720429829999,-0.1472917442024323,0.2644358301684321,12.217,57.1
12041,1932-12-22 00:00:00,0.0258149054924552,-0.1797959618155737,0.2314257728004842,12.217,57.1
12042,1932-12-23 00:00:00,0.0182813074632196,-0.187339643693436,0.2239022586198754,12.217,57.1
12043,1932-12-24 00:00:00,0.0620008696727736,-0.1436985007519428,0.2677002400974901,12.217,57.1
12044,1932-12-25 00:00:00,0.0151758446856853,-0.1905847685549343,0.2209364579263049,12.217,57.1
12045,1932-12-26 00:00:00,-0.0477047921371225,-0.2533514092880793,0.1579418250138342,12.217,57.1
12046,1932-12-27 00:00:00,0.0490736516596975,-0.1565159296817794,0.2546632330011745,12.217,57.1
12047,1932-12-28 00:00:00,0.1089496051067982,-0.0967661163707003,0.3146653265842968,12.217,57.1
12048,1932-12-29 00:00:00,0.1513189841925453,-0.0545760561906696,0.3572140245757603,12.217,57.1
12049,1932-12-30 00:00:00,0.0958480031691329,-0.1103514047695031,0.3020474111077691,12.217,57.1
12050,1932-12-31 00:00:00,0.1247468092632802,-0.0810540512104864,0.3305476697370469,12.217,57.1
12051,1933-01-01 00:00:00,0.1131426878546589,-0.0925251817665027,0.3188105574758207,12.217,57.1
12052,1933-01-02 00:00:00,0.0511554894485511,-0.154574400666274,0.2568853795633763,12.217,57.1
12053,1933-01-03 00:00:00,0.1181190509721595,-0.088062673871796,0.3243007758161151,12.217,57.1
12054,1933-01-04 00:00:00,0.2161901081148412,0.0090701543155438,0.4233100619141386,12.217,57.1
12055,1933-01-05 00:00:00,0.1324116305980089,-0.0741211349965715,0.3389443961925895,12.217,57.1
12056,1933-01-06 00:00:00,0.1274671373507721,-0.078313506553223,0.3332477812547673,12.217,57.1
12057,1933-01-07 00:00:00,0.0882735972448581,-0.1174312613496105,0.2939784558393268,12.217,57.1
12058,1933-01-08 00:00:00,-0.0015579523941022,-0.2071810684243198,0.2040651636361153,12.217,57.1
12059,1933-01-09 00:00:00,0.0720421675567226,-0.1344204645978148,0.2785047997112601,12.217,57.1
12060,1933-01-10 00:00:00,0.1232109372686833,-0.085638466498855,0.3320603410362217,12.217,57.1
12061,1933-01-11 00:00:00,-0.1013045157451811,-0.3078155204670758,0.1052064889767135,12.217,57.1
12062,1933-01-12 00:00:00,0.0297068363596855,-0.1758151680101218,0.2352288407294928,12.217,57.1
12063,1933-01-13 00:00:00,-0.0324258786663572,-0.2378901118799881,0.1730383545472737,12.217,57.1
12064,1933-01-14 00:00:00,-0.0150484964983045,-0.2205600523891347,0.1904630593925256,12.217,57.1
12065,1933-01-15 00:00:00,0.0329143213829809,-0.1730424990908238,0.2388711418567856,12.217,57.1
12066,1933-01-16 00:00:00,0.1861969715295378,-0.0200817052462426,0.3924756483053183,12.217,57.1
12067,1933-01-17 00:00:00,0.0737923474988127,-0.1320169607369751,0.2796016557346005,12.217,57.1
12068,1933-01-18 00:00:00,0.0065364455834045,-0.1991848903430327,0.2122577815098418,12.217,57.1
12069,1933-01-19 00:00:00,0.0525598897207949,-0.1531644820706076,0.2582842615121975,12.217,57.1
12070,1933-01-20 00:00:00,-0.0662615986637361,-0.271913335134903,0.1393901378074308,12.217,57.1
12071,1933-01-21 00:00:00,-0.1732242522714185,-0.3790838758546361,0.0326353713117989,12.217,57.1
12072,1933-01-22 00:00:00,-0.2067071646113865,-0.4127110253566152,-0.0007033038661579,12.217,57.1
12073,1933-01-23 00:00:00,-0.1722678215954616,-0.3782089361727194,0.0336732929817961,12.217,57.1
12074,1933-01-24 00:00:00,-0.1678306452511285,-0.3735814468526384,0.0379201563503814,12.217,57.1
12075,1933-01-25 00:00:00,-0.1312316394532242,-0.3368282000674487,0.0743649211610002,12.217,57.1
12076,1933-01-26 00:00:00,-0.0544504371469445,-0.2600446603239794,0.1511437860300903,12.217,57.1
12077,1933-01-27 00:00:00,0.0092284303130478,-0.196429742777313,0.2148866034034088,12.217,57.1
12078,1933-01-28 00:00:00,0.0227628449107324,-0.1830238454530333,0.2285495352744982,12.217,57.1
12079,1933-01-29 00:00:00,0.0440085853682734,-0.1616423942024901,0.249659564939037,12.217,57.1
12080,1933-01-30 00:00:00,0.0566296095268951,-0.1489115888094389,0.2621708078632292,12.217,57.1
12081,1933-01-31 00:00:00,0.1524560632500328,-0.0531176335100326,0.3580297600100983,12.217,57.1
12082,1933-02-01 00:00:00,0.1268194480362689,-0.0792626604495149,0.3329015565220528,12.217,57.1
12083,1933-02-02 00:00:00,0.3869208476740637,0.1783821213772272,0.5954595739709002,12.217,57.1
12084,1933-02-03 00:00:00,0.7437082184819812,0.5338327591277054,0.953583677836257,12.217,57.1
12085,1933-02-04 00:00:00,0.2351405728926006,0.0280339733995443,0.4422471723856569,12.217,57.1
12086,1933-02-05 00:00:00,0.1884895803733217,-0.0173998305984678,0.3943789913451113,12.217,57.1
12087,1933-02-06 00:00:00,0.2293283144499077,0.0232502659898672,0.4354063629099483,12.217,57.1
12088,1933-02-07 00:00:00,0.0256100837536641,-0.1804870342765167,0.2317072017838451,12.217,57.1
12089,1933-02-08 00:00:00,0.1157736866749411,-0.0899349356571806,0.3214823090070628,12.217,57.1
12090,1933-02-09 00:00:00,0.1192514510184928,-0.0870885770328115,0.3255914790697973,12.217,57.1
12091,1933-02-10 00:00:00,0.3275805057215809,0.1208258645772078,0.5343351468659538,12.217,57.1
12092,1933-02-11 00:00:00,0.0759369399292685,-0.1307772564713048,0.2826511363298419,12.217,57.1
12093,1933-02-12 00:00:00,-0.0414064446187916,-0.2473114654886843,0.1644985762511011,12.217,57.1
12094,1933-02-13 00:00:00,0.1630373772644982,-0.0437602954726646,0.369835050001661,12.217,57.1
12095,1933-02-14 00:00:00,0.2842253224546043,0.0782795463011082,0.4901710986081005,12.217,57.1
12096,1933-02-15 00:00:00,0.0906070072126613,-0.1154582883082426,0.2966723027335653,12.217,57.1
12097,1933-02-16 00:00:00,0.0498532790017647,-0.1567718881597588,0.2564784461632884,12.217,57.1
12098,1933-02-17 00:00:00,0.0054050808466447,-0.2007636993305979,0.2115738610238874,12.217,57.1
12099,1933-02-18 00:00:00,0.042936369942373,-0.1632868467039602,0.2491595865887063,12.217,57.1
12100,1933-02-19 00:00:00,-0.0359902663051152,-0.2415510564077353,0.1695705237975047,12.217,57.1
12101,1933-02-20 00:00:00,-0.0570824992562518,-0.2627761674431929,0.1486111689306891,12.217,57.1
12102,1933-02-21 00:00:00,0.0677945239753095,-0.1381600510797089,0.2737490990303279,12.217,57.1
12103,1933-02-22 00:00:00,0.2084874345810647,0.0014072597613779,0.4155676094007515,12.217,57.1
12104,1933-02-23 00:00:00,-0.0341097019018747,-0.2403649096541117,0.1721455058503623,12.217,57.1
12105,1933-02-24 00:00:00,0.0157180289754598,-0.1908100587428938,0.2222461166938136,12.217,57.1
12106,1933-02-25 00:00:00,-0.0485725298911369,-0.2545487662011753,0.1574037064189014,12.217,57.1
12107,1933-02-26 00:00:00,-0.0696170375400192,-0.2751979491452236,0.1359638740651852,12.217,57.1
12108,1933-02-27 00:00:00,-0.0456857147811507,-0.2513043979058719,0.1599329683435704,12.217,57.1
12109,1933-02-28 00:00:00,-0.032147752579388,-0.2379258788800434,0.1736303737212674,12.217,57.1
12110,1933-03-01 00:00:00,0.0104070781240039,-0.1954489037933313,0.2162630600413392,12.217,57.1
12111,1933-03-02 00:00:00,0.0083177754182173,-0.1973080118319432,0.213943562668378,12.217,57.1
12112,1933-03-03 00:00:00,0.1127880997886356,-0.0929638900445711,0.3185400896218424,12.217,57.1
12113,1933-03-04 00:00:00,0.0551614235461305,-0.1510145817739903,0.2613374288662514,12.217,57.1
12114,1933-03-05 00:00:00,0.1124454430323224,-0.0939495046610884,0.3188403907257333,12.217,57.1
12115,1933-03-06 00:00:00,0.0511605628507696,-0.1550490346404863,0.2573701603420256,12.217,57.1
12116,1933-03-07 00:00:00,0.0508414328595647,-0.1548232373175324,0.2565061030366619,12.217,57.1
12117,1933-03-08 00:00:00,-0.0094714827657821,-0.2153602684367427,0.1964173029051784,12.217,57.1
12118,1933-03-09 00:00:00,-0.0549257052770004,-0.2607638492973405,0.1509124387433396,12.217,57.1
12119,1933-03-10 00:00:00,0.0026273906634501,-0.2029121515090934,0.2081669328359936,12.217,57.1
12120,1933-03-11 00:00:00,-0.0090932934028704,-0.2145645227849877,0.1963779359792467,12.217,57.1
12121,1933-03-12 00:00:00,0.0019504827595951,-0.2034917088406774,0.2073926743598676,12.217,57.1
12122,1933-03-13 00:00:00,0.0254265926818491,-0.1800295525619222,0.2308827379256205,12.217,57.1
12123,1933-03-14 00:00:00,0.0802912388146881,-0.1252137247194051,0.2857962023487814,12.217,57.1
12124,1933-03-15 00:00:00,0.1508278705580314,-0.0546553217261634,0.3563110628422263,12.217,57.1
12125,1933-03-16 00:00:00,0.3432085679858523,0.1373421969662069,0.5490749390054976,12.217,57.1
12126,1933-03-17 00:00:00,0.283948212728737,0.07795548700305,0.4899409384544241,12.217,57.1
12127,1933-03-18 00:00:00,0.3572692838450025,0.1505701770220228,0.5639683906679822,12.217,57.1
12128,1933-03-19 00:00:00,0.2373635675330916,0.0303325381909188,0.4443945968752643,12.217,57.1
12129,1933-03-20 00:00:00,0.2589908937587322,0.0524604276510802,0.4655213598663842,12.217,57.1
12130,1933-03-21 00:00:00,0.052998075077868,-0.1552757118000594,0.2612718619557956,12.217,57.1
12131,1933-03-22 00:00:00,-0.1645067524269535,-0.3717685577642463,0.0427550529103392,12.217,57.1
12132,1933-03-23 00:00:00,-0.0620767738041698,-0.2677212115317417,0.1435676639234019,12.217,57.1
12133,1933-03-24 00:00:00,-0.0860085308023161,-0.2916213475982085,0.1196042859935762,12.217,57.1
12134,1933-03-25 00:00:00,-0.0592129043895453,-0.2647592117671237,0.1463334029880331,12.217,57.1
12135,1933-03-26 00:00:00,-0.0348031274251872,-0.2403906972292251,0.1707844423788506,12.217,57.1
12136,1933-03-27 00:00:00,-0.0656545158752466,-0.2712281556360081,0.1399191238855147,12.217,57.1
12137,1933-03-28 00:00:00,0.0385845831922057,-0.1669875834211727,0.2441567498055842,12.217,57.1
12138,1933-03-29 00:00:00,0.075504788390511,-0.1301087508246643,0.2811183276056865,12.217,57.1
12139,1933-03-30 00:00:00,0.1098963849140359,-0.0956562329953663,0.3154490028234381,12.217,57.1
12140,1933-03-31 00:00:00,0.1290278348253331,-0.0764923944305876,0.334548064081254,12.217,57.1
12141,1933-04-01 00:00:00,0.1922949152428602,-0.0133340011753295,0.3979238316610499,12.217,57.1
12142,1933-04-02 00:00:00,0.1281664979438085,-0.0776419676821306,0.3339749635697477,12.217,57.1
12143,1933-04-03 00:00:00,0.093030782806947,-0.11317244589385,0.2992340115077442,12.217,57.1
12144,1933-04-04 00:00:00,0.2382205550643825,0.0323342855101044,0.4441068246186606,12.217,57.1
12145,1933-04-05 00:00:00,0.1054974018638653,-0.1003742484766847,0.3113690522044153,12.217,57.1
12146,1933-04-06 00:00:00,0.0399562723642923,-0.1655930331020829,0.2455055778306676,12.217,57.1
12147,1933-04-07 00:00:00,0.0216880561048104,-0.1840822202606925,0.2274583324703135,12.217,57.1
12148,1933-04-08 00:00:00,-0.009626153756442,-0.2151787827064641,0.1959264751935799,12.217,57.1
12149,1933-04-09 00:00:00,0.0312911278995708,-0.1741515740938808,0.2367338298930225,12.217,57.1
12150,1933-04-10 00:00:00,0.0649909855712925,-0.1405304826568666,0.2705124537994516,12.217,57.1
12151,1933-04-11 00:00:00,0.0653168853519968,-0.1402339640489446,0.2708677347529383,12.217,57.1
12152,1933-04-12 00:00:00,0.0905180169243346,-0.1150501075594745,0.2960861414081439,12.217,57.1
12153,1933-04-13 00:00:00,0.1148514675967057,-0.0910196490677019,0.3207225842611134,12.217,57.1
12154,1933-04-14 00:00:00,0.1850921297329531,-0.0217272027382602,0.3919114622041665,12.217,57.1
12155,1933-04-15 00:00:00,0.0363095033667014,-0.1699583758356485,0.2425773825690514,12.217,57.1
12156,1933-04-16 00:00:00,0.333120431198139,0.1252891935523855,0.5409516688438925,12.217,57.1
12157,1933-04-17 00:00:00,0.1930954702816218,-0.0155994815500404,0.4017904221132842,12.217,57.1
12158,1933-04-18 00:00:00,0.0363204278834829,-0.1725295536274378,0.2451704093944038,12.217,57.1
12159,1933-04-19 00:00:00,0.0596070964525568,-0.1477587689268018,0.2669729618319155,12.217,57.1
12160,1933-04-20 00:00:00,-0.0117672066709382,-0.2191779060609144,0.1956434927190379,12.217,57.1
12161,1933-04-21 00:00:00,0.0001004857626895,-0.2055478781220423,0.2057488496474213,12.217,57.1
12162,1933-04-22 00:00:00,-0.006948580614077,-0.2126046865220506,0.1987075252938965,12.217,57.1
12163,1933-04-23 00:00:00,0.0322467697623009,-0.173321382939325,0.2378149224639269,12.217,57.1
12164,1933-04-24 00:00:00,0.0747957635426872,-0.1307600567376492,0.2803515838230237,12.217,57.1
12165,1933-04-25 00:00:00,0.0037383938983864,-0.2017457854707307,0.2092225732675037,12.217,57.1
12166,1933-04-26 00:00:00,0.0107027936343908,-0.1947928636949017,0.2161984509636833,12.217,57.1
12167,1933-04-27 00:00:00,0.0539448778435263,-0.1516256574098208,0.2595154130968735,12.217,57.1
12168,1933-04-28 00:00:00,0.0434454576060154,-0.1621349761352424,0.2490258913472731,12.217,57.1
12169,1933-04-29 00:00:00,0.0518376706504435,-0.153721833180069,0.2573971744809562,12.217,57.1
12170,1933-04-30 00:00:00,0.0609416778485699,-0.1446123444023151,0.266495700099455,12.217,57.1
12171,1933-05-01 00:00:00,0.0366433684661189,-0.168881324730937,0.2421680616631749,12.217,57.1
12172,1933-05-02 00:00:00,0.004879989317616,-0.2005920457679354,0.2103520244031675,12.217,57.1
12173,1933-05-03 00:00:00,0.029181556210487,-0.176357531159093,0.234720643580067,12.217,57.1
12174,1933-05-04 00:00:00,0.0253869264934138,-0.1801737409418679,0.2309475939286956,12.217,57.1
12175,1933-05-05 00:00:00,0.0075298930486613,-0.1979747945457706,0.2130345806430933,12.217,57.1
12176,1933-05-06 00:00:00,0.0146003374607364,-0.1908742303144424,0.2200749052359153,12.217,57.1
12177,1933-05-07 00:00:00,0.0567867993717117,-0.1487708570022277,0.2623444557456513,12.217,57.1
12178,1933-05-08 00:00:00,0.1401252660163062,-0.0660649746098112,0.3463155066424237,12.217,57.1
12179,1933-05-09 00:00:00,0.014793568039894,-0.1912179135420544,0.2208050496218425,12.217,57.1
12180,1933-05-10 00:00:00,0.0237542593647359,-0.1820267979698603,0.2295353166993322,12.217,57.1
12181,1933-05-11 00:00:00,0.0219220522303652,-0.1836685909576009,0.2275126954183314,12.217,57.1
12182,1933-05-12 00:00:00,-0.0279173769480686,-0.2334224274997423,0.1775876736036049,12.217,57.1
12183,1933-05-13 00:00:00,0.0008388326585083,-0.2047385291729357,0.2064161944899523,12.217,57.1
12184,1933-05-14 00:00:00,0.0654872359755813,-0.1401305636817407,0.2711050356329035,12.217,57.1
12185,1933-05-15 00:00:00,0.0687400110388428,-0.1368693268236889,0.2743493489013747,12.217,57.1
12186,1933-05-16 00:00:00,-0.0091785820326426,-0.2147593987373566,0.1964022346720714,12.217,57.1
12187,1933-05-17 00:00:00,-0.0339017964333193,-0.2398456144073798,0.1720420215407412,12.217,57.1
12188,1933-05-18 00:00:00,-0.0539452237225877,-0.2596238868883158,0.1517334394431403,12.217,57.1
12189,1933-05-19 00:00:00,-0.0860173044496883,-0.2915963627425628,0.1195617538431861,12.217,57.1
12190,1933-05-20 00:00:00,-0.0428711187349995,-0.2483754071048275,0.1626331696348283,12.217,57.1
12191,1933-05-21 00:00:00,-0.0026295102402983,-0.2081578815193495,0.2028988610387529,12.217,57.1
12192,1933-05-22 00:00:00,-0.0427506985731048,-0.2483028635442307,0.162801466398021,12.217,57.1
12193,1933-05-23 00:00:00,-0.0552149098107292,-0.2608234806141361,0.1503936609926777,12.217,57.1
12194,1933-05-24 00:00:00,-0.019220602865238,-0.2250499117690544,0.1866087060385783,12.217,57.1
12195,1933-05-25 00:00:00,-0.0183806476774671,-0.2242120652220432,0.1874507698671088,12.217,57.1
12196,1933-05-26 00:00:00,0.056473758133759,-0.1491157173450791,0.2620632336125972,12.217,57.1
12197,1933-05-27 00:00:00,0.004440202717721,-0.2011683225779811,0.2100487280134232,12.217,57.1
12198,1933-05-28 00:00:00,-0.0135067108217556,-0.2190239235680059,0.1920105019244946,12.217,57.1
12199,1933-05-29 00:00:00,0.0046541456324861,-0.2008058792271592,0.2101141704921315,12.217,57.1
12200,1933-05-30 00:00:00,0.0288011398027749,-0.1766561626073634,0.2342584422129132,12.217,57.1
12201,1933-05-31 00:00:00,0.0170920392519405,-0.1883544048055853,0.2225384833094663,12.217,57.1
12202,1933-06-01 00:00:00,0.0053759854866671,-0.2000579214067636,0.2108098923800979,12.217,57.1
12203,1933-06-02 00:00:00,-0.0070111075015745,-0.2124905315942029,0.1984683165910538,12.217,57.1
12204,1933-06-03 00:00:00,0.0081719000926798,-0.1975597628179385,0.2139035630032982,12.217,57.1
12205,1933-06-04 00:00:00,0.010788492331142,-0.1952195558817314,0.2167965405440155,12.217,57.1
12206,1933-06-05 00:00:00,-0.0094899681609399,-0.2150710893273263,0.1960911530054463,12.217,57.1
12207,1933-06-06 00:00:00,0.012195157491715,-0.1934522739535366,0.2178425889369667,12.217,57.1
12208,1933-06-07 00:00:00,-0.0058290805185817,-0.2113919060693055,0.1997337450321419,12.217,57.1
12209,1933-06-08 00:00:00,-0.0219068325950482,-0.2275530057964765,0.18373934060638,12.217,57.1
12210,1933-06-09 00:00:00,-0.0174226369278227,-0.223000598606562,0.1881553247509164,12.217,57.1
12211,1933-06-10 00:00:00,0.0052326640315374,-0.2003848753666822,0.2108502034297571,12.217,57.1
12212,1933-06-11 00:00:00,-0.0015402672772888,-0.2070857147738547,0.204005180219277,12.217,57.1
12213,1933-06-12 00:00:00,-0.0067045170142088,-0.2122896689712439,0.1988806349428262,12.217,57.1
12214,1933-06-13 00:00:00,0.0101483338530669,-0.1955172117882316,0.2158138794943655,12.217,57.1
12215,1933-06-14 00:00:00,-0.0504015070386684,-0.2560233383667682,0.1552203242894314,12.217,57.1
12216,1933-06-15 00:00:00,-0.0183689776797943,-0.2239291372201282,0.1871911818605394,12.217,57.1
12217,1933-06-16 00:00:00,0.0259461919046853,-0.1795361423220818,0.2314285261314524,12.217,57.1
12218,1933-06-17 00:00:00,0.0976120287488775,-0.1079337700291925,0.3031578275269476,12.217,57.1
12219,1933-06-18 00:00:00,0.3702207876208842,0.1632383164348348,0.5772032588069336,12.217,57.1
12220,1933-06-19 00:00:00,0.0133092860366371,-0.1951554746056633,0.2217740466789375,12.217,57.1
12221,1933-06-20 00:00:00,0.1276853131682045,-0.0789820953963267,0.3343527217327358,12.217,57.1
12222,1933-06-21 00:00:00,0.1285010266693916,-0.0786643472805093,0.3356664006192926,12.217,57.1
12223,1933-06-22 00:00:00,0.0162507254091162,-0.1896475616125407,0.2221490124307732,12.217,57.1
12224,1933-06-23 00:00:00,0.0158118368254753,-0.1897665623913087,0.2213902360422595,12.217,57.1
12225,1933-06-24 00:00:00,0.0457668257918501,-0.1608193164154119,0.2523529679991122,12.217,57.1
12226,1933-06-25 00:00:00,-0.0057756641443927,-0.2128979489269227,0.2013466206381371,12.217,57.1
12227,1933-06-26 00:00:00,0.0666874852831545,-0.139208190291129,0.2725831608574381,12.217,57.1
12228,1933-06-27 00:00:00,0.1106442780682433,-0.0948770331511605,0.3161655892876471,12.217,57.1
12229,1933-06-28 00:00:00,0.0902095672454183,-0.1153197839080767,0.2957389183989133,12.217,57.1
12230,1933-06-29 00:00:00,0.0638725114096221,-0.1417492240667844,0.2694942468860287,12.217,57.1
12231,1933-06-30 00:00:00,0.0635495567693919,-0.1419566190136064,0.2690557325523903,12.217,57.1
12232,1933-07-01 00:00:00,0.0770180111968934,-0.1284857547710058,0.2825217771647929,12.217,57.1
12233,1933-07-02 00:00:00,0.0500754232593394,-0.1554211601271886,0.2555720066458674,12.217,57.1
12234,1933-07-03 00:00:00,-0.0199495842308132,-0.2254502624018333,0.1855510939402069,12.217,57.1
12235,1933-07-04 00:00:00,-0.001485852336401,-0.2071675255352481,0.2041958208624461,12.217,57.1
12236,1933-07-05 00:00:00,-0.0048477487010373,-0.2106359639355024,0.2009404665334277,12.217,57.1
12237,1933-07-06 00:00:00,-0.0187553306525526,-0.2243242672437264,0.1868136059386211,12.217,57.1
12238,1933-07-07 00:00:00,-0.0166994990321573,-0.222245302549665,0.1888463044853503,12.217,57.1
12239,1933-07-08 00:00:00,-0.0223736592360825,-0.2279467087753792,0.183199390303214,12.217,57.1
12240,1933-07-09 00:00:00,-0.0211516412468224,-0.2266464659847023,0.1843431834910574,12.217,57.1
12241,1933-07-10 00:00:00,0.0583732013789165,-0.1471252169244598,0.263871619682293,12.217,57.1
12242,1933-07-11 00:00:00,0.0565105035805449,-0.1492296305293722,0.2622506376904622,12.217,57.1
12243,1933-07-12 00:00:00,0.1470837644818491,-0.0585676112020991,0.3527351401657974,12.217,57.1
12244,1933-07-13 00:00:00,0.1844205214898887,-0.0210798386936693,0.3899208816734467,12.217,57.1
12245,1933-07-14 00:00:00,0.2180304936785576,0.0122860968650955,0.4237748904920198,12.217,57.1
12246,1933-07-15 00:00:00,0.2286358917550923,0.022708740452666,0.4345630430575187,12.217,57.1
12247,1933-07-16 00:00:00,0.1742391196379238,-0.0315095231902983,0.379987762466146,12.217,57.1
12248,1933-07-17 00:00:00,0.078435373607408,-0.1270501150727185,0.2839208622875345,12.217,57.1
12249,1933-07-18 00:00:00,0.2149429555441547,0.0091769196186196,0.4207089914696897,12.217,57.1
12250,1933-07-19 00:00:00,0.2037813645085152,-0.002172484229626,0.4097352132466564,12.217,57.1
12251,1933-07-20 00:00:00,0.0718411896178642,-0.13367855475931,0.2773609339950385,12.217,57.1
12252,1933-07-21 00:00:00,0.0221684822564358,-0.1832481024256359,0.2275850669385076,12.217,57.1
12253,1933-07-22 00:00:00,0.0043469190018665,-0.2010620192183709,0.209755857222104,12.217,57.1
12254,1933-07-23 00:00:00,0.0068400351929951,-0.1985966776503679,0.2122767480363582,12.217,57.1
12255,1933-07-24 00:00:00,0.0545328429635451,-0.15099180500349,0.2600574909305803,12.217,57.1
12256,1933-07-25 00:00:00,0.1071671540440153,-0.0983579864103663,0.3126922944983971,12.217,57.1
12257,1933-07-26 00:00:00,0.124182611098739,-0.0812581514980825,0.3296233736955606,12.217,57.1
12258,1933-07-27 00:00:00,0.0951133985739999,-0.1104163467151632,0.300643143863163,12.217,57.1
12259,1933-07-28 00:00:00,0.0720865833925475,-0.1334749665501777,0.2776481333352728,12.217,57.1
12260,1933-07-29 00:00:00,0.3660960762438938,0.1592827147806136,0.5729094377071741,12.217,57.1
12261,1933-07-30 00:00:00,0.1772983792124813,-0.0289682886213243,0.383565047046287,12.217,57.1
12262,1933-07-31 00:00:00,0.1527312032022443,-0.0529599728141445,0.3584223792186332,12.217,57.1
12263,1933-08-01 00:00:00,0.1384557547946738,-0.0676624016496136,0.3445739112389613,12.217,57.1
12264,1933-08-02 00:00:00,-0.0552671399889278,-0.2614624817999994,0.1509282018221437,12.217,57.1
12265,1933-08-03 00:00:00,-0.0573736678175873,-0.2633002945018876,0.1485529588667127,12.217,57.1
12266,1933-08-04 00:00:00,0.0544529387423574,-0.1511483949637276,0.2600542724484425,12.217,57.1
12267,1933-08-05 00:00:00,0.0798219957826498,-0.1263508689018604,0.28599486046716,12.217,57.1
12268,1933-08-06 00:00:00,0.0256540610411035,-0.1801057752062676,0.2314138972884746,12.217,57.1
12269,1933-08-07 00:00:00,0.0832112906397441,-0.1222633715957599,0.2886859528752481,12.217,57.1
12270,1933-08-08 00:00:00,0.1747400070715831,-0.030935197392246,0.3804152115354122,12.217,57.1
12271,1933-08-09 00:00:00,0.3128826868740088,0.1070218956613459,0.5187434780866715,12.217,57.1
12272,1933-08-10 00:00:00,0.1921569906370924,-0.0139261072650663,0.3982400885392513,12.217,57.1
12273,1933-08-11 00:00:00,0.2140493578016841,0.0080032319655232,0.4200954836378449,12.217,57.1
12274,1933-08-12 00:00:00,0.0248431145718609,-0.1810478148278492,0.2307340439715711,12.217,57.1
12275,1933-08-13 00:00:00,-0.0292855140856617,-0.2351954356704449,0.1766244074991214,12.217,57.1
12276,1933-08-14 00:00:00,-0.0154769485747339,-0.2211361357438597,0.1901822385943917,12.217,57.1
12277,1933-08-15 00:00:00,0.0607716716307349,-0.1447951715132259,0.2663385147746957,12.217,57.1
12278,1933-08-16 00:00:00,0.1487140550443645,-0.0569539026069585,0.3543820126956877,12.217,57.1
12279,1933-08-17 00:00:00,0.1040296866621663,-0.1016733936087574,0.30973276693309,12.217,57.1
12280,1933-08-18 00:00:00,0.1707962342751144,-0.034949302692827,0.376541771243056,12.217,57.1
12281,1933-08-19 00:00:00,0.276674972580081,0.0707993990738393,0.4825505460863227,12.217,57.1
12282,1933-08-20 00:00:00,0.1342514745106263,-0.0715211517833693,0.340024100804622,12.217,57.1
12283,1933-08-21 00:00:00,0.1218997619769589,-0.0835307449981428,0.3273302689520608,12.217,57.1
12284,1933-08-22 00:00:00,0.1436674674769684,-0.0617704301936052,0.3491053651475421,12.217,57.1
12285,1933-08-23 00:00:00,0.143579333156826,-0.061878990368453,0.3490376566821052,12.217,57.1
12286,1933-08-24 00:00:00,0.0411291655075429,-0.1644445831009934,0.2467029141160793,12.217,57.1
12287,1933-08-25 00:00:00,0.015057923803416,-0.1909398961317291,0.2210557437385613,12.217,57.1
12288,1933-08-26 00:00:00,0.0055802513341274,-0.2004855084077746,0.2116460110760295,12.217,57.1
12289,1933-08-27 00:00:00,-0.0090894253406895,-0.2147674196431986,0.1965885689618196,12.217,57.1
12290,1933-08-28 00:00:00,0.0022862755122395,-0.2032215549363811,0.2077941059608602,12.217,57.1
12291,1933-08-29 00:00:00,0.0305158835131594,-0.1749497548687466,0.2359815218950655,12.217,57.1
12292,1933-08-30 00:00:00,0.062384657191275,-0.1430912086544656,0.2678605230370156,12.217,57.1
12293,1933-08-31 00:00:00,0.0678056204606821,-0.1378581676838904,0.2734694086052547,12.217,57.1
12294,1933-09-01 00:00:00,0.0281903257327422,-0.1775453506752482,0.2339260021407326,12.217,57.1
12295,1933-09-02 00:00:00,0.0936533150335171,-0.1118948239075567,0.299201453974591,12.217,57.1
12296,1933-09-03 00:00:00,0.0579536726805557,-0.1481772503276756,0.264084595688787,12.217,57.1
12297,1933-09-04 00:00:00,-0.053526930923613,-0.2594873170750553,0.1524334552278292,12.217,57.1
12298,1933-09-05 00:00:00,-0.0828644917215133,-0.2883592282522615,0.1226302448092349,12.217,57.1
12299,1933-09-06 00:00:00,-0.0570489961055861,-0.2626110899768473,0.148513097765675,12.217,57.1
12300,1933-09-07 00:00:00,-0.0795789666372589,-0.2852264603616212,0.1260685270871034,12.217,57.1
12301,1933-09-08 00:00:00,-0.0826902162653596,-0.2882916984837549,0.1229112659530356,12.217,57.1
12302,1933-09-09 00:00:00,-0.0820394910788724,-0.2874477524801682,0.1233687703224233,12.217,57.1
12303,1933-09-10 00:00:00,-0.0557291449124903,-0.2611921519628461,0.1497338621378653,12.217,57.1
12304,1933-09-11 00:00:00,-0.0295025459767164,-0.2350104864072799,0.1760053944538469,12.217,57.1
12305,1933-09-12 00:00:00,-0.006628558446721,-0.2121459735804937,0.1988888566870516,12.217,57.1
12306,1933-09-13 00:00:00,0.0449680716200863,-0.1605649468676862,0.2505010901078589,12.217,57.1
12307,1933-09-14 00:00:00,0.0858146447135148,-0.119774700423974,0.2914039898510036,12.217,57.1
12308,1933-09-15 00:00:00,0.0556477809244355,-0.1511878185269307,0.2624833803758019,12.217,57.1
12309,1933-09-16 00:00:00,-0.0485441033391743,-0.255004933946257,0.1579167272679083,12.217,57.1
12310,1933-09-17 00:00:00,-0.0128583050598255,-0.2186010019107392,0.1928843917910881,12.217,57.1
12311,1933-09-18 00:00:00,-0.0068930580535076,-0.2125692157042325,0.1987830995972171,12.217,57.1
12312,1933-09-19 00:00:00,-0.0042579624427508,-0.2098076875410923,0.2012917626555906,12.217,57.1
12313,1933-09-20 00:00:00,-0.0241026476991218,-0.2298705622777149,0.1816652668794711,12.217,57.1
12314,1933-09-21 00:00:00,0.0140827809364152,-0.1917729400748332,0.2199385019476638,12.217,57.1
12315,1933-09-22 00:00:00,0.0130903824407286,-0.1929273724628606,0.2191081373443179,12.217,57.1
12316,1933-09-23 00:00:00,0.0273289175125473,-0.1782119751394956,0.2328698101645903,12.217,57.1
12317,1933-09-24 00:00:00,0.1044123439940157,-0.1011930567743572,0.3100177447623887,12.217,57.1
12318,1933-09-25 00:00:00,0.0207082402124814,-0.1851329155212844,0.2265493959462473,12.217,57.1
12319,1933-09-26 00:00:00,-0.03892791106987,-0.2445759970211714,0.1667201748814312,12.217,57.1
12320,1933-09-27 00:00:00,-0.0678560259420656,-0.2732850364740932,0.137572984589962,12.217,57.1
12321,1933-09-28 00:00:00,-0.0645223617282062,-0.2699349500344106,0.1408902265779981,12.217,57.1
12322,1933-09-29 00:00:00,-0.0600029251834279,-0.2654461376168966,0.1454402872500408,12.217,57.1
12323,1933-09-30 00:00:00,0.0289969485590284,-0.1766072278933,0.2346011250113569,12.217,57.1
12324,1933-10-01 00:00:00,-0.0051005367606978,-0.2106249155388702,0.2004238420174744,12.217,57.1
12325,1933-10-02 00:00:00,0.0455063602509474,-0.1600125634797211,0.2510252839816161,12.217,57.1
12326,1933-10-03 00:00:00,0.0373005341810327,-0.169121068239963,0.2437221366020285,12.217,57.1
12327,1933-10-04 00:00:00,-0.0209745212868313,-0.2267246330026342,0.1847755904289715,12.217,57.1
12328,1933-10-05 00:00:00,0.2402210321933545,0.0340115896545058,0.4464304747322031,12.217,57.1
12329,1933-10-06 00:00:00,0.1277296911522474,-0.0787187653269018,0.3341781476313967,12.217,57.1
12330,1933-10-07 00:00:00,0.0650289653436181,-0.1407165236394076,0.2707744543266439,12.217,57.1
12331,1933-10-08 00:00:00,0.0199315831903385,-0.1860335965381175,0.2258967629187946,12.217,57.1
12332,1933-10-09 00:00:00,0.1211484494419228,-0.086096880073429,0.3283937789572746,12.217,57.1
12333,1933-10-10 00:00:00,0.1304667756791622,-0.0767815543223402,0.3377151056806646,12.217,57.1
12334,1933-10-11 00:00:00,0.2551777821671335,0.0472000783223666,0.4631554860119004,12.217,57.1
12335,1933-10-12 00:00:00,0.6980005448767739,0.4863166792348246,0.9096844105187232,12.217,57.1
12336,1933-10-13 00:00:00,0.2582249872984974,0.0497305905282625,0.4667193840687322,12.217,57.1
12337,1933-10-14 00:00:00,0.0508737213386718,-0.1548891812980661,0.2566366239754097,12.217,57.1
12338,1933-10-15 00:00:00,0.1236918277739194,-0.0820935150161924,0.3294771705640313,12.217,57.1
12339,1933-10-16 00:00:00,0.1508675585159206,-0.0547950149032692,0.3565301319351104,12.217,57.1
12340,1933-10-17 00:00:00,0.2321419744763399,0.0259896861260552,0.4382942628266246,12.217,57.1
12341,1933-10-18 00:00:00,0.0699035075160297,-0.1358689256948259,0.2756759407268854,12.217,57.1
12342,1933-10-19 00:00:00,-0.0401580709128461,-0.2457112982221547,0.1653951563964625,12.217,57.1
12343,1933-10-20 00:00:00,-0.0806580800295091,-0.2863676629243551,0.1250515028653368,12.217,57.1
12344,1933-10-21 00:00:00,-0.1204554982065189,-0.3261944257286334,0.0852834293155955,12.217,57.1
12345,1933-10-22 00:00:00,-0.0779261043004157,-0.2836253284547927,0.1277731198539612,12.217,57.1
12346,1933-10-23 00:00:00,-0.0214600361693969,-0.2270567082309377,0.1841366358921437,12.217,57.1
12347,1933-10-24 00:00:00,0.0068332741558651,-0.1987141152389369,0.2123806635506672,12.217,57.1
12348,1933-10-25 00:00:00,0.0298784919238441,-0.175645808874412,0.2354027927221003,12.217,57.1
12349,1933-10-26 00:00:00,0.0832750153773994,-0.1225989097812308,0.2891489405360298,12.217,57.1
12350,1933-10-27 00:00:00,0.0598371562614273,-0.1469781881585151,0.2666525006813697,12.217,57.1
12351,1933-10-28 00:00:00,0.2944045983727108,0.0869603621240214,0.5018488346214003,12.217,57.1
12352,1933-10-29 00:00:00,0.1668302155511656,-0.0392581823931294,0.3729186134954607,12.217,57.1
12353,1933-10-30 00:00:00,0.0537817065623996,-0.1525126399359572,0.2600760530607566,12.217,57.1
12354,1933-10-31 00:00:00,0.2095592242359688,-0.000389916644624,0.4195083651165617,12.217,57.1
12355,1933-11-01 00:00:00,0.2602979315534265,0.0517191065745281,0.4688767565323248,12.217,57.1
12356,1933-11-02 00:00:00,0.1435890031704675,-0.0634183201697572,0.3505963265106923,12.217,57.1
12357,1933-11-03 00:00:00,0.0313784315648521,-0.1745225404557278,0.2372794035854321,12.217,57.1
12358,1933-11-04 00:00:00,-0.0217381876516759,-0.228655055668757,0.1851786803654051,12.217,57.1
12359,1933-11-05 00:00:00,-0.0120757462492634,-0.2185447609039991,0.1943932684054721,12.217,57.1
12360,1933-11-06 00:00:00,0.2125870072120843,0.0066185800412709,0.4185554343828978,12.217,57.1
12361,1933-11-07 00:00:00,0.2117886654635817,0.0052363099108389,0.4183410210163246,12.217,57.1
12362,1933-11-08 00:00:00,-0.0023686382783581,-0.2088104894609209,0.2040732129042045,12.217,57.1
12363,1933-11-09 00:00:00,0.0406810667329357,-0.1648653481035947,0.2462274815694661,12.217,57.1
12364,1933-11-10 00:00:00,0.1589575334103406,-0.0466256473849836,0.3645407142056649,12.217,57.1
12365,1933-11-11 00:00:00,0.1620772376364739,-0.0437317021179262,0.3678861773908741,12.217,57.1
12366,1933-11-12 00:00:00,0.0719789162749648,-0.1337094077028288,0.2776672402527585,12.217,57.1
12367,1933-11-13 00:00:00,-0.0065443281640281,-0.2121673719192696,0.1990787155912133,12.217,57.1
12368,1933-11-14 00:00:00,0.0081826084929015,-0.1973493844193479,0.213714601405151,12.217,57.1
12369,1933-11-15 00:00:00,0.0356791904686142,-0.1700463169453497,0.2414046978825783,12.217,57.1
12370,1933-11-16 00:00:00,0.0032869711481656,-0.2029199992090112,0.2094939415053425,12.217,57.1
12371,1933-11-17 00:00:00,-0.0636199326824901,-0.2698118102422221,0.1425719448772419,12.217,57.1
12372,1933-11-18 00:00:00,-0.1459289399738524,-0.3516674725222909,0.0598095925745859,12.217,57.1
12373,1933-11-19 00:00:00,-0.1610182137522862,-0.3671387013259116,0.0451022738213391,12.217,57.1
12374,1933-11-20 00:00:00,-0.0889330052592711,-0.2950559860716546,0.1171899755531123,12.217,57.1
12375,1933-11-21 00:00:00,-0.045801289846068,-0.2515131043474866,0.1599105246553506,12.217,57.1
12376,1933-11-22 00:00:00,-0.0228365081600229,-0.2284838664255395,0.1828108501054937,12.217,57.1
12377,1933-11-23 00:00:00,0.0589341876058384,-0.146705697397913,0.2645740726095898,12.217,57.1
12378,1933-11-24 00:00:00,0.0177828833504142,-0.1879025190205581,0.2234682857213866,12.217,57.1
12379,1933-11-25 00:00:00,-0.0075622857512742,-0.2165713986428163,0.2014468271402679,12.217,57.1
12380,1933-11-26 00:00:00,-0.0701450848638481,-0.2768179565217986,0.1365277867941023,12.217,57.1
12381,1933-11-27 00:00:00,-0.0448123904358745,-0.2504687855527698,0.1608440046810207,12.217,57.1
12382,1933-11-28 00:00:00,-0.0707772331774007,-0.2764875187819123,0.1349330524271109,12.217,57.1
12383,1933-11-29 00:00:00,-0.0780927068364049,-0.283797247387872,0.1276118337150621,12.217,57.1
12384,1933-11-30 00:00:00,-0.0926536540244697,-0.2982610500140097,0.1129537419650703,12.217,57.1
12385,1933-12-01 00:00:00,-0.10209160776043,-0.3076904220858895,0.1035072065650294,12.217,57.1
12386,1933-12-02 00:00:00,-0.1221488337556259,-0.3277671368098419,0.0834694692985899,12.217,57.1
12387,1933-12-03 00:00:00,-0.1557460011726359,-0.3616845238966897,0.0501925215514179,12.217,57.1
12388,1933-12-04 00:00:00,-0.1695689753455222,-0.3754159793548431,0.0362780286637987,12.217,57.1
12389,1933-12-05 00:00:00,-0.0811158066500268,-0.2869875003685082,0.1247558870684544,12.217,57.1
12390,1933-12-06 00:00:00,0.0090497949000606,-0.1968135913863199,0.2149131811864412,12.217,57.1
12391,1933-12-07 00:00:00,-0.0136251641205333,-0.2198720840935413,0.1926217558524744,12.217,57.1
12392,1933-12-08 00:00:00,-0.1004562590667507,-0.3064014014055883,0.1054888832720868,12.217,57.1
12393,1933-12-09 00:00:00,-0.0911269698387251,-0.296962797101897,0.1147088574244466,12.217,57.1
12394,1933-12-10 00:00:00,-0.0139374862410181,-0.2197526485075593,0.191877676025523,12.217,57.1
12395,1933-12-11 00:00:00,0.0441028017863169,-0.1616156944940511,0.249821298066685,12.217,57.1
12396,1933-12-12 00:00:00,0.0069056572321746,-0.1988607754925734,0.2126720899569226,12.217,57.1
12397,1933-12-13 00:00:00,-0.0808853398746629,-0.2864419393981536,0.1246712596488276,12.217,57.1
12398,1933-12-14 00:00:00,0.0136846246439703,-0.1922113618548407,0.2195806111427815,12.217,57.1
12399,1933-12-15 00:00:00,0.0480794975323504,-0.1579765780710542,0.2541355731357551,12.217,57.1
12400,1933-12-16 00:00:00,-0.0240109825751357,-0.230068743190707,0.1820467780404354,12.217,57.1
12401,1933-12-17 00:00:00,0.0358833231245959,-0.1698151776374629,0.2415818238866549,12.217,57.1
12402,1933-12-18 00:00:00,-0.0133203050773483,-0.2189284783122135,0.1922878681575168,12.217,57.1
12403,1933-12-19 00:00:00,0.0105533301145581,-0.1950170676236445,0.2161237278527609,12.217,57.1
12404,1933-12-20 00:00:00,-0.0372794927404887,-0.2429560470091307,0.1683970615281532,12.217,57.1
12405,1933-12-21 00:00:00,-0.0227426485480654,-0.2285313327083301,0.1830460356121993,12.217,57.1
12406,1933-12-22 00:00:00,-0.0138452768397456,-0.2200701043039234,0.1923795506244321,12.217,57.1
12407,1933-12-23 00:00:00,-0.0070878563361934,-0.212775922460228,0.1986002097878412,12.217,57.1
12408,1933-12-24 00:00:00,0.0162052511074214,-0.1894846712667139,0.2218951734815569,12.217,57.1
12409,1933-12-25 00:00:00,0.1228016168493136,-0.0828662961855716,0.3284695298841988,12.217,57.1
12410,1933-12-26 00:00:00,0.0968878068409475,-0.1089538300501974,0.3027294437320926,12.217,57.1
12411,1933-12-27 00:00:00,-0.0069776865138124,-0.2127310346518812,0.1987756616242564,12.217,57.1
12412,1933-12-28 00:00:00,0.1009337152103894,-0.1046839090866627,0.3065513395074415,12.217,57.1
12413,1933-12-29 00:00:00,-0.0559616959091156,-0.2624247583525456,0.1505013665343143,12.217,57.1
12414,1933-12-30 00:00:00,0.0304377671681316,-0.1765319843235856,0.2374075186598489,12.217,57.1
12415,1933-12-31 00:00:00,-0.0140467856310764,-0.2198059823758393,0.1917124111136865,12.217,57.1
12416,1934-01-01 00:00:00,-0.1362765095613826,-0.3418982789088166,0.0693452597860514,12.217,57.1
12417,1934-01-02 00:00:00,-0.0097989134151893,-0.2153244749849877,0.1957266481546091,12.217,57.1
12418,1934-01-03 00:00:00,0.0735192705849671,-0.1320312787370716,0.2790698199070061,12.217,57.1
12419,1934-01-04 00:00:00,0.0846650323097172,-0.1208941448416976,0.290224209461132,12.217,57.1
12420,1934-01-05 00:00:00,0.2155487199788002,0.008505437157824,0.4225920027997764,12.217,57.1
12421,1934-01-06 00:00:00,0.1569535445923634,-0.0501790351085531,0.3640861242932801,12.217,57.1
12422,1934-01-07 00:00:00,0.1807609850649711,-0.0262378998461939,0.3877598699761362,12.217,57.1
12423,1934-01-08 00:00:00,0.312599858819743,0.1036216878510128,0.5215780297884731,12.217,57.1
12424,1934-01-09 00:00:00,0.3045717938438457,0.0971415030454192,0.5120020846422721,12.217,57.1
12425,1934-01-10 00:00:00,0.0159952614525106,-0.1902477043242043,0.2222382272292257,12.217,57.1
12426,1934-01-11 00:00:00,0.1167852466473171,-0.0890924687852132,0.3226629620798474,12.217,57.1
12427,1934-01-12 00:00:00,0.1621385415743533,-0.043661964109966,0.3679390472586727,12.217,57.1
12428,1934-01-13 00:00:00,0.3094306347356843,0.1024368481894803,0.5164244212818883,12.217,57.1
12429,1934-01-14 00:00:00,0.2081220114420155,0.0009289242605349,0.4153150986234961,12.217,57.1
12430,1934-01-15 00:00:00,0.3350475716429675,0.1263604017430465,0.5437347415428885,12.217,57.1
12431,1934-01-16 00:00:00,0.3436635794936851,0.1351505115994833,0.5521766473878869,12.217,57.1
12432,1934-01-17 00:00:00,0.1978683591583208,-0.0082644358828275,0.4040011541994691,12.217,57.1
12433,1934-01-18 00:00:00,0.3482195530293783,0.140456886501408,0.5559822195573486,12.217,57.1
12434,1934-01-19 00:00:00,0.4495998533837616,0.2413149141090912,0.6578847926584319,12.217,57.1
12435,1934-01-20 00:00:00,0.3445428559256356,0.1379149694208582,0.551170742430413,12.217,57.1
12436,1934-01-21 00:00:00,-0.056532544594061,-0.2630208425464955,0.1499557533583734,12.217,57.1
12437,1934-01-22 00:00:00,0.0214992640230549,-0.1844782661418147,0.2274767941879247,12.217,57.1
12438,1934-01-23 00:00:00,-0.0007247158057182,-0.2066116878073986,0.2051622561959622,12.217,57.1
12439,1934-01-24 00:00:00,0.0026979157904611,-0.2031421051837895,0.2085379367647117,12.217,57.1
12440,1934-01-25 00:00:00,0.0229952865842519,-0.1827215817703805,0.2287121549388844,12.217,57.1
12441,1934-01-26 00:00:00,0.0256040348757606,-0.1801214465568335,0.2313295163083548,12.217,57.1
12442,1934-01-27 00:00:00,0.1491863745908423,-0.056459043623488,0.3548317928051726,12.217,57.1
12443,1934-01-28 00:00:00,0.1334741374624716,-0.0727535240599596,0.3397017989849029,12.217,57.1
12444,1934-01-29 00:00:00,-0.0947870646869453,-0.3004036039170116,0.1108294745431209,12.217,57.1
12445,1934-01-30 00:00:00,-0.0233148977185172,-0.2288246503720825,0.1821948549350481,12.217,57.1
12446,1934-01-31 00:00:00,0.0246751086011512,-0.1816763693885856,0.2310265865908882,12.217,57.1
12447,1934-02-01 00:00:00,-0.0899830228887387,-0.2982073050230862,0.1182412592456086,12.217,57.1
12448,1934-02-02 00:00:00,-0.1306818848431281,-0.3372735289511799,0.0759097592649235,12.217,57.1
12449,1934-02-03 00:00:00,0.0165842754672601,-0.1899562883337875,0.2231248392683077,12.217,57.1
12450,1934-02-04 00:00:00,0.0092967843376066,-0.1970286564940453,0.2156222251692586,12.217,57.1
12451,1934-02-05 00:00:00,-0.01407275873083,-0.2199580229885772,0.1918125055269171,12.217,57.1
12452,1934-02-06 00:00:00,0.2958029867191453,0.089559052733718,0.5020469207045726,12.217,57.1
12453,1934-02-07 00:00:00,0.2445329697989382,0.0380316983077682,0.4510342412901081,12.217,57.1
12454,1934-02-08 00:00:00,0.4003196035810022,0.1930933287900634,0.6075458783719411,12.217,57.1
12455,1934-02-09 00:00:00,0.4080897270620396,0.1972782438401588,0.6189012102839204,12.217,57.1
12456,1934-02-10 00:00:00,0.3502548318718429,0.1370434125245462,0.5634662512191396,12.217,57.1
12457,1934-02-11 00:00:00,0.6377343069531664,0.4292840769701886,0.846184536936144,12.217,57.1
12458,1934-02-12 00:00:00,0.081245983009597,-0.1269570204755192,0.2894489864947133,12.217,57.1
12459,1934-02-13 00:00:00,-0.0783881370030007,-0.284537515101697,0.1277612410956956,12.217,57.1
12460,1934-02-14 00:00:00,-0.0288652931129394,-0.234908291244809,0.1771777050189301,12.217,57.1
12461,1934-02-15 00:00:00,-0.0188619412641933,-0.224815640253072,0.1870917577246852,12.217,57.1
12462,1934-02-16 00:00:00,-0.0691141891831581,-0.275179801238443,0.1369514228721267,12.217,57.1
12463,1934-02-17 00:00:00,-0.0655957881855203,-0.2713655833327043,0.1401740069616636,12.217,57.1
12464,1934-02-18 00:00:00,-0.0095550945982347,-0.2154100011785065,0.1962998119820369,12.217,57.1
12465,1934-02-19 00:00:00,0.3010263922681866,0.0946934335664243,0.507359350969949,12.217,57.1
12466,1934-02-20 00:00:00,0.388273319216491,0.1809885947097906,0.5955580437231913,12.217,57.1
12467,1934-02-21 00:00:00,0.2026809461554499,-0.0040691434897034,0.4094310358006033,12.217,57.1
12468,1934-02-22 00:00:00,0.0343354441374983,-0.171543654689299,0.2402145429642956,12.217,57.1
12469,1934-02-23 00:00:00,0.5795961102643342,0.371219918744661,0.7879723017840075,12.217,57.1
12470,1934-02-24 00:00:00,0.2409570971119001,0.0326924454294942,0.4492217487943061,12.217,57.1
12471,1934-02-25 00:00:00,0.1772556977087851,-0.0284324005825695,0.3829437960001397,12.217,57.1
12472,1934-02-26 00:00:00,0.1693434888973199,-0.0361709360395555,0.3748579138341955,12.217,57.1
12473,1934-02-27 00:00:00,0.0992023817901063,-0.106850983648995,0.3052557472292077,12.217,57.1
12474,1934-02-28 00:00:00,0.0720647700797927,-0.1342784160720191,0.2784079562316046,12.217,57.1
12475,1934-03-01 00:00:00,0.0374363570482755,-0.1688514513473519,0.2437241654439031,12.217,57.1
12476,1934-03-02 00:00:00,0.0588536678273727,-0.1473699732818235,0.2650773089365689,12.217,57.1
12477,1934-03-03 00:00:00,0.0650118267024365,-0.1410806224383158,0.2711042758431888,12.217,57.1
12478,1934-03-04 00:00:00,0.0592793452694181,-0.1463318154129599,0.2648905059517962,12.217,57.1
12479,1934-03-05 00:00:00,0.148645660578486,-0.0571249016218328,0.354416222778805,12.217,57.1
12480,1934-03-06 00:00:00,0.203637009203499,-0.0019579249470957,0.4092319433540937,12.217,57.1
12481,1934-03-07 00:00:00,0.3341065997725444,0.1280061717014415,0.5402070278436474,12.217,57.1
12482,1934-03-08 00:00:00,0.3079946514698313,0.1018117031260914,0.5141775998135711,12.217,57.1
12483,1934-03-09 00:00:00,0.2782124175711249,0.072559887194377,0.4838649479478728,12.217,57.1
12484,1934-03-10 00:00:00,0.1037525753939082,-0.1019071739039015,0.3094123246917181,12.217,57.1
12485,1934-03-11 00:00:00,0.1283049913431194,-0.0773388965595642,0.3339488792458032,12.217,57.1
12486,1934-03-12 00:00:00,0.0429503614157354,-0.163114820352783,0.2490155431842539,12.217,57.1
12487,1934-03-13 00:00:00,0.1233774700515993,-0.0834710654927447,0.3302260055959434,12.217,57.1
12488,1934-03-14 00:00:00,0.1858475790248124,-0.020952628135368,0.3926477861849929,12.217,57.1
12489,1934-03-15 00:00:00,0.1645586604395645,-0.0414762979283489,0.370593618807478,12.217,57.1
12490,1934-03-16 00:00:00,0.3344766169388292,0.1278093733773684,0.5411438605002901,12.217,57.1
12491,1934-03-17 00:00:00,0.2544905362378674,0.0469653401302639,0.4620157323454709,12.217,57.1
12492,1934-03-18 00:00:00,0.3424473329945993,0.1355855496434745,0.5493091163457241,12.217,57.1
12493,1934-03-19 00:00:00,0.2127689010875332,0.0068991899444029,0.4186386122306635,12.217,57.1
12494,1934-03-20 00:00:00,0.1195277563205088,-0.086742526369553,0.3257980390105707,12.217,57.1
12495,1934-03-21 00:00:00,0.0930446676513772,-0.1127161009857961,0.2988054362885507,12.217,57.1
12496,1934-03-22 00:00:00,0.0033344212526238,-0.202244266517162,0.2089131090224098,12.217,57.1
12497,1934-03-23 00:00:00,-0.0247846340638379,-0.23034355747414,0.1807742893464642,12.217,57.1
12498,1934-03-24 00:00:00,-0.0084549373314381,-0.2139514530199597,0.1970415783570833,12.217,57.1
12499,1934-03-25 00:00:00,0.0739511500813568,-0.1315557846935234,0.2794580848562371,12.217,57.1
12500,1934-03-26 00:00:00,-0.0775915015964832,-0.2837365087267463,0.1285535055337797,12.217,57.1
12501,1934-03-27 00:00:00,0.0059442426080969,-0.1997179332817173,0.2116064184979112,12.217,57.1
12502,1934-03-28 00:00:00,0.0248472505792778,-0.1808484447160835,0.2305429458746391,12.217,57.1
12503,1934-03-29 00:00:00,-0.0533677281933163,-0.2590426459308211,0.1523071895441883,12.217,57.1
12504,1934-03-30 00:00:00,-0.1207530458029029,-0.3269785918014272,0.0854725001956212,12.217,57.1
12505,1934-03-31 00:00:00,-0.0286939753346254,-0.2354700982816228,0.1780821476123719,12.217,57.1
12506,1934-04-01 00:00:00,-0.1023816911050801,-0.308462344352389,0.1036989621422288,12.217,57.1
12507,1934-04-02 00:00:00,-0.0945566760973127,-0.3001321248046365,0.111018772610011,12.217,57.1
12508,1934-04-03 00:00:00,-0.0380981554264586,-0.2436911586063894,0.1674948477534721,12.217,57.1
12509,1934-04-04 00:00:00,-0.0308679969935672,-0.2364762368506906,0.1747402428635562,12.217,57.1
12510,1934-04-05 00:00:00,0.0111246281339746,-0.1945131099913749,0.2167623662593241,12.217,57.1
12511,1934-04-06 00:00:00,0.1130760607405114,-0.0924923555338417,0.3186444770148647,12.217,57.1
12512,1934-04-07 00:00:00,-0.0015839114591766,-0.2070667202313376,0.2038988973129844,12.217,57.1
12513,1934-04-08 00:00:00,0.087803672506697,-0.1178145321607638,0.2934218771741579,12.217,57.1
12514,1934-04-09 00:00:00,0.0721502790493512,-0.1338879664562163,0.2781885245549189,12.217,57.1
12515,1934-04-10 00:00:00,-0.0072448382918014,-0.2132024844507265,0.1987128078671236,12.217,57.1
12516,1934-04-11 00:00:00,-0.0444210923366334,-0.250531250333711,0.1616890656604441,12.217,57.1
12517,1934-04-12 00:00:00,-0.0047216367227343,-0.210411124390092,0.2009678509446233,12.217,57.1
12518,1934-04-13 00:00:00,-0.0208104532063186,-0.2264298919382041,0.1848089855255668,12.217,57.1
12519,1934-04-14 00:00:00,0.0063752270720157,-0.1992713244057825,0.212021778549814,12.217,57.1
12520,1934-04-15 00:00:00,0.0186614235840699,-0.1868638012315929,0.2241866483997328,12.217,57.1
12521,1934-04-16 00:00:00,0.062004462920452,-0.1435537696792356,0.2675626955201398,12.217,57.1
12522,1934-04-17 00:00:00,0.1421781595811356,-0.0639228423078285,0.3482791614700999,12.217,57.1
12523,1934-04-18 00:00:00,0.0798711094399156,-0.1258709711291918,0.2856131900090232,12.217,57.1
12524,1934-04-19 00:00:00,0.344253866267389,0.1375232021226821,0.5509845304120958,12.217,57.1
12525,1934-04-20 00:00:00,0.1662669186305228,-0.0413596182395936,0.3738934555006392,12.217,57.1
12526,1934-04-21 00:00:00,0.1243149131199149,-0.0816907254983771,0.330320551738207,12.217,57.1
12527,1934-04-22 00:00:00,0.1310385377810022,-0.0745993269426925,0.3366764025046969,12.217,57.1
12528,1934-04-23 00:00:00,0.1082507284259164,-0.0975480659233976,0.3140495227752305,12.217,57.1
12529,1934-04-24 00:00:00,0.1785237810582905,-0.0276347042952135,0.3846822664117945,12.217,57.1
12530,1934-04-25 00:00:00,0.1895153505734475,-0.0164682260199844,0.3954989271668795,12.217,57.1
12531,1934-04-26 00:00:00,0.1813409576350229,-0.0242803069942188,0.3869622222642646,12.217,57.1
12532,1934-04-27 00:00:00,0.1325427681377804,-0.0731126433096298,0.3381981795851907,12.217,57.1
12533,1934-04-28 00:00:00,0.0342860834672846,-0.1712499966337196,0.2398221635682888,12.217,57.1
12534,1934-04-29 00:00:00,-0.0348185531194887,-0.2404617427954843,0.1708246365565068,12.217,57.1
12535,1934-04-30 00:00:00,-0.0425209527313669,-0.2481308205054812,0.1630889150427474,12.217,57.1
12536,1934-05-01 00:00:00,-0.0177833140107449,-0.2233813023419811,0.1878146743204912,12.217,57.1
12537,1934-05-02 00:00:00,0.0427799360538271,-0.1628076343446709,0.2483675064523252,12.217,57.1
12538,1934-05-03 00:00:00,0.044727755023311,-0.1608740322364601,0.2503295422830822,12.217,57.1
12539,1934-05-04 00:00:00,-0.0179059385379341,-0.223773856660594,0.1879619795847256,12.217,57.1
12540,1934-05-05 00:00:00,0.1463006426733309,-0.0610167160890732,0.3536180014357351,12.217,57.1
12541,1934-05-06 00:00:00,-0.1164328821415717,-0.3241416478164033,0.0912758835332599,12.217,57.1
12542,1934-05-07 00:00:00,-0.0079657005776517,-0.2137665568278271,0.1978351556725235,12.217,57.1
12543,1934-05-08 00:00:00,-0.0198072674407296,-0.2262539397974795,0.1866394049160201,12.217,57.1
12544,1934-05-09 00:00:00,-0.0756160960009682,-0.2815598508919801,0.1303276588900436,12.217,57.1
12545,1934-05-10 00:00:00,-0.0078337824379425,-0.2134841948713211,0.1978166299954361,12.217,57.1
12546,1934-05-11 00:00:00,0.0388235653957121,-0.1673179395070848,0.244965070298509,12.217,57.1
12547,1934-05-12 00:00:00,-0.0194369137852194,-0.2253310489802507,0.1864572214098119,12.217,57.1
12548,1934-05-13 00:00:00,0.0776157022839917,-0.1282869047232414,0.283518309291225,12.217,57.1
12549,1934-05-14 00:00:00,0.1519616818822188,-0.0539900723275777,0.3579134360920154,12.217,57.1
12550,1934-05-15 00:00:00,0.2704874548586654,0.0642969037350953,0.4766780059822355,12.217,57.1
12551,1934-05-16 00:00:00,0.2139754198682666,0.0081387012968085,0.4198121384397248,12.217,57.1
12552,1934-05-17 00:00:00,0.2190781836758089,0.012657439488388,0.4254989278632297,12.217,57.1
12553,1934-05-18 00:00:00,0.1924839539004005,-0.0138912637391209,0.398859171539922,12.217,57.1
12554,1934-05-19 00:00:00,0.0395871745925812,-0.166977130044563,0.2461514792297255,12.217,57.1
12555,1934-05-20 00:00:00,0.0387288754815927,-0.1670142840164143,0.2444720349795997,12.217,57.1
12556,1934-05-21 00:00:00,0.1071994872699254,-0.098654184802652,0.3130531593425029,12.217,57.1
12557,1934-05-22 00:00:00,0.354114448906838,0.1470319483717977,0.5611969494418784,12.217,57.1
12558,1934-05-23 00:00:00,0.334775382406923,0.1277812446204486,0.5417695201933974,12.217,57.1
12559,1934-05-24 00:00:00,0.2070395602275827,0.0008018138266691,0.4132773066284961,12.217,57.1
12560,1934-05-25 00:00:00,0.1474241905663437,-0.0585149982214679,0.3533633793541555,12.217,57.1
12561,1934-05-26 00:00:00,0.1267795790494965,-0.0788194152732594,0.3323785733722525,12.217,57.1
12562,1934-05-27 00:00:00,0.1102875000513534,-0.0956475008553531,0.31622250095806,12.217,57.1
12563,1934-05-28 00:00:00,0.1159168466253112,-0.089741471197325,0.3215751644479475,12.217,57.1
12564,1934-05-29 00:00:00,0.1109728795866122,-0.0948504683959342,0.3167962275691587,12.217,57.1
12565,1934-05-30 00:00:00,0.0429577650660661,-0.1626729611281727,0.2485884912603049,12.217,57.1
12566,1934-05-31 00:00:00,-0.0037763741286407,-0.2092733148528007,0.2017205665955192,12.217,57.1
12567,1934-06-01 00:00:00,-0.0158242341416332,-0.2213365277143342,0.1896880594310678,12.217,57.1
12568,1934-06-02 00:00:00,0.0057388672396726,-0.1996756149198929,0.2111533493992382,12.217,57.1
12569,1934-06-03 00:00:00,-0.0199055488848589,-0.2254770381446046,0.1856659403748868,12.217,57.1
12570,1934-06-04 00:00:00,0.0081034804914559,-0.197938632144751,0.214145593127663,12.217,57.1
12571,1934-06-05 00:00:00,0.0099111011629283,-0.1960600085432918,0.2158822108691485,12.217,57.1
12572,1934-06-06 00:00:00,-0.0363299617425661,-0.2425940237530952,0.1699341002679628,12.217,57.1
12573,1934-06-07 00:00:00,-0.0161644152845399,-0.223049917658073,0.1907210870889931,12.217,57.1
12574,1934-06-08 00:00:00,-0.0736011137801786,-0.2794848125925762,0.1322825850322188,12.217,57.1
12575,1934-06-09 00:00:00,-0.0516941904673688,-0.2571655904103189,0.1537772094755812,12.217,57.1
12576,1934-06-10 00:00:00,0.0106798751683265,-0.1947763011045643,0.2161360514412175,12.217,57.1
12577,1934-06-11 00:00:00,0.1379154560753308,-0.0679629882541266,0.3437939004047882,12.217,57.1
12578,1934-06-12 00:00:00,0.101899750013051,-0.1046453646169676,0.3084448646430696,12.217,57.1
12579,1934-06-13 00:00:00,0.0816284729778114,-0.1245308421032468,0.2877877880588698,12.217,57.1
12580,1934-06-14 00:00:00,0.1418663372328635,-0.0638959625119492,0.3476286369776763,12.217,57.1
12581,1934-06-15 00:00:00,0.0452873676389096,-0.1607475446098832,0.2513222798877026,12.217,57.1
12582,1934-06-16 00:00:00,-0.0204450926593315,-0.2261392115286183,0.1852490262099552,12.217,57.1
12583,1934-06-17 00:00:00,0.0420884115455795,-0.1634864649332548,0.2476632880244139,12.217,57.1
12584,1934-06-18 00:00:00,0.0498207031651632,-0.156209959321609,0.2558513656519355,12.217,57.1
12585,1934-06-19 00:00:00,0.0740493593619034,-0.1318841783576273,0.2799828970814341,12.217,57.1
12586,1934-06-20 00:00:00,0.1811611566045793,-0.024575457709959,0.3868977709191178,12.217,57.1
12587,1934-06-21 00:00:00,0.2812039597631197,0.075269419133767,0.4871385003924724,12.217,57.1
12588,1934-06-22 00:00:00,0.231331133049018,0.0247219201355359,0.4379403459625001,12.217,57.1
12589,1934-06-23 00:00:00,0.2010158223377763,-0.0053572878404323,0.407388932515985,12.217,57.1
12590,1934-06-24 00:00:00,-0.0118568938127797,-0.2200888844869827,0.1963750968614231,12.217,57.1
12591,1934-06-25 00:00:00,0.0102895322464881,-0.1953410452840855,0.2159201097770617,12.217,57.1
12592,1934-06-26 00:00:00,0.0352092358903236,-0.1703834766967298,0.2408019484773771,12.217,57.1
12593,1934-06-27 00:00:00,0.0370692679967624,-0.1684942423090797,0.2426327783026047,12.217,57.1
12594,1934-06-28 00:00:00,-0.0003839520637697,-0.2058821557990481,0.2051142516715086,12.217,57.1
12595,1934-06-29 00:00:00,0.015189312925067,-0.1902389747430404,0.2206176005931745,12.217,57.1
12596,1934-06-30 00:00:00,-0.0254200950064857,-0.2309051219144522,0.1800649319014808,12.217,57.1
12597,1934-07-01 00:00:00,0.0046001614783562,-0.2010615629171687,0.2102618858738812,12.217,57.1
12598,1934-07-02 00:00:00,0.0343430646291426,-0.1712919622558142,0.2399780915140995,12.217,57.1
12599,1934-07-03 00:00:00,0.1876069883477945,-0.0181860952391019,0.393400071934691,12.217,57.1
12600,1934-07-04 00:00:00,0.1251988491626929,-0.0812645861855929,0.3316622845109788,12.217,57.1
12601,1934-07-05 00:00:00,0.0043556774441682,-0.2016941723763544,0.2104055272646909,12.217,57.1
12602,1934-07-06 00:00:00,-0.0120441026525696,-0.2176979201724986,0.1936097148673594,12.217,57.1
12603,1934-07-07 00:00:00,0.0045350382726145,-0.2016045039161593,0.2106745804613885,12.217,57.1
12604,1934-07-08 00:00:00,-0.0150891530679279,-0.2210098538014048,0.190831547665549,12.217,57.1
12605,1934-07-09 00:00:00,0.0001865131743844,-0.2054816629654647,0.2058546893142336,12.217,57.1
12606,1934-07-10 00:00:00,-0.0032796466348467,-0.208876455980177,0.2023171627104835,12.217,57.1
12607,1934-07-11 00:00:00,0.0093563866703978,-0.19614714256308,0.2148599159038758,12.217,57.1
12608,1934-07-12 00:00:00,0.0344241388094267,-0.1711100690311161,0.2399583466499695,12.217,57.1
12609,1934-07-13 00:00:00,0.0189478282794063,-0.1868363363144775,0.2247319928732902,12.217,57.1
12610,1934-07-14 00:00:00,0.024858389860004,-0.180697976581002,0.2304147563010102,12.217,57.1
12611,1934-07-15 00:00:00,0.0367601456124865,-0.1687525653254139,0.2422728565503869,12.217,57.1
12612,1934-07-16 00:00:00,0.015966949403657,-0.1894576621228787,0.2213915609301928,12.217,57.1
12613,1934-07-17 00:00:00,-0.005407484155572,-0.2108701711156472,0.2000552028045032,12.217,57.1
12614,1934-07-18 00:00:00,0.0186058739576464,-0.1868475206332442,0.224059268548537,12.217,57.1
12615,1934-07-19 00:00:00,0.0456946945029041,-0.1597776922831025,0.2511670812889108,12.217,57.1
12616,1934-07-20 00:00:00,0.0955629226379952,-0.1099975526335077,0.3011233979094982,12.217,57.1
12617,1934-07-21 00:00:00,0.0675665630002528,-0.1379193509224874,0.273052476922993,12.217,57.1
12618,1934-07-22 00:00:00,0.0401480531892618,-0.1652989884310315,0.2455950948095552,12.217,57.1
12619,1934-07-23 00:00:00,0.0298713900505336,-0.1755786679827269,0.2353214480837942,12.217,57.1
12620,1934-07-24 00:00:00,0.0183546227836252,-0.1871583818721208,0.2238676274393714,12.217,57.1
12621,1934-07-25 00:00:00,0.0186735188260748,-0.1867932005457928,0.2241402381979424,12.217,57.1
12622,1934-07-26 00:00:00,0.1404787144639241,-0.065041478431031,0.3459989073588794,12.217,57.1
12623,1934-07-27 00:00:00,0.2004122476990509,-0.0052307175759515,0.4060552129740534,12.217,57.1
12624,1934-07-28 00:00:00,0.3878236125813619,0.1817354380177645,0.5939117871449593,12.217,57.1
12625,1934-07-29 00:00:00,0.3572992924316665,0.1510920349804316,0.5635065498829015,12.217,57.1
12626,1934-07-30 00:00:00,0.3103041152757919,0.1044569264186576,0.5161513041329262,12.217,57.1
12627,1934-07-31 00:00:00,0.1126260220719029,-0.09310321579172,0.318355259935526,12.217,57.1
12628,1934-08-01 00:00:00,0.0544014113788384,-0.1510897909535332,0.2598926137112102,12.217,57.1
12629,1934-08-02 00:00:00,0.0671206495909604,-0.1383787414818998,0.2726200406638207,12.217,57.1
12630,1934-08-03 00:00:00,0.0801569232624514,-0.1253216032054955,0.2856354497303984,12.217,57.1
12631,1934-08-04 00:00:00,0.055765165556421,-0.1499083736454779,0.2614387047583201,12.217,57.1
12632,1934-08-05 00:00:00,0.0890039960981907,-0.1172507351167629,0.2952587273131444,12.217,57.1
12633,1934-08-06 00:00:00,0.0549486464644071,-0.1524099552607049,0.2623072481895191,12.217,57.1
12634,1934-08-07 00:00:00,-0.0300325672222412,-0.2363789520888123,0.1763138176443297,12.217,57.1
12635,1934-08-08 00:00:00,-0.0220978140528935,-0.2275525623337517,0.1833569342279646,12.217,57.1
12636,1934-08-09 00:00:00,0.0405249360070863,-0.1649567557409617,0.2460066277551343,12.217,57.1
12637,1934-08-10 00:00:00,0.1413451126253856,-0.0641945611431856,0.3468847863939568,12.217,57.1
12638,1934-08-11 00:00:00,0.164393188356055,-0.0413373443608893,0.3701237210729993,12.217,57.1
12639,1934-08-12 00:00:00,0.301481386925137,0.0944778161195015,0.5084849577307724,12.217,57.1
12640,1934-08-13 00:00:00,0.2583048093484796,0.052174265170096,0.4644353535268632,12.217,57.1
12641,1934-08-14 00:00:00,0.1053390439136156,-0.1001909533481631,0.3108690411753943,12.217,57.1
12642,1934-08-15 00:00:00,0.0494219060881766,-0.1559705862902671,0.2548143984666204,12.217,57.1
12643,1934-08-16 00:00:00,0.0774731678116592,-0.1280229427638748,0.2829692783871934,12.217,57.1
12644,1934-08-17 00:00:00,0.1394646074185049,-0.066147862595276,0.345077077432286,12.217,57.1
12645,1934-08-18 00:00:00,0.1480326216293532,-0.0575865353604106,0.3536517786191171,12.217,57.1
12646,1934-08-19 00:00:00,0.0929236748398506,-0.1126324820786394,0.2984798317583408,12.217,57.1
12647,1934-08-20 00:00:00,0.1203814670412098,-0.0852296567019894,0.3259925907844091,12.217,57.1
12648,1934-08-21 00:00:00,0.186553144457323,-0.0192374525416303,0.3923437414562764,12.217,57.1
12649,1934-08-22 00:00:00,0.2403838436752476,0.0342656331484623,0.4465020542020329,12.217,57.1
12650,1934-08-23 00:00:00,0.0764690355858983,-0.129477240924018,0.2824153120958148,12.217,57.1
12651,1934-08-24 00:00:00,0.0994545326903764,-0.1065450308362677,0.3054540962170206,12.217,57.1
12652,1934-08-25 00:00:00,0.0822177837998122,-0.1234536618011256,0.2878892294007501,12.217,57.1
12653,1934-08-26 00:00:00,0.0185354714825631,-0.1869195258791407,0.223990468844267,12.217,57.1
12654,1934-08-27 00:00:00,-0.0227632540617484,-0.228201209552654,0.1826747014291569,12.217,57.1
12655,1934-08-28 00:00:00,-0.0427523699919713,-0.2482681960917026,0.1627634561077599,12.217,57.1
12656,1934-08-29 00:00:00,-0.0164353712794002,-0.2222819629416627,0.1894112203828621,12.217,57.1
12657,1934-08-30 00:00:00,0.2317176204819024,0.0232032472537671,0.4402319937100377,12.217,57.1
12658,1934-08-31 00:00:00,0.012831590286248,-0.1960500380165159,0.221713218589012,12.217,57.1
12659,1934-09-01 00:00:00,-0.016512550359801,-0.22353940752742,0.1905143068078179,12.217,57.1
12660,1934-09-02 00:00:00,0.0900746029245417,-0.1213493773484072,0.3014985831974907,12.217,57.1
12661,1934-09-03 00:00:00,-0.1087238726956185,-0.3261237176459517,0.1086759722547147,12.217,57.1
12662,1934-09-04 00:00:00,0.1026028836265273,-0.1039134318005015,0.3091191990535562,12.217,57.1
12663,1934-09-05 00:00:00,0.0042862770086854,-0.2015289052726485,0.2101014592900193,12.217,57.1
12664,1934-09-06 00:00:00,-0.0750128053312115,-0.2805653863539474,0.1305397756915244,12.217,57.1
12665,1934-09-07 00:00:00,-0.0703141729339141,-0.2758632746716126,0.1352349288037844,12.217,57.1
12666,1934-09-08 00:00:00,-0.0167732007490141,-0.2223076220303983,0.1887612205323701,12.217,57.1
12667,1934-09-09 00:00:00,0.0918386241624037,-0.1138044173626097,0.2974816656874172,12.217,57.1
12668,1934-09-10 00:00:00,0.0917843816261398,-0.1139449866602278,0.2975137499125077,12.217,57.1
12669,1934-09-11 00:00:00,-0.0240792362452799,-0.2296348852852736,0.1814764127947137,12.217,57.1
12670,1934-09-12 00:00:00,-0.0561839149376654,-0.2616509792425308,0.1492831493671998,12.217,57.1
12671,1934-09-13 00:00:00,-0.0949530058609182,-0.3004658121102257,0.1105598003883892,12.217,57.1
12672,1934-09-14 00:00:00,-0.0753268459660767,-0.2808698180105101,0.1302161260783566,12.217,57.1
12673,1934-09-15 00:00:00,-0.0520146529903804,-0.25754384081909,0.153514534838329,12.217,57.1
12674,1934-09-16 00:00:00,0.0072358179444023,-0.1982671351025559,0.2127387709913605,12.217,57.1
12675,1934-09-17 00:00:00,0.0455347408887584,-0.159989673222705,0.2510591550002218,12.217,57.1
12676,1934-09-18 00:00:00,0.0096922575579468,-0.195809332485417,0.2151938476013108,12.217,57.1
12677,1934-09-19 00:00:00,0.0551811407547922,-0.1505261076635737,0.2608883891731581,12.217,57.1
12678,1934-09-20 00:00:00,0.1249646797025097,-0.0807450155086194,0.3306743749136389,12.217,57.1
12679,1934-09-21 00:00:00,0.1737173618334658,-0.0321456532900573,0.3795803769569891,12.217,57.1
12680,1934-09-22 00:00:00,0.1263362117989439,-0.0793940334093364,0.3320664570072242,12.217,57.1
12681,1934-09-23 00:00:00,0.1239025869513464,-0.0818323445752218,0.3296375184779147,12.217,57.1
12682,1934-09-24 00:00:00,0.3317541423725206,0.1228531858866782,0.5406550988583632,12.217,57.1
12683,1934-09-25 00:00:00,0.2264781282340029,0.0196236004991096,0.4333326559688962,12.217,57.1
12684,1934-09-26 00:00:00,0.2667810365823307,0.0601263889915021,0.4734356841731594,12.217,57.1
12685,1934-09-27 00:00:00,0.174656183654651,-0.0313340951952325,0.3806464625045346,12.217,57.1
12686,1934-09-28 00:00:00,0.1511022895266937,-0.0553228964762124,0.3575274755295998,12.217,57.1
12687,1934-09-29 00:00:00,0.0171756537386309,-0.1886832253948883,0.2230345328721502,12.217,57.1
12688,1934-09-30 00:00:00,0.0442247759237543,-0.1613414449762313,0.2497909968237401,12.217,57.1
12689,1934-10-01 00:00:00,0.0527482625637457,-0.1528887374554187,0.2583852625829103,12.217,57.1
12690,1934-10-02 00:00:00,0.1675313739418303,-0.0380435053187254,0.3731062532023861,12.217,57.1
12691,1934-10-03 00:00:00,0.1446417312690024,-0.0609884556474069,0.3502719181854118,12.217,57.1
12692,1934-10-04 00:00:00,0.1834318281813151,-0.0229603112039379,0.3898239675665683,12.217,57.1
12693,1934-10-05 00:00:00,0.2978995025711841,0.0914963775058216,0.5043026276365465,12.217,57.1
12694,1934-10-06 00:00:00,0.150533001228931,-0.0564340275253225,0.3575000299831846,12.217,57.1
12695,1934-10-07 00:00:00,0.0410447609381566,-0.1647005254846028,0.2467900473609161,12.217,57.1
12696,1934-10-08 00:00:00,0.0729393478842826,-0.1332708952075961,0.2791495909761615,12.217,57.1
12697,1934-10-09 00:00:00,0.0997549413256303,-0.1064644032773234,0.3059742859285842,12.217,57.1
12698,1934-10-10 00:00:00,0.0457315774093105,-0.1601635953932811,0.2516267502119021,12.217,57.1
12699,1934-10-11 00:00:00,0.3129867763151138,0.1069168136147218,0.5190567390155059,12.217,57.1
12700,1934-10-12 00:00:00,0.2722205990230953,0.0659441039783896,0.478497094067801,12.217,57.1
12701,1934-10-13 00:00:00,0.3130552314331395,0.1067433812644188,0.5193670816018602,12.217,57.1
12702,1934-10-14 00:00:00,0.1895208790703664,-0.0169132809299036,0.3959550390706364,12.217,57.1
12703,1934-10-15 00:00:00,0.3653830608749716,0.1577956563810657,0.5729704653688774,12.217,57.1
12704,1934-10-16 00:00:00,0.073010312998647,-0.1367897082834534,0.2828103342807475,12.217,57.1
12705,1934-10-17 00:00:00,-0.0360470181624034,-0.2428641791814231,0.1707701428566163,12.217,57.1
12706,1934-10-18 00:00:00,0.0325822677812825,-0.173145592646278,0.2383101282088431,12.217,57.1
12707,1934-10-19 00:00:00,0.2075690885476402,-0.0014668897593912,0.4166050668546717,12.217,57.1
12708,1934-10-20 00:00:00,0.1855190183083844,-0.0220372098585222,0.3930752464752912,12.217,57.1
12709,1934-10-21 00:00:00,0.2431709197727784,0.0374008242408559,0.4489410153047009,12.217,57.1
12710,1934-10-22 00:00:00,0.1889078379144858,-0.0168630552614075,0.3946787310903792,12.217,57.1
12711,1934-10-23 00:00:00,0.1944893423831649,-0.012315116551483,0.4012938013178129,12.217,57.1
12712,1934-10-24 00:00:00,0.1806699219613034,-0.0260202035362051,0.387360047458812,12.217,57.1
12713,1934-10-25 00:00:00,0.1057829225792364,-0.099957431844815,0.3115232770032879,12.217,57.1
12714,1934-10-26 00:00:00,0.0780966390717007,-0.1279989471690201,0.2841922253124217,12.217,57.1
12715,1934-10-27 00:00:00,0.1538767210247514,-0.0536823660148256,0.3614358080643286,12.217,57.1
12716,1934-10-28 00:00:00,0.389587271537119,0.1814318051749706,0.5977427378992674,12.217,57.1
12717,1934-10-29 00:00:00,0.4393602742514262,0.2312782238825471,0.6474423246203053,12.217,57.1
12718,1934-10-30 00:00:00,0.259088846722785,0.0530461470845571,0.4651315463610128,12.217,57.1
12719,1934-10-31 00:00:00,0.1673501201235268,-0.0386561918665591,0.3733564321136127,12.217,57.1
12720,1934-11-01 00:00:00,0.0897518028045412,-0.1163368001539562,0.2958404057630387,12.217,57.1
12721,1934-11-02 00:00:00,0.1706768233920609,-0.0354562141322302,0.376809860916352,12.217,57.1
12722,1934-11-03 00:00:00,0.1088133806447289,-0.0969611880150395,0.3145879493044975,12.217,57.1
12723,1934-11-04 00:00:00,0.0027358960338211,-0.2029050764765497,0.208376868544192,12.217,57.1
12724,1934-11-05 00:00:00,0.0592375533342669,-0.1466356820425765,0.2651107887111105,12.217,57.1
12725,1934-11-06 00:00:00,0.1319949396644943,-0.0741319330923489,0.3381218124213376,12.217,57.1
12726,1934-11-07 00:00:00,0.1966979653246272,-0.0102985889333152,0.4036945195825696,12.217,57.1
12727,1934-11-08 00:00:00,0.0101653278821555,-0.2005211140342064,0.2208517697985174,12.217,57.1
12728,1934-11-09 00:00:00,0.1667889831764385,-0.0432698552716109,0.376847821624488,12.217,57.1
12729,1934-11-10 00:00:00,0.0922029593195,-0.1138022422296234,0.2982081608686235,12.217,57.1
12730,1934-11-11 00:00:00,0.0727211825183669,-0.132945621230068,0.2783879862668018,12.217,57.1
12731,1934-11-12 00:00:00,0.0546852689185997,-0.1509590920038366,0.2603296298410361,12.217,57.1
12732,1934-11-13 00:00:00,0.1903813456404898,-0.0162665728518993,0.3970292641328789,12.217,57.1
12733,1934-11-14 00:00:00,0.0986513997155834,-0.1090061279284362,0.3063089273596032,12.217,57.1
12734,1934-11-15 00:00:00,0.0429667832483119,-0.1628226479414502,0.2487562144380742,12.217,57.1
12735,1934-11-16 00:00:00,-0.0595458503272549,-0.265197826172581,0.1461061255180711,12.217,57.1
12736,1934-11-17 00:00:00,-0.0782260650947386,-0.283785244016996,0.1273331138275186,12.217,57.1
12737,1934-11-18 00:00:00,-0.0186129776795969,-0.2243259106670484,0.1870999553078546,12.217,57.1
12738,1934-11-19 00:00:00,-0.0827111563020696,-0.2884881881845997,0.1230658755804605,12.217,57.1
12739,1934-11-20 00:00:00,-0.0186907730703663,-0.2242904986860093,0.1869089525452766,12.217,57.1
12740,1934-11-21 00:00:00,0.0412358105251067,-0.1643101152351673,0.2467817362853809,12.217,57.1
12741,1934-11-22 00:00:00,0.0040741485673073,-0.2014946057927951,0.2096429029274099,12.217,57.1
12742,1934-11-23 00:00:00,0.173364194043058,-0.0323649833004744,0.3790933713865906,12.217,57.1
12743,1934-11-24 00:00:00,0.0115471854622443,-0.1947033613146843,0.2177977322391729,12.217,57.1
12744,1934-11-25 00:00:00,0.008930865418664,-0.1967040933333546,0.2145658241706827,12.217,57.1
12745,1934-11-26 00:00:00,0.1273223449127763,-0.0783358170593196,0.3329805068848722,12.217,57.1
12746,1934-11-27 00:00:00,0.2671258563186192,0.0613607203955205,0.4728909922417179,12.217,57.1
12747,1934-11-28 00:00:00,0.3546351878565385,0.1473909321606189,0.5618794435524581,12.217,57.1
12748,1934-11-29 00:00:00,0.2381704664886114,0.0308555758059508,0.445485357171272,12.217,57.1
12749,1934-11-30 00:00:00,-0.0137751585011568,-0.219843195460096,0.1922928784577823,12.217,57.1
12750,1934-12-01 00:00:00,-0.0600957728363886,-0.2658189088392947,0.1456273631665174,12.217,57.1
12751,1934-12-02 00:00:00,0.1334498967094713,-0.072187897921571,0.3390876913405136,12.217,57.1
12752,1934-12-03 00:00:00,0.1873771204923793,-0.0183342553717053,0.3930884963564641,12.217,57.1
12753,1934-12-04 00:00:00,0.1185622814930797,-0.0871240276225658,0.3242485906087253,12.217,57.1
12754,1934-12-05 00:00:00,0.0944788020890632,-0.1110263397365907,0.2999839439147173,12.217,57.1
12755,1934-12-06 00:00:00,0.1131574651681316,-0.0928844123355208,0.3191993426717842,12.217,57.1
12756,1934-12-07 00:00:00,0.0579946799111431,-0.1476440804387011,0.2636334402609873,12.217,57.1
12757,1934-12-08 00:00:00,0.0997061700162863,-0.1058481342848769,0.3052604743174496,12.217,57.1
12758,1934-12-09 00:00:00,0.083427099036492,-0.1221267420512989,0.288980940124283,12.217,57.1
12759,1934-12-10 00:00:00,0.1475110944540761,-0.0581119924351175,0.3531341813432699,12.217,57.1
12760,1934-12-11 00:00:00,0.1781521588017999,-0.0276362634028231,0.383940581006423,12.217,57.1
12761,1934-12-12 00:00:00,0.1732973454796422,-0.0324790604938214,0.3790737514531058,12.217,57.1
12762,1934-12-13 00:00:00,0.1380453543405542,-0.0677010827251262,0.3437917914062346,12.217,57.1
12763,1934-12-14 00:00:00,0.1160999254159775,-0.0896323201768534,0.3218321710088085,12.217,57.1
12764,1934-12-15 00:00:00,0.1342422252918356,-0.0713713079849735,0.3398557585686447,12.217,57.1
12765,1934-12-16 00:00:00,0.2819298399174095,0.0757008579326182,0.4881588219022007,12.217,57.1
12766,1934-12-17 00:00:00,0.0747967876529422,-0.1312881463693024,0.2808817216751869,12.217,57.1
12767,1934-12-18 00:00:00,0.1300644860564877,-0.0755821438171104,0.3357111159300859,12.217,57.1
12768,1934-12-19 00:00:00,0.1894666824237889,-0.0160922887618555,0.3950256536094333,12.217,57.1
12769,1934-12-20 00:00:00,0.1547666500996997,-0.0507409661200967,0.3602742663194962,12.217,57.1
12770,1934-12-21 00:00:00,0.0379844485912733,-0.1674810535918603,0.243449950774407,12.217,57.1
12771,1934-12-22 00:00:00,-0.0258579407672266,-0.2312749488369146,0.1795590673024613,12.217,57.1
12772,1934-12-23 00:00:00,-0.0222266454840178,-0.2276695312053893,0.1832162402373536,12.217,57.1
12773,1934-12-24 00:00:00,-0.0311275729886475,-0.2367030438378193,0.1744478978605241,12.217,57.1
12774,1934-12-25 00:00:00,-0.1211216187666621,-0.3268206295067886,0.0845773919734643,12.217,57.1
12775,1934-12-26 00:00:00,-0.07033798701599,-0.2760519493473479,0.1353759753153678,12.217,57.1
12776,1934-12-27 00:00:00,0.0167521883459449,-0.1891182976483534,0.2226226743402433,12.217,57.1
12777,1934-12-28 00:00:00,0.0095631782481847,-0.1960634875567548,0.2151898440531244,12.217,57.1
12778,1934-12-29 00:00:00,0.0362116482506996,-0.1694326410955951,0.2418559375969944,12.217,57.1
12779,1934-12-30 00:00:00,0.144479101774328,-0.0617159799084421,0.3506741834570982,12.217,57.1
12780,1934-12-31 00:00:00,0.0417507199649275,-0.1647297081036441,0.2482311480334993,12.217,57.1
12781,1935-01-01 00:00:00,0.1737798845107951,-0.032223772881171,0.3797835419027613,12.217,57.1
12782,1935-01-02 00:00:00,0.1093500162563963,-0.0965565223380411,0.3152565548508338,12.217,57.1
12783,1935-01-03 00:00:00,-0.0836987790795076,-0.2895025427468606,0.1221049845878453,12.217,57.1
12784,1935-01-04 00:00:00,0.0532835703081378,-0.1534983472898615,0.2600654879061372,12.217,57.1
12785,1935-01-05 00:00:00,0.1581290626217368,-0.0494925054856801,0.3657506307291539,12.217,57.1
12786,1935-01-06 00:00:00,0.0464684809884383,-0.1603674821119809,0.2533044440888577,12.217,57.1
12787,1935-01-07 00:00:00,-0.1041454109933117,-0.3110012405215093,0.1027104185348857,12.217,57.1
12788,1935-01-08 00:00:00,-0.102933200430383,-0.3089132435233455,0.1030468426625794,12.217,57.1
12789,1935-01-09 00:00:00,-0.053814181672999,-0.2594543261792299,0.1518259628332318,12.217,57.1
12790,1935-01-10 00:00:00,-0.0511250314163546,-0.2567558132345976,0.1545057504018883,12.217,57.1
12791,1935-01-11 00:00:00,0.0877380584644096,-0.1182588658294345,0.2937349827582539,12.217,57.1
12792,1935-01-12 00:00:00,0.1883932564427405,-0.0181577556211419,0.394944268506623,12.217,57.1
12793,1935-01-13 00:00:00,0.3484342993427501,0.1402037973781233,0.556664801307377,12.217,57.1
12794,1935-01-14 00:00:00,0.0976914400756529,-0.1087243051810881,0.304107185332394,12.217,57.1
12795,1935-01-15 00:00:00,-0.0007432374443802,-0.2065073162643994,0.2050208413756388,12.217,57.1
12796,1935-01-16 00:00:00,-0.0590529705565186,-0.2648865670717499,0.1467806259587127,12.217,57.1
12797,1935-01-17 00:00:00,-0.0521142439092245,-0.2577180122469676,0.1534895244285186,12.217,57.1
12798,1935-01-18 00:00:00,-0.1233980448936791,-0.3291244231585381,0.0823283333711799,12.217,57.1
12799,1935-01-19 00:00:00,-0.1483801051804131,-0.3539078101158484,0.0571475997550221,12.217,57.1
12800,1935-01-20 00:00:00,-0.0781170040403139,-0.2837005401634914,0.1274665320828635,12.217,57.1
12801,1935-01-21 00:00:00,-0.0626602247643023,-0.2682891039980565,0.1429686544694519,12.217,57.1
12802,1935-01-22 00:00:00,0.0050783845213134,-0.2007040191479261,0.210860788190553,12.217,57.1
12803,1935-01-23 00:00:00,0.0552311990032695,-0.1503673657811585,0.2608297637876977,12.217,57.1
12804,1935-01-24 00:00:00,0.5526246731477429,0.3453969868160635,0.7598523594794222,12.217,57.1
12805,1935-01-25 00:00:00,0.2211345195456784,0.0134283500670489,0.4288406890243078,12.217,57.1
12806,1935-01-26 00:00:00,0.5871533172841337,0.3791550074861365,0.7951516270821308,12.217,57.1
12807,1935-01-27 00:00:00,0.0652004690718534,-0.1414564173886638,0.2718573555323706,12.217,57.1
12808,1935-01-28 00:00:00,-0.0895722063082354,-0.295886287061437,0.116741874444966,12.217,57.1
12809,1935-01-29 00:00:00,-0.0822483687169602,-0.288055937142062,0.1235591997081415,12.217,57.1
12810,1935-01-30 00:00:00,-0.0394534086167577,-0.2453042523857738,0.1663974351522583,12.217,57.1
12811,1935-01-31 00:00:00,0.0640886491544752,-0.1416672791114748,0.2698445774204254,12.217,57.1
12812,1935-02-01 00:00:00,0.12971665009796,-0.0761434135630683,0.3355767137589884,12.217,57.1
12813,1935-02-02 00:00:00,0.2831306468299778,0.0760938412438771,0.4901674524160785,12.217,57.1
12814,1935-02-03 00:00:00,0.5015522450607696,0.294096107586397,0.7090083825351421,12.217,57.1
12815,1935-02-04 00:00:00,0.3337720793327391,0.1262556154910679,0.5412885431744103,12.217,57.1
12816,1935-02-05 00:00:00,0.086588581219524,-0.119912781594403,0.293089944033451,12.217,57.1
12817,1935-02-06 00:00:00,0.0422594111883172,-0.1635492852974171,0.2480681076740516,12.217,57.1
12818,1935-02-07 00:00:00,-0.0862601017685672,-0.2924086423880575,0.119888438850923,12.217,57.1
12819,1935-02-08 00:00:00,-0.1178981377688113,-0.3236210947971831,0.0878248192595605,12.217,57.1
12820,1935-02-09 00:00:00,-0.0475909002336356,-0.2531349384999986,0.1579531380327272,12.217,57.1
12821,1935-02-10 00:00:00,0.0087191066089134,-0.1968977350751521,0.214335948292979,12.217,57.1
12822,1935-02-11 00:00:00,0.0645274019168691,-0.1413307512158499,0.2703855550495881,12.217,57.1
12823,1935-02-12 00:00:00,0.0799890015524226,-0.1256065709812032,0.2855845740860484,12.217,57.1
12824,1935-02-13 00:00:00,0.3360419691564209,0.1295967902046301,0.5424871481082117,12.217,57.1
12825,1935-02-14 00:00:00,0.3010210432298254,0.0944171840300169,0.5076249024296339,12.217,57.1
12826,1935-02-15 00:00:00,0.271730124738101,0.0655906714074813,0.4778695780687206,12.217,57.1
12827,1935-02-16 00:00:00,0.2353879982683869,0.0291175437036484,0.4416584528331254,12.217,57.1
12828,1935-02-17 00:00:00,0.3226927955374148,0.1158201969929308,0.5295653940818988,12.217,57.1
12829,1935-02-18 00:00:00,0.1177075674646206,-0.0921364255223606,0.3275515604516019,12.217,57.1
12830,1935-02-19 00:00:00,0.2527052839791988,0.0459253280653063,0.4594852398930912,12.217,57.1
12831,1935-02-20 00:00:00,0.4164164272663934,0.2097773178998077,0.6230555366329791,12.217,57.1
12832,1935-02-21 00:00:00,0.3248216230941233,0.11759784485399,0.5320454013342566,12.217,57.1
12833,1935-02-22 00:00:00,0.5564767251059092,0.3490676916113545,0.7638857586004638,12.217,57.1
12834,1935-02-23 00:00:00,0.4047995848045276,0.1974947181233093,0.6121044514857459,12.217,57.1
12835,1935-02-24 00:00:00,0.474262302571683,0.26696377460209,0.6815608305412759,12.217,57.1
12836,1935-02-25 00:00:00,0.4077319947586388,0.2008178493167099,0.6146461402005677,12.217,57.1
12837,1935-02-26 00:00:00,0.2819062639964961,0.0742725414809331,0.4895399865120591,12.217,57.1
12838,1935-02-27 00:00:00,0.1119633909798433,-0.0948301570792251,0.3187569390389119,12.217,57.1
12839,1935-02-28 00:00:00,0.0923958861047018,-0.1135405197750023,0.298332291984406,12.217,57.1
12840,1935-03-01 00:00:00,0.115528549512411,-0.0903896432576785,0.3214467422825005,12.217,57.1
12841,1935-03-02 00:00:00,0.0409392203526169,-0.1649956660229696,0.2468741067282036,12.217,57.1
12842,1935-03-03 00:00:00,-0.1066468648789144,-0.3132467027362083,0.0999529729783793,12.217,57.1
12843,1935-03-04 00:00:00,-0.116564990130508,-0.3227467852507695,0.0896168049897534,12.217,57.1
12844,1935-03-05 00:00:00,-0.0363196930594563,-0.2420465356639133,0.1694071495450007,12.217,57.1
12845,1935-03-06 00:00:00,0.0489918114051272,-0.1568534649947648,0.2548370878050192,12.217,57.1
12846,1935-03-07 00:00:00,-0.0369398248718641,-0.2427726382172405,0.1688929884735123,12.217,57.1
12847,1935-03-08 00:00:00,-0.1631463773905441,-0.3690706913505533,0.0427779365694651,12.217,57.1
12848,1935-03-09 00:00:00,-0.1586915965947134,-0.3643597819018459,0.046976588712419,12.217,57.1
12849,1935-03-10 00:00:00,-0.1837524972040424,-0.3894657005681505,0.0219607061600656,12.217,57.1
12850,1935-03-11 00:00:00,-0.1565977638596336,-0.3625483116984525,0.0493527839791851,12.217,57.1
12851,1935-03-12 00:00:00,-0.1419327091962942,-0.3477419790786805,0.0638765606860921,12.217,57.1
12852,1935-03-13 00:00:00,-0.1315356661473001,-0.3372697441722916,0.0741984118776912,12.217,57.1
12853,1935-03-14 00:00:00,-0.0934498267460999,-0.2990313512083303,0.1121316977161304,12.217,57.1
12854,1935-03-15 00:00:00,-0.0296122839301622,-0.2351200731682545,0.1758955053079301,12.217,57.1
12855,1935-03-16 00:00:00,0.0645713848592698,-0.1409974390559745,0.2701402087745141,12.217,57.1
12856,1935-03-17 00:00:00,0.1479307477840736,-0.0576690463094634,0.3535305418776108,12.217,57.1
12857,1935-03-18 00:00:00,0.0785650361709932,-0.127002388070764,0.2841324604127505,12.217,57.1
12858,1935-03-19 00:00:00,-0.0287615093050309,-0.2343613291196348,0.1768383105095729,12.217,57.1
12859,1935-03-20 00:00:00,0.0527721505770396,-0.1528887032628764,0.2584330044169556,12.217,57.1
12860,1935-03-21 00:00:00,0.2265868614894135,0.0205156481974028,0.4326580747814242,12.217,57.1
12861,1935-03-22 00:00:00,0.1187723236032597,-0.0873314702048577,0.3248761174113772,12.217,57.1
12862,1935-03-23 00:00:00,0.1924361821348189,-0.0132093704671708,0.3980817347368087,12.217,57.1
12863,1935-03-24 00:00:00,0.2448620926187675,0.039148965332452,0.4505752199050831,12.217,57.1
12864,1935-03-25 00:00:00,0.0679394792442663,-0.1378347662033068,0.2737137246918395,12.217,57.1
12865,1935-03-26 00:00:00,0.3281020824693075,0.1214423375814497,0.5347618273571653,12.217,57.1
12866,1935-03-27 00:00:00,0.3349507287879681,0.1266758385952442,0.543225618980692,12.217,57.1
12867,1935-03-28 00:00:00,0.0345641908723885,-0.1719977850274789,0.2411261667722561,12.217,57.1
12868,1935-03-29 00:00:00,0.1007670349454371,-0.1055352370471853,0.3070693069380596,12.217,57.1
12869,1935-03-30 00:00:00,0.029799132592636,-0.1766042538577497,0.2362025190430218,12.217,57.1
12870,1935-03-31 00:00:00,0.0113578790621407,-0.1943029021053285,0.21701866022961,12.217,57.1
12871,1935-04-01 00:00:00,0.1052961460042792,-0.1001642845451161,0.3107565765536747,12.217,57.1
12872,1935-04-02 00:00:00,0.1531971036876109,-0.0523588304711604,0.3587530378463823,12.217,57.1
12873,1935-04-03 00:00:00,0.126869004632868,-0.0803427368419713,0.3340807461077074,12.217,57.1
12874,1935-04-04 00:00:00,0.0438672280664035,-0.1641237433955079,0.2518581995283151,12.217,57.1
12875,1935-04-05 00:00:00,0.187889838273391,-0.0182782852932329,0.3940579618400149,12.217,57.1
12876,1935-04-06 00:00:00,0.1304153178091196,-0.0754566583359245,0.3362872939541638,12.217,57.1
12877,1935-04-07 00:00:00,0.041490958983354,-0.164512046893733,0.2474939648604411,12.217,57.1
12878,1935-04-08 00:00:00,0.1679129177490292,-0.0377884653897147,0.3736143008877731,12.217,57.1
12879,1935-04-09 00:00:00,0.0867893531244446,-0.119007411534933,0.2925861177838225,12.217,57.1
12880,1935-04-10 00:00:00,0.1880333191384422,-0.0178161186897518,0.3938827569666363,12.217,57.1
12881,1935-04-11 00:00:00,0.3210517078794288,0.1143038629763342,0.5277995527825234,12.217,57.1
12882,1935-04-12 00:00:00,0.4444994372313495,0.2377138527229404,0.6512850217397587,12.217,57.1
12883,1935-04-13 00:00:00,0.2264819947209525,0.0203424518845179,0.4326215375573872,12.217,57.1
12884,1935-04-14 00:00:00,0.214463737323667,0.0082006600071451,0.4207268146401889,12.217,57.1
12885,1935-04-15 00:00:00,0.1685835401380888,-0.0377471310346008,0.3749142113107786,12.217,57.1
12886,1935-04-16 00:00:00,0.0716937336485922,-0.1338778980661577,0.2772653653633421,12.217,57.1
12887,1935-04-17 00:00:00,0.1364866755047009,-0.0701280622204844,0.3431014132298864,12.217,57.1
12888,1935-04-18 00:00:00,0.2080662620996762,0.0014551347315684,0.4146773894677841,12.217,57.1
12889,1935-04-19 00:00:00,0.1047458187854909,-0.1010646390675208,0.3105562766385026,12.217,57.1
12890,1935-04-20 00:00:00,0.0976604008835861,-0.108013003587603,0.3033338053547754,12.217,57.1
12891,1935-04-21 00:00:00,0.0251308210731153,-0.1806185691840974,0.2308802113303281,12.217,57.1
12892,1935-04-22 00:00:00,0.0315902044894971,-0.1740853873099503,0.2372657962889447,12.217,57.1
12893,1935-04-23 00:00:00,0.0399956106477266,-0.1658532139632914,0.2458444352587446,12.217,57.1
12894,1935-04-24 00:00:00,-0.0510282185637014,-0.2566570284288489,0.1546005913014459,12.217,57.1
12895,1935-04-25 00:00:00,-0.0864619175808305,-0.292028023621572,0.1191041884599109,12.217,57.1
12896,1935-04-26 00:00:00,-0.0541760149676033,-0.2598727295002347,0.151520699565028,12.217,57.1
12897,1935-04-27 00:00:00,-0.0368392309578359,-0.2426075547441555,0.1689290928284836,12.217,57.1
12898,1935-04-28 00:00:00,-0.001050461495856,-0.2066984529737546,0.2045975299820426,12.217,57.1
12899,1935-04-29 00:00:00,0.0385805594045627,-0.1670552649080615,0.2442163837171869,12.217,57.1
12900,1935-04-30 00:00:00,0.0219896281053589,-0.1836570546853997,0.2276363108961177,12.217,57.1
12901,1935-05-01 00:00:00,-0.0589870864933589,-0.2651982045143219,0.1472240315276042,12.217,57.1
12902,1935-05-02 00:00:00,-0.0560326584352692,-0.2618401970490503,0.1497748801785119,12.217,57.1
12903,1935-05-03 00:00:00,0.0326906300352079,-0.1727812227176767,0.2381624827880927,12.217,57.1
12904,1935-05-04 00:00:00,0.0581397478219648,-0.1472549584953297,0.2635344541392593,12.217,57.1
12905,1935-05-05 00:00:00,0.0183278785540641,-0.1871205087759195,0.2237762658840478,12.217,57.1
12906,1935-05-06 00:00:00,-0.0033190107304585,-0.208743248948644,0.2021052274877269,12.217,57.1
12907,1935-05-07 00:00:00,-0.0258655776116107,-0.231465386113533,0.1797342308903114,12.217,57.1
12908,1935-05-08 00:00:00,-0.0171112124198425,-0.2229976361718763,0.1887752113321912,12.217,57.1
12909,1935-05-09 00:00:00,-0.0560818102824324,-0.2617994926463055,0.1496358720814405,12.217,57.1
12910,1935-05-10 00:00:00,-0.0273789950403625,-0.2331405640532184,0.1783825739724933,12.217,57.1
12911,1935-05-11 00:00:00,0.0424004689926549,-0.1634050485724477,0.2482059865577576,12.217,57.1
12912,1935-05-12 00:00:00,0.071307113521617,-0.1348243219566156,0.2774385489998497,12.217,57.1
12913,1935-05-13 00:00:00,0.0654838617495144,-0.1405040413965682,0.2714717648955972,12.217,57.1
12914,1935-05-14 00:00:00,0.0321685937073641,-0.1735873016693973,0.2379244890841255,12.217,57.1
12915,1935-05-15 00:00:00,-0.021654237479618,-0.2274375199182097,0.1841290449589737,12.217,57.1
12916,1935-05-16 00:00:00,-0.025048825063893,-0.2312043383936373,0.1811066882658513,12.217,57.1
12917,1935-05-17 00:00:00,0.1788562933460029,-0.0295115150200765,0.3872241017120824,12.217,57.1
12918,1935-05-18 00:00:00,0.0229203961080898,-0.1842011384322805,0.2300419306484602,12.217,57.1
12919,1935-05-19 00:00:00,0.0144663439202568,-0.1910898106002675,0.2200224984407812,12.217,57.1
12920,1935-05-20 00:00:00,-0.0180250524989284,-0.223540935848315,0.1874908308504581,12.217,57.1
12921,1935-05-21 00:00:00,0.0333236178693566,-0.1725432477168058,0.2391904834555191,12.217,57.1
12922,1935-05-22 00:00:00,-0.0367301774845552,-0.2422870971156133,0.1688267421465027,12.217,57.1
12923,1935-05-23 00:00:00,-0.042968724379379,-0.2486429317718548,0.1627054830130966,12.217,57.1
12924,1935-05-24 00:00:00,-0.0795712027257588,-0.2855246952181715,0.1263822897666539,12.217,57.1
12925,1935-05-25 00:00:00,-0.0613521220634415,-0.2673239288088145,0.1446196846819315,12.217,57.1
12926,1935-05-26 00:00:00,-0.0247863981142784,-0.2305057007835105,0.1809329045549536,12.217,57.1
12927,1935-05-27 00:00:00,-0.0200447142174733,-0.2256732389268453,0.1855838104918985,12.217,57.1
12928,1935-05-28 00:00:00,-0.0168806899079408,-0.2224180122283165,0.1886566324124349,12.217,57.1
12929,1935-05-29 00:00:00,-0.0024250923422356,-0.2078529670002987,0.2030027823158273,12.217,57.1
12930,1935-05-30 00:00:00,0.0493955232964604,-0.1560576443230815,0.2548486909160024,12.217,57.1
12931,1935-05-31 00:00:00,0.0207448154014408,-0.1849207247076512,0.2264103555105328,12.217,57.1
12932,1935-06-01 00:00:00,-0.0020834366648566,-0.2078960531223016,0.2037291797925883,12.217,57.1
12933,1935-06-02 00:00:00,0.0855105385694058,-0.1201221921528718,0.2911432692916836,12.217,57.1
12934,1935-06-03 00:00:00,0.1147665299598992,-0.0907772123204642,0.3203102722402626,12.217,57.1
12935,1935-06-04 00:00:00,0.1134139952812337,-0.0920926358805917,0.3189206264430593,12.217,57.1
12936,1935-06-05 00:00:00,0.1306243878879112,-0.0752041532937213,0.3364529290695437,12.217,57.1
12937,1935-06-06 00:00:00,0.1879578454418422,-0.0179160571022812,0.3938317479859658,12.217,57.1
12938,1935-06-07 00:00:00,0.147537641696605,-0.0581928785041432,0.3532681618973533,12.217,57.1
12939,1935-06-08 00:00:00,0.137527501428378,-0.0693888053217822,0.3444438081785383,12.217,57.1
12940,1935-06-09 00:00:00,0.2714396512748125,0.0643426580305377,0.4785366445190874,12.217,57.1
12941,1935-06-10 00:00:00,0.0600347698840501,-0.1470565551401817,0.267126094908282,12.217,57.1
12942,1935-06-11 00:00:00,0.0267354071901121,-0.1792994950790667,0.2327703094592911,12.217,57.1
12943,1935-06-12 00:00:00,0.1446062230481529,-0.0613519861075852,0.3505644322038911,12.217,57.1
12944,1935-06-13 00:00:00,0.1377885722269793,-0.068499115799244,0.3440762602532026,12.217,57.1
12945,1935-06-14 00:00:00,0.1219786222710486,-0.0844177862049967,0.3283750307470941,12.217,57.1
12946,1935-06-15 00:00:00,0.0647902176361315,-0.1408793990523178,0.2704598343245809,12.217,57.1
12947,1935-06-16 00:00:00,0.1115883735547077,-0.094024800795239,0.3172015479046545,12.217,57.1
12948,1935-06-17 00:00:00,0.2551539841236653,0.0454199813532362,0.4648879868940945,12.217,57.1
12949,1935-06-18 00:00:00,0.1101169018873101,-0.0976251420286113,0.3178589458032317,12.217,57.1
12950,1935-06-19 00:00:00,0.1105937628535144,-0.0950736270374035,0.3162611527444325,12.217,57.1
12951,1935-06-20 00:00:00,-0.0146904735912355,-0.2207735091113458,0.1913925619288748,12.217,57.1
12952,1935-06-21 00:00:00,-0.0244120897118355,-0.2304149821582491,0.181590802734578,12.217,57.1
12953,1935-06-22 00:00:00,-0.0290135519232138,-0.2345652026985283,0.1765380988521006,12.217,57.1
12954,1935-06-23 00:00:00,-0.0526639137145882,-0.2581441648008479,0.1528163373716714,12.217,57.1
12955,1935-06-24 00:00:00,-0.052068502941878,-0.2575516991901324,0.1534146933063762,12.217,57.1
12956,1935-06-25 00:00:00,-0.0242898790188445,-0.2298637553816858,0.1812839973439967,12.217,57.1
12957,1935-06-26 00:00:00,0.0503703685862596,-0.1551368766472613,0.2558776138197806,12.217,57.1
12958,1935-06-27 00:00:00,0.0395931565147835,-0.1659592240658579,0.245145537095425,12.217,57.1
12959,1935-06-28 00:00:00,0.0905783699390099,-0.1150990671524424,0.2962558070304623,12.217,57.1
12960,1935-06-29 00:00:00,0.1498958492579623,-0.0560543806449609,0.3558460791608856,12.217,57.1
12961,1935-06-30 00:00:00,0.0582416252629274,-0.1478066496906179,0.2642899002164728,12.217,57.1
12962,1935-07-01 00:00:00,0.015066033183634,-0.1904855612569686,0.2206176276242367,12.217,57.1
12963,1935-07-02 00:00:00,0.0334658149565508,-0.1719507560863025,0.2388823859994041,12.217,57.1
12964,1935-07-03 00:00:00,0.1344485716843743,-0.0714001617018867,0.3402973050706354,12.217,57.1
12965,1935-07-04 00:00:00,0.1960159574930054,-0.0101368839307409,0.4021687989167517,12.217,57.1
12966,1935-07-05 00:00:00,0.3547384533876367,0.1486504508690778,0.5608264559061955,12.217,57.1
12967,1935-07-06 00:00:00,0.3056795590158142,0.0995345520130094,0.511824566018619,12.217,57.1
12968,1935-07-07 00:00:00,0.1538842535786687,-0.0522119484099366,0.3599804555672742,12.217,57.1
12969,1935-07-08 00:00:00,0.0319335312573766,-0.1739217728897003,0.2377888354044535,12.217,57.1
12970,1935-07-09 00:00:00,0.0189716678791822,-0.1865056326314525,0.224448968389817,12.217,57.1
12971,1935-07-10 00:00:00,0.0168514272621905,-0.1886139741434605,0.2223168286678416,12.217,57.1
12972,1935-07-11 00:00:00,0.0369818378515722,-0.1685718990339727,0.2425355747371173,12.217,57.1
12973,1935-07-12 00:00:00,-0.0048646385041603,-0.210367395500729,0.2006381184924083,12.217,57.1
12974,1935-07-13 00:00:00,-0.0104912142116986,-0.215958692705152,0.1949762642817547,12.217,57.1
12975,1935-07-14 00:00:00,-0.0238394408127518,-0.2293467679930003,0.1816678863674966,12.217,57.1
12976,1935-07-15 00:00:00,0.0192626330389972,-0.1862326184806368,0.2247578845586312,12.217,57.1
12977,1935-07-16 00:00:00,0.0753725359598294,-0.1301210370339876,0.2808661089536465,12.217,57.1
12978,1935-07-17 00:00:00,0.1429095594993819,-0.0626307507439277,0.3484498697426916,12.217,57.1
12979,1935-07-18 00:00:00,0.1671676428854242,-0.0383185268286941,0.3726538125995426,12.217,57.1
12980,1935-07-19 00:00:00,0.2109430526276252,0.005256240764429,0.4166298644908213,12.217,57.1
12981,1935-07-20 00:00:00,0.1572184482682859,-0.0484582662007693,0.3628951627373411,12.217,57.1
12982,1935-07-21 00:00:00,0.1672465221881506,-0.0383201831702336,0.3728132275465349,12.217,57.1
12983,1935-07-22 00:00:00,0.0871213267061898,-0.1190687592685053,0.2933114126808849,12.217,57.1
12984,1935-07-23 00:00:00,0.0504020705006505,-0.1556430224309627,0.2564471634322638,12.217,57.1
12985,1935-07-24 00:00:00,0.0555899903609258,-0.1499760527912759,0.2611560335131275,12.217,57.1
12986,1935-07-25 00:00:00,0.0204095241837209,-0.1854692207997337,0.2262882691671756,12.217,57.1
12987,1935-07-26 00:00:00,0.025055346230264,-0.1808052059387371,0.2309158983992651,12.217,57.1
12988,1935-07-27 00:00:00,0.0993756887564728,-0.1062066912616739,0.3049580687746196,12.217,57.1
12989,1935-07-28 00:00:00,0.2208848893691583,0.0146057141183084,0.4271640646200082,12.217,57.1
12990,1935-07-29 00:00:00,0.5547765776675185,0.3471470535907169,0.7624061017443202,12.217,57.1
12991,1935-07-30 00:00:00,0.3683553187737891,0.1608696163526636,0.5758410211949145,12.217,57.1
12992,1935-07-31 00:00:00,0.1753017521804811,-0.0320326594135189,0.3826361637744813,12.217,57.1
12993,1935-08-01 00:00:00,0.0194965007134704,-0.1863440093120485,0.2253370107389895,12.217,57.1
12994,1935-08-02 00:00:00,0.0219988262464207,-0.1834246227083034,0.2274222752011448,12.217,57.1
12995,1935-08-03 00:00:00,0.0539580295999783,-0.1514714058989563,0.259387465098913,12.217,57.1
12996,1935-08-04 00:00:00,0.0476169487316919,-0.1578253545015987,0.2530592519649827,12.217,57.1
12997,1935-08-05 00:00:00,0.0249118440921699,-0.1805415353278757,0.2303652235122157,12.217,57.1
12998,1935-08-06 00:00:00,0.0057369214362941,-0.1997586263171432,0.2112324691897314,12.217,57.1
12999,1935-08-07 00:00:00,0.0565440358294167,-0.1489078311820661,0.2619959028408996,12.217,57.1
13000,1935-08-08 00:00:00,0.0919346084369238,-0.1136758246985881,0.2975450415724359,12.217,57.1
13001,1935-08-09 00:00:00,0.1000765617478024,-0.1054623617920252,0.30561548528763,12.217,57.1
13002,1935-08-10 00:00:00,0.075943760802373,-0.129725383775916,0.2816129053806622,12.217,57.1
13003,1935-08-11 00:00:00,0.1438025264429588,-0.061970818346515,0.3495758712324326,12.217,57.1
13004,1935-08-12 00:00:00,0.1998109890422012,-0.0060553205919696,0.4056772986763721,12.217,57.1
13005,1935-08-13 00:00:00,0.1064982660281493,-0.0995248065003675,0.3125213385566663,12.217,57.1
13006,1935-08-14 00:00:00,0.0463221057860913,-0.1594546751396632,0.2520988867118459,12.217,57.1
13007,1935-08-15 00:00:00,0.0112062918616557,-0.1946427352512496,0.217055318974561,12.217,57.1
13008,1935-08-16 00:00:00,0.0127686139544051,-0.1928184935119261,0.2183557214207365,12.217,57.1
13009,1935-08-17 00:00:00,0.0154566206448804,-0.1900369194421821,0.2209501607319431,12.217,57.1
13010,1935-08-18 00:00:00,-0.0291314792267794,-0.2345891873003059,0.1763262288467471,12.217,57.1
13011,1935-08-19 00:00:00,0.0082353302006213,-0.1975108779947453,0.2139815383959881,12.217,57.1
13012,1935-08-20 00:00:00,0.0686901667852274,-0.13701090957469,0.274391243145145,12.217,57.1
13013,1935-08-21 00:00:00,0.0176637238885317,-0.1878026467155188,0.2231300944925823,12.217,57.1
13014,1935-08-22 00:00:00,0.0190172399549757,-0.1864913465501282,0.2245258264600798,12.217,57.1
13015,1935-08-23 00:00:00,0.0032045994434404,-0.2022675277521856,0.2086767266390664,12.217,57.1
13016,1935-08-24 00:00:00,0.0027931606899445,-0.2027638713192542,0.2083501926991433,12.217,57.1
13017,1935-08-25 00:00:00,-0.0311985489621294,-0.2367243273323391,0.1743272294080802,12.217,57.1
13018,1935-08-26 00:00:00,0.0285715030703828,-0.1768647821967305,0.2340077883374961,12.217,57.1
13019,1935-08-27 00:00:00,0.0990860710343174,-0.1065057103234786,0.3046778523921134,12.217,57.1
13020,1935-08-28 00:00:00,0.1345615340184451,-0.0716231332084915,0.3407462012453819,12.217,57.1
13021,1935-08-29 00:00:00,0.1561065543371047,-0.0512760609408802,0.3634891696150897,12.217,57.1
13022,1935-08-30 00:00:00,0.2118947793584411,0.0022889390439527,0.4215006196729295,12.217,57.1
13023,1935-08-31 00:00:00,-0.0407749306070403,-0.2491658424591288,0.1676159812450481,12.217,57.1
13024,1935-09-01 00:00:00,0.1404667289894872,-0.0652867329727248,0.3462201909516993,12.217,57.1
13025,1935-09-02 00:00:00,0.0584321492661834,-0.1473431154986598,0.2642074140310267,12.217,57.1
13026,1935-09-03 00:00:00,0.1780403915814125,-0.0278140584040434,0.3838948415668686,12.217,57.1
13027,1935-09-04 00:00:00,0.1684285432334315,-0.0373936507491789,0.3742507372160419,12.217,57.1
13028,1935-09-05 00:00:00,0.157959557237268,-0.0476724810058165,0.3635915954803526,12.217,57.1
13029,1935-09-06 00:00:00,0.2086266906910568,0.0029592321159333,0.4142941492661802,12.217,57.1
13030,1935-09-07 00:00:00,0.1410202616635989,-0.0649660725024111,0.3470065958296089,12.217,57.1
13031,1935-09-08 00:00:00,0.1225791290020416,-0.0838712940893292,0.3290295520934125,12.217,57.1
13032,1935-09-09 00:00:00,-0.0319003801359864,-0.2379359153695492,0.1741351550975763,12.217,57.1
13033,1935-09-10 00:00:00,0.0211028530657579,-0.1847512571101635,0.2269569632416795,12.217,57.1
13034,1935-09-11 00:00:00,-0.0073593204529557,-0.2129604179699792,0.1982417770640678,12.217,57.1
13035,1935-09-12 00:00:00,0.0679868495963336,-0.1375961338108752,0.2735698330035426,12.217,57.1
13036,1935-09-13 00:00:00,0.0894182303453557,-0.1161525965324685,0.2949890572231799,12.217,57.1
13037,1935-09-14 00:00:00,0.2046556758084227,-0.001119078293336,0.4104304299101815,12.217,57.1
13038,1935-09-15 00:00:00,0.1848134001378062,-0.0212672812628839,0.3908940815384964,12.217,57.1
13039,1935-09-16 00:00:00,0.1887799837144403,-0.0175193443213818,0.3950793117502625,12.217,57.1
13040,1935-09-17 00:00:00,0.2352333177332156,0.0280919878856809,0.4423746475807504,12.217,57.1
13041,1935-09-18 00:00:00,0.4534052935475196,0.2446978927663132,0.662112694328726,12.217,57.1
13042,1935-09-19 00:00:00,0.5944722399044463,0.385023159540689,0.8039213202682036,12.217,57.1
13043,1935-09-20 00:00:00,0.2923910572264508,0.0844103150846717,0.50037179936823,12.217,57.1
13044,1935-09-21 00:00:00,0.6217546968092234,0.4125650836578348,0.830944309960612,12.217,57.1
13045,1935-09-22 00:00:00,0.0636844893990396,-0.1431100565973479,0.2704790353954271,12.217,57.1
13046,1935-09-23 00:00:00,0.1865550576997132,-0.0203431350276339,0.3934532504270603,12.217,57.1
13047,1935-09-24 00:00:00,0.2963271479898261,0.0863271744911635,0.5063271214884888,12.217,57.1
13048,1935-09-25 00:00:00,0.2921331707264383,0.0844485919680043,0.4998177494848723,12.217,57.1
13049,1935-09-26 00:00:00,0.1098732234902896,-0.0973581111204599,0.3171045581010391,12.217,57.1
13050,1935-09-27 00:00:00,-0.0750711886827878,-0.2843910779346303,0.1342487005690545,12.217,57.1
13051,1935-09-28 00:00:00,-0.0105684313589497,-0.2173697631420497,0.1962329004241502,12.217,57.1
13052,1935-09-29 00:00:00,0.1266013220010619,-0.0792204267198711,0.332423070721995,12.217,57.1
13053,1935-09-30 00:00:00,0.1151507230670175,-0.0915325150452118,0.321833961179247,12.217,57.1
13054,1935-10-01 00:00:00,0.2362562073001716,0.0296381807830608,0.4428742338172825,12.217,57.1
13055,1935-10-02 00:00:00,0.2148178216636019,0.0086000299047707,0.4210356134224332,12.217,57.1
13056,1935-10-03 00:00:00,0.2303551997127111,0.0247273799146948,0.4359830195107275,12.217,57.1
13057,1935-10-04 00:00:00,0.196940792986119,-0.0088143060547648,0.4026958920270028,12.217,57.1
13058,1935-10-05 00:00:00,0.1831482566572754,-0.0225985048970805,0.3888950182116313,12.217,57.1
13059,1935-10-06 00:00:00,0.1417982240428194,-0.0643421917174916,0.3479386398031304,12.217,57.1
13060,1935-10-07 00:00:00,0.1106631951623824,-0.0950839663194362,0.3164103566442012,12.217,57.1
13061,1935-10-08 00:00:00,0.1152355244262262,-0.0903930903417,0.3208641391941525,12.217,57.1
13062,1935-10-09 00:00:00,0.1953133815517394,-0.0106510588896901,0.4012778219931689,12.217,57.1
13063,1935-10-10 00:00:00,0.2283567167886084,0.0214546903972985,0.4352587431799184,12.217,57.1
13064,1935-10-11 00:00:00,0.5267031836265136,0.3135684155759606,0.7398379516770666,12.217,57.1
13065,1935-10-12 00:00:00,0.414928252710961,0.2052295572076935,0.6246269482142285,12.217,57.1
13066,1935-10-13 00:00:00,0.2384722437545381,0.0321037979587622,0.444840689550314,12.217,57.1
13067,1935-10-14 00:00:00,0.1585674425182243,-0.0482453732443974,0.3653802582808461,12.217,57.1
13068,1935-10-15 00:00:00,0.2404185086757567,0.0345179348404132,0.4463190825111001,12.217,57.1
13069,1935-10-16 00:00:00,0.1782346350098118,-0.0278280021195993,0.3842972721392229,12.217,57.1
13070,1935-10-17 00:00:00,0.1935296030581823,-0.0121196029240303,0.399178809040395,12.217,57.1
13071,1935-10-18 00:00:00,0.4548430928193605,0.2475923515796156,0.6620938340591053,12.217,57.1
13072,1935-10-19 00:00:00,0.2750199601663247,0.0678912899446002,0.4821486303880491,12.217,57.1
13073,1935-10-20 00:00:00,0.319692423220614,0.1134538318758318,0.5259310145653961,12.217,57.1
13074,1935-10-21 00:00:00,0.3847315231694111,0.1780520769644453,0.591410969374377,12.217,57.1
13075,1935-10-22 00:00:00,0.1275306241921291,-0.078281254568408,0.3333425029526663,12.217,57.1
13076,1935-10-23 00:00:00,0.0217894480704413,-0.1836652118804887,0.2272441080213715,12.217,57.1
13077,1935-10-24 00:00:00,0.0097641655754546,-0.1957106801892834,0.2152390113401928,12.217,57.1
13078,1935-10-25 00:00:00,-0.0869782422313564,-0.2931369926825298,0.1191805082198169,12.217,57.1
13079,1935-10-26 00:00:00,-0.0151681499021675,-0.2227987263786413,0.1924624265743062,12.217,57.1
13080,1935-10-27 00:00:00,-0.0422087722869553,-0.2494107465423427,0.1649932019684319,12.217,57.1
13081,1935-10-28 00:00:00,0.2143593718230239,0.0078617501966109,0.4208569934494369,12.217,57.1
13082,1935-10-29 00:00:00,0.0903240409222268,-0.1166448618890537,0.2972929437335074,12.217,57.1
13083,1935-10-30 00:00:00,0.3053143068633613,0.0963556286735996,0.5142729850531231,12.217,57.1
13084,1935-10-31 00:00:00,0.2503316698949378,0.0399988246627533,0.4606645151271222,12.217,57.1
13085,1935-11-01 00:00:00,0.253500073060332,0.0436985497390024,0.4633015963816617,12.217,57.1
13086,1935-11-02 00:00:00,0.2203097826967692,0.0120512823563774,0.4285682830371611,12.217,57.1
13087,1935-11-03 00:00:00,0.0851980493365266,-0.1215503953211796,0.2919464939942329,12.217,57.1
13088,1935-11-04 00:00:00,0.005537276473384,-0.200111328072145,0.211185881018913,12.217,57.1
13089,1935-11-05 00:00:00,0.0158120501723775,-0.19000020061668,0.221624300961435,12.217,57.1
13090,1935-11-06 00:00:00,0.0598270645631627,-0.146339154016289,0.2659932831426145,12.217,57.1
13091,1935-11-07 00:00:00,0.0971764035156817,-0.1087697777752975,0.3031225848066611,12.217,57.1
13092,1935-11-08 00:00:00,0.0418752754940215,-0.1639104513152798,0.2476610023033228,12.217,57.1
13093,1935-11-09 00:00:00,0.2629263054747295,0.0564676355506799,0.4693849753987791,12.217,57.1
13094,1935-11-10 00:00:00,0.129031175885294,-0.0771918618684032,0.3352542136389912,12.217,57.1
13095,1935-11-11 00:00:00,0.0594131653307763,-0.1463424514464489,0.2651687821080016,12.217,57.1
13096,1935-11-12 00:00:00,0.1518013980450616,-0.0538604946705364,0.3574632907606596,12.217,57.1
13097,1935-11-13 00:00:00,0.1135517921431749,-0.0920477214145521,0.319151305700902,12.217,57.1
13098,1935-11-14 00:00:00,0.1194041865558766,-0.0863235710360486,0.325131944147802,12.217,57.1
13099,1935-11-15 00:00:00,0.085509756494756,-0.121246161808441,0.2922656747979531,12.217,57.1
13100,1935-11-16 00:00:00,0.1542718790636577,-0.0519303196126489,0.3604740777399644,12.217,57.1
13101,1935-11-17 00:00:00,0.1224576862263804,-0.0833743584164695,0.3282897308692303,12.217,57.1
13102,1935-11-18 00:00:00,0.1012910759838568,-0.1048949209123628,0.3074770728800764,12.217,57.1
13103,1935-11-19 00:00:00,0.0705994805679151,-0.1355479942468648,0.276746955382695,12.217,57.1
13104,1935-11-20 00:00:00,0.0206767988417071,-0.1852813611427503,0.2266349588261647,12.217,57.1
13105,1935-11-21 00:00:00,-0.060126814985184,-0.2660833461099571,0.1458297161395889,12.217,57.1
13106,1935-11-22 00:00:00,-0.038544583211136,-0.2444925014562981,0.1674033350340259,12.217,57.1
13107,1935-11-23 00:00:00,-0.0085455220919715,-0.2150284413276457,0.1979373971437025,12.217,57.1
13108,1935-11-24 00:00:00,-0.0464765916526944,-0.2531421245792107,0.1601889412738218,12.217,57.1
13109,1935-11-25 00:00:00,-0.042240838036048,-0.2480752453626098,0.1635935692905137,12.217,57.1
13110,1935-11-26 00:00:00,0.039162234980043,-0.1663985017436019,0.244722971703688,12.217,57.1
13111,1935-11-27 00:00:00,0.2155711513746438,0.0098561407290046,0.421286162020283,12.217,57.1
13112,1935-11-28 00:00:00,0.2782888843555188,0.0724149968350337,0.4841627718760038,12.217,57.1
13113,1935-11-29 00:00:00,0.3293977814537223,0.1234004768152772,0.5353950860921673,12.217,57.1
13114,1935-11-30 00:00:00,0.362364286801672,0.1558570716548423,0.5688715019485017,12.217,57.1
13115,1935-12-01 00:00:00,0.3024776316408314,0.0962704527914657,0.5086848104901971,12.217,57.1
13116,1935-12-02 00:00:00,0.5476713596366201,0.3392312329187349,0.7561114863545052,12.217,57.1
13117,1935-12-03 00:00:00,0.3997446043628329,0.1929449316468018,0.6065442770788638,12.217,57.1
13118,1935-12-04 00:00:00,0.2592115151703437,0.0523108051338873,0.4661122252068,12.217,57.1
13119,1935-12-05 00:00:00,0.1609159235541994,-0.0453364813971101,0.3671683285055089,12.217,57.1
13120,1935-12-06 00:00:00,0.2073244666078738,0.0014763660706762,0.4131725671450714,12.217,57.1
13121,1935-12-07 00:00:00,0.155205564826784,-0.0506924530561259,0.3611035827096939,12.217,57.1
13122,1935-12-08 00:00:00,0.0835005173377834,-0.1222521525840714,0.2892531872596384,12.217,57.1
13123,1935-12-09 00:00:00,0.0707285684504946,-0.1349458894023157,0.2764030263033049,12.217,57.1
13124,1935-12-10 00:00:00,-0.1622150651338522,-0.3681088696166213,0.0436787393489168,12.217,57.1
13125,1935-12-11 00:00:00,-0.2602470214126903,-0.4662566266134466,-0.0542374162119339,12.217,57.1
13126,1935-12-12 00:00:00,-0.1808521885861472,-0.38668979290325,0.0249854157309556,12.217,57.1
13127,1935-12-13 00:00:00,-0.0926142498031969,-0.2982559264835697,0.1130274268771758,12.217,57.1
13128,1935-12-14 00:00:00,-0.0543880248871769,-0.259946088560089,0.1511700387857351,12.217,57.1
13129,1935-12-15 00:00:00,0.0061760373518679,-0.1993213923717098,0.2116734670754457,12.217,57.1
13130,1935-12-16 00:00:00,0.1223240101729102,-0.0832430310700331,0.3278910514158536,12.217,57.1
13131,1935-12-17 00:00:00,0.1253261409581642,-0.0804216680234153,0.3310739499397437,12.217,57.1
13132,1935-12-18 00:00:00,0.1005128066719111,-0.1055073876223391,0.3065330009661614,12.217,57.1
13133,1935-12-19 00:00:00,-0.0216309001862915,-0.227598027325465,0.184336226952882,12.217,57.1
13134,1935-12-20 00:00:00,0.1143650528490161,-0.0915946342830502,0.3203247399810825,12.217,57.1
13135,1935-12-21 00:00:00,0.0769432346857987,-0.1290438033298416,0.282930272701439,12.217,57.1
13136,1935-12-22 00:00:00,0.0803362790055273,-0.12538251467382,0.2860550726848747,12.217,57.1
13137,1935-12-23 00:00:00,0.115452000955472,-0.0901668415842375,0.3210708434951815,12.217,57.1
13138,1935-12-24 00:00:00,0.1883197510018055,-0.0172863273183501,0.3939258293219613,12.217,57.1
13139,1935-12-25 00:00:00,0.0729620314709268,-0.1329292848582524,0.278853347800106,12.217,57.1
13140,1935-12-26 00:00:00,0.1856652402990034,-0.0210840277039841,0.3924145083019909,12.217,57.1
13141,1935-12-27 00:00:00,0.1090047288592398,-0.0972377196989369,0.3152471774174165,12.217,57.1
13142,1935-12-28 00:00:00,0.152339395339745,-0.0536715433145846,0.3583503339940747,12.217,57.1
13143,1935-12-29 00:00:00,0.2147124697653004,0.0089009748280256,0.4205239647025751,12.217,57.1
13144,1935-12-30 00:00:00,0.1573693287794161,-0.0484382016518215,0.3631768592106537,12.217,57.1
13145,1935-12-31 00:00:00,0.2018568943817304,-0.0038404002730408,0.4075541890365017,12.217,57.1
13146,1936-01-01 00:00:00,0.211616146717978,0.0056966977987838,0.4175355956371722,12.217,57.1
13147,1936-01-02 00:00:00,0.1666355877011774,-0.0391130728170512,0.3723842482194061,12.217,57.1
13148,1936-01-03 00:00:00,0.2205521641930572,0.014869419071725,0.4262349093143894,12.217,57.1
13149,1936-01-04 00:00:00,0.1550294060574719,-0.0518778134147532,0.3619366255296972,12.217,57.1
13150,1936-01-05 00:00:00,0.1461228843725898,-0.0605791065292939,0.3528248752744737,12.217,57.1
13151,1936-01-06 00:00:00,0.0602666977769741,-0.1455990320318623,0.2661324275858105,12.217,57.1
13152,1936-01-07 00:00:00,0.1365238867590177,-0.0698019739716795,0.342849747489715,12.217,57.1
13153,1936-01-08 00:00:00,0.042102767691065,-0.1644211000794268,0.2486266354615569,12.217,57.1
13154,1936-01-09 00:00:00,0.1393042182641259,-0.0667017725975395,0.3453102091257915,12.217,57.1
13155,1936-01-10 00:00:00,0.1970082077609895,-0.008877630631966,0.4028940461539451,12.217,57.1
13156,1936-01-11 00:00:00,0.3646491781886366,0.1564309651338971,0.5728673912433762,12.217,57.1
13157,1936-01-12 00:00:00,0.480610138849877,0.2735210954536384,0.6876991822461156,12.217,57.1
13158,1936-01-13 00:00:00,0.2086289487881159,0.0020289584627169,0.4152289391135149,12.217,57.1
13159,1936-01-14 00:00:00,0.2091382446586119,0.0029228994034927,0.4153535899137311,12.217,57.1
13160,1936-01-15 00:00:00,0.1300677721719605,-0.0759996220358721,0.3361351663797933,12.217,57.1
13161,1936-01-16 00:00:00,0.0620967062614121,-0.1436244130272814,0.2678178255501057,12.217,57.1
13162,1936-01-17 00:00:00,0.130080899590982,-0.0756761367880456,0.3358379359700097,12.217,57.1
13163,1936-01-18 00:00:00,0.1068494006452449,-0.0989927873390709,0.3126915886295608,12.217,57.1
13164,1936-01-19 00:00:00,0.2090128323198824,0.0030575732781785,0.4149680913615863,12.217,57.1
13165,1936-01-20 00:00:00,0.2490133128016591,0.043076050654382,0.4549505749489363,12.217,57.1
13166,1936-01-21 00:00:00,0.2225336633354436,0.0162193565471592,0.428847970123728,12.217,57.1
13167,1936-01-22 00:00:00,0.2812912346501575,0.0745978561340478,0.4879846131662671,12.217,57.1
13168,1936-01-23 00:00:00,0.338498214716277,0.1320544618920615,0.5449419675404925,12.217,57.1
13169,1936-01-24 00:00:00,0.2275957447551601,0.0216718408672987,0.4335196486430214,12.217,57.1
13170,1936-01-25 00:00:00,0.1248212390887815,-0.0810485239063812,0.3306910020839442,12.217,57.1
13171,1936-01-26 00:00:00,0.0877082818502592,-0.1179675525391906,0.293384116239709,12.217,57.1
13172,1936-01-27 00:00:00,0.1634081645194828,-0.0423648523074599,0.3691811813464256,12.217,57.1
13173,1936-01-28 00:00:00,0.101089488969593,-0.1045471237673049,0.306726101706491,12.217,57.1
13174,1936-01-29 00:00:00,0.1577147788923614,-0.048246914873819,0.3636764726585418,12.217,57.1
13175,1936-01-30 00:00:00,0.011445704115121,-0.1953426440617724,0.2182340522920146,12.217,57.1
13176,1936-01-31 00:00:00,0.230516617894929,0.0236198502929573,0.4374133854969007,12.217,57.1
13177,1936-02-01 00:00:00,0.2292261697482322,0.0231629922081069,0.4352893472883576,12.217,57.1
13178,1936-02-02 00:00:00,0.1809654597725884,-0.0248523601489868,0.3867832796941636,12.217,57.1
13179,1936-02-03 00:00:00,0.1604930748286759,-0.0453853529694892,0.3663715026268411,12.217,57.1
13180,1936-02-04 00:00:00,0.065389824310787,-0.1410693374390986,0.2718489860606726,12.217,57.1
13181,1936-02-05 00:00:00,0.0427837937785944,-0.1630943353877131,0.248661922944902,12.217,57.1
13182,1936-02-06 00:00:00,-0.0807006654383523,-0.2865431674500261,0.1251418365733214,12.217,57.1
13183,1936-02-07 00:00:00,-0.1726811088394299,-0.3788136697516314,0.0334514520727715,12.217,57.1
13184,1936-02-08 00:00:00,-0.0315955837584932,-0.2376573671220765,0.1744661996050899,12.217,57.1
13185,1936-02-09 00:00:00,-0.0231255290354459,-0.2289273590472418,0.1826763009763498,12.217,57.1
13186,1936-02-10 00:00:00,-0.0832979442895566,-0.2896546980839224,0.1230588095048091,12.217,57.1
13187,1936-02-11 00:00:00,-0.0279611284028397,-0.2340601740194295,0.17813791721375,12.217,57.1
13188,1936-02-12 00:00:00,0.126590548362519,-0.0798390487746806,0.3330201454997187,12.217,57.1
13189,1936-02-13 00:00:00,0.0453286323648031,-0.1608288619025749,0.2514861266321811,12.217,57.1
13190,1936-02-14 00:00:00,-0.0144824465748353,-0.2206122430847957,0.191647349935125,12.217,57.1
13191,1936-02-15 00:00:00,0.0224860766203641,-0.1832857963368378,0.228257949577566,12.217,57.1
13192,1936-02-16 00:00:00,0.0930190964557894,-0.1129759239883293,0.2990141168999082,12.217,57.1
13193,1936-02-17 00:00:00,0.1427577347608326,-0.0636018446536625,0.3491173141753277,12.217,57.1
13194,1936-02-18 00:00:00,0.0630579546246851,-0.1430265167989268,0.2691424260482972,12.217,57.1
13195,1936-02-19 00:00:00,0.0555595025928301,-0.1508437242545664,0.2619627294402266,12.217,57.1
13196,1936-02-20 00:00:00,0.0980626622302835,-0.1096091234224991,0.3057344478830663,12.217,57.1
13197,1936-02-21 00:00:00,-0.0326052268748058,-0.2399203123269492,0.1747098585773376,12.217,57.1
13198,1936-02-22 00:00:00,-0.0294922068267189,-0.2357914500870873,0.1768070364336495,12.217,57.1
13199,1936-02-23 00:00:00,0.0135344112073338,-0.1925326537454944,0.2196014761601621,12.217,57.1
13200,1936-02-24 00:00:00,0.0122051738753419,-0.1938998277952765,0.2183101755459603,12.217,57.1
13201,1936-02-25 00:00:00,-0.0644089066665846,-0.2706903583229665,0.1418725449897973,12.217,57.1
13202,1936-02-26 00:00:00,-0.0679466287788599,-0.2736681696416266,0.1377749120839067,12.217,57.1
13203,1936-02-27 00:00:00,0.021468047794896,-0.1841152907569408,0.2270513863467328,12.217,57.1
13204,1936-02-28 00:00:00,0.1162183760374286,-0.0893515576110268,0.321788309685884,12.217,57.1
13205,1936-02-29 00:00:00,-0.1524200737736199,-0.3600819019918005,0.0552417544445607,12.217,57.1
13206,1936-03-01 00:00:00,0.1577726670830067,-0.0511725066422539,0.3667178408082674,12.217,57.1
13207,1936-03-02 00:00:00,0.0950053806082048,-0.1114398605647553,0.301450621781165,12.217,57.1
13208,1936-03-03 00:00:00,0.0359306454185577,-0.1696905513436231,0.2415518421807385,12.217,57.1
13209,1936-03-04 00:00:00,0.0111608458222,-0.1943830682404366,0.2167047598848367,12.217,57.1
13210,1936-03-05 00:00:00,0.0061876561008547,-0.1992503509914926,0.2116256631932022,12.217,57.1
13211,1936-03-06 00:00:00,0.0671141815127705,-0.1384756405315375,0.2727040035570787,12.217,57.1
13212,1936-03-07 00:00:00,0.000954413810175,-0.2046281528658409,0.206536980486191,12.217,57.1
13213,1936-03-08 00:00:00,-0.0039353192140182,-0.2094755931011309,0.2016049546730944,12.217,57.1
13214,1936-03-09 00:00:00,-0.0024103888978057,-0.2079015719094616,0.2030807941138501,12.217,57.1
13215,1936-03-10 00:00:00,-0.0076534210364556,-0.2131076628178863,0.1978008207449749,12.217,57.1
13216,1936-03-11 00:00:00,-0.0210866443041423,-0.2265252721619938,0.184351983553709,12.217,57.1
13217,1936-03-12 00:00:00,-0.0130716520155435,-0.2186063618862128,0.1924630578551258,12.217,57.1
13218,1936-03-13 00:00:00,-0.0709490799186465,-0.2800215843895449,0.1381234245522518,12.217,57.1
13219,1936-03-14 00:00:00,-0.1383461232712535,-0.3456667626991801,0.068974516156673,12.217,57.1
13220,1936-03-15 00:00:00,-0.0724184418228209,-0.2784453252577649,0.1336084416121231,12.217,57.1
13221,1936-03-16 00:00:00,-0.003115434478175,-0.2088436412994624,0.2026127723431122,12.217,57.1
13222,1936-03-17 00:00:00,0.0539473641745765,-0.1518253043088533,0.2597200326580065,12.217,57.1
13223,1936-03-18 00:00:00,0.0795398321364529,-0.1260416696835559,0.2851213339564618,12.217,57.1
13224,1936-03-19 00:00:00,0.0614788098423175,-0.1440596936883488,0.2670173133729839,12.217,57.1
13225,1936-03-20 00:00:00,0.0016083526937445,-0.2041981240316364,0.2074148294191256,12.217,57.1
13226,1936-03-21 00:00:00,0.0243769280949422,-0.1812905518110097,0.2300444080008943,12.217,57.1
13227,1936-03-22 00:00:00,0.0465516522912997,-0.1590528166919902,0.2521561212745896,12.217,57.1
13228,1936-03-23 00:00:00,0.0107144019290487,-0.1948716314637047,0.2163004353218022,12.217,57.1
13229,1936-03-24 00:00:00,-0.0105373799184543,-0.2162779471909285,0.1952031873540198,12.217,57.1
13230,1936-03-25 00:00:00,-0.1185121468570823,-0.3244633663717119,0.0874390726575471,12.217,57.1
13231,1936-03-26 00:00:00,-0.0273266279561759,-0.2331856902558433,0.1785324343434913,12.217,57.1
13232,1936-03-27 00:00:00,-0.0191245238546916,-0.2246287938156766,0.1863797461062934,12.217,57.1
13233,1936-03-28 00:00:00,-0.0153455441603836,-0.220779088121138,0.1900879998003707,12.217,57.1
13234,1936-03-29 00:00:00,0.0043331744893197,-0.2011197105570808,0.2097860595357202,12.217,57.1
13235,1936-03-30 00:00:00,0.0460560909208875,-0.1594536745064135,0.2515658563481888,12.217,57.1
13236,1936-03-31 00:00:00,0.1420803867335336,-0.0637796404813479,0.3479404139484151,12.217,57.1
13237,1936-04-01 00:00:00,0.1138807984810578,-0.091800837071775,0.3195624340338907,12.217,57.1
13238,1936-04-02 00:00:00,0.1426951639727981,-0.0627803363958224,0.3481706643414187,12.217,57.1
13239,1936-04-03 00:00:00,0.0023214468326024,-0.203237400685481,0.2078802943506859,12.217,57.1
13240,1936-04-04 00:00:00,-0.0170369280215672,-0.2226791360732629,0.1886052800301284,12.217,57.1
13241,1936-04-05 00:00:00,-0.002490256900465,-0.2081930809919792,0.203212567191049,12.217,57.1
13242,1936-04-06 00:00:00,-0.0005514411425361,-0.2060764159472921,0.2049735336622198,12.217,57.1
13243,1936-04-07 00:00:00,0.1209156158829034,-0.0851016887188505,0.3269329204846574,12.217,57.1
13244,1936-04-08 00:00:00,0.0933318331858538,-0.1128168246551475,0.2994804910268552,12.217,57.1
13245,1936-04-09 00:00:00,0.0558346597749036,-0.1498495269837547,0.261518846533562,12.217,57.1
13246,1936-04-10 00:00:00,0.0282397099265465,-0.1774405150855359,0.2339199349386291,12.217,57.1
13247,1936-04-11 00:00:00,0.0454224418173123,-0.1601808599021526,0.2510257435367773,12.217,57.1
13248,1936-04-12 00:00:00,0.0258260586894821,-0.1801280871543586,0.231780204533323,12.217,57.1
13249,1936-04-13 00:00:00,-0.0288335812073423,-0.2358913395444427,0.1782241771297581,12.217,57.1
13250,1936-04-14 00:00:00,0.0412961026291245,-0.1667338660693313,0.2493260713275804,12.217,57.1
13251,1936-04-15 00:00:00,0.0440274135640066,-0.1621891432191461,0.2502439703471594,12.217,57.1
13252,1936-04-16 00:00:00,0.0323676213304442,-0.1735135047690814,0.23824874742997,12.217,57.1
13253,1936-04-17 00:00:00,0.1645137049100642,-0.0430564026850016,0.3720838125051302,12.217,57.1
13254,1936-04-18 00:00:00,-0.0627703374397998,-0.2718047675921256,0.1462640927125258,12.217,57.1
13255,1936-04-19 00:00:00,0.0436370840057342,-0.1652966141342329,0.2525707821457013,12.217,57.1
13256,1936-04-20 00:00:00,0.2620349565164428,0.0553520381803931,0.4687178748524925,12.217,57.1
13257,1936-04-21 00:00:00,0.3627480985292773,0.1547846194539915,0.570711577604563,12.217,57.1
13258,1936-04-22 00:00:00,0.2351884305922023,0.0286115991287409,0.4417652620556637,12.217,57.1
13259,1936-04-23 00:00:00,0.0936085702701992,-0.1121162414429634,0.2993333819833619,12.217,57.1
13260,1936-04-24 00:00:00,-0.0269255650982727,-0.2328129260402861,0.1789617958437407,12.217,57.1
13261,1936-04-25 00:00:00,-0.0360170718051444,-0.2423692703499939,0.1703351267397051,12.217,57.1
13262,1936-04-26 00:00:00,0.0365372111539363,-0.1690957630016362,0.2421701853095088,12.217,57.1
13263,1936-04-27 00:00:00,0.1059174941127808,-0.0996715644914211,0.3115065527169828,12.217,57.1
13264,1936-04-28 00:00:00,-0.0437004402322191,-0.2492920868360147,0.1618912063715763,12.217,57.1
13265,1936-04-29 00:00:00,-0.0396550900448809,-0.2450901253625485,0.1657799452727867,12.217,57.1
13266,1936-04-30 00:00:00,-0.0736206770828132,-0.2790543351499766,0.1318129809843501,12.217,57.1
13267,1936-05-01 00:00:00,-0.0601548006559359,-0.2656249084971546,0.1453153071852826,12.217,57.1
13268,1936-05-02 00:00:00,-0.0626272319828052,-0.2681691815935894,0.1429147176279788,12.217,57.1
13269,1936-05-03 00:00:00,-0.0991844639125312,-0.3047004537632192,0.1063315259381566,12.217,57.1
13270,1936-05-04 00:00:00,-0.1073375241342767,-0.3128352446852583,0.0981601964167048,12.217,57.1
13271,1936-05-05 00:00:00,-0.1099881931225636,-0.315882821719122,0.0959064354739946,12.217,57.1
13272,1936-05-06 00:00:00,-0.1218914850661646,-0.3283650442342173,0.084582074101888,12.217,57.1
13273,1936-05-07 00:00:00,-0.1569794205036236,-0.3635743913894537,0.0496155503822063,12.217,57.1
13274,1936-05-08 00:00:00,-0.1516817325980062,-0.3582628552397465,0.054899390043734,12.217,57.1
13275,1936-05-09 00:00:00,-0.1227201424092819,-0.3288005312137033,0.0833602463951393,12.217,57.1
13276,1936-05-10 00:00:00,-0.0553021338063844,-0.26121912382064,0.1506148562078711,12.217,57.1
13277,1936-05-11 00:00:00,-0.0362893478731452,-0.2419942818901767,0.1694155861438863,12.217,57.1
13278,1936-05-12 00:00:00,-0.0531742751883714,-0.258673361967977,0.152324811591234,12.217,57.1
13279,1936-05-13 00:00:00,-0.0240412049412649,-0.2294723307690068,0.1813899208864769,12.217,57.1
13280,1936-05-14 00:00:00,-0.0195535084358156,-0.2250154273217702,0.1859084104501389,12.217,57.1
13281,1936-05-15 00:00:00,-0.0409991902729379,-0.2464447728711334,0.1644463923252574,12.217,57.1
13282,1936-05-16 00:00:00,-0.0489477913581677,-0.2546519299110308,0.1567563471946953,12.217,57.1
13283,1936-05-17 00:00:00,-0.0930236760854712,-0.2985985097255909,0.1125511575546484,12.217,57.1
13284,1936-05-18 00:00:00,-0.0793829958985943,-0.2849110689646446,0.126145077167456,12.217,57.1
13285,1936-05-19 00:00:00,-0.0806759378858124,-0.2862052196973041,0.1248533439256792,12.217,57.1
13286,1936-05-20 00:00:00,0.0098090890641199,-0.1958202618826826,0.2154384400109225,12.217,57.1
13287,1936-05-21 00:00:00,0.0656317283705305,-0.1407009480557789,0.2719644047968399,12.217,57.1
13288,1936-05-22 00:00:00,0.0317761817169294,-0.1753934617925673,0.2389458252264262,12.217,57.1
13289,1936-05-23 00:00:00,0.0535421223381297,-0.1520437903785737,0.2591280350548332,12.217,57.1
13290,1936-05-24 00:00:00,-0.0702459702661532,-0.2762241725876749,0.1357322320553684,12.217,57.1
13291,1936-05-25 00:00:00,-0.0843316671607053,-0.2902979853965658,0.121634651075155,12.217,57.1
13292,1936-05-26 00:00:00,-0.0295514902820377,-0.2351806619508067,0.1760776813867311,12.217,57.1
13293,1936-05-27 00:00:00,0.0073965633177131,-0.1981389622649512,0.2129320889003775,12.217,57.1
13294,1936-05-28 00:00:00,0.06874634424326,-0.1383168256423917,0.2758095141289118,12.217,57.1
13295,1936-05-29 00:00:00,0.0933344718681524,-0.113815892740931,0.3004848364772359,12.217,57.1
13296,1936-05-30 00:00:00,0.1968370578373798,-0.0089248994452673,0.4025990151200269,12.217,57.1
13297,1936-05-31 00:00:00,0.1559388318713339,-0.0500664932953261,0.361944157037994,12.217,57.1
13298,1936-06-01 00:00:00,0.1153786685691233,-0.0904131246254068,0.3211704617636535,12.217,57.1
13299,1936-06-02 00:00:00,0.0227280352650472,-0.1831874490756651,0.2286435196057596,12.217,57.1
13300,1936-06-03 00:00:00,0.0369786321963754,-0.168573700432721,0.2425309648254719,12.217,57.1
13301,1936-06-04 00:00:00,0.0339145972977904,-0.171955479587506,0.239784674183087,12.217,57.1
13302,1936-06-05 00:00:00,-0.0008891539257942,-0.2069554860120855,0.2051771781604971,12.217,57.1
13303,1936-06-06 00:00:00,0.0303331252366685,-0.175489611147145,0.2361558616204821,12.217,57.1
13304,1936-06-07 00:00:00,0.0519567016972852,-0.1538497780413771,0.2577631814359477,12.217,57.1
13305,1936-06-08 00:00:00,0.0735464092969909,-0.1320069819733557,0.2790998005673377,12.217,57.1
13306,1936-06-09 00:00:00,0.0495879923776922,-0.1560215875828585,0.2551975723382431,12.217,57.1
13307,1936-06-10 00:00:00,0.0694701500137556,-0.1361853226791471,0.2751256227066585,12.217,57.1
13308,1936-06-11 00:00:00,0.0185278706597669,-0.1869518889489162,0.2240076302684502,12.217,57.1
13309,1936-06-12 00:00:00,0.0515862084354194,-0.1540388419541441,0.2572112588249831,12.217,57.1
13310,1936-06-13 00:00:00,0.0033117106062008,-0.202553834588854,0.2091772558012558,12.217,57.1
13311,1936-06-14 00:00:00,0.0221103688343367,-0.1833660004624328,0.2275867381311063,12.217,57.1
13312,1936-06-15 00:00:00,0.0782242853896466,-0.1273245115466736,0.2837730823259669,12.217,57.1
13313,1936-06-16 00:00:00,0.0629227242609104,-0.1427780729851436,0.2686235215069645,12.217,57.1
13314,1936-06-17 00:00:00,0.0756466800821203,-0.1299862406566781,0.2812796008209187,12.217,57.1
13315,1936-06-18 00:00:00,-0.0066384560689638,-0.2122433080815339,0.1989663959436063,12.217,57.1
13316,1936-06-19 00:00:00,-0.0383148895642962,-0.2437493290083637,0.1671195498797713,12.217,57.1
13317,1936-06-20 00:00:00,0.008711012220011,-0.196767390816586,0.214189415256608,12.217,57.1
13318,1936-06-21 00:00:00,0.0002741605575509,-0.2051789127588079,0.2057272338739098,12.217,57.1
13319,1936-06-22 00:00:00,-0.0558141036141881,-0.2612441263815275,0.1496159191531512,12.217,57.1
13320,1936-06-23 00:00:00,-0.0191703807232685,-0.2246113427522354,0.1862705813056983,12.217,57.1
13321,1936-06-24 00:00:00,0.0188171223473971,-0.1866328772952412,0.2242671219900354,12.217,57.1
13322,1936-06-25 00:00:00,0.1025829955237364,-0.102985442753161,0.3081514338006338,12.217,57.1
13323,1936-06-26 00:00:00,0.0532501217401741,-0.1524714836725085,0.2589717271528569,12.217,57.1
13324,1936-06-27 00:00:00,0.0772295529041534,-0.128370311768306,0.2828294175766128,12.217,57.1
13325,1936-06-28 00:00:00,0.0532319354958576,-0.1526379740391732,0.2591018450308885,12.217,57.1
13326,1936-06-29 00:00:00,0.0702603725986046,-0.1356858978585114,0.2762066430557207,12.217,57.1
13327,1936-06-30 00:00:00,0.0491285468639135,-0.1564769802125275,0.2547340739403546,12.217,57.1
13328,1936-07-01 00:00:00,0.0633614120341579,-0.1421721946017439,0.2688950186700597,12.217,57.1
13329,1936-07-02 00:00:00,0.0490865821215825,-0.1564242684716247,0.2545974327147898,12.217,57.1
13330,1936-07-03 00:00:00,0.0986897950124187,-0.1069971057584327,0.3043766957832702,12.217,57.1
13331,1936-07-04 00:00:00,0.1072350114878548,-0.0984093298816789,0.3128793528573886,12.217,57.1
13332,1936-07-05 00:00:00,0.1009075043584224,-0.1046125558954424,0.3064275646122872,12.217,57.1
13333,1936-07-06 00:00:00,0.1394231542697181,-0.066039565106895,0.3448858736463314,12.217,57.1
13334,1936-07-07 00:00:00,0.1080256832567225,-0.0974974579481368,0.3135488244615819,12.217,57.1
13335,1936-07-08 00:00:00,0.0748176312071437,-0.1308316956052206,0.2804669580195082,12.217,57.1
13336,1936-07-09 00:00:00,0.1625927207221159,-0.0434053976764614,0.3685908391206932,12.217,57.1
13337,1936-07-10 00:00:00,0.0557375536994269,-0.1500548070421585,0.2615299144410125,12.217,57.1
13338,1936-07-11 00:00:00,0.1600345377470277,-0.0463664091154501,0.3664354846095055,12.217,57.1
13339,1936-07-12 00:00:00,0.0422656405345603,-0.1636038230126978,0.2481351040818184,12.217,57.1
13340,1936-07-13 00:00:00,0.0748086540490736,-0.1306408776233217,0.280258185721469,12.217,57.1
13341,1936-07-14 00:00:00,0.147542218104753,-0.0580546149259354,0.3531390511354415,12.217,57.1
13342,1936-07-15 00:00:00,0.1729978066332554,-0.0326246046017744,0.3786202178682853,12.217,57.1
13343,1936-07-16 00:00:00,0.1545951073509395,-0.0526862950867949,0.361876509788674,12.217,57.1
13344,1936-07-17 00:00:00,0.3698978581272789,0.1608457256881026,0.5789499905664551,12.217,57.1
13345,1936-07-18 00:00:00,0.1493445870542578,-0.0569136042945138,0.3556027784030295,12.217,57.1
13346,1936-07-19 00:00:00,0.1258606076467334,-0.0798169403887981,0.3315381556822651,12.217,57.1
13347,1936-07-20 00:00:00,0.2287609730908181,0.022866256330554,0.4346556898510822,12.217,57.1
13348,1936-07-21 00:00:00,0.1859811648077195,-0.0201361522615388,0.3920984818769779,12.217,57.1
13349,1936-07-22 00:00:00,0.177160413906337,-0.0285217121314972,0.3828425399441713,12.217,57.1
13350,1936-07-23 00:00:00,0.094927122866011,-0.1106337679643889,0.300488013696411,12.217,57.1
13351,1936-07-24 00:00:00,0.07839818688379,-0.12715281133335,0.28394918510093,12.217,57.1
13352,1936-07-25 00:00:00,0.099611478829652,-0.1061459771588183,0.3053689348181225,12.217,57.1
13353,1936-07-26 00:00:00,0.0695836693982029,-0.1362654890524605,0.2754328278488666,12.217,57.1
13354,1936-07-27 00:00:00,0.1466659694111333,-0.0589789549471477,0.3523108937694144,12.217,57.1
13355,1936-07-28 00:00:00,0.0553603820213718,-0.1503731035435204,0.261093867586264,12.217,57.1
13356,1936-07-29 00:00:00,0.032018460404039,-0.1736614342098886,0.2376983550179667,12.217,57.1
13357,1936-07-30 00:00:00,0.0796020748037347,-0.1259122080601911,0.2851163576676607,12.217,57.1
13358,1936-07-31 00:00:00,0.1777125058438754,-0.028000269581706,0.3834252812694569,12.217,57.1
13359,1936-08-01 00:00:00,0.2099612139283397,0.0040472526598087,0.4158751751968705,12.217,57.1
13360,1936-08-02 00:00:00,0.1812742377399912,-0.0248099305357164,0.3873584060156989,12.217,57.1
13361,1936-08-03 00:00:00,0.1402837889855052,-0.0653755865760995,0.34594316454711,12.217,57.1
13362,1936-08-04 00:00:00,0.266584672567704,0.0605343328920595,0.4726350122433485,12.217,57.1
13363,1936-08-05 00:00:00,0.3613736102997049,0.154814765906459,0.5679324546929507,12.217,57.1
13364,1936-08-06 00:00:00,0.1942267356668037,-0.0116861964165969,0.4001396677502045,12.217,57.1
13365,1936-08-07 00:00:00,0.1008423063481097,-0.1046592994303781,0.3063439121265976,12.217,57.1
13366,1936-08-08 00:00:00,0.0043173095602321,-0.2011136732396757,0.2097482923601401,12.217,57.1
13367,1936-08-09 00:00:00,0.0114019171175839,-0.1939720834878985,0.2167759177230664,12.217,57.1
13368,1936-08-10 00:00:00,0.0459139116568666,-0.159610409532783,0.2514382328465163,12.217,57.1
13369,1936-08-11 00:00:00,0.0419754875635425,-0.1635232372090567,0.2474742123361418,12.217,57.1
13370,1936-08-12 00:00:00,0.0405629595137903,-0.1649732170693055,0.2460991360968862,12.217,57.1
13371,1936-08-13 00:00:00,0.0224827367267758,-0.1830932676208116,0.2280587410743634,12.217,57.1
13372,1936-08-14 00:00:00,-0.0181295563890415,-0.2237074580204545,0.1874483452423714,12.217,57.1
13373,1936-08-15 00:00:00,-0.0152357864761633,-0.2206834004703387,0.1902118275180119,12.217,57.1
13374,1936-08-16 00:00:00,0.021166398428726,-0.1842673554864754,0.2266001523439275,12.217,57.1
13375,1936-08-17 00:00:00,0.0158488731446375,-0.1896224817490137,0.2213202280382888,12.217,57.1
13376,1936-08-18 00:00:00,0.037296726319297,-0.1680904688787377,0.2426839215173319,12.217,57.1
13377,1936-08-19 00:00:00,0.0588916416866377,-0.146586958978473,0.2643702423517485,12.217,57.1
13378,1936-08-20 00:00:00,0.0783293128604298,-0.1272694678053765,0.2839280935262361,12.217,57.1
13379,1936-08-21 00:00:00,0.0635013526196434,-0.1419769661714671,0.2689796714107541,12.217,57.1
13380,1936-08-22 00:00:00,0.0780716884473284,-0.1275493626855293,0.2836927395801863,12.217,57.1
13381,1936-08-23 00:00:00,0.0599166194625611,-0.1457835666608391,0.2656168055859614,12.217,57.1
13382,1936-08-24 00:00:00,0.0739298335610101,-0.1319023422852342,0.2797620094072545,12.217,57.1
13383,1936-08-25 00:00:00,0.1316064563691047,-0.0742201572356235,0.337433069973833,12.217,57.1
13384,1936-08-26 00:00:00,0.0405543875346067,-0.165251842156734,0.2463606172259476,12.217,57.1
13385,1936-08-27 00:00:00,-0.0335788297004837,-0.2395596221364891,0.1724019627355215,12.217,57.1
13386,1936-08-28 00:00:00,-0.0120487671080262,-0.2176207428220697,0.1935232086060172,12.217,57.1
13387,1936-08-29 00:00:00,0.0152685209451238,-0.1902490454697048,0.2207860873599526,12.217,57.1
13388,1936-08-30 00:00:00,0.0923415335224575,-0.11327308748217,0.2979561545270851,12.217,57.1
13389,1936-08-31 00:00:00,0.3258554485582259,0.1198832491726758,0.5318276479437759,12.217,57.1
13390,1936-09-01 00:00:00,0.2570931636022286,0.0502479993174494,0.4639383278870079,12.217,57.1
13391,1936-09-02 00:00:00,0.1990488939541712,-0.0088599100649052,0.4069576979732476,12.217,57.1
13392,1936-09-03 00:00:00,0.0830143897859714,-0.1229719128536446,0.2890006924255875,12.217,57.1
13393,1936-09-04 00:00:00,0.0501544293912479,-0.1553503020693731,0.255659160851869,12.217,57.1
13394,1936-09-05 00:00:00,0.1462961551303057,-0.0592348152491728,0.3518271255097844,12.217,57.1
13395,1936-09-06 00:00:00,0.1645790890730801,-0.0411505870937187,0.3703087652398791,12.217,57.1
13396,1936-09-07 00:00:00,0.1587741461545033,-0.0470102584628859,0.3645585507718927,12.217,57.1
13397,1936-09-08 00:00:00,0.209375849666172,0.0024200410529398,0.4163316582794041,12.217,57.1
13398,1936-09-09 00:00:00,0.0637858977886874,-0.1447408831643083,0.2723126787416833,12.217,57.1
13399,1936-09-10 00:00:00,-0.0945777453368443,-0.3016094230588356,0.112453932385147,12.217,57.1
13400,1936-09-11 00:00:00,-0.0300015132961295,-0.2356756139008626,0.1756725873086035,12.217,57.1
13401,1936-09-12 00:00:00,-0.0105894572165782,-0.2160378843568138,0.1948589699236573,12.217,57.1
13402,1936-09-13 00:00:00,0.0113389235241999,-0.1941333866029894,0.2168112336513894,12.217,57.1
13403,1936-09-14 00:00:00,0.0132353562052117,-0.1923403871078437,0.2188110995182671,12.217,57.1
13404,1936-09-15 00:00:00,0.0081986586543646,-0.1973735006045457,0.213770817913275,12.217,57.1
13405,1936-09-16 00:00:00,-0.076522800584827,-0.2820646300411141,0.12901902887146,12.217,57.1
13406,1936-09-17 00:00:00,-0.1240093696568431,-0.3295949579526701,0.0815762186389837,12.217,57.1
13407,1936-09-18 00:00:00,-0.0731897559563717,-0.2787979450342334,0.1324184331214898,12.217,57.1
13408,1936-09-19 00:00:00,0.0258275590044201,-0.1798062380123424,0.2314613560211828,12.217,57.1
13409,1936-09-20 00:00:00,-0.0640354940040301,-0.2695585408384322,0.1414875528303719,12.217,57.1
13410,1936-09-21 00:00:00,-0.0291470182511328,-0.2346968643030325,0.1764028278007669,12.217,57.1
13411,1936-09-22 00:00:00,0.0768295587691426,-0.1289340417808006,0.2825931593190859,12.217,57.1
13412,1936-09-23 00:00:00,0.1620592550670384,-0.0436873300165119,0.3678058401505888,12.217,57.1
13413,1936-09-24 00:00:00,0.0313932562625537,-0.174655155283939,0.2374416678090466,12.217,57.1
13414,1936-09-25 00:00:00,0.0289867430627131,-0.1765558367511384,0.2345293228765647,12.217,57.1
13415,1936-09-26 00:00:00,0.0462987039932625,-0.1606716513070731,0.2532690592935983,12.217,57.1
13416,1936-09-27 00:00:00,0.0454857473779738,-0.1610248685462696,0.2519963633022173,12.217,57.1
13417,1936-09-28 00:00:00,0.0024478224973309,-0.2032505853836935,0.2081462303783553,12.217,57.1
13418,1936-09-29 00:00:00,-0.034063678625713,-0.2396774913374821,0.1715501340860559,12.217,57.1
13419,1936-09-30 00:00:00,-0.0212449606244926,-0.2268123486008862,0.1843224273519008,12.217,57.1
13420,1936-10-01 00:00:00,-0.0153605987761214,-0.2210699812742998,0.1903487837220569,12.217,57.1
13421,1936-10-02 00:00:00,-0.0491354486274674,-0.2551481471082537,0.1568772498533188,12.217,57.1
13422,1936-10-03 00:00:00,-0.1010704939631047,-0.3070332141147083,0.1048922261884987,12.217,57.1
13423,1936-10-04 00:00:00,-0.0227435064105184,-0.2285122644066051,0.1830252515855682,12.217,57.1
13424,1936-10-05 00:00:00,0.1506735894411268,-0.0604533103908287,0.3618004892730824,12.217,57.1
13425,1936-10-06 00:00:00,-0.0896539189073942,-0.3002285000676783,0.1209206622528899,12.217,57.1
13426,1936-10-07 00:00:00,-0.1076137086208487,-0.3142270459959242,0.0989996287542267,12.217,57.1
13427,1936-10-08 00:00:00,-0.0716727596856248,-0.2771861131668743,0.1338405937956246,12.217,57.1
13428,1936-10-09 00:00:00,-0.0806438543805173,-0.2861045308510675,0.1248168220900327,12.217,57.1
13429,1936-10-10 00:00:00,-0.0711848185319067,-0.276612216338721,0.1342425792749075,12.217,57.1
13430,1936-10-11 00:00:00,-0.0413166821080051,-0.246789011407118,0.1641556471911077,12.217,57.1
13431,1936-10-12 00:00:00,0.048074070266904,-0.1576459105159198,0.253794051049728,12.217,57.1
13432,1936-10-13 00:00:00,0.2616965597365497,0.0555990344437751,0.4677940850293244,12.217,57.1
13433,1936-10-14 00:00:00,0.1458310170931389,-0.0612952365035682,0.3529572706898461,12.217,57.1
13434,1936-10-15 00:00:00,0.0698098361090594,-0.1359589282555483,0.2755786004736671,12.217,57.1
13435,1936-10-16 00:00:00,0.5163260403516136,0.3095050846073045,0.7231469960959226,12.217,57.1
13436,1936-10-17 00:00:00,0.4536537348031114,0.2460332991409597,0.6612741704652632,12.217,57.1
13437,1936-10-18 00:00:00,0.4022724526342042,0.1949219576177545,0.609622947650654,12.217,57.1
13438,1936-10-19 00:00:00,0.4826553174983072,0.2741567034686204,0.6911539315279941,12.217,57.1
13439,1936-10-20 00:00:00,0.1493745773654815,-0.0573593928539928,0.3561085475849558,12.217,57.1
13440,1936-10-21 00:00:00,0.0479731799799537,-0.157615641929121,0.2535620018890284,12.217,57.1
13441,1936-10-22 00:00:00,0.1044600759914107,-0.1012308699055911,0.3101510218884127,12.217,57.1
13442,1936-10-23 00:00:00,0.0457279553822468,-0.1599000113081144,0.2513559220726081,12.217,57.1
13443,1936-10-24 00:00:00,0.088285060213658,-0.1173339302274568,0.2939040506547729,12.217,57.1
13444,1936-10-25 00:00:00,0.1672413686629886,-0.0388931691553567,0.373375906481334,12.217,57.1
13445,1936-10-26 00:00:00,0.332287870199997,0.1246652181669418,0.5399105222330522,12.217,57.1
13446,1936-10-27 00:00:00,0.3353911299780984,0.126909618591553,0.5438726413646437,12.217,57.1
13447,1936-10-28 00:00:00,0.7153708401321192,0.5015492309785246,0.9291924492857138,12.217,57.1
13448,1936-10-29 00:00:00,0.1579918952182332,-0.0511222041204586,0.3671059945569251,12.217,57.1
13449,1936-10-30 00:00:00,0.0057903455263575,-0.2001777014844878,0.211758392537203,12.217,57.1
13450,1936-10-31 00:00:00,0.1394813354451884,-0.0666440051499301,0.3456066760403069,12.217,57.1
13451,1936-11-01 00:00:00,0.0084068789221151,-0.1976049945367002,0.2144187523809305,12.217,57.1
13452,1936-11-02 00:00:00,0.0407339568224973,-0.1650017720882047,0.2464696857331995,12.217,57.1
13453,1936-11-03 00:00:00,0.0974381693142748,-0.1084064060254872,0.3032827446540368,12.217,57.1
13454,1936-11-04 00:00:00,0.2581567405744821,0.0523839185137227,0.4639295626352414,12.217,57.1
13455,1936-11-05 00:00:00,0.1243138362803287,-0.0813409853981438,0.3299686579588013,12.217,57.1
13456,1936-11-06 00:00:00,0.2467192215665147,0.0407780437755999,0.4526603993574295,12.217,57.1
13457,1936-11-07 00:00:00,0.2623455208928402,0.0560879983947604,0.46860304339092,12.217,57.1
13458,1936-11-08 00:00:00,0.3338118733455986,0.127545535688572,0.5400782110026251,12.217,57.1
13459,1936-11-09 00:00:00,0.2749786721934967,0.0685487199325153,0.4814086244544781,12.217,57.1
13460,1936-11-10 00:00:00,0.3235002076426552,0.116318649080155,0.5306817662051555,12.217,57.1
13461,1936-11-11 00:00:00,0.2735927849077412,0.0663387403618435,0.4808468294536389,12.217,57.1
13462,1936-11-12 00:00:00,0.2329799760361988,0.0270893930517463,0.4388705590206513,12.217,57.1
13463,1936-11-13 00:00:00,0.1810895513749723,-0.0250672231795114,0.387246325929456,12.217,57.1
13464,1936-11-14 00:00:00,-0.0059584592738504,-0.2120906720337276,0.2001737534860267,12.217,57.1
13465,1936-11-15 00:00:00,0.0041696643016252,-0.2014862284727339,0.2098255570759844,12.217,57.1
13466,1936-11-16 00:00:00,0.1243959865139538,-0.0818446352980043,0.3306366083259121,12.217,57.1
13467,1936-11-17 00:00:00,0.0773246936212061,-0.129764434101828,0.2844138213442403,12.217,57.1
13468,1936-11-18 00:00:00,-0.0326087821439728,-0.2386210909982501,0.1734035267103044,12.217,57.1
13469,1936-11-19 00:00:00,-0.0998130447997787,-0.3056505174873404,0.1060244278877828,12.217,57.1
13470,1936-11-20 00:00:00,-0.0865284322320673,-0.2922123148228958,0.119155450358761,12.217,57.1
13471,1936-11-21 00:00:00,-0.0131798273731588,-0.2190021632541288,0.1926425085078111,12.217,57.1
13472,1936-11-22 00:00:00,0.0022792946132369,-0.2033359689957019,0.2078945582221759,12.217,57.1
13473,1936-11-23 00:00:00,0.0084117148450727,-0.1971521310511403,0.2139755607412858,12.217,57.1
13474,1936-11-24 00:00:00,0.0120531921791519,-0.1935240556956041,0.2176304400539079,12.217,57.1
13475,1936-11-25 00:00:00,0.0077728084368864,-0.1977989725532251,0.213344589426998,12.217,57.1
13476,1936-11-26 00:00:00,-0.0509416227966009,-0.2565306414575509,0.1546473958643491,12.217,57.1
13477,1936-11-27 00:00:00,-0.0384735783750414,-0.2440499612365258,0.1671028044864429,12.217,57.1
13478,1936-11-28 00:00:00,0.007065657317864,-0.1984447674714177,0.2125760821071458,12.217,57.1
13479,1936-11-29 00:00:00,0.0326244515541827,-0.1729075685627301,0.2381564716710956,12.217,57.1
13480,1936-11-30 00:00:00,0.2367031836430415,0.0295681639669613,0.4438382033191216,12.217,57.1
13481,1936-12-01 00:00:00,0.6273432487643811,0.4196924489957504,0.8349940485330117,12.217,57.1
13482,1936-12-02 00:00:00,0.4232261635542208,0.2160059682577458,0.6304463588506958,12.217,57.1
13483,1936-12-03 00:00:00,0.1946960080300617,-0.0114909396164764,0.4008829556765999,12.217,57.1
13484,1936-12-04 00:00:00,0.1117627401831833,-0.0942051021099184,0.317730582476285,12.217,57.1
13485,1936-12-05 00:00:00,0.4801859108496628,0.2681219438429285,0.6922498778563971,12.217,57.1
13486,1936-12-06 00:00:00,0.2881377690429758,0.0790629474664131,0.4972125906195385,12.217,57.1
13487,1936-12-07 00:00:00,0.1495707696791878,-0.0571785830563567,0.3563201224147324,12.217,57.1
13488,1936-12-08 00:00:00,-0.0185004572771226,-0.2243378839472423,0.187336969392997,12.217,57.1
13489,1936-12-09 00:00:00,0.1255764559444054,-0.0806440922293924,0.3317970041182032,12.217,57.1
13490,1936-12-10 00:00:00,0.0355311127741392,-0.1706752711463926,0.2417374966946711,12.217,57.1
13491,1936-12-11 00:00:00,0.0367402985553956,-0.169119060547643,0.2425996576584344,12.217,57.1
13492,1936-12-12 00:00:00,0.1169488613584118,-0.089006345311717,0.3229040680285406,12.217,57.1
13493,1936-12-13 00:00:00,0.0849059839916643,-0.1207443939074878,0.2905563618908165,12.217,57.1
13494,1936-12-14 00:00:00,0.1992127070565327,-0.0066066238675699,0.4050320379806355,12.217,57.1
13495,1936-12-15 00:00:00,0.275620544722102,0.0634928692077721,0.4877482202364318,12.217,57.1
13496,1936-12-16 00:00:00,0.4396248707105217,0.2263030341933136,0.6529467072277299,12.217,57.1
13497,1936-12-17 00:00:00,0.2993614415846531,0.0912739361428818,0.5074489470264245,12.217,57.1
13498,1936-12-18 00:00:00,0.2879335073624304,0.0797523304311475,0.4961146842937134,12.217,57.1
13499,1936-12-19 00:00:00,0.4367805389401004,0.2288836362508613,0.6446774416293395,12.217,57.1
13500,1936-12-20 00:00:00,0.3255822897439759,0.1182987593111641,0.5328658201767877,12.217,57.1
13501,1936-12-21 00:00:00,0.3982296430497812,0.1913583499309185,0.6051009361686439,12.217,57.1
13502,1936-12-22 00:00:00,0.2085840919331051,0.0017009078155758,0.4154672760506345,12.217,57.1
13503,1936-12-23 00:00:00,0.2140436308116363,0.0078916590508715,0.4201956025724012,12.217,57.1
13504,1936-12-24 00:00:00,0.29593147859624,0.0883557961814467,0.5035071610110333,12.217,57.1
13505,1936-12-25 00:00:00,0.3216096058720211,0.1133579246415679,0.5298612871024744,12.217,57.1
13506,1936-12-26 00:00:00,0.060758851663874,-0.1461629670983866,0.2676806704261347,12.217,57.1
13507,1936-12-27 00:00:00,0.0300319053115446,-0.1763330624967312,0.2363968731198206,12.217,57.1
13508,1936-12-28 00:00:00,-0.0078552429875967,-0.2135942707570483,0.1978837847818548,12.217,57.1
13509,1936-12-29 00:00:00,0.0292224403980647,-0.1763206817547157,0.2347655625508453,12.217,57.1
13510,1936-12-30 00:00:00,0.0886196358371259,-0.1169079042490222,0.294147175923274,12.217,57.1
13511,1936-12-31 00:00:00,0.1475345731628275,-0.0584402211978015,0.3535093675234566,12.217,57.1
13512,1937-01-01 00:00:00,0.1850642250959308,-0.020940010517289,0.3910684607091507,12.217,57.1
13513,1937-01-02 00:00:00,0.234840000117175,0.0287353411080811,0.4409446591262689,12.217,57.1
13514,1937-01-03 00:00:00,0.3852733299222007,0.1789938668644667,0.5915527929799347,12.217,57.1
13515,1937-01-04 00:00:00,0.2846415174266251,0.0778106665317124,0.4914723683215377,12.217,57.1
13516,1937-01-05 00:00:00,0.2306299744013888,0.0236489731277862,0.4376109756749913,12.217,57.1
13517,1937-01-06 00:00:00,0.5057320081706678,0.2986545662272809,0.7128094501140546,12.217,57.1
13518,1937-01-07 00:00:00,0.2613925718617176,0.0530205727475769,0.4697645709758582,12.217,57.1
13519,1937-01-08 00:00:00,0.0710767370515192,-0.1364105150674705,0.278563989170509,12.217,57.1
13520,1937-01-09 00:00:00,-0.1336789383826016,-0.3401002211418521,0.0727423443766488,12.217,57.1
13521,1937-01-10 00:00:00,0.018937663118764,-0.1869233408766941,0.2247986671142222,12.217,57.1
13522,1937-01-11 00:00:00,-0.0194840240987679,-0.2251484409637403,0.1861803927662044,12.217,57.1
13523,1937-01-12 00:00:00,-0.0166393617325488,-0.2223626958656304,0.1890839724005328,12.217,57.1
13524,1937-01-13 00:00:00,-0.0197188169861568,-0.2255011488492199,0.1860635148769061,12.217,57.1
13525,1937-01-14 00:00:00,0.0988101452821236,-0.107701407491709,0.3053216980559563,12.217,57.1
13526,1937-01-15 00:00:00,0.1093120256529097,-0.09773778585171,0.3163618371575296,12.217,57.1
13527,1937-01-16 00:00:00,0.0766629082283719,-0.1300021370836659,0.2833279535404098,12.217,57.1
13528,1937-01-17 00:00:00,0.1289862107207238,-0.0770759946154528,0.3350484160569004,12.217,57.1
13529,1937-01-18 00:00:00,0.082544270632791,-0.1236399535064856,0.2887284947720677,12.217,57.1
13530,1937-01-19 00:00:00,0.0323468390005621,-0.17659956436742,0.2412932423685445,12.217,57.1
13531,1937-01-20 00:00:00,0.2302341119984514,0.0193045385969354,0.4411636853999674,12.217,57.1
13532,1937-01-21 00:00:00,-0.0142945669637022,-0.223519627143219,0.1949304932158146,12.217,57.1
13533,1937-01-22 00:00:00,0.0685113952206018,-0.1374961932606647,0.2745189837018684,12.217,57.1
13534,1937-01-23 00:00:00,0.0776576294345707,-0.1282526804524621,0.2835679393216036,12.217,57.1
13535,1937-01-24 00:00:00,-0.0191676395365947,-0.2256107930788487,0.1872755140056593,12.217,57.1
13536,1937-01-25 00:00:00,-0.0792029461635886,-0.286281009312808,0.1278751169856306,12.217,57.1
13537,1937-01-26 00:00:00,-0.2345086383687961,-0.444533223313424,-0.0244840534241681,12.217,57.1
13538,1937-01-27 00:00:00,-0.1137061984800804,-0.3241550964828962,0.0967426995227352,12.217,57.1
13539,1937-01-28 00:00:00,-0.0887431282669568,-0.2971136921217182,0.1196274355878045,12.217,57.1
13540,1937-01-29 00:00:00,-0.230151149154733,-0.4393028460500128,-0.0209994522594531,12.217,57.1
13541,1937-01-30 00:00:00,-0.1132132595205839,-0.3228146125743169,0.0963880935331489,12.217,57.1
13542,1937-01-31 00:00:00,-0.0581787887238797,-0.2661601030691616,0.1498025256214021,12.217,57.1
13543,1937-02-01 00:00:00,-0.0017593948787059,-0.2083820528345721,0.2048632630771601,12.217,57.1
13544,1937-02-02 00:00:00,0.1695859672098735,-0.0369311840438058,0.376103118463553,12.217,57.1
13545,1937-02-03 00:00:00,0.1723569225719329,-0.0337237134251335,0.3784375585689994,12.217,57.1
13546,1937-02-04 00:00:00,0.1978509615728357,-0.0083989218703817,0.4041008450160532,12.217,57.1
13547,1937-02-05 00:00:00,0.2421544781444928,0.0362384748212658,0.4480704814677199,12.217,57.1
13548,1937-02-06 00:00:00,0.2531174494921048,0.0473299098689712,0.4589049891152384,12.217,57.1
13549,1937-02-07 00:00:00,0.3894199033084723,0.1827420188236045,0.5960977877933402,12.217,57.1
13550,1937-02-08 00:00:00,0.1227792646868322,-0.0838846373205831,0.3294431666942476,12.217,57.1
13551,1937-02-09 00:00:00,-0.0150976543315671,-0.2217674364522188,0.1915721277890845,12.217,57.1
13552,1937-02-10 00:00:00,0.3229105147162918,0.1156222179433687,0.5301988114892149,12.217,57.1
13553,1937-02-11 00:00:00,0.1699135601792771,-0.0360599938776441,0.3758871142361984,12.217,57.1
13554,1937-02-12 00:00:00,0.0848448589093918,-0.1208274229890247,0.2905171408078085,12.217,57.1
13555,1937-02-13 00:00:00,-0.0230771364068122,-0.2287159392541423,0.1825616664405177,12.217,57.1
13556,1937-02-14 00:00:00,-0.0474203646004685,-0.2531046877122255,0.1582639585112883,12.217,57.1
13557,1937-02-15 00:00:00,0.0793599806357311,-0.1264979328074455,0.2852178940789078,12.217,57.1
13558,1937-02-16 00:00:00,0.1375818709470681,-0.0681314492985744,0.3432951911927107,12.217,57.1
13559,1937-02-17 00:00:00,0.2364687422248765,0.0306446917695216,0.4422927926802315,12.217,57.1
13560,1937-02-18 00:00:00,0.0916996283775884,-0.1143157755957097,0.2977150323508866,12.217,57.1
13561,1937-02-19 00:00:00,0.1001855695795787,-0.1058633545146338,0.3062344936737914,12.217,57.1
13562,1937-02-20 00:00:00,0.293493331490202,0.0867158543027299,0.500270808677674,12.217,57.1
13563,1937-02-21 00:00:00,0.1953414244716361,-0.0105708208001362,0.4012536697434085,12.217,57.1
13564,1937-02-22 00:00:00,0.186302123887434,-0.0194176204911242,0.3920218682659923,12.217,57.1
13565,1937-02-23 00:00:00,0.1926282203688296,-0.0132275833492456,0.398484024086905,12.217,57.1
13566,1937-02-24 00:00:00,0.0533396610947828,-0.1525988129800768,0.2592781351696425,12.217,57.1
13567,1937-02-25 00:00:00,-0.0105799413082677,-0.2168558593502419,0.1956959767337064,12.217,57.1
13568,1937-02-26 00:00:00,-0.0100206374701596,-0.215640185814071,0.1955989108737517,12.217,57.1
13569,1937-02-27 00:00:00,0.169484187365891,-0.036350379595349,0.3753187543271311,12.217,57.1
13570,1937-02-28 00:00:00,0.3643518106523226,0.1573323548859867,0.5713712664186584,12.217,57.1
13571,1937-03-01 00:00:00,0.1868324550834402,-0.019619163227532,0.3932840733944125,12.217,57.1
13572,1937-03-02 00:00:00,0.1275394137967437,-0.0799464254232161,0.3350252530167036,12.217,57.1
13573,1937-03-03 00:00:00,0.0608807391398187,-0.1451905028301712,0.2669519811098087,12.217,57.1
13574,1937-03-04 00:00:00,-0.015522474697507,-0.2219748020772681,0.190929852682254,12.217,57.1
13575,1937-03-05 00:00:00,-0.0723612784275489,-0.2785590013369263,0.1338364444818284,12.217,57.1
13576,1937-03-06 00:00:00,-0.0063508453429206,-0.2126324921181031,0.1999308014322618,12.217,57.1
13577,1937-03-07 00:00:00,-0.0394104778146737,-0.2450897698136229,0.1662688141842753,12.217,57.1
13578,1937-03-08 00:00:00,0.0074738507036522,-0.1980899570790368,0.2130376584863413,12.217,57.1
13579,1937-03-09 00:00:00,0.0303597503011682,-0.1751578499044452,0.2358773505067816,12.217,57.1
13580,1937-03-10 00:00:00,0.0104492699084708,-0.1952686323323452,0.216167172149287,12.217,57.1
13581,1937-03-11 00:00:00,0.0302516552061459,-0.1759656841202088,0.2364689945325008,12.217,57.1
13582,1937-03-12 00:00:00,0.0961952377297001,-0.1105304035299549,0.3029208789893552,12.217,57.1
13583,1937-03-13 00:00:00,0.2122504134416366,0.0060922704532473,0.4184085564300259,12.217,57.1
13584,1937-03-14 00:00:00,0.1357544616633698,-0.070215976461315,0.3417248997880546,12.217,57.1
13585,1937-03-15 00:00:00,0.1404342748140648,-0.065348598800724,0.3462171484288536,12.217,57.1
13586,1937-03-16 00:00:00,0.094717970618268,-0.1117418752422633,0.3011778164787995,12.217,57.1
13587,1937-03-17 00:00:00,0.3487615576738443,0.1419171394592739,0.5556059758884146,12.217,57.1
13588,1937-03-18 00:00:00,0.1345290364507991,-0.0715009696063453,0.3405590425079435,12.217,57.1
13589,1937-03-19 00:00:00,0.1116616191784415,-0.0938559477589185,0.3171791861158016,12.217,57.1
13590,1937-03-20 00:00:00,0.0407994166300403,-0.1646609439524885,0.2462597772125691,12.217,57.1
13591,1937-03-21 00:00:00,0.0308857209945565,-0.1748270684825136,0.2365985104716266,12.217,57.1
13592,1937-03-22 00:00:00,0.0306317532779455,-0.1754226738237479,0.2366861803796389,12.217,57.1
13593,1937-03-23 00:00:00,0.1207222955542196,-0.0853383374776928,0.3267829285861321,12.217,57.1
13594,1937-03-24 00:00:00,0.0531778265086026,-0.1526586443940772,0.2590142974112825,12.217,57.1
13595,1937-03-25 00:00:00,0.0637979918229965,-0.1418177303352013,0.2694137139811944,12.217,57.1
13596,1937-03-26 00:00:00,0.1538092337389109,-0.0518747688754165,0.3594932363532384,12.217,57.1
13597,1937-03-27 00:00:00,0.0792900288272606,-0.1264161686837525,0.2849962263382738,12.217,57.1
13598,1937-03-28 00:00:00,-0.0634781931582345,-0.2738629513424011,0.1469065650259319,12.217,57.1
13599,1937-03-29 00:00:00,-0.1011964435079402,-0.309834547946654,0.1074416609307735,12.217,57.1
13600,1937-03-30 00:00:00,-0.0583485661688305,-0.2640590381685248,0.1473619058308636,12.217,57.1
13601,1937-03-31 00:00:00,-0.0595895659097243,-0.2653122796761421,0.1461331478566935,12.217,57.1
13602,1937-04-01 00:00:00,-0.0640095382189709,-0.2697421612732538,0.1417230848353118,12.217,57.1
13603,1937-04-02 00:00:00,-0.0578961353482697,-0.2638635244599834,0.148071253763444,12.217,57.1
13604,1937-04-03 00:00:00,0.03301286854555,-0.1732516774086514,0.2392774144997515,12.217,57.1
13605,1937-04-04 00:00:00,-0.0367564805680908,-0.2431277347591544,0.1696147736229727,12.217,57.1
13606,1937-04-05 00:00:00,-0.0437706272916872,-0.2493352690676935,0.161794014484319,12.217,57.1
13607,1937-04-06 00:00:00,-0.0226620557460146,-0.2281038436332918,0.1827797321412625,12.217,57.1
13608,1937-04-07 00:00:00,-0.0308328093761042,-0.2362904500231512,0.1746248312709426,12.217,57.1
13609,1937-04-08 00:00:00,0.0170245639165285,-0.1884225210200796,0.2224716488531368,12.217,57.1
13610,1937-04-09 00:00:00,0.0621017140626303,-0.1433586222289752,0.267562050354236,12.217,57.1
13611,1937-04-10 00:00:00,0.008441711858366,-0.197030384745297,0.2139138084620291,12.217,57.1
13612,1937-04-11 00:00:00,0.0466524034626596,-0.1590504380833063,0.2523552450086256,12.217,57.1
13613,1937-04-12 00:00:00,0.0689725056338568,-0.1367417855218443,0.2746867967895581,12.217,57.1
13614,1937-04-13 00:00:00,-0.0122704806146849,-0.218132621129277,0.1935916598999071,12.217,57.1
13615,1937-04-14 00:00:00,-0.0070333168951338,-0.2126936986815012,0.1986270648912336,12.217,57.1
13616,1937-04-15 00:00:00,-0.0676345085651745,-0.273872619129977,0.138603601999628,12.217,57.1
13617,1937-04-16 00:00:00,0.059712247682652,-0.1468070907311474,0.2662315860964516,12.217,57.1
13618,1937-04-17 00:00:00,0.107401897223891,-0.0987172386743032,0.3135210331220852,12.217,57.1
13619,1937-04-18 00:00:00,0.019535482211834,-0.1860817032694951,0.2251526676931631,12.217,57.1
13620,1937-04-19 00:00:00,0.0413987823222368,-0.1641537023306608,0.2469512669751344,12.217,57.1
13621,1937-04-20 00:00:00,0.0723846401942974,-0.1331294563397722,0.2778987367283672,12.217,57.1
13622,1937-04-21 00:00:00,0.1305977041804385,-0.07540411123726,0.3365995195981371,12.217,57.1
13623,1937-04-22 00:00:00,0.1639170830664526,-0.0432974668805885,0.3711316330134938,12.217,57.1
13624,1937-04-23 00:00:00,0.0415598039376598,-0.1644484386323532,0.2475680465076729,12.217,57.1
13625,1937-04-24 00:00:00,0.0029634815687527,-0.2027857715614786,0.2087127346989842,12.217,57.1
13626,1937-04-25 00:00:00,0.0055788619206978,-0.2004731719119614,0.2116308957533572,12.217,57.1
13627,1937-04-26 00:00:00,0.0986052300350202,-0.1080870246910883,0.3052974847611288,12.217,57.1
13628,1937-04-27 00:00:00,-0.0076427628792315,-0.2146836014368439,0.1993980756783808,12.217,57.1
13629,1937-04-28 00:00:00,-0.0341952907510327,-0.2397374523546651,0.1713468708525997,12.217,57.1
13630,1937-04-29 00:00:00,-0.082136380369679,-0.2875456231004139,0.1232728623610557,12.217,57.1
13631,1937-04-30 00:00:00,-0.0441074907041862,-0.2495533366247562,0.1613383552163838,12.217,57.1
13632,1937-05-01 00:00:00,-0.0363836254477583,-0.2418382747481476,0.1690710238526309,12.217,57.1
13633,1937-05-02 00:00:00,-0.0060746943436656,-0.2115967186037631,0.1994473299164317,12.217,57.1
13634,1937-05-03 00:00:00,0.0081796891726795,-0.1973006036408159,0.213659981986175,12.217,57.1
13635,1937-05-04 00:00:00,0.0247870371763691,-0.1807358336430896,0.2303099079958279,12.217,57.1
13636,1937-05-05 00:00:00,0.0580052911203526,-0.147486523537861,0.2634971057785663,12.217,57.1
13637,1937-05-06 00:00:00,0.0717312637594398,-0.1339315293715271,0.2773940568904067,12.217,57.1
13638,1937-05-07 00:00:00,0.042802456408877,-0.1631402203754804,0.2487451331932346,12.217,57.1
13639,1937-05-08 00:00:00,-0.0064834152793668,-0.2122900446228564,0.1993232140641226,12.217,57.1
13640,1937-05-09 00:00:00,-0.0202716594115109,-0.2257939620940467,0.1852506432710249,12.217,57.1
13641,1937-05-10 00:00:00,0.0237977708492719,-0.1817059161575838,0.2293014578561278,12.217,57.1
13642,1937-05-11 00:00:00,0.0052095681004788,-0.2002117142148974,0.2106308504158551,12.217,57.1
13643,1937-05-12 00:00:00,-0.0074084855197532,-0.2129164876471065,0.1980995166076,12.217,57.1
13644,1937-05-13 00:00:00,0.031248108996336,-0.1742480915126963,0.2367443095053683,12.217,57.1
13645,1937-05-14 00:00:00,0.0340742353874757,-0.1714273236943754,0.2395757944693268,12.217,57.1
13646,1937-05-15 00:00:00,0.0503384934422151,-0.1553433936418132,0.2560203805262435,12.217,57.1
13647,1937-05-16 00:00:00,0.016761597982903,-0.1888504834060984,0.2223736793719045,12.217,57.1
13648,1937-05-17 00:00:00,0.0388351929376127,-0.1670234727876477,0.2446938586628733,12.217,57.1
13649,1937-05-18 00:00:00,0.0292278262488784,-0.1764334805074324,0.2348891330051892,12.217,57.1
13650,1937-05-19 00:00:00,0.0001375449662394,-0.20545015730503,0.2057252472375089,12.217,57.1
13651,1937-05-20 00:00:00,0.1089310547569007,-0.0972949297351361,0.3151570392489377,12.217,57.1
13652,1937-05-21 00:00:00,-0.0718323385332279,-0.2778427211755208,0.1341780441090649,12.217,57.1
13653,1937-05-22 00:00:00,0.0682495093579841,-0.1379109591955087,0.2744099779114771,12.217,57.1
13654,1937-05-23 00:00:00,0.0931320434107406,-0.1134172457158653,0.2996813325373465,12.217,57.1
13655,1937-05-24 00:00:00,0.0346466053684355,-0.1720093124945403,0.2413025232314113,12.217,57.1
13656,1937-05-25 00:00:00,0.0172166386962592,-0.1886638953568558,0.2230971727493742,12.217,57.1
13657,1937-05-26 00:00:00,-0.0093598231573941,-0.2149953363498984,0.1962756900351101,12.217,57.1
13658,1937-05-27 00:00:00,0.029004097138998,-0.1764909999719148,0.2344991942499109,12.217,57.1
13659,1937-05-28 00:00:00,0.361113709070923,0.1546981842850863,0.5675292338567597,12.217,57.1
13660,1937-05-29 00:00:00,0.1745281242233816,-0.0344138107044786,0.383470059151242,12.217,57.1
13661,1937-05-30 00:00:00,0.0359877913934253,-0.1702599976884405,0.2422355804752911,12.217,57.1
13662,1937-05-31 00:00:00,0.08496599822852,-0.1207359013881506,0.2906678978451907,12.217,57.1
13663,1937-06-01 00:00:00,0.156689091265315,-0.0493418978804363,0.3627200804110664,12.217,57.1
13664,1937-06-02 00:00:00,0.2030916321807616,-0.002947561641625,0.4091308260031483,12.217,57.1
13665,1937-06-03 00:00:00,0.3075559394353988,0.1009792198299715,0.5141326590408262,12.217,57.1
13666,1937-06-04 00:00:00,0.1746517605270399,-0.0317663670214599,0.3810698880755398,12.217,57.1
13667,1937-06-05 00:00:00,0.0530476497310033,-0.1525083429158197,0.2586036423778264,12.217,57.1
13668,1937-06-06 00:00:00,0.0657971021602463,-0.1398094830195713,0.2714036873400641,12.217,57.1
13669,1937-06-07 00:00:00,0.0330816096545433,-0.1724808263193142,0.238644045628401,12.217,57.1
13670,1937-06-08 00:00:00,0.0318216881477673,-0.1738768417845806,0.2375202180801154,12.217,57.1
13671,1937-06-09 00:00:00,0.0473809544531021,-0.1583685447919642,0.2531304536981685,12.217,57.1
13672,1937-06-10 00:00:00,0.0128071945598827,-0.1928853919473894,0.218499781067155,12.217,57.1
13673,1937-06-11 00:00:00,0.013098390104316,-0.192656162174614,0.2188529423832461,12.217,57.1
13674,1937-06-12 00:00:00,-0.0164428841923903,-0.2221082647638539,0.1892224963790731,12.217,57.1
13675,1937-06-13 00:00:00,-0.0126074075591728,-0.218396766067635,0.1931819509492893,12.217,57.1
13676,1937-06-14 00:00:00,-0.0356521644066437,-0.2413281725253847,0.1700238437120972,12.217,57.1
13677,1937-06-15 00:00:00,-0.0068728286085965,-0.2124025536848685,0.1986568964676753,12.217,57.1
13678,1937-06-16 00:00:00,0.0382679428367008,-0.1673279549028503,0.2438638405762521,12.217,57.1
13679,1937-06-17 00:00:00,0.0690894644137454,-0.1364810154518664,0.2746599442793574,12.217,57.1
13680,1937-06-18 00:00:00,0.1188783701363779,-0.0866953082458872,0.3244520485186431,12.217,57.1
13681,1937-06-19 00:00:00,0.0842735456783779,-0.1213411171987028,0.2898882085554587,12.217,57.1
13682,1937-06-20 00:00:00,0.0010264602916693,-0.2044954121115231,0.2065483326948618,12.217,57.1
13683,1937-06-21 00:00:00,0.0292987725089017,-0.176532352096932,0.2351298971147354,12.217,57.1
13684,1937-06-22 00:00:00,0.0912400475607903,-0.1148028264410523,0.297282921562633,12.217,57.1
13685,1937-06-23 00:00:00,0.1158345929850129,-0.0931574017694563,0.3248265877394822,12.217,57.1
13686,1937-06-24 00:00:00,0.1185635863194755,-0.0880920195045829,0.325219192143534,12.217,57.1
13687,1937-06-25 00:00:00,0.1414930845783067,-0.0643812162236928,0.3473673853803064,12.217,57.1
13688,1937-06-26 00:00:00,0.1746980297428314,-0.0311975963460716,0.3805936558317344,12.217,57.1
13689,1937-06-27 00:00:00,0.2002105894675694,-0.005998373938493,0.4064195528736318,12.217,57.1
13690,1937-06-28 00:00:00,0.1330880696572401,-0.0730105764918774,0.3391867158063577,12.217,57.1
13691,1937-06-29 00:00:00,0.1113013044634719,-0.0949620552736135,0.3175646642005575,12.217,57.1
13692,1937-06-30 00:00:00,0.1335798929876841,-0.072776427802711,0.3399362137780792,12.217,57.1
13693,1937-07-01 00:00:00,0.2203257897008049,0.0146955495984567,0.4259560298031531,12.217,57.1
13694,1937-07-02 00:00:00,0.097910424249789,-0.1077410725934868,0.3035619210930648,12.217,57.1
13695,1937-07-03 00:00:00,0.0424659510094286,-0.1630315389849752,0.2479634410038326,12.217,57.1
13696,1937-07-04 00:00:00,0.02488770116202,-0.1805794790764483,0.2303548814004884,12.217,57.1
13697,1937-07-05 00:00:00,0.015816405187551,-0.1897122735246388,0.221345083899741,12.217,57.1
13698,1937-07-06 00:00:00,0.0122768533192726,-0.1932917994612238,0.2178455060997691,12.217,57.1
13699,1937-07-07 00:00:00,0.0616914423860528,-0.1438461913385461,0.2672290761106518,12.217,57.1
13700,1937-07-08 00:00:00,0.0621951844673944,-0.1432954059952017,0.2676857749299905,12.217,57.1
13701,1937-07-09 00:00:00,0.1044486664330502,-0.101011146724753,0.3099084795908535,12.217,57.1
13702,1937-07-10 00:00:00,0.1561084882399704,-0.0494508188962024,0.3616677953761432,12.217,57.1
13703,1937-07-11 00:00:00,0.0771780787992182,-0.1284214778979202,0.2827776354963567,12.217,57.1
13704,1937-07-12 00:00:00,0.026821915372999,-0.178916093125197,0.2325599238711951,12.217,57.1
13705,1937-07-13 00:00:00,0.0239313231917735,-0.1818080024882567,0.2296706488718038,12.217,57.1
13706,1937-07-14 00:00:00,0.0832558064205386,-0.1222740854264846,0.2887856982675619,12.217,57.1
13707,1937-07-15 00:00:00,0.0719533582945915,-0.1335016728601951,0.2774083894493782,12.217,57.1
13708,1937-07-16 00:00:00,0.0759098244679644,-0.1296004124182063,0.2814200613541352,12.217,57.1
13709,1937-07-17 00:00:00,0.0862560328305643,-0.1193622508087056,0.2918743164698342,12.217,57.1
13710,1937-07-18 00:00:00,-0.009533183265948,-0.2151092400825202,0.1960428735506241,12.217,57.1
13711,1937-07-19 00:00:00,-0.0311066590084898,-0.2366327707623876,0.174419452745408,12.217,57.1
13712,1937-07-20 00:00:00,0.0061994773006063,-0.1993352813176218,0.2117342359188345,12.217,57.1
13713,1937-07-21 00:00:00,-6.780720176010474e-06,-0.2053967841768787,0.2053832227365266,12.217,57.1
13714,1937-07-22 00:00:00,0.0842928143062996,-0.1211198403106804,0.2897054689232797,12.217,57.1
13715,1937-07-23 00:00:00,0.1720899579120799,-0.0336673743746807,0.3778472901988405,12.217,57.1
13716,1937-07-24 00:00:00,0.1890956535546428,-0.0165513088174222,0.3947426159267079,12.217,57.1
13717,1937-07-25 00:00:00,0.1450537952188336,-0.0604750252681863,0.3505826157058536,12.217,57.1
13718,1937-07-26 00:00:00,0.1420793881524822,-0.0636188280901041,0.3477776043950685,12.217,57.1
13719,1937-07-27 00:00:00,0.0882780032317832,-0.1173131340454,0.2938691405089666,12.217,57.1
13720,1937-07-28 00:00:00,0.0615847980287186,-0.1439731586594799,0.2671427547169172,12.217,57.1
13721,1937-07-29 00:00:00,0.0348906250037674,-0.1707419263369368,0.2405231763444718,12.217,57.1
13722,1937-07-30 00:00:00,0.0014768870251745,-0.2041480113606159,0.2071017854109649,12.217,57.1
13723,1937-07-31 00:00:00,-0.0131322860076662,-0.2185662989242281,0.1923017269088957,12.217,57.1
13724,1937-08-01 00:00:00,-0.0266691422761579,-0.2321317937492104,0.1787935091968944,12.217,57.1
13725,1937-08-02 00:00:00,-0.026700422454901,-0.232351143043662,0.17895029813386,12.217,57.1
13726,1937-08-03 00:00:00,-0.0480314273718736,-0.2535143492325402,0.1574514944887929,12.217,57.1
13727,1937-08-04 00:00:00,-0.0272842307186499,-0.2327619922388002,0.1781935308015003,12.217,57.1
13728,1937-08-05 00:00:00,-0.033746483335059,-0.2392398699832879,0.1717469033131698,12.217,57.1
13729,1937-08-06 00:00:00,-0.0322593236784953,-0.2376957703648363,0.1731771230078455,12.217,57.1
13730,1937-08-07 00:00:00,-0.0209648310324393,-0.2265128371969612,0.1845831751320825,12.217,57.1
13731,1937-08-08 00:00:00,0.0454367279550259,-0.1600628552459305,0.2509363111559824,12.217,57.1
13732,1937-08-09 00:00:00,0.063330970315255,-0.1421952404186184,0.2688571810491285,12.217,57.1
13733,1937-08-10 00:00:00,0.0402784035133175,-0.1653248418865967,0.2458816489132317,12.217,57.1
13734,1937-08-11 00:00:00,0.0651226027326494,-0.1403805125956172,0.270625718060916,12.217,57.1
13735,1937-08-12 00:00:00,0.0253650536316674,-0.1801402706642272,0.2308703779275621,12.217,57.1
13736,1937-08-13 00:00:00,-0.0037978015902652,-0.2093286774704,0.2017330742898695,12.217,57.1
13737,1937-08-14 00:00:00,0.0042794725935262,-0.2012534614691782,0.2098124066562307,12.217,57.1
13738,1937-08-15 00:00:00,0.057645966172079,-0.1478161031499556,0.2631080354941137,12.217,57.1
13739,1937-08-16 00:00:00,0.0821731933867063,-0.1234105818108554,0.2877569685842681,12.217,57.1
13740,1937-08-17 00:00:00,0.144542325753226,-0.0612243273218002,0.3503089788282523,12.217,57.1
13741,1937-08-18 00:00:00,0.0552858278431727,-0.1503540307711333,0.2609256864574788,12.217,57.1
13742,1937-08-19 00:00:00,0.067215803656283,-0.1382098503925689,0.272641457705135,12.217,57.1
13743,1937-08-20 00:00:00,0.1158230215098275,-0.0897859216355413,0.3214319646551964,12.217,57.1
13744,1937-08-21 00:00:00,0.0215822029555084,-0.1841599956735828,0.2273244015845997,12.217,57.1
13745,1937-08-22 00:00:00,-0.0375279947806075,-0.2429807657975066,0.1679247762362915,12.217,57.1
13746,1937-08-23 00:00:00,-0.0493141810344242,-0.2548168966196046,0.1561885345507561,12.217,57.1
13747,1937-08-24 00:00:00,-0.0303153604307632,-0.2358042300601684,0.1751735091986418,12.217,57.1
13748,1937-08-25 00:00:00,-0.0311010458619458,-0.2365781220196434,0.1743760302957517,12.217,57.1
13749,1937-08-26 00:00:00,-0.0487086097219426,-0.2541924485791644,0.1567752291352792,12.217,57.1
13750,1937-08-27 00:00:00,-0.0809775116163531,-0.2864831334393093,0.124528110206603,12.217,57.1
13751,1937-08-28 00:00:00,-0.0450755652034009,-0.250564049126968,0.1604129187201662,12.217,57.1
13752,1937-08-29 00:00:00,-0.0321656040920649,-0.2377110134793809,0.1733798052952509,12.217,57.1
13753,1937-08-30 00:00:00,0.0153775203202926,-0.1900795651102522,0.2208346057508374,12.217,57.1
13754,1937-08-31 00:00:00,0.0014668829822263,-0.2039857426467982,0.2069195086112509,12.217,57.1
13755,1937-09-01 00:00:00,0.0253357972714339,-0.1801758495733931,0.230847444116261,12.217,57.1
13756,1937-09-02 00:00:00,0.0732127102351766,-0.1324638774775704,0.2788892979479238,12.217,57.1
13757,1937-09-03 00:00:00,0.1930423415625786,-0.0128981381344163,0.3989828212595735,12.217,57.1
13758,1937-09-04 00:00:00,0.0584064022639126,-0.1473962841816335,0.2642090887094589,12.217,57.1
13759,1937-09-05 00:00:00,0.0556777485656433,-0.1499648707925947,0.2613203679238814,12.217,57.1
13760,1937-09-06 00:00:00,0.1137740204464208,-0.0920755405550417,0.3196235814478834,12.217,57.1
13761,1937-09-07 00:00:00,0.2037806657080314,-0.0036387766809408,0.4112001080970038,12.217,57.1
13762,1937-09-08 00:00:00,0.3546144938684092,0.1458031457372884,0.5634258419995302,12.217,57.1
13763,1937-09-09 00:00:00,0.421680504916361,0.2134503517610383,0.6299106580716837,12.217,57.1
13764,1937-09-10 00:00:00,0.2735609561265938,0.067028276144278,0.4800936361089097,12.217,57.1
13765,1937-09-11 00:00:00,0.1359351577975913,-0.0699262304689409,0.3417965460641237,12.217,57.1
13766,1937-09-12 00:00:00,-0.0113071040740229,-0.2170589381076302,0.1944447299595842,12.217,57.1
13767,1937-09-13 00:00:00,-0.016346666635601,-0.2226897092287802,0.189996375957578,12.217,57.1
13768,1937-09-14 00:00:00,0.1978447369220405,-0.0117090013478136,0.4073984751918947,12.217,57.1
13769,1937-09-15 00:00:00,0.2294811862310792,0.0198103655266249,0.4391520069355334,12.217,57.1
13770,1937-09-16 00:00:00,0.2129692345556627,0.0070220368280098,0.4189164322833155,12.217,57.1
13771,1937-09-17 00:00:00,0.1940552224990676,-0.0120912413805406,0.4002016863786758,12.217,57.1
13772,1937-09-18 00:00:00,0.1586106561938682,-0.0471232512415876,0.3643445636293241,12.217,57.1
13773,1937-09-19 00:00:00,0.2417887875086316,0.0356597974133627,0.4479177776039005,12.217,57.1
13774,1937-09-20 00:00:00,0.1171725042596596,-0.0890819025812333,0.3234269111005527,12.217,57.1
13775,1937-09-21 00:00:00,0.1255283696223866,-0.0817981591318868,0.33285489837666,12.217,57.1
13776,1937-09-22 00:00:00,0.1710888370646331,-0.0360101873576433,0.3781878614869095,12.217,57.1
13777,1937-09-23 00:00:00,0.1186488072205172,-0.0870996293824194,0.324397243823454,12.217,57.1
13778,1937-09-24 00:00:00,0.0530292334575552,-0.1525346384408066,0.2585931053559172,12.217,57.1
13779,1937-09-25 00:00:00,0.1537222006395487,-0.0521708845921258,0.3596152858712234,12.217,57.1
13780,1937-09-26 00:00:00,0.0375935612119509,-0.1683103479325169,0.2434974703564187,12.217,57.1
13781,1937-09-27 00:00:00,-0.0192033095948341,-0.2246437290486317,0.1862371098589635,12.217,57.1
13782,1937-09-28 00:00:00,0.0496543857669048,-0.1558346049949964,0.2551433765288061,12.217,57.1
13783,1937-09-29 00:00:00,0.124376058588499,-0.0818264082675482,0.3305785254445463,12.217,57.1
13784,1937-09-30 00:00:00,0.0034601797735676,-0.2027308431967673,0.2096512027439026,12.217,57.1
13785,1937-10-01 00:00:00,0.0226566212484921,-0.1829792165735298,0.2282924590705141,12.217,57.1
13786,1937-10-02 00:00:00,0.0069600590877099,-0.1985234853811296,0.2124436035565496,12.217,57.1
13787,1937-10-03 00:00:00,-0.0116875283531784,-0.2171308830187448,0.193755826312388,12.217,57.1
13788,1937-10-04 00:00:00,-0.0281427598232659,-0.2335777362131279,0.1772922165665959,12.217,57.1
13789,1937-10-05 00:00:00,-0.138968066165983,-0.3445091477894842,0.0665730154575182,12.217,57.1
13790,1937-10-06 00:00:00,-0.1576704990082956,-0.3632488580396408,0.0479078600230495,12.217,57.1
13791,1937-10-07 00:00:00,-0.0889110496729743,-0.2944930526754075,0.1166709533294588,12.217,57.1
13792,1937-10-08 00:00:00,-0.066702497576079,-0.2722774874934492,0.1388724923412912,12.217,57.1
13793,1937-10-09 00:00:00,-0.0628135979215733,-0.2683772732152832,0.1427500773721364,12.217,57.1
13794,1937-10-10 00:00:00,-0.0692677645881044,-0.2748021334951613,0.1362666043189524,12.217,57.1
13795,1937-10-11 00:00:00,-0.0336548961261227,-0.2393937237802061,0.1720839315279608,12.217,57.1
13796,1937-10-12 00:00:00,-0.0213794412708259,-0.2269414594747838,0.184182576933132,12.217,57.1
13797,1937-10-13 00:00:00,-0.0055236961097067,-0.2112153483650078,0.2001679561455944,12.217,57.1
13798,1937-10-14 00:00:00,0.0330000305622309,-0.1724852472906775,0.2384853084151393,12.217,57.1
13799,1937-10-15 00:00:00,0.0574906389775703,-0.1481800405933087,0.2631613185484494,12.217,57.1
13800,1937-10-16 00:00:00,0.0632037212626479,-0.1428683995758965,0.2692758421011925,12.217,57.1
13801,1937-10-17 00:00:00,0.2962120872287354,0.0894602564659324,0.5029639179915384,12.217,57.1
13802,1937-10-18 00:00:00,0.1190487644827283,-0.0873681365115714,0.3254656654770282,12.217,57.1
13803,1937-10-19 00:00:00,0.0436500732289273,-0.1621781728989459,0.2494783193568006,12.217,57.1
13804,1937-10-20 00:00:00,0.0379166795919001,-0.1676544893084249,0.2434878484922252,12.217,57.1
13805,1937-10-21 00:00:00,0.0674553106339998,-0.1380952286358844,0.2730058499038841,12.217,57.1
13806,1937-10-22 00:00:00,0.1140817460376424,-0.0914392150565977,0.3196027071318827,12.217,57.1
13807,1937-10-23 00:00:00,0.1578023138133524,-0.0478132047438017,0.3634178323705066,12.217,57.1
13808,1937-10-24 00:00:00,0.2634261742069655,0.0573513916548465,0.4695009567590845,12.217,57.1
13809,1937-10-25 00:00:00,0.3065992803126435,0.0999107265434972,0.5132878340817899,12.217,57.1
13810,1937-10-26 00:00:00,0.1834243487956212,-0.0237461043327301,0.3905948019239725,12.217,57.1
13811,1937-10-27 00:00:00,0.1753335886863479,-0.0306320113495736,0.3812991887222694,12.217,57.1
13812,1937-10-28 00:00:00,0.1019439254761654,-0.1038280204696565,0.3077158714219874,12.217,57.1
13813,1937-10-29 00:00:00,0.0704232797199382,-0.1350560565304128,0.2759026159702893,12.217,57.1
13814,1937-10-30 00:00:00,0.0094481830374157,-0.1961298952724258,0.2150262613472574,12.217,57.1
13815,1937-10-31 00:00:00,0.0700591353394267,-0.1356275456612448,0.2757458163400982,12.217,57.1
13816,1937-11-01 00:00:00,-0.0365676150117885,-0.2421234621083872,0.16898823208481,12.217,57.1
13817,1937-11-02 00:00:00,0.0634099067882737,-0.1421104663009619,0.2689302798775094,12.217,57.1
13818,1937-11-03 00:00:00,0.0293050787080754,-0.1762436118153819,0.2348537692315327,12.217,57.1
13819,1937-11-04 00:00:00,-0.0124141712653725,-0.2179419682432962,0.1931136257125511,12.217,57.1
13820,1937-11-05 00:00:00,-0.0350095166228524,-0.2405045092032515,0.1704854759575466,12.217,57.1
13821,1937-11-06 00:00:00,-0.0228117050445474,-0.2283569374771437,0.1827335273880489,12.217,57.1
13822,1937-11-07 00:00:00,-0.0322621341523515,-0.2378354806943242,0.1733112123896212,12.217,57.1
13823,1937-11-08 00:00:00,0.0008667032258926,-0.2045552028909733,0.2062886093427586,12.217,57.1
13824,1937-11-09 00:00:00,0.0153341974447651,-0.1901212774418827,0.220789672331413,12.217,57.1
13825,1937-11-10 00:00:00,0.1024274329430769,-0.1056454872295416,0.3105003531156955,12.217,57.1
13826,1937-11-11 00:00:00,0.0226039923088066,-0.1863199130899347,0.231527897707548,12.217,57.1
13827,1937-11-12 00:00:00,0.017972112265575,-0.1880759578955531,0.2240201824267031,12.217,57.1
13828,1937-11-13 00:00:00,0.080656236957191,-0.1252947537226826,0.2866072276370647,12.217,57.1
13829,1937-11-14 00:00:00,0.0649167542583078,-0.1410880875787262,0.270921596095342,12.217,57.1
13830,1937-11-15 00:00:00,0.0623789799714757,-0.1431766708990276,0.2679346308419791,12.217,57.1
13831,1937-11-16 00:00:00,-0.0046801972956077,-0.2102423490054113,0.2008819544141957,12.217,57.1
13832,1937-11-17 00:00:00,-0.1079267908906203,-0.3135696469209145,0.0977160651396737,12.217,57.1
13833,1937-11-18 00:00:00,-0.0426530671379647,-0.2485421480380137,0.1632360137620843,12.217,57.1
13834,1937-11-19 00:00:00,0.0690205195693204,-0.1369319340803543,0.2749729732189953,12.217,57.1
13835,1937-11-20 00:00:00,0.1258840060067779,-0.081712479455822,0.3334804914693778,12.217,57.1
13836,1937-11-21 00:00:00,0.1829056463351397,-0.0262700369383708,0.3920813296086504,12.217,57.1
13837,1937-11-22 00:00:00,0.1440106991455978,-0.0620774276734693,0.3500988259646649,12.217,57.1
13838,1937-11-23 00:00:00,0.0715553864230065,-0.1340384418630962,0.2771492147091093,12.217,57.1
13839,1937-11-24 00:00:00,0.0195637916457223,-0.1859486985730431,0.2250762818644877,12.217,57.1
13840,1937-11-25 00:00:00,0.004601949591069,-0.2009809993611171,0.2101848985432551,12.217,57.1
13841,1937-11-26 00:00:00,0.1627635910198718,-0.0437888483518174,0.3693160303915611,12.217,57.1
13842,1937-11-27 00:00:00,0.128233358139105,-0.0780619657078274,0.3345286819860376,12.217,57.1
13843,1937-11-28 00:00:00,0.0050907653363446,-0.2015718130150981,0.2117533436877874,12.217,57.1
13844,1937-11-29 00:00:00,-0.0340983517686523,-0.2401214707830929,0.1719247672457882,12.217,57.1
13845,1937-11-30 00:00:00,0.0067721157340259,-0.1988469749182956,0.2123912063863474,12.217,57.1
13846,1937-12-01 00:00:00,0.1070230823237655,-0.0986281562628579,0.312674320910389,12.217,57.1
13847,1937-12-02 00:00:00,0.1191252113247285,-0.0865305759076392,0.3247809985570963,12.217,57.1
13848,1937-12-03 00:00:00,0.0990029170528526,-0.1070275743458064,0.3050334084515118,12.217,57.1
13849,1937-12-04 00:00:00,-0.0603484994542789,-0.2667052761584393,0.1460082772498814,12.217,57.1
13850,1937-12-05 00:00:00,-0.0251830185259866,-0.2313382752811155,0.1809722382291422,12.217,57.1
13851,1937-12-06 00:00:00,0.0075167711474522,-0.1983463557436525,0.2133798980385571,12.217,57.1
13852,1937-12-07 00:00:00,0.1210404113423124,-0.0856059329993514,0.3276867556839763,12.217,57.1
13853,1937-12-08 00:00:00,-0.0174430045078308,-0.2240996188440623,0.1892136098284007,12.217,57.1
13854,1937-12-09 00:00:00,-0.0278706593223527,-0.2335786446829676,0.1778373260382621,12.217,57.1
13855,1937-12-10 00:00:00,-0.1276103370966312,-0.3342835459908698,0.0790628717976072,12.217,57.1
13856,1937-12-11 00:00:00,0.0659226285662946,-0.1421753346845859,0.2740205918171752,12.217,57.1
13857,1937-12-12 00:00:00,0.0663441215792217,-0.1402502314198167,0.2729384745782603,12.217,57.1
13858,1937-12-13 00:00:00,0.2656672413693932,0.0587839439875799,0.4725505387512064,12.217,57.1
13859,1937-12-14 00:00:00,0.1653686628425864,-0.0414581239910041,0.3721954496761769,12.217,57.1
13860,1937-12-15 00:00:00,0.2070617925213292,0.0005889824266276,0.4135346026160307,12.217,57.1
13861,1937-12-16 00:00:00,0.0332300719511327,-0.1725463486215664,0.2390064925238319,12.217,57.1
13862,1937-12-17 00:00:00,-0.0476660835850931,-0.2539677605602625,0.1586355933900761,12.217,57.1
13863,1937-12-18 00:00:00,-0.0808157165675931,-0.2889963369577051,0.1273649038225187,12.217,57.1
13864,1937-12-19 00:00:00,-0.0617948193669713,-0.2679931973601221,0.1444035586261794,12.217,57.1
13865,1937-12-20 00:00:00,-0.0571941687953577,-0.2628239400565803,0.1484356024658649,12.217,57.1
13866,1937-12-21 00:00:00,-0.0547371632202602,-0.2602910507723408,0.1508167243318204,12.217,57.1
13867,1937-12-22 00:00:00,0.0117686553809037,-0.1938089550673413,0.2173462658291489,12.217,57.1
13868,1937-12-23 00:00:00,0.0507529818606657,-0.1549201401216711,0.2564261038430025,12.217,57.1
13869,1937-12-24 00:00:00,0.0563841133528281,-0.1492631141733176,0.262031340878974,12.217,57.1
13870,1937-12-25 00:00:00,-0.0172793398675259,-0.2231347456601145,0.1885760659250626,12.217,57.1
13871,1937-12-26 00:00:00,-0.107265927612169,-0.3133440538295443,0.0988121986052062,12.217,57.1
13872,1937-12-27 00:00:00,-0.1281863356143211,-0.3339284835005869,0.0775558122719446,12.217,57.1
13873,1937-12-28 00:00:00,-0.0772364013627849,-0.2829015155104199,0.1284287127848499,12.217,57.1
13874,1937-12-29 00:00:00,-0.1006817769849475,-0.3066284143392971,0.105264860369402,12.217,57.1
13875,1937-12-30 00:00:00,-0.1361028816548383,-0.3418978686473529,0.0696921053376762,12.217,57.1
13876,1937-12-31 00:00:00,-0.0956879999990161,-0.3016956708358514,0.1103196708378192,12.217,57.1
13877,1938-01-01 00:00:00,-0.0186794082406739,-0.2262179307922207,0.1888591143108727,12.217,57.1
13878,1938-01-02 00:00:00,-0.1737326813374267,-0.3806005791734056,0.033135216498552,12.217,57.1
13879,1938-01-03 00:00:00,-0.1484339071239168,-0.3539485471283407,0.0570807328805071,12.217,57.1
13880,1938-01-04 00:00:00,-0.112952300278063,-0.3190041395338383,0.0930995389777121,12.217,57.1
13881,1938-01-05 00:00:00,-0.018202684815614,-0.2245052414987784,0.1880998718675502,12.217,57.1
13882,1938-01-06 00:00:00,0.1010992539243611,-0.1053756442820025,0.3075741521307249,12.217,57.1
13883,1938-01-07 00:00:00,0.080410895221906,-0.1253901057242377,0.2862118961680498,12.217,57.1
13884,1938-01-08 00:00:00,0.1284963460412875,-0.0771854009259777,0.3341780930085528,12.217,57.1
13885,1938-01-09 00:00:00,0.147882462935032,-0.0579609857826967,0.3537259116527608,12.217,57.1
13886,1938-01-10 00:00:00,0.1890925842432593,-0.0176083629571545,0.3957935314436731,12.217,57.1
13887,1938-01-11 00:00:00,0.1697274127355561,-0.0372239933050158,0.3766788187761281,12.217,57.1
13888,1938-01-12 00:00:00,0.0450673580469332,-0.1606248926164405,0.250759608710307,12.217,57.1
13889,1938-01-13 00:00:00,0.1187407089178131,-0.0868531517853442,0.3243345696209704,12.217,57.1
13890,1938-01-14 00:00:00,0.2358137074538585,0.0288348683547575,0.4427925465529596,12.217,57.1
13891,1938-01-15 00:00:00,0.2188989724600912,0.0126875620972821,0.4251103828229003,12.217,57.1
13892,1938-01-16 00:00:00,0.351016824239886,0.1433406066751004,0.5586930418046716,12.217,57.1
13893,1938-01-17 00:00:00,0.2323932280629426,0.0241228860415143,0.4406635700843709,12.217,57.1
13894,1938-01-18 00:00:00,0.3349341104327151,0.1273203785338864,0.5425478423315437,12.217,57.1
13895,1938-01-19 00:00:00,0.1507550515833264,-0.0552855087496707,0.3567956119163236,12.217,57.1
13896,1938-01-20 00:00:00,0.1793201209640498,-0.0268379396632995,0.3854781815913991,12.217,57.1
13897,1938-01-21 00:00:00,0.0042057667107084,-0.2015832632614272,0.2099947966828441,12.217,57.1
13898,1938-01-22 00:00:00,0.122081529727801,-0.0847868205293381,0.3289498799849402,12.217,57.1
13899,1938-01-23 00:00:00,0.1419056930802827,-0.0642728865874077,0.3480842727479732,12.217,57.1
13900,1938-01-24 00:00:00,0.1712082007263758,-0.0364568690433612,0.3788732704961128,12.217,57.1
13901,1938-01-25 00:00:00,0.2742117327189753,0.0666211551372009,0.4818023103007497,12.217,57.1
13902,1938-01-26 00:00:00,0.4581808160804946,0.2506988201911043,0.665662811969885,12.217,57.1
13903,1938-01-27 00:00:00,0.3626640784061743,0.1557867349493897,0.5695414218629589,12.217,57.1
13904,1938-01-28 00:00:00,0.1197862730699086,-0.0860509789535576,0.325623525093375,12.217,57.1
13905,1938-01-29 00:00:00,0.4850259419914797,0.267906857991047,0.7021450259919124,12.217,57.1
13906,1938-01-30 00:00:00,0.7695164750585023,0.5535453995128692,0.9854875506041354,12.217,57.1
13907,1938-01-31 00:00:00,0.3850140003177619,0.1777118820681881,0.5923161185673357,12.217,57.1
13908,1938-02-01 00:00:00,0.2942426625397018,0.0864217628880886,0.502063562191315,12.217,57.1
13909,1938-02-02 00:00:00,0.5048255440745526,0.2935227524534733,0.7161283356956318,12.217,57.1
13910,1938-02-03 00:00:00,0.4792948205309703,0.2709508584040874,0.6876387826578532,12.217,57.1
13911,1938-02-04 00:00:00,0.2618013791005034,0.0554737932760659,0.4681289649249408,12.217,57.1
13912,1938-02-05 00:00:00,0.2353017705639797,0.0294741647943866,0.4411293763335727,12.217,57.1
13913,1938-02-06 00:00:00,0.2012552958901803,-0.0045844541806434,0.4070950459610042,12.217,57.1
13914,1938-02-07 00:00:00,0.0170543212320496,-0.1888665368592262,0.2229751793233254,12.217,57.1
13915,1938-02-08 00:00:00,-0.0637573385517825,-0.2693676518312872,0.1418529747277222,12.217,57.1
13916,1938-02-09 00:00:00,0.0516388015545773,-0.1539291145755242,0.257206717684679,12.217,57.1
13917,1938-02-10 00:00:00,0.1630853087852919,-0.0428296079264112,0.369000225496995,12.217,57.1
13918,1938-02-11 00:00:00,0.1211575272513568,-0.0856459048993292,0.3279609594020429,12.217,57.1
13919,1938-02-12 00:00:00,-0.0042323066208071,-0.2114082811153904,0.2029436678737761,12.217,57.1
13920,1938-02-13 00:00:00,-0.0039952492966289,-0.2102711085557543,0.2022806099624963,12.217,57.1
13921,1938-02-14 00:00:00,-0.1359769678915156,-0.342463003590969,0.0705090678079378,12.217,57.1
13922,1938-02-15 00:00:00,-0.1940794467967836,-0.4000729249069507,0.0119140313133833,12.217,57.1
13923,1938-02-16 00:00:00,-0.1409521684646011,-0.3469214295958784,0.065017092666676,12.217,57.1
13924,1938-02-17 00:00:00,-0.1427546329038327,-0.3483145560069355,0.06280529019927,12.217,57.1
13925,1938-02-18 00:00:00,-0.1125620978854594,-0.3182129051411527,0.0930887093702337,12.217,57.1
13926,1938-02-19 00:00:00,-0.1116291724013711,-0.3172550689859704,0.093996724183228,12.217,57.1
13927,1938-02-20 00:00:00,-0.0739252117932924,-0.279788933274449,0.1319385096878642,12.217,57.1
13928,1938-02-21 00:00:00,-0.0480239365558586,-0.2537848576446654,0.1577369845329481,12.217,57.1
13929,1938-02-22 00:00:00,-0.003236215629447,-0.2089890208050886,0.2025165895461944,12.217,57.1
13930,1938-02-23 00:00:00,0.0288155609625942,-0.1770210106326641,0.2346521325578526,12.217,57.1
13931,1938-02-24 00:00:00,-0.0511080787912737,-0.2566961148997317,0.1544799573171842,12.217,57.1
13932,1938-02-25 00:00:00,-0.0188343042367369,-0.2243564458625383,0.1866878373890643,12.217,57.1
13933,1938-02-26 00:00:00,0.0213523119614959,-0.1841675565763962,0.2268721804993881,12.217,57.1
13934,1938-02-27 00:00:00,0.0651318273279485,-0.1403806397834676,0.2706442944393648,12.217,57.1
13935,1938-02-28 00:00:00,0.0852932342639394,-0.1203616422742883,0.2909481108021673,12.217,57.1
13936,1938-03-01 00:00:00,0.2011037943636583,-0.0048095861118008,0.4070171748391175,12.217,57.1
13937,1938-03-02 00:00:00,0.3439644467551556,0.137305080662831,0.5506238128474802,12.217,57.1
13938,1938-03-03 00:00:00,0.2750524675183909,0.0667773575100353,0.4833275775267466,12.217,57.1
13939,1938-03-04 00:00:00,0.3307250557063059,0.1228985339543834,0.5385515774582285,12.217,57.1
13940,1938-03-05 00:00:00,0.3828015540589943,0.1728619049942855,0.5927412031237032,12.217,57.1
13941,1938-03-06 00:00:00,0.5072777748296937,0.2958345675106422,0.7187209821487452,12.217,57.1
13942,1938-03-07 00:00:00,0.2514892876882902,0.0429083470372204,0.46007022833936,12.217,57.1
13943,1938-03-08 00:00:00,0.0417854388575877,-0.1643128756651865,0.2478837533803621,12.217,57.1
13944,1938-03-09 00:00:00,0.2981679327666886,0.0922325198566144,0.5041033456767628,12.217,57.1
13945,1938-03-10 00:00:00,0.360058901903772,0.1541132259390218,0.5660045778685223,12.217,57.1
13946,1938-03-11 00:00:00,0.1527398702725089,-0.0534641183951985,0.3589438589402163,12.217,57.1
13947,1938-03-12 00:00:00,-0.0600456727073942,-0.2661673065992814,0.1460759611844929,12.217,57.1
13948,1938-03-13 00:00:00,-0.0626957108115951,-0.2682433494530399,0.1428519278298497,12.217,57.1
13949,1938-03-14 00:00:00,-0.0081171762799324,-0.2137797085425634,0.1975453559826985,12.217,57.1
13950,1938-03-15 00:00:00,0.1229087957644766,-0.0826856517936277,0.3285032433225811,12.217,57.1
13951,1938-03-16 00:00:00,0.2071434315155853,0.0007377753273846,0.413549087703786,12.217,57.1
13952,1938-03-17 00:00:00,0.4060501298454204,0.1994204834415296,0.6126797762493111,12.217,57.1
13953,1938-03-18 00:00:00,0.1523679547039457,-0.055021531149826,0.3597574405577174,12.217,57.1
13954,1938-03-19 00:00:00,0.2528463576169412,0.047025391470746,0.4586673237631363,12.217,57.1
13955,1938-03-20 00:00:00,0.3570536128264157,0.1504184793946431,0.5636887462581883,12.217,57.1
13956,1938-03-21 00:00:00,0.2467209659125157,0.039800699908775,0.4536412319162562,12.217,57.1
13957,1938-03-22 00:00:00,0.2179204327822776,0.0117062220360543,0.4241346435285009,12.217,57.1
13958,1938-03-23 00:00:00,0.02921127487377,-0.1765777605064892,0.2350003102540293,12.217,57.1
13959,1938-03-24 00:00:00,0.074871008915704,-0.1307279689534281,0.2804699867848361,12.217,57.1
13960,1938-03-25 00:00:00,0.1744976669487572,-0.0314968144292819,0.3804921483267963,12.217,57.1
13961,1938-03-26 00:00:00,0.2566603424482898,0.0500368759424917,0.4632838089540879,12.217,57.1
13962,1938-03-27 00:00:00,0.208790474421274,0.0029332934195906,0.4146476554229575,12.217,57.1
13963,1938-03-28 00:00:00,0.0704515434559365,-0.1352232980193387,0.2761263849312119,12.217,57.1
13964,1938-03-29 00:00:00,0.0254865012208093,-0.1812409139483946,0.2322139163900133,12.217,57.1
13965,1938-03-30 00:00:00,0.3977701389590629,0.1896678854277372,0.6058723924903885,12.217,57.1
13966,1938-03-31 00:00:00,0.1780034942587081,-0.0279252527645007,0.3839322412819169,12.217,57.1
13967,1938-04-01 00:00:00,0.3291217195368358,0.1226464762183316,0.5355969628553399,12.217,57.1
13968,1938-04-02 00:00:00,0.3655713168928883,0.158911273957909,0.5722313598278677,12.217,57.1
13969,1938-04-03 00:00:00,0.4130008621399588,0.2061461366396008,0.6198555876403169,12.217,57.1
13970,1938-04-04 00:00:00,0.6115389947999051,0.3955318550242215,0.8275461345755888,12.217,57.1
13971,1938-04-05 00:00:00,0.2274465524971076,0.0145983160176319,0.4402947889765833,12.217,57.1
13972,1938-04-06 00:00:00,0.2182149699643083,0.0123851714970984,0.4240447684315181,12.217,57.1
13973,1938-04-07 00:00:00,0.3349654679733773,0.1288789283117488,0.5410520076350057,12.217,57.1
13974,1938-04-08 00:00:00,0.3559801801732579,0.1492171938957446,0.5627431664507712,12.217,57.1
13975,1938-04-09 00:00:00,0.1055801882284147,-0.102729161641247,0.3138895380980766,12.217,57.1
13976,1938-04-10 00:00:00,0.0197458269335454,-0.1877629919685549,0.2272546458356457,12.217,57.1
13977,1938-04-11 00:00:00,-0.1129384442069106,-0.3186380546632723,0.092761166249451,12.217,57.1
13978,1938-04-12 00:00:00,-0.0625169137670701,-0.2680718696782623,0.1430380421441219,12.217,57.1
13979,1938-04-13 00:00:00,0.025436521873291,-0.1804872423221717,0.2313602860687537,12.217,57.1
13980,1938-04-14 00:00:00,0.1054607860160705,-0.1007238702586102,0.3116454422907513,12.217,57.1
13981,1938-04-15 00:00:00,0.0317230276886263,-0.1738998974608547,0.2373459528381074,12.217,57.1
13982,1938-04-16 00:00:00,0.0060957981762797,-0.1994004889792852,0.2115920853318447,12.217,57.1
13983,1938-04-17 00:00:00,0.0886315395105026,-0.1171676758744516,0.2944307548954569,12.217,57.1
13984,1938-04-18 00:00:00,0.1960688136804096,-0.0107705959699937,0.4029082233308131,12.217,57.1
13985,1938-04-19 00:00:00,0.095461045050825,-0.1113099766093508,0.302232066711001,12.217,57.1
13986,1938-04-20 00:00:00,-0.0154744675124997,-0.221215056028339,0.1902661210033396,12.217,57.1
13987,1938-04-21 00:00:00,-0.0567191478869833,-0.2622360312062503,0.1487977354322835,12.217,57.1
13988,1938-04-22 00:00:00,-0.0075613669759939,-0.2131735624323348,0.1980508284803469,12.217,57.1
13989,1938-04-23 00:00:00,-0.017612996816442,-0.2237515355858355,0.1885255419529515,12.217,57.1
13990,1938-04-24 00:00:00,0.0056602117188309,-0.2004355379099331,0.211755961347595,12.217,57.1
13991,1938-04-25 00:00:00,-0.0286423761544485,-0.2343170572066764,0.1770323048977792,12.217,57.1
13992,1938-04-26 00:00:00,-0.0112366199467942,-0.2167264128880451,0.1942531729944567,12.217,57.1
13993,1938-04-27 00:00:00,-0.0300249543867421,-0.2354676569097627,0.1754177481362784,12.217,57.1
13994,1938-04-28 00:00:00,-0.0117549231800988,-0.2171981815201145,0.1936883351599169,12.217,57.1
13995,1938-04-29 00:00:00,0.03423164938498,-0.1712919172500199,0.23975521601998,12.217,57.1
13996,1938-04-30 00:00:00,0.0119355273811685,-0.1938510707314914,0.2177221254938285,12.217,57.1
13997,1938-05-01 00:00:00,-0.070754240898629,-0.276653782210806,0.1351453004135479,12.217,57.1
13998,1938-05-02 00:00:00,-0.0895617137823024,-0.2952844059236029,0.116160978358998,12.217,57.1
13999,1938-05-03 00:00:00,-0.0257501570314665,-0.2316415278750974,0.1801412138121644,12.217,57.1
14000,1938-05-04 00:00:00,-0.0503187644993358,-0.2560596535552364,0.1554221245565646,12.217,57.1
14001,1938-05-05 00:00:00,-0.0014682215419664,-0.2071395508748834,0.2042031077909505,12.217,57.1
14002,1938-05-06 00:00:00,0.0698748269675672,-0.1358482208529072,0.2755978747880416,12.217,57.1
14003,1938-05-07 00:00:00,0.1221537055952026,-0.0837732113226496,0.3280806225130549,12.217,57.1
14004,1938-05-08 00:00:00,0.3308867969884128,0.1239012270934283,0.5378723668833971,12.217,57.1
14005,1938-05-09 00:00:00,0.333044605786639,0.1255000143119757,0.5405891972613023,12.217,57.1
14006,1938-05-10 00:00:00,0.1979761893744854,-0.0087399092800911,0.404692288029062,12.217,57.1
14007,1938-05-11 00:00:00,0.0894329441550352,-0.1167416126958798,0.2956075010059503,12.217,57.1
14008,1938-05-12 00:00:00,0.0444813300702935,-0.1613188640699605,0.2502815242105475,12.217,57.1
14009,1938-05-13 00:00:00,0.0550936198705923,-0.1513159527249602,0.2615031924661449,12.217,57.1
14010,1938-05-14 00:00:00,0.0664357338265357,-0.1396926436015319,0.2725641112546035,12.217,57.1
14011,1938-05-15 00:00:00,0.0535586338698532,-0.15271569636481,0.2598329641045167,12.217,57.1
14012,1938-05-16 00:00:00,0.0705871510160936,-0.1351211433856682,0.2762954454178554,12.217,57.1
14013,1938-05-17 00:00:00,0.0493216558915924,-0.1562767394898976,0.2549200512730825,12.217,57.1
14014,1938-05-18 00:00:00,0.0703498998299448,-0.1354161213744546,0.2761159210343444,12.217,57.1
14015,1938-05-19 00:00:00,0.0560516463050378,-0.1499769599276039,0.2620802525376796,12.217,57.1
14016,1938-05-20 00:00:00,0.0124167931866504,-0.1935370687738226,0.2183706551471234,12.217,57.1
14017,1938-05-21 00:00:00,-0.0423890673544547,-0.248397667683226,0.1636195329743165,12.217,57.1
14018,1938-05-22 00:00:00,-0.1008877876546833,-0.3072915826797633,0.1055160073703965,12.217,57.1
14019,1938-05-23 00:00:00,-0.0781778372384351,-0.2841742266157736,0.1278185521389033,12.217,57.1
14020,1938-05-24 00:00:00,0.0512083013579116,-0.1544843931041354,0.2569009958199588,12.217,57.1
14021,1938-05-25 00:00:00,0.068633720494973,-0.1373447250825185,0.2746121660724646,12.217,57.1
14022,1938-05-26 00:00:00,0.1828142596426994,-0.0228891598318582,0.3885176791172572,12.217,57.1
14023,1938-05-27 00:00:00,0.0870700746907378,-0.1188548022712204,0.2929949516526962,12.217,57.1
14024,1938-05-28 00:00:00,0.0743693041775097,-0.1314791220730586,0.280217730428078,12.217,57.1
14025,1938-05-29 00:00:00,0.0732423357632478,-0.1328413836162641,0.2793260551427597,12.217,57.1
14026,1938-05-30 00:00:00,0.0940228363265107,-0.1126806482627627,0.3007263209157842,12.217,57.1
14027,1938-05-31 00:00:00,0.1375141024294098,-0.0697220791786637,0.3447502840374835,12.217,57.1
14028,1938-06-01 00:00:00,0.1239866418600345,-0.0820486808777281,0.3300219645977973,12.217,57.1
14029,1938-06-02 00:00:00,0.134134556843088,-0.0718353739603891,0.3401044876465652,12.217,57.1
14030,1938-06-03 00:00:00,0.07716779004054,-0.1285517461164555,0.2828873261975355,12.217,57.1
14031,1938-06-04 00:00:00,0.0862110949091575,-0.1194748728369224,0.2918970626552375,12.217,57.1
14032,1938-06-05 00:00:00,0.0660452257138982,-0.1399013526177143,0.2719918040455108,12.217,57.1
14033,1938-06-06 00:00:00,0.0995991407206012,-0.1063471243262356,0.3055454057674381,12.217,57.1
14034,1938-06-07 00:00:00,0.0604334429750274,-0.1455160304148095,0.2663829163648645,12.217,57.1
14035,1938-06-08 00:00:00,0.0487139865681183,-0.157130895301222,0.2545588684374587,12.217,57.1
14036,1938-06-09 00:00:00,0.0376473633562596,-0.1680481743189519,0.2433429010314712,12.217,57.1
14037,1938-06-10 00:00:00,0.0200492658612478,-0.1855855342207935,0.2256840659432892,12.217,57.1
14038,1938-06-11 00:00:00,0.0905114745279701,-0.1150032180859352,0.2960261671418756,12.217,57.1
14039,1938-06-12 00:00:00,0.0728855692436295,-0.1327953716258381,0.2785665101130972,12.217,57.1
14040,1938-06-13 00:00:00,0.002931155835597,-0.2027236477416795,0.2085859594128736,12.217,57.1
14041,1938-06-14 00:00:00,0.0577575684314632,-0.1477917634557573,0.2633069003186838,12.217,57.1
14042,1938-06-15 00:00:00,0.1519792496532584,-0.0536807098662668,0.3576392091727836,12.217,57.1
14043,1938-06-16 00:00:00,0.1757412109354566,-0.0301719147881584,0.3816543366590717,12.217,57.1
14044,1938-06-17 00:00:00,0.1433231601001428,-0.0627160235423708,0.3493623437426564,12.217,57.1
14045,1938-06-18 00:00:00,0.0919748256288237,-0.1138156715935718,0.2977653228512192,12.217,57.1
14046,1938-06-19 00:00:00,0.0981541090929622,-0.1073537307638779,0.3036619489498025,12.217,57.1
14047,1938-06-20 00:00:00,0.1540435167605436,-0.0517675049959262,0.3598545385170134,12.217,57.1
14048,1938-06-21 00:00:00,0.338222913854262,0.1314950765551465,0.5449507511533775,12.217,57.1
14049,1938-06-22 00:00:00,0.1248312790553612,-0.0814210324173227,0.3310835905280452,12.217,57.1
14050,1938-06-23 00:00:00,0.1949866402752265,-0.0115128200275785,0.4014861005780317,12.217,57.1
14051,1938-06-24 00:00:00,0.1567794690118686,-0.0497097863900084,0.3632687244137457,12.217,57.1
14052,1938-06-25 00:00:00,0.1224266519361672,-0.0833643598339398,0.3282176637062742,12.217,57.1
14053,1938-06-26 00:00:00,0.2839664841522931,0.0778175092787359,0.4901154590258502,12.217,57.1
14054,1938-06-27 00:00:00,0.3880509147347942,0.1799936282268613,0.5961082012427271,12.217,57.1
14055,1938-06-28 00:00:00,0.2433825747330172,0.0371406456031896,0.4496245038628448,12.217,57.1
14056,1938-06-29 00:00:00,0.4573642935479661,0.2507979426551505,0.6639306444407818,12.217,57.1
14057,1938-06-30 00:00:00,0.5672181495851794,0.3594930889407679,0.7749432102295908,12.217,57.1
14058,1938-07-01 00:00:00,0.1483259884405802,-0.0589527383429742,0.3556047152241348,12.217,57.1
14059,1938-07-02 00:00:00,0.0166592905541745,-0.1899447921570775,0.2232633732654265,12.217,57.1
14060,1938-07-03 00:00:00,0.0097416893318063,-0.1964322712081467,0.2159156498717595,12.217,57.1
14061,1938-07-04 00:00:00,0.1143857599669703,-0.0912280920528726,0.3199996119868133,12.217,57.1
14062,1938-07-05 00:00:00,0.1469819107228082,-0.0586134485512254,0.3525772699968418,12.217,57.1
14063,1938-07-06 00:00:00,0.1926413370274594,-0.0133232338731459,0.3986059079280649,12.217,57.1
14064,1938-07-07 00:00:00,0.0957693335540473,-0.109877908853414,0.3014165759615087,12.217,57.1
14065,1938-07-08 00:00:00,0.0161508828835351,-0.1901263154354925,0.2224280812025628,12.217,57.1
14066,1938-07-09 00:00:00,0.1463751949835863,-0.0595542313416251,0.3523046213087978,12.217,57.1
14067,1938-07-10 00:00:00,0.0410912130047325,-0.164741700427627,0.246924126437092,12.217,57.1
14068,1938-07-11 00:00:00,0.0959885703906217,-0.109568873958014,0.3015460147392576,12.217,57.1
14069,1938-07-12 00:00:00,0.1462876727137732,-0.0593300423520981,0.3519053877796445,12.217,57.1
14070,1938-07-13 00:00:00,0.1053253503141167,-0.1001436787881819,0.3107943794164153,12.217,57.1
14071,1938-07-14 00:00:00,0.0350768832770129,-0.1704004698197381,0.240554236373764,12.217,57.1
14072,1938-07-15 00:00:00,0.0516043605897806,-0.1540247691395816,0.257233490319143,12.217,57.1
14073,1938-07-16 00:00:00,0.0247890911148685,-0.1807921099770947,0.2303702922068317,12.217,57.1
14074,1938-07-17 00:00:00,0.0100595292791485,-0.195411683206369,0.2155307417646661,12.217,57.1
14075,1938-07-18 00:00:00,0.036552083389142,-0.1690718884368528,0.242176055215137,12.217,57.1
14076,1938-07-19 00:00:00,0.0959820624052278,-0.1095491828342944,0.30151330764475,12.217,57.1
14077,1938-07-20 00:00:00,0.0739798323475811,-0.1315120699894285,0.2794717346845908,12.217,57.1
14078,1938-07-21 00:00:00,0.0450851327809878,-0.1603388966064076,0.2505091621683833,12.217,57.1
14079,1938-07-22 00:00:00,0.0129759683861683,-0.1924766655802236,0.2184286023525602,12.217,57.1
14080,1938-07-23 00:00:00,-0.0160980801388862,-0.2215479091473782,0.1893517488696057,12.217,57.1
14081,1938-07-24 00:00:00,0.0204116364272002,-0.1850679593022086,0.2258912321566091,12.217,57.1
14082,1938-07-25 00:00:00,-0.0057059250748405,-0.2112097203823592,0.1997978702326781,12.217,57.1
14083,1938-07-26 00:00:00,0.0509440224356129,-0.1546108241955538,0.2564988690667796,12.217,57.1
14084,1938-07-27 00:00:00,0.0528846913129469,-0.1527678213889174,0.2585372040148113,12.217,57.1
14085,1938-07-28 00:00:00,0.024353804765892,-0.1812947442225419,0.230002353754326,12.217,57.1
14086,1938-07-29 00:00:00,0.0914567621867596,-0.1140107766517101,0.2969243010252293,12.217,57.1
14087,1938-07-30 00:00:00,0.0512994364655245,-0.1542495514884894,0.2568484244195386,12.217,57.1
14088,1938-07-31 00:00:00,0.0625118489242975,-0.1436267931030503,0.2686504909516454,12.217,57.1
14089,1938-08-01 00:00:00,0.0435657408877396,-0.1622907619975395,0.2494222437730187,12.217,57.1
14090,1938-08-02 00:00:00,-0.054341707116827,-0.2601311775376373,0.1514477633039832,12.217,57.1
14091,1938-08-03 00:00:00,-0.0615297312859841,-0.2670176421124658,0.1439581795404975,12.217,57.1
14092,1938-08-04 00:00:00,-0.056398131849029,-0.2619839994316659,0.1491877357336077,12.217,57.1
14093,1938-08-05 00:00:00,-0.0274692460843467,-0.2330744558714699,0.1781359637027765,12.217,57.1
14094,1938-08-06 00:00:00,-0.0160094280293943,-0.2215723047092903,0.1895534486505017,12.217,57.1
14095,1938-08-07 00:00:00,-0.0287768317244455,-0.2342428016635697,0.1766891382146786,12.217,57.1
14096,1938-08-08 00:00:00,-0.034236292002888,-0.2396790126273267,0.1712064286215505,12.217,57.1
14097,1938-08-09 00:00:00,-0.0252205393135275,-0.2306852663916518,0.1802441877645967,12.217,57.1
14098,1938-08-10 00:00:00,-0.0219173706811845,-0.2273712177652469,0.1835364764028778,12.217,57.1
14099,1938-08-11 00:00:00,-0.0165992180644599,-0.22202327751459,0.1888248413856701,12.217,57.1
14100,1938-08-12 00:00:00,0.0086400853039753,-0.1968159677020354,0.2140961383099862,12.217,57.1
14101,1938-08-13 00:00:00,0.014702257112137,-0.1907972654442922,0.2202017796685663,12.217,57.1
14102,1938-08-14 00:00:00,0.046332270187739,-0.1591230024533352,0.2517875428288132,12.217,57.1
14103,1938-08-15 00:00:00,0.0468036585930318,-0.1586463152081352,0.2522536323941989,12.217,57.1
14104,1938-08-16 00:00:00,0.0774826500456552,-0.1281081845088915,0.283073484600202,12.217,57.1
14105,1938-08-17 00:00:00,0.1832772615380685,-0.0224018472104921,0.3889563702866292,12.217,57.1
14106,1938-08-18 00:00:00,0.3577594084479955,0.1516574717559498,0.5638613451400412,12.217,57.1
14107,1938-08-19 00:00:00,0.4970323726502018,0.2902237433321618,0.7038410019682417,12.217,57.1
14108,1938-08-20 00:00:00,0.3427657640641527,0.1355994122743558,0.5499321158539496,12.217,57.1
14109,1938-08-21 00:00:00,0.3242269379002488,0.116599887844645,0.5318539879558527,12.217,57.1
14110,1938-08-22 00:00:00,0.0738193965059155,-0.1320551569537554,0.2796939499655865,12.217,57.1
14111,1938-08-23 00:00:00,0.0508753271898311,-0.154620356048806,0.2563710104284684,12.217,57.1
14112,1938-08-24 00:00:00,-0.0520766815832124,-0.2576884290927683,0.1535350659263434,12.217,57.1
14113,1938-08-25 00:00:00,-0.0808872251500021,-0.2876079393754005,0.1258334890753962,12.217,57.1
14114,1938-08-26 00:00:00,-0.097493002479286,-0.304320665357107,0.1093346603985349,12.217,57.1
14115,1938-08-27 00:00:00,-0.0211183684949561,-0.2273552187904683,0.1851184818005561,12.217,57.1
14116,1938-08-28 00:00:00,0.095981271437373,-0.109809824514919,0.3017723673896652,12.217,57.1
14117,1938-08-29 00:00:00,0.0773770410854034,-0.1281754841460553,0.2829295663168623,12.217,57.1
14118,1938-08-30 00:00:00,0.028079406406884,-0.1776722924879905,0.2338311053017586,12.217,57.1
14119,1938-08-31 00:00:00,0.0360513678200285,-0.1700047860403679,0.2421075216804251,12.217,57.1
14120,1938-09-01 00:00:00,0.0572272285637271,-0.1491885324169063,0.2636429895443606,12.217,57.1
14121,1938-09-02 00:00:00,0.0151018423373018,-0.1914617867587289,0.2216654714333326,12.217,57.1
14122,1938-09-03 00:00:00,0.079085226505501,-0.1269880264966972,0.2851584795076993,12.217,57.1
14123,1938-09-04 00:00:00,0.0768120048864115,-0.1289283817304984,0.2825523915033215,12.217,57.1
14124,1938-09-05 00:00:00,0.0118030077122206,-0.1936731520805551,0.2172791675049965,12.217,57.1
14125,1938-09-06 00:00:00,-0.0570895347844397,-0.262797364494093,0.1486182949252135,12.217,57.1
14126,1938-09-07 00:00:00,0.0337868831469462,-0.1722374530499038,0.2398112193437964,12.217,57.1
14127,1938-09-08 00:00:00,0.0061083080340516,-0.1998737536236628,0.212090369691766,12.217,57.1
14128,1938-09-09 00:00:00,-0.047347898465513,-0.2531628461681349,0.1584670492371088,12.217,57.1
14129,1938-09-10 00:00:00,-0.0597297927694789,-0.2652692479167903,0.1458096623778324,12.217,57.1
14130,1938-09-11 00:00:00,0.0143954392636732,-0.1911560912216077,0.2199469697489542,12.217,57.1
14131,1938-09-12 00:00:00,0.1139182403302596,-0.0917794840394815,0.3196159647000008,12.217,57.1
14132,1938-09-13 00:00:00,0.2928690867100065,0.086730809495246,0.499007363924767,12.217,57.1
14133,1938-09-14 00:00:00,0.3252223108038111,0.1144266470980999,0.5360179745095224,12.217,57.1
14134,1938-09-15 00:00:00,0.0883080209293371,-0.118579134603777,0.2951951764624514,12.217,57.1
14135,1938-09-16 00:00:00,0.0321198239617311,-0.1734073555774787,0.2376470035009411,12.217,57.1
14136,1938-09-17 00:00:00,0.0734848606950791,-0.1321356944095479,0.2791054157997062,12.217,57.1
14137,1938-09-18 00:00:00,0.2102747483908267,0.0044407848248524,0.416108711956801,12.217,57.1
14138,1938-09-19 00:00:00,0.1914331999985141,-0.0143998167189984,0.3972662167160266,12.217,57.1
14139,1938-09-20 00:00:00,0.0929806780310938,-0.1127205384866868,0.2986818945488745,12.217,57.1
14140,1938-09-21 00:00:00,0.0587999092459606,-0.1467340572502779,0.2643338757421992,12.217,57.1
14141,1938-09-22 00:00:00,0.1180792550682016,-0.0876120190928863,0.3237705292292897,12.217,57.1
14142,1938-09-23 00:00:00,0.009947278031314,-0.1958249992838706,0.2157195553464987,12.217,57.1
14143,1938-09-24 00:00:00,0.0147019565549669,-0.1908216048637362,0.2202255179736702,12.217,57.1
14144,1938-09-25 00:00:00,0.011233059091563,-0.1942915299093457,0.2167576480924718,12.217,57.1
14145,1938-09-26 00:00:00,0.0558345654601143,-0.1497321970037096,0.2614013279239383,12.217,57.1
14146,1938-09-27 00:00:00,0.0393114606975668,-0.1662044286833642,0.2448273500784979,12.217,57.1
14147,1938-09-28 00:00:00,0.0050969608597748,-0.2003973655090922,0.2105912872286419,12.217,57.1
14148,1938-09-29 00:00:00,0.0362180884103311,-0.1692345614875727,0.2416707383082349,12.217,57.1
14149,1938-09-30 00:00:00,0.0135581235149352,-0.1918750558558138,0.2189913028856843,12.217,57.1
14150,1938-10-01 00:00:00,0.0052829975843722,-0.200123861024351,0.2106898561930954,12.217,57.1
14151,1938-10-02 00:00:00,0.0358509304388014,-0.1696054424896326,0.2413073033672355,12.217,57.1
14152,1938-10-03 00:00:00,0.121239753152979,-0.0849711147611675,0.3274506210671256,12.217,57.1
14153,1938-10-04 00:00:00,0.2041353585261303,-0.0019691349023062,0.4102398519545669,12.217,57.1
14154,1938-10-05 00:00:00,0.5326066444706763,0.3170420308768042,0.7481712580645483,12.217,57.1
14155,1938-10-06 00:00:00,0.4786921912383609,0.2678705401576519,0.6895138423190699,12.217,57.1
14156,1938-10-07 00:00:00,0.3052258039303322,0.0977206159885173,0.512730991872147,12.217,57.1
14157,1938-10-08 00:00:00,0.3309820383656642,0.1222666783685232,0.5396973983628053,12.217,57.1
14158,1938-10-09 00:00:00,0.4001870069076624,0.1915468444404126,0.6088271693749121,12.217,57.1
14159,1938-10-10 00:00:00,0.4595791983633293,0.2519871998961707,0.667171196830488,12.217,57.1
14160,1938-10-11 00:00:00,0.3287496417554576,0.1223032042704671,0.5351960792404481,12.217,57.1
14161,1938-10-12 00:00:00,0.247093518113964,0.0410408650046021,0.4531461712233259,12.217,57.1
14162,1938-10-13 00:00:00,0.1886513428407462,-0.0174534572275668,0.3947561429090593,12.217,57.1
14163,1938-10-14 00:00:00,0.2272605117908908,0.0204762919146418,0.4340447316671398,12.217,57.1
14164,1938-10-15 00:00:00,0.5906034398723577,0.3803578136523137,0.8008490660924018,12.217,57.1
14165,1938-10-16 00:00:00,0.160477856874896,-0.0469253424599105,0.3678810562097026,12.217,57.1
14166,1938-10-17 00:00:00,0.175102941013171,-0.0306721720226847,0.3808780540490268,12.217,57.1
14167,1938-10-18 00:00:00,0.2505509232418238,0.044643552404569,0.4564582940790785,12.217,57.1
14168,1938-10-19 00:00:00,0.1941128807871775,-0.0117402595926273,0.3999660211669824,12.217,57.1
14169,1938-10-20 00:00:00,0.1271304338283815,-0.0788597928716335,0.3331206605283967,12.217,57.1
14170,1938-10-21 00:00:00,-0.0237540487981394,-0.2297181817673135,0.1822100841710346,12.217,57.1
14171,1938-10-22 00:00:00,-0.0461816114422951,-0.2518380209184248,0.1594747980338345,12.217,57.1
14172,1938-10-23 00:00:00,-0.0108306222161732,-0.2163600645324864,0.19469882010014,12.217,57.1
14173,1938-10-24 00:00:00,0.0098261647258324,-0.1956904333837393,0.2153427628354043,12.217,57.1
14174,1938-10-25 00:00:00,0.0365818955503053,-0.1690336874522867,0.2421974785528974,12.217,57.1
14175,1938-10-26 00:00:00,0.0993042356012191,-0.1062312588720919,0.3048397300745302,12.217,57.1
14176,1938-10-27 00:00:00,0.1458085250951757,-0.0597255853316542,0.3513426355220057,12.217,57.1
14177,1938-10-28 00:00:00,0.0392357112491023,-0.1662641682714393,0.2447355907696439,12.217,57.1
14178,1938-10-29 00:00:00,-0.0017810436586127,-0.2072062311175385,0.2036441438003131,12.217,57.1
14179,1938-10-30 00:00:00,0.0101967965530349,-0.1952255470404476,0.2156191401465175,12.217,57.1
14180,1938-10-31 00:00:00,0.0774032153200534,-0.1281105096548313,0.2829169402949383,12.217,57.1
14181,1938-11-01 00:00:00,0.1457788012112323,-0.0598375022651483,0.3513951046876129,12.217,57.1
14182,1938-11-02 00:00:00,0.263818342327595,0.0565098389595977,0.4711268456955923,12.217,57.1
14183,1938-11-03 00:00:00,0.3775513414583247,0.1705250609644318,0.5845776219522175,12.217,57.1
14184,1938-11-04 00:00:00,0.3316274369802739,0.12570032020063,0.5375545537599179,12.217,57.1
14185,1938-11-05 00:00:00,0.1543667090530346,-0.0516468499608307,0.3603802680669001,12.217,57.1
14186,1938-11-06 00:00:00,0.0594300573685151,-0.1465337774939362,0.2653938922309665,12.217,57.1
14187,1938-11-07 00:00:00,0.2792474187528782,0.0731928143088728,0.4853020231968836,12.217,57.1
14188,1938-11-08 00:00:00,0.3614842776248842,0.1553602833987156,0.5676082718510528,12.217,57.1
14189,1938-11-09 00:00:00,0.1288955862647693,-0.0771250730411629,0.3349162455707016,12.217,57.1
14190,1938-11-10 00:00:00,-0.01236707409731,-0.2181055706497325,0.1933714224551125,12.217,57.1
14191,1938-11-11 00:00:00,0.0511827731125372,-0.1543868914706152,0.2567524376956897,12.217,57.1
14192,1938-11-12 00:00:00,0.0645684400260178,-0.1409978747697182,0.2701347548217538,12.217,57.1
14193,1938-11-13 00:00:00,0.0758696454109484,-0.1297278056769166,0.2814670964988134,12.217,57.1
14194,1938-11-14 00:00:00,0.0943625173593102,-0.1118857515000897,0.3006107862187103,12.217,57.1
14195,1938-11-15 00:00:00,0.2530227349596894,0.0459970326193206,0.4600484373000582,12.217,57.1
14196,1938-11-16 00:00:00,-0.0422642804086362,-0.2482994023325646,0.163770841515292,12.217,57.1
14197,1938-11-17 00:00:00,-0.0637600588926782,-0.2692505497958269,0.1417304320104704,12.217,57.1
14198,1938-11-18 00:00:00,0.0109849526805003,-0.1945110169942409,0.2164809223552416,12.217,57.1
14199,1938-11-19 00:00:00,0.1352834366735969,-0.0704983849927785,0.3410652583399725,12.217,57.1
14200,1938-11-20 00:00:00,0.2156517865559601,0.0090923408221118,0.4222112322898085,12.217,57.1
14201,1938-11-21 00:00:00,0.2318876855968794,0.0259596129007295,0.4378157582930293,12.217,57.1
14202,1938-11-22 00:00:00,0.2956810624340699,0.086275703183721,0.5050864216844188,12.217,57.1
14203,1938-11-23 00:00:00,0.3334856210994353,0.1237159875954507,0.5432552546034198,12.217,57.1
14204,1938-11-24 00:00:00,0.3901912584659842,0.1775544973744696,0.6028280195574989,12.217,57.1
14205,1938-11-25 00:00:00,0.4263067553050997,0.2073088454362705,0.6453046651739289,12.217,57.1
14206,1938-11-26 00:00:00,0.1847789977497023,-0.0226321122023257,0.3921901077017306,12.217,57.1
14207,1938-11-27 00:00:00,0.4108275198998281,0.1996953335313642,0.621959706268292,12.217,57.1
14208,1938-11-28 00:00:00,0.3346289237756448,0.1252499694827804,0.5440078780685093,12.217,57.1
14209,1938-11-29 00:00:00,0.2419121253696834,0.0344945578427116,0.4493296928966553,12.217,57.1
14210,1938-11-30 00:00:00,0.1598618467731022,-0.0462307088074399,0.3659544023536444,12.217,57.1
14211,1938-12-01 00:00:00,0.2732800504908029,0.0675100391055195,0.4790500618760864,12.217,57.1
14212,1938-12-02 00:00:00,0.2804132428243692,0.0742319898416339,0.4865944958071044,12.217,57.1
14213,1938-12-03 00:00:00,0.2722461986076578,0.0661964286241854,0.4782959685911302,12.217,57.1
14214,1938-12-04 00:00:00,0.1101765011651615,-0.0955815335880557,0.3159345359183788,12.217,57.1
14215,1938-12-05 00:00:00,0.0064313391844987,-0.1992467583149826,0.2121094366839801,12.217,57.1
14216,1938-12-06 00:00:00,0.3085807155086989,0.1013103865212985,0.5158510444960993,12.217,57.1
14217,1938-12-07 00:00:00,0.1843812286540347,-0.0227483035853641,0.3915107608934335,12.217,57.1
14218,1938-12-08 00:00:00,0.1379326481400891,-0.0677752576971217,0.3436405539773,12.217,57.1
14219,1938-12-09 00:00:00,0.2014935683866516,-0.0051267391058995,0.4081138758792028,12.217,57.1
14220,1938-12-10 00:00:00,0.2387929622833712,0.0314195615758316,0.4461663629909108,12.217,57.1
14221,1938-12-11 00:00:00,0.1768338744678299,-0.0295945084032752,0.3832622573389351,12.217,57.1
14222,1938-12-12 00:00:00,0.1035068523862455,-0.1022834979485732,0.3092972027210643,12.217,57.1
14223,1938-12-13 00:00:00,0.0337504475007699,-0.1719067016183455,0.2394075966198854,12.217,57.1
14224,1938-12-14 00:00:00,-0.0003020131611226,-0.2059436244338423,0.205339598111597,12.217,57.1
14225,1938-12-15 00:00:00,-0.0531853414811588,-0.2588025059666349,0.1524318230043172,12.217,57.1
14226,1938-12-16 00:00:00,-0.1087484373908224,-0.3146469092226177,0.0971500344409728,12.217,57.1
14227,1938-12-17 00:00:00,-0.1267090127872137,-0.3327763223254782,0.0793582967510508,12.217,57.1
14228,1938-12-18 00:00:00,-0.2056442127470085,-0.4116985563218294,0.0004101308278124,12.217,57.1
14229,1938-12-19 00:00:00,-0.1940985876784444,-0.399873027519824,0.011675852162935,12.217,57.1
14230,1938-12-20 00:00:00,-0.1713711656839062,-0.3777620649406797,0.0350197335728672,12.217,57.1
14231,1938-12-21 00:00:00,-0.039468560342918,-0.2463118895073508,0.1673747688215147,12.217,57.1
14232,1938-12-22 00:00:00,-0.0208704330461043,-0.2281813350480743,0.1864404689558656,12.217,57.1
14233,1938-12-23 00:00:00,-0.2484261416448533,-0.4571973883477783,-0.0396548949419283,12.217,57.1
14234,1938-12-24 00:00:00,-0.1830424549693107,-0.3904543920185369,0.0243694820799154,12.217,57.1
14235,1938-12-25 00:00:00,-0.1396755958403519,-0.3458707454813988,0.0665195538006949,12.217,57.1
14236,1938-12-26 00:00:00,-0.1541117783599543,-0.360128731300291,0.0519051745803824,12.217,57.1
14237,1938-12-27 00:00:00,0.0378860315743412,-0.1679811852106667,0.2437532483593493,12.217,57.1
14238,1938-12-28 00:00:00,0.1251525419214346,-0.0814813624600474,0.3317864463029167,12.217,57.1
14239,1938-12-29 00:00:00,-0.0394017056297202,-0.2452124051550206,0.1664089938955801,12.217,57.1
14240,1938-12-30 00:00:00,0.1520073907890403,-0.0538206297008727,0.3578354112789534,12.217,57.1
14241,1938-12-31 00:00:00,0.2190171748474097,0.0125211506666934,0.4255131990281261,12.217,57.1
14242,1939-01-01 00:00:00,0.0945435214809709,-0.1110805193355702,0.3001675622975122,12.217,57.1
14243,1939-01-02 00:00:00,0.0840121058220123,-0.1218465000193248,0.2898707116633495,12.217,57.1
14244,1939-01-03 00:00:00,0.061182778353559,-0.1445668873304277,0.2669324440375457,12.217,57.1
14245,1939-01-04 00:00:00,0.053972124488473,-0.1517482041591647,0.2596924531361109,12.217,57.1
14246,1939-01-05 00:00:00,-0.0076115939526288,-0.213443829415326,0.1982206415100683,12.217,57.1
14247,1939-01-06 00:00:00,-0.0097573503574095,-0.2156067585769238,0.1960920578621048,12.217,57.1
14248,1939-01-07 00:00:00,-0.0872121508562969,-0.2929131872527749,0.118488885540181,12.217,57.1
14249,1939-01-08 00:00:00,0.0307221591944473,-0.1752516855567205,0.2366960039456152,12.217,57.1
14250,1939-01-09 00:00:00,0.1457133882034089,-0.0610103120051361,0.3524370884119541,12.217,57.1
14251,1939-01-10 00:00:00,0.3510449850944966,0.1448026828426099,0.5572872873463833,12.217,57.1
14252,1939-01-11 00:00:00,0.2952133092137737,0.0890635251260437,0.5013630933015036,12.217,57.1
14253,1939-01-12 00:00:00,0.0962193816328027,-0.1098558963742207,0.3022946596398262,12.217,57.1
14254,1939-01-13 00:00:00,0.2468781487364034,0.0408586486163838,0.4528976488564231,12.217,57.1
14255,1939-01-14 00:00:00,0.1793851081281699,-0.0269437477145817,0.3857139639709216,12.217,57.1
14256,1939-01-15 00:00:00,0.2180982728547038,0.0119828069393512,0.4242137387700564,12.217,57.1
14257,1939-01-16 00:00:00,0.359446973221911,0.1530552869603997,0.5658386594834224,12.217,57.1
14258,1939-01-17 00:00:00,0.4248384316057824,0.2179973014393396,0.6316795617722251,12.217,57.1
14259,1939-01-18 00:00:00,0.3287602002469293,0.1225922021495283,0.5349281983443304,12.217,57.1
14260,1939-01-19 00:00:00,0.0616821018436903,-0.144298089323099,0.2676622930104796,12.217,57.1
14261,1939-01-20 00:00:00,-0.0531808789186061,-0.2595976046960743,0.1532358468588621,12.217,57.1
14262,1939-01-21 00:00:00,0.1639633815532352,-0.0423645530756765,0.3702913161821469,12.217,57.1
14263,1939-01-22 00:00:00,0.1361229117152373,-0.0695469672062409,0.3417927906367155,12.217,57.1
14264,1939-01-23 00:00:00,0.1418858510044264,-0.0639129546714584,0.3476846566803113,12.217,57.1
14265,1939-01-24 00:00:00,0.1037758729889403,-0.1020192003898693,0.3095709463677499,12.217,57.1
14266,1939-01-25 00:00:00,0.0092681074070754,-0.1967255891460767,0.2152618039602276,12.217,57.1
14267,1939-01-26 00:00:00,0.0639148815549472,-0.1421506991254748,0.2699804622353693,12.217,57.1
14268,1939-01-27 00:00:00,0.0325845371165594,-0.1734448858443061,0.2386139600774249,12.217,57.1
14269,1939-01-28 00:00:00,-0.0516784663239722,-0.2574187938052042,0.1540618611572598,12.217,57.1
14270,1939-01-29 00:00:00,-0.0739452523351047,-0.2795289054676527,0.1316384007974432,12.217,57.1
14271,1939-01-30 00:00:00,-0.0663167847403108,-0.2718778812926126,0.1392443118119909,12.217,57.1
14272,1939-01-31 00:00:00,-0.057903497172973,-0.2635176763136062,0.1477106819676601,12.217,57.1
14273,1939-02-01 00:00:00,-0.0227900887504887,-0.2285717882107937,0.1829916107098163,12.217,57.1
14274,1939-02-02 00:00:00,-0.0345945134615361,-0.2401689959217124,0.1709799689986402,12.217,57.1
14275,1939-02-03 00:00:00,0.0253615082064462,-0.180284751405837,0.2310077678187296,12.217,57.1
14276,1939-02-04 00:00:00,0.1037751179277237,-0.1017949124801422,0.3093451483355897,12.217,57.1
14277,1939-02-05 00:00:00,0.3074072743121229,0.1014597894739976,0.5133547591502481,12.217,57.1
14278,1939-02-06 00:00:00,0.2457717828203064,0.0398320366160639,0.451711529024549,12.217,57.1
14279,1939-02-07 00:00:00,0.305858840286343,0.0989940285926628,0.5127236519800232,12.217,57.1
14280,1939-02-08 00:00:00,0.2700246760023761,0.0635490927931478,0.4765002592116044,12.217,57.1
14281,1939-02-09 00:00:00,0.1477471255403432,-0.058490592241994,0.3539848433226805,12.217,57.1
14282,1939-02-10 00:00:00,0.3598596051223728,0.1532549995420579,0.5664642107026876,12.217,57.1
14283,1939-02-11 00:00:00,0.142542440540139,-0.0643572295738924,0.3494421106541705,12.217,57.1
14284,1939-02-12 00:00:00,0.3275327469832748,0.1190943236096583,0.5359711703568913,12.217,57.1
14285,1939-02-13 00:00:00,0.5021587927906445,0.2955226488249308,0.7087949367563581,12.217,57.1
14286,1939-02-14 00:00:00,0.1797569514402696,-0.0350814573720575,0.3945953602525966,12.217,57.1
14287,1939-02-15 00:00:00,0.0581225021772694,-0.1505533669464256,0.2667983713009645,12.217,57.1
14288,1939-02-16 00:00:00,0.3243628881821307,0.1183549791398897,0.5303707972243717,12.217,57.1
14289,1939-02-17 00:00:00,0.3152503593619132,0.1083513646981556,0.522149354025671,12.217,57.1
14290,1939-02-18 00:00:00,0.2181176514093026,0.0098854913355212,0.426349811483084,12.217,57.1
14291,1939-02-19 00:00:00,0.1072606963044847,-0.100968810355835,0.3154902029648044,12.217,57.1
14292,1939-02-20 00:00:00,-0.0475594859273291,-0.2534747004129153,0.158355728558257,12.217,57.1
14293,1939-02-21 00:00:00,-0.1012112681455779,-0.306747390754652,0.1043248544634962,12.217,57.1
14294,1939-02-22 00:00:00,-0.0432250680513293,-0.2489122246243562,0.1624620885216975,12.217,57.1
14295,1939-02-23 00:00:00,0.0692350706737703,-0.1365450313624289,0.2750151727099695,12.217,57.1
14296,1939-02-24 00:00:00,0.1822360570722907,-0.0247471946314192,0.3892193087760007,12.217,57.1
14297,1939-02-25 00:00:00,0.0820607364173299,-0.1242968451490269,0.2884183179836869,12.217,57.1
14298,1939-02-26 00:00:00,0.1842954776501215,-0.0218078770506083,0.3903988323508514,12.217,57.1
14299,1939-02-27 00:00:00,0.2751241096837248,0.0691162702044383,0.4811319491630112,12.217,57.1
14300,1939-02-28 00:00:00,0.1712273328871069,-0.0345810376878652,0.3770357034620792,12.217,57.1
14301,1939-03-01 00:00:00,0.1260031379285572,-0.0804804796794778,0.3324867555365923,12.217,57.1
14302,1939-03-02 00:00:00,0.196534999441462,-0.0101598528471555,0.4032298517300795,12.217,57.1
14303,1939-03-03 00:00:00,0.0109694657905374,-0.1948180818157258,0.2167570133968007,12.217,57.1
14304,1939-03-04 00:00:00,0.0535289158129587,-0.1520731777798891,0.2591310094058066,12.217,57.1
14305,1939-03-05 00:00:00,0.0533006764246277,-0.1525677147374173,0.2591690675866728,12.217,57.1
14306,1939-03-06 00:00:00,0.211293029593632,0.0045506454463878,0.4180354137408762,12.217,57.1
14307,1939-03-07 00:00:00,0.2884086433986211,0.0811771728172693,0.4956401139799728,12.217,57.1
14308,1939-03-08 00:00:00,0.3403712018140593,0.1343594337796578,0.5463829698484607,12.217,57.1
14309,1939-03-09 00:00:00,0.2057031775309362,-0.0002940891242425,0.4117004441861149,12.217,57.1
14310,1939-03-10 00:00:00,0.0100759010965187,-0.1956214292038225,0.2157732313968601,12.217,57.1
14311,1939-03-11 00:00:00,-0.0872499267582442,-0.2929787774123338,0.1184789238958454,12.217,57.1
14312,1939-03-12 00:00:00,-0.0696609158417247,-0.2752990100459064,0.1359771783624569,12.217,57.1
14313,1939-03-13 00:00:00,-0.0814701733182396,-0.2870779067123428,0.1241375600758635,12.217,57.1
14314,1939-03-14 00:00:00,0.0308411686469359,-0.1750382027596242,0.2367205400534961,12.217,57.1
14315,1939-03-15 00:00:00,0.0309413937072399,-0.1757361440784591,0.2376189314929391,12.217,57.1
14316,1939-03-16 00:00:00,0.0175152805443921,-0.1916495898907777,0.2266801509795619,12.217,57.1
14317,1939-03-17 00:00:00,-0.007175391931616,-0.2130931049515412,0.1987423210883091,12.217,57.1
14318,1939-03-18 00:00:00,-0.0648742646788638,-0.2708106008249084,0.1410620714671807,12.217,57.1
14319,1939-03-19 00:00:00,0.0322492134663592,-0.1737313487039736,0.238229775636692,12.217,57.1
14320,1939-03-20 00:00:00,0.1047401033722488,-0.1025508562376445,0.3120310629821421,12.217,57.1
14321,1939-03-21 00:00:00,0.0525836356031655,-0.1535079558593114,0.2586752270656425,12.217,57.1
14322,1939-03-22 00:00:00,0.0659240696463253,-0.1397748052248056,0.2716229445174563,12.217,57.1
14323,1939-03-23 00:00:00,0.1822630798362334,-0.0236060029119912,0.388132162584458,12.217,57.1
14324,1939-03-24 00:00:00,0.0421609489461578,-0.1637909769670503,0.2481128748593661,12.217,57.1
14325,1939-03-25 00:00:00,0.0134471663223618,-0.192518195784877,0.2194125284296007,12.217,57.1
14326,1939-03-26 00:00:00,-0.090956638106907,-0.2967020043754175,0.1147887281616033,12.217,57.1
14327,1939-03-27 00:00:00,-0.1249030938422411,-0.3307510293560086,0.0809448416715262,12.217,57.1
14328,1939-03-28 00:00:00,-0.1231935208552323,-0.3299691507400593,0.0835821090295946,12.217,57.1
14329,1939-03-29 00:00:00,0.0313718365510959,-0.1762861766797034,0.2390298497818952,12.217,57.1
14330,1939-03-30 00:00:00,-0.1315725957264744,-0.3391537809289203,0.0760085894759714,12.217,57.1
14331,1939-03-31 00:00:00,-0.0429702399297621,-0.2488925329024165,0.1629520530428923,12.217,57.1
14332,1939-04-01 00:00:00,-0.0442193830219566,-0.2498802145342762,0.1614414484903629,12.217,57.1
14333,1939-04-02 00:00:00,0.0165488730074959,-0.1890131201143265,0.2221108661293185,12.217,57.1
14334,1939-04-03 00:00:00,0.0840093004952077,-0.1216655109358103,0.2896841119262258,12.217,57.1
14335,1939-04-04 00:00:00,0.1937115733491658,-0.0122091780478651,0.3996323247461968,12.217,57.1
14336,1939-04-05 00:00:00,0.1766368198456892,-0.0295532838641808,0.3828269235555593,12.217,57.1
14337,1939-04-06 00:00:00,0.1136335101209714,-0.092561804130068,0.319828824372011,12.217,57.1
14338,1939-04-07 00:00:00,0.0822287909758884,-0.1235421887049708,0.2879997706567477,12.217,57.1
14339,1939-04-08 00:00:00,0.0172047816570082,-0.1883138766321299,0.2227234399461464,12.217,57.1
14340,1939-04-09 00:00:00,0.0302409502895878,-0.1751801069703968,0.2356620075495725,12.217,57.1
14341,1939-04-10 00:00:00,-0.0118271425875006,-0.2173007444758472,0.1936464593008459,12.217,57.1
14342,1939-04-11 00:00:00,-0.0292976190129353,-0.2347831534357441,0.1761879154098735,12.217,57.1
14343,1939-04-12 00:00:00,0.0162952839517723,-0.189281959439607,0.2218725273431517,12.217,57.1
14344,1939-04-13 00:00:00,0.0696085659787157,-0.1359324533033354,0.2751495852607668,12.217,57.1
14345,1939-04-14 00:00:00,0.1368350881953992,-0.0688725994423086,0.3425427758331072,12.217,57.1
14346,1939-04-15 00:00:00,0.1467885147776879,-0.0591295572982352,0.352706586853611,12.217,57.1
14347,1939-04-16 00:00:00,0.3170052877875892,0.1111774663280282,0.5228331092471501,12.217,57.1
14348,1939-04-17 00:00:00,0.4539139246476074,0.2474992231673542,0.6603286261278607,12.217,57.1
14349,1939-04-18 00:00:00,0.1001625436840652,-0.1061060164164805,0.306431103784611,12.217,57.1
14350,1939-04-19 00:00:00,0.0022333004731951,-0.2040133291767563,0.2084799301231465,12.217,57.1
14351,1939-04-20 00:00:00,0.0861903603321683,-0.1194597745315555,0.2918404951958923,12.217,57.1
14352,1939-04-21 00:00:00,0.2734840737328879,0.0674756842972373,0.4794924631685384,12.217,57.1
14353,1939-04-22 00:00:00,0.1313867529379729,-0.0752337564076635,0.3380072622836095,12.217,57.1
14354,1939-04-23 00:00:00,0.2523820323328666,0.0454635031903965,0.4593005614753366,12.217,57.1
14355,1939-04-24 00:00:00,0.4142327769518595,0.2056541113292354,0.6228114425744836,12.217,57.1
14356,1939-04-25 00:00:00,0.2183622747259659,0.0123112103679571,0.4244133390839747,12.217,57.1
14357,1939-04-26 00:00:00,0.0619368055491322,-0.1438981418572377,0.2677717529555021,12.217,57.1
14358,1939-04-27 00:00:00,0.0365835368599273,-0.1690565017624239,0.2422235754822786,12.217,57.1
14359,1939-04-28 00:00:00,-0.0212246355063819,-0.2267116962296887,0.1842624252169248,12.217,57.1
14360,1939-04-29 00:00:00,-0.107795207734845,-0.3134445701521845,0.0978541546824945,12.217,57.1
14361,1939-04-30 00:00:00,-0.0984786359822509,-0.3044824837468429,0.1075252117823409,12.217,57.1
14362,1939-05-01 00:00:00,-0.0486919847076629,-0.2543574851628521,0.1569735157475262,12.217,57.1
14363,1939-05-02 00:00:00,-0.0582875996010254,-0.2639654903958343,0.1473902911937833,12.217,57.1
14364,1939-05-03 00:00:00,-0.0051640618736067,-0.2108448033943038,0.2005166796470903,12.217,57.1
14365,1939-05-04 00:00:00,-0.0047614421798676,-0.2103128271594179,0.2007899427996826,12.217,57.1
14366,1939-05-05 00:00:00,0.0305177234832506,-0.1750580337537069,0.2360934807202083,12.217,57.1
14367,1939-05-06 00:00:00,0.0305370629866389,-0.175320422543421,0.2363945485166989,12.217,57.1
14368,1939-05-07 00:00:00,0.0004686044119083,-0.2056071434568351,0.2065443522806518,12.217,57.1
14369,1939-05-08 00:00:00,-0.0394309971974974,-0.2452114942624438,0.1663494998674489,12.217,57.1
14370,1939-05-09 00:00:00,-0.0817538087380545,-0.287411040233207,0.1239034227570979,12.217,57.1
14371,1939-05-10 00:00:00,-0.0602677600776956,-0.2659559258827881,0.1454204057273968,12.217,57.1
14372,1939-05-11 00:00:00,-0.0082579750961987,-0.2138284880109462,0.1973125378185487,12.217,57.1
14373,1939-05-12 00:00:00,-0.0267246701886979,-0.2322541442295183,0.1788048038521224,12.217,57.1
14374,1939-05-13 00:00:00,-0.0722904426336194,-0.2779011482466069,0.1333202629793681,12.217,57.1
14375,1939-05-14 00:00:00,-0.0354857195822996,-0.2410557360385162,0.1700842968739168,12.217,57.1
14376,1939-05-15 00:00:00,-0.0152801324379677,-0.2208165758072621,0.1902563109313267,12.217,57.1
14377,1939-05-16 00:00:00,-0.0344423662628733,-0.2403702644277116,0.1714855319019649,12.217,57.1
14378,1939-05-17 00:00:00,-0.0166366881330837,-0.2232272874786005,0.189953911212433,12.217,57.1
14379,1939-05-18 00:00:00,0.0835207783287705,-0.1220538158012749,0.2890953724588161,12.217,57.1
14380,1939-05-19 00:00:00,0.0977956999488667,-0.1077265528077989,0.3033179527055324,12.217,57.1
14381,1939-05-20 00:00:00,0.0745630893758728,-0.1309750317642062,0.2801012105159519,12.217,57.1
14382,1939-05-21 00:00:00,0.117301439678085,-0.0882598000362086,0.3228626793923787,12.217,57.1
14383,1939-05-22 00:00:00,0.0354607604765354,-0.170066991439289,0.2409885123923599,12.217,57.1
14384,1939-05-23 00:00:00,-0.052032632855744,-0.2575914301155503,0.1535261644040623,12.217,57.1
14385,1939-05-24 00:00:00,-0.0953953770679925,-0.3009754225009322,0.110184668364947,12.217,57.1
14386,1939-05-25 00:00:00,-0.0879300387477308,-0.2942087986597083,0.1183487211642466,12.217,57.1
14387,1939-05-26 00:00:00,-0.0751698116579986,-0.2813433047727373,0.1310036814567399,12.217,57.1
14388,1939-05-27 00:00:00,-0.0198783359370581,-0.225362386728883,0.1856057148547668,12.217,57.1
14389,1939-05-28 00:00:00,0.0139210859191745,-0.1917542764723839,0.219596448310733,12.217,57.1
14390,1939-05-29 00:00:00,0.0707367945487271,-0.1364204403042689,0.2778940294017232,12.217,57.1
14391,1939-05-30 00:00:00,-0.0180241362988096,-0.2239833816148586,0.1879351090172394,12.217,57.1
14392,1939-05-31 00:00:00,0.0091670334731638,-0.1963363484091019,0.2146704153554296,12.217,57.1
14393,1939-06-01 00:00:00,-0.0353799572733255,-0.2414695462793487,0.1707096317326976,12.217,57.1
14394,1939-06-02 00:00:00,-0.0645659688468517,-0.2708332343070367,0.1417012966133332,12.217,57.1
14395,1939-06-03 00:00:00,-0.0463789644411331,-0.2528829963346831,0.1601250674524169,12.217,57.1
14396,1939-06-04 00:00:00,0.014719000681517,-0.1912314376621034,0.2206694390251375,12.217,57.1
14397,1939-06-05 00:00:00,0.0744291156589528,-0.1315752544932518,0.2804334858111575,12.217,57.1
14398,1939-06-06 00:00:00,0.0113248871075899,-0.1944507015281637,0.2171004757433435,12.217,57.1
14399,1939-06-07 00:00:00,0.0579937066038658,-0.1476852884169192,0.263672701624651,12.217,57.1
14400,1939-06-08 00:00:00,0.033747737940423,-0.1719398905108509,0.239435366391697,12.217,57.1
14401,1939-06-09 00:00:00,0.156336807812365,-0.0496303960634567,0.3623040116881867,12.217,57.1
14402,1939-06-10 00:00:00,0.1109695864951181,-0.0955450811877495,0.3174842541779858,12.217,57.1
14403,1939-06-11 00:00:00,0.1614159319863984,-0.045230075084761,0.3680619390575578,12.217,57.1
14404,1939-06-12 00:00:00,0.1199314045272136,-0.0858831202896989,0.3257459293441263,12.217,57.1
14405,1939-06-13 00:00:00,0.1410453478846444,-0.0644818103156307,0.3465725060849196,12.217,57.1
14406,1939-06-14 00:00:00,0.1011485310815553,-0.1044132690786938,0.3067103312418044,12.217,57.1
14407,1939-06-15 00:00:00,0.0610455852841125,-0.144448890215408,0.2665400607836332,12.217,57.1
14408,1939-06-16 00:00:00,0.0571681252589386,-0.1487416322312955,0.2630778827491728,12.217,57.1
14409,1939-06-17 00:00:00,0.0489741460249973,-0.1568985303664701,0.2548468224164649,12.217,57.1
14410,1939-06-18 00:00:00,0.0485395819845276,-0.1571333089500453,0.2542124729191006,12.217,57.1
14411,1939-06-19 00:00:00,-0.0310631678311304,-0.237174456341631,0.1750481206793701,12.217,57.1
14412,1939-06-20 00:00:00,0.0138905655732948,-0.1924151352737865,0.2201962664203763,12.217,57.1
14413,1939-06-21 00:00:00,-0.0762766267331252,-0.2821062161836739,0.1295529627174233,12.217,57.1
14414,1939-06-22 00:00:00,-0.0584855900720732,-0.2640930558892552,0.1471218757451086,12.217,57.1
14415,1939-06-23 00:00:00,0.0229378700040739,-0.1828238690869871,0.228699609095135,12.217,57.1
14416,1939-06-24 00:00:00,0.163444311431217,-0.0423420671131269,0.3692306899755609,12.217,57.1
14417,1939-06-25 00:00:00,0.1298132149586834,-0.0760283192740051,0.335654749191372,12.217,57.1
14418,1939-06-26 00:00:00,0.1547088775475816,-0.0509845015938228,0.3604022566889862,12.217,57.1
14419,1939-06-27 00:00:00,0.1180978163462655,-0.0875053479151668,0.323700980607698,12.217,57.1
14420,1939-06-28 00:00:00,0.1003416278654264,-0.1054600027133245,0.3061432584441775,12.217,57.1
14421,1939-06-29 00:00:00,0.0920428768438464,-0.113716365955342,0.2978021196430349,12.217,57.1
14422,1939-06-30 00:00:00,0.1139270625373582,-0.092216019720582,0.3200701447952986,12.217,57.1
14423,1939-07-01 00:00:00,0.0885604913623953,-0.1170787798736739,0.2941997625984647,12.217,57.1
14424,1939-07-02 00:00:00,0.1329427010762069,-0.0729799479557371,0.3388653501081509,12.217,57.1
14425,1939-07-03 00:00:00,0.1995666295143,-0.0070455934160955,0.4061788524446957,12.217,57.1
14426,1939-07-04 00:00:00,0.1296555354911329,-0.0764948091192719,0.3358058801015378,12.217,57.1
14427,1939-07-05 00:00:00,-1.6596861698754684e-05,-0.2059262946585952,0.2058931009351977,12.217,57.1
14428,1939-07-06 00:00:00,0.062702353580301,-0.1429038575883834,0.2683085647489855,12.217,57.1
14429,1939-07-07 00:00:00,0.0505469052078671,-0.1551969771604007,0.2562907875761351,12.217,57.1
14430,1939-07-08 00:00:00,0.0955728980716662,-0.110118775748012,0.3012645718913444,12.217,57.1
14431,1939-07-09 00:00:00,0.1436853615230357,-0.0619986227492877,0.3493693457953591,12.217,57.1
14432,1939-07-10 00:00:00,0.2768914206925956,0.0709744119100708,0.4828084294751203,12.217,57.1
14433,1939-07-11 00:00:00,0.2951406740143943,0.0887888836125709,0.5014924644162178,12.217,57.1
14434,1939-07-12 00:00:00,0.250141560824724,0.0436633451402705,0.4566197765091775,12.217,57.1
14435,1939-07-13 00:00:00,0.1345294446871845,-0.0711407860880205,0.3401996754623896,12.217,57.1
14436,1939-07-14 00:00:00,0.149236002451357,-0.0562848231201893,0.3547568280229033,12.217,57.1
14437,1939-07-15 00:00:00,0.1047262210270206,-0.1007713043838509,0.3102237464378923,12.217,57.1
14438,1939-07-16 00:00:00,0.0508421051116638,-0.1545706592268451,0.2562548694501728,12.217,57.1
14439,1939-07-17 00:00:00,0.1027015323741763,-0.1028182659199595,0.3082213306683122,12.217,57.1
14440,1939-07-18 00:00:00,0.1034553583256534,-0.1023053191513561,0.3092160358026631,12.217,57.1
14441,1939-07-19 00:00:00,0.0764557319991917,-0.1293139272459887,0.2822253912443723,12.217,57.1
14442,1939-07-20 00:00:00,0.07135671622682,-0.1342896901226315,0.2770031225762717,12.217,57.1
14443,1939-07-21 00:00:00,0.0828045175209808,-0.1227954762684579,0.2884045113104196,12.217,57.1
14444,1939-07-22 00:00:00,-0.009231113421332,-0.2148213613619956,0.1963591345193314,12.217,57.1
14445,1939-07-23 00:00:00,0.1078026805152221,-0.0979297577140333,0.3135351187444777,12.217,57.1
14446,1939-07-24 00:00:00,0.1248383514596311,-0.0812231085530355,0.3308998114722977,12.217,57.1
14447,1939-07-25 00:00:00,0.1096112430571387,-0.095987158309578,0.3152096444238556,12.217,57.1
14448,1939-07-26 00:00:00,0.0102522556854782,-0.1953942449640874,0.2158987563350438,12.217,57.1
14449,1939-07-27 00:00:00,-0.0169181929127038,-0.2225225087125341,0.1886861228871264,12.217,57.1
14450,1939-07-28 00:00:00,0.0585223418713173,-0.1470442255629608,0.2640889093055956,12.217,57.1
14451,1939-07-29 00:00:00,0.1340879860007019,-0.0714186250269179,0.3395945970283217,12.217,57.1
14452,1939-07-30 00:00:00,0.1578264075315192,-0.0477020261724097,0.3633548412354483,12.217,57.1
14453,1939-07-31 00:00:00,0.1418236503830571,-0.0638746047748507,0.3475219055409649,12.217,57.1
14454,1939-08-01 00:00:00,0.2389769222023905,0.0331771617724908,0.4447766826322902,12.217,57.1
14455,1939-08-02 00:00:00,0.2698957343599361,0.064051010078119,0.4757404586417532,12.217,57.1
14456,1939-08-03 00:00:00,0.0994310708466786,-0.1063208061997248,0.3051829478930821,12.217,57.1
14457,1939-08-04 00:00:00,0.0478550999920521,-0.1575974866245692,0.2533076866086736,12.217,57.1
14458,1939-08-05 00:00:00,-0.0502718425663449,-0.2559552060637128,0.155411520931023,12.217,57.1
14459,1939-08-06 00:00:00,0.0243856156058127,-0.1814321925929281,0.2302034238045536,12.217,57.1
14460,1939-08-07 00:00:00,0.1104653763314255,-0.0956673675159091,0.3165981201787602,12.217,57.1
14461,1939-08-08 00:00:00,0.104881376021531,-0.1022825490733898,0.3120453011164518,12.217,57.1
14462,1939-08-09 00:00:00,0.0585184637043189,-0.147172631311668,0.2642095587203059,12.217,57.1
14463,1939-08-10 00:00:00,0.0316335998793414,-0.1740361422932332,0.2373033420519161,12.217,57.1
14464,1939-08-11 00:00:00,0.0657759046335668,-0.1398359986506017,0.2713878079177353,12.217,57.1
14465,1939-08-12 00:00:00,0.0957477288068971,-0.1100545979627169,0.3015500555765112,12.217,57.1
14466,1939-08-13 00:00:00,0.0525198563463621,-0.1535260987979909,0.2585658114907151,12.217,57.1
14467,1939-08-14 00:00:00,-0.0031004214142085,-0.2085676426173384,0.2023667997889214,12.217,57.1
14468,1939-08-15 00:00:00,-0.0723263789709329,-0.27776159260505,0.133108834663184,12.217,57.1
14469,1939-08-16 00:00:00,-0.0361732922147594,-0.2416875974987827,0.1693410130692637,12.217,57.1
14470,1939-08-17 00:00:00,0.0021552462896722,-0.2033673737855457,0.2076778663648902,12.217,57.1
14471,1939-08-18 00:00:00,-0.0333262925790149,-0.2387773575176897,0.1721247723596599,12.217,57.1
14472,1939-08-19 00:00:00,-0.0287158054882132,-0.2341451207712976,0.1767135097948711,12.217,57.1
14473,1939-08-20 00:00:00,-0.0039082921404968,-0.2093316606581511,0.2015150763771574,12.217,57.1
14474,1939-08-21 00:00:00,0.0120650374551433,-0.1933595612445454,0.217489636154832,12.217,57.1
14475,1939-08-22 00:00:00,0.0198466472639211,-0.1856000399963311,0.2252933345241733,12.217,57.1
14476,1939-08-23 00:00:00,0.0386115022966022,-0.1668960800397822,0.2441190846329866,12.217,57.1
14477,1939-08-24 00:00:00,-0.0134931562866198,-0.219001251565525,0.1920149389922853,12.217,57.1
14478,1939-08-25 00:00:00,-0.0117988291254014,-0.2172979935578733,0.1937003353070704,12.217,57.1
14479,1939-08-26 00:00:00,-0.0306462614635761,-0.236151439564959,0.1748589166378068,12.217,57.1
14480,1939-08-27 00:00:00,-0.0482642868934239,-0.2537327652453678,0.1572041914585198,12.217,57.1
14481,1939-08-28 00:00:00,-0.0099976793149628,-0.2154093578329499,0.1954139992030242,12.217,57.1
14482,1939-08-29 00:00:00,-0.0414357892449284,-0.24684413224981,0.1639725537599531,12.217,57.1
14483,1939-08-30 00:00:00,-0.0156588573323223,-0.221054905808238,0.1897371911435934,12.217,57.1
14484,1939-08-31 00:00:00,-0.0018520079767916,-0.207296201077032,0.2035921851234486,12.217,57.1
14485,1939-09-01 00:00:00,0.0028760601120089,-0.2025510361455026,0.2083031563695205,12.217,57.1
14486,1939-09-02 00:00:00,0.0036096057694937,-0.2018023760934663,0.2090215876324538,12.217,57.1
14487,1939-09-03 00:00:00,0.0150620757480242,-0.190381892050008,0.2205060435460564,12.217,57.1
14488,1939-09-04 00:00:00,0.0256104730860422,-0.1799112845264544,0.2311322306985389,12.217,57.1
14489,1939-09-05 00:00:00,0.0287990586034359,-0.176849642523766,0.2344477597306379,12.217,57.1
14490,1939-09-06 00:00:00,0.020990020491753,-0.1845488803698782,0.2265289213533843,12.217,57.1
14491,1939-09-07 00:00:00,-0.0144583465736926,-0.2199315194975684,0.191014826350183,12.217,57.1
14492,1939-09-08 00:00:00,0.0006031154758539,-0.2047813004192762,0.2059875313709841,12.217,57.1
14493,1939-09-09 00:00:00,0.0968467948834075,-0.1087447832043837,0.3024383729711988,12.217,57.1
14494,1939-09-10 00:00:00,0.11544672301489,-0.0909805729331179,0.3218740189628979,12.217,57.1
14495,1939-09-11 00:00:00,0.0897814007922291,-0.116061219768156,0.2956240213526142,12.217,57.1
14496,1939-09-12 00:00:00,0.0924285259558449,-0.1135405666519389,0.2983976185636288,12.217,57.1
14497,1939-09-13 00:00:00,-0.0206621158413349,-0.2268100058334216,0.1854857741507518,12.217,57.1
14498,1939-09-14 00:00:00,0.0930687506462063,-0.1124800761720419,0.2986175774644546,12.217,57.1
14499,1939-09-15 00:00:00,0.1161131647247621,-0.0893902897377931,0.3216166191873174,12.217,57.1
14500,1939-09-16 00:00:00,-0.0360469941592384,-0.2416594169308191,0.1695654286123423,12.217,57.1
14501,1939-09-17 00:00:00,-0.1108900032751915,-0.3168247166645394,0.0950447101141563,12.217,57.1
14502,1939-09-18 00:00:00,-0.1409278706783484,-0.3470689793004808,0.065213237943784,12.217,57.1
14503,1939-09-19 00:00:00,-0.1024304419108842,-0.3080774588605349,0.1032165750387664,12.217,57.1
14504,1939-09-20 00:00:00,-0.0768728213898305,-0.2824379418713607,0.1286922990916995,12.217,57.1
14505,1939-09-21 00:00:00,-0.0065278570122531,-0.2120837382147224,0.1990280241902161,12.217,57.1
14506,1939-09-22 00:00:00,-0.0115514035123488,-0.2171471221151824,0.1940443150904847,12.217,57.1
14507,1939-09-23 00:00:00,0.002521254605848,-0.2030231866599923,0.2080656958716885,12.217,57.1
14508,1939-09-24 00:00:00,-0.0082714872624563,-0.2138517473323955,0.1973087728074827,12.217,57.1
14509,1939-09-25 00:00:00,-0.0163980066672805,-0.2221529389451428,0.1893569256105817,12.217,57.1
14510,1939-09-26 00:00:00,-0.0152900020241352,-0.2209331541031325,0.1903531500548621,12.217,57.1
14511,1939-09-27 00:00:00,-0.0504961302071636,-0.2561718189295558,0.1551795585152284,12.217,57.1
14512,1939-09-28 00:00:00,-0.0676469190166442,-0.2736983005344748,0.1384044625011863,12.217,57.1
14513,1939-09-29 00:00:00,0.0196507826765656,-0.1861767432935903,0.2254783086467217,12.217,57.1
14514,1939-09-30 00:00:00,0.1386154374206473,-0.067144689626236,0.3443755644675307,12.217,57.1
14515,1939-10-01 00:00:00,0.1000189915730513,-0.1057848335630545,0.3058228167091573,12.217,57.1
14516,1939-10-02 00:00:00,0.037942409645937,-0.1677876471693555,0.2436724664612297,12.217,57.1
14517,1939-10-03 00:00:00,-0.0430177824154921,-0.2490947297354885,0.1630591649045042,12.217,57.1
14518,1939-10-04 00:00:00,-0.0602487394728833,-0.2659873865369908,0.145489907591224,12.217,57.1
14519,1939-10-05 00:00:00,-0.0677369918896537,-0.2733753363101144,0.137901352530807,12.217,57.1
14520,1939-10-06 00:00:00,-0.0525054006952132,-0.2586723718002118,0.1536615704097852,12.217,57.1
14521,1939-10-07 00:00:00,-0.0582311084043822,-0.2640557221673554,0.1475935053585909,12.217,57.1
14522,1939-10-08 00:00:00,-0.0755806361212963,-0.2812918932058184,0.1301306209632256,12.217,57.1
14523,1939-10-09 00:00:00,-0.0523203485712228,-0.2580792873436368,0.153438590201191,12.217,57.1
14524,1939-10-10 00:00:00,-0.0474144495509684,-0.253173412649976,0.1583445135480391,12.217,57.1
14525,1939-10-11 00:00:00,-0.0052311382303913,-0.2109475170546181,0.2004852405938353,12.217,57.1
14526,1939-10-12 00:00:00,-0.0216951481888518,-0.2275610062895022,0.1841707099117985,12.217,57.1
14527,1939-10-13 00:00:00,0.0015687923154746,-0.204483037003889,0.2076206216348382,12.217,57.1
14528,1939-10-14 00:00:00,0.0855519985135376,-0.1204039000941404,0.2915078971212158,12.217,57.1
14529,1939-10-15 00:00:00,0.0309547594673484,-0.1752846516742996,0.2371941706089965,12.217,57.1
14530,1939-10-16 00:00:00,0.1044847552224286,-0.1026086428537678,0.3115781532986251,12.217,57.1
14531,1939-10-17 00:00:00,0.0834144433592828,-0.1230001332738864,0.289829019992452,12.217,57.1
14532,1939-10-18 00:00:00,-0.0098974481042014,-0.2154609464408428,0.19566605023244,12.217,57.1
14533,1939-10-19 00:00:00,-0.0987774302073844,-0.3044586670360515,0.1069038066212825,12.217,57.1
14534,1939-10-20 00:00:00,-0.0872914168922981,-0.293278779256524,0.1186959454719277,12.217,57.1
14535,1939-10-21 00:00:00,-0.0541303708622809,-0.2602201977012909,0.1519594559767289,12.217,57.1
14536,1939-10-22 00:00:00,-0.0657245207708257,-0.2715118024996559,0.1400627609580045,12.217,57.1
14537,1939-10-23 00:00:00,-0.0093061841910832,-0.2148876219873987,0.1962752536052321,12.217,57.1
14538,1939-10-24 00:00:00,0.1340358537705466,-0.0716425924631164,0.3397143000042096,12.217,57.1
14539,1939-10-25 00:00:00,0.1223808131038492,-0.0833245711354843,0.3280861973431828,12.217,57.1
14540,1939-10-26 00:00:00,0.1093801236584383,-0.0961797905986996,0.3149400379155763,12.217,57.1
14541,1939-10-27 00:00:00,-0.001813669900438,-0.2074672299463508,0.2038398901454748,12.217,57.1
14542,1939-10-28 00:00:00,-0.073056517118626,-0.2799444552987046,0.1338314210614524,12.217,57.1
14543,1939-10-29 00:00:00,-0.1046615174071038,-0.3122172182116233,0.1028941833974156,12.217,57.1
14544,1939-10-30 00:00:00,-0.0691165921596946,-0.2753100222642928,0.1370768379449036,12.217,57.1
14545,1939-10-31 00:00:00,-0.104230259744045,-0.3097751411924758,0.1013146217043857,12.217,57.1
14546,1939-11-01 00:00:00,-0.0651475397411271,-0.2706059775168413,0.1403108980345871,12.217,57.1
14547,1939-11-02 00:00:00,-0.0033996250935063,-0.2089428623572131,0.2021436121702003,12.217,57.1
14548,1939-11-03 00:00:00,-0.0246646716541891,-0.2303298666904347,0.1810005233820563,12.217,57.1
14549,1939-11-04 00:00:00,0.0608078835233729,-0.1450123475341377,0.2666281145808836,12.217,57.1
14550,1939-11-05 00:00:00,0.1160011937542581,-0.0904498546263268,0.3224522421348432,12.217,57.1
14551,1939-11-06 00:00:00,0.1780784769918358,-0.0285904343261645,0.3847473883098363,12.217,57.1
14552,1939-11-07 00:00:00,0.1882149183267853,-0.018597989550463,0.3950278262040338,12.217,57.1
14553,1939-11-08 00:00:00,0.1623755954962596,-0.0437358174433249,0.3684870084358442,12.217,57.1
14554,1939-11-09 00:00:00,0.2455201971898687,0.0396072600107478,0.4514331343689898,12.217,57.1
14555,1939-11-10 00:00:00,0.3195219674239003,0.1133846146697892,0.5256593201780114,12.217,57.1
14556,1939-11-11 00:00:00,0.3153072629016517,0.1091380006552824,0.5214765251480209,12.217,57.1
14557,1939-11-12 00:00:00,0.1415022738279625,-0.0647193431631772,0.3477238908191023,12.217,57.1
14558,1939-11-13 00:00:00,0.1031015230786192,-0.1030625830064643,0.3092656291637027,12.217,57.1
14559,1939-11-14 00:00:00,0.0737676182680559,-0.131858768671468,0.2793940052075798,12.217,57.1
14560,1939-11-15 00:00:00,0.1856227126077868,-0.0201456063554771,0.3913910315710507,12.217,57.1
14561,1939-11-16 00:00:00,0.250401055033651,0.0446565055958832,0.4561456044714188,12.217,57.1
14562,1939-11-17 00:00:00,0.2445848723305562,0.0389914854551086,0.4501782592060038,12.217,57.1
14563,1939-11-18 00:00:00,0.0787131709307727,-0.1271880450595406,0.284614386921086,12.217,57.1
14564,1939-11-19 00:00:00,0.0864154036990994,-0.1194043802593965,0.2922351876575955,12.217,57.1
14565,1939-11-20 00:00:00,-0.0018462234378745,-0.2077930978118473,0.2041006509360982,12.217,57.1
14566,1939-11-21 00:00:00,-0.1149963332777007,-0.3205994068552917,0.0906067402998902,12.217,57.1
14567,1939-11-22 00:00:00,-0.0441049292468609,-0.2496516157823165,0.1614417572885945,12.217,57.1
14568,1939-11-23 00:00:00,0.0652698078399116,-0.1409472073298564,0.2714868230096797,12.217,57.1
14569,1939-11-24 00:00:00,0.2330431927030525,0.0250412255922908,0.4410451598138141,12.217,57.1
14570,1939-11-25 00:00:00,0.2403966995999041,0.0337724424068616,0.4470209567929465,12.217,57.1
14571,1939-11-26 00:00:00,0.1596843150190631,-0.0463979570963165,0.3657665871344428,12.217,57.1
14572,1939-11-27 00:00:00,0.4259862277545392,0.2135154347541885,0.63845702075489,12.217,57.1
14573,1939-11-28 00:00:00,0.5370645340203856,0.3290910140398186,0.7450380540009525,12.217,57.1
14574,1939-11-29 00:00:00,0.5219197873649052,0.3143219060808486,0.7295176686489617,12.217,57.1
14575,1939-11-30 00:00:00,0.174112928043057,-0.0330685849524011,0.3812944410385152,12.217,57.1
14576,1939-12-01 00:00:00,0.5251815607741918,0.3178872128824389,0.7324759086659446,12.217,57.1
14577,1939-12-02 00:00:00,0.15165469145802,-0.0551104985759685,0.3584198814920085,12.217,57.1
14578,1939-12-03 00:00:00,0.3402900862849324,0.1335180661271124,0.5470621064427525,12.217,57.1
14579,1939-12-04 00:00:00,0.2940336681336255,0.0868315217370793,0.5012358145301716,12.217,57.1
14580,1939-12-05 00:00:00,0.3185173630632507,0.1121864899093399,0.5248482362171615,12.217,57.1
14581,1939-12-06 00:00:00,0.0677459669281076,-0.1381055394140489,0.2735974732702642,12.217,57.1
14582,1939-12-07 00:00:00,-0.0427110937947,-0.2486489437348424,0.1632267561454422,12.217,57.1
14583,1939-12-08 00:00:00,-0.0785985207855479,-0.2841474915368003,0.1269504499657043,12.217,57.1
14584,1939-12-09 00:00:00,-0.0261297992581029,-0.2317078609386454,0.1794482624224396,12.217,57.1
14585,1939-12-10 00:00:00,0.0478603397047852,-0.1578217019884325,0.2535423813980029,12.217,57.1
14586,1939-12-11 00:00:00,0.0503328558349367,-0.155504644115448,0.2561703557853216,12.217,57.1
14587,1939-12-12 00:00:00,-0.1282152737159663,-0.3340373444558984,0.0776067970239656,12.217,57.1
14588,1939-12-13 00:00:00,-0.1134617937318981,-0.3189229059383171,0.0919993184745208,12.217,57.1
14589,1939-12-14 00:00:00,-0.0237274670315291,-0.2292136390961432,0.1817587050330848,12.217,57.1
14590,1939-12-15 00:00:00,-0.0006328591570131,-0.2061112358913152,0.2048455175772889,12.217,57.1
14591,1939-12-16 00:00:00,-0.0228859235578866,-0.2284350563949021,0.1826632092791287,12.217,57.1
14592,1939-12-17 00:00:00,-0.0571023026805563,-0.2626619424362683,0.1484573370751556,12.217,57.1
14593,1939-12-18 00:00:00,0.0383840038951605,-0.1672804240342265,0.2440484318245475,12.217,57.1
14594,1939-12-19 00:00:00,0.0637119779159383,-0.1420091618275913,0.2694331176594678,12.217,57.1
14595,1939-12-20 00:00:00,0.0606017340366672,-0.1452170756696356,0.26642054374297,12.217,57.1
14596,1939-12-21 00:00:00,-0.0487588398253645,-0.2550312167064239,0.1575135370556948,12.217,57.1
14597,1939-12-22 00:00:00,0.4487986732042079,0.2403095298812261,0.6572878165271897,12.217,57.1
14598,1939-12-23 00:00:00,0.1727515530827075,-0.0360206798739838,0.3815237860393989,12.217,57.1
14599,1939-12-24 00:00:00,0.4800770019192862,0.2737368298495781,0.6864171739889944,12.217,57.1
14600,1939-12-25 00:00:00,0.1656286442581713,-0.0414338219646833,0.372691110481026,12.217,57.1
14601,1939-12-26 00:00:00,0.0243437937323777,-0.1814300974732798,0.2301176849380352,12.217,57.1
14602,1939-12-27 00:00:00,0.0386598877592412,-0.1673446473747674,0.2446644228932499,12.217,57.1
14603,1939-12-28 00:00:00,0.0100973381376216,-0.1959765799817474,0.2161712562569908,12.217,57.1
14604,1939-12-29 00:00:00,0.0275026289872946,-0.178350338030746,0.2333555960053354,12.217,57.1
14605,1939-12-30 00:00:00,0.2414446423074048,0.035012608731918,0.4478766758828916,12.217,57.1
14606,1939-12-31 00:00:00,0.1149063194977668,-0.0915617270850037,0.3213743660805374,12.217,57.1
14607,1940-01-01 00:00:00,-0.0290986374680696,-0.2353723907879765,0.1771751158518372,12.217,57.1
14608,1940-01-02 00:00:00,-0.0390499170265649,-0.2450362016644682,0.1669363676113383,12.217,57.1
14609,1940-01-03 00:00:00,0.2828054994857867,0.076202726196221,0.4894082727753525,12.217,57.1
14610,1940-01-04 00:00:00,0.0859171665956255,-0.1202215344371006,0.2920558676283517,12.217,57.1
14611,1940-01-05 00:00:00,0.0772508133357015,-0.1283554130171101,0.2828570396885133,12.217,57.1
14612,1940-01-06 00:00:00,0.0718641205870899,-0.1335990529054423,0.2773272940796221,12.217,57.1
14613,1940-01-07 00:00:00,0.0074390133784998,-0.1982672048891841,0.2131452316461838,12.217,57.1
14614,1940-01-08 00:00:00,-0.0663888754010059,-0.272034090472446,0.139256339670434,12.217,57.1
14615,1940-01-09 00:00:00,-0.0835546325586912,-0.2891177446121786,0.1220084794947962,12.217,57.1
14616,1940-01-10 00:00:00,-0.1093143950313875,-0.3151789971591937,0.0965502070964185,12.217,57.1
14617,1940-01-11 00:00:00,-0.025587618993624,-0.2313520621848675,0.1801768241976195,12.217,57.1
14618,1940-01-12 00:00:00,0.0497251377789959,-0.1563087972227542,0.2557590727807461,12.217,57.1
14619,1940-01-13 00:00:00,-0.0036642434486173,-0.2094813207619253,0.2021528338646906,12.217,57.1
14620,1940-01-14 00:00:00,0.0050033845545587,-0.2006647066268747,0.2106714757359922,12.217,57.1
14621,1940-01-15 00:00:00,0.1990066270463356,-0.0073409940505114,0.4053542481431826,12.217,57.1
14622,1940-01-16 00:00:00,0.0164500069016987,-0.1924695123418633,0.2253695261452608,12.217,57.1
14623,1940-01-17 00:00:00,-0.0220874126689362,-0.2323415470546865,0.1881667217168139,12.217,57.1
14624,1940-01-18 00:00:00,0.0359190188926925,-0.1706408756126134,0.2424789133979985,12.217,57.1
14625,1940-01-19 00:00:00,0.1184806394157483,-0.0882894617185154,0.3252507405500122,12.217,57.1
14626,1940-01-20 00:00:00,0.0211239374798738,-0.1853210299382287,0.2275689048979763,12.217,57.1
14627,1940-01-21 00:00:00,-0.1730449335958089,-0.3816373446587083,0.0355474774670905,12.217,57.1
14628,1940-01-22 00:00:00,0.0476166076529985,-0.1600822877934636,0.2553155030994607,12.217,57.1
14629,1940-01-23 00:00:00,-0.0088892698370102,-0.2179146498776103,0.2001361102035898,12.217,57.1
14630,1940-01-24 00:00:00,-0.0699302612501392,-0.2769334225321908,0.1370729000319122,12.217,57.1
14631,1940-01-25 00:00:00,0.06587419309076,-0.1398915384815282,0.2716399246630482,12.217,57.1
14632,1940-01-26 00:00:00,0.0195318154371382,-0.1871395663041233,0.2262031971783999,12.217,57.1
14633,1940-01-27 00:00:00,-0.0956694204398347,-0.3017589736521381,0.1104201327724687,12.217,57.1
14634,1940-01-28 00:00:00,-0.1103059153951228,-0.3170499240672167,0.0964380932769709,12.217,57.1
14635,1940-01-29 00:00:00,-0.1609538790728518,-0.3667859601936185,0.0448782020479147,12.217,57.1
14636,1940-01-30 00:00:00,-0.1293338037132975,-0.3349856375196545,0.0763180300930594,12.217,57.1
14637,1940-01-31 00:00:00,-0.0645336391369827,-0.2705721650734586,0.1415048867994932,12.217,57.1
14638,1940-02-01 00:00:00,-0.0450528567124744,-0.2512582817215589,0.16115256829661,12.217,57.1
14639,1940-02-02 00:00:00,-0.0566850795002517,-0.2629489535246572,0.1495787945241538,12.217,57.1
14640,1940-02-03 00:00:00,-0.061595737542611,-0.2676152645454948,0.1444237894602727,12.217,57.1
14641,1940-02-04 00:00:00,-0.0653470538391253,-0.2710344520272898,0.140340344349039,12.217,57.1
14642,1940-02-05 00:00:00,-0.016855153523382,-0.2226150324894011,0.1889047254426371,12.217,57.1
14643,1940-02-06 00:00:00,-0.0372340895319446,-0.2429437087484229,0.1684755296845335,12.217,57.1
14644,1940-02-07 00:00:00,-0.0517293986545646,-0.2573375903371657,0.1538787930280363,12.217,57.1
14645,1940-02-08 00:00:00,-0.0522570421613394,-0.257903000800818,0.1533889164781391,12.217,57.1
14646,1940-02-09 00:00:00,-0.0737582786576357,-0.2795548244116394,0.132038267096368,12.217,57.1
14647,1940-02-10 00:00:00,-0.0830785870661865,-0.2888386133524078,0.1226814392200348,12.217,57.1
14648,1940-02-11 00:00:00,-0.0583817298689184,-0.264173081722109,0.1474096219842721,12.217,57.1
14649,1940-02-12 00:00:00,-0.0708522565699506,-0.2765938038331332,0.1348892906932319,12.217,57.1
14650,1940-02-13 00:00:00,-0.09203698784104,-0.2978469127608804,0.1137729370788003,12.217,57.1
14651,1940-02-14 00:00:00,-0.1023750749369385,-0.3081173965615393,0.1033672466876621,12.217,57.1
14652,1940-02-15 00:00:00,-0.10888129309118,-0.3147910483908954,0.0970284622085352,12.217,57.1
14653,1940-02-16 00:00:00,-0.0225985044958015,-0.2298712343848992,0.1846742253932961,12.217,57.1
14654,1940-02-17 00:00:00,0.0407050594312464,-0.1651250044561616,0.2465351233186545,12.217,57.1
14655,1940-02-18 00:00:00,0.1085630055123402,-0.0969838427982197,0.3141098538229002,12.217,57.1
14656,1940-02-19 00:00:00,0.017290646560523,-0.1883305048652076,0.2229117979862538,12.217,57.1
14657,1940-02-20 00:00:00,0.0113060711923729,-0.1951136767877554,0.2177258191725014,12.217,57.1
14658,1940-02-21 00:00:00,-0.0011358379777553,-0.2081513553996513,0.2058796794441406,12.217,57.1
14659,1940-02-22 00:00:00,0.2187640730702901,0.0116746622764219,0.4258534838641582,12.217,57.1
14660,1940-02-23 00:00:00,0.1817460178148468,-0.0239772266121938,0.3874692622418876,12.217,57.1
14661,1940-02-24 00:00:00,0.3945449016904229,0.1885242677274234,0.6005655356534225,12.217,57.1
14662,1940-02-25 00:00:00,0.2896699110066741,0.0802675315605855,0.4990722904527627,12.217,57.1
14663,1940-02-26 00:00:00,0.0944322734855295,-0.1158998377289643,0.3047643847000234,12.217,57.1
14664,1940-02-27 00:00:00,0.1247364048467654,-0.0811054872962374,0.3305782969897683,12.217,57.1
14665,1940-02-28 00:00:00,0.3006618090423622,0.0947444583300102,0.5065791597547142,12.217,57.1
14666,1940-02-29 00:00:00,0.1889565858348033,-0.017977993716575,0.3958911653861816,12.217,57.1
14667,1940-03-01 00:00:00,-0.0844794951537091,-0.2920868160020637,0.1231278256946455,12.217,57.1
14668,1940-03-02 00:00:00,-0.094262294385167,-0.3004898155506235,0.1119652267802894,12.217,57.1
14669,1940-03-03 00:00:00,0.0174902895520352,-0.1884470514266403,0.2234276305307108,12.217,57.1
14670,1940-03-04 00:00:00,0.1893307902952479,-0.0169488454415137,0.3956104260320097,12.217,57.1
14671,1940-03-05 00:00:00,0.3630550096906839,0.1548510266229329,0.571258992758435,12.217,57.1
14672,1940-03-06 00:00:00,0.0639285429017929,-0.1470281511398236,0.2748852369434095,12.217,57.1
14673,1940-03-07 00:00:00,-0.0382173971845248,-0.2441036955344326,0.1676689011653829,12.217,57.1
14674,1940-03-08 00:00:00,0.0211482767282317,-0.1846579864135302,0.2269545398699936,12.217,57.1
14675,1940-03-09 00:00:00,0.0997876979846876,-0.1058437425900336,0.3054191385594089,12.217,57.1
14676,1940-03-10 00:00:00,0.1476706349108776,-0.0585053728648309,0.3538466426865863,12.217,57.1
14677,1940-03-11 00:00:00,0.1333718901948599,-0.0727875054369437,0.3395312858266636,12.217,57.1
14678,1940-03-12 00:00:00,0.3626072831802569,0.156911016465932,0.5683035498945818,12.217,57.1
14679,1940-03-13 00:00:00,0.237180326366188,0.0311340606129717,0.4432265921194042,12.217,57.1
14680,1940-03-14 00:00:00,0.1708425783465512,-0.0360012801140431,0.3776864368071455,12.217,57.1
14681,1940-03-15 00:00:00,0.0788429732946102,-0.1276011647833211,0.2852871113725416,12.217,57.1
14682,1940-03-16 00:00:00,0.0719554622828577,-0.134697237455884,0.2786081620215995,12.217,57.1
14683,1940-03-17 00:00:00,-0.0318830325419166,-0.2383862383935638,0.1746201733097306,12.217,57.1
14684,1940-03-18 00:00:00,-0.0035786354560996,-0.2099380002586825,0.2027807293464832,12.217,57.1
14685,1940-03-19 00:00:00,0.1117750070973869,-0.0954186612656185,0.3189686754603924,12.217,57.1
14686,1940-03-20 00:00:00,0.2463347912640959,0.0384875714818003,0.4541820110463914,12.217,57.1
14687,1940-03-21 00:00:00,0.0847563022402178,-0.1217780213999409,0.2912906258803766,12.217,57.1
14688,1940-03-22 00:00:00,0.0323355988234127,-0.173696845714823,0.2383680433616485,12.217,57.1
14689,1940-03-23 00:00:00,0.0169541113691167,-0.1887447980167878,0.2226530207550212,12.217,57.1
14690,1940-03-24 00:00:00,0.0269581658874262,-0.1785553435753176,0.2324716753501701,12.217,57.1
14691,1940-03-25 00:00:00,0.0752890010743812,-0.1302730211143587,0.2808510232631211,12.217,57.1
14692,1940-03-26 00:00:00,0.1164077089946686,-0.0891703016297391,0.3219857196190765,12.217,57.1
14693,1940-03-27 00:00:00,0.205271260488986,-0.0005428578802365,0.4110853788582086,12.217,57.1
14694,1940-03-28 00:00:00,0.1554904745033116,-0.0510606749703114,0.3620416239769347,12.217,57.1
14695,1940-03-29 00:00:00,0.2311036100845936,0.0241586861981389,0.4380485339710482,12.217,57.1
14696,1940-03-30 00:00:00,0.0975750855324995,-0.1085636889247487,0.3037138599897477,12.217,57.1
14697,1940-03-31 00:00:00,0.0545187140014179,-0.1511388419703555,0.2601762699731915,12.217,57.1
14698,1940-04-01 00:00:00,0.1981730787299874,-0.0078514455497488,0.4041976030097238,12.217,57.1
14699,1940-04-02 00:00:00,0.2872574991398069,0.0809722336752321,0.4935427646043817,12.217,57.1
14700,1940-04-03 00:00:00,0.2323760766634735,0.0262296410489298,0.4385225122780172,12.217,57.1
14701,1940-04-04 00:00:00,0.100885686667478,-0.1053283179916664,0.3070996913266225,12.217,57.1
14702,1940-04-05 00:00:00,0.1230800270789649,-0.0834315202290277,0.3295915743869577,12.217,57.1
14703,1940-04-06 00:00:00,-0.0136212890581651,-0.2198883381502249,0.1926457600338947,12.217,57.1
14704,1940-04-07 00:00:00,0.0124028510691308,-0.1935817039813387,0.2183874061196004,12.217,57.1
14705,1940-04-08 00:00:00,0.0667004608660853,-0.1393747081032164,0.2727756298353871,12.217,57.1
14706,1940-04-09 00:00:00,0.0883401013831395,-0.1175464515939406,0.2942266543602198,12.217,57.1
14707,1940-04-10 00:00:00,-0.0340252516134993,-0.2398095552476292,0.1717590520206304,12.217,57.1
14708,1940-04-11 00:00:00,-0.0242330714325136,-0.2301127533265489,0.1816466104615217,12.217,57.1
14709,1940-04-12 00:00:00,-0.0116064058382706,-0.2176356352725757,0.1944228235960345,12.217,57.1
14710,1940-04-13 00:00:00,0.023340358898881,-0.1825533163050622,0.2292340341028242,12.217,57.1
14711,1940-04-14 00:00:00,0.0672533176726838,-0.13911023283232,0.2736168681776876,12.217,57.1
14712,1940-04-15 00:00:00,0.2042862632516446,-0.001846254349748,0.4104187808530374,12.217,57.1
14713,1940-04-16 00:00:00,0.322919816501036,0.1157499361131421,0.5300896968889299,12.217,57.1
14714,1940-04-17 00:00:00,0.2847896476180808,0.078499929656463,0.4910793655796985,12.217,57.1
14715,1940-04-18 00:00:00,0.1942594017644681,-0.0118345430492064,0.4003533465781427,12.217,57.1
14716,1940-04-19 00:00:00,0.0288696556702832,-0.1768601458536297,0.2345994571941963,12.217,57.1
14717,1940-04-20 00:00:00,0.1720284838031511,-0.0345265061979517,0.378583473804254,12.217,57.1
14718,1940-04-21 00:00:00,0.0965686855119997,-0.1098202103821786,0.3029575814061781,12.217,57.1
14719,1940-04-22 00:00:00,-0.0062864729465507,-0.2118713634541063,0.1992984175610048,12.217,57.1
14720,1940-04-23 00:00:00,-0.0192007678003121,-0.2246706079315349,0.1862690723309106,12.217,57.1
14721,1940-04-24 00:00:00,0.0087163360177654,-0.1972020824877021,0.2146347545232329,12.217,57.1
14722,1940-04-25 00:00:00,-0.0071325827496408,-0.2129045061992683,0.1986393406999866,12.217,57.1
14723,1940-04-26 00:00:00,0.1068701971415333,-0.0989671721692934,0.3127075664523601,12.217,57.1
14724,1940-04-27 00:00:00,0.0470156860152817,-0.1588575086608158,0.2528888806913794,12.217,57.1
14725,1940-04-28 00:00:00,-0.0756412641239774,-0.2814668129151657,0.1301842846672107,12.217,57.1
14726,1940-04-29 00:00:00,-0.085509763107416,-0.291064536665116,0.1200450104502838,12.217,57.1
14727,1940-04-30 00:00:00,-0.0296050899182612,-0.2351725720011615,0.175962392164639,12.217,57.1
14728,1940-05-01 00:00:00,-0.0124218522945895,-0.2180161435213815,0.1931724389322023,12.217,57.1
14729,1940-05-02 00:00:00,-0.0401115608962251,-0.2458019897969578,0.1655788680045076,12.217,57.1
14730,1940-05-03 00:00:00,-0.0327758112235429,-0.2384748746664585,0.1729232522193727,12.217,57.1
14731,1940-05-04 00:00:00,-0.0438493923224085,-0.2495928423525307,0.1618940577077137,12.217,57.1
14732,1940-05-05 00:00:00,-0.0564198590297733,-0.2622136319872054,0.1493739139276587,12.217,57.1
14733,1940-05-06 00:00:00,-0.0438567956205272,-0.2495714499858818,0.1618578587448274,12.217,57.1
14734,1940-05-07 00:00:00,-0.0331274765057715,-0.238733724104956,0.172478771093413,12.217,57.1
14735,1940-05-08 00:00:00,-0.028261330045422,-0.2337209636915863,0.1771983036007421,12.217,57.1
14736,1940-05-09 00:00:00,-0.0027885161554505,-0.2082079183928112,0.20263088608191,12.217,57.1
14737,1940-05-10 00:00:00,0.0258282124537466,-0.1795845376951084,0.2312409626026016,12.217,57.1
14738,1940-05-11 00:00:00,0.0653953864113844,-0.140035508443691,0.27082628126646,12.217,57.1
14739,1940-05-12 00:00:00,0.0768739534113344,-0.1287810196653154,0.2825289264879843,12.217,57.1
14740,1940-05-13 00:00:00,0.1243356766751915,-0.0816661127590969,0.3303374661094801,12.217,57.1
14741,1940-05-14 00:00:00,0.1104077331138589,-0.0954646607085358,0.3162801269362537,12.217,57.1
14742,1940-05-15 00:00:00,0.0836525379954913,-0.1220693037246282,0.2893743797156108,12.217,57.1
14743,1940-05-16 00:00:00,-0.0125706712721381,-0.2184357588932096,0.1932944163489334,12.217,57.1
14744,1940-05-17 00:00:00,0.0320498286744199,-0.1742659853149874,0.2383656426638274,12.217,57.1
14745,1940-05-18 00:00:00,-0.0804694610583794,-0.2868601674010885,0.1259212452843296,12.217,57.1
14746,1940-05-19 00:00:00,-0.075472256277969,-0.281225866358353,0.130281353802415,12.217,57.1
14747,1940-05-20 00:00:00,-0.0359970061015702,-0.2422033804956616,0.1702093682925212,12.217,57.1
14748,1940-05-21 00:00:00,0.003714616498984,-0.2027793998853158,0.2102086328832839,12.217,57.1
14749,1940-05-22 00:00:00,-0.0441176085045085,-0.2504862470119474,0.1622510300029304,12.217,57.1
14750,1940-05-23 00:00:00,0.0164633665566345,-0.1890669391286189,0.221993672241888,12.217,57.1
14751,1940-05-24 00:00:00,0.0095022095272876,-0.1961625788108367,0.215166997865412,12.217,57.1
14752,1940-05-25 00:00:00,0.0554120791582546,-0.1501974122472043,0.2610215705637135,12.217,57.1
14753,1940-05-26 00:00:00,0.0563934188534171,-0.1490769320640381,0.2618637697708724,12.217,57.1
14754,1940-05-27 00:00:00,0.044338846003107,-0.1612527265246985,0.2499304185309126,12.217,57.1
14755,1940-05-28 00:00:00,0.0319329023904012,-0.1738507846078758,0.2377165893886783,12.217,57.1
14756,1940-05-29 00:00:00,0.0303168244929481,-0.1753424974733312,0.2359761464592276,12.217,57.1
14757,1940-05-30 00:00:00,0.0268905493860453,-0.1785653848238615,0.2323464835959521,12.217,57.1
14758,1940-05-31 00:00:00,0.0283089711075399,-0.1772177484703185,0.2338356906853984,12.217,57.1
14759,1940-06-01 00:00:00,0.0403053944320473,-0.165295511537568,0.2459063004016626,12.217,57.1
14760,1940-06-02 00:00:00,0.0353036378946129,-0.1703238125290035,0.2409310883182293,12.217,57.1
14761,1940-06-03 00:00:00,0.0319863530941559,-0.1735109165281477,0.2374836227164595,12.217,57.1
14762,1940-06-04 00:00:00,0.0067099355446945,-0.1989626325207978,0.2123825036101869,12.217,57.1
14763,1940-06-05 00:00:00,0.0141219219686113,-0.1917415395912456,0.2199853835284684,12.217,57.1
14764,1940-06-06 00:00:00,-0.0134326776064698,-0.2190648180312102,0.1921994628182707,12.217,57.1
14765,1940-06-07 00:00:00,0.0361676429317261,-0.1695488379763142,0.2418841238397666,12.217,57.1
14766,1940-06-08 00:00:00,0.0327096796152072,-0.1739848677769455,0.2394042270073601,12.217,57.1
14767,1940-06-09 00:00:00,0.0532898406510655,-0.1525773236418026,0.2591570049439338,12.217,57.1
14768,1940-06-10 00:00:00,0.1196898661537166,-0.0861722420141182,0.3255519743215515,12.217,57.1
14769,1940-06-11 00:00:00,0.073124849359962,-0.132589604693705,0.278839303413629,12.217,57.1
14770,1940-06-12 00:00:00,0.0967578464556027,-0.1087647341208293,0.3022804270320348,12.217,57.1
14771,1940-06-13 00:00:00,0.0757957514888999,-0.1300695371083091,0.281661040086109,12.217,57.1
14772,1940-06-14 00:00:00,0.0959035032586788,-0.1102750368778134,0.3020820433951711,12.217,57.1
14773,1940-06-15 00:00:00,-0.0967834138278854,-0.3029762742112887,0.1094094465555178,12.217,57.1
14774,1940-06-16 00:00:00,-0.0539051873834502,-0.2593302981620214,0.1515199233951209,12.217,57.1
14775,1940-06-17 00:00:00,-0.0552200520010313,-0.2606567915726617,0.1502166875705989,12.217,57.1
14776,1940-06-18 00:00:00,-0.0218513740772812,-0.227291535091917,0.1835887869373545,12.217,57.1
14777,1940-06-19 00:00:00,-0.0061555537879274,-0.2115803068628324,0.1992691992869776,12.217,57.1
14778,1940-06-20 00:00:00,0.0155403947868115,-0.1898661933848235,0.2209469829584467,12.217,57.1
14779,1940-06-21 00:00:00,0.0505714776995131,-0.1550487797563491,0.2561917351553754,12.217,57.1
14780,1940-06-22 00:00:00,0.0879883175868259,-0.1179460933364427,0.2939227285100946,12.217,57.1
14781,1940-06-23 00:00:00,0.1730881231772288,-0.0325870631934819,0.3787633095479397,12.217,57.1
14782,1940-06-24 00:00:00,0.1286606103270631,-0.0768858870195803,0.3342071076737065,12.217,57.1
14783,1940-06-25 00:00:00,0.1436546621368774,-0.0620325598009667,0.3493418840747215,12.217,57.1
14784,1940-06-26 00:00:00,0.086721685479766,-0.1192782142845105,0.2927215852440425,12.217,57.1
14785,1940-06-27 00:00:00,0.1327874920742177,-0.0738048387913724,0.3393798229398078,12.217,57.1
14786,1940-06-28 00:00:00,0.0066146514164958,-0.1993528559170261,0.2125821587500178,12.217,57.1
14787,1940-06-29 00:00:00,-0.0649264397183844,-0.2705449565113697,0.1406920770746009,12.217,57.1
14788,1940-06-30 00:00:00,-0.0544038612579173,-0.2600690468613768,0.1512613243455422,12.217,57.1
14789,1940-07-01 00:00:00,-0.0363178194441816,-0.2418769197060307,0.1692412808176674,12.217,57.1
14790,1940-07-02 00:00:00,0.0565858292119102,-0.1489680988276432,0.2621397572514637,12.217,57.1
14791,1940-07-03 00:00:00,0.1871389431772528,-0.0184824484479064,0.392760334802412,12.217,57.1
14792,1940-07-04 00:00:00,0.1719621846688029,-0.033813859191063,0.3777382285286689,12.217,57.1
14793,1940-07-05 00:00:00,0.1762535562455327,-0.0295759799996854,0.3820830924907509,12.217,57.1
14794,1940-07-06 00:00:00,0.1851082148206099,-0.020655726474392,0.3908721561156119,12.217,57.1
14795,1940-07-07 00:00:00,0.1078443099225354,-0.0979326407516355,0.3136212605967063,12.217,57.1
14796,1940-07-08 00:00:00,0.1474143609551158,-0.0588584855690464,0.3536872074792782,12.217,57.1
14797,1940-07-09 00:00:00,0.0781201130876551,-0.128067303499694,0.2843075296750043,12.217,57.1
14798,1940-07-10 00:00:00,0.0313222461885454,-0.1743567011825496,0.2370011935596405,12.217,57.1
14799,1940-07-11 00:00:00,-0.0156155878270008,-0.2212708854721224,0.1900397098181206,12.217,57.1
14800,1940-07-12 00:00:00,0.052575144483561,-0.1529615166155077,0.2581118055826299,12.217,57.1
14801,1940-07-13 00:00:00,0.0443387427254836,-0.1617373459964191,0.2504148314473864,12.217,57.1
14802,1940-07-14 00:00:00,0.1044381984544106,-0.1016704274182923,0.3105468243271135,12.217,57.1
14803,1940-07-15 00:00:00,0.1544365933070965,-0.0513563422273586,0.3602295288415517,12.217,57.1
14804,1940-07-16 00:00:00,0.0874064999032216,-0.1181479172728272,0.2929609170792706,12.217,57.1
14805,1940-07-17 00:00:00,0.0780993082677122,-0.1274373962288906,0.283636012764315,12.217,57.1
14806,1940-07-18 00:00:00,0.1059895361373942,-0.0995026448059344,0.311481717080723,12.217,57.1
14807,1940-07-19 00:00:00,0.1541032186224325,-0.0513576680794659,0.3595641053243311,12.217,57.1
14808,1940-07-20 00:00:00,0.1511490622193229,-0.054671464334902,0.356969588773548,12.217,57.1
14809,1940-07-21 00:00:00,0.158276450374391,-0.0473776786307159,0.363930579379498,12.217,57.1
14810,1940-07-22 00:00:00,0.2210387442795922,0.015450802641599,0.4266266859175854,12.217,57.1
14811,1940-07-23 00:00:00,0.1831247189493625,-0.0224656017032076,0.3887150396019328,12.217,57.1
14812,1940-07-24 00:00:00,0.1715454805595301,-0.0341789601114596,0.3772699212305199,12.217,57.1
14813,1940-07-25 00:00:00,0.1241903494148707,-0.0815172516203221,0.3298979504500636,12.217,57.1
14814,1940-07-26 00:00:00,0.1494230853935722,-0.0562277107043358,0.3550738814914802,12.217,57.1
14815,1940-07-27 00:00:00,0.1192354293044962,-0.0865542776767508,0.3250251362857433,12.217,57.1
14816,1940-07-28 00:00:00,0.1249501903631519,-0.0806274682307112,0.3305278489570152,12.217,57.1
14817,1940-07-29 00:00:00,0.2032066440901197,-0.0027987342143402,0.4092120223945797,12.217,57.1
14818,1940-07-30 00:00:00,0.1199461956712123,-0.0861602302611177,0.3260526216035425,12.217,57.1
14819,1940-07-31 00:00:00,0.1646695326269424,-0.0411148334513816,0.3704538987052665,12.217,57.1
14820,1940-08-01 00:00:00,0.0709019184029107,-0.1349897614761233,0.2767935982819448,12.217,57.1
14821,1940-08-02 00:00:00,-0.0049163272359318,-0.2104277539006981,0.2005950994288343,12.217,57.1
14822,1940-08-03 00:00:00,0.00648129916495,-0.1989217930118909,0.2118843913417909,12.217,57.1
14823,1940-08-04 00:00:00,0.0257551009546932,-0.1797701480758405,0.2312803499852271,12.217,57.1
14824,1940-08-05 00:00:00,0.0244361370296632,-0.1812845633588088,0.2301568374181354,12.217,57.1
14825,1940-08-06 00:00:00,0.0876366898656882,-0.1179467425927962,0.2932201223241726,12.217,57.1
14826,1940-08-07 00:00:00,0.1034623342075755,-0.1022969122756083,0.3092215806907594,12.217,57.1
14827,1940-08-08 00:00:00,0.1835853913183708,-0.0222642237178833,0.3894350063546249,12.217,57.1
14828,1940-08-09 00:00:00,0.1648210399041,-0.0408428658035103,0.3704849456117103,12.217,57.1
14829,1940-08-10 00:00:00,0.2361725161473519,0.0303919418910137,0.44195309040369,12.217,57.1
14830,1940-08-11 00:00:00,0.1271684368124941,-0.0791714522547104,0.3335083258796987,12.217,57.1
14831,1940-08-12 00:00:00,0.25315262719909,0.0469886134619719,0.4593166409362081,12.217,57.1
14832,1940-08-13 00:00:00,0.1798806371891709,-0.026006532376389,0.385767806754731,12.217,57.1
14833,1940-08-14 00:00:00,0.049981591339805,-0.1556402462206552,0.2556034289002652,12.217,57.1
14834,1940-08-15 00:00:00,0.1391619738561001,-0.0663769346072421,0.3447008823194424,12.217,57.1
14835,1940-08-16 00:00:00,0.1100158054004189,-0.095622955675347,0.3156545664761849,12.217,57.1
14836,1940-08-17 00:00:00,0.1101179666564602,-0.095681230471382,0.3159171637843026,12.217,57.1
14837,1940-08-18 00:00:00,0.1205004610653541,-0.0853667213304194,0.3263676434611277,12.217,57.1
14838,1940-08-19 00:00:00,0.1812055491264859,-0.0249101250710506,0.3873212233240224,12.217,57.1
14839,1940-08-20 00:00:00,0.1213891489125168,-0.0844213154583717,0.3271996132834053,12.217,57.1
14840,1940-08-21 00:00:00,0.2090659329389118,0.0032075012696548,0.4149243646081687,12.217,57.1
14841,1940-08-22 00:00:00,0.2024145637340375,-0.0034286798553085,0.4082578073233837,12.217,57.1
14842,1940-08-23 00:00:00,0.1432316760790547,-0.0625762164626465,0.349039568620756,12.217,57.1
14843,1940-08-24 00:00:00,0.455790133620098,0.2478967150288869,0.663683552211309,12.217,57.1
14844,1940-08-25 00:00:00,0.277615738374602,0.0711093041740359,0.4841221725751681,12.217,57.1
14845,1940-08-26 00:00:00,0.1771997637654587,-0.0286099860593385,0.3830095135902559,12.217,57.1
14846,1940-08-27 00:00:00,0.2090618851773167,0.0031476086074843,0.4149761617471491,12.217,57.1
14847,1940-08-28 00:00:00,0.0821150691021449,-0.1235515582780113,0.2877816964823011,12.217,57.1
14848,1940-08-29 00:00:00,0.1068011403251058,-0.0989302792307266,0.3125325598809383,12.217,57.1
14849,1940-08-30 00:00:00,0.0217922596638449,-0.1848371095377323,0.2284216288654222,12.217,57.1
14850,1940-08-31 00:00:00,-0.009700163694503,-0.2162076523653503,0.1968073249763442,12.217,57.1
14851,1940-09-01 00:00:00,0.1589965781662423,-0.0472338532001314,0.3652270095326161,12.217,57.1
14852,1940-09-02 00:00:00,0.3970400167707102,0.1904517796384725,0.6036282539029478,12.217,57.1
14853,1940-09-03 00:00:00,0.195187936851722,-0.0109124456119694,0.4012883193154135,12.217,57.1
14854,1940-09-04 00:00:00,0.0850225724405968,-0.1208062212747407,0.2908513661559344,12.217,57.1
14855,1940-09-05 00:00:00,0.0520847646464713,-0.1533813547169963,0.257550884009939,12.217,57.1
14856,1940-09-06 00:00:00,0.1313680425053927,-0.0745580596319439,0.3372941446427293,12.217,57.1
14857,1940-09-07 00:00:00,0.2114181327757491,0.005628366396728,0.4172078991547702,12.217,57.1
14858,1940-09-08 00:00:00,0.4723746925846984,0.2652289327746671,0.6795204523947298,12.217,57.1
14859,1940-09-09 00:00:00,0.2798421673672548,0.0710042595366822,0.4886800751978274,12.217,57.1
14860,1940-09-10 00:00:00,0.1327762625635453,-0.073101879952335,0.3386544050794257,12.217,57.1
14861,1940-09-11 00:00:00,0.1792508444034027,-0.0272508377614052,0.3857525265682107,12.217,57.1
14862,1940-09-12 00:00:00,0.1674359147816093,-0.040279504461589,0.3751513340248077,12.217,57.1
14863,1940-09-13 00:00:00,0.1342880753832204,-0.071430253146837,0.3400064039132779,12.217,57.1
14864,1940-09-14 00:00:00,0.1679410416915601,-0.0378439687620552,0.3737260521451754,12.217,57.1
14865,1940-09-15 00:00:00,0.2307673934392931,0.0250812482152378,0.4364535386633483,12.217,57.1
14866,1940-09-16 00:00:00,0.1542918368856307,-0.051461334451235,0.3600450082224965,12.217,57.1
14867,1940-09-17 00:00:00,0.0745600235131637,-0.1314951059618285,0.280615152988156,12.217,57.1
14868,1940-09-18 00:00:00,0.3687505193948355,0.1623593738080665,0.5751416649816045,12.217,57.1
14869,1940-09-19 00:00:00,0.4850598717873229,0.2776351026569491,0.6924846409176968,12.217,57.1
14870,1940-09-20 00:00:00,0.1933613762541139,-0.0136041566154571,0.4003269091236849,12.217,57.1
14871,1940-09-21 00:00:00,0.2378871909509369,0.0317494001710043,0.4440249817308696,12.217,57.1
14872,1940-09-22 00:00:00,0.1833758301489106,-0.0229892530193638,0.3897409133171851,12.217,57.1
14873,1940-09-23 00:00:00,0.0705274158688975,-0.1351254220055323,0.2761802537433274,12.217,57.1
14874,1940-09-24 00:00:00,0.1740932290312007,-0.0319421927809931,0.3801286508433947,12.217,57.1
14875,1940-09-25 00:00:00,0.140633991067808,-0.0649423518616176,0.3462103339972338,12.217,57.1
14876,1940-09-26 00:00:00,0.1886215845568121,-0.0173052138807792,0.3945483829944035,12.217,57.1
14877,1940-09-27 00:00:00,0.1208855284482547,-0.0851530858643113,0.3269241427608209,12.217,57.1
14878,1940-09-28 00:00:00,0.2948558457376534,0.0871613839045864,0.5025503075707203,12.217,57.1
14879,1940-09-29 00:00:00,0.1866798332742438,-0.0338975112168732,0.4072571777653609,12.217,57.1
14880,1940-09-30 00:00:00,-0.0909207455544749,-0.2977761898385799,0.11593469872963,12.217,57.1
14881,1940-10-01 00:00:00,0.0278500207009732,-0.177592054905241,0.2332920963071875,12.217,57.1
14882,1940-10-02 00:00:00,0.0508623369793159,-0.1546655893109048,0.2563902632695367,12.217,57.1
14883,1940-10-03 00:00:00,-0.0194258716596903,-0.2249183086166739,0.1860665652972932,12.217,57.1
14884,1940-10-04 00:00:00,-0.0003390091429054,-0.2058753150654328,0.205197296779622,12.217,57.1
14885,1940-10-05 00:00:00,0.04141078421451,-0.1641412487407204,0.2469628171697405,12.217,57.1
14886,1940-10-06 00:00:00,0.2635552207872588,0.0559651935842079,0.4711452479903096,12.217,57.1
14887,1940-10-07 00:00:00,0.3097160903349063,0.1023813697463539,0.5170508109234586,12.217,57.1
14888,1940-10-08 00:00:00,0.5296334958931241,0.3229162635734497,0.7363507282127986,12.217,57.1
14889,1940-10-09 00:00:00,0.1604747152301594,-0.0471060859632643,0.3680555164235832,12.217,57.1
14890,1940-10-10 00:00:00,0.2733661628261085,0.0671731269956564,0.4795591986565605,12.217,57.1
14891,1940-10-11 00:00:00,0.1522014959923449,-0.0542409561261711,0.3586439481108611,12.217,57.1
14892,1940-10-12 00:00:00,0.0494737054832822,-0.1572420692968567,0.2561894802634211,12.217,57.1
14893,1940-10-13 00:00:00,-0.0550164089445167,-0.260914318987537,0.1508815010985035,12.217,57.1
14894,1940-10-14 00:00:00,-0.023356142812357,-0.2290583090418823,0.1823460234171682,12.217,57.1
14895,1940-10-15 00:00:00,0.0631273558086668,-0.1424340636668976,0.2686887752842313,12.217,57.1
14896,1940-10-16 00:00:00,-0.0056655423134838,-0.21120005726651,0.1998689726395424,12.217,57.1
14897,1940-10-17 00:00:00,-0.0351623591161368,-0.2407121252045659,0.1703874069722923,12.217,57.1
14898,1940-10-18 00:00:00,0.0345538751328443,-0.1711126644342123,0.2402204146999011,12.217,57.1
14899,1940-10-19 00:00:00,0.0713074716980918,-0.134397521176281,0.2770124645724646,12.217,57.1
14900,1940-10-20 00:00:00,-0.0276368812017656,-0.2332086178043326,0.1779348554008012,12.217,57.1
14901,1940-10-21 00:00:00,-0.0140721745494236,-0.2195973308641158,0.1914529817652686,12.217,57.1
14902,1940-10-22 00:00:00,0.0044344084204425,-0.2011577775407514,0.2100265943816365,12.217,57.1
14903,1940-10-23 00:00:00,-0.0721267134434191,-0.2779640637815572,0.1337106368947189,12.217,57.1
14904,1940-10-24 00:00:00,-0.0297671796285157,-0.235501645094396,0.1759672858373645,12.217,57.1
14905,1940-10-25 00:00:00,-0.0046937854329264,-0.2104533080509968,0.2010657371851438,12.217,57.1
14906,1940-10-26 00:00:00,-0.0199571611591045,-0.2257675167519304,0.1858531944337214,12.217,57.1
14907,1940-10-27 00:00:00,-0.0062568860557534,-0.2119058914252051,0.1993921193136981,12.217,57.1
14908,1940-10-28 00:00:00,-0.0450390310255635,-0.2506182955896154,0.1605402335384884,12.217,57.1
14909,1940-10-29 00:00:00,-0.0212882769478429,-0.2267182093320019,0.184141655436316,12.217,57.1
14910,1940-10-30 00:00:00,0.0145159489421622,-0.1910017382626955,0.2200336361470201,12.217,57.1
14911,1940-10-31 00:00:00,0.0294457652562776,-0.1761758067190723,0.2350673372316275,12.217,57.1
14912,1940-11-01 00:00:00,0.1733829963385269,-0.0324714325562293,0.3792374252332833,12.217,57.1
14913,1940-11-02 00:00:00,0.4308309801704855,0.223320028196726,0.638341932144245,12.217,57.1
14914,1940-11-03 00:00:00,0.2153095398642169,0.0091283032458335,0.4214907764826002,12.217,57.1
14915,1940-11-04 00:00:00,0.3269376368920615,0.1189133423211007,0.5349619314630223,12.217,57.1
14916,1940-11-05 00:00:00,0.0969543763883465,-0.1096458492819686,0.3035546020586618,12.217,57.1
14917,1940-11-06 00:00:00,0.0604409079592901,-0.1454189916147527,0.2663008075333331,12.217,57.1
14918,1940-11-07 00:00:00,0.0765413269261895,-0.1290566226848674,0.2821392765372465,12.217,57.1
14919,1940-11-08 00:00:00,0.0618681579269318,-0.1439890508367234,0.2677253666905871,12.217,57.1
14920,1940-11-09 00:00:00,0.065183964305998,-0.1406683371100876,0.2710362657220837,12.217,57.1
14921,1940-11-10 00:00:00,0.0773410167426153,-0.1284969881609669,0.2831790216461976,12.217,57.1
14922,1940-11-11 00:00:00,0.305593612592837,0.0985240307351314,0.5126631944505426,12.217,57.1
14923,1940-11-12 00:00:00,0.2911770817460931,0.0836666585627216,0.4986875049294646,12.217,57.1
14924,1940-11-13 00:00:00,0.4147977123867318,0.2052592817268437,0.6243361430466199,12.217,57.1
14925,1940-11-14 00:00:00,0.376693694739303,0.1692899528157193,0.5840974366628868,12.217,57.1
14926,1940-11-15 00:00:00,0.4776640803244076,0.2689820877396413,0.686346072909174,12.217,57.1
14927,1940-11-16 00:00:00,0.2802952297663711,0.0742656488712028,0.4863248106615395,12.217,57.1
14928,1940-11-17 00:00:00,0.2036339940920296,-0.0021159234823507,0.4093839116664101,12.217,57.1
14929,1940-11-18 00:00:00,0.1954179297337809,-0.0106360566958678,0.4014719161634298,12.217,57.1
14930,1940-11-19 00:00:00,0.1509856495306497,-0.0560868158743853,0.3580581149356848,12.217,57.1
14931,1940-11-20 00:00:00,0.1292699685298301,-0.0770771084640352,0.3356170455236955,12.217,57.1
14932,1940-11-21 00:00:00,0.2412198392800118,0.034891010101851,0.4475486684581726,12.217,57.1
14933,1940-11-22 00:00:00,0.6000163623748174,0.390083176560606,0.8099495481890288,12.217,57.1
14934,1940-11-23 00:00:00,0.0928709057835406,-0.1157721949324524,0.3015140064995337,12.217,57.1
14935,1940-11-24 00:00:00,0.1167927030640941,-0.0892224273166479,0.3228078334448361,12.217,57.1
14936,1940-11-25 00:00:00,0.2015546607733889,-0.0044012147734041,0.4075105363201821,12.217,57.1
14937,1940-11-26 00:00:00,0.482455529440748,0.2747446262596142,0.6901664326218819,12.217,57.1
14938,1940-11-27 00:00:00,0.4891941099093577,0.2809122651803389,0.6974759546383764,12.217,57.1
14939,1940-11-28 00:00:00,0.2775830403737649,0.0705043916969584,0.4846616890505714,12.217,57.1
14940,1940-11-29 00:00:00,0.0176795680584717,-0.1884400636969442,0.2237991998138876,12.217,57.1
14941,1940-11-30 00:00:00,-0.0943315104190217,-0.3000301719530643,0.1113671511150208,12.217,57.1
14942,1940-12-01 00:00:00,0.0641311935315056,-0.1417802474207949,0.2700426344838061,12.217,57.1
14943,1940-12-02 00:00:00,0.2513550516818434,0.045205206102931,0.4575048972607558,12.217,57.1
14944,1940-12-03 00:00:00,0.2802002385361383,0.0742657628539614,0.4861347142183151,12.217,57.1
14945,1940-12-04 00:00:00,0.2003848614679008,-0.0055168428062763,0.406286565742078,12.217,57.1
14946,1940-12-05 00:00:00,0.1712591327604954,-0.0347357224490871,0.3772539879700781,12.217,57.1
14947,1940-12-06 00:00:00,0.4676437360717817,0.2601126844768766,0.6751747876666868,12.217,57.1
14948,1940-12-07 00:00:00,0.3898458763203402,0.1817730249322712,0.5979187277084093,12.217,57.1
14949,1940-12-08 00:00:00,0.1531778978295987,-0.0537583310046143,0.3601141266638119,12.217,57.1
14950,1940-12-09 00:00:00,-0.0250364370150168,-0.2327012060960646,0.1826283320660309,12.217,57.1
14951,1940-12-10 00:00:00,0.125250040090414,-0.0806852032873327,0.3311852834681607,12.217,57.1
14952,1940-12-11 00:00:00,0.2380266222367219,0.0317261930525256,0.4443270514209182,12.217,57.1
14953,1940-12-12 00:00:00,0.00976840059638,-0.196260599509943,0.2157974007027031,12.217,57.1
14954,1940-12-13 00:00:00,-0.1230456745403966,-0.3292730317112299,0.0831816826304366,12.217,57.1
14955,1940-12-14 00:00:00,-0.1493497180274367,-0.3549837532721684,0.0562843172172949,12.217,57.1
14956,1940-12-15 00:00:00,0.0024611763522511,-0.2033264702829599,0.2082488229874622,12.217,57.1
14957,1940-12-16 00:00:00,0.0005161762352721,-0.2055725689847427,0.2066049214552869,12.217,57.1
14958,1940-12-17 00:00:00,0.0749232066304338,-0.1325991510447582,0.2824455643056258,12.217,57.1
14959,1940-12-18 00:00:00,0.0155037718627307,-0.1915679116164944,0.2225754553419558,12.217,57.1
14960,1940-12-19 00:00:00,0.0761603066611616,-0.129627367496683,0.2819479808190063,12.217,57.1
14961,1940-12-20 00:00:00,-0.142287871080022,-0.3503135674174799,0.0657378252574358,12.217,57.1
14962,1940-12-21 00:00:00,-0.1781837678824139,-0.3839538477769869,0.0275863120121589,12.217,57.1
14963,1940-12-22 00:00:00,-0.1481983967928973,-0.3538324441983095,0.0574356506125148,12.217,57.1
14964,1940-12-23 00:00:00,-0.1272279319692147,-0.3328164425596588,0.0783605786212292,12.217,57.1
14965,1940-12-24 00:00:00,-0.1295646231187781,-0.3351315777777887,0.0760023315402325,12.217,57.1
14966,1940-12-25 00:00:00,-0.0999598733477783,-0.3055450889156479,0.1056253422200912,12.217,57.1
14967,1940-12-26 00:00:00,-0.0302181950137595,-0.2357685500046646,0.1753321599771455,12.217,57.1
14968,1940-12-27 00:00:00,0.004472657553169,-0.2013496685490318,0.21029498365537,12.217,57.1
14969,1940-12-28 00:00:00,0.1699666918302019,-0.0363657085484831,0.3762990922088869,12.217,57.1
14970,1940-12-29 00:00:00,0.232817730871323,0.0261449537307421,0.4394905080119039,12.217,57.1
14971,1940-12-30 00:00:00,0.2447421865629558,0.0383125297497638,0.4511718433761479,12.217,57.1
14972,1940-12-31 00:00:00,0.0844042325700686,-0.1219234850226032,0.2907319501627404,12.217,57.1
14973,1941-01-01 00:00:00,0.0056818694107162,-0.200207831872653,0.2115715706940855,12.217,57.1
14974,1941-01-02 00:00:00,-0.0463573256794497,-0.2518847704737296,0.15917011911483,12.217,57.1
14975,1941-01-03 00:00:00,-0.0280157143464792,-0.2338990611836973,0.1778676324907389,12.217,57.1
14976,1941-01-04 00:00:00,-0.0190711475518607,-0.2367033942736916,0.1985610991699702,12.217,57.1
14977,1941-01-05 00:00:00,-0.1011004017249003,-0.3095086186078049,0.1073078151580041,12.217,57.1
14978,1941-01-06 00:00:00,-0.0376042970258473,-0.24313036221782,0.1679217681661254,12.217,57.1
14979,1941-01-07 00:00:00,-0.0727385601390975,-0.2782929786738429,0.1328158583956478,12.217,57.1
14980,1941-01-08 00:00:00,-0.0835904699391802,-0.289192814288512,0.1220118744101516,12.217,57.1
14981,1941-01-09 00:00:00,-0.1105304085034152,-0.3170632509343853,0.0960024339275549,12.217,57.1
14982,1941-01-10 00:00:00,-0.0966403838620628,-0.3029562057450834,0.1096754380209576,12.217,57.1
14983,1941-01-11 00:00:00,-0.0070742554000605,-0.2130390026437413,0.1988904918436202,12.217,57.1
14984,1941-01-12 00:00:00,-0.0349101133593128,-0.2406661069290703,0.1708458802104447,12.217,57.1
14985,1941-01-13 00:00:00,0.040205685398445,-0.1653846066176535,0.2457959774145437,12.217,57.1
14986,1941-01-14 00:00:00,0.2148363063921091,0.0087030394443587,0.4209695733398594,12.217,57.1
14987,1941-01-15 00:00:00,0.0676235802014904,-0.1389362392784673,0.2741833996814482,12.217,57.1
14988,1941-01-16 00:00:00,0.0825902586291609,-0.123201596525119,0.2883821137834409,12.217,57.1
14989,1941-01-17 00:00:00,0.2072563361574829,0.0005021195383319,0.4140105527766339,12.217,57.1
14990,1941-01-18 00:00:00,0.0107697531890692,-0.1957103245894217,0.2172498309675603,12.217,57.1
14991,1941-01-19 00:00:00,-0.0288198107268733,-0.2351624737570052,0.1775228523032585,12.217,57.1
14992,1941-01-20 00:00:00,0.0733325679269419,-0.1329220903851934,0.2795872262390773,12.217,57.1
14993,1941-01-21 00:00:00,0.0437175495088117,-0.1627993224435538,0.2502344214611774,12.217,57.1
14994,1941-01-22 00:00:00,-0.0718617664669722,-0.2795151416944751,0.1357916087605307,12.217,57.1
14995,1941-01-23 00:00:00,0.1152282612921234,-0.0927344215685504,0.3231909441527973,12.217,57.1
14996,1941-01-24 00:00:00,0.0310584737914004,-0.1758192779584121,0.237936225541213,12.217,57.1
14997,1941-01-25 00:00:00,-0.0218548475973518,-0.2277784182239675,0.1840687230292638,12.217,57.1
14998,1941-01-26 00:00:00,-0.0452961232880159,-0.2510771854507881,0.1604849388747562,12.217,57.1
14999,1941-01-27 00:00:00,-0.0963521512835376,-0.3020444194206708,0.1093401168535955,12.217,57.1
15000,1941-01-28 00:00:00,-0.0186282414871343,-0.2245344164879901,0.1872779335137213,12.217,57.1
15001,1941-01-29 00:00:00,-0.0668939384193028,-0.2730715932831076,0.1392837164445019,12.217,57.1
15002,1941-01-30 00:00:00,-0.0882878222023245,-0.2941737731537566,0.1175981287491075,12.217,57.1
15003,1941-01-31 00:00:00,0.0473223307169458,-0.1587533502124557,0.2533980116463474,12.217,57.1
15004,1941-02-01 00:00:00,0.0707595482345655,-0.1355993848038858,0.2771184812730168,12.217,57.1
15005,1941-02-02 00:00:00,0.0499009321944278,-0.1560883779542627,0.2558902423431184,12.217,57.1
15006,1941-02-03 00:00:00,-0.0043854507700613,-0.2102862809945932,0.2015153794544705,12.217,57.1
15007,1941-02-04 00:00:00,-0.0712741863685292,-0.277302182371278,0.1347538096342195,12.217,57.1
15008,1941-02-05 00:00:00,-0.1283940572323578,-0.3340931882110099,0.0773050737462943,12.217,57.1
15009,1941-02-06 00:00:00,0.0145355704367248,-0.1911217005567224,0.220192841430172,12.217,57.1
15010,1941-02-07 00:00:00,0.1095838931126187,-0.0963344549417143,0.3155022411669518,12.217,57.1
15011,1941-02-08 00:00:00,0.1851685021837522,-0.0206161853131112,0.3909531896806157,12.217,57.1
15012,1941-02-09 00:00:00,0.1370608127484351,-0.0689268315347725,0.3430484570316429,12.217,57.1
15013,1941-02-10 00:00:00,0.2819951384076626,0.0760301718349147,0.4879601049804106,12.217,57.1
15014,1941-02-11 00:00:00,0.2631854039471139,0.0574023535453157,0.4689684543489121,12.217,57.1
15015,1941-02-12 00:00:00,0.1630896647617398,-0.0428017206084542,0.3689810501319339,12.217,57.1
15016,1941-02-13 00:00:00,0.0395276630376879,-0.1661362987953068,0.2451916248706827,12.217,57.1
15017,1941-02-14 00:00:00,0.0808535973399356,-0.125054242379244,0.2867614370591153,12.217,57.1
15018,1941-02-15 00:00:00,0.1348671736282512,-0.0709249172403471,0.3406592644968496,12.217,57.1
15019,1941-02-16 00:00:00,0.0723338853045286,-0.133330200429081,0.2779979710381384,12.217,57.1
15020,1941-02-17 00:00:00,0.0077884493900661,-0.1981270353422047,0.2137039341223369,12.217,57.1
15021,1941-02-18 00:00:00,0.1038939003303756,-0.1021438557871735,0.3099316564479248,12.217,57.1
15022,1941-02-19 00:00:00,0.07817315748277,-0.1281819840645974,0.2845282990301376,12.217,57.1
15023,1941-02-20 00:00:00,0.1058480827204802,-0.1000230808779115,0.3117192463188721,12.217,57.1
15024,1941-02-21 00:00:00,0.1799113160261987,-0.0260142920769921,0.3858369241293896,12.217,57.1
15025,1941-02-22 00:00:00,0.1109785511106844,-0.0950835984551199,0.3170407006764888,12.217,57.1
15026,1941-02-23 00:00:00,0.0700734439077339,-0.1361128619299173,0.2762597497453851,12.217,57.1
15027,1941-02-24 00:00:00,0.0982417255724152,-0.1074992228332293,0.3039826739780599,12.217,57.1
15028,1941-02-25 00:00:00,0.0529252671315282,-0.1526688455265633,0.2585193797896199,12.217,57.1
15029,1941-02-26 00:00:00,0.0056890616735455,-0.2000189289204957,0.2113970522675868,12.217,57.1
15030,1941-02-27 00:00:00,0.0883771966491515,-0.117251602327771,0.294005995626074,12.217,57.1
15031,1941-02-28 00:00:00,0.1137499774559674,-0.0932915155919224,0.3207914705038573,12.217,57.1
15032,1941-03-01 00:00:00,0.2781006718667517,0.0709624429585475,0.485238900774956,12.217,57.1
15033,1941-03-02 00:00:00,0.2915403825031382,0.0858751514971275,0.4972056135091489,12.217,57.1
15034,1941-03-03 00:00:00,0.3937121645242044,0.1873857469726648,0.6000385820757441,12.217,57.1
15035,1941-03-04 00:00:00,0.1590518954284588,-0.0470251220630059,0.3651289129199236,12.217,57.1
15036,1941-03-05 00:00:00,0.0919532090467396,-0.1137632655998648,0.2976696836933441,12.217,57.1
15037,1941-03-06 00:00:00,0.1351111985307577,-0.0708523080232212,0.3410747050847367,12.217,57.1
15038,1941-03-07 00:00:00,0.0319013281392413,-0.1739711606891681,0.2377738169676508,12.217,57.1
15039,1941-03-08 00:00:00,-0.0279044911619996,-0.2335952247448423,0.1777862424208431,12.217,57.1
15040,1941-03-09 00:00:00,-0.1251862409782143,-0.3311191428724317,0.080746660916003,12.217,57.1
15041,1941-03-10 00:00:00,-0.0280327820204929,-0.2340557076805418,0.1779901436395559,12.217,57.1
15042,1941-03-11 00:00:00,-0.0581367034305244,-0.2639315561882667,0.1476581493272177,12.217,57.1
15043,1941-03-12 00:00:00,-0.0707759769091063,-0.276516805137151,0.1349648513189383,12.217,57.1
15044,1941-03-13 00:00:00,-0.0582788458188199,-0.2639840846945036,0.1474263930568637,12.217,57.1
15045,1941-03-14 00:00:00,-0.0526383122861837,-0.2582337556360438,0.1529571310636762,12.217,57.1
15046,1941-03-15 00:00:00,-0.0423366351950738,-0.247905029861583,0.1632317594714352,12.217,57.1
15047,1941-03-16 00:00:00,-0.0098254672588904,-0.2155834948452329,0.195932560327452,12.217,57.1
15048,1941-03-17 00:00:00,-0.0445500457177437,-0.2503426102406052,0.1612425188051178,12.217,57.1
15049,1941-03-18 00:00:00,-0.0815386451585301,-0.2872380751755451,0.1241607848584848,12.217,57.1
15050,1941-03-19 00:00:00,-0.0009753429471883,-0.2067979091075922,0.2048472232132155,12.217,57.1
15051,1941-03-20 00:00:00,0.0089370931000423,-0.1966938347927808,0.2145680209928656,12.217,57.1
15052,1941-03-21 00:00:00,0.0708842544317384,-0.1348646150753196,0.2766331239387964,12.217,57.1
15053,1941-03-22 00:00:00,0.6365746284233815,0.4282536262779526,0.8448956305688105,12.217,57.1
15054,1941-03-23 00:00:00,0.4268319574468563,0.2174958808627346,0.6361680340309781,12.217,57.1
15055,1941-03-24 00:00:00,0.1654735294392008,-0.0409599914219763,0.3719070503003781,12.217,57.1
15056,1941-03-25 00:00:00,0.1361534564051634,-0.069712154533043,0.3420190673433699,12.217,57.1
15057,1941-03-26 00:00:00,0.0686717822190392,-0.138907019463508,0.2762505839015865,12.217,57.1
15058,1941-03-27 00:00:00,-0.0268876608011894,-0.2347394030086209,0.180964081406242,12.217,57.1
15059,1941-03-28 00:00:00,0.0594293470410176,-0.1462301781590088,0.2650888722410441,12.217,57.1
15060,1941-03-29 00:00:00,0.0197790816410045,-0.1862162814715223,0.2257744447535313,12.217,57.1
15061,1941-03-30 00:00:00,0.0829220595611583,-0.123190011875622,0.2890341309979388,12.217,57.1
15062,1941-03-31 00:00:00,-0.0241436500288306,-0.2298097418329771,0.1815224417753159,12.217,57.1
15063,1941-04-01 00:00:00,0.0649430795559554,-0.1406523706859281,0.2705385297978391,12.217,57.1
15064,1941-04-02 00:00:00,0.0177465116198172,-0.1880918282853687,0.2235848515250031,12.217,57.1
15065,1941-04-03 00:00:00,-0.0039802493002768,-0.2097552508157801,0.2017947522152265,12.217,57.1
15066,1941-04-04 00:00:00,0.0579780889677599,-0.1477531785509844,0.2637093564865043,12.217,57.1
15067,1941-04-05 00:00:00,0.0433527660132309,-0.1623503317840081,0.24905586381047,12.217,57.1
15068,1941-04-06 00:00:00,-0.0392433571255424,-0.2448610575405925,0.1663743432895075,12.217,57.1
15069,1941-04-07 00:00:00,-0.0732366788957685,-0.2790537564912465,0.1325803986997094,12.217,57.1
15070,1941-04-08 00:00:00,-0.0718683647458679,-0.2776122781924066,0.1338755487006706,12.217,57.1
15071,1941-04-09 00:00:00,-0.0544778870184206,-0.2600293021958051,0.1510735281589637,12.217,57.1
15072,1941-04-10 00:00:00,-0.0560372177333722,-0.2615334228514551,0.1494589873847106,12.217,57.1
15073,1941-04-11 00:00:00,0.011823344190345,-0.1936565670508464,0.2173032554315364,12.217,57.1
15074,1941-04-12 00:00:00,0.0985924667711081,-0.106909494375542,0.3040944279177582,12.217,57.1
15075,1941-04-13 00:00:00,0.1530523637479305,-0.0524975104025345,0.3586022378983956,12.217,57.1
15076,1941-04-14 00:00:00,0.2509846135732665,0.045287676052149,0.456681551094384,12.217,57.1
15077,1941-04-15 00:00:00,0.3716332140511462,0.1657002959322689,0.5775661321700235,12.217,57.1
15078,1941-04-16 00:00:00,0.1740915385849073,-0.0319249688958129,0.3801080460656276,12.217,57.1
15079,1941-04-17 00:00:00,0.1072849114527163,-0.0982773641001846,0.3128471870056173,12.217,57.1
15080,1941-04-18 00:00:00,0.0504655315623822,-0.1551050669674019,0.2560361300921664,12.217,57.1
15081,1941-04-19 00:00:00,-0.0210285579458317,-0.2267975841071577,0.1847404682154942,12.217,57.1
15082,1941-04-20 00:00:00,0.0668368604584134,-0.1388605093724697,0.2725342302892966,12.217,57.1
15083,1941-04-21 00:00:00,-0.0260818884779636,-0.2316725316589118,0.1795087547029846,12.217,57.1
15084,1941-04-22 00:00:00,-0.0232330657348611,-0.2292905919371597,0.1828244604674374,12.217,57.1
15085,1941-04-23 00:00:00,-0.10577685401216,-0.3117853643849438,0.1002316563606237,12.217,57.1
15086,1941-04-24 00:00:00,-0.0780493800381955,-0.2836650348210959,0.1275662747447047,12.217,57.1
15087,1941-04-25 00:00:00,-0.0872472791193553,-0.2929781600023965,0.1184836017636858,12.217,57.1
15088,1941-04-26 00:00:00,-0.078340535154393,-0.2840822289298977,0.1274011586211116,12.217,57.1
15089,1941-04-27 00:00:00,-0.0660243378392305,-0.2720035055137331,0.1399548298352719,12.217,57.1
15090,1941-04-28 00:00:00,-0.0255058824105043,-0.2315347518169255,0.1805229869959169,12.217,57.1
15091,1941-04-29 00:00:00,-0.0113899820692858,-0.2172138631333872,0.1944338989948154,12.217,57.1
15092,1941-04-30 00:00:00,-0.0577057755589601,-0.2632341952929178,0.1478226441749975,12.217,57.1
15093,1941-05-01 00:00:00,-0.0566452877598256,-0.2622138825156531,0.1489233069960018,12.217,57.1
15094,1941-05-02 00:00:00,-0.0773227023762399,-0.2835569747893113,0.1289115700368315,12.217,57.1
15095,1941-05-03 00:00:00,-0.0722824226897729,-0.278616005777344,0.1340511603977981,12.217,57.1
15096,1941-05-04 00:00:00,-0.0415550747731596,-0.248195181232912,0.1650850316865927,12.217,57.1
15097,1941-05-05 00:00:00,-0.0404676844709143,-0.2462941020030071,0.1653587330611784,12.217,57.1
15098,1941-05-06 00:00:00,-0.0185424259203738,-0.2241902611022534,0.1871054092615056,12.217,57.1
15099,1941-05-07 00:00:00,0.0076119569471717,-0.1980056118710396,0.2132295257653831,12.217,57.1
15100,1941-05-08 00:00:00,-0.0152340516228937,-0.220872079604199,0.1904039763584115,12.217,57.1
15101,1941-05-09 00:00:00,-0.0620388663794634,-0.2676145718817125,0.1435368391227856,12.217,57.1
15102,1941-05-10 00:00:00,0.0253952458844805,-0.1800494708882972,0.2308399626572584,12.217,57.1
15103,1941-05-11 00:00:00,0.0136878535089632,-0.1919474477545991,0.2193231547725256,12.217,57.1
15104,1941-05-12 00:00:00,0.0320827737554443,-0.1736611561554636,0.2378267036663522,12.217,57.1
15105,1941-05-13 00:00:00,0.1914802307611623,-0.0143020885336507,0.3972625500559755,12.217,57.1
15106,1941-05-14 00:00:00,0.1808710948899123,-0.025105916022818,0.3868481058026426,12.217,57.1
15107,1941-05-15 00:00:00,0.1314654557453514,-0.0743834979403118,0.3373144094310147,12.217,57.1
15108,1941-05-16 00:00:00,0.1117030335046534,-0.093796751799121,0.317202818808428,12.217,57.1
15109,1941-05-17 00:00:00,0.1547360662071584,-0.0509728895998676,0.3604450220141845,12.217,57.1
15110,1941-05-18 00:00:00,0.0847507228832558,-0.1209245293858125,0.2904259751523242,12.217,57.1
15111,1941-05-19 00:00:00,0.0352473574776993,-0.1705613174893982,0.2410560324447968,12.217,57.1
15112,1941-05-20 00:00:00,0.0267613777498934,-0.1792663171978635,0.2327890726976504,12.217,57.1
15113,1941-05-21 00:00:00,-0.0168979184996336,-0.2226744024322977,0.1888785654330303,12.217,57.1
15114,1941-05-22 00:00:00,0.0303311403467171,-0.1752105436125533,0.2358728243059876,12.217,57.1
15115,1941-05-23 00:00:00,0.0886815058612444,-0.1167683022033329,0.2941313139258218,12.217,57.1
15116,1941-05-24 00:00:00,0.1622982990696143,-0.0432801828442759,0.3678767809835046,12.217,57.1
15117,1941-05-25 00:00:00,0.0429596189639172,-0.1629716650650525,0.248890902992887,12.217,57.1
15118,1941-05-26 00:00:00,0.1150753937527243,-0.0905441771077872,0.3206949646132359,12.217,57.1
15119,1941-05-27 00:00:00,0.0466526742180822,-0.1589921410079908,0.2522974894441553,12.217,57.1
15120,1941-05-28 00:00:00,0.0603110834979595,-0.1456813185350647,0.2663034855309839,12.217,57.1
15121,1941-05-29 00:00:00,-0.0127129568410533,-0.218463514092397,0.1930376004102904,12.217,57.1
15122,1941-05-30 00:00:00,0.0452972539774591,-0.1609182380311517,0.25151274598607,12.217,57.1
15123,1941-05-31 00:00:00,-0.0216026587400587,-0.2275753140964949,0.1843699966163775,12.217,57.1
15124,1941-06-01 00:00:00,0.0569708388490547,-0.1487981007789703,0.2627397784770797,12.217,57.1
15125,1941-06-02 00:00:00,0.0367019929424508,-0.1692663496557139,0.2426703355406155,12.217,57.1
15126,1941-06-03 00:00:00,0.0192045479745124,-0.1866995473799404,0.2251086433289653,12.217,57.1
15127,1941-06-04 00:00:00,0.0193528360068348,-0.1870312738231199,0.2257369458367896,12.217,57.1
15128,1941-06-05 00:00:00,0.0457116284340257,-0.1604803944730289,0.2519036513410804,12.217,57.1
15129,1941-06-06 00:00:00,0.0376447562385027,-0.1683663120017686,0.2436558244787742,12.217,57.1
15130,1941-06-07 00:00:00,0.0178224296499017,-0.1883379073763132,0.2239827666761167,12.217,57.1
15131,1941-06-08 00:00:00,0.0782001513974931,-0.1274636245118945,0.2838639273068808,12.217,57.1
15132,1941-06-09 00:00:00,0.00870141204883,-0.1970391540124432,0.2144419781101033,12.217,57.1
15133,1941-06-10 00:00:00,0.0730728346431817,-0.1326073305790545,0.278752999865418,12.217,57.1
15134,1941-06-11 00:00:00,0.0820202591631695,-0.1238717899718788,0.2879123082982179,12.217,57.1
15135,1941-06-12 00:00:00,0.1191995016372907,-0.0870852235617099,0.3254842268362914,12.217,57.1
15136,1941-06-13 00:00:00,0.1868127493790982,-0.0194299497579849,0.3930554485161813,12.217,57.1
15137,1941-06-14 00:00:00,0.1043978230339683,-0.1017343184790643,0.310529964547001,12.217,57.1
15138,1941-06-15 00:00:00,0.1567709170570654,-0.0488551793826086,0.3623970134967394,12.217,57.1
15139,1941-06-16 00:00:00,0.1722619302869502,-0.0334924689245304,0.3780163294984309,12.217,57.1
15140,1941-06-17 00:00:00,0.0719629380429432,-0.1340412137078725,0.2779670897937591,12.217,57.1
15141,1941-06-18 00:00:00,0.0980813226527583,-0.1076197856914838,0.3037824309970005,12.217,57.1
15142,1941-06-19 00:00:00,0.0763109722106017,-0.1292777250757904,0.2818996694969939,12.217,57.1
15143,1941-06-20 00:00:00,0.0215106269979272,-0.1841481464238482,0.2271694004197027,12.217,57.1
15144,1941-06-21 00:00:00,0.0446339192353676,-0.1609194106907617,0.2501872491614971,12.217,57.1
15145,1941-06-22 00:00:00,0.0221543387004134,-0.1834067482890254,0.2277154256898522,12.217,57.1
15146,1941-06-23 00:00:00,0.0066531268371947,-0.1988563518012188,0.2121626054756084,12.217,57.1
15147,1941-06-24 00:00:00,0.0380276751635571,-0.1674495250501356,0.2435048753772498,12.217,57.1
15148,1941-06-25 00:00:00,0.0427273940442557,-0.1626949501099231,0.2481497381984345,12.217,57.1
15149,1941-06-26 00:00:00,0.0367413860887026,-0.1687707438778162,0.2422535160552215,12.217,57.1
15150,1941-06-27 00:00:00,0.0327147998594952,-0.1727884087885074,0.2382180085074978,12.217,57.1
15151,1941-06-28 00:00:00,0.145093850707546,-0.0606552477518942,0.3508429491669864,12.217,57.1
15152,1941-06-29 00:00:00,0.1196251862892009,-0.0872383671594097,0.3264887397378117,12.217,57.1
15153,1941-06-30 00:00:00,-0.010633971937319,-0.2171071471650642,0.1958392032904261,12.217,57.1
15154,1941-07-01 00:00:00,-0.0194375130230294,-0.2249783622234208,0.1861033361773619,12.217,57.1
15155,1941-07-02 00:00:00,-0.0234214126712257,-0.2289582524835626,0.1821154271411111,12.217,57.1
15156,1941-07-03 00:00:00,0.0304300235838162,-0.1751041167430939,0.2359641639107264,12.217,57.1
15157,1941-07-04 00:00:00,0.1010486887372088,-0.1045803613505897,0.3066777388250074,12.217,57.1
15158,1941-07-05 00:00:00,0.1548298099181213,-0.051185662173022,0.3608452820092647,12.217,57.1
15159,1941-07-06 00:00:00,0.1992235324587818,-0.0068211498943773,0.4052682148119411,12.217,57.1
15160,1941-07-07 00:00:00,0.128037309376915,-0.077740643789729,0.333815262543559,12.217,57.1
15161,1941-07-08 00:00:00,0.1022089599494603,-0.1035110797755546,0.3079289996744754,12.217,57.1
15162,1941-07-09 00:00:00,0.058054695431794,-0.1474749790121416,0.2635843698757297,12.217,57.1
15163,1941-07-10 00:00:00,0.0849592230077072,-0.1205640307223134,0.2904824767377279,12.217,57.1
15164,1941-07-11 00:00:00,0.0462432140684072,-0.1592646119123014,0.2517510400491159,12.217,57.1
15165,1941-07-12 00:00:00,0.039213989767912,-0.1662481094909149,0.2446760890267389,12.217,57.1
15166,1941-07-13 00:00:00,0.0343503389436489,-0.1712688900275805,0.2399695679148784,12.217,57.1
15167,1941-07-14 00:00:00,0.077873307995291,-0.1277342058973006,0.2834808218878828,12.217,57.1
15168,1941-07-15 00:00:00,0.1028326251877302,-0.1027968166932778,0.3084620670687382,12.217,57.1
15169,1941-07-16 00:00:00,0.0637184873147177,-0.1417970375499921,0.2692340121794275,12.217,57.1
15170,1941-07-17 00:00:00,0.0499678909689363,-0.1556131261494283,0.255548908087301,12.217,57.1
15171,1941-07-18 00:00:00,-0.0262356034117428,-0.2318783197708937,0.179407112947408,12.217,57.1
15172,1941-07-19 00:00:00,0.0172395685144679,-0.1883935177271964,0.2228726547561322,12.217,57.1
15173,1941-07-20 00:00:00,0.1113611992048202,-0.094194498955616,0.3169168973652565,12.217,57.1
15174,1941-07-21 00:00:00,0.0185969561975709,-0.1870932931769517,0.2242872055720936,12.217,57.1
15175,1941-07-22 00:00:00,0.0300922404759255,-0.175400631349948,0.235585112301799,12.217,57.1
15176,1941-07-23 00:00:00,0.1239365732233968,-0.0816123869905779,0.3294855334373716,12.217,57.1
15177,1941-07-24 00:00:00,0.0231962872775538,-0.1824484731224715,0.2288410476775792,12.217,57.1
15178,1941-07-25 00:00:00,-0.0099013910749655,-0.2156915663645755,0.1958887842146445,12.217,57.1
15179,1941-07-26 00:00:00,-0.0086454653330659,-0.2142485729082003,0.1969576422420685,12.217,57.1
15180,1941-07-27 00:00:00,0.0284810662442942,-0.1769791644231353,0.2339412969117238,12.217,57.1
15181,1941-07-28 00:00:00,0.0358800255371623,-0.1695088533249666,0.2412689043992912,12.217,57.1
15182,1941-07-29 00:00:00,0.0355824735798919,-0.1698017033859362,0.2409666505457202,12.217,57.1
15183,1941-07-30 00:00:00,0.0989547374706809,-0.1064906524664321,0.304400127407794,12.217,57.1
15184,1941-07-31 00:00:00,0.0846678272243616,-0.1208513234154759,0.2901869778641991,12.217,57.1
15185,1941-08-01 00:00:00,-0.0067864174968084,-0.2123689872199186,0.1987961522263017,12.217,57.1
15186,1941-08-02 00:00:00,0.0150818421714895,-0.1905330612928956,0.2206967456358747,12.217,57.1
15187,1941-08-03 00:00:00,0.1086228885145485,-0.0969629131214901,0.3142086901505873,12.217,57.1
15188,1941-08-04 00:00:00,0.2394625096747337,0.0338095059721614,0.4451155133773059,12.217,57.1
15189,1941-08-05 00:00:00,0.2323562832785936,0.0265541331389749,0.4381584334182123,12.217,57.1
15190,1941-08-06 00:00:00,0.3312417638202614,0.12410596979751,0.5383775578430128,12.217,57.1
15191,1941-08-07 00:00:00,0.4360861839389942,0.2276475665291659,0.6445248013488224,12.217,57.1
15192,1941-08-08 00:00:00,0.3159332689866918,0.1093982778920442,0.5224682600813394,12.217,57.1
15193,1941-08-09 00:00:00,0.1550923549008681,-0.0504261857783309,0.3606108955800671,12.217,57.1
15194,1941-08-10 00:00:00,0.1145829467986647,-0.0908742879384414,0.320040181535771,12.217,57.1
15195,1941-08-11 00:00:00,0.1078046396709192,-0.0976887794044226,0.3132980587462612,12.217,57.1
15196,1941-08-12 00:00:00,0.1800917536620101,-0.0254968696150798,0.3856803769391002,12.217,57.1
15197,1941-08-13 00:00:00,0.1422803828400213,-0.063692227710379,0.3482529933904217,12.217,57.1
15198,1941-08-14 00:00:00,0.1651319484897265,-0.0408994962590254,0.3711633932384784,12.217,57.1
15199,1941-08-15 00:00:00,0.2991476395872248,0.0907264631159695,0.50756881605848,12.217,57.1
15200,1941-08-16 00:00:00,0.1427202285479978,-0.06440486370461,0.3498453208006057,12.217,57.1
15201,1941-08-17 00:00:00,0.1580481142920747,-0.0480480589579873,0.3641442875421368,12.217,57.1
15202,1941-08-18 00:00:00,0.1473278014507635,-0.0584566100582928,0.35311221295982,12.217,57.1
15203,1941-08-19 00:00:00,0.1196376133236414,-0.0860849976025495,0.3253602242498323,12.217,57.1
15204,1941-08-20 00:00:00,0.1059961205635553,-0.0997011495701477,0.3116933906972585,12.217,57.1
15205,1941-08-21 00:00:00,0.0875834404494159,-0.1179277252811572,0.2930946061799891,12.217,57.1
15206,1941-08-22 00:00:00,0.0742632712765012,-0.1312482938539204,0.2797748364069228,12.217,57.1
15207,1941-08-23 00:00:00,0.1686699559160471,-0.0368381871863077,0.374178099018402,12.217,57.1
15208,1941-08-24 00:00:00,0.1655396304622527,-0.0399424964882503,0.3710217574127559,12.217,57.1
15209,1941-08-25 00:00:00,0.0887163198500848,-0.1169165138377835,0.2943491535379533,12.217,57.1
15210,1941-08-26 00:00:00,0.0945046164497043,-0.1110922056313271,0.3001014385307358,12.217,57.1
15211,1941-08-27 00:00:00,0.1721806781371945,-0.0336438935640657,0.3780052498384547,12.217,57.1
15212,1941-08-28 00:00:00,0.2824421662868272,0.0765625352105229,0.4883217973631315,12.217,57.1
15213,1941-08-29 00:00:00,0.2464299286021701,0.0399585348020413,0.4529013224022989,12.217,57.1
15214,1941-08-30 00:00:00,0.220350767247749,0.0146677293761774,0.4260338051193207,12.217,57.1
15215,1941-08-31 00:00:00,0.0457565354619318,-0.1599866277356119,0.2514996986594756,12.217,57.1
15216,1941-09-01 00:00:00,-0.0366965387192822,-0.2422350544582458,0.1688419770196813,12.217,57.1
15217,1941-09-02 00:00:00,-0.0299039986095337,-0.2354691472925561,0.1756611500734887,12.217,57.1
15218,1941-09-03 00:00:00,0.0453588539386023,-0.1603000562880988,0.2510177641653035,12.217,57.1
15219,1941-09-04 00:00:00,0.0419284084373069,-0.1641369657461579,0.2479937826207718,12.217,57.1
15220,1941-09-05 00:00:00,0.0879290455203476,-0.1182364595319283,0.2940945505726238,12.217,57.1
15221,1941-09-06 00:00:00,0.043038239042817,-0.1627669857036487,0.2488434637892828,12.217,57.1
15222,1941-09-07 00:00:00,0.0677057386776072,-0.1379174652040606,0.2733289425592751,12.217,57.1
15223,1941-09-08 00:00:00,0.058896054077961,-0.1472322875499026,0.2650243957058248,12.217,57.1
15224,1941-09-09 00:00:00,0.0394739113184915,-0.1667744116853246,0.2457222343223077,12.217,57.1
15225,1941-09-10 00:00:00,0.0211861303662326,-0.1845178249191601,0.2268900856516255,12.217,57.1
15226,1941-09-11 00:00:00,0.1564523630220044,-0.0492859692524361,0.362190695296445,12.217,57.1
15227,1941-09-12 00:00:00,0.1216527872561222,-0.0842069399836403,0.3275125144958849,12.217,57.1
15228,1941-09-13 00:00:00,0.0121375599170471,-0.1936448833948937,0.2179200032289879,12.217,57.1
15229,1941-09-14 00:00:00,-0.0055388884687261,-0.2113942831402849,0.2003165062028326,12.217,57.1
15230,1941-09-15 00:00:00,0.0729455992658237,-0.1347119358634187,0.2806031343950661,12.217,57.1
15231,1941-09-16 00:00:00,0.018281769951276,-0.190316013601667,0.2268795535042191,12.217,57.1
15232,1941-09-17 00:00:00,0.004603340628066,-0.2012591528620426,0.2104658341181747,12.217,57.1
15233,1941-09-18 00:00:00,0.0142569139186048,-0.1912896375967242,0.2198034654339339,12.217,57.1
15234,1941-09-19 00:00:00,-0.0324788859232407,-0.2381666387337574,0.1732088668872759,12.217,57.1
15235,1941-09-20 00:00:00,-0.045455484241817,-0.2510041416222289,0.1600931731385947,12.217,57.1
15236,1941-09-21 00:00:00,0.0232073424308268,-0.182318020109561,0.2287327049712147,12.217,57.1
15237,1941-09-22 00:00:00,-0.008090287627116,-0.2136732746673399,0.1974926994131078,12.217,57.1
15238,1941-09-23 00:00:00,-0.0095661535833831,-0.2149773596162968,0.1958450524495305,12.217,57.1
15239,1941-09-24 00:00:00,-0.0210121462043833,-0.2264463192414037,0.1844220268326371,12.217,57.1
15240,1941-09-25 00:00:00,-0.0229545893824437,-0.2283604057462936,0.1824512269814062,12.217,57.1
15241,1941-09-26 00:00:00,-0.0543175828194733,-0.2597890331755011,0.1511538675365544,12.217,57.1
15242,1941-09-27 00:00:00,-0.0343238453757501,-0.2398772629537278,0.1712295722022275,12.217,57.1
15243,1941-09-28 00:00:00,-0.0293142423243772,-0.2348007244704174,0.1761722398216629,12.217,57.1
15244,1941-09-29 00:00:00,0.0172544976950104,-0.1883814006502651,0.2228903960402861,12.217,57.1
15245,1941-09-30 00:00:00,0.0674759604296562,-0.1381533581065502,0.2731052789658625,12.217,57.1
15246,1941-10-01 00:00:00,0.0734178169284665,-0.132280900035821,0.2791165338927541,12.217,57.1
15247,1941-10-02 00:00:00,0.0123352389240349,-0.1933050908594706,0.2179755687075404,12.217,57.1
15248,1941-10-03 00:00:00,0.0768371883953518,-0.1288333711327252,0.2825077479234289,12.217,57.1
15249,1941-10-04 00:00:00,-0.0214880746505199,-0.2270970982336463,0.1841209489326065,12.217,57.1
15250,1941-10-05 00:00:00,-0.0750018035139137,-0.2804750562522831,0.1304714492244555,12.217,57.1
15251,1941-10-06 00:00:00,-0.116700886543245,-0.3222104354434678,0.0888086623569776,12.217,57.1
15252,1941-10-07 00:00:00,-0.0333784466059114,-0.2389732131667556,0.1722163199549327,12.217,57.1
15253,1941-10-08 00:00:00,0.0150393422481775,-0.1905800367822152,0.2206587212785702,12.217,57.1
15254,1941-10-09 00:00:00,0.0268629797107694,-0.1790152367255763,0.2327411961471152,12.217,57.1
15255,1941-10-10 00:00:00,0.0233525990014417,-0.1826421806007345,0.229347378603618,12.217,57.1
15256,1941-10-11 00:00:00,0.0276989598494082,-0.1782473312340838,0.2336452509329004,12.217,57.1
15257,1941-10-12 00:00:00,-0.0260922867755544,-0.2323233964491587,0.1801388228980499,12.217,57.1
15258,1941-10-13 00:00:00,-0.1154181497288525,-0.321685655235186,0.0908493557774808,12.217,57.1
15259,1941-10-14 00:00:00,0.0229203058729059,-0.1826297524092327,0.2284703641550445,12.217,57.1
15260,1941-10-15 00:00:00,0.1868733581799717,-0.0188749925618291,0.3926217089217725,12.217,57.1
15261,1941-10-16 00:00:00,0.0840933972440263,-0.1218721729478667,0.2900589674359194,12.217,57.1
15262,1941-10-17 00:00:00,0.2018891079571408,-0.0065649599400321,0.4103431758543138,12.217,57.1
15263,1941-10-18 00:00:00,0.2111086226087946,0.0036625857080505,0.4185546595095386,12.217,57.1
15264,1941-10-19 00:00:00,0.228244111656085,0.0220206696152843,0.4344675536968857,12.217,57.1
15265,1941-10-20 00:00:00,0.1026045135207181,-0.1039840126151006,0.309193039656537,12.217,57.1
15266,1941-10-21 00:00:00,0.6423124429193499,0.4322438179636938,0.8523810678750059,12.217,57.1
15267,1941-10-22 00:00:00,0.1755828005059107,-0.0320084811512687,0.3831740821630902,12.217,57.1
15268,1941-10-23 00:00:00,0.0814255178374645,-0.1251906948835512,0.2880417305584803,12.217,57.1
15269,1941-10-24 00:00:00,-0.053922237801549,-0.2599876729709193,0.1521431973678213,12.217,57.1
15270,1941-10-25 00:00:00,-0.1108703976184745,-0.3164404487391299,0.0946996535021808,12.217,57.1
15271,1941-10-26 00:00:00,0.00356469512204,-0.2021581737460532,0.2092875639901334,12.217,57.1
15272,1941-10-27 00:00:00,0.1092349420215927,-0.1012914947175971,0.3197613787607826,12.217,57.1
15273,1941-10-28 00:00:00,0.0164495598893489,-0.1928126645297934,0.2257117843084914,12.217,57.1
15274,1941-10-29 00:00:00,0.0516663971651793,-0.1568866267580244,0.2602194210883831,12.217,57.1
15275,1941-10-30 00:00:00,0.0085315754242292,-0.1993881046302959,0.2164512554787544,12.217,57.1
15276,1941-10-31 00:00:00,-0.0522981963111424,-0.2600731124375244,0.1554767198152394,12.217,57.1
15277,1941-11-01 00:00:00,-0.1246394542000966,-0.3308421277850701,0.0815632193848769,12.217,57.1
15278,1941-11-02 00:00:00,-0.157378451838808,-0.3632954310421167,0.0485385273645006,12.217,57.1
15279,1941-11-03 00:00:00,-0.0800535250079403,-0.2856989720816824,0.1255919220658017,12.217,57.1
15280,1941-11-04 00:00:00,-0.0956878367068153,-0.3011860215077449,0.1098103480941142,12.217,57.1
15281,1941-11-05 00:00:00,-0.0145612881129136,-0.2200907504819602,0.1909681742561329,12.217,57.1
15282,1941-11-06 00:00:00,0.0547970537762103,-0.1507981827945109,0.2603922903469317,12.217,57.1
15283,1941-11-07 00:00:00,0.3891875784252918,0.1822140440659413,0.5961611127846423,12.217,57.1
15284,1941-11-08 00:00:00,0.452507399583414,0.245347405152639,0.659667394014189,12.217,57.1
15285,1941-11-09 00:00:00,0.1925183008228105,-0.0142250560595018,0.3992616577051229,12.217,57.1
15286,1941-11-10 00:00:00,0.0027649914793821,-0.2035097760859206,0.2090397590446849,12.217,57.1
15287,1941-11-11 00:00:00,-0.0265446204777456,-0.2327594000810102,0.1796701591255189,12.217,57.1
15288,1941-11-12 00:00:00,-0.0376471631010828,-0.2455258192605372,0.1702314930583714,12.217,57.1
15289,1941-11-13 00:00:00,-0.1938733850530324,-0.4038651460661944,0.0161183759601295,12.217,57.1
15290,1941-11-14 00:00:00,-0.197519698189345,-0.4085234270869458,0.0134840307082557,12.217,57.1
15291,1941-11-15 00:00:00,-0.0651758706874263,-0.2744809566042658,0.144129215229413,12.217,57.1
15292,1941-11-16 00:00:00,-0.0607468062050675,-0.2678082456706129,0.1463146332604778,12.217,57.1
15293,1941-11-17 00:00:00,0.0582857002986122,-0.1488622333730966,0.265433633970321,12.217,57.1
15294,1941-11-18 00:00:00,0.1016208399775733,-0.1041312358565104,0.3073729158116571,12.217,57.1
15295,1941-11-19 00:00:00,0.0508178372584585,-0.1549257473053439,0.2565614218222611,12.217,57.1
15296,1941-11-20 00:00:00,0.0003428636789952,-0.2053464034970258,0.2060321308550164,12.217,57.1
15297,1941-11-21 00:00:00,-0.0461462278960931,-0.2517073162437598,0.1594148604515734,12.217,57.1
15298,1941-11-22 00:00:00,0.01237833319297,-0.193153429066875,0.2179100954528151,12.217,57.1
15299,1941-11-23 00:00:00,0.0152649784216757,-0.1903185908837606,0.2208485477271122,12.217,57.1
15300,1941-11-24 00:00:00,0.0465443888571271,-0.1590171127923016,0.2521058905065561,12.217,57.1
15301,1941-11-25 00:00:00,0.0574917548210508,-0.148150618761774,0.2631341284038756,12.217,57.1
15302,1941-11-26 00:00:00,0.0918811635467329,-0.1139621855888703,0.2977245126823362,12.217,57.1
15303,1941-11-27 00:00:00,0.0539340137014526,-0.1517333102659782,0.2596013376688835,12.217,57.1
15304,1941-11-28 00:00:00,0.0755334818114289,-0.1301353690626712,0.2812023326855291,12.217,57.1
15305,1941-11-29 00:00:00,0.0288310648682388,-0.1769627364022015,0.2346248661386793,12.217,57.1
15306,1941-11-30 00:00:00,-0.1055704123146383,-0.3113114771124943,0.1001706524832177,12.217,57.1
15307,1941-12-01 00:00:00,-0.1212291300078603,-0.3268629809808328,0.0844047209651119,12.217,57.1
15308,1941-12-02 00:00:00,-0.0896625179216058,-0.2953461014336883,0.1160210655904766,12.217,57.1
15309,1941-12-03 00:00:00,-0.0340486206265644,-0.2398542972190214,0.1717570559658926,12.217,57.1
15310,1941-12-04 00:00:00,-0.0521544439021592,-0.2579812018475688,0.1536723140432503,12.217,57.1
15311,1941-12-05 00:00:00,-0.0492706581441908,-0.25489714616998,0.1563558298815983,12.217,57.1
15312,1941-12-06 00:00:00,0.0533530334612896,-0.1522296198385858,0.2589356867611652,12.217,57.1
15313,1941-12-07 00:00:00,0.2532764263467625,0.0473462136494242,0.4592066390441009,12.217,57.1
15314,1941-12-08 00:00:00,0.4269852686178169,0.2202061326618026,0.6337644045738312,12.217,57.1
15315,1941-12-09 00:00:00,0.1267585935365893,-0.0800738306780285,0.3335910177512071,12.217,57.1
15316,1941-12-10 00:00:00,0.3916996631831164,0.1849308932019321,0.5984684331643007,12.217,57.1
15317,1941-12-11 00:00:00,0.3624585762604588,0.1557190305538839,0.5691981219670338,12.217,57.1
15318,1941-12-12 00:00:00,0.4374046898674078,0.2303129156717303,0.6444964640630854,12.217,57.1
15319,1941-12-13 00:00:00,0.2841793865517107,0.077234314240164,0.4911244588632574,12.217,57.1
15320,1941-12-14 00:00:00,0.1619129935930016,-0.0448984278235558,0.3687244150095591,12.217,57.1
15321,1941-12-15 00:00:00,0.1157913443869805,-0.0900754344514658,0.321658123225427,12.217,57.1
15322,1941-12-16 00:00:00,0.2350110469848755,0.0291642324679249,0.440857861501826,12.217,57.1
15323,1941-12-17 00:00:00,0.2374230531213841,0.031658206425995,0.4431878998167732,12.217,57.1
15324,1941-12-18 00:00:00,0.043286059751256,-0.1625576894525077,0.2491298089550199,12.217,57.1
15325,1941-12-19 00:00:00,-0.0536132629638353,-0.2593715913742339,0.1521450654465632,12.217,57.1
15326,1941-12-20 00:00:00,-0.0338484624841553,-0.239599818829582,0.1719028938612712,12.217,57.1
15327,1941-12-21 00:00:00,-0.0165342813491603,-0.2225441894049957,0.189475626706675,12.217,57.1
15328,1941-12-22 00:00:00,0.3359066342387141,0.1294651028303281,0.5423481656471001,12.217,57.1
15329,1941-12-23 00:00:00,0.1699278275652384,-0.037325874024727,0.377181529155204,12.217,57.1
15330,1941-12-24 00:00:00,0.0312381030288613,-0.1757018823908266,0.2381780884485493,12.217,57.1
15331,1941-12-25 00:00:00,0.2498386419320579,0.0422952059958133,0.4573820778683025,12.217,57.1
15332,1941-12-26 00:00:00,-0.0777939219124957,-0.2868466040086574,0.131258760183666,12.217,57.1
15333,1941-12-27 00:00:00,0.0375382190009155,-0.1712702528840532,0.2463466908858843,12.217,57.1
15334,1941-12-28 00:00:00,-0.0703847252908576,-0.2803097699533365,0.1395403193716213,12.217,57.1
15335,1941-12-29 00:00:00,0.1191353709214952,-0.0888810485382803,0.3271517903812708,12.217,57.1
15336,1941-12-30 00:00:00,0.0106930206597959,-0.1970105877203807,0.2183966290399726,12.217,57.1
15337,1941-12-31 00:00:00,-0.0631600079006266,-0.2691794344286354,0.1428594186273821,12.217,57.1
15338,1942-01-01 00:00:00,-0.0274150743188601,-0.2332855654648159,0.1784554168270957,12.217,57.1
15339,1942-01-02 00:00:00,0.0681365237419335,-0.1376594084799562,0.2739324559638233,12.217,57.1
15340,1942-01-03 00:00:00,0.0307125203562779,-0.1751378823751421,0.236562923087698,12.217,57.1
15341,1942-01-04 00:00:00,0.172792495052856,-0.0333460912183175,0.3789310813240295,12.217,57.1
15342,1942-01-05 00:00:00,0.1881519030981776,-0.0178724863445133,0.3941762925408685,12.217,57.1
15343,1942-01-06 00:00:00,0.0074076296574781,-0.1991666904969381,0.2139819498118944,12.217,57.1
15344,1942-01-07 00:00:00,-0.0565735152300483,-0.2625061703895222,0.1493591399294255,12.217,57.1
15345,1942-01-08 00:00:00,0.0171363776863793,-0.1886410442704972,0.2229137996432559,12.217,57.1
15346,1942-01-09 00:00:00,0.0714362437384684,-0.1342354075660288,0.2771078950429658,12.217,57.1
15347,1942-01-10 00:00:00,-0.0485229042211453,-0.2545588458603313,0.1575130374180405,12.217,57.1
15348,1942-01-11 00:00:00,-0.0976826452835969,-0.3032410603815291,0.1078757698143351,12.217,57.1
15349,1942-01-12 00:00:00,-0.0761091709330491,-0.2815595779536793,0.129341236087581,12.217,57.1
15350,1942-01-13 00:00:00,0.0124336103505838,-0.1930943679600079,0.2179615886611757,12.217,57.1
15351,1942-01-14 00:00:00,0.1181497006453602,-0.0877091421360801,0.3240085434268006,12.217,57.1
15352,1942-01-15 00:00:00,-0.0928258237237321,-0.2987733759282059,0.1131217284807416,12.217,57.1
15353,1942-01-16 00:00:00,-0.1197800344931681,-0.3255165784639813,0.0859565094776451,12.217,57.1
15354,1942-01-17 00:00:00,-0.0668688397900005,-0.2725044214142327,0.1387667418342316,12.217,57.1
15355,1942-01-18 00:00:00,-0.0359434484495211,-0.2415013252551384,0.169614428356096,12.217,57.1
15356,1942-01-19 00:00:00,-0.1064436976062642,-0.3119569128871848,0.0990695176746562,12.217,57.1
15357,1942-01-20 00:00:00,-0.1291247707241734,-0.334718742380255,0.0764692009319081,12.217,57.1
15358,1942-01-21 00:00:00,-0.1038613735612107,-0.3094761847042124,0.1017534375817909,12.217,57.1
15359,1942-01-22 00:00:00,-0.1473035631993259,-0.3530479981154734,0.0584408717168215,12.217,57.1
15360,1942-01-23 00:00:00,-0.1131027598182323,-0.3188569677703618,0.0926514481338972,12.217,57.1
15361,1942-01-24 00:00:00,-0.0595991022306653,-0.2654752868712725,0.1462770824099417,12.217,57.1
15362,1942-01-25 00:00:00,-0.0115993136092049,-0.2181645410210993,0.1949659138026893,12.217,57.1
15363,1942-01-26 00:00:00,0.0548994153926949,-0.1520677783683443,0.2618666091537343,12.217,57.1
15364,1942-01-27 00:00:00,-0.0303110660393598,-0.2365770900528656,0.175954957974146,12.217,57.1
15365,1942-01-28 00:00:00,-0.0050595488704904,-0.210761385436279,0.200642287695298,12.217,57.1
15366,1942-01-29 00:00:00,0.0657875660489442,-0.1402391048748285,0.2718142369727169,12.217,57.1
15367,1942-01-30 00:00:00,-0.0049693420792876,-0.2107120957711113,0.200773411612536,12.217,57.1
15368,1942-01-31 00:00:00,-0.0468180397592993,-0.2526075187783958,0.158971439259797,12.217,57.1
15369,1942-02-01 00:00:00,-0.0886669919674246,-0.294443574130512,0.1171095901956627,12.217,57.1
15370,1942-02-02 00:00:00,-0.1134808020658008,-0.3191428161614429,0.0921812120298412,12.217,57.1
15371,1942-02-03 00:00:00,-0.112470816878466,-0.3182975376769434,0.0933559039200114,12.217,57.1
15372,1942-02-04 00:00:00,-0.0370342352456204,-0.2426651943456379,0.1685967238543971,12.217,57.1
15373,1942-02-05 00:00:00,-0.0729398827732374,-0.2785936861080663,0.1327139205615914,12.217,57.1
15374,1942-02-06 00:00:00,-0.1009316704222793,-0.3066660100554164,0.1048026692108578,12.217,57.1
15375,1942-02-07 00:00:00,-0.0795828269518632,-0.2851353653992226,0.125969711495496,12.217,57.1
15376,1942-02-08 00:00:00,-0.0494796553714703,-0.2550791223413715,0.1561198115984308,12.217,57.1
15377,1942-02-09 00:00:00,-0.0698924807014266,-0.2755137279231316,0.1357287665202783,12.217,57.1
15378,1942-02-10 00:00:00,-0.022033126930155,-0.227616217896625,0.1835499640363149,12.217,57.1
15379,1942-02-11 00:00:00,0.0325203959476796,-0.1732654993067845,0.2383062912021437,12.217,57.1
15380,1942-02-12 00:00:00,0.1108661716832849,-0.0948668018701554,0.3165991452367253,12.217,57.1
15381,1942-02-13 00:00:00,0.3398267462041345,0.1302278298229118,0.5494256625853572,12.217,57.1
15382,1942-02-14 00:00:00,0.1563620587622081,-0.0504473525587251,0.3631714700831414,12.217,57.1
15383,1942-02-15 00:00:00,-0.1075687263880611,-0.3147421326428925,0.0996046798667701,12.217,57.1
15384,1942-02-16 00:00:00,-0.1492956598854989,-0.3550965774565028,0.056505257685505,12.217,57.1
15385,1942-02-17 00:00:00,-0.1814356975882451,-0.3873620893987299,0.0244906942222397,12.217,57.1
15386,1942-02-18 00:00:00,-0.1919374272857125,-0.3975452665441712,0.0136704119727461,12.217,57.1
15387,1942-02-19 00:00:00,-0.1453774535139121,-0.3510059583171109,0.0602510512892865,12.217,57.1
15388,1942-02-20 00:00:00,-0.1095515462231107,-0.3151345509918195,0.096031458545598,12.217,57.1
15389,1942-02-21 00:00:00,-0.0691297002446397,-0.2746682734836607,0.1364088729943811,12.217,57.1
15390,1942-02-22 00:00:00,-0.073079871511451,-0.2788737499740198,0.1327140069511177,12.217,57.1
15391,1942-02-23 00:00:00,0.0679301440101558,-0.137980200787792,0.2738404888081037,12.217,57.1
15392,1942-02-24 00:00:00,0.0398038545370568,-0.165809030039295,0.2454167391134088,12.217,57.1
15393,1942-02-25 00:00:00,0.0262454634144307,-0.1794844842008787,0.2319754110297402,12.217,57.1
15394,1942-02-26 00:00:00,-0.0493892334762849,-0.2553737884319975,0.1565953214794276,12.217,57.1
15395,1942-02-27 00:00:00,-0.07278035025447,-0.2787089650950927,0.1331482645861525,12.217,57.1
15396,1942-02-28 00:00:00,0.1081554013251634,-0.0978143210737371,0.314125123724064,12.217,57.1
15397,1942-03-01 00:00:00,0.1011481137173546,-0.1048203401007363,0.3071165675354456,12.217,57.1
15398,1942-03-02 00:00:00,0.070389719237008,-0.1362565134182808,0.2770359518922969,12.217,57.1
15399,1942-03-03 00:00:00,-0.0994744130734402,-0.3051246223867815,0.1061757962399011,12.217,57.1
15400,1942-03-04 00:00:00,-0.1006019085463033,-0.3063355653462827,0.105131748253676,12.217,57.1
15401,1942-03-05 00:00:00,-0.1052436905338302,-0.311338789584101,0.1008514085164404,12.217,57.1
15402,1942-03-06 00:00:00,-0.1466824558640931,-0.3526833688947892,0.0593184571666029,12.217,57.1
15403,1942-03-07 00:00:00,-0.1444412506861235,-0.3509729277275734,0.0620904263553264,12.217,57.1
15404,1942-03-08 00:00:00,0.0163593255602958,-0.1899419709962734,0.2226606221168652,12.217,57.1
15405,1942-03-09 00:00:00,0.0601469677436637,-0.1462457159102999,0.2665396513976273,12.217,57.1
15406,1942-03-10 00:00:00,0.2040351450347906,-0.0024048282467842,0.4104751183163655,12.217,57.1
15407,1942-03-11 00:00:00,0.1072486717415663,-0.0985442584671863,0.313041601950319,12.217,57.1
15408,1942-03-12 00:00:00,0.0094133040257361,-0.1968330706651288,0.215659678716601,12.217,57.1
15409,1942-03-13 00:00:00,-0.046113193883184,-0.2521108525509514,0.1598844647845831,12.217,57.1
15410,1942-03-14 00:00:00,0.0315418172560037,-0.174490133383964,0.2375737678959715,12.217,57.1
15411,1942-03-15 00:00:00,0.0947694168357775,-0.1110687106943698,0.300607544365925,12.217,57.1
15412,1942-03-16 00:00:00,0.0064236752496273,-0.1995134542962413,0.212360804795496,12.217,57.1
15413,1942-03-17 00:00:00,0.0356849895304845,-0.1702645696588873,0.2416345487198563,12.217,57.1
15414,1942-03-18 00:00:00,0.0648895726264065,-0.1409609471732191,0.2707400924260322,12.217,57.1
15415,1942-03-19 00:00:00,-0.072885376295963,-0.279581327189156,0.1338105745972301,12.217,57.1
15416,1942-03-20 00:00:00,-0.1001349677652821,-0.3073368883344959,0.1070669528039315,12.217,57.1
15417,1942-03-21 00:00:00,-0.0328792579373649,-0.2393186678729038,0.1735601519981739,12.217,57.1
15418,1942-03-22 00:00:00,-0.0195689244118099,-0.2253507841954352,0.1862129353718154,12.217,57.1
15419,1942-03-23 00:00:00,-0.0308493081863577,-0.2365364430510069,0.1748378266782913,12.217,57.1
15420,1942-03-24 00:00:00,-0.0039409905874406,-0.2094454311232472,0.2015634499483659,12.217,57.1
15421,1942-03-25 00:00:00,0.1880334676233993,-0.0175819704381106,0.3936489056849093,12.217,57.1
15422,1942-03-26 00:00:00,0.3682837579498324,0.1617804768016316,0.5747870390980332,12.217,57.1
15423,1942-03-27 00:00:00,0.1819872319949728,-0.0248645270703999,0.3888389910603457,12.217,57.1
15424,1942-03-28 00:00:00,0.0553871073629013,-0.1502875434974532,0.2610617582232558,12.217,57.1
15425,1942-03-29 00:00:00,0.0513570719820528,-0.1544208610433676,0.2571350050074733,12.217,57.1
15426,1942-03-30 00:00:00,0.0418209093499068,-0.1639680230506989,0.2476098417505126,12.217,57.1
15427,1942-03-31 00:00:00,0.0312995458983726,-0.1742746756560764,0.2368737674528215,12.217,57.1
15428,1942-04-01 00:00:00,0.1199612278031012,-0.085687389653156,0.3256098452593585,12.217,57.1
15429,1942-04-02 00:00:00,0.2796667849701608,0.0729214722867411,0.4864120976535804,12.217,57.1
15430,1942-04-03 00:00:00,0.0710922309682606,-0.1351765907945995,0.2773610527311207,12.217,57.1
15431,1942-04-04 00:00:00,0.0669164612644945,-0.1390429572466242,0.2728758797756132,12.217,57.1
15432,1942-04-05 00:00:00,0.1026824807510823,-0.1031742828587091,0.3085392443608739,12.217,57.1
15433,1942-04-06 00:00:00,0.197075819072698,-0.0086893291410688,0.402840967286465,12.217,57.1
15434,1942-04-07 00:00:00,0.148757439179088,-0.0569196068776975,0.3544344852358736,12.217,57.1
15435,1942-04-08 00:00:00,0.201829961382158,-0.004067385863571,0.4077273086278871,12.217,57.1
15436,1942-04-09 00:00:00,0.2165051786410845,0.010638337216642,0.4223720200655269,12.217,57.1
15437,1942-04-10 00:00:00,0.1506019672639872,-0.0553168122824883,0.3565207468104628,12.217,57.1
15438,1942-04-11 00:00:00,0.1032523200494029,-0.1033293585583647,0.3098339986571707,12.217,57.1
15439,1942-04-12 00:00:00,-0.0042456625203697,-0.2102224673360673,0.2017311422953278,12.217,57.1
15440,1942-04-13 00:00:00,-0.0441685201371455,-0.2497803461763277,0.1614433059020366,12.217,57.1
15441,1942-04-14 00:00:00,-0.0516496190971061,-0.2572717896200727,0.1539725514258604,12.217,57.1
15442,1942-04-15 00:00:00,-0.1019555923388151,-0.3075539477288876,0.1036427630512573,12.217,57.1
15443,1942-04-16 00:00:00,-0.0393746937710538,-0.2448950012380717,0.1661456136959639,12.217,57.1
15444,1942-04-17 00:00:00,-0.0359956083496349,-0.2414557225987983,0.1694645058995285,12.217,57.1
15445,1942-04-18 00:00:00,-0.0337170525619042,-0.2392093434961673,0.1717752383723588,12.217,57.1
15446,1942-04-19 00:00:00,0.0265455515511631,-0.1790653446222764,0.2321564477246027,12.217,57.1
15447,1942-04-20 00:00:00,0.0689146615364076,-0.1367329459804646,0.2745622690532798,12.217,57.1
15448,1942-04-21 00:00:00,0.1346326111354709,-0.0711650592679314,0.3404302815388733,12.217,57.1
15449,1942-04-22 00:00:00,0.0756805515440339,-0.1299360956540294,0.2812971987420973,12.217,57.1
15450,1942-04-23 00:00:00,0.0638765708378779,-0.1417953564777117,0.2695484981534676,12.217,57.1
15451,1942-04-24 00:00:00,-0.0355505271045117,-0.2412923245831656,0.1701912703741421,12.217,57.1
15452,1942-04-25 00:00:00,-0.0992794000472691,-0.3049303806085328,0.1063715805139946,12.217,57.1
15453,1942-04-26 00:00:00,-0.0857358574908461,-0.2914073677245342,0.1199356527428419,12.217,57.1
15454,1942-04-27 00:00:00,-0.0638073474289086,-0.2696353537452075,0.1420206588873903,12.217,57.1
15455,1942-04-28 00:00:00,-0.0748459584866382,-0.2805611351324004,0.1308692181591239,12.217,57.1
15456,1942-04-29 00:00:00,-0.1568410130574982,-0.3628272866859593,0.0491452605709627,12.217,57.1
15457,1942-04-30 00:00:00,-0.0858774518164247,-0.2916939740994053,0.1199390704665557,12.217,57.1
15458,1942-05-01 00:00:00,-0.0347834770613129,-0.2405310030128365,0.1709640488902106,12.217,57.1
15459,1942-05-02 00:00:00,0.0114885636344439,-0.194126090206841,0.2171032174757289,12.217,57.1
15460,1942-05-03 00:00:00,0.0447462837195295,-0.1608173388097492,0.2503099062488083,12.217,57.1
15461,1942-05-04 00:00:00,0.06212930178055,-0.1443952664788741,0.2686538700399744,12.217,57.1
15462,1942-05-05 00:00:00,0.0321072914438811,-0.1739736363243706,0.238188219212133,12.217,57.1
15463,1942-05-06 00:00:00,0.4206269810208,0.2142984509242625,0.6269555111173375,12.217,57.1
15464,1942-05-07 00:00:00,0.5858237759454603,0.3783278473789812,0.7933197045119394,12.217,57.1
15465,1942-05-08 00:00:00,0.1384566872137518,-0.06928808974805,0.3462014641755538,12.217,57.1
15466,1942-05-09 00:00:00,0.0411821991009299,-0.1645428101450911,0.246907208346951,12.217,57.1
15467,1942-05-10 00:00:00,0.0160518762473507,-0.189395510752368,0.2214992632470695,12.217,57.1
15468,1942-05-11 00:00:00,0.0433034364774897,-0.1622860941708921,0.2488929671258716,12.217,57.1
15469,1942-05-12 00:00:00,0.0814129957638834,-0.1241791332553542,0.2870051247831211,12.217,57.1
15470,1942-05-13 00:00:00,0.0615372969954323,-0.1442351073047854,0.2673097012956502,12.217,57.1
15471,1942-05-14 00:00:00,0.0241531925638168,-0.1815807148080851,0.2298870999357187,12.217,57.1
15472,1942-05-15 00:00:00,0.0136741186418542,-0.1919654400733941,0.2193136773571025,12.217,57.1
15473,1942-05-16 00:00:00,-0.0151635344447113,-0.2208378951623648,0.190510826272942,12.217,57.1
15474,1942-05-17 00:00:00,0.0159916003193733,-0.190573782418905,0.2225569830576517,12.217,57.1
15475,1942-05-18 00:00:00,-0.0688787756275541,-0.2755888397493288,0.1378312884942205,12.217,57.1
15476,1942-05-19 00:00:00,0.057147536343919,-0.1487932664899967,0.2630883391778348,12.217,57.1
15477,1942-05-20 00:00:00,0.2573325461089424,0.0508195875316312,0.4638455046862537,12.217,57.1
15478,1942-05-21 00:00:00,0.136060270058425,-0.0703142448944818,0.342434785011332,12.217,57.1
15479,1942-05-22 00:00:00,0.044493467686861,-0.1609606785866521,0.2499476139603743,12.217,57.1
15480,1942-05-23 00:00:00,0.0287331738602703,-0.1766852710614693,0.23415161878201,12.217,57.1
15481,1942-05-24 00:00:00,0.0652918650171101,-0.1401143040113769,0.2706980340455972,12.217,57.1
15482,1942-05-25 00:00:00,0.1689129791423643,-0.0369150753843334,0.3747410336690622,12.217,57.1
15483,1942-05-26 00:00:00,0.0958308420311748,-0.1100607855546523,0.301722469617002,12.217,57.1
15484,1942-05-27 00:00:00,0.1987883396287233,-0.0069104946213703,0.4044871738788169,12.217,57.1
15485,1942-05-28 00:00:00,0.1136639918276661,-0.0922683395650652,0.3195963232203976,12.217,57.1
15486,1942-05-29 00:00:00,0.1554657962985973,-0.0517609524812549,0.3626925450784497,12.217,57.1
15487,1942-05-30 00:00:00,0.1025317770205599,-0.1042868117113708,0.3093503657524907,12.217,57.1
15488,1942-05-31 00:00:00,0.1074566316254179,-0.0981670779477598,0.3130803411985958,12.217,57.1
15489,1942-06-01 00:00:00,0.0718580993064637,-0.1336975249202849,0.2774137235332124,12.217,57.1
15490,1942-06-02 00:00:00,0.0563864195471521,-0.149388589735234,0.2621614288295383,12.217,57.1
15491,1942-06-03 00:00:00,0.0920619672079743,-0.1136652247648931,0.2977891591808418,12.217,57.1
15492,1942-06-04 00:00:00,0.0682073815652586,-0.1378531729303826,0.2742679360609,12.217,57.1
15493,1942-06-05 00:00:00,0.0449044386597653,-0.1608938132615004,0.2507026905810312,12.217,57.1
15494,1942-06-06 00:00:00,0.0098774256313428,-0.1958443557014187,0.2155992069641043,12.217,57.1
15495,1942-06-07 00:00:00,0.0562570684721207,-0.1494321776424489,0.2619463145866904,12.217,57.1
15496,1942-06-08 00:00:00,0.1082709222582712,-0.0978497404212194,0.3143915849377618,12.217,57.1
15497,1942-06-09 00:00:00,0.2293689299962918,0.0234887765160298,0.4352490834765539,12.217,57.1
15498,1942-06-10 00:00:00,0.2279644523699044,0.022121250208919,0.4338076545308899,12.217,57.1
15499,1942-06-11 00:00:00,0.1354504889981186,-0.0704097982831215,0.3413107762793587,12.217,57.1
15500,1942-06-12 00:00:00,0.16336025452439,-0.0422702086115387,0.3689907176603188,12.217,57.1
15501,1942-06-13 00:00:00,0.0762154697215117,-0.1294832471912124,0.281914186634236,12.217,57.1
15502,1942-06-14 00:00:00,0.0626146377837458,-0.1428565810825449,0.2680858566500367,12.217,57.1
15503,1942-06-15 00:00:00,0.0853763091919896,-0.1201356451196912,0.2908882635036705,12.217,57.1
15504,1942-06-16 00:00:00,0.0284475304469787,-0.177054903490358,0.2339499643843155,12.217,57.1
15505,1942-06-17 00:00:00,0.1067863590388542,-0.0993543254043231,0.3129270434820317,12.217,57.1
15506,1942-06-18 00:00:00,0.0560635219169049,-0.1498769215154811,0.2620039653492911,12.217,57.1
15507,1942-06-19 00:00:00,0.125029672071317,-0.0806179320480993,0.3306772761907334,12.217,57.1
15508,1942-06-20 00:00:00,0.0859548291012382,-0.1204525776749904,0.2923622358774669,12.217,57.1
15509,1942-06-21 00:00:00,0.0548641766321123,-0.1510820810168106,0.2608104342810353,12.217,57.1
15510,1942-06-22 00:00:00,0.0228526608640166,-0.1827958526025767,0.22850117433061,12.217,57.1
15511,1942-06-23 00:00:00,0.0329419393860818,-0.1724828270026074,0.2383667057747711,12.217,57.1
15512,1942-06-24 00:00:00,0.0708377901423999,-0.1346201067971775,0.2762956870819775,12.217,57.1
15513,1942-06-25 00:00:00,0.0574824299714759,-0.1480092499397451,0.2629741098826971,12.217,57.1
15514,1942-06-26 00:00:00,0.1787014493266368,-0.0285105198755736,0.3859134185288474,12.217,57.1
15515,1942-06-27 00:00:00,0.1946272310296957,-0.0126946973108479,0.4019491593702394,12.217,57.1
15516,1942-06-28 00:00:00,0.0443775108478974,-0.1618553960457456,0.2506104177415404,12.217,57.1
15517,1942-06-29 00:00:00,0.050588094086801,-0.1549898355117114,0.2561660236853136,12.217,57.1
15518,1942-06-30 00:00:00,0.1384662258034528,-0.067038264200511,0.3439707158074168,12.217,57.1
15519,1942-07-01 00:00:00,0.1700405254048942,-0.0356715861066761,0.3757526369164647,12.217,57.1
15520,1942-07-02 00:00:00,0.1508530277418656,-0.054942860295145,0.3566489157788763,12.217,57.1
15521,1942-07-03 00:00:00,0.027050727221774,-0.1786023734826909,0.2327038279262389,12.217,57.1
15522,1942-07-04 00:00:00,0.0278904865942409,-0.1775873132191335,0.2333682864076153,12.217,57.1
15523,1942-07-05 00:00:00,0.0994541222414434,-0.1060763893770413,0.3049846338599283,12.217,57.1
15524,1942-07-06 00:00:00,0.0803959648661385,-0.125223170391049,0.2860151001233262,12.217,57.1
15525,1942-07-07 00:00:00,0.1939620745765718,-0.0122420876124035,0.4001662367655473,12.217,57.1
15526,1942-07-08 00:00:00,0.1203664319722229,-0.0856596292212638,0.3263924931657097,12.217,57.1
15527,1942-07-09 00:00:00,0.0957004800575854,-0.109915590437663,0.301316550552834,12.217,57.1
15528,1942-07-10 00:00:00,0.1455486035922699,-0.0602169017638942,0.351314108948434,12.217,57.1
15529,1942-07-11 00:00:00,0.1085335898688928,-0.0972337889157491,0.3143009686535349,12.217,57.1
15530,1942-07-12 00:00:00,0.0904711972599129,-0.1156276641952112,0.2965700587150371,12.217,57.1
15531,1942-07-13 00:00:00,-0.0067070506987344,-0.2129178650689102,0.1995037636714412,12.217,57.1
15532,1942-07-14 00:00:00,0.0558473562008923,-0.1500036790639279,0.2616983914657126,12.217,57.1
15533,1942-07-15 00:00:00,0.110705076262778,-0.0948745063939601,0.3162846589195163,12.217,57.1
15534,1942-07-16 00:00:00,0.0546392467588325,-0.1508290462579493,0.2601075397756145,12.217,57.1
15535,1942-07-17 00:00:00,0.1257741286689595,-0.0797162626887353,0.3312645200266544,12.217,57.1
15536,1942-07-18 00:00:00,0.0958618512974005,-0.1096460853284195,0.3013697879232206,12.217,57.1
15537,1942-07-19 00:00:00,0.0534436669092849,-0.1521080793237621,0.2589954131423319,12.217,57.1
15538,1942-07-20 00:00:00,0.0181421483955247,-0.1873825241065214,0.2236668208975708,12.217,57.1
15539,1942-07-21 00:00:00,0.0526786251095139,-0.1528614215204772,0.2582186717395049,12.217,57.1
15540,1942-07-22 00:00:00,0.2721647244390279,0.0664272253362593,0.4779022235417965,12.217,57.1
15541,1942-07-23 00:00:00,0.2692628073859838,0.06345492778289,0.4750706869890776,12.217,57.1
15542,1942-07-24 00:00:00,0.1437329645933521,-0.0620171033627624,0.3494830325494668,12.217,57.1
15543,1942-07-25 00:00:00,0.2252273337320922,0.0191321563496046,0.4313225111145798,12.217,57.1
15544,1942-07-26 00:00:00,0.2515037951299251,0.044925221113549,0.4580823691463012,12.217,57.1
15545,1942-07-27 00:00:00,0.1476539752331169,-0.0584402016083049,0.3537481520745388,12.217,57.1
15546,1942-07-28 00:00:00,0.0620843007798714,-0.143603323301327,0.2677719248610699,12.217,57.1
15547,1942-07-29 00:00:00,0.0489989832310369,-0.1567298001758761,0.2547277666379499,12.217,57.1
15548,1942-07-30 00:00:00,0.0735163106820447,-0.1322193338357651,0.2792519551998545,12.217,57.1
15549,1942-07-31 00:00:00,-0.0175460082747707,-0.2233443692235079,0.1882523526739664,12.217,57.1
15550,1942-08-01 00:00:00,0.0416489239379827,-0.1638203312659156,0.2471181791418811,12.217,57.1
15551,1942-08-02 00:00:00,0.0710763589600161,-0.1345333370124962,0.2766860549325285,12.217,57.1
15552,1942-08-03 00:00:00,0.0787663062201904,-0.1267619131841622,0.2842945256245431,12.217,57.1
15553,1942-08-04 00:00:00,0.0464198797062962,-0.1590872046864298,0.2519269640990222,12.217,57.1
15554,1942-08-05 00:00:00,0.017080417239805,-0.1886942786850856,0.2228551131646956,12.217,57.1
15555,1942-08-06 00:00:00,0.0600915826436187,-0.1455576960535158,0.2657408613407533,12.217,57.1
15556,1942-08-07 00:00:00,0.0947582548952196,-0.1107721617157983,0.3002886715062377,12.217,57.1
15557,1942-08-08 00:00:00,0.0466587525503798,-0.1588027100245042,0.252120215125264,12.217,57.1
15558,1942-08-09 00:00:00,0.0784115517375102,-0.1270423094586183,0.2838654129336388,12.217,57.1
15559,1942-08-10 00:00:00,0.1055744280488805,-0.0999178031303793,0.3110666592281405,12.217,57.1
15560,1942-08-11 00:00:00,0.0618279689382082,-0.1437419367994825,0.267397874675899,12.217,57.1
15561,1942-08-12 00:00:00,0.1919374155366635,-0.0137773037860388,0.3976521348593659,12.217,57.1
15562,1942-08-13 00:00:00,0.2100364532998465,0.0043696466215195,0.4157032599781734,12.217,57.1
15563,1942-08-14 00:00:00,0.1204331953240239,-0.0850837208800943,0.3259501115281422,12.217,57.1
15564,1942-08-15 00:00:00,0.0676902171493663,-0.1377729116662212,0.2731533459649539,12.217,57.1
15565,1942-08-16 00:00:00,0.0438351224133871,-0.161575817188994,0.2492460620157683,12.217,57.1
15566,1942-08-17 00:00:00,0.104585662290925,-0.101314356760696,0.310485681342546,12.217,57.1
15567,1942-08-18 00:00:00,0.0978471041040121,-0.1078834302849927,0.3035776384930171,12.217,57.1
15568,1942-08-19 00:00:00,0.0549562234777663,-0.1508143382143895,0.2607267851699222,12.217,57.1
15569,1942-08-20 00:00:00,0.0796746705944333,-0.125903212013959,0.2852525532028256,12.217,57.1
15570,1942-08-21 00:00:00,0.1125331173751264,-0.0931451153333764,0.3182113500836293,12.217,57.1
15571,1942-08-22 00:00:00,0.0194778258503391,-0.1863541144648595,0.2253097661655378,12.217,57.1
15572,1942-08-23 00:00:00,0.0938109981754112,-0.1119731130540611,0.2995951094048835,12.217,57.1
15573,1942-08-24 00:00:00,0.0773907262638861,-0.128192561268335,0.2829740137961073,12.217,57.1
15574,1942-08-25 00:00:00,0.0686207836896009,-0.1370088631591996,0.2742504305384016,12.217,57.1
15575,1942-08-26 00:00:00,0.045046706660839,-0.1604373342615672,0.2505307475832452,12.217,57.1
15576,1942-08-27 00:00:00,-0.0001800781787772,-0.2056450372657188,0.2052848809081643,12.217,57.1
15577,1942-08-28 00:00:00,0.0176553270063905,-0.1879102723346119,0.223220926347393,12.217,57.1
15578,1942-08-29 00:00:00,0.0902517806374277,-0.1154093512288607,0.2959129125037162,12.217,57.1
15579,1942-08-30 00:00:00,0.0083505599096934,-0.1975566837720979,0.2142578035914849,12.217,57.1
15580,1942-08-31 00:00:00,-0.0054599246969089,-0.2113328628329155,0.2004130134390976,12.217,57.1
15581,1942-09-01 00:00:00,0.0750377165114244,-0.130848606763284,0.2809240397861328,12.217,57.1
15582,1942-09-02 00:00:00,0.1534797874867422,-0.0523610593444476,0.3593206343179321,12.217,57.1
15583,1942-09-03 00:00:00,0.1253614933253707,-0.0806414519645398,0.3313644386152812,12.217,57.1
15584,1942-09-04 00:00:00,0.1169273527381002,-0.0888692426999409,0.3227239481761414,12.217,57.1
15585,1942-09-05 00:00:00,0.060241995508179,-0.1456803525709304,0.2661643435872884,12.217,57.1
15586,1942-09-06 00:00:00,0.1329994498426556,-0.0729615894172115,0.3389604891025227,12.217,57.1
15587,1942-09-07 00:00:00,0.1883880985419613,-0.0175670398863988,0.3943432369703215,12.217,57.1
15588,1942-09-08 00:00:00,0.1138279878534953,-0.0918249854462851,0.3194809611532759,12.217,57.1
15589,1942-09-09 00:00:00,0.0731107596637641,-0.1323931061417322,0.2786146254692604,12.217,57.1
15590,1942-09-10 00:00:00,0.1351744720467161,-0.0709201017945617,0.341269045887994,12.217,57.1
15591,1942-09-11 00:00:00,0.1275909096263368,-0.0797935582168586,0.3349753774695323,12.217,57.1
15592,1942-09-12 00:00:00,0.1383025632240195,-0.068432017725329,0.345037144173368,12.217,57.1
15593,1942-09-13 00:00:00,-0.0655978587490831,-0.2714514225832032,0.140255705085037,12.217,57.1
15594,1942-09-14 00:00:00,-0.0677257760698783,-0.2733330877196555,0.1378815355798988,12.217,57.1
15595,1942-09-15 00:00:00,0.0451553583927156,-0.1606372732907827,0.250947990076214,12.217,57.1
15596,1942-09-16 00:00:00,0.1575984810974817,-0.0492554510346285,0.3644524132295921,12.217,57.1
15597,1942-09-17 00:00:00,0.3326450340766655,0.1261095177608196,0.5391805503925116,12.217,57.1
15598,1942-09-18 00:00:00,0.2753303159524937,0.0689190415956919,0.4817415903092954,12.217,57.1
15599,1942-09-19 00:00:00,0.1681366506538976,-0.0376400148732534,0.3739133161810487,12.217,57.1
15600,1942-09-20 00:00:00,0.1071070309957022,-0.0989988678140911,0.3132129298054956,12.217,57.1
15601,1942-09-21 00:00:00,0.0974935820140119,-0.1083048294425435,0.3032919934705674,12.217,57.1
15602,1942-09-22 00:00:00,0.1833955659700136,-0.0223037001600689,0.3890948321000962,12.217,57.1
15603,1942-09-23 00:00:00,0.245773928480007,0.0399429121106538,0.4516049448493601,12.217,57.1
15604,1942-09-24 00:00:00,0.3133006726620775,0.1071926842367849,0.51940866108737,12.217,57.1
15605,1942-09-25 00:00:00,0.2540573516094198,0.0481628519833266,0.4599518512355128,12.217,57.1
15606,1942-09-26 00:00:00,0.120231916778051,-0.0852843921504274,0.3257482257065296,12.217,57.1
15607,1942-09-27 00:00:00,0.053559687059306,-0.1519232739541412,0.2590426480727533,12.217,57.1
15608,1942-09-28 00:00:00,0.0087905992117638,-0.1969665237683698,0.2145477221918974,12.217,57.1
15609,1942-09-29 00:00:00,0.1171494161932189,-0.0901777380147649,0.3244765704012029,12.217,57.1
15610,1942-09-30 00:00:00,-0.0065097258912878,-0.2130973460734947,0.2000778942909189,12.217,57.1
15611,1942-10-01 00:00:00,-0.0290123375045699,-0.234733664054215,0.176708989045075,12.217,57.1
15612,1942-10-02 00:00:00,0.0872771728756182,-0.1183832410428569,0.2929375867940935,12.217,57.1
15613,1942-10-03 00:00:00,0.0411236776600537,-0.1647584838283566,0.2470058391484641,12.217,57.1
15614,1942-10-04 00:00:00,0.04297268899132,-0.1625134858215425,0.2484588638041827,12.217,57.1
15615,1942-10-05 00:00:00,0.1213400807355814,-0.0842235963322033,0.3269037578033663,12.217,57.1
15616,1942-10-06 00:00:00,0.2659557730139412,0.0593675169989997,0.4725440290288827,12.217,57.1
15617,1942-10-07 00:00:00,0.0871335242467262,-0.1210732381045264,0.2953402865979789,12.217,57.1
15618,1942-10-08 00:00:00,0.1033911633249472,-0.1023254758775704,0.3091078025274648,12.217,57.1
15619,1942-10-09 00:00:00,0.2905114147836358,0.0844799398356315,0.4965428897316402,12.217,57.1
15620,1942-10-10 00:00:00,0.3181587008257007,0.1116907163881091,0.5246266852632924,12.217,57.1
15621,1942-10-11 00:00:00,0.4341110303210487,0.2271368087435367,0.6410852518985608,12.217,57.1
15622,1942-10-12 00:00:00,0.2118313000507028,0.005791795406868,0.4178708046945376,12.217,57.1
15623,1942-10-13 00:00:00,0.0676902445921155,-0.1380553620216336,0.2734358512058648,12.217,57.1
15624,1942-10-14 00:00:00,0.0718566958258556,-0.1343451767923158,0.2780585684440272,12.217,57.1
15625,1942-10-15 00:00:00,0.1394432336769103,-0.0662517610453973,0.3451382283992179,12.217,57.1
15626,1942-10-16 00:00:00,0.5474002757553444,0.3399157765279607,0.7548847749827282,12.217,57.1
15627,1942-10-17 00:00:00,0.4403003246515666,0.2327618779451653,0.647838771357968,12.217,57.1
15628,1942-10-18 00:00:00,0.1835885700185275,-0.0225479562294545,0.3897250962665095,12.217,57.1
15629,1942-10-19 00:00:00,0.0226094142654309,-0.1832854787939769,0.2285043073248388,12.217,57.1
15630,1942-10-20 00:00:00,-0.0096557347278699,-0.2152898299639984,0.1959783605082586,12.217,57.1
15631,1942-10-21 00:00:00,0.1183052319984995,-0.0874158720244388,0.3240263360214379,12.217,57.1
15632,1942-10-22 00:00:00,0.0534358143897046,-0.1527618870923903,0.2596335158717997,12.217,57.1
15633,1942-10-23 00:00:00,0.1460111157803053,-0.0601864401345333,0.352208671695144,12.217,57.1
15634,1942-10-24 00:00:00,0.287214485209797,0.0809579796881958,0.4934709907313981,12.217,57.1
15635,1942-10-25 00:00:00,0.312134133105838,0.1060241170760597,0.5182441491356163,12.217,57.1
15636,1942-10-26 00:00:00,0.242518316626479,0.0362485141499909,0.448788119102967,12.217,57.1
15637,1942-10-27 00:00:00,0.2066283038794634,0.000372610112944,0.4128839976459828,12.217,57.1
15638,1942-10-28 00:00:00,0.1264254162443426,-0.07962634947372,0.3324771819624052,12.217,57.1
15639,1942-10-29 00:00:00,0.0453306435370522,-0.1604860979042473,0.2511473849783517,12.217,57.1
15640,1942-10-30 00:00:00,0.1094551793601181,-0.0963544748890065,0.3152648336092428,12.217,57.1
15641,1942-10-31 00:00:00,0.1208424069096032,-0.0848625794709205,0.326547393290127,12.217,57.1
15642,1942-11-01 00:00:00,0.2031279585855669,-0.0032506712797025,0.4095065884508364,12.217,57.1
15643,1942-11-02 00:00:00,0.0246777970138325,-0.1819029981106286,0.2312585921382937,12.217,57.1
15644,1942-11-03 00:00:00,0.1534972787762678,-0.0531211669366329,0.3601157244891686,12.217,57.1
15645,1942-11-04 00:00:00,0.0880684841707385,-0.1180966604164057,0.2942336287578827,12.217,57.1
15646,1942-11-05 00:00:00,0.0103911120295853,-0.1951341438610866,0.2159163679202572,12.217,57.1
15647,1942-11-06 00:00:00,-0.0131655086859083,-0.2187788282051818,0.1924478108333651,12.217,57.1
15648,1942-11-07 00:00:00,0.0625816874836922,-0.1431816822675397,0.2683450572349242,12.217,57.1
15649,1942-11-08 00:00:00,0.1652061515040874,-0.0408846780405739,0.3712969810487488,12.217,57.1
15650,1942-11-09 00:00:00,0.0138904758243676,-0.19199345257971,0.2197744042284453,12.217,57.1
15651,1942-11-10 00:00:00,-0.0031582731632229,-0.2087560356226326,0.2024394892961867,12.217,57.1
15652,1942-11-11 00:00:00,0.028841853184194,-0.1766803146850883,0.2343640210534763,12.217,57.1
15653,1942-11-12 00:00:00,0.0252104666020599,-0.1804429972386109,0.2308639304427307,12.217,57.1
15654,1942-11-13 00:00:00,-0.0329307693275402,-0.2385366030255142,0.1726750643704337,12.217,57.1
15655,1942-11-14 00:00:00,-0.0440709503181266,-0.2496145094868103,0.161472608850557,12.217,57.1
15656,1942-11-15 00:00:00,0.1474197474037998,-0.0585003744660231,0.3533398692736227,12.217,57.1
15657,1942-11-16 00:00:00,0.5228131760140873,0.3153947291156443,0.7302316229125302,12.217,57.1
15658,1942-11-17 00:00:00,0.1154088597630114,-0.0954893581194442,0.326307077645467,12.217,57.1
15659,1942-11-18 00:00:00,-0.0335214246027349,-0.2426051681823629,0.175562318976893,12.217,57.1
15660,1942-11-19 00:00:00,0.0111439754305863,-0.1945479934125733,0.216835944273746,12.217,57.1
15661,1942-11-20 00:00:00,0.1003749696600745,-0.1052711534465064,0.3060210927666555,12.217,57.1
15662,1942-11-21 00:00:00,0.2127423399586385,0.0062910133068916,0.4191936666103855,12.217,57.1
15663,1942-11-22 00:00:00,0.0331596163992966,-0.1746625473282607,0.240981780126854,12.217,57.1
15664,1942-11-23 00:00:00,-0.0019778761202923,-0.208242956729766,0.2042872044891814,12.217,57.1
15665,1942-11-24 00:00:00,-0.0078194849377984,-0.2152377458556966,0.1995987759800998,12.217,57.1
15666,1942-11-25 00:00:00,-0.0376481638758785,-0.244585456420628,0.1692891286688709,12.217,57.1
15667,1942-11-26 00:00:00,0.0104700340085631,-0.195402492828308,0.2163425608454344,12.217,57.1
15668,1942-11-27 00:00:00,-0.0157369836783701,-0.2216046332668607,0.1901306659101204,12.217,57.1
15669,1942-11-28 00:00:00,0.1822997281473038,-0.0238066943594413,0.388406150654049,12.217,57.1
15670,1942-11-29 00:00:00,0.2184767042890074,0.0110208204997505,0.4259325880782642,12.217,57.1
15671,1942-11-30 00:00:00,0.1100504013580763,-0.0971547069565939,0.3172555096727465,12.217,57.1
15672,1942-12-01 00:00:00,0.1260249783989621,-0.0796842621073681,0.3317342189052925,12.217,57.1
15673,1942-12-02 00:00:00,0.2116991209204032,0.005125071014727,0.4182731708260795,12.217,57.1
15674,1942-12-03 00:00:00,0.0457219687789619,-0.160751370860284,0.252195308418208,12.217,57.1
15675,1942-12-04 00:00:00,0.0852701436263431,-0.1204136342407158,0.2909539214934021,12.217,57.1
15676,1942-12-05 00:00:00,0.17093063225029,-0.0352119964273702,0.3770732609279503,12.217,57.1
15677,1942-12-06 00:00:00,0.2564384800171182,0.0501221764920151,0.4627547835422213,12.217,57.1
15678,1942-12-07 00:00:00,0.039373916771987,-0.1671627738247685,0.2459106073687427,12.217,57.1
15679,1942-12-08 00:00:00,0.1520205021840996,-0.0544201992310792,0.3584612035992786,12.217,57.1
15680,1942-12-09 00:00:00,0.496890296404901,0.2886487051135818,0.7051318876962201,12.217,57.1
15681,1942-12-10 00:00:00,0.1688831639991063,-0.0387531484356589,0.3765194764338717,12.217,57.1
15682,1942-12-11 00:00:00,0.1989720322822894,-0.007749051050665,0.4056931156152439,12.217,57.1
15683,1942-12-12 00:00:00,0.2163268404874765,0.0105472130750937,0.4221064678998593,12.217,57.1
15684,1942-12-13 00:00:00,0.2163710757626561,0.0105360546523211,0.4222060968729911,12.217,57.1
15685,1942-12-14 00:00:00,0.1743805569655777,-0.0317429789506627,0.3805040928818181,12.217,57.1
15686,1942-12-15 00:00:00,0.1336960789655427,-0.0722132251565252,0.3396053830876107,12.217,57.1
15687,1942-12-16 00:00:00,0.0349326007205453,-0.1709330214753561,0.2407982229164469,12.217,57.1
15688,1942-12-17 00:00:00,0.0948083031116769,-0.1107797075927599,0.3003963138161138,12.217,57.1
15689,1942-12-18 00:00:00,0.0932868275297454,-0.1123626520015647,0.2989363070610557,12.217,57.1
15690,1942-12-19 00:00:00,0.1138105719815582,-0.0918042912526468,0.3194254352157634,12.217,57.1
15691,1942-12-20 00:00:00,0.137413536757477,-0.0681162174888377,0.3429432910037918,12.217,57.1
15692,1942-12-21 00:00:00,0.036676238948003,-0.1689924915852234,0.2423449694812295,12.217,57.1
15693,1942-12-22 00:00:00,0.1327852996628788,-0.0731521188039104,0.3387227181296681,12.217,57.1
15694,1942-12-23 00:00:00,0.1261462169424322,-0.0797498666449657,0.3320423005298303,12.217,57.1
15695,1942-12-24 00:00:00,-0.0186793896087712,-0.2246657387508118,0.1873069595332693,12.217,57.1
15696,1942-12-25 00:00:00,0.0951397817829084,-0.1105132732046239,0.3007928367704409,12.217,57.1
15697,1942-12-26 00:00:00,0.0143932594403601,-0.1913081920670783,0.2200947109477986,12.217,57.1
15698,1942-12-27 00:00:00,0.0111410865802415,-0.1943864664931809,0.2166686396536641,12.217,57.1
15699,1942-12-28 00:00:00,0.0595245187031281,-0.1461462816450343,0.2651953190512907,12.217,57.1
15700,1942-12-29 00:00:00,0.1723992703805157,-0.0348510153140184,0.3796495560750499,12.217,57.1
15701,1942-12-30 00:00:00,0.2961717588138437,0.0881749692859771,0.5041685483417102,12.217,57.1
15702,1942-12-31 00:00:00,-0.0248929931567964,-0.2342684121841157,0.1844824258705228,12.217,57.1
15703,1943-01-01 00:00:00,0.2242941398619642,0.0179427425831815,0.430645537140747,12.217,57.1
15704,1943-01-02 00:00:00,0.2024516901944123,-0.0039677278637512,0.4088711082525759,12.217,57.1
15705,1943-01-03 00:00:00,0.1184030659599267,-0.089681601292178,0.3264877332120316,12.217,57.1
15706,1943-01-04 00:00:00,-0.029170756676413,-0.2397356321677347,0.1813941188149085,12.217,57.1
15707,1943-01-05 00:00:00,-0.0807318458392167,-0.288271956037902,0.1268082643594685,12.217,57.1
15708,1943-01-06 00:00:00,-0.0938376498881338,-0.2995888788254372,0.1119135790491696,12.217,57.1
15709,1943-01-07 00:00:00,-0.0792901592226664,-0.2849229730424543,0.1263426545971214,12.217,57.1
15710,1943-01-08 00:00:00,-0.0488617464759855,-0.2544540053389622,0.1567305123869911,12.217,57.1
15711,1943-01-09 00:00:00,-0.0642219654672992,-0.2697650489952286,0.14132111806063,12.217,57.1
15712,1943-01-10 00:00:00,-0.0981160261367624,-0.3036817209540517,0.1074496686805269,12.217,57.1
15713,1943-01-11 00:00:00,0.0414313652652749,-0.1641763022401252,0.247039032770675,12.217,57.1
15714,1943-01-12 00:00:00,0.1277105132814921,-0.078695168816133,0.3341161953791173,12.217,57.1
15715,1943-01-13 00:00:00,0.1419731965875129,-0.0646339660844214,0.3485803592594473,12.217,57.1
15716,1943-01-14 00:00:00,0.2186387132391998,0.0122177478741661,0.4250596786042334,12.217,57.1
15717,1943-01-15 00:00:00,0.1083429734293344,-0.0986761253030068,0.3153620721616756,12.217,57.1
15718,1943-01-16 00:00:00,0.0731314876208064,-0.1351700041634221,0.2814329794050351,12.217,57.1
15719,1943-01-17 00:00:00,0.1366060324591214,-0.0694695131807278,0.3426815780989706,12.217,57.1
15720,1943-01-18 00:00:00,0.1013181251653627,-0.1043634322863848,0.3069996826171103,12.217,57.1
15721,1943-01-19 00:00:00,0.0647651437108937,-0.1411788392893369,0.2707091267111243,12.217,57.1
15722,1943-01-20 00:00:00,0.0730370102169833,-0.132581940991582,0.2786559614255487,12.217,57.1
15723,1943-01-21 00:00:00,0.0491312778498414,-0.156462029161492,0.2547245848611749,12.217,57.1
15724,1943-01-22 00:00:00,0.1743243960864925,-0.0317906851609031,0.3804394773338881,12.217,57.1
15725,1943-01-23 00:00:00,0.0824005874732199,-0.1234447585801569,0.2882459335265969,12.217,57.1
15726,1943-01-24 00:00:00,-0.0330824512269444,-0.2386818331670037,0.1725169307131147,12.217,57.1
15727,1943-01-25 00:00:00,-0.1292308014702403,-0.3351625136434993,0.0767009107030186,12.217,57.1
15728,1943-01-26 00:00:00,0.0846648749038154,-0.1223397602605679,0.2916695100681988,12.217,57.1
15729,1943-01-27 00:00:00,0.2065986047809747,-0.0006602101324581,0.4138574196944076,12.217,57.1
15730,1943-01-28 00:00:00,0.0912425594639042,-0.1146892481538259,0.2971743670816344,12.217,57.1
15731,1943-01-29 00:00:00,0.1538167502202277,-0.0517680064003278,0.3594015068407833,12.217,57.1
15732,1943-01-30 00:00:00,0.2483518811929422,0.0425342219137271,0.4541695404721574,12.217,57.1
15733,1943-01-31 00:00:00,0.3604762532004018,0.1538249002064172,0.5671276061943863,12.217,57.1
15734,1943-02-01 00:00:00,0.308123837814378,0.1006398278583879,0.515607847770368,12.217,57.1
15735,1943-02-02 00:00:00,0.538514883746514,0.3288801032877871,0.7481496642052409,12.217,57.1
15736,1943-02-03 00:00:00,0.2397558848777625,0.0333843303964462,0.4461274393590788,12.217,57.1
15737,1943-02-04 00:00:00,0.1228183938308007,-0.082710373706403,0.3283471613680045,12.217,57.1
15738,1943-02-05 00:00:00,0.0341389060604997,-0.1713565234341431,0.2396343355551426,12.217,57.1
15739,1943-02-06 00:00:00,0.1824336329754523,-0.0249782425343179,0.3898455084852226,12.217,57.1
15740,1943-02-07 00:00:00,0.773447861868454,0.5623550313757497,0.9845406923611584,12.217,57.1
15741,1943-02-08 00:00:00,0.2356279797451577,0.0278243431744565,0.4434316163158589,12.217,57.1
15742,1943-02-09 00:00:00,0.2057079747246681,-0.0008275448338994,0.4122434942832358,12.217,57.1
15743,1943-02-10 00:00:00,0.3500480808152634,0.1394816627922832,0.5606144988382437,12.217,57.1
15744,1943-02-11 00:00:00,0.2132053806002419,0.0046816984966914,0.4217290627037924,12.217,57.1
15745,1943-02-12 00:00:00,0.2356275502574192,0.0285037628800176,0.4427513376348209,12.217,57.1
15746,1943-02-13 00:00:00,0.7020929749859472,0.4912769954397791,0.9129089545321154,12.217,57.1
15747,1943-02-14 00:00:00,0.4454070529713853,0.2336746000089723,0.6571395059337982,12.217,57.1
15748,1943-02-15 00:00:00,0.4033249941861251,0.1947319225318002,0.61191806584045,12.217,57.1
15749,1943-02-16 00:00:00,0.4725566010137033,0.265383497620327,0.6797297044070796,12.217,57.1
15750,1943-02-17 00:00:00,0.0481848631676775,-0.1601405342006414,0.2565102605359965,12.217,57.1
15751,1943-02-18 00:00:00,0.156971344583233,-0.0498142145813118,0.3637569037477778,12.217,57.1
15752,1943-02-19 00:00:00,0.4373144073292924,0.2289344536138434,0.6456943610447413,12.217,57.1
15753,1943-02-20 00:00:00,0.6145025803782573,0.4044415254742095,0.8245636352823051,12.217,57.1
15754,1943-02-21 00:00:00,0.0961475158018548,-0.1218547789918867,0.3141498105955963,12.217,57.1
15755,1943-02-22 00:00:00,0.197492430962384,-0.0086254933769678,0.403610355301736,12.217,57.1
15756,1943-02-23 00:00:00,0.147715847038196,-0.0587977975124745,0.3542294915888666,12.217,57.1
15757,1943-02-24 00:00:00,0.0461832287757833,-0.1593682396837958,0.2517346972353625,12.217,57.1
15758,1943-02-25 00:00:00,0.1295770088730301,-0.0768147856323709,0.3359688033784311,12.217,57.1
15759,1943-02-26 00:00:00,0.192126731481781,-0.0145056993279878,0.3987591622915499,12.217,57.1
15760,1943-02-27 00:00:00,0.2355912272768431,0.0263850941548837,0.4447973603988026,12.217,57.1
15761,1943-02-28 00:00:00,0.4013356989315725,0.1910700839872615,0.6116013138758835,12.217,57.1
15762,1943-03-01 00:00:00,0.3770974661775483,0.1699434126924531,0.5842515196626437,12.217,57.1
15763,1943-03-02 00:00:00,0.3303101795235751,0.119995992410243,0.5406243666369072,12.217,57.1
15764,1943-03-03 00:00:00,0.2668566383094373,0.0553626323969595,0.4783506442219151,12.217,57.1
15765,1943-03-04 00:00:00,-0.0627467650336874,-0.2691220635842563,0.1436285335168814,12.217,57.1
15766,1943-03-05 00:00:00,0.0483893426174939,-0.1577465458254811,0.2545252310604689,12.217,57.1
15767,1943-03-06 00:00:00,0.033632307785822,-0.1723890970844306,0.2396537126560747,12.217,57.1
15768,1943-03-07 00:00:00,-0.0066162241603069,-0.2128958285402478,0.1996633802196339,12.217,57.1
15769,1943-03-08 00:00:00,0.015329519107205,-0.1904469337261685,0.2211059719405786,12.217,57.1
15770,1943-03-09 00:00:00,0.0941863623245295,-0.1115527390525356,0.2999254637015948,12.217,57.1
15771,1943-03-10 00:00:00,0.0443845611067412,-0.1612446679449485,0.2500137901584309,12.217,57.1
15772,1943-03-11 00:00:00,0.0217970634401175,-0.1837980056953032,0.2273921325755383,12.217,57.1
15773,1943-03-12 00:00:00,0.1317011347845325,-0.0739836576773699,0.3373859272464349,12.217,57.1
15774,1943-03-13 00:00:00,0.0070681968090733,-0.198740857185138,0.2128772508032848,12.217,57.1
15775,1943-03-14 00:00:00,0.0064029590500979,-0.1991833646192093,0.2119892827194051,12.217,57.1
15776,1943-03-15 00:00:00,0.0443572483590682,-0.1614705971718082,0.2501850938899447,12.217,57.1
15777,1943-03-16 00:00:00,0.0777030713929392,-0.1283229435488456,0.2837290863347241,12.217,57.1
15778,1943-03-17 00:00:00,0.0469660413670825,-0.1588639311305833,0.2527960138647483,12.217,57.1
15779,1943-03-18 00:00:00,-0.039244171283433,-0.2448235906263972,0.166335248059531,12.217,57.1
15780,1943-03-19 00:00:00,-0.1317112606191426,-0.3378801233196076,0.0744576020813223,12.217,57.1
15781,1943-03-20 00:00:00,-0.1273404231513873,-0.3340170180391953,0.0793361717364206,12.217,57.1
15782,1943-03-21 00:00:00,-0.1101786511261637,-0.316107109524799,0.0957498072724714,12.217,57.1
15783,1943-03-22 00:00:00,-0.0747549536558084,-0.2804290011656231,0.1309190938540061,12.217,57.1
15784,1943-03-23 00:00:00,-0.0650989675420789,-0.270693364226188,0.1404954291420302,12.217,57.1
15785,1943-03-24 00:00:00,-0.0240116434320011,-0.2296653419904357,0.1816420551264334,12.217,57.1
15786,1943-03-25 00:00:00,-0.0125860810810635,-0.21818942761825,0.193017265456123,12.217,57.1
15787,1943-03-26 00:00:00,0.0135308258399689,-0.1919414796392003,0.2190031313191384,12.217,57.1
15788,1943-03-27 00:00:00,0.0643712069139776,-0.1411308595811552,0.2698732734091105,12.217,57.1
15789,1943-03-28 00:00:00,0.1085870107683238,-0.0970447012645716,0.3142187228012192,12.217,57.1
15790,1943-03-29 00:00:00,0.1153374416593019,-0.0904267499203791,0.321101633238983,12.217,57.1
15791,1943-03-30 00:00:00,0.1496989137039886,-0.056657870495738,0.3560556979037152,12.217,57.1
15792,1943-03-31 00:00:00,0.4530790656142011,0.2443928372786585,0.6617652939497436,12.217,57.1
15793,1943-04-01 00:00:00,0.7174852836067872,0.5086531844086718,0.9263173828049026,12.217,57.1
15794,1943-04-02 00:00:00,0.4107281012439991,0.2030988175457246,0.6183573849422735,12.217,57.1
15795,1943-04-03 00:00:00,0.1301142929918376,-0.0774444690608343,0.3376730550445097,12.217,57.1
15796,1943-04-04 00:00:00,0.0278809195738266,-0.1778394918940648,0.2336013310417181,12.217,57.1
15797,1943-04-05 00:00:00,0.3030163243524454,0.0970474072398535,0.5089852414650373,12.217,57.1
15798,1943-04-06 00:00:00,0.2959605936249757,0.0889218009531146,0.5029993862968368,12.217,57.1
15799,1943-04-07 00:00:00,0.4028538598169203,0.1951807418484994,0.6105269777853413,12.217,57.1
15800,1943-04-08 00:00:00,0.1538085990655365,-0.0537484275276755,0.3613656256587486,12.217,57.1
15801,1943-04-09 00:00:00,0.0523330420772881,-0.1554868379417416,0.2601529220963179,12.217,57.1
15802,1943-04-10 00:00:00,0.0893620952837438,-0.1161773815905935,0.2949015721580811,12.217,57.1
15803,1943-04-11 00:00:00,0.372329016260735,0.1648619582977099,0.5797960742237601,12.217,57.1
15804,1943-04-12 00:00:00,0.0653447028153312,-0.140963925746488,0.2716533313771506,12.217,57.1
15805,1943-04-13 00:00:00,0.011688406511171,-0.1938956337817863,0.2172724468041284,12.217,57.1
15806,1943-04-14 00:00:00,0.0559137156723876,-0.1498453185132112,0.2616727498579865,12.217,57.1
15807,1943-04-15 00:00:00,0.170105750876069,-0.0367907258552685,0.3770022276074066,12.217,57.1
15808,1943-04-16 00:00:00,0.2536695334449638,0.0463006837481807,0.4610383831417468,12.217,57.1
15809,1943-04-17 00:00:00,0.0937956147986452,-0.1142185086254264,0.301809738222717,12.217,57.1
15810,1943-04-18 00:00:00,0.4577443528439691,0.2493883083023806,0.6661003973855575,12.217,57.1
15811,1943-04-19 00:00:00,0.3511053443431658,0.1430930599527846,0.5591176287335471,12.217,57.1
15812,1943-04-20 00:00:00,0.2514722899000934,0.0417224032647097,0.4612221765354771,12.217,57.1
15813,1943-04-21 00:00:00,0.0797225814114584,-0.1273670738951485,0.2868122367180655,12.217,57.1
15814,1943-04-22 00:00:00,0.0333287405255396,-0.1734990073608315,0.2401564884119108,12.217,57.1
15815,1943-04-23 00:00:00,0.1183800168671637,-0.0882176669079918,0.3249777006423194,12.217,57.1
15816,1943-04-24 00:00:00,0.0989647370370934,-0.1070696419258859,0.3049991160000729,12.217,57.1
15817,1943-04-25 00:00:00,0.1189038476682787,-0.087416836461269,0.3252245317978265,12.217,57.1
15818,1943-04-26 00:00:00,0.3397749885255247,0.1324929594183255,0.5470570176327239,12.217,57.1
15819,1943-04-27 00:00:00,0.480736220761555,0.2725982852657654,0.6888741562573446,12.217,57.1
15820,1943-04-28 00:00:00,0.417515922385045,0.2101726082928184,0.6248592364772716,12.217,57.1
15821,1943-04-29 00:00:00,0.1142300499076194,-0.0917536359427035,0.3202137357579424,12.217,57.1
15822,1943-04-30 00:00:00,0.0389183225754815,-0.1666852670569596,0.2445219122079226,12.217,57.1
15823,1943-05-01 00:00:00,0.0094135313987604,-0.1961305674143617,0.2149576302118827,12.217,57.1
15824,1943-05-02 00:00:00,-0.015314497173762,-0.2208369590583487,0.1902079647108246,12.217,57.1
15825,1943-05-03 00:00:00,-0.0320987107724521,-0.2376278996162112,0.173430478071307,12.217,57.1
15826,1943-05-04 00:00:00,-0.0270736777648137,-0.2326673167803721,0.1785199612507446,12.217,57.1
15827,1943-05-05 00:00:00,-0.0007690811006711,-0.2068101566602506,0.2052719944589083,12.217,57.1
15828,1943-05-06 00:00:00,0.0779311271152013,-0.1279090263200597,0.2837712805504623,12.217,57.1
15829,1943-05-07 00:00:00,0.0643534968272878,-0.1413939336086478,0.2701009272632235,12.217,57.1
15830,1943-05-08 00:00:00,0.1198418774102926,-0.0858209619791175,0.3255047167997029,12.217,57.1
15831,1943-05-09 00:00:00,0.136842291444749,-0.0689696066481406,0.3426541895376386,12.217,57.1
15832,1943-05-10 00:00:00,0.2185084465971584,0.0125016478076875,0.4245152453866293,12.217,57.1
15833,1943-05-11 00:00:00,0.0895783210875912,-0.1177594027820839,0.2969160449572664,12.217,57.1
15834,1943-05-12 00:00:00,0.2525851000726191,0.0441876479910202,0.460982552154218,12.217,57.1
15835,1943-05-13 00:00:00,0.0394672981151193,-0.1674474568705763,0.246382053100815,12.217,57.1
15836,1943-05-14 00:00:00,0.0360823776006126,-0.1702811808121292,0.2424459360133545,12.217,57.1
15837,1943-05-15 00:00:00,0.1333357771560786,-0.0729255769267204,0.3395971312388777,12.217,57.1
15838,1943-05-16 00:00:00,0.058351300682263,-0.1483877153560806,0.2650903167206068,12.217,57.1
15839,1943-05-17 00:00:00,0.0178689408585085,-0.1885425476848303,0.2242804294018475,12.217,57.1
15840,1943-05-18 00:00:00,0.0596441453008827,-0.1466723271886805,0.2659606177904459,12.217,57.1
15841,1943-05-19 00:00:00,0.0724139063391897,-0.1349337804535389,0.2797615931319183,12.217,57.1
15842,1943-05-20 00:00:00,0.0053053553623539,-0.2007201139703709,0.2113308246950789,12.217,57.1
15843,1943-05-21 00:00:00,0.0347543449808731,-0.1708761733406106,0.2403848633023569,12.217,57.1
15844,1943-05-22 00:00:00,0.0320522862809559,-0.1735874947328786,0.2376920672947905,12.217,57.1
15845,1943-05-23 00:00:00,0.0657140929704412,-0.1398379186668811,0.2712661046077637,12.217,57.1
15846,1943-05-24 00:00:00,0.0830691132884977,-0.1227334282955394,0.2888716548725348,12.217,57.1
15847,1943-05-25 00:00:00,0.0647710753364443,-0.1408711808261753,0.270413331499064,12.217,57.1
15848,1943-05-26 00:00:00,0.0711546214708811,-0.1343687747985154,0.2766780177402777,12.217,57.1
15849,1943-05-27 00:00:00,-0.0230705300815107,-0.2287060074480718,0.1825649472850503,12.217,57.1
15850,1943-05-28 00:00:00,0.0337086802723841,-0.1717264917731253,0.2391438523178935,12.217,57.1
15851,1943-05-29 00:00:00,0.1583670282593276,-0.0476164073993159,0.3643504639179712,12.217,57.1
15852,1943-05-30 00:00:00,0.0493517353648566,-0.1570131459266755,0.2557166166563889,12.217,57.1
15853,1943-05-31 00:00:00,0.0111091585281597,-0.1945068916623687,0.2167252087186883,12.217,57.1
15854,1943-06-01 00:00:00,0.0940113025846929,-0.1115934818238155,0.2996160869932015,12.217,57.1
15855,1943-06-02 00:00:00,0.1623829580485558,-0.0432624342968081,0.3680283503939198,12.217,57.1
15856,1943-06-03 00:00:00,0.1409842787595814,-0.0647246544807882,0.3466932119999512,12.217,57.1
15857,1943-06-04 00:00:00,0.1083583317784773,-0.0972263292937549,0.3139429928507097,12.217,57.1
15858,1943-06-05 00:00:00,0.0753763532335903,-0.1302170402297877,0.2809697466969684,12.217,57.1
15859,1943-06-06 00:00:00,0.1159685743971928,-0.0898886607769665,0.3218258095713521,12.217,57.1
15860,1943-06-07 00:00:00,0.0254010595854631,-0.1805473555576237,0.23134947472855,12.217,57.1
15861,1943-06-08 00:00:00,-0.0351131267498234,-0.2412409933171448,0.171014739817498,12.217,57.1
15862,1943-06-09 00:00:00,-0.0091888440889114,-0.2149820031490755,0.1966043149712525,12.217,57.1
15863,1943-06-10 00:00:00,-0.0263564222598571,-0.2319629441021481,0.1792500995824339,12.217,57.1
15864,1943-06-11 00:00:00,-0.0457695652137737,-0.2512488082168801,0.1597096777893326,12.217,57.1
15865,1943-06-12 00:00:00,-0.0158668332021687,-0.2213141854113197,0.1895805190069822,12.217,57.1
15866,1943-06-13 00:00:00,0.0823993088141715,-0.1232051953516014,0.2880038129799445,12.217,57.1
15867,1943-06-14 00:00:00,0.2326246936273424,0.0261382989032551,0.4391110883514296,12.217,57.1
15868,1943-06-15 00:00:00,0.1609828855125587,-0.0451040796449474,0.3670698506700648,12.217,57.1
15869,1943-06-16 00:00:00,0.2190337570387067,0.0134904270117378,0.4245770870656755,12.217,57.1
15870,1943-06-17 00:00:00,0.1544667059346451,-0.0511164911881877,0.3600499030574781,12.217,57.1
15871,1943-06-18 00:00:00,0.1052193139769195,-0.1004094086592899,0.3108480366131291,12.217,57.1
15872,1943-06-19 00:00:00,0.1385243238920901,-0.0671564680978302,0.3442051158820106,12.217,57.1
15873,1943-06-20 00:00:00,0.1379508021984617,-0.0687062595935005,0.344607863990424,12.217,57.1
15874,1943-06-21 00:00:00,0.1024534416697419,-0.1032395641538654,0.3081464474933492,12.217,57.1
15875,1943-06-22 00:00:00,0.053693315191259,-0.15223708479622,0.2596237151787381,12.217,57.1
15876,1943-06-23 00:00:00,0.0437992820150186,-0.1621125135674039,0.2497110775974412,12.217,57.1
15877,1943-06-24 00:00:00,0.1126964085804926,-0.0931239282670096,0.318516745427995,12.217,57.1
15878,1943-06-25 00:00:00,0.1656641344510667,-0.0401678722045549,0.3714961411066885,12.217,57.1
15879,1943-06-26 00:00:00,0.098456314457787,-0.1072899395138405,0.3042025684294147,12.217,57.1
15880,1943-06-27 00:00:00,0.0099358739772396,-0.1958096684056283,0.2156814163601075,12.217,57.1
15881,1943-06-28 00:00:00,0.062350041476903,-0.1440593619689285,0.2687594449227346,12.217,57.1
15882,1943-06-29 00:00:00,0.0440425178157641,-0.1629027687508992,0.2509878043824275,12.217,57.1
15883,1943-06-30 00:00:00,0.04806537368523,-0.1581886807006608,0.2543194280711208,12.217,57.1
15884,1943-07-01 00:00:00,0.009772568273166,-0.1963413944261081,0.2158865309724401,12.217,57.1
15885,1943-07-02 00:00:00,0.0056464014215407,-0.2002052072951278,0.2114980101382093,12.217,57.1
15886,1943-07-03 00:00:00,0.0826323405785638,-0.1232896150011124,0.2885542961582401,12.217,57.1
15887,1943-07-04 00:00:00,0.1019614093901603,-0.1042315266787193,0.3081543454590399,12.217,57.1
15888,1943-07-05 00:00:00,0.1444852330244318,-0.0611140380974218,0.3500845041462855,12.217,57.1
15889,1943-07-06 00:00:00,0.1691834730010576,-0.0364692752358469,0.3748362212379622,12.217,57.1
15890,1943-07-07 00:00:00,0.1652520080690311,-0.0403528982348248,0.3708569143728871,12.217,57.1
15891,1943-07-08 00:00:00,0.170992016239214,-0.0347518915620474,0.3767359240404754,12.217,57.1
15892,1943-07-09 00:00:00,0.2441074501414704,0.0383628921214994,0.4498520081614413,12.217,57.1
15893,1943-07-10 00:00:00,0.2266243818131631,0.0209763393051432,0.432272424321183,12.217,57.1
15894,1943-07-11 00:00:00,0.1073946363860745,-0.0981918617996786,0.3129811345718278,12.217,57.1
15895,1943-07-12 00:00:00,0.1425923766668939,-0.0629494791445149,0.3481342324783028,12.217,57.1
15896,1943-07-13 00:00:00,0.1557438085964913,-0.0499042888796436,0.3613919060726264,12.217,57.1
15897,1943-07-14 00:00:00,0.2197835466189978,0.0140809122907698,0.4254861809472259,12.217,57.1
15898,1943-07-15 00:00:00,0.2508259151375963,0.0450333707563835,0.4566184595188091,12.217,57.1
15899,1943-07-16 00:00:00,0.1313481092520764,-0.0745503953833966,0.3372466138875495,12.217,57.1
15900,1943-07-17 00:00:00,0.1750030825210095,-0.0306919483193395,0.3806981133613586,12.217,57.1
15901,1943-07-18 00:00:00,0.0890360508062412,-0.1170764604929097,0.2951485621053922,12.217,57.1
15902,1943-07-19 00:00:00,0.0223754757217413,-0.1832591356612408,0.2280100871047235,12.217,57.1
15903,1943-07-20 00:00:00,0.0410504996502856,-0.1644732607829727,0.2465742600835441,12.217,57.1
15904,1943-07-21 00:00:00,-0.0241138246921464,-0.2295773738998148,0.1813497245155219,12.217,57.1
15905,1943-07-22 00:00:00,-0.0121602460573309,-0.2175579137903795,0.1932374216757176,12.217,57.1
15906,1943-07-23 00:00:00,0.0067432178955669,-0.198731233580297,0.2122176693714309,12.217,57.1
15907,1943-07-24 00:00:00,0.0351934333692205,-0.1702747706562417,0.2406616373946827,12.217,57.1
15908,1943-07-25 00:00:00,0.0584366903129474,-0.1469966244094732,0.263870005035368,12.217,57.1
15909,1943-07-26 00:00:00,0.0633749487750546,-0.1421052130414122,0.2688551105915214,12.217,57.1
15910,1943-07-27 00:00:00,0.0505534928670177,-0.154905664025982,0.2560126497600175,12.217,57.1
15911,1943-07-28 00:00:00,0.0670995225387891,-0.1383550162858474,0.2725540613634257,12.217,57.1
15912,1943-07-29 00:00:00,0.0181593038471741,-0.1873909648302285,0.2237095725245767,12.217,57.1
15913,1943-07-30 00:00:00,0.0113229544067556,-0.1941598944923936,0.2168058033059049,12.217,57.1
15914,1943-07-31 00:00:00,0.025488018111242,-0.1800053165049643,0.2309813527274484,12.217,57.1
15915,1943-08-01 00:00:00,0.0499669162538618,-0.1555606305911538,0.2554944630988776,12.217,57.1
15916,1943-08-02 00:00:00,0.1322141067560039,-0.0733763189540207,0.3378045324660287,12.217,57.1
15917,1943-08-03 00:00:00,0.1130798894289705,-0.0929178141608609,0.319077593018802,12.217,57.1
15918,1943-08-04 00:00:00,0.0428996075760196,-0.163021654676201,0.2488208698282402,12.217,57.1
15919,1943-08-05 00:00:00,0.0410923709046739,-0.1645810005732688,0.2467657423826168,12.217,57.1
15920,1943-08-06 00:00:00,0.0920486464162066,-0.1135507746695248,0.2976480675019381,12.217,57.1
15921,1943-08-07 00:00:00,0.0710320004257345,-0.1344999245969183,0.2765639254483875,12.217,57.1
15922,1943-08-08 00:00:00,0.1032882600977861,-0.1023355301252267,0.3089120503207991,12.217,57.1
15923,1943-08-09 00:00:00,0.2990957755357115,0.0931042363682148,0.5050873147032082,12.217,57.1
15924,1943-08-10 00:00:00,0.2519553895863353,0.0458492729392013,0.4580615062334693,12.217,57.1
15925,1943-08-11 00:00:00,0.3456722321399467,0.1392972639900492,0.5520472002898441,12.217,57.1
15926,1943-08-12 00:00:00,0.111543008810481,-0.0945255789464847,0.3176115965674468,12.217,57.1
15927,1943-08-13 00:00:00,0.3051525788701112,0.0976893721203255,0.5126157856198971,12.217,57.1
15928,1943-08-14 00:00:00,0.2206049359067843,0.014512497601435,0.4266973742121335,12.217,57.1
15929,1943-08-15 00:00:00,0.2296189054128958,0.0237304619726513,0.4355073488531403,12.217,57.1
15930,1943-08-16 00:00:00,0.3591046242716075,0.1528659474638719,0.5653433010793432,12.217,57.1
15931,1943-08-17 00:00:00,0.1384327789158654,-0.0675529291328586,0.3444184869645895,12.217,57.1
15932,1943-08-18 00:00:00,0.0462281348595235,-0.1594414030669942,0.2518976727860412,12.217,57.1
15933,1943-08-19 00:00:00,0.1034164582236119,-0.102338379283086,0.3091712957303099,12.217,57.1
15934,1943-08-20 00:00:00,0.1529620269960685,-0.053258088197693,0.3591821421898301,12.217,57.1
15935,1943-08-21 00:00:00,0.0713052626816094,-0.1342217598271811,0.2768322851904001,12.217,57.1
15936,1943-08-22 00:00:00,0.1534790744537946,-0.0524380425885417,0.359396191496131,12.217,57.1
15937,1943-08-23 00:00:00,0.0340138211210118,-0.1721199318345022,0.2401475740765259,12.217,57.1
15938,1943-08-24 00:00:00,0.1119240932643232,-0.0940330853440746,0.3178812718727211,12.217,57.1
15939,1943-08-25 00:00:00,0.0452279574700431,-0.1603712436586945,0.2508271585987808,12.217,57.1
15940,1943-08-26 00:00:00,0.0622916554703951,-0.143123195833739,0.2677065067745293,12.217,57.1
15941,1943-08-27 00:00:00,0.0457766680872959,-0.1598759880621403,0.2514293242367322,12.217,57.1
15942,1943-08-28 00:00:00,0.1931917656633207,-0.0132499771967399,0.3996335085233814,12.217,57.1
15943,1943-08-29 00:00:00,0.2371692090242378,0.0303862372656223,0.4439521807828532,12.217,57.1
15944,1943-08-30 00:00:00,0.1517266910309016,-0.0550502492709311,0.3585036313327344,12.217,57.1
15945,1943-08-31 00:00:00,0.2032825800015037,-0.0026163751812355,0.409181535184243,12.217,57.1
15946,1943-09-01 00:00:00,-0.035763449379348,-0.2417064067325072,0.1701795079738111,12.217,57.1
15947,1943-09-02 00:00:00,-0.0124176210377577,-0.2179272981266888,0.1930920560511732,12.217,57.1
15948,1943-09-03 00:00:00,0.0083349025736404,-0.197220103904197,0.2138899090514779,12.217,57.1
15949,1943-09-04 00:00:00,-0.0403884447765833,-0.2459422923937873,0.1651654028406206,12.217,57.1
15950,1943-09-05 00:00:00,-0.0597951989603299,-0.2654877810987152,0.1458973831780551,12.217,57.1
15951,1943-09-06 00:00:00,0.0401384004131669,-0.1654120266320205,0.2456888274583543,12.217,57.1
15952,1943-09-07 00:00:00,0.1219278951306085,-0.0837760275589664,0.3276318178201836,12.217,57.1
15953,1943-09-08 00:00:00,0.0697066815102806,-0.1360530338944294,0.2754663969149906,12.217,57.1
15954,1943-09-09 00:00:00,0.0234668885388974,-0.1820140515020097,0.2289478285798046,12.217,57.1
15955,1943-09-10 00:00:00,-0.0276356701544063,-0.2339418417224633,0.1786705014136506,12.217,57.1
15956,1943-09-11 00:00:00,-0.0660226103068953,-0.2716906388522402,0.1396454182384495,12.217,57.1
15957,1943-09-12 00:00:00,-0.0193249492521739,-0.2247667794811426,0.1861168809767948,12.217,57.1
15958,1943-09-13 00:00:00,0.0116086818026527,-0.1938192976387082,0.2170366612440136,12.217,57.1
15959,1943-09-14 00:00:00,0.0639683086765461,-0.1417044267308389,0.2696410440839311,12.217,57.1
15960,1943-09-15 00:00:00,0.0933367381579977,-0.1127577260465723,0.2994312023625679,12.217,57.1
15961,1943-09-16 00:00:00,0.1247172320642901,-0.0811212504643018,0.330555714592882,12.217,57.1
15962,1943-09-17 00:00:00,0.1701644745290701,-0.0357801164020652,0.3761090654602055,12.217,57.1
15963,1943-09-18 00:00:00,0.1436294049532064,-0.062211905313101,0.3494707152195139,12.217,57.1
15964,1943-09-19 00:00:00,0.0470005262406907,-0.1588231932831457,0.2528242457645272,12.217,57.1
15965,1943-09-20 00:00:00,0.1206369418184757,-0.0854230559529073,0.3266969395898588,12.217,57.1
15966,1943-09-21 00:00:00,0.2639080492689095,0.0574998262512738,0.4703162722865451,12.217,57.1
15967,1943-09-22 00:00:00,0.2344653079846213,0.028166902566947,0.4407637134022956,12.217,57.1
15968,1943-09-23 00:00:00,0.0855008556255361,-0.1202912378058841,0.2912929490569563,12.217,57.1
15969,1943-09-24 00:00:00,0.3539661946020452,0.1480309506320346,0.5599014385720558,12.217,57.1
15970,1943-09-25 00:00:00,0.2420008609314586,0.0360030967353569,0.4479986251275604,12.217,57.1
15971,1943-09-26 00:00:00,0.1243467282634936,-0.0815109922345944,0.3302044487615817,12.217,57.1
15972,1943-09-27 00:00:00,0.1152154397397358,-0.0905976814243129,0.3210285609037846,12.217,57.1
15973,1943-09-28 00:00:00,0.1832471792746512,-0.0226181662497085,0.3891125247990109,12.217,57.1
15974,1943-09-29 00:00:00,0.1021216046132119,-0.1034753798321377,0.3077185890585617,12.217,57.1
15975,1943-09-30 00:00:00,0.1229830224951225,-0.0828075061305153,0.3287735511207603,12.217,57.1
15976,1943-10-01 00:00:00,0.2502858267017921,0.0437832368671049,0.4567884165364793,12.217,57.1
15977,1943-10-02 00:00:00,0.1347730874244082,-0.0713855870531468,0.3409317619019633,12.217,57.1
15978,1943-10-03 00:00:00,0.2131620420534033,0.0061514670809245,0.4201726170258821,12.217,57.1
15979,1943-10-04 00:00:00,0.2702212275824448,0.0644245452904529,0.4760179098744367,12.217,57.1
15980,1943-10-05 00:00:00,0.4575971678242739,0.2509977651625238,0.6641965704860241,12.217,57.1
15981,1943-10-06 00:00:00,0.2162320899263501,0.0089973518081638,0.4234668280445365,12.217,57.1
15982,1943-10-07 00:00:00,0.3316336085677051,0.124430337710778,0.5388368794246321,12.217,57.1
15983,1943-10-08 00:00:00,0.09008239981812,-0.1169637135570742,0.2971285131933142,12.217,57.1
15984,1943-10-09 00:00:00,-0.0332489167249407,-0.2388680044014235,0.1723701709515421,12.217,57.1
15985,1943-10-10 00:00:00,-0.0204424149451741,-0.2260537325177354,0.1851689026273871,12.217,57.1
15986,1943-10-11 00:00:00,-0.0307946801281778,-0.2363940052474042,0.1748046449910484,12.217,57.1
15987,1943-10-12 00:00:00,0.0079843960192279,-0.1976139589194695,0.2135827509579255,12.217,57.1
15988,1943-10-13 00:00:00,0.0391610990916002,-0.1666991439835555,0.245021342166756,12.217,57.1
15989,1943-10-14 00:00:00,0.0746670100360118,-0.1311362824994736,0.2804703025714972,12.217,57.1
15990,1943-10-15 00:00:00,-0.0015776018267624,-0.207205640806994,0.2040504371534691,12.217,57.1
15991,1943-10-16 00:00:00,-0.0230035097422633,-0.2285587586547958,0.1825517391702691,12.217,57.1
15992,1943-10-17 00:00:00,0.0669039677395079,-0.1386105741760219,0.2724185096550379,12.217,57.1
15993,1943-10-18 00:00:00,0.0822941117328197,-0.1232507164735179,0.2878389399391575,12.217,57.1
15994,1943-10-19 00:00:00,0.0660463760928264,-0.1396090491811238,0.2717018013667767,12.217,57.1
15995,1943-10-20 00:00:00,0.0472286417416341,-0.1586176231355746,0.2530749066188429,12.217,57.1
15996,1943-10-21 00:00:00,0.1247985603413325,-0.0808370907727496,0.3304342114554148,12.217,57.1
15997,1943-10-22 00:00:00,0.1338112049294729,-0.0718123993558139,0.3394348092147597,12.217,57.1
15998,1943-10-23 00:00:00,0.2846394132559127,0.0778994692714117,0.4913793572404138,12.217,57.1
15999,1943-10-24 00:00:00,0.205765239928463,-0.000568650497422,0.4120991303543481,12.217,57.1
16000,1943-10-25 00:00:00,0.1551494569828677,-0.0508620037846651,0.3611609177504007,12.217,57.1
16001,1943-10-26 00:00:00,-0.0002512294363686,-0.2060612132506064,0.2055587543778692,12.217,57.1
16002,1943-10-27 00:00:00,0.0211274577718272,-0.1845807501336976,0.2268356656773521,12.217,57.1
16003,1943-10-28 00:00:00,0.0440016309550328,-0.161984233011503,0.2499874949215687,12.217,57.1
16004,1943-10-29 00:00:00,0.0185871527714246,-0.1870993222733509,0.2242736278162002,12.217,57.1
16005,1943-10-30 00:00:00,-0.0395755552789349,-0.2451371296554675,0.1659860190975976,12.217,57.1
16006,1943-10-31 00:00:00,-0.0212804690040191,-0.2268226466854321,0.1842617086773938,12.217,57.1
16007,1943-11-01 00:00:00,0.0590907908780085,-0.1464437979519514,0.2646253797079685,12.217,57.1
16008,1943-11-02 00:00:00,0.0048397354819613,-0.2007656522521636,0.2104451232160862,12.217,57.1
16009,1943-11-03 00:00:00,-0.1049904697288609,-0.3105931877000247,0.1006122482423029,12.217,57.1
16010,1943-11-04 00:00:00,-0.1141303961867472,-0.3196835502017514,0.0914227578282569,12.217,57.1
16011,1943-11-05 00:00:00,-0.0812840648412525,-0.2868911199718519,0.1243229902893468,12.217,57.1
16012,1943-11-06 00:00:00,0.0469484154107625,-0.1588443042330852,0.2527411350546104,12.217,57.1
16013,1943-11-07 00:00:00,0.2103024911256422,0.0042738813360377,0.4163311009152468,12.217,57.1
16014,1943-11-08 00:00:00,0.044937544078907,-0.1610452942568848,0.2509203824146989,12.217,57.1
16015,1943-11-09 00:00:00,0.0306612214829788,-0.1749185711462965,0.2362410141122542,12.217,57.1
16016,1943-11-10 00:00:00,0.0184395101945617,-0.1871661651909892,0.2240451855801128,12.217,57.1
16017,1943-11-11 00:00:00,0.1069730855418409,-0.0999568281690013,0.3139029992526832,12.217,57.1
16018,1943-11-12 00:00:00,0.2808830675796951,0.0730573701163227,0.4887087650430675,12.217,57.1
16019,1943-11-13 00:00:00,0.2794926883232179,0.0718114076249107,0.4871739690215251,12.217,57.1
16020,1943-11-14 00:00:00,0.3444796695181008,0.1364742285839385,0.5524851104522631,12.217,57.1
16021,1943-11-15 00:00:00,0.1477086550834859,-0.0602704444873702,0.355687754654342,12.217,57.1
16022,1943-11-16 00:00:00,0.0477509049234248,-0.1586969888016725,0.2541987986485222,12.217,57.1
16023,1943-11-17 00:00:00,0.0153253377297883,-0.190654506697936,0.2213051821575128,12.217,57.1
16024,1943-11-18 00:00:00,-0.0245882611022825,-0.2303848695908046,0.1812083473862394,12.217,57.1
16025,1943-11-19 00:00:00,-0.10520734349759,-0.3108404600726504,0.1004257730774702,12.217,57.1
16026,1943-11-20 00:00:00,-0.0232496224594699,-0.2289663847982197,0.1824671398792798,12.217,57.1
16027,1943-11-21 00:00:00,0.081307985160185,-0.1249396089785919,0.2875555792989619,12.217,57.1
16028,1943-11-22 00:00:00,0.1264071573960282,-0.0793472797044948,0.3321615944965514,12.217,57.1
16029,1943-11-23 00:00:00,0.214124678706331,0.0081964579629229,0.4200528994497391,12.217,57.1
16030,1943-11-24 00:00:00,0.2666239094975262,0.0603899604285132,0.4728578585665391,12.217,57.1
16031,1943-11-25 00:00:00,0.4306637185433644,0.2224731467577935,0.6388542903289353,12.217,57.1
16032,1943-11-26 00:00:00,0.4057081185343243,0.1987117616855001,0.6127044753831485,12.217,57.1
16033,1943-11-27 00:00:00,0.1371830907132961,-0.0689495826960967,0.343315764122689,12.217,57.1
16034,1943-11-28 00:00:00,0.0602032930404979,-0.145540736897576,0.2659473229785719,12.217,57.1
16035,1943-11-29 00:00:00,0.3142358468785373,0.1075253392114273,0.5209463545456474,12.217,57.1
16036,1943-11-30 00:00:00,0.2105747807062272,0.0025646780134911,0.4185848833989632,12.217,57.1
16037,1943-12-01 00:00:00,0.0518145853504054,-0.154409962691609,0.2580391333924198,12.217,57.1
16038,1943-12-02 00:00:00,-0.0368380890266984,-0.243125223453719,0.169449045400322,12.217,57.1
16039,1943-12-03 00:00:00,-0.0568700284084505,-0.2625779316950926,0.1488378748781916,12.217,57.1
16040,1943-12-04 00:00:00,-0.0097145738178794,-0.2153749206536768,0.1959457730179179,12.217,57.1
16041,1943-12-05 00:00:00,0.0319965526161396,-0.1737769141479867,0.237770019380266,12.217,57.1
16042,1943-12-06 00:00:00,0.0786889274654819,-0.1268995067195051,0.2842773616504689,12.217,57.1
16043,1943-12-07 00:00:00,0.1002698641524568,-0.1053351774504655,0.3058749057553792,12.217,57.1
16044,1943-12-08 00:00:00,-0.0094896574628885,-0.215338564815512,0.1963592498897348,12.217,57.1
16045,1943-12-09 00:00:00,-0.0306985302256341,-0.2364318764169034,0.1750348159656351,12.217,57.1
16046,1943-12-10 00:00:00,-0.0697684671131362,-0.276228665249069,0.1366917310227964,12.217,57.1
16047,1943-12-11 00:00:00,-0.1515364089418226,-0.3577875465473332,0.0547147286636879,12.217,57.1
16048,1943-12-12 00:00:00,-0.1053080896431901,-0.3108597931405945,0.1002436138542142,12.217,57.1
16049,1943-12-13 00:00:00,-0.0705985944165527,-0.2761667229943586,0.134969534161253,12.217,57.1
16050,1943-12-14 00:00:00,-0.0601223733303129,-0.2656758559494421,0.1454311092888161,12.217,57.1
16051,1943-12-15 00:00:00,-0.0702287401869496,-0.2756916467974079,0.1352341664235085,12.217,57.1
16052,1943-12-16 00:00:00,-0.0614664004245488,-0.2670508179908579,0.1441180171417601,12.217,57.1
16053,1943-12-17 00:00:00,0.0123469043673911,-0.1932848996602266,0.2179787083950088,12.217,57.1
16054,1943-12-18 00:00:00,0.0529428899880036,-0.1529555062106523,0.2588412861866596,12.217,57.1
16055,1943-12-19 00:00:00,0.1549334868329191,-0.0516969306144369,0.3615639042802752,12.217,57.1
16056,1943-12-20 00:00:00,0.4064185556728664,0.196561891484366,0.6162752198613669,12.217,57.1
16057,1943-12-21 00:00:00,0.4215010644934561,0.2140337317041528,0.6289683972827594,12.217,57.1
16058,1943-12-22 00:00:00,0.2047072497959171,-0.0010979390202713,0.4105124386121056,12.217,57.1
16059,1943-12-23 00:00:00,0.2804132719682912,0.0744238674838997,0.4864026764526827,12.217,57.1
16060,1943-12-24 00:00:00,0.1480894892654176,-0.057859553339758,0.3540385318705932,12.217,57.1
16061,1943-12-25 00:00:00,0.0011758488273794,-0.2047916212979752,0.2071433189527341,12.217,57.1
16062,1943-12-26 00:00:00,0.117862995509084,-0.0886327330205419,0.32435872403871,12.217,57.1
16063,1943-12-27 00:00:00,0.0105167314206915,-0.1963018716586935,0.2173353345000766,12.217,57.1
16064,1943-12-28 00:00:00,0.0883564919062779,-0.117419318704301,0.2941323025168569,12.217,57.1
16065,1943-12-29 00:00:00,0.0177820595840207,-0.187924251904072,0.2234883710721134,12.217,57.1
16066,1943-12-30 00:00:00,0.3258204422516056,0.1195618900569279,0.5320789944462834,12.217,57.1
16067,1943-12-31 00:00:00,0.1175261662901425,-0.0886543565641278,0.3237066891444129,12.217,57.1
16068,1944-01-01 00:00:00,0.0588799527023798,-0.1472746928663558,0.2650345982711156,12.217,57.1
16069,1944-01-02 00:00:00,0.3647030388062365,0.1576872176052279,0.571718860007245,12.217,57.1
16070,1944-01-03 00:00:00,0.6068734172301923,0.3998877215143485,0.8138591129460361,12.217,57.1
16071,1944-01-04 00:00:00,0.2600120874791574,0.0530001440959909,0.4670240308623239,12.217,57.1
16072,1944-01-05 00:00:00,-0.030192491386757,-0.2372257174689399,0.1768407346954258,12.217,57.1
16073,1944-01-06 00:00:00,0.111943054455075,-0.0950368308468262,0.3189229397569762,12.217,57.1
16074,1944-01-07 00:00:00,0.5084132391991285,0.3019932575884504,0.7148332208098066,12.217,57.1
16075,1944-01-08 00:00:00,0.2509729885933516,0.0448681352782221,0.4570778419084811,12.217,57.1
16076,1944-01-09 00:00:00,0.4597341841751972,0.2512447246928369,0.6682236436575575,12.217,57.1
16077,1944-01-10 00:00:00,0.3638210876562549,0.1555936975914413,0.5720484777210685,12.217,57.1
16078,1944-01-11 00:00:00,0.0952556662785407,-0.1108722669588282,0.3013835995159098,12.217,57.1
16079,1944-01-12 00:00:00,-0.0075841763992674,-0.2135649790416603,0.1983966262431254,12.217,57.1
16080,1944-01-13 00:00:00,0.003013947123962,-0.2027087261670441,0.2087366204149682,12.217,57.1
16081,1944-01-14 00:00:00,0.1740614329941345,-0.0322904687328361,0.3804133347211051,12.217,57.1
16082,1944-01-15 00:00:00,0.1780577893709188,-0.0288028282586853,0.3849184070005229,12.217,57.1
16083,1944-01-16 00:00:00,0.0283514799616942,-0.1774136892156752,0.2341166491390637,12.217,57.1
16084,1944-01-17 00:00:00,0.0124663189082429,-0.1932276581082657,0.2181602959247516,12.217,57.1
16085,1944-01-18 00:00:00,0.0752934027620908,-0.1304454119124312,0.2810322174366128,12.217,57.1
16086,1944-01-19 00:00:00,0.109074486046741,-0.0965815651440776,0.3147305372375598,12.217,57.1
16087,1944-01-20 00:00:00,0.0922263971053178,-0.1133415986460285,0.2977943928566642,12.217,57.1
16088,1944-01-21 00:00:00,0.0933355454256552,-0.1123225186316294,0.2989936094829399,12.217,57.1
16089,1944-01-22 00:00:00,0.3702729165035313,0.1637804946383437,0.5767653383687188,12.217,57.1
16090,1944-01-23 00:00:00,0.5286120628744738,0.3216900906496093,0.7355340350993383,12.217,57.1
16091,1944-01-24 00:00:00,0.656701981732962,0.4471713582934834,0.8662326051724406,12.217,57.1
16092,1944-01-25 00:00:00,0.2720805593431499,0.0650091252342532,0.4791519934520465,12.217,57.1
16093,1944-01-26 00:00:00,0.4103159560868054,0.2025169047530596,0.6181150074205513,12.217,57.1
16094,1944-01-27 00:00:00,0.1304991240496019,-0.0764337991261552,0.3374320472253592,12.217,57.1
16095,1944-01-28 00:00:00,0.6335544356525413,0.4244788386802877,0.8426300326247949,12.217,57.1
16096,1944-01-29 00:00:00,0.2838573392758465,0.0757771603067596,0.4919375182449335,12.217,57.1
16097,1944-01-30 00:00:00,0.3190597704197679,0.1127147517446999,0.5254047890948359,12.217,57.1
16098,1944-01-31 00:00:00,0.1396733362227845,-0.0664357987707767,0.3457824712163458,12.217,57.1
16099,1944-02-01 00:00:00,0.2621557999377167,0.0563508857854559,0.4679607140899775,12.217,57.1
16100,1944-02-02 00:00:00,0.295735094816562,0.0892570550972138,0.5022131345359102,12.217,57.1
16101,1944-02-03 00:00:00,0.2117499406717322,0.0051418973555276,0.4183579839879366,12.217,57.1
16102,1944-02-04 00:00:00,0.515331889748073,0.3069694121465429,0.723694367349603,12.217,57.1
16103,1944-02-05 00:00:00,0.2016299736872066,-0.0071688740132274,0.4104288213876408,12.217,57.1
16104,1944-02-06 00:00:00,-0.031909574520316,-0.2390664457556005,0.1752472967149684,12.217,57.1
16105,1944-02-07 00:00:00,0.0256777252829014,-0.1811405270851924,0.2324959776509954,12.217,57.1
16106,1944-02-08 00:00:00,0.3964214203573674,0.1878299358259798,0.6050129048887551,12.217,57.1
16107,1944-02-09 00:00:00,0.2489346170309787,0.0413752852174587,0.4564939488444987,12.217,57.1
16108,1944-02-10 00:00:00,0.1452608791898505,-0.06092519710646,0.351446955486161,12.217,57.1
16109,1944-02-11 00:00:00,0.0630496452966715,-0.1441530245293105,0.2702523151226536,12.217,57.1
16110,1944-02-12 00:00:00,-0.0767395518647136,-0.2827810940784723,0.1293019903490451,12.217,57.1
16111,1944-02-13 00:00:00,-0.0825389727558354,-0.2881628787000659,0.1230849331883951,12.217,57.1
16112,1944-02-14 00:00:00,-0.0710248801799837,-0.2766781031100961,0.1346283427501285,12.217,57.1
16113,1944-02-15 00:00:00,-0.1292664478473139,-0.3349718173590629,0.076438921664435,12.217,57.1
16114,1944-02-16 00:00:00,-0.0414513760490755,-0.2470043074593494,0.1641015553611984,12.217,57.1
16115,1944-02-17 00:00:00,-0.0092362053626361,-0.2147330395930106,0.1962606288677382,12.217,57.1
16116,1944-02-18 00:00:00,-0.1248028663523498,-0.3304057513276993,0.0808000186229997,12.217,57.1
16117,1944-02-19 00:00:00,-0.1754085844023384,-0.3811727923113234,0.0303556235066465,12.217,57.1
16118,1944-02-20 00:00:00,-0.1525392091032613,-0.3581799833468285,0.0531015651403058,12.217,57.1
16119,1944-02-21 00:00:00,-0.1588497507961118,-0.3646100382491105,0.0469105366568869,12.217,57.1
16120,1944-02-22 00:00:00,-0.05570395333021,-0.2620738345909845,0.1506659279305643,12.217,57.1
16121,1944-02-23 00:00:00,-0.068951664635675,-0.2747397753916941,0.1368364461203439,12.217,57.1
16122,1944-02-24 00:00:00,-0.0263767391545944,-0.2318880207238987,0.1791345424147098,12.217,57.1
16123,1944-02-25 00:00:00,0.0465905048964471,-0.1589091153582107,0.2520901251511051,12.217,57.1
16124,1944-02-26 00:00:00,0.1046365095230123,-0.1011440935353523,0.3104171125813771,12.217,57.1
16125,1944-02-27 00:00:00,0.0910972863750449,-0.1145720077155633,0.2967665804656532,12.217,57.1
16126,1944-02-28 00:00:00,0.0457501781039125,-0.1599608167656596,0.2514611729734846,12.217,57.1
16127,1944-02-29 00:00:00,0.0970666811002231,-0.1087424134261714,0.3028757756266179,12.217,57.1
16128,1944-03-01 00:00:00,0.1841351991876785,-0.021987069447024,0.3902574678223811,12.217,57.1
16129,1944-03-02 00:00:00,0.3063839781763788,0.0996298625792058,0.5131380937735519,12.217,57.1
16130,1944-03-03 00:00:00,0.2926824357070276,0.0860704484893304,0.4992944229247248,12.217,57.1
16131,1944-03-04 00:00:00,0.2117810653447862,0.00541476292987,0.4181473677597023,12.217,57.1
16132,1944-03-05 00:00:00,0.0616105014334912,-0.1441107199925564,0.2673317228595389,12.217,57.1
16133,1944-03-06 00:00:00,-0.0256972132018279,-0.2313586878340102,0.1799642614303543,12.217,57.1
16134,1944-03-07 00:00:00,-0.0782090296050932,-0.2838195666464302,0.1274015074362438,12.217,57.1
16135,1944-03-08 00:00:00,-0.175970853097223,-0.3816472307326063,0.0297055245381602,12.217,57.1
16136,1944-03-09 00:00:00,-0.1141680351873451,-0.3198147961050094,0.091478725730319,12.217,57.1
16137,1944-03-10 00:00:00,0.0466560852090972,-0.1589200432164352,0.2522322136346297,12.217,57.1
16138,1944-03-11 00:00:00,0.2296230894567128,0.0237998041218906,0.435446374791535,12.217,57.1
16139,1944-03-12 00:00:00,0.264494451305468,0.0568607215984214,0.4721281810125146,12.217,57.1
16140,1944-03-13 00:00:00,0.249001388242938,0.0414009340817627,0.4566018424041134,12.217,57.1
16141,1944-03-14 00:00:00,0.2524743537959917,0.0460285620147364,0.4589201455772471,12.217,57.1
16142,1944-03-15 00:00:00,0.1856065996489254,-0.0212109748008541,0.3924241740987051,12.217,57.1
16143,1944-03-16 00:00:00,0.0644028401362932,-0.1413279571652808,0.2701336374378672,12.217,57.1
16144,1944-03-17 00:00:00,0.0779114955402329,-0.1276067269633786,0.2834297180438444,12.217,57.1
16145,1944-03-18 00:00:00,0.0382321407937715,-0.1672475919956117,0.2437118735831548,12.217,57.1
16146,1944-03-19 00:00:00,0.1402322152431506,-0.0653837246479864,0.3458481551342876,12.217,57.1
16147,1944-03-20 00:00:00,0.3506855547649927,0.144110289880123,0.5572608196498625,12.217,57.1
16148,1944-03-21 00:00:00,0.3256845664529996,0.1169833527811171,0.5343857801248821,12.217,57.1
16149,1944-03-22 00:00:00,0.1601427446260606,-0.0480191680649239,0.3683046573170452,12.217,57.1
16150,1944-03-23 00:00:00,-0.0457675823321097,-0.2520584957762902,0.1605233311120708,12.217,57.1
16151,1944-03-24 00:00:00,0.0412824971602838,-0.1645326787197477,0.2470976730403154,12.217,57.1
16152,1944-03-25 00:00:00,0.1049667314352169,-0.1040144086923889,0.3139478715628229,12.217,57.1
16153,1944-03-26 00:00:00,-0.0697374915704021,-0.2761894796330144,0.1367144964922102,12.217,57.1
16154,1944-03-27 00:00:00,0.0006461188453618,-0.20504105885074,0.2063332965414636,12.217,57.1
16155,1944-03-28 00:00:00,0.0019194810763978,-0.2037224908626956,0.2075614530154912,12.217,57.1
16156,1944-03-29 00:00:00,0.1495631798865136,-0.0569302505106102,0.3560566102836374,12.217,57.1
16157,1944-03-30 00:00:00,0.1161336964593091,-0.0927774482507881,0.3250448411694066,12.217,57.1
16158,1944-03-31 00:00:00,0.1265396311628295,-0.0794863433684292,0.3325656056940882,12.217,57.1
16159,1944-04-01 00:00:00,0.0101601220727086,-0.1957169431046654,0.2160371872500827,12.217,57.1
16160,1944-04-02 00:00:00,-0.0204263725946409,-0.2261874892122787,0.1853347440229967,12.217,57.1
16161,1944-04-03 00:00:00,0.0436232734240426,-0.1619961194773902,0.2492426663254755,12.217,57.1
16162,1944-04-04 00:00:00,0.0621228251453138,-0.1436411224010843,0.267886772691712,12.217,57.1
16163,1944-04-05 00:00:00,0.0531051273914236,-0.1524867387511092,0.2586969935339566,12.217,57.1
16164,1944-04-06 00:00:00,-0.0142930490205899,-0.219869151864031,0.191283053822851,12.217,57.1
16165,1944-04-07 00:00:00,-0.0159624269876919,-0.2217076982271284,0.1897828442517446,12.217,57.1
16166,1944-04-08 00:00:00,0.0172410634841443,-0.1884903160594742,0.2229724430277628,12.217,57.1
16167,1944-04-09 00:00:00,0.0278037113949725,-0.1777276664091022,0.2333350891990474,12.217,57.1
16168,1944-04-10 00:00:00,0.0973323567957355,-0.1081906204888723,0.3028553340803434,12.217,57.1
16169,1944-04-11 00:00:00,0.0837564692514686,-0.1217991836554697,0.289312122158407,12.217,57.1
16170,1944-04-12 00:00:00,0.1418769020983587,-0.0637135455993699,0.3474673497960874,12.217,57.1
16171,1944-04-13 00:00:00,0.0571160717509159,-0.1485826165392132,0.2628147600410451,12.217,57.1
16172,1944-04-14 00:00:00,0.0176051566925865,-0.1880127649702979,0.223223078355471,12.217,57.1
16173,1944-04-15 00:00:00,0.0760614423285943,-0.1295360003446782,0.2816588850018669,12.217,57.1
16174,1944-04-16 00:00:00,0.1169860429278684,-0.0886125362899931,0.32258462214573,12.217,57.1
16175,1944-04-17 00:00:00,0.148912375650909,-0.0568352616687416,0.3546600129705597,12.217,57.1
16176,1944-04-18 00:00:00,0.0641928685630346,-0.1417054497734671,0.2700911868995365,12.217,57.1
16177,1944-04-19 00:00:00,-0.0064924159443063,-0.2121252053799794,0.1991403734913667,12.217,57.1
16178,1944-04-20 00:00:00,0.0237180662374159,-0.1819630013049405,0.2293991337797724,12.217,57.1
16179,1944-04-21 00:00:00,0.0966833389860091,-0.1092671137447639,0.3026337917167822,12.217,57.1
16180,1944-04-22 00:00:00,0.1953106159029854,-0.0105674137514768,0.4011886455574477,12.217,57.1
16181,1944-04-23 00:00:00,0.4360545505202722,0.229067740079733,0.6430413609608115,12.217,57.1
16182,1944-04-24 00:00:00,0.1116524597944634,-0.0945681283251227,0.3178730479140496,12.217,57.1
16183,1944-04-25 00:00:00,0.269774649337915,0.0640467149593337,0.4755025837164963,12.217,57.1
16184,1944-04-26 00:00:00,0.0370229749310419,-0.168873812226788,0.2429197620888719,12.217,57.1
16185,1944-04-27 00:00:00,-0.0046091948181214,-0.2102992448226993,0.2010808551864565,12.217,57.1
16186,1944-04-28 00:00:00,0.3366012048951547,0.1293613014379697,0.5438411083523398,12.217,57.1
16187,1944-04-29 00:00:00,0.2082673336497263,-0.0008459272228072,0.41738059452226,12.217,57.1
16188,1944-04-30 00:00:00,0.0637055535834287,-0.1424860916458759,0.2698971988127334,12.217,57.1
16189,1944-05-01 00:00:00,0.0840358963502402,-0.1215984270922982,0.2896702197927788,12.217,57.1
16190,1944-05-02 00:00:00,0.2070681211878396,0.0014027724616943,0.4127334699139848,12.217,57.1
16191,1944-05-03 00:00:00,0.3334019418293007,0.1267822812894221,0.5400216023691793,12.217,57.1
16192,1944-05-04 00:00:00,0.4698320674379684,0.2621091639754381,0.6775549709004988,12.217,57.1
16193,1944-05-05 00:00:00,0.2313790424249121,0.023449317528851,0.4393087673209732,12.217,57.1
16194,1944-05-06 00:00:00,0.1154745483458367,-0.0904462169860693,0.3213953136777429,12.217,57.1
16195,1944-05-07 00:00:00,-0.0703432811361611,-0.2763662321377833,0.1356796698654609,12.217,57.1
16196,1944-05-08 00:00:00,-0.0726276302572394,-0.2787917559935189,0.13353649547904,12.217,57.1
16197,1944-05-09 00:00:00,-0.0907360555355519,-0.2972042231574741,0.1157321120863703,12.217,57.1
16198,1944-05-10 00:00:00,0.0176744242210604,-0.1880790032374358,0.2234278516795566,12.217,57.1
16199,1944-05-11 00:00:00,0.1020870072961041,-0.1035486701334178,0.3077226847256261,12.217,57.1
16200,1944-05-12 00:00:00,0.0464998757248398,-0.1591386952266015,0.2521384466762811,12.217,57.1
16201,1944-05-13 00:00:00,0.0201696632865435,-0.1853503986136225,0.2256897251867095,12.217,57.1
16202,1944-05-14 00:00:00,0.0601710541445991,-0.14534149170206,0.2656835999912583,12.217,57.1
16203,1944-05-15 00:00:00,0.0161280261143103,-0.189584699438259,0.2218407516668797,12.217,57.1
16204,1944-05-16 00:00:00,0.0822632289856202,-0.1238238711200421,0.2883503290912826,12.217,57.1
16205,1944-05-17 00:00:00,-0.0456187934457668,-0.2514703436578865,0.1602327567663528,12.217,57.1
16206,1944-05-18 00:00:00,-0.0333274105971725,-0.2389102290198162,0.172255407825471,12.217,57.1
16207,1944-05-19 00:00:00,-0.0070792411587993,-0.2126432687374251,0.1984847864198264,12.217,57.1
16208,1944-05-20 00:00:00,0.0075310501875405,-0.1980228740457768,0.2130849744208579,12.217,57.1
16209,1944-05-21 00:00:00,0.0454333857606895,-0.1601749931590657,0.2510417646804449,12.217,57.1
16210,1944-05-22 00:00:00,0.0760837402947266,-0.1295076717230722,0.2816751523125255,12.217,57.1
16211,1944-05-23 00:00:00,0.0820572165420402,-0.123903215091501,0.2880176481755816,12.217,57.1
16212,1944-05-24 00:00:00,0.1255144392172226,-0.0812988082307328,0.3323276866651781,12.217,57.1
16213,1944-05-25 00:00:00,0.1834737536782146,-0.0225706452355871,0.3895181525920165,12.217,57.1
16214,1944-05-26 00:00:00,0.1996627432818163,-0.0059684514828687,0.4052939380465014,12.217,57.1
16215,1944-05-27 00:00:00,0.0788885995047659,-0.1268756520257229,0.2846528510352547,12.217,57.1
16216,1944-05-28 00:00:00,0.0214721299618471,-0.1841590826831634,0.2271033426068576,12.217,57.1
16217,1944-05-29 00:00:00,-0.035371495177085,-0.2411382390087263,0.1703952486545561,12.217,57.1
16218,1944-05-30 00:00:00,0.0143041482396668,-0.1912903891142134,0.2198986855935471,12.217,57.1
16219,1944-05-31 00:00:00,-0.014785141553456,-0.2204003121454692,0.1908300290385572,12.217,57.1
16220,1944-06-01 00:00:00,0.0313133184905492,-0.1741880599483758,0.2368146969294744,12.217,57.1
16221,1944-06-02 00:00:00,0.0825327945254132,-0.1230039002153219,0.2880694892661483,12.217,57.1
16222,1944-06-03 00:00:00,0.0687755787096151,-0.1367812260021998,0.2743323834214302,12.217,57.1
16223,1944-06-04 00:00:00,0.0932134473510899,-0.1124639173976392,0.298890812099819,12.217,57.1
16224,1944-06-05 00:00:00,0.1270990944125238,-0.0786301173016193,0.332828306126667,12.217,57.1
16225,1944-06-06 00:00:00,0.1355123512673385,-0.0701731024473072,0.3411978049819844,12.217,57.1
16226,1944-06-07 00:00:00,0.1154897911132153,-0.0900678424013176,0.3210474246277482,12.217,57.1
16227,1944-06-08 00:00:00,0.07525579862422,-0.1302523720157461,0.2807639692641861,12.217,57.1
16228,1944-06-09 00:00:00,0.0956018774607532,-0.1099293635510754,0.3011331184725818,12.217,57.1
16229,1944-06-10 00:00:00,0.1721673071360211,-0.0334557666733934,0.3777903809454357,12.217,57.1
16230,1944-06-11 00:00:00,0.152357654476841,-0.0532291058668186,0.3579444148205007,12.217,57.1
16231,1944-06-12 00:00:00,0.1405359199876805,-0.0651968345078937,0.3462686744832547,12.217,57.1
16232,1944-06-13 00:00:00,0.2294827989443526,0.0236271706342425,0.4353384272544627,12.217,57.1
16233,1944-06-14 00:00:00,0.1469798318820393,-0.0594229878068857,0.3533826515709644,12.217,57.1
16234,1944-06-15 00:00:00,0.1776383310176725,-0.0284976889250418,0.3837743509603869,12.217,57.1
16235,1944-06-16 00:00:00,0.2442988767306149,0.0383864268426487,0.4502113266185812,12.217,57.1
16236,1944-06-17 00:00:00,0.1410260991203199,-0.0653244486169628,0.3473766468576028,12.217,57.1
16237,1944-06-18 00:00:00,-0.0243471346785874,-0.2299188827460716,0.1812246133888966,12.217,57.1
16238,1944-06-19 00:00:00,-0.0554214853470838,-0.260937820542115,0.1500948498479472,12.217,57.1
16239,1944-06-20 00:00:00,-0.0302502789060055,-0.235715438084561,0.17521488027255,12.217,57.1
16240,1944-06-21 00:00:00,0.0204895629845275,-0.1850108204496415,0.2259899464186966,12.217,57.1
16241,1944-06-22 00:00:00,0.008909203971393,-0.1967599741862226,0.2145783821290088,12.217,57.1
16242,1944-06-23 00:00:00,0.0392746698415547,-0.1662667513554491,0.2448160910385586,12.217,57.1
16243,1944-06-24 00:00:00,0.0281606468549622,-0.1775643429499402,0.2338856366598647,12.217,57.1
16244,1944-06-25 00:00:00,0.0719951619431847,-0.1335788462824814,0.2775691701688509,12.217,57.1
16245,1944-06-26 00:00:00,0.1440288722552943,-0.0614405910491224,0.3494983355597111,12.217,57.1
16246,1944-06-27 00:00:00,0.143794896078779,-0.061823580590742,0.3494133727483002,12.217,57.1
16247,1944-06-28 00:00:00,0.2002347989328821,-0.0055582184207645,0.4060278162865289,12.217,57.1
16248,1944-06-29 00:00:00,0.1040785500572885,-0.1020293644191512,0.3101864645337283,12.217,57.1
16249,1944-06-30 00:00:00,0.0652111055142153,-0.1405459912837328,0.2709682023121635,12.217,57.1
16250,1944-07-01 00:00:00,0.0885719311257543,-0.1171619392520278,0.2943058015035364,12.217,57.1
16251,1944-07-02 00:00:00,0.0339544402214826,-0.1717986228746708,0.2397075033176362,12.217,57.1
16252,1944-07-03 00:00:00,0.0428475297160705,-0.1626356009469272,0.2483306603790683,12.217,57.1
16253,1944-07-04 00:00:00,0.0343579988945192,-0.1711699597190509,0.2398859575080894,12.217,57.1
16254,1944-07-05 00:00:00,0.0595116386581986,-0.145987773349324,0.2650110506657212,12.217,57.1
16255,1944-07-06 00:00:00,0.0396899894625357,-0.1658516232317348,0.2452316021568064,12.217,57.1
16256,1944-07-07 00:00:00,0.0309181901388986,-0.1745110513338585,0.2363474316116559,12.217,57.1
16257,1944-07-08 00:00:00,0.0680139539592444,-0.1374518655126731,0.2734797734311621,12.217,57.1
16258,1944-07-09 00:00:00,0.0677055169312914,-0.137756752367948,0.2731677862305308,12.217,57.1
16259,1944-07-10 00:00:00,0.1508988997864755,-0.0548650742348294,0.3566628738077805,12.217,57.1
16260,1944-07-11 00:00:00,0.1823996616046946,-0.0232526114054042,0.3880519346147935,12.217,57.1
16261,1944-07-12 00:00:00,0.1375518778824244,-0.0679954441172894,0.3430991998821384,12.217,57.1
16262,1944-07-13 00:00:00,0.2447312239925704,0.0388530116279075,0.4506094363572334,12.217,57.1
16263,1944-07-14 00:00:00,0.1861120052432103,-0.0195301211357324,0.3917541316221531,12.217,57.1
16264,1944-07-15 00:00:00,0.1212618071774117,-0.0842029840754119,0.3267265984302355,12.217,57.1
16265,1944-07-16 00:00:00,0.0949640953847887,-0.1104833225619725,0.30041151333155,12.217,57.1
16266,1944-07-17 00:00:00,0.0239796749193313,-0.1814141603110851,0.2293735101497479,12.217,57.1
16267,1944-07-18 00:00:00,0.0041260129251825,-0.2013210776657961,0.2095731035161612,12.217,57.1
16268,1944-07-19 00:00:00,-0.003868491823088,-0.2092700289909869,0.2015330453448109,12.217,57.1
16269,1944-07-20 00:00:00,0.0378504690585718,-0.1675493650076515,0.2432503031247951,12.217,57.1
16270,1944-07-21 00:00:00,0.072092676049179,-0.1333225745984708,0.2775079266968289,12.217,57.1
16271,1944-07-22 00:00:00,0.0655160754604078,-0.1399567161054088,0.2709888670262245,12.217,57.1
16272,1944-07-23 00:00:00,0.0336835981648316,-0.1718443198291026,0.239211516158766,12.217,57.1
16273,1944-07-24 00:00:00,0.0624539013154617,-0.143108751967798,0.2680165545987216,12.217,57.1
16274,1944-07-25 00:00:00,0.1058465808927869,-0.0998628669528285,0.3115560287384024,12.217,57.1
16275,1944-07-26 00:00:00,0.037318577511129,-0.1682331894905949,0.242870344512853,12.217,57.1
16276,1944-07-27 00:00:00,0.0770026140432058,-0.1286445616433238,0.2826497897297355,12.217,57.1
16277,1944-07-28 00:00:00,0.1811271350951897,-0.0250613501050331,0.3873156202954126,12.217,57.1
16278,1944-07-29 00:00:00,0.0276755878109404,-0.1781187879939793,0.2334699636158601,12.217,57.1
16279,1944-07-30 00:00:00,-0.0065023648446885,-0.2120017960647071,0.1989970663753301,12.217,57.1
16280,1944-07-31 00:00:00,-0.0214875554450018,-0.2269207012414472,0.1839455903514436,12.217,57.1
16281,1944-08-01 00:00:00,-0.0563465353608807,-0.2618185244781231,0.1491254537563617,12.217,57.1
16282,1944-08-02 00:00:00,-0.0573379723277149,-0.2628394721200847,0.1481635274646549,12.217,57.1
16283,1944-08-03 00:00:00,-0.0317155937777618,-0.2372367368601787,0.173805549304655,12.217,57.1
16284,1944-08-04 00:00:00,-0.0423356887589713,-0.2479049147819672,0.1632335372640244,12.217,57.1
16285,1944-08-05 00:00:00,-0.0285177666806446,-0.2341101672174766,0.1770746338561873,12.217,57.1
16286,1944-08-06 00:00:00,-0.015788024636102,-0.221323830609963,0.1897477813377589,12.217,57.1
16287,1944-08-07 00:00:00,0.0177213190531198,-0.1877236160567906,0.2231662541630303,12.217,57.1
16288,1944-08-08 00:00:00,0.0333423441068676,-0.1720236199984967,0.2387083082122321,12.217,57.1
16289,1944-08-09 00:00:00,0.0773103782265091,-0.1280868058500999,0.2827075623031182,12.217,57.1
16290,1944-08-10 00:00:00,0.1028541143364606,-0.1026628676348992,0.3083710963078204,12.217,57.1
16291,1944-08-11 00:00:00,0.1744255243263059,-0.0310940680083176,0.3799451166609295,12.217,57.1
16292,1944-08-12 00:00:00,0.1984578329919344,-0.0077236732236846,0.4046393392075534,12.217,57.1
16293,1944-08-13 00:00:00,0.2495675188018349,0.0434103235223255,0.4557247140813443,12.217,57.1
16294,1944-08-14 00:00:00,0.1294740664872646,-0.0763874056254747,0.335335538600004,12.217,57.1
16295,1944-08-15 00:00:00,0.0987901171044738,-0.1068211322679966,0.3044013664769442,12.217,57.1
16296,1944-08-16 00:00:00,0.0478600474264163,-0.1576684807220469,0.2533885755748797,12.217,57.1
16297,1944-08-17 00:00:00,0.1081437204621732,-0.0975287145070744,0.313816155431421,12.217,57.1
16298,1944-08-18 00:00:00,0.144412150874214,-0.0614868415105414,0.3503111432589696,12.217,57.1
16299,1944-08-19 00:00:00,0.1160381780787139,-0.0898843571702704,0.3219607133276982,12.217,57.1
16300,1944-08-20 00:00:00,0.0988740439685319,-0.1071197502545109,0.3048678381915747,12.217,57.1
16301,1944-08-21 00:00:00,0.1430418714482477,-0.0625405055825318,0.3486242484790273,12.217,57.1
16302,1944-08-22 00:00:00,0.0283438826406739,-0.1773256451652271,0.2340134104465751,12.217,57.1
16303,1944-08-23 00:00:00,-0.0275178891277136,-0.2330614787982053,0.1780257005427779,12.217,57.1
16304,1944-08-24 00:00:00,0.0164240737176875,-0.1890603190326062,0.2219084664679813,12.217,57.1
16305,1944-08-25 00:00:00,-0.0002495798723328,-0.2057726777212207,0.2052735179765549,12.217,57.1
16306,1944-08-26 00:00:00,-0.0139165948721164,-0.2199502135810121,0.1921170238367792,12.217,57.1
16307,1944-08-27 00:00:00,-0.0032583603927371,-0.2089891637039057,0.2024724429184315,12.217,57.1
16308,1944-08-28 00:00:00,0.0880965292313709,-0.1174548574809438,0.2936479159436856,12.217,57.1
16309,1944-08-29 00:00:00,0.1945873463146048,-0.011148578012657,0.4003232706418667,12.217,57.1
16310,1944-08-30 00:00:00,0.2969092491056835,0.0906401162622487,0.5031783819491182,12.217,57.1
16311,1944-08-31 00:00:00,0.1114337438015777,-0.0943970754016179,0.3172645630047735,12.217,57.1
16312,1944-09-01 00:00:00,0.2530910957239921,0.0472282217664347,0.4589539696815494,12.217,57.1
16313,1944-09-02 00:00:00,0.5256703254354275,0.318655140917951,0.7326855099529039,12.217,57.1
16314,1944-09-03 00:00:00,0.1340753274222026,-0.0721557440933442,0.3403063989377494,12.217,57.1
16315,1944-09-04 00:00:00,0.4024076844096209,0.1949915883474546,0.6098237804717873,12.217,57.1
16316,1944-09-05 00:00:00,0.1926308340274198,-0.0148273213423373,0.4000889893971769,12.217,57.1
16317,1944-09-06 00:00:00,0.2261742351296963,0.0197382662310173,0.4326102040283754,12.217,57.1
16318,1944-09-07 00:00:00,0.229248885239532,0.0222665985379625,0.4362311719411015,12.217,57.1
16319,1944-09-08 00:00:00,0.1448778798308321,-0.0624998235061914,0.3522555831678557,12.217,57.1
16320,1944-09-09 00:00:00,0.0421497205727557,-0.1723574305017576,0.2566568716472691,12.217,57.1
16321,1944-09-10 00:00:00,0.1869374294287544,-0.020174921946878,0.394049780804387,12.217,57.1
16322,1944-09-11 00:00:00,0.053345394364176,-0.1525388129484504,0.2592296016768025,12.217,57.1
16323,1944-09-12 00:00:00,-0.0265944427433649,-0.2320690683182206,0.1788801828314906,12.217,57.1
16324,1944-09-13 00:00:00,-0.0576969999760386,-0.2631889359799661,0.1477949360278887,12.217,57.1
16325,1944-09-14 00:00:00,-0.0400382815762829,-0.2455086121545587,0.1654320490019928,12.217,57.1
16326,1944-09-15 00:00:00,0.0123734911220519,-0.193183929928893,0.2179309121729968,12.217,57.1
16327,1944-09-16 00:00:00,0.0440706157807621,-0.1616325975115817,0.2497738290731061,12.217,57.1
16328,1944-09-17 00:00:00,0.0667452932343561,-0.1389915286090789,0.2724821150777913,12.217,57.1
16329,1944-09-18 00:00:00,0.0252519834834161,-0.180393394675055,0.2308973616418874,12.217,57.1
16330,1944-09-19 00:00:00,-0.0558258623427302,-0.2612547295624757,0.1496030048770152,12.217,57.1
16331,1944-09-20 00:00:00,-0.0205965645489389,-0.2261204598122927,0.1849273307144148,12.217,57.1
16332,1944-09-21 00:00:00,0.0153075978536974,-0.1901796394044207,0.2207948351118157,12.217,57.1
16333,1944-09-22 00:00:00,-0.0228164740744657,-0.2283452006470147,0.1827122524980833,12.217,57.1
16334,1944-09-23 00:00:00,0.0700321656857846,-0.1354569940691327,0.275521325440702,12.217,57.1
16335,1944-09-24 00:00:00,0.1394274540220217,-0.0661764804204564,0.3450313884645,12.217,57.1
16336,1944-09-25 00:00:00,0.0952718051764694,-0.1104957901101423,0.3010394004630811,12.217,57.1
16337,1944-09-26 00:00:00,0.1955301195194318,-0.0103982515695189,0.4014584906083825,12.217,57.1
16338,1944-09-27 00:00:00,0.3544235769262286,0.1474672712302691,0.5613798826221881,12.217,57.1
16339,1944-09-28 00:00:00,0.2723554621618719,0.0658797253958011,0.4788311989279427,12.217,57.1
16340,1944-09-29 00:00:00,0.1376862769034986,-0.0682899251130477,0.343662478920045,12.217,57.1
16341,1944-09-30 00:00:00,0.2076019590744093,-0.0009765655337783,0.4161804836825969,12.217,57.1
16342,1944-10-01 00:00:00,0.3196807562229214,0.1092165024670956,0.5301450099787474,12.217,57.1
16343,1944-10-02 00:00:00,0.0576409426747644,-0.1481989603262463,0.2634808456757752,12.217,57.1
16344,1944-10-03 00:00:00,0.0402335903895612,-0.1654640276589681,0.2459312084380906,12.217,57.1
16345,1944-10-04 00:00:00,0.1552013780303817,-0.0509605462783955,0.3613633023391591,12.217,57.1
16346,1944-10-05 00:00:00,-0.049871512027246,-0.2556348419704132,0.1558918179159211,12.217,57.1
16347,1944-10-06 00:00:00,-0.0735731108050599,-0.2793896782797754,0.1322434566696554,12.217,57.1
16348,1944-10-07 00:00:00,0.0148895257296318,-0.1906495767363737,0.2204286281956375,12.217,57.1
16349,1944-10-08 00:00:00,0.0741068617022715,-0.13137990265801,0.2795936260625531,12.217,57.1
16350,1944-10-09 00:00:00,0.0213776384241587,-0.1841520921596079,0.2269073690079254,12.217,57.1
16351,1944-10-10 00:00:00,0.0225530904167715,-0.1829946688292371,0.2281008496627801,12.217,57.1
16352,1944-10-11 00:00:00,0.0842800203998599,-0.121286288918382,0.289846329718102,12.217,57.1
16353,1944-10-12 00:00:00,0.0807675242606485,-0.124864222004444,0.2863992705257411,12.217,57.1
16354,1944-10-13 00:00:00,0.1341830827749285,-0.0717329858277598,0.3400991513776169,12.217,57.1
16355,1944-10-14 00:00:00,0.1849375658139028,-0.0209045580203655,0.3907796896481713,12.217,57.1
16356,1944-10-15 00:00:00,0.2438392694301745,0.0370848109875334,0.4505937278728156,12.217,57.1
16357,1944-10-16 00:00:00,0.1589972228857695,-0.0474458723013605,0.3654403180728997,12.217,57.1
16358,1944-10-17 00:00:00,0.2521134738326031,0.046009441735524,0.4582175059296821,12.217,57.1
16359,1944-10-18 00:00:00,0.1847406482543354,-0.0222696183066792,0.3917509148153502,12.217,57.1
16360,1944-10-19 00:00:00,0.3424626775729072,0.1355334738119636,0.5493918813338508,12.217,57.1
16361,1944-10-20 00:00:00,0.126115499652058,-0.0797083590978955,0.3319393584020116,12.217,57.1
16362,1944-10-21 00:00:00,0.0780209987915482,-0.1274918319311226,0.2835338295142191,12.217,57.1
16363,1944-10-22 00:00:00,-0.0370217175699619,-0.2425919478856689,0.1685485127457451,12.217,57.1
16364,1944-10-23 00:00:00,-0.0229135466739044,-0.228443650509704,0.1826165571618951,12.217,57.1
16365,1944-10-24 00:00:00,0.1020103074965396,-0.1037056760437532,0.3077262910368326,12.217,57.1
16366,1944-10-25 00:00:00,-0.1053989327500612,-0.3110983789542222,0.1003005134540998,12.217,57.1
16367,1944-10-26 00:00:00,-0.0671671982616864,-0.2726689471005124,0.1383345505771394,12.217,57.1
16368,1944-10-27 00:00:00,0.0355728234159147,-0.1699406926557544,0.2410863394875838,12.217,57.1
16369,1944-10-28 00:00:00,0.1474808450577228,-0.0584039256058548,0.3533656157213005,12.217,57.1
16370,1944-10-29 00:00:00,0.1354541975952514,-0.0708510239982122,0.341759419188715,12.217,57.1
16371,1944-10-30 00:00:00,-0.0329767041586227,-0.2388922698659193,0.1729388615486738,12.217,57.1
16372,1944-10-31 00:00:00,-0.1014623835370368,-0.3070483339588505,0.1041235668847768,12.217,57.1
16373,1944-11-01 00:00:00,0.0413647003458437,-0.1643152385121951,0.2470446392038826,12.217,57.1
16374,1944-11-02 00:00:00,0.1057146157176107,-0.1008308149597576,0.3122600463949791,12.217,57.1
16375,1944-11-03 00:00:00,0.0747471470405614,-0.1319222039986802,0.281416498079803,12.217,57.1
16376,1944-11-04 00:00:00,0.1365403590340775,-0.0693606953605333,0.3424414134286884,12.217,57.1
16377,1944-11-05 00:00:00,0.2216934392097503,0.0143834810392798,0.4290033973802207,12.217,57.1
16378,1944-11-06 00:00:00,0.5147934453015346,0.3008217755448039,0.7287651150582652,12.217,57.1
16379,1944-11-07 00:00:00,0.345966495872844,0.1357917826361711,0.5561412091095169,12.217,57.1
16380,1944-11-08 00:00:00,0.3344574293720255,0.1268989922153372,0.5420158665287137,12.217,57.1
16381,1944-11-09 00:00:00,0.1145561334975867,-0.0917343596301311,0.3208466266253046,12.217,57.1
16382,1944-11-10 00:00:00,0.0804519011632674,-0.1251413208656464,0.2860451231921813,12.217,57.1
16383,1944-11-11 00:00:00,-0.0794936489137958,-0.285245665289531,0.1262583674619392,12.217,57.1
16384,1944-11-12 00:00:00,-0.0155699592035905,-0.2234824401020109,0.1923425216948297,12.217,57.1
16385,1944-11-13 00:00:00,0.0407009992477942,-0.1702218093946181,0.2516238078902066,12.217,57.1
16386,1944-11-14 00:00:00,-0.0085616269903813,-0.2183668550327805,0.2012436010520179,12.217,57.1
16387,1944-11-15 00:00:00,0.0620974655633766,-0.1445322149917182,0.2687271461184715,12.217,57.1
16388,1944-11-16 00:00:00,0.016230856685951,-0.1913470441667769,0.223808757538679,12.217,57.1
16389,1944-11-17 00:00:00,-0.0970243436544445,-0.3049299829430623,0.1108812956341731,12.217,57.1
16390,1944-11-18 00:00:00,-0.0049529343180795,-0.211246705127336,0.2013408364911769,12.217,57.1
16391,1944-11-19 00:00:00,0.236944430825621,0.0304935620271098,0.4433952996241322,12.217,57.1
16392,1944-11-20 00:00:00,0.2805579770848616,0.0739321618346589,0.4871837923350643,12.217,57.1
16393,1944-11-21 00:00:00,0.1735826118415527,-0.0341435710538775,0.3813087947369831,12.217,57.1
16394,1944-11-22 00:00:00,0.1135274143899914,-0.0931340969966835,0.3201889257766666,12.217,57.1
16395,1944-11-23 00:00:00,0.1076232358338269,-0.0982047514340477,0.3134512231017015,12.217,57.1
16396,1944-11-24 00:00:00,0.2945766092532116,0.0883615302295914,0.5007916882768318,12.217,57.1
16397,1944-11-25 00:00:00,0.2183561218402262,0.0119896395088397,0.4247226041716126,12.217,57.1
16398,1944-11-26 00:00:00,0.2179202947907358,0.0117591029709161,0.4240814866105555,12.217,57.1
16399,1944-11-27 00:00:00,0.1202802307756433,-0.085844784645224,0.3264052461965107,12.217,57.1
16400,1944-11-28 00:00:00,0.0117410863034109,-0.1940253977070067,0.2175075703138286,12.217,57.1
16401,1944-11-29 00:00:00,0.1877766565340193,-0.0190760093670802,0.394629322435119,12.217,57.1
16402,1944-11-30 00:00:00,0.1707717562368358,-0.0360629398236026,0.3776064522972743,12.217,57.1
16403,1944-12-01 00:00:00,0.1240627413263921,-0.0816363736499639,0.3297618563027482,12.217,57.1
16404,1944-12-02 00:00:00,0.1673850827934098,-0.0386056943283139,0.3733758599151336,12.217,57.1
16405,1944-12-03 00:00:00,0.2832452174928847,0.0759947021329327,0.4904957328528367,12.217,57.1
16406,1944-12-04 00:00:00,0.2951249873438503,0.0884426240063912,0.5018073506813093,12.217,57.1
16407,1944-12-05 00:00:00,0.2339045120685105,0.027150509082767,0.440658515054254,12.217,57.1
16408,1944-12-06 00:00:00,0.2233598783363263,0.017660073412431,0.4290596832602216,12.217,57.1
16409,1944-12-07 00:00:00,0.2128962994503046,0.0070543777174956,0.4187382211831137,12.217,57.1
16410,1944-12-08 00:00:00,0.3059362938608592,0.0991639580420024,0.512708629679716,12.217,57.1
16411,1944-12-09 00:00:00,0.3738092308085882,0.1659865641447328,0.5816318974724435,12.217,57.1
16412,1944-12-10 00:00:00,0.1254352106038936,-0.0815616829816294,0.3324321041894167,12.217,57.1
16413,1944-12-11 00:00:00,0.2605769289861744,0.0541268619978981,0.4670269959744507,12.217,57.1
16414,1944-12-12 00:00:00,0.1921811644512387,-0.014213021810448,0.3985753507129255,12.217,57.1
16415,1944-12-13 00:00:00,0.0309943349409745,-0.1752183260778733,0.2372069959598223,12.217,57.1
16416,1944-12-14 00:00:00,-0.1103501700751121,-0.3159881338016229,0.0952877936513986,12.217,57.1
16417,1944-12-15 00:00:00,-0.0533336448583566,-0.2591352789196623,0.152467989202949,12.217,57.1
16418,1944-12-16 00:00:00,-0.0246213965869343,-0.2310416189526115,0.1817988257787427,12.217,57.1
16419,1944-12-17 00:00:00,0.0557221735498811,-0.1500025013225369,0.2614468484222991,12.217,57.1
16420,1944-12-18 00:00:00,0.2156289720785963,0.0093979501804073,0.4218599939767853,12.217,57.1
16421,1944-12-19 00:00:00,0.1101373506556453,-0.0959460174512873,0.316220718762578,12.217,57.1
16422,1944-12-20 00:00:00,-0.0331410455579435,-0.2387124648926613,0.1724303737767741,12.217,57.1
16423,1944-12-21 00:00:00,-0.0451026672333777,-0.250627473764024,0.1604221392972686,12.217,57.1
16424,1944-12-22 00:00:00,0.0085644458591573,-0.1971208789841554,0.21424977070247,12.217,57.1
16425,1944-12-23 00:00:00,-0.0420860579391443,-0.247743051753112,0.1635709358748234,12.217,57.1
16426,1944-12-24 00:00:00,-0.0059429660968556,-0.2116925694786942,0.199806637284983,12.217,57.1
16427,1944-12-25 00:00:00,0.0930841245428706,-0.1127379299651019,0.2989061790508432,12.217,57.1
16428,1944-12-26 00:00:00,0.1082515236153362,-0.0976809484598799,0.3141839956905525,12.217,57.1
16429,1944-12-27 00:00:00,0.0980157265351933,-0.1076575990171399,0.3036890520875266,12.217,57.1
16430,1944-12-28 00:00:00,0.2087524496550121,0.0028177682403413,0.4146871310696828,12.217,57.1
16431,1944-12-29 00:00:00,-0.0558141313646138,-0.2620088658056971,0.1503806030764694,12.217,57.1
16432,1944-12-30 00:00:00,0.1596909603878281,-0.0466073037539498,0.365989224529606,12.217,57.1
16433,1944-12-31 00:00:00,0.1067963719392451,-0.1020384015179736,0.3156311453964638,12.217,57.1
16434,1945-01-01 00:00:00,-0.0618061246518585,-0.2725886740405972,0.1489764247368801,12.217,57.1
16435,1945-01-02 00:00:00,-0.0167495198705291,-0.2239756056245505,0.1904765658834923,12.217,57.1
16436,1945-01-03 00:00:00,0.2619670234989097,0.0560033141728063,0.4679307328250132,12.217,57.1
16437,1945-01-04 00:00:00,0.3210159828086867,0.1145730011846264,0.527458964432747,12.217,57.1
16438,1945-01-05 00:00:00,0.1582370037006998,-0.0483905793112056,0.3648645867126053,12.217,57.1
16439,1945-01-06 00:00:00,0.0582209344520135,-0.1473870935382589,0.263828962442286,12.217,57.1
16440,1945-01-07 00:00:00,0.1784958595653358,-0.0274819239379505,0.3844736430686223,12.217,57.1
16441,1945-01-08 00:00:00,0.253931412616652,0.0477257912340319,0.4601370339992721,12.217,57.1
16442,1945-01-09 00:00:00,0.0905785826378984,-0.1152671329275817,0.2964242982033785,12.217,57.1
16443,1945-01-10 00:00:00,-0.003556714857115,-0.2094098843989329,0.2022964546847028,12.217,57.1
16444,1945-01-11 00:00:00,-0.0217289563880562,-0.2278491094948481,0.1843911967187356,12.217,57.1
16445,1945-01-12 00:00:00,-0.1935828155358007,-0.3998685942440392,0.0127029631724376,12.217,57.1
16446,1945-01-13 00:00:00,-0.1747989853956994,-0.3809593460349991,0.0313613752436001,12.217,57.1
16447,1945-01-14 00:00:00,-0.0733428512018679,-0.2792406272504227,0.1325549248466868,12.217,57.1
16448,1945-01-15 00:00:00,0.0620085475170336,-0.143979199050455,0.2679962940845223,12.217,57.1
16449,1945-01-16 00:00:00,0.015345648795847,-0.1906886774547611,0.2213799750464552,12.217,57.1
16450,1945-01-17 00:00:00,0.3770228814455995,0.1682838933775694,0.5857618695136295,12.217,57.1
16451,1945-01-18 00:00:00,0.5424470455616075,0.3324013820668536,0.7524927090563613,12.217,57.1
16452,1945-01-19 00:00:00,0.2094077804264589,-0.0019144429136278,0.4207300037665457,12.217,57.1
16453,1945-01-20 00:00:00,0.3900258001775367,0.1757324128765342,0.6043191874785392,12.217,57.1
16454,1945-01-21 00:00:00,0.2911655631198466,0.0840308367405817,0.4983002894991115,12.217,57.1
16455,1945-01-22 00:00:00,0.1758916164807801,-0.0303736691187742,0.3821569020803345,12.217,57.1
16456,1945-01-23 00:00:00,0.033011970338061,-0.1727495512498148,0.2387734919259369,12.217,57.1
16457,1945-01-24 00:00:00,0.0066945494116408,-0.1989837756878991,0.2123728745111808,12.217,57.1
16458,1945-01-25 00:00:00,-0.0104004565986105,-0.2159745714416784,0.1951736582444573,12.217,57.1
16459,1945-01-26 00:00:00,0.0118764769827566,-0.1938555910412543,0.2176085450067676,12.217,57.1
16460,1945-01-27 00:00:00,-0.0921726360428379,-0.2993863830238804,0.1150411109382046,12.217,57.1
16461,1945-01-28 00:00:00,-0.0893223692149674,-0.2977916510698692,0.1191469126399343,12.217,57.1
16462,1945-01-29 00:00:00,-0.0963443790186725,-0.3044386657765449,0.1117499077391998,12.217,57.1
16463,1945-01-30 00:00:00,-0.114120898645593,-0.3206617973876256,0.0924200000964394,12.217,57.1
16464,1945-01-31 00:00:00,0.0282945956636089,-0.1777000535734858,0.2342892449007036,12.217,57.1
16465,1945-02-01 00:00:00,0.1729433634352951,-0.0329124031768972,0.3787991300474874,12.217,57.1
16466,1945-02-02 00:00:00,0.1762199515709428,-0.0306155994294251,0.3830555025713108,12.217,57.1
16467,1945-02-03 00:00:00,0.2124807049560924,0.0052774183568495,0.4196839915553353,12.217,57.1
16468,1945-02-04 00:00:00,-0.012976275300285,-0.219567450647394,0.1936149000468239,12.217,57.1
16469,1945-02-05 00:00:00,0.0610360434315351,-0.145007626263607,0.2670797131266772,12.217,57.1
16470,1945-02-06 00:00:00,0.102610015305425,-0.1031727415976056,0.3083927722084557,12.217,57.1
16471,1945-02-07 00:00:00,0.0378726041439106,-0.1676509318461126,0.2433961401339339,12.217,57.1
16472,1945-02-08 00:00:00,0.3047206539767391,0.0974818779015685,0.5119594300519097,12.217,57.1
16473,1945-02-09 00:00:00,0.2814892695674869,0.0745998248439258,0.4883787142910479,12.217,57.1
16474,1945-02-10 00:00:00,0.1354930094246558,-0.0701591796055017,0.3411451984548133,12.217,57.1
16475,1945-02-11 00:00:00,0.2510287839201988,0.0452463023326379,0.4568112655077597,12.217,57.1
16476,1945-02-12 00:00:00,0.163004440456654,-0.0429149154583902,0.3689237963716983,12.217,57.1
16477,1945-02-13 00:00:00,0.1153901119725226,-0.0902701110483888,0.3210503349934341,12.217,57.1
16478,1945-02-14 00:00:00,0.1536971631513261,-0.0527553252938846,0.3601496515965368,12.217,57.1
16479,1945-02-15 00:00:00,0.1273782939526243,-0.0785190641214864,0.333275652026735,12.217,57.1
16480,1945-02-16 00:00:00,-0.0593923121189042,-0.2650243704009285,0.14623974616312,12.217,57.1
16481,1945-02-17 00:00:00,-0.0572413695378003,-0.2627580748304009,0.1482753357548002,12.217,57.1
16482,1945-02-18 00:00:00,-0.0327418360891121,-0.2383353041711226,0.1728516319928983,12.217,57.1
16483,1945-02-19 00:00:00,-0.0097956137118852,-0.2157530443180721,0.1961618168943016,12.217,57.1
16484,1945-02-20 00:00:00,-0.027827086490157,-0.2340245289618714,0.1783703559815572,12.217,57.1
16485,1945-02-21 00:00:00,0.0205594370485566,-0.1850433855894395,0.2261622596865528,12.217,57.1
16486,1945-02-22 00:00:00,-0.0041473093558668,-0.2099362628244443,0.2016416441127106,12.217,57.1
16487,1945-02-23 00:00:00,0.0940773881875487,-0.1118316850799527,0.2999864614550503,12.217,57.1
16488,1945-02-24 00:00:00,0.0146121409511872,-0.1911137819179708,0.2203380638203453,12.217,57.1
16489,1945-02-25 00:00:00,0.1170076169218575,-0.0905274084832517,0.3245426423269667,12.217,57.1
16490,1945-02-26 00:00:00,0.4503341178761092,0.2410094254681691,0.6596588102840493,12.217,57.1
16491,1945-02-27 00:00:00,0.3417652697083567,0.1351151238438536,0.5484154155728598,12.217,57.1
16492,1945-02-28 00:00:00,0.3822162785640658,0.1752051361389853,0.5892274209891463,12.217,57.1
16493,1945-03-01 00:00:00,0.4026214176831483,0.1956042811480594,0.6096385542182373,12.217,57.1
16494,1945-03-02 00:00:00,0.6592384889483882,0.4490474943775759,0.8694294835192005,12.217,57.1
16495,1945-03-03 00:00:00,0.3904345137617629,0.174119835617608,0.6067491919059178,12.217,57.1
16496,1945-03-04 00:00:00,-0.0618340883680442,-0.2700049280027904,0.1463367512667019,12.217,57.1
16497,1945-03-05 00:00:00,0.0063056603605457,-0.1994295814429196,0.2120409021640112,12.217,57.1
16498,1945-03-06 00:00:00,-0.0308467769434399,-0.2363913507549149,0.1746977968680351,12.217,57.1
16499,1945-03-07 00:00:00,-0.0116426373078907,-0.2173274256706098,0.1940421510548283,12.217,57.1
16500,1945-03-08 00:00:00,-0.0325740280640753,-0.2386951552363813,0.1735470991082307,12.217,57.1
16501,1945-03-09 00:00:00,-0.078196049311657,-0.2842107078553429,0.1278186092320289,12.217,57.1
16502,1945-03-10 00:00:00,0.0015431687855615,-0.2043718192057421,0.2074581567768652,12.217,57.1
16503,1945-03-11 00:00:00,0.0937248268502669,-0.1127302616447869,0.3001799153453209,12.217,57.1
16504,1945-03-12 00:00:00,-0.0671759596061168,-0.2732212799116387,0.1388693606994049,12.217,57.1
16505,1945-03-13 00:00:00,0.0468252344237368,-0.1587573794734475,0.2524078483209211,12.217,57.1
16506,1945-03-14 00:00:00,0.0542105445613784,-0.1513585692504397,0.2597796583731966,12.217,57.1
16507,1945-03-15 00:00:00,0.1504049825260203,-0.0552680179035341,0.3560779829555748,12.217,57.1
16508,1945-03-16 00:00:00,0.1827327906780785,-0.0229471436230753,0.3884127249792324,12.217,57.1
16509,1945-03-17 00:00:00,0.1665183271615828,-0.0390295293777436,0.3720661837009094,12.217,57.1
16510,1945-03-18 00:00:00,0.0186268426488043,-0.1869872506452852,0.2242409359428939,12.217,57.1
16511,1945-03-19 00:00:00,0.0162341807819704,-0.189286814064729,0.2217551756286698,12.217,57.1
16512,1945-03-20 00:00:00,0.1145322730696463,-0.0911468858627733,0.320211432002066,12.217,57.1
16513,1945-03-21 00:00:00,0.7593908808866304,0.5506325145274897,0.9681492472457712,12.217,57.1
16514,1945-03-22 00:00:00,0.1814574962577825,-0.0273283478614844,0.3902433403770495,12.217,57.1
16515,1945-03-23 00:00:00,0.079665076216971,-0.1262337742718703,0.2855639267058124,12.217,57.1
16516,1945-03-24 00:00:00,-0.0222895397769941,-0.2277716865712359,0.1831926070172477,12.217,57.1
16517,1945-03-25 00:00:00,0.0099709021736958,-0.195495303633426,0.2154371079808177,12.217,57.1
16518,1945-03-26 00:00:00,0.0448352473948276,-0.1606530198928097,0.2503235146824651,12.217,57.1
16519,1945-03-27 00:00:00,0.0264953616495585,-0.1790052615071197,0.2319959848062366,12.217,57.1
16520,1945-03-28 00:00:00,0.0102018014752462,-0.1952715624971716,0.215675165447664,12.217,57.1
16521,1945-03-29 00:00:00,0.1210452415462444,-0.0844230113290012,0.3265134944214901,12.217,57.1
16522,1945-03-30 00:00:00,0.1488622368188147,-0.0568019968447343,0.3545264704823638,12.217,57.1
16523,1945-03-31 00:00:00,0.3206166415352019,0.1149230699002258,0.526310213170178,12.217,57.1
16524,1945-04-01 00:00:00,0.3229153070286679,0.1165194054818731,0.5293112085754628,12.217,57.1
16525,1945-04-02 00:00:00,0.490757733498713,0.2842673293389567,0.6972481376584694,12.217,57.1
16526,1945-04-03 00:00:00,0.5125605906600899,0.3058236418090094,0.7192975395111703,12.217,57.1
16527,1945-04-04 00:00:00,0.1675006919455405,-0.0386922761634309,0.373693660054512,12.217,57.1
16528,1945-04-05 00:00:00,0.110051973427666,-0.0956664737785262,0.3157704206338584,12.217,57.1
16529,1945-04-06 00:00:00,0.0021594757705746,-0.2034446602221001,0.2077636117632494,12.217,57.1
16530,1945-04-07 00:00:00,-0.0994808752374143,-0.3050744955228058,0.1061127450479772,12.217,57.1
16531,1945-04-08 00:00:00,0.0131812618730714,-0.1927132055152353,0.2190757292613781,12.217,57.1
16532,1945-04-09 00:00:00,0.0114413484899582,-0.194369620164911,0.2172523171448274,12.217,57.1
16533,1945-04-10 00:00:00,-0.0002890792014367,-0.2058565753643572,0.2052784169614836,12.217,57.1
16534,1945-04-11 00:00:00,0.0162223802026311,-0.1893394948564402,0.2217842552617025,12.217,57.1
16535,1945-04-12 00:00:00,0.0230150466414402,-0.1827118724910242,0.2287419657739047,12.217,57.1
16536,1945-04-13 00:00:00,0.0248135618028242,-0.1807725237921573,0.2303996473978058,12.217,57.1
16537,1945-04-14 00:00:00,0.0013601133318828,-0.2042871558785477,0.2070073825423134,12.217,57.1
16538,1945-04-15 00:00:00,-0.0434668163843799,-0.2490728881915378,0.162139255422778,12.217,57.1
16539,1945-04-16 00:00:00,-0.0056262277722007,-0.2112142053772561,0.1999617498328547,12.217,57.1
16540,1945-04-17 00:00:00,0.0170346205775296,-0.1884560159768872,0.2225252571319464,12.217,57.1
16541,1945-04-18 00:00:00,0.0117252740131222,-0.19385309074356,0.2173036387698044,12.217,57.1
16542,1945-04-19 00:00:00,0.0341637022002445,-0.1716520003553709,0.23997940475586,12.217,57.1
16543,1945-04-20 00:00:00,0.0924344996642715,-0.1136948632888708,0.298563862617414,12.217,57.1
16544,1945-04-21 00:00:00,0.2278768378745306,0.0219401120194925,0.4338135637295687,12.217,57.1
16545,1945-04-22 00:00:00,0.2033848143423749,-0.0029214882849727,0.4096911169697226,12.217,57.1
16546,1945-04-23 00:00:00,0.1315901676811354,-0.0753511613714543,0.3385314967337253,12.217,57.1
16547,1945-04-24 00:00:00,0.0203441407716151,-0.1857796531038242,0.2264679346470545,12.217,57.1
16548,1945-04-25 00:00:00,0.046945903758772,-0.1586126672124626,0.2525044747300068,12.217,57.1
16549,1945-04-26 00:00:00,0.0705258133050572,-0.1349223928973436,0.2759740195074581,12.217,57.1
16550,1945-04-27 00:00:00,0.0886117752524201,-0.1168478413705296,0.2940713918753699,12.217,57.1
16551,1945-04-28 00:00:00,0.1453882322101286,-0.0603062140262864,0.3510826784465437,12.217,57.1
16552,1945-04-29 00:00:00,0.1007564255241026,-0.1053268248346955,0.3068396758829007,12.217,57.1
16553,1945-04-30 00:00:00,0.1208472900413692,-0.0847685734570993,0.3264631535398377,12.217,57.1
16554,1945-05-01 00:00:00,0.0870004499252535,-0.1185835036128542,0.2925844034633614,12.217,57.1
16555,1945-05-02 00:00:00,0.098712939142893,-0.1072016749039687,0.3046275531897549,12.217,57.1
16556,1945-05-03 00:00:00,0.0494436625133098,-0.1565519005807216,0.2554392256073412,12.217,57.1
16557,1945-05-04 00:00:00,0.0920806309500983,-0.1147301343530873,0.2988913962532841,12.217,57.1
16558,1945-05-05 00:00:00,0.0452310182591092,-0.1617142145776713,0.2521762510958898,12.217,57.1
16559,1945-05-06 00:00:00,0.0713492078562256,-0.1341312304118063,0.2768296461242576,12.217,57.1
16560,1945-05-07 00:00:00,0.0368958526365239,-0.168576973593533,0.2423686788665809,12.217,57.1
16561,1945-05-08 00:00:00,0.000756366052444,-0.2048490752051656,0.2063618073100537,12.217,57.1
16562,1945-05-09 00:00:00,0.0145224326841523,-0.1909933444512957,0.2200382098196004,12.217,57.1
16563,1945-05-10 00:00:00,0.0532965831460623,-0.1524336719536596,0.2590268382457842,12.217,57.1
16564,1945-05-11 00:00:00,0.0812154513490654,-0.124985411530562,0.2874163142286929,12.217,57.1
16565,1945-05-12 00:00:00,0.0335365926114801,-0.1726276120514338,0.239700797274394,12.217,57.1
16566,1945-05-13 00:00:00,0.012990915600681,-0.1928080439802744,0.2187898751816364,12.217,57.1
16567,1945-05-14 00:00:00,0.1428176947019931,-0.0628617819257787,0.348497171329765,12.217,57.1
16568,1945-05-15 00:00:00,0.3013202647630801,0.0930240019122215,0.5096165276139388,12.217,57.1
16569,1945-05-16 00:00:00,0.2094795693555775,0.0015343620437521,0.4174247766674028,12.217,57.1
16570,1945-05-17 00:00:00,0.1297677933840091,-0.0759840412390711,0.3355196280070894,12.217,57.1
16571,1945-05-18 00:00:00,0.2780199263962975,0.0721414350094728,0.4838984177831222,12.217,57.1
16572,1945-05-19 00:00:00,0.1061943434003699,-0.1001217094642192,0.3125103962649591,12.217,57.1
16573,1945-05-20 00:00:00,0.0533569231680472,-0.1526030606194705,0.2593169069555651,12.217,57.1
16574,1945-05-21 00:00:00,0.0524573640142213,-0.1532081463053326,0.2581228743337753,12.217,57.1
16575,1945-05-22 00:00:00,0.0548793093998224,-0.1509050894832247,0.2606637082828697,12.217,57.1
16576,1945-05-23 00:00:00,0.063233734055787,-0.1428554708246812,0.2693229389362553,12.217,57.1
16577,1945-05-24 00:00:00,0.0558144927984912,-0.1498226146095039,0.2614516002064864,12.217,57.1
16578,1945-05-25 00:00:00,0.0523128126034519,-0.1535450279711487,0.2581706531780525,12.217,57.1
16579,1945-05-26 00:00:00,0.0671524094500687,-0.1385621436691481,0.2728669625692856,12.217,57.1
16580,1945-05-27 00:00:00,0.1414813936157722,-0.0641363737844538,0.3470991610159983,12.217,57.1
16581,1945-05-28 00:00:00,0.144943966681923,-0.0607568900517912,0.3506448234156372,12.217,57.1
16582,1945-05-29 00:00:00,0.0857858981353697,-0.1198398705527409,0.2914116668234803,12.217,57.1
16583,1945-05-30 00:00:00,0.1756795264206288,-0.0299975426139079,0.3813565954551656,12.217,57.1
16584,1945-05-31 00:00:00,0.0502344974271813,-0.1558216434919295,0.2562906383462923,12.217,57.1
16585,1945-06-01 00:00:00,0.0682055161097424,-0.1375663089887551,0.27397734120824,12.217,57.1
16586,1945-06-02 00:00:00,0.0328301468937292,-0.1727666323600392,0.2384269261474977,12.217,57.1
16587,1945-06-03 00:00:00,0.0361011908543074,-0.1694065167854699,0.2416088984940847,12.217,57.1
16588,1945-06-04 00:00:00,0.1036083731593569,-0.1020510301835711,0.3092677765022851,12.217,57.1
16589,1945-06-05 00:00:00,0.3374971744154739,0.1308474403201369,0.5441469085108108,12.217,57.1
16590,1945-06-06 00:00:00,0.1601061619239135,-0.0472945238547035,0.3675068477025306,12.217,57.1
16591,1945-06-07 00:00:00,0.1041612980622913,-0.1017466246475316,0.3100692207721142,12.217,57.1
16592,1945-06-08 00:00:00,0.1020931705489178,-0.1039139785959322,0.3081003196937678,12.217,57.1
16593,1945-06-09 00:00:00,0.2124594837868302,0.0059800782307982,0.4189388893428622,12.217,57.1
16594,1945-06-10 00:00:00,0.116063444627542,-0.0911158618269565,0.3232427510820405,12.217,57.1
16595,1945-06-11 00:00:00,0.1287535891547636,-0.0773152629555067,0.3348224412650339,12.217,57.1
16596,1945-06-12 00:00:00,0.0730680632823699,-0.1324644651559032,0.2786005917206431,12.217,57.1
16597,1945-06-13 00:00:00,0.1535346503487129,-0.0520741145929081,0.359143415290334,12.217,57.1
16598,1945-06-14 00:00:00,0.3703013135893188,0.1637556139290956,0.576847013249542,12.217,57.1
16599,1945-06-15 00:00:00,0.3897833281959009,0.1831702302226171,0.5963964261691846,12.217,57.1
16600,1945-06-16 00:00:00,0.2490785308600428,0.0421790036243553,0.4559780580957303,12.217,57.1
16601,1945-06-17 00:00:00,0.2464053646950843,0.0402683098734427,0.4525424195167259,12.217,57.1
16602,1945-06-18 00:00:00,0.1508490322850674,-0.0555059151781125,0.3572039797482474,12.217,57.1
16603,1945-06-19 00:00:00,0.1578337518290036,-0.0479842506170047,0.363651754275012,12.217,57.1
16604,1945-06-20 00:00:00,0.0246882701026671,-0.1808770279298125,0.2302535681351468,12.217,57.1
16605,1945-06-21 00:00:00,0.0096974399050001,-0.1958718339122011,0.2152667137222013,12.217,57.1
16606,1945-06-22 00:00:00,-0.0016041180062014,-0.2071760596872848,0.2039678236748819,12.217,57.1
16607,1945-06-23 00:00:00,0.0040431845555479,-0.2015707868554604,0.2096571559665563,12.217,57.1
16608,1945-06-24 00:00:00,-0.0085775079264302,-0.2140783895272282,0.1969233736743678,12.217,57.1
16609,1945-06-25 00:00:00,0.0176159515565753,-0.1878659447473807,0.2230978478605315,12.217,57.1
16610,1945-06-26 00:00:00,0.0641309681837835,-0.141558151742052,0.269820088109619,12.217,57.1
16611,1945-06-27 00:00:00,0.1213844487000541,-0.0842850585533907,0.327053955953499,12.217,57.1
16612,1945-06-28 00:00:00,0.0677454604544871,-0.1379673370623825,0.2734582579713568,12.217,57.1
16613,1945-06-29 00:00:00,0.0170834807200246,-0.1890030288676843,0.2231699903077337,12.217,57.1
16614,1945-06-30 00:00:00,0.0557734131215569,-0.1500922636883887,0.2616390899315026,12.217,57.1
16615,1945-07-01 00:00:00,0.1679235080563269,-0.0375889712524825,0.3734359873651363,12.217,57.1
16616,1945-07-02 00:00:00,0.1742544347610431,-0.0312610681160493,0.3797699376381356,12.217,57.1
16617,1945-07-03 00:00:00,0.0826782044323337,-0.1227609766481802,0.2881173855128478,12.217,57.1
16618,1945-07-04 00:00:00,0.0404370052906484,-0.1651175260074256,0.2459915365887227,12.217,57.1
16619,1945-07-05 00:00:00,0.0357265247065583,-0.1698089953099438,0.2412620447230605,12.217,57.1
16620,1945-07-06 00:00:00,0.0739415950316515,-0.1319732787143742,0.2798564687776773,12.217,57.1
16621,1945-07-07 00:00:00,0.0242680350953933,-0.1813489402750178,0.2298850104658046,12.217,57.1
16622,1945-07-08 00:00:00,0.0185301874170444,-0.1869041661675071,0.223964541001596,12.217,57.1
16623,1945-07-09 00:00:00,0.0190497693077012,-0.1864611915723882,0.2245607301877905,12.217,57.1
16624,1945-07-10 00:00:00,0.0040886320611338,-0.2013890629904372,0.2095663271127049,12.217,57.1
16625,1945-07-11 00:00:00,0.0303788055521354,-0.1751522426778659,0.2359098537821367,12.217,57.1
16626,1945-07-12 00:00:00,0.0132128368629701,-0.1922479254110327,0.2186735991369729,12.217,57.1
16627,1945-07-13 00:00:00,-0.0356312920696273,-0.2411524651390825,0.1698898809998277,12.217,57.1
16628,1945-07-14 00:00:00,-0.0035485723096368,-0.2089754438905912,0.2018782992713174,12.217,57.1
16629,1945-07-15 00:00:00,-0.001297767001801,-0.2067616159012567,0.2041660818976546,12.217,57.1
16630,1945-07-16 00:00:00,0.0130809992508566,-0.1924380279597241,0.2186000264614373,12.217,57.1
16631,1945-07-17 00:00:00,0.0027986611181632,-0.2028308786732207,0.2084282009095471,12.217,57.1
16632,1945-07-18 00:00:00,-0.026773757571727,-0.2325370834953187,0.1789895683518647,12.217,57.1
16633,1945-07-19 00:00:00,-0.0025546158180764,-0.2081087701643875,0.2029995385282346,12.217,57.1
16634,1945-07-20 00:00:00,0.0638619080931264,-0.1415831199878234,0.2693069361740763,12.217,57.1
16635,1945-07-21 00:00:00,0.1070125939689015,-0.0986667866719778,0.312691974609781,12.217,57.1
16636,1945-07-22 00:00:00,0.1872492648792068,-0.0184927741220415,0.3929913038804551,12.217,57.1
16637,1945-07-23 00:00:00,0.1972114670698813,-0.00921186802939,0.4036348021691527,12.217,57.1
16638,1945-07-24 00:00:00,0.307430792066001,0.101245376874277,0.513616207257725,12.217,57.1
16639,1945-07-25 00:00:00,0.1668572570074129,-0.0388355150646788,0.3725500290795048,12.217,57.1
16640,1945-07-26 00:00:00,0.1053572465097742,-0.1001599657762197,0.3108744587957682,12.217,57.1
16641,1945-07-27 00:00:00,0.0675578985247799,-0.1379367537631266,0.2730525508126865,12.217,57.1
16642,1945-07-28 00:00:00,0.1071785321744646,-0.0985021937575234,0.3128592581064529,12.217,57.1
16643,1945-07-29 00:00:00,0.0610539242048576,-0.1450070815001036,0.267114929909819,12.217,57.1
16644,1945-07-30 00:00:00,0.1218982538970318,-0.0840428932502512,0.3278394010443149,12.217,57.1
16645,1945-07-31 00:00:00,0.1915847801392146,-0.0159662188559704,0.3991357791343998,12.217,57.1
16646,1945-08-01 00:00:00,0.0929989800256247,-0.1145323020336172,0.3005302620848666,12.217,57.1
16647,1945-08-02 00:00:00,0.0514878272050374,-0.1547418277733799,0.2577174821834547,12.217,57.1
16648,1945-08-03 00:00:00,0.0252607440887964,-0.1804748548696084,0.2309963430472012,12.217,57.1
16649,1945-08-04 00:00:00,-0.0036156135383144,-0.2090445914462326,0.2018133643696037,12.217,57.1
16650,1945-08-05 00:00:00,0.0105803191897778,-0.1948571259706834,0.2160177643502391,12.217,57.1
16651,1945-08-06 00:00:00,0.0628291019190071,-0.1426913303188732,0.2683495341568875,12.217,57.1
16652,1945-08-07 00:00:00,0.0718702009343785,-0.1335750271237714,0.2773154289925284,12.217,57.1
16653,1945-08-08 00:00:00,-0.0071798819682308,-0.2126593861330236,0.1982996221965618,12.217,57.1
16654,1945-08-09 00:00:00,-0.0156336414687549,-0.2211716034541149,0.189904320516605,12.217,57.1
16655,1945-08-10 00:00:00,-0.0470863872101064,-0.2533650515101566,0.1591922770899437,12.217,57.1
16656,1945-08-11 00:00:00,0.0622456710534422,-0.1447620934702343,0.2692534355771188,12.217,57.1
16657,1945-08-12 00:00:00,-0.0286698079357865,-0.2347052558464891,0.1773656399749161,12.217,57.1
16658,1945-08-13 00:00:00,-0.0090713905323017,-0.2147777062099593,0.1966349251453558,12.217,57.1
16659,1945-08-14 00:00:00,0.0033309114463996,-0.2022207121949071,0.2088825350877064,12.217,57.1
16660,1945-08-15 00:00:00,0.0674217759576753,-0.1386200071446078,0.2734635590599586,12.217,57.1
16661,1945-08-16 00:00:00,0.0304953520976201,-0.1753606734307348,0.2363513776259751,12.217,57.1
16662,1945-08-17 00:00:00,0.0638061731750508,-0.1417761067514451,0.2693884531015468,12.217,57.1
16663,1945-08-18 00:00:00,0.105897727771351,-0.09973409265362,0.311529548196322,12.217,57.1
16664,1945-08-19 00:00:00,0.1418086788479791,-0.0637091856483438,0.347326543344302,12.217,57.1
16665,1945-08-20 00:00:00,0.1059662678393092,-0.0995461194490163,0.3114786551276347,12.217,57.1
16666,1945-08-21 00:00:00,0.1092668760406778,-0.0962076199044717,0.3147413719858275,12.217,57.1
16667,1945-08-22 00:00:00,0.1644691556339858,-0.0410546049644595,0.3699929162324312,12.217,57.1
16668,1945-08-23 00:00:00,0.1305456678476339,-0.0754708220203682,0.3365621577156361,12.217,57.1
16669,1945-08-24 00:00:00,0.1607330789209524,-0.044950525822625,0.3664166836645299,12.217,57.1
16670,1945-08-25 00:00:00,0.2597093917649785,0.0538069172129369,0.46561186631702,12.217,57.1
16671,1945-08-26 00:00:00,0.4024900240150611,0.1964655133401584,0.6085145346899637,12.217,57.1
16672,1945-08-27 00:00:00,0.1578428329370722,-0.0483195406513317,0.3640052065254761,12.217,57.1
16673,1945-08-28 00:00:00,0.0213074720051708,-0.1843255669049884,0.2269405109153301,12.217,57.1
16674,1945-08-29 00:00:00,0.0321667045967031,-0.1733521209802125,0.2376855301736187,12.217,57.1
16675,1945-08-30 00:00:00,0.0699016197369596,-0.1356446805063641,0.2754479199802833,12.217,57.1
16676,1945-08-31 00:00:00,0.0436537539332816,-0.1619613332781715,0.2492688411447348,12.217,57.1
16677,1945-09-01 00:00:00,0.039285827894056,-0.1663746646422699,0.244946320430382,12.217,57.1
16678,1945-09-02 00:00:00,0.021806355667698,-0.1838093548678349,0.227422066203231,12.217,57.1
16679,1945-09-03 00:00:00,-0.0386524799417804,-0.2440825852154878,0.1667776253319269,12.217,57.1
16680,1945-09-04 00:00:00,-0.0323011554843939,-0.237782406313377,0.1731800953445891,12.217,57.1
16681,1945-09-05 00:00:00,0.0019473327939127,-0.2035090419521799,0.2074037075400054,12.217,57.1
16682,1945-09-06 00:00:00,-0.0024637945094022,-0.2080231255278064,0.2030955365090018,12.217,57.1
16683,1945-09-07 00:00:00,-0.0215736009371898,-0.2270998995564954,0.1839526976821157,12.217,57.1
16684,1945-09-08 00:00:00,-0.0448052894474705,-0.2502807866103908,0.1606702077154497,12.217,57.1
16685,1945-09-09 00:00:00,-0.0402890970302596,-0.2457416280679618,0.1651634340074424,12.217,57.1
16686,1945-09-10 00:00:00,-0.0243695874021436,-0.2298091332002795,0.1810699583959921,12.217,57.1
16687,1945-09-11 00:00:00,-0.0362133342397888,-0.2417020413395693,0.1692753728599916,12.217,57.1
16688,1945-09-12 00:00:00,-0.0495910939560806,-0.2551079170419559,0.1559257291297947,12.217,57.1
16689,1945-09-13 00:00:00,-0.0122812199744649,-0.2179370851755753,0.1933746452266453,12.217,57.1
16690,1945-09-14 00:00:00,0.101649093598229,-0.1040120312850388,0.307310218481497,12.217,57.1
16691,1945-09-15 00:00:00,0.2002456599861541,-0.0058437952468581,0.4063351152191663,12.217,57.1
16692,1945-09-16 00:00:00,0.1959682327738413,-0.0098440530059153,0.401780518553598,12.217,57.1
16693,1945-09-17 00:00:00,0.1479294886855724,-0.0578443693297909,0.3537033467009359,12.217,57.1
16694,1945-09-18 00:00:00,0.1353135289904739,-0.0704112541214273,0.3410383121023752,12.217,57.1
16695,1945-09-19 00:00:00,0.1073314982510744,-0.0984067417260433,0.3130697382281923,12.217,57.1
16696,1945-09-20 00:00:00,0.119328505716425,-0.0864570709765587,0.3251140824094087,12.217,57.1
16697,1945-09-21 00:00:00,0.0393430290725225,-0.1664439952904035,0.2451300534354487,12.217,57.1
16698,1945-09-22 00:00:00,0.0832981256480661,-0.1223620758896466,0.2889583271857788,12.217,57.1
16699,1945-09-23 00:00:00,0.2006769634779391,-0.0052797624291823,0.4066336893850605,12.217,57.1
16700,1945-09-24 00:00:00,0.1724686445698234,-0.0338769182344877,0.3788142073741346,12.217,57.1
16701,1945-09-25 00:00:00,0.008402125197422,-0.1972562615525754,0.2140605119474194,12.217,57.1
16702,1945-09-26 00:00:00,-0.0515287630751988,-0.2575441579968614,0.1544866318464638,12.217,57.1
16703,1945-09-27 00:00:00,-0.0051081829382859,-0.210853179117227,0.2006368132406551,12.217,57.1
16704,1945-09-28 00:00:00,0.061248538511288,-0.1445038281534363,0.2670009051760125,12.217,57.1
16705,1945-09-29 00:00:00,0.0278214250072077,-0.1776827431188906,0.2333255931333061,12.217,57.1
16706,1945-09-30 00:00:00,-0.057858079006244,-0.2634274374012616,0.1477112793887735,12.217,57.1
16707,1945-10-01 00:00:00,-0.0773710947290278,-0.2828575966679666,0.128115407209911,12.217,57.1
16708,1945-10-02 00:00:00,-0.1190075779417546,-0.3246063207659453,0.086591164882436,12.217,57.1
16709,1945-10-03 00:00:00,-0.1114011050634997,-0.3170055401541115,0.094203330027112,12.217,57.1
16710,1945-10-04 00:00:00,-0.0471242238990382,-0.2526360960787898,0.1583876482807133,12.217,57.1
16711,1945-10-05 00:00:00,0.0170217883843855,-0.1885501593190178,0.2225937360877888,12.217,57.1
16712,1945-10-06 00:00:00,0.0219079668997859,-0.1842135456671424,0.2280294794667143,12.217,57.1
16713,1945-10-07 00:00:00,0.0781974771709147,-0.1297970876307281,0.2861920419725576,12.217,57.1
16714,1945-10-08 00:00:00,-0.0995634678779674,-0.306827674719012,0.1077007389630771,12.217,57.1
16715,1945-10-09 00:00:00,0.1758367641864035,-0.030113304158734,0.381786832531541,12.217,57.1
16716,1945-10-10 00:00:00,0.233918136584685,0.0282096978792627,0.4396265752901074,12.217,57.1
16717,1945-10-11 00:00:00,0.1400920248760193,-0.0670059250647027,0.3471899748167414,12.217,57.1
16718,1945-10-12 00:00:00,0.020581404566703,-0.1854171188307076,0.2265799279641138,12.217,57.1
16719,1945-10-13 00:00:00,0.0389255509391013,-0.1666993423618131,0.2445504442400158,12.217,57.1
16720,1945-10-14 00:00:00,0.0802351258584689,-0.1254752195214206,0.2859454712383585,12.217,57.1
16721,1945-10-15 00:00:00,0.0929387115106553,-0.1128724721952186,0.2987498952165293,12.217,57.1
16722,1945-10-16 00:00:00,0.0129214224438463,-0.1928487976539626,0.2186916425416553,12.217,57.1
16723,1945-10-17 00:00:00,-0.0059867291162735,-0.2115571293673852,0.1995836711348381,12.217,57.1
16724,1945-10-18 00:00:00,0.0468156114692391,-0.1589057994513073,0.2525370223897857,12.217,57.1
16725,1945-10-19 00:00:00,-0.008138187352353,-0.21396552807292,0.1976891533682138,12.217,57.1
16726,1945-10-20 00:00:00,-0.0046080082435509,-0.2101504794019319,0.20093446291483,12.217,57.1
16727,1945-10-21 00:00:00,-0.0127528992918883,-0.2184665658050752,0.1929607672212984,12.217,57.1
16728,1945-10-22 00:00:00,0.0511996263210993,-0.154437696789699,0.2568369494318978,12.217,57.1
16729,1945-10-23 00:00:00,0.1741999623678369,-0.0316593776262904,0.3800593023619644,12.217,57.1
16730,1945-10-24 00:00:00,0.2003119373324828,-0.0057055875863699,0.4063294622513356,12.217,57.1
16731,1945-10-25 00:00:00,0.2398192285963259,0.0335596880014082,0.4460787691912436,12.217,57.1
16732,1945-10-26 00:00:00,0.3166084840956933,0.1103796597756314,0.5228373084157552,12.217,57.1
16733,1945-10-27 00:00:00,0.4397706157492411,0.2325101632122438,0.6470310682862384,12.217,57.1
16734,1945-10-28 00:00:00,0.2218155905777105,0.0155426690930726,0.4280885120623484,12.217,57.1
16735,1945-10-29 00:00:00,0.1078775235289786,-0.0979523615457217,0.313707408603679,12.217,57.1
16736,1945-10-30 00:00:00,0.066555070834122,-0.1391714096669521,0.2722815513351962,12.217,57.1
16737,1945-10-31 00:00:00,0.0328954562191812,-0.1726913468425021,0.2384822592808647,12.217,57.1
16738,1945-11-01 00:00:00,0.0402498000419666,-0.1653943060486007,0.2458939061325341,12.217,57.1
16739,1945-11-02 00:00:00,-0.018103665951271,-0.2238328544800108,0.1876255225774687,12.217,57.1
16740,1945-11-03 00:00:00,-0.0516635571911327,-0.2575474082046631,0.1542202938223976,12.217,57.1
16741,1945-11-04 00:00:00,-0.0259536624123527,-0.2319480323903337,0.1800407075656281,12.217,57.1
16742,1945-11-05 00:00:00,-0.0544768684054132,-0.2600732313162107,0.1511194945053842,12.217,57.1
16743,1945-11-06 00:00:00,-0.0632653438016369,-0.2687326451433233,0.1422019575400494,12.217,57.1
16744,1945-11-07 00:00:00,-0.0378482482486077,-0.2433462685193579,0.1676497720221425,12.217,57.1
16745,1945-11-08 00:00:00,0.2107792027413277,0.0047251109760728,0.4168332945065826,12.217,57.1
16746,1945-11-09 00:00:00,0.3613418395108778,0.1378809986152051,0.5848026804065505,12.217,57.1
16747,1945-11-10 00:00:00,-0.1184621781740157,-0.3428276548500419,0.1059032985020104,12.217,57.1
16748,1945-11-11 00:00:00,-0.1963649377404785,-0.4041277737694763,0.0113978982885191,12.217,57.1
16749,1945-11-12 00:00:00,-0.0768112269642324,-0.2830769925030331,0.1294545385745681,12.217,57.1
16750,1945-11-13 00:00:00,-0.0536166405912961,-0.2594314247397771,0.1521981435571849,12.217,57.1
16751,1945-11-14 00:00:00,-0.070757077965499,-0.2764597223766627,0.1349455664456646,12.217,57.1
16752,1945-11-15 00:00:00,-0.0871598234470774,-0.2927008915752076,0.1183812446810526,12.217,57.1
16753,1945-11-16 00:00:00,-0.0242040491604051,-0.2300429250912379,0.1816348267704276,12.217,57.1
16754,1945-11-17 00:00:00,-0.0553706860997265,-0.2610747471264337,0.1503333749269805,12.217,57.1
16755,1945-11-18 00:00:00,-0.0952435124851053,-0.3007406600960192,0.1102536351258085,12.217,57.1
16756,1945-11-19 00:00:00,-0.0959467337148293,-0.3014392603595277,0.1095457929298689,12.217,57.1
16757,1945-11-20 00:00:00,-0.025579984218714,-0.2310673360200235,0.1799073675825953,12.217,57.1
16758,1945-11-21 00:00:00,-0.0404194521717825,-0.2458961167854997,0.1650572124419347,12.217,57.1
16759,1945-11-22 00:00:00,-0.0783417987748739,-0.2837993552411425,0.1271157576913945,12.217,57.1
16760,1945-11-23 00:00:00,-0.0269754585523292,-0.2325060091991502,0.1785550920944917,12.217,57.1
16761,1945-11-24 00:00:00,0.0076750735543095,-0.1978081324455364,0.2131582795541556,12.217,57.1
16762,1945-11-25 00:00:00,0.0105879048898628,-0.1948734058515555,0.2160492156312811,12.217,57.1
16763,1945-11-26 00:00:00,0.096785548084038,-0.1089823060328196,0.3025534022008956,12.217,57.1
16764,1945-11-27 00:00:00,0.1087392556575273,-0.0986281460654165,0.3161066573804711,12.217,57.1
16765,1945-11-28 00:00:00,0.1596542591775903,-0.046952496961001,0.3662610153161817,12.217,57.1
16766,1945-11-29 00:00:00,0.3463294149467104,0.1399031014629105,0.5527557284305102,12.217,57.1
16767,1945-11-30 00:00:00,0.3591292316218901,0.1525031050215337,0.5657553582222464,12.217,57.1
16768,1945-12-01 00:00:00,0.0461364823064322,-0.1598500245961621,0.2521229892090265,12.217,57.1
16769,1945-12-02 00:00:00,0.054070929298126,-0.1516622559851972,0.2598041145814492,12.217,57.1
16770,1945-12-03 00:00:00,0.1744230258493943,-0.0315293358028067,0.3803753875015955,12.217,57.1
16771,1945-12-04 00:00:00,0.0955584418880373,-0.1103369241940802,0.3014538079701549,12.217,57.1
16772,1945-12-05 00:00:00,0.0165242799031527,-0.1889890119353012,0.2220375717416067,12.217,57.1
16773,1945-12-06 00:00:00,0.0396278624747427,-0.166007786110713,0.2452635110601984,12.217,57.1
16774,1945-12-07 00:00:00,-0.1105220743499685,-0.3165401204128585,0.0954959717129213,12.217,57.1
16775,1945-12-08 00:00:00,-0.1880513822591428,-0.3939114829335204,0.0178087184152346,12.217,57.1
16776,1945-12-09 00:00:00,-0.1200623191012919,-0.3259117869649215,0.0857871487623377,12.217,57.1
16777,1945-12-10 00:00:00,0.053589721835833,-0.1525857860524354,0.2597652297241016,12.217,57.1
16778,1945-12-11 00:00:00,0.1350138817384275,-0.0714841979812355,0.3415119614580906,12.217,57.1
16779,1945-12-12 00:00:00,0.0355292451894516,-0.1713105600837881,0.2423690504626913,12.217,57.1
16780,1945-12-13 00:00:00,0.0452874164409766,-0.1614805457190385,0.2520553786009918,12.217,57.1
16781,1945-12-14 00:00:00,0.2986658406989407,0.0856263899300003,0.5117052914678811,12.217,57.1
16782,1945-12-15 00:00:00,-0.0324234735140091,-0.2429979332472524,0.1781509862192341,12.217,57.1
16783,1945-12-16 00:00:00,0.1914287313391144,-0.0147059954622697,0.3975634581404987,12.217,57.1
16784,1945-12-17 00:00:00,0.194921562664259,-0.0115893024050289,0.401432427733547,12.217,57.1
16785,1945-12-18 00:00:00,0.2408243484474061,0.034017154948834,0.4476315419459782,12.217,57.1
16786,1945-12-19 00:00:00,0.2554153331281056,0.049056615140164,0.4617740511160472,12.217,57.1
16787,1945-12-20 00:00:00,0.2427502496243762,0.0370187919378046,0.4484817073109479,12.217,57.1
16788,1945-12-21 00:00:00,0.0651426279869928,-0.1405062958433901,0.2707915518173758,12.217,57.1
16789,1945-12-22 00:00:00,0.0443099338288909,-0.1612060560928418,0.2498259237506238,12.217,57.1
16790,1945-12-23 00:00:00,0.0703248009743135,-0.135233673135509,0.275883275084136,12.217,57.1
16791,1945-12-24 00:00:00,0.0391806145021423,-0.1666126775913037,0.2449739065955884,12.217,57.1
16792,1945-12-25 00:00:00,0.1031803863875249,-0.1032355869877137,0.3095963597627635,12.217,57.1
16793,1945-12-26 00:00:00,0.0706325554066327,-0.1356711334142633,0.2769362442275287,12.217,57.1
16794,1945-12-27 00:00:00,0.0147462255476465,-0.1907954657871283,0.2202879168824215,12.217,57.1
16795,1945-12-28 00:00:00,0.1214142797427891,-0.084712191763529,0.3275407512491073,12.217,57.1
16796,1945-12-29 00:00:00,0.1048386603666777,-0.1013998886210332,0.3110772093543887,12.217,57.1
16797,1945-12-30 00:00:00,-0.0355014084268355,-0.2419883704044835,0.1709855535508124,12.217,57.1
16798,1945-12-31 00:00:00,-0.1142265971336369,-0.3201177562804463,0.0916645620131724,12.217,57.1
16799,1946-01-01 00:00:00,-0.1284955435425138,-0.3339977033457089,0.0770066162606812,12.217,57.1
16800,1946-01-02 00:00:00,-0.145578061881501,-0.3511478142679471,0.059991690504945,12.217,57.1
16801,1946-01-03 00:00:00,-0.1507326001039194,-0.3563965563232809,0.054931356115442,12.217,57.1
16802,1946-01-04 00:00:00,0.0225523950603385,-0.183091538939702,0.228196329060379,12.217,57.1
16803,1946-01-05 00:00:00,0.3450696492437244,0.1389088219156399,0.551230476571809,12.217,57.1
16804,1946-01-06 00:00:00,0.3934039959423708,0.1870889349458071,0.5997190569389346,12.217,57.1
16805,1946-01-07 00:00:00,0.1571672401550726,-0.0490763747028389,0.3634108550129842,12.217,57.1
16806,1946-01-08 00:00:00,0.1008495991973406,-0.1048212139438158,0.306520412338497,12.217,57.1
16807,1946-01-09 00:00:00,0.1558892558075257,-0.0499691273847432,0.3617476389997948,12.217,57.1
16808,1946-01-10 00:00:00,0.2433396953760509,0.0372050750675262,0.4494743156845756,12.217,57.1
16809,1946-01-11 00:00:00,0.544345477931764,0.3351728071454773,0.7535181487180507,12.217,57.1
16810,1946-01-12 00:00:00,0.2977471677084979,0.0910039331318814,0.5044904022851144,12.217,57.1
16811,1946-01-13 00:00:00,0.1587471925651562,-0.0479296088212296,0.3654239939515421,12.217,57.1
16812,1946-01-14 00:00:00,-0.1096281158608184,-0.3183240110919349,0.099067779370298,12.217,57.1
16813,1946-01-15 00:00:00,-0.2740873141982372,-0.4809328989779746,-0.0672417294184997,12.217,57.1
16814,1946-01-16 00:00:00,-0.1488218068414783,-0.3545023663664758,0.0568587526835191,12.217,57.1
16815,1946-01-17 00:00:00,-0.1405910773418722,-0.3462122531605797,0.0650300984768353,12.217,57.1
16816,1946-01-18 00:00:00,-0.1091019402024201,-0.31469497037898,0.0964910899741396,12.217,57.1
16817,1946-01-19 00:00:00,-0.1130360448748643,-0.3189292989148345,0.0928572091651058,12.217,57.1
16818,1946-01-20 00:00:00,-0.1205342533164995,-0.3270543906629113,0.0859858840299121,12.217,57.1
16819,1946-01-21 00:00:00,-0.1777953972444868,-0.3843329596024424,0.0287421651134687,12.217,57.1
16820,1946-01-22 00:00:00,-0.0901898424494148,-0.2965064726527319,0.1161267877539023,12.217,57.1
16821,1946-01-23 00:00:00,-0.0344375146275808,-0.2405268612059049,0.1716518319507432,12.217,57.1
16822,1946-01-24 00:00:00,0.0466304306452377,-0.1593335275937851,0.2525943888842605,12.217,57.1
16823,1946-01-25 00:00:00,-0.0363581607953063,-0.2422902603096978,0.1695739387190851,12.217,57.1
16824,1946-01-26 00:00:00,0.0441637690878439,-0.1616991338842731,0.2500266720599609,12.217,57.1
16825,1946-01-27 00:00:00,0.0946441382184413,-0.1112185811905689,0.3005068576274516,12.217,57.1
16826,1946-01-28 00:00:00,0.0938468009405041,-0.1117573979523597,0.299450999833368,12.217,57.1
16827,1946-01-29 00:00:00,0.1534926698775611,-0.0522633216300519,0.3592486613851743,12.217,57.1
16828,1946-01-30 00:00:00,0.3306075577885465,0.1239762017319431,0.53723891384515,12.217,57.1
16829,1946-01-31 00:00:00,0.1885450653881104,-0.0180758260779635,0.3951659568541843,12.217,57.1
16830,1946-02-01 00:00:00,0.1192540126995863,-0.0869150866221819,0.3254231120213545,12.217,57.1
16831,1946-02-02 00:00:00,0.2728015678002236,0.066481410811331,0.4791217247891161,12.217,57.1
16832,1946-02-03 00:00:00,0.2783035441302746,0.072420538343154,0.4841865499173952,12.217,57.1
16833,1946-02-04 00:00:00,0.229397466138071,0.0234680866250532,0.4353268456510888,12.217,57.1
16834,1946-02-05 00:00:00,0.3432500661467344,0.1362749543306526,0.5502251779628162,12.217,57.1
16835,1946-02-06 00:00:00,0.1046567141396455,-0.1012080857044928,0.3105215139837839,12.217,57.1
16836,1946-02-07 00:00:00,0.0349410897132621,-0.1706420084964523,0.2405241879229765,12.217,57.1
16837,1946-02-08 00:00:00,0.2638698996599517,0.0564997190251228,0.4712400802947806,12.217,57.1
16838,1946-02-09 00:00:00,0.3802771431811898,0.1727234893384196,0.58783079702396,12.217,57.1
16839,1946-02-10 00:00:00,0.0757358642241696,-0.1305080121046894,0.2819797405530289,12.217,57.1
16840,1946-02-11 00:00:00,0.3409063339004665,0.1341516583878119,0.5476610094131211,12.217,57.1
16841,1946-02-12 00:00:00,0.3740266689193738,0.1665333016752292,0.5815200361635183,12.217,57.1
16842,1946-02-13 00:00:00,-0.0219875026150936,-0.2290877934123333,0.185112788182146,12.217,57.1
16843,1946-02-14 00:00:00,-0.1325204664600671,-0.3388403422147178,0.0737994092945835,12.217,57.1
16844,1946-02-15 00:00:00,-0.0264373887451032,-0.2323808899070236,0.1795061124168172,12.217,57.1
16845,1946-02-16 00:00:00,0.0393052085702871,-0.1666761198871973,0.2452865370277715,12.217,57.1
16846,1946-02-17 00:00:00,0.335961069403997,0.1282671137175506,0.5436550250904434,12.217,57.1
16847,1946-02-18 00:00:00,0.0444706099495819,-0.1623584879456854,0.2512997078448493,12.217,57.1
16848,1946-02-19 00:00:00,0.0826850262371844,-0.1238265460284292,0.2891965985027981,12.217,57.1
16849,1946-02-20 00:00:00,0.1218656060340352,-0.0841495213908233,0.3278807334588937,12.217,57.1
16850,1946-02-21 00:00:00,0.1975505484649135,-0.0091570203168756,0.4042581172467027,12.217,57.1
16851,1946-02-22 00:00:00,0.0084017524850792,-0.1979309558386224,0.214734460808781,12.217,57.1
16852,1946-02-23 00:00:00,0.1111733758047386,-0.0948214923183893,0.3171682439278666,12.217,57.1
16853,1946-02-24 00:00:00,0.1883100429718821,-0.0192156250386156,0.3958357109823799,12.217,57.1
16854,1946-02-25 00:00:00,0.0655826888965668,-0.1443289289158339,0.2754943067089675,12.217,57.1
16855,1946-02-26 00:00:00,-0.0704003249112078,-0.2780371030243204,0.1372364532019047,12.217,57.1
16856,1946-02-27 00:00:00,0.0563725889575804,-0.1492569507903597,0.2620021287055206,12.217,57.1
16857,1946-02-28 00:00:00,0.0619069638288113,-0.1438147285107013,0.2676286561683241,12.217,57.1
16858,1946-03-01 00:00:00,0.0110710090714302,-0.1946291851303669,0.2167712032732274,12.217,57.1
16859,1946-03-02 00:00:00,-0.1055499691495181,-0.3120550767782213,0.100955138479185,12.217,57.1
16860,1946-03-03 00:00:00,0.0030327114810461,-0.2045483722070456,0.2106137951691378,12.217,57.1
16861,1946-03-04 00:00:00,-0.027116002594121,-0.2335861318107309,0.1793541266224888,12.217,57.1
16862,1946-03-05 00:00:00,-0.1018440215875318,-0.3080359519381717,0.1043479087631081,12.217,57.1
16863,1946-03-06 00:00:00,-0.1049258036313276,-0.3107735251759058,0.1009219179132505,12.217,57.1
16864,1946-03-07 00:00:00,-0.0409007612691663,-0.2470224800645417,0.1652209575262089,12.217,57.1
16865,1946-03-08 00:00:00,-0.0075015976574331,-0.2140769875531607,0.1990737922382944,12.217,57.1
16866,1946-03-09 00:00:00,-0.011343240965262,-0.2171662306533484,0.1944797487228244,12.217,57.1
16867,1946-03-10 00:00:00,-0.0412588244981879,-0.2466984511962293,0.1641808021998533,12.217,57.1
16868,1946-03-11 00:00:00,-0.0660253288247245,-0.271426170072313,0.1393755124228639,12.217,57.1
16869,1946-03-12 00:00:00,-0.0779377473679381,-0.2834313398693286,0.1275558451334523,12.217,57.1
16870,1946-03-13 00:00:00,-0.0916857846841295,-0.297535956881878,0.1141643875136189,12.217,57.1
16871,1946-03-14 00:00:00,-0.1108597202405524,-0.316808912168687,0.095089471687582,12.217,57.1
16872,1946-03-15 00:00:00,-0.0864207422463067,-0.2922103247984779,0.1193688403058645,12.217,57.1
16873,1946-03-16 00:00:00,-0.0561319584825692,-0.2617448571844766,0.1494809402193382,12.217,57.1
16874,1946-03-17 00:00:00,-0.0415292385447574,-0.2470792037361845,0.1640207266466697,12.217,57.1
16875,1946-03-18 00:00:00,-0.0207041962472926,-0.2261848367699979,0.1847764442754126,12.217,57.1
16876,1946-03-19 00:00:00,0.0860608171150172,-0.1195674793781007,0.2916891136081352,12.217,57.1
16877,1946-03-20 00:00:00,0.1885194128981143,-0.0171670006472938,0.3942058264435225,12.217,57.1
16878,1946-03-21 00:00:00,0.1276998314736087,-0.0780213948208177,0.3334210577680352,12.217,57.1
16879,1946-03-22 00:00:00,0.276675193044152,0.0706596921694715,0.4826906939188325,12.217,57.1
16880,1946-03-23 00:00:00,0.1669431640168653,-0.0389624279631488,0.3728487559968795,12.217,57.1
16881,1946-03-24 00:00:00,0.160113687072286,-0.0463981305109898,0.366625504655562,12.217,57.1
16882,1946-03-25 00:00:00,0.1628701336492534,-0.042762904297875,0.368503171596382,12.217,57.1
16883,1946-03-26 00:00:00,0.0848900605972214,-0.1208080717362129,0.2905881929306557,12.217,57.1
16884,1946-03-27 00:00:00,0.0065400091105805,-0.1990678911259298,0.212147909347091,12.217,57.1
16885,1946-03-28 00:00:00,0.0684529240584911,-0.1372242330089415,0.2741300811259238,12.217,57.1
16886,1946-03-29 00:00:00,-0.0513356230765995,-0.2570474559638214,0.1543762098106223,12.217,57.1
16887,1946-03-30 00:00:00,0.0485208880352391,-0.157168843970293,0.2542106200407714,12.217,57.1
16888,1946-03-31 00:00:00,-0.0239346579653792,-0.2298545558439818,0.1819852399132233,12.217,57.1
16889,1946-04-01 00:00:00,0.002403603878733,-0.2032074457800875,0.2080146535375535,12.217,57.1
16890,1946-04-02 00:00:00,0.0454361555828869,-0.1601170202812719,0.2509893314470457,12.217,57.1
16891,1946-04-03 00:00:00,0.1280146855413051,-0.0777736626746989,0.3338030337573093,12.217,57.1
16892,1946-04-04 00:00:00,0.0939513514525123,-0.1116079152627351,0.2995106181677599,12.217,57.1
16893,1946-04-05 00:00:00,0.0857585263980893,-0.1197917977216037,0.2913088505177824,12.217,57.1
16894,1946-04-06 00:00:00,0.0447823582167173,-0.1612941654828406,0.2508588819162753,12.217,57.1
16895,1946-04-07 00:00:00,0.0397354942120446,-0.166976820556504,0.2464478089805933,12.217,57.1
16896,1946-04-08 00:00:00,0.3115509664627817,0.1054711443529119,0.5176307885726514,12.217,57.1
16897,1946-04-09 00:00:00,0.439702065621126,0.2333426084372866,0.6460615228049655,12.217,57.1
16898,1946-04-10 00:00:00,0.2282471225667,0.0214651006709955,0.4350291444624045,12.217,57.1
16899,1946-04-11 00:00:00,0.0809197416966003,-0.1250219462357514,0.2868614296289521,12.217,57.1
16900,1946-04-12 00:00:00,0.3500684787542363,0.1431040387115523,0.5570329187969204,12.217,57.1
16901,1946-04-13 00:00:00,0.1165273982431703,-0.0897259596898046,0.3227807561761452,12.217,57.1
16902,1946-04-14 00:00:00,0.0502897270082802,-0.1554050368730646,0.2559844908896251,12.217,57.1
16903,1946-04-15 00:00:00,0.0306629561316095,-0.1750232135825505,0.2363491258457695,12.217,57.1
16904,1946-04-16 00:00:00,0.0221954788167949,-0.1834141205625156,0.2278050781961056,12.217,57.1
16905,1946-04-17 00:00:00,0.0561016419712031,-0.1495972710488854,0.2618005549912918,12.217,57.1
16906,1946-04-18 00:00:00,0.323873224052968,0.1177264083710363,0.5300200397348998,12.217,57.1
16907,1946-04-19 00:00:00,0.0586832393814979,-0.1475668092813532,0.2649332880443491,12.217,57.1
16908,1946-04-20 00:00:00,-0.0222029218608476,-0.227920421992762,0.1835145782710668,12.217,57.1
16909,1946-04-21 00:00:00,0.0512068768957755,-0.1542926254934744,0.2567063792850255,12.217,57.1
16910,1946-04-22 00:00:00,0.0146062643229557,-0.191130074757509,0.2203426034034205,12.217,57.1
16911,1946-04-23 00:00:00,0.0286411441819354,-0.1769417553738116,0.2342240437376826,12.217,57.1
16912,1946-04-24 00:00:00,0.1783090511325002,-0.0275427655486651,0.3841608678136656,12.217,57.1
16913,1946-04-25 00:00:00,0.1423242097407498,-0.0637850386237407,0.3484334581052404,12.217,57.1
16914,1946-04-26 00:00:00,0.1035802295655499,-0.1020702647399697,0.3092307238710697,12.217,57.1
16915,1946-04-27 00:00:00,0.0360883330983158,-0.169492286451609,0.2416689526482406,12.217,57.1
16916,1946-04-28 00:00:00,0.0166074354803615,-0.188986607728977,0.2222014786897002,12.217,57.1
16917,1946-04-29 00:00:00,0.0314155993192361,-0.1740953310309803,0.2369265296694525,12.217,57.1
16918,1946-04-30 00:00:00,0.008364658177146,-0.1970927665526169,0.2138220829069089,12.217,57.1
16919,1946-05-01 00:00:00,-0.0431094438578115,-0.2485802252620623,0.1623613375464392,12.217,57.1
16920,1946-05-02 00:00:00,-0.0202977477905891,-0.2257285200932182,0.1851330245120398,12.217,57.1
16921,1946-05-03 00:00:00,0.0093623380601497,-0.196129228384576,0.2148539045048756,12.217,57.1
16922,1946-05-04 00:00:00,-0.0303323694925988,-0.2358884724342151,0.1752237334490174,12.217,57.1
16923,1946-05-05 00:00:00,-0.0259332970005626,-0.2316331036407078,0.1797665096395825,12.217,57.1
16924,1946-05-06 00:00:00,-0.0156200031080918,-0.2213497828331159,0.1901097766169321,12.217,57.1
16925,1946-05-07 00:00:00,-0.0594821308517229,-0.2653229174386374,0.1463586557351914,12.217,57.1
16926,1946-05-08 00:00:00,-0.021401534065971,-0.2273673789297058,0.1845643107977637,12.217,57.1
16927,1946-05-09 00:00:00,0.0749961047871121,-0.1320146669883411,0.2820068765625654,12.217,57.1
16928,1946-05-10 00:00:00,-0.003398767519032,-0.209113225141917,0.2023156901038528,12.217,57.1
16929,1946-05-11 00:00:00,0.0273218784236705,-0.1783264407279548,0.2329701975752959,12.217,57.1
16930,1946-05-12 00:00:00,0.0242572468491398,-0.1816770600492879,0.2301915537475677,12.217,57.1
16931,1946-05-13 00:00:00,0.0677991749453422,-0.1378642808426805,0.2734626307333648,12.217,57.1
16932,1946-05-14 00:00:00,0.0613184305539354,-0.1443074639455784,0.2669443250534492,12.217,57.1
16933,1946-05-15 00:00:00,0.0528458158774856,-0.1536169979415761,0.2593086296965474,12.217,57.1
16934,1946-05-16 00:00:00,-0.0151299102250701,-0.2236736553430625,0.1934138348929223,12.217,57.1
16935,1946-05-17 00:00:00,0.0142537279850056,-0.1912094873995995,0.2197169433696108,12.217,57.1
16936,1946-05-18 00:00:00,-0.0565889385198895,-0.2621640626380301,0.148986185598251,12.217,57.1
16937,1946-05-19 00:00:00,-0.0198759425161175,-0.2257604402966538,0.1860085552644187,12.217,57.1
16938,1946-05-20 00:00:00,-0.026241050201496,-0.2320242572110445,0.1795421568080524,12.217,57.1
16939,1946-05-21 00:00:00,-0.0381409851183335,-0.2437703822235967,0.1674884119869296,12.217,57.1
16940,1946-05-22 00:00:00,-0.0048215849642175,-0.2105998549108051,0.20095668498237,12.217,57.1
16941,1946-05-23 00:00:00,-0.0870684556798815,-0.29300926526819,0.1188723539084269,12.217,57.1
16942,1946-05-24 00:00:00,-0.1075084981767539,-0.3135169558281356,0.0984999594746276,12.217,57.1
16943,1946-05-25 00:00:00,-0.0655675170942131,-0.2712952186478127,0.1401601844593863,12.217,57.1
16944,1946-05-26 00:00:00,-0.0288303393184541,-0.2346309273082707,0.1769702486713624,12.217,57.1
16945,1946-05-27 00:00:00,-0.0984025727917418,-0.3048303947127024,0.1080252491292186,12.217,57.1
16946,1946-05-28 00:00:00,0.01560669441539,-0.1906020928961636,0.2218154817269437,12.217,57.1
16947,1946-05-29 00:00:00,0.0282897693356784,-0.1773135804751216,0.2338931191464784,12.217,57.1
16948,1946-05-30 00:00:00,0.0359071730616049,-0.1695891366242788,0.2414034827474886,12.217,57.1
16949,1946-05-31 00:00:00,0.0978123673328185,-0.1077605489719966,0.3033852836376337,12.217,57.1
16950,1946-06-01 00:00:00,0.1211872455215074,-0.0843148539620496,0.3266893450050646,12.217,57.1
16951,1946-06-02 00:00:00,0.2584529161907754,0.0523825140715504,0.4645233183100002,12.217,57.1
16952,1946-06-03 00:00:00,0.2132594357873858,0.007274640145208,0.4192442314295636,12.217,57.1
16953,1946-06-04 00:00:00,0.2188198496772307,0.0129540384545902,0.4246856608998712,12.217,57.1
16954,1946-06-05 00:00:00,0.1255878628207874,-0.0799810178292996,0.3311567434708744,12.217,57.1
16955,1946-06-06 00:00:00,0.1882764338452459,-0.0177350889994043,0.3942879566898961,12.217,57.1
16956,1946-06-07 00:00:00,0.2685766846930194,0.0618916217652954,0.4752617476207434,12.217,57.1
16957,1946-06-08 00:00:00,0.0620124676897892,-0.1458941646228153,0.2699191000023937,12.217,57.1
16958,1946-06-09 00:00:00,-0.0374021460749025,-0.2436702242198152,0.1688659320700101,12.217,57.1
16959,1946-06-10 00:00:00,0.1910760450693299,-0.0164363614135555,0.3985884515522154,12.217,57.1
16960,1946-06-11 00:00:00,0.1029086479634602,-0.1032961744011419,0.3091134703280624,12.217,57.1
16961,1946-06-12 00:00:00,0.1304590879901492,-0.0752519955752863,0.3361701715555847,12.217,57.1
16962,1946-06-13 00:00:00,0.0629452096475021,-0.1427325185415127,0.268622937836517,12.217,57.1
16963,1946-06-14 00:00:00,0.0025299909855921,-0.2034052563310125,0.2084652383021969,12.217,57.1
16964,1946-06-15 00:00:00,-0.0420339731365124,-0.2495843468083425,0.1655164005353178,12.217,57.1
16965,1946-06-16 00:00:00,-0.0082858992558434,-0.2163473902247328,0.1997755917130459,12.217,57.1
16966,1946-06-17 00:00:00,0.1086661026425807,-0.0970581521916508,0.3143903574768123,12.217,57.1
16967,1946-06-18 00:00:00,0.0883214506690526,-0.1171714882842536,0.2938143896223588,12.217,57.1
16968,1946-06-19 00:00:00,0.1046911747205616,-0.100894215804903,0.3102765652460263,12.217,57.1
16969,1946-06-20 00:00:00,0.2086197743151027,0.0024235727777072,0.4148159758524982,12.217,57.1
16970,1946-06-21 00:00:00,0.0980172247999669,-0.1081994036057391,0.304233853205673,12.217,57.1
16971,1946-06-22 00:00:00,0.0054807863092687,-0.2004110171938214,0.2113725898123589,12.217,57.1
16972,1946-06-23 00:00:00,-0.0163107456066373,-0.2218585906166982,0.1892370994034236,12.217,57.1
16973,1946-06-24 00:00:00,-0.0018781114121575,-0.2074907723048819,0.2037345494805667,12.217,57.1
16974,1946-06-25 00:00:00,0.0840661798478193,-0.1218127635078377,0.2899451232034765,12.217,57.1
16975,1946-06-26 00:00:00,0.0189349841475362,-0.1866992850493379,0.2245692533444104,12.217,57.1
16976,1946-06-27 00:00:00,0.0546065639871354,-0.1509216245545497,0.2601347525288207,12.217,57.1
16977,1946-06-28 00:00:00,0.0344157077867395,-0.1710368615453972,0.2398682771188763,12.217,57.1
16978,1946-06-29 00:00:00,0.0841135321839017,-0.1213574503166938,0.2895845146844973,12.217,57.1
16979,1946-06-30 00:00:00,0.0842873117826569,-0.1212745875008134,0.2898492110661273,12.217,57.1
16980,1946-07-01 00:00:00,0.1151632677404964,-0.0910316120357792,0.3213581475167721,12.217,57.1
16981,1946-07-02 00:00:00,0.0250589099428893,-0.1809588439700162,0.2310766638557949,12.217,57.1
16982,1946-07-03 00:00:00,0.0448597116728906,-0.160839184156723,0.2505586075025044,12.217,57.1
16983,1946-07-04 00:00:00,0.050881156348158,-0.1545777172976454,0.2563400299939616,12.217,57.1
16984,1946-07-05 00:00:00,0.0870887700046001,-0.1183760331149015,0.2925535731241018,12.217,57.1
16985,1946-07-06 00:00:00,0.0364549893453074,-0.169528069944765,0.24243804863538,12.217,57.1
16986,1946-07-07 00:00:00,0.0730298969823098,-0.1327429642833356,0.2788027582479553,12.217,57.1
16987,1946-07-08 00:00:00,-0.0701474372060077,-0.2757836140876385,0.1354887396756231,12.217,57.1
16988,1946-07-09 00:00:00,-0.044157381057722,-0.2496821315346817,0.1613673694192376,12.217,57.1
16989,1946-07-10 00:00:00,-0.0191677766207188,-0.2247226234358406,0.1863870701944028,12.217,57.1
16990,1946-07-11 00:00:00,0.0167352881129437,-0.188989345748751,0.2224599219746385,12.217,57.1
16991,1946-07-12 00:00:00,-0.0047921397813343,-0.2106239701338515,0.2010396905711829,12.217,57.1
16992,1946-07-13 00:00:00,-0.0054825163560301,-0.2111047330120241,0.2001397002999638,12.217,57.1
16993,1946-07-14 00:00:00,0.0293175382656515,-0.1762498310919804,0.2348849076232835,12.217,57.1
16994,1946-07-15 00:00:00,0.1069739682086007,-0.0985858426300216,0.312533779047223,12.217,57.1
16995,1946-07-16 00:00:00,0.1200501236398945,-0.0857807690927218,0.3258810163725109,12.217,57.1
16996,1946-07-17 00:00:00,0.0487153260193852,-0.1571843999157745,0.254615051954545,12.217,57.1
16997,1946-07-18 00:00:00,0.0861084215752318,-0.1194600548357351,0.2916768979861987,12.217,57.1
16998,1946-07-19 00:00:00,0.0337577033798626,-0.1718699413352145,0.2393853480949397,12.217,57.1
16999,1946-07-20 00:00:00,0.080908295748981,-0.1245719386249263,0.2863885301228884,12.217,57.1
17000,1946-07-21 00:00:00,0.0765313394588109,-0.1289361673539076,0.2819988462715294,12.217,57.1
17001,1946-07-22 00:00:00,0.0801510205317976,-0.1253069497916593,0.2856089908552547,12.217,57.1
17002,1946-07-23 00:00:00,0.1032470521941858,-0.1021714011451185,0.3086655055334902,12.217,57.1
17003,1946-07-24 00:00:00,0.0822020821961085,-0.1232683321599662,0.2876724965521834,12.217,57.1
17004,1946-07-25 00:00:00,0.0901112749391685,-0.1156780652917226,0.2959006151700598,12.217,57.1
17005,1946-07-26 00:00:00,0.0624861314606287,-0.1434109229537909,0.2683831858750484,12.217,57.1
17006,1946-07-27 00:00:00,0.0249856384763577,-0.1807593794838635,0.230730656436579,12.217,57.1
17007,1946-07-28 00:00:00,0.0422383899964702,-0.1663331603027153,0.2508099402956558,12.217,57.1
17008,1946-07-29 00:00:00,0.0939734987342809,-0.1123271087605974,0.3002741062291593,12.217,57.1
17009,1946-07-30 00:00:00,0.1500796538077734,-0.0557332931116221,0.3558926007271691,12.217,57.1
17010,1946-07-31 00:00:00,0.2063007380594046,0.0003331579191059,0.4122683181997033,12.217,57.1
17011,1946-08-01 00:00:00,0.3286687229734669,0.122189204629542,0.5351482413173918,12.217,57.1
17012,1946-08-02 00:00:00,0.2944883220865638,0.0879626696300222,0.5010139745431054,12.217,57.1
17013,1946-08-03 00:00:00,0.1986243603828321,-0.0070884285801677,0.404337149345832,12.217,57.1
17014,1946-08-04 00:00:00,0.1271808038664382,-0.0783276861214284,0.3326892938543048,12.217,57.1
17015,1946-08-05 00:00:00,0.1089419822286945,-0.0965746306153962,0.3144585950727853,12.217,57.1
17016,1946-08-06 00:00:00,0.05824679338321,-0.1472398545934744,0.2637334413598946,12.217,57.1
17017,1946-08-07 00:00:00,0.0735634701482709,-0.1319322893685292,0.2790592296650712,12.217,57.1
17018,1946-08-08 00:00:00,0.0950013222474721,-0.1104850452911361,0.3004876897860805,12.217,57.1
17019,1946-08-09 00:00:00,0.1348867658392369,-0.0706027600073828,0.3403762916858567,12.217,57.1
17020,1946-08-10 00:00:00,0.2111728021087224,0.0052431592984289,0.4171024449190159,12.217,57.1
17021,1946-08-11 00:00:00,0.1814060524371003,-0.0252929602730548,0.3881050651472555,12.217,57.1
17022,1946-08-12 00:00:00,0.0835222919613237,-0.1250131026941346,0.292057686616782,12.217,57.1
17023,1946-08-13 00:00:00,0.0730612257544986,-0.1330646847939009,0.2791871363028981,12.217,57.1
17024,1946-08-14 00:00:00,0.2122247060957438,0.0057298447665321,0.4187195674249555,12.217,57.1
17025,1946-08-15 00:00:00,0.3564216725351964,0.1496055394632598,0.5632378056071331,12.217,57.1
17026,1946-08-16 00:00:00,0.1009262861687311,-0.105245349649026,0.3070979219864883,12.217,57.1
17027,1946-08-17 00:00:00,0.0852402994052063,-0.1201877363724838,0.2906683351828966,12.217,57.1
17028,1946-08-18 00:00:00,0.0683551949275113,-0.1371021877288659,0.2738125775838887,12.217,57.1
17029,1946-08-19 00:00:00,0.0295299019680978,-0.1760045517755962,0.235064355711792,12.217,57.1
17030,1946-08-20 00:00:00,0.0287270382403382,-0.1767527925242616,0.2342068690049381,12.217,57.1
17031,1946-08-21 00:00:00,-0.0200099876182218,-0.2255847704922904,0.1855647952558467,12.217,57.1
17032,1946-08-22 00:00:00,0.0156469493576582,-0.1898430519988207,0.2211369507141372,12.217,57.1
17033,1946-08-23 00:00:00,-0.0008892271156561,-0.2063395657571314,0.2045611115258191,12.217,57.1
17034,1946-08-24 00:00:00,0.006105069025126,-0.1993088161653357,0.2115189542155878,12.217,57.1
17035,1946-08-25 00:00:00,0.0197250946490967,-0.1857579192331994,0.2252081085313929,12.217,57.1
17036,1946-08-26 00:00:00,0.003902267826947,-0.201879292140073,0.2096838277939671,12.217,57.1
17037,1946-08-27 00:00:00,-0.0022405666256134,-0.2079494485911112,0.2034683153398843,12.217,57.1
17038,1946-08-28 00:00:00,0.0255146639081831,-0.1801079722325282,0.2311373000488944,12.217,57.1
17039,1946-08-29 00:00:00,0.0679158118393115,-0.1377109904097429,0.2735426140883661,12.217,57.1
17040,1946-08-30 00:00:00,0.2127654022916208,0.0065638050932375,0.4189669994900041,12.217,57.1
17041,1946-08-31 00:00:00,0.0674723320151069,-0.1383910662704427,0.2733357303006566,12.217,57.1
17042,1946-09-01 00:00:00,0.0101807417081628,-0.1954672106098372,0.2158286940261628,12.217,57.1
17043,1946-09-02 00:00:00,0.1218073107167221,-0.0838926021107868,0.3275072235442311,12.217,57.1
17044,1946-09-03 00:00:00,0.1056553183302099,-0.0999184944851637,0.3112291311455837,12.217,57.1
17045,1946-09-04 00:00:00,0.1141850365423876,-0.0913879952382348,0.31975806832301,12.217,57.1
17046,1946-09-05 00:00:00,0.1307056518994708,-0.0747872452203585,0.3361985490193002,12.217,57.1
17047,1946-09-06 00:00:00,0.0814105491827067,-0.124185339780213,0.2870064381456266,12.217,57.1
17048,1946-09-07 00:00:00,0.1131439159834505,-0.0924800534975735,0.3187678854644745,12.217,57.1
17049,1946-09-08 00:00:00,0.0969714583593654,-0.1086952491250317,0.3026381658437625,12.217,57.1
17050,1946-09-09 00:00:00,0.1087425785001858,-0.0968316184548436,0.3143167754552152,12.217,57.1
17051,1946-09-10 00:00:00,0.0753054717013093,-0.1303938336914383,0.281004777094057,12.217,57.1
17052,1946-09-11 00:00:00,0.1884498264542984,-0.0173624263156481,0.394262079224245,12.217,57.1
17053,1946-09-12 00:00:00,0.1410372991161295,-0.0647161096612821,0.3467907078935411,12.217,57.1
17054,1946-09-13 00:00:00,0.0226886265559059,-0.1829880020178736,0.2283652551296854,12.217,57.1
17055,1946-09-14 00:00:00,0.1476347160579914,-0.0587401367488082,0.354009568864791,12.217,57.1
17056,1946-09-15 00:00:00,0.1477127108601259,-0.0587002940142558,0.3541257157345077,12.217,57.1
17057,1946-09-16 00:00:00,0.4331394036269582,0.226300211661413,0.6399785955925035,12.217,57.1
17058,1946-09-17 00:00:00,0.1126873484216227,-0.093696357974724,0.3190710548179695,12.217,57.1
17059,1946-09-18 00:00:00,0.1623191680289845,-0.0432695533711797,0.3679078894291487,12.217,57.1
17060,1946-09-19 00:00:00,0.173127994095085,-0.0336294956923962,0.3798854838825662,12.217,57.1
17061,1946-09-20 00:00:00,0.4745137970165168,0.2633184180868896,0.685709175946144,12.217,57.1
17062,1946-09-21 00:00:00,0.2226538817007818,0.0152255384158303,0.4300822249857333,12.217,57.1
17063,1946-09-22 00:00:00,0.1570673972402097,-0.0496338329429261,0.3637686274233456,12.217,57.1
17064,1946-09-23 00:00:00,0.148466570895799,-0.0575077624257413,0.3544409042173394,12.217,57.1
17065,1946-09-24 00:00:00,0.2617482572914185,0.0558041503268744,0.4676923642559625,12.217,57.1
17066,1946-09-25 00:00:00,0.2140751428735286,0.0084522004055258,0.4196980853415314,12.217,57.1
17067,1946-09-26 00:00:00,0.0535387565875224,-0.1520129206235067,0.2590904337985517,12.217,57.1
17068,1946-09-27 00:00:00,0.0141895823583414,-0.1912948478011785,0.2196740125178614,12.217,57.1
17069,1946-09-28 00:00:00,0.0292988636516298,-0.1761729528772939,0.2347706801805537,12.217,57.1
17070,1946-09-29 00:00:00,-0.0206584594236906,-0.2262224096085205,0.1849054907611392,12.217,57.1
17071,1946-09-30 00:00:00,-0.054041056745393,-0.2596812566915191,0.151599143200733,12.217,57.1
17072,1946-10-01 00:00:00,-0.0524648872815366,-0.2581883697915636,0.1532585952284904,12.217,57.1
17073,1946-10-02 00:00:00,-0.0471019000338396,-0.2528870830889906,0.1586832830213113,12.217,57.1
17074,1946-10-03 00:00:00,-0.0502980259231213,-0.2562132185105291,0.1556171666642863,12.217,57.1
17075,1946-10-04 00:00:00,0.068557613156083,-0.1376423280717271,0.2747575543838933,12.217,57.1
17076,1946-10-05 00:00:00,0.175056323419358,-0.0319021183432487,0.3820147651819648,12.217,57.1
17077,1946-10-06 00:00:00,0.1163831802871395,-0.0898463418280043,0.3226127024022834,12.217,57.1
17078,1946-10-07 00:00:00,-0.0444413460227106,-0.2526385248715476,0.1637558328261262,12.217,57.1
17079,1946-10-08 00:00:00,-0.2063112683838522,-0.4134445459946952,0.0008220092269909,12.217,57.1
17080,1946-10-09 00:00:00,-0.2141566434328904,-0.4203322441788557,-0.007981042686925,12.217,57.1
17081,1946-10-10 00:00:00,-0.163400259010871,-0.3691337570322718,0.0423332390105297,12.217,57.1
17082,1946-10-11 00:00:00,-0.1284066178932061,-0.334035036357855,0.0772218005714427,12.217,57.1
17083,1946-10-12 00:00:00,-0.0386501904401107,-0.2443552666974386,0.1670548858172171,12.217,57.1
17084,1946-10-13 00:00:00,-0.0054854505650888,-0.2111328217972296,0.2001619206670519,12.217,57.1
17085,1946-10-14 00:00:00,0.0276881681559416,-0.1779352959902271,0.2333116323021105,12.217,57.1
17086,1946-10-15 00:00:00,0.1119305811927625,-0.0941973085810624,0.3180584709665875,12.217,57.1
17087,1946-10-16 00:00:00,0.0448456660173307,-0.1611454347166057,0.2508367667512673,12.217,57.1
17088,1946-10-17 00:00:00,-0.0413889329306402,-0.2470969728998379,0.1643191070385575,12.217,57.1
17089,1946-10-18 00:00:00,-0.049348710979826,-0.2548085834551618,0.1561111614955097,12.217,57.1
17090,1946-10-19 00:00:00,-0.034250294965761,-0.2396920002104601,0.171191410278938,12.217,57.1
17091,1946-10-20 00:00:00,0.0400200921169545,-0.1654874123423427,0.2455275965762518,12.217,57.1
17092,1946-10-21 00:00:00,0.0598057466560068,-0.1457538514253026,0.2653653447373162,12.217,57.1
17093,1946-10-22 00:00:00,-0.0080855175838961,-0.213958066243764,0.1977870310759717,12.217,57.1
17094,1946-10-23 00:00:00,-0.1011306612792036,-0.3070226267689333,0.104761304210526,12.217,57.1
17095,1946-10-24 00:00:00,-0.1027614415280084,-0.3083646393584686,0.1028417563024517,12.217,57.1
17096,1946-10-25 00:00:00,-0.0745465345185877,-0.2800547582963876,0.1309616892592121,12.217,57.1
17097,1946-10-26 00:00:00,-0.0676729513307099,-0.2731139974918243,0.1377680948304044,12.217,57.1
17098,1946-10-27 00:00:00,0.0002976493254403,-0.2053677615594643,0.2059630602103448,12.217,57.1
17099,1946-10-28 00:00:00,0.1464744312827784,-0.0596230350430105,0.3525718976085674,12.217,57.1
17100,1946-10-29 00:00:00,-0.0062178045733062,-0.2123636739414406,0.199928064794828,12.217,57.1
17101,1946-10-30 00:00:00,-0.0893245727933571,-0.2955911066181949,0.1169419610314806,12.217,57.1
17102,1946-10-31 00:00:00,-0.1239213292444657,-0.3295485800195681,0.0817059215306366,12.217,57.1
17103,1946-11-01 00:00:00,-0.1424207623848036,-0.3481151173532403,0.0632735925836329,12.217,57.1
17104,1946-11-02 00:00:00,-0.0222885028382729,-0.2281292566782243,0.1835522510016783,12.217,57.1
17105,1946-11-03 00:00:00,0.083287986563991,-0.1227147169172542,0.2892906900452364,12.217,57.1
17106,1946-11-04 00:00:00,-0.0266337820662788,-0.2324097447335247,0.1791421806009671,12.217,57.1
17107,1946-11-05 00:00:00,-0.0762482091513369,-0.2819491186588567,0.1294527003561828,12.217,57.1
17108,1946-11-06 00:00:00,-0.0664851490623654,-0.2721463055544958,0.1391760074297649,12.217,57.1
17109,1946-11-07 00:00:00,-0.0169324646726932,-0.2225457885645929,0.1886808592192064,12.217,57.1
17110,1946-11-08 00:00:00,-0.0060272278391048,-0.2120198379369809,0.1999653822587712,12.217,57.1
17111,1946-11-09 00:00:00,-0.0127919063228201,-0.2186779898515137,0.1930941772058733,12.217,57.1
17112,1946-11-10 00:00:00,-0.0173595097248766,-0.223026506895327,0.1883074874455738,12.217,57.1
17113,1946-11-11 00:00:00,-0.0035145180998484,-0.2092873345939495,0.2022582983942526,12.217,57.1
17114,1946-11-12 00:00:00,0.0853026267657691,-0.1203873079217612,0.2909925614532995,12.217,57.1
17115,1946-11-13 00:00:00,0.3127013764227521,0.1063857571871417,0.5190169956583623,12.217,57.1
17116,1946-11-14 00:00:00,0.3242125630589978,0.1161024341775789,0.5323226919404167,12.217,57.1
17117,1946-11-15 00:00:00,0.0645028117797786,-0.1425809635370364,0.2715865870965936,12.217,57.1
17118,1946-11-16 00:00:00,0.0606250563744346,-0.1450520736369689,0.2663021863858382,12.217,57.1
17119,1946-11-17 00:00:00,0.0375570751304101,-0.1680636916044323,0.2431778418652526,12.217,57.1
17120,1946-11-18 00:00:00,0.2152551077440466,0.0085744998502649,0.4219357156378282,12.217,57.1
17121,1946-11-19 00:00:00,0.0868485132507297,-0.1208068926078405,0.2945039191093001,12.217,57.1
17122,1946-11-20 00:00:00,0.0542359777027819,-0.1521251903147186,0.2605971457202826,12.217,57.1
17123,1946-11-21 00:00:00,0.0770986268010708,-0.1286991425307657,0.2828963961329074,12.217,57.1
17124,1946-11-22 00:00:00,0.270071711989448,0.063508052688432,0.4766353712904641,12.217,57.1
17125,1946-11-23 00:00:00,0.2170294329251201,0.0109924240702863,0.4230664417799539,12.217,57.1
17126,1946-11-24 00:00:00,0.1363304250671825,-0.0702964999722768,0.3429573501066418,12.217,57.1
17127,1946-11-25 00:00:00,0.1800981905965859,-0.0264351568397755,0.3866315380329473,12.217,57.1
17128,1946-11-26 00:00:00,0.2634867301698646,0.0572349741825361,0.4697384861571931,12.217,57.1
17129,1946-11-27 00:00:00,0.2038928374932782,-0.0018347436934518,0.4096204186800083,12.217,57.1
17130,1946-11-28 00:00:00,0.178112564822594,-0.0284272794432485,0.3846524090884367,12.217,57.1
17131,1946-11-29 00:00:00,0.187890214280181,-0.0188088832382536,0.3945893117986158,12.217,57.1
17132,1946-11-30 00:00:00,0.1715133631411874,-0.0344280298388801,0.377454756121255,12.217,57.1
17133,1946-12-01 00:00:00,0.2415007378781946,0.0357152329496771,0.447286242806712,12.217,57.1
17134,1946-12-02 00:00:00,0.1660106534704974,-0.0397958034922046,0.3718171104331995,12.217,57.1
17135,1946-12-03 00:00:00,0.3555166086571393,0.1489919362618636,0.5620412810524151,12.217,57.1
17136,1946-12-04 00:00:00,0.2457800927603376,0.0398677808914165,0.4516924046292587,12.217,57.1
17137,1946-12-05 00:00:00,0.0744437193533773,-0.1314589555829033,0.280346394289658,12.217,57.1
17138,1946-12-06 00:00:00,0.0016957382747571,-0.203847578806688,0.2072390553562023,12.217,57.1
17139,1946-12-07 00:00:00,0.0141517752795471,-0.1913098222593642,0.2196133728184585,12.217,57.1
17140,1946-12-08 00:00:00,0.0620701426724948,-0.1433982904350191,0.2675385757800088,12.217,57.1
17141,1946-12-09 00:00:00,0.1032978579154203,-0.1023252902600623,0.3089210060909029,12.217,57.1
17142,1946-12-10 00:00:00,0.0647192918348782,-0.1416869993176049,0.2711255829873615,12.217,57.1
17143,1946-12-11 00:00:00,-0.0773958910992834,-0.2832928108078687,0.1285010286093017,12.217,57.1
17144,1946-12-12 00:00:00,-0.0186341119226677,-0.2242991567615889,0.1870309329162534,12.217,57.1
17145,1946-12-13 00:00:00,-0.0230417380199362,-0.2289963869723031,0.1829129109324306,12.217,57.1
17146,1946-12-14 00:00:00,-0.1673603743299169,-0.3734796142741292,0.0387588656142952,12.217,57.1
17147,1946-12-15 00:00:00,-0.241804438217423,-0.4477559874638206,-0.0358528889710255,12.217,57.1
17148,1946-12-16 00:00:00,-0.2707517908293672,-0.476610417227256,-0.0648931644314783,12.217,57.1
17149,1946-12-17 00:00:00,-0.2329520194782919,-0.438742372797913,-0.0271616661586707,12.217,57.1
17150,1946-12-18 00:00:00,-0.1478241663116045,-0.3537727963775677,0.0581244637543587,12.217,57.1
17151,1946-12-19 00:00:00,-0.069744455347229,-0.2755965855939311,0.136107674899473,12.217,57.1
17152,1946-12-20 00:00:00,-0.0347934510830632,-0.2405590296196411,0.1709721274535147,12.217,57.1
17153,1946-12-21 00:00:00,0.0069157493563458,-0.1986362715272611,0.2124677702399528,12.217,57.1
17154,1946-12-22 00:00:00,0.0683710593796057,-0.1372881568866804,0.2740302756458918,12.217,57.1
17155,1946-12-23 00:00:00,0.1778650221155326,-0.0280066471259375,0.3837366913570028,12.217,57.1
17156,1946-12-24 00:00:00,0.1733170249972592,-0.0326032152038894,0.3792372651984078,12.217,57.1
17157,1946-12-25 00:00:00,0.1102140550786762,-0.0952710772089589,0.3156991873663115,12.217,57.1
17158,1946-12-26 00:00:00,0.1852233530175335,-0.0213520634149216,0.3917987694499887,12.217,57.1
17159,1946-12-27 00:00:00,0.2848510928580283,0.0779851332245002,0.4917170524915565,12.217,57.1
17160,1946-12-28 00:00:00,0.1692205932177419,-0.0365077079228711,0.374948894358355,12.217,57.1
17161,1946-12-29 00:00:00,0.043851907342007,-0.1617123769844676,0.2494161916684817,12.217,57.1
17162,1946-12-30 00:00:00,-0.0141102043279594,-0.2195854917815515,0.1913650831256326,12.217,57.1
17163,1946-12-31 00:00:00,0.0576191407746577,-0.1478989016772758,0.2631371832265914,12.217,57.1
17164,1947-01-01 00:00:00,0.1225406966321379,-0.0832284530350163,0.3283098462992923,12.217,57.1
17165,1947-01-02 00:00:00,0.0271213078012778,-0.1786910609388985,0.2329336765414541,12.217,57.1
17166,1947-01-03 00:00:00,-0.0107479637526937,-0.2164634175995586,0.1949674900941712,12.217,57.1
17167,1947-01-04 00:00:00,-0.0532311799476575,-0.2589753473095478,0.1525129874142327,12.217,57.1
17168,1947-01-05 00:00:00,-0.0683412264645047,-0.2742716284431393,0.1375891755141298,12.217,57.1
17169,1947-01-06 00:00:00,-0.0344087609486879,-0.2401724550546352,0.1713549331572592,12.217,57.1
17170,1947-01-07 00:00:00,-0.1020167837659684,-0.3078411306854072,0.1038075631534704,12.217,57.1
17171,1947-01-08 00:00:00,-0.0393108256820224,-0.2449560063022938,0.1663343549382489,12.217,57.1
17172,1947-01-09 00:00:00,-0.0199302485295884,-0.2255422585228884,0.1856817614637116,12.217,57.1
17173,1947-01-10 00:00:00,0.0009108304747164,-0.2048612611650683,0.2066829221145013,12.217,57.1
17174,1947-01-11 00:00:00,-0.097109970624116,-0.302900564790995,0.1086806235427628,12.217,57.1
17175,1947-01-12 00:00:00,0.0420805760947413,-0.1637647176279243,0.2479258698174071,12.217,57.1
17176,1947-01-13 00:00:00,0.1034479670480862,-0.1028008925969925,0.3096968266931651,12.217,57.1
17177,1947-01-14 00:00:00,0.2982654774031285,0.0915617995164322,0.5049691552898248,12.217,57.1
17178,1947-01-15 00:00:00,0.0807683550990497,-0.126350044972429,0.2878867551705285,12.217,57.1
17179,1947-01-16 00:00:00,0.2448332320638848,0.038514728230069,0.4511517358977007,12.217,57.1
17180,1947-01-17 00:00:00,0.2012023424763843,-0.0046724635073629,0.4070771484601315,12.217,57.1
17181,1947-01-18 00:00:00,0.4188084705522671,0.2120648959314034,0.6255520451731308,12.217,57.1
17182,1947-01-19 00:00:00,0.142858178147731,-0.0636682316661129,0.3493845879615749,12.217,57.1
17183,1947-01-20 00:00:00,-0.0909470768706296,-0.2971050006852506,0.1152108469439913,12.217,57.1
17184,1947-01-21 00:00:00,-0.0899053881076769,-0.2958082762665412,0.1159975000511874,12.217,57.1
17185,1947-01-22 00:00:00,-0.1235501126027201,-0.3297726772845573,0.082672452079117,12.217,57.1
17186,1947-01-23 00:00:00,-0.1389390624456082,-0.3456218463581181,0.0677437214669015,12.217,57.1
17187,1947-01-24 00:00:00,-0.1662116488251584,-0.3729347312485703,0.0405114335982534,12.217,57.1
17188,1947-01-25 00:00:00,-0.1331680949570458,-0.3391229750971311,0.0727867851830393,12.217,57.1
17189,1947-01-26 00:00:00,-0.1071038961425793,-0.3127322284179281,0.0985244361327694,12.217,57.1
17190,1947-01-27 00:00:00,-0.155717151698617,-0.3616109101518191,0.0501766067545851,12.217,57.1
17191,1947-01-28 00:00:00,-0.1323498680331399,-0.3384389755543538,0.0737392394880739,12.217,57.1
17192,1947-01-29 00:00:00,-0.0836184996879883,-0.2893828088304969,0.1221458094545202,12.217,57.1
17193,1947-01-30 00:00:00,-0.0762145081837774,-0.2816719526844547,0.1292429363168999,12.217,57.1
17194,1947-01-31 00:00:00,-0.0199691693611852,-0.2254462204614416,0.1855078817390711,12.217,57.1
17195,1947-02-01 00:00:00,-0.0447930148423052,-0.2503502160885586,0.1607641864039481,12.217,57.1
17196,1947-02-02 00:00:00,-0.0726339204070157,-0.2783102771425865,0.1330424363285549,12.217,57.1
17197,1947-02-03 00:00:00,-0.0265138313057903,-0.2322486009826907,0.17922093837111,12.217,57.1
17198,1947-02-04 00:00:00,-0.0591980262707497,-0.2652154106926073,0.1468193581511078,12.217,57.1
17199,1947-02-05 00:00:00,-0.1318412129451728,-0.3383149523211143,0.0746325264307686,12.217,57.1
17200,1947-02-06 00:00:00,-0.0997524381363733,-0.3062376402747223,0.1067327640019755,12.217,57.1
17201,1947-02-07 00:00:00,-0.0952905289903322,-0.3010303305311723,0.1104492725505078,12.217,57.1
17202,1947-02-08 00:00:00,-0.0237413191176135,-0.2293697377158508,0.1818870994806237,12.217,57.1
17203,1947-02-09 00:00:00,-0.1779212151614567,-0.3848282144733229,0.0289857841504093,12.217,57.1
17204,1947-02-10 00:00:00,-0.1998561793444634,-0.4071616444151472,0.0074492857262202,12.217,57.1
17205,1947-02-11 00:00:00,-0.191439004046702,-0.3983819305559732,0.0155039224625692,12.217,57.1
17206,1947-02-12 00:00:00,-0.1384121412239818,-0.3451034657906741,0.0682791833427104,12.217,57.1
17207,1947-02-13 00:00:00,-0.0867087052015874,-0.292742678741013,0.119325268337838,12.217,57.1
17208,1947-02-14 00:00:00,-0.0983815911344429,-0.3039603658100602,0.1071971835411743,12.217,57.1
17209,1947-02-15 00:00:00,-0.1383590675296394,-0.3439807235330871,0.0672625884738082,12.217,57.1
17210,1947-02-16 00:00:00,-0.1476551014527894,-0.3533961509797524,0.0580859480741735,12.217,57.1
17211,1947-02-17 00:00:00,-0.1018289636703256,-0.3076495998067357,0.1039916724660844,12.217,57.1
17212,1947-02-18 00:00:00,-0.0518796040655232,-0.2576432230047159,0.1538840148736694,12.217,57.1
17213,1947-02-19 00:00:00,-0.114058775290217,-0.3199776820047084,0.0918601314242743,12.217,57.1
17214,1947-02-20 00:00:00,-0.1452633167485512,-0.3517293209947914,0.061202687497689,12.217,57.1
17215,1947-02-21 00:00:00,-0.0810822581864665,-0.2872437857813421,0.1250792694084089,12.217,57.1
17216,1947-02-22 00:00:00,-0.0185387088073823,-0.2243563891116848,0.18727897149692,12.217,57.1
17217,1947-02-23 00:00:00,0.0263341414432764,-0.1797883553834689,0.2324566382700217,12.217,57.1
17218,1947-02-24 00:00:00,-0.0155688781998103,-0.2215731522276816,0.1904353958280608,12.217,57.1
17219,1947-02-25 00:00:00,0.1000893280555709,-0.1058291799695759,0.3060078360807179,12.217,57.1
17220,1947-02-26 00:00:00,-0.0210466006944797,-0.2267873052906568,0.1846941039016974,12.217,57.1
17221,1947-02-27 00:00:00,-0.0281444873564044,-0.2338620925542892,0.1775731178414804,12.217,57.1
17222,1947-02-28 00:00:00,-0.1033411038802589,-0.3105287205206283,0.1038465127601104,12.217,57.1
17223,1947-03-01 00:00:00,-0.050058895708223,-0.2585028909793287,0.1583850995628826,12.217,57.1
17224,1947-03-02 00:00:00,0.0827261016890619,-0.126010745576909,0.291462948955033,12.217,57.1
17225,1947-03-03 00:00:00,-0.0120431955913359,-0.2188315139376797,0.1947451227550077,12.217,57.1
17226,1947-03-04 00:00:00,0.105952320826107,-0.09979425753487,0.3116988991870841,12.217,57.1
17227,1947-03-05 00:00:00,0.126592009080792,-0.0790105439035783,0.3321945620651624,12.217,57.1
17228,1947-03-06 00:00:00,0.0220887873130134,-0.1837844731554976,0.2279620477815244,12.217,57.1
17229,1947-03-07 00:00:00,-0.0779023588332482,-0.2838346178829202,0.1280299002164237,12.217,57.1
17230,1947-03-08 00:00:00,0.0173856775121595,-0.1898167726560574,0.2245881276803765,12.217,57.1
17231,1947-03-09 00:00:00,0.0639801450503534,-0.1442028580144636,0.2721631481151706,12.217,57.1
17232,1947-03-10 00:00:00,-0.0021271157862711,-0.2081373504186972,0.2038831188461549,12.217,57.1
17233,1947-03-11 00:00:00,0.020208866271466,-0.1856138581843249,0.2260315907272569,12.217,57.1
17234,1947-03-12 00:00:00,-0.0458146081206155,-0.2526817711488389,0.1610525549076079,12.217,57.1
17235,1947-03-13 00:00:00,0.0142032905644305,-0.1924746601447584,0.2208812412736194,12.217,57.1
17236,1947-03-14 00:00:00,0.0999214652665938,-0.1060622396602715,0.3059051701934592,12.217,57.1
17237,1947-03-15 00:00:00,0.1390973458712785,-0.0678596282444634,0.3460543199870205,12.217,57.1
17238,1947-03-16 00:00:00,0.0326985335305164,-0.1734714603136514,0.2388685273746844,12.217,57.1
17239,1947-03-17 00:00:00,0.1437419604834157,-0.0622515257349646,0.3497354467017961,12.217,57.1
17240,1947-03-18 00:00:00,0.1814092357903431,-0.0261662923915199,0.3889847639722062,12.217,57.1
17241,1947-03-19 00:00:00,0.0349050908373551,-0.1708386134772106,0.2406487951519209,12.217,57.1
17242,1947-03-20 00:00:00,0.1684052882210714,-0.037343093010221,0.3741536694523639,12.217,57.1
17243,1947-03-21 00:00:00,0.0682141980143338,-0.1373742763750449,0.2738026724037127,12.217,57.1
17244,1947-03-22 00:00:00,0.1353647955573615,-0.0709093483423132,0.3416389394570364,12.217,57.1
17245,1947-03-23 00:00:00,0.1370777147665232,-0.0703359549000305,0.344491384433077,12.217,57.1
17246,1947-03-24 00:00:00,0.2387985873904274,0.0331380407448402,0.4444591340360146,12.217,57.1
17247,1947-03-25 00:00:00,0.1271075328056677,-0.0785279545708659,0.3327430201822015,12.217,57.1
17248,1947-03-26 00:00:00,0.1789446089101804,-0.0268017556162164,0.3846909734365773,12.217,57.1
17249,1947-03-27 00:00:00,0.0840030609300656,-0.1217225212922625,0.2897286431523937,12.217,57.1
17250,1947-03-28 00:00:00,0.0702502812679184,-0.1356149878951195,0.2761155504309563,12.217,57.1
17251,1947-03-29 00:00:00,0.0915419631985223,-0.1140909926191447,0.2971749190161894,12.217,57.1
17252,1947-03-30 00:00:00,0.1394379589935284,-0.0662162608147872,0.3450921788018441,12.217,57.1
17253,1947-03-31 00:00:00,0.2106402739962313,0.0045772012495846,0.4167033467428779,12.217,57.1
17254,1947-04-01 00:00:00,0.0696992489093475,-0.1362611470120149,0.2756596448307101,12.217,57.1
17255,1947-04-02 00:00:00,0.1622342869392457,-0.0432734317181933,0.3677420055966848,12.217,57.1
17256,1947-04-03 00:00:00,0.1883499309275986,-0.0172978558045611,0.3939977176597584,12.217,57.1
17257,1947-04-04 00:00:00,0.2192725552990444,0.0135128091646628,0.425032301433426,12.217,57.1
17258,1947-04-05 00:00:00,0.0734273282744337,-0.1325100977955473,0.2793647543444148,12.217,57.1
17259,1947-04-06 00:00:00,0.0655618948216714,-0.1405696254529941,0.271693415096337,12.217,57.1
17260,1947-04-07 00:00:00,0.4327980240154137,0.2260055274535688,0.6395905205772586,12.217,57.1
17261,1947-04-08 00:00:00,0.5000131704275672,0.2921411841356596,0.7078851567194748,12.217,57.1
17262,1947-04-09 00:00:00,0.0866329619499131,-0.1200300711929851,0.2932959950928114,12.217,57.1
17263,1947-04-10 00:00:00,-0.045637722396956,-0.2517452768369531,0.160469832043041,12.217,57.1
17264,1947-04-11 00:00:00,-0.0720657887944066,-0.2778709970812949,0.1337394194924817,12.217,57.1
17265,1947-04-12 00:00:00,0.0033092813534639,-0.202350107857242,0.2089686705641699,12.217,57.1
17266,1947-04-13 00:00:00,-0.0178806335351933,-0.2242883454950811,0.1885270784246943,12.217,57.1
17267,1947-04-14 00:00:00,0.0044730860692563,-0.201135897550376,0.2100820696888887,12.217,57.1
17268,1947-04-15 00:00:00,0.142115865795839,-0.0635246849530119,0.34775641654469,12.217,57.1
17269,1947-04-16 00:00:00,0.1842149785364064,-0.021836875289578,0.3902668323623908,12.217,57.1
17270,1947-04-17 00:00:00,0.1534888818737915,-0.0523801741053949,0.3593579378529779,12.217,57.1
17271,1947-04-18 00:00:00,0.1927255282087415,-0.014303492555998,0.399754548973481,12.217,57.1
17272,1947-04-19 00:00:00,0.0153132995377018,-0.1909443379684996,0.2215709370439033,12.217,57.1
17273,1947-04-20 00:00:00,0.0951053779961408,-0.1104157248118568,0.3006264808041387,12.217,57.1
17274,1947-04-21 00:00:00,0.0983134952264858,-0.107529275513737,0.3041562659667087,12.217,57.1
17275,1947-04-22 00:00:00,0.161850921536294,-0.0458049403848937,0.3695067834574818,12.217,57.1
17276,1947-04-23 00:00:00,0.0912510630998968,-0.1169171527258577,0.2994192789256513,12.217,57.1
17277,1947-04-24 00:00:00,0.1861546066801317,-0.0209805298759568,0.3932897432362203,12.217,57.1
17278,1947-04-25 00:00:00,0.6011789614924743,0.3925428554727928,0.8098150675121558,12.217,57.1
17279,1947-04-26 00:00:00,0.119020465458224,-0.0887352409554713,0.3267761718719194,12.217,57.1
17280,1947-04-27 00:00:00,0.5258600264682933,0.3150110370500564,0.7367090158865301,12.217,57.1
17281,1947-04-28 00:00:00,0.1466004232823046,-0.0622105989732121,0.3554114455378214,12.217,57.1
17282,1947-04-29 00:00:00,0.3706025221414844,0.1646179304849621,0.5765871137980066,12.217,57.1
17283,1947-04-30 00:00:00,0.2347926456944554,0.0288783375728459,0.4407069538160649,12.217,57.1
17284,1947-05-01 00:00:00,0.0059212639834267,-0.2003952297376921,0.2122377577045456,12.217,57.1
17285,1947-05-02 00:00:00,-0.1054244469251992,-0.3127938305457572,0.1019449366953588,12.217,57.1
17286,1947-05-03 00:00:00,-0.130764521557353,-0.3366584702597539,0.0751294271450477,12.217,57.1
17287,1947-05-04 00:00:00,-0.1088721391257342,-0.3149687147396119,0.0972244364881435,12.217,57.1
17288,1947-05-05 00:00:00,-0.0738064787573803,-0.2800542686528004,0.1324413111380398,12.217,57.1
17289,1947-05-06 00:00:00,-0.0700569234859759,-0.2757631839679999,0.135649336996048,12.217,57.1
17290,1947-05-07 00:00:00,-0.0552357261861541,-0.2607465462259396,0.1502750938536314,12.217,57.1
17291,1947-05-08 00:00:00,-0.0291930483456821,-0.2346562999187824,0.1762702032274182,12.217,57.1
17292,1947-05-09 00:00:00,-0.0221224435768592,-0.2276110644325276,0.1833661772788091,12.217,57.1
17293,1947-05-10 00:00:00,-0.0383328419796926,-0.2438454540966388,0.1671797701372535,12.217,57.1
17294,1947-05-11 00:00:00,-0.0555538118730697,-0.2611389344934849,0.1500313107473454,12.217,57.1
17295,1947-05-12 00:00:00,-0.0082322479545205,-0.2137950656918055,0.1973305697827643,12.217,57.1
17296,1947-05-13 00:00:00,-0.0013518821888223,-0.2068658579747992,0.2041620935971546,12.217,57.1
17297,1947-05-14 00:00:00,0.0357766566324324,-0.1697641539296429,0.2413174671945078,12.217,57.1
17298,1947-05-15 00:00:00,0.0677424652348682,-0.1379444921613501,0.2734294226310866,12.217,57.1
17299,1947-05-16 00:00:00,0.060867016509169,-0.1447088421991277,0.2664428752174659,12.217,57.1
17300,1947-05-17 00:00:00,0.0433200749199911,-0.1622195450442543,0.2488596948842366,12.217,57.1
17301,1947-05-18 00:00:00,0.0644488672475454,-0.1410517087214882,0.2699494432165792,12.217,57.1
17302,1947-05-19 00:00:00,0.0417327117012575,-0.1639336629997536,0.2473990864022686,12.217,57.1
17303,1947-05-20 00:00:00,0.0051478321035998,-0.2003718145590131,0.2106674787662128,12.217,57.1
17304,1947-05-21 00:00:00,-0.0272296634560998,-0.2328185426419037,0.178359215729704,12.217,57.1
17305,1947-05-22 00:00:00,-0.0398005247970821,-0.2453501487576874,0.165749099163523,12.217,57.1
17306,1947-05-23 00:00:00,-0.0393091337901345,-0.2448205543690704,0.1662022867888014,12.217,57.1
17307,1947-05-24 00:00:00,0.0060603892794629,-0.1995263249406836,0.2116471034996097,12.217,57.1
17308,1947-05-25 00:00:00,0.0553485916892019,-0.1502319071684113,0.2609290905468153,12.217,57.1
17309,1947-05-26 00:00:00,0.0005588600466389,-0.2048901867715192,0.2060079068647971,12.217,57.1
17310,1947-05-27 00:00:00,0.0432714659465661,-0.162215753022342,0.2487586849154743,12.217,57.1
17311,1947-05-28 00:00:00,0.0484594321512739,-0.1571962511183664,0.2541151154209143,12.217,57.1
17312,1947-05-29 00:00:00,0.036965652996411,-0.1687163334115642,0.2426476394043863,12.217,57.1
17313,1947-05-30 00:00:00,0.0165548698658148,-0.1889559576849797,0.2220656974166094,12.217,57.1
17314,1947-05-31 00:00:00,0.0360328652064033,-0.1694665035063089,0.2415322339191156,12.217,57.1
17315,1947-06-01 00:00:00,0.0260407486603976,-0.1794738581645811,0.2315553554853763,12.217,57.1
17316,1947-06-02 00:00:00,0.0140255750835393,-0.1914566963353963,0.2195078465024749,12.217,57.1
17317,1947-06-03 00:00:00,0.0940434407780526,-0.1117639329866039,0.2998508145427093,12.217,57.1
17318,1947-06-04 00:00:00,0.068269672842303,-0.1376627528441937,0.2742020985287999,12.217,57.1
17319,1947-06-05 00:00:00,0.0879921851695015,-0.1178476836716322,0.2938320540106353,12.217,57.1
17320,1947-06-06 00:00:00,0.1938051299003999,-0.0123297508031094,0.3999400106039092,12.217,57.1
17321,1947-06-07 00:00:00,0.1740104128427378,-0.0319802863907784,0.3800011120762542,12.217,57.1
17322,1947-06-08 00:00:00,0.1801815327113717,-0.0255836850656641,0.3859467504884075,12.217,57.1
17323,1947-06-09 00:00:00,0.2296143163920037,0.0239242482984164,0.435304384485591,12.217,57.1
17324,1947-06-10 00:00:00,0.0529355121577926,-0.1528137249506713,0.2586847492662566,12.217,57.1
17325,1947-06-11 00:00:00,0.021048137600866,-0.1846639598647975,0.2267602350665296,12.217,57.1
17326,1947-06-12 00:00:00,0.0290678656409237,-0.1766507117515517,0.2347864430333992,12.217,57.1
17327,1947-06-13 00:00:00,0.0321428179528447,-0.1734546350728065,0.237740270978496,12.217,57.1
17328,1947-06-14 00:00:00,0.0755030295898339,-0.1303337773848244,0.2813398365644923,12.217,57.1
17329,1947-06-15 00:00:00,0.1013732633733281,-0.1041885181978835,0.3069350449445397,12.217,57.1
17330,1947-06-16 00:00:00,0.1380567269805776,-0.067653703907425,0.3437671578685803,12.217,57.1
17331,1947-06-17 00:00:00,0.107295539266206,-0.0985835341067535,0.3131746126391655,12.217,57.1
17332,1947-06-18 00:00:00,0.0106880038061376,-0.1950615527314233,0.2164375603436985,12.217,57.1
17333,1947-06-19 00:00:00,0.0037578910882282,-0.2017431547833287,0.2092589369597851,12.217,57.1
17334,1947-06-20 00:00:00,0.027953812192344,-0.1774674325231679,0.2333750569078559,12.217,57.1
17335,1947-06-21 00:00:00,0.0193416614468968,-0.1861286925616651,0.2248120154554587,12.217,57.1
17336,1947-06-22 00:00:00,0.043714851865865,-0.1617446431462919,0.2491743468780219,12.217,57.1
17337,1947-06-23 00:00:00,0.0480238336611618,-0.1574414652034346,0.2534891325257582,12.217,57.1
17338,1947-06-24 00:00:00,0.0130290949615929,-0.1926189279643894,0.2186771178875753,12.217,57.1
17339,1947-06-25 00:00:00,0.0808210212404634,-0.1248098666806541,0.2864519091615809,12.217,57.1
17340,1947-06-26 00:00:00,0.0750234141658313,-0.1306441413028451,0.2806909696345079,12.217,57.1
17341,1947-06-27 00:00:00,-0.0203342548390917,-0.2259929357377097,0.1853244260595261,12.217,57.1
17342,1947-06-28 00:00:00,-0.0262626176816329,-0.2317138324371767,0.1791885970739109,12.217,57.1
17343,1947-06-29 00:00:00,-0.0063139368000369,-0.2118516299600004,0.1992237563599265,12.217,57.1
17344,1947-06-30 00:00:00,0.0793709853985508,-0.1262100259384475,0.2849519967355493,12.217,57.1
17345,1947-07-01 00:00:00,-0.0100068421300944,-0.2156793781497838,0.195665693889595,12.217,57.1
17346,1947-07-02 00:00:00,0.0302935065620243,-0.175329098602286,0.2359161117263347,12.217,57.1
17347,1947-07-03 00:00:00,0.0588955594136863,-0.1466728671434637,0.2644639859708363,12.217,57.1
17348,1947-07-04 00:00:00,0.0819601954980837,-0.123654598650281,0.2875749896464485,12.217,57.1
17349,1947-07-05 00:00:00,0.0581611340395077,-0.1476069310303481,0.2639291991093637,12.217,57.1
17350,1947-07-06 00:00:00,0.2564296361308004,0.0498940327852956,0.4629652394763051,12.217,57.1
17351,1947-07-07 00:00:00,0.4167483683261424,0.2101007030473403,0.6233960336049446,12.217,57.1
17352,1947-07-08 00:00:00,0.1822321167071576,-0.0241020766191312,0.3885663100334465,12.217,57.1
17353,1947-07-09 00:00:00,0.212765509183328,0.007063295442323,0.418467722924333,12.217,57.1
17354,1947-07-10 00:00:00,0.2016546869224615,-0.0041275585457584,0.4074369323906815,12.217,57.1
17355,1947-07-11 00:00:00,0.1742116997510716,-0.0313855310243605,0.3798089305265039,12.217,57.1
17356,1947-07-12 00:00:00,0.1570074253105444,-0.0485604611558234,0.3625753117769123,12.217,57.1
17357,1947-07-13 00:00:00,0.1532759141228666,-0.0526692990525085,0.3592211272982417,12.217,57.1
17358,1947-07-14 00:00:00,0.0576368355603318,-0.1480702610626594,0.2633439321833232,12.217,57.1
17359,1947-07-15 00:00:00,0.000845491679595,-0.2046223009065488,0.2063132842657389,12.217,57.1
17360,1947-07-16 00:00:00,-0.0085264566981504,-0.213924278161039,0.1968713647647381,12.217,57.1
17361,1947-07-17 00:00:00,-0.0178053930955387,-0.2232783774925081,0.1876675913014306,12.217,57.1
17362,1947-07-18 00:00:00,-0.0625474540771151,-0.2680832050171172,0.1429882968628869,12.217,57.1
17363,1947-07-19 00:00:00,-0.0257664289862117,-0.2314733267709594,0.1799404687985359,12.217,57.1
17364,1947-07-20 00:00:00,-0.0275911832932391,-0.233424363274352,0.1782419966878737,12.217,57.1
17365,1947-07-21 00:00:00,0.00466959317861,-0.2008874933296736,0.2102266796868937,12.217,57.1
17366,1947-07-22 00:00:00,-0.0202387972843489,-0.2256730021594113,0.1851954075907134,12.217,57.1
17367,1947-07-23 00:00:00,-0.0301943432870032,-0.2356682370375933,0.1752795504635867,12.217,57.1
17368,1947-07-24 00:00:00,0.0341451112633124,-0.1712878075544789,0.2395780300811039,12.217,57.1
17369,1947-07-25 00:00:00,0.0547867919131989,-0.1507442319070984,0.2603178157334963,12.217,57.1
17370,1947-07-26 00:00:00,0.074922477722596,-0.1306432671007232,0.2804882225459153,12.217,57.1
17371,1947-07-27 00:00:00,0.0189365687449657,-0.1865808152737862,0.2244539527637177,12.217,57.1
17372,1947-07-28 00:00:00,0.0156084535805103,-0.1898508525162748,0.2210677596772955,12.217,57.1
17373,1947-07-29 00:00:00,0.0534819929500863,-0.1520223418069816,0.2589863277071544,12.217,57.1
17374,1947-07-30 00:00:00,0.0577820234630061,-0.1478473314297222,0.2634113783557346,12.217,57.1
17375,1947-07-31 00:00:00,0.0615957602658756,-0.1439881420495281,0.2671796625812795,12.217,57.1
17376,1947-08-01 00:00:00,0.1085760532117564,-0.0970972621332992,0.3142493685568122,12.217,57.1
17377,1947-08-02 00:00:00,0.0446691445905428,-0.1609197176401872,0.2502580068212728,12.217,57.1
17378,1947-08-03 00:00:00,0.008198274793748,-0.1972510226880132,0.2136475722755094,12.217,57.1
17379,1947-08-04 00:00:00,0.0804428975040355,-0.1250400789264675,0.2859258739345385,12.217,57.1
17380,1947-08-05 00:00:00,0.1130216246144694,-0.0924450106580101,0.3184882598869489,12.217,57.1
17381,1947-08-06 00:00:00,0.1007945232538264,-0.1047286994013468,0.3063177459089997,12.217,57.1
17382,1947-08-07 00:00:00,0.0725777881418766,-0.1330546063831869,0.2782101826669402,12.217,57.1
17383,1947-08-08 00:00:00,0.050289366459353,-0.1553201280415604,0.2558988609602665,12.217,57.1
17384,1947-08-09 00:00:00,0.0212052368068052,-0.184412010955916,0.2268224845695265,12.217,57.1
17385,1947-08-10 00:00:00,-0.0388429854217899,-0.2444524057621617,0.1667664349185819,12.217,57.1
17386,1947-08-11 00:00:00,-0.0494635527936801,-0.2550395263771023,0.156112420789742,12.217,57.1
17387,1947-08-12 00:00:00,-0.0289347561739366,-0.2345257540161074,0.1766562416682342,12.217,57.1
17388,1947-08-13 00:00:00,-0.0104949223998864,-0.2160043664038699,0.195014521604097,12.217,57.1
17389,1947-08-14 00:00:00,-0.0126163716573458,-0.2180884811595801,0.1928557378448884,12.217,57.1
17390,1947-08-15 00:00:00,-0.014002286569173,-0.2194289116468377,0.1914243385084915,12.217,57.1
17391,1947-08-16 00:00:00,-0.0303059929059151,-0.2357837212134474,0.1751717354016171,12.217,57.1
17392,1947-08-17 00:00:00,-0.0175116753231782,-0.223027717650042,0.1880043670036856,12.217,57.1
17393,1947-08-18 00:00:00,-0.0254528178231297,-0.2311341458164303,0.1802285101701708,12.217,57.1
17394,1947-08-19 00:00:00,-0.0171671134665626,-0.2228067614608877,0.1884725345277625,12.217,57.1
17395,1947-08-20 00:00:00,-0.0411325885890101,-0.246576869924033,0.1643116927460127,12.217,57.1
17396,1947-08-21 00:00:00,-0.0449605266317442,-0.2504713846963317,0.1605503314328431,12.217,57.1
17397,1947-08-22 00:00:00,-0.0671985802034788,-0.2728548304371722,0.1384576700302145,12.217,57.1
17398,1947-08-23 00:00:00,-0.0774543950611083,-0.2829923161000149,0.1280835259777981,12.217,57.1
17399,1947-08-24 00:00:00,-0.0813310671810054,-0.2869236437466398,0.124261509384629,12.217,57.1
17400,1947-08-25 00:00:00,-0.0836860473815854,-0.2892687484974698,0.121896653734299,12.217,57.1
17401,1947-08-26 00:00:00,-0.0901294114994647,-0.2956198172669471,0.1153609942680176,12.217,57.1
17402,1947-08-27 00:00:00,-0.0776229327899851,-0.2830774824130199,0.1278316168330495,12.217,57.1
17403,1947-08-28 00:00:00,-0.0494959307817077,-0.2549939928800478,0.1560021313166323,12.217,57.1
17404,1947-08-29 00:00:00,-0.0247533224604603,-0.2305306926467281,0.1810240477258075,12.217,57.1
17405,1947-08-30 00:00:00,-0.0431451623237945,-0.2489581954885693,0.1626678708409801,12.217,57.1
17406,1947-08-31 00:00:00,-0.0346831727857551,-0.240385665541613,0.1710193199701026,12.217,57.1
17407,1947-09-01 00:00:00,-0.0300346736471448,-0.2358273423364635,0.1757579950421738,12.217,57.1
17408,1947-09-02 00:00:00,-0.0390050936999202,-0.244858760354643,0.1668485729548025,12.217,57.1
17409,1947-09-03 00:00:00,-0.0281091141394764,-0.2336016472955946,0.1773834190166418,12.217,57.1
17410,1947-09-04 00:00:00,0.0133968175210679,-0.1921896377383921,0.2189832727805281,12.217,57.1
17411,1947-09-05 00:00:00,0.0281221780710298,-0.1773772331292064,0.233621589271266,12.217,57.1
17412,1947-09-06 00:00:00,0.0346546838006331,-0.170779932679455,0.2400893002807212,12.217,57.1
17413,1947-09-07 00:00:00,0.0512398916213371,-0.1541958962641244,0.2566756795067987,12.217,57.1
17414,1947-09-08 00:00:00,0.0640275920081234,-0.141479428420493,0.2695346124367399,12.217,57.1
17415,1947-09-09 00:00:00,0.1504452811809457,-0.0551190021891239,0.3560095645510154,12.217,57.1
17416,1947-09-10 00:00:00,0.3112761007802348,0.1027252253379996,0.51982697622247,12.217,57.1
17417,1947-09-11 00:00:00,0.3594786081615135,0.1481520181766941,0.5708051981463329,12.217,57.1
17418,1947-09-12 00:00:00,0.0693254052211103,-0.1370998819781097,0.2757506924203305,12.217,57.1
17419,1947-09-13 00:00:00,0.0584366527897331,-0.1470322457974096,0.2639055513768759,12.217,57.1
17420,1947-09-14 00:00:00,0.1007461767039616,-0.105457948665851,0.3069503020737744,12.217,57.1
17421,1947-09-15 00:00:00,0.1028110060585621,-0.1040114755072665,0.3096334876243908,12.217,57.1
17422,1947-09-16 00:00:00,0.0725189670077625,-0.133630847657987,0.2786687816735121,12.217,57.1
17423,1947-09-17 00:00:00,0.0763613876239278,-0.1293175455385926,0.2820403207864482,12.217,57.1
17424,1947-09-18 00:00:00,0.010378923024927,-0.1959649427506387,0.2167227888004927,12.217,57.1
17425,1947-09-19 00:00:00,-0.0899266171593661,-0.2957947925378005,0.1159415582190682,12.217,57.1
17426,1947-09-20 00:00:00,0.0425133675864457,-0.1636483942974549,0.2486751294703465,12.217,57.1
17427,1947-09-21 00:00:00,0.017657206007604,-0.1885312366608285,0.2238456486760365,12.217,57.1
17428,1947-09-22 00:00:00,0.0162296996217354,-0.1893802114213147,0.2218396106647856,12.217,57.1
17429,1947-09-23 00:00:00,0.1336533168213614,-0.0729281233292018,0.3402347569719247,12.217,57.1
17430,1947-09-24 00:00:00,0.1702015231759932,-0.0374246709577301,0.3778277173097165,12.217,57.1
17431,1947-09-25 00:00:00,0.054021070231351,-0.151655228206761,0.2596973686694631,12.217,57.1
17432,1947-09-26 00:00:00,-0.02320421413616,-0.228834498479839,0.182426070207519,12.217,57.1
17433,1947-09-27 00:00:00,-0.0268921798820534,-0.2325206994836062,0.1787363397194993,12.217,57.1
17434,1947-09-28 00:00:00,0.1149027644963636,-0.0911898293563925,0.3209953583491199,12.217,57.1
17435,1947-09-29 00:00:00,0.3427382256290019,0.1361506385893564,0.5493258126686474,12.217,57.1
17436,1947-09-30 00:00:00,0.1611731747866743,-0.0448267113578394,0.3671730609311882,12.217,57.1
17437,1947-10-01 00:00:00,0.0444755085509555,-0.1617103966247943,0.2506614137267054,12.217,57.1
17438,1947-10-02 00:00:00,0.0209048684935695,-0.1856078034479828,0.227417540435122,12.217,57.1
17439,1947-10-03 00:00:00,-0.0870283775111539,-0.2936613852039468,0.1196046301816388,12.217,57.1
17440,1947-10-04 00:00:00,0.2054115144644355,-0.000915630880302,0.4117386598091731,12.217,57.1
17441,1947-10-05 00:00:00,0.1024882542242469,-0.1039027514892158,0.3088792599377096,12.217,57.1
17442,1947-10-06 00:00:00,0.110949444609971,-0.0946389021535987,0.3165377913735409,12.217,57.1
17443,1947-10-07 00:00:00,0.1350718908610597,-0.070641162493601,0.3407849442157206,12.217,57.1
17444,1947-10-08 00:00:00,0.0082902526558775,-0.1974768326815844,0.2140573379933396,12.217,57.1
17445,1947-10-09 00:00:00,0.0555941233208129,-0.1499883690521927,0.2611766156938186,12.217,57.1
17446,1947-10-10 00:00:00,0.0221215460649973,-0.1834667989152046,0.2277098910451994,12.217,57.1
17447,1947-10-11 00:00:00,0.0137167810092735,-0.1917891448863908,0.2192227069049379,12.217,57.1
17448,1947-10-12 00:00:00,0.000505349223223,-0.205048530554938,0.2060592290013841,12.217,57.1
17449,1947-10-13 00:00:00,0.0537426168036948,-0.1519654080487649,0.2594506416561546,12.217,57.1
17450,1947-10-14 00:00:00,0.0355979130328631,-0.170137000965162,0.2413328270308883,12.217,57.1
17451,1947-10-15 00:00:00,0.0427429176072984,-0.1631435724729528,0.2486294076875497,12.217,57.1
17452,1947-10-16 00:00:00,0.1974431646364808,-0.008606465132412,0.4034927944053736,12.217,57.1
17453,1947-10-17 00:00:00,0.1765172024170441,-0.0314156889790069,0.3844500938130952,12.217,57.1
17454,1947-10-18 00:00:00,-0.0097825880114308,-0.2171341210650477,0.197568945042186,12.217,57.1
17455,1947-10-19 00:00:00,-0.1304490779352546,-0.3375360155980706,0.0766378597275613,12.217,57.1
17456,1947-10-20 00:00:00,0.0322182736393528,-0.1737132071205372,0.2381497543992429,12.217,57.1
17457,1947-10-21 00:00:00,0.0354039144066303,-0.1705454587469346,0.2413532875601953,12.217,57.1
17458,1947-10-22 00:00:00,0.0099541094173346,-0.1960534966144055,0.2159617154490748,12.217,57.1
17459,1947-10-23 00:00:00,-0.0461504600170275,-0.2521563604688321,0.1598554404347769,12.217,57.1
17460,1947-10-24 00:00:00,-0.06374565232366,-0.2693467917060531,0.141855487058733,12.217,57.1
17461,1947-10-25 00:00:00,-0.14119027054459,-0.3468060824983406,0.0644255414091606,12.217,57.1
17462,1947-10-26 00:00:00,-0.1122819380221424,-0.3179270920013428,0.093363215957058,12.217,57.1
17463,1947-10-27 00:00:00,-0.1198768396907788,-0.3253693179697857,0.085615638588228,12.217,57.1
17464,1947-10-28 00:00:00,-0.0866851103420444,-0.2921637910859249,0.1187935704018361,12.217,57.1
17465,1947-10-29 00:00:00,-0.0744125335678337,-0.2798852756753198,0.1310602085396524,12.217,57.1
17466,1947-10-30 00:00:00,-0.0935487896368204,-0.2990508739985341,0.1119532947248932,12.217,57.1
17467,1947-10-31 00:00:00,-0.044805444318038,-0.2503744924428536,0.1607636038067776,12.217,57.1
17468,1947-11-01 00:00:00,0.0065717282424194,-0.1990312110019242,0.2121746674867631,12.217,57.1
17469,1947-11-02 00:00:00,0.0152168942948228,-0.1903282445905879,0.2207620331802336,12.217,57.1
17470,1947-11-03 00:00:00,0.1489619318647255,-0.0569807383607464,0.3549046020901976,12.217,57.1
17471,1947-11-04 00:00:00,0.1972531483217322,-0.0086602600910987,0.4031665567345632,12.217,57.1
17472,1947-11-05 00:00:00,0.1354129588733087,-0.0703845072180394,0.3412104249646569,12.217,57.1
17473,1947-11-06 00:00:00,0.0261663423695327,-0.179966085228317,0.2322987699673824,12.217,57.1
17474,1947-11-07 00:00:00,-0.0506879613964193,-0.2568168274264027,0.155440904633564,12.217,57.1
17475,1947-11-08 00:00:00,-0.0738247106957306,-0.2799346630292763,0.132285241637815,12.217,57.1
17476,1947-11-09 00:00:00,0.0244879923639995,-0.1813265843103286,0.2303025690383278,12.217,57.1
17477,1947-11-10 00:00:00,0.2126469161538728,0.0061028488855179,0.4191909834222276,12.217,57.1
17478,1947-11-11 00:00:00,0.0518099865099648,-0.154601448890898,0.2582214219108278,12.217,57.1
17479,1947-11-12 00:00:00,0.1498826909388996,-0.0557642398509547,0.355529621728754,12.217,57.1
17480,1947-11-13 00:00:00,0.1780986191123172,-0.0277353641632014,0.3839326023878358,12.217,57.1
17481,1947-11-14 00:00:00,0.1359768348342455,-0.0699958786905708,0.3419495483590619,12.217,57.1
17482,1947-11-15 00:00:00,0.1188189056167848,-0.0870025231997575,0.3246403344333272,12.217,57.1
17483,1947-11-16 00:00:00,0.1067641688533805,-0.098947433012674,0.312475770719435,12.217,57.1
17484,1947-11-17 00:00:00,0.1163114451144127,-0.0893764739720441,0.3219993642008696,12.217,57.1
17485,1947-11-18 00:00:00,0.0200505623084804,-0.1856359255291866,0.2257370501461475,12.217,57.1
17486,1947-11-19 00:00:00,0.0709584574227704,-0.1346257514639157,0.2765426663094567,12.217,57.1
17487,1947-11-20 00:00:00,-0.0271490325067805,-0.2329190424940173,0.1786209774804563,12.217,57.1
17488,1947-11-21 00:00:00,0.1346479173521665,-0.0723067530513869,0.3416025877557199,12.217,57.1
17489,1947-11-22 00:00:00,0.2495804860686888,0.0419212006053761,0.4572397715320015,12.217,57.1
17490,1947-11-23 00:00:00,0.1769303443345573,-0.0291070642635667,0.3829677529326813,12.217,57.1
17491,1947-11-24 00:00:00,0.1475066714083842,-0.0585949736481283,0.3536083164648969,12.217,57.1
17492,1947-11-25 00:00:00,0.2824073591634837,0.0760666095225566,0.4887481088044108,12.217,57.1
17493,1947-11-26 00:00:00,0.1226745974235183,-0.0839720783900742,0.3293212732371109,12.217,57.1
17494,1947-11-27 00:00:00,0.0291563369886035,-0.1774933795076222,0.2358060534848294,12.217,57.1
17495,1947-11-28 00:00:00,0.0080849194397594,-0.1975780271852946,0.2137478660648136,12.217,57.1
17496,1947-11-29 00:00:00,-0.0239361215150055,-0.2295262301059119,0.1816539870759007,12.217,57.1
17497,1947-11-30 00:00:00,0.1019988128659453,-0.1054570683830607,0.3094546941149513,12.217,57.1
17498,1947-12-01 00:00:00,0.1251509376841384,-0.0820500933537783,0.3323519687220553,12.217,57.1
17499,1947-12-02 00:00:00,0.1404349251932667,-0.0653310511357575,0.346200901522291,12.217,57.1
17500,1947-12-03 00:00:00,0.0164333859873735,-0.1896880185539768,0.2225547905287239,12.217,57.1
17501,1947-12-04 00:00:00,0.0472158339063403,-0.1593290148141904,0.253760682626871,12.217,57.1
17502,1947-12-05 00:00:00,0.1166932054360475,-0.0891202634595956,0.3225066743316906,12.217,57.1
17503,1947-12-06 00:00:00,0.0921984537118249,-0.1134247716881327,0.2978216791117826,12.217,57.1
17504,1947-12-07 00:00:00,0.0069598633968852,-0.1986515747171047,0.2125713015108752,12.217,57.1
17505,1947-12-08 00:00:00,-0.0145207862438981,-0.2204665255465622,0.1914249530587659,12.217,57.1
17506,1947-12-09 00:00:00,-0.0578813993912237,-0.2637389959131435,0.147976197130696,12.217,57.1
17507,1947-12-10 00:00:00,-0.1185317046713144,-0.3244574602400382,0.0873940508974092,12.217,57.1
17508,1947-12-11 00:00:00,-0.1219425550916398,-0.3277003692511485,0.0838152590678689,12.217,57.1
17509,1947-12-12 00:00:00,6.633199736262585e-05,-0.2056188602263999,0.2057515242211251,12.217,57.1
17510,1947-12-13 00:00:00,0.0443494322912262,-0.1617490696990918,0.2504479342815444,12.217,57.1
17511,1947-12-14 00:00:00,0.0097907548017379,-0.1982514578940218,0.2178329674974977,12.217,57.1
17512,1947-12-15 00:00:00,-0.1487112365132135,-0.3558155748672327,0.0583931018408055,12.217,57.1
17513,1947-12-16 00:00:00,-0.0901475552600967,-0.2960096402108906,0.115714529690697,12.217,57.1
17514,1947-12-17 00:00:00,-0.0980287919500044,-0.3036167340117007,0.1075591501116918,12.217,57.1
17515,1947-12-18 00:00:00,-0.0664621836421218,-0.2723281552306786,0.1394037879464348,12.217,57.1
17516,1947-12-19 00:00:00,-0.0726214442281577,-0.278409617024584,0.1331667285682686,12.217,57.1
17517,1947-12-20 00:00:00,0.0577267756151805,-0.148043765401991,0.2634973166323521,12.217,57.1
17518,1947-12-21 00:00:00,0.0808620292679509,-0.1274194827037217,0.2891435412396236,12.217,57.1
17519,1947-12-22 00:00:00,0.0947498820393585,-0.1144237130011018,0.3039234770798189,12.217,57.1
17520,1947-12-23 00:00:00,0.0838934140833578,-0.1243523203682182,0.2921391485349339,12.217,57.1
17521,1947-12-24 00:00:00,0.0502735872054965,-0.155845031574978,0.2563922059859711,12.217,57.1
17522,1947-12-25 00:00:00,0.2554022516769451,0.0483149411586338,0.4624895621952563,12.217,57.1
17523,1947-12-26 00:00:00,0.488759970090066,0.2821546176799232,0.6953653225002089,12.217,57.1
17524,1947-12-27 00:00:00,0.2959713521116022,0.089716963544577,0.5022257406786274,12.217,57.1
17525,1947-12-28 00:00:00,0.2295727186472517,0.0233582553237824,0.4357871819707211,12.217,57.1
17526,1947-12-29 00:00:00,0.2818424537645103,0.0752162020804549,0.4884687054485657,12.217,57.1
17527,1947-12-30 00:00:00,0.1565006401030576,-0.0497834848429108,0.362784765049026,12.217,57.1
17528,1947-12-31 00:00:00,0.0241438734956956,-0.1833608792373875,0.2316486262287787,12.217,57.1
17529,1948-01-01 00:00:00,-0.0519319778622948,-0.2578367687609636,0.1539728130363738,12.217,57.1
17530,1948-01-02 00:00:00,0.1346856470578239,-0.0713053363496669,0.3406766304653148,12.217,57.1
17531,1948-01-03 00:00:00,0.1542973561947826,-0.0523396111072897,0.360934323496855,12.217,57.1
17532,1948-01-04 00:00:00,0.1453387545741227,-0.0607125004438341,0.3513900095920796,12.217,57.1
17533,1948-01-05 00:00:00,0.1525663755453974,-0.0533140690533683,0.3584468201441632,12.217,57.1
17534,1948-01-06 00:00:00,0.2730557365493348,0.0661302668267144,0.4799812062719551,12.217,57.1
17535,1948-01-07 00:00:00,0.3203785267812725,0.1124884953964256,0.5282685581661195,12.217,57.1
17536,1948-01-08 00:00:00,0.1612080286437111,-0.0455593145297827,0.3679753718172049,12.217,57.1
17537,1948-01-09 00:00:00,0.1716307980377663,-0.0365472368536715,0.3798088329292043,12.217,57.1
17538,1948-01-10 00:00:00,0.0402868772113883,-0.1677176654222291,0.2482914198450058,12.217,57.1
17539,1948-01-11 00:00:00,-0.0197248905852071,-0.226908221440826,0.1874584402704118,12.217,57.1
17540,1948-01-12 00:00:00,-0.0448652730348295,-0.2522298798712969,0.1624993338016379,12.217,57.1
17541,1948-01-13 00:00:00,0.3351608432660573,0.1269368038936547,0.5433848826384599,12.217,57.1
17542,1948-01-14 00:00:00,0.2815305669146714,0.0753596025345493,0.4877015312947935,12.217,57.1
17543,1948-01-15 00:00:00,0.1114162478783366,-0.0948513934011133,0.3176838891577866,12.217,57.1
17544,1948-01-16 00:00:00,0.0273304807622036,-0.1783996496413904,0.2330606111657976,12.217,57.1
17545,1948-01-17 00:00:00,0.0374942982085606,-0.168136863436772,0.2431254598538933,12.217,57.1
17546,1948-01-18 00:00:00,0.2213162149551238,0.0142873512653068,0.4283450786449408,12.217,57.1
17547,1948-01-19 00:00:00,0.3811841012456736,0.1717127198804559,0.5906554826108913,12.217,57.1
17548,1948-01-20 00:00:00,0.3210074378549125,0.1147288882240189,0.527285987485806,12.217,57.1
17549,1948-01-21 00:00:00,0.0659721468829528,-0.1400254335208602,0.2719697272867659,12.217,57.1
17550,1948-01-22 00:00:00,0.0822360712860371,-0.1232945855016404,0.2877667280737148,12.217,57.1
17551,1948-01-23 00:00:00,0.0824431796428181,-0.1230966526021401,0.2879830118877763,12.217,57.1
17552,1948-01-24 00:00:00,0.0285973172087384,-0.1769333212129429,0.2341279556304199,12.217,57.1
17553,1948-01-25 00:00:00,-0.0218017886019397,-0.2274625280314819,0.1838589508276023,12.217,57.1
17554,1948-01-26 00:00:00,0.0624846614083802,-0.1435599603912821,0.2685292832080426,12.217,57.1
17555,1948-01-27 00:00:00,0.1431994477723164,-0.0627044570661451,0.3491033526107781,12.217,57.1
17556,1948-01-28 00:00:00,0.096290217399077,-0.1095386972939159,0.3021191320920701,12.217,57.1
17557,1948-01-29 00:00:00,0.0922825855901002,-0.1133456286418913,0.2979107998220919,12.217,57.1
17558,1948-01-30 00:00:00,0.1486697929834959,-0.0569673602918112,0.3543069462588031,12.217,57.1
17559,1948-01-31 00:00:00,0.2207213102837736,0.0149486823250739,0.4264939382424734,12.217,57.1
17560,1948-02-01 00:00:00,0.4096194938099863,0.2032066160773128,0.6160323715426597,12.217,57.1
17561,1948-02-02 00:00:00,0.2193199891612096,0.0132447800870508,0.4253951982353683,12.217,57.1
17562,1948-02-03 00:00:00,0.3688634429538338,0.1624460057395689,0.5752808801680986,12.217,57.1
17563,1948-02-04 00:00:00,0.3603152015442317,0.1532332422959199,0.5673971607925434,12.217,57.1
17564,1948-02-05 00:00:00,0.1955007321842801,-0.0105668920046516,0.4015683563732118,12.217,57.1
17565,1948-02-06 00:00:00,0.0882390842864732,-0.1178514016497267,0.2943295702226731,12.217,57.1
17566,1948-02-07 00:00:00,0.2327815670337727,0.0267667865072752,0.4387963475602702,12.217,57.1
17567,1948-02-08 00:00:00,0.161219335146942,-0.0458004040175818,0.3682390743114658,12.217,57.1
17568,1948-02-09 00:00:00,0.0238679463899622,-0.1842525033333912,0.2319883961133157,12.217,57.1
17569,1948-02-10 00:00:00,0.0253293117540222,-0.1809903922603135,0.231649015768358,12.217,57.1
17570,1948-02-11 00:00:00,0.01792057225114,-0.1878374350075644,0.2236785795098445,12.217,57.1
17571,1948-02-12 00:00:00,0.0351260840346859,-0.1703503464620121,0.240602514531384,12.217,57.1
17572,1948-02-13 00:00:00,0.1313234440024242,-0.0743858097317533,0.3370326977366018,12.217,57.1
17573,1948-02-14 00:00:00,-0.0291773087615054,-0.2351590989294681,0.1768044814064571,12.217,57.1
17574,1948-02-15 00:00:00,-0.0268439328392751,-0.2323709537305997,0.1786830880520495,12.217,57.1
17575,1948-02-16 00:00:00,-0.086557323039967,-0.293325585486844,0.12021093940691,12.217,57.1
17576,1948-02-17 00:00:00,-0.1893573895785216,-0.3961156872439307,0.0174009080868874,12.217,57.1
17577,1948-02-18 00:00:00,-0.1938144881180877,-0.3996682746258763,0.0120392983897008,12.217,57.1
17578,1948-02-19 00:00:00,-0.2069078394577726,-0.4128674556204612,-0.0009482232950839,12.217,57.1
17579,1948-02-20 00:00:00,-0.2042065377320304,-0.4101852925300897,0.0017722170660289,12.217,57.1
17580,1948-02-21 00:00:00,-0.1165442826112621,-0.32231431521289,0.0892257499903657,12.217,57.1
17581,1948-02-22 00:00:00,-0.1129842807394831,-0.3188159872224095,0.0928474257434431,12.217,57.1
17582,1948-02-23 00:00:00,-0.0781134342502236,-0.2842369379027556,0.1280100694023083,12.217,57.1
17583,1948-02-24 00:00:00,-0.0768452034369035,-0.2826650091361249,0.1289746022623178,12.217,57.1
17584,1948-02-25 00:00:00,-0.0941517450420288,-0.2996918222231332,0.1113883321390755,12.217,57.1
17585,1948-02-26 00:00:00,-0.0780913375896036,-0.2835901875974987,0.1274075124182916,12.217,57.1
17586,1948-02-27 00:00:00,-0.0814649651929833,-0.2870003178832817,0.1240703874973149,12.217,57.1
17587,1948-02-28 00:00:00,-0.0589574770592742,-0.2646118590145033,0.1466969048959549,12.217,57.1
17588,1948-02-29 00:00:00,-0.0278471446608527,-0.2335612842159303,0.1778669948942248,12.217,57.1
17589,1948-03-01 00:00:00,-0.1275896113601472,-0.3332668215413892,0.0780875988210947,12.217,57.1
17590,1948-03-02 00:00:00,-0.1512040843314057,-0.3567288353529076,0.0543206666900962,12.217,57.1
17591,1948-03-03 00:00:00,-0.0843128854592214,-0.2898330748165383,0.1212073038980954,12.217,57.1
17592,1948-03-04 00:00:00,-0.1110251363850008,-0.3165560803598811,0.0945058075898793,12.217,57.1
17593,1948-03-05 00:00:00,-0.1000842179189753,-0.3056077826016456,0.1054393467636949,12.217,57.1
17594,1948-03-06 00:00:00,-0.0239101978218364,-0.229420371948812,0.1815999763051392,12.217,57.1
17595,1948-03-07 00:00:00,-0.0128073332096684,-0.2183552322543779,0.1927405658350411,12.217,57.1
17596,1948-03-08 00:00:00,0.0474360599522267,-0.1580650100859726,0.2529371299904261,12.217,57.1
17597,1948-03-09 00:00:00,0.175546421443217,-0.0301512956504916,0.3812441385369256,12.217,57.1
17598,1948-03-10 00:00:00,0.214767590594007,0.0088893255247313,0.4206458556632826,12.217,57.1
17599,1948-03-11 00:00:00,0.3612951440628681,0.1529090378744017,0.5696812502513346,12.217,57.1
17600,1948-03-12 00:00:00,0.0019256178023459,-0.2050259452449861,0.208877180849678,12.217,57.1
17601,1948-03-13 00:00:00,0.2243436162020703,0.0180319656097946,0.4306552667943459,12.217,57.1
17602,1948-03-14 00:00:00,0.0405408497399654,-0.166374608038714,0.2474563075186449,12.217,57.1
17603,1948-03-15 00:00:00,-0.0405539339222402,-0.2463434429382572,0.1652355750937768,12.217,57.1
17604,1948-03-16 00:00:00,0.109805438078766,-0.0959548202969915,0.3155656964545235,12.217,57.1
17605,1948-03-17 00:00:00,0.2691777156751654,0.0627522224039301,0.4756032089464006,12.217,57.1
17606,1948-03-18 00:00:00,0.1395314781643676,-0.0674345612189288,0.346497517547664,12.217,57.1
17607,1948-03-19 00:00:00,0.0646281904467113,-0.1412560060199189,0.2705123869133415,12.217,57.1
17608,1948-03-20 00:00:00,0.133403715352695,-0.0727037209101291,0.3395111516155191,12.217,57.1
17609,1948-03-21 00:00:00,0.331256141017654,0.124438181007822,0.538074101027486,12.217,57.1
17610,1948-03-22 00:00:00,0.3753225550152494,0.1691158962840398,0.581529213746459,12.217,57.1
17611,1948-03-23 00:00:00,0.4809084499491106,0.2725641022301429,0.6892527976680782,12.217,57.1
17612,1948-03-24 00:00:00,0.0790352893306645,-0.1282137136509728,0.2862842923123019,12.217,57.1
17613,1948-03-25 00:00:00,0.1398975751387711,-0.066071357636333,0.3458665079138754,12.217,57.1
17614,1948-03-26 00:00:00,0.0337478013853371,-0.1725485636195572,0.2400441663902315,12.217,57.1
17615,1948-03-27 00:00:00,-0.0306015407404594,-0.2361888145724738,0.174985733091555,12.217,57.1
17616,1948-03-28 00:00:00,-0.0413631288757551,-0.2468988925079006,0.1641726347563904,12.217,57.1
17617,1948-03-29 00:00:00,-0.0256349527315737,-0.2311412275825445,0.1798713221193971,12.217,57.1
17618,1948-03-30 00:00:00,0.0363571554073699,-0.1690996459691096,0.2418139567838496,12.217,57.1
17619,1948-03-31 00:00:00,0.1170836730491416,-0.0884583403722032,0.3226256864704866,12.217,57.1
17620,1948-04-01 00:00:00,0.2028172053392572,-0.00282078983425,0.4084552005127645,12.217,57.1
17621,1948-04-02 00:00:00,0.2055424943219612,-0.0018421746904764,0.4129271633343988,12.217,57.1
17622,1948-04-03 00:00:00,0.2458868801070265,0.0387815391810443,0.4529922210330088,12.217,57.1
17623,1948-04-04 00:00:00,0.3452799317384742,0.1376346628238398,0.5529252006531087,12.217,57.1
17624,1948-04-05 00:00:00,0.2275776210080063,0.0205543189498826,0.4346009230661301,12.217,57.1
17625,1948-04-06 00:00:00,0.1500670296920054,-0.0563070583715028,0.3564411177555137,12.217,57.1
17626,1948-04-07 00:00:00,0.1083492943658361,-0.0973905415614058,0.3140891302930781,12.217,57.1
17627,1948-04-08 00:00:00,0.1358717902468831,-0.0697591056201056,0.3415026861138719,12.217,57.1
17628,1948-04-09 00:00:00,0.2954110576778533,0.0890093655813343,0.5018127497743724,12.217,57.1
17629,1948-04-10 00:00:00,0.1365725280513096,-0.069887063061982,0.3430321191646013,12.217,57.1
17630,1948-04-11 00:00:00,0.0085145605001204,-0.1970821677226969,0.2141112887229379,12.217,57.1
17631,1948-04-12 00:00:00,-0.0618859482578113,-0.2674481828652258,0.143676286349603,12.217,57.1
17632,1948-04-13 00:00:00,-0.0184369981768578,-0.224145959683948,0.1872719633302323,12.217,57.1
17633,1948-04-14 00:00:00,0.1541359369228288,-0.0516953223402798,0.3599671961859374,12.217,57.1
17634,1948-04-15 00:00:00,0.0736586420343807,-0.1319536746422962,0.2792709587110578,12.217,57.1
17635,1948-04-16 00:00:00,0.0043914237940739,-0.2011936643540731,0.2099765119422211,12.217,57.1
17636,1948-04-17 00:00:00,-0.0232915473631338,-0.2288703297806525,0.1822872350543848,12.217,57.1
17637,1948-04-18 00:00:00,-0.0466836904216355,-0.2524937440706427,0.1591263632273716,12.217,57.1
17638,1948-04-19 00:00:00,0.0745202764966399,-0.131181024963122,0.2802215779564018,12.217,57.1
17639,1948-04-20 00:00:00,0.0385938413579925,-0.1669519384088713,0.2441396211248563,12.217,57.1
17640,1948-04-21 00:00:00,-0.059368631652987,-0.2654319154625306,0.1466946521565566,12.217,57.1
17641,1948-04-22 00:00:00,-0.0246952399064052,-0.2303555075399629,0.1809650277271525,12.217,57.1
17642,1948-04-23 00:00:00,0.0127236357505678,-0.1927937022202363,0.2182409737213721,12.217,57.1
17643,1948-04-24 00:00:00,-0.0311209914974659,-0.2368509676653358,0.1746089846704039,12.217,57.1
17644,1948-04-25 00:00:00,-0.074717699536453,-0.2803953081499653,0.1309599090770592,12.217,57.1
17645,1948-04-26 00:00:00,-0.0923917257240745,-0.2981824081178726,0.1133989566697235,12.217,57.1
17646,1948-04-27 00:00:00,0.0583923557521166,-0.1476071187189014,0.2643918302231346,12.217,57.1
17647,1948-04-28 00:00:00,0.3120342507301046,0.1060193732550709,0.5180491282051383,12.217,57.1
17648,1948-04-29 00:00:00,0.2858417714716667,0.0798100223224849,0.4918735206208484,12.217,57.1
17649,1948-04-30 00:00:00,0.1470802042626962,-0.0593496793845361,0.3535100879099286,12.217,57.1
17650,1948-05-01 00:00:00,0.1720603450342345,-0.0336341120202482,0.3777548020887173,12.217,57.1
17651,1948-05-02 00:00:00,0.2505306375322748,0.0437014695264414,0.4573598055381082,12.217,57.1
17652,1948-05-03 00:00:00,0.1070163820297418,-0.0999625414751062,0.3139953055345899,12.217,57.1
17653,1948-05-04 00:00:00,0.0136461816643626,-0.1921419056068236,0.219434268935549,12.217,57.1
17654,1948-05-05 00:00:00,0.0071308888740611,-0.1986896342263469,0.2129514119744693,12.217,57.1
17655,1948-05-06 00:00:00,0.037006115486247,-0.1686615095325743,0.2426737405050684,12.217,57.1
17656,1948-05-07 00:00:00,-0.0957361815745468,-0.3014263595706527,0.1099539964215591,12.217,57.1
17657,1948-05-08 00:00:00,-0.11309336186093,-0.3187429423258042,0.0925562186039441,12.217,57.1
17658,1948-05-09 00:00:00,-0.0905037854909972,-0.2962034305226471,0.1151958595406525,12.217,57.1
17659,1948-05-10 00:00:00,-0.0251178944647569,-0.2308141508776639,0.18057836194815,12.217,57.1
17660,1948-05-11 00:00:00,-0.0192514033143912,-0.2250799412355383,0.1865771346067557,12.217,57.1
17661,1948-05-12 00:00:00,0.0232544280125017,-0.1823119587751548,0.2288208148001583,12.217,57.1
17662,1948-05-13 00:00:00,0.0233485766593513,-0.1822251350091422,0.228922288327845,12.217,57.1
17663,1948-05-14 00:00:00,0.0475563360375732,-0.1579985980235823,0.2531112700987288,12.217,57.1
17664,1948-05-15 00:00:00,-0.0028743838009543,-0.2087016306191886,0.2029528630172798,12.217,57.1
17665,1948-05-16 00:00:00,-0.1046645161865953,-0.3103501329009154,0.1010211005277246,12.217,57.1
17666,1948-05-17 00:00:00,-0.0769731135139355,-0.2826897389728541,0.128743511944983,12.217,57.1
17667,1948-05-18 00:00:00,-0.0367309830217102,-0.2425211449873469,0.1690591789439263,12.217,57.1
17668,1948-05-19 00:00:00,-0.0348458272231802,-0.2405562209358098,0.1708645664894493,12.217,57.1
17669,1948-05-20 00:00:00,0.0137660335331975,-0.1920527704902287,0.2195848375566238,12.217,57.1
17670,1948-05-21 00:00:00,-0.0250301064071915,-0.235863117402665,0.185802904588282,12.217,57.1
17671,1948-05-22 00:00:00,0.0390783819138502,-0.167200280283732,0.2453570441114325,12.217,57.1
17672,1948-05-23 00:00:00,0.1999733580729254,-0.0059624182649901,0.405909134410841,12.217,57.1
17673,1948-05-24 00:00:00,0.1657222792566484,-0.0400188080059403,0.3714633665192371,12.217,57.1
17674,1948-05-25 00:00:00,0.1831754498941849,-0.0235973214909247,0.3899482212792946,12.217,57.1
17675,1948-05-26 00:00:00,0.0296190035525941,-0.177356781831223,0.2365947889364112,12.217,57.1
17676,1948-05-27 00:00:00,0.1712643314743583,-0.0348789835401386,0.3774076464888553,12.217,57.1
17677,1948-05-28 00:00:00,0.1602192810177225,-0.0466890941499889,0.367127656185434,12.217,57.1
17678,1948-05-29 00:00:00,0.0542088236212217,-0.1526401763120011,0.2610578235544445,12.217,57.1
17679,1948-05-30 00:00:00,0.0161802972873168,-0.1898758195617351,0.2222364141363688,12.217,57.1
17680,1948-05-31 00:00:00,-0.0458249756180885,-0.2517755557125777,0.1601256044764005,12.217,57.1
17681,1948-06-01 00:00:00,0.0246050344337627,-0.1809345266818768,0.2301445955494024,12.217,57.1
17682,1948-06-02 00:00:00,0.0933274662737421,-0.1122182368754333,0.2988731694229176,12.217,57.1
17683,1948-06-03 00:00:00,0.0992591391660266,-0.1062592361835721,0.3047775145156254,12.217,57.1
17684,1948-06-04 00:00:00,0.1701448913393947,-0.0354453572140143,0.3757351398928038,12.217,57.1
17685,1948-06-05 00:00:00,0.097686064562216,-0.107884428086336,0.303256557210768,12.217,57.1
17686,1948-06-06 00:00:00,0.0997225260459094,-0.1059365261755932,0.3053815782674122,12.217,57.1
17687,1948-06-07 00:00:00,0.0684648956446461,-0.1372788358919984,0.2742086271812906,12.217,57.1
17688,1948-06-08 00:00:00,0.0526218175391177,-0.1552053353268959,0.2604489704051314,12.217,57.1
17689,1948-06-09 00:00:00,0.0433129029934707,-0.1626541006349443,0.2492799066218858,12.217,57.1
17690,1948-06-10 00:00:00,0.0426728901857466,-0.1630351282947126,0.2483809086662058,12.217,57.1
17691,1948-06-11 00:00:00,-0.0526032470293049,-0.2581913916884253,0.1529848976298153,12.217,57.1
17692,1948-06-12 00:00:00,0.0005979601510786,-0.2050109700987949,0.2062068904009522,12.217,57.1
17693,1948-06-13 00:00:00,-0.0282997631100852,-0.2338803748314325,0.177280848611262,12.217,57.1
17694,1948-06-14 00:00:00,0.0220177868102193,-0.1837454285997691,0.2277810022202077,12.217,57.1
17695,1948-06-15 00:00:00,0.0733202927917703,-0.1322030935691179,0.2788436791526586,12.217,57.1
17696,1948-06-16 00:00:00,0.0705946650235725,-0.134943555025797,0.2761328850729422,12.217,57.1
17697,1948-06-17 00:00:00,0.1764665146099269,-0.0290382794588227,0.3819713086786767,12.217,57.1
17698,1948-06-18 00:00:00,0.1786862261654272,-0.0270118788562874,0.3843843311871419,12.217,57.1
17699,1948-06-19 00:00:00,0.1795862597830302,-0.0263305731859887,0.3855030927520492,12.217,57.1
17700,1948-06-20 00:00:00,0.1186812419204047,-0.0869173418576511,0.3242798256984606,12.217,57.1
17701,1948-06-21 00:00:00,0.0655741404034618,-0.139920810442458,0.2710690912493816,12.217,57.1
17702,1948-06-22 00:00:00,0.1368286517488124,-0.0687509292893985,0.3424082327870235,12.217,57.1
17703,1948-06-23 00:00:00,0.138726739305034,-0.0669212566367107,0.3443747352467788,12.217,57.1
17704,1948-06-24 00:00:00,0.0049130568176127,-0.2006908556989238,0.2105169693341492,12.217,57.1
17705,1948-06-25 00:00:00,0.0193539835311038,-0.1865923334410198,0.2253003005032275,12.217,57.1
17706,1948-06-26 00:00:00,0.1378481007279261,-0.0688826496605154,0.3445788511163677,12.217,57.1
17707,1948-06-27 00:00:00,0.1634665768920916,-0.0427770637317841,0.3697102175159673,12.217,57.1
17708,1948-06-28 00:00:00,0.1767743527183531,-0.0287672275910039,0.3823159330277103,12.217,57.1
17709,1948-06-29 00:00:00,0.0897131507989989,-0.1157322272208458,0.2951585288188437,12.217,57.1
17710,1948-06-30 00:00:00,0.046810568418722,-0.1587649533863793,0.2523860902238235,12.217,57.1
17711,1948-07-01 00:00:00,0.0478102058169194,-0.157761024563197,0.2533814361970359,12.217,57.1
17712,1948-07-02 00:00:00,0.0451402818663722,-0.160446217191453,0.2507267809241975,12.217,57.1
17713,1948-07-03 00:00:00,0.0100718603297228,-0.1954577554179012,0.215601476077347,12.217,57.1
17714,1948-07-04 00:00:00,0.1233137898069703,-0.0824740961080442,0.3291016757219849,12.217,57.1
17715,1948-07-05 00:00:00,0.1116475112069627,-0.0939588672946419,0.3172538897085674,12.217,57.1
17716,1948-07-06 00:00:00,0.0595707950963458,-0.1458828688770836,0.2650244590697754,12.217,57.1
17717,1948-07-07 00:00:00,0.0241868875543576,-0.1813270441640813,0.2297008192727967,12.217,57.1
17718,1948-07-08 00:00:00,0.0851509518541401,-0.1204739301007361,0.2907758338090164,12.217,57.1
17719,1948-07-09 00:00:00,0.0078230991060164,-0.1978747431266672,0.2135209413387002,12.217,57.1
17720,1948-07-10 00:00:00,-0.0252165680051126,-0.230812319982667,0.1803791839724418,12.217,57.1
17721,1948-07-11 00:00:00,0.0039406594784363,-0.2017209924470386,0.2096023114039114,12.217,57.1
17722,1948-07-12 00:00:00,0.0691183525740461,-0.1364867089168873,0.2747234140649796,12.217,57.1
17723,1948-07-13 00:00:00,0.1685832126880187,-0.0370383765760843,0.3742048019521217,12.217,57.1
17724,1948-07-14 00:00:00,0.1369550630001115,-0.0685656195197392,0.3424757455199623,12.217,57.1
17725,1948-07-15 00:00:00,0.0820439054057314,-0.1235622551635386,0.2876500659750015,12.217,57.1
17726,1948-07-16 00:00:00,0.0833369866850216,-0.122277545591491,0.2889515189615342,12.217,57.1
17727,1948-07-17 00:00:00,0.0904314761734603,-0.1150879309082809,0.2959508832552016,12.217,57.1
17728,1948-07-18 00:00:00,0.1240712207475934,-0.0814618136895552,0.3296042551847422,12.217,57.1
17729,1948-07-19 00:00:00,0.1047754684808228,-0.1007238707007018,0.3102748076623474,12.217,57.1
17730,1948-07-20 00:00:00,0.1113387915868664,-0.0941687546641584,0.3168463378378912,12.217,57.1
17731,1948-07-21 00:00:00,0.1475512834520917,-0.0580359768196172,0.3531385437238007,12.217,57.1
17732,1948-07-22 00:00:00,0.1571421242361169,-0.0495973761107085,0.3638816245829424,12.217,57.1
17733,1948-07-23 00:00:00,0.194423108121798,-0.0127353201891176,0.4015815364327136,12.217,57.1
17734,1948-07-24 00:00:00,0.0714131194549064,-0.1346221137267244,0.2774483526365372,12.217,57.1
17735,1948-07-25 00:00:00,-0.0089998821834854,-0.2145296990603712,0.1965299346934004,12.217,57.1
17736,1948-07-26 00:00:00,-0.0301200390394263,-0.2355726176400405,0.1753325395611877,12.217,57.1
17737,1948-07-27 00:00:00,-0.0122087436769962,-0.2177825061900466,0.193365018836054,12.217,57.1
17738,1948-07-28 00:00:00,0.0030260272948103,-0.2026047452735159,0.2086567998631367,12.217,57.1
17739,1948-07-29 00:00:00,-0.0048458269722304,-0.2103895527606353,0.2006978988161744,12.217,57.1
17740,1948-07-30 00:00:00,0.0110123848172182,-0.1944464582555239,0.2164712278899603,12.217,57.1
17741,1948-07-31 00:00:00,0.011364537202423,-0.1941520245080812,0.2168810989129273,12.217,57.1
17742,1948-08-01 00:00:00,0.0259477569579013,-0.179517059865383,0.2314125737811857,12.217,57.1
17743,1948-08-02 00:00:00,0.0741136870337033,-0.1313439855776035,0.2795713596450102,12.217,57.1
17744,1948-08-03 00:00:00,0.0958351736831505,-0.1097454283115542,0.3014157756778554,12.217,57.1
17745,1948-08-04 00:00:00,0.0361774512887306,-0.1694927201235367,0.2418476227009979,12.217,57.1
17746,1948-08-05 00:00:00,0.0592506492357797,-0.1463354609531658,0.2648367594247254,12.217,57.1
17747,1948-08-06 00:00:00,0.069819412536701,-0.1357063031305561,0.2753451282039581,12.217,57.1
17748,1948-08-07 00:00:00,0.0817178109649239,-0.1237262729250528,0.2871618948549006,12.217,57.1
17749,1948-08-08 00:00:00,0.2012423890938745,-0.0046642517249107,0.4071490299126599,12.217,57.1
17750,1948-08-09 00:00:00,0.1300122338690438,-0.0765202956946006,0.3365447634326883,12.217,57.1
17751,1948-08-10 00:00:00,0.2798341310006188,0.0728701975704292,0.4867980644308084,12.217,57.1
17752,1948-08-11 00:00:00,0.1505553738600183,-0.0551912917382202,0.356302039458257,12.217,57.1
17753,1948-08-12 00:00:00,0.0893852459790361,-0.1161328539526841,0.2949033459107564,12.217,57.1
17754,1948-08-13 00:00:00,0.0567716543081135,-0.1487448892189549,0.262288197835182,12.217,57.1
17755,1948-08-14 00:00:00,0.0093213541311605,-0.1964103118142808,0.2150530200766019,12.217,57.1
17756,1948-08-15 00:00:00,0.0172574378176335,-0.1894658616680356,0.2239807373033027,12.217,57.1
17757,1948-08-16 00:00:00,0.0977974311022684,-0.1080428739093133,0.3036377361138502,12.217,57.1
17758,1948-08-17 00:00:00,0.1312805348106583,-0.0742772901927061,0.3368383598140228,12.217,57.1
17759,1948-08-18 00:00:00,0.1272454736100979,-0.078204876487627,0.332695823707823,12.217,57.1
17760,1948-08-19 00:00:00,0.1390902913715299,-0.0664364017343612,0.344616984477421,12.217,57.1
17761,1948-08-20 00:00:00,0.0817109011969037,-0.1238880163780885,0.287309818771896,12.217,57.1
17762,1948-08-21 00:00:00,0.1514736374925509,-0.0541762180412969,0.3571234930263988,12.217,57.1
17763,1948-08-22 00:00:00,0.117844698902589,-0.0877124549770709,0.3234018527822491,12.217,57.1
17764,1948-08-23 00:00:00,0.1708237704647565,-0.0352411329975816,0.3768886739270948,12.217,57.1
17765,1948-08-24 00:00:00,0.2037583614881866,-0.0019559578358197,0.409472680812193,12.217,57.1
17766,1948-08-25 00:00:00,0.238849868780225,0.0331253071235554,0.4445744304368947,12.217,57.1
17767,1948-08-26 00:00:00,0.2005741905385414,-0.0053871144964646,0.4065354955735476,12.217,57.1
17768,1948-08-27 00:00:00,0.2290810152761608,0.022983011564145,0.4351790189881766,12.217,57.1
17769,1948-08-28 00:00:00,0.0788966488222829,-0.1269717956524544,0.2847650932970203,12.217,57.1
17770,1948-08-29 00:00:00,-0.0260844868560124,-0.2316493161170257,0.1794803424050007,12.217,57.1
17771,1948-08-30 00:00:00,0.0206636593881361,-0.1847927073554256,0.226120026131698,12.217,57.1
17772,1948-08-31 00:00:00,0.0409198761772341,-0.1645715379190075,0.2464112902734759,12.217,57.1
17773,1948-09-01 00:00:00,0.0938209470871634,-0.1117158685854937,0.2993577627598207,12.217,57.1
17774,1948-09-02 00:00:00,0.125380253520215,-0.0803346725889627,0.3310951796293928,12.217,57.1
17775,1948-09-03 00:00:00,0.1222759519937894,-0.083462498585278,0.3280144025728569,12.217,57.1
17776,1948-09-04 00:00:00,0.1486289970573838,-0.0570448976420139,0.3543028917567815,12.217,57.1
17777,1948-09-05 00:00:00,0.0771152882785011,-0.1285428617607639,0.2827734383177662,12.217,57.1
17778,1948-09-06 00:00:00,0.0119196892559848,-0.1939318876433875,0.2177712661553573,12.217,57.1
17779,1948-09-07 00:00:00,0.0501487529736597,-0.1558209987141634,0.2561185046614829,12.217,57.1
17780,1948-09-08 00:00:00,0.0901721736334712,-0.1159328682914702,0.2962772155584127,12.217,57.1
17781,1948-09-09 00:00:00,0.1081182239831016,-0.0981793453468879,0.3144157933130913,12.217,57.1
17782,1948-09-10 00:00:00,0.0160953830238527,-0.1897551153773957,0.2219458814251013,12.217,57.1
17783,1948-09-11 00:00:00,0.0783272667518493,-0.127217163538875,0.2838716970425737,12.217,57.1
17784,1948-09-12 00:00:00,0.1624170044494686,-0.0432756540972003,0.3681096629961375,12.217,57.1
17785,1948-09-13 00:00:00,0.134488423024488,-0.0714280399043356,0.3404048859533116,12.217,57.1
17786,1948-09-14 00:00:00,0.1205480380934058,-0.0851953636144547,0.3262914398012664,12.217,57.1
17787,1948-09-15 00:00:00,0.1821905305635775,-0.0243518362308616,0.3887328973580167,12.217,57.1
17788,1948-09-16 00:00:00,0.0398035418294699,-0.166371058602493,0.2459781422614328,12.217,57.1
17789,1948-09-17 00:00:00,0.2220665442780081,0.0156754989292471,0.4284575896267691,12.217,57.1
17790,1948-09-18 00:00:00,0.5504580946868265,0.3414388093471192,0.7594773800265338,12.217,57.1
17791,1948-09-19 00:00:00,0.4416761929226442,0.2264341607452124,0.656918225100076,12.217,57.1
17792,1948-09-20 00:00:00,0.4073237762269603,0.1997579377819792,0.6148896146719415,12.217,57.1
17793,1948-09-21 00:00:00,0.3550731647811058,0.1472626737672586,0.562883655794953,12.217,57.1
17794,1948-09-22 00:00:00,0.1850350339758043,-0.021709791643932,0.3917798595955407,12.217,57.1
17795,1948-09-23 00:00:00,0.1390228649403696,-0.0671423498948618,0.3451880797756012,12.217,57.1
17796,1948-09-24 00:00:00,0.0995405693850694,-0.1064053210596116,0.3054864598297504,12.217,57.1
17797,1948-09-25 00:00:00,0.0820322658739349,-0.1235065953835413,0.2875711271314112,12.217,57.1
17798,1948-09-26 00:00:00,0.0856807171940941,-0.1200047939611257,0.291366228349314,12.217,57.1
17799,1948-09-27 00:00:00,0.0906765190422176,-0.1151342972981694,0.2964873353826048,12.217,57.1
17800,1948-09-28 00:00:00,0.2196692277106253,0.0131216538209522,0.4262168016002985,12.217,57.1
17801,1948-09-29 00:00:00,0.2895718581742517,0.083138924272099,0.4960047920764043,12.217,57.1
17802,1948-09-30 00:00:00,0.3182068872541335,0.1120389893695406,0.5243747851387264,12.217,57.1
17803,1948-10-01 00:00:00,0.0406636063392931,-0.165756476619526,0.2470836892981124,12.217,57.1
17804,1948-10-02 00:00:00,0.104171403429202,-0.101783142640723,0.310125949499127,12.217,57.1
17805,1948-10-03 00:00:00,0.4621217696913601,0.2541307737369709,0.6701127656457493,12.217,57.1
17806,1948-10-04 00:00:00,0.27303299710502,0.0646179588185523,0.4814480353914876,12.217,57.1
17807,1948-10-05 00:00:00,0.0900235293348997,-0.1165254055545324,0.2965724642243319,12.217,57.1
17808,1948-10-06 00:00:00,-0.0125246260730556,-0.218172562316972,0.1931233101708607,12.217,57.1
17809,1948-10-07 00:00:00,0.0280003162848671,-0.1775063410640169,0.2335069736337512,12.217,57.1
17810,1948-10-08 00:00:00,-0.0292615287806934,-0.2348172301094309,0.1762941725480441,12.217,57.1
17811,1948-10-09 00:00:00,-0.1207631245982655,-0.3263602703753471,0.084834021178816,12.217,57.1
17812,1948-10-10 00:00:00,-0.0925088339463567,-0.2980449677237396,0.1130272998310261,12.217,57.1
17813,1948-10-11 00:00:00,0.0182288007738685,-0.1874658444813036,0.2239234460290408,12.217,57.1
17814,1948-10-12 00:00:00,0.1021537890315411,-0.103580769754859,0.3078883478179414,12.217,57.1
17815,1948-10-13 00:00:00,0.1693536139713371,-0.0364759678578297,0.3751831958005041,12.217,57.1
17816,1948-10-14 00:00:00,0.1296473691977515,-0.0758778368936545,0.3351725752891576,12.217,57.1
17817,1948-10-15 00:00:00,0.205714253215123,-0.0003628458348054,0.4117913522650515,12.217,57.1
17818,1948-10-16 00:00:00,0.2156764088223222,0.0092997035037293,0.422053114140915,12.217,57.1
17819,1948-10-17 00:00:00,0.2350043806314861,0.0288415109706687,0.4411672502923035,12.217,57.1
17820,1948-10-18 00:00:00,0.3569789466252898,0.1494900584055624,0.5644678348450172,12.217,57.1
17821,1948-10-19 00:00:00,0.3958298522592596,0.1871106063508497,0.6045490981676696,12.217,57.1
17822,1948-10-20 00:00:00,0.3252543656766599,0.1174906576258341,0.5330180737274858,12.217,57.1
17823,1948-10-21 00:00:00,0.4082456586363073,0.2014715209908638,0.6150197962817509,12.217,57.1
17824,1948-10-22 00:00:00,0.3493110566496225,0.1419456124788993,0.5566765008203456,12.217,57.1
17825,1948-10-23 00:00:00,0.7859325946581318,0.5744914696137358,0.997373719702528,12.217,57.1
17826,1948-10-24 00:00:00,0.4579191027016897,0.2468913185036494,0.6689468868997299,12.217,57.1
17827,1948-10-25 00:00:00,0.12976645325859,-0.0768058314167283,0.3363387379339083,12.217,57.1
17828,1948-10-26 00:00:00,0.241380916427895,0.0343319861792691,0.4484298466765208,12.217,57.1
17829,1948-10-27 00:00:00,0.1555308663420979,-0.0506180002909379,0.3616797329751339,12.217,57.1
17830,1948-10-28 00:00:00,-0.0340640722541257,-0.2397479642169911,0.1716198197087397,12.217,57.1
17831,1948-10-29 00:00:00,-0.1315558827190989,-0.3372493340736485,0.0741375686354506,12.217,57.1
17832,1948-10-30 00:00:00,-0.1136899555358398,-0.3193921543516269,0.0920122432799471,12.217,57.1
17833,1948-10-31 00:00:00,-0.0657469161080333,-0.2713518767443225,0.1398580445282558,12.217,57.1
17834,1948-11-01 00:00:00,-0.0406328031085903,-0.2461183463051882,0.1648527400880075,12.217,57.1
17835,1948-11-02 00:00:00,0.0490504435224511,-0.1565983039062447,0.2546991909511469,12.217,57.1
17836,1948-11-03 00:00:00,0.1423477838261441,-0.0631765307379231,0.3478720983902114,12.217,57.1
17837,1948-11-04 00:00:00,0.2409976017331011,0.0352316756132538,0.4467635278529485,12.217,57.1
17838,1948-11-05 00:00:00,0.3454602442186026,0.1391555506095688,0.5517649378276366,12.217,57.1
17839,1948-11-06 00:00:00,0.4493218739349902,0.2424563376482469,0.6561874102217334,12.217,57.1
17840,1948-11-07 00:00:00,0.2119374706235828,0.0051157393493659,0.4187592018977997,12.217,57.1
17841,1948-11-08 00:00:00,-0.035661841840364,-0.2415111717621092,0.1701874880813811,12.217,57.1
17842,1948-11-09 00:00:00,-0.0971765727152774,-0.3027981127446947,0.1084449673141398,12.217,57.1
17843,1948-11-10 00:00:00,0.181165740039685,-0.0292673111737484,0.3915987912531185,12.217,57.1
17844,1948-11-11 00:00:00,0.2955581693429557,0.081829805484915,0.5092865332009965,12.217,57.1
17845,1948-11-12 00:00:00,-0.0839959667427161,-0.2905529485859545,0.1225610151005221,12.217,57.1
17846,1948-11-13 00:00:00,-0.0854674175704261,-0.2913272278545696,0.1203923927137173,12.217,57.1
17847,1948-11-14 00:00:00,0.1237045119491121,-0.0828963100670897,0.3303053339653141,12.217,57.1
17848,1948-11-15 00:00:00,0.0652494836658667,-0.1405856236005389,0.2710845909322724,12.217,57.1
17849,1948-11-16 00:00:00,0.0709260293870801,-0.1345326992260144,0.2763847580001748,12.217,57.1
17850,1948-11-17 00:00:00,0.0502954608141802,-0.155176263886608,0.2557671855149684,12.217,57.1
17851,1948-11-18 00:00:00,0.1083497783115472,-0.0971408414545901,0.3138403980776846,12.217,57.1
17852,1948-11-19 00:00:00,0.1857221498666501,-0.0205146816990922,0.3919589814323924,12.217,57.1
17853,1948-11-20 00:00:00,0.1274963394837083,-0.0787438155197799,0.3337364944871966,12.217,57.1
17854,1948-11-21 00:00:00,0.3202229141449781,0.1137277364798182,0.526718091810138,12.217,57.1
17855,1948-11-22 00:00:00,0.1678811594352567,-0.03857621629016,0.3743385351606735,12.217,57.1
17856,1948-11-23 00:00:00,-0.0083937941238139,-0.2143289493751879,0.19754136112756,12.217,57.1
17857,1948-11-24 00:00:00,-0.099118917617844,-0.305861396819417,0.1076235615837289,12.217,57.1
17858,1948-11-25 00:00:00,-0.1048486199383253,-0.3120703136807393,0.1023730738040886,12.217,57.1
17859,1948-11-26 00:00:00,-0.0056692656045461,-0.2115247325003171,0.2001862012912247,12.217,57.1
17860,1948-11-27 00:00:00,-0.0075945602989374,-0.2131585522867427,0.1979694316888679,12.217,57.1
17861,1948-11-28 00:00:00,-0.0149109918777265,-0.220476537126266,0.1906545533708129,12.217,57.1
17862,1948-11-29 00:00:00,0.0178930411800092,-0.1877274035318104,0.2235134858918289,12.217,57.1
17863,1948-11-30 00:00:00,-0.0357050186804565,-0.2413285188917504,0.1699184815308372,12.217,57.1
17864,1948-12-01 00:00:00,0.1308915954025151,-0.074814420934725,0.3365976117397554,12.217,57.1
17865,1948-12-02 00:00:00,0.0370881920346332,-0.1685797101699646,0.2427560942392311,12.217,57.1
17866,1948-12-03 00:00:00,0.1346069191572228,-0.0710326778331871,0.3402465161476327,12.217,57.1
17867,1948-12-04 00:00:00,0.2198771387864183,0.0139353885323718,0.4258188890404648,12.217,57.1
17868,1948-12-05 00:00:00,0.1213835516656602,-0.0844508932820506,0.3272179966133711,12.217,57.1
17869,1948-12-06 00:00:00,0.0010797178681361,-0.2048693459672789,0.2070287817035512,12.217,57.1
17870,1948-12-07 00:00:00,0.1561247448781476,-0.0498086570948744,0.3620581468511696,12.217,57.1
17871,1948-12-08 00:00:00,0.2552628796498093,0.048817492160103,0.4617082671395156,12.217,57.1
17872,1948-12-09 00:00:00,0.2545749131723999,0.0481871589262428,0.460962667418557,12.217,57.1
17873,1948-12-10 00:00:00,0.1288286838317313,-0.0770212335778143,0.3346786012412771,12.217,57.1
17874,1948-12-11 00:00:00,0.1275784892141734,-0.0783074596691427,0.3334644380974895,12.217,57.1
17875,1948-12-12 00:00:00,0.1041826497477299,-0.1018087317881577,0.3101740312836175,12.217,57.1
17876,1948-12-13 00:00:00,0.0646975020315882,-0.141542394788074,0.2709373988512505,12.217,57.1
17877,1948-12-14 00:00:00,0.1460289776033838,-0.0613349352758778,0.3533928904826454,12.217,57.1
17878,1948-12-15 00:00:00,0.268830068984499,0.0613623097158954,0.4762978282531027,12.217,57.1
17879,1948-12-16 00:00:00,0.3171595390838811,0.1105883029197669,0.5237307752479953,12.217,57.1
17880,1948-12-17 00:00:00,0.0931722835149952,-0.1128149788902488,0.2991595459202393,12.217,57.1
17881,1948-12-18 00:00:00,-0.1029239412137299,-0.3090498646384447,0.1032019822109847,12.217,57.1
17882,1948-12-19 00:00:00,-0.120525044411726,-0.3264020718002546,0.0853519829768026,12.217,57.1
17883,1948-12-20 00:00:00,-0.0258586942639172,-0.2315131954227098,0.1797958068948754,12.217,57.1
17884,1948-12-21 00:00:00,-0.0248730978024116,-0.2307507758459239,0.1810045802411005,12.217,57.1
17885,1948-12-22 00:00:00,-0.0977055420505841,-0.3036167334826686,0.1082056493815002,12.217,57.1
17886,1948-12-23 00:00:00,0.0503206202938151,-0.1554536997302175,0.2560949403178478,12.217,57.1
17887,1948-12-24 00:00:00,-0.0203735280710588,-0.2265138662690466,0.1857668101269289,12.217,57.1
17888,1948-12-25 00:00:00,-0.1039676286988945,-0.3096282209982683,0.1016929636004793,12.217,57.1
17889,1948-12-26 00:00:00,-0.1120141512652494,-0.3175640913528579,0.093535788822359,12.217,57.1
17890,1948-12-27 00:00:00,-0.0573145864512031,-0.262843126979866,0.1482139540774597,12.217,57.1
17891,1948-12-28 00:00:00,0.0199416312931484,-0.1856618136809225,0.2255450762672193,12.217,57.1
17892,1948-12-29 00:00:00,0.116174844817994,-0.0899320766440189,0.322281766280007,12.217,57.1
17893,1948-12-30 00:00:00,0.4882518353259439,0.2811273845654048,0.695376286086483,12.217,57.1
17894,1948-12-31 00:00:00,0.2755865589416973,0.0664921920129203,0.4846809258704743,12.217,57.1
17895,1949-01-01 00:00:00,0.5042363473795335,0.2938426312951906,0.7146300634638764,12.217,57.1
17896,1949-01-02 00:00:00,0.5921025927031406,0.3794743455379248,0.8047308398683564,12.217,57.1
17897,1949-01-03 00:00:00,0.5535056513977499,0.3430639040225842,0.7639473987729155,12.217,57.1
17898,1949-01-04 00:00:00,0.3087527736649887,0.1007049804182655,0.516800566911712,12.217,57.1
17899,1949-01-05 00:00:00,0.3023752037544718,0.0957343296695627,0.509016077839381,12.217,57.1
17900,1949-01-06 00:00:00,0.000591460133599,-0.2056862861020102,0.2068692063692082,12.217,57.1
17901,1949-01-07 00:00:00,0.1777944104592814,-0.0286102112336791,0.3841990321522421,12.217,57.1
17902,1949-01-08 00:00:00,0.2239624269154726,0.0171131738677734,0.4308116799631718,12.217,57.1
17903,1949-01-09 00:00:00,0.1625022207967416,-0.045099498544431,0.3701039401379143,12.217,57.1
17904,1949-01-10 00:00:00,-0.0008690899686191,-0.2074613565985581,0.2057231766613197,12.217,57.1
17905,1949-01-11 00:00:00,0.2654300438074997,0.0582857373037282,0.4725743503112711,12.217,57.1
17906,1949-01-12 00:00:00,0.3469909203441011,0.1394305747041386,0.5545512659840636,12.217,57.1
17907,1949-01-13 00:00:00,0.0958333446967625,-0.11090699237435,0.3025736817678751,12.217,57.1
17908,1949-01-14 00:00:00,0.1621184696805839,-0.0449804111060689,0.3692173504672368,12.217,57.1
17909,1949-01-15 00:00:00,0.4511557880653065,0.2444578035701189,0.657853772560494,12.217,57.1
17910,1949-01-16 00:00:00,0.0670564494253501,-0.1397295205540223,0.2738424194047226,12.217,57.1
17911,1949-01-17 00:00:00,0.1594068178627286,-0.0469281762101499,0.365741811935607,12.217,57.1
17912,1949-01-18 00:00:00,0.2534112196698438,0.0459181336412244,0.4609043056984631,12.217,57.1
17913,1949-01-19 00:00:00,0.3432777169943509,0.1357684935938646,0.5507869403948372,12.217,57.1
17914,1949-01-20 00:00:00,0.5399033985879423,0.3327062478402453,0.7471005493356393,12.217,57.1
17915,1949-01-21 00:00:00,0.621317560126546,0.4130348906489631,0.8296002296041289,12.217,57.1
17916,1949-01-22 00:00:00,0.2274071766137994,0.0182550491424676,0.4365593040851311,12.217,57.1
17917,1949-01-23 00:00:00,-0.0722242743484033,-0.2801180514038602,0.1356695027070536,12.217,57.1
17918,1949-01-24 00:00:00,0.2371667138535313,0.0313091549205984,0.4430242727864643,12.217,57.1
17919,1949-01-25 00:00:00,0.133776189469407,-0.0726823055758087,0.3402346845146228,12.217,57.1
17920,1949-01-26 00:00:00,0.0771791652401885,-0.1290732704016009,0.283431600881978,12.217,57.1
17921,1949-01-27 00:00:00,0.0418765231763792,-0.1642002112501259,0.2479532576028844,12.217,57.1
17922,1949-01-28 00:00:00,0.0718512441775107,-0.133950208366333,0.2776526967213545,12.217,57.1
17923,1949-01-29 00:00:00,-3.612182477227832e-06,-0.2057849039079481,0.2057776795429937,12.217,57.1
17924,1949-01-30 00:00:00,0.1145963161109076,-0.0912853198145881,0.3204779520364034,12.217,57.1
17925,1949-01-31 00:00:00,0.3555645938611146,0.1441424303294744,0.5669867573927548,12.217,57.1
17926,1949-02-01 00:00:00,-0.0621281016659858,-0.269703050120235,0.1454468467882633,12.217,57.1
17927,1949-02-02 00:00:00,-0.1575057497935464,-0.3645290890611198,0.049517589474027,12.217,57.1
17928,1949-02-03 00:00:00,-0.0756448062728697,-0.2819570595906679,0.1306674470449285,12.217,57.1
17929,1949-02-04 00:00:00,0.3177771072781296,0.1114867575143399,0.5240674570419193,12.217,57.1
17930,1949-02-05 00:00:00,0.0910519318631337,-0.1150871479282192,0.2971910116544867,12.217,57.1
17931,1949-02-06 00:00:00,-0.0347401715248048,-0.2407861042677757,0.1713057612181661,12.217,57.1
17932,1949-02-07 00:00:00,-0.0204858675701124,-0.2260804242234746,0.1851086890832498,12.217,57.1
17933,1949-02-08 00:00:00,0.0641157898457341,-0.1414153193264267,0.2696468990178949,12.217,57.1
17934,1949-02-09 00:00:00,0.1882540117383316,-0.0177291263712411,0.3942371498479044,12.217,57.1
17935,1949-02-10 00:00:00,0.2151008553958949,0.0082220069293235,0.4219797038624662,12.217,57.1
17936,1949-02-11 00:00:00,0.0523563942288795,-0.1559435641183247,0.2606563525760838,12.217,57.1
17937,1949-02-12 00:00:00,-0.0367766088409285,-0.2432917838488624,0.1697385661670053,12.217,57.1
17938,1949-02-13 00:00:00,0.1069300291329145,-0.0985397741442837,0.3123998324101128,12.217,57.1
17939,1949-02-14 00:00:00,0.1311020321313074,-0.0751129076534843,0.3373169719160992,12.217,57.1
17940,1949-02-15 00:00:00,0.2960011359199552,0.0893775191194952,0.5026247527204153,12.217,57.1
17941,1949-02-16 00:00:00,0.176380731747057,-0.0296452428484516,0.3824067063425657,12.217,57.1
17942,1949-02-17 00:00:00,0.2442108297230616,0.0378070528734088,0.4506146065727144,12.217,57.1
17943,1949-02-18 00:00:00,0.1127628956288438,-0.0934367098175643,0.3189625010752521,12.217,57.1
17944,1949-02-19 00:00:00,0.0454965546188991,-0.1600617736849706,0.2510548829227689,12.217,57.1
17945,1949-02-20 00:00:00,0.0793598954287608,-0.1263695351999935,0.2850893260575151,12.217,57.1
17946,1949-02-21 00:00:00,0.1409288773610769,-0.0648015789751742,0.3466593336973281,12.217,57.1
17947,1949-02-22 00:00:00,0.141255157441725,-0.0645084612539961,0.3470187761374463,12.217,57.1
17948,1949-02-23 00:00:00,0.3306789102132554,0.1237359856483685,0.5376218347781424,12.217,57.1
17949,1949-02-24 00:00:00,0.3467803079062281,0.1378099753475832,0.5557506404648731,12.217,57.1
17950,1949-02-25 00:00:00,0.30471722972107,0.0983433969654304,0.5110910624767097,12.217,57.1
17951,1949-02-26 00:00:00,0.2100274661868782,0.0031995830163652,0.4168553493573912,12.217,57.1
17952,1949-02-27 00:00:00,0.5093189391015777,0.3016330771310228,0.7170048010721325,12.217,57.1
17953,1949-02-28 00:00:00,0.2292293081024911,0.0222128969065627,0.4362457192984195,12.217,57.1
17954,1949-03-01 00:00:00,0.1335979667764439,-0.072987169064645,0.3401831026175329,12.217,57.1
17955,1949-03-02 00:00:00,0.1063565656313641,-0.1089802932833213,0.3216934245460495,12.217,57.1
17956,1949-03-03 00:00:00,-0.2584120658994349,-0.4685196910898852,-0.0483044407089846,12.217,57.1
17957,1949-03-04 00:00:00,-0.1239262981305148,-0.3301982311474104,0.0823456348863807,12.217,57.1
17958,1949-03-05 00:00:00,-0.1500404024880776,-0.3562345648716324,0.0561537598954772,12.217,57.1
17959,1949-03-06 00:00:00,-0.095062746646629,-0.3015906136762399,0.1114651203829817,12.217,57.1
17960,1949-03-07 00:00:00,-0.0319442741354509,-0.238333766865687,0.1744452185947853,12.217,57.1
17961,1949-03-08 00:00:00,-0.0441218418474035,-0.2497485500121812,0.1615048663173741,12.217,57.1
17962,1949-03-09 00:00:00,-0.1115165654813981,-0.3171387015136754,0.0941055705508792,12.217,57.1
17963,1949-03-10 00:00:00,-0.0852037817225453,-0.2911549980682847,0.120747434623194,12.217,57.1
17964,1949-03-11 00:00:00,-0.070645296409817,-0.276429567129629,0.135138974309995,12.217,57.1
17965,1949-03-12 00:00:00,0.0656152147912576,-0.1403054288827073,0.2715358584652225,12.217,57.1
17966,1949-03-13 00:00:00,0.21029197261905,0.0040490964194714,0.4165348488186287,12.217,57.1
17967,1949-03-14 00:00:00,0.2966972108462986,0.0887141750145949,0.5046802466780022,12.217,57.1
17968,1949-03-15 00:00:00,0.5721712054808024,0.3638481342034864,0.7804942767581183,12.217,57.1
17969,1949-03-16 00:00:00,0.1837584716183379,-0.023167591204988,0.3906845344416638,12.217,57.1
17970,1949-03-17 00:00:00,0.098190506156253,-0.108065290377599,0.3044463026901051,12.217,57.1
17971,1949-03-18 00:00:00,0.088205810073356,-0.1177802849556769,0.2941919051023889,12.217,57.1
17972,1949-03-19 00:00:00,0.004085083244644,-0.2017898716362833,0.2099600381255714,12.217,57.1
17973,1949-03-20 00:00:00,-0.0684198437492946,-0.2740436647841661,0.1372039772855767,12.217,57.1
17974,1949-03-21 00:00:00,0.0334743669570551,-0.1721633102746321,0.2391120441887424,12.217,57.1
17975,1949-03-22 00:00:00,0.0538142251173251,-0.1518026796833969,0.2594311299180473,12.217,57.1
17976,1949-03-23 00:00:00,0.1045770495400217,-0.1018308662017958,0.3109849652818393,12.217,57.1
17977,1949-03-24 00:00:00,-0.0037974256214185,-0.2095195047120422,0.2019246534692052,12.217,57.1
17978,1949-03-25 00:00:00,-0.0153332471844073,-0.2208336077233766,0.190167113354562,12.217,57.1
17979,1949-03-26 00:00:00,0.0097314129323338,-0.1958160078067479,0.2152788336714156,12.217,57.1
17980,1949-03-27 00:00:00,-0.0730816606433504,-0.2788095627202143,0.1326462414335135,12.217,57.1
17981,1949-03-28 00:00:00,-0.1152415578494528,-0.3209072818214976,0.0904241661225919,12.217,57.1
17982,1949-03-29 00:00:00,-0.1123604471292081,-0.3181924047148165,0.0934715104564002,12.217,57.1
17983,1949-03-30 00:00:00,-0.0295738915433894,-0.2352097637617837,0.1760619806750049,12.217,57.1
17984,1949-03-31 00:00:00,0.0118382887032129,-0.1937338985156932,0.2174104759221191,12.217,57.1
17985,1949-04-01 00:00:00,-0.0077656491899255,-0.2133941507852275,0.1978628524053764,12.217,57.1
17986,1949-04-02 00:00:00,-0.0232550845112937,-0.2288909255275138,0.1823807565049263,12.217,57.1
17987,1949-04-03 00:00:00,0.0564596500666628,-0.1494226260031891,0.2623419261365148,12.217,57.1
17988,1949-04-04 00:00:00,0.1445656111850857,-0.0616276341677458,0.3507588565379172,12.217,57.1
17989,1949-04-05 00:00:00,0.4887810849649485,0.2799653207105025,0.6975968492193946,12.217,57.1
17990,1949-04-06 00:00:00,0.287258268039695,0.07901730277468,0.4954992333047101,12.217,57.1
17991,1949-04-07 00:00:00,0.1625764877292916,-0.0436395675335434,0.3687925429921266,12.217,57.1
17992,1949-04-08 00:00:00,0.1646981080327527,-0.0418455160019967,0.3712417320675022,12.217,57.1
17993,1949-04-09 00:00:00,0.2199757800305139,0.0066024499389202,0.4333491101221076,12.217,57.1
17994,1949-04-10 00:00:00,0.292053454008295,0.0794675499286202,0.5046393580879698,12.217,57.1
17995,1949-04-11 00:00:00,0.1655193209856152,-0.0407914495931263,0.3718300915643567,12.217,57.1
17996,1949-04-12 00:00:00,0.3803230616785522,0.1745284050308343,0.58611771832627,12.217,57.1
17997,1949-04-13 00:00:00,0.1830876793249098,-0.0228510437778462,0.389026402427666,12.217,57.1
17998,1949-04-14 00:00:00,0.1351312990608665,-0.0706327578044996,0.3408953559262327,12.217,57.1
17999,1949-04-15 00:00:00,0.091762425082092,-0.1143326469172286,0.2978574970814128,12.217,57.1
18000,1949-04-16 00:00:00,-0.0144469912030658,-0.220373545685663,0.1914795632795313,12.217,57.1
18001,1949-04-17 00:00:00,0.0444922303480754,-0.1611185442413795,0.2501030049375304,12.217,57.1
18002,1949-04-18 00:00:00,0.0462350205387526,-0.1593949928642415,0.2518650339417469,12.217,57.1
18003,1949-04-19 00:00:00,0.0722219772495248,-0.1333941006397324,0.2778380551387821,12.217,57.1
18004,1949-04-20 00:00:00,0.3081693246433349,0.1021974237930445,0.5141412254936253,12.217,57.1
18005,1949-04-21 00:00:00,0.224631402678798,0.0181844181223015,0.4310783872352945,12.217,57.1
18006,1949-04-22 00:00:00,0.1342491066219461,-0.0720329533756287,0.3405311666195209,12.217,57.1
18007,1949-04-23 00:00:00,0.3133416914785185,0.1060171821737727,0.5206662007832642,12.217,57.1
18008,1949-04-24 00:00:00,0.1875630320313291,-0.0187035619516686,0.3938296260143268,12.217,57.1
18009,1949-04-25 00:00:00,0.1002185780483241,-0.1056460456886758,0.3060832017853241,12.217,57.1
18010,1949-04-26 00:00:00,0.1318775860911861,-0.0750487314285239,0.3388039036108962,12.217,57.1
18011,1949-04-27 00:00:00,0.1270722746510681,-0.0792932003877931,0.3334377496899295,12.217,57.1
18012,1949-04-28 00:00:00,0.1461221183950999,-0.0600122020789455,0.3522564388691453,12.217,57.1
18013,1949-04-29 00:00:00,0.17418259278268,-0.0328150332325674,0.3811802187979275,12.217,57.1
18014,1949-04-30 00:00:00,0.0558233379170471,-0.1502566469543538,0.2619033227884481,12.217,57.1
18015,1949-05-01 00:00:00,-0.0563586314184443,-0.2622055191126132,0.1494882562757245,12.217,57.1
18016,1949-05-02 00:00:00,-0.0503127719109773,-0.257818096326879,0.1571925525049242,12.217,57.1
18017,1949-05-03 00:00:00,-0.0722928317569274,-0.2785790386425961,0.1339933751287413,12.217,57.1
18018,1949-05-04 00:00:00,0.0133121145699196,-0.1921723725298781,0.2187966016697174,12.217,57.1
18019,1949-05-05 00:00:00,0.0997768026708272,-0.1060580615723048,0.3056116669139593,12.217,57.1
18020,1949-05-06 00:00:00,0.1895695174793862,-0.016605053644449,0.3957440886032214,12.217,57.1
18021,1949-05-07 00:00:00,0.1633599870566955,-0.0426483207053918,0.3693682948187829,12.217,57.1
18022,1949-05-08 00:00:00,0.0513066117738424,-0.1553178959913493,0.2579311195390342,12.217,57.1
18023,1949-05-09 00:00:00,0.0668140687410392,-0.139234712597193,0.2728628500792716,12.217,57.1
18024,1949-05-10 00:00:00,0.0065032771093732,-0.199383941007205,0.2123904952259514,12.217,57.1
18025,1949-05-11 00:00:00,-0.0316978007780665,-0.2372470293250273,0.1738514277688942,12.217,57.1
18026,1949-05-12 00:00:00,-0.0203283081921804,-0.2257399782520802,0.1850833618677194,12.217,57.1
18027,1949-05-13 00:00:00,-0.0115065276102322,-0.2169853984067259,0.1939723431862614,12.217,57.1
18028,1949-05-14 00:00:00,-0.0100273967305244,-0.2157264573335411,0.1956716638724922,12.217,57.1
18029,1949-05-15 00:00:00,0.029744942634153,-0.175942875177469,0.235432760445775,12.217,57.1
18030,1949-05-16 00:00:00,0.117281639219006,-0.08856098752924,0.3231242659672522,12.217,57.1
18031,1949-05-17 00:00:00,0.1015969704960706,-0.1043056499202154,0.3074995909123568,12.217,57.1
18032,1949-05-18 00:00:00,0.0625192780513148,-0.143145813344424,0.2681843694470537,12.217,57.1
18033,1949-05-19 00:00:00,0.0781304170984453,-0.1275801598818659,0.2838409940787566,12.217,57.1
18034,1949-05-20 00:00:00,-0.0266011627523291,-0.2324298844318527,0.1792275589271945,12.217,57.1
18035,1949-05-21 00:00:00,-0.0204320844463737,-0.226233646915674,0.1853694780229265,12.217,57.1
18036,1949-05-22 00:00:00,-0.0526027569193171,-0.2582873377438754,0.1530818239052412,12.217,57.1
18037,1949-05-23 00:00:00,0.0559097071194735,-0.1497731887630606,0.2615926030020077,12.217,57.1
18038,1949-05-24 00:00:00,0.1090951566625546,-0.0965239025440954,0.3147142158692045,12.217,57.1
18039,1949-05-25 00:00:00,0.1294934572906721,-0.0760428514021924,0.3350297659835367,12.217,57.1
18040,1949-05-26 00:00:00,0.1404372561474861,-0.0652177698712009,0.3460922821661731,12.217,57.1
18041,1949-05-27 00:00:00,0.1797756984558576,-0.0261835663426803,0.3857349632543956,12.217,57.1
18042,1949-05-28 00:00:00,0.2491532239190577,0.0428924702869459,0.4554139775511696,12.217,57.1
18043,1949-05-29 00:00:00,0.1428793030296907,-0.0636081494906544,0.3493667555500358,12.217,57.1
18044,1949-05-30 00:00:00,0.1244756628405704,-0.0813215173490548,0.3302728430301958,12.217,57.1
18045,1949-05-31 00:00:00,0.042953074751481,-0.1631178203181509,0.249023969821113,12.217,57.1
18046,1949-06-01 00:00:00,0.1331138271792036,-0.072883727533585,0.3391113818919923,12.217,57.1
18047,1949-06-02 00:00:00,-0.0716800790711564,-0.2777757094878765,0.1344155513455636,12.217,57.1
18048,1949-06-03 00:00:00,0.005113324739847,-0.2007380846161269,0.2109647340958209,12.217,57.1
18049,1949-06-04 00:00:00,0.0153820237114032,-0.1903561350885863,0.2211201825113928,12.217,57.1
18050,1949-06-05 00:00:00,0.239453029303725,0.0318964261782509,0.4470096324291991,12.217,57.1
18051,1949-06-06 00:00:00,0.2586858268781573,0.0524298999138956,0.4649417538424188,12.217,57.1
18052,1949-06-07 00:00:00,0.2066041317077252,-4.721931594611761e-05,0.4132554827313965,12.217,57.1
18053,1949-06-08 00:00:00,0.0773878894110196,-0.1299844200565844,0.2847601988786238,12.217,57.1
18054,1949-06-09 00:00:00,0.1285983855537316,-0.0781682356556071,0.3353650067630703,12.217,57.1
18055,1949-06-10 00:00:00,-0.0076211715253345,-0.2139048710864829,0.1986625280358139,12.217,57.1
18056,1949-06-11 00:00:00,0.0051916201158545,-0.2002989381024453,0.2106821783341545,12.217,57.1
18057,1949-06-12 00:00:00,-0.0127081195122843,-0.218353790606494,0.1929375515819252,12.217,57.1
18058,1949-06-13 00:00:00,0.0088003757675567,-0.1973472186495796,0.2149479701846931,12.217,57.1
18059,1949-06-14 00:00:00,0.1111295451272297,-0.0946388738984528,0.3168979641529122,12.217,57.1
18060,1949-06-15 00:00:00,0.1521395727626446,-0.0537357753381146,0.358014920863404,12.217,57.1
18061,1949-06-16 00:00:00,0.1459043447682923,-0.0599923606027635,0.3518010501393482,12.217,57.1
18062,1949-06-17 00:00:00,0.1656648400082311,-0.0409407263344163,0.3722704063508786,12.217,57.1
18063,1949-06-18 00:00:00,0.2095976947190449,0.0014114757261472,0.4177839137119427,12.217,57.1
18064,1949-06-19 00:00:00,0.1190944238673419,-0.0886318812704354,0.3268207290051192,12.217,57.1
18065,1949-06-20 00:00:00,-0.0035407846873236,-0.2093770098890006,0.2022954405143533,12.217,57.1
18066,1949-06-21 00:00:00,0.0663149015295173,-0.1395670662351084,0.272196869294143,12.217,57.1
18067,1949-06-22 00:00:00,0.0323398573390352,-0.1735257715638327,0.2382054862419032,12.217,57.1
18068,1949-06-23 00:00:00,-0.0163649052076446,-0.2220065660256855,0.1892767556103963,12.217,57.1
18069,1949-06-24 00:00:00,0.0146956355906502,-0.1910486843789703,0.2204399555602708,12.217,57.1
18070,1949-06-25 00:00:00,0.0232441370824281,-0.1824513417124356,0.228939615877292,12.217,57.1
18071,1949-06-26 00:00:00,0.0866400333840888,-0.1188831335522562,0.2921632003204339,12.217,57.1
18072,1949-06-27 00:00:00,0.0338020415914175,-0.1717359380336842,0.2393400212165193,12.217,57.1
18073,1949-06-28 00:00:00,0.0061631255506191,-0.1993513769961727,0.211677628097411,12.217,57.1
18074,1949-06-29 00:00:00,0.0045815822021206,-0.2011507931984621,0.2103139576027034,12.217,57.1
18075,1949-06-30 00:00:00,0.005123229413487,-0.2005254307362407,0.2107718895632148,12.217,57.1
18076,1949-07-01 00:00:00,-0.0289718539101956,-0.2347093316011042,0.1767656237807128,12.217,57.1
18077,1949-07-02 00:00:00,-0.0057328384288904,-0.2114759898200312,0.2000103129622503,12.217,57.1
18078,1949-07-03 00:00:00,-0.0246225477096637,-0.2304060681565876,0.18116097273726,12.217,57.1
18079,1949-07-04 00:00:00,-0.0213037359736326,-0.2268024219198283,0.1841949499725631,12.217,57.1
18080,1949-07-05 00:00:00,0.0226924118031084,-0.1827851200594928,0.2281699436657098,12.217,57.1
18081,1949-07-06 00:00:00,0.0573398413658932,-0.1481554025555497,0.2628350852873362,12.217,57.1
18082,1949-07-07 00:00:00,0.0195530329949813,-0.1859754506250574,0.2250815166150202,12.217,57.1
18083,1949-07-08 00:00:00,-0.0361516591197285,-0.2416882459332216,0.1693849276937644,12.217,57.1
18084,1949-07-09 00:00:00,-0.0331241291624183,-0.2387096796438445,0.1724614213190078,12.217,57.1
18085,1949-07-10 00:00:00,-0.0297622982959661,-0.2352689070867562,0.175744310494824,12.217,57.1
18086,1949-07-11 00:00:00,-0.0016339280688708,-0.2071231089918845,0.2038552528541428,12.217,57.1
18087,1949-07-12 00:00:00,0.0295033597992711,-0.1759992397357669,0.2350059593343092,12.217,57.1
18088,1949-07-13 00:00:00,0.0999115999122505,-0.1056545045616177,0.3054777043861187,12.217,57.1
18089,1949-07-14 00:00:00,0.0447414842556959,-0.1608414026795994,0.2503243711909913,12.217,57.1
18090,1949-07-15 00:00:00,0.0362426394639282,-0.1693244073356686,0.2418096862635251,12.217,57.1
18091,1949-07-16 00:00:00,0.0430341742447317,-0.1625150418782313,0.2485833903676948,12.217,57.1
18092,1949-07-17 00:00:00,0.0447364546239398,-0.1606543759706321,0.2501272852185118,12.217,57.1
18093,1949-07-18 00:00:00,0.0466404269278706,-0.1587962825658564,0.2520771364215977,12.217,57.1
18094,1949-07-19 00:00:00,0.059648621351414,-0.1457931591954419,0.26509040189827,12.217,57.1
18095,1949-07-20 00:00:00,0.0551651061420128,-0.1504645805969118,0.2607947928809375,12.217,57.1
18096,1949-07-21 00:00:00,0.0464378531176721,-0.1593309814142763,0.2522066876496206,12.217,57.1
18097,1949-07-22 00:00:00,0.0094163227907882,-0.1965375947558372,0.2153702403374136,12.217,57.1
18098,1949-07-23 00:00:00,-0.0188131283409795,-0.2247021512782582,0.1870758945962991,12.217,57.1
18099,1949-07-24 00:00:00,-0.0093424304320761,-0.2148780185311348,0.1961931576669824,12.217,57.1
18100,1949-07-25 00:00:00,0.0685256890939894,-0.1369779857796324,0.2740293639676113,12.217,57.1
18101,1949-07-26 00:00:00,0.0663840404354894,-0.1392637088445011,0.2720317897154801,12.217,57.1
18102,1949-07-27 00:00:00,0.0702156223017207,-0.1352776403139895,0.275708884917431,12.217,57.1
18103,1949-07-28 00:00:00,0.1146249646108933,-0.0908804903092961,0.3201304195310829,12.217,57.1
18104,1949-07-29 00:00:00,0.3545526873473379,0.1484508898265822,0.5606544848680937,12.217,57.1
18105,1949-07-30 00:00:00,0.2098177578987459,0.0037037160811553,0.4159317997163366,12.217,57.1
18106,1949-07-31 00:00:00,0.1812998530317238,-0.0242878261043144,0.3868875321677621,12.217,57.1
18107,1949-08-01 00:00:00,0.201961955180595,-0.0037705601357128,0.407694470496903,12.217,57.1
18108,1949-08-02 00:00:00,0.3197334447492073,0.1138146222179986,0.5256522672804159,12.217,57.1
18109,1949-08-03 00:00:00,0.333274774717422,0.1269356364649033,0.5396139129699407,12.217,57.1
18110,1949-08-04 00:00:00,0.3457457233074267,0.1388849243542552,0.5526065222605981,12.217,57.1
18111,1949-08-05 00:00:00,0.6523850947430827,0.4440933405341336,0.8606768489520318,12.217,57.1
18112,1949-08-06 00:00:00,0.188226647377473,-0.0189892222281901,0.3954425169831363,12.217,57.1
18113,1949-08-07 00:00:00,0.102644556785628,-0.103065831936199,0.3083549455074551,12.217,57.1
18114,1949-08-08 00:00:00,0.0597695937083064,-0.1460023566979972,0.2655415441146101,12.217,57.1
18115,1949-08-09 00:00:00,0.298810902737203,0.0921190457570202,0.5055027597173859,12.217,57.1
18116,1949-08-10 00:00:00,0.1150449795910156,-0.0912845246261081,0.3213744838081395,12.217,57.1
18117,1949-08-11 00:00:00,0.0953099852844765,-0.1101777253924451,0.3007976959613982,12.217,57.1
18118,1949-08-12 00:00:00,0.0084819730349892,-0.1971053138575113,0.2140692599274898,12.217,57.1
18119,1949-08-13 00:00:00,-0.068716095069536,-0.2743497314172389,0.1369175412781668,12.217,57.1
18120,1949-08-14 00:00:00,0.014341417593306,-0.1913154244504973,0.2199982596371095,12.217,57.1
18121,1949-08-15 00:00:00,0.0498954401250924,-0.1557778426447419,0.2555687228949269,12.217,57.1
18122,1949-08-16 00:00:00,0.0937051122134316,-0.1119314539843486,0.2993416784112118,12.217,57.1
18123,1949-08-17 00:00:00,0.0996541385632924,-0.1063047065149865,0.3056129836415713,12.217,57.1
18124,1949-08-18 00:00:00,0.0636866155101803,-0.141979402848808,0.2693526338691687,12.217,57.1
18125,1949-08-19 00:00:00,0.0028957849769028,-0.2027033618143456,0.2084949317681513,12.217,57.1
18126,1949-08-20 00:00:00,-0.0183636941530374,-0.2240487780156314,0.1873213897095565,12.217,57.1
18127,1949-08-21 00:00:00,0.0206843922037725,-0.1848521696338944,0.2262209540414396,12.217,57.1
18128,1949-08-22 00:00:00,0.040938403514745,-0.1646627527057167,0.2465395597352068,12.217,57.1
18129,1949-08-23 00:00:00,0.063659823892764,-0.141938657419455,0.2692583052049832,12.217,57.1
18130,1949-08-24 00:00:00,0.0107215206166825,-0.1948084296214899,0.2162514708548551,12.217,57.1
18131,1949-08-25 00:00:00,-0.0175747565221749,-0.2230730581710168,0.1879235451266669,12.217,57.1
18132,1949-08-26 00:00:00,-0.0288875557049601,-0.2344137211688191,0.1766386097588989,12.217,57.1
18133,1949-08-27 00:00:00,0.0132469911510349,-0.1922160702364827,0.2187100525385525,12.217,57.1
18134,1949-08-28 00:00:00,0.0308364992978398,-0.1746154610155015,0.2362884596111812,12.217,57.1
18135,1949-08-29 00:00:00,-0.0227492122935506,-0.2282437395858181,0.1827453149987168,12.217,57.1
18136,1949-08-30 00:00:00,-0.0115566607403478,-0.2170758526092131,0.1939625311285175,12.217,57.1
18137,1949-08-31 00:00:00,0.0419517535655985,-0.1635302373906369,0.247433744521834,12.217,57.1
18138,1949-09-01 00:00:00,0.0443779183382907,-0.161020305169656,0.2497761418462375,12.217,57.1
18139,1949-09-02 00:00:00,0.0590286189028036,-0.1464253184113347,0.2644825562169419,12.217,57.1
18140,1949-09-03 00:00:00,0.0873658332741246,-0.1181598064309203,0.2928914729791697,12.217,57.1
18141,1949-09-04 00:00:00,0.0098802990356605,-0.1956265514312863,0.2153871495026074,12.217,57.1
18142,1949-09-05 00:00:00,-0.0182676692826596,-0.2237851582454558,0.1872498196801365,12.217,57.1
18143,1949-09-06 00:00:00,0.038559400507234,-0.1669522202542492,0.2440710212687173,12.217,57.1
18144,1949-09-07 00:00:00,0.0180880831039128,-0.1876617130807598,0.2238378792885855,12.217,57.1
18145,1949-09-08 00:00:00,0.0229307659225258,-0.182675973283388,0.2285375051284396,12.217,57.1
18146,1949-09-09 00:00:00,0.0473042413856436,-0.1587543739848924,0.2533628567561798,12.217,57.1
18147,1949-09-10 00:00:00,0.0953145842571242,-0.1105772212007286,0.3012063897149771,12.217,57.1
18148,1949-09-11 00:00:00,0.0476819972293415,-0.1577608012620542,0.2531247957207374,12.217,57.1
18149,1949-09-12 00:00:00,-0.0360667408370479,-0.2417100443254119,0.169576562651316,12.217,57.1
18150,1949-09-13 00:00:00,-0.0915132313494479,-0.2976829881941627,0.1146565254952667,12.217,57.1
18151,1949-09-14 00:00:00,-0.0481009193717968,-0.2540098228552723,0.1578079841116785,12.217,57.1
18152,1949-09-15 00:00:00,0.0427553064947522,-0.1629539836336003,0.2484645966231047,12.217,57.1
18153,1949-09-16 00:00:00,0.1797839929299872,-0.026200695871761,0.3857686817317354,12.217,57.1
18154,1949-09-17 00:00:00,0.0817436376900922,-0.1239451302934622,0.2874324056736468,12.217,57.1
18155,1949-09-18 00:00:00,-0.0037774041834498,-0.2093879616713201,0.2018331533044204,12.217,57.1
18156,1949-09-19 00:00:00,-0.0276655862291982,-0.2331454763938827,0.1778143039354863,12.217,57.1
18157,1949-09-20 00:00:00,-0.0071016683795056,-0.2127627279058545,0.1985593911468432,12.217,57.1
18158,1949-09-21 00:00:00,-0.0431269529649248,-0.2489895034112289,0.1627355974813791,12.217,57.1
18159,1949-09-22 00:00:00,-0.0336714794549388,-0.2391813606327193,0.1718384017228416,12.217,57.1
18160,1949-09-23 00:00:00,-0.0556834062147848,-0.2611372849683849,0.1497704725388152,12.217,57.1
18161,1949-09-24 00:00:00,-0.0090151217654431,-0.2145767314149783,0.196546487884092,12.217,57.1
18162,1949-09-25 00:00:00,0.0666777072858031,-0.1389728488611236,0.2723282634327298,12.217,57.1
18163,1949-09-26 00:00:00,0.052734367194525,-0.1528377374333299,0.2583064718223801,12.217,57.1
18164,1949-09-27 00:00:00,0.0135352289953203,-0.1920268097675079,0.2190972677581485,12.217,57.1
18165,1949-09-28 00:00:00,0.0191409471509478,-0.1863040264465433,0.224585920748439,12.217,57.1
18166,1949-09-29 00:00:00,-0.0028364103006993,-0.2082558718449259,0.2025830512435272,12.217,57.1
18167,1949-09-30 00:00:00,0.1209491394830434,-0.0848148950395934,0.3267131740056803,12.217,57.1
18168,1949-10-01 00:00:00,0.0367713315024813,-0.1691520491512914,0.2426947121562541,12.217,57.1
18169,1949-10-02 00:00:00,0.1095271578348129,-0.0966024352612001,0.3156567509308259,12.217,57.1
18170,1949-10-03 00:00:00,0.4494994109465041,0.2414971145922641,0.6575017073007441,12.217,57.1
18171,1949-10-04 00:00:00,0.3151887057139398,0.1014428193069414,0.5289345921209383,12.217,57.1
18172,1949-10-05 00:00:00,0.0039047746829811,-0.202712093079754,0.2105216424457163,12.217,57.1
18173,1949-10-06 00:00:00,0.0593406441905725,-0.1473016514323804,0.2659829398135256,12.217,57.1
18174,1949-10-07 00:00:00,-0.0189155691264842,-0.2248390436097805,0.187007905356812,12.217,57.1
18175,1949-10-08 00:00:00,0.0293755751343649,-0.1761947796825537,0.2349459299512835,12.217,57.1
18176,1949-10-09 00:00:00,-0.0070332760792639,-0.2126677108908259,0.198601158732298,12.217,57.1
18177,1949-10-10 00:00:00,-0.0530700729246294,-0.2590303588620754,0.1528902130128166,12.217,57.1
18178,1949-10-11 00:00:00,-0.040536521518686,-0.2462693521332385,0.1651963090958664,12.217,57.1
18179,1949-10-12 00:00:00,0.0466658088553798,-0.1589272037595892,0.2522588214703489,12.217,57.1
18180,1949-10-13 00:00:00,0.0852612028454319,-0.1207380444053044,0.2912604500961682,12.217,57.1
18181,1949-10-14 00:00:00,0.1467058547845623,-0.0591419961135663,0.3525537056826909,12.217,57.1
18182,1949-10-15 00:00:00,0.0411784818355921,-0.1646762792661402,0.2470332429373244,12.217,57.1
18183,1949-10-16 00:00:00,0.1087149226052145,-0.0967749675213226,0.3142048127317517,12.217,57.1
18184,1949-10-17 00:00:00,0.1359639561023098,-0.0696431485740605,0.3415710607786802,12.217,57.1
18185,1949-10-18 00:00:00,0.2140264977713569,0.0077919555680574,0.4202610399746563,12.217,57.1
18186,1949-10-19 00:00:00,0.2337984846987941,0.0252229988884464,0.4423739705091418,12.217,57.1
18187,1949-10-20 00:00:00,0.428919147781681,0.219690440767472,0.6381478547958901,12.217,57.1
18188,1949-10-21 00:00:00,0.3232754128284024,0.1169356997853993,0.5296151258714055,12.217,57.1
18189,1949-10-22 00:00:00,0.2110111507188579,0.003506684900925,0.4185156165367908,12.217,57.1
18190,1949-10-23 00:00:00,0.2489179303757173,0.0419649064159703,0.4558709543354644,12.217,57.1
18191,1949-10-24 00:00:00,0.1966901648478072,-0.0125053607922559,0.4058856904878705,12.217,57.1
18192,1949-10-25 00:00:00,0.5258065181056459,0.3124588345583731,0.7391542016529188,12.217,57.1
18193,1949-10-26 00:00:00,0.1361148498969657,-0.0709268442386356,0.3431565440325671,12.217,57.1
18194,1949-10-27 00:00:00,0.3287351898392411,0.1193341732662456,0.5381362064122366,12.217,57.1
18195,1949-10-28 00:00:00,0.1313204684949851,-0.080180090488193,0.3428210274781633,12.217,57.1
18196,1949-10-29 00:00:00,-0.0699771965275588,-0.2758711521414027,0.1359167590862849,12.217,57.1
18197,1949-10-30 00:00:00,-0.1018490781246923,-0.307434807846113,0.1037366515967282,12.217,57.1
18198,1949-10-31 00:00:00,-0.0576588477364194,-0.2632001054542827,0.1478824099814438,12.217,57.1
18199,1949-11-01 00:00:00,-0.0483589618931613,-0.2539163799300359,0.1571984561437131,12.217,57.1
18200,1949-11-02 00:00:00,-0.0493050841591121,-0.2548644606687219,0.1562542923504976,12.217,57.1
18201,1949-11-03 00:00:00,0.0853371323109634,-0.1202225981922645,0.2908968628141913,12.217,57.1
18202,1949-11-04 00:00:00,0.1849271376939655,-0.0211317838356995,0.3909860592236305,12.217,57.1
18203,1949-11-05 00:00:00,0.2075693926389722,0.0005938096381469,0.4145449756397975,12.217,57.1
18204,1949-11-06 00:00:00,0.3436535131945326,0.1354544810436115,0.5518525453454537,12.217,57.1
18205,1949-11-07 00:00:00,0.3931793368733407,0.1857490304739621,0.6006096432727193,12.217,57.1
18206,1949-11-08 00:00:00,0.1057940725199384,-0.1003802786749677,0.3119684237148447,12.217,57.1
18207,1949-11-09 00:00:00,0.139867016335721,-0.0659348288610307,0.3456688615324728,12.217,57.1
18208,1949-11-10 00:00:00,0.0583599087782197,-0.1475540243010115,0.264273841857451,12.217,57.1
18209,1949-11-11 00:00:00,0.1768376480099865,-0.0289130267311166,0.3825883227510896,12.217,57.1
18210,1949-11-12 00:00:00,0.0873142758523745,-0.118304975045234,0.2929335267499832,12.217,57.1
18211,1949-11-13 00:00:00,0.1722317070168554,-0.0333560060741398,0.3778194201078507,12.217,57.1
18212,1949-11-14 00:00:00,0.0847835521030268,-0.1209921117263668,0.2905592159324206,12.217,57.1
18213,1949-11-15 00:00:00,-0.0580084154928031,-0.2636905710031856,0.1476737400175793,12.217,57.1
18214,1949-11-16 00:00:00,-0.1103084822996298,-0.3158147255979282,0.0951977609986685,12.217,57.1
18215,1949-11-17 00:00:00,-0.0731277121265963,-0.279333863799052,0.1330784395458593,12.217,57.1
18216,1949-11-18 00:00:00,0.0977512329297674,-0.1090808132324387,0.3045832790919736,12.217,57.1
18217,1949-11-19 00:00:00,0.0258870619821474,-0.1801644421046323,0.2319385660689273,12.217,57.1
18218,1949-11-20 00:00:00,0.0009394028382308,-0.2047181200936074,0.2065969257700691,12.217,57.1
18219,1949-11-21 00:00:00,0.1411451918684247,-0.0649078372544081,0.3471982209912575,12.217,57.1
18220,1949-11-22 00:00:00,0.1596236048441532,-0.0467899806506581,0.3660371903389647,12.217,57.1
18221,1949-11-23 00:00:00,0.1936745210280149,-0.0121860800520884,0.3995351221081183,12.217,57.1
18222,1949-11-24 00:00:00,0.1691161372549983,-0.037012724123983,0.3752449986339798,12.217,57.1
18223,1949-11-25 00:00:00,-0.0714233090609213,-0.2779471565859479,0.1351005384641053,12.217,57.1
18224,1949-11-26 00:00:00,-0.0011065554196998,-0.2070851383610137,0.2048720275216139,12.217,57.1
18225,1949-11-27 00:00:00,0.0198671078767077,-0.1858102268671456,0.2255444426205611,12.217,57.1
18226,1949-11-28 00:00:00,0.0130084341671541,-0.1941705814283723,0.2201874497626806,12.217,57.1
18227,1949-11-29 00:00:00,-0.0109125195990521,-0.2189974460293273,0.197172406831223,12.217,57.1
18228,1949-11-30 00:00:00,0.1034994380787329,-0.1037489116561849,0.3107477878136508,12.217,57.1
18229,1949-12-01 00:00:00,0.132881122154431,-0.073190658845953,0.3389529031548149,12.217,57.1
18230,1949-12-02 00:00:00,0.3096414131969393,0.1032167601877958,0.5160660662060828,12.217,57.1
18231,1949-12-03 00:00:00,0.247697217224947,0.0410848304835464,0.4543096039663477,12.217,57.1
18232,1949-12-04 00:00:00,0.463521241929432,0.2532670488432427,0.6737754350156213,12.217,57.1
18233,1949-12-05 00:00:00,0.487160265336713,0.2795991678350416,0.6947213628383844,12.217,57.1
18234,1949-12-06 00:00:00,0.2759842173868907,0.0698475235090435,0.4821209112647379,12.217,57.1
18235,1949-12-07 00:00:00,0.2083942000255542,0.0024892014142099,0.4142991986368985,12.217,57.1
18236,1949-12-08 00:00:00,0.3955824336803969,0.1889554795893558,0.6022093877714381,12.217,57.1
18237,1949-12-09 00:00:00,0.4019902918405323,0.195674875535521,0.6083057081455436,12.217,57.1
18238,1949-12-10 00:00:00,0.0735738894584222,-0.1323527749172092,0.2795005538340537,12.217,57.1
18239,1949-12-11 00:00:00,-0.0454487868785744,-0.2548076757697118,0.1639101020125628,12.217,57.1
18240,1949-12-12 00:00:00,-0.1613911527841479,-0.3803742290834501,0.0575919235151543,12.217,57.1
18241,1949-12-13 00:00:00,-0.077858827076746,-0.2875393834913916,0.1318217293378995,12.217,57.1
18242,1949-12-14 00:00:00,0.2335857103096614,0.0269819339941478,0.4401894866251751,12.217,57.1
18243,1949-12-15 00:00:00,0.2814342339651776,0.0748869556660346,0.4879815122643206,12.217,57.1
18244,1949-12-16 00:00:00,0.3226949503496125,0.116245007811653,0.5291448928875719,12.217,57.1
18245,1949-12-17 00:00:00,0.2004379596706322,-0.0097433820103662,0.4106193013516306,12.217,57.1
18246,1949-12-18 00:00:00,0.3795273215556537,0.16816382795164,0.5908908151596675,12.217,57.1
18247,1949-12-19 00:00:00,0.2346045098305341,0.0287474160991366,0.4404616035619315,12.217,57.1
18248,1949-12-20 00:00:00,0.4600913141762894,0.2525998206150737,0.667582807737505,12.217,57.1
18249,1949-12-21 00:00:00,0.4749724938664023,0.2672798473052523,0.6826651404275522,12.217,57.1
18250,1949-12-22 00:00:00,0.0886110805130996,-0.1177843713400227,0.2950065323662219,12.217,57.1
18251,1949-12-23 00:00:00,0.0366789085895924,-0.1690126630925932,0.2423704802717781,12.217,57.1
18252,1949-12-24 00:00:00,-0.0355325596603252,-0.2412523120201012,0.1701871926994508,12.217,57.1
18253,1949-12-25 00:00:00,0.0955989640049394,-0.110053344874584,0.3012512728844629,12.217,57.1
18254,1949-12-26 00:00:00,0.2659597548133381,0.0600066088245162,0.4719129008021601,12.217,57.1
18255,1949-12-27 00:00:00,0.6007060514153365,0.3927568502411611,0.8086552525895119,12.217,57.1
18256,1949-12-28 00:00:00,0.4141210303784458,0.2068035381737653,0.6214385225831264,12.217,57.1
18257,1949-12-29 00:00:00,0.0769204581177012,-0.1291215844531053,0.2829625006885079,12.217,57.1
18258,1949-12-30 00:00:00,0.0513235645080563,-0.154345649724054,0.2569927787401667,12.217,57.1
18259,1949-12-31 00:00:00,-0.0839717623234826,-0.2905997924854778,0.1226562678385124,12.217,57.1
18260,1950-01-01 00:00:00,-0.1056653910493105,-0.3116797479117461,0.1003489658131251,12.217,57.1
18261,1950-01-02 00:00:00,0.1470884291345975,-0.0586743674545924,0.3528512257237876,12.217,57.1
18262,1950-01-03 00:00:00,0.211973321667904,0.005243611455426,0.418703031880382,12.217,57.1
18263,1950-01-04 00:00:00,0.051261185943155,-0.1546043137788575,0.2571266856651677,12.217,57.1
18264,1950-01-05 00:00:00,-0.0103867255182837,-0.2162205492872917,0.1954470982507242,12.217,57.1
18265,1950-01-06 00:00:00,0.0051905131533321,-0.2008219685998687,0.2112029949065331,12.217,57.1
18266,1950-01-07 00:00:00,0.1678618800279478,-0.0388258397483911,0.3745495998042868,12.217,57.1
18267,1950-01-08 00:00:00,0.1032779007955671,-0.1029130078137653,0.3094688094048997,12.217,57.1
18268,1950-01-09 00:00:00,0.0578960980534444,-0.1480687424776451,0.2638609385845341,12.217,57.1
18269,1950-01-10 00:00:00,-0.0080942284754779,-0.2143003332822386,0.1981118763312827,12.217,57.1
18270,1950-01-11 00:00:00,0.0655324158564648,-0.1408186223823331,0.2718834540952628,12.217,57.1
18271,1950-01-12 00:00:00,0.0517883975895933,-0.1547472028615967,0.2583239980407834,12.217,57.1
18272,1950-01-13 00:00:00,0.1266588851553291,-0.0809938010186263,0.3343115713292846,12.217,57.1
18273,1950-01-14 00:00:00,0.2569091473052406,0.0508408374810724,0.4629774571294087,12.217,57.1
18274,1950-01-15 00:00:00,0.2156858401269212,0.0096888243667878,0.4216828558870547,12.217,57.1
18275,1950-01-16 00:00:00,0.4316836800741452,0.225614798450069,0.6377525616982214,12.217,57.1
18276,1950-01-17 00:00:00,0.1656090726846071,-0.0409169077067401,0.3721350530759543,12.217,57.1
18277,1950-01-18 00:00:00,-0.1119636110599391,-0.3179624462663247,0.0940352241464463,12.217,57.1
18278,1950-01-19 00:00:00,-0.1448600183116051,-0.3503744060495084,0.0606543694262981,12.217,57.1
18279,1950-01-20 00:00:00,-0.0861988615613049,-0.2918996456027576,0.1195019224801477,12.217,57.1
18280,1950-01-21 00:00:00,-0.1154663223121874,-0.3211673833800291,0.0902347387556542,12.217,57.1
18281,1950-01-22 00:00:00,-0.0989212814456754,-0.3044321731374795,0.1065896102461287,12.217,57.1
18282,1950-01-23 00:00:00,-0.0509084382174768,-0.2564241811191488,0.154607304684195,12.217,57.1
18283,1950-01-24 00:00:00,-0.0396722785215144,-0.2452557446412979,0.1659111875982691,12.217,57.1
18284,1950-01-25 00:00:00,-0.0364229371301977,-0.2420749946701693,0.1692291204097738,12.217,57.1
18285,1950-01-26 00:00:00,-0.0381717002356168,-0.2438886062205547,0.167545205749321,12.217,57.1
18286,1950-01-27 00:00:00,0.0046710310304291,-0.201219718106249,0.2105617801671073,12.217,57.1
18287,1950-01-28 00:00:00,-0.1871620060263769,-0.3931232173224575,0.0187992052697036,12.217,57.1
18288,1950-01-29 00:00:00,-0.1538125448614766,-0.3595963759012816,0.0519712861783283,12.217,57.1
18289,1950-01-30 00:00:00,-0.090320367539842,-0.2968227820571866,0.1161820469775026,12.217,57.1
18290,1950-01-31 00:00:00,-0.0802313708736003,-0.2861679745380225,0.1257052327908218,12.217,57.1
18291,1950-02-01 00:00:00,-0.0570884311311635,-0.263139623135329,0.1489627608730019,12.217,57.1
18292,1950-02-02 00:00:00,0.1653830095884609,-0.0412223408755491,0.371988360052471,12.217,57.1
18293,1950-02-03 00:00:00,0.1442486786642015,-0.0623932176456223,0.3508905749740255,12.217,57.1
18294,1950-02-04 00:00:00,0.3023087381984725,0.0946089850026854,0.5100084913942596,12.217,57.1
18295,1950-02-05 00:00:00,0.2135258921918011,0.0061505706287775,0.4209012137548247,12.217,57.1
18296,1950-02-06 00:00:00,0.3383256585170102,0.1318414129110914,0.5448099041229291,12.217,57.1
18297,1950-02-07 00:00:00,0.2702972235570972,0.0640938205904833,0.4765006265237111,12.217,57.1
18298,1950-02-08 00:00:00,0.2205506830986697,0.0147151033136006,0.4263862628837388,12.217,57.1
18299,1950-02-09 00:00:00,0.2259136406096701,0.0200851881536713,0.4317420930656689,12.217,57.1
18300,1950-02-10 00:00:00,0.2868713812966675,0.0810090789834301,0.4927336836099049,12.217,57.1
18301,1950-02-11 00:00:00,0.2597896737437973,0.053663871583701,0.4659154759038935,12.217,57.1
18302,1950-02-12 00:00:00,0.3761329435306086,0.1686330742252213,0.5836328128359959,12.217,57.1
18303,1950-02-13 00:00:00,0.2403433416506976,0.0335849736855411,0.4471017096158541,12.217,57.1
18304,1950-02-14 00:00:00,0.3189129456726424,0.1113708304697957,0.526455060875489,12.217,57.1
18305,1950-02-15 00:00:00,0.1511804709792269,-0.0558410726742074,0.3582020146326612,12.217,57.1
18306,1950-02-16 00:00:00,0.1740495015723556,-0.0332945896734402,0.3813935928181516,12.217,57.1
18307,1950-02-17 00:00:00,0.3314647198481135,0.1231926252157215,0.5397368144805056,12.217,57.1
18308,1950-02-18 00:00:00,0.2971902407894142,0.0907387111702269,0.5036417704086016,12.217,57.1
18309,1950-02-19 00:00:00,0.2557669508661827,0.0491583503537603,0.4623755513786051,12.217,57.1
18310,1950-02-20 00:00:00,0.1528537394394519,-0.0529244870597123,0.3586319659386162,12.217,57.1
18311,1950-02-21 00:00:00,0.1524409082717814,-0.0534297654969175,0.3583115820404804,12.217,57.1
18312,1950-02-22 00:00:00,0.0295925345799203,-0.1768595988411016,0.2360446680009424,12.217,57.1
18313,1950-02-23 00:00:00,0.3236597383009899,0.1163353427711444,0.5309841338308354,12.217,57.1
18314,1950-02-24 00:00:00,0.2907223641558426,0.0840396731961566,0.4974050551155285,12.217,57.1
18315,1950-02-25 00:00:00,0.2234522220516983,0.0174533897303556,0.429451054373041,12.217,57.1
18316,1950-02-26 00:00:00,0.1137195997982299,-0.0921137994476369,0.3195529990440968,12.217,57.1
18317,1950-02-27 00:00:00,-0.0266178477085727,-0.2327017105318596,0.179466015114714,12.217,57.1
18318,1950-02-28 00:00:00,-0.0800366643678057,-0.2860952905796639,0.1260219618440523,12.217,57.1
18319,1950-03-01 00:00:00,-0.0417860092746193,-0.2474457120655701,0.1638736935163313,12.217,57.1
18320,1950-03-02 00:00:00,-0.0696743665228666,-0.2751775716025586,0.1358288385568254,12.217,57.1
18321,1950-03-03 00:00:00,0.034719133392451,-0.1710849702049285,0.2405232369898306,12.217,57.1
18322,1950-03-04 00:00:00,0.2554050530881688,0.0482596194225424,0.4625504867537951,12.217,57.1
18323,1950-03-05 00:00:00,0.2592535205541486,0.0527453945182112,0.4657616465900859,12.217,57.1
18324,1950-03-06 00:00:00,0.1398177111104663,-0.066401435036349,0.3460368572572816,12.217,57.1
18325,1950-03-07 00:00:00,0.1504811159864268,-0.0552697635947784,0.3562319955676322,12.217,57.1
18326,1950-03-08 00:00:00,0.0606005112429908,-0.1457108909913529,0.2669119134773347,12.217,57.1
18327,1950-03-09 00:00:00,0.0039661455701024,-0.2019492446695659,0.2098815358097707,12.217,57.1
18328,1950-03-10 00:00:00,0.0229662794160679,-0.1826754531878033,0.2286080120199392,12.217,57.1
18329,1950-03-11 00:00:00,0.1228307775070876,-0.0830749585493746,0.3287365135635498,12.217,57.1
18330,1950-03-12 00:00:00,0.3313151641863706,0.1238118992251834,0.5388184291475578,12.217,57.1
18331,1950-03-13 00:00:00,0.2141405365302697,0.0061129114033112,0.4221681616572282,12.217,57.1
18332,1950-03-14 00:00:00,0.0861146597443699,-0.1199008002949704,0.2921301197837103,12.217,57.1
18333,1950-03-15 00:00:00,0.042171649121146,-0.1637767481594456,0.2481200464017378,12.217,57.1
18334,1950-03-16 00:00:00,0.0862565923820004,-0.1196269096251574,0.2921400943891583,12.217,57.1
18335,1950-03-17 00:00:00,0.1509602833659516,-0.0556255692518339,0.3575461359837372,12.217,57.1
18336,1950-03-18 00:00:00,0.257496072674106,0.0508679714715775,0.4641241738766344,12.217,57.1
18337,1950-03-19 00:00:00,0.2184045482311098,0.0119766801705673,0.4248324162916522,12.217,57.1
18338,1950-03-20 00:00:00,0.1887133005783529,-0.0180209119147439,0.3954475130714498,12.217,57.1
18339,1950-03-21 00:00:00,0.2145303583647491,0.0083483076975584,0.4207124090319399,12.217,57.1
18340,1950-03-22 00:00:00,0.0182632640532891,-0.1873685336834648,0.223895061790043,12.217,57.1
18341,1950-03-23 00:00:00,-0.0230995797249323,-0.2286413295262344,0.1824421700763698,12.217,57.1
18342,1950-03-24 00:00:00,0.0495813202176487,-0.1561460970725088,0.2553087375078062,12.217,57.1
18343,1950-03-25 00:00:00,0.0167719092133079,-0.1892571445250952,0.2228009629517111,12.217,57.1
18344,1950-03-26 00:00:00,-0.0314427989372073,-0.2375038992304445,0.1746183013560298,12.217,57.1
18345,1950-03-27 00:00:00,0.0661066937860286,-0.1395595296888302,0.2717729172608876,12.217,57.1
18346,1950-03-28 00:00:00,-0.0403300070003307,-0.2463139160037252,0.1656539020030637,12.217,57.1
18347,1950-03-29 00:00:00,0.0313865294104615,-0.1745276381854754,0.2373006970063986,12.217,57.1
18348,1950-03-30 00:00:00,0.0882368685598908,-0.1175736443999767,0.2940473815197584,12.217,57.1
18349,1950-03-31 00:00:00,0.1046718584550573,-0.1009553251549884,0.3102990420651031,12.217,57.1
18350,1950-04-01 00:00:00,0.3172289561341738,0.1115622274337072,0.5228956848346403,12.217,57.1
18351,1950-04-02 00:00:00,0.3586666933980802,0.1525654757770221,0.5647679110191384,12.217,57.1
18352,1950-04-03 00:00:00,0.4336279088626197,0.2268804007208319,0.6403754170044075,12.217,57.1
18353,1950-04-04 00:00:00,0.2451112650414175,0.0389405395647249,0.45128199051811,12.217,57.1
18354,1950-04-05 00:00:00,0.15828284462606,-0.0474732512231673,0.3640389404752874,12.217,57.1
18355,1950-04-06 00:00:00,0.1075783320882944,-0.097949776883522,0.3131064410601109,12.217,57.1
18356,1950-04-07 00:00:00,0.0232435555791725,-0.182266356883035,0.2287534680413801,12.217,57.1
18357,1950-04-08 00:00:00,0.0506751241797937,-0.1548158523879473,0.2561661007475347,12.217,57.1
18358,1950-04-09 00:00:00,0.1933741874634694,-0.0148648463587251,0.401613221285664,12.217,57.1
18359,1950-04-10 00:00:00,0.4917946175581731,0.283316431022291,0.7002728040940553,12.217,57.1
18360,1950-04-11 00:00:00,0.2833625336592743,0.0767693116189708,0.4899557556995778,12.217,57.1
18361,1950-04-12 00:00:00,0.292872928722194,0.083541627537523,0.502204229906865,12.217,57.1
18362,1950-04-13 00:00:00,0.1819998103084713,-0.0242936187659177,0.3882932393828605,12.217,57.1
18363,1950-04-14 00:00:00,0.1343597453623483,-0.0712173543028705,0.3399368450275673,12.217,57.1
18364,1950-04-15 00:00:00,0.1106205185094754,-0.0950057487490831,0.316246785768034,12.217,57.1
18365,1950-04-16 00:00:00,-0.0040993630563106,-0.2097970258770897,0.2015982997644683,12.217,57.1
18366,1950-04-17 00:00:00,0.0444705821453692,-0.1616264098486,0.2505675741393385,12.217,57.1
18367,1950-04-18 00:00:00,0.0344887613301265,-0.1713488186367514,0.2403263412970045,12.217,57.1
18368,1950-04-19 00:00:00,0.1150206879645437,-0.0907470016435767,0.3207883775726641,12.217,57.1
18369,1950-04-20 00:00:00,0.0213368099379224,-0.1844878723966796,0.2271614922725246,12.217,57.1
18370,1950-04-21 00:00:00,-0.0107244832535052,-0.216421299050447,0.1949723325434364,12.217,57.1
18371,1950-04-22 00:00:00,0.0067325996843119,-0.1990127822922256,0.2124779816608495,12.217,57.1
18372,1950-04-23 00:00:00,0.0323423490863438,-0.1734327033883847,0.2381174015610725,12.217,57.1
18373,1950-04-24 00:00:00,0.1051321771049374,-0.1005910687056185,0.3108554229154934,12.217,57.1
18374,1950-04-25 00:00:00,0.1898566764255594,-0.0158747382007869,0.3955880910519058,12.217,57.1
18375,1950-04-26 00:00:00,0.2118328460717127,0.0054891722816319,0.4181765198617935,12.217,57.1
18376,1950-04-27 00:00:00,0.0743660602309934,-0.1316235829305808,0.2803557033925677,12.217,57.1
18377,1950-04-28 00:00:00,0.1320078541491071,-0.0737951108142334,0.3378108191124478,12.217,57.1
18378,1950-04-29 00:00:00,0.1333391415844436,-0.0725427706688968,0.339221053837784,12.217,57.1
18379,1950-04-30 00:00:00,0.1415963063922355,-0.0642037513336746,0.3473963641181457,12.217,57.1
18380,1950-05-01 00:00:00,0.0527495763457806,-0.152911739930275,0.2584108926218363,12.217,57.1
18381,1950-05-02 00:00:00,0.0425748424000026,-0.1628943741807669,0.2480440589807722,12.217,57.1
18382,1950-05-03 00:00:00,0.0958284358676834,-0.1098585902455685,0.3015154619809355,12.217,57.1
18383,1950-05-04 00:00:00,0.0419230508615655,-0.163820766085202,0.2476668678083331,12.217,57.1
18384,1950-05-05 00:00:00,-0.059738010418653,-0.2654353731182579,0.1459593522809518,12.217,57.1
18385,1950-05-06 00:00:00,-0.113777468260179,-0.3198351235351919,0.0922801870148338,12.217,57.1
18386,1950-05-07 00:00:00,-0.0971736616204429,-0.303091877948305,0.1087445547074191,12.217,57.1
18387,1950-05-08 00:00:00,-0.1100165670951318,-0.3157659831684674,0.0957328489782037,12.217,57.1
18388,1950-05-09 00:00:00,-0.0947320695679045,-0.3005301193922268,0.1110659802564177,12.217,57.1
18389,1950-05-10 00:00:00,-0.08173048190066,-0.2874268282823715,0.1239658644810513,12.217,57.1
18390,1950-05-11 00:00:00,-0.0742809483286976,-0.2798104634419993,0.1312485667846041,12.217,57.1
18391,1950-05-12 00:00:00,-0.0194830872897857,-0.2252393709388045,0.186273196359233,12.217,57.1
18392,1950-05-13 00:00:00,-0.0203164025400228,-0.2259910210298971,0.1853582159498514,12.217,57.1
18393,1950-05-14 00:00:00,0.0387876532112535,-0.1667829092280875,0.2443582156505947,12.217,57.1
18394,1950-05-15 00:00:00,0.0817678620655073,-0.1243558610370973,0.287891585168112,12.217,57.1
18395,1950-05-16 00:00:00,0.0214300441538379,-0.1843976238706706,0.2272577121783465,12.217,57.1
18396,1950-05-17 00:00:00,0.0885481173374377,-0.1171136282219606,0.2942098628968361,12.217,57.1
18397,1950-05-18 00:00:00,0.0885396134937021,-0.1171318724822635,0.2942110994696678,12.217,57.1
18398,1950-05-19 00:00:00,0.0577569573480374,-0.1477562550326627,0.2632701697287377,12.217,57.1
18399,1950-05-20 00:00:00,0.0105998930018052,-0.194881668363016,0.2160814543666265,12.217,57.1
18400,1950-05-21 00:00:00,0.0361677043231169,-0.1693170532374863,0.2416524618837203,12.217,57.1
18401,1950-05-22 00:00:00,0.0045893304961156,-0.2014307849472089,0.2106094459394402,12.217,57.1
18402,1950-05-23 00:00:00,0.0276760781044352,-0.1779089704113252,0.2332611266201957,12.217,57.1
18403,1950-05-24 00:00:00,0.0431357526276292,-0.1627553778853525,0.2490268831406109,12.217,57.1
18404,1950-05-25 00:00:00,0.0220697264665329,-0.1834855806048701,0.2276250335379359,12.217,57.1
18405,1950-05-26 00:00:00,0.0706609267670674,-0.134960451196084,0.2762823047302188,12.217,57.1
18406,1950-05-27 00:00:00,0.0904968602967217,-0.1152075334313862,0.2962012540248298,12.217,57.1
18407,1950-05-28 00:00:00,0.2017713135011145,-0.0037659638228139,0.4073085908250431,12.217,57.1
18408,1950-05-29 00:00:00,0.216762520331841,0.0108115917510975,0.4227134489125844,12.217,57.1
18409,1950-05-30 00:00:00,0.3272712786956335,0.1209127010778304,0.5336298563134366,12.217,57.1
18410,1950-05-31 00:00:00,0.3657522339522527,0.1574988238246907,0.5740056440798148,12.217,57.1
18411,1950-06-01 00:00:00,0.0604203277349231,-0.1463651910914084,0.2672058465612546,12.217,57.1
18412,1950-06-02 00:00:00,-0.001528040157956,-0.2070341557490695,0.2039780754331573,12.217,57.1
18413,1950-06-03 00:00:00,-0.0025481759425356,-0.2079966309261425,0.2029002790410712,12.217,57.1
18414,1950-06-04 00:00:00,0.0115001571257785,-0.1939741623146912,0.2169744765662483,12.217,57.1
18415,1950-06-05 00:00:00,0.0101064242590518,-0.1953459369029204,0.215558785421024,12.217,57.1
18416,1950-06-06 00:00:00,-0.0299539794144794,-0.2354211777996621,0.1755132189707033,12.217,57.1
18417,1950-06-07 00:00:00,-0.0005680734771122,-0.2061065462145761,0.2049703992603516,12.217,57.1
18418,1950-06-08 00:00:00,0.1140460816217077,-0.0920324722377909,0.3201246354812064,12.217,57.1
18419,1950-06-09 00:00:00,0.2020353493888768,-0.0044905892586643,0.408561288036418,12.217,57.1
18420,1950-06-10 00:00:00,0.250867636478286,0.0446152017675331,0.4571200711890388,12.217,57.1
18421,1950-06-11 00:00:00,0.137587473953106,-0.0683401568706763,0.3435151047768885,12.217,57.1
18422,1950-06-12 00:00:00,0.0210492153782276,-0.1848848932211445,0.2269833239775998,12.217,57.1
18423,1950-06-13 00:00:00,0.0390244152776478,-0.1665516437882206,0.2446004743435164,12.217,57.1
18424,1950-06-14 00:00:00,0.1449663829187137,-0.0607176707542619,0.3506504365916895,12.217,57.1
18425,1950-06-15 00:00:00,0.1259194146214682,-0.0796418206064699,0.3314806498494065,12.217,57.1
18426,1950-06-16 00:00:00,0.1314567038929071,-0.0741785273734524,0.3370919351592666,12.217,57.1
18427,1950-06-17 00:00:00,0.1733844308574843,-0.0324425903202186,0.3792114520351872,12.217,57.1
18428,1950-06-18 00:00:00,0.1075993702533185,-0.0980341655196801,0.3132329060263172,12.217,57.1
18429,1950-06-19 00:00:00,0.0965261641823673,-0.1089616350460145,0.3020139634107493,12.217,57.1
18430,1950-06-20 00:00:00,0.1149837314956941,-0.0906517978429312,0.3206192608343197,12.217,57.1
18431,1950-06-21 00:00:00,0.0921593731925384,-0.1138274984666096,0.2981462448516864,12.217,57.1
18432,1950-06-22 00:00:00,0.2191240559966341,0.0132993646824054,0.4249487473108629,12.217,57.1
18433,1950-06-23 00:00:00,0.1979891416070746,-0.0082735469140952,0.4042518301282444,12.217,57.1
18434,1950-06-24 00:00:00,0.2039903511154214,-0.0026030423558913,0.4105837445867343,12.217,57.1
18435,1950-06-25 00:00:00,0.2125867000808046,0.0064319132563236,0.4187414869052857,12.217,57.1
18436,1950-06-26 00:00:00,0.1097238701833623,-0.0960800744900171,0.3155278148567419,12.217,57.1
18437,1950-06-27 00:00:00,0.1476615076139696,-0.0580940212791972,0.3534170365071366,12.217,57.1
18438,1950-06-28 00:00:00,0.1352562836982467,-0.0702890710291901,0.3408016384256835,12.217,57.1
18439,1950-06-29 00:00:00,0.3729904385378565,0.1670294116286241,0.5789514654470889,12.217,57.1
18440,1950-06-30 00:00:00,0.1751948493860062,-0.0312205072123088,0.3816102059843212,12.217,57.1
18441,1950-07-01 00:00:00,0.2830093902134437,0.0772240857694777,0.4887946946574095,12.217,57.1
18442,1950-07-02 00:00:00,0.3303390976203933,0.1223936003265242,0.5382845949142624,12.217,57.1
18443,1950-07-03 00:00:00,0.0563748353678755,-0.1498684359507333,0.2626181066864844,12.217,57.1
18444,1950-07-04 00:00:00,-0.0117111551342718,-0.217313179729773,0.1938908694612292,12.217,57.1
18445,1950-07-05 00:00:00,0.0105339068361957,-0.1951023336624291,0.2161701473348205,12.217,57.1
18446,1950-07-06 00:00:00,0.0146343313767722,-0.1909948751613346,0.220263537914879,12.217,57.1
18447,1950-07-07 00:00:00,0.0219494200848817,-0.1838992584109247,0.2277980985806882,12.217,57.1
18448,1950-07-08 00:00:00,0.0026292807475678,-0.2030547676581786,0.2083133291533143,12.217,57.1
18449,1950-07-09 00:00:00,0.0361075340121114,-0.1696232062883844,0.2418382743126073,12.217,57.1
18450,1950-07-10 00:00:00,0.0853507130884672,-0.1201898706171485,0.2908912967940831,12.217,57.1
18451,1950-07-11 00:00:00,0.1979129405402629,-0.007960175592957,0.4037860566734828,12.217,57.1
18452,1950-07-12 00:00:00,0.1522901739349706,-0.0540142556304044,0.3585946035003459,12.217,57.1
18453,1950-07-13 00:00:00,-0.010067038224194,-0.2157630214736819,0.195628945025294,12.217,57.1
18454,1950-07-14 00:00:00,-0.0229978927445686,-0.2285940327278915,0.1825982472387542,12.217,57.1
18455,1950-07-15 00:00:00,0.0264833917372945,-0.1792161103554885,0.2321828938300776,12.217,57.1
18456,1950-07-16 00:00:00,0.028817678764772,-0.1768415410104343,0.2344768985399783,12.217,57.1
18457,1950-07-17 00:00:00,0.0809019087072478,-0.1246215381677699,0.2864253555822656,12.217,57.1
18458,1950-07-18 00:00:00,0.090079085766471,-0.1156533152109724,0.2958114867439146,12.217,57.1
18459,1950-07-19 00:00:00,0.1518127020120718,-0.0538088838949289,0.3574342879190725,12.217,57.1
18460,1950-07-20 00:00:00,0.1004457646176785,-0.105240505381131,0.3061320346164882,12.217,57.1
18461,1950-07-21 00:00:00,0.0647845564082311,-0.1406921793746565,0.2702612921911189,12.217,57.1
18462,1950-07-22 00:00:00,0.0934398605124351,-0.112043999500895,0.2989237205257654,12.217,57.1
18463,1950-07-23 00:00:00,0.1075358018688434,-0.0981106779867848,0.3131822817244717,12.217,57.1
18464,1950-07-24 00:00:00,0.2126568772901832,0.0067295626939108,0.4185841918864556,12.217,57.1
18465,1950-07-25 00:00:00,0.2244654126155028,0.0174864320463605,0.431444393184645,12.217,57.1
18466,1950-07-26 00:00:00,0.4173614220166806,0.2097806119897742,0.6249422320435869,12.217,57.1
18467,1950-07-27 00:00:00,0.1618156274769838,-0.0443558303561979,0.3679870853101656,12.217,57.1
18468,1950-07-28 00:00:00,0.1861117806336454,-0.0203968248453466,0.3926203861126376,12.217,57.1
18469,1950-07-29 00:00:00,0.1781318104164881,-0.0279483348487329,0.3842119556817092,12.217,57.1
18470,1950-07-30 00:00:00,0.0774723335851889,-0.1282489081432563,0.2831935753136341,12.217,57.1
18471,1950-07-31 00:00:00,0.0480343261624888,-0.1575144522785238,0.2535831046035015,12.217,57.1
18472,1950-08-01 00:00:00,0.0892834987020558,-0.1162050238195491,0.2947720212236609,12.217,57.1
18473,1950-08-02 00:00:00,0.072118020854666,-0.1332738557396733,0.2775098974490055,12.217,57.1
18474,1950-08-03 00:00:00,0.0899948027093091,-0.1155072519753827,0.295496857394001,12.217,57.1
18475,1950-08-04 00:00:00,0.023276049896226,-0.1824902422928336,0.2290423420852857,12.217,57.1
18476,1950-08-05 00:00:00,-0.0207988545082674,-0.2269992905317549,0.1854015815152199,12.217,57.1
18477,1950-08-06 00:00:00,-0.0545027591863154,-0.2604388255806159,0.151433307207985,12.217,57.1
18478,1950-08-07 00:00:00,-0.0099646254040285,-0.2156948630665681,0.1957656122585111,12.217,57.1
18479,1950-08-08 00:00:00,0.0161955531707222,-0.1895415355487048,0.2219326418901492,12.217,57.1
18480,1950-08-09 00:00:00,0.0136721548075372,-0.1918787718229579,0.2192230814380324,12.217,57.1
18481,1950-08-10 00:00:00,0.0614228123570845,-0.1440770028716597,0.2669226275858288,12.217,57.1
18482,1950-08-11 00:00:00,0.0664953087815531,-0.1391837295486304,0.2721743471117367,12.217,57.1
18483,1950-08-12 00:00:00,0.0152134607528065,-0.1905204445643709,0.2209473660699839,12.217,57.1
18484,1950-08-13 00:00:00,0.1049736103315945,-0.100595723870396,0.3105429445335851,12.217,57.1
18485,1950-08-14 00:00:00,0.0934101586646867,-0.1120212238145695,0.298841541143943,12.217,57.1
18486,1950-08-15 00:00:00,0.09169413986878,-0.1138058164898274,0.2971940962273875,12.217,57.1
18487,1950-08-16 00:00:00,0.153089496381089,-0.0525043567287721,0.3586833494909502,12.217,57.1
18488,1950-08-17 00:00:00,0.2116740893070142,0.0056831630085767,0.4176650156054518,12.217,57.1
18489,1950-08-18 00:00:00,0.0568647171146792,-0.1490940382172934,0.262823472446652,12.217,57.1
18490,1950-08-19 00:00:00,0.3007550981711215,0.0923015914340068,0.5092086049082362,12.217,57.1
18491,1950-08-20 00:00:00,0.0111199932935228,-0.1960148521501931,0.2182548387372387,12.217,57.1
18492,1950-08-21 00:00:00,0.0254947349916898,-0.1798993256058391,0.2308887955892189,12.217,57.1
18493,1950-08-22 00:00:00,0.047817390322393,-0.1576633996668923,0.2532981803116785,12.217,57.1
18494,1950-08-23 00:00:00,0.0500606784597809,-0.1553757785549154,0.2554971354744773,12.217,57.1
18495,1950-08-24 00:00:00,0.0815324224213504,-0.124117937757424,0.2871827826001249,12.217,57.1
18496,1950-08-25 00:00:00,0.1130602189083484,-0.0929896240551862,0.319110061871883,12.217,57.1
18497,1950-08-26 00:00:00,0.0277129483944125,-0.1783889914396783,0.2338148882285034,12.217,57.1
18498,1950-08-27 00:00:00,0.1163995734303772,-0.0892041148777898,0.3220032617385442,12.217,57.1
18499,1950-08-28 00:00:00,0.1035900427394102,-0.1026273762206452,0.3098074616994657,12.217,57.1
18500,1950-08-29 00:00:00,0.0831604964524796,-0.1224617479059739,0.2887827408109333,12.217,57.1
18501,1950-08-30 00:00:00,0.2649302911757296,0.0581303665263229,0.4717302158251362,12.217,57.1
18502,1950-08-31 00:00:00,0.2582849003719417,0.0514996621008167,0.4650701386430667,12.217,57.1
18503,1950-09-01 00:00:00,0.0718874476704764,-0.1339365294871425,0.2777114248280954,12.217,57.1
18504,1950-09-02 00:00:00,0.0248313922592364,-0.1805890230290944,0.2302518075475673,12.217,57.1
18505,1950-09-03 00:00:00,0.0812747982320186,-0.1242031208975006,0.2867527173615379,12.217,57.1
18506,1950-09-04 00:00:00,0.0553091066117521,-0.1502074112424129,0.2608256244659171,12.217,57.1
18507,1950-09-05 00:00:00,0.0634257344906397,-0.1420082405906248,0.2688597095719044,12.217,57.1
18508,1950-09-06 00:00:00,0.1145171756528597,-0.0913934302167529,0.3204277815224725,12.217,57.1
18509,1950-09-07 00:00:00,0.1776066295020767,-0.0284155520132022,0.3836288110173557,12.217,57.1
18510,1950-09-08 00:00:00,0.4933038709734261,0.2837688714943753,0.7028388704524768,12.217,57.1
18511,1950-09-09 00:00:00,0.4249053507127169,0.217822460785878,0.6319882406395558,12.217,57.1
18512,1950-09-10 00:00:00,0.2233783325581482,0.0175210795900188,0.4292355855262777,12.217,57.1
18513,1950-09-11 00:00:00,0.1464586908318588,-0.0593666922278164,0.3522840738915341,12.217,57.1
18514,1950-09-12 00:00:00,0.1643288316801414,-0.0412450535673421,0.3699027169276249,12.217,57.1
18515,1950-09-13 00:00:00,0.1723038890311064,-0.0335125583137933,0.3781203363760061,12.217,57.1
18516,1950-09-14 00:00:00,0.1933021593916801,-0.0136071173145555,0.4002114360979159,12.217,57.1
18517,1950-09-15 00:00:00,0.1566664861870719,-0.0494587360127176,0.3627917083868615,12.217,57.1
18518,1950-09-16 00:00:00,0.1538055030204718,-0.0524289778986918,0.3600399839396356,12.217,57.1
18519,1950-09-17 00:00:00,0.1351579403824538,-0.0720272754050596,0.3423431561699672,12.217,57.1
18520,1950-09-18 00:00:00,0.2328691654106364,0.0259118173722139,0.4398265134490589,12.217,57.1
18521,1950-09-19 00:00:00,0.2410151672848523,0.0336232363238596,0.448407098245845,12.217,57.1
18522,1950-09-20 00:00:00,0.2757161040012716,0.069602420233554,0.4818297877689892,12.217,57.1
18523,1950-09-21 00:00:00,0.2260275442180552,0.0204016400370613,0.4316534483990492,12.217,57.1
18524,1950-09-22 00:00:00,0.1559571121567411,-0.0495693929857503,0.3614836172992327,12.217,57.1
18525,1950-09-23 00:00:00,0.1363051731715789,-0.0692742292228521,0.34188457556601,12.217,57.1
18526,1950-09-24 00:00:00,0.0938945779879464,-0.1116642228746824,0.2994533788505754,12.217,57.1
18527,1950-09-25 00:00:00,0.1217909823217143,-0.0838024950512411,0.3273844596946698,12.217,57.1
18528,1950-09-26 00:00:00,0.2326954752352364,0.0263479104368726,0.4390430400336003,12.217,57.1
18529,1950-09-27 00:00:00,0.0835617973341322,-0.1227158229130961,0.2898394175813605,12.217,57.1
18530,1950-09-28 00:00:00,0.3330976429856846,0.1266782725464026,0.5395170134249667,12.217,57.1
18531,1950-09-29 00:00:00,0.538163229560297,0.3313137378111029,0.7450127213094911,12.217,57.1
18532,1950-09-30 00:00:00,0.3326571686677764,0.125848983022912,0.5394653543126409,12.217,57.1
18533,1950-10-01 00:00:00,0.1228215335494017,-0.0834678858068144,0.329110952905618,12.217,57.1
18534,1950-10-02 00:00:00,0.2573150395160699,0.0505456809463841,0.4640843980857557,12.217,57.1
18535,1950-10-03 00:00:00,0.3323732403895482,0.124657451683526,0.5400890290955703,12.217,57.1
18536,1950-10-04 00:00:00,0.4674732539285282,0.2603562202304954,0.6745902876265609,12.217,57.1
18537,1950-10-05 00:00:00,0.1203987314161477,-0.0862694733365601,0.3270669361688556,12.217,57.1
18538,1950-10-06 00:00:00,0.0933314340744553,-0.1123153012848673,0.2989781694337781,12.217,57.1
18539,1950-10-07 00:00:00,0.1469218819445377,-0.0595289253378157,0.3533726892268913,12.217,57.1
18540,1950-10-08 00:00:00,0.2866069478976285,0.0798169298752448,0.4933969659200122,12.217,57.1
18541,1950-10-09 00:00:00,0.2100933063916807,0.0039706426331537,0.4162159701502077,12.217,57.1
18542,1950-10-10 00:00:00,0.1930535130905417,-0.0134048343715419,0.3995118605526254,12.217,57.1
18543,1950-10-11 00:00:00,0.2140703658057178,0.0072969349627207,0.4208437966487149,12.217,57.1
18544,1950-10-12 00:00:00,0.3976015390915108,0.1899924325788974,0.6052106456041243,12.217,57.1
18545,1950-10-13 00:00:00,0.0372251032679462,-0.16952392365396,0.2439741301898525,12.217,57.1
18546,1950-10-14 00:00:00,0.0739325820858363,-0.1317781679678362,0.2796433321395089,12.217,57.1
18547,1950-10-15 00:00:00,0.1632754303662697,-0.0425446375809072,0.3690954983134467,12.217,57.1
18548,1950-10-16 00:00:00,0.0668053674846272,-0.1389909538732955,0.2726016888425499,12.217,57.1
18549,1950-10-17 00:00:00,0.0877168223336267,-0.1178027741837868,0.2932364188510403,12.217,57.1
18550,1950-10-18 00:00:00,0.3092741225262541,0.1027641944376621,0.5157840506148461,12.217,57.1
18551,1950-10-19 00:00:00,0.1684635729434047,-0.0373023573225428,0.3742295032093522,12.217,57.1
18552,1950-10-20 00:00:00,0.1730368117773257,-0.032887509547763,0.3789611331024145,12.217,57.1
18553,1950-10-21 00:00:00,0.2028853302552441,-0.0066965051383987,0.4124671656488871,12.217,57.1
18554,1950-10-22 00:00:00,-0.0163704609341777,-0.2248980213376322,0.1921570994692767,12.217,57.1
18555,1950-10-23 00:00:00,-0.0603417972516977,-0.2661025596716287,0.1454189651682331,12.217,57.1
18556,1950-10-24 00:00:00,-0.0480072809488616,-0.2534741675605432,0.1574596056628199,12.217,57.1
18557,1950-10-25 00:00:00,-0.0850982259290259,-0.2906845615668932,0.1204881097088413,12.217,57.1
18558,1950-10-26 00:00:00,-0.0984975290099425,-0.303961411738234,0.1069663537183488,12.217,57.1
18559,1950-10-27 00:00:00,-0.093163353857329,-0.2986898463743351,0.112363138659677,12.217,57.1
18560,1950-10-28 00:00:00,-0.0945119579370128,-0.3010774318947515,0.1120535160207258,12.217,57.1
18561,1950-10-29 00:00:00,0.0881324906240433,-0.1200291595323884,0.296294140780475,12.217,57.1
18562,1950-10-30 00:00:00,-0.0752761017938734,-0.282936930937307,0.1323847273495602,12.217,57.1
18563,1950-10-31 00:00:00,0.0038802236483355,-0.2016203748198962,0.2093808221165672,12.217,57.1
18564,1950-11-01 00:00:00,-0.0666001733787096,-0.2721291099947139,0.1389287632372945,12.217,57.1
18565,1950-11-02 00:00:00,-0.0293644473985243,-0.2347990171805077,0.176070122383459,12.217,57.1
18566,1950-11-03 00:00:00,0.0272057839513361,-0.1787437221462668,0.233155290048939,12.217,57.1
18567,1950-11-04 00:00:00,-0.0312088191711819,-0.2377349713925537,0.1753173330501899,12.217,57.1
18568,1950-11-05 00:00:00,-0.1052588534899392,-0.3112365460482951,0.1007188390684167,12.217,57.1
18569,1950-11-06 00:00:00,-0.0803418567629441,-0.2861969281418364,0.125513214615948,12.217,57.1
18570,1950-11-07 00:00:00,-0.0471916307391408,-0.2531505760618501,0.1587673145835683,12.217,57.1
18571,1950-11-08 00:00:00,-0.0479262617268998,-0.2537484507715088,0.157895927317709,12.217,57.1
18572,1950-11-09 00:00:00,0.1529765894776816,-0.053365307306787,0.3593184862621504,12.217,57.1
18573,1950-11-10 00:00:00,0.1413039906019219,-0.0647264412722073,0.3473344224760512,12.217,57.1
18574,1950-11-11 00:00:00,0.2523457345802458,0.0460438031166692,0.4586476660438223,12.217,57.1
18575,1950-11-12 00:00:00,0.313422629850523,0.1049089658826833,0.5219362938183628,12.217,57.1
18576,1950-11-13 00:00:00,0.3251106981150515,0.1184373847257773,0.5317840115043257,12.217,57.1
18577,1950-11-14 00:00:00,0.3172928454932825,0.1104058024050163,0.5241798885815487,12.217,57.1
18578,1950-11-15 00:00:00,0.2906614853922772,0.0844259461030331,0.4968970246815213,12.217,57.1
18579,1950-11-16 00:00:00,0.1697647430501834,-0.0361295311551175,0.3756590172554844,12.217,57.1
18580,1950-11-17 00:00:00,0.1793683956198563,-0.0262653687341688,0.3850021599738814,12.217,57.1
18581,1950-11-18 00:00:00,0.0883180518890876,-0.1173518817917528,0.293987985569928,12.217,57.1
18582,1950-11-19 00:00:00,0.0340303494636501,-0.1715973639113909,0.2396580628386912,12.217,57.1
18583,1950-11-20 00:00:00,0.0460554026881013,-0.1599473848062097,0.2520581901824125,12.217,57.1
18584,1950-11-21 00:00:00,0.1953845719887641,-0.01177281948835,0.4025419634658783,12.217,57.1
18585,1950-11-22 00:00:00,0.1717876181808663,-0.0365600361060135,0.3801352724677461,12.217,57.1
18586,1950-11-23 00:00:00,0.0561644608365444,-0.1523383027311843,0.2646672244042732,12.217,57.1
18587,1950-11-24 00:00:00,0.1431819647892747,-0.0648046521280734,0.351168581706623,12.217,57.1
18588,1950-11-25 00:00:00,0.1831285893821667,-0.024179734807339,0.3904369135716724,12.217,57.1
18589,1950-11-26 00:00:00,0.0480554380231412,-0.1575269920559282,0.2536378681022107,12.217,57.1
18590,1950-11-27 00:00:00,0.1200085905000437,-0.0856276664760559,0.3256448474761434,12.217,57.1
18591,1950-11-28 00:00:00,0.2340690535336865,0.0282997153770161,0.439838391690357,12.217,57.1
18592,1950-11-29 00:00:00,0.2192190036571825,0.0124820021941562,0.4259560051202087,12.217,57.1
18593,1950-11-30 00:00:00,0.1641479706740337,-0.0430117192931019,0.3713076606411693,12.217,57.1
18594,1950-12-01 00:00:00,0.2707482735645239,0.0632300934083869,0.4782664537206609,12.217,57.1
18595,1950-12-02 00:00:00,0.4304353243249467,0.2217842177116527,0.6390864309382407,12.217,57.1
18596,1950-12-03 00:00:00,0.4301487274534526,0.2233914350959075,0.6369060198109977,12.217,57.1
18597,1950-12-04 00:00:00,0.2211710269447332,0.015152046732795,0.4271900071566713,12.217,57.1
18598,1950-12-05 00:00:00,0.1756424488200521,-0.0302947249119499,0.3815796225520543,12.217,57.1
18599,1950-12-06 00:00:00,0.1588591961616246,-0.047031829101285,0.3647502214245343,12.217,57.1
18600,1950-12-07 00:00:00,0.2004178595892081,-0.005715497370527,0.4065512165489434,12.217,57.1
18601,1950-12-08 00:00:00,0.0905762480050139,-0.1153004833154332,0.2964529793254612,12.217,57.1
18602,1950-12-09 00:00:00,0.0479512064584633,-0.1577870864507552,0.2536894993676818,12.217,57.1
18603,1950-12-10 00:00:00,0.0307650267660318,-0.174838734156384,0.2363687876884477,12.217,57.1
18604,1950-12-11 00:00:00,0.1617923013207375,-0.0442480288115484,0.3678326314530235,12.217,57.1
18605,1950-12-12 00:00:00,0.3156642734377313,0.1089764383576388,0.5223521085178238,12.217,57.1
18606,1950-12-13 00:00:00,0.2643012343422269,0.0580823080967705,0.4705201605876833,12.217,57.1
18607,1950-12-14 00:00:00,0.2329121423546486,0.0268817340473147,0.4389425506619825,12.217,57.1
18608,1950-12-15 00:00:00,0.1161706249554824,-0.0895331352227408,0.3218743851337058,12.217,57.1
18609,1950-12-16 00:00:00,0.2204307924134791,0.0145807338310297,0.4262808509959286,12.217,57.1
18610,1950-12-17 00:00:00,0.1670670364774425,-0.0387035906489175,0.3728376636038025,12.217,57.1
18611,1950-12-18 00:00:00,0.0952215890368354,-0.1103514762369277,0.3007946543105985,12.217,57.1
18612,1950-12-19 00:00:00,0.0376288477793893,-0.1680726301455789,0.2433303257043576,12.217,57.1
18613,1950-12-20 00:00:00,-0.0648711246084243,-0.270651587232558,0.1409093380157093,12.217,57.1
18614,1950-12-21 00:00:00,-0.1089987970736452,-0.314888496364287,0.0968909022169966,12.217,57.1
18615,1950-12-22 00:00:00,-0.0503235630279155,-0.2558871296558992,0.1552400036000681,12.217,57.1
18616,1950-12-23 00:00:00,-0.0295887296380622,-0.2351789290588168,0.1760014697826923,12.217,57.1
18617,1950-12-24 00:00:00,-0.0290339396758841,-0.2347322758027065,0.1766643964509383,12.217,57.1
18618,1950-12-25 00:00:00,-0.0333600007851464,-0.2392878851060014,0.1725678835357086,12.217,57.1
18619,1950-12-26 00:00:00,-0.0629305047915787,-0.2685770924371887,0.1427160828540312,12.217,57.1
18620,1950-12-27 00:00:00,-0.1263667920720378,-0.331936660859041,0.0792030767149652,12.217,57.1
18621,1950-12-28 00:00:00,-0.0674171181852633,-0.2730413911865985,0.1382071548160719,12.217,57.1
18622,1950-12-29 00:00:00,0.0234101209196198,-0.1821896914581235,0.2290099332973632,12.217,57.1
18623,1950-12-30 00:00:00,0.0722702599594342,-0.1334054648238593,0.2779459847427277,12.217,57.1
18624,1950-12-31 00:00:00,0.1014933874541832,-0.1043824579275504,0.307369232835917,12.217,57.1
18625,1951-01-01 00:00:00,0.0951327446822943,-0.1107853288146503,0.3010508181792391,12.217,57.1
18626,1951-01-02 00:00:00,0.1686788584426994,-0.0375645404453279,0.3749222573307267,12.217,57.1
18627,1951-01-03 00:00:00,0.0888779318724201,-0.1177645512456089,0.2955204149904493,12.217,57.1
18628,1951-01-04 00:00:00,0.0881315635807455,-0.1178520057050905,0.2941151328665816,12.217,57.1
18629,1951-01-05 00:00:00,0.0817394830493801,-0.1244039261408249,0.2878828922395852,12.217,57.1
18630,1951-01-06 00:00:00,0.1224109454743944,-0.0835368462530168,0.3283587372018057,12.217,57.1
18631,1951-01-07 00:00:00,0.0934125376701622,-0.112677137111841,0.2995022124521655,12.217,57.1
18632,1951-01-08 00:00:00,0.1611884182858661,-0.046732951970326,0.3691097885420583,12.217,57.1
18633,1951-01-09 00:00:00,0.063190880545055,-0.1437817689039272,0.2701635299940375,12.217,57.1
18634,1951-01-10 00:00:00,0.0669865185452525,-0.1393503031588053,0.2733233402493104,12.217,57.1
18635,1951-01-11 00:00:00,0.1277628799147472,-0.0799720984431946,0.3354978582726892,12.217,57.1
18636,1951-01-12 00:00:00,0.3008660571758808,0.0930996405743239,0.5086324737774376,12.217,57.1
18637,1951-01-13 00:00:00,0.1907251880973328,-0.0162309918409248,0.3976813680355905,12.217,57.1
18638,1951-01-14 00:00:00,0.2700182054650247,0.0640706206439354,0.4759657902861141,12.217,57.1
18639,1951-01-15 00:00:00,0.3298434486573313,0.1236041551991952,0.5360827421154674,12.217,57.1
18640,1951-01-16 00:00:00,0.1782219693180824,-0.027794261323407,0.3842381999595718,12.217,57.1
18641,1951-01-17 00:00:00,-0.024814249817289,-0.230493326410729,0.1808648267761509,12.217,57.1
18642,1951-01-18 00:00:00,0.3479555775103617,0.1381979315469936,0.5577132234737299,12.217,57.1
18643,1951-01-19 00:00:00,0.3670784266515257,0.1587784613248617,0.5753783919781897,12.217,57.1
18644,1951-01-20 00:00:00,0.2251903837148537,0.0191261499972323,0.4312546174324753,12.217,57.1
18645,1951-01-21 00:00:00,0.091259802670371,-0.114977839960741,0.2974974453014832,12.217,57.1
18646,1951-01-22 00:00:00,-0.0590075742951794,-0.265102802535395,0.1470876539450361,12.217,57.1
18647,1951-01-23 00:00:00,0.1708536562996175,-0.0352426214878568,0.3769499340870919,12.217,57.1
18648,1951-01-24 00:00:00,-0.0114374946131391,-0.2174207767088611,0.1945457874825827,12.217,57.1
18649,1951-01-25 00:00:00,0.0028326987640756,-0.2028986089972774,0.2085640065254286,12.217,57.1
18650,1951-01-26 00:00:00,0.0167487212215508,-0.1890611848585072,0.222558627301609,12.217,57.1
18651,1951-01-27 00:00:00,0.1074639568742139,-0.0982357903308811,0.3131637040793091,12.217,57.1
18652,1951-01-28 00:00:00,0.0895068683692554,-0.1161252731800439,0.2951390099185548,12.217,57.1
18653,1951-01-29 00:00:00,0.0027246982962358,-0.202929724257771,0.2083791208502426,12.217,57.1
18654,1951-01-30 00:00:00,-0.0820902592275863,-0.2875821725408146,0.1234016540856419,12.217,57.1
18655,1951-01-31 00:00:00,-0.0254845878512139,-0.2309471970373525,0.1799780213349247,12.217,57.1
18656,1951-02-01 00:00:00,0.0299202792512588,-0.1755749600877739,0.2354155185902917,12.217,57.1
18657,1951-02-02 00:00:00,-0.026627544701061,-0.2321371598711983,0.1788820704690762,12.217,57.1
18658,1951-02-03 00:00:00,0.0171784762952157,-0.188651028823137,0.2230079814135684,12.217,57.1
18659,1951-02-04 00:00:00,0.1587262385502421,-0.0476574046906366,0.3651098817911209,12.217,57.1
18660,1951-02-05 00:00:00,0.240328509227751,0.0335394789706083,0.4471175394848938,12.217,57.1
18661,1951-02-06 00:00:00,0.2829486387422833,0.0764648120065421,0.4894324654780245,12.217,57.1
18662,1951-02-07 00:00:00,0.1317225937263616,-0.0743057661594215,0.3377509536121449,12.217,57.1
18663,1951-02-08 00:00:00,0.1558396714636406,-0.0498208824191893,0.3615002253464706,12.217,57.1
18664,1951-02-09 00:00:00,0.2517020243920868,0.0450596204507675,0.458344428333406,12.217,57.1
18665,1951-02-10 00:00:00,0.203791988109038,-0.0034884744601002,0.4110724506781763,12.217,57.1
18666,1951-02-11 00:00:00,0.0271620253378087,-0.1786863118471875,0.233010362522805,12.217,57.1
18667,1951-02-12 00:00:00,-0.020136837373543,-0.226026332228781,0.1857526574816949,12.217,57.1
18668,1951-02-13 00:00:00,0.0201262281654333,-0.185512706662627,0.2257651629934937,12.217,57.1
18669,1951-02-14 00:00:00,0.0270552606711236,-0.1784062808305822,0.2325168021728294,12.217,57.1
18670,1951-02-15 00:00:00,-0.088077358114817,-0.29407340474626,0.117918688516626,12.217,57.1
18671,1951-02-16 00:00:00,-0.0478405899579951,-0.2537059498166069,0.1580247699006165,12.217,57.1
18672,1951-02-17 00:00:00,0.0173261713853301,-0.1883337003499149,0.2229860431205751,12.217,57.1
18673,1951-02-18 00:00:00,0.2699520353843048,0.062859922421403,0.4770441483472065,12.217,57.1
18674,1951-02-19 00:00:00,0.3004828965574112,0.0928151121546692,0.5081506809601531,12.217,57.1
18675,1951-02-20 00:00:00,0.2823753028342047,0.076439218439989,0.4883113872284204,12.217,57.1
18676,1951-02-21 00:00:00,0.2470451040358508,0.0407705103847876,0.4533196976869139,12.217,57.1
18677,1951-02-22 00:00:00,0.3528422809539252,0.1450160561763727,0.5606685057314778,12.217,57.1
18678,1951-02-23 00:00:00,0.1529753952792377,-0.0533827840954804,0.359333574653956,12.217,57.1
18679,1951-02-24 00:00:00,0.106993442198029,-0.098670892965047,0.3126577773611051,12.217,57.1
18680,1951-02-25 00:00:00,0.0610775659991428,-0.1445011639779423,0.266656295976228,12.217,57.1
18681,1951-02-26 00:00:00,0.067165960837301,-0.1383583853395395,0.2726903070141415,12.217,57.1
18682,1951-02-27 00:00:00,0.0175462604396033,-0.1880913951013418,0.2231839159805485,12.217,57.1
18683,1951-02-28 00:00:00,-0.0663843986739009,-0.2722793445506749,0.1395105472028731,12.217,57.1
18684,1951-03-01 00:00:00,-0.0923574778694718,-0.298243004416865,0.1135280486779214,12.217,57.1
18685,1951-03-02 00:00:00,-0.0420806619230139,-0.2478632389984231,0.1637019151523953,12.217,57.1
18686,1951-03-03 00:00:00,-0.0658457256149343,-0.2714665332613936,0.139775082031525,12.217,57.1
18687,1951-03-04 00:00:00,-0.0501089729023487,-0.2558176211248683,0.1555996753201707,12.217,57.1
18688,1951-03-05 00:00:00,0.0172183571723274,-0.1884425348596941,0.2228792492043491,12.217,57.1
18689,1951-03-06 00:00:00,0.0610783196183326,-0.144402850919804,0.2665594901564694,12.217,57.1
18690,1951-03-07 00:00:00,0.0608560546451848,-0.1445724208577446,0.2662845301481144,12.217,57.1
18691,1951-03-08 00:00:00,-0.0044161794205051,-0.2099352382440687,0.2011028794030583,12.217,57.1
18692,1951-03-09 00:00:00,-0.084320166374669,-0.2901461110944256,0.1215057783450874,12.217,57.1
18693,1951-03-10 00:00:00,-0.0042743108993262,-0.2101338169320793,0.2015851951334269,12.217,57.1
18694,1951-03-11 00:00:00,0.0353988666255954,-0.1703848037667116,0.2411825370179025,12.217,57.1
18695,1951-03-12 00:00:00,0.1061917958179173,-0.0994675612013011,0.3118511528371359,12.217,57.1
18696,1951-03-13 00:00:00,0.1641316477806521,-0.0419849159403694,0.3702482115016737,12.217,57.1
18697,1951-03-14 00:00:00,0.1062765882505503,-0.1000093055431303,0.3125624820442311,12.217,57.1
18698,1951-03-15 00:00:00,0.3205236723567342,0.1132171437868749,0.5278302009265934,12.217,57.1
18699,1951-03-16 00:00:00,0.0711248127472161,-0.1368982140521552,0.2791478395465875,12.217,57.1
18700,1951-03-17 00:00:00,0.0602662961854164,-0.1465065537029421,0.267039146073775,12.217,57.1
18701,1951-03-18 00:00:00,0.0599198231253886,-0.1461768775972045,0.2660165238479819,12.217,57.1
18702,1951-03-19 00:00:00,0.1575012432842544,-0.0489018502207392,0.363904336789248,12.217,57.1
18703,1951-03-20 00:00:00,0.0945005798463973,-0.1124246314862925,0.3014257911790873,12.217,57.1
18704,1951-03-21 00:00:00,0.0775396774290995,-0.12995691313332,0.2850362679915192,12.217,57.1
18705,1951-03-22 00:00:00,0.0494110409990834,-0.1568833391838371,0.255705421182004,12.217,57.1
18706,1951-03-23 00:00:00,0.2874780282029594,0.0800599889841115,0.4948960674218073,12.217,57.1
18707,1951-03-24 00:00:00,0.4794883300598319,0.2715986985921297,0.6873779615275342,12.217,57.1
18708,1951-03-25 00:00:00,0.1111777797772269,-0.0953623254114549,0.3177178849659088,12.217,57.1
18709,1951-03-26 00:00:00,0.1215450218284467,-0.0842384313763967,0.3273284750332902,12.217,57.1
18710,1951-03-27 00:00:00,0.1395639048486922,-0.0665662689570322,0.3456940786544168,12.217,57.1
18711,1951-03-28 00:00:00,0.0848176294635363,-0.1211202636657138,0.2907555225927865,12.217,57.1
18712,1951-03-29 00:00:00,0.0551383565786707,-0.1513156941921388,0.2615924073494802,12.217,57.1
18713,1951-03-30 00:00:00,0.1318924351545712,-0.0738445351485549,0.3376294054576975,12.217,57.1
18714,1951-03-31 00:00:00,0.0880554354978653,-0.1175001206123307,0.2936109916080615,12.217,57.1
18715,1951-04-01 00:00:00,0.099998653144547,-0.105594964239312,0.305592270528406,12.217,57.1
18716,1951-04-02 00:00:00,0.158383552966896,-0.0472769945143617,0.3640441004481538,12.217,57.1
18717,1951-04-03 00:00:00,0.116771475578127,-0.0889680618157696,0.3225110129720237,12.217,57.1
18718,1951-04-04 00:00:00,0.0380742847959507,-0.1675832702115903,0.2437318398034917,12.217,57.1
18719,1951-04-05 00:00:00,0.2653549785467363,0.0580716146620665,0.472638342431406,12.217,57.1
18720,1951-04-06 00:00:00,0.3239273858756373,0.1166839161870791,0.5311708555641956,12.217,57.1
18721,1951-04-07 00:00:00,0.1444939607856118,-0.0615436070774189,0.3505315286486426,12.217,57.1
18722,1951-04-08 00:00:00,0.3000915873894534,0.094020367803474,0.5061628069754328,12.217,57.1
18723,1951-04-09 00:00:00,0.272567043969709,0.0657813459361453,0.4793527420032726,12.217,57.1
18724,1951-04-10 00:00:00,0.1750176646458532,-0.0316269352902681,0.3816622645819746,12.217,57.1
18725,1951-04-11 00:00:00,0.1126791174802082,-0.0931146427303475,0.3184728776907639,12.217,57.1
18726,1951-04-12 00:00:00,0.1075154316165502,-0.098180399035514,0.3132112622686146,12.217,57.1
18727,1951-04-13 00:00:00,0.1665403445553426,-0.0422663328112781,0.3753470219219633,12.217,57.1
18728,1951-04-14 00:00:00,0.2366146195791633,0.0273426694628182,0.4458865696955083,12.217,57.1
18729,1951-04-15 00:00:00,0.2138048132754531,0.0076558480981057,0.4199537784528004,12.217,57.1
18730,1951-04-16 00:00:00,0.1480470453239598,-0.0577754370127391,0.3538695276606588,12.217,57.1
18731,1951-04-17 00:00:00,0.264279105579782,0.0570475123027758,0.4715106988567883,12.217,57.1
18732,1951-04-18 00:00:00,0.3030779982689255,0.0966877319066537,0.5094682646311974,12.217,57.1
18733,1951-04-19 00:00:00,0.1500513263269349,-0.0562490051628747,0.3563516578167445,12.217,57.1
18734,1951-04-20 00:00:00,0.2187454828562077,0.0103817407335537,0.4271092249788616,12.217,57.1
18735,1951-04-21 00:00:00,0.0370930673308129,-0.1692057853283264,0.2433919199899523,12.217,57.1
18736,1951-04-22 00:00:00,-0.0408991186497788,-0.2464839873593265,0.1646857500597688,12.217,57.1
18737,1951-04-23 00:00:00,-0.016632559825047,-0.2220834806631532,0.1888183610130591,12.217,57.1
18738,1951-04-24 00:00:00,0.0527707500984602,-0.1527670889818087,0.2583085891787293,12.217,57.1
18739,1951-04-25 00:00:00,0.0559755114428345,-0.1497378671524949,0.2616888900381638,12.217,57.1
18740,1951-04-26 00:00:00,0.0266642121033165,-0.1789251904370103,0.2322536146436434,12.217,57.1
18741,1951-04-27 00:00:00,0.0670209600301517,-0.138889843236124,0.2729317632964275,12.217,57.1
18742,1951-04-28 00:00:00,0.0673088608115317,-0.1386780439358931,0.2732957655589565,12.217,57.1
18743,1951-04-29 00:00:00,0.0275416489082869,-0.1780717065140777,0.2331550043306515,12.217,57.1
18744,1951-04-30 00:00:00,-0.0636333929952533,-0.2692587555850406,0.1419919695945339,12.217,57.1
18745,1951-05-01 00:00:00,-0.0390789711722697,-0.2448867302710476,0.1667287879265082,12.217,57.1
18746,1951-05-02 00:00:00,0.00411107519011,-0.2020120875033653,0.2102342378835855,12.217,57.1
18747,1951-05-03 00:00:00,-0.0365418570825971,-0.2421255701053548,0.1690418559401605,12.217,57.1
18748,1951-05-04 00:00:00,0.0105063991565048,-0.1949443336195622,0.215957131932572,12.217,57.1
18749,1951-05-05 00:00:00,0.0374127834749324,-0.1681190946211045,0.2429446615709694,12.217,57.1
18750,1951-05-06 00:00:00,-0.0002916104729554,-0.2058384168229667,0.2052551958770558,12.217,57.1
18751,1951-05-07 00:00:00,-0.01467375230574,-0.2202663435324059,0.1909188389209258,12.217,57.1
18752,1951-05-08 00:00:00,0.0020100547333439,-0.2037401397217686,0.2077602491884564,12.217,57.1
18753,1951-05-09 00:00:00,-0.1153258703019835,-0.321393377704458,0.0907416371004909,12.217,57.1
18754,1951-05-10 00:00:00,-0.0741908494012301,-0.2800806004403683,0.1316989016379079,12.217,57.1
18755,1951-05-11 00:00:00,-0.0638806313849466,-0.2695761641456407,0.1418149013757473,12.217,57.1
18756,1951-05-12 00:00:00,-0.0231521129322082,-0.2290340537057641,0.1827298278413475,12.217,57.1
18757,1951-05-13 00:00:00,0.1096787148521879,-0.0958381600069804,0.3151955897113563,12.217,57.1
18758,1951-05-14 00:00:00,0.0991904169532818,-0.1064254961925466,0.3048063300991104,12.217,57.1
18759,1951-05-15 00:00:00,0.0566161768711534,-0.1491139315657757,0.2623462853080827,12.217,57.1
18760,1951-05-16 00:00:00,0.0809385957863881,-0.1247155042924968,0.2865926958652732,12.217,57.1
18761,1951-05-17 00:00:00,-0.0430329066374557,-0.2488174711781993,0.1627516579032878,12.217,57.1
18762,1951-05-18 00:00:00,-0.0614841398563242,-0.2670538389305761,0.1440855592179276,12.217,57.1
18763,1951-05-19 00:00:00,-0.0455505415040446,-0.2510075924948406,0.1599065094867513,12.217,57.1
18764,1951-05-20 00:00:00,0.0008537803687155,-0.2046300578635627,0.2063376186009937,12.217,57.1
18765,1951-05-21 00:00:00,0.0377439847022244,-0.167789092674271,0.2432770620787199,12.217,57.1
18766,1951-05-22 00:00:00,0.0476397838821771,-0.1580070986075545,0.2532866663719088,12.217,57.1
18767,1951-05-23 00:00:00,0.0671109517252362,-0.1384172526257877,0.2726391560762602,12.217,57.1
18768,1951-05-24 00:00:00,0.0333065062475708,-0.1723532703864952,0.2389662828816368,12.217,57.1
18769,1951-05-25 00:00:00,0.0145306327918111,-0.1912127908283739,0.2202740564119962,12.217,57.1
18770,1951-05-26 00:00:00,-0.019241593476882,-0.2250080795592772,0.1865248926055131,12.217,57.1
18771,1951-05-27 00:00:00,0.0246506596421869,-0.1812457017249449,0.2305470210093188,12.217,57.1
18772,1951-05-28 00:00:00,0.0186007152929096,-0.1873261299954225,0.2245275605812419,12.217,57.1
18773,1951-05-29 00:00:00,0.0186498786520216,-0.188052953403269,0.2253527107073122,12.217,57.1
18774,1951-05-30 00:00:00,-0.0408474818888747,-0.2483216208019694,0.1666266570242199,12.217,57.1
18775,1951-05-31 00:00:00,0.0036027833361832,-0.2020037977819902,0.2092093644543567,12.217,57.1
18776,1951-06-01 00:00:00,0.0424036143655294,-0.1630761928445226,0.2478834215755815,12.217,57.1
18777,1951-06-02 00:00:00,0.0527275443444806,-0.1529059074390523,0.2583609961280137,12.217,57.1
18778,1951-06-03 00:00:00,0.0654207047321278,-0.140170139858511,0.2710115493227667,12.217,57.1
18779,1951-06-04 00:00:00,0.0164713457322857,-0.1891185805417442,0.2220612720063156,12.217,57.1
18780,1951-06-05 00:00:00,0.0200752832384147,-0.1856333861897653,0.2257839526665947,12.217,57.1
18781,1951-06-06 00:00:00,0.0293139673545317,-0.1764284872867334,0.235056421995797,12.217,57.1
18782,1951-06-07 00:00:00,0.0029701448353005,-0.2030248364386729,0.2089651261092739,12.217,57.1
18783,1951-06-08 00:00:00,0.0018840842558389,-0.203826836143972,0.2075950046556499,12.217,57.1
18784,1951-06-09 00:00:00,0.0795775003790547,-0.1260501154638865,0.2852051162219961,12.217,57.1
18785,1951-06-10 00:00:00,0.097625360984592,-0.107957283058995,0.3032080050281791,12.217,57.1
18786,1951-06-11 00:00:00,0.0529881603622693,-0.1526046494889957,0.2585809702135344,12.217,57.1
18787,1951-06-12 00:00:00,0.0367581428335629,-0.1689009377124277,0.2424172233795535,12.217,57.1
18788,1951-06-13 00:00:00,0.1820355351308663,-0.0241092013880896,0.3881802716498224,12.217,57.1
18789,1951-06-14 00:00:00,0.0565727639970009,-0.1499574525705013,0.2631029805645031,12.217,57.1
18790,1951-06-15 00:00:00,0.173084219045717,-0.0324938761243606,0.3786623142157948,12.217,57.1
18791,1951-06-16 00:00:00,0.1156156127972516,-0.0901854040683717,0.321416629662875,12.217,57.1
18792,1951-06-17 00:00:00,0.0366811556458107,-0.1689739479878287,0.2423362592794501,12.217,57.1
18793,1951-06-18 00:00:00,0.1066075380093967,-0.0989986308735745,0.3122137068923681,12.217,57.1
18794,1951-06-19 00:00:00,0.0667003398736966,-0.1391960411105496,0.2725967208579429,12.217,57.1
18795,1951-06-20 00:00:00,0.094348556265988,-0.1116801579370407,0.3003772704690169,12.217,57.1
18796,1951-06-21 00:00:00,0.0313425403978783,-0.1744288559039801,0.2371139366997366,12.217,57.1
18797,1951-06-22 00:00:00,0.0099082242722305,-0.1956703073854007,0.2154867559298619,12.217,57.1
18798,1951-06-23 00:00:00,0.04053775050786,-0.1650854814781168,0.246160982493837,12.217,57.1
18799,1951-06-24 00:00:00,0.1239031051130055,-0.0819948469033811,0.3298010571293922,12.217,57.1
18800,1951-06-25 00:00:00,0.1606672847311816,-0.0452794791344687,0.366614048596832,12.217,57.1
18801,1951-06-26 00:00:00,0.1166132746118462,-0.0896332292283335,0.322859778452026,12.217,57.1
18802,1951-06-27 00:00:00,0.1658695416533785,-0.0401038354658292,0.3718429187725863,12.217,57.1
18803,1951-06-28 00:00:00,0.1009668245436474,-0.1048472451060769,0.3067808941933719,12.217,57.1
18804,1951-06-29 00:00:00,0.1125801991027336,-0.0930146653401442,0.3181750635456116,12.217,57.1
18805,1951-06-30 00:00:00,0.0199896043857882,-0.1857162163315319,0.2256954251031084,12.217,57.1
18806,1951-07-01 00:00:00,0.0068010433245823,-0.1987800746679421,0.2123821613171067,12.217,57.1
18807,1951-07-02 00:00:00,0.1243836006102684,-0.0811493195059846,0.3299165207265214,12.217,57.1
18808,1951-07-03 00:00:00,0.1870417056372776,-0.0187305379412625,0.3928139492158177,12.217,57.1
18809,1951-07-04 00:00:00,0.2248013737141446,0.0189256699434787,0.4306770774848105,12.217,57.1
18810,1951-07-05 00:00:00,0.1539267141427865,-0.0519233072711979,0.359776735556771,12.217,57.1
18811,1951-07-06 00:00:00,0.143009679658365,-0.0627039976931922,0.3487233570099223,12.217,57.1
18812,1951-07-07 00:00:00,0.1410744041185878,-0.0644626496837906,0.3466114579209662,12.217,57.1
18813,1951-07-08 00:00:00,0.2238245094580158,0.018192155028219,0.4294568638878127,12.217,57.1
18814,1951-07-09 00:00:00,0.1428291374087512,-0.0628413414079145,0.3484996162254169,12.217,57.1
18815,1951-07-10 00:00:00,0.1715839881330533,-0.0339965501634046,0.3771645264295113,12.217,57.1
18816,1951-07-11 00:00:00,0.1485065189038091,-0.0572014581311464,0.3542144959387647,12.217,57.1
18817,1951-07-12 00:00:00,0.1229914023397617,-0.0827116899690472,0.3286944946485707,12.217,57.1
18818,1951-07-13 00:00:00,0.1175691887123291,-0.0882799285427624,0.3234183059674207,12.217,57.1
18819,1951-07-14 00:00:00,0.0755804379922339,-0.1301597182198195,0.2813205942042873,12.217,57.1
18820,1951-07-15 00:00:00,0.0653515799007976,-0.1405718728668548,0.2712750326684501,12.217,57.1
18821,1951-07-16 00:00:00,0.0426983817384501,-0.1629736859304133,0.2483704494073136,12.217,57.1
18822,1951-07-17 00:00:00,0.0794335845811489,-0.1261871633340192,0.2850543324963172,12.217,57.1
18823,1951-07-18 00:00:00,0.2134572572670683,0.0076411825359765,0.4192733319981602,12.217,57.1
18824,1951-07-19 00:00:00,0.212517043759965,0.0065434965535758,0.4184905909663543,12.217,57.1
18825,1951-07-20 00:00:00,0.1697352541445728,-0.0363654183056753,0.3758359265948209,12.217,57.1
18826,1951-07-21 00:00:00,0.1032628885537612,-0.1025176059659807,0.3090433830735032,12.217,57.1
18827,1951-07-22 00:00:00,0.0271967170423658,-0.1785351397346677,0.2329285738193993,12.217,57.1
18828,1951-07-23 00:00:00,0.0939042240094668,-0.1116147266722789,0.2994231746912125,12.217,57.1
18829,1951-07-24 00:00:00,0.0953030404619999,-0.1102320268960886,0.3008381078200886,12.217,57.1
18830,1951-07-25 00:00:00,0.0095964150230176,-0.1959747264206378,0.2151675564666731,12.217,57.1
18831,1951-07-26 00:00:00,-0.0146913578911129,-0.2201829410572779,0.1908002252750522,12.217,57.1
18832,1951-07-27 00:00:00,0.0074477081048835,-0.1979817066370113,0.2128771228467785,12.217,57.1
18833,1951-07-28 00:00:00,0.0827685185099498,-0.122783828029302,0.2883208650492018,12.217,57.1
18834,1951-07-29 00:00:00,0.1459168841224116,-0.0596375484754435,0.3514713167202669,12.217,57.1
18835,1951-07-30 00:00:00,0.1154940809508953,-0.0902124850326927,0.3212006469344836,12.217,57.1
18836,1951-07-31 00:00:00,0.0252789904159669,-0.1803157680646208,0.2308737488965546,12.217,57.1
18837,1951-08-01 00:00:00,0.0763130866310827,-0.1292495394408654,0.2818757127030309,12.217,57.1
18838,1951-08-02 00:00:00,0.0987969005310507,-0.1068837663563574,0.304477567418459,12.217,57.1
18839,1951-08-03 00:00:00,0.0805009319251207,-0.1254519206189728,0.2864537844692144,12.217,57.1
18840,1951-08-04 00:00:00,0.0359561847811755,-0.1696189925940788,0.2415313621564299,12.217,57.1
18841,1951-08-05 00:00:00,0.086841704555104,-0.1187222599103566,0.2924056690205647,12.217,57.1
18842,1951-08-06 00:00:00,0.0958697061126731,-0.1099492601006102,0.3016886723259566,12.217,57.1
18843,1951-08-07 00:00:00,0.0776064080673644,-0.1280750534342732,0.2832878695690021,12.217,57.1
18844,1951-08-08 00:00:00,0.1724033492341188,-0.0333533945347842,0.3781600930030218,12.217,57.1
18845,1951-08-09 00:00:00,0.0933128412923245,-0.1128455589968858,0.299471241581535,12.217,57.1
18846,1951-08-10 00:00:00,0.1431400914925999,-0.0638036787867512,0.350083861771951,12.217,57.1
18847,1951-08-11 00:00:00,0.4442113170202758,0.236158712241042,0.6522639217995096,12.217,57.1
18848,1951-08-12 00:00:00,0.3584397015538297,0.1492787330840588,0.5676006700236007,12.217,57.1
18849,1951-08-13 00:00:00,0.2329912453178961,0.026522171933267,0.4394603187025252,12.217,57.1
18850,1951-08-14 00:00:00,0.275055271034767,0.0673981082692079,0.4827124338003261,12.217,57.1
18851,1951-08-15 00:00:00,0.2112492989114169,0.0043017356270254,0.4181968621958084,12.217,57.1
18852,1951-08-16 00:00:00,0.1195759393942269,-0.0859838760844082,0.3251357548728621,12.217,57.1
18853,1951-08-17 00:00:00,0.0753600481097088,-0.1300827277559948,0.2808028239754124,12.217,57.1
18854,1951-08-18 00:00:00,0.0860700619116593,-0.1193838020720403,0.2915239258953589,12.217,57.1
18855,1951-08-19 00:00:00,0.0722037333387978,-0.1332129133762845,0.2776203800538802,12.217,57.1
18856,1951-08-20 00:00:00,0.1918931281368236,-0.0142345727965309,0.3980208290701782,12.217,57.1
18857,1951-08-21 00:00:00,-0.0083338800843001,-0.2152595890235478,0.1985918288549475,12.217,57.1
18858,1951-08-22 00:00:00,0.0123459215331775,-0.1933078268492045,0.2179996699155595,12.217,57.1
18859,1951-08-23 00:00:00,0.020761404424883,-0.1848283481452159,0.226351156994982,12.217,57.1
18860,1951-08-24 00:00:00,0.0175254193366781,-0.1880232924280943,0.2230741311014505,12.217,57.1
18861,1951-08-25 00:00:00,0.0391313623745752,-0.1663237525136676,0.2445864772628181,12.217,57.1
18862,1951-08-26 00:00:00,0.1144023807760097,-0.0911728538764094,0.3199776154284289,12.217,57.1
18863,1951-08-27 00:00:00,0.1178369518352548,-0.0876046671530741,0.3232785708235839,12.217,57.1
18864,1951-08-28 00:00:00,0.1395124005226496,-0.0661055332802477,0.3451303343255471,12.217,57.1
18865,1951-08-29 00:00:00,0.1521896086708462,-0.0536903943166516,0.3580696116583441,12.217,57.1
18866,1951-08-30 00:00:00,0.095147469727843,-0.1107150883369381,0.3010100277926242,12.217,57.1
18867,1951-08-31 00:00:00,0.1247393722923974,-0.081225466486374,0.330704211071169,12.217,57.1
18868,1951-09-01 00:00:00,-0.0138529915542115,-0.2202782272614435,0.1925722441530204,12.217,57.1
18869,1951-09-02 00:00:00,0.1727946257675224,-0.033206654682256,0.378795906217301,12.217,57.1
18870,1951-09-03 00:00:00,0.1374632464386874,-0.068731293662679,0.3436577865400538,12.217,57.1
18871,1951-09-04 00:00:00,0.0751028510540587,-0.130839733353951,0.2810454354620684,12.217,57.1
18872,1951-09-05 00:00:00,0.1146418371032518,-0.0910955775187226,0.3203792517252264,12.217,57.1
18873,1951-09-06 00:00:00,0.1000188049162902,-0.1057274778139678,0.3057650876465483,12.217,57.1
18874,1951-09-07 00:00:00,-0.0083306203221652,-0.2139147613711206,0.1972535207267902,12.217,57.1
18875,1951-09-08 00:00:00,-0.0542713830431824,-0.2598239626002655,0.1512811965139006,12.217,57.1
18876,1951-09-09 00:00:00,-0.0483173269977765,-0.2538076000888105,0.1571729460932573,12.217,57.1
18877,1951-09-10 00:00:00,0.0069119961114893,-0.1985928230154442,0.2124168152384229,12.217,57.1
18878,1951-09-11 00:00:00,0.0260081832129229,-0.1794903819289653,0.2315067483548113,12.217,57.1
18879,1951-09-12 00:00:00,0.0994287402802138,-0.1061736936371663,0.3050311741975941,12.217,57.1
18880,1951-09-13 00:00:00,0.0697100705017795,-0.1357913441556252,0.2752114851591843,12.217,57.1
18881,1951-09-14 00:00:00,0.1420134724504377,-0.0636067329979394,0.3476336778988148,12.217,57.1
18882,1951-09-15 00:00:00,0.2240977253287835,0.0176626902121876,0.4305327604453794,12.217,57.1
18883,1951-09-16 00:00:00,0.1957327893154113,-0.0106042583687794,0.4020698369996022,12.217,57.1
18884,1951-09-17 00:00:00,0.3144018792581594,0.1076909445790255,0.5211128139372934,12.217,57.1
18885,1951-09-18 00:00:00,0.2460250341600837,0.0403052531141961,0.4517448152059712,12.217,57.1
18886,1951-09-19 00:00:00,0.2379937029101049,0.0320450698275684,0.4439423359926415,12.217,57.1
18887,1951-09-20 00:00:00,0.1056342663448593,-0.100438680583479,0.3117072132731977,12.217,57.1
18888,1951-09-21 00:00:00,-0.0376523370335703,-0.2432391256476092,0.1679344515804685,12.217,57.1
18889,1951-09-22 00:00:00,-0.0205414652246601,-0.2260147878687459,0.1849318574194256,12.217,57.1
18890,1951-09-23 00:00:00,0.0447575399320526,-0.1606729127967582,0.2501879926608635,12.217,57.1
18891,1951-09-24 00:00:00,0.1074041999041949,-0.0981219780445943,0.3129303778529841,12.217,57.1
18892,1951-09-25 00:00:00,0.1497271043384321,-0.0562706530910152,0.3557248617678795,12.217,57.1
18893,1951-09-26 00:00:00,0.0854497575595736,-0.120237736496188,0.2911372516153353,12.217,57.1
18894,1951-09-27 00:00:00,0.142286751171721,-0.0633739731965102,0.3479474755399524,12.217,57.1
18895,1951-09-28 00:00:00,0.0439981575775886,-0.1617362767256181,0.2497325918807953,12.217,57.1
18896,1951-09-29 00:00:00,0.0511739743018914,-0.1543402161721283,0.2566881647759111,12.217,57.1
18897,1951-09-30 00:00:00,-0.0789808028483317,-0.2844568715974584,0.126495265900795,12.217,57.1
18898,1951-10-01 00:00:00,-0.0966337568461032,-0.3020950627921123,0.1088275490999058,12.217,57.1
18899,1951-10-02 00:00:00,-0.1127946902235476,-0.3182960065677239,0.0927066261206286,12.217,57.1
18900,1951-10-03 00:00:00,-0.0907940188417107,-0.2963040738256367,0.1147160361422152,12.217,57.1
18901,1951-10-04 00:00:00,-0.0538737463305348,-0.2592939149501387,0.1515464222890689,12.217,57.1
18902,1951-10-05 00:00:00,-0.0342859513412355,-0.2397162721699568,0.1711443694874857,12.217,57.1
18903,1951-10-06 00:00:00,-0.0496140561719844,-0.2550218178287831,0.1557937054848142,12.217,57.1
18904,1951-10-07 00:00:00,-0.0354372883765725,-0.2408977140536486,0.1700231373005035,12.217,57.1
18905,1951-10-08 00:00:00,-0.0077750167214361,-0.213328243714957,0.1977782102720848,12.217,57.1
18906,1951-10-09 00:00:00,-0.0078512449140683,-0.2133996608643411,0.1976971710362043,12.217,57.1
18907,1951-10-10 00:00:00,0.00116430024082,-0.2043681952887355,0.2066967957703755,12.217,57.1
18908,1951-10-11 00:00:00,-0.0058490399885278,-0.2113689128705821,0.1996708328935264,12.217,57.1
18909,1951-10-12 00:00:00,-0.0591617976113412,-0.2647411052667574,0.146417510044075,12.217,57.1
18910,1951-10-13 00:00:00,-0.0102873441261271,-0.2158092057913703,0.195234517539116,12.217,57.1
18911,1951-10-14 00:00:00,-0.0137618190474772,-0.219311952227036,0.1917883141320816,12.217,57.1
18912,1951-10-15 00:00:00,-0.0324321900868123,-0.2380053741628898,0.173140993989265,12.217,57.1
18913,1951-10-16 00:00:00,-0.027805537902021,-0.2334211220359214,0.1778100462318793,12.217,57.1
18914,1951-10-17 00:00:00,0.0086301618367811,-0.1970938379349178,0.2143541616084802,12.217,57.1
18915,1951-10-18 00:00:00,0.0164850152257346,-0.1895606526265373,0.2225306830780067,12.217,57.1
18916,1951-10-19 00:00:00,-0.0025395765865117,-0.2081265062187251,0.2030473530457016,12.217,57.1
18917,1951-10-20 00:00:00,0.0980984509704433,-0.1075881844476313,0.3037850863885179,12.217,57.1
18918,1951-10-21 00:00:00,0.168570567777431,-0.037277176507273,0.3744183120621351,12.217,57.1
18919,1951-10-22 00:00:00,0.2250751660908959,0.018525149208178,0.4316251829736138,12.217,57.1
18920,1951-10-23 00:00:00,0.1324044644392753,-0.0739717987263835,0.3387807276049341,12.217,57.1
18921,1951-10-24 00:00:00,0.0027507589666663,-0.2028336299332043,0.2083351478665369,12.217,57.1
18922,1951-10-25 00:00:00,0.0744721970566924,-0.1312532573027509,0.2801976514161358,12.217,57.1
18923,1951-10-26 00:00:00,0.0743128802727538,-0.131359182347105,0.2799849428926127,12.217,57.1
18924,1951-10-27 00:00:00,-0.0242933232399286,-0.2299284678817495,0.1813418214018921,12.217,57.1
18925,1951-10-28 00:00:00,-0.0434466782088469,-0.2489090014818851,0.1620156450641912,12.217,57.1
18926,1951-10-29 00:00:00,0.0069947765096547,-0.1984827979091054,0.212472350928415,12.217,57.1
18927,1951-10-30 00:00:00,0.0470475541419263,-0.1584266180109567,0.2525217262948093,12.217,57.1
18928,1951-10-31 00:00:00,0.1302759819099085,-0.0752592708965599,0.3358112347163769,12.217,57.1
18929,1951-11-01 00:00:00,0.1242699922680873,-0.0813625100606147,0.3299024945967895,12.217,57.1
18930,1951-11-02 00:00:00,0.0554793031482467,-0.1500432286158926,0.2610018349123861,12.217,57.1
18931,1951-11-03 00:00:00,0.1170946389555359,-0.0884286140057807,0.3226178919168526,12.217,57.1
18932,1951-11-04 00:00:00,0.1055066949510912,-0.1005660702156384,0.3115794601178209,12.217,57.1
18933,1951-11-05 00:00:00,-0.0124922376703348,-0.2188960128355025,0.1939115374948328,12.217,57.1
18934,1951-11-06 00:00:00,0.0132062092969057,-0.1929591704042252,0.2193715889980368,12.217,57.1
18935,1951-11-07 00:00:00,0.1286920957437365,-0.0775837066826876,0.3349678981701608,12.217,57.1
18936,1951-11-08 00:00:00,0.1806350400683869,-0.0257547063968221,0.3870247865335959,12.217,57.1
18937,1951-11-09 00:00:00,0.138997394985474,-0.0667771757513161,0.3447719657222642,12.217,57.1
18938,1951-11-10 00:00:00,0.1115526241243257,-0.0952741825679386,0.3183794308165901,12.217,57.1
18939,1951-11-11 00:00:00,-0.0185270542577439,-0.2258057959988081,0.1887516874833201,12.217,57.1
18940,1951-11-12 00:00:00,0.0356168939250317,-0.1708742605115429,0.2421080483616063,12.217,57.1
18941,1951-11-13 00:00:00,0.0130160850226303,-0.1933308650975117,0.2193630351427724,12.217,57.1
18942,1951-11-14 00:00:00,0.0630553983625023,-0.1433291645671141,0.2694399612921186,12.217,57.1
18943,1951-11-15 00:00:00,0.0002641395488484,-0.2056204075189768,0.2061486866166737,12.217,57.1
18944,1951-11-16 00:00:00,0.08886091759494,-0.1171351772917894,0.2948570124816695,12.217,57.1
18945,1951-11-17 00:00:00,0.1367420651715264,-0.0693915140502753,0.3428756443933283,12.217,57.1
18946,1951-11-18 00:00:00,0.2169313321303692,0.0112407077727223,0.4226219564880161,12.217,57.1
18947,1951-11-19 00:00:00,0.2140975013984038,0.0083096827835503,0.4198853200132572,12.217,57.1
18948,1951-11-20 00:00:00,0.2204490504662254,0.0142584888133083,0.4266396121191426,12.217,57.1
18949,1951-11-21 00:00:00,0.2697388955561494,0.0623439911771123,0.4771337999351864,12.217,57.1
18950,1951-11-22 00:00:00,0.4380533141093081,0.2301721602463149,0.6459344679723014,12.217,57.1
18951,1951-11-23 00:00:00,0.2500992824852691,0.0427873375567743,0.4574112274137639,12.217,57.1
18952,1951-11-24 00:00:00,0.2842851261966495,0.0780418248486194,0.4905284275446795,12.217,57.1
18953,1951-11-25 00:00:00,0.449912044641,0.2423285296262438,0.6574955596557561,12.217,57.1
18954,1951-11-26 00:00:00,0.3766639704146114,0.1665279729694675,0.5867999678597553,12.217,57.1
18955,1951-11-27 00:00:00,0.1223768276124649,-0.0842602564208682,0.3290139116457981,12.217,57.1
18956,1951-11-28 00:00:00,0.5371533324541525,0.330448601956874,0.7438580629514311,12.217,57.1
18957,1951-11-29 00:00:00,0.3494664477068046,0.1416360418750336,0.5572968535385755,12.217,57.1
18958,1951-11-30 00:00:00,0.1106220053967874,-0.0962685743487971,0.317512585142372,12.217,57.1
18959,1951-12-01 00:00:00,0.7128612701124661,0.5041712454173429,0.9215512948075892,12.217,57.1
18960,1951-12-02 00:00:00,0.4865833047340501,0.2758610395468273,0.6973055699212729,12.217,57.1
18961,1951-12-03 00:00:00,0.0850267637858404,-0.1223978576610164,0.2924513852326973,12.217,57.1
18962,1951-12-04 00:00:00,0.1016691519130164,-0.1056233101539436,0.3089616139799764,12.217,57.1
18963,1951-12-05 00:00:00,0.4357984619322315,0.225281056393695,0.646315867470768,12.217,57.1
18964,1951-12-06 00:00:00,0.7463643191445176,0.5366540057998472,0.956074632489188,12.217,57.1
18965,1951-12-07 00:00:00,0.254756643248788,0.0448805622229746,0.4646327242746013,12.217,57.1
18966,1951-12-08 00:00:00,0.3577886941848301,0.1513262799430069,0.5642511084266533,12.217,57.1
18967,1951-12-09 00:00:00,0.3691358783369938,0.1585478019194096,0.5797239547545779,12.217,57.1
18968,1951-12-10 00:00:00,0.5510335493222697,0.338972994731867,0.7630941039126723,12.217,57.1
18969,1951-12-11 00:00:00,0.0976417220200079,-0.1091689629545848,0.3044524069946007,12.217,57.1
18970,1951-12-12 00:00:00,-0.0618873587559098,-0.2679479293560975,0.1441732118442779,12.217,57.1
18971,1951-12-13 00:00:00,0.1549041489952801,-0.0510187808380862,0.3608270788286465,12.217,57.1
18972,1951-12-14 00:00:00,0.0912406934771317,-0.1145162197981287,0.2969976067523922,12.217,57.1
18973,1951-12-15 00:00:00,0.2017113301385858,-0.00409592923342,0.4075185895105917,12.217,57.1
18974,1951-12-16 00:00:00,0.3322904936842621,0.1262406146085682,0.5383403727599559,12.217,57.1
18975,1951-12-17 00:00:00,0.0359550625849175,-0.1699480035314817,0.2418581287013168,12.217,57.1
18976,1951-12-18 00:00:00,0.0632405236980503,-0.1425437765477669,0.2690248239438675,12.217,57.1
18977,1951-12-19 00:00:00,0.1312556902430915,-0.0744018049054563,0.3369131853916395,12.217,57.1
18978,1951-12-20 00:00:00,0.1063564876403035,-0.0993394680893559,0.3120524433699631,12.217,57.1
18979,1951-12-21 00:00:00,0.1275729029981096,-0.0780850734734011,0.3332308794696204,12.217,57.1
18980,1951-12-22 00:00:00,0.0473028401674217,-0.1587838196447475,0.253389499979591,12.217,57.1
18981,1951-12-23 00:00:00,0.1522934549847988,-0.0533886403553013,0.3579755503248991,12.217,57.1
18982,1951-12-24 00:00:00,0.1148468526383934,-0.0907794874588516,0.3204731927356386,12.217,57.1
18983,1951-12-25 00:00:00,0.2388308750647476,0.0310534012002028,0.4466083489292923,12.217,57.1
18984,1951-12-26 00:00:00,0.4104397821737326,0.2016013348603708,0.6192782294870943,12.217,57.1
18985,1951-12-27 00:00:00,0.1787346134070071,-0.027739057427699,0.3852082842417132,12.217,57.1
18986,1951-12-28 00:00:00,0.2988317494162271,0.0924323243193666,0.5052311745130875,12.217,57.1
18987,1951-12-29 00:00:00,0.3715126111039472,0.1635968005878102,0.5794284216200841,12.217,57.1
18988,1951-12-30 00:00:00,0.181656676363394,-0.0252540782904582,0.3885674310172462,12.217,57.1
18989,1951-12-31 00:00:00,0.2914777718950621,0.0826011929983892,0.5003543507917351,12.217,57.1
18990,1952-01-01 00:00:00,0.7537800036535633,0.5422001493805515,0.9653598579265752,12.217,57.1
18991,1952-01-02 00:00:00,0.1911656652956825,-0.0164808733982576,0.3988122039896227,12.217,57.1
18992,1952-01-03 00:00:00,0.2181189238370743,0.0120945403007939,0.4241433073733546,12.217,57.1
18993,1952-01-04 00:00:00,0.1188188439503394,-0.0869694720364533,0.3246071599371322,12.217,57.1
18994,1952-01-05 00:00:00,0.0088963565794031,-0.1967612666509987,0.214553979809805,12.217,57.1
18995,1952-01-06 00:00:00,-0.0317451600641342,-0.2374019675026613,0.1739116473743927,12.217,57.1
18996,1952-01-07 00:00:00,0.1753378946543072,-0.0306649577919196,0.3813407471005341,12.217,57.1
18997,1952-01-08 00:00:00,0.1727694169541657,-0.0336202149200719,0.3791590488284033,12.217,57.1
18998,1952-01-09 00:00:00,0.2084679505910021,0.0010165898768525,0.4159193113051518,12.217,57.1
18999,1952-01-10 00:00:00,0.4976753745223687,0.2896697463016512,0.7056810027430863,12.217,57.1
19000,1952-01-11 00:00:00,0.4389706053214827,0.2321634743633392,0.6457777362796262,12.217,57.1
19001,1952-01-12 00:00:00,0.2863097590681594,0.0798764570073708,0.492743061128948,12.217,57.1
19002,1952-01-13 00:00:00,0.1473712877503758,-0.059784384745522,0.3545269602462737,12.217,57.1
19003,1952-01-14 00:00:00,0.0574590836941187,-0.1494471331292769,0.2643653005175144,12.217,57.1
19004,1952-01-15 00:00:00,0.3448124250176062,0.1376837036911373,0.5519411463440751,12.217,57.1
19005,1952-01-16 00:00:00,0.9086944444625048,0.6947604399773408,1.122628448947669,12.217,57.1
19006,1952-01-17 00:00:00,0.4059016581449033,0.1926281025171888,0.6191752137726177,12.217,57.1
19007,1952-01-18 00:00:00,0.3095499893433443,0.1026948368003352,0.5164051418863534,12.217,57.1
19008,1952-01-19 00:00:00,0.0942169427425143,-0.1129422206183754,0.3013761061034041,12.217,57.1
19009,1952-01-20 00:00:00,-0.0219228494012959,-0.2313921828292727,0.1875464840266808,12.217,57.1
19010,1952-01-21 00:00:00,-0.2211038770518618,-0.4307386419546007,-0.0114691121491229,12.217,57.1
19011,1952-01-22 00:00:00,-0.2072508904041917,-0.4139133154384632,-0.0005884653699201,12.217,57.1
19012,1952-01-23 00:00:00,-0.0375968775256305,-0.2433261259404716,0.1681323708892105,12.217,57.1
19013,1952-01-24 00:00:00,0.0082695449062037,-0.1973731511067304,0.2139122409191378,12.217,57.1
19014,1952-01-25 00:00:00,0.1133956589816321,-0.0922978104738461,0.3190891284371103,12.217,57.1
19015,1952-01-26 00:00:00,0.189075349699984,-0.0166448658373405,0.3947955652373087,12.217,57.1
19016,1952-01-27 00:00:00,0.2052848307489088,-0.0005450243937281,0.4111146858915457,12.217,57.1
19017,1952-01-28 00:00:00,0.1400382561708528,-0.0658400607625506,0.3459165731042563,12.217,57.1
19018,1952-01-29 00:00:00,0.0665574823509186,-0.1391387463167991,0.2722537110186365,12.217,57.1
19019,1952-01-30 00:00:00,0.1028791280723962,-0.1030038140322804,0.3087620701770729,12.217,57.1
19020,1952-01-31 00:00:00,0.024327850294892,-0.1817142499478735,0.2303699505376576,12.217,57.1
19021,1952-02-01 00:00:00,0.2835942899156282,0.0759620488325483,0.491226530998708,12.217,57.1
19022,1952-02-02 00:00:00,0.3945829301846102,0.1863918545551944,0.602774005814026,12.217,57.1
19023,1952-02-03 00:00:00,0.1993892644202477,-0.0072421720593684,0.4060207008998638,12.217,57.1
19024,1952-02-04 00:00:00,0.161336941895494,-0.044320523917752,0.3669944077087402,12.217,57.1
19025,1952-02-05 00:00:00,-0.0580194548380749,-0.263702632967858,0.147663723291708,12.217,57.1
19026,1952-02-06 00:00:00,-0.07300990077782,-0.2786952533386438,0.1326754517830037,12.217,57.1
19027,1952-02-07 00:00:00,0.2754571887984731,0.0693857465015585,0.4815286310953877,12.217,57.1
19028,1952-02-08 00:00:00,0.4322198820551249,0.2259660805511207,0.6384736835591293,12.217,57.1
19029,1952-02-09 00:00:00,0.1955963819595098,-0.0119370680359549,0.4031298319549746,12.217,57.1
19030,1952-02-10 00:00:00,0.0481379099255236,-0.1583167974759985,0.2545926173270459,12.217,57.1
19031,1952-02-11 00:00:00,0.147014949443015,-0.0590966185838947,0.3531265174699247,12.217,57.1
19032,1952-02-12 00:00:00,0.0521115044952324,-0.1578470949149369,0.2620701039054017,12.217,57.1
19033,1952-02-13 00:00:00,0.003974017530346,-0.2027039477503087,0.2106519828110009,12.217,57.1
19034,1952-02-14 00:00:00,0.0970025325855978,-0.1086419313095021,0.3026469964806978,12.217,57.1
19035,1952-02-15 00:00:00,0.0984819560889642,-0.1071419368746393,0.3041058490525678,12.217,57.1
19036,1952-02-16 00:00:00,0.0633835079156475,-0.1422958696707154,0.2690628855020105,12.217,57.1
19037,1952-02-17 00:00:00,0.0744787007643943,-0.1318150229668742,0.2807724244956628,12.217,57.1
19038,1952-02-18 00:00:00,0.015850313573355,-0.1897285824160498,0.2214292095627598,12.217,57.1
19039,1952-02-19 00:00:00,0.0382846714407314,-0.1674064191634126,0.2439757620448754,12.217,57.1
19040,1952-02-20 00:00:00,0.0487623895370322,-0.1570516046453854,0.2545763837194499,12.217,57.1
19041,1952-02-21 00:00:00,0.274880051382517,0.0690065138726145,0.4807535888924196,12.217,57.1
19042,1952-02-22 00:00:00,0.3368151837882664,0.1305976991622613,0.5430326684142716,12.217,57.1
19043,1952-02-23 00:00:00,0.3397581910951115,0.133210043994093,0.5463063381961301,12.217,57.1
19044,1952-02-24 00:00:00,0.0967136558846453,-0.1095114930811179,0.3029388048504086,12.217,57.1
19045,1952-02-25 00:00:00,-0.0211405333688747,-0.22691809478444,0.1846370280466905,12.217,57.1
19046,1952-02-26 00:00:00,-0.0679450508204425,-0.2735881826681936,0.1376980810273086,12.217,57.1
19047,1952-02-27 00:00:00,-0.0715465637333865,-0.2771811711969967,0.1340880437302236,12.217,57.1
19048,1952-02-28 00:00:00,-0.0677977538307455,-0.2732966197337713,0.1377011120722802,12.217,57.1
19049,1952-02-29 00:00:00,-0.0026506263458969,-0.2081471684058052,0.2028459157140112,12.217,57.1
19050,1952-03-01 00:00:00,0.0220678136597327,-0.1837836705145271,0.2279192978339926,12.217,57.1
19051,1952-03-02 00:00:00,0.0270078470794893,-0.1789632995459246,0.2329789937049033,12.217,57.1
19052,1952-03-03 00:00:00,0.2412073851355237,0.0351991845080855,0.4472155857629619,12.217,57.1
19053,1952-03-04 00:00:00,0.1037788408435368,-0.1023891397198228,0.3099468214068965,12.217,57.1
19054,1952-03-05 00:00:00,0.0081800013224842,-0.1981822535162028,0.2145422561611714,12.217,57.1
19055,1952-03-06 00:00:00,-0.0244704189232015,-0.2305432564044045,0.1816024185580014,12.217,57.1
19056,1952-03-07 00:00:00,-0.0918388310195069,-0.2980524314779203,0.1143747694389064,12.217,57.1
19057,1952-03-08 00:00:00,-0.0178397920919837,-0.2235198128136198,0.1878402286296523,12.217,57.1
19058,1952-03-09 00:00:00,0.0772704959929141,-0.1290558189182828,0.283596810904111,12.217,57.1
19059,1952-03-10 00:00:00,0.1177938624201629,-0.0881291167614221,0.3237168416017479,12.217,57.1
19060,1952-03-11 00:00:00,0.0979306277839697,-0.1075845443233955,0.3034457998913351,12.217,57.1
19061,1952-03-12 00:00:00,0.0783710659226229,-0.1273146541818574,0.2840567860271033,12.217,57.1
19062,1952-03-13 00:00:00,0.0159176778353843,-0.1897707539738602,0.2216061096446288,12.217,57.1
19063,1952-03-14 00:00:00,0.0416059726962626,-0.1654620346729958,0.2486739800655211,12.217,57.1
19064,1952-03-15 00:00:00,-0.0151482984467566,-0.2210756206282901,0.1907790237347769,12.217,57.1
19065,1952-03-16 00:00:00,0.156395783088099,-0.0491520249078925,0.3619435910840906,12.217,57.1
19066,1952-03-17 00:00:00,0.0303860393267275,-0.1753043140391438,0.2360763926925989,12.217,57.1
19067,1952-03-18 00:00:00,-0.0011348338193897,-0.2067215845898932,0.2044519169511137,12.217,57.1
19068,1952-03-19 00:00:00,-0.0399419730864455,-0.245533056784866,0.1656491106119748,12.217,57.1
19069,1952-03-20 00:00:00,0.0402950269435947,-0.1653550283133022,0.2459450822004917,12.217,57.1
19070,1952-03-21 00:00:00,0.1058559325298923,-0.0999720660069463,0.3116839310667309,12.217,57.1
19071,1952-03-22 00:00:00,0.0160746413075528,-0.189741547850908,0.2218908304660136,12.217,57.1
19072,1952-03-23 00:00:00,0.1424362531035395,-0.0634071760766762,0.3482796822837554,12.217,57.1
19073,1952-03-24 00:00:00,0.0672147344600599,-0.1390044681053225,0.2734339370254424,12.217,57.1
19074,1952-03-25 00:00:00,0.0463016930891259,-0.1597149986336922,0.2523183848119441,12.217,57.1
19075,1952-03-26 00:00:00,-0.0433069672908841,-0.2492260717890102,0.1626121372072418,12.217,57.1
19076,1952-03-27 00:00:00,-0.007348575864346,-0.2132259053333948,0.1985287536047026,12.217,57.1
19077,1952-03-28 00:00:00,-0.0468071177380401,-0.2523804292478439,0.1587661937717636,12.217,57.1
19078,1952-03-29 00:00:00,-0.0301900049832165,-0.235770168252386,0.1753901582859529,12.217,57.1
19079,1952-03-30 00:00:00,0.0145982097429777,-0.1913960769679381,0.2205924964538937,12.217,57.1
19080,1952-03-31 00:00:00,0.0660556385943778,-0.1399366718867688,0.2720479490755245,12.217,57.1
19081,1952-04-01 00:00:00,0.0697818437097528,-0.1360383863150918,0.2756020737345975,12.217,57.1
19082,1952-04-02 00:00:00,0.0671141505372307,-0.1388267016927736,0.2730550027672351,12.217,57.1
19083,1952-04-03 00:00:00,0.1274550520572667,-0.0784446826579902,0.3333547867725238,12.217,57.1
19084,1952-04-04 00:00:00,0.112812029964716,-0.0930181344996209,0.318642194429053,12.217,57.1
19085,1952-04-05 00:00:00,0.099951391734449,-0.1056195465848932,0.3055223300537912,12.217,57.1
19086,1952-04-06 00:00:00,0.0649395888276445,-0.1405678008223067,0.2704469784775958,12.217,57.1
19087,1952-04-07 00:00:00,0.1379800469320639,-0.0678139102733671,0.343774004137495,12.217,57.1
19088,1952-04-08 00:00:00,0.1782442385038113,-0.0283552499021228,0.3848437269097455,12.217,57.1
19089,1952-04-09 00:00:00,0.1028079448589959,-0.1038432000201117,0.3094590897381036,12.217,57.1
19090,1952-04-10 00:00:00,0.0279189980519937,-0.1776943352481154,0.233532331352103,12.217,57.1
19091,1952-04-11 00:00:00,0.0913545372825716,-0.11433074701992,0.2970398215850635,12.217,57.1
19092,1952-04-12 00:00:00,0.1008267618784236,-0.1048804130780516,0.3065339368348988,12.217,57.1
19093,1952-04-13 00:00:00,0.0172416571064303,-0.188435216058163,0.2229185302710238,12.217,57.1
19094,1952-04-14 00:00:00,-0.0017820585011594,-0.2073155523295478,0.203751435327229,12.217,57.1
19095,1952-04-15 00:00:00,-0.0146226361631887,-0.2202310712524393,0.1909857989260618,12.217,57.1
19096,1952-04-16 00:00:00,-0.0741623700103503,-0.2799634649874735,0.1316387249667727,12.217,57.1
19097,1952-04-17 00:00:00,-0.0630032979077011,-0.2686464368442479,0.1426398410288456,12.217,57.1
19098,1952-04-18 00:00:00,-0.0130505972408957,-0.2188148464858051,0.1927136520040136,12.217,57.1
19099,1952-04-19 00:00:00,0.0644959580880301,-0.1410815701431946,0.270073486319255,12.217,57.1
19100,1952-04-20 00:00:00,0.108439586810251,-0.0971689853029974,0.3140481589234997,12.217,57.1
19101,1952-04-21 00:00:00,0.1537173994697884,-0.0521180645149706,0.3595528634545474,12.217,57.1
19102,1952-04-22 00:00:00,0.1818875071777091,-0.0239964539282692,0.3877714682836877,12.217,57.1
19103,1952-04-23 00:00:00,0.1940524293795053,-0.0124781672227891,0.4005830259817997,12.217,57.1
19104,1952-04-24 00:00:00,0.0935339984380289,-0.1127549592108394,0.2998229560868973,12.217,57.1
19105,1952-04-25 00:00:00,0.030237306130944,-0.1752424140503006,0.2357170263121887,12.217,57.1
19106,1952-04-26 00:00:00,-0.0437345657472817,-0.2492041996207801,0.1617350681262166,12.217,57.1
19107,1952-04-27 00:00:00,-0.0509786739837143,-0.2565120628105387,0.15455471484311,12.217,57.1
19108,1952-04-28 00:00:00,-0.0355750016304903,-0.2411431528947423,0.1699931496337616,12.217,57.1
19109,1952-04-29 00:00:00,0.0131081723359859,-0.1925661493094099,0.2187824939813818,12.217,57.1
19110,1952-04-30 00:00:00,0.0419481591810473,-0.1635875607029475,0.2474838790650421,12.217,57.1
19111,1952-05-01 00:00:00,0.0219443455202447,-0.1838335474506824,0.227722238491172,12.217,57.1
19112,1952-05-02 00:00:00,-0.0218142178965056,-0.2273906525687864,0.183762216775775,12.217,57.1
19113,1952-05-03 00:00:00,-0.0012512084225577,-0.206822610804998,0.2043201939598825,12.217,57.1
19114,1952-05-04 00:00:00,0.0462396854528079,-0.1594261558020526,0.2519055267076686,12.217,57.1
19115,1952-05-05 00:00:00,0.1385067992108416,-0.0682128708701522,0.3452264692918354,12.217,57.1
19116,1952-05-06 00:00:00,0.1068752994653304,-0.1005889406398264,0.3143395395704874,12.217,57.1
19117,1952-05-07 00:00:00,-0.0353738605965816,-0.2414191679494478,0.1706714467562846,12.217,57.1
19118,1952-05-08 00:00:00,-0.0109944594195075,-0.2165743451530798,0.1945854263140647,12.217,57.1
19119,1952-05-09 00:00:00,-0.0750508119615311,-0.2806341197811822,0.1305324958581198,12.217,57.1
19120,1952-05-10 00:00:00,-0.0213017076041413,-0.2269322198277239,0.1843288046194413,12.217,57.1
19121,1952-05-11 00:00:00,0.0354586858749171,-0.1701081341627086,0.2410255059125429,12.217,57.1
19122,1952-05-12 00:00:00,0.0567926603399111,-0.1486554293547672,0.2622407500345896,12.217,57.1
19123,1952-05-13 00:00:00,0.0408595545791053,-0.1646251947580058,0.2463443039162165,12.217,57.1
19124,1952-05-14 00:00:00,0.0618591237304819,-0.1437005174976578,0.2674187649586216,12.217,57.1
19125,1952-05-15 00:00:00,0.1235731414408143,-0.0819839822664125,0.3291302651480412,12.217,57.1
19126,1952-05-16 00:00:00,0.0252678792039038,-0.1805107619257591,0.2310465203335667,12.217,57.1
19127,1952-05-17 00:00:00,-0.0542898083483335,-0.2600395770866612,0.1514599603899942,12.217,57.1
19128,1952-05-18 00:00:00,-0.0257979910189699,-0.2314185991812533,0.1798226171433135,12.217,57.1
19129,1952-05-19 00:00:00,0.0489533876481963,-0.1568166442156731,0.2547234195120658,12.217,57.1
19130,1952-05-20 00:00:00,-0.0234339862026256,-0.2297913928250261,0.1829234204197749,12.217,57.1
19131,1952-05-21 00:00:00,-0.1091418153658121,-0.3159270428220361,0.0976434120904119,12.217,57.1
19132,1952-05-22 00:00:00,-0.0827466816099487,-0.2884845101736912,0.1229911469537937,12.217,57.1
19133,1952-05-23 00:00:00,-0.0776633241843214,-0.2832288314726519,0.1279021831040091,12.217,57.1
19134,1952-05-24 00:00:00,-0.0105885250517644,-0.2163383102517281,0.1951612601481992,12.217,57.1
19135,1952-05-25 00:00:00,0.038748987680609,-0.1676166496920726,0.2451146250532906,12.217,57.1
19136,1952-05-26 00:00:00,0.0560002895489089,-0.1498683555956795,0.2618689346934975,12.217,57.1
19137,1952-05-27 00:00:00,0.0628670687221616,-0.1431152934348198,0.2688494308791431,12.217,57.1
19138,1952-05-28 00:00:00,0.1255900021424134,-0.0803522423552315,0.3315322466400583,12.217,57.1
19139,1952-05-29 00:00:00,0.3061019785235584,0.0988032639021692,0.5134006931449476,12.217,57.1
19140,1952-05-30 00:00:00,0.222284695889563,0.0155544454976666,0.4290149462814593,12.217,57.1
19141,1952-05-31 00:00:00,0.2738205080999479,0.0676544780635403,0.4799865381363555,12.217,57.1
19142,1952-06-01 00:00:00,0.0847101452410355,-0.1221089672305644,0.2915292577126355,12.217,57.1
19143,1952-06-02 00:00:00,0.1214001486045906,-0.0843365119765406,0.3271368091857219,12.217,57.1
19144,1952-06-03 00:00:00,0.1846577725709831,-0.0216240975521108,0.390939642694077,12.217,57.1
19145,1952-06-04 00:00:00,0.0757182638967916,-0.1306567183591752,0.2820932461527584,12.217,57.1
19146,1952-06-05 00:00:00,0.0083581709654303,-0.1975363487158232,0.2142526906466839,12.217,57.1
19147,1952-06-06 00:00:00,0.0878471884825547,-0.1181750190812232,0.2938693960463328,12.217,57.1
19148,1952-06-07 00:00:00,0.1190147807220662,-0.0869942223675797,0.3250237838117122,12.217,57.1
19149,1952-06-08 00:00:00,0.1916088532041511,-0.0143264157512829,0.3975441221595851,12.217,57.1
19150,1952-06-09 00:00:00,0.1535397957157899,-0.0523285543955933,0.3594081458271732,12.217,57.1
19151,1952-06-10 00:00:00,0.119568214399512,-0.086313856623738,0.3254502854227621,12.217,57.1
19152,1952-06-11 00:00:00,0.154835199890333,-0.0508652108445918,0.3605356106252579,12.217,57.1
19153,1952-06-12 00:00:00,0.0961298934599531,-0.1097514319674047,0.3020112188873111,12.217,57.1
19154,1952-06-13 00:00:00,0.1200353763721276,-0.0856528387197257,0.3257235914639809,12.217,57.1
19155,1952-06-14 00:00:00,0.1209102074173255,-0.0846888944812625,0.3265093093159137,12.217,57.1
19156,1952-06-15 00:00:00,0.1318153414589453,-0.073701482219814,0.3373321651377048,12.217,57.1
19157,1952-06-16 00:00:00,0.2430376236603166,0.0372607130339846,0.4488145342866486,12.217,57.1
19158,1952-06-17 00:00:00,0.2280946571825181,0.0221777270448304,0.4340115873202058,12.217,57.1
19159,1952-06-18 00:00:00,0.1112216414564605,-0.0945642602576756,0.3170075431705966,12.217,57.1
19160,1952-06-19 00:00:00,0.142236708936908,-0.0635152963580989,0.347988714231915,12.217,57.1
19161,1952-06-20 00:00:00,0.2536569153492382,0.0474930566122,0.4598207740862763,12.217,57.1
19162,1952-06-21 00:00:00,0.1389284776384598,-0.0674049320317646,0.3452618873086843,12.217,57.1
19163,1952-06-22 00:00:00,0.1364594373485151,-0.0692642720877783,0.3421831467848086,12.217,57.1
19164,1952-06-23 00:00:00,0.098354148063828,-0.1074123000543377,0.3041205961819939,12.217,57.1
19165,1952-06-24 00:00:00,0.1726896095710269,-0.033144180512948,0.3785233996550018,12.217,57.1
19166,1952-06-25 00:00:00,0.1345593941173851,-0.0711273201209576,0.340246108355728,12.217,57.1
19167,1952-06-26 00:00:00,0.0809241289624157,-0.1249635001271776,0.2868117580520092,12.217,57.1
19168,1952-06-27 00:00:00,0.0220456700407091,-0.1835235375728702,0.2276148776542884,12.217,57.1
19169,1952-06-28 00:00:00,0.0538070467123991,-0.1517339356536161,0.2593480290784143,12.217,57.1
19170,1952-06-29 00:00:00,0.0138324989864038,-0.1916481664777872,0.2193131644505948,12.217,57.1
19171,1952-06-30 00:00:00,0.0598129967913202,-0.1457603655020886,0.2653863590847291,12.217,57.1
19172,1952-07-01 00:00:00,0.1438217311007919,-0.062129375943198,0.349772838144782,12.217,57.1
19173,1952-07-02 00:00:00,0.0464209032304848,-0.159236776438832,0.2520785828998017,12.217,57.1
19174,1952-07-03 00:00:00,0.1498722605712895,-0.0563908420501854,0.3561353631927645,12.217,57.1
19175,1952-07-04 00:00:00,0.021193004727897,-0.1851862126034271,0.2275722220592212,12.217,57.1
19176,1952-07-05 00:00:00,-0.1148615100503299,-0.3207008539309897,0.0909778338303299,12.217,57.1
19177,1952-07-06 00:00:00,-0.0800241768638295,-0.285682071264983,0.125633717537324,12.217,57.1
19178,1952-07-07 00:00:00,-0.0307381447487693,-0.2362707076948899,0.1747944181973513,12.217,57.1
19179,1952-07-08 00:00:00,0.0016171131063623,-0.2039182280728536,0.2071524542855783,12.217,57.1
19180,1952-07-09 00:00:00,0.0090279399907509,-0.1964866539433688,0.2145425339248708,12.217,57.1
19181,1952-07-10 00:00:00,0.0378420976924391,-0.1676128563278865,0.2432970517127648,12.217,57.1
19182,1952-07-11 00:00:00,0.0493307419541188,-0.1562256171418042,0.2548871010500419,12.217,57.1
19183,1952-07-12 00:00:00,0.131497202098583,-0.0744352966991153,0.3374297008962814,12.217,57.1
19184,1952-07-13 00:00:00,0.2619520667488834,0.055906030334089,0.4679981031636778,12.217,57.1
19185,1952-07-14 00:00:00,0.2678540239954078,0.0614883988682329,0.4742196491225828,12.217,57.1
19186,1952-07-15 00:00:00,0.2227498010886273,0.0164685831088137,0.4290310190684409,12.217,57.1
19187,1952-07-16 00:00:00,0.0935861072545735,-0.1125729340531865,0.2997451485623336,12.217,57.1
19188,1952-07-17 00:00:00,0.1331281626606902,-0.0727163841804446,0.338972709501825,12.217,57.1
19189,1952-07-18 00:00:00,0.1547336879614085,-0.0510590787216224,0.3605264546444394,12.217,57.1
19190,1952-07-19 00:00:00,0.0617486643311995,-0.144239384732339,0.2677367133947381,12.217,57.1
19191,1952-07-20 00:00:00,0.1101304136902548,-0.0954966286921576,0.3157574560726673,12.217,57.1
19192,1952-07-21 00:00:00,0.2600679031064623,0.0541118561433072,0.4660239500696174,12.217,57.1
19193,1952-07-22 00:00:00,0.1284087513046,-0.0777040762126747,0.3345215788218748,12.217,57.1
19194,1952-07-23 00:00:00,0.272674214642957,0.0661211158026069,0.4792273134833071,12.217,57.1
19195,1952-07-24 00:00:00,0.0924230057945527,-0.1146051858281723,0.2994511974172777,12.217,57.1
19196,1952-07-25 00:00:00,0.029849129366768,-0.1759650215134204,0.2356632802469566,12.217,57.1
19197,1952-07-26 00:00:00,0.0267899393186604,-0.1787981351333758,0.2323780137706967,12.217,57.1
19198,1952-07-27 00:00:00,0.0786914082170373,-0.1268597606286381,0.2842425770627129,12.217,57.1
19199,1952-07-28 00:00:00,0.1528042005739199,-0.0528560311035893,0.3584644322514292,12.217,57.1
19200,1952-07-29 00:00:00,0.0793000690920758,-0.1261826366359537,0.2847827748201055,12.217,57.1
19201,1952-07-30 00:00:00,0.0889598691954414,-0.1168529498535418,0.2947726882444247,12.217,57.1
19202,1952-07-31 00:00:00,0.084444838217513,-0.1212520069824115,0.2901416834174377,12.217,57.1
19203,1952-08-01 00:00:00,0.0672365456830738,-0.1382618883621219,0.2727349797282695,12.217,57.1
19204,1952-08-02 00:00:00,0.0920367797327267,-0.1135090171741713,0.2975825766396248,12.217,57.1
19205,1952-08-03 00:00:00,0.1069104393114202,-0.0986362916051428,0.3124571702279834,12.217,57.1
19206,1952-08-04 00:00:00,0.0852455035135417,-0.1204002519860928,0.2908912590131763,12.217,57.1
19207,1952-08-05 00:00:00,0.0941328889705409,-0.1113632588928043,0.2996290368338861,12.217,57.1
19208,1952-08-06 00:00:00,0.0868103962415902,-0.1187986966779693,0.2924194891611499,12.217,57.1
19209,1952-08-07 00:00:00,0.0798810235132905,-0.1259723839352453,0.2857344309618263,12.217,57.1
19210,1952-08-08 00:00:00,0.0697544985269142,-0.1358215562842099,0.2753305533380384,12.217,57.1
19211,1952-08-09 00:00:00,0.147272596771528,-0.0584817363339958,0.353026929877052,12.217,57.1
19212,1952-08-10 00:00:00,0.0924989335120448,-0.1136083872717703,0.2986062542958601,12.217,57.1
19213,1952-08-11 00:00:00,0.142891440766536,-0.0635127658638409,0.3492956473969131,12.217,57.1
19214,1952-08-12 00:00:00,0.1503911764373835,-0.0554477500747147,0.3562301029494819,12.217,57.1
19215,1952-08-13 00:00:00,0.1995274724902554,-0.0061452750446307,0.4052002200251416,12.217,57.1
19216,1952-08-14 00:00:00,0.252228107330549,0.0461534322740855,0.4583027823870126,12.217,57.1
19217,1952-08-15 00:00:00,0.0977751394199867,-0.1079236946249799,0.3034739734649535,12.217,57.1
19218,1952-08-16 00:00:00,0.0293454725181512,-0.1761053620195343,0.2347963070558368,12.217,57.1
19219,1952-08-17 00:00:00,-0.0086604295486389,-0.2141255734771064,0.1968047143798285,12.217,57.1
19220,1952-08-18 00:00:00,-0.0281727372163439,-0.2339884413582442,0.1776429669255563,12.217,57.1
19221,1952-08-19 00:00:00,0.0128170808159468,-0.1929132413348179,0.2185474029667116,12.217,57.1
19222,1952-08-20 00:00:00,0.0117383752090175,-0.1937663082071345,0.2172430586251696,12.217,57.1
19223,1952-08-21 00:00:00,0.0491544852343131,-0.1563856455834073,0.2546946160520336,12.217,57.1
19224,1952-08-22 00:00:00,0.0504253326181397,-0.1551558880866716,0.2560065533229512,12.217,57.1
19225,1952-08-23 00:00:00,0.0740470768714656,-0.1316645349538046,0.2797586886967358,12.217,57.1
19226,1952-08-24 00:00:00,0.3541119828343512,0.1469284461236467,0.5612955195450557,12.217,57.1
19227,1952-08-25 00:00:00,0.097685918261375,-0.108595422920672,0.3039672594434222,12.217,57.1
19228,1952-08-26 00:00:00,0.3084459282872282,0.10246442162672,0.5144274349477365,12.217,57.1
19229,1952-08-27 00:00:00,0.1645526519477415,-0.0417858609588857,0.3708911648543688,12.217,57.1
19230,1952-08-28 00:00:00,0.4208342108974883,0.2137962227295645,0.6278721990654121,12.217,57.1
19231,1952-08-29 00:00:00,0.6143869800376037,0.403107375671333,0.8256665844038744,12.217,57.1
19232,1952-08-30 00:00:00,0.1912698903844208,-0.0164663535743354,0.3990061343431772,12.217,57.1
19233,1952-08-31 00:00:00,0.0908535311435092,-0.1148607942762633,0.2965678565632819,12.217,57.1
19234,1952-09-01 00:00:00,0.1451036479525286,-0.0608451490199695,0.3510524449250267,12.217,57.1
19235,1952-09-02 00:00:00,0.1533206699351093,-0.0528459120532415,0.3594872519234602,12.217,57.1
19236,1952-09-03 00:00:00,0.3401203651774673,0.1342683588776561,0.5459723714772785,12.217,57.1
19237,1952-09-04 00:00:00,0.1580670317244566,-0.0479514955269708,0.3640855589758841,12.217,57.1
19238,1952-09-05 00:00:00,0.1696062683343821,-0.0362103892900722,0.3754229259588365,12.217,57.1
19239,1952-09-06 00:00:00,0.1313648054159654,-0.0742039473766411,0.3369335582085722,12.217,57.1
19240,1952-09-07 00:00:00,0.0651852307409032,-0.1406578329333341,0.2710282944151405,12.217,57.1
19241,1952-09-08 00:00:00,0.0818643007884884,-0.1238101079779122,0.2875387095548892,12.217,57.1
19242,1952-09-09 00:00:00,0.0141336765731638,-0.1914692075080941,0.2197365606544219,12.217,57.1
19243,1952-09-10 00:00:00,-0.0837004738112722,-0.2893330197649164,0.121932072142372,12.217,57.1
19244,1952-09-11 00:00:00,-0.0412034901463987,-0.2467616527241352,0.1643546724313376,12.217,57.1
19245,1952-09-12 00:00:00,0.0071827049232207,-0.1985100272176981,0.2128754370641395,12.217,57.1
19246,1952-09-13 00:00:00,-0.0209629311435434,-0.2266245472099187,0.1846986849228318,12.217,57.1
19247,1952-09-14 00:00:00,-0.0497261119007936,-0.2555615344435783,0.1561093106419909,12.217,57.1
19248,1952-09-15 00:00:00,-0.0540903706890372,-0.2596824371847168,0.1515016958066424,12.217,57.1
19249,1952-09-16 00:00:00,-0.0186652344042965,-0.2243138338757797,0.1869833650671867,12.217,57.1
19250,1952-09-17 00:00:00,0.1863345000644968,-0.0197986866204264,0.3924676867494201,12.217,57.1
19251,1952-09-18 00:00:00,0.2997242283862822,0.0927904911430637,0.5066579656295007,12.217,57.1
19252,1952-09-19 00:00:00,0.1784507685022343,-0.0273814697255281,0.3842830067299967,12.217,57.1
19253,1952-09-20 00:00:00,0.0711007580698077,-0.1344205757340895,0.2766220918737051,12.217,57.1
19254,1952-09-21 00:00:00,0.1255839509871018,-0.0799872906942625,0.3311551926684662,12.217,57.1
19255,1952-09-22 00:00:00,0.1982001614257295,-0.0081038540591465,0.4045041769106057,12.217,57.1
19256,1952-09-23 00:00:00,0.1819208533769639,-0.0258540915921948,0.3896957983461227,12.217,57.1
19257,1952-09-24 00:00:00,0.1861062170810254,-0.0205548019115296,0.3927672360735805,12.217,57.1
19258,1952-09-25 00:00:00,0.3015111925883126,0.0950446433172054,0.5079777418594198,12.217,57.1
19259,1952-09-26 00:00:00,0.3279658968820182,0.1215177599919463,0.5344140337720902,12.217,57.1
19260,1952-09-27 00:00:00,0.4506897632920623,0.2426820099745046,0.6586975166096198,12.217,57.1
19261,1952-09-28 00:00:00,0.3309620789455447,0.1234598290430449,0.5384643288480445,12.217,57.1
19262,1952-09-29 00:00:00,0.1602154170112222,-0.0456050449053014,0.3660358789277458,12.217,57.1
19263,1952-09-30 00:00:00,0.1587514894641942,-0.0467845026117324,0.3642874815401209,12.217,57.1
19264,1952-10-01 00:00:00,0.1142401173182006,-0.0913284511285141,0.3198086857649154,12.217,57.1
19265,1952-10-02 00:00:00,-0.0010653083481933,-0.2070213389384414,0.2048907222420548,12.217,57.1
19266,1952-10-03 00:00:00,0.0208598713682709,-0.1866527609311988,0.2283725036677407,12.217,57.1
19267,1952-10-04 00:00:00,-0.0538664637036349,-0.2615862931200262,0.1538533657127563,12.217,57.1
19268,1952-10-05 00:00:00,0.053097059196585,-0.1536144791170021,0.2598085975101721,12.217,57.1
19269,1952-10-06 00:00:00,0.0518218896740149,-0.1539638410773208,0.2576076204253507,12.217,57.1
19270,1952-10-07 00:00:00,0.2799728304568605,0.0734100363742862,0.4865356245394348,12.217,57.1
19271,1952-10-08 00:00:00,0.1149243766543203,-0.0928686809686846,0.3227174342773253,12.217,57.1
19272,1952-10-09 00:00:00,0.0915290303509335,-0.1153041491977996,0.2983622098996667,12.217,57.1
19273,1952-10-10 00:00:00,0.368898402129376,0.1621320248132873,0.5756647794454647,12.217,57.1
19274,1952-10-11 00:00:00,0.089544277929639,-0.1164017021104814,0.2954902579697596,12.217,57.1
19275,1952-10-12 00:00:00,-0.0125347236334611,-0.2181434344883918,0.1930739872214695,12.217,57.1
19276,1952-10-13 00:00:00,-0.043099724272128,-0.2485604312154183,0.1623609826711622,12.217,57.1
19277,1952-10-14 00:00:00,0.0096724500527561,-0.1965983484065469,0.2159432485120593,12.217,57.1
19278,1952-10-15 00:00:00,0.0818521466135109,-0.1256423381600164,0.2893466313870383,12.217,57.1
19279,1952-10-16 00:00:00,-0.0071579455360653,-0.2137353214729851,0.1994194304008543,12.217,57.1
19280,1952-10-17 00:00:00,-0.0563883756471173,-0.262276566004974,0.1494998147107393,12.217,57.1
19281,1952-10-18 00:00:00,-0.1324159015042377,-0.3381275985948908,0.0732957955864153,12.217,57.1
19282,1952-10-19 00:00:00,-0.1092008745824551,-0.3150341936036651,0.0966324444387548,12.217,57.1
19283,1952-10-20 00:00:00,-0.1041525663598536,-0.3101095671453365,0.1018044344256291,12.217,57.1
19284,1952-10-21 00:00:00,-0.0980299451635137,-0.3041077206410471,0.1080478303140196,12.217,57.1
19285,1952-10-22 00:00:00,-0.0223062190166237,-0.2279060105048866,0.183293572471639,12.217,57.1
19286,1952-10-23 00:00:00,-0.018981389576539,-0.2244223198926497,0.1864595407395715,12.217,57.1
19287,1952-10-24 00:00:00,0.1569014680628299,-0.0487620780004876,0.3625650141261475,12.217,57.1
19288,1952-10-25 00:00:00,0.1902865074413822,-0.0156554060774103,0.3962284209601749,12.217,57.1
19289,1952-10-26 00:00:00,0.1390501010633262,-0.0670427322909041,0.3451429344175565,12.217,57.1
19290,1952-10-27 00:00:00,0.1124971884611558,-0.0933261355406843,0.3183205124629961,12.217,57.1
19291,1952-10-28 00:00:00,0.0793249352044718,-0.1263886833846494,0.2850385537935931,12.217,57.1
19292,1952-10-29 00:00:00,0.2697330305362261,0.0623283593489007,0.4771377017235516,12.217,57.1
19293,1952-10-30 00:00:00,0.4369411924917304,0.2297412544992219,0.644141130484239,12.217,57.1
19294,1952-10-31 00:00:00,0.2997071134029385,0.0938937969308787,0.5055204298749983,12.217,57.1
19295,1952-11-01 00:00:00,0.0487855338562253,-0.1567854443658201,0.2543565120782707,12.217,57.1
19296,1952-11-02 00:00:00,0.0939221998600217,-0.111675165053141,0.2995195647731845,12.217,57.1
19297,1952-11-03 00:00:00,0.022153390151667,-0.1836156686159309,0.2279224489192651,12.217,57.1
19298,1952-11-04 00:00:00,0.009371391669376,-0.1965686082232891,0.2153113915620412,12.217,57.1
19299,1952-11-05 00:00:00,0.1855104549681872,-0.0204403389478228,0.3914612488841972,12.217,57.1
19300,1952-11-06 00:00:00,0.2569558954032894,0.0502984534226056,0.4636133373839732,12.217,57.1
19301,1952-11-07 00:00:00,0.1224898441740271,-0.0833732754798475,0.3283529638279018,12.217,57.1
19302,1952-11-08 00:00:00,0.0828655195490599,-0.1228717133546777,0.2886027524527977,12.217,57.1
19303,1952-11-09 00:00:00,0.0378381094136526,-0.1680456463955879,0.2437218652228932,12.217,57.1
19304,1952-11-10 00:00:00,0.1272696447117032,-0.0787182431116003,0.3332575325350068,12.217,57.1
19305,1952-11-11 00:00:00,0.0982707059737805,-0.1076396675138179,0.304181079461379,12.217,57.1
19306,1952-11-12 00:00:00,-0.0209505660909495,-0.2267918680326814,0.1848907358507823,12.217,57.1
19307,1952-11-13 00:00:00,-0.1066719878789816,-0.3127431234775448,0.0993991477195814,12.217,57.1
19308,1952-11-14 00:00:00,-0.0721428835515249,-0.2780675802749882,0.1337818131719384,12.217,57.1
19309,1952-11-15 00:00:00,-0.0866723012933959,-0.2924562951427157,0.1191116925559238,12.217,57.1
19310,1952-11-16 00:00:00,-0.0130649280480955,-0.2195213799395376,0.1933915238433464,12.217,57.1
19311,1952-11-17 00:00:00,-0.0342642987919462,-0.2403326432122019,0.1718040456283094,12.217,57.1
19312,1952-11-18 00:00:00,-0.00949424753685,-0.2155622224506477,0.1965737273769476,12.217,57.1
19313,1952-11-19 00:00:00,-0.1363142739308221,-0.3419238798517691,0.0692953319901248,12.217,57.1
19314,1952-11-20 00:00:00,-0.1446240236249739,-0.3507356310298527,0.0614875837799047,12.217,57.1
19315,1952-11-21 00:00:00,0.1539427845445236,-0.0531898050616427,0.36107537415069,12.217,57.1
19316,1952-11-22 00:00:00,0.1211573010927995,-0.0848214371478437,0.3271360393334429,12.217,57.1
19317,1952-11-23 00:00:00,0.1440002401211278,-0.061625682695216,0.3496261629374717,12.217,57.1
19318,1952-11-24 00:00:00,0.217522998643509,0.0118080443077787,0.4232379529792393,12.217,57.1
19319,1952-11-25 00:00:00,0.1515742025375488,-0.0544028593461886,0.3575512644212862,12.217,57.1
19320,1952-11-26 00:00:00,0.0240076738577045,-0.1816404807483801,0.2296558284637893,12.217,57.1
19321,1952-11-27 00:00:00,0.069130623360357,-0.1367363675621901,0.2749976142829041,12.217,57.1
19322,1952-11-28 00:00:00,0.0665722611225412,-0.1390397666812458,0.2721842889263283,12.217,57.1
19323,1952-11-29 00:00:00,0.021829635607409,-0.1837841501680561,0.2274434213828743,12.217,57.1
19324,1952-11-30 00:00:00,-0.0010653015939849,-0.2067873448078372,0.2046567416198674,12.217,57.1
19325,1952-12-01 00:00:00,-0.0636448382776417,-0.26930368532936,0.1420140087740765,12.217,57.1
19326,1952-12-02 00:00:00,-0.0052915287714233,-0.2107943072563549,0.2002112497135082,12.217,57.1
19327,1952-12-03 00:00:00,0.1776482888244259,-0.0295449757032405,0.3848415533520924,12.217,57.1
19328,1952-12-04 00:00:00,-0.015878311813041,-0.2285039536173628,0.1967473299912807,12.217,57.1
19329,1952-12-05 00:00:00,-0.1186148542905983,-0.3255953303220588,0.0883656217408621,12.217,57.1
19330,1952-12-06 00:00:00,0.0304847599765496,-0.1755634253168853,0.2365329452699845,12.217,57.1
19331,1952-12-07 00:00:00,-0.0446952063238325,-0.2507146144390672,0.1613242017914021,12.217,57.1
19332,1952-12-08 00:00:00,-0.0155219976875698,-0.2214384535070994,0.1903944581319598,12.217,57.1
19333,1952-12-09 00:00:00,0.0210286497441736,-0.1847333892769107,0.2267906887652581,12.217,57.1
19334,1952-12-10 00:00:00,0.1076606622200361,-0.0984560203923598,0.3137773448324322,12.217,57.1
19335,1952-12-11 00:00:00,0.1805480200552956,-0.0254688168972904,0.3865648570078817,12.217,57.1
19336,1952-12-12 00:00:00,0.3146248641655964,0.1086729593066723,0.5205767690245204,12.217,57.1
19337,1952-12-13 00:00:00,0.3123552618532225,0.1066464589240985,0.5180640647823466,12.217,57.1
19338,1952-12-14 00:00:00,0.1639772908292456,-0.0420813591448204,0.3700359408033116,12.217,57.1
19339,1952-12-15 00:00:00,0.1499021689001867,-0.0566057736955971,0.3564101114959706,12.217,57.1
19340,1952-12-16 00:00:00,0.1566055335296902,-0.0491906596319988,0.3624017266913794,12.217,57.1
19341,1952-12-17 00:00:00,0.2012610511846956,-0.0049931665451687,0.40751526891456,12.217,57.1
19342,1952-12-18 00:00:00,0.4059569105628463,0.1974447736553873,0.6144690474703052,12.217,57.1
19343,1952-12-19 00:00:00,0.0101906737803013,-0.1962748215169802,0.2166561690775829,12.217,57.1
19344,1952-12-20 00:00:00,0.1331496102977778,-0.0725062542132675,0.3388054748088233,12.217,57.1
19345,1952-12-21 00:00:00,0.1347239748756417,-0.0709788489329011,0.3404267986841846,12.217,57.1
19346,1952-12-22 00:00:00,0.0184092481487608,-0.1879921395416328,0.2248106358391545,12.217,57.1
19347,1952-12-23 00:00:00,-0.07998734619,-0.2862490274089921,0.1262743350289921,12.217,57.1
19348,1952-12-24 00:00:00,0.0559087647712919,-0.1497245971741646,0.2615421267167486,12.217,57.1
19349,1952-12-25 00:00:00,0.2031676541785532,-0.0031171982266565,0.409452506583763,12.217,57.1
19350,1952-12-26 00:00:00,0.1971734075547874,-0.0089106070747872,0.403257422184362,12.217,57.1
19351,1952-12-27 00:00:00,0.1825991080778545,-0.0230672585351778,0.388265474690887,12.217,57.1
19352,1952-12-28 00:00:00,0.1343159140264539,-0.0714403963673235,0.3400722244202314,12.217,57.1
19353,1952-12-29 00:00:00,-0.0104854889796406,-0.2161487147356298,0.1951777367763484,12.217,57.1
19354,1952-12-30 00:00:00,-0.0277152719091928,-0.2333124110939082,0.1778818672755225,12.217,57.1
19355,1952-12-31 00:00:00,0.0755694275628337,-0.1301122166918298,0.2812510718174974,12.217,57.1
19356,1953-01-01 00:00:00,0.1472851638214289,-0.0586969382803787,0.3532672659232365,12.217,57.1
19357,1953-01-02 00:00:00,0.0250891241272001,-0.1804140855353306,0.2305923337897308,12.217,57.1
19358,1953-01-03 00:00:00,-0.0348222311651498,-0.2405437380081407,0.1708992756778409,12.217,57.1
19359,1953-01-04 00:00:00,-0.0893050517536818,-0.2954130716201665,0.1168029681128027,12.217,57.1
19360,1953-01-05 00:00:00,-0.1310433800265341,-0.3369957858564075,0.0749090258033392,12.217,57.1
19361,1953-01-06 00:00:00,-0.0088309242976689,-0.2143620006727379,0.1967001520774,12.217,57.1
19362,1953-01-07 00:00:00,0.0085860488082527,-0.1970085638773552,0.2141806614938606,12.217,57.1
19363,1953-01-08 00:00:00,-0.0279481646886985,-0.2335946494410765,0.1776983200636794,12.217,57.1
19364,1953-01-09 00:00:00,0.0925509052135122,-0.1131301036967764,0.298231914123801,12.217,57.1
19365,1953-01-10 00:00:00,0.0602158170614866,-0.1460637979940639,0.2664954321170373,12.217,57.1
19366,1953-01-11 00:00:00,0.0068817545890108,-0.1990837085264581,0.2128472177044798,12.217,57.1
19367,1953-01-12 00:00:00,-0.0367194558112319,-0.2422933499709735,0.1688544383485095,12.217,57.1
19368,1953-01-13 00:00:00,0.0301778795393279,-0.1753942766130594,0.2357500356917152,12.217,57.1
19369,1953-01-14 00:00:00,0.1110061405252279,-0.0945421137941214,0.3165543948445773,12.217,57.1
19370,1953-01-15 00:00:00,0.1540500199302661,-0.0515511130679524,0.3596511529284847,12.217,57.1
19371,1953-01-16 00:00:00,0.23451218623997,0.027697597876121,0.4413267746038189,12.217,57.1
19372,1953-01-17 00:00:00,0.085208592204954,-0.1209290044298768,0.2913461888397848,12.217,57.1
19373,1953-01-18 00:00:00,0.1556601704292598,-0.0501258305737861,0.3614461714323058,12.217,57.1
19374,1953-01-19 00:00:00,0.102179482988383,-0.1038625509666591,0.3082215169434253,12.217,57.1
19375,1953-01-20 00:00:00,0.0130576102074235,-0.1927434943307721,0.2188587147456192,12.217,57.1
19376,1953-01-21 00:00:00,0.18588499661671,-0.0197630115166846,0.3915330047501046,12.217,57.1
19377,1953-01-22 00:00:00,0.1189292598390183,-0.0867858904639325,0.3246444101419691,12.217,57.1
19378,1953-01-23 00:00:00,0.0218816131057007,-0.1838976665737162,0.2276608927851176,12.217,57.1
19379,1953-01-24 00:00:00,0.0455606249288234,-0.1600398958232492,0.2511611456808961,12.217,57.1
19380,1953-01-25 00:00:00,0.0716538514453332,-0.1340590872391501,0.2773667901298166,12.217,57.1
19381,1953-01-26 00:00:00,-0.0102777659988936,-0.2159889283769613,0.195433396379174,12.217,57.1
19382,1953-01-27 00:00:00,0.1483449223703553,-0.0574495090224815,0.3541393537631923,12.217,57.1
19383,1953-01-28 00:00:00,0.460094538091672,0.2533573838239144,0.6668316923594297,12.217,57.1
19384,1953-01-29 00:00:00,0.5139313251949298,0.3019138065482115,0.7259488438416482,12.217,57.1
19385,1953-01-30 00:00:00,0.2492240143279385,0.0429305361725323,0.4555174924833448,12.217,57.1
19386,1953-01-31 00:00:00,0.1870727075965967,-0.0189167985394281,0.3930622137326216,12.217,57.1
19387,1953-02-01 00:00:00,0.4286449479909415,0.2215750410691332,0.6357148549127498,12.217,57.1
19388,1953-02-02 00:00:00,0.0694814068337385,-0.1394853421203622,0.2784481557878394,12.217,57.1
19389,1953-02-03 00:00:00,-0.0818854117811064,-0.2899724801626726,0.1262016566004596,12.217,57.1
19390,1953-02-04 00:00:00,-0.0596184224393891,-0.2660097909918842,0.1467729461131058,12.217,57.1
19391,1953-02-05 00:00:00,0.2256449881413172,0.0155573358811647,0.4357326404014698,12.217,57.1
19392,1953-02-06 00:00:00,0.0061959911667619,-0.2036604719624201,0.216052454295944,12.217,57.1
19393,1953-02-07 00:00:00,-0.0916515125729134,-0.2980082855239142,0.1147052603780873,12.217,57.1
19394,1953-02-08 00:00:00,-0.0610846083894274,-0.2666825856065366,0.1445133688276817,12.217,57.1
19395,1953-02-09 00:00:00,-0.0055434192652872,-0.2111218705833155,0.2000350320527411,12.217,57.1
19396,1953-02-10 00:00:00,0.0869784559152895,-0.1192870360006251,0.2932439478312041,12.217,57.1
19397,1953-02-11 00:00:00,0.0341430988627484,-0.1736921938929705,0.2419783916184673,12.217,57.1
19398,1953-02-12 00:00:00,0.0105603961173604,-0.197308313603894,0.2184291058386149,12.217,57.1
19399,1953-02-13 00:00:00,-0.1176469201299848,-0.3249854908991738,0.0896916506392042,12.217,57.1
19400,1953-02-14 00:00:00,-0.1063935727175313,-0.31290924696145,0.1001221015263873,12.217,57.1
19401,1953-02-15 00:00:00,-0.0645560829809308,-0.270163036044299,0.1410508700824372,12.217,57.1
19402,1953-02-16 00:00:00,-0.0127209812895378,-0.2181860182416874,0.1927440556626117,12.217,57.1
19403,1953-02-17 00:00:00,0.2236833886886919,0.0180703917493191,0.4292963856280647,12.217,57.1
19404,1953-02-18 00:00:00,0.1677248659103662,-0.0381696251398949,0.3736193569606273,12.217,57.1
19405,1953-02-19 00:00:00,0.424964888742847,0.2187779846330673,0.6311517928526266,12.217,57.1
19406,1953-02-20 00:00:00,0.119100161301704,-0.0876275649902865,0.3258278875936947,12.217,57.1
19407,1953-02-21 00:00:00,0.3412658070420055,0.1349222868557461,0.5476093272282648,12.217,57.1
19408,1953-02-22 00:00:00,0.7797024281219178,0.5695340598084262,0.9898707964354094,12.217,57.1
19409,1953-02-23 00:00:00,0.2578954799604357,0.0500264570901217,0.4657645028307498,12.217,57.1
19410,1953-02-24 00:00:00,0.2919984165208001,0.0844966591563816,0.4995001738852186,12.217,57.1
19411,1953-02-25 00:00:00,0.0844156013203616,-0.1225979964219807,0.2914291990627041,12.217,57.1
19412,1953-02-26 00:00:00,0.0538567848266078,-0.1518875435872635,0.2596011132404793,12.217,57.1
19413,1953-02-27 00:00:00,0.0380442923107121,-0.1676312387915431,0.2437198234129673,12.217,57.1
19414,1953-02-28 00:00:00,-0.0542978185867542,-0.2602728987623854,0.1516772615888769,12.217,57.1
19415,1953-03-01 00:00:00,-0.0592297608752582,-0.2651416477312619,0.1466821259807454,12.217,57.1
19416,1953-03-02 00:00:00,-0.0080873438610706,-0.2136237334804072,0.1974490457582658,12.217,57.1
19417,1953-03-03 00:00:00,0.1895035705960731,-0.0162386698695213,0.3952458110616675,12.217,57.1
19418,1953-03-04 00:00:00,0.0058705029154232,-0.2008091692396311,0.2125501750704777,12.217,57.1
19419,1953-03-05 00:00:00,-0.004664171138974,-0.2108200620537846,0.2014917197758365,12.217,57.1
19420,1953-03-06 00:00:00,-0.0431173879371568,-0.249049130973841,0.1628143550995273,12.217,57.1
19421,1953-03-07 00:00:00,0.2027333167527683,-0.0030545024082985,0.4085211359138352,12.217,57.1
19422,1953-03-08 00:00:00,0.0614389026328848,-0.1458989030296918,0.2687767082954615,12.217,57.1
19423,1953-03-09 00:00:00,-0.0682233073557119,-0.2742140321003841,0.1377674173889601,12.217,57.1
19424,1953-03-10 00:00:00,-0.0007224511756696,-0.2077425543007713,0.2062976519494321,12.217,57.1
19425,1953-03-11 00:00:00,-0.0316687569486439,-0.238216940557362,0.1748794266600741,12.217,57.1
19426,1953-03-12 00:00:00,-0.0595778492960946,-0.2651895644821451,0.1460338658899559,12.217,57.1
19427,1953-03-13 00:00:00,-0.1305739397223166,-0.3361636957167132,0.0750158162720799,12.217,57.1
19428,1953-03-14 00:00:00,-0.0669165326024895,-0.2726843560469974,0.1388512908420183,12.217,57.1
19429,1953-03-15 00:00:00,-0.0524153584856474,-0.2581336815962294,0.1533029646249344,12.217,57.1
19430,1953-03-16 00:00:00,-0.0473618920913476,-0.2529637326021937,0.1582399484194984,12.217,57.1
19431,1953-03-17 00:00:00,-0.0171785837578595,-0.2227207572371448,0.1883635897214256,12.217,57.1
19432,1953-03-18 00:00:00,-0.0775086327803472,-0.2831564279617614,0.1281391624010668,12.217,57.1
19433,1953-03-19 00:00:00,-0.0643421391905636,-0.2700046024064102,0.1413203240252829,12.217,57.1
19434,1953-03-20 00:00:00,-0.0662121651628131,-0.2717725495483636,0.1393482192227373,12.217,57.1
19435,1953-03-21 00:00:00,-0.0576115890961436,-0.26324052241793,0.1480173442256427,12.217,57.1
19436,1953-03-22 00:00:00,-0.046917857997255,-0.2525084522109982,0.1586727362164881,12.217,57.1
19437,1953-03-23 00:00:00,-0.016352061916286,-0.2218478615074427,0.1891437376748705,12.217,57.1
19438,1953-03-24 00:00:00,0.079513259153773,-0.1260506019208004,0.2850771202283466,12.217,57.1
19439,1953-03-25 00:00:00,0.1295433704362518,-0.0763308882089541,0.3354176290814578,12.217,57.1
19440,1953-03-26 00:00:00,0.1262017649313452,-0.0794337033252723,0.3318372331879629,12.217,57.1
19441,1953-03-27 00:00:00,0.4853436769308424,0.2776643866913664,0.6930229671703185,12.217,57.1
19442,1953-03-28 00:00:00,0.2084676882420413,0.0007906125099629,0.4161447639741198,12.217,57.1
19443,1953-03-29 00:00:00,0.2251227144264634,0.0171775776760088,0.4330678511769181,12.217,57.1
19444,1953-03-30 00:00:00,0.4540337411091469,0.2465534156987099,0.661514066519584,12.217,57.1
19445,1953-03-31 00:00:00,0.2567770496350054,0.0499564998190797,0.463597599450931,12.217,57.1
19446,1953-04-01 00:00:00,0.1819325885794011,-0.024434844808812,0.3883000219676143,12.217,57.1
19447,1953-04-02 00:00:00,0.170917953547231,-0.0351912792450568,0.3770271863395188,12.217,57.1
19448,1953-04-03 00:00:00,0.1578725828077879,-0.0485979542713923,0.3643431198869682,12.217,57.1
19449,1953-04-04 00:00:00,0.1264498351569483,-0.0812103365188874,0.3341100068327841,12.217,57.1
19450,1953-04-05 00:00:00,0.1203490172580811,-0.0864933096689987,0.327191344185161,12.217,57.1
19451,1953-04-06 00:00:00,0.1699203261830651,-0.0367142778257295,0.3765549301918597,12.217,57.1
19452,1953-04-07 00:00:00,0.1467703239331421,-0.0591565530329303,0.3526972008992145,12.217,57.1
19453,1953-04-08 00:00:00,0.1406191205026165,-0.0650282544313948,0.3462664954366279,12.217,57.1
19454,1953-04-09 00:00:00,0.1838930383465183,-0.0221308204594159,0.3899168971524527,12.217,57.1
19455,1953-04-10 00:00:00,0.0113217509325194,-0.1945955838586331,0.217239085723672,12.217,57.1
19456,1953-04-11 00:00:00,-0.0413106255615487,-0.2471184766126364,0.1644972254895388,12.217,57.1
19457,1953-04-12 00:00:00,0.0648397335189904,-0.1411365682922048,0.2708160353301857,12.217,57.1
19458,1953-04-13 00:00:00,0.1742340964842548,-0.0318022776888349,0.3802704706573445,12.217,57.1
19459,1953-04-14 00:00:00,0.1881398608405964,-0.0181627909753316,0.3944425126565245,12.217,57.1
19460,1953-04-15 00:00:00,0.0072697423370004,-0.1984680531187758,0.2130075377927768,12.217,57.1
19461,1953-04-16 00:00:00,-0.0222651973640241,-0.2276871648692405,0.1831567701411923,12.217,57.1
19462,1953-04-17 00:00:00,0.0224004887050943,-0.1830427392787342,0.2278437166889229,12.217,57.1
19463,1953-04-18 00:00:00,-0.0383631270534009,-0.2438523867192745,0.1671261326124726,12.217,57.1
19464,1953-04-19 00:00:00,-0.0001784727004548,-0.2056442419299922,0.2052872965290824,12.217,57.1
19465,1953-04-20 00:00:00,-0.011688730964659,-0.2174087072125816,0.1940312452832635,12.217,57.1
19466,1953-04-21 00:00:00,0.000994516183506,-0.2045885105028864,0.2065775428698986,12.217,57.1
19467,1953-04-22 00:00:00,-0.0057587569600414,-0.2112288087442142,0.1997112948241313,12.217,57.1
19468,1953-04-23 00:00:00,-0.0056553115514863,-0.2111910957408474,0.1998804726378747,12.217,57.1
19469,1953-04-24 00:00:00,0.0167351790368168,-0.1887538901719204,0.2222242482455542,12.217,57.1
19470,1953-04-25 00:00:00,0.0746175651014146,-0.1312000848538518,0.280435215056681,12.217,57.1
19471,1953-04-26 00:00:00,0.1120793198606147,-0.0938953419634133,0.3180539816846427,12.217,57.1
19472,1953-04-27 00:00:00,0.1159297260009988,-0.0896433746148454,0.3215028266168431,12.217,57.1
19473,1953-04-28 00:00:00,0.0293578482853555,-0.1771422050778671,0.2358579016485781,12.217,57.1
19474,1953-04-29 00:00:00,0.2855279838562075,0.07742428702133,0.493631680691085,12.217,57.1
19475,1953-04-30 00:00:00,0.0409997456603787,-0.1653441600779762,0.2473436513987338,12.217,57.1
19476,1953-05-01 00:00:00,0.1060954760330275,-0.1001167560996371,0.3123077081656921,12.217,57.1
19477,1953-05-02 00:00:00,-0.0040471002230033,-0.2098363933115363,0.2017421928655297,12.217,57.1
19478,1953-05-03 00:00:00,-0.0916701296832537,-0.2971325246819342,0.1137922653154267,12.217,57.1
19479,1953-05-04 00:00:00,-0.0577791126961515,-0.2633638551730844,0.1478056297807814,12.217,57.1
19480,1953-05-05 00:00:00,-0.0300966631854429,-0.2357042881081164,0.1755109617372305,12.217,57.1
19481,1953-05-06 00:00:00,0.0723224095365674,-0.13349723010584,0.2781420491789749,12.217,57.1
19482,1953-05-07 00:00:00,0.0210573881666421,-0.1853001655945683,0.2274149419278525,12.217,57.1
19483,1953-05-08 00:00:00,0.00053055695038,-0.2057055075311901,0.2067666214319501,12.217,57.1
19484,1953-05-09 00:00:00,0.1111947936906535,-0.0954303049771249,0.317819892358432,12.217,57.1
19485,1953-05-10 00:00:00,-0.0097377117090439,-0.2158763372471561,0.1964009138290681,12.217,57.1
19486,1953-05-11 00:00:00,-0.0036921263928547,-0.2099150038092132,0.2025307510235036,12.217,57.1
19487,1953-05-12 00:00:00,-0.0288657477824235,-0.2347737041888161,0.177042208623969,12.217,57.1
19488,1953-05-13 00:00:00,0.040538325581634,-0.1658173824723114,0.2468940336355795,12.217,57.1
19489,1953-05-14 00:00:00,0.0399093475267329,-0.1658254157071376,0.2456441107606035,12.217,57.1
19490,1953-05-15 00:00:00,0.0743519745696862,-0.1311458757484769,0.2798498248878495,12.217,57.1
19491,1953-05-16 00:00:00,0.1320349272022312,-0.0738189031386891,0.3378887575431515,12.217,57.1
19492,1953-05-17 00:00:00,0.1087172676882221,-0.0972669339516146,0.3147014693280588,12.217,57.1
19493,1953-05-18 00:00:00,0.1021590176806259,-0.1035703671557063,0.3078884025169582,12.217,57.1
19494,1953-05-19 00:00:00,0.0035411646374703,-0.2022787039003094,0.2093610331752501,12.217,57.1
19495,1953-05-20 00:00:00,0.0740721465584172,-0.1317819876712019,0.2799262807880363,12.217,57.1
19496,1953-05-21 00:00:00,-0.0281710724757575,-0.2338992740205978,0.1775571290690826,12.217,57.1
19497,1953-05-22 00:00:00,0.0154400505580501,-0.1902885938626817,0.2211686949787819,12.217,57.1
19498,1953-05-23 00:00:00,0.0142500767605099,-0.1916698992978782,0.2201700528188981,12.217,57.1
19499,1953-05-24 00:00:00,0.0794744898526829,-0.1262030425775478,0.2851520222829138,12.217,57.1
19500,1953-05-25 00:00:00,0.0108621212582991,-0.1950845433630084,0.2168087858796067,12.217,57.1
19501,1953-05-26 00:00:00,0.0433616057769592,-0.1626360406374596,0.2493592521913781,12.217,57.1
19502,1953-05-27 00:00:00,0.2035420241128735,-0.003126837474235,0.4102108856999821,12.217,57.1
19503,1953-05-28 00:00:00,0.1155876743042774,-0.0906946190132416,0.3218699676217966,12.217,57.1
19504,1953-05-29 00:00:00,0.0892724225197676,-0.1172641762810606,0.2958090213205958,12.217,57.1
19505,1953-05-30 00:00:00,0.1701174580284732,-0.0364005103371665,0.376635426394113,12.217,57.1
19506,1953-05-31 00:00:00,0.16947317725595,-0.0363045041344143,0.3752508586463143,12.217,57.1
19507,1953-06-01 00:00:00,0.0967512943628661,-0.1087257046106312,0.3022282933363635,12.217,57.1
19508,1953-06-02 00:00:00,0.1373411202057892,-0.0682594205279876,0.3429416609395661,12.217,57.1
19509,1953-06-03 00:00:00,0.130537271638742,-0.0755105421370252,0.3365850854145091,12.217,57.1
19510,1953-06-04 00:00:00,0.0905284291610112,-0.1154799317120862,0.2965367900341086,12.217,57.1
19511,1953-06-05 00:00:00,0.2266239807322478,0.0198403198515831,0.4334076416129124,12.217,57.1
19512,1953-06-06 00:00:00,0.1453129827515237,-0.0613289636669472,0.3519549291699947,12.217,57.1
19513,1953-06-07 00:00:00,0.0441716258046548,-0.1614870945439248,0.2498303461532346,12.217,57.1
19514,1953-06-08 00:00:00,-0.0253531198165026,-0.230762411733203,0.1800561721001977,12.217,57.1
19515,1953-06-09 00:00:00,-0.031756230747263,-0.2372522085784204,0.1737397470838944,12.217,57.1
19516,1953-06-10 00:00:00,-0.0399022685095105,-0.2456691678310369,0.1658646308120158,12.217,57.1
19517,1953-06-11 00:00:00,-0.0552522779648152,-0.2611892877860208,0.1506847318563904,12.217,57.1
19518,1953-06-12 00:00:00,0.0122860721166833,-0.193393062556019,0.2179652067893857,12.217,57.1
19519,1953-06-13 00:00:00,-0.0320983166921547,-0.2376733657103795,0.1734767323260699,12.217,57.1
19520,1953-06-14 00:00:00,0.0195382823559577,-0.1858898514787157,0.2249664161906312,12.217,57.1
19521,1953-06-15 00:00:00,0.037381318978849,-0.1680731828210578,0.2428358207787559,12.217,57.1
19522,1953-06-16 00:00:00,0.0863922993051515,-0.119042205404213,0.2918268040145161,12.217,57.1
19523,1953-06-17 00:00:00,0.077263393675538,-0.1281613874100423,0.2826881747611184,12.217,57.1
19524,1953-06-18 00:00:00,0.0562699349302434,-0.1491859291009228,0.2617257989614098,12.217,57.1
19525,1953-06-19 00:00:00,0.0155392586434406,-0.1899916882591173,0.2210702055459985,12.217,57.1
19526,1953-06-20 00:00:00,0.1415406881679108,-0.0646736161012959,0.3477549924371176,12.217,57.1
19527,1953-06-21 00:00:00,0.0968564329715757,-0.1091470229103626,0.302859888853514,12.217,57.1
19528,1953-06-22 00:00:00,0.0617904314100917,-0.1438031421096434,0.267384004929827,12.217,57.1
19529,1953-06-23 00:00:00,-0.030900619683305,-0.2364179099855376,0.1746166706189275,12.217,57.1
19530,1953-06-24 00:00:00,-0.0585671241725282,-0.2641866605855303,0.1470524122404737,12.217,57.1
19531,1953-06-25 00:00:00,-0.0266752802891075,-0.2322127996330305,0.1788622390548155,12.217,57.1
19532,1953-06-26 00:00:00,-0.0591408569358426,-0.2648259045909253,0.14654419071924,12.217,57.1
19533,1953-06-27 00:00:00,-0.0363778549936931,-0.241862671344663,0.1691069613572768,12.217,57.1
19534,1953-06-28 00:00:00,-0.035103021091036,-0.2406227867379723,0.1704167445559003,12.217,57.1
19535,1953-06-29 00:00:00,-0.0395269588531445,-0.2450429746371394,0.1659890569308502,12.217,57.1
19536,1953-06-30 00:00:00,0.0192090034785422,-0.1863028099528173,0.2247208169099018,12.217,57.1
19537,1953-07-01 00:00:00,0.0323616107877769,-0.173066443611547,0.2377896651871008,12.217,57.1
19538,1953-07-02 00:00:00,0.0330570541564288,-0.1723476719335045,0.2384617802463622,12.217,57.1
19539,1953-07-03 00:00:00,0.0528635115240453,-0.1525219910446261,0.2582490140927169,12.217,57.1
19540,1953-07-04 00:00:00,0.0545495518129132,-0.1508566137662454,0.2599557173920719,12.217,57.1
19541,1953-07-05 00:00:00,0.18013583227954,-0.0255888897730046,0.3858605543320846,12.217,57.1
19542,1953-07-06 00:00:00,0.223471094891387,0.0169058988632835,0.4300362909194904,12.217,57.1
19543,1953-07-07 00:00:00,0.2739932736511851,0.067751254409678,0.4802352928926922,12.217,57.1
19544,1953-07-08 00:00:00,0.231083969610661,0.0251220808104183,0.4370458584109036,12.217,57.1
19545,1953-07-09 00:00:00,0.29901826779137,0.09309334259359,0.50494319298915,12.217,57.1
19546,1953-07-10 00:00:00,0.1653800243086121,-0.0406409939871743,0.3714010426043986,12.217,57.1
19547,1953-07-11 00:00:00,0.1033007593890035,-0.1021730034939955,0.3087745222720026,12.217,57.1
19548,1953-07-12 00:00:00,0.1247023367148461,-0.0807595606095209,0.3301642340392133,12.217,57.1
19549,1953-07-13 00:00:00,0.166030781631674,-0.0396480572313476,0.3717096204946958,12.217,57.1
19550,1953-07-14 00:00:00,0.2375755421622106,0.0316231418022802,0.443527942522141,12.217,57.1
19551,1953-07-15 00:00:00,0.1604763667352352,-0.0453850086534796,0.3663377421239502,12.217,57.1
19552,1953-07-16 00:00:00,0.2388832800057647,0.033096140568999,0.4446704194425304,12.217,57.1
19553,1953-07-17 00:00:00,0.2381568600282738,0.0323940010351039,0.4439197190214438,12.217,57.1
19554,1953-07-18 00:00:00,0.1343657104618728,-0.0712727742833544,0.3400041952071001,12.217,57.1
19555,1953-07-19 00:00:00,0.100256119680664,-0.1052336066447226,0.3057458460060507,12.217,57.1
19556,1953-07-20 00:00:00,0.1346594901729281,-0.0708663068265505,0.3401852871724068,12.217,57.1
19557,1953-07-21 00:00:00,0.1885776620299584,-0.0169746766839301,0.3941300007438471,12.217,57.1
19558,1953-07-22 00:00:00,0.1188434469468668,-0.0867090672728482,0.3243959611665818,12.217,57.1
19559,1953-07-23 00:00:00,0.1920110177156194,-0.0137631494471043,0.3977851848783432,12.217,57.1
19560,1953-07-24 00:00:00,0.1468806807973435,-0.0590833335947701,0.3528446951894571,12.217,57.1
19561,1953-07-25 00:00:00,0.1916175711838098,-0.0141273587324525,0.3973625011000721,12.217,57.1
19562,1953-07-26 00:00:00,0.0833714346294229,-0.1223545456595033,0.2890974149183493,12.217,57.1
19563,1953-07-27 00:00:00,0.1691841926853141,-0.0366556139503403,0.3750239993209687,12.217,57.1
19564,1953-07-28 00:00:00,0.1809428226439182,-0.0247441475543493,0.3866297928421859,12.217,57.1
19565,1953-07-29 00:00:00,0.2300464772347956,0.0244971071645403,0.4355958473050509,12.217,57.1
19566,1953-07-30 00:00:00,0.1658214264285389,-0.0397266182236586,0.3713694710807365,12.217,57.1
19567,1953-07-31 00:00:00,0.1229232041773612,-0.0826111402183266,0.3284575485730492,12.217,57.1
19568,1953-08-01 00:00:00,0.1591261640738436,-0.0466362579877843,0.3648885861354715,12.217,57.1
19569,1953-08-02 00:00:00,0.2519629573502652,0.0459825915321513,0.4579433231683791,12.217,57.1
19570,1953-08-03 00:00:00,0.0825003693071776,-0.1232846167963968,0.2882853554107522,12.217,57.1
19571,1953-08-04 00:00:00,0.0588707885559808,-0.1467305845955538,0.2644721617075155,12.217,57.1
19572,1953-08-05 00:00:00,0.1446891465362753,-0.0612897676519199,0.3506680607244706,12.217,57.1
19573,1953-08-06 00:00:00,0.3711499010303635,0.1642238219085228,0.5780759801522043,12.217,57.1
19574,1953-08-07 00:00:00,0.1768478947832919,-0.0293792242359118,0.3830750138024957,12.217,57.1
19575,1953-08-08 00:00:00,0.0703015789175989,-0.1355830802338489,0.2761862380690469,12.217,57.1
19576,1953-08-09 00:00:00,0.0515708719116923,-0.1540848009055978,0.2572265447289826,12.217,57.1
19577,1953-08-10 00:00:00,0.1068075670715621,-0.0986869927419974,0.3123021268851217,12.217,57.1
19578,1953-08-11 00:00:00,0.1346644534340495,-0.0709145231265287,0.3402434299946277,12.217,57.1
19579,1953-08-12 00:00:00,0.0016826265444305,-0.203880856584437,0.2072461096732981,12.217,57.1
19580,1953-08-13 00:00:00,0.0324142460100876,-0.1731647121245984,0.2379932041447737,12.217,57.1
19581,1953-08-14 00:00:00,0.0602350913668072,-0.1453329001556143,0.2658030828892288,12.217,57.1
19582,1953-08-15 00:00:00,0.0046400977368926,-0.2009803494236152,0.2102605448974006,12.217,57.1
19583,1953-08-16 00:00:00,0.0404339629701244,-0.1650414337601458,0.2459093597003946,12.217,57.1
19584,1953-08-17 00:00:00,0.1025175945362651,-0.1032740008561622,0.3083091899286925,12.217,57.1
19585,1953-08-18 00:00:00,0.0937534380074156,-0.1122058035129881,0.2997126795278194,12.217,57.1
19586,1953-08-19 00:00:00,0.1236304181457042,-0.0819735964869874,0.3292344327783958,12.217,57.1
19587,1953-08-20 00:00:00,0.2167303044263393,0.010849376213519,0.4226112326391597,12.217,57.1
19588,1953-08-21 00:00:00,0.1349847012107797,-0.0708035311937466,0.3407729336153061,12.217,57.1
19589,1953-08-22 00:00:00,0.1676343671814981,-0.0384565936064263,0.3737253279694227,12.217,57.1
19590,1953-08-23 00:00:00,0.1780270480703883,-0.0291586053844785,0.3852127015252551,12.217,57.1
19591,1953-08-24 00:00:00,0.1953793574101086,-0.0117635100226166,0.4025222248428339,12.217,57.1
19592,1953-08-25 00:00:00,0.2165869700256218,0.0100220424405407,0.423151897610703,12.217,57.1
19593,1953-08-26 00:00:00,0.1783306212028062,-0.0278698230418316,0.3845310654474441,12.217,57.1
19594,1953-08-27 00:00:00,0.2725362971235859,0.066736103684129,0.4783364905630428,12.217,57.1
19595,1953-08-28 00:00:00,0.1685874245934009,-0.0370761575086075,0.3742510066954095,12.217,57.1
19596,1953-08-29 00:00:00,0.1740285449001881,-0.0315474941484089,0.3796045839487852,12.217,57.1
19597,1953-08-30 00:00:00,0.2109226766077674,0.0050032664298317,0.416842086785703,12.217,57.1
19598,1953-08-31 00:00:00,0.114322602438875,-0.0915731527703828,0.3202183576481329,12.217,57.1
19599,1953-09-01 00:00:00,0.1741863563234736,-0.0319035351065455,0.3802762477534926,12.217,57.1
19600,1953-09-02 00:00:00,0.1184925526016664,-0.0871778701907838,0.3241629753941166,12.217,57.1
19601,1953-09-03 00:00:00,0.1974359432149353,-0.0087317429235595,0.4036036293534302,12.217,57.1
19602,1953-09-04 00:00:00,0.3739595937286596,0.1669609086622615,0.5809582787950578,12.217,57.1
19603,1953-09-05 00:00:00,0.1452246759784474,-0.0611029460522132,0.351552298009108,12.217,57.1
19604,1953-09-06 00:00:00,-0.0493460579886176,-0.2550319609254012,0.1563398449481658,12.217,57.1
19605,1953-09-07 00:00:00,-0.0809064933108453,-0.2864815012599907,0.1246685146383001,12.217,57.1
19606,1953-09-08 00:00:00,0.1834718361195566,-0.0229374699093234,0.3898811421484367,12.217,57.1
19607,1953-09-09 00:00:00,0.2151825300260895,0.0086425692944362,0.4217224907577428,12.217,57.1
19608,1953-09-10 00:00:00,0.3782008986050406,0.1717368529799848,0.5846649442300963,12.217,57.1
19609,1953-09-11 00:00:00,0.1017769923959664,-0.1046615157315459,0.3082155005234788,12.217,57.1
19610,1953-09-12 00:00:00,0.1367445531716443,-0.0690311883640077,0.3425202947072964,12.217,57.1
19611,1953-09-13 00:00:00,0.184537925178846,-0.0246121999733069,0.3936880503309991,12.217,57.1
19612,1953-09-14 00:00:00,-0.0875160039015086,-0.2952921849237203,0.1202601771207031,12.217,57.1
19613,1953-09-15 00:00:00,-0.0144721436081196,-0.2200965795594086,0.1911522923431693,12.217,57.1
19614,1953-09-16 00:00:00,0.0035302050449306,-0.202060631769405,0.2091210418592664,12.217,57.1
19615,1953-09-17 00:00:00,-0.0156079608102515,-0.2212847612736035,0.1900688396531004,12.217,57.1
19616,1953-09-18 00:00:00,0.0581923256341567,-0.147400172554293,0.2637848238226064,12.217,57.1
19617,1953-09-19 00:00:00,0.0872235842568347,-0.1183044570836954,0.2927516255973649,12.217,57.1
19618,1953-09-20 00:00:00,0.0702838707365709,-0.1353223029317772,0.275890044404919,12.217,57.1
19619,1953-09-21 00:00:00,0.1016163481629629,-0.1039192496648232,0.3071519459907492,12.217,57.1
19620,1953-09-22 00:00:00,0.2126939462858754,0.0067940126869703,0.4185938798847806,12.217,57.1
19621,1953-09-23 00:00:00,0.16512208525596,-0.0415629146135329,0.371807085125453,12.217,57.1
19622,1953-09-24 00:00:00,0.1404746564048627,-0.0657817919496837,0.3467311047594092,12.217,57.1
19623,1953-09-25 00:00:00,0.0867882839972243,-0.119228243367208,0.2928048113616568,12.217,57.1
19624,1953-09-26 00:00:00,0.1062483424970215,-0.0993629901926682,0.3118596751867113,12.217,57.1
19625,1953-09-27 00:00:00,0.0932718805098424,-0.1122959405863054,0.2988397016059904,12.217,57.1
19626,1953-09-28 00:00:00,0.0754391239281149,-0.1301314731967881,0.2810097210530181,12.217,57.1
19627,1953-09-29 00:00:00,0.1244493963729218,-0.0816880926074142,0.3305868853532578,12.217,57.1
19628,1953-09-30 00:00:00,0.1580051568627112,-0.0482345274730103,0.3642448411984327,12.217,57.1
19629,1953-10-01 00:00:00,0.2520920904438932,0.0456935328406381,0.4584906480471482,12.217,57.1
19630,1953-10-02 00:00:00,0.395669648341851,0.1885865873573386,0.6027527093263635,12.217,57.1
19631,1953-10-03 00:00:00,0.0584936432941208,-0.147770168565633,0.2647574551538748,12.217,57.1
19632,1953-10-04 00:00:00,0.1804256343922887,-0.025608580022162,0.3864598488067395,12.217,57.1
19633,1953-10-05 00:00:00,0.121422860983349,-0.0852367745155484,0.3280824964822464,12.217,57.1
19634,1953-10-06 00:00:00,0.0384346570742748,-0.1677415507190574,0.244610864867607,12.217,57.1
19635,1953-10-07 00:00:00,0.0305421172335381,-0.1755088294229742,0.2365930638900506,12.217,57.1
19636,1953-10-08 00:00:00,-0.034544037588699,-0.2401752597126756,0.1710871845352775,12.217,57.1
19637,1953-10-09 00:00:00,-0.0344841962913472,-0.2399803182965971,0.1710119257139026,12.217,57.1
19638,1953-10-10 00:00:00,0.2548218184017753,0.0490760782162709,0.4605675585872797,12.217,57.1
19639,1953-10-11 00:00:00,0.3067591635824936,0.1007470784436705,0.5127712487213167,12.217,57.1
19640,1953-10-12 00:00:00,0.0858198791467498,-0.1200652922633834,0.2917050505568831,12.217,57.1
19641,1953-10-13 00:00:00,0.1187562732026806,-0.0869048465300915,0.3244173929354528,12.217,57.1
19642,1953-10-14 00:00:00,0.1049456669137802,-0.1006911263793726,0.3105824602069331,12.217,57.1
19643,1953-10-15 00:00:00,0.0157663821469593,-0.1900490159511534,0.2215817802450721,12.217,57.1
19644,1953-10-16 00:00:00,-0.0144031797183751,-0.220282050936773,0.1914756915000226,12.217,57.1
19645,1953-10-17 00:00:00,-0.067434979890293,-0.2731929226956633,0.1383229629150773,12.217,57.1
19646,1953-10-18 00:00:00,-0.0418080584472166,-0.2474289765924517,0.1638128596980185,12.217,57.1
19647,1953-10-19 00:00:00,-0.1309991320014437,-0.3366514902717463,0.0746532262688589,12.217,57.1
19648,1953-10-20 00:00:00,-0.0901774994388275,-0.2957559104985512,0.115400911620896,12.217,57.1
19649,1953-10-21 00:00:00,0.0194916135672373,-0.1860682856343271,0.2250515127688017,12.217,57.1
19650,1953-10-22 00:00:00,0.0204900829390099,-0.1849810972503098,0.2259612631283297,12.217,57.1
19651,1953-10-23 00:00:00,0.016489525915266,-0.1890046364081379,0.22198368823867,12.217,57.1
19652,1953-10-24 00:00:00,0.0837442033269719,-0.1218080456338359,0.2892964522877799,12.217,57.1
19653,1953-10-25 00:00:00,0.0742020960316729,-0.1312827021133057,0.2796868941766517,12.217,57.1
19654,1953-10-26 00:00:00,0.1172353389376207,-0.0883445467488574,0.3228152246240989,12.217,57.1
19655,1953-10-27 00:00:00,0.0689140661631506,-0.1367647204865142,0.2745928528128155,12.217,57.1
19656,1953-10-28 00:00:00,0.1031971438489929,-0.10236686723473,0.3087611549327159,12.217,57.1
19657,1953-10-29 00:00:00,0.0820999021493211,-0.1235724250074268,0.2877722293060691,12.217,57.1
19658,1953-10-30 00:00:00,0.0072581665226927,-0.1985149296650728,0.2130312627104583,12.217,57.1
19659,1953-10-31 00:00:00,0.0846643311081613,-0.1216093310644845,0.2909379932808072,12.217,57.1
19660,1953-11-01 00:00:00,0.1098542520805462,-0.09700477734836,0.3167132815094524,12.217,57.1
19661,1953-11-02 00:00:00,0.1512803564750079,-0.0563231956409296,0.3588839085909455,12.217,57.1
19662,1953-11-03 00:00:00,0.3219533798722166,0.1143540802481204,0.5295526794963129,12.217,57.1
19663,1953-11-04 00:00:00,0.0771922680547313,-0.1293711155589637,0.2837556516684264,12.217,57.1
19664,1953-11-05 00:00:00,0.1137482368277624,-0.0920565647476047,0.3195530384031295,12.217,57.1
19665,1953-11-06 00:00:00,0.0575905767353634,-0.1481473586737309,0.2633285121444577,12.217,57.1
19666,1953-11-07 00:00:00,0.0014549064034309,-0.2041142195724068,0.2070240323792686,12.217,57.1
19667,1953-11-08 00:00:00,0.2517181612536069,0.0391061135109598,0.4643302089962541,12.217,57.1
19668,1953-11-09 00:00:00,0.320624724101762,0.1083378683419042,0.5329115798616197,12.217,57.1
19669,1953-11-10 00:00:00,0.1161489216914894,-0.090205170467681,0.32250301385066,12.217,57.1
19670,1953-11-11 00:00:00,0.1930455185932824,-0.0129135028973497,0.3990045400839146,12.217,57.1
19671,1953-11-12 00:00:00,0.2404693609886838,0.0343182174337408,0.4466205045436267,12.217,57.1
19672,1953-11-13 00:00:00,0.2672935570640471,0.0609310715850008,0.4736560425430934,12.217,57.1
19673,1953-11-14 00:00:00,0.1251370823603893,-0.0815961828980336,0.3318703476188123,12.217,57.1
19674,1953-11-15 00:00:00,0.0581743510087155,-0.1475725514351197,0.2639212534525509,12.217,57.1
19675,1953-11-16 00:00:00,-0.0884682366208103,-0.2946818502412381,0.1177453769996175,12.217,57.1
19676,1953-11-17 00:00:00,0.0662788971455783,-0.1399423306164748,0.2725001249076316,12.217,57.1
19677,1953-11-18 00:00:00,0.0141971902209,-0.1916113944471201,0.2200057748889202,12.217,57.1
19678,1953-11-19 00:00:00,0.1658123997842784,-0.0400052202294588,0.3716300197980157,12.217,57.1
19679,1953-11-20 00:00:00,0.0647947666395718,-0.1416348472579113,0.2712243805370549,12.217,57.1
19680,1953-11-21 00:00:00,0.054431556190645,-0.1512231477068152,0.2600862600881053,12.217,57.1
19681,1953-11-22 00:00:00,0.1244910114425586,-0.0816177896433446,0.330599812528462,12.217,57.1
19682,1953-11-23 00:00:00,-0.0010557067831338,-0.2068227949509303,0.2047113813846626,12.217,57.1
19683,1953-11-24 00:00:00,-0.0297469040515398,-0.2353340356409732,0.1758402275378935,12.217,57.1
19684,1953-11-25 00:00:00,-0.0086683090050165,-0.2144185917555757,0.1970819737455427,12.217,57.1
19685,1953-11-26 00:00:00,0.0588155464371189,-0.1469934075163386,0.2646245003905765,12.217,57.1
19686,1953-11-27 00:00:00,0.1328930423098033,-0.0729643241723376,0.3387504087919443,12.217,57.1
19687,1953-11-28 00:00:00,0.1535297663528709,-0.0524077386195653,0.3594672713253072,12.217,57.1
19688,1953-11-29 00:00:00,0.3778337179281968,0.1714507182293075,0.584216717627086,12.217,57.1
19689,1953-11-30 00:00:00,0.2641265510723871,0.0542042437120166,0.4740488584327575,12.217,57.1
19690,1953-12-01 00:00:00,0.6662928517406435,0.4579220021116392,0.8746637013696477,12.217,57.1
19691,1953-12-02 00:00:00,0.2725736957675121,0.0637566610783751,0.4813907304566491,12.217,57.1
19692,1953-12-03 00:00:00,0.2484296084534008,0.0415599599166176,0.4552992569901841,12.217,57.1
19693,1953-12-04 00:00:00,0.1956460845212835,-0.0102807684326111,0.4015729374751783,12.217,57.1
19694,1953-12-05 00:00:00,0.193636882075703,-0.0129962644199798,0.4002700285713858,12.217,57.1
19695,1953-12-06 00:00:00,-0.0552163342987348,-0.2611132349405728,0.1506805663431031,12.217,57.1
19696,1953-12-07 00:00:00,-0.0501465292572255,-0.2556416717928026,0.1553486132783514,12.217,57.1
19697,1953-12-08 00:00:00,-0.0275442253130448,-0.2331331352468172,0.1780446846207275,12.217,57.1
19698,1953-12-09 00:00:00,0.0186986805094806,-0.1869046590625125,0.2243020200814737,12.217,57.1
19699,1953-12-10 00:00:00,-0.012429753888201,-0.2178930037095657,0.1930334959331635,12.217,57.1
19700,1953-12-11 00:00:00,-0.0449441754403465,-0.250450256167298,0.160561905286605,12.217,57.1
19701,1953-12-12 00:00:00,-0.1178467706677111,-0.3233606342844202,0.0876670929489978,12.217,57.1
19702,1953-12-13 00:00:00,-0.0647895237914859,-0.2703775868065611,0.1407985392235893,12.217,57.1
19703,1953-12-14 00:00:00,-0.0453678867185131,-0.2509053799598531,0.1601696065228267,12.217,57.1
19704,1953-12-15 00:00:00,0.0434296290818786,-0.1622759472869815,0.2491352054507389,12.217,57.1
19705,1953-12-16 00:00:00,0.0633405986562355,-0.1423563100284701,0.2690375073409412,12.217,57.1
19706,1953-12-17 00:00:00,-0.000642934636142,-0.2066346996416167,0.2053488303693326,12.217,57.1
19707,1953-12-18 00:00:00,-0.0167579698040309,-0.2225711034502158,0.189055163842154,12.217,57.1
19708,1953-12-19 00:00:00,0.0381203078836731,-0.1677204585776558,0.2439610743450022,12.217,57.1
19709,1953-12-20 00:00:00,-0.0266160020563579,-0.2327344885430269,0.1795024844303109,12.217,57.1
19710,1953-12-21 00:00:00,-0.1202966337898445,-0.326100070803486,0.085506803223797,12.217,57.1
19711,1953-12-22 00:00:00,0.006733894458647,-0.1988917213663495,0.2123595102836436,12.217,57.1
19712,1953-12-23 00:00:00,0.0473988321705432,-0.1581556256075529,0.2529532899486394,12.217,57.1
19713,1953-12-24 00:00:00,0.0948626246066335,-0.1107710975200423,0.3004963467333093,12.217,57.1
19714,1953-12-25 00:00:00,0.2002542530692217,-0.0056888686751999,0.4061973748136435,12.217,57.1
19715,1953-12-26 00:00:00,0.1522043532253019,-0.053555785026136,0.3579644914767398,12.217,57.1
19716,1953-12-27 00:00:00,0.1392816697619487,-0.0665238444193203,0.3450871839432178,12.217,57.1
19717,1953-12-28 00:00:00,0.1262093895015441,-0.0801192517104437,0.3325380307135319,12.217,57.1
19718,1953-12-29 00:00:00,0.033403590056604,-0.1722739205568912,0.2390811006700992,12.217,57.1
19719,1953-12-30 00:00:00,-0.0784504232201804,-0.2840870429253689,0.127186196485008,12.217,57.1
19720,1953-12-31 00:00:00,-0.018571078091078,-0.2241295777896056,0.1869874216074495,12.217,57.1
19721,1954-01-01 00:00:00,-0.0399753451063089,-0.2456083722172196,0.1656576820046016,12.217,57.1
19722,1954-01-02 00:00:00,0.0151319453572278,-0.1905512194580375,0.2208151101724932,12.217,57.1
19723,1954-01-03 00:00:00,0.3482286149154587,0.140201834789679,0.5562553950412386,12.217,57.1
19724,1954-01-04 00:00:00,0.2150658966031035,-0.0084997098047672,0.4386315030109742,12.217,57.1
19725,1954-01-05 00:00:00,-0.2230967595242708,-0.4455298881711645,-0.0006636308773771,12.217,57.1
19726,1954-01-06 00:00:00,0.0336399795142821,-0.1726027459850095,0.2398827050135737,12.217,57.1
19727,1954-01-07 00:00:00,0.1351472698504091,-0.0708586300638624,0.3411531697646808,12.217,57.1
19728,1954-01-08 00:00:00,-0.0901867604169164,-0.2960605507585973,0.1156870299247644,12.217,57.1
19729,1954-01-09 00:00:00,0.1151099945932383,-0.0908743950478124,0.321094384234289,12.217,57.1
19730,1954-01-10 00:00:00,0.0855519150326696,-0.1211555673900086,0.2922593974553479,12.217,57.1
19731,1954-01-11 00:00:00,0.0378938636534239,-0.1688047430328952,0.2445924703397431,12.217,57.1
19732,1954-01-12 00:00:00,0.0927564743372651,-0.1136032907375014,0.2991162394120317,12.217,57.1
19733,1954-01-13 00:00:00,0.1115390142403045,-0.0943003895401016,0.3173784180207107,12.217,57.1
19734,1954-01-14 00:00:00,0.2856115713802245,0.0792572055931365,0.4919659371673125,12.217,57.1
19735,1954-01-15 00:00:00,0.4733892137971458,0.2649748434701003,0.6818035841241913,12.217,57.1
19736,1954-01-16 00:00:00,0.681629691919899,0.4693132389097586,0.8939461449300393,12.217,57.1
19737,1954-01-17 00:00:00,0.7145939680345247,0.5033945202017372,0.925793415867312,12.217,57.1
19738,1954-01-18 00:00:00,0.1200330025662207,-0.0876061897736178,0.3276721949060593,12.217,57.1
19739,1954-01-19 00:00:00,-0.0611249135691358,-0.2668207328179109,0.1445709056796392,12.217,57.1
19740,1954-01-20 00:00:00,0.2240946896984119,0.0171923068006064,0.4309970725962175,12.217,57.1
19741,1954-01-21 00:00:00,0.4380792953341186,0.2287535038476444,0.6474050868205927,12.217,57.1
19742,1954-01-22 00:00:00,-0.0577511642986581,-0.2678307672571119,0.1523284386597955,12.217,57.1
19743,1954-01-23 00:00:00,-0.2349523878659608,-0.4425875447660706,-0.0273172309658509,12.217,57.1
19744,1954-01-24 00:00:00,-0.1448720827873184,-0.3506012160881532,0.0608570505135164,12.217,57.1
19745,1954-01-25 00:00:00,-0.0736465461803979,-0.2792333100067125,0.1319402176459166,12.217,57.1
19746,1954-01-26 00:00:00,-0.0719851534007439,-0.2777245176803091,0.1337542108788211,12.217,57.1
19747,1954-01-27 00:00:00,-0.1227313313735369,-0.3283151009378804,0.0828524381908064,12.217,57.1
19748,1954-01-28 00:00:00,-0.0970071240549644,-0.3025818271322856,0.1085675790223567,12.217,57.1
19749,1954-01-29 00:00:00,-0.0616703045617614,-0.2675110768665964,0.1441704677430734,12.217,57.1
19750,1954-01-30 00:00:00,-0.0750606484282722,-0.2810093455482726,0.1308880486917282,12.217,57.1
19751,1954-01-31 00:00:00,-0.171416646312639,-0.3771994797988975,0.0343661871736195,12.217,57.1
19752,1954-02-01 00:00:00,-0.1359011085897986,-0.3416982488029809,0.0698960316233835,12.217,57.1
19753,1954-02-02 00:00:00,-0.099228775916489,-0.3048078175132377,0.1063502656802597,12.217,57.1
19754,1954-02-03 00:00:00,-0.1108815963057197,-0.3164510237926891,0.0946878311812496,12.217,57.1
19755,1954-02-04 00:00:00,-0.040700115326439,-0.2463089835211317,0.1649087528682536,12.217,57.1
19756,1954-02-05 00:00:00,-0.0232696142579112,-0.2287759108306877,0.1822366823148654,12.217,57.1
19757,1954-02-06 00:00:00,0.0109738962693134,-0.194551597345772,0.2164993898843989,12.217,57.1
19758,1954-02-07 00:00:00,0.0807232056351371,-0.1251825556129777,0.286628966883252,12.217,57.1
19759,1954-02-08 00:00:00,0.2280889649574624,0.0212222353213751,0.4349556945935497,12.217,57.1
19760,1954-02-09 00:00:00,0.2055177344256149,-0.0009781991389492,0.4120136679901791,12.217,57.1
19761,1954-02-10 00:00:00,0.0321563347513897,-0.1737472318761468,0.2380599013789263,12.217,57.1
19762,1954-02-11 00:00:00,0.030259557261739,-0.1756016803043408,0.236120794827819,12.217,57.1
19763,1954-02-12 00:00:00,-0.0531301807636958,-0.2588315734666627,0.152571211939271,12.217,57.1
19764,1954-02-13 00:00:00,-0.017685796829352,-0.2232796130827085,0.1879080194240043,12.217,57.1
19765,1954-02-14 00:00:00,-0.0065186366294019,-0.2124733431764884,0.1994360699176846,12.217,57.1
19766,1954-02-15 00:00:00,-0.069959631335185,-0.2759626096826426,0.1360433470122726,12.217,57.1
19767,1954-02-16 00:00:00,-0.1257181399584918,-0.3316048241314995,0.0801685442145159,12.217,57.1
19768,1954-02-17 00:00:00,-0.0655437491350349,-0.2712332709022444,0.1401457726321746,12.217,57.1
19769,1954-02-18 00:00:00,-0.0048744691010951,-0.210378770450322,0.2006298322481316,12.217,57.1
19770,1954-02-19 00:00:00,-0.0170367071389255,-0.2226533247647089,0.1885799104868577,12.217,57.1
19771,1954-02-20 00:00:00,-0.0577184506813871,-0.2638973898859215,0.1484604885231471,12.217,57.1
19772,1954-02-21 00:00:00,-0.0263561403527253,-0.2324871198150224,0.1797748391095716,12.217,57.1
19773,1954-02-22 00:00:00,0.0006669315734811,-0.2049304274953034,0.2062642906422656,12.217,57.1
19774,1954-02-23 00:00:00,0.0359300133585829,-0.1696754286806167,0.2415354553977826,12.217,57.1
19775,1954-02-24 00:00:00,0.1419354436790836,-0.0644316393952245,0.3483025267533919,12.217,57.1
19776,1954-02-25 00:00:00,0.1651127115156553,-0.0411128973050577,0.3713383203363684,12.217,57.1
19777,1954-02-26 00:00:00,0.2689091218211923,0.0617541903689309,0.4760640532734537,12.217,57.1
19778,1954-02-27 00:00:00,0.1282260842354706,-0.0796468285450746,0.3360989970160158,12.217,57.1
19779,1954-02-28 00:00:00,0.1647839035164742,-0.0415570978082318,0.3711249048411803,12.217,57.1
19780,1954-03-01 00:00:00,0.1586353642888425,-0.0472192818302362,0.3644900104079213,12.217,57.1
19781,1954-03-02 00:00:00,0.101743444027742,-0.1040407993057546,0.3075276873612386,12.217,57.1
19782,1954-03-03 00:00:00,0.1736718925690402,-0.0323240055707104,0.3796677907087908,12.217,57.1
19783,1954-03-04 00:00:00,0.1573540058227441,-0.0486623840730188,0.3633703957185071,12.217,57.1
19784,1954-03-05 00:00:00,0.3254085967597252,0.1188556813389117,0.5319615121805388,12.217,57.1
19785,1954-03-06 00:00:00,0.084625612178083,-0.1214758363903247,0.2907270607464909,12.217,57.1
19786,1954-03-07 00:00:00,0.0979174244506077,-0.1079952603300634,0.3038301092312789,12.217,57.1
19787,1954-03-08 00:00:00,0.3165850650079088,0.1090670862525789,0.5241030437632386,12.217,57.1
19788,1954-03-09 00:00:00,0.1748227535095319,-0.0327975989364883,0.3824431059555522,12.217,57.1
19789,1954-03-10 00:00:00,0.0586827137459255,-0.147117752050595,0.2644831795424462,12.217,57.1
19790,1954-03-11 00:00:00,0.0288430560217235,-0.1765959684861164,0.2342820805295634,12.217,57.1
19791,1954-03-12 00:00:00,-0.0097436218219298,-0.2151681685138201,0.1956809248699604,12.217,57.1
19792,1954-03-13 00:00:00,-0.0676977973797886,-0.2731628627527346,0.1377672679931574,12.217,57.1
19793,1954-03-14 00:00:00,-0.0865024174607856,-0.2920376521165069,0.1190328171949356,12.217,57.1
19794,1954-03-15 00:00:00,-0.0262867722901205,-0.2319333133006952,0.1793597687204541,12.217,57.1
19795,1954-03-16 00:00:00,0.0044135857351933,-0.201122804495466,0.2099499759658528,12.217,57.1
19796,1954-03-17 00:00:00,-0.0038669133610097,-0.209476389291608,0.2017425625695885,12.217,57.1
19797,1954-03-18 00:00:00,0.0852650712420285,-0.1203901621146034,0.2909203045986606,12.217,57.1
19798,1954-03-19 00:00:00,-0.0019495211046607,-0.2076107323291242,0.2037116901198027,12.217,57.1
19799,1954-03-20 00:00:00,0.0418290553402821,-0.1640686353103032,0.2477267459908674,12.217,57.1
19800,1954-03-21 00:00:00,0.0647758226199869,-0.1407980794426594,0.2703497246826333,12.217,57.1
19801,1954-03-22 00:00:00,0.1094873886756423,-0.0961543525995389,0.3151291299508236,12.217,57.1
19802,1954-03-23 00:00:00,0.1653606822122604,-0.0402037891993669,0.3709251536238878,12.217,57.1
19803,1954-03-24 00:00:00,0.1795181150373051,-0.0260947542029624,0.3851309842775727,12.217,57.1
19804,1954-03-25 00:00:00,0.1008039141082727,-0.1051658932793885,0.306773721495934,12.217,57.1
19805,1954-03-26 00:00:00,0.0024122398697156,-0.2033252645465344,0.2081497442859657,12.217,57.1
19806,1954-03-27 00:00:00,0.0706580360476091,-0.1350094097916837,0.2763254818869019,12.217,57.1
19807,1954-03-28 00:00:00,0.0720142988690545,-0.133612298597154,0.2776408963352632,12.217,57.1
19808,1954-03-29 00:00:00,0.0232559927577138,-0.1822984667088103,0.2288104522242381,12.217,57.1
19809,1954-03-30 00:00:00,0.0277336059175566,-0.1777979187722768,0.2332651306073901,12.217,57.1
19810,1954-03-31 00:00:00,0.1722810468552364,-0.0339167519868487,0.3784788456973216,12.217,57.1
19811,1954-04-01 00:00:00,0.04744870349298,-0.1590147767141837,0.2539121837001439,12.217,57.1
19812,1954-04-02 00:00:00,0.0716564623233606,-0.1348048476274875,0.2781177722742087,12.217,57.1
19813,1954-04-03 00:00:00,0.0753472305943505,-0.1303117297842726,0.2810061909729736,12.217,57.1
19814,1954-04-04 00:00:00,0.1094946524908456,-0.0961339152972504,0.3151232202789417,12.217,57.1
19815,1954-04-05 00:00:00,0.3930154177299568,0.1856189967113401,0.6004118387485735,12.217,57.1
19816,1954-04-06 00:00:00,0.1128726939779296,-0.0958078467700406,0.3215532347258999,12.217,57.1
19817,1954-04-07 00:00:00,0.0062097400803293,-0.1994572554315613,0.2118767355922199,12.217,57.1
19818,1954-04-08 00:00:00,-0.0693737417248249,-0.2749376094151982,0.1361901259655483,12.217,57.1
19819,1954-04-09 00:00:00,-0.0710721713958435,-0.2766602614026984,0.1345159186110113,12.217,57.1
19820,1954-04-10 00:00:00,-0.0519595843251254,-0.257579956858629,0.1536607882083782,12.217,57.1
19821,1954-04-11 00:00:00,-0.0497135457720866,-0.2552702264311157,0.1558431348869424,12.217,57.1
19822,1954-04-12 00:00:00,0.0326930040557668,-0.1728369961161852,0.238223004227719,12.217,57.1
19823,1954-04-13 00:00:00,0.1319730313921135,-0.0737038247083768,0.3376498874926038,12.217,57.1
19824,1954-04-14 00:00:00,0.1731538199839588,-0.0328267365282454,0.3791343764961631,12.217,57.1
19825,1954-04-15 00:00:00,0.1847688274480013,-0.0221932931224292,0.3917309480184319,12.217,57.1
19826,1954-04-16 00:00:00,0.0019643091506386,-0.2055887437511301,0.2095173620524075,12.217,57.1
19827,1954-04-17 00:00:00,-0.0445061071321038,-0.2524940198151905,0.1634818055509826,12.217,57.1
19828,1954-04-18 00:00:00,-0.1297389503636749,-0.33603046174722,0.0765525610198701,12.217,57.1
19829,1954-04-19 00:00:00,0.0005055015455132,-0.2057346987530601,0.2067457018440865,12.217,57.1
19830,1954-04-20 00:00:00,-0.0652611778759994,-0.2716593535700225,0.1411369978180237,12.217,57.1
19831,1954-04-21 00:00:00,-0.064937026107682,-0.2707273333764879,0.1408532811611238,12.217,57.1
19832,1954-04-22 00:00:00,-0.0550975537508307,-0.2607915273018222,0.1505964198001607,12.217,57.1
19833,1954-04-23 00:00:00,-0.0036901098038031,-0.2093032941299167,0.2019230745223105,12.217,57.1
19834,1954-04-24 00:00:00,-0.0001581759948097,-0.2060493904261697,0.2057330384365502,12.217,57.1
19835,1954-04-25 00:00:00,0.0009392079532075,-0.2047019892130857,0.2065804051195008,12.217,57.1
19836,1954-04-26 00:00:00,0.0062362640086901,-0.1994411430201719,0.2119136710375522,12.217,57.1
19837,1954-04-27 00:00:00,0.011726821742848,-0.1938808169034477,0.2173344603891438,12.217,57.1
19838,1954-04-28 00:00:00,-0.0224282200932518,-0.2280553984982285,0.1831989583117247,12.217,57.1
19839,1954-04-29 00:00:00,0.056565205271536,-0.1489420571494987,0.2620724676925709,12.217,57.1
19840,1954-04-30 00:00:00,0.1618133778461348,-0.0440042635931039,0.3676310192853737,12.217,57.1
19841,1954-05-01 00:00:00,0.1704286922103723,-0.0353248526571225,0.3761822370778672,12.217,57.1
19842,1954-05-02 00:00:00,0.1012247493118617,-0.1044133687963601,0.3068628674200835,12.217,57.1
19843,1954-05-03 00:00:00,0.1211171683210881,-0.0848439886789971,0.3270783253211734,12.217,57.1
19844,1954-05-04 00:00:00,0.0167914677576799,-0.1893054860349657,0.2228884215503255,12.217,57.1
19845,1954-05-05 00:00:00,0.0671809712184021,-0.139537657290674,0.2738995997274783,12.217,57.1
19846,1954-05-06 00:00:00,0.0960360200119135,-0.1104271475670395,0.3024991875908667,12.217,57.1
19847,1954-05-07 00:00:00,0.1371532404054956,-0.0688616892348271,0.3431681700458183,12.217,57.1
19848,1954-05-08 00:00:00,-0.0221146563738118,-0.2282219901880143,0.1839926774403906,12.217,57.1
19849,1954-05-09 00:00:00,-0.0939897928299345,-0.2997698698961426,0.1117902842362734,12.217,57.1
19850,1954-05-10 00:00:00,-0.0805273842578984,-0.2862300799785542,0.1251753114627573,12.217,57.1
19851,1954-05-11 00:00:00,-0.0930358803194699,-0.2986244524548587,0.1125526918159188,12.217,57.1
19852,1954-05-12 00:00:00,-0.0735268559894207,-0.2791273564106837,0.1320736444318423,12.217,57.1
19853,1954-05-13 00:00:00,-0.0500065029505493,-0.2555880595584822,0.1555750536573836,12.217,57.1
19854,1954-05-14 00:00:00,-0.0539591414164289,-0.2595060017986702,0.1515877189658123,12.217,57.1
19855,1954-05-15 00:00:00,-0.0006118142026907,-0.2061282384195238,0.2049046100141424,12.217,57.1
19856,1954-05-16 00:00:00,0.0622346255705788,-0.1432776561830046,0.2677469073241624,12.217,57.1
19857,1954-05-17 00:00:00,0.1110429989269069,-0.0946156764100499,0.3167016742638637,12.217,57.1
19858,1954-05-18 00:00:00,0.0144100367127636,-0.1912120933760618,0.2200321668015891,12.217,57.1
19859,1954-05-19 00:00:00,0.0409469135985908,-0.1654368356982309,0.2473306628954125,12.217,57.1
19860,1954-05-20 00:00:00,-0.0481303727829802,-0.2553356598731421,0.1590749143071816,12.217,57.1
19861,1954-05-21 00:00:00,0.0748540931519528,-0.1307362381260889,0.2804444244299945,12.217,57.1
19862,1954-05-22 00:00:00,0.0785081519748262,-0.1272000784245887,0.2842163823742412,12.217,57.1
19863,1954-05-23 00:00:00,-0.002521711991858,-0.2082138448533745,0.2031704208696583,12.217,57.1
19864,1954-05-24 00:00:00,0.0063172522352172,-0.199175154505632,0.2118096589760665,12.217,57.1
19865,1954-05-25 00:00:00,-0.0047150889765361,-0.2101892452652413,0.200759067312169,12.217,57.1
19866,1954-05-26 00:00:00,-0.0155314219240474,-0.2210015957775466,0.1899387519294518,12.217,57.1
19867,1954-05-27 00:00:00,-0.0196585391131453,-0.2251570919323116,0.1858400137060209,12.217,57.1
19868,1954-05-28 00:00:00,-0.0421426430897661,-0.2476453911875563,0.163360105008024,12.217,57.1
19869,1954-05-29 00:00:00,-0.0191017904458727,-0.2245164376162148,0.1863128567244693,12.217,57.1
19870,1954-05-30 00:00:00,-0.0222395760724601,-0.2276981260922546,0.1832189739473343,12.217,57.1
19871,1954-05-31 00:00:00,0.0004909932857534,-0.2050020783880948,0.2059840649596017,12.217,57.1
19872,1954-06-01 00:00:00,0.0278222979458105,-0.1777957337422268,0.2334403296338478,12.217,57.1
19873,1954-06-02 00:00:00,0.0186150064053731,-0.1869352462397783,0.2241652590505247,12.217,57.1
19874,1954-06-03 00:00:00,0.009956937229394,-0.1961529324146467,0.2160668068734348,12.217,57.1
19875,1954-06-04 00:00:00,-0.0212834495491214,-0.2277021418232672,0.1851352427250243,12.217,57.1
19876,1954-06-05 00:00:00,0.0236981670447927,-0.1819935266592,0.2293898607487855,12.217,57.1
19877,1954-06-06 00:00:00,0.0619640626376408,-0.1435858833069487,0.2675140085822304,12.217,57.1
19878,1954-06-07 00:00:00,0.1033258949396028,-0.1027490081756821,0.3094007980548879,12.217,57.1
19879,1954-06-08 00:00:00,0.0906182249396955,-0.1153683010569298,0.2966047509363209,12.217,57.1
19880,1954-06-09 00:00:00,0.1267985831050992,-0.0788373304950598,0.3324344967052583,12.217,57.1
19881,1954-06-10 00:00:00,0.1535070202010051,-0.052483617809018,0.3594976582110283,12.217,57.1
19882,1954-06-11 00:00:00,0.2138598908429122,0.0075901741072307,0.4201296075785937,12.217,57.1
19883,1954-06-12 00:00:00,0.1591579116499893,-0.0468094668500988,0.3651252901500774,12.217,57.1
19884,1954-06-13 00:00:00,0.152351975645569,-0.053558181934946,0.3582621332260841,12.217,57.1
19885,1954-06-14 00:00:00,0.0099870217136346,-0.1958319728643057,0.2158060162915751,12.217,57.1
19886,1954-06-15 00:00:00,-0.0173323021060118,-0.2229344146485824,0.1882698104365586,12.217,57.1
19887,1954-06-16 00:00:00,0.0641353770442351,-0.1415677489990599,0.2698385030875302,12.217,57.1
19888,1954-06-17 00:00:00,0.092166666422931,-0.1134500325409249,0.2977833653867869,12.217,57.1
19889,1954-06-18 00:00:00,0.0388393344604343,-0.1665951757250134,0.2442738446458821,12.217,57.1
19890,1954-06-19 00:00:00,0.0520684407788516,-0.153472291356374,0.2576091729140773,12.217,57.1
19891,1954-06-20 00:00:00,0.0589204169613557,-0.1467474536469224,0.2645882875696339,12.217,57.1
19892,1954-06-21 00:00:00,0.0528724561319352,-0.1527122157222343,0.2584571279861047,12.217,57.1
19893,1954-06-22 00:00:00,0.0685510897711261,-0.1369661752184144,0.2740683547606667,12.217,57.1
19894,1954-06-23 00:00:00,0.1711292301141219,-0.0345228724179322,0.3767813326461761,12.217,57.1
19895,1954-06-24 00:00:00,0.2732635100095698,0.0672273682158533,0.4792996518032862,12.217,57.1
19896,1954-06-25 00:00:00,0.3126810280705615,0.105372487419043,0.51998956872208,12.217,57.1
19897,1954-06-26 00:00:00,0.2013253763727385,-0.0045402932781086,0.4071910460235857,12.217,57.1
19898,1954-06-27 00:00:00,0.3385600663286666,0.1325506827285451,0.544569449928788,12.217,57.1
19899,1954-06-28 00:00:00,0.3205707651191891,0.1138810262707481,0.52726050396763,12.217,57.1
19900,1954-06-29 00:00:00,0.1840372389443312,-0.0220078627789528,0.3900823406676154,12.217,57.1
19901,1954-06-30 00:00:00,0.0851776049281599,-0.1204529116879385,0.2908081215442584,12.217,57.1
19902,1954-07-01 00:00:00,0.0933796071359253,-0.1121289598265956,0.2988881740984463,12.217,57.1
19903,1954-07-02 00:00:00,0.100004576355605,-0.1056673046938746,0.3056764574050847,12.217,57.1
19904,1954-07-03 00:00:00,0.1212439282404,-0.0844229920106777,0.3269108484914777,12.217,57.1
19905,1954-07-04 00:00:00,0.1448589309193646,-0.060674810607101,0.3503926724458303,12.217,57.1
19906,1954-07-05 00:00:00,0.1646223646157753,-0.0408871031121529,0.3701318323437037,12.217,57.1
19907,1954-07-06 00:00:00,0.1092869078931668,-0.0961858029238694,0.3147596187102031,12.217,57.1
19908,1954-07-07 00:00:00,0.0954124912186072,-0.1100674517283132,0.3008924341655277,12.217,57.1
19909,1954-07-08 00:00:00,0.0694206584927812,-0.1361653197189647,0.2750066367045271,12.217,57.1
19910,1954-07-09 00:00:00,-0.0347119272481449,-0.24048599489808,0.1710621404017902,12.217,57.1
19911,1954-07-10 00:00:00,-0.0553677730630342,-0.2611467941482463,0.1504112480221777,12.217,57.1
19912,1954-07-11 00:00:00,0.0196346312472087,-0.1861812062836609,0.2254504687780785,12.217,57.1
19913,1954-07-12 00:00:00,0.0977625616800632,-0.1083130186100025,0.303838141970129,12.217,57.1
19914,1954-07-13 00:00:00,0.0225798552820595,-0.1835181358921296,0.2286778464562486,12.217,57.1
19915,1954-07-14 00:00:00,0.0863301994270819,-0.1196465787275494,0.2923069775817132,12.217,57.1
19916,1954-07-15 00:00:00,0.2464297852723956,0.0404436137185416,0.4524159568262495,12.217,57.1
19917,1954-07-16 00:00:00,0.3062931807233406,0.100378977494856,0.5122073839518253,12.217,57.1
19918,1954-07-17 00:00:00,0.3684493607961617,0.1618317425584872,0.5750669790338361,12.217,57.1
19919,1954-07-18 00:00:00,0.2875300714724135,0.0808274083411192,0.4942327346037078,12.217,57.1
19920,1954-07-19 00:00:00,0.1412761941707212,-0.0649918832091623,0.3475442715506047,12.217,57.1
19921,1954-07-20 00:00:00,0.0409542984649778,-0.1648829112770251,0.2467915082069807,12.217,57.1
19922,1954-07-21 00:00:00,0.1749557094480631,-0.0306953322807272,0.3806067511768535,12.217,57.1
19923,1954-07-22 00:00:00,0.2472590804904496,0.0415641108188023,0.4529540501620969,12.217,57.1
19924,1954-07-23 00:00:00,0.2029253280585724,-0.0026994787248375,0.4085501348419824,12.217,57.1
19925,1954-07-24 00:00:00,0.1417560969342228,-0.0638010776796116,0.3473132715480572,12.217,57.1
19926,1954-07-25 00:00:00,0.1083294999265808,-0.0972305297384308,0.3138895295915925,12.217,57.1
19927,1954-07-26 00:00:00,0.1440296905359403,-0.0616340267060092,0.3496934077778899,12.217,57.1
19928,1954-07-27 00:00:00,0.1543961695896181,-0.0514062445008507,0.3601985836800871,12.217,57.1
19929,1954-07-28 00:00:00,0.2435024125566719,0.0373844069258336,0.4496204181875102,12.217,57.1
19930,1954-07-29 00:00:00,0.2417629357513958,0.0356454266719797,0.447880444830812,12.217,57.1
19931,1954-07-30 00:00:00,0.1836133770874471,-0.0221403093646409,0.3893670635395352,12.217,57.1
19932,1954-07-31 00:00:00,0.2197068102198188,0.0140906896530436,0.425322930786594,12.217,57.1
19933,1954-08-01 00:00:00,0.1424523703803091,-0.0631349653668335,0.3480397061274518,12.217,57.1
19934,1954-08-02 00:00:00,0.0905460056417478,-0.1149105366488394,0.2960025479323351,12.217,57.1
19935,1954-08-03 00:00:00,0.1312439328112824,-0.0743529295546599,0.3368407951772247,12.217,57.1
19936,1954-08-04 00:00:00,0.1574632993190092,-0.0485848649954235,0.3635114636334419,12.217,57.1
19937,1954-08-05 00:00:00,0.1014842492052833,-0.1043584725629196,0.3073269709734862,12.217,57.1
19938,1954-08-06 00:00:00,0.0803619393806053,-0.1252406262415489,0.2859645050027596,12.217,57.1
19939,1954-08-07 00:00:00,0.1433938001081231,-0.0622406442491175,0.3490282444653639,12.217,57.1
19940,1954-08-08 00:00:00,0.1954419173649516,-0.0109747047740575,0.4018585395039608,12.217,57.1
19941,1954-08-09 00:00:00,0.213035090449224,0.0072843985683439,0.4187857823301041,12.217,57.1
19942,1954-08-10 00:00:00,0.1227876156642165,-0.0829446454311163,0.3285198767595495,12.217,57.1
19943,1954-08-11 00:00:00,0.298396210009896,0.0916592293449454,0.5051331906748466,12.217,57.1
19944,1954-08-12 00:00:00,0.2374754460164918,0.0307164225617599,0.4442344694712237,12.217,57.1
19945,1954-08-13 00:00:00,0.3853546968890524,0.1788238857444527,0.591885508033652,12.217,57.1
19946,1954-08-14 00:00:00,0.1500823073902415,-0.0557659743952404,0.3559305891757236,12.217,57.1
19947,1954-08-15 00:00:00,0.1049164364548758,-0.1006564501279783,0.31048932303773,12.217,57.1
19948,1954-08-16 00:00:00,0.0487467640222403,-0.1569907190399312,0.254484247084412,12.217,57.1
19949,1954-08-17 00:00:00,0.0715515519720779,-0.1340622285096007,0.2771653324537565,12.217,57.1
19950,1954-08-18 00:00:00,0.0750421601310302,-0.1305853998652101,0.2806697201272706,12.217,57.1
19951,1954-08-19 00:00:00,0.1280413423098017,-0.0775787979009488,0.3336614825205524,12.217,57.1
19952,1954-08-20 00:00:00,-0.0011015976358811,-0.2067361615183394,0.2045329662465771,12.217,57.1
19953,1954-08-21 00:00:00,-0.0408138309265315,-0.2463697103112903,0.1647420484582271,12.217,57.1
19954,1954-08-22 00:00:00,-0.0389167913566229,-0.244510779527669,0.1666771968144231,12.217,57.1
19955,1954-08-23 00:00:00,-0.0085994574824036,-0.2144086062300129,0.1972096912652056,12.217,57.1
19956,1954-08-24 00:00:00,0.0576270774684206,-0.1489729680682666,0.2642271230051078,12.217,57.1
19957,1954-08-25 00:00:00,0.0609178412968228,-0.1454399977063636,0.2672756803000092,12.217,57.1
19958,1954-08-26 00:00:00,0.0187361023999657,-0.1867602662529065,0.224232471052838,12.217,57.1
19959,1954-08-27 00:00:00,0.0370560060745165,-0.1684177838188759,0.242529795967909,12.217,57.1
19960,1954-08-28 00:00:00,0.0642873422397346,-0.1411823886216272,0.2697570731010966,12.217,57.1
19961,1954-08-29 00:00:00,0.1422746984770484,-0.0633046418219937,0.3478540387760905,12.217,57.1
19962,1954-08-30 00:00:00,0.179009646509741,-0.0266778854616179,0.3846971784811,12.217,57.1
19963,1954-08-31 00:00:00,0.5279354317415669,0.3208730117587648,0.7349978517243689,12.217,57.1
19964,1954-09-01 00:00:00,0.1886159862286451,-0.0182747408333769,0.3955067132906673,12.217,57.1
19965,1954-09-02 00:00:00,0.0964654501473602,-0.1090769573531445,0.302007857647865,12.217,57.1
19966,1954-09-03 00:00:00,0.0995185114317533,-0.1060611262229819,0.3050981490864885,12.217,57.1
19967,1954-09-04 00:00:00,0.1028025737089325,-0.1027366080989113,0.3083417555167764,12.217,57.1
19968,1954-09-05 00:00:00,0.0641617711285943,-0.1417574140991089,0.2700809563562977,12.217,57.1
19969,1954-09-06 00:00:00,-0.0019859040676517,-0.2076338034294586,0.203661995294155,12.217,57.1
19970,1954-09-07 00:00:00,0.057025010799556,-0.1485980858527747,0.262648107451887,12.217,57.1
19971,1954-09-08 00:00:00,0.03922241487113,-0.1661946416762478,0.2446394714185079,12.217,57.1
19972,1954-09-09 00:00:00,0.0757487337375615,-0.1298069738654471,0.2813044413405702,12.217,57.1
19973,1954-09-10 00:00:00,0.1495953666475738,-0.0562172437593902,0.3554079770545378,12.217,57.1
19974,1954-09-11 00:00:00,0.1833392468645537,-0.0228802610865364,0.3895587548156439,12.217,57.1
19975,1954-09-12 00:00:00,0.3079889591453899,0.1018626733710902,0.5141152449196896,12.217,57.1
19976,1954-09-13 00:00:00,0.2520185119379174,0.046304151246916,0.4577328726289189,12.217,57.1
19977,1954-09-14 00:00:00,0.2556442887186896,0.0499488451583817,0.4613397322789974,12.217,57.1
19978,1954-09-15 00:00:00,0.1508399120862635,-0.0548728322799239,0.3565526564524509,12.217,57.1
19979,1954-09-16 00:00:00,0.4779173173972448,0.2709502995160965,0.6848843352783931,12.217,57.1
19980,1954-09-17 00:00:00,0.6639379882934335,0.4533295109258521,0.8745464656610149,12.217,57.1
19981,1954-09-18 00:00:00,0.5401859204951189,0.3311895903939448,0.7491822505962931,12.217,57.1
19982,1954-09-19 00:00:00,0.2194339881948476,0.0122325148212672,0.426635461568428,12.217,57.1
19983,1954-09-20 00:00:00,0.0989478153995535,-0.106620262420434,0.3045158932195412,12.217,57.1
19984,1954-09-21 00:00:00,0.3550247478041545,0.1482120203478743,0.5618374752604347,12.217,57.1
19985,1954-09-22 00:00:00,0.2589196026510776,0.0527842714779172,0.4650549338242381,12.217,57.1
19986,1954-09-23 00:00:00,0.0588695266455387,-0.1468850008894564,0.264624054180534,12.217,57.1
19987,1954-09-24 00:00:00,0.076339047276645,-0.1292978884103316,0.2819759829636217,12.217,57.1
19988,1954-09-25 00:00:00,0.2892949040970992,0.0827624091625033,0.4958273990316951,12.217,57.1
19989,1954-09-26 00:00:00,0.350166103127115,0.1432484003116552,0.5570838059425749,12.217,57.1
19990,1954-09-27 00:00:00,0.2633272194815655,0.0569533536687272,0.4697010852944038,12.217,57.1
19991,1954-09-28 00:00:00,0.2648086566255417,0.0586116056449187,0.4710057076061646,12.217,57.1
19992,1954-09-29 00:00:00,0.1330634906890512,-0.0733622039262324,0.339489185304335,12.217,57.1
19993,1954-09-30 00:00:00,0.1373659276666621,-0.0685332745124017,0.343265129845726,12.217,57.1
19994,1954-10-01 00:00:00,0.1291561272461463,-0.0768376786428601,0.3351499331351528,12.217,57.1
19995,1954-10-02 00:00:00,0.0514653620153978,-0.1542223237796451,0.2571530478104408,12.217,57.1
19996,1954-10-03 00:00:00,-0.0081152213104597,-0.2137144468775666,0.1974840042566471,12.217,57.1
19997,1954-10-04 00:00:00,0.063887386651996,-0.1417743688725235,0.2695491421765156,12.217,57.1
19998,1954-10-05 00:00:00,0.1143906222610659,-0.0913165917095812,0.3200978362317132,12.217,57.1
19999,1954-10-06 00:00:00,0.0344081752741608,-0.1713559909738679,0.2401723415221896,12.217,57.1
20000,1954-10-07 00:00:00,0.0404972122550515,-0.1662084968067056,0.2472029213168087,12.217,57.1
20001,1954-10-08 00:00:00,-0.0772166240843915,-0.2836755829433756,0.1292423347745925,12.217,57.1
20002,1954-10-09 00:00:00,-0.0418796900543965,-0.2473106872030212,0.1635513070942282,12.217,57.1
20003,1954-10-10 00:00:00,0.1288402785102066,-0.076978922832555,0.3346594798529683,12.217,57.1
20004,1954-10-11 00:00:00,0.2116785380167579,0.0054815931371549,0.417875482896361,12.217,57.1
20005,1954-10-12 00:00:00,0.1522141506809753,-0.0535354799677156,0.3579637813296662,12.217,57.1
20006,1954-10-13 00:00:00,0.3388571133287076,0.1321091647646071,0.5456050618928081,12.217,57.1
20007,1954-10-14 00:00:00,0.4394625513175659,0.2315963798283736,0.6473287228067581,12.217,57.1
20008,1954-10-15 00:00:00,0.181337987954277,-0.0266240259856881,0.3893000018942421,12.217,57.1
20009,1954-10-16 00:00:00,0.0977199785526573,-0.1079920299669812,0.303431987072296,12.217,57.1
20010,1954-10-17 00:00:00,0.1739275562556801,-0.0326554139170656,0.3805105264284258,12.217,57.1
20011,1954-10-18 00:00:00,0.0460562621087101,-0.1598119918874345,0.2519245161048548,12.217,57.1
20012,1954-10-19 00:00:00,0.137049600207199,-0.0692777416421717,0.3433769420565698,12.217,57.1
20013,1954-10-20 00:00:00,0.3400830437298334,0.1324780699923266,0.5476880174673402,12.217,57.1
20014,1954-10-21 00:00:00,0.4881429322057802,0.2814827721566338,0.6948030922549266,12.217,57.1
20015,1954-10-22 00:00:00,0.2639083815831066,0.0580527075981838,0.4697640555680294,12.217,57.1
20016,1954-10-23 00:00:00,0.2361938974185221,0.0297881382354941,0.4425996566015501,12.217,57.1
20017,1954-10-24 00:00:00,0.2587530972015702,0.0508113568752184,0.4666948375279219,12.217,57.1
20018,1954-10-25 00:00:00,0.4023923408758207,0.1941832961876462,0.6106013855639952,12.217,57.1
20019,1954-10-26 00:00:00,0.4235842456632616,0.2151384461952703,0.6320300451312529,12.217,57.1
20020,1954-10-27 00:00:00,0.1853078039869045,-0.0212107698220999,0.391826377795909,12.217,57.1
20021,1954-10-28 00:00:00,0.1499342392514223,-0.055754552948534,0.3556230314513787,12.217,57.1
20022,1954-10-29 00:00:00,0.0942475633358671,-0.1114723032353266,0.2999674299070609,12.217,57.1
20023,1954-10-30 00:00:00,0.259573795215991,0.0524124797244592,0.4667351107075228,12.217,57.1
20024,1954-10-31 00:00:00,0.3134824154293621,0.1058866605671079,0.5210781702916163,12.217,57.1
20025,1954-11-01 00:00:00,0.2326302957097938,0.0267404789450571,0.4385201124745306,12.217,57.1
20026,1954-11-02 00:00:00,0.0506014919957494,-0.1551372603479104,0.2563402443394093,12.217,57.1
20027,1954-11-03 00:00:00,0.0308090240976355,-0.1747822632797765,0.2364003114750476,12.217,57.1
20028,1954-11-04 00:00:00,0.0770866483350054,-0.1284796748039102,0.2826529714739212,12.217,57.1
20029,1954-11-05 00:00:00,0.1469039976949152,-0.05899723661689,0.3528052320067205,12.217,57.1
20030,1954-11-06 00:00:00,0.181132010772357,-0.0249944909628806,0.3872585125075947,12.217,57.1
20031,1954-11-07 00:00:00,0.0815106161129801,-0.124384327741844,0.2874055599678043,12.217,57.1
20032,1954-11-08 00:00:00,0.0114050626130131,-0.194459026314667,0.2172691515406932,12.217,57.1
20033,1954-11-09 00:00:00,0.1352956433506857,-0.0710988098997529,0.3416900966011245,12.217,57.1
20034,1954-11-10 00:00:00,0.2772789174481036,0.0697058061647228,0.4848520287314845,12.217,57.1
20035,1954-11-11 00:00:00,0.2443135865506516,0.0369486179354532,0.45167855516585,12.217,57.1
20036,1954-11-12 00:00:00,0.2219054495103473,0.0095962679417352,0.4342146310789594,12.217,57.1
20037,1954-11-13 00:00:00,0.3367659652835505,0.117980576608376,0.555551353958725,12.217,57.1
20038,1954-11-14 00:00:00,0.2206103494146148,0.010909838560131,0.4303108602690986,12.217,57.1
20039,1954-11-15 00:00:00,0.185982566123991,-0.0232772006727323,0.3952423329207144,12.217,57.1
20040,1954-11-16 00:00:00,-0.0659769266906729,-0.2741435851826722,0.1421897318013263,12.217,57.1
20041,1954-11-17 00:00:00,-0.0491488361787655,-0.2552149175798339,0.1569172452223028,12.217,57.1
20042,1954-11-18 00:00:00,-0.046340326806319,-0.2520615637564809,0.1593809101438427,12.217,57.1
20043,1954-11-19 00:00:00,-0.066408005129949,-0.2721057323164124,0.1392897220565143,12.217,57.1
20044,1954-11-20 00:00:00,-0.1067377164396731,-0.3123331511445629,0.0988577182652165,12.217,57.1
20045,1954-11-21 00:00:00,-0.0686752843057941,-0.2742897199946012,0.136939151383013,12.217,57.1
20046,1954-11-22 00:00:00,0.0252813125523706,-0.1802882534758111,0.2308508785805524,12.217,57.1
20047,1954-11-23 00:00:00,0.0930264337312978,-0.113283132056462,0.2993359995190577,12.217,57.1
20048,1954-11-24 00:00:00,0.0516417447294302,-0.1549192830364819,0.2582027724953424,12.217,57.1
20049,1954-11-25 00:00:00,0.1431695191534356,-0.0634506252382098,0.349789663545081,12.217,57.1
20050,1954-11-26 00:00:00,0.1084776839351685,-0.0979672382178166,0.3149226060881537,12.217,57.1
20051,1954-11-27 00:00:00,0.1963975274154555,-0.009637865855269,0.4024329206861801,12.217,57.1
20052,1954-11-28 00:00:00,0.2486862221167114,0.0420924032980442,0.4552800409353785,12.217,57.1
20053,1954-11-29 00:00:00,0.2888894227768177,0.0826522799588522,0.4951265655947832,12.217,57.1
20054,1954-11-30 00:00:00,0.1864410712292178,-0.0195727662685802,0.392454908727016,12.217,57.1
20055,1954-12-01 00:00:00,0.271175987535191,0.0652043723806894,0.4771476026896926,12.217,57.1
20056,1954-12-02 00:00:00,0.0374266555361166,-0.1683922901342009,0.2432456012064343,12.217,57.1
20057,1954-12-03 00:00:00,0.134720943489139,-0.0725081993352483,0.3419500863135263,12.217,57.1
20058,1954-12-04 00:00:00,0.4252440522015575,0.2176959061735001,0.632792198229615,12.217,57.1
20059,1954-12-05 00:00:00,0.3311603828877965,0.1243447458788326,0.5379760198967605,12.217,57.1
20060,1954-12-06 00:00:00,0.3191273274502638,0.1120680892513528,0.5261865656491749,12.217,57.1
20061,1954-12-07 00:00:00,0.1972566591302754,-0.0085524302635121,0.4030657485240629,12.217,57.1
20062,1954-12-08 00:00:00,0.1633068693620306,-0.0423227335271859,0.3689364722512471,12.217,57.1
20063,1954-12-09 00:00:00,0.1365892910449115,-0.0690531121325953,0.3422316942224184,12.217,57.1
20064,1954-12-10 00:00:00,0.4693841047017189,0.2610237826213673,0.6777444267820705,12.217,57.1
20065,1954-12-11 00:00:00,0.2111140279816467,0.0016838220576201,0.4205442339056732,12.217,57.1
20066,1954-12-12 00:00:00,0.1336435272243772,-0.074288042765419,0.3415750972141734,12.217,57.1
20067,1954-12-13 00:00:00,0.1377750535801014,-0.0688321042517878,0.3443822114119907,12.217,57.1
20068,1954-12-14 00:00:00,0.327227974033161,0.1204238844326227,0.5340320636336993,12.217,57.1
20069,1954-12-15 00:00:00,0.1200725441308531,-0.0862097256948252,0.3263548139565315,12.217,57.1
20070,1954-12-16 00:00:00,0.2097239024249274,0.0024561500392063,0.4169916548106486,12.217,57.1
20071,1954-12-17 00:00:00,0.0278305921434257,-0.1778778761596398,0.2335390604464913,12.217,57.1
20072,1954-12-18 00:00:00,0.1078586856634358,-0.0980688718844731,0.3137862432113448,12.217,57.1
20073,1954-12-19 00:00:00,0.3937730803739068,0.1871811330685558,0.6003650276792579,12.217,57.1
20074,1954-12-20 00:00:00,0.2881804506594527,0.0815947281410171,0.4947661731778882,12.217,57.1
20075,1954-12-21 00:00:00,0.4461653208095213,0.2396028508265486,0.6527277907924941,12.217,57.1
20076,1954-12-22 00:00:00,0.4486713713537408,0.2393919128770794,0.6579508298304022,12.217,57.1
20077,1954-12-23 00:00:00,0.3725011460448719,0.1614866258253034,0.5835156662644404,12.217,57.1
20078,1954-12-24 00:00:00,0.2246138628107926,0.0164762070319773,0.4327515185896079,12.217,57.1
20079,1954-12-25 00:00:00,-0.015724638604033,-0.2224066391080638,0.1909573618999977,12.217,57.1
20080,1954-12-26 00:00:00,0.085563896829827,-0.1202198647380857,0.2913476583977397,12.217,57.1
20081,1954-12-27 00:00:00,0.2277630238725131,0.0214456171083341,0.4340804306366922,12.217,57.1
20082,1954-12-28 00:00:00,0.1776831105212659,-0.0281733752118545,0.3835395962543864,12.217,57.1
20083,1954-12-29 00:00:00,0.143116552968632,-0.0626458166096951,0.3488789225469593,12.217,57.1
20084,1954-12-30 00:00:00,-0.0578747832213612,-0.2637300134284598,0.1479804469857373,12.217,57.1
20085,1954-12-31 00:00:00,-0.1046329691617484,-0.3104284372118099,0.1011624988883131,12.217,57.1
20086,1955-01-01 00:00:00,-0.1565566988631152,-0.3622137757793511,0.0491003780531205,12.217,57.1
20087,1955-01-02 00:00:00,-0.1798426280143459,-0.3854752086609191,0.0257899526322271,12.217,57.1
20088,1955-01-03 00:00:00,-0.181225240632699,-0.3872092988031881,0.0247588175377899,12.217,57.1
20089,1955-01-04 00:00:00,-0.1622689420303627,-0.3680926062420748,0.0435547221813494,12.217,57.1
20090,1955-01-05 00:00:00,-0.1069051852581042,-0.312535631535265,0.0987252610190565,12.217,57.1
20091,1955-01-06 00:00:00,-0.0754192789899095,-0.2809767402539621,0.130138182274143,12.217,57.1
20092,1955-01-07 00:00:00,0.0322844076895413,-0.1733894717784455,0.2379582871575281,12.217,57.1
20093,1955-01-08 00:00:00,0.0677550686666637,-0.1378959409781278,0.2734060783114553,12.217,57.1
20094,1955-01-09 00:00:00,0.0575930762117916,-0.1479410015921874,0.2631271540157708,12.217,57.1
20095,1955-01-10 00:00:00,0.1782346295341636,-0.0275037026033133,0.3839729616716405,12.217,57.1
20096,1955-01-11 00:00:00,0.4517537981058967,0.2432791366120935,0.6602284595996999,12.217,57.1
20097,1955-01-12 00:00:00,0.414438009588976,0.2069032321287004,0.6219727870492516,12.217,57.1
20098,1955-01-13 00:00:00,0.2974869429028025,0.0913026223519359,0.503671263453669,12.217,57.1
20099,1955-01-14 00:00:00,0.4162425224443566,0.2080780129415703,0.624407031947143,12.217,57.1
20100,1955-01-15 00:00:00,0.168841025307927,-0.0376655594018175,0.3753476100176716,12.217,57.1
20101,1955-01-16 00:00:00,0.1941858448787761,-0.0118159879423782,0.4001876776999306,12.217,57.1
20102,1955-01-17 00:00:00,0.1633017762521392,-0.0434935691936042,0.3700971216978826,12.217,57.1
20103,1955-01-18 00:00:00,0.1976869141874012,-0.0122120514352973,0.4075858798100998,12.217,57.1
20104,1955-01-19 00:00:00,0.198980437403636,-0.0073328020177788,0.4052936768250509,12.217,57.1
20105,1955-01-20 00:00:00,0.1441941661990912,-0.0615829195050085,0.3499712519031909,12.217,57.1
20106,1955-01-21 00:00:00,0.0095154780545193,-0.1961780225564293,0.215208978665468,12.217,57.1
20107,1955-01-22 00:00:00,0.0850354244482341,-0.120693858059008,0.2907647069554763,12.217,57.1
20108,1955-01-23 00:00:00,0.0462196070879658,-0.1598487983718503,0.2522880125477821,12.217,57.1
20109,1955-01-24 00:00:00,-0.0177325793037283,-0.2235442581421102,0.1880790995346536,12.217,57.1
20110,1955-01-25 00:00:00,0.3338057990563787,0.1273780201933292,0.5402335779194282,12.217,57.1
20111,1955-01-26 00:00:00,0.1401986592869782,-0.0660867698660452,0.3464840884400018,12.217,57.1
20112,1955-01-27 00:00:00,0.1734457602816611,-0.0323065311759989,0.3791980517393211,12.217,57.1
20113,1955-01-28 00:00:00,0.1017362467810695,-0.1039616770885776,0.3074341706507167,12.217,57.1
20114,1955-01-29 00:00:00,0.134719446378338,-0.0707678962394083,0.3402067889960845,12.217,57.1
20115,1955-01-30 00:00:00,0.1393071854868933,-0.0663022544004883,0.344916625374275,12.217,57.1
20116,1955-01-31 00:00:00,0.220210820254643,0.0145988424125542,0.4258227980967318,12.217,57.1
20117,1955-02-01 00:00:00,0.1667323926675261,-0.0390019736220881,0.3724667589571404,12.217,57.1
20118,1955-02-02 00:00:00,0.1656759958869168,-0.0398511829286279,0.3712031747024617,12.217,57.1
20119,1955-02-03 00:00:00,0.1187545294505215,-0.0867561108444097,0.3242651697454528,12.217,57.1
20120,1955-02-04 00:00:00,0.2047171418157622,-0.0009013613892444,0.4103356450207688,12.217,57.1
20121,1955-02-05 00:00:00,0.2045641042550015,-0.0010879082349903,0.4102161167449932,12.217,57.1
20122,1955-02-06 00:00:00,0.1180749784401819,-0.0877088775642704,0.3238588344446343,12.217,57.1
20123,1955-02-07 00:00:00,0.1275641806203529,-0.0781943251940526,0.3333226864347585,12.217,57.1
20124,1955-02-08 00:00:00,0.1893628700989141,-0.0162728730882706,0.3949986132860988,12.217,57.1
20125,1955-02-09 00:00:00,0.1834490483126793,-0.0224249011309018,0.3893229977562605,12.217,57.1
20126,1955-02-10 00:00:00,0.0203299124661055,-0.185989178949391,0.226649003881602,12.217,57.1
20127,1955-02-11 00:00:00,0.0268212799072512,-0.1797527977596398,0.2333953575741423,12.217,57.1
20128,1955-02-12 00:00:00,0.0209847901600946,-0.1851783455471484,0.2271479258673377,12.217,57.1
20129,1955-02-13 00:00:00,-0.0210676874962225,-0.2267986571698897,0.1846632821774446,12.217,57.1
20130,1955-02-14 00:00:00,0.0184811902527522,-0.1872471006530518,0.2242094811585563,12.217,57.1
20131,1955-02-15 00:00:00,0.0355036896659172,-0.1701709410907571,0.2411783204225917,12.217,57.1
20132,1955-02-16 00:00:00,0.0834959842214547,-0.12245611305238,0.2894480814952896,12.217,57.1
20133,1955-02-17 00:00:00,0.2882812735727588,0.0800674489781331,0.4964950981673844,12.217,57.1
20134,1955-02-18 00:00:00,0.130217531221736,-0.0778882813386172,0.3383233437820893,12.217,57.1
20135,1955-02-19 00:00:00,0.0818534048539857,-0.1258210759647556,0.2895278856727271,12.217,57.1
20136,1955-02-20 00:00:00,-0.025072866263412,-0.2315110468675883,0.1813653143407642,12.217,57.1
20137,1955-02-21 00:00:00,-0.0167155510597166,-0.2225749165710124,0.189143814451579,12.217,57.1
20138,1955-02-22 00:00:00,-0.058450670598173,-0.2642363837995843,0.1473350426032381,12.217,57.1
20139,1955-02-23 00:00:00,-0.0572461243511153,-0.2630057480731425,0.1485134993709116,12.217,57.1
20140,1955-02-24 00:00:00,-0.061647501627744,-0.2672743335995391,0.143979330344051,12.217,57.1
20141,1955-02-25 00:00:00,-0.0388171577454746,-0.244352412582959,0.1667180970920097,12.217,57.1
20142,1955-02-26 00:00:00,-0.0243281645448919,-0.2299017395502764,0.1812454104604925,12.217,57.1
20143,1955-02-27 00:00:00,-0.046127945972161,-0.2516837432632212,0.159427851318899,12.217,57.1
20144,1955-02-28 00:00:00,-0.0741385517843704,-0.2796284055185188,0.1313513019497779,12.217,57.1
20145,1955-03-01 00:00:00,-0.0354112060819997,-0.2409461301478199,0.1701237179838204,12.217,57.1
20146,1955-03-02 00:00:00,0.0164566340114549,-0.1892033566097372,0.2221166246326471,12.217,57.1
20147,1955-03-03 00:00:00,-0.0602710053134713,-0.2659410368778748,0.1453990262509321,12.217,57.1
20148,1955-03-04 00:00:00,0.0272672740127233,-0.1782620667742433,0.2327966147996901,12.217,57.1
20149,1955-03-05 00:00:00,0.1250138675131018,-0.0816044665454454,0.3316322015716491,12.217,57.1
20150,1955-03-06 00:00:00,-0.0611367753681982,-0.26975531633824,0.1474817656018435,12.217,57.1
20151,1955-03-07 00:00:00,-0.0823885666572397,-0.2883516896881162,0.1235745563736367,12.217,57.1
20152,1955-03-08 00:00:00,0.0167690526555815,-0.1891689897976509,0.222707095108814,12.217,57.1
20153,1955-03-09 00:00:00,0.029869641210022,-0.1760041048898525,0.2357433873098965,12.217,57.1
20154,1955-03-10 00:00:00,-0.0064596551679146,-0.2123150651651795,0.1993957548293503,12.217,57.1
20155,1955-03-11 00:00:00,-0.1068774073464601,-0.3126531648719474,0.0988983501790271,12.217,57.1
20156,1955-03-12 00:00:00,-0.0395787489323783,-0.2451664691837093,0.1660089713189527,12.217,57.1
20157,1955-03-13 00:00:00,0.0257938942997932,-0.1797403743566112,0.2313281629561977,12.217,57.1
20158,1955-03-14 00:00:00,0.0445121900991124,-0.1614551300945658,0.2504795102927908,12.217,57.1
20159,1955-03-15 00:00:00,0.1168680167262524,-0.0892817526612144,0.3230177861137193,12.217,57.1
20160,1955-03-16 00:00:00,0.3587187133768054,0.1523203624269586,0.5651170643266521,12.217,57.1
20161,1955-03-17 00:00:00,0.2010029705621524,-0.0053453901320709,0.4073513312563759,12.217,57.1
20162,1955-03-18 00:00:00,0.1252781382136173,-0.0807639908492003,0.331320267276435,12.217,57.1
20163,1955-03-19 00:00:00,0.0747314126315729,-0.1317678584281865,0.2812306836913323,12.217,57.1
20164,1955-03-20 00:00:00,0.0548856519710385,-0.151170063677181,0.2609413676192582,12.217,57.1
20165,1955-03-21 00:00:00,0.0680867563411178,-0.1376031817948379,0.2737766944770736,12.217,57.1
20166,1955-03-22 00:00:00,0.0319557726213719,-0.1740105403430646,0.2379220855858084,12.217,57.1
20167,1955-03-23 00:00:00,0.009461142025911,-0.1966628699161693,0.2155851539679914,12.217,57.1
20168,1955-03-24 00:00:00,0.0503013321525403,-0.1558841551736325,0.2564868194787131,12.217,57.1
20169,1955-03-25 00:00:00,0.0355205030598929,-0.1713223189913873,0.2423633251111732,12.217,57.1
20170,1955-03-26 00:00:00,0.0504380146026321,-0.1552034264668716,0.2560794556721358,12.217,57.1
20171,1955-03-27 00:00:00,0.0518395702967972,-0.1541656134909883,0.2578447540845828,12.217,57.1
20172,1955-03-28 00:00:00,0.0602888938263873,-0.1459999094896638,0.2665776971424385,12.217,57.1
20173,1955-03-29 00:00:00,0.0182962041651554,-0.1876383090147708,0.2242307173450816,12.217,57.1
20174,1955-03-30 00:00:00,0.0035981873427675,-0.2025366441664378,0.2097330188519729,12.217,57.1
20175,1955-03-31 00:00:00,0.1928630104297013,-0.0140767358940756,0.3998027567534783,12.217,57.1
20176,1955-04-01 00:00:00,0.1647011594398442,-0.0414454568252219,0.3708477757049104,12.217,57.1
20177,1955-04-02 00:00:00,0.0543683877047639,-0.15125121140487,0.2599879868143979,12.217,57.1
20178,1955-04-03 00:00:00,0.0882581108379819,-0.1172434353143581,0.2937596569903219,12.217,57.1
20179,1955-04-04 00:00:00,0.0967910286770056,-0.10865081748829,0.3022328748423013,12.217,57.1
20180,1955-04-05 00:00:00,0.0369084963874651,-0.1685995290570848,0.242416521832015,12.217,57.1
20181,1955-04-06 00:00:00,0.032163790273095,-0.1733940752596203,0.2377216558058105,12.217,57.1
20182,1955-04-07 00:00:00,0.0570424284181929,-0.1485357196614671,0.262620576497853,12.217,57.1
20183,1955-04-08 00:00:00,-0.0113385841299323,-0.217737642419978,0.1950604741601134,12.217,57.1
20184,1955-04-09 00:00:00,-0.0566989970413196,-0.2625706819528668,0.1491726878702276,12.217,57.1
20185,1955-04-10 00:00:00,0.0533534456412042,-0.1523704546158434,0.2590773458982519,12.217,57.1
20186,1955-04-11 00:00:00,0.0561954658369327,-0.1493732779695599,0.2617642096434254,12.217,57.1
20187,1955-04-12 00:00:00,0.034486861796637,-0.1712638341738539,0.240237557767128,12.217,57.1
20188,1955-04-13 00:00:00,0.0634958270351464,-0.142375028664274,0.269366682734567,12.217,57.1
20189,1955-04-14 00:00:00,0.1915053185438373,-0.0152696534858765,0.3982802905735513,12.217,57.1
20190,1955-04-15 00:00:00,0.0497913420047547,-0.1576184202797171,0.2572011042892266,12.217,57.1
20191,1955-04-16 00:00:00,-0.0774869881621939,-0.28313943013393,0.128165453809542,12.217,57.1
20192,1955-04-17 00:00:00,-0.1124247056330069,-0.3180893505089611,0.0932399392429472,12.217,57.1
20193,1955-04-18 00:00:00,-0.08133802013112,-0.2872041521197768,0.1245281118575366,12.217,57.1
20194,1955-04-19 00:00:00,-0.0623313443803604,-0.2689564920985229,0.144293803337802,12.217,57.1
20195,1955-04-20 00:00:00,-0.0014652889212537,-0.2070982443512387,0.2041676665087312,12.217,57.1
20196,1955-04-21 00:00:00,0.1034023588096565,-0.1028314093339347,0.3096361269532479,12.217,57.1
20197,1955-04-22 00:00:00,0.1562333323130192,-0.0514331063937534,0.3638997710197919,12.217,57.1
20198,1955-04-23 00:00:00,0.0586471021857343,-0.1469389450188495,0.2642331493903182,12.217,57.1
20199,1955-04-24 00:00:00,0.0728248204736266,-0.1327137809790395,0.2783634219262929,12.217,57.1
20200,1955-04-25 00:00:00,0.0631252578424198,-0.1437731029483026,0.2700236186331423,12.217,57.1
20201,1955-04-26 00:00:00,-0.0210829456538584,-0.2270999324376092,0.1849340411298923,12.217,57.1
20202,1955-04-27 00:00:00,0.0560333487043172,-0.1495773948820084,0.2616440922906429,12.217,57.1
20203,1955-04-28 00:00:00,0.0812359648457045,-0.1243185282876561,0.2867904579790652,12.217,57.1
20204,1955-04-29 00:00:00,0.2084559605329644,0.0025547358922685,0.4143571851736604,12.217,57.1
20205,1955-04-30 00:00:00,0.0584212564095991,-0.1473761622827964,0.2642186751019947,12.217,57.1
20206,1955-05-01 00:00:00,0.0213933097647409,-0.1843030318231904,0.2270896513526722,12.217,57.1
20207,1955-05-02 00:00:00,0.0827449540274451,-0.1228004881446763,0.2882903961995666,12.217,57.1
20208,1955-05-03 00:00:00,0.2646718225245493,0.0575208856093025,0.4718227594397961,12.217,57.1
20209,1955-05-04 00:00:00,0.1955674633755748,-0.0106044019314323,0.401739328682582,12.217,57.1
20210,1955-05-05 00:00:00,0.2792510700545852,0.0730707543064264,0.485431385802744,12.217,57.1
20211,1955-05-06 00:00:00,0.2464100113771706,0.0407147687085599,0.4521052540457813,12.217,57.1
20212,1955-05-07 00:00:00,0.1942602164843298,-0.0115629256240337,0.4000833585926934,12.217,57.1
20213,1955-05-08 00:00:00,0.0493904371569929,-0.1567780319519313,0.2555589062659172,12.217,57.1
20214,1955-05-09 00:00:00,0.1314659862374862,-0.0743744842188976,0.33730645669387,12.217,57.1
20215,1955-05-10 00:00:00,0.2394497248101552,0.0338277498113634,0.4450716998089471,12.217,57.1
20216,1955-05-11 00:00:00,0.2630076767111181,0.0571059840023582,0.468909369419878,12.217,57.1
20217,1955-05-12 00:00:00,0.1995655715270087,-0.0069570577014707,0.4060882007554882,12.217,57.1
20218,1955-05-13 00:00:00,0.2209024573538585,0.0147050008137407,0.4270999138939763,12.217,57.1
20219,1955-05-14 00:00:00,0.230254984199053,0.0243404445102855,0.4361695238878205,12.217,57.1
20220,1955-05-15 00:00:00,0.1806418618160613,-0.0256360538235164,0.3869197774556391,12.217,57.1
20221,1955-05-16 00:00:00,0.1664322190683899,-0.0402993062055851,0.373163744342365,12.217,57.1
20222,1955-05-17 00:00:00,0.1494190086874239,-0.0569304984283013,0.3557685158031493,12.217,57.1
20223,1955-05-18 00:00:00,0.1143210133064634,-0.0915227751154419,0.3201648017283688,12.217,57.1
20224,1955-05-19 00:00:00,0.3218386817890105,0.1112754227661112,0.5324019408119098,12.217,57.1
20225,1955-05-20 00:00:00,0.3205670063019649,0.1056395894469742,0.5354944231569555,12.217,57.1
20226,1955-05-21 00:00:00,0.327527241014641,0.1209496103303397,0.5341048716989423,12.217,57.1
20227,1955-05-22 00:00:00,0.1349186716053944,-0.0709229764065556,0.3407603196173446,12.217,57.1
20228,1955-05-23 00:00:00,0.0683052671356342,-0.1376239079002183,0.2742344421714867,12.217,57.1
20229,1955-05-24 00:00:00,0.0271843293026611,-0.1786469232455857,0.2330155818509079,12.217,57.1
20230,1955-05-25 00:00:00,0.0343079023693184,-0.1713553832352299,0.2399711879738669,12.217,57.1
20231,1955-05-26 00:00:00,0.0476227380776313,-0.1580548012344522,0.2533002773897148,12.217,57.1
20232,1955-05-27 00:00:00,-0.0375287936826827,-0.2430757626338266,0.168018175268461,12.217,57.1
20233,1955-05-28 00:00:00,-0.0122550244443094,-0.2178218828396861,0.1933118339510672,12.217,57.1
20234,1955-05-29 00:00:00,-0.0157958121965941,-0.2214748871794115,0.1898832627862233,12.217,57.1
20235,1955-05-30 00:00:00,-0.0452120473229322,-0.2508678720303519,0.1604437773844874,12.217,57.1
20236,1955-05-31 00:00:00,-0.0424394137874525,-0.2482707105160773,0.1633918829411721,12.217,57.1
20237,1955-06-01 00:00:00,-0.02314171726095,-0.2287354517086488,0.1824520171867486,12.217,57.1
20238,1955-06-02 00:00:00,-0.0342799460553721,-0.2398222791256657,0.1712623870149215,12.217,57.1
20239,1955-06-03 00:00:00,-0.0391225537033366,-0.2447206671480276,0.1664755597413544,12.217,57.1
20240,1955-06-04 00:00:00,-0.0293563824971819,-0.2348070677233536,0.1760943027289897,12.217,57.1
20241,1955-06-05 00:00:00,0.0352725071725175,-0.1702206786824099,0.240765693027445,12.217,57.1
20242,1955-06-06 00:00:00,0.06401103594638,-0.1415487259510684,0.2695707978438285,12.217,57.1
20243,1955-06-07 00:00:00,0.0832359121081538,-0.1224592842078328,0.2889311084241406,12.217,57.1
20244,1955-06-08 00:00:00,0.0512691063237018,-0.1549989465416129,0.2575371591890165,12.217,57.1
20245,1955-06-09 00:00:00,0.1166918204516815,-0.0896808910971901,0.3230645320005533,12.217,57.1
20246,1955-06-10 00:00:00,0.040791572696512,-0.1648771341246961,0.2464602795177203,12.217,57.1
20247,1955-06-11 00:00:00,0.0238081156439106,-0.1821462087387386,0.22976244002656,12.217,57.1
20248,1955-06-12 00:00:00,0.0266543811006397,-0.1788841720447907,0.2321929342460701,12.217,57.1
20249,1955-06-13 00:00:00,0.1096736149751083,-0.0959055638535883,0.3152527938038051,12.217,57.1
20250,1955-06-14 00:00:00,0.0308988017315314,-0.1748904930552696,0.2366880965183325,12.217,57.1
20251,1955-06-15 00:00:00,0.0861486618364493,-0.1200424074779869,0.2923397311508856,12.217,57.1
20252,1955-06-16 00:00:00,0.3328130537711042,0.1252198496994472,0.5404062578427612,12.217,57.1
20253,1955-06-17 00:00:00,0.2579853773348722,0.0504667322664799,0.4655040224032644,12.217,57.1
20254,1955-06-18 00:00:00,0.1061492119040637,-0.1004889629620346,0.3127873867701621,12.217,57.1
20255,1955-06-19 00:00:00,0.0334193180419354,-0.1721880835026096,0.2390267195864805,12.217,57.1
20256,1955-06-20 00:00:00,0.0652188492342892,-0.140302398650973,0.2707400971195514,12.217,57.1
20257,1955-06-21 00:00:00,0.0857530335889108,-0.1199594828392298,0.2914655500170516,12.217,57.1
20258,1955-06-22 00:00:00,0.0343169115232373,-0.1716524511563256,0.2402862742028003,12.217,57.1
20259,1955-06-23 00:00:00,0.0386562787267647,-0.1669091609741477,0.2442217184276773,12.217,57.1
20260,1955-06-24 00:00:00,0.0811169321885238,-0.1248670801962043,0.2871009445732521,12.217,57.1
20261,1955-06-25 00:00:00,0.0605452500967439,-0.1460244271376655,0.2671149273311535,12.217,57.1
20262,1955-06-26 00:00:00,-0.0087720260096101,-0.214711257090589,0.1971672050713687,12.217,57.1
20263,1955-06-27 00:00:00,-0.0046619499012957,-0.2101853037759484,0.2008614039733569,12.217,57.1
20264,1955-06-28 00:00:00,0.0295812408559973,-0.1758757102167127,0.2350381919287074,12.217,57.1
20265,1955-06-29 00:00:00,0.0682442455235149,-0.1371617985132334,0.2736502895602632,12.217,57.1
20266,1955-06-30 00:00:00,0.1254386445068284,-0.0800352101795164,0.3309124991931733,12.217,57.1
20267,1955-07-01 00:00:00,0.0422758527946827,-0.1632392203482151,0.2477909259375807,12.217,57.1
20268,1955-07-02 00:00:00,0.0619625777420915,-0.1434968356464999,0.2674219911306831,12.217,57.1
20269,1955-07-03 00:00:00,0.305283831886978,0.0989587011143766,0.5116089626595793,12.217,57.1
20270,1955-07-04 00:00:00,0.1942220002616538,-0.0125938947861721,0.4010378953094797,12.217,57.1
20271,1955-07-05 00:00:00,0.0720834639904566,-0.1334809887775958,0.277647916758509,12.217,57.1
20272,1955-07-06 00:00:00,0.0101619120974633,-0.1956378042750245,0.2159616284699513,12.217,57.1
20273,1955-07-07 00:00:00,-0.0351622022693698,-0.2408257942391879,0.1705013897004482,12.217,57.1
20274,1955-07-08 00:00:00,-0.0421792901620407,-0.2477766953973448,0.1634181150732633,12.217,57.1
20275,1955-07-09 00:00:00,-0.0728272909747116,-0.2784465680978708,0.1327919861484476,12.217,57.1
20276,1955-07-10 00:00:00,-0.061926609253614,-0.2678132554102853,0.1439600369030572,12.217,57.1
20277,1955-07-11 00:00:00,-0.0494578498351724,-0.2552703419769412,0.1563546423065964,12.217,57.1
20278,1955-07-12 00:00:00,-0.037212475729682,-0.242826662572233,0.1684017111128689,12.217,57.1
20279,1955-07-13 00:00:00,-0.0185092987798154,-0.2240865676369242,0.1870679700772934,12.217,57.1
20280,1955-07-14 00:00:00,0.0205738043752053,-0.1849055245314405,0.2260531332818512,12.217,57.1
20281,1955-07-15 00:00:00,0.0263359408652786,-0.1791648032236346,0.2318366849541919,12.217,57.1
20282,1955-07-16 00:00:00,0.0549710853630471,-0.1505825785622753,0.2605247492883697,12.217,57.1
20283,1955-07-17 00:00:00,0.0731474464635774,-0.1327144255481012,0.279009318475256,12.217,57.1
20284,1955-07-18 00:00:00,0.1108460041986771,-0.0956012803162838,0.3172932887136381,12.217,57.1
20285,1955-07-19 00:00:00,-0.0281402159620939,-0.2341833530407733,0.1779029211165854,12.217,57.1
20286,1955-07-20 00:00:00,0.0436499114030477,-0.1619587392377759,0.2492585620438714,12.217,57.1
20287,1955-07-21 00:00:00,0.0137770403663925,-0.191671720745565,0.21922580147835,12.217,57.1
20288,1955-07-22 00:00:00,0.020485014551723,-0.1849483987573508,0.2259184278607968,12.217,57.1
20289,1955-07-23 00:00:00,0.031316759178709,-0.1741266344904004,0.2367601528478186,12.217,57.1
20290,1955-07-24 00:00:00,0.0347949672993395,-0.1713009498198305,0.2408908844185097,12.217,57.1
20291,1955-07-25 00:00:00,0.0315665427735606,-0.1746976985746041,0.2378307841217254,12.217,57.1
20292,1955-07-26 00:00:00,-0.032528526309187,-0.2382229061877715,0.1731658535693974,12.217,57.1
20293,1955-07-27 00:00:00,0.0007800745907731,-0.2050209241562032,0.2065810733377495,12.217,57.1
20294,1955-07-28 00:00:00,-0.0158022819576503,-0.2216581892342309,0.1900536253189302,12.217,57.1
20295,1955-07-29 00:00:00,0.0213964104439741,-0.1841915697473007,0.226984390635249,12.217,57.1
20296,1955-07-30 00:00:00,0.0293324441675039,-0.1763145519688317,0.2349794403038396,12.217,57.1
20297,1955-07-31 00:00:00,0.0121274064739315,-0.1934044774517102,0.2176592903995732,12.217,57.1
20298,1955-08-01 00:00:00,0.0535231839598843,-0.1519256402454716,0.2589720081652404,12.217,57.1
20299,1955-08-02 00:00:00,0.0874342581407879,-0.1181348943407878,0.2930034106223635,12.217,57.1
20300,1955-08-03 00:00:00,0.0541517797582246,-0.1516048980300337,0.2599084575464831,12.217,57.1
20301,1955-08-04 00:00:00,0.0421217155357333,-0.1636668400482481,0.2479102711197147,12.217,57.1
20302,1955-08-05 00:00:00,0.045154171537484,-0.1603194784803941,0.2506278215553622,12.217,57.1
20303,1955-08-06 00:00:00,0.0991794901232657,-0.106293956114698,0.3046529363612295,12.217,57.1
20304,1955-08-07 00:00:00,0.2117858565657492,0.0060891883256382,0.4174825248058601,12.217,57.1
20305,1955-08-08 00:00:00,0.168890871611592,-0.0370462398322445,0.3748279830554286,12.217,57.1
20306,1955-08-09 00:00:00,0.0330852306726947,-0.1726368333358229,0.2388072946812126,12.217,57.1
20307,1955-08-10 00:00:00,-0.0581523457641633,-0.2636240711919252,0.1473193796635985,12.217,57.1
20308,1955-08-11 00:00:00,-0.0795440457200968,-0.2849715311716235,0.1258834397314299,12.217,57.1
20309,1955-08-12 00:00:00,-0.0500874900183377,-0.2555148553371845,0.1553398753005089,12.217,57.1
20310,1955-08-13 00:00:00,0.0024793540608485,-0.203020391812337,0.2079790999340341,12.217,57.1
20311,1955-08-14 00:00:00,-0.0053493008524567,-0.2108458854918465,0.200147283786933,12.217,57.1
20312,1955-08-15 00:00:00,0.0414170055608901,-0.1640242209576185,0.2468582320793987,12.217,57.1
20313,1955-08-16 00:00:00,0.0244177565301492,-0.1809966660483008,0.2298321791085994,12.217,57.1
20314,1955-08-17 00:00:00,0.012142531092227,-0.1933299270157615,0.2176149892002156,12.217,57.1
20315,1955-08-18 00:00:00,0.0534040335039664,-0.1521043133229012,0.2589123803308341,12.217,57.1
20316,1955-08-19 00:00:00,0.0406359211381564,-0.1648587324098802,0.246130574686193,12.217,57.1
20317,1955-08-20 00:00:00,0.0017520542602783,-0.2036379716592,0.2071420801797566,12.217,57.1
20318,1955-08-21 00:00:00,-0.0205862688810635,-0.2259705029550545,0.1847979651929273,12.217,57.1
20319,1955-08-22 00:00:00,-0.0407890069449768,-0.2462245805145698,0.1646465666246162,12.217,57.1
20320,1955-08-23 00:00:00,-0.0755525373223355,-0.2810181081614171,0.1299130335167459,12.217,57.1
20321,1955-08-24 00:00:00,-0.0642239311249509,-0.2696800677665517,0.1412322055166499,12.217,57.1
20322,1955-08-25 00:00:00,-0.039100832535922,-0.2445902792188254,0.1663886141469813,12.217,57.1
20323,1955-08-26 00:00:00,-0.0207006734046846,-0.2262764916577742,0.1848751448484049,12.217,57.1
20324,1955-08-27 00:00:00,0.0145428822359916,-0.1909442191798496,0.2200299836518329,12.217,57.1
20325,1955-08-28 00:00:00,0.0233847761013561,-0.1821167748715515,0.2288863270742638,12.217,57.1
20326,1955-08-29 00:00:00,0.0205205197948921,-0.1850019424889983,0.2260429820787825,12.217,57.1
20327,1955-08-30 00:00:00,0.0192738120446915,-0.1862775231015304,0.2248251471909135,12.217,57.1
20328,1955-08-31 00:00:00,0.0255948398781162,-0.1798634398912243,0.2310531196474567,12.217,57.1
20329,1955-09-01 00:00:00,0.0680393736919335,-0.1374767532818392,0.2735555006657064,12.217,57.1
20330,1955-09-02 00:00:00,0.1469783773519787,-0.0585771516590092,0.3525339063629667,12.217,57.1
20331,1955-09-03 00:00:00,0.3594446982212935,0.1531319945224256,0.5657574019201614,12.217,57.1
20332,1955-09-04 00:00:00,0.2487401234786501,0.0424021366433821,0.4550781103139181,12.217,57.1
20333,1955-09-05 00:00:00,0.1276493835973263,-0.0778854772409466,0.3331842444355992,12.217,57.1
20334,1955-09-06 00:00:00,0.1452632472984475,-0.0603771654453591,0.3509036600422541,12.217,57.1
20335,1955-09-07 00:00:00,0.0480078427507426,-0.1576258873819369,0.2536415728834222,12.217,57.1
20336,1955-09-08 00:00:00,0.000161766640538,-0.2053666113874119,0.205690144668488,12.217,57.1
20337,1955-09-09 00:00:00,0.0729133082940368,-0.1327042247040132,0.2785308412920869,12.217,57.1
20338,1955-09-10 00:00:00,0.048623244264802,-0.1570894903618032,0.2543359788914072,12.217,57.1
20339,1955-09-11 00:00:00,0.0373766710518155,-0.1681792763204283,0.2429326184240593,12.217,57.1
20340,1955-09-12 00:00:00,0.1705430293861051,-0.0352128865324723,0.3762989453046825,12.217,57.1
20341,1955-09-13 00:00:00,0.0799320664989566,-0.1257376800341425,0.2856018130320558,12.217,57.1
20342,1955-09-14 00:00:00,0.1678595633978075,-0.0376834734357253,0.3734026002313404,12.217,57.1
20343,1955-09-15 00:00:00,0.1715537005932454,-0.0341835236302473,0.3772909248167383,12.217,57.1
20344,1955-09-16 00:00:00,0.0644738607858562,-0.1422972233042957,0.2712449448760082,12.217,57.1
20345,1955-09-17 00:00:00,0.2676556096371614,0.0578987049967066,0.4774125142776162,12.217,57.1
20346,1955-09-18 00:00:00,0.1549575009643774,-0.0517407265150987,0.3616557284438537,12.217,57.1
20347,1955-09-19 00:00:00,0.1652359267978667,-0.0406598359245281,0.3711316895202616,12.217,57.1
20348,1955-09-20 00:00:00,0.0300536537846856,-0.1757135852610855,0.2358208928304567,12.217,57.1
20349,1955-09-21 00:00:00,-0.002785619650586,-0.2083190137313622,0.2027477744301901,12.217,57.1
20350,1955-09-22 00:00:00,-0.0080021889580797,-0.213453814035249,0.1974494361190894,12.217,57.1
20351,1955-09-23 00:00:00,0.0248031860188453,-0.1806725229455667,0.2302788949832574,12.217,57.1
20352,1955-09-24 00:00:00,0.0022569693250847,-0.2032212205949336,0.2077351592451032,12.217,57.1
20353,1955-09-25 00:00:00,0.0495600073505937,-0.156081868460883,0.2552018831620705,12.217,57.1
20354,1955-09-26 00:00:00,0.1250503763787869,-0.0812493281856385,0.3313500809432125,12.217,57.1
20355,1955-09-27 00:00:00,0.2033107685973983,-0.0027404428215523,0.409361980016349,12.217,57.1
20356,1955-09-28 00:00:00,0.0707272523540467,-0.1349243060293004,0.2763788107373939,12.217,57.1
20357,1955-09-29 00:00:00,0.0105039136986269,-0.1950018177596319,0.2160096451568859,12.217,57.1
20358,1955-09-30 00:00:00,0.1766266380858744,-0.029011999343944,0.3822652755156929,12.217,57.1
20359,1955-10-01 00:00:00,0.2627166304567895,0.0558453939816338,0.4695878669319452,12.217,57.1
20360,1955-10-02 00:00:00,0.1206893221910622,-0.0858604475465806,0.3272390919287052,12.217,57.1
20361,1955-10-03 00:00:00,0.1316387635045298,-0.0740909018275217,0.3373684288365814,12.217,57.1
20362,1955-10-04 00:00:00,0.1537711343510058,-0.0520653343163181,0.3596076030183298,12.217,57.1
20363,1955-10-05 00:00:00,0.0841439718315257,-0.1215075283581603,0.2897954720212117,12.217,57.1
20364,1955-10-06 00:00:00,0.1697491546347924,-0.0367429118614923,0.3762412211310771,12.217,57.1
20365,1955-10-07 00:00:00,0.2198145772247463,0.0128908398884059,0.4267383145610868,12.217,57.1
20366,1955-10-08 00:00:00,0.0035298857687851,-0.2029069456962299,0.2099667172338002,12.217,57.1
20367,1955-10-09 00:00:00,0.0391626650379164,-0.1666491017019571,0.2449744317777899,12.217,57.1
20368,1955-10-10 00:00:00,0.0841355383063703,-0.1216975921897148,0.2899686688024554,12.217,57.1
20369,1955-10-11 00:00:00,0.0466458463832285,-0.1590009347985842,0.2522926275650413,12.217,57.1
20370,1955-10-12 00:00:00,0.0435927595447257,-0.1621045438632628,0.2492900629527142,12.217,57.1
20371,1955-10-13 00:00:00,0.0437505364062254,-0.1616405425661928,0.2491416153786437,12.217,57.1
20372,1955-10-14 00:00:00,0.2018081863889258,-0.0041499161571596,0.4077662889350113,12.217,57.1
20373,1955-10-15 00:00:00,0.2260747118599274,0.0192724211535885,0.4328770025662661,12.217,57.1
20374,1955-10-16 00:00:00,0.3784633386690753,0.1690773364731228,0.5878493408650278,12.217,57.1
20375,1955-10-17 00:00:00,0.2269003006453315,0.0188185572362745,0.4349820440543885,12.217,57.1
20376,1955-10-18 00:00:00,0.2396601533356715,0.0331868255130379,0.4461334811583051,12.217,57.1
20377,1955-10-19 00:00:00,0.0778122355117716,-0.1283259821615227,0.283950453185066,12.217,57.1
20378,1955-10-20 00:00:00,0.1708626089439924,-0.0359760116209945,0.3777012295089793,12.217,57.1
20379,1955-10-21 00:00:00,0.2205373168654428,0.0118844365754321,0.4291901971554536,12.217,57.1
20380,1955-10-22 00:00:00,0.1086939093182263,-0.097829588972385,0.3152174076088377,12.217,57.1
20381,1955-10-23 00:00:00,-0.0788367358097137,-0.285081467263695,0.1274079956442675,12.217,57.1
20382,1955-10-24 00:00:00,-0.0568949797286725,-0.2629120831345888,0.1491221236772437,12.217,57.1
20383,1955-10-25 00:00:00,0.0062200629767291,-0.1996861369747211,0.2121262629281795,12.217,57.1
20384,1955-10-26 00:00:00,0.2036621481235521,-0.0022876963592173,0.4096119926063217,12.217,57.1
20385,1955-10-27 00:00:00,0.1992291325163093,-0.0076734927672466,0.4061317577998652,12.217,57.1
20386,1955-10-28 00:00:00,0.1391273648081337,-0.0665673226173969,0.3448220522336643,12.217,57.1
20387,1955-10-29 00:00:00,0.054335601976597,-0.151521691539661,0.260192895492855,12.217,57.1
20388,1955-10-30 00:00:00,0.2440852017546055,0.0376962773945309,0.4504741261146801,12.217,57.1
20389,1955-10-31 00:00:00,0.113708655349102,-0.0924105509128786,0.3198278616110827,12.217,57.1
20390,1955-11-01 00:00:00,0.0789690163254636,-0.1267751968348913,0.2847132294858185,12.217,57.1
20391,1955-11-02 00:00:00,0.1207689157197314,-0.0850319147378857,0.3265697461773486,12.217,57.1
20392,1955-11-03 00:00:00,0.0842425277911293,-0.1214206963872725,0.2899057519695313,12.217,57.1
20393,1955-11-04 00:00:00,0.1053269705377166,-0.1002331754686485,0.3108871165440818,12.217,57.1
20394,1955-11-05 00:00:00,0.1178057215951633,-0.0877214197726822,0.3233328629630088,12.217,57.1
20395,1955-11-06 00:00:00,0.0281052936706494,-0.1776565527317684,0.2338671400730673,12.217,57.1
20396,1955-11-07 00:00:00,-0.0493076210239836,-0.2549004202156561,0.1562851781676889,12.217,57.1
20397,1955-11-08 00:00:00,0.0310305536159223,-0.1745170572502661,0.2365781644821107,12.217,57.1
20398,1955-11-09 00:00:00,0.1140932196158568,-0.0915589921141166,0.3197454313458304,12.217,57.1
20399,1955-11-10 00:00:00,0.1359772390066008,-0.0697088653542413,0.341663343367443,12.217,57.1
20400,1955-11-11 00:00:00,0.187569776011524,-0.0181026558234939,0.393242207846542,12.217,57.1
20401,1955-11-12 00:00:00,0.1686134187984773,-0.0373849319070012,0.3746117695039559,12.217,57.1
20402,1955-11-13 00:00:00,0.1399711294091598,-0.0661330352998999,0.3460752941182196,12.217,57.1
20403,1955-11-14 00:00:00,0.0183503220428882,-0.1874312698285181,0.2241319139142946,12.217,57.1
20404,1955-11-15 00:00:00,-0.0849126156136046,-0.2907311598056924,0.1209059285784831,12.217,57.1
20405,1955-11-16 00:00:00,-0.0882936127324957,-0.2941162476232682,0.1175290221582767,12.217,57.1
20406,1955-11-17 00:00:00,-0.0859976736373759,-0.2917614414587119,0.11976609418396,12.217,57.1
20407,1955-11-18 00:00:00,-0.006485924233328,-0.2120121494658677,0.1990403009992116,12.217,57.1
20408,1955-11-19 00:00:00,-0.0484371486613839,-0.2542988272922035,0.1574245299694356,12.217,57.1
20409,1955-11-20 00:00:00,0.1157528490289708,-0.0902362124228713,0.321741910480813,12.217,57.1
20410,1955-11-21 00:00:00,0.0177855880617319,-0.1891768181784425,0.2247479943019063,12.217,57.1
20411,1955-11-22 00:00:00,-0.0412009286455281,-0.2471307979855675,0.1647289406945112,12.217,57.1
20412,1955-11-23 00:00:00,0.2409996047112184,0.0347909635781105,0.4472082458443263,12.217,57.1
20413,1955-11-24 00:00:00,0.2427609581769929,0.0333778877041347,0.452144028649851,12.217,57.1
20414,1955-11-25 00:00:00,0.1101128999740369,-0.1018167924208856,0.3220425923689596,12.217,57.1
20415,1955-11-26 00:00:00,0.0386383292240923,-0.1711834917906673,0.2484601502388519,12.217,57.1
20416,1955-11-27 00:00:00,0.4138857426136508,0.2074541141526158,0.6203173710746858,12.217,57.1
20417,1955-11-28 00:00:00,0.3008674528617843,0.0947207978384364,0.5070141078851322,12.217,57.1
20418,1955-11-29 00:00:00,0.0317912035729976,-0.1746353356393194,0.2382177427853147,12.217,57.1
20419,1955-11-30 00:00:00,0.0321858297897507,-0.1739134434957086,0.23828510307521,12.217,57.1
20420,1955-12-01 00:00:00,0.1468517279765565,-0.0593910719743007,0.3530945279274138,12.217,57.1
20421,1955-12-02 00:00:00,0.2061571620143439,0.0003908392659138,0.4119234847627741,12.217,57.1
20422,1955-12-03 00:00:00,0.1442031971271954,-0.0619550356829501,0.3503614299373411,12.217,57.1
20423,1955-12-04 00:00:00,0.4487618285802162,0.2418665243006295,0.6556571328598029,12.217,57.1
20424,1955-12-05 00:00:00,0.1222699210239736,-0.0847122317583576,0.329252073806305,12.217,57.1
20425,1955-12-06 00:00:00,0.4212144682073149,0.2139914531501486,0.6284374832644812,12.217,57.1
20426,1955-12-07 00:00:00,0.3050890785688278,0.0980595195868096,0.512118637550846,12.217,57.1
20427,1955-12-08 00:00:00,0.3167921740121528,0.1106606218517254,0.5229237261725803,12.217,57.1
20428,1955-12-09 00:00:00,0.1231787377385018,-0.0833183621965261,0.3296758376735297,12.217,57.1
20429,1955-12-10 00:00:00,0.1978839458690554,-0.008758958338124,0.404526850076235,12.217,57.1
20430,1955-12-11 00:00:00,0.1043972503661002,-0.1019151027538754,0.3107096034860758,12.217,57.1
20431,1955-12-12 00:00:00,-0.0240261051613935,-0.2303076566156958,0.1822554462929087,12.217,57.1
20432,1955-12-13 00:00:00,-0.0073500105848921,-0.2132830414524373,0.1985830202826528,12.217,57.1
20433,1955-12-14 00:00:00,0.0438342465363087,-0.1617915357937224,0.24946002886634,12.217,57.1
20434,1955-12-15 00:00:00,0.0815452238122232,-0.1251782272276637,0.2882686748521102,12.217,57.1
20435,1955-12-16 00:00:00,0.3994939574988592,0.1880079814507723,0.610979933546946,12.217,57.1
20436,1955-12-17 00:00:00,0.0487568438815792,-0.1632607762105963,0.2607744639737548,12.217,57.1
20437,1955-12-18 00:00:00,0.1437443999487793,-0.0660229927006055,0.3535117925981642,12.217,57.1
20438,1955-12-19 00:00:00,0.1161965446634982,-0.0926098905399138,0.3250029798669104,12.217,57.1
20439,1955-12-20 00:00:00,0.1031342475825068,-0.1026385527243222,0.3089070478893359,12.217,57.1
20440,1955-12-21 00:00:00,0.1217556644802791,-0.0838610181175396,0.3273723470780978,12.217,57.1
20441,1955-12-22 00:00:00,0.0459626070145546,-0.1602517724207013,0.2521769864498105,12.217,57.1
20442,1955-12-23 00:00:00,-0.0200210327024457,-0.227016827487256,0.1869747620823645,12.217,57.1
20443,1955-12-24 00:00:00,0.3771287267289063,0.1695708067843447,0.5846866466734679,12.217,57.1
20444,1955-12-25 00:00:00,0.2548724687501028,0.047882972645322,0.4618619648548836,12.217,57.1
20445,1955-12-26 00:00:00,0.1308851809487318,-0.0750802421187136,0.3368506040161773,12.217,57.1
20446,1955-12-27 00:00:00,0.2384349878264189,0.0321071173364148,0.444762858316423,12.217,57.1
20447,1955-12-28 00:00:00,0.3167198802140453,0.1105364274734441,0.5229033329546466,12.217,57.1
20448,1955-12-29 00:00:00,0.5609360869753726,0.3537902425504681,0.7680819314002769,12.217,57.1
20449,1955-12-30 00:00:00,0.6276140998299489,0.4208404323179779,0.8343877673419198,12.217,57.1
20450,1955-12-31 00:00:00,0.1971056249168299,-0.0096073922954617,0.4038186421291216,12.217,57.1
20451,1956-01-01 00:00:00,0.1051586630600059,-0.1007109950363277,0.3110283211563396,12.217,57.1
20452,1956-01-02 00:00:00,0.1208127969021254,-0.085078186503959,0.3267037803082099,12.217,57.1
20453,1956-01-03 00:00:00,-0.0105263492303861,-0.2165597519606508,0.1955070534998786,12.217,57.1
20454,1956-01-04 00:00:00,0.1256588253081581,-0.0805082714694246,0.3318259220857409,12.217,57.1
20455,1956-01-05 00:00:00,0.0313855729205678,-0.1743491994998722,0.2371203453410079,12.217,57.1
20456,1956-01-06 00:00:00,0.0075265854194983,-0.1979654515586217,0.2130186223976184,12.217,57.1
20457,1956-01-07 00:00:00,0.0220581328537107,-0.1834593599826955,0.227575625690117,12.217,57.1
20458,1956-01-08 00:00:00,0.1211849533029073,-0.084436119675796,0.3268060262816107,12.217,57.1
20459,1956-01-09 00:00:00,0.1851865900807599,-0.0204360090666974,0.3908091892282173,12.217,57.1
20460,1956-01-10 00:00:00,0.1660026532183345,-0.0396290792603718,0.371634385697041,12.217,57.1
20461,1956-01-11 00:00:00,0.2072063991967736,0.0013933974695751,0.4130194009239721,12.217,57.1
20462,1956-01-12 00:00:00,0.2349203458084955,0.0290454992630257,0.4407951923539653,12.217,57.1
20463,1956-01-13 00:00:00,0.1737710393124279,-0.0322341793161531,0.379776257941009,12.217,57.1
20464,1956-01-14 00:00:00,0.2445121823890711,0.03761950332354,0.4514048614546022,12.217,57.1
20465,1956-01-15 00:00:00,0.1725698886856306,-0.0332687844300953,0.3784085618013566,12.217,57.1
20466,1956-01-16 00:00:00,0.1109709640436469,-0.094920150041528,0.3168620781288218,12.217,57.1
20467,1956-01-17 00:00:00,0.2422659721778513,0.0360569012517086,0.4484750431039941,12.217,57.1
20468,1956-01-18 00:00:00,0.414266929948868,0.2060800824960706,0.6224537774016654,12.217,57.1
20469,1956-01-19 00:00:00,0.3611965939273834,0.154203934902405,0.5681892529523618,12.217,57.1
20470,1956-01-20 00:00:00,0.364228650876335,0.1575192250769432,0.5709380766757268,12.217,57.1
20471,1956-01-21 00:00:00,0.2621054531273714,0.0536203651095602,0.4705905411451825,12.217,57.1
20472,1956-01-22 00:00:00,0.8122851216392302,0.5984942260050268,1.0260760172734336,12.217,57.1
20473,1956-01-23 00:00:00,0.3200024529963777,0.1106546710174256,0.5293502349753298,12.217,57.1
20474,1956-01-24 00:00:00,0.1286520375022244,-0.0775674593146758,0.3348715343191246,12.217,57.1
20475,1956-01-25 00:00:00,0.0905806176523015,-0.1158502130853205,0.2970114483899236,12.217,57.1
20476,1956-01-26 00:00:00,-0.0211753187039091,-0.227070275167094,0.1847196377592757,12.217,57.1
20477,1956-01-27 00:00:00,0.0615123385580665,-0.144169160388534,0.2671938375046671,12.217,57.1
20478,1956-01-28 00:00:00,-0.0789505936960394,-0.2847261404049007,0.1268249530128218,12.217,57.1
20479,1956-01-29 00:00:00,-0.0569547490982398,-0.2628269064921361,0.1489174082956564,12.217,57.1
20480,1956-01-30 00:00:00,-0.1443498895959905,-0.3502460178597746,0.0615462386677936,12.217,57.1
20481,1956-01-31 00:00:00,-0.1446995477065037,-0.3505026257048219,0.0611035302918145,12.217,57.1
20482,1956-02-01 00:00:00,-0.1555927274355506,-0.3616966250189636,0.0505111701478623,12.217,57.1
20483,1956-02-02 00:00:00,-0.1231830205324528,-0.3294264354892351,0.0830603944243296,12.217,57.1
20484,1956-02-03 00:00:00,-0.1485305738800882,-0.3543361065281522,0.0572749587679756,12.217,57.1
20485,1956-02-04 00:00:00,-0.1699491779477334,-0.3756784363173421,0.0357800804218753,12.217,57.1
20486,1956-02-05 00:00:00,-0.0714004865818869,-0.2770468704826913,0.1342458973189175,12.217,57.1
20487,1956-02-06 00:00:00,-0.0611856962394897,-0.2669919980391479,0.1446206055601684,12.217,57.1
20488,1956-02-07 00:00:00,-0.0885935584774315,-0.29477334140167,0.1175862244468069,12.217,57.1
20489,1956-02-08 00:00:00,-0.079863535727767,-0.2860021514219827,0.1262750799664486,12.217,57.1
20490,1956-02-09 00:00:00,-0.1078863820804035,-0.3140074317172012,0.0982346675563941,12.217,57.1
20491,1956-02-10 00:00:00,-0.2013393579978731,-0.4076026843670998,0.0049239683713535,12.217,57.1
20492,1956-02-11 00:00:00,-0.1449880880303687,-0.3507189364408588,0.0607427603801213,12.217,57.1
20493,1956-02-12 00:00:00,-0.0596865937684156,-0.2655331674206149,0.1461599798837836,12.217,57.1
20494,1956-02-13 00:00:00,0.0499734808016468,-0.155927562517923,0.2558745241212166,12.217,57.1
20495,1956-02-14 00:00:00,-0.0066507262205364,-0.2138279490143231,0.2005264965732502,12.217,57.1
20496,1956-02-15 00:00:00,0.029022107497438,-0.1795694317257591,0.2376136467206351,12.217,57.1
20497,1956-02-16 00:00:00,0.0298212068646812,-0.1760411366922639,0.2356835504216263,12.217,57.1
20498,1956-02-17 00:00:00,0.0162343115299845,-0.1893232627356423,0.2217918857956113,12.217,57.1
20499,1956-02-18 00:00:00,-0.0873804007664987,-0.2947885739303577,0.1200277723973601,12.217,57.1
20500,1956-02-19 00:00:00,-0.1271637222625981,-0.3330640878713293,0.0787366433461332,12.217,57.1
20501,1956-02-20 00:00:00,-0.0186711115412742,-0.2251133855641926,0.1877711624816442,12.217,57.1
20502,1956-02-21 00:00:00,-0.0627635441445801,-0.2693991183514947,0.1438720300623344,12.217,57.1
20503,1956-02-22 00:00:00,-0.130933527545084,-0.3371241134148784,0.0752570583247105,12.217,57.1
20504,1956-02-23 00:00:00,-0.092205155554688,-0.2979785397106828,0.1135682286013066,12.217,57.1
20505,1956-02-24 00:00:00,-0.0562374338822402,-0.2619143237677958,0.1494394560033152,12.217,57.1
20506,1956-02-25 00:00:00,-0.0118682077337187,-0.2174396868760805,0.193703271408643,12.217,57.1
20507,1956-02-26 00:00:00,0.0191304722585862,-0.1864686585317664,0.2247296030489389,12.217,57.1
20508,1956-02-27 00:00:00,0.0651748682881359,-0.1404018723614555,0.2707516089377274,12.217,57.1
20509,1956-02-28 00:00:00,0.1341943931378307,-0.071520409881591,0.3399091961572526,12.217,57.1
20510,1956-02-29 00:00:00,0.1694172780749859,-0.0366613968689612,0.375495953018933,12.217,57.1
20511,1956-03-01 00:00:00,0.2545360095258048,0.0469789618472326,0.4620930572043769,12.217,57.1
20512,1956-03-02 00:00:00,0.3298972247083246,0.1220400585909312,0.5377543908257181,12.217,57.1
20513,1956-03-03 00:00:00,0.6586771173822452,0.4453820670516246,0.8719721677128658,12.217,57.1
20514,1956-03-04 00:00:00,0.2887941397914821,0.082304704514827,0.4952835750681372,12.217,57.1
20515,1956-03-05 00:00:00,0.3103380794283499,0.1043939065781127,0.5162822522785872,12.217,57.1
20516,1956-03-06 00:00:00,0.125831585793142,-0.0801132012617406,0.3317763728480247,12.217,57.1
20517,1956-03-07 00:00:00,0.0600641068784854,-0.1459141071483049,0.2660423209052758,12.217,57.1
20518,1956-03-08 00:00:00,-0.0699960911987527,-0.2785936782954202,0.1386014958979147,12.217,57.1
20519,1956-03-09 00:00:00,-0.0689832819003658,-0.2750671870821096,0.1371006232813779,12.217,57.1
20520,1956-03-10 00:00:00,-0.0385264290190375,-0.2440049277276382,0.1669520696895631,12.217,57.1
20521,1956-03-11 00:00:00,-0.0605540039716935,-0.2662662226252261,0.145158214681839,12.217,57.1
20522,1956-03-12 00:00:00,-0.0862383741821635,-0.2920500477922089,0.1195732994278817,12.217,57.1
20523,1956-03-13 00:00:00,-0.091644708570858,-0.29720693260333,0.1139175154616138,12.217,57.1
20524,1956-03-14 00:00:00,-0.0723732416433471,-0.2783612745850482,0.1336147912983539,12.217,57.1
20525,1956-03-15 00:00:00,-0.0817383094090384,-0.2873711418260651,0.1238945230079881,12.217,57.1
20526,1956-03-16 00:00:00,-0.0300459399583076,-0.2357962450508493,0.1757043651342341,12.217,57.1
20527,1956-03-17 00:00:00,0.0260538398173595,-0.1797765876233646,0.2318842672580837,12.217,57.1
20528,1956-03-18 00:00:00,-0.0643654184606022,-0.2702019361694115,0.141471099248207,12.217,57.1
20529,1956-03-19 00:00:00,-0.1131662316057755,-0.3191437295858627,0.0928112663743114,12.217,57.1
20530,1956-03-20 00:00:00,-0.0500661985650823,-0.2563369406312528,0.1562045435010881,12.217,57.1
20531,1956-03-21 00:00:00,0.0448283705603153,-0.1617284285857883,0.2513851697064191,12.217,57.1
20532,1956-03-22 00:00:00,0.0620574134945556,-0.1441741410369598,0.268288968026071,12.217,57.1
20533,1956-03-23 00:00:00,0.0217608132808841,-0.1843366150461414,0.2278582416079096,12.217,57.1
20534,1956-03-24 00:00:00,-0.014479592407307,-0.2210624147517146,0.1921032299371005,12.217,57.1
20535,1956-03-25 00:00:00,0.0309879650102797,-0.1757659415744201,0.2377418715949796,12.217,57.1
20536,1956-03-26 00:00:00,0.0072552343792775,-0.1983436681270188,0.2128541368855739,12.217,57.1
20537,1956-03-27 00:00:00,-0.0201884116045883,-0.2257251575615487,0.1853483343523719,12.217,57.1
20538,1956-03-28 00:00:00,-0.0488583694970193,-0.2545199549105996,0.156803215916561,12.217,57.1
20539,1956-03-29 00:00:00,-0.0889425437939331,-0.2946185864853848,0.1167334988975185,12.217,57.1
20540,1956-03-30 00:00:00,0.0029461593763354,-0.2027591782394295,0.2086514969921005,12.217,57.1
20541,1956-03-31 00:00:00,-0.0399769702890775,-0.2456395833421547,0.1656856427639997,12.217,57.1
20542,1956-04-01 00:00:00,0.0082835214955873,-0.1976138721074573,0.214180915098632,12.217,57.1
20543,1956-04-02 00:00:00,0.0284649312791501,-0.1777616455095297,0.23469150806783,12.217,57.1
20544,1956-04-03 00:00:00,0.3334269307561686,0.1272056468033584,0.5396482147089788,12.217,57.1
20545,1956-04-04 00:00:00,0.1876188063075191,-0.0185536796194817,0.39379129223452,12.217,57.1
20546,1956-04-05 00:00:00,0.119536038851906,-0.0864186638181947,0.3254907415220068,12.217,57.1
20547,1956-04-06 00:00:00,0.0686023246396667,-0.1371888424243333,0.2743934917036668,12.217,57.1
20548,1956-04-07 00:00:00,-0.0510119080547689,-0.2574065067890743,0.1553826906795364,12.217,57.1
20549,1956-04-08 00:00:00,-0.0412178871538272,-0.2475113649725275,0.1650755906648729,12.217,57.1
20550,1956-04-09 00:00:00,0.1291478352381408,-0.0769920450318404,0.335287715508122,12.217,57.1
20551,1956-04-10 00:00:00,0.2108255541577945,0.004934099515353,0.4167170088002361,12.217,57.1
20552,1956-04-11 00:00:00,0.1985604466233269,-0.0071454581755855,0.4042663514222395,12.217,57.1
20553,1956-04-12 00:00:00,0.2341015765204324,0.0282900396160921,0.4399131134247728,12.217,57.1
20554,1956-04-13 00:00:00,0.1978417961023846,-0.007816992103835,0.4035005843086042,12.217,57.1
20555,1956-04-14 00:00:00,0.1126185571802963,-0.0929208693876542,0.318157983748247,12.217,57.1
20556,1956-04-15 00:00:00,0.070239785022886,-0.1353607209234767,0.2758402909692488,12.217,57.1
20557,1956-04-16 00:00:00,0.0439905632486449,-0.1617230437314188,0.2497041702287087,12.217,57.1
20558,1956-04-17 00:00:00,-0.0142256703037809,-0.219840897690679,0.191389557083117,12.217,57.1
20559,1956-04-18 00:00:00,-0.0413058565662044,-0.2474330537556535,0.1648213406232446,12.217,57.1
20560,1956-04-19 00:00:00,-0.0830776185216885,-0.288706726747693,0.1225514897043159,12.217,57.1
20561,1956-04-20 00:00:00,-0.0582939192712963,-0.2638661486013461,0.1472783100587535,12.217,57.1
20562,1956-04-21 00:00:00,-0.002738563994329,-0.2083032205658154,0.2028260925771573,12.217,57.1
20563,1956-04-22 00:00:00,-0.0389435101476761,-0.2444827717888254,0.166595751493473,12.217,57.1
20564,1956-04-23 00:00:00,0.0134372466624684,-0.1921694706870591,0.2190439640119961,12.217,57.1
20565,1956-04-24 00:00:00,0.0215719590472189,-0.1840174859945961,0.2271614040890341,12.217,57.1
20566,1956-04-25 00:00:00,0.0392164030898309,-0.1662413090040764,0.2446741151837382,12.217,57.1
20567,1956-04-26 00:00:00,0.067288700714436,-0.1381358555395153,0.2727132569683874,12.217,57.1
20568,1956-04-27 00:00:00,0.0591168035999341,-0.1462825867133186,0.2645161939131869,12.217,57.1
20569,1956-04-28 00:00:00,0.0154920711286712,-0.1899682361060679,0.2209523783634105,12.217,57.1
20570,1956-04-29 00:00:00,-0.0032669360124831,-0.208874124670434,0.2023402526454678,12.217,57.1
20571,1956-04-30 00:00:00,-0.0094834199036396,-0.2154310867414789,0.1964642469341997,12.217,57.1
20572,1956-05-01 00:00:00,-0.0454411702220857,-0.2513218853419084,0.1604395448977369,12.217,57.1
20573,1956-05-02 00:00:00,-0.0375658752363039,-0.2431982233174903,0.1680664728448824,12.217,57.1
20574,1956-05-03 00:00:00,-0.0297485964466887,-0.2353764572723582,0.1758792643789807,12.217,57.1
20575,1956-05-04 00:00:00,0.018059845247292,-0.1873952564426431,0.2235149469372272,12.217,57.1
20576,1956-05-05 00:00:00,-0.0078895061934115,-0.2133822913263569,0.1976032789395338,12.217,57.1
20577,1956-05-06 00:00:00,0.052052459983651,-0.153423618935747,0.2575285389030491,12.217,57.1
20578,1956-05-07 00:00:00,0.0584233932892089,-0.1474402245064933,0.2642870110849111,12.217,57.1
20579,1956-05-08 00:00:00,0.2669096929638158,0.0608356430719639,0.4729837428556676,12.217,57.1
20580,1956-05-09 00:00:00,0.1516594203126409,-0.0542184837140036,0.3575373243392855,12.217,57.1
20581,1956-05-10 00:00:00,0.1607989970906941,-0.0453577683619108,0.366955762543299,12.217,57.1
20582,1956-05-11 00:00:00,0.0864540346010679,-0.1195416980608126,0.2924497672629486,12.217,57.1
20583,1956-05-12 00:00:00,0.0651266099497367,-0.1408449276647815,0.2710981475642551,12.217,57.1
20584,1956-05-13 00:00:00,0.0959542347326188,-0.1099799850810678,0.3018884545463054,12.217,57.1
20585,1956-05-14 00:00:00,0.0616015367010247,-0.1440777087920149,0.2672807821940644,12.217,57.1
20586,1956-05-15 00:00:00,0.189915814945217,-0.0163470437743329,0.396178673664767,12.217,57.1
20587,1956-05-16 00:00:00,0.1359066096007704,-0.0700650928028709,0.3418783120044117,12.217,57.1
20588,1956-05-17 00:00:00,0.2849408497200823,0.0775804532200877,0.4923012462200768,12.217,57.1
20589,1956-05-18 00:00:00,0.2154782187185628,0.0078168209362387,0.4231396165008869,12.217,57.1
20590,1956-05-19 00:00:00,0.1635180076647397,-0.0426021811386424,0.3696381964681219,12.217,57.1
20591,1956-05-20 00:00:00,0.1034809738998213,-0.1021730347737034,0.3091349825733461,12.217,57.1
20592,1956-05-21 00:00:00,0.086424833911408,-0.1190754089995624,0.2919250768223785,12.217,57.1
20593,1956-05-22 00:00:00,0.047643468590201,-0.1577596911350813,0.2530466283154833,12.217,57.1
20594,1956-05-23 00:00:00,0.0157291173263479,-0.1897360165982634,0.2211942512509592,12.217,57.1
20595,1956-05-24 00:00:00,0.0320502875262311,-0.1735651435130912,0.2376657185655535,12.217,57.1
20596,1956-05-25 00:00:00,0.0636418598087044,-0.141902624130505,0.269186343747914,12.217,57.1
20597,1956-05-26 00:00:00,0.0446085970022789,-0.1609951588054238,0.2502123528099818,12.217,57.1
20598,1956-05-27 00:00:00,-0.0235011128055441,-0.2292304938430199,0.1822282682319316,12.217,57.1
20599,1956-05-28 00:00:00,0.0623069610017118,-0.1435335598958463,0.2681474818992699,12.217,57.1
20600,1956-05-29 00:00:00,0.0989448522923859,-0.1067124508649632,0.3046021554497352,12.217,57.1
20601,1956-05-30 00:00:00,0.0471537229670332,-0.1583507038473812,0.2526581497814477,12.217,57.1
20602,1956-05-31 00:00:00,0.040105262522166,-0.1653842381609241,0.2455947632052562,12.217,57.1
20603,1956-06-01 00:00:00,0.0251654657690072,-0.1808433581949851,0.2311742897329996,12.217,57.1
20604,1956-06-02 00:00:00,0.1778794344542937,-0.0281428623460787,0.3839017312546662,12.217,57.1
20605,1956-06-03 00:00:00,0.160731786509652,-0.0454856002832398,0.3669491733025439,12.217,57.1
20606,1956-06-04 00:00:00,0.1743218919613545,-0.0317914970976227,0.380435281020332,12.217,57.1
20607,1956-06-05 00:00:00,0.2406878412731098,0.0345493170003221,0.4468263655458975,12.217,57.1
20608,1956-06-06 00:00:00,0.230574432947415,0.0233522306635408,0.4377966352312892,12.217,57.1
20609,1956-06-07 00:00:00,0.1262564006391039,-0.0825839014608914,0.3350967027390994,12.217,57.1
20610,1956-06-08 00:00:00,0.0859300963714652,-0.1199482690783528,0.2918084618212834,12.217,57.1
20611,1956-06-09 00:00:00,0.0339775845056524,-0.1724034092713734,0.2403585782826783,12.217,57.1
20612,1956-06-10 00:00:00,-0.0478138041314872,-0.2538668902339909,0.1582392819710164,12.217,57.1
20613,1956-06-11 00:00:00,-0.0432248040718319,-0.2492895214718493,0.1628399133281854,12.217,57.1
20614,1956-06-12 00:00:00,-0.0237080177594457,-0.2297677567081443,0.1823517211892528,12.217,57.1
20615,1956-06-13 00:00:00,0.0837909596075253,-0.1221653071184604,0.2897472263335111,12.217,57.1
20616,1956-06-14 00:00:00,0.1239204056382933,-0.0824845130271893,0.330325324303776,12.217,57.1
20617,1956-06-15 00:00:00,0.0691588051380573,-0.1368729840591639,0.2751905943352786,12.217,57.1
20618,1956-06-16 00:00:00,-0.0164740744869192,-0.2223382370413946,0.189390088067556,12.217,57.1
20619,1956-06-17 00:00:00,0.0781634516316974,-0.1274289748410553,0.2837558781044502,12.217,57.1
20620,1956-06-18 00:00:00,0.0516338905033487,-0.1541794054395666,0.2574471864462642,12.217,57.1
20621,1956-06-19 00:00:00,0.0367751728626911,-0.1689484843299894,0.2424988300553718,12.217,57.1
20622,1956-06-20 00:00:00,0.1421621046529382,-0.0635547721521855,0.347878981458062,12.217,57.1
20623,1956-06-21 00:00:00,0.1090644090080112,-0.0965498691088021,0.3146786871248246,12.217,57.1
20624,1956-06-22 00:00:00,0.0096780899750535,-0.1959485617345592,0.2153047416846664,12.217,57.1
20625,1956-06-23 00:00:00,-0.062048903112503,-0.2676734322767898,0.1435756260517837,12.217,57.1
20626,1956-06-24 00:00:00,-0.0180019579109895,-0.2240846406188296,0.1880807247968505,12.217,57.1
20627,1956-06-25 00:00:00,0.0345118977468991,-0.1710922888958255,0.2401160843896238,12.217,57.1
20628,1956-06-26 00:00:00,0.1437065452374232,-0.0619817454790105,0.349394835953857,12.217,57.1
20629,1956-06-27 00:00:00,0.1803484866085918,-0.0254556210324857,0.3861525942496693,12.217,57.1
20630,1956-06-28 00:00:00,0.2403103627063311,0.0345284208618102,0.446092304550852,12.217,57.1
20631,1956-06-29 00:00:00,0.2764397001541627,0.0705575252554179,0.4823218750529076,12.217,57.1
20632,1956-06-30 00:00:00,0.18658651094624,-0.0191679170751053,0.3923409389675855,12.217,57.1
20633,1956-07-01 00:00:00,0.1158602178295997,-0.0896840327592701,0.3214044684184696,12.217,57.1
20634,1956-07-02 00:00:00,0.0981818284766026,-0.1074883001867201,0.3038519571399254,12.217,57.1
20635,1956-07-03 00:00:00,0.1015136927974772,-0.1042249935720169,0.3072523791669714,12.217,57.1
20636,1956-07-04 00:00:00,0.0078319484040255,-0.1981191716364998,0.2137830684445509,12.217,57.1
20637,1956-07-05 00:00:00,0.0399687037228006,-0.1657106572407124,0.2456480646863138,12.217,57.1
20638,1956-07-06 00:00:00,0.2634256046708806,0.0575301598096319,0.4693210495321294,12.217,57.1
20639,1956-07-07 00:00:00,0.3621153737831269,0.1549858054958377,0.5692449420704162,12.217,57.1
20640,1956-07-08 00:00:00,0.2147647629212849,0.0077009538528476,0.4218285719897222,12.217,57.1
20641,1956-07-09 00:00:00,0.0282873538932373,-0.177544225091719,0.2341189328781937,12.217,57.1
20642,1956-07-10 00:00:00,0.0536795294862143,-0.1517902466141795,0.2591493055866082,12.217,57.1
20643,1956-07-11 00:00:00,0.0433402400001456,-0.1620913751264514,0.2487718551267428,12.217,57.1
20644,1956-07-12 00:00:00,-0.0166278573704003,-0.222121221015827,0.1888655062750263,12.217,57.1
20645,1956-07-13 00:00:00,-0.0323601052115926,-0.2379146951026472,0.1731944846794619,12.217,57.1
20646,1956-07-14 00:00:00,0.0138745608524579,-0.1916524496540484,0.2194015713589642,12.217,57.1
20647,1956-07-15 00:00:00,0.0007990038394898,-0.2047863487822985,0.2063843564612783,12.217,57.1
20648,1956-07-16 00:00:00,-0.0179982504771465,-0.2237898797042203,0.1877933787499271,12.217,57.1
20649,1956-07-17 00:00:00,-0.0080242546982989,-0.213658228320262,0.1976097189236641,12.217,57.1
20650,1956-07-18 00:00:00,-0.0257429985075874,-0.2312391422717129,0.1797531452565381,12.217,57.1
20651,1956-07-19 00:00:00,0.008844863162504,-0.1965931433660903,0.2142828696910984,12.217,57.1
20652,1956-07-20 00:00:00,0.0313842842578688,-0.1741458204713248,0.2369143889870624,12.217,57.1
20653,1956-07-21 00:00:00,0.0461999810490658,-0.1593035242839523,0.2517034863820841,12.217,57.1
20654,1956-07-22 00:00:00,0.030636287215591,-0.1749566503672827,0.2362292247984647,12.217,57.1
20655,1956-07-23 00:00:00,0.0802293996049702,-0.1253647333792545,0.285823532589195,12.217,57.1
20656,1956-07-24 00:00:00,0.1131062801605225,-0.0924759414862272,0.3186885018072724,12.217,57.1
20657,1956-07-25 00:00:00,0.09595909921926,-0.1095968703431349,0.3015150687816549,12.217,57.1
20658,1956-07-26 00:00:00,0.1678132574198776,-0.0378867126282967,0.373513227468052,12.217,57.1
20659,1956-07-27 00:00:00,0.4601273890293522,0.2537499944407197,0.6665047836179847,12.217,57.1
20660,1956-07-28 00:00:00,0.3075229920848513,0.10083155320587,0.5142144309638326,12.217,57.1
20661,1956-07-29 00:00:00,0.1659017937605001,-0.0397992543484475,0.3716028418694478,12.217,57.1
20662,1956-07-30 00:00:00,0.2110416653142362,0.005229124048776,0.4168542065796963,12.217,57.1
20663,1956-07-31 00:00:00,0.2225409565378742,0.0147058134951886,0.4303760995805599,12.217,57.1
20664,1956-08-01 00:00:00,0.3396219973022265,0.1308723434129184,0.5483716511915345,12.217,57.1
20665,1956-08-02 00:00:00,0.3102664236746668,0.103880972077514,0.5166518752718197,12.217,57.1
20666,1956-08-03 00:00:00,0.1108966020172744,-0.0950530917206454,0.3168462957551944,12.217,57.1
20667,1956-08-04 00:00:00,0.0417544885049578,-0.1638822642829688,0.2473912412928845,12.217,57.1
20668,1956-08-05 00:00:00,0.0565783808178384,-0.1488443686921887,0.2620011303278656,12.217,57.1
20669,1956-08-06 00:00:00,0.0750256671711053,-0.1303753164728693,0.28042665081508,12.217,57.1
20670,1956-08-07 00:00:00,0.0729756774189697,-0.132487015878977,0.2784383707169164,12.217,57.1
20671,1956-08-08 00:00:00,0.0631344141700942,-0.1424541754498096,0.2687230037899981,12.217,57.1
20672,1956-08-09 00:00:00,0.100539086910202,-0.1051052455330164,0.3061834193534204,12.217,57.1
20673,1956-08-10 00:00:00,0.1010690142864666,-0.104560049044333,0.3066980776172662,12.217,57.1
20674,1956-08-11 00:00:00,0.0755467079097331,-0.130095494163122,0.2811889099825883,12.217,57.1
20675,1956-08-12 00:00:00,0.267143059949774,0.0605311355384392,0.4737549843611088,12.217,57.1
20676,1956-08-13 00:00:00,0.0439522894749644,-0.163785523345073,0.251690102295002,12.217,57.1
20677,1956-08-14 00:00:00,0.2237193273242639,0.0178207350138057,0.429617919634722,12.217,57.1
20678,1956-08-15 00:00:00,0.2859049571421623,0.0782148216997654,0.4935950925845593,12.217,57.1
20679,1956-08-16 00:00:00,0.4047216460550042,0.1976084518054283,0.6118348403045801,12.217,57.1
20680,1956-08-17 00:00:00,0.2294568515847215,0.0236096903209335,0.4353040128485095,12.217,57.1
20681,1956-08-18 00:00:00,0.1453253470268768,-0.0602186201625863,0.3508693142163401,12.217,57.1
20682,1956-08-19 00:00:00,0.168204383277599,-0.0374015207864225,0.3738102873416207,12.217,57.1
20683,1956-08-20 00:00:00,0.1904959327612514,-0.0159434391716001,0.3969353046941029,12.217,57.1
20684,1956-08-21 00:00:00,0.2633737852478138,0.0567562274119675,0.4699913430836601,12.217,57.1
20685,1956-08-22 00:00:00,0.1548120721877456,-0.0507986094518183,0.3604227538273095,12.217,57.1
20686,1956-08-23 00:00:00,0.1479520658294372,-0.0577726455001788,0.3536767771590534,12.217,57.1
20687,1956-08-24 00:00:00,0.0889240806480937,-0.116586979928998,0.2944351412251855,12.217,57.1
20688,1956-08-25 00:00:00,0.1562268992759452,-0.0494388281968234,0.3618926267487139,12.217,57.1
20689,1956-08-26 00:00:00,0.228079334883985,0.0210290676226867,0.4351296021452832,12.217,57.1
20690,1956-08-27 00:00:00,0.3426793448878396,0.135403522599746,0.5499551671759332,12.217,57.1
20691,1956-08-28 00:00:00,0.1025978848682902,-0.1035240933024335,0.3087198630390141,12.217,57.1
20692,1956-08-29 00:00:00,0.1884248106506614,-0.0184347544517909,0.3952843757531137,12.217,57.1
20693,1956-08-30 00:00:00,0.1691678083999667,-0.0378389791751453,0.3761745959750789,12.217,57.1
20694,1956-08-31 00:00:00,0.0511156769515098,-0.1549063137027518,0.2571376676057715,12.217,57.1
20695,1956-09-01 00:00:00,0.0165731426679488,-0.1890434315656528,0.2221897169015505,12.217,57.1
20696,1956-09-02 00:00:00,-0.023894872245298,-0.2294669702084688,0.1816772257178727,12.217,57.1
20697,1956-09-03 00:00:00,-0.043643121421052,-0.2493265447995882,0.1620403019574842,12.217,57.1
20698,1956-09-04 00:00:00,0.0603719305520451,-0.1454430272731393,0.2661868883772296,12.217,57.1
20699,1956-09-05 00:00:00,0.0440386984711732,-0.1616173490372726,0.249694745979619,12.217,57.1
20700,1956-09-06 00:00:00,0.0714876026071014,-0.1341046481332519,0.277079853347455,12.217,57.1
20701,1956-09-07 00:00:00,0.0972609547612753,-0.1082683538331071,0.3027902633556578,12.217,57.1
20702,1956-09-08 00:00:00,0.1040193702976649,-0.1016765488236294,0.3097152894189593,12.217,57.1
20703,1956-09-09 00:00:00,0.0195659866847643,-0.1860704238312145,0.2252023972007432,12.217,57.1
20704,1956-09-10 00:00:00,0.0023306047795844,-0.2031633475387077,0.2078245570978766,12.217,57.1
20705,1956-09-11 00:00:00,0.0240228550538785,-0.1814140204619305,0.2294597305696876,12.217,57.1
20706,1956-09-12 00:00:00,0.1628859352052586,-0.0438360557428247,0.3696079261533421,12.217,57.1
20707,1956-09-13 00:00:00,0.3612857064203691,0.1529801853022093,0.5695912275385291,12.217,57.1
20708,1956-09-14 00:00:00,0.0241918051412667,-0.1839131892016117,0.2322967994841452,12.217,57.1
20709,1956-09-15 00:00:00,0.0885786890126477,-0.1187459813637383,0.2959033593890338,12.217,57.1
20710,1956-09-16 00:00:00,0.0268112542526848,-0.1794171881302528,0.2330396966356226,12.217,57.1
20711,1956-09-17 00:00:00,0.0827885701716838,-0.1229811030472776,0.2885582433906453,12.217,57.1
20712,1956-09-18 00:00:00,-0.0117706106878452,-0.2175120955279474,0.1939708741522568,12.217,57.1
20713,1956-09-19 00:00:00,-0.0292457743224716,-0.2347655702728509,0.1762740216279075,12.217,57.1
20714,1956-09-20 00:00:00,0.0268532791888903,-0.1785700292427804,0.232276587620561,12.217,57.1
20715,1956-09-21 00:00:00,0.0402660204883525,-0.1651729935715963,0.2457050345483014,12.217,57.1
20716,1956-09-22 00:00:00,0.0453730514733055,-0.1601136499858198,0.2508597529324309,12.217,57.1
20717,1956-09-23 00:00:00,-0.0302054464954812,-0.2358214311330622,0.1754105381420997,12.217,57.1
20718,1956-09-24 00:00:00,-0.0518235029060534,-0.2574414291261849,0.1537944233140779,12.217,57.1
20719,1956-09-25 00:00:00,0.0071901921920511,-0.1984749833066105,0.2128553676907127,12.217,57.1
20720,1956-09-26 00:00:00,0.0583078272816987,-0.1472591421329638,0.2638747966963614,12.217,57.1
20721,1956-09-27 00:00:00,0.1164904891029303,-0.0889976588768651,0.3219786370827258,12.217,57.1
20722,1956-09-28 00:00:00,0.0850820774970581,-0.1205217165145044,0.2906858715086207,12.217,57.1
20723,1956-09-29 00:00:00,0.6412055530981285,0.4307940867426413,0.8516170194536158,12.217,57.1
20724,1956-09-30 00:00:00,0.4976928205352484,0.2871420139463346,0.7082436271241622,12.217,57.1
20725,1956-10-01 00:00:00,0.1127890862942642,-0.0939204710993736,0.3194986436879021,12.217,57.1
20726,1956-10-02 00:00:00,0.2008893872439895,-0.0050856017061382,0.4068643761941172,12.217,57.1
20727,1956-10-03 00:00:00,0.0897256691752403,-0.1160378508371866,0.2954891891876672,12.217,57.1
20728,1956-10-04 00:00:00,0.1906640490737303,-0.0151225433266627,0.3964506414741235,12.217,57.1
20729,1956-10-05 00:00:00,0.287856041876127,0.0820036581803048,0.4937084255719492,12.217,57.1
20730,1956-10-06 00:00:00,0.0986879593250664,-0.1070804785058702,0.304456397156003,12.217,57.1
20731,1956-10-07 00:00:00,0.008163428826348,-0.1974963935242707,0.2138232511769668,12.217,57.1
20732,1956-10-08 00:00:00,0.0017695885503676,-0.2041919655614723,0.2077311426622075,12.217,57.1
20733,1956-10-09 00:00:00,0.0101056804581699,-0.1956807410807237,0.2158921019970637,12.217,57.1
20734,1956-10-10 00:00:00,0.0095377647883316,-0.1963084560347776,0.2153839856114409,12.217,57.1
20735,1956-10-11 00:00:00,0.0524180206002356,-0.1534761973605004,0.2583122385609717,12.217,57.1
20736,1956-10-12 00:00:00,0.1638797114802324,-0.0420929064529556,0.3698523294134204,12.217,57.1
20737,1956-10-13 00:00:00,0.4458006858208291,0.2387599931029866,0.6528413785386715,12.217,57.1
20738,1956-10-14 00:00:00,0.1852845730392414,-0.0222543207596303,0.3928234668381132,12.217,57.1
20739,1956-10-15 00:00:00,-0.0454450819291714,-0.2522684640424559,0.1613783001841131,12.217,57.1
20740,1956-10-16 00:00:00,-0.0098518556348409,-0.2152955316298472,0.1955918203601653,12.217,57.1
20741,1956-10-17 00:00:00,0.0659380498259772,-0.1395494724171856,0.2714255720691402,12.217,57.1
20742,1956-10-18 00:00:00,0.2511990863766687,0.0444002698500214,0.457997902903316,12.217,57.1
20743,1956-10-19 00:00:00,0.2096655565585641,0.0030553464926011,0.416275766624527,12.217,57.1
20744,1956-10-20 00:00:00,0.1380903088688618,-0.0685722184911075,0.3447528362288311,12.217,57.1
20745,1956-10-21 00:00:00,0.1066280944167926,-0.0991233133272208,0.3123795021608062,12.217,57.1
20746,1956-10-22 00:00:00,0.205865904335799,2.284834147292525e-05,0.4117089603301251,12.217,57.1
20747,1956-10-23 00:00:00,0.2040126157777467,-0.0021662200786605,0.410191451634154,12.217,57.1
20748,1956-10-24 00:00:00,0.2501586966819585,0.044143880551411,0.456173512812506,12.217,57.1
20749,1956-10-25 00:00:00,0.3469119845582528,0.1402907970621328,0.5535331720543728,12.217,57.1
20750,1956-10-26 00:00:00,0.2618334176928611,0.0557440221046781,0.4679228132810442,12.217,57.1
20751,1956-10-27 00:00:00,-0.0213523197171605,-0.2272333323314278,0.1845286928971067,12.217,57.1
20752,1956-10-28 00:00:00,-0.1106976504374513,-0.3169405335134997,0.095545232638597,12.217,57.1
20753,1956-10-29 00:00:00,0.0387796449345951,-0.1684050122659864,0.2459643021351767,12.217,57.1
20754,1956-10-30 00:00:00,-0.1427746086067985,-0.3508295408995905,0.0652803236859934,12.217,57.1
20755,1956-10-31 00:00:00,-0.2512018870776373,-0.4579991144089423,-0.0444046597463322,12.217,57.1
20756,1956-11-01 00:00:00,-0.065797824652448,-0.2722278395966645,0.1406321902917685,12.217,57.1
20757,1956-11-02 00:00:00,0.0094888764962816,-0.196396623775176,0.2153743767677393,12.217,57.1
20758,1956-11-03 00:00:00,0.0166308946885404,-0.1889086633512476,0.2221704527283286,12.217,57.1
20759,1956-11-04 00:00:00,0.0819059253612155,-0.123734885424416,0.2875467361468472,12.217,57.1
20760,1956-11-05 00:00:00,0.1276624539327941,-0.0781746258469877,0.333499533712576,12.217,57.1
20761,1956-11-06 00:00:00,0.0800149632922146,-0.1265352596545768,0.2865651862390061,12.217,57.1
20762,1956-11-07 00:00:00,-0.0411996939176033,-0.2472598084326854,0.1648604205974786,12.217,57.1
20763,1956-11-08 00:00:00,0.016519348448205,-0.1892839156428833,0.2223226125392934,12.217,57.1
20764,1956-11-09 00:00:00,0.0748309236466694,-0.1309203356760028,0.2805821829693417,12.217,57.1
20765,1956-11-10 00:00:00,0.1797944587266472,-0.0262031845521768,0.3857921020054713,12.217,57.1
20766,1956-11-11 00:00:00,0.1240847918903785,-0.0818741701964693,0.3300437539772264,12.217,57.1
20767,1956-11-12 00:00:00,0.0202270677881473,-0.1853897845309246,0.2258439201072194,12.217,57.1
20768,1956-11-13 00:00:00,-0.0358273714993838,-0.2413764074238589,0.1697216644250912,12.217,57.1
20769,1956-11-14 00:00:00,0.0603252621411415,-0.1453369445142816,0.2659874687965647,12.217,57.1
20770,1956-11-15 00:00:00,0.1402030554292592,-0.0660726659722696,0.3464787768307881,12.217,57.1
20771,1956-11-16 00:00:00,0.0977164691735025,-0.1083736045808655,0.3038065429278707,12.217,57.1
20772,1956-11-17 00:00:00,0.0630878921558934,-0.1426170245810619,0.2687928088928488,12.217,57.1
20773,1956-11-18 00:00:00,0.027347588410198,-0.1784571720731711,0.2331523488935672,12.217,57.1
20774,1956-11-19 00:00:00,-0.0459621596846589,-0.2516327626495577,0.1597084432802398,12.217,57.1
20775,1956-11-20 00:00:00,-0.0180615471810867,-0.2237645082124388,0.1876414138502654,12.217,57.1
20776,1956-11-21 00:00:00,-0.0967564836988504,-0.3024761458414711,0.1089631784437701,12.217,57.1
20777,1956-11-22 00:00:00,-0.1334793780905119,-0.339093780899537,0.0721350247185131,12.217,57.1
20778,1956-11-23 00:00:00,-0.1099438206462169,-0.3154489218386718,0.095561280546238,12.217,57.1
20779,1956-11-24 00:00:00,-0.1206490617175707,-0.3261704735148663,0.0848723500797247,12.217,57.1
20780,1956-11-25 00:00:00,0.0880856074183203,-0.1182866994108828,0.2944579142475235,12.217,57.1
20781,1956-11-26 00:00:00,0.7121959346603338,0.5011150634588994,0.9232768058617682,12.217,57.1
20782,1956-11-27 00:00:00,0.3739238188267685,0.1633312194813564,0.5845164181721807,12.217,57.1
20783,1956-11-28 00:00:00,0.4462887389724322,0.2368439605812868,0.6557335173635778,12.217,57.1
20784,1956-11-29 00:00:00,0.258664117248958,0.051735326808256,0.4655929076896599,12.217,57.1
20785,1956-11-30 00:00:00,0.0193880374413236,-0.1863182479239614,0.2250943228066088,12.217,57.1
20786,1956-12-01 00:00:00,0.0436904727928705,-0.1620059128541618,0.249386858439903,12.217,57.1
20787,1956-12-02 00:00:00,0.1726161765833452,-0.033459608471982,0.3786919616386724,12.217,57.1
20788,1956-12-03 00:00:00,0.5388893372510758,0.3309797794015345,0.746798895100617,12.217,57.1
20789,1956-12-04 00:00:00,0.1009587143802451,-0.1059065586330513,0.3078239873935416,12.217,57.1
20790,1956-12-05 00:00:00,0.3045047058526248,0.0981294222523364,0.5108799894529132,12.217,57.1
20791,1956-12-06 00:00:00,0.1599853925291507,-0.0459977023264655,0.3659684873847671,12.217,57.1
20792,1956-12-07 00:00:00,-0.0183487090201184,-0.2245179533140721,0.1878205352738352,12.217,57.1
20793,1956-12-08 00:00:00,-0.0679605005027409,-0.2736153093281032,0.1376943083226213,12.217,57.1
20794,1956-12-09 00:00:00,0.0249447992162441,-0.1807743671888225,0.2306639656213107,12.217,57.1
20795,1956-12-10 00:00:00,0.1092377531958163,-0.0964468731136044,0.3149223795052372,12.217,57.1
20796,1956-12-11 00:00:00,0.1356192662878558,-0.0701706121187153,0.3414091446944269,12.217,57.1
20797,1956-12-12 00:00:00,0.1733495598155769,-0.0328601710622354,0.3795592906933892,12.217,57.1
20798,1956-12-13 00:00:00,0.207309046366068,0.0001926994439213,0.4144253932882147,12.217,57.1
20799,1956-12-14 00:00:00,0.3598672312248306,0.1515764248422163,0.568158037607445,12.217,57.1
20800,1956-12-15 00:00:00,0.3243075706655269,0.1160571832790132,0.5325579580520406,12.217,57.1
20801,1956-12-16 00:00:00,0.3214433107112308,0.1124030270894453,0.5304835943330162,12.217,57.1
20802,1956-12-17 00:00:00,0.3135643503515568,0.1055640173071557,0.5215646833959579,12.217,57.1
20803,1956-12-18 00:00:00,0.167946404071635,-0.0395627148902765,0.3754555230335466,12.217,57.1
20804,1956-12-19 00:00:00,0.0669506280477889,-0.1391851711981927,0.2730864272937706,12.217,57.1
20805,1956-12-20 00:00:00,0.0420151312210517,-0.163665508623572,0.2476957710656755,12.217,57.1
20806,1956-12-21 00:00:00,0.0284913866636892,-0.1770906973316361,0.2340734706590146,12.217,57.1
20807,1956-12-22 00:00:00,-0.0372413854635214,-0.2439891337495204,0.1695063628224775,12.217,57.1
20808,1956-12-23 00:00:00,-0.096531247787352,-0.3035165750801184,0.1104540795054143,12.217,57.1
20809,1956-12-24 00:00:00,-0.1366799052455792,-0.3428084871516395,0.0694486766604809,12.217,57.1
20810,1956-12-25 00:00:00,-0.1519632456836188,-0.3582358975610386,0.0543094061938009,12.217,57.1
20811,1956-12-26 00:00:00,-0.1615671841008311,-0.368273719406787,0.0451393512051247,12.217,57.1
20812,1956-12-27 00:00:00,-0.0510668221112569,-0.2572958030940646,0.1551621588715507,12.217,57.1
20813,1956-12-28 00:00:00,0.013627655614617,-0.1922997042611321,0.2195550154903663,12.217,57.1
20814,1956-12-29 00:00:00,0.0410031836372124,-0.1648716297896413,0.2468779970640662,12.217,57.1
20815,1956-12-30 00:00:00,0.1174257946089506,-0.0886569705616926,0.3235085597795938,12.217,57.1
20816,1956-12-31 00:00:00,0.062127982611363,-0.1441434602807372,0.2683994255034632,12.217,57.1
20817,1957-01-01 00:00:00,0.0151043142934546,-0.1905778291066271,0.2207864576935365,12.217,57.1
20818,1957-01-02 00:00:00,-0.0053987003392773,-0.2109464474417192,0.2001490467631645,12.217,57.1
20819,1957-01-03 00:00:00,0.0676611169158929,-0.1379546569853399,0.2732768908171257,12.217,57.1
20820,1957-01-04 00:00:00,0.0535017693493122,-0.1521343005696166,0.2591378392682412,12.217,57.1
20821,1957-01-05 00:00:00,0.1067933612670278,-0.099059001846088,0.3126457243801437,12.217,57.1
20822,1957-01-06 00:00:00,0.2585036502282761,0.0503223656737625,0.4666849347827896,12.217,57.1
20823,1957-01-07 00:00:00,0.4008060392451393,0.1917178301884363,0.6098942483018424,12.217,57.1
20824,1957-01-08 00:00:00,0.1956292094552618,-0.0105241021631681,0.4017825210736918,12.217,57.1
20825,1957-01-09 00:00:00,0.4345769453322996,0.227552478499817,0.6416014121647822,12.217,57.1
20826,1957-01-10 00:00:00,0.4837027588918482,0.2757315530852227,0.6916739646984738,12.217,57.1
20827,1957-01-11 00:00:00,0.0893729067823018,-0.1171458019091527,0.2958916154737565,12.217,57.1
20828,1957-01-12 00:00:00,0.0346115332041432,-0.1713785060397624,0.240601572448049,12.217,57.1
20829,1957-01-13 00:00:00,0.160443388199502,-0.0459661276956188,0.3668529040946229,12.217,57.1
20830,1957-01-14 00:00:00,-0.2549657383381639,-0.462602462907755,-0.0473290137685727,12.217,57.1
20831,1957-01-15 00:00:00,-0.1475261484837431,-0.3542559184442447,0.0592036214767583,12.217,57.1
20832,1957-01-16 00:00:00,-0.122108857370194,-0.3280959272586461,0.0838782125182581,12.217,57.1
20833,1957-01-17 00:00:00,-0.1339910141715176,-0.339671696953876,0.0716896686108407,12.217,57.1
20834,1957-01-18 00:00:00,-0.0571577703375425,-0.2627331085376191,0.1484175678625341,12.217,57.1
20835,1957-01-19 00:00:00,-0.014990632066409,-0.2206209182808308,0.1906396541480126,12.217,57.1
20836,1957-01-20 00:00:00,0.1031038478188405,-0.102897559723063,0.309105255360744,12.217,57.1
20837,1957-01-21 00:00:00,0.5271244684620034,0.3190327899495699,0.7352161469744369,12.217,57.1
20838,1957-01-22 00:00:00,0.3200985971614517,0.1116905283285742,0.5285066659943292,12.217,57.1
20839,1957-01-23 00:00:00,0.2600308340148723,0.0538825344702892,0.4661791335594554,12.217,57.1
20840,1957-01-24 00:00:00,0.1262240370780104,-0.0794546968897647,0.3319027710457856,12.217,57.1
20841,1957-01-25 00:00:00,0.1449721532930384,-0.0606025789045752,0.350546885490652,12.217,57.1
20842,1957-01-26 00:00:00,0.0623487905718728,-0.1432318687277697,0.2679294498715154,12.217,57.1
20843,1957-01-27 00:00:00,0.2385752039555419,0.0320751863668753,0.4450752215442085,12.217,57.1
20844,1957-01-28 00:00:00,0.3696618296224333,0.1626643677710302,0.5766592914738364,12.217,57.1
20845,1957-01-29 00:00:00,0.0785763663451771,-0.1275830311588786,0.2847357638492329,12.217,57.1
20846,1957-01-30 00:00:00,0.1320341360011603,-0.0739297604239542,0.3379980324262748,12.217,57.1
20847,1957-01-31 00:00:00,-0.0626292803250296,-0.2685905385168242,0.1433319778667649,12.217,57.1
20848,1957-02-01 00:00:00,0.1024828106230865,-0.1032079530743899,0.3081735743205631,12.217,57.1
20849,1957-02-02 00:00:00,0.2461853854065331,0.0387411422888206,0.4536296285242456,12.217,57.1
20850,1957-02-03 00:00:00,0.1156610021211544,-0.0945868530405054,0.3259088572828144,12.217,57.1
20851,1957-02-04 00:00:00,0.0356894033534064,-0.1700096059078684,0.2413884126146813,12.217,57.1
20852,1957-02-05 00:00:00,0.1345074443010728,-0.0714649028451993,0.3404797914473451,12.217,57.1
20853,1957-02-06 00:00:00,0.2372524100768862,0.0295386365930772,0.4449661835606953,12.217,57.1
20854,1957-02-07 00:00:00,0.2526896100821242,0.0452739946998234,0.460105225464425,12.217,57.1
20855,1957-02-08 00:00:00,0.2111222958816415,0.0050968240929062,0.4171477676703767,12.217,57.1
20856,1957-02-09 00:00:00,0.279833454985078,0.0737078813892581,0.485959028580898,12.217,57.1
20857,1957-02-10 00:00:00,0.2239298485853859,0.0176439981625008,0.4302156990082709,12.217,57.1
20858,1957-02-11 00:00:00,0.1337352130616202,-0.0723495058653494,0.33981993198859,12.217,57.1
20859,1957-02-12 00:00:00,0.0359679731052059,-0.1697941043505371,0.2417300505609489,12.217,57.1
20860,1957-02-13 00:00:00,0.1998227615302101,-0.0063288775336145,0.4059744005940349,12.217,57.1
20861,1957-02-14 00:00:00,0.1726923290815664,-0.033986153361288,0.3793708115244208,12.217,57.1
20862,1957-02-15 00:00:00,0.2001174036172905,-0.006788657426013,0.4070234646605942,12.217,57.1
20863,1957-02-16 00:00:00,0.1817905262599822,-0.0247346157381387,0.3883156682581032,12.217,57.1
20864,1957-02-17 00:00:00,0.1235139311456925,-0.0823320334765991,0.3293598957679841,12.217,57.1
20865,1957-02-18 00:00:00,0.1640548367753319,-0.0416358412367623,0.3697455147874263,12.217,57.1
20866,1957-02-19 00:00:00,0.110634468975029,-0.0948987935693555,0.3161677315194137,12.217,57.1
20867,1957-02-20 00:00:00,0.0781364744729577,-0.1273799303877256,0.2836528793336411,12.217,57.1
20868,1957-02-21 00:00:00,0.0908238909385174,-0.1147929422205939,0.2964407240976286,12.217,57.1
20869,1957-02-22 00:00:00,0.0272654407683824,-0.178421947004875,0.2329528285416399,12.217,57.1
20870,1957-02-23 00:00:00,-0.0212294169745003,-0.2266976316015922,0.1842387976525915,12.217,57.1
20871,1957-02-24 00:00:00,0.0289615622365623,-0.1765496535315132,0.2344727780046379,12.217,57.1
20872,1957-02-25 00:00:00,0.0607175670416977,-0.144901729875087,0.2663368639584826,12.217,57.1
20873,1957-02-26 00:00:00,0.0786843300632121,-0.1268507939364416,0.2842194540628659,12.217,57.1
20874,1957-02-27 00:00:00,0.0698000052038026,-0.1357922276032876,0.2753922380108929,12.217,57.1
20875,1957-02-28 00:00:00,-0.1574106866033395,-0.3634222426540444,0.0486008694473653,12.217,57.1
20876,1957-03-01 00:00:00,-0.0933875750102493,-0.299060772364743,0.1122856223442444,12.217,57.1
20877,1957-03-02 00:00:00,-0.0086952104146176,-0.214222010511336,0.1968315896821007,12.217,57.1
20878,1957-03-03 00:00:00,0.0367775272326307,-0.1687555996531268,0.2423106541183884,12.217,57.1
20879,1957-03-04 00:00:00,0.1167862131374323,-0.0887402429548632,0.3223126692297279,12.217,57.1
20880,1957-03-05 00:00:00,0.0444713383997438,-0.161376500085746,0.2503191768852337,12.217,57.1
20881,1957-03-06 00:00:00,0.0275684002938645,-0.1779730219354157,0.2331098225231448,12.217,57.1
20882,1957-03-07 00:00:00,0.0859504048908053,-0.1197136534093453,0.2916144631909559,12.217,57.1
20883,1957-03-08 00:00:00,0.0808173087069806,-0.1247380400350457,0.286372657449007,12.217,57.1
20884,1957-03-09 00:00:00,0.0254504667297781,-0.1800882278026113,0.2309891612621677,12.217,57.1
20885,1957-03-10 00:00:00,-0.0011062199512371,-0.2067550425022515,0.2045426025997772,12.217,57.1
20886,1957-03-11 00:00:00,0.0140406098082972,-0.1915937029174429,0.2196749225340373,12.217,57.1
20887,1957-03-12 00:00:00,0.0270017123657056,-0.1786028252240478,0.2326062499554591,12.217,57.1
20888,1957-03-13 00:00:00,0.0263725775253187,-0.1791841412838016,0.231929296334439,12.217,57.1
20889,1957-03-14 00:00:00,0.1392196820669959,-0.0663119219462039,0.3447512860801957,12.217,57.1
20890,1957-03-15 00:00:00,0.4161749414387309,0.2084441185860469,0.6239057642914149,12.217,57.1
20891,1957-03-16 00:00:00,0.1253029699702453,-0.081918978611076,0.3325249185515666,12.217,57.1
20892,1957-03-17 00:00:00,0.0630278822240345,-0.1433249098633072,0.2693806743113763,12.217,57.1
20893,1957-03-18 00:00:00,0.2427976421205508,0.0363563032981161,0.4492389809429856,12.217,57.1
20894,1957-03-19 00:00:00,0.1039477122808731,-0.1024076294593243,0.3103030540210706,12.217,57.1
20895,1957-03-20 00:00:00,0.0982114697799478,-0.1076740570153492,0.3040969965752448,12.217,57.1
20896,1957-03-21 00:00:00,0.2349399019185805,0.0284002924675871,0.4414795113695741,12.217,57.1
20897,1957-03-22 00:00:00,0.2397058290081552,0.0336127686854631,0.4457988893308474,12.217,57.1
20898,1957-03-23 00:00:00,0.0759992880812099,-0.1300108112712482,0.2820093874336681,12.217,57.1
20899,1957-03-24 00:00:00,-0.1651237806077208,-0.3724150343684795,0.0421674731530378,12.217,57.1
20900,1957-03-25 00:00:00,-0.057154918469626,-0.2644527398122072,0.150142902872955,12.217,57.1
20901,1957-03-26 00:00:00,0.0370198784216614,-0.169110018641341,0.2431497754846638,12.217,57.1
20902,1957-03-27 00:00:00,0.0440085771603813,-0.1616636470142247,0.2496808013349873,12.217,57.1
20903,1957-03-28 00:00:00,0.0646679989800938,-0.1412758649295223,0.27061186288971,12.217,57.1
20904,1957-03-29 00:00:00,0.0185788951867356,-0.1878184512356025,0.2249762416090738,12.217,57.1
20905,1957-03-30 00:00:00,-0.1129296158637215,-0.3186519941387696,0.0927927624113266,12.217,57.1
20906,1957-03-31 00:00:00,-0.0640335223132419,-0.269688672071803,0.1416216274453191,12.217,57.1
20907,1957-04-01 00:00:00,-0.0542672744067768,-0.2597567837149693,0.1512222349014156,12.217,57.1
20908,1957-04-02 00:00:00,-0.0622955938644267,-0.2676930879899286,0.143101900261075,12.217,57.1
20909,1957-04-03 00:00:00,-0.0508343331601715,-0.256299247189271,0.1546305808689279,12.217,57.1
20910,1957-04-04 00:00:00,-0.0293318382414031,-0.2348348498760779,0.1761711733932716,12.217,57.1
20911,1957-04-05 00:00:00,0.0226718603877693,-0.1828284580600931,0.2281721788356317,12.217,57.1
20912,1957-04-06 00:00:00,0.0537986280516137,-0.1518349340529884,0.2594321901562159,12.217,57.1
20913,1957-04-07 00:00:00,0.0321859362419368,-0.1739885621998576,0.2383604346837312,12.217,57.1
20914,1957-04-08 00:00:00,-0.0081060053453124,-0.2140397115898065,0.1978277008991816,12.217,57.1
20915,1957-04-09 00:00:00,0.0550858177354839,-0.1515089686171714,0.2616806040881393,12.217,57.1
20916,1957-04-10 00:00:00,0.1005766688803966,-0.1053610718466856,0.306514409607479,12.217,57.1
20917,1957-04-11 00:00:00,0.2121097715390279,0.0049685953707761,0.4192509477072798,12.217,57.1
20918,1957-04-12 00:00:00,0.0571286414923213,-0.1507341864288239,0.2649914694134667,12.217,57.1
20919,1957-04-13 00:00:00,0.004320770200224,-0.2012275273243737,0.2098690677248219,12.217,57.1
20920,1957-04-14 00:00:00,-0.0010329969274186,-0.2065556439862786,0.2044896501314415,12.217,57.1
20921,1957-04-15 00:00:00,0.0114081691127805,-0.1940735137927585,0.2168898520183196,12.217,57.1
20922,1957-04-16 00:00:00,0.0559774403020939,-0.149514945934527,0.2614698265387148,12.217,57.1
20923,1957-04-17 00:00:00,0.0314065142632064,-0.1743822332301433,0.2371952617565562,12.217,57.1
20924,1957-04-18 00:00:00,0.0486253916665279,-0.1571366756618507,0.2543874589949068,12.217,57.1
20925,1957-04-19 00:00:00,0.087717700375686,-0.1179043430750658,0.2933397438264378,12.217,57.1
20926,1957-04-20 00:00:00,-0.0062433143716224,-0.2121353282460877,0.1996486995028427,12.217,57.1
20927,1957-04-21 00:00:00,-0.0112841862961154,-0.2169249101889775,0.1943565375967466,12.217,57.1
20928,1957-04-22 00:00:00,-0.0658085423814134,-0.2713434619625556,0.1397263771997288,12.217,57.1
20929,1957-04-23 00:00:00,-0.0844139459271343,-0.2900058389480814,0.1211779470938127,12.217,57.1
20930,1957-04-24 00:00:00,-0.1110846731545086,-0.316662637841859,0.0944932915328417,12.217,57.1
20931,1957-04-25 00:00:00,-0.130911133650555,-0.3364218937548627,0.0745996264537526,12.217,57.1
20932,1957-04-26 00:00:00,-0.1050086512834429,-0.3108155684093188,0.1007982658424328,12.217,57.1
20933,1957-04-27 00:00:00,-0.0894301022568802,-0.2949950290909232,0.1161348245771627,12.217,57.1
20934,1957-04-28 00:00:00,-0.043655116939617,-0.249148500112795,0.1618382662335609,12.217,57.1
20935,1957-04-29 00:00:00,0.0591847012648347,-0.1463124109997,0.2646818135293695,12.217,57.1
20936,1957-04-30 00:00:00,0.08015579431622,-0.1253302635366447,0.2856418521690849,12.217,57.1
20937,1957-05-01 00:00:00,0.1005884097987744,-0.1054481955424529,0.3066250151400018,12.217,57.1
20938,1957-05-02 00:00:00,0.0697299774563636,-0.1359893157083748,0.2754492706211021,12.217,57.1
20939,1957-05-03 00:00:00,0.0632378570325767,-0.1422877165055739,0.2687634305707274,12.217,57.1
20940,1957-05-04 00:00:00,0.2849229588234154,0.0772380437900432,0.4926078738567875,12.217,57.1
20941,1957-05-05 00:00:00,0.4119919987585768,0.1994483548100715,0.6245356427070821,12.217,57.1
20942,1957-05-06 00:00:00,0.2012346749691724,-0.0066099666818346,0.4090793166201795,12.217,57.1
20943,1957-05-07 00:00:00,0.0509990448594022,-0.1551138036315698,0.2571118933503743,12.217,57.1
20944,1957-05-08 00:00:00,-0.0007921719673838,-0.2063539647216561,0.2047696207868885,12.217,57.1
20945,1957-05-09 00:00:00,0.0358919961826703,-0.1698434508136448,0.2416274431789855,12.217,57.1
20946,1957-05-10 00:00:00,0.0543453827250952,-0.1514082851461288,0.2600990505963194,12.217,57.1
20947,1957-05-11 00:00:00,-0.0324306880533345,-0.2384006115150025,0.1735392354083334,12.217,57.1
20948,1957-05-12 00:00:00,0.0307178953013632,-0.1749618568606867,0.2363976474634131,12.217,57.1
20949,1957-05-13 00:00:00,0.0776574875568233,-0.1278376434201155,0.2831526185337621,12.217,57.1
20950,1957-05-14 00:00:00,0.060243429838393,-0.1452085891242267,0.2656954488010128,12.217,57.1
20951,1957-05-15 00:00:00,0.0789615264011787,-0.1265711880472526,0.2844942408496101,12.217,57.1
20952,1957-05-16 00:00:00,0.0587248253606298,-0.1469376874390718,0.2643873381603315,12.217,57.1
20953,1957-05-17 00:00:00,0.0543896083631258,-0.1517911442021053,0.260570360928357,12.217,57.1
20954,1957-05-18 00:00:00,0.1123254756927198,-0.0936851124225168,0.3183360638079565,12.217,57.1
20955,1957-05-19 00:00:00,0.0918555508042184,-0.1140310916117424,0.2977421932201793,12.217,57.1
20956,1957-05-20 00:00:00,0.0174497451230722,-0.1886689014617893,0.2235683917079337,12.217,57.1
20957,1957-05-21 00:00:00,0.1079307324223639,-0.0978129939834069,0.3136744588281347,12.217,57.1
20958,1957-05-22 00:00:00,-0.0012838303706012,-0.2070901683985757,0.2045225076573732,12.217,57.1
20959,1957-05-23 00:00:00,-0.0682043144137418,-0.2741845688926361,0.1377759400651524,12.217,57.1
20960,1957-05-24 00:00:00,-0.099869450132765,-0.3058730720179035,0.1061341717523733,12.217,57.1
20961,1957-05-25 00:00:00,-0.1346990631264994,-0.3410310368433131,0.0716329105903142,12.217,57.1
20962,1957-05-26 00:00:00,-0.0778328560519247,-0.2837656581340827,0.1280999460302332,12.217,57.1
20963,1957-05-27 00:00:00,-0.0388061065733866,-0.2445187395883765,0.1669065264416032,12.217,57.1
20964,1957-05-28 00:00:00,-0.0277936180651943,-0.2335011803246799,0.1779139441942912,12.217,57.1
20965,1957-05-29 00:00:00,-0.0015963875715546,-0.2072141620135851,0.2040213868704757,12.217,57.1
20966,1957-05-30 00:00:00,0.0184406540240172,-0.1870959662386505,0.2239772742866851,12.217,57.1
20967,1957-05-31 00:00:00,0.0687615966461816,-0.1366836814944161,0.2742068747867793,12.217,57.1
20968,1957-06-01 00:00:00,0.1847882760717587,-0.0209478936885539,0.3905244458320713,12.217,57.1
20969,1957-06-02 00:00:00,0.1374000500029043,-0.0684409632236036,0.3432410632294124,12.217,57.1
20970,1957-06-03 00:00:00,0.1083726967929584,-0.0976388561005941,0.3143842496865111,12.217,57.1
20971,1957-06-04 00:00:00,0.1074973766742302,-0.0983283827699957,0.3133231361184562,12.217,57.1
20972,1957-06-05 00:00:00,0.1206875291882134,-0.0850199530328502,0.326395011409277,12.217,57.1
20973,1957-06-06 00:00:00,0.1897927790562481,-0.0159571879715175,0.3955427460840137,12.217,57.1
20974,1957-06-07 00:00:00,0.2928764724406992,0.0869350480547515,0.4988178968266469,12.217,57.1
20975,1957-06-08 00:00:00,0.3047225391859495,0.098364503197636,0.5110805751742631,12.217,57.1
20976,1957-06-09 00:00:00,0.0912864615588787,-0.1150316617580244,0.2976045848757819,12.217,57.1
20977,1957-06-10 00:00:00,0.0926107939209968,-0.1133173440473439,0.2985389318893375,12.217,57.1
20978,1957-06-11 00:00:00,0.091626214748638,-0.1139036429361269,0.2971560724334029,12.217,57.1
20979,1957-06-12 00:00:00,0.0815901565202392,-0.1245276661335324,0.2877079791740108,12.217,57.1
20980,1957-06-13 00:00:00,0.0909342164808935,-0.1156740561669667,0.2975424891287539,12.217,57.1
20981,1957-06-14 00:00:00,-0.0415975304990978,-0.2475638032975053,0.1643687422993097,12.217,57.1
20982,1957-06-15 00:00:00,-0.0402283387618132,-0.2458526236898396,0.1653959461662132,12.217,57.1
20983,1957-06-16 00:00:00,-0.0164069873645948,-0.2220571936124284,0.1892432188832387,12.217,57.1
20984,1957-06-17 00:00:00,0.0036304684377553,-0.2019392545372585,0.2092001914127692,12.217,57.1
20985,1957-06-18 00:00:00,0.0527692262807191,-0.1528418470554802,0.2583802996169186,12.217,57.1
20986,1957-06-19 00:00:00,0.0015310642341862,-0.2040983978157559,0.2071605262841285,12.217,57.1
20987,1957-06-20 00:00:00,0.0039633947461713,-0.2018077390487805,0.2097345285411232,12.217,57.1
20988,1957-06-21 00:00:00,-0.0072861647635161,-0.2131067853648529,0.1985344558378207,12.217,57.1
20989,1957-06-22 00:00:00,0.0807626433360269,-0.124878549499105,0.2864038361711589,12.217,57.1
20990,1957-06-23 00:00:00,0.0906890658611459,-0.1151682933694925,0.2965464250917843,12.217,57.1
20991,1957-06-24 00:00:00,0.1494472905196231,-0.0563930336581745,0.3552876146974209,12.217,57.1
20992,1957-06-25 00:00:00,0.1190033587262822,-0.0866798699143743,0.3246865873669388,12.217,57.1
20993,1957-06-26 00:00:00,0.1103860082070915,-0.0951347926949239,0.315906809109107,12.217,57.1
20994,1957-06-27 00:00:00,0.1522883992866124,-0.0533278200907181,0.3579046186639429,12.217,57.1
20995,1957-06-28 00:00:00,0.1334932308479734,-0.072364088190656,0.3393505498866029,12.217,57.1
20996,1957-06-29 00:00:00,0.1217271438688469,-0.0841216630286575,0.3275759507663514,12.217,57.1
20997,1957-06-30 00:00:00,0.0460221246676362,-0.1595989243351879,0.2516431736704604,12.217,57.1
20998,1957-07-01 00:00:00,0.0214889381649405,-0.1839988970205712,0.2269767733504524,12.217,57.1
20999,1957-07-02 00:00:00,0.098041537644003,-0.1078499956855154,0.3039330709735214,12.217,57.1
21000,1957-07-03 00:00:00,0.0910398378973424,-0.1152189666369002,0.2972986424315851,12.217,57.1
21001,1957-07-04 00:00:00,0.0450243977262357,-0.160633861844015,0.2506826572964865,12.217,57.1
21002,1957-07-05 00:00:00,0.0338538878941291,-0.1716343288236417,0.2393421046118999,12.217,57.1
21003,1957-07-06 00:00:00,0.0664090820284192,-0.1394174434388169,0.2722356074956555,12.217,57.1
21004,1957-07-07 00:00:00,0.0164070339236616,-0.1891913700474962,0.2220054378948196,12.217,57.1
21005,1957-07-08 00:00:00,0.1201718600542273,-0.0855469590335881,0.3258906791420427,12.217,57.1
21006,1957-07-09 00:00:00,0.1188492901884476,-0.0871417298914464,0.3248403102683417,12.217,57.1
21007,1957-07-10 00:00:00,0.1547194148127232,-0.0509057971519281,0.3603446267773745,12.217,57.1
21008,1957-07-11 00:00:00,0.1062796569271946,-0.0992806874410492,0.3118400012954385,12.217,57.1
21009,1957-07-12 00:00:00,0.0379260648227825,-0.16771992732627,0.2435720569718351,12.217,57.1
21010,1957-07-13 00:00:00,0.1026347267782778,-0.103019307191237,0.3082887607477927,12.217,57.1
21011,1957-07-14 00:00:00,0.0531122567705903,-0.1525045066944611,0.2587290202356418,12.217,57.1
21012,1957-07-15 00:00:00,0.0352747956375191,-0.170168176644529,0.2407177679195673,12.217,57.1
21013,1957-07-16 00:00:00,0.0508872268404523,-0.1545478398311492,0.256322293512054,12.217,57.1
21014,1957-07-17 00:00:00,0.0508423494693182,-0.1547877575492558,0.2564724564878923,12.217,57.1
21015,1957-07-18 00:00:00,0.0537366528581758,-0.1519033072182956,0.2593766129346473,12.217,57.1
21016,1957-07-19 00:00:00,0.0942568897610124,-0.1112860666430998,0.2997998461651248,12.217,57.1
21017,1957-07-20 00:00:00,0.095234846063122,-0.1102278737426562,0.3006975658689003,12.217,57.1
21018,1957-07-21 00:00:00,0.0889095695655289,-0.1165270595333486,0.2943461986644065,12.217,57.1
21019,1957-07-22 00:00:00,0.0546871755468735,-0.1507904140258796,0.2601647651196266,12.217,57.1
21020,1957-07-23 00:00:00,0.0032671165473411,-0.2024266496930606,0.2089608827877428,12.217,57.1
21021,1957-07-24 00:00:00,0.1171466006501257,-0.088468675443263,0.3227618767435144,12.217,57.1
21022,1957-07-25 00:00:00,0.2320421301559189,0.0264120552260116,0.4376722050858262,12.217,57.1
21023,1957-07-26 00:00:00,0.1891355853269733,-0.0165179373878902,0.394789108041837,12.217,57.1
21024,1957-07-27 00:00:00,0.217296355752039,0.0115707068870776,0.4230220046170005,12.217,57.1
21025,1957-07-28 00:00:00,0.1317367450105264,-0.0740082590014722,0.3374817490225251,12.217,57.1
21026,1957-07-29 00:00:00,0.1509196056323732,-0.0545568869240029,0.3563960981887493,12.217,57.1
21027,1957-07-30 00:00:00,0.085799118017326,-0.119785118050964,0.2913833540856161,12.217,57.1
21028,1957-07-31 00:00:00,0.0538301183869221,-0.1517545368858192,0.2594147736596635,12.217,57.1
21029,1957-08-01 00:00:00,0.0556176752681594,-0.1498506886438463,0.2610860391801652,12.217,57.1
21030,1957-08-02 00:00:00,0.1001944032314192,-0.105583010543317,0.3059718170061554,12.217,57.1
21031,1957-08-03 00:00:00,0.0211244033496991,-0.1845827821703602,0.2268315888697585,12.217,57.1
21032,1957-08-04 00:00:00,0.0227119491827618,-0.1830116057605493,0.228435504126073,12.217,57.1
21033,1957-08-05 00:00:00,-0.021942328517126,-0.2274991544747581,0.1836144974405059,12.217,57.1
21034,1957-08-06 00:00:00,0.0020639930556838,-0.2033935015294147,0.2075214876407824,12.217,57.1
21035,1957-08-07 00:00:00,0.0546554101459422,-0.1508101878361811,0.2601210081280656,12.217,57.1
21036,1957-08-08 00:00:00,0.0310210495224049,-0.1746890216037898,0.2367311206485996,12.217,57.1
21037,1957-08-09 00:00:00,0.0602249228799797,-0.1455231909696619,0.2659730367296214,12.217,57.1
21038,1957-08-10 00:00:00,0.1658347971020494,-0.0398218070379128,0.3714914012420116,12.217,57.1
21039,1957-08-11 00:00:00,0.2922178994782914,0.0855699686964965,0.4988658302600863,12.217,57.1
21040,1957-08-12 00:00:00,0.2638858123377543,0.0576764692450145,0.470095155430494,12.217,57.1
21041,1957-08-13 00:00:00,0.2355680182917973,0.0291900806470041,0.4419459559365906,12.217,57.1
21042,1957-08-14 00:00:00,0.1477563019151842,-0.058012017984885,0.3535246218152534,12.217,57.1
21043,1957-08-15 00:00:00,0.1325908458760781,-0.0730154062378519,0.3381970979900082,12.217,57.1
21044,1957-08-16 00:00:00,0.1516654367701526,-0.0541587696216594,0.3574896431619647,12.217,57.1
21045,1957-08-17 00:00:00,0.0618046661895259,-0.1437247191740163,0.2673340515530681,12.217,57.1
21046,1957-08-18 00:00:00,0.0318047639524313,-0.1737219134823184,0.2373314413871811,12.217,57.1
21047,1957-08-19 00:00:00,0.0416704081800852,-0.1638838974804188,0.2472247138405893,12.217,57.1
21048,1957-08-20 00:00:00,0.1991233097542528,-0.0065788210344116,0.4048254405429172,12.217,57.1
21049,1957-08-21 00:00:00,0.2390823588524165,0.0326574939366297,0.4455072237682034,12.217,57.1
21050,1957-08-22 00:00:00,0.138501593789787,-0.0672196893229715,0.3442228769025455,12.217,57.1
21051,1957-08-23 00:00:00,0.1165876148208965,-0.0889490671731383,0.3221242968149314,12.217,57.1
21052,1957-08-24 00:00:00,0.1565515554310121,-0.048985798441376,0.3620889093034003,12.217,57.1
21053,1957-08-25 00:00:00,0.3927967427317704,0.1853285147015108,0.60026497076203,12.217,57.1
21054,1957-08-26 00:00:00,0.3357382565581494,0.1268844255962469,0.5445920875200518,12.217,57.1
21055,1957-08-27 00:00:00,0.1891419606501578,-0.0181323924120395,0.3964163137123551,12.217,57.1
21056,1957-08-28 00:00:00,0.2156520630898787,0.009879556691762,0.4214245694879955,12.217,57.1
21057,1957-08-29 00:00:00,0.0997389815508398,-0.1058427283330056,0.3053206914346852,12.217,57.1
21058,1957-08-30 00:00:00,0.0287206301889487,-0.1768405741145849,0.2342818344924823,12.217,57.1
21059,1957-08-31 00:00:00,0.1147982107432092,-0.0909723828836094,0.320568804370028,12.217,57.1
21060,1957-09-01 00:00:00,0.032024361497397,-0.1738344989933972,0.2378832219881912,12.217,57.1
21061,1957-09-02 00:00:00,0.1677232285976828,-0.0381709674806066,0.3736174246759722,12.217,57.1
21062,1957-09-03 00:00:00,0.0711319113519553,-0.1347455215177816,0.2770093442216923,12.217,57.1
21063,1957-09-04 00:00:00,0.0640796563446786,-0.141374637144167,0.2695339498335244,12.217,57.1
21064,1957-09-05 00:00:00,0.0793990880247973,-0.1260722887749836,0.2848704648245784,12.217,57.1
21065,1957-09-06 00:00:00,0.2298870852586936,0.023114840577808,0.4366593299395792,12.217,57.1
21066,1957-09-07 00:00:00,0.1702444323449357,-0.0358001712253724,0.3762890359152439,12.217,57.1
21067,1957-09-08 00:00:00,0.1460401033525709,-0.0609793769685951,0.3530595836737369,12.217,57.1
21068,1957-09-09 00:00:00,0.1907676983965465,-0.0168892247897198,0.3984246215828129,12.217,57.1
21069,1957-09-10 00:00:00,0.0955086347371602,-0.1102470166746887,0.3012642861490092,12.217,57.1
21070,1957-09-11 00:00:00,0.1291573851546615,-0.0772167815960556,0.3355315519053786,12.217,57.1
21071,1957-09-12 00:00:00,0.5006228354786977,0.2904740534491438,0.7107716175082516,12.217,57.1
21072,1957-09-13 00:00:00,0.4563749774979512,0.2454246085275757,0.6673253464683268,12.217,57.1
21073,1957-09-14 00:00:00,0.2837549199751129,0.0725940790025663,0.4949157609476595,12.217,57.1
21074,1957-09-15 00:00:00,0.3942346545051898,0.186628540224402,0.6018407687859777,12.217,57.1
21075,1957-09-16 00:00:00,0.2967471577738497,0.0906777070658145,0.5028166084818848,12.217,57.1
21076,1957-09-17 00:00:00,0.1174105958036112,-0.0885125881165268,0.3233337797237494,12.217,57.1
21077,1957-09-18 00:00:00,-0.0310133602873716,-0.2365812951171174,0.174554574542374,12.217,57.1
21078,1957-09-19 00:00:00,0.0374841913156115,-0.1687147329324223,0.2436831155636453,12.217,57.1
21079,1957-09-20 00:00:00,0.0498123128620974,-0.1563956235576623,0.2560202492818572,12.217,57.1
21080,1957-09-21 00:00:00,-0.0193352067793193,-0.2250172595963728,0.1863468460377341,12.217,57.1
21081,1957-09-22 00:00:00,0.0565750608810375,-0.148952745781159,0.2621028675432342,12.217,57.1
21082,1957-09-23 00:00:00,0.0962815440450128,-0.1092508305625176,0.3018139186525433,12.217,57.1
21083,1957-09-24 00:00:00,0.0825278143899952,-0.1232833304744094,0.2883389592543999,12.217,57.1
21084,1957-09-25 00:00:00,0.1573171417010476,-0.0516606453017631,0.3662949287038584,12.217,57.1
21085,1957-09-26 00:00:00,-0.0209300716886801,-0.2290205273953026,0.1871603840179423,12.217,57.1
21086,1957-09-27 00:00:00,0.0405198363444593,-0.1650371037185618,0.2460767764074804,12.217,57.1
21087,1957-09-28 00:00:00,0.4290536949569474,0.2219479316797262,0.6361594582341686,12.217,57.1
21088,1957-09-29 00:00:00,0.2102314439219034,0.0038628811684995,0.4166000066753073,12.217,57.1
21089,1957-09-30 00:00:00,0.0755885272020035,-0.1301664404833775,0.2813434948873845,12.217,57.1
21090,1957-10-01 00:00:00,-0.0516909962439375,-0.257299070798952,0.1539170783110769,12.217,57.1
21091,1957-10-02 00:00:00,-0.0031816352510389,-0.2086937703805778,0.2023304998785,12.217,57.1
21092,1957-10-03 00:00:00,0.2237628234414308,0.017985572396,0.4295400744868616,12.217,57.1
21093,1957-10-04 00:00:00,0.4060091426334851,0.1975752480479413,0.6144430372190289,12.217,57.1
21094,1957-10-05 00:00:00,0.1271196650105402,-0.0801216205570159,0.3343609505780964,12.217,57.1
21095,1957-10-06 00:00:00,0.1709927831463959,-0.0349509955814484,0.3769365618742403,12.217,57.1
21096,1957-10-07 00:00:00,0.3058617795136527,0.0996976991450734,0.5120258598822319,12.217,57.1
21097,1957-10-08 00:00:00,0.0403112638270062,-0.1662770629277049,0.2468995905817175,12.217,57.1
21098,1957-10-09 00:00:00,0.0165892717665841,-0.1889979912522282,0.2221765347853965,12.217,57.1
21099,1957-10-10 00:00:00,0.0311523536657197,-0.1742995187946706,0.2366042261261101,12.217,57.1
21100,1957-10-11 00:00:00,0.0530177115575834,-0.152451583739101,0.2584870068542679,12.217,57.1
21101,1957-10-12 00:00:00,0.1172576546816527,-0.0882775177230403,0.3227928270863458,12.217,57.1
21102,1957-10-13 00:00:00,0.064422164689988,-0.1414483288285051,0.2702926582084812,12.217,57.1
21103,1957-10-14 00:00:00,0.2003111541717044,-0.005797023319792,0.4064193316632007,12.217,57.1
21104,1957-10-15 00:00:00,-0.0262732221812819,-0.2320822883632718,0.179535844000708,12.217,57.1
21105,1957-10-16 00:00:00,0.0419083489944271,-0.1635446572945925,0.2473613552834467,12.217,57.1
21106,1957-10-17 00:00:00,0.1276598363147465,-0.0778991775214927,0.3332188501509857,12.217,57.1
21107,1957-10-18 00:00:00,0.2050101963644291,-0.0014978943543084,0.4115182870831668,12.217,57.1
21108,1957-10-19 00:00:00,0.26029391036513,0.0531437079173385,0.4674441128129214,12.217,57.1
21109,1957-10-20 00:00:00,0.362588766857578,0.154785066781544,0.570392466933612,12.217,57.1
21110,1957-10-21 00:00:00,0.1640600438599856,-0.0424441924275936,0.370564280147565,12.217,57.1
21111,1957-10-22 00:00:00,0.2576284906948015,0.0512753710891422,0.4639816103004607,12.217,57.1
21112,1957-10-23 00:00:00,0.162639856391377,-0.043075707073403,0.368355419856157,12.217,57.1
21113,1957-10-24 00:00:00,0.3107556502266991,0.1033421982694999,0.5181691021838983,12.217,57.1
21114,1957-10-25 00:00:00,0.2766666910085605,0.0682150815611721,0.4851183004559489,12.217,57.1
21115,1957-10-26 00:00:00,0.0694737458072131,-0.1362858157531848,0.2752333073676111,12.217,57.1
21116,1957-10-27 00:00:00,0.2492367209092869,0.0433224588567688,0.455150982961805,12.217,57.1
21117,1957-10-28 00:00:00,0.2287527575227085,0.0218453887294877,0.4356601263159294,12.217,57.1
21118,1957-10-29 00:00:00,0.2340445298515789,0.0271559923095133,0.4409330673936446,12.217,57.1
21119,1957-10-30 00:00:00,0.2214890158309513,0.0148852479287868,0.4280927837331157,12.217,57.1
21120,1957-10-31 00:00:00,0.1260413642553353,-0.0801974730237627,0.3322802015344334,12.217,57.1
21121,1957-11-01 00:00:00,0.2289532864818648,0.0228352094502797,0.4350713635134499,12.217,57.1
21122,1957-11-02 00:00:00,0.4504674959628345,0.2412712428685454,0.6596637490571237,12.217,57.1
21123,1957-11-03 00:00:00,0.2989723141540267,0.0912129673374729,0.5067316609705804,12.217,57.1
21124,1957-11-04 00:00:00,0.2832389897750883,0.076515448704556,0.4899625308456206,12.217,57.1
21125,1957-11-05 00:00:00,0.3221417617302172,0.1077679523686378,0.5365155710917966,12.217,57.1
21126,1957-11-06 00:00:00,0.4344200203526643,0.2213085631816158,0.6475314775237129,12.217,57.1
21127,1957-11-07 00:00:00,0.1367071436831,-0.0703962863357701,0.3438105737019702,12.217,57.1
21128,1957-11-08 00:00:00,0.0158934980126111,-0.1902992050908915,0.2220862011161137,12.217,57.1
21129,1957-11-09 00:00:00,-0.0427820575385375,-0.2485325633272722,0.1629684482501971,12.217,57.1
21130,1957-11-10 00:00:00,-0.1306888362953996,-0.3376154041069292,0.0762377315161298,12.217,57.1
21131,1957-11-11 00:00:00,-0.0772665371771908,-0.2839528365381546,0.1294197621837729,12.217,57.1
21132,1957-11-12 00:00:00,-0.1480641979957127,-0.3540193522146762,0.0578909562232508,12.217,57.1
21133,1957-11-13 00:00:00,-0.1222386665417973,-0.3279154412224794,0.0834381081388848,12.217,57.1
21134,1957-11-14 00:00:00,-0.123517452914861,-0.3289679871873251,0.0819330813576029,12.217,57.1
21135,1957-11-15 00:00:00,-0.0604163525726197,-0.2659107250185125,0.145078019873273,12.217,57.1
21136,1957-11-16 00:00:00,-0.0840027646654064,-0.2894861094378224,0.1214805801070096,12.217,57.1
21137,1957-11-17 00:00:00,-0.0794811389272323,-0.2849414748106232,0.1259791969561586,12.217,57.1
21138,1957-11-18 00:00:00,-0.0563502307232209,-0.261823897503304,0.149123436056862,12.217,57.1
21139,1957-11-19 00:00:00,-0.0619825784042388,-0.2674441053245983,0.1434789485161205,12.217,57.1
21140,1957-11-20 00:00:00,-0.0295046888800764,-0.2350631068122723,0.1760537290521195,12.217,57.1
21141,1957-11-21 00:00:00,-0.0604557469178991,-0.266113444562759,0.1452019507269606,12.217,57.1
21142,1957-11-22 00:00:00,0.0639580767536924,-0.1417386407653338,0.2696547942727187,12.217,57.1
21143,1957-11-23 00:00:00,0.120915046535197,-0.0851489822645212,0.3269790753349154,12.217,57.1
21144,1957-11-24 00:00:00,0.0454524975634247,-0.1606610823052739,0.2515660774321234,12.217,57.1
21145,1957-11-25 00:00:00,0.1846120762150215,-0.0213111301977551,0.3905352826277981,12.217,57.1
21146,1957-11-26 00:00:00,0.1130067150614426,-0.0928728580513792,0.3188862881742646,12.217,57.1
21147,1957-11-27 00:00:00,0.3446902867625689,0.1385256690911609,0.550854904433977,12.217,57.1
21148,1957-11-28 00:00:00,0.1534835262096844,-0.0529289946802372,0.3598960470996061,12.217,57.1
21149,1957-11-29 00:00:00,0.1213195514263522,-0.0865250777112615,0.3291641805639659,12.217,57.1
21150,1957-11-30 00:00:00,-0.1506350752787067,-0.3600478710461802,0.0587777204887667,12.217,57.1
21151,1957-12-01 00:00:00,-0.0567110206798163,-0.2625426701290362,0.1491206287694036,12.217,57.1
21152,1957-12-02 00:00:00,-0.038062377515037,-0.2437996076151788,0.1676748525851047,12.217,57.1
21153,1957-12-03 00:00:00,-0.0805957765252139,-0.286090453598917,0.1248989005484891,12.217,57.1
21154,1957-12-04 00:00:00,0.0635528622972961,-0.1421523077549684,0.2692580323495608,12.217,57.1
21155,1957-12-05 00:00:00,0.1686442125552838,-0.0373329750293405,0.3746214001399082,12.217,57.1
21156,1957-12-06 00:00:00,-0.0049237541639814,-0.2113760305402068,0.201528522212244,12.217,57.1
21157,1957-12-07 00:00:00,0.2281000685069787,0.0220697271875847,0.4341304098263726,12.217,57.1
21158,1957-12-08 00:00:00,0.2727617307587837,0.0659253731114443,0.479598088406123,12.217,57.1
21159,1957-12-09 00:00:00,0.3098047306674386,0.1003296729177388,0.5192797884171383,12.217,57.1
21160,1957-12-10 00:00:00,0.1392143294748646,-0.0706360714490358,0.3490647303987652,12.217,57.1
21161,1957-12-11 00:00:00,0.1575814884106861,-0.0486822549670782,0.3638452317884505,12.217,57.1
21162,1957-12-12 00:00:00,0.0304315248277247,-0.1765388423433842,0.2374018919988336,12.217,57.1
21163,1957-12-13 00:00:00,0.0522628096351739,-0.1542283161952273,0.2587539354655753,12.217,57.1
21164,1957-12-14 00:00:00,-0.016881326007819,-0.2238013459324662,0.1900386939168282,12.217,57.1
21165,1957-12-15 00:00:00,-0.1236300323146631,-0.3310656427420093,0.0838055781126829,12.217,57.1
21166,1957-12-16 00:00:00,0.0208094590813176,-0.1854210361266605,0.2270399542892958,12.217,57.1
21167,1957-12-17 00:00:00,0.1466722174812866,-0.0593556268454573,0.3527000618080305,12.217,57.1
21168,1957-12-18 00:00:00,0.0786086818150758,-0.1270962991155075,0.2843136627456593,12.217,57.1
21169,1957-12-19 00:00:00,0.1011850559484944,-0.1042909011022437,0.3066610129992326,12.217,57.1
21170,1957-12-20 00:00:00,0.1057568896965592,-0.1005236543832589,0.3120374337763773,12.217,57.1
21171,1957-12-21 00:00:00,0.3759948463563423,0.1687841287047617,0.5832055640079229,12.217,57.1
21172,1957-12-22 00:00:00,0.3515620716497226,0.1440700576788585,0.5590540856205867,12.217,57.1
21173,1957-12-23 00:00:00,0.2089228326794961,0.002653267078781,0.4151923982802112,12.217,57.1
21174,1957-12-24 00:00:00,0.2054599789669897,-0.0005268989324706,0.4114468568664501,12.217,57.1
21175,1957-12-25 00:00:00,0.1353833886107547,-0.0702006067311676,0.3409673839526771,12.217,57.1
21176,1957-12-26 00:00:00,0.2329656436621205,0.0272376622627823,0.4386936250614587,12.217,57.1
21177,1957-12-27 00:00:00,0.2686481398210515,0.062540910831599,0.4747553688105041,12.217,57.1
21178,1957-12-28 00:00:00,0.3446322806225347,0.1382386194201544,0.551025941824915,12.217,57.1
21179,1957-12-29 00:00:00,0.3015818301526473,0.0952420372501518,0.5079216230551428,12.217,57.1
21180,1957-12-30 00:00:00,0.4212926323140941,0.2137446501089916,0.6288406145191967,12.217,57.1
21181,1957-12-31 00:00:00,0.3279753034939163,0.1214336973978256,0.5345169095900069,12.217,57.1
21182,1958-01-01 00:00:00,0.2158138870755165,0.0098902243466774,0.4217375498043555,12.217,57.1
21183,1958-01-02 00:00:00,0.0585665090467673,-0.1472919408563025,0.2644249589498372,12.217,57.1
21184,1958-01-03 00:00:00,-0.0707314887195283,-0.2765237639129441,0.1350607864738874,12.217,57.1
21185,1958-01-04 00:00:00,-0.0937341534160318,-0.2993749338023287,0.111906626970265,12.217,57.1
21186,1958-01-05 00:00:00,0.0940077495951176,-0.1120682159224665,0.3000837151127017,12.217,57.1
21187,1958-01-06 00:00:00,0.3748945867949397,0.1645983535176457,0.5851908200722337,12.217,57.1
21188,1958-01-07 00:00:00,0.2028752618775087,-0.0099639025012697,0.4157144262562872,12.217,57.1
21189,1958-01-08 00:00:00,-0.0262611660371421,-0.2408376588022948,0.1883153267280104,12.217,57.1
21190,1958-01-09 00:00:00,0.0465241271636628,-0.1599267305580979,0.2529749848854236,12.217,57.1
21191,1958-01-10 00:00:00,0.2535687387912797,0.0463559347458753,0.460781542836684,12.217,57.1
21192,1958-01-11 00:00:00,0.2020655063771329,-0.0055427188065894,0.4096737315608554,12.217,57.1
21193,1958-01-12 00:00:00,0.2972621222297289,0.0908520620758355,0.5036721823836223,12.217,57.1
21194,1958-01-13 00:00:00,0.0804502369147988,-0.1259844355157136,0.2868849093453113,12.217,57.1
21195,1958-01-14 00:00:00,-0.1088496785470191,-0.3145144386247965,0.0968150815307582,12.217,57.1
21196,1958-01-15 00:00:00,-0.0051558656026053,-0.2107145158919346,0.2004027846867239,12.217,57.1
21197,1958-01-16 00:00:00,-0.0222306496051985,-0.2278039173530707,0.1833426181426735,12.217,57.1
21198,1958-01-17 00:00:00,0.2319811931019933,0.0263309256134371,0.4376314605905496,12.217,57.1
21199,1958-01-18 00:00:00,0.4245485018908336,0.2180350760702085,0.6310619277114586,12.217,57.1
21200,1958-01-19 00:00:00,0.5289365413938499,0.3168459692939257,0.7410271134937741,12.217,57.1
21201,1958-01-20 00:00:00,0.5544992547412116,0.3429960605126418,0.7660024489697814,12.217,57.1
21202,1958-01-21 00:00:00,0.1877155011186017,-0.0184233692963774,0.3938543715335809,12.217,57.1
21203,1958-01-22 00:00:00,0.1891976234781011,-0.01655012308691,0.3949453700431122,12.217,57.1
21204,1958-01-23 00:00:00,0.1804274390521544,-0.0258719189725829,0.3867267970768918,12.217,57.1
21205,1958-01-24 00:00:00,0.1321618605154004,-0.0742909993179786,0.3386147203487795,12.217,57.1
21206,1958-01-25 00:00:00,0.0581768358133015,-0.147483854188294,0.2638375258148972,12.217,57.1
21207,1958-01-26 00:00:00,-0.0025706963875765,-0.2082360664946859,0.2030946737195328,12.217,57.1
21208,1958-01-27 00:00:00,0.0703327706837186,-0.1357437290605511,0.2764092704279883,12.217,57.1
21209,1958-01-28 00:00:00,0.0686127522501895,-0.1377896848898741,0.2750151893902532,12.217,57.1
21210,1958-01-29 00:00:00,0.0386623914430351,-0.1671661740689499,0.2444909569550202,12.217,57.1
21211,1958-01-30 00:00:00,0.0134439894720214,-0.1921968560844643,0.2190848350285072,12.217,57.1
21212,1958-01-31 00:00:00,0.0092566134434567,-0.1964153413492139,0.2149285682361274,12.217,57.1
21213,1958-02-01 00:00:00,0.0556864105685974,-0.1499158091813051,0.2612886303185,12.217,57.1
21214,1958-02-02 00:00:00,0.1886539831586439,-0.0171564869619809,0.3944644532792689,12.217,57.1
21215,1958-02-03 00:00:00,0.2171081202841727,0.0107669666494538,0.4234492739188916,12.217,57.1
21216,1958-02-04 00:00:00,0.1331774467212304,-0.0746148752302022,0.3409697686726632,12.217,57.1
21217,1958-02-05 00:00:00,0.2464030840417935,0.0389983251104771,0.4538078429731099,12.217,57.1
21218,1958-02-06 00:00:00,0.1365221025842571,-0.072408618908443,0.3454528240769573,12.217,57.1
21219,1958-02-07 00:00:00,0.0208417083390698,-0.185715327294723,0.2273987439728627,12.217,57.1
21220,1958-02-08 00:00:00,0.001073705236462,-0.2045972285077754,0.2067446389806995,12.217,57.1
21221,1958-02-09 00:00:00,0.0377797776253216,-0.168977853439786,0.2445374086904292,12.217,57.1
21222,1958-02-10 00:00:00,0.1603656804404205,-0.0499710499044664,0.3707024107853076,12.217,57.1
21223,1958-02-11 00:00:00,0.1267750573982607,-0.0814930544980437,0.3350431692945652,12.217,57.1
21224,1958-02-12 00:00:00,0.1974378120583463,-0.009461375662795,0.4043369997794877,12.217,57.1
21225,1958-02-13 00:00:00,0.2512178396220202,0.0453007511269919,0.4571349281170485,12.217,57.1
21226,1958-02-14 00:00:00,0.1505048706250732,-0.0557312932552146,0.3567410345053612,12.217,57.1
21227,1958-02-15 00:00:00,0.2247364005803752,0.018368834953067,0.4311039662076835,12.217,57.1
21228,1958-02-16 00:00:00,0.1814162801156258,-0.0253603096098808,0.3881928698411326,12.217,57.1
21229,1958-02-17 00:00:00,0.3541956641041941,0.1479843185477548,0.5604070096606334,12.217,57.1
21230,1958-02-18 00:00:00,0.2256637889206763,0.0185072662764121,0.4328203115649406,12.217,57.1
21231,1958-02-19 00:00:00,0.0177075934977551,-0.1885469045539845,0.2239620915494948,12.217,57.1
21232,1958-02-20 00:00:00,0.1337736006935798,-0.0719064680066604,0.3394536693938201,12.217,57.1
21233,1958-02-21 00:00:00,0.0745539849896682,-0.1313880362906093,0.2804960062699457,12.217,57.1
21234,1958-02-22 00:00:00,0.0830470810242273,-0.1228579552391318,0.2889521172875864,12.217,57.1
21235,1958-02-23 00:00:00,0.0318935280104428,-0.1739383075947581,0.2377253636156437,12.217,57.1
21236,1958-02-24 00:00:00,0.0292519288010235,-0.1765268927172363,0.2350307503192835,12.217,57.1
21237,1958-02-25 00:00:00,-0.0017850765895268,-0.2074692199172787,0.203899066738225,12.217,57.1
21238,1958-02-26 00:00:00,-0.0421670467281794,-0.249341714693568,0.1650076212372091,12.217,57.1
21239,1958-02-27 00:00:00,-0.0472975073588759,-0.2558188599153077,0.1612238451975558,12.217,57.1
21240,1958-02-28 00:00:00,-0.0249025257468761,-0.2312373787533888,0.1814323272596364,12.217,57.1
21241,1958-03-01 00:00:00,0.1087186738026972,-0.0970066597020068,0.3144440073074013,12.217,57.1
21242,1958-03-02 00:00:00,0.0966328970923502,-0.1090752805466407,0.3023410747313412,12.217,57.1
21243,1958-03-03 00:00:00,-0.0273492996109312,-0.2331161768031326,0.1784175775812701,12.217,57.1
21244,1958-03-04 00:00:00,-0.0019131239737822,-0.207761199125646,0.2039349511780814,12.217,57.1
21245,1958-03-05 00:00:00,0.2235439878315683,0.0177086605721815,0.429379315090955,12.217,57.1
21246,1958-03-06 00:00:00,0.3816229768222191,0.1752376704438712,0.5880082832005669,12.217,57.1
21247,1958-03-07 00:00:00,0.2727379640751726,0.0656046302973948,0.4798712978529503,12.217,57.1
21248,1958-03-08 00:00:00,0.0402484749735307,-0.1663336218402644,0.2468305717873259,12.217,57.1
21249,1958-03-09 00:00:00,0.0332334259466943,-0.1725561962009019,0.2390230480942907,12.217,57.1
21250,1958-03-10 00:00:00,0.0237856306136297,-0.1818766234583919,0.2294478846856515,12.217,57.1
21251,1958-03-11 00:00:00,0.018586086835665,-0.1872908566838252,0.2244630303551552,12.217,57.1
21252,1958-03-12 00:00:00,0.0888709435614959,-0.1173741509652773,0.2951160380882692,12.217,57.1
21253,1958-03-13 00:00:00,0.0587860210366448,-0.1468764607931156,0.2644485028664053,12.217,57.1
21254,1958-03-14 00:00:00,-0.013562855429349,-0.2193070433302024,0.1921813324715044,12.217,57.1
21255,1958-03-15 00:00:00,0.0110157858686159,-0.1952287108559438,0.2172602825931757,12.217,57.1
21256,1958-03-16 00:00:00,-0.058587600168193,-0.2650159961718495,0.1478407958354634,12.217,57.1
21257,1958-03-17 00:00:00,-0.1112745004509788,-0.3171938874316894,0.0946448865297316,12.217,57.1
21258,1958-03-18 00:00:00,-0.0590977979989372,-0.2648257830952901,0.1466301870974155,12.217,57.1
21259,1958-03-19 00:00:00,0.0064976440490469,-0.1991787406206952,0.2121740287187891,12.217,57.1
21260,1958-03-20 00:00:00,-0.0916459196471065,-0.2975761791328862,0.1142843398386731,12.217,57.1
21261,1958-03-21 00:00:00,-0.0966265642260862,-0.3021692243823295,0.108916095930157,12.217,57.1
21262,1958-03-22 00:00:00,-0.1443484762502313,-0.3499557093235457,0.061258756823083,12.217,57.1
21263,1958-03-23 00:00:00,-0.0949573603373998,-0.3005660190740234,0.1106512983992236,12.217,57.1
21264,1958-03-24 00:00:00,-0.0574458821726252,-0.262965091436436,0.1480733270911854,12.217,57.1
21265,1958-03-25 00:00:00,0.0263908487397245,-0.1791280241252164,0.2319097216046655,12.217,57.1
21266,1958-03-26 00:00:00,0.0398243466656037,-0.1656745276795095,0.245323221010717,12.217,57.1
21267,1958-03-27 00:00:00,0.0226826814579324,-0.1828287628968513,0.2281941258127161,12.217,57.1
21268,1958-03-28 00:00:00,-0.0475689977457734,-0.2536155318221,0.158477536330553,12.217,57.1
21269,1958-03-29 00:00:00,-0.087063115580873,-0.2934722484745157,0.1193460173127695,12.217,57.1
21270,1958-03-30 00:00:00,-0.1108048113802766,-0.317330689457738,0.0957210666971848,12.217,57.1
21271,1958-03-31 00:00:00,-0.1005473587914887,-0.3070034044419292,0.1059086868589517,12.217,57.1
21272,1958-04-01 00:00:00,-0.125129228566851,-0.3315243248419551,0.081265867708253,12.217,57.1
21273,1958-04-02 00:00:00,-0.0300015550288706,-0.2370864697199621,0.1770833596622209,12.217,57.1
21274,1958-04-03 00:00:00,-0.0467337154914442,-0.2529923694591683,0.1595249384762798,12.217,57.1
21275,1958-04-04 00:00:00,-0.0589815620244146,-0.2647675501587841,0.1468044261099549,12.217,57.1
21276,1958-04-05 00:00:00,0.0171638040751759,-0.1889584702460996,0.2232860783964514,12.217,57.1
21277,1958-04-06 00:00:00,-0.0196742178051001,-0.2253975600907541,0.1860491244805538,12.217,57.1
21278,1958-04-07 00:00:00,0.0199038355530601,-0.185898544389208,0.2257062154953282,12.217,57.1
21279,1958-04-08 00:00:00,0.0343980844035585,-0.1712478508425916,0.2400440196497087,12.217,57.1
21280,1958-04-09 00:00:00,0.022331669408483,-0.1835848546585488,0.2282481934755149,12.217,57.1
21281,1958-04-10 00:00:00,0.074177001782905,-0.1322532762406695,0.2806072798064796,12.217,57.1
21282,1958-04-11 00:00:00,-0.1214322451895137,-0.3276373718409349,0.0847728814619073,12.217,57.1
21283,1958-04-12 00:00:00,-0.1293126781445893,-0.3349419192577761,0.0763165629685975,12.217,57.1
21284,1958-04-13 00:00:00,0.0085456594657988,-0.1970899511657122,0.2141812700973098,12.217,57.1
21285,1958-04-14 00:00:00,0.0429690956226298,-0.1624844680522307,0.2484226592974903,12.217,57.1
21286,1958-04-15 00:00:00,0.0712001328416814,-0.1342765190187127,0.2766767847020757,12.217,57.1
21287,1958-04-16 00:00:00,0.1307226360452994,-0.0750877918182101,0.336533063908809,12.217,57.1
21288,1958-04-17 00:00:00,0.1048821067336738,-0.100833540066715,0.3105977535340627,12.217,57.1
21289,1958-04-18 00:00:00,0.0327244314418827,-0.1728848936183037,0.2383337565020692,12.217,57.1
21290,1958-04-19 00:00:00,0.1180494287095942,-0.0875809209890903,0.3236797784082789,12.217,57.1
21291,1958-04-20 00:00:00,0.1102535309393485,-0.0956347037938709,0.3161417656725681,12.217,57.1
21292,1958-04-21 00:00:00,0.2032076148885085,-0.0024772821761604,0.4088925119531775,12.217,57.1
21293,1958-04-22 00:00:00,0.1581544649155735,-0.0478229369805876,0.3641318668117347,12.217,57.1
21294,1958-04-23 00:00:00,-0.0211038696663742,-0.2272517277157629,0.1850439883830144,12.217,57.1
21295,1958-04-24 00:00:00,-0.0107905004458555,-0.2164122448119904,0.1948312439202794,12.217,57.1
21296,1958-04-25 00:00:00,0.0307447350097217,-0.174946480621427,0.2364359506408704,12.217,57.1
21297,1958-04-26 00:00:00,0.1564770716746899,-0.0493219388822381,0.362276082231618,12.217,57.1
21298,1958-04-27 00:00:00,0.2200809376461768,0.0133842731395454,0.4267776021528082,12.217,57.1
21299,1958-04-28 00:00:00,-0.0030690942056239,-0.2097621260697733,0.2036239376585255,12.217,57.1
21300,1958-04-29 00:00:00,-0.0233912693906617,-0.2298823934978908,0.1830998547165672,12.217,57.1
21301,1958-04-30 00:00:00,0.0633740008339781,-0.1422921322958709,0.2690401339638272,12.217,57.1
21302,1958-05-01 00:00:00,-0.0015165300264165,-0.2072241181408058,0.2041910580879728,12.217,57.1
21303,1958-05-02 00:00:00,0.0126811802822671,-0.1928452336051418,0.2182075941696762,12.217,57.1
21304,1958-05-03 00:00:00,0.2908151085774361,0.0837127529179767,0.4979174642368954,12.217,57.1
21305,1958-05-04 00:00:00,0.1813096534049579,-0.0277267815575215,0.3903460883674374,12.217,57.1
21306,1958-05-05 00:00:00,0.1180179537037052,-0.0876654265531076,0.3237013339605181,12.217,57.1
21307,1958-05-06 00:00:00,0.0943747790138819,-0.1112018810271792,0.2999514390549431,12.217,57.1
21308,1958-05-07 00:00:00,0.2300365206675472,0.0237254568162368,0.4363475845188575,12.217,57.1
21309,1958-05-08 00:00:00,0.1890520551241439,-0.0181959852360892,0.396300095484377,12.217,57.1
21310,1958-05-09 00:00:00,0.1540743099348586,-0.0520925246259704,0.3602411444956878,12.217,57.1
21311,1958-05-10 00:00:00,0.1907946793158149,-0.0149834080479159,0.3965727666795459,12.217,57.1
21312,1958-05-11 00:00:00,0.0661825730460188,-0.1395839810315959,0.2719491271236336,12.217,57.1
21313,1958-05-12 00:00:00,0.1708515600157918,-0.0352736920330122,0.3769768120645959,12.217,57.1
21314,1958-05-13 00:00:00,0.1755815769409296,-0.0305546200547498,0.3817177739366091,12.217,57.1
21315,1958-05-14 00:00:00,0.0890597404320781,-0.1170433116361296,0.295162792500286,12.217,57.1
21316,1958-05-15 00:00:00,0.0947328811264248,-0.1109119027223564,0.3003776649752061,12.217,57.1
21317,1958-05-16 00:00:00,0.1501717718806284,-0.0556884482066881,0.356031991967945,12.217,57.1
21318,1958-05-17 00:00:00,0.0695103860558307,-0.1363718426291103,0.2753926147407718,12.217,57.1
21319,1958-05-18 00:00:00,0.2463289817674116,0.0400038864173667,0.4526540771174565,12.217,57.1
21320,1958-05-19 00:00:00,0.2475259229606533,0.0413735089365745,0.453678336984732,12.217,57.1
21321,1958-05-20 00:00:00,0.1137708172219122,-0.0920441111236818,0.3195857455675063,12.217,57.1
21322,1958-05-21 00:00:00,0.1178986309198285,-0.0885938553887504,0.3243911172284074,12.217,57.1
21323,1958-05-22 00:00:00,0.2234974738661163,0.0162547247221818,0.4307402230100508,12.217,57.1
21324,1958-05-23 00:00:00,0.0642893087563356,-0.1455874429708426,0.274166060483514,12.217,57.1
21325,1958-05-24 00:00:00,0.0558902617581541,-0.1497297113093256,0.2615102348256339,12.217,57.1
21326,1958-05-25 00:00:00,0.0886648432574915,-0.1170142865551342,0.2943439730701173,12.217,57.1
21327,1958-05-26 00:00:00,-0.0503383995790996,-0.2562132135698,0.1555364144116006,12.217,57.1
21328,1958-05-27 00:00:00,0.1395135895755826,-0.067444657508036,0.3464718366592014,12.217,57.1
21329,1958-05-28 00:00:00,0.0069303112005214,-0.1991731285513397,0.2130337509523827,12.217,57.1
21330,1958-05-29 00:00:00,0.0496993757767827,-0.1561488101573114,0.2555475617108769,12.217,57.1
21331,1958-05-30 00:00:00,0.0199002346330382,-0.185880939748297,0.2256814090143736,12.217,57.1
21332,1958-05-31 00:00:00,-0.008151933140903,-0.2138889541280298,0.1975850878462237,12.217,57.1
21333,1958-06-01 00:00:00,-0.001743256275298,-0.2074948355681141,0.204008323017518,12.217,57.1
21334,1958-06-02 00:00:00,-0.0579445829426252,-0.2635708326051151,0.1476816667198646,12.217,57.1
21335,1958-06-03 00:00:00,-0.025378429835704,-0.2309018215520709,0.1801449618806628,12.217,57.1
21336,1958-06-04 00:00:00,0.022698752121102,-0.1827521903842131,0.2281496946264173,12.217,57.1
21337,1958-06-05 00:00:00,0.0796730675084047,-0.1264959810749931,0.2858421160918026,12.217,57.1
21338,1958-06-06 00:00:00,0.0666283046318544,-0.1401359807439741,0.273392590007683,12.217,57.1
21339,1958-06-07 00:00:00,0.0227320408942209,-0.1829312411642994,0.2283953229527412,12.217,57.1
21340,1958-06-08 00:00:00,0.0737647665537616,-0.1319072602288825,0.2794367933364059,12.217,57.1
21341,1958-06-09 00:00:00,0.1023340229241578,-0.1031636722344636,0.3078317180827793,12.217,57.1
21342,1958-06-10 00:00:00,0.1111206671815899,-0.0945226482336438,0.3167639825968237,12.217,57.1
21343,1958-06-11 00:00:00,0.030533061182553,-0.175170835077446,0.236236957442552,12.217,57.1
21344,1958-06-12 00:00:00,0.0029012770178903,-0.2025385546610537,0.2083411086968343,12.217,57.1
21345,1958-06-13 00:00:00,0.0252009255312649,-0.1802728143162823,0.2306746653788122,12.217,57.1
21346,1958-06-14 00:00:00,0.023907647500621,-0.1817037914563449,0.2295190864575871,12.217,57.1
21347,1958-06-15 00:00:00,-0.0113740480089006,-0.2169436651672729,0.1941955691494717,12.217,57.1
21348,1958-06-16 00:00:00,0.0129261871513844,-0.1924809447545943,0.2183333190573633,12.217,57.1
21349,1958-06-17 00:00:00,0.0381607194453025,-0.167254289100748,0.2435757279913531,12.217,57.1
21350,1958-06-18 00:00:00,0.0912880057202888,-0.1143820736332243,0.2969580850738021,12.217,57.1
21351,1958-06-19 00:00:00,0.1410268809445763,-0.0652035910352275,0.3472573529243802,12.217,57.1
21352,1958-06-20 00:00:00,0.1656058577437203,-0.0405600660315229,0.3717717815189636,12.217,57.1
21353,1958-06-21 00:00:00,0.1299210682749667,-0.0758409393185906,0.335683075868524,12.217,57.1
21354,1958-06-22 00:00:00,0.1268722999065286,-0.0786912145519606,0.332435814365018,12.217,57.1
21355,1958-06-23 00:00:00,0.1308985699730431,-0.0746541541047097,0.3364512940507959,12.217,57.1
21356,1958-06-24 00:00:00,0.114082908548817,-0.0913875694009647,0.3195533864985987,12.217,57.1
21357,1958-06-25 00:00:00,0.0788147522992847,-0.1266050712727697,0.2842345758713391,12.217,57.1
21358,1958-06-26 00:00:00,0.0500778631714984,-0.1553237103909862,0.2554794367339831,12.217,57.1
21359,1958-06-27 00:00:00,0.1254490234299771,-0.0801388886986339,0.3310369355585882,12.217,57.1
21360,1958-06-28 00:00:00,-0.005316669723774,-0.211456640147845,0.200823300700297,12.217,57.1
21361,1958-06-29 00:00:00,-0.0213256689516331,-0.2272019715923551,0.1845506336890889,12.217,57.1
21362,1958-06-30 00:00:00,0.004394622806358,-0.2014387880360938,0.2102280336488098,12.217,57.1
21363,1958-07-01 00:00:00,0.0009460362693603,-0.2048071491160861,0.2066992216548067,12.217,57.1
21364,1958-07-02 00:00:00,-0.0448570195157124,-0.2504703985854575,0.1607563595540326,12.217,57.1
21365,1958-07-03 00:00:00,-0.0384307099479828,-0.2445000535677062,0.1676386336717406,12.217,57.1
21366,1958-07-04 00:00:00,0.0138773928843878,-0.191850520844351,0.2196053066131268,12.217,57.1
21367,1958-07-05 00:00:00,0.0262832593136363,-0.179322841741328,0.2318893603686007,12.217,57.1
21368,1958-07-06 00:00:00,0.0405634766875079,-0.1649706563272978,0.2460976097023138,12.217,57.1
21369,1958-07-07 00:00:00,0.0824446265759805,-0.123308642023968,0.2881978951759291,12.217,57.1
21370,1958-07-08 00:00:00,0.0444645959303275,-0.1612469255118332,0.2501761173724884,12.217,57.1
21371,1958-07-09 00:00:00,0.0954423906744255,-0.110446004391466,0.3013307857403172,12.217,57.1
21372,1958-07-10 00:00:00,0.2229263573075001,0.0169722437016434,0.4288804709133568,12.217,57.1
21373,1958-07-11 00:00:00,0.1184983595343643,-0.0887046269290913,0.3257013459978199,12.217,57.1
21374,1958-07-12 00:00:00,0.0579680367361961,-0.1479955410894235,0.2639316145618159,12.217,57.1
21375,1958-07-13 00:00:00,0.0896486051329778,-0.115876663565001,0.2951738738309567,12.217,57.1
21376,1958-07-14 00:00:00,0.172676860264483,-0.033325989108213,0.3786797096371791,12.217,57.1
21377,1958-07-15 00:00:00,0.5197135871687933,0.3119635621794756,0.7274636121581111,12.217,57.1
21378,1958-07-16 00:00:00,0.1012536639220594,-0.1054335147394745,0.3079408425835933,12.217,57.1
21379,1958-07-17 00:00:00,0.0311000737797198,-0.1745863883725495,0.2367865359319892,12.217,57.1
21380,1958-07-18 00:00:00,0.0515745761725056,-0.1585080194904838,0.261657171835495,12.217,57.1
21381,1958-07-19 00:00:00,0.1588718539934147,-0.0491483714474209,0.3668920794342503,12.217,57.1
21382,1958-07-20 00:00:00,0.0755988738748928,-0.1299785551801029,0.2811763029298886,12.217,57.1
21383,1958-07-21 00:00:00,0.1189476862062799,-0.0867337148047555,0.3246290872173155,12.217,57.1
21384,1958-07-22 00:00:00,0.1710006354964556,-0.0348543640804155,0.3768556350733269,12.217,57.1
21385,1958-07-23 00:00:00,0.2038560294208377,-0.0020600553177591,0.4097721141594347,12.217,57.1
21386,1958-07-24 00:00:00,0.1693937928862836,-0.036093538177273,0.3748811239498404,12.217,57.1
21387,1958-07-25 00:00:00,0.1421862565031945,-0.0634969129975822,0.3478694260039713,12.217,57.1
21388,1958-07-26 00:00:00,0.1655410412352488,-0.040315913775461,0.3713979962459587,12.217,57.1
21389,1958-07-27 00:00:00,0.1472374098449649,-0.0586438900027058,0.3531187096926357,12.217,57.1
21390,1958-07-28 00:00:00,0.102513442082288,-0.1036735138340484,0.3087003979986245,12.217,57.1
21391,1958-07-29 00:00:00,0.1639948909175138,-0.041736441515087,0.3697262233501147,12.217,57.1
21392,1958-07-30 00:00:00,0.1399556332380274,-0.0661877804574235,0.3460990469334785,12.217,57.1
21393,1958-07-31 00:00:00,0.1262011305448094,-0.0795231867382819,0.3319254478279009,12.217,57.1
21394,1958-08-01 00:00:00,0.1339081321005326,-0.0716622579387972,0.3394785221398624,12.217,57.1
21395,1958-08-02 00:00:00,0.1010354106590109,-0.1046528014720158,0.3067236227900378,12.217,57.1
21396,1958-08-03 00:00:00,0.2482828640455736,0.041008758400621,0.4555569696905263,12.217,57.1
21397,1958-08-04 00:00:00,0.2218592123931172,0.0154616011660252,0.4282568236202091,12.217,57.1
21398,1958-08-05 00:00:00,0.1126906952261884,-0.0931733657067734,0.3185547561591504,12.217,57.1
21399,1958-08-06 00:00:00,0.2512516620571242,0.045000850967928,0.4575024731463203,12.217,57.1
21400,1958-08-07 00:00:00,0.1469360745175938,-0.0587917232534642,0.352663872288652,12.217,57.1
21401,1958-08-08 00:00:00,0.1567772442689433,-0.04875184629194,0.3623063348298267,12.217,57.1
21402,1958-08-09 00:00:00,0.1306358704414614,-0.0748176659652488,0.3360894068481717,12.217,57.1
21403,1958-08-10 00:00:00,0.0741298279089928,-0.1316585589059144,0.2799182147239002,12.217,57.1
21404,1958-08-11 00:00:00,0.0284148377913462,-0.1771353702931934,0.233965045875886,12.217,57.1
21405,1958-08-12 00:00:00,0.0782446147186905,-0.1272877134915022,0.2837769429288833,12.217,57.1
21406,1958-08-13 00:00:00,0.2117609505247109,0.0056051140648686,0.4179167869845532,12.217,57.1
21407,1958-08-14 00:00:00,0.0772933630865241,-0.1284870879479462,0.2830738141209946,12.217,57.1
21408,1958-08-15 00:00:00,0.1546187945304634,-0.0510921227031514,0.3603297117640783,12.217,57.1
21409,1958-08-16 00:00:00,0.14892270093783,-0.0568187399018001,0.3546641417774601,12.217,57.1
21410,1958-08-17 00:00:00,0.1235298860073435,-0.0820769276940931,0.3291366997087803,12.217,57.1
21411,1958-08-18 00:00:00,0.0849484469502703,-0.1205425562306668,0.2904394501312075,12.217,57.1
21412,1958-08-19 00:00:00,0.0267735789433226,-0.1787490478233424,0.2322962057099878,12.217,57.1
21413,1958-08-20 00:00:00,0.0261856395791815,-0.1796933528968973,0.2320646320552604,12.217,57.1
21414,1958-08-21 00:00:00,0.1181865791334094,-0.0880730006885509,0.3244461589553699,12.217,57.1
21415,1958-08-22 00:00:00,0.0455084715398693,-0.1605137596238761,0.2515307027036147,12.217,57.1
21416,1958-08-23 00:00:00,0.0862030273170502,-0.1202898969706459,0.2926959516047464,12.217,57.1
21417,1958-08-24 00:00:00,-0.0043812702602964,-0.2113873815744346,0.2026248410538418,12.217,57.1
21418,1958-08-25 00:00:00,0.2086431956855806,0.0021125462229503,0.4151738451482108,12.217,57.1
21419,1958-08-26 00:00:00,0.1690408047118871,-0.0367152377385112,0.3747968471622854,12.217,57.1
21420,1958-08-27 00:00:00,0.0954791716378214,-0.1100714835212514,0.3010298267968943,12.217,57.1
21421,1958-08-28 00:00:00,0.0603120316139805,-0.1452110247374652,0.2658350879654264,12.217,57.1
21422,1958-08-29 00:00:00,0.0711802187155352,-0.1343459500224812,0.2767063874535518,12.217,57.1
21423,1958-08-30 00:00:00,0.0728575571340868,-0.1328760864993334,0.2785912007675071,12.217,57.1
21424,1958-08-31 00:00:00,-0.0059123932165283,-0.2116118875080991,0.1997871010750425,12.217,57.1
21425,1958-09-01 00:00:00,-0.0191897486600051,-0.2247209267545011,0.1863414294344908,12.217,57.1
21426,1958-09-02 00:00:00,-0.0454507727234921,-0.2509088646856954,0.160007319238711,12.217,57.1
21427,1958-09-03 00:00:00,-0.0628187387487689,-0.2682466149698657,0.1426091374723279,12.217,57.1
21428,1958-09-04 00:00:00,-0.0589034955511036,-0.2644609728020479,0.1466539816998405,12.217,57.1
21429,1958-09-05 00:00:00,-0.0332910907215188,-0.2387729408677654,0.1721907594247277,12.217,57.1
21430,1958-09-06 00:00:00,-0.0078878842309606,-0.2133432076920773,0.197567439230156,12.217,57.1
21431,1958-09-07 00:00:00,0.0356320267789974,-0.1698416355084309,0.2411056890664257,12.217,57.1
21432,1958-09-08 00:00:00,0.0478054613955272,-0.1576676259190441,0.2532785487100985,12.217,57.1
21433,1958-09-09 00:00:00,0.0943122255692268,-0.1111661301413015,0.2997905812797553,12.217,57.1
21434,1958-09-10 00:00:00,-0.0080499621715615,-0.2136577350017194,0.1975578106585964,12.217,57.1
21435,1958-09-11 00:00:00,0.0069640085627931,-0.1986373400865174,0.2125653572121036,12.217,57.1
21436,1958-09-12 00:00:00,-0.0336872573450075,-0.2393384012965617,0.1719638866065466,12.217,57.1
21437,1958-09-13 00:00:00,-0.0387181889911553,-0.2443131562568901,0.1668767782745795,12.217,57.1
21438,1958-09-14 00:00:00,0.0100436785769253,-0.1954306720002777,0.2155180291541283,12.217,57.1
21439,1958-09-15 00:00:00,0.0071256165009599,-0.1983028944810728,0.2125541274829927,12.217,57.1
21440,1958-09-16 00:00:00,0.0159434424585304,-0.1895129030769554,0.2213997879940164,12.217,57.1
21441,1958-09-17 00:00:00,-0.0828957318773686,-0.2885628338912503,0.122771370136513,12.217,57.1
21442,1958-09-18 00:00:00,-0.0822183089598943,-0.2878728137887372,0.1234361958689485,12.217,57.1
21443,1958-09-19 00:00:00,-0.0125558638262763,-0.218026626870847,0.1929148992182942,12.217,57.1
21444,1958-09-20 00:00:00,0.0730250840842038,-0.1324539755896593,0.278504143758067,12.217,57.1
21445,1958-09-21 00:00:00,0.2200323899826951,0.0138977327220505,0.4261670472433397,12.217,57.1
21446,1958-09-22 00:00:00,0.1521945643848181,-0.0540683392700823,0.3584574680397187,12.217,57.1
21447,1958-09-23 00:00:00,0.1166474665318976,-0.0889482382025208,0.3222431712663162,12.217,57.1
21448,1958-09-24 00:00:00,0.0860982814770731,-0.1194315856778596,0.2916281486320058,12.217,57.1
21449,1958-09-25 00:00:00,0.3025201992599746,0.0961190218350908,0.5089213766848584,12.217,57.1
21450,1958-09-26 00:00:00,0.1720965269778951,-0.0345046166337466,0.3786976705895369,12.217,57.1
21451,1958-09-27 00:00:00,0.0387541804281109,-0.1682745534402327,0.2457829142964546,12.217,57.1
21452,1958-09-28 00:00:00,-0.0613005730402285,-0.2673063927697311,0.1447052466892741,12.217,57.1
21453,1958-09-29 00:00:00,0.079046916169603,-0.1264888215216144,0.2845826538608206,12.217,57.1
21454,1958-09-30 00:00:00,0.1754773964011883,-0.0302255152588335,0.3811803080612101,12.217,57.1
21455,1958-10-01 00:00:00,0.1623963796078973,-0.0432457608526646,0.3680385200684594,12.217,57.1
21456,1958-10-02 00:00:00,0.1578296792756844,-0.0477273863028579,0.3633867448542268,12.217,57.1
21457,1958-10-03 00:00:00,0.0599007753880614,-0.1456810318279286,0.2654825826040514,12.217,57.1
21458,1958-10-04 00:00:00,0.0476895740118095,-0.1578515081816134,0.2532306562052325,12.217,57.1
21459,1958-10-05 00:00:00,0.2033325041298596,-0.0024730065952887,0.4091380148550079,12.217,57.1
21460,1958-10-06 00:00:00,0.0933567914003497,-0.1125770379413025,0.2992906207420021,12.217,57.1
21461,1958-10-07 00:00:00,0.1433069303015446,-0.062767333259672,0.3493811938627614,12.217,57.1
21462,1958-10-08 00:00:00,0.1144794956016525,-0.0914105624638034,0.3203695536671085,12.217,57.1
21463,1958-10-09 00:00:00,0.1602610960078499,-0.0467136876845521,0.367235879700252,12.217,57.1
21464,1958-10-10 00:00:00,0.0974676316481251,-0.1105418774070291,0.3054771407032794,12.217,57.1
21465,1958-10-11 00:00:00,0.1295136361644054,-0.0764343803111466,0.3354616526399576,12.217,57.1
21466,1958-10-12 00:00:00,0.123702013184574,-0.0827374226397903,0.3301414490089383,12.217,57.1
21467,1958-10-13 00:00:00,0.0779937121631736,-0.1278373168044472,0.2838247411307945,12.217,57.1
21468,1958-10-14 00:00:00,0.2042149797519389,-0.0022001737536659,0.4106301332575439,12.217,57.1
21469,1958-10-15 00:00:00,0.1199344433987521,-0.0865557440505087,0.3264246308480131,12.217,57.1
21470,1958-10-16 00:00:00,0.2747373910603727,0.0684259561593586,0.4810488259613868,12.217,57.1
21471,1958-10-17 00:00:00,0.2221310858905923,0.0141369254889383,0.4301252462922462,12.217,57.1
21472,1958-10-18 00:00:00,-0.0396272845087698,-0.2472550314849569,0.1680004624674172,12.217,57.1
21473,1958-10-19 00:00:00,-0.0752736275768673,-0.2819611782499076,0.131413923096173,12.217,57.1
21474,1958-10-20 00:00:00,0.0335360590899879,-0.1721396382201912,0.2392117564001671,12.217,57.1
21475,1958-10-21 00:00:00,-0.0242544417766511,-0.2299213878343246,0.1814125042810224,12.217,57.1
21476,1958-10-22 00:00:00,-0.0560152609773605,-0.2619416653609326,0.1499111434062114,12.217,57.1
21477,1958-10-23 00:00:00,-0.0348959937705158,-0.2408794794469,0.1710874919058683,12.217,57.1
21478,1958-10-24 00:00:00,0.0479522250074429,-0.1584861525669211,0.2543906025818069,12.217,57.1
21479,1958-10-25 00:00:00,0.2628213321097096,0.0567441892139984,0.4688984750054208,12.217,57.1
21480,1958-10-26 00:00:00,0.145803213776853,-0.0620188487439458,0.353625276297652,12.217,57.1
21481,1958-10-27 00:00:00,0.0105625892820248,-0.1953281743810545,0.2164533529451042,12.217,57.1
21482,1958-10-28 00:00:00,0.095560507561158,-0.110170775909049,0.3012917910313651,12.217,57.1
21483,1958-10-29 00:00:00,0.073651514254308,-0.1318435347831577,0.2791465632917739,12.217,57.1
21484,1958-10-30 00:00:00,0.0779539529402806,-0.1274827691212612,0.2833906750018226,12.217,57.1
21485,1958-10-31 00:00:00,0.1215385659897505,-0.08400301363435,0.327080145613851,12.217,57.1
21486,1958-11-01 00:00:00,0.127400961543099,-0.0781393401994215,0.3329412632856195,12.217,57.1
21487,1958-11-02 00:00:00,-0.0124238133841016,-0.2183954116423888,0.1935477848741855,12.217,57.1
21488,1958-11-03 00:00:00,0.1965312279294489,-0.0094722708970747,0.4025347267559727,12.217,57.1
21489,1958-11-04 00:00:00,0.0902623245085633,-0.1157767482955198,0.2963013973126465,12.217,57.1
21490,1958-11-05 00:00:00,0.0112981909793998,-0.1944772598694355,0.2170736418282352,12.217,57.1
21491,1958-11-06 00:00:00,0.0284051985337072,-0.1776837720903885,0.234494169157803,12.217,57.1
21492,1958-11-07 00:00:00,0.0624546483490047,-0.1435124964409516,0.2684217931389611,12.217,57.1
21493,1958-11-08 00:00:00,0.160435411028261,-0.0454550402998948,0.3663258623564169,12.217,57.1
21494,1958-11-09 00:00:00,0.1128151234989818,-0.0933227445761887,0.3189529915741524,12.217,57.1
21495,1958-11-10 00:00:00,0.2121162758754578,0.0062072950295985,0.4180252567213171,12.217,57.1
21496,1958-11-11 00:00:00,0.0591239302755009,-0.1469228411502265,0.2651707017012284,12.217,57.1
21497,1958-11-12 00:00:00,0.1346186606193178,-0.071191347385555,0.3404286686241907,12.217,57.1
21498,1958-11-13 00:00:00,0.0327111938727742,-0.1733113825949527,0.2387337703405011,12.217,57.1
21499,1958-11-14 00:00:00,0.0460141592167942,-0.1601038408507349,0.2521321592843233,12.217,57.1
21500,1958-11-15 00:00:00,-0.011834153462872,-0.2174571582544739,0.1937888513287298,12.217,57.1
21501,1958-11-16 00:00:00,9.18281841451353e-05,-0.2054273057953614,0.2056109621636517,12.217,57.1
21502,1958-11-17 00:00:00,-0.0554898399198731,-0.2610503425377461,0.1500706626979999,12.217,57.1
21503,1958-11-18 00:00:00,-0.058151510747028,-0.2637554420498731,0.1474524205558171,12.217,57.1
21504,1958-11-19 00:00:00,-0.1276618582293723,-0.333404176603419,0.0780804601446743,12.217,57.1
21505,1958-11-20 00:00:00,-0.0641007933423413,-0.2697681847278874,0.1415665980432047,12.217,57.1
21506,1958-11-21 00:00:00,-0.1360488890936778,-0.3417637168408923,0.0696659386535367,12.217,57.1
21507,1958-11-22 00:00:00,-0.0222224867139229,-0.2278462652920894,0.1834012918642435,12.217,57.1
21508,1958-11-23 00:00:00,-0.0577570822443134,-0.2633610245181199,0.1478468600294931,12.217,57.1
21509,1958-11-24 00:00:00,-0.0330663068473545,-0.2385784129915249,0.1724457992968157,12.217,57.1
21510,1958-11-25 00:00:00,0.0597601146319112,-0.145758379526024,0.2652786087898464,12.217,57.1
21511,1958-11-26 00:00:00,0.105661947120377,-0.100299331580967,0.3116232258217212,12.217,57.1
21512,1958-11-27 00:00:00,0.0107393166862399,-0.195084881175569,0.2165635145480488,12.217,57.1
21513,1958-11-28 00:00:00,-0.0250721606716909,-0.2308453804635682,0.1807010591201863,12.217,57.1
21514,1958-11-29 00:00:00,-0.0467375655209142,-0.25227978579809,0.1588046547562615,12.217,57.1
21515,1958-11-30 00:00:00,0.1890906909191,-0.0167123469955944,0.3948937288337946,12.217,57.1
21516,1958-12-01 00:00:00,-0.0147282455805317,-0.2215594927937496,0.192103001632686,12.217,57.1
21517,1958-12-02 00:00:00,-0.0760159974338434,-0.2824024888984077,0.1303704940307208,12.217,57.1
21518,1958-12-03 00:00:00,0.0241985413559814,-0.1814447190313249,0.2298418017432877,12.217,57.1
21519,1958-12-04 00:00:00,0.1445096407761162,-0.0611375513684078,0.3501568329206403,12.217,57.1
21520,1958-12-05 00:00:00,0.4832353700442275,0.2768719458172505,0.6895987942712045,12.217,57.1
21521,1958-12-06 00:00:00,0.1575433828132983,-0.0488451005521735,0.3639318661787703,12.217,57.1
21522,1958-12-07 00:00:00,0.0044049676886248,-0.2011725243290084,0.2099824597062582,12.217,57.1
21523,1958-12-08 00:00:00,0.0990771778859606,-0.1065521600689628,0.304706515840884,12.217,57.1
21524,1958-12-09 00:00:00,0.2236106768077663,0.0176331153252873,0.4295882382902453,12.217,57.1
21525,1958-12-10 00:00:00,0.2030989183671446,-0.0043551153293443,0.4105529520636336,12.217,57.1
21526,1958-12-11 00:00:00,0.1755904008566312,-0.0308820895012601,0.3820628912145226,12.217,57.1
21527,1958-12-12 00:00:00,0.1006087771739941,-0.10553818033139,0.3067557346793783,12.217,57.1
21528,1958-12-13 00:00:00,0.133648386140189,-0.0722833938046425,0.3395801660850206,12.217,57.1
21529,1958-12-14 00:00:00,0.224566699705711,0.0172674974334182,0.4318659019780038,12.217,57.1
21530,1958-12-15 00:00:00,0.1167782221480668,-0.0893921787784012,0.3229486230745348,12.217,57.1
21531,1958-12-16 00:00:00,0.1472950503106457,-0.0586673294930412,0.3532574301143327,12.217,57.1
21532,1958-12-17 00:00:00,0.2902067511753073,0.0836988038293811,0.4967146985212336,12.217,57.1
21533,1958-12-18 00:00:00,0.1024140934612835,-0.1040332418345016,0.3088614287570687,12.217,57.1
21534,1958-12-19 00:00:00,0.0713511848855531,-0.1344007953234497,0.277103165094556,12.217,57.1
21535,1958-12-20 00:00:00,0.1824723557556316,-0.0236025828130172,0.3885472943242805,12.217,57.1
21536,1958-12-21 00:00:00,0.197367800057834,-0.0085198104544273,0.4032554105700954,12.217,57.1
21537,1958-12-22 00:00:00,0.068539725968835,-0.1375135404903781,0.2745929924280481,12.217,57.1
21538,1958-12-23 00:00:00,0.0255537235427041,-0.1807002415943069,0.2318076886797151,12.217,57.1
21539,1958-12-24 00:00:00,-0.0457428882270641,-0.2513236703169743,0.1598378938628459,12.217,57.1
21540,1958-12-25 00:00:00,-0.0782114613819354,-0.2839091053521863,0.1274861825883154,12.217,57.1
21541,1958-12-26 00:00:00,-0.0691078295254065,-0.2748929731907411,0.1366773141399279,12.217,57.1
21542,1958-12-27 00:00:00,-0.0473694451547088,-0.2533778382168274,0.1586389479074097,12.217,57.1
21543,1958-12-28 00:00:00,0.0432851482232743,-0.1624948447963525,0.2490651412429013,12.217,57.1
21544,1958-12-29 00:00:00,0.1220687470953396,-0.083849161134588,0.3279866553252672,12.217,57.1
21545,1958-12-30 00:00:00,0.3200568548889335,0.1134157387185538,0.5266979710593132,12.217,57.1
21546,1958-12-31 00:00:00,0.3463819756437821,0.1404891687027863,0.5522747825847778,12.217,57.1
21547,1959-01-01 00:00:00,0.3098084113082015,0.1030789898975041,0.5165378327188989,12.217,57.1
21548,1959-01-02 00:00:00,0.3247327966030264,0.1173155902596015,0.5321500029464512,12.217,57.1
21549,1959-01-03 00:00:00,0.4153200167595631,0.2066223787201801,0.6240176547989461,12.217,57.1
21550,1959-01-04 00:00:00,0.3364003280677752,0.1291886230979185,0.543612033037632,12.217,57.1
21551,1959-01-05 00:00:00,0.1754641063913149,-0.0304463350019465,0.3813745477845763,12.217,57.1
21552,1959-01-06 00:00:00,0.2140028455838855,0.0081282411300365,0.4198774500377344,12.217,57.1
21553,1959-01-07 00:00:00,0.1763864690308362,-0.0294665063325383,0.3822394443942107,12.217,57.1
21554,1959-01-08 00:00:00,0.0667077007025945,-0.1392362669788204,0.2726516683840094,12.217,57.1
21555,1959-01-09 00:00:00,0.0427945360240077,-0.1633700521369606,0.2489591241849761,12.217,57.1
21556,1959-01-10 00:00:00,-0.006983865800538,-0.2130544311073424,0.1990866995062663,12.217,57.1
21557,1959-01-11 00:00:00,0.1334526225788334,-0.0730307759298286,0.3399360210874954,12.217,57.1
21558,1959-01-12 00:00:00,0.2929470762585706,0.085621088155752,0.5002730643613893,12.217,57.1
21559,1959-01-13 00:00:00,0.0922938284334187,-0.1145769196141248,0.2991645764809624,12.217,57.1
21560,1959-01-14 00:00:00,0.1308977032094127,-0.0752916883644402,0.3370870947832657,12.217,57.1
21561,1959-01-15 00:00:00,0.0772056899991699,-0.1285911593311391,0.2830025393294789,12.217,57.1
21562,1959-01-16 00:00:00,0.0106504957825502,-0.1949958274098737,0.2162968189749743,12.217,57.1
21563,1959-01-17 00:00:00,-0.0025135851955326,-0.2081674296582567,0.2031402592671914,12.217,57.1
21564,1959-01-18 00:00:00,0.109220674407064,-0.0965629611799813,0.3150043099941093,12.217,57.1
21565,1959-01-19 00:00:00,0.0696786341045092,-0.1367112901606879,0.2760685583697063,12.217,57.1
21566,1959-01-20 00:00:00,0.2227525402570312,0.0163546331278416,0.4291504473862207,12.217,57.1
21567,1959-01-21 00:00:00,0.2558763394696882,0.0490584136928353,0.4626942652465411,12.217,57.1
21568,1959-01-22 00:00:00,0.3901755359190482,0.1827066318413686,0.5976444399967278,12.217,57.1
21569,1959-01-23 00:00:00,0.3513880930422317,0.1431927617861592,0.5595834242983042,12.217,57.1
21570,1959-01-24 00:00:00,0.3792725778210484,0.1702112703028508,0.5883338853392459,12.217,57.1
21571,1959-01-25 00:00:00,0.1117088428583052,-0.095756549456953,0.3191742351735634,12.217,57.1
21572,1959-01-26 00:00:00,-0.0494676154809052,-0.2567220695858652,0.1577868386240545,12.217,57.1
21573,1959-01-27 00:00:00,-0.052419253364838,-0.2583881876877419,0.1535496809580657,12.217,57.1
21574,1959-01-28 00:00:00,-0.0429710404734349,-0.2485772803087583,0.1626351993618885,12.217,57.1
21575,1959-01-29 00:00:00,-0.0137059866856219,-0.2192280443938682,0.1918160710226242,12.217,57.1
21576,1959-01-30 00:00:00,0.0382123861748457,-0.1673036731621144,0.2437284455118058,12.217,57.1
21577,1959-01-31 00:00:00,-0.0173574795298191,-0.2228695494097353,0.188154590350097,12.217,57.1
21578,1959-02-01 00:00:00,-0.0619638890282297,-0.2692401137346436,0.145312335678184,12.217,57.1
21579,1959-02-02 00:00:00,-0.204834876337328,-0.4116987639879402,0.0020290113132842,12.217,57.1
21580,1959-02-03 00:00:00,-0.1569798311104582,-0.3626564976557729,0.0486968354348564,12.217,57.1
21581,1959-02-04 00:00:00,-0.1519918351884088,-0.3575266245950202,0.0535429542182025,12.217,57.1
21582,1959-02-05 00:00:00,-0.1410603217925223,-0.3466442502187078,0.064523606633663,12.217,57.1
21583,1959-02-06 00:00:00,-0.1234834134782974,-0.3291006539865043,0.0821338270299093,12.217,57.1
21584,1959-02-07 00:00:00,-0.0280880076393527,-0.2336943725008981,0.1775183572221925,12.217,57.1
21585,1959-02-08 00:00:00,-0.0452564365929391,-0.2507658925863777,0.1602530194004995,12.217,57.1
21586,1959-02-09 00:00:00,-0.054848626326013,-0.2603621002480769,0.1506648475960507,12.217,57.1
21587,1959-02-10 00:00:00,-0.1145321942548306,-0.320096499508231,0.0910321109985697,12.217,57.1
21588,1959-02-11 00:00:00,-0.1320136243354262,-0.3375534811830624,0.0735262325122099,12.217,57.1
21589,1959-02-12 00:00:00,-0.1132096183910006,-0.3187768834329322,0.0923576466509309,12.217,57.1
21590,1959-02-13 00:00:00,-0.0910174171865165,-0.2966692483292912,0.114634413956258,12.217,57.1
21591,1959-02-14 00:00:00,-0.1138380415983927,-0.3195064040233054,0.0918303208265199,12.217,57.1
21592,1959-02-15 00:00:00,0.0172362121112393,-0.1884601001659955,0.2229325243884742,12.217,57.1
21593,1959-02-16 00:00:00,-0.1143298393772949,-0.3203972263931612,0.0917375476385713,12.217,57.1
21594,1959-02-17 00:00:00,0.0001157799142624,-0.2059129133986113,0.2061444732271362,12.217,57.1
21595,1959-02-18 00:00:00,-0.0242792134622936,-0.2300912593176649,0.1815328323930776,12.217,57.1
21596,1959-02-19 00:00:00,0.0979739600481268,-0.1076214184918363,0.30356933858809,12.217,57.1
21597,1959-02-20 00:00:00,0.2855906456751453,0.0793084408271123,0.4918728505231782,12.217,57.1
21598,1959-02-21 00:00:00,0.6356158664524149,0.4268038526181406,0.8444278802866891,12.217,57.1
21599,1959-02-22 00:00:00,0.1622572653107724,-0.0451260262453723,0.3696405568669173,12.217,57.1
21600,1959-02-23 00:00:00,0.00489694060655,-0.2009753846356682,0.2107692658487683,12.217,57.1
21601,1959-02-24 00:00:00,0.2409248727781128,0.0350899527935245,0.4467597927627011,12.217,57.1
21602,1959-02-25 00:00:00,0.1390940795088102,-0.0670126189631265,0.345200777980747,12.217,57.1
21603,1959-02-26 00:00:00,0.2703425735699066,0.064646813057204,0.4760383340826092,12.217,57.1
21604,1959-02-27 00:00:00,0.2555665047200038,0.0491604829775634,0.4619725264624441,12.217,57.1
21605,1959-02-28 00:00:00,0.1478370506797718,-0.0585100309332072,0.3541841322927509,12.217,57.1
21606,1959-03-01 00:00:00,0.1166459621960141,-0.0889969956646326,0.3222889200566609,12.217,57.1
21607,1959-03-02 00:00:00,-0.0202101092056726,-0.2260065210477612,0.185586302636416,12.217,57.1
21608,1959-03-03 00:00:00,0.0826131799128256,-0.1231162049078243,0.2883425647334757,12.217,57.1
21609,1959-03-04 00:00:00,0.1489625231900799,-0.0566177193259564,0.3545427657061164,12.217,57.1
21610,1959-03-05 00:00:00,0.1869553362814234,-0.018696730317711,0.3926074028805579,12.217,57.1
21611,1959-03-06 00:00:00,0.1851116159390792,-0.0204895422862992,0.3907127741644577,12.217,57.1
21612,1959-03-07 00:00:00,0.2400526368552527,0.0336345048652992,0.4464707688452061,12.217,57.1
21613,1959-03-08 00:00:00,0.1435599564604321,-0.0630188219519479,0.3501387348728121,12.217,57.1
21614,1959-03-09 00:00:00,-0.0014578780124185,-0.2073341147282077,0.2044183587033705,12.217,57.1
21615,1959-03-10 00:00:00,-0.0729713551123329,-0.2785338083481161,0.1325910981234501,12.217,57.1
21616,1959-03-11 00:00:00,-0.0312304485379082,-0.2369443429361387,0.1744834458603222,12.217,57.1
21617,1959-03-12 00:00:00,0.0263217768716885,-0.1795916624221004,0.2322352161654774,12.217,57.1
21618,1959-03-13 00:00:00,-0.019767870364377,-0.2255479362488759,0.1860121955201219,12.217,57.1
21619,1959-03-14 00:00:00,-0.0897988235902042,-0.2952694727303637,0.1156718255499552,12.217,57.1
21620,1959-03-15 00:00:00,-0.0401117870342104,-0.2455359672396415,0.1653123931712207,12.217,57.1
21621,1959-03-16 00:00:00,0.0670558666895197,-0.1385359561383111,0.2726476895173506,12.217,57.1
21622,1959-03-17 00:00:00,-0.0615402238362159,-0.2671607580588763,0.1440803103864445,12.217,57.1
21623,1959-03-18 00:00:00,-0.070251051943323,-0.2757607373104564,0.1352586334238103,12.217,57.1
21624,1959-03-19 00:00:00,-0.0580004086625898,-0.2636006832773155,0.1475998659521357,12.217,57.1
21625,1959-03-20 00:00:00,-0.1076781544986695,-0.3132691040472812,0.0979127950499421,12.217,57.1
21626,1959-03-21 00:00:00,-0.1203703780279141,-0.3258502130748208,0.0851094570189925,12.217,57.1
21627,1959-03-22 00:00:00,-0.0699200993749008,-0.2754484619111006,0.135608263161299,12.217,57.1
21628,1959-03-23 00:00:00,0.0267974956063586,-0.1788607674115956,0.2324557586243129,12.217,57.1
21629,1959-03-24 00:00:00,-0.0486430343677847,-0.2542150157357259,0.1569289470001565,12.217,57.1
21630,1959-03-25 00:00:00,0.0167257640146333,-0.188768769152485,0.2222202971817517,12.217,57.1
21631,1959-03-26 00:00:00,0.0740481380667074,-0.131478647924465,0.2795749240578798,12.217,57.1
21632,1959-03-27 00:00:00,0.1554073623798063,-0.0503439476529493,0.3611586724125619,12.217,57.1
21633,1959-03-28 00:00:00,0.1364460959054932,-0.0692993930637278,0.3421915848747143,12.217,57.1
21634,1959-03-29 00:00:00,0.1148172719422096,-0.0910145408940701,0.3206490847784894,12.217,57.1
21635,1959-03-30 00:00:00,0.0320650925247523,-0.1736630761751326,0.2377932612246373,12.217,57.1
21636,1959-03-31 00:00:00,0.001772100889064,-0.2038149699294282,0.2073591717075563,12.217,57.1
21637,1959-04-01 00:00:00,0.0100531547862863,-0.1956491481463604,0.215755457718933,12.217,57.1
21638,1959-04-02 00:00:00,0.0865723141912643,-0.1204128861544286,0.2935575145369572,12.217,57.1
21639,1959-04-03 00:00:00,-0.0046336654414193,-0.2108596407456605,0.2015923098628217,12.217,57.1
21640,1959-04-04 00:00:00,0.0698724218185707,-0.1356776768912826,0.2754225205284242,12.217,57.1
21641,1959-04-05 00:00:00,0.0832746978076813,-0.1228108112257088,0.2893602068410716,12.217,57.1
21642,1959-04-06 00:00:00,0.1955404862928249,-0.0104527265751577,0.4015336991608075,12.217,57.1
21643,1959-04-07 00:00:00,0.4408885925870456,0.2340735024329136,0.6477036827411776,12.217,57.1
21644,1959-04-08 00:00:00,0.1908183221362568,-0.015982866521133,0.3976195107936469,12.217,57.1
21645,1959-04-09 00:00:00,0.2966035114033143,0.0903417027922052,0.5028653200144235,12.217,57.1
21646,1959-04-10 00:00:00,0.2020582355798867,-0.0037762707636433,0.4078927419234168,12.217,57.1
21647,1959-04-11 00:00:00,0.115636250992932,-0.0974511143985091,0.3287236163843732,12.217,57.1
21648,1959-04-12 00:00:00,0.1562254334204728,-0.0580295627382841,0.3704804295792298,12.217,57.1
21649,1959-04-13 00:00:00,0.1535357020471975,-0.0526078697699291,0.3596792738643243,12.217,57.1
21650,1959-04-14 00:00:00,0.1453447360155585,-0.0602527104320746,0.3509421824631918,12.217,57.1
21651,1959-04-15 00:00:00,0.129505306192404,-0.0761157392139535,0.3351263515987615,12.217,57.1
21652,1959-04-16 00:00:00,0.1291720558105031,-0.0764890375579409,0.3348331491789472,12.217,57.1
21653,1959-04-17 00:00:00,0.0387621164524285,-0.167000515805186,0.2445247487100431,12.217,57.1
21654,1959-04-18 00:00:00,0.0198176560920734,-0.1858421928434111,0.2254775050275579,12.217,57.1
21655,1959-04-19 00:00:00,0.0197158298798099,-0.1864793705063355,0.2259110302659553,12.217,57.1
21656,1959-04-20 00:00:00,0.029958759671217,-0.1777575024451508,0.2376750217875849,12.217,57.1
21657,1959-04-21 00:00:00,-0.0290296829084465,-0.2351831555754993,0.1771237897586063,12.217,57.1
21658,1959-04-22 00:00:00,0.0294551591112826,-0.1760170322083038,0.2349273504308691,12.217,57.1
21659,1959-04-23 00:00:00,0.0250630165688655,-0.1804248319615899,0.230550865099321,12.217,57.1
21660,1959-04-24 00:00:00,0.0024858188165268,-0.2031975490513315,0.2081691866843852,12.217,57.1
21661,1959-04-25 00:00:00,0.0319810493588679,-0.173635964188701,0.2375980629064368,12.217,57.1
21662,1959-04-26 00:00:00,0.1085368180611553,-0.09727064942313,0.3143442855454406,12.217,57.1
21663,1959-04-27 00:00:00,0.1332418044249198,-0.0729585048163668,0.3394421136662066,12.217,57.1
21664,1959-04-28 00:00:00,0.1587516440284727,-0.0469568114807655,0.3644600995377109,12.217,57.1
21665,1959-04-29 00:00:00,0.1895931549139978,-0.0165471550632394,0.395733464891235,12.217,57.1
21666,1959-04-30 00:00:00,-0.0314666024710644,-0.2377508341495107,0.1748176292073817,12.217,57.1
21667,1959-05-01 00:00:00,-0.0231377143335331,-0.2288663951574692,0.1825909664904028,12.217,57.1
21668,1959-05-02 00:00:00,-0.0091792308877299,-0.2147938485365082,0.1964353867610483,12.217,57.1
21669,1959-05-03 00:00:00,0.0666002280004333,-0.1389520556412335,0.2721525116421003,12.217,57.1
21670,1959-05-04 00:00:00,0.1728110572023711,-0.032899117532949,0.3785212319376912,12.217,57.1
21671,1959-05-05 00:00:00,0.1069363661581536,-0.0986905034552691,0.3125632357715764,12.217,57.1
21672,1959-05-06 00:00:00,0.1061882411357755,-0.0994727441303323,0.3118492264018834,12.217,57.1
21673,1959-05-07 00:00:00,0.0581679124310818,-0.1478037494263154,0.264139574288479,12.217,57.1
21674,1959-05-08 00:00:00,-0.0114925178268772,-0.2172917506738226,0.1943067150200681,12.217,57.1
21675,1959-05-09 00:00:00,0.0141483750030189,-0.1915431169314589,0.2198398669374969,12.217,57.1
21676,1959-05-10 00:00:00,-0.0163717985227491,-0.2220135273474521,0.1892699303019539,12.217,57.1
21677,1959-05-11 00:00:00,-0.0847023969420376,-0.2904508726802491,0.1210460787961737,12.217,57.1
21678,1959-05-12 00:00:00,-0.1056867000963701,-0.3114982851459711,0.1001248849532309,12.217,57.1
21679,1959-05-13 00:00:00,-0.1086298621294413,-0.3142879091434394,0.0970281848845566,12.217,57.1
21680,1959-05-14 00:00:00,-0.0710291205282556,-0.2765743559557705,0.1345161148992593,12.217,57.1
21681,1959-05-15 00:00:00,-0.0875076780231583,-0.2930508277526967,0.1180354717063801,12.217,57.1
21682,1959-05-16 00:00:00,-0.0349583649309201,-0.2404516456022872,0.170534915740447,12.217,57.1
21683,1959-05-17 00:00:00,-0.0248333071938813,-0.230223492730075,0.1805568783423123,12.217,57.1
21684,1959-05-18 00:00:00,0.0126482428012381,-0.1928297976974098,0.218126283299886,12.217,57.1
21685,1959-05-19 00:00:00,-0.0298855630694956,-0.2354345226095205,0.1756633964705291,12.217,57.1
21686,1959-05-20 00:00:00,-0.0398479935365325,-0.2455210288822396,0.1658250418091744,12.217,57.1
21687,1959-05-21 00:00:00,-0.0168733365496424,-0.2225889260023495,0.1888422529030646,12.217,57.1
21688,1959-05-22 00:00:00,-0.0362911008322987,-0.242135624266028,0.1695534226014304,12.217,57.1
21689,1959-05-23 00:00:00,-0.008831781034181,-0.2146190075157778,0.1969554454474158,12.217,57.1
21690,1959-05-24 00:00:00,-0.0236165835533109,-0.229226452815547,0.1819932857089251,12.217,57.1
21691,1959-05-25 00:00:00,0.0086235212179214,-0.1971228251619722,0.2143698675978151,12.217,57.1
21692,1959-05-26 00:00:00,0.0737882455651492,-0.1325524262095868,0.2801289173398854,12.217,57.1
21693,1959-05-27 00:00:00,0.2413039963110818,0.0332255640231142,0.4493824285990493,12.217,57.1
21694,1959-05-28 00:00:00,0.0717990103153394,-0.1345005168757506,0.2780985375064294,12.217,57.1
21695,1959-05-29 00:00:00,0.0378901951318175,-0.1676071411187289,0.243387531382364,12.217,57.1
21696,1959-05-30 00:00:00,0.0836423145713217,-0.1218738958595036,0.289158525002147,12.217,57.1
21697,1959-05-31 00:00:00,0.2282488028424079,0.0222766479838484,0.4342209577009673,12.217,57.1
21698,1959-06-01 00:00:00,0.1889085684979509,-0.0171373818626733,0.3949545188585751,12.217,57.1
21699,1959-06-02 00:00:00,0.1280419630623053,-0.0777580015566806,0.3338419276812913,12.217,57.1
21700,1959-06-03 00:00:00,0.1585018561837569,-0.0473824447560835,0.3643861571235973,12.217,57.1
21701,1959-06-04 00:00:00,0.0411468996531431,-0.1649689961877178,0.247262795494004,12.217,57.1
21702,1959-06-05 00:00:00,0.0265658197359561,-0.1789865189541798,0.232118158426092,12.217,57.1
21703,1959-06-06 00:00:00,0.0537116176402496,-0.1517896441679552,0.2592128794484545,12.217,57.1
21704,1959-06-07 00:00:00,0.0926357057105238,-0.1133378513205431,0.2986092627415909,12.217,57.1
21705,1959-06-08 00:00:00,0.0455992182929926,-0.1606010669737239,0.2517995035597092,12.217,57.1
21706,1959-06-09 00:00:00,0.1602960710524854,-0.0464735255323214,0.3670656676372922,12.217,57.1
21707,1959-06-10 00:00:00,0.1575732870755002,-0.0486261941173287,0.3637727682683292,12.217,57.1
21708,1959-06-11 00:00:00,0.0566349064796876,-0.1490246419990074,0.2622944549583826,12.217,57.1
21709,1959-06-12 00:00:00,-0.0671292854077528,-0.2726848776562136,0.1384263068407077,12.217,57.1
21710,1959-06-13 00:00:00,-0.065835473913831,-0.2715550281010103,0.1398840802733482,12.217,57.1
21711,1959-06-14 00:00:00,-0.0515653895872161,-0.2576085623703054,0.154477783195873,12.217,57.1
21712,1959-06-15 00:00:00,0.1857056418221223,-0.0210251578326437,0.3924364414768885,12.217,57.1
21713,1959-06-16 00:00:00,0.255232744576703,0.0466694088923288,0.4637960802610772,12.217,57.1
21714,1959-06-17 00:00:00,0.2450152268861692,0.0384306084660355,0.451599845306303,12.217,57.1
21715,1959-06-18 00:00:00,0.3808130254542939,0.1743180071224586,0.5873080437861291,12.217,57.1
21716,1959-06-19 00:00:00,0.1635227183732742,-0.0441123961429736,0.371157832889522,12.217,57.1
21717,1959-06-20 00:00:00,0.0535920177968333,-0.1528713361183971,0.2600553717120638,12.217,57.1
21718,1959-06-21 00:00:00,-0.0419336961361837,-0.2477221883452438,0.1638547960728764,12.217,57.1
21719,1959-06-22 00:00:00,-0.0373310702500017,-0.2429711053515045,0.168308964851501,12.217,57.1
21720,1959-06-23 00:00:00,-0.0824266116376653,-0.2884331954188515,0.1235799721435207,12.217,57.1
21721,1959-06-24 00:00:00,-0.0615531603908613,-0.2675019494052205,0.1443956286234977,12.217,57.1
21722,1959-06-25 00:00:00,-0.0272497925824618,-0.2328529859835939,0.1783534008186703,12.217,57.1
21723,1959-06-26 00:00:00,-0.0104049815019103,-0.2159776335933237,0.1951676705895031,12.217,57.1
21724,1959-06-27 00:00:00,0.028226393938014,-0.1772675044861584,0.2337202923621865,12.217,57.1
21725,1959-06-28 00:00:00,0.1020131520924726,-0.1035515032907848,0.3075778074757301,12.217,57.1
21726,1959-06-29 00:00:00,0.1645290728411529,-0.0411168395355365,0.3701749852178423,12.217,57.1
21727,1959-06-30 00:00:00,0.1099152290640946,-0.0961591495050702,0.3159896076332594,12.217,57.1
21728,1959-07-01 00:00:00,-0.013210589410673,-0.2190050075566721,0.192583828735326,12.217,57.1
21729,1959-07-02 00:00:00,0.1802878796782777,-0.0255673042936658,0.3861430636502214,12.217,57.1
21730,1959-07-03 00:00:00,0.3414720608779032,0.135045134998227,0.5478989867575794,12.217,57.1
21731,1959-07-04 00:00:00,0.1271379163544811,-0.0788252561765067,0.3331010888854691,12.217,57.1
21732,1959-07-05 00:00:00,0.0669491258961349,-0.1385831455680342,0.2724813973603041,12.217,57.1
21733,1959-07-06 00:00:00,0.060480465113147,-0.1451165230829211,0.2660774533092153,12.217,57.1
21734,1959-07-07 00:00:00,0.0222439720676445,-0.1836347592594506,0.2281227033947397,12.217,57.1
21735,1959-07-08 00:00:00,0.0747156312090578,-0.1309902714083228,0.2804215338264385,12.217,57.1
21736,1959-07-09 00:00:00,0.0707684154296418,-0.1350409783721647,0.2765778092314483,12.217,57.1
21737,1959-07-10 00:00:00,0.0467212658524025,-0.1589851317927774,0.2524276634975825,12.217,57.1
21738,1959-07-11 00:00:00,0.0162476589111285,-0.1894268173179709,0.221922135140228,12.217,57.1
21739,1959-07-12 00:00:00,0.1432414956815192,-0.0630934053987153,0.3495763967617538,12.217,57.1
21740,1959-07-13 00:00:00,0.0879253000091792,-0.1187368003760551,0.2945874003944135,12.217,57.1
21741,1959-07-14 00:00:00,0.2482153707429772,0.0418297037357629,0.4546010377501916,12.217,57.1
21742,1959-07-15 00:00:00,0.1963653717487072,-0.0097650466719277,0.4024957901693422,12.217,57.1
21743,1959-07-16 00:00:00,0.0284800674981588,-0.1771723751759896,0.2341325101723073,12.217,57.1
21744,1959-07-17 00:00:00,0.021038899604333,-0.184484573154692,0.2265623723633581,12.217,57.1
21745,1959-07-18 00:00:00,-0.0177317956207864,-0.2232878546457745,0.1878242634042016,12.217,57.1
21746,1959-07-19 00:00:00,0.0004035155436844,-0.2051528947471195,0.2059599258344884,12.217,57.1
21747,1959-07-20 00:00:00,-0.0149482179341421,-0.2205969553208288,0.1907005194525445,12.217,57.1
21748,1959-07-21 00:00:00,-0.0217256061589354,-0.2273545276757765,0.1839033153579055,12.217,57.1
21749,1959-07-22 00:00:00,-0.0121345964696605,-0.2177506857364794,0.1934814927971584,12.217,57.1
21750,1959-07-23 00:00:00,0.0127772752015916,-0.1928491694448517,0.2184037198480351,12.217,57.1
21751,1959-07-24 00:00:00,-0.0111846705403988,-0.2167404957748204,0.1943711546940227,12.217,57.1
21752,1959-07-25 00:00:00,-0.0047165874573554,-0.210331806511877,0.2008986315971661,12.217,57.1
21753,1959-07-26 00:00:00,0.0061420042749862,-0.1993855707981199,0.2116695793480925,12.217,57.1
21754,1959-07-27 00:00:00,0.0066631533857417,-0.1988271534408792,0.2121534602123628,12.217,57.1
21755,1959-07-28 00:00:00,0.0479028027555854,-0.1575651161585237,0.2533707216696945,12.217,57.1
21756,1959-07-29 00:00:00,0.1113643333730803,-0.0942221374630525,0.3169508042092133,12.217,57.1
21757,1959-07-30 00:00:00,0.0670198942818057,-0.1385704751960741,0.2726102637596858,12.217,57.1
21758,1959-07-31 00:00:00,0.0410379936635374,-0.1646130251778277,0.2466890125049025,12.217,57.1
21759,1959-08-01 00:00:00,-0.0003113738433991,-0.2058786243228959,0.2052558766360975,12.217,57.1
21760,1959-08-02 00:00:00,-0.004809096182714,-0.2103869559137126,0.2007687635482846,12.217,57.1
21761,1959-08-03 00:00:00,0.0133566085147611,-0.1922552290635319,0.2189684460930541,12.217,57.1
21762,1959-08-04 00:00:00,0.1198361078361666,-0.0857898457222776,0.325462061394611,12.217,57.1
21763,1959-08-05 00:00:00,0.1439569425826762,-0.0616138913781096,0.3495277765434622,12.217,57.1
21764,1959-08-06 00:00:00,0.1141187678900098,-0.0914588745942657,0.3196964103742854,12.217,57.1
21765,1959-08-07 00:00:00,0.1183555567596947,-0.0873694132546022,0.3240805267739918,12.217,57.1
21766,1959-08-08 00:00:00,0.1085049119198827,-0.097233636047337,0.3142434598871025,12.217,57.1
21767,1959-08-09 00:00:00,0.038481899441142,-0.1671398769932345,0.2441036758755186,12.217,57.1
21768,1959-08-10 00:00:00,0.0098644506980589,-0.1956102297271405,0.2153391311232584,12.217,57.1
21769,1959-08-11 00:00:00,0.0098980736674277,-0.1957772651188153,0.2155734124536708,12.217,57.1
21770,1959-08-12 00:00:00,0.1033138035583906,-0.1026238174680635,0.3092514245848449,12.217,57.1
21771,1959-08-13 00:00:00,0.0453718376527189,-0.1605991373964477,0.2513428127018857,12.217,57.1
21772,1959-08-14 00:00:00,0.021109139352066,-0.1844782722453782,0.2266965509495104,12.217,57.1
21773,1959-08-15 00:00:00,0.1187624154750822,-0.0870293751733674,0.324554206123532,12.217,57.1
21774,1959-08-16 00:00:00,0.0053655853122415,-0.2005959776558793,0.2113271482803625,12.217,57.1
21775,1959-08-17 00:00:00,-0.0455086926296813,-0.251329612021782,0.1603122267624193,12.217,57.1
21776,1959-08-18 00:00:00,-0.0476205473620165,-0.2533985431581554,0.1581574484341223,12.217,57.1
21777,1959-08-19 00:00:00,-0.025086939035641,-0.2305951974491775,0.1804213193778953,12.217,57.1
21778,1959-08-20 00:00:00,0.0042519183540946,-0.2011755143805122,0.2096793510887014,12.217,57.1
21779,1959-08-21 00:00:00,0.0185125583358711,-0.1868847637123823,0.2239098803841245,12.217,57.1
21780,1959-08-22 00:00:00,0.0340179227374481,-0.1714429266879142,0.2394787721628105,12.217,57.1
21781,1959-08-23 00:00:00,0.0519312871295847,-0.1536045624355138,0.2574671366946834,12.217,57.1
21782,1959-08-24 00:00:00,0.0459586973807232,-0.1595863939955547,0.2515037887570013,12.217,57.1
21783,1959-08-25 00:00:00,0.1985499412784249,-0.0075117636526156,0.4046116462094655,12.217,57.1
21784,1959-08-26 00:00:00,0.3140274803851751,0.1064676515477889,0.5215873092225614,12.217,57.1
21785,1959-08-27 00:00:00,0.2554458289142262,0.0485995805358688,0.4622920772925835,12.217,57.1
21786,1959-08-28 00:00:00,0.1270355281832341,-0.0797510371742488,0.3338220935407171,12.217,57.1
21787,1959-08-29 00:00:00,0.1787018759304643,-0.0285487816040203,0.385952533464949,12.217,57.1
21788,1959-08-30 00:00:00,0.104006049507228,-0.1024040944320473,0.3104161934465035,12.217,57.1
21789,1959-08-31 00:00:00,-0.0223432288815422,-0.2281509526800902,0.1834644949170056,12.217,57.1
21790,1959-09-01 00:00:00,-0.049404556910284,-0.2548555397261835,0.1560464259056155,12.217,57.1
21791,1959-09-02 00:00:00,-0.0338700927194156,-0.2392809077818402,0.1715407223430088,12.217,57.1
21792,1959-09-03 00:00:00,-0.0529096380490058,-0.2583541600122586,0.1525348839142468,12.217,57.1
21793,1959-09-04 00:00:00,-0.026317351304355,-0.2317494210601711,0.1791147184514611,12.217,57.1
21794,1959-09-05 00:00:00,-0.0381631493701341,-0.243613200050618,0.1672869013103497,12.217,57.1
21795,1959-09-06 00:00:00,-0.023893690109538,-0.229332557495658,0.1815451772765821,12.217,57.1
21796,1959-09-07 00:00:00,-0.0042445345077693,-0.2096386648715128,0.201149595855974,12.217,57.1
21797,1959-09-08 00:00:00,0.0226379030830683,-0.182926450208858,0.2282022563749946,12.217,57.1
21798,1959-09-09 00:00:00,-0.0123100222678687,-0.2179142324872761,0.1932941879515387,12.217,57.1
21799,1959-09-10 00:00:00,0.0580063035445639,-0.1475638676191281,0.263576474708256,12.217,57.1
21800,1959-09-11 00:00:00,0.0398266007032695,-0.1656740243640632,0.2453272257706022,12.217,57.1
21801,1959-09-12 00:00:00,0.0605149242089746,-0.1449181152918379,0.2659479637097871,12.217,57.1
21802,1959-09-13 00:00:00,0.0741923401740558,-0.1314186284643066,0.2798033088124183,12.217,57.1
21803,1959-09-14 00:00:00,0.0358963274619833,-0.1699356074709425,0.2417282623949091,12.217,57.1
21804,1959-09-15 00:00:00,0.0136218018720867,-0.1919090899697597,0.2191526937139332,12.217,57.1
21805,1959-09-16 00:00:00,0.0718187843746816,-0.1341067990132077,0.277744367762571,12.217,57.1
21806,1959-09-17 00:00:00,0.1274451723467086,-0.0794255215486567,0.334315866242074,12.217,57.1
21807,1959-09-18 00:00:00,0.0090566975913622,-0.1967458888470733,0.2148592840297978,12.217,57.1
21808,1959-09-19 00:00:00,-0.0018165740532732,-0.2072717751677688,0.2036386270612222,12.217,57.1
21809,1959-09-20 00:00:00,0.0277119848811365,-0.1779104732067574,0.2333344429690305,12.217,57.1
21810,1959-09-21 00:00:00,0.1087646170177978,-0.0969132024811743,0.3144424365167702,12.217,57.1
21811,1959-09-22 00:00:00,0.2067879251552786,0.0009884294599198,0.4125874208506374,12.217,57.1
21812,1959-09-23 00:00:00,0.3998376601135844,0.1931862904526561,0.6064890297745127,12.217,57.1
21813,1959-09-24 00:00:00,0.1991107480126318,-0.0076355814320749,0.4058570774573385,12.217,57.1
21814,1959-09-25 00:00:00,0.0211197119042433,-0.184743657662354,0.2269830814708408,12.217,57.1
21815,1959-09-26 00:00:00,0.043640585908641,-0.1618829077736671,0.2491640795909493,12.217,57.1
21816,1959-09-27 00:00:00,0.0619671843482129,-0.1435657194268827,0.2675000881233086,12.217,57.1
21817,1959-09-28 00:00:00,-0.0044285546566371,-0.211182253432959,0.2023251441196848,12.217,57.1
21818,1959-09-29 00:00:00,-0.0878263080289903,-0.2939978561061945,0.1183452400482138,12.217,57.1
21819,1959-09-30 00:00:00,-0.0279071794501538,-0.2334076101821615,0.1775932512818537,12.217,57.1
21820,1959-10-01 00:00:00,-0.0548088268695989,-0.2603693734639605,0.1507517197247627,12.217,57.1
21821,1959-10-02 00:00:00,0.0061675233872368,-0.1993077213312417,0.2116427681057155,12.217,57.1
21822,1959-10-03 00:00:00,-0.0186638677543482,-0.2241938461079715,0.186866110599275,12.217,57.1
21823,1959-10-04 00:00:00,-0.0647589597935708,-0.2704223721848492,0.1409044525977076,12.217,57.1
21824,1959-10-05 00:00:00,-0.0649632007677026,-0.2705487644864911,0.1406223629510859,12.217,57.1
21825,1959-10-06 00:00:00,-0.0553433287980708,-0.26098413673469,0.1502974791385483,12.217,57.1
21826,1959-10-07 00:00:00,-0.0447763096656584,-0.2503982767676341,0.1608456574363173,12.217,57.1
21827,1959-10-08 00:00:00,-0.057291426775104,-0.2628485545717,0.148265701021492,12.217,57.1
21828,1959-10-09 00:00:00,-0.038323590481042,-0.2439638640847319,0.1673166831226478,12.217,57.1
21829,1959-10-10 00:00:00,-0.0307485544530338,-0.2363496352119811,0.1748525263059134,12.217,57.1
21830,1959-10-11 00:00:00,0.0084577954142864,-0.1971680272665314,0.2140836180951043,12.217,57.1
21831,1959-10-12 00:00:00,-0.0307120317999416,-0.2364408231225155,0.1750167595226322,12.217,57.1
21832,1959-10-13 00:00:00,-0.0513032362862311,-0.256938681076678,0.1543322085042157,12.217,57.1
21833,1959-10-14 00:00:00,-0.0491857938808899,-0.2546914496666689,0.1563198619048891,12.217,57.1
21834,1959-10-15 00:00:00,-0.0449390440583159,-0.2504862714347805,0.1606081833181486,12.217,57.1
21835,1959-10-16 00:00:00,0.0096994696276752,-0.1958313255117242,0.2152302647670746,12.217,57.1
21836,1959-10-17 00:00:00,0.0571631673697983,-0.1483139458642363,0.262640280603833,12.217,57.1
21837,1959-10-18 00:00:00,0.1028919875785096,-0.102606523967559,0.3083904991245783,12.217,57.1
21838,1959-10-19 00:00:00,0.2335536247654684,0.0274073812542556,0.4396998682766811,12.217,57.1
21839,1959-10-20 00:00:00,0.2013345455272167,-0.0053797073975852,0.4080487984520186,12.217,57.1
21840,1959-10-21 00:00:00,0.2131255680607605,0.00699139367962,0.4192597424419011,12.217,57.1
21841,1959-10-22 00:00:00,0.1978568495595668,-0.0087988903814633,0.404512589500597,12.217,57.1
21842,1959-10-23 00:00:00,0.13600035808475,-0.0723869268468108,0.3443876430163108,12.217,57.1
21843,1959-10-24 00:00:00,0.0325312050354579,-0.174889136449179,0.239951546520095,12.217,57.1
21844,1959-10-25 00:00:00,0.2282960921867549,0.0218511904925419,0.434740993880968,12.217,57.1
21845,1959-10-26 00:00:00,0.2834343398543856,0.0773591462744629,0.4895095334343083,12.217,57.1
21846,1959-10-27 00:00:00,0.3690049677507949,0.16109908010531,0.5769108553962797,12.217,57.1
21847,1959-10-28 00:00:00,0.5928941581032829,0.3780785301314736,0.8077097860750924,12.217,57.1
21848,1959-10-29 00:00:00,0.4034234582697702,0.1902482700239478,0.6165986465155926,12.217,57.1
21849,1959-10-30 00:00:00,0.0968285532122401,-0.1097632837663571,0.3034203901908374,12.217,57.1
21850,1959-10-31 00:00:00,0.1194815561669312,-0.0872551550030659,0.3262182673369285,12.217,57.1
21851,1959-11-01 00:00:00,0.0132403858771477,-0.1926679401714256,0.2191487119257212,12.217,57.1
21852,1959-11-02 00:00:00,0.0398421405615373,-0.1658166074093565,0.2455008885324312,12.217,57.1
21853,1959-11-03 00:00:00,0.0267326881717941,-0.1789734398330422,0.2324388161766306,12.217,57.1
21854,1959-11-04 00:00:00,0.1523674205318078,-0.0534366008846756,0.3581714419482913,12.217,57.1
21855,1959-11-05 00:00:00,0.0253481162688149,-0.1806012162253651,0.231297448762995,12.217,57.1
21856,1959-11-06 00:00:00,-0.0586326750296536,-0.2642426133090469,0.1469772632497397,12.217,57.1
21857,1959-11-07 00:00:00,-0.0175362838666619,-0.2229927767988157,0.1879202090654919,12.217,57.1
21858,1959-11-08 00:00:00,0.0001480945211468,-0.2052754865438529,0.2055716755861466,12.217,57.1
21859,1959-11-09 00:00:00,0.0772494111241113,-0.1284849935177079,0.2829838157659307,12.217,57.1
21860,1959-11-10 00:00:00,0.2920107573365447,0.0841129258995395,0.49990858877355,12.217,57.1
21861,1959-11-11 00:00:00,0.3569151178734366,0.1483045212950705,0.5655257144518027,12.217,57.1
21862,1959-11-12 00:00:00,0.1870728996457161,-0.0193881930054318,0.393533992296864,12.217,57.1
21863,1959-11-13 00:00:00,0.0925793137674018,-0.1131822817780987,0.2983409093129025,12.217,57.1
21864,1959-11-14 00:00:00,0.1890514688981699,-0.0171099436440638,0.3952128814404038,12.217,57.1
21865,1959-11-15 00:00:00,0.1382810686344126,-0.0685929781115869,0.3451551153804122,12.217,57.1
21866,1959-11-16 00:00:00,0.061486996894147,-0.1466442936489236,0.2696182874372176,12.217,57.1
21867,1959-11-17 00:00:00,-0.1575893081151125,-0.3659865223689459,0.0508079061387209,12.217,57.1
21868,1959-11-18 00:00:00,-0.0595532319674805,-0.2669722652024131,0.147865801267452,12.217,57.1
21869,1959-11-19 00:00:00,-0.0175084726990627,-0.2238684831718216,0.1888515377736961,12.217,57.1
21870,1959-11-20 00:00:00,0.0210084307926868,-0.1855735869830591,0.2275904485684327,12.217,57.1
21871,1959-11-21 00:00:00,0.0715080946489728,-0.1343946254163197,0.2774108147142654,12.217,57.1
21872,1959-11-22 00:00:00,0.0548703526716827,-0.1511500695769435,0.2608907749203091,12.217,57.1
21873,1959-11-23 00:00:00,0.1161063975997751,-0.0897934967281707,0.322006291927721,12.217,57.1
21874,1959-11-24 00:00:00,0.1132527752638693,-0.0923974304117619,0.3189029809395006,12.217,57.1
21875,1959-11-25 00:00:00,0.1085303047313831,-0.0970823875223901,0.3141429969851564,12.217,57.1
21876,1959-11-26 00:00:00,0.0821463081875097,-0.1234448295209079,0.2877374458959274,12.217,57.1
21877,1959-11-27 00:00:00,0.1693284732781786,-0.0364415700059721,0.3750985165623295,12.217,57.1
21878,1959-11-28 00:00:00,0.1698238018512885,-0.0360115782083499,0.375659181910927,12.217,57.1
21879,1959-11-29 00:00:00,0.1497651581799545,-0.0559531454170537,0.3554834617769629,12.217,57.1
21880,1959-11-30 00:00:00,0.2002107269433504,-0.0055092440418102,0.405930697928511,12.217,57.1
21881,1959-12-01 00:00:00,0.0624340598549383,-0.1441470447925398,0.2690151645024165,12.217,57.1
21882,1959-12-02 00:00:00,0.0838804466491336,-0.1225761793972965,0.2903370726955638,12.217,57.1
21883,1959-12-03 00:00:00,0.1596534022903067,-0.0471664546407503,0.3664732592213637,12.217,57.1
21884,1959-12-04 00:00:00,0.1757090279503783,-0.0313704109834068,0.3827884668841635,12.217,57.1
21885,1959-12-05 00:00:00,0.0103489218088379,-0.1987741114155098,0.2194719550331857,12.217,57.1
21886,1959-12-06 00:00:00,0.019463654299284,-0.1908146916024879,0.229742000201056,12.217,57.1
21887,1959-12-07 00:00:00,-0.1113906326809493,-0.3207293138143667,0.0979480484524681,12.217,57.1
21888,1959-12-08 00:00:00,-0.1905946249597579,-0.4007405637369813,0.0195513138174653,12.217,57.1
21889,1959-12-09 00:00:00,-0.0892941303407724,-0.2982301978943251,0.1196419372127802,12.217,57.1
21890,1959-12-10 00:00:00,-0.0505469834846179,-0.2574440161352803,0.1563500491660445,12.217,57.1
21891,1959-12-11 00:00:00,-0.0944264832061314,-0.3001870165129621,0.1113340501006992,12.217,57.1
21892,1959-12-12 00:00:00,-0.0789520778727849,-0.2845408967831681,0.126636741037598,12.217,57.1
21893,1959-12-13 00:00:00,-0.1001823841031583,-0.3057885713804683,0.1054238031741517,12.217,57.1
21894,1959-12-14 00:00:00,-0.0362896641181457,-0.2417213667215093,0.1691420384852177,12.217,57.1
21895,1959-12-15 00:00:00,0.0909766015553449,-0.1145629369507955,0.2965161400614854,12.217,57.1
21896,1959-12-16 00:00:00,0.1556876925576201,-0.0502264263408209,0.3616018114560612,12.217,57.1
21897,1959-12-17 00:00:00,0.1632942178238183,-0.0426920611848692,0.369280496832506,12.217,57.1
21898,1959-12-18 00:00:00,0.3328089573120135,0.126568563646717,0.53904935097731,12.217,57.1
21899,1959-12-19 00:00:00,0.3179674291963139,0.1118849504473938,0.524049907945234,12.217,57.1
21900,1959-12-20 00:00:00,0.1827917229488997,-0.0230426431022046,0.388626089000004,12.217,57.1
21901,1959-12-21 00:00:00,0.3448747223640773,0.1369239921485116,0.5528254525796429,12.217,57.1
21902,1959-12-22 00:00:00,0.24979911788149,0.0398783703735344,0.4597198653894457,12.217,57.1
21903,1959-12-23 00:00:00,0.1915179668414401,-0.0146915398014168,0.3977274734842971,12.217,57.1
21904,1959-12-24 00:00:00,0.3753353149794958,0.1686839763713303,0.5819866535876614,12.217,57.1
21905,1959-12-25 00:00:00,0.1731829500825588,-0.0329559800152229,0.3793218801803407,12.217,57.1
21906,1959-12-26 00:00:00,0.164508818337089,-0.0411828913710909,0.3702005280452691,12.217,57.1
21907,1959-12-27 00:00:00,0.3806809705992149,0.1742055294392195,0.5871564117592103,12.217,57.1
21908,1959-12-28 00:00:00,0.353661087688437,0.1474640485982166,0.5598581267786574,12.217,57.1
21909,1959-12-29 00:00:00,0.1491254112991016,-0.0567899067600775,0.3550407293582807,12.217,57.1
21910,1959-12-30 00:00:00,0.0682186815613522,-0.1373869476875642,0.2738243108102686,12.217,57.1
21911,1959-12-31 00:00:00,0.2103191989329966,0.003236876037529,0.4174015218284643,12.217,57.1
21912,1960-01-01 00:00:00,0.1869236650252096,-0.0193721155735351,0.3932194456239545,12.217,57.1
21913,1960-01-02 00:00:00,0.2440098866000957,0.0377609807358584,0.4502587924643331,12.217,57.1
21914,1960-01-03 00:00:00,0.0215822099976278,-0.1841173848751891,0.2272818048704448,12.217,57.1
21915,1960-01-04 00:00:00,-0.0421859071622485,-0.2477396653964934,0.1633678510719963,12.217,57.1
21916,1960-01-05 00:00:00,0.0368534427060093,-0.1687731216228123,0.2424800070348309,12.217,57.1
21917,1960-01-06 00:00:00,0.2092908551789339,0.0020535150027157,0.416528195355152,12.217,57.1
21918,1960-01-07 00:00:00,0.0580529097894347,-0.1493639928706184,0.2654698124494878,12.217,57.1
21919,1960-01-08 00:00:00,-0.0087761059371692,-0.2145362076552604,0.1969839957809219,12.217,57.1
21920,1960-01-09 00:00:00,-0.0745420666613323,-0.2811233949524659,0.1320392616298012,12.217,57.1
21921,1960-01-10 00:00:00,-0.1304954465890734,-0.3372573011672297,0.0762664079890828,12.217,57.1
21922,1960-01-11 00:00:00,0.0524893393132652,-0.1601731751539429,0.2651518537804734,12.217,57.1
21923,1960-01-12 00:00:00,0.0001309244160159,-0.2115768747006044,0.2118387235326362,12.217,57.1
21924,1960-01-13 00:00:00,-0.0753202602342239,-0.2813194560433186,0.1306789355748708,12.217,57.1
21925,1960-01-14 00:00:00,-0.1042410693933519,-0.311333374195906,0.102851235409202,12.217,57.1
21926,1960-01-15 00:00:00,-0.1659460407027416,-0.3754591931334156,0.0435671117279323,12.217,57.1
21927,1960-01-16 00:00:00,-0.0109938306840176,-0.2174580106521726,0.1954703492841374,12.217,57.1
21928,1960-01-17 00:00:00,0.0300836510629721,-0.1758089245398451,0.2359762266657893,12.217,57.1
21929,1960-01-18 00:00:00,0.1660331081844153,-0.0412584807609482,0.373324697129779,12.217,57.1
21930,1960-01-19 00:00:00,0.23461760046768,0.0258208470022314,0.4434143539331286,12.217,57.1
21931,1960-01-20 00:00:00,0.1226641848788133,-0.086623419250891,0.3319517890085177,12.217,57.1
21932,1960-01-21 00:00:00,0.0955060136720597,-0.1151428460467327,0.3061548733908522,12.217,57.1
21933,1960-01-22 00:00:00,-0.0568949043199615,-0.2635905519408226,0.1498007433008996,12.217,57.1
21934,1960-01-23 00:00:00,0.1840200293110196,-0.022208070360784,0.3902481289828232,12.217,57.1
21935,1960-01-24 00:00:00,0.2574534890376777,0.0514027902935561,0.4635041877817993,12.217,57.1
21936,1960-01-25 00:00:00,0.2520286552001711,0.0461676207969413,0.457889689603401,12.217,57.1
21937,1960-01-26 00:00:00,0.1980032052920956,-0.0080863779878654,0.4040927885720566,12.217,57.1
21938,1960-01-27 00:00:00,0.0696101571255084,-0.1359613376360584,0.2751816518870753,12.217,57.1
21939,1960-01-28 00:00:00,0.0297373196680729,-0.1757914496847958,0.2352660890209418,12.217,57.1
21940,1960-01-29 00:00:00,0.0310340313483496,-0.1745351031459158,0.2366031658426152,12.217,57.1
21941,1960-01-30 00:00:00,-0.0270448331339174,-0.2330215885089396,0.1789319222411046,12.217,57.1
21942,1960-01-31 00:00:00,-0.1619420189913251,-0.3680308231017161,0.0441467851190657,12.217,57.1
21943,1960-02-01 00:00:00,-0.1570836024492545,-0.3627902798464464,0.0486230749479374,12.217,57.1
21944,1960-02-02 00:00:00,-0.073543934453319,-0.2792969193603395,0.1322090504537014,12.217,57.1
21945,1960-02-03 00:00:00,0.0409329698292876,-0.1648008408651821,0.2466667805237575,12.217,57.1
21946,1960-02-04 00:00:00,0.1256951441799284,-0.0810281898693612,0.332418478229218,12.217,57.1
21947,1960-02-05 00:00:00,0.2535127752667592,0.0464057914691103,0.4606197590644081,12.217,57.1
21948,1960-02-06 00:00:00,0.0719419510130301,-0.1341872982529733,0.2780712002790337,12.217,57.1
21949,1960-02-07 00:00:00,-0.0853992101301131,-0.291201562509027,0.1204031422488008,12.217,57.1
21950,1960-02-08 00:00:00,-0.1436997274242586,-0.3494104204947691,0.0620109656462517,12.217,57.1
21951,1960-02-09 00:00:00,-0.0230705862223343,-0.2287434403308623,0.1826022678861937,12.217,57.1
21952,1960-02-10 00:00:00,0.2055737844329172,-0.0003108646038477,0.4114584334696822,12.217,57.1
21953,1960-02-11 00:00:00,0.1692867740649021,-0.0367388603578572,0.3753124084876615,12.217,57.1
21954,1960-02-12 00:00:00,0.1249652086191195,-0.080942809156714,0.3308732263949531,12.217,57.1
21955,1960-02-13 00:00:00,-0.0450557951435401,-0.2521609379318031,0.1620493476447229,12.217,57.1
21956,1960-02-14 00:00:00,0.0752317470523986,-0.131801061192602,0.2822645552973993,12.217,57.1
21957,1960-02-15 00:00:00,0.2740064868873008,0.0679835685002928,0.4800294052743087,12.217,57.1
21958,1960-02-16 00:00:00,0.2902233383741858,0.0841074800727432,0.4963391966756285,12.217,57.1
21959,1960-02-17 00:00:00,0.232682083544737,0.0263459097859895,0.4390182573034845,12.217,57.1
21960,1960-02-18 00:00:00,0.189822138788527,-0.0164159903156227,0.3960602678926768,12.217,57.1
21961,1960-02-19 00:00:00,0.1047502199894189,-0.1010810924834941,0.310581532462332,12.217,57.1
21962,1960-02-20 00:00:00,0.1666297052804575,-0.0395030658136131,0.3727624763745282,12.217,57.1
21963,1960-02-21 00:00:00,0.2103111233607172,0.0035984549538828,0.4170237917675516,12.217,57.1
21964,1960-02-22 00:00:00,0.3154524515979003,0.109119725847493,0.5217851773483076,12.217,57.1
21965,1960-02-23 00:00:00,0.0879234852915016,-0.1179488481561134,0.2937958187391166,12.217,57.1
21966,1960-02-24 00:00:00,-0.0204694160781444,-0.2263425998300755,0.1854037676737866,12.217,57.1
21967,1960-02-25 00:00:00,0.0005794233410198,-0.2053610968090066,0.2065199434910464,12.217,57.1
21968,1960-02-26 00:00:00,0.0271110973853001,-0.1785257964890799,0.2327479912596802,12.217,57.1
21969,1960-02-27 00:00:00,0.0356041690900302,-0.1702213529045167,0.2414296910845772,12.217,57.1
21970,1960-02-28 00:00:00,0.1168794525082204,-0.0892155858201792,0.3229744908366201,12.217,57.1
21971,1960-02-29 00:00:00,0.126507101732288,-0.0796494417151185,0.3326636451796947,12.217,57.1
21972,1960-03-01 00:00:00,0.0607667197897036,-0.145880948437609,0.2674143880170164,12.217,57.1
21973,1960-03-02 00:00:00,0.1893172083954904,-0.0176219227042568,0.3962563394952377,12.217,57.1
21974,1960-03-03 00:00:00,0.1737257732379449,-0.0319733218792458,0.3794248683551358,12.217,57.1
21975,1960-03-04 00:00:00,0.1170435007291654,-0.0885304496519668,0.3226174511102977,12.217,57.1
21976,1960-03-05 00:00:00,-0.0623672220304386,-0.2680681263122109,0.1433336822513335,12.217,57.1
21977,1960-03-06 00:00:00,-0.1224656731421933,-0.3280361231418442,0.0831047768574576,12.217,57.1
21978,1960-03-07 00:00:00,-0.1101230369332966,-0.3156953312640318,0.0954492573974385,12.217,57.1
21979,1960-03-08 00:00:00,-0.0879609873233957,-0.2936854741976847,0.1177634995508932,12.217,57.1
21980,1960-03-09 00:00:00,-0.1044322278863734,-0.3106168274210382,0.1017523716482913,12.217,57.1
21981,1960-03-10 00:00:00,-0.0688171971532459,-0.2755646428890786,0.1379302485825867,12.217,57.1
21982,1960-03-11 00:00:00,-0.0296181869501469,-0.2360076673817812,0.1767712934814872,12.217,57.1
21983,1960-03-12 00:00:00,0.0183187970861411,-0.1876586785330116,0.2242962727052938,12.217,57.1
21984,1960-03-13 00:00:00,0.0705790397733931,-0.1351975578361671,0.2763556373829534,12.217,57.1
21985,1960-03-14 00:00:00,0.0556340233426663,-0.1498247103578624,0.2610927570431952,12.217,57.1
21986,1960-03-15 00:00:00,0.0215587091124639,-0.1839240812963757,0.2270414995213036,12.217,57.1
21987,1960-03-16 00:00:00,-0.0356326677005689,-0.2411908779694099,0.169925542568272,12.217,57.1
21988,1960-03-17 00:00:00,-0.0680708748894118,-0.2737227465875218,0.1375809968086982,12.217,57.1
21989,1960-03-18 00:00:00,-0.1021655015534369,-0.3078118061089092,0.1034808030020352,12.217,57.1
21990,1960-03-19 00:00:00,-0.1114331593931813,-0.3170237995953804,0.0941574808090177,12.217,57.1
21991,1960-03-20 00:00:00,-0.1329466325080173,-0.3386145533816891,0.0727212883656545,12.217,57.1
21992,1960-03-21 00:00:00,-0.1134057764335671,-0.3190515966234667,0.0922400437563324,12.217,57.1
21993,1960-03-22 00:00:00,-0.050780662995582,-0.2564318838247401,0.154870557833576,12.217,57.1
21994,1960-03-23 00:00:00,-0.0785123884840578,-0.284137933662107,0.1271131566939913,12.217,57.1
21995,1960-03-24 00:00:00,-0.0542665560623569,-0.2598309787805323,0.1512978666558183,12.217,57.1
21996,1960-03-25 00:00:00,-0.075800495252648,-0.2813140208325184,0.1297130303272224,12.217,57.1
21997,1960-03-26 00:00:00,-0.0352661214524046,-0.2408660878123273,0.1703338449075181,12.217,57.1
21998,1960-03-27 00:00:00,-0.0115438617816394,-0.2171468881986061,0.1940591646353271,12.217,57.1
21999,1960-03-28 00:00:00,0.0107078361866706,-0.1948768215280092,0.2162924939013504,12.217,57.1
22000,1960-03-29 00:00:00,-0.0057063972645342,-0.2111831902369765,0.199770395707908,12.217,57.1
22001,1960-03-30 00:00:00,-0.0453093750040841,-0.2508940380827896,0.1602752880746213,12.217,57.1
22002,1960-03-31 00:00:00,-0.0382754649315561,-0.243909827480755,0.1673588976176426,12.217,57.1
22003,1960-04-01 00:00:00,-0.0080419135928008,-0.2136176930817639,0.1975338658961623,12.217,57.1
22004,1960-04-02 00:00:00,0.0531405574644597,-0.1523307845675646,0.2586118994964841,12.217,57.1
22005,1960-04-03 00:00:00,0.0259958300029146,-0.1794799514533849,0.2314716114592143,12.217,57.1
22006,1960-04-04 00:00:00,-0.0444415288598761,-0.2501103363794863,0.161227278659734,12.217,57.1
22007,1960-04-05 00:00:00,-0.0338500649517201,-0.2395811591575342,0.1718810292540938,12.217,57.1
22008,1960-04-06 00:00:00,0.0195647167764505,-0.186321784408991,0.2254512179618922,12.217,57.1
22009,1960-04-07 00:00:00,0.0518074673797761,-0.1542560361259191,0.2578709708854714,12.217,57.1
22010,1960-04-08 00:00:00,0.0535439701174176,-0.1524735559983225,0.2595614962331579,12.217,57.1
22011,1960-04-09 00:00:00,0.0456822878343619,-0.1599418976301016,0.2513064732988254,12.217,57.1
22012,1960-04-10 00:00:00,0.06894040179576,-0.1368451643945024,0.2747259679860225,12.217,57.1
22013,1960-04-11 00:00:00,0.1148554902530885,-0.0908508798435023,0.3205618603496795,12.217,57.1
22014,1960-04-12 00:00:00,0.0762746878110809,-0.1301246826916424,0.2826740583138044,12.217,57.1
22015,1960-04-13 00:00:00,0.0938046798945373,-0.1124221781657986,0.3000315379548733,12.217,57.1
22016,1960-04-14 00:00:00,0.258482735718043,0.0517370646018979,0.465228406834188,12.217,57.1
22017,1960-04-15 00:00:00,0.1980840116484194,-0.0111329436613285,0.4073009669581674,12.217,57.1
22018,1960-04-16 00:00:00,0.2055701772008314,-0.0005399223292642,0.411680276730927,12.217,57.1
22019,1960-04-17 00:00:00,-0.0064925248501011,-0.2124275477176686,0.1994424980174664,12.217,57.1
22020,1960-04-18 00:00:00,-0.0741848263001176,-0.2799058459445994,0.1315361933443641,12.217,57.1
22021,1960-04-19 00:00:00,-0.115193553366557,-0.3207410056360362,0.0903538989029221,12.217,57.1
22022,1960-04-20 00:00:00,-0.0806159393994948,-0.2861663894663687,0.124934510667379,12.217,57.1
22023,1960-04-21 00:00:00,0.0382885566284704,-0.1673243360408421,0.2439014492977829,12.217,57.1
22024,1960-04-22 00:00:00,0.1086669762007376,-0.0972454122033943,0.3145793646048696,12.217,57.1
22025,1960-04-23 00:00:00,0.2386260109635305,0.0326800589527462,0.4445719629743148,12.217,57.1
22026,1960-04-24 00:00:00,0.1920500860283748,-0.0144566082787822,0.398556780335532,12.217,57.1
22027,1960-04-25 00:00:00,0.1248931157010029,-0.0812789090043791,0.3310651404063851,12.217,57.1
22028,1960-04-26 00:00:00,-0.0108557872506892,-0.2170606025556,0.1953490280542215,12.217,57.1
22029,1960-04-27 00:00:00,-0.0227410523755746,-0.2290869712701322,0.183604866518983,12.217,57.1
22030,1960-04-28 00:00:00,-0.0001438503940789,-0.2072227861868408,0.2069350853986829,12.217,57.1
22031,1960-04-29 00:00:00,-0.0635904193767809,-0.2700381526090603,0.1428573138554984,12.217,57.1
22032,1960-04-30 00:00:00,-0.0078422942814873,-0.2135563835521874,0.1978717949892126,12.217,57.1
22033,1960-05-01 00:00:00,0.0711329712697604,-0.1346016744409005,0.2768676169804214,12.217,57.1
22034,1960-05-02 00:00:00,0.0690718692994506,-0.1369299175288645,0.2750736561277658,12.217,57.1
22035,1960-05-03 00:00:00,0.1238764848283107,-0.0817357416076992,0.3294887112643206,12.217,57.1
22036,1960-05-04 00:00:00,0.1060984081391228,-0.0997399032045608,0.3119367194828065,12.217,57.1
22037,1960-05-05 00:00:00,0.0465401728233952,-0.1589209811548325,0.252001326801623,12.217,57.1
22038,1960-05-06 00:00:00,0.018690113967547,-0.1867209798089779,0.224101207744072,12.217,57.1
22039,1960-05-07 00:00:00,-0.0215077034855907,-0.2271040848914396,0.1840886779202581,12.217,57.1
22040,1960-05-08 00:00:00,-0.0598249906278484,-0.2653439390121903,0.1456939577564933,12.217,57.1
22041,1960-05-09 00:00:00,-0.0229413503769473,-0.2283872340287049,0.1825045332748101,12.217,57.1
22042,1960-05-10 00:00:00,-0.0522088918797793,-0.2576418162262627,0.1532240324667039,12.217,57.1
22043,1960-05-11 00:00:00,-0.1035881910001332,-0.3091654219349248,0.1019890399346583,12.217,57.1
22044,1960-05-12 00:00:00,-0.0826387415696142,-0.2881840321434071,0.1229065490041786,12.217,57.1
22045,1960-05-13 00:00:00,-0.0435677605281065,-0.2491791450272326,0.1620436239710195,12.217,57.1
22046,1960-05-14 00:00:00,-0.0351546890059519,-0.2407085828253249,0.1703992048134209,12.217,57.1
22047,1960-05-15 00:00:00,0.0157826823561953,-0.1897786704579161,0.2213440351703067,12.217,57.1
22048,1960-05-16 00:00:00,-0.0040602182745542,-0.2096719949352945,0.201551558386186,12.217,57.1
22049,1960-05-17 00:00:00,-0.0096775322834567,-0.2152577763028579,0.1959027117359443,12.217,57.1
22050,1960-05-18 00:00:00,0.0035077525602805,-0.2020018889175973,0.2090173940381584,12.217,57.1
22051,1960-05-19 00:00:00,-0.0122167996155457,-0.2177561526191009,0.1933225533880093,12.217,57.1
22052,1960-05-20 00:00:00,0.0279962486476378,-0.1775874632489179,0.2335799605441935,12.217,57.1
22053,1960-05-21 00:00:00,0.0851965356120774,-0.1204164912136131,0.290809562437768,12.217,57.1
22054,1960-05-22 00:00:00,0.0615831347800685,-0.1441894146491043,0.2673556842092414,12.217,57.1
22055,1960-05-23 00:00:00,0.0104757165315274,-0.1950329075091964,0.2159843405722513,12.217,57.1
22056,1960-05-24 00:00:00,0.0703128355849056,-0.1352764275359023,0.2759020987057137,12.217,57.1
22057,1960-05-25 00:00:00,0.1671581794041431,-0.040464814924156,0.3747811737324424,12.217,57.1
22058,1960-05-26 00:00:00,0.1865405640050409,-0.0212992811752145,0.3943804091852964,12.217,57.1
22059,1960-05-27 00:00:00,-0.0038687699994234,-0.209932384498109,0.2021948444992621,12.217,57.1
22060,1960-05-28 00:00:00,0.0316100046195297,-0.174060776028452,0.2372807852675114,12.217,57.1
22061,1960-05-29 00:00:00,0.0072468993983448,-0.1984757291813876,0.2129695279780774,12.217,57.1
22062,1960-05-30 00:00:00,-0.0184430161588626,-0.2240470353273584,0.1871610030096331,12.217,57.1
22063,1960-05-31 00:00:00,-0.0004700380178774,-0.2060184249164814,0.2050783488807265,12.217,57.1
22064,1960-06-01 00:00:00,0.0284370253378124,-0.1769634690389335,0.2338375197145584,12.217,57.1
22065,1960-06-02 00:00:00,0.02904436817146,-0.1764085388267995,0.2344972751697197,12.217,57.1
22066,1960-06-03 00:00:00,-0.0136198261176888,-0.219056229040744,0.1918165768053664,12.217,57.1
22067,1960-06-04 00:00:00,-0.0029336205628793,-0.2083729210343385,0.2025056799085798,12.217,57.1
22068,1960-06-05 00:00:00,-0.0026312575528298,-0.2080456089815188,0.202783093875859,12.217,57.1
22069,1960-06-06 00:00:00,0.0212157469404443,-0.1842068913981554,0.2266383852790441,12.217,57.1
22070,1960-06-07 00:00:00,0.0493742269724539,-0.1560317446402654,0.2547801985851733,12.217,57.1
22071,1960-06-08 00:00:00,0.1300904000489683,-0.075550270815497,0.3357310709134338,12.217,57.1
22072,1960-06-09 00:00:00,0.181810804941126,-0.0242804007574194,0.3879020106396716,12.217,57.1
22073,1960-06-10 00:00:00,0.2101045901431494,0.0041596839849384,0.4160494963013603,12.217,57.1
22074,1960-06-11 00:00:00,0.1701748313740534,-0.0354760373394896,0.3758257000875966,12.217,57.1
22075,1960-06-12 00:00:00,0.1882364478564041,-0.0175439393871821,0.3940168350999904,12.217,57.1
22076,1960-06-13 00:00:00,0.2172656782975634,0.0109441084577021,0.4235872481374246,12.217,57.1
22077,1960-06-14 00:00:00,0.1037265465956592,-0.1035683515882547,0.3110214447795731,12.217,57.1
22078,1960-06-15 00:00:00,0.1307679422381457,-0.0751026858627833,0.3366385703390748,12.217,57.1
22079,1960-06-16 00:00:00,0.0477374746384764,-0.1578136421243738,0.2532885914013267,12.217,57.1
22080,1960-06-17 00:00:00,0.0759633815519724,-0.1295441619183982,0.2814709250223432,12.217,57.1
22081,1960-06-18 00:00:00,0.1054224624993056,-0.10025527236569,0.3111001973643013,12.217,57.1
22082,1960-06-19 00:00:00,0.2066953808962908,0.0004871606069059,0.4129036011856758,12.217,57.1
22083,1960-06-20 00:00:00,0.1830704863251423,-0.0233644174244157,0.3895053900747004,12.217,57.1
22084,1960-06-21 00:00:00,0.104021053021099,-0.1031485808656546,0.3111906869078528,12.217,57.1
22085,1960-06-22 00:00:00,0.0141476954412318,-0.1913766327812659,0.2196720236637295,12.217,57.1
22086,1960-06-23 00:00:00,0.0159413102764877,-0.1894884306055066,0.2213710511584821,12.217,57.1
22087,1960-06-24 00:00:00,-0.000854295813365,-0.2062912031848053,0.2045826115580753,12.217,57.1
22088,1960-06-25 00:00:00,-0.0172464443337817,-0.222673826092255,0.1881809374246914,12.217,57.1
22089,1960-06-26 00:00:00,-0.0222649788951134,-0.2277786872561901,0.1832487294659633,12.217,57.1
22090,1960-06-27 00:00:00,0.0007123362398685,-0.2048814846609803,0.2063061571407173,12.217,57.1
22091,1960-06-28 00:00:00,0.064314227117809,-0.141485258308076,0.270113712543694,12.217,57.1
22092,1960-06-29 00:00:00,0.2589352223164677,0.0519574436129749,0.4659130010199605,12.217,57.1
22093,1960-06-30 00:00:00,0.1466223375913837,-0.0600885513057518,0.3533332264885192,12.217,57.1
22094,1960-07-01 00:00:00,0.0676151814040721,-0.1383358010642504,0.2735661638723947,12.217,57.1
22095,1960-07-02 00:00:00,0.1949046174388373,-0.0114602638546183,0.4012694987322929,12.217,57.1
22096,1960-07-03 00:00:00,0.0949638218065397,-0.1116422503200752,0.3015698939331548,12.217,57.1
22097,1960-07-04 00:00:00,0.1522965455608007,-0.0546622071081556,0.3592552982297572,12.217,57.1
22098,1960-07-05 00:00:00,0.1619592752651842,-0.0449715097099359,0.3688900602403043,12.217,57.1
22099,1960-07-06 00:00:00,0.1338363232807352,-0.0718952089241438,0.3395678554856144,12.217,57.1
22100,1960-07-07 00:00:00,0.192771929275294,-0.0130267267877834,0.3985705853383714,12.217,57.1
22101,1960-07-08 00:00:00,0.1273451912619978,-0.0784810593091445,0.3331714418331402,12.217,57.1
22102,1960-07-09 00:00:00,0.0913677021134151,-0.1144366881716602,0.2971720923984905,12.217,57.1
22103,1960-07-10 00:00:00,0.2485939807024724,0.0406818341606547,0.4565061272442902,12.217,57.1
22104,1960-07-11 00:00:00,0.0964571926349564,-0.1105987217460725,0.3035131070159853,12.217,57.1
22105,1960-07-12 00:00:00,0.1930374593057765,-0.0129352534120963,0.3990101720236494,12.217,57.1
22106,1960-07-13 00:00:00,0.187492762391882,-0.0188903336438875,0.3938758584276515,12.217,57.1
22107,1960-07-14 00:00:00,0.1390410058947532,-0.0669557918977596,0.3450378036872661,12.217,57.1
22108,1960-07-15 00:00:00,0.1188257895406345,-0.0869120650763321,0.3245636441576013,12.217,57.1
22109,1960-07-16 00:00:00,0.0723249758373616,-0.1332389126878796,0.2778888643626029,12.217,57.1
22110,1960-07-17 00:00:00,0.0985845544376754,-0.1075992830934133,0.3047683919687643,12.217,57.1
22111,1960-07-18 00:00:00,0.1136775685753293,-0.0932311368104572,0.3205862739611158,12.217,57.1
22112,1960-07-19 00:00:00,0.2043696470534309,-0.0020078572256907,0.4107471513325527,12.217,57.1
22113,1960-07-20 00:00:00,0.1401318602302803,-0.065895479785591,0.3461592002461516,12.217,57.1
22114,1960-07-21 00:00:00,0.069985619662687,-0.1356627999098594,0.2756340392352335,12.217,57.1
22115,1960-07-22 00:00:00,0.0722801954366813,-0.1332192035722315,0.2777795944455941,12.217,57.1
22116,1960-07-23 00:00:00,0.0830403114833776,-0.1224357132378628,0.2885163362046181,12.217,57.1
22117,1960-07-24 00:00:00,0.0036794492389507,-0.2017480789782842,0.2091069774561856,12.217,57.1
22118,1960-07-25 00:00:00,0.0192049143538829,-0.186493721371503,0.2249035500792688,12.217,57.1
22119,1960-07-26 00:00:00,0.0754084678514268,-0.1303488595245529,0.2811657952274065,12.217,57.1
22120,1960-07-27 00:00:00,0.0794844457824504,-0.1259856775550081,0.2849545691199089,12.217,57.1
22121,1960-07-28 00:00:00,0.0759119881490491,-0.1296481702226128,0.281472146520711,12.217,57.1
22122,1960-07-29 00:00:00,0.1394537776680369,-0.0662651348947207,0.3451726902307945,12.217,57.1
22123,1960-07-30 00:00:00,0.1315987140082678,-0.0741041465944511,0.3373015746109868,12.217,57.1
22124,1960-07-31 00:00:00,0.0749865791365609,-0.1307795113795936,0.2807526696527155,12.217,57.1
22125,1960-08-01 00:00:00,0.0507656396623837,-0.1551798159101494,0.256711095234917,12.217,57.1
22126,1960-08-02 00:00:00,0.00440711001875,-0.2012345954800657,0.2100488155175658,12.217,57.1
22127,1960-08-03 00:00:00,0.026261790775684,-0.1794486346174683,0.2319722161688364,12.217,57.1
22128,1960-08-04 00:00:00,0.0496136276501516,-0.1566996316734895,0.2559268869737927,12.217,57.1
22129,1960-08-05 00:00:00,-0.0510565917125458,-0.2574572668437876,0.1553440834186958,12.217,57.1
22130,1960-08-06 00:00:00,-0.0158817196424554,-0.2216808126203725,0.1899173733354615,12.217,57.1
22131,1960-08-07 00:00:00,0.0016454046482042,-0.2039548973873734,0.2072457066837819,12.217,57.1
22132,1960-08-08 00:00:00,-0.0138553876153056,-0.2194815228293675,0.1917707475987562,12.217,57.1
22133,1960-08-09 00:00:00,0.0165096132002466,-0.1890666807054654,0.2220859071059587,12.217,57.1
22134,1960-08-10 00:00:00,0.1197850369717289,-0.0858913048448407,0.3254613787882986,12.217,57.1
22135,1960-08-11 00:00:00,0.1560095514131755,-0.0496039032347827,0.3616230060611339,12.217,57.1
22136,1960-08-12 00:00:00,0.1680298646306236,-0.0374940267610386,0.3735537560222859,12.217,57.1
22137,1960-08-13 00:00:00,0.1363981485183389,-0.069122156237405,0.3419184532740829,12.217,57.1
22138,1960-08-14 00:00:00,0.1130619889276189,-0.0927013516115251,0.318825329466763,12.217,57.1
22139,1960-08-15 00:00:00,0.1237088858843141,-0.0819528250290685,0.3293705967976968,12.217,57.1
22140,1960-08-16 00:00:00,0.1544649332313407,-0.0512964054397552,0.3602262719024367,12.217,57.1
22141,1960-08-17 00:00:00,0.1883438247820644,-0.0172311670524639,0.3939188166165928,12.217,57.1
22142,1960-08-18 00:00:00,0.1915112835530785,-0.0140146382030274,0.3970372053091844,12.217,57.1
22143,1960-08-19 00:00:00,0.1152319038142259,-0.0904591940598827,0.3209230016883346,12.217,57.1
22144,1960-08-20 00:00:00,0.0906168200597105,-0.1158720776829054,0.2971057178023264,12.217,57.1
22145,1960-08-21 00:00:00,0.2284730374874373,0.0225741565886622,0.4343719183862125,12.217,57.1
22146,1960-08-22 00:00:00,0.1592379740246081,-0.0462822361923159,0.3647581842415321,12.217,57.1
22147,1960-08-23 00:00:00,0.161186399569774,-0.0444655833437788,0.3668383824833269,12.217,57.1
22148,1960-08-24 00:00:00,0.2068102380036875,0.0009729362630633,0.4126475397443118,12.217,57.1
22149,1960-08-25 00:00:00,0.1058231936368078,-0.0996809879039196,0.3113273751775353,12.217,57.1
22150,1960-08-26 00:00:00,0.110091503336784,-0.0953910830312761,0.3155740897048442,12.217,57.1
22151,1960-08-27 00:00:00,-0.0021862594984393,-0.2076918347462562,0.2033193157493774,12.217,57.1
22152,1960-08-28 00:00:00,-0.0252605610768894,-0.2306851644421984,0.1801640422884195,12.217,57.1
22153,1960-08-29 00:00:00,0.0069152297810305,-0.1985928126023482,0.2124232721644093,12.217,57.1
22154,1960-08-30 00:00:00,0.1804927284952752,-0.0252659923966414,0.3862514493871919,12.217,57.1
22155,1960-08-31 00:00:00,0.1543059467785631,-0.0516833950843727,0.3602952886414989,12.217,57.1
22156,1960-09-01 00:00:00,0.1398453456826381,-0.065919952788281,0.3456106441535572,12.217,57.1
22157,1960-09-02 00:00:00,0.1592069442975597,-0.0463094468110346,0.3647233354061541,12.217,57.1
22158,1960-09-03 00:00:00,0.2310340051479522,0.0254305520272047,0.4366374582686996,12.217,57.1
22159,1960-09-04 00:00:00,0.169165337281006,-0.0366012221759871,0.3749318967379993,12.217,57.1
22160,1960-09-05 00:00:00,0.1547998537081234,-0.0508608573387211,0.3604605647549679,12.217,57.1
22161,1960-09-06 00:00:00,0.1390923806381256,-0.0666288153489427,0.344813576625194,12.217,57.1
22162,1960-09-07 00:00:00,0.0355345871775565,-0.1702842351345659,0.2413534094896791,12.217,57.1
22163,1960-09-08 00:00:00,-0.0207191416340783,-0.2263872418054802,0.1849489585373234,12.217,57.1
22164,1960-09-09 00:00:00,-0.0179085857872558,-0.2235396218295248,0.1877224502550131,12.217,57.1
22165,1960-09-10 00:00:00,0.1037736305566318,-0.1019180182164334,0.3094652793296972,12.217,57.1
22166,1960-09-11 00:00:00,0.0131961251253226,-0.1924060170747041,0.2187982673253493,12.217,57.1
22167,1960-09-12 00:00:00,0.0272627329314206,-0.1781974360502545,0.2327229019130958,12.217,57.1
22168,1960-09-13 00:00:00,0.0497210848665355,-0.1557498671024146,0.2551920368354857,12.217,57.1
22169,1960-09-14 00:00:00,0.0554043977916585,-0.1500699216897786,0.2608787172730956,12.217,57.1
22170,1960-09-15 00:00:00,0.1176810886191324,-0.0878679298030458,0.3232301070413106,12.217,57.1
22171,1960-09-16 00:00:00,0.1267911348026636,-0.0789224472052002,0.3325047168105274,12.217,57.1
22172,1960-09-17 00:00:00,-0.0427831475898815,-0.2487641482236638,0.1631978530439007,12.217,57.1
22173,1960-09-18 00:00:00,0.0008884718532101,-0.2053895622968357,0.207166506003256,12.217,57.1
22174,1960-09-19 00:00:00,0.0408461292906684,-0.1649723912364673,0.2466646498178042,12.217,57.1
22175,1960-09-20 00:00:00,-0.0285207067846956,-0.2342158280837376,0.1771744145143462,12.217,57.1
22176,1960-09-21 00:00:00,0.1613842741854086,-0.0448063802070421,0.3675749285778593,12.217,57.1
22177,1960-09-22 00:00:00,0.0194430976888118,-0.1864780344897171,0.2253642298673407,12.217,57.1
22178,1960-09-23 00:00:00,0.0182187413869011,-0.1875249258705546,0.2239624086443569,12.217,57.1
22179,1960-09-24 00:00:00,0.0141074008146059,-0.1915601290678919,0.2197749306971037,12.217,57.1
22180,1960-09-25 00:00:00,0.0315622305330386,-0.1743664051627023,0.2374908662287795,12.217,57.1
22181,1960-09-26 00:00:00,0.0829539415333844,-0.1230295820090482,0.2889374650758171,12.217,57.1
22182,1960-09-27 00:00:00,0.0775545329299394,-0.1293390294502503,0.2844480953101293,12.217,57.1
22183,1960-09-28 00:00:00,0.0270606022175891,-0.1807337741659952,0.2348549786011734,12.217,57.1
22184,1960-09-29 00:00:00,-0.0764647922269754,-0.2832059688841445,0.1302763844301937,12.217,57.1
22185,1960-09-30 00:00:00,-0.0539242958663455,-0.2597366407052123,0.1518880489725212,12.217,57.1
22186,1960-10-01 00:00:00,-0.0548663666380725,-0.2604077712143549,0.1506750379382097,12.217,57.1
22187,1960-10-02 00:00:00,-0.0519152527420489,-0.2575180906021662,0.1536875851180683,12.217,57.1
22188,1960-10-03 00:00:00,0.0231947910545821,-0.1825659517076528,0.2289555338168172,12.217,57.1
22189,1960-10-04 00:00:00,0.147717034571837,-0.0581631761058927,0.3535972452495669,12.217,57.1
22190,1960-10-05 00:00:00,0.1263394677273219,-0.0795613628548581,0.3322402983095019,12.217,57.1
22191,1960-10-06 00:00:00,0.192382323708986,-0.0139982450834832,0.3987628925014553,12.217,57.1
22192,1960-10-07 00:00:00,0.0698518036551677,-0.1360251479007027,0.2757287552110381,12.217,57.1
22193,1960-10-08 00:00:00,0.0363323452630138,-0.1692715292007263,0.241936219726754,12.217,57.1
22194,1960-10-09 00:00:00,0.095144919206557,-0.1106618215265698,0.3009516599396839,12.217,57.1
22195,1960-10-10 00:00:00,0.1484320300111702,-0.0574212212259317,0.3542852812482722,12.217,57.1
22196,1960-10-11 00:00:00,0.1065909972756633,-0.0991675915309714,0.312349586082298,12.217,57.1
22197,1960-10-12 00:00:00,0.1161323328343986,-0.090047854376798,0.3223125200455954,12.217,57.1
22198,1960-10-13 00:00:00,0.0987811788113455,-0.1073790079584941,0.3049413655811852,12.217,57.1
22199,1960-10-14 00:00:00,0.0527198390468085,-0.1532042179118645,0.2586438960054816,12.217,57.1
22200,1960-10-15 00:00:00,-0.0384352557134008,-0.2440745207272292,0.1672040093004275,12.217,57.1
22201,1960-10-16 00:00:00,-0.1002383552970556,-0.3058225207582204,0.1053458101641091,12.217,57.1
22202,1960-10-17 00:00:00,-0.085808977589218,-0.2916177292313326,0.1199997740528965,12.217,57.1
22203,1960-10-18 00:00:00,-0.0401657447358395,-0.2464272318637826,0.1660957423921036,12.217,57.1
22204,1960-10-19 00:00:00,-0.0508792591197068,-0.2570225901244791,0.1552640718850655,12.217,57.1
22205,1960-10-20 00:00:00,-0.0045922576066177,-0.2103518060902584,0.201167290877023,12.217,57.1
22206,1960-10-21 00:00:00,0.0193840856469577,-0.1862356012577512,0.2250037725516667,12.217,57.1
22207,1960-10-22 00:00:00,0.0292819794262273,-0.176231595497679,0.2347955543501336,12.217,57.1
22208,1960-10-23 00:00:00,0.0152826133891276,-0.1904407421361988,0.2210059689144541,12.217,57.1
22209,1960-10-24 00:00:00,-0.0993972130911841,-0.3058045032041404,0.1070100770217721,12.217,57.1
22210,1960-10-25 00:00:00,0.0780124733718206,-0.1287883611173421,0.2848133078609834,12.217,57.1
22211,1960-10-26 00:00:00,0.0532248249895035,-0.152621905680741,0.2590715556597481,12.217,57.1
22212,1960-10-27 00:00:00,0.0036792127886937,-0.2021045436098412,0.2094629691872287,12.217,57.1
22213,1960-10-28 00:00:00,0.0441172016198679,-0.1619160067122128,0.2501504099519487,12.217,57.1
22214,1960-10-29 00:00:00,0.0507539193297062,-0.1548671131325602,0.2563749517919727,12.217,57.1
22215,1960-10-30 00:00:00,-0.0124439742148443,-0.2182305784330483,0.1933426300033596,12.217,57.1
22216,1960-10-31 00:00:00,0.0550997612882247,-0.1509455836053509,0.2611451061818005,12.217,57.1
22217,1960-11-01 00:00:00,0.0316006001743043,-0.1743773474824141,0.2375785478310228,12.217,57.1
22218,1960-11-02 00:00:00,0.0896595219908572,-0.1192174048591757,0.2985364488408902,12.217,57.1
22219,1960-11-03 00:00:00,0.2657451454914246,0.0530921475196752,0.478398143463174,12.217,57.1
22220,1960-11-04 00:00:00,0.2916249057749995,0.0842189751725956,0.4990308363774033,12.217,57.1
22221,1960-11-05 00:00:00,0.3321502455748058,0.1242162812576146,0.5400842098919969,12.217,57.1
22222,1960-11-06 00:00:00,0.3187310879926148,0.1113842840560274,0.5260778919292022,12.217,57.1
22223,1960-11-07 00:00:00,0.1159058867105951,-0.0904548035591913,0.3222665769803816,12.217,57.1
22224,1960-11-08 00:00:00,-0.0367136925241182,-0.2426325287404843,0.1692051436922478,12.217,57.1
22225,1960-11-09 00:00:00,-0.0157718433545342,-0.2214864235583122,0.1899427368492436,12.217,57.1
22226,1960-11-10 00:00:00,0.0401914590103411,-0.1656369797600356,0.246019897780718,12.217,57.1
22227,1960-11-11 00:00:00,0.2273778255126134,0.0214703617645047,0.4332852892607221,12.217,57.1
22228,1960-11-12 00:00:00,0.257566751885859,0.0513090804904601,0.4638244232812578,12.217,57.1
22229,1960-11-13 00:00:00,0.0310081286628123,-0.1750258013428551,0.2370420586684798,12.217,57.1
22230,1960-11-14 00:00:00,0.0174450841308119,-0.188488962592816,0.2233791308544399,12.217,57.1
22231,1960-11-15 00:00:00,0.0372330496075864,-0.1687893902230331,0.243255489438206,12.217,57.1
22232,1960-11-16 00:00:00,0.1537767511761435,-0.0519275250385337,0.3594810273908208,12.217,57.1
22233,1960-11-17 00:00:00,0.1369642314493852,-0.0691201305815668,0.3430485934803372,12.217,57.1
22234,1960-11-18 00:00:00,0.0510399010059361,-0.1551402243554003,0.2572200263672727,12.217,57.1
22235,1960-11-19 00:00:00,0.0338967512177466,-0.1718083873996945,0.2396018898351877,12.217,57.1
22236,1960-11-20 00:00:00,0.0406798280375627,-0.1649906124491911,0.2463502685243165,12.217,57.1
22237,1960-11-21 00:00:00,-0.0613616820595397,-0.2670106421958974,0.144287278076818,12.217,57.1
22238,1960-11-22 00:00:00,0.0257450037353709,-0.1800093935002959,0.2314994009710378,12.217,57.1
22239,1960-11-23 00:00:00,0.1668031133913679,-0.0391222024603174,0.3727284292430534,12.217,57.1
22240,1960-11-24 00:00:00,0.1618246412360746,-0.0440531406666887,0.3677024231388379,12.217,57.1
22241,1960-11-25 00:00:00,0.2302885836721003,0.0244081917350968,0.4361689756091037,12.217,57.1
22242,1960-11-26 00:00:00,0.273912367377251,0.0677158234086802,0.4801089113458218,12.217,57.1
22243,1960-11-27 00:00:00,0.2062963304197956,0.0004545520907173,0.4121381087488739,12.217,57.1
22244,1960-11-28 00:00:00,0.1499506920383257,-0.0556803548788267,0.3555817389554783,12.217,57.1
22245,1960-11-29 00:00:00,0.186605424548575,-0.0195813470599899,0.39279219615714,12.217,57.1
22246,1960-11-30 00:00:00,0.1210687112171776,-0.0849497328878468,0.3270871553222021,12.217,57.1
22247,1960-12-01 00:00:00,0.2111606068558601,0.0051115323584713,0.417209681353249,12.217,57.1
22248,1960-12-02 00:00:00,0.2897375093013127,0.0834942875758034,0.4959807310268219,12.217,57.1
22249,1960-12-03 00:00:00,0.2750822893669543,0.069167657195103,0.4809969215388057,12.217,57.1
22250,1960-12-04 00:00:00,0.4198328345244934,0.2110333794841282,0.6286322895648586,12.217,57.1
22251,1960-12-05 00:00:00,0.5444907604477995,0.3373234818750958,0.7516580390205032,12.217,57.1
22252,1960-12-06 00:00:00,0.4461474336355674,0.2391140316184299,0.6531808356527049,12.217,57.1
22253,1960-12-07 00:00:00,0.1755175076364336,-0.0306116351674713,0.3816466504403386,12.217,57.1
22254,1960-12-08 00:00:00,0.0360448636445642,-0.1701393244485405,0.242229051737669,12.217,57.1
22255,1960-12-09 00:00:00,0.0133530007274598,-0.1957186562690311,0.2224246577239509,12.217,57.1
22256,1960-12-10 00:00:00,-0.0568835693526881,-0.2644180087136371,0.1506508700082608,12.217,57.1
22257,1960-12-11 00:00:00,-0.048718644260109,-0.2569783402284653,0.1595410517082473,12.217,57.1
22258,1960-12-12 00:00:00,-0.1248168250460927,-0.3351505715841372,0.0855169214919517,12.217,57.1
22259,1960-12-13 00:00:00,0.0138341376559943,-0.1920002229169478,0.2196684982289364,12.217,57.1
22260,1960-12-14 00:00:00,-0.0283646925697118,-0.2339278866777221,0.1771985015382984,12.217,57.1
22261,1960-12-15 00:00:00,-0.0625728942758763,-0.2680943763605575,0.1429485878088048,12.217,57.1
22262,1960-12-16 00:00:00,-0.0511708349512691,-0.2565945766828882,0.1542529067803498,12.217,57.1
22263,1960-12-17 00:00:00,0.0985196284124601,-0.1071691021534654,0.3042083589783857,12.217,57.1
22264,1960-12-18 00:00:00,0.1825822991588577,-0.0233258614477051,0.3884904597654206,12.217,57.1
22265,1960-12-19 00:00:00,0.1474686764489602,-0.0583081381306333,0.3532454910285538,12.217,57.1
22266,1960-12-20 00:00:00,0.1032099535223665,-0.1026604498683674,0.3090803569131005,12.217,57.1
22267,1960-12-21 00:00:00,0.0512086754414043,-0.154554485854512,0.2569718367373207,12.217,57.1
22268,1960-12-22 00:00:00,0.0642134272753947,-0.1413389132173321,0.2697657677681216,12.217,57.1
22269,1960-12-23 00:00:00,0.0055889102913341,-0.2005352495988127,0.211713070181481,12.217,57.1
22270,1960-12-24 00:00:00,0.1654592122644414,-0.0403734808777779,0.3712919054066608,12.217,57.1
22271,1960-12-25 00:00:00,0.1813937629819921,-0.0245257751500359,0.3873133011140202,12.217,57.1
22272,1960-12-26 00:00:00,0.2154127278762624,0.0094288481193906,0.4213966076331341,12.217,57.1
22273,1960-12-27 00:00:00,0.3388588938286913,0.1310026911177338,0.5467150965396487,12.217,57.1
22274,1960-12-28 00:00:00,0.3417299376179592,0.1338978375619322,0.5495620376739861,12.217,57.1
22275,1960-12-29 00:00:00,0.1318024726056029,-0.0739414273645914,0.3375463725757973,12.217,57.1
22276,1960-12-30 00:00:00,-0.0112070979023226,-0.216716980970333,0.1943027851656877,12.217,57.1
22277,1960-12-31 00:00:00,0.0876540120933173,-0.1178655467345869,0.2931735709212216,12.217,57.1
22278,1961-01-01 00:00:00,0.1127286724265584,-0.0927725012641449,0.3182298461172618,12.217,57.1
22279,1961-01-02 00:00:00,0.0991748036328663,-0.1063527478468545,0.3047023551125871,12.217,57.1
22280,1961-01-03 00:00:00,0.2124235136980761,0.0062342794515922,0.41861274794456,12.217,57.1
22281,1961-01-04 00:00:00,0.4639554187677124,0.2540037120569499,0.6739071254784749,12.217,57.1
22282,1961-01-05 00:00:00,0.0727873630331811,-0.1361717887630729,0.2817465148294352,12.217,57.1
22283,1961-01-06 00:00:00,0.0975128617791166,-0.1080772516790453,0.3031029752372786,12.217,57.1
22284,1961-01-07 00:00:00,0.1011836710398285,-0.104980716646729,0.3073480587263861,12.217,57.1
22285,1961-01-08 00:00:00,0.040792536766853,-0.165182802181952,0.246767875715658,12.217,57.1
22286,1961-01-09 00:00:00,0.160139262123074,-0.0454417397557291,0.3657202640018772,12.217,57.1
22287,1961-01-10 00:00:00,0.1851372503163538,-0.0211068184576416,0.3913813190903493,12.217,57.1
22288,1961-01-11 00:00:00,0.0274686697059532,-0.1788101975709815,0.2337475369828879,12.217,57.1
22289,1961-01-12 00:00:00,-0.0838094950599558,-0.2895428174867369,0.1219238273668251,12.217,57.1
22290,1961-01-13 00:00:00,0.1116810499786822,-0.0944148790709858,0.3177769790283503,12.217,57.1
22291,1961-01-14 00:00:00,0.0357401209944921,-0.1706462786322824,0.2421265206212667,12.217,57.1
22292,1961-01-15 00:00:00,-0.0464060771952332,-0.2519798135339813,0.1591676591435149,12.217,57.1
22293,1961-01-16 00:00:00,-0.078344688239912,-0.2840783272936001,0.127388950813776,12.217,57.1
22294,1961-01-17 00:00:00,-0.0455601928321315,-0.2513155727456839,0.1601951870814207,12.217,57.1
22295,1961-01-18 00:00:00,-0.0324509859133967,-0.2380941984941981,0.1731922266674047,12.217,57.1
22296,1961-01-19 00:00:00,0.011502029076913,-0.1943395750231576,0.2173436331769837,12.217,57.1
22297,1961-01-20 00:00:00,0.0432424687339963,-0.1625438796486215,0.2490288171166142,12.217,57.1
22298,1961-01-21 00:00:00,0.0292146123241519,-0.1765966279885348,0.2350258526368387,12.217,57.1
22299,1961-01-22 00:00:00,-0.0051579856923065,-0.2108474180046221,0.2005314466200091,12.217,57.1
22300,1961-01-23 00:00:00,-0.0535167193497517,-0.2591271538817901,0.1520937151822866,12.217,57.1
22301,1961-01-24 00:00:00,-0.0584295017414199,-0.2641589325197963,0.1472999290369564,12.217,57.1
22302,1961-01-25 00:00:00,-0.0462213784181372,-0.251792683448775,0.1593499266125005,12.217,57.1
22303,1961-01-26 00:00:00,0.0009360834709407,-0.2048116253080945,0.2066837922499761,12.217,57.1
22304,1961-01-27 00:00:00,0.0067204348958887,-0.1988861675497229,0.2123270373415004,12.217,57.1
22305,1961-01-28 00:00:00,0.1569966668411498,-0.0495205060203974,0.3635138397026971,12.217,57.1
22306,1961-01-29 00:00:00,0.2235568052457412,0.0160718163626266,0.4310417941288558,12.217,57.1
22307,1961-01-30 00:00:00,0.3750359329360484,0.1648992290961766,0.5851726367759202,12.217,57.1
22308,1961-01-31 00:00:00,0.561690177976692,0.352930884738051,0.7704494712153329,12.217,57.1
22309,1961-02-01 00:00:00,0.3121121678050791,0.1062552029543458,0.5179691326558125,12.217,57.1
22310,1961-02-02 00:00:00,0.2028041428501883,-0.0031579240379867,0.4087662097383633,12.217,57.1
22311,1961-02-03 00:00:00,0.0864639558934116,-0.1198137829489776,0.2927416947358009,12.217,57.1
22312,1961-02-04 00:00:00,0.0804790130446492,-0.125439737469171,0.2863977635584695,12.217,57.1
22313,1961-02-05 00:00:00,0.0835239896831166,-0.1220360563098357,0.289084035676069,12.217,57.1
22314,1961-02-06 00:00:00,0.10006920382695,-0.1056292400694877,0.3057676477233878,12.217,57.1
22315,1961-02-07 00:00:00,0.3722256881410204,0.1637977730440222,0.5806536032380187,12.217,57.1
22316,1961-02-08 00:00:00,0.3952877527796184,0.1852914313081278,0.605284074251109,12.217,57.1
22317,1961-02-09 00:00:00,0.1480812735793703,-0.0579779980402478,0.3541405451989886,12.217,57.1
22318,1961-02-10 00:00:00,0.0092607537676645,-0.1970266727791188,0.2155481803144479,12.217,57.1
22319,1961-02-11 00:00:00,0.1208479238813639,-0.0851350163974936,0.3268308641602215,12.217,57.1
22320,1961-02-12 00:00:00,0.2354718776097425,0.0296185093872718,0.4413252458322133,12.217,57.1
22321,1961-02-13 00:00:00,0.0096871206327061,-0.1959416653820575,0.2153159066474698,12.217,57.1
22322,1961-02-14 00:00:00,0.1212104262778933,-0.0845914434741742,0.3270122960299609,12.217,57.1
22323,1961-02-15 00:00:00,0.1800381481152376,-0.0257762011620749,0.3858524973925502,12.217,57.1
22324,1961-02-16 00:00:00,-0.0448886481721267,-0.2509071032524688,0.1611298069082152,12.217,57.1
22325,1961-02-17 00:00:00,0.051104969194577,-0.1546607089520434,0.2568706473411974,12.217,57.1
22326,1961-02-18 00:00:00,0.0725383839946019,-0.1332712829987031,0.2783480509879069,12.217,57.1
22327,1961-02-19 00:00:00,0.0345237599808821,-0.1711781019108936,0.240225621872658,12.217,57.1
22328,1961-02-20 00:00:00,-0.0081514208387935,-0.2137005529326212,0.1973977112550341,12.217,57.1
22329,1961-02-21 00:00:00,0.0691804841398977,-0.1364225632328402,0.2747835315126356,12.217,57.1
22330,1961-02-22 00:00:00,-0.0620555428529044,-0.2677475087119565,0.1436364230061477,12.217,57.1
22331,1961-02-23 00:00:00,-0.0717265520041289,-0.2772115316024626,0.1337584275942047,12.217,57.1
22332,1961-02-24 00:00:00,-0.0618093609330098,-0.2673573032782266,0.1437385814122068,12.217,57.1
22333,1961-02-25 00:00:00,0.0566074428999115,-0.1492921935942432,0.2625070793940662,12.217,57.1
22334,1961-02-26 00:00:00,0.0496968934630646,-0.1564078035692548,0.2558015904953841,12.217,57.1
22335,1961-02-27 00:00:00,0.0949386221824778,-0.1111512885609369,0.3010285329258926,12.217,57.1
22336,1961-02-28 00:00:00,0.2490251372574241,0.0416142803465136,0.4564359941683346,12.217,57.1
22337,1961-03-01 00:00:00,0.1004198249329257,-0.1056491176038965,0.306488767469748,12.217,57.1
22338,1961-03-02 00:00:00,-0.0201126893709299,-0.2256938105843832,0.1854684318425232,12.217,57.1
22339,1961-03-03 00:00:00,0.0844679848235701,-0.1210435329357964,0.2899795025829367,12.217,57.1
22340,1961-03-04 00:00:00,0.008628830666185,-0.1970794749493924,0.2143371362817626,12.217,57.1
22341,1961-03-05 00:00:00,0.1216594998210708,-0.0843531455935452,0.3276721452356869,12.217,57.1
22342,1961-03-06 00:00:00,0.040327655030744,-0.1655053914927856,0.2461607015542737,12.217,57.1
22343,1961-03-07 00:00:00,0.1325310375285022,-0.0732893886705075,0.338351463727512,12.217,57.1
22344,1961-03-08 00:00:00,-0.0112344515075616,-0.2169619032905695,0.1944930002754461,12.217,57.1
22345,1961-03-09 00:00:00,0.051086040614001,-0.1544713249483559,0.256643406176358,12.217,57.1
22346,1961-03-10 00:00:00,0.1128247208232908,-0.0928436133472527,0.3184930549938344,12.217,57.1
22347,1961-03-11 00:00:00,0.1872687224038126,-0.0186167719215766,0.3931542167292018,12.217,57.1
22348,1961-03-12 00:00:00,0.2004887091192992,-0.0058113665736877,0.4067887848122863,12.217,57.1
22349,1961-03-13 00:00:00,0.4968257405625817,0.2889457829161422,0.7047056982090212,12.217,57.1
22350,1961-03-14 00:00:00,0.1199365887004464,-0.0873938691328474,0.3272670465337404,12.217,57.1
22351,1961-03-15 00:00:00,0.2920324081420183,0.0862530047017328,0.4978118115823038,12.217,57.1
22352,1961-03-16 00:00:00,0.2382832920239205,0.0323089895794879,0.4442575944683531,12.217,57.1
22353,1961-03-17 00:00:00,0.1896613663015946,-0.0163393777198512,0.3956621103230405,12.217,57.1
22354,1961-03-18 00:00:00,0.2168815003500435,0.0101691280195874,0.4235938726804995,12.217,57.1
22355,1961-03-19 00:00:00,0.4266386821032219,0.2172049712720067,0.6360723929344371,12.217,57.1
22356,1961-03-20 00:00:00,0.1905286040115995,-0.0182216434354376,0.3992788514586367,12.217,57.1
22357,1961-03-21 00:00:00,0.2471352187649609,0.0379042242387091,0.4563662132912128,12.217,57.1
22358,1961-03-22 00:00:00,0.1363353527213821,-0.0737542098943378,0.346424915337102,12.217,57.1
22359,1961-03-23 00:00:00,0.1342435888162148,-0.0720039968269244,0.3404911744593541,12.217,57.1
22360,1961-03-24 00:00:00,0.5043782365170921,0.2978327660793517,0.7109237069548325,12.217,57.1
22361,1961-03-25 00:00:00,0.2509125346343731,0.0440824222824311,0.457742646986315,12.217,57.1
22362,1961-03-26 00:00:00,0.3036857267208632,0.0973483200779403,0.5100231333637861,12.217,57.1
22363,1961-03-27 00:00:00,0.7060207063838216,0.497452389959192,0.9145890228084512,12.217,57.1
22364,1961-03-28 00:00:00,0.4472774746127224,0.2386266968114069,0.6559282524140377,12.217,57.1
22365,1961-03-29 00:00:00,0.1903398670321727,-0.0164597744232209,0.3971395084875664,12.217,57.1
22366,1961-03-30 00:00:00,0.4418811066053889,0.2352973631090507,0.6484648501017272,12.217,57.1
22367,1961-03-31 00:00:00,0.1920553121748482,-0.0156144797092745,0.399725104058971,12.217,57.1
22368,1961-04-01 00:00:00,0.12689192105718,-0.0791851938372485,0.3329690359516086,12.217,57.1
22369,1961-04-02 00:00:00,0.1110202538862019,-0.0953767648227012,0.3174172725951051,12.217,57.1
22370,1961-04-03 00:00:00,0.1186638001258833,-0.0871257555384501,0.3244533557902168,12.217,57.1
22371,1961-04-04 00:00:00,0.1725143003195121,-0.0332061161153972,0.3782347167544215,12.217,57.1
22372,1961-04-05 00:00:00,0.1028350932340219,-0.1032666771238868,0.3089368635919306,12.217,57.1
22373,1961-04-06 00:00:00,0.2391726846749048,0.0324803581625887,0.445865011187221,12.217,57.1
22374,1961-04-07 00:00:00,0.1158955625436202,-0.0901771855042822,0.3219683105915227,12.217,57.1
22375,1961-04-08 00:00:00,0.037063611998882,-0.1685791281644059,0.24270635216217,12.217,57.1
22376,1961-04-09 00:00:00,0.0447981317087932,-0.1608356561486946,0.2504319195662811,12.217,57.1
22377,1961-04-10 00:00:00,0.0293884407077322,-0.1764380375031067,0.2352149189185712,12.217,57.1
22378,1961-04-11 00:00:00,0.0719643155696253,-0.1338037952808352,0.2777324264200859,12.217,57.1
22379,1961-04-12 00:00:00,0.0452419805948943,-0.1604671360786267,0.2509510972684154,12.217,57.1
22380,1961-04-13 00:00:00,0.1299125804443689,-0.0759106510266063,0.3357358119153441,12.217,57.1
22381,1961-04-14 00:00:00,0.1927183968525092,-0.0130447422357045,0.3984815359407231,12.217,57.1
22382,1961-04-15 00:00:00,0.1326045450417662,-0.0730088719770272,0.3382179620605596,12.217,57.1
22383,1961-04-16 00:00:00,0.066023409008041,-0.1396506615341199,0.271697479550202,12.217,57.1
22384,1961-04-17 00:00:00,0.022076022863129,-0.1834783085920546,0.2276303543183127,12.217,57.1
22385,1961-04-18 00:00:00,0.0545518546587613,-0.1511790914529132,0.2602828007704359,12.217,57.1
22386,1961-04-19 00:00:00,0.0034192902173197,-0.2021783118852025,0.2090168923198421,12.217,57.1
22387,1961-04-20 00:00:00,0.010717714344174,-0.1949530066649148,0.2163884353532628,12.217,57.1
22388,1961-04-21 00:00:00,0.0101058913107031,-0.1957650492761569,0.2159768318975632,12.217,57.1
22389,1961-04-22 00:00:00,0.0893947184516936,-0.1162383724821323,0.2950278093855196,12.217,57.1
22390,1961-04-23 00:00:00,0.120014443435103,-0.085521892375502,0.3255507792457081,12.217,57.1
22391,1961-04-24 00:00:00,0.1366216076665199,-0.0690238484198453,0.3422670637528852,12.217,57.1
22392,1961-04-25 00:00:00,0.0175155240316225,-0.1881377298378298,0.2231687779010748,12.217,57.1
22393,1961-04-26 00:00:00,0.0350218634883877,-0.1705535020255441,0.2405972290023196,12.217,57.1
22394,1961-04-27 00:00:00,0.0382771183874977,-0.1672571603901367,0.2438113971651321,12.217,57.1
22395,1961-04-28 00:00:00,0.0628649535842051,-0.1429631617195299,0.2686930688879403,12.217,57.1
22396,1961-04-29 00:00:00,-0.0143330022705282,-0.2203787127555651,0.1917127082145087,12.217,57.1
22397,1961-04-30 00:00:00,0.0052002513449967,-0.2006905108245157,0.2110910135145092,12.217,57.1
22398,1961-05-01 00:00:00,0.0445278018860818,-0.1611595975866007,0.2502152013587644,12.217,57.1
22399,1961-05-02 00:00:00,0.0430482433257068,-0.1626740222831789,0.2487705089345926,12.217,57.1
22400,1961-05-03 00:00:00,0.1564948710347188,-0.0491626187954986,0.3621523608649364,12.217,57.1
22401,1961-05-04 00:00:00,0.095218621377246,-0.1104015993189494,0.3008388420734416,12.217,57.1
22402,1961-05-05 00:00:00,0.0872250051729468,-0.1183788705540633,0.292828880899957,12.217,57.1
22403,1961-05-06 00:00:00,0.2750148619236745,0.068387081065586,0.481642642781763,12.217,57.1
22404,1961-05-07 00:00:00,0.1926480188339756,-0.0136607654374602,0.3989568031054115,12.217,57.1
22405,1961-05-08 00:00:00,0.1859874906872518,-0.0197741937887604,0.3917491751632641,12.217,57.1
22406,1961-05-09 00:00:00,0.2032084199178046,-0.0024661957715264,0.4088830356071357,12.217,57.1
22407,1961-05-10 00:00:00,0.098687261426316,-0.1075517658752713,0.3049262887279034,12.217,57.1
22408,1961-05-11 00:00:00,0.0136878760231872,-0.1926426202234448,0.2200183722698194,12.217,57.1
22409,1961-05-12 00:00:00,-0.0194122383039099,-0.2252919916768639,0.186467515069044,12.217,57.1
22410,1961-05-13 00:00:00,0.0876869833447559,-0.1178390532833153,0.2932130199728272,12.217,57.1
22411,1961-05-14 00:00:00,0.2079915734388877,0.000694377162332,0.4152887697154435,12.217,57.1
22412,1961-05-15 00:00:00,0.0425416347400192,-0.1635907191122795,0.2486739885923179,12.217,57.1
22413,1961-05-16 00:00:00,-0.0422227989536785,-0.2478592092906693,0.1634136113833122,12.217,57.1
22414,1961-05-17 00:00:00,-0.0339634239026916,-0.2396269965744624,0.171700148769079,12.217,57.1
22415,1961-05-18 00:00:00,-0.0389194612727402,-0.2445227048532803,0.1666837823077997,12.217,57.1
22416,1961-05-19 00:00:00,0.0474594844633789,-0.1580812935503687,0.2530002624771266,12.217,57.1
22417,1961-05-20 00:00:00,0.1000463077196278,-0.1056915440564314,0.3057841594956872,12.217,57.1
22418,1961-05-21 00:00:00,0.0502305975646769,-0.1558321162351614,0.2562933113645154,12.217,57.1
22419,1961-05-22 00:00:00,0.0303834448721391,-0.1752957429307106,0.2360626326749889,12.217,57.1
22420,1961-05-23 00:00:00,0.0862830918582197,-0.1192151015378261,0.2917812852542656,12.217,57.1
22421,1961-05-24 00:00:00,0.1585228210883635,-0.0470415855101774,0.3640872276869045,12.217,57.1
22422,1961-05-25 00:00:00,0.2804746358472759,0.0738969827853717,0.48705228890918,12.217,57.1
22423,1961-05-26 00:00:00,0.0807489463740693,-0.1256259818919253,0.2871238746400639,12.217,57.1
22424,1961-05-27 00:00:00,0.0697307977746686,-0.1360359837686125,0.2754975793179499,12.217,57.1
22425,1961-05-28 00:00:00,0.026175115659475,-0.1794586533715963,0.2318088846905464,12.217,57.1
22426,1961-05-29 00:00:00,0.056470338421837,-0.1489612123564859,0.2619018892001601,12.217,57.1
22427,1961-05-30 00:00:00,0.0087888478945549,-0.1969838277580105,0.2145615235471205,12.217,57.1
22428,1961-05-31 00:00:00,0.021590040276534,-0.1857417241377888,0.2289218046908568,12.217,57.1
22429,1961-06-01 00:00:00,0.0851441592324935,-0.1215833367481107,0.2918716552130979,12.217,57.1
22430,1961-06-02 00:00:00,0.0821572832613472,-0.123632586232364,0.2879471527550585,12.217,57.1
22431,1961-06-03 00:00:00,0.031734222147931,-0.1738685465482177,0.2373369908440797,12.217,57.1
22432,1961-06-04 00:00:00,0.0027504864282624,-0.202811798082603,0.2083127709391279,12.217,57.1
22433,1961-06-05 00:00:00,-0.0038300561270816,-0.2094313191242189,0.2017712068700556,12.217,57.1
22434,1961-06-06 00:00:00,0.0068776405935296,-0.1986616669261213,0.2124169481131806,12.217,57.1
22435,1961-06-07 00:00:00,0.0621195881696224,-0.1433676508300707,0.2676068271693157,12.217,57.1
22436,1961-06-08 00:00:00,0.093253180703805,-0.1122595436449169,0.298765905052527,12.217,57.1
22437,1961-06-09 00:00:00,0.1123242137757064,-0.0932670929867586,0.3179155205381715,12.217,57.1
22438,1961-06-10 00:00:00,0.0922528207575803,-0.1133072658583393,0.2978129073735001,12.217,57.1
22439,1961-06-11 00:00:00,0.0336444480979689,-0.1720799853654903,0.2393688815614281,12.217,57.1
22440,1961-06-12 00:00:00,0.0676663755480267,-0.1378810799269462,0.2732138310229997,12.217,57.1
22441,1961-06-13 00:00:00,0.0911935582023329,-0.1143090077497038,0.2966961241543697,12.217,57.1
22442,1961-06-14 00:00:00,0.0833386080869482,-0.1222084001421046,0.288885616316001,12.217,57.1
22443,1961-06-15 00:00:00,0.0311146002083719,-0.1745658565426563,0.2367950569594001,12.217,57.1
22444,1961-06-16 00:00:00,0.0671762659689201,-0.1385319801420209,0.2728845120798613,12.217,57.1
22445,1961-06-17 00:00:00,0.1316638845205667,-0.0739393135876946,0.3372670826288281,12.217,57.1
22446,1961-06-18 00:00:00,0.2366828790299861,0.030820892563964,0.4425448654960082,12.217,57.1
22447,1961-06-19 00:00:00,0.3300828099892028,0.123174231302529,0.5369913886758766,12.217,57.1
22448,1961-06-20 00:00:00,0.2566989794497714,0.0481847669973871,0.4652131919021556,12.217,57.1
22449,1961-06-21 00:00:00,0.0930725184086654,-0.1133932907234263,0.2995383275407573,12.217,57.1
22450,1961-06-22 00:00:00,0.1078349864467655,-0.0980486017409872,0.3137185746345183,12.217,57.1
22451,1961-06-23 00:00:00,0.1069385421098298,-0.099113383879636,0.3129904680992957,12.217,57.1
22452,1961-06-24 00:00:00,0.3300874507749144,0.1238237389276118,0.5363511626222169,12.217,57.1
22453,1961-06-25 00:00:00,0.2877653430513205,0.0802397430901456,0.4952909430124954,12.217,57.1
22454,1961-06-26 00:00:00,0.2718682291255871,0.0646370244782291,0.4790994337729451,12.217,57.1
22455,1961-06-27 00:00:00,0.109120005471781,-0.0969481625754342,0.3151881735189963,12.217,57.1
22456,1961-06-28 00:00:00,0.1307382064591727,-0.0751412678653778,0.3366176807837232,12.217,57.1
22457,1961-06-29 00:00:00,0.170081942941134,-0.0359996151680981,0.3761635010503661,12.217,57.1
22458,1961-06-30 00:00:00,0.0797523412488687,-0.126290042850843,0.2857947253485805,12.217,57.1
22459,1961-07-01 00:00:00,0.027776962411916,-0.1777866996160046,0.2333406244398366,12.217,57.1
22460,1961-07-02 00:00:00,0.0619009023126833,-0.14380093416599,0.2676027387913569,12.217,57.1
22461,1961-07-03 00:00:00,0.0518518292243853,-0.1537214582961356,0.2574251167449062,12.217,57.1
22462,1961-07-04 00:00:00,0.1418799629136355,-0.0640443562635469,0.347804282090818,12.217,57.1
22463,1961-07-05 00:00:00,0.1958469999108245,-0.0110358190377164,0.4027298188593654,12.217,57.1
22464,1961-07-06 00:00:00,0.1793731092010713,-0.0280061823248753,0.386752400727018,12.217,57.1
22465,1961-07-07 00:00:00,0.1088885766800638,-0.0968943878879642,0.314671541248092,12.217,57.1
22466,1961-07-08 00:00:00,0.1034808566509205,-0.1020392667125291,0.3090009800143702,12.217,57.1
22467,1961-07-09 00:00:00,0.1331550504404123,-0.0725620081671404,0.338872109047965,12.217,57.1
22468,1961-07-10 00:00:00,0.2716545462645406,0.0654623934348195,0.4778466990942618,12.217,57.1
22469,1961-07-11 00:00:00,0.2613129397401781,0.0551300712545708,0.4674958082257853,12.217,57.1
22470,1961-07-12 00:00:00,0.1562949699885649,-0.0497972505160924,0.3623871904932223,12.217,57.1
22471,1961-07-13 00:00:00,0.1129662394494958,-0.0926618356344109,0.3185943145334026,12.217,57.1
22472,1961-07-14 00:00:00,0.236288698520574,0.029426114652509,0.4431512823886391,12.217,57.1
22473,1961-07-15 00:00:00,0.2040457015687484,-0.0047474877717329,0.4128388909092297,12.217,57.1
22474,1961-07-16 00:00:00,0.1103067168247608,-0.0958599592127008,0.3164733928622225,12.217,57.1
22475,1961-07-17 00:00:00,0.082301842234456,-0.1231645445992278,0.2877682290681399,12.217,57.1
22476,1961-07-18 00:00:00,0.0558165242129105,-0.1496472689605969,0.261280317386418,12.217,57.1
22477,1961-07-19 00:00:00,0.1199900185769416,-0.0854707969003477,0.3254508340542311,12.217,57.1
22478,1961-07-20 00:00:00,0.1187096621540854,-0.08690488431942,0.3243242086275908,12.217,57.1
22479,1961-07-21 00:00:00,0.0483717750236266,-0.1572631603653005,0.2540067104125538,12.217,57.1
22480,1961-07-22 00:00:00,0.05360430763101,-0.1519755428367947,0.2591841580988148,12.217,57.1
22481,1961-07-23 00:00:00,0.1162592894223132,-0.0893811506996394,0.321899729544266,12.217,57.1
22482,1961-07-24 00:00:00,0.1101598831312462,-0.095523665649901,0.3158434319123936,12.217,57.1
22483,1961-07-25 00:00:00,0.1366880452256883,-0.0689072184742262,0.342283308925603,12.217,57.1
22484,1961-07-26 00:00:00,0.1639635012626222,-0.0416747076437399,0.3696017101689844,12.217,57.1
22485,1961-07-27 00:00:00,0.3641173610944148,0.1582040239005208,0.5700306982883088,12.217,57.1
22486,1961-07-28 00:00:00,0.5038273949627446,0.2976383073159594,0.7100164826095299,12.217,57.1
22487,1961-07-29 00:00:00,0.2726745789834011,0.06649964522783,0.4788495127389722,12.217,57.1
22488,1961-07-30 00:00:00,0.1099709787569285,-0.0957592952548688,0.3157012527687259,12.217,57.1
22489,1961-07-31 00:00:00,0.0292515590586641,-0.1763765836093206,0.2348797017266489,12.217,57.1
22490,1961-08-01 00:00:00,-0.0066797207688241,-0.2131920589939583,0.19983261745631,12.217,57.1
22491,1961-08-02 00:00:00,0.1196601750249692,-0.0869793072474431,0.3262996572973817,12.217,57.1
22492,1961-08-03 00:00:00,0.1758691172128742,-0.0302425795588099,0.3819808139845584,12.217,57.1
22493,1961-08-04 00:00:00,0.1653402219219271,-0.0404532746991245,0.3711337185429788,12.217,57.1
22494,1961-08-05 00:00:00,0.3034404577523956,0.0970109250470718,0.5098699904577193,12.217,57.1
22495,1961-08-06 00:00:00,0.1859631131359949,-0.0201321722410914,0.3920583985130813,12.217,57.1
22496,1961-08-07 00:00:00,0.1498576279514172,-0.0559892095531557,0.3557044654559901,12.217,57.1
22497,1961-08-08 00:00:00,0.1147845685822671,-0.0908831869964478,0.3204523241609822,12.217,57.1
22498,1961-08-09 00:00:00,0.1455181783735532,-0.0601543355688176,0.3511906923159241,12.217,57.1
22499,1961-08-10 00:00:00,0.1037070084449096,-0.1028934520496937,0.310307468939513,12.217,57.1
22500,1961-08-11 00:00:00,0.1037992727799689,-0.1020404336845609,0.3096389792444988,12.217,57.1
22501,1961-08-12 00:00:00,0.0597992495929221,-0.145771687258633,0.2653701864444773,12.217,57.1
22502,1961-08-13 00:00:00,0.0637020593677717,-0.1417592788923024,0.2691633976278459,12.217,57.1
22503,1961-08-14 00:00:00,0.1105837545756841,-0.0949263932303068,0.3160939023816752,12.217,57.1
22504,1961-08-15 00:00:00,0.1758565007260459,-0.0297890257359448,0.3815020271880368,12.217,57.1
22505,1961-08-16 00:00:00,0.1282946509251123,-0.0774788647687432,0.334068166618968,12.217,57.1
22506,1961-08-17 00:00:00,0.0683992246851761,-0.1372649681095425,0.2740634174798947,12.217,57.1
22507,1961-08-18 00:00:00,0.0478321850730818,-0.1578655553321261,0.2535299254782899,12.217,57.1
22508,1961-08-19 00:00:00,0.1206679794320002,-0.0850746722250769,0.3264106310890774,12.217,57.1
22509,1961-08-20 00:00:00,0.115313439501512,-0.0906076696346974,0.3212345486377215,12.217,57.1
22510,1961-08-21 00:00:00,0.2685084806281388,0.0625279605289915,0.474489000727286,12.217,57.1
22511,1961-08-22 00:00:00,0.2849526738545138,0.0790083172753624,0.4908970304336651,12.217,57.1
22512,1961-08-23 00:00:00,0.1622380569864369,-0.0434475775545734,0.3679236915274472,12.217,57.1
22513,1961-08-24 00:00:00,0.154286635825277,-0.0513788026055738,0.3599520742561279,12.217,57.1
22514,1961-08-25 00:00:00,0.18840609067896,-0.01726739886169,0.3940795802196102,12.217,57.1
22515,1961-08-26 00:00:00,0.1353597680551325,-0.0704295404601523,0.3411490765704175,12.217,57.1
22516,1961-08-27 00:00:00,0.1295861994207441,-0.0762368020716339,0.3354092009131222,12.217,57.1
22517,1961-08-28 00:00:00,0.167644606642878,-0.0384677126054886,0.3737569258912446,12.217,57.1
22518,1961-08-29 00:00:00,0.0697225449063531,-0.136081439270355,0.2755265290830613,12.217,57.1
22519,1961-08-30 00:00:00,0.0242641412155154,-0.1812364343040753,0.2297647167351064,12.217,57.1
22520,1961-08-31 00:00:00,0.0252477679718091,-0.1802065715548003,0.2307021074984186,12.217,57.1
22521,1961-09-01 00:00:00,-0.0048735654765466,-0.2103284795080707,0.2005813485549775,12.217,57.1
22522,1961-09-02 00:00:00,-0.0012335685203946,-0.2068620085724238,0.2043948715316345,12.217,57.1
22523,1961-09-03 00:00:00,0.0557498597468387,-0.1496778909706519,0.2611776104643295,12.217,57.1
22524,1961-09-04 00:00:00,0.0230283481465257,-0.1824907676428985,0.22854746393595,12.217,57.1
22525,1961-09-05 00:00:00,0.0647616056327366,-0.140685728654881,0.2702089399203542,12.217,57.1
22526,1961-09-06 00:00:00,0.258623408103412,0.0518617610120269,0.4653850551947971,12.217,57.1
22527,1961-09-07 00:00:00,0.1467333097962406,-0.0601575485082061,0.3536241681006875,12.217,57.1
22528,1961-09-08 00:00:00,0.0007716413176356,-0.2054665364786091,0.2070098191138803,12.217,57.1
22529,1961-09-09 00:00:00,0.0601810092778363,-0.1457214553894889,0.2660834739451617,12.217,57.1
22530,1961-09-10 00:00:00,0.0776601844811651,-0.1279372971467152,0.2832576661090455,12.217,57.1
22531,1961-09-11 00:00:00,0.1041112397617234,-0.10132324967937,0.309545729202817,12.217,57.1
22532,1961-09-12 00:00:00,0.2010243400673038,-0.0044789072298365,0.4065275873644441,12.217,57.1
22533,1961-09-13 00:00:00,0.2254415331524394,0.0198435747204611,0.4310394915844178,12.217,57.1
22534,1961-09-14 00:00:00,0.2668589253977765,0.0604631939258319,0.4732546568697211,12.217,57.1
22535,1961-09-15 00:00:00,0.1858349840887642,-0.020312561217788,0.3919825293953166,12.217,57.1
22536,1961-09-16 00:00:00,0.2975339376960204,0.0912107900565562,0.5038570853354845,12.217,57.1
22537,1961-09-17 00:00:00,0.2025204612252123,-0.0036584344245422,0.4086993568749668,12.217,57.1
22538,1961-09-18 00:00:00,0.1291016775592255,-0.0774381195482598,0.3356414746667108,12.217,57.1
22539,1961-09-19 00:00:00,0.0156885995335212,-0.191129597269595,0.2225067963366375,12.217,57.1
22540,1961-09-20 00:00:00,0.0006008541382607,-0.2051099390673627,0.2063116473438841,12.217,57.1
22541,1961-09-21 00:00:00,0.0027346628886073,-0.2027979228514365,0.2082672486286511,12.217,57.1
22542,1961-09-22 00:00:00,0.0382570422707169,-0.1672551860766863,0.2437692706181203,12.217,57.1
22543,1961-09-23 00:00:00,-0.0346073837506998,-0.240071378909175,0.1708566114077753,12.217,57.1
22544,1961-09-24 00:00:00,-0.0094674102112193,-0.2148675996219423,0.1959327791995035,12.217,57.1
22545,1961-09-25 00:00:00,0.059716658886128,-0.1457357915400728,0.265169109312329,12.217,57.1
22546,1961-09-26 00:00:00,0.0650254823183653,-0.1407041868513396,0.2707551514880704,12.217,57.1
22547,1961-09-27 00:00:00,0.0624455442035416,-0.1430599179428444,0.2679510063499277,12.217,57.1
22548,1961-09-28 00:00:00,0.1527947955929134,-0.0529805996169868,0.3585701908028137,12.217,57.1
22549,1961-09-29 00:00:00,0.1141458938626582,-0.0918169332175249,0.3201087209428415,12.217,57.1
22550,1961-09-30 00:00:00,0.0761445843963436,-0.1296939627016075,0.2819831314942947,12.217,57.1
22551,1961-10-01 00:00:00,0.0748798089557648,-0.131058782782574,0.2808184006941036,12.217,57.1
22552,1961-10-02 00:00:00,0.00058462208729,-0.2051892966968874,0.2063585408714675,12.217,57.1
22553,1961-10-03 00:00:00,-0.0381681405127803,-0.2437705934015995,0.1674343123760389,12.217,57.1
22554,1961-10-04 00:00:00,-0.0222669530888688,-0.2279284247046171,0.1833945185268794,12.217,57.1
22555,1961-10-05 00:00:00,-0.0191619832612638,-0.2247083121271398,0.186384345604612,12.217,57.1
22556,1961-10-06 00:00:00,0.1243865926319119,-0.0814177066593962,0.3301908919232201,12.217,57.1
22557,1961-10-07 00:00:00,0.0231036642664404,-0.182897911129459,0.2291052396623399,12.217,57.1
22558,1961-10-08 00:00:00,0.0845007789013419,-0.1215412665980635,0.2905428244007474,12.217,57.1
22559,1961-10-09 00:00:00,0.2322537505105904,0.0248812084458821,0.4396262925752987,12.217,57.1
22560,1961-10-10 00:00:00,0.0138464744512697,-0.1934214701460085,0.2211144190485481,12.217,57.1
22561,1961-10-11 00:00:00,0.1398608418293379,-0.0669431118035431,0.3466647954622189,12.217,57.1
22562,1961-10-12 00:00:00,0.1966554021391696,-0.0099501731417638,0.4032609774201031,12.217,57.1
22563,1961-10-13 00:00:00,0.0633281874571237,-0.1437384193624902,0.2703947942767378,12.217,57.1
22564,1961-10-14 00:00:00,-0.0643337831208932,-0.2699768073624845,0.1413092411206979,12.217,57.1
22565,1961-10-15 00:00:00,0.03678466380634,-0.1688127496877809,0.242382077300461,12.217,57.1
22566,1961-10-16 00:00:00,0.1157972817723258,-0.0898691372468394,0.3214637007914911,12.217,57.1
22567,1961-10-17 00:00:00,0.2083512859389356,0.0027002175117171,0.414002354366154,12.217,57.1
22568,1961-10-18 00:00:00,0.3530889671395953,0.1460542790981754,0.5601236551810153,12.217,57.1
22569,1961-10-19 00:00:00,0.2371398721208465,0.0288625210680143,0.4454172231736787,12.217,57.1
22570,1961-10-20 00:00:00,0.1552821433832731,-0.0513707806570772,0.3619350674236234,12.217,57.1
22571,1961-10-21 00:00:00,0.1010500724464388,-0.1051975829862094,0.307297727879087,12.217,57.1
22572,1961-10-22 00:00:00,0.0206496821617405,-0.1853265587316908,0.2266259230551718,12.217,57.1
22573,1961-10-23 00:00:00,0.0823761890368109,-0.1257835410758138,0.2905359191494356,12.217,57.1
22574,1961-10-24 00:00:00,0.2767668172084977,0.0697937720211609,0.4837398623958344,12.217,57.1
22575,1961-10-25 00:00:00,0.2708761565767906,0.0629431494677721,0.4788091636858091,12.217,57.1
22576,1961-10-26 00:00:00,0.2474407918644024,0.0390653864098105,0.4558161973189944,12.217,57.1
22577,1961-10-27 00:00:00,0.203284941246708,-0.0026644693383182,0.4092343518317343,12.217,57.1
22578,1961-10-28 00:00:00,0.2465090571606254,0.0401719844414971,0.4528461298797537,12.217,57.1
22579,1961-10-29 00:00:00,0.2523147475682495,0.0462039998286614,0.4584254953078376,12.217,57.1
22580,1961-10-30 00:00:00,0.1975832541955613,-0.0085582860935759,0.4037247944846986,12.217,57.1
22581,1961-10-31 00:00:00,0.1646912308510352,-0.0414514630423729,0.3708339247444434,12.217,57.1
22582,1961-11-01 00:00:00,0.4209169814745053,0.2127375827284651,0.6290963802205455,12.217,57.1
22583,1961-11-02 00:00:00,0.2245911119642486,0.0182461277293656,0.4309360961991316,12.217,57.1
22584,1961-11-03 00:00:00,0.3214404207820712,0.1141067405576655,0.5287741010064768,12.217,57.1
22585,1961-11-04 00:00:00,0.4758426990473893,0.266598353390592,0.6850870447041867,12.217,57.1
22586,1961-11-05 00:00:00,0.1068439726766384,-0.1007486733981279,0.3144366187514049,12.217,57.1
22587,1961-11-06 00:00:00,0.0129936744675222,-0.1927703815671692,0.2187577305022136,12.217,57.1
22588,1961-11-07 00:00:00,0.0518556271570743,-0.1538793314234333,0.257590585737582,12.217,57.1
22589,1961-11-08 00:00:00,0.1028177683214619,-0.1033692789862476,0.3090048156291715,12.217,57.1
22590,1961-11-09 00:00:00,0.2010975571772597,-0.0053690204455525,0.407564134800072,12.217,57.1
22591,1961-11-10 00:00:00,0.2406887294976621,0.0347328231449882,0.446644635850336,12.217,57.1
22592,1961-11-11 00:00:00,0.2101047581244955,0.0032729986556403,0.4169365175933506,12.217,57.1
22593,1961-11-12 00:00:00,0.0370338838110423,-0.1711997682203694,0.2452675358424542,12.217,57.1
22594,1961-11-13 00:00:00,-0.2013210622872768,-0.4087694173302549,0.0061272927557012,12.217,57.1
22595,1961-11-14 00:00:00,-0.1683626281156826,-0.3746192414660231,0.0378939852346577,12.217,57.1
22596,1961-11-15 00:00:00,-0.0251965356141151,-0.2314430916845145,0.1810500204562842,12.217,57.1
22597,1961-11-16 00:00:00,0.0493875217751457,-0.1563761481872829,0.2551511917375744,12.217,57.1
22598,1961-11-17 00:00:00,0.2010385995049086,-0.0047104367168504,0.4067876357266676,12.217,57.1
22599,1961-11-18 00:00:00,0.1076696655594816,-0.0982778709328304,0.3136172020517936,12.217,57.1
22600,1961-11-19 00:00:00,-0.0302372787489882,-0.2360625740916716,0.1755880165936951,12.217,57.1
22601,1961-11-20 00:00:00,-0.0855054426635857,-0.2912528840293218,0.1202419987021503,12.217,57.1
22602,1961-11-21 00:00:00,0.0224532399728751,-0.1833019274548257,0.2282084074005759,12.217,57.1
22603,1961-11-22 00:00:00,0.0640493516022852,-0.1416824370247925,0.2697811402293629,12.217,57.1
22604,1961-11-23 00:00:00,0.0768514048881873,-0.1286884370419816,0.2823912468183562,12.217,57.1
22605,1961-11-24 00:00:00,0.1663122123884902,-0.0392700025523428,0.3718944273293233,12.217,57.1
22606,1961-11-25 00:00:00,0.19243682090151,-0.0135717399164037,0.3984453817194238,12.217,57.1
22607,1961-11-26 00:00:00,0.2929025129816427,0.0864411728889574,0.4993638530743279,12.217,57.1
22608,1961-11-27 00:00:00,0.1969913884413564,-0.0087563560113076,0.4027391328940206,12.217,57.1
22609,1961-11-28 00:00:00,0.037247084243117,-0.1683223265618766,0.2428164950481108,12.217,57.1
22610,1961-11-29 00:00:00,0.0989127187636889,-0.1065977868478993,0.3044232243752773,12.217,57.1
22611,1961-11-30 00:00:00,0.3091511664906839,0.1023960225830002,0.5159063103983677,12.217,57.1
22612,1961-12-01 00:00:00,0.3166454626885511,0.1100007161810826,0.5232902091960197,12.217,57.1
22613,1961-12-02 00:00:00,0.3355134852225198,0.1294274751325856,0.5415994953124539,12.217,57.1
22614,1961-12-03 00:00:00,0.2697706000307529,0.0632235575241901,0.4763176425373157,12.217,57.1
22615,1961-12-04 00:00:00,0.3415811704085028,0.1343825929296701,0.5487797478873354,12.217,57.1
22616,1961-12-05 00:00:00,0.1695526483054394,-0.0368598224608011,0.37596511907168,12.217,57.1
22617,1961-12-06 00:00:00,0.5859224901129629,0.3769321503795769,0.7949128298463489,12.217,57.1
22618,1961-12-07 00:00:00,0.4783184150686794,0.2683705541907052,0.6882662759466537,12.217,57.1
22619,1961-12-08 00:00:00,0.120230924911477,-0.0854505502084866,0.3259124000314407,12.217,57.1
22620,1961-12-09 00:00:00,0.0680278198345783,-0.1375749264322254,0.273630566101382,12.217,57.1
22621,1961-12-10 00:00:00,0.1077983939487901,-0.0979298568543877,0.313526644751968,12.217,57.1
22622,1961-12-11 00:00:00,0.0943112121058373,-0.1114989313618318,0.3001213555735065,12.217,57.1
22623,1961-12-12 00:00:00,0.1193064591413613,-0.0878283418807931,0.3264412601635158,12.217,57.1
22624,1961-12-13 00:00:00,-0.0517255062485475,-0.2583313639030716,0.1548803514059765,12.217,57.1
22625,1961-12-14 00:00:00,-0.0446146757760478,-0.250657397541716,0.1614280459896203,12.217,57.1
22626,1961-12-15 00:00:00,-0.0977280534968684,-0.3040499979701217,0.1085938909763848,12.217,57.1
22627,1961-12-16 00:00:00,-0.1248039564232535,-0.3314940849262081,0.0818861720797009,12.217,57.1
22628,1961-12-17 00:00:00,-0.0458478950265205,-0.2517280444597252,0.160032254406684,12.217,57.1
22629,1961-12-18 00:00:00,-0.0813611557327017,-0.2870815791130639,0.1243592676476604,12.217,57.1
22630,1961-12-19 00:00:00,-0.05958193869822,-0.2652871463418573,0.1461232689454172,12.217,57.1
22631,1961-12-20 00:00:00,-0.0335882134600159,-0.2393381591430854,0.1721617322230534,12.217,57.1
22632,1961-12-21 00:00:00,-0.0200645165462124,-0.2261372472789952,0.1860082141865702,12.217,57.1
22633,1961-12-22 00:00:00,-0.0542660727642352,-0.2601148131696163,0.1515826676411458,12.217,57.1
22634,1961-12-23 00:00:00,-0.018496834101062,-0.2250120277821607,0.1880183595800367,12.217,57.1
22635,1961-12-24 00:00:00,0.0115292805812743,-0.1943782390524354,0.217436800214984,12.217,57.1
22636,1961-12-25 00:00:00,0.204463856179429,-0.0012453759171107,0.4101730882759687,12.217,57.1
22637,1961-12-26 00:00:00,0.1805544488214793,-0.0254158642237139,0.3865247618666727,12.217,57.1
22638,1961-12-27 00:00:00,0.0402112056360162,-0.1655510819140251,0.2459734931860576,12.217,57.1
22639,1961-12-28 00:00:00,0.1489245157046284,-0.0575815569318323,0.3554305883410892,12.217,57.1
22640,1961-12-29 00:00:00,0.2526797211372318,0.0456711186851809,0.4596883235892826,12.217,57.1
22641,1961-12-30 00:00:00,0.2533550983879484,0.0469285398445082,0.4597816569313885,12.217,57.1
22642,1961-12-31 00:00:00,0.2271665133438302,0.0202362966615985,0.4340967300260619,12.217,57.1
22643,1962-01-01 00:00:00,0.0802520915285495,-0.1272560618282341,0.2877602448853332,12.217,57.1
22644,1962-01-02 00:00:00,0.0865275481229452,-0.1224337137257937,0.2954888099716842,12.217,57.1
22645,1962-01-03 00:00:00,0.0124879857636217,-0.1937236070628121,0.2186995785900555,12.217,57.1
22646,1962-01-04 00:00:00,0.018729758764136,-0.1869606376105936,0.2244201551388656,12.217,57.1
22647,1962-01-05 00:00:00,0.0501524246576292,-0.1553598246726636,0.2556646739879221,12.217,57.1
22648,1962-01-06 00:00:00,0.3441090160700729,0.1378900282377782,0.5503280039023676,12.217,57.1
22649,1962-01-07 00:00:00,0.0843230491692467,-0.1216480539508593,0.2902941522893529,12.217,57.1
22650,1962-01-08 00:00:00,0.1586028643013951,-0.0475005475314347,0.364706276134225,12.217,57.1
22651,1962-01-09 00:00:00,0.1799155742732851,-0.0258428423860014,0.3856739909325716,12.217,57.1
22652,1962-01-10 00:00:00,0.2778386354950921,0.071009781893573,0.4846674890966113,12.217,57.1
22653,1962-01-11 00:00:00,0.2877707787021261,0.0813779990201984,0.4941635583840537,12.217,57.1
22654,1962-01-12 00:00:00,0.4597635318767877,0.2513254352048857,0.6682016285486898,12.217,57.1
22655,1962-01-13 00:00:00,0.3996241835254508,0.1901509418005977,0.6090974252503039,12.217,57.1
22656,1962-01-14 00:00:00,0.359021452741431,0.1514460587641173,0.5665968467187447,12.217,57.1
22657,1962-01-15 00:00:00,0.2281787586197011,0.0218631780892563,0.4344943391501459,12.217,57.1
22658,1962-01-16 00:00:00,0.1389764053356614,-0.0668914553132722,0.3448442659845951,12.217,57.1
22659,1962-01-17 00:00:00,0.2862030673481125,0.0788310220784412,0.4935751126177837,12.217,57.1
22660,1962-01-18 00:00:00,0.32511298048762,0.118643868698985,0.531582092276255,12.217,57.1
22661,1962-01-19 00:00:00,0.3915623564735018,0.1849690868096636,0.5981556261373401,12.217,57.1
22662,1962-01-20 00:00:00,0.329571587994982,0.1221167264913331,0.5370264494986309,12.217,57.1
22663,1962-01-21 00:00:00,0.3138060287767428,0.1062262611887443,0.5213857963647412,12.217,57.1
22664,1962-01-22 00:00:00,0.262659866330948,0.0560654634884773,0.4692542691734188,12.217,57.1
22665,1962-01-23 00:00:00,0.5112528454866891,0.3017108081870819,0.7207948827862964,12.217,57.1
22666,1962-01-24 00:00:00,0.4041935571467862,0.1961241961162264,0.6122629181773459,12.217,57.1
22667,1962-01-25 00:00:00,0.1537079734126668,-0.0522772908386632,0.3596932376639969,12.217,57.1
22668,1962-01-26 00:00:00,-0.0169969152131978,-0.2227913329519611,0.1887975025255654,12.217,57.1
22669,1962-01-27 00:00:00,0.0712819925629899,-0.1345501405990432,0.2771141257250232,12.217,57.1
22670,1962-01-28 00:00:00,0.0599255713242304,-0.1462435814083046,0.2660947240567656,12.217,57.1
22671,1962-01-29 00:00:00,-0.1221730021378185,-0.3292247673360899,0.0848787630604529,12.217,57.1
22672,1962-01-30 00:00:00,-0.1997338445961927,-0.4063165771264546,0.0068488879340692,12.217,57.1
22673,1962-01-31 00:00:00,-0.0354051725902892,-0.241244097850839,0.1704337526702605,12.217,57.1
22674,1962-02-01 00:00:00,0.1294257425704063,-0.0815701146753853,0.3404215998161981,12.217,57.1
22675,1962-02-02 00:00:00,0.305641604121127,0.0939195262305467,0.5173636820117073,12.217,57.1
22676,1962-02-03 00:00:00,0.0135779279176832,-0.1921687134359901,0.2193245692713567,12.217,57.1
22677,1962-02-04 00:00:00,0.1314642404741884,-0.0756359643594808,0.3385644453078578,12.217,57.1
22678,1962-02-05 00:00:00,0.2095805197087641,-0.0006241536621599,0.4197851930796881,12.217,57.1
22679,1962-02-06 00:00:00,0.2970364589727517,0.0887424614415082,0.5053304565039951,12.217,57.1
22680,1962-02-07 00:00:00,0.1440867719127805,-0.0626215100359609,0.350795053861522,12.217,57.1
22681,1962-02-08 00:00:00,0.2472191533380598,0.0411677231476543,0.4532705835284654,12.217,57.1
22682,1962-02-09 00:00:00,0.0688416606720592,-0.137152737123833,0.2748360584679516,12.217,57.1
22683,1962-02-10 00:00:00,0.1180340010865409,-0.0880177033475358,0.3240857055206176,12.217,57.1
22684,1962-02-11 00:00:00,0.2128986133430466,0.0072023250771,0.4185949016089932,12.217,57.1
22685,1962-02-12 00:00:00,0.2833004089648396,0.0744302323990103,0.492170585530669,12.217,57.1
22686,1962-02-13 00:00:00,0.8453000112555988,0.6257174491671045,1.0648825733440932,12.217,57.1
22687,1962-02-14 00:00:00,0.2410058531713352,0.0321767287463634,0.4498349775963069,12.217,57.1
22688,1962-02-15 00:00:00,0.0324939578608798,-0.1740680191122006,0.2390559348339603,12.217,57.1
22689,1962-02-16 00:00:00,0.130667475608838,-0.0792023514269196,0.3405373026445957,12.217,57.1
22690,1962-02-17 00:00:00,0.9379341469642716,0.7222836030352859,1.1535846908932572,12.217,57.1
22691,1962-02-18 00:00:00,0.4521006172483837,0.2345999277912636,0.6696013067055038,12.217,57.1
22692,1962-02-19 00:00:00,-0.0557890474510712,-0.2645976542545597,0.1530195593524172,12.217,57.1
22693,1962-02-20 00:00:00,0.2086067286594659,0.0028508059748015,0.4143626513441304,12.217,57.1
22694,1962-02-21 00:00:00,0.0309334192304817,-0.1756661259388537,0.2375329643998173,12.217,57.1
22695,1962-02-22 00:00:00,-0.1867500979711682,-0.3932910249195872,0.0197908289772508,12.217,57.1
22696,1962-02-23 00:00:00,-0.2294743716133019,-0.4352340245554993,-0.0237147186711045,12.217,57.1
22697,1962-02-24 00:00:00,-0.1791806104787217,-0.3852036593457098,0.0268424383882663,12.217,57.1
22698,1962-02-25 00:00:00,-0.1747451386040466,-0.3811407508391827,0.0316504736310894,12.217,57.1
22699,1962-02-26 00:00:00,-0.181117319394551,-0.3871236481816077,0.0248890093925057,12.217,57.1
22700,1962-02-27 00:00:00,-0.1666560305339385,-0.3724975969081444,0.0391855358402674,12.217,57.1
22701,1962-02-28 00:00:00,-0.0725743839227151,-0.2782429555715214,0.1330941877260912,12.217,57.1
22702,1962-03-01 00:00:00,-0.0159769095149367,-0.221683070609662,0.1897292515797885,12.217,57.1
22703,1962-03-02 00:00:00,0.1145722451058581,-0.0910505444080375,0.3201950346197538,12.217,57.1
22704,1962-03-03 00:00:00,0.2489539472052884,0.0428134689821346,0.4550944254284422,12.217,57.1
22705,1962-03-04 00:00:00,0.0706784182906616,-0.1355857635745337,0.2769426001558571,12.217,57.1
22706,1962-03-05 00:00:00,0.0123434948625694,-0.1933122080501139,0.2179991977752528,12.217,57.1
22707,1962-03-06 00:00:00,0.0171675365220942,-0.1885913415988784,0.2229264146430669,12.217,57.1
22708,1962-03-07 00:00:00,-0.0069293957112351,-0.2129312922806956,0.1990725008582252,12.217,57.1
22709,1962-03-08 00:00:00,0.0162898469583126,-0.1892302929037866,0.2218099868204118,12.217,57.1
22710,1962-03-09 00:00:00,0.005120536158769,-0.200678948125533,0.2109200204430712,12.217,57.1
22711,1962-03-10 00:00:00,0.1847530257736022,-0.0218106215588119,0.3913166731060163,12.217,57.1
22712,1962-03-11 00:00:00,0.121276410099804,-0.0852582320693114,0.3278110522689195,12.217,57.1
22713,1962-03-12 00:00:00,0.0101812701243215,-0.1956204039916687,0.2159829442403117,12.217,57.1
22714,1962-03-13 00:00:00,-0.0113077329046871,-0.2175356622088682,0.1949201963994938,12.217,57.1
22715,1962-03-14 00:00:00,-0.0424187830095817,-0.2485768230301225,0.163739257010959,12.217,57.1
22716,1962-03-15 00:00:00,0.0677588474381847,-0.138089100649891,0.2736067955262605,12.217,57.1
22717,1962-03-16 00:00:00,0.019448131567263,-0.1862853534232935,0.2251816165578196,12.217,57.1
22718,1962-03-17 00:00:00,-0.0673291596260477,-0.2729257638041069,0.1382674445520114,12.217,57.1
22719,1962-03-18 00:00:00,-0.0726297981683714,-0.2782380317752893,0.1329784354385464,12.217,57.1
22720,1962-03-19 00:00:00,-0.0404685218158538,-0.2460278646077525,0.1650908209760448,12.217,57.1
22721,1962-03-20 00:00:00,0.0665299236159121,-0.1390103434259276,0.2720701906577518,12.217,57.1
22722,1962-03-21 00:00:00,0.0178087300089124,-0.1879100637149071,0.2235275237327321,12.217,57.1
22723,1962-03-22 00:00:00,0.0634542848770217,-0.1421655007462949,0.2690740705003384,12.217,57.1
22724,1962-03-23 00:00:00,0.0323829293764185,-0.1732242282990408,0.2379900870518779,12.217,57.1
22725,1962-03-24 00:00:00,-0.0247546802114428,-0.2303758488780332,0.1808664884551475,12.217,57.1
22726,1962-03-25 00:00:00,0.0304206907639066,-0.1752267635802471,0.2360681451080604,12.217,57.1
22727,1962-03-26 00:00:00,0.0699388658787402,-0.1356014957406348,0.2754792274981152,12.217,57.1
22728,1962-03-27 00:00:00,0.1569195313252642,-0.0487168799820533,0.3625559426325818,12.217,57.1
22729,1962-03-28 00:00:00,0.1418646083337138,-0.0638593518398233,0.3475885685072509,12.217,57.1
22730,1962-03-29 00:00:00,0.0581398643303143,-0.1475813271462021,0.2638610558068308,12.217,57.1
22731,1962-03-30 00:00:00,0.1296076645751329,-0.0761785057062958,0.3353938348565617,12.217,57.1
22732,1962-03-31 00:00:00,0.3397940835965891,0.133124500200998,0.5464636669921801,12.217,57.1
22733,1962-04-01 00:00:00,0.2852565411811612,0.0784957365307104,0.492017345831612,12.217,57.1
22734,1962-04-02 00:00:00,0.2209566629457656,0.0142008632495999,0.4277124626419314,12.217,57.1
22735,1962-04-03 00:00:00,0.2960736713311124,0.0896675002398623,0.5024798424223625,12.217,57.1
22736,1962-04-04 00:00:00,0.3035732174293868,0.0968741955887222,0.5102722392700514,12.217,57.1
22737,1962-04-05 00:00:00,0.2220856730676497,0.0159702579738998,0.4282010881613995,12.217,57.1
22738,1962-04-06 00:00:00,0.0975438036924619,-0.108200297798384,0.3032879051833079,12.217,57.1
22739,1962-04-07 00:00:00,0.126914903398699,-0.0792439667151179,0.3330737735125159,12.217,57.1
22740,1962-04-08 00:00:00,0.1985095623492555,-0.0073057049285529,0.4043248296270639,12.217,57.1
22741,1962-04-09 00:00:00,0.1838027822711689,-0.0222144709772173,0.3898200355195553,12.217,57.1
22742,1962-04-10 00:00:00,0.1240913482527658,-0.0823775341323137,0.3305602306378453,12.217,57.1
22743,1962-04-11 00:00:00,0.1118060242914185,-0.0939455058819523,0.3175575544647894,12.217,57.1
22744,1962-04-12 00:00:00,0.1523186488272371,-0.0544938405724821,0.3591311382269565,12.217,57.1
22745,1962-04-13 00:00:00,0.1940169641947528,-0.0129892177824238,0.4010231461719295,12.217,57.1
22746,1962-04-14 00:00:00,0.0570885523874235,-0.1502580039497603,0.2644351087246075,12.217,57.1
22747,1962-04-15 00:00:00,-0.1742371252563087,-0.3817871210714774,0.0333128705588599,12.217,57.1
22748,1962-04-16 00:00:00,-0.1893065738606059,-0.3952571817706235,0.0166440340494115,12.217,57.1
22749,1962-04-17 00:00:00,-0.1003684554713858,-0.3064418873288377,0.1057049763860661,12.217,57.1
22750,1962-04-18 00:00:00,-0.0451922732256917,-0.2514400116309879,0.1610554651796044,12.217,57.1
22751,1962-04-19 00:00:00,-0.0494036247466911,-0.2550796203513079,0.1562723708579257,12.217,57.1
22752,1962-04-20 00:00:00,0.0153126855173253,-0.1903180053602212,0.2209433763948719,12.217,57.1
22753,1962-04-21 00:00:00,-0.0118832965176537,-0.2174824300835144,0.1937158370482068,12.217,57.1
22754,1962-04-22 00:00:00,-0.0591423252712759,-0.2646572832571134,0.1463726327145615,12.217,57.1
22755,1962-04-23 00:00:00,0.0324473087741711,-0.1730705640597648,0.2379651816081072,12.217,57.1
22756,1962-04-24 00:00:00,-0.0820983066887639,-0.2877919494244917,0.1235953360469637,12.217,57.1
22757,1962-04-25 00:00:00,-0.0111301176899905,-0.2170198638397401,0.1947596284597589,12.217,57.1
22758,1962-04-26 00:00:00,-0.0770262709400533,-0.2827381896227446,0.128685647742638,12.217,57.1
22759,1962-04-27 00:00:00,-0.0061638309432877,-0.2119066705924512,0.1995790087058757,12.217,57.1
22760,1962-04-28 00:00:00,0.0595867260817327,-0.1485506338465778,0.2677240860100432,12.217,57.1
22761,1962-04-29 00:00:00,0.140743580498567,-0.0677797406982057,0.3492669016953399,12.217,57.1
22762,1962-04-30 00:00:00,0.0924144005403426,-0.114029266018502,0.2988580670991874,12.217,57.1
22763,1962-05-01 00:00:00,-0.0075661471395208,-0.213580730368817,0.1984484360897754,12.217,57.1
22764,1962-05-02 00:00:00,0.0878510847839906,-0.1179354528011131,0.2936376223690944,12.217,57.1
22765,1962-05-03 00:00:00,0.0875141105418441,-0.1183235379651021,0.2933517590487904,12.217,57.1
22766,1962-05-04 00:00:00,0.0582613954836806,-0.1472989011255795,0.2638216920929407,12.217,57.1
22767,1962-05-05 00:00:00,0.0152676939420302,-0.1901972589323709,0.2207326468164314,12.217,57.1
22768,1962-05-06 00:00:00,0.0854123941502683,-0.1201511164743781,0.2909759047749148,12.217,57.1
22769,1962-05-07 00:00:00,0.1256987942672637,-0.0799471920632012,0.3313447805977287,12.217,57.1
22770,1962-05-08 00:00:00,0.0539557770255042,-0.1517415096906963,0.2596530637417048,12.217,57.1
22771,1962-05-09 00:00:00,0.0636433609364006,-0.1418523434046178,0.2691390652774191,12.217,57.1
22772,1962-05-10 00:00:00,0.057038529993224,-0.1484883281694018,0.2625653881558499,12.217,57.1
22773,1962-05-11 00:00:00,0.1058229049431025,-0.1001966707370483,0.3118424806232533,12.217,57.1
22774,1962-05-12 00:00:00,-0.0142848376629617,-0.2205031629060119,0.1919334875800885,12.217,57.1
22775,1962-05-13 00:00:00,-0.0430513170511366,-0.2486526024069471,0.1625499683046739,12.217,57.1
22776,1962-05-14 00:00:00,-0.0325935107607932,-0.2380674666900914,0.1728804451685049,12.217,57.1
22777,1962-05-15 00:00:00,-0.0250741955950595,-0.2307104370123168,0.1805620458221978,12.217,57.1
22778,1962-05-16 00:00:00,0.0201773050559758,-0.185434332236786,0.2257889423487376,12.217,57.1
22779,1962-05-17 00:00:00,0.2244922333988052,0.0184750339713061,0.4305094328263043,12.217,57.1
22780,1962-05-18 00:00:00,0.1642533256935189,-0.0419114975973582,0.370418148984396,12.217,57.1
22781,1962-05-19 00:00:00,0.146385903981915,-0.0592668838691496,0.3520386918329797,12.217,57.1
22782,1962-05-20 00:00:00,0.277870563044454,0.0715142309327247,0.4842268951561833,12.217,57.1
22783,1962-05-21 00:00:00,0.1653219880728027,-0.0411626054425336,0.371806581588139,12.217,57.1
22784,1962-05-22 00:00:00,0.1516706181764312,-0.0545133450724153,0.3578545814252777,12.217,57.1
22785,1962-05-23 00:00:00,0.1565493708060203,-0.049238717323316,0.3623374589353566,12.217,57.1
22786,1962-05-24 00:00:00,0.2924494407456379,0.0862844269763906,0.4986144545148852,12.217,57.1
22787,1962-05-25 00:00:00,0.1578873881901718,-0.0482047648348956,0.3639795412152393,12.217,57.1
22788,1962-05-26 00:00:00,0.0173077231000592,-0.1884691189874765,0.2230845651875949,12.217,57.1
22789,1962-05-27 00:00:00,-0.0337127664241144,-0.2393465999957629,0.1719210671475341,12.217,57.1
22790,1962-05-28 00:00:00,-0.021648384776089,-0.2275819636804524,0.1842851941282743,12.217,57.1
22791,1962-05-29 00:00:00,0.0518312488367318,-0.1537280896373844,0.2573905873108481,12.217,57.1
22792,1962-05-30 00:00:00,0.1537321438544607,-0.0518462073131731,0.3593104950220946,12.217,57.1
22793,1962-05-31 00:00:00,0.1568137477704758,-0.0491062328858367,0.3627337284267884,12.217,57.1
22794,1962-06-01 00:00:00,0.0516964191309001,-0.1543056924001335,0.2576985306619338,12.217,57.1
22795,1962-06-02 00:00:00,0.0197163928857269,-0.1861287113828501,0.225561497154304,12.217,57.1
22796,1962-06-03 00:00:00,-0.0068536848231833,-0.2127127101950723,0.1990053405487055,12.217,57.1
22797,1962-06-04 00:00:00,-0.0382087958281194,-0.243807866469061,0.167390274812822,12.217,57.1
22798,1962-06-05 00:00:00,-0.0686297916194545,-0.2741494591465844,0.1368898759076753,12.217,57.1
22799,1962-06-06 00:00:00,-0.1093913161483711,-0.3150044913403736,0.0962218590436312,12.217,57.1
22800,1962-06-07 00:00:00,-0.1021147400630285,-0.307666534605107,0.10343705447905,12.217,57.1
22801,1962-06-08 00:00:00,-0.0275241695329477,-0.2330253812952585,0.177977042229363,12.217,57.1
22802,1962-06-09 00:00:00,0.0636508430233015,-0.1421333673926328,0.2694350534392358,12.217,57.1
22803,1962-06-10 00:00:00,0.068170881677528,-0.1375588897423629,0.273900653097419,12.217,57.1
22804,1962-06-11 00:00:00,0.091306058963845,-0.1142248052194659,0.296836923147156,12.217,57.1
22805,1962-06-12 00:00:00,0.1248025795286607,-0.0807754643899784,0.3303806234473,12.217,57.1
22806,1962-06-13 00:00:00,0.1197002246524203,-0.0858260935824419,0.3252265428872827,12.217,57.1
22807,1962-06-14 00:00:00,0.1326156958510385,-0.0729686885820664,0.3382000802841434,12.217,57.1
22808,1962-06-15 00:00:00,0.1001992068554123,-0.1053376628953109,0.3057360766061357,12.217,57.1
22809,1962-06-16 00:00:00,0.0412984535986727,-0.1643967606165959,0.2469936678139413,12.217,57.1
22810,1962-06-17 00:00:00,0.0876176087854359,-0.1181507962573377,0.2933860138282097,12.217,57.1
22811,1962-06-18 00:00:00,0.0496000118020096,-0.1560270391990662,0.2552270628030855,12.217,57.1
22812,1962-06-19 00:00:00,0.089071267418111,-0.1165067241040169,0.294649258940239,12.217,57.1
22813,1962-06-20 00:00:00,0.1846964030614215,-0.0212969201901732,0.3906897263130163,12.217,57.1
22814,1962-06-21 00:00:00,0.2463433688188252,0.0400917875560253,0.4525949500816251,12.217,57.1
22815,1962-06-22 00:00:00,0.1304127333955903,-0.075967639006373,0.3367931057975538,12.217,57.1
22816,1962-06-23 00:00:00,0.1543596136332556,-0.0516480485990903,0.3603672758656017,12.217,57.1
22817,1962-06-24 00:00:00,0.0962538958075738,-0.110165080974703,0.3026728725898507,12.217,57.1
22818,1962-06-25 00:00:00,0.2839169563917344,0.0775867867901764,0.4902471259932923,12.217,57.1
22819,1962-06-26 00:00:00,0.5269486937696664,0.318804719430994,0.7350926681083387,12.217,57.1
22820,1962-06-27 00:00:00,0.1083266292782632,-0.0980841904749955,0.314737449031522,12.217,57.1
22821,1962-06-28 00:00:00,0.1401136901218238,-0.0656693533261651,0.3458967335698128,12.217,57.1
22822,1962-06-29 00:00:00,0.1144366119611451,-0.0915084265310955,0.3203816504533858,12.217,57.1
22823,1962-06-30 00:00:00,0.0780601818856433,-0.1278225195713528,0.2839428833426397,12.217,57.1
22824,1962-07-01 00:00:00,0.064303539992662,-0.1413576008789991,0.2699646808643233,12.217,57.1
22825,1962-07-02 00:00:00,0.0985053612869725,-0.107123032909587,0.3041337554835322,12.217,57.1
22826,1962-07-03 00:00:00,0.3100365849242435,0.1040657074923918,0.5160074623560953,12.217,57.1
22827,1962-07-04 00:00:00,0.2337831589011925,0.0270204833047641,0.4405458344976209,12.217,57.1
22828,1962-07-05 00:00:00,0.0740552030712746,-0.1319230315419994,0.2800334376845487,12.217,57.1
22829,1962-07-06 00:00:00,0.0329027877222323,-0.1731120458479025,0.2389176212923672,12.217,57.1
22830,1962-07-07 00:00:00,-0.0056670099515113,-0.2114876717783367,0.2001536518753141,12.217,57.1
22831,1962-07-08 00:00:00,0.0027538037276472,-0.2028100887241568,0.2083176961794513,12.217,57.1
22832,1962-07-09 00:00:00,0.0129888907266609,-0.1924535675866324,0.2184313490399542,12.217,57.1
22833,1962-07-10 00:00:00,-0.0211683467719166,-0.226618044449345,0.1842813509055116,12.217,57.1
22834,1962-07-11 00:00:00,0.0101508396659787,-0.1954886210191184,0.2157903003510758,12.217,57.1
22835,1962-07-12 00:00:00,0.0928369316108841,-0.11293969712373,0.2986135603454984,12.217,57.1
22836,1962-07-13 00:00:00,0.0514363337489835,-0.15413152704123,0.257004194539197,12.217,57.1
22837,1962-07-14 00:00:00,0.0376694566376829,-0.1678634023476126,0.2432023156229785,12.217,57.1
22838,1962-07-15 00:00:00,0.0469112194758359,-0.1585596232121151,0.2523820621637869,12.217,57.1
22839,1962-07-16 00:00:00,0.0474230088859978,-0.1581096147048421,0.2529556324768378,12.217,57.1
22840,1962-07-17 00:00:00,0.0314027935938137,-0.1740935071573636,0.2368990943449912,12.217,57.1
22841,1962-07-18 00:00:00,0.0155111305799442,-0.1899527864407305,0.2209750476006191,12.217,57.1
22842,1962-07-19 00:00:00,0.0238719855951308,-0.1815509392522526,0.2292949104425143,12.217,57.1
22843,1962-07-20 00:00:00,0.0949508438350762,-0.1105270189591319,0.3004287066292845,12.217,57.1
22844,1962-07-21 00:00:00,0.1032668889888756,-0.1022620066191542,0.3087957845969056,12.217,57.1
22845,1962-07-22 00:00:00,0.2030435877986078,-0.0029215331314117,0.4090087087286275,12.217,57.1
22846,1962-07-23 00:00:00,0.1559542650807522,-0.0502587751059874,0.3621673052674918,12.217,57.1
22847,1962-07-24 00:00:00,0.1875219169112613,-0.0184672988123826,0.3935111326349054,12.217,57.1
22848,1962-07-25 00:00:00,0.0781579469357235,-0.1277859768134136,0.2841018706848607,12.217,57.1
22849,1962-07-26 00:00:00,0.0380328977737628,-0.1675607994581334,0.243626595005659,12.217,57.1
22850,1962-07-27 00:00:00,0.0024200170971644,-0.2029886631022972,0.2078286972966261,12.217,57.1
22851,1962-07-28 00:00:00,-0.0512439605139478,-0.2568319793257088,0.154344058297813,12.217,57.1
22852,1962-07-29 00:00:00,-0.0267986318143099,-0.2322777263973016,0.1786804627686816,12.217,57.1
22853,1962-07-30 00:00:00,0.0321385957702662,-0.1733140229384681,0.2375912144790005,12.217,57.1
22854,1962-07-31 00:00:00,0.0643948267324593,-0.1410265410338162,0.2698161944987349,12.217,57.1
22855,1962-08-01 00:00:00,0.0978228505875543,-0.107721733095691,0.3033674342707997,12.217,57.1
22856,1962-08-02 00:00:00,0.2018464919408766,-0.0039495529454144,0.4076425368271677,12.217,57.1
22857,1962-08-03 00:00:00,0.1182147038344015,-0.0874923261123423,0.3239217337811453,12.217,57.1
22858,1962-08-04 00:00:00,0.0874959338636412,-0.1180708076218087,0.2930626753490913,12.217,57.1
22859,1962-08-05 00:00:00,0.1677563866059235,-0.0380669059979907,0.3735796792098377,12.217,57.1
22860,1962-08-06 00:00:00,0.1448494963296255,-0.0607691915014219,0.350468184160673,12.217,57.1
22861,1962-08-07 00:00:00,0.2195677155916821,0.0139612518782709,0.4251741793050934,12.217,57.1
22862,1962-08-08 00:00:00,0.1698214738347022,-0.0366277959462117,0.3762707436156163,12.217,57.1
22863,1962-08-09 00:00:00,0.3199129916456906,0.1122199103992383,0.5276060728921428,12.217,57.1
22864,1962-08-10 00:00:00,0.1624750464338556,-0.0437450289794267,0.3686951218471381,12.217,57.1
22865,1962-08-11 00:00:00,0.2552687579537929,0.0483320829105792,0.4622054329970065,12.217,57.1
22866,1962-08-12 00:00:00,0.2679388271270497,0.0618468399352806,0.4740308143188189,12.217,57.1
22867,1962-08-13 00:00:00,0.3227065677451806,0.1153084896577909,0.5301046458325703,12.217,57.1
22868,1962-08-14 00:00:00,0.0574901450717474,-0.1501325569066057,0.2651128470501007,12.217,57.1
22869,1962-08-15 00:00:00,0.0102246750786033,-0.1954999923237286,0.2159493424809352,12.217,57.1
22870,1962-08-16 00:00:00,0.1139573172472093,-0.0917162588196038,0.3196308933140225,12.217,57.1
22871,1962-08-17 00:00:00,0.1466860116841588,-0.0594461168501126,0.3528181402184302,12.217,57.1
22872,1962-08-18 00:00:00,0.0714244732754944,-0.1343942229333344,0.2772431694843232,12.217,57.1
22873,1962-08-19 00:00:00,0.0329631223440947,-0.173587525040625,0.2395137697288144,12.217,57.1
22874,1962-08-20 00:00:00,-0.0376560482649636,-0.2435573855435156,0.1682452890135883,12.217,57.1
22875,1962-08-21 00:00:00,0.0187847564210332,-0.1867756459967664,0.224345158838833,12.217,57.1
22876,1962-08-22 00:00:00,0.1333605630937883,-0.0722032320327262,0.338924358220303,12.217,57.1
22877,1962-08-23 00:00:00,0.1760747978239236,-0.0297929377877298,0.3819425334355771,12.217,57.1
22878,1962-08-24 00:00:00,0.2634117903698717,0.0572921616894296,0.4695314190503138,12.217,57.1
22879,1962-08-25 00:00:00,0.3983688282396689,0.1914442121303554,0.6052934443489825,12.217,57.1
22880,1962-08-26 00:00:00,0.4636322626169855,0.2572924151542073,0.6699721100797636,12.217,57.1
22881,1962-08-27 00:00:00,0.1921118347766004,-0.0148228241108362,0.3990464936640371,12.217,57.1
22882,1962-08-28 00:00:00,0.5335379949874255,0.3245394305470793,0.7425365594277717,12.217,57.1
22883,1962-08-29 00:00:00,0.3805572095247169,0.1724813923637365,0.5886330266856974,12.217,57.1
22884,1962-08-30 00:00:00,0.092763549118638,-0.113150546976651,0.298677645213927,12.217,57.1
22885,1962-08-31 00:00:00,0.1658529599717602,-0.0399900681351858,0.3716959880787063,12.217,57.1
22886,1962-09-01 00:00:00,0.0490395772000788,-0.1570793492196303,0.255158503619788,12.217,57.1
22887,1962-09-02 00:00:00,0.0335695765417801,-0.1719586385459693,0.2390977916295296,12.217,57.1
22888,1962-09-03 00:00:00,0.1055151803972412,-0.0999774297706477,0.3110077905651302,12.217,57.1
22889,1962-09-04 00:00:00,0.1221366638511264,-0.0834306688419898,0.3277039965442427,12.217,57.1
22890,1962-09-05 00:00:00,0.1554631811514732,-0.0503168309888389,0.3612431932917854,12.217,57.1
22891,1962-09-06 00:00:00,0.2818916001796856,0.0757200827696593,0.4880631175897119,12.217,57.1
22892,1962-09-07 00:00:00,0.2870457955046815,0.080572110521439,0.4935194804879241,12.217,57.1
22893,1962-09-08 00:00:00,0.3386271119033818,0.1322336556730006,0.545020568133763,12.217,57.1
22894,1962-09-09 00:00:00,0.153094543573501,-0.0529825556060244,0.3591716427530264,12.217,57.1
22895,1962-09-10 00:00:00,0.1603567096885242,-0.0455577894571138,0.3662712088341624,12.217,57.1
22896,1962-09-11 00:00:00,0.2505492146022944,0.0444515242150185,0.4566469049895704,12.217,57.1
22897,1962-09-12 00:00:00,0.1586683913195718,-0.0472670321673265,0.3646038148064702,12.217,57.1
22898,1962-09-13 00:00:00,0.2054034336723036,-0.0023390137337622,0.4131458810783694,12.217,57.1
22899,1962-09-14 00:00:00,0.1037965368147164,-0.1024570706743286,0.3100501443037616,12.217,57.1
22900,1962-09-15 00:00:00,0.0527063568879387,-0.1528973613346578,0.2583100751105354,12.217,57.1
22901,1962-09-16 00:00:00,0.1643347322917606,-0.0412637153928407,0.3699331799763619,12.217,57.1
22902,1962-09-17 00:00:00,0.2490038768258546,0.042755667868541,0.4552520857831681,12.217,57.1
22903,1962-09-18 00:00:00,0.1679002197508719,-0.0379978787105296,0.3737983182122735,12.217,57.1
22904,1962-09-19 00:00:00,-0.0043658423849869,-0.2098560530141623,0.2011243682441884,12.217,57.1
22905,1962-09-20 00:00:00,-0.022155948272322,-0.2279173024673802,0.1836054059227362,12.217,57.1
22906,1962-09-21 00:00:00,0.038545079601492,-0.1675865260096594,0.2446766852126435,12.217,57.1
22907,1962-09-22 00:00:00,-0.0068966107099385,-0.2127621524256782,0.1989689310058011,12.217,57.1
22908,1962-09-23 00:00:00,0.041237369933029,-0.1643563551950088,0.246831095061067,12.217,57.1
22909,1962-09-24 00:00:00,0.0543349526309284,-0.1515777924593783,0.2602476977212353,12.217,57.1
22910,1962-09-25 00:00:00,0.0236323972856117,-0.1819665383705225,0.229231332941746,12.217,57.1
22911,1962-09-26 00:00:00,0.0369261451111596,-0.1686294103163856,0.2424817005387049,12.217,57.1
22912,1962-09-27 00:00:00,0.0732098220878394,-0.1327238352602405,0.2791434794359194,12.217,57.1
22913,1962-09-28 00:00:00,0.0947689533675177,-0.1109795278813858,0.3005174346164214,12.217,57.1
22914,1962-09-29 00:00:00,0.020215172834054,-0.1853131703296626,0.2257435159977708,12.217,57.1
22915,1962-09-30 00:00:00,0.0795901975861412,-0.1258766368876217,0.2850570320599042,12.217,57.1
22916,1962-10-01 00:00:00,0.162615627596968,-0.0431678238459612,0.3683990790398972,12.217,57.1
22917,1962-10-02 00:00:00,0.0579378491015579,-0.1479703904563534,0.2638460886594694,12.217,57.1
22918,1962-10-03 00:00:00,0.0873680795223715,-0.1184644278409512,0.2932005868856943,12.217,57.1
22919,1962-10-04 00:00:00,0.0064026912062469,-0.1993721833461277,0.2121775657586215,12.217,57.1
22920,1962-10-05 00:00:00,-0.0172693357901404,-0.2226893060355297,0.188150634455249,12.217,57.1
22921,1962-10-06 00:00:00,-0.0052677412883579,-0.2106972793477383,0.2001617967710224,12.217,57.1
22922,1962-10-07 00:00:00,-0.0318431982177605,-0.2372814524228752,0.173595055987354,12.217,57.1
22923,1962-10-08 00:00:00,-0.0265879801719034,-0.2320312656566106,0.1788553053128037,12.217,57.1
22924,1962-10-09 00:00:00,-0.0260036808246912,-0.2314767758686248,0.1794694142192423,12.217,57.1
22925,1962-10-10 00:00:00,-0.0029267155613619,-0.2084379768173117,0.2025845456945878,12.217,57.1
22926,1962-10-11 00:00:00,-0.0548979603779269,-0.2604296299202058,0.1506337091643519,12.217,57.1
22927,1962-10-12 00:00:00,-0.0349127355577676,-0.2404511951475711,0.1706257240320358,12.217,57.1
22928,1962-10-13 00:00:00,0.000653169222482,-0.204891761027475,0.2061980994724392,12.217,57.1
22929,1962-10-14 00:00:00,0.083471091181889,-0.1222661503370247,0.2892083327008028,12.217,57.1
22930,1962-10-15 00:00:00,-0.0009009520216988,-0.2069376519674508,0.2051357479240532,12.217,57.1
22931,1962-10-16 00:00:00,0.0166106236535096,-0.1890467671915611,0.2222680144985804,12.217,57.1
22932,1962-10-17 00:00:00,0.0269641818554094,-0.1786023513923256,0.2325307151031444,12.217,57.1
22933,1962-10-18 00:00:00,0.1593047703038583,-0.0462964044621569,0.3649059450698736,12.217,57.1
22934,1962-10-19 00:00:00,0.2709033702943325,0.0621233372502189,0.479683403338446,12.217,57.1
22935,1962-10-20 00:00:00,0.0776080461057134,-0.129829604815542,0.2850456970269689,12.217,57.1
22936,1962-10-21 00:00:00,-0.0033887481565655,-0.2090402189908792,0.2022627226777481,12.217,57.1
22937,1962-10-22 00:00:00,-0.021611106642424,-0.227122613565875,0.183900400281027,12.217,57.1
22938,1962-10-23 00:00:00,0.0179171462013135,-0.1875581402071084,0.2233924326097355,12.217,57.1
22939,1962-10-24 00:00:00,0.1828511036840767,-0.0229624922188239,0.3886646995869773,12.217,57.1
22940,1962-10-25 00:00:00,0.1016466017496423,-0.1042267017517913,0.307519905251076,12.217,57.1
22941,1962-10-26 00:00:00,0.2255620541039574,0.0196548398031335,0.4314692684047814,12.217,57.1
22942,1962-10-27 00:00:00,0.1306861117869612,-0.0762689702573473,0.3376411938312698,12.217,57.1
22943,1962-10-28 00:00:00,0.1800594328004955,-0.0272849451438521,0.3874038107448432,12.217,57.1
22944,1962-10-29 00:00:00,0.3152229495046796,0.1076135447496982,0.522832354259661,12.217,57.1
22945,1962-10-30 00:00:00,0.0992836917937672,-0.1064029963217967,0.3049703799093312,12.217,57.1
22946,1962-10-31 00:00:00,0.2803502720113426,0.073052234191391,0.4876483098312941,12.217,57.1
22947,1962-11-01 00:00:00,0.3061638000549836,0.0993989224436354,0.512928677666332,12.217,57.1
22948,1962-11-02 00:00:00,0.1205901634216672,-0.0851028105032004,0.3262831373465349,12.217,57.1
22949,1962-11-03 00:00:00,0.0736688313575544,-0.1319916304212322,0.2793292931363411,12.217,57.1
22950,1962-11-04 00:00:00,0.1297549546847996,-0.0758618956626828,0.3353718050322822,12.217,57.1
22951,1962-11-05 00:00:00,0.1640470004445796,-0.0419523620878873,0.3700463629770467,12.217,57.1
22952,1962-11-06 00:00:00,0.0647553782037855,-0.1413413091837843,0.2708520655913555,12.217,57.1
22953,1962-11-07 00:00:00,-0.0035588768719269,-0.2096232279082678,0.2025054741644139,12.217,57.1
22954,1962-11-08 00:00:00,0.027972213366637,-0.1781199775993456,0.2340644043326197,12.217,57.1
22955,1962-11-09 00:00:00,-0.0968802618442478,-0.3031530782396683,0.1093925545511725,12.217,57.1
22956,1962-11-10 00:00:00,-0.1930329883572327,-0.3997801743263737,0.0137141976119082,12.217,57.1
22957,1962-11-11 00:00:00,-0.2042385353048149,-0.4109396373045763,0.0024625666949464,12.217,57.1
22958,1962-11-12 00:00:00,-0.1332211530724883,-0.3391814198867758,0.072739113741799,12.217,57.1
22959,1962-11-13 00:00:00,-0.008655991053074,-0.2146377655235681,0.1973257834174199,12.217,57.1
22960,1962-11-14 00:00:00,-0.0388328928579756,-0.2446193488390558,0.1669535631231045,12.217,57.1
22961,1962-11-15 00:00:00,0.2382402599158342,0.0304186542331582,0.4460618655985102,12.217,57.1
22962,1962-11-16 00:00:00,0.1918470383657475,-0.0175486010249106,0.4012426777564057,12.217,57.1
22963,1962-11-17 00:00:00,0.1313829116545007,-0.074499602302119,0.3372654256111205,12.217,57.1
22964,1962-11-18 00:00:00,0.1290257422168406,-0.0769146820769312,0.3349661665106124,12.217,57.1
22965,1962-11-19 00:00:00,0.1355449769278864,-0.0708490132147372,0.3419389670705102,12.217,57.1
22966,1962-11-20 00:00:00,0.0212195047499718,-0.184491149578625,0.2269301590785686,12.217,57.1
22967,1962-11-21 00:00:00,0.0387651255734927,-0.1668111609447765,0.2443414120917619,12.217,57.1
22968,1962-11-22 00:00:00,0.0363515346488716,-0.1691700554452259,0.2418731247429691,12.217,57.1
22969,1962-11-23 00:00:00,-0.0768519185034037,-0.2825060970824208,0.1288022600756133,12.217,57.1
22970,1962-11-24 00:00:00,-0.0406011506791823,-0.2463062063909661,0.1651039050326014,12.217,57.1
22971,1962-11-25 00:00:00,0.1150313552775957,-0.0911740816106368,0.3212367921658284,12.217,57.1
22972,1962-11-26 00:00:00,0.0172535458965736,-0.1888161458668898,0.2233232376600371,12.217,57.1
22973,1962-11-27 00:00:00,0.0361060510888236,-0.169511192341382,0.2417232945190293,12.217,57.1
22974,1962-11-28 00:00:00,0.079925396906146,-0.1257013329082865,0.2855521267205786,12.217,57.1
22975,1962-11-29 00:00:00,0.0119337892264156,-0.1938927103435367,0.2177602887963681,12.217,57.1
22976,1962-11-30 00:00:00,0.1473538457032784,-0.0587529252431844,0.3534606166497412,12.217,57.1
22977,1962-12-01 00:00:00,-0.0776177821340747,-0.2839686841946895,0.1287331199265401,12.217,57.1
22978,1962-12-02 00:00:00,-0.1169126167832286,-0.3227284604209719,0.0889032268545145,12.217,57.1
22979,1962-12-03 00:00:00,0.081351288641874,-0.124564804634269,0.2872673819180171,12.217,57.1
22980,1962-12-04 00:00:00,0.0547152181484699,-0.151112489033737,0.2605429253306768,12.217,57.1
22981,1962-12-05 00:00:00,0.0580646073517185,-0.1476712783025011,0.2638004930059384,12.217,57.1
22982,1962-12-06 00:00:00,0.0536147067887541,-0.1520855421895978,0.259314955767106,12.217,57.1
22983,1962-12-07 00:00:00,0.1069547839842464,-0.0986297590636526,0.3125393270321456,12.217,57.1
22984,1962-12-08 00:00:00,0.0311959574706108,-0.174462788847709,0.2368547037889307,12.217,57.1
22985,1962-12-09 00:00:00,0.2236284653178433,0.0167140381561514,0.4305428924795351,12.217,57.1
22986,1962-12-10 00:00:00,0.46322825507381,0.2557456559119254,0.6707108542356947,12.217,57.1
22987,1962-12-11 00:00:00,0.2223337493584069,0.0163795276566348,0.428287971060179,12.217,57.1
22988,1962-12-12 00:00:00,0.3208970037808484,0.1145571067491128,0.527236900812584,12.217,57.1
22989,1962-12-13 00:00:00,0.2973576631542239,0.0909869822093979,0.5037283440990499,12.217,57.1
22990,1962-12-14 00:00:00,0.0751947431665527,-0.131008796295558,0.2813982826286636,12.217,57.1
22991,1962-12-15 00:00:00,0.2047019829647442,-0.0029330834263407,0.4123370493558291,12.217,57.1
22992,1962-12-16 00:00:00,0.245851578104952,0.0362405988274445,0.4554625573824595,12.217,57.1
22993,1962-12-17 00:00:00,0.0785246824767611,-0.1279650318073618,0.2850143967608841,12.217,57.1
22994,1962-12-18 00:00:00,0.0329282289165623,-0.1728111183634708,0.2386675761965956,12.217,57.1
22995,1962-12-19 00:00:00,0.1016279881554433,-0.1039171604735106,0.3071731367843972,12.217,57.1
22996,1962-12-20 00:00:00,-0.0016562063525745,-0.2072569432469586,0.2039445305418095,12.217,57.1
22997,1962-12-21 00:00:00,0.1043311756890257,-0.1014530675237275,0.3101154189017791,12.217,57.1
22998,1962-12-22 00:00:00,0.0025004961099397,-0.2036774581279566,0.2086784503478361,12.217,57.1
22999,1962-12-23 00:00:00,-0.1560574056736699,-0.3620497194144412,0.0499349080671013,12.217,57.1
23000,1962-12-24 00:00:00,-0.1196872066474901,-0.3253219582652404,0.0859475449702602,12.217,57.1
23001,1962-12-25 00:00:00,-0.0486095686831703,-0.254321433049359,0.1571022956830183,12.217,57.1
23002,1962-12-26 00:00:00,0.0851155484179191,-0.1208214853801149,0.2910525822159531,12.217,57.1
23003,1962-12-27 00:00:00,0.0525288305479338,-0.1535740051044473,0.2586316662003149,12.217,57.1
23004,1962-12-28 00:00:00,0.0230981292351763,-0.1828916603502676,0.2290879188206203,12.217,57.1
23005,1962-12-29 00:00:00,0.0236705143651107,-0.1822201074624707,0.2295611361926921,12.217,57.1
23006,1962-12-30 00:00:00,-0.0226459553376272,-0.2283772418118249,0.1830853311365703,12.217,57.1
23007,1962-12-31 00:00:00,-0.1174214262772995,-0.323275053164222,0.088432200609623,12.217,57.1
23008,1963-01-01 00:00:00,-0.0967333106331347,-0.3024734895790377,0.1090068683127681,12.217,57.1
23009,1963-01-02 00:00:00,-0.0978937815504415,-0.3035768354774803,0.1077892723765971,12.217,57.1
23010,1963-01-03 00:00:00,-0.0684532162108351,-0.2742952608903669,0.1373888284686966,12.217,57.1
23011,1963-01-04 00:00:00,-0.1448007630413644,-0.3519894718263847,0.0623879457436557,12.217,57.1
23012,1963-01-05 00:00:00,0.1166708276950305,-0.091250780870666,0.324592436260727,12.217,57.1
23013,1963-01-06 00:00:00,0.0585458293212494,-0.1475299478555462,0.2646216064980452,12.217,57.1
23014,1963-01-07 00:00:00,-0.016565297818543,-0.2227236978348099,0.1895931021977238,12.217,57.1
23015,1963-01-08 00:00:00,-0.0343298043133509,-0.2402187822679419,0.17155917364124,12.217,57.1
23016,1963-01-09 00:00:00,-0.0291838107437889,-0.2346719512942733,0.1763043298066954,12.217,57.1
23017,1963-01-10 00:00:00,-0.0595870731635295,-0.2650719063138528,0.1458977599867938,12.217,57.1
23018,1963-01-11 00:00:00,-0.0965410082186712,-0.3020374100646921,0.1089553936273497,12.217,57.1
23019,1963-01-12 00:00:00,-0.1004374883902446,-0.3059188356432436,0.1050438588627542,12.217,57.1
23020,1963-01-13 00:00:00,-0.0207703962302196,-0.22636088309402,0.1848200906335806,12.217,57.1
23021,1963-01-14 00:00:00,0.1029096617750505,-0.1056124260424343,0.3114317495925354,12.217,57.1
23022,1963-01-15 00:00:00,0.0671696338272588,-0.1479601706594198,0.2822994383139375,12.217,57.1
23023,1963-01-16 00:00:00,-0.2983401697602902,-0.5110734484272703,-0.08560689109331,12.217,57.1
23024,1963-01-17 00:00:00,-0.206610526677572,-0.4128248241293384,-0.0003962292258055,12.217,57.1
23025,1963-01-18 00:00:00,-0.1705946904869341,-0.3767722271361733,0.035582846162305,12.217,57.1
23026,1963-01-19 00:00:00,-0.0853396856374708,-0.2918329203792417,0.1211535491042999,12.217,57.1
23027,1963-01-20 00:00:00,-0.0978668503691666,-0.3036992115043966,0.1079655107660634,12.217,57.1
23028,1963-01-21 00:00:00,-0.1438998506093717,-0.3499919962174053,0.0621922949986617,12.217,57.1
23029,1963-01-22 00:00:00,-0.1958290082175076,-0.4018553360535675,0.0101973196185523,12.217,57.1
23030,1963-01-23 00:00:00,-0.0895496853746221,-0.2951936065780546,0.1160942358288102,12.217,57.1
23031,1963-01-24 00:00:00,0.0842045963698451,-0.1215909695476221,0.2900001622873124,12.217,57.1
23032,1963-01-25 00:00:00,0.009053826432466,-0.1969073997193461,0.2150150525842782,12.217,57.1
23033,1963-01-26 00:00:00,0.0789182711927897,-0.1269316160345169,0.2847681584200964,12.217,57.1
23034,1963-01-27 00:00:00,-0.0047843624596558,-0.2152073399682279,0.2056386150489162,12.217,57.1
23035,1963-01-28 00:00:00,-0.2319967049974083,-0.4389952042385955,-0.0249982057562211,12.217,57.1
23036,1963-01-29 00:00:00,-0.1103479271629411,-0.3159077314565093,0.0952118771306269,12.217,57.1
23037,1963-01-30 00:00:00,-0.0301321140047779,-0.2356900921342204,0.1754258641246644,12.217,57.1
23038,1963-01-31 00:00:00,-0.0820837168382986,-0.2877019396849097,0.1235345060083125,12.217,57.1
23039,1963-02-01 00:00:00,-0.085561280865328,-0.2914391277925983,0.1203165660619421,12.217,57.1
23040,1963-02-02 00:00:00,-0.0876218984270983,-0.2935045608908777,0.118260764036681,12.217,57.1
23041,1963-02-03 00:00:00,-0.0697484300470192,-0.2756920939675673,0.1361952338735287,12.217,57.1
23042,1963-02-04 00:00:00,0.0597851834755118,-0.1461375299310469,0.2657078968820705,12.217,57.1
23043,1963-02-05 00:00:00,0.1107806438073287,-0.0957071837281752,0.3172684713428327,12.217,57.1
23044,1963-02-06 00:00:00,0.1113038412133052,-0.0951005073458729,0.3177081897724834,12.217,57.1
23045,1963-02-07 00:00:00,-0.0661149942036405,-0.2718369850390923,0.1396069966318112,12.217,57.1
23046,1963-02-08 00:00:00,-0.0624149676224523,-0.2680604794538772,0.1432305442089726,12.217,57.1
23047,1963-02-09 00:00:00,-0.0387655722038392,-0.2443926272771498,0.1668614828694713,12.217,57.1
23048,1963-02-10 00:00:00,-0.0899999170006846,-0.2955345437472935,0.1155347097459242,12.217,57.1
23049,1963-02-11 00:00:00,0.008776995385855,-0.1969241811562447,0.2144781719279547,12.217,57.1
23050,1963-02-12 00:00:00,0.0687554402302408,-0.1369548172754132,0.274465697735895,12.217,57.1
23051,1963-02-13 00:00:00,0.0166736252977183,-0.1888708312307956,0.2222180818262323,12.217,57.1
23052,1963-02-14 00:00:00,0.0130875858664804,-0.1924750575743521,0.218650229307313,12.217,57.1
23053,1963-02-15 00:00:00,0.0304170681400774,-0.1750980600908448,0.2359321963709996,12.217,57.1
23054,1963-02-16 00:00:00,0.0701966168470551,-0.135376939479253,0.2757701731733633,12.217,57.1
23055,1963-02-17 00:00:00,0.0571106394079853,-0.1485089726441395,0.2627302514601103,12.217,57.1
23056,1963-02-18 00:00:00,0.0122379170133715,-0.1935459285640238,0.2180217625907669,12.217,57.1
23057,1963-02-19 00:00:00,-0.0055208985513934,-0.2111464315625467,0.2001046344597598,12.217,57.1
23058,1963-02-20 00:00:00,0.0403373404848086,-0.1652562486169319,0.2459309295865492,12.217,57.1
23059,1963-02-21 00:00:00,0.0420753965933646,-0.1636529538986264,0.2478037470853557,12.217,57.1
23060,1963-02-22 00:00:00,0.003718222080593,-0.2020025133093749,0.2094389574705611,12.217,57.1
23061,1963-02-23 00:00:00,0.0196254259099916,-0.1860370322373263,0.2252878840573096,12.217,57.1
23062,1963-02-24 00:00:00,0.019055631607408,-0.1864575803875682,0.2245688436023842,12.217,57.1
23063,1963-02-25 00:00:00,0.0862623933579339,-0.1193840026583895,0.2919087893742573,12.217,57.1
23064,1963-02-26 00:00:00,0.0221522838924747,-0.1838295771328481,0.2281341449177977,12.217,57.1
23065,1963-02-27 00:00:00,-0.0663442870468796,-0.2723780605118995,0.1396894864181402,12.217,57.1
23066,1963-02-28 00:00:00,-0.0867744836181059,-0.2924261393581879,0.118877172121976,12.217,57.1
23067,1963-03-01 00:00:00,-0.0739258148379864,-0.2794520319863874,0.1316004023104146,12.217,57.1
23068,1963-03-02 00:00:00,-0.0702142975877787,-0.2757444606262203,0.1353158654506629,12.217,57.1
23069,1963-03-03 00:00:00,-0.0333094405879223,-0.2388506104511151,0.1722317292752704,12.217,57.1
23070,1963-03-04 00:00:00,-0.0539273885896336,-0.2596674761796415,0.1518126990003743,12.217,57.1
23071,1963-03-05 00:00:00,0.0076854980638426,-0.1979330866549801,0.2133040827826654,12.217,57.1
23072,1963-03-06 00:00:00,0.0773210404882769,-0.1282318235575079,0.2828739045340618,12.217,57.1
23073,1963-03-07 00:00:00,0.2714802376084088,0.065435851184725,0.4775246240320926,12.217,57.1
23074,1963-03-08 00:00:00,0.287602889899495,0.0812538695971228,0.4939519102018671,12.217,57.1
23075,1963-03-09 00:00:00,0.1065771256417712,-0.1000757794710138,0.3132300307545563,12.217,57.1
23076,1963-03-10 00:00:00,0.1064288654520049,-0.100663952074231,0.3135216829782408,12.217,57.1
23077,1963-03-11 00:00:00,0.1429053168482118,-0.063138199515872,0.3489488332122957,12.217,57.1
23078,1963-03-12 00:00:00,0.1134766982929656,-0.0924927548324169,0.3194461514183481,12.217,57.1
23079,1963-03-13 00:00:00,0.1020330829417483,-0.1040077525077954,0.308073918391292,12.217,57.1
23080,1963-03-14 00:00:00,-0.0797011813275153,-0.286264634572313,0.1268622719172822,12.217,57.1
23081,1963-03-15 00:00:00,-0.002092682071524,-0.2080476783589672,0.2038623142159192,12.217,57.1
23082,1963-03-16 00:00:00,0.0790743797850936,-0.1269374956521708,0.2850862552223581,12.217,57.1
23083,1963-03-17 00:00:00,0.1036041227363752,-0.1022175011540579,0.3094257466268083,12.217,57.1
23084,1963-03-18 00:00:00,0.0299027836879297,-0.1757511830076792,0.2355567503835387,12.217,57.1
23085,1963-03-19 00:00:00,-0.0285178876577335,-0.2342992543245515,0.1772634790090844,12.217,57.1
23086,1963-03-20 00:00:00,0.0189466393749315,-0.1865193026896794,0.2244125814395426,12.217,57.1
23087,1963-03-21 00:00:00,-0.0417095675939946,-0.2472364287117388,0.1638172935237496,12.217,57.1
23088,1963-03-22 00:00:00,-0.0661035889039127,-0.2717057898273925,0.139498612019567,12.217,57.1
23089,1963-03-23 00:00:00,-0.0649244594051199,-0.270819566534669,0.140970647724429,12.217,57.1
23090,1963-03-24 00:00:00,0.0100099246322695,-0.1956324941552273,0.2156523434197664,12.217,57.1
23091,1963-03-25 00:00:00,0.2876774950805861,0.081893689404378,0.4934613007567943,12.217,57.1
23092,1963-03-26 00:00:00,0.3259146060031563,0.1199992628286939,0.5318299491776188,12.217,57.1
23093,1963-03-27 00:00:00,0.129007701076633,-0.0768595138143951,0.3348749159676611,12.217,57.1
23094,1963-03-28 00:00:00,0.0798020472144076,-0.1257283629471612,0.2853324573759764,12.217,57.1
23095,1963-03-29 00:00:00,0.1072414641464574,-0.0983788548950316,0.3128617831879465,12.217,57.1
23096,1963-03-30 00:00:00,0.0243417727312721,-0.1814472872754883,0.2301308327380326,12.217,57.1
23097,1963-03-31 00:00:00,-0.012803007478431,-0.2186100662435998,0.1930040512867377,12.217,57.1
23098,1963-04-01 00:00:00,-0.0598593816547975,-0.2655258432538515,0.1458070799442564,12.217,57.1
23099,1963-04-02 00:00:00,-0.0064307614759883,-0.2119958751674504,0.1991343522154738,12.217,57.1
23100,1963-04-03 00:00:00,0.039065250335879,-0.1665671258914429,0.2446976265632011,12.217,57.1
23101,1963-04-04 00:00:00,0.0589836368692332,-0.1465489744792679,0.2645162482177345,12.217,57.1
23102,1963-04-05 00:00:00,-0.0047976656658464,-0.2104986315075537,0.2009033001758608,12.217,57.1
23103,1963-04-06 00:00:00,-0.1669014089805806,-0.3728911109003752,0.039088292939214,12.217,57.1
23104,1963-04-07 00:00:00,-0.093794522140321,-0.2995895456376136,0.1120005013569716,12.217,57.1
23105,1963-04-08 00:00:00,-0.0027390878683098,-0.2085223127227059,0.2030441369860862,12.217,57.1
23106,1963-04-09 00:00:00,0.0885737537176522,-0.117004199158246,0.2941517065935505,12.217,57.1
23107,1963-04-10 00:00:00,0.1341771423208305,-0.0714526050624659,0.3398068897041271,12.217,57.1
23108,1963-04-11 00:00:00,0.189641635273485,-0.0163877156276226,0.3956709861745926,12.217,57.1
23109,1963-04-12 00:00:00,0.0863285224111894,-0.120945777098599,0.293602821920978,12.217,57.1
23110,1963-04-13 00:00:00,0.0972093332545683,-0.1086210118324136,0.3030396783415503,12.217,57.1
23111,1963-04-14 00:00:00,0.0631129931652879,-0.1428211827166522,0.2690471690472281,12.217,57.1
23112,1963-04-15 00:00:00,0.0979334789833164,-0.1084418662172799,0.3043088241839127,12.217,57.1
23113,1963-04-16 00:00:00,0.1655783538737514,-0.0411663582810147,0.3723230660285175,12.217,57.1
23114,1963-04-17 00:00:00,0.1343702300704964,-0.0717874128464362,0.340527872987429,12.217,57.1
23115,1963-04-18 00:00:00,0.1234242020227543,-0.0821922912620286,0.3290406953075373,12.217,57.1
23116,1963-04-19 00:00:00,0.0738352627807926,-0.1317819957787707,0.279452521340356,12.217,57.1
23117,1963-04-20 00:00:00,-0.0584517707924616,-0.2640463700459177,0.1471428284609945,12.217,57.1
23118,1963-04-21 00:00:00,0.0139530793144076,-0.1915498869357472,0.2194560455645624,12.217,57.1
23119,1963-04-22 00:00:00,0.0491286879458863,-0.1564914807166577,0.2547488566084304,12.217,57.1
23120,1963-04-23 00:00:00,-0.0436794219961329,-0.249200468191695,0.1618416241994292,12.217,57.1
23121,1963-04-24 00:00:00,-0.0588370296952658,-0.2647024771917474,0.1470284178012158,12.217,57.1
23122,1963-04-25 00:00:00,-0.051698675868208,-0.2573681745738446,0.1539708228374285,12.217,57.1
23123,1963-04-26 00:00:00,-0.0443882367320023,-0.249882737913426,0.1611062644494213,12.217,57.1
23124,1963-04-27 00:00:00,-0.0249893016744274,-0.2303855282290887,0.1804069248802337,12.217,57.1
23125,1963-04-28 00:00:00,0.0418456174283982,-0.1636394067272003,0.2473306415839967,12.217,57.1
23126,1963-04-29 00:00:00,0.0534947865390532,-0.1519468873887529,0.2589364604668594,12.217,57.1
23127,1963-04-30 00:00:00,0.0897284202839725,-0.1157218327926184,0.2951786733605636,12.217,57.1
23128,1963-05-01 00:00:00,0.1704992790601248,-0.0351169860082621,0.3761155441285119,12.217,57.1
23129,1963-05-02 00:00:00,0.2149773129740107,0.0092799582483212,0.4206746676997003,12.217,57.1
23130,1963-05-03 00:00:00,0.2736502360617797,0.0676792678224937,0.4796212043010657,12.217,57.1
23131,1963-05-04 00:00:00,0.1271627102476006,-0.0796518497274451,0.3339772702226464,12.217,57.1
23132,1963-05-05 00:00:00,0.0289986685257703,-0.1768024868560602,0.2347998239076008,12.217,57.1
23133,1963-05-06 00:00:00,0.064580799006162,-0.1411431976374198,0.2703047956497439,12.217,57.1
23134,1963-05-07 00:00:00,0.0740572013595744,-0.1315386754882386,0.2796530782073876,12.217,57.1
23135,1963-05-08 00:00:00,0.0166808156930047,-0.1893210588295132,0.2226826902155227,12.217,57.1
23136,1963-05-09 00:00:00,0.0505190668732902,-0.1552965400070659,0.2563346737536464,12.217,57.1
23137,1963-05-10 00:00:00,0.0694003420267277,-0.136362568794181,0.2751632528476365,12.217,57.1
23138,1963-05-11 00:00:00,0.096069753823131,-0.1095986182154361,0.3017381258616981,12.217,57.1
23139,1963-05-12 00:00:00,0.0493872940736459,-0.1564638035359988,0.2552383916832906,12.217,57.1
23140,1963-05-13 00:00:00,0.0272001416645484,-0.1786577385093353,0.2330580218384321,12.217,57.1
23141,1963-05-14 00:00:00,0.1348536033321338,-0.0710385891609794,0.3407457958252471,12.217,57.1
23142,1963-05-15 00:00:00,0.0795216443914122,-0.1260827881188281,0.2851260769016525,12.217,57.1
23143,1963-05-16 00:00:00,-0.0006753369385894,-0.206237712700348,0.204887038823169,12.217,57.1
23144,1963-05-17 00:00:00,0.0036396617928323,-0.2019978733349738,0.2092771969206386,12.217,57.1
23145,1963-05-18 00:00:00,0.1167835042216944,-0.0889850547932399,0.3225520632366289,12.217,57.1
23146,1963-05-19 00:00:00,0.1797360511144366,-0.0261315618982425,0.3856036641271159,12.217,57.1
23147,1963-05-20 00:00:00,0.1494994550318994,-0.0566245642934515,0.3556234743572504,12.217,57.1
23148,1963-05-21 00:00:00,0.14649642979797,-0.0594223407360182,0.3524152003319584,12.217,57.1
23149,1963-05-22 00:00:00,0.1315014650636387,-0.0749758510348301,0.3379787811621075,12.217,57.1
23150,1963-05-23 00:00:00,0.0451527008326277,-0.1607621854290054,0.2510675870942608,12.217,57.1
23151,1963-05-24 00:00:00,-0.0325438806177757,-0.2382089591575805,0.1731211979220289,12.217,57.1
23152,1963-05-25 00:00:00,0.0032994694596865,-0.2024377386711273,0.2090366775905003,12.217,57.1
23153,1963-05-26 00:00:00,-0.0869025166144432,-0.2927333662185544,0.1189283329896678,12.217,57.1
23154,1963-05-27 00:00:00,-0.0714798198398682,-0.2772316684414264,0.13427202876169,12.217,57.1
23155,1963-05-28 00:00:00,-0.0463155110387403,-0.2519497402319259,0.1593187181544453,12.217,57.1
23156,1963-05-29 00:00:00,-0.0616363763132183,-0.2672753609560398,0.1440026083296032,12.217,57.1
23157,1963-05-30 00:00:00,-0.0712802550875204,-0.2768087370879426,0.1342482269129017,12.217,57.1
23158,1963-05-31 00:00:00,-0.0489772311630343,-0.2545089276028468,0.1565544652767781,12.217,57.1
23159,1963-06-01 00:00:00,-0.0607728533464787,-0.2663921595164565,0.1448464528234989,12.217,57.1
23160,1963-06-02 00:00:00,-0.0900602290784916,-0.2956857357725996,0.1155652776156162,12.217,57.1
23161,1963-06-03 00:00:00,-0.0328498293579743,-0.2384580109794764,0.1727583522635277,12.217,57.1
23162,1963-06-04 00:00:00,0.0318899229769697,-0.1736052790022791,0.2373851249562185,12.217,57.1
23163,1963-06-05 00:00:00,0.0358816605613361,-0.1700333715732351,0.2417966926959073,12.217,57.1
23164,1963-06-06 00:00:00,-0.0833309055794155,-0.2892058028549335,0.1225439916961023,12.217,57.1
23165,1963-06-07 00:00:00,-0.0261896270033402,-0.2317886331982826,0.1794093791916021,12.217,57.1
23166,1963-06-08 00:00:00,-0.0667208824467862,-0.2723574681884253,0.1389157032948529,12.217,57.1
23167,1963-06-09 00:00:00,-0.0384756885060596,-0.244017227234259,0.1670658502221398,12.217,57.1
23168,1963-06-10 00:00:00,0.036319232837702,-0.1691425182011739,0.2417809838765781,12.217,57.1
23169,1963-06-11 00:00:00,0.0589692306328208,-0.14649012513438,0.2644285864000217,12.217,57.1
23170,1963-06-12 00:00:00,0.0924020293827013,-0.1130554761444847,0.2978595349098875,12.217,57.1
23171,1963-06-13 00:00:00,0.1502983060679079,-0.0555278340059494,0.3561244461417652,12.217,57.1
23172,1963-06-14 00:00:00,0.0565230964256914,-0.1492289364248096,0.2622751292761924,12.217,57.1
23173,1963-06-15 00:00:00,0.0744055377038171,-0.1310691936099062,0.2798802690175404,12.217,57.1
23174,1963-06-16 00:00:00,0.0466148931222054,-0.1589763883237237,0.2522061745681346,12.217,57.1
23175,1963-06-17 00:00:00,0.075715008619554,-0.129910929151514,0.2813409463906221,12.217,57.1
23176,1963-06-18 00:00:00,0.0985433108644305,-0.1069162070950194,0.3040028288238806,12.217,57.1
23177,1963-06-19 00:00:00,0.2779055647231094,0.0718426963936182,0.4839684330526007,12.217,57.1
23178,1963-06-20 00:00:00,0.2104015188499858,0.0037278439452778,0.4170751937546939,12.217,57.1
23179,1963-06-21 00:00:00,0.2066717139191666,0.0008203157809121,0.4125231120574212,12.217,57.1
23180,1963-06-22 00:00:00,0.1144513044775909,-0.0910983467040135,0.3200009556591955,12.217,57.1
23181,1963-06-23 00:00:00,0.1275200582814288,-0.0780118219270938,0.3330519384899515,12.217,57.1
23182,1963-06-24 00:00:00,0.2125008052521521,0.0068034892323869,0.4181981212719172,12.217,57.1
23183,1963-06-25 00:00:00,0.1629176064820557,-0.0427079881490928,0.3685432011132042,12.217,57.1
23184,1963-06-26 00:00:00,0.1693085581911856,-0.0364901516773714,0.3751072680597427,12.217,57.1
23185,1963-06-27 00:00:00,0.1844394949862664,-0.0222507686456093,0.3911297586181422,12.217,57.1
23186,1963-06-28 00:00:00,0.1179818875395442,-0.0882965652535033,0.3242603403325919,12.217,57.1
23187,1963-06-29 00:00:00,-0.0051696737570909,-0.2107939224041385,0.2004545748899567,12.217,57.1
23188,1963-06-30 00:00:00,-0.0275167848795371,-0.2330398562263318,0.1780062864672574,12.217,57.1
23189,1963-07-01 00:00:00,0.0237160197361494,-0.1817211495472753,0.2291531890195743,12.217,57.1
23190,1963-07-02 00:00:00,-0.0205008135252089,-0.2260184964868646,0.1850168694364468,12.217,57.1
23191,1963-07-03 00:00:00,0.0026535044100958,-0.2028193058499496,0.2081263146701412,12.217,57.1
23192,1963-07-04 00:00:00,-0.0001724260660678,-0.2055844058279758,0.20523955369584,12.217,57.1
23193,1963-07-05 00:00:00,0.0271720459151628,-0.1782293461511953,0.232573437981521,12.217,57.1
23194,1963-07-06 00:00:00,0.0325858104892411,-0.172816132527253,0.2379877535057353,12.217,57.1
23195,1963-07-07 00:00:00,0.140322718714212,-0.0652699060781223,0.3459153435065464,12.217,57.1
23196,1963-07-08 00:00:00,0.2135261391067592,0.0073158248943837,0.4197364533191347,12.217,57.1
23197,1963-07-09 00:00:00,0.2500605086160675,0.0438367893270691,0.4562842279050659,12.217,57.1
23198,1963-07-10 00:00:00,0.2375067502705821,0.0317657895969754,0.4432477109441888,12.217,57.1
23199,1963-07-11 00:00:00,0.1929716793739434,-0.0126092324314276,0.3985525911793145,12.217,57.1
23200,1963-07-12 00:00:00,0.1996665728034314,-0.0060710025367329,0.4054041481435958,12.217,57.1
23201,1963-07-13 00:00:00,0.1275816388628189,-0.0782943936018526,0.3334576713274906,12.217,57.1
23202,1963-07-14 00:00:00,0.1006651826991817,-0.1050585073772126,0.3063888727755762,12.217,57.1
23203,1963-07-15 00:00:00,0.0562086569650374,-0.1496413649204773,0.2620586788505523,12.217,57.1
23204,1963-07-16 00:00:00,0.0837283495165568,-0.1223818477447256,0.2898385467778394,12.217,57.1
23205,1963-07-17 00:00:00,0.1276352854436034,-0.0783478635046678,0.3336184343918746,12.217,57.1
23206,1963-07-18 00:00:00,0.1338269877155608,-0.0718716785010723,0.339525653932194,12.217,57.1
23207,1963-07-19 00:00:00,0.0546563852718472,-0.1509229770604074,0.2602357476041019,12.217,57.1
23208,1963-07-20 00:00:00,0.0566187346466974,-0.1491182419354476,0.2623557112288424,12.217,57.1
23209,1963-07-21 00:00:00,0.1757192613192953,-0.0312622357451909,0.3827007583837816,12.217,57.1
23210,1963-07-22 00:00:00,-0.0141956373638393,-0.2202498939307281,0.1918586192030494,12.217,57.1
23211,1963-07-23 00:00:00,0.0388144555644843,-0.1667383315802844,0.2443672427092529,12.217,57.1
23212,1963-07-24 00:00:00,0.0557678401619099,-0.1497840632597785,0.2613197435835984,12.217,57.1
23213,1963-07-25 00:00:00,0.0967357117662901,-0.1091848614187468,0.3026562849513271,12.217,57.1
23214,1963-07-26 00:00:00,0.1159438337002602,-0.0902513643753299,0.3221390317758504,12.217,57.1
23215,1963-07-27 00:00:00,0.0082542692545001,-0.1978861256715616,0.214394664180562,12.217,57.1
23216,1963-07-28 00:00:00,-0.0633342381257655,-0.2692112737565387,0.1425427975050076,12.217,57.1
23217,1963-07-29 00:00:00,-0.0822026216730957,-0.2877907208322318,0.1233854774860403,12.217,57.1
23218,1963-07-30 00:00:00,-0.0958644123116899,-0.3013503750059143,0.1096215503825343,12.217,57.1
23219,1963-07-31 00:00:00,-0.0565912969962532,-0.2622338295656691,0.1490512355731625,12.217,57.1
23220,1963-08-01 00:00:00,0.0192268285341361,-0.1865774524507914,0.2250311095190636,12.217,57.1
23221,1963-08-02 00:00:00,0.0117661807381054,-0.1945235065772441,0.218055868053455,12.217,57.1
23222,1963-08-03 00:00:00,0.017880613115715,-0.187623856425864,0.223385082657294,12.217,57.1
23223,1963-08-04 00:00:00,0.0256362884077769,-0.1798540356202305,0.2311266124357843,12.217,57.1
23224,1963-08-05 00:00:00,0.1146103891205363,-0.0911437560042025,0.3203645342452751,12.217,57.1
23225,1963-08-06 00:00:00,0.0361383231941567,-0.169812191219841,0.2420888376081545,12.217,57.1
23226,1963-08-07 00:00:00,0.0223958838007022,-0.1832286966797118,0.2280204642811164,12.217,57.1
23227,1963-08-08 00:00:00,0.0534013784920609,-0.1522123178289316,0.2590150748130536,12.217,57.1
23228,1963-08-09 00:00:00,0.1837392962799794,-0.0224403024018994,0.3899188949618583,12.217,57.1
23229,1963-08-10 00:00:00,0.122306370921934,-0.0839825072602647,0.3285952491041327,12.217,57.1
23230,1963-08-11 00:00:00,0.2170177383919438,0.0113385867334336,0.4226968900504539,12.217,57.1
23231,1963-08-12 00:00:00,0.1944326399175946,-0.0114485114924033,0.4003137913275926,12.217,57.1
23232,1963-08-13 00:00:00,0.2013284180890643,-0.0044173613472284,0.407074197525357,12.217,57.1
23233,1963-08-14 00:00:00,0.149810666595571,-0.0557439509983288,0.3553652841894709,12.217,57.1
23234,1963-08-15 00:00:00,0.1193023346336321,-0.086195981799539,0.3248006510668034,12.217,57.1
23235,1963-08-16 00:00:00,0.100756030982816,-0.1048125975556303,0.3063246595212625,12.217,57.1
23236,1963-08-17 00:00:00,0.1072219436862686,-0.0986003489387656,0.3130442363113028,12.217,57.1
23237,1963-08-18 00:00:00,0.0838001236002126,-0.1219590854728194,0.2895593326732447,12.217,57.1
23238,1963-08-19 00:00:00,0.1606886963508794,-0.0457975498723065,0.3671749425740656,12.217,57.1
23239,1963-08-20 00:00:00,0.1401007269870859,-0.0660221706858464,0.3462236246600182,12.217,57.1
23240,1963-08-21 00:00:00,0.1869388173272057,-0.0189289000774272,0.3928065347318387,12.217,57.1
23241,1963-08-22 00:00:00,0.1524352198107114,-0.0531574841040121,0.358027923725435,12.217,57.1
23242,1963-08-23 00:00:00,0.0909569107093547,-0.1145288847059299,0.2964427061246393,12.217,57.1
23243,1963-08-24 00:00:00,0.114448702550361,-0.0910004313912914,0.3198978364920135,12.217,57.1
23244,1963-08-25 00:00:00,0.1987425590050964,-0.0071327119511179,0.4046178299613109,12.217,57.1
23245,1963-08-26 00:00:00,0.2558066694270091,0.0493820891024123,0.4622312497516059,12.217,57.1
23246,1963-08-27 00:00:00,0.2449564690480785,0.0382749790651053,0.4516379590310517,12.217,57.1
23247,1963-08-28 00:00:00,0.2318961586900308,0.0258596507758583,0.4379326666042035,12.217,57.1
23248,1963-08-29 00:00:00,0.1070237107274497,-0.0985611809180367,0.3126086023729362,12.217,57.1
23249,1963-08-30 00:00:00,0.0433601319856806,-0.1621015732331406,0.2488218372045019,12.217,57.1
23250,1963-08-31 00:00:00,0.0479626388077768,-0.1575225869515681,0.2534478645671218,12.217,57.1
23251,1963-09-01 00:00:00,0.0019816865494439,-0.2036338497166211,0.207597222815509,12.217,57.1
23252,1963-09-02 00:00:00,0.0252621011282814,-0.1803621571865049,0.2308863594430678,12.217,57.1
23253,1963-09-03 00:00:00,0.0392747514412969,-0.1661713627031401,0.244720865585734,12.217,57.1
23254,1963-09-04 00:00:00,0.106076521127134,-0.0995170183271249,0.311670060581393,12.217,57.1
23255,1963-09-05 00:00:00,0.1263002106164507,-0.0792490660100478,0.3318494872429494,12.217,57.1
23256,1963-09-06 00:00:00,0.0754800937305172,-0.1300974218846587,0.2810576093456932,12.217,57.1
23257,1963-09-07 00:00:00,0.042581426827071,-0.1630448592206755,0.2482077128748177,12.217,57.1
23258,1963-09-08 00:00:00,0.0534089472175904,-0.1520334318865304,0.2588513263217112,12.217,57.1
23259,1963-09-09 00:00:00,0.1454178422711095,-0.0605588699980953,0.3513945545403143,12.217,57.1
23260,1963-09-10 00:00:00,0.1525437309594002,-0.0536051455269658,0.3586926074457662,12.217,57.1
23261,1963-09-11 00:00:00,0.0930785071897372,-0.1129235898517551,0.2990806042312295,12.217,57.1
23262,1963-09-12 00:00:00,0.0435556433235461,-0.1619121299751508,0.2490234166222432,12.217,57.1
23263,1963-09-13 00:00:00,-0.0058681484514232,-0.2113441228223709,0.1996078259195244,12.217,57.1
23264,1963-09-14 00:00:00,0.0630577239643684,-0.1425803556520402,0.268695803580777,12.217,57.1
23265,1963-09-15 00:00:00,0.2256077283916704,0.0189002774614226,0.4323151793219183,12.217,57.1
23266,1963-09-16 00:00:00,0.1887830614449723,-0.0179060121587868,0.3954721350487314,12.217,57.1
23267,1963-09-17 00:00:00,0.0473094189433604,-0.1587686469173007,0.2533874848040217,12.217,57.1
23268,1963-09-18 00:00:00,0.0740287878018126,-0.1317462664145451,0.2798038420181704,12.217,57.1
23269,1963-09-19 00:00:00,-0.0075825687146459,-0.2133331798410599,0.198168042411768,12.217,57.1
23270,1963-09-20 00:00:00,-0.0669590427162088,-0.2726833070638658,0.1387652216314481,12.217,57.1
23271,1963-09-21 00:00:00,-0.054908983309213,-0.2606617942425376,0.1508438276241115,12.217,57.1
23272,1963-09-22 00:00:00,-0.0137411254753629,-0.2193767707820862,0.1918945198313603,12.217,57.1
23273,1963-09-23 00:00:00,-0.0179145912878476,-0.2234914060181568,0.1876622234424614,12.217,57.1
23274,1963-09-24 00:00:00,0.0329549641367366,-0.1724945233964287,0.238404451669902,12.217,57.1
23275,1963-09-25 00:00:00,0.2182805356121782,0.0123174745731079,0.4242435966512484,12.217,57.1
23276,1963-09-26 00:00:00,0.2005482546582322,-0.005867781549422,0.4069642908658866,12.217,57.1
23277,1963-09-27 00:00:00,0.5027195741594758,0.2890832916768057,0.7163558566421458,12.217,57.1
23278,1963-09-28 00:00:00,0.7432863852589229,0.5308972079791425,0.9556755625387032,12.217,57.1
23279,1963-09-29 00:00:00,0.2607969501391244,0.0540329252440815,0.4675609750341672,12.217,57.1
23280,1963-09-30 00:00:00,0.2154959755110921,0.0088807306543869,0.4221112203677973,12.217,57.1
23281,1963-10-01 00:00:00,0.2344222149358474,0.0283767968539844,0.4404676330177104,12.217,57.1
23282,1963-10-02 00:00:00,0.253658639471166,0.0478560229435136,0.4594612559988184,12.217,57.1
23283,1963-10-03 00:00:00,0.2217026770181986,0.0148669412205827,0.4285384128158145,12.217,57.1
23284,1963-10-04 00:00:00,0.2464445148794346,0.0388227658262052,0.4540662639326639,12.217,57.1
23285,1963-10-05 00:00:00,0.2231730594708569,0.0163285719442674,0.4300175469974465,12.217,57.1
23286,1963-10-06 00:00:00,0.1898378061568487,-0.0159311883364955,0.395606800650193,12.217,57.1
23287,1963-10-07 00:00:00,0.1139647843928882,-0.0915556861102841,0.3194852548960606,12.217,57.1
23288,1963-10-08 00:00:00,0.034101294510523,-0.1714440627770658,0.2396466517981119,12.217,57.1
23289,1963-10-09 00:00:00,0.1175254782192964,-0.0898569335007704,0.3249078899393633,12.217,57.1
23290,1963-10-10 00:00:00,0.1547191295406154,-0.0543279283623713,0.3637661874436023,12.217,57.1
23291,1963-10-11 00:00:00,0.2032133414715877,-0.0039758469953315,0.4104025299385069,12.217,57.1
23292,1963-10-12 00:00:00,0.7067599733746224,0.4978409234922814,0.9156790232569634,12.217,57.1
23293,1963-10-13 00:00:00,0.1577339346359975,-0.0518952967256908,0.3673631659976858,12.217,57.1
23294,1963-10-14 00:00:00,0.4583155656794289,0.2506871347150994,0.6659439966437585,12.217,57.1
23295,1963-10-15 00:00:00,0.102433492131848,-0.1074052703813481,0.3122722546450442,12.217,57.1
23296,1963-10-16 00:00:00,0.0426289398859935,-0.163056135347632,0.2483140151196192,12.217,57.1
23297,1963-10-17 00:00:00,0.16887140719614,-0.0377892493338719,0.375532063726152,12.217,57.1
23298,1963-10-18 00:00:00,0.0990256078337696,-0.1065768512977374,0.3046280669652766,12.217,57.1
23299,1963-10-19 00:00:00,0.1388113344300978,-0.0669229109291216,0.3445455797893172,12.217,57.1
23300,1963-10-20 00:00:00,0.0794212497263795,-0.1263647119313174,0.2852072113840766,12.217,57.1
23301,1963-10-21 00:00:00,0.1062613613496721,-0.0993180982452738,0.3118408209446182,12.217,57.1
23302,1963-10-22 00:00:00,0.1784600789134761,-0.0273953518470099,0.3843155096739623,12.217,57.1
23303,1963-10-23 00:00:00,0.1143306643614228,-0.0934437371603947,0.3221050658832404,12.217,57.1
23304,1963-10-24 00:00:00,0.0217717470248038,-0.1843977304811294,0.2279412245307372,12.217,57.1
23305,1963-10-25 00:00:00,0.0362919389274455,-0.1692934513963773,0.2418773292512683,12.217,57.1
23306,1963-10-26 00:00:00,-0.0241420215397651,-0.229645186567585,0.1813611434880547,12.217,57.1
23307,1963-10-27 00:00:00,-0.0122652650914142,-0.2177091100100187,0.1931785798271902,12.217,57.1
23308,1963-10-28 00:00:00,-0.0040185679996337,-0.2095171433812127,0.2014800073819452,12.217,57.1
23309,1963-10-29 00:00:00,0.0371920657262712,-0.1683319613724275,0.2427160928249701,12.217,57.1
23310,1963-10-30 00:00:00,0.0264889816364217,-0.1791026099517211,0.2320805732245645,12.217,57.1
23311,1963-10-31 00:00:00,0.0210083788203669,-0.1845178700284524,0.2265346276691864,12.217,57.1
23312,1963-11-01 00:00:00,0.0141123410119739,-0.1915250865588826,0.2197497685828305,12.217,57.1
23313,1963-11-02 00:00:00,0.1146304210874223,-0.0912780374805534,0.3205388796553982,12.217,57.1
23314,1963-11-03 00:00:00,0.0778291673236939,-0.1278069267588297,0.2834652614062176,12.217,57.1
23315,1963-11-04 00:00:00,0.0446183161339972,-0.1608818305943141,0.2501184628623085,12.217,57.1
23316,1963-11-05 00:00:00,0.0365182964023418,-0.1689682927503886,0.2420048855550722,12.217,57.1
23317,1963-11-06 00:00:00,0.1154007510884542,-0.0902607077002218,0.3210622098771304,12.217,57.1
23318,1963-11-07 00:00:00,0.109531152153433,-0.0962223164989679,0.3152846208058341,12.217,57.1
23319,1963-11-08 00:00:00,0.2376101315436445,0.031404530114543,0.443815732972746,12.217,57.1
23320,1963-11-09 00:00:00,0.2763786088881255,0.0702853473199658,0.4824718704562852,12.217,57.1
23321,1963-11-10 00:00:00,0.3575552715170191,0.1512270767280186,0.5638834663060196,12.217,57.1
23322,1963-11-11 00:00:00,0.0808241556703393,-0.1251293772630965,0.2867776886037753,12.217,57.1
23323,1963-11-12 00:00:00,0.2624596473867658,0.0559145764751563,0.4690047182983754,12.217,57.1
23324,1963-11-13 00:00:00,0.254249869726616,0.0472352908475521,0.4612644486056799,12.217,57.1
23325,1963-11-14 00:00:00,0.446232431727866,0.2385703820127383,0.6538944814429936,12.217,57.1
23326,1963-11-15 00:00:00,0.5002233784835196,0.2924958143375316,0.7079509426295076,12.217,57.1
23327,1963-11-16 00:00:00,0.252091987028999,0.0456989659926589,0.4584850080653391,12.217,57.1
23328,1963-11-17 00:00:00,0.2428954592566747,0.0363892229122912,0.4494016956010582,12.217,57.1
23329,1963-11-18 00:00:00,0.2196552559668567,0.0136572601404768,0.4256532517932366,12.217,57.1
23330,1963-11-19 00:00:00,0.4202111714540946,0.2120068563590438,0.6284154865491454,12.217,57.1
23331,1963-11-20 00:00:00,0.2147470671592606,0.0073789070682123,0.4221152272503089,12.217,57.1
23332,1963-11-21 00:00:00,0.1112927000584113,-0.0956517772483894,0.318237177365212,12.217,57.1
23333,1963-11-22 00:00:00,0.1802569052450662,-0.0283605718203317,0.3888743823104642,12.217,57.1
23334,1963-11-23 00:00:00,0.3210870199035686,0.1111489078111982,0.5310251319959389,12.217,57.1
23335,1963-11-24 00:00:00,0.0988356389616716,-0.1076911780594803,0.3053624559828236,12.217,57.1
23336,1963-11-25 00:00:00,0.1642598801745437,-0.0419283439122982,0.3704481042613856,12.217,57.1
23337,1963-11-26 00:00:00,0.0932750487656819,-0.1129999729976318,0.2995500705289957,12.217,57.1
23338,1963-11-27 00:00:00,-0.0343936202337692,-0.2409600689135821,0.1721728284460435,12.217,57.1
23339,1963-11-28 00:00:00,-0.0545374667874064,-0.260386012403499,0.151311078828686,12.217,57.1
23340,1963-11-29 00:00:00,0.0044805852762844,-0.2010402629321592,0.2100014334847282,12.217,57.1
23341,1963-11-30 00:00:00,-0.0385241112047684,-0.2439452524181436,0.1668970300086066,12.217,57.1
23342,1963-12-01 00:00:00,-0.0011395681551597,-0.2066252323772086,0.204346096066889,12.217,57.1
23343,1963-12-02 00:00:00,-0.0280256851530268,-0.2335475910422659,0.1774962207362123,12.217,57.1
23344,1963-12-03 00:00:00,-0.1093918488173439,-0.3149336262314356,0.0961499285967477,12.217,57.1
23345,1963-12-04 00:00:00,-0.0489187764769163,-0.2544455107394689,0.1566079577856362,12.217,57.1
23346,1963-12-05 00:00:00,-0.0537301596683645,-0.2592117718421441,0.1517514525054151,12.217,57.1
23347,1963-12-06 00:00:00,-0.0655886970292353,-0.2710334667434989,0.1398560726850282,12.217,57.1
23348,1963-12-07 00:00:00,0.0332786623888456,-0.1724215459884422,0.2389788707661334,12.217,57.1
23349,1963-12-08 00:00:00,-0.0377064802745242,-0.2435030841086339,0.1680901235595853,12.217,57.1
23350,1963-12-09 00:00:00,-0.0459732784186023,-0.2516047464807162,0.1596581896435115,12.217,57.1
23351,1963-12-10 00:00:00,0.0237006424252557,-0.1818427616991141,0.2292440465496256,12.217,57.1
23352,1963-12-11 00:00:00,0.0107584427957203,-0.1947605327848812,0.2162774183763219,12.217,57.1
23353,1963-12-12 00:00:00,-0.021570406142044,-0.227302566207105,0.1841617539230169,12.217,57.1
23354,1963-12-13 00:00:00,-0.11658419559397,-0.3234395795572438,0.0902711883693038,12.217,57.1
23355,1963-12-14 00:00:00,-0.1125589811893442,-0.3190901362124304,0.0939721738337417,12.217,57.1
23356,1963-12-15 00:00:00,-0.0602919574483887,-0.2660563510194335,0.1454724361226559,12.217,57.1
23357,1963-12-16 00:00:00,0.0464422644871242,-0.1594755617313745,0.252360090705623,12.217,57.1
23358,1963-12-17 00:00:00,0.0099042291584541,-0.1958330818087529,0.2156415401256611,12.217,57.1
23359,1963-12-18 00:00:00,0.0474648356208812,-0.1581499787640339,0.2530796500057964,12.217,57.1
23360,1963-12-19 00:00:00,0.2387473089049747,0.0316992503248874,0.445795367485062,12.217,57.1
23361,1963-12-20 00:00:00,0.2302336108919651,0.0232804706553887,0.4371867511285415,12.217,57.1
23362,1963-12-21 00:00:00,0.0117549976242581,-0.1940567626854824,0.2175667579339987,12.217,57.1
23363,1963-12-22 00:00:00,-0.0390148840890932,-0.2446788129262359,0.1666490447480495,12.217,57.1
23364,1963-12-23 00:00:00,-0.0730707008531917,-0.2788660757096298,0.1327246740032463,12.217,57.1
23365,1963-12-24 00:00:00,0.1643787140770811,-0.042030133139769,0.3707875612939312,12.217,57.1
23366,1963-12-25 00:00:00,0.0333476607776456,-0.1736271053142947,0.240322426869586,12.217,57.1
23367,1963-12-26 00:00:00,0.2003652920917602,-0.005960630461306,0.4066912146448266,12.217,57.1
23368,1963-12-27 00:00:00,0.2103808378146602,0.0043515784952919,0.4164100971340284,12.217,57.1
23369,1963-12-28 00:00:00,0.1753898130912091,-0.030847009531306,0.3816266357137243,12.217,57.1
23370,1963-12-29 00:00:00,0.0924865288319073,-0.1132376733852751,0.2982107310490899,12.217,57.1
23371,1963-12-30 00:00:00,0.1697769220048533,-0.0360429526228235,0.3755967966325302,12.217,57.1
23372,1963-12-31 00:00:00,0.2976893931234468,0.0913813815830298,0.5039974046638638,12.217,57.1
23373,1964-01-01 00:00:00,0.2149568535691308,0.0085920985224364,0.4213216086158252,12.217,57.1
23374,1964-01-02 00:00:00,-0.0035176598330608,-0.2092524484740785,0.2022171288079567,12.217,57.1
23375,1964-01-03 00:00:00,0.0034392983246086,-0.2023857267823803,0.2092643234315975,12.217,57.1
23376,1964-01-04 00:00:00,0.0675764803877229,-0.1383568296561627,0.2735097904316086,12.217,57.1
23377,1964-01-05 00:00:00,0.0448137728469082,-0.1610244986565071,0.2506520443503236,12.217,57.1
23378,1964-01-06 00:00:00,-0.05358830454811,-0.2594361943525622,0.1522595852563422,12.217,57.1
23379,1964-01-07 00:00:00,-0.0459989434006247,-0.2518289299685367,0.1598310431672871,12.217,57.1
23380,1964-01-08 00:00:00,-0.0821606724826931,-0.2877910570779064,0.12346971211252,12.217,57.1
23381,1964-01-09 00:00:00,-0.0373425230954011,-0.242897670064177,0.1682126238733747,12.217,57.1
23382,1964-01-10 00:00:00,-0.0497710527993154,-0.2554056921870842,0.1558635865884534,12.217,57.1
23383,1964-01-11 00:00:00,-0.1201070831731745,-0.3256993808298706,0.0854852144835214,12.217,57.1
23384,1964-01-12 00:00:00,-0.0597192519607522,-0.2652750793732363,0.1458365754517318,12.217,57.1
23385,1964-01-13 00:00:00,-0.0222750222680633,-0.2279647373524758,0.1834146928163491,12.217,57.1
23386,1964-01-14 00:00:00,-0.0534149236965908,-0.2593367289758923,0.1525068815827107,12.217,57.1
23387,1964-01-15 00:00:00,-0.1127719334588715,-0.318627652448247,0.0930837855305038,12.217,57.1
23388,1964-01-16 00:00:00,-0.1456053207465677,-0.3515144988513606,0.0603038573582251,12.217,57.1
23389,1964-01-17 00:00:00,-0.1325901665413003,-0.3382946518267825,0.0731143187441818,12.217,57.1
23390,1964-01-18 00:00:00,-0.0877791815569538,-0.2933922731372484,0.1178339100233407,12.217,57.1
23391,1964-01-19 00:00:00,-0.0061833561750317,-0.2117533001683547,0.1993865878182913,12.217,57.1
23392,1964-01-20 00:00:00,-0.0057680294061441,-0.2113231989410114,0.199787140128723,12.217,57.1
23393,1964-01-21 00:00:00,0.1848296104282947,-0.0212920843979255,0.390951305254515,12.217,57.1
23394,1964-01-22 00:00:00,0.2725824040655964,0.0654057981614648,0.479759009969728,12.217,57.1
23395,1964-01-23 00:00:00,-0.0388048536114539,-0.2454810383752374,0.1678713311523295,12.217,57.1
23396,1964-01-24 00:00:00,0.2254848730245343,0.0193100936975341,0.4316596523515345,12.217,57.1
23397,1964-01-25 00:00:00,0.2525634731937241,0.045801821678736,0.4593251247087121,12.217,57.1
23398,1964-01-26 00:00:00,0.0421516052250111,-0.164629602939591,0.2489328133896134,12.217,57.1
23399,1964-01-27 00:00:00,0.2037106160045168,-0.0041097950809533,0.4115310270899869,12.217,57.1
23400,1964-01-28 00:00:00,0.0060404261067585,-0.2005391496927885,0.2126200019063056,12.217,57.1
23401,1964-01-29 00:00:00,0.1394701439685886,-0.0663164293131196,0.3452567172502968,12.217,57.1
23402,1964-01-30 00:00:00,0.2368666964515038,0.0310424009717629,0.4426909919312447,12.217,57.1
23403,1964-01-31 00:00:00,0.3717564817720361,0.165370034573684,0.5781429289703881,12.217,57.1
23404,1964-02-01 00:00:00,0.2934352250234525,0.087436031736041,0.4994344183108641,12.217,57.1
23405,1964-02-02 00:00:00,0.553560815393606,0.3455003694437037,0.7616212613435083,12.217,57.1
23406,1964-02-03 00:00:00,0.1237768571936241,-0.0840337957700706,0.331587510157319,12.217,57.1
23407,1964-02-04 00:00:00,0.2505640315155006,0.0443066162781882,0.4568214467528131,12.217,57.1
23408,1964-02-05 00:00:00,0.3679903738311199,0.1619510966851372,0.5740296509771025,12.217,57.1
23409,1964-02-06 00:00:00,0.1638869360660602,-0.0436550515176371,0.3714289236497575,12.217,57.1
23410,1964-02-07 00:00:00,-0.10057618910129,-0.3090299419952497,0.1078775637926695,12.217,57.1
23411,1964-02-08 00:00:00,-0.0635283906175505,-0.2700040751693258,0.1429472939342247,12.217,57.1
23412,1964-02-09 00:00:00,0.0337676502117652,-0.1722844656794569,0.2398197661029874,12.217,57.1
23413,1964-02-10 00:00:00,-0.0237109468090369,-0.229464224552286,0.1820423309342121,12.217,57.1
23414,1964-02-11 00:00:00,0.1353071757726985,-0.0706723341670647,0.3412866857124619,12.217,57.1
23415,1964-02-12 00:00:00,0.0784933795409097,-0.1272636957204971,0.2842504548023166,12.217,57.1
23416,1964-02-13 00:00:00,0.0115722944530511,-0.1957586741441158,0.2189032630502182,12.217,57.1
23417,1964-02-14 00:00:00,-0.0043846645477581,-0.210678490090526,0.2019091609950098,12.217,57.1
23418,1964-02-15 00:00:00,0.0278172166793261,-0.1779687699968905,0.2336032033555428,12.217,57.1
23419,1964-02-16 00:00:00,0.0225655139219828,-0.1832303011721286,0.2283613290160943,12.217,57.1
23420,1964-02-17 00:00:00,-0.0564661377531339,-0.2623014455913159,0.1493691700850479,12.217,57.1
23421,1964-02-18 00:00:00,-0.147050234650084,-0.3537947312759266,0.0596942619757586,12.217,57.1
23422,1964-02-19 00:00:00,-0.0408311232329474,-0.2478111856221292,0.1661489391562343,12.217,57.1
23423,1964-02-20 00:00:00,-0.0576553058100594,-0.2634834705689837,0.1481728589488649,12.217,57.1
23424,1964-02-21 00:00:00,0.0184869413716061,-0.1873042729282893,0.2242781556715015,12.217,57.1
23425,1964-02-22 00:00:00,-0.0203488528676848,-0.225950346628812,0.1852526408934422,12.217,57.1
23426,1964-02-23 00:00:00,0.0029554120133171,-0.2026083619390229,0.2085191859656572,12.217,57.1
23427,1964-02-24 00:00:00,0.0979246071614925,-0.107720274447846,0.3035694887708312,12.217,57.1
23428,1964-02-25 00:00:00,0.0813706374097841,-0.1241486208479203,0.2868898956674886,12.217,57.1
23429,1964-02-26 00:00:00,0.0436578548792186,-0.1618436209524456,0.2491593307108828,12.217,57.1
23430,1964-02-27 00:00:00,0.112960094818424,-0.0925915490611595,0.3185117386980077,12.217,57.1
23431,1964-02-28 00:00:00,0.1179526030868917,-0.0876847696729266,0.3235899758467102,12.217,57.1
23432,1964-02-29 00:00:00,0.0630859409973912,-0.142391508379477,0.2685633903742596,12.217,57.1
23433,1964-03-01 00:00:00,-0.0394997140381434,-0.2449851580420748,0.165985729965788,12.217,57.1
23434,1964-03-02 00:00:00,-0.0489457722480086,-0.2544382986118083,0.156546754115791,12.217,57.1
23435,1964-03-03 00:00:00,-0.0501833111416719,-0.2557097633129286,0.1553431410295847,12.217,57.1
23436,1964-03-04 00:00:00,-0.0835148989081681,-0.2890562224444959,0.1220264246281597,12.217,57.1
23437,1964-03-05 00:00:00,-0.0852952864142709,-0.2908182407475696,0.1202276679190276,12.217,57.1
23438,1964-03-06 00:00:00,-0.1273815256229127,-0.3329070418391241,0.0781439905932985,12.217,57.1
23439,1964-03-07 00:00:00,-0.0736114466954172,-0.2792820038578487,0.1320591104670141,12.217,57.1
23440,1964-03-08 00:00:00,-0.0224100408980556,-0.2280282864901226,0.1832082046940113,12.217,57.1
23441,1964-03-09 00:00:00,0.0773596320369514,-0.1282152528519071,0.2829345169258099,12.217,57.1
23442,1964-03-10 00:00:00,0.0104098567851307,-0.1952645546110913,0.2160842681813529,12.217,57.1
23443,1964-03-11 00:00:00,0.0586992623271804,-0.1470050176472756,0.2644035423016366,12.217,57.1
23444,1964-03-12 00:00:00,0.0095768512561573,-0.1959469147521026,0.2151006172644173,12.217,57.1
23445,1964-03-13 00:00:00,-0.061675386060086,-0.2674878361954305,0.1441370640752584,12.217,57.1
23446,1964-03-14 00:00:00,-0.1374102619626342,-0.3435989313378405,0.0687784074125719,12.217,57.1
23447,1964-03-15 00:00:00,-0.12107542989414,-0.3272365347303607,0.0850856749420806,12.217,57.1
23448,1964-03-16 00:00:00,-0.1552364618303332,-0.3615255080859575,0.051052584425291,12.217,57.1
23449,1964-03-17 00:00:00,-0.0755568858050438,-0.2814273437901448,0.130313572180057,12.217,57.1
23450,1964-03-18 00:00:00,-0.086044628612578,-0.2917807207805659,0.1196914635554098,12.217,57.1
23451,1964-03-19 00:00:00,-0.0505894457965458,-0.2561986919367214,0.1550198003436297,12.217,57.1
23452,1964-03-20 00:00:00,0.0168691534921758,-0.188691289283753,0.2224295962681048,12.217,57.1
23453,1964-03-21 00:00:00,0.0604770637730209,-0.1454318095435253,0.2663859370895672,12.217,57.1
23454,1964-03-22 00:00:00,0.0148429441300583,-0.1908939717864632,0.2205798600465801,12.217,57.1
23455,1964-03-23 00:00:00,0.000543043386916,-0.2050290250103473,0.2061151117841794,12.217,57.1
23456,1964-03-24 00:00:00,-0.0207499198593152,-0.226237885667035,0.1847380459484046,12.217,57.1
23457,1964-03-25 00:00:00,0.0662059962509793,-0.1393743749206248,0.2717863674225835,12.217,57.1
23458,1964-03-26 00:00:00,0.00886213150432,-0.1967548419723187,0.2144791049809587,12.217,57.1
23459,1964-03-27 00:00:00,-0.0744732782364997,-0.2800197340282654,0.1310731775552659,12.217,57.1
23460,1964-03-28 00:00:00,-0.0679049615300286,-0.2734578182215925,0.1376478951615353,12.217,57.1
23461,1964-03-29 00:00:00,-0.1204654838994608,-0.3262020747792689,0.0852711069803471,12.217,57.1
23462,1964-03-30 00:00:00,-0.0929105217259041,-0.298848323516834,0.1130272800650257,12.217,57.1
23463,1964-03-31 00:00:00,-0.0362809323919825,-0.2419823955715718,0.1694205307876066,12.217,57.1
23464,1964-04-01 00:00:00,-0.0548561337439697,-0.2603443803259397,0.1506321128380002,12.217,57.1
23465,1964-04-02 00:00:00,-0.0431163293475696,-0.2485610858823095,0.1623284271871702,12.217,57.1
23466,1964-04-03 00:00:00,-0.0367270293181565,-0.2423230519766906,0.1688689933403774,12.217,57.1
23467,1964-04-04 00:00:00,-0.0268784928672734,-0.2328335043322702,0.1790765185977234,12.217,57.1
23468,1964-04-05 00:00:00,0.0129212615359283,-0.1930278638412662,0.2188703869131229,12.217,57.1
23469,1964-04-06 00:00:00,-0.0190617454395837,-0.2247507975163252,0.1866273066371577,12.217,57.1
23470,1964-04-07 00:00:00,0.0386554126321315,-0.1668707690137286,0.2441815942779917,12.217,57.1
23471,1964-04-08 00:00:00,0.0123845437818922,-0.1931875139698634,0.2179566015336479,12.217,57.1
23472,1964-04-09 00:00:00,0.0759206546952232,-0.1296810253079401,0.2815223346983866,12.217,57.1
23473,1964-04-10 00:00:00,0.0800539908466655,-0.1254155381763157,0.2855235198696469,12.217,57.1
23474,1964-04-11 00:00:00,0.1102311544925218,-0.0952254548855652,0.3156877638706089,12.217,57.1
23475,1964-04-12 00:00:00,0.1390317748306491,-0.066425476432205,0.3444890260935033,12.217,57.1
23476,1964-04-13 00:00:00,0.2262367506608094,0.0204778814119868,0.431995619909632,12.217,57.1
23477,1964-04-14 00:00:00,0.2382328782303634,0.0325869381627001,0.4438788182980268,12.217,57.1
23478,1964-04-15 00:00:00,0.1371942219160619,-0.0684061536494172,0.3427945974815412,12.217,57.1
23479,1964-04-16 00:00:00,0.0849157923714042,-0.1207854226756016,0.29061700741841,12.217,57.1
23480,1964-04-17 00:00:00,0.0960680434211955,-0.1095337095144207,0.3016697963568119,12.217,57.1
23481,1964-04-18 00:00:00,0.0979163596633165,-0.1076370707605882,0.3034697900872212,12.217,57.1
23482,1964-04-19 00:00:00,0.0728860298554368,-0.1327040264258833,0.2784760861367569,12.217,57.1
23483,1964-04-20 00:00:00,0.1158035328127056,-0.0898318418915623,0.3214389075169737,12.217,57.1
23484,1964-04-21 00:00:00,0.0571459667327723,-0.1486064083243355,0.2628983417898801,12.217,57.1
23485,1964-04-22 00:00:00,0.0974290145461092,-0.1081655796777262,0.3030236087699449,12.217,57.1
23486,1964-04-23 00:00:00,0.0685546998950831,-0.1371390409162153,0.2742484407063817,12.217,57.1
23487,1964-04-24 00:00:00,0.0430790277228597,-0.1626405997013003,0.2487986551470198,12.217,57.1
23488,1964-04-25 00:00:00,-0.0173687634883512,-0.22321566260291,0.1884781356262076,12.217,57.1
23489,1964-04-26 00:00:00,-0.0008520902665085,-0.2066220042169343,0.2049178236839172,12.217,57.1
23490,1964-04-27 00:00:00,0.0445637901650976,-0.161056031234991,0.2501836115651863,12.217,57.1
23491,1964-04-28 00:00:00,0.0514470495219924,-0.1541032507359152,0.2569973497799001,12.217,57.1
23492,1964-04-29 00:00:00,0.1685934270793614,-0.0370668240569763,0.3742536782156993,12.217,57.1
23493,1964-04-30 00:00:00,0.2514492813121347,0.0455112366459531,0.4573873259783162,12.217,57.1
23494,1964-05-01 00:00:00,0.2489960808148357,0.0433064148944627,0.4546857467352088,12.217,57.1
23495,1964-05-02 00:00:00,0.1682653012669817,-0.0373815119714035,0.3739121145053669,12.217,57.1
23496,1964-05-03 00:00:00,0.1180899350329253,-0.0873572598736016,0.3235371299394524,12.217,57.1
23497,1964-05-04 00:00:00,0.1975540209061814,-0.0082484221980794,0.4033564640104423,12.217,57.1
23498,1964-05-05 00:00:00,0.1496779411429255,-0.0562100007932093,0.3555658830790604,12.217,57.1
23499,1964-05-06 00:00:00,0.1203087550787527,-0.0852168301220784,0.3258343402795838,12.217,57.1
23500,1964-05-07 00:00:00,0.1772200736926554,-0.0284475733758416,0.3828877207611526,12.217,57.1
23501,1964-05-08 00:00:00,0.1364717873729566,-0.0692875724171348,0.3422311471630481,12.217,57.1
23502,1964-05-09 00:00:00,0.2560183869860271,0.048993885369621,0.4630428886024331,12.217,57.1
23503,1964-05-10 00:00:00,0.073726196645583,-0.1335766357465994,0.2810290290377655,12.217,57.1
23504,1964-05-11 00:00:00,0.1049124200152864,-0.1009329169224436,0.3107577569530165,12.217,57.1
23505,1964-05-12 00:00:00,0.0899178792935023,-0.1159725776113761,0.2958083361983809,12.217,57.1
23506,1964-05-13 00:00:00,0.0850378631741848,-0.1208523828451208,0.2909281091934904,12.217,57.1
23507,1964-05-14 00:00:00,0.1387971352995304,-0.0671471945208273,0.3447414651198881,12.217,57.1
23508,1964-05-15 00:00:00,0.1532616569516218,-0.0525820773186032,0.3591053912218469,12.217,57.1
23509,1964-05-16 00:00:00,0.0609203462395772,-0.1449191519809252,0.2667598444600796,12.217,57.1
23510,1964-05-17 00:00:00,0.086895471158549,-0.1189703334219091,0.2927612757390073,12.217,57.1
23511,1964-05-18 00:00:00,-0.0028211845785212,-0.2086130636783822,0.2029706945213398,12.217,57.1
23512,1964-05-19 00:00:00,0.0073188934997971,-0.198470917291428,0.2131087042910223,12.217,57.1
23513,1964-05-20 00:00:00,0.0723698772718936,-0.1333244823795459,0.2780642369233332,12.217,57.1
23514,1964-05-21 00:00:00,0.0178251291678006,-0.187650743138203,0.2233010014738043,12.217,57.1
23515,1964-05-22 00:00:00,0.0084105497290371,-0.1970743059222655,0.2138954053803399,12.217,57.1
23516,1964-05-23 00:00:00,0.0061849772086357,-0.1993034513743841,0.2116734057916556,12.217,57.1
23517,1964-05-24 00:00:00,-0.0056893219874529,-0.2111508213062946,0.1997721773313887,12.217,57.1
23518,1964-05-25 00:00:00,-0.0324841548990229,-0.2379469950351209,0.1729786852370751,12.217,57.1
23519,1964-05-26 00:00:00,-0.0056061552874107,-0.2111826925054347,0.1999703819306132,12.217,57.1
23520,1964-05-27 00:00:00,-0.0019760101676542,-0.207631494460566,0.2036794741252574,12.217,57.1
23521,1964-05-28 00:00:00,0.0383239379643297,-0.1672371202911123,0.2438849962197719,12.217,57.1
23522,1964-05-29 00:00:00,0.0015159077151228,-0.2039994256160865,0.2070312410463321,12.217,57.1
23523,1964-05-30 00:00:00,0.0445571518135128,-0.1609559369220655,0.2500702405490912,12.217,57.1
23524,1964-05-31 00:00:00,0.099184022249723,-0.1065038511436479,0.3048718956430941,12.217,57.1
23525,1964-06-01 00:00:00,0.0858235875807265,-0.1199286268382761,0.2915758019997293,12.217,57.1
23526,1964-06-02 00:00:00,0.0399054929115015,-0.165799812049955,0.2456107978729582,12.217,57.1
23527,1964-06-03 00:00:00,0.117258739698106,-0.0888036931714798,0.3233211725676918,12.217,57.1
23528,1964-06-04 00:00:00,0.030203750696969,-0.1761810786281638,0.2365885800221019,12.217,57.1
23529,1964-06-05 00:00:00,0.0312052419241922,-0.1746231409528469,0.2370336248012314,12.217,57.1
23530,1964-06-06 00:00:00,0.1230852922485413,-0.0828332014714072,0.3290037859684899,12.217,57.1
23531,1964-06-07 00:00:00,0.0823401574893523,-0.1245108845295751,0.2891911995082797,12.217,57.1
23532,1964-06-08 00:00:00,0.171772073960287,-0.0343754023690661,0.3779195502896402,12.217,57.1
23533,1964-06-09 00:00:00,0.1285059510294325,-0.0774726489525992,0.3344845510114642,12.217,57.1
23534,1964-06-10 00:00:00,0.1276324580484017,-0.0781685462210453,0.3334334623178488,12.217,57.1
23535,1964-06-11 00:00:00,0.0609443684176923,-0.1447613671398287,0.2666501039752134,12.217,57.1
23536,1964-06-12 00:00:00,0.0757172690699986,-0.130179738496716,0.2816142766367132,12.217,57.1
23537,1964-06-13 00:00:00,0.0307582371163026,-0.175524961065001,0.2370414352976063,12.217,57.1
23538,1964-06-14 00:00:00,0.091027388205015,-0.1146315005755715,0.2966862769856017,12.217,57.1
23539,1964-06-15 00:00:00,0.1155078205971492,-0.0906943289093188,0.3217099701036174,12.217,57.1
23540,1964-06-16 00:00:00,0.275737309336911,0.0696226385139507,0.4818519801598712,12.217,57.1
23541,1964-06-17 00:00:00,0.1957991484209862,-0.01064758051263,0.4022458773546025,12.217,57.1
23542,1964-06-18 00:00:00,0.0834836621902024,-0.1229667728358848,0.2899340972162897,12.217,57.1
23543,1964-06-19 00:00:00,0.0471660697671427,-0.1585738610999466,0.2529060006342319,12.217,57.1
23544,1964-06-20 00:00:00,0.1651877385124964,-0.0418281242952231,0.372203601320216,12.217,57.1
23545,1964-06-21 00:00:00,0.1085906931166427,-0.0973086292496762,0.3144900154829618,12.217,57.1
23546,1964-06-22 00:00:00,-0.0054927424823305,-0.211218840913305,0.200233355948644,12.217,57.1
23547,1964-06-23 00:00:00,-0.0051793940159289,-0.2108973103081018,0.2005385222762438,12.217,57.1
23548,1964-06-24 00:00:00,0.0706757686480657,-0.1352037126300653,0.2765552499261968,12.217,57.1
23549,1964-06-25 00:00:00,0.1555680102162498,-0.0503203761429748,0.3614563965754745,12.217,57.1
23550,1964-06-26 00:00:00,0.0515467876472144,-0.1541588982308375,0.2572524735252663,12.217,57.1
23551,1964-06-27 00:00:00,0.0681497299574561,-0.1374656506473541,0.2737651105622664,12.217,57.1
23552,1964-06-28 00:00:00,0.1107880067752241,-0.0950617505746016,0.3166377641250499,12.217,57.1
23553,1964-06-29 00:00:00,0.1720417893684281,-0.0343277030432078,0.3784112817800642,12.217,57.1
23554,1964-06-30 00:00:00,0.0803838285237268,-0.1262117198693215,0.2869793769167752,12.217,57.1
23555,1964-07-01 00:00:00,0.1135109837725262,-0.0925164164473896,0.3195383839924421,12.217,57.1
23556,1964-07-02 00:00:00,0.0151651832465271,-0.1904956115363319,0.2208259780293861,12.217,57.1
23557,1964-07-03 00:00:00,0.184008355051031,-0.0217726518968756,0.3897893619989377,12.217,57.1
23558,1964-07-04 00:00:00,0.1525924179083073,-0.0533223425434132,0.358507178360028,12.217,57.1
23559,1964-07-05 00:00:00,0.0905988641575826,-0.115088530802134,0.2962862591172993,12.217,57.1
23560,1964-07-06 00:00:00,0.1376125445721573,-0.0679008648189196,0.3431259539632343,12.217,57.1
23561,1964-07-07 00:00:00,0.1376378117208435,-0.0679862267276642,0.3432618501693514,12.217,57.1
23562,1964-07-08 00:00:00,0.2251536586714471,0.0194032294423553,0.4309040879005388,12.217,57.1
23563,1964-07-09 00:00:00,0.3225440931550975,0.1162434592302513,0.5288447270799437,12.217,57.1
23564,1964-07-10 00:00:00,0.2713671430446509,0.0653356755115474,0.4773986105777544,12.217,57.1
23565,1964-07-11 00:00:00,0.2027309033448452,-0.0032099878252955,0.4086717945149861,12.217,57.1
23566,1964-07-12 00:00:00,0.1681401073000202,-0.038063723644096,0.3743439382441366,12.217,57.1
23567,1964-07-13 00:00:00,0.1350648847382278,-0.0710692698311622,0.3411990393076179,12.217,57.1
23568,1964-07-14 00:00:00,-0.0009099253430486,-0.2066268095953448,0.2048069589092475,12.217,57.1
23569,1964-07-15 00:00:00,-0.020645722350818,-0.2261308999822492,0.1848394552806131,12.217,57.1
23570,1964-07-16 00:00:00,0.0304514322754736,-0.1752209195818012,0.2361237841327485,12.217,57.1
23571,1964-07-17 00:00:00,-0.0076807674861173,-0.2132615396762674,0.1979000047040328,12.217,57.1
23572,1964-07-18 00:00:00,0.0093368260726909,-0.1961104684197157,0.2147841205650977,12.217,57.1
23573,1964-07-19 00:00:00,0.037708486526496,-0.1677457386906027,0.2431627117435948,12.217,57.1
23574,1964-07-20 00:00:00,0.0797005975950491,-0.1257476776450304,0.2851488728351287,12.217,57.1
23575,1964-07-21 00:00:00,0.1052133344734111,-0.1003946827501275,0.3108213516969498,12.217,57.1
23576,1964-07-22 00:00:00,0.0432705723515021,-0.1623124511679882,0.2488535958709925,12.217,57.1
23577,1964-07-23 00:00:00,0.0095337996298818,-0.1962921041090063,0.2153597033687701,12.217,57.1
23578,1964-07-24 00:00:00,0.0197023893903634,-0.1867409448952817,0.2261457236760086,12.217,57.1
23579,1964-07-25 00:00:00,0.059963979238494,-0.1461458419174303,0.2660738003944183,12.217,57.1
23580,1964-07-26 00:00:00,0.1198750688318201,-0.0858036499856982,0.3255537876493386,12.217,57.1
23581,1964-07-27 00:00:00,0.042548567998733,-0.1631419800643478,0.2482391160618139,12.217,57.1
23582,1964-07-28 00:00:00,0.0673709825383545,-0.1384725915126545,0.2732145565893636,12.217,57.1
23583,1964-07-29 00:00:00,0.3409627556290697,0.1337684048069877,0.5481571064511517,12.217,57.1
23584,1964-07-30 00:00:00,0.1532413439678841,-0.0561705455395656,0.3626532334753339,12.217,57.1
23585,1964-07-31 00:00:00,0.1343744218083541,-0.0713711805433514,0.3401200241600597,12.217,57.1
23586,1964-08-01 00:00:00,0.2942396683371414,0.0880417412209175,0.5004375954533653,12.217,57.1
23587,1964-08-02 00:00:00,0.2070211656877565,0.0012546074269374,0.4127877239485756,12.217,57.1
23588,1964-08-03 00:00:00,0.1490779033590971,-0.0569524191743597,0.355108225892554,12.217,57.1
23589,1964-08-04 00:00:00,0.1324312287133008,-0.0734306543064982,0.3382931117330999,12.217,57.1
23590,1964-08-05 00:00:00,0.1234188752036175,-0.0824929270369899,0.329330677444225,12.217,57.1
23591,1964-08-06 00:00:00,0.0626175648934636,-0.143264664488088,0.2684997942750152,12.217,57.1
23592,1964-08-07 00:00:00,0.1066745683291146,-0.0988987519969051,0.3122478886551343,12.217,57.1
23593,1964-08-08 00:00:00,0.0738765651169177,-0.1317128781546407,0.2794660083884762,12.217,57.1
23594,1964-08-09 00:00:00,0.1162701182081594,-0.0895319529061763,0.3220721893224953,12.217,57.1
23595,1964-08-10 00:00:00,-0.0117221061492791,-0.2172316483763151,0.1937874360777568,12.217,57.1
23596,1964-08-11 00:00:00,-0.0201814461461093,-0.225652878593604,0.1852899863013853,12.217,57.1
23597,1964-08-12 00:00:00,-0.0463108895491611,-0.2518087855631249,0.1591870064648026,12.217,57.1
23598,1964-08-13 00:00:00,-0.0381088950595386,-0.2437095231949654,0.1674917330758882,12.217,57.1
23599,1964-08-14 00:00:00,-0.0145586094524634,-0.2201893026596153,0.1910720837546883,12.217,57.1
23600,1964-08-15 00:00:00,0.0454282573166896,-0.1600808362250241,0.2509373508584035,12.217,57.1
23601,1964-08-16 00:00:00,0.0997940017162067,-0.1057396502239687,0.3053276536563821,12.217,57.1
23602,1964-08-17 00:00:00,0.1024555117303595,-0.1031334917706277,0.3080445152313469,12.217,57.1
23603,1964-08-18 00:00:00,0.1429412044521424,-0.0629271198647636,0.3488095287690484,12.217,57.1
23604,1964-08-19 00:00:00,0.2059535958038238,-9.236872390969152e-05,0.4119995603315574,12.217,57.1
23605,1964-08-20 00:00:00,0.1350244511423572,-0.0705339197079545,0.3405828219926691,12.217,57.1
23606,1964-08-21 00:00:00,0.2169274533484601,0.0110261594981879,0.4228287471987323,12.217,57.1
23607,1964-08-22 00:00:00,0.0854047317682106,-0.1203968937937069,0.2912063573301282,12.217,57.1
23608,1964-08-23 00:00:00,0.0626766278157856,-0.1428519224514482,0.2682051780830196,12.217,57.1
23609,1964-08-24 00:00:00,0.0911769585780431,-0.1146506207668451,0.2970045379229314,12.217,57.1
23610,1964-08-25 00:00:00,0.257739815720706,0.0510786501388408,0.4644009813025711,12.217,57.1
23611,1964-08-26 00:00:00,0.1952949724709426,-0.0107241027080367,0.401314047649922,12.217,57.1
23612,1964-08-27 00:00:00,0.0951849604654352,-0.1106803376363602,0.3010502585672308,12.217,57.1
23613,1964-08-28 00:00:00,0.0663040569111561,-0.1393812099988299,0.2719893238211423,12.217,57.1
23614,1964-08-29 00:00:00,0.0635269675638647,-0.1420731601050696,0.2691270952327992,12.217,57.1
23615,1964-08-30 00:00:00,0.3080760911547756,0.1018207227339061,0.5143314595756451,12.217,57.1
23616,1964-08-31 00:00:00,0.2978896005437202,0.0909669222813004,0.50481227880614,12.217,57.1
23617,1964-09-01 00:00:00,0.051948809469934,-0.1552314664054541,0.2591290853453223,12.217,57.1
23618,1964-09-02 00:00:00,-0.0430118202153533,-0.2485055115487455,0.1624818711180388,12.217,57.1
23619,1964-09-03 00:00:00,0.0019345865936443,-0.2034700005901243,0.207339173777413,12.217,57.1
23620,1964-09-04 00:00:00,0.0416968081088982,-0.1637478780099978,0.2471414942277943,12.217,57.1
23621,1964-09-05 00:00:00,0.0656705287748998,-0.1397651045373641,0.2711061620871638,12.217,57.1
23622,1964-09-06 00:00:00,0.0828554960856914,-0.122592929606218,0.2883039217776009,12.217,57.1
23623,1964-09-07 00:00:00,0.1268930440732939,-0.0786995614699447,0.3324856496165326,12.217,57.1
23624,1964-09-08 00:00:00,0.1263640356558204,-0.0793269114067583,0.3320549827183992,12.217,57.1
23625,1964-09-09 00:00:00,0.313367816143933,0.1074615244025677,0.5192741078852983,12.217,57.1
23626,1964-09-10 00:00:00,0.1028843240328553,-0.102980088145332,0.3087487362110428,12.217,57.1
23627,1964-09-11 00:00:00,0.0716455028780371,-0.1338783802832381,0.2771693860393124,12.217,57.1
23628,1964-09-12 00:00:00,0.1172019327663171,-0.0885761953609412,0.3229800608935755,12.217,57.1
23629,1964-09-13 00:00:00,0.1545106465171534,-0.0529858975982202,0.362007190632527,12.217,57.1
23630,1964-09-14 00:00:00,0.0098026480340147,-0.1966679928633338,0.2162732889313632,12.217,57.1
23631,1964-09-15 00:00:00,0.2003278212459908,-0.0055282005555967,0.4061838430475785,12.217,57.1
23632,1964-09-16 00:00:00,0.1764631862849532,-0.0298154689008515,0.382741841470758,12.217,57.1
23633,1964-09-17 00:00:00,0.1527295444313325,-0.0538735871429332,0.3593326760055983,12.217,57.1
23634,1964-09-18 00:00:00,0.4522445359468089,0.2437738911621408,0.660715180731477,12.217,57.1
23635,1964-09-19 00:00:00,0.182222470875964,-0.0238641757922994,0.3883091175442276,12.217,57.1
23636,1964-09-20 00:00:00,0.1990896934487302,-0.0071841277047465,0.405363514602207,12.217,57.1
23637,1964-09-21 00:00:00,0.2466224771294804,0.0402243983205792,0.4530205559383815,12.217,57.1
23638,1964-09-22 00:00:00,0.0192420220574762,-0.187050349976231,0.2255343940911834,12.217,57.1
23639,1964-09-23 00:00:00,-0.0101716958757564,-0.2163504686301188,0.1960070768786059,12.217,57.1
23640,1964-09-24 00:00:00,0.1160875336977277,-0.0898847149702923,0.3220597823657478,12.217,57.1
23641,1964-09-25 00:00:00,0.0539200224054038,-0.1516267223562925,0.2594667671671002,12.217,57.1
23642,1964-09-26 00:00:00,0.0261536534025069,-0.179316554657256,0.2316238614622699,12.217,57.1
23643,1964-09-27 00:00:00,0.0265473166598851,-0.1789296944920413,0.2320243278118116,12.217,57.1
23644,1964-09-28 00:00:00,0.1232536512334857,-0.0824020953380642,0.3289093978050358,12.217,57.1
23645,1964-09-29 00:00:00,0.1966160289355342,-0.00935098103686,0.4025830389079284,12.217,57.1
23646,1964-09-30 00:00:00,0.2593485820816323,0.0512851756068382,0.4674119885564264,12.217,57.1
23647,1964-10-01 00:00:00,-0.0138271436296092,-0.220133172299852,0.1924788850406335,12.217,57.1
23648,1964-10-02 00:00:00,0.0026785683240789,-0.2028716249742742,0.2082287616224321,12.217,57.1
23649,1964-10-03 00:00:00,-0.0951616660681935,-0.3007041352700434,0.1103808031336563,12.217,57.1
23650,1964-10-04 00:00:00,-0.0672566648623114,-0.2729790650798324,0.1384657353552095,12.217,57.1
23651,1964-10-05 00:00:00,-0.0345036642071649,-0.2400821144193989,0.1710747860050689,12.217,57.1
23652,1964-10-06 00:00:00,0.0204301987008515,-0.1850460736970363,0.2259064710987394,12.217,57.1
23653,1964-10-07 00:00:00,0.1378328382283409,-0.0678025572576582,0.3434682337143401,12.217,57.1
23654,1964-10-08 00:00:00,0.3498246130113608,0.1425767926101902,0.5570724334125315,12.217,57.1
23655,1964-10-09 00:00:00,0.3588957249904602,0.1512817437202277,0.5665097062606926,12.217,57.1
23656,1964-10-10 00:00:00,0.2613935204616942,0.0540971723677602,0.4686898685556281,12.217,57.1
23657,1964-10-11 00:00:00,0.1114996818208973,-0.0966221528675265,0.3196215165093213,12.217,57.1
23658,1964-10-12 00:00:00,0.1987873911787588,-0.0075181727079254,0.405092955065443,12.217,57.1
23659,1964-10-13 00:00:00,0.2068386090283782,0.0008316443329823,0.412845573723774,12.217,57.1
23660,1964-10-14 00:00:00,0.1389817775614158,-0.0685803616490348,0.3465439167718666,12.217,57.1
23661,1964-10-15 00:00:00,0.1339231608289525,-0.0740465151548549,0.34189283681276,12.217,57.1
23662,1964-10-16 00:00:00,0.0936971539404612,-0.111990257728029,0.2993845656089514,12.217,57.1
23663,1964-10-17 00:00:00,0.0409249864395809,-0.1652149224066927,0.2470648952858546,12.217,57.1
23664,1964-10-18 00:00:00,-0.0647617554257568,-0.2708725513123988,0.1413490404608851,12.217,57.1
23665,1964-10-19 00:00:00,-0.0989622281109081,-0.3051305562585776,0.1072061000367613,12.217,57.1
23666,1964-10-20 00:00:00,-0.0158634194416744,-0.221615910704554,0.1898890718212051,12.217,57.1
23667,1964-10-21 00:00:00,0.1105502176879229,-0.0951574843078558,0.3162579196837018,12.217,57.1
23668,1964-10-22 00:00:00,-0.0090612041201399,-0.2148995473115436,0.1967771390712637,12.217,57.1
23669,1964-10-23 00:00:00,0.1884962143277777,-0.0174772053891829,0.3944696340447384,12.217,57.1
23670,1964-10-24 00:00:00,0.265063111191363,0.0572227813929936,0.4729034409897323,12.217,57.1
23671,1964-10-25 00:00:00,0.1920388352220622,-0.0154047466573278,0.3994824171014524,12.217,57.1
23672,1964-10-26 00:00:00,0.0339716023381028,-0.1725647119913896,0.2405079166675953,12.217,57.1
23673,1964-10-27 00:00:00,-0.0383533719239511,-0.2439910688964877,0.1672843250485854,12.217,57.1
23674,1964-10-28 00:00:00,-0.1001082432988817,-0.3056967907323783,0.1054803041346148,12.217,57.1
23675,1964-10-29 00:00:00,-0.0949890901422395,-0.3005824107660103,0.1106042304815311,12.217,57.1
23676,1964-10-30 00:00:00,-0.0519910528502226,-0.2575220450385934,0.1535399393381482,12.217,57.1
23677,1964-10-31 00:00:00,-0.054241015255864,-0.2597993370386208,0.1513173065268927,12.217,57.1
23678,1964-11-01 00:00:00,-0.0219378017963435,-0.2274961680979009,0.1836205645052137,12.217,57.1
23679,1964-11-02 00:00:00,-1.718135592849307e-05,-0.2055517043830634,0.2055173416712065,12.217,57.1
23680,1964-11-03 00:00:00,-0.0747195037449606,-0.2804797390489804,0.1310407315590591,12.217,57.1
23681,1964-11-04 00:00:00,-0.0639643031764272,-0.269539186225985,0.1416105798731305,12.217,57.1
23682,1964-11-05 00:00:00,0.0189073850549668,-0.1866559552522355,0.2244707253621693,12.217,57.1
23683,1964-11-06 00:00:00,0.0302910603903838,-0.1754473927901888,0.2360295135709565,12.217,57.1
23684,1964-11-07 00:00:00,0.0488938136962295,-0.1579197212386413,0.2557073486311005,12.217,57.1
23685,1964-11-08 00:00:00,-0.0503471492692262,-0.2565021520989788,0.1558078535605263,12.217,57.1
23686,1964-11-09 00:00:00,0.0121986745196037,-0.193334892625127,0.2177322416643346,12.217,57.1
23687,1964-11-10 00:00:00,0.069447972802124,-0.1361109667059182,0.2750069123101664,12.217,57.1
23688,1964-11-11 00:00:00,0.0771172216354968,-0.1286558287872573,0.2828902720582511,12.217,57.1
23689,1964-11-12 00:00:00,0.0639193636151873,-0.1417613305271065,0.2696000577574812,12.217,57.1
23690,1964-11-13 00:00:00,0.1704110351277373,-0.0351219800685846,0.3759440503240594,12.217,57.1
23691,1964-11-14 00:00:00,0.2375529758410945,0.0311244839889372,0.4439814676932518,12.217,57.1
23692,1964-11-15 00:00:00,0.4045672465305608,0.1969898653533748,0.6121446277077469,12.217,57.1
23693,1964-11-16 00:00:00,0.6021182453013859,0.3956592354496719,0.8085772551530999,12.217,57.1
23694,1964-11-17 00:00:00,0.2549796321797934,0.0473834473482406,0.4625758170113463,12.217,57.1
23695,1964-11-18 00:00:00,0.2700325601207692,0.063570982978288,0.4764941372632504,12.217,57.1
23696,1964-11-19 00:00:00,0.0695055664660734,-0.1386116032159967,0.2776227361481436,12.217,57.1
23697,1964-11-20 00:00:00,0.0832047448913576,-0.1235267836887906,0.2899362734715059,12.217,57.1
23698,1964-11-21 00:00:00,0.1068326116512987,-0.0990766240834072,0.3127418473860047,12.217,57.1
23699,1964-11-22 00:00:00,0.0342352578400069,-0.1719333404058775,0.2404038560858915,12.217,57.1
23700,1964-11-23 00:00:00,0.1452537864220781,-0.0608447738577501,0.3513523467019064,12.217,57.1
23701,1964-11-24 00:00:00,0.2535972193592022,0.0477388052168846,0.4594556335015198,12.217,57.1
23702,1964-11-25 00:00:00,0.475148466753323,0.2679862561389787,0.6823106773676673,12.217,57.1
23703,1964-11-26 00:00:00,0.3348221575218125,0.1266227763488512,0.5430215386947739,12.217,57.1
23704,1964-11-27 00:00:00,0.0783269919683728,-0.12799989502043,0.2846538789571757,12.217,57.1
23705,1964-11-28 00:00:00,0.2094836105865357,0.0033653215458213,0.4156018996272501,12.217,57.1
23706,1964-11-29 00:00:00,0.1967390691763656,-0.0090649934658106,0.4025431318185418,12.217,57.1
23707,1964-11-30 00:00:00,0.0633499342013934,-0.1422198162730753,0.2689196846758622,12.217,57.1
23708,1964-12-01 00:00:00,0.0980468597035031,-0.1074003871559232,0.3034941065629296,12.217,57.1
23709,1964-12-02 00:00:00,0.0055231754830713,-0.2000615171413596,0.2111078681075024,12.217,57.1
23710,1964-12-03 00:00:00,0.1980887639756411,-0.011957133122634,0.4081346610739162,12.217,57.1
23711,1964-12-04 00:00:00,0.3507107491619166,0.1370362947273199,0.5643852035965132,12.217,57.1
23712,1964-12-05 00:00:00,0.0121473467375747,-0.1942632744677567,0.2185579679429061,12.217,57.1
23713,1964-12-06 00:00:00,0.0098610010407897,-0.1961385376732128,0.2158605397547924,12.217,57.1
23714,1964-12-07 00:00:00,0.1713413160216519,-0.0347351397058502,0.3774177717491541,12.217,57.1
23715,1964-12-08 00:00:00,0.1688843903443927,-0.0376215811536367,0.3753903618424221,12.217,57.1
23716,1964-12-09 00:00:00,0.2424823509992344,0.0339952574593833,0.4509694445390856,12.217,57.1
23717,1964-12-10 00:00:00,0.3011916805485048,0.0938795825803318,0.5085037785166777,12.217,57.1
23718,1964-12-11 00:00:00,0.1408513555005799,-0.0650614881862344,0.3467641991873942,12.217,57.1
23719,1964-12-12 00:00:00,0.0341713090200318,-0.1713351006325038,0.2396777186725676,12.217,57.1
23720,1964-12-13 00:00:00,0.2403326540335047,0.0311764572384663,0.449488850828543,12.217,57.1
23721,1964-12-14 00:00:00,0.7138432339367086,0.5021678837882833,0.925518584085134,12.217,57.1
23722,1964-12-15 00:00:00,0.2957490987355012,0.0873688251945772,0.5041293722764253,12.217,57.1
23723,1964-12-16 00:00:00,0.099167675598902,-0.1065017634072169,0.3048371146050211,12.217,57.1
23724,1964-12-17 00:00:00,0.0178178808857412,-0.1879753950888648,0.2236111568603472,12.217,57.1
23725,1964-12-18 00:00:00,0.0002168546064178,-0.205655120786777,0.2060888299996128,12.217,57.1
23726,1964-12-19 00:00:00,-0.0747275759847677,-0.2803254629630772,0.1308703109935417,12.217,57.1
23727,1964-12-20 00:00:00,-0.0559253733995029,-0.2614693709249295,0.1496186241259236,12.217,57.1
23728,1964-12-21 00:00:00,-0.0427435331723554,-0.2485515382731515,0.1630644719284406,12.217,57.1
23729,1964-12-22 00:00:00,-0.0552119640680585,-0.2613263793004261,0.1509024511643091,12.217,57.1
23730,1964-12-23 00:00:00,-0.0488132806238613,-0.2544773417786257,0.156850780530903,12.217,57.1
23731,1964-12-24 00:00:00,0.078285038081926,-0.1272616768905103,0.2838317530543624,12.217,57.1
23732,1964-12-25 00:00:00,0.1649404658915972,-0.04072887114361,0.3706098029268045,12.217,57.1
23733,1964-12-26 00:00:00,0.040355134443379,-0.1653218351198589,0.246032104006617,12.217,57.1
23734,1964-12-27 00:00:00,0.0376762769498745,-0.1678901328379581,0.2432426867377072,12.217,57.1
23735,1964-12-28 00:00:00,0.0331918835936478,-0.1724153512330488,0.2387991184203444,12.217,57.1
23736,1964-12-29 00:00:00,0.037739228782416,-0.167914861703653,0.2433933192684851,12.217,57.1
23737,1964-12-30 00:00:00,0.1526885981893276,-0.0538095929269447,0.3591867893056,12.217,57.1
23738,1964-12-31 00:00:00,0.3573568622333569,0.1479594941604607,0.566754230306253,12.217,57.1
23739,1965-01-01 00:00:00,0.4525392003512778,0.2449058999117747,0.660172500790781,12.217,57.1
23740,1965-01-02 00:00:00,0.4009944503360335,0.1950457366274764,0.6069431640445906,12.217,57.1
23741,1965-01-03 00:00:00,0.1100962535142473,-0.0956941627848496,0.3158866698133443,12.217,57.1
23742,1965-01-04 00:00:00,-0.0274808881107656,-0.2331855064056178,0.1782237301840864,12.217,57.1
23743,1965-01-05 00:00:00,0.2585145422177844,0.0517644409028948,0.4652646435326741,12.217,57.1
23744,1965-01-06 00:00:00,0.0282144801013997,-0.178512728325918,0.2349416885287176,12.217,57.1
23745,1965-01-07 00:00:00,-0.0023584056563588,-0.2083309663330185,0.2036141550203007,12.217,57.1
23746,1965-01-08 00:00:00,0.1482474675066198,-0.0577932238317805,0.3542881588450202,12.217,57.1
23747,1965-01-09 00:00:00,0.2518810880713416,0.0457394002567833,0.4580227758858999,12.217,57.1
23748,1965-01-10 00:00:00,0.0616071710599015,-0.1446068985704404,0.2678212406902435,12.217,57.1
23749,1965-01-11 00:00:00,0.1011502142603043,-0.1052678617832779,0.3075682903038867,12.217,57.1
23750,1965-01-12 00:00:00,0.2686805137361826,0.0607469910017042,0.476614036470661,12.217,57.1
23751,1965-01-13 00:00:00,0.3058032895927146,0.0993144643184547,0.5122921148669745,12.217,57.1
23752,1965-01-14 00:00:00,0.2637616190690819,0.057280314091846,0.4702429240463177,12.217,57.1
23753,1965-01-15 00:00:00,0.416729026800772,0.2051090443675438,0.6283490092340003,12.217,57.1
23754,1965-01-16 00:00:00,0.316181094793097,0.1076641258084102,0.5246980637777838,12.217,57.1
23755,1965-01-17 00:00:00,0.2935353204830858,0.0846081071542679,0.5024625338119035,12.217,57.1
23756,1965-01-18 00:00:00,0.5674103710283233,0.3579365375675417,0.7768842044891048,12.217,57.1
23757,1965-01-19 00:00:00,0.3228873746667501,0.1161656886333331,0.5296090607001671,12.217,57.1
23758,1965-01-20 00:00:00,0.1586439385262005,-0.0473477398633838,0.3646356169157849,12.217,57.1
23759,1965-01-21 00:00:00,0.0658352856755308,-0.1399464867785121,0.2716170581295738,12.217,57.1
23760,1965-01-22 00:00:00,0.0410710716980566,-0.1647310644424096,0.2468732078385229,12.217,57.1
23761,1965-01-23 00:00:00,0.0460704534066833,-0.1595166157696426,0.2516575225830094,12.217,57.1
23762,1965-01-24 00:00:00,-0.0410933137938172,-0.2466926525729628,0.1645060249853283,12.217,57.1
23763,1965-01-25 00:00:00,-0.0381775232162909,-0.2436841572566985,0.1673291108241166,12.217,57.1
23764,1965-01-26 00:00:00,-0.1236065918009284,-0.3293816509000672,0.0821684672982103,12.217,57.1
23765,1965-01-27 00:00:00,-0.072919058259006,-0.2806338053454366,0.1347956888274245,12.217,57.1
23766,1965-01-28 00:00:00,-0.0475273492711756,-0.2545691331402907,0.1595144345979395,12.217,57.1
23767,1965-01-29 00:00:00,-0.0107112903952617,-0.216568718077718,0.1951461372871946,12.217,57.1
23768,1965-01-30 00:00:00,0.0620915881393445,-0.1435239072625169,0.2677070835412061,12.217,57.1
23769,1965-01-31 00:00:00,0.077876581920106,-0.1277003240118125,0.2834534878520245,12.217,57.1
23770,1965-02-01 00:00:00,-0.0165429334865453,-0.2221640738289486,0.1890782068558578,12.217,57.1
23771,1965-02-02 00:00:00,-0.1047321370011758,-0.3106685080533303,0.1012042340509786,12.217,57.1
23772,1965-02-03 00:00:00,-0.1279438219792968,-0.3338322420474501,0.0779445980888564,12.217,57.1
23773,1965-02-04 00:00:00,-0.0757935591309887,-0.2813315568999996,0.1297444386380221,12.217,57.1
23774,1965-02-05 00:00:00,-0.0471340937690109,-0.252842199635065,0.158574012097043,12.217,57.1
23775,1965-02-06 00:00:00,-0.0938167013961685,-0.2999768422506247,0.1123434394582875,12.217,57.1
23776,1965-02-07 00:00:00,-0.041882455063284,-0.2477686825002711,0.164003772373703,12.217,57.1
23777,1965-02-08 00:00:00,-0.0019059327741236,-0.2103755548711953,0.206563689322948,12.217,57.1
23778,1965-02-09 00:00:00,-0.080674591449433,-0.2905316980737867,0.1291825151749207,12.217,57.1
23779,1965-02-10 00:00:00,0.0929557599729145,-0.1141632025101252,0.3000747224559543,12.217,57.1
23780,1965-02-11 00:00:00,0.0888302283151552,-0.1171782246032458,0.2948386812335564,12.217,57.1
23781,1965-02-12 00:00:00,0.0778492116915536,-0.1277817970160835,0.2834802203991907,12.217,57.1
23782,1965-02-13 00:00:00,0.2486850214664186,0.0427133012829812,0.454656741649856,12.217,57.1
23783,1965-02-14 00:00:00,0.3323480209061518,0.1248464280596423,0.5398496137526612,12.217,57.1
23784,1965-02-15 00:00:00,0.1357534709783456,-0.0713693507478718,0.3428762927045631,12.217,57.1
23785,1965-02-16 00:00:00,0.0167094844050182,-0.1895935638457674,0.2230125326558039,12.217,57.1
23786,1965-02-17 00:00:00,-0.1097167836519068,-0.3154007498424461,0.0959671825386323,12.217,57.1
23787,1965-02-18 00:00:00,-0.1066321733670523,-0.3123790905943743,0.0991147438602696,12.217,57.1
23788,1965-02-19 00:00:00,-0.0741721983336179,-0.2802618743594911,0.1319174776922552,12.217,57.1
23789,1965-02-20 00:00:00,-0.1415887529168629,-0.3474131208091844,0.0642356149754585,12.217,57.1
23790,1965-02-21 00:00:00,-0.0985154729066232,-0.3042431855264794,0.107212239713233,12.217,57.1
23791,1965-02-22 00:00:00,-0.0508262143707789,-0.2566882151177532,0.1550357863761952,12.217,57.1
23792,1965-02-23 00:00:00,0.0392313433005476,-0.1665636464765976,0.2450263330776928,12.217,57.1
23793,1965-02-24 00:00:00,-0.0087287730381672,-0.2149100103228376,0.1974524642465031,12.217,57.1
23794,1965-02-25 00:00:00,0.0965038446325257,-0.1106142704764679,0.3036219597415194,12.217,57.1
23795,1965-02-26 00:00:00,0.0434100575927198,-0.1629671626691119,0.2497872778545515,12.217,57.1
23796,1965-02-27 00:00:00,0.121699905258864,-0.0853599269684639,0.328759737486192,12.217,57.1
23797,1965-02-28 00:00:00,0.0140685099152395,-0.1974564157819937,0.2255934356124728,12.217,57.1
23798,1965-03-01 00:00:00,-0.0857108026558402,-0.2928708222030956,0.1214492168914151,12.217,57.1
23799,1965-03-02 00:00:00,0.0576912797784663,-0.1487550285889968,0.2641375881459294,12.217,57.1
23800,1965-03-03 00:00:00,0.0476203100429953,-0.158424422045954,0.2536650421319448,12.217,57.1
23801,1965-03-04 00:00:00,0.0089700727227123,-0.1979424476886258,0.2158825931340505,12.217,57.1
23802,1965-03-05 00:00:00,-0.0055749425192013,-0.212099011232161,0.2009491261937583,12.217,57.1
23803,1965-03-06 00:00:00,-0.059133033910687,-0.2647161568068824,0.1464500889855083,12.217,57.1
23804,1965-03-07 00:00:00,-0.040640063694706,-0.2462262830081665,0.1649461556187544,12.217,57.1
23805,1965-03-08 00:00:00,0.061254007676267,-0.14471737842213,0.267225393774664,12.217,57.1
23806,1965-03-09 00:00:00,0.0680105461964776,-0.1384716469519648,0.2744927393449201,12.217,57.1
23807,1965-03-10 00:00:00,0.0099665924539258,-0.1957092600136404,0.2156424449214921,12.217,57.1
23808,1965-03-11 00:00:00,0.0208972429721638,-0.1846667045010895,0.2264611904454173,12.217,57.1
23809,1965-03-12 00:00:00,0.0250335997256971,-0.1804468128511591,0.2305140123025534,12.217,57.1
23810,1965-03-13 00:00:00,0.0461164242444957,-0.1593282521272991,0.2515611006162906,12.217,57.1
23811,1965-03-14 00:00:00,0.0505146005288436,-0.1549520345725876,0.255981235630275,12.217,57.1
23812,1965-03-15 00:00:00,0.0907139749260202,-0.1147659633414563,0.2961939131934968,12.217,57.1
23813,1965-03-16 00:00:00,0.1398249828162635,-0.0656197998116996,0.3452697654442267,12.217,57.1
23814,1965-03-17 00:00:00,0.2437161046257417,0.0378536072084639,0.4495786020430195,12.217,57.1
23815,1965-03-18 00:00:00,0.1842884179217609,-0.0213107961480825,0.3898876319916045,12.217,57.1
23816,1965-03-19 00:00:00,0.1970423551396548,-0.0086144230010252,0.4026991332803348,12.217,57.1
23817,1965-03-20 00:00:00,0.3120062316284582,0.1059677389540319,0.5180447243028844,12.217,57.1
23818,1965-03-21 00:00:00,0.1531670832568466,-0.0529634505144592,0.3592976170281525,12.217,57.1
23819,1965-03-22 00:00:00,0.0888939543287655,-0.1168707665463456,0.2946586752038767,12.217,57.1
23820,1965-03-23 00:00:00,0.1161619538812463,-0.0893527299661184,0.3216766377286111,12.217,57.1
23821,1965-03-24 00:00:00,0.1387625875709484,-0.0669598720940647,0.3444850472359617,12.217,57.1
23822,1965-03-25 00:00:00,0.0527087709809575,-0.1529327073582907,0.2583502493202057,12.217,57.1
23823,1965-03-26 00:00:00,0.0694807481923703,-0.1361516835038047,0.2751131798885454,12.217,57.1
23824,1965-03-27 00:00:00,0.0113682167605858,-0.194254708119496,0.2169911416406677,12.217,57.1
23825,1965-03-28 00:00:00,0.0008952098127822,-0.2047988859496569,0.2065893055752214,12.217,57.1
23826,1965-03-29 00:00:00,0.0256778730146377,-0.1798697920526072,0.2312255380818828,12.217,57.1
23827,1965-03-30 00:00:00,0.1496787773638905,-0.0565054490996082,0.3558630038273893,12.217,57.1
23828,1965-03-31 00:00:00,0.0137083363168876,-0.1934774288051156,0.220894101438891,12.217,57.1
23829,1965-04-01 00:00:00,-0.0567485823338641,-0.2623710995868069,0.1488739349190786,12.217,57.1
23830,1965-04-02 00:00:00,-0.0307634282855204,-0.2365523039651351,0.1750254473940943,12.217,57.1
23831,1965-04-03 00:00:00,0.043259218134785,-0.1624211628070564,0.2489395990766265,12.217,57.1
23832,1965-04-04 00:00:00,0.1239371236464407,-0.0816313292370958,0.3295055765299775,12.217,57.1
23833,1965-04-05 00:00:00,0.080632346020709,-0.1248368338475162,0.2861015258889343,12.217,57.1
23834,1965-04-06 00:00:00,0.0548117066217759,-0.150662412126822,0.260285825370374,12.217,57.1
23835,1965-04-07 00:00:00,0.0247821341525911,-0.1807365036822034,0.2303007719873857,12.217,57.1
23836,1965-04-08 00:00:00,0.0336831974507088,-0.1721160935822927,0.2394824884837105,12.217,57.1
23837,1965-04-09 00:00:00,-0.00083155083,-0.2065654161025534,0.2049023144425533,12.217,57.1
23838,1965-04-10 00:00:00,0.0100664149050457,-0.1955740830141973,0.2157069128242888,12.217,57.1
23839,1965-04-11 00:00:00,0.1989254529195606,-0.0070614760405595,0.4049123818796807,12.217,57.1
23840,1965-04-12 00:00:00,0.1062033106600701,-0.0999278518140601,0.3123344731342005,12.217,57.1
23841,1965-04-13 00:00:00,0.1892524371616302,-0.0165639603935612,0.3950688347168217,12.217,57.1
23842,1965-04-14 00:00:00,0.0673316241781579,-0.1386446657316107,0.2733079140879267,12.217,57.1
23843,1965-04-15 00:00:00,0.0421269717904625,-0.1633256159180132,0.2475795594989384,12.217,57.1
23844,1965-04-16 00:00:00,0.1354192749877393,-0.0703771045109482,0.3412156544864269,12.217,57.1
23845,1965-04-17 00:00:00,0.0986028689470727,-0.1075743705105825,0.3047801084047281,12.217,57.1
23846,1965-04-18 00:00:00,0.3260314399252565,0.1194457406021648,0.5326171392483482,12.217,57.1
23847,1965-04-19 00:00:00,0.2915113247414596,0.0841093193047424,0.4989133301781767,12.217,57.1
23848,1965-04-20 00:00:00,0.0521480119743801,-0.155497042402744,0.2597930663515043,12.217,57.1
23849,1965-04-21 00:00:00,-0.0269913090805344,-0.2330575581597068,0.1790749399986379,12.217,57.1
23850,1965-04-22 00:00:00,-0.0321597532592096,-0.2377718108901014,0.173452304371682,12.217,57.1
23851,1965-04-23 00:00:00,-0.0339709410430325,-0.2397185422758593,0.1717766601897943,12.217,57.1
23852,1965-04-24 00:00:00,-0.0030559305324788,-0.2087409740033685,0.2026291129384106,12.217,57.1
23853,1965-04-25 00:00:00,0.0493812248793554,-0.1565035834541445,0.2552660332128553,12.217,57.1
23854,1965-04-26 00:00:00,0.0102398041835574,-0.1954624755158341,0.215942083882949,12.217,57.1
23855,1965-04-27 00:00:00,0.0953621824572023,-0.1104362708992397,0.3011606358136445,12.217,57.1
23856,1965-04-28 00:00:00,-0.0204947197760385,-0.2262359721772174,0.1852465326251402,12.217,57.1
23857,1965-04-29 00:00:00,-0.0875448583146979,-0.2942371681812328,0.1191474515518369,12.217,57.1
23858,1965-04-30 00:00:00,-0.0645044710293475,-0.2707162602908567,0.1417073182321615,12.217,57.1
23859,1965-05-01 00:00:00,-0.0329490597227388,-0.2386590972300145,0.1727609777845369,12.217,57.1
23860,1965-05-02 00:00:00,0.0366006436710428,-0.1689320195332135,0.2421333068752992,12.217,57.1
23861,1965-05-03 00:00:00,0.0261363959366269,-0.1795011933610431,0.231773985234297,12.217,57.1
23862,1965-05-04 00:00:00,0.0722296672424433,-0.1335455180681765,0.2780048525530633,12.217,57.1
23863,1965-05-05 00:00:00,0.2262102041490947,0.02017668710986,0.4322437211883294,12.217,57.1
23864,1965-05-06 00:00:00,0.1175998315596421,-0.0884259214064807,0.3236255845257649,12.217,57.1
23865,1965-05-07 00:00:00,0.0132413139053688,-0.1924603245124436,0.2189429523231812,12.217,57.1
23866,1965-05-08 00:00:00,0.0648216712598609,-0.1406943163412326,0.2703376588609545,12.217,57.1
23867,1965-05-09 00:00:00,0.1261372159764376,-0.0794157630611442,0.3316901950140194,12.217,57.1
23868,1965-05-10 00:00:00,0.1228263912037304,-0.0830798276406955,0.3287326100481564,12.217,57.1
23869,1965-05-11 00:00:00,0.0756701477226065,-0.1319427839094836,0.2832830793546966,12.217,57.1
23870,1965-05-12 00:00:00,-0.0712253316993352,-0.2783919929283723,0.1359413295297019,12.217,57.1
23871,1965-05-13 00:00:00,0.0112245908233523,-0.194314687120081,0.2167638687667856,12.217,57.1
23872,1965-05-14 00:00:00,0.0318901146260237,-0.173595310173107,0.2373755394251545,12.217,57.1
23873,1965-05-15 00:00:00,0.0508450693537529,-0.154863837641911,0.2565539763494169,12.217,57.1
23874,1965-05-16 00:00:00,0.0663037029382031,-0.1393681014921438,0.27197550736855,12.217,57.1
23875,1965-05-17 00:00:00,0.1557515971539531,-0.0501755155139466,0.361678709821853,12.217,57.1
23876,1965-05-18 00:00:00,0.1195793774187571,-0.0861744404167448,0.3253331952542591,12.217,57.1
23877,1965-05-19 00:00:00,0.221178389860834,0.0151929712619602,0.4271638084597079,12.217,57.1
23878,1965-05-20 00:00:00,0.1589052681337601,-0.0470499596068514,0.3648604958743718,12.217,57.1
23879,1965-05-21 00:00:00,0.0720961219384831,-0.1334934267665015,0.2776856706434679,12.217,57.1
23880,1965-05-22 00:00:00,0.0289786544617764,-0.1765584858234141,0.234515794746967,12.217,57.1
23881,1965-05-23 00:00:00,-0.0070659858896325,-0.2128558447676725,0.1987238729884074,12.217,57.1
23882,1965-05-24 00:00:00,-0.0569530671013065,-0.2630532871536241,0.149147152951011,12.217,57.1
23883,1965-05-25 00:00:00,0.0205170233001263,-0.1852722477582377,0.2263062943584905,12.217,57.1
23884,1965-05-26 00:00:00,-0.0299680667663956,-0.235510784183419,0.1755746506506277,12.217,57.1
23885,1965-05-27 00:00:00,0.0128871300475689,-0.1925736034249978,0.2183478635201358,12.217,57.1
23886,1965-05-28 00:00:00,0.0354690073210729,-0.1702491098388667,0.2411871244810126,12.217,57.1
23887,1965-05-29 00:00:00,-0.0392708065212958,-0.2453374759987833,0.1667958629561916,12.217,57.1
23888,1965-05-30 00:00:00,-0.0032756182982841,-0.2095269888060557,0.2029757522094874,12.217,57.1
23889,1965-05-31 00:00:00,0.1267286363059293,-0.078996975498059,0.3324542481099178,12.217,57.1
23890,1965-06-01 00:00:00,0.0141201097021426,-0.1915277506256686,0.2197679700299539,12.217,57.1
23891,1965-06-02 00:00:00,0.0233901026222054,-0.1823524847303825,0.2291326899747934,12.217,57.1
23892,1965-06-03 00:00:00,0.045972239598729,-0.1597015919021466,0.2516460710996048,12.217,57.1
23893,1965-06-04 00:00:00,0.0421718260063436,-0.163379010445132,0.2477226624578192,12.217,57.1
23894,1965-06-05 00:00:00,0.0428945906559149,-0.1626017024996859,0.2483908838115159,12.217,57.1
23895,1965-06-06 00:00:00,0.0346019470269086,-0.1709022103657751,0.2401061044195924,12.217,57.1
23896,1965-06-07 00:00:00,0.0402004216379881,-0.1653831434864387,0.245783986762415,12.217,57.1
23897,1965-06-08 00:00:00,0.0124174573833045,-0.1934215144447076,0.2182564292113168,12.217,57.1
23898,1965-06-09 00:00:00,0.0064035010950694,-0.1992649680823809,0.2120719702725197,12.217,57.1
23899,1965-06-10 00:00:00,-0.0050653265733575,-0.2106716014097993,0.2005409482630842,12.217,57.1
23900,1965-06-11 00:00:00,-0.0022612920087703,-0.2078330181511797,0.203310434133639,12.217,57.1
23901,1965-06-12 00:00:00,0.0284892591507227,-0.177032956728649,0.2340114750300944,12.217,57.1
23902,1965-06-13 00:00:00,0.0345113547775188,-0.1710464134613934,0.2400691230164311,12.217,57.1
23903,1965-06-14 00:00:00,0.0192729395464542,-0.1863172896280408,0.2248631687209493,12.217,57.1
23904,1965-06-15 00:00:00,0.0577179755363042,-0.1478274077535106,0.2632633588261192,12.217,57.1
23905,1965-06-16 00:00:00,0.1280672290250821,-0.0775111205219012,0.3336455785720655,12.217,57.1
23906,1965-06-17 00:00:00,0.1434030534064228,-0.0624428876490441,0.3492489944618897,12.217,57.1
23907,1965-06-18 00:00:00,0.1595747442795157,-0.0466586027730188,0.3658080913320504,12.217,57.1
23908,1965-06-19 00:00:00,0.2655892815370287,0.059035849822511,0.4721427132515464,12.217,57.1
23909,1965-06-20 00:00:00,0.454347265893985,0.2475935122777352,0.6611010195102347,12.217,57.1
23910,1965-06-21 00:00:00,0.1688672665934568,-0.0373664590091085,0.3751009921960223,12.217,57.1
23911,1965-06-22 00:00:00,0.1384133539145137,-0.0673604127672466,0.3441871205962741,12.217,57.1
23912,1965-06-23 00:00:00,0.161628338820192,-0.0443401660070164,0.3675968436474004,12.217,57.1
23913,1965-06-24 00:00:00,0.1112614630308383,-0.0944069839462009,0.3169299100078777,12.217,57.1
23914,1965-06-25 00:00:00,0.1879336581413904,-0.017840614182886,0.3937079304656669,12.217,57.1
23915,1965-06-26 00:00:00,0.1431528473638287,-0.0626377144625191,0.3489434091901766,12.217,57.1
23916,1965-06-27 00:00:00,0.2522929006125243,0.0458875256238661,0.4586982756011825,12.217,57.1
23917,1965-06-28 00:00:00,0.1463503180569475,-0.0599820648271199,0.352682700941015,12.217,57.1
23918,1965-06-29 00:00:00,0.2507422248337633,0.0446324609178979,0.4568519887496286,12.217,57.1
23919,1965-06-30 00:00:00,0.1461983954890596,-0.0598534909285838,0.3522502819067031,12.217,57.1
23920,1965-07-01 00:00:00,0.1142409905880057,-0.0915151124234093,0.3199970935994207,12.217,57.1
23921,1965-07-02 00:00:00,0.1323076371961825,-0.0734355179553177,0.3380507923476827,12.217,57.1
23922,1965-07-03 00:00:00,0.2151706062696429,0.009296673062469,0.4210445394768167,12.217,57.1
23923,1965-07-04 00:00:00,0.1387238320302439,-0.0671102424160487,0.3445579064765366,12.217,57.1
23924,1965-07-05 00:00:00,0.1417884292838662,-0.0638040982750675,0.3473809568428001,12.217,57.1
23925,1965-07-06 00:00:00,0.1740721315478742,-0.0315682351825687,0.3797124982783172,12.217,57.1
23926,1965-07-07 00:00:00,0.187823457604282,-0.0178349348917656,0.3934818501003298,12.217,57.1
23927,1965-07-08 00:00:00,0.1461508324973204,-0.0593647183015225,0.3516663832961634,12.217,57.1
23928,1965-07-09 00:00:00,0.0826705478845172,-0.1229482239678682,0.2882893197369027,12.217,57.1
23929,1965-07-10 00:00:00,0.1949159803215946,-0.0110965661189092,0.4009285267620986,12.217,57.1
23930,1965-07-11 00:00:00,0.1685000844694869,-0.037212377844581,0.3742125467835549,12.217,57.1
23931,1965-07-12 00:00:00,0.1266698031485779,-0.0791032385415901,0.332442844838746,12.217,57.1
23932,1965-07-13 00:00:00,0.1557550394089757,-0.0504857337593331,0.3619958125772846,12.217,57.1
23933,1965-07-14 00:00:00,0.1299792511056899,-0.0757515654539766,0.3357100676653565,12.217,57.1
23934,1965-07-15 00:00:00,0.0797892643497661,-0.1257010489010193,0.2852795776005518,12.217,57.1
23935,1965-07-16 00:00:00,-0.0346006618084148,-0.2401714681044945,0.1709701444876649,12.217,57.1
23936,1965-07-17 00:00:00,-0.0716472704373289,-0.2772212836607789,0.1339267427861211,12.217,57.1
23937,1965-07-18 00:00:00,-0.0642218098892804,-0.2699380703096766,0.1414944505311157,12.217,57.1
23938,1965-07-19 00:00:00,-0.0409449391552969,-0.2466208567703413,0.1647309784597475,12.217,57.1
23939,1965-07-20 00:00:00,0.0012038262647707,-0.2042971386927631,0.2067047912223045,12.217,57.1
23940,1965-07-21 00:00:00,0.0374220156724821,-0.168042284658733,0.2428863160036974,12.217,57.1
23941,1965-07-22 00:00:00,0.1101705074121696,-0.0953638813082503,0.3157048961325898,12.217,57.1
23942,1965-07-23 00:00:00,0.1003204761110626,-0.1053796645910379,0.3060206168131631,12.217,57.1
23943,1965-07-24 00:00:00,0.1132130133173383,-0.0924875650080148,0.3189135916426916,12.217,57.1
23944,1965-07-25 00:00:00,0.1787867059442095,-0.0269396721452422,0.3845130840336613,12.217,57.1
23945,1965-07-26 00:00:00,0.2289497394252617,0.023212155217835,0.4346873236326884,12.217,57.1
23946,1965-07-27 00:00:00,0.1895284429109041,-0.0163097133461947,0.3953665991680031,12.217,57.1
23947,1965-07-28 00:00:00,0.3168213158792917,0.1108350413884864,0.522807590370097,12.217,57.1
23948,1965-07-29 00:00:00,0.2048357362213232,-0.0010317727095314,0.410703245152178,12.217,57.1
23949,1965-07-30 00:00:00,0.2464704798977913,0.0402711909005381,0.4526697688950445,12.217,57.1
23950,1965-07-31 00:00:00,0.2856374649463772,0.0792409888266137,0.4920339410661406,12.217,57.1
23951,1965-08-01 00:00:00,0.3969188531454523,0.1901864745906105,0.603651231700294,12.217,57.1
23952,1965-08-02 00:00:00,0.2842132206601826,0.0781954437699869,0.4902309975503783,12.217,57.1
23953,1965-08-03 00:00:00,0.206887537482531,0.0012035223361986,0.4125715526288633,12.217,57.1
23954,1965-08-04 00:00:00,0.1113663706439507,-0.0941681587428908,0.3169009000307923,12.217,57.1
23955,1965-08-05 00:00:00,0.1187625509269817,-0.0867371349940297,0.3242622368479932,12.217,57.1
23956,1965-08-06 00:00:00,0.1463185726645104,-0.05935640169572,0.3519935470247409,12.217,57.1
23957,1965-08-07 00:00:00,0.2890633891457786,0.0830632827268554,0.4950634955647018,12.217,57.1
23958,1965-08-08 00:00:00,0.1564286730406029,-0.0497102425093701,0.362567588590576,12.217,57.1
23959,1965-08-09 00:00:00,0.0758931537295605,-0.1296478253163329,0.2814341327754539,12.217,57.1
23960,1965-08-10 00:00:00,0.0650478233102355,-0.1404519437702676,0.2705475903907386,12.217,57.1
23961,1965-08-11 00:00:00,0.0113086105850595,-0.1941378069397888,0.216755028109908,12.217,57.1
23962,1965-08-12 00:00:00,-0.0404185149756383,-0.2458766096943658,0.1650395797430891,12.217,57.1
23963,1965-08-13 00:00:00,-0.0171672894255477,-0.2228523608680063,0.1885177820169109,12.217,57.1
23964,1965-08-14 00:00:00,-0.0162110298963377,-0.2218280440099054,0.1894059842172299,12.217,57.1
23965,1965-08-15 00:00:00,-0.0114386854995258,-0.2169903854523496,0.1941130144532979,12.217,57.1
23966,1965-08-16 00:00:00,0.0167898715995436,-0.1887201836313694,0.2222999268304567,12.217,57.1
23967,1965-08-17 00:00:00,0.0431207778257801,-0.1623787723726794,0.2486203280242397,12.217,57.1
23968,1965-08-18 00:00:00,0.0541905379767524,-0.1512107969361528,0.2595918728896578,12.217,57.1
23969,1965-08-19 00:00:00,0.0646930556843267,-0.1407775787465768,0.2701636901152302,12.217,57.1
23970,1965-08-20 00:00:00,0.0810655422120677,-0.1243684518222109,0.2864995362463463,12.217,57.1
23971,1965-08-21 00:00:00,0.0968224660063031,-0.1086455425445515,0.3022904745571579,12.217,57.1
23972,1965-08-22 00:00:00,0.1723111689901923,-0.033281992127555,0.3779043301079397,12.217,57.1
23973,1965-08-23 00:00:00,0.0798834766098159,-0.1257576969581194,0.2855246501777514,12.217,57.1
23974,1965-08-24 00:00:00,0.1093821517452938,-0.0967061952166977,0.3154704987072855,12.217,57.1
23975,1965-08-25 00:00:00,0.1685970126057068,-0.0370609509065315,0.3742549761179452,12.217,57.1
23976,1965-08-26 00:00:00,0.2200999011232427,0.0140230066050985,0.4261767956413869,12.217,57.1
23977,1965-08-27 00:00:00,0.138141601846521,-0.0680227827337025,0.3443059864267447,12.217,57.1
23978,1965-08-28 00:00:00,0.0364183869408688,-0.169194870042947,0.2420316439246846,12.217,57.1
23979,1965-08-29 00:00:00,0.1186944450471899,-0.0868447179820439,0.3242336080764237,12.217,57.1
23980,1965-08-30 00:00:00,0.2100999396976927,0.0043452740979524,0.4158546052974331,12.217,57.1
23981,1965-08-31 00:00:00,0.1923702905200774,-0.013250670803026,0.397991251843181,12.217,57.1
23982,1965-09-01 00:00:00,0.1999259780339854,-0.0059155210821927,0.4057674771501635,12.217,57.1
23983,1965-09-02 00:00:00,-0.0406505557619214,-0.2465435477023628,0.1652424361785198,12.217,57.1
23984,1965-09-03 00:00:00,-0.1321390637375368,-0.3382223065658242,0.0739441790907506,12.217,57.1
23985,1965-09-04 00:00:00,0.2184224546817136,0.0102575151247111,0.4265873942387161,12.217,57.1
23986,1965-09-05 00:00:00,0.0971004527784979,-0.1105264226835238,0.3047273282405198,12.217,57.1
23987,1965-09-06 00:00:00,0.0337827272779766,-0.1721178886370307,0.2396833431929841,12.217,57.1
23988,1965-09-07 00:00:00,0.0677964481280629,-0.1378504500619808,0.2734433463181068,12.217,57.1
23989,1965-09-08 00:00:00,0.1701793931577569,-0.0365397716269037,0.3768985579424176,12.217,57.1
23990,1965-09-09 00:00:00,0.2660517846248154,0.0588287936851716,0.4732747755644592,12.217,57.1
23991,1965-09-10 00:00:00,0.2491630142823355,0.0392343067259997,0.4590917218386714,12.217,57.1
23992,1965-09-11 00:00:00,0.1596448779234518,-0.0469000994011459,0.3661898552480496,12.217,57.1
23993,1965-09-12 00:00:00,0.1222098677142528,-0.0833122615756185,0.3277319970041242,12.217,57.1
23994,1965-09-13 00:00:00,0.1007839416744588,-0.1046755785662101,0.3062434619151277,12.217,57.1
23995,1965-09-14 00:00:00,0.1615962728037621,-0.0438467797721805,0.3670393253797047,12.217,57.1
23996,1965-09-15 00:00:00,0.1230834600449895,-0.0825759670627758,0.3287428871527548,12.217,57.1
23997,1965-09-16 00:00:00,0.0787525537722026,-0.1268623550672532,0.2843674626116586,12.217,57.1
23998,1965-09-17 00:00:00,0.1429066530614069,-0.062993387582419,0.348806693705233,12.217,57.1
23999,1965-09-18 00:00:00,0.1232816133503096,-0.0830761771983431,0.3296394038989625,12.217,57.1
24000,1965-09-19 00:00:00,0.2590544140817329,0.0511036392520982,0.4670051889113675,12.217,57.1
24001,1965-09-20 00:00:00,0.2157117756062953,0.0073776537568284,0.4240458974557621,12.217,57.1
24002,1965-09-21 00:00:00,0.1022261684162972,-0.1036371042696011,0.3080894411021956,12.217,57.1
24003,1965-09-22 00:00:00,0.3268211053322608,0.1203149242960088,0.5333272863685127,12.217,57.1
24004,1965-09-23 00:00:00,0.2042683953810588,-0.0023931938215866,0.4109299845837043,12.217,57.1
24005,1965-09-24 00:00:00,0.1116175995856377,-0.0940100861763423,0.3172452853476177,12.217,57.1
24006,1965-09-25 00:00:00,0.1026923696015389,-0.1027662263588051,0.308150965561883,12.217,57.1
24007,1965-09-26 00:00:00,0.0888598893318913,-0.1166772769748474,0.29439705563863,12.217,57.1
24008,1965-09-27 00:00:00,0.1035060761062898,-0.1024130557007651,0.3094252079133448,12.217,57.1
24009,1965-09-28 00:00:00,0.0503512855047707,-0.1566439746905802,0.2573465457001216,12.217,57.1
24010,1965-09-29 00:00:00,0.1444672601002604,-0.0630215779520186,0.3519560981525396,12.217,57.1
24011,1965-09-30 00:00:00,0.0977287491032865,-0.1083553577251528,0.3038128559317259,12.217,57.1
24012,1965-10-01 00:00:00,0.0140304300130518,-0.1920029719095728,0.2200638319356767,12.217,57.1
24013,1965-10-02 00:00:00,-0.0114142355370736,-0.2170615648795931,0.1942330938054459,12.217,57.1
24014,1965-10-03 00:00:00,0.0520877188845852,-0.1535525888144538,0.2577280265836243,12.217,57.1
24015,1965-10-04 00:00:00,0.0010123419912222,-0.2047984772498775,0.2068231612323221,12.217,57.1
24016,1965-10-05 00:00:00,-0.0066414324448922,-0.2121281848981878,0.1988453200084033,12.217,57.1
24017,1965-10-06 00:00:00,0.0525745662948822,-0.1529055527303308,0.2580546853200954,12.217,57.1
24018,1965-10-07 00:00:00,0.0562461397195867,-0.1493948234118163,0.2618871028509899,12.217,57.1
24019,1965-10-08 00:00:00,-0.0377367460150093,-0.2432815932389326,0.1678081012089138,12.217,57.1
24020,1965-10-09 00:00:00,-0.0419910310009213,-0.2476376168816238,0.1636555548797812,12.217,57.1
24021,1965-10-10 00:00:00,-0.047022365660724,-0.2525927544000931,0.158548023078645,12.217,57.1
24022,1965-10-11 00:00:00,-0.0146772855490542,-0.2202384755383427,0.1908839044402343,12.217,57.1
24023,1965-10-12 00:00:00,-0.0147799100951213,-0.2203161800884035,0.1907563598981608,12.217,57.1
24024,1965-10-13 00:00:00,0.020785049356716,-0.1848873787604086,0.2264574774738408,12.217,57.1
24025,1965-10-14 00:00:00,0.1028430163629444,-0.1026838000458839,0.3083698327717727,12.217,57.1
24026,1965-10-15 00:00:00,0.1092600891038783,-0.0962264351269898,0.3147466133347466,12.217,57.1
24027,1965-10-16 00:00:00,0.1823684076964057,-0.0234234304778048,0.3881602458706162,12.217,57.1
24028,1965-10-17 00:00:00,0.0573166270091696,-0.1489131529129655,0.2635464069313047,12.217,57.1
24029,1965-10-18 00:00:00,0.0441212416299284,-0.1616395223393176,0.2498820055991744,12.217,57.1
24030,1965-10-19 00:00:00,-0.0197916779609788,-0.225434886076472,0.1858515301545144,12.217,57.1
24031,1965-10-20 00:00:00,-0.0751816513465822,-0.2807055358595922,0.1303422331664276,12.217,57.1
24032,1965-10-21 00:00:00,-0.037919305660248,-0.2433964466235365,0.1675578353030405,12.217,57.1
24033,1965-10-22 00:00:00,-0.0526388554472414,-0.2581191839383178,0.1528414730438349,12.217,57.1
24034,1965-10-23 00:00:00,-0.0728574134198875,-0.2784015333330224,0.1326867064932473,12.217,57.1
24035,1965-10-24 00:00:00,-0.070166934029124,-0.275706074624691,0.135372206566443,12.217,57.1
24036,1965-10-25 00:00:00,-0.050404624658336,-0.2558376748408738,0.1550284255242017,12.217,57.1
24037,1965-10-26 00:00:00,0.0235311134022494,-0.1819122081941868,0.2289744349986857,12.217,57.1
24038,1965-10-27 00:00:00,0.1146980645541574,-0.0908252732437674,0.3202214023520823,12.217,57.1
24039,1965-10-28 00:00:00,0.2663174813023035,0.0605070429566256,0.4721279196479813,12.217,57.1
24040,1965-10-29 00:00:00,0.4224780214141994,0.2160147836386509,0.628941259189748,12.217,57.1
24041,1965-10-30 00:00:00,0.4474633921435136,0.2405285242948354,0.6543982599921918,12.217,57.1
24042,1965-10-31 00:00:00,0.2820517593196445,0.0745808060200685,0.4895227126192206,12.217,57.1
24043,1965-11-01 00:00:00,0.5646365619306728,0.3566235470357467,0.7726495768255989,12.217,57.1
24044,1965-11-02 00:00:00,0.505515916767775,0.2970329122681869,0.713998921267363,12.217,57.1
24045,1965-11-03 00:00:00,0.5642279418906373,0.3566522259139758,0.7718036578672988,12.217,57.1
24046,1965-11-04 00:00:00,0.2372508181404322,0.0304085125132031,0.4440931237676612,12.217,57.1
24047,1965-11-05 00:00:00,0.0080733689995617,-0.1980356339288625,0.214182371927986,12.217,57.1
24048,1965-11-06 00:00:00,0.0909284919673928,-0.1147845195162668,0.2966415034510524,12.217,57.1
24049,1965-11-07 00:00:00,-0.002811629294261,-0.2084391175144486,0.2028158589259264,12.217,57.1
24050,1965-11-08 00:00:00,0.0301360971712885,-0.1754330913997624,0.2357052857423396,12.217,57.1
24051,1965-11-09 00:00:00,0.0099333642449163,-0.1956141661938643,0.215480894683697,12.217,57.1
24052,1965-11-10 00:00:00,-0.0407469037179157,-0.2462463262871844,0.164752518851353,12.217,57.1
24053,1965-11-11 00:00:00,-0.0290415278826186,-0.2345179558673291,0.1764349001020919,12.217,57.1
24054,1965-11-12 00:00:00,-0.0798263643441734,-0.2855148289520694,0.1258621002637224,12.217,57.1
24055,1965-11-13 00:00:00,-0.0982037453558625,-0.3040264597465767,0.1076189690348516,12.217,57.1
24056,1965-11-14 00:00:00,-0.084072018109172,-0.2898612613120077,0.1217172250936636,12.217,57.1
24057,1965-11-15 00:00:00,-0.0625873154259054,-0.268168196913978,0.142993566062167,12.217,57.1
24058,1965-11-16 00:00:00,-0.1065023832245356,-0.3120624095214088,0.0990576430723374,12.217,57.1
24059,1965-11-17 00:00:00,-0.0988089353739174,-0.3043573943060093,0.1067395235581744,12.217,57.1
24060,1965-11-18 00:00:00,-0.035072769771185,-0.2409102974534891,0.170764757911119,12.217,57.1
24061,1965-11-19 00:00:00,0.0016396096472855,-0.2043295868252001,0.2076088061197712,12.217,57.1
24062,1965-11-20 00:00:00,-0.003048159296066,-0.2089285844174382,0.202832265825306,12.217,57.1
24063,1965-11-21 00:00:00,-0.0594624032369893,-0.2655956630106546,0.1466708565366759,12.217,57.1
24064,1965-11-22 00:00:00,0.0334847273765167,-0.1737365081387392,0.2407059628917726,12.217,57.1
24065,1965-11-23 00:00:00,-0.0845754897303539,-0.2911933404265747,0.1220423609658667,12.217,57.1
24066,1965-11-24 00:00:00,0.1220131122831058,-0.0841892808731314,0.3282155054393429,12.217,57.1
24067,1965-11-25 00:00:00,0.1069959691129138,-0.1010024044265908,0.3149943426524186,12.217,57.1
24068,1965-11-26 00:00:00,0.1323882045728551,-0.0759415220402219,0.3407179311859322,12.217,57.1
24069,1965-11-27 00:00:00,0.5524505977885685,0.3386673905582261,0.7662338050189109,12.217,57.1
24070,1965-11-28 00:00:00,0.2840240085960853,0.0767761981497721,0.4912718190423984,12.217,57.1
24071,1965-11-29 00:00:00,0.1410888052322483,-0.0656609279476774,0.347838538412174,12.217,57.1
24072,1965-11-30 00:00:00,0.2251192385908065,0.0177225940821093,0.4325158830995038,12.217,57.1
24073,1965-12-01 00:00:00,0.4199526078845994,0.2105787592129835,0.6293264565562153,12.217,57.1
24074,1965-12-02 00:00:00,0.1168312799629036,-0.0898998641367949,0.3235624240626022,12.217,57.1
24075,1965-12-03 00:00:00,0.1649464867137195,-0.0411692938384999,0.3710622672659389,12.217,57.1
24076,1965-12-04 00:00:00,0.1976221277254757,-0.008991809954768,0.4042360654057194,12.217,57.1
24077,1965-12-05 00:00:00,0.1159353370958735,-0.0899420735453767,0.3218127477371238,12.217,57.1
24078,1965-12-06 00:00:00,0.2552561651020531,0.0483381596391492,0.4621741705649569,12.217,57.1
24079,1965-12-07 00:00:00,0.2118860923760499,0.0017035463488133,0.4220686384032865,12.217,57.1
24080,1965-12-08 00:00:00,0.1086661055760515,-0.0972228530200158,0.3145550641721189,12.217,57.1
24081,1965-12-09 00:00:00,0.1461895160413266,-0.059856734811284,0.3522357668939372,12.217,57.1
24082,1965-12-10 00:00:00,0.3274272293859985,0.1180883637295927,0.5367660950424042,12.217,57.1
24083,1965-12-11 00:00:00,0.4067185857799373,0.1940449702725801,0.6193922012872946,12.217,57.1
24084,1965-12-12 00:00:00,0.0746148837472507,-0.1345559066813582,0.2837856741758596,12.217,57.1
24085,1965-12-13 00:00:00,0.0158760424631933,-0.190201479037566,0.2219535639639527,12.217,57.1
24086,1965-12-14 00:00:00,-0.0043187359355836,-0.2100173358652625,0.2013798639940952,12.217,57.1
24087,1965-12-15 00:00:00,-0.0099627331029062,-0.21577180639998,0.1958463401941676,12.217,57.1
24088,1965-12-16 00:00:00,0.0088883973841497,-0.1967299859511373,0.2145067807194368,12.217,57.1
24089,1965-12-17 00:00:00,0.000695676593395,-0.205152899285492,0.2065442524722822,12.217,57.1
24090,1965-12-18 00:00:00,0.1345228995535161,-0.0714077474075399,0.3404535465145721,12.217,57.1
24091,1965-12-19 00:00:00,0.2159485163288723,0.0090847378964213,0.4228122947613234,12.217,57.1
24092,1965-12-20 00:00:00,0.2219469800146351,0.0162290723489988,0.4276648876802713,12.217,57.1
24093,1965-12-21 00:00:00,0.1319003031813384,-0.0738471241011284,0.3376477304638054,12.217,57.1
24094,1965-12-22 00:00:00,0.0504511563755853,-0.15506415716373,0.2559664699149007,12.217,57.1
24095,1965-12-23 00:00:00,0.0633641167182484,-0.142217537503322,0.2689457709398188,12.217,57.1
24096,1965-12-24 00:00:00,0.1895588794205188,-0.0164589944286195,0.3955767532696572,12.217,57.1
24097,1965-12-25 00:00:00,0.2540972342895052,0.0477322151169651,0.4604622534620452,12.217,57.1
24098,1965-12-26 00:00:00,0.2572973777219148,0.051044065664931,0.4635506897788986,12.217,57.1
24099,1965-12-27 00:00:00,0.2793747854157304,0.073352438334822,0.4853971324966389,12.217,57.1
24100,1965-12-28 00:00:00,0.2977661917970557,0.0919675794048085,0.5035648041893029,12.217,57.1
24101,1965-12-29 00:00:00,0.1413114331908876,-0.0645242592868161,0.3471471256685915,12.217,57.1
24102,1965-12-30 00:00:00,0.1500558705525546,-0.0558061120432363,0.3559178531483457,12.217,57.1
24103,1965-12-31 00:00:00,0.2098060395130257,0.0031568893371282,0.4164551896889231,12.217,57.1
24104,1966-01-01 00:00:00,0.028960797643432,-0.1774555943912292,0.2353771896780934,12.217,57.1
24105,1966-01-02 00:00:00,0.2956369797480073,0.0862232353643333,0.5050507241316813,12.217,57.1
24106,1966-01-03 00:00:00,0.1286923443933823,-0.0794885798315964,0.336873268618361,12.217,57.1
24107,1966-01-04 00:00:00,0.0020811003263314,-0.2041230506344706,0.2082852512871335,12.217,57.1
24108,1966-01-05 00:00:00,-0.1268368746568215,-0.3329325164295633,0.0792587671159201,12.217,57.1
24109,1966-01-06 00:00:00,-0.0384213637541734,-0.2442855173781088,0.167442789869762,12.217,57.1
24110,1966-01-07 00:00:00,0.0100669217183165,-0.1957377272851064,0.2158715707217396,12.217,57.1
24111,1966-01-08 00:00:00,-0.0301985874521171,-0.2358364349389556,0.1754392600347213,12.217,57.1
24112,1966-01-09 00:00:00,-0.0994442974266866,-0.3050518409703809,0.1061632461170076,12.217,57.1
24113,1966-01-10 00:00:00,-0.1144070934301721,-0.3200987829554922,0.0912845960951478,12.217,57.1
24114,1966-01-11 00:00:00,-0.1603651757963471,-0.3661531113352264,0.0454227597425321,12.217,57.1
24115,1966-01-12 00:00:00,-0.1179220033017439,-0.3236309663884059,0.0877869597849179,12.217,57.1
24116,1966-01-13 00:00:00,-0.1469417909514466,-0.3529429244384503,0.0590593425355571,12.217,57.1
24117,1966-01-14 00:00:00,-0.1780223062512319,-0.3843845703242998,0.0283399578218359,12.217,57.1
24118,1966-01-15 00:00:00,-0.1186413718625557,-0.3258121166248569,0.0885293728997454,12.217,57.1
24119,1966-01-16 00:00:00,-0.143164683545515,-0.3501082407973873,0.0637788737063572,12.217,57.1
24120,1966-01-17 00:00:00,-0.0124267344803125,-0.2181050935380946,0.1932516245774695,12.217,57.1
24121,1966-01-18 00:00:00,0.0528932437575491,-0.1526649559540855,0.2584514434691838,12.217,57.1
24122,1966-01-19 00:00:00,0.023979503100987,-0.1815912288267837,0.2295502350287579,12.217,57.1
24123,1966-01-20 00:00:00,0.0247177829436838,-0.1809382429719615,0.2303738088593293,12.217,57.1
24124,1966-01-21 00:00:00,0.0674974518850772,-0.1382968053408175,0.273291709110972,12.217,57.1
24125,1966-01-22 00:00:00,0.0714465324785718,-0.1342449265282397,0.2771379914853835,12.217,57.1
24126,1966-01-23 00:00:00,0.058954149124107,-0.1466777865621568,0.2645860848103709,12.217,57.1
24127,1966-01-24 00:00:00,0.0239998996374289,-0.1815774198735556,0.2295772191484134,12.217,57.1
24128,1966-01-25 00:00:00,-0.0182861470561533,-0.2238558585143626,0.1872835644020559,12.217,57.1
24129,1966-01-26 00:00:00,0.0022456115499714,-0.2033816306886035,0.2078728537885464,12.217,57.1
24130,1966-01-27 00:00:00,0.0781710129558697,-0.1275845929022729,0.2839266188140124,12.217,57.1
24131,1966-01-28 00:00:00,0.0370237347063477,-0.1686985791157602,0.2427460485284557,12.217,57.1
24132,1966-01-29 00:00:00,0.0222399985886302,-0.183373580010916,0.2278535771881765,12.217,57.1
24133,1966-01-30 00:00:00,0.1926644279338911,-0.0134885639553537,0.3988174198231359,12.217,57.1
24134,1966-01-31 00:00:00,0.3148806459778669,0.1084591969089996,0.5213020950467342,12.217,57.1
24135,1966-02-01 00:00:00,0.188482997576137,-0.0172422666600447,0.3942082618123188,12.217,57.1
24136,1966-02-02 00:00:00,0.0181680819634483,-0.1876572821778206,0.2239934461047172,12.217,57.1
24137,1966-02-03 00:00:00,0.0453416078729214,-0.160387787125232,0.2510710028710748,12.217,57.1
24138,1966-02-04 00:00:00,0.0341734514122149,-0.1720798361159674,0.2404267389403973,12.217,57.1
24139,1966-02-05 00:00:00,0.0420912640168768,-0.1639178868235454,0.2481004148572991,12.217,57.1
24140,1966-02-06 00:00:00,0.1517592063130272,-0.0553012735103816,0.3588196861364362,12.217,57.1
24141,1966-02-07 00:00:00,0.2546473547924667,0.0477111760586734,0.46158353352626,12.217,57.1
24142,1966-02-08 00:00:00,0.0834851286163667,-0.1227480371746257,0.2897182944073592,12.217,57.1
24143,1966-02-09 00:00:00,-0.0407367205699953,-0.2472934638688723,0.1658200227288817,12.217,57.1
24144,1966-02-10 00:00:00,0.0611338490999894,-0.1454839548565814,0.2677516530565604,12.217,57.1
24145,1966-02-11 00:00:00,0.0424558104739084,-0.1634276325717376,0.2483392535195545,12.217,57.1
24146,1966-02-12 00:00:00,-0.0319517562084248,-0.2377118607669242,0.1738083483500745,12.217,57.1
24147,1966-02-13 00:00:00,-0.1403403632169745,-0.346786164969342,0.0661054385353929,12.217,57.1
24148,1966-02-14 00:00:00,-0.0150584667228231,-0.2234300297826976,0.1933130963370514,12.217,57.1
24149,1966-02-15 00:00:00,0.0063406449352825,-0.200758410808207,0.2134397006787721,12.217,57.1
24150,1966-02-16 00:00:00,-0.0544433285558179,-0.2601971729613612,0.1513105158497252,12.217,57.1
24151,1966-02-17 00:00:00,0.0106686885339329,-0.1948078200016088,0.2161451970694747,12.217,57.1
24152,1966-02-18 00:00:00,0.0540449396172644,-0.1514472473764014,0.2595371266109303,12.217,57.1
24153,1966-02-19 00:00:00,0.0518210867310364,-0.1537681410252606,0.2574103144873335,12.217,57.1
24154,1966-02-20 00:00:00,0.1073832482492598,-0.0983197953697359,0.3130862918682556,12.217,57.1
24155,1966-02-21 00:00:00,0.1668253269179851,-0.0391332038142255,0.3727838576501959,12.217,57.1
24156,1966-02-22 00:00:00,0.199077167292303,-0.0066853750438163,0.4048397096284223,12.217,57.1
24157,1966-02-23 00:00:00,0.1951044610222065,-0.0106689758618945,0.4008778979063077,12.217,57.1
24158,1966-02-24 00:00:00,0.2226448779277134,0.0166271702153856,0.4286625856400412,12.217,57.1
24159,1966-02-25 00:00:00,0.2420571073359844,0.0360396506719007,0.4480745640000682,12.217,57.1
24160,1966-02-26 00:00:00,0.2137579873123262,0.0076681636962858,0.4198478109283666,12.217,57.1
24161,1966-02-27 00:00:00,0.1790651059759477,-0.0279004741334074,0.3860306860853029,12.217,57.1
24162,1966-02-28 00:00:00,0.251061252179354,0.0453417882777179,0.4567807160809901,12.217,57.1
24163,1966-03-01 00:00:00,0.1881168922758709,-0.017503527189015,0.393737311740757,12.217,57.1
24164,1966-03-02 00:00:00,-0.0402868913145092,-0.2461437656237171,0.1655699829946986,12.217,57.1
24165,1966-03-03 00:00:00,0.1290667686617417,-0.076853000433733,0.3349865377572165,12.217,57.1
24166,1966-03-04 00:00:00,0.1432337192731704,-0.0626166690706789,0.3490841076170198,12.217,57.1
24167,1966-03-05 00:00:00,0.0420679619118764,-0.1634514277407937,0.2475873515645465,12.217,57.1
24168,1966-03-06 00:00:00,0.0569409333337714,-0.1485508309674021,0.2624326976349449,12.217,57.1
24169,1966-03-07 00:00:00,0.1378099239194121,-0.0677702009472476,0.3433900487860719,12.217,57.1
24170,1966-03-08 00:00:00,0.1505451243228706,-0.0549140209837395,0.3560042696294808,12.217,57.1
24171,1966-03-09 00:00:00,0.1815756243169454,-0.0240579929619982,0.3872092415958891,12.217,57.1
24172,1966-03-10 00:00:00,0.1014933548804833,-0.1039978744642455,0.3069845842252122,12.217,57.1
24173,1966-03-11 00:00:00,0.3044957867169817,0.0983698746466243,0.5106216987873391,12.217,57.1
24174,1966-03-12 00:00:00,0.3325400114421425,0.12590441218473,0.5391756106995551,12.217,57.1
24175,1966-03-13 00:00:00,0.04274965898716,-0.1637615246335246,0.2492608426078447,12.217,57.1
24176,1966-03-14 00:00:00,-0.1075940099662678,-0.313388156892901,0.0982001369603653,12.217,57.1
24177,1966-03-15 00:00:00,0.0250474936718115,-0.1809445699856029,0.231039557329226,12.217,57.1
24178,1966-03-16 00:00:00,0.0450234014416617,-0.1613206465480743,0.2513674494313979,12.217,57.1
24179,1966-03-17 00:00:00,0.0874157349343215,-0.1184136187566128,0.2932450886252559,12.217,57.1
24180,1966-03-18 00:00:00,0.1266870692796334,-0.0789819094743732,0.3323560480336401,12.217,57.1
24181,1966-03-19 00:00:00,-0.0632316057951714,-0.2698885151309378,0.1434253035405948,12.217,57.1
24182,1966-03-20 00:00:00,0.0169131109018399,-0.1892030740899246,0.2230292958936045,12.217,57.1
24183,1966-03-21 00:00:00,0.2007333719494861,-0.0053881055423939,0.4068548494413663,12.217,57.1
24184,1966-03-22 00:00:00,0.3969108764470198,0.1905961595910888,0.6032255933029508,12.217,57.1
24185,1966-03-23 00:00:00,0.2758088016418484,0.069499042254238,0.4821185610294587,12.217,57.1
24186,1966-03-24 00:00:00,0.3490931521820521,0.142757944137811,0.5554283602262933,12.217,57.1
24187,1966-03-25 00:00:00,0.476720994922254,0.2702917816617888,0.6831502081827192,12.217,57.1
24188,1966-03-26 00:00:00,0.2323713594393366,0.025682062130047,0.4390606567486262,12.217,57.1
24189,1966-03-27 00:00:00,0.2784004675120479,0.0723435256968968,0.4844574093271989,12.217,57.1
24190,1966-03-28 00:00:00,0.4071224127226762,0.1988161568366948,0.6154286686086575,12.217,57.1
24191,1966-03-29 00:00:00,0.1262441971684883,-0.0812872768203924,0.3337756711573691,12.217,57.1
24192,1966-03-30 00:00:00,0.2011996821926333,-0.004653641482966,0.4070530058682327,12.217,57.1
24193,1966-03-31 00:00:00,0.1460954057915608,-0.0595191924025012,0.351710003985623,12.217,57.1
24194,1966-04-01 00:00:00,0.133457965236096,-0.0729043624567358,0.3398202929289279,12.217,57.1
24195,1966-04-02 00:00:00,0.2306874684615599,0.0229732727287117,0.4384016641944082,12.217,57.1
24196,1966-04-03 00:00:00,0.1047304909095628,-0.102175613677395,0.3116365954965208,12.217,57.1
24197,1966-04-04 00:00:00,-0.0010469210974953,-0.2065915403538616,0.2044976981588708,12.217,57.1
24198,1966-04-05 00:00:00,0.0164040919842885,-0.1891546055561658,0.2219627895247429,12.217,57.1
24199,1966-04-06 00:00:00,0.0223737580636204,-0.1831105322127473,0.2278580483399881,12.217,57.1
24200,1966-04-07 00:00:00,0.0165336281774488,-0.1890000622322497,0.2220673185871474,12.217,57.1
24201,1966-04-08 00:00:00,0.0422751510484403,-0.163213526221511,0.2477638283183918,12.217,57.1
24202,1966-04-09 00:00:00,0.024560230866843,-0.1809898990515412,0.2301103607852273,12.217,57.1
24203,1966-04-10 00:00:00,-0.0182026211241973,-0.2239299218033284,0.1875246795549337,12.217,57.1
24204,1966-04-11 00:00:00,-0.0025474991728305,-0.2085428350288278,0.2034478366831668,12.217,57.1
24205,1966-04-12 00:00:00,-0.0313036060924213,-0.2370178391664664,0.1744106269816237,12.217,57.1
24206,1966-04-13 00:00:00,-0.0301511292641887,-0.2360824203765682,0.1757801618481908,12.217,57.1
24207,1966-04-14 00:00:00,-0.0498391395816633,-0.2557944236956777,0.1561161445323509,12.217,57.1
24208,1966-04-15 00:00:00,0.0288542779664263,-0.1774714204185179,0.2351799763513706,12.217,57.1
24209,1966-04-16 00:00:00,0.0551546789512758,-0.1506478333152404,0.2609571912177921,12.217,57.1
24210,1966-04-17 00:00:00,0.023856562491587,-0.1817258119173466,0.2294389369005208,12.217,57.1
24211,1966-04-18 00:00:00,-0.0077011505433494,-0.2133166131801259,0.197914312093427,12.217,57.1
24212,1966-04-19 00:00:00,0.0161988690546968,-0.189549813666992,0.2219475517763856,12.217,57.1
24213,1966-04-20 00:00:00,0.1118666575525446,-0.0943200820034188,0.3180533971085081,12.217,57.1
24214,1966-04-21 00:00:00,-0.0116177887730903,-0.2176064611848007,0.19437088363862,12.217,57.1
24215,1966-04-22 00:00:00,-0.0584398147097516,-0.2640794789757011,0.1471998495561979,12.217,57.1
24216,1966-04-23 00:00:00,0.0440937109279701,-0.1617081434858937,0.249895565341834,12.217,57.1
24217,1966-04-24 00:00:00,0.15755926127233,-0.0486246998610972,0.3637432224057574,12.217,57.1
24218,1966-04-25 00:00:00,0.1253143016359323,-0.0802168179981502,0.3308454212700148,12.217,57.1
24219,1966-04-26 00:00:00,0.0458998624512686,-0.1597706969208057,0.251570421823343,12.217,57.1
24220,1966-04-27 00:00:00,0.0118216019258687,-0.193670707587772,0.2173139114395094,12.217,57.1
24221,1966-04-28 00:00:00,0.029545691151765,-0.175917729923907,0.235009112227437,12.217,57.1
24222,1966-04-29 00:00:00,-0.034837820022702,-0.2405258200456316,0.1708501800002274,12.217,57.1
24223,1966-04-30 00:00:00,-0.0175673703787095,-0.2231658353046327,0.1880310945472136,12.217,57.1
24224,1966-05-01 00:00:00,0.0026308041193212,-0.2029349914164967,0.2081965996551393,12.217,57.1
24225,1966-05-02 00:00:00,0.0050022080512635,-0.2005748581947429,0.2105792742972699,12.217,57.1
24226,1966-05-03 00:00:00,0.0739321361252384,-0.1317023595770219,0.2795666318274987,12.217,57.1
24227,1966-05-04 00:00:00,0.1152465076430107,-0.0904952950320411,0.3209883103180627,12.217,57.1
24228,1966-05-05 00:00:00,0.1827784213292535,-0.0228746643302776,0.3884315069887846,12.217,57.1
24229,1966-05-06 00:00:00,0.2127751983534638,0.0063234233933056,0.4192269733136219,12.217,57.1
24230,1966-05-07 00:00:00,0.1133766980922115,-0.0927342782832908,0.3194876744677138,12.217,57.1
24231,1966-05-08 00:00:00,0.0679077735725519,-0.1376126479909905,0.2734281951360943,12.217,57.1
24232,1966-05-09 00:00:00,0.0501016553918475,-0.1554274565893005,0.2556307673729955,12.217,57.1
24233,1966-05-10 00:00:00,-0.0087100801733213,-0.2144008832405044,0.1969807228938618,12.217,57.1
24234,1966-05-11 00:00:00,-0.0272755875744657,-0.2330283000215361,0.1784771248726046,12.217,57.1
24235,1966-05-12 00:00:00,0.111190751045721,-0.0947585012146807,0.3171400033061228,12.217,57.1
24236,1966-05-13 00:00:00,-0.0126350439733555,-0.2184208476175537,0.1931507596708425,12.217,57.1
24237,1966-05-14 00:00:00,0.0308687281722521,-0.1746977904151341,0.2364352467596385,12.217,57.1
24238,1966-05-15 00:00:00,0.0013490347988078,-0.2042928018887118,0.2069908714863275,12.217,57.1
24239,1966-05-16 00:00:00,-0.0403995168502813,-0.2460479235828003,0.1652488898822376,12.217,57.1
24240,1966-05-17 00:00:00,-0.0401903367399558,-0.2457126867933793,0.1653320133134677,12.217,57.1
24241,1966-05-18 00:00:00,0.0670138989671885,-0.1385939359155338,0.2726217338499109,12.217,57.1
24242,1966-05-19 00:00:00,0.1216797067502676,-0.083992809444421,0.3273522229449564,12.217,57.1
24243,1966-05-20 00:00:00,0.0715563039579168,-0.1345211282068716,0.2776337361227052,12.217,57.1
24244,1966-05-21 00:00:00,0.2409314829313517,0.0334426604284531,0.4484203054342502,12.217,57.1
24245,1966-05-22 00:00:00,0.1709667976703544,-0.035720778930729,0.377654374271438,12.217,57.1
24246,1966-05-23 00:00:00,0.1760467144428481,-0.0302303772145797,0.382323806100276,12.217,57.1
24247,1966-05-24 00:00:00,0.215718625479997,0.0068820506724086,0.4245552002875855,12.217,57.1
24248,1966-05-25 00:00:00,0.3508718217547696,0.1427966946567916,0.5589469488527476,12.217,57.1
24249,1966-05-26 00:00:00,0.0659626679639529,-0.1399914130933406,0.2719167490212465,12.217,57.1
24250,1966-05-27 00:00:00,-0.0006710524203221,-0.2063563985391262,0.2050142936984818,12.217,57.1
24251,1966-05-28 00:00:00,-0.0348217190006062,-0.2409869833504701,0.1713435453492577,12.217,57.1
24252,1966-05-29 00:00:00,0.0579806328935561,-0.1506676964260964,0.2666289622132087,12.217,57.1
24253,1966-05-30 00:00:00,-0.0475835438956847,-0.2535984149787548,0.1584313271873851,12.217,57.1
24254,1966-05-31 00:00:00,-0.0224071781418513,-0.2278544760318229,0.1830401197481201,12.217,57.1
24255,1966-06-01 00:00:00,0.0456100055621397,-0.15994556076445,0.2511655718887295,12.217,57.1
24256,1966-06-02 00:00:00,0.2706708162046553,0.0648301861110907,0.4765114462982198,12.217,57.1
24257,1966-06-03 00:00:00,0.2024866844078731,-0.0038403970989926,0.4088137659147389,12.217,57.1
24258,1966-06-04 00:00:00,0.2800925860838453,0.0743029359041958,0.4858822362634948,12.217,57.1
24259,1966-06-05 00:00:00,0.1859942602370895,-0.0199829233776764,0.3919714438518555,12.217,57.1
24260,1966-06-06 00:00:00,0.1591296242372451,-0.0470289996668805,0.3652882481413708,12.217,57.1
24261,1966-06-07 00:00:00,0.0932949641717501,-0.1125267487682491,0.2991166771117495,12.217,57.1
24262,1966-06-08 00:00:00,0.0066834196520253,-0.1988206393538071,0.2121874786578578,12.217,57.1
24263,1966-06-09 00:00:00,-0.0170385474323083,-0.2225072179828054,0.1884301231181886,12.217,57.1
24264,1966-06-10 00:00:00,-0.0418679033175156,-0.2473939399396213,0.1636581333045899,12.217,57.1
24265,1966-06-11 00:00:00,-0.0479416522509402,-0.2534158399765668,0.1575325354746864,12.217,57.1
24266,1966-06-12 00:00:00,-0.0531119377941714,-0.2585590738725564,0.1523351982842135,12.217,57.1
24267,1966-06-13 00:00:00,-0.0332262469598837,-0.2388077622088081,0.1723552682890406,12.217,57.1
24268,1966-06-14 00:00:00,0.0463746514449211,-0.1594373243705026,0.2521866272603449,12.217,57.1
24269,1966-06-15 00:00:00,-0.0029554921728673,-0.2084746535974166,0.2025636692516819,12.217,57.1
24270,1966-06-16 00:00:00,0.0311894428632745,-0.1742853526572118,0.2366642383837608,12.217,57.1
24271,1966-06-17 00:00:00,0.0218889256780488,-0.1836024770050932,0.227380328361191,12.217,57.1
24272,1966-06-18 00:00:00,0.0465369071645246,-0.1590192018699925,0.2520930161990418,12.217,57.1
24273,1966-06-19 00:00:00,0.0063078044869247,-0.1993316108602575,0.211947219834107,12.217,57.1
24274,1966-06-20 00:00:00,0.0904776759130456,-0.1159946636307478,0.2969500154568392,12.217,57.1
24275,1966-06-21 00:00:00,0.1453775744058753,-0.0613985565078566,0.3521537053196072,12.217,57.1
24276,1966-06-22 00:00:00,0.0658956793191197,-0.1399329744738084,0.2717243331120479,12.217,57.1
24277,1966-06-23 00:00:00,0.0799357656551321,-0.1255479949907677,0.285419526301032,12.217,57.1
24278,1966-06-24 00:00:00,0.1136797215591883,-0.091867149392526,0.3192265925109027,12.217,57.1
24279,1966-06-25 00:00:00,0.080792709146272,-0.124810751651834,0.2863961699443781,12.217,57.1
24280,1966-06-26 00:00:00,0.0396027949140062,-0.1658526379421645,0.2450582277701769,12.217,57.1
24281,1966-06-27 00:00:00,0.075437873217599,-0.1300163884877697,0.2808921349229678,12.217,57.1
24282,1966-06-28 00:00:00,0.2006845332345117,-0.0054574180375271,0.4068264845065507,12.217,57.1
24283,1966-06-29 00:00:00,0.0442714329408898,-0.1631004252020061,0.2516432910837859,12.217,57.1
24284,1966-06-30 00:00:00,-0.0271625619416125,-0.234279197196678,0.179954073313453,12.217,57.1
24285,1966-07-01 00:00:00,0.0791422325841843,-0.1266658554695564,0.2849503206379251,12.217,57.1
24286,1966-07-02 00:00:00,0.1269665873033918,-0.0787164920536126,0.3326496666603963,12.217,57.1
24287,1966-07-03 00:00:00,0.1266926914309492,-0.0789751504126216,0.3323605332745202,12.217,57.1
24288,1966-07-04 00:00:00,0.0875700520411895,-0.1180924415903961,0.2932325456727753,12.217,57.1
24289,1966-07-05 00:00:00,0.0733943805101428,-0.1321892366745797,0.2789779976948655,12.217,57.1
24290,1966-07-06 00:00:00,0.0748608704608054,-0.1306148638684723,0.2803366047900831,12.217,57.1
24291,1966-07-07 00:00:00,0.0585058787026176,-0.1469184577733326,0.2639302151785678,12.217,57.1
24292,1966-07-08 00:00:00,0.0301205943513883,-0.1754755160991326,0.2357167048019093,12.217,57.1
24293,1966-07-09 00:00:00,0.0901694007189565,-0.116031055185708,0.2963698566236211,12.217,57.1
24294,1966-07-10 00:00:00,0.1461189789458978,-0.0594673361602164,0.3517052940520121,12.217,57.1
24295,1966-07-11 00:00:00,0.1977730669541227,-0.0080265892557396,0.4035727231639852,12.217,57.1
24296,1966-07-12 00:00:00,0.1290000114673396,-0.0769277417262354,0.3349277646609147,12.217,57.1
24297,1966-07-13 00:00:00,0.2768178548635001,0.0708383226533556,0.4827973870736445,12.217,57.1
24298,1966-07-14 00:00:00,0.2291138814844453,0.023495330911932,0.4347324320569585,12.217,57.1
24299,1966-07-15 00:00:00,0.1597361077128632,-0.0458362135637358,0.3653084289894623,12.217,57.1
24300,1966-07-16 00:00:00,0.1945689192390486,-0.0109652228936283,0.4001030613717256,12.217,57.1
24301,1966-07-17 00:00:00,0.1488655787477745,-0.0567104447952986,0.3544416022908477,12.217,57.1
24302,1966-07-18 00:00:00,0.0298114327748764,-0.1757510462801526,0.2353739118299055,12.217,57.1
24303,1966-07-19 00:00:00,-0.084346333234292,-0.2900654156380087,0.1213727491694245,12.217,57.1
24304,1966-07-20 00:00:00,-0.0825909326399822,-0.2885626360567622,0.1233807707767977,12.217,57.1
24305,1966-07-21 00:00:00,-0.0324288543255088,-0.2382661963843885,0.1734084877333707,12.217,57.1
24306,1966-07-22 00:00:00,-0.0104814048387377,-0.2160340833565904,0.1950712736791149,12.217,57.1
24307,1966-07-23 00:00:00,0.0867263615476682,-0.118863635829959,0.2923163589252955,12.217,57.1
24308,1966-07-24 00:00:00,0.1726346549600301,-0.0331594980243625,0.3784288079444228,12.217,57.1
24309,1966-07-25 00:00:00,0.1634943557164954,-0.0423127971738274,0.3693015086068184,12.217,57.1
24310,1966-07-26 00:00:00,0.1802421121332775,-0.0256618783924673,0.3861461026590224,12.217,57.1
24311,1966-07-27 00:00:00,0.2174235924943814,0.0115760081977376,0.4232711767910251,12.217,57.1
24312,1966-07-28 00:00:00,0.0579216873929552,-0.1477154192984462,0.2635587940843568,12.217,57.1
24313,1966-07-29 00:00:00,0.1170893044162495,-0.088416762445064,0.3225953712775632,12.217,57.1
24314,1966-07-30 00:00:00,0.1818605850741301,-0.023719076206608,0.3874402463548683,12.217,57.1
24315,1966-07-31 00:00:00,0.1570826976264517,-0.0485458865895514,0.3627112818424549,12.217,57.1
24316,1966-08-01 00:00:00,0.1573643717690294,-0.0481148907921705,0.3628436343302293,12.217,57.1
24317,1966-08-02 00:00:00,0.1830070372508399,-0.0232098280342961,0.3892239025359761,12.217,57.1
24318,1966-08-03 00:00:00,0.1821797298663902,-0.0241314852646928,0.3884909449974734,12.217,57.1
24319,1966-08-04 00:00:00,0.1363744851561507,-0.0694721950343226,0.342221165346624,12.217,57.1
24320,1966-08-05 00:00:00,0.1659063145382301,-0.0398449388801943,0.3716575679566547,12.217,57.1
24321,1966-08-06 00:00:00,0.1944079620602041,-0.0116988779127925,0.4005148020332008,12.217,57.1
24322,1966-08-07 00:00:00,0.2036884858336363,-0.0023135687179895,0.4096905403852623,12.217,57.1
24323,1966-08-08 00:00:00,0.2466420055921802,0.0408808239461857,0.4524031872381746,12.217,57.1
24324,1966-08-09 00:00:00,0.1468230802074987,-0.0587331392471126,0.35237929966211,12.217,57.1
24325,1966-08-10 00:00:00,0.2138812758971766,0.0081850820206167,0.4195774697737365,12.217,57.1
24326,1966-08-11 00:00:00,0.2513292673801803,0.0447520858830241,0.4579064488773365,12.217,57.1
24327,1966-08-12 00:00:00,0.2692434697594296,0.0632007399154017,0.4752861996034575,12.217,57.1
24328,1966-08-13 00:00:00,0.1187432412362239,-0.0868030955633116,0.3242895780357594,12.217,57.1
24329,1966-08-14 00:00:00,0.070757712815864,-0.1347255107708687,0.2762409364025967,12.217,57.1
24330,1966-08-15 00:00:00,0.3320776865182593,0.1247247046523999,0.5394306683841187,12.217,57.1
24331,1966-08-16 00:00:00,0.1097641708573645,-0.0979758491574277,0.3175041908721567,12.217,57.1
24332,1966-08-17 00:00:00,0.0310515715266734,-0.1746402043483727,0.2367433474017196,12.217,57.1
24333,1966-08-18 00:00:00,0.0655641435714609,-0.1402468043369303,0.2713750914798523,12.217,57.1
24334,1966-08-19 00:00:00,0.0061959168331859,-0.1993495369268404,0.2117413705932123,12.217,57.1
24335,1966-08-20 00:00:00,0.0083976804035226,-0.1970846131015809,0.2138799739086262,12.217,57.1
24336,1966-08-21 00:00:00,0.0195467887651559,-0.1861220253962563,0.2252156029265682,12.217,57.1
24337,1966-08-22 00:00:00,0.0018665096143701,-0.2036825077916513,0.2074155270203916,12.217,57.1
24338,1966-08-23 00:00:00,0.0361964358758192,-0.1694116911843093,0.2418045629359478,12.217,57.1
24339,1966-08-24 00:00:00,0.0058433406205238,-0.2000077963767308,0.2116944776177785,12.217,57.1
24340,1966-08-25 00:00:00,-0.052498216935612,-0.2584646468163193,0.1534682129450952,12.217,57.1
24341,1966-08-26 00:00:00,-0.0676257357560032,-0.2735029395909922,0.1382514680789857,12.217,57.1
24342,1966-08-27 00:00:00,-0.0842247124660649,-0.2900270295560916,0.1215776046239616,12.217,57.1
24343,1966-08-28 00:00:00,-0.0456627177854311,-0.2511962925476318,0.1598708569767695,12.217,57.1
24344,1966-08-29 00:00:00,-0.0189148361148689,-0.2243540070629708,0.1865243348332328,12.217,57.1
24345,1966-08-30 00:00:00,0.0415579547729059,-0.1639146750191406,0.2470305845649524,12.217,57.1
24346,1966-08-31 00:00:00,0.1380417086824802,-0.0676082438031547,0.3436916611681151,12.217,57.1
24347,1966-09-01 00:00:00,0.0837349529799647,-0.1218380544893661,0.2893079604492955,12.217,57.1
24348,1966-09-02 00:00:00,0.0678655346060216,-0.1376710327780732,0.2734021019901164,12.217,57.1
24349,1966-09-03 00:00:00,0.2163381647313761,0.010602796281202,0.4220735331815501,12.217,57.1
24350,1966-09-04 00:00:00,0.2445101647785156,0.0386704854646437,0.4503498440923874,12.217,57.1
24351,1966-09-05 00:00:00,0.2329693927732803,0.0267437114144185,0.4391950741321422,12.217,57.1
24352,1966-09-06 00:00:00,0.2417311550884739,0.0351395628142514,0.4483227473626964,12.217,57.1
24353,1966-09-07 00:00:00,0.4682666382018135,0.2611807776211016,0.6753524987825255,12.217,57.1
24354,1966-09-08 00:00:00,0.542022787432044,0.3331552670283502,0.7508903078357378,12.217,57.1
24355,1966-09-09 00:00:00,0.214855673442406,0.0071888081660863,0.4225225387187257,12.217,57.1
24356,1966-09-10 00:00:00,0.1076690263007578,-0.0979586602002028,0.3132967128017186,12.217,57.1
24357,1966-09-11 00:00:00,0.120556073639292,-0.0850016107019436,0.3261137579805278,12.217,57.1
24358,1966-09-12 00:00:00,0.1881313639240859,-0.0175258350121037,0.3937885628602757,12.217,57.1
24359,1966-09-13 00:00:00,0.1780800909295929,-0.0276291110907434,0.3837892929499293,12.217,57.1
24360,1966-09-14 00:00:00,0.196718970721538,-0.0091785161274121,0.4026164575704883,12.217,57.1
24361,1966-09-15 00:00:00,0.3639522093169408,0.1570628177047461,0.5708416009291355,12.217,57.1
24362,1966-09-16 00:00:00,0.1851191655840668,-0.0221928014688344,0.3924311326369681,12.217,57.1
24363,1966-09-17 00:00:00,0.2376874975730276,0.0312858158428734,0.4440891793031818,12.217,57.1
24364,1966-09-18 00:00:00,0.1098654169689017,-0.0960700292653674,0.315800863203171,12.217,57.1
24365,1966-09-19 00:00:00,0.0176884423303568,-0.1880063099310815,0.2233831945917952,12.217,57.1
24366,1966-09-20 00:00:00,0.1913706688412246,-0.0149548459081511,0.3976961835906003,12.217,57.1
24367,1966-09-21 00:00:00,0.1891800006446516,-0.0173720048035571,0.3957320060928604,12.217,57.1
24368,1966-09-22 00:00:00,0.065562191851768,-0.1411416549474587,0.2722660386509948,12.217,57.1
24369,1966-09-23 00:00:00,0.0135530432780216,-0.1923510551395836,0.2194571416956268,12.217,57.1
24370,1966-09-24 00:00:00,0.0525622110871722,-0.1530943347513886,0.258218756925733,12.217,57.1
24371,1966-09-25 00:00:00,0.1298331462364479,-0.076139294385157,0.335805586858053,12.217,57.1
24372,1966-09-26 00:00:00,0.0822586929288133,-0.1237269667229016,0.2882443525805284,12.217,57.1
24373,1966-09-27 00:00:00,0.1210359817315823,-0.0848099406106816,0.3268819040738463,12.217,57.1
24374,1966-09-28 00:00:00,0.0299613457064702,-0.1758985945701345,0.235821285983075,12.217,57.1
24375,1966-09-29 00:00:00,0.0104622854062699,-0.1950711115859541,0.2159956823984939,12.217,57.1
24376,1966-09-30 00:00:00,0.073966894873993,-0.13149871045207,0.279432500200056,12.217,57.1
24377,1966-10-01 00:00:00,0.1221539545013123,-0.0834148172162734,0.3277227262188981,12.217,57.1
24378,1966-10-02 00:00:00,0.222961046130693,0.0173041054126428,0.4286179868487432,12.217,57.1
24379,1966-10-03 00:00:00,0.2259276518921329,0.0197535909418717,0.432101712842394,12.217,57.1
24380,1966-10-04 00:00:00,0.1715940786029938,-0.0350074920052276,0.3781956492112154,12.217,57.1
24381,1966-10-05 00:00:00,0.0967711571795388,-0.1095607866666433,0.303103101025721,12.217,57.1
24382,1966-10-06 00:00:00,-0.0441421482353713,-0.2498329279345668,0.1615486314638241,12.217,57.1
24383,1966-10-07 00:00:00,0.0588760321571662,-0.1468734715132995,0.2646255358276321,12.217,57.1
24384,1966-10-08 00:00:00,0.0308552705329354,-0.1748379951485964,0.2365485362144673,12.217,57.1
24385,1966-10-09 00:00:00,0.0472726810900653,-0.1582819961524753,0.2528273583326059,12.217,57.1
24386,1966-10-10 00:00:00,-0.0068310354227899,-0.2126014562787226,0.1989393854331426,12.217,57.1
24387,1966-10-11 00:00:00,0.0232742423427538,-0.1824986285207551,0.2290471132062628,12.217,57.1
24388,1966-10-12 00:00:00,0.0402415504318985,-0.1658912679243451,0.2463743687881422,12.217,57.1
24389,1966-10-13 00:00:00,0.009722599016837,-0.1957869178295214,0.2152321158631956,12.217,57.1
24390,1966-10-14 00:00:00,-0.0534015582451797,-0.2592670724798072,0.1524639559894478,12.217,57.1
24391,1966-10-15 00:00:00,0.0580608318392568,-0.1479466855959448,0.2640683492744586,12.217,57.1
24392,1966-10-16 00:00:00,0.1937753738436143,-0.0124623024604222,0.400013050147651,12.217,57.1
24393,1966-10-17 00:00:00,0.1704876454377422,-0.0352650272373355,0.37624031811282,12.217,57.1
24394,1966-10-18 00:00:00,0.1251810423553579,-0.0803914616688743,0.3307535463795902,12.217,57.1
24395,1966-10-19 00:00:00,0.1044274693222825,-0.1011175182447648,0.3099724568893298,12.217,57.1
24396,1966-10-20 00:00:00,0.1507551730345719,-0.0548050551364368,0.3563154012055808,12.217,57.1
24397,1966-10-21 00:00:00,0.1572223444047965,-0.0487464986742488,0.3631911874838418,12.217,57.1
24398,1966-10-22 00:00:00,0.082327964417052,-0.1236867937487169,0.2883427225828211,12.217,57.1
24399,1966-10-23 00:00:00,0.1140656222666566,-0.091468151089804,0.3195993956231173,12.217,57.1
24400,1966-10-24 00:00:00,0.159833531617512,-0.0465276571219389,0.366194720356963,12.217,57.1
24401,1966-10-25 00:00:00,0.1171447975096907,-0.0890285137668001,0.3233181087861816,12.217,57.1
24402,1966-10-26 00:00:00,0.0548776704524902,-0.1506354728844401,0.2603908137894206,12.217,57.1
24403,1966-10-27 00:00:00,0.0707076161892307,-0.134830911701136,0.2762461440795976,12.217,57.1
24404,1966-10-28 00:00:00,-0.0691026169678263,-0.2749378200756366,0.136732586139984,12.217,57.1
24405,1966-10-29 00:00:00,-0.0904234347962741,-0.2963337619546181,0.1154868923620698,12.217,57.1
24406,1966-10-30 00:00:00,-0.0675762587798874,-0.2731054542566604,0.1379529366968856,12.217,57.1
24407,1966-10-31 00:00:00,-0.0105978426074327,-0.2160521231964107,0.1948564379815451,12.217,57.1
24408,1966-11-01 00:00:00,0.1293444968281003,-0.0765995696370842,0.3352885632932849,12.217,57.1
24409,1966-11-02 00:00:00,0.0471614447523629,-0.159162532922015,0.2534854224267408,12.217,57.1
24410,1966-11-03 00:00:00,-0.068167940854024,-0.2737302116568291,0.1373943299487809,12.217,57.1
24411,1966-11-04 00:00:00,0.051458570517876,-0.1541701161644036,0.2570872572001557,12.217,57.1
24412,1966-11-05 00:00:00,0.0925155846681543,-0.1138250745764225,0.2988562439127312,12.217,57.1
24413,1966-11-06 00:00:00,0.3055173305114492,0.0977435774848391,0.5132910835380593,12.217,57.1
24414,1966-11-07 00:00:00,0.1447365914862557,-0.0612983518718336,0.3507715348443451,12.217,57.1
24415,1966-11-08 00:00:00,0.0676554485035265,-0.1378060571212553,0.2731169541283085,12.217,57.1
24416,1966-11-09 00:00:00,0.1208043312876504,-0.0848685684323956,0.3264772310076966,12.217,57.1
24417,1966-11-10 00:00:00,0.1012226008083031,-0.1045203026688716,0.3069655042854779,12.217,57.1
24418,1966-11-11 00:00:00,0.0276427844780171,-0.178232310300326,0.2335178792563604,12.217,57.1
24419,1966-11-12 00:00:00,-0.0044625768680638,-0.2100872067030735,0.2011620529669457,12.217,57.1
24420,1966-11-13 00:00:00,0.1004666074823442,-0.1060179562556257,0.3069511712203141,12.217,57.1
24421,1966-11-14 00:00:00,0.2293521943052403,0.0218034482432638,0.4369009403672168,12.217,57.1
24422,1966-11-15 00:00:00,0.2371971014094936,0.0307792333334268,0.4436149694855605,12.217,57.1
24423,1966-11-16 00:00:00,0.2807121298841105,0.0740038457644221,0.4874204140037987,12.217,57.1
24424,1966-11-17 00:00:00,0.1281265560847609,-0.0787120495809357,0.3349651617504575,12.217,57.1
24425,1966-11-18 00:00:00,-0.0552921740271728,-0.2613928363893406,0.1508084883349948,12.217,57.1
24426,1966-11-19 00:00:00,-0.1796096945159464,-0.3858645565178571,0.0266451674859642,12.217,57.1
24427,1966-11-20 00:00:00,-0.165005028143519,-0.3714935142342398,0.0414834579472017,12.217,57.1
24428,1966-11-21 00:00:00,0.0369654918172554,-0.1704954649197786,0.2444264485542895,12.217,57.1
24429,1966-11-22 00:00:00,-0.0199308928138477,-0.2265605415044673,0.1866987558767719,12.217,57.1
24430,1966-11-23 00:00:00,-0.0480902915686362,-0.2536951089918746,0.157514525854602,12.217,57.1
24431,1966-11-24 00:00:00,-0.0003843683292711,-0.2059063626699407,0.2051376260113985,12.217,57.1
24432,1966-11-25 00:00:00,0.0330503632925419,-0.1724309830683431,0.2385317096534269,12.217,57.1
24433,1966-11-26 00:00:00,0.1082705822384239,-0.0973945707718429,0.3139357352486909,12.217,57.1
24434,1966-11-27 00:00:00,0.0700299782905304,-0.1355522190391346,0.2756121756201955,12.217,57.1
24435,1966-11-28 00:00:00,0.2000571201955768,-0.0065727035671487,0.4066869439583023,12.217,57.1
24436,1966-11-29 00:00:00,0.3181968456381014,0.1113734318131074,0.5250202594630954,12.217,57.1
24437,1966-11-30 00:00:00,0.2315438464301057,0.025516075236338,0.4375716176238735,12.217,57.1
24438,1966-12-01 00:00:00,0.6369975299663226,0.4239891883640818,0.8500058715685634,12.217,57.1
24439,1966-12-02 00:00:00,0.2740354347563236,0.0634598638886205,0.4846110056240267,12.217,57.1
24440,1966-12-03 00:00:00,0.4009585656976931,0.1921398853270697,0.6097772460683165,12.217,57.1
24441,1966-12-04 00:00:00,0.2320313602860575,0.0245209636359115,0.4395417569362034,12.217,57.1
24442,1966-12-05 00:00:00,0.0198402801897145,-0.1860835246106081,0.2257640849900372,12.217,57.1
24443,1966-12-06 00:00:00,0.0310595566729259,-0.1745861104032837,0.2367052237491356,12.217,57.1
24444,1966-12-07 00:00:00,0.1800348833726777,-0.0261610063713856,0.386230773116741,12.217,57.1
24445,1966-12-08 00:00:00,0.0756826761619546,-0.1303294807461621,0.2816948330700713,12.217,57.1
24446,1966-12-09 00:00:00,0.3999234759012769,0.1915349010706432,0.6083120507319107,12.217,57.1
24447,1966-12-10 00:00:00,0.281307064228552,0.0724006782390997,0.4902134502180044,12.217,57.1
24448,1966-12-11 00:00:00,0.2502895516631401,0.043665213374774,0.4569138899515061,12.217,57.1
24449,1966-12-12 00:00:00,0.0648508421990196,-0.1408431800664879,0.2705448644645271,12.217,57.1
24450,1966-12-13 00:00:00,0.0932819491566225,-0.11417624414348,0.3007401424567252,12.217,57.1
24451,1966-12-14 00:00:00,0.1321500544075196,-0.0766194600095344,0.3409195688245736,12.217,57.1
24452,1966-12-15 00:00:00,-0.0861805791461954,-0.2927701513405037,0.1204089930481128,12.217,57.1
24453,1966-12-16 00:00:00,-0.1092905743341746,-0.3151556271215355,0.0965744784531863,12.217,57.1
24454,1966-12-17 00:00:00,0.0757772455038629,-0.1299634162824,0.281517907290126,12.217,57.1
24455,1966-12-18 00:00:00,0.2225261083085348,0.0159471690761873,0.4291050475408824,12.217,57.1
24456,1966-12-19 00:00:00,0.7187907977666186,0.5109590520747038,0.9266225434585332,12.217,57.1
24457,1966-12-20 00:00:00,0.2464023932776781,0.0392650693803487,0.4535397171750074,12.217,57.1
24458,1966-12-21 00:00:00,0.0728852493759945,-0.1328667363501225,0.2786372351021116,12.217,57.1
24459,1966-12-22 00:00:00,0.0243815366802443,-0.1812234140650396,0.2299864874255284,12.217,57.1
24460,1966-12-23 00:00:00,0.0925536152188457,-0.112981842170324,0.2980890726080156,12.217,57.1
24461,1966-12-24 00:00:00,0.3341901860268969,0.1247075025451033,0.5436728695086903,12.217,57.1
24462,1966-12-25 00:00:00,0.4721333152062976,0.2651526568532709,0.6791139735593243,12.217,57.1
24463,1966-12-26 00:00:00,0.0781786402161232,-0.1278264206387137,0.2841837010709603,12.217,57.1
24464,1966-12-27 00:00:00,-0.0367233191304931,-0.242667393037864,0.1692207547768778,12.217,57.1
24465,1966-12-28 00:00:00,0.0186802244419831,-0.1870692009490066,0.224429649832973,12.217,57.1
24466,1966-12-29 00:00:00,0.1393195547462955,-0.0663197495136488,0.3449588590062399,12.217,57.1
24467,1966-12-30 00:00:00,0.2422215863290443,0.0347081168816666,0.449735055776422,12.217,57.1
24468,1966-12-31 00:00:00,0.1563660648242673,-0.0505246615946947,0.3632567912432294,12.217,57.1
24469,1967-01-01 00:00:00,0.3259502738541941,0.1172528955098988,0.5346476521984893,12.217,57.1
24470,1967-01-02 00:00:00,0.3965938487287238,0.1889559124634356,0.6042317849940121,12.217,57.1
24471,1967-01-03 00:00:00,0.1242203123247926,-0.0816127184263234,0.3300533430759086,12.217,57.1
24472,1967-01-04 00:00:00,0.0347710260926594,-0.1712255400017457,0.2407675921870645,12.217,57.1
24473,1967-01-05 00:00:00,-0.020586972084477,-0.2263868842203609,0.1852129400514067,12.217,57.1
24474,1967-01-06 00:00:00,-0.0563479331428562,-0.2620612325173223,0.1493653662316098,12.217,57.1
24475,1967-01-07 00:00:00,-0.094881996104382,-0.3004675338662004,0.1107035416574363,12.217,57.1
24476,1967-01-08 00:00:00,-0.0384526048595581,-0.24395242832431,0.1670472186051937,12.217,57.1
24477,1967-01-09 00:00:00,-0.0360597308970687,-0.2416461734611568,0.1695267116670193,12.217,57.1
24478,1967-01-10 00:00:00,0.0528333852246353,-0.1529471717682649,0.2586139422175356,12.217,57.1
24479,1967-01-11 00:00:00,0.2511895860849895,0.044714861370479,0.4576643107995001,12.217,57.1
24480,1967-01-12 00:00:00,0.1397012933248706,-0.0668524630279196,0.3462550496776609,12.217,57.1
24481,1967-01-13 00:00:00,0.0279358559999174,-0.1783598225993928,0.2342315345992278,12.217,57.1
24482,1967-01-14 00:00:00,0.2971903351710002,0.0888718257790257,0.5055088445629747,12.217,57.1
24483,1967-01-15 00:00:00,-0.0673669246809446,-0.2745003750814182,0.139766525719529,12.217,57.1
24484,1967-01-16 00:00:00,-0.009390972412534,-0.2153245418878127,0.1965425970627446,12.217,57.1
24485,1967-01-17 00:00:00,0.0462665368021263,-0.1596283680428083,0.2521614416470611,12.217,57.1
24486,1967-01-18 00:00:00,0.1264669187765461,-0.0790612142620377,0.33199505181513,12.217,57.1
24487,1967-01-19 00:00:00,0.182694670511097,-0.0229697480121693,0.3883590890343634,12.217,57.1
24488,1967-01-20 00:00:00,0.0928241351419002,-0.1129946209156537,0.2986428911994542,12.217,57.1
24489,1967-01-21 00:00:00,0.0371581126532706,-0.1685739800428419,0.2428902053493832,12.217,57.1
24490,1967-01-22 00:00:00,0.0717490700026592,-0.1345974600073583,0.2780956000126769,12.217,57.1
24491,1967-01-23 00:00:00,0.0121962273050503,-0.1947454499444322,0.2191379045545329,12.217,57.1
24492,1967-01-24 00:00:00,-0.0148737823549445,-0.2208356479395914,0.1910880832297023,12.217,57.1
24493,1967-01-25 00:00:00,-0.0077562733541439,-0.2134485334373564,0.1979359867290686,12.217,57.1
24494,1967-01-26 00:00:00,0.0428399444139023,-0.162762654846907,0.2484425436747117,12.217,57.1
24495,1967-01-27 00:00:00,0.015602136773396,-0.191205852592524,0.222410126139316,12.217,57.1
24496,1967-01-28 00:00:00,-0.0600801337951547,-0.267064253016787,0.1469039854264774,12.217,57.1
24497,1967-01-29 00:00:00,0.0626950047649888,-0.143334178111824,0.2687241876418017,12.217,57.1
24498,1967-01-30 00:00:00,-0.0497782580952405,-0.2558309922125749,0.1562744760220937,12.217,57.1
24499,1967-01-31 00:00:00,0.0022416631096839,-0.2050812437962204,0.2095645700155883,12.217,57.1
24500,1967-02-01 00:00:00,0.108473764183679,-0.0987744550460388,0.3157219834133969,12.217,57.1
24501,1967-02-02 00:00:00,-0.0020844638326852,-0.20800534828207,0.2038364206166995,12.217,57.1
24502,1967-02-03 00:00:00,0.0965669499170976,-0.1092618582473494,0.3023957580815448,12.217,57.1
24503,1967-02-04 00:00:00,0.4345313419004608,0.2283471308771702,0.6407155529237514,12.217,57.1
24504,1967-02-05 00:00:00,0.2368545455399796,0.0294936960985706,0.4442153949813886,12.217,57.1
24505,1967-02-06 00:00:00,0.2842062830783525,0.0781710880215246,0.4902414781351805,12.217,57.1
24506,1967-02-07 00:00:00,0.3440712613286487,0.1371605245680323,0.5509819980892652,12.217,57.1
24507,1967-02-08 00:00:00,0.0557213245490241,-0.1516678078844724,0.2631104569825207,12.217,57.1
24508,1967-02-09 00:00:00,0.0073087929547835,-0.198960903996298,0.213578489905865,12.217,57.1
24509,1967-02-10 00:00:00,0.0230706263240012,-0.1824540962970343,0.2285953489450368,12.217,57.1
24510,1967-02-11 00:00:00,-0.0301320525044772,-0.2356656965006685,0.175401591491714,12.217,57.1
24511,1967-02-12 00:00:00,-0.03176882277892,-0.2373302223212711,0.1737925767634311,12.217,57.1
24512,1967-02-13 00:00:00,-0.063684125219347,-0.2691679180951547,0.1417996676564605,12.217,57.1
24513,1967-02-14 00:00:00,-0.0957266052211956,-0.3012555217159642,0.1098023112735729,12.217,57.1
24514,1967-02-15 00:00:00,-0.1104019548311614,-0.3160027036187832,0.0951987939564603,12.217,57.1
24515,1967-02-16 00:00:00,-0.014848813219759,-0.2205044230695174,0.1908067966299992,12.217,57.1
24516,1967-02-17 00:00:00,0.1075758172706533,-0.0981127512272862,0.313264385768593,12.217,57.1
24517,1967-02-18 00:00:00,0.1576721003094529,-0.0482442721603808,0.3635884727792867,12.217,57.1
24518,1967-02-19 00:00:00,0.1493411203379214,-0.0564232318772452,0.3551054725530882,12.217,57.1
24519,1967-02-20 00:00:00,0.2755518599735222,0.0693784693902357,0.4817252505568087,12.217,57.1
24520,1967-02-21 00:00:00,0.3251426158388505,0.1190248776579405,0.5312603540197606,12.217,57.1
24521,1967-02-22 00:00:00,0.3112481599193543,0.1047779741111623,0.5177183457275463,12.217,57.1
24522,1967-02-23 00:00:00,0.3452713921428225,0.1389870410030243,0.5515557432826206,12.217,57.1
24523,1967-02-24 00:00:00,0.591033919521219,0.3777772002102253,0.8042906388322126,12.217,57.1
24524,1967-02-25 00:00:00,0.4054055387968305,0.1904853987017875,0.6203256788918734,12.217,57.1
24525,1967-02-26 00:00:00,0.1413403905023697,-0.0652869176844608,0.3479676986892002,12.217,57.1
24526,1967-02-27 00:00:00,0.1796753625266016,-0.0260540909712571,0.3854048160244604,12.217,57.1
24527,1967-02-28 00:00:00,0.1285778195623752,-0.0814524851320248,0.3386081242567752,12.217,57.1
24528,1967-03-01 00:00:00,0.7942130154593454,0.5796975068104746,1.0087285241082162,12.217,57.1
24529,1967-03-02 00:00:00,0.4340203218145892,0.2264734560010327,0.6415671876281458,12.217,57.1
24530,1967-03-03 00:00:00,0.4221138904404252,0.2158233501861539,0.6284044306946964,12.217,57.1
24531,1967-03-04 00:00:00,0.5168894313102207,0.3096578324216797,0.7241210301987616,12.217,57.1
24532,1967-03-05 00:00:00,0.1746786674599102,-0.0316502883033642,0.3810076232231846,12.217,57.1
24533,1967-03-06 00:00:00,0.1556994559026785,-0.0498786428824214,0.3612775546877785,12.217,57.1
24534,1967-03-07 00:00:00,0.3331238448193495,0.1256560167876041,0.540591672851095,12.217,57.1
24535,1967-03-08 00:00:00,0.143472382925806,-0.0634418412540368,0.3503866071056488,12.217,57.1
24536,1967-03-09 00:00:00,0.2381697453872393,0.0323185720425144,0.4440209187319642,12.217,57.1
24537,1967-03-10 00:00:00,0.2405047159831029,0.0340294647223218,0.446979967243884,12.217,57.1
24538,1967-03-11 00:00:00,0.2125700712531206,0.0053339777545465,0.4198061647516946,12.217,57.1
24539,1967-03-12 00:00:00,0.2445417955887577,0.0375117969897461,0.4515717941877694,12.217,57.1
24540,1967-03-13 00:00:00,0.3528304647090609,0.1466538316133743,0.5590070978047474,12.217,57.1
24541,1967-03-14 00:00:00,0.1365008436474595,-0.069948733590093,0.3429504208850121,12.217,57.1
24542,1967-03-15 00:00:00,0.1964704681612121,-0.0097085234501904,0.4026494597726147,12.217,57.1
24543,1967-03-16 00:00:00,0.5348533413467174,0.3280610638739435,0.7416456188194912,12.217,57.1
24544,1967-03-17 00:00:00,0.2079303435084085,0.000847823301616,0.4150128637152011,12.217,57.1
24545,1967-03-18 00:00:00,0.3048640323930514,0.0973137157062172,0.5124143490798855,12.217,57.1
24546,1967-03-19 00:00:00,0.2169486699803876,0.0098110973460449,0.4240862426147304,12.217,57.1
24547,1967-03-20 00:00:00,0.0924953353197772,-0.1137899542385759,0.2987806248781304,12.217,57.1
24548,1967-03-21 00:00:00,0.1645384319595067,-0.0423831078343153,0.3714599717533288,12.217,57.1
24549,1967-03-22 00:00:00,0.65676222154869,0.4454513920902879,0.8680730510070921,12.217,57.1
24550,1967-03-23 00:00:00,0.2504648559284029,0.0373320787708341,0.4635976330859718,12.217,57.1
24551,1967-03-24 00:00:00,0.2581094588874207,0.0522284305428148,0.4639904872320266,12.217,57.1
24552,1967-03-25 00:00:00,0.13500131735356,-0.0711129749431549,0.341115609650275,12.217,57.1
24553,1967-03-26 00:00:00,0.2950635078914083,0.0886243295846884,0.5015026861981282,12.217,57.1
24554,1967-03-27 00:00:00,0.4411895062394899,0.2339195272981159,0.6484594851808639,12.217,57.1
24555,1967-03-28 00:00:00,0.2682975540726725,0.0600816143352899,0.4765134938100551,12.217,57.1
24556,1967-03-29 00:00:00,0.2855368015139341,0.0783125214127692,0.492761081615099,12.217,57.1
24557,1967-03-30 00:00:00,0.1923065713593833,-0.0133296370312205,0.3979427797499872,12.217,57.1
24558,1967-03-31 00:00:00,0.128595874876432,-0.0770024165950943,0.3341941663479584,12.217,57.1
24559,1967-04-01 00:00:00,0.0681333836270465,-0.1374873098550189,0.2737540771091121,12.217,57.1
24560,1967-04-02 00:00:00,0.0024232865543552,-0.2031386434248119,0.2079852165335225,12.217,57.1
24561,1967-04-03 00:00:00,0.1613553226341817,-0.0446908832262639,0.3674015284946275,12.217,57.1
24562,1967-04-04 00:00:00,0.0704858849991396,-0.1356852923966695,0.2766570623949488,12.217,57.1
24563,1967-04-05 00:00:00,0.0867384372299581,-0.1187422077442984,0.2922190822042149,12.217,57.1
24564,1967-04-06 00:00:00,0.2754296182124391,0.0680273316309645,0.4828319047939138,12.217,57.1
24565,1967-04-07 00:00:00,-0.0298735977102456,-0.2368862096485217,0.1771390142280305,12.217,57.1
24566,1967-04-08 00:00:00,0.0047136323386015,-0.2023481768530517,0.2117754415302548,12.217,57.1
24567,1967-04-09 00:00:00,0.0017718623310468,-0.2068394888459302,0.2103832135080239,12.217,57.1
24568,1967-04-10 00:00:00,-0.0778705755078988,-0.2836781315732036,0.1279369805574058,12.217,57.1
24569,1967-04-11 00:00:00,-0.0056041600805775,-0.2111721951183358,0.1999638749571807,12.217,57.1
24570,1967-04-12 00:00:00,0.0273982400771682,-0.1782854946361591,0.2330819747904957,12.217,57.1
24571,1967-04-13 00:00:00,-0.0730876533782648,-0.2785901517801494,0.1324148450236197,12.217,57.1
24572,1967-04-14 00:00:00,-0.0580492512774146,-0.2635622136227598,0.1474637110679305,12.217,57.1
24573,1967-04-15 00:00:00,-0.0106194831617463,-0.2160538871049399,0.1948149207814471,12.217,57.1
24574,1967-04-16 00:00:00,0.0696913256836024,-0.1358976414922406,0.2752802928594456,12.217,57.1
24575,1967-04-17 00:00:00,0.3892880591535388,0.1831444338728573,0.5954316844342202,12.217,57.1
24576,1967-04-18 00:00:00,0.4820573791853487,0.2683285329406746,0.6957862254300228,12.217,57.1
24577,1967-04-19 00:00:00,0.1358827049732682,-0.0735566100272274,0.3453220199737639,12.217,57.1
24578,1967-04-20 00:00:00,0.2458919250294141,0.0396474740976908,0.4521363759611374,12.217,57.1
24579,1967-04-21 00:00:00,0.5829792627809892,0.3754378323597943,0.7905206932021842,12.217,57.1
24580,1967-04-22 00:00:00,0.174313315669994,-0.0323766756478254,0.3810033069878136,12.217,57.1
24581,1967-04-23 00:00:00,0.1366624822695862,-0.0691529820740406,0.3424779466132131,12.217,57.1
24582,1967-04-24 00:00:00,-0.010774966805711,-0.2163466110325133,0.194796677421091,12.217,57.1
24583,1967-04-25 00:00:00,-0.010225283219011,-0.2158504875422405,0.1953999211042185,12.217,57.1
24584,1967-04-26 00:00:00,-0.0165668662976912,-0.2222386914375779,0.1891049588421953,12.217,57.1
24585,1967-04-27 00:00:00,-0.0112890072963346,-0.2167942952516596,0.1942162806589902,12.217,57.1
24586,1967-04-28 00:00:00,-0.0222540369788063,-0.2277044850992637,0.1831964111416509,12.217,57.1
24587,1967-04-29 00:00:00,0.1256942698740296,-0.0803071666487601,0.3316957063968194,12.217,57.1
24588,1967-04-30 00:00:00,0.1253606129605307,-0.0808406816858119,0.3315619076068735,12.217,57.1
24589,1967-05-01 00:00:00,0.3471115627520771,0.140739347642515,0.5534837778616393,12.217,57.1
24590,1967-05-02 00:00:00,0.1707664132293753,-0.0353736976653112,0.376906524124062,12.217,57.1
24591,1967-05-03 00:00:00,0.1063096720170336,-0.099354546163354,0.3119738901974213,12.217,57.1
24592,1967-05-04 00:00:00,0.1149151981850432,-0.0906795456799026,0.320509942049989,12.217,57.1
24593,1967-05-05 00:00:00,-0.0085884659022238,-0.2143241091112487,0.1971471773068009,12.217,57.1
24594,1967-05-06 00:00:00,0.0015851927468872,-0.2041466069503691,0.2073169924441436,12.217,57.1
24595,1967-05-07 00:00:00,0.0503568411749662,-0.1556499288329469,0.2563636111828793,12.217,57.1
24596,1967-05-08 00:00:00,0.0007820043068121,-0.2050864195222511,0.2066504281358754,12.217,57.1
24597,1967-05-09 00:00:00,0.0001554215613974,-0.2052885360003064,0.2055993791231012,12.217,57.1
24598,1967-05-10 00:00:00,0.0248344372742735,-0.1806702280891503,0.2303391026376974,12.217,57.1
24599,1967-05-11 00:00:00,0.0014850374299543,-0.2040879899287651,0.2070580647886739,12.217,57.1
24600,1967-05-12 00:00:00,0.0255420807951786,-0.1800742126910227,0.2311583742813799,12.217,57.1
24601,1967-05-13 00:00:00,0.0730915624637677,-0.1329883589590068,0.2791714838865423,12.217,57.1
24602,1967-05-14 00:00:00,0.0968205447408962,-0.1088730659943247,0.3025141554761172,12.217,57.1
24603,1967-05-15 00:00:00,0.0890791429565131,-0.1165450472345049,0.2947033331475313,12.217,57.1
24604,1967-05-16 00:00:00,0.1591079563259569,-0.0466469780067576,0.3648628906586716,12.217,57.1
24605,1967-05-17 00:00:00,0.1196577761062374,-0.0860333380053021,0.325348890217777,12.217,57.1
24606,1967-05-18 00:00:00,0.1076986360805868,-0.0981510802510199,0.3135483524121936,12.217,57.1
24607,1967-05-19 00:00:00,0.3793593035800385,0.1724401211148888,0.5862784860451883,12.217,57.1
24608,1967-05-20 00:00:00,0.1301161233266026,-0.0803892167921143,0.3406214634453195,12.217,57.1
24609,1967-05-21 00:00:00,0.2125317783551844,0.0053881492862919,0.4196754074240768,12.217,57.1
24610,1967-05-22 00:00:00,0.0763844583295816,-0.1294970663990551,0.2822659830582183,12.217,57.1
24611,1967-05-23 00:00:00,0.1438488686240923,-0.0618920801193377,0.3495898173675223,12.217,57.1
24612,1967-05-24 00:00:00,0.0867783645902069,-0.1191469551255928,0.2927036843060067,12.217,57.1
24613,1967-05-25 00:00:00,0.0776438448394397,-0.1282048049062927,0.2834924945851723,12.217,57.1
24614,1967-05-26 00:00:00,0.1878824071375034,-0.0179291495821169,0.3936939638571238,12.217,57.1
24615,1967-05-27 00:00:00,-0.0369743657509228,-0.2428288647333349,0.1688801332314891,12.217,57.1
24616,1967-05-28 00:00:00,-0.0425818331984293,-0.2481709389945248,0.1630072725976661,12.217,57.1
24617,1967-05-29 00:00:00,0.0073261127386275,-0.1983919978581978,0.2130442233354529,12.217,57.1
24618,1967-05-30 00:00:00,0.0231301593404404,-0.1824711154256111,0.2287314341064919,12.217,57.1
24619,1967-05-31 00:00:00,-0.025386962722714,-0.230994781998436,0.1802208565530079,12.217,57.1
24620,1967-06-01 00:00:00,0.000743282790623,-0.204955563474552,0.2064421290557982,12.217,57.1
24621,1967-06-02 00:00:00,-0.0052607097074204,-0.2107975032433398,0.2002760838284988,12.217,57.1
24622,1967-06-03 00:00:00,-0.0470093213527963,-0.2524733547610785,0.1584547120554858,12.217,57.1
24623,1967-06-04 00:00:00,0.0473174900254444,-0.1583281052719138,0.2529630853228028,12.217,57.1
24624,1967-06-05 00:00:00,0.3744204988408025,0.1678369946657624,0.5810040030158425,12.217,57.1
24625,1967-06-06 00:00:00,0.2318395122428734,0.0247580852822247,0.4389209392035221,12.217,57.1
24626,1967-06-07 00:00:00,0.2745089265295686,0.0684756743370643,0.4805421787220728,12.217,57.1
24627,1967-06-08 00:00:00,0.2911158939137221,0.0850205123406946,0.4972112754867497,12.217,57.1
24628,1967-06-09 00:00:00,0.098127828761319,-0.1077321955313376,0.3039878530539758,12.217,57.1
24629,1967-06-10 00:00:00,0.1160888084387338,-0.089605008326444,0.3217826252039117,12.217,57.1
24630,1967-06-11 00:00:00,-0.0279725592536156,-0.233855826908348,0.1779107084011167,12.217,57.1
24631,1967-06-12 00:00:00,-0.066521052163142,-0.272374943789167,0.1393328394628829,12.217,57.1
24632,1967-06-13 00:00:00,-0.0454886522462479,-0.2516911594322357,0.1607138549397398,12.217,57.1
24633,1967-06-14 00:00:00,0.0287589542259078,-0.1769624697140228,0.2344803781658386,12.217,57.1
24634,1967-06-15 00:00:00,-0.0047307972915712,-0.2103856393102351,0.2009240447270927,12.217,57.1
24635,1967-06-16 00:00:00,-0.0318019557133315,-0.2373860708025657,0.1737821593759025,12.217,57.1
24636,1967-06-17 00:00:00,0.0025062981842154,-0.2030226522496001,0.2080352486180311,12.217,57.1
24637,1967-06-18 00:00:00,-0.0061409845221038,-0.2118715630478119,0.1995895940036042,12.217,57.1
24638,1967-06-19 00:00:00,0.0396389394834121,-0.1660227945750453,0.2453006735418697,12.217,57.1
24639,1967-06-20 00:00:00,0.080632498324549,-0.1248617685383748,0.286126765187473,12.217,57.1
24640,1967-06-21 00:00:00,0.1279614114341305,-0.0779136906957509,0.3338365135640121,12.217,57.1
24641,1967-06-22 00:00:00,0.2560880513396002,0.0495782689760105,0.4625978337031898,12.217,57.1
24642,1967-06-23 00:00:00,0.2049260080468033,-0.0018337888768536,0.4116858049704602,12.217,57.1
24643,1967-06-24 00:00:00,0.0683124637756355,-0.13996955172799,0.2765944792792612,12.217,57.1
24644,1967-06-25 00:00:00,0.0143911659237041,-0.1920018286090394,0.2207841604564476,12.217,57.1
24645,1967-06-26 00:00:00,0.0837629907775889,-0.1217081498800213,0.2892341314351991,12.217,57.1
24646,1967-06-27 00:00:00,0.1701747690133276,-0.0363384436635903,0.3766879816902456,12.217,57.1
24647,1967-06-28 00:00:00,0.0158353671123293,-0.1902457262050076,0.2219164604296663,12.217,57.1
24648,1967-06-29 00:00:00,0.101542129027822,-0.1045145973364591,0.3075988553921032,12.217,57.1
24649,1967-06-30 00:00:00,0.3142390552512581,0.1073708309320126,0.5211072795705036,12.217,57.1
24650,1967-07-01 00:00:00,0.1794314307731193,-0.029647123259805,0.3885099848060437,12.217,57.1
24651,1967-07-02 00:00:00,0.0360193457581544,-0.1702644569660109,0.2423031484823197,12.217,57.1
24652,1967-07-03 00:00:00,0.0994766464837753,-0.1060095613019741,0.3049628542695248,12.217,57.1
24653,1967-07-04 00:00:00,0.0764665067406847,-0.1291451444938662,0.2820781579752356,12.217,57.1
24654,1967-07-05 00:00:00,0.2250093177961141,0.0190126077119907,0.4310060278802375,12.217,57.1
24655,1967-07-06 00:00:00,0.0515472001351422,-0.1541090067543572,0.2572034070246416,12.217,57.1
24656,1967-07-07 00:00:00,0.0481505699840772,-0.1572942032571793,0.2535953432253338,12.217,57.1
24657,1967-07-08 00:00:00,0.0856140300591716,-0.1198637626081921,0.2910918227265353,12.217,57.1
24658,1967-07-09 00:00:00,0.133874945476028,-0.0717035298370639,0.33945342078912,12.217,57.1
24659,1967-07-10 00:00:00,0.0076126876596959,-0.1982075222623914,0.2134328975817833,12.217,57.1
24660,1967-07-11 00:00:00,0.1657272495769073,-0.0401623297039351,0.3716168288577497,12.217,57.1
24661,1967-07-12 00:00:00,0.1467419551672912,-0.0605094781001405,0.353993388434723,12.217,57.1
24662,1967-07-13 00:00:00,0.0180845219551007,-0.1882104123848615,0.2243794562950631,12.217,57.1
24663,1967-07-14 00:00:00,0.0066620390662989,-0.1988891189352825,0.2122131970678804,12.217,57.1
24664,1967-07-15 00:00:00,-0.0087497120526601,-0.2142225818830878,0.1967231577777675,12.217,57.1
24665,1967-07-16 00:00:00,-0.0088626309753051,-0.214383029403772,0.1966577674531616,12.217,57.1
24666,1967-07-17 00:00:00,0.0109403840608611,-0.1945884438503267,0.2164692119720489,12.217,57.1
24667,1967-07-18 00:00:00,0.0115373150193844,-0.1939582216102713,0.2170328516490402,12.217,57.1
24668,1967-07-19 00:00:00,0.0452143016542542,-0.160302024413932,0.2507306277224405,12.217,57.1
24669,1967-07-20 00:00:00,0.0822342596123965,-0.1236661445272236,0.2881346637520168,12.217,57.1
24670,1967-07-21 00:00:00,0.1315806684518683,-0.0744519041183933,0.3376132410221301,12.217,57.1
24671,1967-07-22 00:00:00,0.0800570601741573,-0.1255088729732951,0.2856229933216098,12.217,57.1
24672,1967-07-23 00:00:00,0.0416790785654099,-0.163902057868987,0.2472602149998069,12.217,57.1
24673,1967-07-24 00:00:00,0.0164061778242863,-0.1890504390824749,0.2218627947310476,12.217,57.1
24674,1967-07-25 00:00:00,0.076469040943721,-0.1291996448039483,0.2821377266913904,12.217,57.1
24675,1967-07-26 00:00:00,0.1512216314536634,-0.0547624039102857,0.3572056668176125,12.217,57.1
24676,1967-07-27 00:00:00,0.1673463421675093,-0.0383353742783493,0.3730280586133679,12.217,57.1
24677,1967-07-28 00:00:00,0.1366474910336872,-0.0692832850675889,0.3425782671349635,12.217,57.1
24678,1967-07-29 00:00:00,0.120080313842332,-0.0855125137440869,0.325673141428751,12.217,57.1
24679,1967-07-30 00:00:00,0.0667016345348591,-0.1388663294610316,0.2722695985307499,12.217,57.1
24680,1967-07-31 00:00:00,0.1280811644905701,-0.0775163524663556,0.333678681447496,12.217,57.1
24681,1967-08-01 00:00:00,0.1032970054197699,-0.1022432976979083,0.3088373085374483,12.217,57.1
24682,1967-08-02 00:00:00,0.0604326391039049,-0.145065759906584,0.2659310381143939,12.217,57.1
24683,1967-08-03 00:00:00,0.1109333264393637,-0.0946322309825285,0.316498883861256,12.217,57.1
24684,1967-08-04 00:00:00,0.0756155597526349,-0.1306471817059326,0.2818783012112026,12.217,57.1
24685,1967-08-05 00:00:00,0.1004121151921643,-0.1051032949870869,0.3059275253714156,12.217,57.1
24686,1967-08-06 00:00:00,0.0987747394971719,-0.1068960747759482,0.3044455537702922,12.217,57.1
24687,1967-08-07 00:00:00,0.1195198442949499,-0.0862532390767258,0.3252929276666256,12.217,57.1
24688,1967-08-08 00:00:00,0.0457208422628103,-0.1598112040652193,0.25125288859084,12.217,57.1
24689,1967-08-09 00:00:00,0.0539498213220303,-0.1515414011361721,0.2594410437802328,12.217,57.1
24690,1967-08-10 00:00:00,0.1004875914537767,-0.1050009523253317,0.3059761352328851,12.217,57.1
24691,1967-08-11 00:00:00,0.0398418411002887,-0.1656960011771258,0.2453796833777032,12.217,57.1
24692,1967-08-12 00:00:00,0.1591639559426566,-0.0466360839310014,0.3649639958163145,12.217,57.1
24693,1967-08-13 00:00:00,0.2226389935351299,0.0168422181297654,0.4284357689404943,12.217,57.1
24694,1967-08-14 00:00:00,0.200697675772441,-0.0050823571509694,0.4064777086958515,12.217,57.1
24695,1967-08-15 00:00:00,0.1520103093700756,-0.0536204588118698,0.3576410775520212,12.217,57.1
24696,1967-08-16 00:00:00,0.2108718702437261,0.0048621952629519,0.4168815452245004,12.217,57.1
24697,1967-08-17 00:00:00,0.1451904150933871,-0.0607251115948118,0.351105941781586,12.217,57.1
24698,1967-08-18 00:00:00,0.2369721925694922,0.0309213321181655,0.443023053020819,12.217,57.1
24699,1967-08-19 00:00:00,0.1481152847304566,-0.057721663151786,0.3539522326126994,12.217,57.1
24700,1967-08-20 00:00:00,0.033359277286239,-0.1723504962927269,0.2390690508652051,12.217,57.1
24701,1967-08-21 00:00:00,0.0839293138878725,-0.1216936581579712,0.2895522859337163,12.217,57.1
24702,1967-08-22 00:00:00,0.0161033332392045,-0.1894879113308339,0.2216945778092431,12.217,57.1
24703,1967-08-23 00:00:00,-0.0030444732046123,-0.2086791659717164,0.2025902195624917,12.217,57.1
24704,1967-08-24 00:00:00,0.017371312586579,-0.1881187311610012,0.2228613563341593,12.217,57.1
24705,1967-08-25 00:00:00,0.0365628009539739,-0.1689378337386472,0.2420634356465951,12.217,57.1
24706,1967-08-26 00:00:00,0.0603019025710795,-0.145156815685715,0.2657606208278742,12.217,57.1
24707,1967-08-27 00:00:00,0.0181254129564236,-0.18731764620028,0.2235684721131274,12.217,57.1
24708,1967-08-28 00:00:00,-0.0266576783105467,-0.2321649309846917,0.1788495743635982,12.217,57.1
24709,1967-08-29 00:00:00,0.0248092618835201,-0.1806834362298775,0.2303019599969178,12.217,57.1
24710,1967-08-30 00:00:00,0.1346691319325958,-0.0708672295954976,0.3402054934606892,12.217,57.1
24711,1967-08-31 00:00:00,0.1939979875379807,-0.0118270140072804,0.399822989083242,12.217,57.1
24712,1967-09-01 00:00:00,0.2808946416175944,0.0751834815422019,0.4866058016929869,12.217,57.1
24713,1967-09-02 00:00:00,0.2839404953758035,0.0781755283255447,0.4897054624260624,12.217,57.1
24714,1967-09-03 00:00:00,0.3511306131216103,0.1444800972444656,0.5577811289987551,12.217,57.1
24715,1967-09-04 00:00:00,0.3873449411888814,0.1803172758430943,0.5943726065346684,12.217,57.1
24716,1967-09-05 00:00:00,0.283978424241561,0.0773634740768003,0.4905933744063218,12.217,57.1
24717,1967-09-06 00:00:00,0.2863240674149018,0.0772341324738274,0.4954140023559763,12.217,57.1
24718,1967-09-07 00:00:00,0.2475051350528113,0.036553710687477,0.4584565594181456,12.217,57.1
24719,1967-09-08 00:00:00,0.0501282120688153,-0.1562043583924369,0.2564607825300676,12.217,57.1
24720,1967-09-09 00:00:00,-0.0511083245213993,-0.2566260750146212,0.1544094259718226,12.217,57.1
24721,1967-09-10 00:00:00,-0.0705607104685601,-0.2761787522332041,0.1350573312960837,12.217,57.1
24722,1967-09-11 00:00:00,-0.0162891357958843,-0.2218073004043089,0.1892290288125401,12.217,57.1
24723,1967-09-12 00:00:00,-0.006503316510334,-0.2120605504582646,0.1990539174375964,12.217,57.1
24724,1967-09-13 00:00:00,-0.040645765702309,-0.2461870454298574,0.1648955140252394,12.217,57.1
24725,1967-09-14 00:00:00,-0.0439790971019833,-0.2495050987046562,0.1615469045006894,12.217,57.1
24726,1967-09-15 00:00:00,-0.0522645579728028,-0.2578717303933942,0.1533426144477885,12.217,57.1
24727,1967-09-16 00:00:00,-0.0015611039423918,-0.2070396760444792,0.2039174681596954,12.217,57.1
24728,1967-09-17 00:00:00,-0.0292478582213855,-0.234660245055771,0.1761645286129999,12.217,57.1
24729,1967-09-18 00:00:00,0.033618610899569,-0.171810372412759,0.239047594211897,12.217,57.1
24730,1967-09-19 00:00:00,0.0481044633443509,-0.1573468952471122,0.2535558219358142,12.217,57.1
24731,1967-09-20 00:00:00,0.1089969895800175,-0.096648146150901,0.314642125310936,12.217,57.1
24732,1967-09-21 00:00:00,0.2079948625328861,0.0019862943328598,0.4140034307329123,12.217,57.1
24733,1967-09-22 00:00:00,0.0681789872494146,-0.1377755573683846,0.2741335318672139,12.217,57.1
24734,1967-09-23 00:00:00,0.1679962122974865,-0.0458173926902588,0.3818098172852319,12.217,57.1
24735,1967-09-24 00:00:00,0.1665223800872654,-0.0457753728866335,0.3788201330611644,12.217,57.1
24736,1967-09-25 00:00:00,0.078794724690852,-0.1268183569464902,0.2844078063281942,12.217,57.1
24737,1967-09-26 00:00:00,0.073209310112433,-0.1325771883756475,0.2789958086005135,12.217,57.1
24738,1967-09-27 00:00:00,0.0675456328951024,-0.1380183048971003,0.2731095706873051,12.217,57.1
24739,1967-09-28 00:00:00,0.115825710069773,-0.0899763323253757,0.3216277524649218,12.217,57.1
24740,1967-09-29 00:00:00,0.0428474870059698,-0.162851676529505,0.2485466505414446,12.217,57.1
24741,1967-09-30 00:00:00,0.0704153199718417,-0.1351232577898819,0.2759538977335654,12.217,57.1
24742,1967-10-01 00:00:00,0.2309128612697681,0.0247912728993667,0.4370344496401694,12.217,57.1
24743,1967-10-02 00:00:00,0.2526411069728783,0.0464730596174273,0.4588091543283292,12.217,57.1
24744,1967-10-03 00:00:00,0.3541303180407215,0.1453066122879401,0.562954023793503,12.217,57.1
24745,1967-10-04 00:00:00,0.3579138532322345,0.1481539033750515,0.5676738030894175,12.217,57.1
24746,1967-10-05 00:00:00,0.4141651386051702,0.2040681994977165,0.6242620777126238,12.217,57.1
24747,1967-10-06 00:00:00,0.2027186948105536,-0.0043971070706378,0.4098344966917452,12.217,57.1
24748,1967-10-07 00:00:00,0.1772747274874798,-0.0288663185387591,0.3834157735137189,12.217,57.1
24749,1967-10-08 00:00:00,0.4343849189451649,0.2275342579387578,0.641235579951572,12.217,57.1
24750,1967-10-09 00:00:00,0.1325133722688573,-0.0759718211746451,0.3409985657123598,12.217,57.1
24751,1967-10-10 00:00:00,0.1423643835994403,-0.0637924733169682,0.348521240515849,12.217,57.1
24752,1967-10-11 00:00:00,0.1783580866993056,-0.0275794622835169,0.3842956356821282,12.217,57.1
24753,1967-10-12 00:00:00,0.1895023888983,-0.0163905070874173,0.3953952848840175,12.217,57.1
24754,1967-10-13 00:00:00,0.1207116114962559,-0.0851287619569733,0.3265519849494853,12.217,57.1
24755,1967-10-14 00:00:00,0.4274795955120915,0.2197880146410165,0.6351711763831666,12.217,57.1
24756,1967-10-15 00:00:00,0.2639352833587097,0.0557827940456722,0.4720877726717472,12.217,57.1
24757,1967-10-16 00:00:00,0.5035850500967038,0.294979082019515,0.7121910181738926,12.217,57.1
24758,1967-10-17 00:00:00,0.3007416935572596,0.0930921663378017,0.5083912207767176,12.217,57.1
24759,1967-10-18 00:00:00,0.5808663169969615,0.3636143662675697,0.7981182677263532,12.217,57.1
24760,1967-10-19 00:00:00,0.2998864972572033,0.0852531289722637,0.5145198655421428,12.217,57.1
24761,1967-10-20 00:00:00,0.2037704156441946,-0.002796727931478,0.4103375592198674,12.217,57.1
24762,1967-10-21 00:00:00,0.160444377535021,-0.045770956452585,0.3666597115226272,12.217,57.1
24763,1967-10-22 00:00:00,0.2346048595445704,0.0285906148534553,0.4406191042356854,12.217,57.1
24764,1967-10-23 00:00:00,0.1744246196984209,-0.0315458015111942,0.3803950409080361,12.217,57.1
24765,1967-10-24 00:00:00,0.1998962142159991,-0.0059666117819144,0.4057590402139127,12.217,57.1
24766,1967-10-25 00:00:00,0.2175663569519469,0.0118377060744612,0.4232950078294326,12.217,57.1
24767,1967-10-26 00:00:00,0.2100866923523253,0.0025610347685066,0.4176123499361441,12.217,57.1
24768,1967-10-27 00:00:00,0.4697812867526344,0.2607569449456505,0.6788056285596183,12.217,57.1
24769,1967-10-28 00:00:00,0.2664563174423251,0.0587763739087002,0.4741362609759499,12.217,57.1
24770,1967-10-29 00:00:00,0.3014899046823713,0.0930047732743438,0.5099750360903988,12.217,57.1
24771,1967-10-30 00:00:00,0.3174113414587337,0.1092271917893422,0.5255954911281251,12.217,57.1
24772,1967-10-31 00:00:00,0.2360954037074714,0.0298471443102901,0.4423436631046528,12.217,57.1
24773,1967-11-01 00:00:00,0.1339564772076941,-0.0717883922280601,0.3397013466434485,12.217,57.1
24774,1967-11-02 00:00:00,0.2629764169709574,0.0568635467220353,0.4690892872198796,12.217,57.1
24775,1967-11-03 00:00:00,0.2589715894927562,0.0519117383254665,0.4660314406600459,12.217,57.1
24776,1967-11-04 00:00:00,0.2932662129941999,0.0865316806713787,0.5000007453170212,12.217,57.1
24777,1967-11-05 00:00:00,0.2778170208756021,0.0709919924999282,0.4846420492512761,12.217,57.1
24778,1967-11-06 00:00:00,0.3153742138545703,0.1075659058577817,0.5231825218513588,12.217,57.1
24779,1967-11-07 00:00:00,0.1791111044482118,-0.0296812477562515,0.3879034566526752,12.217,57.1
24780,1967-11-08 00:00:00,0.1649079719908268,-0.0442840551642081,0.3740999991458618,12.217,57.1
24781,1967-11-09 00:00:00,0.1145691464370077,-0.0915791185576468,0.3207174114316623,12.217,57.1
24782,1967-11-10 00:00:00,0.1530346731204795,-0.0527819009343552,0.3588512471753143,12.217,57.1
24783,1967-11-11 00:00:00,0.0233631423288664,-0.1826458345315173,0.2293721191892503,12.217,57.1
24784,1967-11-12 00:00:00,0.2825801076101832,0.0746687214013155,0.490491493819051,12.217,57.1
24785,1967-11-13 00:00:00,0.6582242136707279,0.448384977939783,0.8680634494016728,12.217,57.1
24786,1967-11-14 00:00:00,0.1056693934567779,-0.1014926471608154,0.3128314340743713,12.217,57.1
24787,1967-11-15 00:00:00,0.2267817158252302,0.0210150720134472,0.4325483596370132,12.217,57.1
24788,1967-11-16 00:00:00,0.2129184155272594,0.0072483992753925,0.4185884317791263,12.217,57.1
24789,1967-11-17 00:00:00,0.0871897703847196,-0.119297195791007,0.2936767365604462,12.217,57.1
24790,1967-11-18 00:00:00,0.2862388840578593,0.0783300274936606,0.494147740622058,12.217,57.1
24791,1967-11-19 00:00:00,0.0563538566621261,-0.1516523581481804,0.2643600714724328,12.217,57.1
24792,1967-11-20 00:00:00,-0.0337424519429701,-0.2395656442558246,0.1720807403698844,12.217,57.1
24793,1967-11-21 00:00:00,0.070131689882197,-0.1354748866416442,0.2757382664060383,12.217,57.1
24794,1967-11-22 00:00:00,-0.0365973574630088,-0.2426125440753277,0.16941782914931,12.217,57.1
24795,1967-11-23 00:00:00,0.010527248183827,-0.1953177780386298,0.216372274406284,12.217,57.1
24796,1967-11-24 00:00:00,-0.0224792157840245,-0.2282650272260596,0.1833065956580105,12.217,57.1
24797,1967-11-25 00:00:00,0.0489282368501873,-0.1565949442718198,0.2544514179721944,12.217,57.1
24798,1967-11-26 00:00:00,0.1387408739516534,-0.0669387643469331,0.3444205122502399,12.217,57.1
24799,1967-11-27 00:00:00,0.1503001825816643,-0.0554844679527033,0.356084833116032,12.217,57.1
24800,1967-11-28 00:00:00,0.0898522995545537,-0.1161739956317458,0.2958785947408533,12.217,57.1
24801,1967-11-29 00:00:00,0.1582612274971802,-0.0478324553451859,0.3643549103395465,12.217,57.1
24802,1967-11-30 00:00:00,0.0093825131818143,-0.1965049585061833,0.215269984869812,12.217,57.1
24803,1967-12-01 00:00:00,0.0922622987617235,-0.1139496504926848,0.2984742480161318,12.217,57.1
24804,1967-12-02 00:00:00,0.0240562886504826,-0.1823275047182023,0.2304400820191676,12.217,57.1
24805,1967-12-03 00:00:00,0.0798457226078624,-0.1259021030839782,0.285593548299703,12.217,57.1
24806,1967-12-04 00:00:00,0.4127678960881309,0.2053998139209628,0.6201359782552991,12.217,57.1
24807,1967-12-05 00:00:00,0.3130378961560305,0.1007610291888806,0.5253147631231803,12.217,57.1
24808,1967-12-06 00:00:00,0.5997511233074383,0.3902783841496392,0.8092238624652374,12.217,57.1
24809,1967-12-07 00:00:00,0.2776202190202687,0.0700610166391824,0.4851794214013549,12.217,57.1
24810,1967-12-08 00:00:00,0.1392353660514756,-0.0669250995091877,0.345395831612139,12.217,57.1
24811,1967-12-09 00:00:00,0.0312505097609941,-0.1745930650202506,0.237094084542239,12.217,57.1
24812,1967-12-10 00:00:00,-0.016103448285998,-0.2218146516494381,0.1896077550774421,12.217,57.1
24813,1967-12-11 00:00:00,-0.0420159437198379,-0.2475448383157293,0.1635129508760534,12.217,57.1
24814,1967-12-12 00:00:00,0.0880255253802393,-0.1179507440965132,0.2940017948569918,12.217,57.1
24815,1967-12-13 00:00:00,0.012923034224673,-0.1937774486201627,0.2196235170695087,12.217,57.1
24816,1967-12-14 00:00:00,0.0273293975694318,-0.1783983055920178,0.2330571007308815,12.217,57.1
24817,1967-12-15 00:00:00,0.1316971930756848,-0.0741510935190827,0.3375454796704524,12.217,57.1
24818,1967-12-16 00:00:00,0.5040996807970818,0.2974606778553221,0.7107386837388414,12.217,57.1
24819,1967-12-17 00:00:00,0.115868445409446,-0.0907090824312631,0.3224459732501553,12.217,57.1
24820,1967-12-18 00:00:00,0.0179674877069,-0.1879558676634907,0.2238908430772908,12.217,57.1
24821,1967-12-19 00:00:00,0.0499623374107249,-0.1560041972487119,0.2559288720701618,12.217,57.1
24822,1967-12-20 00:00:00,0.0113726510055281,-0.1949515648478998,0.2176968668589561,12.217,57.1
24823,1967-12-21 00:00:00,-0.0915981786759097,-0.2976770585962042,0.1144807012443847,12.217,57.1
24824,1967-12-22 00:00:00,0.1998967013631969,-0.0060876631796022,0.405881065905996,12.217,57.1
24825,1967-12-23 00:00:00,0.1762007486585047,-0.0297905794405672,0.3821920767575766,12.217,57.1
24826,1967-12-24 00:00:00,0.3374026920874577,0.1293723941838996,0.5454329899910159,12.217,57.1
24827,1967-12-25 00:00:00,0.087374264092499,-0.1207101131919849,0.2954586413769829,12.217,57.1
24828,1967-12-26 00:00:00,0.1091144213327212,-0.0966704146675408,0.3148992573329834,12.217,57.1
24829,1967-12-27 00:00:00,0.0147938826580388,-0.1912106120381816,0.2207983773542592,12.217,57.1
24830,1967-12-28 00:00:00,0.1606638638782028,-0.0472579220830438,0.3685856498394495,12.217,57.1
24831,1967-12-29 00:00:00,0.3413687743776503,0.1310968630567504,0.5516406856985502,12.217,57.1
24832,1967-12-30 00:00:00,-0.0074750600492843,-0.2137911139593426,0.1988409938607739,12.217,57.1
24833,1967-12-31 00:00:00,0.1736110127299945,-0.0326458204161858,0.3798678458761748,12.217,57.1
24834,1968-01-01 00:00:00,0.1180162955029559,-0.0886771139990541,0.3247097050049661,12.217,57.1
24835,1968-01-02 00:00:00,0.0631099335819379,-0.1428945963675948,0.2691144635314706,12.217,57.1
24836,1968-01-03 00:00:00,0.0267073290774103,-0.1790045898926086,0.2324192480474292,12.217,57.1
24837,1968-01-04 00:00:00,0.1588068364382936,-0.0469746457937554,0.3645883186703427,12.217,57.1
24838,1968-01-05 00:00:00,0.0772523275330591,-0.1287743591659472,0.2832790142320656,12.217,57.1
24839,1968-01-06 00:00:00,0.0079721174042715,-0.1981091009184885,0.2140533357270316,12.217,57.1
24840,1968-01-07 00:00:00,0.0347357608031198,-0.1708762603793144,0.240347781985554,12.217,57.1
24841,1968-01-08 00:00:00,0.0166780830113681,-0.1890710548278606,0.222427220850597,12.217,57.1
24842,1968-01-09 00:00:00,-0.0123918806054938,-0.21870867447889,0.1939249132679022,12.217,57.1
24843,1968-01-10 00:00:00,0.0099234062002318,-0.1958197812211776,0.2156665936216413,12.217,57.1
24844,1968-01-11 00:00:00,0.1024587432974769,-0.1035332834128108,0.3084507700077648,12.217,57.1
24845,1968-01-12 00:00:00,0.1113412363387042,-0.1091412717092819,0.3318237443866904,12.217,57.1
24846,1968-01-13 00:00:00,-0.3078394146830448,-0.5259420209236164,-0.0897368084424732,12.217,57.1
24847,1968-01-14 00:00:00,0.1619536792946125,-0.0451606378102104,0.3690679963994354,12.217,57.1
24848,1968-01-15 00:00:00,0.2589769323895766,0.0523699290535687,0.4655839357255845,12.217,57.1
24849,1968-01-16 00:00:00,0.5673841542935096,0.3561117082544368,0.7786566003325824,12.217,57.1
24850,1968-01-17 00:00:00,0.1383279221536877,-0.0701977471922289,0.3468535914996045,12.217,57.1
24851,1968-01-18 00:00:00,0.2573279079560876,0.0502712733731916,0.4643845425389835,12.217,57.1
24852,1968-01-19 00:00:00,-0.1423123332592414,-0.3495462096688304,0.0649215431503475,12.217,57.1
24853,1968-01-20 00:00:00,-0.0102425541005814,-0.2160489346220897,0.1955638264209267,12.217,57.1
24854,1968-01-21 00:00:00,0.0136582794599072,-0.1920301095401645,0.219346668459979,12.217,57.1
24855,1968-01-22 00:00:00,-0.0026534430080642,-0.2083923691236362,0.2030854831075077,12.217,57.1
24856,1968-01-23 00:00:00,0.0274006427073951,-0.1782937275561885,0.2330950129709788,12.217,57.1
24857,1968-01-24 00:00:00,0.2018341894788015,-0.0039608141299909,0.4076291930875939,12.217,57.1
24858,1968-01-25 00:00:00,0.1301605745882938,-0.0760936463058924,0.3364147954824801,12.217,57.1
24859,1968-01-26 00:00:00,0.1954963825803744,-0.0112804726737956,0.4022732378345444,12.217,57.1
24860,1968-01-27 00:00:00,0.1713735197632024,-0.0365521050535763,0.3792991445799814,12.217,57.1
24861,1968-01-28 00:00:00,0.1643513867159138,-0.0430890089008823,0.37179178233271,12.217,57.1
24862,1968-01-29 00:00:00,0.2333122516341524,0.0272544510304463,0.4393700522378584,12.217,57.1
24863,1968-01-30 00:00:00,0.3815258417413165,0.1749527406250453,0.5880989428575878,12.217,57.1
24864,1968-01-31 00:00:00,0.3656906930189053,0.1594570915989568,0.5719242944388537,12.217,57.1
24865,1968-02-01 00:00:00,0.199748818196623,-0.0063060997492746,0.4058037361425206,12.217,57.1
24866,1968-02-02 00:00:00,0.3269376238019428,0.1182804391266549,0.5355948084772307,12.217,57.1
24867,1968-02-03 00:00:00,0.2016283485697558,-0.0047615574290632,0.4080182545685748,12.217,57.1
24868,1968-02-04 00:00:00,0.0734008055162802,-0.1324514423198318,0.2792530533523924,12.217,57.1
24869,1968-02-05 00:00:00,0.1062656323677848,-0.0995342885537292,0.3120655532892988,12.217,57.1
24870,1968-02-06 00:00:00,0.0537874668262629,-0.1523418357996465,0.2599167694521724,12.217,57.1
24871,1968-02-07 00:00:00,0.2423848245480769,0.0348058373748969,0.4499638117212567,12.217,57.1
24872,1968-02-08 00:00:00,0.0913948763014757,-0.1159110389857727,0.2987007915887242,12.217,57.1
24873,1968-02-09 00:00:00,-0.0471360380007828,-0.2534273325781077,0.1591552565765419,12.217,57.1
24874,1968-02-10 00:00:00,-0.0636899719515753,-0.2693430840342259,0.1419631401310753,12.217,57.1
24875,1968-02-11 00:00:00,-0.0685325569320579,-0.2742439798137406,0.1371788659496247,12.217,57.1
24876,1968-02-12 00:00:00,-0.0085303637718272,-0.2140417409196864,0.1969810133760319,12.217,57.1
24877,1968-02-13 00:00:00,0.1309210274574956,-0.0745808311157962,0.3364228860307875,12.217,57.1
24878,1968-02-14 00:00:00,0.0816184450746595,-0.1242283974294455,0.2874652875787646,12.217,57.1
24879,1968-02-15 00:00:00,0.1639659131150778,-0.0420122879158183,0.3699441141459741,12.217,57.1
24880,1968-02-16 00:00:00,0.121990398560512,-0.0839750249095249,0.327955822030549,12.217,57.1
24881,1968-02-17 00:00:00,0.1253341928080552,-0.0812495621863671,0.3319179478024775,12.217,57.1
24882,1968-02-18 00:00:00,0.1346432224932864,-0.0722448409630361,0.341531285949609,12.217,57.1
24883,1968-02-19 00:00:00,0.1081474546657971,-0.0976593761113727,0.313954285442967,12.217,57.1
24884,1968-02-20 00:00:00,0.0679827623853204,-0.1375913921409252,0.2735569169115661,12.217,57.1
24885,1968-02-21 00:00:00,0.0289151969411373,-0.1768513476457385,0.2346817415280131,12.217,57.1
24886,1968-02-22 00:00:00,0.0295064787339104,-0.1762636976805918,0.2352766551484127,12.217,57.1
24887,1968-02-23 00:00:00,-0.0474144685803818,-0.2532673671919574,0.1584384300311938,12.217,57.1
24888,1968-02-24 00:00:00,-0.0538349132193654,-0.2594839145996636,0.1518140881609326,12.217,57.1
24889,1968-02-25 00:00:00,-0.0441694410759898,-0.2499015888160192,0.1615627066640395,12.217,57.1
24890,1968-02-26 00:00:00,-0.0326339905343628,-0.2382500284282629,0.1729820473595372,12.217,57.1
24891,1968-02-27 00:00:00,-0.0784583868973278,-0.2841330364068907,0.1272162626122349,12.217,57.1
24892,1968-02-28 00:00:00,-0.0311664910432606,-0.2368859311065092,0.1745529490199878,12.217,57.1
24893,1968-02-29 00:00:00,-0.0359225638438632,-0.2414266177158312,0.1695814900281046,12.217,57.1
24894,1968-03-01 00:00:00,0.0091501055700207,-0.1963620175042656,0.2146622286443071,12.217,57.1
24895,1968-03-02 00:00:00,-0.0103709880473375,-0.2159185720305464,0.1951765959358714,12.217,57.1
24896,1968-03-03 00:00:00,0.0346804462959294,-0.1708539569800478,0.2402148495719067,12.217,57.1
24897,1968-03-04 00:00:00,0.0490893557852627,-0.1565506635932537,0.2547293751637792,12.217,57.1
24898,1968-03-05 00:00:00,0.1647623711146009,-0.0409433463315503,0.3704680885607522,12.217,57.1
24899,1968-03-06 00:00:00,0.2614076046082291,0.0553334880111162,0.467481721205342,12.217,57.1
24900,1968-03-07 00:00:00,0.198253047310406,-0.0132565752506078,0.4097626698714199,12.217,57.1
24901,1968-03-08 00:00:00,0.008920868854267,-0.2009047821539195,0.2187465198624535,12.217,57.1
24902,1968-03-09 00:00:00,0.1399703576721453,-0.0659653468329044,0.345906062177195,12.217,57.1
24903,1968-03-10 00:00:00,0.1362443486884091,-0.0704922387732708,0.342980936150089,12.217,57.1
24904,1968-03-11 00:00:00,0.1777220305641445,-0.0286197951397608,0.3840638562680499,12.217,57.1
24905,1968-03-12 00:00:00,0.1134462990813736,-0.0933148203606103,0.3202074185233576,12.217,57.1
24906,1968-03-13 00:00:00,0.0652278762366204,-0.1405686986383232,0.2710244511115642,12.217,57.1
24907,1968-03-14 00:00:00,0.4292806102754433,0.2233128577784009,0.6352483627724856,12.217,57.1
24908,1968-03-15 00:00:00,0.1982710253554734,-0.0095030622439072,0.4060451129548541,12.217,57.1
24909,1968-03-16 00:00:00,0.1779902858404664,-0.0285163024529593,0.3844968741338921,12.217,57.1
24910,1968-03-17 00:00:00,0.1608796951750973,-0.0473630515643208,0.3691224419145155,12.217,57.1
24911,1968-03-18 00:00:00,0.5715520851263417,0.3616593011995196,0.7814448690531638,12.217,57.1
24912,1968-03-19 00:00:00,0.3845176726212738,0.1777138657251027,0.5913214795174448,12.217,57.1
24913,1968-03-20 00:00:00,0.2627603131945369,0.0564350204877101,0.4690856059013636,12.217,57.1
24914,1968-03-21 00:00:00,0.3344354292274633,0.1270309734279194,0.5418398850270072,12.217,57.1
24915,1968-03-22 00:00:00,0.206471768148887,-0.0019270382658387,0.4148705745636127,12.217,57.1
24916,1968-03-23 00:00:00,0.2301656843295856,0.0237414582040706,0.4365899104551006,12.217,57.1
24917,1968-03-24 00:00:00,0.1881364782208861,-0.0181254257480905,0.3943983821898629,12.217,57.1
24918,1968-03-25 00:00:00,0.1800643593675986,-0.0262007457081523,0.3863294644433496,12.217,57.1
24919,1968-03-26 00:00:00,0.1191287601999074,-0.0867203738580187,0.3249778942578337,12.217,57.1
24920,1968-03-27 00:00:00,0.1049422303361473,-0.1010158570594243,0.3109003177317189,12.217,57.1
24921,1968-03-28 00:00:00,0.260101646830268,0.0537942347160655,0.4664090589444704,12.217,57.1
24922,1968-03-29 00:00:00,0.1188145405351902,-0.0871085294764569,0.3247376105468373,12.217,57.1
24923,1968-03-30 00:00:00,0.1161845094942089,-0.0894149434783559,0.3217839624667739,12.217,57.1
24924,1968-03-31 00:00:00,0.0643214850733012,-0.1414095232413127,0.2700524933879152,12.217,57.1
24925,1968-04-01 00:00:00,0.2079531001615551,0.0022836899711033,0.4136225103520069,12.217,57.1
24926,1968-04-02 00:00:00,0.1731373099849898,-0.0329577498497861,0.3792323698197658,12.217,57.1
24927,1968-04-03 00:00:00,0.2304766168106926,0.0237095915961192,0.437243642025266,12.217,57.1
24928,1968-04-04 00:00:00,0.2655186210960575,0.0571929908327359,0.473844251359379,12.217,57.1
24929,1968-04-05 00:00:00,0.4607266074144726,0.2482616260005334,0.6731915888284117,12.217,57.1
24930,1968-04-06 00:00:00,0.2247077764785172,0.0173351171587012,0.4320804357983333,12.217,57.1
24931,1968-04-07 00:00:00,0.2739347152919176,0.0679999029928696,0.4798695275909657,12.217,57.1
24932,1968-04-08 00:00:00,0.036341880070698,-0.1699749873496744,0.2426587474910704,12.217,57.1
24933,1968-04-09 00:00:00,0.0229191370692222,-0.1830369448494047,0.2288752189878491,12.217,57.1
24934,1968-04-10 00:00:00,-0.1286912705149457,-0.335285455721902,0.0779029146920104,12.217,57.1
24935,1968-04-11 00:00:00,-0.1552389034480132,-0.3608799908901873,0.0504021839941609,12.217,57.1
24936,1968-04-12 00:00:00,-0.0832294631663099,-0.2890417887637763,0.1225828624311565,12.217,57.1
24937,1968-04-13 00:00:00,-0.0291227044281322,-0.2349804895641268,0.1767350807078624,12.217,57.1
24938,1968-04-14 00:00:00,-0.0413914999019692,-0.2469422799768575,0.1641592801729191,12.217,57.1
24939,1968-04-15 00:00:00,-0.0315328118016515,-0.2370134831744056,0.1739478595711025,12.217,57.1
24940,1968-04-16 00:00:00,-0.0381964560042338,-0.2437249508427114,0.1673320388342436,12.217,57.1
24941,1968-04-17 00:00:00,-0.0270527132428474,-0.2327058847337164,0.1786004582480215,12.217,57.1
24942,1968-04-18 00:00:00,-0.0014721737707873,-0.207106600050592,0.2041622525090173,12.217,57.1
24943,1968-04-19 00:00:00,0.0153710646802941,-0.1901798016639466,0.2209219310245349,12.217,57.1
24944,1968-04-20 00:00:00,0.0682982503214094,-0.1375167808614174,0.2741132815042364,12.217,57.1
24945,1968-04-21 00:00:00,0.089527581286345,-0.1163693761259765,0.2954245386986667,12.217,57.1
24946,1968-04-22 00:00:00,-0.0082797842767966,-0.2140285030730507,0.1974689345194574,12.217,57.1
24947,1968-04-23 00:00:00,0.0325965101770421,-0.1730017956703346,0.2381948160244188,12.217,57.1
24948,1968-04-24 00:00:00,0.0307274124964495,-0.1749260621783166,0.2363808871712158,12.217,57.1
24949,1968-04-25 00:00:00,0.0017032654140687,-0.2038790189742653,0.2072855498024028,12.217,57.1
24950,1968-04-26 00:00:00,0.0198468545393946,-0.1856712970434952,0.2253650061222845,12.217,57.1
24951,1968-04-27 00:00:00,0.1023763236704242,-0.1031747905498141,0.3079274378906627,12.217,57.1
24952,1968-04-28 00:00:00,0.0771172348695636,-0.1286028401711345,0.2828373099102618,12.217,57.1
24953,1968-04-29 00:00:00,0.0661529439497359,-0.1394464665893501,0.271752354488822,12.217,57.1
24954,1968-04-30 00:00:00,0.0645216973445661,-0.1409805102623201,0.2700239049514525,12.217,57.1
24955,1968-05-01 00:00:00,0.1208311452979055,-0.0847820850931665,0.3264443756889776,12.217,57.1
24956,1968-05-02 00:00:00,0.1089901783947179,-0.0965390268685572,0.314519383657993,12.217,57.1
24957,1968-05-03 00:00:00,0.1013898558051566,-0.1040800827282206,0.306859794338534,12.217,57.1
24958,1968-05-04 00:00:00,0.1163598858451776,-0.0891419674376578,0.3218617391280132,12.217,57.1
24959,1968-05-05 00:00:00,0.0794084574749396,-0.1265951504315809,0.2854120653814601,12.217,57.1
24960,1968-05-06 00:00:00,0.2074410410978305,6.798260293650049e-05,0.4148140995927246,12.217,57.1
24961,1968-05-07 00:00:00,0.110720154461741,-0.0954574432418524,0.3168977521653344,12.217,57.1
24962,1968-05-08 00:00:00,0.1445191134298581,-0.0622052298856234,0.3512434567453396,12.217,57.1
24963,1968-05-09 00:00:00,0.0865185786666149,-0.119415497207446,0.292452654540676,12.217,57.1
24964,1968-05-10 00:00:00,0.0132261232339605,-0.1926005001344733,0.2190527466023944,12.217,57.1
24965,1968-05-11 00:00:00,0.2325231847396816,0.0263193293118773,0.4387270401674858,12.217,57.1
24966,1968-05-12 00:00:00,0.1371901312335194,-0.0695328523445963,0.3439131148116352,12.217,57.1
24967,1968-05-13 00:00:00,0.092478779324476,-0.1135647680581386,0.2985223267070906,12.217,57.1
24968,1968-05-14 00:00:00,0.0905903040897265,-0.116357202840519,0.2975378110199721,12.217,57.1
24969,1968-05-15 00:00:00,0.1737700118858941,-0.0321463852689503,0.3796864090407387,12.217,57.1
24970,1968-05-16 00:00:00,0.0747145780184237,-0.1309020748052245,0.2803312308420719,12.217,57.1
24971,1968-05-17 00:00:00,-0.0086600304008589,-0.2143087655574962,0.1969887047557782,12.217,57.1
24972,1968-05-18 00:00:00,-0.0433515495928539,-0.2491172817939713,0.1624141826082634,12.217,57.1
24973,1968-05-19 00:00:00,-0.026932608127528,-0.2326027772713636,0.1787375610163076,12.217,57.1
24974,1968-05-20 00:00:00,0.1359554607493617,-0.0714164374201962,0.3433273589189196,12.217,57.1
24975,1968-05-21 00:00:00,0.0772953235686059,-0.1287867951914032,0.283377442328615,12.217,57.1
24976,1968-05-22 00:00:00,0.001472618874449,-0.2041538709887278,0.207099108737626,12.217,57.1
24977,1968-05-23 00:00:00,-0.007509464153903,-0.2130524931716482,0.198033564863842,12.217,57.1
24978,1968-05-24 00:00:00,-0.0238681894847908,-0.2295356910143119,0.1817993120447303,12.217,57.1
24979,1968-05-25 00:00:00,-0.0486575341194533,-0.2542156485793905,0.1569005803404837,12.217,57.1
24980,1968-05-26 00:00:00,-0.0294099662795387,-0.2351177784456935,0.1762978458866159,12.217,57.1
24981,1968-05-27 00:00:00,-0.025032427602134,-0.2308450567546314,0.1807802015503634,12.217,57.1
24982,1968-05-28 00:00:00,-0.0657986478650631,-0.2714671849368745,0.1398698892067481,12.217,57.1
24983,1968-05-29 00:00:00,-0.1008617232812969,-0.3064233603329178,0.1046999137703239,12.217,57.1
24984,1968-05-30 00:00:00,-0.0948805785661011,-0.3005955864345582,0.1108344293023558,12.217,57.1
24985,1968-05-31 00:00:00,-0.0572919454886485,-0.2628365839080596,0.1482526929307625,12.217,57.1
24986,1968-06-01 00:00:00,-0.0179704570682082,-0.2235377296372552,0.1875968155008388,12.217,57.1
24987,1968-06-02 00:00:00,-0.0561185682225454,-0.2616403540221395,0.1494032175770486,12.217,57.1
24988,1968-06-03 00:00:00,-0.0656664875097925,-0.2714725616904173,0.1401395866708322,12.217,57.1
24989,1968-06-04 00:00:00,0.0223108062198533,-0.1836495950619648,0.2282712075016716,12.217,57.1
24990,1968-06-05 00:00:00,-0.0207437263843826,-0.226506859549714,0.1850194067809488,12.217,57.1
24991,1968-06-06 00:00:00,0.1756026905411606,-0.0309125269957047,0.3821179080780261,12.217,57.1
24992,1968-06-07 00:00:00,0.0844455623839673,-0.1225711894518883,0.2914623142198229,12.217,57.1
24993,1968-06-08 00:00:00,0.1171232942907564,-0.0886119467225026,0.3228585353040154,12.217,57.1
24994,1968-06-09 00:00:00,0.0831831653130746,-0.1224741918414489,0.2888405224675983,12.217,57.1
24995,1968-06-10 00:00:00,0.007852059328524,-0.1977375250657594,0.2134416437228076,12.217,57.1
24996,1968-06-11 00:00:00,-0.0235781835545089,-0.2292184521464906,0.1820620850374726,12.217,57.1
24997,1968-06-12 00:00:00,-0.0781437425393404,-0.2837046436635271,0.1274171585848462,12.217,57.1
24998,1968-06-13 00:00:00,-0.068425325917386,-0.2740090044277359,0.1371583525929638,12.217,57.1
24999,1968-06-14 00:00:00,-0.0259655432942244,-0.2315423250993406,0.1796112385108916,12.217,57.1
25000,1968-06-15 00:00:00,0.022435252710645,-0.1831198152701238,0.2279903206914138,12.217,57.1
25001,1968-06-16 00:00:00,0.0239543400099399,-0.1816133760833826,0.2295220561032626,12.217,57.1
25002,1968-06-17 00:00:00,0.0045346422742726,-0.2011905396644107,0.2102598242129561,12.217,57.1
25003,1968-06-18 00:00:00,0.0827913792545517,-0.1227460304698286,0.288328788978932,12.217,57.1
25004,1968-06-19 00:00:00,0.0580009911530269,-0.1475893991960287,0.2635913815020826,12.217,57.1
25005,1968-06-20 00:00:00,0.076030646552314,-0.1296118498901419,0.2816731429947699,12.217,57.1
25006,1968-06-21 00:00:00,0.1064073664817484,-0.0992643307366488,0.3120790637001457,12.217,57.1
25007,1968-06-22 00:00:00,0.1991430916027456,-0.0064662098799897,0.4047523930854811,12.217,57.1
25008,1968-06-23 00:00:00,0.1692831303558356,-0.036671315724523,0.3752375764361942,12.217,57.1
25009,1968-06-24 00:00:00,0.147540389286606,-0.0593933604409362,0.3544741390141483,12.217,57.1
25010,1968-06-25 00:00:00,0.1514325451485753,-0.0549151136147969,0.3577802039119477,12.217,57.1
25011,1968-06-26 00:00:00,0.1345028928437657,-0.0716989477410867,0.3407047334286181,12.217,57.1
25012,1968-06-27 00:00:00,0.2300752690007705,0.0237226696799736,0.4364278683215674,12.217,57.1
25013,1968-06-28 00:00:00,0.2108020429743664,0.0026177726512449,0.4189863132974879,12.217,57.1
25014,1968-06-29 00:00:00,0.1469929396076861,-0.0617173612891088,0.3557032405044811,12.217,57.1
25015,1968-06-30 00:00:00,0.0980868082736856,-0.1080156936591287,0.3041893102065001,12.217,57.1
25016,1968-07-01 00:00:00,0.0299611884354253,-0.1756891340072199,0.2356115108780706,12.217,57.1
25017,1968-07-02 00:00:00,0.0083113037349877,-0.1972462418513665,0.213868849321342,12.217,57.1
25018,1968-07-03 00:00:00,0.0229243783313346,-0.1827041284085374,0.2285528850712066,12.217,57.1
25019,1968-07-04 00:00:00,0.0429324110400059,-0.1629232574826386,0.2487880795626505,12.217,57.1
25020,1968-07-05 00:00:00,0.0420075752091219,-0.1638581788273062,0.24787332924555,12.217,57.1
25021,1968-07-06 00:00:00,7.998928981363743e-05,-0.2055827355177452,0.2057427140973725,12.217,57.1
25022,1968-07-07 00:00:00,0.0409409235375384,-0.1646739040562424,0.2465557511313192,12.217,57.1
25023,1968-07-08 00:00:00,0.1866033510627488,-0.0228847647153219,0.3960914668408196,12.217,57.1
25024,1968-07-09 00:00:00,0.1832048718418011,-0.0235766063828455,0.3899863500664479,12.217,57.1
25025,1968-07-10 00:00:00,0.1278111416073696,-0.0781356658894695,0.3337579491042088,12.217,57.1
25026,1968-07-11 00:00:00,0.0451202250825933,-0.1607377951024287,0.2509782452676155,12.217,57.1
25027,1968-07-12 00:00:00,0.0647735294413416,-0.1419937130270087,0.271540771909692,12.217,57.1
25028,1968-07-13 00:00:00,0.0117052222502437,-0.1961564780271068,0.2195669225275944,12.217,57.1
25029,1968-07-14 00:00:00,0.0633576247879707,-0.1420786366449324,0.2687938862208739,12.217,57.1
25030,1968-07-15 00:00:00,0.0588379686807111,-0.146771950741997,0.2644478881034194,12.217,57.1
25031,1968-07-16 00:00:00,0.096435175169803,-0.1096106861308457,0.3024810364704519,12.217,57.1
25032,1968-07-17 00:00:00,0.0804909262376907,-0.1261178509036122,0.2870997033789937,12.217,57.1
25033,1968-07-18 00:00:00,-0.0545358815334985,-0.260475015656114,0.1514032525891169,12.217,57.1
25034,1968-07-19 00:00:00,-0.0092439779020941,-0.214685056807081,0.1961971010028926,12.217,57.1
25035,1968-07-20 00:00:00,0.0307505473508755,-0.174737489945122,0.236238584646873,12.217,57.1
25036,1968-07-21 00:00:00,-0.0147062964441281,-0.2203412594521496,0.1909286665638933,12.217,57.1
25037,1968-07-22 00:00:00,-0.0301210855961105,-0.2357120874180201,0.175469916225799,12.217,57.1
25038,1968-07-23 00:00:00,0.0268186460678782,-0.1787459547756158,0.2323832469113724,12.217,57.1
25039,1968-07-24 00:00:00,0.020588468153946,-0.1850014015248374,0.2261783378327295,12.217,57.1
25040,1968-07-25 00:00:00,0.0373816677516985,-0.1682267555380087,0.2429900910414058,12.217,57.1
25041,1968-07-26 00:00:00,0.0027980548683518,-0.2033110056544048,0.2089071153911085,12.217,57.1
25042,1968-07-27 00:00:00,-0.084786870204311,-0.2903806163701665,0.1208068759615445,12.217,57.1
25043,1968-07-28 00:00:00,-0.0438663953845958,-0.249291009668226,0.1615582188990343,12.217,57.1
25044,1968-07-29 00:00:00,-0.0561699207956648,-0.2616288031899959,0.1492889615986663,12.217,57.1
25045,1968-07-30 00:00:00,-0.0546010538366355,-0.2600700557486274,0.1508679480753563,12.217,57.1
25046,1968-07-31 00:00:00,-0.0180708425375062,-0.2235676617162186,0.1874259766412062,12.217,57.1
25047,1968-08-01 00:00:00,0.0181292844795738,-0.1874570174569839,0.2237155864161317,12.217,57.1
25048,1968-08-02 00:00:00,-0.0178443401630988,-0.2234611833112513,0.1877725029850536,12.217,57.1
25049,1968-08-03 00:00:00,-0.0351874184765474,-0.2407348014404528,0.1703599644873579,12.217,57.1
25050,1968-08-04 00:00:00,-0.0215032554436434,-0.2270927630105145,0.1840862521232276,12.217,57.1
25051,1968-08-05 00:00:00,-0.0223245178358925,-0.2277727420529296,0.1831237063811445,12.217,57.1
25052,1968-08-06 00:00:00,0.0068662964278914,-0.1986210272450342,0.2123536201008171,12.217,57.1
25053,1968-08-07 00:00:00,0.0330803511472681,-0.1724994857029965,0.2386601879975329,12.217,57.1
25054,1968-08-08 00:00:00,0.0003301581662077,-0.2052905767889187,0.2059508931213342,12.217,57.1
25055,1968-08-09 00:00:00,-0.0095466502305601,-0.2150601931284156,0.1959668926672954,12.217,57.1
25056,1968-08-10 00:00:00,0.0311061680342212,-0.1744132607684733,0.2366255968369158,12.217,57.1
25057,1968-08-11 00:00:00,0.0854704316198113,-0.1200570326740976,0.2909978959137202,12.217,57.1
25058,1968-08-12 00:00:00,0.1370307971644162,-0.0684936994712523,0.3425552938000849,12.217,57.1
25059,1968-08-13 00:00:00,0.1909022050620135,-0.0147251722378549,0.3965295823618819,12.217,57.1
25060,1968-08-14 00:00:00,0.2159555338548958,0.0100890181993526,0.421822049510439,12.217,57.1
25061,1968-08-15 00:00:00,0.1563397892858677,-0.0499513036815518,0.3626308822532873,12.217,57.1
25062,1968-08-16 00:00:00,0.2112206766063172,0.0052924805250319,0.4171488726876025,12.217,57.1
25063,1968-08-17 00:00:00,0.179510101424615,-0.0266540251027236,0.3856742279519537,12.217,57.1
25064,1968-08-18 00:00:00,0.1696856999259074,-0.0364885101095429,0.3758599099613578,12.217,57.1
25065,1968-08-19 00:00:00,0.18972500265455,-0.016292109510101,0.3957421148192012,12.217,57.1
25066,1968-08-20 00:00:00,0.0420623963284711,-0.1635359541343219,0.2476607467912643,12.217,57.1
25067,1968-08-21 00:00:00,0.0483530115364071,-0.157233503196409,0.2539395262692234,12.217,57.1
25068,1968-08-22 00:00:00,-0.0133976971680917,-0.2191786869570654,0.1923832926208818,12.217,57.1
25069,1968-08-23 00:00:00,-0.0425073521471483,-0.2480999489860261,0.1630852446917295,12.217,57.1
25070,1968-08-24 00:00:00,-0.0657969197841387,-0.2713893739565373,0.1397955343882598,12.217,57.1
25071,1968-08-25 00:00:00,-0.0909967744124845,-0.2965690144608769,0.1145754656359079,12.217,57.1
25072,1968-08-26 00:00:00,-0.1029589549278378,-0.3085451355183469,0.1026272256626711,12.217,57.1
25073,1968-08-27 00:00:00,-0.1093907824026175,-0.3150195927102907,0.0962380279050556,12.217,57.1
25074,1968-08-28 00:00:00,-0.0502331291708551,-0.2558601129352315,0.1553938545935212,12.217,57.1
25075,1968-08-29 00:00:00,0.0375254644770479,-0.1680032301541186,0.2430541591082145,12.217,57.1
25076,1968-08-30 00:00:00,0.030347692484345,-0.1750794960483448,0.2357748810170349,12.217,57.1
25077,1968-08-31 00:00:00,0.0611316207838158,-0.1443448890672108,0.2666081306348425,12.217,57.1
25078,1968-09-01 00:00:00,0.1549730824244732,-0.0513274043841637,0.3612735692331102,12.217,57.1
25079,1968-09-02 00:00:00,-0.0039610365749922,-0.2102913294419748,0.2023692562919903,12.217,57.1
25080,1968-09-03 00:00:00,0.1304434362277732,-0.0751277760640955,0.336014648519642,12.217,57.1
25081,1968-09-04 00:00:00,0.0509658787173932,-0.1546489856547842,0.2565807430895706,12.217,57.1
25082,1968-09-05 00:00:00,0.035119328606071,-0.1704349341078215,0.2406735913199637,12.217,57.1
25083,1968-09-06 00:00:00,-0.0397888593241225,-0.2454879416807383,0.1659102230324932,12.217,57.1
25084,1968-09-07 00:00:00,-0.1075804553431322,-0.3133748487713164,0.0982139380850518,12.217,57.1
25085,1968-09-08 00:00:00,-0.0549827113108408,-0.2606364613672096,0.150671038745528,12.217,57.1
25086,1968-09-09 00:00:00,-0.0659244945851333,-0.2713287148287729,0.1394797256585062,12.217,57.1
25087,1968-09-10 00:00:00,-0.0476608917235336,-0.2530629653783623,0.157741181931295,12.217,57.1
25088,1968-09-11 00:00:00,-0.0343131618737125,-0.23976933928935,0.171143015541925,12.217,57.1
25089,1968-09-12 00:00:00,0.011512259791638,-0.1939592911894356,0.2169838107727116,12.217,57.1
25090,1968-09-13 00:00:00,0.0229652832865949,-0.1827587527571947,0.2286893193303846,12.217,57.1
25091,1968-09-14 00:00:00,0.0099166545968119,-0.1957611623338517,0.2155944715274756,12.217,57.1
25092,1968-09-15 00:00:00,-0.0232573451789235,-0.229048966036285,0.1825342756784379,12.217,57.1
25093,1968-09-16 00:00:00,-0.062625569242502,-0.2684784651891456,0.1432273267041415,12.217,57.1
25094,1968-09-17 00:00:00,-0.0242459428323237,-0.2305013420219449,0.1820094563572974,12.217,57.1
25095,1968-09-18 00:00:00,0.035509359872945,-0.1704211067340851,0.2414398264799753,12.217,57.1
25096,1968-09-19 00:00:00,0.0242022962954551,-0.181361632994959,0.2297662255858693,12.217,57.1
25097,1968-09-20 00:00:00,0.0945189362690333,-0.1110525304060616,0.3000904029441282,12.217,57.1
25098,1968-09-21 00:00:00,0.2186411869676001,0.0128713140580898,0.4244110598771105,12.217,57.1
25099,1968-09-22 00:00:00,0.2694177720801093,0.0633629517877375,0.4754725923724811,12.217,57.1
25100,1968-09-23 00:00:00,0.10473241365597,-0.1011830913966912,0.3106479187086313,12.217,57.1
25101,1968-09-24 00:00:00,0.1620255356875092,-0.0437415693752597,0.3677926407502782,12.217,57.1
25102,1968-09-25 00:00:00,0.0737650291848964,-0.1320717042722915,0.2796017626420845,12.217,57.1
25103,1968-09-26 00:00:00,-0.0375633444309039,-0.2432852099620327,0.1681585211002247,12.217,57.1
25104,1968-09-27 00:00:00,0.0627827405883077,-0.1428938691316447,0.2684593503082602,12.217,57.1
25105,1968-09-28 00:00:00,0.1209140759424388,-0.0853453654411497,0.3271735173260274,12.217,57.1
25106,1968-09-29 00:00:00,0.1342227536354696,-0.0734089566286194,0.3418544638995586,12.217,57.1
25107,1968-09-30 00:00:00,0.1809560464088146,-0.0251150539913724,0.3870271468090017,12.217,57.1
25108,1968-10-01 00:00:00,0.1523228688394343,-0.0536427809185106,0.3582885185973793,12.217,57.1
25109,1968-10-02 00:00:00,0.075018755952719,-0.1310471014510462,0.2810846133564844,12.217,57.1
25110,1968-10-03 00:00:00,0.0555142772680659,-0.1500095516270084,0.2610381061631403,12.217,57.1
25111,1968-10-04 00:00:00,0.0799038046703606,-0.1259210571767902,0.2857286665175116,12.217,57.1
25112,1968-10-05 00:00:00,-0.0306823685310595,-0.236618805166221,0.175254068104102,12.217,57.1
25113,1968-10-06 00:00:00,-0.0180841531971027,-0.223807518925411,0.1876392125312056,12.217,57.1
25114,1968-10-07 00:00:00,0.039682684909935,-0.1660399113737116,0.2454052811935816,12.217,57.1
25115,1968-10-08 00:00:00,0.0962647893644506,-0.1097953618914053,0.3023249406203067,12.217,57.1
25116,1968-10-09 00:00:00,0.0955701628289381,-0.1102096150196715,0.3013499406775478,12.217,57.1
25117,1968-10-10 00:00:00,0.0033351595463804,-0.2024242956938011,0.209094614786562,12.217,57.1
25118,1968-10-11 00:00:00,0.0831067117894032,-0.1228841147528062,0.2890975383316128,12.217,57.1
25119,1968-10-12 00:00:00,0.0599030159919229,-0.146759845660173,0.2665658776440189,12.217,57.1
25120,1968-10-13 00:00:00,0.2822972405544318,0.0755645652063791,0.4890299159024845,12.217,57.1
25121,1968-10-14 00:00:00,0.5384126752472513,0.3317431796878136,0.745082170806689,12.217,57.1
25122,1968-10-15 00:00:00,0.2572005016704862,0.0503400291540332,0.4640609741869392,12.217,57.1
25123,1968-10-16 00:00:00,0.0965697040509778,-0.10934580046732,0.3024852085692757,12.217,57.1
25124,1968-10-17 00:00:00,0.2227230620718558,0.0163613292265111,0.4290847949172006,12.217,57.1
25125,1968-10-18 00:00:00,0.1106262237028323,-0.0956333896679839,0.3168858370736486,12.217,57.1
25126,1968-10-19 00:00:00,-0.0354475991737806,-0.2413070739243125,0.1704118755767512,12.217,57.1
25127,1968-10-20 00:00:00,-0.0805257496497778,-0.2861395222761851,0.1250880229766295,12.217,57.1
25128,1968-10-21 00:00:00,0.1589436882284911,-0.0472724623784546,0.3651598388354368,12.217,57.1
25129,1968-10-22 00:00:00,0.1630527763944909,-0.0431243597691484,0.3692299125581303,12.217,57.1
25130,1968-10-23 00:00:00,0.1382795076552895,-0.0675778574900673,0.3441368728006464,12.217,57.1
25131,1968-10-24 00:00:00,0.027065425013256,-0.178995965949063,0.2331268159755751,12.217,57.1
25132,1968-10-25 00:00:00,0.049600194626061,-0.1560388511002573,0.2552392403523794,12.217,57.1
25133,1968-10-26 00:00:00,0.1315102821694227,-0.0746611441244123,0.3376817084632579,12.217,57.1
25134,1968-10-27 00:00:00,0.1840660870822634,-0.0224316433749024,0.3905638175394293,12.217,57.1
25135,1968-10-28 00:00:00,0.1337635147364922,-0.0729827490349447,0.3405097785079293,12.217,57.1
25136,1968-10-29 00:00:00,0.0971160156892044,-0.1091933964913735,0.3034254278697825,12.217,57.1
25137,1968-10-30 00:00:00,0.4891342605117269,0.2825483441678403,0.6957201768556135,12.217,57.1
25138,1968-10-31 00:00:00,0.2055166685277333,-0.0010394611343328,0.4120727981897994,12.217,57.1
25139,1968-11-01 00:00:00,0.2113283198127664,0.0047903063418143,0.4178663332837186,12.217,57.1
25140,1968-11-02 00:00:00,0.1651769321802244,-0.0414988860817022,0.3718527504421511,12.217,57.1
25141,1968-11-03 00:00:00,0.1828408337701772,-0.023528685211182,0.3892103527515365,12.217,57.1
25142,1968-11-04 00:00:00,0.0350439890036642,-0.1714097658111311,0.2414977438184596,12.217,57.1
25143,1968-11-05 00:00:00,-0.0339356675342985,-0.2408480889447184,0.1729767538761213,12.217,57.1
25144,1968-11-06 00:00:00,-0.1325631514513697,-0.3384324011472676,0.0733060982445281,12.217,57.1
25145,1968-11-07 00:00:00,-0.2096917540279617,-0.4158205484232248,-0.0035629596326986,12.217,57.1
25146,1968-11-08 00:00:00,-0.1485693770382177,-0.3550040707470773,0.0578653166706418,12.217,57.1
25147,1968-11-09 00:00:00,-0.0337996932546016,-0.2403988678561148,0.1727994813469114,12.217,57.1
25148,1968-11-10 00:00:00,-0.0274056550494566,-0.2334268453417433,0.1786155352428299,12.217,57.1
25149,1968-11-11 00:00:00,-0.0637730116556107,-0.2697471715756614,0.1422011482644399,12.217,57.1
25150,1968-11-12 00:00:00,-0.09631275444773,-0.3019693731027523,0.1093438642072922,12.217,57.1
25151,1968-11-13 00:00:00,-0.0985071424878357,-0.3040346121220691,0.1070203271463975,12.217,57.1
25152,1968-11-14 00:00:00,-0.1423146670848266,-0.3479858584091047,0.0633565242394514,12.217,57.1
25153,1968-11-15 00:00:00,-0.1361190812973622,-0.3418949195505909,0.0696567569558664,12.217,57.1
25154,1968-11-16 00:00:00,-0.1118416480621501,-0.3174676737331403,0.09378437760884,12.217,57.1
25155,1968-11-17 00:00:00,-0.0991360166025994,-0.3047832540385484,0.1065112208333494,12.217,57.1
25156,1968-11-18 00:00:00,-0.0796389020081126,-0.2856586903603619,0.1263808863441367,12.217,57.1
25157,1968-11-19 00:00:00,-0.0670019679185373,-0.2728554691477068,0.1388515333106321,12.217,57.1
25158,1968-11-20 00:00:00,-0.0841276611255763,-0.2897816862397141,0.1215263639885614,12.217,57.1
25159,1968-11-21 00:00:00,-0.0811332149900981,-0.2867512087811472,0.1244847788009509,12.217,57.1
25160,1968-11-22 00:00:00,-0.0487087191577436,-0.2541925963829791,0.1567751580674918,12.217,57.1
25161,1968-11-23 00:00:00,0.1019663404790191,-0.1037286630807495,0.3076613440387878,12.217,57.1
25162,1968-11-24 00:00:00,0.2169842459159873,0.0109102619704251,0.4230582298615495,12.217,57.1
25163,1968-11-25 00:00:00,0.2426343065292617,0.0366119856282126,0.4486566274303107,12.217,57.1
25164,1968-11-26 00:00:00,0.1084701528596972,-0.0973142475337722,0.3142545532531666,12.217,57.1
25165,1968-11-27 00:00:00,0.1369202082052985,-0.0689793127522968,0.3428197291628939,12.217,57.1
25166,1968-11-28 00:00:00,0.0532853878219066,-0.1523328146204379,0.2589035902642512,12.217,57.1
25167,1968-11-29 00:00:00,0.0182354943813013,-0.1873821750844523,0.2238531638470551,12.217,57.1
25168,1968-11-30 00:00:00,-0.0150251971678447,-0.2207668157064319,0.1907164213707424,12.217,57.1
25169,1968-12-01 00:00:00,-0.0908217146175456,-0.2967645379327035,0.1151211086976122,12.217,57.1
25170,1968-12-02 00:00:00,-0.055523703640058,-0.2611811880767794,0.1501337807966633,12.217,57.1
25171,1968-12-03 00:00:00,-0.0298391202269102,-0.2353751078767063,0.1756968674228858,12.217,57.1
25172,1968-12-04 00:00:00,-0.0016099388516534,-0.2070671999154711,0.2038473222121642,12.217,57.1
25173,1968-12-05 00:00:00,0.0094113624939634,-0.1960289282391409,0.2148516532270677,12.217,57.1
25174,1968-12-06 00:00:00,0.0135680293052848,-0.1918644751226205,0.2190005337331902,12.217,57.1
25175,1968-12-07 00:00:00,-0.0289731831429232,-0.2344059757989685,0.176459609513122,12.217,57.1
25176,1968-12-08 00:00:00,-0.0573457699571658,-0.2628034007109119,0.1481118607965802,12.217,57.1
25177,1968-12-09 00:00:00,-0.0497172869753229,-0.2551903811167962,0.1557558071661503,12.217,57.1
25178,1968-12-10 00:00:00,-0.0200468559775475,-0.2256524209498325,0.1855587089947374,12.217,57.1
25179,1968-12-11 00:00:00,-0.0060621921732701,-0.2117622409111103,0.19963785656457,12.217,57.1
25180,1968-12-12 00:00:00,-0.0100619760922883,-0.2156845185012342,0.1955605663166575,12.217,57.1
25181,1968-12-13 00:00:00,0.0044352945272935,-0.2010697227811405,0.2099403118357275,12.217,57.1
25182,1968-12-14 00:00:00,0.0330098435783518,-0.1724767398705601,0.2384964270272639,12.217,57.1
25183,1968-12-15 00:00:00,0.0683353655869997,-0.1372970189075103,0.2739677500815097,12.217,57.1
25184,1968-12-16 00:00:00,0.1671475603455739,-0.0385599569547419,0.3728550776458899,12.217,57.1
25185,1968-12-17 00:00:00,0.15663869176949,-0.0490689067609969,0.3623462902999771,12.217,57.1
25186,1968-12-18 00:00:00,0.1265723004399518,-0.0791459391290195,0.3322905400089233,12.217,57.1
25187,1968-12-19 00:00:00,0.1434493283454549,-0.0624456750676739,0.3493443317585837,12.217,57.1
25188,1968-12-20 00:00:00,0.2446677546815988,0.0386699493782793,0.4506655599849183,12.217,57.1
25189,1968-12-21 00:00:00,0.1995121330194993,-0.0088840132733687,0.4079082793123675,12.217,57.1
25190,1968-12-22 00:00:00,0.1831581079998502,-0.0262215419944775,0.3925377579941779,12.217,57.1
25191,1968-12-23 00:00:00,0.2168172592376799,0.0108467136806485,0.4227878047947112,12.217,57.1
25192,1968-12-24 00:00:00,0.1887300892087858,-0.017328261342315,0.3947884397598867,12.217,57.1
25193,1968-12-25 00:00:00,0.0275950084559336,-0.1782969060703663,0.2334869229822335,12.217,57.1
25194,1968-12-26 00:00:00,0.0098781238093312,-0.1958203667168058,0.2155766143354682,12.217,57.1
25195,1968-12-27 00:00:00,-0.0154742749884568,-0.221509560585409,0.1905610106084953,12.217,57.1
25196,1968-12-28 00:00:00,0.0428877322571399,-0.1630716273218659,0.2488470918361459,12.217,57.1
25197,1968-12-29 00:00:00,0.0653409345311985,-0.140590357926283,0.27127222698868,12.217,57.1
25198,1968-12-30 00:00:00,0.049737757558889,-0.155969744135434,0.2554452592532121,12.217,57.1
25199,1968-12-31 00:00:00,0.0784267664108918,-0.1274711394366866,0.2843246722584702,12.217,57.1
25200,1969-01-01 00:00:00,-0.0578570862760631,-0.2642460895082759,0.1485319169561496,12.217,57.1
25201,1969-01-02 00:00:00,0.0522918653575626,-0.1536328991467225,0.2582166298618478,12.217,57.1
25202,1969-01-03 00:00:00,-0.0145647586205038,-0.2205965084889422,0.1914669912479346,12.217,57.1
25203,1969-01-04 00:00:00,0.0030776218928156,-0.2028799861389653,0.2090352299245967,12.217,57.1
25204,1969-01-05 00:00:00,0.1058771514304824,-0.1000951552500558,0.3118494581110207,12.217,57.1
25205,1969-01-06 00:00:00,0.1038456062717214,-0.1023056823183641,0.3099968948618069,12.217,57.1
25206,1969-01-07 00:00:00,0.020492380757601,-0.1851515602811533,0.2261363217963554,12.217,57.1
25207,1969-01-08 00:00:00,-0.0018078927655509,-0.2073657340875956,0.2037499485564937,12.217,57.1
25208,1969-01-09 00:00:00,-0.0111900850799312,-0.2168129973585743,0.1944328271987117,12.217,57.1
25209,1969-01-10 00:00:00,-0.0639072754011798,-0.2696136090133718,0.141799058211012,12.217,57.1
25210,1969-01-11 00:00:00,-0.00395472887939,-0.2095585931265908,0.2016491353678106,12.217,57.1
25211,1969-01-12 00:00:00,0.0856001184984379,-0.1203637629045884,0.2915639999014643,12.217,57.1
25212,1969-01-13 00:00:00,0.072202275802567,-0.1339294904880595,0.2783340420931937,12.217,57.1
25213,1969-01-14 00:00:00,0.3218575892059011,0.11527060379757,0.5284445746142321,12.217,57.1
25214,1969-01-15 00:00:00,0.1879698936581696,-0.0183079427377502,0.3942477300540894,12.217,57.1
25215,1969-01-16 00:00:00,0.2734514796815094,0.0671650546136456,0.4797379047493731,12.217,57.1
25216,1969-01-17 00:00:00,0.0956870527311043,-0.1106837829981634,0.302057888460372,12.217,57.1
25217,1969-01-18 00:00:00,0.0897225129575005,-0.1163552625142993,0.2958002884293004,12.217,57.1
25218,1969-01-19 00:00:00,0.2051156629529154,-0.0035257883242293,0.4137571142300601,12.217,57.1
25219,1969-01-20 00:00:00,-0.0567362437884603,-0.2658005383788459,0.1523280508019252,12.217,57.1
25220,1969-01-21 00:00:00,-0.03804393899893,-0.2441581477525897,0.1680702697547296,12.217,57.1
25221,1969-01-22 00:00:00,0.0816551501924947,-0.1246254856331748,0.2879357860181643,12.217,57.1
25222,1969-01-23 00:00:00,0.0917370304123731,-0.1148156697276469,0.2982897305523933,12.217,57.1
25223,1969-01-24 00:00:00,-0.0427931254457067,-0.2487758208360426,0.163189569944629,12.217,57.1
25224,1969-01-25 00:00:00,-0.0507150714383558,-0.2563944717930322,0.1549643289163204,12.217,57.1
25225,1969-01-26 00:00:00,0.0300013261827336,-0.1756201654014504,0.2356228177669177,12.217,57.1
25226,1969-01-27 00:00:00,0.0303292729667642,-0.1752524920454669,0.2359110379789954,12.217,57.1
25227,1969-01-28 00:00:00,0.1106518231731237,-0.0949067602989727,0.3162104066452202,12.217,57.1
25228,1969-01-29 00:00:00,0.1442298310960316,-0.0615407477597156,0.350000409951779,12.217,57.1
25229,1969-01-30 00:00:00,0.1214782619110683,-0.0846264988117289,0.3275830226338655,12.217,57.1
25230,1969-01-31 00:00:00,0.3032566096331687,0.0972725278129,0.5092406914534374,12.217,57.1
25231,1969-02-01 00:00:00,0.4274383486000929,0.2212807655949691,0.6335959316052167,12.217,57.1
25232,1969-02-02 00:00:00,0.2091653865392094,0.0032052389180614,0.4151255341603575,12.217,57.1
25233,1969-02-03 00:00:00,0.1595438168101038,-0.0474970335292423,0.3665846671494499,12.217,57.1
25234,1969-02-04 00:00:00,-0.0023134312419501,-0.2099815887188011,0.2053547262349008,12.217,57.1
25235,1969-02-05 00:00:00,-0.062077946252182,-0.2680542741661564,0.1438983816617923,12.217,57.1
25236,1969-02-06 00:00:00,0.0387874261662788,-0.166743216274678,0.2443180686072357,12.217,57.1
25237,1969-02-07 00:00:00,0.1857778414562088,-0.0211665385635156,0.3927222214759333,12.217,57.1
25238,1969-02-08 00:00:00,0.286855221021376,0.0789383242316716,0.4947721178110804,12.217,57.1
25239,1969-02-09 00:00:00,0.0560184400267416,-0.1499637567150907,0.2620006367685739,12.217,57.1
25240,1969-02-10 00:00:00,-0.018939511276596,-0.2249181931076967,0.1870391705545047,12.217,57.1
25241,1969-02-11 00:00:00,-0.0526575166896842,-0.2582910236746694,0.1529759902953008,12.217,57.1
25242,1969-02-12 00:00:00,0.0315175040062434,-0.1741327361479873,0.2371677441604741,12.217,57.1
25243,1969-02-13 00:00:00,0.0458164357214669,-0.1600430533132339,0.2516759247561679,12.217,57.1
25244,1969-02-14 00:00:00,-0.0377896829094947,-0.2435559426517609,0.1679765768327713,12.217,57.1
25245,1969-02-15 00:00:00,0.0149777039978447,-0.1908945473667614,0.2208499553624509,12.217,57.1
25246,1969-02-16 00:00:00,-0.0074754643726587,-0.2143726739258742,0.1994217451805567,12.217,57.1
25247,1969-02-17 00:00:00,-0.0666323336052753,-0.2759486449823159,0.1426839777717653,12.217,57.1
25248,1969-02-18 00:00:00,-0.0640198262565939,-0.2705150933318765,0.1424754408186887,12.217,57.1
25249,1969-02-19 00:00:00,-0.0379511334419337,-0.2436318223551352,0.1677295554712677,12.217,57.1
25250,1969-02-20 00:00:00,-0.0407180388879921,-0.246302251112595,0.1648661733366107,12.217,57.1
25251,1969-02-21 00:00:00,0.0123064031615195,-0.1932821198675881,0.2178949261906272,12.217,57.1
25252,1969-02-22 00:00:00,0.0632198356584425,-0.1425649625536217,0.2690046338705069,12.217,57.1
25253,1969-02-23 00:00:00,0.0351071614889055,-0.1706582320660776,0.2408725550438887,12.217,57.1
25254,1969-02-24 00:00:00,-0.0448134552854714,-0.250513666249488,0.160886755678545,12.217,57.1
25255,1969-02-25 00:00:00,-0.0925087967443758,-0.2982752297562289,0.1132576362674772,12.217,57.1
25256,1969-02-26 00:00:00,-0.0956630089398734,-0.3014328962266762,0.1101068783469292,12.217,57.1
25257,1969-02-27 00:00:00,-0.0947104339739411,-0.3004576033247612,0.1110367353768789,12.217,57.1
25258,1969-02-28 00:00:00,-0.1158993880687975,-0.3215234697412577,0.0897246936036625,12.217,57.1
25259,1969-03-01 00:00:00,-0.1467703146197735,-0.3523001883372806,0.0587595590977334,12.217,57.1
25260,1969-03-02 00:00:00,-0.090442857296586,-0.2959791156233794,0.1150934010302073,12.217,57.1
25261,1969-03-03 00:00:00,-0.0390454944853848,-0.2445499797525985,0.1664589907818288,12.217,57.1
25262,1969-03-04 00:00:00,-0.0063259099292528,-0.2119592689958854,0.1993074491373798,12.217,57.1
25263,1969-03-05 00:00:00,-0.0450876466904444,-0.250651335656371,0.1604760422754821,12.217,57.1
25264,1969-03-06 00:00:00,0.0595230021806419,-0.146070899538084,0.2651169038993679,12.217,57.1
25265,1969-03-07 00:00:00,0.202026663474818,-0.003892920168689,0.407946247118325,12.217,57.1
25266,1969-03-08 00:00:00,0.0748093269776604,-0.1312340161927406,0.2808526701480615,12.217,57.1
25267,1969-03-09 00:00:00,0.3297482495194985,0.1224407823459713,0.5370557166930258,12.217,57.1
25268,1969-03-10 00:00:00,0.1465261644716888,-0.0632513778872387,0.3563037068306165,12.217,57.1
25269,1969-03-11 00:00:00,0.0871800545361635,-0.1185064696721573,0.2928665787444845,12.217,57.1
25270,1969-03-12 00:00:00,0.0827254076699351,-0.1228803246218095,0.2883311399616797,12.217,57.1
25271,1969-03-13 00:00:00,0.0157675654853525,-0.1898601478184663,0.2213952787891714,12.217,57.1
25272,1969-03-14 00:00:00,-0.1617636830661105,-0.3700862307080687,0.0465588645758476,12.217,57.1
25273,1969-03-15 00:00:00,-0.1520587285338588,-0.3615544227463637,0.0574369656786459,12.217,57.1
25274,1969-03-16 00:00:00,-0.2518494380827888,-0.4613547912704235,-0.0423440848951542,12.217,57.1
25275,1969-03-17 00:00:00,-0.2764964617328663,-0.4867353058900364,-0.0662576175756961,12.217,57.1
25276,1969-03-18 00:00:00,-0.1977143496382777,-0.4068736720622865,0.011444972785731,12.217,57.1
25277,1969-03-19 00:00:00,-0.1106593457916128,-0.3175865667513514,0.0962678751681257,12.217,57.1
25278,1969-03-20 00:00:00,-0.1232743854277492,-0.3292618791003607,0.0827131082448622,12.217,57.1
25279,1969-03-21 00:00:00,-0.1135041118578818,-0.3193371023787541,0.0923288786629904,12.217,57.1
25280,1969-03-22 00:00:00,-0.1088208804838636,-0.3143866827482863,0.0967449217805591,12.217,57.1
25281,1969-03-23 00:00:00,-0.0891568616370831,-0.2947489979940126,0.1164352747198464,12.217,57.1
25282,1969-03-24 00:00:00,-0.0417587586884883,-0.2473851776458333,0.1638676602688566,12.217,57.1
25283,1969-03-25 00:00:00,-0.0298413904497947,-0.2353912628848801,0.1757084819852905,12.217,57.1
25284,1969-03-26 00:00:00,-0.0863620433380711,-0.2919129711196648,0.1191888844435224,12.217,57.1
25285,1969-03-27 00:00:00,-0.102545720813147,-0.3081193812610975,0.1030279396348033,12.217,57.1
25286,1969-03-28 00:00:00,-0.0631587756822662,-0.2687575166100575,0.142439965245525,12.217,57.1
25287,1969-03-29 00:00:00,0.010894673467041,-0.1946402688926823,0.2164296158267644,12.217,57.1
25288,1969-03-30 00:00:00,0.1427706694248212,-0.0629317453136288,0.3484730841632712,12.217,57.1
25289,1969-03-31 00:00:00,0.2808519935850662,0.0745372574632887,0.4871667297068437,12.217,57.1
25290,1969-04-01 00:00:00,0.2879699055903215,0.0818329047076479,0.494106906472995,12.217,57.1
25291,1969-04-02 00:00:00,0.1756546652984464,-0.0314888605899565,0.3827981911868494,12.217,57.1
25292,1969-04-03 00:00:00,0.0171723228661533,-0.1888323365579365,0.2231769822902432,12.217,57.1
25293,1969-04-04 00:00:00,-0.0180910644109798,-0.2238788939287304,0.1876967651067707,12.217,57.1
25294,1969-04-05 00:00:00,-0.059484736561386,-0.2650616965702281,0.1460922234474561,12.217,57.1
25295,1969-04-06 00:00:00,-0.0226215397213213,-0.2282263413994802,0.1829832619568374,12.217,57.1
25296,1969-04-07 00:00:00,-0.065127588534383,-0.2706453997517348,0.1403902226829687,12.217,57.1
25297,1969-04-08 00:00:00,-0.0232081202601972,-0.2289198940416746,0.18250365352128,12.217,57.1
25298,1969-04-09 00:00:00,-0.0111492873727245,-0.216927830821578,0.1946292560761288,12.217,57.1
25299,1969-04-10 00:00:00,0.0397120473182425,-0.1658301890823242,0.2452542837188092,12.217,57.1
25300,1969-04-11 00:00:00,0.2758430068412777,0.0699024041715652,0.4817836095109903,12.217,57.1
25301,1969-04-12 00:00:00,0.152172969154205,-0.0544448296967192,0.3587907680051293,12.217,57.1
25302,1969-04-13 00:00:00,0.2791235102887061,0.0724400442049845,0.4858069763724276,12.217,57.1
25303,1969-04-14 00:00:00,0.3112443420173236,0.1047692477244764,0.5177194363101708,12.217,57.1
25304,1969-04-15 00:00:00,0.1818711854650011,-0.0240826240885898,0.3878249950185921,12.217,57.1
25305,1969-04-16 00:00:00,0.1491838133166398,-0.0568968811718605,0.3552645078051402,12.217,57.1
25306,1969-04-17 00:00:00,0.094803165117084,-0.1109214549442135,0.3005277851783817,12.217,57.1
25307,1969-04-18 00:00:00,0.0823689491321784,-0.1239668211245579,0.2887047193889148,12.217,57.1
25308,1969-04-19 00:00:00,0.1223043428374385,-0.0845368180883131,0.3291455037631902,12.217,57.1
25309,1969-04-20 00:00:00,-0.0200035115298533,-0.2286752279883749,0.1886682049286683,12.217,57.1
25310,1969-04-21 00:00:00,0.0646586817415271,-0.1433365599008016,0.2726539233838559,12.217,57.1
25311,1969-04-22 00:00:00,0.0204389686850277,-0.1856644742087653,0.2265424115788208,12.217,57.1
25312,1969-04-23 00:00:00,0.1058421776543341,-0.1005542106048428,0.3122385659135112,12.217,57.1
25313,1969-04-24 00:00:00,-0.0182287444702565,-0.224773823690449,0.1883163347499359,12.217,57.1
25314,1969-04-25 00:00:00,0.048915398415702,-0.1569929046402404,0.2548237014716445,12.217,57.1
25315,1969-04-26 00:00:00,0.0874063349447737,-0.1186211527425317,0.2934338226320792,12.217,57.1
25316,1969-04-27 00:00:00,0.0773670954977304,-0.1284215921545685,0.2831557831500294,12.217,57.1
25317,1969-04-28 00:00:00,0.0686255913445322,-0.1381639388635768,0.2754151215526412,12.217,57.1
25318,1969-04-29 00:00:00,0.0934683936955656,-0.112166984770891,0.2991037721620223,12.217,57.1
25319,1969-04-30 00:00:00,0.0888183066502298,-0.1166977626744619,0.2943343759749217,12.217,57.1
25320,1969-05-01 00:00:00,0.0339047184746917,-0.1715893477314732,0.2393987846808567,12.217,57.1
25321,1969-05-02 00:00:00,-0.0906327744803427,-0.2967997458729745,0.1155341969122891,12.217,57.1
25322,1969-05-03 00:00:00,-0.0239292440055252,-0.230254352441831,0.1823958644307804,12.217,57.1
25323,1969-05-04 00:00:00,-0.0193747857493829,-0.2261346033075216,0.1873850318087557,12.217,57.1
25324,1969-05-05 00:00:00,-0.0476666387645689,-0.2540549452598087,0.1587216677306709,12.217,57.1
25325,1969-05-06 00:00:00,-0.0513864022089984,-0.2573332730763051,0.1545604686583082,12.217,57.1
25326,1969-05-07 00:00:00,0.0091281498467597,-0.196490646794853,0.2147469464883725,12.217,57.1
25327,1969-05-08 00:00:00,0.0872275783269381,-0.1184652935587965,0.2929204502126729,12.217,57.1
25328,1969-05-09 00:00:00,0.074934737773054,-0.130711646934916,0.280581122481024,12.217,57.1
25329,1969-05-10 00:00:00,0.0973549023332803,-0.1081663501658504,0.3028761548324111,12.217,57.1
25330,1969-05-11 00:00:00,0.0754532118024025,-0.1300996029705851,0.2810060265753901,12.217,57.1
25331,1969-05-12 00:00:00,0.1021807293087357,-0.1034290548360437,0.3077905134535151,12.217,57.1
25332,1969-05-13 00:00:00,0.0730171902206161,-0.1328040735542394,0.2788384539954718,12.217,57.1
25333,1969-05-14 00:00:00,0.1003102263462026,-0.1052400220673923,0.3058604747597976,12.217,57.1
25334,1969-05-15 00:00:00,0.0987865734557518,-0.1069424292863803,0.304515576197884,12.217,57.1
25335,1969-05-16 00:00:00,0.2388607345896329,0.0317983562875001,0.4459231128917656,12.217,57.1
25336,1969-05-17 00:00:00,0.2396194592398556,0.0330695935139465,0.4461693249657646,12.217,57.1
25337,1969-05-18 00:00:00,0.1302718569745653,-0.0770479765800672,0.3375916905291979,12.217,57.1
25338,1969-05-19 00:00:00,0.1029853095578243,-0.1027717558480195,0.3087423749636682,12.217,57.1
25339,1969-05-20 00:00:00,0.047224452765306,-0.1586419027741948,0.2530908083048069,12.217,57.1
25340,1969-05-21 00:00:00,0.0099996843267508,-0.1960664448273369,0.2160658134808385,12.217,57.1
25341,1969-05-22 00:00:00,0.0662871452578129,-0.1393631859935818,0.2719374765092076,12.217,57.1
25342,1969-05-23 00:00:00,-0.0283740474233617,-0.2338477704935267,0.1770996756468033,12.217,57.1
25343,1969-05-24 00:00:00,-0.0197988065795637,-0.2252755189903179,0.1856779058311905,12.217,57.1
25344,1969-05-25 00:00:00,0.0162092158795008,-0.1893383192050015,0.2217567509640033,12.217,57.1
25345,1969-05-26 00:00:00,-0.0278406554575673,-0.2336581628828294,0.1779768519676946,12.217,57.1
25346,1969-05-27 00:00:00,0.057041253180693,-0.1487473898830466,0.2628298962444327,12.217,57.1
25347,1969-05-28 00:00:00,0.0141253419369834,-0.1915236847435416,0.2197743686175086,12.217,57.1
25348,1969-05-29 00:00:00,0.0828613024525885,-0.1227579299041748,0.288480534809352,12.217,57.1
25349,1969-05-30 00:00:00,0.0449875360256626,-0.1609619901376884,0.2509370621890137,12.217,57.1
25350,1969-05-31 00:00:00,0.0201014901251999,-0.1856203729582806,0.2258233532086805,12.217,57.1
25351,1969-06-01 00:00:00,0.0326165652808106,-0.1729368013185132,0.2381699318801345,12.217,57.1
25352,1969-06-02 00:00:00,0.1386488401613314,-0.0669588738939472,0.3442565542166101,12.217,57.1
25353,1969-06-03 00:00:00,0.0967210806646691,-0.1089705698501998,0.302412731179538,12.217,57.1
25354,1969-06-04 00:00:00,0.0446075383729696,-0.161256979739185,0.2504720564851243,12.217,57.1
25355,1969-06-05 00:00:00,-0.0338140287576855,-0.2401542989644022,0.1725262414490311,12.217,57.1
25356,1969-06-06 00:00:00,-0.0462922016616233,-0.2518897390114422,0.1593053356881955,12.217,57.1
25357,1969-06-07 00:00:00,-0.0175323644329393,-0.2230396310632309,0.1879749021973523,12.217,57.1
25358,1969-06-08 00:00:00,-0.0148634399556395,-0.2203948573912403,0.1906679774799612,12.217,57.1
25359,1969-06-09 00:00:00,-0.0286663680317968,-0.2342456844485364,0.1769129483849427,12.217,57.1
25360,1969-06-10 00:00:00,-0.022501213343229,-0.2280987623446438,0.1830963356581857,12.217,57.1
25361,1969-06-11 00:00:00,-0.0299571006542463,-0.2354811953150803,0.1755669940065876,12.217,57.1
25362,1969-06-12 00:00:00,0.0265832505730044,-0.1788937806824861,0.2320602818284951,12.217,57.1
25363,1969-06-13 00:00:00,0.0686418448893468,-0.1368470618145258,0.2741307515932194,12.217,57.1
25364,1969-06-14 00:00:00,0.0883547165744778,-0.1171552098167535,0.2938646429657093,12.217,57.1
25365,1969-06-15 00:00:00,0.041415636990898,-0.1640932332635822,0.2469245072453782,12.217,57.1
25366,1969-06-16 00:00:00,0.0226933403609839,-0.1828721981029894,0.2282588788249571,12.217,57.1
25367,1969-06-17 00:00:00,0.0520993720882942,-0.1534166565188344,0.257615400695423,12.217,57.1
25368,1969-06-18 00:00:00,0.0355982968493759,-0.1699675589328132,0.2411641526315651,12.217,57.1
25369,1969-06-19 00:00:00,0.0875637052414268,-0.1180140659300238,0.2931414764128774,12.217,57.1
25370,1969-06-20 00:00:00,0.1423934053937564,-0.06341679884522,0.348203609632733,12.217,57.1
25371,1969-06-21 00:00:00,0.0406254506518262,-0.1651833219596689,0.2464342232633214,12.217,57.1
25372,1969-06-22 00:00:00,0.0229081785679002,-0.1827648988220648,0.2285812559578652,12.217,57.1
25373,1969-06-23 00:00:00,-0.0211503605948431,-0.2266704505197042,0.1843697293300178,12.217,57.1
25374,1969-06-24 00:00:00,0.0065790348017123,-0.1989039089161357,0.2120619785195605,12.217,57.1
25375,1969-06-25 00:00:00,0.0125221277624366,-0.1933374164228996,0.2183816719477729,12.217,57.1
25376,1969-06-26 00:00:00,0.0520966668219659,-0.1536843010369396,0.2578776346808715,12.217,57.1
25377,1969-06-27 00:00:00,0.0109995756921967,-0.1947093523586524,0.2167085037430458,12.217,57.1
25378,1969-06-28 00:00:00,0.0484077016121625,-0.1571372740073007,0.2539526772316257,12.217,57.1
25379,1969-06-29 00:00:00,0.0886676543213439,-0.1169362432653627,0.2942715519080506,12.217,57.1
25380,1969-06-30 00:00:00,0.0784818602341197,-0.1270461772529692,0.2840098977212086,12.217,57.1
25381,1969-07-01 00:00:00,0.0999051354138644,-0.1055401113870982,0.3053503822148271,12.217,57.1
25382,1969-07-02 00:00:00,0.1524842668475896,-0.0530231819180492,0.3579917156132285,12.217,57.1
25383,1969-07-03 00:00:00,0.1674498881158631,-0.0384107516716844,0.3733105279034107,12.217,57.1
25384,1969-07-04 00:00:00,0.1252642093547145,-0.0807264847028342,0.3312549034122631,12.217,57.1
25385,1969-07-05 00:00:00,0.1322604631014476,-0.0740381409155945,0.3385590671184898,12.217,57.1
25386,1969-07-06 00:00:00,0.1791451866093712,-0.0276261106685782,0.3859164838873207,12.217,57.1
25387,1969-07-07 00:00:00,0.0602641510365701,-0.1460796460846301,0.2666079481577704,12.217,57.1
25388,1969-07-08 00:00:00,0.2375403469919768,0.0303488031827302,0.4447318908012234,12.217,57.1
25389,1969-07-09 00:00:00,0.1063733386245939,-0.1014572908564867,0.3142039681056746,12.217,57.1
25390,1969-07-10 00:00:00,0.0755576683520139,-0.1303203102672286,0.2814356469712565,12.217,57.1
25391,1969-07-11 00:00:00,0.0503828599616193,-0.1550910957583609,0.2558568156815995,12.217,57.1
25392,1969-07-12 00:00:00,0.0557153253610113,-0.1499178239765346,0.2613484746985573,12.217,57.1
25393,1969-07-13 00:00:00,0.0179539955424541,-0.1876854024973198,0.2235933935822281,12.217,57.1
25394,1969-07-14 00:00:00,0.0643900486183195,-0.1416097579942014,0.2703898552308404,12.217,57.1
25395,1969-07-15 00:00:00,0.0158321767916295,-0.1898075412530632,0.2214718948363222,12.217,57.1
25396,1969-07-16 00:00:00,0.0148352053897608,-0.1906861675881298,0.2203565783676516,12.217,57.1
25397,1969-07-17 00:00:00,0.0791592221650314,-0.1264086138772092,0.2847270582072721,12.217,57.1
25398,1969-07-18 00:00:00,0.1271584611430187,-0.0787758899188265,0.333092812204864,12.217,57.1
25399,1969-07-19 00:00:00,0.045336676464982,-0.1608762381809017,0.2515495911108659,12.217,57.1
25400,1969-07-20 00:00:00,0.1104733539215568,-0.0955251717936363,0.3164718796367499,12.217,57.1
25401,1969-07-21 00:00:00,0.0948341294121674,-0.1109972193735918,0.3006654781979266,12.217,57.1
25402,1969-07-22 00:00:00,0.1060969538789011,-0.0993473691665164,0.3115412769243186,12.217,57.1
25403,1969-07-23 00:00:00,0.1028696089162649,-0.1026698094208689,0.3084090272533989,12.217,57.1
25404,1969-07-24 00:00:00,0.0289042252700831,-0.1767135016592075,0.2345219521993737,12.217,57.1
25405,1969-07-25 00:00:00,0.0233373119402056,-0.1824416607492969,0.2291162846297082,12.217,57.1
25406,1969-07-26 00:00:00,-0.021967212118013,-0.2278318384461331,0.1838974142101071,12.217,57.1
25407,1969-07-27 00:00:00,-0.0052455076839622,-0.2108891832782935,0.200398167910369,12.217,57.1
25408,1969-07-28 00:00:00,0.0103548220682397,-0.1952015927683231,0.2159112369048025,12.217,57.1
25409,1969-07-29 00:00:00,0.0086783977017843,-0.196967150411664,0.2143239458152326,12.217,57.1
25410,1969-07-30 00:00:00,0.0677183587038202,-0.1383765710517026,0.2738132884593431,12.217,57.1
25411,1969-07-31 00:00:00,0.0252440149567153,-0.1804765157586408,0.2309645456720716,12.217,57.1
25412,1969-08-01 00:00:00,-0.0117077633253298,-0.2172043682765622,0.1937888416259026,12.217,57.1
25413,1969-08-02 00:00:00,-0.0139664263459483,-0.2195138842376913,0.1915810315457946,12.217,57.1
25414,1969-08-03 00:00:00,-0.007130931046925,-0.2128001548477648,0.1985382927539148,12.217,57.1
25415,1969-08-04 00:00:00,-0.0462359774642296,-0.2521496099820876,0.1596776550536283,12.217,57.1
25416,1969-08-05 00:00:00,-0.0165642641028055,-0.2222670413570542,0.1891385131514431,12.217,57.1
25417,1969-08-06 00:00:00,-0.006186291602991,-0.211676932571765,0.199304349365783,12.217,57.1
25418,1969-08-07 00:00:00,-0.0250046668876801,-0.2304693608076234,0.1804600270322631,12.217,57.1
25419,1969-08-08 00:00:00,-0.0497013119733389,-0.2551435203431951,0.1557408963965173,12.217,57.1
25420,1969-08-09 00:00:00,-0.0333095881799593,-0.2389098627023954,0.1722906863424768,12.217,57.1
25421,1969-08-10 00:00:00,-0.0415226159703692,-0.247096496734874,0.1640512647941355,12.217,57.1
25422,1969-08-11 00:00:00,-0.0090752504095938,-0.2146002642477231,0.1964497634285353,12.217,57.1
25423,1969-08-12 00:00:00,-0.0192539544193002,-0.2248004694877903,0.1862925606491897,12.217,57.1
25424,1969-08-13 00:00:00,0.0017699743130223,-0.2037534661397768,0.2072934147658215,12.217,57.1
25425,1969-08-14 00:00:00,0.0042045933740919,-0.201238768797701,0.209647955545885,12.217,57.1
25426,1969-08-15 00:00:00,-0.0100682988046244,-0.2156702285159816,0.1955336309067327,12.217,57.1
25427,1969-08-16 00:00:00,0.0432071215184183,-0.1626408484540541,0.2490550914908908,12.217,57.1
25428,1969-08-17 00:00:00,-0.0083693138202824,-0.2140049504978341,0.1972663228572693,12.217,57.1
25429,1969-08-18 00:00:00,-0.0133292553514548,-0.2188668358343859,0.1922083251314762,12.217,57.1
25430,1969-08-19 00:00:00,0.0107790386590478,-0.1947096735284783,0.216267750846574,12.217,57.1
25431,1969-08-20 00:00:00,0.0764463728847035,-0.1290367370582429,0.2819294828276501,12.217,57.1
25432,1969-08-21 00:00:00,0.1236964183786211,-0.081809103836928,0.3292019405941703,12.217,57.1
25433,1969-08-22 00:00:00,0.1627321518886942,-0.0430441270703774,0.3685084308477658,12.217,57.1
25434,1969-08-23 00:00:00,0.3104656045126722,0.104431116423843,0.5165000926015014,12.217,57.1
25435,1969-08-24 00:00:00,0.1810460057313593,-0.0249406537179504,0.3870326651806691,12.217,57.1
25436,1969-08-25 00:00:00,0.0745997343403701,-0.1310684455505142,0.2802679142312544,12.217,57.1
25437,1969-08-26 00:00:00,0.1275529451499267,-0.0779770611001199,0.3330829513999734,12.217,57.1
25438,1969-08-27 00:00:00,0.0567843198759304,-0.1489815997043006,0.2625502394561616,12.217,57.1
25439,1969-08-28 00:00:00,0.2515475494139409,0.0429045151258534,0.4601905837020283,12.217,57.1
25440,1969-08-29 00:00:00,0.1417935387516914,-0.0649090463149026,0.3484961238182856,12.217,57.1
25441,1969-08-30 00:00:00,0.0030182262136806,-0.2048144997882437,0.210850952215605,12.217,57.1
25442,1969-08-31 00:00:00,-0.0105308144946999,-0.2193493075887991,0.1982876785993991,12.217,57.1
25443,1969-09-01 00:00:00,0.053903205262813,-0.1519167110346014,0.2597231215602275,12.217,57.1
25444,1969-09-02 00:00:00,0.0623158574533757,-0.1433758924858352,0.2680076073925867,12.217,57.1
25445,1969-09-03 00:00:00,0.0400910046428531,-0.1655853564723223,0.2457673657580286,12.217,57.1
25446,1969-09-04 00:00:00,0.0689626744107292,-0.1367956838314279,0.2747210326528865,12.217,57.1
25447,1969-09-05 00:00:00,0.0364828936586759,-0.1690327860177037,0.2419985733350556,12.217,57.1
25448,1969-09-06 00:00:00,0.0494410947947669,-0.1561119592938094,0.2549941488833433,12.217,57.1
25449,1969-09-07 00:00:00,-0.01324058099878,-0.2188616787366953,0.1923805167391352,12.217,57.1
25450,1969-09-08 00:00:00,0.0114317565018075,-0.194453231595901,0.2173167445995162,12.217,57.1
25451,1969-09-09 00:00:00,0.0334899551699188,-0.1720942968379383,0.239074207177776,12.217,57.1
25452,1969-09-10 00:00:00,0.0639687572996695,-0.1415958910007455,0.2695334056000846,12.217,57.1
25453,1969-09-11 00:00:00,0.0907239823792015,-0.1150678215986958,0.2965157863570988,12.217,57.1
25454,1969-09-12 00:00:00,0.1047757121346349,-0.1008041590248332,0.3103555832941031,12.217,57.1
25455,1969-09-13 00:00:00,0.1207166428124683,-0.0851533795686269,0.3265866651935636,12.217,57.1
25456,1969-09-14 00:00:00,0.1012159522583591,-0.1048042317678566,0.3072361362845749,12.217,57.1
25457,1969-09-15 00:00:00,0.0021666882725612,-0.2035616795658362,0.2078950561109587,12.217,57.1
25458,1969-09-16 00:00:00,-0.020988381730019,-0.2264318939125729,0.1844551304525347,12.217,57.1
25459,1969-09-17 00:00:00,-0.0578838993655734,-0.2634010141554659,0.147633215424319,12.217,57.1
25460,1969-09-18 00:00:00,-0.0672092244948976,-0.2729251926006419,0.1385067436108467,12.217,57.1
25461,1969-09-19 00:00:00,-0.0457684671756096,-0.2517153172047633,0.160178382853544,12.217,57.1
25462,1969-09-20 00:00:00,0.0520356244649032,-0.1539348286573088,0.2580060775871153,12.217,57.1
25463,1969-09-21 00:00:00,0.1336477514376776,-0.072219575274794,0.3395150781501492,12.217,57.1
25464,1969-09-22 00:00:00,0.2620835234803093,0.0556395392868541,0.4685275076737644,12.217,57.1
25465,1969-09-23 00:00:00,0.636804162501758,0.4197128429712265,0.8538954820322895,12.217,57.1
25466,1969-09-24 00:00:00,0.0980071957284756,-0.1102650611265026,0.3062794525834539,12.217,57.1
25467,1969-09-25 00:00:00,0.086959361133357,-0.1188559656580917,0.2927746879248059,12.217,57.1
25468,1969-09-26 00:00:00,0.1421233685620447,-0.063873863727912,0.3481206008520014,12.217,57.1
25469,1969-09-27 00:00:00,0.2211424102927315,0.0147319930856898,0.4275528274997733,12.217,57.1
25470,1969-09-28 00:00:00,0.2925639163126571,0.0858977907573323,0.4992300418679819,12.217,57.1
25471,1969-09-29 00:00:00,0.1400577155977644,-0.0724413689811288,0.3525568001766577,12.217,57.1
25472,1969-09-30 00:00:00,0.5656021217965241,0.3463645315365165,0.7848397120565318,12.217,57.1
25473,1969-10-01 00:00:00,0.2097229772754004,0.000121432373624,0.4193245221771769,12.217,57.1
25474,1969-10-02 00:00:00,0.50218608733099,0.2924995624162977,0.7118726122456823,12.217,57.1
25475,1969-10-03 00:00:00,0.1046680581977688,-0.1031117750051347,0.3124478914006725,12.217,57.1
25476,1969-10-04 00:00:00,0.1087113104255536,-0.0968820340348549,0.3143046548859622,12.217,57.1
25477,1969-10-05 00:00:00,0.0869371017657816,-0.1186686725155763,0.2925428760471396,12.217,57.1
25478,1969-10-06 00:00:00,-0.0119064590190185,-0.2175321453375301,0.193719227299493,12.217,57.1
25479,1969-10-07 00:00:00,0.0577958901890434,-0.1477949524481028,0.2633867328261898,12.217,57.1
25480,1969-10-08 00:00:00,0.1068471896751082,-0.0988975843607429,0.3125919637109594,12.217,57.1
25481,1969-10-09 00:00:00,0.1575122111503436,-0.0483031032599147,0.3633275255606021,12.217,57.1
25482,1969-10-10 00:00:00,0.132484802022656,-0.0737753347489994,0.3387449387943114,12.217,57.1
25483,1969-10-11 00:00:00,0.0049070633838484,-0.201040591454761,0.2108547182224579,12.217,57.1
25484,1969-10-12 00:00:00,-0.0224692142507274,-0.2280172619852838,0.1830788334838288,12.217,57.1
25485,1969-10-13 00:00:00,0.0431835265678628,-0.162251935122003,0.2486189882577287,12.217,57.1
25486,1969-10-14 00:00:00,0.0834039110387205,-0.1220657095761088,0.28887353165355,12.217,57.1
25487,1969-10-15 00:00:00,0.0753716368787681,-0.1300389077766178,0.280782181534154,12.217,57.1
25488,1969-10-16 00:00:00,0.0601614038046738,-0.1454513637399608,0.2657741713493084,12.217,57.1
25489,1969-10-17 00:00:00,0.1129298948839185,-0.0927953342546751,0.3186551240225121,12.217,57.1
25490,1969-10-18 00:00:00,0.0166596576055842,-0.1889967841524855,0.222316099363654,12.217,57.1
25491,1969-10-19 00:00:00,0.0140576375872268,-0.191410644749343,0.2195259199237967,12.217,57.1
25492,1969-10-20 00:00:00,0.0574104368432266,-0.1480344962900158,0.2628553699764692,12.217,57.1
25493,1969-10-21 00:00:00,0.022820306525057,-0.1826879812543959,0.22832859430451,12.217,57.1
25494,1969-10-22 00:00:00,-0.002532547136533,-0.2079860864426768,0.2029209921696106,12.217,57.1
25495,1969-10-23 00:00:00,-0.007885824888872,-0.2135450329236226,0.1977733831458784,12.217,57.1
25496,1969-10-24 00:00:00,0.0970660915657828,-0.1088610812522211,0.3029932643837868,12.217,57.1
25497,1969-10-25 00:00:00,0.1106986782083428,-0.0954103030349831,0.3168076594516689,12.217,57.1
25498,1969-10-26 00:00:00,0.2907578225290286,0.0828574860828239,0.4986581589752332,12.217,57.1
25499,1969-10-27 00:00:00,0.3473898831265489,0.1385019030256132,0.5562778632274846,12.217,57.1
25500,1969-10-28 00:00:00,0.2637774940400186,0.0546232139238863,0.4729317741561509,12.217,57.1
25501,1969-10-29 00:00:00,0.2396809650041704,0.0326324224884243,0.4467295075199164,12.217,57.1
25502,1969-10-30 00:00:00,0.5017567298700298,0.2939314927211715,0.7095819670188882,12.217,57.1
25503,1969-10-31 00:00:00,0.2173676431161261,0.009545260378205,0.4251900258540472,12.217,57.1
25504,1969-11-01 00:00:00,0.3592109341218145,0.1517350903828501,0.5666867778607789,12.217,57.1
25505,1969-11-02 00:00:00,0.6183207262085852,0.4039197506364146,0.8327217017807559,12.217,57.1
25506,1969-11-03 00:00:00,0.1685598612280114,-0.0437737491279695,0.3808934715839923,12.217,57.1
25507,1969-11-04 00:00:00,0.3218854271521313,0.1110573390993438,0.5327135152049187,12.217,57.1
25508,1969-11-05 00:00:00,0.1567489556328347,-0.0499255545476245,0.3634234658132941,12.217,57.1
25509,1969-11-06 00:00:00,0.0363395804559183,-0.1699249471320595,0.2426041080438963,12.217,57.1
25510,1969-11-07 00:00:00,0.1932377313036144,-0.0136928708026229,0.4001683334098518,12.217,57.1
25511,1969-11-08 00:00:00,0.300721693802503,0.0930348088895757,0.5084085787154303,12.217,57.1
25512,1969-11-09 00:00:00,0.4903819937460943,0.2830064233780772,0.6977575641141115,12.217,57.1
25513,1969-11-10 00:00:00,0.383663597956212,0.1751311393820771,0.5921960565303469,12.217,57.1
25514,1969-11-11 00:00:00,0.685471547527734,0.4737111478800484,0.8972319471754195,12.217,57.1
25515,1969-11-12 00:00:00,0.2351446519829009,0.0267007687346071,0.4435885352311947,12.217,57.1
25516,1969-11-13 00:00:00,0.4088510003648756,0.2002053246706011,0.61749667605915,12.217,57.1
25517,1969-11-14 00:00:00,0.310734981836013,0.1036756358122778,0.5177943278597482,12.217,57.1
25518,1969-11-15 00:00:00,0.168330447366348,-0.0376005688500241,0.3742614635827203,12.217,57.1
25519,1969-11-16 00:00:00,0.2749224064097924,0.0687420967775366,0.4811027160420482,12.217,57.1
25520,1969-11-17 00:00:00,0.1764600760506035,-0.0312176531192535,0.3841378052204605,12.217,57.1
25521,1969-11-18 00:00:00,0.2632290809846325,0.0561394169176814,0.4703187450515836,12.217,57.1
25522,1969-11-19 00:00:00,0.3324193048432123,0.1246652936089691,0.5401733160774554,12.217,57.1
25523,1969-11-20 00:00:00,0.6185779301828047,0.4113048716561548,0.8258509887094545,12.217,57.1
25524,1969-11-21 00:00:00,0.5389864860636034,0.331793885597603,0.7461790865296039,12.217,57.1
25525,1969-11-22 00:00:00,0.156423774017159,-0.0498742987956593,0.3627218468299774,12.217,57.1
25526,1969-11-23 00:00:00,0.0679268495598727,-0.1378533575323812,0.2737070566521266,12.217,57.1
25527,1969-11-24 00:00:00,0.0683711055578626,-0.1375515715998566,0.2742937827155819,12.217,57.1
25528,1969-11-25 00:00:00,0.1713578585420119,-0.0349448609515979,0.3776605780356217,12.217,57.1
25529,1969-11-26 00:00:00,0.0001529720454506,-0.2060453778337197,0.206351321924621,12.217,57.1
25530,1969-11-27 00:00:00,0.045210529824869,-0.1610161067551608,0.251437166404899,12.217,57.1
25531,1969-11-28 00:00:00,0.2890810789587436,0.0822844411644488,0.4958777167530383,12.217,57.1
25532,1969-11-29 00:00:00,0.1778717670514178,-0.0285337717724475,0.3842773058752833,12.217,57.1
25533,1969-11-30 00:00:00,-0.0243123862911365,-0.2311476967235569,0.1825229241412839,12.217,57.1
25534,1969-12-01 00:00:00,-0.0555183240417051,-0.2615710752351382,0.1505344271517279,12.217,57.1
25535,1969-12-02 00:00:00,0.1376730665514176,-0.0688982750692942,0.3442444081721294,12.217,57.1
25536,1969-12-03 00:00:00,0.2523287957866657,0.0456544575798065,0.4590031339935249,12.217,57.1
25537,1969-12-04 00:00:00,0.0871304726167765,-0.1189384517510526,0.2931993969846056,12.217,57.1
25538,1969-12-05 00:00:00,-0.0178680711290639,-0.2238483827824536,0.1881122405243258,12.217,57.1
25539,1969-12-06 00:00:00,-0.0022138152446294,-0.2077356798964074,0.2033080494071486,12.217,57.1
25540,1969-12-07 00:00:00,-0.0468131884552812,-0.2523555113950023,0.1587291344844397,12.217,57.1
25541,1969-12-08 00:00:00,0.1574099575285579,-0.0486706553326248,0.3634905703897407,12.217,57.1
25542,1969-12-09 00:00:00,-0.0401920410092062,-0.2476267956372465,0.1672427136188339,12.217,57.1
25543,1969-12-10 00:00:00,0.0304885280630001,-0.1753638849862899,0.2363409411122903,12.217,57.1
25544,1969-12-11 00:00:00,0.064590032503835,-0.1412590951489026,0.2704391601565726,12.217,57.1
25545,1969-12-12 00:00:00,0.0774733474244374,-0.1286082357347257,0.2835549305836006,12.217,57.1
25546,1969-12-13 00:00:00,-0.0065958320167171,-0.2121556275934248,0.1989639635599904,12.217,57.1
25547,1969-12-14 00:00:00,0.0159307103884141,-0.1895731720085889,0.2214345927854173,12.217,57.1
25548,1969-12-15 00:00:00,0.1348524964562131,-0.0709823492432838,0.34068734215571,12.217,57.1
25549,1969-12-16 00:00:00,0.006765614410932,-0.1996563465658199,0.2131875753876841,12.217,57.1
25550,1969-12-17 00:00:00,-0.0475274447083314,-0.2537879912166404,0.1587331017999774,12.217,57.1
25551,1969-12-18 00:00:00,-0.0747153265047293,-0.2807407523054938,0.1313100992960351,12.217,57.1
25552,1969-12-19 00:00:00,-0.1520212461454141,-0.3581557730753154,0.0541132807844871,12.217,57.1
25553,1969-12-20 00:00:00,-0.091819689297599,-0.2975344138563046,0.1138950352611065,12.217,57.1
25554,1969-12-21 00:00:00,-0.0575554506951141,-0.2630641380784439,0.1479532366882155,12.217,57.1
25555,1969-12-22 00:00:00,0.0763907415948291,-0.1298864954692913,0.2826679786589495,12.217,57.1
25556,1969-12-23 00:00:00,0.1470411857297433,-0.0597161729238597,0.3537985443833463,12.217,57.1
25557,1969-12-24 00:00:00,0.0810031298996133,-0.1249751820938464,0.2869814418930732,12.217,57.1
25558,1969-12-25 00:00:00,0.0177457478217552,-0.1877634143417197,0.2232549099852302,12.217,57.1
25559,1969-12-26 00:00:00,-0.0033309462617402,-0.2087499662856974,0.2020880737622168,12.217,57.1
25560,1969-12-27 00:00:00,-0.0110774819094717,-0.2166563700012381,0.1945014061822946,12.217,57.1
25561,1969-12-28 00:00:00,0.0241458777476888,-0.1814114270737506,0.2297031825691282,12.217,57.1
25562,1969-12-29 00:00:00,-0.0140005385101511,-0.2195732320608855,0.1915721550405832,12.217,57.1
25563,1969-12-30 00:00:00,-0.0655426375793922,-0.2712520084835921,0.1401667333248076,12.217,57.1
25564,1969-12-31 00:00:00,-0.1023224052899876,-0.3080894642750004,0.103444653695025,12.217,57.1
25565,1970-01-01 00:00:00,0.0655048790804226,-0.1405777552570027,0.2715875134178479,12.217,57.1
25566,1970-01-02 00:00:00,0.2793109056754868,0.0729843860915434,0.4856374252594302,12.217,57.1
25567,1970-01-03 00:00:00,0.2806253989199956,0.0737331009622898,0.4875176968777013,12.217,57.1
25568,1970-01-04 00:00:00,0.2718894873130867,0.0655520444107157,0.4782269302154577,12.217,57.1
25569,1970-01-05 00:00:00,0.1623876578546479,-0.043968385775056,0.368743701484352,12.217,57.1
25570,1970-01-06 00:00:00,0.1004712556401462,-0.105410116048375,0.3063526273286675,12.217,57.1
25571,1970-01-07 00:00:00,0.045719235994942,-0.1602989086375478,0.251737380627432,12.217,57.1
25572,1970-01-08 00:00:00,-0.0209362166927001,-0.2267081545681094,0.1848357211827091,12.217,57.1
25573,1970-01-09 00:00:00,-0.0129952225057236,-0.2185925601135246,0.1926021151020774,12.217,57.1
25574,1970-01-10 00:00:00,0.0718814140026325,-0.1348621651378014,0.2786249931430666,12.217,57.1
25575,1970-01-11 00:00:00,0.1853855610493835,-0.0217641080796985,0.3925352301784655,12.217,57.1
25576,1970-01-12 00:00:00,0.1585094131858857,-0.0472615599039604,0.3642803862757319,12.217,57.1
25577,1970-01-13 00:00:00,0.1327048459183508,-0.0730899700457889,0.3384996618824906,12.217,57.1
25578,1970-01-14 00:00:00,0.0377640010363496,-0.1679172038830843,0.2434452059557836,12.217,57.1
25579,1970-01-15 00:00:00,0.0065818844214124,-0.1991424921662722,0.2123062610090971,12.217,57.1
25580,1970-01-16 00:00:00,-0.1384928831510358,-0.3450810671781323,0.0680953008760607,12.217,57.1
25581,1970-01-17 00:00:00,-0.1672325011792807,-0.3739935936391968,0.0395285912806352,12.217,57.1
25582,1970-01-18 00:00:00,-0.0734976197061125,-0.2800060645224437,0.1330108251102186,12.217,57.1
25583,1970-01-19 00:00:00,-0.0589779374140164,-0.2646884314692931,0.1467325566412602,12.217,57.1
25584,1970-01-20 00:00:00,-0.0656454784243887,-0.2712585005328126,0.139967543684035,12.217,57.1
25585,1970-01-21 00:00:00,0.0017259599234739,-0.2037875610049792,0.2072394808519271,12.217,57.1
25586,1970-01-22 00:00:00,0.0099177673266995,-0.195598391305949,0.215433925959348,12.217,57.1
25587,1970-01-23 00:00:00,0.0035964162174668,-0.2018714514621865,0.2090642838971202,12.217,57.1
25588,1970-01-24 00:00:00,0.0022857380196908,-0.2032622755895747,0.2078337516289564,12.217,57.1
25589,1970-01-25 00:00:00,0.0416253508615088,-0.163990251326187,0.2472409530492047,12.217,57.1
25590,1970-01-26 00:00:00,0.0346303531721443,-0.1709202693833095,0.2401809757275983,12.217,57.1
25591,1970-01-27 00:00:00,0.0240026955857912,-0.1818621373037026,0.229867528475285,12.217,57.1
25592,1970-01-28 00:00:00,-0.042972867675938,-0.2486696866819461,0.1627239513300699,12.217,57.1
25593,1970-01-29 00:00:00,-0.0906838943073423,-0.2964291157879061,0.1150613271732214,12.217,57.1
25594,1970-01-30 00:00:00,0.0169990331470867,-0.1886639667654178,0.2226620330595913,12.217,57.1
25595,1970-01-31 00:00:00,-0.0148011677214158,-0.2203598620839391,0.1907575266411074,12.217,57.1
25596,1970-02-01 00:00:00,-0.00914458970482,-0.2146707688201719,0.1963815894105318,12.217,57.1
25597,1970-02-02 00:00:00,0.1464975558533492,-0.0592722434007366,0.3522673551074351,12.217,57.1
25598,1970-02-03 00:00:00,0.373915741466372,0.1668262536917678,0.5810052292409762,12.217,57.1
25599,1970-02-04 00:00:00,0.3800092956629038,0.1725992437667907,0.5874193475590168,12.217,57.1
25600,1970-02-05 00:00:00,0.1833153711081701,-0.0239211254461088,0.3905518676624491,12.217,57.1
25601,1970-02-06 00:00:00,0.1216155786094001,-0.0843914724561192,0.3276226296749195,12.217,57.1
25602,1970-02-07 00:00:00,0.1238267480835841,-0.0821995811004065,0.3298530772675748,12.217,57.1
25603,1970-02-08 00:00:00,0.3367686379736913,0.1298600033515571,0.5436772725958255,12.217,57.1
25604,1970-02-09 00:00:00,0.306126883843509,0.0990616268333124,0.5131921408537057,12.217,57.1
25605,1970-02-10 00:00:00,0.1678944540763852,-0.0379642962434959,0.3737532043962665,12.217,57.1
25606,1970-02-11 00:00:00,0.054783510677136,-0.151021791067489,0.260588812421761,12.217,57.1
25607,1970-02-12 00:00:00,0.0461569576961111,-0.1595783230356938,0.2518922384279161,12.217,57.1
25608,1970-02-13 00:00:00,0.1012880493346491,-0.1044613049129452,0.3070374035822435,12.217,57.1
25609,1970-02-14 00:00:00,0.0278424313248346,-0.1782166149226035,0.2339014775722728,12.217,57.1
25610,1970-02-15 00:00:00,0.0208551621287491,-0.1847806692987772,0.2264909935562754,12.217,57.1
25611,1970-02-16 00:00:00,0.0558157650241755,-0.1497180008423688,0.26134953089072,12.217,57.1
25612,1970-02-17 00:00:00,0.0372000798118721,-0.1688282156517478,0.243228375275492,12.217,57.1
25613,1970-02-18 00:00:00,0.0806980948530248,-0.1251457175956519,0.2865419073017015,12.217,57.1
25614,1970-02-19 00:00:00,-0.009650189124744,-0.2152582026032842,0.1959578243537962,12.217,57.1
25615,1970-02-20 00:00:00,0.1304712106950721,-0.0758542969447494,0.3367967183348936,12.217,57.1
25616,1970-02-21 00:00:00,0.2053580779222548,-0.0023576791874779,0.4130738350319876,12.217,57.1
25617,1970-02-22 00:00:00,0.0613988109960364,-0.1448458721284047,0.2676434941204777,12.217,57.1
25618,1970-02-23 00:00:00,0.1781129177823929,-0.0287187014496028,0.3849445370143887,12.217,57.1
25619,1970-02-24 00:00:00,0.0717502617850648,-0.1351216395576236,0.2786221631277532,12.217,57.1
25620,1970-02-25 00:00:00,0.0081031028109811,-0.1979776766384376,0.2141838822603999,12.217,57.1
25621,1970-02-26 00:00:00,-0.0181543067344751,-0.22377949156963,0.1874708781006796,12.217,57.1
25622,1970-02-27 00:00:00,-0.115787269773266,-0.3215071309943869,0.0899325914478548,12.217,57.1
25623,1970-02-28 00:00:00,-0.1272578238147843,-0.3331191205479988,0.07860347291843,12.217,57.1
25624,1970-03-01 00:00:00,0.0073200562606842,-0.1985567521762831,0.2131968646976516,12.217,57.1
25625,1970-03-02 00:00:00,0.3234226593711964,0.1173733019698373,0.5294720167725555,12.217,57.1
25626,1970-03-03 00:00:00,0.2373710154537562,0.0314979175537306,0.4432441133537819,12.217,57.1
25627,1970-03-04 00:00:00,0.1902923280940217,-0.0155615097969592,0.3961461659850026,12.217,57.1
25628,1970-03-05 00:00:00,0.1120097735282575,-0.0939659438967132,0.3179854909532283,12.217,57.1
25629,1970-03-06 00:00:00,0.0626035743409286,-0.1450432865515293,0.2702504352333865,12.217,57.1
25630,1970-03-07 00:00:00,0.0803516922830574,-0.128794937124961,0.2894983216910759,12.217,57.1
25631,1970-03-08 00:00:00,0.1775440023598297,-0.0308857333078669,0.3859737380275264,12.217,57.1
25632,1970-03-09 00:00:00,0.1055064227180879,-0.101822857268845,0.3128357027050209,12.217,57.1
25633,1970-03-10 00:00:00,0.0972744331219184,-0.1089206283382678,0.3034694945821048,12.217,57.1
25634,1970-03-11 00:00:00,0.016812670661578,-0.1891121729824324,0.2227375143055885,12.217,57.1
25635,1970-03-12 00:00:00,0.0238779926526866,-0.1818093399399408,0.229565325245314,12.217,57.1
25636,1970-03-13 00:00:00,-0.0791660743202454,-0.284795167646232,0.1264630190057411,12.217,57.1
25637,1970-03-14 00:00:00,-0.0561263203198662,-0.2617196378268731,0.1494669971871406,12.217,57.1
25638,1970-03-15 00:00:00,0.0480774137820937,-0.1575210905184816,0.2536759180826691,12.217,57.1
25639,1970-03-16 00:00:00,-0.0074599841347111,-0.2130552230983003,0.198135254828878,12.217,57.1
25640,1970-03-17 00:00:00,0.1355628441694866,-0.0701164655926888,0.3412421539316621,12.217,57.1
25641,1970-03-18 00:00:00,0.5158570493047268,0.3097095816406425,0.722004516968811,12.217,57.1
25642,1970-03-19 00:00:00,0.3804555817654894,0.1741418809712517,0.5867692825597272,12.217,57.1
25643,1970-03-20 00:00:00,0.2238686555955251,0.0173282075286645,0.4304091036623856,12.217,57.1
25644,1970-03-21 00:00:00,0.1466594432430397,-0.0592934123678327,0.3526122988539121,12.217,57.1
25645,1970-03-22 00:00:00,0.0779669936618733,-0.1277783600950229,0.2837123474187695,12.217,57.1
25646,1970-03-23 00:00:00,0.1203902702421023,-0.0863002496792304,0.327080790163435,12.217,57.1
25647,1970-03-24 00:00:00,0.0381492854847147,-0.1679773465039689,0.2442759174733983,12.217,57.1
25648,1970-03-25 00:00:00,-0.0007042784194005,-0.2062162775292237,0.2048077206904225,12.217,57.1
25649,1970-03-26 00:00:00,0.0167729094011407,-0.1892586401070984,0.22280445890938,12.217,57.1
25650,1970-03-27 00:00:00,0.2074256999551356,0.0007804145239429,0.4140709853863282,12.217,57.1
25651,1970-03-28 00:00:00,0.2282442382573884,0.0214958827150319,0.4349925937997448,12.217,57.1
25652,1970-03-29 00:00:00,0.1040051365269418,-0.1026821544541478,0.3106924275080315,12.217,57.1
25653,1970-03-30 00:00:00,0.2207656312019045,0.0132609153714154,0.4282703470323936,12.217,57.1
25654,1970-03-31 00:00:00,0.21732875241482,0.0115218899787025,0.4231356148509376,12.217,57.1
25655,1970-04-01 00:00:00,0.1487978208550732,-0.0571958589068083,0.3547915006169547,12.217,57.1
25656,1970-04-02 00:00:00,0.0304324458880148,-0.1760853877585979,0.2369502795346276,12.217,57.1
25657,1970-04-03 00:00:00,0.1286233664382075,-0.0773874593159946,0.3346341921924096,12.217,57.1
25658,1970-04-04 00:00:00,0.017972232047278,-0.1876228968921827,0.2235673609867388,12.217,57.1
25659,1970-04-05 00:00:00,0.0771224926577211,-0.1378637238467117,0.292108709162154,12.217,57.1
25660,1970-04-06 00:00:00,0.0960080184285045,-0.1227589510917396,0.3147749879487488,12.217,57.1
25661,1970-04-07 00:00:00,0.0284290179268719,-0.1789571675390246,0.2358152033927684,12.217,57.1
25662,1970-04-08 00:00:00,0.0904990476729277,-0.1157352660000767,0.2967333613459323,12.217,57.1
25663,1970-04-09 00:00:00,0.1315572209559437,-0.0745180385594298,0.3376324804713173,12.217,57.1
25664,1970-04-10 00:00:00,0.0020623763010558,-0.2043800379784577,0.2085047905805694,12.217,57.1
25665,1970-04-11 00:00:00,0.0819320416930612,-0.1272920843180425,0.2911561677041651,12.217,57.1
25666,1970-04-12 00:00:00,0.0060408281691543,-0.2014424894225728,0.2135241457608817,12.217,57.1
25667,1970-04-13 00:00:00,0.0735815808004015,-0.1319536150839956,0.2791167766847988,12.217,57.1
25668,1970-04-14 00:00:00,-0.0181445473512689,-0.2236987232215248,0.1874096285189868,12.217,57.1
25669,1970-04-15 00:00:00,-0.0156575261178315,-0.2211736097996921,0.1898585575640289,12.217,57.1
25670,1970-04-16 00:00:00,0.0629045946829229,-0.1426568680300974,0.2684660573959433,12.217,57.1
25671,1970-04-17 00:00:00,0.1002992211958864,-0.1053909527188022,0.305989395110575,12.217,57.1
25672,1970-04-18 00:00:00,0.1258162592214319,-0.0796876479807866,0.3313201664236505,12.217,57.1
25673,1970-04-19 00:00:00,0.1995041030780217,-0.0062168668260566,0.4052250729821001,12.217,57.1
25674,1970-04-20 00:00:00,0.142196252409085,-0.0634745179261302,0.3478670227443003,12.217,57.1
25675,1970-04-21 00:00:00,0.1104813421509295,-0.0950277533550905,0.3159904376569495,12.217,57.1
25676,1970-04-22 00:00:00,0.2394054308529611,0.0331142000905933,0.4456966616153288,12.217,57.1
25677,1970-04-23 00:00:00,0.1581854678976992,-0.0483410092753504,0.3647119450707488,12.217,57.1
25678,1970-04-24 00:00:00,0.2902936175435069,0.0844662664429613,0.4961209686440525,12.217,57.1
25679,1970-04-25 00:00:00,0.2500722530007718,0.0425131555870658,0.4576313504144778,12.217,57.1
25680,1970-04-26 00:00:00,0.1620370714658821,-0.0442915940834146,0.3683657370151789,12.217,57.1
25681,1970-04-27 00:00:00,0.1026283531562826,-0.1031300408998691,0.3083867472124344,12.217,57.1
25682,1970-04-28 00:00:00,0.0873231430459849,-0.1182605890466199,0.2929068751385899,12.217,57.1
25683,1970-04-29 00:00:00,0.2400431760858183,0.033649386739865,0.4464369654317716,12.217,57.1
25684,1970-04-30 00:00:00,0.1261551921983679,-0.0806483823632271,0.332958766759963,12.217,57.1
25685,1970-05-01 00:00:00,-0.0524162844042246,-0.2581687338504698,0.1533361650420206,12.217,57.1
25686,1970-05-02 00:00:00,-0.0329320584199991,-0.2385437408692459,0.1726796240292475,12.217,57.1
25687,1970-05-03 00:00:00,-0.0241603753226353,-0.2298939416027232,0.1815731909574525,12.217,57.1
25688,1970-05-04 00:00:00,-0.0168074000231453,-0.2224093921921573,0.1887945921458667,12.217,57.1
25689,1970-05-05 00:00:00,-0.0324463315527051,-0.2379844975969026,0.1730918344914924,12.217,57.1
25690,1970-05-06 00:00:00,-0.0756279179631401,-0.2811473068198719,0.1298914708935917,12.217,57.1
25691,1970-05-07 00:00:00,-0.0588091629381995,-0.2646314570450023,0.1470131311686032,12.217,57.1
25692,1970-05-08 00:00:00,-0.0659383044031169,-0.2723149645460297,0.1404383557397957,12.217,57.1
25693,1970-05-09 00:00:00,-0.1052678928671528,-0.3124012314279781,0.1018654456936725,12.217,57.1
25694,1970-05-10 00:00:00,-0.1045067019075357,-0.3112095048308438,0.1021961010157722,12.217,57.1
25695,1970-05-11 00:00:00,-0.0546454306976814,-0.2604701507817845,0.1511792893864215,12.217,57.1
25696,1970-05-12 00:00:00,-0.0063387973941224,-0.2123556318846628,0.1996780370964179,12.217,57.1
25697,1970-05-13 00:00:00,-0.0373618851968876,-0.2438461001833197,0.1691223297895444,12.217,57.1
25698,1970-05-14 00:00:00,-0.0212634023618852,-0.2271396568939378,0.1846128521701673,12.217,57.1
25699,1970-05-15 00:00:00,0.020790559148144,-0.1847478312257054,0.2263289495219935,12.217,57.1
25700,1970-05-16 00:00:00,0.0691341689889572,-0.1364600427311275,0.2747283807090421,12.217,57.1
25701,1970-05-17 00:00:00,0.0394515596915356,-0.1662508185936387,0.2451539379767099,12.217,57.1
25702,1970-05-18 00:00:00,-0.0125011953529761,-0.2180335988821066,0.1930312081761543,12.217,57.1
25703,1970-05-19 00:00:00,0.1084178944192737,-0.0970519851118742,0.3138877739504216,12.217,57.1
25704,1970-05-20 00:00:00,0.1949997459515537,-0.0112092377678786,0.4012087296709862,12.217,57.1
25705,1970-05-21 00:00:00,0.2188459026544923,0.0128659899895778,0.4248258153194067,12.217,57.1
25706,1970-05-22 00:00:00,0.260390953321259,0.054500465396019,0.466281441246499,12.217,57.1
25707,1970-05-23 00:00:00,0.1330090296323363,-0.0729621576491736,0.3389802169138463,12.217,57.1
25708,1970-05-24 00:00:00,0.0370707965976586,-0.1688343072480173,0.2429759004433345,12.217,57.1
25709,1970-05-25 00:00:00,0.0424453916076516,-0.1630362908094575,0.2479270740247607,12.217,57.1
25710,1970-05-26 00:00:00,0.0799945138784166,-0.125639115223495,0.2856281429803283,12.217,57.1
25711,1970-05-27 00:00:00,0.069479071631772,-0.1362480811144449,0.275206224377989,12.217,57.1
25712,1970-05-28 00:00:00,0.021317134984601,-0.1844974192383161,0.2271316892075182,12.217,57.1
25713,1970-05-29 00:00:00,0.0378216415807871,-0.1676836795842189,0.2433269627457933,12.217,57.1
25714,1970-05-30 00:00:00,0.0369740482856382,-0.168497026628884,0.2424451232001605,12.217,57.1
25715,1970-05-31 00:00:00,0.0240414347362968,-0.181496426425516,0.2295792958981096,12.217,57.1
25716,1970-06-01 00:00:00,0.1514760594562394,-0.0541255339804848,0.3570776528929638,12.217,57.1
25717,1970-06-02 00:00:00,0.1411190700229884,-0.0651212004609869,0.3473593405069637,12.217,57.1
25718,1970-06-03 00:00:00,-0.0038476946432771,-0.2102701122789151,0.2025747229923609,12.217,57.1
25719,1970-06-04 00:00:00,-0.0673921122585706,-0.2729249756529904,0.1381407511358491,12.217,57.1
25720,1970-06-05 00:00:00,-0.0415924391866287,-0.2471822405984698,0.1639973622252123,12.217,57.1
25721,1970-06-06 00:00:00,-0.077918327904047,-0.2836358371593385,0.1277991813512444,12.217,57.1
25722,1970-06-07 00:00:00,-0.0101792329903201,-0.2156994527478279,0.1953409867671875,12.217,57.1
25723,1970-06-08 00:00:00,-0.0287669554921961,-0.2342225652117124,0.17668865422732,12.217,57.1
25724,1970-06-09 00:00:00,-0.0348797616424935,-0.2403061059198613,0.1705465826348741,12.217,57.1
25725,1970-06-10 00:00:00,-0.0220693171073868,-0.2276063915745118,0.183467757359738,12.217,57.1
25726,1970-06-11 00:00:00,-0.0131784219962364,-0.2187543445931832,0.1923975006007102,12.217,57.1
25727,1970-06-12 00:00:00,0.0664649626841683,-0.1397490796262299,0.2726790049945667,12.217,57.1
25728,1970-06-13 00:00:00,0.0977799946331294,-0.1095953748418349,0.3051553641080937,12.217,57.1
25729,1970-06-14 00:00:00,0.0638852771486407,-0.143452584674216,0.2712231389714975,12.217,57.1
25730,1970-06-15 00:00:00,0.0547493130203265,-0.150831933782865,0.260330559823518,12.217,57.1
25731,1970-06-16 00:00:00,0.0337803958735116,-0.1716397457704841,0.2392005375175075,12.217,57.1
25732,1970-06-17 00:00:00,0.0015491206816453,-0.203906880277474,0.2070051216407648,12.217,57.1
25733,1970-06-18 00:00:00,0.0038648441424831,-0.2016246194815022,0.2093543077664685,12.217,57.1
25734,1970-06-19 00:00:00,-0.0005394433834021,-0.2059949614854156,0.2049160747186113,12.217,57.1
25735,1970-06-20 00:00:00,0.0305479766527375,-0.174870369773386,0.2359663230788611,12.217,57.1
25736,1970-06-21 00:00:00,0.0687113710869357,-0.136788706601005,0.2742114487748764,12.217,57.1
25737,1970-06-22 00:00:00,0.0613709346805715,-0.144394879728014,0.2671367490891571,12.217,57.1
25738,1970-06-23 00:00:00,0.0412902893814151,-0.1644106429425123,0.2469912217053425,12.217,57.1
25739,1970-06-24 00:00:00,0.0790474730093693,-0.1264731620023386,0.2845681080210774,12.217,57.1
25740,1970-06-25 00:00:00,0.0659823518829488,-0.139692857944279,0.2716575617101767,12.217,57.1
25741,1970-06-26 00:00:00,0.1400222180042315,-0.065903613532707,0.3459480495411701,12.217,57.1
25742,1970-06-27 00:00:00,0.0573102351465106,-0.148476895626114,0.2630973659191353,12.217,57.1
25743,1970-06-28 00:00:00,0.0475792101672103,-0.1580417607908139,0.2532001811252345,12.217,57.1
25744,1970-06-29 00:00:00,0.0709576438784157,-0.1349235372346217,0.2768388249914532,12.217,57.1
25745,1970-06-30 00:00:00,0.124488462924316,-0.081472089046769,0.330449014895401,12.217,57.1
25746,1970-07-01 00:00:00,0.151699615262498,-0.0540241516951701,0.3574233822201662,12.217,57.1
25747,1970-07-02 00:00:00,0.299704983231826,0.093299643693696,0.506110322769956,12.217,57.1
25748,1970-07-03 00:00:00,0.2012935221150544,-0.0047080797311005,0.4072951239612095,12.217,57.1
25749,1970-07-04 00:00:00,0.1174674806797818,-0.0881167836844079,0.3230517450439716,12.217,57.1
25750,1970-07-05 00:00:00,0.214930024186074,0.0092431230042152,0.4206169253679329,12.217,57.1
25751,1970-07-06 00:00:00,0.1235658425880381,-0.0823557099636564,0.3294873951397327,12.217,57.1
25752,1970-07-07 00:00:00,0.178853324293226,-0.0272296332012157,0.3849362817876678,12.217,57.1
25753,1970-07-08 00:00:00,0.0781090329863519,-0.1276832400637951,0.2839013060364991,12.217,57.1
25754,1970-07-09 00:00:00,0.0815534799824899,-0.1240532840669108,0.2871602440318906,12.217,57.1
25755,1970-07-10 00:00:00,0.1182631591606413,-0.0876481984229914,0.324174516744274,12.217,57.1
25756,1970-07-11 00:00:00,0.2798690512565365,0.0734997132914255,0.4862383892216474,12.217,57.1
25757,1970-07-12 00:00:00,0.1846729995141928,-0.0215032852395311,0.3908492842679167,12.217,57.1
25758,1970-07-13 00:00:00,0.3320233136813952,0.1253118751635538,0.5387347521992366,12.217,57.1
25759,1970-07-14 00:00:00,0.2909687904669522,0.0843109306025217,0.4976266503313826,12.217,57.1
25760,1970-07-15 00:00:00,0.1573497715249191,-0.0493541058832348,0.3640536489330731,12.217,57.1
25761,1970-07-16 00:00:00,0.2002723195290409,-0.0065051851211654,0.4070498241792474,12.217,57.1
25762,1970-07-17 00:00:00,0.0716080010044277,-0.1348329866839214,0.2780489886927768,12.217,57.1
25763,1970-07-18 00:00:00,0.0014874991058677,-0.2041230625190706,0.2070980607308061,12.217,57.1
25764,1970-07-19 00:00:00,0.1346259003532894,-0.0711345549672316,0.3403863556738105,12.217,57.1
25765,1970-07-20 00:00:00,0.168069064816448,-0.0376768623159128,0.373814991948809,12.217,57.1
25766,1970-07-21 00:00:00,0.1705313453383182,-0.035174306437085,0.3762369971137215,12.217,57.1
25767,1970-07-22 00:00:00,0.3136656835525714,0.10732826046203,0.5200031066431128,12.217,57.1
25768,1970-07-23 00:00:00,0.3645470337484673,0.1582899993862571,0.5708040681106775,12.217,57.1
25769,1970-07-24 00:00:00,0.1101858795757622,-0.0958436074057454,0.3162153665572699,12.217,57.1
25770,1970-07-25 00:00:00,0.1454605974967923,-0.0604559712524486,0.3513771662460333,12.217,57.1
25771,1970-07-26 00:00:00,0.1578963304471306,-0.0477923844206157,0.363585045314877,12.217,57.1
25772,1970-07-27 00:00:00,0.0843448272577651,-0.1212143319149911,0.2899039864305214,12.217,57.1
25773,1970-07-28 00:00:00,0.1452090744947642,-0.0603698662808208,0.3507880152703492,12.217,57.1
25774,1970-07-29 00:00:00,0.1736496071116498,-0.032403818522384,0.3797030327456836,12.217,57.1
25775,1970-07-30 00:00:00,0.0820970375315698,-0.123736842479614,0.2879309175427537,12.217,57.1
25776,1970-07-31 00:00:00,0.0529551423441074,-0.1527751511594457,0.2586854358476605,12.217,57.1
25777,1970-08-01 00:00:00,0.0283277681010138,-0.1773606879502982,0.2340162241523258,12.217,57.1
25778,1970-08-02 00:00:00,-0.0401317668358588,-0.2456070274980505,0.1653434938263329,12.217,57.1
25779,1970-08-03 00:00:00,-0.0291753734127367,-0.2346421110436155,0.176291364218142,12.217,57.1
25780,1970-08-04 00:00:00,-0.0453877320330509,-0.2508944302515219,0.1601189661854201,12.217,57.1
25781,1970-08-05 00:00:00,-0.0427257632919015,-0.2482357378466964,0.1627842112628932,12.217,57.1
25782,1970-08-06 00:00:00,-0.0481549574639562,-0.2538927432061023,0.1575828282781898,12.217,57.1
25783,1970-08-07 00:00:00,0.0631971611160266,-0.1423555488658705,0.2687498710979237,12.217,57.1
25784,1970-08-08 00:00:00,0.0355100399145178,-0.1701177762337992,0.2411378560628349,12.217,57.1
25785,1970-08-09 00:00:00,0.0816833852478642,-0.1238175121049009,0.2871842826006295,12.217,57.1
25786,1970-08-10 00:00:00,0.1637962720067657,-0.0417640700237599,0.3693566140372913,12.217,57.1
25787,1970-08-11 00:00:00,0.1582215016093407,-0.047434403859564,0.3638774070782455,12.217,57.1
25788,1970-08-12 00:00:00,0.1611658782874517,-0.0446043535001882,0.3669361100750917,12.217,57.1
25789,1970-08-13 00:00:00,0.0673542330802148,-0.1384085145259704,0.2731169806864001,12.217,57.1
25790,1970-08-14 00:00:00,0.0400203511521198,-0.1655314905350736,0.2455721928393132,12.217,57.1
25791,1970-08-15 00:00:00,0.0933300646520101,-0.1123982384397186,0.2990583677437389,12.217,57.1
25792,1970-08-16 00:00:00,0.0872626237973675,-0.1184101339535722,0.2929353815483074,12.217,57.1
25793,1970-08-17 00:00:00,0.1955857127123264,-0.0104908493900389,0.4016622748146917,12.217,57.1
25794,1970-08-18 00:00:00,0.1570108529038674,-0.0494271858502776,0.3634488916580124,12.217,57.1
25795,1970-08-19 00:00:00,0.1037475629202055,-0.102199663145225,0.309694788985636,12.217,57.1
25796,1970-08-20 00:00:00,0.0250653564245325,-0.1807300647690192,0.2308607776180843,12.217,57.1
25797,1970-08-21 00:00:00,0.0112912217715489,-0.1944784424145969,0.2170608859576948,12.217,57.1
25798,1970-08-22 00:00:00,-0.0553596568949492,-0.2611075675640958,0.1503882537741974,12.217,57.1
25799,1970-08-23 00:00:00,-0.0272362536954631,-0.2329631908775882,0.1784906834866619,12.217,57.1
25800,1970-08-24 00:00:00,-0.0310272981108361,-0.2365083637860715,0.1744537675643992,12.217,57.1
25801,1970-08-25 00:00:00,-0.0239591098826565,-0.2293679164061935,0.1814496966408805,12.217,57.1
25802,1970-08-26 00:00:00,-0.0118049177775835,-0.2172419416101058,0.1936321060549386,12.217,57.1
25803,1970-08-27 00:00:00,0.0108896303611279,-0.1945762900448595,0.2163555507671154,12.217,57.1
25804,1970-08-28 00:00:00,0.061938794103205,-0.1435464977542349,0.267424085960645,12.217,57.1
25805,1970-08-29 00:00:00,0.0804931518523029,-0.1249301986449456,0.2859165023495515,12.217,57.1
25806,1970-08-30 00:00:00,0.0814752469554074,-0.1239553168756931,0.2869058107865079,12.217,57.1
25807,1970-08-31 00:00:00,0.0820329056868034,-0.1234368442015022,0.287502655575109,12.217,57.1
25808,1970-09-01 00:00:00,0.1323957014366658,-0.0732944593396495,0.3380858622129812,12.217,57.1
25809,1970-09-02 00:00:00,0.2107373558192213,0.0044776144201838,0.4169970972182588,12.217,57.1
25810,1970-09-03 00:00:00,0.1447981166542162,-0.0611872004447523,0.3507834337531847,12.217,57.1
25811,1970-09-04 00:00:00,0.2849904041723156,0.0779471734368882,0.492033634907743,12.217,57.1
25812,1970-09-05 00:00:00,0.3388582334600951,0.1313704330733053,0.546346033846885,12.217,57.1
25813,1970-09-06 00:00:00,0.3158767159215122,0.1089648625029736,0.5227885693400509,12.217,57.1
25814,1970-09-07 00:00:00,0.1790262233717585,-0.0272753812193897,0.3853278279629069,12.217,57.1
25815,1970-09-08 00:00:00,0.0741395058251314,-0.1315748704650219,0.2798538821152849,12.217,57.1
25816,1970-09-09 00:00:00,0.3223949519192997,0.1161331576657168,0.5286567461728826,12.217,57.1
25817,1970-09-10 00:00:00,0.2025071389387863,-0.0041994063281736,0.4092136842057464,12.217,57.1
25818,1970-09-11 00:00:00,0.2381865389224645,0.0304438254175399,0.4459292524273891,12.217,57.1
25819,1970-09-12 00:00:00,0.2154816003059028,0.0081835509093241,0.4227796497024815,12.217,57.1
25820,1970-09-13 00:00:00,0.1903233784692409,-0.0153357858041272,0.3959825427426092,12.217,57.1
25821,1970-09-14 00:00:00,0.2846298517440001,0.0779424452670733,0.4913172582209268,12.217,57.1
25822,1970-09-15 00:00:00,0.1965855804549391,-0.0109274722602588,0.4040986331701371,12.217,57.1
25823,1970-09-16 00:00:00,0.0929492445296455,-0.1129121847784635,0.2988106738377545,12.217,57.1
25824,1970-09-17 00:00:00,0.0611714725326656,-0.1450203966999434,0.2673633417652746,12.217,57.1
25825,1970-09-18 00:00:00,0.1338865122931908,-0.0721578823997847,0.3399309069861664,12.217,57.1
25826,1970-09-19 00:00:00,0.0643176528418214,-0.1411761552942554,0.2698114609778984,12.217,57.1
25827,1970-09-20 00:00:00,-0.0007732146268503,-0.2063363788858681,0.2047899496321675,12.217,57.1
25828,1970-09-21 00:00:00,0.0333152772753134,-0.1721044672537143,0.2387350218043412,12.217,57.1
25829,1970-09-22 00:00:00,-0.004366946314686,-0.2103773180258522,0.2016434253964802,12.217,57.1
25830,1970-09-23 00:00:00,-0.0524098173013032,-0.2582012863653332,0.1533816517627266,12.217,57.1
25831,1970-09-24 00:00:00,-0.0230831552731122,-0.2288690064763751,0.1827026959301506,12.217,57.1
25832,1970-09-25 00:00:00,0.0197707157996192,-0.1859543424595413,0.2254957740587798,12.217,57.1
25833,1970-09-26 00:00:00,-0.0046782450206628,-0.2104524340721298,0.2010959440308042,12.217,57.1
25834,1970-09-27 00:00:00,-0.0234327237387893,-0.2289726292373815,0.1821071817598028,12.217,57.1
25835,1970-09-28 00:00:00,-0.0522170929597131,-0.2578923064383466,0.1534581205189203,12.217,57.1
25836,1970-09-29 00:00:00,-0.012903346173066,-0.2187641697716342,0.1929574774255021,12.217,57.1
25837,1970-09-30 00:00:00,0.1050851195639597,-0.1006206323425643,0.3107908714704838,12.217,57.1
25838,1970-10-01 00:00:00,0.1906925774176907,-0.0150637983858429,0.3964489532212243,12.217,57.1
25839,1970-10-02 00:00:00,0.1894363288420915,-0.0161947958225132,0.3950674535066963,12.217,57.1
25840,1970-10-03 00:00:00,0.3616375468275125,0.154017475544251,0.569257618110774,12.217,57.1
25841,1970-10-04 00:00:00,-0.0561107196653251,-0.2633198826295472,0.1510984432988969,12.217,57.1
25842,1970-10-05 00:00:00,0.0634639621116279,-0.1427734019926085,0.2697013262158644,12.217,57.1
25843,1970-10-06 00:00:00,0.2132358975409144,0.0072288956189588,0.4192428994628699,12.217,57.1
25844,1970-10-07 00:00:00,0.2123817723573671,0.0065109471262457,0.4182525975884885,12.217,57.1
25845,1970-10-08 00:00:00,0.1542484569426395,-0.0516618872453953,0.3601588011306744,12.217,57.1
25846,1970-10-09 00:00:00,0.0526861742952776,-0.1528226818908662,0.2581950304814215,12.217,57.1
25847,1970-10-10 00:00:00,0.0603683780751353,-0.1453864113859875,0.2661231675362583,12.217,57.1
25848,1970-10-11 00:00:00,0.096975097333311,-0.1091157396236132,0.3030659342902353,12.217,57.1
25849,1970-10-12 00:00:00,-0.0816410890929269,-0.2873596432123345,0.1240774650264806,12.217,57.1
25850,1970-10-13 00:00:00,-0.0093310183697696,-0.2149503448415121,0.1962883081019728,12.217,57.1
25851,1970-10-14 00:00:00,-0.0554105331911886,-0.2610892942929411,0.1502682279105638,12.217,57.1
25852,1970-10-15 00:00:00,-0.0608618454285731,-0.2664193824482299,0.1446956915910836,12.217,57.1
25853,1970-10-16 00:00:00,-0.0751253132783884,-0.2806331030939418,0.130382476537165,12.217,57.1
25854,1970-10-17 00:00:00,-0.0221289109085016,-0.2275794095205883,0.1833215877035849,12.217,57.1
25855,1970-10-18 00:00:00,0.138683895042105,-0.0669037799552725,0.3442715700394826,12.217,57.1
25856,1970-10-19 00:00:00,0.2877336002813576,0.0804739247425582,0.494993275820157,12.217,57.1
25857,1970-10-20 00:00:00,0.9057360229719568,0.694311290376124,1.1171607555677894,12.217,57.1
25858,1970-10-21 00:00:00,0.2595868809452052,0.050703980753594,0.4684697811368165,12.217,57.1
25859,1970-10-22 00:00:00,0.0329555249864435,-0.1732466204729655,0.2391576704458526,12.217,57.1
25860,1970-10-23 00:00:00,-0.017853703809077,-0.2237167389613422,0.1880093313431882,12.217,57.1
25861,1970-10-24 00:00:00,-0.0088634928779121,-0.2145863847937705,0.1968593990379462,12.217,57.1
25862,1970-10-25 00:00:00,0.1366622198648328,-0.0691510272240939,0.3424754669537597,12.217,57.1
25863,1970-10-26 00:00:00,0.2259152063715636,0.0198252323777845,0.4320051803653428,12.217,57.1
25864,1970-10-27 00:00:00,0.2109600713779552,0.0042609101771017,0.4176592325788086,12.217,57.1
25865,1970-10-28 00:00:00,0.065257139530424,-0.1406755758220384,0.2711898548828864,12.217,57.1
25866,1970-10-29 00:00:00,0.2604135153102695,0.0511497741702056,0.4696772564503335,12.217,57.1
25867,1970-10-30 00:00:00,0.0962636360744097,-0.1125209771105807,0.3050482492594001,12.217,57.1
25868,1970-10-31 00:00:00,0.4305197629937622,0.2220975971048573,0.6389419288826672,12.217,57.1
25869,1970-11-01 00:00:00,0.1961351284505728,-0.0112097871224882,0.4034800440236338,12.217,57.1
25870,1970-11-02 00:00:00,0.4477081061049247,0.2391157079294889,0.6563005042803605,12.217,57.1
25871,1970-11-03 00:00:00,0.1043113077569879,-0.1028706656858433,0.3114932811998191,12.217,57.1
25872,1970-11-04 00:00:00,0.2208254337613784,0.0141004527095213,0.4275504148132355,12.217,57.1
25873,1970-11-05 00:00:00,0.1595353906721416,-0.0468156843041228,0.365886465648406,12.217,57.1
25874,1970-11-06 00:00:00,0.1243884570292384,-0.083385920457264,0.3321628345157408,12.217,57.1
25875,1970-11-07 00:00:00,-0.0644958406270794,-0.2709502152696336,0.1419585340154747,12.217,57.1
25876,1970-11-08 00:00:00,-0.0040296057781153,-0.2101179802671286,0.2020587687108979,12.217,57.1
25877,1970-11-09 00:00:00,0.2587594700496889,0.0502671708088205,0.4672517692905574,12.217,57.1
25878,1970-11-10 00:00:00,0.351895580154062,0.1386889793801136,0.5651021809280105,12.217,57.1
25879,1970-11-11 00:00:00,0.0333072169371504,-0.1783306523146572,0.2449450861889581,12.217,57.1
25880,1970-11-12 00:00:00,0.2431923400160079,0.0362085212766964,0.4501761587553193,12.217,57.1
25881,1970-11-13 00:00:00,0.2556847485538145,0.0496440438077034,0.4617254532999256,12.217,57.1
25882,1970-11-14 00:00:00,0.3574773381855706,0.1513801078321503,0.5635745685389908,12.217,57.1
25883,1970-11-15 00:00:00,0.3190196178209035,0.111425561314515,0.526613674327292,12.217,57.1
25884,1970-11-16 00:00:00,0.1456102057457652,-0.0605215285172902,0.3517419400088207,12.217,57.1
25885,1970-11-17 00:00:00,0.1641160222855801,-0.0415659613477635,0.3697980059189236,12.217,57.1
25886,1970-11-18 00:00:00,0.152812528221035,-0.0530600317220853,0.3586850881641554,12.217,57.1
25887,1970-11-19 00:00:00,0.3744130083278008,0.1677003994180788,0.5811256172375228,12.217,57.1
25888,1970-11-20 00:00:00,0.3426290977771191,0.135757976518355,0.5495002190358832,12.217,57.1
25889,1970-11-21 00:00:00,0.1262217503676087,-0.079985210810366,0.3324287115455835,12.217,57.1
25890,1970-11-22 00:00:00,0.2202833924368714,0.0142309315511183,0.4263358533226245,12.217,57.1
25891,1970-11-23 00:00:00,-0.0242435408025284,-0.2300218077021706,0.1815347260971137,12.217,57.1
25892,1970-11-24 00:00:00,0.0367313459607627,-0.1691900562603913,0.2426527481819167,12.217,57.1
25893,1970-11-25 00:00:00,0.148436946829757,-0.0578077503311832,0.3546816439906972,12.217,57.1
25894,1970-11-26 00:00:00,0.0736974411100704,-0.1319770077732402,0.279371889993381,12.217,57.1
25895,1970-11-27 00:00:00,-0.0423643600403716,-0.248057331120905,0.1633286110401616,12.217,57.1
25896,1970-11-28 00:00:00,0.0712001446838628,-0.1343932848044265,0.2767935741721523,12.217,57.1
25897,1970-11-29 00:00:00,0.1402288481203781,-0.065495197116952,0.3459528933577084,12.217,57.1
25898,1970-11-30 00:00:00,-0.0278217189201851,-0.2348165195742086,0.1791730817338383,12.217,57.1
25899,1970-12-01 00:00:00,0.1831443606491692,-0.0247115278013236,0.391000249099662,12.217,57.1
25900,1970-12-02 00:00:00,0.0729370945691139,-0.1330901721323272,0.278964361270555,12.217,57.1
25901,1970-12-03 00:00:00,0.2609451137359628,0.0551657947309115,0.466724432741014,12.217,57.1
25902,1970-12-04 00:00:00,0.0575562694378914,-0.1491967361411056,0.2643092750168885,12.217,57.1
25903,1970-12-05 00:00:00,0.1167026289915042,-0.0899529119408324,0.3233581699238409,12.217,57.1
25904,1970-12-06 00:00:00,0.1900640716864411,-0.0166196538879149,0.3967477972607973,12.217,57.1
25905,1970-12-07 00:00:00,0.240449278553306,0.034119596460434,0.4467789606461781,12.217,57.1
25906,1970-12-08 00:00:00,0.0594733928763508,-0.1488288139443578,0.2677755996970595,12.217,57.1
25907,1970-12-09 00:00:00,-0.0091959218296812,-0.2158987893468834,0.1975069456875209,12.217,57.1
25908,1970-12-10 00:00:00,-0.005018375944824,-0.2107831060649637,0.2007463541753157,12.217,57.1
25909,1970-12-11 00:00:00,-0.0103011330304794,-0.2159938605131485,0.1953915944521896,12.217,57.1
25910,1970-12-12 00:00:00,0.004795976716737,-0.2007165339084115,0.2103084873418857,12.217,57.1
25911,1970-12-13 00:00:00,0.0845122754891637,-0.1210062651325412,0.2900308161108688,12.217,57.1
25912,1970-12-14 00:00:00,0.2058736899873543,7.34969300562327e-05,0.4116738830446524,12.217,57.1
25913,1970-12-15 00:00:00,-0.0080411106613094,-0.2142865350415019,0.198204313718883,12.217,57.1
25914,1970-12-16 00:00:00,-0.0587673859921455,-0.2644253872411663,0.1468906152568752,12.217,57.1
25915,1970-12-17 00:00:00,0.051631760120394,-0.1539407827484515,0.2572043029892396,12.217,57.1
25916,1970-12-18 00:00:00,0.1897265542028139,-0.0162392472023291,0.3956923556079571,12.217,57.1
25917,1970-12-19 00:00:00,0.0999965483432008,-0.1058303918879557,0.3058234885743574,12.217,57.1
25918,1970-12-20 00:00:00,0.1932326053489335,-0.0123853952866354,0.3988506059845026,12.217,57.1
25919,1970-12-21 00:00:00,0.2465388113156507,0.0407105869277056,0.4523670357035957,12.217,57.1
25920,1970-12-22 00:00:00,-0.0131669970682017,-0.2199598069939355,0.1936258128575319,12.217,57.1
25921,1970-12-23 00:00:00,-0.088141274688184,-0.2943585183534205,0.1180759689770525,12.217,57.1
25922,1970-12-24 00:00:00,-0.0961024376977107,-0.3017082729982305,0.1095033976028091,12.217,57.1
25923,1970-12-25 00:00:00,-0.1175064854052747,-0.3231522471078487,0.0881392762972992,12.217,57.1
25924,1970-12-26 00:00:00,-0.0940636119671923,-0.2997769717233645,0.1116497477889797,12.217,57.1
25925,1970-12-27 00:00:00,-0.0855698403131296,-0.2911353086097997,0.1199956279835404,12.217,57.1
25926,1970-12-28 00:00:00,-0.0521528398355699,-0.2576986185111468,0.1533929388400068,12.217,57.1
25927,1970-12-29 00:00:00,-0.0874391602320854,-0.2933636520418702,0.1184853315776992,12.217,57.1
25928,1970-12-30 00:00:00,0.0157763706621445,-0.1904301599729997,0.2219829012972888,12.217,57.1
25929,1970-12-31 00:00:00,0.029066966035105,-0.1777343453003081,0.2358682773705182,12.217,57.1
25930,1971-01-01 00:00:00,0.0001885942373827,-0.2062987490708341,0.2066759375455996,12.217,57.1
25931,1971-01-02 00:00:00,0.0575710941497701,-0.1481798135242497,0.26332200182379,12.217,57.1
25932,1971-01-03 00:00:00,0.0642967293568171,-0.141351555348499,0.2699450140621332,12.217,57.1
25933,1971-01-04 00:00:00,0.1049452205200513,-0.1007348935294839,0.3106253345695866,12.217,57.1
25934,1971-01-05 00:00:00,0.1882988647750214,-0.0175877423167485,0.3941854718667913,12.217,57.1
25935,1971-01-06 00:00:00,-0.0213102284305263,-0.2273587003902994,0.1847382435292467,12.217,57.1
25936,1971-01-07 00:00:00,0.0077045338791851,-0.1983183815203941,0.2137274492787643,12.217,57.1
25937,1971-01-08 00:00:00,0.2244094441992977,0.0164420623658957,0.4323768260326996,12.217,57.1
25938,1971-01-09 00:00:00,0.2523351942890253,0.0452724990184498,0.4593978895596007,12.217,57.1
25939,1971-01-10 00:00:00,0.0788396530803292,-0.1273252152684115,0.28500452142907,12.217,57.1
25940,1971-01-11 00:00:00,0.1490628961867572,-0.0577847839017217,0.3559105762752363,12.217,57.1
25941,1971-01-12 00:00:00,-0.0014406017323193,-0.207323186645844,0.2044419831812053,12.217,57.1
25942,1971-01-13 00:00:00,-0.0109308714363835,-0.2165232858478974,0.1946615429751303,12.217,57.1
25943,1971-01-14 00:00:00,-0.044179861136219,-0.2497697774054738,0.1614100551330357,12.217,57.1
25944,1971-01-15 00:00:00,0.053521570273986,-0.1521359916905437,0.2591791322385157,12.217,57.1
25945,1971-01-16 00:00:00,0.119641226219202,-0.0859341920897962,0.3252166445282004,12.217,57.1
25946,1971-01-17 00:00:00,0.1548892684186296,-0.0506940634960249,0.3604726003332842,12.217,57.1
25947,1971-01-18 00:00:00,0.2244195539590236,0.0186760674384932,0.430163040479554,12.217,57.1
25948,1971-01-19 00:00:00,0.1808049428626078,-0.0253041638163536,0.3869140495415694,12.217,57.1
25949,1971-01-20 00:00:00,0.3573719082932631,0.1511445737299056,0.5635992428566207,12.217,57.1
25950,1971-01-21 00:00:00,0.3350833034016069,0.1290559054217786,0.5411107013814352,12.217,57.1
25951,1971-01-22 00:00:00,0.1782495325815512,-0.027701940509176,0.3842010056722785,12.217,57.1
25952,1971-01-23 00:00:00,0.2038375915729137,-0.0022686486617881,0.4099438318076157,12.217,57.1
25953,1971-01-24 00:00:00,0.2091886645630778,0.0021878826892894,0.4161894464368662,12.217,57.1
25954,1971-01-25 00:00:00,0.4573663602345372,0.2486782238800047,0.6660544965890697,12.217,57.1
25955,1971-01-26 00:00:00,0.3604140636489804,0.1530513722631863,0.5677767550347745,12.217,57.1
25956,1971-01-27 00:00:00,0.2370062387190524,0.0309455594451093,0.4430669179929956,12.217,57.1
25957,1971-01-28 00:00:00,0.1243874496143525,-0.0814439317414083,0.3302188309701134,12.217,57.1
25958,1971-01-29 00:00:00,-0.0024530307915062,-0.2081971461146461,0.2032910845316336,12.217,57.1
25959,1971-01-30 00:00:00,-0.0217212266712856,-0.2273251716784223,0.183882718335851,12.217,57.1
25960,1971-01-31 00:00:00,0.0721055228975123,-0.1335985499031742,0.277809595698199,12.217,57.1
25961,1971-02-01 00:00:00,0.0618180959168021,-0.1444127327386357,0.26804892457224,12.217,57.1
25962,1971-02-02 00:00:00,-0.0691814609085613,-0.2758063089373251,0.1374433871202025,12.217,57.1
25963,1971-02-03 00:00:00,0.2350036005623496,0.0283865491615395,0.4416206519631597,12.217,57.1
25964,1971-02-04 00:00:00,0.0771953369698681,-0.1297710091665126,0.284161683106249,12.217,57.1
25965,1971-02-05 00:00:00,-0.0336735953560274,-0.2396582192543025,0.1723110285422477,12.217,57.1
25966,1971-02-06 00:00:00,-0.0257856696825451,-0.2316563730254931,0.1800850336604028,12.217,57.1
25967,1971-02-07 00:00:00,0.0035418582149623,-0.2022703616997856,0.2093540781297103,12.217,57.1
25968,1971-02-08 00:00:00,0.1078173817673167,-0.0980004388153121,0.3136352023499457,12.217,57.1
25969,1971-02-09 00:00:00,0.0606644861300094,-0.1459532540503119,0.2672822263103307,12.217,57.1
25970,1971-02-10 00:00:00,-0.01070457425961,-0.2164341261352079,0.1950249776159878,12.217,57.1
25971,1971-02-11 00:00:00,0.0536964730895687,-0.1517532547382512,0.2591462009173886,12.217,57.1
25972,1971-02-12 00:00:00,0.0796675394954503,-0.1258248248470993,0.285159903838,12.217,57.1
25973,1971-02-13 00:00:00,0.2235391387340788,0.0176488745040543,0.4294294029641033,12.217,57.1
25974,1971-02-14 00:00:00,0.4432827393268071,0.2369307887602838,0.6496346898933304,12.217,57.1
25975,1971-02-15 00:00:00,0.3156134164869172,0.1098033348018935,0.5214234981719409,12.217,57.1
25976,1971-02-16 00:00:00,0.3128897361483599,0.1066011074261437,0.5191783648705761,12.217,57.1
25977,1971-02-17 00:00:00,0.2668968096738646,0.0599942077556576,0.4737994115920715,12.217,57.1
25978,1971-02-18 00:00:00,0.0984557504881176,-0.1075626744010128,0.3044741753772482,12.217,57.1
25979,1971-02-19 00:00:00,0.0535683639278494,-0.1521180050680915,0.2592547329237904,12.217,57.1
25980,1971-02-20 00:00:00,-0.0446911614110407,-0.2502404368284474,0.1608581140063659,12.217,57.1
25981,1971-02-21 00:00:00,0.0663136737364161,-0.1391492411705589,0.2717765886433911,12.217,57.1
25982,1971-02-22 00:00:00,0.1183631045417026,-0.0872335726445936,0.3239597817279989,12.217,57.1
25983,1971-02-23 00:00:00,-0.0306316339568887,-0.2363948306463559,0.1751315627325784,12.217,57.1
25984,1971-02-24 00:00:00,0.0061946072593673,-0.1997121520964554,0.2121013666151901,12.217,57.1
25985,1971-02-25 00:00:00,0.1485963734493683,-0.0576111026158137,0.3548038495145504,12.217,57.1
25986,1971-02-26 00:00:00,0.1371815093738302,-0.0715138823155971,0.3458769010632576,12.217,57.1
25987,1971-02-27 00:00:00,0.0080173027683214,-0.2005411204088325,0.2165757259454753,12.217,57.1
25988,1971-02-28 00:00:00,-0.1470419279613563,-0.3538993402065382,0.0598154842838256,12.217,57.1
25989,1971-03-01 00:00:00,-0.1363756306478154,-0.3451249391091423,0.0723736778135114,12.217,57.1
25990,1971-03-02 00:00:00,-0.1280940204186091,-0.3341856561846517,0.0779976153474334,12.217,57.1
25991,1971-03-03 00:00:00,-0.1060879446733606,-0.3118553303396882,0.0996794409929668,12.217,57.1
25992,1971-03-04 00:00:00,-0.177392631412139,-0.383155114647377,0.0283698518230989,12.217,57.1
25993,1971-03-05 00:00:00,-0.1695216682693995,-0.3753670024542144,0.0363236659154153,12.217,57.1
25994,1971-03-06 00:00:00,-0.12191549355526,-0.3282140461181573,0.0843830590076372,12.217,57.1
25995,1971-03-07 00:00:00,-0.0289368135000706,-0.2345688419868773,0.1766952149867361,12.217,57.1
25996,1971-03-08 00:00:00,0.0502537007514145,-0.1552927859482574,0.2558001874510866,12.217,57.1
25997,1971-03-09 00:00:00,0.1032632617537376,-0.1024948558938646,0.3090213794013399,12.217,57.1
25998,1971-03-10 00:00:00,0.1739093431253595,-0.0329321543940306,0.3807508406447497,12.217,57.1
25999,1971-03-11 00:00:00,0.2569162967704516,0.0421503361848729,0.4716822573560302,12.217,57.1
26000,1971-03-12 00:00:00,-0.0481791261164884,-0.2721084396272257,0.1757501873942487,12.217,57.1
26001,1971-03-13 00:00:00,0.1781084849980589,-0.0285935754162373,0.3848105454123551,12.217,57.1
26002,1971-03-14 00:00:00,0.4089175583128828,0.2021801488265048,0.6156549677992608,12.217,57.1
26003,1971-03-15 00:00:00,0.1786606679328683,-0.0273629757168583,0.3846843115825949,12.217,57.1
26004,1971-03-16 00:00:00,0.2215805330534961,0.015908362155718,0.4272527039512742,12.217,57.1
26005,1971-03-17 00:00:00,0.1118858945323924,-0.0938480005041453,0.3176197895689301,12.217,57.1
26006,1971-03-18 00:00:00,0.2024011882451033,-0.0034138144715528,0.4082161909617595,12.217,57.1
26007,1971-03-19 00:00:00,0.1831839814060639,-0.0228323449301176,0.3892003077422455,12.217,57.1
26008,1971-03-20 00:00:00,0.1262904427784893,-0.0794511941611384,0.3320320797181171,12.217,57.1
26009,1971-03-21 00:00:00,0.0457928042543125,-0.1597046171114486,0.2512902256200737,12.217,57.1
26010,1971-03-22 00:00:00,-0.0099386405463769,-0.2154087578218369,0.195531476729083,12.217,57.1
26011,1971-03-23 00:00:00,0.0703674758135907,-0.135895164329899,0.2766301159570806,12.217,57.1
26012,1971-03-24 00:00:00,0.0871705130627478,-0.1194089581807361,0.2937499843062319,12.217,57.1
26013,1971-03-25 00:00:00,0.1928759215387013,-0.0131774440785538,0.3989292871559565,12.217,57.1
26014,1971-03-26 00:00:00,0.2755850300561903,0.0697160249936642,0.4814540351187163,12.217,57.1
26015,1971-03-27 00:00:00,0.1530703897282447,-0.0526019979043486,0.3587427773608381,12.217,57.1
26016,1971-03-28 00:00:00,-0.0143164882632918,-0.2203488630575728,0.1917158865309891,12.217,57.1
26017,1971-03-29 00:00:00,0.0177540962804599,-0.1877868938865252,0.2232950864474452,12.217,57.1
26018,1971-03-30 00:00:00,0.026513833094664,-0.178960373559739,0.2319880397490671,12.217,57.1
26019,1971-03-31 00:00:00,-0.032600952650169,-0.2381436783205869,0.1729417730202487,12.217,57.1
26020,1971-04-01 00:00:00,-0.0047734818509124,-0.2102918215812283,0.2007448578794033,12.217,57.1
26021,1971-04-02 00:00:00,0.1330298167876317,-0.0726177717056481,0.3386774052809115,12.217,57.1
26022,1971-04-03 00:00:00,0.0158450990713722,-0.1897494417941664,0.2214396399369109,12.217,57.1
26023,1971-04-04 00:00:00,0.0406825142251973,-0.1650300214931995,0.2463950499435941,12.217,57.1
26024,1971-04-05 00:00:00,-0.0265419962034979,-0.2323814033012032,0.1792974108942074,12.217,57.1
26025,1971-04-06 00:00:00,-0.0069811260549557,-0.2127455992160229,0.1987833471061113,12.217,57.1
26026,1971-04-07 00:00:00,-0.0097044703542985,-0.2156509455133266,0.1962420048047295,12.217,57.1
26027,1971-04-08 00:00:00,-0.003416359339713,-0.2091834893562691,0.2023507706768431,12.217,57.1
26028,1971-04-09 00:00:00,0.0093753546708135,-0.1960709714305881,0.2148216807722151,12.217,57.1
26029,1971-04-10 00:00:00,-0.0213128739637708,-0.2266974491632658,0.1840717012357242,12.217,57.1
26030,1971-04-11 00:00:00,-0.0706134456957056,-0.2761753143259786,0.1349484229345673,12.217,57.1
26031,1971-04-12 00:00:00,0.0384153792899642,-0.1673543102652313,0.2441850688451598,12.217,57.1
26032,1971-04-13 00:00:00,0.0146993806393323,-0.1909051525953022,0.220303913873967,12.217,57.1
26033,1971-04-14 00:00:00,-0.0241911802108396,-0.229782186537549,0.1813998261158697,12.217,57.1
26034,1971-04-15 00:00:00,0.0034453122162372,-0.2021384663426267,0.2090290907751012,12.217,57.1
26035,1971-04-16 00:00:00,0.0712758154528801,-0.1342718460739516,0.2768234769797118,12.217,57.1
26036,1971-04-17 00:00:00,0.2290937381824313,0.0233080509679944,0.4348794253968682,12.217,57.1
26037,1971-04-18 00:00:00,0.2857324202558277,0.0798855634060423,0.491579277105613,12.217,57.1
26038,1971-04-19 00:00:00,0.2363557849167428,0.0289644922984962,0.4437470775349895,12.217,57.1
26039,1971-04-20 00:00:00,0.1417332719498634,-0.065103853319012,0.3485703972187389,12.217,57.1
26040,1971-04-21 00:00:00,0.0486894697017593,-0.157186014863222,0.2545649542667407,12.217,57.1
26041,1971-04-22 00:00:00,-0.031323032014282,-0.236864861442484,0.1742187974139198,12.217,57.1
26042,1971-04-23 00:00:00,-0.0087526831372074,-0.2142599031035,0.1967545368290852,12.217,57.1
26043,1971-04-24 00:00:00,-0.1116788077959572,-0.3183471341647697,0.0949895185728551,12.217,57.1
26044,1971-04-25 00:00:00,0.004215960804541,-0.2025810844122404,0.2110130060213224,12.217,57.1
26045,1971-04-26 00:00:00,-0.0014669822598402,-0.2077869930687579,0.2048530285490773,12.217,57.1
26046,1971-04-27 00:00:00,0.0142335238317519,-0.1915773728665745,0.2200444205300784,12.217,57.1
26047,1971-04-28 00:00:00,0.0853484997250327,-0.1201629642652835,0.2908599637153491,12.217,57.1
26048,1971-04-29 00:00:00,0.0950986154452706,-0.1105161927583673,0.3007134236489087,12.217,57.1
26049,1971-04-30 00:00:00,0.0350173512525124,-0.1718130855700406,0.2418477880750654,12.217,57.1
26050,1971-05-01 00:00:00,-0.0098413979167093,-0.2156128565906374,0.1959300607572187,12.217,57.1
26051,1971-05-02 00:00:00,0.0217734412234255,-0.1837957174146781,0.2273425998615291,12.217,57.1
26052,1971-05-03 00:00:00,0.0463640838372132,-0.1592468747507401,0.2519750424251667,12.217,57.1
26053,1971-05-04 00:00:00,0.0245834318678827,-0.1812736336557718,0.2304404973915372,12.217,57.1
26054,1971-05-05 00:00:00,0.0012613673169258,-0.2043502156436406,0.2068729502774924,12.217,57.1
26055,1971-05-06 00:00:00,-0.0149361593761552,-0.2204018785469508,0.1905295597946403,12.217,57.1
26056,1971-05-07 00:00:00,-0.0049660329537034,-0.2104007843895027,0.2004687184820958,12.217,57.1
26057,1971-05-08 00:00:00,0.024017655059234,-0.1814528369041458,0.229488147022614,12.217,57.1
26058,1971-05-09 00:00:00,0.070116133162245,-0.1354013451126344,0.2756336114371245,12.217,57.1
26059,1971-05-10 00:00:00,0.051427603172865,-0.1540363681383208,0.2568915744840508,12.217,57.1
26060,1971-05-11 00:00:00,0.0707800942396097,-0.135061977752325,0.2766221662315444,12.217,57.1
26061,1971-05-12 00:00:00,0.0222225415387481,-0.1835396283113471,0.2279847113888435,12.217,57.1
26062,1971-05-13 00:00:00,-0.0409952265753991,-0.2467797173292607,0.1647892641784624,12.217,57.1
26063,1971-05-14 00:00:00,-0.0370632584594912,-0.2426346773078375,0.168508160388855,12.217,57.1
26064,1971-05-15 00:00:00,0.0342730161389929,-0.171330711031854,0.2398767433098398,12.217,57.1
26065,1971-05-16 00:00:00,0.1758788012901662,-0.0299832279380561,0.3817408305183887,12.217,57.1
26066,1971-05-17 00:00:00,0.1137256135915415,-0.0920128212187636,0.3194640484018467,12.217,57.1
26067,1971-05-18 00:00:00,0.1520769148180699,-0.0537543788886122,0.3579082085247521,12.217,57.1
26068,1971-05-19 00:00:00,0.1210940103836024,-0.0848829286389483,0.3270709494061531,12.217,57.1
26069,1971-05-20 00:00:00,0.0541574386465018,-0.1515901337281395,0.2599050110211431,12.217,57.1
26070,1971-05-21 00:00:00,0.0654567374024861,-0.140078016450048,0.2709914912550203,12.217,57.1
26071,1971-05-22 00:00:00,0.061350469035484,-0.1442329052238783,0.2669338432948464,12.217,57.1
26072,1971-05-23 00:00:00,0.00347230871436,-0.2022122323979345,0.2091568498266546,12.217,57.1
26073,1971-05-24 00:00:00,-0.0106732155626113,-0.2165856432057389,0.1952392120805162,12.217,57.1
26074,1971-05-25 00:00:00,-0.0714243232851871,-0.2775955900195871,0.1347469434492128,12.217,57.1
26075,1971-05-26 00:00:00,-0.008578159008034,-0.2146855859906463,0.1975292679745782,12.217,57.1
26076,1971-05-27 00:00:00,0.0883897357397474,-0.1175379449713831,0.2943174164508781,12.217,57.1
26077,1971-05-28 00:00:00,0.0008093775663013,-0.2050930608729246,0.2067118160055273,12.217,57.1
26078,1971-05-29 00:00:00,0.2053982687898872,-0.002425680353126,0.4132222179329005,12.217,57.1
26079,1971-05-30 00:00:00,0.0005390477107381,-0.206874616271563,0.2079527116930392,12.217,57.1
26080,1971-05-31 00:00:00,-0.0816527339303675,-0.2877441296778806,0.1244386618171456,12.217,57.1
26081,1971-06-01 00:00:00,-0.018246341144247,-0.2238896424083986,0.1873969601199046,12.217,57.1
26082,1971-06-02 00:00:00,-0.0663192320286118,-0.2718305179974041,0.1391920539401804,12.217,57.1
26083,1971-06-03 00:00:00,-0.0265908852252918,-0.2320594783077067,0.178877707857123,12.217,57.1
26084,1971-06-04 00:00:00,-0.0170088913223815,-0.2225617273449037,0.1885439447001405,12.217,57.1
26085,1971-06-05 00:00:00,0.0420921164675149,-0.1634493258854935,0.2476335588205234,12.217,57.1
26086,1971-06-06 00:00:00,0.043209218647064,-0.16235039735588,0.248768834650008,12.217,57.1
26087,1971-06-07 00:00:00,0.0298027963876791,-0.175901274568093,0.2355068673434513,12.217,57.1
26088,1971-06-08 00:00:00,0.1138077994595427,-0.0919633131614187,0.3195789120805044,12.217,57.1
26089,1971-06-09 00:00:00,0.0796391758397006,-0.1264522305580333,0.2857305822374345,12.217,57.1
26090,1971-06-10 00:00:00,0.0659386884011199,-0.1397109529107661,0.271588329713006,12.217,57.1
26091,1971-06-11 00:00:00,-0.0055997654948307,-0.2111879120464931,0.1999883810568317,12.217,57.1
26092,1971-06-12 00:00:00,0.0343668272591154,-0.1716620978535801,0.240395752371811,12.217,57.1
26093,1971-06-13 00:00:00,0.0235111128360794,-0.1832272429910968,0.2302494686632557,12.217,57.1
26094,1971-06-14 00:00:00,0.1232973204770502,-0.0823760093059338,0.3289706502600342,12.217,57.1
26095,1971-06-15 00:00:00,0.1967668051108583,-0.0091259272068159,0.4026595374285326,12.217,57.1
26096,1971-06-16 00:00:00,0.0709907761028166,-0.1348069544574631,0.2767885066630963,12.217,57.1
26097,1971-06-17 00:00:00,0.2672233656520583,0.0611568554598595,0.4732898758442571,12.217,57.1
26098,1971-06-18 00:00:00,0.1756062194428124,-0.0307495752707533,0.3819620141563783,12.217,57.1
26099,1971-06-19 00:00:00,0.1688731726671306,-0.0374502385167266,0.375196583850988,12.217,57.1
26100,1971-06-20 00:00:00,0.1085659943161784,-0.0970609438808959,0.3141929325132528,12.217,57.1
26101,1971-06-21 00:00:00,0.07944333685507,-0.1260130685278961,0.2848997422380361,12.217,57.1
26102,1971-06-22 00:00:00,0.078959722361236,-0.1265474039513196,0.2844668486737918,12.217,57.1
26103,1971-06-23 00:00:00,0.0576543341168913,-0.1482104272517668,0.2635190954855495,12.217,57.1
26104,1971-06-24 00:00:00,0.0427392457693654,-0.1629083056054054,0.2483867971441362,12.217,57.1
26105,1971-06-25 00:00:00,0.1642351904050915,-0.0413236560020188,0.3697940368122019,12.217,57.1
26106,1971-06-26 00:00:00,0.1443174058301954,-0.0614529973411572,0.3500878090015482,12.217,57.1
26107,1971-06-27 00:00:00,0.1255138544119628,-0.0800482707920054,0.331075979615931,12.217,57.1
26108,1971-06-28 00:00:00,0.2170210851347144,0.0105511849393067,0.4234909853301221,12.217,57.1
26109,1971-06-29 00:00:00,0.1330261868935388,-0.0736804470511969,0.3397328208382746,12.217,57.1
26110,1971-06-30 00:00:00,0.0603779133277308,-0.1458674939591436,0.2666233206146053,12.217,57.1
26111,1971-07-01 00:00:00,0.0106869427235831,-0.1949572479120594,0.2163311333592256,12.217,57.1
26112,1971-07-02 00:00:00,0.032871346373952,-0.1729515684905041,0.2386942612384082,12.217,57.1
26113,1971-07-03 00:00:00,0.0078704382404614,-0.1977870801366612,0.213527956617584,12.217,57.1
26114,1971-07-04 00:00:00,-0.0247040043390435,-0.2301640602473702,0.1807560515692831,12.217,57.1
26115,1971-07-05 00:00:00,0.0186943216838849,-0.1868244418160198,0.2242130851837898,12.217,57.1
26116,1971-07-06 00:00:00,0.0019591780305754,-0.2035627568567045,0.2074811129178554,12.217,57.1
26117,1971-07-07 00:00:00,-0.0250306018240408,-0.2306931698764838,0.1806319662284022,12.217,57.1
26118,1971-07-08 00:00:00,-0.0244316467591904,-0.2301640006808973,0.1813007071625164,12.217,57.1
26119,1971-07-09 00:00:00,0.0014676559268322,-0.2041212563452784,0.2070565681989429,12.217,57.1
26120,1971-07-10 00:00:00,0.0164438824142821,-0.1891355258715167,0.222023290700081,12.217,57.1
26121,1971-07-11 00:00:00,0.0247065083653782,-0.181017662912089,0.2304306796428455,12.217,57.1
26122,1971-07-12 00:00:00,0.154549138307,-0.0512843439297798,0.3603826205437798,12.217,57.1
26123,1971-07-13 00:00:00,0.0393968075885148,-0.1671616125483251,0.2459552277253548,12.217,57.1
26124,1971-07-14 00:00:00,0.0756044800119596,-0.1303363181240822,0.2815452781480015,12.217,57.1
26125,1971-07-15 00:00:00,0.1970103070129551,-0.0088300719150802,0.4028506859409905,12.217,57.1
26126,1971-07-16 00:00:00,0.3969694658960876,0.1900541556457115,0.6038847761464637,12.217,57.1
26127,1971-07-17 00:00:00,0.5456007520225278,0.3373195532129862,0.7538819508320693,12.217,57.1
26128,1971-07-18 00:00:00,0.1861145332863632,-0.0216830773094604,0.393912143882187,12.217,57.1
26129,1971-07-19 00:00:00,0.1167607149775624,-0.0888218939037222,0.3223433238588471,12.217,57.1
26130,1971-07-20 00:00:00,0.0995922751385827,-0.1059603090072739,0.3051448592844393,12.217,57.1
26131,1971-07-21 00:00:00,0.0771190718208442,-0.1283847860711932,0.2826229297128818,12.217,57.1
26132,1971-07-22 00:00:00,0.1055036780130283,-0.099973029392846,0.3109803854189027,12.217,57.1
26133,1971-07-23 00:00:00,0.1349559432338372,-0.0705389822874766,0.3404508687551512,12.217,57.1
26134,1971-07-24 00:00:00,0.0698798122729096,-0.1357346035737059,0.2754942281195253,12.217,57.1
26135,1971-07-25 00:00:00,0.1815964284564848,-0.0246329796414858,0.3878258365544555,12.217,57.1
26136,1971-07-26 00:00:00,0.064941373563884,-0.1410736587307969,0.2709564058585649,12.217,57.1
26137,1971-07-27 00:00:00,0.0542296974662232,-0.1515762146618854,0.260035609594332,12.217,57.1
26138,1971-07-28 00:00:00,-0.0034884883111063,-0.2090776055527632,0.2021006289305505,12.217,57.1
26139,1971-07-29 00:00:00,0.0045529028221405,-0.2010426023876939,0.2101484080319751,12.217,57.1
26140,1971-07-30 00:00:00,0.0191834896447426,-0.1866375680820281,0.2250045473715135,12.217,57.1
26141,1971-07-31 00:00:00,0.0132106748278586,-0.1924712214481176,0.2188925711038349,12.217,57.1
26142,1971-08-01 00:00:00,0.0788637402865216,-0.1267406201202039,0.2844681006932471,12.217,57.1
26143,1971-08-02 00:00:00,0.0473170579390649,-0.1583548204844367,0.2529889363625666,12.217,57.1
26144,1971-08-03 00:00:00,0.065755429347939,-0.1398508403809101,0.2713616990767881,12.217,57.1
26145,1971-08-04 00:00:00,0.0571317807415113,-0.1484706491899196,0.2627342106729424,12.217,57.1
26146,1971-08-05 00:00:00,0.1624790278212138,-0.0433790464299232,0.3683371020723508,12.217,57.1
26147,1971-08-06 00:00:00,0.1484196914159097,-0.0571994025927581,0.3540387854245777,12.217,57.1
26148,1971-08-07 00:00:00,0.1100752439926443,-0.0955208710573523,0.315671359042641,12.217,57.1
26149,1971-08-08 00:00:00,0.1060643665087215,-0.1003290514938333,0.3124577845112765,12.217,57.1
26150,1971-08-09 00:00:00,0.1869883451923077,-0.0197823235740805,0.393759013958696,12.217,57.1
26151,1971-08-10 00:00:00,0.3130601553911393,0.1072296532233302,0.5188906575589485,12.217,57.1
26152,1971-08-11 00:00:00,0.1499969501044247,-0.0562464158071186,0.3562403160159682,12.217,57.1
26153,1971-08-12 00:00:00,0.0992738920695513,-0.1065701089498317,0.3051178930889344,12.217,57.1
26154,1971-08-13 00:00:00,0.1929770865570763,-0.0128184221812304,0.3987725952953832,12.217,57.1
26155,1971-08-14 00:00:00,0.1516343450120074,-0.0540342522635511,0.3573029422875661,12.217,57.1
26156,1971-08-15 00:00:00,0.1214875779866657,-0.0845259025051227,0.3275010584784543,12.217,57.1
26157,1971-08-16 00:00:00,0.1659366719612829,-0.0402952390842372,0.3721685830068031,12.217,57.1
26158,1971-08-17 00:00:00,0.1567323391633896,-0.0489414505730859,0.3624061288998652,12.217,57.1
26159,1971-08-18 00:00:00,0.0539386250000378,-0.1515531753231224,0.259430425323198,12.217,57.1
26160,1971-08-19 00:00:00,0.0138822820496325,-0.1915666653148592,0.2193312294141242,12.217,57.1
26161,1971-08-20 00:00:00,0.0295137149433538,-0.1759536978014509,0.2349811276881586,12.217,57.1
26162,1971-08-21 00:00:00,0.0226080717201208,-0.1829318863704558,0.2281480298106975,12.217,57.1
26163,1971-08-22 00:00:00,-0.0134838318575345,-0.2191452401092534,0.1921775763941842,12.217,57.1
26164,1971-08-23 00:00:00,-0.0833677684265158,-0.2891777340663171,0.1224421972132853,12.217,57.1
26165,1971-08-24 00:00:00,-0.0652309867567367,-0.2711767166448547,0.1407147431313812,12.217,57.1
26166,1971-08-25 00:00:00,-0.0196822662425681,-0.2253750448598417,0.1860105123747053,12.217,57.1
26167,1971-08-26 00:00:00,0.0268755084258717,-0.1786780482244265,0.23242906507617,12.217,57.1
26168,1971-08-27 00:00:00,0.1042898421446672,-0.1013514711031279,0.3099311553924623,12.217,57.1
26169,1971-08-28 00:00:00,0.1161021520356721,-0.0897425012024335,0.3219468052737778,12.217,57.1
26170,1971-08-29 00:00:00,0.4166954430508242,0.2097031227337854,0.623687763367863,12.217,57.1
26171,1971-08-30 00:00:00,0.2111974479020695,0.0040530258895838,0.4183418699145551,12.217,57.1
26172,1971-08-31 00:00:00,0.2126295341513012,0.0067709525664259,0.4184881157361766,12.217,57.1
26173,1971-09-01 00:00:00,0.1285934274268021,-0.0769512574752041,0.3341381123288083,12.217,57.1
26174,1971-09-02 00:00:00,0.2825259339315651,0.0763681259927973,0.4886837418703328,12.217,57.1
26175,1971-09-03 00:00:00,0.2500255577928912,0.0439190298444171,0.4561320857413654,12.217,57.1
26176,1971-09-04 00:00:00,0.1306239837608368,-0.0754676809086584,0.3367156484303321,12.217,57.1
26177,1971-09-05 00:00:00,0.1454995538381111,-0.0605984688190828,0.3515975764953051,12.217,57.1
26178,1971-09-06 00:00:00,0.0274956798035512,-0.1784331054452204,0.2334244650523229,12.217,57.1
26179,1971-09-07 00:00:00,-0.0656267051777159,-0.2712396703829888,0.1399862600275568,12.217,57.1
26180,1971-09-08 00:00:00,-0.0847229985824487,-0.2901727092474165,0.120726712082519,12.217,57.1
26181,1971-09-09 00:00:00,-0.0564323937889753,-0.262082852164835,0.1492180645868843,12.217,57.1
26182,1971-09-10 00:00:00,-0.0020314778646249,-0.2093959370062935,0.2053329812770437,12.217,57.1
26183,1971-09-11 00:00:00,-0.1227799340424432,-0.331197625228537,0.0856377571436504,12.217,57.1
26184,1971-09-12 00:00:00,0.0407748003382762,-0.165020355385658,0.2465699560622105,12.217,57.1
26185,1971-09-13 00:00:00,-0.0040607271686132,-0.2098957563284792,0.2017743019912527,12.217,57.1
26186,1971-09-14 00:00:00,-0.0319473339756475,-0.2378150271574797,0.1739203592061845,12.217,57.1
26187,1971-09-15 00:00:00,-0.0505001033734768,-0.2560329144850535,0.1550327077380998,12.217,57.1
26188,1971-09-16 00:00:00,-0.0996880072474484,-0.3051919369781833,0.1058159224832864,12.217,57.1
26189,1971-09-17 00:00:00,-0.0346284488971834,-0.240166710144367,0.17090981235,12.217,57.1
26190,1971-09-18 00:00:00,0.070101546936027,-0.135520701248513,0.2757237951205671,12.217,57.1
26191,1971-09-19 00:00:00,0.0629125949488607,-0.1428060298916234,0.2686312197893448,12.217,57.1
26192,1971-09-20 00:00:00,0.095765833977137,-0.1098474473669105,0.3013791153211846,12.217,57.1
26193,1971-09-21 00:00:00,0.0381671882717971,-0.1677464192977519,0.2440807958413462,12.217,57.1
26194,1971-09-22 00:00:00,0.1083925400281268,-0.0972474174508283,0.314032497507082,12.217,57.1
26195,1971-09-23 00:00:00,0.0347935134901743,-0.1708222057936246,0.2404092327739733,12.217,57.1
26196,1971-09-24 00:00:00,0.1228096188571955,-0.0828903789663769,0.328509616680768,12.217,57.1
26197,1971-09-25 00:00:00,0.2367904999572543,0.0303605345769075,0.443220465337601,12.217,57.1
26198,1971-09-26 00:00:00,0.1404032093052799,-0.0659571974958138,0.3467636161063736,12.217,57.1
26199,1971-09-27 00:00:00,0.0251203691245602,-0.1805800667715437,0.2308208050206642,12.217,57.1
26200,1971-09-28 00:00:00,0.0084940627540799,-0.1970457560918143,0.2140338815999742,12.217,57.1
26201,1971-09-29 00:00:00,-0.0128527625478628,-0.2183392383960626,0.1926337133003369,12.217,57.1
26202,1971-09-30 00:00:00,0.0251932275877003,-0.1803494085851956,0.2307358637605963,12.217,57.1
26203,1971-10-01 00:00:00,0.0538941764472683,-0.1517926691797293,0.259581022074266,12.217,57.1
26204,1971-10-02 00:00:00,0.2323946318323258,0.0265341358152384,0.4382551278494132,12.217,57.1
26205,1971-10-03 00:00:00,0.0832993411619881,-0.122805248771951,0.2894039310959274,12.217,57.1
26206,1971-10-04 00:00:00,0.0804636779152512,-0.1258480722638729,0.2867754280943754,12.217,57.1
26207,1971-10-05 00:00:00,0.0198821035038185,-0.1878231731729756,0.2275873801806126,12.217,57.1
26208,1971-10-06 00:00:00,-0.0741783313332105,-0.2804452583072936,0.1320885956408725,12.217,57.1
26209,1971-10-07 00:00:00,0.3162832308670013,0.109554427635489,0.5230120340985135,12.217,57.1
26210,1971-10-08 00:00:00,0.4098728354402584,0.2030854781143184,0.6166601927661984,12.217,57.1
26211,1971-10-09 00:00:00,0.130505821756299,-0.0758476263394817,0.3368592698520798,12.217,57.1
26212,1971-10-10 00:00:00,0.215924787281047,0.0101312533381176,0.4217183212239764,12.217,57.1
26213,1971-10-11 00:00:00,0.3698363761274353,0.1631431891979241,0.5765295630569465,12.217,57.1
26214,1971-10-12 00:00:00,0.3632447734675246,0.1558365246741103,0.570653022260939,12.217,57.1
26215,1971-10-13 00:00:00,0.126118816192682,-0.0807538350978365,0.3329914674832006,12.217,57.1
26216,1971-10-14 00:00:00,0.0100239215309907,-0.1959003434472313,0.2159481865092129,12.217,57.1
26217,1971-10-15 00:00:00,-0.0714823871436224,-0.2771424451705028,0.134177670883258,12.217,57.1
26218,1971-10-16 00:00:00,-0.0625603351915853,-0.268203367157844,0.1430826967746733,12.217,57.1
26219,1971-10-17 00:00:00,0.0752491721134484,-0.131223596905419,0.2817219411323158,12.217,57.1
26220,1971-10-18 00:00:00,0.2482391984099645,0.0412850692576592,0.4551933275622697,12.217,57.1
26221,1971-10-19 00:00:00,0.4443178355637313,0.2368072069145493,0.6518284642129133,12.217,57.1
26222,1971-10-20 00:00:00,0.4669238193170184,0.25863505406982,0.6752125845642168,12.217,57.1
26223,1971-10-21 00:00:00,0.5338995891757861,0.3263031065322041,0.7414960718193679,12.217,57.1
26224,1971-10-22 00:00:00,0.2722707249718381,0.0653806473040876,0.4791608026395886,12.217,57.1
26225,1971-10-23 00:00:00,0.6860574661142907,0.47432672481884,0.8977882074097415,12.217,57.1
26226,1971-10-24 00:00:00,0.0427926329456829,-0.1681114225357415,0.2536966884271073,12.217,57.1
26227,1971-10-25 00:00:00,0.1377040501777767,-0.068127386031119,0.3435354863866725,12.217,57.1
26228,1971-10-26 00:00:00,-0.0994979327269817,-0.305671154612952,0.1066752891589885,12.217,57.1
26229,1971-10-27 00:00:00,-0.1520164343361266,-0.3579054827440613,0.0538726140718081,12.217,57.1
26230,1971-10-28 00:00:00,-0.1127187610330345,-0.318260693112194,0.092823171046125,12.217,57.1
26231,1971-10-29 00:00:00,-0.0524138387504781,-0.257958928872169,0.1531312513712127,12.217,57.1
26232,1971-10-30 00:00:00,0.0100693100313606,-0.1953890883752754,0.2155277084379967,12.217,57.1
26233,1971-10-31 00:00:00,0.0621672396214694,-0.1433614268268865,0.2676959060698253,12.217,57.1
26234,1971-11-01 00:00:00,0.1841153408225763,-0.0216906528391832,0.3899213344843361,12.217,57.1
26235,1971-11-02 00:00:00,0.0990181945438327,-0.1069686274267358,0.3050050165144014,12.217,57.1
26236,1971-11-03 00:00:00,0.5132243677187354,0.3042159845080188,0.7222327509294519,12.217,57.1
26237,1971-11-04 00:00:00,0.2829455302448531,0.0723868562473415,0.4935042042423646,12.217,57.1
26238,1971-11-05 00:00:00,0.4780520126626788,0.2694153785814182,0.6866886467439395,12.217,57.1
26239,1971-11-06 00:00:00,0.3034405887501357,0.0946481556562618,0.5122330218440097,12.217,57.1
26240,1971-11-07 00:00:00,0.214990968987242,0.0031561458643651,0.4268257921101189,12.217,57.1
26241,1971-11-08 00:00:00,0.2801171866724675,0.0708364643237535,0.4893979090211814,12.217,57.1
26242,1971-11-09 00:00:00,0.2477500372724953,0.0405264389347179,0.4549736356102727,12.217,57.1
26243,1971-11-10 00:00:00,-0.0054095097283236,-0.2118097210484969,0.2009907015918496,12.217,57.1
26244,1971-11-11 00:00:00,-0.0056827266858756,-0.211662976444249,0.2002975230724978,12.217,57.1
26245,1971-11-12 00:00:00,0.1839659672555026,-0.0228461107793757,0.390778045290381,12.217,57.1
26246,1971-11-13 00:00:00,0.032098824966856,-0.1741540146287157,0.2383516645624278,12.217,57.1
26247,1971-11-14 00:00:00,0.215168536639286,0.0091112788387259,0.4212257944398461,12.217,57.1
26248,1971-11-15 00:00:00,0.1217050686405764,-0.0848017717695169,0.3282119090506697,12.217,57.1
26249,1971-11-16 00:00:00,0.4241704018542979,0.2178736963104292,0.6304671073981666,12.217,57.1
26250,1971-11-17 00:00:00,0.6832834485234603,0.4744150242309899,0.8921518728159308,12.217,57.1
26251,1971-11-18 00:00:00,0.3998108745522052,0.1907902506777742,0.6088314984266362,12.217,57.1
26252,1971-11-19 00:00:00,0.1330819824223835,-0.0742994594277465,0.3404634242725135,12.217,57.1
26253,1971-11-20 00:00:00,-0.0410056990927398,-0.2471528234327863,0.1651414252473066,12.217,57.1
26254,1971-11-21 00:00:00,0.1756525853094324,-0.030871144743861,0.382176315362726,12.217,57.1
26255,1971-11-22 00:00:00,0.1095440832986835,-0.1024815052428431,0.3215696718402102,12.217,57.1
26256,1971-11-23 00:00:00,0.1409180656118684,-0.0690497707154939,0.3508859019392308,12.217,57.1
26257,1971-11-24 00:00:00,-0.063293551558251,-0.2696254479532124,0.1430383448367104,12.217,57.1
26258,1971-11-25 00:00:00,0.0480590765563004,-0.1582515458732381,0.254369698985839,12.217,57.1
26259,1971-11-26 00:00:00,0.1645703541453892,-0.0423535968571284,0.371494305147907,12.217,57.1
26260,1971-11-27 00:00:00,0.196473988301656,-0.0092556858131461,0.4022036624164583,12.217,57.1
26261,1971-11-28 00:00:00,0.1842636044231068,-0.0213852115395564,0.38991242038577,12.217,57.1
26262,1971-11-29 00:00:00,0.2206013931819788,0.0145114047046352,0.4266913816593223,12.217,57.1
26263,1971-11-30 00:00:00,0.1611927325233551,-0.0454025724624355,0.3677880375091457,12.217,57.1
26264,1971-12-01 00:00:00,0.0800998456425132,-0.1257285581648923,0.2859282494499188,12.217,57.1
26265,1971-12-02 00:00:00,0.017413574371668,-0.1880057448695552,0.2228328936128913,12.217,57.1
26266,1971-12-03 00:00:00,-0.0445595159820467,-0.2500733558816446,0.160954323917551,12.217,57.1
26267,1971-12-04 00:00:00,0.0050349292050767,-0.2008016776454482,0.2108715360556018,12.217,57.1
26268,1971-12-05 00:00:00,0.2297401559486429,0.0235736845130225,0.4359066273842632,12.217,57.1
26269,1971-12-06 00:00:00,0.1447963279872396,-0.0610982876424496,0.3506909436169289,12.217,57.1
26270,1971-12-07 00:00:00,0.1647239579040064,-0.0413669806787406,0.3708148964867535,12.217,57.1
26271,1971-12-08 00:00:00,0.3087416607911767,0.1002477119412746,0.5172356096410788,12.217,57.1
26272,1971-12-09 00:00:00,0.0302305056207473,-0.1810950005552599,0.2415560117967547,12.217,57.1
26273,1971-12-10 00:00:00,0.1240003571734608,-0.0836845922225144,0.3316853065694362,12.217,57.1
26274,1971-12-11 00:00:00,0.2277352105852781,0.0213864074297288,0.4340840137408274,12.217,57.1
26275,1971-12-12 00:00:00,0.2603030861417454,0.0538296942265659,0.466776478056925,12.217,57.1
26276,1971-12-13 00:00:00,0.0444553410499906,-0.1614237577203512,0.2503344398203325,12.217,57.1
26277,1971-12-14 00:00:00,0.188419227641913,-0.0175686246307373,0.3944070799145634,12.217,57.1
26278,1971-12-15 00:00:00,0.1199130462751591,-0.0858980701303495,0.3257241626806678,12.217,57.1
26279,1971-12-16 00:00:00,0.2868554042967374,0.0805686918333034,0.4931421167601714,12.217,57.1
26280,1971-12-17 00:00:00,0.1823764956133894,-0.024260512392379,0.3890135036191579,12.217,57.1
26281,1971-12-18 00:00:00,0.1511433557653854,-0.0547621724536379,0.3570488839844088,12.217,57.1
26282,1971-12-19 00:00:00,0.2905592832636073,0.0841774751036893,0.4969410914235254,12.217,57.1
26283,1971-12-20 00:00:00,0.2880096506766952,0.080012861894999,0.4960064394583915,12.217,57.1
26284,1971-12-21 00:00:00,0.1378468777705044,-0.069833228613406,0.345526984154415,12.217,57.1
26285,1971-12-22 00:00:00,0.6253793191074171,0.4140780123287915,0.8366806258860426,12.217,57.1
26286,1971-12-23 00:00:00,0.1480236062782038,-0.0614727927154802,0.3575200052718879,12.217,57.1
26287,1971-12-24 00:00:00,0.1472756941025575,-0.0586572853018472,0.3532086735069624,12.217,57.1
26288,1971-12-25 00:00:00,0.3218570881006385,0.1145441452753176,0.5291700309259595,12.217,57.1
26289,1971-12-26 00:00:00,0.1836627128528198,-0.0223759849616292,0.389701410667269,12.217,57.1
26290,1971-12-27 00:00:00,0.0963127278864591,-0.1093423301938459,0.3019677859667643,12.217,57.1
26291,1971-12-28 00:00:00,0.0859846220767841,-0.1230742361217341,0.2950434802753024,12.217,57.1
26292,1971-12-29 00:00:00,0.0657097127426336,-0.147257378186023,0.2786768036712903,12.217,57.1
26293,1971-12-30 00:00:00,-0.2792067012291976,-0.4886733121408634,-0.0697400903175318,12.217,57.1
26294,1971-12-31 00:00:00,-0.2145709770765993,-0.4209443736397757,-0.0081975805134229,12.217,57.1
26295,1972-01-01 00:00:00,-0.1608300767727112,-0.3666247360444405,0.0449645824990182,12.217,57.1
26296,1972-01-02 00:00:00,-0.1230846231668424,-0.3288445366297817,0.0826752902960969,12.217,57.1
26297,1972-01-03 00:00:00,-0.0704155495978021,-0.2760406383479434,0.1352095391523391,12.217,57.1
26298,1972-01-04 00:00:00,-0.0438756272937705,-0.2494023648583079,0.1616511102707667,12.217,57.1
26299,1972-01-05 00:00:00,-0.0096746485128423,-0.2153149585411695,0.1959656615154849,12.217,57.1
26300,1972-01-06 00:00:00,-0.0963540753576891,-0.3021013704185907,0.1093932197032125,12.217,57.1
26301,1972-01-07 00:00:00,-0.0515003803510173,-0.2572946765865352,0.1542939158845005,12.217,57.1
26302,1972-01-08 00:00:00,-0.0595328209281858,-0.2650738609767714,0.1460082191203998,12.217,57.1
26303,1972-01-09 00:00:00,-0.0268025319491595,-0.232243146184258,0.1786380822859389,12.217,57.1
26304,1972-01-10 00:00:00,-0.0752791549334802,-0.2807735185436769,0.1302152086767163,12.217,57.1
26305,1972-01-11 00:00:00,-0.0495030179167895,-0.2550583560438219,0.1560523202102427,12.217,57.1
26306,1972-01-12 00:00:00,0.0365597700615004,-0.1693828350019404,0.2425023751249412,12.217,57.1
26307,1972-01-13 00:00:00,0.0682418592139934,-0.1379983828909419,0.2744821013189288,12.217,57.1
26308,1972-01-14 00:00:00,0.048805205764975,-0.157291650466138,0.254902061996088,12.217,57.1
26309,1972-01-15 00:00:00,0.0378754212362411,-0.1678452821288711,0.2435961246013535,12.217,57.1
26310,1972-01-16 00:00:00,-0.0115340118107254,-0.2172817419152596,0.1942137182938088,12.217,57.1
26311,1972-01-17 00:00:00,-0.0135685404240161,-0.2200604808667645,0.1929234000187322,12.217,57.1
26312,1972-01-18 00:00:00,-0.0929510483482028,-0.300500937657275,0.1145988409608693,12.217,57.1
26313,1972-01-19 00:00:00,0.1116932833302328,-0.0959745102711976,0.3193610769316634,12.217,57.1
26314,1972-01-20 00:00:00,0.2951233111542535,0.0877236538621454,0.5025229684463616,12.217,57.1
26315,1972-01-21 00:00:00,0.1550096210717514,-0.0513069145300836,0.3613261566735865,12.217,57.1
26316,1972-01-22 00:00:00,0.0327865872733209,-0.1731390849612131,0.238712259507855,12.217,57.1
26317,1972-01-23 00:00:00,0.0934514643601161,-0.1121788654120416,0.2990817941322738,12.217,57.1
26318,1972-01-24 00:00:00,0.137676906054306,-0.0685477204199994,0.3439015325286114,12.217,57.1
26319,1972-01-25 00:00:00,0.2653746003671661,0.058128456599716,0.4726207441346162,12.217,57.1
26320,1972-01-26 00:00:00,0.1319226897940898,-0.0739673967005156,0.3378127762886953,12.217,57.1
26321,1972-01-27 00:00:00,0.1855342868074415,-0.0204053374061932,0.3914739110210762,12.217,57.1
26322,1972-01-28 00:00:00,-0.0838348308364319,-0.2910404904353096,0.1233708287624456,12.217,57.1
26323,1972-01-29 00:00:00,-0.2000527725815971,-0.4060773324905442,0.00597178732735,12.217,57.1
26324,1972-01-30 00:00:00,-0.1657852406623636,-0.37356348167676,0.0419930003520327,12.217,57.1
26325,1972-01-31 00:00:00,-0.0421904029703266,-0.2501250639733642,0.1657442580327109,12.217,57.1
26326,1972-02-01 00:00:00,0.0556109109133784,-0.1511718686651748,0.2623936904919317,12.217,57.1
26327,1972-02-02 00:00:00,-0.0282571886390939,-0.2342422405687401,0.1777278632905522,12.217,57.1
26328,1972-02-03 00:00:00,0.0380193593540101,-0.1678268110489302,0.2438655297569505,12.217,57.1
26329,1972-02-04 00:00:00,0.0970834982743569,-0.1087935422913693,0.3029605388400832,12.217,57.1
26330,1972-02-05 00:00:00,0.0861953504895825,-0.1198199635767322,0.2922106645558973,12.217,57.1
26331,1972-02-06 00:00:00,0.0274060022747054,-0.1785739624985802,0.2333859670479911,12.217,57.1
26332,1972-02-07 00:00:00,0.0617135069952297,-0.143976087668578,0.2674031016590374,12.217,57.1
26333,1972-02-08 00:00:00,0.1206375386202624,-0.0851188440492857,0.3263939212898106,12.217,57.1
26334,1972-02-09 00:00:00,0.183118672660656,-0.0226809093583057,0.3889182546796178,12.217,57.1
26335,1972-02-10 00:00:00,0.0734930480562326,-0.1323032554573944,0.2792893515698598,12.217,57.1
26336,1972-02-11 00:00:00,0.0963188175070726,-0.1093752231907018,0.3020128582048472,12.217,57.1
26337,1972-02-12 00:00:00,0.2258993546214454,0.02011912186845,0.4316795873744408,12.217,57.1
26338,1972-02-13 00:00:00,0.3231420892299004,0.1164594051283068,0.529824773331494,12.217,57.1
26339,1972-02-14 00:00:00,0.1084239557542716,-0.0975553653451162,0.3144032768536595,12.217,57.1
26340,1972-02-15 00:00:00,0.0833741952752891,-0.122260424992981,0.2890088155435592,12.217,57.1
26341,1972-02-16 00:00:00,0.0641436434721354,-0.1414416776142232,0.2697289645584941,12.217,57.1
26342,1972-02-17 00:00:00,0.0700042358067327,-0.1355918227902501,0.2756002944037156,12.217,57.1
26343,1972-02-18 00:00:00,-0.0520325640036505,-0.2575260484056519,0.1534609203983508,12.217,57.1
26344,1972-02-19 00:00:00,-0.1079407127073107,-0.3135074015443057,0.0976259761296842,12.217,57.1
26345,1972-02-20 00:00:00,-0.0476808423222758,-0.2533254930901636,0.1579638084456119,12.217,57.1
26346,1972-02-21 00:00:00,-0.060292726658209,-0.2658275184486851,0.1452420651322671,12.217,57.1
26347,1972-02-22 00:00:00,-0.0264584949645009,-0.232062855989942,0.1791458660609401,12.217,57.1
26348,1972-02-23 00:00:00,-0.0670338435842053,-0.2725542823172787,0.138486595148868,12.217,57.1
26349,1972-02-24 00:00:00,-0.0989234268927416,-0.3044327366163851,0.1065858828309017,12.217,57.1
26350,1972-02-25 00:00:00,-0.0628949951955121,-0.2684697982339151,0.1426798078428908,12.217,57.1
26351,1972-02-26 00:00:00,-0.0561321303873572,-0.2616795769973674,0.149415316222653,12.217,57.1
26352,1972-02-27 00:00:00,-0.0282745726559443,-0.2337036614581254,0.1771545161462367,12.217,57.1
26353,1972-02-28 00:00:00,-0.0507643720818937,-0.2561695735540473,0.1546408293902599,12.217,57.1
26354,1972-02-29 00:00:00,-0.0673197141353399,-0.2727198518599848,0.1380804235893049,12.217,57.1
26355,1972-03-01 00:00:00,-0.0200395533576865,-0.2254690798428092,0.1853899731274362,12.217,57.1
26356,1972-03-02 00:00:00,-0.0610767905120864,-0.2665315856018704,0.1443780045776976,12.217,57.1
26357,1972-03-03 00:00:00,-0.0244064778248273,-0.2298257192722047,0.18101276362255,12.217,57.1
26358,1972-03-04 00:00:00,0.0977021872298918,-0.107941945962178,0.3033463204219617,12.217,57.1
26359,1972-03-05 00:00:00,0.231981319015624,0.0252843012000109,0.438678336831237,12.217,57.1
26360,1972-03-06 00:00:00,0.0918208602491032,-0.1150991646889189,0.2987408851871254,12.217,57.1
26361,1972-03-07 00:00:00,0.1013859950221271,-0.104690801354772,0.3074627913990263,12.217,57.1
26362,1972-03-08 00:00:00,0.0600188048209514,-0.1459082469129837,0.2659458565548868,12.217,57.1
26363,1972-03-09 00:00:00,-0.0346756069639541,-0.2403867531426748,0.1710355392147666,12.217,57.1
26364,1972-03-10 00:00:00,-0.0536763820225573,-0.2602938004130553,0.1529410363679406,12.217,57.1
26365,1972-03-11 00:00:00,-0.26570911125685,-0.4731593583696716,-0.0582588641440283,12.217,57.1
26366,1972-03-12 00:00:00,-0.1183883928478919,-0.3261865833598159,0.089409797664032,12.217,57.1
26367,1972-03-13 00:00:00,-0.0357048814501017,-0.2419360824900827,0.1705263195898793,12.217,57.1
26368,1972-03-14 00:00:00,0.0364844240126555,-0.1692610667924218,0.2422299148177329,12.217,57.1
26369,1972-03-15 00:00:00,0.0557220457797649,-0.1498826405037176,0.2613267320632476,12.217,57.1
26370,1972-03-16 00:00:00,-0.0167651531639788,-0.222227954591151,0.1886976482631932,12.217,57.1
26371,1972-03-17 00:00:00,-0.0913577430311272,-0.2969340828979959,0.1142185968357414,12.217,57.1
26372,1972-03-18 00:00:00,-0.0866759685853968,-0.2924514507765277,0.1190995136057339,12.217,57.1
26373,1972-03-19 00:00:00,-0.0321680683625877,-0.2378849701722188,0.1735488334470433,12.217,57.1
26374,1972-03-20 00:00:00,0.0429359495763926,-0.1627026440109086,0.2485745431636939,12.217,57.1
26375,1972-03-21 00:00:00,0.0441975537848204,-0.1613561167933817,0.2497512243630225,12.217,57.1
26376,1972-03-22 00:00:00,0.1789947344901654,-0.0266562762699983,0.3846457452503291,12.217,57.1
26377,1972-03-23 00:00:00,0.3816778558826386,0.1752373372676251,0.5881183744976521,12.217,57.1
26378,1972-03-24 00:00:00,0.2327341047578111,0.0251997796085273,0.4402684299070949,12.217,57.1
26379,1972-03-25 00:00:00,0.0316959801531693,-0.1753655551349802,0.238757515441319,12.217,57.1
26380,1972-03-26 00:00:00,0.1187510374441966,-0.0868881269034047,0.324390201791798,12.217,57.1
26381,1972-03-27 00:00:00,0.2729091678169019,0.0666505055821545,0.4791678300516492,12.217,57.1
26382,1972-03-28 00:00:00,0.3304019875070143,0.122893114607865,0.5379108604061636,12.217,57.1
26383,1972-03-29 00:00:00,0.4507948975357885,0.2437544525458127,0.6578353425257643,12.217,57.1
26384,1972-03-30 00:00:00,0.3901145270513753,0.1838602233094766,0.596368830793274,12.217,57.1
26385,1972-03-31 00:00:00,0.2299333061569113,0.0240504775345778,0.4358161347792448,12.217,57.1
26386,1972-04-01 00:00:00,0.0429929657760776,-0.1626988501502895,0.2486847817024448,12.217,57.1
26387,1972-04-02 00:00:00,0.0284454280754746,-0.1773984779285856,0.2342893340795348,12.217,57.1
26388,1972-04-03 00:00:00,0.2141545907818277,0.0076351805644783,0.420674000999177,12.217,57.1
26389,1972-04-04 00:00:00,0.4943137488888766,0.2855613620345624,0.7030661357431908,12.217,57.1
26390,1972-04-05 00:00:00,0.2428366647780854,0.0363353376776164,0.4493379918785543,12.217,57.1
26391,1972-04-06 00:00:00,0.2408673702634338,0.0343537509063115,0.447380989620556,12.217,57.1
26392,1972-04-07 00:00:00,0.2516074207001013,0.0450230889328435,0.458191752467359,12.217,57.1
26393,1972-04-08 00:00:00,0.2248164680016122,0.018646079429382,0.4309868565738425,12.217,57.1
26394,1972-04-09 00:00:00,0.1736070718928603,-0.0323489795177806,0.3795631233035014,12.217,57.1
26395,1972-04-10 00:00:00,0.1081046631847979,-0.097525088770161,0.313734415139757,12.217,57.1
26396,1972-04-11 00:00:00,0.2406695036776717,0.0348136764754074,0.446525330879936,12.217,57.1
26397,1972-04-12 00:00:00,0.2205876167076693,0.0142751983051703,0.4269000351101684,12.217,57.1
26398,1972-04-13 00:00:00,-0.0313129738197704,-0.2372797184557435,0.1746537708162026,12.217,57.1
26399,1972-04-14 00:00:00,0.0214119078037068,-0.1842104507505674,0.2270342663579811,12.217,57.1
26400,1972-04-15 00:00:00,0.0548049004276066,-0.1506644360424273,0.2602742368976405,12.217,57.1
26401,1972-04-16 00:00:00,0.0520810489218425,-0.1536292768783332,0.2577913747220184,12.217,57.1
26402,1972-04-17 00:00:00,-0.0666607580931319,-0.2723013199276516,0.1389798037413876,12.217,57.1
26403,1972-04-18 00:00:00,0.0115434103457965,-0.1939478312695725,0.2170346519611655,12.217,57.1
26404,1972-04-19 00:00:00,0.0448742607766181,-0.1608528676026931,0.2506013891559294,12.217,57.1
26405,1972-04-20 00:00:00,-0.0525808436540322,-0.2584549093823335,0.153293222074269,12.217,57.1
26406,1972-04-21 00:00:00,-0.0045368751740611,-0.2102326675524211,0.2011589172042988,12.217,57.1
26407,1972-04-22 00:00:00,0.0211346922443156,-0.1844356027352867,0.226704987223918,12.217,57.1
26408,1972-04-23 00:00:00,-0.0161785237737009,-0.2218080751522108,0.1894510276048089,12.217,57.1
26409,1972-04-24 00:00:00,0.050430021784865,-0.1564418672874403,0.2573019108571703,12.217,57.1
26410,1972-04-25 00:00:00,0.0607241593601247,-0.1462897307783777,0.2677380494986273,12.217,57.1
26411,1972-04-26 00:00:00,0.0956341829620148,-0.1103243203972708,0.3015926863213005,12.217,57.1
26412,1972-04-27 00:00:00,0.2097691010864405,0.0035315332507926,0.4160066689220884,12.217,57.1
26413,1972-04-28 00:00:00,0.1625407985635212,-0.0441186769237556,0.3692002740507982,12.217,57.1
26414,1972-04-29 00:00:00,0.1451545403476313,-0.0607248602685686,0.3510339409638313,12.217,57.1
26415,1972-04-30 00:00:00,0.3391624181700258,0.132397936927083,0.5459268994129686,12.217,57.1
26416,1972-05-01 00:00:00,0.1237615745391532,-0.0830728944335081,0.3305960435118145,12.217,57.1
26417,1972-05-02 00:00:00,0.0744997936127754,-0.1312373584541872,0.2802369456797382,12.217,57.1
26418,1972-05-03 00:00:00,0.0071366256932501,-0.1983626832721092,0.2126359346586095,12.217,57.1
26419,1972-05-04 00:00:00,-0.0602884929139947,-0.2657464983963203,0.1451695125683309,12.217,57.1
26420,1972-05-05 00:00:00,-0.0484037701994212,-0.2538946565530857,0.1570871161542431,12.217,57.1
26421,1972-05-06 00:00:00,0.025326733418898,-0.1808525250720435,0.2315059919098397,12.217,57.1
26422,1972-05-07 00:00:00,-0.0496336773161688,-0.2556362367766375,0.1563688821442998,12.217,57.1
26423,1972-05-08 00:00:00,-0.0117768808026412,-0.2173764622189401,0.1938227006136576,12.217,57.1
26424,1972-05-09 00:00:00,-0.0024327329114825,-0.2079234236675712,0.2030579578446062,12.217,57.1
26425,1972-05-10 00:00:00,0.0239351190120437,-0.1815879023836489,0.2294581404077365,12.217,57.1
26426,1972-05-11 00:00:00,0.0234278161556953,-0.182107365229027,0.2289629975404178,12.217,57.1
26427,1972-05-12 00:00:00,0.0063334053692696,-0.1992294675405033,0.2118962782790426,12.217,57.1
26428,1972-05-13 00:00:00,0.0302965535868039,-0.1753673125441761,0.235960419717784,12.217,57.1
26429,1972-05-14 00:00:00,-0.0048696193474252,-0.2109757346932632,0.2012364959984127,12.217,57.1
26430,1972-05-15 00:00:00,-0.0167214563081017,-0.2228589139901063,0.1894160013739028,12.217,57.1
26431,1972-05-16 00:00:00,-0.0077511846195327,-0.2133935785343418,0.1978912092952763,12.217,57.1
26432,1972-05-17 00:00:00,-0.0535726139255709,-0.2592673484870073,0.1521221206358653,12.217,57.1
26433,1972-05-18 00:00:00,0.0603851573419649,-0.1464498399489947,0.2672201546329247,12.217,57.1
26434,1972-05-19 00:00:00,-0.0332829824818358,-0.2397216212463103,0.1731556562826387,12.217,57.1
26435,1972-05-20 00:00:00,-0.0075065401363876,-0.2133919751272563,0.198378894854481,12.217,57.1
26436,1972-05-21 00:00:00,-0.0334209481010675,-0.2395669583822604,0.1727250621801254,12.217,57.1
26437,1972-05-22 00:00:00,0.1539721346945224,-0.0526033686162566,0.3605476380053015,12.217,57.1
26438,1972-05-23 00:00:00,0.1097788422060841,-0.0963006823220902,0.3158583667342585,12.217,57.1
26439,1972-05-24 00:00:00,0.0448964578926548,-0.160760804325181,0.2505537201104907,12.217,57.1
26440,1972-05-25 00:00:00,0.0852787273775112,-0.1202520349258121,0.2908094896808347,12.217,57.1
26441,1972-05-26 00:00:00,0.3335256860856987,0.1270524104990484,0.5399989616723492,12.217,57.1
26442,1972-05-27 00:00:00,0.3985541815325519,0.1895214927188183,0.6075868703462857,12.217,57.1
26443,1972-05-28 00:00:00,0.2521397152056255,0.0459354233591421,0.458344007052109,12.217,57.1
26444,1972-05-29 00:00:00,0.228926887254343,0.0231447530873606,0.4347090214213254,12.217,57.1
26445,1972-05-30 00:00:00,0.2529024117241179,0.0471151392100494,0.4586896842381864,12.217,57.1
26446,1972-05-31 00:00:00,0.1924144263320432,-0.013106454000619,0.3979353066647055,12.217,57.1
26447,1972-06-01 00:00:00,0.1509657876542625,-0.0546300008045158,0.3565615761130409,12.217,57.1
26448,1972-06-02 00:00:00,0.1011033310452575,-0.1045697153880227,0.3067763774785378,12.217,57.1
26449,1972-06-03 00:00:00,0.078073520904113,-0.1274476826344592,0.2835947244426853,12.217,57.1
26450,1972-06-04 00:00:00,0.0997281236467965,-0.1060837949065335,0.3055400422001265,12.217,57.1
26451,1972-06-05 00:00:00,0.0751252685381042,-0.1310844034038665,0.2813349404800749,12.217,57.1
26452,1972-06-06 00:00:00,0.1456495013532963,-0.06046204256371,0.3517610452703027,12.217,57.1
26453,1972-06-07 00:00:00,0.0627756461770362,-0.1431984592135792,0.2687497515676518,12.217,57.1
26454,1972-06-08 00:00:00,0.083057945667221,-0.1231887442545368,0.2893046355889789,12.217,57.1
26455,1972-06-09 00:00:00,0.1423293000124842,-0.0638239970185821,0.3484825970435505,12.217,57.1
26456,1972-06-10 00:00:00,0.0937926397053231,-0.1122607399271542,0.2998460193378005,12.217,57.1
26457,1972-06-11 00:00:00,0.1150017130816246,-0.0907290519578142,0.3207324781210635,12.217,57.1
26458,1972-06-12 00:00:00,0.0629824720676109,-0.1425891663152688,0.2685541104504907,12.217,57.1
26459,1972-06-13 00:00:00,0.0210040656388715,-0.1848803825225267,0.2268885138002697,12.217,57.1
26460,1972-06-14 00:00:00,0.0763556272768769,-0.1295507892791681,0.2822620438329219,12.217,57.1
26461,1972-06-15 00:00:00,0.0339068409411883,-0.1717578061096513,0.239571487992028,12.217,57.1
26462,1972-06-16 00:00:00,0.0397187805292674,-0.1657160059352174,0.2451535669937523,12.217,57.1
26463,1972-06-17 00:00:00,0.0557551647980609,-0.1496921777893385,0.2612025073854604,12.217,57.1
26464,1972-06-18 00:00:00,0.134116967305411,-0.0715743720820002,0.3398083066928222,12.217,57.1
26465,1972-06-19 00:00:00,0.177979000852757,-0.0296848231264059,0.38564282483192,12.217,57.1
26466,1972-06-20 00:00:00,0.2258117366397904,0.0186660750117688,0.4329573982678119,12.217,57.1
26467,1972-06-21 00:00:00,0.0814943743109583,-0.1241690055165135,0.2871577541384303,12.217,57.1
26468,1972-06-22 00:00:00,0.170221329660648,-0.0357653223833029,0.376207981704599,12.217,57.1
26469,1972-06-23 00:00:00,0.1704796755617357,-0.0355730229800754,0.3765323741035469,12.217,57.1
26470,1972-06-24 00:00:00,0.1728076653964393,-0.0327940782988008,0.3784094090916796,12.217,57.1
26471,1972-06-25 00:00:00,0.052917166517944,-0.1526773753811818,0.25851170841707,12.217,57.1
26472,1972-06-26 00:00:00,0.0237315831768333,-0.1822301738297334,0.2296933401834001,12.217,57.1
26473,1972-06-27 00:00:00,0.0047698223884285,-0.2009876427929473,0.2105272875698044,12.217,57.1
26474,1972-06-28 00:00:00,0.029400563916857,-0.1760816478871316,0.2348827757208456,12.217,57.1
26475,1972-06-29 00:00:00,-0.0198902238785182,-0.2255125789960028,0.1857321312389663,12.217,57.1
26476,1972-06-30 00:00:00,0.0363126845325336,-0.1692598244386225,0.2418851935036898,12.217,57.1
26477,1972-07-01 00:00:00,0.0429801908482195,-0.1626538067112828,0.2486141884077219,12.217,57.1
26478,1972-07-02 00:00:00,0.1097459655680701,-0.0960476197425102,0.3155395508786505,12.217,57.1
26479,1972-07-03 00:00:00,0.1050247745056997,-0.1007577620732842,0.3108073110846837,12.217,57.1
26480,1972-07-04 00:00:00,0.0838765600614907,-0.1218043898789494,0.2895575100019309,12.217,57.1
26481,1972-07-05 00:00:00,0.1186505492210033,-0.0870876227928167,0.3243887212348234,12.217,57.1
26482,1972-07-06 00:00:00,0.0693765928526362,-0.1362912222042554,0.275044407909528,12.217,57.1
26483,1972-07-07 00:00:00,0.0606384611064241,-0.1449024559701558,0.2661793781830041,12.217,57.1
26484,1972-07-08 00:00:00,0.1662373329281776,-0.0393438272152783,0.3718184930716336,12.217,57.1
26485,1972-07-09 00:00:00,0.158106261801506,-0.0475475900387225,0.3637601136417345,12.217,57.1
26486,1972-07-10 00:00:00,0.075776234713209,-0.1298611328738552,0.2814136023002734,12.217,57.1
26487,1972-07-11 00:00:00,0.0575947022747094,-0.1481217658548351,0.263311170404254,12.217,57.1
26488,1972-07-12 00:00:00,0.044098939079351,-0.1615601097543988,0.249757987913101,12.217,57.1
26489,1972-07-13 00:00:00,0.0220439713242545,-0.1836280019187783,0.2277159445672874,12.217,57.1
26490,1972-07-14 00:00:00,-0.0038180559478514,-0.2094852983314619,0.201849186435759,12.217,57.1
26491,1972-07-15 00:00:00,-0.0371221515768117,-0.2428343776445699,0.1685900744909463,12.217,57.1
26492,1972-07-16 00:00:00,-0.0500247287848728,-0.2554819282000963,0.1554324706303505,12.217,57.1
26493,1972-07-17 00:00:00,-0.0427258393964581,-0.2483381386661541,0.1628864598732377,12.217,57.1
26494,1972-07-18 00:00:00,-0.0037204007790729,-0.2092758334829495,0.2018350319248036,12.217,57.1
26495,1972-07-19 00:00:00,0.0081973405882053,-0.1972478592529735,0.2136425404293842,12.217,57.1
26496,1972-07-20 00:00:00,0.0421874871825271,-0.1633330149922628,0.2477079893573172,12.217,57.1
26497,1972-07-21 00:00:00,0.0826071345718816,-0.1229665631405316,0.288180832284295,12.217,57.1
26498,1972-07-22 00:00:00,-0.0066567380429563,-0.2123337572522755,0.1990202811663627,12.217,57.1
26499,1972-07-23 00:00:00,0.028276252000839,-0.1774370488736429,0.233989552875321,12.217,57.1
26500,1972-07-24 00:00:00,0.0571621133513051,-0.1483261804901591,0.2626504071927693,12.217,57.1
26501,1972-07-25 00:00:00,0.0514400111806271,-0.1540160109940189,0.2568960333552732,12.217,57.1
26502,1972-07-26 00:00:00,0.0606898125399988,-0.1448162485716886,0.2661958736516863,12.217,57.1
26503,1972-07-27 00:00:00,0.0759495356966664,-0.1306782549124248,0.2825773263057577,12.217,57.1
26504,1972-07-28 00:00:00,-0.0102823571298715,-0.2169290232700049,0.1963643090102618,12.217,57.1
26505,1972-07-29 00:00:00,0.0004331765598378,-0.2053378996446074,0.2062042527642831,12.217,57.1
26506,1972-07-30 00:00:00,-0.0299047305013599,-0.2356457427645996,0.1758362817618796,12.217,57.1
26507,1972-07-31 00:00:00,0.0519030751064583,-0.1538759339126041,0.2576820841255207,12.217,57.1
26508,1972-08-01 00:00:00,0.1661519808700551,-0.0403115555810749,0.3726155173211852,12.217,57.1
26509,1972-08-02 00:00:00,0.1105479296388224,-0.0953129936120261,0.3164088528896711,12.217,57.1
26510,1972-08-03 00:00:00,0.0838838239576296,-0.1216100028929923,0.2893776508082516,12.217,57.1
26511,1972-08-04 00:00:00,0.1525975630329875,-0.0531452786127841,0.3583404046787593,12.217,57.1
26512,1972-08-05 00:00:00,0.1596464343966965,-0.0463457916731136,0.3656386604665067,12.217,57.1
26513,1972-08-06 00:00:00,0.1578595315278638,-0.0478970454780071,0.3636161085337347,12.217,57.1
26514,1972-08-07 00:00:00,0.1088407959703322,-0.0971511343600827,0.3148327263007471,12.217,57.1
26515,1972-08-08 00:00:00,0.150063351807941,-0.0560824794792763,0.3562091830951583,12.217,57.1
26516,1972-08-09 00:00:00,0.1095862195782234,-0.0962490268673028,0.3154214660237497,12.217,57.1
26517,1972-08-10 00:00:00,0.0972679013366055,-0.1092024892803774,0.3037382919535885,12.217,57.1
26518,1972-08-11 00:00:00,0.0508889494033753,-0.1548824300330894,0.2566603288398401,12.217,57.1
26519,1972-08-12 00:00:00,-0.0010788968998346,-0.2070900090397133,0.2049322152400439,12.217,57.1
26520,1972-08-13 00:00:00,-0.0148273558421064,-0.2205328773405478,0.1908781656563348,12.217,57.1
26521,1972-08-14 00:00:00,0.0269437878433299,-0.1785572733120105,0.2324448489986704,12.217,57.1
26522,1972-08-15 00:00:00,0.0238998768753996,-0.1816994913794033,0.2294992451302026,12.217,57.1
26523,1972-08-16 00:00:00,0.0004215289332523,-0.2051274865219519,0.2059705443884566,12.217,57.1
26524,1972-08-17 00:00:00,0.0903391585453731,-0.1152329359331544,0.2959112530239007,12.217,57.1
26525,1972-08-18 00:00:00,0.1998301734876421,-0.0062147197640644,0.4058750667393486,12.217,57.1
26526,1972-08-19 00:00:00,0.0761769855602646,-0.1302794696176619,0.2826334407381911,12.217,57.1
26527,1972-08-20 00:00:00,-0.0519508224524235,-0.258520438148836,0.1546187932439889,12.217,57.1
26528,1972-08-21 00:00:00,0.03638221778013,-0.169397130388823,0.242161565949083,12.217,57.1
26529,1972-08-22 00:00:00,0.0161300788175143,-0.1900011696429688,0.2222613272779976,12.217,57.1
26530,1972-08-23 00:00:00,-0.0016119549924111,-0.2079763351018647,0.2047524251170423,12.217,57.1
26531,1972-08-24 00:00:00,0.1468849919576436,-0.0587897517164883,0.3525597356317755,12.217,57.1
26532,1972-08-25 00:00:00,0.1621647318301501,-0.0437113186245445,0.3680407822848448,12.217,57.1
26533,1972-08-26 00:00:00,0.0420405755982073,-0.163727532828873,0.2478086840252877,12.217,57.1
26534,1972-08-27 00:00:00,6.600524798023449e-06,-0.2055600049307428,0.2055732059803389,12.217,57.1
26535,1972-08-28 00:00:00,-0.021660338027738,-0.227120443855652,0.1837997678001759,12.217,57.1
26536,1972-08-29 00:00:00,-0.0341468172068243,-0.2396410491579897,0.171347414744341,12.217,57.1
26537,1972-08-30 00:00:00,-0.0552030482582612,-0.2607531544616892,0.1503470579451666,12.217,57.1
26538,1972-08-31 00:00:00,-0.0664069499676089,-0.2719184357283905,0.1391045357931725,12.217,57.1
26539,1972-09-01 00:00:00,-0.0711630752305857,-0.2768247575739032,0.1344986071127317,12.217,57.1
26540,1972-09-02 00:00:00,-0.062573338128046,-0.2684864378293988,0.1433397615733068,12.217,57.1
26541,1972-09-03 00:00:00,-0.0032897386369682,-0.2089174830249453,0.2023380057510088,12.217,57.1
26542,1972-09-04 00:00:00,0.0534052315187342,-0.1525662612754734,0.2593767243129419,12.217,57.1
26543,1972-09-05 00:00:00,0.0176410870697827,-0.18803877075988,0.2233209448994455,12.217,57.1
26544,1972-09-06 00:00:00,0.0624480729753494,-0.1432072898810013,0.2681034358317001,12.217,57.1
26545,1972-09-07 00:00:00,0.0663493749447049,-0.1392164251287964,0.2719151750182063,12.217,57.1
26546,1972-09-08 00:00:00,0.1034604802163729,-0.1026048684645478,0.3095258288972937,12.217,57.1
26547,1972-09-09 00:00:00,0.1090426655494453,-0.0967591440464031,0.3148444751452938,12.217,57.1
26548,1972-09-10 00:00:00,0.2765462928362575,0.0682434201276971,0.4848491655448179,12.217,57.1
26549,1972-09-11 00:00:00,0.0533910087823173,-0.1561756061670443,0.2629576237316789,12.217,57.1
26550,1972-09-12 00:00:00,0.0922550950476566,-0.1138868241075433,0.2983970142028566,12.217,57.1
26551,1972-09-13 00:00:00,0.0717352526266962,-0.1337587049587001,0.2772292102120925,12.217,57.1
26552,1972-09-14 00:00:00,0.0146645556030149,-0.1907720846824975,0.2201011958885275,12.217,57.1
26553,1972-09-15 00:00:00,-0.0266170542616752,-0.2321264011280261,0.1788922926046756,12.217,57.1
26554,1972-09-16 00:00:00,0.0064720995413089,-0.1992263828406776,0.2121705819232954,12.217,57.1
26555,1972-09-17 00:00:00,0.0094220802835752,-0.1966149649531035,0.215459125520254,12.217,57.1
26556,1972-09-18 00:00:00,-0.0539078019777389,-0.2595816155901381,0.1517660116346601,12.217,57.1
26557,1972-09-19 00:00:00,0.0025507607805475,-0.202971661504275,0.2080731830653701,12.217,57.1
26558,1972-09-20 00:00:00,0.014625820698909,-0.1908454084941662,0.2200970498919844,12.217,57.1
26559,1972-09-21 00:00:00,0.0483749124483836,-0.1570276171677264,0.2537774420644936,12.217,57.1
26560,1972-09-22 00:00:00,0.1891405077569487,-0.0166658883592854,0.394946903873183,12.217,57.1
26561,1972-09-23 00:00:00,0.0659768336361813,-0.1400404438783233,0.2719941111506859,12.217,57.1
26562,1972-09-24 00:00:00,0.0723454694407364,-0.1346806849694641,0.2793716238509369,12.217,57.1
26563,1972-09-25 00:00:00,-0.0449410817681902,-0.2518457169769029,0.1619635534405224,12.217,57.1
26564,1972-09-26 00:00:00,-0.0642130420435306,-0.2699669750854214,0.1415408909983601,12.217,57.1
26565,1972-09-27 00:00:00,-0.0414913076960571,-0.2474774814215338,0.1644948660294195,12.217,57.1
26566,1972-09-28 00:00:00,0.0356069814992624,-0.1708492144275795,0.2420631774261044,12.217,57.1
26567,1972-09-29 00:00:00,-0.0516674883673877,-0.2573329568920069,0.1539979801572314,12.217,57.1
26568,1972-09-30 00:00:00,-0.0497601986784894,-0.2552757201011414,0.1557553227441624,12.217,57.1
26569,1972-10-01 00:00:00,-0.0417798671893541,-0.2472570766129883,0.1636973422342799,12.217,57.1
26570,1972-10-02 00:00:00,-0.0387319569425576,-0.2442198232152668,0.1667559093301514,12.217,57.1
26571,1972-10-03 00:00:00,-0.0876433875024309,-0.2931190790934675,0.1178323040886056,12.217,57.1
26572,1972-10-04 00:00:00,0.0114340545995827,-0.1940924973499981,0.2169606065491636,12.217,57.1
26573,1972-10-05 00:00:00,0.1604566612538827,-0.0452969901549307,0.3662103126626963,12.217,57.1
26574,1972-10-06 00:00:00,0.0145632085180528,-0.1914108051302769,0.2205372221663825,12.217,57.1
26575,1972-10-07 00:00:00,0.0021580297749956,-0.2034552119280629,0.2077712714780541,12.217,57.1
26576,1972-10-08 00:00:00,0.0041450468861066,-0.2013405286729741,0.2096306224451875,12.217,57.1
26577,1972-10-09 00:00:00,0.0219504732864727,-0.1834849040592287,0.2273858506321742,12.217,57.1
26578,1972-10-10 00:00:00,0.0566787806336775,-0.1487398618003191,0.2620974230676743,12.217,57.1
26579,1972-10-11 00:00:00,0.1136368407135166,-0.091821929056697,0.3190956104837303,12.217,57.1
26580,1972-10-12 00:00:00,0.0618632982587357,-0.144788589133175,0.2685151856506466,12.217,57.1
26581,1972-10-13 00:00:00,0.0283355541132147,-0.177453631318618,0.2341247395450476,12.217,57.1
26582,1972-10-14 00:00:00,-0.0464123851894706,-0.252038171829081,0.1592134014501397,12.217,57.1
26583,1972-10-15 00:00:00,-0.0729203711312069,-0.2784801344763186,0.1326393922139047,12.217,57.1
26584,1972-10-16 00:00:00,-0.0981648217055483,-0.3037106008483176,0.1073809574372208,12.217,57.1
26585,1972-10-17 00:00:00,-0.0019079394399639,-0.2075399024315306,0.2037240235516027,12.217,57.1
26586,1972-10-18 00:00:00,0.0328779198094393,-0.1754434819756151,0.2411993215944938,12.217,57.1
26587,1972-10-19 00:00:00,-0.0685235744776076,-0.2789850646096753,0.1419379156544599,12.217,57.1
26588,1972-10-20 00:00:00,0.1576599750978578,-0.0494754955966537,0.3647954457923693,12.217,57.1
26589,1972-10-21 00:00:00,0.0595548408905179,-0.1474783933781986,0.2665880751592346,12.217,57.1
26590,1972-10-22 00:00:00,0.0423142923166703,-0.1640988278703209,0.2487274125036615,12.217,57.1
26591,1972-10-23 00:00:00,0.0860006147929724,-0.1198470714790429,0.2918483010649877,12.217,57.1
26592,1972-10-24 00:00:00,0.5007847630434447,0.2920772172299263,0.709492308856963,12.217,57.1
26593,1972-10-25 00:00:00,0.3207285553925932,0.1129187295244382,0.5285383812607483,12.217,57.1
26594,1972-10-26 00:00:00,0.2538995004502557,0.0475896865965376,0.4602093143039738,12.217,57.1
26595,1972-10-27 00:00:00,0.0938507280590673,-0.1126146449842793,0.3003161011024139,12.217,57.1
26596,1972-10-28 00:00:00,0.0883901335975771,-0.1170778898926224,0.2938581570877767,12.217,57.1
26597,1972-10-29 00:00:00,0.0981108870957065,-0.107553981252409,0.303775755443822,12.217,57.1
26598,1972-10-30 00:00:00,0.0170622815140709,-0.1886048777924955,0.2227294408206375,12.217,57.1
26599,1972-10-31 00:00:00,0.1083621414849269,-0.0973051276998828,0.3140294106697366,12.217,57.1
26600,1972-11-01 00:00:00,0.1013162922713826,-0.1041747644029083,0.3068073489456735,12.217,57.1
26601,1972-11-02 00:00:00,0.3633761072671723,0.15720067578616,0.5695515387481846,12.217,57.1
26602,1972-11-03 00:00:00,0.1032519998504427,-0.1032548764985552,0.3097588761994406,12.217,57.1
26603,1972-11-04 00:00:00,0.1246552408614013,-0.0811022661023183,0.3304127478251211,12.217,57.1
26604,1972-11-05 00:00:00,0.1128686436553399,-0.0927838033925305,0.3185210907032105,12.217,57.1
26605,1972-11-06 00:00:00,0.2021971066625261,-0.0042520449999009,0.4086462583249531,12.217,57.1
26606,1972-11-07 00:00:00,0.1900215377506854,-0.0160097085802566,0.3960527840816276,12.217,57.1
26607,1972-11-08 00:00:00,0.1467905807069115,-0.0591570767370132,0.3527382381508363,12.217,57.1
26608,1972-11-09 00:00:00,0.2968349239183608,0.0905918691269926,0.503077978709729,12.217,57.1
26609,1972-11-10 00:00:00,0.3165977365951338,0.1097327552689352,0.5234627179213324,12.217,57.1
26610,1972-11-11 00:00:00,0.4980699314658757,0.289515531178928,0.7066243317528234,12.217,57.1
26611,1972-11-12 00:00:00,0.5402691950733527,0.3329123985644716,0.7476259915822338,12.217,57.1
26612,1972-11-13 00:00:00,0.406329136934287,0.200041695670374,0.6126165781982001,12.217,57.1
26613,1972-11-14 00:00:00,0.2605053785521671,0.0517557127966064,0.4692550443077278,12.217,57.1
26614,1972-11-15 00:00:00,0.1866011379945106,-0.0200925275646435,0.3932948035536648,12.217,57.1
26615,1972-11-16 00:00:00,0.2587832418040002,0.052878656384936,0.4646878272230644,12.217,57.1
26616,1972-11-17 00:00:00,0.2651255996201423,0.0591047383047488,0.4711464609355359,12.217,57.1
26617,1972-11-18 00:00:00,0.1069871912296888,-0.0987644499156475,0.3127388323750252,12.217,57.1
26618,1972-11-19 00:00:00,-0.0127273336531925,-0.219087272135486,0.1936326048291008,12.217,57.1
26619,1972-11-20 00:00:00,0.0875656494865733,-0.1189048793923694,0.2940361783655161,12.217,57.1
26620,1972-11-21 00:00:00,0.3543878389116772,0.1461517368444666,0.5626239409788879,12.217,57.1
26621,1972-11-22 00:00:00,0.2288660537602854,0.0216073726138614,0.4361247349067095,12.217,57.1
26622,1972-11-23 00:00:00,0.1629823781869425,-0.04270551169802,0.3686702680719051,12.217,57.1
26623,1972-11-24 00:00:00,0.0244650981268905,-0.1813198920737741,0.2302500883275551,12.217,57.1
26624,1972-11-25 00:00:00,-0.0612719206157618,-0.267423479972051,0.1448796387405272,12.217,57.1
26625,1972-11-26 00:00:00,-0.0214305542772898,-0.2277307034456945,0.1848695948911148,12.217,57.1
26626,1972-11-27 00:00:00,0.055694533445598,-0.150111693427964,0.26150076031916,12.217,57.1
26627,1972-11-28 00:00:00,0.3223232788084169,0.1164292740110906,0.5282172836057432,12.217,57.1
26628,1972-11-29 00:00:00,0.5003412878143134,0.2940203089797513,0.7066622666488755,12.217,57.1
26629,1972-11-30 00:00:00,0.4788455214440551,0.2713669474896324,0.6863240953984778,12.217,57.1
26630,1972-12-01 00:00:00,0.3663989344883876,0.1596872075158106,0.5731106614609646,12.217,57.1
26631,1972-12-02 00:00:00,0.3183782267352527,0.1087043310092672,0.5280521224612382,12.217,57.1
26632,1972-12-03 00:00:00,0.3502879644564848,0.1403942178774081,0.5601817110355615,12.217,57.1
26633,1972-12-04 00:00:00,0.3007134807933999,0.0945701691827131,0.5068567924040867,12.217,57.1
26634,1972-12-05 00:00:00,0.2138503794709279,0.0071090311807661,0.4205917277610896,12.217,57.1
26635,1972-12-06 00:00:00,0.277537758737832,0.0660503113945794,0.4890252060810846,12.217,57.1
26636,1972-12-07 00:00:00,0.3711679195883735,0.1588640230845126,0.5834718160922344,12.217,57.1
26637,1972-12-08 00:00:00,0.3105334548337128,0.102472704430792,0.5185942052366336,12.217,57.1
26638,1972-12-09 00:00:00,0.1597990755008383,-0.0462200785587642,0.3658182295604408,12.217,57.1
26639,1972-12-10 00:00:00,0.1382827611487579,-0.0673387265848707,0.3439042488823867,12.217,57.1
26640,1972-12-11 00:00:00,0.2446839967013072,0.0383754597485778,0.4509925336540366,12.217,57.1
26641,1972-12-12 00:00:00,0.3651489874744253,0.157415317780459,0.5728826571683916,12.217,57.1
26642,1972-12-13 00:00:00,0.2892247134069438,0.079975221073938,0.4984742057399495,12.217,57.1
26643,1972-12-14 00:00:00,0.4522369235406365,0.2428949922398792,0.6615788548413939,12.217,57.1
26644,1972-12-15 00:00:00,0.0988547163941569,-0.1093651839663587,0.3070746167546726,12.217,57.1
26645,1972-12-16 00:00:00,0.0159635843092326,-0.1896750891386405,0.2216022577571059,12.217,57.1
26646,1972-12-17 00:00:00,-0.0196349048067209,-0.225214269006116,0.1859444593926741,12.217,57.1
26647,1972-12-18 00:00:00,-0.1057734246537762,-0.3113554882325888,0.0998086389250362,12.217,57.1
26648,1972-12-19 00:00:00,-0.112760039759123,-0.318318868320841,0.0927987888025948,12.217,57.1
26649,1972-12-20 00:00:00,-0.0427561430524518,-0.2484262112694499,0.1629139251645462,12.217,57.1
26650,1972-12-21 00:00:00,-0.0192654382625428,-0.2249642138132727,0.186433337288187,12.217,57.1
26651,1972-12-22 00:00:00,-0.0163879934663653,-0.2219869920132261,0.1892110050804954,12.217,57.1
26652,1972-12-23 00:00:00,-0.0221036272230979,-0.2276731805003256,0.1834659260541296,12.217,57.1
26653,1972-12-24 00:00:00,0.0740804143643551,-0.1315849698597097,0.2797457985884199,12.217,57.1
26654,1972-12-25 00:00:00,0.1060585338046267,-0.0997186661597595,0.311835733769013,12.217,57.1
26655,1972-12-26 00:00:00,-0.0517444458833604,-0.2575653364263934,0.1540764446596725,12.217,57.1
26656,1972-12-27 00:00:00,0.0060660354509561,-0.1999691125429594,0.2121011834448717,12.217,57.1
26657,1972-12-28 00:00:00,0.0543220945465423,-0.1535193612770976,0.2621635503701823,12.217,57.1
26658,1972-12-29 00:00:00,0.1195033740237838,-0.0889087583118425,0.3279155063594103,12.217,57.1
26659,1972-12-30 00:00:00,0.0536853510565491,-0.1542201883695276,0.2615908904826259,12.217,57.1
26660,1972-12-31 00:00:00,0.1314435784700936,-0.0751764237341769,0.3380635806743641,12.217,57.1
26661,1973-01-01 00:00:00,0.1209098199346939,-0.0853605558630852,0.3271801957324731,12.217,57.1
26662,1973-01-02 00:00:00,0.0799873409959353,-0.125828206075255,0.2858028880671256,12.217,57.1
26663,1973-01-03 00:00:00,0.1859514066047779,-0.0198958674461728,0.3917986806557286,12.217,57.1
26664,1973-01-04 00:00:00,-0.0126250553815692,-0.2186650252388287,0.1934149144756901,12.217,57.1
26665,1973-01-05 00:00:00,0.051311989591753,-0.1543245142576909,0.2569484934411969,12.217,57.1
26666,1973-01-06 00:00:00,-0.0395325454143594,-0.2451542319528059,0.1660891411240869,12.217,57.1
26667,1973-01-07 00:00:00,-0.0899470506315802,-0.2955158215536598,0.1156217202904994,12.217,57.1
26668,1973-01-08 00:00:00,-0.0290842727363912,-0.2347368735177549,0.1765683280449724,12.217,57.1
26669,1973-01-09 00:00:00,-0.059105606969432,-0.2647012748169722,0.1464900608781082,12.217,57.1
26670,1973-01-10 00:00:00,-0.0146039008671006,-0.2202097550543536,0.1910019533201523,12.217,57.1
26671,1973-01-11 00:00:00,-0.051166342332891,-0.256986534807592,0.1546538501418098,12.217,57.1
26672,1973-01-12 00:00:00,-0.0492745833125442,-0.2547904028532269,0.1562412362281384,12.217,57.1
26673,1973-01-13 00:00:00,-0.017388346332012,-0.2228871279145719,0.1881104352505479,12.217,57.1
26674,1973-01-14 00:00:00,-0.0310289589828852,-0.2366359727276459,0.1745780547618753,12.217,57.1
26675,1973-01-15 00:00:00,0.1186883408669331,-0.0870030617973191,0.3243797435311853,12.217,57.1
26676,1973-01-16 00:00:00,0.2357458979152438,0.0297136383261204,0.4417781575043671,12.217,57.1
26677,1973-01-17 00:00:00,0.1367032519933181,-0.069252414482995,0.3426589184696313,12.217,57.1
26678,1973-01-18 00:00:00,-0.0018247984011655,-0.2073402619802196,0.2036906651778885,12.217,57.1
26679,1973-01-19 00:00:00,-0.0705674401763085,-0.2760468676632142,0.134911987310597,12.217,57.1
26680,1973-01-20 00:00:00,0.0047475803005262,-0.200817982885599,0.2103131434866516,12.217,57.1
26681,1973-01-21 00:00:00,0.1195855766357137,-0.086250066711312,0.3254212199827395,12.217,57.1
26682,1973-01-22 00:00:00,0.127548612537628,-0.0787161127880587,0.3338133378633148,12.217,57.1
26683,1973-01-23 00:00:00,0.0117134093847756,-0.194357628005646,0.2177844467751973,12.217,57.1
26684,1973-01-24 00:00:00,-0.093629613385027,-0.2994581769779335,0.1121989502078794,12.217,57.1
26685,1973-01-25 00:00:00,0.0499484261296932,-0.1561516309061819,0.2560484831655685,12.217,57.1
26686,1973-01-26 00:00:00,0.2202311256897835,0.0138517850313475,0.4266104663482195,12.217,57.1
26687,1973-01-27 00:00:00,0.2926701794254691,0.0863371500213963,0.4990032088295419,12.217,57.1
26688,1973-01-28 00:00:00,0.091517464496456,-0.1147503654491621,0.2977852944420741,12.217,57.1
26689,1973-01-29 00:00:00,0.0430906801105651,-0.1633252009053703,0.2495065611265006,12.217,57.1
26690,1973-01-30 00:00:00,0.1220270954121774,-0.0842372350943224,0.3282914259186772,12.217,57.1
26691,1973-01-31 00:00:00,0.1112609866559207,-0.0944397603628871,0.3169617336747286,12.217,57.1
26692,1973-02-01 00:00:00,0.0953580729664235,-0.110269828309934,0.300985974242781,12.217,57.1
26693,1973-02-02 00:00:00,0.0575051030398395,-0.1480393469969139,0.263049553076593,12.217,57.1
26694,1973-02-03 00:00:00,0.1723877050209334,-0.0337985526310666,0.3785739626729335,12.217,57.1
26695,1973-02-04 00:00:00,0.0924307021888019,-0.1138269891353966,0.2986883935130006,12.217,57.1
26696,1973-02-05 00:00:00,0.191972053138475,-0.013746675269833,0.3976907815467832,12.217,57.1
26697,1973-02-06 00:00:00,0.437432730415103,0.2312411153336491,0.643624345496557,12.217,57.1
26698,1973-02-07 00:00:00,0.8298476139877923,0.6200043761223194,1.039690851853265,12.217,57.1
26699,1973-02-08 00:00:00,0.5515899670399733,0.3400769201148457,0.7631030139651009,12.217,57.1
26700,1973-02-09 00:00:00,0.2508178264746792,0.0443126690952165,0.4573229838541419,12.217,57.1
26701,1973-02-10 00:00:00,0.1877528488420382,-0.0179970087087786,0.3935027063928551,12.217,57.1
26702,1973-02-11 00:00:00,0.1659755987459896,-0.0399898379200521,0.3719410354120314,12.217,57.1
26703,1973-02-12 00:00:00,0.0971835561906161,-0.1090530102960306,0.3034201226772629,12.217,57.1
26704,1973-02-13 00:00:00,0.4467623567212924,0.2360462010405372,0.6574785124020477,12.217,57.1
26705,1973-02-14 00:00:00,0.5550067857607874,0.3451769883796222,0.7648365831419527,12.217,57.1
26706,1973-02-15 00:00:00,0.371185456003026,0.164119297683384,0.5782516143226679,12.217,57.1
26707,1973-02-16 00:00:00,0.0158192667303609,-0.1906527404147929,0.2222912738755147,12.217,57.1
26708,1973-02-17 00:00:00,0.0003209255599827,-0.205956034365391,0.2065978854853564,12.217,57.1
26709,1973-02-18 00:00:00,-0.0232387213299302,-0.2292854575445584,0.1828080148846979,12.217,57.1
26710,1973-02-19 00:00:00,-0.0312838404701989,-0.237434636645987,0.1748669557055892,12.217,57.1
26711,1973-02-20 00:00:00,0.0587376572409875,-0.146904516432804,0.2643798309147791,12.217,57.1
26712,1973-02-21 00:00:00,0.2445902452215556,0.0386961623885134,0.4504843280545978,12.217,57.1
26713,1973-02-22 00:00:00,0.4158686869266146,0.2087555979117976,0.6229817759414316,12.217,57.1
26714,1973-02-23 00:00:00,0.2527122739317805,0.0459527244597667,0.4594718234037943,12.217,57.1
26715,1973-02-24 00:00:00,0.1929279310117518,-0.0129820661823464,0.3988379282058502,12.217,57.1
26716,1973-02-25 00:00:00,0.068949470369278,-0.1368163387629479,0.2747152795015041,12.217,57.1
26717,1973-02-26 00:00:00,0.0160491517873365,-0.1896094327114939,0.2217077362861671,12.217,57.1
26718,1973-02-27 00:00:00,-0.0081245494581036,-0.2137755716313568,0.1975264727151494,12.217,57.1
26719,1973-02-28 00:00:00,-0.0219060996963989,-0.2276517802770266,0.1838395808842287,12.217,57.1
26720,1973-03-01 00:00:00,0.2123307945691924,0.0064207934854241,0.4182407956529608,12.217,57.1
26721,1973-03-02 00:00:00,0.1475454277781359,-0.0584634669198367,0.3535543224761086,12.217,57.1
26722,1973-03-03 00:00:00,-0.0040417732857831,-0.2099884143287717,0.2019048677572053,12.217,57.1
26723,1973-03-04 00:00:00,0.0613363800010778,-0.1444004672362935,0.2670732272384493,12.217,57.1
26724,1973-03-05 00:00:00,0.0781041993541017,-0.1275147711486091,0.2837231698568126,12.217,57.1
26725,1973-03-06 00:00:00,0.0933283760402022,-0.112668576233595,0.2993253283139995,12.217,57.1
26726,1973-03-07 00:00:00,0.0776009907630312,-0.1281753547191296,0.2833773362451922,12.217,57.1
26727,1973-03-08 00:00:00,-0.0402195553255564,-0.2458808444793336,0.1654417338282207,12.217,57.1
26728,1973-03-09 00:00:00,-0.0868802613303006,-0.2924660476674703,0.118705525006869,12.217,57.1
26729,1973-03-10 00:00:00,-0.012140904163587,-0.2177334599487791,0.1934516516216051,12.217,57.1
26730,1973-03-11 00:00:00,0.0076201990457499,-0.1981300770370279,0.2133704751285277,12.217,57.1
26731,1973-03-12 00:00:00,-0.0235824142663485,-0.2295260857329326,0.1823612572002355,12.217,57.1
26732,1973-03-13 00:00:00,-0.0384324992402879,-0.2440720342823314,0.1672070358017555,12.217,57.1
26733,1973-03-14 00:00:00,-0.0620534310600534,-0.2675295754641589,0.1434227133440521,12.217,57.1
26734,1973-03-15 00:00:00,-0.0408833979302879,-0.2463724050587643,0.1646056091981885,12.217,57.1
26735,1973-03-16 00:00:00,0.0355729404249104,-0.1701063471752438,0.2412522280250646,12.217,57.1
26736,1973-03-17 00:00:00,0.1567340816111636,-0.0492256661019135,0.3626938293242407,12.217,57.1
26737,1973-03-18 00:00:00,0.2127510768629238,0.0066461706142172,0.4188559831116305,12.217,57.1
26738,1973-03-19 00:00:00,0.079009720867831,-0.1268593268839211,0.2848787686195833,12.217,57.1
26739,1973-03-20 00:00:00,0.03313855680458,-0.1726244334681642,0.2389015470773243,12.217,57.1
26740,1973-03-21 00:00:00,0.177564384564859,-0.0282110462446022,0.3833398153743202,12.217,57.1
26741,1973-03-22 00:00:00,0.1678912859442449,-0.0381396577889069,0.3739222296773968,12.217,57.1
26742,1973-03-23 00:00:00,0.2462931751057147,0.0400253094924953,0.452561040718934,12.217,57.1
26743,1973-03-24 00:00:00,0.1491635080425367,-0.0567759152270254,0.355102931312099,12.217,57.1
26744,1973-03-25 00:00:00,0.137053266084951,-0.0684971030606763,0.3426036352305784,12.217,57.1
26745,1973-03-26 00:00:00,0.0956448755416516,-0.1099920915783636,0.3012818426616669,12.217,57.1
26746,1973-03-27 00:00:00,0.0320401023024797,-0.1736354125011733,0.2377156171061329,12.217,57.1
26747,1973-03-28 00:00:00,-0.0275039983843132,-0.2331514646779725,0.178143467909346,12.217,57.1
26748,1973-03-29 00:00:00,0.0241213325092412,-0.1817214093196904,0.2299640743381728,12.217,57.1
26749,1973-03-30 00:00:00,0.0084840935181449,-0.197067087066271,0.2140352741025608,12.217,57.1
26750,1973-03-31 00:00:00,0.1404428404758191,-0.0656995371816849,0.3465852181333232,12.217,57.1
26751,1973-04-01 00:00:00,0.2118792833680292,0.0049815172174073,0.418777049518651,12.217,57.1
26752,1973-04-02 00:00:00,0.4416187560305122,0.2333526218398656,0.6498848902211587,12.217,57.1
26753,1973-04-03 00:00:00,0.161932741553594,-0.0448944934690973,0.3687599765762853,12.217,57.1
26754,1973-04-04 00:00:00,0.0491972795981413,-0.159313726151284,0.2577082853475667,12.217,57.1
26755,1973-04-05 00:00:00,0.1293739236266064,-0.0788973829270028,0.3376452301802157,12.217,57.1
26756,1973-04-06 00:00:00,0.377905499746001,0.1674964502129881,0.5883145492790138,12.217,57.1
26757,1973-04-07 00:00:00,0.2730605123130767,0.0671318509082859,0.4789891737178675,12.217,57.1
26758,1973-04-08 00:00:00,0.1053744746613494,-0.100472784707984,0.311221734030683,12.217,57.1
26759,1973-04-09 00:00:00,0.0201112118889688,-0.1854311742691571,0.2256535980470949,12.217,57.1
26760,1973-04-10 00:00:00,0.0524697970183442,-0.1531837819227574,0.2581233759594459,12.217,57.1
26761,1973-04-11 00:00:00,0.173136513229351,-0.0330175833718105,0.3792906098305125,12.217,57.1
26762,1973-04-12 00:00:00,0.216652432440544,0.0083822204844813,0.4249226443966066,12.217,57.1
26763,1973-04-13 00:00:00,0.0767538325414391,-0.1296951904843735,0.2832028555672519,12.217,57.1
26764,1973-04-14 00:00:00,0.0363371075034454,-0.1694238886153526,0.2420981036222436,12.217,57.1
26765,1973-04-15 00:00:00,0.0644996912951333,-0.1411588164577255,0.2701581990479921,12.217,57.1
26766,1973-04-16 00:00:00,0.0346554922283728,-0.1710838192912722,0.2403948037480179,12.217,57.1
26767,1973-04-17 00:00:00,0.1952682039280168,-0.0108664018458157,0.4014028097018494,12.217,57.1
26768,1973-04-18 00:00:00,0.2294322643083154,0.0220772746747271,0.4367872539419036,12.217,57.1
26769,1973-04-19 00:00:00,0.1028876693058715,-0.1038180586927922,0.3095933973045353,12.217,57.1
26770,1973-04-20 00:00:00,0.0292263627480977,-0.1773418399748642,0.2357945654710597,12.217,57.1
26771,1973-04-21 00:00:00,0.0482894831192485,-0.157389937437425,0.2539689036759221,12.217,57.1
26772,1973-04-22 00:00:00,0.01525788387393,-0.1905920201850703,0.2211077879329304,12.217,57.1
26773,1973-04-23 00:00:00,-0.0988021207117377,-0.3048970056846177,0.1072927642611423,12.217,57.1
26774,1973-04-24 00:00:00,-0.0240539551601799,-0.229674091287508,0.1815661809671481,12.217,57.1
26775,1973-04-25 00:00:00,-0.0190089014727499,-0.224617982924843,0.1866001799793432,12.217,57.1
26776,1973-04-26 00:00:00,0.1116882899387018,-0.0941281640502551,0.3175047439276589,12.217,57.1
26777,1973-04-27 00:00:00,0.1186021895120041,-0.0876926817778985,0.3248970608019069,12.217,57.1
26778,1973-04-28 00:00:00,0.1521491305000575,-0.0540184253471628,0.3583166863472778,12.217,57.1
26779,1973-04-29 00:00:00,0.1642367838618066,-0.0417534004108506,0.3702269681344639,12.217,57.1
26780,1973-04-30 00:00:00,0.0623276599067246,-0.1433829044339086,0.2680382242473579,12.217,57.1
26781,1973-05-01 00:00:00,0.062970564005989,-0.1440867077247082,0.2700278357366863,12.217,57.1
26782,1973-05-02 00:00:00,0.1962284500759528,-0.0146347228614074,0.4070916230133131,12.217,57.1
26783,1973-05-03 00:00:00,0.0462160521403661,-0.162495181152182,0.2549272854329144,12.217,57.1
26784,1973-05-04 00:00:00,-0.0143361464216679,-0.2200295297499256,0.1913572369065898,12.217,57.1
26785,1973-05-05 00:00:00,0.1520614928570931,-0.0538964940830101,0.3580194797971964,12.217,57.1
26786,1973-05-06 00:00:00,0.1672656524950264,-0.0390997081772086,0.3736310131672614,12.217,57.1
26787,1973-05-07 00:00:00,0.1953168692014871,-0.0116327039891708,0.4022664423921451,12.217,57.1
26788,1973-05-08 00:00:00,0.0954159952953682,-0.1104215058866358,0.3012534964773722,12.217,57.1
26789,1973-05-09 00:00:00,0.0280052779485809,-0.1776131199702855,0.2336236758674475,12.217,57.1
26790,1973-05-10 00:00:00,0.1041747171549707,-0.1016148092305749,0.3099642435405164,12.217,57.1
26791,1973-05-11 00:00:00,0.1578218053247191,-0.0497136260832471,0.3653572367326854,12.217,57.1
26792,1973-05-12 00:00:00,0.1752535746160907,-0.0310320301889088,0.3815391794210904,12.217,57.1
26793,1973-05-13 00:00:00,0.146871803983746,-0.0587555171182709,0.3524991250857631,12.217,57.1
26794,1973-05-14 00:00:00,0.3303677018674315,0.1232322278823519,0.537503175852511,12.217,57.1
26795,1973-05-15 00:00:00,0.1254283351280953,-0.0814645710563976,0.3323212413125882,12.217,57.1
26796,1973-05-16 00:00:00,0.0308988292305619,-0.1749648843910792,0.2367625428522031,12.217,57.1
26797,1973-05-17 00:00:00,-0.0094917193805339,-0.2151835354314724,0.1962000966704044,12.217,57.1
26798,1973-05-18 00:00:00,0.002189359905347,-0.2034949831517999,0.2078737029624941,12.217,57.1
26799,1973-05-19 00:00:00,-0.0092957973325865,-0.2150900589294415,0.1964984642642683,12.217,57.1
26800,1973-05-20 00:00:00,0.0073406957304515,-0.198483669157855,0.2131650606187581,12.217,57.1
26801,1973-05-21 00:00:00,0.0988132314441124,-0.1069744360491104,0.3046008989373353,12.217,57.1
26802,1973-05-22 00:00:00,0.0644320412386586,-0.1413886575459938,0.2702527400233111,12.217,57.1
26803,1973-05-23 00:00:00,-0.0231007886668075,-0.2286603220576827,0.1824587447240676,12.217,57.1
26804,1973-05-24 00:00:00,0.0502588507541563,-0.1551452209299098,0.2556629224382226,12.217,57.1
26805,1973-05-25 00:00:00,0.0129104957144455,-0.1925574461295554,0.2183784375584466,12.217,57.1
26806,1973-05-26 00:00:00,-0.0373565470477749,-0.2429339269613312,0.1682208328657813,12.217,57.1
26807,1973-05-27 00:00:00,-0.0267853373377062,-0.2322671056653476,0.1786964309899352,12.217,57.1
26808,1973-05-28 00:00:00,-0.0084576313195457,-0.2138644801101338,0.1969492174710423,12.217,57.1
26809,1973-05-29 00:00:00,-0.0031445545627708,-0.2086160260687203,0.2023269169431785,12.217,57.1
26810,1973-05-30 00:00:00,0.0721255614125085,-0.133360584044413,0.27761170686943,12.217,57.1
26811,1973-05-31 00:00:00,0.1017479916948223,-0.1037372294822892,0.3072332128719339,12.217,57.1
26812,1973-06-01 00:00:00,0.1470072400303239,-0.0588488306267187,0.3528633106873666,12.217,57.1
26813,1973-06-02 00:00:00,0.0425278808802837,-0.1638030915170145,0.248858853277582,12.217,57.1
26814,1973-06-03 00:00:00,0.0618327417645754,-0.1443413091014813,0.2680067926306321,12.217,57.1
26815,1973-06-04 00:00:00,0.0163699211740669,-0.18973740434716,0.2224772466952939,12.217,57.1
26816,1973-06-05 00:00:00,0.0038024969341059,-0.2016983402490945,0.2093033341173064,12.217,57.1
26817,1973-06-06 00:00:00,-0.0192361044214119,-0.2247403902402652,0.1862681813974412,12.217,57.1
26818,1973-06-07 00:00:00,0.0015676460286302,-0.2040209437761222,0.2071562358333828,12.217,57.1
26819,1973-06-08 00:00:00,0.0261905280011071,-0.1792598300327297,0.231640886034944,12.217,57.1
26820,1973-06-09 00:00:00,0.0614607690105144,-0.1442395079477068,0.2671610459687357,12.217,57.1
26821,1973-06-10 00:00:00,0.1679221451638891,-0.0380615325660465,0.3739058228938247,12.217,57.1
26822,1973-06-11 00:00:00,0.3865831264044606,0.1800547063615046,0.5931115464474166,12.217,57.1
26823,1973-06-12 00:00:00,0.1471792251369557,-0.0597145776624007,0.3540730279363121,12.217,57.1
26824,1973-06-13 00:00:00,0.2555172614160729,0.0490306823694109,0.462003840462735,12.217,57.1
26825,1973-06-14 00:00:00,0.3756288967806069,0.1678971091528907,0.5833606844083232,12.217,57.1
26826,1973-06-15 00:00:00,0.1837422440244575,-0.0262271561991565,0.3937116442480716,12.217,57.1
26827,1973-06-16 00:00:00,0.0113500748677078,-0.1948097045121992,0.217509854247615,12.217,57.1
26828,1973-06-17 00:00:00,0.0134168634725549,-0.1921774579267159,0.2190111848718258,12.217,57.1
26829,1973-06-18 00:00:00,0.0675487447583326,-0.13803794074614,0.2731354302628053,12.217,57.1
26830,1973-06-19 00:00:00,0.0030515998862134,-0.2024756207245139,0.2085788204969409,12.217,57.1
26831,1973-06-20 00:00:00,0.036977815743625,-0.1685206533267116,0.2424762848139617,12.217,57.1
26832,1973-06-21 00:00:00,-0.0104727968880648,-0.2159785716211423,0.1950329778450126,12.217,57.1
26833,1973-06-22 00:00:00,-0.0525294788572374,-0.2581152213322407,0.1530562636177658,12.217,57.1
26834,1973-06-23 00:00:00,-0.0345561999460765,-0.2400690933458567,0.1709566934537036,12.217,57.1
26835,1973-06-24 00:00:00,-0.017634936957189,-0.2232137100163486,0.1879438361019706,12.217,57.1
26836,1973-06-25 00:00:00,0.008280177287557,-0.1972642359352767,0.2138245905103908,12.217,57.1
26837,1973-06-26 00:00:00,0.0070350222444587,-0.1984524095681176,0.2125224540570351,12.217,57.1
26838,1973-06-27 00:00:00,0.0121051548409148,-0.1934639746434051,0.2176742843252347,12.217,57.1
26839,1973-06-28 00:00:00,0.0664847247628962,-0.1393256997163575,0.27229514924215,12.217,57.1
26840,1973-06-29 00:00:00,0.0937007301841789,-0.1121019473504258,0.2995034077187837,12.217,57.1
26841,1973-06-30 00:00:00,0.1752449325745243,-0.0303971874490697,0.3808870525981184,12.217,57.1
26842,1973-07-01 00:00:00,0.0397778942754684,-0.1657955223646601,0.2453513109155971,12.217,57.1
26843,1973-07-02 00:00:00,0.0125912455757272,-0.192967424563869,0.2181499157153234,12.217,57.1
26844,1973-07-03 00:00:00,0.0228866802079938,-0.1826005212271933,0.2283738816431811,12.217,57.1
26845,1973-07-04 00:00:00,0.0297971093450382,-0.1757226071674352,0.2353168258575117,12.217,57.1
26846,1973-07-05 00:00:00,0.0230512410271138,-0.1825008135287678,0.2286032955829955,12.217,57.1
26847,1973-07-06 00:00:00,0.0277884027807463,-0.1777706229348064,0.2333474284962991,12.217,57.1
26848,1973-07-07 00:00:00,0.0415497092675829,-0.1640505520996333,0.2471499706347991,12.217,57.1
26849,1973-07-08 00:00:00,0.0842547983478182,-0.121357695650329,0.2898672923459655,12.217,57.1
26850,1973-07-09 00:00:00,0.0327549319101948,-0.1730592350958614,0.2385690989162511,12.217,57.1
26851,1973-07-10 00:00:00,0.1471345035320069,-0.0584841157995977,0.3527531228636116,12.217,57.1
26852,1973-07-11 00:00:00,0.1520768603736931,-0.0537825675594118,0.3579362883067981,12.217,57.1
26853,1973-07-12 00:00:00,0.1041462463502541,-0.101566245269101,0.3098587379696093,12.217,57.1
26854,1973-07-13 00:00:00,0.0542698962540115,-0.1511528560751703,0.2596926485831934,12.217,57.1
26855,1973-07-14 00:00:00,0.059378125241532,-0.1460779369042819,0.2648341873873459,12.217,57.1
26856,1973-07-15 00:00:00,0.0483656427386562,-0.1571179973247243,0.2538492828020368,12.217,57.1
26857,1973-07-16 00:00:00,0.0258387049360661,-0.1796815920194764,0.2313590018916087,12.217,57.1
26858,1973-07-17 00:00:00,0.1111150105029651,-0.0946551533004469,0.3168851743063773,12.217,57.1
26859,1973-07-18 00:00:00,0.1493541589393917,-0.0564715282399813,0.3551798461187648,12.217,57.1
26860,1973-07-19 00:00:00,0.1556030972796194,-0.0501258809827252,0.3613320755419641,12.217,57.1
26861,1973-07-20 00:00:00,0.2312941317059932,0.025526046629882,0.4370622167821045,12.217,57.1
26862,1973-07-21 00:00:00,0.2788051842746999,0.0729004598501611,0.4847099086992388,12.217,57.1
26863,1973-07-22 00:00:00,0.1707085375686135,-0.0350216376560279,0.3764387127932549,12.217,57.1
26864,1973-07-23 00:00:00,0.1298647724315424,-0.0756353496830453,0.3353648945461302,12.217,57.1
26865,1973-07-24 00:00:00,0.1257214668377917,-0.0797524189568383,0.3311953526324218,12.217,57.1
26866,1973-07-25 00:00:00,0.1083407424381964,-0.0971727104294298,0.3138541953058227,12.217,57.1
26867,1973-07-26 00:00:00,0.0680153188043542,-0.1374880094464916,0.2735186470552,12.217,57.1
26868,1973-07-27 00:00:00,0.1266752095851642,-0.0794659693816501,0.3328163885519787,12.217,57.1
26869,1973-07-28 00:00:00,-0.0154711264998663,-0.221381389799282,0.1904391367995492,12.217,57.1
26870,1973-07-29 00:00:00,-0.0146778266932707,-0.2202472286514797,0.1908915752649383,12.217,57.1
26871,1973-07-30 00:00:00,0.017664354003548,-0.1877828275756923,0.2231115355827884,12.217,57.1
26872,1973-07-31 00:00:00,0.0385302724985504,-0.1669921757953245,0.2440527207924255,12.217,57.1
26873,1973-08-01 00:00:00,0.084340794217062,-0.121285385895588,0.2899669743297121,12.217,57.1
26874,1973-08-02 00:00:00,0.0744209720888153,-0.1312093180278798,0.2800512622055106,12.217,57.1
26875,1973-08-03 00:00:00,0.0764497084068595,-0.1292078075802218,0.282107224393941,12.217,57.1
26876,1973-08-04 00:00:00,0.0920456787846541,-0.1134505999007405,0.2975419574700488,12.217,57.1
26877,1973-08-05 00:00:00,0.2085914880975285,0.0029416490611,0.4142413271339571,12.217,57.1
26878,1973-08-06 00:00:00,0.3805629629760564,0.1729716907633845,0.5881542351887283,12.217,57.1
26879,1973-08-07 00:00:00,0.2932935601903055,0.0824598330480934,0.5041272873325175,12.217,57.1
26880,1973-08-08 00:00:00,0.2496154164643403,0.0405261700806008,0.4587046628480798,12.217,57.1
26881,1973-08-09 00:00:00,0.2591284742524263,0.0527486349046173,0.4655083136002352,12.217,57.1
26882,1973-08-10 00:00:00,0.1217056344243931,-0.0842250591330075,0.3276363279817939,12.217,57.1
26883,1973-08-11 00:00:00,0.1815971844370213,-0.0249269704357721,0.3881213393098148,12.217,57.1
26884,1973-08-12 00:00:00,-0.0132325414367436,-0.2190798241549785,0.1926147412814911,12.217,57.1
26885,1973-08-13 00:00:00,-0.0341320521327056,-0.2396517154591882,0.171387611193777,12.217,57.1
26886,1973-08-14 00:00:00,-0.026422721682692,-0.2318192485901389,0.1789738052247548,12.217,57.1
26887,1973-08-15 00:00:00,-0.0043392388850882,-0.209749505239995,0.2010710274698186,12.217,57.1
26888,1973-08-16 00:00:00,-0.0008892318393672,-0.2062644006866971,0.2044859370079626,12.217,57.1
26889,1973-08-17 00:00:00,0.0428776182064176,-0.1625216882357201,0.2482769246485553,12.217,57.1
26890,1973-08-18 00:00:00,0.1090831384484562,-0.0965679221470069,0.3147341990439194,12.217,57.1
26891,1973-08-19 00:00:00,0.1371827996308829,-0.0689620088820194,0.3433276081437853,12.217,57.1
26892,1973-08-20 00:00:00,0.0949941680455058,-0.1107860760819834,0.3007744121729952,12.217,57.1
26893,1973-08-21 00:00:00,0.108859598929336,-0.0968951186953085,0.3146143165539805,12.217,57.1
26894,1973-08-22 00:00:00,0.0222162936641449,-0.1835942096592554,0.2280267969875453,12.217,57.1
26895,1973-08-23 00:00:00,0.0088938858400081,-0.1966416347739065,0.2144294064539228,12.217,57.1
26896,1973-08-24 00:00:00,0.0778216547396037,-0.127688774366505,0.2833320838457125,12.217,57.1
26897,1973-08-25 00:00:00,0.0474801538601652,-0.1581793869694842,0.2531396946898147,12.217,57.1
26898,1973-08-26 00:00:00,0.0120085617240544,-0.1936402306954189,0.2176573541435278,12.217,57.1
26899,1973-08-27 00:00:00,0.022893361695501,-0.182605992155047,0.2283927155460491,12.217,57.1
26900,1973-08-28 00:00:00,0.045467104389261,-0.1599176805692039,0.250851889347726,12.217,57.1
26901,1973-08-29 00:00:00,0.0279752071197742,-0.1774285396507961,0.2333789538903446,12.217,57.1
26902,1973-08-30 00:00:00,0.0694987069780488,-0.135918884297342,0.2749162982534396,12.217,57.1
26903,1973-08-31 00:00:00,0.1131515099882188,-0.0925192466043132,0.3188222665807508,12.217,57.1
26904,1973-09-01 00:00:00,0.1743447089785843,-0.0312650456441545,0.3799544636013232,12.217,57.1
26905,1973-09-02 00:00:00,0.2662150091452103,0.060127191258991,0.4723028270314295,12.217,57.1
26906,1973-09-03 00:00:00,0.2516138427350042,0.0456399250015839,0.4575877604684245,12.217,57.1
26907,1973-09-04 00:00:00,0.1638604029674152,-0.0419528974678806,0.369673703402711,12.217,57.1
26908,1973-09-05 00:00:00,0.0824582816301561,-0.1232336080363691,0.2881501712966814,12.217,57.1
26909,1973-09-06 00:00:00,0.1569319666102093,-0.0501330013855739,0.3639969346059926,12.217,57.1
26910,1973-09-07 00:00:00,0.1292587142823565,-0.0767580326210987,0.3352754611858118,12.217,57.1
26911,1973-09-08 00:00:00,0.0885381109126176,-0.1178373011202683,0.2949135229455036,12.217,57.1
26912,1973-09-09 00:00:00,0.2075412093475687,0.0017961411231191,0.4132862775720182,12.217,57.1
26913,1973-09-10 00:00:00,0.163994067653938,-0.0427499982934278,0.3707381336013038,12.217,57.1
26914,1973-09-11 00:00:00,0.0089237756959437,-0.1972400675135299,0.2150876189054173,12.217,57.1
26915,1973-09-12 00:00:00,0.0185362994585565,-0.1873503434204367,0.2244229423375498,12.217,57.1
26916,1973-09-13 00:00:00,0.0668270715863489,-0.1397008141307379,0.2733549573034359,12.217,57.1
26917,1973-09-14 00:00:00,0.033447167687762,-0.1725274150186807,0.2394217503942048,12.217,57.1
26918,1973-09-15 00:00:00,0.0307165482183676,-0.1750217434210036,0.2364548398577388,12.217,57.1
26919,1973-09-16 00:00:00,-0.0023833462445354,-0.2079278735898335,0.2031611811007626,12.217,57.1
26920,1973-09-17 00:00:00,0.0588624145214831,-0.1466414493190965,0.2643662783620628,12.217,57.1
26921,1973-09-18 00:00:00,-0.0018297363448832,-0.2075447028630063,0.2038852301732397,12.217,57.1
26922,1973-09-19 00:00:00,0.0458235268848386,-0.1598157333553261,0.2514627871250033,12.217,57.1
26923,1973-09-20 00:00:00,0.1801889964186138,-0.0257204587361233,0.386098451573351,12.217,57.1
26924,1973-09-21 00:00:00,0.128467993159836,-0.0774479769649961,0.3343839632846683,12.217,57.1
26925,1973-09-22 00:00:00,0.1403677240903137,-0.0663215422823312,0.3470569904629587,12.217,57.1
26926,1973-09-23 00:00:00,0.2507027344241923,0.0410531556630428,0.4603523131853418,12.217,57.1
26927,1973-09-24 00:00:00,-0.0084324997600965,-0.2174983529823543,0.2006333534621612,12.217,57.1
26928,1973-09-25 00:00:00,-0.1346305639495693,-0.3408653014463868,0.0716041735472482,12.217,57.1
26929,1973-09-26 00:00:00,-0.0677226344299552,-0.2741681772195877,0.1387229083596771,12.217,57.1
26930,1973-09-27 00:00:00,-0.0941522824254421,-0.2999678161347746,0.1116632512838903,12.217,57.1
26931,1973-09-28 00:00:00,0.0996639547938453,-0.1060291022884413,0.3053570118761319,12.217,57.1
26932,1973-09-29 00:00:00,0.2623041782287001,0.0534989912523268,0.4711093652050735,12.217,57.1
26933,1973-09-30 00:00:00,0.1973875242251528,-0.0084934697103619,0.4032685181606676,12.217,57.1
26934,1973-10-01 00:00:00,0.0333234674515407,-0.1724395349477804,0.239086469850862,12.217,57.1
26935,1973-10-02 00:00:00,0.1090530187023483,-0.0967868900683278,0.3148929274730245,12.217,57.1
26936,1973-10-03 00:00:00,0.0189479242363531,-0.1871292890014659,0.2250251374741722,12.217,57.1
26937,1973-10-04 00:00:00,-0.0101178557942143,-0.2157082325532181,0.1954725209647894,12.217,57.1
26938,1973-10-05 00:00:00,-0.0313824863865018,-0.2368342833554494,0.1740693105824458,12.217,57.1
26939,1973-10-06 00:00:00,-0.0034612203180904,-0.2089777112609126,0.2020552706247317,12.217,57.1
26940,1973-10-07 00:00:00,-0.0184780854633211,-0.2239797943808679,0.1870236234542255,12.217,57.1
26941,1973-10-08 00:00:00,-0.0325988279375696,-0.2381648213936277,0.1729671655184885,12.217,57.1
26942,1973-10-09 00:00:00,0.2351304020819867,0.0293749042559273,0.440885899908046,12.217,57.1
26943,1973-10-10 00:00:00,0.5602986556994709,0.3518669569395148,0.768730354459427,12.217,57.1
26944,1973-10-11 00:00:00,0.1876251102322714,-0.0200150600767347,0.3952652805412775,12.217,57.1
26945,1973-10-12 00:00:00,0.0012520708187554,-0.2048673292920105,0.2073714709295215,12.217,57.1
26946,1973-10-13 00:00:00,0.0193123752393844,-0.1863596239205405,0.2249843743993095,12.217,57.1
26947,1973-10-14 00:00:00,0.1292850333679452,-0.0762931474729492,0.3348632142088398,12.217,57.1
26948,1973-10-15 00:00:00,0.1741881777864541,-0.0314467827381986,0.3798231383111069,12.217,57.1
26949,1973-10-16 00:00:00,0.0865791536673756,-0.1191601418230633,0.2923184491578146,12.217,57.1
26950,1973-10-17 00:00:00,0.1000721822337608,-0.105589014167829,0.3057333786353507,12.217,57.1
26951,1973-10-18 00:00:00,0.0944849422942115,-0.111506819306468,0.300476703894891,12.217,57.1
26952,1973-10-19 00:00:00,0.145246344606459,-0.0607864684730796,0.3512791576859977,12.217,57.1
26953,1973-10-20 00:00:00,0.0791132084165302,-0.1271722957342028,0.2853987125672634,12.217,57.1
26954,1973-10-21 00:00:00,0.0775371096018568,-0.128093741919058,0.2831679611227718,12.217,57.1
26955,1973-10-22 00:00:00,0.0193603111496959,-0.1868188354615497,0.2255394577609414,12.217,57.1
26956,1973-10-23 00:00:00,-0.046506282093602,-0.2524539331438261,0.159441368956622,12.217,57.1
26957,1973-10-24 00:00:00,0.0075504832856789,-0.1982964361338588,0.2133974027052167,12.217,57.1
26958,1973-10-25 00:00:00,0.1506385791759315,-0.05521987250838,0.356497030860243,12.217,57.1
26959,1973-10-26 00:00:00,0.2084807199223737,0.0021458560551178,0.4148155837896295,12.217,57.1
26960,1973-10-27 00:00:00,-0.0243847949180777,-0.2301931040822648,0.1814235142461092,12.217,57.1
26961,1973-10-28 00:00:00,0.0444768191356898,-0.1611354613600231,0.2500890996314028,12.217,57.1
26962,1973-10-29 00:00:00,0.0546272911960069,-0.1511716607127462,0.26042624310476,12.217,57.1
26963,1973-10-30 00:00:00,0.2644923182922316,0.0558357004805342,0.4731489361039289,12.217,57.1
26964,1973-10-31 00:00:00,-0.00453055433695,-0.2121271672636229,0.2030660585897228,12.217,57.1
26965,1973-11-01 00:00:00,-0.0211526567216451,-0.2269765937874688,0.1846712803441785,12.217,57.1
26966,1973-11-02 00:00:00,0.0490179317310288,-0.1567672719017824,0.2548031353638401,12.217,57.1
26967,1973-11-03 00:00:00,0.0298319788824296,-0.1758467482791028,0.235510706043962,12.217,57.1
26968,1973-11-04 00:00:00,0.0790170411927511,-0.1264102896272169,0.2844443720127192,12.217,57.1
26969,1973-11-05 00:00:00,0.1806991780603191,-0.0250125720357967,0.3864109281564349,12.217,57.1
26970,1973-11-06 00:00:00,0.4139693654390913,0.2068135835284247,0.621125147349758,12.217,57.1
26971,1973-11-07 00:00:00,0.5343671784335989,0.323510896539767,0.7452234603274308,12.217,57.1
26972,1973-11-08 00:00:00,0.1612998834174351,-0.0464279236375867,0.3690276904724571,12.217,57.1
26973,1973-11-09 00:00:00,0.4157550672311749,0.208802507208701,0.6227076272536488,12.217,57.1
26974,1973-11-10 00:00:00,0.3647386463770821,0.1565397833212808,0.5729375094328835,12.217,57.1
26975,1973-11-11 00:00:00,0.143745050907713,-0.0628806377723139,0.3503707395877401,12.217,57.1
26976,1973-11-12 00:00:00,0.1423888361024661,-0.0637712736859798,0.348548945890912,12.217,57.1
26977,1973-11-13 00:00:00,0.5836171313380163,0.3713599930950597,0.7958742695809728,12.217,57.1
26978,1973-11-14 00:00:00,0.5568202818187902,0.3457263756792378,0.7679141879583424,12.217,57.1
26979,1973-11-15 00:00:00,0.1384132616972763,-0.0688671080867421,0.3456936314812947,12.217,57.1
26980,1973-11-16 00:00:00,0.29026987645357,0.0820274557745036,0.4985122971326364,12.217,57.1
26981,1973-11-17 00:00:00,0.1853670314099882,-0.021924951783127,0.3926590146031036,12.217,57.1
26982,1973-11-18 00:00:00,0.0833821294235878,-0.123852456847943,0.2906167156951187,12.217,57.1
26983,1973-11-19 00:00:00,0.2118201667798604,0.0042543081251224,0.4193860254345984,12.217,57.1
26984,1973-11-20 00:00:00,0.5967228293237821,0.3827269626274675,0.8107186960200966,12.217,57.1
26985,1973-11-21 00:00:00,-0.0805445858399815,-0.2940909189307992,0.1330017472508362,12.217,57.1
26986,1973-11-22 00:00:00,0.0632095801374437,-0.1439549136141133,0.2703740738890008,12.217,57.1
26987,1973-11-23 00:00:00,0.4675536655296911,0.2606869389395932,0.6744203921197889,12.217,57.1
26988,1973-11-24 00:00:00,0.2179464128508995,0.0090495791688191,0.42684324653298,12.217,57.1
26989,1973-11-25 00:00:00,0.4596497610956627,0.2493848519650432,0.6699146702262821,12.217,57.1
26990,1973-11-26 00:00:00,0.0727234595313728,-0.1350039317815033,0.280450850844249,12.217,57.1
26991,1973-11-27 00:00:00,0.0517521655713889,-0.1540615276334916,0.2575658587762695,12.217,57.1
26992,1973-11-28 00:00:00,-0.0436064598301767,-0.2503167569996214,0.1631038373392679,12.217,57.1
26993,1973-11-29 00:00:00,0.0109766666607441,-0.1953203506652322,0.2172736839867204,12.217,57.1
26994,1973-11-30 00:00:00,0.0430840534504838,-0.1677332950715959,0.2539014019725637,12.217,57.1
26995,1973-12-01 00:00:00,-0.1760770633413856,-0.3847623059687934,0.0326081792860221,12.217,57.1
26996,1973-12-02 00:00:00,-0.109265857479143,-0.315907586648345,0.097375871690059,12.217,57.1
26997,1973-12-03 00:00:00,0.1078380836427336,-0.0987076911587759,0.3143838584442432,12.217,57.1
26998,1973-12-04 00:00:00,0.5560524803912547,0.3483844194383371,0.7637205413441722,12.217,57.1
26999,1973-12-05 00:00:00,0.2340027369596865,0.0264389146950382,0.4415665592243348,12.217,57.1
27000,1973-12-06 00:00:00,0.0672730189278211,-0.1393351044493778,0.27388114230502,12.217,57.1
27001,1973-12-07 00:00:00,0.4186834554812908,0.2096653549900435,0.6277015559725382,12.217,57.1
27002,1973-12-08 00:00:00,0.1209866607516052,-0.0864321533432218,0.3284054748464323,12.217,57.1
27003,1973-12-09 00:00:00,-0.0201488969392303,-0.2269971833237092,0.1866993894452485,12.217,57.1
27004,1973-12-10 00:00:00,0.031000999550655,-0.1759785648142529,0.2379805639155629,12.217,57.1
27005,1973-12-11 00:00:00,0.4084623192783313,0.2007116836649621,0.6162129548917005,12.217,57.1
27006,1973-12-12 00:00:00,0.5109168336459896,0.3031900603773043,0.7186436069146749,12.217,57.1
27007,1973-12-13 00:00:00,0.2777939074386054,0.0702837353348957,0.4853040795423151,12.217,57.1
27008,1973-12-14 00:00:00,0.4669635561700707,0.2581631031398209,0.6757640092003204,12.217,57.1
27009,1973-12-15 00:00:00,0.2132794273912204,0.0020324961072386,0.4245263586752023,12.217,57.1
27010,1973-12-16 00:00:00,-0.0546097302390836,-0.2634805207025107,0.1542610602243435,12.217,57.1
27011,1973-12-17 00:00:00,0.3763597282809224,0.168892836511548,0.583826620050297,12.217,57.1
27012,1973-12-18 00:00:00,0.2902613509035818,0.0837590834024047,0.4967636184047588,12.217,57.1
27013,1973-12-19 00:00:00,0.1942019750621472,-0.0119035418016209,0.4003074919259155,12.217,57.1
27014,1973-12-20 00:00:00,0.1818611636946717,-0.024972419931266,0.3886947473206095,12.217,57.1
27015,1973-12-21 00:00:00,0.1955693261219653,-0.010330815093235,0.4014694673371657,12.217,57.1
27016,1973-12-22 00:00:00,0.1534384867417339,-0.0524201024606665,0.3592970759441344,12.217,57.1
27017,1973-12-23 00:00:00,0.1292262109462162,-0.0765972570403644,0.335049678932797,12.217,57.1
27018,1973-12-24 00:00:00,0.0752965783088991,-0.1304129963841103,0.2810061530019085,12.217,57.1
27019,1973-12-25 00:00:00,0.0225612864883128,-0.1832052132047952,0.2283277861814209,12.217,57.1
27020,1973-12-26 00:00:00,-0.0003373892012617,-0.2061052665947295,0.2054304881922059,12.217,57.1
27021,1973-12-27 00:00:00,0.1836476876093586,-0.0221294595897673,0.3894248348084845,12.217,57.1
27022,1973-12-28 00:00:00,0.3850849580433974,0.1789203623249687,0.5912495537618261,12.217,57.1
27023,1973-12-29 00:00:00,0.1097335259954195,-0.0965850872377272,0.3160521392285664,12.217,57.1
27024,1973-12-30 00:00:00,0.2042471858451039,-0.001779263169194,0.410273634859402,12.217,57.1
27025,1973-12-31 00:00:00,0.3384877981676069,0.1319260422137643,0.5450495541214494,12.217,57.1
27026,1974-01-01 00:00:00,0.1511743938889404,-0.0548845571347779,0.3572333449126588,12.217,57.1
27027,1974-01-02 00:00:00,0.0982963631859282,-0.1074252448116694,0.3040179711835259,12.217,57.1
27028,1974-01-03 00:00:00,0.0714331795717268,-0.1341889259445054,0.2770552850879592,12.217,57.1
27029,1974-01-04 00:00:00,0.1049096937393477,-0.1005718614697623,0.3103912489484578,12.217,57.1
27030,1974-01-05 00:00:00,0.0629542970683867,-0.1425177139295856,0.268426308066359,12.217,57.1
27031,1974-01-06 00:00:00,0.096971968986311,-0.1086595239673382,0.3026034619399604,12.217,57.1
27032,1974-01-07 00:00:00,0.1386443820188427,-0.0672384816826343,0.3445272457203198,12.217,57.1
27033,1974-01-08 00:00:00,0.1005776967951846,-0.105665220833376,0.3068206144237453,12.217,57.1
27034,1974-01-09 00:00:00,0.130968993755583,-0.0752281271362477,0.3371661146474137,12.217,57.1
27035,1974-01-10 00:00:00,0.1256950952235564,-0.0814281951255541,0.3328183855726669,12.217,57.1
27036,1974-01-11 00:00:00,0.1238103110862006,-0.0827621598662134,0.3303827820386146,12.217,57.1
27037,1974-01-12 00:00:00,0.2526576546805182,0.0446516296837644,0.4606636796772719,12.217,57.1
27038,1974-01-13 00:00:00,0.1747428893909911,-0.0322776440247938,0.3817634228067761,12.217,57.1
27039,1974-01-14 00:00:00,0.2542032708244726,0.046957789243651,0.4614487524052941,12.217,57.1
27040,1974-01-15 00:00:00,0.188717687283851,-0.0183497034640999,0.3957850780318021,12.217,57.1
27041,1974-01-16 00:00:00,0.4366022918681148,0.227814126781841,0.6453904569543886,12.217,57.1
27042,1974-01-17 00:00:00,0.2461674405004713,0.0385789086395531,0.4537559723613896,12.217,57.1
27043,1974-01-18 00:00:00,0.0890410597223498,-0.1189077314318322,0.296989850876532,12.217,57.1
27044,1974-01-19 00:00:00,0.3720624831257518,0.1642998728467182,0.5798250934047855,12.217,57.1
27045,1974-01-20 00:00:00,0.1934609389788705,-0.013993352658128,0.400915230615869,12.217,57.1
27046,1974-01-21 00:00:00,0.1162361817746233,-0.0897344928739811,0.3222068564232279,12.217,57.1
27047,1974-01-22 00:00:00,0.1157694776318562,-0.089942903756994,0.3214818590207066,12.217,57.1
27048,1974-01-23 00:00:00,0.0190491593174827,-0.1865497735438816,0.2246480921788471,12.217,57.1
27049,1974-01-24 00:00:00,0.1913891266914961,-0.0148219101925251,0.3976001635755174,12.217,57.1
27050,1974-01-25 00:00:00,0.3106870998178812,0.1046816377719037,0.5166925618638587,12.217,57.1
27051,1974-01-26 00:00:00,0.1949250101567798,-0.0106109039477378,0.4004609242612975,12.217,57.1
27052,1974-01-27 00:00:00,0.1648264053425615,-0.0408250079528944,0.3704778186380174,12.217,57.1
27053,1974-01-28 00:00:00,0.1722051252698137,-0.0335995349824856,0.3780097855221131,12.217,57.1
27054,1974-01-29 00:00:00,0.2413805327544398,0.0351495168870211,0.4476115486218585,12.217,57.1
27055,1974-01-30 00:00:00,0.1914820184652664,-0.0152089903181577,0.3981730272486906,12.217,57.1
27056,1974-01-31 00:00:00,0.1924819422222331,-0.0138675968746469,0.3988314813191131,12.217,57.1
27057,1974-02-01 00:00:00,0.2013294068040002,-0.0046389450393318,0.4072977586473324,12.217,57.1
27058,1974-02-02 00:00:00,0.1221539873407397,-0.0835321288550527,0.3278401035365322,12.217,57.1
27059,1974-02-03 00:00:00,0.1394962464416994,-0.0661459327303925,0.3451384256137914,12.217,57.1
27060,1974-02-04 00:00:00,0.2032866087480377,-0.0024615043278712,0.4090347218239467,12.217,57.1
27061,1974-02-05 00:00:00,0.2011404634955839,-0.0046066167150414,0.4068875437062093,12.217,57.1
27062,1974-02-06 00:00:00,0.2993202988708598,0.0933632035043075,0.5052773942374122,12.217,57.1
27063,1974-02-07 00:00:00,0.2556373780013978,0.0488742564290987,0.4624004995736968,12.217,57.1
27064,1974-02-08 00:00:00,0.11577787250332,-0.0916387450058962,0.3231944900125364,12.217,57.1
27065,1974-02-09 00:00:00,0.2306246021140461,0.0236972808744297,0.4375519233536624,12.217,57.1
27066,1974-02-10 00:00:00,0.2206913305949751,0.0146222549162031,0.4267604062737472,12.217,57.1
27067,1974-02-11 00:00:00,0.2541856418136665,0.0469303994956356,0.4614408841316973,12.217,57.1
27068,1974-02-12 00:00:00,0.4291148955790438,0.2212675557290717,0.636962235429016,12.217,57.1
27069,1974-02-13 00:00:00,0.3752251874368356,0.1674863966017369,0.5829639782719344,12.217,57.1
27070,1974-02-14 00:00:00,0.1602628295529042,-0.0464795508970869,0.3670052100028954,12.217,57.1
27071,1974-02-15 00:00:00,0.1335903897861851,-0.0722434486961804,0.3394242282685508,12.217,57.1
27072,1974-02-16 00:00:00,0.1563931267158534,-0.0493725385483061,0.3621587919800129,12.217,57.1
27073,1974-02-17 00:00:00,0.0518581729053814,-0.1538912321215823,0.2576075779323452,12.217,57.1
27074,1974-02-18 00:00:00,-0.0535975123576362,-0.2590785180627698,0.1518834933474972,12.217,57.1
27075,1974-02-19 00:00:00,-0.0573253273720607,-0.2627927784783798,0.1481421237342584,12.217,57.1
27076,1974-02-20 00:00:00,-0.0394451483203991,-0.2449817273740487,0.1660914307332505,12.217,57.1
27077,1974-02-21 00:00:00,0.1350349248242386,-0.070609653077105,0.3406795027255823,12.217,57.1
27078,1974-02-22 00:00:00,0.1657072455552946,-0.0401040750664778,0.3715185661770672,12.217,57.1
27079,1974-02-23 00:00:00,0.1793100389745514,-0.0264128923387789,0.3850329702878817,12.217,57.1
27080,1974-02-24 00:00:00,-0.0508536354525658,-0.2566070113896618,0.15489974048453,12.217,57.1
27081,1974-02-25 00:00:00,-0.0433202783064267,-0.2489438520439212,0.1623032954310677,12.217,57.1
27082,1974-02-26 00:00:00,-0.0377963130172981,-0.2433100213435169,0.1677173953089206,12.217,57.1
27083,1974-02-27 00:00:00,-0.0933681067889213,-0.2988965064859562,0.1121602929081135,12.217,57.1
27084,1974-02-28 00:00:00,-0.0797335759883568,-0.2853182393837472,0.1258510874070335,12.217,57.1
27085,1974-03-01 00:00:00,0.0618784886965045,-0.1438346727863903,0.2675916501793994,12.217,57.1
27086,1974-03-02 00:00:00,0.1106748514889881,-0.0951406540427775,0.3164903570207539,12.217,57.1
27087,1974-03-03 00:00:00,0.10558254284221,-0.1002621383370433,0.3114272240214633,12.217,57.1
27088,1974-03-04 00:00:00,-0.0358475565560005,-0.2415681737619061,0.1698730606499051,12.217,57.1
27089,1974-03-05 00:00:00,-0.1734302351168286,-0.379984954450129,0.0331244842164717,12.217,57.1
27090,1974-03-06 00:00:00,-0.0120711377960547,-0.2187961691556069,0.1946538935634975,12.217,57.1
27091,1974-03-07 00:00:00,-0.1016927755655451,-0.3081186178221894,0.104733066691099,12.217,57.1
27092,1974-03-08 00:00:00,-0.121752965908743,-0.3273039487564833,0.0837980169389972,12.217,57.1
27093,1974-03-09 00:00:00,-0.1593410223461259,-0.365151581537968,0.0464695368457162,12.217,57.1
27094,1974-03-10 00:00:00,-0.1488645543726886,-0.3547750750618731,0.0570459663164958,12.217,57.1
27095,1974-03-11 00:00:00,-0.1416699980378246,-0.3474497071995936,0.0641097111239442,12.217,57.1
27096,1974-03-12 00:00:00,-0.0735343057361762,-0.2792858500935365,0.1322172386211842,12.217,57.1
27097,1974-03-13 00:00:00,-0.0457917126079205,-0.2513889870615268,0.1598055618456857,12.217,57.1
27098,1974-03-14 00:00:00,0.009764409202879,-0.1958677593847717,0.2153965777905297,12.217,57.1
27099,1974-03-15 00:00:00,0.0932816175755528,-0.1122462723547928,0.2988095075058985,12.217,57.1
27100,1974-03-16 00:00:00,0.1542754447339271,-0.0513661924600564,0.3599170819279107,12.217,57.1
27101,1974-03-17 00:00:00,0.2955609531816088,0.0893085167445524,0.5018133896186653,12.217,57.1
27102,1974-03-18 00:00:00,0.3070744705724783,0.1005834700498603,0.5135654710950962,12.217,57.1
27103,1974-03-19 00:00:00,0.3815616644030725,0.1728933035192385,0.5902300252869064,12.217,57.1
27104,1974-03-20 00:00:00,0.1270270330503072,-0.0813935747295918,0.3354476408302063,12.217,57.1
27105,1974-03-21 00:00:00,0.0566790631553347,-0.148973593336266,0.2623317196469354,12.217,57.1
27106,1974-03-22 00:00:00,0.0079605900503834,-0.1982484959058931,0.21416967600666,12.217,57.1
27107,1974-03-23 00:00:00,-0.0718284237545565,-0.2775274455115739,0.1338705980024609,12.217,57.1
27108,1974-03-24 00:00:00,-0.1909816807150998,-0.3970335139662446,0.0150701525360449,12.217,57.1
27109,1974-03-25 00:00:00,-0.1278863710305955,-0.3337742278138884,0.0780014857526972,12.217,57.1
27110,1974-03-26 00:00:00,-0.0776322027758378,-0.2833536889133859,0.1280892833617102,12.217,57.1
27111,1974-03-27 00:00:00,-0.0176892620499364,-0.2232450212920496,0.1878664971921766,12.217,57.1
27112,1974-03-28 00:00:00,-0.010184823328293,-0.2156422645605011,0.1952726179039151,12.217,57.1
27113,1974-03-29 00:00:00,-0.019318789028772,-0.2247978203134762,0.1861602422559321,12.217,57.1
27114,1974-03-30 00:00:00,-0.0448909549563441,-0.2504141616216374,0.1606322517089492,12.217,57.1
27115,1974-03-31 00:00:00,-0.131972790267464,-0.3374656720667215,0.0735200915317933,12.217,57.1
27116,1974-04-01 00:00:00,-0.1173860574664204,-0.3229949852256204,0.0882228702927794,12.217,57.1
27117,1974-04-02 00:00:00,-0.0273552506688947,-0.2333059888678479,0.1785954875300585,12.217,57.1
27118,1974-04-03 00:00:00,0.0107330782298599,-0.1949417463114877,0.2164079027712076,12.217,57.1
27119,1974-04-04 00:00:00,-0.0524656754187686,-0.2579805542079925,0.1530492033704551,12.217,57.1
27120,1974-04-05 00:00:00,-0.0651852271595279,-0.2706415138841641,0.1402710595651081,12.217,57.1
27121,1974-04-06 00:00:00,-0.0870008286006928,-0.2924546824059814,0.1184530252045957,12.217,57.1
27122,1974-04-07 00:00:00,-0.087445554665146,-0.2929107040491299,0.1180195947188377,12.217,57.1
27123,1974-04-08 00:00:00,-0.046449689924208,-0.2520381568931574,0.1591387770447413,12.217,57.1
27124,1974-04-09 00:00:00,-0.0047605347245792,-0.2103500757625256,0.2008290063133672,12.217,57.1
27125,1974-04-10 00:00:00,0.0643625797931527,-0.1413503369603906,0.2700754965466961,12.217,57.1
27126,1974-04-11 00:00:00,0.1326494206259012,-0.0732889896242625,0.3385878308760651,12.217,57.1
27127,1974-04-12 00:00:00,0.0392618376152715,-0.1677272666407874,0.2462509418713305,12.217,57.1
27128,1974-04-13 00:00:00,-0.0310173042344939,-0.2368127016899074,0.1747780932209195,12.217,57.1
27129,1974-04-14 00:00:00,-0.0057890899385554,-0.2112565531953278,0.199678373318217,12.217,57.1
27130,1974-04-15 00:00:00,0.0201137797195387,-0.1859323864929695,0.2261599459320469,12.217,57.1
27131,1974-04-16 00:00:00,0.0267775178753938,-0.1801099396482692,0.2336649753990569,12.217,57.1
27132,1974-04-17 00:00:00,-0.0417457200974248,-0.2473306762159354,0.1638392360210858,12.217,57.1
27133,1974-04-18 00:00:00,-0.0300437969549799,-0.2355878875180492,0.1755002936080892,12.217,57.1
27134,1974-04-19 00:00:00,-0.0024727703984078,-0.2084022481641543,0.2034567073673387,12.217,57.1
27135,1974-04-20 00:00:00,0.0463657175678707,-0.1595307288364948,0.2522621639722364,12.217,57.1
27136,1974-04-21 00:00:00,0.0515180550813404,-0.1543644597802234,0.2574005699429042,12.217,57.1
27137,1974-04-22 00:00:00,0.0082425148643149,-0.1974072198603143,0.2138922495889441,12.217,57.1
27138,1974-04-23 00:00:00,0.0281617626041166,-0.177537486852711,0.2338610120609443,12.217,57.1
27139,1974-04-24 00:00:00,0.0499356411936564,-0.1559522282470554,0.2558235106343682,12.217,57.1
27140,1974-04-25 00:00:00,-0.0147680551148639,-0.2204757285853062,0.1909396183555783,12.217,57.1
27141,1974-04-26 00:00:00,-0.0207526632454515,-0.2262880710942097,0.1847827446033066,12.217,57.1
27142,1974-04-27 00:00:00,0.0001457194726705,-0.2054233478406793,0.2057147867860204,12.217,57.1
27143,1974-04-28 00:00:00,-0.041236227189007,-0.2467235635821121,0.1642511092040979,12.217,57.1
27144,1974-04-29 00:00:00,-0.0277129181733405,-0.2333289969625775,0.1779031606158963,12.217,57.1
27145,1974-04-30 00:00:00,3.621038378451638e-05,-0.2057337813769752,0.2058062021445443,12.217,57.1
27146,1974-05-01 00:00:00,0.0183880956352407,-0.1874486359817354,0.2242248272522169,12.217,57.1
27147,1974-05-02 00:00:00,0.0645497589699531,-0.1413368174082879,0.2704363353481942,12.217,57.1
27148,1974-05-03 00:00:00,0.0770307801534992,-0.1286611309788006,0.2827226912857992,12.217,57.1
27149,1974-05-04 00:00:00,0.0598709440865129,-0.1457425693237413,0.2654844574967671,12.217,57.1
27150,1974-05-05 00:00:00,-0.046529239138924,-0.2525646647165231,0.1595061864386749,12.217,57.1
27151,1974-05-06 00:00:00,-0.0819808858625284,-0.2886116804189389,0.124649908693882,12.217,57.1
27152,1974-05-07 00:00:00,-0.0756724046523603,-0.282151573755611,0.1308067644508903,12.217,57.1
27153,1974-05-08 00:00:00,-0.0727182128187194,-0.2788707159389161,0.1334342903014773,12.217,57.1
27154,1974-05-09 00:00:00,0.0027609803811483,-0.2029048037854289,0.2084267645477256,12.217,57.1
27155,1974-05-10 00:00:00,0.0322227960589211,-0.1732335869513708,0.2376791790692131,12.217,57.1
27156,1974-05-11 00:00:00,0.0776766061509291,-0.1278200202386085,0.2831732325404668,12.217,57.1
27157,1974-05-12 00:00:00,0.0565969425595003,-0.1490427935040312,0.2622366786230319,12.217,57.1
27158,1974-05-13 00:00:00,-0.0233729805105714,-0.2288999338442643,0.1821539728231214,12.217,57.1
27159,1974-05-14 00:00:00,-0.022255826112006,-0.2279152688251985,0.1834036166011864,12.217,57.1
27160,1974-05-15 00:00:00,-0.0397499365551554,-0.245753997422544,0.166254124312233,12.217,57.1
27161,1974-05-16 00:00:00,-0.0729569366258435,-0.2786846185080793,0.1327707452563923,12.217,57.1
27162,1974-05-17 00:00:00,-0.0098507910729411,-0.2154365427372848,0.1957349605914025,12.217,57.1
27163,1974-05-18 00:00:00,-0.058895678766042,-0.264497564407822,0.1467062068757378,12.217,57.1
27164,1974-05-19 00:00:00,-0.0450509674766012,-0.2505954650968517,0.1604935301436493,12.217,57.1
27165,1974-05-20 00:00:00,0.0639964998206431,-0.1416350278253619,0.2696280274666481,12.217,57.1
27166,1974-05-21 00:00:00,0.0193885075266879,-0.1862726865251607,0.2250497015785366,12.217,57.1
27167,1974-05-22 00:00:00,0.1155347302156866,-0.0900471559819672,0.3211166164133405,12.217,57.1
27168,1974-05-23 00:00:00,0.1079136298498209,-0.0976967624620691,0.313524022161711,12.217,57.1
27169,1974-05-24 00:00:00,0.0339425633242506,-0.1716822953578297,0.2395674220063311,12.217,57.1
27170,1974-05-25 00:00:00,0.0145834107004342,-0.1911043574181434,0.2202711788190119,12.217,57.1
27171,1974-05-26 00:00:00,0.0819573067637028,-0.123755932676078,0.2876705462034836,12.217,57.1
27172,1974-05-27 00:00:00,0.3353272814097367,0.1289689638067664,0.541685599012707,12.217,57.1
27173,1974-05-28 00:00:00,0.366773728971329,0.1604742556516958,0.5730732022909621,12.217,57.1
27174,1974-05-29 00:00:00,0.2379815490451429,0.0316520260786136,0.4443110720116723,12.217,57.1
27175,1974-05-30 00:00:00,0.5180729215850243,0.3107626884552037,0.7253831547148448,12.217,57.1
27176,1974-05-31 00:00:00,0.1642864372998953,-0.0422096571973527,0.3707825317971434,12.217,57.1
27177,1974-06-01 00:00:00,0.048450058494424,-0.1572151767435817,0.2541152937324298,12.217,57.1
27178,1974-06-02 00:00:00,-0.0102841735732537,-0.2159377635643215,0.195369416417814,12.217,57.1
27179,1974-06-03 00:00:00,0.1152026352382811,-0.0907271281977049,0.3211323986742672,12.217,57.1
27180,1974-06-04 00:00:00,0.233371881843512,0.0273295008112403,0.4394142628757838,12.217,57.1
27181,1974-06-05 00:00:00,0.210445319767407,0.0044568937440144,0.4164337457907996,12.217,57.1
27182,1974-06-06 00:00:00,0.1478951894534538,-0.058258146704964,0.3540485256118717,12.217,57.1
27183,1974-06-07 00:00:00,0.1981537584686447,-0.0089968070751,0.4053043240123896,12.217,57.1
27184,1974-06-08 00:00:00,0.2184405988918339,0.0125074492192112,0.4243737485644565,12.217,57.1
27185,1974-06-09 00:00:00,0.1548013703909044,-0.0507708923020568,0.3603736330838657,12.217,57.1
27186,1974-06-10 00:00:00,0.1318222149210361,-0.0738431568609756,0.3374875867030479,12.217,57.1
27187,1974-06-11 00:00:00,0.1269342151725436,-0.0786049877313544,0.3324734180764418,12.217,57.1
27188,1974-06-12 00:00:00,0.063904939114328,-0.1417622266328668,0.2695721048615229,12.217,57.1
27189,1974-06-13 00:00:00,-0.0383428783453222,-0.2445029515390531,0.1678171948484085,12.217,57.1
27190,1974-06-14 00:00:00,-0.0900362891408116,-0.2965185139657226,0.1164459356840992,12.217,57.1
27191,1974-06-15 00:00:00,-0.0496202185312466,-0.2556155117023675,0.1563750746398743,12.217,57.1
27192,1974-06-16 00:00:00,-0.0207401504700455,-0.2262777727307772,0.184797471790686,12.217,57.1
27193,1974-06-17 00:00:00,-0.0232312646082747,-0.2286775021933554,0.1822149729768059,12.217,57.1
27194,1974-06-18 00:00:00,0.0783017205107861,-0.1273818841299329,0.2839853251515052,12.217,57.1
27195,1974-06-19 00:00:00,0.0624349431323071,-0.143176170475917,0.2680460567405313,12.217,57.1
27196,1974-06-20 00:00:00,0.0065352244459655,-0.199162799690524,0.2122332485824551,12.217,57.1
27197,1974-06-21 00:00:00,0.0546965867714092,-0.1508644228449694,0.2602575963877878,12.217,57.1
27198,1974-06-22 00:00:00,0.0282242212304032,-0.1774580920410731,0.2339065345018796,12.217,57.1
27199,1974-06-23 00:00:00,-0.0016978840433918,-0.2072866729253136,0.2038909048385298,12.217,57.1
27200,1974-06-24 00:00:00,-0.01025712742613,-0.2158233642632235,0.1953091094109635,12.217,57.1
27201,1974-06-25 00:00:00,0.0652523869694714,-0.1403776943071806,0.2708824682461235,12.217,57.1
27202,1974-06-26 00:00:00,0.1968581017360616,-0.0089026592220854,0.4026188626942087,12.217,57.1
27203,1974-06-27 00:00:00,0.2176162245413313,0.0114554427924747,0.423777006290188,12.217,57.1
27204,1974-06-28 00:00:00,0.1287822575805531,-0.0771179471758689,0.3346824623369752,12.217,57.1
27205,1974-06-29 00:00:00,0.1061068583076943,-0.0994655489958574,0.3116792656112461,12.217,57.1
27206,1974-06-30 00:00:00,0.0823906161528125,-0.1231574931109637,0.2879387254165889,12.217,57.1
27207,1974-07-01 00:00:00,0.1042881152279368,-0.1012326323342708,0.3098088627901446,12.217,57.1
27208,1974-07-02 00:00:00,0.0706218336187456,-0.1349650928865797,0.276208760124071,12.217,57.1
27209,1974-07-03 00:00:00,0.2145841591849114,0.0086172113280525,0.4205511070417703,12.217,57.1
27210,1974-07-04 00:00:00,0.1436522430477753,-0.0623024107467153,0.349606896842266,12.217,57.1
27211,1974-07-05 00:00:00,0.2417465350965434,0.0358858760058139,0.4476071941872728,12.217,57.1
27212,1974-07-06 00:00:00,0.1826594131476428,-0.0231032881264931,0.3884221144217789,12.217,57.1
27213,1974-07-07 00:00:00,0.0557840319526116,-0.1499696381384561,0.2615377020436795,12.217,57.1
27214,1974-07-08 00:00:00,0.0932270640820092,-0.1123586769431072,0.2988128051071257,12.217,57.1
27215,1974-07-09 00:00:00,0.1073954382730444,-0.0983307914708122,0.313121668016901,12.217,57.1
27216,1974-07-10 00:00:00,0.1461902125650532,-0.0594646928705117,0.3518451180006182,12.217,57.1
27217,1974-07-11 00:00:00,0.2420066665804706,0.0363523466386853,0.4476609865222558,12.217,57.1
27218,1974-07-12 00:00:00,0.3227130714755725,0.1166684713076419,0.5287576716435031,12.217,57.1
27219,1974-07-13 00:00:00,0.2683778274544103,0.0626822144251766,0.4740734404836439,12.217,57.1
27220,1974-07-14 00:00:00,0.1448497543796559,-0.060964192994844,0.3506637017541559,12.217,57.1
27221,1974-07-15 00:00:00,0.2828719206180469,0.0762113337271806,0.4895325075089131,12.217,57.1
27222,1974-07-16 00:00:00,0.167484657262819,-0.0389593579703333,0.3739286724959713,12.217,57.1
27223,1974-07-17 00:00:00,0.19823093285368,-0.0075784555201126,0.4040403212274726,12.217,57.1
27224,1974-07-18 00:00:00,0.1657246176186648,-0.0399935383927937,0.3714427736301233,12.217,57.1
27225,1974-07-19 00:00:00,0.0568211506293686,-0.1488111903516288,0.2624534916103661,12.217,57.1
27226,1974-07-20 00:00:00,0.1191798357316266,-0.0866884708453996,0.325048142308653,12.217,57.1
27227,1974-07-21 00:00:00,0.1414086972581485,-0.0644785895872735,0.3472959841035706,12.217,57.1
27228,1974-07-22 00:00:00,0.180861341586578,-0.0254050085386525,0.3871276917118085,12.217,57.1
27229,1974-07-23 00:00:00,0.186344557841271,-0.020881985230221,0.393571100912763,12.217,57.1
27230,1974-07-24 00:00:00,0.207727415311229,0.0004207824819603,0.4150340481404977,12.217,57.1
27231,1974-07-25 00:00:00,0.120042084611002,-0.0855570065620456,0.3256411757840496,12.217,57.1
27232,1974-07-26 00:00:00,0.0755126761067802,-0.1300999000012334,0.2811252522147939,12.217,57.1
27233,1974-07-27 00:00:00,0.2584673653520788,0.0525668575259489,0.4643678731782087,12.217,57.1
27234,1974-07-28 00:00:00,0.314456101037375,0.1084446833624158,0.5204675187123341,12.217,57.1
27235,1974-07-29 00:00:00,0.2880225644801573,0.0821558316514491,0.4938892973088655,12.217,57.1
27236,1974-07-30 00:00:00,0.4372390154628,0.2303502634622581,0.6441277674633419,12.217,57.1
27237,1974-07-31 00:00:00,0.2532400905891478,0.0468256832199623,0.4596544979583333,12.217,57.1
27238,1974-08-01 00:00:00,0.1443434774356294,-0.0614253108758537,0.3501122657471127,12.217,57.1
27239,1974-08-02 00:00:00,0.1011389623260839,-0.1045202285280532,0.306798153180221,12.217,57.1
27240,1974-08-03 00:00:00,0.1510061042195953,-0.0545202837540887,0.3565324921932794,12.217,57.1
27241,1974-08-04 00:00:00,0.0891894331398776,-0.11657218811097,0.2949510543907253,12.217,57.1
27242,1974-08-05 00:00:00,0.0168301366653475,-0.1889080804970344,0.2225683538277293,12.217,57.1
27243,1974-08-06 00:00:00,-0.0181213722885272,-0.2240280893777896,0.1877853448007351,12.217,57.1
27244,1974-08-07 00:00:00,0.0075525423764652,-0.198144332500544,0.2132494172534746,12.217,57.1
27245,1974-08-08 00:00:00,0.0665104377636231,-0.1390136270254466,0.272034502552693,12.217,57.1
27246,1974-08-09 00:00:00,0.1304350046699703,-0.0751596985776008,0.3360297079175416,12.217,57.1
27247,1974-08-10 00:00:00,0.1086501116153853,-0.0968922677398208,0.3141924909705915,12.217,57.1
27248,1974-08-11 00:00:00,0.1400316463541595,-0.0654988454360685,0.3455621381443875,12.217,57.1
27249,1974-08-12 00:00:00,0.0614616734577556,-0.1439974666776078,0.266920813593119,12.217,57.1
27250,1974-08-13 00:00:00,0.1229516949237219,-0.0826725987925554,0.3285759886399995,12.217,57.1
27251,1974-08-14 00:00:00,0.1206239377658686,-0.0853837208460505,0.3266315963777878,12.217,57.1
27252,1974-08-15 00:00:00,0.0745930306594871,-0.1310234424300797,0.280209503749054,12.217,57.1
27253,1974-08-16 00:00:00,0.1597834421353187,-0.0459607575111294,0.3655276417817669,12.217,57.1
27254,1974-08-17 00:00:00,0.1392814934183633,-0.0667720644446538,0.3453350512813806,12.217,57.1
27255,1974-08-18 00:00:00,0.1809356964384438,-0.0249519871467172,0.3868233800236049,12.217,57.1
27256,1974-08-19 00:00:00,0.0356970449030383,-0.1701841461716283,0.2415782359777051,12.217,57.1
27257,1974-08-20 00:00:00,-0.0460370237293402,-0.2516352643237411,0.1595612168650606,12.217,57.1
27258,1974-08-21 00:00:00,-0.0309063923248452,-0.2364310967666875,0.174618312116997,12.217,57.1
27259,1974-08-22 00:00:00,0.0070106138772581,-0.1985400843895473,0.2125613121440637,12.217,57.1
27260,1974-08-23 00:00:00,0.0225419816472403,-0.1830611464600665,0.2281451097545471,12.217,57.1
27261,1974-08-24 00:00:00,0.0588650998924476,-0.1466318304170136,0.2643620302019089,12.217,57.1
27262,1974-08-25 00:00:00,0.0939192788449936,-0.1116917337077718,0.2995302913977592,12.217,57.1
27263,1974-08-26 00:00:00,0.0673262986980408,-0.1382528792194483,0.2729054766155299,12.217,57.1
27264,1974-08-27 00:00:00,0.1140676658956959,-0.0915548330907055,0.3196901648820973,12.217,57.1
27265,1974-08-28 00:00:00,0.0225221300660556,-0.1834148299346437,0.228459090066755,12.217,57.1
27266,1974-08-29 00:00:00,0.0187263721044047,-0.1868879923893546,0.2243407365981641,12.217,57.1
27267,1974-08-30 00:00:00,0.0251713472092407,-0.180369920560297,0.2307126149787785,12.217,57.1
27268,1974-08-31 00:00:00,0.0032263280923933,-0.2022902583111483,0.2087429144959349,12.217,57.1
27269,1974-09-01 00:00:00,0.0404414096960207,-0.1649853836675186,0.2458682030595601,12.217,57.1
27270,1974-09-02 00:00:00,0.1986038988416231,-0.0074335760308227,0.404641373714069,12.217,57.1
27271,1974-09-03 00:00:00,0.0691198576698975,-0.1367323612598424,0.2749720765996376,12.217,57.1
27272,1974-09-04 00:00:00,0.1563493775485513,-0.0508457077895397,0.3635444628866424,12.217,57.1
27273,1974-09-05 00:00:00,0.2151325831188271,0.0087329144569587,0.4215322517806954,12.217,57.1
27274,1974-09-06 00:00:00,0.2810237475469225,0.0722666515183079,0.489780843575537,12.217,57.1
27275,1974-09-07 00:00:00,0.3223107522207502,0.1158852141440034,0.528736290297497,12.217,57.1
27276,1974-09-08 00:00:00,0.2792683792550408,0.0717699421139618,0.4867668163961198,12.217,57.1
27277,1974-09-09 00:00:00,0.4305521160749986,0.2208887720087888,0.6402154601412084,12.217,57.1
27278,1974-09-10 00:00:00,0.1355729207935759,-0.0708999125764715,0.3420457541636235,12.217,57.1
27279,1974-09-11 00:00:00,0.1073191620918639,-0.0984638710154117,0.3131021951991395,12.217,57.1
27280,1974-09-12 00:00:00,0.092580011614113,-0.1131749741224572,0.2983349973506832,12.217,57.1
27281,1974-09-13 00:00:00,0.0182597573080183,-0.1875036090497235,0.2240231236657602,12.217,57.1
27282,1974-09-14 00:00:00,0.0924067857901073,-0.1132560392151828,0.2980696107953975,12.217,57.1
27283,1974-09-15 00:00:00,-0.0255558283155309,-0.2313842730531725,0.1802726164221106,12.217,57.1
27284,1974-09-16 00:00:00,-0.0010955443840899,-0.2068437862868877,0.2046526975187077,12.217,57.1
27285,1974-09-17 00:00:00,0.0834660726335681,-0.1225579513529035,0.2894900966200397,12.217,57.1
27286,1974-09-18 00:00:00,0.1725347397424088,-0.0335076412853816,0.3785771207701994,12.217,57.1
27287,1974-09-19 00:00:00,0.0954144808013463,-0.1107944291568756,0.3016233907595684,12.217,57.1
27288,1974-09-20 00:00:00,0.1766010020486794,-0.0293342016523565,0.3825362057497154,12.217,57.1
27289,1974-09-21 00:00:00,0.1315570590832018,-0.0741562644206945,0.3372703825870982,12.217,57.1
27290,1974-09-22 00:00:00,0.2663403112206449,0.0604119116462143,0.4722687107950755,12.217,57.1
27291,1974-09-23 00:00:00,0.3030989865223716,0.0967848968755077,0.5094130761692356,12.217,57.1
27292,1974-09-24 00:00:00,0.2866981229116144,0.0801974143072169,0.4931988315160118,12.217,57.1
27293,1974-09-25 00:00:00,0.3200091289488689,0.1133531759312863,0.5266650819664516,12.217,57.1
27294,1974-09-26 00:00:00,0.2455347709996707,0.0386761768678201,0.4523933651315214,12.217,57.1
27295,1974-09-27 00:00:00,0.1459634339161122,-0.0598374973546367,0.3517643651868612,12.217,57.1
27296,1974-09-28 00:00:00,0.1614381977508015,-0.0462075872517633,0.3690839827533665,12.217,57.1
27297,1974-09-29 00:00:00,0.2944186432785819,0.0839935429931146,0.5048437435640492,12.217,57.1
27298,1974-09-30 00:00:00,0.1738203436409208,-0.0337750569119404,0.3814157441937822,12.217,57.1
27299,1974-10-01 00:00:00,0.099098578096973,-0.107246443862277,0.3054436000562232,12.217,57.1
27300,1974-10-02 00:00:00,0.0453712742182487,-0.160285140500117,0.2510276889366145,12.217,57.1
27301,1974-10-03 00:00:00,0.1244950509580726,-0.0874535796005686,0.336443681516714,12.217,57.1
27302,1974-10-04 00:00:00,0.1103425570606913,-0.1058886460799407,0.3265737602013234,12.217,57.1
27303,1974-10-05 00:00:00,0.1102406891851709,-0.0957438440068704,0.3162252223772123,12.217,57.1
27304,1974-10-06 00:00:00,0.1341911848450368,-0.071992118786685,0.3403744884767586,12.217,57.1
27305,1974-10-07 00:00:00,0.1723679353562166,-0.0338498415838795,0.3785857122963127,12.217,57.1
27306,1974-10-08 00:00:00,0.1180558416981615,-0.087820372062968,0.3239320554592911,12.217,57.1
27307,1974-10-09 00:00:00,-0.0107115930025088,-0.2163574345065841,0.1949342485015664,12.217,57.1
27308,1974-10-10 00:00:00,0.0239530436952899,-0.1867214214745007,0.2346275088650806,12.217,57.1
27309,1974-10-11 00:00:00,0.0402586274427056,-0.1720470568482747,0.252564311733686,12.217,57.1
27310,1974-10-12 00:00:00,0.0584392317902088,-0.1486076363642278,0.2654860999446455,12.217,57.1
27311,1974-10-13 00:00:00,-0.0003976318013369,-0.2062570094960621,0.2054617458933882,12.217,57.1
27312,1974-10-14 00:00:00,-0.0615124561927703,-0.2672127893231522,0.1441878769376114,12.217,57.1
27313,1974-10-15 00:00:00,-0.0641502208368352,-0.2697578381796044,0.1414573965059339,12.217,57.1
27314,1974-10-16 00:00:00,-0.0222212099302508,-0.2277130212392963,0.1832706013787945,12.217,57.1
27315,1974-10-17 00:00:00,-0.0270417124675892,-0.2326937044720854,0.1786102795369068,12.217,57.1
27316,1974-10-18 00:00:00,-0.0114874365055669,-0.2174990267042775,0.1945241536931436,12.217,57.1
27317,1974-10-19 00:00:00,0.1268473251911659,-0.0791549709201024,0.3328496213024344,12.217,57.1
27318,1974-10-20 00:00:00,0.2926232274507616,0.0851451753786187,0.5001012795229045,12.217,57.1
27319,1974-10-21 00:00:00,0.0859074962226121,-0.1210383540465044,0.2928533464917288,12.217,57.1
27320,1974-10-22 00:00:00,0.0901116668334725,-0.1169505203090593,0.2971738539760044,12.217,57.1
27321,1974-10-23 00:00:00,0.015675712950451,-0.1941566325181385,0.2255080584190406,12.217,57.1
27322,1974-10-24 00:00:00,-0.0695746066718808,-0.278365978252031,0.1392167649082693,12.217,57.1
27323,1974-10-25 00:00:00,0.2009990264019283,-0.005120293492569,0.4071183462964257,12.217,57.1
27324,1974-10-26 00:00:00,0.3086305845028547,0.1019864626189751,0.5152747063867342,12.217,57.1
27325,1974-10-27 00:00:00,0.1511887663182396,-0.0554375211189405,0.3578150537554198,12.217,57.1
27326,1974-10-28 00:00:00,0.313748036818374,0.1076536887122415,0.5198423849245065,12.217,57.1
27327,1974-10-29 00:00:00,0.1340698501389599,-0.0734485915438584,0.3415882918217783,12.217,57.1
27328,1974-10-30 00:00:00,-0.0261669331925807,-0.2337107183056218,0.1813768519204603,12.217,57.1
27329,1974-10-31 00:00:00,-0.0150637393066509,-0.2219331081531992,0.1918056295398973,12.217,57.1
27330,1974-11-01 00:00:00,0.0543850521749567,-0.1547912696953893,0.2635613740453028,12.217,57.1
27331,1974-11-02 00:00:00,-0.0726659944932738,-0.2814449855920234,0.1361129966054757,12.217,57.1
27332,1974-11-03 00:00:00,-0.1163127814358383,-0.3227465147277617,0.0901209518560849,12.217,57.1
27333,1974-11-04 00:00:00,-0.0705541846825581,-0.2763191082017954,0.1352107388366791,12.217,57.1
27334,1974-11-05 00:00:00,-0.079887705839628,-0.2856369672547711,0.1258615555755151,12.217,57.1
27335,1974-11-06 00:00:00,-0.0672950796204562,-0.2728150440500267,0.1382248848091142,12.217,57.1
27336,1974-11-07 00:00:00,0.0550679528657724,-0.1506058875866549,0.2607417933181998,12.217,57.1
27337,1974-11-08 00:00:00,-0.0155203500711652,-0.2212488479580382,0.1902081478157077,12.217,57.1
27338,1974-11-09 00:00:00,0.1562843027408783,-0.0494739489089294,0.362042554390686,12.217,57.1
27339,1974-11-10 00:00:00,0.2138049440111656,0.0074158156218758,0.4201940724004553,12.217,57.1
27340,1974-11-11 00:00:00,0.3957328593820916,0.1888490302151168,0.6026166885490662,12.217,57.1
27341,1974-11-12 00:00:00,0.365433382297734,0.1574053969546067,0.5734613676408613,12.217,57.1
27342,1974-11-13 00:00:00,0.4556462054813051,0.2484613359936732,0.6628310749689369,12.217,57.1
27343,1974-11-14 00:00:00,0.3313404402520083,0.1251141231976164,0.5375667573064002,12.217,57.1
27344,1974-11-15 00:00:00,0.3562875522533457,0.149024503163448,0.5635506013432434,12.217,57.1
27345,1974-11-16 00:00:00,0.3463840092772747,0.1395642942344214,0.553203724320128,12.217,57.1
27346,1974-11-17 00:00:00,0.1701508572888539,-0.0370631376883783,0.3773648522660863,12.217,57.1
27347,1974-11-18 00:00:00,0.2846008075844001,0.0769562579097841,0.4922453572590161,12.217,57.1
27348,1974-11-19 00:00:00,0.1522147227197119,-0.0535349899297667,0.3579644353691906,12.217,57.1
27349,1974-11-20 00:00:00,0.1983917071919051,-0.0079792756314321,0.4047626900152423,12.217,57.1
27350,1974-11-21 00:00:00,0.0406251292032344,-0.1655609873670527,0.2468112457735217,12.217,57.1
27351,1974-11-22 00:00:00,-0.0320529128035513,-0.2377245302887344,0.1736187046816318,12.217,57.1
27352,1974-11-23 00:00:00,-0.0415278851760837,-0.2472861066948474,0.1642303363426799,12.217,57.1
27353,1974-11-24 00:00:00,0.0937452512843187,-0.1121818790854894,0.2996723816541269,12.217,57.1
27354,1974-11-25 00:00:00,0.2034868078437387,-0.0024323026091467,0.4094059182966242,12.217,57.1
27355,1974-11-26 00:00:00,0.2548062171406934,0.0484219889412464,0.4611904453401405,12.217,57.1
27356,1974-11-27 00:00:00,0.1765821693601006,-0.030110929625575,0.3832752683457764,12.217,57.1
27357,1974-11-28 00:00:00,0.3057480020149779,0.0980671281117034,0.5134288759182524,12.217,57.1
27358,1974-11-29 00:00:00,0.1730668653830589,-0.0352168669436327,0.3813505977097507,12.217,57.1
27359,1974-11-30 00:00:00,0.0140415521701637,-0.192656759454275,0.2207398637946024,12.217,57.1
27360,1974-12-01 00:00:00,0.0955289779551447,-0.1105452670965577,0.3016032230068473,12.217,57.1
27361,1974-12-02 00:00:00,0.1039215949470459,-0.1016701364103279,0.3095133263044198,12.217,57.1
27362,1974-12-03 00:00:00,0.2912290121626196,0.0848846384259304,0.4975733858993087,12.217,57.1
27363,1974-12-04 00:00:00,0.1017430314181932,-0.1041109414717764,0.307597004308163,12.217,57.1
27364,1974-12-05 00:00:00,0.3409704289109753,0.1339226168471065,0.5480182409748441,12.217,57.1
27365,1974-12-06 00:00:00,0.3494085097254165,0.1427365966087124,0.5560804228421207,12.217,57.1
27366,1974-12-07 00:00:00,0.0782469526340417,-0.1283409516880561,0.2848348569561397,12.217,57.1
27367,1974-12-08 00:00:00,0.0947952739937965,-0.1110992394619277,0.3006897874495208,12.217,57.1
27368,1974-12-09 00:00:00,0.1466380637611873,-0.0593713358440292,0.3526474633664038,12.217,57.1
27369,1974-12-10 00:00:00,0.3515026416319724,0.1455865575492191,0.5574187257147257,12.217,57.1
27370,1974-12-11 00:00:00,0.3722133404743657,0.1649870230552964,0.5794396578934351,12.217,57.1
27371,1974-12-12 00:00:00,0.232621299167522,0.0249800742475623,0.4402625240874817,12.217,57.1
27372,1974-12-13 00:00:00,0.2138336556656332,0.0064925167205847,0.4211747946106816,12.217,57.1
27373,1974-12-14 00:00:00,0.1104627055636351,-0.0965764788987258,0.3175018900259961,12.217,57.1
27374,1974-12-15 00:00:00,0.2878249466540081,0.080662786376583,0.4949871069314333,12.217,57.1
27375,1974-12-16 00:00:00,0.2117103563053761,0.0058487567455647,0.4175719558651875,12.217,57.1
27376,1974-12-17 00:00:00,0.3584529352876519,0.1466128629291972,0.5702930076461065,12.217,57.1
27377,1974-12-18 00:00:00,0.4785318005985652,0.2670122927309644,0.6900513084661659,12.217,57.1
27378,1974-12-19 00:00:00,0.2422160273219839,0.035305776608625,0.4491262780353428,12.217,57.1
27379,1974-12-20 00:00:00,0.1396662292143382,-0.0666744809813395,0.346006939410016,12.217,57.1
27380,1974-12-21 00:00:00,0.4958282555748848,0.2895768754835001,0.7020796356662696,12.217,57.1
27381,1974-12-22 00:00:00,0.3896590194721597,0.1836158269611902,0.5957022119831291,12.217,57.1
27382,1974-12-23 00:00:00,0.4135298225568252,0.2065717869948408,0.6204878581188097,12.217,57.1
27383,1974-12-24 00:00:00,0.1865614682593097,-0.0203047456368941,0.3934276821555135,12.217,57.1
27384,1974-12-25 00:00:00,0.1745609754683527,-0.0313059509756187,0.3804279019123242,12.217,57.1
27385,1974-12-26 00:00:00,0.2146871269672887,0.0074919040605971,0.4218823498739803,12.217,57.1
27386,1974-12-27 00:00:00,0.3218951578846081,0.1144709005263293,0.5293194152428871,12.217,57.1
27387,1974-12-28 00:00:00,0.1124403767938336,-0.0939116755655643,0.3187924291532316,12.217,57.1
27388,1974-12-29 00:00:00,0.3510331682108341,0.1441110382107358,0.5579552982109324,12.217,57.1
27389,1974-12-30 00:00:00,0.2038629979934838,-0.0032979781948991,0.4110239741818668,12.217,57.1
27390,1974-12-31 00:00:00,-0.0558911065592838,-0.2626211641430506,0.1508389510244829,12.217,57.1
27391,1975-01-01 00:00:00,0.1440036542984493,-0.0627264986650259,0.3507338072619246,12.217,57.1
27392,1975-01-02 00:00:00,0.134637979952157,-0.071241639541566,0.3405175994458801,12.217,57.1
27393,1975-01-03 00:00:00,0.2588439087834963,0.0529251329900084,0.4647626845769841,12.217,57.1
27394,1975-01-04 00:00:00,0.3455880223493243,0.1390636478152983,0.5521123968833503,12.217,57.1
27395,1975-01-05 00:00:00,0.368021839175765,0.1584636004429967,0.5775800779085332,12.217,57.1
27396,1975-01-06 00:00:00,1.0354940880675654,0.8210067621282335,1.2499814140068972,12.217,57.1
27397,1975-01-07 00:00:00,0.6663291041146753,0.4503421392295943,0.8823160689997562,12.217,57.1
27398,1975-01-08 00:00:00,0.2226541195856521,0.0148252147519721,0.4304830244193321,12.217,57.1
27399,1975-01-09 00:00:00,0.0373804417108593,-0.1692190772014983,0.243979960623217,12.217,57.1
27400,1975-01-10 00:00:00,0.5916692383158341,0.3827850398840774,0.8005534367475906,12.217,57.1
27401,1975-01-11 00:00:00,0.234924847511569,0.0269456884640945,0.4429040065590436,12.217,57.1
27402,1975-01-12 00:00:00,0.2052508662517564,-0.0007592119470939,0.4112609444506068,12.217,57.1
27403,1975-01-13 00:00:00,0.1958301856438348,-0.0110785110120196,0.4027388822996892,12.217,57.1
27404,1975-01-14 00:00:00,0.4871764266968613,0.2792371785252487,0.6951156748684739,12.217,57.1
27405,1975-01-15 00:00:00,0.2667906919797311,0.0597890613662264,0.4737923225932358,12.217,57.1
27406,1975-01-16 00:00:00,0.3065859405275845,0.0985089853985724,0.5146628956565965,12.217,57.1
27407,1975-01-17 00:00:00,0.3276823002590949,0.120843782687961,0.5345208178302288,12.217,57.1
27408,1975-01-18 00:00:00,0.2222010825887728,0.0158321646679672,0.4285700005095784,12.217,57.1
27409,1975-01-19 00:00:00,0.1502577377098003,-0.0561729514281295,0.3566884268477301,12.217,57.1
27410,1975-01-20 00:00:00,0.0024822850715296,-0.203336897851982,0.2083014679950414,12.217,57.1
27411,1975-01-21 00:00:00,0.1599884958484505,-0.0467624513863465,0.3667394430832476,12.217,57.1
27412,1975-01-22 00:00:00,0.3040348184633463,0.096270462933386,0.5117991739933065,12.217,57.1
27413,1975-01-23 00:00:00,0.4151813907533165,0.2009956407358318,0.6293671407708012,12.217,57.1
27414,1975-01-24 00:00:00,0.6451970459930864,0.4278757491933673,0.8625183427928054,12.217,57.1
27415,1975-01-25 00:00:00,0.5444127714484254,0.3374349298436383,0.7513906130532124,12.217,57.1
27416,1975-01-26 00:00:00,0.326641506078049,0.1178964728359104,0.5353865393201875,12.217,57.1
27417,1975-01-27 00:00:00,0.412101891820317,0.2002642417449058,0.6239395418957281,12.217,57.1
27418,1975-01-28 00:00:00,0.3705312945232552,0.1634276237855241,0.5776349652609862,12.217,57.1
27419,1975-01-29 00:00:00,0.2654840608219312,0.0587269099183195,0.472241211725543,12.217,57.1
27420,1975-01-30 00:00:00,0.1568228410299159,-0.0493078059766335,0.3629534880364653,12.217,57.1
27421,1975-01-31 00:00:00,0.0923865908996703,-0.1138674857980309,0.2986406675973715,12.217,57.1
27422,1975-02-01 00:00:00,0.1020807986409467,-0.1037585781600795,0.3079201754419731,12.217,57.1
27423,1975-02-02 00:00:00,-0.0074621992239389,-0.2135260203054304,0.1986016218575525,12.217,57.1
27424,1975-02-03 00:00:00,-0.1056025541781875,-0.3112312394494578,0.1000261310930826,12.217,57.1
27425,1975-02-04 00:00:00,-0.0859665599667439,-0.2915265724761476,0.1195934525426598,12.217,57.1
27426,1975-02-05 00:00:00,-0.1133286746925339,-0.3189836149233072,0.0923262655382393,12.217,57.1
27427,1975-02-06 00:00:00,-0.0890032943660078,-0.2946033300612929,0.1165967413292772,12.217,57.1
27428,1975-02-07 00:00:00,-0.0767628891694131,-0.2825101664773963,0.12898438813857,12.217,57.1
27429,1975-02-08 00:00:00,-0.0625632533189802,-0.2683513736492466,0.1432248670112862,12.217,57.1
27430,1975-02-09 00:00:00,-0.0020107125500682,-0.2077251182953709,0.2037036931952343,12.217,57.1
27431,1975-02-10 00:00:00,0.0283726671471132,-0.1771985057889348,0.2339438400831613,12.217,57.1
27432,1975-02-11 00:00:00,0.0377939850969846,-0.1677010989745747,0.2432890691685441,12.217,57.1
27433,1975-02-12 00:00:00,0.0873813000042568,-0.1182718186089583,0.293034418617472,12.217,57.1
27434,1975-02-13 00:00:00,0.0957741585948749,-0.1099177298212547,0.3014660470110046,12.217,57.1
27435,1975-02-14 00:00:00,0.0807643593950909,-0.1248306326086189,0.2863593513988007,12.217,57.1
27436,1975-02-15 00:00:00,0.0199405738751859,-0.1861534688186557,0.2260346165690275,12.217,57.1
27437,1975-02-16 00:00:00,-0.0825003121514741,-0.2886783965813068,0.1236777722783585,12.217,57.1
27438,1975-02-17 00:00:00,-0.0044630374861365,-0.2104679079417579,0.2015418329694847,12.217,57.1
27439,1975-02-18 00:00:00,0.2086707204335944,0.0019170702066815,0.4154243706605073,12.217,57.1
27440,1975-02-19 00:00:00,0.1699016331505008,-0.0365348685890842,0.376338134890086,12.217,57.1
27441,1975-02-20 00:00:00,-0.0241838546332491,-0.2298130492537509,0.1814453399872526,12.217,57.1
27442,1975-02-21 00:00:00,0.0218887411208527,-0.1837575595059953,0.2275350417477007,12.217,57.1
27443,1975-02-22 00:00:00,0.0416862242996081,-0.1640761726266456,0.2474486212258619,12.217,57.1
27444,1975-02-23 00:00:00,0.02572777605884,-0.1799360855544658,0.2313916376721458,12.217,57.1
27445,1975-02-24 00:00:00,-0.0285885671346881,-0.2341762370366069,0.1769991027672306,12.217,57.1
27446,1975-02-25 00:00:00,-0.1703078617955007,-0.3760461622009705,0.0354304386099689,12.217,57.1
27447,1975-02-26 00:00:00,-0.1702736313217474,-0.3760221959941988,0.0354749333507039,12.217,57.1
27448,1975-02-27 00:00:00,-0.0511399655103635,-0.2569072831002708,0.1546273520795437,12.217,57.1
27449,1975-02-28 00:00:00,0.0772537382853158,-0.1286377482449353,0.283145224815567,12.217,57.1
27450,1975-03-01 00:00:00,0.0874484991484244,-0.1182209849064988,0.2931179832033478,12.217,57.1
27451,1975-03-02 00:00:00,0.1237876334244701,-0.0817924624766333,0.3293677293255736,12.217,57.1
27452,1975-03-03 00:00:00,0.1286971064585487,-0.0767864296041408,0.3341806425212382,12.217,57.1
27453,1975-03-04 00:00:00,0.1961945959774401,-0.0093212421579105,0.4017104341127909,12.217,57.1
27454,1975-03-05 00:00:00,0.155178766181851,-0.0504514485776313,0.3608089809413335,12.217,57.1
27455,1975-03-06 00:00:00,0.0477353216064172,-0.157982322333838,0.2534529655466725,12.217,57.1
27456,1975-03-07 00:00:00,0.0933553776627735,-0.1122055065701158,0.2989162618956629,12.217,57.1
27457,1975-03-08 00:00:00,0.1850302864324146,-0.020472440640293,0.3905330135051222,12.217,57.1
27458,1975-03-09 00:00:00,0.2183576146172865,0.0125478247068139,0.4241674045277591,12.217,57.1
27459,1975-03-10 00:00:00,0.047520573814826,-0.1583719188362267,0.2534130664658788,12.217,57.1
27460,1975-03-11 00:00:00,-0.0391006064098806,-0.2447536531304033,0.166552440310642,12.217,57.1
27461,1975-03-12 00:00:00,-0.1037020269807586,-0.3096665584483126,0.1022625044867954,12.217,57.1
27462,1975-03-13 00:00:00,-0.1518022023733535,-0.3575784155061019,0.0539740107593947,12.217,57.1
27463,1975-03-14 00:00:00,-0.0461861075520368,-0.2518486964069781,0.1594764813029044,12.217,57.1
27464,1975-03-15 00:00:00,0.0146485115383608,-0.1908705033602419,0.2201675264369636,12.217,57.1
27465,1975-03-16 00:00:00,0.0075629875766805,-0.198610754927343,0.2137367300807041,12.217,57.1
27466,1975-03-17 00:00:00,0.0938350453705351,-0.1125653783785616,0.3002354691196318,12.217,57.1
27467,1975-03-18 00:00:00,-0.0672334648472302,-0.2731155822203394,0.1386486525258789,12.217,57.1
27468,1975-03-19 00:00:00,-0.0879805572004033,-0.294186977272126,0.1182258628713193,12.217,57.1
27469,1975-03-20 00:00:00,-0.1475199325254999,-0.3535852264537471,0.0585453614027473,12.217,57.1
27470,1975-03-21 00:00:00,-0.1402505519894706,-0.3462774600357521,0.0657763560568107,12.217,57.1
27471,1975-03-22 00:00:00,-0.0363963635929465,-0.2421459928357409,0.1693532656498478,12.217,57.1
27472,1975-03-23 00:00:00,0.1096753399616195,-0.0960228750371314,0.3153735549603705,12.217,57.1
27473,1975-03-24 00:00:00,0.1207860335208607,-0.084849996734705,0.3264220637764266,12.217,57.1
27474,1975-03-25 00:00:00,0.1410206323944492,-0.064796376744093,0.3468376415329915,12.217,57.1
27475,1975-03-26 00:00:00,0.1409732091615211,-0.0647028679823792,0.3466492863054213,12.217,57.1
27476,1975-03-27 00:00:00,0.1631327539977969,-0.0425725118732904,0.3688380198688842,12.217,57.1
27477,1975-03-28 00:00:00,0.1313289971952904,-0.0743066438082676,0.3369646381988486,12.217,57.1
27478,1975-03-29 00:00:00,0.0832588085961276,-0.1230908567482199,0.2896084739404753,12.217,57.1
27479,1975-03-30 00:00:00,0.0569078188520106,-0.1518133916162007,0.2656290293202221,12.217,57.1
27480,1975-03-31 00:00:00,0.119588141262453,-0.0867222055898099,0.3258984881147161,12.217,57.1
27481,1975-04-01 00:00:00,0.1304734882235754,-0.0751188058378063,0.3360657822849572,12.217,57.1
27482,1975-04-02 00:00:00,0.3388466801179918,0.132289458354114,0.5454039018818697,12.217,57.1
27483,1975-04-03 00:00:00,0.1465859402238521,-0.0597839370332669,0.3529558174809712,12.217,57.1
27484,1975-04-04 00:00:00,-0.0008302903764768,-0.2066242747540054,0.2049636940010518,12.217,57.1
27485,1975-04-05 00:00:00,-0.0344113063055007,-0.2401305591379102,0.1713079465269087,12.217,57.1
27486,1975-04-06 00:00:00,-0.006268862422958,-0.2122886983373923,0.1997509734914762,12.217,57.1
27487,1975-04-07 00:00:00,0.0624621078092785,-0.1435012300442792,0.2684254456628362,12.217,57.1
27488,1975-04-08 00:00:00,0.3325229453736005,0.1260974803695329,0.538948410377668,12.217,57.1
27489,1975-04-09 00:00:00,0.2896250594375675,0.082588033096471,0.4966620857786639,12.217,57.1
27490,1975-04-10 00:00:00,0.1568566327946412,-0.0498150869056759,0.3635283524949583,12.217,57.1
27491,1975-04-11 00:00:00,0.0531706760339406,-0.1525266608248261,0.2588680128927074,12.217,57.1
27492,1975-04-12 00:00:00,0.0582016287970509,-0.1473373689495651,0.263740626543667,12.217,57.1
27493,1975-04-13 00:00:00,0.253669334788834,0.0464382904061911,0.4609003791714769,12.217,57.1
27494,1975-04-14 00:00:00,0.2439819994621484,0.0353882673700208,0.452575731554276,12.217,57.1
27495,1975-04-15 00:00:00,0.1649165599117386,-0.0408227155402364,0.3706558353637137,12.217,57.1
27496,1975-04-16 00:00:00,0.0992333599599824,-0.1066749121847795,0.3051416321047444,12.217,57.1
27497,1975-04-17 00:00:00,-0.0484052336816894,-0.2544072751114706,0.1575968077480917,12.217,57.1
27498,1975-04-18 00:00:00,-0.0185477969960736,-0.2241149506161656,0.1870193566240182,12.217,57.1
27499,1975-04-19 00:00:00,0.00417142857583,-0.2014639735320155,0.2098068306836757,12.217,57.1
27500,1975-04-20 00:00:00,0.0344093862409472,-0.171420642610932,0.2402394150928265,12.217,57.1
27501,1975-04-21 00:00:00,-0.0300879402681968,-0.2359687367030987,0.1757928561667051,12.217,57.1
27502,1975-04-22 00:00:00,-0.0214063358537988,-0.2269179616559469,0.1841052899483491,12.217,57.1
27503,1975-04-23 00:00:00,-0.0189603686401348,-0.2244235009078017,0.186502763627532,12.217,57.1
27504,1975-04-24 00:00:00,0.0292803444179135,-0.1764104960559158,0.2349711848917429,12.217,57.1
27505,1975-04-25 00:00:00,0.1441767404972144,-0.0627490319609057,0.3511025129553345,12.217,57.1
27506,1975-04-26 00:00:00,0.0997316816050483,-0.1075373323345203,0.307000695544617,12.217,57.1
27507,1975-04-27 00:00:00,0.0539044639987397,-0.1518114387900398,0.2596203667875194,12.217,57.1
27508,1975-04-28 00:00:00,0.1215294862449703,-0.08476281781506,0.3278217903050007,12.217,57.1
27509,1975-04-29 00:00:00,0.0764306553131409,-0.1293341693182984,0.2821954799445803,12.217,57.1
27510,1975-04-30 00:00:00,0.1438589065928227,-0.0626656349387192,0.3503834481243646,12.217,57.1
27511,1975-05-01 00:00:00,0.1458068933262079,-0.0609843341563433,0.3525981208087592,12.217,57.1
27512,1975-05-02 00:00:00,0.094477950501211,-0.1119495603658133,0.3009054613682352,12.217,57.1
27513,1975-05-03 00:00:00,0.143204504200833,-0.0636874006928917,0.3500964090945578,12.217,57.1
27514,1975-05-04 00:00:00,-0.0319438117316865,-0.2378510781031512,0.1739634546397781,12.217,57.1
27515,1975-05-05 00:00:00,-0.1315930838653484,-0.3371735673392587,0.0739873996085618,12.217,57.1
27516,1975-05-06 00:00:00,-0.1052863992031273,-0.3109027912029923,0.1003299927967377,12.217,57.1
27517,1975-05-07 00:00:00,-0.1020034656068363,-0.3076161609911875,0.1036092297775148,12.217,57.1
27518,1975-05-08 00:00:00,-0.0738456155256939,-0.2796160541271005,0.1319248230757126,12.217,57.1
27519,1975-05-09 00:00:00,-0.0383628426861369,-0.2440798781108816,0.1673541927386077,12.217,57.1
27520,1975-05-10 00:00:00,0.0486706882614806,-0.1569661824809756,0.2543075590039371,12.217,57.1
27521,1975-05-11 00:00:00,0.082217066907009,-0.124275361542079,0.288709495356097,12.217,57.1
27522,1975-05-12 00:00:00,0.1294128554513021,-0.0764426447064154,0.3352683556090197,12.217,57.1
27523,1975-05-13 00:00:00,0.0699432313299645,-0.1357028408652674,0.2755893035251964,12.217,57.1
27524,1975-05-14 00:00:00,0.1489570368996633,-0.0570371826964806,0.3549512564958074,12.217,57.1
27525,1975-05-15 00:00:00,0.1035561381270259,-0.1020749868362423,0.3091872630902944,12.217,57.1
27526,1975-05-16 00:00:00,-0.0246422801874499,-0.2303782117560802,0.1810936513811803,12.217,57.1
27527,1975-05-17 00:00:00,0.0062064270746393,-0.199441341317965,0.2118541954672438,12.217,57.1
27528,1975-05-18 00:00:00,-0.0419802646505067,-0.2476482551536054,0.1636877258525919,12.217,57.1
27529,1975-05-19 00:00:00,-0.01088513959767,-0.2164664511135179,0.1946961719181777,12.217,57.1
27530,1975-05-20 00:00:00,-0.0326762447539228,-0.2380998349423778,0.1727473454345321,12.217,57.1
27531,1975-05-21 00:00:00,0.2406272545250314,0.0348061393795951,0.4464483696704678,12.217,57.1
27532,1975-05-22 00:00:00,0.480253255418962,0.2730489248637149,0.6874575859742091,12.217,57.1
27533,1975-05-23 00:00:00,0.2892194306775952,0.0821542224028984,0.4962846389522921,12.217,57.1
27534,1975-05-24 00:00:00,0.1022633416647992,-0.1039020407138685,0.308428724043467,12.217,57.1
27535,1975-05-25 00:00:00,-0.0121318615362533,-0.2178613771742936,0.1935976541017869,12.217,57.1
27536,1975-05-26 00:00:00,-0.0649760834923528,-0.2704553220680272,0.1405031550833215,12.217,57.1
27537,1975-05-27 00:00:00,-0.0816891528660919,-0.2872356820725774,0.1238573763403935,12.217,57.1
27538,1975-05-28 00:00:00,-0.0614776409140541,-0.2673869810146251,0.1444316991865168,12.217,57.1
27539,1975-05-29 00:00:00,0.0600745918542746,-0.1463360881994436,0.2664852719079929,12.217,57.1
27540,1975-05-30 00:00:00,0.1388034971080675,-0.0679111367254086,0.3455181309415436,12.217,57.1
27541,1975-05-31 00:00:00,0.0945465523572717,-0.1111996620289411,0.3002927667434846,12.217,57.1
27542,1975-06-01 00:00:00,0.0987169678470593,-0.1068612572791931,0.3042951929733118,12.217,57.1
27543,1975-06-02 00:00:00,0.1609503306056257,-0.0447072789738937,0.3666079401851452,12.217,57.1
27544,1975-06-03 00:00:00,0.1446879286100802,-0.0610520189445368,0.3504278761646973,12.217,57.1
27545,1975-06-04 00:00:00,0.1702800154345969,-0.0358081903214798,0.3763682211906737,12.217,57.1
27546,1975-06-05 00:00:00,-0.0037430391336073,-0.2097176978853614,0.2022316196181466,12.217,57.1
27547,1975-06-06 00:00:00,0.0509421340333715,-0.1546723332810726,0.2565566013478156,12.217,57.1
27548,1975-06-07 00:00:00,-0.0062480550060993,-0.21192180820161,0.1994256981894113,12.217,57.1
27549,1975-06-08 00:00:00,-0.0590668875398222,-0.2646524912119763,0.1465187161323319,12.217,57.1
27550,1975-06-09 00:00:00,-0.0198664713746631,-0.2254803816720108,0.1857474389226845,12.217,57.1
27551,1975-06-10 00:00:00,-0.0081642687323973,-0.2137378599532767,0.1974093224884821,12.217,57.1
27552,1975-06-11 00:00:00,-0.0265410192225072,-0.2323446777198929,0.1792626392748783,12.217,57.1
27553,1975-06-12 00:00:00,0.044210852844546,-0.1614534991167446,0.2498752048058367,12.217,57.1
27554,1975-06-13 00:00:00,0.182328513910524,-0.0235888654583321,0.3882458932793803,12.217,57.1
27555,1975-06-14 00:00:00,0.3109500761534846,0.1033553334278087,0.5185448188791604,12.217,57.1
27556,1975-06-15 00:00:00,0.2466011450113679,0.0399220235172697,0.4532802665054661,12.217,57.1
27557,1975-06-16 00:00:00,0.1477911733332793,-0.0581950405654235,0.3537773872319822,12.217,57.1
27558,1975-06-17 00:00:00,0.1159121576947296,-0.089764124862076,0.3215884402515353,12.217,57.1
27559,1975-06-18 00:00:00,0.0594971399370153,-0.1459969903168232,0.2649912701908539,12.217,57.1
27560,1975-06-19 00:00:00,0.0159177942292726,-0.1896383426571007,0.2214739311156459,12.217,57.1
27561,1975-06-20 00:00:00,-0.0283209282093344,-0.2346788741989353,0.1780370177802665,12.217,57.1
27562,1975-06-21 00:00:00,-0.0479231957564618,-0.2537698822917713,0.1579234907788476,12.217,57.1
27563,1975-06-22 00:00:00,-0.0907340518980005,-0.2964865871166601,0.1150184833206589,12.217,57.1
27564,1975-06-23 00:00:00,-0.0907800338900867,-0.2967129248945018,0.1151528571143282,12.217,57.1
27565,1975-06-24 00:00:00,0.0207690791786529,-0.1851246189131457,0.2266627772704516,12.217,57.1
27566,1975-06-25 00:00:00,0.0287176951725216,-0.1772703667650268,0.2347057571100701,12.217,57.1
27567,1975-06-26 00:00:00,0.1157523906406013,-0.0902090697744938,0.3217138510556965,12.217,57.1
27568,1975-06-27 00:00:00,0.1878606621267599,-0.0180831455840915,0.3938044698376114,12.217,57.1
27569,1975-06-28 00:00:00,0.0915920475165075,-0.1153515586580305,0.2985356536910455,12.217,57.1
27570,1975-06-29 00:00:00,-0.0266470151397149,-0.2327093829677093,0.1794153526882794,12.217,57.1
27571,1975-06-30 00:00:00,-0.0551356212020436,-0.2606387522459072,0.1503675098418201,12.217,57.1
27572,1975-07-01 00:00:00,-0.0373606418873624,-0.2430028795262335,0.1682815957515087,12.217,57.1
27573,1975-07-02 00:00:00,-0.0096737675879878,-0.2154041458060122,0.1960566106300365,12.217,57.1
27574,1975-07-03 00:00:00,0.0317918420727591,-0.1738419649342658,0.2374256490797841,12.217,57.1
27575,1975-07-04 00:00:00,0.0389961245208307,-0.1667753782274071,0.2447676272690687,12.217,57.1
27576,1975-07-05 00:00:00,0.0145348395269473,-0.191608936559704,0.2206786156135987,12.217,57.1
27577,1975-07-06 00:00:00,0.051345607176488,-0.1542327837137249,0.2569239980667011,12.217,57.1
27578,1975-07-07 00:00:00,0.0604295004896565,-0.1450974229149618,0.2659564238942749,12.217,57.1
27579,1975-07-08 00:00:00,0.0339796878004429,-0.1715359297986138,0.2394953053994998,12.217,57.1
27580,1975-07-09 00:00:00,0.0171146005299386,-0.1885743096638392,0.2228035107237164,12.217,57.1
27581,1975-07-10 00:00:00,0.0591426203911047,-0.1465641341416889,0.2648493749238985,12.217,57.1
27582,1975-07-11 00:00:00,0.027925173439935,-0.1776727276391774,0.2335230745190474,12.217,57.1
27583,1975-07-12 00:00:00,0.0744701913894303,-0.1309923456449806,0.2799327284238413,12.217,57.1
27584,1975-07-13 00:00:00,0.1232990266246239,-0.0822680284902884,0.3288660817395363,12.217,57.1
27585,1975-07-14 00:00:00,0.1341539828945604,-0.0717964632779,0.3401044290670209,12.217,57.1
27586,1975-07-15 00:00:00,0.1041918878844472,-0.1013667508745908,0.3097505266434853,12.217,57.1
27587,1975-07-16 00:00:00,0.2640507094639974,0.0580469965229102,0.4700544224050846,12.217,57.1
27588,1975-07-17 00:00:00,0.2028044647275424,-0.0033208079291197,0.4089297373842046,12.217,57.1
27589,1975-07-18 00:00:00,0.1430453741432388,-0.062632730218135,0.3487234785046127,12.217,57.1
27590,1975-07-19 00:00:00,0.0706756131257759,-0.134788066343528,0.2761392925950801,12.217,57.1
27591,1975-07-20 00:00:00,0.0217752360315583,-0.1838419215151559,0.2273923935782727,12.217,57.1
27592,1975-07-21 00:00:00,0.0488884818541996,-0.1567159099848215,0.2544928736932209,12.217,57.1
27593,1975-07-22 00:00:00,0.1156392303860702,-0.0899321525637696,0.3212106133359101,12.217,57.1
27594,1975-07-23 00:00:00,0.2147220617790368,0.0089002758370191,0.4205438477210544,12.217,57.1
27595,1975-07-24 00:00:00,0.2561080326996367,0.0499092851688109,0.4623067802304625,12.217,57.1
27596,1975-07-25 00:00:00,0.2636327753861576,0.0572868565615705,0.4699786942107448,12.217,57.1
27597,1975-07-26 00:00:00,0.068353712078453,-0.1373466780173794,0.2740541021742856,12.217,57.1
27598,1975-07-27 00:00:00,0.0109550973390159,-0.1946288905708713,0.2165390852489032,12.217,57.1
27599,1975-07-28 00:00:00,0.0359617765562659,-0.1698683018004163,0.2417918549129481,12.217,57.1
27600,1975-07-29 00:00:00,0.0170277950281379,-0.1885939768040581,0.2226495668603339,12.217,57.1
27601,1975-07-30 00:00:00,0.0249509787842624,-0.1807820047908343,0.2306839623593592,12.217,57.1
27602,1975-07-31 00:00:00,0.0091331065647141,-0.1964691657143152,0.2147353788437434,12.217,57.1
27603,1975-08-01 00:00:00,0.0418514974677284,-0.1636480619440972,0.2473510568795542,12.217,57.1
27604,1975-08-02 00:00:00,0.0561959027354611,-0.1493405647366596,0.261732370207582,12.217,57.1
27605,1975-08-03 00:00:00,0.0391567439146753,-0.1664009236863727,0.2447144115157233,12.217,57.1
27606,1975-08-04 00:00:00,0.008766944156643,-0.1968347535057311,0.2143686418190173,12.217,57.1
27607,1975-08-05 00:00:00,0.0002309284417025,-0.2052362071376093,0.2056980640210144,12.217,57.1
27608,1975-08-06 00:00:00,-0.008427977257284,-0.2139092353819272,0.1970532808673591,12.217,57.1
27609,1975-08-07 00:00:00,-0.0390492162559117,-0.2445481136660479,0.1664496811542244,12.217,57.1
27610,1975-08-08 00:00:00,-0.0309697274190321,-0.2364288816303735,0.1744894267923091,12.217,57.1
27611,1975-08-09 00:00:00,0.000458690301906,-0.2050140976132379,0.2059314782170501,12.217,57.1
27612,1975-08-10 00:00:00,0.0032617935501137,-0.2022253863349134,0.208748973435141,12.217,57.1
27613,1975-08-11 00:00:00,-0.0051704481707566,-0.2106937005863459,0.2003528042448324,12.217,57.1
27614,1975-08-12 00:00:00,-0.0012424183029509,-0.2069312770237833,0.2044464404178813,12.217,57.1
27615,1975-08-13 00:00:00,0.0182565909942211,-0.1877802075526553,0.2242933895410975,12.217,57.1
27616,1975-08-14 00:00:00,0.0241096702977168,-0.1816023950676647,0.2298217356630984,12.217,57.1
27617,1975-08-15 00:00:00,0.1207763261238069,-0.0847605486189588,0.3263132008665726,12.217,57.1
27618,1975-08-16 00:00:00,0.1107485242311889,-0.094848935680332,0.31634598414271,12.217,57.1
27619,1975-08-17 00:00:00,0.2249208594118613,0.0191843671255393,0.4306573516981832,12.217,57.1
27620,1975-08-18 00:00:00,0.2032172168758096,-0.0034783005162686,0.409912734267888,12.217,57.1
27621,1975-08-19 00:00:00,0.0620378754183263,-0.1438853023771455,0.2679610532137982,12.217,57.1
27622,1975-08-20 00:00:00,0.0457646234648278,-0.1597087678622311,0.2512380147918867,12.217,57.1
27623,1975-08-21 00:00:00,0.139825271697177,-0.0660467219781368,0.3456972653724909,12.217,57.1
27624,1975-08-22 00:00:00,0.1347490482951566,-0.0711879653013784,0.3406860618916917,12.217,57.1
27625,1975-08-23 00:00:00,0.0708821487090425,-0.1348797863640636,0.2766440837821488,12.217,57.1
27626,1975-08-24 00:00:00,0.1181263546095802,-0.087556893089333,0.3238096023084935,12.217,57.1
27627,1975-08-25 00:00:00,0.1131914701769475,-0.0923829921815691,0.3187659325354641,12.217,57.1
27628,1975-08-26 00:00:00,-0.0153308027850745,-0.2207851581426661,0.1901235525725169,12.217,57.1
27629,1975-08-27 00:00:00,-0.029673512077935,-0.2351765671517475,0.1758295429958775,12.217,57.1
27630,1975-08-28 00:00:00,0.0142893635976334,-0.1912271550020486,0.2198058821973154,12.217,57.1
27631,1975-08-29 00:00:00,0.0790234349665909,-0.1265481094314229,0.2845949793646048,12.217,57.1
27632,1975-08-30 00:00:00,0.0575887448250072,-0.1479305224624997,0.2631080121125144,12.217,57.1
27633,1975-08-31 00:00:00,0.0410642875703766,-0.1644467850184791,0.2465753601592323,12.217,57.1
27634,1975-09-01 00:00:00,0.0218888048707537,-0.1836384071680046,0.227416016909512,12.217,57.1
27635,1975-09-02 00:00:00,-0.0075865119747565,-0.2132133378671208,0.1980403139176077,12.217,57.1
27636,1975-09-03 00:00:00,0.0331910592305368,-0.1723773217118183,0.2387594401728921,12.217,57.1
27637,1975-09-04 00:00:00,0.0926903087268857,-0.1128870736481683,0.2982676911019398,12.217,57.1
27638,1975-09-05 00:00:00,0.1086173415388999,-0.0970312650310534,0.3142659481088533,12.217,57.1
27639,1975-09-06 00:00:00,0.1322240246861648,-0.0734725441776039,0.3379205935499336,12.217,57.1
27640,1975-09-07 00:00:00,0.1055266124422558,-0.1003084826065309,0.3113617074910426,12.217,57.1
27641,1975-09-08 00:00:00,0.0366850674043707,-0.1690389323998316,0.2424090672085731,12.217,57.1
27642,1975-09-09 00:00:00,0.0730882391338868,-0.1331387456318783,0.2793152238996519,12.217,57.1
27643,1975-09-10 00:00:00,0.2222889623608906,0.0160132548769981,0.4285646698447832,12.217,57.1
27644,1975-09-11 00:00:00,0.1946059281312244,-0.0115743342040886,0.4007861904665376,12.217,57.1
27645,1975-09-12 00:00:00,0.1861361425786896,-0.0195946238951221,0.3918669090525015,12.217,57.1
27646,1975-09-13 00:00:00,0.1742849490089254,-0.0318097417968437,0.3803796398146946,12.217,57.1
27647,1975-09-14 00:00:00,0.2334544368940675,0.0270883681253405,0.4398205056627945,12.217,57.1
27648,1975-09-15 00:00:00,0.1848942557659404,-0.021905254888437,0.3916937664203179,12.217,57.1
27649,1975-09-16 00:00:00,0.0968577245883349,-0.1088948423607041,0.302610291537374,12.217,57.1
27650,1975-09-17 00:00:00,0.1261558170535341,-0.0806743711318563,0.3329860052389247,12.217,57.1
27651,1975-09-18 00:00:00,0.1286313358922741,-0.0778471820358988,0.3351098538204471,12.217,57.1
27652,1975-09-19 00:00:00,0.2195731948466681,0.0129275798860593,0.4262188098072768,12.217,57.1
27653,1975-09-20 00:00:00,0.0023622247953621,-0.2037990421915533,0.2085234917822775,12.217,57.1
27654,1975-09-21 00:00:00,0.0826187144895584,-0.12311377561313,0.288351204592247,12.217,57.1
27655,1975-09-22 00:00:00,0.2373140861307803,0.0308540869865409,0.4437740852750197,12.217,57.1
27656,1975-09-23 00:00:00,0.1443063945289379,-0.0623550197292657,0.3509678087871416,12.217,57.1
27657,1975-09-24 00:00:00,0.3033797069761185,0.0959200891667559,0.5108393247854812,12.217,57.1
27658,1975-09-25 00:00:00,0.1990509845607853,-0.0079182057079121,0.4060201748294828,12.217,57.1
27659,1975-09-26 00:00:00,0.2976900595258663,0.0901118492030481,0.5052682698486844,12.217,57.1
27660,1975-09-27 00:00:00,0.4816278756356362,0.2727189677244368,0.6905367835468357,12.217,57.1
27661,1975-09-28 00:00:00,0.2280141473149856,0.019399842980422,0.4366284516495491,12.217,57.1
27662,1975-09-29 00:00:00,0.3859996773664216,0.1740066312533849,0.5979927234794583,12.217,57.1
27663,1975-09-30 00:00:00,0.0319126500324536,-0.1744226151631859,0.2382479152280932,12.217,57.1
27664,1975-10-01 00:00:00,0.1359897712970751,-0.0699352110221972,0.3419147536163476,12.217,57.1
27665,1975-10-02 00:00:00,0.1192013770511976,-0.0877077287919252,0.3261104828943205,12.217,57.1
27666,1975-10-03 00:00:00,0.1069185105341849,-0.0990038859452215,0.3128409070135915,12.217,57.1
27667,1975-10-04 00:00:00,0.0982017079069694,-0.1082350521737144,0.3046384679876533,12.217,57.1
27668,1975-10-05 00:00:00,0.1264169368857348,-0.0801996925358052,0.3330335663072749,12.217,57.1
27669,1975-10-06 00:00:00,0.2572823198851794,0.0506650083405728,0.4638996314297861,12.217,57.1
27670,1975-10-07 00:00:00,0.4665558439868242,0.2558921034653371,0.6772195845083114,12.217,57.1
27671,1975-10-08 00:00:00,0.2452702438658388,0.035414717558086,0.4551257701735917,12.217,57.1
27672,1975-10-09 00:00:00,-0.038631866109689,-0.2453516373553779,0.1680879051359998,12.217,57.1
27673,1975-10-10 00:00:00,-0.0469745059455032,-0.252631273738954,0.1586822618479475,12.217,57.1
27674,1975-10-11 00:00:00,-0.1219645370794335,-0.3276715592602033,0.0837424851013362,12.217,57.1
27675,1975-10-12 00:00:00,-0.0937056699613674,-0.2994215507337464,0.1120102108110114,12.217,57.1
27676,1975-10-13 00:00:00,-0.0270090962897334,-0.2324676650244742,0.1784494724450073,12.217,57.1
27677,1975-10-14 00:00:00,0.0049663836254163,-0.2008250865921018,0.2107578538429345,12.217,57.1
27678,1975-10-15 00:00:00,0.1444544736505602,-0.0616007864129982,0.3505097337141186,12.217,57.1
27679,1975-10-16 00:00:00,0.0267678966434436,-0.1791192462450423,0.2326550395319296,12.217,57.1
27680,1975-10-17 00:00:00,0.0112052294198674,-0.1944219896768083,0.2168324485165433,12.217,57.1
27681,1975-10-18 00:00:00,-0.0390058038409495,-0.2446031279411543,0.1665915202592552,12.217,57.1
27682,1975-10-19 00:00:00,-0.1172099149333908,-0.3229625409722675,0.0885427111054858,12.217,57.1
27683,1975-10-20 00:00:00,-0.1570176918930606,-0.3627268772906065,0.0486914935044851,12.217,57.1
27684,1975-10-21 00:00:00,-0.1548671003108475,-0.3605428840869137,0.0508086834652186,12.217,57.1
27685,1975-10-22 00:00:00,-0.1129978578204374,-0.3187788865950829,0.092783170954208,12.217,57.1
27686,1975-10-23 00:00:00,-0.095136899923519,-0.3006806945298735,0.1104068946828355,12.217,57.1
27687,1975-10-24 00:00:00,-0.0205543912677523,-0.2261253690021596,0.1850165864666549,12.217,57.1
27688,1975-10-25 00:00:00,0.0476079374176696,-0.1579734406541806,0.2531893154895198,12.217,57.1
27689,1975-10-26 00:00:00,0.0848369699722612,-0.1208749350137893,0.2905488749583119,12.217,57.1
27690,1975-10-27 00:00:00,0.1114574324815433,-0.0946356688257641,0.3175505337888509,12.217,57.1
27691,1975-10-28 00:00:00,0.094648015504313,-0.1112047356282562,0.3005007666368823,12.217,57.1
27692,1975-10-29 00:00:00,0.10130955899547,-0.1043424579870564,0.3069615759779965,12.217,57.1
27693,1975-10-30 00:00:00,0.1621934381997598,-0.043698587182318,0.3680854635818377,12.217,57.1
27694,1975-10-31 00:00:00,0.0867896647005391,-0.1191191121590427,0.292698441560121,12.217,57.1
27695,1975-11-01 00:00:00,0.1006367126722576,-0.1049783761377317,0.3062518014822469,12.217,57.1
27696,1975-11-02 00:00:00,0.0933071832525233,-0.1121838178457418,0.2987981843507884,12.217,57.1
27697,1975-11-03 00:00:00,0.0302712495215285,-0.1752428002421198,0.2357852992851768,12.217,57.1
27698,1975-11-04 00:00:00,0.1201786021463437,-0.0856562763438505,0.326013480636538,12.217,57.1
27699,1975-11-05 00:00:00,0.0950994598673047,-0.1106906030051283,0.3008895227397378,12.217,57.1
27700,1975-11-06 00:00:00,0.1489512787770612,-0.0568681937388473,0.3547707512929698,12.217,57.1
27701,1975-11-07 00:00:00,0.0350514250125282,-0.1706898530051694,0.2407927030302259,12.217,57.1
27702,1975-11-08 00:00:00,-0.1171533263319551,-0.3228079272643435,0.0885012746004331,12.217,57.1
27703,1975-11-09 00:00:00,-0.107716255888088,-0.313334511177566,0.0979019994013899,12.217,57.1
27704,1975-11-10 00:00:00,-0.1187673364976333,-0.3244923750937892,0.0869577020985225,12.217,57.1
27705,1975-11-11 00:00:00,-0.0713972785307862,-0.2770970856447679,0.1343025285831954,12.217,57.1
27706,1975-11-12 00:00:00,-0.1160099303043047,-0.3215960686718663,0.0895762080632567,12.217,57.1
27707,1975-11-13 00:00:00,-0.0786712162745742,-0.2842519000756097,0.1269094675264613,12.217,57.1
27708,1975-11-14 00:00:00,0.0013985678902672,-0.2048614821163347,0.2076586178968692,12.217,57.1
27709,1975-11-15 00:00:00,-0.0144463057630616,-0.2203956735993962,0.1915030620732729,12.217,57.1
27710,1975-11-16 00:00:00,0.1757648424001124,-0.0302637374937548,0.3817934222939796,12.217,57.1
27711,1975-11-17 00:00:00,0.3900568084242971,0.1821242033194891,0.5979894135291051,12.217,57.1
27712,1975-11-18 00:00:00,0.1709872248013855,-0.0361179796260784,0.3780924292288494,12.217,57.1
27713,1975-11-19 00:00:00,0.064066718593744,-0.1417423692111551,0.2698758063986431,12.217,57.1
27714,1975-11-20 00:00:00,0.2110429770389312,0.0047931962047086,0.4172927578731538,12.217,57.1
27715,1975-11-21 00:00:00,0.1548665398986613,-0.0544165889689765,0.3641496687662992,12.217,57.1
27716,1975-11-22 00:00:00,-0.1571680618033491,-0.3661453287240105,0.0518092051173122,12.217,57.1
27717,1975-11-23 00:00:00,-0.0660675323746068,-0.2726322644275187,0.1404971996783049,12.217,57.1
27718,1975-11-24 00:00:00,0.1138643972414943,-0.0921266816747615,0.3198554761577501,12.217,57.1
27719,1975-11-25 00:00:00,0.1990184840400926,-0.0069880150901116,0.4050249831702968,12.217,57.1
27720,1975-11-26 00:00:00,0.2443160860795392,0.0384578377513129,0.4501743344077655,12.217,57.1
27721,1975-11-27 00:00:00,0.2268965741936585,0.020725077941848,0.4330680704454689,12.217,57.1
27722,1975-11-28 00:00:00,0.273736948734203,0.0659122094467026,0.4815616880217034,12.217,57.1
27723,1975-11-29 00:00:00,0.3457512906930838,0.1374639430200566,0.5540386383661111,12.217,57.1
27724,1975-11-30 00:00:00,0.2858750154205871,0.0785317509761062,0.4932182798650679,12.217,57.1
27725,1975-12-01 00:00:00,0.1708072475447493,-0.0350951772125286,0.3767096723020272,12.217,57.1
27726,1975-12-02 00:00:00,0.2051614417231479,-0.0029163971439011,0.413239280590197,12.217,57.1
27727,1975-12-03 00:00:00,0.3811073737707984,0.1674224551328267,0.5947922924087701,12.217,57.1
27728,1975-12-04 00:00:00,0.0879163050411211,-0.1184167621595891,0.2942493722418315,12.217,57.1
27729,1975-12-05 00:00:00,0.4445545596206506,0.2366954908394999,0.6524136284018013,12.217,57.1
27730,1975-12-06 00:00:00,0.5290183962686512,0.3178075089924408,0.7402292835448616,12.217,57.1
27731,1975-12-07 00:00:00,0.0737021528483483,-0.1408565372704792,0.2882608429671759,12.217,57.1
27732,1975-12-08 00:00:00,0.5118975856990157,0.3033113309054062,0.7204838404926251,12.217,57.1
27733,1975-12-09 00:00:00,0.1251080922665484,-0.0836347072867043,0.3338508918198011,12.217,57.1
27734,1975-12-10 00:00:00,0.4506116613638367,0.2429521732880506,0.6582711494396228,12.217,57.1
27735,1975-12-11 00:00:00,0.0247034799736286,-0.1828324977128348,0.2322394576600921,12.217,57.1
27736,1975-12-12 00:00:00,0.1416699858426415,-0.0639889706016525,0.3473289422869356,12.217,57.1
27737,1975-12-13 00:00:00,0.1097801974926134,-0.0963752757211965,0.3159356707064233,12.217,57.1
27738,1975-12-14 00:00:00,-0.0534031959409267,-0.2605728088070708,0.1537664169252172,12.217,57.1
27739,1975-12-15 00:00:00,0.2374670189748581,0.0305939674340453,0.4443400705156708,12.217,57.1
27740,1975-12-16 00:00:00,0.3245336751422456,0.1173355093369668,0.5317318409475245,12.217,57.1
27741,1975-12-17 00:00:00,0.2218590192689389,0.0139200821701262,0.4297979563677516,12.217,57.1
27742,1975-12-18 00:00:00,-0.0123211508579906,-0.2188778039606968,0.1942355022447155,12.217,57.1
27743,1975-12-19 00:00:00,0.1174314812221183,-0.0882646742395333,0.3231276366837701,12.217,57.1
27744,1975-12-20 00:00:00,-0.0190497719279846,-0.225224891542573,0.1871253476866038,12.217,57.1
27745,1975-12-21 00:00:00,0.1107511168856125,-0.0953579764190168,0.3168602101902419,12.217,57.1
27746,1975-12-22 00:00:00,0.5688387063500555,0.3595296037246761,0.778147808975435,12.217,57.1
27747,1975-12-23 00:00:00,0.3088142992732058,0.0996513544003327,0.5179772441460789,12.217,57.1
27748,1975-12-24 00:00:00,0.4653757165731723,0.2583469732042035,0.6724044599421412,12.217,57.1
27749,1975-12-25 00:00:00,0.2728893469652809,0.066160037390518,0.4796186565400437,12.217,57.1
27750,1975-12-26 00:00:00,0.1087115225405769,-0.0974141980845282,0.314837243165682,12.217,57.1
27751,1975-12-27 00:00:00,0.2929429271872436,0.0862862175648458,0.4995996368096413,12.217,57.1
27752,1975-12-28 00:00:00,0.5467362391152053,0.3389656298124005,0.7545068484180101,12.217,57.1
27753,1975-12-29 00:00:00,0.4200566689040632,0.2125437241652617,0.6275696136428648,12.217,57.1
27754,1975-12-30 00:00:00,0.1442044556803006,-0.0617650630603008,0.3501739744209022,12.217,57.1
27755,1975-12-31 00:00:00,0.6520690609946169,0.442919670991294,0.8612184509979398,12.217,57.1
27756,1976-01-01 00:00:00,0.3020317143457179,0.0918316921464622,0.5122317365449737,12.217,57.1
27757,1976-01-02 00:00:00,0.3391207807580727,0.1321831609512097,0.5460584005649357,12.217,57.1
27758,1976-01-03 00:00:00,0.1582473560490532,-0.0492724183089232,0.3657671304070298,12.217,57.1
27759,1976-01-04 00:00:00,0.3304474427887182,0.1084079589318829,0.5524869266455534,12.217,57.1
27760,1976-01-05 00:00:00,-0.1436015081548121,-0.3535816953491714,0.0663786790395471,12.217,57.1
27761,1976-01-06 00:00:00,0.5888338073107533,0.3620238747921079,0.8156437398293986,12.217,57.1
27762,1976-01-07 00:00:00,-0.0918701002065254,-0.3017668160832927,0.1180266156702418,12.217,57.1
27763,1976-01-08 00:00:00,0.3174629705362478,0.1095552009869239,0.5253707400855716,12.217,57.1
27764,1976-01-09 00:00:00,0.5063241696604912,0.2990970848625923,0.7135512544583902,12.217,57.1
27765,1976-01-10 00:00:00,0.0740235409197352,-0.1323207956435773,0.2803678774830479,12.217,57.1
27766,1976-01-11 00:00:00,0.3226501834759224,0.1126343887771333,0.5326659781747115,12.217,57.1
27767,1976-01-12 00:00:00,0.3824873030324821,0.1728014173554465,0.5921731887095176,12.217,57.1
27768,1976-01-13 00:00:00,0.2060988480193499,-0.0024084148390227,0.4146061108777227,12.217,57.1
27769,1976-01-14 00:00:00,0.0800052584137861,-0.1269519374572658,0.2869624542848381,12.217,57.1
27770,1976-01-15 00:00:00,0.0108479934610354,-0.195221062974313,0.2169170498963839,12.217,57.1
27771,1976-01-16 00:00:00,-0.0766183377708971,-0.2824556346497661,0.1292189591079718,12.217,57.1
27772,1976-01-17 00:00:00,0.04226078894556,-0.164763594722191,0.2492851726133111,12.217,57.1
27773,1976-01-18 00:00:00,0.0152243028657651,-0.1915678318077496,0.2220164375392799,12.217,57.1
27774,1976-01-19 00:00:00,0.2471869242725159,0.0413378684768323,0.4530359800681995,12.217,57.1
27775,1976-01-20 00:00:00,0.3389039397631479,0.1320397553612242,0.5457681241650716,12.217,57.1
27776,1976-01-21 00:00:00,0.8464617358537992,0.6378359248381011,1.0550875468694974,12.217,57.1
27777,1976-01-22 00:00:00,0.4351128306432101,0.2256136046908774,0.6446120565955429,12.217,57.1
27778,1976-01-23 00:00:00,0.2604169449786056,0.0530703556896104,0.4677635342676007,12.217,57.1
27779,1976-01-24 00:00:00,0.0671552734954132,-0.1386937970733678,0.2730043440641943,12.217,57.1
27780,1976-01-25 00:00:00,0.0303997292907111,-0.1753578365805774,0.2361572951619996,12.217,57.1
27781,1976-01-26 00:00:00,0.0035225560783065,-0.2021708411162371,0.2092159532728502,12.217,57.1
27782,1976-01-27 00:00:00,0.0807044667803497,-0.1250075293606597,0.2864164629213593,12.217,57.1
27783,1976-01-28 00:00:00,0.0194641092572141,-0.1861511595138994,0.2250793780283277,12.217,57.1
27784,1976-01-29 00:00:00,0.0382661060808866,-0.1672391158745579,0.2437713280363312,12.217,57.1
27785,1976-01-30 00:00:00,0.0006427299869416,-0.2050544726503972,0.2063399326242805,12.217,57.1
27786,1976-01-31 00:00:00,-0.088731580187565,-0.2945825761910486,0.1171194158159185,12.217,57.1
27787,1976-02-01 00:00:00,-0.043189810152448,-0.2491719086289422,0.162792288324046,12.217,57.1
27788,1976-02-02 00:00:00,-0.0187950244883434,-0.2244736866934127,0.1868836377167258,12.217,57.1
27789,1976-02-03 00:00:00,-0.0231421855545362,-0.2289286542823504,0.182644283173278,12.217,57.1
27790,1976-02-04 00:00:00,-0.0477624960579977,-0.2534936351310134,0.1579686430150178,12.217,57.1
27791,1976-02-05 00:00:00,-0.0263177472708472,-0.2319595221624433,0.1793240276207487,12.217,57.1
27792,1976-02-06 00:00:00,-0.0804043821192863,-0.2861380046396928,0.1253292404011202,12.217,57.1
27793,1976-02-07 00:00:00,-0.0504127357037901,-0.2562044867318117,0.1553790153242314,12.217,57.1
27794,1976-02-08 00:00:00,0.0236588058101531,-0.1822526213733629,0.2295702329936692,12.217,57.1
27795,1976-02-09 00:00:00,0.0131856035725342,-0.192624738102285,0.2189959452473535,12.217,57.1
27796,1976-02-10 00:00:00,0.0839571509166002,-0.1222645294880787,0.2901788313212793,12.217,57.1
27797,1976-02-11 00:00:00,0.2310810642624297,0.0229021732735908,0.4392599552512686,12.217,57.1
27798,1976-02-12 00:00:00,0.2555555981127873,0.0495828476041967,0.4615283486213778,12.217,57.1
27799,1976-02-13 00:00:00,0.1911964684204248,-0.0147110423682887,0.3971039792091384,12.217,57.1
27800,1976-02-14 00:00:00,-0.0449429937981125,-0.2510690556649574,0.1611830680687322,12.217,57.1
27801,1976-02-15 00:00:00,-0.0550082978184417,-0.2607244690604828,0.1507078734235993,12.217,57.1
27802,1976-02-16 00:00:00,-0.0510453562223935,-0.2568151429584994,0.1547244305137122,12.217,57.1
27803,1976-02-17 00:00:00,-0.0648376887464109,-0.270393622269635,0.140718244776813,12.217,57.1
27804,1976-02-18 00:00:00,-0.0410790829973557,-0.2467533011543753,0.1645951351596639,12.217,57.1
27805,1976-02-19 00:00:00,0.0388810593991705,-0.1667817004126882,0.2445438192110293,12.217,57.1
27806,1976-02-20 00:00:00,-0.0071677429295156,-0.212799253650232,0.1984637677912007,12.217,57.1
27807,1976-02-21 00:00:00,-0.0312714939395018,-0.2367402603463028,0.174197272467299,12.217,57.1
27808,1976-02-22 00:00:00,-0.0077955590133011,-0.2133722927791622,0.19778117475256,12.217,57.1
27809,1976-02-23 00:00:00,-0.0993789788669437,-0.3050612827951285,0.106303325061241,12.217,57.1
27810,1976-02-24 00:00:00,0.0027154902853397,-0.2031836570231284,0.2086146375938079,12.217,57.1
27811,1976-02-25 00:00:00,0.160823268929559,-0.047848017619165,0.3694945554782832,12.217,57.1
27812,1976-02-26 00:00:00,0.5510100542311274,0.3402828338449816,0.7617372746172731,12.217,57.1
27813,1976-02-27 00:00:00,0.2381898175227526,0.0301916739285662,0.446187961116939,12.217,57.1
27814,1976-02-28 00:00:00,0.0039808179624161,-0.2023869678591457,0.2103486037839781,12.217,57.1
27815,1976-02-29 00:00:00,0.0798698365067059,-0.1257980923932384,0.2855377654066504,12.217,57.1
27816,1976-03-01 00:00:00,0.2501633774562866,0.0443303664281164,0.4559963884844566,12.217,57.1
27817,1976-03-02 00:00:00,0.5674973903020809,0.3580825626825598,0.776912217921602,12.217,57.1
27818,1976-03-03 00:00:00,-0.0299932902778178,-0.2381132951549208,0.178126714599285,12.217,57.1
27819,1976-03-04 00:00:00,-0.1105970779365735,-0.3162659900402983,0.0950718341671512,12.217,57.1
27820,1976-03-05 00:00:00,-0.0819146033922761,-0.287591883922535,0.1237626771379828,12.217,57.1
27821,1976-03-06 00:00:00,-0.1149714037819879,-0.3207031513055866,0.0907603437416107,12.217,57.1
27822,1976-03-07 00:00:00,-0.1521410154610601,-0.357854378250628,0.0535723473285077,12.217,57.1
27823,1976-03-08 00:00:00,-0.0260522277987253,-0.2322282136885736,0.1801237580911229,12.217,57.1
27824,1976-03-09 00:00:00,-0.0967839924703206,-0.302661561265906,0.1090935763252647,12.217,57.1
27825,1976-03-10 00:00:00,-0.0919873515852569,-0.2977467263981256,0.1137720232276116,12.217,57.1
27826,1976-03-11 00:00:00,-0.0466541730110428,-0.2523183941743639,0.1590100481522783,12.217,57.1
27827,1976-03-12 00:00:00,0.0193275729336892,-0.1863280563607611,0.2249832022281395,12.217,57.1
27828,1976-03-13 00:00:00,0.0593712966422246,-0.1464103507664957,0.265152944050945,12.217,57.1
27829,1976-03-14 00:00:00,-0.0207850300584288,-0.226685823499905,0.1851157633830473,12.217,57.1
27830,1976-03-15 00:00:00,-0.0457413177951947,-0.2512570160084167,0.1597743804180272,12.217,57.1
27831,1976-03-16 00:00:00,-0.0586547667769025,-0.264196722957048,0.146887189403243,12.217,57.1
27832,1976-03-17 00:00:00,0.0015828942300833,-0.2043112363125314,0.207477024772698,12.217,57.1
27833,1976-03-18 00:00:00,-0.0061675208061201,-0.2119078792524344,0.1995728376401941,12.217,57.1
27834,1976-03-19 00:00:00,-0.0275072343546279,-0.2329737041482424,0.1779592354389865,12.217,57.1
27835,1976-03-20 00:00:00,-0.0557872410678877,-0.2614390266614817,0.1498645445257062,12.217,57.1
27836,1976-03-21 00:00:00,-0.0536837738115897,-0.2596119310652025,0.152244383442023,12.217,57.1
27837,1976-03-22 00:00:00,-0.0815580007515397,-0.2881582495505858,0.1250422480475063,12.217,57.1
27838,1976-03-23 00:00:00,-0.0458487465098117,-0.2521471177182949,0.1604496246986714,12.217,57.1
27839,1976-03-24 00:00:00,-0.0331683073705598,-0.2387773812512164,0.1724407665100966,12.217,57.1
27840,1976-03-25 00:00:00,0.0699218319984267,-0.1358056534616952,0.2756493174585488,12.217,57.1
27841,1976-03-26 00:00:00,0.1130538823464717,-0.0929610047410768,0.3190687694340204,12.217,57.1
27842,1976-03-27 00:00:00,0.1755655837078644,-0.0302429342794244,0.3813741016951533,12.217,57.1
27843,1976-03-28 00:00:00,0.1999570047879612,-0.0060757086357317,0.4059897182116542,12.217,57.1
27844,1976-03-29 00:00:00,0.3881083097793217,0.1816535380295615,0.5945630815290819,12.217,57.1
27845,1976-03-30 00:00:00,0.4394921747037646,0.2327929670837656,0.6461913823237637,12.217,57.1
27846,1976-03-31 00:00:00,0.4817988662575014,0.2749793628894743,0.6886183696255286,12.217,57.1
27847,1976-04-01 00:00:00,0.3683566702825356,0.1594910601919786,0.5772222803730925,12.217,57.1
27848,1976-04-02 00:00:00,0.2116309295570671,0.003323451638131,0.4199384074760032,12.217,57.1
27849,1976-04-03 00:00:00,0.050396916042832,-0.1555380436658956,0.2563318757515598,12.217,57.1
27850,1976-04-04 00:00:00,0.1000865390634978,-0.1056717752142524,0.3058448533412481,12.217,57.1
27851,1976-04-05 00:00:00,0.0875434439587224,-0.1183890830272198,0.2934759709446647,12.217,57.1
27852,1976-04-06 00:00:00,0.4343509270543942,0.2280296654804752,0.6406721886283133,12.217,57.1
27853,1976-04-07 00:00:00,0.4630043417697643,0.2544241491106436,0.671584534428885,12.217,57.1
27854,1976-04-08 00:00:00,0.1196137499278405,-0.0866518131778461,0.3258793130335273,12.217,57.1
27855,1976-04-09 00:00:00,-0.0198307109224263,-0.2257093661209052,0.1860479442760524,12.217,57.1
27856,1976-04-10 00:00:00,0.0591284989799873,-0.1465554662642587,0.2648124642242334,12.217,57.1
27857,1976-04-11 00:00:00,0.1165180882825024,-0.0891715075188647,0.3222076840838695,12.217,57.1
27858,1976-04-12 00:00:00,0.0927098953893418,-0.1130047232216795,0.2984245140003633,12.217,57.1
27859,1976-04-13 00:00:00,0.0394191484020424,-0.1660852138669959,0.2449235106710808,12.217,57.1
27860,1976-04-14 00:00:00,0.038850433681661,-0.1667264608968627,0.2444273282601848,12.217,57.1
27861,1976-04-15 00:00:00,-0.0341343864573628,-0.2397230936781105,0.1714543207633848,12.217,57.1
27862,1976-04-16 00:00:00,-0.0559198214060272,-0.2614984415487241,0.1496587987366696,12.217,57.1
27863,1976-04-17 00:00:00,0.0464598291019013,-0.1591288329246083,0.2520484911284109,12.217,57.1
27864,1976-04-18 00:00:00,0.266723646700743,0.0583568538391051,0.4750904395623808,12.217,57.1
27865,1976-04-19 00:00:00,-0.0371287301985061,-0.2449308688997262,0.1706734085027139,12.217,57.1
27866,1976-04-20 00:00:00,-0.0417467410521905,-0.247295586320336,0.1638021042159549,12.217,57.1
27867,1976-04-21 00:00:00,-0.0118093470214652,-0.2177097515603346,0.194091057517404,12.217,57.1
27868,1976-04-22 00:00:00,0.0401631211743566,-0.1659528486833826,0.2462790910320959,12.217,57.1
27869,1976-04-23 00:00:00,-0.0275417348637597,-0.2342019690961064,0.1791184993685869,12.217,57.1
27870,1976-04-24 00:00:00,-0.0594998549694306,-0.2653242624101453,0.146324552471284,12.217,57.1
27871,1976-04-25 00:00:00,-0.057949840928618,-0.2635422166526994,0.1476425347954632,12.217,57.1
27872,1976-04-26 00:00:00,-0.0356894826990401,-0.2414939720746458,0.1701150066765656,12.217,57.1
27873,1976-04-27 00:00:00,0.0179486782310373,-0.1883661109097558,0.2242634673718306,12.217,57.1
27874,1976-04-28 00:00:00,0.1582060831595825,-0.0528436251175859,0.3692557914367509,12.217,57.1
27875,1976-04-29 00:00:00,-0.1236104824288687,-0.3338465964920525,0.086625631634315,12.217,57.1
27876,1976-04-30 00:00:00,0.1507255137744163,-0.0553486352803743,0.356799662829207,12.217,57.1
27877,1976-05-01 00:00:00,0.1017749948001795,-0.1039057754809633,0.3074557650813224,12.217,57.1
27878,1976-05-02 00:00:00,0.0832437036156421,-0.1228284119314778,0.2893158191627621,12.217,57.1
27879,1976-05-03 00:00:00,0.1571980486244162,-0.0486420051928449,0.3630381024416775,12.217,57.1
27880,1976-05-04 00:00:00,0.1888089698547651,-0.016847675781071,0.3944656154906013,12.217,57.1
27881,1976-05-05 00:00:00,0.1262522713807551,-0.0799794796952374,0.3324840224567477,12.217,57.1
27882,1976-05-06 00:00:00,0.1093011868017664,-0.0966698124991321,0.315272186102665,12.217,57.1
27883,1976-05-07 00:00:00,-0.0182527535151767,-0.2238406654657517,0.1873351584353983,12.217,57.1
27884,1976-05-08 00:00:00,0.0420989631294222,-0.1633763837837032,0.2475743100425478,12.217,57.1
27885,1976-05-09 00:00:00,0.1011733485649404,-0.1043243252217471,0.3066710223516279,12.217,57.1
27886,1976-05-10 00:00:00,0.0754620355351341,-0.1301163253312047,0.281040396401473,12.217,57.1
27887,1976-05-11 00:00:00,0.1036170906081817,-0.1021555745874158,0.3093897558037793,12.217,57.1
27888,1976-05-12 00:00:00,0.0876273425757202,-0.1189235997849526,0.2941782849363931,12.217,57.1
27889,1976-05-13 00:00:00,0.2020912847431195,-0.0036728684517711,0.4078554379380101,12.217,57.1
27890,1976-05-14 00:00:00,0.1658816780819374,-0.0400205994150505,0.3717839555789254,12.217,57.1
27891,1976-05-15 00:00:00,0.0729813428324983,-0.1327865110666577,0.2787491967316543,12.217,57.1
27892,1976-05-16 00:00:00,0.0746660568397327,-0.130907946866134,0.2802400605455996,12.217,57.1
27893,1976-05-17 00:00:00,-0.002315649935949,-0.2081897795536576,0.2035584796817594,12.217,57.1
27894,1976-05-18 00:00:00,-0.0239487757564809,-0.2294222172224745,0.1815246657095126,12.217,57.1
27895,1976-05-19 00:00:00,0.0267416736367635,-0.1787742073496831,0.2322575546232101,12.217,57.1
27896,1976-05-20 00:00:00,0.0882422477487873,-0.117447441443323,0.2939319369408978,12.217,57.1
27897,1976-05-21 00:00:00,0.0576338384857429,-0.1481926716438805,0.2634603486153664,12.217,57.1
27898,1976-05-22 00:00:00,0.0094823970617755,-0.1961353101330437,0.2151001042565948,12.217,57.1
27899,1976-05-23 00:00:00,-0.0646345304152614,-0.270296748136528,0.141027687306005,12.217,57.1
27900,1976-05-24 00:00:00,-0.0739150600659657,-0.2794778346963542,0.1316477145644227,12.217,57.1
27901,1976-05-25 00:00:00,-0.0584328453213978,-0.2640113220937591,0.1471456314509634,12.217,57.1
27902,1976-05-26 00:00:00,0.0327865686459261,-0.1729543440431256,0.2385274813349779,12.217,57.1
27903,1976-05-27 00:00:00,0.1100100641632413,-0.0967987700814388,0.3168188984079215,12.217,57.1
27904,1976-05-28 00:00:00,-0.0589040580846828,-0.2654258247048276,0.147617708535462,12.217,57.1
27905,1976-05-29 00:00:00,-0.0490793219724117,-0.2551804551865233,0.1570218112416997,12.217,57.1
27906,1976-05-30 00:00:00,-0.0083078953777695,-0.2138746902476425,0.1972588994921034,12.217,57.1
27907,1976-05-31 00:00:00,0.0658251821315617,-0.1396311125770868,0.2712814768402104,12.217,57.1
27908,1976-06-01 00:00:00,0.0613735739238156,-0.1442151653292522,0.2669623131768835,12.217,57.1
27909,1976-06-02 00:00:00,0.0761969636505426,-0.1293281699034075,0.2817220972044928,12.217,57.1
27910,1976-06-03 00:00:00,0.0158272014640299,-0.189677078136754,0.2213314810648139,12.217,57.1
27911,1976-06-04 00:00:00,0.0061988009533524,-0.1992261628812218,0.2116237647879268,12.217,57.1
27912,1976-06-05 00:00:00,0.0142711246465998,-0.1912312870537939,0.2197735363469936,12.217,57.1
27913,1976-06-06 00:00:00,0.1401302439412116,-0.0656073685036519,0.3458678563860752,12.217,57.1
27914,1976-06-07 00:00:00,0.2480965664267647,0.042292036476053,0.4539010963774764,12.217,57.1
27915,1976-06-08 00:00:00,0.0861592731656187,-0.1196956504587987,0.2920141967900361,12.217,57.1
27916,1976-06-09 00:00:00,-0.0061741527794256,-0.211932239529521,0.1995839339706696,12.217,57.1
27917,1976-06-10 00:00:00,0.0387723085322075,-0.1669029252064859,0.2444475422709011,12.217,57.1
27918,1976-06-11 00:00:00,0.0394233431520596,-0.1666826620777655,0.2455293483818847,12.217,57.1
27919,1976-06-12 00:00:00,0.0546213494732495,-0.1511139924773426,0.2603566914238416,12.217,57.1
27920,1976-06-13 00:00:00,0.1079593968809231,-0.0976397736066091,0.3135585673684555,12.217,57.1
27921,1976-06-14 00:00:00,0.1390844539469896,-0.0666785967784438,0.3448475046724232,12.217,57.1
27922,1976-06-15 00:00:00,0.2298917130519859,0.0240810140582758,0.435702412045696,12.217,57.1
27923,1976-06-16 00:00:00,0.3146188384961795,0.1052240475167525,0.5240136294756066,12.217,57.1
27924,1976-06-17 00:00:00,0.0324049455830792,-0.1785997711056393,0.2434096622717978,12.217,57.1
27925,1976-06-18 00:00:00,0.1209097969967624,-0.0852501218578703,0.3270697158513953,12.217,57.1
27926,1976-06-19 00:00:00,0.1878506779933785,-0.0180739771527541,0.3937753331395112,12.217,57.1
27927,1976-06-20 00:00:00,0.2744602004973688,0.0683623740832997,0.4805580269114379,12.217,57.1
27928,1976-06-21 00:00:00,0.2221247133484599,0.0160430279025909,0.428206398794329,12.217,57.1
27929,1976-06-22 00:00:00,0.1451369118749616,-0.060894064338643,0.3511678880885663,12.217,57.1
27930,1976-06-23 00:00:00,0.0416306734544641,-0.1638791599534129,0.2471405068623412,12.217,57.1
27931,1976-06-24 00:00:00,0.0396169972001978,-0.165831172596986,0.2450651669973817,12.217,57.1
27932,1976-06-25 00:00:00,0.0354265002122687,-0.1700482983871679,0.2409012988117054,12.217,57.1
27933,1976-06-26 00:00:00,-0.0062885979238088,-0.2117729929795845,0.1991957971319667,12.217,57.1
27934,1976-06-27 00:00:00,0.0598998911136447,-0.1457921368491578,0.2655919190764472,12.217,57.1
27935,1976-06-28 00:00:00,0.150757096429953,-0.0558194732743634,0.3573336661342695,12.217,57.1
27936,1976-06-29 00:00:00,-0.0064709657492794,-0.2135835374894891,0.2006416059909303,12.217,57.1
27937,1976-06-30 00:00:00,-0.0054175471251021,-0.2111404706904493,0.2003053764402449,12.217,57.1
27938,1976-07-01 00:00:00,-0.0064562537276487,-0.2122978897423785,0.1993853822870809,12.217,57.1
27939,1976-07-02 00:00:00,0.0006853448033422,-0.2051435791742914,0.2065142687809758,12.217,57.1
27940,1976-07-03 00:00:00,0.005052951238644,-0.200763730283131,0.2108696327604191,12.217,57.1
27941,1976-07-04 00:00:00,0.0125520472650558,-0.1931374108801199,0.2182415054102315,12.217,57.1
27942,1976-07-05 00:00:00,0.0224178472452243,-0.1832527963806397,0.2280884908710884,12.217,57.1
27943,1976-07-06 00:00:00,0.0151288577166015,-0.1906947567839827,0.2209524722171857,12.217,57.1
27944,1976-07-07 00:00:00,0.0358875410882301,-0.169916871981662,0.2416919541581223,12.217,57.1
27945,1976-07-08 00:00:00,0.0287552606657498,-0.1768080385307408,0.2343185598622404,12.217,57.1
27946,1976-07-09 00:00:00,0.0536554117222998,-0.1522054669915927,0.2595162904361924,12.217,57.1
27947,1976-07-10 00:00:00,0.0260403038909288,-0.1796549141027449,0.2317355218846025,12.217,57.1
27948,1976-07-11 00:00:00,0.0667555857828316,-0.1388443223064197,0.272355493872083,12.217,57.1
27949,1976-07-12 00:00:00,0.0655443191201154,-0.1400576310508171,0.271146269291048,12.217,57.1
27950,1976-07-13 00:00:00,0.0267950038423105,-0.1788713108374279,0.2324613185220489,12.217,57.1
27951,1976-07-14 00:00:00,0.0399176888375271,-0.1655677828737006,0.245403160548755,12.217,57.1
27952,1976-07-15 00:00:00,0.0669343218982078,-0.1385584840485315,0.2724271278449472,12.217,57.1
27953,1976-07-16 00:00:00,0.0581026576188103,-0.1473059144875919,0.2635112297252127,12.217,57.1
27954,1976-07-17 00:00:00,0.076441308420954,-0.1290338136051568,0.2819164304470649,12.217,57.1
27955,1976-07-18 00:00:00,0.0142054676664442,-0.1914959531512158,0.2199068884841044,12.217,57.1
27956,1976-07-19 00:00:00,0.0233067651717469,-0.1821985956213557,0.2288121259648496,12.217,57.1
27957,1976-07-20 00:00:00,0.0860978594022579,-0.1195720841175532,0.2917678029220691,12.217,57.1
27958,1976-07-21 00:00:00,0.1169657392797034,-0.0887608292581858,0.3226923078175927,12.217,57.1
27959,1976-07-22 00:00:00,0.0045561727698561,-0.201248412519236,0.2103607580589482,12.217,57.1
27960,1976-07-23 00:00:00,-0.0270098085192333,-0.2328861383087354,0.1788665212702688,12.217,57.1
27961,1976-07-24 00:00:00,0.0473311200002868,-0.1582895978205977,0.2529518378211715,12.217,57.1
27962,1976-07-25 00:00:00,0.0192796137234915,-0.1862743072429859,0.224833534689969,12.217,57.1
27963,1976-07-26 00:00:00,0.0249824128672318,-0.1804820338008135,0.2304468595352772,12.217,57.1
27964,1976-07-27 00:00:00,0.0480441484170972,-0.1574157622345245,0.2535040590687191,12.217,57.1
27965,1976-07-28 00:00:00,0.3260618934756948,0.1192059737668317,0.532917813184558,12.217,57.1
27966,1976-07-29 00:00:00,0.2299660260185905,0.0215233240971939,0.4384087279399871,12.217,57.1
27967,1976-07-30 00:00:00,0.194113212227139,-0.0121720182054972,0.4003984426597753,12.217,57.1
27968,1976-07-31 00:00:00,0.2412845490099315,0.0353928823690555,0.4471762156508075,12.217,57.1
27969,1976-08-01 00:00:00,0.2203456896136497,0.0142256622757065,0.4264657169515928,12.217,57.1
27970,1976-08-02 00:00:00,0.1201825898584268,-0.0854497806436789,0.3258149603605327,12.217,57.1
27971,1976-08-03 00:00:00,0.1202756186535164,-0.0854228222409726,0.3259740595480056,12.217,57.1
27972,1976-08-04 00:00:00,0.1337608800157643,-0.0721698073029507,0.3396915673344793,12.217,57.1
27973,1976-08-05 00:00:00,0.0870906869504461,-0.1188975256254118,0.293078899526304,12.217,57.1
27974,1976-08-06 00:00:00,0.0202844811339038,-0.185272024072938,0.2258409863407458,12.217,57.1
27975,1976-08-07 00:00:00,-0.0060789945732165,-0.211654772942482,0.1994967837960489,12.217,57.1
27976,1976-08-08 00:00:00,-0.0166179632477287,-0.2221595486920974,0.1889236221966398,12.217,57.1
27977,1976-08-09 00:00:00,-0.0415407480944285,-0.2469326117686015,0.1638511155797443,12.217,57.1
27978,1976-08-10 00:00:00,-0.0515152726935475,-0.2569291575424596,0.1538986121553645,12.217,57.1
27979,1976-08-11 00:00:00,-0.0408922428538203,-0.2463502024079382,0.1645657167002976,12.217,57.1
27980,1976-08-12 00:00:00,-0.0272086388635282,-0.2326626408473376,0.1782453631202811,12.217,57.1
27981,1976-08-13 00:00:00,-0.0101484540712423,-0.2156646123526122,0.1953677042101275,12.217,57.1
27982,1976-08-14 00:00:00,-0.0282302959998519,-0.2337291134975675,0.1772685214978636,12.217,57.1
27983,1976-08-15 00:00:00,-0.0284918282599482,-0.2339495940274635,0.1769659375075669,12.217,57.1
27984,1976-08-16 00:00:00,-0.0334543409651101,-0.238949414058448,0.1720407321282276,12.217,57.1
27985,1976-08-17 00:00:00,-0.0580344176818909,-0.2635990878336849,0.1475302524699029,12.217,57.1
27986,1976-08-18 00:00:00,-0.047668336935549,-0.253133779603277,0.1577971057321789,12.217,57.1
27987,1976-08-19 00:00:00,-0.0349047503093337,-0.2403335234081271,0.1705240227894597,12.217,57.1
27988,1976-08-20 00:00:00,-0.0413584677861263,-0.2469037365513407,0.164186800979088,12.217,57.1
27989,1976-08-21 00:00:00,-0.0079178099479899,-0.2136800769420357,0.1978444570460558,12.217,57.1
27990,1976-08-22 00:00:00,-0.0543720539544341,-0.2599778990349425,0.1512337911260741,12.217,57.1
27991,1976-08-23 00:00:00,-0.0404266700013066,-0.245920979568853,0.1650676395662396,12.217,57.1
27992,1976-08-24 00:00:00,0.0111558306706613,-0.1943101697700172,0.2166218311113398,12.217,57.1
27993,1976-08-25 00:00:00,0.0296199315932278,-0.1758701254616885,0.2351099886481442,12.217,57.1
27994,1976-08-26 00:00:00,0.043691924852029,-0.1618229902240592,0.2492068399281172,12.217,57.1
27995,1976-08-27 00:00:00,0.000659670262859,-0.2053125824371516,0.2066319229628698,12.217,57.1
27996,1976-08-28 00:00:00,-0.1016842559462506,-0.3081807966921189,0.1048122847996176,12.217,57.1
27997,1976-08-29 00:00:00,-0.0617808994928275,-0.2675342293779517,0.1439724303922967,12.217,57.1
27998,1976-08-30 00:00:00,0.069489016131536,-0.1361297230318567,0.2751077552949287,12.217,57.1
27999,1976-08-31 00:00:00,0.096497498558267,-0.1096104031294709,0.302605400246005,12.217,57.1
28000,1976-09-01 00:00:00,0.1667203539242019,-0.0392337869702107,0.3726744948186146,12.217,57.1
28001,1976-09-02 00:00:00,0.2683348262652876,0.0620547667847822,0.4746148857457929,12.217,57.1
28002,1976-09-03 00:00:00,0.0418219764895515,-0.1639704209456845,0.2476143739247876,12.217,57.1
28003,1976-09-04 00:00:00,0.0721085367387415,-0.1338843274743608,0.2781014009518438,12.217,57.1
28004,1976-09-05 00:00:00,0.0664343384338419,-0.1396039771351241,0.272472654002808,12.217,57.1
28005,1976-09-06 00:00:00,-0.0064992159588974,-0.2120028327805502,0.1990044008627553,12.217,57.1
28006,1976-09-07 00:00:00,0.1809310128392845,-0.025977083227042,0.3878391089056111,12.217,57.1
28007,1976-09-08 00:00:00,0.2137517658721589,0.0074062568808812,0.4200972748634365,12.217,57.1
28008,1976-09-09 00:00:00,0.0971425924901579,-0.1089288001859795,0.3032139851662954,12.217,57.1
28009,1976-09-10 00:00:00,0.2628827560602031,0.0566946721452723,0.469070839975134,12.217,57.1
28010,1976-09-11 00:00:00,0.2472731169253285,0.0392695254832876,0.4552767083673694,12.217,57.1
28011,1976-09-12 00:00:00,0.2647918686028458,0.0572332012122907,0.4723505359934008,12.217,57.1
28012,1976-09-13 00:00:00,0.0914904389286772,-0.1141466624330221,0.2971275402903767,12.217,57.1
28013,1976-09-14 00:00:00,0.1112387337249482,-0.0943567989838678,0.3168342664337644,12.217,57.1
28014,1976-09-15 00:00:00,0.1126721572355393,-0.09424243913297,0.3195867536040488,12.217,57.1
28015,1976-09-16 00:00:00,0.04635038562058,-0.1595937902819595,0.2522945615231196,12.217,57.1
28016,1976-09-17 00:00:00,0.0006631197158393,-0.2058539654712372,0.207180204902916,12.217,57.1
28017,1976-09-18 00:00:00,-0.0646364420330626,-0.271723133864764,0.1424502497986386,12.217,57.1
28018,1976-09-19 00:00:00,-0.0884527042464515,-0.2943270848542845,0.1174216763613814,12.217,57.1
28019,1976-09-20 00:00:00,-0.0812015959964284,-0.2866733822678541,0.1242701902749973,12.217,57.1
28020,1976-09-21 00:00:00,-0.0830514348884665,-0.2884854254074462,0.1223825556305131,12.217,57.1
28021,1976-09-22 00:00:00,-0.0697403849645537,-0.2751575415631781,0.1356767716340706,12.217,57.1
28022,1976-09-23 00:00:00,-0.078610468304973,-0.2840348482197888,0.1268139116098428,12.217,57.1
28023,1976-09-24 00:00:00,-0.0312989463991547,-0.2368274732417503,0.1742295804434407,12.217,57.1
28024,1976-09-25 00:00:00,-0.0099238295521791,-0.215414787372254,0.1955671282678958,12.217,57.1
28025,1976-09-26 00:00:00,0.0049267777063996,-0.2005657946251218,0.210419350037921,12.217,57.1
28026,1976-09-27 00:00:00,0.0286451067806654,-0.1769819972738837,0.2342722108352147,12.217,57.1
28027,1976-09-28 00:00:00,0.0762654296819089,-0.1293917484154971,0.281922607779315,12.217,57.1
28028,1976-09-29 00:00:00,-0.0259263483840272,-0.2317411003452807,0.1798884035772261,12.217,57.1
28029,1976-09-30 00:00:00,-0.1062301709694121,-0.3123581387530491,0.0998977968142248,12.217,57.1
28030,1976-10-01 00:00:00,-0.0431178214059302,-0.2489552550334584,0.1627196122215978,12.217,57.1
28031,1976-10-02 00:00:00,-0.0253958865954752,-0.2310049293816311,0.1802131561906807,12.217,57.1
28032,1976-10-03 00:00:00,0.0463261399882968,-0.1592407594975465,0.2518930394741401,12.217,57.1
28033,1976-10-04 00:00:00,0.1016937607975038,-0.103931513449919,0.3073190350449268,12.217,57.1
28034,1976-10-05 00:00:00,0.1259902682500352,-0.0797031636692783,0.3316837001693488,12.217,57.1
28035,1976-10-06 00:00:00,0.1259924928593599,-0.0798963609172388,0.3318813466359588,12.217,57.1
28036,1976-10-07 00:00:00,0.2354417181950437,0.0289776090269311,0.4419058273631563,12.217,57.1
28037,1976-10-08 00:00:00,0.2237714551220827,0.0163007517889813,0.4312421584551842,12.217,57.1
28038,1976-10-09 00:00:00,0.1956742252926572,-0.0113740677817091,0.4027225183670235,12.217,57.1
28039,1976-10-10 00:00:00,0.0656720596016287,-0.1398595319521349,0.2712036511553923,12.217,57.1
28040,1976-10-11 00:00:00,0.0779766741578163,-0.1275835235289092,0.2835368718445419,12.217,57.1
28041,1976-10-12 00:00:00,0.165917211482996,-0.0396551160177144,0.3714895389837065,12.217,57.1
28042,1976-10-13 00:00:00,0.2816148062973532,0.0727586163766327,0.4904709962180736,12.217,57.1
28043,1976-10-14 00:00:00,0.0206055590203656,-0.1927927024781389,0.2340038205188703,12.217,57.1
28044,1976-10-15 00:00:00,0.1233770951340011,-0.0889139807644687,0.335668171032471,12.217,57.1
28045,1976-10-16 00:00:00,0.0197158613826742,-0.1913289891291452,0.2307607118944938,12.217,57.1
28046,1976-10-17 00:00:00,0.0248013688270011,-0.1826503322543147,0.232253069908317,12.217,57.1
28047,1976-10-18 00:00:00,-0.0260313615059854,-0.2322602625743148,0.1801975395623439,12.217,57.1
28048,1976-10-19 00:00:00,0.0664851691432726,-0.1394622397828864,0.2724325780694316,12.217,57.1
28049,1976-10-20 00:00:00,0.0732744948534058,-0.1324277875188639,0.2789767772256755,12.217,57.1
28050,1976-10-21 00:00:00,0.1161797073461288,-0.089693789654035,0.3220532043462927,12.217,57.1
28051,1976-10-22 00:00:00,0.119943875788988,-0.0859926010826176,0.3258803526605937,12.217,57.1
28052,1976-10-23 00:00:00,0.0652098834651468,-0.1405770179537875,0.2709967848840812,12.217,57.1
28053,1976-10-24 00:00:00,0.140588006608626,-0.0652050416236945,0.3463810548409467,12.217,57.1
28054,1976-10-25 00:00:00,0.1127170253765609,-0.093004147682454,0.3184381984355759,12.217,57.1
28055,1976-10-26 00:00:00,-0.0099944709409107,-0.215545495570891,0.1955565536890695,12.217,57.1
28056,1976-10-27 00:00:00,0.0304226891776326,-0.1754262693495825,0.2362716477048478,12.217,57.1
28057,1976-10-28 00:00:00,-0.0301178203655516,-0.2361549404446046,0.1759192997135014,12.217,57.1
28058,1976-10-29 00:00:00,-0.0440821784692521,-0.2500052175152805,0.1618408605767762,12.217,57.1
28059,1976-10-30 00:00:00,-0.0140995816285979,-0.2197000222422634,0.1915008589850675,12.217,57.1
28060,1976-10-31 00:00:00,0.0111716818831262,-0.1943593728147649,0.2167027365810175,12.217,57.1
28061,1976-11-01 00:00:00,0.0061104286786374,-0.1996759112363955,0.2118967685936705,12.217,57.1
28062,1976-11-02 00:00:00,0.1361008197188709,-0.0700001973984984,0.3422018368362403,12.217,57.1
28063,1976-11-03 00:00:00,0.2410339452385835,0.0344060811875595,0.4476618092896075,12.217,57.1
28064,1976-11-04 00:00:00,0.1293785317556376,-0.0763717810525125,0.3351288445637878,12.217,57.1
28065,1976-11-05 00:00:00,0.1056429753042887,-0.1000788056483915,0.311364756256969,12.217,57.1
28066,1976-11-06 00:00:00,0.2461286684826266,0.0394981746835977,0.4527591622816554,12.217,57.1
28067,1976-11-07 00:00:00,0.1665659195526504,-0.0397884075874493,0.3729202466927501,12.217,57.1
28068,1976-11-08 00:00:00,0.1536539579634498,-0.0525736062791609,0.3598815222060607,12.217,57.1
28069,1976-11-09 00:00:00,0.1606028815895528,-0.0454318879354674,0.3666376511145732,12.217,57.1
28070,1976-11-10 00:00:00,0.2110335545386447,0.0049864133676946,0.4170806957095948,12.217,57.1
28071,1976-11-11 00:00:00,0.1993066296959437,-0.0066086071177906,0.4052218665096782,12.217,57.1
28072,1976-11-12 00:00:00,0.0596598932350512,-0.1462180616380369,0.2655378481081393,12.217,57.1
28073,1976-11-13 00:00:00,0.0515484426469754,-0.1540865081096554,0.2571833934036063,12.217,57.1
28074,1976-11-14 00:00:00,-0.1148122260487211,-0.3205855677926842,0.0909611156952419,12.217,57.1
28075,1976-11-15 00:00:00,-0.1463873644852161,-0.3521073266729205,0.0593325977024882,12.217,57.1
28076,1976-11-16 00:00:00,-0.1234910335396627,-0.329269759267272,0.0822876921879465,12.217,57.1
28077,1976-11-17 00:00:00,0.0014580373761086,-0.204164433522588,0.2070805082748053,12.217,57.1
28078,1976-11-18 00:00:00,-0.1007291793033952,-0.306356284480655,0.1048979258738646,12.217,57.1
28079,1976-11-19 00:00:00,-0.0912820093734646,-0.2969138468815235,0.1143498281345943,12.217,57.1
28080,1976-11-20 00:00:00,-0.1037292580571537,-0.3099188406372093,0.1024603245229018,12.217,57.1
28081,1976-11-21 00:00:00,0.0844387668292363,-0.1214643386632831,0.2903418723217558,12.217,57.1
28082,1976-11-22 00:00:00,0.1677162211009614,-0.0384569923184898,0.3738894345204127,12.217,57.1
28083,1976-11-23 00:00:00,0.100047826706104,-0.1064242093231799,0.306519862735388,12.217,57.1
28084,1976-11-24 00:00:00,-0.0175385081710493,-0.223412886376945,0.1883358700348463,12.217,57.1
28085,1976-11-25 00:00:00,-0.0115803532283259,-0.2172267849326344,0.1940660784759825,12.217,57.1
28086,1976-11-26 00:00:00,0.1290915847708837,-0.0771148905263015,0.3352980600680689,12.217,57.1
28087,1976-11-27 00:00:00,0.3496643746725018,0.1436809579129417,0.5556477914320618,12.217,57.1
28088,1976-11-28 00:00:00,0.2645896876382076,0.0576179777407754,0.4715613975356399,12.217,57.1
28089,1976-11-29 00:00:00,0.3474085468163488,0.1400911362955342,0.5547259573371635,12.217,57.1
28090,1976-11-30 00:00:00,0.3014286278276097,0.0910010098701275,0.5118562457850919,12.217,57.1
28091,1976-12-01 00:00:00,0.2661778937520273,0.0552715220311793,0.4770842654728752,12.217,57.1
28092,1976-12-02 00:00:00,0.5723118792669593,0.3616307630178843,0.7829929955160342,12.217,57.1
28093,1976-12-03 00:00:00,0.2628926642879655,0.0556569245535584,0.4701284040223726,12.217,57.1
28094,1976-12-04 00:00:00,0.222253659634125,0.0148408825864683,0.4296664366817818,12.217,57.1
28095,1976-12-05 00:00:00,0.3357594642990948,0.1273476223658023,0.5441713062323872,12.217,57.1
28096,1976-12-06 00:00:00,0.287693705861071,0.0800661078988969,0.495321303823245,12.217,57.1
28097,1976-12-07 00:00:00,0.3871594226858518,0.1798593447357398,0.5944595006359638,12.217,57.1
28098,1976-12-08 00:00:00,0.424444699577231,0.2163940334389676,0.6324953657154944,12.217,57.1
28099,1976-12-09 00:00:00,0.2312468919551843,0.0242735456711159,0.4382202382392526,12.217,57.1
28100,1976-12-10 00:00:00,0.1203538650882474,-0.0855103591335257,0.3262180893100206,12.217,57.1
28101,1976-12-11 00:00:00,0.166618072411177,-0.0391429817948959,0.3723791266172499,12.217,57.1
28102,1976-12-12 00:00:00,-0.027382474833003,-0.2335417641547175,0.1787768144887115,12.217,57.1
28103,1976-12-13 00:00:00,-0.1244561260505466,-0.3308782617300465,0.0819660096289533,12.217,57.1
28104,1976-12-14 00:00:00,-0.1464726052153959,-0.3526337542853582,0.0596885438545664,12.217,57.1
28105,1976-12-15 00:00:00,-0.1289038076095078,-0.33468934438577,0.0768817291667542,12.217,57.1
28106,1976-12-16 00:00:00,-0.0632507784048913,-0.2694680314464849,0.1429664746367023,12.217,57.1
28107,1976-12-17 00:00:00,-0.0960939697387585,-0.3024474948849976,0.1102595554074805,12.217,57.1
28108,1976-12-18 00:00:00,-0.0568017811506869,-0.2627763151081441,0.1491727528067701,12.217,57.1
28109,1976-12-19 00:00:00,-0.0051648829683621,-0.2115403210702208,0.2012105551334965,12.217,57.1
28110,1976-12-20 00:00:00,-0.1042750184543053,-0.3102855891336933,0.1017355522250825,12.217,57.1
28111,1976-12-21 00:00:00,-0.0893384162935904,-0.2952519791733189,0.116575146586138,12.217,57.1
28112,1976-12-22 00:00:00,0.0309362462318448,-0.1751659524233158,0.2370384448870055,12.217,57.1
28113,1976-12-23 00:00:00,-0.0756546784842378,-0.2818890465272105,0.1305796895587348,12.217,57.1
28114,1976-12-24 00:00:00,-0.0226941942479918,-0.2284337225323546,0.183045334036371,12.217,57.1
28115,1976-12-25 00:00:00,-0.0020525778408712,-0.2099777870879262,0.2058726314061838,12.217,57.1
28116,1976-12-26 00:00:00,0.0353402262269858,-0.1795964246072475,0.2502768770612192,12.217,57.1
28117,1976-12-27 00:00:00,-0.0266998452554517,-0.2429183839881848,0.1895186934772812,12.217,57.1
28118,1976-12-28 00:00:00,0.2143310153382137,0.0065807776088458,0.4220812530675817,12.217,57.1
28119,1976-12-29 00:00:00,0.0755265266842281,-0.134610658589011,0.2856637119574673,12.217,57.1
28120,1976-12-30 00:00:00,0.1057658867575587,-0.1015816286390523,0.3131134021541698,12.217,57.1
28121,1976-12-31 00:00:00,0.1861544103300371,-0.020584219042942,0.3928930397030162,12.217,57.1
28122,1977-01-01 00:00:00,0.2513982812799743,0.0443130060512483,0.4584835565087003,12.217,57.1
28123,1977-01-02 00:00:00,0.3295715736218341,0.1223847955181407,0.5367583517255274,12.217,57.1
28124,1977-01-03 00:00:00,0.0488448988258757,-0.157575527055623,0.2552653247073746,12.217,57.1
28125,1977-01-04 00:00:00,-0.0688664709021537,-0.2745579420285734,0.136825000224266,12.217,57.1
28126,1977-01-05 00:00:00,0.0013381936648554,-0.2044786899448073,0.2071550772745182,12.217,57.1
28127,1977-01-06 00:00:00,0.1889407487838306,-0.0176568155192057,0.3955383130868669,12.217,57.1
28128,1977-01-07 00:00:00,0.180565242150101,-0.0259475173801955,0.3870780016803976,12.217,57.1
28129,1977-01-08 00:00:00,0.0478343674957599,-0.1585929470595928,0.2542616820511126,12.217,57.1
28130,1977-01-09 00:00:00,0.0110544244547901,-0.1949231096130306,0.217031958522611,12.217,57.1
28131,1977-01-10 00:00:00,0.1548258577346585,-0.0512593193259714,0.3609110347952884,12.217,57.1
28132,1977-01-11 00:00:00,0.1681911118178873,-0.0384783135718032,0.3748605372075779,12.217,57.1
28133,1977-01-12 00:00:00,0.1611508404266556,-0.0453990758331946,0.3677007566865059,12.217,57.1
28134,1977-01-13 00:00:00,0.0300009525883122,-0.1760119122358737,0.2360138174124982,12.217,57.1
28135,1977-01-14 00:00:00,0.0453325657931276,-0.1618783463583645,0.2525434779446198,12.217,57.1
28136,1977-01-15 00:00:00,0.0638960721708288,-0.1433390811272153,0.2711312254688731,12.217,57.1
28137,1977-01-16 00:00:00,0.0822967997748343,-0.1239466870945337,0.2885402866442025,12.217,57.1
28138,1977-01-17 00:00:00,-0.0494436359532477,-0.2550527090906416,0.1561654371841462,12.217,57.1
28139,1977-01-18 00:00:00,-0.0860802359495616,-0.2916247682574261,0.1194642963583028,12.217,57.1
28140,1977-01-19 00:00:00,-0.0155100309467245,-0.220990929984863,0.189970868091414,12.217,57.1
28141,1977-01-20 00:00:00,-0.00956407476977,-0.215067813415851,0.1959396638763108,12.217,57.1
28142,1977-01-21 00:00:00,-0.011468982871115,-0.2169517407790784,0.1940137750368482,12.217,57.1
28143,1977-01-22 00:00:00,0.0674407094277292,-0.1382092979387961,0.2730907167942547,12.217,57.1
28144,1977-01-23 00:00:00,0.124118898485872,-0.081818360301786,0.3300561572735302,12.217,57.1
28145,1977-01-24 00:00:00,0.0406323483693415,-0.1650495109588303,0.2463142076975135,12.217,57.1
28146,1977-01-25 00:00:00,0.0775203061544887,-0.128035197062213,0.2830758093711905,12.217,57.1
28147,1977-01-26 00:00:00,0.2751068894627997,0.0690354366329262,0.4811783422926731,12.217,57.1
28148,1977-01-27 00:00:00,0.3252532245182425,0.1178713119274373,0.5326351371090476,12.217,57.1
28149,1977-01-28 00:00:00,0.2208269056885045,0.0139836588208654,0.4276701525561437,12.217,57.1
28150,1977-01-29 00:00:00,0.1090639161511956,-0.0969302700124465,0.3150581023148377,12.217,57.1
28151,1977-01-30 00:00:00,0.0101364632598373,-0.1961389465297605,0.2164118730494351,12.217,57.1
28152,1977-01-31 00:00:00,0.0040402001770506,-0.2019510443094708,0.2100314446635721,12.217,57.1
28153,1977-02-01 00:00:00,0.0576727213262528,-0.14815632625508,0.2635017689075858,12.217,57.1
28154,1977-02-02 00:00:00,0.088081436279607,-0.1175845561904894,0.2937474287497034,12.217,57.1
28155,1977-02-03 00:00:00,0.1260755544434769,-0.0794571307912666,0.3316082396782205,12.217,57.1
28156,1977-02-04 00:00:00,0.23731496116243,0.0301085629013255,0.4445213594235344,12.217,57.1
28157,1977-02-05 00:00:00,0.2288840274235043,0.0217246687016109,0.4360433861453977,12.217,57.1
28158,1977-02-06 00:00:00,0.1351653289663118,-0.0703735674720019,0.3407042254046256,12.217,57.1
28159,1977-02-07 00:00:00,0.0685409159936111,-0.1370529507104597,0.2741347826976821,12.217,57.1
28160,1977-02-08 00:00:00,0.1877493231208386,-0.0184987037537359,0.3939973499954132,12.217,57.1
28161,1977-02-09 00:00:00,0.080072480493303,-0.1261741588685959,0.2863191198552018,12.217,57.1
28162,1977-02-10 00:00:00,0.0256173665061075,-0.1800974451226169,0.2313321781348321,12.217,57.1
28163,1977-02-11 00:00:00,0.0248563017665347,-0.1814852907421969,0.2311978942752663,12.217,57.1
28164,1977-02-12 00:00:00,0.073306085809374,-0.1330576960673786,0.2796698676861267,12.217,57.1
28165,1977-02-13 00:00:00,0.1932590654945931,-0.0143076114559755,0.4008257424451618,12.217,57.1
28166,1977-02-14 00:00:00,-0.0026794784654013,-0.2090143315170587,0.203655374586256,12.217,57.1
28167,1977-02-15 00:00:00,0.0109119774276493,-0.1945651966362661,0.2163891514915647,12.217,57.1
28168,1977-02-16 00:00:00,-0.0061557565283632,-0.2116467340488499,0.1993352209921233,12.217,57.1
28169,1977-02-17 00:00:00,-0.0013786659014553,-0.2068695252602854,0.2041121934573747,12.217,57.1
28170,1977-02-18 00:00:00,0.0402542931920149,-0.1652278830559488,0.2457364694399788,12.217,57.1
28171,1977-02-19 00:00:00,0.1388924665977866,-0.0673749062024025,0.3451598393979759,12.217,57.1
28172,1977-02-20 00:00:00,0.2967118956622634,0.0890000306631948,0.504423760661332,12.217,57.1
28173,1977-02-21 00:00:00,0.1209063347231504,-0.085556004912803,0.3273686743591039,12.217,57.1
28174,1977-02-22 00:00:00,0.0956432717967283,-0.1105648662174715,0.3018514098109283,12.217,57.1
28175,1977-02-23 00:00:00,0.0967212389015908,-0.1090356791351762,0.3024781569383579,12.217,57.1
28176,1977-02-24 00:00:00,-0.0147229150567018,-0.2202893934641744,0.1908435633507707,12.217,57.1
28177,1977-02-25 00:00:00,-0.005262000357931,-0.2108222407472632,0.2002982400314011,12.217,57.1
28178,1977-02-26 00:00:00,-0.0066103271025256,-0.2123682308973853,0.1991475766923341,12.217,57.1
28179,1977-02-27 00:00:00,-0.1067582544716864,-0.3125904798574764,0.0990739709141036,12.217,57.1
28180,1977-02-28 00:00:00,-0.0678743833988441,-0.273536105043381,0.1377873382456927,12.217,57.1
28181,1977-03-01 00:00:00,-0.0567620964181002,-0.2627315357663414,0.1492073429301408,12.217,57.1
28182,1977-03-02 00:00:00,0.0571611770587689,-0.1486255990260171,0.2629479531435551,12.217,57.1
28183,1977-03-03 00:00:00,0.0798863203803592,-0.1259773772349128,0.2857500179956312,12.217,57.1
28184,1977-03-04 00:00:00,0.3099524208952659,0.1031572013873101,0.5167476404032217,12.217,57.1
28185,1977-03-05 00:00:00,0.6309136282528293,0.4226027188718127,0.8392245376338459,12.217,57.1
28186,1977-03-06 00:00:00,0.219611670928687,0.0110264679224631,0.428196873934911,12.217,57.1
28187,1977-03-07 00:00:00,0.0365894537865579,-0.1693874338144133,0.2425663413875292,12.217,57.1
28188,1977-03-08 00:00:00,0.0599261964730908,-0.1460474878181641,0.2658998807643459,12.217,57.1
28189,1977-03-09 00:00:00,0.1087838335972083,-0.0972026234129841,0.3147702906074007,12.217,57.1
28190,1977-03-10 00:00:00,0.1329257498419765,-0.0727351339666695,0.3385866336506227,12.217,57.1
28191,1977-03-11 00:00:00,0.2146442632095037,0.0088676704792689,0.4204208559397385,12.217,57.1
28192,1977-03-12 00:00:00,0.1731352454164095,-0.0325909820583651,0.3788614728911841,12.217,57.1
28193,1977-03-13 00:00:00,0.0735430195082362,-0.1322651652749076,0.2793512042913801,12.217,57.1
28194,1977-03-14 00:00:00,0.0098145738651136,-0.1958147457185948,0.2154438934488221,12.217,57.1
28195,1977-03-15 00:00:00,0.0570403028610148,-0.1487631085457045,0.2628437142677342,12.217,57.1
28196,1977-03-16 00:00:00,0.053837065128614,-0.1519120739293519,0.25958620418658,12.217,57.1
28197,1977-03-17 00:00:00,0.1259882749413147,-0.0804893380190711,0.3324658879017007,12.217,57.1
28198,1977-03-18 00:00:00,0.1789913337424507,-0.0275564260652179,0.3855390935501194,12.217,57.1
28199,1977-03-19 00:00:00,0.0851134330101376,-0.1205872512742885,0.2908141172945637,12.217,57.1
28200,1977-03-20 00:00:00,0.0272843597461611,-0.1782710920772677,0.23283981156959,12.217,57.1
28201,1977-03-21 00:00:00,-0.0301927971222532,-0.2360203896519261,0.1756347954074196,12.217,57.1
28202,1977-03-22 00:00:00,-0.0471999038519409,-0.2528434331784932,0.1584436254746112,12.217,57.1
28203,1977-03-23 00:00:00,-0.0495827807762258,-0.2551478409909125,0.1559822794384607,12.217,57.1
28204,1977-03-24 00:00:00,-0.059631970126536,-0.2653287773478507,0.1460648370947786,12.217,57.1
28205,1977-03-25 00:00:00,0.0398011020035331,-0.1658786886901631,0.2454808926972294,12.217,57.1
28206,1977-03-26 00:00:00,0.1371660666820261,-0.0689578125415031,0.3432899459055555,12.217,57.1
28207,1977-03-27 00:00:00,0.076929788100606,-0.1291519690038632,0.2830115452050752,12.217,57.1
28208,1977-03-28 00:00:00,0.0726296419148766,-0.1337599761413504,0.2790192599711036,12.217,57.1
28209,1977-03-29 00:00:00,-0.0347644034614178,-0.2420587385353457,0.1725299316125101,12.217,57.1
28210,1977-03-30 00:00:00,-0.1291183956994778,-0.3356763653945744,0.0774395739956187,12.217,57.1
28211,1977-03-31 00:00:00,0.0124934134445485,-0.1934521611239211,0.2184389880130182,12.217,57.1
28212,1977-04-01 00:00:00,0.1286608208529888,-0.0781632157024398,0.3354848574084176,12.217,57.1
28213,1977-04-02 00:00:00,0.2952721242994609,0.0887048861417542,0.5018393624571675,12.217,57.1
28214,1977-04-03 00:00:00,0.4539945420485874,0.2470540820087397,0.6609350020884351,12.217,57.1
28215,1977-04-04 00:00:00,0.0843388667934513,-0.1218007995642564,0.290478533151159,12.217,57.1
28216,1977-04-05 00:00:00,0.0589088451271956,-0.1470442943827997,0.2648619846371911,12.217,57.1
28217,1977-04-06 00:00:00,0.2751966457760941,0.0689172495013946,0.4814760420507935,12.217,57.1
28218,1977-04-07 00:00:00,0.3736501556571335,0.1628322086290812,0.5844681026851858,12.217,57.1
28219,1977-04-08 00:00:00,0.2154337561669837,0.005104260035072,0.4257632522988954,12.217,57.1
28220,1977-04-09 00:00:00,0.0392115937383963,-0.1664340043032917,0.2448571917800843,12.217,57.1
28221,1977-04-10 00:00:00,-0.0114740119818687,-0.2171288866304548,0.1941808626667173,12.217,57.1
28222,1977-04-11 00:00:00,0.0223903532287044,-0.1850674704538031,0.2298481769112119,12.217,57.1
28223,1977-04-12 00:00:00,0.0241002402699948,-0.1827121025572187,0.2309125830972083,12.217,57.1
28224,1977-04-13 00:00:00,0.1422037469033032,-0.0635369448572593,0.3479444386638657,12.217,57.1
28225,1977-04-14 00:00:00,0.259217165328867,0.0535393830239741,0.4648949476337598,12.217,57.1
28226,1977-04-15 00:00:00,0.1636354216974559,-0.0420236231543813,0.3692944665492932,12.217,57.1
28227,1977-04-16 00:00:00,0.0078267250821743,-0.1977448629400911,0.2133983131044398,12.217,57.1
28228,1977-04-17 00:00:00,0.1414520442983977,-0.0645525541473859,0.3474566427441815,12.217,57.1
28229,1977-04-18 00:00:00,0.1292112184475944,-0.0784212148286073,0.3368436517237963,12.217,57.1
28230,1977-04-19 00:00:00,0.1650101069191193,-0.0418575683658318,0.3718777822040706,12.217,57.1
28231,1977-04-20 00:00:00,0.0254872345040713,-0.1801315611493122,0.2311060301574548,12.217,57.1
28232,1977-04-21 00:00:00,0.1856725627070281,-0.0202946020305239,0.3916397274445802,12.217,57.1
28233,1977-04-22 00:00:00,0.3154266386798364,0.1096639123502352,0.5211893650094377,12.217,57.1
28234,1977-04-23 00:00:00,0.2763493228835116,0.0703120153358064,0.4823866304312169,12.217,57.1
28235,1977-04-24 00:00:00,0.277246086025957,0.0714677879923155,0.4830243840595985,12.217,57.1
28236,1977-04-25 00:00:00,0.1003203191360008,-0.1056525091837377,0.3062931474557394,12.217,57.1
28237,1977-04-26 00:00:00,0.0992257614962966,-0.106674963440662,0.3051264864332554,12.217,57.1
28238,1977-04-27 00:00:00,0.1785679690443558,-0.0277491887296662,0.3848851268183779,12.217,57.1
28239,1977-04-28 00:00:00,0.244237062387267,0.0365704084395034,0.4519037163350305,12.217,57.1
28240,1977-04-29 00:00:00,0.071116313697999,-0.1352976693863962,0.2775302967823942,12.217,57.1
28241,1977-04-30 00:00:00,0.1876700280322935,-0.0187844683703022,0.3941245244348893,12.217,57.1
28242,1977-05-01 00:00:00,0.0392757383285532,-0.16642353231759,0.2449750089746964,12.217,57.1
28243,1977-05-02 00:00:00,-0.0143754502011275,-0.2205724062982223,0.1918215058959673,12.217,57.1
28244,1977-05-03 00:00:00,-0.0865497122961315,-0.2932938234296455,0.1201943988373823,12.217,57.1
28245,1977-05-04 00:00:00,-0.04878908952748,-0.2544765759042612,0.1568983968493011,12.217,57.1
28246,1977-05-05 00:00:00,0.0079026240788425,-0.1979181893861963,0.2137234375438814,12.217,57.1
28247,1977-05-06 00:00:00,0.1245663285085285,-0.0816147414594117,0.3307473984764689,12.217,57.1
28248,1977-05-07 00:00:00,0.0899177244852706,-0.1164327592330233,0.2962682082035647,12.217,57.1
28249,1977-05-08 00:00:00,0.0399577609080779,-0.165995088395687,0.2459106102118429,12.217,57.1
28250,1977-05-09 00:00:00,0.074289443547419,-0.1311828114552226,0.2797616985500607,12.217,57.1
28251,1977-05-10 00:00:00,0.0625747936945274,-0.143008150826519,0.2681577382155738,12.217,57.1
28252,1977-05-11 00:00:00,0.1353193317839828,-0.0702616542752146,0.3409003178431802,12.217,57.1
28253,1977-05-12 00:00:00,0.1931372894969999,-0.0130334972887295,0.3993080762827293,12.217,57.1
28254,1977-05-13 00:00:00,0.2336997276414098,0.0260381220050617,0.4413613332777578,12.217,57.1
28255,1977-05-14 00:00:00,0.1367914174618633,-0.069480018033015,0.3430628529567417,12.217,57.1
28256,1977-05-15 00:00:00,0.0610933087602256,-0.1445686196709814,0.2667552371914326,12.217,57.1
28257,1977-05-16 00:00:00,0.0376422098298175,-0.1678954492861044,0.2431798689457395,12.217,57.1
28258,1977-05-17 00:00:00,-0.0413787283737408,-0.2468808686766662,0.1641234119291846,12.217,57.1
28259,1977-05-18 00:00:00,-0.083184457330896,-0.2889704071581962,0.1226014924964042,12.217,57.1
28260,1977-05-19 00:00:00,-0.0697626081461032,-0.2752718623302968,0.1357466460380903,12.217,57.1
28261,1977-05-20 00:00:00,-0.0774929078324813,-0.2830243542767451,0.1280385386117823,12.217,57.1
28262,1977-05-21 00:00:00,-0.1117339353564252,-0.3175419935699007,0.0940741228570502,12.217,57.1
28263,1977-05-22 00:00:00,-0.0595907084239433,-0.2652874918192414,0.1461060749713547,12.217,57.1
28264,1977-05-23 00:00:00,-0.0530548508290869,-0.2585931270067547,0.1524834253485809,12.217,57.1
28265,1977-05-24 00:00:00,-0.0447286692554882,-0.2502744897411151,0.1608171512301385,12.217,57.1
28266,1977-05-25 00:00:00,0.046933521749063,-0.1590116019732715,0.2528786454713975,12.217,57.1
28267,1977-05-26 00:00:00,0.01906137168769,-0.1869818652659242,0.2251046086413042,12.217,57.1
28268,1977-05-27 00:00:00,-0.0407894616249797,-0.2464523890343576,0.1648734657843981,12.217,57.1
28269,1977-05-28 00:00:00,0.0119872041399232,-0.193642986174036,0.2176173944538824,12.217,57.1
28270,1977-05-29 00:00:00,0.1004880560978051,-0.1054832357945972,0.3064593479902076,12.217,57.1
28271,1977-05-30 00:00:00,0.0562306340306436,-0.1501770072350397,0.262638275296327,12.217,57.1
28272,1977-05-31 00:00:00,-0.0065329941970027,-0.2122971584096993,0.1992311700156938,12.217,57.1
28273,1977-06-01 00:00:00,-0.0295837569365244,-0.2351203566060219,0.175952842732973,12.217,57.1
28274,1977-06-02 00:00:00,-0.0249486154652557,-0.230558747097863,0.1806615161673516,12.217,57.1
28275,1977-06-03 00:00:00,-0.0047978001097422,-0.2103599417139941,0.2007643414945096,12.217,57.1
28276,1977-06-04 00:00:00,0.0589430931376403,-0.1469040201239481,0.2647902063992289,12.217,57.1
28277,1977-06-05 00:00:00,0.2012332539700543,-0.005055370727774,0.4075218786678827,12.217,57.1
28278,1977-06-06 00:00:00,0.3457354540769871,0.1390910674900039,0.5523798406639703,12.217,57.1
28279,1977-06-07 00:00:00,0.3076416971634038,0.1001893630680407,0.515094031258767,12.217,57.1
28280,1977-06-08 00:00:00,0.2855389541022293,0.0786692863143974,0.4924086218900612,12.217,57.1
28281,1977-06-09 00:00:00,0.1385986339528124,-0.0679548475731671,0.3451521154787921,12.217,57.1
28282,1977-06-10 00:00:00,0.0332297511621993,-0.1728205674146405,0.2392800697390391,12.217,57.1
28283,1977-06-11 00:00:00,0.0938983571825108,-0.1120756435235151,0.2998723578885367,12.217,57.1
28284,1977-06-12 00:00:00,-0.0231138825690863,-0.228995239863147,0.1827674747249743,12.217,57.1
28285,1977-06-13 00:00:00,-0.034983921832434,-0.2407256530712968,0.1707578094064288,12.217,57.1
28286,1977-06-14 00:00:00,0.016406738371024,-0.1892405946514798,0.2220540713935281,12.217,57.1
28287,1977-06-15 00:00:00,-0.0213683939866212,-0.2269001268287759,0.1841633388555333,12.217,57.1
28288,1977-06-16 00:00:00,-0.0061647243405237,-0.2116358310389153,0.1993063823578679,12.217,57.1
28289,1977-06-17 00:00:00,-0.0077603433689755,-0.2134383202036209,0.1979176334656697,12.217,57.1
28290,1977-06-18 00:00:00,0.0025409832871038,-0.2029199236641938,0.2080018902384014,12.217,57.1
28291,1977-06-19 00:00:00,0.04809551904354,-0.1573476270114088,0.253538665098489,12.217,57.1
28292,1977-06-20 00:00:00,0.0684156044256672,-0.1374690551557346,0.2743002640070691,12.217,57.1
28293,1977-06-21 00:00:00,0.0197825503727853,-0.1864236938277294,0.2259887945733,12.217,57.1
28294,1977-06-22 00:00:00,0.0069380305791371,-0.1985774933337842,0.2124535544920584,12.217,57.1
28295,1977-06-23 00:00:00,0.0020823951582234,-0.2036270872223402,0.2077918775387872,12.217,57.1
28296,1977-06-24 00:00:00,0.0703088178084221,-0.1352592596513391,0.2758768952681834,12.217,57.1
28297,1977-06-25 00:00:00,0.0950565281411657,-0.1105960571755942,0.3007091134579256,12.217,57.1
28298,1977-06-26 00:00:00,0.1679866362132712,-0.0376419530058767,0.3736152254324193,12.217,57.1
28299,1977-06-27 00:00:00,0.2210709280171522,0.0152761513396387,0.4268657046946656,12.217,57.1
28300,1977-06-28 00:00:00,0.228627786585958,0.0225799078874736,0.4346756652844423,12.217,57.1
28301,1977-06-29 00:00:00,0.1413376910867895,-0.0642456312828557,0.3469210134564349,12.217,57.1
28302,1977-06-30 00:00:00,0.0961455543135885,-0.1096069950172165,0.3018981036443937,12.217,57.1
28303,1977-07-01 00:00:00,0.1300009708399854,-0.0760846604742141,0.3360866021541849,12.217,57.1
28304,1977-07-02 00:00:00,0.2173426837651118,0.0111681318746083,0.4235172356556153,12.217,57.1
28305,1977-07-03 00:00:00,0.2447792456602555,0.0369202076039597,0.4526382837165512,12.217,57.1
28306,1977-07-04 00:00:00,0.0636213497036394,-0.1425846712409453,0.2698273706482241,12.217,57.1
28307,1977-07-05 00:00:00,0.0288376540533635,-0.1774735440006363,0.2351488521073634,12.217,57.1
28308,1977-07-06 00:00:00,0.0025257202609705,-0.2032774967234697,0.2083289372454107,12.217,57.1
28309,1977-07-07 00:00:00,-0.0129034338924326,-0.2190842725548919,0.1932774047700265,12.217,57.1
28310,1977-07-08 00:00:00,-0.0680571375835922,-0.2743548300892132,0.1382405549220286,12.217,57.1
28311,1977-07-09 00:00:00,-0.0604153212528274,-0.2673090003451175,0.1464783578394626,12.217,57.1
28312,1977-07-10 00:00:00,-0.0666560174121299,-0.2724498247812089,0.1391377899569489,12.217,57.1
28313,1977-07-11 00:00:00,-0.0133444407622879,-0.2189865972001956,0.1922977156756197,12.217,57.1
28314,1977-07-12 00:00:00,0.0492443681034561,-0.1564112962199033,0.2549000324268157,12.217,57.1
28315,1977-07-13 00:00:00,0.0736499645051567,-0.1318926352302975,0.279192564240611,12.217,57.1
28316,1977-07-14 00:00:00,0.0864875625038391,-0.1195393953856239,0.2925145203933023,12.217,57.1
28317,1977-07-15 00:00:00,0.1223068118485446,-0.084117769938645,0.3287313936357343,12.217,57.1
28318,1977-07-16 00:00:00,0.1133982628749751,-0.0931602698550347,0.319956795604985,12.217,57.1
28319,1977-07-17 00:00:00,0.190385463385041,-0.0158448704126498,0.3966157971827319,12.217,57.1
28320,1977-07-18 00:00:00,0.3093299381894553,0.1034102790881701,0.5152495972907405,12.217,57.1
28321,1977-07-19 00:00:00,0.2758381668618072,0.0695956029657578,0.4820807307578565,12.217,57.1
28322,1977-07-20 00:00:00,0.2994255730248615,0.0933843915316532,0.5054667545180698,12.217,57.1
28323,1977-07-21 00:00:00,0.1672993594636402,-0.0386164015002321,0.3732151204275126,12.217,57.1
28324,1977-07-22 00:00:00,0.1713383696153492,-0.0342890806120466,0.3769658198427451,12.217,57.1
28325,1977-07-23 00:00:00,0.1266548426960093,-0.0788961855128192,0.332205870904838,12.217,57.1
28326,1977-07-24 00:00:00,0.156120104251071,-0.0497381620716281,0.3619783705737702,12.217,57.1
28327,1977-07-25 00:00:00,0.451464208818422,0.2450236842962797,0.6579047333405642,12.217,57.1
28328,1977-07-26 00:00:00,0.2390064989806136,0.0328738784467532,0.445139119514474,12.217,57.1
28329,1977-07-27 00:00:00,0.1311937743669441,-0.0745469844230631,0.3369345331569515,12.217,57.1
28330,1977-07-28 00:00:00,0.1319760261419909,-0.0736865400036279,0.3376385922876098,12.217,57.1
28331,1977-07-29 00:00:00,0.0510222043278213,-0.154479696544175,0.2565241051998177,12.217,57.1
28332,1977-07-30 00:00:00,0.0017382392753923,-0.2036617627170118,0.2071382412677965,12.217,57.1
28333,1977-07-31 00:00:00,0.0369767436458737,-0.168502574514769,0.2424560618065166,12.217,57.1
28334,1977-08-01 00:00:00,-0.0032647459580917,-0.2087795158299858,0.2022500239138022,12.217,57.1
28335,1977-08-02 00:00:00,0.0008190794305886,-0.2047389358354384,0.2063770946966156,12.217,57.1
28336,1977-08-03 00:00:00,0.0303892174100839,-0.1753763847304312,0.2361548195505991,12.217,57.1
28337,1977-08-04 00:00:00,-0.0056155911057381,-0.2114305154577965,0.2001993332463202,12.217,57.1
28338,1977-08-05 00:00:00,0.0932478171430524,-0.1124596779261498,0.2989553122122546,12.217,57.1
28339,1977-08-06 00:00:00,0.154345271521038,-0.0516093824162603,0.3602999254583364,12.217,57.1
28340,1977-08-07 00:00:00,0.0096388986380189,-0.1964840974822476,0.2157618947582855,12.217,57.1
28341,1977-08-08 00:00:00,-0.0029183497142431,-0.2084403170199056,0.2026036175914193,12.217,57.1
28342,1977-08-09 00:00:00,0.0172075070830785,-0.1883067090596368,0.222721723225794,12.217,57.1
28343,1977-08-10 00:00:00,-0.0338157019196845,-0.2392802413409634,0.1716488375015945,12.217,57.1
28344,1977-08-11 00:00:00,-0.0501855505080421,-0.2556193139794578,0.1552482129633735,12.217,57.1
28345,1977-08-12 00:00:00,-0.0489531392424323,-0.2546548065941982,0.1567485281093335,12.217,57.1
28346,1977-08-13 00:00:00,-0.0693171549621484,-0.2753542785744605,0.1367199686501636,12.217,57.1
28347,1977-08-14 00:00:00,-0.0436761592607201,-0.2493245880348776,0.1619722695134373,12.217,57.1
28348,1977-08-15 00:00:00,-0.0753076816916348,-0.2808419078285659,0.1302265444452962,12.217,57.1
28349,1977-08-16 00:00:00,-0.0824897880820939,-0.2880487836382762,0.1230692074740884,12.217,57.1
28350,1977-08-17 00:00:00,-0.0451453449797865,-0.2506698657960056,0.1603791758364325,12.217,57.1
28351,1977-08-18 00:00:00,0.0056755676084916,-0.1998029377119019,0.2111540729288852,12.217,57.1
28352,1977-08-19 00:00:00,0.0549009513826888,-0.1509328541207334,0.2607347568861111,12.217,57.1
28353,1977-08-20 00:00:00,-0.003380324950093,-0.2093306792466171,0.2025700293464311,12.217,57.1
28354,1977-08-21 00:00:00,0.0033009694945592,-0.2022858712124078,0.2088878102015263,12.217,57.1
28355,1977-08-22 00:00:00,0.031920750401438,-0.1736086096249186,0.2374501104277946,12.217,57.1
28356,1977-08-23 00:00:00,0.041583617493101,-0.1640712070518348,0.2472384420380369,12.217,57.1
28357,1977-08-24 00:00:00,0.034106854239765,-0.1715115863444422,0.2397252948239724,12.217,57.1
28358,1977-08-25 00:00:00,0.0792034780734376,-0.1262537165152898,0.284660672662165,12.217,57.1
28359,1977-08-26 00:00:00,0.2318550580376059,0.0260832278072679,0.4376268882679439,12.217,57.1
28360,1977-08-27 00:00:00,0.1521871367100497,-0.0535322879165126,0.3579065613366121,12.217,57.1
28361,1977-08-28 00:00:00,0.0727943419548863,-0.1328110120612113,0.278399695970984,12.217,57.1
28362,1977-08-29 00:00:00,0.0234828597592412,-0.1822073498984826,0.2291730694169651,12.217,57.1
28363,1977-08-30 00:00:00,0.128051147876507,-0.077912923118968,0.3340152188719821,12.217,57.1
28364,1977-08-31 00:00:00,0.0894234687711378,-0.1164620870669679,0.2953090246092437,12.217,57.1
28365,1977-09-01 00:00:00,0.0881747093107221,-0.1174756120910177,0.2938250307124619,12.217,57.1
28366,1977-09-02 00:00:00,0.0831250224406636,-0.1226588127888795,0.2889088576702069,12.217,57.1
28367,1977-09-03 00:00:00,0.0876118468608594,-0.1191533494100591,0.2943770431317781,12.217,57.1
28368,1977-09-04 00:00:00,0.060328200737093,-0.1453726978871151,0.2660290993613012,12.217,57.1
28369,1977-09-05 00:00:00,0.074279763763704,-0.1317289288027361,0.2802884563301442,12.217,57.1
28370,1977-09-06 00:00:00,0.1935331254875602,-0.0135130665964316,0.4005793175715522,12.217,57.1
28371,1977-09-07 00:00:00,0.4305619709385423,0.2215378137538596,0.6395861281232251,12.217,57.1
28372,1977-09-08 00:00:00,0.1770402941374788,-0.0321363238266295,0.3862169121015871,12.217,57.1
28373,1977-09-09 00:00:00,0.1109100775162711,-0.0946696485898617,0.3164898036224041,12.217,57.1
28374,1977-09-10 00:00:00,0.1696080992875889,-0.0362924227428344,0.3755086213180124,12.217,57.1
28375,1977-09-11 00:00:00,0.1469867301789624,-0.059222915767545,0.3531963761254698,12.217,57.1
28376,1977-09-12 00:00:00,0.1781901350494809,-0.0277640366479582,0.38414430674692,12.217,57.1
28377,1977-09-13 00:00:00,0.199328663220025,-0.0106878165125961,0.4093451429526461,12.217,57.1
28378,1977-09-14 00:00:00,-0.0335109245800381,-0.2400724982463646,0.1730506490862882,12.217,57.1
28379,1977-09-15 00:00:00,0.5110373124380236,0.3017928030050447,0.7202818218710025,12.217,57.1
28380,1977-09-16 00:00:00,0.2791631913397704,0.070379431162328,0.4879469515172128,12.217,57.1
28381,1977-09-17 00:00:00,0.0923353232695196,-0.1173157892484407,0.3019864357874801,12.217,57.1
28382,1977-09-18 00:00:00,-0.036246846141361,-0.2428007448702154,0.1703070525874934,12.217,57.1
28383,1977-09-19 00:00:00,-0.063429940805908,-0.269028577699191,0.1421686960873748,12.217,57.1
28384,1977-09-20 00:00:00,-0.0420383506767539,-0.2475051645667207,0.1634284632132129,12.217,57.1
28385,1977-09-21 00:00:00,-0.0207802434869916,-0.2263438483906025,0.1847833614166192,12.217,57.1
28386,1977-09-22 00:00:00,-0.0113299222409356,-0.2167976190076177,0.1941377745257465,12.217,57.1
28387,1977-09-23 00:00:00,-0.0345490345083727,-0.2399730733833731,0.1708750043666276,12.217,57.1
28388,1977-09-24 00:00:00,-0.0231666566079278,-0.2286167328431641,0.1822834196273084,12.217,57.1
28389,1977-09-25 00:00:00,-0.0222692605979864,-0.2277454878848741,0.1832069666889012,12.217,57.1
28390,1977-09-26 00:00:00,-0.0026302298491338,-0.2081592423991808,0.2028987827009132,12.217,57.1
28391,1977-09-27 00:00:00,-0.0189438281816896,-0.2244733563309081,0.1865856999675288,12.217,57.1
28392,1977-09-28 00:00:00,0.0078540459884351,-0.1977969420960138,0.213505034072884,12.217,57.1
28393,1977-09-29 00:00:00,0.2349117106517295,0.0259417853681672,0.4438816359352919,12.217,57.1
28394,1977-09-30 00:00:00,0.3601270171209159,0.1487711972323169,0.571482837009515,12.217,57.1
28395,1977-10-01 00:00:00,0.4356133288530105,0.2267992503296985,0.6444274073763224,12.217,57.1
28396,1977-10-02 00:00:00,0.5802292279703459,0.3706406716880848,0.7898177842526071,12.217,57.1
28397,1977-10-03 00:00:00,0.2091546938038819,0.0003068174473973,0.4180025701603665,12.217,57.1
28398,1977-10-04 00:00:00,0.0860112279297907,-0.1200884839991404,0.292110939858722,12.217,57.1
28399,1977-10-05 00:00:00,0.3245927588258422,0.1175200904524775,0.5316654271992068,12.217,57.1
28400,1977-10-06 00:00:00,0.1756586983100197,-0.0316468943955727,0.3829642910156122,12.217,57.1
28401,1977-10-07 00:00:00,0.0367577127541197,-0.1690566442958574,0.2425720698040969,12.217,57.1
28402,1977-10-08 00:00:00,0.0963304253297221,-0.1097338060434273,0.3023946567028717,12.217,57.1
28403,1977-10-09 00:00:00,0.1692559217250421,-0.0372622776218571,0.3757741210719414,12.217,57.1
28404,1977-10-10 00:00:00,0.0600872846090405,-0.1464376218574943,0.2666121910755754,12.217,57.1
28405,1977-10-11 00:00:00,0.0928779791470167,-0.1125932522428375,0.2983492105368711,12.217,57.1
28406,1977-10-12 00:00:00,0.0524074192847821,-0.1531099376108395,0.2579247761804039,12.217,57.1
28407,1977-10-13 00:00:00,0.1533122571320657,-0.0523740087978567,0.3589985230619881,12.217,57.1
28408,1977-10-14 00:00:00,0.0356434069813993,-0.1706178378727548,0.2419046518355534,12.217,57.1
28409,1977-10-15 00:00:00,0.0111993926240673,-0.1944165278141681,0.2168153130623028,12.217,57.1
28410,1977-10-16 00:00:00,0.0036818488218928,-0.2018773507572402,0.2092410484010259,12.217,57.1
28411,1977-10-17 00:00:00,0.0136584900597353,-0.1918585620921524,0.2191755422116232,12.217,57.1
28412,1977-10-18 00:00:00,0.019704157338125,-0.1857410077231775,0.2251493223994276,12.217,57.1
28413,1977-10-19 00:00:00,0.026410704145555,-0.1790795484256506,0.2319009567167606,12.217,57.1
28414,1977-10-20 00:00:00,0.0200235844196403,-0.1854407308790981,0.2254878997183787,12.217,57.1
28415,1977-10-21 00:00:00,0.0707360459284349,-0.1347535054700371,0.2762255973269071,12.217,57.1
28416,1977-10-22 00:00:00,0.0936709832685536,-0.1118557235436326,0.29919769008074,12.217,57.1
28417,1977-10-23 00:00:00,0.0663704049174698,-0.1391130129935615,0.2718538228285012,12.217,57.1
28418,1977-10-24 00:00:00,0.0976184756859426,-0.1079673917650744,0.3032043431369597,12.217,57.1
28419,1977-10-25 00:00:00,0.1675107158531909,-0.0382258757513163,0.3732473074576982,12.217,57.1
28420,1977-10-26 00:00:00,0.0655864416312265,-0.1401114295153347,0.2712843127777878,12.217,57.1
28421,1977-10-27 00:00:00,0.0756017037515926,-0.1299548260098229,0.2811582335130083,12.217,57.1
28422,1977-10-28 00:00:00,0.1274461819657137,-0.0781343565340804,0.3330267204655078,12.217,57.1
28423,1977-10-29 00:00:00,0.2822792290015898,0.0756528345843043,0.4889056234188754,12.217,57.1
28424,1977-10-30 00:00:00,0.0670147338806061,-0.1399277565015213,0.2739572242627336,12.217,57.1
28425,1977-10-31 00:00:00,0.1192486062624677,-0.0869664566734678,0.3254636691984033,12.217,57.1
28426,1977-11-01 00:00:00,0.2905415909220266,0.0829063849843175,0.4981767968597356,12.217,57.1
28427,1977-11-02 00:00:00,0.1862253452685971,-0.0207183381814742,0.3931690287186685,12.217,57.1
28428,1977-11-03 00:00:00,0.2472854168800776,0.0397691077468742,0.454801726013281,12.217,57.1
28429,1977-11-04 00:00:00,0.2788426315908663,0.07073535209856,0.4869499110831725,12.217,57.1
28430,1977-11-05 00:00:00,0.4014819803348384,0.1953554437994729,0.6076085168702039,12.217,57.1
28431,1977-11-06 00:00:00,0.2078562037692861,0.0012843251988738,0.4144280823396983,12.217,57.1
28432,1977-11-07 00:00:00,0.2675089495764592,0.0606775965223533,0.4743403026305652,12.217,57.1
28433,1977-11-08 00:00:00,0.2856541368305138,0.0792156849304711,0.4920925887305565,12.217,57.1
28434,1977-11-09 00:00:00,0.4056090463109575,0.1959090044911164,0.6153090881307987,12.217,57.1
28435,1977-11-10 00:00:00,0.2655040851747623,0.0576125150430605,0.473395655306464,12.217,57.1
28436,1977-11-11 00:00:00,0.1540574078705468,-0.0520630790880839,0.3601778948291776,12.217,57.1
28437,1977-11-12 00:00:00,0.4017150885908079,0.1950868898124836,0.6083432873691322,12.217,57.1
28438,1977-11-13 00:00:00,0.8372051557760433,0.6257473887518685,1.048662922800218,12.217,57.1
28439,1977-11-14 00:00:00,0.3795510476175509,0.1704432015520161,0.5886588936830857,12.217,57.1
28440,1977-11-15 00:00:00,0.4627793672973083,0.2547044562773793,0.6708542783172373,12.217,57.1
28441,1977-11-16 00:00:00,0.362202345911631,0.1545711748259891,0.5698335169972729,12.217,57.1
28442,1977-11-17 00:00:00,0.1707088515873118,-0.0356859706952792,0.3771036738699028,12.217,57.1
28443,1977-11-18 00:00:00,0.0766720876624061,-0.1291918313403454,0.2825360066651576,12.217,57.1
28444,1977-11-19 00:00:00,0.1063541412709789,-0.0996229956077058,0.3123312781496637,12.217,57.1
28445,1977-11-20 00:00:00,0.3357216857513546,0.1278889857998505,0.5435543857028586,12.217,57.1
28446,1977-11-21 00:00:00,0.4382702119717551,0.2293396302090492,0.6472007937344609,12.217,57.1
28447,1977-11-22 00:00:00,0.2172013240658402,0.0100773687731728,0.4243252793585077,12.217,57.1
28448,1977-11-23 00:00:00,0.1122609882148555,-0.0941333554189073,0.3186553318486185,12.217,57.1
28449,1977-11-24 00:00:00,0.2702696346502387,0.0628461499066165,0.4776931193938609,12.217,57.1
28450,1977-11-25 00:00:00,0.1952713612800969,-0.0130803937227975,0.4036231162829914,12.217,57.1
28451,1977-11-26 00:00:00,-0.0338301515128587,-0.2430069381491419,0.1753466351234244,12.217,57.1
28452,1977-11-27 00:00:00,-0.1341310525226647,-0.3412246569315403,0.0729625518862108,12.217,57.1
28453,1977-11-28 00:00:00,-0.1253346187528387,-0.3316887800962783,0.0810195425906009,12.217,57.1
28454,1977-11-29 00:00:00,-0.0954528587140113,-0.3014407766211874,0.1105350591931648,12.217,57.1
28455,1977-11-30 00:00:00,0.0210334012665274,-0.1846246450952766,0.2266914476283315,12.217,57.1
28456,1977-12-01 00:00:00,-0.0388874364711604,-0.2445643290940067,0.1667894561516858,12.217,57.1
28457,1977-12-02 00:00:00,-0.0882407895012009,-0.293856701609244,0.117375122606842,12.217,57.1
28458,1977-12-03 00:00:00,-0.1281974068750596,-0.3337897859920932,0.0773949722419738,12.217,57.1
28459,1977-12-04 00:00:00,-0.1505520612508777,-0.3561822027086341,0.0550780802068787,12.217,57.1
28460,1977-12-05 00:00:00,-0.1032074485316637,-0.3087368962424194,0.102321999179092,12.217,57.1
28461,1977-12-06 00:00:00,-0.047202966734945,-0.2529994105208004,0.1585934770509103,12.217,57.1
28462,1977-12-07 00:00:00,0.0642786360043982,-0.1422611556504884,0.270818427659285,12.217,57.1
28463,1977-12-08 00:00:00,0.1016015018430744,-0.1062688244498533,0.3094718281360022,12.217,57.1
28464,1977-12-09 00:00:00,0.0822734114608125,-0.1258945964247254,0.2904414193463504,12.217,57.1
28465,1977-12-10 00:00:00,0.0312226677805656,-0.1753058793227334,0.2377512148838647,12.217,57.1
28466,1977-12-11 00:00:00,0.0113024002750494,-0.1953413161486059,0.2179461166987049,12.217,57.1
28467,1977-12-12 00:00:00,0.1811588376567944,-0.0270197324742964,0.3893374077878853,12.217,57.1
28468,1977-12-13 00:00:00,0.1562464876649412,-0.0515004982032619,0.3639934735331444,12.217,57.1
28469,1977-12-14 00:00:00,0.1773567620435705,-0.0284392862465854,0.3831528103337265,12.217,57.1
28470,1977-12-15 00:00:00,0.0520975669545407,-0.1537749309760519,0.2579700648851335,12.217,57.1
28471,1977-12-16 00:00:00,-0.0112733302329662,-0.2172710712178825,0.1947244107519499,12.217,57.1
28472,1977-12-17 00:00:00,0.0737968966561504,-0.1321565866920932,0.2797503800043941,12.217,57.1
28473,1977-12-18 00:00:00,0.0724247916019261,-0.1335742355157657,0.2784238187196181,12.217,57.1
28474,1977-12-19 00:00:00,0.0743759668402696,-0.1315542087913808,0.2803061424719201,12.217,57.1
28475,1977-12-20 00:00:00,0.1415805053365798,-0.0643125897461394,0.347473600419299,12.217,57.1
28476,1977-12-21 00:00:00,-0.0429568501949629,-0.2487923737441517,0.1628786733542257,12.217,57.1
28477,1977-12-22 00:00:00,0.0229760977799204,-0.1827079127741387,0.2286601083339797,12.217,57.1
28478,1977-12-23 00:00:00,0.0721672279950249,-0.1335747227000383,0.2779091786900882,12.217,57.1
28479,1977-12-24 00:00:00,0.188097097818351,-0.0181884129893135,0.3943826086260156,12.217,57.1
28480,1977-12-25 00:00:00,0.8154226821114361,0.6028404834015433,1.028004880821329,12.217,57.1
28481,1977-12-26 00:00:00,0.1535831754081449,-0.056868153434975,0.3640345042512649,12.217,57.1
28482,1977-12-27 00:00:00,0.1859686213176472,-0.0196514826169015,0.391588725252196,12.217,57.1
28483,1977-12-28 00:00:00,0.250313724279784,0.0430972258413469,0.4575302227182212,12.217,57.1
28484,1977-12-29 00:00:00,0.0052540098129813,-0.2034069700350121,0.2139149896609749,12.217,57.1
28485,1977-12-30 00:00:00,0.3192673962496893,0.1125944828692636,0.5259403096301152,12.217,57.1
28486,1977-12-31 00:00:00,0.2514954658362565,0.0451794906384772,0.4578114410340357,12.217,57.1
28487,1978-01-01 00:00:00,0.0370218568516869,-0.1703866348864904,0.2444303485898643,12.217,57.1
28488,1978-01-02 00:00:00,0.5757287478303516,0.3674685247757991,0.7839889708849039,12.217,57.1
28489,1978-01-03 00:00:00,0.3339916067689727,0.1261924252853315,0.541790788252614,12.217,57.1
28490,1978-01-04 00:00:00,0.1778058469921477,-0.0293584817302555,0.3849701757145511,12.217,57.1
28491,1978-01-05 00:00:00,-0.0628488921629558,-0.2707681725446533,0.1450703882187417,12.217,57.1
28492,1978-01-06 00:00:00,0.1887270997132699,-0.0200809529616792,0.397535152388219,12.217,57.1
28493,1978-01-07 00:00:00,0.1637857021235626,-0.0425147318766552,0.3700861361237805,12.217,57.1
28494,1978-01-08 00:00:00,0.2081007957375979,0.0023163608758209,0.413885230599375,12.217,57.1
28495,1978-01-09 00:00:00,0.0517562542453081,-0.1540207132957923,0.2575332217864086,12.217,57.1
28496,1978-01-10 00:00:00,0.2276111581864242,0.0213356912463283,0.4338866251265201,12.217,57.1
28497,1978-01-11 00:00:00,0.3628423874271905,0.1557765242758452,0.5699082505785359,12.217,57.1
28498,1978-01-12 00:00:00,0.1394089935784174,-0.0674998819711002,0.3463178691279351,12.217,57.1
28499,1978-01-13 00:00:00,-0.0959333562508588,-0.3029003185038011,0.1110336060020834,12.217,57.1
28500,1978-01-14 00:00:00,0.0763137898485297,-0.1304047150321563,0.2830322947292157,12.217,57.1
28501,1978-01-15 00:00:00,0.0216488423696326,-0.1842521654426435,0.2275498501819087,12.217,57.1
28502,1978-01-16 00:00:00,0.0871733415133159,-0.1185464606227412,0.2928931436493732,12.217,57.1
28503,1978-01-17 00:00:00,0.1791632982278932,-0.0267847768067892,0.3851113732625757,12.217,57.1
28504,1978-01-18 00:00:00,0.1498351988202892,-0.0560497902717906,0.3557201879123692,12.217,57.1
28505,1978-01-19 00:00:00,0.1425676990432946,-0.0636135467144516,0.3487489448010409,12.217,57.1
28506,1978-01-20 00:00:00,0.0963469928578601,-0.1103813019288703,0.3030752876445906,12.217,57.1
28507,1978-01-21 00:00:00,0.1188166234858457,-0.0873805621526715,0.3250138091243632,12.217,57.1
28508,1978-01-22 00:00:00,0.0778455876238046,-0.1276388116214494,0.2833299868690588,12.217,57.1
28509,1978-01-23 00:00:00,0.0629707286794152,-0.1425162125265311,0.2684576698853616,12.217,57.1
28510,1978-01-24 00:00:00,0.1526839663153625,-0.0528257284832258,0.3581936611139509,12.217,57.1
28511,1978-01-25 00:00:00,0.2103510456492646,0.0037951435625709,0.4169069477359582,12.217,57.1
28512,1978-01-26 00:00:00,0.0523193322124428,-0.1540833868763854,0.2587220513012711,12.217,57.1
28513,1978-01-27 00:00:00,0.0489405159091747,-0.1569439143428021,0.2548249461611515,12.217,57.1
28514,1978-01-28 00:00:00,0.1898273083442504,-0.015936925439182,0.3955915421276829,12.217,57.1
28515,1978-01-29 00:00:00,0.2764336334136068,0.0699553193584613,0.4829119474687523,12.217,57.1
28516,1978-01-30 00:00:00,0.1506180294984763,-0.0554794316581697,0.3567154906551223,12.217,57.1
28517,1978-01-31 00:00:00,0.1739762143129144,-0.0331002993212336,0.3810527279470625,12.217,57.1
28518,1978-02-01 00:00:00,0.07844033902403,-0.1278065873134049,0.284687265361465,12.217,57.1
28519,1978-02-02 00:00:00,0.0635440763401972,-0.1422408608002142,0.2693290134806088,12.217,57.1
28520,1978-02-03 00:00:00,-0.089883133693592,-0.2961819507301753,0.1164156833429913,12.217,57.1
28521,1978-02-04 00:00:00,-0.1056857806605996,-0.3117218026452295,0.1003502413240302,12.217,57.1
28522,1978-02-05 00:00:00,-0.0376132808666019,-0.2433162902751392,0.1680897285419353,12.217,57.1
28523,1978-02-06 00:00:00,-0.0162885811647083,-0.221789306763298,0.1892121444338812,12.217,57.1
28524,1978-02-07 00:00:00,-0.0697643555663561,-0.2752469313542917,0.1357182202215794,12.217,57.1
28525,1978-02-08 00:00:00,-0.1093620855604384,-0.3148821826099756,0.0961580114890987,12.217,57.1
28526,1978-02-09 00:00:00,-0.1083808767973254,-0.3140291831028493,0.0972674295081984,12.217,57.1
28527,1978-02-10 00:00:00,-0.0805480327918503,-0.2862902634648076,0.1251941978811069,12.217,57.1
28528,1978-02-11 00:00:00,-0.0563982059825072,-0.2622483442539195,0.149451932288905,12.217,57.1
28529,1978-02-12 00:00:00,-0.0619477604417149,-0.2683887401650278,0.1444932192815979,12.217,57.1
28530,1978-02-13 00:00:00,0.0922448595883212,-0.1149936728604106,0.2994833920370532,12.217,57.1
28531,1978-02-14 00:00:00,0.0843908562069189,-0.1219138968228977,0.2906956092367356,12.217,57.1
28532,1978-02-15 00:00:00,-0.0349196893509287,-0.2412951331713476,0.1714557544694901,12.217,57.1
28533,1978-02-16 00:00:00,0.007607972829831,-0.1980355008522605,0.2132514465119226,12.217,57.1
28534,1978-02-17 00:00:00,0.0532572774316852,-0.1524829678429218,0.2589975227062923,12.217,57.1
28535,1978-02-18 00:00:00,0.0708952161202437,-0.1352046858982835,0.276995118138771,12.217,57.1
28536,1978-02-19 00:00:00,-0.0479438110905073,-0.2539590423941105,0.1580714202130958,12.217,57.1
28537,1978-02-20 00:00:00,0.0096555940161024,-0.1959454382084694,0.2152566262406743,12.217,57.1
28538,1978-02-21 00:00:00,0.1592694807106822,-0.0470537013986634,0.3655926628200279,12.217,57.1
28539,1978-02-22 00:00:00,0.1467511029230636,-0.0593283494353752,0.3528305552815025,12.217,57.1
28540,1978-02-23 00:00:00,0.0027456441380067,-0.2031184522141451,0.2086097404901586,12.217,57.1
28541,1978-02-24 00:00:00,0.0024014172116202,-0.2049988027335347,0.2098016371567751,12.217,57.1
28542,1978-02-25 00:00:00,0.222025870825495,0.01439422501888,0.4296575166321099,12.217,57.1
28543,1978-02-26 00:00:00,0.2129427880556001,0.0073011009588856,0.4185844751523147,12.217,57.1
28544,1978-02-27 00:00:00,0.1972309241568487,-0.0084721513794388,0.4029339996931362,12.217,57.1
28545,1978-02-28 00:00:00,0.1446158141926009,-0.0609770541830236,0.3502086825682254,12.217,57.1
28546,1978-03-01 00:00:00,0.1147804605312828,-0.0907556457270246,0.3203165667895903,12.217,57.1
28547,1978-03-02 00:00:00,0.052388130941053,-0.1531237053888685,0.2578999672709746,12.217,57.1
28548,1978-03-03 00:00:00,0.1041388532607816,-0.1013391524926106,0.3096168590141739,12.217,57.1
28549,1978-03-04 00:00:00,0.0408850205640689,-0.1646016307793154,0.2463716719074533,12.217,57.1
28550,1978-03-05 00:00:00,0.0466094144823738,-0.1589021701556975,0.2521209991204453,12.217,57.1
28551,1978-03-06 00:00:00,-0.0008930000732386,-0.2067659749310022,0.2049799747845249,12.217,57.1
28552,1978-03-07 00:00:00,0.0610095863907608,-0.1450701501105092,0.267089322892031,12.217,57.1
28553,1978-03-08 00:00:00,0.0293283776797103,-0.1763740683521742,0.2350308237115949,12.217,57.1
28554,1978-03-09 00:00:00,0.1509239505107301,-0.054798892386133,0.3566467934075933,12.217,57.1
28555,1978-03-10 00:00:00,0.0427275156844569,-0.163311263168293,0.248766294537207,12.217,57.1
28556,1978-03-11 00:00:00,0.1732966618029148,-0.0330153298765173,0.3796086534823469,12.217,57.1
28557,1978-03-12 00:00:00,0.0508696533408095,-0.1556742241754884,0.2574135308571076,12.217,57.1
28558,1978-03-13 00:00:00,0.1735814704890155,-0.0322023758354569,0.3793653168134879,12.217,57.1
28559,1978-03-14 00:00:00,0.4555123098883673,0.2491916913361469,0.6618329284405877,12.217,57.1
28560,1978-03-15 00:00:00,0.2517763016558014,0.0452669554757996,0.4582856478358031,12.217,57.1
28561,1978-03-16 00:00:00,0.2681358688701283,0.060042634005921,0.4762291037343356,12.217,57.1
28562,1978-03-17 00:00:00,0.1373182835382167,-0.0705449050737715,0.345181472150205,12.217,57.1
28563,1978-03-18 00:00:00,0.0568741153027642,-0.1518712244877054,0.2656194550932339,12.217,57.1
28564,1978-03-19 00:00:00,-0.0190449738259213,-0.2254025805846628,0.1873126329328202,12.217,57.1
28565,1978-03-20 00:00:00,0.1155793339248828,-0.090425735892058,0.3215844037418237,12.217,57.1
28566,1978-03-21 00:00:00,0.1470271108424833,-0.0599725373733222,0.3540267590582888,12.217,57.1
28567,1978-03-22 00:00:00,-0.005853227842857,-0.2118783577617736,0.2001719020760595,12.217,57.1
28568,1978-03-23 00:00:00,0.1400659887641423,-0.0660751664125488,0.3462071439408335,12.217,57.1
28569,1978-03-24 00:00:00,0.3917313548980696,0.1840292296253851,0.5994334801707542,12.217,57.1
28570,1978-03-25 00:00:00,0.0733435767211978,-0.1333071272745858,0.2799942807169814,12.217,57.1
28571,1978-03-26 00:00:00,0.2710131828391016,0.063927459695444,0.4780989059827593,12.217,57.1
28572,1978-03-27 00:00:00,0.257545099414901,0.0507511147747574,0.4643390840550446,12.217,57.1
28573,1978-03-28 00:00:00,0.2111491786694664,0.0039512429488808,0.418347114390052,12.217,57.1
28574,1978-03-29 00:00:00,0.190216418072999,-0.0170399902045695,0.3974728263505676,12.217,57.1
28575,1978-03-30 00:00:00,0.223887318261963,0.0177751127435812,0.4299995237803449,12.217,57.1
28576,1978-03-31 00:00:00,0.0829881671149765,-0.1232958375628119,0.289272171792765,12.217,57.1
28577,1978-04-01 00:00:00,0.0111783537229053,-0.1946220579264354,0.2169787653722462,12.217,57.1
28578,1978-04-02 00:00:00,0.0208261251375094,-0.185030588251345,0.2266828385263641,12.217,57.1
28579,1978-04-03 00:00:00,-0.110897691032668,-0.3180542566955465,0.0962588746302104,12.217,57.1
28580,1978-04-04 00:00:00,-0.0966294134835809,-0.3029385158345498,0.1096796888673879,12.217,57.1
28581,1978-04-05 00:00:00,-0.0737109050564205,-0.2793559754713866,0.1319341653585456,12.217,57.1
28582,1978-04-06 00:00:00,-0.0859533502852713,-0.2915634440631782,0.1196567434926356,12.217,57.1
28583,1978-04-07 00:00:00,-0.0098048600731922,-0.2157650728660409,0.1961553527196562,12.217,57.1
28584,1978-04-08 00:00:00,0.0192293198122247,-0.1865451044846457,0.2250037441090953,12.217,57.1
28585,1978-04-09 00:00:00,0.0630467699863804,-0.142501990849756,0.2685955308225168,12.217,57.1
28586,1978-04-10 00:00:00,0.1269648691726701,-0.0787974888182043,0.3327272271635447,12.217,57.1
28587,1978-04-11 00:00:00,0.1953336124302799,-0.0103352719982362,0.4010024968587962,12.217,57.1
28588,1978-04-12 00:00:00,0.1111531420155869,-0.0947069077875986,0.3170131918187726,12.217,57.1
28589,1978-04-13 00:00:00,0.2085344656558958,0.0023523249217501,0.4147166063900415,12.217,57.1
28590,1978-04-14 00:00:00,0.1468496095346079,-0.0590638761534814,0.3527630952226972,12.217,57.1
28591,1978-04-15 00:00:00,0.0131221599195193,-0.1924879514406894,0.218732271279728,12.217,57.1
28592,1978-04-16 00:00:00,0.0292013959167788,-0.1764370072014585,0.2348397990350163,12.217,57.1
28593,1978-04-17 00:00:00,0.0106615151978278,-0.1948914620352567,0.2162144924309125,12.217,57.1
28594,1978-04-18 00:00:00,0.0570892410898421,-0.1484687517946371,0.2626472339743214,12.217,57.1
28595,1978-04-19 00:00:00,0.0111224722367256,-0.1946693393394255,0.2169142838128767,12.217,57.1
28596,1978-04-20 00:00:00,-0.0141662480000554,-0.2197612110844,0.1914287150842892,12.217,57.1
28597,1978-04-21 00:00:00,0.0464145735647372,-0.1590617157763589,0.2518908629058334,12.217,57.1
28598,1978-04-22 00:00:00,-0.0675485124073552,-0.2729961486053233,0.1378991237906127,12.217,57.1
28599,1978-04-23 00:00:00,-0.0214807233462856,-0.2270062828128304,0.1840448361202591,12.217,57.1
28600,1978-04-24 00:00:00,0.0646001489910236,-0.1409940745068244,0.2701943724888718,12.217,57.1
28601,1978-04-25 00:00:00,0.0714876529106234,-0.135046521937538,0.2780218277587849,12.217,57.1
28602,1978-04-26 00:00:00,-0.0062871243421746,-0.2129565581163231,0.2003823094319739,12.217,57.1
28603,1978-04-27 00:00:00,-0.0202131266677233,-0.2259158969514349,0.1854896436159883,12.217,57.1
28604,1978-04-28 00:00:00,-0.030156425535636,-0.2359787725894581,0.175665921518186,12.217,57.1
28605,1978-04-29 00:00:00,0.0053780070791187,-0.2002761332914794,0.211032147449717,12.217,57.1
28606,1978-04-30 00:00:00,0.0049583651738217,-0.2007201598809331,0.2106368902285766,12.217,57.1
28607,1978-05-01 00:00:00,-0.0374964664204822,-0.2434290059567183,0.1684360731157538,12.217,57.1
28608,1978-05-02 00:00:00,-0.0168773970197037,-0.2226881976564534,0.1889334036170459,12.217,57.1
28609,1978-05-03 00:00:00,0.0024011726934833,-0.2034112788524562,0.208213624239423,12.217,57.1
28610,1978-05-04 00:00:00,0.0246791519290619,-0.1809299212086829,0.2302882250668068,12.217,57.1
28611,1978-05-05 00:00:00,0.0391534516514562,-0.1663904736190635,0.2446973769219761,12.217,57.1
28612,1978-05-06 00:00:00,-0.0128941905351565,-0.2184787963165524,0.1926904152462392,12.217,57.1
28613,1978-05-07 00:00:00,-0.0527841724119487,-0.2586764688260056,0.153108124002108,12.217,57.1
28614,1978-05-08 00:00:00,-0.0952033169331292,-0.3013587457401352,0.1109521118738767,12.217,57.1
28615,1978-05-09 00:00:00,-0.0642429334906876,-0.2702116928367201,0.1417258258553448,12.217,57.1
28616,1978-05-10 00:00:00,-0.0925200843788435,-0.2986353874548303,0.1135952186971433,12.217,57.1
28617,1978-05-11 00:00:00,-0.0998497465023078,-0.3063523456408633,0.1066528526362475,12.217,57.1
28618,1978-05-12 00:00:00,-0.014817194972587,-0.2208251146469082,0.191190724701734,12.217,57.1
28619,1978-05-13 00:00:00,0.0477486444908968,-0.1579381903239158,0.2534354793057095,12.217,57.1
28620,1978-05-14 00:00:00,0.0257583608580882,-0.1798391616101841,0.2313558833263607,12.217,57.1
28621,1978-05-15 00:00:00,0.0179426973640595,-0.1875329026572087,0.2234182973853277,12.217,57.1
28622,1978-05-16 00:00:00,-0.0056221544502498,-0.2112250191937086,0.1999807102932088,12.217,57.1
28623,1978-05-17 00:00:00,0.0100665168609658,-0.1954575419964185,0.2155905757183501,12.217,57.1
28624,1978-05-18 00:00:00,0.007495042008152,-0.1980457400367584,0.2130358240530624,12.217,57.1
28625,1978-05-19 00:00:00,-0.0144393785516154,-0.2200647982603137,0.1911860411570828,12.217,57.1
28626,1978-05-20 00:00:00,-0.067849217363408,-0.2733852852986326,0.1376868505718164,12.217,57.1
28627,1978-05-21 00:00:00,-0.0344389631569571,-0.2399926841908185,0.1711147578769043,12.217,57.1
28628,1978-05-22 00:00:00,0.0198422711822062,-0.1856437613745191,0.2253283037389316,12.217,57.1
28629,1978-05-23 00:00:00,0.0488000593333424,-0.1570013176583274,0.2546014363250123,12.217,57.1
28630,1978-05-24 00:00:00,0.0483344621178987,-0.1587088916378274,0.2553778158736249,12.217,57.1
28631,1978-05-25 00:00:00,-0.0316167632242634,-0.2382675249379798,0.1750339984894529,12.217,57.1
28632,1978-05-26 00:00:00,-0.0300234587726632,-0.2356152820940177,0.1755683645486912,12.217,57.1
28633,1978-05-27 00:00:00,-0.0020821975910294,-0.2076408274124989,0.2034764322304401,12.217,57.1
28634,1978-05-28 00:00:00,-0.039525397831254,-0.2450229140259304,0.1659721183634223,12.217,57.1
28635,1978-05-29 00:00:00,-0.0380246491920612,-0.2434561479004838,0.1674068495163613,12.217,57.1
28636,1978-05-30 00:00:00,-0.0119878625649887,-0.2174388784215939,0.1934631532916164,12.217,57.1
28637,1978-05-31 00:00:00,-0.0224600279621,-0.2278873944698564,0.1829673385456563,12.217,57.1
28638,1978-06-01 00:00:00,-0.0071926892585909,-0.2126697026738814,0.1982843241566994,12.217,57.1
28639,1978-06-02 00:00:00,-0.0036053750359412,-0.2090478268957443,0.2018370768238618,12.217,57.1
28640,1978-06-03 00:00:00,0.0367130917202179,-0.168820483358675,0.2422466667991109,12.217,57.1
28641,1978-06-04 00:00:00,0.0323174807079444,-0.1732543854118644,0.2378893468277532,12.217,57.1
28642,1978-06-05 00:00:00,0.0244458705998084,-0.1809981903629454,0.2298899315625622,12.217,57.1
28643,1978-06-06 00:00:00,0.0626741436720395,-0.1427352205555402,0.2680835078996192,12.217,57.1
28644,1978-06-07 00:00:00,0.0667350227975414,-0.1387649300522523,0.2722349756473352,12.217,57.1
28645,1978-06-08 00:00:00,0.1242267736805185,-0.0814379440772168,0.3298914914382539,12.217,57.1
28646,1978-06-09 00:00:00,0.2743933355073509,0.0685768302592663,0.4802098407554355,12.217,57.1
28647,1978-06-10 00:00:00,0.3117989155952811,0.105796190292924,0.5178016408976384,12.217,57.1
28648,1978-06-11 00:00:00,0.2720141683225459,0.0659459551869033,0.4780823814581885,12.217,57.1
28649,1978-06-12 00:00:00,0.3734892823223849,0.1656829698216003,0.5812955948231695,12.217,57.1
28650,1978-06-13 00:00:00,0.1267397157107278,-0.082407644734835,0.3358870761562906,12.217,57.1
28651,1978-06-14 00:00:00,-0.0056010316643077,-0.2120328404872274,0.200830777158612,12.217,57.1
28652,1978-06-15 00:00:00,0.0294793822272692,-0.1761191944036593,0.2350779588581979,12.217,57.1
28653,1978-06-16 00:00:00,0.038152314241731,-0.1673423684588484,0.2436469969423104,12.217,57.1
28654,1978-06-17 00:00:00,0.0525733084314376,-0.1532345524502946,0.25838116931317,12.217,57.1
28655,1978-06-18 00:00:00,0.0331719747238903,-0.1730245923577003,0.239368541805481,12.217,57.1
28656,1978-06-19 00:00:00,0.059089453877612,-0.146652867605442,0.2648317753606661,12.217,57.1
28657,1978-06-20 00:00:00,0.1281226014557975,-0.0775041855763896,0.3337493884879847,12.217,57.1
28658,1978-06-21 00:00:00,0.1131303152147609,-0.0924011086407795,0.3186617390703014,12.217,57.1
28659,1978-06-22 00:00:00,0.1172381908133781,-0.088335456082173,0.3228118377089294,12.217,57.1
28660,1978-06-23 00:00:00,0.1764494896108991,-0.0290697759971235,0.3819687552189217,12.217,57.1
28661,1978-06-24 00:00:00,0.181981718706098,-0.0237934951602064,0.3877569325724026,12.217,57.1
28662,1978-06-25 00:00:00,0.2300668740341746,0.0234554818625667,0.4366782662057825,12.217,57.1
28663,1978-06-26 00:00:00,0.2106033820355735,0.0042188063114155,0.4169879577597316,12.217,57.1
28664,1978-06-27 00:00:00,0.0930118064579095,-0.1130330403652158,0.299056653281035,12.217,57.1
28665,1978-06-28 00:00:00,0.0310575265068504,-0.1746109460708467,0.2367259990845476,12.217,57.1
28666,1978-06-29 00:00:00,0.1380294431738036,-0.0675580447138959,0.3436169310615031,12.217,57.1
28667,1978-06-30 00:00:00,0.1064980403646607,-0.0990476532385494,0.312043733967871,12.217,57.1
28668,1978-07-01 00:00:00,0.1180525256557609,-0.0874742464585689,0.3235792977700907,12.217,57.1
28669,1978-07-02 00:00:00,0.071206990008296,-0.1345382909980225,0.2769522710146146,12.217,57.1
28670,1978-07-03 00:00:00,0.173676834868971,-0.0320116834564065,0.3793653531943486,12.217,57.1
28671,1978-07-04 00:00:00,0.1647534062392356,-0.0411691680874659,0.3706759805659372,12.217,57.1
28672,1978-07-05 00:00:00,0.1362515478373276,-0.0693720756607593,0.3418751713354145,12.217,57.1
28673,1978-07-06 00:00:00,0.1041034568146907,-0.101372006630253,0.3095789202596344,12.217,57.1
28674,1978-07-07 00:00:00,0.1340424325265196,-0.0716238815619996,0.3397087466150388,12.217,57.1
28675,1978-07-08 00:00:00,0.1603405178340717,-0.0458109098500701,0.3664919455182136,12.217,57.1
28676,1978-07-09 00:00:00,0.2147365969545111,0.008727229293812,0.4207459646152102,12.217,57.1
28677,1978-07-10 00:00:00,0.0707257952805101,-0.135001054133607,0.2764526446946272,12.217,57.1
28678,1978-07-11 00:00:00,0.0407208939655659,-0.1649494369444484,0.2463912248755803,12.217,57.1
28679,1978-07-12 00:00:00,0.0972748580086729,-0.1083024878840892,0.302852203901435,12.217,57.1
28680,1978-07-13 00:00:00,0.0673432599465329,-0.1381412079590002,0.272827727852066,12.217,57.1
28681,1978-07-14 00:00:00,0.1204222062436608,-0.0851379269567325,0.3259823394440542,12.217,57.1
28682,1978-07-15 00:00:00,0.1388788827201992,-0.0669358260786071,0.3446935915190056,12.217,57.1
28683,1978-07-16 00:00:00,0.116104467576845,-0.0896725363919626,0.3218814715456526,12.217,57.1
28684,1978-07-17 00:00:00,0.0814440626827012,-0.1240731351951972,0.2869612605605997,12.217,57.1
28685,1978-07-18 00:00:00,0.0634798682496326,-0.1420732070595833,0.2690329435588487,12.217,57.1
28686,1978-07-19 00:00:00,0.0921049040767744,-0.1133339450917725,0.2975437532453213,12.217,57.1
28687,1978-07-20 00:00:00,0.1332397740647328,-0.0721991948328882,0.3386787429623539,12.217,57.1
28688,1978-07-21 00:00:00,0.1174715347344213,-0.088094545741878,0.3230376152107208,12.217,57.1
28689,1978-07-22 00:00:00,0.066602382449333,-0.1390775083724326,0.2722822732710988,12.217,57.1
28690,1978-07-23 00:00:00,0.101431276479748,-0.1042536355788631,0.3071161885383593,12.217,57.1
28691,1978-07-24 00:00:00,0.0690296707713838,-0.1365033760047149,0.2745627175474825,12.217,57.1
28692,1978-07-25 00:00:00,0.1043384939651649,-0.1012531815971124,0.3099301695274422,12.217,57.1
28693,1978-07-26 00:00:00,0.0441708521822944,-0.1614913815418134,0.2498330859064023,12.217,57.1
28694,1978-07-27 00:00:00,0.0902402052060544,-0.1153180655402926,0.2957984759524015,12.217,57.1
28695,1978-07-28 00:00:00,-0.0254893631076446,-0.2311095400379361,0.1801308138226469,12.217,57.1
28696,1978-07-29 00:00:00,-0.0121088749416618,-0.2175890383616137,0.19337128847829,12.217,57.1
28697,1978-07-30 00:00:00,-0.0161686718908235,-0.2216052899705272,0.18926794618888,12.217,57.1
28698,1978-07-31 00:00:00,0.0139591124917201,-0.1915269008492395,0.2194451258326798,12.217,57.1
28699,1978-08-01 00:00:00,0.03290976294915,-0.1726452161845153,0.2384647420828154,12.217,57.1
28700,1978-08-02 00:00:00,0.0348300059038501,-0.1707102913831367,0.2403703031908371,12.217,57.1
28701,1978-08-03 00:00:00,0.1141526487766808,-0.0914346122405959,0.3197399097939576,12.217,57.1
28702,1978-08-04 00:00:00,0.0967240281758478,-0.1087041284904657,0.3021521848421613,12.217,57.1
28703,1978-08-05 00:00:00,0.1031188173519319,-0.1023106775517111,0.308548312255575,12.217,57.1
28704,1978-08-06 00:00:00,0.0994490332301993,-0.1061033737922013,0.3050014402526001,12.217,57.1
28705,1978-08-07 00:00:00,0.1073822357013273,-0.0983036771947182,0.313068148597373,12.217,57.1
28706,1978-08-08 00:00:00,0.0645733296169758,-0.1409731604182711,0.2701198196522227,12.217,57.1
28707,1978-08-09 00:00:00,0.0391707548462223,-0.1670978544025353,0.24543936409498,12.217,57.1
28708,1978-08-10 00:00:00,-0.041966929180197,-0.2487158399041453,0.1647819815437512,12.217,57.1
28709,1978-08-11 00:00:00,0.018235314814233,-0.1873429247433249,0.223813554371791,12.217,57.1
28710,1978-08-12 00:00:00,0.0248932147362328,-0.1806426069707796,0.2304290364432452,12.217,57.1
28711,1978-08-13 00:00:00,0.0367068185667644,-0.1688823159650905,0.2422959530986193,12.217,57.1
28712,1978-08-14 00:00:00,0.1066394975779923,-0.0988518951514693,0.3121308903074541,12.217,57.1
28713,1978-08-15 00:00:00,0.1327965826664589,-0.0727991993123705,0.3383923646452884,12.217,57.1
28714,1978-08-16 00:00:00,0.1802077406351557,-0.025759265866897,0.3861747471372084,12.217,57.1
28715,1978-08-17 00:00:00,0.1302706966872949,-0.0756740283215512,0.336215421696141,12.217,57.1
28716,1978-08-18 00:00:00,0.048581038250769,-0.156965367608394,0.2541274441099321,12.217,57.1
28717,1978-08-19 00:00:00,-0.0362736270058884,-0.2417425264314329,0.1691952724196561,12.217,57.1
28718,1978-08-20 00:00:00,-0.0041883984669773,-0.2096735905790358,0.2012967936450811,12.217,57.1
28719,1978-08-21 00:00:00,0.0449045709782274,-0.16057084542779,0.250379987384245,12.217,57.1
28720,1978-08-22 00:00:00,0.0502328120443621,-0.1553234755808484,0.2557890996695728,12.217,57.1
28721,1978-08-23 00:00:00,0.1288840591001952,-0.077115978653781,0.3348840968541715,12.217,57.1
28722,1978-08-24 00:00:00,0.0647167789393748,-0.140954491571044,0.2703880494497936,12.217,57.1
28723,1978-08-25 00:00:00,0.237678737533558,0.0317738454287341,0.4435836296383819,12.217,57.1
28724,1978-08-26 00:00:00,0.1981432686677625,-0.0086227909418324,0.4049093282773575,12.217,57.1
28725,1978-08-27 00:00:00,0.1315543087139178,-0.0757382485689218,0.3388468659967575,12.217,57.1
28726,1978-08-28 00:00:00,0.139477962062917,-0.0670828376316285,0.3460387617574625,12.217,57.1
28727,1978-08-29 00:00:00,0.0782527440569022,-0.1280234803080322,0.2845289684218367,12.217,57.1
28728,1978-08-30 00:00:00,0.0985058637482306,-0.1071230016820632,0.3041347291785244,12.217,57.1
28729,1978-08-31 00:00:00,0.0649615070336577,-0.1408300200388565,0.2707530341061721,12.217,57.1
28730,1978-09-01 00:00:00,-0.0042488231240918,-0.2099699465013609,0.2014723002531772,12.217,57.1
28731,1978-09-02 00:00:00,0.1953635895677295,-0.0131977376428405,0.4039249167782996,12.217,57.1
28732,1978-09-03 00:00:00,0.1388544627385784,-0.0683550672411214,0.3460639927182783,12.217,57.1
28733,1978-09-04 00:00:00,0.2477810104663529,0.04105045013726,0.4545115707954459,12.217,57.1
28734,1978-09-05 00:00:00,0.1172674344996244,-0.0905113075243767,0.3250461765236256,12.217,57.1
28735,1978-09-06 00:00:00,-0.010858568783753,-0.2167768205010777,0.1950596829335715,12.217,57.1
28736,1978-09-07 00:00:00,-0.0077824969597501,-0.213711042562408,0.1981460486429078,12.217,57.1
28737,1978-09-08 00:00:00,0.0396201047803908,-0.1658810437596559,0.2451212533204376,12.217,57.1
28738,1978-09-09 00:00:00,0.0654352157563762,-0.1400311513784067,0.270901582891159,12.217,57.1
28739,1978-09-10 00:00:00,0.2062037211949904,-0.000266071029867,0.4126735134198479,12.217,57.1
28740,1978-09-11 00:00:00,0.4892286499776844,0.2823064985326642,0.6961508014227047,12.217,57.1
28741,1978-09-12 00:00:00,0.454489188424777,0.2467579992949932,0.6622203775545608,12.217,57.1
28742,1978-09-13 00:00:00,0.2076811962207097,0.0003111479398958,0.4150512445015236,12.217,57.1
28743,1978-09-14 00:00:00,0.153180582184285,-0.0526564353009199,0.3590175996694901,12.217,57.1
28744,1978-09-15 00:00:00,0.3081997467899208,0.1022933773277517,0.51410611625209,12.217,57.1
28745,1978-09-16 00:00:00,0.2952664024660764,0.0871250184094271,0.5034077865227258,12.217,57.1
28746,1978-09-17 00:00:00,0.1780301629136165,-0.0315561636034003,0.3876164894306334,12.217,57.1
28747,1978-09-18 00:00:00,0.6464421087329197,0.4285059333583529,0.8643782841074865,12.217,57.1
28748,1978-09-19 00:00:00,0.2863950401819531,0.0763765606802756,0.4964135196836307,12.217,57.1
28749,1978-09-20 00:00:00,0.1302408935497331,-0.0764623187664846,0.3369441058659508,12.217,57.1
28750,1978-09-21 00:00:00,0.0775504340459412,-0.1284314670733908,0.2835323351652733,12.217,57.1
28751,1978-09-22 00:00:00,0.0886620846061234,-0.1174675636184259,0.2947917328306729,12.217,57.1
28752,1978-09-23 00:00:00,0.0691456142163316,-0.1368017621334687,0.2750929905661319,12.217,57.1
28753,1978-09-24 00:00:00,0.0355799252680304,-0.17007357762114,0.2412334281572009,12.217,57.1
28754,1978-09-25 00:00:00,0.2513082567826789,0.0452445620298491,0.4573719515355086,12.217,57.1
28755,1978-09-26 00:00:00,0.2522980892426927,0.046409646963666,0.4581865315217195,12.217,57.1
28756,1978-09-27 00:00:00,0.1679727158167547,-0.0378510344898508,0.3737964661233602,12.217,57.1
28757,1978-09-28 00:00:00,0.0976153839511889,-0.1081766663198697,0.3034074342222477,12.217,57.1
28758,1978-09-29 00:00:00,0.0165162949915133,-0.18905877701609,0.2220913669991168,12.217,57.1
28759,1978-09-30 00:00:00,0.1622086186376758,-0.043770713893063,0.3681879511684147,12.217,57.1
28760,1978-10-01 00:00:00,-0.0583136337994088,-0.2648073494227425,0.1481800818239248,12.217,57.1
28761,1978-10-02 00:00:00,-0.0286790785150293,-0.234701616470002,0.1773434594399432,12.217,57.1
28762,1978-10-03 00:00:00,0.0504194003128904,-0.1551508428876216,0.2559896435134025,12.217,57.1
28763,1978-10-04 00:00:00,0.0984063294247385,-0.1073673476853564,0.3041800065348335,12.217,57.1
28764,1978-10-05 00:00:00,0.1190082771390264,-0.0867707065603508,0.3247872608384037,12.217,57.1
28765,1978-10-06 00:00:00,0.2882081812803003,0.0804718480339021,0.4959445145266984,12.217,57.1
28766,1978-10-07 00:00:00,0.1497731277434831,-0.0572733412147655,0.3568195967017318,12.217,57.1
28767,1978-10-08 00:00:00,0.1456768332535752,-0.0601867143686996,0.35154038087585,12.217,57.1
28768,1978-10-09 00:00:00,0.0918842162650139,-0.1137078790766273,0.2974763116066553,12.217,57.1
28769,1978-10-10 00:00:00,0.1402227583843999,-0.0653815779153498,0.3458270946841497,12.217,57.1
28770,1978-10-11 00:00:00,0.0079045236959231,-0.1977598826846521,0.2135689300764984,12.217,57.1
28771,1978-10-12 00:00:00,-0.0188003621891091,-0.2242821890856987,0.1866814647074804,12.217,57.1
28772,1978-10-13 00:00:00,0.0235765013028083,-0.1819353437009936,0.2290883463066102,12.217,57.1
28773,1978-10-14 00:00:00,0.0021418957221839,-0.2034389430280835,0.2077227344724514,12.217,57.1
28774,1978-10-15 00:00:00,-0.0183881874228383,-0.2239657973247644,0.1871894224790877,12.217,57.1
28775,1978-10-16 00:00:00,0.1020315330075027,-0.1036418780681108,0.3077049440831162,12.217,57.1
28776,1978-10-17 00:00:00,0.1606476545066119,-0.0454042902742215,0.3666995992874454,12.217,57.1
28777,1978-10-18 00:00:00,0.1144094502168082,-0.0914479955757821,0.3202668960093986,12.217,57.1
28778,1978-10-19 00:00:00,0.1029516690697043,-0.1027029254849742,0.3086062636243829,12.217,57.1
28779,1978-10-20 00:00:00,0.1393459547939228,-0.0667256379746077,0.3454175475624533,12.217,57.1
28780,1978-10-21 00:00:00,0.2177468644089691,0.0100664266794667,0.4254273021384714,12.217,57.1
28781,1978-10-22 00:00:00,0.1408199613596218,-0.0675245498545131,0.3491644725737569,12.217,57.1
28782,1978-10-23 00:00:00,0.0598337722204814,-0.1461585931852151,0.265826137626178,12.217,57.1
28783,1978-10-24 00:00:00,0.3018341212647428,0.0954741662539058,0.5081940762755799,12.217,57.1
28784,1978-10-25 00:00:00,0.5740158676475604,0.3662016183459131,0.7818301169492077,12.217,57.1
28785,1978-10-26 00:00:00,0.2204981671228269,0.0124811547378316,0.4285151795078223,12.217,57.1
28786,1978-10-27 00:00:00,-0.0533881931706601,-0.2597909196285664,0.1530145332872461,12.217,57.1
28787,1978-10-28 00:00:00,0.1001324014184407,-0.1056231595347539,0.3058879623716354,12.217,57.1
28788,1978-10-29 00:00:00,0.1516527950639687,-0.0541461034437084,0.3574516935716458,12.217,57.1
28789,1978-10-30 00:00:00,0.1306005841470474,-0.0752250158367603,0.3364261841308551,12.217,57.1
28790,1978-10-31 00:00:00,0.1486228900155856,-0.0573189627524247,0.354564742783596,12.217,57.1
28791,1978-11-01 00:00:00,0.1495503678980288,-0.056140254675718,0.3552409904717757,12.217,57.1
28792,1978-11-02 00:00:00,0.0283985948887369,-0.1774710310157872,0.2342682207932611,12.217,57.1
28793,1978-11-03 00:00:00,0.2434079257756652,0.0367901124855265,0.450025739065804,12.217,57.1
28794,1978-11-04 00:00:00,0.3188603379577689,0.109699658957583,0.5280210169579548,12.217,57.1
28795,1978-11-05 00:00:00,0.122627251884641,-0.0855678825627156,0.3308223863319978,12.217,57.1
28796,1978-11-06 00:00:00,0.2522725459461371,0.0459888137600712,0.458556278132203,12.217,57.1
28797,1978-11-07 00:00:00,0.0104165241449256,-0.1956215350330196,0.2164545833228709,12.217,57.1
28798,1978-11-08 00:00:00,0.0067110343739252,-0.1987814608235966,0.2122035295714471,12.217,57.1
28799,1978-11-09 00:00:00,0.1116119372768674,-0.0940413752660794,0.3172652498198142,12.217,57.1
28800,1978-11-10 00:00:00,0.1397795607473316,-0.0659664374568573,0.3455255589515205,12.217,57.1
28801,1978-11-11 00:00:00,0.2161182008205987,0.0101922934129648,0.4220441082282327,12.217,57.1
28802,1978-11-12 00:00:00,-0.0109643893737072,-0.2171554933272505,0.1952267145798361,12.217,57.1
28803,1978-11-13 00:00:00,0.1498002587109669,-0.0559536600453867,0.3555541774673206,12.217,57.1
28804,1978-11-14 00:00:00,0.3670508053911213,0.1584154376209808,0.5756861731612618,12.217,57.1
28805,1978-11-15 00:00:00,0.8437416686277545,0.6218776759039901,1.0656056613515188,12.217,57.1
28806,1978-11-16 00:00:00,0.4983961565491636,0.2743126928600911,0.7224796202382361,12.217,57.1
28807,1978-11-17 00:00:00,0.6080678239763878,0.3932619861085001,0.8228736618442756,12.217,57.1
28808,1978-11-18 00:00:00,0.228755698790359,0.0212332129110189,0.436278184669699,12.217,57.1
28809,1978-11-19 00:00:00,0.3213955678950172,0.1147377913011675,0.5280533444888669,12.217,57.1
28810,1978-11-20 00:00:00,0.2906964439989875,0.0827261054068138,0.4986667825911611,12.217,57.1
28811,1978-11-21 00:00:00,0.2368554384884926,0.0300454075064472,0.4436654694705381,12.217,57.1
28812,1978-11-22 00:00:00,0.3461968097447033,0.1394297658982696,0.552963853591137,12.217,57.1
28813,1978-11-23 00:00:00,0.8031616978191742,0.5855157452974205,1.020807650340928,12.217,57.1
28814,1978-11-24 00:00:00,0.2280638264610247,0.012180492806869,0.4439471601151805,12.217,57.1
28815,1978-11-25 00:00:00,0.0884417801458406,-0.1174568865093832,0.2943404468010644,12.217,57.1
28816,1978-11-26 00:00:00,0.0699583991054771,-0.1355620052098313,0.2754788034207855,12.217,57.1
28817,1978-11-27 00:00:00,0.0883985951509885,-0.1172543933547564,0.2940515836567337,12.217,57.1
28818,1978-11-28 00:00:00,0.0850919511697818,-0.1245635034806248,0.2947474058201885,12.217,57.1
28819,1978-11-29 00:00:00,-0.0897994779359967,-0.2982573046075749,0.1186583487355813,12.217,57.1
28820,1978-11-30 00:00:00,-0.1298621895471332,-0.3370277429616279,0.0773033638673614,12.217,57.1
28821,1978-12-01 00:00:00,-0.1119262293007613,-0.3187456708778636,0.0948932122763409,12.217,57.1
28822,1978-12-02 00:00:00,-0.091539294291363,-0.2971076404405524,0.1140290518578262,12.217,57.1
28823,1978-12-03 00:00:00,-0.0253588909471286,-0.2308240907192855,0.1801063088250281,12.217,57.1
28824,1978-12-04 00:00:00,-0.0309744188991996,-0.236538566638492,0.1745897288400927,12.217,57.1
28825,1978-12-05 00:00:00,-0.0680369489987966,-0.2738560736585404,0.1377821756609472,12.217,57.1
28826,1978-12-06 00:00:00,-0.1054752911749422,-0.3111995142961237,0.1002489319462392,12.217,57.1
28827,1978-12-07 00:00:00,-0.0925631350956724,-0.2981424110504661,0.1130161408591211,12.217,57.1
28828,1978-12-08 00:00:00,-0.0358357101097146,-0.2415650908497597,0.1698936706303303,12.217,57.1
28829,1978-12-09 00:00:00,0.0228488159373348,-0.1834700943114511,0.2291677261861207,12.217,57.1
28830,1978-12-10 00:00:00,0.1181849296328184,-0.0884296646273077,0.3247995238929445,12.217,57.1
28831,1978-12-11 00:00:00,-0.0188906977748473,-0.2245315372355425,0.1867501416858478,12.217,57.1
28832,1978-12-12 00:00:00,0.1230059281833794,-0.0827983948099136,0.3288102511766725,12.217,57.1
28833,1978-12-13 00:00:00,0.2466806659654214,0.0406647889699893,0.4526965429608535,12.217,57.1
28834,1978-12-14 00:00:00,0.2615484619302019,0.0553771686004196,0.4677197552599842,12.217,57.1
28835,1978-12-15 00:00:00,0.0916535160524541,-0.115068591206567,0.2983756233114753,12.217,57.1
28836,1978-12-16 00:00:00,0.0440400556534302,-0.1618977331333976,0.2499778444402581,12.217,57.1
28837,1978-12-17 00:00:00,-0.0066296448191412,-0.2122591071272586,0.1989998174889762,12.217,57.1
28838,1978-12-18 00:00:00,-0.0594576659158669,-0.265240904097989,0.1463255722662552,12.217,57.1
28839,1978-12-19 00:00:00,0.0949805176769645,-0.1108312355016235,0.3007922708555526,12.217,57.1
28840,1978-12-20 00:00:00,0.0393265313542729,-0.1662969864688179,0.2449500491773638,12.217,57.1
28841,1978-12-21 00:00:00,-0.0574969615157786,-0.2632442168036156,0.1482502937720582,12.217,57.1
28842,1978-12-22 00:00:00,-0.0471914704528898,-0.2530026154978084,0.1586196745920287,12.217,57.1
28843,1978-12-23 00:00:00,-0.0006449027632859,-0.2064094368665404,0.2051196313399686,12.217,57.1
28844,1978-12-24 00:00:00,0.042106203167009,-0.1637494672670128,0.2479618736010308,12.217,57.1
28845,1978-12-25 00:00:00,-0.0047359401578258,-0.211639671095151,0.2021677907794992,12.217,57.1
28846,1978-12-26 00:00:00,0.1504895068554635,-0.0569474956477339,0.357926509358661,12.217,57.1
28847,1978-12-27 00:00:00,0.0061326565477148,-0.2003118038328479,0.2125771169282775,12.217,57.1
28848,1978-12-28 00:00:00,0.0160730254129626,-0.1896740546260837,0.2218201054520089,12.217,57.1
28849,1978-12-29 00:00:00,-0.1238389964495955,-0.3317935495240142,0.0841155566248231,12.217,57.1
28850,1978-12-30 00:00:00,-0.2456209426116901,-0.4554168625795483,-0.035825022643832,12.217,57.1
28851,1978-12-31 00:00:00,-0.2390234145602517,-0.4499248409942926,-0.0281219881262108,12.217,57.1
28852,1979-01-01 00:00:00,-0.1847601132539553,-0.3950713787436596,0.0255511522357489,12.217,57.1
28853,1979-01-02 00:00:00,-0.031311944391218,-0.2431258882828859,0.1805019995004498,12.217,57.1
28854,1979-01-03 00:00:00,-0.1562378122265398,-0.3649010738581543,0.0524254494050747,12.217,57.1
28855,1979-01-04 00:00:00,-0.1036367817625379,-0.3122694511135385,0.1049958875884625,12.217,57.1
28856,1979-01-05 00:00:00,-0.1625033987884699,-0.3698833561924407,0.0448765586155009,12.217,57.1
28857,1979-01-06 00:00:00,-0.1096311319095062,-0.3156907792566041,0.0964285154375916,12.217,57.1
28858,1979-01-07 00:00:00,0.1535356683365525,-0.0536129257356325,0.3606842624087377,12.217,57.1
28859,1979-01-08 00:00:00,0.6092559024815463,0.4002585749027478,0.8182532300603447,12.217,57.1
28860,1979-01-09 00:00:00,0.268191819881141,0.0611498251588757,0.4752338146034063,12.217,57.1
28861,1979-01-10 00:00:00,0.1805974812057642,-0.025249721209918,0.3864446836214464,12.217,57.1
28862,1979-01-11 00:00:00,0.2446056700304452,0.0379150013269904,0.4512963387338999,12.217,57.1
28863,1979-01-12 00:00:00,0.257510995960055,0.0500238661434645,0.4649981257766454,12.217,57.1
28864,1979-01-13 00:00:00,0.0242799301155896,-0.1835322092865481,0.2320920695177274,12.217,57.1
28865,1979-01-14 00:00:00,-0.0485974475988223,-0.2555932008866746,0.1583983056890299,12.217,57.1
28866,1979-01-15 00:00:00,-0.1182656010766308,-0.323970986057712,0.0874397839044502,12.217,57.1
28867,1979-01-16 00:00:00,-0.1528226971808202,-0.3587361621825159,0.0530907678208754,12.217,57.1
28868,1979-01-17 00:00:00,-0.0553359536438481,-0.2611572299891121,0.1504853227014159,12.217,57.1
28869,1979-01-18 00:00:00,-0.144634355049861,-0.3504092243233709,0.0611405142236489,12.217,57.1
28870,1979-01-19 00:00:00,-0.1325274192535986,-0.3382639582360141,0.0732091197288168,12.217,57.1
28871,1979-01-20 00:00:00,-0.131096333880736,-0.3368353725136366,0.0746427047521645,12.217,57.1
28872,1979-01-21 00:00:00,-0.1172199530301306,-0.3229941080863186,0.0885542020260572,12.217,57.1
28873,1979-01-22 00:00:00,-0.097026354800476,-0.3027233366068309,0.1086706270058787,12.217,57.1
28874,1979-01-23 00:00:00,-0.0332875879438028,-0.2388954347409451,0.1723202588533395,12.217,57.1
28875,1979-01-24 00:00:00,0.0285461352481519,-0.1771357740615684,0.2342280445578722,12.217,57.1
28876,1979-01-25 00:00:00,0.077685501085976,-0.128427697472113,0.2837986996440652,12.217,57.1
28877,1979-01-26 00:00:00,0.1832940629132524,-0.0231941924061969,0.3897823182327019,12.217,57.1
28878,1979-01-27 00:00:00,0.1837572277442292,-0.0235364377696019,0.3910508932580603,12.217,57.1
28879,1979-01-28 00:00:00,0.1896699635936076,-0.0163089475956096,0.3956488747828249,12.217,57.1
28880,1979-01-29 00:00:00,0.1253242399803869,-0.0805331613480491,0.331181641308823,12.217,57.1
28881,1979-01-30 00:00:00,0.0724906634867608,-0.1334216892841311,0.2784030162576527,12.217,57.1
28882,1979-01-31 00:00:00,0.003868696594061,-0.2020849926344451,0.2098223858225672,12.217,57.1
28883,1979-02-01 00:00:00,0.1320160145266581,-0.0742512291656377,0.338283258218954,12.217,57.1
28884,1979-02-02 00:00:00,0.310948651209844,0.1046682843860143,0.5172290180336738,12.217,57.1
28885,1979-02-03 00:00:00,0.2410684968479237,0.0350121450323206,0.4471248486635267,12.217,57.1
28886,1979-02-04 00:00:00,0.5162938367207408,0.3084907543240394,0.7240969191174422,12.217,57.1
28887,1979-02-05 00:00:00,0.2622403962298935,0.0555406346977036,0.4689401577620834,12.217,57.1
28888,1979-02-06 00:00:00,0.0875094895713584,-0.118137710092154,0.2931566892348708,12.217,57.1
28889,1979-02-07 00:00:00,0.0603862594638087,-0.1452290919229407,0.2660016108505581,12.217,57.1
28890,1979-02-08 00:00:00,0.2069854267494213,0.00085855063268,0.4131123028661625,12.217,57.1
28891,1979-02-09 00:00:00,0.1917248021703935,-0.0178836736263195,0.4013332779671066,12.217,57.1
28892,1979-02-10 00:00:00,0.0728163566166208,-0.1339801442217895,0.2796128574550311,12.217,57.1
28893,1979-02-11 00:00:00,0.0508777332103946,-0.1548490229822184,0.2566044894030079,12.217,57.1
28894,1979-02-12 00:00:00,0.0707596262160361,-0.1351327006174766,0.2766519530495489,12.217,57.1
28895,1979-02-13 00:00:00,-0.0100603800888958,-0.2165438914783273,0.1964231313005356,12.217,57.1
28896,1979-02-14 00:00:00,-0.0895365494931772,-0.2962035126709379,0.1171304136845834,12.217,57.1
28897,1979-02-15 00:00:00,-0.3819801462424915,-0.5937216213034672,-0.1702386711815159,12.217,57.1
28898,1979-02-16 00:00:00,-0.2872040498713293,-0.4995875669458838,-0.0748205327967749,12.217,57.1
28899,1979-02-17 00:00:00,-0.2301299267846765,-0.4376438259664975,-0.0226160276028555,12.217,57.1
28900,1979-02-18 00:00:00,-0.2605611467571451,-0.4686056794355691,-0.0525166140787211,12.217,57.1
28901,1979-02-19 00:00:00,0.045879213373201,-0.1623330858528314,0.2540915125992335,12.217,57.1
28902,1979-02-20 00:00:00,-0.1533315594610413,-0.3594631132523127,0.0527999943302299,12.217,57.1
28903,1979-02-21 00:00:00,-0.1019566509129786,-0.3075991637142006,0.1036858618882432,12.217,57.1
28904,1979-02-22 00:00:00,-0.0304382123567312,-0.2359759122714729,0.1750994875580105,12.217,57.1
28905,1979-02-23 00:00:00,0.0188228607609418,-0.1866842524514668,0.2243299739733505,12.217,57.1
28906,1979-02-24 00:00:00,-0.0873541862177807,-0.292946215460287,0.1182378430247254,12.217,57.1
28907,1979-02-25 00:00:00,-0.1632614896881393,-0.3688990635362449,0.0423760841599663,12.217,57.1
28908,1979-02-26 00:00:00,-0.0107690793740594,-0.2164077862714396,0.1948696275233207,12.217,57.1
28909,1979-02-27 00:00:00,0.2379430357858964,0.0320323561876031,0.4438537153841896,12.217,57.1
28910,1979-02-28 00:00:00,0.196415983877637,-0.0095123597699864,0.4023443275252606,12.217,57.1
28911,1979-03-01 00:00:00,0.2183603979110494,0.0120494416086553,0.4246713542134434,12.217,57.1
28912,1979-03-02 00:00:00,0.1884867193886611,-0.0174879459666208,0.3944613847439432,12.217,57.1
28913,1979-03-03 00:00:00,0.2453289561889745,0.0381339670078474,0.4525239453701015,12.217,57.1
28914,1979-03-04 00:00:00,0.3403745574805579,0.1339424472106375,0.5468066677504784,12.217,57.1
28915,1979-03-05 00:00:00,0.2525812534225535,0.0462377415898828,0.4589247652552242,12.217,57.1
28916,1979-03-06 00:00:00,0.2618021343189472,0.0556203580736933,0.4679839105642011,12.217,57.1
28917,1979-03-07 00:00:00,0.1820513594262067,-0.024398499513611,0.3885012183660244,12.217,57.1
28918,1979-03-08 00:00:00,0.345771492953687,0.1369464561325458,0.5545965297748282,12.217,57.1
28919,1979-03-09 00:00:00,0.1844605624767408,-0.02396871140036,0.3928898363538416,12.217,57.1
28920,1979-03-10 00:00:00,0.3120350324696255,0.1002887132701208,0.5237813516691301,12.217,57.1
28921,1979-03-11 00:00:00,0.3733417769520407,0.1636291110042665,0.5830544428998148,12.217,57.1
28922,1979-03-12 00:00:00,0.267211500763966,0.0610738770353766,0.4733491244925554,12.217,57.1
28923,1979-03-13 00:00:00,0.1794961165545865,-0.0281813969338945,0.3871736300430676,12.217,57.1
28924,1979-03-14 00:00:00,0.0039603187949572,-0.2027677439081197,0.2106883814980342,12.217,57.1
28925,1979-03-15 00:00:00,-0.0096776064302594,-0.2153004879145062,0.1959452750539874,12.217,57.1
28926,1979-03-16 00:00:00,-0.0746487931797637,-0.2812285357937631,0.1319309494342357,12.217,57.1
28927,1979-03-17 00:00:00,-0.0286133015049005,-0.2364783953011253,0.1792517922913242,12.217,57.1
28928,1979-03-18 00:00:00,0.0339013702374128,-0.1739453976631845,0.2417481381380102,12.217,57.1
28929,1979-03-19 00:00:00,0.0619145222209942,-0.1441897492916208,0.2680187937336092,12.217,57.1
28930,1979-03-20 00:00:00,0.1721038031173473,-0.0336673554261484,0.3778749616608431,12.217,57.1
28931,1979-03-21 00:00:00,0.1677539149636213,-0.0382359807545312,0.3737438106817739,12.217,57.1
28932,1979-03-22 00:00:00,0.2132876270369233,0.0075203535597882,0.4190549005140584,12.217,57.1
28933,1979-03-23 00:00:00,0.2217779618924862,0.0149583258762387,0.4285975979087337,12.217,57.1
28934,1979-03-24 00:00:00,0.1842540444389242,-0.0222391285946469,0.3907472174724954,12.217,57.1
28935,1979-03-25 00:00:00,0.1405273918672155,-0.0654718618176704,0.3465266455521015,12.217,57.1
28936,1979-03-26 00:00:00,0.3476393481499626,0.1405395035936972,0.5547391927062281,12.217,57.1
28937,1979-03-27 00:00:00,0.3438843748730672,0.136617586738792,0.5511511630073425,12.217,57.1
28938,1979-03-28 00:00:00,0.2837088106619236,0.0770587981325915,0.4903588231912558,12.217,57.1
28939,1979-03-29 00:00:00,0.1598206795128119,-0.0462775365232803,0.3659188955489042,12.217,57.1
28940,1979-03-30 00:00:00,-0.0244512922151887,-0.2303954111643593,0.1814928267339818,12.217,57.1
28941,1979-03-31 00:00:00,-0.0058198803303863,-0.2119252679345379,0.2002855072737652,12.217,57.1
28942,1979-04-01 00:00:00,-0.0269028884118091,-0.2329638065213372,0.1791580296977189,12.217,57.1
28943,1979-04-02 00:00:00,0.0978674286055261,-0.1081461351987426,0.3038809924097949,12.217,57.1
28944,1979-04-03 00:00:00,0.1162050086516198,-0.0900346690258866,0.3224446863291262,12.217,57.1
28945,1979-04-04 00:00:00,0.1207934003049853,-0.0853497553888481,0.3269365559988188,12.217,57.1
28946,1979-04-05 00:00:00,-0.0291924261019159,-0.2356178100897551,0.1772329578859232,12.217,57.1
28947,1979-04-06 00:00:00,-0.0452689529941039,-0.2512219284920016,0.1606840225037936,12.217,57.1
28948,1979-04-07 00:00:00,-0.0376908084876161,-0.2434288200629743,0.1680472030877421,12.217,57.1
28949,1979-04-08 00:00:00,-0.0942624585861835,-0.2998396274358915,0.1113147102635244,12.217,57.1
28950,1979-04-09 00:00:00,-0.0435978696497734,-0.2490830810412972,0.1618873417417504,12.217,57.1
28951,1979-04-10 00:00:00,0.048420681923452,-0.1570482210053675,0.2538895848522717,12.217,57.1
28952,1979-04-11 00:00:00,0.0649901034845086,-0.1406538119003763,0.2706340188693935,12.217,57.1
28953,1979-04-12 00:00:00,0.0386161899219184,-0.16712183671309,0.2443542165569269,12.217,57.1
28954,1979-04-13 00:00:00,0.0870627079426092,-0.1185960509279198,0.2927214668131382,12.217,57.1
28955,1979-04-14 00:00:00,0.0873429070487022,-0.1181549010100813,0.2928407151074859,12.217,57.1
28956,1979-04-15 00:00:00,0.0125964403601391,-0.1931114878300801,0.2183043685503584,12.217,57.1
28957,1979-04-16 00:00:00,0.0041073500022866,-0.201677333684088,0.2098920336886613,12.217,57.1
28958,1979-04-17 00:00:00,-0.0114423262780232,-0.2174385693276069,0.1945539167715605,12.217,57.1
28959,1979-04-18 00:00:00,-0.0590948320586699,-0.264911724935913,0.146722060818573,12.217,57.1
28960,1979-04-19 00:00:00,-0.0327003997072898,-0.2382093942719595,0.1728085948573797,12.217,57.1
28961,1979-04-20 00:00:00,0.0685034558211275,-0.1369177327072711,0.2739246443495261,12.217,57.1
28962,1979-04-21 00:00:00,0.1136060253613446,-0.091876526379243,0.3190885771019323,12.217,57.1
28963,1979-04-22 00:00:00,0.1431881622538192,-0.0623250995925161,0.3487014241001546,12.217,57.1
28964,1979-04-23 00:00:00,0.1574193324415446,-0.0481745335820862,0.3630131984651756,12.217,57.1
28965,1979-04-24 00:00:00,0.2443491003499699,0.038515196768677,0.4501830039312628,12.217,57.1
28966,1979-04-25 00:00:00,0.0820679261243494,-0.1239866454121974,0.2881224976608963,12.217,57.1
28967,1979-04-26 00:00:00,0.0866152212208874,-0.1201597195646211,0.293390162006396,12.217,57.1
28968,1979-04-27 00:00:00,0.0682295617511295,-0.1374228533048263,0.2738819768070853,12.217,57.1
28969,1979-04-28 00:00:00,0.0436660984111571,-0.1617933855749628,0.2491255823972771,12.217,57.1
28970,1979-04-29 00:00:00,0.1375686752738585,-0.0679286606083465,0.3430660111560637,12.217,57.1
28971,1979-04-30 00:00:00,0.2794921959113404,0.0724179257909473,0.4865664660317335,12.217,57.1
28972,1979-05-01 00:00:00,0.5064783272100308,0.2986588943440017,0.7142977600760599,12.217,57.1
28973,1979-05-02 00:00:00,0.2545763910129576,0.048032471103967,0.4611203109219481,12.217,57.1
28974,1979-05-03 00:00:00,0.1275795727162539,-0.0803570509388131,0.335516196371321,12.217,57.1
28975,1979-05-04 00:00:00,0.1419149880254894,-0.0653891077675834,0.3492190838185623,12.217,57.1
28976,1979-05-05 00:00:00,0.0835246109631032,-0.1221076717377595,0.2891568936639661,12.217,57.1
28977,1979-05-06 00:00:00,0.0293886530681673,-0.1762687042013087,0.2350460103376434,12.217,57.1
28978,1979-05-07 00:00:00,0.0244826904046647,-0.1810803773521559,0.2300457581614855,12.217,57.1
28979,1979-05-08 00:00:00,0.0573412171920588,-0.148456034127881,0.2631384685119985,12.217,57.1
28980,1979-05-09 00:00:00,0.0465092312840245,-0.1596068187768041,0.2526252813448532,12.217,57.1
28981,1979-05-10 00:00:00,-0.0033537992676355,-0.2090429440323932,0.2023353454971221,12.217,57.1
28982,1979-05-11 00:00:00,0.0247576740672689,-0.1811794960659843,0.2306948442005222,12.217,57.1
28983,1979-05-12 00:00:00,0.0605567687540671,-0.1451085350576526,0.2662220725657868,12.217,57.1
28984,1979-05-13 00:00:00,-0.0334114379390365,-0.239143839827493,0.1723209639494199,12.217,57.1
28985,1979-05-14 00:00:00,0.0666438153367455,-0.1390533771755224,0.2723410078490135,12.217,57.1
28986,1979-05-15 00:00:00,0.1124126772061768,-0.0939635328575951,0.3187888872699488,12.217,57.1
28987,1979-05-16 00:00:00,0.1011583487064367,-0.1046253341565656,0.3069420315694392,12.217,57.1
28988,1979-05-17 00:00:00,0.1726866256896418,-0.0330802654941942,0.3784535168734779,12.217,57.1
28989,1979-05-18 00:00:00,0.1652735339592449,-0.0409422552291039,0.3714893231475938,12.217,57.1
28990,1979-05-19 00:00:00,0.0755078573132868,-0.1306374799033609,0.2816531945299346,12.217,57.1
28991,1979-05-20 00:00:00,0.1840678318810657,-0.0220503257277916,0.3901859894899231,12.217,57.1
28992,1979-05-21 00:00:00,-0.0406169210835612,-0.2479597958461011,0.1667259536789787,12.217,57.1
28993,1979-05-22 00:00:00,0.091723546518562,-0.1170151060324498,0.3004621990695739,12.217,57.1
28994,1979-05-23 00:00:00,0.0871376068381729,-0.1185998974499904,0.2928751111263363,12.217,57.1
28995,1979-05-24 00:00:00,0.1061614414916598,-0.0993774528461588,0.3117003358294786,12.217,57.1
28996,1979-05-25 00:00:00,0.0761372088508526,-0.1300938871846748,0.2823683048863801,12.217,57.1
28997,1979-05-26 00:00:00,0.0679105579134288,-0.1383960586184371,0.2742171744452947,12.217,57.1
28998,1979-05-27 00:00:00,0.061658094741736,-0.1451144570982595,0.2684306465817315,12.217,57.1
28999,1979-05-28 00:00:00,0.0067895004426602,-0.201769974043609,0.2153489749289294,12.217,57.1
29000,1979-05-29 00:00:00,0.0691894913962281,-0.1365930608536743,0.2749720436461306,12.217,57.1
29001,1979-05-30 00:00:00,0.071939532911404,-0.134087677324342,0.2779667431471501,12.217,57.1
29002,1979-05-31 00:00:00,0.0103523764874162,-0.1955449110138585,0.216249663988691,12.217,57.1
29003,1979-06-01 00:00:00,0.0206487690869249,-0.18496904225716,0.2262665804310098,12.217,57.1
29004,1979-06-02 00:00:00,-0.084250232806977,-0.2901730345333622,0.121672568919408,12.217,57.1
29005,1979-06-03 00:00:00,-0.0842025233782444,-0.2901972606321696,0.1217922138756806,12.217,57.1
29006,1979-06-04 00:00:00,-0.1150924184857299,-0.321071644797524,0.0908868078260641,12.217,57.1
29007,1979-06-05 00:00:00,-0.0106638209682795,-0.2163462436421486,0.1950186017055895,12.217,57.1
29008,1979-06-06 00:00:00,0.0202697149259252,-0.1852277850218299,0.2257672148736804,12.217,57.1
29009,1979-06-07 00:00:00,0.0311876265813649,-0.174265923223076,0.2366411763858061,12.217,57.1
29010,1979-06-08 00:00:00,0.0216310538322169,-0.183893175456903,0.227155283121337,12.217,57.1
29011,1979-06-09 00:00:00,0.168187757190571,-0.0374067354545022,0.3737822498356443,12.217,57.1
29012,1979-06-10 00:00:00,0.113020946895704,-0.0933276574531395,0.3193695512445477,12.217,57.1
29013,1979-06-11 00:00:00,0.0625262373046166,-0.1430022579828904,0.2680547325921238,12.217,57.1
29014,1979-06-12 00:00:00,0.0327551963593485,-0.1726521357606646,0.2381625284793617,12.217,57.1
29015,1979-06-13 00:00:00,0.0588790410555626,-0.14653360417626,0.2642916862873853,12.217,57.1
29016,1979-06-14 00:00:00,0.1720636839230421,-0.0334314238389958,0.3775587916850801,12.217,57.1
29017,1979-06-15 00:00:00,0.1880645062587113,-0.0179577067132282,0.3940867192306508,12.217,57.1
29018,1979-06-16 00:00:00,0.0902533537040206,-0.1154944786026707,0.2960011860107119,12.217,57.1
29019,1979-06-17 00:00:00,0.025521005794228,-0.1803942805137853,0.2314362921022414,12.217,57.1
29020,1979-06-18 00:00:00,0.0106474815515866,-0.1953212385736454,0.2166162016768189,12.217,57.1
29021,1979-06-19 00:00:00,-0.0170976144305243,-0.2228915370667263,0.1886963082056776,12.217,57.1
29022,1979-06-20 00:00:00,-0.0045228987513252,-0.2099895041404768,0.2009437066378262,12.217,57.1
29023,1979-06-21 00:00:00,0.0209714675759945,-0.1844318523586042,0.2263747875105933,12.217,57.1
29024,1979-06-22 00:00:00,0.0711787960596844,-0.1344548991306705,0.2768124912500393,12.217,57.1
29025,1979-06-23 00:00:00,0.0541773473509358,-0.1516015060529663,0.259956200754838,12.217,57.1
29026,1979-06-24 00:00:00,0.0626060162996235,-0.1430272069995967,0.2682392395988438,12.217,57.1
29027,1979-06-25 00:00:00,0.1590271639132918,-0.0468214953099904,0.3648758231365741,12.217,57.1
29028,1979-06-26 00:00:00,0.1240318492338367,-0.0821966785900821,0.3302603770577556,12.217,57.1
29029,1979-06-27 00:00:00,0.1195915407454827,-0.0868993317940224,0.3260824132849879,12.217,57.1
29030,1979-06-28 00:00:00,0.1784330126909536,-0.0278967547235127,0.3847627801054199,12.217,57.1
29031,1979-06-29 00:00:00,0.1560109851695659,-0.0500372472707174,0.3620592176098494,12.217,57.1
29032,1979-06-30 00:00:00,0.1902194912319586,-0.0160779954370924,0.3965169779010097,12.217,57.1
29033,1979-07-01 00:00:00,0.2154259832385038,0.0095388131077521,0.4213131533692556,12.217,57.1
29034,1979-07-02 00:00:00,0.1396300507083945,-0.0660523558164355,0.3453124572332245,12.217,57.1
29035,1979-07-03 00:00:00,0.1427305506600318,-0.0630375902224973,0.3484986915425611,12.217,57.1
29036,1979-07-04 00:00:00,0.0311467550257138,-0.1747687299816237,0.2370622400330514,12.217,57.1
29037,1979-07-05 00:00:00,-0.0015771640463142,-0.2072244156787313,0.2040700875861027,12.217,57.1
29038,1979-07-06 00:00:00,0.0266085436832354,-0.178973421412981,0.2321905087794519,12.217,57.1
29039,1979-07-07 00:00:00,0.0906732776503588,-0.1150260527067455,0.2963726080074631,12.217,57.1
29040,1979-07-08 00:00:00,0.1302172318980962,-0.0754189092969273,0.3358533730931197,12.217,57.1
29041,1979-07-09 00:00:00,0.2010068045348262,-0.0049548596418231,0.4069684687114755,12.217,57.1
29042,1979-07-10 00:00:00,0.082794345570202,-0.1230141484287242,0.2886028395691283,12.217,57.1
29043,1979-07-11 00:00:00,0.0883290346895123,-0.1173596979713389,0.2940177673503635,12.217,57.1
29044,1979-07-12 00:00:00,0.0389650209473338,-0.1666060828442911,0.2445361247389588,12.217,57.1
29045,1979-07-13 00:00:00,0.0338190715532103,-0.1716195004239165,0.2392576435303371,12.217,57.1
29046,1979-07-14 00:00:00,0.0272129183554971,-0.1781889352162639,0.2326147719272581,12.217,57.1
29047,1979-07-15 00:00:00,0.1193647326472135,-0.0862658016006792,0.3249952668951064,12.217,57.1
29048,1979-07-16 00:00:00,0.1871408405131394,-0.0188963953325103,0.3931780763587891,12.217,57.1
29049,1979-07-17 00:00:00,0.1285453380849265,-0.0773616880401803,0.3344523642100334,12.217,57.1
29050,1979-07-18 00:00:00,0.1113535682657275,-0.0941742425348445,0.3168813790662996,12.217,57.1
29051,1979-07-19 00:00:00,0.2251922402213823,0.0193817585842671,0.4310027218584976,12.217,57.1
29052,1979-07-20 00:00:00,0.3651194227285128,0.159116674031477,0.5711221714255486,12.217,57.1
29053,1979-07-21 00:00:00,0.4265776151258024,0.2202924981663882,0.6328627320852165,12.217,57.1
29054,1979-07-22 00:00:00,0.2128203058634299,0.0066454339854111,0.4189951777414487,12.217,57.1
29055,1979-07-23 00:00:00,0.1581957988103716,-0.0475708913112266,0.3639624889319699,12.217,57.1
29056,1979-07-24 00:00:00,0.2252719708104466,0.0195294930161332,0.43101444860476,12.217,57.1
29057,1979-07-25 00:00:00,0.1358668623251485,-0.0697207061717785,0.3414544308220756,12.217,57.1
29058,1979-07-26 00:00:00,0.0900503308466919,-0.115372890378027,0.295473552071411,12.217,57.1
29059,1979-07-27 00:00:00,0.0166770173885828,-0.1887631212804056,0.2221171560575712,12.217,57.1
29060,1979-07-28 00:00:00,0.0234742244758862,-0.1819520824340758,0.2289005313858483,12.217,57.1
29061,1979-07-29 00:00:00,0.0710515459274747,-0.1343878125375452,0.2764909043924947,12.217,57.1
29062,1979-07-30 00:00:00,0.1783106252429038,-0.0273204920315403,0.383941742517348,12.217,57.1
29063,1979-07-31 00:00:00,0.1053554453157948,-0.1005834229024058,0.3112943135339956,12.217,57.1
29064,1979-08-01 00:00:00,0.1659263725257301,-0.0397497888293836,0.3716025338808438,12.217,57.1
29065,1979-08-02 00:00:00,0.1740213804884795,-0.0317182531807189,0.379761014157678,12.217,57.1
29066,1979-08-03 00:00:00,0.2064892810392709,0.0006909079166967,0.4122876541618451,12.217,57.1
29067,1979-08-04 00:00:00,0.1260470728299617,-0.0797245139907109,0.3318186596506345,12.217,57.1
29068,1979-08-05 00:00:00,0.0084553801828641,-0.1970411193752158,0.213951879740944,12.217,57.1
29069,1979-08-06 00:00:00,0.0171451779564001,-0.1883079146104969,0.2225982705232972,12.217,57.1
29070,1979-08-07 00:00:00,0.0767447538813367,-0.1287355241513302,0.2822250319140037,12.217,57.1
29071,1979-08-08 00:00:00,0.1364078621628965,-0.0691473978111947,0.3419631221369877,12.217,57.1
29072,1979-08-09 00:00:00,0.2018970558173498,-0.0040101580867478,0.4078042697214475,12.217,57.1
29073,1979-08-10 00:00:00,0.0731806465715993,-0.1330289187842618,0.2793902119274606,12.217,57.1
29074,1979-08-11 00:00:00,0.0444436051704334,-0.1616036842435593,0.2504908945844262,12.217,57.1
29075,1979-08-12 00:00:00,0.0945129479352566,-0.1114457844797737,0.3004716803502871,12.217,57.1
29076,1979-08-13 00:00:00,0.0586586864529083,-0.1469308029493631,0.2642481758551799,12.217,57.1
29077,1979-08-14 00:00:00,0.0827710128582542,-0.1226771028346185,0.2882191285511271,12.217,57.1
29078,1979-08-15 00:00:00,0.2204180387693416,0.0140791591152088,0.4267569184234744,12.217,57.1
29079,1979-08-16 00:00:00,0.0417985483765685,-0.1654319892202703,0.2490290859734075,12.217,57.1
29080,1979-08-17 00:00:00,-0.0240643991246804,-0.2297877828312926,0.1816589845819316,12.217,57.1
29081,1979-08-18 00:00:00,0.0839277979971108,-0.1222038669617733,0.290059462955995,12.217,57.1
29082,1979-08-19 00:00:00,-0.0108426395309403,-0.216440420376171,0.1947551413142903,12.217,57.1
29083,1979-08-20 00:00:00,0.0183382949060184,-0.1871345930479855,0.2238111828600223,12.217,57.1
29084,1979-08-21 00:00:00,0.0477791745206036,-0.1577281659402784,0.2532865149814856,12.217,57.1
29085,1979-08-22 00:00:00,0.2003604242455718,-0.0054126300542324,0.406133478545376,12.217,57.1
29086,1979-08-23 00:00:00,0.1526614333432332,-0.0530239611969464,0.3583468278834129,12.217,57.1
29087,1979-08-24 00:00:00,0.1256888314512608,-0.0797485718238369,0.3311262347263587,12.217,57.1
29088,1979-08-25 00:00:00,0.0783552961911722,-0.1270610683301062,0.2837716607124508,12.217,57.1
29089,1979-08-26 00:00:00,-0.0002152512639055,-0.2060012534437959,0.2055707509159849,12.217,57.1
29090,1979-08-27 00:00:00,0.1982463432050663,-0.0120582116343352,0.408550898044468,12.217,57.1
29091,1979-08-28 00:00:00,0.2257304260713961,0.0154325596135737,0.4360282925292185,12.217,57.1
29092,1979-08-29 00:00:00,0.1388435335456758,-0.0674393443236571,0.3451264114150087,12.217,57.1
29093,1979-08-30 00:00:00,0.085748916745956,-0.119851970547301,0.2913498040392132,12.217,57.1
29094,1979-08-31 00:00:00,0.0771910436664378,-0.128556845573514,0.2829389329063897,12.217,57.1
29095,1979-09-01 00:00:00,0.0027262012687194,-0.202818399016194,0.208270801553633,12.217,57.1
29096,1979-09-02 00:00:00,0.0540743562038522,-0.1513350085973955,0.2594837210051,12.217,57.1
29097,1979-09-03 00:00:00,0.1352058957511989,-0.0704073332942475,0.3408191247966453,12.217,57.1
29098,1979-09-04 00:00:00,0.0786384358082429,-0.127172825110107,0.284449696726593,12.217,57.1
29099,1979-09-05 00:00:00,0.0967456334573615,-0.1089906001342035,0.3024818670489266,12.217,57.1
29100,1979-09-06 00:00:00,0.0522485902778283,-0.1532816109569303,0.257778791512587,12.217,57.1
29101,1979-09-07 00:00:00,0.0580150922402447,-0.1474690056996068,0.2634991901800964,12.217,57.1
29102,1979-09-08 00:00:00,0.0790724625158499,-0.1264215333343958,0.2845664583660958,12.217,57.1
29103,1979-09-09 00:00:00,0.0236085308293441,-0.1819432620539996,0.229160323712688,12.217,57.1
29104,1979-09-10 00:00:00,0.0298466522596316,-0.175643843243308,0.2353371477625712,12.217,57.1
29105,1979-09-11 00:00:00,0.1679277230018612,-0.0378638645233116,0.3737193105270341,12.217,57.1
29106,1979-09-12 00:00:00,0.3594141813485468,0.1515006730002204,0.5673276896968732,12.217,57.1
29107,1979-09-13 00:00:00,0.1360757293470132,-0.0707617677620641,0.3429132264560907,12.217,57.1
29108,1979-09-14 00:00:00,0.606351160342406,0.3962686184516588,0.8164337022331531,12.217,57.1
29109,1979-09-15 00:00:00,0.089343866741952,-0.1199180533164127,0.2986057868003168,12.217,57.1
29110,1979-09-16 00:00:00,0.0600657148604013,-0.1463643780993413,0.2664958078201441,12.217,57.1
29111,1979-09-17 00:00:00,0.1712012391044611,-0.0347361395872816,0.3771386177962039,12.217,57.1
29112,1979-09-18 00:00:00,0.3402261026151842,0.1339209936532024,0.5465312115771661,12.217,57.1
29113,1979-09-19 00:00:00,0.5646329149555909,0.3579865380918892,0.7712792918192926,12.217,57.1
29114,1979-09-20 00:00:00,0.1910529877026712,-0.015988152898633,0.3980941283039756,12.217,57.1
29115,1979-09-21 00:00:00,0.270251120300645,0.0634549460341273,0.4770472945671626,12.217,57.1
29116,1979-09-22 00:00:00,0.3072904560376818,0.1001800746223923,0.5144008374529714,12.217,57.1
29117,1979-09-23 00:00:00,0.0188668110894513,-0.1869535695758438,0.2246871917547466,12.217,57.1
29118,1979-09-24 00:00:00,0.0701819809831481,-0.1354133558696247,0.2757773178359211,12.217,57.1
29119,1979-09-25 00:00:00,0.0102117418631249,-0.1953098426196969,0.2157333263459468,12.217,57.1
29120,1979-09-26 00:00:00,0.0971560207981146,-0.1096550937719222,0.3039671353681514,12.217,57.1
29121,1979-09-27 00:00:00,0.2519512380574311,0.0446246667877044,0.4592778093271578,12.217,57.1
29122,1979-09-28 00:00:00,0.2133119024857747,0.0057528976951158,0.4208709072764335,12.217,57.1
29123,1979-09-29 00:00:00,0.0867605505955385,-0.1197768003447077,0.2932979015357849,12.217,57.1
29124,1979-09-30 00:00:00,-0.0148579802190045,-0.220996976776682,0.191281016338673,12.217,57.1
29125,1979-10-01 00:00:00,-0.0785100294021857,-0.284052571630724,0.1270325128263525,12.217,57.1
29126,1979-10-02 00:00:00,-0.0708415974322216,-0.2764424676097172,0.1347592727452738,12.217,57.1
29127,1979-10-03 00:00:00,-0.0584733876566725,-0.2641445517061343,0.1471977763927892,12.217,57.1
29128,1979-10-04 00:00:00,0.0184168693557358,-0.1872961125310532,0.2241298512425248,12.217,57.1
29129,1979-10-05 00:00:00,0.0052378184324027,-0.2005868241197005,0.211062460984506,12.217,57.1
29130,1979-10-06 00:00:00,-0.0382858953740832,-0.2448659036734765,0.16829411292531,12.217,57.1
29131,1979-10-07 00:00:00,0.0210169756624162,-0.1853262322592905,0.227360183584123,12.217,57.1
29132,1979-10-08 00:00:00,0.066199863396156,-0.1395137097113143,0.2719134365036264,12.217,57.1
29133,1979-10-09 00:00:00,0.0369639467038522,-0.1685204278530543,0.2424483212607588,12.217,57.1
29134,1979-10-10 00:00:00,0.0786554074134986,-0.1269106526696982,0.2842214674966955,12.217,57.1
29135,1979-10-11 00:00:00,0.1444279575360328,-0.0611836825678483,0.350039597639914,12.217,57.1
29136,1979-10-12 00:00:00,0.123718583069131,-0.0820062683695918,0.329443434507854,12.217,57.1
29137,1979-10-13 00:00:00,0.1605240965315514,-0.0453185176697824,0.3663667107328854,12.217,57.1
29138,1979-10-14 00:00:00,0.0640763668041786,-0.1415980312813872,0.2697507648897444,12.217,57.1
29139,1979-10-15 00:00:00,0.2113173045048192,0.0054124767540664,0.417222132255572,12.217,57.1
29140,1979-10-16 00:00:00,0.0741761994500071,-0.1321613601522386,0.2805137590522529,12.217,57.1
29141,1979-10-17 00:00:00,0.0724368025193609,-0.1344589476883508,0.2793325527270726,12.217,57.1
29142,1979-10-18 00:00:00,0.1184243045030941,-0.0873059190135516,0.3241545280197398,12.217,57.1
29143,1979-10-19 00:00:00,0.0831453553108263,-0.123815097987265,0.2901058086089178,12.217,57.1
29144,1979-10-20 00:00:00,0.2418638843232819,0.03470778744225,0.4490199812043139,12.217,57.1
29145,1979-10-21 00:00:00,0.3032262027381371,0.0952726606665694,0.5111797448097047,12.217,57.1
29146,1979-10-22 00:00:00,-0.047143182804934,-0.253510996635309,0.1592246310254409,12.217,57.1
29147,1979-10-23 00:00:00,-0.1131654583929163,-0.3189381038732438,0.092607187087411,12.217,57.1
29148,1979-10-24 00:00:00,-0.1033726979619223,-0.3090107507899858,0.102265354866141,12.217,57.1
29149,1979-10-25 00:00:00,-0.0188600453870825,-0.2246612811424904,0.1869411903683254,12.217,57.1
29150,1979-10-26 00:00:00,-0.047263260798508,-0.2532989077994794,0.1587723862024634,12.217,57.1
29151,1979-10-27 00:00:00,-0.0916713153797847,-0.2978007768424384,0.114458146082869,12.217,57.1
29152,1979-10-28 00:00:00,-0.0387594639785143,-0.2446141187119478,0.1670951907549191,12.217,57.1
29153,1979-10-29 00:00:00,-0.0348491988946087,-0.240841928895899,0.1711435311066816,12.217,57.1
29154,1979-10-30 00:00:00,0.0336556790551252,-0.1723603451175067,0.2396717032277572,12.217,57.1
29155,1979-10-31 00:00:00,0.0988922912359153,-0.1072518769196274,0.3050364593914582,12.217,57.1
29156,1979-11-01 00:00:00,0.2106076384191695,0.0036131406045361,0.4176021362338029,12.217,57.1
29157,1979-11-02 00:00:00,0.1007471139445206,-0.1059721581724519,0.3074663860614931,12.217,57.1
29158,1979-11-03 00:00:00,-0.1008484841091806,-0.3067585216927949,0.1050615534744336,12.217,57.1
29159,1979-11-04 00:00:00,0.017029417482645,-0.1928711980239251,0.2269300329892151,12.217,57.1
29160,1979-11-05 00:00:00,0.4180848301054079,0.2048584326518816,0.6313112275589342,12.217,57.1
29161,1979-11-06 00:00:00,0.3606023321437714,0.1546278794274409,0.566576784860102,12.217,57.1
29162,1979-11-07 00:00:00,0.2522560139607604,0.0458972823202913,0.4586147456012295,12.217,57.1
29163,1979-11-08 00:00:00,0.2824015066032238,0.0763977849331827,0.4884052282732649,12.217,57.1
29164,1979-11-09 00:00:00,0.2726915976027291,0.066799410853698,0.4785837843517601,12.217,57.1
29165,1979-11-10 00:00:00,0.1287177922308719,-0.0768570230314923,0.3342926074932362,12.217,57.1
29166,1979-11-11 00:00:00,0.0631051733168669,-0.1424302396916887,0.2686405863254226,12.217,57.1
29167,1979-11-12 00:00:00,0.2011746658379281,-0.0051476235854443,0.4074969552613006,12.217,57.1
29168,1979-11-13 00:00:00,0.2464089577183011,0.0340588806863274,0.4587590347502748,12.217,57.1
29169,1979-11-14 00:00:00,0.309905820800829,0.1021610618423551,0.5176505797593031,12.217,57.1
29170,1979-11-15 00:00:00,0.1663858613482318,-0.0396869860179204,0.3724587087143842,12.217,57.1
29171,1979-11-16 00:00:00,0.1037356786897728,-0.1020014942123801,0.3094728515919259,12.217,57.1
29172,1979-11-17 00:00:00,0.0531603627402385,-0.1568278412225228,0.2631485667029998,12.217,57.1
29173,1979-11-18 00:00:00,0.195849036020232,-0.0138416658917238,0.405539737932188,12.217,57.1
29174,1979-11-19 00:00:00,0.26988480140204,0.062036911761257,0.477732691042823,12.217,57.1
29175,1979-11-20 00:00:00,-0.0495209313393999,-0.2555390352077871,0.1564971725289872,12.217,57.1
29176,1979-11-21 00:00:00,-0.1119253915566449,-0.3178432707510206,0.0939924876377306,12.217,57.1
29177,1979-11-22 00:00:00,-0.0515223594685868,-0.2573237507224653,0.1542790317852916,12.217,57.1
29178,1979-11-23 00:00:00,0.1973430027596358,-0.0085310816391065,0.4032170871583782,12.217,57.1
29179,1979-11-24 00:00:00,0.1611683426571842,-0.0449347482079495,0.3672714335223181,12.217,57.1
29180,1979-11-25 00:00:00,0.1677646453150715,-0.0380552268629749,0.373584517493118,12.217,57.1
29181,1979-11-26 00:00:00,0.1744866815617089,-0.0336781382671661,0.3826515013905839,12.217,57.1
29182,1979-11-27 00:00:00,0.7629376032359084,0.5509042206692221,0.9749709858025948,12.217,57.1
29183,1979-11-28 00:00:00,0.0554451249664126,-0.1525174639490583,0.2634077138818835,12.217,57.1
29184,1979-11-29 00:00:00,0.0880625767545253,-0.117722092868968,0.2938472463780187,12.217,57.1
29185,1979-11-30 00:00:00,0.4765771929154348,0.2691005098626776,0.684053875968192,12.217,57.1
29186,1979-12-01 00:00:00,0.2075429973849709,0.0007706119102109,0.4143153828597308,12.217,57.1
29187,1979-12-02 00:00:00,0.2819867326350709,0.0759150659152024,0.4880583993549393,12.217,57.1
29188,1979-12-03 00:00:00,0.3633112696965038,0.1573651369251871,0.5692574024678205,12.217,57.1
29189,1979-12-04 00:00:00,0.2382072221111483,0.0321727661909161,0.4442416780313806,12.217,57.1
29190,1979-12-05 00:00:00,0.1695070168661972,-0.0416002238005411,0.3806142575329356,12.217,57.1
29191,1979-12-06 00:00:00,0.4684005599028366,0.2557917561590482,0.681009363646625,12.217,57.1
29192,1979-12-07 00:00:00,0.2876197959539907,0.0804170826455428,0.4948225092624386,12.217,57.1
29193,1979-12-08 00:00:00,0.0552181286134296,-0.1515279295086656,0.261964186735525,12.217,57.1
29194,1979-12-09 00:00:00,0.0798785016393425,-0.1257748960817529,0.2855318993604379,12.217,57.1
29195,1979-12-10 00:00:00,0.1347480239888811,-0.0716859359528841,0.3411819839306463,12.217,57.1
29196,1979-12-11 00:00:00,0.2694671013742069,0.0584693383762305,0.4804648643721833,12.217,57.1
29197,1979-12-12 00:00:00,0.0104032121458554,-0.1978578413426953,0.2186642656344061,12.217,57.1
29198,1979-12-13 00:00:00,-0.0975058742657933,-0.3038936006599682,0.1088818521283813,12.217,57.1
29199,1979-12-14 00:00:00,0.1599709804248767,-0.0462696408266093,0.3662116016763628,12.217,57.1
29200,1979-12-15 00:00:00,0.0585238930198615,-0.1497522668268898,0.2668000528666129,12.217,57.1
29201,1979-12-16 00:00:00,0.1494802263118098,-0.059022748854228,0.3579832014778477,12.217,57.1
29202,1979-12-17 00:00:00,0.0916372257631856,-0.1152481487684043,0.2985226002947755,12.217,57.1
29203,1979-12-18 00:00:00,0.3607147566859288,0.1527276723244781,0.5687018410473795,12.217,57.1
29204,1979-12-19 00:00:00,0.1365400531385381,-0.0711886199593057,0.344268726236382,12.217,57.1
29205,1979-12-20 00:00:00,0.0258837322413247,-0.1798111391512675,0.2315786036339169,12.217,57.1
29206,1979-12-21 00:00:00,-0.0886287494146313,-0.2945969750417564,0.1173394762124938,12.217,57.1
29207,1979-12-22 00:00:00,-0.0773561929147869,-0.2829895686394282,0.1282771828098544,12.217,57.1
29208,1979-12-23 00:00:00,-0.0173762026936387,-0.2233528945475019,0.1886004891602244,12.217,57.1
29209,1979-12-24 00:00:00,0.1894793827220751,-0.0169443217875411,0.3959030872316914,12.217,57.1
29210,1979-12-25 00:00:00,0.1402788588514329,-0.0657660128061736,0.3463237305090396,12.217,57.1
29211,1979-12-26 00:00:00,0.0268304384443936,-0.1788503835733362,0.2325112604621235,12.217,57.1
29212,1979-12-27 00:00:00,0.0726309947182111,-0.1336041281953323,0.2788661176317546,12.217,57.1
29213,1979-12-28 00:00:00,0.2421687784010117,0.0300980366103728,0.4542395201916507,12.217,57.1
29214,1979-12-29 00:00:00,0.4493070025750506,0.2371942390350079,0.6614197661150932,12.217,57.1
29215,1979-12-30 00:00:00,0.2530995552602786,0.0464653957301185,0.4597337147904387,12.217,57.1
29216,1979-12-31 00:00:00,0.1032370457512676,-0.1027210260165167,0.309195117519052,12.217,57.1
29217,1980-01-01 00:00:00,0.0344535654077206,-0.1713697660556035,0.2402768968710449,12.217,57.1
29218,1980-01-02 00:00:00,-0.0020889023535826,-0.2077816960492677,0.2036038913421023,12.217,57.1
29219,1980-01-03 00:00:00,-0.0791688363376504,-0.2851204833408109,0.12678281066551,12.217,57.1
29220,1980-01-04 00:00:00,-0.0704738271909395,-0.2763521690374984,0.1354045146556192,12.217,57.1
29221,1980-01-05 00:00:00,0.1807018382028175,-0.0255841953539171,0.3869878717595522,12.217,57.1
29222,1980-01-06 00:00:00,0.1019011680726116,-0.1042506481336492,0.3080529842788726,12.217,57.1
29223,1980-01-07 00:00:00,-0.0405350098148042,-0.2461187618112538,0.1650487421816452,12.217,57.1
29224,1980-01-08 00:00:00,-0.0891884022008023,-0.2947004921363489,0.1163236877347441,12.217,57.1
29225,1980-01-09 00:00:00,-0.1013613082392727,-0.3069009692096803,0.1041783527311349,12.217,57.1
29226,1980-01-10 00:00:00,-0.0747151449816561,-0.2802976168695849,0.1308673269062724,12.217,57.1
29227,1980-01-11 00:00:00,-0.1326309742369141,-0.3381833871531,0.0729214386792718,12.217,57.1
29228,1980-01-12 00:00:00,-0.1328405009076071,-0.3384233077969955,0.072742305981781,12.217,57.1
29229,1980-01-13 00:00:00,-0.1120643452578352,-0.3176878340316365,0.0935591435159661,12.217,57.1
29230,1980-01-14 00:00:00,0.2070731401076649,0.0010624597573551,0.4130838204579746,12.217,57.1
29231,1980-01-15 00:00:00,0.1688935550158011,-0.0369082233731423,0.3746953334047447,12.217,57.1
29232,1980-01-16 00:00:00,0.0156683587688185,-0.1900140302025121,0.2213507477401492,12.217,57.1
29233,1980-01-17 00:00:00,0.0295733553526197,-0.1759494833564069,0.2350961940616464,12.217,57.1
29234,1980-01-18 00:00:00,0.0843275863995459,-0.1212131313938473,0.2898683041929393,12.217,57.1
29235,1980-01-19 00:00:00,0.0632461149723712,-0.1422336164263616,0.2687258463711041,12.217,57.1
29236,1980-01-20 00:00:00,0.0443510762730554,-0.1611571738702773,0.2498593264163882,12.217,57.1
29237,1980-01-21 00:00:00,0.1280945286674145,-0.077549270669684,0.3337383280045131,12.217,57.1
29238,1980-01-22 00:00:00,0.101032014230804,-0.1050158311981647,0.3070798596597728,12.217,57.1
29239,1980-01-23 00:00:00,0.2855810148417418,0.0793311145588333,0.4918309151246503,12.217,57.1
29240,1980-01-24 00:00:00,0.1229241122949019,-0.0829136993907879,0.3287619239805918,12.217,57.1
29241,1980-01-25 00:00:00,-0.0345204917411281,-0.2405341034539944,0.1714931199717382,12.217,57.1
29242,1980-01-26 00:00:00,-0.0597199095247689,-0.2654750861002211,0.1460352670506831,12.217,57.1
29243,1980-01-27 00:00:00,-0.0147400078423644,-0.2207092572724489,0.1912292415877199,12.217,57.1
29244,1980-01-28 00:00:00,-0.062553697061489,-0.270007297972802,0.1448999038498239,12.217,57.1
29245,1980-01-29 00:00:00,0.0672778985198644,-0.1385633619453843,0.2731191589851132,12.217,57.1
29246,1980-01-30 00:00:00,0.0612658121078207,-0.1444499689661369,0.2669815931817784,12.217,57.1
29247,1980-01-31 00:00:00,0.2542799212844793,0.0469725491264026,0.4615872934425559,12.217,57.1
29248,1980-02-01 00:00:00,0.0878552642515442,-0.1199961636586993,0.2957066921617877,12.217,57.1
29249,1980-02-02 00:00:00,0.0712100088179039,-0.1362658415235643,0.2786858591593721,12.217,57.1
29250,1980-02-03 00:00:00,0.1196398302111366,-0.086253622509076,0.3255332829313494,12.217,57.1
29251,1980-02-04 00:00:00,0.0886421960150616,-0.1174328435606508,0.2947172355907742,12.217,57.1
29252,1980-02-05 00:00:00,0.0246890178494852,-0.181011810963836,0.2303898466628064,12.217,57.1
29253,1980-02-06 00:00:00,-0.0747555884398754,-0.2817578239256439,0.1322466470458932,12.217,57.1
29254,1980-02-07 00:00:00,-0.0598014986128974,-0.2660569744457368,0.1464539772199419,12.217,57.1
29255,1980-02-08 00:00:00,-0.0644095054449379,-0.2701462546802024,0.1413272437903266,12.217,57.1
29256,1980-02-09 00:00:00,-0.0618023685122933,-0.2677231917545055,0.1441184547299187,12.217,57.1
29257,1980-02-10 00:00:00,0.042014546894246,-0.1639689167216239,0.2479980105101159,12.217,57.1
29258,1980-02-11 00:00:00,0.1155789457008396,-0.0907040361947459,0.3218619275964252,12.217,57.1
29259,1980-02-12 00:00:00,-0.0405132547157896,-0.2462682820644449,0.1652417726328657,12.217,57.1
29260,1980-02-13 00:00:00,-0.0194370029418295,-0.2250105215826685,0.1861365156990093,12.217,57.1
29261,1980-02-14 00:00:00,0.1276116678249991,-0.078155490368567,0.3333788260185653,12.217,57.1
29262,1980-02-15 00:00:00,0.1145665971902516,-0.0910123048266424,0.3201454992071457,12.217,57.1
29263,1980-02-16 00:00:00,0.1646619265586039,-0.0410927473876561,0.3704166005048639,12.217,57.1
29264,1980-02-17 00:00:00,-0.0032355422101682,-0.2089451510698083,0.2024740666494719,12.217,57.1
29265,1980-02-18 00:00:00,-0.0285219342700004,-0.2340119969094931,0.1769681283694923,12.217,57.1
29266,1980-02-19 00:00:00,0.0127261051222249,-0.1928149652421603,0.2182671754866101,12.217,57.1
29267,1980-02-20 00:00:00,-0.0052176575840303,-0.2108275710374532,0.2003922558693925,12.217,57.1
29268,1980-02-21 00:00:00,-0.0107780964456303,-0.2163497381203002,0.1947935452290396,12.217,57.1
29269,1980-02-22 00:00:00,-0.0083229990369951,-0.2138971523397412,0.1972511542657508,12.217,57.1
29270,1980-02-23 00:00:00,-0.0017173027135768,-0.207329734936798,0.2038951295096443,12.217,57.1
29271,1980-02-24 00:00:00,-0.1168394700386402,-0.3224826664596628,0.0888037263823822,12.217,57.1
29272,1980-02-25 00:00:00,-0.0727704391411509,-0.2783255535528867,0.1327846752705847,12.217,57.1
29273,1980-02-26 00:00:00,-0.0585091456051288,-0.2641087419307157,0.147090450720458,12.217,57.1
29274,1980-02-27 00:00:00,-0.0820859539216818,-0.2877080656673864,0.1235361578240228,12.217,57.1
29275,1980-02-28 00:00:00,-0.0483712060489721,-0.2540685901751262,0.1573261780771819,12.217,57.1
29276,1980-02-29 00:00:00,0.0522292860264142,-0.1538976703320264,0.258356242384855,12.217,57.1
29277,1980-03-01 00:00:00,0.2077887480020346,0.0014563452523257,0.4141211507517435,12.217,57.1
29278,1980-03-02 00:00:00,0.312129776026261,0.1055824625582402,0.5186770894942818,12.217,57.1
29279,1980-03-03 00:00:00,0.1519087769696838,-0.0551698683143426,0.3589874222537103,12.217,57.1
29280,1980-03-04 00:00:00,-0.0152362148349946,-0.222013502178631,0.1915410725086417,12.217,57.1
29281,1980-03-05 00:00:00,-0.0038775696949297,-0.2096689393091788,0.2019137999193194,12.217,57.1
29282,1980-03-06 00:00:00,0.1421035913101995,-0.0636333480771502,0.3478405306975494,12.217,57.1
29283,1980-03-07 00:00:00,0.2475100521966576,0.0416481961226448,0.4533719082706704,12.217,57.1
29284,1980-03-08 00:00:00,0.236873470490237,0.0308311636493771,0.4429157773310969,12.217,57.1
29285,1980-03-09 00:00:00,0.002781177049829,-0.202906780754,0.2084691348536582,12.217,57.1
29286,1980-03-10 00:00:00,-0.0395726350688922,-0.2450982072408847,0.1659529371031002,12.217,57.1
29287,1980-03-11 00:00:00,-0.0211797754611903,-0.226662603010121,0.1843030520877403,12.217,57.1
29288,1980-03-12 00:00:00,-0.0183246640643289,-0.2238001151664759,0.1871507870378179,12.217,57.1
29289,1980-03-13 00:00:00,0.120501913150203,-0.0853006456913702,0.3263044719917763,12.217,57.1
29290,1980-03-14 00:00:00,-0.0219752205033801,-0.2287590218928525,0.1848085808860922,12.217,57.1
29291,1980-03-15 00:00:00,-0.0954817688260224,-0.3013134995460146,0.1103499618939697,12.217,57.1
29292,1980-03-16 00:00:00,-0.0650030146037081,-0.2707620311437385,0.1407560019363222,12.217,57.1
29293,1980-03-17 00:00:00,-0.0650768164203091,-0.2706124217055333,0.1404587888649149,12.217,57.1
29294,1980-03-18 00:00:00,-0.1024059896851791,-0.3081476882774908,0.1033357089071325,12.217,57.1
29295,1980-03-19 00:00:00,-0.214625593564153,-0.4209614916915876,-0.0082896954367185,12.217,57.1
29296,1980-03-20 00:00:00,-0.0762247812954534,-0.2827550774820226,0.1303055148911157,12.217,57.1
29297,1980-03-21 00:00:00,0.0844848082522444,-0.1215387721267654,0.2905083886312543,12.217,57.1
29298,1980-03-22 00:00:00,0.0192394152242866,-0.1867688644552608,0.2252476949038341,12.217,57.1
29299,1980-03-23 00:00:00,0.027285617646577,-0.1785778203315421,0.2331490556246962,12.217,57.1
29300,1980-03-24 00:00:00,-0.0203619300135905,-0.225894951264147,0.1851710912369659,12.217,57.1
29301,1980-03-25 00:00:00,0.0110656818063125,-0.1944396204704147,0.2165709840830398,12.217,57.1
29302,1980-03-26 00:00:00,0.037964883028142,-0.1675022399604605,0.2434320060167446,12.217,57.1
29303,1980-03-27 00:00:00,0.0357542336675531,-0.1697359178699041,0.2412443852050104,12.217,57.1
29304,1980-03-28 00:00:00,0.0637323581447226,-0.1420328256869076,0.269497541976353,12.217,57.1
29305,1980-03-29 00:00:00,0.1544829620203332,-0.0520924707250811,0.3610583947657476,12.217,57.1
29306,1980-03-30 00:00:00,0.1277227566421877,-0.0780775308030439,0.3335230440874194,12.217,57.1
29307,1980-03-31 00:00:00,0.134975110264847,-0.0710959113677131,0.3410461318974071,12.217,57.1
29308,1980-04-01 00:00:00,0.1434257997238216,-0.062481315519322,0.3493329149669653,12.217,57.1
29309,1980-04-02 00:00:00,0.1328509067712635,-0.0728760834282827,0.3385778969708098,12.217,57.1
29310,1980-04-03 00:00:00,0.0191011516517074,-0.1873525813879542,0.225554884691369,12.217,57.1
29311,1980-04-04 00:00:00,-0.0840118818481081,-0.2902156658272845,0.1221919021310681,12.217,57.1
29312,1980-04-05 00:00:00,-0.0930611441297561,-0.2985258499486489,0.1124035616891365,12.217,57.1
29313,1980-04-06 00:00:00,-0.0457192685083901,-0.2511631324194731,0.1597245954026928,12.217,57.1
29314,1980-04-07 00:00:00,-0.0497106735199926,-0.2552302481876575,0.1558089011476723,12.217,57.1
29315,1980-04-08 00:00:00,0.1586739651703827,-0.0470501994160022,0.3643981297567676,12.217,57.1
29316,1980-04-09 00:00:00,0.0683203475020249,-0.1375210832222551,0.2741617782263049,12.217,57.1
29317,1980-04-10 00:00:00,0.0686144658251933,-0.1370956984377057,0.2743246300880925,12.217,57.1
29318,1980-04-11 00:00:00,0.0637396548202059,-0.1418890388842389,0.2693683485246508,12.217,57.1
29319,1980-04-12 00:00:00,0.0644783110586784,-0.1411841079879004,0.2701407301052572,12.217,57.1
29320,1980-04-13 00:00:00,0.0192694639920264,-0.1861679388963254,0.2247068668803783,12.217,57.1
29321,1980-04-14 00:00:00,0.0231274098932572,-0.1823026964439044,0.2285575162304189,12.217,57.1
29322,1980-04-15 00:00:00,-0.0060498754951462,-0.2115302302098636,0.1994304792195711,12.217,57.1
29323,1980-04-16 00:00:00,-0.0225909193972326,-0.2280963950504665,0.1829145562560014,12.217,57.1
29324,1980-04-17 00:00:00,0.0373266281764329,-0.1682205922971317,0.2428738486499977,12.217,57.1
29325,1980-04-18 00:00:00,0.0759329941061506,-0.1299511020815182,0.2818170902938195,12.217,57.1
29326,1980-04-19 00:00:00,0.3799226945264636,0.1732776284106987,0.5865677606422285,12.217,57.1
29327,1980-04-20 00:00:00,0.7655946071900069,0.5452732718130785,0.9859159425669354,12.217,57.1
29328,1980-04-21 00:00:00,0.1188586164428522,-0.0915357461720609,0.3292529790577654,12.217,57.1
29329,1980-04-22 00:00:00,0.0234357436715053,-0.1822112620689186,0.2290827494119294,12.217,57.1
29330,1980-04-23 00:00:00,-0.027703362618771,-0.2332948836751105,0.1778881584375685,12.217,57.1
29331,1980-04-24 00:00:00,-0.0092083807137944,-0.2156627376285949,0.1972459762010059,12.217,57.1
29332,1980-04-25 00:00:00,-0.0167390361089816,-0.2233705267654287,0.1898924545474653,12.217,57.1
29333,1980-04-26 00:00:00,0.0180201900042777,-0.1888800609018137,0.2249204409103692,12.217,57.1
29334,1980-04-27 00:00:00,-0.057403939202117,-0.2633710061174708,0.1485631277132367,12.217,57.1
29335,1980-04-28 00:00:00,0.0228929374893057,-0.1832560245638949,0.2290418995425064,12.217,57.1
29336,1980-04-29 00:00:00,-0.0260398631284809,-0.2315802025342652,0.1795004762773034,12.217,57.1
29337,1980-04-30 00:00:00,-0.0469768314151863,-0.2526152007321952,0.1586615379018224,12.217,57.1
29338,1980-05-01 00:00:00,-0.0285740722722569,-0.2343429376228032,0.1771947930782894,12.217,57.1
29339,1980-05-02 00:00:00,-0.0673505736340384,-0.2729898100590475,0.1382886627909705,12.217,57.1
29340,1980-05-03 00:00:00,-0.0552164662767883,-0.2609316580175777,0.150498725464001,12.217,57.1
29341,1980-05-04 00:00:00,-0.0129257022670614,-0.2185483187397361,0.1926969142056132,12.217,57.1
29342,1980-05-05 00:00:00,-0.019281847202889,-0.2248891611914887,0.1863254667857107,12.217,57.1
29343,1980-05-06 00:00:00,0.0512638769409173,-0.1546107048970577,0.2571384587788924,12.217,57.1
29344,1980-05-07 00:00:00,0.0649352914161636,-0.1406221917013541,0.2704927745336814,12.217,57.1
29345,1980-05-08 00:00:00,0.1334874298995133,-0.0721838606222207,0.3391587204212474,12.217,57.1
29346,1980-05-09 00:00:00,0.182595595257884,-0.023415204124028,0.3886063946397962,12.217,57.1
29347,1980-05-10 00:00:00,-0.0264406050525046,-0.2330301653039054,0.1801489551988961,12.217,57.1
29348,1980-05-11 00:00:00,-0.0777875240052043,-0.2836649139145727,0.128089865904164,12.217,57.1
29349,1980-05-12 00:00:00,-0.0604170725738399,-0.2659980667567182,0.1451639216090383,12.217,57.1
29350,1980-05-13 00:00:00,-0.0306115767668259,-0.2362459545742052,0.1750228010405533,12.217,57.1
29351,1980-05-14 00:00:00,-0.0441072657442114,-0.24971762577922,0.1615030942907971,12.217,57.1
29352,1980-05-15 00:00:00,-0.0802590160243235,-0.2859703428507801,0.1254523108021331,12.217,57.1
29353,1980-05-16 00:00:00,-0.047929087891829,-0.2536539965827901,0.157795820799132,12.217,57.1
29354,1980-05-17 00:00:00,-0.0497844667727722,-0.2553859842227435,0.155817050677199,12.217,57.1
29355,1980-05-18 00:00:00,-0.0335588493080277,-0.2390209615589105,0.171903262942855,12.217,57.1
29356,1980-05-19 00:00:00,0.00586567065278,-0.1997773267948678,0.2115086681004279,12.217,57.1
29357,1980-05-20 00:00:00,0.0372020096683406,-0.1686446174586272,0.2430486367953086,12.217,57.1
29358,1980-05-21 00:00:00,0.0855818428252174,-0.1203970639751714,0.2915607496256062,12.217,57.1
29359,1980-05-22 00:00:00,-0.0411688658228948,-0.2470819016772009,0.1647441700314113,12.217,57.1
29360,1980-05-23 00:00:00,0.0597119600324012,-0.1459576839710764,0.2653816040358789,12.217,57.1
29361,1980-05-24 00:00:00,0.1157146055175047,-0.0904985010595223,0.3219277120945318,12.217,57.1
29362,1980-05-25 00:00:00,0.1059574240788497,-0.0996479636764684,0.3115628118341679,12.217,57.1
29363,1980-05-26 00:00:00,0.1187282974234594,-0.0869877298832285,0.3244443247301474,12.217,57.1
29364,1980-05-27 00:00:00,0.101055680257926,-0.1046334829304083,0.3067448434462606,12.217,57.1
29365,1980-05-28 00:00:00,0.0937546037512714,-0.1119120314221164,0.2994212389246593,12.217,57.1
29366,1980-05-29 00:00:00,0.1134391301412325,-0.0922841177136162,0.3191623779960814,12.217,57.1
29367,1980-05-30 00:00:00,0.0931418065834161,-0.1128430044512609,0.2991266176180931,12.217,57.1
29368,1980-05-31 00:00:00,0.0458933522320112,-0.1602660300738517,0.2520527345378743,12.217,57.1
29369,1980-06-01 00:00:00,0.0949283475425444,-0.1108739851098373,0.3007306801949263,12.217,57.1
29370,1980-06-02 00:00:00,0.0534616068161948,-0.1527520621601686,0.2596752757925583,12.217,57.1
29371,1980-06-03 00:00:00,0.1599307231066891,-0.0468252594103576,0.3666867056237358,12.217,57.1
29372,1980-06-04 00:00:00,0.0159055830502123,-0.190187701790724,0.2219988678911487,12.217,57.1
29373,1980-06-05 00:00:00,0.0013266254797843,-0.204216213691045,0.2068694646506136,12.217,57.1
29374,1980-06-06 00:00:00,0.0394502323963645,-0.1661321282408253,0.2450325930335543,12.217,57.1
29375,1980-06-07 00:00:00,0.0162198614019827,-0.1893008914964728,0.2217406143004382,12.217,57.1
29376,1980-06-08 00:00:00,0.0640617184981984,-0.1414817213877551,0.269605158384152,12.217,57.1
29377,1980-06-09 00:00:00,0.0541077637828303,-0.1514327906972963,0.259648318262957,12.217,57.1
29378,1980-06-10 00:00:00,0.0325307748872682,-0.1730680534610068,0.2381296032355433,12.217,57.1
29379,1980-06-11 00:00:00,0.0639244792387611,-0.1416038169610377,0.2694527754385599,12.217,57.1
29380,1980-06-12 00:00:00,0.0345396019325198,-0.1710971681437274,0.240176372008767,12.217,57.1
29381,1980-06-13 00:00:00,0.016716348756581,-0.1896444795946411,0.2230771771078033,12.217,57.1
29382,1980-06-14 00:00:00,0.0306783345687437,-0.1748570186540162,0.2362136877915037,12.217,57.1
29383,1980-06-15 00:00:00,0.053611310199894,-0.1519671460895019,0.2591897664892899,12.217,57.1
29384,1980-06-16 00:00:00,0.0737332015123284,-0.1324531506002111,0.2799195536248681,12.217,57.1
29385,1980-06-17 00:00:00,0.067455024579312,-0.1382290005333979,0.2731390496920221,12.217,57.1
29386,1980-06-18 00:00:00,0.1091883996404003,-0.0963727917629718,0.3147495910437725,12.217,57.1
29387,1980-06-19 00:00:00,0.0444197808972239,-0.1611860525493072,0.2500256143437551,12.217,57.1
29388,1980-06-20 00:00:00,0.1558861012904245,-0.0498879446816448,0.3616601472624939,12.217,57.1
29389,1980-06-21 00:00:00,0.1960678588099877,-0.0098557373717342,0.4019914549917098,12.217,57.1
29390,1980-06-22 00:00:00,0.2070982216745462,0.0011877747457184,0.4130086686033741,12.217,57.1
29391,1980-06-23 00:00:00,0.138088967628018,-0.0676013977414991,0.3437793329975351,12.217,57.1
29392,1980-06-24 00:00:00,0.1567127724479051,-0.0492848499109186,0.3627103948067288,12.217,57.1
29393,1980-06-25 00:00:00,0.1593134581520489,-0.0466432379220972,0.3652701542261951,12.217,57.1
29394,1980-06-26 00:00:00,0.1099646066536667,-0.0955460991066263,0.3154753124139598,12.217,57.1
29395,1980-06-27 00:00:00,0.1699499193557465,-0.0355263251640969,0.3754261638755901,12.217,57.1
29396,1980-06-28 00:00:00,0.2065670188432171,0.0009282109814047,0.4122058267050296,12.217,57.1
29397,1980-06-29 00:00:00,0.2726691401074874,0.0665922624116957,0.4787460178032791,12.217,57.1
29398,1980-06-30 00:00:00,0.2555944921014889,0.0491216394414101,0.4620673447615677,12.217,57.1
29399,1980-07-01 00:00:00,0.0670763308351544,-0.1389536388539823,0.2731063005242912,12.217,57.1
29400,1980-07-02 00:00:00,0.0664180454819067,-0.1392207802568443,0.2720568712206579,12.217,57.1
29401,1980-07-03 00:00:00,0.027818209769289,-0.177833908837262,0.23347032837584,12.217,57.1
29402,1980-07-04 00:00:00,-0.0214931348742386,-0.2270254262464462,0.184039156497969,12.217,57.1
29403,1980-07-05 00:00:00,0.0568754816871684,-0.1485707963946476,0.2623217597689845,12.217,57.1
29404,1980-07-06 00:00:00,0.0911973585680154,-0.1142200154388839,0.2966147325749148,12.217,57.1
29405,1980-07-07 00:00:00,0.0331968749220671,-0.1721889128143625,0.2385826626584968,12.217,57.1
29406,1980-07-08 00:00:00,0.0879877855962525,-0.1174641647049036,0.2934397358974088,12.217,57.1
29407,1980-07-09 00:00:00,0.0962050901974508,-0.1092388696925275,0.3016490500874291,12.217,57.1
29408,1980-07-10 00:00:00,0.056540878033347,-0.149100116952299,0.2621818730189931,12.217,57.1
29409,1980-07-11 00:00:00,0.0178186963423057,-0.1880551708122741,0.2236925634968856,12.217,57.1
29410,1980-07-12 00:00:00,0.1080644876670469,-0.0976760755680589,0.3138050509021528,12.217,57.1
29411,1980-07-13 00:00:00,0.1378493915769501,-0.0677242391473554,0.3434230223012557,12.217,57.1
29412,1980-07-14 00:00:00,0.0784562278401483,-0.1269774029906645,0.2838898586709611,12.217,57.1
29413,1980-07-15 00:00:00,0.0942229661600037,-0.1112130561049411,0.2996589884249486,12.217,57.1
29414,1980-07-16 00:00:00,0.180128902338639,-0.0257445757704994,0.3860023804477774,12.217,57.1
29415,1980-07-17 00:00:00,0.0240312823977101,-0.1820416921033539,0.2301042568987741,12.217,57.1
29416,1980-07-18 00:00:00,0.3853554521282885,0.1784110114155679,0.592299892841009,12.217,57.1
29417,1980-07-19 00:00:00,0.1796059615876321,-0.0267338317078618,0.3859457548831262,12.217,57.1
29418,1980-07-20 00:00:00,0.1939404497978669,-0.0117838048408201,0.399664704436554,12.217,57.1
29419,1980-07-21 00:00:00,0.1420096179140888,-0.0636194293781132,0.3476386652062909,12.217,57.1
29420,1980-07-22 00:00:00,0.0024890378291461,-0.2032944432660987,0.208272518924391,12.217,57.1
29421,1980-07-23 00:00:00,0.0557916682769739,-0.1499743223937142,0.2615576589476622,12.217,57.1
29422,1980-07-24 00:00:00,0.0694320586680355,-0.1361923358212305,0.2750564531573017,12.217,57.1
29423,1980-07-25 00:00:00,-0.0057656678251483,-0.2113431468947101,0.1998118112444134,12.217,57.1
29424,1980-07-26 00:00:00,0.0109098109451115,-0.1945950762637971,0.2164146981540201,12.217,57.1
29425,1980-07-27 00:00:00,0.0229817839187256,-0.1825474778927252,0.2285110457301765,12.217,57.1
29426,1980-07-28 00:00:00,-0.0393144886531105,-0.2448969817692645,0.1662680044630433,12.217,57.1
29427,1980-07-29 00:00:00,-0.0605944402888957,-0.2661114799358117,0.1449225993580202,12.217,57.1
29428,1980-07-30 00:00:00,-0.0475379670838735,-0.2531404222632639,0.1580644880955168,12.217,57.1
29429,1980-07-31 00:00:00,-0.0207465863373795,-0.2264759857297305,0.1849828130549715,12.217,57.1
29430,1980-08-01 00:00:00,-0.0063575502498444,-0.2120171379999017,0.1993020375002128,12.217,57.1
29431,1980-08-02 00:00:00,-0.0137771495566874,-0.219309183816738,0.191754884703363,12.217,57.1
29432,1980-08-03 00:00:00,0.0527416297917325,-0.152754034316161,0.2582372938996261,12.217,57.1
29433,1980-08-04 00:00:00,0.0898386495111264,-0.1156934979462031,0.295370796968456,12.217,57.1
29434,1980-08-05 00:00:00,0.1342897282177625,-0.0712932921030498,0.3398727485385749,12.217,57.1
29435,1980-08-06 00:00:00,0.2604865562521796,0.0544501775162756,0.4665229349880836,12.217,57.1
29436,1980-08-07 00:00:00,0.4179233291172112,0.2117374173038313,0.6241092409305912,12.217,57.1
29437,1980-08-08 00:00:00,0.161683492512119,-0.0446959867453793,0.3680629717696175,12.217,57.1
29438,1980-08-09 00:00:00,0.0993523284304127,-0.1063753443938243,0.3050800012546498,12.217,57.1
29439,1980-08-10 00:00:00,0.0441843109503926,-0.1614508455122947,0.2498194674130801,12.217,57.1
29440,1980-08-11 00:00:00,0.0550453486694899,-0.1504659234951789,0.2605566208341588,12.217,57.1
29441,1980-08-12 00:00:00,0.1099749179084021,-0.0955513506179978,0.3155011864348021,12.217,57.1
29442,1980-08-13 00:00:00,0.1098625325751703,-0.0958275391522022,0.3155526043025429,12.217,57.1
29443,1980-08-14 00:00:00,0.016739696224741,-0.188798204059171,0.2222775965086531,12.217,57.1
29444,1980-08-15 00:00:00,0.0295374944180475,-0.1760137487430227,0.2350887375791179,12.217,57.1
29445,1980-08-16 00:00:00,0.0324738114348577,-0.1729984188848924,0.2379460417546079,12.217,57.1
29446,1980-08-17 00:00:00,0.0010721359566937,-0.2043895799013612,0.2065338518147488,12.217,57.1
29447,1980-08-18 00:00:00,0.0347782315482857,-0.1707853615692865,0.2403418246658581,12.217,57.1
29448,1980-08-19 00:00:00,0.068258855750322,-0.1373201236076666,0.2738378351083107,12.217,57.1
29449,1980-08-20 00:00:00,0.0450890904939986,-0.1606318660527924,0.2508100470407898,12.217,57.1
29450,1980-08-21 00:00:00,0.4872966652323799,0.2805807993564128,0.694012531108347,12.217,57.1
29451,1980-08-22 00:00:00,0.5538306106865932,0.3456007779915574,0.762060443381629,12.217,57.1
29452,1980-08-23 00:00:00,0.3415877992571266,0.1331505222746084,0.5500250762396448,12.217,57.1
29453,1980-08-24 00:00:00,0.1480784202765139,-0.0579752642984264,0.3541321048514543,12.217,57.1
29454,1980-08-25 00:00:00,0.084745426022764,-0.1210110732886266,0.2905019253341547,12.217,57.1
29455,1980-08-26 00:00:00,0.0382466961223973,-0.167373044639002,0.2438664368837967,12.217,57.1
29456,1980-08-27 00:00:00,0.0342409522063147,-0.171326257985863,0.2398081623984926,12.217,57.1
29457,1980-08-28 00:00:00,0.0530428890791056,-0.1525022734275403,0.2585880515857516,12.217,57.1
29458,1980-08-29 00:00:00,0.134822937596999,-0.0707349786500627,0.3403808538440608,12.217,57.1
29459,1980-08-30 00:00:00,0.1259990104814268,-0.079616052618147,0.3316140735810007,12.217,57.1
29460,1980-08-31 00:00:00,0.1381835750106784,-0.0679127484119294,0.3442798984332863,12.217,57.1
29461,1980-09-01 00:00:00,-0.051764011724387,-0.2583240620404833,0.1547960385917091,12.217,57.1
29462,1980-09-02 00:00:00,-0.069159001995432,-0.2752882472956846,0.1369702433048205,12.217,57.1
29463,1980-09-03 00:00:00,0.1211276808760611,-0.0845475614872707,0.3268029232393931,12.217,57.1
29464,1980-09-04 00:00:00,0.1348761393066771,-0.0707108930993362,0.3404631717126904,12.217,57.1
29465,1980-09-05 00:00:00,0.0770427932131843,-0.1284761563358151,0.2825617427621837,12.217,57.1
29466,1980-09-06 00:00:00,0.1040707465692197,-0.1013974386004121,0.3095389317388515,12.217,57.1
29467,1980-09-07 00:00:00,0.0838385352708171,-0.1217086938898393,0.2893857644314735,12.217,57.1
29468,1980-09-08 00:00:00,0.105399032642624,-0.1003611533592946,0.3111592186445426,12.217,57.1
29469,1980-09-09 00:00:00,0.1383722446545328,-0.0678189845770329,0.3445634738860987,12.217,57.1
29470,1980-09-10 00:00:00,0.2448705345985738,0.0386570372911373,0.4510840319060104,12.217,57.1
29471,1980-09-11 00:00:00,0.1725015146678107,-0.0354357525270656,0.3804387818626871,12.217,57.1
29472,1980-09-12 00:00:00,0.1066304794660635,-0.1023646712998127,0.3156256302319399,12.217,57.1
29473,1980-09-13 00:00:00,0.3192451064093942,0.1123625105924679,0.5261277022263204,12.217,57.1
29474,1980-09-14 00:00:00,0.5391725986758806,0.3320676280976474,0.7462775692541138,12.217,57.1
29475,1980-09-15 00:00:00,0.3832600262161325,0.1761642063157485,0.5903558461165166,12.217,57.1
29476,1980-09-16 00:00:00,0.0797306737970963,-0.1265553905222521,0.2860167381164449,12.217,57.1
29477,1980-09-17 00:00:00,0.0838809424126273,-0.1217747842314077,0.2895366690566625,12.217,57.1
29478,1980-09-18 00:00:00,0.1352777088740496,-0.0710658195653233,0.3416212373134226,12.217,57.1
29479,1980-09-19 00:00:00,0.0836921876533894,-0.1223497258871763,0.2897341011939552,12.217,57.1
29480,1980-09-20 00:00:00,0.074425483966942,-0.1310864537715495,0.2799374217054337,12.217,57.1
29481,1980-09-21 00:00:00,0.0708615541629149,-0.1345934784338398,0.2763165867596698,12.217,57.1
29482,1980-09-22 00:00:00,-0.0123788461749554,-0.2178819509046176,0.1931242585547068,12.217,57.1
29483,1980-09-23 00:00:00,0.0063240677059493,-0.1991737592385227,0.2118218946504214,12.217,57.1
29484,1980-09-24 00:00:00,0.0188433909329533,-0.1866223958782663,0.224309177744173,12.217,57.1
29485,1980-09-25 00:00:00,0.0496902879824728,-0.155759158748207,0.2551397347131527,12.217,57.1
29486,1980-09-26 00:00:00,0.0097253880403113,-0.19602328712337,0.2154740632039928,12.217,57.1
29487,1980-09-27 00:00:00,-0.0028182716349447,-0.2082534489537288,0.2026169056838394,12.217,57.1
29488,1980-09-28 00:00:00,0.0214232109796457,-0.1841012907601876,0.2269477127194791,12.217,57.1
29489,1980-09-29 00:00:00,0.0307927001422606,-0.1748754180343044,0.2364608183188258,12.217,57.1
29490,1980-09-30 00:00:00,0.059113357844134,-0.1469132803546713,0.2651399960429395,12.217,57.1
29491,1980-10-01 00:00:00,0.1965269268319924,-0.0101202927139152,0.4031741463779001,12.217,57.1
29492,1980-10-02 00:00:00,0.2502276220938025,0.0434927619382123,0.4569624822493928,12.217,57.1
29493,1980-10-03 00:00:00,0.3115472024569468,0.1034534722646283,0.5196409326492653,12.217,57.1
29494,1980-10-04 00:00:00,0.0181218200551092,-0.1876966875218156,0.2239403276320341,12.217,57.1
29495,1980-10-05 00:00:00,0.1293583760993615,-0.076528747024095,0.3352454992228182,12.217,57.1
29496,1980-10-06 00:00:00,0.1222384415093684,-0.0838443177979471,0.328321200816684,12.217,57.1
29497,1980-10-07 00:00:00,0.2475129658826325,0.040614063668556,0.4544118680967091,12.217,57.1
29498,1980-10-08 00:00:00,0.3947239411092,0.1841583058142299,0.6052895764041702,12.217,57.1
29499,1980-10-09 00:00:00,0.4066858702199433,0.1990143308458062,0.6143574095940803,12.217,57.1
29500,1980-10-10 00:00:00,0.2970804810587569,0.0903106018876208,0.503850360229893,12.217,57.1
29501,1980-10-11 00:00:00,0.1923161447991348,-0.0139326225099662,0.3985649121082359,12.217,57.1
29502,1980-10-12 00:00:00,0.0290087490967093,-0.1777576861358424,0.235775184329261,12.217,57.1
29503,1980-10-13 00:00:00,0.0166370650573162,-0.1900976411751683,0.2233717712898008,12.217,57.1
29504,1980-10-14 00:00:00,0.0155480563077085,-0.190341351573772,0.2214374641891891,12.217,57.1
29505,1980-10-15 00:00:00,0.0351630483956591,-0.1717562622412917,0.2420823590326099,12.217,57.1
29506,1980-10-16 00:00:00,0.0624408528319035,-0.145258533359326,0.2701402390231331,12.217,57.1
29507,1980-10-17 00:00:00,0.0827257161783936,-0.1232627210300363,0.2887141533868235,12.217,57.1
29508,1980-10-18 00:00:00,0.294455797644369,0.0875276457068022,0.5013839495819358,12.217,57.1
29509,1980-10-19 00:00:00,0.2065364317157083,-0.0012208335845895,0.4142936970160061,12.217,57.1
29510,1980-10-20 00:00:00,0.2909108699521291,0.082061518442078,0.4997602214621801,12.217,57.1
29511,1980-10-21 00:00:00,0.1298066168990252,-0.0766622326617482,0.3362754664597988,12.217,57.1
29512,1980-10-22 00:00:00,0.0546956339029741,-0.1510290349981346,0.2604203028040829,12.217,57.1
29513,1980-10-23 00:00:00,0.0476222139436226,-0.1581000642231658,0.2533444921104111,12.217,57.1
29514,1980-10-24 00:00:00,0.2611133749231846,0.0546491202583679,0.4675776295880012,12.217,57.1
29515,1980-10-25 00:00:00,0.2014607480188656,-0.0052374531138834,0.4081589491516149,12.217,57.1
29516,1980-10-26 00:00:00,0.0889961091437917,-0.1186775208390192,0.2966697391266027,12.217,57.1
29517,1980-10-27 00:00:00,0.0117074349464922,-0.1951456048210215,0.218560474714006,12.217,57.1
29518,1980-10-28 00:00:00,0.3001177992764198,0.0928678896736695,0.50736770887917,12.217,57.1
29519,1980-10-29 00:00:00,0.3138749057723892,0.1071233438784208,0.5206264676663575,12.217,57.1
29520,1980-10-30 00:00:00,0.2366090342237616,0.0300505985756815,0.4431674698718416,12.217,57.1
29521,1980-10-31 00:00:00,-0.0900654121599564,-0.2968161793623703,0.1166853550424573,12.217,57.1
29522,1980-11-01 00:00:00,-0.1156817450045866,-0.3215245752524192,0.0901610852432459,12.217,57.1
29523,1980-11-02 00:00:00,-0.0757340252072222,-0.2813981509966096,0.1299301005821652,12.217,57.1
29524,1980-11-03 00:00:00,-0.1170990180328751,-0.3227942295442225,0.0885961934784721,12.217,57.1
29525,1980-11-04 00:00:00,-0.1381571312518004,-0.3438012251982966,0.0674869626946958,12.217,57.1
29526,1980-11-05 00:00:00,-0.1377886278873104,-0.3433265478261627,0.0677492920515418,12.217,57.1
29527,1980-11-06 00:00:00,-0.1450114628291103,-0.3506974531859002,0.0606745275276794,12.217,57.1
29528,1980-11-07 00:00:00,-0.1200034001945049,-0.3259706334244249,0.0859638330354151,12.217,57.1
29529,1980-11-08 00:00:00,0.0124922446996499,-0.1935648921075163,0.2185493815068163,12.217,57.1
29530,1980-11-09 00:00:00,0.0725494299218399,-0.1335979729080794,0.2786968327517592,12.217,57.1
29531,1980-11-10 00:00:00,0.0230136600600062,-0.1829007260655177,0.2289280461855302,12.217,57.1
29532,1980-11-11 00:00:00,0.0777060062371237,-0.1281266004854867,0.2835386129597342,12.217,57.1
29533,1980-11-12 00:00:00,0.2132116344228306,0.006900983721237,0.4195222851244243,12.217,57.1
29534,1980-11-13 00:00:00,0.0567474407091795,-0.1498946991755213,0.2633895805938805,12.217,57.1
29535,1980-11-14 00:00:00,0.3383825632516696,0.1316885644339328,0.5450765620694064,12.217,57.1
29536,1980-11-15 00:00:00,0.301631828381952,0.0944558440652856,0.5088078126986184,12.217,57.1
29537,1980-11-16 00:00:00,0.2755517140482793,0.0692909137809072,0.4818125143156513,12.217,57.1
29538,1980-11-17 00:00:00,0.2720609889761759,0.0653258700864042,0.4787961078659475,12.217,57.1
29539,1980-11-18 00:00:00,0.3334275758148404,0.1256143062707399,0.5412408453589409,12.217,57.1
29540,1980-11-19 00:00:00,0.4052034695553329,0.1964280489417737,0.6139788901688921,12.217,57.1
29541,1980-11-20 00:00:00,0.075702325377722,-0.1320122675637546,0.2834169183191987,12.217,57.1
29542,1980-11-21 00:00:00,0.2082960721272752,0.0004967702974085,0.4160953739571418,12.217,57.1
29543,1980-11-22 00:00:00,0.4527196947174765,0.2454411961867749,0.6599981932481781,12.217,57.1
29544,1980-11-23 00:00:00,0.4672303915279954,0.2606389787824493,0.6738218042735414,12.217,57.1
29545,1980-11-24 00:00:00,0.4790673318051057,0.2717022394555703,0.6864324241546411,12.217,57.1
29546,1980-11-25 00:00:00,0.0627230005103125,-0.1444759087569212,0.2699219097775462,12.217,57.1
29547,1980-11-26 00:00:00,0.0781359589204015,-0.127897578293768,0.284169496134571,12.217,57.1
29548,1980-11-27 00:00:00,0.1041315182418211,-0.1027913049588826,0.3110543414425248,12.217,57.1
29549,1980-11-28 00:00:00,0.208740683005384,0.0016122542684658,0.4158691117423022,12.217,57.1
29550,1980-11-29 00:00:00,0.0293440776320973,-0.1775870212571482,0.236275176521343,12.217,57.1
29551,1980-11-30 00:00:00,-0.1558428027194254,-0.3632939407133208,0.0516083352744698,12.217,57.1
29552,1980-12-01 00:00:00,-0.1766256548380508,-0.3833318877042584,0.0300805780281567,12.217,57.1
29553,1980-12-02 00:00:00,0.3353739017744641,0.1289017289622744,0.5418460745866538,12.217,57.1
29554,1980-12-03 00:00:00,0.1950520977364579,-0.0124358635007705,0.4025400589736865,12.217,57.1
29555,1980-12-04 00:00:00,0.0683149507240809,-0.1412950896291572,0.277924991077319,12.217,57.1
29556,1980-12-05 00:00:00,0.0190242259439,-0.1890866421991928,0.2271350940869929,12.217,57.1
29557,1980-12-06 00:00:00,0.1094884193934065,-0.0976223000128548,0.3165991387996678,12.217,57.1
29558,1980-12-07 00:00:00,0.036707999288483,-0.1697150982772171,0.2431310968541832,12.217,57.1
29559,1980-12-08 00:00:00,-0.0505342834294292,-0.2564943466941745,0.155425779835316,12.217,57.1
29560,1980-12-09 00:00:00,0.2262812822423766,0.0197011383837346,0.4328614261010186,12.217,57.1
29561,1980-12-10 00:00:00,0.5179954747753772,0.3108370802284501,0.7251538693223043,12.217,57.1
29562,1980-12-11 00:00:00,0.3459518321623512,0.1386288971253418,0.5532747671993608,12.217,57.1
29563,1980-12-12 00:00:00,0.3177166263505888,0.1109176832338756,0.524515569467302,12.217,57.1
29564,1980-12-13 00:00:00,0.3048505883703243,0.0986226179518963,0.5110785587887522,12.217,57.1
29565,1980-12-14 00:00:00,0.3748045177871651,0.167435046698288,0.5821739888760422,12.217,57.1
29566,1980-12-15 00:00:00,0.3656557342170113,0.1572852647903685,0.5740262036436542,12.217,57.1
29567,1980-12-16 00:00:00,0.4618867138348429,0.2522777337397883,0.6714956939298975,12.217,57.1
29568,1980-12-17 00:00:00,0.075377532733948,-0.1317807357271623,0.2825358011950585,12.217,57.1
29569,1980-12-18 00:00:00,0.1938711442597963,-0.017615030807653,0.4053573193272456,12.217,57.1
29570,1980-12-19 00:00:00,0.3706820753386698,0.1593881751757379,0.5819759755016016,12.217,57.1
29571,1980-12-20 00:00:00,0.2672286481731914,0.0613810215443178,0.4730762748020649,12.217,57.1
29572,1980-12-21 00:00:00,0.233593168583737,0.0266827478547997,0.4405035893126743,12.217,57.1
29573,1980-12-22 00:00:00,0.0166481668043338,-0.1894354032701085,0.2227317368787763,12.217,57.1
29574,1980-12-23 00:00:00,0.1428400489708449,-0.062970000265924,0.3486500982076139,12.217,57.1
29575,1980-12-24 00:00:00,0.5309519482685809,0.321042889670897,0.7408610068662649,12.217,57.1
29576,1980-12-25 00:00:00,0.421902228213109,0.2127657623055284,0.6310386941206896,12.217,57.1
29577,1980-12-26 00:00:00,0.3434713707165617,0.1371483015870834,0.5497944398460399,12.217,57.1
29578,1980-12-27 00:00:00,0.2192907231091396,0.0132726938992434,0.4253087523190358,12.217,57.1
29579,1980-12-28 00:00:00,-0.0349986058046103,-0.2409314900026419,0.1709342783934213,12.217,57.1
29580,1980-12-29 00:00:00,0.360433286854118,0.153298983664607,0.567567590043629,12.217,57.1
29581,1980-12-30 00:00:00,0.4959841204292176,0.2875262307163045,0.7044420101421307,12.217,57.1
29582,1980-12-31 00:00:00,0.400612613685772,0.1918623663890465,0.6093628609824975,12.217,57.1
29583,1981-01-01 00:00:00,0.8035077626640664,0.5948295474843315,1.0121859778438014,12.217,57.1
29584,1981-01-02 00:00:00,0.5117733520332468,0.3030256233476118,0.7205210807188818,12.217,57.1
29585,1981-01-03 00:00:00,0.1852047221535346,-0.0213353826242304,0.3917448269312998,12.217,57.1
29586,1981-01-04 00:00:00,0.1903434955405321,-0.0160611638479719,0.3967481549290362,12.217,57.1
29587,1981-01-05 00:00:00,0.0470218748003703,-0.1591449701231829,0.2531887197239237,12.217,57.1
29588,1981-01-06 00:00:00,-0.0430732969728394,-0.2489132423485696,0.1627666484028906,12.217,57.1
29589,1981-01-07 00:00:00,-0.0331643218160164,-0.2389010890802066,0.1725724454481737,12.217,57.1
29590,1981-01-08 00:00:00,-0.0968892674500919,-0.3029516919342557,0.1091731570340718,12.217,57.1
29591,1981-01-09 00:00:00,0.2535784023259518,0.0466345276717684,0.4605222769801352,12.217,57.1
29592,1981-01-10 00:00:00,0.2756446600942438,0.0693425801782509,0.4819467400102367,12.217,57.1
29593,1981-01-11 00:00:00,-0.0507056693938202,-0.2566024705733017,0.1551911317856613,12.217,57.1
29594,1981-01-12 00:00:00,0.1477238079242331,-0.0584005436835626,0.3538481595320289,12.217,57.1
29595,1981-01-13 00:00:00,0.2881029416802828,0.0802881010533214,0.4959177823072442,12.217,57.1
29596,1981-01-14 00:00:00,0.1504333433064678,-0.0554547039581594,0.3563213905710952,12.217,57.1
29597,1981-01-15 00:00:00,0.5093428332810848,0.3001360439935449,0.7185496225686246,12.217,57.1
29598,1981-01-16 00:00:00,0.5172248527181709,0.3093260099127708,0.7251236955235709,12.217,57.1
29599,1981-01-17 00:00:00,0.2597392941301727,0.0528316315582069,0.4666469567021386,12.217,57.1
29600,1981-01-18 00:00:00,0.0328516296071818,-0.1732461327881258,0.2389493920024895,12.217,57.1
29601,1981-01-19 00:00:00,-0.040259215322999,-0.2459999939269274,0.1654815632809293,12.217,57.1
29602,1981-01-20 00:00:00,0.0635257471976852,-0.1424671063941359,0.2695186007895064,12.217,57.1
29603,1981-01-21 00:00:00,0.0020553365837869,-0.2041753026740824,0.2082859758416562,12.217,57.1
29604,1981-01-22 00:00:00,0.0607325522459446,-0.1451487701775437,0.266613874669433,12.217,57.1
29605,1981-01-23 00:00:00,0.0694489852742193,-0.136292249824027,0.2751902203724657,12.217,57.1
29606,1981-01-24 00:00:00,0.0864119224918259,-0.1191312110501652,0.291955056033817,12.217,57.1
29607,1981-01-25 00:00:00,0.3401161153944009,0.134018816901626,0.5462134138871759,12.217,57.1
29608,1981-01-26 00:00:00,0.1067226913026896,-0.099830683200235,0.3132760658056143,12.217,57.1
29609,1981-01-27 00:00:00,-0.0529561801385099,-0.2594408631863489,0.1535285029093291,12.217,57.1
29610,1981-01-28 00:00:00,0.0053094739085916,-0.2003932452023389,0.2110121930195221,12.217,57.1
29611,1981-01-29 00:00:00,0.0503056118084803,-0.1553125252292805,0.2559237488462412,12.217,57.1
29612,1981-01-30 00:00:00,0.2016454410736557,-0.0044020550084917,0.4076929371558033,12.217,57.1
29613,1981-01-31 00:00:00,0.2698198145888102,0.062245841532834,0.4773937876447865,12.217,57.1
29614,1981-02-01 00:00:00,0.3187969530019263,0.1112279394605024,0.5263659665433501,12.217,57.1
29615,1981-02-02 00:00:00,0.2045451352316368,-0.0020769852541788,0.4111672557174525,12.217,57.1
29616,1981-02-03 00:00:00,0.6170927171166058,0.4057733485647945,0.8284120856684172,12.217,57.1
29617,1981-02-04 00:00:00,0.5091745202635863,0.2974251485362618,0.7209238919909109,12.217,57.1
29618,1981-02-05 00:00:00,0.2657379381811252,0.0599227513932825,0.4715531249689678,12.217,57.1
29619,1981-02-06 00:00:00,0.1339341948167128,-0.0718413246980359,0.3397097143314617,12.217,57.1
29620,1981-02-07 00:00:00,0.5063442546969668,0.2952497004946324,0.7174388088993011,12.217,57.1
29621,1981-02-08 00:00:00,0.3116434029066675,0.1017184558030725,0.5215683500102625,12.217,57.1
29622,1981-02-09 00:00:00,0.472395598112094,0.2606481913207965,0.6841430049033914,12.217,57.1
29623,1981-02-10 00:00:00,0.023580865309273,-0.1827523492243747,0.2299140798429208,12.217,57.1
29624,1981-02-11 00:00:00,-0.001879030915256,-0.2091448415501501,0.2053867797196379,12.217,57.1
29625,1981-02-12 00:00:00,-0.0586829133993622,-0.2663394534841081,0.1489736266853836,12.217,57.1
29626,1981-02-13 00:00:00,-0.09298894580023,-0.2989981224419276,0.1130202308414675,12.217,57.1
29627,1981-02-14 00:00:00,-0.0602584645512618,-0.2658334566915669,0.1453165275890432,12.217,57.1
29628,1981-02-15 00:00:00,0.0469919254386439,-0.1587645510765968,0.2527484019538846,12.217,57.1
29629,1981-02-16 00:00:00,0.0422299966144673,-0.1634281914730843,0.247888184702019,12.217,57.1
29630,1981-02-17 00:00:00,-0.0836460251398306,-0.2893266558963911,0.1220346056167299,12.217,57.1
29631,1981-02-18 00:00:00,-0.1357013658179883,-0.3415002903386492,0.0700975587026726,12.217,57.1
29632,1981-02-19 00:00:00,-0.148986246012788,-0.3547863816399297,0.0568138896143537,12.217,57.1
29633,1981-02-20 00:00:00,-0.1144024604225954,-0.3202091450663435,0.0914042242211527,12.217,57.1
29634,1981-02-21 00:00:00,-0.0934033413578392,-0.2990799406482898,0.1122732579326112,12.217,57.1
29635,1981-02-22 00:00:00,-0.034687338390346,-0.2401542233887508,0.1707795466080587,12.217,57.1
29636,1981-02-23 00:00:00,-0.1050416002481348,-0.3106787303489781,0.1005955298527084,12.217,57.1
29637,1981-02-24 00:00:00,0.0337110140346641,-0.1725310936590249,0.2399531217283532,12.217,57.1
29638,1981-02-25 00:00:00,-0.1280509426247376,-0.3338635194636841,0.0777616342142089,12.217,57.1
29639,1981-02-26 00:00:00,-0.1390243682219667,-0.3446063528362477,0.0665576163923142,12.217,57.1
29640,1981-02-27 00:00:00,-0.0835850857909462,-0.2892488869408407,0.1220787153589482,12.217,57.1
29641,1981-02-28 00:00:00,-0.0540478988192139,-0.2599119922114419,0.151816194573014,12.217,57.1
29642,1981-03-01 00:00:00,-0.0542064493130424,-0.2604917590078207,0.1520788603817358,12.217,57.1
29643,1981-03-02 00:00:00,0.0386030587931787,-0.1675761103500998,0.2447822279364573,12.217,57.1
29644,1981-03-03 00:00:00,-0.0105161037264099,-0.216231170161362,0.1951989627085421,12.217,57.1
29645,1981-03-04 00:00:00,0.0136533116121159,-0.1919464457788817,0.2192530690031136,12.217,57.1
29646,1981-03-05 00:00:00,0.0630232976070882,-0.1425705855127118,0.2686171807268883,12.217,57.1
29647,1981-03-06 00:00:00,0.0923846512346503,-0.113363870445335,0.2981331729146357,12.217,57.1
29648,1981-03-07 00:00:00,0.1219702826574322,-0.0840812394112524,0.3280218047261169,12.217,57.1
29649,1981-03-08 00:00:00,0.2184900276427348,0.0118839778294849,0.4250960774559847,12.217,57.1
29650,1981-03-09 00:00:00,0.3143856221187152,0.1082322293307614,0.5205390149066689,12.217,57.1
29651,1981-03-10 00:00:00,0.3936142374809515,0.1858454939626352,0.6013829809992678,12.217,57.1
29652,1981-03-11 00:00:00,0.0929615751393907,-0.1145657997728371,0.3004889500516186,12.217,57.1
29653,1981-03-12 00:00:00,0.1244524871766335,-0.081831686092569,0.330736660445836,12.217,57.1
29654,1981-03-13 00:00:00,0.1471793656871914,-0.0589205908836663,0.3532793222580492,12.217,57.1
29655,1981-03-14 00:00:00,0.1561959654155074,-0.0495885647794109,0.3619804956104258,12.217,57.1
29656,1981-03-15 00:00:00,0.0454967301395637,-0.1604012691260416,0.2513947294051691,12.217,57.1
29657,1981-03-16 00:00:00,0.0294048849029924,-0.1762241576695253,0.2350339274755102,12.217,57.1
29658,1981-03-17 00:00:00,0.0305665628744314,-0.1750275202743723,0.2361606460232352,12.217,57.1
29659,1981-03-18 00:00:00,0.0391912405592035,-0.1664062081336628,0.2447886892520698,12.217,57.1
29660,1981-03-19 00:00:00,0.2322170881617859,0.0255501667391203,0.4388840095844516,12.217,57.1
29661,1981-03-20 00:00:00,0.2904543202545899,0.0827851546249003,0.4981234858842795,12.217,57.1
29662,1981-03-21 00:00:00,0.1901902796375143,-0.0157406277509545,0.3961211870259831,12.217,57.1
29663,1981-03-22 00:00:00,0.3049116609435937,0.0982714607550458,0.5115518611321417,12.217,57.1
29664,1981-03-23 00:00:00,0.3363939105113876,0.1287822215104264,0.5440055995123488,12.217,57.1
29665,1981-03-24 00:00:00,0.2325396400504404,0.0219050306547485,0.4431742494461323,12.217,57.1
29666,1981-03-25 00:00:00,0.2151753348953195,0.0087297197928235,0.4216209499978155,12.217,57.1
29667,1981-03-26 00:00:00,0.22278177842351,0.0166666414282004,0.4288969154188196,12.217,57.1
29668,1981-03-27 00:00:00,0.1134394973178619,-0.092451876402378,0.3193308710381019,12.217,57.1
29669,1981-03-28 00:00:00,0.0288775526682343,-0.17716751840694,0.2349226237434087,12.217,57.1
29670,1981-03-29 00:00:00,0.0560922489850543,-0.1495468106655462,0.261731308635655,12.217,57.1
29671,1981-03-30 00:00:00,0.0003341559130692,-0.2054544976290236,0.2061228094551622,12.217,57.1
29672,1981-03-31 00:00:00,-0.0467503709477804,-0.2524516485655567,0.1589509066699957,12.217,57.1
29673,1981-04-01 00:00:00,-0.0707675756843089,-0.2764245061569611,0.1348893547883432,12.217,57.1
29674,1981-04-02 00:00:00,-0.0502441523160316,-0.2562798580737142,0.1557915534416508,12.217,57.1
29675,1981-04-03 00:00:00,0.0077358600178404,-0.1981478893136387,0.2136196093493196,12.217,57.1
29676,1981-04-04 00:00:00,-0.0534348099428257,-0.2591609569333039,0.1522913370476523,12.217,57.1
29677,1981-04-05 00:00:00,-0.0536245514079481,-0.2592899173774297,0.1520408145615334,12.217,57.1
29678,1981-04-06 00:00:00,-0.0522959849363207,-0.2578703108927334,0.153278341020092,12.217,57.1
29679,1981-04-07 00:00:00,-0.0063177602847763,-0.2117665404950276,0.199131019925475,12.217,57.1
29680,1981-04-08 00:00:00,0.0015142033861141,-0.2039867524001742,0.2070151591724025,12.217,57.1
29681,1981-04-09 00:00:00,0.0402086923056016,-0.1654011926468763,0.2458185772580796,12.217,57.1
29682,1981-04-10 00:00:00,0.0610385573408873,-0.1445285000054608,0.2666056146872354,12.217,57.1
29683,1981-04-11 00:00:00,0.0559992998878412,-0.1494846234684362,0.2614832232441187,12.217,57.1
29684,1981-04-12 00:00:00,0.0522995142736096,-0.1532367084952673,0.2578357370424866,12.217,57.1
29685,1981-04-13 00:00:00,0.0933810014543697,-0.1127511133438875,0.2995131162526271,12.217,57.1
29686,1981-04-14 00:00:00,0.0243296089239615,-0.1830675004775182,0.2317267183254414,12.217,57.1
29687,1981-04-15 00:00:00,-0.0093158541076853,-0.2156018682172713,0.1969701600019006,12.217,57.1
29688,1981-04-16 00:00:00,0.058024032311509,-0.1485783414058111,0.2646264060288292,12.217,57.1
29689,1981-04-17 00:00:00,-0.0795296636707352,-0.2853354609429182,0.1262761336014477,12.217,57.1
29690,1981-04-18 00:00:00,-0.0173828821147313,-0.222931091302653,0.1881653270731903,12.217,57.1
29691,1981-04-19 00:00:00,0.0225226249651895,-0.1835986607551663,0.2286439106855454,12.217,57.1
29692,1981-04-20 00:00:00,-0.0471209172022002,-0.2534162267385251,0.1591743923341246,12.217,57.1
29693,1981-04-21 00:00:00,0.0282854800517391,-0.1778041708625036,0.2343751309659819,12.217,57.1
29694,1981-04-22 00:00:00,0.1537301207518618,-0.0534667023561171,0.3609269438598408,12.217,57.1
29695,1981-04-23 00:00:00,0.0693982676309383,-0.1366268137660876,0.2754233490279643,12.217,57.1
29696,1981-04-24 00:00:00,0.0362654036494784,-0.1692787955792893,0.2418096028782462,12.217,57.1
29697,1981-04-25 00:00:00,0.0610044760513393,-0.1444940752319993,0.2665030273346781,12.217,57.1
29698,1981-04-26 00:00:00,0.0044454757698224,-0.2012180267194582,0.2101089782591031,12.217,57.1
29699,1981-04-27 00:00:00,0.006679360545339,-0.1991052261630542,0.2124639472537323,12.217,57.1
29700,1981-04-28 00:00:00,-0.0123852329078618,-0.2181742870127866,0.1934038211970629,12.217,57.1
29701,1981-04-29 00:00:00,0.0412619402664096,-0.1645973922973221,0.2471212728301414,12.217,57.1
29702,1981-04-30 00:00:00,0.1467834385804286,-0.0591026693302044,0.3526695464910616,12.217,57.1
29703,1981-05-01 00:00:00,0.3455670714383572,0.1383744704336358,0.5527596724430786,12.217,57.1
29704,1981-05-02 00:00:00,0.3101085002293366,0.1025931740545579,0.5176238264041154,12.217,57.1
29705,1981-05-03 00:00:00,0.1027919530209152,-0.1045937739789854,0.310177680020816,12.217,57.1
29706,1981-05-04 00:00:00,0.1857572595015176,-0.0199525911234579,0.3914671101264932,12.217,57.1
29707,1981-05-05 00:00:00,0.1815452020141578,-0.0240895265183972,0.387179930546713,12.217,57.1
29708,1981-05-06 00:00:00,0.0912130243896579,-0.114345332090448,0.2967713808697638,12.217,57.1
29709,1981-05-07 00:00:00,0.03923142340171,-0.1662936206165579,0.244756467419978,12.217,57.1
29710,1981-05-08 00:00:00,0.0330577439042223,-0.1724584428400064,0.238573930648451,12.217,57.1
29711,1981-05-09 00:00:00,0.059631510814387,-0.1459655804822351,0.2652286021110093,12.217,57.1
29712,1981-05-10 00:00:00,0.0180444492303346,-0.1875225566434593,0.2236114551041286,12.217,57.1
29713,1981-05-11 00:00:00,0.0047108579944595,-0.2008217529011211,0.2102434688900401,12.217,57.1
29714,1981-05-12 00:00:00,0.0082566384652399,-0.1979329193621069,0.2144461962925867,12.217,57.1
29715,1981-05-13 00:00:00,0.0085464958380294,-0.1978800123919019,0.2149730040679607,12.217,57.1
29716,1981-05-14 00:00:00,-0.0374434386652562,-0.2434435332272501,0.1685566558967375,12.217,57.1
29717,1981-05-15 00:00:00,-0.0025496590061709,-0.2082004549638877,0.2031011369515457,12.217,57.1
29718,1981-05-16 00:00:00,-0.0005498132438154,-0.2059533881598123,0.2048537616721814,12.217,57.1
29719,1981-05-17 00:00:00,0.0578323226288902,-0.1477776258327834,0.2634422710905639,12.217,57.1
29720,1981-05-18 00:00:00,0.0305491300722056,-0.1750134026781034,0.2361116628225146,12.217,57.1
29721,1981-05-19 00:00:00,-0.0453947649868325,-0.2510420203288269,0.1602524903551618,12.217,57.1
29722,1981-05-20 00:00:00,0.0143245556784703,-0.1911682941380524,0.2198174054949931,12.217,57.1
29723,1981-05-21 00:00:00,0.0058105362332889,-0.1996402133724666,0.2112612858390445,12.217,57.1
29724,1981-05-22 00:00:00,0.0364791464131069,-0.1690758233429787,0.2420341161691926,12.217,57.1
29725,1981-05-23 00:00:00,0.0804291053442776,-0.1254899000986906,0.2863481107872461,12.217,57.1
29726,1981-05-24 00:00:00,0.0346204325105798,-0.170968868098331,0.2402097331194907,12.217,57.1
29727,1981-05-25 00:00:00,0.1294772040838674,-0.0761709045734009,0.3351253127411358,12.217,57.1
29728,1981-05-26 00:00:00,0.0960027532349143,-0.1100999617202015,0.3021054681900302,12.217,57.1
29729,1981-05-27 00:00:00,0.1015151961315288,-0.1040147860643863,0.3070451783274441,12.217,57.1
29730,1981-05-28 00:00:00,0.0544524677738899,-0.1558418341294778,0.2647467696772578,12.217,57.1
29731,1981-05-29 00:00:00,-0.0023977817861654,-0.2148237214753492,0.2100281579030184,12.217,57.1
29732,1981-05-30 00:00:00,0.087240838733859,-0.1185906502853438,0.2930723277530619,12.217,57.1
29733,1981-05-31 00:00:00,0.0393726554858415,-0.166080997260988,0.2448263082326711,12.217,57.1
29734,1981-06-01 00:00:00,0.0421095512046219,-0.1633429941601367,0.2475620965693806,12.217,57.1
29735,1981-06-02 00:00:00,0.0471200485280989,-0.1585213180561784,0.2527614151123764,12.217,57.1
29736,1981-06-03 00:00:00,0.0320658279676512,-0.1734770510793163,0.2376087070146187,12.217,57.1
29737,1981-06-04 00:00:00,0.0616459984523255,-0.1440310832292387,0.2673230801338898,12.217,57.1
29738,1981-06-05 00:00:00,0.2602830965163925,0.0543948134603235,0.4661713795724614,12.217,57.1
29739,1981-06-06 00:00:00,0.2228845687664213,0.0156853148856679,0.4300838226471747,12.217,57.1
29740,1981-06-07 00:00:00,0.1743946187771174,-0.0314620652231106,0.3802513027773454,12.217,57.1
29741,1981-06-08 00:00:00,0.2182381455311551,0.0123072018824808,0.4241690891798293,12.217,57.1
29742,1981-06-09 00:00:00,0.1568895343120693,-0.0493803321832874,0.3631594008074261,12.217,57.1
29743,1981-06-10 00:00:00,0.1879321257266414,-0.0179387346655379,0.3938029861188208,12.217,57.1
29744,1981-06-11 00:00:00,0.3629033945305804,0.1565389252035804,0.5692678638575803,12.217,57.1
29745,1981-06-12 00:00:00,0.1164493149653631,-0.0915710541180827,0.324469684048809,12.217,57.1
29746,1981-06-13 00:00:00,0.1494114501026339,-0.0592309089272139,0.3580538091324818,12.217,57.1
29747,1981-06-14 00:00:00,0.1387382711381886,-0.0705367385855114,0.3480132808618887,12.217,57.1
29748,1981-06-15 00:00:00,0.1691543984011226,-0.0366688093221471,0.3749776061243923,12.217,57.1
29749,1981-06-16 00:00:00,0.2311614092612082,0.0253585707741831,0.4369642477482334,12.217,57.1
29750,1981-06-17 00:00:00,0.2363275233085506,0.0300384678966145,0.4426165787204867,12.217,57.1
29751,1981-06-18 00:00:00,0.0888470555314443,-0.117399375886745,0.2950934869496337,12.217,57.1
29752,1981-06-19 00:00:00,0.0330051058061316,-0.1726167147125309,0.2386269263247942,12.217,57.1
29753,1981-06-20 00:00:00,0.0286015434717524,-0.1769603819014679,0.2341634688449728,12.217,57.1
29754,1981-06-21 00:00:00,0.0366000900031759,-0.1692112423284683,0.2424114223348202,12.217,57.1
29755,1981-06-22 00:00:00,-0.0247387775837108,-0.2306916816219988,0.1812141264545771,12.217,57.1
29756,1981-06-23 00:00:00,-0.0535041651259203,-0.259146180083397,0.1521378498315562,12.217,57.1
29757,1981-06-24 00:00:00,0.004731388249363,-0.200901207775954,0.2103639842746801,12.217,57.1
29758,1981-06-25 00:00:00,0.0096022731204364,-0.1959974358579805,0.2152019820988534,12.217,57.1
29759,1981-06-26 00:00:00,0.0460195947938817,-0.1597092089624027,0.2517483985501661,12.217,57.1
29760,1981-06-27 00:00:00,0.1077614172494915,-0.0982356038914357,0.3137584383904189,12.217,57.1
29761,1981-06-28 00:00:00,0.0607573670398936,-0.1449519350894601,0.2664666691692475,12.217,57.1
29762,1981-06-29 00:00:00,-0.0194282613020612,-0.225162689056316,0.1863061664521935,12.217,57.1
29763,1981-06-30 00:00:00,0.0280423362428936,-0.1781196019496074,0.2342042744353946,12.217,57.1
29764,1981-07-01 00:00:00,0.3139524456277004,0.1075409096886233,0.5203639815667775,12.217,57.1
29765,1981-07-02 00:00:00,0.3636749727024945,0.157628046940001,0.569721898464988,12.217,57.1
29766,1981-07-03 00:00:00,0.1066590045232754,-0.0996718918763787,0.3129899009229296,12.217,57.1
29767,1981-07-04 00:00:00,0.1806034755190139,-0.0259685171788298,0.3871754682168577,12.217,57.1
29768,1981-07-05 00:00:00,0.1594007914963697,-0.0464221132937461,0.3652236962864857,12.217,57.1
29769,1981-07-06 00:00:00,0.0549447616920977,-0.1506287313331443,0.2605182547173398,12.217,57.1
29770,1981-07-07 00:00:00,0.078307778343532,-0.1273138961799811,0.2839294528670453,12.217,57.1
29771,1981-07-08 00:00:00,0.0586017147642252,-0.1469870860860704,0.2641905156145209,12.217,57.1
29772,1981-07-09 00:00:00,0.0136221622899232,-0.1918464294148892,0.2190907539947357,12.217,57.1
29773,1981-07-10 00:00:00,0.0453193455796877,-0.1602056557387901,0.2508443468981656,12.217,57.1
29774,1981-07-11 00:00:00,0.0539092195287157,-0.151595313112401,0.2594137521698326,12.217,57.1
29775,1981-07-12 00:00:00,0.0623739774063382,-0.1431341620898514,0.2678821169025279,12.217,57.1
29776,1981-07-13 00:00:00,0.1148814047333916,-0.0906866028389785,0.3204494123057618,12.217,57.1
29777,1981-07-14 00:00:00,0.1606090314658883,-0.0449348891981608,0.3661529521299376,12.217,57.1
29778,1981-07-15 00:00:00,0.151442270990265,-0.054137091123339,0.3570216331038692,12.217,57.1
29779,1981-07-16 00:00:00,0.1870529440406386,-0.0185862549609842,0.3926921430422616,12.217,57.1
29780,1981-07-17 00:00:00,0.1695554064741492,-0.0361039748417814,0.3752147877900799,12.217,57.1
29781,1981-07-18 00:00:00,0.200875024667695,-0.0054053293032782,0.4071553786386683,12.217,57.1
29782,1981-07-19 00:00:00,0.0817402797371226,-0.1242658746954124,0.2877464341696577,12.217,57.1
29783,1981-07-20 00:00:00,0.0616162258602331,-0.1439177751837489,0.2671502269042152,12.217,57.1
29784,1981-07-21 00:00:00,0.0851321041536567,-0.1204451490883193,0.2907093573956328,12.217,57.1
29785,1981-07-22 00:00:00,0.1226928184950835,-0.0828455543664202,0.3282311913565872,12.217,57.1
29786,1981-07-23 00:00:00,0.1720176684911139,-0.0335652572045048,0.3776005941867326,12.217,57.1
29787,1981-07-24 00:00:00,0.1008951228470679,-0.104675213033614,0.3064654587277499,12.217,57.1
29788,1981-07-25 00:00:00,0.0821871552080299,-0.1234650734605388,0.2878393838765988,12.217,57.1
29789,1981-07-26 00:00:00,0.0060287924834204,-0.2000678116827897,0.2121253966496306,12.217,57.1
29790,1981-07-27 00:00:00,0.0391258011094535,-0.1677937040955105,0.2460453063144177,12.217,57.1
29791,1981-07-28 00:00:00,0.0396643489760303,-0.1664600842600616,0.2457887822121223,12.217,57.1
29792,1981-07-29 00:00:00,0.0413274354355089,-0.1641437858010573,0.2467986566720751,12.217,57.1
29793,1981-07-30 00:00:00,0.0942905114883118,-0.1112786681461582,0.2998596911227819,12.217,57.1
29794,1981-07-31 00:00:00,0.1074747836573361,-0.0982599414970749,0.3132095088117472,12.217,57.1
29795,1981-08-01 00:00:00,0.2040465162007752,-0.001691634505139,0.4097846669066894,12.217,57.1
29796,1981-08-02 00:00:00,0.068224716196431,-0.1376069557605951,0.2740563881534572,12.217,57.1
29797,1981-08-03 00:00:00,0.0318010858098817,-0.1740437592945873,0.2376459309143508,12.217,57.1
29798,1981-08-04 00:00:00,0.0034050192281447,-0.2022058161524833,0.2090158546087728,12.217,57.1
29799,1981-08-05 00:00:00,-0.0024365701409062,-0.2080373149984981,0.2031641747166855,12.217,57.1
29800,1981-08-06 00:00:00,0.0314098027446273,-0.1740221879012344,0.2368417933904892,12.217,57.1
29801,1981-08-07 00:00:00,-0.0107930703996568,-0.2163021474448679,0.1947160066455543,12.217,57.1
29802,1981-08-08 00:00:00,-0.0224089763764596,-0.2279491973287081,0.1831312445757888,12.217,57.1
29803,1981-08-09 00:00:00,-0.0336319586175731,-0.2392432077478403,0.171979290512694,12.217,57.1
29804,1981-08-10 00:00:00,0.0246416557912922,-0.1808482273123141,0.2301315388948986,12.217,57.1
29805,1981-08-11 00:00:00,0.0203210532786095,-0.1851695950777799,0.225811701634999,12.217,57.1
29806,1981-08-12 00:00:00,0.0154199336404609,-0.1900554021139849,0.2208952693949067,12.217,57.1
29807,1981-08-13 00:00:00,0.0360678456023986,-0.1693296461135705,0.2414653373183678,12.217,57.1
29808,1981-08-14 00:00:00,0.0819897438179629,-0.1234420624310002,0.2874215500669261,12.217,57.1
29809,1981-08-15 00:00:00,0.1078606449951446,-0.0975905148161209,0.3133118048064101,12.217,57.1
29810,1981-08-16 00:00:00,0.0998915343569224,-0.1057039785671763,0.3054870472810213,12.217,57.1
29811,1981-08-17 00:00:00,0.1260960154050127,-0.0803231584804409,0.3325151892904663,12.217,57.1
29812,1981-08-18 00:00:00,0.174598317079547,-0.0322960950951038,0.3814927292541979,12.217,57.1
29813,1981-08-19 00:00:00,0.2702954007338343,0.0646686645941858,0.4759221368734827,12.217,57.1
29814,1981-08-20 00:00:00,0.2084231760195777,0.0026534353113219,0.4141929167278335,12.217,57.1
29815,1981-08-21 00:00:00,0.1121678131359335,-0.0937067929446286,0.3180424192164957,12.217,57.1
29816,1981-08-22 00:00:00,0.0090603366820647,-0.1972882161518465,0.2154088895159761,12.217,57.1
29817,1981-08-23 00:00:00,0.0515926841682935,-0.1541475116804216,0.2573328800170087,12.217,57.1
29818,1981-08-24 00:00:00,-0.0135559860150592,-0.2193991353745714,0.1922871633444529,12.217,57.1
29819,1981-08-25 00:00:00,0.0045995096723196,-0.2013412875873232,0.2105403069319626,12.217,57.1
29820,1981-08-26 00:00:00,0.07812605475912,-0.1277975051586436,0.2840496146768836,12.217,57.1
29821,1981-08-27 00:00:00,0.1000804203115444,-0.1060410064223796,0.3062018470454685,12.217,57.1
29822,1981-08-28 00:00:00,0.1221986100341309,-0.0849066401195578,0.3293038601878196,12.217,57.1
29823,1981-08-29 00:00:00,0.0924310731758886,-0.1147262949208769,0.2995884412726542,12.217,57.1
29824,1981-08-30 00:00:00,0.0343006552059874,-0.1719410335501128,0.2405423439620876,12.217,57.1
29825,1981-08-31 00:00:00,-0.0262103784220226,-0.2318378886624889,0.1794171318184437,12.217,57.1
29826,1981-09-01 00:00:00,-0.0097344569927537,-0.2152665054655317,0.1957975914800243,12.217,57.1
29827,1981-09-02 00:00:00,-0.0497712451121055,-0.2552265766827119,0.1556840864585008,12.217,57.1
29828,1981-09-03 00:00:00,-0.0516352553479956,-0.2570751241356991,0.1538046134397078,12.217,57.1
29829,1981-09-04 00:00:00,-0.0330956317751348,-0.2386505736188273,0.1724593100685577,12.217,57.1
29830,1981-09-05 00:00:00,0.0100573437883635,-0.1954447247724924,0.2155594123492196,12.217,57.1
29831,1981-09-06 00:00:00,0.1314987436295456,-0.0743005784403017,0.337298065699393,12.217,57.1
29832,1981-09-07 00:00:00,0.0267307607514188,-0.1791676136047472,0.2326291351075848,12.217,57.1
29833,1981-09-08 00:00:00,0.0505083551674318,-0.155066904552556,0.2560836148874196,12.217,57.1
29834,1981-09-09 00:00:00,0.0720519314548085,-0.1335067144243295,0.2776105773339465,12.217,57.1
29835,1981-09-10 00:00:00,0.0017678861075693,-0.2036332903073234,0.2071690625224622,12.217,57.1
29836,1981-09-11 00:00:00,0.0140394144233168,-0.1913776737840649,0.2194565026306986,12.217,57.1
29837,1981-09-12 00:00:00,0.0173359817040707,-0.188135254127573,0.2228072175357145,12.217,57.1
29838,1981-09-13 00:00:00,0.0370400833239827,-0.1684541405671384,0.2425343072151039,12.217,57.1
29839,1981-09-14 00:00:00,0.1535105023187545,-0.0526057323563668,0.3596267369938759,12.217,57.1
29840,1981-09-15 00:00:00,-0.0392159117142653,-0.2451603581709706,0.16672853474244,12.217,57.1
29841,1981-09-16 00:00:00,0.0437957697476546,-0.1617127077594361,0.2493042472547454,12.217,57.1
29842,1981-09-17 00:00:00,-0.0183789464962354,-0.2240181232074088,0.1872602302149379,12.217,57.1
29843,1981-09-18 00:00:00,0.0850539296079763,-0.1207392842276721,0.2908471434436249,12.217,57.1
29844,1981-09-19 00:00:00,0.1784588983273117,-0.027684794849146,0.3846025915037695,12.217,57.1
29845,1981-09-20 00:00:00,0.1685104708525172,-0.0378536606674404,0.3748746023724749,12.217,57.1
29846,1981-09-21 00:00:00,0.3632468911781437,0.1556666596507661,0.5708271227055213,12.217,57.1
29847,1981-09-22 00:00:00,0.1506152146714694,-0.0570757986257198,0.3583062279686586,12.217,57.1
29848,1981-09-23 00:00:00,0.1508561082803002,-0.0550614404486916,0.3567736570092922,12.217,57.1
29849,1981-09-24 00:00:00,0.2042031432387841,-0.001590617290941,0.4099969037685093,12.217,57.1
29850,1981-09-25 00:00:00,0.1989800433788982,-0.0072340075658567,0.4051940943236531,12.217,57.1
29851,1981-09-26 00:00:00,0.2235800290010288,0.0173360126935833,0.4298240453084744,12.217,57.1
29852,1981-09-27 00:00:00,0.1417280921279467,-0.0641218619477927,0.3475780462036862,12.217,57.1
29853,1981-09-28 00:00:00,0.1278194032227493,-0.0781624335828025,0.3338012400283011,12.217,57.1
29854,1981-09-29 00:00:00,-0.0186275611251459,-0.2246027507122807,0.1873476284619888,12.217,57.1
29855,1981-09-30 00:00:00,0.0722253045798336,-0.1333981363301343,0.2778487454898015,12.217,57.1
29856,1981-10-01 00:00:00,0.1236421563942085,-0.0824394057906068,0.3297237185790238,12.217,57.1
29857,1981-10-02 00:00:00,0.175335027127138,-0.0308301870402584,0.3815002412945346,12.217,57.1
29858,1981-10-03 00:00:00,0.1973167209895676,-0.008532486963776,0.4031659289429112,12.217,57.1
29859,1981-10-04 00:00:00,0.236718814399032,0.030670967487359,0.4427666613107051,12.217,57.1
29860,1981-10-05 00:00:00,0.215840622266972,0.0088513373103558,0.4228299072235882,12.217,57.1
29861,1981-10-06 00:00:00,0.3183965289116707,0.1117429994419535,0.5250500583813879,12.217,57.1
29862,1981-10-07 00:00:00,0.168542714182483,-0.0374472712230278,0.374532699587994,12.217,57.1
29863,1981-10-08 00:00:00,0.3997013484696055,0.190424570228169,0.6089781267110419,12.217,57.1
29864,1981-10-09 00:00:00,0.2547522543933977,0.0415736161945017,0.4679308925922937,12.217,57.1
29865,1981-10-10 00:00:00,0.2990150984543607,0.0929255481754429,0.5051046487332784,12.217,57.1
29866,1981-10-11 00:00:00,0.4276529484733377,0.2194223015686842,0.6358835953779911,12.217,57.1
29867,1981-10-12 00:00:00,0.3524874546602064,0.1446197110550861,0.5603551982653268,12.217,57.1
29868,1981-10-13 00:00:00,0.3778897703776882,0.1705899511940445,0.5851895895613319,12.217,57.1
29869,1981-10-14 00:00:00,0.2036497483156812,-0.0023129966431825,0.4096124932745451,12.217,57.1
29870,1981-10-15 00:00:00,0.2305125559460522,0.0245389628821496,0.4364861490099548,12.217,57.1
29871,1981-10-16 00:00:00,0.178812796715284,-0.0268104372152205,0.3844360306457886,12.217,57.1
29872,1981-10-17 00:00:00,0.2111018424660574,0.0052726323479611,0.4169310525841536,12.217,57.1
29873,1981-10-18 00:00:00,-0.0140506753018471,-0.2198846208453623,0.1917832702416679,12.217,57.1
29874,1981-10-19 00:00:00,0.0287647813901834,-0.1768418020415146,0.2343713648218814,12.217,57.1
29875,1981-10-20 00:00:00,0.2200243742373718,0.012966195882814,0.4270825525919296,12.217,57.1
29876,1981-10-21 00:00:00,0.2251850809354196,0.017782836927912,0.4325873249429272,12.217,57.1
29877,1981-10-22 00:00:00,0.1892489466517155,-0.0169555954185704,0.3954534887220015,12.217,57.1
29878,1981-10-23 00:00:00,0.0033052603316322,-0.2022114895352899,0.2088220101985545,12.217,57.1
29879,1981-10-24 00:00:00,-0.0080921015221679,-0.2136839841106446,0.1974997810663087,12.217,57.1
29880,1981-10-25 00:00:00,0.0810317911865804,-0.1244771757953477,0.2865407581685086,12.217,57.1
29881,1981-10-26 00:00:00,0.1070872680315992,-0.0986316031065566,0.3128061391697551,12.217,57.1
29882,1981-10-27 00:00:00,0.076236535850787,-0.1293736871287757,0.2818467588303497,12.217,57.1
29883,1981-10-28 00:00:00,0.1435229135342757,-0.0623414449314645,0.3493872720000159,12.217,57.1
29884,1981-10-29 00:00:00,0.1057542178276917,-0.1005458394787823,0.3120542751341658,12.217,57.1
29885,1981-10-30 00:00:00,0.2644867146156961,0.0572364104590849,0.4717370187723072,12.217,57.1
29886,1981-10-31 00:00:00,0.1663143652053546,-0.0397785915785663,0.3724073219892755,12.217,57.1
29887,1981-11-01 00:00:00,0.1694576778469579,-0.0369898365061441,0.37590519220006,12.217,57.1
29888,1981-11-02 00:00:00,0.1862354691696525,-0.0203172715561434,0.3927882098954486,12.217,57.1
29889,1981-11-03 00:00:00,0.3826222918426926,0.1703767678918113,0.594867815793574,12.217,57.1
29890,1981-11-04 00:00:00,0.052733608630003,-0.1548755000563899,0.260342717316396,12.217,57.1
29891,1981-11-05 00:00:00,0.4438987484026906,0.2367220944935898,0.6510754023117915,12.217,57.1
29892,1981-11-06 00:00:00,0.1910811402333551,-0.0187715498482345,0.4009338303149447,12.217,57.1
29893,1981-11-07 00:00:00,-0.1292578884630785,-0.3385700006683941,0.080054223742237,12.217,57.1
29894,1981-11-08 00:00:00,-0.2033022675456354,-0.4098062471434808,0.0032017120522098,12.217,57.1
29895,1981-11-09 00:00:00,-0.1450308762334325,-0.3511183983438201,0.061056645876955,12.217,57.1
29896,1981-11-10 00:00:00,-0.0586075258905158,-0.264552415930228,0.1473373641491963,12.217,57.1
29897,1981-11-11 00:00:00,0.2399707172089081,0.0333152875291121,0.4466261468887041,12.217,57.1
29898,1981-11-12 00:00:00,0.2133437396166347,0.0068927000089802,0.4197947792242892,12.217,57.1
29899,1981-11-13 00:00:00,0.1809115740514995,-0.0253163930856531,0.3871395411886522,12.217,57.1
29900,1981-11-14 00:00:00,0.190747786026049,-0.0167755457947987,0.3982711178468969,12.217,57.1
29901,1981-11-15 00:00:00,-0.0781531367407677,-0.286364461078072,0.1300581875965365,12.217,57.1
29902,1981-11-16 00:00:00,-0.0476435687985491,-0.2537763825080467,0.1584892449109483,12.217,57.1
29903,1981-11-17 00:00:00,0.1459641383694082,-0.0601435690693896,0.352071845808206,12.217,57.1
29904,1981-11-18 00:00:00,0.218833865953517,0.0124619947502948,0.4252057371567391,12.217,57.1
29905,1981-11-19 00:00:00,0.2911521794427665,0.0824937184038711,0.4998106404816619,12.217,57.1
29906,1981-11-20 00:00:00,0.3049270720714725,0.0967395371627033,0.5131146069802417,12.217,57.1
29907,1981-11-21 00:00:00,0.7524541104275791,0.542503834279985,0.9624043865751732,12.217,57.1
29908,1981-11-22 00:00:00,0.2802006782141439,0.0674687125513718,0.4929326438769161,12.217,57.1
29909,1981-11-23 00:00:00,0.2288745324785975,0.0224696020097548,0.4352794629474401,12.217,57.1
29910,1981-11-24 00:00:00,0.4136543613979953,0.2008412028288208,0.6264675199671698,12.217,57.1
29911,1981-11-25 00:00:00,1.158093057733402,0.9333127572310772,1.3828733582357269,12.217,57.1
29912,1981-11-26 00:00:00,0.2389341613933921,0.0229221357118813,0.4549461870749028,12.217,57.1
29913,1981-11-27 00:00:00,0.0807607969104494,-0.1253019603757146,0.2868235541966135,12.217,57.1
29914,1981-11-28 00:00:00,0.3191559638794913,0.1127558185546966,0.525556109204286,12.217,57.1
29915,1981-11-29 00:00:00,0.2343290610561591,0.0284633957598861,0.4401947263524321,12.217,57.1
29916,1981-11-30 00:00:00,0.088235807565025,-0.1176829590099356,0.2941545741399858,12.217,57.1
29917,1981-12-01 00:00:00,0.0320405765034532,-0.1780304146517267,0.2421115676586333,12.217,57.1
29918,1981-12-02 00:00:00,-0.0803195623641069,-0.29006589969028,0.1294267749620661,12.217,57.1
29919,1981-12-03 00:00:00,-0.0653829957551836,-0.271421483885032,0.1406554923746648,12.217,57.1
29920,1981-12-04 00:00:00,0.345956875567795,0.1398583436580028,0.5520554074775872,12.217,57.1
29921,1981-12-05 00:00:00,0.2634606109518951,0.0560626844718426,0.4708585374319475,12.217,57.1
29922,1981-12-06 00:00:00,0.0851426008264799,-0.1223076148147604,0.2925928164677203,12.217,57.1
29923,1981-12-07 00:00:00,0.2036129657338877,-0.0022589918777123,0.4094849233454877,12.217,57.1
29924,1981-12-08 00:00:00,0.1664861790948827,-0.0401533654985223,0.3731257236882879,12.217,57.1
29925,1981-12-09 00:00:00,0.2105435841763732,0.0039957888317002,0.4170913795210462,12.217,57.1
29926,1981-12-10 00:00:00,0.1631490546795287,-0.0430593929043081,0.3693575022633657,12.217,57.1
29927,1981-12-11 00:00:00,0.1167229183336982,-0.089301285767194,0.3227471224345904,12.217,57.1
29928,1981-12-12 00:00:00,0.1345330557804031,-0.0723014952511023,0.3413676068119085,12.217,57.1
29929,1981-12-13 00:00:00,0.070316520271242,-0.1362170416173105,0.2768500821597945,12.217,57.1
29930,1981-12-14 00:00:00,0.1225824453840353,-0.0836703320823837,0.3288352228504544,12.217,57.1
29931,1981-12-15 00:00:00,0.1006209602273861,-0.1055518787306982,0.3067937991854706,12.217,57.1
29932,1981-12-16 00:00:00,0.0377024466024693,-0.168414151915025,0.2438190451199636,12.217,57.1
29933,1981-12-17 00:00:00,0.0179453951412849,-0.1877177886152408,0.2236085788978108,12.217,57.1
29934,1981-12-18 00:00:00,0.0634640786901374,-0.1421377628356743,0.2690659202159493,12.217,57.1
29935,1981-12-19 00:00:00,0.0801601703509862,-0.1256430282839126,0.2859633689858851,12.217,57.1
29936,1981-12-20 00:00:00,-0.070197439696355,-0.2773123048480874,0.1369174254553773,12.217,57.1
29937,1981-12-21 00:00:00,-0.1185271661806139,-0.3253291117860859,0.0882747794248581,12.217,57.1
29938,1981-12-22 00:00:00,0.056397322566276,-0.1499491817394936,0.2627438268720458,12.217,57.1
29939,1981-12-23 00:00:00,0.1031068298071165,-0.1026631635813438,0.3088768231955768,12.217,57.1
29940,1981-12-24 00:00:00,0.1196647994289973,-0.0869319582278458,0.3262615570858406,12.217,57.1
29941,1981-12-25 00:00:00,0.0702342631156795,-0.136860010569094,0.2773285368004531,12.217,57.1
29942,1981-12-26 00:00:00,-0.0719295236370347,-0.2787990390305401,0.1349399917564706,12.217,57.1
29943,1981-12-27 00:00:00,-0.0648914204938515,-0.270497915968695,0.140715074980992,12.217,57.1
29944,1981-12-28 00:00:00,0.0319292146398182,-0.1737402985680639,0.2375987278477004,12.217,57.1
29945,1981-12-29 00:00:00,0.12571508109321,-0.0799078704909542,0.3313380326773742,12.217,57.1
29946,1981-12-30 00:00:00,0.131370787512267,-0.074724113291629,0.3374656883161632,12.217,57.1
29947,1981-12-31 00:00:00,0.1155920739989418,-0.0910637644617083,0.322247912459592,12.217,57.1
29948,1982-01-01 00:00:00,0.1136701091351404,-0.0929372047103686,0.3202774229806495,12.217,57.1
29949,1982-01-02 00:00:00,0.0216618492108797,-0.1842702470700595,0.2275939454918189,12.217,57.1
29950,1982-01-03 00:00:00,0.0383111855998309,-0.1671991247805506,0.2438214959802126,12.217,57.1
29951,1982-01-04 00:00:00,0.0626368453934416,-0.143466532787548,0.2687402235744313,12.217,57.1
29952,1982-01-05 00:00:00,0.0628560725086385,-0.1435313672983233,0.2692435123156003,12.217,57.1
29953,1982-01-06 00:00:00,-0.0758792911507043,-0.2822689321152607,0.1305103498138519,12.217,57.1
29954,1982-01-07 00:00:00,-0.0714274961474151,-0.2798048047013847,0.1369498124065545,12.217,57.1
29955,1982-01-08 00:00:00,-0.262122996008316,-0.4706346621840673,-0.0536113298325646,12.217,57.1
29956,1982-01-09 00:00:00,-0.0701858567499874,-0.2760639031237431,0.1356921896237683,12.217,57.1
29957,1982-01-10 00:00:00,0.0537644120846554,-0.1519644253206405,0.2594932494899514,12.217,57.1
29958,1982-01-11 00:00:00,0.385321281413287,0.1790552597208988,0.5915873031056751,12.217,57.1
29959,1982-01-12 00:00:00,0.0740780657107071,-0.1324327955931625,0.2805889270145768,12.217,57.1
29960,1982-01-13 00:00:00,-0.034063893144663,-0.2397951059520115,0.1716673196626853,12.217,57.1
29961,1982-01-14 00:00:00,0.1630054570682323,-0.0427794247998903,0.368790338936355,12.217,57.1
29962,1982-01-15 00:00:00,0.1455645015724773,-0.0610258257787794,0.3521548289237342,12.217,57.1
29963,1982-01-16 00:00:00,0.0146916394674761,-0.1912449756977613,0.2206282546327136,12.217,57.1
29964,1982-01-17 00:00:00,0.0303809761082589,-0.1751296621150464,0.2358916143315644,12.217,57.1
29965,1982-01-18 00:00:00,0.0058680863373304,-0.1996978288148138,0.2114340014894747,12.217,57.1
29966,1982-01-19 00:00:00,-0.0277381361049441,-0.2333299420877564,0.1778536698778682,12.217,57.1
29967,1982-01-20 00:00:00,-0.0611161731857195,-0.2666881298434789,0.1444557834720398,12.217,57.1
29968,1982-01-21 00:00:00,-0.040458749607152,-0.2460095116478963,0.1650920124335921,12.217,57.1
29969,1982-01-22 00:00:00,0.0147589336710405,-0.1907704065045355,0.2202882738466166,12.217,57.1
29970,1982-01-23 00:00:00,0.0880259791311953,-0.1174935158528332,0.2935454741152239,12.217,57.1
29971,1982-01-24 00:00:00,0.0308898021968844,-0.17464692717146,0.2364265315652289,12.217,57.1
29972,1982-01-25 00:00:00,0.0430163730524427,-0.1626321906090639,0.2486649367139494,12.217,57.1
29973,1982-01-26 00:00:00,0.2175675776009284,0.011764988997236,0.4233701662046208,12.217,57.1
29974,1982-01-27 00:00:00,0.3434227624218816,0.1368259864157633,0.550019538428,12.217,57.1
29975,1982-01-28 00:00:00,0.0587043043570377,-0.1475429980156907,0.2649516067297663,12.217,57.1
29976,1982-01-29 00:00:00,0.3001738225975155,0.0935100628055503,0.5068375823894806,12.217,57.1
29977,1982-01-30 00:00:00,0.2022403429335544,-0.0040875949563655,0.4085682808234744,12.217,57.1
29978,1982-01-31 00:00:00,0.1926787423914826,-0.0141608776106626,0.3995183623936279,12.217,57.1
29979,1982-02-01 00:00:00,-0.0810158792411294,-0.2883893449649786,0.1263575864827196,12.217,57.1
29980,1982-02-02 00:00:00,-0.0061622490420033,-0.2122367570263612,0.1999122589423544,12.217,57.1
29981,1982-02-03 00:00:00,0.0006329678513785,-0.2049885262426024,0.2062544619453595,12.217,57.1
29982,1982-02-04 00:00:00,-0.0304262384017521,-0.236036384138658,0.1751839073351536,12.217,57.1
29983,1982-02-05 00:00:00,-0.0283917241174093,-0.234019902665179,0.1772364544303602,12.217,57.1
29984,1982-02-06 00:00:00,0.0182422456973384,-0.1874231797970122,0.2239076711916891,12.217,57.1
29985,1982-02-07 00:00:00,0.1574712195587432,-0.0482679067176309,0.3632103458351174,12.217,57.1
29986,1982-02-08 00:00:00,0.1018397830410275,-0.1039991898489382,0.3076787559309933,12.217,57.1
29987,1982-02-09 00:00:00,0.0705752871051142,-0.1352066208281753,0.2763571950384039,12.217,57.1
29988,1982-02-10 00:00:00,0.096974421976409,-0.1091417095653267,0.3030905535181448,12.217,57.1
29989,1982-02-11 00:00:00,0.1151182190659774,-0.0905581108966838,0.3207945490286387,12.217,57.1
29990,1982-02-12 00:00:00,0.1286340885967763,-0.0769761313741596,0.3342443085677123,12.217,57.1
29991,1982-02-13 00:00:00,0.1010340997524505,-0.1052220217375654,0.3072902212424665,12.217,57.1
29992,1982-02-14 00:00:00,0.1691170825770458,-0.0369556126406677,0.3751897777947595,12.217,57.1
29993,1982-02-15 00:00:00,0.0695739662679959,-0.1361354822850452,0.2752834148210372,12.217,57.1
29994,1982-02-16 00:00:00,-0.0911258828363181,-0.2967174709825233,0.114465705309887,12.217,57.1
29995,1982-02-17 00:00:00,-0.1035649545676924,-0.3091165678358135,0.1019866587004285,12.217,57.1
29996,1982-02-18 00:00:00,-0.1717390205010233,-0.3777351784841432,0.0342571374820965,12.217,57.1
29997,1982-02-19 00:00:00,-0.1296133142286964,-0.3356334244176354,0.0764067959602425,12.217,57.1
29998,1982-02-20 00:00:00,-0.0704408154721427,-0.2761542575785822,0.1352726266342966,12.217,57.1
29999,1982-02-21 00:00:00,-0.109403816046721,-0.3149748181283818,0.0961671860349396,12.217,57.1
30000,1982-02-22 00:00:00,-0.0344617218920194,-0.2399402458114207,0.1710168020273817,12.217,57.1
30001,1982-02-23 00:00:00,0.0263722171649473,-0.1791308982088058,0.2318753325387004,12.217,57.1
30002,1982-02-24 00:00:00,0.0685331129556642,-0.1370377372612579,0.2741039631725863,12.217,57.1
30003,1982-02-25 00:00:00,0.103633287903711,-0.1018547671418457,0.3091213429492678,12.217,57.1
30004,1982-02-26 00:00:00,0.0395666222279614,-0.1658818123061238,0.2450150567620467,12.217,57.1
30005,1982-02-27 00:00:00,0.0767530855197382,-0.1287657148500835,0.28227188588956,12.217,57.1
30006,1982-02-28 00:00:00,0.1273967532469956,-0.0783176214633671,0.3331111279573583,12.217,57.1
30007,1982-03-01 00:00:00,0.2005080705136606,-0.0052110457627898,0.406227186790111,12.217,57.1
30008,1982-03-02 00:00:00,0.4108835608520358,0.2042412040660029,0.6175259176380687,12.217,57.1
30009,1982-03-03 00:00:00,0.3636889007466199,0.1571696807118602,0.5702081207813797,12.217,57.1
30010,1982-03-04 00:00:00,0.4685203491416148,0.2602877669810369,0.6767529313021927,12.217,57.1
30011,1982-03-05 00:00:00,0.2715009939594558,0.0639692445640553,0.4790327433548563,12.217,57.1
30012,1982-03-06 00:00:00,0.0188276315375088,-0.1880189560741637,0.2256742191491814,12.217,57.1
30013,1982-03-07 00:00:00,0.0294871717334892,-0.1763113783967619,0.2352857218637403,12.217,57.1
30014,1982-03-08 00:00:00,-0.0149602756186689,-0.2208915264881355,0.1909709752507977,12.217,57.1
30015,1982-03-09 00:00:00,0.1113023472413355,-0.0943822960071062,0.3169869904897773,12.217,57.1
30016,1982-03-10 00:00:00,0.1060714629792791,-0.0995276929202985,0.3116706188788569,12.217,57.1
30017,1982-03-11 00:00:00,0.4294213162904328,0.2217595208190414,0.6370831117618241,12.217,57.1
30018,1982-03-12 00:00:00,0.3067706622184752,0.0987878910315295,0.514753433405421,12.217,57.1
30019,1982-03-13 00:00:00,0.3238648533291871,0.1169873198691068,0.5307423867892674,12.217,57.1
30020,1982-03-14 00:00:00,0.2395940769674153,0.0320935104726681,0.4470946434621625,12.217,57.1
30021,1982-03-15 00:00:00,0.2132655528876676,0.0071628192477874,0.4193682865275477,12.217,57.1
30022,1982-03-16 00:00:00,0.2381554532610312,0.0318472681542475,0.444463638367815,12.217,57.1
30023,1982-03-17 00:00:00,0.256819835588994,0.0490987951759936,0.4645408760019945,12.217,57.1
30024,1982-03-18 00:00:00,0.1603016142287124,-0.0462193753999295,0.3668226038573543,12.217,57.1
30025,1982-03-19 00:00:00,0.056632020501184,-0.1490822823032139,0.2623463233055821,12.217,57.1
30026,1982-03-20 00:00:00,0.0598105464024851,-0.1458462816707437,0.2654673744757141,12.217,57.1
30027,1982-03-21 00:00:00,-0.0020207314908699,-0.2083447924139825,0.2043033294322425,12.217,57.1
30028,1982-03-22 00:00:00,-0.0326981870337876,-0.2383544660007207,0.1729580919331454,12.217,57.1
30029,1982-03-23 00:00:00,-0.0398291775435881,-0.2453027850166557,0.1656444299294795,12.217,57.1
30030,1982-03-24 00:00:00,-0.0672590914737476,-0.2728054279932409,0.1382872450457457,12.217,57.1
30031,1982-03-25 00:00:00,0.0977932817048449,-0.1078327747344484,0.3034193381441383,12.217,57.1
30032,1982-03-26 00:00:00,0.1141105666821507,-0.0914431015419982,0.3196642349062996,12.217,57.1
30033,1982-03-27 00:00:00,0.1158428674079909,-0.0896476756489846,0.3213334104649666,12.217,57.1
30034,1982-03-28 00:00:00,0.0734016373108968,-0.1322395547329503,0.2790428293547441,12.217,57.1
30035,1982-03-29 00:00:00,0.074367252979427,-0.1312443215265419,0.2799788274853959,12.217,57.1
30036,1982-03-30 00:00:00,0.0297972866925831,-0.1757586134132223,0.2353531867983885,12.217,57.1
30037,1982-03-31 00:00:00,0.0083752302273154,-0.1973653869531589,0.2141158474077897,12.217,57.1
30038,1982-04-01 00:00:00,0.0181669240348352,-0.1873302046641784,0.2236640527338489,12.217,57.1
30039,1982-04-02 00:00:00,0.0240030739696724,-0.1814178177318681,0.2294239656712131,12.217,57.1
30040,1982-04-03 00:00:00,0.0650485696535278,-0.1404282878809,0.2705254271879558,12.217,57.1
30041,1982-04-04 00:00:00,0.0978017562375508,-0.1078377936535602,0.3034413061286619,12.217,57.1
30042,1982-04-05 00:00:00,0.022321063668916,-0.183289191948364,0.2279313192861961,12.217,57.1
30043,1982-04-06 00:00:00,0.043491624896435,-0.162094824470368,0.249078074263238,12.217,57.1
30044,1982-04-07 00:00:00,0.0728007498726726,-0.1327470113071956,0.2783485110525409,12.217,57.1
30045,1982-04-08 00:00:00,0.2222590853039796,0.0160275488910264,0.4284906217169328,12.217,57.1
30046,1982-04-09 00:00:00,0.5451279371250849,0.3324809531907787,0.757774921059391,12.217,57.1
30047,1982-04-10 00:00:00,0.3495491630298976,0.1376498011810906,0.5614485248787047,12.217,57.1
30048,1982-04-11 00:00:00,0.2927349355185207,0.0861765827692433,0.499293288267798,12.217,57.1
30049,1982-04-12 00:00:00,0.2467423656025771,0.0404619804599688,0.4530227507451855,12.217,57.1
30050,1982-04-13 00:00:00,0.1284128687032028,-0.0776649216353941,0.3344906590417998,12.217,57.1
30051,1982-04-14 00:00:00,0.0352888309787761,-0.1704206094255089,0.2409982713830612,12.217,57.1
30052,1982-04-15 00:00:00,0.0733340449301389,-0.1324326663506691,0.2791007562109471,12.217,57.1
30053,1982-04-16 00:00:00,0.0561581581102539,-0.1493847737336812,0.261701089954189,12.217,57.1
30054,1982-04-17 00:00:00,0.0702688818774606,-0.1358112148006764,0.2763489785555977,12.217,57.1
30055,1982-04-18 00:00:00,0.0548763279321308,-0.1512944832121913,0.261047139076453,12.217,57.1
30056,1982-04-19 00:00:00,-0.004709880356666,-0.210536315809351,0.2011165550960188,12.217,57.1
30057,1982-04-20 00:00:00,-0.016172295369147,-0.2216800211590253,0.1893354304207312,12.217,57.1
30058,1982-04-21 00:00:00,0.0202541031967939,-0.1852099611496582,0.2257181675432461,12.217,57.1
30059,1982-04-22 00:00:00,0.0346237219022455,-0.1708453356235357,0.2400927794280268,12.217,57.1
30060,1982-04-23 00:00:00,0.035715659410244,-0.1698116935044804,0.2412430123249685,12.217,57.1
30061,1982-04-24 00:00:00,0.0372283067150192,-0.1684515488859436,0.242908162315982,12.217,57.1
30062,1982-04-25 00:00:00,-0.0852818670885238,-0.2909839816894718,0.1204202475124241,12.217,57.1
30063,1982-04-26 00:00:00,0.0045956735851718,-0.2011325021847528,0.2103238493550966,12.217,57.1
30064,1982-04-27 00:00:00,0.1374176133805884,-0.071355858646586,0.346191085407763,12.217,57.1
30065,1982-04-28 00:00:00,0.0784885323785135,-0.127426876366042,0.284403941123069,12.217,57.1
30066,1982-04-29 00:00:00,0.3163623912251732,0.1095968128299998,0.5231279696203465,12.217,57.1
30067,1982-04-30 00:00:00,0.1473823499410333,-0.0593786887137901,0.3541433885958568,12.217,57.1
30068,1982-05-01 00:00:00,0.208527285415641,0.0010687841792808,0.4159857866520013,12.217,57.1
30069,1982-05-02 00:00:00,0.2538068850638495,0.0453134419162755,0.4623003282114235,12.217,57.1
30070,1982-05-03 00:00:00,0.2969564182319955,0.0904893373767304,0.5034234990872606,12.217,57.1
30071,1982-05-04 00:00:00,0.2922876287937271,0.0839790195126309,0.5005962380748235,12.217,57.1
30072,1982-05-05 00:00:00,0.2748122050540366,0.0684507551853839,0.4811736549226894,12.217,57.1
30073,1982-05-06 00:00:00,0.0683530682227454,-0.1379247164900608,0.2746308529355516,12.217,57.1
30074,1982-05-07 00:00:00,-0.0232728805130038,-0.2291143695528282,0.1825686085268205,12.217,57.1
30075,1982-05-08 00:00:00,0.07574482043181,-0.1316352039106352,0.2831248447742553,12.217,57.1
30076,1982-05-09 00:00:00,0.0995534794940665,-0.1099401168369844,0.3090470758251174,12.217,57.1
30077,1982-05-10 00:00:00,0.0818594281952867,-0.1251459577496218,0.2888648141401952,12.217,57.1
30078,1982-05-11 00:00:00,0.0553651968561294,-0.150131414352534,0.2608618080647928,12.217,57.1
30079,1982-05-12 00:00:00,-0.0084726901702178,-0.2138859943584406,0.1969406140180049,12.217,57.1
30080,1982-05-13 00:00:00,0.0146354088713091,-0.1908672167782413,0.2201380345208597,12.217,57.1
30081,1982-05-14 00:00:00,-0.0315438444412318,-0.2372141671344374,0.1741264782519737,12.217,57.1
30082,1982-05-15 00:00:00,-0.0295580137769426,-0.2351458377411944,0.1760298101873091,12.217,57.1
30083,1982-05-16 00:00:00,0.0301901166765087,-0.1752774929215634,0.2356577262745809,12.217,57.1
30084,1982-05-17 00:00:00,0.0613937335344211,-0.1441393575932423,0.2669268246620846,12.217,57.1
30085,1982-05-18 00:00:00,0.0272852327348482,-0.1782003650160705,0.2327708304857671,12.217,57.1
30086,1982-05-19 00:00:00,0.0857753848110851,-0.1203470503496527,0.2918978199718229,12.217,57.1
30087,1982-05-20 00:00:00,-0.0318519489031293,-0.2381077854756534,0.1744038876693946,12.217,57.1
30088,1982-05-21 00:00:00,-0.030136184293965,-0.2356617277599281,0.1753893591719981,12.217,57.1
30089,1982-05-22 00:00:00,-0.0202800471450718,-0.225779210172278,0.1852191158821343,12.217,57.1
30090,1982-05-23 00:00:00,0.1385349964377419,-0.0669687329636163,0.3440387258391002,12.217,57.1
30091,1982-05-24 00:00:00,0.1447545152349627,-0.0608653353370546,0.35037436580698,12.217,57.1
30092,1982-05-25 00:00:00,0.1516062658192161,-0.0540823505141259,0.3572948821525582,12.217,57.1
30093,1982-05-26 00:00:00,0.1529710550817907,-0.0534361113020194,0.3593782214656008,12.217,57.1
30094,1982-05-27 00:00:00,0.0341675681313633,-0.1722716601933376,0.2406067964560643,12.217,57.1
30095,1982-05-28 00:00:00,0.0759414936217817,-0.1297492440013706,0.2816322312449341,12.217,57.1
30096,1982-05-29 00:00:00,0.0901777303640399,-0.1162068561920591,0.296562316920139,12.217,57.1
30097,1982-05-30 00:00:00,-0.0034211521441717,-0.2091167023331648,0.2022743980448214,12.217,57.1
30098,1982-05-31 00:00:00,-0.0160733085964016,-0.2216524491173833,0.1895058319245801,12.217,57.1
30099,1982-06-01 00:00:00,-0.0093830658930142,-0.2148850633130376,0.1961189315270091,12.217,57.1
30100,1982-06-02 00:00:00,-0.0089835614883005,-0.2144335847830489,0.1964664618064477,12.217,57.1
30101,1982-06-03 00:00:00,0.0016373331822114,-0.2037709244273434,0.2070455907917663,12.217,57.1
30102,1982-06-04 00:00:00,-0.0136122355708908,-0.2190626023138596,0.1918381311720779,12.217,57.1
30103,1982-06-05 00:00:00,0.0092967046908118,-0.1961642937905874,0.214757703172211,12.217,57.1
30104,1982-06-06 00:00:00,-0.0040487670875606,-0.20973003095402,0.2016324967788986,12.217,57.1
30105,1982-06-07 00:00:00,0.0359455662692391,-0.1697823422633693,0.2416734748018476,12.217,57.1
30106,1982-06-08 00:00:00,0.0652516012991666,-0.1407818918694162,0.2712850944677494,12.217,57.1
30107,1982-06-09 00:00:00,0.0880554610886291,-0.118069948037956,0.2941808702152143,12.217,57.1
30108,1982-06-10 00:00:00,-0.0107495839697017,-0.217010106740439,0.1955109388010356,12.217,57.1
30109,1982-06-11 00:00:00,0.0223988786567287,-0.1833068025240448,0.2281045598375022,12.217,57.1
30110,1982-06-12 00:00:00,0.1117762232952364,-0.0940126537754942,0.3175651003659671,12.217,57.1
30111,1982-06-13 00:00:00,0.1824943077528749,-0.0234854485952367,0.3884740641009865,12.217,57.1
30112,1982-06-14 00:00:00,0.0543649579648814,-0.1529575127321432,0.2616874286619061,12.217,57.1
30113,1982-06-15 00:00:00,0.0148808627373724,-0.1919123300714795,0.2216740555462245,12.217,57.1
30114,1982-06-16 00:00:00,0.0077104744333912,-0.1978775953214468,0.2132985441882292,12.217,57.1
30115,1982-06-17 00:00:00,0.0640968750448003,-0.141387451999276,0.2695812020888767,12.217,57.1
30116,1982-06-18 00:00:00,0.0420282375112998,-0.1635275664166527,0.2475840414392525,12.217,57.1
30117,1982-06-19 00:00:00,0.0877740290861773,-0.1178151245937632,0.293363182766118,12.217,57.1
30118,1982-06-20 00:00:00,0.0913188223529617,-0.1141961106373277,0.2968337553432512,12.217,57.1
30119,1982-06-21 00:00:00,0.0556858719594611,-0.1499353365337593,0.2613070804526816,12.217,57.1
30120,1982-06-22 00:00:00,0.0538356794395723,-0.1517965658416452,0.25946792472079,12.217,57.1
30121,1982-06-23 00:00:00,0.0670413912688308,-0.1384695988368575,0.2725523813745192,12.217,57.1
30122,1982-06-24 00:00:00,0.1295505670612641,-0.0763659991282517,0.33546713325078,12.217,57.1
30123,1982-06-25 00:00:00,0.0539060660836547,-0.1517143388395975,0.259526471006907,12.217,57.1
30124,1982-06-26 00:00:00,0.067543928799588,-0.1379501792282973,0.2730380368274733,12.217,57.1
30125,1982-06-27 00:00:00,0.1186183139242662,-0.0871735425403555,0.3244101703888879,12.217,57.1
30126,1982-06-28 00:00:00,0.06853556093583,-0.1371012713866318,0.2741723932582919,12.217,57.1
30127,1982-06-29 00:00:00,0.0751866032528105,-0.1304194395015732,0.2807926460071944,12.217,57.1
30128,1982-06-30 00:00:00,0.0350631778970946,-0.1711533250227001,0.2412796808168892,12.217,57.1
30129,1982-07-01 00:00:00,0.0710608896083495,-0.1347890445009008,0.2769108237175999,12.217,57.1
30130,1982-07-02 00:00:00,0.1094349397234891,-0.0963471708077947,0.315217050254773,12.217,57.1
30131,1982-07-03 00:00:00,0.112882355072812,-0.0926870297959959,0.3184517399416199,12.217,57.1
30132,1982-07-04 00:00:00,0.2034090373629624,-0.0028702924461265,0.4096883671720513,12.217,57.1
30133,1982-07-05 00:00:00,0.3330469676166451,0.1266729942030537,0.5394209410302364,12.217,57.1
30134,1982-07-06 00:00:00,0.1392814992363765,-0.0666127679816044,0.3451757664543575,12.217,57.1
30135,1982-07-07 00:00:00,0.0910529065342618,-0.1144254048424699,0.2965312179109936,12.217,57.1
30136,1982-07-08 00:00:00,0.0215292058617188,-0.1839647445792391,0.2270231563026768,12.217,57.1
30137,1982-07-09 00:00:00,0.0432695034963279,-0.1622206256357346,0.2487596326283906,12.217,57.1
30138,1982-07-10 00:00:00,0.0245283154924484,-0.1810138181883156,0.2300704491732124,12.217,57.1
30139,1982-07-11 00:00:00,0.0553915925104169,-0.1502372376841091,0.2610204227049429,12.217,57.1
30140,1982-07-12 00:00:00,-0.0226729435976019,-0.2282241296584056,0.1828782424632019,12.217,57.1
30141,1982-07-13 00:00:00,-0.0218871146262105,-0.2274723826412972,0.1836981533888761,12.217,57.1
30142,1982-07-14 00:00:00,0.001182915780504,-0.204478753546779,0.206844585107787,12.217,57.1
30143,1982-07-15 00:00:00,0.011479099246719,-0.1940801914501028,0.2170383899435409,12.217,57.1
30144,1982-07-16 00:00:00,0.0987561829733211,-0.1068039626466193,0.3043163285932616,12.217,57.1
30145,1982-07-17 00:00:00,0.0348014231496557,-0.1710943702284882,0.2406972165277997,12.217,57.1
30146,1982-07-18 00:00:00,0.0414415954436203,-0.1641404587352484,0.247023649622489,12.217,57.1
30147,1982-07-19 00:00:00,-0.0060501434097991,-0.2115410127280441,0.1994407259084458,12.217,57.1
30148,1982-07-20 00:00:00,0.0069162771486444,-0.198554221158817,0.2123867754561059,12.217,57.1
30149,1982-07-21 00:00:00,0.0170832848462598,-0.188441156239925,0.2226077259324448,12.217,57.1
30150,1982-07-22 00:00:00,0.0307174795457353,-0.174881751599624,0.2363167106910947,12.217,57.1
30151,1982-07-23 00:00:00,0.0390703205850243,-0.1665079755763909,0.2446486167464395,12.217,57.1
30152,1982-07-24 00:00:00,0.0360659900138945,-0.1694898129262596,0.2416217929540488,12.217,57.1
30153,1982-07-25 00:00:00,0.0382191034472382,-0.1673411562112232,0.2437793631056998,12.217,57.1
30154,1982-07-26 00:00:00,0.0791795420018495,-0.1263247697351366,0.2846838537388357,12.217,57.1
30155,1982-07-27 00:00:00,0.0560899433582224,-0.1499064969877201,0.262086383704165,12.217,57.1
30156,1982-07-28 00:00:00,0.0104883660857895,-0.1953766387464303,0.2163533709180093,12.217,57.1
30157,1982-07-29 00:00:00,-0.0054088975879651,-0.2109824753976697,0.2001646802217393,12.217,57.1
30158,1982-07-30 00:00:00,0.0056290987296133,-0.1999079851031681,0.2111661825623947,12.217,57.1
30159,1982-07-31 00:00:00,0.0237653130283428,-0.1817405406017443,0.22927116665843,12.217,57.1
30160,1982-08-01 00:00:00,0.0151592605409301,-0.1903123059563007,0.220630827038161,12.217,57.1
30161,1982-08-02 00:00:00,-0.0009619748053945,-0.2064793906295425,0.2045554410187534,12.217,57.1
30162,1982-08-03 00:00:00,0.01098868016341,-0.1945124332518386,0.2164897935786586,12.217,57.1
30163,1982-08-04 00:00:00,0.0130644990760823,-0.1924766636290187,0.2186056617811833,12.217,57.1
30164,1982-08-05 00:00:00,0.0260210898756916,-0.1795567399687775,0.2315989197201609,12.217,57.1
30165,1982-08-06 00:00:00,0.0264127732500337,-0.179176429246367,0.2320019757464345,12.217,57.1
30166,1982-08-07 00:00:00,0.0604736455425855,-0.1450447098519593,0.2659920009371304,12.217,57.1
30167,1982-08-08 00:00:00,0.0451742980775809,-0.1602615598532133,0.2506101560083752,12.217,57.1
30168,1982-08-09 00:00:00,0.0800483413946355,-0.1255020306153295,0.2855987134046005,12.217,57.1
30169,1982-08-10 00:00:00,0.2050567716033073,-0.0008703491435327,0.4109838923501474,12.217,57.1
30170,1982-08-11 00:00:00,0.2114774234661071,0.0056058440107865,0.4173490029214276,12.217,57.1
30171,1982-08-12 00:00:00,0.1325492924339113,-0.0732876950649228,0.3383862799327455,12.217,57.1
30172,1982-08-13 00:00:00,0.1912001646313459,-0.0152295217891041,0.397629851051796,12.217,57.1
30173,1982-08-14 00:00:00,0.2152929025709535,0.0086419446556254,0.4219438604862816,12.217,57.1
30174,1982-08-15 00:00:00,0.2688945201003625,0.0624742344520577,0.4753148057486673,12.217,57.1
30175,1982-08-16 00:00:00,0.0787702855596276,-0.1271309689854214,0.2846715401046768,12.217,57.1
30176,1982-08-17 00:00:00,0.1322733390612123,-0.0734193511118886,0.3379660292343132,12.217,57.1
30177,1982-08-18 00:00:00,0.1246870745147727,-0.0808612119359037,0.3302353609654492,12.217,57.1
30178,1982-08-19 00:00:00,0.3384642420878298,0.1315108965256009,0.5454175876500587,12.217,57.1
30179,1982-08-20 00:00:00,0.3188893593692923,0.1124194614734324,0.5253592572651522,12.217,57.1
30180,1982-08-21 00:00:00,0.3070514852204359,0.1005355005970937,0.5135674698437782,12.217,57.1
30181,1982-08-22 00:00:00,0.2176167739555846,0.0113831950079212,0.4238503529032481,12.217,57.1
30182,1982-08-23 00:00:00,0.1560783974954225,-0.0496964651926118,0.361853260183457,12.217,57.1
30183,1982-08-24 00:00:00,0.1578741838609947,-0.0477022052246117,0.3634505729466011,12.217,57.1
30184,1982-08-25 00:00:00,0.2020183682673624,-0.0036356178839899,0.4076723544187148,12.217,57.1
30185,1982-08-26 00:00:00,0.2232005353029912,0.0163375265511507,0.4300635440548317,12.217,57.1
30186,1982-08-27 00:00:00,0.1409958101259812,-0.0647817188754359,0.3467733391273984,12.217,57.1
30187,1982-08-28 00:00:00,0.1633273849338616,-0.0423563267312669,0.3690110965989902,12.217,57.1
30188,1982-08-29 00:00:00,0.0789424406369242,-0.1269267104409685,0.2848115917148169,12.217,57.1
30189,1982-08-30 00:00:00,0.0926727615101167,-0.1131125685041942,0.2984580915244277,12.217,57.1
30190,1982-08-31 00:00:00,0.1278828325998961,-0.0784164040925512,0.3341820692923436,12.217,57.1
30191,1982-09-01 00:00:00,0.1103923602797133,-0.0954309419694724,0.3162156625288991,12.217,57.1
30192,1982-09-02 00:00:00,0.2089523602108004,0.0032015206268328,0.414703199794768,12.217,57.1
30193,1982-09-03 00:00:00,0.3005096445195308,0.0941534798895746,0.5068658091494871,12.217,57.1
30194,1982-09-04 00:00:00,0.1984060241881947,-0.0081178642217774,0.4049299125981669,12.217,57.1
30195,1982-09-05 00:00:00,0.1759000350476856,-0.0316306830951606,0.3834307531905319,12.217,57.1
30196,1982-09-06 00:00:00,0.0244261204011173,-0.1815173044312637,0.2303695452334983,12.217,57.1
30197,1982-09-07 00:00:00,0.0768459177062889,-0.1290379559221906,0.2827297913347686,12.217,57.1
30198,1982-09-08 00:00:00,0.1016911856292284,-0.1043928790078755,0.3077752502663325,12.217,57.1
30199,1982-09-09 00:00:00,0.2975356757956927,0.0905978105748343,0.5044735410165512,12.217,57.1
30200,1982-09-10 00:00:00,0.0268880926352478,-0.1788992340220181,0.2326754192925137,12.217,57.1
30201,1982-09-11 00:00:00,0.066087096701483,-0.1396744848633871,0.2718486782663531,12.217,57.1
30202,1982-09-12 00:00:00,0.068701519729273,-0.1381080200445201,0.2755110595030662,12.217,57.1
30203,1982-09-13 00:00:00,0.0635366423764982,-0.1422686127045438,0.2693418974575403,12.217,57.1
30204,1982-09-14 00:00:00,0.0567224525927857,-0.1490756109949647,0.2625205161805363,12.217,57.1
30205,1982-09-15 00:00:00,0.141210637164378,-0.0644892657589299,0.346910540087686,12.217,57.1
30206,1982-09-16 00:00:00,0.1482855276796246,-0.0577094508716327,0.354280506230882,12.217,57.1
30207,1982-09-17 00:00:00,0.0186804223161194,-0.1870512716650346,0.2244121162972735,12.217,57.1
30208,1982-09-18 00:00:00,0.0418872956018507,-0.1636559509166282,0.2474305421203296,12.217,57.1
30209,1982-09-19 00:00:00,0.0626273903250374,-0.1429798642558198,0.2682346449058948,12.217,57.1
30210,1982-09-20 00:00:00,0.1054139266914863,-0.1003430771126019,0.3111709304955747,12.217,57.1
30211,1982-09-21 00:00:00,0.1759710036752528,-0.0307368468067832,0.382678854157289,12.217,57.1
30212,1982-09-22 00:00:00,0.5054724670620304,0.2945230411552115,0.7164218929688493,12.217,57.1
30213,1982-09-23 00:00:00,0.3485060257688314,0.1396906068517024,0.5573214446859603,12.217,57.1
30214,1982-09-24 00:00:00,0.1203115925097684,-0.0854720835879218,0.3260952686074587,12.217,57.1
30215,1982-09-25 00:00:00,0.0819092631456155,-0.1239630892816408,0.2877816155728719,12.217,57.1
30216,1982-09-26 00:00:00,0.1582582650685755,-0.0474417994038258,0.3639583295409769,12.217,57.1
30217,1982-09-27 00:00:00,0.2412007022710154,0.0348036641601122,0.4475977403819187,12.217,57.1
30218,1982-09-28 00:00:00,0.0626781560901106,-0.1439221142895129,0.2692784264697342,12.217,57.1
30219,1982-09-29 00:00:00,0.041215525112165,-0.164572966766571,0.2470040169909011,12.217,57.1
30220,1982-09-30 00:00:00,0.0626798394365548,-0.1429031217762199,0.2682628006493297,12.217,57.1
30221,1982-10-01 00:00:00,0.0487182939314216,-0.1570753342751041,0.2545119221379475,12.217,57.1
30222,1982-10-02 00:00:00,0.0266960230710954,-0.1788772623715745,0.2322693085137655,12.217,57.1
30223,1982-10-03 00:00:00,-0.0094906201676878,-0.2149957743204857,0.19601453398511,12.217,57.1
30224,1982-10-04 00:00:00,0.0564087039387534,-0.1491025847242673,0.2619199926017742,12.217,57.1
30225,1982-10-05 00:00:00,0.0976616043205607,-0.1079303925347979,0.3032536011759194,12.217,57.1
30226,1982-10-06 00:00:00,0.1121897850867961,-0.0935803656504002,0.3179599358239924,12.217,57.1
30227,1982-10-07 00:00:00,0.0667511001039682,-0.1389060601488383,0.2724082603567749,12.217,57.1
30228,1982-10-08 00:00:00,0.0433228938675889,-0.1639097024240325,0.2505554901592104,12.217,57.1
30229,1982-10-09 00:00:00,0.1177074428769284,-0.0898200234701687,0.3252349092240257,12.217,57.1
30230,1982-10-10 00:00:00,0.0485711055299955,-0.157699536554035,0.2548417476140261,12.217,57.1
30231,1982-10-11 00:00:00,-0.0299832285692019,-0.236085534055464,0.1761190769170601,12.217,57.1
30232,1982-10-12 00:00:00,0.0202811360052916,-0.1852348005173911,0.2257970725279743,12.217,57.1
30233,1982-10-13 00:00:00,0.0664156595485633,-0.1391470708623597,0.2719783899594863,12.217,57.1
30234,1982-10-14 00:00:00,0.3162728811715147,0.1095118114083931,0.5230339509346363,12.217,57.1
30235,1982-10-15 00:00:00,0.1322007543622458,-0.0745433905364512,0.3389448992609429,12.217,57.1
30236,1982-10-16 00:00:00,0.0306635823128273,-0.1751460306974221,0.2364731953230768,12.217,57.1
30237,1982-10-17 00:00:00,0.0202626297007759,-0.1853841937537473,0.2259094531552992,12.217,57.1
30238,1982-10-18 00:00:00,0.1560429154445604,-0.0500831342752765,0.3621689651643974,12.217,57.1
30239,1982-10-19 00:00:00,0.0569141981778275,-0.149646434028825,0.26347483038448,12.217,57.1
30240,1982-10-20 00:00:00,0.1713748882287866,-0.0357427473069668,0.3784925237645401,12.217,57.1
30241,1982-10-21 00:00:00,0.4016246388182409,0.1941084176187861,0.6091408600176956,12.217,57.1
30242,1982-10-22 00:00:00,0.1233010634797962,-0.0825363175004675,0.3291384444600601,12.217,57.1
30243,1982-10-23 00:00:00,0.2657249680508067,0.0594131588260895,0.4720367772755238,12.217,57.1
30244,1982-10-24 00:00:00,0.0296810928010103,-0.1766622211378266,0.2360244067398473,12.217,57.1
30245,1982-10-25 00:00:00,-0.0074810774223433,-0.2131589806565318,0.198196825811845,12.217,57.1
30246,1982-10-26 00:00:00,0.1513158387344358,-0.0550735118830252,0.3577051893518969,12.217,57.1
30247,1982-10-27 00:00:00,0.0782963598648201,-0.1283301556883785,0.2849228754180187,12.217,57.1
30248,1982-10-28 00:00:00,0.0274104176154202,-0.1787864222297898,0.2336072574606303,12.217,57.1
30249,1982-10-29 00:00:00,-0.0281685763319189,-0.2337183648843139,0.1773812122204761,12.217,57.1
30250,1982-10-30 00:00:00,0.014112823569931,-0.1916322590374738,0.2198579061773358,12.217,57.1
30251,1982-10-31 00:00:00,0.0201538372244444,-0.1855820395369813,0.2258897139858702,12.217,57.1
30252,1982-11-01 00:00:00,0.0340891136497553,-0.1713957778261433,0.2395740051256539,12.217,57.1
30253,1982-11-02 00:00:00,0.2162341034163607,0.0104674192785924,0.422000787554129,12.217,57.1
30254,1982-11-03 00:00:00,0.2070613893708772,0.0008972858360491,0.4132254929057053,12.217,57.1
30255,1982-11-04 00:00:00,0.0706561400900643,-0.1353753392195457,0.2766876193996744,12.217,57.1
30256,1982-11-05 00:00:00,-0.0148315512081243,-0.2216119975853357,0.191948895169087,12.217,57.1
30257,1982-11-06 00:00:00,-0.0292227179533458,-0.2353309700662237,0.1768855341595321,12.217,57.1
30258,1982-11-07 00:00:00,0.0668877579423964,-0.1392652958701538,0.2730408117549467,12.217,57.1
30259,1982-11-08 00:00:00,0.1308870001265495,-0.0756037458385124,0.3373777460916114,12.217,57.1
30260,1982-11-09 00:00:00,0.2630646067670263,0.056629073325729,0.4695001402083236,12.217,57.1
30261,1982-11-10 00:00:00,0.3058042418476154,0.0995966058056699,0.512011877889561,12.217,57.1
30262,1982-11-11 00:00:00,0.3138439881240429,0.1072418314008119,0.5204461448472739,12.217,57.1
30263,1982-11-12 00:00:00,0.3355706825724289,0.1274683789533275,0.5436729861915303,12.217,57.1
30264,1982-11-13 00:00:00,0.2506969573745022,0.0425711448210552,0.4588227699279491,12.217,57.1
30265,1982-11-14 00:00:00,0.2893115012228224,0.0816983548224824,0.4969246476231624,12.217,57.1
30266,1982-11-15 00:00:00,0.2235627902890543,0.0178866965513624,0.4292388840267461,12.217,57.1
30267,1982-11-16 00:00:00,0.1580712710248635,-0.0475132299455239,0.363655771995251,12.217,57.1
30268,1982-11-17 00:00:00,0.3700718560738363,0.1591819468182172,0.5809617653294553,12.217,57.1
30269,1982-11-18 00:00:00,0.3847558040901473,0.1751001903659473,0.5944114178143474,12.217,57.1
30270,1982-11-19 00:00:00,0.2908797526895312,0.0840592053666353,0.4977003000124272,12.217,57.1
30271,1982-11-20 00:00:00,0.5472956327471304,0.3397409613534098,0.7548503041408511,12.217,57.1
30272,1982-11-21 00:00:00,0.397965589801908,0.1908043433086118,0.6051268362952041,12.217,57.1
30273,1982-11-22 00:00:00,0.319440150231546,0.1096963409901129,0.5291839594729791,12.217,57.1
30274,1982-11-23 00:00:00,0.4101712507701004,0.1990913615351844,0.6212511400050165,12.217,57.1
30275,1982-11-24 00:00:00,0.2820105424340149,0.0716472378315162,0.4923738470365136,12.217,57.1
30276,1982-11-25 00:00:00,0.5374381377150506,0.3288403157657676,0.7460359596643334,12.217,57.1
30277,1982-11-26 00:00:00,0.2912754518041584,0.0829812114458226,0.4995696921624941,12.217,57.1
30278,1982-11-27 00:00:00,0.217296364048898,0.0107960985401738,0.4237966295576222,12.217,57.1
30279,1982-11-28 00:00:00,0.1673016936573601,-0.0385662938270551,0.3731696811417754,12.217,57.1
30280,1982-11-29 00:00:00,0.1625417772233634,-0.043380844016744,0.3684643984634709,12.217,57.1
30281,1982-11-30 00:00:00,-0.0453510915799398,-0.2511802417070493,0.1604780585471696,12.217,57.1
30282,1982-12-01 00:00:00,0.033164010823044,-0.1725117243610764,0.2388397460071644,12.217,57.1
30283,1982-12-02 00:00:00,-0.058325163547472,-0.2639721988896882,0.1473218717947439,12.217,57.1
30284,1982-12-03 00:00:00,-0.0284656194668789,-0.2340141713999448,0.1770829324661869,12.217,57.1
30285,1982-12-04 00:00:00,-0.0665627452661108,-0.2721388116916663,0.1390133211594446,12.217,57.1
30286,1982-12-05 00:00:00,0.0052778482639252,-0.2002891339761878,0.2108448305040382,12.217,57.1
30287,1982-12-06 00:00:00,0.2917408615782415,0.0850439451418943,0.4984377780145886,12.217,57.1
30288,1982-12-07 00:00:00,0.1626679613960752,-0.0445917080195343,0.3699276308116849,12.217,57.1
30289,1982-12-08 00:00:00,0.0824755798123057,-0.1234668242026543,0.2884179838272659,12.217,57.1
30290,1982-12-09 00:00:00,0.2878746152005683,0.0813271002749674,0.4944221301261693,12.217,57.1
30291,1982-12-10 00:00:00,0.1823237268963009,-0.0239952526949189,0.3886427064875208,12.217,57.1
30292,1982-12-11 00:00:00,0.3646121287296687,0.1561636697664384,0.5730605876928991,12.217,57.1
30293,1982-12-12 00:00:00,0.2222445431182305,0.0135748934542209,0.4309141927822401,12.217,57.1
30294,1982-12-13 00:00:00,0.1226510558310718,-0.0844444960958611,0.3297466077580048,12.217,57.1
30295,1982-12-14 00:00:00,0.028177211448923,-0.1774454117318895,0.2337998346297356,12.217,57.1
30296,1982-12-15 00:00:00,0.1927923124970262,-0.0137727780926876,0.3993574030867401,12.217,57.1
30297,1982-12-16 00:00:00,0.8706133718595555,0.6574959269892326,1.0837308167298785,12.217,57.1
30298,1982-12-17 00:00:00,0.5904003591845677,0.3802037889643328,0.8005969294048025,12.217,57.1
30299,1982-12-18 00:00:00,0.2953310859967772,0.0886684009965781,0.5019937709969762,12.217,57.1
30300,1982-12-19 00:00:00,0.2435036265481845,0.0374447926580171,0.4495624604383519,12.217,57.1
30301,1982-12-20 00:00:00,0.3328994757846142,0.1160901486656713,0.5497088029035571,12.217,57.1
30302,1982-12-21 00:00:00,0.7044965391094632,0.4869097742225625,0.9220833039963638,12.217,57.1
30303,1982-12-22 00:00:00,0.4551239335829676,0.2471747328770109,0.6630731342889243,12.217,57.1
30304,1982-12-23 00:00:00,0.3351952447662136,0.1281852400856663,0.5422052494467609,12.217,57.1
30305,1982-12-24 00:00:00,0.0885861070689789,-0.1174374933735863,0.2946097075115441,12.217,57.1
30306,1982-12-25 00:00:00,0.2250852464102468,0.0171781318624353,0.4329923609580584,12.217,57.1
30307,1982-12-26 00:00:00,0.2143446801177652,0.0074770290046524,0.4212123312308779,12.217,57.1
30308,1982-12-27 00:00:00,0.2087145934516244,0.0028843475905859,0.4145448393126629,12.217,57.1
30309,1982-12-28 00:00:00,0.3253332915331239,0.1195587692776045,0.5311078137886434,12.217,57.1
30310,1982-12-29 00:00:00,0.0357383979219991,-0.1707545517376358,0.242231347581634,12.217,57.1
30311,1982-12-30 00:00:00,-0.144657851026875,-0.3507727258622654,0.0614570238085153,12.217,57.1
30312,1982-12-31 00:00:00,0.0114075333868699,-0.1943810445128642,0.2171961112866041,12.217,57.1
30313,1983-01-01 00:00:00,0.1267036919871073,-0.0788598944008752,0.3322672783750899,12.217,57.1
30314,1983-01-02 00:00:00,0.231313162268144,0.0252502606811742,0.4373760638551138,12.217,57.1
30315,1983-01-03 00:00:00,0.1641567260389684,-0.0421339932223456,0.3704474453002824,12.217,57.1
30316,1983-01-04 00:00:00,0.232752884380066,0.025769663111278,0.4397361056488541,12.217,57.1
30317,1983-01-05 00:00:00,0.3407608675898787,0.1327183641997003,0.548803370980057,12.217,57.1
30318,1983-01-06 00:00:00,0.2424800646776483,0.0351818365657187,0.4497782927895779,12.217,57.1
30319,1983-01-07 00:00:00,0.5417504829085252,0.3328386301127333,0.7506623357043172,12.217,57.1
30320,1983-01-08 00:00:00,0.4732301429349462,0.2658775955145103,0.6805826903553822,12.217,57.1
30321,1983-01-09 00:00:00,0.3423594170506994,0.1355719200319901,0.5491469140694086,12.217,57.1
30322,1983-01-10 00:00:00,0.5368721586518392,0.3294772384726845,0.744267078830994,12.217,57.1
30323,1983-01-11 00:00:00,0.2490889400438384,0.0425777030185691,0.4556001770691076,12.217,57.1
30324,1983-01-12 00:00:00,0.319447028943598,0.1131904417995038,0.5257036160876921,12.217,57.1
30325,1983-01-13 00:00:00,0.2564709990850729,0.0500240839270733,0.4629179142430725,12.217,57.1
30326,1983-01-14 00:00:00,0.435068727411067,0.22656557633126,0.643571878490874,12.217,57.1
30327,1983-01-15 00:00:00,0.3574787072713401,0.150371427499117,0.5645859870435632,12.217,57.1
30328,1983-01-16 00:00:00,0.179189424874038,-0.0270058379511973,0.3853846876992733,12.217,57.1
30329,1983-01-17 00:00:00,0.1887110710286416,-0.0172942720258092,0.3947164140830924,12.217,57.1
30330,1983-01-18 00:00:00,0.3710832387522627,0.1634623378417591,0.5787041396627662,12.217,57.1
30331,1983-01-19 00:00:00,0.7837288664469615,0.5651957737833133,1.0022619591106097,12.217,57.1
30332,1983-01-20 00:00:00,0.018336574398035,-0.1968068395336817,0.2334799883297517,12.217,57.1
30333,1983-01-21 00:00:00,0.3147178153821449,0.1053863185424935,0.5240493122217964,12.217,57.1
30334,1983-01-22 00:00:00,0.3914476031540147,0.1815289954156369,0.6013662108923925,12.217,57.1
30335,1983-01-23 00:00:00,0.2280877022704634,0.021721877232896,0.4344535273080308,12.217,57.1
30336,1983-01-24 00:00:00,0.0110068755050625,-0.1947705738959075,0.2167843249060326,12.217,57.1
30337,1983-01-25 00:00:00,0.1274772310475855,-0.0783275415471743,0.3332820036423453,12.217,57.1
30338,1983-01-26 00:00:00,0.3568662993771517,0.1501782698565265,0.563554328897777,12.217,57.1
30339,1983-01-27 00:00:00,0.4182885778704538,0.2111992711497289,0.6253778845911788,12.217,57.1
30340,1983-01-28 00:00:00,0.7876238436478769,0.5792570381727355,0.9959906491230182,12.217,57.1
30341,1983-01-29 00:00:00,0.3325351100959079,0.1243872099271594,0.5406830102646565,12.217,57.1
30342,1983-01-30 00:00:00,0.6215237090214044,0.4108892727514047,0.8321581452914042,12.217,57.1
30343,1983-01-31 00:00:00,0.2724457552116666,0.0649113283406682,0.4799801820826649,12.217,57.1
30344,1983-02-01 00:00:00,0.2019666874842736,-0.004300559468164,0.4082339344367113,12.217,57.1
30345,1983-02-02 00:00:00,0.4558331416958897,0.243037258168789,0.6686290252229903,12.217,57.1
30346,1983-02-03 00:00:00,0.2340270649833002,0.0234460204442835,0.4446081095223169,12.217,57.1
30347,1983-02-04 00:00:00,0.0306568682220393,-0.1752577799969689,0.2365715164410477,12.217,57.1
30348,1983-02-05 00:00:00,0.1169211090584895,-0.0896221450301158,0.3234643631470949,12.217,57.1
30349,1983-02-06 00:00:00,0.4399186681463846,0.2302903472932559,0.6495469889995134,12.217,57.1
30350,1983-02-07 00:00:00,0.0417467741218908,-0.1653096911638945,0.2488032394076763,12.217,57.1
30351,1983-02-08 00:00:00,-0.168985630511821,-0.3759416821558898,0.0379704211322477,12.217,57.1
30352,1983-02-09 00:00:00,-0.1098886325349892,-0.3176673564178413,0.0978900913478627,12.217,57.1
30353,1983-02-10 00:00:00,-0.024257089070818,-0.2305029840514713,0.1819888059098351,12.217,57.1
30354,1983-02-11 00:00:00,0.053067513940413,-0.1525539507568893,0.2586889786377155,12.217,57.1
30355,1983-02-12 00:00:00,-0.0814466857211661,-0.2872900057741623,0.12439663433183,12.217,57.1
30356,1983-02-13 00:00:00,-0.0522693414818736,-0.2583133922558137,0.1537747092920664,12.217,57.1
30357,1983-02-14 00:00:00,-0.073349748411134,-0.2791434684653053,0.1324439716430373,12.217,57.1
30358,1983-02-15 00:00:00,-0.0563734373746499,-0.2622008934971195,0.1494540187478195,12.217,57.1
30359,1983-02-16 00:00:00,-0.1609957484540688,-0.3669399342383371,0.0449484373301994,12.217,57.1
30360,1983-02-17 00:00:00,-0.1512943302834743,-0.3571838022511262,0.0545951416841775,12.217,57.1
30361,1983-02-18 00:00:00,-0.1442283424688072,-0.3500972469920396,0.0616405620544251,12.217,57.1
30362,1983-02-19 00:00:00,-0.1034207651843981,-0.3091260853443,0.1022845549755035,12.217,57.1
30363,1983-02-20 00:00:00,-0.0133330267089516,-0.2190401562133613,0.192374102795458,12.217,57.1
30364,1983-02-21 00:00:00,-0.095328483594693,-0.3012470631835117,0.1105900959941256,12.217,57.1
30365,1983-02-22 00:00:00,-0.1233183027276344,-0.3294444004891361,0.0828077950338671,12.217,57.1
30366,1983-02-23 00:00:00,-0.0952931053466207,-0.3009882731383796,0.1104020624451382,12.217,57.1
30367,1983-02-24 00:00:00,0.0020386617859231,-0.2035575548994516,0.2076348784712978,12.217,57.1
30368,1983-02-25 00:00:00,0.0091853284710388,-0.1964370960263829,0.2148077529684606,12.217,57.1
30369,1983-02-26 00:00:00,0.0173799258043776,-0.1882045815930369,0.2229644332017922,12.217,57.1
30370,1983-02-27 00:00:00,0.10956363708343,-0.096226705639341,0.3153539798062011,12.217,57.1
30371,1983-02-28 00:00:00,0.0826280172567436,-0.1229977829442765,0.2882538174577637,12.217,57.1
30372,1983-03-01 00:00:00,0.0339127681093253,-0.1719397579986911,0.2397652942173418,12.217,57.1
30373,1983-03-02 00:00:00,-0.0875214704874883,-0.2933054174643575,0.1182624764893808,12.217,57.1
30374,1983-03-03 00:00:00,-0.0715516029462936,-0.2770785751254018,0.1339753692328145,12.217,57.1
30375,1983-03-04 00:00:00,0.026562638413842,-0.17906285300385,0.2321881298315342,12.217,57.1
30376,1983-03-05 00:00:00,0.161530361910206,-0.0445469643572372,0.3676076881776493,12.217,57.1
30377,1983-03-06 00:00:00,0.299735065809774,0.0932464962631391,0.5062236353564089,12.217,57.1
30378,1983-03-07 00:00:00,0.6473251990492643,0.4386212875818601,0.8560291105166685,12.217,57.1
30379,1983-03-08 00:00:00,0.1491482148112649,-0.0617819669703991,0.360078396592929,12.217,57.1
30380,1983-03-09 00:00:00,0.4457645810094342,0.2394103244719974,0.6521188375468709,12.217,57.1
30381,1983-03-10 00:00:00,0.4189981771471158,0.2126554443268229,0.6253409099674087,12.217,57.1
30382,1983-03-11 00:00:00,0.3501131832754192,0.1424388073341495,0.5577875592166889,12.217,57.1
30383,1983-03-12 00:00:00,0.0503398467359539,-0.157711460769796,0.2583911542417039,12.217,57.1
30384,1983-03-13 00:00:00,0.0261896971333717,-0.179490601622945,0.2318699958896886,12.217,57.1
30385,1983-03-14 00:00:00,0.1116791374765563,-0.094225915666679,0.3175841906197918,12.217,57.1
30386,1983-03-15 00:00:00,0.1909551587662546,-0.0147463352010519,0.3966566527335613,12.217,57.1
30387,1983-03-16 00:00:00,0.0743400964432218,-0.1311564997303222,0.279836692616766,12.217,57.1
30388,1983-03-17 00:00:00,0.0542013285230462,-0.151245478538867,0.2596481355849594,12.217,57.1
30389,1983-03-18 00:00:00,0.126321569573209,-0.0793408216628148,0.3319839608092329,12.217,57.1
30390,1983-03-19 00:00:00,0.1227718953730347,-0.0828098924839279,0.3283536832299974,12.217,57.1
30391,1983-03-20 00:00:00,0.0199572234251004,-0.1856912482786535,0.2256056951288544,12.217,57.1
30392,1983-03-21 00:00:00,0.1732677086943006,-0.0326314675943969,0.3791668849829982,12.217,57.1
30393,1983-03-22 00:00:00,0.2742418459920109,0.0668117552007367,0.481671936783285,12.217,57.1
30394,1983-03-23 00:00:00,0.1601354601454572,-0.0478717984887001,0.3681427187796147,12.217,57.1
30395,1983-03-24 00:00:00,0.2208972085885872,0.0135110892701482,0.4282833279070263,12.217,57.1
30396,1983-03-25 00:00:00,0.2407519874473045,0.0339413980322884,0.4475625768623206,12.217,57.1
30397,1983-03-26 00:00:00,0.2483876824163442,0.0418319502766337,0.4549434145560546,12.217,57.1
30398,1983-03-27 00:00:00,0.1387178518210238,-0.0670581734261398,0.3444938770681875,12.217,57.1
30399,1983-03-28 00:00:00,0.202707543276068,-0.0030281235167765,0.4084432100689127,12.217,57.1
30400,1983-03-29 00:00:00,0.0874492193248813,-0.1182752292055294,0.293173667855292,12.217,57.1
30401,1983-03-30 00:00:00,0.0909100573299295,-0.1149341168353687,0.2967542314952278,12.217,57.1
30402,1983-03-31 00:00:00,0.1863677513173522,-0.0206281242126729,0.3933636268473774,12.217,57.1
30403,1983-04-01 00:00:00,0.1555198013299031,-0.0500606858607183,0.3611002885205246,12.217,57.1
30404,1983-04-02 00:00:00,0.0182084773019974,-0.1875568011076086,0.2239737557116035,12.217,57.1
30405,1983-04-03 00:00:00,0.0410645271283638,-0.1658310034880177,0.2479600577447454,12.217,57.1
30406,1983-04-04 00:00:00,0.0419524587320941,-0.1644954859503682,0.2484004034145565,12.217,57.1
30407,1983-04-05 00:00:00,0.1561074976948478,-0.0499108884310471,0.3621258838207427,12.217,57.1
30408,1983-04-06 00:00:00,0.1326615006390466,-0.0733405843866852,0.3386635856647785,12.217,57.1
30409,1983-04-07 00:00:00,0.1584434079849492,-0.0493337081412284,0.3662205241111269,12.217,57.1
30410,1983-04-08 00:00:00,0.1604417135947834,-0.0464415140723518,0.3673249412619187,12.217,57.1
30411,1983-04-09 00:00:00,0.1552911653850477,-0.0504854730414954,0.361067803811591,12.217,57.1
30412,1983-04-10 00:00:00,0.1593355810344542,-0.0465393517761032,0.3652105138450118,12.217,57.1
30413,1983-04-11 00:00:00,0.0714049137290806,-0.1343126843329926,0.277122511791154,12.217,57.1
30414,1983-04-12 00:00:00,0.0359142726274419,-0.1697339197272936,0.2415624649821776,12.217,57.1
30415,1983-04-13 00:00:00,-0.0284635278749548,-0.2345243056895006,0.1775972499395909,12.217,57.1
30416,1983-04-14 00:00:00,-0.0414628373583602,-0.2474127767673409,0.1644871020506204,12.217,57.1
30417,1983-04-15 00:00:00,0.0471524099896244,-0.1585125982536916,0.2528174182329405,12.217,57.1
30418,1983-04-16 00:00:00,0.0664561011559027,-0.1391664383497929,0.2720786406615985,12.217,57.1
30419,1983-04-17 00:00:00,0.1263294594080682,-0.079252917920246,0.3319118367363826,12.217,57.1
30420,1983-04-18 00:00:00,0.1656952856291518,-0.0406196012473337,0.3720101725056375,12.217,57.1
30421,1983-04-19 00:00:00,0.1893442524922732,-0.0171321731860472,0.3958206781705938,12.217,57.1
30422,1983-04-20 00:00:00,0.1563192848438957,-0.0496293866259061,0.3622679563136977,12.217,57.1
30423,1983-04-21 00:00:00,0.0108251513995316,-0.1953754247403348,0.2170257275393981,12.217,57.1
30424,1983-04-22 00:00:00,0.1660137722001687,-0.0399763360708443,0.3720038804711819,12.217,57.1
30425,1983-04-23 00:00:00,0.0346001967428838,-0.1717233014442902,0.240923694930058,12.217,57.1
30426,1983-04-24 00:00:00,0.0301353186865085,-0.1755828936659602,0.2358535310389773,12.217,57.1
30427,1983-04-25 00:00:00,0.0372341277403586,-0.1681896788314027,0.2426579343121201,12.217,57.1
30428,1983-04-26 00:00:00,0.0169216603113572,-0.188488206897029,0.2223315275197435,12.217,57.1
30429,1983-04-27 00:00:00,0.0116428974883392,-0.1938352945044351,0.2171210894811136,12.217,57.1
30430,1983-04-28 00:00:00,0.1011140360719438,-0.104906275074346,0.3071343472182336,12.217,57.1
30431,1983-04-29 00:00:00,0.0774124380033154,-0.1286062460540605,0.2834311220606913,12.217,57.1
30432,1983-04-30 00:00:00,0.0559169543204843,-0.1499213879868394,0.2617552966278082,12.217,57.1
30433,1983-05-01 00:00:00,0.0983835018477532,-0.1076203498359148,0.3043873535314213,12.217,57.1
30434,1983-05-02 00:00:00,0.0919239473943312,-0.1138029449854323,0.2976508397740948,12.217,57.1
30435,1983-05-03 00:00:00,0.1318142422477395,-0.0738061861047527,0.3374346706002318,12.217,57.1
30436,1983-05-04 00:00:00,0.0848934565388208,-0.1206850269578448,0.2904719400354865,12.217,57.1
30437,1983-05-05 00:00:00,-0.0078768919489607,-0.2134214155009731,0.1976676316030517,12.217,57.1
30438,1983-05-06 00:00:00,-0.0417919682611215,-0.2473722156840586,0.1637882791618155,12.217,57.1
30439,1983-05-07 00:00:00,0.0068939679213329,-0.1987276460576508,0.2125155819003166,12.217,57.1
30440,1983-05-08 00:00:00,0.088971628447992,-0.116684854496931,0.2946281113929151,12.217,57.1
30441,1983-05-09 00:00:00,0.1504763295539619,-0.0555353051884282,0.3564879642963522,12.217,57.1
30442,1983-05-10 00:00:00,0.1109137919122333,-0.095096899385846,0.3169244832103127,12.217,57.1
30443,1983-05-11 00:00:00,0.1186317439070487,-0.0874908427153792,0.3247543305294766,12.217,57.1
30444,1983-05-12 00:00:00,0.1516852625108408,-0.0542137037876955,0.3575842288093772,12.217,57.1
30445,1983-05-13 00:00:00,0.1780228611286912,-0.0281327937878381,0.3841785160452207,12.217,57.1
30446,1983-05-14 00:00:00,0.0548014125251684,-0.1518837472946354,0.2614865723449724,12.217,57.1
30447,1983-05-15 00:00:00,0.0867723069161956,-0.1189316928839644,0.2924763067163557,12.217,57.1
30448,1983-05-16 00:00:00,0.089401887198481,-0.1163812126190093,0.2951849870159713,12.217,57.1
30449,1983-05-17 00:00:00,-0.0178399360017465,-0.2242035296070786,0.1885236576035855,12.217,57.1
30450,1983-05-18 00:00:00,0.0163885997624077,-0.1899826309140678,0.2227598304388833,12.217,57.1
30451,1983-05-19 00:00:00,0.1675522550719938,-0.0389292110861661,0.3740337212301539,12.217,57.1
30452,1983-05-20 00:00:00,0.0800894062862904,-0.126962301570004,0.287141114142585,12.217,57.1
30453,1983-05-21 00:00:00,0.0706606104166098,-0.1349256334482454,0.2762468542814651,12.217,57.1
30454,1983-05-22 00:00:00,0.1800362289217474,-0.026116124641301,0.386188582484796,12.217,57.1
30455,1983-05-23 00:00:00,-0.029558480239947,-0.2384671113203056,0.1793501508404116,12.217,57.1
30456,1983-05-24 00:00:00,-0.0157318873493211,-0.2219651122918341,0.1905013375931919,12.217,57.1
30457,1983-05-25 00:00:00,-0.0308858866572147,-0.2371959062102509,0.1754241328958214,12.217,57.1
30458,1983-05-26 00:00:00,-0.0116831237317029,-0.2180552122339256,0.1946889647705197,12.217,57.1
30459,1983-05-27 00:00:00,0.058976214779326,-0.1470350390848857,0.2649874686435378,12.217,57.1
30460,1983-05-28 00:00:00,0.0409860593439086,-0.1650133868357289,0.2469855055235463,12.217,57.1
30461,1983-05-29 00:00:00,0.0161089196273165,-0.1896568808415771,0.2218747200962102,12.217,57.1
30462,1983-05-30 00:00:00,0.0800668893321436,-0.1254752256181802,0.2856090042824675,12.217,57.1
30463,1983-05-31 00:00:00,0.0586918937481018,-0.1468743949927643,0.2642581824889681,12.217,57.1
30464,1983-06-01 00:00:00,0.0627031002206626,-0.1428694315807816,0.2682756320221069,12.217,57.1
30465,1983-06-02 00:00:00,0.045000021830253,-0.1607934877423823,0.2507935314028884,12.217,57.1
30466,1983-06-03 00:00:00,0.0838832943052399,-0.1221252557869197,0.2898918443973995,12.217,57.1
30467,1983-06-04 00:00:00,0.1315356712978165,-0.074403956741742,0.3374752993373751,12.217,57.1
30468,1983-06-05 00:00:00,0.0435321639160936,-0.1622225386218882,0.2492868664540755,12.217,57.1
30469,1983-06-06 00:00:00,0.0412453402033599,-0.1650426800173858,0.2475333604241057,12.217,57.1
30470,1983-06-07 00:00:00,-0.033496089873852,-0.2392817332302082,0.172289553482504,12.217,57.1
30471,1983-06-08 00:00:00,0.0367674718188612,-0.1687114583073506,0.2422464019450731,12.217,57.1
30472,1983-06-09 00:00:00,0.1076520187543792,-0.0979388329267328,0.3132428704354913,12.217,57.1
30473,1983-06-10 00:00:00,0.199584180653096,-0.0063979713491161,0.4055663326553083,12.217,57.1
30474,1983-06-11 00:00:00,0.1610549869570043,-0.0447771636786416,0.3668871375926504,12.217,57.1
30475,1983-06-12 00:00:00,0.1253848049103912,-0.080341163310523,0.3311107731313054,12.217,57.1
30476,1983-06-13 00:00:00,0.0754864801136239,-0.1301972048210867,0.2811701650483346,12.217,57.1
30477,1983-06-14 00:00:00,0.0088972416698932,-0.1966584550591455,0.214452938398932,12.217,57.1
30478,1983-06-15 00:00:00,0.1124346615638153,-0.0936471002922332,0.3185164234198639,12.217,57.1
30479,1983-06-16 00:00:00,0.0692487269612446,-0.1366483930099008,0.2751458469323902,12.217,57.1
30480,1983-06-17 00:00:00,0.0208807682003014,-0.1849450526527357,0.2267065890533385,12.217,57.1
30481,1983-06-18 00:00:00,-0.0356332596533496,-0.2415569955733218,0.1702904762666224,12.217,57.1
30482,1983-06-19 00:00:00,-0.0553574376529222,-0.2608287379716192,0.1501138626657748,12.217,57.1
30483,1983-06-20 00:00:00,-0.0359842014778189,-0.2414493372384782,0.1694809342828403,12.217,57.1
30484,1983-06-21 00:00:00,-0.0472659721171347,-0.2528246379086253,0.1582926936743559,12.217,57.1
30485,1983-06-22 00:00:00,-0.0568844999258403,-0.2634961379648164,0.1497271381131358,12.217,57.1
30486,1983-06-23 00:00:00,0.0327844806724463,-0.1730678320650894,0.2386367934099822,12.217,57.1
30487,1983-06-24 00:00:00,0.0510765654269148,-0.1544119614392191,0.2565650922930488,12.217,57.1
30488,1983-06-25 00:00:00,0.0496952297784113,-0.1559623811024016,0.2553528406592242,12.217,57.1
30489,1983-06-26 00:00:00,0.0802978751280858,-0.1253881039775964,0.2859838542337681,12.217,57.1
30490,1983-06-27 00:00:00,0.2132490181638809,0.007217552418256,0.4192804839095058,12.217,57.1
30491,1983-06-28 00:00:00,0.1891781251683051,-0.0166780723255046,0.3950343226621149,12.217,57.1
30492,1983-06-29 00:00:00,0.157781586407817,-0.0481666031703621,0.3637297759859962,12.217,57.1
30493,1983-06-30 00:00:00,0.2030367270911503,-0.0029407387265022,0.4090141929088029,12.217,57.1
30494,1983-07-01 00:00:00,0.1486858967913469,-0.0572693343363423,0.3546411279190363,12.217,57.1
30495,1983-07-02 00:00:00,0.0722720861339123,-0.1332729334993377,0.2778171057671624,12.217,57.1
30496,1983-07-03 00:00:00,0.1782522571573698,-0.0279296496828209,0.3844341639975606,12.217,57.1
30497,1983-07-04 00:00:00,0.2105620379092071,0.0039139870227457,0.4172100887956685,12.217,57.1
30498,1983-07-05 00:00:00,0.0959090310177024,-0.1100336713263743,0.3018517333617793,12.217,57.1
30499,1983-07-06 00:00:00,-0.0010686531325141,-0.2066168539719935,0.2044795477069651,12.217,57.1
30500,1983-07-07 00:00:00,0.0113938503732105,-0.1940950845707924,0.2168827853172135,12.217,57.1
30501,1983-07-08 00:00:00,0.0115665597245661,-0.1940218905887858,0.2171550100379182,12.217,57.1
30502,1983-07-09 00:00:00,0.0199282705915154,-0.1855894380060241,0.2254459791890551,12.217,57.1
30503,1983-07-10 00:00:00,-0.0141030995723633,-0.2195164177649947,0.1913102186202679,12.217,57.1
30504,1983-07-11 00:00:00,-0.0121519650530795,-0.2175680251738663,0.1932640950677071,12.217,57.1
30505,1983-07-12 00:00:00,-0.001399675650742,-0.2068731308111986,0.2040737795097145,12.217,57.1
30506,1983-07-13 00:00:00,0.0436813500344025,-0.1619453676860819,0.2493080677548871,12.217,57.1
30507,1983-07-14 00:00:00,0.0576869386284354,-0.1481078578399239,0.2634817350967948,12.217,57.1
30508,1983-07-15 00:00:00,0.1324801606372252,-0.0733685100996785,0.3383288313741289,12.217,57.1
30509,1983-07-16 00:00:00,0.2865481628897488,0.0804345344908926,0.492661791288605,12.217,57.1
30510,1983-07-17 00:00:00,0.095502056968586,-0.1103134822058743,0.3013175961430465,12.217,57.1
30511,1983-07-18 00:00:00,0.09237189942302,-0.1132792513242549,0.298023050170295,12.217,57.1
30512,1983-07-19 00:00:00,0.218883958200276,0.0129440168928253,0.4248238995077267,12.217,57.1
30513,1983-07-20 00:00:00,0.0985839337792598,-0.1077309288256649,0.3048987963841846,12.217,57.1
30514,1983-07-21 00:00:00,0.0962232546116802,-0.1098299133666178,0.3022764225899783,12.217,57.1
30515,1983-07-22 00:00:00,0.0743858643939097,-0.1316190862318383,0.2803908150196579,12.217,57.1
30516,1983-07-23 00:00:00,0.048048422815381,-0.157659927540493,0.2537567731712551,12.217,57.1
30517,1983-07-24 00:00:00,0.0439884460483038,-0.1616384201946716,0.2496153122912794,12.217,57.1
30518,1983-07-25 00:00:00,0.0271182735328787,-0.1783842976461568,0.2326208447119143,12.217,57.1
30519,1983-07-26 00:00:00,-0.0378402652312852,-0.2433896304713049,0.1677091000087345,12.217,57.1
30520,1983-07-27 00:00:00,0.0501754870472963,-0.1553111968655363,0.2556621709601291,12.217,57.1
30521,1983-07-28 00:00:00,0.0188314568501833,-0.1868726099434478,0.2245355236438145,12.217,57.1
30522,1983-07-29 00:00:00,0.106686319138961,-0.0991432924017515,0.3125159306796736,12.217,57.1
30523,1983-07-30 00:00:00,0.3330167773093778,0.1267070855236354,0.5393264690951203,12.217,57.1
30524,1983-07-31 00:00:00,0.1251437248576918,-0.0813751591450433,0.3316626088604271,12.217,57.1
30525,1983-08-01 00:00:00,0.0967934971369391,-0.109065303773909,0.3026522980477873,12.217,57.1
30526,1983-08-02 00:00:00,0.2988995509948338,0.0907175782356591,0.5070815237540086,12.217,57.1
30527,1983-08-03 00:00:00,0.1310499577187004,-0.0752448186783351,0.3373447341157362,12.217,57.1
30528,1983-08-04 00:00:00,0.0242075679535196,-0.1822122940621288,0.2306274299691681,12.217,57.1
30529,1983-08-05 00:00:00,-0.0251006799867659,-0.2316439777575916,0.1814426177840597,12.217,57.1
30530,1983-08-06 00:00:00,-0.0448505804376075,-0.2510919283822928,0.1613907675070776,12.217,57.1
30531,1983-08-07 00:00:00,-0.0389721363777296,-0.2446540734884877,0.1667098007330283,12.217,57.1
30532,1983-08-08 00:00:00,-0.0228050414071533,-0.2282789158132204,0.1826688329989137,12.217,57.1
30533,1983-08-09 00:00:00,-0.0438216779463759,-0.249275690412686,0.1616323345199341,12.217,57.1
30534,1983-08-10 00:00:00,-0.0100512928568372,-0.2154811234828638,0.1953785377691892,12.217,57.1
30535,1983-08-11 00:00:00,0.0535472187949161,-0.1519129802879976,0.25900741787783,12.217,57.1
30536,1983-08-12 00:00:00,0.1609187722099296,-0.0447743762668934,0.3666119206867527,12.217,57.1
30537,1983-08-13 00:00:00,0.1895671664776486,-0.0166110326498067,0.3957453656051041,12.217,57.1
30538,1983-08-14 00:00:00,0.0758470438389835,-0.1303026822002451,0.2819967698782121,12.217,57.1
30539,1983-08-15 00:00:00,0.1282082480116807,-0.0774056990738137,0.3338221950971752,12.217,57.1
30540,1983-08-16 00:00:00,0.254981953908024,0.0489238377859705,0.4610400700300775,12.217,57.1
30541,1983-08-17 00:00:00,0.1759729370066054,-0.0304209560244266,0.3823668300376374,12.217,57.1
30542,1983-08-18 00:00:00,0.0501298834339231,-0.1555649075449632,0.2558246744128095,12.217,57.1
30543,1983-08-19 00:00:00,0.0245870302101345,-0.1810775639211805,0.2302516243414495,12.217,57.1
30544,1983-08-20 00:00:00,-0.0016325053934964,-0.2070918267417072,0.2038268159547143,12.217,57.1
30545,1983-08-21 00:00:00,0.0067863426223305,-0.198633200189828,0.2122058854344891,12.217,57.1
30546,1983-08-22 00:00:00,0.0190943933255435,-0.1863649493602477,0.2245537360113349,12.217,57.1
30547,1983-08-23 00:00:00,0.0282886797987219,-0.1771906000538868,0.2337679596513307,12.217,57.1
30548,1983-08-24 00:00:00,0.0030854756453226,-0.2023721834613399,0.2085431347519853,12.217,57.1
30549,1983-08-25 00:00:00,-0.0245024061468976,-0.2301371942031245,0.1811323819093293,12.217,57.1
30550,1983-08-26 00:00:00,0.0139569114422137,-0.1916423004797099,0.2195561233641374,12.217,57.1
30551,1983-08-27 00:00:00,0.0182725643107196,-0.1871701458023321,0.2237152744237714,12.217,57.1
30552,1983-08-28 00:00:00,0.0530295476036362,-0.1527368013097365,0.2587958965170091,12.217,57.1
30553,1983-08-29 00:00:00,-0.0214816652576469,-0.2272372153299961,0.1842738848147022,12.217,57.1
30554,1983-08-30 00:00:00,0.0262054267297942,-0.179256871026817,0.2316677244864055,12.217,57.1
30555,1983-08-31 00:00:00,0.0930651994283056,-0.112615559437194,0.2987459582938053,12.217,57.1
30556,1983-09-01 00:00:00,0.0450728997761542,-0.1605165858317738,0.2506623853840823,12.217,57.1
30557,1983-09-02 00:00:00,0.1280076108215414,-0.0776302742559321,0.333645495899015,12.217,57.1
30558,1983-09-03 00:00:00,0.1104135507954257,-0.095241168399361,0.3160682699902125,12.217,57.1
30559,1983-09-04 00:00:00,0.2439734675043444,0.0374523732282486,0.4504945617804402,12.217,57.1
30560,1983-09-05 00:00:00,0.2781601811087862,0.0706168229229227,0.4857035392946496,12.217,57.1
30561,1983-09-06 00:00:00,0.5961138475228491,0.3874164621396674,0.8048112329060308,12.217,57.1
30562,1983-09-07 00:00:00,0.3786042084210205,0.17142450963075,0.5857839072112909,12.217,57.1
30563,1983-09-08 00:00:00,0.2547385346849009,0.0484357849607924,0.4610412844090092,12.217,57.1
30564,1983-09-09 00:00:00,0.1909864288145723,-0.014955155490838,0.3969280131199827,12.217,57.1
30565,1983-09-10 00:00:00,0.2496669892367772,0.0436872937011249,0.4556466847724295,12.217,57.1
30566,1983-09-11 00:00:00,0.2115750927183159,0.0049389621535121,0.4182112232831196,12.217,57.1
30567,1983-09-12 00:00:00,0.0770899984349773,-0.1296771465572379,0.2838571434271927,12.217,57.1
30568,1983-09-13 00:00:00,0.101708399390884,-0.1040505896096991,0.3074673883914672,12.217,57.1
30569,1983-09-14 00:00:00,0.0967701314667465,-0.1092482347957773,0.3027884977292704,12.217,57.1
30570,1983-09-15 00:00:00,0.1433632347729636,-0.0625530450416057,0.349279514587533,12.217,57.1
30571,1983-09-16 00:00:00,0.3336796195430366,0.1271855590987728,0.5401736799873004,12.217,57.1
30572,1983-09-17 00:00:00,0.2855021455100516,0.078920563857365,0.4920837271627383,12.217,57.1
30573,1983-09-18 00:00:00,0.2080034472952805,0.0019063758937609,0.4141005186968002,12.217,57.1
30574,1983-09-19 00:00:00,0.2124799387959195,0.005388294812235,0.419571582779604,12.217,57.1
30575,1983-09-20 00:00:00,0.2218866805473094,0.0145137999029424,0.4292595611916764,12.217,57.1
30576,1983-09-21 00:00:00,0.2021373228735052,-0.0042464654074196,0.4085211111544301,12.217,57.1
30577,1983-09-22 00:00:00,0.1278827719865309,-0.0779308281371886,0.3336963721102505,12.217,57.1
30578,1983-09-23 00:00:00,0.1266773662792399,-0.0798083056618477,0.3331630382203275,12.217,57.1
30579,1983-09-24 00:00:00,0.05940152948614,-0.1464399303919088,0.265242989364189,12.217,57.1
30580,1983-09-25 00:00:00,0.2044188604118969,-0.0080623380839014,0.4169000589076954,12.217,57.1
30581,1983-09-26 00:00:00,0.2520637696076806,0.0360406785270023,0.4680868606883589,12.217,57.1
30582,1983-09-27 00:00:00,0.1883927173545095,-0.0176886623767084,0.3944740970857275,12.217,57.1
30583,1983-09-28 00:00:00,0.1429685505587779,-0.0671567794274466,0.3530938805450025,12.217,57.1
30584,1983-09-29 00:00:00,-0.0327392682550312,-0.2388115393603822,0.1733330028503197,12.217,57.1
30585,1983-09-30 00:00:00,-0.0771816074172538,-0.2828028422070998,0.128439627372592,12.217,57.1
30586,1983-10-01 00:00:00,-0.0648864015359581,-0.2706326548636565,0.1408598517917402,12.217,57.1
30587,1983-10-02 00:00:00,-0.0005330709940636,-0.2062579226672462,0.205191780679119,12.217,57.1
30588,1983-10-03 00:00:00,0.068976823419208,-0.1368382903523723,0.2747919371907885,12.217,57.1
30589,1983-10-04 00:00:00,0.1860530044444049,-0.0195260711003921,0.3916320799892021,12.217,57.1
30590,1983-10-05 00:00:00,0.1768153790455333,-0.0291947621240076,0.3828255202150743,12.217,57.1
30591,1983-10-06 00:00:00,0.5268809259903312,0.3194274303235273,0.7343344216571351,12.217,57.1
30592,1983-10-07 00:00:00,0.2434937224111531,0.0357006474508955,0.4512867973714107,12.217,57.1
30593,1983-10-08 00:00:00,0.2675961912957151,0.0615673001118942,0.4736250824795359,12.217,57.1
30594,1983-10-09 00:00:00,0.2993134479943854,0.0932663339221476,0.5053605620666233,12.217,57.1
30595,1983-10-10 00:00:00,0.1125911033730054,-0.0934224550206904,0.3186046617667013,12.217,57.1
30596,1983-10-11 00:00:00,0.2628717564573343,0.0561504221856926,0.4695930907289759,12.217,57.1
30597,1983-10-12 00:00:00,0.4095654358554537,0.2035101590097871,0.6156207127011204,12.217,57.1
30598,1983-10-13 00:00:00,0.2504619589303654,0.0439482062203627,0.456975711640368,12.217,57.1
30599,1983-10-14 00:00:00,0.1683588007585352,-0.0385539665537328,0.3752715680708033,12.217,57.1
30600,1983-10-15 00:00:00,0.3368176346282111,0.1295494934610891,0.5440857757953331,12.217,57.1
30601,1983-10-16 00:00:00,0.2693079186775939,0.0622990950260523,0.4763167423291355,12.217,57.1
30602,1983-10-17 00:00:00,0.3167864356014363,0.1069837198252272,0.5265891513776454,12.217,57.1
30603,1983-10-18 00:00:00,0.5330375570034339,0.3240614231999089,0.7420136908069589,12.217,57.1
30604,1983-10-19 00:00:00,0.3575482810198576,0.1488742357506361,0.5662223262890791,12.217,57.1
30605,1983-10-20 00:00:00,0.6902426468479322,0.4779558303974522,0.9025294632984122,12.217,57.1
30606,1983-10-21 00:00:00,0.0628966320312398,-0.1458447978589739,0.2716380619214534,12.217,57.1
30607,1983-10-22 00:00:00,-0.043070420908736,-0.2493031946948744,0.1631623528774024,12.217,57.1
30608,1983-10-23 00:00:00,0.1093436366239473,-0.0966568346322615,0.3153441078801563,12.217,57.1
30609,1983-10-24 00:00:00,0.3285902239565237,0.1219089111970815,0.535271536715966,12.217,57.1
30610,1983-10-25 00:00:00,-0.0482338646411234,-0.2546188127077212,0.1581510834254743,12.217,57.1
30611,1983-10-26 00:00:00,0.3655686748050658,0.1585358588753178,0.5726014907348138,12.217,57.1
30612,1983-10-27 00:00:00,0.480940041001293,0.273216358498693,0.688663723503893,12.217,57.1
30613,1983-10-28 00:00:00,0.3456066060911746,0.139223685032017,0.5519895271503321,12.217,57.1
30614,1983-10-29 00:00:00,0.0207445261214754,-0.1854455146324125,0.2269345668753634,12.217,57.1
30615,1983-10-30 00:00:00,0.1146784728202034,-0.0913563929014367,0.3207133385418436,12.217,57.1
30616,1983-10-31 00:00:00,0.5424351881359498,0.3349125047376841,0.7499578715342154,12.217,57.1
30617,1983-11-01 00:00:00,0.2889132691963296,0.0809458802118184,0.4968806581808408,12.217,57.1
30618,1983-11-02 00:00:00,0.4914666466192727,0.283902195383786,0.6990310978547594,12.217,57.1
30619,1983-11-03 00:00:00,-0.0296830160527613,-0.2387858295381662,0.1794197974326436,12.217,57.1
30620,1983-11-04 00:00:00,0.1492575119790625,-0.0569063847695907,0.3554214087277157,12.217,57.1
30621,1983-11-05 00:00:00,0.1128424226602367,-0.092997706258487,0.3186825515789604,12.217,57.1
30622,1983-11-06 00:00:00,0.2037973764832238,-0.0019128028128287,0.4095075557792764,12.217,57.1
30623,1983-11-07 00:00:00,0.1603575000550383,-0.0455094776287748,0.3662244777388516,12.217,57.1
30624,1983-11-08 00:00:00,0.0583304338793575,-0.1474237076181104,0.2640845753768254,12.217,57.1
30625,1983-11-09 00:00:00,0.0671531546469599,-0.138458638307754,0.272764947601674,12.217,57.1
30626,1983-11-10 00:00:00,-0.0304632901355136,-0.2360721351243158,0.1751455548532884,12.217,57.1
30627,1983-11-11 00:00:00,-0.0852576128565881,-0.2909078575027216,0.1203926317895453,12.217,57.1
30628,1983-11-12 00:00:00,-0.0852359956008566,-0.2912001755677935,0.1207281843660802,12.217,57.1
30629,1983-11-13 00:00:00,-0.0829049478486954,-0.2889444802996802,0.1231345846022894,12.217,57.1
30630,1983-11-14 00:00:00,-0.1137320299509364,-0.319501769054247,0.0920377091523742,12.217,57.1
30631,1983-11-15 00:00:00,0.217742122198741,0.0105535509171658,0.4249306934803162,12.217,57.1
30632,1983-11-16 00:00:00,0.1397663118404916,-0.0677609414913721,0.3472935651723554,12.217,57.1
30633,1983-11-17 00:00:00,0.0104296132516737,-0.1953368679011336,0.2161960944044812,12.217,57.1
30634,1983-11-18 00:00:00,0.0568589243609951,-0.1487965255326958,0.2625143742546861,12.217,57.1
30635,1983-11-19 00:00:00,0.0290463342605205,-0.1768709182571672,0.2349635867782083,12.217,57.1
30636,1983-11-20 00:00:00,0.4821546968061822,0.2751051370375732,0.6892042565747912,12.217,57.1
30637,1983-11-21 00:00:00,0.3009204162422351,0.092899178347553,0.5089416541369172,12.217,57.1
30638,1983-11-22 00:00:00,0.0456981191931575,-0.1610805948245867,0.2524768332109017,12.217,57.1
30639,1983-11-23 00:00:00,0.1294707980807584,-0.0797032835803759,0.3386448797418928,12.217,57.1
30640,1983-11-24 00:00:00,-0.0027041271569702,-0.2105570081668025,0.205148753852862,12.217,57.1
30641,1983-11-25 00:00:00,0.2249140180273418,0.0191690229579846,0.4306590130966989,12.217,57.1
30642,1983-11-26 00:00:00,0.2589165344077284,0.0526647997458042,0.4651682690696526,12.217,57.1
30643,1983-11-27 00:00:00,0.3131213326039296,0.1063599413769071,0.5198827238309521,12.217,57.1
30644,1983-11-28 00:00:00,0.1254371050447271,-0.083762666147418,0.3346368762368722,12.217,57.1
30645,1983-11-29 00:00:00,-0.0409881259833627,-0.2502301974494951,0.1682539454827697,12.217,57.1
30646,1983-11-30 00:00:00,-0.0383327425868034,-0.2448221641378808,0.168156678964274,12.217,57.1
30647,1983-12-01 00:00:00,-0.1842338515358555,-0.3906180693815498,0.0221503663098388,12.217,57.1
30648,1983-12-02 00:00:00,-0.1130208441815118,-0.3187982346335337,0.09275654627051,12.217,57.1
30649,1983-12-03 00:00:00,0.0897511107298065,-0.1163515309645113,0.2958537524241245,12.217,57.1
30650,1983-12-04 00:00:00,0.1729018107455489,-0.0331249947382336,0.3789286162293314,12.217,57.1
30651,1983-12-05 00:00:00,0.2238725865670732,0.0177994888078271,0.4299456843263193,12.217,57.1
30652,1983-12-06 00:00:00,0.3274823676769423,0.1213380647948903,0.5336266705589944,12.217,57.1
30653,1983-12-07 00:00:00,0.0318864327480545,-0.1745572301726124,0.2383300956687214,12.217,57.1
30654,1983-12-08 00:00:00,-0.0283419167419106,-0.2347572038685335,0.1780733703847123,12.217,57.1
30655,1983-12-09 00:00:00,0.317517844577537,0.1112050776848072,0.5238306114702669,12.217,57.1
30656,1983-12-10 00:00:00,0.1993131759939808,-0.0075279301691062,0.4061542821570678,12.217,57.1
30657,1983-12-11 00:00:00,0.0926959413701039,-0.115827729786431,0.3012196125266388,12.217,57.1
30658,1983-12-12 00:00:00,-0.0169236348449683,-0.223407234719289,0.1895599650293523,12.217,57.1
30659,1983-12-13 00:00:00,0.1293409713911066,-0.0763410753766317,0.335023018158845,12.217,57.1
30660,1983-12-14 00:00:00,0.1259882939120491,-0.0803334334403296,0.332310021264428,12.217,57.1
30661,1983-12-15 00:00:00,0.209000056291491,0.002352445243397,0.415647667339585,12.217,57.1
30662,1983-12-16 00:00:00,0.2172596008540521,0.0105091230377836,0.4240100786703206,12.217,57.1
30663,1983-12-17 00:00:00,0.1285456718478661,-0.07810512080674,0.3351964645024724,12.217,57.1
30664,1983-12-18 00:00:00,0.0304232690705618,-0.1755904271023032,0.2364369652434269,12.217,57.1
30665,1983-12-19 00:00:00,0.1071039702257126,-0.0987984638548682,0.3130064043062934,12.217,57.1
30666,1983-12-20 00:00:00,0.1367648350183935,-0.0694717385610151,0.3430014085978022,12.217,57.1
30667,1983-12-21 00:00:00,0.1377739957725351,-0.0689993736785686,0.344547365223639,12.217,57.1
30668,1983-12-22 00:00:00,0.2107494905636998,0.0050611505793255,0.4164378305480741,12.217,57.1
30669,1983-12-23 00:00:00,0.2593993572686706,0.0534846522080407,0.4653140623293005,12.217,57.1
30670,1983-12-24 00:00:00,0.3128932241763649,0.1064894715185736,0.5192969768341561,12.217,57.1
30671,1983-12-25 00:00:00,0.1272081313190269,-0.079361391373321,0.333777654011375,12.217,57.1
30672,1983-12-26 00:00:00,0.4669745697691144,0.2600088179370861,0.6739403216011428,12.217,57.1
30673,1983-12-27 00:00:00,0.1463256287342737,-0.0628317796834852,0.3554830371520328,12.217,57.1
30674,1983-12-28 00:00:00,0.5406449962132948,0.3310879286056755,0.750202063820914,12.217,57.1
30675,1983-12-29 00:00:00,0.4062297685270757,0.1974862117625658,0.6149733252915857,12.217,57.1
30676,1983-12-30 00:00:00,0.1082248868278749,-0.0984173517386998,0.3148671253944497,12.217,57.1
30677,1983-12-31 00:00:00,0.6671172874311652,0.4558830967262514,0.878351478136079,12.217,57.1
30678,1984-01-01 00:00:00,0.7936937377220621,0.5845670708085775,1.002820404635547,12.217,57.1
30679,1984-01-02 00:00:00,0.635756528102785,0.4243285145131616,0.8471845416924084,12.217,57.1
30680,1984-01-03 00:00:00,0.3297628407427108,0.1189786745894437,0.5405470068959779,12.217,57.1
30681,1984-01-04 00:00:00,0.8149245562679577,0.6020242818097308,1.0278248307261846,12.217,57.1
30682,1984-01-05 00:00:00,0.2139845936528142,0.00628675001573,0.4216824372898984,12.217,57.1
30683,1984-01-06 00:00:00,0.2288096300984457,0.0216584310218335,0.4359608291750579,12.217,57.1
30684,1984-01-07 00:00:00,0.3203772556940909,0.1138910320868461,0.5268634793013357,12.217,57.1
30685,1984-01-08 00:00:00,0.3616797167171926,0.1549560279181424,0.5684034055162428,12.217,57.1
30686,1984-01-09 00:00:00,0.0912862594818876,-0.1202044293127881,0.3027769482765635,12.217,57.1
30687,1984-01-10 00:00:00,-0.1149918163912288,-0.3251036256535695,0.0951199928711118,12.217,57.1
30688,1984-01-11 00:00:00,0.1252066019847335,-0.0815560385135693,0.3319692424830364,12.217,57.1
30689,1984-01-12 00:00:00,0.3287686038500187,0.1212613258854888,0.5362758818145485,12.217,57.1
30690,1984-01-13 00:00:00,0.3754015968237332,0.1662045542275747,0.5845986394198917,12.217,57.1
30691,1984-01-14 00:00:00,1.0283854130761003,0.7969249465118331,1.259845879640368,12.217,57.1
30692,1984-01-15 00:00:00,0.4988008317695652,0.2773693018058601,0.7202323617332702,12.217,57.1
30693,1984-01-16 00:00:00,0.4086298332357444,0.19934190829537,0.6179177581761188,12.217,57.1
30694,1984-01-17 00:00:00,0.2332363848557969,0.0240816023380435,0.4423911673735503,12.217,57.1
30695,1984-01-18 00:00:00,0.5282734196171883,0.3157553263799886,0.740791512854388,12.217,57.1
30696,1984-01-19 00:00:00,0.1759965772197336,-0.0327899580596903,0.3847831124991575,12.217,57.1
30697,1984-01-20 00:00:00,0.0979771643414447,-0.107945967153461,0.3039002958363504,12.217,57.1
30698,1984-01-21 00:00:00,-0.0778008289227894,-0.2835883453045754,0.1279866874589965,12.217,57.1
30699,1984-01-22 00:00:00,-0.0759904848573553,-0.2815666782451401,0.1295857085304294,12.217,57.1
30700,1984-01-23 00:00:00,0.0148110581436734,-0.1912713719275243,0.2208934882148711,12.217,57.1
30701,1984-01-24 00:00:00,0.0736485773024824,-0.1331235976957108,0.2804207523006757,12.217,57.1
30702,1984-01-25 00:00:00,0.12080434501894,-0.0868510413533335,0.3284597313912135,12.217,57.1
30703,1984-01-26 00:00:00,-0.0339324015696942,-0.2402197948846503,0.1723549917452619,12.217,57.1
30704,1984-01-27 00:00:00,-0.0202796363729169,-0.2262486051441659,0.1856893323983319,12.217,57.1
30705,1984-01-28 00:00:00,0.0149984755430607,-0.1914977672539926,0.2214947183401141,12.217,57.1
30706,1984-01-29 00:00:00,-0.0102696113563809,-0.2160463252622598,0.195507102549498,12.217,57.1
30707,1984-01-30 00:00:00,0.0629988699153388,-0.1426774895138568,0.2686752293445344,12.217,57.1
30708,1984-01-31 00:00:00,0.1718704761525648,-0.0339490955588822,0.3776900478640119,12.217,57.1
30709,1984-02-01 00:00:00,0.1359919575450395,-0.0698516892687906,0.3418356043588697,12.217,57.1
30710,1984-02-02 00:00:00,0.1520452889163634,-0.0537895659809523,0.3578801438136793,12.217,57.1
30711,1984-02-03 00:00:00,0.1061794199008626,-0.0998005108399017,0.312159350641627,12.217,57.1
30712,1984-02-04 00:00:00,0.1864712593442473,-0.0198074549974913,0.3927499736859861,12.217,57.1
30713,1984-02-05 00:00:00,0.1297891386434054,-0.0773086898900469,0.3368869671768578,12.217,57.1
30714,1984-02-06 00:00:00,0.3477850290602018,0.1385823621892151,0.5569876959311886,12.217,57.1
30715,1984-02-07 00:00:00,0.3972703033708626,0.1885019415812373,0.6060386651604881,12.217,57.1
30716,1984-02-08 00:00:00,0.4303842219793158,0.2224915618265999,0.6382768821320318,12.217,57.1
30717,1984-02-09 00:00:00,0.1747294372111808,-0.0319707039633785,0.3814295783857401,12.217,57.1
30718,1984-02-10 00:00:00,-0.113961011021083,-0.3212630495514271,0.0933410275092609,12.217,57.1
30719,1984-02-11 00:00:00,-0.0461100175975474,-0.251752604125745,0.1595325689306502,12.217,57.1
30720,1984-02-12 00:00:00,-0.1100346800167513,-0.3157568589643768,0.095687498930874,12.217,57.1
30721,1984-02-13 00:00:00,-0.1236374398611131,-0.3292487076124763,0.08197382789025,12.217,57.1
30722,1984-02-14 00:00:00,-0.0738156901511493,-0.2793551985958029,0.1317238182935041,12.217,57.1
30723,1984-02-15 00:00:00,-0.1421703734431323,-0.3478877454790781,0.0635469985928135,12.217,57.1
30724,1984-02-16 00:00:00,-0.0740262664600685,-0.2798690703896536,0.1318165374695165,12.217,57.1
30725,1984-02-17 00:00:00,-0.041845492129413,-0.2474952011994701,0.163804216940644,12.217,57.1
30726,1984-02-18 00:00:00,-0.0301997078100077,-0.2358160005261828,0.1754165849061672,12.217,57.1
30727,1984-02-19 00:00:00,-0.099417700861661,-0.3050929959940882,0.1062575942707662,12.217,57.1
30728,1984-02-20 00:00:00,-0.1051496446857976,-0.3108407364057419,0.1005414470341465,12.217,57.1
30729,1984-02-21 00:00:00,-0.0166208093223487,-0.2223288501949188,0.1890872315502213,12.217,57.1
30730,1984-02-22 00:00:00,0.0050133818237911,-0.2008686692937731,0.2108954329413554,12.217,57.1
30731,1984-02-23 00:00:00,-0.0959000644319932,-0.3016609711415443,0.1098608422775578,12.217,57.1
30732,1984-02-24 00:00:00,-0.1272008171138142,-0.3327654545083288,0.0783638202807003,12.217,57.1
30733,1984-02-25 00:00:00,-0.147316716061198,-0.3529095771209523,0.0582761449985562,12.217,57.1
30734,1984-02-26 00:00:00,-0.1644231484168635,-0.3701939892987551,0.041347692465028,12.217,57.1
30735,1984-02-27 00:00:00,-0.0619338303795544,-0.2677066267949376,0.1438389660358287,12.217,57.1
30736,1984-02-28 00:00:00,-0.0101676813583338,-0.2158649437741309,0.1955295810574632,12.217,57.1
30737,1984-02-29 00:00:00,0.052673353904134,-0.1529469344473445,0.2582936422556128,12.217,57.1
30738,1984-03-01 00:00:00,0.2499010928763305,0.0438512403423424,0.4559509454103186,12.217,57.1
30739,1984-03-02 00:00:00,0.1227795218559306,-0.0836828859455831,0.3292419296574444,12.217,57.1
30740,1984-03-03 00:00:00,0.1301984306165071,-0.0766687516141591,0.3370656128471735,12.217,57.1
30741,1984-03-04 00:00:00,-0.0199099192217878,-0.2264303039246416,0.1866104654810659,12.217,57.1
30742,1984-03-05 00:00:00,0.112041934728367,-0.0937027523085795,0.3177866217653136,12.217,57.1
30743,1984-03-06 00:00:00,0.0319971105375686,-0.1738631456513546,0.2378573667264918,12.217,57.1
30744,1984-03-07 00:00:00,0.1407768979660017,-0.0658335381076243,0.3473873340396278,12.217,57.1
30745,1984-03-08 00:00:00,0.0152875281728933,-0.191146100101807,0.2217211564475936,12.217,57.1
30746,1984-03-09 00:00:00,-0.1209219802063854,-0.327127800177746,0.0852838397649752,12.217,57.1
30747,1984-03-10 00:00:00,-0.0631261755657378,-0.2687628380172133,0.1425104868857377,12.217,57.1
30748,1984-03-11 00:00:00,-0.0036950361340347,-0.2098066643956044,0.202416592127535,12.217,57.1
30749,1984-03-12 00:00:00,-0.0404902380543117,-0.2466340784261208,0.1656536023174972,12.217,57.1
30750,1984-03-13 00:00:00,-0.1484113072183013,-0.353979185820313,0.0571565713837103,12.217,57.1
30751,1984-03-14 00:00:00,-0.1635207731109914,-0.3691305260570938,0.042088979835111,12.217,57.1
30752,1984-03-15 00:00:00,-0.0502902398388241,-0.2559282251143167,0.1553477454366683,12.217,57.1
30753,1984-03-16 00:00:00,-0.0356968724845279,-0.2412683310038614,0.1698745860348054,12.217,57.1
30754,1984-03-17 00:00:00,-0.081515531457675,-0.2872173903701016,0.1241863274547514,12.217,57.1
30755,1984-03-18 00:00:00,-0.0415083238629961,-0.247125265567454,0.1641086178414617,12.217,57.1
30756,1984-03-19 00:00:00,-0.0296190174892676,-0.2351834125982506,0.1759453776197154,12.217,57.1
30757,1984-03-20 00:00:00,0.0250012176355015,-0.1805838379719825,0.2305862732429855,12.217,57.1
30758,1984-03-21 00:00:00,-0.0310649842476481,-0.2367929364618494,0.1746629679665531,12.217,57.1
30759,1984-03-22 00:00:00,-0.0073988114175244,-0.2128624811959286,0.1980648583608797,12.217,57.1
30760,1984-03-23 00:00:00,-0.0103561307841583,-0.2159389994357052,0.1952267378673886,12.217,57.1
30761,1984-03-24 00:00:00,-0.0022600016017787,-0.2077579214810848,0.2032379182775274,12.217,57.1
30762,1984-03-25 00:00:00,0.0137958832487654,-0.1920642782703603,0.2196560447678912,12.217,57.1
30763,1984-03-26 00:00:00,0.0964132751673361,-0.109530368529633,0.3023569188643054,12.217,57.1
30764,1984-03-27 00:00:00,0.0353499226803436,-0.1706307812444398,0.2413306266051271,12.217,57.1
30765,1984-03-28 00:00:00,0.0923240688278078,-0.1133928912275381,0.2980410288831538,12.217,57.1
30766,1984-03-29 00:00:00,0.173506254240053,-0.0322926288348267,0.3793051373149327,12.217,57.1
30767,1984-03-30 00:00:00,0.1294162534470861,-0.076579222896163,0.3354117297903354,12.217,57.1
30768,1984-03-31 00:00:00,0.118729869419782,-0.0871510815539501,0.3246108203935142,12.217,57.1
30769,1984-04-01 00:00:00,0.0437302681656022,-0.162164902583126,0.2496254389143305,12.217,57.1
30770,1984-04-02 00:00:00,0.0560595950716585,-0.1498875170542183,0.2620067071975355,12.217,57.1
30771,1984-04-03 00:00:00,-0.0159629926361683,-0.2221583490809028,0.190232363808566,12.217,57.1
30772,1984-04-04 00:00:00,0.0539307387685325,-0.1532667021264123,0.2611281796634774,12.217,57.1
30773,1984-04-05 00:00:00,-0.0475771941687469,-0.2543693061962621,0.1592149178587683,12.217,57.1
30774,1984-04-06 00:00:00,-0.0138927978695708,-0.2195771874848188,0.1917915917456771,12.217,57.1
30775,1984-04-07 00:00:00,-0.0688608729251252,-0.2745014507287053,0.1367797048784549,12.217,57.1
30776,1984-04-08 00:00:00,-0.0049323792679189,-0.2104553615805803,0.2005906030447423,12.217,57.1
30777,1984-04-09 00:00:00,-0.0407224686111824,-0.2462433344403676,0.1647983972180027,12.217,57.1
30778,1984-04-10 00:00:00,0.0107730655045636,-0.1947361972429553,0.2162823282520826,12.217,57.1
30779,1984-04-11 00:00:00,0.0572051793646036,-0.1484061607240695,0.2628165194532768,12.217,57.1
30780,1984-04-12 00:00:00,0.1060751923813304,-0.1000532968664536,0.3122036816291145,12.217,57.1
30781,1984-04-13 00:00:00,0.045742118004848,-0.1600214525563199,0.2515056885660159,12.217,57.1
30782,1984-04-14 00:00:00,0.0995647417634362,-0.1064370903893355,0.3055665739162079,12.217,57.1
30783,1984-04-15 00:00:00,0.1309439822781597,-0.0748527322756854,0.3367406968320049,12.217,57.1
30784,1984-04-16 00:00:00,0.1909501623159102,-0.0150577672391845,0.396958091871005,12.217,57.1
30785,1984-04-17 00:00:00,0.0863300074278069,-0.1194269708673602,0.2920869857229742,12.217,57.1
30786,1984-04-18 00:00:00,-0.0104864950119114,-0.2160849295040641,0.1951119394802413,12.217,57.1
30787,1984-04-19 00:00:00,-0.0249961447070506,-0.2304318344818879,0.1804395450677866,12.217,57.1
30788,1984-04-20 00:00:00,0.0577281442959664,-0.1478478648319439,0.2633041534238768,12.217,57.1
30789,1984-04-21 00:00:00,0.0285613044111725,-0.1769479675873518,0.234070576409697,12.217,57.1
30790,1984-04-22 00:00:00,0.0938772894621694,-0.1116984560382904,0.2994530349626294,12.217,57.1
30791,1984-04-23 00:00:00,-0.0251185763114987,-0.2310385545511228,0.1808014019281253,12.217,57.1
30792,1984-04-24 00:00:00,-0.0470003697757509,-0.2526107139653928,0.1586099744138909,12.217,57.1
30793,1984-04-25 00:00:00,-0.0740367444635782,-0.2795148184923161,0.1314413295651595,12.217,57.1
30794,1984-04-26 00:00:00,-0.0390624588806742,-0.2448495301167226,0.1667246123553741,12.217,57.1
30795,1984-04-27 00:00:00,-0.0406466339748906,-0.2472101208311404,0.1659168528813591,12.217,57.1
30796,1984-04-28 00:00:00,-0.0469285415538648,-0.2530091210387654,0.1591520379310357,12.217,57.1
30797,1984-04-29 00:00:00,-0.0707350353707281,-0.2766975085126235,0.1352274377711673,12.217,57.1
30798,1984-04-30 00:00:00,-0.0435692549562798,-0.2490516362664354,0.1619131263538757,12.217,57.1
30799,1984-05-01 00:00:00,-0.0074484914746431,-0.2130281668589217,0.1981311839096355,12.217,57.1
30800,1984-05-02 00:00:00,0.027351646659746,-0.1785431855865389,0.2332464789060309,12.217,57.1
30801,1984-05-03 00:00:00,0.1195039685463277,-0.0865240320817103,0.3255319691743658,12.217,57.1
30802,1984-05-04 00:00:00,0.0144771273345526,-0.1913232267231884,0.2202774813922937,12.217,57.1
30803,1984-05-05 00:00:00,0.0456741796210777,-0.1597918380939189,0.2511401973360743,12.217,57.1
30804,1984-05-06 00:00:00,0.0652794092497897,-0.1403476628738815,0.2709064813734609,12.217,57.1
30805,1984-05-07 00:00:00,0.0379131842482423,-0.1677688573605335,0.2435952258570181,12.217,57.1
30806,1984-05-08 00:00:00,0.1215331789690036,-0.0856013509333553,0.3286677088713626,12.217,57.1
30807,1984-05-09 00:00:00,-0.0026942750052567,-0.2086246523818729,0.2032361023713593,12.217,57.1
30808,1984-05-10 00:00:00,0.0025975390723703,-0.2029777227163952,0.208172800861136,12.217,57.1
30809,1984-05-11 00:00:00,-0.0472072010016951,-0.2527306803388803,0.1583162783354901,12.217,57.1
30810,1984-05-12 00:00:00,-0.0945108050393878,-0.3001891849739776,0.111167574895202,12.217,57.1
30811,1984-05-13 00:00:00,-0.0911258191961048,-0.2969447237556719,0.1146930853634622,12.217,57.1
30812,1984-05-14 00:00:00,-0.0408894230921263,-0.2465742876777295,0.1647954414934768,12.217,57.1
30813,1984-05-15 00:00:00,0.013368540311534,-0.1923251750556789,0.219062255678747,12.217,57.1
30814,1984-05-16 00:00:00,0.0922624082815248,-0.1135511703623716,0.2980759869254213,12.217,57.1
30815,1984-05-17 00:00:00,0.009052550567722,-0.1974112626893815,0.2155163638248255,12.217,57.1
30816,1984-05-18 00:00:00,0.1536834789896033,-0.0523836722431306,0.3597506302223373,12.217,57.1
30817,1984-05-19 00:00:00,0.0669530883860064,-0.1390449915110058,0.2729511682830187,12.217,57.1
30818,1984-05-20 00:00:00,0.1101136199526295,-0.0955107726859575,0.3157380125912166,12.217,57.1
30819,1984-05-21 00:00:00,0.0950679931051398,-0.1106118574413025,0.3007478436515823,12.217,57.1
30820,1984-05-22 00:00:00,-0.1159777575136038,-0.3231531271213305,0.0911976120941227,12.217,57.1
30821,1984-05-23 00:00:00,0.0416588678409613,-0.1655526067186116,0.2488703424005343,12.217,57.1
30822,1984-05-24 00:00:00,0.0550011432251878,-0.1510454187484216,0.2610477051987974,12.217,57.1
30823,1984-05-25 00:00:00,0.0298890329441807,-0.1760385828867646,0.2358166487751261,12.217,57.1
30824,1984-05-26 00:00:00,0.0479222446960465,-0.1584169095004514,0.2542613988925446,12.217,57.1
30825,1984-05-27 00:00:00,0.0435840863217424,-0.1619672403368247,0.2491354129803096,12.217,57.1
30826,1984-05-28 00:00:00,0.0629435221362996,-0.1425535922094472,0.2684406364820464,12.217,57.1
30827,1984-05-29 00:00:00,0.017633666661202,-0.1881785744689047,0.2234459077913088,12.217,57.1
30828,1984-05-30 00:00:00,-0.0159904994843616,-0.2215984789701215,0.1896174800013982,12.217,57.1
30829,1984-05-31 00:00:00,0.0185162819634625,-0.1871974537361103,0.2242300176630354,12.217,57.1
30830,1984-06-01 00:00:00,-0.0054692388896069,-0.2110309900708261,0.2000925122916122,12.217,57.1
30831,1984-06-02 00:00:00,0.1042385192756156,-0.1018563192093362,0.3103333577605676,12.217,57.1
30832,1984-06-03 00:00:00,0.0321422814596419,-0.1735231990895942,0.2378077620088782,12.217,57.1
30833,1984-06-04 00:00:00,-0.0400244398959784,-0.2459936161162585,0.1659447363243017,12.217,57.1
30834,1984-06-05 00:00:00,-0.0031504572507742,-0.209403564532799,0.2031026500312505,12.217,57.1
30835,1984-06-06 00:00:00,0.014007494045124,-0.1918566749493261,0.2198716630395742,12.217,57.1
30836,1984-06-07 00:00:00,-0.0284183738657593,-0.2352791149722686,0.1784423672407499,12.217,57.1
30837,1984-06-08 00:00:00,0.063534528835143,-0.1425288417257663,0.2695978993960525,12.217,57.1
30838,1984-06-09 00:00:00,0.0594259510659487,-0.146691300474135,0.2655432026060325,12.217,57.1
30839,1984-06-10 00:00:00,0.0322972738324907,-0.1735661721196739,0.2381607197846554,12.217,57.1
30840,1984-06-11 00:00:00,0.0169728287769913,-0.1890389305969848,0.2229845881509676,12.217,57.1
30841,1984-06-12 00:00:00,-0.0220152950206355,-0.2277234071502313,0.1836928171089602,12.217,57.1
30842,1984-06-13 00:00:00,0.1035758618155943,-0.1019953681179231,0.3091470917491118,12.217,57.1
30843,1984-06-14 00:00:00,0.2925080937797512,0.0862448496340214,0.498771337925481,12.217,57.1
30844,1984-06-15 00:00:00,0.119641940573306,-0.0864498158260519,0.3257336969726639,12.217,57.1
30845,1984-06-16 00:00:00,0.0632599430490394,-0.1426067770349083,0.2691266631329873,12.217,57.1
30846,1984-06-17 00:00:00,0.0331954318004461,-0.1722985219350824,0.2386893855359747,12.217,57.1
30847,1984-06-18 00:00:00,0.0194624648151504,-0.1859471452306826,0.2248720748609835,12.217,57.1
30848,1984-06-19 00:00:00,0.0570067109673183,-0.1485011505453691,0.2625145724800058,12.217,57.1
30849,1984-06-20 00:00:00,0.1142871769857721,-0.0913771080791139,0.3199514620506583,12.217,57.1
30850,1984-06-21 00:00:00,0.1274734187118348,-0.0781776427411818,0.3331244801648514,12.217,57.1
30851,1984-06-22 00:00:00,0.2311549571279342,0.0253222838284936,0.4369876304273749,12.217,57.1
30852,1984-06-23 00:00:00,0.1940680456287947,-0.0119854581539088,0.4001215494114983,12.217,57.1
30853,1984-06-24 00:00:00,0.289584180821006,0.0815849317296646,0.4975834299123473,12.217,57.1
30854,1984-06-25 00:00:00,0.3770392530611249,0.1642245930279108,0.589853913094339,12.217,57.1
30855,1984-06-26 00:00:00,0.1657857787160075,-0.0419768650537735,0.3735484224857886,12.217,57.1
30856,1984-06-27 00:00:00,0.1378935793256387,-0.0679786663108499,0.3437658249621274,12.217,57.1
30857,1984-06-28 00:00:00,0.2065733093739273,0.0007290137765765,0.4124176049712782,12.217,57.1
30858,1984-06-29 00:00:00,0.1389647667995833,-0.0669134766204068,0.3448430102195736,12.217,57.1
30859,1984-06-30 00:00:00,0.1446288633602875,-0.0609487930164728,0.350206519737048,12.217,57.1
30860,1984-07-01 00:00:00,0.0777309456148062,-0.1278458504225386,0.2833077416521511,12.217,57.1
30861,1984-07-02 00:00:00,0.1351660401386331,-0.070365805747251,0.3406978860245173,12.217,57.1
30862,1984-07-03 00:00:00,0.0637184130332569,-0.1417921947774009,0.2692290208439149,12.217,57.1
30863,1984-07-04 00:00:00,0.0463458820670198,-0.1592507515425712,0.2519425156766108,12.217,57.1
30864,1984-07-05 00:00:00,0.0642373669309298,-0.1413593356800369,0.2698340695418967,12.217,57.1
30865,1984-07-06 00:00:00,0.0397109264458098,-0.1660445080152097,0.2454663609068295,12.217,57.1
30866,1984-07-07 00:00:00,0.0509719529076276,-0.1546262959525884,0.2565702017678436,12.217,57.1
30867,1984-07-08 00:00:00,0.0715300305417089,-0.1339669866741836,0.2770270477576014,12.217,57.1
30868,1984-07-09 00:00:00,0.0437084159246203,-0.1617695001101681,0.2491863319594087,12.217,57.1
30869,1984-07-10 00:00:00,0.0826507445823439,-0.1228247239301288,0.2881262130948167,12.217,57.1
30870,1984-07-11 00:00:00,0.0865334317643865,-0.1190964731084295,0.2921633366372027,12.217,57.1
30871,1984-07-12 00:00:00,0.0777408943572233,-0.1277919928045267,0.2832737815189733,12.217,57.1
30872,1984-07-13 00:00:00,0.2788009351843517,0.0717669893490919,0.4858348810196114,12.217,57.1
30873,1984-07-14 00:00:00,0.0912913297473232,-0.115388767331397,0.2979714268260434,12.217,57.1
30874,1984-07-15 00:00:00,0.1385249882502018,-0.06702517309815,0.3440751495985538,12.217,57.1
30875,1984-07-16 00:00:00,0.0706242156568835,-0.1348696181208159,0.2761180494345829,12.217,57.1
30876,1984-07-17 00:00:00,0.0377415340120188,-0.1679676552899061,0.2434507233139438,12.217,57.1
30877,1984-07-18 00:00:00,0.0836539309742667,-0.1224872581266326,0.289795120075166,12.217,57.1
30878,1984-07-19 00:00:00,0.080163340845564,-0.1257964100425402,0.2861230917336682,12.217,57.1
30879,1984-07-20 00:00:00,0.0810229363582029,-0.1248474038194437,0.2868932765358496,12.217,57.1
30880,1984-07-21 00:00:00,0.155274858939726,-0.0504396200928998,0.3609893379723518,12.217,57.1
30881,1984-07-22 00:00:00,0.2278534917782267,0.0217972388068245,0.4339097447496288,12.217,57.1
30882,1984-07-23 00:00:00,0.1048956380021597,-0.1008555783123228,0.3106468543166423,12.217,57.1
30883,1984-07-24 00:00:00,0.0478133427214596,-0.1577001937025975,0.2533268791455169,12.217,57.1
30884,1984-07-25 00:00:00,0.073784600671503,-0.1316558684866542,0.2792250698296604,12.217,57.1
30885,1984-07-26 00:00:00,0.0647170702290337,-0.140876392811373,0.2703105332694405,12.217,57.1
30886,1984-07-27 00:00:00,0.069880682758359,-0.135737925229894,0.2754992907466123,12.217,57.1
30887,1984-07-28 00:00:00,0.1175659143038496,-0.0882275551992638,0.3233593838069631,12.217,57.1
30888,1984-07-29 00:00:00,0.1637701450602454,-0.0418470855865294,0.3693873757070204,12.217,57.1
30889,1984-07-30 00:00:00,0.1926446900179259,-0.0130038013070981,0.3982931813429499,12.217,57.1
30890,1984-07-31 00:00:00,0.119246372918516,-0.0863896653141585,0.3248824111511906,12.217,57.1
30891,1984-08-01 00:00:00,0.1204655103913744,-0.0852470817796908,0.3261781025624397,12.217,57.1
30892,1984-08-02 00:00:00,-0.0284505728529361,-0.2343276626522288,0.1774265169463565,12.217,57.1
30893,1984-08-03 00:00:00,0.0349148962633133,-0.1707164622311785,0.2405462547578051,12.217,57.1
30894,1984-08-04 00:00:00,0.0279378746018216,-0.1775464908340583,0.2334222400377016,12.217,57.1
30895,1984-08-05 00:00:00,0.0476858399589286,-0.1578491859808551,0.2532208658987124,12.217,57.1
30896,1984-08-06 00:00:00,0.0321850308223311,-0.1734131161432296,0.2377831777878919,12.217,57.1
30897,1984-08-07 00:00:00,0.0171609740662076,-0.1884514126836064,0.2227733608160217,12.217,57.1
30898,1984-08-08 00:00:00,-0.0047347537871563,-0.2102364215586955,0.2007669139843828,12.217,57.1
30899,1984-08-09 00:00:00,-0.0380089348413789,-0.2435441234275385,0.1675262537447805,12.217,57.1
30900,1984-08-10 00:00:00,-0.0479542715576838,-0.2536347607692586,0.1577262176538909,12.217,57.1
30901,1984-08-11 00:00:00,-0.0171086018804404,-0.2226631281905841,0.1884459244297032,12.217,57.1
30902,1984-08-12 00:00:00,0.0044205907480107,-0.2012247432644219,0.2100659247604435,12.217,57.1
30903,1984-08-13 00:00:00,-0.0005544478609584,-0.2060478817984347,0.2049389860765177,12.217,57.1
30904,1984-08-14 00:00:00,0.0496264160763012,-0.155951455936216,0.2552042880888184,12.217,57.1
30905,1984-08-15 00:00:00,0.0292416870834858,-0.1763518177582815,0.2348351919252533,12.217,57.1
30906,1984-08-16 00:00:00,0.0092559025497645,-0.1962992503189442,0.2148110554184733,12.217,57.1
30907,1984-08-17 00:00:00,0.0132795380066286,-0.1922293479807088,0.2187884239939661,12.217,57.1
30908,1984-08-18 00:00:00,0.0006266839246834,-0.2049157867280424,0.2061691545774093,12.217,57.1
30909,1984-08-19 00:00:00,0.0217454816585084,-0.1837511155563417,0.2272420788733586,12.217,57.1
30910,1984-08-20 00:00:00,0.0156451003274815,-0.1897809854705856,0.2210711861255487,12.217,57.1
30911,1984-08-21 00:00:00,0.0052950309851854,-0.2001605550382667,0.2107506170086377,12.217,57.1
30912,1984-08-22 00:00:00,0.0395532291147445,-0.1659026282680422,0.2450090864975313,12.217,57.1
30913,1984-08-23 00:00:00,0.0457803248756277,-0.1598332655679007,0.2513939153191563,12.217,57.1
30914,1984-08-24 00:00:00,0.0654444206234148,-0.1400573444522796,0.2709461856991092,12.217,57.1
30915,1984-08-25 00:00:00,0.0159621686283673,-0.1896807129857833,0.2216050502425179,12.217,57.1
30916,1984-08-26 00:00:00,0.0067445382346443,-0.1989811635854337,0.2124702400547224,12.217,57.1
30917,1984-08-27 00:00:00,0.0282755560181179,-0.1772487251910487,0.2337998372272847,12.217,57.1
30918,1984-08-28 00:00:00,0.0483791014941216,-0.1571114934790325,0.2538696964672758,12.217,57.1
30919,1984-08-29 00:00:00,0.1432889239696787,-0.0622622223555355,0.348840070294893,12.217,57.1
30920,1984-08-30 00:00:00,0.2529065430758649,0.0472596264248428,0.458553459726887,12.217,57.1
30921,1984-08-31 00:00:00,0.3460640300494318,0.1394378261398698,0.5526902339589939,12.217,57.1
30922,1984-09-01 00:00:00,0.2428316021440735,0.0361750385347465,0.4494881657534005,12.217,57.1
30923,1984-09-02 00:00:00,0.1828812537561004,-0.0230886036540156,0.3888511111662166,12.217,57.1
30924,1984-09-03 00:00:00,0.1386827547292588,-0.0674227689891279,0.3447882784476456,12.217,57.1
30925,1984-09-04 00:00:00,0.293374333883153,0.0867159515561791,0.5000327162101268,12.217,57.1
30926,1984-09-05 00:00:00,0.100058396128066,-0.1065986400207432,0.3067154322768752,12.217,57.1
30927,1984-09-06 00:00:00,-0.0240976418189412,-0.2302580419695067,0.1820627583316242,12.217,57.1
30928,1984-09-07 00:00:00,-0.0348798219723736,-0.2406397135496533,0.1708800696049061,12.217,57.1
30929,1984-09-08 00:00:00,0.0143964224668855,-0.191142215985706,0.2199350609194772,12.217,57.1
30930,1984-09-09 00:00:00,0.1012064638968008,-0.1043794668235338,0.3067923946171356,12.217,57.1
30931,1984-09-10 00:00:00,0.2652794640224687,0.0591331207206959,0.4714258073242415,12.217,57.1
30932,1984-09-11 00:00:00,0.1310734948020871,-0.0752464999697859,0.3373934895739602,12.217,57.1
30933,1984-09-12 00:00:00,0.299953524513011,0.0936264473062971,0.5062806017197249,12.217,57.1
30934,1984-09-13 00:00:00,0.2285261043796388,0.0217483341415348,0.4353038746177429,12.217,57.1
30935,1984-09-14 00:00:00,0.137464477890789,-0.0690939995578181,0.3440229553393963,12.217,57.1
30936,1984-09-15 00:00:00,0.0373398743124418,-0.1685032547205393,0.243183003345423,12.217,57.1
30937,1984-09-16 00:00:00,-0.0803754209584286,-0.2860959732693277,0.1253451313524703,12.217,57.1
30938,1984-09-17 00:00:00,-0.0327346681049781,-0.2381935120533179,0.1727241758433615,12.217,57.1
30939,1984-09-18 00:00:00,0.0166449185261194,-0.1888258611241681,0.2221156981764071,12.217,57.1
30940,1984-09-19 00:00:00,0.052716998765415,-0.1530671356754128,0.2585011332062429,12.217,57.1
30941,1984-09-20 00:00:00,0.241802497157313,0.0354487612525058,0.4481562330621203,12.217,57.1
30942,1984-09-21 00:00:00,0.1623802694301842,-0.0435770295166189,0.3683375683769873,12.217,57.1
30943,1984-09-22 00:00:00,0.2355073253424922,0.0293588427991518,0.4416558078858326,12.217,57.1
30944,1984-09-23 00:00:00,0.1138242771860781,-0.0925575874936765,0.3202061418658329,12.217,57.1
30945,1984-09-24 00:00:00,0.1087472419858561,-0.0969369376262531,0.3144314215979654,12.217,57.1
30946,1984-09-25 00:00:00,0.1309181951341647,-0.0748697490392499,0.3367061393075793,12.217,57.1
30947,1984-09-26 00:00:00,0.0916742548160321,-0.1141476239739064,0.2974961336059707,12.217,57.1
30948,1984-09-27 00:00:00,0.0513463009559581,-0.1544302617942954,0.2571228637062117,12.217,57.1
30949,1984-09-28 00:00:00,-0.0174237786045709,-0.223237010694991,0.1883894534858491,12.217,57.1
30950,1984-09-29 00:00:00,0.0083908259099298,-0.1971835449374966,0.2139651967573563,12.217,57.1
30951,1984-09-30 00:00:00,0.0648921066518775,-0.1405608051419217,0.2703450184456767,12.217,57.1
30952,1984-10-01 00:00:00,0.2329256015570584,0.0269620207930398,0.4388891823210771,12.217,57.1
30953,1984-10-02 00:00:00,0.1501519605398396,-0.056306956648608,0.3566108777282872,12.217,57.1
30954,1984-10-03 00:00:00,0.178724433359933,-0.0271288378570905,0.3845777045769565,12.217,57.1
30955,1984-10-04 00:00:00,0.1051049599568577,-0.1007042847624114,0.3109142046761268,12.217,57.1
30956,1984-10-05 00:00:00,0.0838815819101504,-0.1216622773629833,0.2894254411832843,12.217,57.1
30957,1984-10-06 00:00:00,0.1097173357650489,-0.0970621136580398,0.3164967851881377,12.217,57.1
30958,1984-10-07 00:00:00,0.064503396050803,-0.1432783007256268,0.2722850928272329,12.217,57.1
30959,1984-10-08 00:00:00,0.2299829206675636,0.0230741413602539,0.4368916999748733,12.217,57.1
30960,1984-10-09 00:00:00,0.2219995771692869,0.0157416858397412,0.4282574684988326,12.217,57.1
30961,1984-10-10 00:00:00,0.2006748265632514,-0.0056674712502715,0.4070171243767745,12.217,57.1
30962,1984-10-11 00:00:00,0.1844458127297702,-0.0217011585827995,0.3905927840423399,12.217,57.1
30963,1984-10-12 00:00:00,0.2554676648621732,0.0494960632958268,0.4614392664285195,12.217,57.1
30964,1984-10-13 00:00:00,0.1360213339524692,-0.0701179680256575,0.3421606359305959,12.217,57.1
30965,1984-10-14 00:00:00,0.1723125392608078,-0.0340079144932534,0.3786329930148691,12.217,57.1
30966,1984-10-15 00:00:00,0.2077434911276771,0.0010784971375035,0.4144084851178506,12.217,57.1
30967,1984-10-16 00:00:00,-0.0185409476596445,-0.2245216455506049,0.1874397502313158,12.217,57.1
30968,1984-10-17 00:00:00,0.097110414685201,-0.1085756266291732,0.3027964559995753,12.217,57.1
30969,1984-10-18 00:00:00,0.2131401307727976,0.0071787476456018,0.4191015138999934,12.217,57.1
30970,1984-10-19 00:00:00,0.4173116430080807,0.2104504721279664,0.6241728138881951,12.217,57.1
30971,1984-10-20 00:00:00,0.3500759479942894,0.1421084715130014,0.5580434244755774,12.217,57.1
30972,1984-10-21 00:00:00,0.439148185403017,0.2264238614663322,0.6518725093397018,12.217,57.1
30973,1984-10-22 00:00:00,0.5366804716041016,0.3277714230354309,0.7455895201727722,12.217,57.1
30974,1984-10-23 00:00:00,0.3034413740176994,0.0958064439411256,0.5110763040942732,12.217,57.1
30975,1984-10-24 00:00:00,0.2720656814913075,0.0654456918217963,0.4786856711608186,12.217,57.1
30976,1984-10-25 00:00:00,0.1665506979740935,-0.0393209079871648,0.372422303935352,12.217,57.1
30977,1984-10-26 00:00:00,0.2886311963378727,0.0823465538635432,0.4949158388122021,12.217,57.1
30978,1984-10-27 00:00:00,0.1863836931409686,-0.0199276989871649,0.3926950852691022,12.217,57.1
30979,1984-10-28 00:00:00,0.197012313197375,-0.0096174390796195,0.4036420654743696,12.217,57.1
30980,1984-10-29 00:00:00,0.0598374971580438,-0.1459519522630624,0.2656269465791501,12.217,57.1
30981,1984-10-30 00:00:00,0.0961601504347152,-0.10999010171492,0.3023104025843505,12.217,57.1
30982,1984-10-31 00:00:00,0.1360427343349359,-0.0704552173069281,0.3425406859768001,12.217,57.1
30983,1984-11-01 00:00:00,0.0709377670064098,-0.134813943174592,0.2766894771874116,12.217,57.1
30984,1984-11-02 00:00:00,0.1115382480930178,-0.0941164966342653,0.317192992820301,12.217,57.1
30985,1984-11-03 00:00:00,0.142133090714725,-0.0636618646639968,0.3479280460934469,12.217,57.1
30986,1984-11-04 00:00:00,0.0942819681097447,-0.1114712094742115,0.3000351456937011,12.217,57.1
30987,1984-11-05 00:00:00,0.2106460953742141,0.0047848284045898,0.4165073623438384,12.217,57.1
30988,1984-11-06 00:00:00,0.147682929488117,-0.0589921283053395,0.3543579872815737,12.217,57.1
30989,1984-11-07 00:00:00,0.1208007889487874,-0.0850910604583341,0.326692638355909,12.217,57.1
30990,1984-11-08 00:00:00,0.0541315074081811,-0.1514176547233397,0.259680669539702,12.217,57.1
30991,1984-11-09 00:00:00,-0.0139645120078785,-0.219502289345879,0.1915732653301219,12.217,57.1
30992,1984-11-10 00:00:00,-0.021491534167262,-0.2274060848128173,0.1844230164782933,12.217,57.1
30993,1984-11-11 00:00:00,0.0307001141293991,-0.1754569484802841,0.2368571767390824,12.217,57.1
30994,1984-11-12 00:00:00,0.0587178388123892,-0.1473272010558561,0.2647628786806347,12.217,57.1
30995,1984-11-13 00:00:00,0.1143784180524751,-0.091587624572826,0.3203444606777764,12.217,57.1
30996,1984-11-14 00:00:00,0.1480914152487471,-0.0578458784758155,0.3540287089733097,12.217,57.1
30997,1984-11-15 00:00:00,-0.0338899322102445,-0.2401927564660149,0.1724128920455259,12.217,57.1
30998,1984-11-16 00:00:00,-0.101496218258173,-0.3089487567863757,0.1059563202700296,12.217,57.1
30999,1984-11-17 00:00:00,-0.1451949518764632,-0.3535203794643854,0.063130475711459,12.217,57.1
31000,1984-11-18 00:00:00,-0.0079822252454298,-0.2157014823945309,0.1997370319036713,12.217,57.1
31001,1984-11-19 00:00:00,0.0735437969166439,-0.1327033532326282,0.2797909470659162,12.217,57.1
31002,1984-11-20 00:00:00,0.073845511037085,-0.1320087269305226,0.2796997490046928,12.217,57.1
31003,1984-11-21 00:00:00,0.0730762749587121,-0.1324744324738708,0.2786269823912952,12.217,57.1
31004,1984-11-22 00:00:00,0.1403171060487439,-0.0653978495021494,0.3460320615996373,12.217,57.1
31005,1984-11-23 00:00:00,0.4345247297598281,0.2269620946676854,0.6420873648519707,12.217,57.1
31006,1984-11-24 00:00:00,0.371975136245715,0.1630162833892226,0.5809339891022075,12.217,57.1
31007,1984-11-25 00:00:00,0.4334404798351166,0.2262305811697425,0.6406503785004906,12.217,57.1
31008,1984-11-26 00:00:00,0.3929436917041017,0.1867148981361424,0.5991724852720611,12.217,57.1
31009,1984-11-27 00:00:00,0.0066787785774224,-0.1992796330467563,0.2126371902016011,12.217,57.1
31010,1984-11-28 00:00:00,0.1172154194296374,-0.0909541341595257,0.3253849730188007,12.217,57.1
31011,1984-11-29 00:00:00,0.3985091093056931,0.1896980280863542,0.607320190525032,12.217,57.1
31012,1984-11-30 00:00:00,0.1968465015645047,-0.0091803344765707,0.4028733376055803,12.217,57.1
31013,1984-12-01 00:00:00,0.1433747868608194,-0.0623329368809653,0.3490825106026041,12.217,57.1
31014,1984-12-02 00:00:00,0.0743682669459241,-0.1313362376696229,0.2800727715614711,12.217,57.1
31015,1984-12-03 00:00:00,0.0226656287484062,-0.1830433991878809,0.2283746566846933,12.217,57.1
31016,1984-12-04 00:00:00,0.0153566542359105,-0.1902020935840984,0.2209154020559195,12.217,57.1
31017,1984-12-05 00:00:00,0.0214351749757805,-0.1840296887827378,0.2269000387342989,12.217,57.1
31018,1984-12-06 00:00:00,0.0669007287790763,-0.138667860786286,0.2724693183444386,12.217,57.1
31019,1984-12-07 00:00:00,0.2486450666729909,0.041957745569603,0.4553323877763787,12.217,57.1
31020,1984-12-08 00:00:00,0.309433545824243,0.101772676650236,0.5170944149982499,12.217,57.1
31021,1984-12-09 00:00:00,0.2516751009766673,0.0456299650881182,0.4577202368652163,12.217,57.1
31022,1984-12-10 00:00:00,0.1899289111579413,-0.016481997115734,0.3963398194316166,12.217,57.1
31023,1984-12-11 00:00:00,0.2613713973976309,0.0547807157761949,0.4679620790190668,12.217,57.1
31024,1984-12-12 00:00:00,-0.0266583642809878,-0.2327154154018409,0.1793986868398652,12.217,57.1
31025,1984-12-13 00:00:00,0.0071373031247053,-0.198371681117592,0.2126462873670026,12.217,57.1
31026,1984-12-14 00:00:00,0.0235437351051503,-0.1821077563536569,0.2291952265639576,12.217,57.1
31027,1984-12-15 00:00:00,0.0081356672688108,-0.197605000028367,0.2138763345659886,12.217,57.1
31028,1984-12-16 00:00:00,-0.0424765501003967,-0.2482234695622321,0.1632703693614386,12.217,57.1
31029,1984-12-17 00:00:00,-0.0636855523063171,-0.2696374754296383,0.142266370817004,12.217,57.1
31030,1984-12-18 00:00:00,0.1003971461792277,-0.1057723342120398,0.3065666265704952,12.217,57.1
31031,1984-12-19 00:00:00,0.223992334390149,0.0164655216548423,0.4315191471254557,12.217,57.1
31032,1984-12-20 00:00:00,0.172977648953504,-0.0340287383499739,0.379984036256982,12.217,57.1
31033,1984-12-21 00:00:00,0.2113412861283177,0.0045273946063386,0.4181551776502968,12.217,57.1
31034,1984-12-22 00:00:00,0.1992167558323439,-0.00739651257598,0.4058300242406679,12.217,57.1
31035,1984-12-23 00:00:00,0.1109736086444683,-0.0949287136066308,0.3168759308955674,12.217,57.1
31036,1984-12-24 00:00:00,0.148995330315373,-0.0571219379078596,0.3551125985386056,12.217,57.1
31037,1984-12-25 00:00:00,0.2720694255376653,0.0653642927447439,0.4787745583305868,12.217,57.1
31038,1984-12-26 00:00:00,0.2517444553889475,0.0453652295498044,0.4581236812280906,12.217,57.1
31039,1984-12-27 00:00:00,0.0856248903201672,-0.1199799034378868,0.2912296840782213,12.217,57.1
31040,1984-12-28 00:00:00,-0.0999487709082929,-0.3055314574462909,0.105633915629705,12.217,57.1
31041,1984-12-29 00:00:00,-0.1656875662027581,-0.3713042430528833,0.0399291106473671,12.217,57.1
31042,1984-12-30 00:00:00,-0.1639881416624734,-0.3696034544069054,0.0416271710819585,12.217,57.1
31043,1984-12-31 00:00:00,-0.0913267807826376,-0.2968885165692654,0.1142349550039902,12.217,57.1
31044,1985-01-01 00:00:00,0.1298209570099183,-0.0768918543042718,0.3365337683241086,12.217,57.1
31045,1985-01-02 00:00:00,0.0057196366422987,-0.2010998931850235,0.2125391664696211,12.217,57.1
31046,1985-01-03 00:00:00,-0.0418191626734953,-0.2478000860828305,0.1641617607358398,12.217,57.1
31047,1985-01-04 00:00:00,-0.022989432197904,-0.231633070856228,0.1856542064604198,12.217,57.1
31048,1985-01-05 00:00:00,-0.2054419645070025,-0.4148301675611335,0.0039462385471285,12.217,57.1
31049,1985-01-06 00:00:00,-0.0830320499380191,-0.2892572398587605,0.1231931399827222,12.217,57.1
31050,1985-01-07 00:00:00,-0.0705709275621792,-0.276517734476849,0.1353758793524904,12.217,57.1
31051,1985-01-08 00:00:00,-0.0461128760892909,-0.2517878705241729,0.1595621183455909,12.217,57.1
31052,1985-01-09 00:00:00,-0.0267662443848816,-0.2324263255640744,0.1788938367943111,12.217,57.1
31053,1985-01-10 00:00:00,0.0453214909195434,-0.1604018120705952,0.2510447939096822,12.217,57.1
31054,1985-01-11 00:00:00,-0.0399567682818367,-0.245788609833571,0.1658750732698976,12.217,57.1
31055,1985-01-12 00:00:00,-0.0619081900612688,-0.2678491604422752,0.1440327803197374,12.217,57.1
31056,1985-01-13 00:00:00,-0.1222743551694865,-0.3281383169389654,0.0835896065999923,12.217,57.1
31057,1985-01-14 00:00:00,-0.1683905892374509,-0.3742522707148911,0.0374710922399892,12.217,57.1
31058,1985-01-15 00:00:00,-0.19329766019044,-0.3995148815879471,0.0129195612070671,12.217,57.1
31059,1985-01-16 00:00:00,-0.1740271333861059,-0.3801156399344589,0.0320613731622471,12.217,57.1
31060,1985-01-17 00:00:00,-0.0979081391685593,-0.3038790206589328,0.1080627423218141,12.217,57.1
31061,1985-01-18 00:00:00,-0.025392673717101,-0.2311629392527145,0.1803775918185125,12.217,57.1
31062,1985-01-19 00:00:00,0.0280772349073763,-0.1776175252065847,0.2337719950213374,12.217,57.1
31063,1985-01-20 00:00:00,0.0837748046239164,-0.1219083683607533,0.2894579776085862,12.217,57.1
31064,1985-01-21 00:00:00,0.0743619196528783,-0.1311998943404815,0.2799237336462382,12.217,57.1
31065,1985-01-22 00:00:00,0.1716878717120077,-0.0341627310164024,0.3775384744404179,12.217,57.1
31066,1985-01-23 00:00:00,0.3545666270931258,0.1477098825859127,0.561423371600339,12.217,57.1
31067,1985-01-24 00:00:00,0.3589196073197088,0.15201755390359,0.5658216607358275,12.217,57.1
31068,1985-01-25 00:00:00,0.2988707994005837,0.0921257964167426,0.5056158023844249,12.217,57.1
31069,1985-01-26 00:00:00,0.136519356959603,-0.0696040639618593,0.3426427778810653,12.217,57.1
31070,1985-01-27 00:00:00,0.0130079761142835,-0.1932560251434629,0.2192719773720301,12.217,57.1
31071,1985-01-28 00:00:00,0.0056765416780538,-0.2010959021214569,0.2124489854775646,12.217,57.1
31072,1985-01-29 00:00:00,0.1505575370186094,-0.0559349707276403,0.3570500447648592,12.217,57.1
31073,1985-01-30 00:00:00,0.2406516331382261,0.033947472135082,0.4473557941413702,12.217,57.1
31074,1985-01-31 00:00:00,0.1945064080364547,-0.012330361376387,0.4013431774492965,12.217,57.1
31075,1985-02-01 00:00:00,0.4377422520721609,0.2302194520467729,0.6452650520975489,12.217,57.1
31076,1985-02-02 00:00:00,0.3711974216244215,0.1639626856151423,0.5784321576337007,12.217,57.1
31077,1985-02-03 00:00:00,0.1216248573211536,-0.0867182574629222,0.3299679721052294,12.217,57.1
31078,1985-02-04 00:00:00,-0.1601356561674549,-0.3698769840784446,0.0496056717435346,12.217,57.1
31079,1985-02-05 00:00:00,0.1226250180380153,-0.0848220848980495,0.3300721209740803,12.217,57.1
31080,1985-02-06 00:00:00,0.042927058455099,-0.1631114011175471,0.2489655180277453,12.217,57.1
31081,1985-02-07 00:00:00,-0.0408988291807358,-0.2465767281847101,0.1647790698232385,12.217,57.1
31082,1985-02-08 00:00:00,-0.1168509324949015,-0.3227805287749469,0.0890786637851439,12.217,57.1
31083,1985-02-09 00:00:00,-0.0896767621147296,-0.2953658496200725,0.1160123253906133,12.217,57.1
31084,1985-02-10 00:00:00,-0.0584473547556885,-0.2640398280992856,0.1471451185879085,12.217,57.1
31085,1985-02-11 00:00:00,-0.0328699308906828,-0.2385612353353597,0.172821373553994,12.217,57.1
31086,1985-02-12 00:00:00,0.0173259306928835,-0.1883535513976356,0.2230054127834027,12.217,57.1
31087,1985-02-13 00:00:00,0.0907449041886837,-0.1149078093306154,0.2963976177079829,12.217,57.1
31088,1985-02-14 00:00:00,0.046640216936555,-0.1592010372685964,0.2524814711417065,12.217,57.1
31089,1985-02-15 00:00:00,-0.0626201917321564,-0.2713871897144221,0.1461468062501092,12.217,57.1
31090,1985-02-16 00:00:00,-0.1459903987225232,-0.354246663061502,0.0622658656164556,12.217,57.1
31091,1985-02-17 00:00:00,-0.1107289990749753,-0.3173113689772445,0.0958533708272938,12.217,57.1
31092,1985-02-18 00:00:00,-0.1542696678235932,-0.36046346530175,0.0519241296545634,12.217,57.1
31093,1985-02-19 00:00:00,-0.1623644844030266,-0.3705041863458099,0.0457752175397567,12.217,57.1
31094,1985-02-20 00:00:00,-0.1148419471334216,-0.3218833462031258,0.0921994519362826,12.217,57.1
31095,1985-02-21 00:00:00,-0.0212217936878085,-0.2274695521050359,0.1850259647294188,12.217,57.1
31096,1985-02-22 00:00:00,-0.0823541867304689,-0.2881352314364959,0.123426857975558,12.217,57.1
31097,1985-02-23 00:00:00,-0.0440389598755624,-0.249658248880163,0.1615803291290382,12.217,57.1
31098,1985-02-24 00:00:00,0.1270333470990192,-0.0789162748169307,0.3329829690149692,12.217,57.1
31099,1985-02-25 00:00:00,0.0016603890294414,-0.2043624561961415,0.2076832342550245,12.217,57.1
31100,1985-02-26 00:00:00,0.0023718070990339,-0.2032944111324018,0.2080380253304697,12.217,57.1
31101,1985-02-27 00:00:00,0.005565194063195,-0.1999650115412024,0.2110953996675925,12.217,57.1
31102,1985-02-28 00:00:00,-0.0407994721956755,-0.2463955866937226,0.1647966423023715,12.217,57.1
31103,1985-03-01 00:00:00,-0.0244135332957316,-0.2299164841555837,0.1810894175641204,12.217,57.1
31104,1985-03-02 00:00:00,-0.0062206793006494,-0.211773318927917,0.1993319603266181,12.217,57.1
31105,1985-03-03 00:00:00,0.1100384386841795,-0.0957988038922066,0.3158756812605656,12.217,57.1
31106,1985-03-04 00:00:00,0.040484835102988,-0.1653276405867818,0.246297310792758,12.217,57.1
31107,1985-03-05 00:00:00,0.1089538534874994,-0.0971360847704296,0.3150437917454286,12.217,57.1
31108,1985-03-06 00:00:00,-0.0233745602649935,-0.2292740959909856,0.1825249754609986,12.217,57.1
31109,1985-03-07 00:00:00,-0.0702484981980785,-0.275755239371397,0.1352582429752398,12.217,57.1
31110,1985-03-08 00:00:00,-0.1077398213156543,-0.3132633862677471,0.0977837436364384,12.217,57.1
31111,1985-03-09 00:00:00,-0.1290339439574135,-0.3346235448871226,0.0765556569722956,12.217,57.1
31112,1985-03-10 00:00:00,-0.0698300711537739,-0.2754350190185066,0.1357748767109587,12.217,57.1
31113,1985-03-11 00:00:00,-0.0052823147706549,-0.2115099526748547,0.2009453231335448,12.217,57.1
31114,1985-03-12 00:00:00,-0.0205570313698242,-0.2267362259501143,0.1856221632104658,12.217,57.1
31115,1985-03-13 00:00:00,0.1002627527284994,-0.1053489453187375,0.3058744507757363,12.217,57.1
31116,1985-03-14 00:00:00,0.2351786422490498,0.0292515915411517,0.4411056929569479,12.217,57.1
31117,1985-03-15 00:00:00,0.1746843104357232,-0.030931001875971,0.3802996227474173,12.217,57.1
31118,1985-03-16 00:00:00,0.1672702415502947,-0.0382754885784048,0.3728159716789944,12.217,57.1
31119,1985-03-17 00:00:00,0.1040726170431896,-0.101478003213379,0.3096232372997584,12.217,57.1
31120,1985-03-18 00:00:00,-0.0277542758350593,-0.2333633396874904,0.1778547880173717,12.217,57.1
31121,1985-03-19 00:00:00,-0.0730884666713756,-0.2788563927752178,0.1326794594324665,12.217,57.1
31122,1985-03-20 00:00:00,-0.0680897979887204,-0.2740572998770303,0.1378777038995894,12.217,57.1
31123,1985-03-21 00:00:00,0.0296467761720215,-0.1761660888984767,0.2354596412425199,12.217,57.1
31124,1985-03-22 00:00:00,0.1402808193087413,-0.0660402025651022,0.3466018411825849,12.217,57.1
31125,1985-03-23 00:00:00,0.076739549346405,-0.129258821980675,0.2827379206734851,12.217,57.1
31126,1985-03-24 00:00:00,0.085717594215394,-0.1200465135166837,0.2914817019474719,12.217,57.1
31127,1985-03-25 00:00:00,0.0867057309526328,-0.1188889858197074,0.2923004477249732,12.217,57.1
31128,1985-03-26 00:00:00,0.0983462838043968,-0.1071259516848222,0.303818519293616,12.217,57.1
31129,1985-03-27 00:00:00,0.1123782804694863,-0.0932061828047439,0.3179627437437167,12.217,57.1
31130,1985-03-28 00:00:00,0.1280596191304746,-0.0787394219959334,0.3348586602568827,12.217,57.1
31131,1985-03-29 00:00:00,0.299571395237911,0.0916245463402554,0.5075182441355666,12.217,57.1
31132,1985-03-30 00:00:00,0.2749451035694929,0.0688064821123305,0.4810837250266553,12.217,57.1
31133,1985-03-31 00:00:00,0.1887077214943688,-0.0172729219492543,0.3946883649379921,12.217,57.1
31134,1985-04-01 00:00:00,0.1924194815136239,-0.0133748070467658,0.3982137700740137,12.217,57.1
31135,1985-04-02 00:00:00,0.183435009000782,-0.0221723068268719,0.3890423248284359,12.217,57.1
31136,1985-04-03 00:00:00,0.2100091854930402,0.0037148223790144,0.416303548607066,12.217,57.1
31137,1985-04-04 00:00:00,0.1331168661018058,-0.0731893227718333,0.339423054975445,12.217,57.1
31138,1985-04-05 00:00:00,0.0994321525253823,-0.1066043593767053,0.30546866442747,12.217,57.1
31139,1985-04-06 00:00:00,0.119812714269524,-0.0861007974953401,0.3257262260343883,12.217,57.1
31140,1985-04-07 00:00:00,0.0803064261286923,-0.1256411102793396,0.2862539625367242,12.217,57.1
31141,1985-04-08 00:00:00,0.0538283329356932,-0.1518905495563994,0.259547215427786,12.217,57.1
31142,1985-04-09 00:00:00,0.219683402484087,0.0137401888957968,0.4256266160723773,12.217,57.1
31143,1985-04-10 00:00:00,0.038670013128265,-0.1678727690149311,0.2452127952714611,12.217,57.1
31144,1985-04-11 00:00:00,0.0544716269987544,-0.1515720473575145,0.2605153013550234,12.217,57.1
31145,1985-04-12 00:00:00,0.1268542378332927,-0.0789138521276232,0.3326223277942086,12.217,57.1
31146,1985-04-13 00:00:00,0.1351544691373978,-0.070546247675317,0.3408551859501126,12.217,57.1
31147,1985-04-14 00:00:00,0.1911832025309073,-0.0143676919417869,0.3967340970036016,12.217,57.1
31148,1985-04-15 00:00:00,0.0565569472523391,-0.1490627654209927,0.2621766599256711,12.217,57.1
31149,1985-04-16 00:00:00,0.0090605826647764,-0.1965894763911249,0.2147106417206777,12.217,57.1
31150,1985-04-17 00:00:00,-0.0197775876236152,-0.2254325259680687,0.1858773507208383,12.217,57.1
31151,1985-04-18 00:00:00,0.0199761545000368,-0.1857760190777083,0.2257283280777818,12.217,57.1
31152,1985-04-19 00:00:00,0.0125778857180869,-0.1929527144198323,0.2181084858560062,12.217,57.1
31153,1985-04-20 00:00:00,0.1709476867832247,-0.0349283876287639,0.3768237611952134,12.217,57.1
31154,1985-04-21 00:00:00,0.1551484369675873,-0.051085966608442,0.3613828405436167,12.217,57.1
31155,1985-04-22 00:00:00,-0.0209557813801767,-0.226842240308123,0.1849306775477696,12.217,57.1
31156,1985-04-23 00:00:00,-0.0023093565169299,-0.2088140241489528,0.204195311115093,12.217,57.1
31157,1985-04-24 00:00:00,0.0906190361324248,-0.117203821526842,0.2984418937916917,12.217,57.1
31158,1985-04-25 00:00:00,0.2034776587145343,-0.0033253305434965,0.4102806479725652,12.217,57.1
31159,1985-04-26 00:00:00,0.183299475760041,-0.0234811206481411,0.3900800721682232,12.217,57.1
31160,1985-04-27 00:00:00,0.1852818773362576,-0.0221654346237317,0.3927291892962469,12.217,57.1
31161,1985-04-28 00:00:00,0.2669113134457499,0.0564045682697169,0.4774180586217829,12.217,57.1
31162,1985-04-29 00:00:00,0.0155338159349355,-0.1908668403478724,0.2219344722177435,12.217,57.1
31163,1985-04-30 00:00:00,-0.029740414936978,-0.2364354597516743,0.1769546298777182,12.217,57.1
31164,1985-05-01 00:00:00,0.0416754584225158,-0.1677870090944262,0.2511379259394579,12.217,57.1
31165,1985-05-02 00:00:00,0.130471846440649,-0.077603436325084,0.3385471292063822,12.217,57.1
31166,1985-05-03 00:00:00,0.060390104909697,-0.1455151513371613,0.2662953611565554,12.217,57.1
31167,1985-05-04 00:00:00,0.0129701226444125,-0.1926149350593976,0.2185551803482228,12.217,57.1
31168,1985-05-05 00:00:00,0.0545825251218148,-0.1510032148144318,0.2601682650580615,12.217,57.1
31169,1985-05-06 00:00:00,0.0728726789606489,-0.1327900639803121,0.2785354219016099,12.217,57.1
31170,1985-05-07 00:00:00,-0.0768480761089513,-0.2827063093091223,0.1290101570912196,12.217,57.1
31171,1985-05-08 00:00:00,-0.1067584043056918,-0.3129077198950939,0.0993909112837102,12.217,57.1
31172,1985-05-09 00:00:00,-0.0661210979772286,-0.2722020922835867,0.1399598963291295,12.217,57.1
31173,1985-05-10 00:00:00,0.0154758933497888,-0.1906142404295491,0.2215660271291268,12.217,57.1
31174,1985-05-11 00:00:00,-0.0744177284748803,-0.2801567079598474,0.1313212510100866,12.217,57.1
31175,1985-05-12 00:00:00,-0.0565252526256339,-0.2619647743398137,0.1489142690885458,12.217,57.1
31176,1985-05-13 00:00:00,-0.0538548202200017,-0.2594380094525609,0.1517283690125573,12.217,57.1
31177,1985-05-14 00:00:00,-0.0513583416260303,-0.2569239470388929,0.1542072637868321,12.217,57.1
31178,1985-05-15 00:00:00,0.0256177757495423,-0.1801306383509038,0.2313661898499885,12.217,57.1
31179,1985-05-16 00:00:00,-0.0002815026800866,-0.2064214682317073,0.2058584628715339,12.217,57.1
31180,1985-05-17 00:00:00,-0.0121802078068912,-0.2176461637476601,0.1932857481338777,12.217,57.1
31181,1985-05-18 00:00:00,-0.0381859693512861,-0.2437468834734229,0.1673749447708507,12.217,57.1
31182,1985-05-19 00:00:00,-0.0485872555715117,-0.2541209722224355,0.156946461079412,12.217,57.1
31183,1985-05-20 00:00:00,-0.0507171710826009,-0.2562838095547642,0.1548494673895624,12.217,57.1
31184,1985-05-21 00:00:00,-0.0030438491732227,-0.2086724639107728,0.2025847655643274,12.217,57.1
31185,1985-05-22 00:00:00,0.0927698710155262,-0.1131874975751741,0.2987272396062265,12.217,57.1
31186,1985-05-23 00:00:00,0.1576901828672957,-0.048592664830388,0.3639730305649794,12.217,57.1
31187,1985-05-24 00:00:00,0.1016043069237392,-0.1042437470633675,0.307452360910846,12.217,57.1
31188,1985-05-25 00:00:00,0.1404545804171609,-0.0653472713600882,0.34625643219441,12.217,57.1
31189,1985-05-26 00:00:00,0.0637761279216722,-0.1422768525911205,0.269829108434465,12.217,57.1
31190,1985-05-27 00:00:00,0.0619067732308494,-0.1439566141455257,0.2677701606072246,12.217,57.1
31191,1985-05-28 00:00:00,0.087428278377593,-0.1180846173055131,0.2929411740606992,12.217,57.1
31192,1985-05-29 00:00:00,-0.0101338601249961,-0.2161086350433296,0.1958409147933374,12.217,57.1
31193,1985-05-30 00:00:00,-0.0443397238337375,-0.2505476534253216,0.1618682057578466,12.217,57.1
31194,1985-05-31 00:00:00,-0.0588155094125524,-0.2647077210085175,0.1470767021834126,12.217,57.1
31195,1985-06-01 00:00:00,-0.0817980339015369,-0.2873990400292551,0.1238029722261812,12.217,57.1
31196,1985-06-02 00:00:00,-0.035077835293298,-0.24064496991939,0.170489299332794,12.217,57.1
31197,1985-06-03 00:00:00,-0.023251584591861,-0.2289031333393492,0.1823999641556272,12.217,57.1
31198,1985-06-04 00:00:00,0.034680499456938,-0.1710316944511753,0.2403926933650512,12.217,57.1
31199,1985-06-05 00:00:00,0.0791677569582496,-0.1264913621911746,0.2848268761076739,12.217,57.1
31200,1985-06-06 00:00:00,0.1003809105633692,-0.1056154254313932,0.3063772465581318,12.217,57.1
31201,1985-06-07 00:00:00,0.040731148031021,-0.1652593322414951,0.2467216283035371,12.217,57.1
31202,1985-06-08 00:00:00,0.0957063981208835,-0.1099647836990882,0.3013775799408553,12.217,57.1
31203,1985-06-09 00:00:00,0.1261347125067375,-0.0796472706567819,0.3319166956702569,12.217,57.1
31204,1985-06-10 00:00:00,0.2081724163530996,0.0022056747274686,0.4141391579787306,12.217,57.1
31205,1985-06-11 00:00:00,0.1183724147590649,-0.0872936845194363,0.3240385140375662,12.217,57.1
31206,1985-06-12 00:00:00,0.1531847354849774,-0.0523758062260998,0.3587452771960546,12.217,57.1
31207,1985-06-13 00:00:00,0.2367627786489666,0.0309447784153153,0.4425807788826179,12.217,57.1
31208,1985-06-14 00:00:00,0.0686246309324663,-0.1370455062375659,0.2742947681024986,12.217,57.1
31209,1985-06-15 00:00:00,0.0820921808524578,-0.1236032878610467,0.2877876495659625,12.217,57.1
31210,1985-06-16 00:00:00,0.090445056683621,-0.1153611574329376,0.2962512708001797,12.217,57.1
31211,1985-06-17 00:00:00,0.1485324481769944,-0.0572323152695128,0.3542972116235018,12.217,57.1
31212,1985-06-18 00:00:00,0.0640548811217051,-0.1414049806205984,0.2695147428640088,12.217,57.1
31213,1985-06-19 00:00:00,0.0512487554545275,-0.1541919741413317,0.2566894850503868,12.217,57.1
31214,1985-06-20 00:00:00,0.0524519968212417,-0.1530109314120551,0.2579149250545385,12.217,57.1
31215,1985-06-21 00:00:00,0.0401551595569648,-0.1653513966971302,0.2456617158110598,12.217,57.1
31216,1985-06-22 00:00:00,0.0433342748952691,-0.1621265540535105,0.2487951038440488,12.217,57.1
31217,1985-06-23 00:00:00,0.0790508793810978,-0.1263788868850398,0.2844806456472355,12.217,57.1
31218,1985-06-24 00:00:00,0.0674495685806443,-0.1379692938486584,0.2728684310099472,12.217,57.1
31219,1985-06-25 00:00:00,0.0638023710223362,-0.141654633961225,0.2692593760058976,12.217,57.1
31220,1985-06-26 00:00:00,0.0319780439501753,-0.1734875324830625,0.2374436203834133,12.217,57.1
31221,1985-06-27 00:00:00,0.0515457396411751,-0.1539699763416074,0.2570614556239578,12.217,57.1
31222,1985-06-28 00:00:00,0.0880285735821201,-0.1175340091390263,0.2935911563032667,12.217,57.1
31223,1985-06-29 00:00:00,0.156551750686111,-0.0489709188417543,0.3620744202139765,12.217,57.1
31224,1985-06-30 00:00:00,0.1329592599989878,-0.0725875566854399,0.3385060766834155,12.217,57.1
31225,1985-07-01 00:00:00,0.1343293194998417,-0.0712526302229064,0.3399112692225898,12.217,57.1
31226,1985-07-02 00:00:00,0.0888885851828747,-0.1167495391156927,0.2945267094814423,12.217,57.1
31227,1985-07-03 00:00:00,0.0331088120724108,-0.172487977264829,0.2387056014096508,12.217,57.1
31228,1985-07-04 00:00:00,0.0190452650102821,-0.1864919213248967,0.2245824513454609,12.217,57.1
31229,1985-07-05 00:00:00,-0.004331101411636,-0.2098022185445991,0.201140015721327,12.217,57.1
31230,1985-07-06 00:00:00,0.007286593556815,-0.198171017017832,0.2127442041314622,12.217,57.1
31231,1985-07-07 00:00:00,0.0653397720759672,-0.1401822051428221,0.2708617492947566,12.217,57.1
31232,1985-07-08 00:00:00,0.1124979671214351,-0.0932596032104955,0.3182555374533659,12.217,57.1
31233,1985-07-09 00:00:00,0.050219527023752,-0.1555981628996192,0.2560372169471233,12.217,57.1
31234,1985-07-10 00:00:00,0.0302079500764066,-0.175299821598983,0.2357157217517964,12.217,57.1
31235,1985-07-11 00:00:00,0.0838323885335212,-0.1216301601860214,0.2892949372530639,12.217,57.1
31236,1985-07-12 00:00:00,0.1292931686748274,-0.076196066862226,0.3347824042118809,12.217,57.1
31237,1985-07-13 00:00:00,0.0876444525866762,-0.1179289587057378,0.2932178638790904,12.217,57.1
31238,1985-07-14 00:00:00,0.0689756272737649,-0.1366079338909267,0.2745591884384566,12.217,57.1
31239,1985-07-15 00:00:00,0.1216262529049075,-0.084266307652903,0.327518813462718,12.217,57.1
31240,1985-07-16 00:00:00,0.2682246497498211,0.0617016355551015,0.4747476639445407,12.217,57.1
31241,1985-07-17 00:00:00,0.0836516150670975,-0.1222024709214282,0.2895057010556233,12.217,57.1
31242,1985-07-18 00:00:00,0.1424408365826662,-0.063201407704556,0.3480830808698885,12.217,57.1
31243,1985-07-19 00:00:00,0.1403674141066938,-0.0657979176771343,0.3465327458905219,12.217,57.1
31244,1985-07-20 00:00:00,0.1930074852345449,-0.0143667957067813,0.4003817661758713,12.217,57.1
31245,1985-07-21 00:00:00,0.1246337118984562,-0.0813330689689426,0.3306004927658552,12.217,57.1
31246,1985-07-22 00:00:00,0.1722378081597284,-0.0334603199807573,0.3779359363002141,12.217,57.1
31247,1985-07-23 00:00:00,0.1107212585664384,-0.0956023025727917,0.3170448197056686,12.217,57.1
31248,1985-07-24 00:00:00,0.1066261488838279,-0.0999288155621509,0.3131811133298068,12.217,57.1
31249,1985-07-25 00:00:00,0.0166441866588634,-0.1889808015589533,0.2222691748766803,12.217,57.1
31250,1985-07-26 00:00:00,0.0256355391784094,-0.1798844530042977,0.2311555313611165,12.217,57.1
31251,1985-07-27 00:00:00,0.0827460661553629,-0.1228372171441393,0.2883293494548651,12.217,57.1
31252,1985-07-28 00:00:00,0.1077862502060952,-0.0978086136692333,0.3133811140814239,12.217,57.1
31253,1985-07-29 00:00:00,0.1074144111609597,-0.0981399751876047,0.3129687975095241,12.217,57.1
31254,1985-07-30 00:00:00,0.1507815632875745,-0.0549407652491726,0.3565038918243217,12.217,57.1
31255,1985-07-31 00:00:00,0.1497646567966391,-0.0562448202777915,0.3557741338710698,12.217,57.1
31256,1985-08-01 00:00:00,0.1998165040459339,-0.0059249805265436,0.4055579886184116,12.217,57.1
31257,1985-08-02 00:00:00,0.2092241012344224,0.0034896515779267,0.4149585508909181,12.217,57.1
31258,1985-08-03 00:00:00,0.2019544973049679,-0.0038138262117313,0.4077228208216671,12.217,57.1
31259,1985-08-04 00:00:00,0.2890048946037075,0.0830933802193015,0.4949164089881134,12.217,57.1
31260,1985-08-05 00:00:00,0.2451520478835645,0.0394335147366073,0.4508705810305217,12.217,57.1
31261,1985-08-06 00:00:00,0.4202970718207127,0.2119626607042481,0.6286314829371773,12.217,57.1
31262,1985-08-07 00:00:00,0.216290466504881,0.0054475893013317,0.4271333437084303,12.217,57.1
31263,1985-08-08 00:00:00,0.1756025313950063,-0.0311439239903958,0.3823489867804085,12.217,57.1
31264,1985-08-09 00:00:00,0.1139795138142682,-0.0916182599999256,0.3195772876284621,12.217,57.1
31265,1985-08-10 00:00:00,0.0787192689268262,-0.1269355793349096,0.284374117188562,12.217,57.1
31266,1985-08-11 00:00:00,0.1213393324139846,-0.0846998666247655,0.3273785314527348,12.217,57.1
31267,1985-08-12 00:00:00,0.1821952869923168,-0.0250276514656308,0.3894182254502645,12.217,57.1
31268,1985-08-13 00:00:00,0.0907103955237087,-0.1158316251319616,0.2972524161793792,12.217,57.1
31269,1985-08-14 00:00:00,0.0495699840289957,-0.1562459202467876,0.2553858883047792,12.217,57.1
31270,1985-08-15 00:00:00,0.1070018484414179,-0.0987374084173372,0.3127411053001732,12.217,57.1
31271,1985-08-16 00:00:00,0.0185250745630344,-0.1873395096142658,0.2243896587403346,12.217,57.1
31272,1985-08-17 00:00:00,0.0422401149046908,-0.1632264587659813,0.247706688575363,12.217,57.1
31273,1985-08-18 00:00:00,0.0179459638803465,-0.1875319326815087,0.2234238604422018,12.217,57.1
31274,1985-08-19 00:00:00,0.0269483656411631,-0.1784499569994985,0.2323466882818248,12.217,57.1
31275,1985-08-20 00:00:00,0.0981342392547002,-0.1073863049575176,0.3036547834669181,12.217,57.1
31276,1985-08-21 00:00:00,0.1128829969959644,-0.0927532159164852,0.318519209908414,12.217,57.1
31277,1985-08-22 00:00:00,0.2812246563165548,0.0751129468211124,0.4873363658119971,12.217,57.1
31278,1985-08-23 00:00:00,0.1844877122977936,-0.021441536107172,0.3904169607027592,12.217,57.1
31279,1985-08-24 00:00:00,0.1664327907121787,-0.0395016007619335,0.3723671821862909,12.217,57.1
31280,1985-08-25 00:00:00,0.2439672203790505,0.0380909469466431,0.4498434938114579,12.217,57.1
31281,1985-08-26 00:00:00,0.203733893183107,-0.0020578518896085,0.4095256382558226,12.217,57.1
31282,1985-08-27 00:00:00,0.1333811099163513,-0.0726506963557859,0.3394129161884886,12.217,57.1
31283,1985-08-28 00:00:00,0.0913306165603644,-0.1144679540204183,0.2971291871411473,12.217,57.1
31284,1985-08-29 00:00:00,0.0813782541615476,-0.1251761842635326,0.2879326925866279,12.217,57.1
31285,1985-08-30 00:00:00,0.0056140330368042,-0.200123000485745,0.2113510665593536,12.217,57.1
31286,1985-08-31 00:00:00,0.0689286450682663,-0.1366161197257593,0.2744734098622921,12.217,57.1
31287,1985-09-01 00:00:00,0.1118999400329029,-0.0939266172958506,0.3177264973616564,12.217,57.1
31288,1985-09-02 00:00:00,0.1955707692608959,-0.0101050404955937,0.4012465790173857,12.217,57.1
31289,1985-09-03 00:00:00,0.1503287641013242,-0.055793042046415,0.3564505702490635,12.217,57.1
31290,1985-09-04 00:00:00,0.198940892962569,-0.0071500264474654,0.4050318123726035,12.217,57.1
31291,1985-09-05 00:00:00,0.2252566388001355,0.0191693718099358,0.4313439057903352,12.217,57.1
31292,1985-09-06 00:00:00,0.2479801918854075,0.0390564194679637,0.4569039643028514,12.217,57.1
31293,1985-09-07 00:00:00,0.5667791862308531,0.350140691572504,0.7834176808892022,12.217,57.1
31294,1985-09-08 00:00:00,0.246928220595774,0.0350336427915679,0.4588227983999801,12.217,57.1
31295,1985-09-09 00:00:00,0.1067175162447565,-0.1000945051799058,0.313529537669419,12.217,57.1
31296,1985-09-10 00:00:00,0.0712946179509972,-0.1350282841516365,0.2776175200536309,12.217,57.1
31297,1985-09-11 00:00:00,0.0902378179366371,-0.1155329924360064,0.2960086283092807,12.217,57.1
31298,1985-09-12 00:00:00,0.0406466625125009,-0.1652017685491056,0.2464950935741076,12.217,57.1
31299,1985-09-13 00:00:00,0.039193230641701,-0.1663835844260239,0.244770045709426,12.217,57.1
31300,1985-09-14 00:00:00,0.0729528838861662,-0.1328959811397632,0.2788017489120956,12.217,57.1
31301,1985-09-15 00:00:00,0.2431157036607815,0.0367789127217138,0.4494524945998492,12.217,57.1
31302,1985-09-16 00:00:00,0.3772223458533404,0.1708804402035083,0.5835642515031725,12.217,57.1
31303,1985-09-17 00:00:00,0.2646130280032447,0.0587279187290264,0.4704981372774629,12.217,57.1
31304,1985-09-18 00:00:00,0.1436425090117812,-0.0623287312569211,0.3496137492804835,12.217,57.1
31305,1985-09-19 00:00:00,0.0825563915100836,-0.1232197676867934,0.2883325507069608,12.217,57.1
31306,1985-09-20 00:00:00,0.2798930555051748,0.073017880427491,0.4867682305828586,12.217,57.1
31307,1985-09-21 00:00:00,0.2669982250417119,0.0597709766143902,0.4742254734690336,12.217,57.1
31308,1985-09-22 00:00:00,0.1363583055767415,-0.0702364492822171,0.3429530604357003,12.217,57.1
31309,1985-09-23 00:00:00,0.0895856031742034,-0.116669254737859,0.2958404610862659,12.217,57.1
31310,1985-09-24 00:00:00,0.0171383416261695,-0.1883963767812397,0.2226730600335788,12.217,57.1
31311,1985-09-25 00:00:00,0.0291740028642722,-0.1763420243417081,0.2346900300702526,12.217,57.1
31312,1985-09-26 00:00:00,-0.0394331816554716,-0.2449062121172713,0.1660398488063279,12.217,57.1
31313,1985-09-27 00:00:00,0.0238724564904314,-0.1816553873086838,0.2294003002895468,12.217,57.1
31314,1985-09-28 00:00:00,0.0845698259038978,-0.121146522910569,0.2902861747183647,12.217,57.1
31315,1985-09-29 00:00:00,-0.0178424695707842,-0.2235393688089734,0.1878544296674049,12.217,57.1
31316,1985-09-30 00:00:00,-0.0078488531273409,-0.2133975238046482,0.1976998175499662,12.217,57.1
31317,1985-10-01 00:00:00,0.1370947545991423,-0.0686111057071314,0.3428006149054162,12.217,57.1
31318,1985-10-02 00:00:00,0.1969852765870205,-0.0091575058559453,0.4031280590299864,12.217,57.1
31319,1985-10-03 00:00:00,0.1356042996848493,-0.0700298045192301,0.3412384038889289,12.217,57.1
31320,1985-10-04 00:00:00,0.1755583750143988,-0.0304484208036086,0.3815651708324064,12.217,57.1
31321,1985-10-05 00:00:00,0.2070322451090085,0.0008716320707391,0.4131928581472779,12.217,57.1
31322,1985-10-06 00:00:00,0.1173653307476731,-0.0890045971316209,0.3237352586269671,12.217,57.1
31323,1985-10-07 00:00:00,0.0999962895770868,-0.1059402548629798,0.3059328340171534,12.217,57.1
31324,1985-10-08 00:00:00,0.0784756631560489,-0.1281551818992913,0.2851065082113891,12.217,57.1
31325,1985-10-09 00:00:00,0.1478378986987532,-0.0583561795135257,0.3540319769110323,12.217,57.1
31326,1985-10-10 00:00:00,0.2568894954508356,0.0505245125243076,0.4632544783773635,12.217,57.1
31327,1985-10-11 00:00:00,0.2309153720334878,0.0244880430179418,0.4373427010490338,12.217,57.1
31328,1985-10-12 00:00:00,0.6332272968356498,0.4222588321562217,0.8441957615150779,12.217,57.1
31329,1985-10-13 00:00:00,0.1108956025832642,-0.1014140383907871,0.3232052435573157,12.217,57.1
31330,1985-10-14 00:00:00,-0.0322915378064838,-0.2387125255299985,0.1741294499170309,12.217,57.1
31331,1985-10-15 00:00:00,-0.0136115396695465,-0.2196300831825647,0.1924070038434716,12.217,57.1
31332,1985-10-16 00:00:00,-0.0517669248865094,-0.2573275309513891,0.1537936811783701,12.217,57.1
31333,1985-10-17 00:00:00,-0.0424553453220681,-0.248038946913665,0.1631282562695287,12.217,57.1
31334,1985-10-18 00:00:00,0.0219558232337755,-0.1838217261229338,0.227733372590485,12.217,57.1
31335,1985-10-19 00:00:00,0.0715281307929488,-0.1341994538303718,0.2772557154162695,12.217,57.1
31336,1985-10-20 00:00:00,-0.0034512707289391,-0.2090553785606356,0.2021528371027573,12.217,57.1
31337,1985-10-21 00:00:00,0.0612350361075296,-0.1443395668088506,0.26680963902391,12.217,57.1
31338,1985-10-22 00:00:00,-0.0331628028714697,-0.2388023080314529,0.1724767022885134,12.217,57.1
31339,1985-10-23 00:00:00,-0.0828683401591922,-0.28860341130645,0.1228667309880655,12.217,57.1
31340,1985-10-24 00:00:00,-0.1033486248224576,-0.3089471922881263,0.1022499426432109,12.217,57.1
31341,1985-10-25 00:00:00,-0.0251470207178681,-0.230667015676667,0.1803729742409308,12.217,57.1
31342,1985-10-26 00:00:00,-0.1057210835318183,-0.3114568504533448,0.1000146833897082,12.217,57.1
31343,1985-10-27 00:00:00,-0.0562969434596978,-0.2623101488888568,0.149716261969461,12.217,57.1
31344,1985-10-28 00:00:00,0.014206335985952,-0.1913872539126281,0.2197999258845322,12.217,57.1
31345,1985-10-29 00:00:00,-0.0135557461894678,-0.2192384958753584,0.1921270034964226,12.217,57.1
31346,1985-10-30 00:00:00,0.0623410712898764,-0.1432769078438618,0.2679590504236148,12.217,57.1
31347,1985-10-31 00:00:00,0.179014599718375,-0.0268926467070853,0.3849218461438354,12.217,57.1
31348,1985-11-01 00:00:00,0.0584897530921485,-0.1472060724751706,0.2641855786594678,12.217,57.1
31349,1985-11-02 00:00:00,0.2622963994173676,0.0561757391649074,0.4684170596698279,12.217,57.1
31350,1985-11-03 00:00:00,0.3649633491661355,0.1577907889708829,0.5721359093613881,12.217,57.1
31351,1985-11-04 00:00:00,0.2312089947294324,0.0249489252131104,0.4374690642457543,12.217,57.1
31352,1985-11-05 00:00:00,0.2392680326996029,0.0329707686709593,0.4455652967282464,12.217,57.1
31353,1985-11-06 00:00:00,0.618157240180625,0.4082958596860107,0.8280186206752393,12.217,57.1
31354,1985-11-07 00:00:00,1.0053064694961875,0.7891544409724409,1.221458498019934,12.217,57.1
31355,1985-11-08 00:00:00,0.3344764357954214,0.1259685734591279,0.542984298131715,12.217,57.1
31356,1985-11-09 00:00:00,0.1680715937260822,-0.038404307459041,0.3745474949112055,12.217,57.1
31357,1985-11-10 00:00:00,0.4490600079288007,0.2397464488114778,0.6583735670461235,12.217,57.1
31358,1985-11-11 00:00:00,0.4650322815280738,0.2556297427099209,0.6744348203462268,12.217,57.1
31359,1985-11-12 00:00:00,0.3876009714428712,0.1800718122728248,0.5951301306129176,12.217,57.1
31360,1985-11-13 00:00:00,0.0483482942054556,-0.1582707292182869,0.2549673176291982,12.217,57.1
31361,1985-11-14 00:00:00,-0.0669070678240972,-0.2724892341619275,0.1386750985137331,12.217,57.1
31362,1985-11-15 00:00:00,-0.09801588574198,-0.3035443943320735,0.1075126228481134,12.217,57.1
31363,1985-11-16 00:00:00,-0.1135628604411699,-0.3191420879291061,0.0920163670467661,12.217,57.1
31364,1985-11-17 00:00:00,-0.0217883431670347,-0.2274863905908319,0.1839097042567625,12.217,57.1
31365,1985-11-18 00:00:00,-0.1820131352096157,-0.3879027804855467,0.0238765100663153,12.217,57.1
31366,1985-11-19 00:00:00,-0.2836026954802215,-0.4897617269448465,-0.0774436640155965,12.217,57.1
31367,1985-11-20 00:00:00,-0.1529068730206551,-0.3591866395982643,0.0533728935569541,12.217,57.1
31368,1985-11-21 00:00:00,-0.147411995706686,-0.3532419809035139,0.0584179894901418,12.217,57.1
31369,1985-11-22 00:00:00,-0.0823330088696629,-0.2886398194407292,0.1239738017014034,12.217,57.1
31370,1985-11-23 00:00:00,-0.1088255739485827,-0.314858592108018,0.0972074442108525,12.217,57.1
31371,1985-11-24 00:00:00,-0.077150557898722,-0.2829347840033093,0.1286336682058653,12.217,57.1
31372,1985-11-25 00:00:00,-0.0443251045691997,-0.2499229388116862,0.1612727296732868,12.217,57.1
31373,1985-11-26 00:00:00,0.0272079922847673,-0.1785683824336193,0.2329843670031539,12.217,57.1
31374,1985-11-27 00:00:00,0.0887207993689759,-0.1174717064087867,0.2949133051467385,12.217,57.1
31375,1985-11-28 00:00:00,0.121595604832172,-0.0849952662284514,0.3281864758927955,12.217,57.1
31376,1985-11-29 00:00:00,0.057805000320636,-0.1488149762571808,0.264424976898453,12.217,57.1
31377,1985-11-30 00:00:00,0.0018348956723513,-0.2040555203764625,0.2077253117211651,12.217,57.1
31378,1985-12-01 00:00:00,-0.0407767875147287,-0.2464807631487695,0.1649271881193121,12.217,57.1
31379,1985-12-02 00:00:00,0.1260712837727604,-0.0801778245314094,0.3323203920769303,12.217,57.1
31380,1985-12-03 00:00:00,0.0911246465617626,-0.1156629210617838,0.2979122141853091,12.217,57.1
31381,1985-12-04 00:00:00,0.4205712787904718,0.2130804218254977,0.6280621357554459,12.217,57.1
31382,1985-12-05 00:00:00,0.2992458399522652,0.0907693295116109,0.5077223503929196,12.217,57.1
31383,1985-12-06 00:00:00,0.141288043358392,-0.0654397153281201,0.3480158020449041,12.217,57.1
31384,1985-12-07 00:00:00,0.1634801410853627,-0.0457516689356412,0.3727119511063666,12.217,57.1
31385,1985-12-08 00:00:00,0.078776544515214,-0.1280850266152621,0.2856381156456903,12.217,57.1
31386,1985-12-09 00:00:00,-0.0453142169459816,-0.2510686420165425,0.1604402081245791,12.217,57.1
31387,1985-12-10 00:00:00,-0.0126279914878042,-0.2183873349176227,0.1931313519420142,12.217,57.1
31388,1985-12-11 00:00:00,-0.0446030060314835,-0.2509031520163084,0.1616971399533413,12.217,57.1
31389,1985-12-12 00:00:00,-0.0569225540377048,-0.2625882168223171,0.1487431087469073,12.217,57.1
31390,1985-12-13 00:00:00,0.0855755058287134,-0.120520926735672,0.291671938393099,12.217,57.1
31391,1985-12-14 00:00:00,0.4515249282406043,0.242466401887406,0.6605834545938026,12.217,57.1
31392,1985-12-15 00:00:00,0.0931928977260379,-0.1139781465444876,0.3003639419965634,12.217,57.1
31393,1985-12-16 00:00:00,0.1427126133492877,-0.0633475388700118,0.3487727655685871,12.217,57.1
31394,1985-12-17 00:00:00,0.1821738562470631,-0.0256336756502075,0.3899813881443338,12.217,57.1
31395,1985-12-18 00:00:00,-0.0029725678896996,-0.2107118438631835,0.2047667080837842,12.217,57.1
31396,1985-12-19 00:00:00,0.1299028936056784,-0.0761629447105794,0.3359687319219362,12.217,57.1
31397,1985-12-20 00:00:00,0.1488936614986603,-0.0573281221003738,0.3551154450976944,12.217,57.1
31398,1985-12-21 00:00:00,0.2150148744995353,0.0089709726277563,0.4210587763713144,12.217,57.1
31399,1985-12-22 00:00:00,0.5161951988378977,0.3092361640168873,0.723154233658908,12.217,57.1
31400,1985-12-23 00:00:00,0.2826096681181174,0.0762553418757466,0.4889639943604881,12.217,57.1
31401,1985-12-24 00:00:00,0.1801959094408839,-0.0254550995164893,0.3858469183982572,12.217,57.1
31402,1985-12-25 00:00:00,0.2240982689900753,0.0184014041688253,0.4297951338113254,12.217,57.1
31403,1985-12-26 00:00:00,0.1694802852177951,-0.0364347123960362,0.3753952828316265,12.217,57.1
31404,1985-12-27 00:00:00,0.0945595873027433,-0.1121618759612612,0.3012810505667479,12.217,57.1
31405,1985-12-28 00:00:00,0.0761844715346238,-0.1299837140905938,0.2823526571598416,12.217,57.1
31406,1985-12-29 00:00:00,0.1224335284322816,-0.0832129305123243,0.3280799873768876,12.217,57.1
31407,1985-12-30 00:00:00,0.0698105390802556,-0.1360123600748471,0.2756334382353583,12.217,57.1
31408,1985-12-31 00:00:00,0.0974104580929555,-0.1083161683549163,0.3031370845408275,12.217,57.1
31409,1986-01-01 00:00:00,0.1718915628277966,-0.0341699621893063,0.3779530878448996,12.217,57.1
31410,1986-01-02 00:00:00,0.2157695310184799,0.0095043257930498,0.4220347362439101,12.217,57.1
31411,1986-01-03 00:00:00,0.1631398957531452,-0.0427268962576594,0.3690066877639498,12.217,57.1
31412,1986-01-04 00:00:00,0.0052009029443179,-0.2007172023688366,0.2111190082574725,12.217,57.1
31413,1986-01-05 00:00:00,0.0023787167552808,-0.2037299052440254,0.208487338754587,12.217,57.1
31414,1986-01-06 00:00:00,0.069236114980958,-0.1365224316246152,0.2749946615865312,12.217,57.1
31415,1986-01-07 00:00:00,-0.0050212671060736,-0.210855039479952,0.2008125052678046,12.217,57.1
31416,1986-01-08 00:00:00,-0.0619442846386755,-0.2678687221337745,0.1439801528564235,12.217,57.1
31417,1986-01-09 00:00:00,-0.1061813416388795,-0.3118940704282412,0.0995313871504821,12.217,57.1
31418,1986-01-10 00:00:00,-0.122313273884959,-0.3280092059851917,0.0833826582152735,12.217,57.1
31419,1986-01-11 00:00:00,0.289421914860784,0.080021918565566,0.498821911156002,12.217,57.1
31420,1986-01-12 00:00:00,0.300515622164457,0.0914646245646456,0.5095666197642684,12.217,57.1
31421,1986-01-13 00:00:00,0.3748465971618375,0.1687697230248835,0.5809234712987916,12.217,57.1
31422,1986-01-14 00:00:00,0.2982909862643407,0.0914943144502634,0.505087658078418,12.217,57.1
31423,1986-01-15 00:00:00,0.2668324691920532,0.0599046330759655,0.4737603053081408,12.217,57.1
31424,1986-01-16 00:00:00,0.0546299328195463,-0.1518126647653049,0.2610725304043977,12.217,57.1
31425,1986-01-17 00:00:00,0.0135885798234049,-0.1923134195030632,0.2194905791498731,12.217,57.1
31426,1986-01-18 00:00:00,0.0115853977881575,-0.1942456120743329,0.2174164076506479,12.217,57.1
31427,1986-01-19 00:00:00,0.2744031456849006,0.0675654808391,0.4812408105307011,12.217,57.1
31428,1986-01-20 00:00:00,0.2281419286319843,0.0212179262328462,0.4350659310311223,12.217,57.1
31429,1986-01-21 00:00:00,0.1916752114393786,-0.017124468972732,0.4004748918514893,12.217,57.1
31430,1986-01-22 00:00:00,0.4051983641528632,0.1981952463478095,0.6122014819579169,12.217,57.1
31431,1986-01-23 00:00:00,0.3328038965546804,0.1220083355926808,0.54359945751668,12.217,57.1
31432,1986-01-24 00:00:00,0.451255012761066,0.238782297921328,0.6637277276008041,12.217,57.1
31433,1986-01-25 00:00:00,0.0978999477559388,-0.1089665267382057,0.3047664222500835,12.217,57.1
31434,1986-01-26 00:00:00,-0.0657876722958849,-0.2726970680225374,0.1411217234307675,12.217,57.1
31435,1986-01-27 00:00:00,-0.1465788543180763,-0.3533408984381582,0.0601831898020054,12.217,57.1
31436,1986-01-28 00:00:00,0.0716728088178105,-0.1342473126288908,0.2775929302645119,12.217,57.1
31437,1986-01-29 00:00:00,0.2256061868181506,0.0195900889677262,0.4316222846685749,12.217,57.1
31438,1986-01-30 00:00:00,-0.0566832371651161,-0.2639608639315849,0.1505943896013525,12.217,57.1
31439,1986-01-31 00:00:00,-0.1965157612681257,-0.4033795446243046,0.010348022088053,12.217,57.1
31440,1986-02-01 00:00:00,-0.1626080734649591,-0.3696213380910971,0.0444051911611789,12.217,57.1
31441,1986-02-02 00:00:00,-0.1370345310031319,-0.3439593156729961,0.0698902536667323,12.217,57.1
31442,1986-02-03 00:00:00,-0.1969777981645348,-0.40414770134433,0.0101921050152602,12.217,57.1
31443,1986-02-04 00:00:00,-0.1746800001421226,-0.3815748984584169,0.0322148981741717,12.217,57.1
31444,1986-02-05 00:00:00,-0.0604389611001435,-0.2678651357432735,0.1469872135429864,12.217,57.1
31445,1986-02-06 00:00:00,-0.1797151832491237,-0.3882044715952206,0.028774105096973,12.217,57.1
31446,1986-02-07 00:00:00,-0.0949798417462124,-0.301283048434312,0.1113233649418871,12.217,57.1
31447,1986-02-08 00:00:00,-0.1083435112240163,-0.3140937887848554,0.0974067663368227,12.217,57.1
31448,1986-02-09 00:00:00,-0.0848448479319956,-0.2906154240259274,0.1209257281619362,12.217,57.1
31449,1986-02-10 00:00:00,-0.0525432574431554,-0.2583043156940653,0.1532178008077544,12.217,57.1
31450,1986-02-11 00:00:00,-0.106132821491952,-0.3117502468038389,0.0994846038199349,12.217,57.1
31451,1986-02-12 00:00:00,-0.1216802510102764,-0.3272084317063969,0.083847929685844,12.217,57.1
31452,1986-02-13 00:00:00,-0.1162078094544256,-0.321734664346041,0.0893190454371896,12.217,57.1
31453,1986-02-14 00:00:00,-0.1050652965799638,-0.3107541984448544,0.1006236052849267,12.217,57.1
31454,1986-02-15 00:00:00,-0.1274778093770187,-0.3337577405474456,0.0788021217934083,12.217,57.1
31455,1986-02-16 00:00:00,-0.1094023301332286,-0.3153526102000352,0.0965479499335779,12.217,57.1
31456,1986-02-17 00:00:00,-0.0541463173759214,-0.2599934600476536,0.1517008252958107,12.217,57.1
31457,1986-02-18 00:00:00,-0.0238774476856876,-0.2295860147614042,0.1818311193900289,12.217,57.1
31458,1986-02-19 00:00:00,-0.1005345867195056,-0.3066066316579193,0.105537458218908,12.217,57.1
31459,1986-02-20 00:00:00,-0.1493015079375289,-0.3554681971001655,0.0568651812251076,12.217,57.1
31460,1986-02-21 00:00:00,-0.0354015427968789,-0.2415646159632389,0.1707615303694809,12.217,57.1
31461,1986-02-22 00:00:00,-0.025989017373663,-0.2315881505530292,0.1796101158057032,12.217,57.1
31462,1986-02-23 00:00:00,-0.0304096080227011,-0.2359821972109016,0.1751629811654994,12.217,57.1
31463,1986-02-24 00:00:00,-0.0205259137454396,-0.2270352998678476,0.1859834723769682,12.217,57.1
31464,1986-02-25 00:00:00,-0.0316192011918534,-0.2386619083014574,0.1754235059177505,12.217,57.1
31465,1986-02-26 00:00:00,-0.1195123241548499,-0.3253075458808255,0.0862828975711255,12.217,57.1
31466,1986-02-27 00:00:00,-0.0195569580140465,-0.2253305063640543,0.1862165903359613,12.217,57.1
31467,1986-02-28 00:00:00,-0.0840303315118503,-0.2900707270918906,0.1220100640681898,12.217,57.1
31468,1986-03-01 00:00:00,-0.0545898053984521,-0.2603240257788726,0.1511444149819683,12.217,57.1
31469,1986-03-02 00:00:00,0.0043233590501029,-0.2014682207822584,0.2101149388824642,12.217,57.1
31470,1986-03-03 00:00:00,0.0656180260227502,-0.1400210327025266,0.2712570847480271,12.217,57.1
31471,1986-03-04 00:00:00,0.1735126965222043,-0.0323556831603389,0.3793810762047476,12.217,57.1
31472,1986-03-05 00:00:00,0.3481116213198979,0.1407976769297123,0.5554255657100835,12.217,57.1
31473,1986-03-06 00:00:00,0.437866976152866,0.2315099711074013,0.6442239811983308,12.217,57.1
31474,1986-03-07 00:00:00,0.2097777756826143,0.0036747719857614,0.4158807793794673,12.217,57.1
31475,1986-03-08 00:00:00,0.1003932554391401,-0.1053290420610899,0.3061155529393702,12.217,57.1
31476,1986-03-09 00:00:00,0.0109928448462786,-0.1945589406466427,0.2165446303392,12.217,57.1
31477,1986-03-10 00:00:00,0.0320571081248473,-0.173635529501188,0.2377497457508828,12.217,57.1
31478,1986-03-11 00:00:00,-0.0533016280870535,-0.2589350063841716,0.1523317502100644,12.217,57.1
31479,1986-03-12 00:00:00,-0.0365384433687862,-0.2420480467347069,0.1689711599971343,12.217,57.1
31480,1986-03-13 00:00:00,-0.035748629370903,-0.2411856902323755,0.1696884314905693,12.217,57.1
31481,1986-03-14 00:00:00,-0.0271070719229833,-0.2325456264944774,0.1783314826485107,12.217,57.1
31482,1986-03-15 00:00:00,-0.0704037490529662,-0.2759504835049087,0.1351429853989763,12.217,57.1
31483,1986-03-16 00:00:00,-0.0761525197212134,-0.2817609259581857,0.1294558865157589,12.217,57.1
31484,1986-03-17 00:00:00,0.0075959330539411,-0.1979744724112969,0.2131663385191791,12.217,57.1
31485,1986-03-18 00:00:00,0.0563172002306731,-0.149288850457417,0.2619232509187634,12.217,57.1
31486,1986-03-19 00:00:00,0.0293534603608508,-0.1761727573290724,0.2348796780507742,12.217,57.1
31487,1986-03-20 00:00:00,0.0365817913467283,-0.1689498497186868,0.2421134324121434,12.217,57.1
31488,1986-03-21 00:00:00,0.1671484042681965,-0.0393118813531972,0.3736086898895904,12.217,57.1
31489,1986-03-22 00:00:00,0.0989951568052596,-0.1075355435713724,0.3055258571818917,12.217,57.1
31490,1986-03-23 00:00:00,0.0694834382125831,-0.1491281482348141,0.2880950246599804,12.217,57.1
31491,1986-03-24 00:00:00,0.6249479137531577,0.4044441100700087,0.8454517174363068,12.217,57.1
31492,1986-03-25 00:00:00,0.3008251938959728,0.0927569392009477,0.5088934485909979,12.217,57.1
31493,1986-03-26 00:00:00,0.4137142622154214,0.2046973259184304,0.6227311985124124,12.217,57.1
31494,1986-03-27 00:00:00,0.236423495732422,0.0303117507754232,0.4425352406894207,12.217,57.1
31495,1986-03-28 00:00:00,0.3803993560971242,0.1732707604627427,0.5875279517315057,12.217,57.1
31496,1986-03-29 00:00:00,0.3546396685675224,0.1463211951977631,0.5629581419372817,12.217,57.1
31497,1986-03-30 00:00:00,0.2646242411894062,0.0584840901559178,0.4707643922228945,12.217,57.1
31498,1986-03-31 00:00:00,0.1846075565205469,-0.0209882754081599,0.3902033884492537,12.217,57.1
31499,1986-04-01 00:00:00,0.1525190464434564,-0.0532680734893384,0.3583061663762514,12.217,57.1
31500,1986-04-02 00:00:00,0.1650203448391952,-0.0407163323333306,0.3707570220117211,12.217,57.1
31501,1986-04-03 00:00:00,0.1703460577402938,-0.0353796639323641,0.3760717794129518,12.217,57.1
31502,1986-04-04 00:00:00,0.0349453421869754,-0.1706312873633818,0.2405219717373327,12.217,57.1
31503,1986-04-05 00:00:00,-0.0204451914366255,-0.2260235613731821,0.1851331784999309,12.217,57.1
31504,1986-04-06 00:00:00,-0.0672487959483023,-0.2728587277216293,0.1383611358250246,12.217,57.1
31505,1986-04-07 00:00:00,-0.146687641318003,-0.352409671511832,0.0590343888758259,12.217,57.1
31506,1986-04-08 00:00:00,-0.1891260253824387,-0.3950326542014026,0.0167806034365252,12.217,57.1
31507,1986-04-09 00:00:00,-0.118018805213214,-0.3238454306745783,0.0878078202481502,12.217,57.1
31508,1986-04-10 00:00:00,-0.0197506087873289,-0.2260842143234245,0.1865829967487666,12.217,57.1
31509,1986-04-11 00:00:00,0.001734975608549,-0.2057211167195532,0.2091910679366513,12.217,57.1
31510,1986-04-12 00:00:00,-0.0648027093015069,-0.2709756544969932,0.1413702358939793,12.217,57.1
31511,1986-04-13 00:00:00,0.1129175295462961,-0.0926234892442479,0.3184585483368402,12.217,57.1
31512,1986-04-14 00:00:00,0.1081513449970019,-0.0977088638182383,0.3140115538122421,12.217,57.1
31513,1986-04-15 00:00:00,0.1084724671525338,-0.0973407394355442,0.314285673740612,12.217,57.1
31514,1986-04-16 00:00:00,0.0379643499561427,-0.1684679833552128,0.2443966832674983,12.217,57.1
31515,1986-04-17 00:00:00,0.1848916526433299,-0.0222339890225479,0.3920172943092078,12.217,57.1
31516,1986-04-18 00:00:00,0.0003469050104684,-0.2056171655778532,0.2063109755987902,12.217,57.1
31517,1986-04-19 00:00:00,0.0393999715058527,-0.1661228370236661,0.2449227800353716,12.217,57.1
31518,1986-04-20 00:00:00,0.0289654975481963,-0.1788848842974033,0.2368158793937961,12.217,57.1
31519,1986-04-21 00:00:00,0.0714859061349657,-0.137737615035915,0.2807094273058464,12.217,57.1
31520,1986-04-22 00:00:00,0.1347042173074358,-0.0714457194027905,0.3408541540176621,12.217,57.1
31521,1986-04-23 00:00:00,0.1878709127313604,-0.0185932897403602,0.3943351152030812,12.217,57.1
31522,1986-04-24 00:00:00,0.0706957248993927,-0.1352205117156101,0.2766119615143956,12.217,57.1
31523,1986-04-25 00:00:00,0.0248883053688906,-0.1807522713288676,0.2305288820666488,12.217,57.1
31524,1986-04-26 00:00:00,-0.0754591610226016,-0.2811870044058357,0.1302686823606323,12.217,57.1
31525,1986-04-27 00:00:00,0.0229932499265637,-0.182673900834412,0.2286604006875394,12.217,57.1
31526,1986-04-28 00:00:00,0.0689341386436878,-0.13700343992147,0.2748717172088458,12.217,57.1
31527,1986-04-29 00:00:00,-0.0201802897665728,-0.2258778007812933,0.1855172212481476,12.217,57.1
31528,1986-04-30 00:00:00,-0.0089760073996323,-0.214414455231981,0.1964624404327164,12.217,57.1
31529,1986-05-01 00:00:00,0.0222270286368581,-0.1834135605093429,0.2278676177830593,12.217,57.1
31530,1986-05-02 00:00:00,0.0128018058628927,-0.1927091316277647,0.2183127433535502,12.217,57.1
31531,1986-05-03 00:00:00,0.0360987090559961,-0.1694157265129584,0.2416131446249506,12.217,57.1
31532,1986-05-04 00:00:00,0.0611744737139537,-0.1443370912312253,0.2666860386591329,12.217,57.1
31533,1986-05-05 00:00:00,0.0674170658148067,-0.1381782283045008,0.2730123599341144,12.217,57.1
31534,1986-05-06 00:00:00,0.0414709278989787,-0.1641425875599918,0.2470844433579492,12.217,57.1
31535,1986-05-07 00:00:00,-0.0022623984337763,-0.2081529694580248,0.2036281725904721,12.217,57.1
31536,1986-05-08 00:00:00,0.0678064215997854,-0.1382344707919922,0.2738473139915631,12.217,57.1
31537,1986-05-09 00:00:00,0.0591428075965834,-0.1465998927016533,0.2648855078948202,12.217,57.1
31538,1986-05-10 00:00:00,0.0902674130530122,-0.1152657358736276,0.2958005619796521,12.217,57.1
31539,1986-05-11 00:00:00,0.166358252183586,-0.039275659028715,0.3719921633958871,12.217,57.1
31540,1986-05-12 00:00:00,0.2029976486293824,-0.0028632590885229,0.4088585563472877,12.217,57.1
31541,1986-05-13 00:00:00,0.1542122130286957,-0.0516386126539535,0.360063038711345,12.217,57.1
31542,1986-05-14 00:00:00,0.1482878317510538,-0.0578087317500321,0.3543843952521398,12.217,57.1
31543,1986-05-15 00:00:00,0.1303321445334978,-0.0756134856714439,0.3362777747384395,12.217,57.1
31544,1986-05-16 00:00:00,0.2468503776540605,0.0405762731547672,0.4531244821533537,12.217,57.1
31545,1986-05-17 00:00:00,0.3792338087612142,0.1709329233629427,0.5875346941594858,12.217,57.1
31546,1986-05-18 00:00:00,0.0225119885187496,-0.1835935043814289,0.2286174814189281,12.217,57.1
31547,1986-05-19 00:00:00,0.1023680409603768,-0.1034480133260359,0.3081840952467896,12.217,57.1
31548,1986-05-20 00:00:00,0.0927945226923828,-0.1128541817326502,0.2984432271174159,12.217,57.1
31549,1986-05-21 00:00:00,0.0390792976030898,-0.1666648372309548,0.2448234324371345,12.217,57.1
31550,1986-05-22 00:00:00,0.1392426146700749,-0.0670540086144086,0.3455392379545585,12.217,57.1
31551,1986-05-23 00:00:00,0.1559296707227858,-0.0507288565731386,0.3625881980187103,12.217,57.1
31552,1986-05-24 00:00:00,0.0292105399538513,-0.177228853622672,0.2356499335303747,12.217,57.1
31553,1986-05-25 00:00:00,0.0580373307459317,-0.1478347186971096,0.2639093801889731,12.217,57.1
31554,1986-05-26 00:00:00,0.2385911548880847,0.0320583428171303,0.4451239669590391,12.217,57.1
31555,1986-05-27 00:00:00,0.2420997947978213,0.0334420768659428,0.4507575127296998,12.217,57.1
31556,1986-05-28 00:00:00,0.1584802619394379,-0.0491906069533452,0.366151130832221,12.217,57.1
31557,1986-05-29 00:00:00,0.1608134526693948,-0.046044170092006,0.3676710754307957,12.217,57.1
31558,1986-05-30 00:00:00,0.0169492008844134,-0.1889340119125319,0.2228324136813587,12.217,57.1
31559,1986-05-31 00:00:00,0.0090294588270316,-0.1964654048676959,0.2145243225217591,12.217,57.1
31560,1986-06-01 00:00:00,0.0298813624188494,-0.1757350938294981,0.2354978186671971,12.217,57.1
31561,1986-06-02 00:00:00,0.0324075472122006,-0.1731301207427774,0.2379452151671786,12.217,57.1
31562,1986-06-03 00:00:00,0.0181529780783465,-0.187364887532011,0.2236708436887041,12.217,57.1
31563,1986-06-04 00:00:00,0.1732502320767125,-0.0325775448767267,0.3790780090301517,12.217,57.1
31564,1986-06-05 00:00:00,0.2424028654395039,0.0356199565307758,0.4491857743482319,12.217,57.1
31565,1986-06-06 00:00:00,0.0423936591254724,-0.1656782967586031,0.2504656150095481,12.217,57.1
31566,1986-06-07 00:00:00,0.0061912369536783,-0.2025337189163835,0.2149161928237402,12.217,57.1
31567,1986-06-08 00:00:00,0.083137787864861,-0.1229677228821439,0.289243298611866,12.217,57.1
31568,1986-06-09 00:00:00,0.1872906558578468,-0.019187872336037,0.3937691840517306,12.217,57.1
31569,1986-06-10 00:00:00,0.1057046393305027,-0.1010077804746509,0.3124170591356563,12.217,57.1
31570,1986-06-11 00:00:00,0.1570858314258479,-0.0493067658356665,0.3634784286873624,12.217,57.1
31571,1986-06-12 00:00:00,0.0230666776796422,-0.1832380119263802,0.2293713672856647,12.217,57.1
31572,1986-06-13 00:00:00,-0.0211892855791498,-0.2270287517463125,0.1846501805880127,12.217,57.1
31573,1986-06-14 00:00:00,-0.0251975218464127,-0.2308008499271097,0.1804058062342841,12.217,57.1
31574,1986-06-15 00:00:00,-0.0176153949361462,-0.223108637964524,0.1878778480922315,12.217,57.1
31575,1986-06-16 00:00:00,-0.0048367384262552,-0.2103342987782709,0.2006608219257604,12.217,57.1
31576,1986-06-17 00:00:00,0.0084427120071278,-0.197201117534623,0.2140865415488788,12.217,57.1
31577,1986-06-18 00:00:00,0.0519060210656349,-0.1537126289543014,0.2575246710855713,12.217,57.1
31578,1986-06-19 00:00:00,0.0923585498909106,-0.1134658940446622,0.2981829938264836,12.217,57.1
31579,1986-06-20 00:00:00,0.1138760237433352,-0.0918203142554024,0.319572361742073,12.217,57.1
31580,1986-06-21 00:00:00,0.0170369448147879,-0.1892659246224863,0.2233398142520622,12.217,57.1
31581,1986-06-22 00:00:00,0.017157994063917,-0.1891091120314368,0.223425100159271,12.217,57.1
31582,1986-06-23 00:00:00,0.0352678181955967,-0.1704586125134239,0.2409942489046175,12.217,57.1
31583,1986-06-24 00:00:00,0.0283363881696916,-0.1772512024208402,0.2339239787602235,12.217,57.1
31584,1986-06-25 00:00:00,0.023985923238033,-0.1815613570685041,0.2295332035445702,12.217,57.1
31585,1986-06-26 00:00:00,-0.0179602995500443,-0.2234629166757396,0.1875423175756509,12.217,57.1
31586,1986-06-27 00:00:00,-0.0184483400871388,-0.223916655935834,0.1870199757615563,12.217,57.1
31587,1986-06-28 00:00:00,-0.0338885134326483,-0.2394042589900736,0.1716272321247769,12.217,57.1
31588,1986-06-29 00:00:00,0.0158709979253385,-0.1898704048294134,0.2216124006800905,12.217,57.1
31589,1986-06-30 00:00:00,-0.0078898911395763,-0.2135308174364941,0.1977510351573414,12.217,57.1
31590,1986-07-01 00:00:00,0.0130641702605274,-0.1924045760943683,0.2185329166154233,12.217,57.1
31591,1986-07-02 00:00:00,0.0551799634554152,-0.1502268712702801,0.2605867981811106,12.217,57.1
31592,1986-07-03 00:00:00,0.0986506993104111,-0.1068614904916514,0.3041628891124737,12.217,57.1
31593,1986-07-04 00:00:00,0.0674207588040212,-0.138326939490165,0.2731684570982076,12.217,57.1
31594,1986-07-05 00:00:00,0.1658623243417907,-0.0397903789751819,0.3715150276587634,12.217,57.1
31595,1986-07-06 00:00:00,0.1314710434970975,-0.0742701681500452,0.3372122551442403,12.217,57.1
31596,1986-07-07 00:00:00,0.1363849728454334,-0.0692908525052955,0.3420607981961625,12.217,57.1
31597,1986-07-08 00:00:00,0.1776847178240039,-0.028120239853084,0.3834896755010919,12.217,57.1
31598,1986-07-09 00:00:00,0.225792084620363,0.0200258517723475,0.4315583174683786,12.217,57.1
31599,1986-07-10 00:00:00,0.1805168149062607,-0.0252648839184229,0.3862985137309443,12.217,57.1
31600,1986-07-11 00:00:00,0.1072008503015532,-0.098382198993506,0.3127838995966125,12.217,57.1
31601,1986-07-12 00:00:00,0.080978027783219,-0.1247913557788243,0.2867474113452624,12.217,57.1
31602,1986-07-13 00:00:00,0.1865481947351765,-0.0204098179625439,0.393506207432897,12.217,57.1
31603,1986-07-14 00:00:00,0.1063399091910145,-0.1002665246092496,0.3129463429912787,12.217,57.1
31604,1986-07-15 00:00:00,0.07269896538422,-0.1329231071146843,0.2783210378831243,12.217,57.1
31605,1986-07-16 00:00:00,0.0786888272111715,-0.1267848756477637,0.2841625300701068,12.217,57.1
31606,1986-07-17 00:00:00,0.0508876327728175,-0.154625127372894,0.2564003929185291,12.217,57.1
31607,1986-07-18 00:00:00,0.05744709963371,-0.1484838001999492,0.2633779994673693,12.217,57.1
31608,1986-07-19 00:00:00,0.1022659055794797,-0.1034823434547086,0.3080141546136682,12.217,57.1
31609,1986-07-20 00:00:00,0.0702678714039725,-0.1353564323884146,0.2758921751963597,12.217,57.1
31610,1986-07-21 00:00:00,0.1080684356841656,-0.0975000344177282,0.3136369057860595,12.217,57.1
31611,1986-07-22 00:00:00,0.0900257945535244,-0.115422501374594,0.2954740904816428,12.217,57.1
31612,1986-07-23 00:00:00,0.1099104064856015,-0.0954791823969697,0.3152999953681729,12.217,57.1
31613,1986-07-24 00:00:00,0.0668194259781276,-0.1386693544559628,0.2723082064122181,12.217,57.1
31614,1986-07-25 00:00:00,0.1766194404547991,-0.029609416284562,0.3828482971941603,12.217,57.1
31615,1986-07-26 00:00:00,0.2049874373208451,-0.0008773477603016,0.4108522224019919,12.217,57.1
31616,1986-07-27 00:00:00,0.0858998867388366,-0.1196902176455412,0.2914899911232146,12.217,57.1
31617,1986-07-28 00:00:00,0.0766459169481125,-0.1289368842835988,0.2822287181798238,12.217,57.1
31618,1986-07-29 00:00:00,0.0555679590155423,-0.1499789198866875,0.2611148379177721,12.217,57.1
31619,1986-07-30 00:00:00,0.1705598704064139,-0.0353516762088005,0.3764714170216283,12.217,57.1
31620,1986-07-31 00:00:00,0.1551574157598992,-0.0507330183708004,0.361047849890599,12.217,57.1
31621,1986-08-01 00:00:00,0.199565560658282,-0.0064801057905327,0.4056112271070969,12.217,57.1
31622,1986-08-02 00:00:00,0.1245609061166754,-0.0814010663398927,0.3305228785732437,12.217,57.1
31623,1986-08-03 00:00:00,0.1124526737108895,-0.0936080243293187,0.3185133717510978,12.217,57.1
31624,1986-08-04 00:00:00,0.0475883959632265,-0.1584913462534351,0.2536681381798882,12.217,57.1
31625,1986-08-05 00:00:00,0.1165229990957081,-0.0896801932246372,0.3227261914160534,12.217,57.1
31626,1986-08-06 00:00:00,0.1862490899372904,-0.0195390066090386,0.3920371864836195,12.217,57.1
31627,1986-08-07 00:00:00,0.0620614511526449,-0.1436300125272555,0.2677529148325455,12.217,57.1
31628,1986-08-08 00:00:00,0.1495180810338,-0.0564054328935388,0.3554415949611388,12.217,57.1
31629,1986-08-09 00:00:00,0.0891736420797272,-0.1166830345119641,0.2950303186714186,12.217,57.1
31630,1986-08-10 00:00:00,0.1509014458182347,-0.0547281664226719,0.3565310580591415,12.217,57.1
31631,1986-08-11 00:00:00,0.0548164868286421,-0.1508786364659006,0.2605116101231849,12.217,57.1
31632,1986-08-12 00:00:00,0.0040784560176677,-0.2014471416243299,0.2096040536596654,12.217,57.1
31633,1986-08-13 00:00:00,-0.0075432709470796,-0.2129508920796489,0.1978643501854896,12.217,57.1
31634,1986-08-14 00:00:00,-0.0007134642710707,-0.2061402008851943,0.2047132723430527,12.217,57.1
31635,1986-08-15 00:00:00,0.0514903378421319,-0.1539786066751144,0.2569592823593782,12.217,57.1
31636,1986-08-16 00:00:00,0.1510419661834448,-0.0550812386687807,0.3571651710356704,12.217,57.1
31637,1986-08-17 00:00:00,0.1998383875875291,-0.0061172501094963,0.4057940252845545,12.217,57.1
31638,1986-08-18 00:00:00,0.2484980732482243,0.0425080662821298,0.4544880802143188,12.217,57.1
31639,1986-08-19 00:00:00,0.0972707025278842,-0.1084900664760585,0.3030314715318269,12.217,57.1
31640,1986-08-20 00:00:00,0.092405568754991,-0.1131107955097288,0.297921933019711,12.217,57.1
31641,1986-08-21 00:00:00,0.1109650981764469,-0.0946252585201024,0.3165554548729963,12.217,57.1
31642,1986-08-22 00:00:00,0.2161971220899352,0.0104854571338436,0.4219087870460268,12.217,57.1
31643,1986-08-23 00:00:00,0.1832806193120254,-0.0227030925129675,0.3892643311370184,12.217,57.1
31644,1986-08-24 00:00:00,0.0680574371214718,-0.1380615146807473,0.274176388923691,12.217,57.1
31645,1986-08-25 00:00:00,0.0265025413571932,-0.1791406961983562,0.2321457789127428,12.217,57.1
31646,1986-08-26 00:00:00,0.0231215188073585,-0.1824143085709508,0.228657346185668,12.217,57.1
31647,1986-08-27 00:00:00,0.1341317840145113,-0.0724604412767528,0.3407240093057754,12.217,57.1
31648,1986-08-28 00:00:00,0.3593869960133104,0.149036473220963,0.5697375188056578,12.217,57.1
31649,1986-08-29 00:00:00,0.1465507232718713,-0.0623640450771477,0.3554654916208903,12.217,57.1
31650,1986-08-30 00:00:00,0.0256965156998896,-0.1804640999061043,0.2318571313058835,12.217,57.1
31651,1986-08-31 00:00:00,0.0663927587420135,-0.1394594174706511,0.2722449349546781,12.217,57.1
31652,1986-09-01 00:00:00,0.0729814735880138,-0.1329672874742722,0.2789302346503,12.217,57.1
31653,1986-09-02 00:00:00,0.2811640632546114,0.0753657902666177,0.4869623362426052,12.217,57.1
31654,1986-09-03 00:00:00,0.3679830866112186,0.1619175147787398,0.5740486584436973,12.217,57.1
31655,1986-09-04 00:00:00,0.0915857293619752,-0.1146980581062997,0.2978695168302502,12.217,57.1
31656,1986-09-05 00:00:00,0.0764267809654,-0.1294492286023994,0.2823027905331995,12.217,57.1
31657,1986-09-06 00:00:00,0.2565239790679553,0.0505502293579413,0.4624977287779693,12.217,57.1
31658,1986-09-07 00:00:00,0.1951586400134726,-0.0106057401107037,0.400923020137649,12.217,57.1
31659,1986-09-08 00:00:00,0.2285307187792349,0.0226432097249475,0.4344182278335223,12.217,57.1
31660,1986-09-09 00:00:00,0.1019455218064787,-0.10378649612618,0.3076775397391375,12.217,57.1
31661,1986-09-10 00:00:00,0.1478438154156889,-0.0581431902913396,0.3538308211227176,12.217,57.1
31662,1986-09-11 00:00:00,0.2165304238240924,0.0095345252814005,0.4235263223667843,12.217,57.1
31663,1986-09-12 00:00:00,0.1587180413739449,-0.0470282252016507,0.3644643079495405,12.217,57.1
31664,1986-09-13 00:00:00,0.0705519836216971,-0.1349505500488881,0.2760545172922825,12.217,57.1
31665,1986-09-14 00:00:00,0.0759336033621183,-0.1295642051705369,0.2814314118947736,12.217,57.1
31666,1986-09-15 00:00:00,0.133008548373743,-0.0741341329347745,0.3401512296822606,12.217,57.1
31667,1986-09-16 00:00:00,0.1564598336548535,-0.0497583822891588,0.3626780495988659,12.217,57.1
31668,1986-09-17 00:00:00,0.0758386508532438,-0.1297151848685243,0.281392486575012,12.217,57.1
31669,1986-09-18 00:00:00,-0.0035470667309073,-0.209061246987068,0.2019671135252533,12.217,57.1
31670,1986-09-19 00:00:00,-0.0271807518419543,-0.232729433181456,0.1783679294975472,12.217,57.1
31671,1986-09-20 00:00:00,0.3075702453543965,0.1014201351538858,0.5137203555549071,12.217,57.1
31672,1986-09-21 00:00:00,0.2775999483041369,0.0712188660111343,0.4839810305971395,12.217,57.1
31673,1986-09-22 00:00:00,0.4911351248913494,0.2845736701410878,0.697696579641611,12.217,57.1
31674,1986-09-23 00:00:00,0.1245137308572676,-0.0817898784007507,0.3308173401152861,12.217,57.1
31675,1986-09-24 00:00:00,0.0060035433904885,-0.1995494464452989,0.211556533226276,12.217,57.1
31676,1986-09-25 00:00:00,-0.0120017781621814,-0.2176682398729759,0.193664683548613,12.217,57.1
31677,1986-09-26 00:00:00,-0.0236124167366719,-0.2291674507809134,0.1819426173075696,12.217,57.1
31678,1986-09-27 00:00:00,0.0071461431260504,-0.1984206552743498,0.2127129415264508,12.217,57.1
31679,1986-09-28 00:00:00,0.01475232181057,-0.1908019187865983,0.2203065624077384,12.217,57.1
31680,1986-09-29 00:00:00,0.323090300018474,0.1159202709768418,0.5302603290601062,12.217,57.1
31681,1986-09-30 00:00:00,0.0844192708736901,-0.1223583578913266,0.2911968996387069,12.217,57.1
31682,1986-10-01 00:00:00,0.1710494057174298,-0.0350028751501242,0.3771016865849839,12.217,57.1
31683,1986-10-02 00:00:00,0.1635164730298698,-0.0423093843341839,0.3693423303939235,12.217,57.1
31684,1986-10-03 00:00:00,0.3351836764022981,0.1280739202678391,0.5422934325367571,12.217,57.1
31685,1986-10-04 00:00:00,0.2020765701209065,-0.0063339310492585,0.4104870712910716,12.217,57.1
31686,1986-10-05 00:00:00,-0.0517340632600824,-0.2581827361478879,0.1547146096277231,12.217,57.1
31687,1986-10-06 00:00:00,0.0893608810517157,-0.1163753267487424,0.2950970888521738,12.217,57.1
31688,1986-10-07 00:00:00,0.1377650995110714,-0.0681676187702833,0.3436978177924261,12.217,57.1
31689,1986-10-08 00:00:00,0.0733626340461394,-0.1325677179716925,0.2792929860639713,12.217,57.1
31690,1986-10-09 00:00:00,0.0204666944214058,-0.1853563695672999,0.2262897584101116,12.217,57.1
31691,1986-10-10 00:00:00,0.1416755581762763,-0.0637914467384275,0.3471425630909802,12.217,57.1
31692,1986-10-11 00:00:00,0.1819624558255677,-0.0237365963759341,0.3876615080270697,12.217,57.1
31693,1986-10-12 00:00:00,-0.0174774595777316,-0.22315153813796,0.1881966189824968,12.217,57.1
31694,1986-10-13 00:00:00,-0.0053482208471206,-0.2109445128123007,0.2002480711180595,12.217,57.1
31695,1986-10-14 00:00:00,0.0440521562931033,-0.1616993351159534,0.2498036477021601,12.217,57.1
31696,1986-10-15 00:00:00,0.0704002809302189,-0.1351521057119842,0.2759526675724222,12.217,57.1
31697,1986-10-16 00:00:00,-0.0220887962919083,-0.2276677134355073,0.1834901208516905,12.217,57.1
31698,1986-10-17 00:00:00,0.0084432621498304,-0.1973754070023616,0.2142619313020225,12.217,57.1
31699,1986-10-18 00:00:00,-0.0170201634369145,-0.2226768635300558,0.1886365366562266,12.217,57.1
31700,1986-10-19 00:00:00,0.2132723433865898,0.0072406750361941,0.4193040117369854,12.217,57.1
31701,1986-10-20 00:00:00,0.3851882713376584,0.1765688239179865,0.5938077187573303,12.217,57.1
31702,1986-10-21 00:00:00,0.2384833645023529,0.0305325994008983,0.4464341296038076,12.217,57.1
31703,1986-10-22 00:00:00,0.2192036094976177,0.0116886585260416,0.4267185604691938,12.217,57.1
31704,1986-10-23 00:00:00,0.3846488040052892,0.1788347483207252,0.5904628596898532,12.217,57.1
31705,1986-10-24 00:00:00,0.2894448385095712,0.0836517720891609,0.4952379049299816,12.217,57.1
31706,1986-10-25 00:00:00,0.2119439122859074,0.0059423712074293,0.4179454533643855,12.217,57.1
31707,1986-10-26 00:00:00,0.2818160537154174,0.0755793619907397,0.4880527454400951,12.217,57.1
31708,1986-10-27 00:00:00,0.0605138463421845,-0.1463088832931771,0.2673365759775463,12.217,57.1
31709,1986-10-28 00:00:00,0.1298856574802174,-0.0774669944930163,0.3372383094534511,12.217,57.1
31710,1986-10-29 00:00:00,0.2351583318248569,0.0277974448920375,0.4425192187576763,12.217,57.1
31711,1986-10-30 00:00:00,0.2936558583374379,0.0872221696390928,0.5000895470357831,12.217,57.1
31712,1986-10-31 00:00:00,0.226500881081125,0.0170396388519221,0.4359621233103279,12.217,57.1
31713,1986-11-01 00:00:00,0.4585265479190625,0.2483169468530439,0.6687361489850812,12.217,57.1
31714,1986-11-02 00:00:00,0.0600941448247748,-0.1464661166161689,0.2666544062657185,12.217,57.1
31715,1986-11-03 00:00:00,-0.0659024366141814,-0.2729428589483181,0.1411379857199551,12.217,57.1
31716,1986-11-04 00:00:00,0.0696616450654698,-0.1361201428501035,0.2754434329810432,12.217,57.1
31717,1986-11-05 00:00:00,0.1383754612427074,-0.067538148339474,0.3442890708248888,12.217,57.1
31718,1986-11-06 00:00:00,0.3231158837134248,0.116681588438457,0.5295501789883927,12.217,57.1
31719,1986-11-07 00:00:00,0.2338097187155099,0.0267511314175793,0.4408683060134405,12.217,57.1
31720,1986-11-08 00:00:00,0.1879124163766744,-0.0181416728076527,0.3939665055610016,12.217,57.1
31721,1986-11-09 00:00:00,0.4309108060112424,0.2237244736374585,0.6380971383850264,12.217,57.1
31722,1986-11-10 00:00:00,0.3021766002231946,0.0934433808222269,0.5109098196241624,12.217,57.1
31723,1986-11-11 00:00:00,0.4969021440135663,0.2881855758734609,0.7056187121536718,12.217,57.1
31724,1986-11-12 00:00:00,0.3950015791873069,0.1867600564715346,0.6032431019030791,12.217,57.1
31725,1986-11-13 00:00:00,0.1047069064256528,-0.102533390428804,0.3119472032801096,12.217,57.1
31726,1986-11-14 00:00:00,0.1314768519042063,-0.0744358774262419,0.3373895812346545,12.217,57.1
31727,1986-11-15 00:00:00,0.1388293578616121,-0.067124929791128,0.3447836455143523,12.217,57.1
31728,1986-11-16 00:00:00,0.1708472279455791,-0.0354365559429428,0.377131011834101,12.217,57.1
31729,1986-11-17 00:00:00,0.1763173576054698,-0.0298294219795448,0.3824641371904845,12.217,57.1
31730,1986-11-18 00:00:00,0.1373647889926457,-0.0685673762565649,0.3432969542418563,12.217,57.1
31731,1986-11-19 00:00:00,0.2979961250738635,0.090057603151958,0.5059346469957691,12.217,57.1
31732,1986-11-20 00:00:00,0.3115224577656812,0.1016462427347481,0.5213986727966144,12.217,57.1
31733,1986-11-21 00:00:00,0.1075154767296805,-0.098419323783357,0.3134502772427181,12.217,57.1
31734,1986-11-22 00:00:00,0.147252013406418,-0.059124735196318,0.3536287620091541,12.217,57.1
31735,1986-11-23 00:00:00,0.3755500745368254,0.1690914814356265,0.5820086676380244,12.217,57.1
31736,1986-11-24 00:00:00,0.2291259392054743,0.0230554115826724,0.4351964668282762,12.217,57.1
31737,1986-11-25 00:00:00,0.2081472284290328,0.0014659105201399,0.4148285463379256,12.217,57.1
31738,1986-11-26 00:00:00,0.4216460382791543,0.2152525159640238,0.6280395605942848,12.217,57.1
31739,1986-11-27 00:00:00,0.3382742919520109,0.1316748647469673,0.5448737191570545,12.217,57.1
31740,1986-11-28 00:00:00,0.1157387125631176,-0.0906452256468254,0.3221226507730608,12.217,57.1
31741,1986-11-29 00:00:00,0.28220743954502,0.0751390605054321,0.4892758185846078,12.217,57.1
31742,1986-11-30 00:00:00,0.1292245512983849,-0.0777187085518764,0.3361678111486463,12.217,57.1
31743,1986-12-01 00:00:00,0.3059299037381433,0.0993869821410874,0.5124728253351992,12.217,57.1
31744,1986-12-02 00:00:00,0.6799795468412166,0.4701140201004921,0.8898450735819412,12.217,57.1
31745,1986-12-03 00:00:00,0.1222243362391387,-0.0932538809005973,0.3377025533788748,12.217,57.1
31746,1986-12-04 00:00:00,0.6593523136803602,0.451243611874138,0.8674610154865824,12.217,57.1
31747,1986-12-05 00:00:00,0.3716834032153992,0.16369182397711,0.5796749824536884,12.217,57.1
31748,1986-12-06 00:00:00,0.943585677492688,0.726323841009161,1.160847513976215,12.217,57.1
31749,1986-12-07 00:00:00,0.2787896756404622,0.0632970492335537,0.4942823020473708,12.217,57.1
31750,1986-12-08 00:00:00,0.1246732466645134,-0.08225267120371,0.3315991645327369,12.217,57.1
31751,1986-12-09 00:00:00,0.2169035837977399,0.0102490208109944,0.4235581467844855,12.217,57.1
31752,1986-12-10 00:00:00,0.2090172977181646,0.0026914548545399,0.4153431405817894,12.217,57.1
31753,1986-12-11 00:00:00,0.0109921066132677,-0.1954439207465128,0.2174281339730482,12.217,57.1
31754,1986-12-12 00:00:00,0.0509972051152704,-0.1547525258719427,0.2567469361024837,12.217,57.1
31755,1986-12-13 00:00:00,0.0725709927247297,-0.1332568100921151,0.2783987955415745,12.217,57.1
31756,1986-12-14 00:00:00,0.211312729972238,0.0055440902515983,0.4170813696928776,12.217,57.1
31757,1986-12-15 00:00:00,0.0999421047962426,-0.1063238352551111,0.3062080448475965,12.217,57.1
31758,1986-12-16 00:00:00,0.162071364509418,-0.0448977370499403,0.3690404660687764,12.217,57.1
31759,1986-12-17 00:00:00,0.1174752840704075,-0.0901985890246974,0.3251491571655125,12.217,57.1
31760,1986-12-18 00:00:00,0.134527620652735,-0.0718237360093786,0.3408789773148488,12.217,57.1
31761,1986-12-19 00:00:00,0.4434209353179781,0.2351372457329528,0.6517046249030034,12.217,57.1
31762,1986-12-20 00:00:00,0.0734313373646701,-0.1362894807862424,0.2831521555155826,12.217,57.1
31763,1986-12-21 00:00:00,-0.1034947466040416,-0.3109945073381933,0.1040050141301101,12.217,57.1
31764,1986-12-22 00:00:00,-0.0396463518044467,-0.2460295163827504,0.1667368127738568,12.217,57.1
31765,1986-12-23 00:00:00,-0.0739385287724585,-0.2836134209018539,0.1357363633569368,12.217,57.1
31766,1986-12-24 00:00:00,-0.2108482647635605,-0.4193076912581828,-0.0023888382689383,12.217,57.1
31767,1986-12-25 00:00:00,-0.1248261446912019,-0.3307582868464526,0.0811059974640487,12.217,57.1
31768,1986-12-26 00:00:00,0.2258963621077573,0.0183233683542897,0.433469355861225,12.217,57.1
31769,1986-12-27 00:00:00,0.1324112650257335,-0.0740729039432856,0.3388954339947528,12.217,57.1
31770,1986-12-28 00:00:00,0.1045339175118185,-0.1011287786506409,0.3101966136742781,12.217,57.1
31771,1986-12-29 00:00:00,0.1875993732303271,-0.0184827968624199,0.3936815433230741,12.217,57.1
31772,1986-12-30 00:00:00,0.4932779997546532,0.2834597838906722,0.7030962156186342,12.217,57.1
31773,1986-12-31 00:00:00,0.1611989412514743,-0.0477888546176941,0.3701867371206429,12.217,57.1
31774,1987-01-01 00:00:00,0.0571364590080952,-0.1492649474349994,0.2635378654511898,12.217,57.1
31775,1987-01-02 00:00:00,-0.0123371241941961,-0.2183380398730581,0.1936637914846658,12.217,57.1
31776,1987-01-03 00:00:00,-0.0035598332503081,-0.209755871300206,0.2026362047995897,12.217,57.1
31777,1987-01-04 00:00:00,-0.0730060504130958,-0.2789303727461941,0.1329182719200024,12.217,57.1
31778,1987-01-05 00:00:00,0.1405920647669201,-0.0666443451357491,0.3478284746695893,12.217,57.1
31779,1987-01-06 00:00:00,0.1622152845177951,-0.0468738368668995,0.3713044059024897,12.217,57.1
31780,1987-01-07 00:00:00,-0.1228794567476983,-0.3307229008811002,0.0849639873857034,12.217,57.1
31781,1987-01-08 00:00:00,-0.0933196318347865,-0.2991217174153939,0.1124824537458208,12.217,57.1
31782,1987-01-09 00:00:00,0.0248444879549662,-0.1829715592261019,0.2326605351360345,12.217,57.1
31783,1987-01-10 00:00:00,-0.1663894365370219,-0.3744623296686803,0.0416834565946365,12.217,57.1
31784,1987-01-11 00:00:00,-0.1876910548290994,-0.3937881935472886,0.0184060838890898,12.217,57.1
31785,1987-01-12 00:00:00,-0.2551653078416148,-0.461585963243451,-0.0487446524397785,12.217,57.1
31786,1987-01-13 00:00:00,-0.2447105202881588,-0.4529655355657018,-0.0364555050106157,12.217,57.1
31787,1987-01-14 00:00:00,-0.1542174031339134,-0.3628916735532559,0.0544568672854289,12.217,57.1
31788,1987-01-15 00:00:00,-0.147013638913744,-0.353127975405152,0.0591006975776639,12.217,57.1
31789,1987-01-16 00:00:00,-0.1646111698966975,-0.3705789633423563,0.0413566235489613,12.217,57.1
31790,1987-01-17 00:00:00,-0.1307241135946896,-0.3366453232970094,0.0751970961076301,12.217,57.1
31791,1987-01-18 00:00:00,-0.1028806998000548,-0.3084326507752989,0.1026712511751892,12.217,57.1
31792,1987-01-19 00:00:00,-0.1261064283364324,-0.3317181466164897,0.0795052899436246,12.217,57.1
31793,1987-01-20 00:00:00,-0.0477173974548817,-0.2533796713357006,0.157944876425937,12.217,57.1
31794,1987-01-21 00:00:00,-0.0245484098484384,-0.2302623084970859,0.181165488800209,12.217,57.1
31795,1987-01-22 00:00:00,-0.082390217695966,-0.2879884982402637,0.1232080628483315,12.217,57.1
31796,1987-01-23 00:00:00,-0.0689476789773423,-0.2745169405634495,0.1366215826087649,12.217,57.1
31797,1987-01-24 00:00:00,-0.0312696647172238,-0.2369995454071276,0.1744602159726798,12.217,57.1
31798,1987-01-25 00:00:00,0.0560939705854527,-0.1499430826869646,0.2621310238578701,12.217,57.1
31799,1987-01-26 00:00:00,0.3957115482968948,0.184848376004184,0.6065747205896056,12.217,57.1
31800,1987-01-27 00:00:00,0.0511217685109267,-0.1565640907943184,0.2588076278161719,12.217,57.1
31801,1987-01-28 00:00:00,0.1102597242957492,-0.0972842686344965,0.317803717225995,12.217,57.1
31802,1987-01-29 00:00:00,0.0135534309930771,-0.192590071190175,0.2196969331763293,12.217,57.1
31803,1987-01-30 00:00:00,-0.0067553538748345,-0.2142060759167062,0.2006953681670371,12.217,57.1
31804,1987-01-31 00:00:00,0.3449474698217164,0.1371409004943418,0.552754039149091,12.217,57.1
31805,1987-02-01 00:00:00,0.2619209558474345,0.0556249250220863,0.4682169866727828,12.217,57.1
31806,1987-02-02 00:00:00,0.0870102312035354,-0.1186568406694081,0.292677303076479,12.217,57.1
31807,1987-02-03 00:00:00,0.0627379050344885,-0.1427760690879342,0.2682518791569113,12.217,57.1
31808,1987-02-04 00:00:00,0.0818735693744314,-0.1236814987258891,0.2874286374747519,12.217,57.1
31809,1987-02-05 00:00:00,0.1769961866998504,-0.0286651330131843,0.3826575064128852,12.217,57.1
31810,1987-02-06 00:00:00,0.3267274894804467,0.1206695133035813,0.5327854656573121,12.217,57.1
31811,1987-02-07 00:00:00,0.4223813667154741,0.2146857077625218,0.6300770256684265,12.217,57.1
31812,1987-02-08 00:00:00,0.1955487882538827,-0.0132062222425591,0.4043037987503245,12.217,57.1
31813,1987-02-09 00:00:00,0.1219603241074195,-0.0843056135247085,0.3282262617395477,12.217,57.1
31814,1987-02-10 00:00:00,0.1130669763384731,-0.0925290623146678,0.3186630149916142,12.217,57.1
31815,1987-02-11 00:00:00,0.3643324913557977,0.1576127507035098,0.5710522320080856,12.217,57.1
31816,1987-02-12 00:00:00,0.1876235540817795,-0.0190548115817028,0.3943019197452619,12.217,57.1
31817,1987-02-13 00:00:00,0.1099286479887806,-0.095790267680096,0.3156475636576574,12.217,57.1
31818,1987-02-14 00:00:00,0.2080759755821464,0.0018860540672967,0.4142658970969961,12.217,57.1
31819,1987-02-15 00:00:00,0.103795776637823,-0.1023702525884959,0.309961805864142,12.217,57.1
31820,1987-02-16 00:00:00,-0.0358943392830702,-0.2416509623633405,0.1698622837972001,12.217,57.1
31821,1987-02-17 00:00:00,-0.0404012100010959,-0.2463962309750693,0.1655938109728775,12.217,57.1
31822,1987-02-18 00:00:00,-0.0683966429090073,-0.2744517405845939,0.1376584547665792,12.217,57.1
31823,1987-02-19 00:00:00,-0.064162860115259,-0.2697868859769496,0.1414611657464315,12.217,57.1
31824,1987-02-20 00:00:00,0.0050679539575472,-0.2005203032499097,0.2106562111650042,12.217,57.1
31825,1987-02-21 00:00:00,0.0058030272994434,-0.1996827274368394,0.2112887820357262,12.217,57.1
31826,1987-02-22 00:00:00,0.0813693971535357,-0.1241742228550929,0.2869130171621644,12.217,57.1
31827,1987-02-23 00:00:00,0.0297168276099118,-0.176581189664765,0.2360148448845888,12.217,57.1
31828,1987-02-24 00:00:00,-0.0500800215705691,-0.2562211799947904,0.1560611368536521,12.217,57.1
31829,1987-02-25 00:00:00,0.0375613563161449,-0.1681656677160231,0.2432883803483131,12.217,57.1
31830,1987-02-26 00:00:00,0.0205468658960523,-0.1852768954458461,0.2263706272379507,12.217,57.1
31831,1987-02-27 00:00:00,0.0170801668886343,-0.1887719774560595,0.2229323112333282,12.217,57.1
31832,1987-02-28 00:00:00,0.0806239783102297,-0.1253297238068645,0.2865776804273241,12.217,57.1
31833,1987-03-01 00:00:00,-0.0491768463363033,-0.2551855763625813,0.1568318836899746,12.217,57.1
31834,1987-03-02 00:00:00,-0.0778347520997243,-0.2839561383382729,0.1282866341388241,12.217,57.1
31835,1987-03-03 00:00:00,-0.1063920800646882,-0.3136384475421774,0.1008542874128009,12.217,57.1
31836,1987-03-04 00:00:00,-0.136229314525549,-0.3425047530031818,0.0700461239520837,12.217,57.1
31837,1987-03-05 00:00:00,-0.0297768103066847,-0.2354831831294591,0.1759295625160896,12.217,57.1
31838,1987-03-06 00:00:00,-0.1460325646034724,-0.351689605460011,0.0596244762530662,12.217,57.1
31839,1987-03-07 00:00:00,-0.1024626615899193,-0.308209681821832,0.1032843586419933,12.217,57.1
31840,1987-03-08 00:00:00,-0.125659914650419,-0.3315877883538542,0.080267959053016,12.217,57.1
31841,1987-03-09 00:00:00,-0.1363209948069434,-0.3419012192120461,0.0692592295981592,12.217,57.1
31842,1987-03-10 00:00:00,-0.1718921149268694,-0.3774483718019781,0.0336641419482393,12.217,57.1
31843,1987-03-11 00:00:00,-0.1539552075365238,-0.3594879726809805,0.0515775576079329,12.217,57.1
31844,1987-03-12 00:00:00,-0.1272661004027604,-0.3328095366175225,0.0782773358120016,12.217,57.1
31845,1987-03-13 00:00:00,-0.0660490646016729,-0.2716791046956854,0.1395809754923396,12.217,57.1
31846,1987-03-14 00:00:00,-0.0668682272977194,-0.2724415380812871,0.1387050834858483,12.217,57.1
31847,1987-03-15 00:00:00,0.0056368206345214,-0.1999344113468312,0.2112080526158742,12.217,57.1
31848,1987-03-16 00:00:00,0.1479957598047708,-0.0579386981037901,0.3539302177133318,12.217,57.1
31849,1987-03-17 00:00:00,0.0443625219610238,-0.1613539510062328,0.2500789949282804,12.217,57.1
31850,1987-03-18 00:00:00,0.2635869858633122,0.0569356936685682,0.4702382780580562,12.217,57.1
31851,1987-03-19 00:00:00,0.2888100437238579,0.0807840570524334,0.4968360303952823,12.217,57.1
31852,1987-03-20 00:00:00,0.1548228913296718,-0.051500164317706,0.3611459469770496,12.217,57.1
31853,1987-03-21 00:00:00,0.1759592369451212,-0.0298457247990096,0.3817641986892521,12.217,57.1
31854,1987-03-22 00:00:00,0.1133528339172274,-0.0923027531908104,0.3190084210252654,12.217,57.1
31855,1987-03-23 00:00:00,0.054864013715718,-0.1508489321630585,0.2605769595944946,12.217,57.1
31856,1987-03-24 00:00:00,0.0891905666608875,-0.1164125008751892,0.2947936341969642,12.217,57.1
31857,1987-03-25 00:00:00,0.0689178879325648,-0.1366404840412077,0.2744762599063374,12.217,57.1
31858,1987-03-26 00:00:00,0.079629891604343,-0.1260667856377282,0.2853265688464144,12.217,57.1
31859,1987-03-27 00:00:00,0.1444810214428653,-0.0621379821243525,0.3511000250100831,12.217,57.1
31860,1987-03-28 00:00:00,0.4360582070045595,0.227856924245221,0.644259489763898,12.217,57.1
31861,1987-03-29 00:00:00,0.4577612979647838,0.2443865545009949,0.6711360414285727,12.217,57.1
31862,1987-03-30 00:00:00,0.3283062951082843,0.1202466114421258,0.5363659787744428,12.217,57.1
31863,1987-03-31 00:00:00,0.01174601482833,-0.1941500331962851,0.2176420628529453,12.217,57.1
31864,1987-04-01 00:00:00,0.0263490931099066,-0.1792125595584141,0.2319107457782275,12.217,57.1
31865,1987-04-02 00:00:00,0.0709402994451101,-0.1347818081380814,0.2766624070283016,12.217,57.1
31866,1987-04-03 00:00:00,0.0326416786845596,-0.1730801701205618,0.2383635274896811,12.217,57.1
31867,1987-04-04 00:00:00,-0.0834695313990868,-0.2895363829484947,0.1225973201503211,12.217,57.1
31868,1987-04-05 00:00:00,-0.0942234889354624,-0.3002454195025796,0.1117984416316547,12.217,57.1
31869,1987-04-06 00:00:00,0.0494099756051272,-0.1569448594628271,0.2557648106730816,12.217,57.1
31870,1987-04-07 00:00:00,0.0595747660131937,-0.1459770248139158,0.2651265568403033,12.217,57.1
31871,1987-04-08 00:00:00,0.1066343651638837,-0.0988800651812077,0.3121487955089753,12.217,57.1
31872,1987-04-09 00:00:00,0.1000513517343459,-0.1056982094094021,0.3058009128780939,12.217,57.1
31873,1987-04-10 00:00:00,0.0938436755022972,-0.1119744966712702,0.2996618476758647,12.217,57.1
31874,1987-04-11 00:00:00,0.1047910294995103,-0.1010264473013152,0.3106085063003359,12.217,57.1
31875,1987-04-12 00:00:00,0.0100684083485375,-0.1958197400646477,0.2159565567617229,12.217,57.1
31876,1987-04-13 00:00:00,-0.0475518605772812,-0.253086581884982,0.1579828607304196,12.217,57.1
31877,1987-04-14 00:00:00,-0.0247870488007949,-0.2302785337803256,0.1807044361787356,12.217,57.1
31878,1987-04-15 00:00:00,-0.0059865012241745,-0.2113936689385007,0.1994206664901516,12.217,57.1
31879,1987-04-16 00:00:00,0.1045460163478639,-0.1011066076998949,0.3101986403956228,12.217,57.1
31880,1987-04-17 00:00:00,0.1704879947911868,-0.0353501133302753,0.3763261029126489,12.217,57.1
31881,1987-04-18 00:00:00,0.1072877729555621,-0.098684380545989,0.3132599264571133,12.217,57.1
31882,1987-04-19 00:00:00,0.0213555802551289,-0.1844969330003538,0.2272080935106117,12.217,57.1
31883,1987-04-20 00:00:00,0.1098534564918099,-0.095678933275728,0.3153858462593479,12.217,57.1
31884,1987-04-21 00:00:00,0.0589414912746435,-0.1470916083819594,0.2649745909312465,12.217,57.1
31885,1987-04-22 00:00:00,-0.0214971127206594,-0.2273613876763935,0.1843671622350746,12.217,57.1
31886,1987-04-23 00:00:00,0.0116116581711562,-0.1939333726386387,0.2171566889809512,12.217,57.1
31887,1987-04-24 00:00:00,0.0363435058524617,-0.1691573194059046,0.241844331110828,12.217,57.1
31888,1987-04-25 00:00:00,0.0038900950608086,-0.2015741255104774,0.2093543156320946,12.217,57.1
31889,1987-04-26 00:00:00,0.0324588996272246,-0.1731662945514016,0.2380840938058508,12.217,57.1
31890,1987-04-27 00:00:00,-0.0105074120283013,-0.2163414389868157,0.195326614930213,12.217,57.1
31891,1987-04-28 00:00:00,0.0496249822693239,-0.1560638961003682,0.2553138606390161,12.217,57.1
31892,1987-04-29 00:00:00,0.0318814129031058,-0.173929577301012,0.2376924031072236,12.217,57.1
31893,1987-04-30 00:00:00,0.0616474753687109,-0.1439701758309278,0.2672651265683496,12.217,57.1
31894,1987-05-01 00:00:00,0.1021137683589951,-0.1034464736684014,0.3076740103863917,12.217,57.1
31895,1987-05-02 00:00:00,0.1590932013309198,-0.0466251645706711,0.3648115672325108,12.217,57.1
31896,1987-05-03 00:00:00,0.1208284372575879,-0.0849553183695168,0.3266121928846927,12.217,57.1
31897,1987-05-04 00:00:00,-0.0530319682655838,-0.259036197539625,0.1529722610084574,12.217,57.1
31898,1987-05-05 00:00:00,-0.0709069617699356,-0.2770605998811595,0.1352466763412883,12.217,57.1
31899,1987-05-06 00:00:00,-0.0245044446852212,-0.2302739461375099,0.1812650567670674,12.217,57.1
31900,1987-05-07 00:00:00,-0.0021499601694327,-0.2080821354138335,0.2037822150749681,12.217,57.1
31901,1987-05-08 00:00:00,-0.0048345710338891,-0.2106922482190882,0.20102310615131,12.217,57.1
31902,1987-05-09 00:00:00,0.0726956348273867,-0.1329512410672807,0.2783425107220542,12.217,57.1
31903,1987-05-10 00:00:00,0.2517709094413141,0.0459976477515175,0.4575441711311107,12.217,57.1
31904,1987-05-11 00:00:00,0.1700739171294662,-0.0360570445057931,0.3762048787647256,12.217,57.1
31905,1987-05-12 00:00:00,0.2311280215171531,0.0247673702755691,0.437488672758737,12.217,57.1
31906,1987-05-13 00:00:00,0.1575646289810071,-0.0493365671542403,0.3644658251162546,12.217,57.1
31907,1987-05-14 00:00:00,0.1209620499617458,-0.0862343445805501,0.3281584445040418,12.217,57.1
31908,1987-05-15 00:00:00,0.1649673994104975,-0.0407525494335951,0.3706873482545902,12.217,57.1
31909,1987-05-16 00:00:00,0.132906781263345,-0.0726740283490315,0.3384875908757216,12.217,57.1
31910,1987-05-17 00:00:00,0.0878156161707329,-0.1178239297625719,0.2934551621040377,12.217,57.1
31911,1987-05-18 00:00:00,0.134059036335949,-0.0718841226489748,0.3400021953208729,12.217,57.1
31912,1987-05-19 00:00:00,0.1054115454239908,-0.100619342064223,0.3114424329122047,12.217,57.1
31913,1987-05-20 00:00:00,0.1101491121103672,-0.0957147377972723,0.3160129620180068,12.217,57.1
31914,1987-05-21 00:00:00,0.0170203328886607,-0.1910094591014005,0.2250501248787221,12.217,57.1
31915,1987-05-22 00:00:00,-0.0376689922383455,-0.2451396045606187,0.1698016200839276,12.217,57.1
31916,1987-05-23 00:00:00,-0.0600708927465495,-0.2657841746338744,0.1456423891407753,12.217,57.1
31917,1987-05-24 00:00:00,-0.0001128516001327,-0.2060514813223495,0.2058257781220839,12.217,57.1
31918,1987-05-25 00:00:00,0.0156687443990533,-0.1905914825060998,0.2219289713042065,12.217,57.1
31919,1987-05-26 00:00:00,-0.0084346116307544,-0.2140902972531146,0.1972210739916057,12.217,57.1
31920,1987-05-27 00:00:00,0.07354962333276,-0.1323634178513828,0.2794626645169028,12.217,57.1
31921,1987-05-28 00:00:00,0.0747309879428559,-0.1315962576052533,0.2810582334909651,12.217,57.1
31922,1987-05-29 00:00:00,-0.035015506364427,-0.2413334938820804,0.1713024811532262,12.217,57.1
31923,1987-05-30 00:00:00,-0.0447975234113824,-0.2504500498661752,0.1608550030434102,12.217,57.1
31924,1987-05-31 00:00:00,0.0109722760219305,-0.1944571766682661,0.2164017287121272,12.217,57.1
31925,1987-06-01 00:00:00,0.0409370794773819,-0.1645530084166438,0.2464271673714078,12.217,57.1
31926,1987-06-02 00:00:00,0.0165329011400927,-0.1888833715430655,0.221949173823251,12.217,57.1
31927,1987-06-03 00:00:00,0.0534251307951696,-0.152150185006985,0.2590004465973243,12.217,57.1
31928,1987-06-04 00:00:00,0.1418542300731597,-0.0637304134922101,0.3474388736385296,12.217,57.1
31929,1987-06-05 00:00:00,0.1102551131866532,-0.0952244161659913,0.3157346425392978,12.217,57.1
31930,1987-06-06 00:00:00,0.073727482952258,-0.1317469733456521,0.2792019392501682,12.217,57.1
31931,1987-06-07 00:00:00,0.1746341120706587,-0.0309370189582177,0.3802052430995352,12.217,57.1
31932,1987-06-08 00:00:00,0.2071764803943483,0.0014418366288793,0.4129111241598174,12.217,57.1
31933,1987-06-09 00:00:00,0.2966558248874787,0.0890947606272248,0.5042168891477328,12.217,57.1
31934,1987-06-10 00:00:00,0.1850864942001082,-0.0231627511695071,0.3933357395697236,12.217,57.1
31935,1987-06-11 00:00:00,0.1108814549993179,-0.0953971560627949,0.3171600660614307,12.217,57.1
31936,1987-06-12 00:00:00,0.066969953919597,-0.1389124727590588,0.272852380598253,12.217,57.1
31937,1987-06-13 00:00:00,0.0664663713377905,-0.1393407425513425,0.2722734852269237,12.217,57.1
31938,1987-06-14 00:00:00,0.0541467706949336,-0.1514612157568167,0.2597547571466841,12.217,57.1
31939,1987-06-15 00:00:00,0.0948016527234573,-0.1114250099033882,0.3010283153503029,12.217,57.1
31940,1987-06-16 00:00:00,0.0080703776500634,-0.198155487846541,0.214296243146668,12.217,57.1
31941,1987-06-17 00:00:00,0.3037401105773804,0.0951968689872693,0.5122833521674915,12.217,57.1
31942,1987-06-18 00:00:00,0.4799165789657437,0.2674788253335428,0.6923543325979447,12.217,57.1
31943,1987-06-19 00:00:00,0.1958831481444568,-0.0129077301705264,0.4046740264594399,12.217,57.1
31944,1987-06-20 00:00:00,0.1621936666346773,-0.0437720341933798,0.3681593674627345,12.217,57.1
31945,1987-06-21 00:00:00,0.0579424996515488,-0.1476638717051415,0.2635488710082391,12.217,57.1
31946,1987-06-22 00:00:00,-0.0066165238449003,-0.2123955776993202,0.1991625300095195,12.217,57.1
31947,1987-06-23 00:00:00,0.0153372864092809,-0.1902377916148094,0.2209123644333712,12.217,57.1
31948,1987-06-24 00:00:00,0.0165568084786472,-0.1889630520091957,0.2220766689664901,12.217,57.1
31949,1987-06-25 00:00:00,0.090122327692954,-0.1154050710293345,0.2956497264152426,12.217,57.1
31950,1987-06-26 00:00:00,0.183192876979042,-0.0224805398005263,0.3888662937586105,12.217,57.1
31951,1987-06-27 00:00:00,0.0884609663614224,-0.1173134476783146,0.2942353804011596,12.217,57.1
31952,1987-06-28 00:00:00,0.1066741007929524,-0.0989035106265614,0.3122517122124662,12.217,57.1
31953,1987-06-29 00:00:00,0.0563859280364708,-0.1492730689750997,0.2620449250480414,12.217,57.1
31954,1987-06-30 00:00:00,0.050530297536853,-0.1552224128680124,0.2562830079417186,12.217,57.1
31955,1987-07-01 00:00:00,0.0814290501486772,-0.1243212383506628,0.2871793386480172,12.217,57.1
31956,1987-07-02 00:00:00,0.13292111794965,-0.0732743757847157,0.3391166116840157,12.217,57.1
31957,1987-07-03 00:00:00,-0.0005787937630367,-0.2075909088250412,0.2064333212989678,12.217,57.1
31958,1987-07-04 00:00:00,-0.0135642559625747,-0.2191922274192096,0.19206371549406,12.217,57.1
31959,1987-07-05 00:00:00,-0.0077757972504499,-0.2133297206190083,0.1977781261181083,12.217,57.1
31960,1987-07-06 00:00:00,0.0559915192271541,-0.1495066573150521,0.2614896957693604,12.217,57.1
31961,1987-07-07 00:00:00,0.0548128796972163,-0.1507392849506124,0.2603650443450452,12.217,57.1
31962,1987-07-08 00:00:00,0.0455832800890249,-0.1600213261886808,0.2511878863667307,12.217,57.1
31963,1987-07-09 00:00:00,0.1054612884617388,-0.1002514996306451,0.3111740765541227,12.217,57.1
31964,1987-07-10 00:00:00,0.1383228928060806,-0.0673957995647565,0.3440415851769179,12.217,57.1
31965,1987-07-11 00:00:00,0.203005155098186,-0.0028089363634297,0.4088192465598019,12.217,57.1
31966,1987-07-12 00:00:00,0.1251340771269044,-0.0804853979990986,0.3307535522529075,12.217,57.1
31967,1987-07-13 00:00:00,0.1008718216539202,-0.1047372610800378,0.3064809043878784,12.217,57.1
31968,1987-07-14 00:00:00,0.0571000436329951,-0.1487091719563305,0.2629092592223206,12.217,57.1
31969,1987-07-15 00:00:00,-0.0023697786988971,-0.2079497735899068,0.2032102161921125,12.217,57.1
31970,1987-07-16 00:00:00,0.0449255735928353,-0.1607089473745293,0.2505600945602,12.217,57.1
31971,1987-07-17 00:00:00,0.024679119252908,-0.1812971499596598,0.2306553884654759,12.217,57.1
31972,1987-07-18 00:00:00,0.0085251217789965,-0.1990509376233861,0.2161011811813792,12.217,57.1
31973,1987-07-19 00:00:00,0.0575862196384155,-0.1507634629994256,0.2659359022762567,12.217,57.1
31974,1987-07-20 00:00:00,0.0492045501782434,-0.1576708184509052,0.2560799188073921,12.217,57.1
31975,1987-07-21 00:00:00,-1.4215078788480662e-06,-0.2058280392475767,0.205825196231819,12.217,57.1
31976,1987-07-22 00:00:00,-0.0507468567931758,-0.2563114047394307,0.1548176911530789,12.217,57.1
31977,1987-07-23 00:00:00,0.0018044346393452,-0.2036256656435007,0.2072345349221912,12.217,57.1
31978,1987-07-24 00:00:00,0.0689029577122116,-0.1365220948993978,0.274328010323821,12.217,57.1
31979,1987-07-25 00:00:00,0.2203215141749582,0.0145241419567909,0.4261188863931254,12.217,57.1
31980,1987-07-26 00:00:00,0.240761950307402,0.0343876656447288,0.4471362349700754,12.217,57.1
31981,1987-07-27 00:00:00,0.2476951924075981,0.0413266042373527,0.4540637805778434,12.217,57.1
31982,1987-07-28 00:00:00,0.2117499710531484,0.0053748267279755,0.4181251153783212,12.217,57.1
31983,1987-07-29 00:00:00,0.1691376797095912,-0.0364869885299156,0.3747623479490982,12.217,57.1
31984,1987-07-30 00:00:00,0.1251889429516496,-0.0803101280182741,0.3306880139215733,12.217,57.1
31985,1987-07-31 00:00:00,0.0625805833904488,-0.1430626014847457,0.2682237682656433,12.217,57.1
31986,1987-08-01 00:00:00,0.1807507697478732,-0.0252058564960482,0.3867073959917947,12.217,57.1
31987,1987-08-02 00:00:00,0.4109085646251195,0.2041198511137239,0.617697278136515,12.217,57.1
31988,1987-08-03 00:00:00,0.2961275476151936,0.089663096432969,0.5025919987974182,12.217,57.1
31989,1987-08-04 00:00:00,0.2036745880501683,-0.0020190684340317,0.4093682445343684,12.217,57.1
31990,1987-08-05 00:00:00,0.0812952629375964,-0.1243477742177229,0.2869383000929158,12.217,57.1
31991,1987-08-06 00:00:00,0.0687018189013506,-0.1370682461710639,0.2744718839737652,12.217,57.1
31992,1987-08-07 00:00:00,0.2300366618508236,0.0240373227093985,0.4360360009922487,12.217,57.1
31993,1987-08-08 00:00:00,0.2592888149651058,0.0523458041711005,0.466231825759111,12.217,57.1
31994,1987-08-09 00:00:00,0.1010860854814895,-0.1049456572053521,0.3071178281683311,12.217,57.1
31995,1987-08-10 00:00:00,0.0252997843094493,-0.1803381373567524,0.230937705975651,12.217,57.1
31996,1987-08-11 00:00:00,-0.0290433933910201,-0.2346632062148082,0.1765764194327679,12.217,57.1
31997,1987-08-12 00:00:00,-0.003098367819217,-0.2086563269070397,0.2024595912686056,12.217,57.1
31998,1987-08-13 00:00:00,0.0255560212005841,-0.1798602846426012,0.2309723270437695,12.217,57.1
31999,1987-08-14 00:00:00,0.115142180824742,-0.0903796726356049,0.3206640342850889,12.217,57.1
32000,1987-08-15 00:00:00,0.1106040196177048,-0.0951115027287956,0.3163195419642054,12.217,57.1
32001,1987-08-16 00:00:00,0.0536005014077874,-0.1524847840235368,0.2596857868391117,12.217,57.1
32002,1987-08-17 00:00:00,0.0712080504110708,-0.1346110171950383,0.2770271180171799,12.217,57.1
32003,1987-08-18 00:00:00,0.0663643853992861,-0.1391312616278461,0.2718600324264183,12.217,57.1
32004,1987-08-19 00:00:00,0.0706792921867083,-0.1348215589814028,0.2761801433548196,12.217,57.1
32005,1987-08-20 00:00:00,0.0269303999963971,-0.1786299134677021,0.2324907134604964,12.217,57.1
32006,1987-08-21 00:00:00,0.035531806490127,-0.1701219474763723,0.2411855604566264,12.217,57.1
32007,1987-08-22 00:00:00,0.1384841463415724,-0.0675185441153472,0.344486836798492,12.217,57.1
32008,1987-08-23 00:00:00,0.0869978630846844,-0.1188594665835599,0.2928551927529288,12.217,57.1
32009,1987-08-24 00:00:00,0.0319568941197857,-0.174056202378815,0.2379699906183865,12.217,57.1
32010,1987-08-25 00:00:00,-0.0226100902926132,-0.2284288050612719,0.1832086244760454,12.217,57.1
32011,1987-08-26 00:00:00,0.0981683349051518,-0.1081063340443318,0.3044430038546355,12.217,57.1
32012,1987-08-27 00:00:00,0.0777601676398975,-0.1288954229212143,0.2844157582010095,12.217,57.1
32013,1987-08-28 00:00:00,0.0939446154934292,-0.1119239748764465,0.299813205863305,12.217,57.1
32014,1987-08-29 00:00:00,0.1504894826510477,-0.0557574615586506,0.3567364268607461,12.217,57.1
32015,1987-08-30 00:00:00,0.079093067537298,-0.1265155778798121,0.2847017129544082,12.217,57.1
32016,1987-08-31 00:00:00,0.0726760036679125,-0.133129143920377,0.2784811512562021,12.217,57.1
32017,1987-09-01 00:00:00,-0.0087003843258434,-0.2144740734224634,0.1970733047707765,12.217,57.1
32018,1987-09-02 00:00:00,0.0951888007540485,-0.1104556109310151,0.3008332124391123,12.217,57.1
32019,1987-09-03 00:00:00,-0.0011447542819009,-0.2067680557728315,0.2044785472090295,12.217,57.1
32020,1987-09-04 00:00:00,0.0492058763004764,-0.1563011514078465,0.2547129040087993,12.217,57.1
32021,1987-09-05 00:00:00,0.0315177293345574,-0.1740447938779508,0.2370802525470658,12.217,57.1
32022,1987-09-06 00:00:00,0.1322499829679013,-0.0735169134013238,0.3380168793371264,12.217,57.1
32023,1987-09-07 00:00:00,0.0908914134769174,-0.115050919937444,0.2968337468912788,12.217,57.1
32024,1987-09-08 00:00:00,0.2465112695592142,0.0399800061163225,0.4530425330021059,12.217,57.1
32025,1987-09-09 00:00:00,0.2076002621176042,0.0019187908853903,0.4132817333498181,12.217,57.1
32026,1987-09-10 00:00:00,0.1296068220698427,-0.075996003669719,0.3352096478094045,12.217,57.1
32027,1987-09-11 00:00:00,0.3171306524486106,0.1107510183691651,0.5235102865280562,12.217,57.1
32028,1987-09-12 00:00:00,0.3864517293857636,0.1797238311132168,0.5931796276583104,12.217,57.1
32029,1987-09-13 00:00:00,0.2771794908912579,0.0705751578371494,0.4837838239453664,12.217,57.1
32030,1987-09-14 00:00:00,0.141408055189375,-0.0668077044380038,0.3496238148167538,12.217,57.1
32031,1987-09-15 00:00:00,0.2565981556765202,0.0508816603060214,0.4623146510470189,12.217,57.1
32032,1987-09-16 00:00:00,0.3068316558226086,0.1003383112841929,0.5133250003610242,12.217,57.1
32033,1987-09-17 00:00:00,0.0105293936869317,-0.1955803692200058,0.2166391565938693,12.217,57.1
32034,1987-09-18 00:00:00,0.1057778897620027,-0.0999290811576343,0.3114848606816398,12.217,57.1
32035,1987-09-19 00:00:00,0.2766514744462087,0.0695125251679076,0.4837904237245097,12.217,57.1
32036,1987-09-20 00:00:00,0.1829543929667964,-0.0241493588831404,0.3900581448167333,12.217,57.1
32037,1987-09-21 00:00:00,0.0333572044498228,-0.1724877088853137,0.2392021177849593,12.217,57.1
32038,1987-09-22 00:00:00,0.1491962735030085,-0.0565857005321603,0.3549782475381774,12.217,57.1
32039,1987-09-23 00:00:00,0.1920201358916382,-0.0138650335721854,0.397905305355462,12.217,57.1
32040,1987-09-24 00:00:00,0.132834602753988,-0.0728438522013723,0.3385130577093483,12.217,57.1
32041,1987-09-25 00:00:00,0.1827048079434453,-0.0229766207928631,0.3883862366797538,12.217,57.1
32042,1987-09-26 00:00:00,0.2531814299079006,0.0476659301740497,0.4586969296417514,12.217,57.1
32043,1987-09-27 00:00:00,0.1590902949072585,-0.0466679237087392,0.3648485135232563,12.217,57.1
32044,1987-09-28 00:00:00,0.1082180204034586,-0.0979088565733311,0.3143448973802485,12.217,57.1
32045,1987-09-29 00:00:00,-0.0431912814973112,-0.2494214777626685,0.163038914768046,12.217,57.1
32046,1987-09-30 00:00:00,-0.0791978230399574,-0.2846859240121303,0.1262902779322154,12.217,57.1
32047,1987-10-01 00:00:00,-0.097210613463543,-0.3026462149367037,0.1082249880096176,12.217,57.1
32048,1987-10-02 00:00:00,-0.0771779228310561,-0.2826594495178279,0.1283036038557157,12.217,57.1
32049,1987-10-03 00:00:00,-0.0547517650561165,-0.2603448766679968,0.1508413465557638,12.217,57.1
32050,1987-10-04 00:00:00,-0.0207392023801297,-0.2263612014452699,0.1848827966850104,12.217,57.1
32051,1987-10-05 00:00:00,0.0753117393742118,-0.1303255206747673,0.2809489994231909,12.217,57.1
32052,1987-10-06 00:00:00,0.1497129176635626,-0.0560981588945631,0.3555239942216883,12.217,57.1
32053,1987-10-07 00:00:00,0.2648356012658858,0.0584935214569644,0.4711776810748072,12.217,57.1
32054,1987-10-08 00:00:00,0.2955710620125166,0.0877194434527238,0.5034226805723093,12.217,57.1
32055,1987-10-09 00:00:00,0.3517968290466784,0.1417911429473481,0.5618025151460089,12.217,57.1
32056,1987-10-10 00:00:00,0.3273353431611155,0.1175320264682554,0.5371386598539757,12.217,57.1
32057,1987-10-11 00:00:00,0.3016008816686059,0.0944685734462588,0.5087331898909531,12.217,57.1
32058,1987-10-12 00:00:00,0.1285691949764683,-0.0786060331623412,0.3357444231152779,12.217,57.1
32059,1987-10-13 00:00:00,0.2172540809911199,0.0087060452313469,0.4258021167508928,12.217,57.1
32060,1987-10-14 00:00:00,0.1104876448946899,-0.0964248996345891,0.3174001894239689,12.217,57.1
32061,1987-10-15 00:00:00,0.1953313574046505,-0.0106170244152165,0.4012797392245177,12.217,57.1
32062,1987-10-16 00:00:00,0.395264749963425,0.1867592640337758,0.6037702358930741,12.217,57.1
32063,1987-10-17 00:00:00,0.2175853496581632,5.254314540742433e-05,0.435118156170919,12.217,57.1
32064,1987-10-18 00:00:00,0.1002298353337559,-0.1116781857770768,0.3121378564445887,12.217,57.1
32065,1987-10-19 00:00:00,0.0029231448205709,-0.2028898464402102,0.2087361360813521,12.217,57.1
32066,1987-10-20 00:00:00,0.0149516748666395,-0.1906417627892844,0.2205451125225634,12.217,57.1
32067,1987-10-21 00:00:00,0.0003013662109298,-0.2053108236041018,0.2059135560259614,12.217,57.1
32068,1987-10-22 00:00:00,0.0907399484870396,-0.1151446588015044,0.2966245557755836,12.217,57.1
32069,1987-10-23 00:00:00,0.0103213395958481,-0.1955694884491133,0.2162121676408096,12.217,57.1
32070,1987-10-24 00:00:00,-0.0642479742425704,-0.2699624088806596,0.1414664603955187,12.217,57.1
32071,1987-10-25 00:00:00,-0.0534493687787435,-0.2590022817730157,0.1521035442155286,12.217,57.1
32072,1987-10-26 00:00:00,-0.0016582141828717,-0.2071900943345009,0.2038736659687573,12.217,57.1
32073,1987-10-27 00:00:00,0.0417367093436255,-0.1640408998399703,0.2475143185272215,12.217,57.1
32074,1987-10-28 00:00:00,0.0554628439191861,-0.1515117343220811,0.2624374221604534,12.217,57.1
32075,1987-10-29 00:00:00,0.1528514223540181,-0.0547303744058476,0.3604332191138838,12.217,57.1
32076,1987-10-30 00:00:00,0.1232028222731763,-0.0836895363360971,0.3300951808824498,12.217,57.1
32077,1987-10-31 00:00:00,0.1048263409035941,-0.1012684207958287,0.3109211026030171,12.217,57.1
32078,1987-11-01 00:00:00,0.0885601292339864,-0.1171631737383749,0.2942834322063478,12.217,57.1
32079,1987-11-02 00:00:00,0.0031224898323217,-0.202499566081503,0.2087445457461464,12.217,57.1
32080,1987-11-03 00:00:00,-0.0522333386132622,-0.2578104432614529,0.1533437660349283,12.217,57.1
32081,1987-11-04 00:00:00,-0.1028721774286998,-0.308448572753908,0.1027042178965083,12.217,57.1
32082,1987-11-05 00:00:00,-0.0978713018382126,-0.3033964209636615,0.1076538172872362,12.217,57.1
32083,1987-11-06 00:00:00,-0.0509733873782428,-0.2565855964132361,0.1546388216567503,12.217,57.1
32084,1987-11-07 00:00:00,-0.0026973758022243,-0.2083051078849979,0.2029103562805491,12.217,57.1
32085,1987-11-08 00:00:00,0.0524485269397118,-0.1532968776343597,0.2581939315137835,12.217,57.1
32086,1987-11-09 00:00:00,0.0394322753847763,-0.1664020354724888,0.2452665862420414,12.217,57.1
32087,1987-11-10 00:00:00,0.0190750124698368,-0.1864259652803638,0.2245759902200376,12.217,57.1
32088,1987-11-11 00:00:00,0.0943057093959256,-0.1112517684999135,0.2998631872917647,12.217,57.1
32089,1987-11-12 00:00:00,0.2013094314456726,-0.0048840649604453,0.4075029278517905,12.217,57.1
32090,1987-11-13 00:00:00,0.3987671865210992,0.18965102560809,0.6078833474341085,12.217,57.1
32091,1987-11-14 00:00:00,0.3957558114086921,0.1879991358855173,0.6035124869318669,12.217,57.1
32092,1987-11-15 00:00:00,0.1320983459617686,-0.074027580536246,0.3382242724597833,12.217,57.1
32093,1987-11-16 00:00:00,0.130020799939533,-0.0759771047297131,0.3360187046087792,12.217,57.1
32094,1987-11-17 00:00:00,0.2091558262011545,0.0027264556806777,0.4155851967216313,12.217,57.1
32095,1987-11-18 00:00:00,0.0450837726158726,-0.1606363125524071,0.2508038577841524,12.217,57.1
32096,1987-11-19 00:00:00,0.025566718153139,-0.1802112938905188,0.2313447301967968,12.217,57.1
32097,1987-11-20 00:00:00,0.1933907439353662,-0.0129301928458785,0.399711680716611,12.217,57.1
32098,1987-11-21 00:00:00,0.062995247129576,-0.1427389751587756,0.2687294694179278,12.217,57.1
32099,1987-11-22 00:00:00,0.0631428622913921,-0.1426899431887826,0.2689756677715669,12.217,57.1
32100,1987-11-23 00:00:00,0.1180588449379714,-0.0877505382389828,0.3238682281149256,12.217,57.1
32101,1987-11-24 00:00:00,0.0494502319453652,-0.1562772812219464,0.2551777451126769,12.217,57.1
32102,1987-11-25 00:00:00,-0.0602133537066208,-0.2660872735375331,0.1456605661242914,12.217,57.1
32103,1987-11-26 00:00:00,-0.0590932136867187,-0.2665455729206706,0.1483591455472332,12.217,57.1
32104,1987-11-27 00:00:00,-0.0348555516659022,-0.2424409232441072,0.1727298199123026,12.217,57.1
32105,1987-11-28 00:00:00,-0.0772437995220872,-0.2831055847003008,0.1286179856561262,12.217,57.1
32106,1987-11-29 00:00:00,-0.1063331135790612,-0.31261363437466,0.0999474072165376,12.217,57.1
32107,1987-11-30 00:00:00,-0.0698938158879356,-0.2758619286349231,0.1360742968590518,12.217,57.1
32108,1987-12-01 00:00:00,-0.0772684358479283,-0.2828056023580182,0.1282687306621615,12.217,57.1
32109,1987-12-02 00:00:00,-0.1933612026749675,-0.3991191027732678,0.0123966974233327,12.217,57.1
32110,1987-12-03 00:00:00,-0.1390475297111295,-0.3447103692431263,0.0666153098208673,12.217,57.1
32111,1987-12-04 00:00:00,-0.0250896552120905,-0.230621178347416,0.180441867923235,12.217,57.1
32112,1987-12-05 00:00:00,0.0166532420331862,-0.1890218417347428,0.2223283258011152,12.217,57.1
32113,1987-12-06 00:00:00,0.0231524284484382,-0.1824619318677977,0.2287667887646741,12.217,57.1
32114,1987-12-07 00:00:00,-0.0259711013739935,-0.2326894487827185,0.1807472460347314,12.217,57.1
32115,1987-12-08 00:00:00,-0.1014953633725297,-0.3090811450391673,0.1060904182941077,12.217,57.1
32116,1987-12-09 00:00:00,-0.0091567044764823,-0.2149924645705208,0.1966790556175562,12.217,57.1
32117,1987-12-10 00:00:00,0.1391893901217815,-0.0665642094411374,0.3449429896847005,12.217,57.1
32118,1987-12-11 00:00:00,0.2077329376081672,0.0005717641628563,0.4148941110534782,12.217,57.1
32119,1987-12-12 00:00:00,-0.0196044395349395,-0.2268198476234352,0.1876109685535562,12.217,57.1
32120,1987-12-13 00:00:00,0.0550343232700404,-0.1507126653282944,0.2607813118683753,12.217,57.1
32121,1987-12-14 00:00:00,0.1647236230240013,-0.0409521077306702,0.3703993537786728,12.217,57.1
32122,1987-12-15 00:00:00,0.1000865068036895,-0.105759301265494,0.3059323148728732,12.217,57.1
32123,1987-12-16 00:00:00,0.1493321252387264,-0.056735672251447,0.3553999227288998,12.217,57.1
32124,1987-12-17 00:00:00,0.0751404679326595,-0.1308733142638622,0.2811542501291814,12.217,57.1
32125,1987-12-18 00:00:00,0.1040385319424406,-0.1019054359938185,0.3099824998786999,12.217,57.1
32126,1987-12-19 00:00:00,0.1946820482113594,-0.0119762607211316,0.4013403571438505,12.217,57.1
32127,1987-12-20 00:00:00,0.1410582845521954,-0.0649631802253228,0.3470797493297137,12.217,57.1
32128,1987-12-21 00:00:00,0.2094462720977155,0.0032834813851067,0.4156090628103241,12.217,57.1
32129,1987-12-22 00:00:00,0.0933892754689745,-0.1130497745498106,0.2998283254877597,12.217,57.1
32130,1987-12-23 00:00:00,0.128688355845568,-0.0781695224816796,0.3355462341728157,12.217,57.1
32131,1987-12-24 00:00:00,-0.0079108995743319,-0.2138994786928593,0.1980776795441954,12.217,57.1
32132,1987-12-25 00:00:00,0.1046251721813708,-0.101013501988139,0.3102638463508809,12.217,57.1
32133,1987-12-26 00:00:00,0.19603379614029,-0.0096544593515268,0.4017220516321069,12.217,57.1
32134,1987-12-27 00:00:00,0.2231674805751913,0.0170146573730818,0.4293203037773008,12.217,57.1
32135,1987-12-28 00:00:00,0.2240454255645986,0.0175457683292663,0.4305450827999308,12.217,57.1
32136,1987-12-29 00:00:00,0.0627599443567451,-0.1432143122786946,0.2687342009921848,12.217,57.1
32137,1987-12-30 00:00:00,0.3189318584262277,0.112304072833254,0.5255596440192014,12.217,57.1
32138,1987-12-31 00:00:00,0.240976846804523,0.0333113244996014,0.4486423691094445,12.217,57.1
32139,1988-01-01 00:00:00,0.2511763954414228,0.0449977688956601,0.4573550219871855,12.217,57.1
32140,1988-01-02 00:00:00,0.3860554231762341,0.1788097086705472,0.5933011376819209,12.217,57.1
32141,1988-01-03 00:00:00,0.5090564743788196,0.2994607810112274,0.7186521677464118,12.217,57.1
32142,1988-01-04 00:00:00,0.4769464740929925,0.2659979861748272,0.6878949620111579,12.217,57.1
32143,1988-01-05 00:00:00,0.2818171988037549,0.0749780724030194,0.4886563252044903,12.217,57.1
32144,1988-01-06 00:00:00,0.1669589355127368,-0.0390686592188657,0.3729865302443396,12.217,57.1
32145,1988-01-07 00:00:00,0.216468532244332,0.0095451951772147,0.4233918693114492,12.217,57.1
32146,1988-01-08 00:00:00,-0.0092201324042082,-0.218336165840563,0.1998959010321465,12.217,57.1
32147,1988-01-09 00:00:00,-0.040770848696893,-0.2470759700885502,0.1655342726947641,12.217,57.1
32148,1988-01-10 00:00:00,0.1303621109275281,-0.0765808421715369,0.3373050640265931,12.217,57.1
32149,1988-01-11 00:00:00,0.2111186436900687,0.0040053441192885,0.418231943260849,12.217,57.1
32150,1988-01-12 00:00:00,0.2744323826202179,0.0673159882459875,0.4815487769944484,12.217,57.1
32151,1988-01-13 00:00:00,0.2061875934786495,0.0001935017002885,0.4121816852570105,12.217,57.1
32152,1988-01-14 00:00:00,0.2040966617519933,-0.0019596119090454,0.410152935413032,12.217,57.1
32153,1988-01-15 00:00:00,0.1712565831771296,-0.034704351630662,0.3772175179849214,12.217,57.1
32154,1988-01-16 00:00:00,0.022148959857486,-0.1836768104001181,0.2279747301150902,12.217,57.1
32155,1988-01-17 00:00:00,-0.0283217001422211,-0.2338682460053401,0.1772248457208979,12.217,57.1
32156,1988-01-18 00:00:00,0.0080216419481508,-0.1974323194605824,0.2134756033568842,12.217,57.1
32157,1988-01-19 00:00:00,0.1583756744205999,-0.0477352993347732,0.3644866481759732,12.217,57.1
32158,1988-01-20 00:00:00,0.1776129707778871,-0.0288241212985485,0.3840500628543228,12.217,57.1
32159,1988-01-21 00:00:00,0.236796540506459,0.0309402953381778,0.4426527856747402,12.217,57.1
32160,1988-01-22 00:00:00,0.1667357976774399,-0.0392504875130318,0.3727220828679117,12.217,57.1
32161,1988-01-23 00:00:00,0.2119064395277091,0.0059897910980024,0.4178230879574159,12.217,57.1
32162,1988-01-24 00:00:00,0.0663911181052508,-0.1392752974581034,0.2720575336686051,12.217,57.1
32163,1988-01-25 00:00:00,0.2050551787000185,-0.0011581102511149,0.4112684676511521,12.217,57.1
32164,1988-01-26 00:00:00,0.1832850105488149,-0.0234797969029313,0.3900498180005611,12.217,57.1
32165,1988-01-27 00:00:00,0.1973277940605656,-0.0096050803702327,0.4042606684913641,12.217,57.1
32166,1988-01-28 00:00:00,0.0640637182988486,-0.1416384370631097,0.269765873660807,12.217,57.1
32167,1988-01-29 00:00:00,0.1297782172434103,-0.0771066216975573,0.336663056184378,12.217,57.1
32168,1988-01-30 00:00:00,0.206291731901715,-0.0013274531183838,0.4139109169218139,12.217,57.1
32169,1988-01-31 00:00:00,0.1763701125172812,-0.0300867253045827,0.3828269503391452,12.217,57.1
32170,1988-02-01 00:00:00,0.0777171011634508,-0.1283627405068766,0.2837969428337784,12.217,57.1
32171,1988-02-02 00:00:00,0.41179554404835,0.2036235524315633,0.6199675356651368,12.217,57.1
32172,1988-02-03 00:00:00,0.4110071641931521,0.203010718907466,0.6190036094788381,12.217,57.1
32173,1988-02-04 00:00:00,0.3766055338914891,0.1706835607930013,0.5825275069899769,12.217,57.1
32174,1988-02-05 00:00:00,0.3355417511447089,0.1295251513181235,0.5415583509712942,12.217,57.1
32175,1988-02-06 00:00:00,0.2831054398419394,0.076690771600029,0.4895201080838497,12.217,57.1
32176,1988-02-07 00:00:00,0.3128518208785474,0.1050085506424209,0.5206950911146739,12.217,57.1
32177,1988-02-08 00:00:00,0.2500463572092271,0.0433903684962441,0.45670234592221,12.217,57.1
32178,1988-02-09 00:00:00,0.2329778988074918,0.0261179309472457,0.4398378666677379,12.217,57.1
32179,1988-02-10 00:00:00,0.4129288948910253,0.2053858197505138,0.6204719700315369,12.217,57.1
32180,1988-02-11 00:00:00,0.5699059423754737,0.3587858432512453,0.7810260414997019,12.217,57.1
32181,1988-02-12 00:00:00,0.2591973070348909,0.0488219822422765,0.4695726318275054,12.217,57.1
32182,1988-02-13 00:00:00,0.0991440122325655,-0.1068503784058174,0.3051384028709486,12.217,57.1
32183,1988-02-14 00:00:00,0.0311571475348005,-0.1747152949054419,0.237029589975043,12.217,57.1
32184,1988-02-15 00:00:00,0.0340783812950435,-0.1723890567369247,0.2405458193270118,12.217,57.1
32185,1988-02-16 00:00:00,0.0862707428828707,-0.1195073794020943,0.2920488651678359,12.217,57.1
32186,1988-02-17 00:00:00,0.2146839986200354,0.0084476640176447,0.4209203332224261,12.217,57.1
32187,1988-02-18 00:00:00,-0.0061201403507991,-0.2143325461645355,0.2020922654629373,12.217,57.1
32188,1988-02-19 00:00:00,0.0336970895978455,-0.172463291592502,0.239857470788193,12.217,57.1
32189,1988-02-20 00:00:00,-0.0170855586214082,-0.2227164734397286,0.1885453561969122,12.217,57.1
32190,1988-02-21 00:00:00,-0.016003082774967,-0.2216113086881899,0.1896051431382558,12.217,57.1
32191,1988-02-22 00:00:00,0.0923078159365691,-0.113882128640442,0.2984977605135803,12.217,57.1
32192,1988-02-23 00:00:00,0.2124190614637996,0.0058391198196695,0.4189990031079297,12.217,57.1
32193,1988-02-24 00:00:00,-0.0456419964856991,-0.2526313182072099,0.1613473252358116,12.217,57.1
32194,1988-02-25 00:00:00,-0.0670694249569034,-0.2747698873060528,0.1406310373922458,12.217,57.1
32195,1988-02-26 00:00:00,-0.1609282591399933,-0.3680569047931376,0.0462003865131509,12.217,57.1
32196,1988-02-27 00:00:00,-0.1750613003367594,-0.3830711508611061,0.0329485501875871,12.217,57.1
32197,1988-02-28 00:00:00,0.071181263391083,-0.1353530241255341,0.2777155509077001,12.217,57.1
32198,1988-02-29 00:00:00,0.2421569425325347,0.0336060134289349,0.4507078716361345,12.217,57.1
32199,1988-03-01 00:00:00,0.0920931876189927,-0.1178036918705578,0.3019900671085432,12.217,57.1
32200,1988-03-02 00:00:00,0.0654209068901018,-0.1415703539043014,0.2724121676845051,12.217,57.1
32201,1988-03-03 00:00:00,0.059636304168691,-0.1464035426103603,0.2656761509477424,12.217,57.1
32202,1988-03-04 00:00:00,0.290222228484303,0.0832366285261972,0.4972078284424088,12.217,57.1
32203,1988-03-05 00:00:00,0.2873147882537296,0.0805834239994025,0.4940461525080566,12.217,57.1
32204,1988-03-06 00:00:00,0.1797276945198801,-0.0264613562148231,0.3859167452545834,12.217,57.1
32205,1988-03-07 00:00:00,0.1362920808854648,-0.0695421201930671,0.3421262819639968,12.217,57.1
32206,1988-03-08 00:00:00,-0.0211758229711413,-0.2280590519843362,0.1857074060420536,12.217,57.1
32207,1988-03-09 00:00:00,-0.1152923006857464,-0.3217299050951179,0.091145303723625,12.217,57.1
32208,1988-03-10 00:00:00,0.0475013537713084,-0.1583710026776018,0.2533737102202186,12.217,57.1
32209,1988-03-11 00:00:00,0.1439772083364039,-0.062067721845965,0.350022138518773,12.217,57.1
32210,1988-03-12 00:00:00,0.1084366555699055,-0.0975187540957819,0.314392065235593,12.217,57.1
32211,1988-03-13 00:00:00,0.0910896078602957,-0.1147797748476734,0.2969589905682649,12.217,57.1
32212,1988-03-14 00:00:00,0.114932160763727,-0.0909046451902167,0.3207689667176709,12.217,57.1
32213,1988-03-15 00:00:00,0.0848914459351829,-0.1211840908854013,0.2909669827557672,12.217,57.1
32214,1988-03-16 00:00:00,0.1535297744778652,-0.0528456485691597,0.3599051975248901,12.217,57.1
32215,1988-03-17 00:00:00,0.2634399176438976,0.0559161507758976,0.4709636845118976,12.217,57.1
32216,1988-03-18 00:00:00,0.0153091034243318,-0.1918249988065768,0.2224432056552406,12.217,57.1
32217,1988-03-19 00:00:00,-0.0447823940768894,-0.2515233390692553,0.1619585509154764,12.217,57.1
32218,1988-03-20 00:00:00,0.1504703692471691,-0.0557831556161724,0.3567238941105106,12.217,57.1
32219,1988-03-21 00:00:00,0.2098254509660672,0.0033966874341276,0.4162542144980068,12.217,57.1
32220,1988-03-22 00:00:00,0.0363437517911267,-0.1692860129732502,0.2419735165555036,12.217,57.1
32221,1988-03-23 00:00:00,-0.0034867621325294,-0.2090889619354861,0.2021154376704273,12.217,57.1
32222,1988-03-24 00:00:00,0.0630499299811761,-0.1424757608531378,0.2685756208154901,12.217,57.1
32223,1988-03-25 00:00:00,0.2339461231648589,0.0279296523874803,0.4399625939422376,12.217,57.1
32224,1988-03-26 00:00:00,0.1015456337968841,-0.1046270377292855,0.3077183053230538,12.217,57.1
32225,1988-03-27 00:00:00,0.1032080881603424,-0.102425522724151,0.3088416990448359,12.217,57.1
32226,1988-03-28 00:00:00,-0.0100291577074627,-0.215633132621055,0.1955748172061295,12.217,57.1
32227,1988-03-29 00:00:00,0.0465881172644715,-0.1589604705958444,0.2521367051247876,12.217,57.1
32228,1988-03-30 00:00:00,0.1658924787664575,-0.0398230527975992,0.3716080103305144,12.217,57.1
32229,1988-03-31 00:00:00,0.0921361656182738,-0.1138610001636711,0.2981333314002189,12.217,57.1
32230,1988-04-01 00:00:00,0.0537815512839029,-0.1519237732245754,0.2594868757923813,12.217,57.1
32231,1988-04-02 00:00:00,-0.0127610876225986,-0.218325001306493,0.1928028260612956,12.217,57.1
32232,1988-04-03 00:00:00,-0.0490107018613129,-0.2545742890346202,0.1565528853119942,12.217,57.1
32233,1988-04-04 00:00:00,-0.0724069702795783,-0.277879647291455,0.1330657067322984,12.217,57.1
32234,1988-04-05 00:00:00,-0.023205768488055,-0.2287793297396524,0.1823677927635423,12.217,57.1
32235,1988-04-06 00:00:00,-0.0156827735577656,-0.2212545017267836,0.1898889546112523,12.217,57.1
32236,1988-04-07 00:00:00,0.0145749295980704,-0.1908728334401391,0.22002269263628,12.217,57.1
32237,1988-04-08 00:00:00,0.0656841967097567,-0.1399279348175849,0.2712963282370985,12.217,57.1
32238,1988-04-09 00:00:00,0.1748857987676342,-0.0314014967563897,0.3811730942916582,12.217,57.1
32239,1988-04-10 00:00:00,0.1408205911474527,-0.0655724724623292,0.3472136547572346,12.217,57.1
32240,1988-04-11 00:00:00,0.4647087302951325,0.2561649217260741,0.6732525388641909,12.217,57.1
32241,1988-04-12 00:00:00,0.1349158863581175,-0.0721374965071248,0.3419692692233598,12.217,57.1
32242,1988-04-13 00:00:00,-0.0020373167851363,-0.2075944120683392,0.2035197784980664,12.217,57.1
32243,1988-04-14 00:00:00,-0.0145557954008543,-0.2210836853716986,0.1919720945699898,12.217,57.1
32244,1988-04-15 00:00:00,0.0541075735328663,-0.1515929467327724,0.2598080937985051,12.217,57.1
32245,1988-04-16 00:00:00,0.1248135359183276,-0.0808899390963385,0.3305170109329937,12.217,57.1
32246,1988-04-17 00:00:00,0.1878500623685695,-0.0181754541741101,0.3938755789112491,12.217,57.1
32247,1988-04-18 00:00:00,0.171261331411419,-0.0349018762695497,0.3774245390923879,12.217,57.1
32248,1988-04-19 00:00:00,0.0108126447028923,-0.1951015129706617,0.2167268023764464,12.217,57.1
32249,1988-04-20 00:00:00,0.0596922972872063,-0.1458315021852725,0.2652160967596852,12.217,57.1
32250,1988-04-21 00:00:00,0.2057497506277582,-0.0012028842050226,0.412702385460539,12.217,57.1
32251,1988-04-22 00:00:00,0.0801922816438207,-0.1268619435291793,0.2872465068168207,12.217,57.1
32252,1988-04-23 00:00:00,-0.0279771199349422,-0.234291169028797,0.1783369291589125,12.217,57.1
32253,1988-04-24 00:00:00,-0.0189100483538251,-0.2253814945994502,0.1875613978917999,12.217,57.1
32254,1988-04-25 00:00:00,-0.0057713295727072,-0.2114454244021799,0.1999027652567654,12.217,57.1
32255,1988-04-26 00:00:00,0.0251911594226119,-0.180647002189738,0.2310293210349618,12.217,57.1
32256,1988-04-27 00:00:00,-0.0537602201322737,-0.2593570600956663,0.1518366198311188,12.217,57.1
32257,1988-04-28 00:00:00,-0.0617876397639526,-0.2672547356547748,0.1436794561268695,12.217,57.1
32258,1988-04-29 00:00:00,-0.0520386383482143,-0.2577484101929099,0.1536711334964812,12.217,57.1
32259,1988-04-30 00:00:00,0.1226121619496847,-0.0832274791028303,0.3284518030021999,12.217,57.1
32260,1988-05-01 00:00:00,0.0408869868358873,-0.1647324006399541,0.2465063743117289,12.217,57.1
32261,1988-05-02 00:00:00,0.0834694903976448,-0.1220864364478911,0.2890254172431807,12.217,57.1
32262,1988-05-03 00:00:00,0.1167427486996981,-0.0893169478763591,0.3228024452757554,12.217,57.1
32263,1988-05-04 00:00:00,0.1140482453110878,-0.0915576168610747,0.3196541074832505,12.217,57.1
32264,1988-05-05 00:00:00,0.1091787110571476,-0.0962708863560462,0.3146283084703415,12.217,57.1
32265,1988-05-06 00:00:00,0.0711615359745674,-0.1344246998786414,0.2767477718277763,12.217,57.1
32266,1988-05-07 00:00:00,-0.0025565192946543,-0.208067309765999,0.2029542711766904,12.217,57.1
32267,1988-05-08 00:00:00,-0.0493622161784568,-0.2549192409475197,0.1561948085906059,12.217,57.1
32268,1988-05-09 00:00:00,-0.0736315075836365,-0.2795195670831674,0.1322565519158942,12.217,57.1
32269,1988-05-10 00:00:00,-0.0445193276593338,-0.2504273168495595,0.1613886615308919,12.217,57.1
32270,1988-05-11 00:00:00,-0.0577510339004598,-0.2635270103573973,0.1480249425564775,12.217,57.1
32271,1988-05-12 00:00:00,-0.0446901926426168,-0.2504196148378885,0.1610392295526547,12.217,57.1
32272,1988-05-13 00:00:00,-0.0861393191201101,-0.2918279120089548,0.1195492737687344,12.217,57.1
32273,1988-05-14 00:00:00,-0.0775990348012114,-0.2833182931513345,0.1281202235489116,12.217,57.1
32274,1988-05-15 00:00:00,-0.0670175779944933,-0.2725947858915484,0.1385596299025617,12.217,57.1
32275,1988-05-16 00:00:00,-0.0491486252543648,-0.2546970908260099,0.1563998403172803,12.217,57.1
32276,1988-05-17 00:00:00,0.0870786946668995,-0.1186676742259227,0.2928250635597217,12.217,57.1
32277,1988-05-18 00:00:00,0.1518520186482856,-0.0542016609734091,0.3579056982699803,12.217,57.1
32278,1988-05-19 00:00:00,0.1245340420093876,-0.0813528458879033,0.3304209299066786,12.217,57.1
32279,1988-05-20 00:00:00,0.0422499609230339,-0.1633030182329987,0.2478029400790666,12.217,57.1
32280,1988-05-21 00:00:00,-0.0309771471883292,-0.2367552125080221,0.1748009181313636,12.217,57.1
32281,1988-05-22 00:00:00,-0.0640747717789398,-0.2697484585900185,0.1415989150321389,12.217,57.1
32282,1988-05-23 00:00:00,-0.0364545551912165,-0.2420742375073547,0.1691651271249217,12.217,57.1
32283,1988-05-24 00:00:00,0.003748261079037,-0.2017625065099865,0.2092590286680606,12.217,57.1
32284,1988-05-25 00:00:00,0.1043048107137181,-0.1013128272303762,0.3099224486578126,12.217,57.1
32285,1988-05-26 00:00:00,-0.0076392469801769,-0.2132882147728167,0.1980097208124629,12.217,57.1
32286,1988-05-27 00:00:00,0.0425417433636037,-0.1631274900041818,0.2482109767313893,12.217,57.1
32287,1988-05-28 00:00:00,0.0632114177004564,-0.1423923709899331,0.268815206390846,12.217,57.1
32288,1988-05-29 00:00:00,0.077166034402341,-0.1284209797845576,0.2827530485892398,12.217,57.1
32289,1988-05-30 00:00:00,0.1247779489086619,-0.0809983426897973,0.3305542405071212,12.217,57.1
32290,1988-05-31 00:00:00,0.0853193051909888,-0.1204567549450813,0.291095365327059,12.217,57.1
32291,1988-06-01 00:00:00,0.1381223046752755,-0.0675699373524053,0.3438145467029563,12.217,57.1
32292,1988-06-02 00:00:00,0.1092141721677597,-0.0964492877404841,0.3148776320760037,12.217,57.1
32293,1988-06-03 00:00:00,0.1035393880234801,-0.1020420199423341,0.3091207959892944,12.217,57.1
32294,1988-06-04 00:00:00,0.1928221771419656,-0.0130954718969491,0.3987398261808804,12.217,57.1
32295,1988-06-05 00:00:00,0.1448998438669271,-0.0607015556252055,0.3505012433590598,12.217,57.1
32296,1988-06-06 00:00:00,0.0031132858540821,-0.2023331364792985,0.2085597081874629,12.217,57.1
32297,1988-06-07 00:00:00,-0.0237471242821743,-0.2293658109379884,0.1818715623736398,12.217,57.1
32298,1988-06-08 00:00:00,-0.040588538263365,-0.246349525292621,0.1651724487658908,12.217,57.1
32299,1988-06-09 00:00:00,-0.0421241368618808,-0.2479662201639812,0.1637179464402194,12.217,57.1
32300,1988-06-10 00:00:00,-0.0154532612846139,-0.2210947742227966,0.1901882516535687,12.217,57.1
32301,1988-06-11 00:00:00,0.0065384529260509,-0.1992014529278199,0.2122783587799218,12.217,57.1
32302,1988-06-12 00:00:00,-0.0058481718908415,-0.212104329251009,0.2004079854693258,12.217,57.1
32303,1988-06-13 00:00:00,0.0112691972351821,-0.1944141666820049,0.2169525611523692,12.217,57.1
32304,1988-06-14 00:00:00,0.0935510727824679,-0.1122004408444671,0.299302586409403,12.217,57.1
32305,1988-06-15 00:00:00,0.079888507326346,-0.1259279250468908,0.2857049396995827,12.217,57.1
32306,1988-06-16 00:00:00,0.034169180865529,-0.1713325147608567,0.2396708764919147,12.217,57.1
32307,1988-06-17 00:00:00,0.0217765888817594,-0.1836582270697157,0.2272114048332346,12.217,57.1
32308,1988-06-18 00:00:00,0.0063881506708477,-0.1990429214743704,0.2118192228160659,12.217,57.1
32309,1988-06-19 00:00:00,0.0404763818010185,-0.1649612790265723,0.2459140426286095,12.217,57.1
32310,1988-06-20 00:00:00,0.0132123651957735,-0.1922114793874794,0.2186362097790264,12.217,57.1
32311,1988-06-21 00:00:00,0.0375662785436264,-0.1680435390772549,0.2431760961645077,12.217,57.1
32312,1988-06-22 00:00:00,0.1014709312971757,-0.1041835031245578,0.3071253657189093,12.217,57.1
32313,1988-06-23 00:00:00,0.0783390856282321,-0.1272035192066299,0.2838816904630941,12.217,57.1
32314,1988-06-24 00:00:00,0.0354213251973066,-0.1700493386689504,0.2408919890635637,12.217,57.1
32315,1988-06-25 00:00:00,0.0285830129099708,-0.1770215905884535,0.2341876164083951,12.217,57.1
32316,1988-06-26 00:00:00,0.0149068495461371,-0.1905091017444931,0.2203228008367674,12.217,57.1
32317,1988-06-27 00:00:00,-0.0241562929387081,-0.2296499842078019,0.1813373983303857,12.217,57.1
32318,1988-06-28 00:00:00,0.0605388782490349,-0.1450642533049961,0.266142009803066,12.217,57.1
32319,1988-06-29 00:00:00,0.0626901275864693,-0.142733708664746,0.2681139638376848,12.217,57.1
32320,1988-06-30 00:00:00,0.0960799518473592,-0.1093568539151057,0.3015167576098242,12.217,57.1
32321,1988-07-01 00:00:00,0.0749456086272488,-0.1306468538201116,0.2805380710746094,12.217,57.1
32322,1988-07-02 00:00:00,0.1757221147140429,-0.0301187066522425,0.3815629360803285,12.217,57.1
32323,1988-07-03 00:00:00,0.158879057976899,-0.0480609532204998,0.3658190691742979,12.217,57.1
32324,1988-07-04 00:00:00,0.2335391776582278,0.0274105066449365,0.4396678486715191,12.217,57.1
32325,1988-07-05 00:00:00,0.1280630393409861,-0.0775689217897935,0.3336950004717658,12.217,57.1
32326,1988-07-06 00:00:00,0.1108659589402578,-0.0948124479755287,0.3165443658560445,12.217,57.1
32327,1988-07-07 00:00:00,0.047171626876015,-0.1592184298602989,0.253561683612329,12.217,57.1
32328,1988-07-08 00:00:00,0.0988296903344586,-0.1067275689505186,0.3043869496194359,12.217,57.1
32329,1988-07-09 00:00:00,0.0930310195984653,-0.1123794628787041,0.2984415020756347,12.217,57.1
32330,1988-07-10 00:00:00,0.0769759937894965,-0.1284960267141445,0.2824480142931376,12.217,57.1
32331,1988-07-11 00:00:00,0.1536104608018735,-0.0521495828297261,0.3593705044334733,12.217,57.1
32332,1988-07-12 00:00:00,0.1225179058324002,-0.0836083566220371,0.3286441682868375,12.217,57.1
32333,1988-07-13 00:00:00,0.0921541601519042,-0.1134957015450069,0.2978040218488153,12.217,57.1
32334,1988-07-14 00:00:00,0.0994393932562982,-0.1061460574746193,0.3050248439872159,12.217,57.1
32335,1988-07-15 00:00:00,0.0984591157010887,-0.1074271187495391,0.3043453501517166,12.217,57.1
32336,1988-07-16 00:00:00,0.0975145783293603,-0.1086520669142755,0.3036812235729962,12.217,57.1
32337,1988-07-17 00:00:00,0.0625326313199654,-0.1431043368853447,0.2681695995252755,12.217,57.1
32338,1988-07-18 00:00:00,0.048747388222349,-0.1569936447343395,0.2544884211790376,12.217,57.1
32339,1988-07-19 00:00:00,0.0430275893296674,-0.1625230565602204,0.2485782352195554,12.217,57.1
32340,1988-07-20 00:00:00,0.2077698732329729,0.0017046916734097,0.4138350547925362,12.217,57.1
32341,1988-07-21 00:00:00,0.074238072525417,-0.1321742568943114,0.2806504019451454,12.217,57.1
32342,1988-07-22 00:00:00,0.0920754496653985,-0.1136511359766025,0.2978020353073997,12.217,57.1
32343,1988-07-23 00:00:00,0.0763032550774324,-0.1291578826621103,0.2817643928169753,12.217,57.1
32344,1988-07-24 00:00:00,0.0962770199352771,-0.1092937530965614,0.3018477929671158,12.217,57.1
32345,1988-07-25 00:00:00,0.1442583903296976,-0.0617891260127305,0.3503059066721259,12.217,57.1
32346,1988-07-26 00:00:00,0.1562588349451725,-0.0498554389113528,0.3623731088016979,12.217,57.1
32347,1988-07-27 00:00:00,0.1108786266357723,-0.095187340552305,0.3169445938238497,12.217,57.1
32348,1988-07-28 00:00:00,0.0609345823953344,-0.1447424114979532,0.2666115762886221,12.217,57.1
32349,1988-07-29 00:00:00,0.0901851010192384,-0.1154156237004093,0.2957858257388862,12.217,57.1
32350,1988-07-30 00:00:00,0.2826850797628473,0.0761436939739256,0.4892264655517689,12.217,57.1
32351,1988-07-31 00:00:00,0.3295151829437545,0.1222960319597951,0.5367343339277137,12.217,57.1
32352,1988-08-01 00:00:00,0.2078209982275966,0.0011011764267692,0.4145408200284239,12.217,57.1
32353,1988-08-02 00:00:00,0.070957023737421,-0.1346534244605647,0.2765674719354068,12.217,57.1
32354,1988-08-03 00:00:00,0.0632899623360092,-0.1422822975130447,0.2688622221850633,12.217,57.1
32355,1988-08-04 00:00:00,0.1129140487525583,-0.0926379157451058,0.3184660132502225,12.217,57.1
32356,1988-08-05 00:00:00,0.203496772618165,-0.0022629047473072,0.4092564499836373,12.217,57.1
32357,1988-08-06 00:00:00,0.1656692656407822,-0.0400740017175654,0.37141253299913,12.217,57.1
32358,1988-08-07 00:00:00,0.0760278770408809,-0.1295346993205242,0.281590453402286,12.217,57.1
32359,1988-08-08 00:00:00,0.01250492693608,-0.1929877303055445,0.2179975841777045,12.217,57.1
32360,1988-08-09 00:00:00,0.0066819707171717,-0.1988108345309824,0.2121747759653258,12.217,57.1
32361,1988-08-10 00:00:00,0.0300983179461455,-0.1753646044341109,0.235561240326402,12.217,57.1
32362,1988-08-11 00:00:00,0.0729960960345214,-0.1324144952661318,0.2784066873351747,12.217,57.1
32363,1988-08-12 00:00:00,0.1404549221436011,-0.0650832425533224,0.3459930868405246,12.217,57.1
32364,1988-08-13 00:00:00,0.189149669797064,-0.0165321937120813,0.3948315333062094,12.217,57.1
32365,1988-08-14 00:00:00,0.3004213536230586,0.0941452753163739,0.5066974319297434,12.217,57.1
32366,1988-08-15 00:00:00,0.1255976915372314,-0.0803834179615942,0.3315788010360571,12.217,57.1
32367,1988-08-16 00:00:00,0.3194775795169819,0.1131296016058286,0.5258255574281353,12.217,57.1
32368,1988-08-17 00:00:00,0.2297482524463823,0.0234388091148504,0.4360576957779141,12.217,57.1
32369,1988-08-18 00:00:00,0.106559372737007,-0.0991184077000279,0.312237153174042,12.217,57.1
32370,1988-08-19 00:00:00,0.100872956196285,-0.1047348411058405,0.3064807534984106,12.217,57.1
32371,1988-08-20 00:00:00,0.2387981955557565,0.0329184399543452,0.4446779511571678,12.217,57.1
32372,1988-08-21 00:00:00,0.1888643000762131,-0.0169713029107441,0.3946999030631704,12.217,57.1
32373,1988-08-22 00:00:00,0.1501745479014222,-0.0554432305843548,0.3557923263871992,12.217,57.1
32374,1988-08-23 00:00:00,0.1205663414451658,-0.0851174558012943,0.3262501386916261,12.217,57.1
32375,1988-08-24 00:00:00,0.0598112096654074,-0.145872753236269,0.2654951725670839,12.217,57.1
32376,1988-08-25 00:00:00,0.1872019707530426,-0.0184777855520938,0.392881727058179,12.217,57.1
32377,1988-08-26 00:00:00,0.1920932240307475,-0.013654690265904,0.3978411383273991,12.217,57.1
32378,1988-08-27 00:00:00,0.0087003502307846,-0.1970035012242338,0.2144042016858032,12.217,57.1
32379,1988-08-28 00:00:00,0.1003524191893007,-0.1052503243405652,0.3059551627191668,12.217,57.1
32380,1988-08-29 00:00:00,0.186637086934882,-0.0190282399873494,0.3923024138571135,12.217,57.1
32381,1988-08-30 00:00:00,0.1465754880209396,-0.0598242877620621,0.3529752638039413,12.217,57.1
32382,1988-08-31 00:00:00,0.104038493083626,-0.1016035477446166,0.3096805339118687,12.217,57.1
32383,1988-09-01 00:00:00,0.1191348459267167,-0.0863657941581863,0.3246354860116197,12.217,57.1
32384,1988-09-02 00:00:00,0.1622512302876438,-0.0435950822706501,0.3680975428459377,12.217,57.1
32385,1988-09-03 00:00:00,0.2255718392702883,0.0181338015801582,0.4330098769604183,12.217,57.1
32386,1988-09-04 00:00:00,0.1460186952101449,-0.0603624916014574,0.3523998820217472,12.217,57.1
32387,1988-09-05 00:00:00,0.0817122737820447,-0.1239970676320441,0.2874216151961337,12.217,57.1
32388,1988-09-06 00:00:00,0.049040748988432,-0.1563852539450124,0.2544667519218765,12.217,57.1
32389,1988-09-07 00:00:00,-0.0652716507452007,-0.270761648702718,0.1402183472123166,12.217,57.1
32390,1988-09-08 00:00:00,-0.0678418819055465,-0.2732937862480261,0.137610022436933,12.217,57.1
32391,1988-09-09 00:00:00,0.0335100693926716,-0.1719812950986043,0.2390014338839475,12.217,57.1
32392,1988-09-10 00:00:00,0.0408377337854826,-0.1646642561304295,0.2463397237013947,12.217,57.1
32393,1988-09-11 00:00:00,0.0600315478435123,-0.1454902897882332,0.265553385475258,12.217,57.1
32394,1988-09-12 00:00:00,0.2562279664668541,0.0503497685291187,0.4621061644045895,12.217,57.1
32395,1988-09-13 00:00:00,0.2062868378165419,-0.0002783335215533,0.4128520091546372,12.217,57.1
32396,1988-09-14 00:00:00,0.0555077966847841,-0.1511908669984155,0.2622064603679839,12.217,57.1
32397,1988-09-15 00:00:00,-0.0430504520065835,-0.2493681793302729,0.1632672753171058,12.217,57.1
32398,1988-09-16 00:00:00,0.0086459749295235,-0.1971470119703657,0.2144389618294127,12.217,57.1
32399,1988-09-17 00:00:00,0.0343605374471354,-0.1715226749653128,0.2402437498595837,12.217,57.1
32400,1988-09-18 00:00:00,0.0942834419784641,-0.1118432596511774,0.3004101436081056,12.217,57.1
32401,1988-09-19 00:00:00,0.1312823581132006,-0.0753687460451692,0.3379334622715706,12.217,57.1
32402,1988-09-20 00:00:00,0.2231796164259111,0.0163090331772192,0.430050199674603,12.217,57.1
32403,1988-09-21 00:00:00,0.2000171459233078,-0.0076887753647994,0.4077230672114152,12.217,57.1
32404,1988-09-22 00:00:00,0.1210415607309491,-0.0850011697704075,0.3270842912323057,12.217,57.1
32405,1988-09-23 00:00:00,0.1663558943318656,-0.0393517487542514,0.3720635374179827,12.217,57.1
32406,1988-09-24 00:00:00,0.28525932001369,0.0787823715684323,0.4917362684589477,12.217,57.1
32407,1988-09-25 00:00:00,0.5410824561353504,0.332278427428103,0.7498864848425979,12.217,57.1
32408,1988-09-26 00:00:00,0.2625271074802667,0.0556674455066681,0.4693867694538653,12.217,57.1
32409,1988-09-27 00:00:00,0.6201719881209412,0.4122408914990279,0.8281030847428545,12.217,57.1
32410,1988-09-28 00:00:00,0.1467080165372249,-0.0610015641107818,0.3544175971852317,12.217,57.1
32411,1988-09-29 00:00:00,0.357592757204312,0.1504364760526536,0.5647490383559706,12.217,57.1
32412,1988-09-30 00:00:00,0.3914123751782188,0.1845697627311293,0.5982549876253083,12.217,57.1
32413,1988-10-01 00:00:00,0.0743235179110382,-0.1319175058456994,0.2805645416677759,12.217,57.1
32414,1988-10-02 00:00:00,0.0266010384140849,-0.1791534537795768,0.2323555306077466,12.217,57.1
32415,1988-10-03 00:00:00,0.0169432397594647,-0.1887073350244683,0.2225938145433978,12.217,57.1
32416,1988-10-04 00:00:00,0.0423544660942074,-0.1634102256705545,0.2481191578589694,12.217,57.1
32417,1988-10-05 00:00:00,0.1003113840859734,-0.1053346716033474,0.3059574397752943,12.217,57.1
32418,1988-10-06 00:00:00,0.1988998843632234,-0.0067584833547185,0.4045582520811654,12.217,57.1
32419,1988-10-07 00:00:00,0.4375221589989066,0.2273172277843508,0.6477270902134624,12.217,57.1
32420,1988-10-08 00:00:00,0.6247940644783369,0.4123760052518932,0.8372121237047805,12.217,57.1
32421,1988-10-09 00:00:00,0.5209740311124771,0.3092667977719633,0.7326812644529909,12.217,57.1
32422,1988-10-10 00:00:00,0.401861660636745,0.1921163642966322,0.6116069569768577,12.217,57.1
32423,1988-10-11 00:00:00,0.1698034520713935,-0.0367904468794077,0.3763973510221948,12.217,57.1
32424,1988-10-12 00:00:00,-0.0219357210627077,-0.2276963521949185,0.1838249100695029,12.217,57.1
32425,1988-10-13 00:00:00,-0.0121142933179461,-0.2197156311732602,0.1954870445373679,12.217,57.1
32426,1988-10-14 00:00:00,-0.0030537163208469,-0.2114455215043332,0.2053380888626393,12.217,57.1
32427,1988-10-15 00:00:00,-0.0493883565385643,-0.254880109907647,0.1561033968305183,12.217,57.1
32428,1988-10-16 00:00:00,-0.1176604535579493,-0.3233657384721917,0.0880448313562931,12.217,57.1
32429,1988-10-17 00:00:00,-0.0918492101976403,-0.2974300514928818,0.1137316310976011,12.217,57.1
32430,1988-10-18 00:00:00,-0.0657988990359437,-0.2714067571814122,0.1398089591095246,12.217,57.1
32431,1988-10-19 00:00:00,-0.0755439265815882,-0.2815660628261335,0.130478209662957,12.217,57.1
32432,1988-10-20 00:00:00,-0.1273419927574384,-0.3332932821038738,0.078609296588997,12.217,57.1
32433,1988-10-21 00:00:00,-0.1236300099794285,-0.3299831319705942,0.0827231120117372,12.217,57.1
32434,1988-10-22 00:00:00,-0.0141490771829306,-0.2203604417149235,0.1920622873490622,12.217,57.1
32435,1988-10-23 00:00:00,0.0073712207601693,-0.1982176176173969,0.2129600591377356,12.217,57.1
32436,1988-10-24 00:00:00,0.0446209064461933,-0.1612974568654015,0.2505392697577883,12.217,57.1
32437,1988-10-25 00:00:00,-0.0505752088836842,-0.25643602851059,0.1552856107432215,12.217,57.1
32438,1988-10-26 00:00:00,-0.0419385441137537,-0.2475838801982328,0.1637067919707252,12.217,57.1
32439,1988-10-27 00:00:00,0.1829485235144369,-0.023397651232369,0.3892946982612429,12.217,57.1
32440,1988-10-28 00:00:00,0.4912137326398971,0.283706417707512,0.6987210475722822,12.217,57.1
32441,1988-10-29 00:00:00,0.5504022206086904,0.3370257868959394,0.7637786543214413,12.217,57.1
32442,1988-10-30 00:00:00,-0.0032499832835782,-0.2125370667220249,0.2060371001548683,12.217,57.1
32443,1988-10-31 00:00:00,0.0100029178587508,-0.1956131524255308,0.2156189881430326,12.217,57.1
32444,1988-11-01 00:00:00,0.0487977320127029,-0.1575201367475937,0.2551156007729998,12.217,57.1
32445,1988-11-02 00:00:00,0.2273264793209468,0.0184671545444619,0.4361858040974316,12.217,57.1
32446,1988-11-03 00:00:00,-0.0378126249292965,-0.2471495449579448,0.1715242950993518,12.217,57.1
32447,1988-11-04 00:00:00,-0.1367334919653206,-0.3428383060719575,0.0693713221413162,12.217,57.1
32448,1988-11-05 00:00:00,0.092599930660229,-0.113230415008577,0.2984302763290352,12.217,57.1
32449,1988-11-06 00:00:00,0.170110631451293,-0.0360194317494186,0.3762406946520047,12.217,57.1
32450,1988-11-07 00:00:00,0.1292568980849118,-0.0769543936922748,0.3354681898620984,12.217,57.1
32451,1988-11-08 00:00:00,-0.0521873822654069,-0.2580630839592774,0.1536883194284635,12.217,57.1
32452,1988-11-09 00:00:00,0.0186109646790851,-0.1872194067653445,0.2244413361235149,12.217,57.1
32453,1988-11-10 00:00:00,0.1366826202189863,-0.0696874520986017,0.3430526925365745,12.217,57.1
32454,1988-11-11 00:00:00,0.1679353124440183,-0.0384875470601441,0.3743581719481808,12.217,57.1
32455,1988-11-12 00:00:00,0.1376840966793017,-0.0683876301346367,0.3437558234932402,12.217,57.1
32456,1988-11-13 00:00:00,0.1159446990892183,-0.0896043526008295,0.3214937507792661,12.217,57.1
32457,1988-11-14 00:00:00,0.0215785230707827,-0.1841930871557615,0.227350133297327,12.217,57.1
32458,1988-11-15 00:00:00,-0.0416513300346044,-0.2473909573315514,0.1640882972623426,12.217,57.1
32459,1988-11-16 00:00:00,-0.0188210758928176,-0.224360883084166,0.1867187312985307,12.217,57.1
32460,1988-11-17 00:00:00,0.1083439806366854,-0.0971631151646215,0.3138510764379925,12.217,57.1
32461,1988-11-18 00:00:00,0.1486251192077722,-0.0571408015829848,0.3543910399985294,12.217,57.1
32462,1988-11-19 00:00:00,0.020898609042316,-0.1872041090004896,0.2290013270851216,12.217,57.1
32463,1988-11-20 00:00:00,-0.1194723269005537,-0.3266954432616658,0.0877507894605582,12.217,57.1
32464,1988-11-21 00:00:00,-0.0340538529685642,-0.2396019356677304,0.1714942297306018,12.217,57.1
32465,1988-11-22 00:00:00,0.0137952682317746,-0.1921419935006665,0.2197325299642158,12.217,57.1
32466,1988-11-23 00:00:00,0.0341385710260766,-0.1715969547526107,0.239874096804764,12.217,57.1
32467,1988-11-24 00:00:00,0.0442614952502037,-0.1613143671261305,0.249837357626538,12.217,57.1
32468,1988-11-25 00:00:00,0.1663656682157845,-0.0395821589667922,0.3723134953983612,12.217,57.1
32469,1988-11-26 00:00:00,0.1163615772701147,-0.0895802440290927,0.3223033985693222,12.217,57.1
32470,1988-11-27 00:00:00,0.069404916340946,-0.1365859421992936,0.2753957748811857,12.217,57.1
32471,1988-11-28 00:00:00,-0.0132506346963323,-0.219292783557387,0.1927915141647222,12.217,57.1
32472,1988-11-29 00:00:00,0.3652285217783157,0.1582538928518763,0.572203150704755,12.217,57.1
32473,1988-11-30 00:00:00,0.2180007208885431,-0.0010450536916655,0.4370464954687518,12.217,57.1
32474,1988-12-01 00:00:00,-0.1299392231342264,-0.3386308177589469,0.078752371490494,12.217,57.1
32475,1988-12-02 00:00:00,-0.0654914521416539,-0.271868135936677,0.1408852316533691,12.217,57.1
32476,1988-12-03 00:00:00,-0.0337562365404948,-0.2400145082319896,0.1725020351509999,12.217,57.1
32477,1988-12-04 00:00:00,0.1767448979189024,-0.029514594497048,0.3830043903348529,12.217,57.1
32478,1988-12-05 00:00:00,0.3364349897011963,0.1301089536632051,0.5427610257391875,12.217,57.1
32479,1988-12-06 00:00:00,0.1713459196277013,-0.0350410477836768,0.3777328870390795,12.217,57.1
32480,1988-12-07 00:00:00,0.0134994411889922,-0.1935244521505097,0.2205233345284942,12.217,57.1
32481,1988-12-08 00:00:00,-0.1015223415417529,-0.3091214079228863,0.1060767248393804,12.217,57.1
32482,1988-12-09 00:00:00,0.2564691492110706,0.0499329507721255,0.4630053476500156,12.217,57.1
32483,1988-12-10 00:00:00,0.0648854474911972,-0.1413366736413854,0.2711075686237799,12.217,57.1
32484,1988-12-11 00:00:00,0.2002830315982014,-0.005928435568931,0.4064944987653339,12.217,57.1
32485,1988-12-12 00:00:00,0.3091539579645724,0.1020837566530412,0.5162241592761037,12.217,57.1
32486,1988-12-13 00:00:00,0.0453500826867484,-0.1617513345851061,0.2524514999586031,12.217,57.1
32487,1988-12-14 00:00:00,0.1367408846359175,-0.0713688913486547,0.3448506606204897,12.217,57.1
32488,1988-12-15 00:00:00,-0.0985068001743754,-0.306078415247422,0.109064814898671,12.217,57.1
32489,1988-12-16 00:00:00,-0.0301382554471722,-0.2363292930830255,0.1760527821886809,12.217,57.1
32490,1988-12-17 00:00:00,0.1431507158556566,-0.0624750603965289,0.3487764921078423,12.217,57.1
32491,1988-12-18 00:00:00,0.1167129526012016,-0.0890339140334055,0.3224598192358088,12.217,57.1
32492,1988-12-19 00:00:00,0.3727337548609444,0.1662000419909388,0.5792674677309502,12.217,57.1
32493,1988-12-20 00:00:00,0.1710737676460847,-0.0367234338073544,0.3788709690995239,12.217,57.1
32494,1988-12-21 00:00:00,0.0034902655832617,-0.2034023421943477,0.2103828733608713,12.217,57.1
32495,1988-12-22 00:00:00,0.2188119894957945,0.0124468409557507,0.4251771380358383,12.217,57.1
32496,1988-12-23 00:00:00,0.7034141201789607,0.4938766157758485,0.9129516245820728,12.217,57.1
32497,1988-12-24 00:00:00,0.335978636632448,0.1239896231278825,0.5479676501370135,12.217,57.1
32498,1988-12-25 00:00:00,0.37589456074654,0.1666585975687576,0.5851305239243223,12.217,57.1
32499,1988-12-26 00:00:00,0.0993039139452831,-0.1077268908880963,0.3063347187786626,12.217,57.1
32500,1988-12-27 00:00:00,0.3049152319356321,0.0986821207058939,0.5111483431653703,12.217,57.1
32501,1988-12-28 00:00:00,0.2831801875781466,0.077013674843279,0.4893467003130143,12.217,57.1
32502,1988-12-29 00:00:00,0.2223960634732865,0.0163338867787991,0.428458240167774,12.217,57.1
32503,1988-12-30 00:00:00,0.1534891526298922,-0.0526982518653864,0.359676557125171,12.217,57.1
32504,1988-12-31 00:00:00,0.2294735077811186,0.0162935816112319,0.4426534339510053,12.217,57.1
32505,1989-01-01 00:00:00,-0.0128948226666906,-0.2246190572838238,0.1988294119504426,12.217,57.1
32506,1989-01-02 00:00:00,-0.0284258342473114,-0.2343768350961967,0.1775251666015737,12.217,57.1
32507,1989-01-03 00:00:00,0.0325611107440719,-0.1731731682405125,0.2382953897286563,12.217,57.1
32508,1989-01-04 00:00:00,0.0743297128266583,-0.1315106302729983,0.280170055926315,12.217,57.1
32509,1989-01-05 00:00:00,0.1773199280022265,-0.0284667202968814,0.3831065763013346,12.217,57.1
32510,1989-01-06 00:00:00,0.1811341723983975,-0.024590166739241,0.386858511536036,12.217,57.1
32511,1989-01-07 00:00:00,0.1145607970378719,-0.0911351401590746,0.3202567342348186,12.217,57.1
32512,1989-01-08 00:00:00,0.0874319265270107,-0.1186783309680944,0.293542184022116,12.217,57.1
32513,1989-01-09 00:00:00,0.3589791254259471,0.1523957943457022,0.565562456506192,12.217,57.1
32514,1989-01-10 00:00:00,0.3755265126856463,0.168505730459498,0.5825472949117946,12.217,57.1
32515,1989-01-11 00:00:00,0.2366825679161589,0.0302571262657292,0.4431080095665886,12.217,57.1
32516,1989-01-12 00:00:00,0.2446556104316139,0.0385619966322994,0.4507492242309284,12.217,57.1
32517,1989-01-13 00:00:00,0.2354276053851384,0.0291578644835432,0.4416973462867335,12.217,57.1
32518,1989-01-14 00:00:00,0.2137700943648771,0.0063761695793755,0.4211640191503788,12.217,57.1
32519,1989-01-15 00:00:00,0.459624496915345,0.2516673503528625,0.6675816434778276,12.217,57.1
32520,1989-01-16 00:00:00,0.8397859448856746,0.6285711317132678,1.0510007580580814,12.217,57.1
32521,1989-01-17 00:00:00,0.4814415127632271,0.2702396833259749,0.6926433422004793,12.217,57.1
32522,1989-01-18 00:00:00,0.3084946508854461,0.0989294915385023,0.5180598102323899,12.217,57.1
32523,1989-01-19 00:00:00,0.200021383290497,-0.0061980663146256,0.4062408328956197,12.217,57.1
32524,1989-01-20 00:00:00,0.208082997502791,0.002109291169815,0.414056703835767,12.217,57.1
32525,1989-01-21 00:00:00,0.126399952074982,-0.0795418721799295,0.3323417763298936,12.217,57.1
32526,1989-01-22 00:00:00,0.2298127103172477,0.0238392735188449,0.4357861471156506,12.217,57.1
32527,1989-01-23 00:00:00,0.0806344987906158,-0.1257512060344637,0.2870202036156956,12.217,57.1
32528,1989-01-24 00:00:00,0.171034934568277,-0.0349893008487584,0.3770591699853126,12.217,57.1
32529,1989-01-25 00:00:00,0.1166402266170365,-0.0890428346976174,0.3223232879316904,12.217,57.1
32530,1989-01-26 00:00:00,0.0313314761278229,-0.1744175682878051,0.237080520543451,12.217,57.1
32531,1989-01-27 00:00:00,0.1080853161847608,-0.0975662550811818,0.3137368874507036,12.217,57.1
32532,1989-01-28 00:00:00,0.1487568341240733,-0.057926856869691,0.3554405251178378,12.217,57.1
32533,1989-01-29 00:00:00,0.2066641727484315,-0.0007196349602537,0.4140479804571169,12.217,57.1
32534,1989-01-30 00:00:00,0.4962188111093344,0.2848255319769776,0.7076120902416912,12.217,57.1
32535,1989-01-31 00:00:00,0.1855048408873713,-0.0259014258924369,0.3969111076671795,12.217,57.1
32536,1989-02-01 00:00:00,0.0818297009071986,-0.1239913569974127,0.28765075881181,12.217,57.1
32537,1989-02-02 00:00:00,0.1380148941543207,-0.0677985295416173,0.3438283178502588,12.217,57.1
32538,1989-02-03 00:00:00,0.3489132108644692,0.1421044621970803,0.5557219595318581,12.217,57.1
32539,1989-02-04 00:00:00,0.2666814867128229,0.0593692722278427,0.473993701197803,12.217,57.1
32540,1989-02-05 00:00:00,0.3839743222787302,0.1750338905760703,0.59291475398139,12.217,57.1
32541,1989-02-06 00:00:00,0.4978327352793263,0.2877245271661865,0.7079409433924662,12.217,57.1
32542,1989-02-07 00:00:00,0.5786502751216958,0.3704081598050009,0.7868923904383907,12.217,57.1
32543,1989-02-08 00:00:00,0.4478605035383283,0.2397356903099406,0.655985316766716,12.217,57.1
32544,1989-02-09 00:00:00,-0.0027562469357023,-0.2089339075072983,0.2034214136358935,12.217,57.1
32545,1989-02-10 00:00:00,0.0038244900835533,-0.2018769667323453,0.2095259468994521,12.217,57.1
32546,1989-02-11 00:00:00,0.0216817769231494,-0.184165288226859,0.227528842073158,12.217,57.1
32547,1989-02-12 00:00:00,0.1364494242760364,-0.0693616117279511,0.342260460280024,12.217,57.1
32548,1989-02-13 00:00:00,0.2620055262102654,0.0560802163657764,0.4679308360547544,12.217,57.1
32549,1989-02-14 00:00:00,0.1625183985132268,-0.0461232657517193,0.371160062778173,12.217,57.1
32550,1989-02-15 00:00:00,0.3240207049842256,0.1114025851892413,0.53663882477921,12.217,57.1
32551,1989-02-16 00:00:00,0.534913513472013,0.3236434208251196,0.7461836061189063,12.217,57.1
32552,1989-02-17 00:00:00,0.3312466218875397,0.1247766557007517,0.5377165880743278,12.217,57.1
32553,1989-02-18 00:00:00,0.0780260575776907,-0.1280701667056249,0.2841222818610064,12.217,57.1
32554,1989-02-19 00:00:00,0.2415760193384006,0.0348471723645552,0.4483048663122461,12.217,57.1
32555,1989-02-20 00:00:00,0.5976589662210633,0.3893898988790301,0.8059280335630965,12.217,57.1
32556,1989-02-21 00:00:00,0.2708029922419253,0.0628217355051053,0.4787842489787453,12.217,57.1
32557,1989-02-22 00:00:00,0.1978092747354317,-0.0079172676551119,0.4035358171259754,12.217,57.1
32558,1989-02-23 00:00:00,0.2255027185721211,0.0196248419599753,0.4313805951842669,12.217,57.1
32559,1989-02-24 00:00:00,0.3265951722923785,0.1205742426332504,0.5326161019515065,12.217,57.1
32560,1989-02-25 00:00:00,0.2776166459897659,0.0713458100855435,0.4838874818939883,12.217,57.1
32561,1989-02-26 00:00:00,0.4430507988850449,0.2354833598242026,0.6506182379458874,12.217,57.1
32562,1989-02-27 00:00:00,0.3360610211976536,0.1297667151661321,0.542355327229175,12.217,57.1
32563,1989-02-28 00:00:00,0.2964152781924314,0.0903209280262158,0.502509628358647,12.217,57.1
32564,1989-03-01 00:00:00,0.3195614072358343,0.1136987830145987,0.52542403145707,12.217,57.1
32565,1989-03-02 00:00:00,0.2245702618124485,0.0183452743345936,0.4307952492903033,12.217,57.1
32566,1989-03-03 00:00:00,0.0756875229930566,-0.130290147255734,0.2816651932418474,12.217,57.1
32567,1989-03-04 00:00:00,0.0420768207905582,-0.1635338519933479,0.2476874935744644,12.217,57.1
32568,1989-03-05 00:00:00,0.090916157149947,-0.1146572372114949,0.296489551511389,12.217,57.1
32569,1989-03-06 00:00:00,0.0537319433452862,-0.152169550841236,0.2596334375318085,12.217,57.1
32570,1989-03-07 00:00:00,0.0786311196208241,-0.1269434275302335,0.2842056667718818,12.217,57.1
32571,1989-03-08 00:00:00,0.0703580462641316,-0.1353789795867604,0.2760950721150238,12.217,57.1
32572,1989-03-09 00:00:00,0.0596780354849314,-0.1460770054829419,0.2654330764528048,12.217,57.1
32573,1989-03-10 00:00:00,0.0721636551056794,-0.1339642720088917,0.2782915822202505,12.217,57.1
32574,1989-03-11 00:00:00,0.1077617482368417,-0.0990187064506959,0.3145422029243795,12.217,57.1
32575,1989-03-12 00:00:00,0.0741868429997667,-0.1316060053920329,0.2799796913915664,12.217,57.1
32576,1989-03-13 00:00:00,0.0895831947983442,-0.1162388788327072,0.2954052684293957,12.217,57.1
32577,1989-03-14 00:00:00,0.4040157683788528,0.1958659033677501,0.6121656333899554,12.217,57.1
32578,1989-03-15 00:00:00,0.3564696063630108,0.1483490609714393,0.5645901517545823,12.217,57.1
32579,1989-03-16 00:00:00,0.2849515293280076,0.077542269630755,0.4923607890252602,12.217,57.1
32580,1989-03-17 00:00:00,0.1564098436614965,-0.0507628103369491,0.3635824976599421,12.217,57.1
32581,1989-03-18 00:00:00,0.058933352047175,-0.146961772358968,0.2648284764533181,12.217,57.1
32582,1989-03-19 00:00:00,0.1943539737712579,-0.012381134729488,0.4010890822720039,12.217,57.1
32583,1989-03-20 00:00:00,0.2036339381749568,-0.0037750250579192,0.4110429014078329,12.217,57.1
32584,1989-03-21 00:00:00,0.1910696176118778,-0.0147101849538279,0.3968494201775835,12.217,57.1
32585,1989-03-22 00:00:00,0.245792025484821,0.0392454565771266,0.4523385943925154,12.217,57.1
32586,1989-03-23 00:00:00,0.3771453977687551,0.1685215654108193,0.585769230126691,12.217,57.1
32587,1989-03-24 00:00:00,0.4095403311338742,0.2005293062689118,0.6185513559988366,12.217,57.1
32588,1989-03-25 00:00:00,0.4732763526780592,0.262872081273852,0.6836806240822664,12.217,57.1
32589,1989-03-26 00:00:00,0.4811560550737593,0.2733499905351098,0.6889621196124088,12.217,57.1
32590,1989-03-27 00:00:00,0.082558066250769,-0.1236137520005184,0.2887298845020566,12.217,57.1
32591,1989-03-28 00:00:00,0.0793694422227985,-0.1263064698191298,0.2850453542647268,12.217,57.1
32592,1989-03-29 00:00:00,0.327946225207601,0.1199808629605644,0.5359115874546376,12.217,57.1
32593,1989-03-30 00:00:00,0.0898608212851677,-0.117818754533882,0.2975403971042174,12.217,57.1
32594,1989-03-31 00:00:00,0.1487423039937968,-0.0569025499281891,0.3543871579157828,12.217,57.1
32595,1989-04-01 00:00:00,0.0036609222465025,-0.2024722480422431,0.2097940925352483,12.217,57.1
32596,1989-04-02 00:00:00,-0.0439278576854623,-0.2501083597848201,0.1622526444138954,12.217,57.1
32597,1989-04-03 00:00:00,-0.0525195849077953,-0.2587284104512133,0.1536892406356227,12.217,57.1
32598,1989-04-04 00:00:00,-0.0333457322715054,-0.2393187046274955,0.1726272400844846,12.217,57.1
32599,1989-04-05 00:00:00,-0.1710391962031949,-0.3777140354382479,0.035635643031858,12.217,57.1
32600,1989-04-06 00:00:00,-0.1830192077641475,-0.3931916121362419,0.0271531966079469,12.217,57.1
32601,1989-04-07 00:00:00,0.1866083247560209,-0.0225444562717733,0.3957611057838152,12.217,57.1
32602,1989-04-08 00:00:00,0.1565625027825043,-0.0504214638100973,0.363546469375106,12.217,57.1
32603,1989-04-09 00:00:00,0.074503885241924,-0.1312238413551424,0.2802316118389905,12.217,57.1
32604,1989-04-10 00:00:00,0.1078183511567308,-0.0976806822627072,0.313317384576169,12.217,57.1
32605,1989-04-11 00:00:00,0.2538823176825857,0.0477145610082396,0.4600500743569318,12.217,57.1
32606,1989-04-12 00:00:00,0.1519644668137374,-0.0545614458333452,0.3584903794608201,12.217,57.1
32607,1989-04-13 00:00:00,0.0792024832156423,-0.1272241259271624,0.2856290923584471,12.217,57.1
32608,1989-04-14 00:00:00,0.1230997127544962,-0.083051485341173,0.3292509108501654,12.217,57.1
32609,1989-04-15 00:00:00,0.0191661632050882,-0.1866513582979687,0.2249836847081451,12.217,57.1
32610,1989-04-16 00:00:00,0.0105191090023962,-0.1955325332868654,0.216570751291658,12.217,57.1
32611,1989-04-17 00:00:00,-0.0668866587091778,-0.2731413254585272,0.1393680080401715,12.217,57.1
32612,1989-04-18 00:00:00,-0.0082964414912746,-0.2147041263603549,0.1981112433778056,12.217,57.1
32613,1989-04-19 00:00:00,-0.0060057665300076,-0.2117879358116357,0.1997764027516204,12.217,57.1
32614,1989-04-20 00:00:00,-0.0412488173441596,-0.2468888271007351,0.164391192412416,12.217,57.1
32615,1989-04-21 00:00:00,0.030479517908086,-0.1752038900472161,0.2361629258633881,12.217,57.1
32616,1989-04-22 00:00:00,0.0379551528652452,-0.1675865160591413,0.2434968217896317,12.217,57.1
32617,1989-04-23 00:00:00,0.0824938508201416,-0.1234072008108171,0.2883949024511005,12.217,57.1
32618,1989-04-24 00:00:00,0.1619698994916901,-0.0437812622784529,0.3677210612618332,12.217,57.1
32619,1989-04-25 00:00:00,0.0607957189250163,-0.1451769490175439,0.2667683868675767,12.217,57.1
32620,1989-04-26 00:00:00,0.0967373024126861,-0.1098650373867796,0.303339642212152,12.217,57.1
32621,1989-04-27 00:00:00,0.0258839074981452,-0.1806103973450532,0.2323782123413436,12.217,57.1
32622,1989-04-28 00:00:00,0.0415280050117682,-0.1647280577474895,0.2477840677710259,12.217,57.1
32623,1989-04-29 00:00:00,0.0286502541741218,-0.1769613637366828,0.2342618720849265,12.217,57.1
32624,1989-04-30 00:00:00,0.0020482026488758,-0.2034538674930311,0.2075502727907828,12.217,57.1
32625,1989-05-01 00:00:00,0.0071624703440533,-0.1983346243905898,0.2126595650786965,12.217,57.1
32626,1989-05-02 00:00:00,0.0712812906781039,-0.1343755230645496,0.2769381044207575,12.217,57.1
32627,1989-05-03 00:00:00,0.014679510314837,-0.1908492920381469,0.220208312667821,12.217,57.1
32628,1989-05-04 00:00:00,-0.0030583437467914,-0.208599679684237,0.2024829921906542,12.217,57.1
32629,1989-05-05 00:00:00,0.0245024052753477,-0.1812119617845423,0.2302167723352377,12.217,57.1
32630,1989-05-06 00:00:00,0.0800980752760232,-0.1260721363827476,0.2862682869347941,12.217,57.1
32631,1989-05-07 00:00:00,0.0319586666845041,-0.1774083212062915,0.2413256545752997,12.217,57.1
32632,1989-05-08 00:00:00,0.1061005945080341,-0.0996020341384078,0.311803223154476,12.217,57.1
32633,1989-05-09 00:00:00,0.1207371053731245,-0.0849788058557844,0.3264530166020336,12.217,57.1
32634,1989-05-10 00:00:00,0.3317554365908626,0.125737986427635,0.5377728867540902,12.217,57.1
32635,1989-05-11 00:00:00,0.1809881610374683,-0.0257427917227764,0.387719113797713,12.217,57.1
32636,1989-05-12 00:00:00,0.1117932486880459,-0.0940478515723365,0.3176343489484284,12.217,57.1
32637,1989-05-13 00:00:00,0.2189528546876109,0.0127029229371774,0.4252027864380444,12.217,57.1
32638,1989-05-14 00:00:00,0.1435050909069146,-0.0633124666901297,0.350322648503959,12.217,57.1
32639,1989-05-15 00:00:00,0.1289091709120723,-0.0774122262987459,0.3352305681228906,12.217,57.1
32640,1989-05-16 00:00:00,-0.0009688679145879,-0.2067896217139426,0.2048518858847667,12.217,57.1
32641,1989-05-17 00:00:00,0.0084289365098256,-0.1979300840284965,0.2147879570481476,12.217,57.1
32642,1989-05-18 00:00:00,-0.0278821605912554,-0.2344597848244942,0.1786954636419833,12.217,57.1
32643,1989-05-19 00:00:00,0.0097072524021092,-0.1962122362288114,0.21562674103303,12.217,57.1
32644,1989-05-20 00:00:00,-0.0614167700069172,-0.2673565235458663,0.1445229835320317,12.217,57.1
32645,1989-05-21 00:00:00,-0.0934125904641444,-0.2989570996007113,0.1121319186724225,12.217,57.1
32646,1989-05-22 00:00:00,-0.0735924606806753,-0.2791620110284863,0.1319770896671356,12.217,57.1
32647,1989-05-23 00:00:00,-0.0537011438439459,-0.2593517457720073,0.1519494580841155,12.217,57.1
32648,1989-05-24 00:00:00,-0.0202529503760649,-0.2259330488595983,0.1854271481074684,12.217,57.1
32649,1989-05-25 00:00:00,0.0101243030578319,-0.1954833915134304,0.2157319976290943,12.217,57.1
32650,1989-05-26 00:00:00,0.0147731442116996,-0.1910637412639207,0.2206100296873199,12.217,57.1
32651,1989-05-27 00:00:00,-0.0474809641371989,-0.2533104422284415,0.1583485139540436,12.217,57.1
32652,1989-05-28 00:00:00,-0.0225577248883157,-0.2283167370089062,0.1832012872322748,12.217,57.1
32653,1989-05-29 00:00:00,0.0870682026159144,-0.1189811942619737,0.2931175994938026,12.217,57.1
32654,1989-05-30 00:00:00,0.1126744596719063,-0.0934536276170393,0.318802546960852,12.217,57.1
32655,1989-05-31 00:00:00,0.1099112267714208,-0.0963741277160395,0.3161965812588813,12.217,57.1
32656,1989-06-01 00:00:00,0.2074972218107102,0.0005222347581738,0.4144722088632465,12.217,57.1
32657,1989-06-02 00:00:00,0.1112322291354319,-0.0945422488932665,0.3170067071641305,12.217,57.1
32658,1989-06-03 00:00:00,0.0564893687430543,-0.1491184032469385,0.2620971407330473,12.217,57.1
32659,1989-06-04 00:00:00,-0.0079251857912856,-0.2135959707789202,0.1977455991963488,12.217,57.1
32660,1989-06-05 00:00:00,0.0484138122717848,-0.1573531898837561,0.2541808144273258,12.217,57.1
32661,1989-06-06 00:00:00,0.0822915270881334,-0.123386079954865,0.2879691341311319,12.217,57.1
32662,1989-06-07 00:00:00,0.050041466702684,-0.1554583411910851,0.2555412745964531,12.217,57.1
32663,1989-06-08 00:00:00,0.0638472480384137,-0.1416051716902807,0.2692996677671082,12.217,57.1
32664,1989-06-09 00:00:00,0.0915313745397466,-0.1148424541922169,0.2979052032717102,12.217,57.1
32665,1989-06-10 00:00:00,0.0440345316300076,-0.1618193660850026,0.2498884293450178,12.217,57.1
32666,1989-06-11 00:00:00,0.0015324805059509,-0.2038617320260302,0.206926693037932,12.217,57.1
32667,1989-06-12 00:00:00,-0.0195497877101763,-0.2249820765983112,0.1858825011779586,12.217,57.1
32668,1989-06-13 00:00:00,-0.0746435098974181,-0.2801081640156,0.1308211442207638,12.217,57.1
32669,1989-06-14 00:00:00,-0.0520219257009722,-0.25765950537078,0.1536156539688354,12.217,57.1
32670,1989-06-15 00:00:00,-0.0542330620428031,-0.2600253569742676,0.1515592328886612,12.217,57.1
32671,1989-06-16 00:00:00,-0.0709046078685592,-0.2764959053187013,0.1346866895815828,12.217,57.1
32672,1989-06-17 00:00:00,-0.0474767819299116,-0.2530446904889493,0.158091126629126,12.217,57.1
32673,1989-06-18 00:00:00,-0.0493172380008773,-0.2550943847383987,0.156459908736644,12.217,57.1
32674,1989-06-19 00:00:00,-0.0367727320889791,-0.2425953472127379,0.1690498830347795,12.217,57.1
32675,1989-06-20 00:00:00,-0.0216108951254502,-0.2275768212572601,0.1843550310063596,12.217,57.1
32676,1989-06-21 00:00:00,0.026097813809421,-0.1794652035923694,0.2316608312112114,12.217,57.1
32677,1989-06-22 00:00:00,0.0110080148775302,-0.1944657991047105,0.2164818288597709,12.217,57.1
32678,1989-06-23 00:00:00,0.0498222251667761,-0.1556365247315858,0.255280975065138,12.217,57.1
32679,1989-06-24 00:00:00,0.0873565658690993,-0.1183246257936034,0.2930377575318021,12.217,57.1
32680,1989-06-25 00:00:00,0.119470710309672,-0.0861745876401847,0.3251160082595288,12.217,57.1
32681,1989-06-26 00:00:00,0.1135369396059838,-0.0926269879245597,0.3197008671365273,12.217,57.1
32682,1989-06-27 00:00:00,0.1012243824204016,-0.1057563891417441,0.3082051539825475,12.217,57.1
32683,1989-06-28 00:00:00,0.1632778920436917,-0.0428302660809581,0.3693860501683416,12.217,57.1
32684,1989-06-29 00:00:00,0.1811997993027616,-0.025842693517839,0.3882422921233622,12.217,57.1
32685,1989-06-30 00:00:00,0.1201575676750094,-0.0879197647757578,0.3282349001257767,12.217,57.1
32686,1989-07-01 00:00:00,0.0817524486063882,-0.124180905279712,0.2876858024924885,12.217,57.1
32687,1989-07-02 00:00:00,0.027909549212985,-0.1778681821676819,0.233687280593652,12.217,57.1
32688,1989-07-03 00:00:00,-0.0620760566186682,-0.2680108518493787,0.1438587386120423,12.217,57.1
32689,1989-07-04 00:00:00,-0.0700266508582235,-0.2756116681480231,0.135558366431576,12.217,57.1
32690,1989-07-05 00:00:00,-0.0404582400121749,-0.2459666335694207,0.1650501535450708,12.217,57.1
32691,1989-07-06 00:00:00,-0.0313672496759605,-0.2368900206692863,0.1741555213173652,12.217,57.1
32692,1989-07-07 00:00:00,0.001243089178383,-0.2043432401840851,0.2068294185408513,12.217,57.1
32693,1989-07-08 00:00:00,0.0731265090198765,-0.1324017602763645,0.2786547783161175,12.217,57.1
32694,1989-07-09 00:00:00,0.0495103947829925,-0.1560540331853072,0.2550748227512924,12.217,57.1
32695,1989-07-10 00:00:00,0.0371725644097565,-0.1685976621628113,0.2429427909823244,12.217,57.1
32696,1989-07-11 00:00:00,0.0217908121555402,-0.1840451828830191,0.2276268071940997,12.217,57.1
32697,1989-07-12 00:00:00,0.127140309566704,-0.0784492421343385,0.3327298612677466,12.217,57.1
32698,1989-07-13 00:00:00,0.1841544049757311,-0.0216069333809547,0.3899157433324171,12.217,57.1
32699,1989-07-14 00:00:00,0.1865993195144842,-0.0197332862699903,0.3929319252989589,12.217,57.1
32700,1989-07-15 00:00:00,0.1216931523089768,-0.0856691749146642,0.3290554795326179,12.217,57.1
32701,1989-07-16 00:00:00,0.1393888472264225,-0.0667993239546746,0.3455770184075196,12.217,57.1
32702,1989-07-17 00:00:00,0.1803075955545428,-0.0267712112379018,0.3873864023469874,12.217,57.1
32703,1989-07-18 00:00:00,0.1252372711996713,-0.0825686083570484,0.3330431507563912,12.217,57.1
32704,1989-07-19 00:00:00,0.0921193595370086,-0.1181877579595346,0.3024264770335519,12.217,57.1
32705,1989-07-20 00:00:00,-0.0089623512892272,-0.2149893792180695,0.197064676639615,12.217,57.1
32706,1989-07-21 00:00:00,-0.0165453121416,-0.2220073262592004,0.1889167019760003,12.217,57.1
32707,1989-07-22 00:00:00,-0.0140023897408792,-0.2194247878305815,0.1914200083488231,12.217,57.1
32708,1989-07-23 00:00:00,0.0268108505436109,-0.1786436655295641,0.2322653666167859,12.217,57.1
32709,1989-07-24 00:00:00,-0.0137046762539692,-0.2192677831600603,0.1918584306521218,12.217,57.1
32710,1989-07-25 00:00:00,-0.0330374164574751,-0.2386554891960573,0.1725806562811071,12.217,57.1
32711,1989-07-26 00:00:00,-0.00580115906916,-0.2114840690558788,0.1998817509175586,12.217,57.1
32712,1989-07-27 00:00:00,0.0498765229662,-0.1557507501654746,0.2555037960978748,12.217,57.1
32713,1989-07-28 00:00:00,0.0805595685716181,-0.1252752770467762,0.2863944141900124,12.217,57.1
32714,1989-07-29 00:00:00,0.083757426229479,-0.1219925330514074,0.2895073855103656,12.217,57.1
32715,1989-07-30 00:00:00,0.1070947387326163,-0.0988868325805997,0.3130763100458325,12.217,57.1
32716,1989-07-31 00:00:00,0.1902580674875059,-0.0159752886037302,0.3964914235787422,12.217,57.1
32717,1989-08-01 00:00:00,0.4837001052030151,0.2761240179232608,0.6912761924827695,12.217,57.1
32718,1989-08-02 00:00:00,0.30197917811255,0.0940406907857137,0.5099176654393862,12.217,57.1
32719,1989-08-03 00:00:00,0.0537530437244078,-0.1526897956047284,0.2601958830535441,12.217,57.1
32720,1989-08-04 00:00:00,0.0926420772989394,-0.1133274605550225,0.2986116151529014,12.217,57.1
32721,1989-08-05 00:00:00,0.3852355146685204,0.1785539101509942,0.5919171191860467,12.217,57.1
32722,1989-08-06 00:00:00,0.1967278569464263,-0.0092700907204369,0.4027258046132897,12.217,57.1
32723,1989-08-07 00:00:00,0.1107349691828226,-0.0947609289110213,0.3162308672766666,12.217,57.1
32724,1989-08-08 00:00:00,0.0802410709466457,-0.1251809249747925,0.2856630668680839,12.217,57.1
32725,1989-08-09 00:00:00,0.0334632083772576,-0.1719755863534596,0.2389020031079748,12.217,57.1
32726,1989-08-10 00:00:00,0.0805085752711841,-0.1249661938515168,0.285983344393885,12.217,57.1
32727,1989-08-11 00:00:00,0.1666963564212449,-0.0388864128169786,0.3722791256594685,12.217,57.1
32728,1989-08-12 00:00:00,0.1919649819366274,-0.013701192209186,0.3976311560824408,12.217,57.1
32729,1989-08-13 00:00:00,0.2453328038318914,0.0396528368983406,0.4510127707654423,12.217,57.1
32730,1989-08-14 00:00:00,0.1145977478819034,-0.0912583139788348,0.3204538097426417,12.217,57.1
32731,1989-08-15 00:00:00,0.13091153427474,-0.0748592704452859,0.3366823389947661,12.217,57.1
32732,1989-08-16 00:00:00,0.1406975323811148,-0.0655534840425983,0.3469485488048281,12.217,57.1
32733,1989-08-17 00:00:00,0.0730113741828388,-0.1327705337405053,0.278793282106183,12.217,57.1
32734,1989-08-18 00:00:00,0.1296745532054693,-0.0760521788900467,0.3354012853009854,12.217,57.1
32735,1989-08-19 00:00:00,0.1591176276712292,-0.0468341557180802,0.3650694110605388,12.217,57.1
32736,1989-08-20 00:00:00,0.0277802654847993,-0.1780575960869977,0.2336181270565963,12.217,57.1
32737,1989-08-21 00:00:00,0.0905198061304175,-0.1150449727788767,0.2960845850397118,12.217,57.1
32738,1989-08-22 00:00:00,0.0901285842167011,-0.1157606602015686,0.296017828634971,12.217,57.1
32739,1989-08-23 00:00:00,0.0950924680999085,-0.1105985160472756,0.3007834522470927,12.217,57.1
32740,1989-08-24 00:00:00,0.1889140488419253,-0.0176260572252143,0.3954541549090651,12.217,57.1
32741,1989-08-25 00:00:00,0.2073450709817044,0.000962253670016,0.4137278882933928,12.217,57.1
32742,1989-08-26 00:00:00,0.1170368139407979,-0.0887978142771685,0.3228714421587644,12.217,57.1
32743,1989-08-27 00:00:00,0.0590614026850402,-0.1465597007937732,0.2646825061638537,12.217,57.1
32744,1989-08-28 00:00:00,-0.0897660931037557,-0.2965839595012864,0.1170517732937749,12.217,57.1
32745,1989-08-29 00:00:00,-0.025694994927429,-0.2347695991281761,0.1833796092733181,12.217,57.1
32746,1989-08-30 00:00:00,-0.0388291936129572,-0.245160258285382,0.1675018710594674,12.217,57.1
32747,1989-08-31 00:00:00,0.0937866894969313,-0.1117484423347206,0.2993218213285833,12.217,57.1
32748,1989-09-01 00:00:00,0.0721004812647915,-0.1338877173570926,0.2780886798866757,12.217,57.1
32749,1989-09-02 00:00:00,0.0423442695515765,-0.1632849091627964,0.2479734482659494,12.217,57.1
32750,1989-09-03 00:00:00,0.0262779588409654,-0.1791785816997578,0.2317344993816887,12.217,57.1
32751,1989-09-04 00:00:00,-0.0282355945107242,-0.2336870931904922,0.1772159041690438,12.217,57.1
32752,1989-09-05 00:00:00,0.0068025915570989,-0.1987391575045488,0.2123443406187468,12.217,57.1
32753,1989-09-06 00:00:00,0.0984962873999635,-0.1070061732757823,0.3039987480757095,12.217,57.1
32754,1989-09-07 00:00:00,0.2031920694260144,-0.0027809244819528,0.4091650633339818,12.217,57.1
32755,1989-09-08 00:00:00,0.0009097468603017,-0.2052543115528314,0.2070738052734348,12.217,57.1
32756,1989-09-09 00:00:00,-0.0112622899325027,-0.2167767204055802,0.1942521405405747,12.217,57.1
32757,1989-09-10 00:00:00,-0.0780871004957305,-0.2836574414648006,0.1274832404733396,12.217,57.1
32758,1989-09-11 00:00:00,-0.1145038553445381,-0.3201776343039714,0.0911699236148952,12.217,57.1
32759,1989-09-12 00:00:00,-0.063393685178808,-0.2690013006392375,0.1422139302816213,12.217,57.1
32760,1989-09-13 00:00:00,0.0036442423391208,-0.201898247932751,0.2091867326109927,12.217,57.1
32761,1989-09-14 00:00:00,0.1020397964535284,-0.1035537075269025,0.3076333004339593,12.217,57.1
32762,1989-09-15 00:00:00,0.2085764640033086,0.0026289279954729,0.4145240000111442,12.217,57.1
32763,1989-09-16 00:00:00,0.2049626640359163,-0.0008860721492678,0.4108114002211005,12.217,57.1
32764,1989-09-17 00:00:00,0.1924578773524163,-0.013611240052337,0.3985269947571698,12.217,57.1
32765,1989-09-18 00:00:00,0.1601269029980774,-0.0464758538438165,0.3667296598399714,12.217,57.1
32766,1989-09-19 00:00:00,0.1004747230816012,-0.1051862169465692,0.3061356631097717,12.217,57.1
32767,1989-09-20 00:00:00,0.1717482876086627,-0.0343286425917153,0.3778252178090407,12.217,57.1
32768,1989-09-21 00:00:00,0.0797627669968638,-0.1270246425067967,0.2865501765005244,12.217,57.1
32769,1989-09-22 00:00:00,0.0467235682836792,-0.1600818391730725,0.2535289757404311,12.217,57.1
32770,1989-09-23 00:00:00,0.0730428048033937,-0.1324605726138973,0.2785461822206848,12.217,57.1
32771,1989-09-24 00:00:00,0.0297165759038099,-0.1757878718500219,0.2352210236576419,12.217,57.1
32772,1989-09-25 00:00:00,0.0206757153770687,-0.1848827434598732,0.2262341742140107,12.217,57.1
32773,1989-09-26 00:00:00,0.1200836245625842,-0.0859738303736705,0.3261410794988389,12.217,57.1
32774,1989-09-27 00:00:00,0.010065239856015,-0.196094759975261,0.216225239687291,12.217,57.1
32775,1989-09-28 00:00:00,0.0057392332332543,-0.1998478746527197,0.2113263411192283,12.217,57.1
32776,1989-09-29 00:00:00,-0.0227262021544686,-0.2284264089919962,0.182974004683059,12.217,57.1
32777,1989-09-30 00:00:00,-0.0286869338454471,-0.2343866318941592,0.1770127642032649,12.217,57.1
32778,1989-10-01 00:00:00,0.0589414282528749,-0.1477059819763378,0.2655888384820877,12.217,57.1
32779,1989-10-02 00:00:00,0.1189467292481504,-0.0875965223077051,0.3254899808040061,12.217,57.1
32780,1989-10-03 00:00:00,0.3179415060829184,0.1042973731467167,0.53158563901912,12.217,57.1
32781,1989-10-04 00:00:00,-0.1589102966662845,-0.3693009185204928,0.0514803251879237,12.217,57.1
32782,1989-10-05 00:00:00,-0.0248135281280966,-0.2303185664577227,0.1806915102015295,12.217,57.1
32783,1989-10-06 00:00:00,0.0493113457284664,-0.1561584447428219,0.2547811361997548,12.217,57.1
32784,1989-10-07 00:00:00,0.1793564170706434,-0.0264660914872709,0.3851789256285579,12.217,57.1
32785,1989-10-08 00:00:00,0.0171006266249807,-0.1891969766929924,0.223398229942954,12.217,57.1
32786,1989-10-09 00:00:00,-0.0243002505534943,-0.2306675525211217,0.182067051414133,12.217,57.1
32787,1989-10-10 00:00:00,0.0141515649177458,-0.1915719546719387,0.2198750845074304,12.217,57.1
32788,1989-10-11 00:00:00,0.0888975705864768,-0.1171989549717852,0.294994096144739,12.217,57.1
32789,1989-10-12 00:00:00,0.037210227907867,-0.1721028351055558,0.2465232909212899,12.217,57.1
32790,1989-10-13 00:00:00,0.2389928335143173,0.0331050919964018,0.4448805750322329,12.217,57.1
32791,1989-10-14 00:00:00,0.2875087448253262,0.0817052354075592,0.4933122542430931,12.217,57.1
32792,1989-10-15 00:00:00,0.1657407107895012,-0.0399720184690077,0.3714534400480102,12.217,57.1
32793,1989-10-16 00:00:00,0.0792054690656093,-0.1265512635392705,0.2849622016704891,12.217,57.1
32794,1989-10-17 00:00:00,0.2357304301279099,0.0296333343658928,0.441827525889927,12.217,57.1
32795,1989-10-18 00:00:00,0.1668707326054728,-0.0393329652833358,0.3730744304942816,12.217,57.1
32796,1989-10-19 00:00:00,0.0752040710393849,-0.130368602831587,0.2807767449103568,12.217,57.1
32797,1989-10-20 00:00:00,0.1278593835238309,-0.0776682333112204,0.3333870003588824,12.217,57.1
32798,1989-10-21 00:00:00,0.3308494396119451,0.1245176283298545,0.5371812508940357,12.217,57.1
32799,1989-10-22 00:00:00,0.4237296920097647,0.2142898507350496,0.6331695332844798,12.217,57.1
32800,1989-10-23 00:00:00,0.2419123006288402,0.0338842780526748,0.4499403232050055,12.217,57.1
32801,1989-10-24 00:00:00,0.1891097816995564,-0.0185589097092873,0.3967784731084002,12.217,57.1
32802,1989-10-25 00:00:00,0.2741700580753708,0.067309127816736,0.4810309883340057,12.217,57.1
32803,1989-10-26 00:00:00,0.2534431840056355,0.0468700015694429,0.460016366441828,12.217,57.1
32804,1989-10-27 00:00:00,0.2944890300812755,0.0880527036122741,0.5009253565502769,12.217,57.1
32805,1989-10-28 00:00:00,0.0315892148742824,-0.1748744332254617,0.2380528629740265,12.217,57.1
32806,1989-10-29 00:00:00,0.1523960713893436,-0.0536026725403014,0.3583948153189886,12.217,57.1
32807,1989-10-30 00:00:00,0.1601503982299759,-0.0459053623797802,0.3662061588397322,12.217,57.1
32808,1989-10-31 00:00:00,-0.0040997607516831,-0.2100309042986904,0.2018313827953242,12.217,57.1
32809,1989-11-01 00:00:00,0.0243760793686923,-0.1812547047287241,0.2300068634661088,12.217,57.1
32810,1989-11-02 00:00:00,0.1080771270770939,-0.0976977466648783,0.3138520008190661,12.217,57.1
32811,1989-11-03 00:00:00,0.1165318417625018,-0.0891003328573045,0.3221640163823083,12.217,57.1
32812,1989-11-04 00:00:00,0.1937339906622055,-0.0128652506177529,0.4003332319421639,12.217,57.1
32813,1989-11-05 00:00:00,0.271958679674948,0.0658754961545179,0.478041863195378,12.217,57.1
32814,1989-11-06 00:00:00,0.1927964222175242,-0.0136354994970477,0.3992283439320961,12.217,57.1
32815,1989-11-07 00:00:00,0.053322138595321,-0.152700169792638,0.2593444469832802,12.217,57.1
32816,1989-11-08 00:00:00,0.0478493558287128,-0.1579013826102589,0.2536000942676846,12.217,57.1
32817,1989-11-09 00:00:00,0.1944556934611612,-0.0123621854076424,0.4012735723299649,12.217,57.1
32818,1989-11-10 00:00:00,0.1924281912179444,-0.0181544284143546,0.4030108108502435,12.217,57.1
32819,1989-11-11 00:00:00,0.2192430768416703,0.0121639781125482,0.4263221755707924,12.217,57.1
32820,1989-11-12 00:00:00,0.1607754738237187,-0.0461770389731224,0.3677279866205599,12.217,57.1
32821,1989-11-13 00:00:00,0.0669169707152373,-0.1390174477274293,0.2728513891579041,12.217,57.1
32822,1989-11-14 00:00:00,-0.0350082452129916,-0.2406727076318834,0.1706562172059,12.217,57.1
32823,1989-11-15 00:00:00,0.1594586959176189,-0.0478970921996143,0.3668144840348522,12.217,57.1
32824,1989-11-16 00:00:00,-0.0932132094692157,-0.3017363419131443,0.1153099229747127,12.217,57.1
32825,1989-11-17 00:00:00,-0.1056669041904968,-0.3115023249560773,0.1001685165750836,12.217,57.1
32826,1989-11-18 00:00:00,0.0035703697788429,-0.2019721619110512,0.2091129014687372,12.217,57.1
32827,1989-11-19 00:00:00,0.0128467520908893,-0.1929295879103956,0.2186230920921743,12.217,57.1
32828,1989-11-20 00:00:00,0.0610281502047533,-0.1445540852867124,0.2666103856962192,12.217,57.1
32829,1989-11-21 00:00:00,-0.0253343616938273,-0.2308831125433042,0.1802143891556495,12.217,57.1
32830,1989-11-22 00:00:00,0.0731527111600919,-0.1328940489240284,0.2791994712442124,12.217,57.1
32831,1989-11-23 00:00:00,0.1131012491931108,-0.0958614892574324,0.3220639876436542,12.217,57.1
32832,1989-11-24 00:00:00,-0.0692094536573054,-0.2779644175521554,0.1395455102375446,12.217,57.1
32833,1989-11-25 00:00:00,-0.0277321893339663,-0.2338943047073332,0.1784299260394006,12.217,57.1
32834,1989-11-26 00:00:00,0.0564337830329072,-0.1501179136465969,0.2629854797124115,12.217,57.1
32835,1989-11-27 00:00:00,0.1164545657740981,-0.0904715432386544,0.3233806747868508,12.217,57.1
32836,1989-11-28 00:00:00,0.1228985252315964,-0.0896766171387987,0.3354736676019916,12.217,57.1
32837,1989-11-29 00:00:00,-0.1399047065658902,-0.3522557992198483,0.0724463860880678,12.217,57.1
32838,1989-11-30 00:00:00,-0.0634055366020194,-0.2690017300551101,0.1421906568510712,12.217,57.1
32839,1989-12-01 00:00:00,-0.0666046568060064,-0.2721146066343607,0.1389052930223477,12.217,57.1
32840,1989-12-02 00:00:00,-0.1117214068060301,-0.3173212890686204,0.09387847545656,12.217,57.1
32841,1989-12-03 00:00:00,0.0527113604575169,-0.1530498065273511,0.2584725274423851,12.217,57.1
32842,1989-12-04 00:00:00,0.1730248367743083,-0.0334962496200501,0.3795459231686668,12.217,57.1
32843,1989-12-05 00:00:00,-0.0094701783309034,-0.215632929388295,0.1966925727264881,12.217,57.1
32844,1989-12-06 00:00:00,0.0084644245267318,-0.197174327024472,0.2141031760779356,12.217,57.1
32845,1989-12-07 00:00:00,0.3046812392576938,0.0942879866035575,0.5150744919118302,12.217,57.1
32846,1989-12-08 00:00:00,-0.0474595344099582,-0.2589046618809283,0.1639855930610118,12.217,57.1
32847,1989-12-09 00:00:00,0.0152577505050088,-0.1904481284747315,0.2209636294847492,12.217,57.1
32848,1989-12-10 00:00:00,0.0042297235356022,-0.2017389191472584,0.2101983662184628,12.217,57.1
32849,1989-12-11 00:00:00,0.203330667905501,-0.0032849922139584,0.4099463280249606,12.217,57.1
32850,1989-12-12 00:00:00,0.1246564501067522,-0.0820564131506521,0.3313693133641565,12.217,57.1
32851,1989-12-13 00:00:00,0.2231715590840917,0.0165599669863276,0.4297831511818558,12.217,57.1
32852,1989-12-14 00:00:00,0.1334751460931002,-0.0724087053472845,0.3393589975334851,12.217,57.1
32853,1989-12-15 00:00:00,0.0205438012926917,-0.1859507597572213,0.2270383623426047,12.217,57.1
32854,1989-12-16 00:00:00,0.1783395921791505,-0.0284210052483706,0.3851001896066717,12.217,57.1
32855,1989-12-17 00:00:00,0.1917194837337838,-0.0149008090592366,0.3983397765268044,12.217,57.1
32856,1989-12-18 00:00:00,0.3517097353837156,0.1445848908027084,0.5588345799647229,12.217,57.1
32857,1989-12-19 00:00:00,0.3542351944796773,0.1452299636892766,0.563240425270078,12.217,57.1
32858,1989-12-20 00:00:00,0.3380119056684466,0.1296207515730587,0.5464030597638344,12.217,57.1
32859,1989-12-21 00:00:00,0.1758291105859525,-0.0305194067657313,0.3821776279376363,12.217,57.1
32860,1989-12-22 00:00:00,0.3813221452930079,0.1739183297790358,0.58872596080698,12.217,57.1
32861,1989-12-23 00:00:00,0.2600296786559757,0.0534544723262534,0.4666048849856979,12.217,57.1
32862,1989-12-24 00:00:00,0.1533914476873243,-0.0525263245302096,0.3593092199048583,12.217,57.1
32863,1989-12-25 00:00:00,0.1593204383647031,-0.0469010018007395,0.3655418785301457,12.217,57.1
32864,1989-12-26 00:00:00,0.1955665875485788,-0.0109319817029524,0.4020651568001101,12.217,57.1
32865,1989-12-27 00:00:00,0.0694559300666332,-0.1364266334620761,0.2753384935953425,12.217,57.1
32866,1989-12-28 00:00:00,-0.0026492883721131,-0.2083687856923258,0.2030702089480994,12.217,57.1
32867,1989-12-29 00:00:00,-0.0874309520869721,-0.2929855590355592,0.1181236548616149,12.217,57.1
32868,1989-12-30 00:00:00,-0.1024550187774236,-0.3080156214477129,0.1031055838928657,12.217,57.1
32869,1989-12-31 00:00:00,-0.0417642125406983,-0.2473618130298223,0.1638333879484255,12.217,57.1
32870,1990-01-01 00:00:00,-0.0337958426590121,-0.2393850781778482,0.1717933928598239,12.217,57.1
32871,1990-01-02 00:00:00,-0.0256427682532774,-0.2311534237471627,0.1798678872406078,12.217,57.1
32872,1990-01-03 00:00:00,-0.0293785295027731,-0.2347941711245996,0.1760371121190534,12.217,57.1
32873,1990-01-04 00:00:00,0.0145963921822591,-0.1908890045019367,0.220081788866455,12.217,57.1
32874,1990-01-05 00:00:00,0.082071746528601,-0.1237268300380483,0.2878703230952503,12.217,57.1
32875,1990-01-06 00:00:00,0.0345965682517252,-0.1710720779642821,0.2402652144677326,12.217,57.1
32876,1990-01-07 00:00:00,0.0768224549763858,-0.1289304962617586,0.2825754062145302,12.217,57.1
32877,1990-01-08 00:00:00,0.1312171442697154,-0.0747148226932623,0.3371491112326932,12.217,57.1
32878,1990-01-09 00:00:00,0.111301788590997,-0.0946325245938328,0.3172361017758269,12.217,57.1
32879,1990-01-10 00:00:00,0.2181308523473089,0.0115775184977467,0.4246841861968712,12.217,57.1
32880,1990-01-11 00:00:00,0.5089273291801133,0.3009570621705322,0.7168975961896944,12.217,57.1
32881,1990-01-12 00:00:00,0.2495826895543501,0.0421801260335794,0.4569852530751208,12.217,57.1
32882,1990-01-13 00:00:00,0.2214659124499328,0.0154873746516868,0.4274444502481789,12.217,57.1
32883,1990-01-14 00:00:00,0.1422420365620622,-0.0634166170067476,0.347900690130872,12.217,57.1
32884,1990-01-15 00:00:00,0.1552758911911222,-0.0507153783153368,0.3612671606975813,12.217,57.1
32885,1990-01-16 00:00:00,0.4726543640315268,0.2627697500130536,0.68253897805,12.217,57.1
32886,1990-01-17 00:00:00,0.2259726181246958,0.0171014441512258,0.4348437920981658,12.217,57.1
32887,1990-01-18 00:00:00,0.8827712095457475,0.6723644751969319,1.0931779438945632,12.217,57.1
32888,1990-01-19 00:00:00,0.3132856304253057,0.1006105710172825,0.525960689833329,12.217,57.1
32889,1990-01-20 00:00:00,0.4403435433851111,0.232915894056149,0.6477711927140732,12.217,57.1
32890,1990-01-21 00:00:00,0.4699916613102019,0.2619817991011869,0.6780015235192169,12.217,57.1
32891,1990-01-22 00:00:00,0.1056560622342408,-0.1015050319563594,0.3128171564248411,12.217,57.1
32892,1990-01-23 00:00:00,0.2229825761218877,0.0170318268053437,0.4289333254384316,12.217,57.1
32893,1990-01-24 00:00:00,0.4729286285083618,0.2633543239125797,0.6825029331041439,12.217,57.1
32894,1990-01-25 00:00:00,0.6007056774132217,0.3911088079539904,0.810302546872453,12.217,57.1
32895,1990-01-26 00:00:00,0.4372462780280646,0.2251010896829518,0.6493914663731775,12.217,57.1
32896,1990-01-27 00:00:00,0.6858159492611138,0.4688078670527968,0.9028240314694308,12.217,57.1
32897,1990-01-28 00:00:00,0.3324151809916617,0.1247419078997662,0.5400884540835572,12.217,57.1
32898,1990-01-29 00:00:00,0.543804001806917,0.3333849725472378,0.7542230310665963,12.217,57.1
32899,1990-01-30 00:00:00,0.304859940393029,0.0945011946628425,0.5152186861232155,12.217,57.1
32900,1990-01-31 00:00:00,0.2852408150624589,0.0791584830748707,0.4913231470500472,12.217,57.1
32901,1990-02-01 00:00:00,0.3170200890250724,0.1099043741885043,0.5241358038616406,12.217,57.1
32902,1990-02-02 00:00:00,0.2825581960221526,0.0752472142249839,0.4898691778193212,12.217,57.1
32903,1990-02-03 00:00:00,0.2679770576693376,0.06104238577026,0.4749117295684152,12.217,57.1
32904,1990-02-04 00:00:00,0.2257307353495456,0.0194527912602144,0.4320086794388769,12.217,57.1
32905,1990-02-05 00:00:00,0.2463307643118149,0.0390891003020644,0.4535724283215654,12.217,57.1
32906,1990-02-06 00:00:00,0.2782994417078521,0.0720258640124984,0.4845730194032058,12.217,57.1
32907,1990-02-07 00:00:00,0.1927754816422321,-0.013210125914361,0.3987610891988253,12.217,57.1
32908,1990-02-08 00:00:00,0.3402905225839463,0.1284368604754078,0.5521441846924848,12.217,57.1
32909,1990-02-09 00:00:00,0.7882091257228062,0.5753562970548352,1.0010619543907773,12.217,57.1
32910,1990-02-10 00:00:00,0.3678501045396693,0.160514759875063,0.5751854492042756,12.217,57.1
32911,1990-02-11 00:00:00,0.2345177941956494,0.028107280081601,0.4409283083096978,12.217,57.1
32912,1990-02-12 00:00:00,0.3395397653928912,0.1325745630054215,0.546504967780361,12.217,57.1
32913,1990-02-13 00:00:00,0.5240049249701915,0.3156459028096445,0.7323639471307384,12.217,57.1
32914,1990-02-14 00:00:00,0.294918034890592,0.0875957085186694,0.5022403612625146,12.217,57.1
32915,1990-02-15 00:00:00,0.1894022729919824,-0.0171496574229919,0.3959542034069568,12.217,57.1
32916,1990-02-16 00:00:00,0.1565883083234937,-0.0492105616934009,0.3623871783403884,12.217,57.1
32917,1990-02-17 00:00:00,0.1342751077628448,-0.0714306518520238,0.3399808673777135,12.217,57.1
32918,1990-02-18 00:00:00,0.2035133085210712,-0.0032176532092592,0.4102442702514016,12.217,57.1
32919,1990-02-19 00:00:00,0.2061478184092821,-0.0010195262329339,0.4133151630514982,12.217,57.1
32920,1990-02-20 00:00:00,0.2309791635263412,0.0222467442169172,0.4397115828357651,12.217,57.1
32921,1990-02-21 00:00:00,0.3251186201704963,0.1129997080388452,0.5372375323021473,12.217,57.1
32922,1990-02-22 00:00:00,0.6081678886538402,0.395883997319836,0.8204517799878444,12.217,57.1
32923,1990-02-23 00:00:00,0.301390357330894,0.0902161031730183,0.5125646114887698,12.217,57.1
32924,1990-02-24 00:00:00,0.1894892958752558,-0.0168195180268573,0.395798109777369,12.217,57.1
32925,1990-02-25 00:00:00,0.2721649234125733,0.0644252956150316,0.4799045512101151,12.217,57.1
32926,1990-02-26 00:00:00,0.3406666648336193,0.1304311940824259,0.5509021355848126,12.217,57.1
32927,1990-02-27 00:00:00,0.9895720651001852,0.7717924531512541,1.2073516770491164,12.217,57.1
32928,1990-02-28 00:00:00,0.7099059851668424,0.49514148496164,0.9246704853720448,12.217,57.1
32929,1990-03-01 00:00:00,0.4268363077309846,0.2192069193512594,0.6344656961107098,12.217,57.1
32930,1990-03-02 00:00:00,0.2318310641736871,0.0249670951336435,0.4386950332137307,12.217,57.1
32931,1990-03-03 00:00:00,0.029337554701357,-0.1783335740493165,0.2370086834520305,12.217,57.1
32932,1990-03-04 00:00:00,0.1687596185070746,-0.0376388641434732,0.3751581011576225,12.217,57.1
32933,1990-03-05 00:00:00,0.444125714207547,0.236626913824882,0.651624514590212,12.217,57.1
32934,1990-03-06 00:00:00,0.837602885412324,0.6270760727758162,1.0481296980488315,12.217,57.1
32935,1990-03-07 00:00:00,0.2424359659852641,0.0338617339565049,0.4510101980140232,12.217,57.1
32936,1990-03-08 00:00:00,0.5272064682746264,0.3200199339904122,0.7343930025588405,12.217,57.1
32937,1990-03-09 00:00:00,0.2498646700158551,0.0423745220259649,0.4573548180057453,12.217,57.1
32938,1990-03-10 00:00:00,0.467302686614682,0.2587258511074742,0.6758795221218897,12.217,57.1
32939,1990-03-11 00:00:00,0.1625651026194006,-0.0473312877698387,0.37246149300864,12.217,57.1
32940,1990-03-12 00:00:00,0.7732050341906387,0.5632900720700205,0.9831199963112568,12.217,57.1
32941,1990-03-13 00:00:00,0.2542441788891327,0.0454123163081095,0.4630760414701558,12.217,57.1
32942,1990-03-14 00:00:00,0.0152028198952347,-0.1913217501618526,0.2217273899523221,12.217,57.1
32943,1990-03-15 00:00:00,-0.0152603470567372,-0.2215302938590413,0.1910095997455668,12.217,57.1
32944,1990-03-16 00:00:00,0.2019730233421375,-0.004517803920111,0.408463850604386,12.217,57.1
32945,1990-03-17 00:00:00,0.2412926235666515,0.0344588309132427,0.4481264162200604,12.217,57.1
32946,1990-03-18 00:00:00,0.038533087322552,-0.1679443595831675,0.2450105342282716,12.217,57.1
32947,1990-03-19 00:00:00,0.0594733758657452,-0.1462586432793235,0.265205395010814,12.217,57.1
32948,1990-03-20 00:00:00,0.1620285783765661,-0.0457993115178061,0.3698564682709384,12.217,57.1
32949,1990-03-21 00:00:00,0.1687807849485738,-0.0387731531926895,0.3763347230898372,12.217,57.1
32950,1990-03-22 00:00:00,0.413358721574545,0.2063018073291774,0.6204156358199127,12.217,57.1
32951,1990-03-23 00:00:00,0.4465569500341636,0.2365572413581819,0.6565566587101452,12.217,57.1
32952,1990-03-24 00:00:00,0.4278765504216709,0.2195571356772848,0.6361959651660569,12.217,57.1
32953,1990-03-25 00:00:00,0.5119260866200593,0.3036710753127948,0.7201810979273238,12.217,57.1
32954,1990-03-26 00:00:00,0.1431402562991142,-0.063464219268212,0.3497447318664405,12.217,57.1
32955,1990-03-27 00:00:00,0.0014019560598475,-0.2046805028745942,0.2074844149942894,12.217,57.1
32956,1990-03-28 00:00:00,-0.0173908901220872,-0.2229602134333955,0.1881784331892211,12.217,57.1
32957,1990-03-29 00:00:00,-0.0325170030367221,-0.2382252030900205,0.1731911970165762,12.217,57.1
32958,1990-03-30 00:00:00,0.0196016760303747,-0.186551347534053,0.2257546995948024,12.217,57.1
32959,1990-03-31 00:00:00,0.0611545549376587,-0.1451751511608222,0.2674842610361397,12.217,57.1
32960,1990-04-01 00:00:00,0.0744658300492524,-0.1317461974835155,0.2806778575820204,12.217,57.1
32961,1990-04-02 00:00:00,0.1024045317733639,-0.1033140326660066,0.3081230962127345,12.217,57.1
32962,1990-04-03 00:00:00,0.3087755122562909,0.1027301778779095,0.5148208466346724,12.217,57.1
32963,1990-04-04 00:00:00,0.4497569011034455,0.2432983648248341,0.656215437382057,12.217,57.1
32964,1990-04-05 00:00:00,0.2259341325110571,0.0188558632030428,0.4330124018190714,12.217,57.1
32965,1990-04-06 00:00:00,0.1176845639467689,-0.0893870383529917,0.3247561662465296,12.217,57.1
32966,1990-04-07 00:00:00,0.0353416893586983,-0.1712573857651037,0.2419407644825005,12.217,57.1
32967,1990-04-08 00:00:00,-0.0260785312771664,-0.2317845718325664,0.1796275092782336,12.217,57.1
32968,1990-04-09 00:00:00,-0.0015107409732707,-0.207208638328507,0.2041871563819655,12.217,57.1
32969,1990-04-10 00:00:00,0.1434535736641367,-0.0625286239778831,0.3494357713061565,12.217,57.1
32970,1990-04-11 00:00:00,0.2454154965465317,0.0391202400333164,0.4517107530597469,12.217,57.1
32971,1990-04-12 00:00:00,0.1145153068463465,-0.0918324857738027,0.3208630994664959,12.217,57.1
32972,1990-04-13 00:00:00,0.0907402182733913,-0.1149607106119933,0.2964411471587759,12.217,57.1
32973,1990-04-14 00:00:00,0.1025604142977231,-0.1029770378969128,0.3080978664923591,12.217,57.1
32974,1990-04-15 00:00:00,0.1293479375683681,-0.0766253039681229,0.3353211791048592,12.217,57.1
32975,1990-04-16 00:00:00,0.2477939982772429,0.041471689908098,0.4541163066463879,12.217,57.1
32976,1990-04-17 00:00:00,0.1247498848890722,-0.0815101832884269,0.3310099530665712,12.217,57.1
32977,1990-04-18 00:00:00,0.1090605287671691,-0.0966348670354249,0.3147559245697631,12.217,57.1
32978,1990-04-19 00:00:00,0.0604050443254772,-0.1452605841090322,0.2660706727599866,12.217,57.1
32979,1990-04-20 00:00:00,-0.011016298209279,-0.216936619237733,0.194904022819175,12.217,57.1
32980,1990-04-21 00:00:00,-0.1156399492823035,-0.3216144790018539,0.0903345804372468,12.217,57.1
32981,1990-04-22 00:00:00,-0.0861167430666604,-0.2918116595948498,0.1195781734615288,12.217,57.1
32982,1990-04-23 00:00:00,-0.048178656623248,-0.2537154904073689,0.1573581771608728,12.217,57.1
32983,1990-04-24 00:00:00,-0.0472717742114696,-0.2528620016528621,0.1583184532299229,12.217,57.1
32984,1990-04-25 00:00:00,-0.0468366141523163,-0.252732606223456,0.1590593779188234,12.217,57.1
32985,1990-04-26 00:00:00,-0.0222492856692988,-0.228033047762956,0.1835344764243582,12.217,57.1
32986,1990-04-27 00:00:00,0.1363171874113967,-0.0700130648450633,0.3426474396678568,12.217,57.1
32987,1990-04-28 00:00:00,0.1452078155267304,-0.061352227958263,0.3517678590117239,12.217,57.1
32988,1990-04-29 00:00:00,0.0851883420089084,-0.1213644095706264,0.2917410935884434,12.217,57.1
32989,1990-04-30 00:00:00,0.0773573542291077,-0.1283799529776269,0.2830946614358423,12.217,57.1
32990,1990-05-01 00:00:00,-0.0270099510804012,-0.2327501831957545,0.178730281034952,12.217,57.1
32991,1990-05-02 00:00:00,-0.1033336683119677,-0.308999429663901,0.1023320930399656,12.217,57.1
32992,1990-05-03 00:00:00,-0.0808585076607998,-0.2865356489387777,0.1248186336171779,12.217,57.1
32993,1990-05-04 00:00:00,-0.0736449368359312,-0.2791954172309019,0.1319055435590394,12.217,57.1
32994,1990-05-05 00:00:00,-0.0215275866011323,-0.2270804479130718,0.1840252747108072,12.217,57.1
32995,1990-05-06 00:00:00,0.0164810775920545,-0.1891148034060158,0.2220769585901249,12.217,57.1
32996,1990-05-07 00:00:00,0.0497702309312146,-0.155800076905577,0.2553405387680063,12.217,57.1
32997,1990-05-08 00:00:00,0.0097240032909739,-0.1958429305840225,0.2152909371659703,12.217,57.1
32998,1990-05-09 00:00:00,0.0150228900007566,-0.1908137370198871,0.2208595170214004,12.217,57.1
32999,1990-05-10 00:00:00,0.0149713845213188,-0.1905583185790956,0.2205010876217334,12.217,57.1
33000,1990-05-11 00:00:00,0.0665666330339444,-0.1389929111543324,0.2721261772222214,12.217,57.1
33001,1990-05-12 00:00:00,0.0959233138928782,-0.1101292209437988,0.3019758487295552,12.217,57.1
33002,1990-05-13 00:00:00,-0.0375518034174814,-0.2432938408523734,0.1681902340174104,12.217,57.1
33003,1990-05-14 00:00:00,0.0314678521298482,-0.1743700080747365,0.2373057123344329,12.217,57.1
33004,1990-05-15 00:00:00,-0.0108909507960245,-0.216638478997156,0.1948565774051068,12.217,57.1
33005,1990-05-16 00:00:00,0.1577059921577727,-0.0479678607166674,0.363379845032213,12.217,57.1
33006,1990-05-17 00:00:00,0.1178934466117265,-0.0879162670126886,0.3237031602361419,12.217,57.1
33007,1990-05-18 00:00:00,0.0976265356789776,-0.1084188466363002,0.3036719179942555,12.217,57.1
33008,1990-05-19 00:00:00,-0.01599307583933,-0.2218497003261397,0.1898635486474797,12.217,57.1
33009,1990-05-20 00:00:00,-0.0270230527571316,-0.2325925779318911,0.1785464724176278,12.217,57.1
33010,1990-05-21 00:00:00,0.0532230593465554,-0.1522816381940033,0.2587277568871141,12.217,57.1
33011,1990-05-22 00:00:00,0.0324004991852945,-0.1732815755415282,0.2380825739121173,12.217,57.1
33012,1990-05-23 00:00:00,0.0547518498912237,-0.1507719678052545,0.260275667587702,12.217,57.1
33013,1990-05-24 00:00:00,0.1587429960285094,-0.0469879002141536,0.3644738922711725,12.217,57.1
33014,1990-05-25 00:00:00,0.1733220584344683,-0.0329513719318405,0.3795954888007772,12.217,57.1
33015,1990-05-26 00:00:00,0.1027212905672404,-0.103585788884913,0.3090283700193939,12.217,57.1
33016,1990-05-27 00:00:00,0.0854503575017765,-0.1206486309460219,0.2915493459495751,12.217,57.1
33017,1990-05-28 00:00:00,0.0416790152947612,-0.1643359804776212,0.2476940110671438,12.217,57.1
33018,1990-05-29 00:00:00,-0.0400314740596398,-0.2457431006785894,0.1656801525593097,12.217,57.1
33019,1990-05-30 00:00:00,0.0010992776946354,-0.2045110286907629,0.2067095840800338,12.217,57.1
33020,1990-05-31 00:00:00,0.0643618512437912,-0.1410910069156055,0.2698147094031881,12.217,57.1
33021,1990-06-01 00:00:00,0.0342517229198922,-0.1712030457994637,0.2397064916392481,12.217,57.1
33022,1990-06-02 00:00:00,0.0731915763591423,-0.1322669410110521,0.2786500937293368,12.217,57.1
33023,1990-06-03 00:00:00,0.2540198864437222,0.0475431081673534,0.460496664720091,12.217,57.1
33024,1990-06-04 00:00:00,0.1838243943321625,-0.0225554781279552,0.3902042667922804,12.217,57.1
33025,1990-06-05 00:00:00,0.098173197283866,-0.1076765594601837,0.3040229540279157,12.217,57.1
33026,1990-06-06 00:00:00,0.0167281756708857,-0.1889165055661326,0.2223728569079041,12.217,57.1
33027,1990-06-07 00:00:00,0.0760332964762338,-0.1294736256697871,0.2815402186222548,12.217,57.1
33028,1990-06-08 00:00:00,0.1261998919505653,-0.079486186038413,0.3318859699395438,12.217,57.1
33029,1990-06-09 00:00:00,0.0284769922253295,-0.177322152555133,0.2342761370057921,12.217,57.1
33030,1990-06-10 00:00:00,0.0201331176818908,-0.1856846695134974,0.2259509048772791,12.217,57.1
33031,1990-06-11 00:00:00,0.0217888283467704,-0.1840000118116536,0.2275776685051946,12.217,57.1
33032,1990-06-12 00:00:00,-0.0078528322172452,-0.2134212654089353,0.1977156009744448,12.217,57.1
33033,1990-06-13 00:00:00,0.0456458575540812,-0.1598194204309765,0.2511111355391391,12.217,57.1
33034,1990-06-14 00:00:00,0.0428378050722124,-0.1626078032676591,0.2482834134120841,12.217,57.1
33035,1990-06-15 00:00:00,0.0481925805952132,-0.1574891482857857,0.2538743094762123,12.217,57.1
33036,1990-06-16 00:00:00,0.0513391410389601,-0.154148100336634,0.2568263824145543,12.217,57.1
33037,1990-06-17 00:00:00,0.1094863860639659,-0.0960947578970912,0.3150675300250231,12.217,57.1
33038,1990-06-18 00:00:00,0.1069557185617145,-0.0987792725995352,0.3126907097229643,12.217,57.1
33039,1990-06-19 00:00:00,0.0797107819689218,-0.1258583103286906,0.2852798742665342,12.217,57.1
33040,1990-06-20 00:00:00,0.1018407162007792,-0.1036567589112275,0.3073381913127861,12.217,57.1
33041,1990-06-21 00:00:00,0.0493458986347496,-0.1564416442501856,0.2551334415196848,12.217,57.1
33042,1990-06-22 00:00:00,0.0623869322529363,-0.1443330867619911,0.2691069512678638,12.217,57.1
33043,1990-06-23 00:00:00,0.2771115694913985,0.070246790962507,0.4839763480202901,12.217,57.1
33044,1990-06-24 00:00:00,0.081322616229127,-0.125693035977624,0.2883382684358782,12.217,57.1
33045,1990-06-25 00:00:00,0.0921050637272026,-0.1135235540046527,0.2977336814590581,12.217,57.1
33046,1990-06-26 00:00:00,0.1146268929984597,-0.0911661231848011,0.3204199091817206,12.217,57.1
33047,1990-06-27 00:00:00,0.0696420037188992,-0.1362966465544882,0.2755806539922868,12.217,57.1
33048,1990-06-28 00:00:00,0.0580912765533923,-0.1476410836630082,0.2638236367697929,12.217,57.1
33049,1990-06-29 00:00:00,0.1891960472403775,-0.0168280074351137,0.3952201019158689,12.217,57.1
33050,1990-06-30 00:00:00,0.0301919604420363,-0.1763699513074848,0.2367538721915575,12.217,57.1
33051,1990-07-01 00:00:00,0.0957455926731855,-0.1099117121184563,0.3014028974648273,12.217,57.1
33052,1990-07-02 00:00:00,0.1730519808651527,-0.0331213392243465,0.3792253009546519,12.217,57.1
33053,1990-07-03 00:00:00,0.2319787248122706,0.0256877936978543,0.438269655926687,12.217,57.1
33054,1990-07-04 00:00:00,0.1761157751123783,-0.029961271999469,0.3821928222242257,12.217,57.1
33055,1990-07-05 00:00:00,0.1183101736876606,-0.0877234496635631,0.3243437970388845,12.217,57.1
33056,1990-07-06 00:00:00,0.2727474538263614,0.0665920675180405,0.4789028401346824,12.217,57.1
33057,1990-07-07 00:00:00,0.0827148613614863,-0.1239656005427699,0.2893953232657427,12.217,57.1
33058,1990-07-08 00:00:00,0.2733029372953404,0.0670670681888855,0.4795388064017953,12.217,57.1
33059,1990-07-09 00:00:00,0.2366524070337318,0.0305407686977914,0.4427640453696723,12.217,57.1
33060,1990-07-10 00:00:00,0.309006381437635,0.102925179065079,0.515087583810191,12.217,57.1
33061,1990-07-11 00:00:00,0.1007538904247532,-0.1053715096083083,0.3068792904578147,12.217,57.1
33062,1990-07-12 00:00:00,0.3347530060074217,0.1283870972375369,0.5411189147773064,12.217,57.1
33063,1990-07-13 00:00:00,0.128403482531223,-0.0778497336630177,0.3346566987254639,12.217,57.1
33064,1990-07-14 00:00:00,0.0825540314334024,-0.1236301555046776,0.2887382183714824,12.217,57.1
33065,1990-07-15 00:00:00,0.0273236833769771,-0.1786678222207973,0.2333151889747516,12.217,57.1
33066,1990-07-16 00:00:00,0.0731629674585381,-0.1326084247721441,0.2789343596892205,12.217,57.1
33067,1990-07-17 00:00:00,0.0813546573360414,-0.1247052243796099,0.2874145390516929,12.217,57.1
33068,1990-07-18 00:00:00,0.0481422045596923,-0.1584346076050184,0.2547190167244031,12.217,57.1
33069,1990-07-19 00:00:00,0.0526394372849299,-0.1532572117059072,0.258536086275767,12.217,57.1
33070,1990-07-20 00:00:00,0.0700686289218609,-0.1356666283869121,0.275803886230634,12.217,57.1
33071,1990-07-21 00:00:00,0.0550773397452678,-0.1506298345986628,0.2607845140891985,12.217,57.1
33072,1990-07-22 00:00:00,0.071161669607323,-0.134706715535901,0.2770300547505472,12.217,57.1
33073,1990-07-23 00:00:00,0.0925510201124686,-0.1137098358127262,0.2988118760376635,12.217,57.1
33074,1990-07-24 00:00:00,0.0767572585343538,-0.129746154854656,0.2832606719233637,12.217,57.1
33075,1990-07-25 00:00:00,0.0149687482294261,-0.1911380222480053,0.2210755187068577,12.217,57.1
33076,1990-07-26 00:00:00,-0.0296771438800775,-0.2352570533134561,0.1759027655533011,12.217,57.1
33077,1990-07-27 00:00:00,-0.0312138477445053,-0.2366481296280061,0.1742204341389955,12.217,57.1
33078,1990-07-28 00:00:00,0.027599712802825,-0.177862020149507,0.233061445755157,12.217,57.1
33079,1990-07-29 00:00:00,0.0710790574529885,-0.1344419452775486,0.2766000601835257,12.217,57.1
33080,1990-07-30 00:00:00,0.040073527171151,-0.1654609314918641,0.2456079858341662,12.217,57.1
33081,1990-07-31 00:00:00,0.0731104270474776,-0.1323728673481957,0.278593721443151,12.217,57.1
33082,1990-08-01 00:00:00,0.0142548490817835,-0.1913587864943918,0.2198684846579589,12.217,57.1
33083,1990-08-02 00:00:00,-0.0342813918421599,-0.2400173591890471,0.1714545755047273,12.217,57.1
33084,1990-08-03 00:00:00,-0.014819595338151,-0.2202689044495062,0.1906297137732041,12.217,57.1
33085,1990-08-04 00:00:00,0.045919216735791,-0.1596584156908468,0.2514968491624288,12.217,57.1
33086,1990-08-05 00:00:00,0.1131093449030603,-0.0928729405208986,0.3190916303270192,12.217,57.1
33087,1990-08-06 00:00:00,0.2701264465075349,0.0640024268007481,0.4762504662143217,12.217,57.1
33088,1990-08-07 00:00:00,0.0942486538680962,-0.1114435293691365,0.299940837105329,12.217,57.1
33089,1990-08-08 00:00:00,0.0834359342023113,-0.1222458543930886,0.2891177227977114,12.217,57.1
33090,1990-08-09 00:00:00,0.148469914676166,-0.0576340602924041,0.3545738896447362,12.217,57.1
33091,1990-08-10 00:00:00,0.0885768594401608,-0.1171818306717121,0.2943355495520339,12.217,57.1
33092,1990-08-11 00:00:00,0.0376665972609885,-0.1678741579545697,0.2432073524765468,12.217,57.1
33093,1990-08-12 00:00:00,0.0807179392172458,-0.1247769942459939,0.2862128726804857,12.217,57.1
33094,1990-08-13 00:00:00,0.0924126845921655,-0.1130783962386819,0.297903765423013,12.217,57.1
33095,1990-08-14 00:00:00,0.0803113462305539,-0.1251704719814967,0.2857931644426047,12.217,57.1
33096,1990-08-15 00:00:00,0.101455338714192,-0.1040283250449628,0.306939002473347,12.217,57.1
33097,1990-08-16 00:00:00,0.1569322687703522,-0.0488201140286803,0.3626846515693849,12.217,57.1
33098,1990-08-17 00:00:00,0.1694181699303318,-0.0366484923202709,0.3754848321809346,12.217,57.1
33099,1990-08-18 00:00:00,0.2122033623286796,0.005911990452545,0.4184947342048142,12.217,57.1
33100,1990-08-19 00:00:00,0.1422171236549078,-0.0635666185261337,0.3480008658359494,12.217,57.1
33101,1990-08-20 00:00:00,0.1178323979450925,-0.0879961368154913,0.3236609327056764,12.217,57.1
33102,1990-08-21 00:00:00,0.2411774078016919,0.033772149550503,0.4485826660528809,12.217,57.1
33103,1990-08-22 00:00:00,-0.0030773581598841,-0.2102263105255873,0.204071594205819,12.217,57.1
33104,1990-08-23 00:00:00,0.0716149877856447,-0.1341243892369682,0.2773543648082577,12.217,57.1
33105,1990-08-24 00:00:00,0.0252292817905481,-0.1804721087432453,0.2309306723243416,12.217,57.1
33106,1990-08-25 00:00:00,0.0916409016580686,-0.1139387984705763,0.2972206017867136,12.217,57.1
33107,1990-08-26 00:00:00,0.043419251178988,-0.1623557496695712,0.2491942520275473,12.217,57.1
33108,1990-08-27 00:00:00,0.0284889720810284,-0.1771739544875635,0.2341518986496204,12.217,57.1
33109,1990-08-28 00:00:00,0.029269467066655,-0.176248666123004,0.2347876002563142,12.217,57.1
33110,1990-08-29 00:00:00,0.0467422943243959,-0.158715382482741,0.2521999711315328,12.217,57.1
33111,1990-08-30 00:00:00,0.0409120474936776,-0.1645709024429975,0.2463949974303527,12.217,57.1
33112,1990-08-31 00:00:00,0.1260869740469905,-0.0796072570956927,0.3317812051896738,12.217,57.1
33113,1990-09-01 00:00:00,-0.0208831421404145,-0.2266924660190222,0.1849261817381932,12.217,57.1
33114,1990-09-02 00:00:00,0.0185981849042834,-0.186986996829173,0.22418336663774,12.217,57.1
33115,1990-09-03 00:00:00,0.036000941353992,-0.1696279746592795,0.2416298573672636,12.217,57.1
33116,1990-09-04 00:00:00,0.0630988844665768,-0.1427544209518687,0.2689521898850223,12.217,57.1
33117,1990-09-05 00:00:00,0.0832956702659449,-0.1223289956646948,0.2889203361965846,12.217,57.1
33118,1990-09-06 00:00:00,0.0106981985567642,-0.1948922395889035,0.2162886367024319,12.217,57.1
33119,1990-09-07 00:00:00,0.1125413013640518,-0.0931824219426968,0.3182650246708006,12.217,57.1
33120,1990-09-08 00:00:00,0.0722622596739033,-0.1333166314645674,0.2778411508123741,12.217,57.1
33121,1990-09-09 00:00:00,0.0439865533518454,-0.1615535749609682,0.2495266816646592,12.217,57.1
33122,1990-09-10 00:00:00,0.0644772874904628,-0.1413426996465366,0.2702972746274623,12.217,57.1
33123,1990-09-11 00:00:00,-0.0555036783146572,-0.2613711306529983,0.1503637740236836,12.217,57.1
33124,1990-09-12 00:00:00,-0.0260774930980367,-0.2318272963549097,0.1796723101588362,12.217,57.1
33125,1990-09-13 00:00:00,-0.0072838978558669,-0.212974849565721,0.1984070538539871,12.217,57.1
33126,1990-09-14 00:00:00,0.0109538193305243,-0.1946968699320771,0.2166045085931258,12.217,57.1
33127,1990-09-15 00:00:00,0.1051612580417293,-0.1016700807287168,0.3119925968121755,12.217,57.1
33128,1990-09-16 00:00:00,0.099872648633189,-0.1089271898197772,0.3086724870861553,12.217,57.1
33129,1990-09-17 00:00:00,-0.0139561002601358,-0.2204106157982187,0.1924984152779471,12.217,57.1
33130,1990-09-18 00:00:00,0.1279458663047695,-0.0777403339659192,0.3336320665754583,12.217,57.1
33131,1990-09-19 00:00:00,0.1528493367675173,-0.053845803876056,0.3595444774110906,12.217,57.1
33132,1990-09-20 00:00:00,0.341501787589717,0.1330014639207749,0.550002111258659,12.217,57.1
33133,1990-09-21 00:00:00,0.4933148846016509,0.2846781738454519,0.7019515953578499,12.217,57.1
33134,1990-09-22 00:00:00,0.3642099653201126,0.1486454771387375,0.5797744535014877,12.217,57.1
33135,1990-09-23 00:00:00,0.161635638015966,-0.0461212061731229,0.369392482205055,12.217,57.1
33136,1990-09-24 00:00:00,0.084517813503452,-0.1213792180166119,0.290414845023516,12.217,57.1
33137,1990-09-25 00:00:00,0.084912116975441,-0.1220519706901651,0.2918762046410471,12.217,57.1
33138,1990-09-26 00:00:00,-0.0010578548956421,-0.208969294682721,0.2068535848914368,12.217,57.1
33139,1990-09-27 00:00:00,-0.0350169919721662,-0.2412525181703506,0.1712185342260182,12.217,57.1
33140,1990-09-28 00:00:00,0.0589767359192386,-0.1465623770386338,0.264515848877111,12.217,57.1
33141,1990-09-29 00:00:00,0.2798385718214176,0.0739712085657913,0.4857059350770439,12.217,57.1
33142,1990-09-30 00:00:00,0.2700477860076336,0.0640218859115326,0.4760736861037345,12.217,57.1
33143,1990-10-01 00:00:00,0.1398999744997587,-0.0662316263671154,0.346031575366633,12.217,57.1
33144,1990-10-02 00:00:00,-0.0317732893546002,-0.2383285388009714,0.174781960091771,12.217,57.1
33145,1990-10-03 00:00:00,0.1146333200691308,-0.0909601334251233,0.3202267735633851,12.217,57.1
33146,1990-10-04 00:00:00,0.2270131663020363,0.0211849276174537,0.4328414049866189,12.217,57.1
33147,1990-10-05 00:00:00,0.2381966961672223,0.0320350289841838,0.4443583633502608,12.217,57.1
33148,1990-10-06 00:00:00,0.4011082676256945,0.1935907432329044,0.6086257920184848,12.217,57.1
33149,1990-10-07 00:00:00,0.31989595105203,0.1127921240291111,0.5269997780749488,12.217,57.1
33150,1990-10-08 00:00:00,0.1959330870616167,-0.0129257785983992,0.4047919527216327,12.217,57.1
33151,1990-10-09 00:00:00,0.1319193493363446,-0.0744764158631662,0.3383151145358554,12.217,57.1
33152,1990-10-10 00:00:00,0.6264542111672643,0.4177045890289711,0.8352038333055575,12.217,57.1
33153,1990-10-11 00:00:00,0.3121036482588615,0.1039937875676895,0.5202135089500336,12.217,57.1
33154,1990-10-12 00:00:00,0.0851307975099721,-0.1205297842367854,0.2907913792567298,12.217,57.1
33155,1990-10-13 00:00:00,0.0459809475712662,-0.1596936974516992,0.2516555925942317,12.217,57.1
33156,1990-10-14 00:00:00,0.0455967310466225,-0.160022259684697,0.2512157217779421,12.217,57.1
33157,1990-10-15 00:00:00,0.0450382169848125,-0.1605327695226883,0.2506092034923134,12.217,57.1
33158,1990-10-16 00:00:00,0.1192310082245572,-0.0863745587409622,0.3248365751900767,12.217,57.1
33159,1990-10-17 00:00:00,0.0990036693710454,-0.1070104109048915,0.3050177496469825,12.217,57.1
33160,1990-10-18 00:00:00,0.0055081252463471,-0.2004795834650364,0.2114958339577307,12.217,57.1
33161,1990-10-19 00:00:00,0.0181265612308219,-0.1875557167773209,0.2238088392389648,12.217,57.1
33162,1990-10-20 00:00:00,-0.0569378940908077,-0.2626419517932555,0.1487661636116401,12.217,57.1
33163,1990-10-21 00:00:00,-0.0959434594201065,-0.3017234309100181,0.109836512069805,12.217,57.1
33164,1990-10-22 00:00:00,-0.0934658121164564,-0.2992435976750793,0.1123119734421664,12.217,57.1
33165,1990-10-23 00:00:00,-0.0623272903804874,-0.2679429690598012,0.1432883882988262,12.217,57.1
33166,1990-10-24 00:00:00,0.001651559876938,-0.2040046910461123,0.2073078107999884,12.217,57.1
33167,1990-10-25 00:00:00,0.0232612244311133,-0.1823420701293286,0.2288645189915553,12.217,57.1
33168,1990-10-26 00:00:00,0.0456047993967377,-0.1599329445820708,0.2511425433755462,12.217,57.1
33169,1990-10-27 00:00:00,0.0741989337331381,-0.13143832144959,0.2798361889158664,12.217,57.1
33170,1990-10-28 00:00:00,0.2610475855247582,0.0549740411644499,0.4671211298850666,12.217,57.1
33171,1990-10-29 00:00:00,0.3541969681162614,0.1457588754872264,0.5626350607452965,12.217,57.1
33172,1990-10-30 00:00:00,0.5353158382224155,0.3233701003415729,0.747261576103258,12.217,57.1
33173,1990-10-31 00:00:00,0.1511127855375611,-0.0600643545369501,0.3622899256120723,12.217,57.1
33174,1990-11-01 00:00:00,0.1931185445393581,-0.0130483896749103,0.3992854787536266,12.217,57.1
33175,1990-11-02 00:00:00,0.1697248284900682,-0.0361734973861064,0.3756231543662428,12.217,57.1
33176,1990-11-03 00:00:00,0.1748260183948346,-0.031039220554185,0.3806912573438544,12.217,57.1
33177,1990-11-04 00:00:00,0.0292576732261944,-0.177098051887155,0.2356133983395438,12.217,57.1
33178,1990-11-05 00:00:00,-0.0476359880732921,-0.2542112579182867,0.1589392817717025,12.217,57.1
33179,1990-11-06 00:00:00,-0.0696728707108998,-0.2754042261581089,0.1360584847363092,12.217,57.1
33180,1990-11-07 00:00:00,-0.0623099986599562,-0.2678614030049815,0.1432414056850691,12.217,57.1
33181,1990-11-08 00:00:00,-0.0729269681217317,-0.2785599404563833,0.1327060042129198,12.217,57.1
33182,1990-11-09 00:00:00,-0.0544582488745905,-0.2599948172215361,0.151078319472355,12.217,57.1
33183,1990-11-10 00:00:00,0.0201964300493914,-0.1853102901418375,0.2257031502406204,12.217,57.1
33184,1990-11-11 00:00:00,0.0378008187116583,-0.1677511964339326,0.2433528338572494,12.217,57.1
33185,1990-11-12 00:00:00,-0.0160009770011433,-0.2215133123664292,0.1895113583641426,12.217,57.1
33186,1990-11-13 00:00:00,-0.0111557781104649,-0.2166206405857836,0.1943090843648537,12.217,57.1
33187,1990-11-14 00:00:00,0.1146926126264471,-0.0908605436978313,0.3202457689507256,12.217,57.1
33188,1990-11-15 00:00:00,0.1400736953682148,-0.0657356685841631,0.3458830593205927,12.217,57.1
33189,1990-11-16 00:00:00,0.0432378910542954,-0.1626149853114133,0.2490907674200042,12.217,57.1
33190,1990-11-17 00:00:00,0.3413950936585194,0.1325343068828264,0.5502558804342124,12.217,57.1
33191,1990-11-18 00:00:00,0.4439730508080836,0.2341694127295308,0.6537766888866364,12.217,57.1
33192,1990-11-19 00:00:00,0.2195006055771386,0.0136922248291072,0.42530898632517,12.217,57.1
33193,1990-11-20 00:00:00,0.1886659930015004,-0.0169547786961489,0.3942867646991498,12.217,57.1
33194,1990-11-21 00:00:00,0.0876836913408794,-0.1185546204295536,0.2939220031113126,12.217,57.1
33195,1990-11-22 00:00:00,0.0067516253860662,-0.1995629505945606,0.2130662013666931,12.217,57.1
33196,1990-11-23 00:00:00,0.0133402706828694,-0.1922316567891187,0.2189121981548576,12.217,57.1
33197,1990-11-24 00:00:00,-0.0961023859059028,-0.3032368352009614,0.1110320633891556,12.217,57.1
33198,1990-11-25 00:00:00,0.2438509561352252,0.0343488894884865,0.453353022781964,12.217,57.1
33199,1990-11-26 00:00:00,-0.0446796028573379,-0.2511746593872489,0.161815453672573,12.217,57.1
33200,1990-11-27 00:00:00,0.0224331159080159,-0.1840205270759393,0.2288867588919712,12.217,57.1
33201,1990-11-28 00:00:00,-0.0475165966796739,-0.2535890559339738,0.1585558625746259,12.217,57.1
33202,1990-11-29 00:00:00,0.0699458580360255,-0.1358069799082218,0.2756986959802728,12.217,57.1
33203,1990-11-30 00:00:00,0.0032196953397754,-0.2042659195904801,0.2107053102700309,12.217,57.1
33204,1990-12-01 00:00:00,-0.1160436848149304,-0.3237275723044535,0.0916402026745925,12.217,57.1
33205,1990-12-02 00:00:00,-0.0530737672524442,-0.2590054338893079,0.1528578993844194,12.217,57.1
33206,1990-12-03 00:00:00,0.3284068314455923,0.1218297532840509,0.5349839096071337,12.217,57.1
33207,1990-12-04 00:00:00,0.2784056772186653,0.0712238421766521,0.4855875122606785,12.217,57.1
33208,1990-12-05 00:00:00,0.0036337975777144,-0.2047196911060915,0.2119872862615205,12.217,57.1
33209,1990-12-06 00:00:00,-0.1404699866201862,-0.3487474812336337,0.0678075079932613,12.217,57.1
33210,1990-12-07 00:00:00,0.2630243079576791,0.0569016219020392,0.4691469940133191,12.217,57.1
33211,1990-12-08 00:00:00,0.2310805556723542,0.0244732166860747,0.4376878946586336,12.217,57.1
33212,1990-12-09 00:00:00,0.0958954172291259,-0.1106702338024493,0.3024610682607013,12.217,57.1
33213,1990-12-10 00:00:00,-0.0611079487178284,-0.2671833765508681,0.1449674791152111,12.217,57.1
33214,1990-12-11 00:00:00,-0.0535775559766988,-0.2597558752980223,0.1526007633446246,12.217,57.1
33215,1990-12-12 00:00:00,0.1710021769228412,-0.0362655394725197,0.3782698933182023,12.217,57.1
33216,1990-12-13 00:00:00,0.0436869167440756,-0.1642826503788454,0.2516564838669968,12.217,57.1
33217,1990-12-14 00:00:00,-0.1022989519881403,-0.3088464190154986,0.1042485150392179,12.217,57.1
33218,1990-12-15 00:00:00,-0.0971310476493392,-0.3029245939178636,0.108662498619185,12.217,57.1
33219,1990-12-16 00:00:00,-0.0844565487557824,-0.2900840039826508,0.1211709064710858,12.217,57.1
33220,1990-12-17 00:00:00,-0.135199420020419,-0.3407875426768667,0.0703887026360286,12.217,57.1
33221,1990-12-18 00:00:00,-0.0518349405056163,-0.2573509317069248,0.1536810506956922,12.217,57.1
33222,1990-12-19 00:00:00,0.0137337467851818,-0.1917490767613292,0.2192165703316929,12.217,57.1
33223,1990-12-20 00:00:00,0.1060657299544762,-0.099626246587435,0.3117577064963875,12.217,57.1
33224,1990-12-21 00:00:00,0.2064669770117085,7.331012840200435e-05,0.4128606438950151,12.217,57.1
33225,1990-12-22 00:00:00,0.0352093931262281,-0.1711435782191593,0.2415623644716155,12.217,57.1
33226,1990-12-23 00:00:00,0.149511986828937,-0.0565281215257999,0.355552095183674,12.217,57.1
33227,1990-12-24 00:00:00,0.139012797323502,-0.0671137201974188,0.3451393148444229,12.217,57.1
33228,1990-12-25 00:00:00,0.1650530499616635,-0.0413829308485134,0.3714890307718405,12.217,57.1
33229,1990-12-26 00:00:00,0.3221900951057702,0.1140867882699309,0.5302934019416096,12.217,57.1
33230,1990-12-27 00:00:00,0.3818529331642609,0.1671317458269966,0.5965741205015253,12.217,57.1
33231,1990-12-28 00:00:00,0.5538717076549341,0.3404478569080554,0.7672955584018127,12.217,57.1
33232,1990-12-29 00:00:00,0.2556328913730382,0.0469401967126936,0.4643255860333828,12.217,57.1
33233,1990-12-30 00:00:00,0.5870765124972649,0.3763232970779606,0.7978297279165691,12.217,57.1
33234,1990-12-31 00:00:00,0.3461727279142202,0.1393171255845202,0.5530283302439202,12.217,57.1
33235,1991-01-01 00:00:00,0.1620504392294855,-0.0439841535691852,0.3680850320281562,12.217,57.1
33236,1991-01-02 00:00:00,0.173247181500377,-0.0330467830893913,0.3795411460901454,12.217,57.1
33237,1991-01-03 00:00:00,0.3856576278255625,0.1755085452026563,0.5958067104484688,12.217,57.1
33238,1991-01-04 00:00:00,0.3409639467989567,0.1345435849344631,0.5473843086634503,12.217,57.1
33239,1991-01-05 00:00:00,0.3805853780875888,0.1739834147886243,0.5871873413865534,12.217,57.1
33240,1991-01-06 00:00:00,0.4672893586687161,0.2588950836086076,0.6756836337288247,12.217,57.1
33241,1991-01-07 00:00:00,0.6754713631232208,0.4647518662901201,0.8861908599563214,12.217,57.1
33242,1991-01-08 00:00:00,0.4243474680370654,0.2163239005890473,0.6323710354850836,12.217,57.1
33243,1991-01-09 00:00:00,0.4172859324154239,0.2099013165076586,0.6246705483231891,12.217,57.1
33244,1991-01-10 00:00:00,0.5193859407706003,0.3049448057061276,0.7338270758350729,12.217,57.1
33245,1991-01-11 00:00:00,0.7167638220322581,0.5065735088089202,0.926954135255596,12.217,57.1
33246,1991-01-12 00:00:00,0.2538208308809012,0.0449833983077332,0.4626582634540691,12.217,57.1
33247,1991-01-13 00:00:00,0.0287128861049148,-0.1772451384075776,0.2346709106174072,12.217,57.1
33248,1991-01-14 00:00:00,-0.0949649805094386,-0.3009652138218056,0.1110352528029283,12.217,57.1
33249,1991-01-15 00:00:00,-0.1698173243493019,-0.3755038338654864,0.0358691851668824,12.217,57.1
33250,1991-01-16 00:00:00,-0.062580739369637,-0.2681915006239315,0.1430300218846574,12.217,57.1
33251,1991-01-17 00:00:00,0.0018159032398182,-0.2039613730242265,0.207593179503863,12.217,57.1
33252,1991-01-18 00:00:00,0.031145509130573,-0.1746009299353017,0.2368919481964478,12.217,57.1
33253,1991-01-19 00:00:00,0.0019917832314156,-0.203700419656946,0.2076839861197773,12.217,57.1
33254,1991-01-20 00:00:00,0.0442691590593277,-0.1616433216334267,0.2501816397520822,12.217,57.1
33255,1991-01-21 00:00:00,0.2570198483553002,0.0503622685088525,0.4636774282017479,12.217,57.1
33256,1991-01-22 00:00:00,-0.0745349411704927,-0.2813249180790545,0.132255035738069,12.217,57.1
33257,1991-01-23 00:00:00,-0.0399838030632674,-0.2461242427066907,0.1661566365801559,12.217,57.1
33258,1991-01-24 00:00:00,0.0339653138110615,-0.1717758016280555,0.2397064292501786,12.217,57.1
33259,1991-01-25 00:00:00,-0.0069545064883014,-0.2128504731013091,0.1989414601247061,12.217,57.1
33260,1991-01-26 00:00:00,0.0964657722682188,-0.1091756596608686,0.3021072041973062,12.217,57.1
33261,1991-01-27 00:00:00,-0.0062024899700837,-0.2119237858562863,0.1995188059161188,12.217,57.1
33262,1991-01-28 00:00:00,-0.0808309926998277,-0.2864741637791278,0.1248121783794723,12.217,57.1
33263,1991-01-29 00:00:00,-0.0763263453935083,-0.2819440885220008,0.1292913977349841,12.217,57.1
33264,1991-01-30 00:00:00,-0.047153579389487,-0.2527350777184107,0.1584279189394365,12.217,57.1
33265,1991-01-31 00:00:00,-0.045617871531783,-0.2512520813426528,0.1600163382790866,12.217,57.1
33266,1991-02-01 00:00:00,-0.0373538027784837,-0.243039674724014,0.1683320691670466,12.217,57.1
33267,1991-02-02 00:00:00,-0.0034633901090023,-0.2093124536605252,0.2023856734425206,12.217,57.1
33268,1991-02-03 00:00:00,-0.1286429253740552,-0.3344926708957141,0.0772068201476037,12.217,57.1
33269,1991-02-04 00:00:00,-0.1979893832805976,-0.4039393191303805,0.0079605525691852,12.217,57.1
33270,1991-02-05 00:00:00,-0.1997494244601367,-0.405773688375828,0.0062748394555545,12.217,57.1
33271,1991-02-06 00:00:00,-0.2026171700730906,-0.4086794151607189,0.0034450750145375,12.217,57.1
33272,1991-02-07 00:00:00,-0.2541268994920014,-0.4604312213171163,-0.0478225776668866,12.217,57.1
33273,1991-02-08 00:00:00,-0.2124551830903983,-0.4190269052653196,-0.0058834609154769,12.217,57.1
33274,1991-02-09 00:00:00,-0.0216354404223006,-0.2283386939559996,0.1850678131113983,12.217,57.1
33275,1991-02-10 00:00:00,0.0647058168212309,-0.1421189516027125,0.2715305852451743,12.217,57.1
33276,1991-02-11 00:00:00,-0.0560796052647041,-0.2629829521881186,0.1508237416587104,12.217,57.1
33277,1991-02-12 00:00:00,-0.0598099536516491,-0.2662175851593698,0.1465976778560714,12.217,57.1
33278,1991-02-13 00:00:00,-0.0467732833949791,-0.2540733355302964,0.1605267687403382,12.217,57.1
33279,1991-02-14 00:00:00,-0.0595417268752506,-0.2657290099390827,0.1466455561885815,12.217,57.1
33280,1991-02-15 00:00:00,0.0206943960807092,-0.1854199131920602,0.2268087053534787,12.217,57.1
33281,1991-02-16 00:00:00,0.1711719711397531,-0.0347883056949034,0.3771322479744097,12.217,57.1
33282,1991-02-17 00:00:00,0.0906262157243219,-0.1152002800179385,0.2964527114665825,12.217,57.1
33283,1991-02-18 00:00:00,0.0833493298536096,-0.1224918765120691,0.2891905362192885,12.217,57.1
33284,1991-02-19 00:00:00,0.0424281395112281,-0.1632929393504689,0.2481492183729252,12.217,57.1
33285,1991-02-20 00:00:00,0.2491953782888966,0.0435425104630691,0.4548482461147241,12.217,57.1
33286,1991-02-21 00:00:00,0.2547840532048209,0.0491130458362649,0.4604550605733769,12.217,57.1
33287,1991-02-22 00:00:00,0.1411993163990742,-0.0645125322866115,0.34691116508476,12.217,57.1
33288,1991-02-23 00:00:00,0.1970213191068766,-0.0095029885208361,0.4035456267345895,12.217,57.1
33289,1991-02-24 00:00:00,0.4937794879273434,0.2862979153019606,0.7012610605527261,12.217,57.1
33290,1991-02-25 00:00:00,0.3470969667171385,0.1410465475530021,0.553147385881275,12.217,57.1
33291,1991-02-26 00:00:00,0.0567642525122186,-0.1491203150845085,0.2626488201089458,12.217,57.1
33292,1991-02-27 00:00:00,-0.0774220794677225,-0.2835877584924995,0.1287435995570544,12.217,57.1
33293,1991-02-28 00:00:00,-0.0814409380410447,-0.2875490385991168,0.1246671625170272,12.217,57.1
33294,1991-03-01 00:00:00,-0.0326446374053333,-0.2384249271436047,0.173135652332938,12.217,57.1
33295,1991-03-02 00:00:00,0.0067876718307867,-0.198721066883143,0.2122964105447164,12.217,57.1
33296,1991-03-03 00:00:00,0.0089138639871915,-0.1966404375414222,0.2144681655158053,12.217,57.1
33297,1991-03-04 00:00:00,0.0400909579913725,-0.1657696455048653,0.2459515614876105,12.217,57.1
33298,1991-03-05 00:00:00,-0.0215582497036765,-0.2273833159563675,0.1842668165490145,12.217,57.1
33299,1991-03-06 00:00:00,0.1161587360619474,-0.0895761233831564,0.3218935955070512,12.217,57.1
33300,1991-03-07 00:00:00,0.103263651556665,-0.1023309090270669,0.308858212140397,12.217,57.1
33301,1991-03-08 00:00:00,0.0975717607323388,-0.1080207174055828,0.3031642388702605,12.217,57.1
33302,1991-03-09 00:00:00,0.0614030162651726,-0.1442023420634817,0.2670083745938269,12.217,57.1
33303,1991-03-10 00:00:00,0.089490474536431,-0.1161273204588156,0.2951082695316776,12.217,57.1
33304,1991-03-11 00:00:00,0.0194084919414538,-0.1864055129368969,0.2252224968198045,12.217,57.1
33305,1991-03-12 00:00:00,0.0878318446767288,-0.1176092335268167,0.2932729228802745,12.217,57.1
33306,1991-03-13 00:00:00,0.028123028588673,-0.1773290364107058,0.2335750935880519,12.217,57.1
33307,1991-03-14 00:00:00,0.0831660141772802,-0.1222670917881567,0.2885991201427171,12.217,57.1
33308,1991-03-15 00:00:00,0.1378409193368743,-0.0677107005829337,0.3433925392566824,12.217,57.1
33309,1991-03-16 00:00:00,0.0551051210722293,-0.1507458285450991,0.2609560706895578,12.217,57.1
33310,1991-03-17 00:00:00,0.1182546823855472,-0.0874794823498616,0.3239888471209561,12.217,57.1
33311,1991-03-18 00:00:00,0.1050759442651618,-0.1005083480365426,0.3106602365668663,12.217,57.1
33312,1991-03-19 00:00:00,0.0344784467108573,-0.1710934571096272,0.2400503505313419,12.217,57.1
33313,1991-03-20 00:00:00,0.238559555140863,0.0321619355975438,0.4449571746841822,12.217,57.1
33314,1991-03-21 00:00:00,0.3093072675223486,0.1032421051290918,0.5153724299156054,12.217,57.1
33315,1991-03-22 00:00:00,0.3661202166112655,0.1595029158335246,0.5727375173890064,12.217,57.1
33316,1991-03-23 00:00:00,0.1932131959729272,-0.012638311706405,0.3990647036522594,12.217,57.1
33317,1991-03-24 00:00:00,0.0693477289364682,-0.1362828936729421,0.2749783515458787,12.217,57.1
33318,1991-03-25 00:00:00,-0.0358213746272021,-0.2413408930883337,0.1696981438339295,12.217,57.1
33319,1991-03-26 00:00:00,-0.135974611586654,-0.341551719027158,0.0696024958538497,12.217,57.1
33320,1991-03-27 00:00:00,-0.0823502477013728,-0.2879368294612439,0.1232363340584982,12.217,57.1
33321,1991-03-28 00:00:00,-0.0328717123210978,-0.2383796042164088,0.1726361795742131,12.217,57.1
33322,1991-03-29 00:00:00,-0.1155296018272923,-0.3211011429951058,0.0900419393405212,12.217,57.1
33323,1991-03-30 00:00:00,0.0532724478000489,-0.1525928258964696,0.2591377214965676,12.217,57.1
33324,1991-03-31 00:00:00,0.1156300574468424,-0.094369248242796,0.3256293631364808,12.217,57.1
33325,1991-04-01 00:00:00,0.1826076353864169,-0.0234736188622479,0.3886888896350818,12.217,57.1
33326,1991-04-02 00:00:00,0.2897614193403416,0.0837696170411661,0.4957532216395172,12.217,57.1
33327,1991-04-03 00:00:00,0.3773705486580054,0.1712423505942024,0.5834987467218085,12.217,57.1
33328,1991-04-04 00:00:00,0.2479039896249682,0.0419580941128897,0.4538498851370467,12.217,57.1
33329,1991-04-05 00:00:00,0.173523655999418,-0.032416189268942,0.379463501267778,12.217,57.1
33330,1991-04-06 00:00:00,0.1036388477996523,-0.1021842993040063,0.309461994903311,12.217,57.1
33331,1991-04-07 00:00:00,0.0765327697398417,-0.1291513035333628,0.2822168430130463,12.217,57.1
33332,1991-04-08 00:00:00,0.1470440042569382,-0.0584843297133153,0.3525723382271917,12.217,57.1
33333,1991-04-09 00:00:00,0.1164094662166071,-0.0893113761444369,0.3221303085776512,12.217,57.1
33334,1991-04-10 00:00:00,0.028038605565653,-0.1780843456729723,0.2341615568042785,12.217,57.1
33335,1991-04-11 00:00:00,0.0120364753286774,-0.1936221631336295,0.2176951137909844,12.217,57.1
33336,1991-04-12 00:00:00,0.0612469458073987,-0.144484330673978,0.2669782222887756,12.217,57.1
33337,1991-04-13 00:00:00,0.0224933901675385,-0.1831957554000722,0.2281825357351493,12.217,57.1
33338,1991-04-14 00:00:00,-0.0335998168687854,-0.2393869446327983,0.1721873108952273,12.217,57.1
33339,1991-04-15 00:00:00,-0.072349474026995,-0.2783921384276941,0.133693190373704,12.217,57.1
33340,1991-04-16 00:00:00,0.1445937207847939,-0.0618938542961985,0.3510812958657864,12.217,57.1
33341,1991-04-17 00:00:00,0.1426940297160466,-0.0668625430236797,0.3522506024557731,12.217,57.1
33342,1991-04-18 00:00:00,0.0965604458425064,-0.1133195747548479,0.3064404664398608,12.217,57.1
33343,1991-04-19 00:00:00,0.0283788657746846,-0.1772898128288855,0.2340475443782548,12.217,57.1
33344,1991-04-20 00:00:00,-0.0231685938400295,-0.2289081295568141,0.1825709418767549,12.217,57.1
33345,1991-04-21 00:00:00,0.0010589464574798,-0.2048597910917906,0.2069776840067503,12.217,57.1
33346,1991-04-22 00:00:00,0.125279794446602,-0.080327756401226,0.3308873452944302,12.217,57.1
33347,1991-04-23 00:00:00,0.0764311349817018,-0.1292681914613395,0.2821304614247432,12.217,57.1
33348,1991-04-24 00:00:00,-0.0123090141574474,-0.2179017838708202,0.1932837555559253,12.217,57.1
33349,1991-04-25 00:00:00,-0.0253267343078085,-0.2307378789908097,0.1800844103751927,12.217,57.1
33350,1991-04-26 00:00:00,-0.0016905091158467,-0.2071769350056278,0.2037959167739343,12.217,57.1
33351,1991-04-27 00:00:00,-0.0405947270731423,-0.2460438275688994,0.1648543734226147,12.217,57.1
33352,1991-04-28 00:00:00,-0.0496945573521247,-0.2554228182615851,0.1560337035573356,12.217,57.1
33353,1991-04-29 00:00:00,-0.0280189643146707,-0.2341337128283038,0.1780957841989623,12.217,57.1
33354,1991-04-30 00:00:00,-0.0333056981274452,-0.2388551389386043,0.1722437426837137,12.217,57.1
33355,1991-05-01 00:00:00,-0.0743395833595259,-0.2806353001461585,0.1319561334271065,12.217,57.1
33356,1991-05-02 00:00:00,-0.0390071126544601,-0.2455846309648727,0.1675704056559525,12.217,57.1
33357,1991-05-03 00:00:00,0.0413566548392362,-0.1645891343734818,0.2473024440519542,12.217,57.1
33358,1991-05-04 00:00:00,0.0133745288503915,-0.1925994609699898,0.2193485186707729,12.217,57.1
33359,1991-05-05 00:00:00,-0.0214804482322187,-0.2273804248647601,0.1844195284003226,12.217,57.1
33360,1991-05-06 00:00:00,-0.0063937464144224,-0.212785548087361,0.1999980552585161,12.217,57.1
33361,1991-05-07 00:00:00,0.0046739977849187,-0.2013518783367936,0.2106998739066311,12.217,57.1
33362,1991-05-08 00:00:00,-0.0061376059286081,-0.2119604960247709,0.1996852841675546,12.217,57.1
33363,1991-05-09 00:00:00,0.0067954713744197,-0.1987330334677191,0.2123239762165587,12.217,57.1
33364,1991-05-10 00:00:00,0.0157064498917685,-0.189875973811755,0.2212888735952922,12.217,57.1
33365,1991-05-11 00:00:00,0.0728864553874353,-0.1328117536220981,0.2785846643969689,12.217,57.1
33366,1991-05-12 00:00:00,0.0530426383205514,-0.1526505225739431,0.258735799215046,12.217,57.1
33367,1991-05-13 00:00:00,0.0597937460871868,-0.1457736387398633,0.265361130914237,12.217,57.1
33368,1991-05-14 00:00:00,0.1670369305986851,-0.0386309319009833,0.3727047930983536,12.217,57.1
33369,1991-05-15 00:00:00,0.1523949115799896,-0.0539783947190068,0.3587682178789861,12.217,57.1
33370,1991-05-16 00:00:00,0.1537090712081499,-0.0536914683972029,0.3611096108135029,12.217,57.1
33371,1991-05-17 00:00:00,0.1013812741040725,-0.105497454521906,0.3082600027300511,12.217,57.1
33372,1991-05-18 00:00:00,-0.008219190237976,-0.2142023837258499,0.1977640032498978,12.217,57.1
33373,1991-05-19 00:00:00,-0.0026034196182071,-0.208144547358228,0.2029377081218137,12.217,57.1
33374,1991-05-20 00:00:00,0.121801457570831,-0.0837902338322683,0.3273931489739304,12.217,57.1
33375,1991-05-21 00:00:00,0.3294712111220947,0.1182709626904469,0.5406714595537425,12.217,57.1
33376,1991-05-22 00:00:00,0.436296077113999,0.2273009038476938,0.6452912503803041,12.217,57.1
33377,1991-05-23 00:00:00,0.3354470048478709,0.1244873406328476,0.5464066690628941,12.217,57.1
33378,1991-05-24 00:00:00,0.1266378009727222,-0.081647514271692,0.3349231162171366,12.217,57.1
33379,1991-05-25 00:00:00,0.0086514375473182,-0.1971599456204773,0.2144628207151138,12.217,57.1
33380,1991-05-26 00:00:00,-0.0126794141329294,-0.2183810957554645,0.1930222674896056,12.217,57.1
33381,1991-05-27 00:00:00,0.0055190046144738,-0.20018890763155,0.2112269168604977,12.217,57.1
33382,1991-05-28 00:00:00,-0.0156907651401364,-0.2213612053599614,0.1899796750796885,12.217,57.1
33383,1991-05-29 00:00:00,-0.0043493623847568,-0.2097597075490129,0.2010609827794993,12.217,57.1
33384,1991-05-30 00:00:00,-0.0172666330528037,-0.222852433985733,0.1883191678801256,12.217,57.1
33385,1991-05-31 00:00:00,0.0404640851205373,-0.1652362283710786,0.2461643986121533,12.217,57.1
33386,1991-06-01 00:00:00,0.0582905473027649,-0.1481464218937725,0.2647275164993024,12.217,57.1
33387,1991-06-02 00:00:00,0.0664261243203126,-0.1404417248581583,0.2732939734987836,12.217,57.1
33388,1991-06-03 00:00:00,0.1155735084005127,-0.0902954932249062,0.3214425100259318,12.217,57.1
33389,1991-06-04 00:00:00,0.0568913784061582,-0.1488831745829355,0.262665931395252,12.217,57.1
33390,1991-06-05 00:00:00,0.1043800929493874,-0.102615392209298,0.311375578108073,12.217,57.1
33391,1991-06-06 00:00:00,0.1533719336128723,-0.0526908849132799,0.3594347521390245,12.217,57.1
33392,1991-06-07 00:00:00,0.0977958074728713,-0.1080026053075229,0.3035942202532655,12.217,57.1
33393,1991-06-08 00:00:00,0.1096432061453722,-0.0961153514876931,0.3154017637784376,12.217,57.1
33394,1991-06-09 00:00:00,0.012103365720307,-0.1936668374821638,0.2178735689227779,12.217,57.1
33395,1991-06-10 00:00:00,0.1633313711969476,-0.0422988359521462,0.3689615783460416,12.217,57.1
33396,1991-06-11 00:00:00,0.1182373194702981,-0.0873051393167711,0.3237797782573675,12.217,57.1
33397,1991-06-12 00:00:00,0.221825258032949,0.0159759715121352,0.4276745445537628,12.217,57.1
33398,1991-06-13 00:00:00,0.2337171653602994,0.027806325689617,0.4396280050309817,12.217,57.1
33399,1991-06-14 00:00:00,0.2412404562521136,0.0355345978856639,0.4469463146185634,12.217,57.1
33400,1991-06-15 00:00:00,0.243661751349991,0.0378854026878331,0.4494381000121488,12.217,57.1
33401,1991-06-16 00:00:00,0.1953972495077968,-0.0102824665084706,0.4010769655240643,12.217,57.1
33402,1991-06-17 00:00:00,0.1377668101085759,-0.0679354092087531,0.343469029425905,12.217,57.1
33403,1991-06-18 00:00:00,0.0660295329362199,-0.1396897482457147,0.2717488141181546,12.217,57.1
33404,1991-06-19 00:00:00,0.1586515954333442,-0.0484015108408988,0.3657047017075873,12.217,57.1
33405,1991-06-20 00:00:00,0.1263204243218174,-0.0828919452146316,0.3355327938582665,12.217,57.1
33406,1991-06-21 00:00:00,0.1586246818903323,-0.0480297094958235,0.3652790732764882,12.217,57.1
33407,1991-06-22 00:00:00,0.0946480567318115,-0.1112049929938168,0.3005011064574399,12.217,57.1
33408,1991-06-23 00:00:00,0.1268416456289335,-0.0792851138539795,0.3329684051118465,12.217,57.1
33409,1991-06-24 00:00:00,0.0908935890120734,-0.1147984654864006,0.2965856435105475,12.217,57.1
33410,1991-06-25 00:00:00,0.0828557560037625,-0.1228262789469985,0.2885377909545237,12.217,57.1
33411,1991-06-26 00:00:00,0.1123354591841382,-0.0934573036227244,0.318128221991001,12.217,57.1
33412,1991-06-27 00:00:00,0.2759559005200001,0.0699640695668868,0.4819477314731132,12.217,57.1
33413,1991-06-28 00:00:00,0.1306292338064335,-0.0753207221967974,0.3365791898096645,12.217,57.1
33414,1991-06-29 00:00:00,0.0343866996880882,-0.1739005711932834,0.2426739705694598,12.217,57.1
33415,1991-06-30 00:00:00,0.2325476715335088,0.0244390204729056,0.440656322594112,12.217,57.1
33416,1991-07-01 00:00:00,0.1582075163101711,-0.0477534652574047,0.3641684978777469,12.217,57.1
33417,1991-07-02 00:00:00,0.033146986859038,-0.1724246119784742,0.2387185856965502,12.217,57.1
33418,1991-07-03 00:00:00,-0.0388761024326759,-0.2443170997882465,0.1665648949228946,12.217,57.1
33419,1991-07-04 00:00:00,-0.0621501836025387,-0.2676238646659763,0.1433234974608987,12.217,57.1
33420,1991-07-05 00:00:00,-0.0531768892013736,-0.2586026669544292,0.1522488885516819,12.217,57.1
33421,1991-07-06 00:00:00,-0.0513877893142775,-0.2568702667358936,0.1540946881073385,12.217,57.1
33422,1991-07-07 00:00:00,-0.0109173819257589,-0.2163736414290081,0.1945388775774902,12.217,57.1
33423,1991-07-08 00:00:00,0.023551891710528,-0.1818798874791993,0.2289836709002554,12.217,57.1
33424,1991-07-09 00:00:00,0.0509209704399348,-0.1545888430603344,0.2564307839402042,12.217,57.1
33425,1991-07-10 00:00:00,0.1887821586957226,-0.0169445264263655,0.3945088438178109,12.217,57.1
33426,1991-07-11 00:00:00,0.0868969216849537,-0.1209768463567803,0.2947706897266877,12.217,57.1
33427,1991-07-12 00:00:00,0.0405417869846654,-0.1654225974196896,0.2465061713890205,12.217,57.1
33428,1991-07-13 00:00:00,0.1602401243853933,-0.0456519388837399,0.3661321876545266,12.217,57.1
33429,1991-07-14 00:00:00,0.1856629712911755,-0.0202296064785073,0.3915555490608584,12.217,57.1
33430,1991-07-15 00:00:00,0.188613901756031,-0.0170875564961686,0.3943153600082307,12.217,57.1
33431,1991-07-16 00:00:00,0.1733020302834879,-0.0324367313946595,0.3790407919616355,12.217,57.1
33432,1991-07-17 00:00:00,0.2398796864935936,0.0342464527547491,0.4455129202324381,12.217,57.1
33433,1991-07-18 00:00:00,0.1795425874861905,-0.0261549112387344,0.3852400862111154,12.217,57.1
33434,1991-07-19 00:00:00,0.1542117802594442,-0.0513677120238922,0.3597912725427806,12.217,57.1
33435,1991-07-20 00:00:00,0.1154807090142075,-0.0902343901112563,0.3211958081396714,12.217,57.1
33436,1991-07-21 00:00:00,0.1945370200415284,-0.0113093978180752,0.400383437901132,12.217,57.1
33437,1991-07-22 00:00:00,0.1600954743048294,-0.0456638807936808,0.3658548294033396,12.217,57.1
33438,1991-07-23 00:00:00,0.1082657875583296,-0.0973868772280148,0.3139184523446741,12.217,57.1
33439,1991-07-24 00:00:00,0.064205317122992,-0.1412849782246714,0.2696956124706555,12.217,57.1
33440,1991-07-25 00:00:00,0.0943962596654508,-0.1111315111180017,0.2999240304489035,12.217,57.1
33441,1991-07-26 00:00:00,0.0367182184108729,-0.1687593694564759,0.2421958062782218,12.217,57.1
33442,1991-07-27 00:00:00,0.0424009902457299,-0.1631182723385214,0.2479202528299814,12.217,57.1
33443,1991-07-28 00:00:00,0.0480030194033283,-0.1574691417202604,0.2534751805269172,12.217,57.1
33444,1991-07-29 00:00:00,0.0180616623174645,-0.1875154694486521,0.2236387940835811,12.217,57.1
33445,1991-07-30 00:00:00,-0.0040482069552396,-0.2095689842031237,0.2014725702926444,12.217,57.1
33446,1991-07-31 00:00:00,0.0091267897625672,-0.1964024625789348,0.2146560421040692,12.217,57.1
33447,1991-08-01 00:00:00,0.0081958483606268,-0.1973551139698993,0.2137468106911529,12.217,57.1
33448,1991-08-02 00:00:00,-0.0177651322787618,-0.2232827381395077,0.187752473581984,12.217,57.1
33449,1991-08-03 00:00:00,-0.0299800425868645,-0.2354256364745534,0.1754655513008242,12.217,57.1
33450,1991-08-04 00:00:00,0.0097406610921525,-0.1956880372206088,0.2151693594049138,12.217,57.1
33451,1991-08-05 00:00:00,0.0376527076025829,-0.1677694234561851,0.2430748386613511,12.217,57.1
33452,1991-08-06 00:00:00,0.0931133887077847,-0.1124042931482812,0.2986310705638508,12.217,57.1
33453,1991-08-07 00:00:00,0.1588657327980048,-0.0467174189174222,0.3644488845134319,12.217,57.1
33454,1991-08-08 00:00:00,0.0898524864067847,-0.1157402976730895,0.2954452704866591,12.217,57.1
33455,1991-08-09 00:00:00,0.0345995326818246,-0.1709715806261809,0.2401706459898303,12.217,57.1
33456,1991-08-10 00:00:00,0.1432128275555455,-0.0625328784145735,0.3489585335256646,12.217,57.1
33457,1991-08-11 00:00:00,0.2456300925108512,0.0396789705166426,0.4515812145050598,12.217,57.1
33458,1991-08-12 00:00:00,0.3425557343983272,0.1365006264743654,0.5486108423222891,12.217,57.1
33459,1991-08-13 00:00:00,0.238980302104779,0.0330421382279481,0.4449184659816099,12.217,57.1
33460,1991-08-14 00:00:00,0.0953178428452421,-0.1102337703092658,0.3008694559997502,12.217,57.1
33461,1991-08-15 00:00:00,0.0727082645439197,-0.1327625497499131,0.2781790788377527,12.217,57.1
33462,1991-08-16 00:00:00,0.1073034013878624,-0.098245483266716,0.312852286042441,12.217,57.1
33463,1991-08-17 00:00:00,0.2203658633853933,0.0143579808505874,0.4263737459201991,12.217,57.1
33464,1991-08-18 00:00:00,0.1455255111997384,-0.0606785372192457,0.3517295596187225,12.217,57.1
33465,1991-08-19 00:00:00,0.1068581692907542,-0.0993931563256795,0.3131094949071879,12.217,57.1
33466,1991-08-20 00:00:00,0.1886564566132461,-0.0172813943855866,0.3945943076120788,12.217,57.1
33467,1991-08-21 00:00:00,0.1025854505110487,-0.1030418454713077,0.3082127464934052,12.217,57.1
33468,1991-08-22 00:00:00,0.0984405059203609,-0.1071176591165944,0.3039986709573163,12.217,57.1
33469,1991-08-23 00:00:00,0.08231069227474,-0.1232039610678291,0.2878253456173091,12.217,57.1
33470,1991-08-24 00:00:00,0.0797054378523252,-0.1261300270669555,0.285540902771606,12.217,57.1
33471,1991-08-25 00:00:00,0.141736137897268,-0.0641321202104383,0.3476043960049744,12.217,57.1
33472,1991-08-26 00:00:00,0.0515174118690746,-0.1540924031459747,0.2571272268841239,12.217,57.1
33473,1991-08-27 00:00:00,-0.0149846415141852,-0.2205348837887256,0.1905656007603552,12.217,57.1
33474,1991-08-28 00:00:00,-0.0310052481951796,-0.2367039154689932,0.174693419078634,12.217,57.1
33475,1991-08-29 00:00:00,-0.0346051660028293,-0.2404057462454822,0.1711954142398235,12.217,57.1
33476,1991-08-30 00:00:00,-0.0318195673584629,-0.2374533935705421,0.1738142588536162,12.217,57.1
33477,1991-08-31 00:00:00,-0.0190166168243055,-0.2245298154277543,0.1864965817791433,12.217,57.1
33478,1991-09-01 00:00:00,-0.0107604584494215,-0.2162596605734607,0.1947387436746176,12.217,57.1
33479,1991-09-02 00:00:00,-0.0124660678578622,-0.2179431286460454,0.193010992930321,12.217,57.1
33480,1991-09-03 00:00:00,-0.0361804069570371,-0.2418137661407471,0.1694529522266729,12.217,57.1
33481,1991-09-04 00:00:00,0.0536019243422046,-0.1521830794546478,0.2593869281390571,12.217,57.1
33482,1991-09-05 00:00:00,0.1004367095440428,-0.1056885449926094,0.3065619640806951,12.217,57.1
33483,1991-09-06 00:00:00,0.1440167501302701,-0.063189205035161,0.3512227052957012,12.217,57.1
33484,1991-09-07 00:00:00,0.023506258214273,-0.1827787436937556,0.2297912601223018,12.217,57.1
33485,1991-09-08 00:00:00,0.0118440552265395,-0.1940094016133858,0.2176975120664648,12.217,57.1
33486,1991-09-09 00:00:00,0.0285448251358287,-0.1769318875520569,0.2340215378237143,12.217,57.1
33487,1991-09-10 00:00:00,0.0848801026351038,-0.1205784499483111,0.2903386552185188,12.217,57.1
33488,1991-09-11 00:00:00,0.2990030460143933,0.0925738428497012,0.5054322491790854,12.217,57.1
33489,1991-09-12 00:00:00,0.1833260779423835,-0.0236128888987117,0.3902650447834788,12.217,57.1
33490,1991-09-13 00:00:00,0.0407831857521393,-0.1648779368161252,0.2464443083204039,12.217,57.1
33491,1991-09-14 00:00:00,0.0435603404855056,-0.162181213748956,0.2493018947199671,12.217,57.1
33492,1991-09-15 00:00:00,0.0931651556744915,-0.1131561400849047,0.2994864514338878,12.217,57.1
33493,1991-09-16 00:00:00,0.1821532633434869,-0.024484156574786,0.3887906832617598,12.217,57.1
33494,1991-09-17 00:00:00,0.0927635893041971,-0.1129925702743606,0.2985197488827549,12.217,57.1
33495,1991-09-18 00:00:00,0.0725271088101097,-0.1334615493562291,0.2785157669764486,12.217,57.1
33496,1991-09-19 00:00:00,0.1123628591824945,-0.0937972486485245,0.3185229670135136,12.217,57.1
33497,1991-09-20 00:00:00,0.1734859961062006,-0.0323303505513035,0.3793023427637048,12.217,57.1
33498,1991-09-21 00:00:00,0.070521648318211,-0.1349744536889284,0.2760177503253505,12.217,57.1
33499,1991-09-22 00:00:00,0.1223637883433643,-0.0832652999070894,0.327992876593818,12.217,57.1
33500,1991-09-23 00:00:00,0.2795615083969423,0.072883544624177,0.4862394721697076,12.217,57.1
33501,1991-09-24 00:00:00,0.4325286405050267,0.2256223755640058,0.6394349054460475,12.217,57.1
33502,1991-09-25 00:00:00,0.5398257655241994,0.3316318490394028,0.7480196820089959,12.217,57.1
33503,1991-09-26 00:00:00,0.1499890261342065,-0.0573120560049913,0.3572901082734044,12.217,57.1
33504,1991-09-27 00:00:00,0.04903368998322,-0.1572888364567895,0.2553562164232297,12.217,57.1
33505,1991-09-28 00:00:00,0.0855268968923134,-0.120808319441909,0.291862113226536,12.217,57.1
33506,1991-09-29 00:00:00,0.0954430198336393,-0.1100557289681754,0.3009417686354542,12.217,57.1
33507,1991-09-30 00:00:00,0.1688497515893534,-0.0370338278005152,0.374733330979222,12.217,57.1
33508,1991-10-01 00:00:00,0.2570151806908988,0.0494278150860038,0.4646025462957937,12.217,57.1
33509,1991-10-02 00:00:00,0.4354145350847307,0.2265144519484795,0.644314618220982,12.217,57.1
33510,1991-10-03 00:00:00,0.161977618272449,-0.0452874305778978,0.3692426671227958,12.217,57.1
33511,1991-10-04 00:00:00,0.2089773525493976,0.0023177634030119,0.4156369416957833,12.217,57.1
33512,1991-10-05 00:00:00,0.1413764224607552,-0.0649493679455981,0.3477022128671085,12.217,57.1
33513,1991-10-06 00:00:00,0.1200996260368836,-0.085642999142121,0.3258422512158883,12.217,57.1
33514,1991-10-07 00:00:00,0.0144478855383597,-0.1914274395428042,0.2203232106195237,12.217,57.1
33515,1991-10-08 00:00:00,0.0477381680230984,-0.1579095649721894,0.2533859010183863,12.217,57.1
33516,1991-10-09 00:00:00,0.0220103847288892,-0.1834794025301553,0.2275001719879338,12.217,57.1
33517,1991-10-10 00:00:00,-0.0482984820863767,-0.2537770119357744,0.157180047763021,12.217,57.1
33518,1991-10-11 00:00:00,-0.0407183590715419,-0.2461415702367706,0.1647048520936866,12.217,57.1
33519,1991-10-12 00:00:00,-0.0201015861086609,-0.2255789158597738,0.185375743642452,12.217,57.1
33520,1991-10-13 00:00:00,0.0139206762866427,-0.1915558572137908,0.2193972097870763,12.217,57.1
33521,1991-10-14 00:00:00,0.0541015330607981,-0.1514511679681017,0.259654234089698,12.217,57.1
33522,1991-10-15 00:00:00,0.0552749966199624,-0.1504585164166903,0.2610085096566152,12.217,57.1
33523,1991-10-16 00:00:00,0.1112511568668207,-0.0944081108065888,0.3169104245402303,12.217,57.1
33524,1991-10-17 00:00:00,0.2766709492847182,0.0681979823484441,0.4851439162209924,12.217,57.1
33525,1991-10-18 00:00:00,0.5447805594426534,0.3341684229048076,0.7553926959804991,12.217,57.1
33526,1991-10-19 00:00:00,0.3935588927481843,0.1824785760420321,0.6046392094543366,12.217,57.1
33527,1991-10-20 00:00:00,0.1428033075601289,-0.0653388799594933,0.3509454950797513,12.217,57.1
33528,1991-10-21 00:00:00,-0.0329354033813938,-0.2400615284879972,0.1741907217252095,12.217,57.1
33529,1991-10-22 00:00:00,-0.0431151754706496,-0.2487979393283304,0.1625675883870311,12.217,57.1
33530,1991-10-23 00:00:00,-0.0409978733224464,-0.2470290731049479,0.165033326460055,12.217,57.1
33531,1991-10-24 00:00:00,-0.0630204583970127,-0.2689568580692464,0.1429159412752209,12.217,57.1
33532,1991-10-25 00:00:00,-0.057704434103175,-0.263383343175222,0.1479744749688718,12.217,57.1
33533,1991-10-26 00:00:00,-0.0440122397336823,-0.2495299336834456,0.161505454216081,12.217,57.1
33534,1991-10-27 00:00:00,-0.0007543807969632,-0.206241472724578,0.2047327111306515,12.217,57.1
33535,1991-10-28 00:00:00,0.0193349376449174,-0.1863696520434732,0.2250395273333081,12.217,57.1
33536,1991-10-29 00:00:00,-0.0735639066566363,-0.2792817912719268,0.1321539779586542,12.217,57.1
33537,1991-10-30 00:00:00,-0.0272344684278098,-0.2327390756036489,0.1782701387480292,12.217,57.1
33538,1991-10-31 00:00:00,0.0137009293037348,-0.1919881950474663,0.2193900536549361,12.217,57.1
33539,1991-11-01 00:00:00,0.0699537597307817,-0.1363142217504908,0.2762217412120544,12.217,57.1
33540,1991-11-02 00:00:00,0.2474540889971795,0.0400806143348755,0.4548275636594835,12.217,57.1
33541,1991-11-03 00:00:00,0.4330322062108649,0.2247325060411659,0.6413319063805639,12.217,57.1
33542,1991-11-04 00:00:00,0.4476948445029853,0.2388913732418718,0.6564983157640988,12.217,57.1
33543,1991-11-05 00:00:00,0.4243666806695046,0.2172469136032052,0.6314864477358042,12.217,57.1
33544,1991-11-06 00:00:00,0.256097912081386,0.0492767094974537,0.4629191146653183,12.217,57.1
33545,1991-11-07 00:00:00,0.1963184825382636,-0.0111778005098079,0.4038147655863352,12.217,57.1
33546,1991-11-08 00:00:00,0.3614708366393629,0.1526930935766227,0.5702485797021031,12.217,57.1
33547,1991-11-09 00:00:00,0.4074597298311144,0.2010271700254866,0.6138922896367422,12.217,57.1
33548,1991-11-10 00:00:00,0.1862855973407236,-0.0198513911271298,0.3924225858085771,12.217,57.1
33549,1991-11-11 00:00:00,0.1558261968306378,-0.050983480644183,0.3626358743054587,12.217,57.1
33550,1991-11-12 00:00:00,0.369385166320731,0.1595364346680639,0.5792338979733981,12.217,57.1
33551,1991-11-13 00:00:00,0.2075167578125177,-0.0002299991842258,0.4152635148092614,12.217,57.1
33552,1991-11-14 00:00:00,0.4182347558287987,0.2073632132144885,0.6291062984431091,12.217,57.1
33553,1991-11-15 00:00:00,0.2823397140179079,0.0761074892351419,0.4885719388006739,12.217,57.1
33554,1991-11-16 00:00:00,0.1076480993659834,-0.0980517124506474,0.3133479111826142,12.217,57.1
33555,1991-11-17 00:00:00,0.0029832036202671,-0.2026053534861401,0.2085717607266743,12.217,57.1
33556,1991-11-18 00:00:00,-0.0330440245198378,-0.2390114424871369,0.1729233934474611,12.217,57.1
33557,1991-11-19 00:00:00,-0.0139671075652726,-0.2205747660628874,0.1926405509323421,12.217,57.1
33558,1991-11-20 00:00:00,-0.0409359113691106,-0.2471158673905198,0.1652440446522985,12.217,57.1
33559,1991-11-21 00:00:00,-0.0506187276162222,-0.2563224259349859,0.1550849707025414,12.217,57.1
33560,1991-11-22 00:00:00,0.2224980397263058,0.0160758761098951,0.4289202033427164,12.217,57.1
33561,1991-11-23 00:00:00,0.1411909400649171,-0.0656243935440754,0.3480062736739097,12.217,57.1
33562,1991-11-24 00:00:00,0.1329306509294673,-0.0726900110366302,0.3385513128955649,12.217,57.1
33563,1991-11-25 00:00:00,0.1070896051336599,-0.098491549166076,0.3126707594333959,12.217,57.1
33564,1991-11-26 00:00:00,0.1290117751920235,-0.0766600236449051,0.3346835740289522,12.217,57.1
33565,1991-11-27 00:00:00,0.0640363301288869,-0.1415199209123688,0.2695925811701427,12.217,57.1
33566,1991-11-28 00:00:00,0.0648908153202445,-0.1406376908764081,0.2704193215168972,12.217,57.1
33567,1991-11-29 00:00:00,0.1790004123894887,-0.0269612357076116,0.3849620604865891,12.217,57.1
33568,1991-11-30 00:00:00,0.0415215720243162,-0.1643806559273919,0.2474237999760244,12.217,57.1
33569,1991-12-01 00:00:00,0.0399418648541076,-0.1655927070292428,0.2454764367374581,12.217,57.1
33570,1991-12-02 00:00:00,-0.070614732069626,-0.2763838626914829,0.1351543985522308,12.217,57.1
33571,1991-12-03 00:00:00,-0.0164922368438734,-0.222268166271491,0.1892836925837441,12.217,57.1
33572,1991-12-04 00:00:00,0.0353410981065637,-0.1703962557418309,0.2410784519549584,12.217,57.1
33573,1991-12-05 00:00:00,0.0322515448455885,-0.1743206210338797,0.2388237107250567,12.217,57.1
33574,1991-12-06 00:00:00,-0.1381028840113957,-0.3446091145811999,0.0684033465584083,12.217,57.1
33575,1991-12-07 00:00:00,-0.1615353582672843,-0.3675433699986404,0.0444726534640716,12.217,57.1
33576,1991-12-08 00:00:00,-0.0947080789354855,-0.3002721661533055,0.1108560082823344,12.217,57.1
33577,1991-12-09 00:00:00,-0.0670699546725117,-0.2725661426502088,0.1384262333051854,12.217,57.1
33578,1991-12-10 00:00:00,-0.092234252635033,-0.2978402821120169,0.1133717768419509,12.217,57.1
33579,1991-12-11 00:00:00,0.006232161768575,-0.1995638599880159,0.212028183525166,12.217,57.1
33580,1991-12-12 00:00:00,0.0068856350604029,-0.1990585304038727,0.2128298005246787,12.217,57.1
33581,1991-12-13 00:00:00,0.2492176115571119,0.0432771697737958,0.4551580533404281,12.217,57.1
33582,1991-12-14 00:00:00,0.5980282461748101,0.3910830783143896,0.8049734140352305,12.217,57.1
33583,1991-12-15 00:00:00,0.170281451416517,-0.0375265302870787,0.3780894331201129,12.217,57.1
33584,1991-12-16 00:00:00,0.2083538006259765,0.002176094873936,0.4145315063780171,12.217,57.1
33585,1991-12-17 00:00:00,0.0570633903188426,-0.1488525367614602,0.2629793173991454,12.217,57.1
33586,1991-12-18 00:00:00,0.1512698189354379,-0.0573389388016076,0.3598785766724836,12.217,57.1
33587,1991-12-19 00:00:00,0.4528321471512215,0.2428388055864475,0.6628254887159956,12.217,57.1
33588,1991-12-20 00:00:00,0.4506402709668394,0.2428212043089177,0.6584593376247612,12.217,57.1
33589,1991-12-21 00:00:00,0.6708110228563098,0.4614790239492911,0.8801430217633284,12.217,57.1
33590,1991-12-22 00:00:00,0.3150133979132655,0.1073402552403912,0.5226865405861397,12.217,57.1
33591,1991-12-23 00:00:00,0.2034394462837147,-0.0049791002934997,0.4118579928609291,12.217,57.1
33592,1991-12-24 00:00:00,0.4090046698363689,0.1991183955468159,0.6188909441259218,12.217,57.1
33593,1991-12-25 00:00:00,-0.0267789781466246,-0.2362648789379066,0.1827069226446572,12.217,57.1
33594,1991-12-26 00:00:00,0.0170951752411359,-0.1892718310536144,0.2234621815358862,12.217,57.1
33595,1991-12-27 00:00:00,0.1779359634693772,-0.0315502875011907,0.3874222144399452,12.217,57.1
33596,1991-12-28 00:00:00,-0.0672512181228206,-0.2776268350941567,0.1431243988485155,12.217,57.1
33597,1991-12-29 00:00:00,0.1568554152949457,-0.0490984697021908,0.3628093002920822,12.217,57.1
33598,1991-12-30 00:00:00,0.1823703695289706,-0.0239162499176457,0.388656988975587,12.217,57.1
33599,1991-12-31 00:00:00,-0.0912319003993356,-0.2983002098684453,0.1158364090697741,12.217,57.1
33600,1992-01-01 00:00:00,0.1724738602100719,-0.0344790730761288,0.3794267934962727,12.217,57.1
33601,1992-01-02 00:00:00,0.502252690843463,0.2930356996129791,0.711469682073947,12.217,57.1
33602,1992-01-03 00:00:00,0.7610648417013985,0.5499206973335022,0.9722089860692948,12.217,57.1
33603,1992-01-04 00:00:00,0.5976106958353964,0.389252912171269,0.8059684794995238,12.217,57.1
33604,1992-01-05 00:00:00,0.4419752231681647,0.2338373316204701,0.6501131147158593,12.217,57.1
33605,1992-01-06 00:00:00,0.02841233795525,-0.1781886048464648,0.2350132807569649,12.217,57.1
33606,1992-01-07 00:00:00,0.1750135332062087,-0.0319622004772862,0.3819892668897037,12.217,57.1
33607,1992-01-08 00:00:00,0.4153966065036285,0.2080850612868675,0.6227081517203894,12.217,57.1
33608,1992-01-09 00:00:00,0.2425483039473921,0.0363821013487262,0.448714506546058,12.217,57.1
33609,1992-01-10 00:00:00,0.0572298116841793,-0.1491383036912152,0.2635979270595739,12.217,57.1
33610,1992-01-11 00:00:00,0.2370562389531933,0.0283640772413413,0.4457484006650453,12.217,57.1
33611,1992-01-12 00:00:00,0.3659917410713572,0.1561550139833788,0.5758284681593356,12.217,57.1
33612,1992-01-13 00:00:00,-0.0280841979841174,-0.2348107384663726,0.1786423424981378,12.217,57.1
33613,1992-01-14 00:00:00,0.0585950791186156,-0.147166839537814,0.2643569977750453,12.217,57.1
33614,1992-01-15 00:00:00,0.0814119199465928,-0.1246427163333536,0.2874665562265394,12.217,57.1
33615,1992-01-16 00:00:00,0.0784149524457408,-0.1275757906111801,0.284405695502662,12.217,57.1
33616,1992-01-17 00:00:00,0.262692423241479,0.050446743593321,0.474938102889637,12.217,57.1
33617,1992-01-18 00:00:00,-0.014102512306729,-0.2251002418741162,0.1968952172606581,12.217,57.1
33618,1992-01-19 00:00:00,0.1131838937837594,-0.0931004879505735,0.3194682755180924,12.217,57.1
33619,1992-01-20 00:00:00,-0.173402172310933,-0.3812246972112534,0.0344203525893874,12.217,57.1
33620,1992-01-21 00:00:00,-0.0944328563359163,-0.3013066921914483,0.1124409795196156,12.217,57.1
33621,1992-01-22 00:00:00,-0.0602867747343567,-0.2658291557807695,0.145255606312056,12.217,57.1
33622,1992-01-23 00:00:00,-0.0362187544140162,-0.2417999702461319,0.1693624614180995,12.217,57.1
33623,1992-01-24 00:00:00,-0.0513281683533586,-0.2569671329916618,0.1543107962849444,12.217,57.1
33624,1992-01-25 00:00:00,-0.0458705169586062,-0.2515163693558866,0.1597753354386741,12.217,57.1
33625,1992-01-26 00:00:00,0.0715032520250591,-0.1344062769061806,0.2774127809562989,12.217,57.1
33626,1992-01-27 00:00:00,-0.0974304398254004,-0.3039908453160515,0.1091299656652506,12.217,57.1
33627,1992-01-28 00:00:00,-0.0566329856338572,-0.2623055429118587,0.1490395716441442,12.217,57.1
33628,1992-01-29 00:00:00,-0.0318345676508584,-0.2375455026856021,0.1738763673838853,12.217,57.1
33629,1992-01-30 00:00:00,-0.0762406377428806,-0.2819833566953569,0.1295020812095956,12.217,57.1
33630,1992-01-31 00:00:00,-0.1067230883606002,-0.3122605584586951,0.0988143817374946,12.217,57.1
33631,1992-02-01 00:00:00,-0.0241959345341254,-0.229785632292013,0.181393763223762,12.217,57.1
33632,1992-02-02 00:00:00,0.0437104429191076,-0.1618857829120422,0.2493066687502574,12.217,57.1
33633,1992-02-03 00:00:00,0.2313896695214422,0.0250596691510605,0.437719669891824,12.217,57.1
33634,1992-02-04 00:00:00,0.3880026790743771,0.1808463443370807,0.5951590138116736,12.217,57.1
33635,1992-02-05 00:00:00,0.1736326304262582,-0.0326533472964396,0.379918608148956,12.217,57.1
33636,1992-02-06 00:00:00,0.0573284548357043,-0.1492195571139151,0.2638764667853238,12.217,57.1
33637,1992-02-07 00:00:00,0.1725175016526832,-0.033767074299886,0.3788020776052525,12.217,57.1
33638,1992-02-08 00:00:00,0.2304775931885787,0.0247810480433433,0.4361741383338142,12.217,57.1
33639,1992-02-09 00:00:00,0.1049251887400725,-0.100666367185243,0.3105167446653881,12.217,57.1
33640,1992-02-10 00:00:00,0.1830526190399371,-0.0225496042768637,0.388654842356738,12.217,57.1
33641,1992-02-11 00:00:00,0.3328216209969528,0.1268292886645095,0.5388139533293961,12.217,57.1
33642,1992-02-12 00:00:00,0.2164827446094429,0.010653164493401,0.4223123247254847,12.217,57.1
33643,1992-02-13 00:00:00,0.165297004245519,-0.0404742708841176,0.3710682793751556,12.217,57.1
33644,1992-02-14 00:00:00,0.2824934527892077,0.0759520077943473,0.4890348977840681,12.217,57.1
33645,1992-02-15 00:00:00,0.3094700301651507,0.1031955161404688,0.5157445441898325,12.217,57.1
33646,1992-02-16 00:00:00,0.2560117608172184,0.0480434732027857,0.4639800484316511,12.217,57.1
33647,1992-02-17 00:00:00,0.0135858240146512,-0.1946940620096555,0.2218657100389579,12.217,57.1
33648,1992-02-18 00:00:00,-0.1291738152332428,-0.335344663209236,0.0769970327427503,12.217,57.1
33649,1992-02-19 00:00:00,-0.0927471456181862,-0.2984779852821908,0.1129836940458184,12.217,57.1
33650,1992-02-20 00:00:00,-0.0571026938306034,-0.2627801222492979,0.148574734588091,12.217,57.1
33651,1992-02-21 00:00:00,0.0211194069032573,-0.184471165864092,0.2267099796706068,12.217,57.1
33652,1992-02-22 00:00:00,0.0378193216426803,-0.1678591238500217,0.2434977671353823,12.217,57.1
33653,1992-02-23 00:00:00,0.3771009299148465,0.1708162469326223,0.5833856128970708,12.217,57.1
33654,1992-02-24 00:00:00,0.4362270085272849,0.225105117218556,0.6473488998360137,12.217,57.1
33655,1992-02-25 00:00:00,0.1681230111498714,-0.0397584136522026,0.3760044359519455,12.217,57.1
33656,1992-02-26 00:00:00,0.031171448563645,-0.1744390471787294,0.2367819443060196,12.217,57.1
33657,1992-02-27 00:00:00,0.06864342781627,-0.1370078111472764,0.2742946667798164,12.217,57.1
33658,1992-02-28 00:00:00,0.0838526346810984,-0.1219087991454058,0.2896140685076027,12.217,57.1
33659,1992-02-29 00:00:00,0.0273358211886562,-0.1783661482857673,0.2330377906630799,12.217,57.1
33660,1992-03-01 00:00:00,0.1281205756342918,-0.0775631102170171,0.3338042614856009,12.217,57.1
33661,1992-03-02 00:00:00,0.1465639937069321,-0.0592839900656815,0.3524119774795457,12.217,57.1
33662,1992-03-03 00:00:00,0.4456341830658198,0.2384657588374856,0.652802607294154,12.217,57.1
33663,1992-03-04 00:00:00,0.2397165092494682,0.0320908729915354,0.447342145507401,12.217,57.1
33664,1992-03-05 00:00:00,0.0428300800246949,-0.1632272577393895,0.2488874177887795,12.217,57.1
33665,1992-03-06 00:00:00,0.0402407905956209,-0.1653059742388662,0.2457875554301082,12.217,57.1
33666,1992-03-07 00:00:00,0.0264053391092911,-0.1795423281803916,0.2323530063989739,12.217,57.1
33667,1992-03-08 00:00:00,0.0760423254357144,-0.1296847501613561,0.2817694010327851,12.217,57.1
33668,1992-03-09 00:00:00,-0.0004687543638281,-0.2060855667838862,0.2051480580562298,12.217,57.1
33669,1992-03-10 00:00:00,-0.024188779137764,-0.230079038858953,0.1817014805834248,12.217,57.1
33670,1992-03-11 00:00:00,0.2161748912113963,0.0092737077034879,0.4230760747193046,12.217,57.1
33671,1992-03-12 00:00:00,0.3051906305907979,0.0983435414676395,0.5120377197139563,12.217,57.1
33672,1992-03-13 00:00:00,0.481783474682677,0.268097182283178,0.695469767082176,12.217,57.1
33673,1992-03-14 00:00:00,0.4879071840689593,0.2806147569000438,0.6951996112378749,12.217,57.1
33674,1992-03-15 00:00:00,0.3257646063285326,0.1181090928932103,0.533420119763855,12.217,57.1
33675,1992-03-16 00:00:00,0.0441571610739743,-0.1623672044262272,0.2506815265741758,12.217,57.1
33676,1992-03-17 00:00:00,0.0047558502924717,-0.201408756272218,0.2109204568571615,12.217,57.1
33677,1992-03-18 00:00:00,0.1083290874167319,-0.0976723913428108,0.3143305661762748,12.217,57.1
33678,1992-03-19 00:00:00,0.1527476903668456,-0.0531778120131043,0.3586731927467956,12.217,57.1
33679,1992-03-20 00:00:00,0.2044743138424549,-0.0023567614059043,0.4113053890908144,12.217,57.1
33680,1992-03-21 00:00:00,0.1495950410121073,-0.0562157215827022,0.355405803606917,12.217,57.1
33681,1992-03-22 00:00:00,0.1783087431401252,-0.0273127720040549,0.3839302582843055,12.217,57.1
33682,1992-03-23 00:00:00,0.2478164179658315,0.0412782152311466,0.4543546207005164,12.217,57.1
33683,1992-03-24 00:00:00,0.0265657773019307,-0.1815039944321632,0.2346355490360247,12.217,57.1
33684,1992-03-25 00:00:00,-0.014487158344493,-0.2208089866986879,0.1918346700097018,12.217,57.1
33685,1992-03-26 00:00:00,0.1359802215439701,-0.070021130976668,0.3419815740646084,12.217,57.1
33686,1992-03-27 00:00:00,0.1887605082082933,-0.0170840571390021,0.3946050735555887,12.217,57.1
33687,1992-03-28 00:00:00,0.1269580081590203,-0.0791440784094812,0.3330600947275218,12.217,57.1
33688,1992-03-29 00:00:00,0.1294743605123181,-0.0779442881347211,0.3368930091593575,12.217,57.1
33689,1992-03-30 00:00:00,0.0454113745339158,-0.160639007632023,0.2514617566998547,12.217,57.1
33690,1992-03-31 00:00:00,0.1174162644106927,-0.0883081846853506,0.3231407135067362,12.217,57.1
33691,1992-04-01 00:00:00,0.0567311855194452,-0.1493030099463189,0.2627653809852093,12.217,57.1
33692,1992-04-02 00:00:00,0.1290819707691636,-0.0786393040182838,0.3368032455566111,12.217,57.1
33693,1992-04-03 00:00:00,0.1115115821868761,-0.0976114048102663,0.3206345691840185,12.217,57.1
33694,1992-04-04 00:00:00,0.0694991331134261,-0.1363517283282725,0.2753499945551249,12.217,57.1
33695,1992-04-05 00:00:00,0.0779827073175453,-0.127627522536223,0.2835929371713137,12.217,57.1
33696,1992-04-06 00:00:00,0.0785897721556547,-0.1270082219092479,0.2841877662205574,12.217,57.1
33697,1992-04-07 00:00:00,0.1349686579964154,-0.0705763932706247,0.3405137092634556,12.217,57.1
33698,1992-04-08 00:00:00,0.053313342381076,-0.1522394165479553,0.2588661013101073,12.217,57.1
33699,1992-04-09 00:00:00,-0.0386119858125751,-0.2442094520688817,0.1669854804437315,12.217,57.1
33700,1992-04-10 00:00:00,-0.0288052826419727,-0.2342567594277909,0.1766461941438453,12.217,57.1
33701,1992-04-11 00:00:00,0.0921990255841766,-0.1133254666252874,0.2977235177936408,12.217,57.1
33702,1992-04-12 00:00:00,0.1021941095837757,-0.1034159553994086,0.3078041745669601,12.217,57.1
33703,1992-04-13 00:00:00,0.1968330040993445,-0.0087126964647602,0.4023787046634492,12.217,57.1
33704,1992-04-14 00:00:00,0.3187673745564936,0.1125847923807275,0.5249499567322597,12.217,57.1
33705,1992-04-15 00:00:00,0.2202993860069862,0.0137553179049889,0.4268434541089836,12.217,57.1
33706,1992-04-16 00:00:00,0.0933785732890653,-0.1153120492246538,0.3020691958027845,12.217,57.1
33707,1992-04-17 00:00:00,-0.0290754824574892,-0.2371686309126732,0.1790176659976948,12.217,57.1
33708,1992-04-18 00:00:00,0.0470184223488963,-0.1587616567682612,0.2527985014660538,12.217,57.1
33709,1992-04-19 00:00:00,0.3292988817389383,0.12031103877337,0.5382867247045066,12.217,57.1
33710,1992-04-20 00:00:00,0.3649168911953807,0.1552303282954329,0.5746034540953285,12.217,57.1
33711,1992-04-21 00:00:00,0.1096415934148932,-0.0976070515127769,0.3168902383425633,12.217,57.1
33712,1992-04-22 00:00:00,0.0577807265988865,-0.1478955597738752,0.2634570129716485,12.217,57.1
33713,1992-04-23 00:00:00,0.0643712230678576,-0.1411792367408514,0.2699216828765668,12.217,57.1
33714,1992-04-24 00:00:00,0.0788622039884005,-0.1267733981421149,0.284497806118916,12.217,57.1
33715,1992-04-25 00:00:00,0.1414346615996001,-0.0642054374398114,0.3470747606390117,12.217,57.1
33716,1992-04-26 00:00:00,0.2054552894052185,-0.000707533870602,0.4116181126810392,12.217,57.1
33717,1992-04-27 00:00:00,0.1672253920317586,-0.0387031081321148,0.3731538921956322,12.217,57.1
33718,1992-04-28 00:00:00,0.2377169560522594,0.0316706549048357,0.443763257199683,12.217,57.1
33719,1992-04-29 00:00:00,0.1061483542025853,-0.0996731926569312,0.3119699010621019,12.217,57.1
33720,1992-04-30 00:00:00,0.172343210299622,-0.033764308415057,0.3784507290143011,12.217,57.1
33721,1992-05-01 00:00:00,0.1027483237264084,-0.1034557998703301,0.3089524473231469,12.217,57.1
33722,1992-05-02 00:00:00,0.2303707347983765,0.022590816806044,0.4381506527907089,12.217,57.1
33723,1992-05-03 00:00:00,0.0961998804355332,-0.1106397217160321,0.3030394825870985,12.217,57.1
33724,1992-05-04 00:00:00,0.0200460755148534,-0.1855665989031507,0.2256587499328576,12.217,57.1
33725,1992-05-05 00:00:00,0.0499556764536143,-0.1555085742481244,0.2554199271553531,12.217,57.1
33726,1992-05-06 00:00:00,0.0872725743275426,-0.118301279686662,0.2928464283417473,12.217,57.1
33727,1992-05-07 00:00:00,0.2103286642805596,0.0039540843820481,0.4167032441790711,12.217,57.1
33728,1992-05-08 00:00:00,0.4450899078797583,0.2383973212468257,0.6517824945126909,12.217,57.1
33729,1992-05-09 00:00:00,0.3190058427774528,0.1114909063978646,0.526520779157041,12.217,57.1
33730,1992-05-10 00:00:00,0.2997103398006703,0.0934041824774052,0.5060164971239355,12.217,57.1
33731,1992-05-11 00:00:00,0.1622019864479298,-0.0438532687027286,0.3682572415985883,12.217,57.1
33732,1992-05-12 00:00:00,0.0638022586178226,-0.1419040127884142,0.2695085300240594,12.217,57.1
33733,1992-05-13 00:00:00,0.4158036918362351,0.207927846191245,0.6236795374812252,12.217,57.1
33734,1992-05-14 00:00:00,0.0690097827144711,-0.1388495175666186,0.2768690829955609,12.217,57.1
33735,1992-05-15 00:00:00,-0.020195093140215,-0.2257740220065229,0.1853838357260928,12.217,57.1
33736,1992-05-16 00:00:00,0.0162332932540485,-0.1895475069974474,0.2220140935055446,12.217,57.1
33737,1992-05-17 00:00:00,0.0103284358330293,-0.1964693860127642,0.2171262576788229,12.217,57.1
33738,1992-05-18 00:00:00,-0.0142191047426624,-0.2203179747729375,0.1918797652876126,12.217,57.1
33739,1992-05-19 00:00:00,-0.0356312785535759,-0.2410918560991431,0.1698292989919913,12.217,57.1
33740,1992-05-20 00:00:00,-0.0167108233052376,-0.222264480789433,0.1888428341789576,12.217,57.1
33741,1992-05-21 00:00:00,0.0048210316817094,-0.2006951373859336,0.2103372007493523,12.217,57.1
33742,1992-05-22 00:00:00,-0.0005314446645897,-0.2059782302654486,0.204915340936269,12.217,57.1
33743,1992-05-23 00:00:00,-0.0069601900489648,-0.2125589553294409,0.1986385752315112,12.217,57.1
33744,1992-05-24 00:00:00,-0.0097022593054553,-0.2152566668258616,0.1958521482149508,12.217,57.1
33745,1992-05-25 00:00:00,-0.0234390872585566,-0.2289524005259248,0.1820742260088116,12.217,57.1
33746,1992-05-26 00:00:00,-0.039801913321773,-0.2454505028565874,0.1658466762130412,12.217,57.1
33747,1992-05-27 00:00:00,-0.095642868559903,-0.3011895579484674,0.1099038208286613,12.217,57.1
33748,1992-05-28 00:00:00,-0.0411646275798622,-0.2467348323631317,0.1644055772034073,12.217,57.1
33749,1992-05-29 00:00:00,-0.0418848713201851,-0.2474337436575524,0.1636640010171821,12.217,57.1
33750,1992-05-30 00:00:00,-0.0389677348936983,-0.2445381069845687,0.166602637197172,12.217,57.1
33751,1992-05-31 00:00:00,-0.0401373867965869,-0.2456616558478497,0.1653868822546758,12.217,57.1
33752,1992-06-01 00:00:00,0.0005439490485201,-0.2049022296574379,0.2059901277544783,12.217,57.1
33753,1992-06-02 00:00:00,0.0266221838161074,-0.1789934819836799,0.2322378496158948,12.217,57.1
33754,1992-06-03 00:00:00,-0.0032522269356574,-0.2092034270488609,0.2026989731775459,12.217,57.1
33755,1992-06-04 00:00:00,0.0701457014057885,-0.1358926907759403,0.2761840935875174,12.217,57.1
33756,1992-06-05 00:00:00,-0.0833777021820802,-0.2892931780109384,0.1225377736467779,12.217,57.1
33757,1992-06-06 00:00:00,-0.0267357933266961,-0.2323308141368556,0.1788592274834632,12.217,57.1
33758,1992-06-07 00:00:00,-0.0308658488999676,-0.236440532388551,0.1747088345886156,12.217,57.1
33759,1992-06-08 00:00:00,-0.0026834243556375,-0.2082603497447966,0.2028935010335215,12.217,57.1
33760,1992-06-09 00:00:00,0.0325564358011109,-0.173785477069658,0.2388983486718798,12.217,57.1
33761,1992-06-10 00:00:00,-0.0536588117561897,-0.2595995829446531,0.1522819594322736,12.217,57.1
33762,1992-06-11 00:00:00,-0.0647145747578818,-0.270546923789785,0.1411177742740214,12.217,57.1
33763,1992-06-12 00:00:00,0.0048175956120307,-0.2013654695721554,0.211000660796217,12.217,57.1
33764,1992-06-13 00:00:00,-0.0774053245916763,-0.2831090629242754,0.1282984137409227,12.217,57.1
33765,1992-06-14 00:00:00,-0.0036777492928028,-0.2091616705059295,0.2018061719203238,12.217,57.1
33766,1992-06-15 00:00:00,0.0775900843788093,-0.1280852188775037,0.2832653876351224,12.217,57.1
33767,1992-06-16 00:00:00,0.1084034202090083,-0.0974480888152264,0.3142549292332431,12.217,57.1
33768,1992-06-17 00:00:00,-0.0056603932066324,-0.211726864327346,0.2004060779140812,12.217,57.1
33769,1992-06-18 00:00:00,0.0232223892297814,-0.1827156556252387,0.2291604340848016,12.217,57.1
33770,1992-06-19 00:00:00,0.0518300163402721,-0.154272890949399,0.2579329236299432,12.217,57.1
33771,1992-06-20 00:00:00,-0.0564507283091937,-0.2622737984315594,0.1493723418131718,12.217,57.1
33772,1992-06-21 00:00:00,0.1134903633934232,-0.0923273272694184,0.3193080540562649,12.217,57.1
33773,1992-06-22 00:00:00,0.1842429362591565,-0.0235618395692749,0.3920477120875879,12.217,57.1
33774,1992-06-23 00:00:00,0.1252027601250893,-0.0804959468731914,0.3309014671233702,12.217,57.1
33775,1992-06-24 00:00:00,0.0601497577337473,-0.1454219040713334,0.265721419538828,12.217,57.1
33776,1992-06-25 00:00:00,0.0286383312949619,-0.1768917052619408,0.2341683678518647,12.217,57.1
33777,1992-06-26 00:00:00,0.0018472921089126,-0.2036105761873469,0.2073051604051723,12.217,57.1
33778,1992-06-27 00:00:00,0.011618949024047,-0.1938706433493827,0.2171085413974767,12.217,57.1
33779,1992-06-28 00:00:00,0.02763742459395,-0.1780547324761786,0.2333295816640787,12.217,57.1
33780,1992-06-29 00:00:00,-0.0164344300995892,-0.2221056440932141,0.1892367838940357,12.217,57.1
33781,1992-06-30 00:00:00,0.0206555731067661,-0.1851394275283449,0.2264505737418771,12.217,57.1
33782,1992-07-01 00:00:00,0.0356723809963325,-0.1700646899673027,0.2414094519599677,12.217,57.1
33783,1992-07-02 00:00:00,0.0552556184938164,-0.1505714523208607,0.2610826893084936,12.217,57.1
33784,1992-07-03 00:00:00,0.0299620544856339,-0.1757196959954707,0.2356438049667387,12.217,57.1
33785,1992-07-04 00:00:00,0.0181296413150089,-0.1874993036394125,0.2237585862694304,12.217,57.1
33786,1992-07-05 00:00:00,0.0489130121431523,-0.1568637971258733,0.254689821412178,12.217,57.1
33787,1992-07-06 00:00:00,-0.0307896567517696,-0.2368826792883851,0.1753033657848459,12.217,57.1
33788,1992-07-07 00:00:00,0.0143304059570764,-0.1913360183925719,0.2199968303067248,12.217,57.1
33789,1992-07-08 00:00:00,0.0154337222799995,-0.1903188772441185,0.2211863218041176,12.217,57.1
33790,1992-07-09 00:00:00,0.0678207158355453,-0.1378459226380478,0.2734873543091386,12.217,57.1
33791,1992-07-10 00:00:00,0.1272765008293941,-0.0783208429313776,0.3328738445901658,12.217,57.1
33792,1992-07-11 00:00:00,0.1118321627072574,-0.0938705350527624,0.3175348604672773,12.217,57.1
33793,1992-07-12 00:00:00,0.0874146210679506,-0.1181946053280805,0.2930238474639818,12.217,57.1
33794,1992-07-13 00:00:00,0.1579458064502649,-0.0477849969309211,0.3636766098314509,12.217,57.1
33795,1992-07-14 00:00:00,0.1392897871834452,-0.0667999813967104,0.3453795557636009,12.217,57.1
33796,1992-07-15 00:00:00,0.2909181168853006,0.0842752809338372,0.4975609528367639,12.217,57.1
33797,1992-07-16 00:00:00,0.1849995609729491,-0.0210529033184185,0.3910520252643168,12.217,57.1
33798,1992-07-17 00:00:00,0.089213920081037,-0.1163047121394776,0.2947325523015517,12.217,57.1
33799,1992-07-18 00:00:00,0.1204994157796489,-0.0851346415167148,0.3261334730760126,12.217,57.1
33800,1992-07-19 00:00:00,0.191784967218018,-0.0140374420382642,0.3976073764743002,12.217,57.1
33801,1992-07-20 00:00:00,0.156984571568456,-0.0485909943442359,0.3625601374811479,12.217,57.1
33802,1992-07-21 00:00:00,0.0805694832501682,-0.1249957354603738,0.2861347019607103,12.217,57.1
33803,1992-07-22 00:00:00,0.1932755322378802,-0.0132921132814012,0.3998431777571617,12.217,57.1
33804,1992-07-23 00:00:00,0.1274237583300326,-0.0788552893171029,0.3337028059771682,12.217,57.1
33805,1992-07-24 00:00:00,-0.0070645073313783,-0.2126715577026363,0.1985425430398797,12.217,57.1
33806,1992-07-25 00:00:00,0.0349427739954465,-0.1705877647259265,0.2404733127168195,12.217,57.1
33807,1992-07-26 00:00:00,0.0677698256617281,-0.1377131095865001,0.2732527609099564,12.217,57.1
33808,1992-07-27 00:00:00,0.0984518047537042,-0.1070910954293925,0.303994704936801,12.217,57.1
33809,1992-07-28 00:00:00,0.1690354604667037,-0.0371889286689256,0.375259849602333,12.217,57.1
33810,1992-07-29 00:00:00,0.2513863088629964,0.0448991336955561,0.4578734840304366,12.217,57.1
33811,1992-07-30 00:00:00,0.0578726668665863,-0.1479261615882896,0.2636714953214622,12.217,57.1
33812,1992-07-31 00:00:00,0.0691136820621364,-0.1366569963094196,0.2748843604336924,12.217,57.1
33813,1992-08-01 00:00:00,0.0186312536079877,-0.1869934590477967,0.2242559662637721,12.217,57.1
33814,1992-08-02 00:00:00,0.1297579980847802,-0.0758155235752369,0.3353315197447974,12.217,57.1
33815,1992-08-03 00:00:00,0.1659185927597587,-0.0397930640435587,0.3716302495630762,12.217,57.1
33816,1992-08-04 00:00:00,0.1901003180505598,-0.0156945831293206,0.3958952192304404,12.217,57.1
33817,1992-08-05 00:00:00,0.3336376562769397,0.126855515734694,0.5404197968191853,12.217,57.1
33818,1992-08-06 00:00:00,0.1683604263535127,-0.0379421834914308,0.3746630361984563,12.217,57.1
33819,1992-08-07 00:00:00,0.2356698695539134,0.0291877667275614,0.4421519723802654,12.217,57.1
33820,1992-08-08 00:00:00,0.0118326312925595,-0.1942692962929892,0.2179345588781083,12.217,57.1
33821,1992-08-09 00:00:00,-0.0113683282609397,-0.2169082413286671,0.1941715848067876,12.217,57.1
33822,1992-08-10 00:00:00,0.1141565256000465,-0.0915312933700643,0.3198443445701573,12.217,57.1
33823,1992-08-11 00:00:00,0.1056498854228731,-0.100060596355676,0.3113603672014222,12.217,57.1
33824,1992-08-12 00:00:00,0.2771468979814409,0.0711502249895835,0.4831435709732982,12.217,57.1
33825,1992-08-13 00:00:00,0.1765169919861375,-0.0294360337963945,0.3824700177686695,12.217,57.1
33826,1992-08-14 00:00:00,0.214736874190263,0.0084990735955888,0.4209746747849372,12.217,57.1
33827,1992-08-15 00:00:00,0.1670415063496517,-0.0389095215367295,0.3729925342360329,12.217,57.1
33828,1992-08-16 00:00:00,0.1619124148059694,-0.0437494287565197,0.3675742583684586,12.217,57.1
33829,1992-08-17 00:00:00,0.1668696196451282,-0.0388712516302194,0.3726104909204758,12.217,57.1
33830,1992-08-18 00:00:00,0.2363851714029296,0.0305480307351329,0.4422223120707262,12.217,57.1
33831,1992-08-19 00:00:00,0.1095731059812584,-0.0960790418467938,0.3152252538093107,12.217,57.1
33832,1992-08-20 00:00:00,0.034893795994689,-0.1705745276144429,0.2403621196038209,12.217,57.1
33833,1992-08-21 00:00:00,0.0289920101633496,-0.1766967287707814,0.2346807490974807,12.217,57.1
33834,1992-08-22 00:00:00,0.0810192939777268,-0.1255311096467305,0.2875696976021842,12.217,57.1
33835,1992-08-23 00:00:00,0.0381517137691134,-0.1682493160051033,0.2445527435433301,12.217,57.1
33836,1992-08-24 00:00:00,0.1766626230276902,-0.029425438565975,0.3827506846213556,12.217,57.1
33837,1992-08-25 00:00:00,0.1539131190443507,-0.0521399398115547,0.3599661779002562,12.217,57.1
33838,1992-08-26 00:00:00,0.2547486657837026,0.0486911089285084,0.4608062226388967,12.217,57.1
33839,1992-08-27 00:00:00,0.2550539166243746,0.0490059082384032,0.4611019250103461,12.217,57.1
33840,1992-08-28 00:00:00,0.2332966161564844,0.0269896962227305,0.4396035360902384,12.217,57.1
33841,1992-08-29 00:00:00,0.2310815808515353,0.0242191302256254,0.4379440314774451,12.217,57.1
33842,1992-08-30 00:00:00,0.1232917378014451,-0.0827556209589554,0.3293390965618457,12.217,57.1
33843,1992-08-31 00:00:00,0.2716067873234103,0.0655733932938271,0.4776401813529936,12.217,57.1
33844,1992-09-01 00:00:00,0.1283776595832809,-0.0779847261070933,0.3347400452736552,12.217,57.1
33845,1992-09-02 00:00:00,0.1554640082826358,-0.0505341558875411,0.3614621724528128,12.217,57.1
33846,1992-09-03 00:00:00,0.2053966969810884,-0.0012498793782431,0.4120432733404201,12.217,57.1
33847,1992-09-04 00:00:00,0.2645917392580126,0.0583243445008207,0.4708591340152046,12.217,57.1
33848,1992-09-05 00:00:00,0.1475699772157729,-0.0582468240833817,0.3533867785149276,12.217,57.1
33849,1992-09-06 00:00:00,0.0217302525578906,-0.1841524939298794,0.2276129990456607,12.217,57.1
33850,1992-09-07 00:00:00,0.0369609836555689,-0.1696761520526129,0.2435981193637508,12.217,57.1
33851,1992-09-08 00:00:00,0.1293725923584575,-0.0769149125551635,0.3356600972720786,12.217,57.1
33852,1992-09-09 00:00:00,0.166807139133955,-0.0388663285144008,0.3724806067823108,12.217,57.1
33853,1992-09-10 00:00:00,0.154800520863982,-0.0509286784039788,0.3605297201319428,12.217,57.1
33854,1992-09-11 00:00:00,0.0224000547159131,-0.183439963832179,0.2282400732640052,12.217,57.1
33855,1992-09-12 00:00:00,0.1323205516666304,-0.0736260670351952,0.3382671703684562,12.217,57.1
33856,1992-09-13 00:00:00,0.0084472776593959,-0.1974540275091559,0.2143485828279478,12.217,57.1
33857,1992-09-14 00:00:00,0.1629788954022493,-0.0427750894393706,0.3687328802438694,12.217,57.1
33858,1992-09-15 00:00:00,0.0912080800990583,-0.1147325324566332,0.2971486926547498,12.217,57.1
33859,1992-09-16 00:00:00,0.2314817322732959,0.0249845353362697,0.4379789292103222,12.217,57.1
33860,1992-09-17 00:00:00,0.156288613566567,-0.0501964038177347,0.3627736309508689,12.217,57.1
33861,1992-09-18 00:00:00,-0.0274588079690096,-0.2332702939219188,0.1783526779838996,12.217,57.1
33862,1992-09-19 00:00:00,-0.0020744225686113,-0.2075860363403617,0.203437191203139,12.217,57.1
33863,1992-09-20 00:00:00,-0.0147018713467274,-0.2202325501011908,0.1908288074077358,12.217,57.1
33864,1992-09-21 00:00:00,0.0067883562676748,-0.1986545788858551,0.2122312914212047,12.217,57.1
33865,1992-09-22 00:00:00,-0.0077573484230211,-0.2132570802152374,0.197742383369195,12.217,57.1
33866,1992-09-23 00:00:00,0.0899553644415352,-0.115744566201332,0.2956552950844026,12.217,57.1
33867,1992-09-24 00:00:00,0.1308102035530075,-0.0749711122255265,0.3365915193315415,12.217,57.1
33868,1992-09-25 00:00:00,0.0394565116317077,-0.166249914271506,0.2451629375349215,12.217,57.1
33869,1992-09-26 00:00:00,0.0467139910268173,-0.1587095800842169,0.2521375621378516,12.217,57.1
33870,1992-09-27 00:00:00,0.0191751308232444,-0.1864748968610727,0.2248251585075616,12.217,57.1
33871,1992-09-28 00:00:00,-0.0334505114581607,-0.2389845852723924,0.172083562356071,12.217,57.1
33872,1992-09-29 00:00:00,-0.0398053145026858,-0.2452744509175981,0.1656638219122265,12.217,57.1
33873,1992-09-30 00:00:00,-0.0583811540078984,-0.2639854966222782,0.1472231886064813,12.217,57.1
33874,1992-10-01 00:00:00,-0.0100030233152995,-0.215700326598596,0.1956942799679968,12.217,57.1
33875,1992-10-02 00:00:00,-0.0051594073984765,-0.2107638719444085,0.2004450571474554,12.217,57.1
33876,1992-10-03 00:00:00,0.0314082879442071,-0.1740863791067138,0.2369029549951281,12.217,57.1
33877,1992-10-04 00:00:00,-0.080345251688265,-0.2859504283701291,0.1252599249935991,12.217,57.1
33878,1992-10-05 00:00:00,-0.1127064319449518,-0.3185404741879808,0.0931276102980771,12.217,57.1
33879,1992-10-06 00:00:00,-0.1272446088181887,-0.3331575206255245,0.0786683029891471,12.217,57.1
33880,1992-10-07 00:00:00,-0.0284850529259268,-0.2347658847626971,0.1777957789108435,12.217,57.1
33881,1992-10-08 00:00:00,-0.0205349515225156,-0.2262618737385932,0.1851919706935619,12.217,57.1
33882,1992-10-09 00:00:00,0.4177262726100362,0.2107944708356575,0.6246580743844148,12.217,57.1
33883,1992-10-10 00:00:00,0.0782165135005852,-0.1296837444684694,0.2861167714696399,12.217,57.1
33884,1992-10-11 00:00:00,0.0293483178790652,-0.1765327447794653,0.2352293805375957,12.217,57.1
33885,1992-10-12 00:00:00,0.0487662746325962,-0.1577626872078224,0.255295236473015,12.217,57.1
33886,1992-10-13 00:00:00,-0.0922301320169466,-0.2988372488775172,0.1143769848436239,12.217,57.1
33887,1992-10-14 00:00:00,0.2233611301809425,0.0171760597437454,0.4295462006181396,12.217,57.1
33888,1992-10-15 00:00:00,0.2142878004001961,0.0077300904785361,0.4208455103218561,12.217,57.1
33889,1992-10-16 00:00:00,0.3024371800665227,0.0915053580196135,0.5133690021134321,12.217,57.1
33890,1992-10-17 00:00:00,0.2216067450604418,0.0099313801447432,0.4332821099761405,12.217,57.1
33891,1992-10-18 00:00:00,0.2099558655495247,0.0035953910735984,0.416316340025451,12.217,57.1
33892,1992-10-19 00:00:00,0.1445255558749022,-0.0612933502023653,0.3503444619521698,12.217,57.1
33893,1992-10-20 00:00:00,0.0971838510975224,-0.1087457608696062,0.303113463064651,12.217,57.1
33894,1992-10-21 00:00:00,0.1153174664038254,-0.0903849354737972,0.3210198682814482,12.217,57.1
33895,1992-10-22 00:00:00,0.0353850704380409,-0.1704228557159343,0.2411929965920161,12.217,57.1
33896,1992-10-23 00:00:00,0.0889233450766341,-0.1182927002628282,0.2961393904160965,12.217,57.1
33897,1992-10-24 00:00:00,0.1613995701615367,-0.0445872078358453,0.3673863481589189,12.217,57.1
33898,1992-10-25 00:00:00,0.1308961581147092,-0.0747147838132866,0.3365071000427051,12.217,57.1
33899,1992-10-26 00:00:00,0.1011190982735268,-0.1046547319600095,0.3068929285070633,12.217,57.1
33900,1992-10-27 00:00:00,0.0368692575881058,-0.1688108442814763,0.2425493594576879,12.217,57.1
33901,1992-10-28 00:00:00,0.1498532778834976,-0.0561964318687252,0.3559029876357206,12.217,57.1
33902,1992-10-29 00:00:00,0.2998253339513646,0.0922292919156839,0.5074213759870453,12.217,57.1
33903,1992-10-30 00:00:00,0.0005863677201503,-0.2061695845525828,0.2073423199928835,12.217,57.1
33904,1992-10-31 00:00:00,0.0611860716130675,-0.1448649347012077,0.2672370779273427,12.217,57.1
33905,1992-11-01 00:00:00,0.0970223282671256,-0.1093062011174267,0.303350857651678,12.217,57.1
33906,1992-11-02 00:00:00,0.3484844297996207,0.1417191202503514,0.55524973934889,12.217,57.1
33907,1992-11-03 00:00:00,0.5428873285556277,0.3330578882728987,0.7527167688383567,12.217,57.1
33908,1992-11-04 00:00:00,0.4662905913554653,0.2560815941921621,0.6764995885187686,12.217,57.1
33909,1992-11-05 00:00:00,0.2098177712598803,0.0035916388839859,0.4160439036357748,12.217,57.1
33910,1992-11-06 00:00:00,0.0575371988126556,-0.1485000444191164,0.2635744420444276,12.217,57.1
33911,1992-11-07 00:00:00,0.4532454260887714,0.2465366388283936,0.6599542133491493,12.217,57.1
33912,1992-11-08 00:00:00,0.1082816358333216,-0.0987913867056029,0.3153546583722462,12.217,57.1
33913,1992-11-09 00:00:00,0.0039332723632995,-0.2025858886290908,0.2104524333556898,12.217,57.1
33914,1992-11-10 00:00:00,0.1503821088721382,-0.0556421337976672,0.3564063515419436,12.217,57.1
33915,1992-11-11 00:00:00,0.3667249498948068,0.1579465757079172,0.5755033240816964,12.217,57.1
33916,1992-11-12 00:00:00,0.2058860380092925,-0.0023860195619387,0.4141580955805238,12.217,57.1
33917,1992-11-13 00:00:00,0.2945790364623872,0.0861871271069204,0.5029709458178541,12.217,57.1
33918,1992-11-14 00:00:00,0.2013250641003395,-0.004435277215512,0.4070854054161911,12.217,57.1
33919,1992-11-15 00:00:00,0.0392697301690117,-0.1664570075127424,0.2449964678507658,12.217,57.1
33920,1992-11-16 00:00:00,0.0342348209328963,-0.1714580190795596,0.2399276609453522,12.217,57.1
33921,1992-11-17 00:00:00,0.2167628280041341,0.010690286732167,0.4228353692761011,12.217,57.1
33922,1992-11-18 00:00:00,0.1706550695811645,-0.0350651586927261,0.3763752978550552,12.217,57.1
33923,1992-11-19 00:00:00,0.1747020849527767,-0.0317482146703378,0.3811523845758913,12.217,57.1
33924,1992-11-20 00:00:00,0.3168487968170427,0.1092974018095516,0.5244001918245338,12.217,57.1
33925,1992-11-21 00:00:00,0.2622694827701787,0.0542615674853895,0.470277398054968,12.217,57.1
33926,1992-11-22 00:00:00,0.1452338704766606,-0.060761074539881,0.3512288154932023,12.217,57.1
33927,1992-11-23 00:00:00,0.0298187125858017,-0.1759044210247917,0.2355418461963953,12.217,57.1
33928,1992-11-24 00:00:00,0.1968867492012435,-0.0092509309902212,0.4030244293927083,12.217,57.1
33929,1992-11-25 00:00:00,0.1437872826370254,-0.0625016011478719,0.3500761664219227,12.217,57.1
33930,1992-11-26 00:00:00,0.3603682761266727,0.1528222959993659,0.5679142562539796,12.217,57.1
33931,1992-11-27 00:00:00,0.2981904596164687,0.0909130594322032,0.5054678598007342,12.217,57.1
33932,1992-11-28 00:00:00,0.1522778409157804,-0.0537883558749542,0.358344037706515,12.217,57.1
33933,1992-11-29 00:00:00,0.1635672923253328,-0.042877320559838,0.3700119052105037,12.217,57.1
33934,1992-11-30 00:00:00,0.0438553911148458,-0.161889599610959,0.2496003818406507,12.217,57.1
33935,1992-12-01 00:00:00,0.1970766724218472,-0.0101818831377947,0.4043352279814892,12.217,57.1
33936,1992-12-02 00:00:00,0.4108339731347087,0.1990621626865023,0.6226057835829152,12.217,57.1
33937,1992-12-03 00:00:00,0.3480826287092124,0.1361342056077658,0.560031051810659,12.217,57.1
33938,1992-12-04 00:00:00,0.4815728360016238,0.269861415331827,0.6932842566714206,12.217,57.1
33939,1992-12-05 00:00:00,0.3480480521492603,0.1413520149646036,0.5547440893339171,12.217,57.1
33940,1992-12-06 00:00:00,0.2580683572256251,0.0520189634138026,0.4641177510374475,12.217,57.1
33941,1992-12-07 00:00:00,0.160894300193563,-0.0447078001058182,0.3664964004929442,12.217,57.1
33942,1992-12-08 00:00:00,0.0882726602222192,-0.1176533699083736,0.2941986903528122,12.217,57.1
33943,1992-12-09 00:00:00,-0.0562723859985819,-0.2622342971492367,0.1496895251520728,12.217,57.1
33944,1992-12-10 00:00:00,-0.0538295576514788,-0.2593738789264073,0.1517147636234497,12.217,57.1
33945,1992-12-11 00:00:00,0.1393066896157549,-0.0673740635096554,0.3459874427411652,12.217,57.1
33946,1992-12-12 00:00:00,0.2402843248101017,0.0331843603707963,0.4473842892494072,12.217,57.1
33947,1992-12-13 00:00:00,0.3305633662664705,0.1243585003728102,0.5367682321601308,12.217,57.1
33948,1992-12-14 00:00:00,0.1589234106624933,-0.0474240156541601,0.3652708369791468,12.217,57.1
33949,1992-12-15 00:00:00,0.450205995216292,0.2434221671099809,0.656989823322603,12.217,57.1
33950,1992-12-16 00:00:00,0.2632179682795756,0.0568998104259462,0.469536126133205,12.217,57.1
33951,1992-12-17 00:00:00,0.1947012344874349,-0.0111997418371344,0.4006022108120043,12.217,57.1
33952,1992-12-18 00:00:00,0.0487684211002971,-0.1576278869437355,0.2551647291443298,12.217,57.1
33953,1992-12-19 00:00:00,0.1312180321207026,-0.0783530283288833,0.3407890925702886,12.217,57.1
33954,1992-12-20 00:00:00,0.3268112698987969,0.1161793562742237,0.5374431835233702,12.217,57.1
33955,1992-12-21 00:00:00,-0.078936589699629,-0.2847676849708068,0.1268945055715488,12.217,57.1
33956,1992-12-22 00:00:00,-0.0432570814299998,-0.2488118391632741,0.1622976763032743,12.217,57.1
33957,1992-12-23 00:00:00,-0.1088978317221091,-0.3146427528679961,0.0968470894237779,12.217,57.1
33958,1992-12-24 00:00:00,-0.0101278578117313,-0.2159831009776153,0.1957273853541526,12.217,57.1
33959,1992-12-25 00:00:00,-0.0108265174648171,-0.2165184757587713,0.194865440829137,12.217,57.1
33960,1992-12-26 00:00:00,0.0746164380334355,-0.1314143382570576,0.2806472143239287,12.217,57.1
33961,1992-12-27 00:00:00,-0.1475801428341179,-0.3538452190063306,0.0586849333380948,12.217,57.1
33962,1992-12-28 00:00:00,-0.1260137603133917,-0.3317340858358627,0.0797065652090792,12.217,57.1
33963,1992-12-29 00:00:00,-0.0195665983703315,-0.225532287710924,0.1863990909702608,12.217,57.1
33964,1992-12-30 00:00:00,-0.0353945487788198,-0.2410788781108133,0.1702897805531736,12.217,57.1
33965,1992-12-31 00:00:00,0.0061390983590005,-0.1993234491954238,0.2116016459134248,12.217,57.1
33966,1993-01-01 00:00:00,0.0165547606232486,-0.189053536271538,0.2221630575180354,12.217,57.1
33967,1993-01-02 00:00:00,-0.0115181875311243,-0.2172749705904449,0.1942385955281962,12.217,57.1
33968,1993-01-03 00:00:00,0.0373624588157731,-0.1684328934649138,0.2431578110964602,12.217,57.1
33969,1993-01-04 00:00:00,-0.0141317575316546,-0.2200835739819127,0.1918200589186034,12.217,57.1
33970,1993-01-05 00:00:00,0.0693969797869499,-0.1372623375414307,0.2760562971153306,12.217,57.1
33971,1993-01-06 00:00:00,0.308391377026772,0.1006819294081571,0.5161008246453869,12.217,57.1
33972,1993-01-07 00:00:00,0.3413026933289928,0.1336130845677371,0.5489923020902485,12.217,57.1
33973,1993-01-08 00:00:00,0.1360263097537271,-0.0704979919355072,0.3425506114429615,12.217,57.1
33974,1993-01-09 00:00:00,0.4144866928546644,0.2066826361033729,0.622290749605956,12.217,57.1
33975,1993-01-10 00:00:00,0.4049056111084044,0.1936432388510448,0.616167983365764,12.217,57.1
33976,1993-01-11 00:00:00,0.4978042792682073,0.2862354315074081,0.7093731270290066,12.217,57.1
33977,1993-01-12 00:00:00,0.8252841981686236,0.6131814504410856,1.0373869458961615,12.217,57.1
33978,1993-01-13 00:00:00,0.6781896651602356,0.4702716776102768,0.8861076527101944,12.217,57.1
33979,1993-01-14 00:00:00,0.2278194384097957,0.0177238668767267,0.4379150099428647,12.217,57.1
33980,1993-01-15 00:00:00,0.5817767984712946,0.3687260552701439,0.7948275416724453,12.217,57.1
33981,1993-01-16 00:00:00,0.5785545590376373,0.3637422655564059,0.7933668525188687,12.217,57.1
33982,1993-01-17 00:00:00,0.5789953883115537,0.3644743630743008,0.7935164135488066,12.217,57.1
33983,1993-01-18 00:00:00,0.6473867439090646,0.4364221917001305,0.8583512961179987,12.217,57.1
33984,1993-01-19 00:00:00,0.616276709579637,0.4033778165623935,0.8291756025968804,12.217,57.1
33985,1993-01-20 00:00:00,0.2098536525350173,-0.0024559131500252,0.42216321822006,12.217,57.1
33986,1993-01-21 00:00:00,0.3470228253902091,0.1403755230244545,0.5536701277559637,12.217,57.1
33987,1993-01-22 00:00:00,0.3754343511363995,0.1629287344238858,0.5879399678489133,12.217,57.1
33988,1993-01-23 00:00:00,0.9569807233100024,0.7389308714233868,1.175030575196618,12.217,57.1
33989,1993-01-24 00:00:00,0.2984220923397237,0.0881235504251842,0.5087206342542632,12.217,57.1
33990,1993-01-25 00:00:00,0.7345029886117274,0.5231846421258161,0.9458213350976388,12.217,57.1
33991,1993-01-26 00:00:00,0.2778717350895834,0.0697339642148106,0.4860095059643561,12.217,57.1
33992,1993-01-27 00:00:00,0.1504469896398508,-0.0568589847429002,0.3577529640226018,12.217,57.1
33993,1993-01-28 00:00:00,-0.0260071298084212,-0.2320289980831887,0.1800147384663461,12.217,57.1
33994,1993-01-29 00:00:00,-0.0372843938062504,-0.243077384376092,0.1685085967635912,12.217,57.1
33995,1993-01-30 00:00:00,-0.0090725951717698,-0.2149632741217481,0.1968180837782084,12.217,57.1
33996,1993-01-31 00:00:00,0.1033588820490218,-0.1024320683296646,0.3091498324277082,12.217,57.1
33997,1993-02-01 00:00:00,-0.0029311412709532,-0.2089811402576613,0.2031188577157548,12.217,57.1
33998,1993-02-02 00:00:00,0.0098739948106101,-0.1960201014648576,0.2157680910860778,12.217,57.1
33999,1993-02-03 00:00:00,0.1798813058620321,-0.0259872514174032,0.3857498631414675,12.217,57.1
34000,1993-02-04 00:00:00,0.4553926437895998,0.2466660629560416,0.6641192246231581,12.217,57.1
34001,1993-02-05 00:00:00,0.4245044867275027,0.2139983830246842,0.6350105904303212,12.217,57.1
34002,1993-02-06 00:00:00,0.1297422515936339,-0.0792421208689614,0.3387266240562294,12.217,57.1
34003,1993-02-07 00:00:00,-0.0733132159278516,-0.2795114266723768,0.1328849948166735,12.217,57.1
34004,1993-02-08 00:00:00,0.0422475797584969,-0.1635266590425553,0.2480218185595492,12.217,57.1
34005,1993-02-09 00:00:00,-0.04601290763983,-0.2517864085853862,0.159760593305726,12.217,57.1
34006,1993-02-10 00:00:00,-0.0871762690408976,-0.2927017414262391,0.1183492033444437,12.217,57.1
34007,1993-02-11 00:00:00,-0.0687093778348372,-0.2742180733100599,0.1367993176403854,12.217,57.1
34008,1993-02-12 00:00:00,-0.0089747341290501,-0.2146871181436268,0.1967376498855265,12.217,57.1
34009,1993-02-13 00:00:00,-0.0421962359993447,-0.2478930341972345,0.163500562198545,12.217,57.1
34010,1993-02-14 00:00:00,-0.0817287001055394,-0.2872803852625041,0.1238229850514253,12.217,57.1
34011,1993-02-15 00:00:00,-0.0153812094146575,-0.2211527675788383,0.1903903487495231,12.217,57.1
34012,1993-02-16 00:00:00,0.1006855218664536,-0.1053731594518822,0.3067442031847895,12.217,57.1
34013,1993-02-17 00:00:00,0.2486328010140021,0.0420555544918638,0.4552100475361403,12.217,57.1
34014,1993-02-18 00:00:00,0.1058772254644285,-0.1013190748475365,0.3130735257763936,12.217,57.1
34015,1993-02-19 00:00:00,0.3357028341539166,0.1296463902864922,0.5417592780213409,12.217,57.1
34016,1993-02-20 00:00:00,0.2272159998932698,0.0189596362824699,0.4354723635040697,12.217,57.1
34017,1993-02-21 00:00:00,0.3248765098520096,0.1138451641374784,0.5359078555665409,12.217,57.1
34018,1993-02-22 00:00:00,0.0814213508359789,-0.1298718299189158,0.2927145315908737,12.217,57.1
34019,1993-02-23 00:00:00,-0.1289768913388274,-0.3364185344421998,0.078464751764545,12.217,57.1
34020,1993-02-24 00:00:00,-0.12154837902784,-0.3278291922461286,0.0847324341904484,12.217,57.1
34021,1993-02-25 00:00:00,-0.0744756772502072,-0.2807154112369296,0.131764056736515,12.217,57.1
34022,1993-02-26 00:00:00,0.0513113516387078,-0.154490589264881,0.2571132925422967,12.217,57.1
34023,1993-02-27 00:00:00,0.210165743890593,0.0043344212890606,0.4159970664921254,12.217,57.1
34024,1993-02-28 00:00:00,0.1425915144007965,-0.0642939882601887,0.3494770170617817,12.217,57.1
34025,1993-03-01 00:00:00,-0.0680722454730735,-0.2748869550014451,0.138742464055298,12.217,57.1
34026,1993-03-02 00:00:00,-0.1864143139548386,-0.392424766198749,0.0195961382890716,12.217,57.1
34027,1993-03-03 00:00:00,-0.1140511072183748,-0.3202631556373225,0.0921609412005728,12.217,57.1
34028,1993-03-04 00:00:00,-0.1052473984302333,-0.3112185278170615,0.1007237309565947,12.217,57.1
34029,1993-03-05 00:00:00,-0.0095923433081444,-0.2153276679957926,0.1961429813795037,12.217,57.1
34030,1993-03-06 00:00:00,0.1234916605735565,-0.0827532624617843,0.3297365836088975,12.217,57.1
34031,1993-03-07 00:00:00,0.0007356077266199,-0.2050922825601766,0.2065634980134165,12.217,57.1
34032,1993-03-08 00:00:00,-0.0012119256812273,-0.2070355365646253,0.2046116852021707,12.217,57.1
34033,1993-03-09 00:00:00,0.0143979463914491,-0.1913444113612315,0.2201403041441299,12.217,57.1
34034,1993-03-10 00:00:00,0.0486601382131585,-0.1572222612991143,0.2545425377254315,12.217,57.1
34035,1993-03-11 00:00:00,-0.0502360446210698,-0.2559599583277634,0.1554878690856237,12.217,57.1
34036,1993-03-12 00:00:00,0.0312234729332972,-0.1745984638848872,0.2370454097514818,12.217,57.1
34037,1993-03-13 00:00:00,0.0599864686185117,-0.1455092335378404,0.2654821707748639,12.217,57.1
34038,1993-03-14 00:00:00,0.0651838910580145,-0.1402777099798475,0.2706454920958766,12.217,57.1
34039,1993-03-15 00:00:00,0.0537143502745104,-0.1517680014990509,0.2591967020480718,12.217,57.1
34040,1993-03-16 00:00:00,0.1433680747161708,-0.062425891164824,0.3491620405971656,12.217,57.1
34041,1993-03-17 00:00:00,0.4135637832574765,0.2071010004174902,0.6200265660974629,12.217,57.1
34042,1993-03-18 00:00:00,0.4263228678337385,0.2198188353620202,0.6328269003054567,12.217,57.1
34043,1993-03-19 00:00:00,0.5493650370989003,0.3411965764280994,0.7575334977697011,12.217,57.1
34044,1993-03-20 00:00:00,0.5860157384832257,0.3755262356544027,0.7965052413120488,12.217,57.1
34045,1993-03-21 00:00:00,0.3912123609351693,0.1833748933825631,0.5990498284877755,12.217,57.1
34046,1993-03-22 00:00:00,0.243948192680753,0.0374062127328565,0.4504901726286495,12.217,57.1
34047,1993-03-23 00:00:00,0.1739569616134256,-0.0321930237832183,0.3801069470100696,12.217,57.1
34048,1993-03-24 00:00:00,0.3225160231706858,0.1159706887886618,0.5290613575527097,12.217,57.1
34049,1993-03-25 00:00:00,0.1957280051486677,-0.0104214222738452,0.4018774325711807,12.217,57.1
34050,1993-03-26 00:00:00,0.0587305327197382,-0.1480808944933714,0.2655419599328479,12.217,57.1
34051,1993-03-27 00:00:00,-0.0244215955710278,-0.2306195721991713,0.1817763810571155,12.217,57.1
34052,1993-03-28 00:00:00,-0.057490404429966,-0.2629496720788641,0.147968863218932,12.217,57.1
34053,1993-03-29 00:00:00,-0.0577757204734637,-0.2633245944356789,0.1477731534887514,12.217,57.1
34054,1993-03-30 00:00:00,-0.0742337440528282,-0.281651535959187,0.1331840478535306,12.217,57.1
34055,1993-03-31 00:00:00,-0.0700570365892068,-0.2767904492801049,0.1366763761016912,12.217,57.1
34056,1993-04-01 00:00:00,0.0239613343094754,-0.1817124053044167,0.2296350739233676,12.217,57.1
34057,1993-04-02 00:00:00,0.0397129450973574,-0.1660814481481015,0.2455073383428164,12.217,57.1
34058,1993-04-03 00:00:00,0.0166251101672021,-0.1890602361761039,0.2223104565105082,12.217,57.1
34059,1993-04-04 00:00:00,-0.0086811362988991,-0.2141980016488695,0.1968357290510712,12.217,57.1
34060,1993-04-05 00:00:00,0.0536235654623638,-0.1521656094045657,0.2594127403292934,12.217,57.1
34061,1993-04-06 00:00:00,0.1139676978730404,-0.0919425126430628,0.3198779083891437,12.217,57.1
34062,1993-04-07 00:00:00,0.1260603895289996,-0.0798919867077253,0.3320127657657246,12.217,57.1
34063,1993-04-08 00:00:00,-0.0052962636898126,-0.2112682005497649,0.2006756731701396,12.217,57.1
34064,1993-04-09 00:00:00,-0.0469276541840917,-0.2531423883419318,0.1592870799737483,12.217,57.1
34065,1993-04-10 00:00:00,-0.0336654864818614,-0.2394174887647374,0.1720865158010145,12.217,57.1
34066,1993-04-11 00:00:00,0.0081650904408614,-0.1974893338545209,0.2138195147362439,12.217,57.1
34067,1993-04-12 00:00:00,-0.0035715944718833,-0.2091656961776904,0.2020225072339237,12.217,57.1
34068,1993-04-13 00:00:00,0.0235657851350611,-0.1819744120588544,0.2291059823289766,12.217,57.1
34069,1993-04-14 00:00:00,0.0343130314384546,-0.1712550745615192,0.2398811374384285,12.217,57.1
34070,1993-04-15 00:00:00,-0.0265249799912942,-0.2320162281910333,0.1789662682084448,12.217,57.1
34071,1993-04-16 00:00:00,-0.0037012646576054,-0.2091810468969664,0.2017785175817555,12.217,57.1
34072,1993-04-17 00:00:00,0.0854504073166876,-0.1203017328987793,0.2912025475321546,12.217,57.1
34073,1993-04-18 00:00:00,0.3256366223873139,0.1194407109958057,0.531832533778822,12.217,57.1
34074,1993-04-19 00:00:00,0.3170761688301685,0.1104249868252415,0.5237273508350955,12.217,57.1
34075,1993-04-20 00:00:00,0.1674616254663528,-0.0396503916604619,0.3745736425931676,12.217,57.1
34076,1993-04-21 00:00:00,0.1116852774585983,-0.0944002776506241,0.3177708325678208,12.217,57.1
34077,1993-04-22 00:00:00,0.2495458495360949,0.0431331459680764,0.4559585531041134,12.217,57.1
34078,1993-04-23 00:00:00,0.1395868339017216,-0.0662100932063584,0.3453837610098017,12.217,57.1
34079,1993-04-24 00:00:00,0.0694480823520941,-0.1362544652905729,0.2751506299947613,12.217,57.1
34080,1993-04-25 00:00:00,0.067652776796136,-0.1379745862712476,0.2732801398635198,12.217,57.1
34081,1993-04-26 00:00:00,0.0554450821380228,-0.1501174360547491,0.2610076003307948,12.217,57.1
34082,1993-04-27 00:00:00,0.0290004454920175,-0.176460760141253,0.2344616511252881,12.217,57.1
34083,1993-04-28 00:00:00,-0.0334580100536128,-0.2390036998327349,0.1720876797255092,12.217,57.1
34084,1993-04-29 00:00:00,-0.0379766559973562,-0.2436518016725906,0.1676984896778781,12.217,57.1
34085,1993-04-30 00:00:00,-0.0210451770667212,-0.2266666842048533,0.1845763300714107,12.217,57.1
34086,1993-05-01 00:00:00,0.035394282234953,-0.1701276926066973,0.2409162570766034,12.217,57.1
34087,1993-05-02 00:00:00,0.0869906332712266,-0.1185541456438186,0.2925354121862719,12.217,57.1
34088,1993-05-03 00:00:00,0.1019196270229315,-0.1037360293190011,0.3075752833648641,12.217,57.1
34089,1993-05-04 00:00:00,0.1414274251157068,-0.0647811759624154,0.347636026193829,12.217,57.1
34090,1993-05-05 00:00:00,0.0214067610476976,-0.1849201510290775,0.2277336731244727,12.217,57.1
34091,1993-05-06 00:00:00,-0.0486433893550256,-0.2543840499201701,0.1570972712101188,12.217,57.1
34092,1993-05-07 00:00:00,-0.1000602802035485,-0.305553536507313,0.1054329761002159,12.217,57.1
34093,1993-05-08 00:00:00,-0.0703024586126175,-0.2760553876095604,0.1354504703843252,12.217,57.1
34094,1993-05-09 00:00:00,-0.114825006534089,-0.3208287327567774,0.0911787196885992,12.217,57.1
34095,1993-05-10 00:00:00,-0.1235697227136607,-0.3292618897543109,0.0821224443269894,12.217,57.1
34096,1993-05-11 00:00:00,-0.0978287444547217,-0.3033614900166009,0.1077040011071574,12.217,57.1
34097,1993-05-12 00:00:00,-0.0528614777146304,-0.2584523186931819,0.1527293632639209,12.217,57.1
34098,1993-05-13 00:00:00,0.0968126228975555,-0.1090067421735602,0.3026319879686712,12.217,57.1
34099,1993-05-14 00:00:00,0.1289154914798425,-0.076853737626499,0.3346847205861841,12.217,57.1
34100,1993-05-15 00:00:00,0.105558318874521,-0.1002257944005018,0.3113424321495439,12.217,57.1
34101,1993-05-16 00:00:00,0.0747265131618799,-0.1308763579581646,0.2803293842819245,12.217,57.1
34102,1993-05-17 00:00:00,0.0631461609600824,-0.1427813457996641,0.2690736677198291,12.217,57.1
34103,1993-05-18 00:00:00,0.0322150123533931,-0.1743640145151819,0.2387940392219682,12.217,57.1
34104,1993-05-19 00:00:00,0.0460853944945611,-0.1596597169409361,0.2518305059300585,12.217,57.1
34105,1993-05-20 00:00:00,0.0189355001258548,-0.186684004145471,0.2245550043971807,12.217,57.1
34106,1993-05-21 00:00:00,-0.0252855170150823,-0.2308021874627553,0.1802311534325907,12.217,57.1
34107,1993-05-22 00:00:00,0.0216605382929371,-0.1838358390141954,0.2271569156000698,12.217,57.1
34108,1993-05-23 00:00:00,-0.0043881275027626,-0.2100696962273795,0.2012934412218541,12.217,57.1
34109,1993-05-24 00:00:00,-0.0080932893559284,-0.2138210254999997,0.1976344467881428,12.217,57.1
34110,1993-05-25 00:00:00,0.0438637117660758,-0.1617523949543747,0.2494798184865263,12.217,57.1
34111,1993-05-26 00:00:00,0.0236670898686678,-0.1828057731988428,0.2301399529361785,12.217,57.1
34112,1993-05-27 00:00:00,0.0361088014651699,-0.1696929215590329,0.2419105244893729,12.217,57.1
34113,1993-05-28 00:00:00,0.1003875245944288,-0.1053192761431835,0.3060943253320412,12.217,57.1
34114,1993-05-29 00:00:00,0.1256661766114173,-0.0801662065993119,0.3314985598221466,12.217,57.1
34115,1993-05-30 00:00:00,0.2002755600443856,-0.0056090499804117,0.4061601700691831,12.217,57.1
34116,1993-05-31 00:00:00,0.1704100456315434,-0.0352311080334734,0.3760511992965604,12.217,57.1
34117,1993-06-01 00:00:00,0.2028269143300221,-0.0028322112323324,0.4084860398923767,12.217,57.1
34118,1993-06-02 00:00:00,0.2385880931700583,0.0325000753052139,0.4446761110349029,12.217,57.1
34119,1993-06-03 00:00:00,0.0754197963717519,-0.1305822115899154,0.2814218043334193,12.217,57.1
34120,1993-06-04 00:00:00,-0.0036479561216312,-0.2094748314724087,0.2021789192291461,12.217,57.1
34121,1993-06-05 00:00:00,0.0169327876602747,-0.188536660690985,0.2224022360115346,12.217,57.1
34122,1993-06-06 00:00:00,0.0695533134736636,-0.1362455468966336,0.2753521738439608,12.217,57.1
34123,1993-06-07 00:00:00,0.0729382198009083,-0.1330856171822262,0.2789620567840429,12.217,57.1
34124,1993-06-08 00:00:00,0.0484089250292183,-0.1574594805385603,0.254277330596997,12.217,57.1
34125,1993-06-09 00:00:00,0.0358781300100674,-0.1695434818607085,0.2412997418808433,12.217,57.1
34126,1993-06-10 00:00:00,0.0409669633477885,-0.1644820129349176,0.2464159396304947,12.217,57.1
34127,1993-06-11 00:00:00,0.0531384142790377,-0.1524649064438484,0.2587417350019239,12.217,57.1
34128,1993-06-12 00:00:00,0.0810592292573539,-0.1247243898607079,0.2868428483754158,12.217,57.1
34129,1993-06-13 00:00:00,0.0494830758646843,-0.1561822966958398,0.2551484484252084,12.217,57.1
34130,1993-06-14 00:00:00,0.0317823161974428,-0.174207432049973,0.2377720644448587,12.217,57.1
34131,1993-06-15 00:00:00,0.0952130264339969,-0.110583025592786,0.3010090784607799,12.217,57.1
34132,1993-06-16 00:00:00,0.1573276103109906,-0.0485688326257528,0.3632240532477341,12.217,57.1
34133,1993-06-17 00:00:00,0.1699531512435158,-0.0357635359602302,0.3756698384472619,12.217,57.1
34134,1993-06-18 00:00:00,0.230198230431997,0.024323940622177,0.436072520241817,12.217,57.1
34135,1993-06-19 00:00:00,0.150658718362775,-0.0550848624392988,0.3564022991648489,12.217,57.1
34136,1993-06-20 00:00:00,0.16648812452925,-0.0390972095953452,0.3720734586538452,12.217,57.1
34137,1993-06-21 00:00:00,0.2917664163993965,0.0858283906814592,0.4977044421173337,12.217,57.1
34138,1993-06-22 00:00:00,0.1634859401369462,-0.0427768888343552,0.3697487691082478,12.217,57.1
34139,1993-06-23 00:00:00,0.0817514209482387,-0.1238891701119466,0.2873920120084241,12.217,57.1
34140,1993-06-24 00:00:00,0.0674819039431477,-0.1379509484093627,0.2729147562956582,12.217,57.1
34141,1993-06-25 00:00:00,0.0485445963654017,-0.1571991560331847,0.2542883487639882,12.217,57.1
34142,1993-06-26 00:00:00,0.0965316847950039,-0.1093788813869813,0.3024422509769892,12.217,57.1
34143,1993-06-27 00:00:00,0.1247972508007987,-0.0809309894299715,0.330525491031569,12.217,57.1
34144,1993-06-28 00:00:00,0.0662186435503168,-0.139560438850587,0.2719977259512207,12.217,57.1
34145,1993-06-29 00:00:00,0.0234160453332134,-0.1823740232548203,0.2292061139212472,12.217,57.1
34146,1993-06-30 00:00:00,0.0669520310133788,-0.1387557163151242,0.2726597783418819,12.217,57.1
34147,1993-07-01 00:00:00,0.0544237548228486,-0.1513604619100418,0.2602079715557391,12.217,57.1
34148,1993-07-02 00:00:00,0.0565196680265798,-0.1489704321182943,0.262009768171454,12.217,57.1
34149,1993-07-03 00:00:00,0.1644120511254283,-0.0412311942246123,0.370055296475469,12.217,57.1
34150,1993-07-04 00:00:00,0.221639851153631,0.0159660710998254,0.4273136312074365,12.217,57.1
34151,1993-07-05 00:00:00,0.3000967727935648,0.0935024914796127,0.5066910541075169,12.217,57.1
34152,1993-07-06 00:00:00,0.047977583653032,-0.1589587516397027,0.2549139189457667,12.217,57.1
34153,1993-07-07 00:00:00,0.2318267819398128,0.0255366497178226,0.4381169141618031,12.217,57.1
34154,1993-07-08 00:00:00,0.2669691571838544,0.0598578239761095,0.4740804903915992,12.217,57.1
34155,1993-07-09 00:00:00,0.2561591529665922,0.0499604252382235,0.462357880694961,12.217,57.1
34156,1993-07-10 00:00:00,0.1976405343614942,-0.0085877204510984,0.4038687891740868,12.217,57.1
34157,1993-07-11 00:00:00,0.1965400523786811,-0.0096076868046773,0.4026877915620396,12.217,57.1
34158,1993-07-12 00:00:00,0.0252379390804145,-0.1822207790603619,0.232696657221191,12.217,57.1
34159,1993-07-13 00:00:00,0.2183444482504024,0.0075671100847321,0.4291217864160728,12.217,57.1
34160,1993-07-14 00:00:00,0.090587012570493,-0.116620377560259,0.2977944027012452,12.217,57.1
34161,1993-07-15 00:00:00,0.0654754788539919,-0.1402032228097527,0.2711541805177367,12.217,57.1
34162,1993-07-16 00:00:00,0.0078944528228397,-0.1976186439907686,0.2134075496364481,12.217,57.1
34163,1993-07-17 00:00:00,0.0946016509629341,-0.1108506065509653,0.3000539084768335,12.217,57.1
34164,1993-07-18 00:00:00,0.1056213188528894,-0.0998260405133467,0.3110686782191257,12.217,57.1
34165,1993-07-19 00:00:00,0.153611920014698,-0.0518440052350875,0.3590678452644836,12.217,57.1
34166,1993-07-20 00:00:00,0.1107682108513613,-0.0947456703171562,0.3162820920198789,12.217,57.1
34167,1993-07-21 00:00:00,0.0957105056884087,-0.1099691941675298,0.3013902055443474,12.217,57.1
34168,1993-07-22 00:00:00,0.0466487023133306,-0.1591334906687421,0.2524308952954034,12.217,57.1
34169,1993-07-23 00:00:00,0.2221734121751292,0.0163354388826343,0.4280113854676241,12.217,57.1
34170,1993-07-24 00:00:00,0.1733517836781029,-0.0324421615869325,0.3791457289431384,12.217,57.1
34171,1993-07-25 00:00:00,0.1981570126886002,-0.0073895518475546,0.4037035772247551,12.217,57.1
34172,1993-07-26 00:00:00,0.2772581385509098,0.0713325656510193,0.4831837114508003,12.217,57.1
34173,1993-07-27 00:00:00,0.3314996152588204,0.1252082305133532,0.5377910000042876,12.217,57.1
34174,1993-07-28 00:00:00,0.1808947206306324,-0.0252142916138389,0.3870037328751037,12.217,57.1
34175,1993-07-29 00:00:00,0.0828689853780331,-0.122640185200678,0.2883781559567444,12.217,57.1
34176,1993-07-30 00:00:00,0.102235518850286,-0.1032920200764109,0.307763057776983,12.217,57.1
34177,1993-07-31 00:00:00,0.0840904794719456,-0.1217316123415124,0.2899125712854036,12.217,57.1
34178,1993-08-01 00:00:00,0.1578155028507915,-0.0480852412254411,0.3637162469270241,12.217,57.1
34179,1993-08-02 00:00:00,0.0967228581167332,-0.1089307803478864,0.302376496581353,12.217,57.1
34180,1993-08-03 00:00:00,0.049037553759472,-0.1565814462040094,0.2546565537229535,12.217,57.1
34181,1993-08-04 00:00:00,0.1714543118311545,-0.034524453894688,0.3774330775569972,12.217,57.1
34182,1993-08-05 00:00:00,0.1092216593216704,-0.0964864193294693,0.3149297379728103,12.217,57.1
34183,1993-08-06 00:00:00,0.0927999131254779,-0.1127928043466695,0.2983926305976254,12.217,57.1
34184,1993-08-07 00:00:00,0.0010276305285847,-0.2047949308724817,0.2068501919296512,12.217,57.1
34185,1993-08-08 00:00:00,0.073188276088224,-0.1327885409770179,0.279165093153466,12.217,57.1
34186,1993-08-09 00:00:00,0.1144247078321682,-0.091063211462597,0.3199126271269336,12.217,57.1
34187,1993-08-10 00:00:00,0.1905130679267813,-0.0153986794224624,0.3964248152760251,12.217,57.1
34188,1993-08-11 00:00:00,0.2344060129988291,0.0283927810027993,0.4404192449948588,12.217,57.1
34189,1993-08-12 00:00:00,0.2251851203371692,0.0181355300992784,0.43223471057506,12.217,57.1
34190,1993-08-13 00:00:00,0.082446073214857,-0.1253065403813217,0.2901986868110358,12.217,57.1
34191,1993-08-14 00:00:00,0.1565557325689018,-0.0499361610968481,0.3630476262346518,12.217,57.1
34192,1993-08-15 00:00:00,0.0298859902644896,-0.1758603216573789,0.2356323021863583,12.217,57.1
34193,1993-08-16 00:00:00,0.0914865842559517,-0.1143087043360049,0.2972818728479084,12.217,57.1
34194,1993-08-17 00:00:00,0.1011655633069142,-0.10471465792661,0.3070457845404384,12.217,57.1
34195,1993-08-18 00:00:00,0.136981938109368,-0.0696971025756179,0.3436609787943541,12.217,57.1
34196,1993-08-19 00:00:00,0.0463984753064713,-0.1592352956274954,0.2520322462404381,12.217,57.1
34197,1993-08-20 00:00:00,0.0594172516409501,-0.1460183950839708,0.2648528983658712,12.217,57.1
34198,1993-08-21 00:00:00,0.143801568115847,-0.0618936505614169,0.349496786793111,12.217,57.1
34199,1993-08-22 00:00:00,0.2127508335570891,0.0071215320575253,0.418380135056653,12.217,57.1
34200,1993-08-23 00:00:00,0.08539841967253,-0.1202668241945899,0.29106366353965,12.217,57.1
34201,1993-08-24 00:00:00,0.0819932627686843,-0.1235748802692889,0.2875614058066575,12.217,57.1
34202,1993-08-25 00:00:00,0.0611515770613924,-0.1444038016485244,0.2667069557713092,12.217,57.1
34203,1993-08-26 00:00:00,0.0268679144427212,-0.178627958921522,0.2323637878069644,12.217,57.1
34204,1993-08-27 00:00:00,-0.0035113803085119,-0.2089613582339949,0.2019385976169709,12.217,57.1
34205,1993-08-28 00:00:00,-0.0031177351254759,-0.2086682000999324,0.2024327298489805,12.217,57.1
34206,1993-08-29 00:00:00,-0.0097596697323168,-0.2153327135958017,0.195813374131168,12.217,57.1
34207,1993-08-30 00:00:00,0.1685499928625823,-0.0371406513872647,0.3742406371124295,12.217,57.1
34208,1993-08-31 00:00:00,0.0802101229553323,-0.126581020970873,0.2870012668815377,12.217,57.1
34209,1993-09-01 00:00:00,-0.0728934987386463,-0.2793275396546048,0.1335405421773121,12.217,57.1
34210,1993-09-02 00:00:00,-0.0035233173414576,-0.2092246445057795,0.2021780098228641,12.217,57.1
34211,1993-09-03 00:00:00,0.069668847834639,-0.1360730540740121,0.2754107497432903,12.217,57.1
34212,1993-09-04 00:00:00,0.0876532878243031,-0.1185353174376769,0.2938418930862833,12.217,57.1
34213,1993-09-05 00:00:00,-0.0023264599152566,-0.2082972701164132,0.2036443502858999,12.217,57.1
34214,1993-09-06 00:00:00,0.0399527452728468,-0.165827908890581,0.2457333994362747,12.217,57.1
34215,1993-09-07 00:00:00,0.1217532497604099,-0.0841312350758608,0.3276377345966808,12.217,57.1
34216,1993-09-08 00:00:00,0.0727354840994416,-0.132774465976433,0.2782454341753162,12.217,57.1
34217,1993-09-09 00:00:00,0.0311715270753817,-0.1744413159531836,0.2367843701039471,12.217,57.1
34218,1993-09-10 00:00:00,0.0578668841077299,-0.1477356985873279,0.2634694668027878,12.217,57.1
34219,1993-09-11 00:00:00,0.103671280340549,-0.1022994739738167,0.3096420346549149,12.217,57.1
34220,1993-09-12 00:00:00,0.0634916013063879,-0.1433705914876761,0.2703537941004521,12.217,57.1
34221,1993-09-13 00:00:00,-0.0280928022126175,-0.2340884690091781,0.177902864583943,12.217,57.1
34222,1993-09-14 00:00:00,-0.0979010248258426,-0.3046185064074265,0.1088164567557413,12.217,57.1
34223,1993-09-15 00:00:00,0.1018416267265597,-0.1071637648382718,0.3108470182913914,12.217,57.1
34224,1993-09-16 00:00:00,0.0149500649938836,-0.1938553647800196,0.2237554947677869,12.217,57.1
34225,1993-09-17 00:00:00,0.0057252298531029,-0.2016292141612837,0.2130796738674896,12.217,57.1
34226,1993-09-18 00:00:00,-0.0629142028105311,-0.2695331661655527,0.1437047605444904,12.217,57.1
34227,1993-09-19 00:00:00,-0.0540148161240517,-0.2595351574529591,0.1515055252048556,12.217,57.1
34228,1993-09-20 00:00:00,-0.0060661837297201,-0.2115347957730867,0.1994024283136465,12.217,57.1
34229,1993-09-21 00:00:00,0.0712305454996207,-0.1344653496708229,0.2769264406700644,12.217,57.1
34230,1993-09-22 00:00:00,0.2275328454932584,0.0215956390003528,0.4334700519861641,12.217,57.1
34231,1993-09-23 00:00:00,0.0848832226385066,-0.1212768698710159,0.2910433151480291,12.217,57.1
34232,1993-09-24 00:00:00,-0.012291020435662,-0.2179119660786676,0.1933299252073435,12.217,57.1
34233,1993-09-25 00:00:00,0.0115462223603658,-0.1941180261870377,0.2172104709077695,12.217,57.1
34234,1993-09-26 00:00:00,-0.0628730924523305,-0.2704799861529361,0.1447338012482751,12.217,57.1
34235,1993-09-27 00:00:00,0.0262478629493361,-0.1813708730926528,0.2338665989913251,12.217,57.1
34236,1993-09-28 00:00:00,-0.0238929051808512,-0.2298076859557725,0.18202187559407,12.217,57.1
34237,1993-09-29 00:00:00,0.0331230357795064,-0.1723394000585323,0.2385854716175451,12.217,57.1
34238,1993-09-30 00:00:00,0.0120548782810384,-0.1933817435884911,0.2174915001505681,12.217,57.1
34239,1993-10-01 00:00:00,0.0689809564031177,-0.1366165601689712,0.2745784729752067,12.217,57.1
34240,1993-10-02 00:00:00,0.1333527066090017,-0.0729559614138334,0.3396613746318369,12.217,57.1
34241,1993-10-03 00:00:00,0.0715139602743068,-0.1346797911822054,0.2777077117308192,12.217,57.1
34242,1993-10-04 00:00:00,0.0884962482767022,-0.1182678499473808,0.2952603465007853,12.217,57.1
34243,1993-10-05 00:00:00,0.1644277923813603,-0.0431942502037529,0.3720498349664735,12.217,57.1
34244,1993-10-06 00:00:00,0.1813667171839003,-0.0244087237199373,0.387142158087738,12.217,57.1
34245,1993-10-07 00:00:00,0.2304072152618976,0.0244417626577221,0.4363726678660731,12.217,57.1
34246,1993-10-08 00:00:00,0.0758739390617909,-0.1298520822647698,0.2815999603883516,12.217,57.1
34247,1993-10-09 00:00:00,0.0071745105097165,-0.198727346614786,0.213076367634219,12.217,57.1
34248,1993-10-10 00:00:00,0.2547853584326677,0.0466907775151798,0.4628799393501557,12.217,57.1
34249,1993-10-11 00:00:00,0.1304947833246999,-0.0763566227120821,0.3373461893614821,12.217,57.1
34250,1993-10-12 00:00:00,0.1681814368728574,-0.0373107306127759,0.3736736043584908,12.217,57.1
34251,1993-10-13 00:00:00,0.1566186287522702,-0.0509866506268358,0.3642239081313764,12.217,57.1
34252,1993-10-14 00:00:00,0.1684901077178314,-0.0399992714511432,0.3769794868868061,12.217,57.1
34253,1993-10-15 00:00:00,0.0707574043392675,-0.1352578011902806,0.2767726098688157,12.217,57.1
34254,1993-10-16 00:00:00,0.0525530936348421,-0.1534025828496269,0.2585087701193112,12.217,57.1
34255,1993-10-17 00:00:00,0.1617307701855604,-0.0444116443263108,0.3678731846974316,12.217,57.1
34256,1993-10-18 00:00:00,-0.0375645138849044,-0.2440930769977571,0.1689640492279481,12.217,57.1
34257,1993-10-19 00:00:00,0.0196754956881627,-0.1863864220362254,0.225737413412551,12.217,57.1
34258,1993-10-20 00:00:00,0.0732944040888191,-0.1327534467619096,0.2793422549395479,12.217,57.1
34259,1993-10-21 00:00:00,0.1377732774393185,-0.0682049123948276,0.3437514672734648,12.217,57.1
34260,1993-10-22 00:00:00,-0.0512889201083353,-0.2577015001364265,0.1551236599197558,12.217,57.1
34261,1993-10-23 00:00:00,-0.1723118942346581,-0.3786066352842739,0.0339828468149575,12.217,57.1
34262,1993-10-24 00:00:00,-0.0947949189194057,-0.3006219768802198,0.1110321390414083,12.217,57.1
34263,1993-10-25 00:00:00,-0.0574184060453059,-0.2630768854598395,0.1482400733692276,12.217,57.1
34264,1993-10-26 00:00:00,-0.0208945115832574,-0.2263805746767144,0.1845915515101996,12.217,57.1
34265,1993-10-27 00:00:00,-0.0553962693202768,-0.2609416655497479,0.1501491269091942,12.217,57.1
34266,1993-10-28 00:00:00,-0.0128237704673489,-0.2184333999068452,0.1927858589721473,12.217,57.1
34267,1993-10-29 00:00:00,-0.0898870696707095,-0.2955450198878877,0.1157708805464687,12.217,57.1
34268,1993-10-30 00:00:00,-0.059510310090145,-0.2650449213387841,0.1460243011584941,12.217,57.1
34269,1993-10-31 00:00:00,-0.05277748137666,-0.2584556116972656,0.1529006489439455,12.217,57.1
34270,1993-11-01 00:00:00,-0.0127361635607023,-0.218405502977827,0.1929331758564224,12.217,57.1
34271,1993-11-02 00:00:00,-0.0060342535547165,-0.2114808531210087,0.1994123460115756,12.217,57.1
34272,1993-11-03 00:00:00,-0.0394253745675201,-0.244939188326481,0.1660884391914407,12.217,57.1
34273,1993-11-04 00:00:00,-0.0031478873104227,-0.2086105941848406,0.2023148195639952,12.217,57.1
34274,1993-11-05 00:00:00,-0.0072955077822134,-0.2127174184101913,0.1981264028457645,12.217,57.1
34275,1993-11-06 00:00:00,-0.0524767910246908,-0.2578832421230407,0.152929660073659,12.217,57.1
34276,1993-11-07 00:00:00,-0.0812462134982218,-0.2868722057441014,0.1243797787476577,12.217,57.1
34277,1993-11-08 00:00:00,-0.0305322104871886,-0.2363413686379412,0.175276947663564,12.217,57.1
34278,1993-11-09 00:00:00,-0.0729118832804065,-0.2789100748983663,0.1330863083375531,12.217,57.1
34279,1993-11-10 00:00:00,0.0388031121090862,-0.1670160306528748,0.2446222548710473,12.217,57.1
34280,1993-11-11 00:00:00,0.077392456375406,-0.1283590047512186,0.2831439175020306,12.217,57.1
34281,1993-11-12 00:00:00,0.2919333821962589,0.0850617576955399,0.4988050066969779,12.217,57.1
34282,1993-11-13 00:00:00,0.0735790094140156,-0.1331626417031788,0.2803206605312102,12.217,57.1
34283,1993-11-14 00:00:00,0.1896869116205395,-0.0167712866653594,0.3961451099064386,12.217,57.1
34284,1993-11-15 00:00:00,0.0119911494894426,-0.1955184392580572,0.2195007382369424,12.217,57.1
34285,1993-11-16 00:00:00,-0.1580129056327794,-0.3651496065401698,0.049123795274611,12.217,57.1
34286,1993-11-17 00:00:00,-0.0862914719642411,-0.2919437178653835,0.1193607739369012,12.217,57.1
34287,1993-11-18 00:00:00,-0.0990430697424158,-0.3045792507150205,0.1064931112301888,12.217,57.1
34288,1993-11-19 00:00:00,-0.1127058450652294,-0.3182355087405332,0.0928238186100743,12.217,57.1
34289,1993-11-20 00:00:00,-0.162508083475818,-0.3689641861934738,0.0439480192418376,12.217,57.1
34290,1993-11-21 00:00:00,-0.2141867910919501,-0.4206335239255582,-0.0077400582583421,12.217,57.1
34291,1993-11-22 00:00:00,-0.1630257976340703,-0.3704550645123605,0.0444034692442198,12.217,57.1
34292,1993-11-23 00:00:00,-0.0718433337863831,-0.2800022796026739,0.1363156120299076,12.217,57.1
34293,1993-11-24 00:00:00,0.1566844028691862,-0.051450393723489,0.3648191994618616,12.217,57.1
34294,1993-11-25 00:00:00,0.06462193425971,-0.1425656275006293,0.2718094960200494,12.217,57.1
34295,1993-11-26 00:00:00,-0.0370011027747118,-0.2425919353237318,0.168589729774308,12.217,57.1
34296,1993-11-27 00:00:00,-0.0400448572079638,-0.2455900087975926,0.1655002943816648,12.217,57.1
34297,1993-11-28 00:00:00,-0.1459010616354801,-0.3515059461134975,0.0597038228425373,12.217,57.1
34298,1993-11-29 00:00:00,-0.1477929045514793,-0.3533920205950793,0.0578062114921207,12.217,57.1
34299,1993-11-30 00:00:00,-0.0574288344264538,-0.2630059445272605,0.1481482756743528,12.217,57.1
34300,1993-12-01 00:00:00,0.0794644092849023,-0.1261641601116622,0.2850929786814669,12.217,57.1
34301,1993-12-02 00:00:00,0.1609043531620245,-0.0448388652292527,0.3666475715533017,12.217,57.1
34302,1993-12-03 00:00:00,0.2260467381892094,0.0195908709337744,0.4325026054446445,12.217,57.1
34303,1993-12-04 00:00:00,0.2495702437007694,0.0438461887414593,0.4552942986600795,12.217,57.1
34304,1993-12-05 00:00:00,0.4702333539566433,0.2624028511204557,0.678063856792831,12.217,57.1
34305,1993-12-06 00:00:00,0.3469974423642863,0.1403922945892267,0.5536025901393459,12.217,57.1
34306,1993-12-07 00:00:00,0.2480322365921154,0.0421697070278329,0.4538947661563979,12.217,57.1
34307,1993-12-08 00:00:00,0.3191572151685805,0.1113377344339582,0.5269766959032027,12.217,57.1
34308,1993-12-09 00:00:00,0.3246228691692501,0.117265599904488,0.5319801384340123,12.217,57.1
34309,1993-12-10 00:00:00,0.1521546941411488,-0.0550398412437032,0.3593492295260008,12.217,57.1
34310,1993-12-11 00:00:00,0.2509901733138572,0.0442259560211648,0.4577543906065496,12.217,57.1
34311,1993-12-12 00:00:00,0.2081673253261455,0.001253426712332,0.4150812239399589,12.217,57.1
34312,1993-12-13 00:00:00,0.0671508547083808,-0.1388934402939788,0.2731951497107405,12.217,57.1
34313,1993-12-14 00:00:00,0.0352217402516197,-0.1711046851730992,0.2415481656763387,12.217,57.1
34314,1993-12-15 00:00:00,0.1486816978989665,-0.0579215229646263,0.3552849187625594,12.217,57.1
34315,1993-12-16 00:00:00,0.4180365942161761,0.2096581653029024,0.6264150231294499,12.217,57.1
34316,1993-12-17 00:00:00,0.2024360040223487,-0.0048554429218138,0.4097274509665113,12.217,57.1
34317,1993-12-18 00:00:00,0.2119513003423446,0.0053165111384049,0.4185860895462844,12.217,57.1
34318,1993-12-19 00:00:00,0.2411185337986682,0.0340573590297802,0.4481797085675563,12.217,57.1
34319,1993-12-20 00:00:00,0.7477229250486783,0.5365910685137235,0.9588547815836332,12.217,57.1
34320,1993-12-21 00:00:00,0.4568980001638795,0.2467510048395252,0.6670449954882338,12.217,57.1
34321,1993-12-22 00:00:00,0.3163079294217896,0.1099636384114145,0.5226522204321647,12.217,57.1
34322,1993-12-23 00:00:00,0.2469591669921785,0.0402456656567254,0.4536726683276317,12.217,57.1
34323,1993-12-24 00:00:00,0.238566380400326,0.0318020912011098,0.4453306695995422,12.217,57.1
34324,1993-12-25 00:00:00,0.1067879438820093,-0.0993991978776296,0.3129750856416483,12.217,57.1
34325,1993-12-26 00:00:00,-0.0073539381919288,-0.2159464335382685,0.2012385571544108,12.217,57.1
34326,1993-12-27 00:00:00,-0.1130988932102601,-0.3228436027905315,0.0966458163700111,12.217,57.1
34327,1993-12-28 00:00:00,-0.054904551628861,-0.2609288011431488,0.1511196978854266,12.217,57.1
34328,1993-12-29 00:00:00,0.1354714139464806,-0.0707115076894301,0.3416543355823913,12.217,57.1
34329,1993-12-30 00:00:00,0.2289258015432917,0.0223667227399255,0.435484880346658,12.217,57.1
34330,1993-12-31 00:00:00,0.2187287719112228,0.0119006226147216,0.4255569212077241,12.217,57.1
34331,1994-01-01 00:00:00,0.1843379372749413,-0.0216349141965057,0.3903107887463884,12.217,57.1
34332,1994-01-02 00:00:00,0.1492234516576486,-0.0565397882369766,0.3549866915522739,12.217,57.1
34333,1994-01-03 00:00:00,0.1353633292793539,-0.0704398864596686,0.3411665450183765,12.217,57.1
34334,1994-01-04 00:00:00,0.120383613408164,-0.0855935170719502,0.3263607438882783,12.217,57.1
34335,1994-01-05 00:00:00,0.3493923711178235,0.142709537910733,0.556075204324914,12.217,57.1
34336,1994-01-06 00:00:00,0.2027373580831092,-0.0031810080059404,0.4086557241721588,12.217,57.1
34337,1994-01-07 00:00:00,0.1318474793663513,-0.0740551950897202,0.337750153822423,12.217,57.1
34338,1994-01-08 00:00:00,0.2504586919267784,0.044160856059336,0.4567565277942209,12.217,57.1
34339,1994-01-09 00:00:00,0.0984205981844483,-0.1077857617762256,0.3046269581451223,12.217,57.1
34340,1994-01-10 00:00:00,0.0936383201523291,-0.1121186411199748,0.2993952814246332,12.217,57.1
34341,1994-01-11 00:00:00,0.0262456879388256,-0.179575692399335,0.2320670682769862,12.217,57.1
34342,1994-01-12 00:00:00,0.1048015751090514,-0.1010190982740001,0.3106222484921029,12.217,57.1
34343,1994-01-13 00:00:00,0.1769842214365455,-0.0305936059794185,0.3845620488525095,12.217,57.1
34344,1994-01-14 00:00:00,0.4317289991008128,0.22362774417468,0.6398302540269456,12.217,57.1
34345,1994-01-15 00:00:00,0.4450352677308829,0.238954185629157,0.6511163498326089,12.217,57.1
34346,1994-01-16 00:00:00,0.0987520528463404,-0.1071635270192849,0.3046676327119658,12.217,57.1
34347,1994-01-17 00:00:00,0.0146108889437813,-0.1911917490399969,0.2204135269275595,12.217,57.1
34348,1994-01-18 00:00:00,0.0185466659454574,-0.1871693718388332,0.224262703729748,12.217,57.1
34349,1994-01-19 00:00:00,0.2116201479999977,0.0053041890300091,0.4179361069699863,12.217,57.1
34350,1994-01-20 00:00:00,0.1192985870080283,-0.0866308178008732,0.3252279918169299,12.217,57.1
34351,1994-01-21 00:00:00,0.2159676223978435,0.0103259165157792,0.4216093282799078,12.217,57.1
34352,1994-01-22 00:00:00,0.4289216183153221,0.2225858904316619,0.6352573461989823,12.217,57.1
34353,1994-01-23 00:00:00,0.600060281368821,0.3917611256257561,0.8083594371118858,12.217,57.1
34354,1994-01-24 00:00:00,0.6378550163600698,0.4213736151193798,0.8543364176007597,12.217,57.1
34355,1994-01-25 00:00:00,0.379612288468021,0.1700740423758414,0.5891505345602005,12.217,57.1
34356,1994-01-26 00:00:00,0.3457632311282845,0.1386686969823461,0.5528577652742229,12.217,57.1
34357,1994-01-27 00:00:00,0.2505918786429712,0.0443379001549512,0.4568458571309912,12.217,57.1
34358,1994-01-28 00:00:00,0.5464552510154248,0.3391150176633188,0.7537954843675307,12.217,57.1
34359,1994-01-29 00:00:00,0.1361352012115683,-0.0713634660054213,0.343633868428558,12.217,57.1
34360,1994-01-30 00:00:00,0.0167131812013385,-0.1899200947251816,0.2233464571278587,12.217,57.1
34361,1994-01-31 00:00:00,0.4798612784150302,0.2711637768514961,0.6885587799785642,12.217,57.1
34362,1994-02-01 00:00:00,0.1481744808666649,-0.0591035193875116,0.3554524811208414,12.217,57.1
34363,1994-02-02 00:00:00,0.2084702795401994,0.0020316493493697,0.4149089097310292,12.217,57.1
34364,1994-02-03 00:00:00,0.0872917444373009,-0.1200549450138122,0.294638433888414,12.217,57.1
34365,1994-02-04 00:00:00,0.0043923468351994,-0.2018219057963849,0.2106065994667837,12.217,57.1
34366,1994-02-05 00:00:00,-0.0730602020632301,-0.2791440543765597,0.1330236502500994,12.217,57.1
34367,1994-02-06 00:00:00,0.0117873893003574,-0.1942074225657609,0.2177822011664758,12.217,57.1
34368,1994-02-07 00:00:00,0.0065197551325823,-0.1992008141856998,0.2122403244508646,12.217,57.1
34369,1994-02-08 00:00:00,-0.0141187560614987,-0.2196983125711133,0.1914608004481158,12.217,57.1
34370,1994-02-09 00:00:00,-0.0331452744233558,-0.2386257548503321,0.1723352060036204,12.217,57.1
34371,1994-02-10 00:00:00,0.1454021193405359,-0.0606417184662728,0.3514459571473447,12.217,57.1
34372,1994-02-11 00:00:00,-0.0581873585890565,-0.2640598325050319,0.1476851153269188,12.217,57.1
34373,1994-02-12 00:00:00,-0.1389476543753022,-0.3446090107944676,0.0667137020438631,12.217,57.1
34374,1994-02-13 00:00:00,-0.1781384359424891,-0.383861122726565,0.0275842508415867,12.217,57.1
34375,1994-02-14 00:00:00,-0.2419338707468497,-0.4483162768614535,-0.0355514646322459,12.217,57.1
34376,1994-02-15 00:00:00,-0.1482596636853899,-0.3549922457907041,0.0584729184199242,12.217,57.1
34377,1994-02-16 00:00:00,-0.0194509186410607,-0.2256572021267926,0.186755364844671,12.217,57.1
34378,1994-02-17 00:00:00,0.0355550799011763,-0.1703569711037649,0.2414671309061177,12.217,57.1
34379,1994-02-18 00:00:00,-0.0559822773425083,-0.2616757318178516,0.1497111771328348,12.217,57.1
34380,1994-02-19 00:00:00,-0.0850880020821513,-0.290578135943867,0.1204021317795644,12.217,57.1
34381,1994-02-20 00:00:00,-0.081076161204666,-0.2865854560000781,0.124433133590746,12.217,57.1
34382,1994-02-21 00:00:00,-0.0814121105799492,-0.2872188070912903,0.1243945859313918,12.217,57.1
34383,1994-02-22 00:00:00,0.0132536390449345,-0.1926633716247516,0.2191706497146207,12.217,57.1
34384,1994-02-23 00:00:00,0.0113334651130717,-0.1945628130768542,0.2172297433029977,12.217,57.1
34385,1994-02-24 00:00:00,0.0320662390120564,-0.1736928285767703,0.2378253066008832,12.217,57.1
34386,1994-02-25 00:00:00,0.0741889539220856,-0.1313979467223141,0.2797758545664854,12.217,57.1
34387,1994-02-26 00:00:00,-0.0234544284278394,-0.2291604004261256,0.1822515435704468,12.217,57.1
34388,1994-02-27 00:00:00,0.0155554171903065,-0.1904124656608593,0.2215233000414723,12.217,57.1
34389,1994-02-28 00:00:00,0.0339230306861504,-0.1725120825841763,0.2403581439564771,12.217,57.1
34390,1994-03-01 00:00:00,-0.0328068204908467,-0.2398920852918726,0.174278444310179,12.217,57.1
34391,1994-03-02 00:00:00,-0.0847933509422395,-0.2910525220192774,0.1214658201347983,12.217,57.1
34392,1994-03-03 00:00:00,0.0919764175994089,-0.1141144868312212,0.2980673220300391,12.217,57.1
34393,1994-03-04 00:00:00,0.1193650381113142,-0.0864834024250394,0.3252134786476678,12.217,57.1
34394,1994-03-05 00:00:00,0.0087362033979963,-0.1976773486236617,0.2151497554196544,12.217,57.1
34395,1994-03-06 00:00:00,0.1869854921169332,-0.020393586610452,0.3943645708443185,12.217,57.1
34396,1994-03-07 00:00:00,0.3323977747122695,0.1242057851320032,0.5405897642925359,12.217,57.1
34397,1994-03-08 00:00:00,0.2556146366036572,0.0491942352304206,0.4620350379768937,12.217,57.1
34398,1994-03-09 00:00:00,0.4004004457083294,0.1940007673918837,0.6068001240247751,12.217,57.1
34399,1994-03-10 00:00:00,0.2405616969295986,0.0342807338610382,0.4468426599981591,12.217,57.1
34400,1994-03-11 00:00:00,0.3549132878980124,0.1478512526264815,0.5619753231695434,12.217,57.1
34401,1994-03-12 00:00:00,0.2018371319516457,-0.0049602870744124,0.4086345509777039,12.217,57.1
34402,1994-03-13 00:00:00,0.2846452322346096,0.0787013136283504,0.4905891508408687,12.217,57.1
34403,1994-03-14 00:00:00,0.569419826079242,0.35773098607338,0.781108666085104,12.217,57.1
34404,1994-03-15 00:00:00,0.5610745391101355,0.3523518868846651,0.7697971913356059,12.217,57.1
34405,1994-03-16 00:00:00,0.2865416758910314,0.0794261433984783,0.4936572083835844,12.217,57.1
34406,1994-03-17 00:00:00,0.3146899915873863,0.1086287536089272,0.5207512295658454,12.217,57.1
34407,1994-03-18 00:00:00,0.2494638594058158,0.0435791433447894,0.4553485754668422,12.217,57.1
34408,1994-03-19 00:00:00,0.1765915251937652,-0.029189015305937,0.3823720656934675,12.217,57.1
34409,1994-03-20 00:00:00,0.1113554807925184,-0.0949175061254227,0.3176284677104595,12.217,57.1
34410,1994-03-21 00:00:00,0.058524804853293,-0.1472473683823979,0.264296978088984,12.217,57.1
34411,1994-03-22 00:00:00,0.0439843977865864,-0.1617058656332357,0.2496746612064087,12.217,57.1
34412,1994-03-23 00:00:00,0.1890130628066816,-0.0179787335549906,0.396004859168354,12.217,57.1
34413,1994-03-24 00:00:00,0.5518806865122138,0.3441167316483953,0.7596446413760323,12.217,57.1
34414,1994-03-25 00:00:00,0.577566429805961,0.3673790087735136,0.7877538508384083,12.217,57.1
34415,1994-03-26 00:00:00,0.2175181576183966,0.0108941882759429,0.4241421269608503,12.217,57.1
34416,1994-03-27 00:00:00,0.0353017844326229,-0.1704062286593865,0.2410097975246324,12.217,57.1
34417,1994-03-28 00:00:00,0.0119448380036696,-0.1936722282496877,0.2175619042570269,12.217,57.1
34418,1994-03-29 00:00:00,0.1339065240291528,-0.0725596087641716,0.3403726568224772,12.217,57.1
34419,1994-03-30 00:00:00,0.3814903656513232,0.1734234219439702,0.5895573093586763,12.217,57.1
34420,1994-03-31 00:00:00,0.1010904808129569,-0.1052595866279987,0.3074405482539127,12.217,57.1
34421,1994-04-01 00:00:00,0.2771102317158167,0.0699886329161064,0.484231830515527,12.217,57.1
34422,1994-04-02 00:00:00,0.5314834527066405,0.3209752366039979,0.7419916688092831,12.217,57.1
34423,1994-04-03 00:00:00,0.2271429762579466,0.0180946508722847,0.4361913016436085,12.217,57.1
34424,1994-04-04 00:00:00,0.1506134560296216,-0.0549209152888734,0.3561478273481168,12.217,57.1
34425,1994-04-05 00:00:00,0.2107401366081595,0.0026537726031093,0.4188265006132098,12.217,57.1
34426,1994-04-06 00:00:00,0.211975591974219,0.0048072937433579,0.4191438902050802,12.217,57.1
34427,1994-04-07 00:00:00,0.1048926904223724,-0.1008248109155227,0.3106101917602676,12.217,57.1
34428,1994-04-08 00:00:00,0.099858333312413,-0.1058865693775549,0.305603236002381,12.217,57.1
34429,1994-04-09 00:00:00,0.1425430873479631,-0.0631983841841342,0.3482845588800605,12.217,57.1
34430,1994-04-10 00:00:00,0.2141587386957554,0.0073181548941719,0.4209993224973389,12.217,57.1
34431,1994-04-11 00:00:00,-0.1021306432785179,-0.3081938678235525,0.1039325812665166,12.217,57.1
34432,1994-04-12 00:00:00,-0.0699211067729707,-0.2757100812869963,0.135867867741055,12.217,57.1
34433,1994-04-13 00:00:00,-0.0428792177579239,-0.2490158721977808,0.1632574366819329,12.217,57.1
34434,1994-04-14 00:00:00,-0.0389915072823086,-0.2481328598680704,0.1701498453034531,12.217,57.1
34435,1994-04-15 00:00:00,-0.1002885869233193,-0.3146112758217668,0.114034101975128,12.217,57.1
34436,1994-04-16 00:00:00,-0.0366735206461256,-0.2430419107599671,0.1696948694677158,12.217,57.1
34437,1994-04-17 00:00:00,0.0276697335913998,-0.1780002031060711,0.2333396702888707,12.217,57.1
34438,1994-04-18 00:00:00,0.0536535986652419,-0.1526005265060275,0.2599077238365114,12.217,57.1
34439,1994-04-19 00:00:00,0.0394078898008807,-0.1662783094927738,0.2450940890945353,12.217,57.1
34440,1994-04-20 00:00:00,0.0919906367477961,-0.1134615491888633,0.2974428226844556,12.217,57.1
34441,1994-04-21 00:00:00,0.0999578119929266,-0.105542204421432,0.3054578284072853,12.217,57.1
34442,1994-04-22 00:00:00,0.1156548426078851,-0.089949905078006,0.3212595902937762,12.217,57.1
34443,1994-04-23 00:00:00,0.0875311595446861,-0.1182726244529651,0.2933349435423374,12.217,57.1
34444,1994-04-24 00:00:00,0.0796863837767839,-0.1258574172347557,0.2852301847883234,12.217,57.1
34445,1994-04-25 00:00:00,0.0722070264746305,-0.1333586738066566,0.2777727267559177,12.217,57.1
34446,1994-04-26 00:00:00,0.0977635186657077,-0.1078391458920248,0.3033661832234403,12.217,57.1
34447,1994-04-27 00:00:00,0.016774025429051,-0.1890052226245801,0.2225532734826821,12.217,57.1
34448,1994-04-28 00:00:00,0.0829681949601136,-0.1227198892254359,0.2886562791456634,12.217,57.1
34449,1994-04-29 00:00:00,0.1389406418256326,-0.0668917865177885,0.3447730701690539,12.217,57.1
34450,1994-04-30 00:00:00,0.0533101811441529,-0.1534793327392116,0.2600996950275176,12.217,57.1
34451,1994-05-01 00:00:00,0.1385931165695861,-0.0685874415890271,0.3457736747281994,12.217,57.1
34452,1994-05-02 00:00:00,0.0293774750514852,-0.1772044475500016,0.235959397652972,12.217,57.1
34453,1994-05-03 00:00:00,-0.009506566413648,-0.2151575677846797,0.1961444349573836,12.217,57.1
34454,1994-05-04 00:00:00,0.0456264542110208,-0.1600894946096134,0.2513424030316552,12.217,57.1
34455,1994-05-05 00:00:00,0.1424040138403027,-0.063294653034266,0.3481026807148715,12.217,57.1
34456,1994-05-06 00:00:00,0.0365026798507919,-0.1691032821153722,0.2421086418169562,12.217,57.1
34457,1994-05-07 00:00:00,0.0449269757593077,-0.1605657801326521,0.2504197316512676,12.217,57.1
34458,1994-05-08 00:00:00,0.0596267631447627,-0.1458994233754446,0.26515294966497,12.217,57.1
34459,1994-05-09 00:00:00,0.1386831527140912,-0.0672308497280208,0.3445971551562033,12.217,57.1
34460,1994-05-10 00:00:00,-0.0124014432846357,-0.2181211664529284,0.1933182798836568,12.217,57.1
34461,1994-05-11 00:00:00,-0.0285815378207374,-0.2340370392231596,0.1768739635816847,12.217,57.1
34462,1994-05-12 00:00:00,-0.0396641488930102,-0.2451563877426099,0.1658280899565893,12.217,57.1
34463,1994-05-13 00:00:00,-0.0303077404817772,-0.236052980625638,0.1754374996620836,12.217,57.1
34464,1994-05-14 00:00:00,-0.0334806394830503,-0.2394299384964479,0.1724686595303472,12.217,57.1
34465,1994-05-15 00:00:00,0.0544580935424073,-0.1514248095222669,0.2603409966070816,12.217,57.1
34466,1994-05-16 00:00:00,0.0469692970270913,-0.1588843432582115,0.2528229373123942,12.217,57.1
34467,1994-05-17 00:00:00,0.051108624522674,-0.1544826536904183,0.2566999027357664,12.217,57.1
34468,1994-05-18 00:00:00,0.0669604409518695,-0.1385456297760867,0.2724665116798259,12.217,57.1
34469,1994-05-19 00:00:00,0.0382330151805549,-0.1674280120152982,0.243894042376408,12.217,57.1
34470,1994-05-20 00:00:00,0.0180172075297609,-0.1878867681797104,0.2239211832392322,12.217,57.1
34471,1994-05-21 00:00:00,0.00169589804058,-0.2042934936192705,0.2076852897004306,12.217,57.1
34472,1994-05-22 00:00:00,0.0337466353646533,-0.1719604967835067,0.2394537675128134,12.217,57.1
34473,1994-05-23 00:00:00,0.0981418326432423,-0.1075749100398019,0.3038585753262865,12.217,57.1
34474,1994-05-24 00:00:00,0.0698783786966202,-0.1356518645259238,0.2754086219191642,12.217,57.1
34475,1994-05-25 00:00:00,0.0574742963843752,-0.1480457861390357,0.2629943789077861,12.217,57.1
34476,1994-05-26 00:00:00,0.0753148453940612,-0.1302882740395273,0.2809179648276497,12.217,57.1
34477,1994-05-27 00:00:00,0.0517589324561011,-0.1539952891166295,0.2575131540288318,12.217,57.1
34478,1994-05-28 00:00:00,0.0501287978065096,-0.1554901972878867,0.255747792900906,12.217,57.1
34479,1994-05-29 00:00:00,0.0896045873695344,-0.1160078093490894,0.2952169840881583,12.217,57.1
34480,1994-05-30 00:00:00,0.0746826951473836,-0.1312535748432423,0.2806189651380096,12.217,57.1
34481,1994-05-31 00:00:00,0.1891247157431175,-0.0169410423658723,0.3951904738521075,12.217,57.1
34482,1994-06-01 00:00:00,0.381057814816554,0.1730788269767043,0.5890368026564038,12.217,57.1
34483,1994-06-02 00:00:00,0.1508712373800083,-0.0557139391888996,0.3574564139489162,12.217,57.1
34484,1994-06-03 00:00:00,0.1528972576204897,-0.0527669397577569,0.3585614549987364,12.217,57.1
34485,1994-06-04 00:00:00,0.1864970508220341,-0.0198106769505252,0.3928047785945935,12.217,57.1
34486,1994-06-05 00:00:00,0.270319282072334,0.0643124551033551,0.4763261090413129,12.217,57.1
34487,1994-06-06 00:00:00,0.2361361217453783,0.0301948261072494,0.4420774173835072,12.217,57.1
34488,1994-06-07 00:00:00,0.2139803931502583,0.0082110193391983,0.4197497669613184,12.217,57.1
34489,1994-06-08 00:00:00,0.2507462631737338,0.0448772710046287,0.4566152553428388,12.217,57.1
34490,1994-06-09 00:00:00,0.0653876384186243,-0.1410735247946321,0.2718488016318808,12.217,57.1
34491,1994-06-10 00:00:00,0.1236449410521202,-0.0822066489393446,0.3294965310435852,12.217,57.1
34492,1994-06-11 00:00:00,-0.0063402606194752,-0.2119695675769528,0.1992890463380023,12.217,57.1
34493,1994-06-12 00:00:00,-0.0081066343899101,-0.2137569904342601,0.1975437216544397,12.217,57.1
34494,1994-06-13 00:00:00,0.0592976831479253,-0.1464988920457559,0.2650942583416066,12.217,57.1
34495,1994-06-14 00:00:00,0.0749192709018317,-0.1308436603988146,0.2806822022024782,12.217,57.1
34496,1994-06-15 00:00:00,0.1900844411338728,-0.0162774713126091,0.3964463535803548,12.217,57.1
34497,1994-06-16 00:00:00,0.1761947380561787,-0.0305069094668396,0.3828963855791972,12.217,57.1
34498,1994-06-17 00:00:00,0.163679799438529,-0.041906153543655,0.3692657524207132,12.217,57.1
34499,1994-06-18 00:00:00,0.1197059227578283,-0.0859357137791094,0.3253475592947661,12.217,57.1
34500,1994-06-19 00:00:00,0.232451134633454,0.0262145799966511,0.4386876892702569,12.217,57.1
34501,1994-06-20 00:00:00,0.3998103755334797,0.1931900472476858,0.6064307038192736,12.217,57.1
34502,1994-06-21 00:00:00,0.113430854279532,-0.0927424788992592,0.3196041874583234,12.217,57.1
34503,1994-06-22 00:00:00,0.1524639206813771,-0.054062462040536,0.3589903034032902,12.217,57.1
34504,1994-06-23 00:00:00,0.4269036634772091,0.2179032544685033,0.635904072485915,12.217,57.1
34505,1994-06-24 00:00:00,0.3099187089275814,0.1020879441447668,0.517749473710396,12.217,57.1
34506,1994-06-25 00:00:00,0.0621731969079699,-0.1441507223407198,0.2684971161566597,12.217,57.1
34507,1994-06-26 00:00:00,0.1388448566737373,-0.0668147973235878,0.3445045106710626,12.217,57.1
34508,1994-06-27 00:00:00,0.2494924220280392,0.0435597141133796,0.4554251299426989,12.217,57.1
34509,1994-06-28 00:00:00,0.0909812888955263,-0.115786482442105,0.2977490602331578,12.217,57.1
34510,1994-06-29 00:00:00,0.0227118302430008,-0.1829890683172297,0.2284127288032313,12.217,57.1
34511,1994-06-30 00:00:00,0.2060116423454027,-0.0004765861089858,0.4124998707997914,12.217,57.1
34512,1994-07-01 00:00:00,0.0892863202675106,-0.117830537807166,0.2964031783421872,12.217,57.1
34513,1994-07-02 00:00:00,-0.0158651388203988,-0.2217943019028977,0.1900640242621001,12.217,57.1
34514,1994-07-03 00:00:00,0.0291449124755008,-0.1763451899524147,0.2346350149034164,12.217,57.1
34515,1994-07-04 00:00:00,0.0223676087467846,-0.1830710566146682,0.2278062741082375,12.217,57.1
34516,1994-07-05 00:00:00,0.0112588659419568,-0.1943700924162933,0.216887824300207,12.217,57.1
34517,1994-07-06 00:00:00,0.0480132675233715,-0.1577138528602692,0.2537403879070123,12.217,57.1
34518,1994-07-07 00:00:00,0.0212900290062217,-0.1841576002188103,0.2267376582312537,12.217,57.1
34519,1994-07-08 00:00:00,0.0401291885908784,-0.1653947798173271,0.2456531569990841,12.217,57.1
34520,1994-07-09 00:00:00,0.0409480569691141,-0.1646200926543915,0.2465162065926198,12.217,57.1
34521,1994-07-10 00:00:00,0.0716545888938473,-0.1340370403178516,0.2773462181055463,12.217,57.1
34522,1994-07-11 00:00:00,0.0805965132882831,-0.1252305498482794,0.2864235764248457,12.217,57.1
34523,1994-07-12 00:00:00,0.0001662460237871,-0.2056740006624401,0.2060064927100144,12.217,57.1
34524,1994-07-13 00:00:00,0.0290341631806217,-0.1764712319639664,0.2345395583252098,12.217,57.1
34525,1994-07-14 00:00:00,0.0457947681717301,-0.1596975336818351,0.2512870700252954,12.217,57.1
34526,1994-07-15 00:00:00,0.0630177219781752,-0.1425348907200284,0.2685703346763789,12.217,57.1
34527,1994-07-16 00:00:00,0.0556074744019106,-0.1500843012448362,0.2612992500486574,12.217,57.1
34528,1994-07-17 00:00:00,0.0784129687350835,-0.1271852268143414,0.2840111642845086,12.217,57.1
34529,1994-07-18 00:00:00,-0.0118847138251334,-0.2175195100013642,0.1937500823510974,12.217,57.1
34530,1994-07-19 00:00:00,-0.0100204965888581,-0.2155380873332477,0.1954970941555315,12.217,57.1
34531,1994-07-20 00:00:00,0.0031659635023833,-0.2022812110273157,0.2086131380320824,12.217,57.1
34532,1994-07-21 00:00:00,0.0322013814062454,-0.1732824413580443,0.2376852041705351,12.217,57.1
34533,1994-07-22 00:00:00,0.0253942144557449,-0.1800939467370599,0.2308823756485497,12.217,57.1
34534,1994-07-23 00:00:00,0.0147164040660306,-0.1907634334785847,0.2201962416106461,12.217,57.1
34535,1994-07-24 00:00:00,-0.0241542194375415,-0.2296767316275864,0.1813682927525033,12.217,57.1
34536,1994-07-25 00:00:00,0.0261022891681561,-0.1794613647728098,0.2316659431091222,12.217,57.1
34537,1994-07-26 00:00:00,0.0413340060721994,-0.1643171180344803,0.2469851301788792,12.217,57.1
34538,1994-07-27 00:00:00,0.0389447799640439,-0.1666812882745887,0.2445708482026765,12.217,57.1
34539,1994-07-28 00:00:00,0.0508179503744572,-0.1547718516371984,0.2564077523861131,12.217,57.1
34540,1994-07-29 00:00:00,0.0403379446292129,-0.1652106349289813,0.2458865241874072,12.217,57.1
34541,1994-07-30 00:00:00,0.031219510638341,-0.174351539945778,0.2367905612224601,12.217,57.1
34542,1994-07-31 00:00:00,0.0229070368427366,-0.1825555060302152,0.2283695797156885,12.217,57.1
34543,1994-08-01 00:00:00,0.0327983827028933,-0.1727641646869647,0.2383609300927513,12.217,57.1
34544,1994-08-02 00:00:00,0.0788310316119975,-0.1268012581863517,0.2844633214103467,12.217,57.1
34545,1994-08-03 00:00:00,0.0021948999270951,-0.2034752980146351,0.2078650978688254,12.217,57.1
34546,1994-08-04 00:00:00,0.0331080602152165,-0.1723856873305698,0.2386018077610029,12.217,57.1
34547,1994-08-05 00:00:00,0.0399344068924929,-0.1654902940123604,0.2453591077973462,12.217,57.1
34548,1994-08-06 00:00:00,0.0597115416314294,-0.1458782764466552,0.2653013597095142,12.217,57.1
34549,1994-08-07 00:00:00,0.0791054512666334,-0.1266724903902401,0.284883392923507,12.217,57.1
34550,1994-08-08 00:00:00,-0.0007011154673735,-0.2063647778116038,0.2049625468768567,12.217,57.1
34551,1994-08-09 00:00:00,0.0155015191561068,-0.1901151525430161,0.2211181908552299,12.217,57.1
34552,1994-08-10 00:00:00,0.0131712211862509,-0.1922401542829622,0.2185825966554641,12.217,57.1
34553,1994-08-11 00:00:00,0.0432053681499621,-0.162356235338663,0.2487669716385873,12.217,57.1
34554,1994-08-12 00:00:00,0.0913001041669744,-0.1143946242707521,0.296994832604701,12.217,57.1
34555,1994-08-13 00:00:00,0.1009521010195211,-0.1045631845579196,0.3064673865969619,12.217,57.1
34556,1994-08-14 00:00:00,0.2377045002588389,0.0311172021498594,0.4442917983678184,12.217,57.1
34557,1994-08-15 00:00:00,0.2113509438092872,0.0038469540483314,0.418854933570243,12.217,57.1
34558,1994-08-16 00:00:00,0.0674296446711815,-0.1388380345675154,0.2736973239098784,12.217,57.1
34559,1994-08-17 00:00:00,0.0592338525249263,-0.1463002335881225,0.2647679386379752,12.217,57.1
34560,1994-08-18 00:00:00,0.1687467615134932,-0.0369041155830652,0.3743976386100517,12.217,57.1
34561,1994-08-19 00:00:00,0.0791132242687727,-0.1270109436378926,0.2852373921754382,12.217,57.1
34562,1994-08-20 00:00:00,0.0484471566117347,-0.1581006212129006,0.2549949344363701,12.217,57.1
34563,1994-08-21 00:00:00,0.0525296543639557,-0.1533793692770005,0.2584386780049121,12.217,57.1
34564,1994-08-22 00:00:00,0.0567918892295147,-0.1487956989836895,0.262379477442719,12.217,57.1
34565,1994-08-23 00:00:00,0.0018743946864037,-0.2036061888536848,0.2073549782264924,12.217,57.1
34566,1994-08-24 00:00:00,0.0268498084933692,-0.1786295247645194,0.2323291417512579,12.217,57.1
34567,1994-08-25 00:00:00,0.1505245539917105,-0.0551635072705554,0.3562126152539766,12.217,57.1
34568,1994-08-26 00:00:00,0.1055267466280245,-0.1002870127110159,0.3113405059670651,12.217,57.1
34569,1994-08-27 00:00:00,0.1033577486008123,-0.1027070296201019,0.3094225268217266,12.217,57.1
34570,1994-08-28 00:00:00,0.2861690564341555,0.0797044230626173,0.4926336898056938,12.217,57.1
34571,1994-08-29 00:00:00,0.348771490423591,0.1421364275537951,0.5554065532933871,12.217,57.1
34572,1994-08-30 00:00:00,0.2646068976422053,0.0580922180121567,0.4711215772722538,12.217,57.1
34573,1994-08-31 00:00:00,0.1133817086976496,-0.0923059919323974,0.3190694093276967,12.217,57.1
34574,1994-09-01 00:00:00,0.0210343761032529,-0.1845094036117292,0.2265781558182351,12.217,57.1
34575,1994-09-02 00:00:00,0.0325079413358955,-0.1735858187653975,0.2386017014371887,12.217,57.1
34576,1994-09-03 00:00:00,0.0259338102327242,-0.1801061605647351,0.2319737810301836,12.217,57.1
34577,1994-09-04 00:00:00,0.0076717381534137,-0.1981562345480443,0.2134997108548718,12.217,57.1
34578,1994-09-05 00:00:00,0.0572822256713388,-0.1486170140046934,0.2631814653473711,12.217,57.1
34579,1994-09-06 00:00:00,0.0802956162806201,-0.1253977563425931,0.2859889889038334,12.217,57.1
34580,1994-09-07 00:00:00,0.1217040594323437,-0.0838614416584588,0.3272695605231464,12.217,57.1
34581,1994-09-08 00:00:00,0.1051250731616338,-0.1002977165133686,0.3105478628366362,12.217,57.1
34582,1994-09-09 00:00:00,0.1050087902201913,-0.1008077546618602,0.3108253351022431,12.217,57.1
34583,1994-09-10 00:00:00,0.3761161203182294,0.1621896990395459,0.5900425415969128,12.217,57.1
34584,1994-09-11 00:00:00,0.4261987756477295,0.2178004080746231,0.6345971432208358,12.217,57.1
34585,1994-09-12 00:00:00,0.3444786794100035,0.1383647333814878,0.5505926254385192,12.217,57.1
34586,1994-09-13 00:00:00,0.1386616764797682,-0.0670731563698308,0.3443965093293673,12.217,57.1
34587,1994-09-14 00:00:00,0.1967470859907072,-0.0097819219353304,0.403276093916745,12.217,57.1
34588,1994-09-15 00:00:00,0.0457201828866999,-0.1607141478135883,0.2521545135869882,12.217,57.1
34589,1994-09-16 00:00:00,0.4115534671754031,0.1895703138508108,0.6335366204999953,12.217,57.1
34590,1994-09-17 00:00:00,0.2752487735771503,0.0572231161760112,0.4932744309782892,12.217,57.1
34591,1994-09-18 00:00:00,0.0372045288782637,-0.1726967351460128,0.2471057929025404,12.217,57.1
34592,1994-09-19 00:00:00,-0.0671906660204938,-0.2760237247593358,0.141642392718348,12.217,57.1
34593,1994-09-20 00:00:00,8.537140936258625e-06,-0.2058861414517183,0.2059032157335909,12.217,57.1
34594,1994-09-21 00:00:00,-0.0164521257303962,-0.2220118701439375,0.189107618683145,12.217,57.1
34595,1994-09-22 00:00:00,-0.0427186015073898,-0.249042167402739,0.1636049643879593,12.217,57.1
34596,1994-09-23 00:00:00,-0.023857919030553,-0.2299153221407128,0.1821994840796067,12.217,57.1
34597,1994-09-24 00:00:00,0.0267630677055229,-0.1787032291162922,0.2322293645273381,12.217,57.1
34598,1994-09-25 00:00:00,-0.0175769228777737,-0.2234668319429799,0.1883129861874324,12.217,57.1
34599,1994-09-26 00:00:00,0.0105006288443789,-0.195169673426589,0.2161709311153468,12.217,57.1
34600,1994-09-27 00:00:00,0.1725795933907821,-0.0330577480988696,0.3782169348804339,12.217,57.1
34601,1994-09-28 00:00:00,0.5846087831901448,0.3761378298780835,0.793079736502206,12.217,57.1
34602,1994-09-29 00:00:00,0.1592649890131818,-0.0489171308121575,0.3674471088385213,12.217,57.1
34603,1994-09-30 00:00:00,0.0967001868469501,-0.1101738251658883,0.3035741988597886,12.217,57.1
34604,1994-10-01 00:00:00,0.3490022966794911,0.1423684007434053,0.5556361926155768,12.217,57.1
34605,1994-10-02 00:00:00,0.0613440256180259,-0.1465248278440568,0.2692128790801087,12.217,57.1
34606,1994-10-03 00:00:00,0.1653655603076425,-0.0406198080933438,0.3713509287086289,12.217,57.1
34607,1994-10-04 00:00:00,0.2704864480515728,0.0636427070116518,0.4773301890914937,12.217,57.1
34608,1994-10-05 00:00:00,0.115950647757695,-0.0900116168114508,0.3219129123268409,12.217,57.1
34609,1994-10-06 00:00:00,-0.0324895651845765,-0.2383390491258033,0.1733599187566503,12.217,57.1
34610,1994-10-07 00:00:00,0.1794128733360387,-0.026799257241439,0.3856250039135164,12.217,57.1
34611,1994-10-08 00:00:00,0.1326997455815268,-0.0734193206187806,0.3388188117818343,12.217,57.1
34612,1994-10-09 00:00:00,0.0915644840905564,-0.1140159584028445,0.2971449265839575,12.217,57.1
34613,1994-10-10 00:00:00,-0.0491665613503125,-0.2548712967863051,0.1565381740856798,12.217,57.1
34614,1994-10-11 00:00:00,-0.0309008046628731,-0.2366488892213492,0.174847279895603,12.217,57.1
34615,1994-10-12 00:00:00,0.2559904775742225,0.049324958031441,0.4626559971170039,12.217,57.1
34616,1994-10-13 00:00:00,0.1558588357186422,-0.0512330994847511,0.3629507709220356,12.217,57.1
34617,1994-10-14 00:00:00,0.1135973822689303,-0.0924042253192127,0.3195989898570735,12.217,57.1
34618,1994-10-15 00:00:00,0.110290372436402,-0.0953351236920981,0.3159158685649021,12.217,57.1
34619,1994-10-16 00:00:00,0.0424985779592897,-0.163755880025674,0.2487530359442535,12.217,57.1
34620,1994-10-17 00:00:00,-0.0424748268586842,-0.2486416388010627,0.1636919850836941,12.217,57.1
34621,1994-10-18 00:00:00,-0.1225274771457473,-0.3284057014972836,0.0833507472057888,12.217,57.1
34622,1994-10-19 00:00:00,-0.0074239173317651,-0.2129394636917579,0.1980916290282275,12.217,57.1
34623,1994-10-20 00:00:00,-0.0206622698516333,-0.2268372548724403,0.1855127151691737,12.217,57.1
34624,1994-10-21 00:00:00,-0.0388461731060635,-0.2453129192293719,0.1676205730172449,12.217,57.1
34625,1994-10-22 00:00:00,0.1075475363383251,-0.098758138282136,0.3138532109587862,12.217,57.1
34626,1994-10-23 00:00:00,0.2298445393015425,0.0234022072471623,0.4362868713559228,12.217,57.1
34627,1994-10-24 00:00:00,0.268226233696996,0.0622230079610967,0.4742294594328953,12.217,57.1
34628,1994-10-25 00:00:00,0.1916946132271836,-0.0139310583723053,0.3973202848266727,12.217,57.1
34629,1994-10-26 00:00:00,0.1921801414606802,-0.0134998552298548,0.3978601381512152,12.217,57.1
34630,1994-10-27 00:00:00,0.1821866429023792,-0.0236233908830983,0.3879966766878568,12.217,57.1
34631,1994-10-28 00:00:00,0.1598637322795063,-0.045817992716975,0.3655454572759876,12.217,57.1
34632,1994-10-29 00:00:00,0.1789791048385218,-0.0265893654118639,0.3845475750889077,12.217,57.1
34633,1994-10-30 00:00:00,0.1814626303784896,-0.0242711552562164,0.3871964160131957,12.217,57.1
34634,1994-10-31 00:00:00,0.155813555185925,-0.0502517052314503,0.3618788156033003,12.217,57.1
34635,1994-11-01 00:00:00,0.3202940714644068,0.1137004495532399,0.5268876933755738,12.217,57.1
34636,1994-11-02 00:00:00,0.3902210407971923,0.1838872291593933,0.5965548524349913,12.217,57.1
34637,1994-11-03 00:00:00,0.031402150135807,-0.174713651949799,0.2375179522214131,12.217,57.1
34638,1994-11-04 00:00:00,0.0237241686030753,-0.1823545672092378,0.2298029044153886,12.217,57.1
34639,1994-11-05 00:00:00,0.0476415199541747,-0.158431078086016,0.2537141179943656,12.217,57.1
34640,1994-11-06 00:00:00,0.0599411468647881,-0.1460996183994884,0.2659819121290647,12.217,57.1
34641,1994-11-07 00:00:00,0.0755027595245171,-0.1301944786288554,0.2811999976778896,12.217,57.1
34642,1994-11-08 00:00:00,-0.0245261428350624,-0.2299748579812469,0.180922572311122,12.217,57.1
34643,1994-11-09 00:00:00,-0.0139048300290827,-0.2193247350320124,0.1915150749738469,12.217,57.1
34644,1994-11-10 00:00:00,0.0377257934119476,-0.1677080749882723,0.2431596618121677,12.217,57.1
34645,1994-11-11 00:00:00,0.0192035678417886,-0.1864773187147232,0.2248844543983006,12.217,57.1
34646,1994-11-12 00:00:00,-0.0723316739032239,-0.2781763485461374,0.1335130007396895,12.217,57.1
34647,1994-11-13 00:00:00,-0.0018494195483807,-0.2076339049137312,0.2039350658169696,12.217,57.1
34648,1994-11-14 00:00:00,0.1623825895597018,-0.0447038206961726,0.3694689998155762,12.217,57.1
34649,1994-11-15 00:00:00,0.6069473659206588,0.3973394259032751,0.8165553059380425,12.217,57.1
34650,1994-11-16 00:00:00,0.5964612578820605,0.3894891300916552,0.8034333856724658,12.217,57.1
34651,1994-11-17 00:00:00,0.230846703833337,0.0236898121799401,0.4380035954867338,12.217,57.1
34652,1994-11-18 00:00:00,0.2142151950441204,0.0080786380999382,0.4203517519883026,12.217,57.1
34653,1994-11-19 00:00:00,0.0224369702026017,-0.1836757434441762,0.2285496838493798,12.217,57.1
34654,1994-11-20 00:00:00,0.1671824426013315,-0.0391969513114948,0.3735618365141578,12.217,57.1
34655,1994-11-21 00:00:00,0.3282673764486909,0.1216101760928189,0.5349245768045628,12.217,57.1
34656,1994-11-22 00:00:00,0.1133685754602054,-0.0926192588457963,0.3193564097662072,12.217,57.1
34657,1994-11-23 00:00:00,0.2289429272967008,0.0231343522878466,0.434751502305555,12.217,57.1
34658,1994-11-24 00:00:00,0.4339038897542554,0.2250467573120521,0.6427610221964588,12.217,57.1
34659,1994-11-25 00:00:00,0.2365240752705615,0.0273747662235386,0.4456733843175845,12.217,57.1
34660,1994-11-26 00:00:00,-0.0397096236916998,-0.2458808359521273,0.1664615885687277,12.217,57.1
34661,1994-11-27 00:00:00,-0.0022965969096125,-0.207934526342449,0.2033413325232238,12.217,57.1
34662,1994-11-28 00:00:00,0.1185545505366366,-0.0873021082442546,0.3244112093175278,12.217,57.1
34663,1994-11-29 00:00:00,0.2547731668616877,0.0470518611766963,0.4624944725466792,12.217,57.1
34664,1994-11-30 00:00:00,-0.0630544027939001,-0.2701673921711086,0.1440585865833084,12.217,57.1
34665,1994-12-01 00:00:00,-0.0329679331732837,-0.2385952810402791,0.1726594146937116,12.217,57.1
34666,1994-12-02 00:00:00,-0.009532290693707,-0.2151428826635346,0.1960783012761205,12.217,57.1
34667,1994-12-03 00:00:00,-0.005481807167006,-0.2110688961151706,0.2001052817811585,12.217,57.1
34668,1994-12-04 00:00:00,0.0998418518392195,-0.1058961092985869,0.3055798129770259,12.217,57.1
34669,1994-12-05 00:00:00,0.1208302873068631,-0.0851921018077104,0.3268526764214366,12.217,57.1
34670,1994-12-06 00:00:00,0.2015206113638221,-0.0048275168404037,0.407868739568048,12.217,57.1
34671,1994-12-07 00:00:00,0.3541026010428986,0.147371680415627,0.5608335216701701,12.217,57.1
34672,1994-12-08 00:00:00,0.2879696893596914,0.0812075505954579,0.494731828123925,12.217,57.1
34673,1994-12-09 00:00:00,0.4024982952692151,0.1919074975542244,0.6130890929842058,12.217,57.1
34674,1994-12-10 00:00:00,0.2906792270510084,0.0821322227284584,0.4992262313735583,12.217,57.1
34675,1994-12-11 00:00:00,0.3736349731057903,0.1648603159538119,0.5824096302577688,12.217,57.1
34676,1994-12-12 00:00:00,0.3454447148325004,0.1358725839311629,0.5550168457338379,12.217,57.1
34677,1994-12-13 00:00:00,0.2336430800077005,0.0270575350268588,0.4402286249885422,12.217,57.1
34678,1994-12-14 00:00:00,0.0668089317850828,-0.1394540754767535,0.2730719390469192,12.217,57.1
34679,1994-12-15 00:00:00,-0.1009902921659371,-0.3071471261939577,0.1051665418620833,12.217,57.1
34680,1994-12-16 00:00:00,0.0121946322942962,-0.1935808258093028,0.2179700903978953,12.217,57.1
34681,1994-12-17 00:00:00,0.1474707560868517,-0.0591403613483279,0.3540818735220313,12.217,57.1
34682,1994-12-18 00:00:00,0.1001421056707363,-0.1065479493850661,0.3068321607265388,12.217,57.1
34683,1994-12-19 00:00:00,0.2204763124487815,0.0126157621844565,0.4283368627131064,12.217,57.1
34684,1994-12-20 00:00:00,0.2872254726208138,0.080552567166644,0.4938983780749836,12.217,57.1
34685,1994-12-21 00:00:00,0.1690899388645755,-0.0366617180693787,0.3748415957985299,12.217,57.1
34686,1994-12-22 00:00:00,-0.0296858395131342,-0.2353092803016039,0.1759376012753353,12.217,57.1
34687,1994-12-23 00:00:00,-0.0679679440154765,-0.2736091647763919,0.1376732767454389,12.217,57.1
34688,1994-12-24 00:00:00,0.0934167793426285,-0.1125437782649347,0.2993773369501918,12.217,57.1
34689,1994-12-25 00:00:00,0.1717252916483465,-0.0344024526506569,0.3778530359473501,12.217,57.1
34690,1994-12-26 00:00:00,0.218555165183746,0.0122286422105718,0.4248816881569202,12.217,57.1
34691,1994-12-27 00:00:00,0.331505344435559,0.1243025526606151,0.5387081362105028,12.217,57.1
34692,1994-12-28 00:00:00,0.6734781725317819,0.4615168715993879,0.8854394734641758,12.217,57.1
34693,1994-12-29 00:00:00,0.2199683831326259,0.0128461210249543,0.4270906452402975,12.217,57.1
34694,1994-12-30 00:00:00,0.4756441563749867,0.2685381691969273,0.6827501435530461,12.217,57.1
34695,1994-12-31 00:00:00,0.4339406822409524,0.2272179585984395,0.6406634058834654,12.217,57.1
34696,1995-01-01 00:00:00,0.3907896004811074,0.1847012506816948,0.5968779502805199,12.217,57.1
34697,1995-01-02 00:00:00,0.2608965298259638,0.0522391953556355,0.4695538642962921,12.217,57.1
34698,1995-01-03 00:00:00,-0.0479404593079095,-0.25899275706556,0.1631118384497409,12.217,57.1
34699,1995-01-04 00:00:00,-0.1729711203567929,-0.3801229599636967,0.0341807192501109,12.217,57.1
34700,1995-01-05 00:00:00,0.0087514450914472,-0.1970384446026138,0.2145413347855083,12.217,57.1
34701,1995-01-06 00:00:00,0.1238808104354308,-0.0825254761239309,0.3302870969947926,12.217,57.1
34702,1995-01-07 00:00:00,0.0785401632120534,-0.1278840701866005,0.2849643966107075,12.217,57.1
34703,1995-01-08 00:00:00,0.0159957227622352,-0.1902053172664096,0.22219676279088,12.217,57.1
34704,1995-01-09 00:00:00,0.2185024372056881,0.0111848168832672,0.4258200575281089,12.217,57.1
34705,1995-01-10 00:00:00,0.3329776467212143,0.1224958633570816,0.543459430085347,12.217,57.1
34706,1995-01-11 00:00:00,0.3513550725197698,0.1406311601113704,0.5620789849281692,12.217,57.1
34707,1995-01-12 00:00:00,0.0577157583544183,-0.1499702603313721,0.2654017770402087,12.217,57.1
34708,1995-01-13 00:00:00,-0.141030944114082,-0.3503974675782432,0.068335579350079,12.217,57.1
34709,1995-01-14 00:00:00,0.0072949887665089,-0.1992405570809314,0.2138305346139493,12.217,57.1
34710,1995-01-15 00:00:00,0.2445364215006443,0.0386861089939081,0.4503867340073806,12.217,57.1
34711,1995-01-16 00:00:00,0.0508153290744614,-0.1553627297308176,0.2569933878797405,12.217,57.1
34712,1995-01-17 00:00:00,0.1422278543127812,-0.0646494948325001,0.3491052034580626,12.217,57.1
34713,1995-01-18 00:00:00,0.2766826257597068,0.0691456674736704,0.4842195840457433,12.217,57.1
34714,1995-01-19 00:00:00,0.256962006157111,0.0502218724702288,0.4637021398439931,12.217,57.1
34715,1995-01-20 00:00:00,0.1707618014915385,-0.0363370600384753,0.3778606630215525,12.217,57.1
34716,1995-01-21 00:00:00,0.31045035270519,0.1017597633306839,0.5191409420796962,12.217,57.1
34717,1995-01-22 00:00:00,0.2598137979306907,0.051425507313575,0.4682020885478063,12.217,57.1
34718,1995-01-23 00:00:00,0.3768023979123376,0.1678537631422754,0.5857510326823998,12.217,57.1
34719,1995-01-24 00:00:00,0.4178573150169817,0.2102353978421267,0.6254792321918368,12.217,57.1
34720,1995-01-25 00:00:00,0.4007688650878045,0.1937867872863854,0.6077509428892236,12.217,57.1
34721,1995-01-26 00:00:00,0.2829575033344367,0.0769268946747173,0.4889881119941561,12.217,57.1
34722,1995-01-27 00:00:00,0.1557970860784313,-0.0510987816065882,0.3626929537634508,12.217,57.1
34723,1995-01-28 00:00:00,0.1474937807367275,-0.0591749363580024,0.3541624978314575,12.217,57.1
34724,1995-01-29 00:00:00,0.2274087951091832,0.021191342439877,0.4336262477784894,12.217,57.1
34725,1995-01-30 00:00:00,0.1009175829471396,-0.1052062428586223,0.3070414087529017,12.217,57.1
34726,1995-01-31 00:00:00,-0.0614167569929756,-0.2677591832335476,0.1449256692475962,12.217,57.1
34727,1995-02-01 00:00:00,0.2222890803776308,0.0122924348470148,0.4322857259082469,12.217,57.1
34728,1995-02-02 00:00:00,0.5240086401247682,0.3136550426592929,0.7343622375902435,12.217,57.1
34729,1995-02-03 00:00:00,0.0566169898298522,-0.1508502760025033,0.2640842556622078,12.217,57.1
34730,1995-02-04 00:00:00,0.2802575678691515,0.0729314417134862,0.4875836940248169,12.217,57.1
34731,1995-02-05 00:00:00,0.4243386061737246,0.217250549816757,0.6314266625306921,12.217,57.1
34732,1995-02-06 00:00:00,0.2250789588973845,0.0189095652735141,0.4312483525212549,12.217,57.1
34733,1995-02-07 00:00:00,0.662477308270104,0.4543744549130984,0.8705801616271096,12.217,57.1
34734,1995-02-08 00:00:00,0.3946882705825421,0.1867352484668716,0.6026412926982125,12.217,57.1
34735,1995-02-09 00:00:00,0.2283676804850631,0.0218317943325587,0.4349035666375675,12.217,57.1
34736,1995-02-10 00:00:00,0.1739791405242084,-0.0319240520145854,0.3798823330630023,12.217,57.1
34737,1995-02-11 00:00:00,0.150257027006023,-0.055423275013697,0.3559373290257431,12.217,57.1
34738,1995-02-12 00:00:00,0.1715675842373625,-0.0345565808790574,0.3776917493537824,12.217,57.1
34739,1995-02-13 00:00:00,0.5595604852418965,0.3489507146985995,0.7701702557851935,12.217,57.1
34740,1995-02-14 00:00:00,0.1973298593220658,-0.0097592079783536,0.4044189266224854,12.217,57.1
34741,1995-02-15 00:00:00,0.2381024637661472,0.0319746779529314,0.4442302495793629,12.217,57.1
34742,1995-02-16 00:00:00,0.3097974770942711,0.102784378659276,0.5168105755292662,12.217,57.1
34743,1995-02-17 00:00:00,0.350826150984639,0.144512965057555,0.557139336911723,12.217,57.1
34744,1995-02-18 00:00:00,0.3769478342604813,0.1690387104168541,0.5848569581041084,12.217,57.1
34745,1995-02-19 00:00:00,0.2199631880933509,0.0141050089745312,0.4258213672121705,12.217,57.1
34746,1995-02-20 00:00:00,0.3400752379926036,0.1327383393401758,0.5474121366450313,12.217,57.1
34747,1995-02-21 00:00:00,0.3042529269889633,0.0973867605948049,0.5111190933831217,12.217,57.1
34748,1995-02-22 00:00:00,0.3920237688427671,0.1854157589021337,0.5986317787834006,12.217,57.1
34749,1995-02-23 00:00:00,0.3217053332000949,0.1127887601501216,0.5306219062500682,12.217,57.1
34750,1995-02-24 00:00:00,0.4558391354196439,0.2473558264583266,0.6643224443809611,12.217,57.1
34751,1995-02-25 00:00:00,0.3129998925338836,0.1068342585833214,0.5191655264844457,12.217,57.1
34752,1995-02-26 00:00:00,0.1751741671617802,-0.0305429146902392,0.3808912490137996,12.217,57.1
34753,1995-02-27 00:00:00,0.0659114870122553,-0.1399000107467431,0.2717229847712538,12.217,57.1
34754,1995-02-28 00:00:00,0.1641558717229398,-0.0426023728551138,0.3709141163009937,12.217,57.1
34755,1995-03-01 00:00:00,0.4231775456195142,0.2139656903902639,0.6323894008487645,12.217,57.1
34756,1995-03-02 00:00:00,0.2705006955917278,0.0625820901420488,0.4784193010414068,12.217,57.1
34757,1995-03-03 00:00:00,0.3281301118880261,0.1214935526920145,0.5347666710840377,12.217,57.1
34758,1995-03-04 00:00:00,0.2620596537207427,0.055443225636096,0.4686760818053893,12.217,57.1
34759,1995-03-05 00:00:00,0.1458438035133068,-0.0607336026746452,0.3524212097012589,12.217,57.1
34760,1995-03-06 00:00:00,0.3463593757399675,0.1398313965549264,0.5528873549250085,12.217,57.1
34761,1995-03-07 00:00:00,0.1979479388586707,-0.008131315128276,0.4040271928456175,12.217,57.1
34762,1995-03-08 00:00:00,0.1379945294575718,-0.0682034649159776,0.3441925238311213,12.217,57.1
34763,1995-03-09 00:00:00,0.208215925439665,0.0020794267352314,0.4143524241440985,12.217,57.1
34764,1995-03-10 00:00:00,0.0001217752961176,-0.2057170875288708,0.205960638121106,12.217,57.1
34765,1995-03-11 00:00:00,-0.0082650333561544,-0.2138389241051528,0.1973088573928439,12.217,57.1
34766,1995-03-12 00:00:00,0.0133534810854152,-0.1924056210140847,0.2191125831849151,12.217,57.1
34767,1995-03-13 00:00:00,-0.0419710183182504,-0.2477653077871002,0.1638232711505994,12.217,57.1
34768,1995-03-14 00:00:00,-0.0163290200755997,-0.2221536836751307,0.1894956435239312,12.217,57.1
34769,1995-03-15 00:00:00,0.1699612165388995,-0.0367589385402942,0.3766813716180933,12.217,57.1
34770,1995-03-16 00:00:00,0.2557182152581898,0.0492679901480825,0.4621684403682969,12.217,57.1
34771,1995-03-17 00:00:00,0.1927771725435811,-0.0131191097738418,0.3986734548610041,12.217,57.1
34772,1995-03-18 00:00:00,0.4320991392825652,0.2231853794847143,0.6410128990804161,12.217,57.1
34773,1995-03-19 00:00:00,0.687410243930517,0.4789133045621722,0.8959071832988618,12.217,57.1
34774,1995-03-20 00:00:00,0.5308000972304041,0.3237708118225723,0.7378293826382359,12.217,57.1
34775,1995-03-21 00:00:00,0.2418921875559569,0.034412886745583,0.4493714883663309,12.217,57.1
34776,1995-03-22 00:00:00,0.0496492113461434,-0.1584246422382734,0.2577230649305604,12.217,57.1
34777,1995-03-23 00:00:00,0.1394238788306772,-0.0666399495412903,0.3454877072026448,12.217,57.1
34778,1995-03-24 00:00:00,0.207981626959254,0.0021947150113887,0.4137685389071192,12.217,57.1
34779,1995-03-25 00:00:00,0.3331920016502476,0.1250543131989118,0.5413296901015835,12.217,57.1
34780,1995-03-26 00:00:00,0.3795076388878934,0.1721832068728471,0.5868320709029398,12.217,57.1
34781,1995-03-27 00:00:00,0.5335153659323775,0.3245635110840156,0.7424672207807393,12.217,57.1
34782,1995-03-28 00:00:00,0.3966303680441952,0.1802521384674083,0.6130085976209821,12.217,57.1
34783,1995-03-29 00:00:00,0.130588264206998,-0.0772168029090002,0.3383933313229963,12.217,57.1
34784,1995-03-30 00:00:00,0.0152290176098547,-0.191276496660703,0.2217345318804125,12.217,57.1
34785,1995-03-31 00:00:00,0.0179538639933717,-0.1878655483531739,0.2237732763399175,12.217,57.1
34786,1995-04-01 00:00:00,0.149810828247024,-0.0564992919005709,0.356120948394619,12.217,57.1
34787,1995-04-02 00:00:00,0.2849062317513023,0.0783328413806134,0.4914796221219911,12.217,57.1
34788,1995-04-03 00:00:00,0.3076414895725168,0.0990582778296254,0.5162247013154083,12.217,57.1
34789,1995-04-04 00:00:00,0.1546871341794936,-0.0513917565882037,0.360766024947191,12.217,57.1
34790,1995-04-05 00:00:00,0.1288742272873159,-0.0773005932423948,0.3350490478170267,12.217,57.1
34791,1995-04-06 00:00:00,0.1334014883053103,-0.072627632497401,0.3394306091080216,12.217,57.1
34792,1995-04-07 00:00:00,0.1806084300916892,-0.0253221547693682,0.3865390149527468,12.217,57.1
34793,1995-04-08 00:00:00,0.4031970199234001,0.1912292779140233,0.6151647619327769,12.217,57.1
34794,1995-04-09 00:00:00,0.0967488235841649,-0.1193198297409502,0.3128174769092802,12.217,57.1
34795,1995-04-10 00:00:00,0.0238767307908812,-0.1821537215861681,0.2299071831679306,12.217,57.1
34796,1995-04-11 00:00:00,0.0480752709152485,-0.1574715916870256,0.2536221335175228,12.217,57.1
34797,1995-04-12 00:00:00,0.0064197357260256,-0.1991354273888191,0.2119748988408703,12.217,57.1
34798,1995-04-13 00:00:00,-0.0633335509713519,-0.2689428898925332,0.1422757879498292,12.217,57.1
34799,1995-04-14 00:00:00,-0.0622087753109614,-0.2678375947080671,0.1434200440861441,12.217,57.1
34800,1995-04-15 00:00:00,0.0118921051250697,-0.1936825985657135,0.2174668088158531,12.217,57.1
34801,1995-04-16 00:00:00,0.1085973501702934,-0.0971940406091198,0.3143887409497067,12.217,57.1
34802,1995-04-17 00:00:00,0.1128224663037415,-0.0929268092057761,0.3185717418132592,12.217,57.1
34803,1995-04-18 00:00:00,0.2225246941754249,0.0167994704558805,0.4282499178949693,12.217,57.1
34804,1995-04-19 00:00:00,0.2371753187316403,0.0294860865807558,0.4448645508825247,12.217,57.1
34805,1995-04-20 00:00:00,0.1561687394114985,-0.0509543347395299,0.3632918135625269,12.217,57.1
34806,1995-04-21 00:00:00,0.1121345333534192,-0.0938466423393877,0.3181157090462262,12.217,57.1
34807,1995-04-22 00:00:00,-0.0449214872546917,-0.2508749229806375,0.1610319484712541,12.217,57.1
34808,1995-04-23 00:00:00,-0.017719827666281,-0.2244499382340897,0.1890102829015276,12.217,57.1
34809,1995-04-24 00:00:00,-0.1310247787289681,-0.3373791473672443,0.075329589909308,12.217,57.1
34810,1995-04-25 00:00:00,-0.0726685705155864,-0.2783918847161579,0.1330547436849851,12.217,57.1
34811,1995-04-26 00:00:00,0.0098751635485509,-0.1962156032657488,0.2159659303628507,12.217,57.1
34812,1995-04-27 00:00:00,0.0439194089054271,-0.1623670195359917,0.250205837346846,12.217,57.1
34813,1995-04-28 00:00:00,-0.0342052914591835,-0.2407767764793569,0.1723661935609899,12.217,57.1
34814,1995-04-29 00:00:00,0.003212615843761,-0.2027474614255909,0.2091726931131129,12.217,57.1
34815,1995-04-30 00:00:00,0.0129822310780078,-0.1926303265221735,0.2185947886781893,12.217,57.1
34816,1995-05-01 00:00:00,-0.0277865160315781,-0.233306531011444,0.1777334989482878,12.217,57.1
34817,1995-05-02 00:00:00,-0.0384821203317781,-0.2440410986072579,0.1670768579437015,12.217,57.1
34818,1995-05-03 00:00:00,0.0074254147369239,-0.1981534575607933,0.2130042870346412,12.217,57.1
34819,1995-05-04 00:00:00,0.001589445404204,-0.2041121196377265,0.2072910104461346,12.217,57.1
34820,1995-05-05 00:00:00,0.0142061751850139,-0.1912890687694354,0.2197014191394634,12.217,57.1
34821,1995-05-06 00:00:00,0.0982728544272917,-0.1072449609864317,0.3037906698410152,12.217,57.1
34822,1995-05-07 00:00:00,0.1138856860939505,-0.0918374620710887,0.3196088342589898,12.217,57.1
34823,1995-05-08 00:00:00,0.1178426484596618,-0.0881175306212379,0.3238028275405616,12.217,57.1
34824,1995-05-09 00:00:00,0.1092998666009033,-0.0968233859716658,0.3154231191734726,12.217,57.1
34825,1995-05-10 00:00:00,0.0102184649009182,-0.1958893143835344,0.2163262441853708,12.217,57.1
34826,1995-05-11 00:00:00,0.0468120119312209,-0.1588750822214941,0.2524991060839361,12.217,57.1
34827,1995-05-12 00:00:00,0.0639644228851967,-0.1417634883206514,0.269692334091045,12.217,57.1
34828,1995-05-13 00:00:00,2.854639307984293e-05,-0.2056125297421089,0.2056696225282686,12.217,57.1
34829,1995-05-14 00:00:00,0.0297832770501995,-0.1800005466561609,0.2395671007565599,12.217,57.1
34830,1995-05-15 00:00:00,0.0470811968346253,-0.164683587268655,0.2588459809379058,12.217,57.1
34831,1995-05-16 00:00:00,0.2185804072385391,0.0126058029549454,0.4245550115221327,12.217,57.1
34832,1995-05-17 00:00:00,0.1748910724686598,-0.0309829802196544,0.3807651251569739,12.217,57.1
34833,1995-05-18 00:00:00,0.0453557011015032,-0.1608322352511738,0.2515436374541804,12.217,57.1
34834,1995-05-19 00:00:00,0.1070103338968482,-0.1001385969127604,0.3141592647064569,12.217,57.1
34835,1995-05-20 00:00:00,0.0844021309858312,-0.1212550739957063,0.2900593359673687,12.217,57.1
34836,1995-05-21 00:00:00,0.0258579733326871,-0.1801402766186735,0.2318562232840477,12.217,57.1
34837,1995-05-22 00:00:00,0.0465475149313291,-0.1599285602261922,0.2530235900888504,12.217,57.1
34838,1995-05-23 00:00:00,0.0421239974166014,-0.1636079319878071,0.24785592682101,12.217,57.1
34839,1995-05-24 00:00:00,0.0799096837874151,-0.1256214941061492,0.2854408616809795,12.217,57.1
34840,1995-05-25 00:00:00,0.0297147283919508,-0.1757362426892634,0.2351656994731652,12.217,57.1
34841,1995-05-26 00:00:00,0.0322394227700387,-0.1732953202591302,0.2377741657992076,12.217,57.1
34842,1995-05-27 00:00:00,0.0293132285370953,-0.176239524816873,0.2348659818910637,12.217,57.1
34843,1995-05-28 00:00:00,-0.0059079010945184,-0.2118076280201537,0.1999918258311167,12.217,57.1
34844,1995-05-29 00:00:00,0.0189915760840026,-0.1870489639289479,0.2250321160969533,12.217,57.1
34845,1995-05-30 00:00:00,0.0661415833545501,-0.1394822281867398,0.27176539489584,12.217,57.1
34846,1995-05-31 00:00:00,-0.02097308510688,-0.2266378632043377,0.1846916929905777,12.217,57.1
34847,1995-06-01 00:00:00,-0.0083020009322122,-0.2140581189884987,0.1974541171240742,12.217,57.1
34848,1995-06-02 00:00:00,0.0469201567382993,-0.1588937192217346,0.2527340326983332,12.217,57.1
34849,1995-06-03 00:00:00,0.093119326435849,-0.1127204572445624,0.2989591101162605,12.217,57.1
34850,1995-06-04 00:00:00,0.0816204776996523,-0.1238957641023183,0.287136719501623,12.217,57.1
34851,1995-06-05 00:00:00,0.0620469837535806,-0.1434231588021083,0.2675171263092697,12.217,57.1
34852,1995-06-06 00:00:00,0.0387561908769246,-0.1666459877569414,0.2441583695107907,12.217,57.1
34853,1995-06-07 00:00:00,0.0456656705058733,-0.1597645947687217,0.2510959357804684,12.217,57.1
34854,1995-06-08 00:00:00,0.1267040325798583,-0.0792479449192644,0.332656010078981,12.217,57.1
34855,1995-06-09 00:00:00,0.1745875107972337,-0.0333330125847806,0.3825080341792481,12.217,57.1
34856,1995-06-10 00:00:00,0.0923123409057368,-0.1148693322579286,0.2994940140694023,12.217,57.1
34857,1995-06-11 00:00:00,0.1079354233942731,-0.0976552704646152,0.3135261172531615,12.217,57.1
34858,1995-06-12 00:00:00,0.0462503567950626,-0.1593462182059921,0.2518469317961173,12.217,57.1
34859,1995-06-13 00:00:00,-0.0111286663693098,-0.2167453745484014,0.1944880418097817,12.217,57.1
34860,1995-06-14 00:00:00,0.0481766425628737,-0.1575911249726504,0.2539444100983979,12.217,57.1
34861,1995-06-15 00:00:00,0.083586243622234,-0.1225752148294833,0.2897477020739514,12.217,57.1
34862,1995-06-16 00:00:00,0.1313480743749435,-0.075212843488111,0.3379089922379981,12.217,57.1
34863,1995-06-17 00:00:00,0.1073614810308067,-0.0982725139212959,0.3129954759829093,12.217,57.1
34864,1995-06-18 00:00:00,0.1733795085112028,-0.0320964096642374,0.3788554266866429,12.217,57.1
34865,1995-06-19 00:00:00,0.4075235465618257,0.2008227233702995,0.6142243697533519,12.217,57.1
34866,1995-06-20 00:00:00,0.1768591342877916,-0.0306145809059897,0.384332849481573,12.217,57.1
34867,1995-06-21 00:00:00,0.0937285653480997,-0.1120714804369548,0.2995286111331544,12.217,57.1
34868,1995-06-22 00:00:00,0.0592912983237482,-0.1468204324512898,0.2654030290987864,12.217,57.1
34869,1995-06-23 00:00:00,0.067967116932593,-0.1407348482433423,0.2766690821085283,12.217,57.1
34870,1995-06-24 00:00:00,0.0142426700792659,-0.192776777993513,0.2212621181520448,12.217,57.1
34871,1995-06-25 00:00:00,-0.0072095086180486,-0.2133553915320927,0.1989363742959953,12.217,57.1
34872,1995-06-26 00:00:00,-0.0169452518706748,-0.2226881300479207,0.188797626306571,12.217,57.1
34873,1995-06-27 00:00:00,-0.0250569150171668,-0.2307814482675218,0.1806676182331881,12.217,57.1
34874,1995-06-28 00:00:00,-0.0050552409450829,-0.2106710222121345,0.2005605403219688,12.217,57.1
34875,1995-06-29 00:00:00,0.0598223343443856,-0.145944528050736,0.2655891967395073,12.217,57.1
34876,1995-06-30 00:00:00,0.0875130573351249,-0.1182720265728815,0.2932981412431313,12.217,57.1
34877,1995-07-01 00:00:00,0.0869203884485403,-0.1186323673024379,0.2924731441995186,12.217,57.1
34878,1995-07-02 00:00:00,0.059301035852876,-0.1464593737348509,0.265061445440603,12.217,57.1
34879,1995-07-03 00:00:00,0.1460625639010272,-0.0596274571431762,0.3517525849452307,12.217,57.1
34880,1995-07-04 00:00:00,0.1726320951558601,-0.033203494931149,0.3784676852428692,12.217,57.1
34881,1995-07-05 00:00:00,0.2916438377873818,0.0852586638429903,0.4980290117317732,12.217,57.1
34882,1995-07-06 00:00:00,0.1915020824505552,-0.0156707353961999,0.3986749002973104,12.217,57.1
34883,1995-07-07 00:00:00,0.1799672226520081,-0.0261626649025645,0.3860971102065808,12.217,57.1
34884,1995-07-08 00:00:00,0.090308025843296,-0.1156177174789121,0.2962337691655041,12.217,57.1
34885,1995-07-09 00:00:00,-0.0647705290063272,-0.2708387469428275,0.141297688930173,12.217,57.1
34886,1995-07-10 00:00:00,-0.0477381778667479,-0.253472338708314,0.1579959829748181,12.217,57.1
34887,1995-07-11 00:00:00,-0.0418991528395915,-0.2475225476356262,0.163724241956443,12.217,57.1
34888,1995-07-12 00:00:00,0.0063016133989578,-0.1993756986328205,0.2119789254307363,12.217,57.1
34889,1995-07-13 00:00:00,0.0715644233809782,-0.1340023015135754,0.277131148275532,12.217,57.1
34890,1995-07-14 00:00:00,0.0543230059776617,-0.1511728559411738,0.2598188678964974,12.217,57.1
34891,1995-07-15 00:00:00,0.0970732525759132,-0.1086136566918608,0.3027601618436873,12.217,57.1
34892,1995-07-16 00:00:00,0.0901469298071311,-0.1159662767496044,0.2962601363638666,12.217,57.1
34893,1995-07-17 00:00:00,-0.0120597131350134,-0.2179012831808102,0.1937818569107834,12.217,57.1
34894,1995-07-18 00:00:00,0.0979597518682643,-0.1075304419584135,0.3034499456949422,12.217,57.1
34895,1995-07-19 00:00:00,0.1584337039742294,-0.0471548678900286,0.3640222758384875,12.217,57.1
34896,1995-07-20 00:00:00,0.087546699188174,-0.1181998702542752,0.2932932686306234,12.217,57.1
34897,1995-07-21 00:00:00,0.1522385405963373,-0.0533081771457983,0.3577852583384729,12.217,57.1
34898,1995-07-22 00:00:00,0.1488883891190471,-0.0569038315645042,0.3546806098025984,12.217,57.1
34899,1995-07-23 00:00:00,0.1968269780251977,-0.0095201036220309,0.4031740596724265,12.217,57.1
34900,1995-07-24 00:00:00,0.0718757987839984,-0.1342028533092756,0.2779544508772725,12.217,57.1
34901,1995-07-25 00:00:00,0.1196655470314812,-0.0861872690736769,0.3255183631366393,12.217,57.1
34902,1995-07-26 00:00:00,-0.004044106095659,-0.2098011500417074,0.2017129378503893,12.217,57.1
34903,1995-07-27 00:00:00,0.0269698729955155,-0.1785887570465907,0.2325285030376219,12.217,57.1
34904,1995-07-28 00:00:00,0.0496947835677205,-0.1558413492550961,0.2552309163905372,12.217,57.1
34905,1995-07-29 00:00:00,0.0330169866936703,-0.1724536387242953,0.2384876121116359,12.217,57.1
34906,1995-07-30 00:00:00,-0.0009526316027445,-0.2063627755075026,0.2044575123020134,12.217,57.1
34907,1995-07-31 00:00:00,-0.0254619976178976,-0.2308834053795252,0.1799594101437299,12.217,57.1
34908,1995-08-01 00:00:00,-0.0099799935890685,-0.2154101066501704,0.1954501194720332,12.217,57.1
34909,1995-08-02 00:00:00,-0.0521285396636939,-0.2576194677239787,0.1533623883965909,12.217,57.1
34910,1995-08-03 00:00:00,-0.0046973678877248,-0.2101661695539452,0.2007714337784955,12.217,57.1
34911,1995-08-04 00:00:00,0.0384147869411238,-0.16716075230073,0.2439903261829778,12.217,57.1
34912,1995-08-05 00:00:00,0.0412322659991642,-0.1645279715803788,0.2469925035787074,12.217,57.1
34913,1995-08-06 00:00:00,0.0532786130446477,-0.1522357253381773,0.2587929514274728,12.217,57.1
34914,1995-08-07 00:00:00,0.0296498898410692,-0.1763168908002851,0.2356166704824237,12.217,57.1
34915,1995-08-08 00:00:00,0.026038265754325,-0.179974334629567,0.232050866138217,12.217,57.1
34916,1995-08-09 00:00:00,-0.0194723019982381,-0.22512202293466,0.1861774189381836,12.217,57.1
34917,1995-08-10 00:00:00,0.0301971664961368,-0.1752598593018788,0.2356541922941525,12.217,57.1
34918,1995-08-11 00:00:00,-0.0097189068998636,-0.2153325596576345,0.1958947458579072,12.217,57.1
34919,1995-08-12 00:00:00,-0.0087016576550985,-0.2142213564289513,0.1968180411187541,12.217,57.1
34920,1995-08-13 00:00:00,0.0756377728698084,-0.1298460848730987,0.2811216306127156,12.217,57.1
34921,1995-08-14 00:00:00,0.0880991888099456,-0.1176252531543623,0.2938236307742535,12.217,57.1
34922,1995-08-15 00:00:00,0.078346603145287,-0.1274717672004839,0.2841649734910579,12.217,57.1
34923,1995-08-16 00:00:00,0.0402148946205666,-0.1653120205512901,0.2457418097924233,12.217,57.1
34924,1995-08-17 00:00:00,0.0186759507996694,-0.1868168484753391,0.2241687500746781,12.217,57.1
34925,1995-08-18 00:00:00,0.026278361460046,-0.1790879623838295,0.2316446853039216,12.217,57.1
34926,1995-08-19 00:00:00,0.0311363044863361,-0.174225961859011,0.2364985708316833,12.217,57.1
34927,1995-08-20 00:00:00,0.0010828031344604,-0.2043807203793141,0.206546326648235,12.217,57.1
34928,1995-08-21 00:00:00,-0.0200522778540248,-0.2257051085767798,0.1856005528687302,12.217,57.1
34929,1995-08-22 00:00:00,0.0120847735679959,-0.1934929645339392,0.217662511669931,12.217,57.1
34930,1995-08-23 00:00:00,0.0674626833466086,-0.1381397898808873,0.2730651565741046,12.217,57.1
34931,1995-08-24 00:00:00,0.1025853084668034,-0.1029928613083357,0.3081634782419426,12.217,57.1
34932,1995-08-25 00:00:00,0.1972754800365221,-0.0084540342696164,0.4030049943426607,12.217,57.1
34933,1995-08-26 00:00:00,0.2482806478783007,0.0418848093366019,0.4546764864199994,12.217,57.1
34934,1995-08-27 00:00:00,0.1736560139323612,-0.033019705589514,0.3803317334542364,12.217,57.1
34935,1995-08-28 00:00:00,0.1095384686637643,-0.0963304850469368,0.3154074223744655,12.217,57.1
34936,1995-08-29 00:00:00,0.0359592411620242,-0.169777394544259,0.2416958768683075,12.217,57.1
34937,1995-08-30 00:00:00,0.022134417006389,-0.184085091925135,0.2283539259379131,12.217,57.1
34938,1995-08-31 00:00:00,-0.0170721305961962,-0.2239481693455994,0.1898039081532069,12.217,57.1
34939,1995-09-01 00:00:00,0.0238850275723989,-0.1852432003291891,0.233013255473987,12.217,57.1
34940,1995-09-02 00:00:00,-0.1311799419830821,-0.3410078102433148,0.0786479262771505,12.217,57.1
34941,1995-09-03 00:00:00,-0.0338497695737721,-0.2396385614406815,0.1719390222931372,12.217,57.1
34942,1995-09-04 00:00:00,0.1648633548038465,-0.0434174497879495,0.3731441593956426,12.217,57.1
34943,1995-09-05 00:00:00,0.1664122022889141,-0.0423866747885964,0.3752110793664248,12.217,57.1
34944,1995-09-06 00:00:00,0.1419152850827063,-0.06590122462906,0.3497317947944726,12.217,57.1
34945,1995-09-07 00:00:00,0.0770101729370539,-0.1285883976114774,0.2826087434855853,12.217,57.1
34946,1995-09-08 00:00:00,0.0785118898946339,-0.1271305165548455,0.2841542963441135,12.217,57.1
34947,1995-09-09 00:00:00,0.0274571643980788,-0.1783132642555649,0.2332275930517226,12.217,57.1
34948,1995-09-10 00:00:00,0.0770133655884202,-0.1291072078192751,0.2831339389961156,12.217,57.1
34949,1995-09-11 00:00:00,0.1368011721234443,-0.0697249363896864,0.3433272806365751,12.217,57.1
34950,1995-09-12 00:00:00,0.0763206511283665,-0.1292325861341338,0.2818738883908668,12.217,57.1
34951,1995-09-13 00:00:00,0.0188353936545112,-0.1868954952288971,0.2245662825379196,12.217,57.1
34952,1995-09-14 00:00:00,-0.0679905104054865,-0.273844491097222,0.1378634702862488,12.217,57.1
34953,1995-09-15 00:00:00,0.180693335937135,-0.0263403803337093,0.3877270522079793,12.217,57.1
34954,1995-09-16 00:00:00,0.0360055312434012,-0.1710897678345709,0.2431008303213734,12.217,57.1
34955,1995-09-17 00:00:00,-0.0633722575683977,-0.2698886626906214,0.1431441475538258,12.217,57.1
34956,1995-09-18 00:00:00,-0.1026980113845494,-0.3088091777334818,0.103413154964383,12.217,57.1
34957,1995-09-19 00:00:00,-0.0717726013604737,-0.2773376376011416,0.1337924348801942,12.217,57.1
34958,1995-09-20 00:00:00,-0.0036880034182324,-0.2091822641106941,0.2018062572742294,12.217,57.1
34959,1995-09-21 00:00:00,0.0228487056608609,-0.1828621993007614,0.2285596106224832,12.217,57.1
34960,1995-09-22 00:00:00,0.0117174705235156,-0.1938831118370326,0.2173180528840639,12.217,57.1
34961,1995-09-23 00:00:00,0.131634380597966,-0.0738476703542667,0.3371164315501988,12.217,57.1
34962,1995-09-24 00:00:00,0.1188671259504744,-0.0870066239604462,0.324740875861395,12.217,57.1
34963,1995-09-25 00:00:00,0.2350557042281991,0.027450063989607,0.4426613444667912,12.217,57.1
34964,1995-09-26 00:00:00,0.3198235937417119,0.1113085311271958,0.528338656356228,12.217,57.1
34965,1995-09-27 00:00:00,0.3767597385716894,0.1675978792981933,0.5859215978451855,12.217,57.1
34966,1995-09-28 00:00:00,0.2686081425380314,0.0616192452498395,0.4755970398262233,12.217,57.1
34967,1995-09-29 00:00:00,0.4566916165017181,0.2482979723696882,0.6650852606337481,12.217,57.1
34968,1995-09-30 00:00:00,0.2060421878666119,-0.0010944670387907,0.4131788427720146,12.217,57.1
34969,1995-10-01 00:00:00,0.1068032144092415,-0.0996914269039933,0.3132978557224764,12.217,57.1
34970,1995-10-02 00:00:00,0.0922556797493095,-0.1142464951152722,0.2987578546138913,12.217,57.1
34971,1995-10-03 00:00:00,0.1381803405266592,-0.0676852969430505,0.344045977996369,12.217,57.1
34972,1995-10-04 00:00:00,0.0980235033463643,-0.1076552930974331,0.3037022997901618,12.217,57.1
34973,1995-10-05 00:00:00,0.150155333659704,-0.05557323387258,0.3558839011919881,12.217,57.1
34974,1995-10-06 00:00:00,0.1338672718084476,-0.0719884082524193,0.3397229518693145,12.217,57.1
34975,1995-10-07 00:00:00,0.1352925628189442,-0.0711638077397791,0.3417489333776675,12.217,57.1
34976,1995-10-08 00:00:00,0.2736211859080425,0.066720884635707,0.480521487180378,12.217,57.1
34977,1995-10-09 00:00:00,0.1838419188173474,-0.0225456075580912,0.3902294451927861,12.217,57.1
34978,1995-10-10 00:00:00,0.1281775046477941,-0.0777644024466698,0.334119411742258,12.217,57.1
34979,1995-10-11 00:00:00,0.1010507059631162,-0.1048857622395669,0.3069871741657994,12.217,57.1
34980,1995-10-12 00:00:00,-0.0117199945002606,-0.2175570900856505,0.1941171010851292,12.217,57.1
34981,1995-10-13 00:00:00,0.1032427451159763,-0.1025021211568412,0.308987611388794,12.217,57.1
34982,1995-10-14 00:00:00,0.0013165607992958,-0.2043173092932098,0.2069504308918016,12.217,57.1
34983,1995-10-15 00:00:00,0.0091187362558262,-0.1963036737678047,0.2145411462794572,12.217,57.1
34984,1995-10-16 00:00:00,0.0393599122347118,-0.1660698045633594,0.2447896290327831,12.217,57.1
34985,1995-10-17 00:00:00,0.0563908692438991,-0.1491309196617465,0.2619126581495449,12.217,57.1
34986,1995-10-18 00:00:00,0.269965459010127,0.0615742865183216,0.4783566315019324,12.217,57.1
34987,1995-10-19 00:00:00,0.3868528112851987,0.1747744063002204,0.598931216270177,12.217,57.1
34988,1995-10-20 00:00:00,0.4488457102386985,0.2412557715181379,0.6564356489592591,12.217,57.1
34989,1995-10-21 00:00:00,0.139037453403956,-0.068073072221942,0.3461479790298541,12.217,57.1
34990,1995-10-22 00:00:00,-0.0481513833009273,-0.2541816528190986,0.1578788862172439,12.217,57.1
34991,1995-10-23 00:00:00,0.1423722135576271,-0.0642017626511549,0.3489461897664092,12.217,57.1
34992,1995-10-24 00:00:00,0.1770711877237821,-0.0290412840965575,0.3831836595441219,12.217,57.1
34993,1995-10-25 00:00:00,0.1288620882167482,-0.0767699717907005,0.334494148224197,12.217,57.1
34994,1995-10-26 00:00:00,0.1945733360101719,-0.0118122253630031,0.400958897383347,12.217,57.1
34995,1995-10-27 00:00:00,0.1079550269709279,-0.0985528743868076,0.3144629283286635,12.217,57.1
34996,1995-10-28 00:00:00,0.3946261823634398,0.187309242505026,0.6019431222218536,12.217,57.1
34997,1995-10-29 00:00:00,0.1526934783040542,-0.0542107187011181,0.3595976753092265,12.217,57.1
34998,1995-10-30 00:00:00,0.0263369845953782,-0.1791553117086496,0.2318292808994061,12.217,57.1
34999,1995-10-31 00:00:00,-0.002276537692662,-0.2077198013587199,0.2031667259733957,12.217,57.1
35000,1995-11-01 00:00:00,0.0236247506361091,-0.1834421209231658,0.2306916221953842,12.217,57.1
35001,1995-11-02 00:00:00,0.0036002190470599,-0.2034394139648196,0.2106398520589394,12.217,57.1
35002,1995-11-03 00:00:00,0.0474922759679451,-0.1587487842430489,0.2537333361789393,12.217,57.1
35003,1995-11-04 00:00:00,0.0915748107232696,-0.1266918016082747,0.3098414230548141,12.217,57.1
35004,1995-11-05 00:00:00,-0.3709786398752118,-0.587687144012612,-0.1542701357378116,12.217,57.1
35005,1995-11-06 00:00:00,0.0330115784190722,-0.1733008953327708,0.2393240521709153,12.217,57.1
35006,1995-11-07 00:00:00,0.0645285214617494,-0.1420820044426847,0.2711390473661835,12.217,57.1
35007,1995-11-08 00:00:00,-0.0391771060476516,-0.244866130716782,0.1665119186214787,12.217,57.1
35008,1995-11-09 00:00:00,0.1295818807975326,-0.0761213031796803,0.3352850647747455,12.217,57.1
35009,1995-11-10 00:00:00,0.0470892616176746,-0.1585972223448843,0.2527757455802335,12.217,57.1
35010,1995-11-11 00:00:00,-0.0042711100408596,-0.2099007645535481,0.2013585444718288,12.217,57.1
35011,1995-11-12 00:00:00,-0.0841960233578374,-0.290356302179219,0.1219642554635442,12.217,57.1
35012,1995-11-13 00:00:00,0.0036471832608245,-0.2024268578336212,0.2097212243552703,12.217,57.1
35013,1995-11-14 00:00:00,0.0253263021794921,-0.1803442199953097,0.230996824354294,12.217,57.1
35014,1995-11-15 00:00:00,0.2244820291406699,0.0187898532556617,0.4301742050256781,12.217,57.1
35015,1995-11-16 00:00:00,0.1641229816560631,-0.0423433161711009,0.3705892794832273,12.217,57.1
35016,1995-11-17 00:00:00,0.1149786697383847,-0.0949549748185028,0.3249123142952723,12.217,57.1
35017,1995-11-18 00:00:00,0.0649913248010917,-0.1549962174960748,0.2849788670982582,12.217,57.1
35018,1995-11-19 00:00:00,-0.0222989570082927,-0.233364846411055,0.1887669323944695,12.217,57.1
35019,1995-11-20 00:00:00,0.0198698818527424,-0.1868328268847581,0.2265725905902431,12.217,57.1
35020,1995-11-21 00:00:00,-0.0532904094397167,-0.2597674960803373,0.1531866772009038,12.217,57.1
35021,1995-11-22 00:00:00,0.0898631246813044,-0.1158338205417904,0.2955600699043993,12.217,57.1
35022,1995-11-23 00:00:00,0.1519036241036975,-0.054069832306816,0.3578770805142111,12.217,57.1
35023,1995-11-24 00:00:00,0.3449639144038447,0.1379219015345248,0.5520059272731646,12.217,57.1
35024,1995-11-25 00:00:00,0.2492399425717877,0.0430232763992931,0.4554566087442823,12.217,57.1
35025,1995-11-26 00:00:00,0.1418523105350292,-0.0637861133921267,0.3474907344621852,12.217,57.1
35026,1995-11-27 00:00:00,0.106888247443164,-0.0985809475643148,0.3123574424506429,12.217,57.1
35027,1995-11-28 00:00:00,0.0652492413330074,-0.1408808016278035,0.2713792842938184,12.217,57.1
35028,1995-11-29 00:00:00,-0.0429627454977376,-0.249393975278908,0.1634684842834327,12.217,57.1
35029,1995-11-30 00:00:00,-0.0597515929832156,-0.2653784485791058,0.1458752626126745,12.217,57.1
35030,1995-12-01 00:00:00,-0.0693548379983217,-0.2749394048031511,0.1362297288065077,12.217,57.1
35031,1995-12-02 00:00:00,-0.0609938743704584,-0.2666023048500438,0.1446145561091268,12.217,57.1
35032,1995-12-03 00:00:00,-0.0900564559223954,-0.2956530361606908,0.1155401243159,12.217,57.1
35033,1995-12-04 00:00:00,-0.0985301696640746,-0.3041632887968745,0.1071029494687252,12.217,57.1
35034,1995-12-05 00:00:00,-0.2299497673487543,-0.4358782471210417,-0.0240212875764669,12.217,57.1
35035,1995-12-06 00:00:00,-0.2042419978101329,-0.4104017430467091,0.0019177474264432,12.217,57.1
35036,1995-12-07 00:00:00,-0.1371527370515017,-0.3434520218797551,0.0691465477767515,12.217,57.1
35037,1995-12-08 00:00:00,0.0579351575660233,-0.148866326349445,0.2647366414814917,12.217,57.1
35038,1995-12-09 00:00:00,-0.0800280317165876,-0.2863480395543208,0.1262919761211456,12.217,57.1
35039,1995-12-10 00:00:00,-0.0455769315552845,-0.2511926450678527,0.1600387819572836,12.217,57.1
35040,1995-12-11 00:00:00,0.0499936283928685,-0.1563069751836727,0.2562942319694099,12.217,57.1
35041,1995-12-12 00:00:00,-0.0864363868983536,-0.2923371396901499,0.1194643658934427,12.217,57.1
35042,1995-12-13 00:00:00,-0.0617649909060533,-0.2674479843482178,0.1439180025361111,12.217,57.1
35043,1995-12-14 00:00:00,-0.1686789644623267,-0.3747103824535164,0.0373524535288629,12.217,57.1
35044,1995-12-15 00:00:00,-0.1637030017829888,-0.3696742232797212,0.0422682197137434,12.217,57.1
35045,1995-12-16 00:00:00,-0.0733950725922198,-0.2790085113623056,0.1322183661778659,12.217,57.1
35046,1995-12-17 00:00:00,-0.0040183512249557,-0.2095613195507135,0.201524617100802,12.217,57.1
35047,1995-12-18 00:00:00,0.0332279810333397,-0.1723919416262864,0.2388479036929659,12.217,57.1
35048,1995-12-19 00:00:00,0.0203833591322951,-0.185209139252227,0.2259758575168174,12.217,57.1
35049,1995-12-20 00:00:00,0.0944452966054151,-0.1113530499112592,0.3002436431220894,12.217,57.1
35050,1995-12-21 00:00:00,0.0771054037748047,-0.1288484957216138,0.2830593032712233,12.217,57.1
35051,1995-12-22 00:00:00,0.0757302238822993,-0.1301854821327911,0.2816459298973899,12.217,57.1
35052,1995-12-23 00:00:00,0.0493495226259062,-0.1573295848965571,0.2560286301483695,12.217,57.1
35053,1995-12-24 00:00:00,0.1398611539680923,-0.0676207815238675,0.3473430894600521,12.217,57.1
35054,1995-12-25 00:00:00,0.0310780473352154,-0.1753660549827336,0.2375221496531645,12.217,57.1
35055,1995-12-26 00:00:00,0.0957386874202038,-0.1101531285519372,0.301630503392345,12.217,57.1
35056,1995-12-27 00:00:00,0.0229390581044858,-0.183019244456618,0.2288973606655897,12.217,57.1
35057,1995-12-28 00:00:00,0.0199054077877391,-0.1858344215353753,0.2256452371108536,12.217,57.1
35058,1995-12-29 00:00:00,0.0053046771376824,-0.2003421936162343,0.2109515478915992,12.217,57.1
35059,1995-12-30 00:00:00,0.1238210146735779,-0.0820152010913337,0.3296572304384897,12.217,57.1
35060,1995-12-31 00:00:00,0.0683699436258828,-0.1375794207790771,0.2743193080308427,12.217,57.1
35061,1996-01-01 00:00:00,-0.0506418616688273,-0.2568564959199604,0.1555727725823056,12.217,57.1
35062,1996-01-02 00:00:00,-0.0369421198110709,-0.2428464547978282,0.1689622151756863,12.217,57.1
35063,1996-01-03 00:00:00,-0.0529636903654429,-0.2588648285298859,0.1529374477990001,12.217,57.1
35064,1996-01-04 00:00:00,-0.0962833898547211,-0.30211370338519,0.1095469236757478,12.217,57.1
35065,1996-01-05 00:00:00,0.0076362526374237,-0.1981692673284193,0.2134417726032668,12.217,57.1
35066,1996-01-06 00:00:00,-0.0006240374227566,-0.2063541688853401,0.2051060940398268,12.217,57.1
35067,1996-01-07 00:00:00,0.0130533515950852,-0.1931155136107631,0.2192222168009336,12.217,57.1
35068,1996-01-08 00:00:00,0.2299089102228369,0.0235466936169304,0.4362711268287435,12.217,57.1
35069,1996-01-09 00:00:00,0.0388967261701663,-0.1670263227233676,0.2448197750637003,12.217,57.1
35070,1996-01-10 00:00:00,0.1781204969103232,-0.0277725129963638,0.3840135068170103,12.217,57.1
35071,1996-01-11 00:00:00,0.0658900342754791,-0.1401473546849254,0.2719274232358837,12.217,57.1
35072,1996-01-12 00:00:00,0.1534217299083038,-0.0521196499066101,0.3589631097232179,12.217,57.1
35073,1996-01-13 00:00:00,0.0926623528458555,-0.112915418756644,0.2982401244483552,12.217,57.1
35074,1996-01-14 00:00:00,0.0491224538613535,-0.1564561260574582,0.2547010337801652,12.217,57.1
35075,1996-01-15 00:00:00,-0.0436446433505401,-0.2492406174670009,0.1619513307659206,12.217,57.1
35076,1996-01-16 00:00:00,-0.0084966371266152,-0.214016712343507,0.1970234380902765,12.217,57.1
35077,1996-01-17 00:00:00,-0.0365365624006418,-0.2420828101901711,0.1690096853888874,12.217,57.1
35078,1996-01-18 00:00:00,-0.0620194015633866,-0.2675323011764396,0.1434934980496662,12.217,57.1
35079,1996-01-19 00:00:00,-0.0438236519053645,-0.2493258454353247,0.1616785416245956,12.217,57.1
35080,1996-01-20 00:00:00,-0.0387538654879307,-0.2443350866846316,0.1668273557087701,12.217,57.1
35081,1996-01-21 00:00:00,-0.150026198706634,-0.3558159910447396,0.0557635936314714,12.217,57.1
35082,1996-01-22 00:00:00,-0.1057080509196788,-0.3115341226279108,0.1001180207885531,12.217,57.1
35083,1996-01-23 00:00:00,-0.1035282427690663,-0.3092052019818091,0.1021487164436763,12.217,57.1
35084,1996-01-24 00:00:00,-0.1125960896176594,-0.3185000240072282,0.0933078447719092,12.217,57.1
35085,1996-01-25 00:00:00,-0.1884586125417142,-0.3948980239197896,0.0179807988363612,12.217,57.1
35086,1996-01-26 00:00:00,-0.2080154825076993,-0.4146615908116611,-0.0013693742037375,12.217,57.1
35087,1996-01-27 00:00:00,-0.1568106944962853,-0.3633360542718372,0.0497146652792665,12.217,57.1
35088,1996-01-28 00:00:00,-0.1004834376432124,-0.3067946818503711,0.1058278065639463,12.217,57.1
35089,1996-01-29 00:00:00,-0.119235336800646,-0.324870221312263,0.0863995477109709,12.217,57.1
35090,1996-01-30 00:00:00,-0.0788377396627008,-0.2844213885993916,0.12674590927399,12.217,57.1
35091,1996-01-31 00:00:00,-0.1209651563502677,-0.3266926968715996,0.0847623841710641,12.217,57.1
35092,1996-02-01 00:00:00,-0.0468139102904889,-0.252573854816817,0.158946034235839,12.217,57.1
35093,1996-02-02 00:00:00,-0.0234965374789787,-0.2291294544312066,0.1821363794732491,12.217,57.1
35094,1996-02-03 00:00:00,0.0065690017523635,-0.198965879567417,0.2121038830721441,12.217,57.1
35095,1996-02-04 00:00:00,-0.0104423361225864,-0.216181006000278,0.1952963337551051,12.217,57.1
35096,1996-02-05 00:00:00,-0.0317168524839756,-0.2375509707632692,0.174117265795318,12.217,57.1
35097,1996-02-06 00:00:00,0.1145255689804463,-0.0914539439073522,0.3205050818682448,12.217,57.1
35098,1996-02-07 00:00:00,0.0877381330021223,-0.1180470639468155,0.2935233299510602,12.217,57.1
35099,1996-02-08 00:00:00,0.0315620732815091,-0.1742102756701768,0.2373344222331952,12.217,57.1
35100,1996-02-09 00:00:00,-0.0324104391352778,-0.2380383112645717,0.1732174329940159,12.217,57.1
35101,1996-02-10 00:00:00,0.0075119086143042,-0.1983165755540887,0.2133403927826972,12.217,57.1
35102,1996-02-11 00:00:00,0.0883905977310892,-0.1178219582869846,0.2946031537491631,12.217,57.1
35103,1996-02-12 00:00:00,0.1079502002101238,-0.0979960233983089,0.3138964238185565,12.217,57.1
35104,1996-02-13 00:00:00,0.0207397966610066,-0.1854553506580015,0.2269349439800148,12.217,57.1
35105,1996-02-14 00:00:00,-0.0869162354779459,-0.293092110018719,0.1192596390628272,12.217,57.1
35106,1996-02-15 00:00:00,-0.0932744914834662,-0.2993504183701874,0.1128014354032549,12.217,57.1
35107,1996-02-16 00:00:00,0.3614531937879686,0.154238076106391,0.5686683114695463,12.217,57.1
35108,1996-02-17 00:00:00,0.6058706335976032,0.3963418578017369,0.8153994093934694,12.217,57.1
35109,1996-02-18 00:00:00,0.0752125743795812,-0.1341876495649281,0.2846127983240905,12.217,57.1
35110,1996-02-19 00:00:00,0.0255753923389122,-0.1814820981242623,0.2326328828020867,12.217,57.1
35111,1996-02-20 00:00:00,-0.1084284198331899,-0.3176795037377246,0.1008226640713446,12.217,57.1
35112,1996-02-21 00:00:00,-0.1892259514178157,-0.3997490429587728,0.0212971401231412,12.217,57.1
35113,1996-02-22 00:00:00,-0.1715066425161212,-0.3807537096047816,0.0377404245725391,12.217,57.1
35114,1996-02-23 00:00:00,-0.0203753008893645,-0.2262530134777097,0.1855024116989806,12.217,57.1
35115,1996-02-24 00:00:00,0.1272523042097968,-0.0783200459966836,0.3328246544162773,12.217,57.1
35116,1996-02-25 00:00:00,0.1997361742829728,-0.006101553060973,0.4055739016269186,12.217,57.1
35117,1996-02-26 00:00:00,0.2402955083585664,0.0341737889367808,0.4464172277803519,12.217,57.1
35118,1996-02-27 00:00:00,0.0855067643061744,-0.1206055779909994,0.2916191066033483,12.217,57.1
35119,1996-02-28 00:00:00,0.0149893865762097,-0.1909560444880605,0.2209348176404801,12.217,57.1
35120,1996-02-29 00:00:00,0.1152738400549864,-0.0915272236927097,0.3220749038026826,12.217,57.1
35121,1996-03-01 00:00:00,0.0018851129082971,-0.2055480568525098,0.2093182826691042,12.217,57.1
35122,1996-03-02 00:00:00,0.0118362998759904,-0.1944019941504059,0.2180745939023868,12.217,57.1
35123,1996-03-03 00:00:00,-0.0409708388591728,-0.2467204336205645,0.1647787559022188,12.217,57.1
35124,1996-03-04 00:00:00,0.0245382153547862,-0.1812046186021595,0.230281049311732,12.217,57.1
35125,1996-03-05 00:00:00,0.043673444204272,-0.1619567173295192,0.2493036057380633,12.217,57.1
35126,1996-03-06 00:00:00,0.0140992740218617,-0.1915269083613538,0.2197254564050773,12.217,57.1
35127,1996-03-07 00:00:00,-0.053483370465953,-0.2592585317989027,0.1522917908669964,12.217,57.1
35128,1996-03-08 00:00:00,-0.0822861837951671,-0.2881588939705688,0.1235865263802345,12.217,57.1
35129,1996-03-09 00:00:00,-0.1181732741038677,-0.3239607226313279,0.0876141744235924,12.217,57.1
35130,1996-03-10 00:00:00,-0.0989613641773605,-0.3047982892509155,0.1068755608961945,12.217,57.1
35131,1996-03-11 00:00:00,-0.1326623859981089,-0.33851710109534,0.073192329099122,12.217,57.1
35132,1996-03-12 00:00:00,-0.0463128898524077,-0.2519923067699899,0.1593665270651745,12.217,57.1
35133,1996-03-13 00:00:00,-0.0417325151425773,-0.2474724247816758,0.1640073944965211,12.217,57.1
35134,1996-03-14 00:00:00,-0.0484083187012143,-0.2542483840691301,0.1574317466667014,12.217,57.1
35135,1996-03-15 00:00:00,-0.0506579395497282,-0.2570021549238663,0.1556862758244098,12.217,57.1
35136,1996-03-16 00:00:00,-0.1113023835857087,-0.3174910600612661,0.0948862928898485,12.217,57.1
35137,1996-03-17 00:00:00,-0.1224193904647832,-0.3282533723870748,0.0834145914575084,12.217,57.1
35138,1996-03-18 00:00:00,-0.0863645679091429,-0.292162072433374,0.1194329366150881,12.217,57.1
35139,1996-03-19 00:00:00,-0.0718223970994204,-0.2773782109238931,0.1337334167250523,12.217,57.1
35140,1996-03-20 00:00:00,0.0097813608879548,-0.1957360056853657,0.2152987274612753,12.217,57.1
35141,1996-03-21 00:00:00,0.0491252919297925,-0.1564858911327757,0.2547364749923607,12.217,57.1
35142,1996-03-22 00:00:00,-0.0689477749453906,-0.274514617739478,0.1366190678486966,12.217,57.1
35143,1996-03-23 00:00:00,-0.0353241063371772,-0.24085441019524,0.1702061975208854,12.217,57.1
35144,1996-03-24 00:00:00,-0.0306793814557193,-0.2361288181465957,0.1747700552351571,12.217,57.1
35145,1996-03-25 00:00:00,-0.0896516182007763,-0.2952402467575893,0.1159370103560366,12.217,57.1
35146,1996-03-26 00:00:00,0.0377336373805467,-0.1677995471204541,0.2432668218815475,12.217,57.1
35147,1996-03-27 00:00:00,0.0833913385644892,-0.1237715843582475,0.2905542614872261,12.217,57.1
35148,1996-03-28 00:00:00,0.1806992291034265,-0.0261363670465492,0.3875348252534024,12.217,57.1
35149,1996-03-29 00:00:00,0.1921738819257088,-0.0144833359195444,0.398831099770962,12.217,57.1
35150,1996-03-30 00:00:00,0.0353774145585268,-0.1707152177395181,0.2414700468565717,12.217,57.1
35151,1996-03-31 00:00:00,-0.0232144936330567,-0.2292641680305036,0.1828351807643902,12.217,57.1
35152,1996-04-01 00:00:00,0.0171683663924318,-0.1885485363760936,0.2228852691609572,12.217,57.1
35153,1996-04-02 00:00:00,-0.031709161371682,-0.2373699947498429,0.1739516720064789,12.217,57.1
35154,1996-04-03 00:00:00,-0.0009749956485677,-0.206739614641739,0.2047896233446034,12.217,57.1
35155,1996-04-04 00:00:00,-0.05819449219827,-0.2638106000237271,0.1474216156271869,12.217,57.1
35156,1996-04-05 00:00:00,-0.0587454812306996,-0.2643335025122666,0.1468425400508674,12.217,57.1
35157,1996-04-06 00:00:00,-0.0429823139367459,-0.2486815540119765,0.1627169261384848,12.217,57.1
35158,1996-04-07 00:00:00,-0.0013231337405747,-0.2069255269454911,0.2042792594643417,12.217,57.1
35159,1996-04-08 00:00:00,0.0087485151391345,-0.1967935722223595,0.2142906025006286,12.217,57.1
35160,1996-04-09 00:00:00,-0.0319622907986149,-0.2376210213204177,0.1736964397231878,12.217,57.1
35161,1996-04-10 00:00:00,-0.0208290726220452,-0.2264640627811135,0.1848059175370229,12.217,57.1
35162,1996-04-11 00:00:00,-0.0458931675056573,-0.2518720930193263,0.1600857580080115,12.217,57.1
35163,1996-04-12 00:00:00,-0.0555917849067353,-0.2621491525889453,0.1509655827754746,12.217,57.1
35164,1996-04-13 00:00:00,-0.0548110591636909,-0.2639588400101701,0.1543367216827881,12.217,57.1
35165,1996-04-14 00:00:00,-0.0959547956365854,-0.3019661039300162,0.1100565126568453,12.217,57.1
35166,1996-04-15 00:00:00,-0.0594992770963761,-0.2651880321334474,0.1461894779406951,12.217,57.1
35167,1996-04-16 00:00:00,0.0232334751146382,-0.1822043035261418,0.2286712537554182,12.217,57.1
35168,1996-04-17 00:00:00,0.0733708104445807,-0.1320828926543281,0.2788245135434895,12.217,57.1
35169,1996-04-18 00:00:00,0.0908782526066496,-0.1146427535903645,0.2963992588036637,12.217,57.1
35170,1996-04-19 00:00:00,0.0604031524264555,-0.1451756237788541,0.2659819286317653,12.217,57.1
35171,1996-04-20 00:00:00,0.0723073988885986,-0.1332408533547987,0.277855651131996,12.217,57.1
35172,1996-04-21 00:00:00,0.0548160934366185,-0.150701713797683,0.26033390067092,12.217,57.1
35173,1996-04-22 00:00:00,0.094615232418152,-0.1109565580883138,0.3001870229246179,12.217,57.1
35174,1996-04-23 00:00:00,0.0819350956416052,-0.1235326803090346,0.287402871592245,12.217,57.1
35175,1996-04-24 00:00:00,0.1173803840839198,-0.0884711071871539,0.3232318753549936,12.217,57.1
35176,1996-04-25 00:00:00,0.0373922782197375,-0.1684159300912539,0.243200486530729,12.217,57.1
35177,1996-04-26 00:00:00,0.1334488177488207,-0.0722378160414342,0.3391354515390757,12.217,57.1
35178,1996-04-27 00:00:00,0.0854609038957158,-0.1203574326140022,0.2912792404054339,12.217,57.1
35179,1996-04-28 00:00:00,0.1135311679264638,-0.0923777442494078,0.3194400801023354,12.217,57.1
35180,1996-04-29 00:00:00,0.1456043605565829,-0.0603132108764471,0.3515219319896129,12.217,57.1
35181,1996-04-30 00:00:00,0.1103462450600842,-0.0954198184646531,0.3161123085848216,12.217,57.1
35182,1996-05-01 00:00:00,0.1201319194241705,-0.0854578731656432,0.3257217120139843,12.217,57.1
35183,1996-05-02 00:00:00,0.0544245680894,-0.1511717172980182,0.2600208534768183,12.217,57.1
35184,1996-05-03 00:00:00,0.0715039906817094,-0.1342485786871284,0.2772565600505474,12.217,57.1
35185,1996-05-04 00:00:00,0.0879058944768073,-0.1178346332661866,0.2936464222198014,12.217,57.1
35186,1996-05-05 00:00:00,0.0898083508389073,-0.1161250870343417,0.2957417887121564,12.217,57.1
35187,1996-05-06 00:00:00,0.3191860467751973,0.1127110817045903,0.5256610118458043,12.217,57.1
35188,1996-05-07 00:00:00,0.1475419058576438,-0.05927036125099,0.3543541729662778,12.217,57.1
35189,1996-05-08 00:00:00,-0.0261446037836416,-0.2317264121930705,0.1794372046257872,12.217,57.1
35190,1996-05-09 00:00:00,-0.0402790483598511,-0.2458799631725927,0.1653218664528905,12.217,57.1
35191,1996-05-10 00:00:00,-0.0048226777634441,-0.2119155830966996,0.2022702275698114,12.217,57.1
35192,1996-05-11 00:00:00,0.0089298716541349,-0.1994621618143721,0.2173219051226418,12.217,57.1
35193,1996-05-12 00:00:00,-0.0598956171826328,-0.2663748149997015,0.1465835806344357,12.217,57.1
35194,1996-05-13 00:00:00,-0.0452952532816503,-0.250930570419568,0.1603400638562673,12.217,57.1
35195,1996-05-14 00:00:00,-0.0214325314081955,-0.2270068916153907,0.1841418287989995,12.217,57.1
35196,1996-05-15 00:00:00,0.1015606936977013,-0.1042857348563157,0.3074071222517183,12.217,57.1
35197,1996-05-16 00:00:00,0.093240639452069,-0.1129029170602811,0.2993841959644192,12.217,57.1
35198,1996-05-17 00:00:00,0.0436332818944129,-0.1620687341011682,0.2493352978899941,12.217,57.1
35199,1996-05-18 00:00:00,0.0530072252667836,-0.1528739309816487,0.2588883815152161,12.217,57.1
35200,1996-05-19 00:00:00,0.0677820124431068,-0.1385252120973462,0.2740892369835599,12.217,57.1
35201,1996-05-20 00:00:00,0.0237757643747853,-0.1825605789776133,0.2301121077271841,12.217,57.1
35202,1996-05-21 00:00:00,-0.0245511055718706,-0.2306631655733584,0.1815609544296171,12.217,57.1
35203,1996-05-22 00:00:00,-0.0189378929729583,-0.2248028290983745,0.1869270431524579,12.217,57.1
35204,1996-05-23 00:00:00,0.0164381176171981,-0.1891042138760764,0.2219804491104727,12.217,57.1
35205,1996-05-24 00:00:00,0.1317162147182507,-0.0738865092325755,0.337318938669077,12.217,57.1
35206,1996-05-25 00:00:00,0.2153826942172634,0.0094446538110062,0.4213207346235207,12.217,57.1
35207,1996-05-26 00:00:00,0.1515708601864739,-0.0543378244751068,0.3574795448480547,12.217,57.1
35208,1996-05-27 00:00:00,0.1736247348354243,-0.0319255459123911,0.3791750155832398,12.217,57.1
35209,1996-05-28 00:00:00,0.0526491969647901,-0.1530206745394657,0.258319068469046,12.217,57.1
35210,1996-05-29 00:00:00,0.0822738709774664,-0.1237042505150364,0.2882519924699693,12.217,57.1
35211,1996-05-30 00:00:00,0.1584462366147432,-0.0478330993094976,0.3647255725389842,12.217,57.1
35212,1996-05-31 00:00:00,0.0646482411086412,-0.1409953282266787,0.2702918104439612,12.217,57.1
35213,1996-06-01 00:00:00,0.0771009539987349,-0.1297453059289408,0.2839472139264106,12.217,57.1
35214,1996-06-02 00:00:00,0.1262558235206035,-0.0799866941190108,0.3324983411602178,12.217,57.1
35215,1996-06-03 00:00:00,0.0285529666082137,-0.1774217130069681,0.2345276462233956,12.217,57.1
35216,1996-06-04 00:00:00,0.0280427970756112,-0.1774774974760202,0.2335630916272426,12.217,57.1
35217,1996-06-05 00:00:00,0.0309142554831521,-0.174912346844357,0.2367408578106614,12.217,57.1
35218,1996-06-06 00:00:00,0.0381793843255001,-0.1677948591086903,0.2441536277596906,12.217,57.1
35219,1996-06-07 00:00:00,0.0353720933861722,-0.1707801591813049,0.2415243459536495,12.217,57.1
35220,1996-06-08 00:00:00,0.0261129274798431,-0.1795620546799205,0.2317879096396067,12.217,57.1
35221,1996-06-09 00:00:00,0.0113331270927695,-0.1947028790095517,0.2173691331950907,12.217,57.1
35222,1996-06-10 00:00:00,0.0130816874610523,-0.1925009349736054,0.2186643098957101,12.217,57.1
35223,1996-06-11 00:00:00,0.0602442316155013,-0.1453712988679657,0.2658597620989685,12.217,57.1
35224,1996-06-12 00:00:00,0.0610711995786437,-0.1447563630669385,0.266898762224226,12.217,57.1
35225,1996-06-13 00:00:00,0.3024452034238818,0.0958398697177891,0.5090505371299746,12.217,57.1
35226,1996-06-14 00:00:00,0.130913039944022,-0.0757914392371075,0.3376175191251517,12.217,57.1
35227,1996-06-15 00:00:00,0.0308961737701833,-0.1755309250532101,0.2373232725935768,12.217,57.1
35228,1996-06-16 00:00:00,-0.0099147530332015,-0.2155050678461118,0.1956755617797088,12.217,57.1
35229,1996-06-17 00:00:00,0.0379355729412268,-0.1676578100143544,0.243528955896808,12.217,57.1
35230,1996-06-18 00:00:00,0.2116766160392513,0.0058870995100855,0.417466132568417,12.217,57.1
35231,1996-06-19 00:00:00,0.2440340583589751,0.0376358771888686,0.4504322395290815,12.217,57.1
35232,1996-06-20 00:00:00,0.2735077837882731,0.0668668717903719,0.4801486957861743,12.217,57.1
35233,1996-06-21 00:00:00,0.2330012836002372,0.0269025212454677,0.4391000459550068,12.217,57.1
35234,1996-06-22 00:00:00,0.1160406568223523,-0.0896375718575904,0.3217188855022951,12.217,57.1
35235,1996-06-23 00:00:00,0.0825451813418762,-0.1231697928744975,0.28826015555825,12.217,57.1
35236,1996-06-24 00:00:00,0.036924938545601,-0.1685501586902947,0.2424000357814967,12.217,57.1
35237,1996-06-25 00:00:00,-0.003829039517249,-0.2093267162025805,0.2016686371680823,12.217,57.1
35238,1996-06-26 00:00:00,0.0327570100473545,-0.17271909105838,0.2382331111530891,12.217,57.1
35239,1996-06-27 00:00:00,0.0768603255192536,-0.1285532608773437,0.2822739119158511,12.217,57.1
35240,1996-06-28 00:00:00,0.068375630861553,-0.1371875594653613,0.2739388211884674,12.217,57.1
35241,1996-06-29 00:00:00,0.1132835258381692,-0.0923479858769453,0.3189150375532838,12.217,57.1
35242,1996-06-30 00:00:00,0.129725783184902,-0.0758578046105151,0.3353093709803191,12.217,57.1
35243,1996-07-01 00:00:00,0.2275005242984779,0.0218395100248344,0.4331615385721213,12.217,57.1
35244,1996-07-02 00:00:00,0.2788319626268295,0.0731652679911426,0.4844986572625164,12.217,57.1
35245,1996-07-03 00:00:00,0.2824952709418133,0.0762416428009826,0.488748899082644,12.217,57.1
35246,1996-07-04 00:00:00,0.1884124292954752,-0.01797232642189,0.3947971850128405,12.217,57.1
35247,1996-07-05 00:00:00,0.2015896810189048,-0.0047153296369508,0.4078946916747605,12.217,57.1
35248,1996-07-06 00:00:00,0.189574833213096,-0.016857247671439,0.3960069140976311,12.217,57.1
35249,1996-07-07 00:00:00,0.1724054853558114,-0.0334310889014353,0.3782420596130582,12.217,57.1
35250,1996-07-08 00:00:00,0.1437725414618382,-0.0617883711721028,0.3493334540957793,12.217,57.1
35251,1996-07-09 00:00:00,0.0149367034326392,-0.1908779198230542,0.2207513266883327,12.217,57.1
35252,1996-07-10 00:00:00,0.1673449300950359,-0.0430589308431736,0.3777487910332454,12.217,57.1
35253,1996-07-11 00:00:00,0.2703266057309598,0.0603556758965144,0.4802975355654052,12.217,57.1
35254,1996-07-12 00:00:00,0.144597658377357,-0.0611599601351584,0.3503552768898724,12.217,57.1
35255,1996-07-13 00:00:00,0.1234053783475735,-0.0822119091988493,0.3290226658939965,12.217,57.1
35256,1996-07-14 00:00:00,0.2511832147651349,0.0452771267297099,0.4570893028005598,12.217,57.1
35257,1996-07-15 00:00:00,0.1700042318189484,-0.0363161824481292,0.3763246460860261,12.217,57.1
35258,1996-07-16 00:00:00,0.0941297522457652,-0.112464684096758,0.3007241885882886,12.217,57.1
35259,1996-07-17 00:00:00,0.0446624762796785,-0.1618364329165317,0.2511613854758889,12.217,57.1
35260,1996-07-18 00:00:00,0.066536735529081,-0.1393032490939808,0.272376720152143,12.217,57.1
35261,1996-07-19 00:00:00,-0.0015848405401186,-0.207363474932239,0.2041937938520017,12.217,57.1
35262,1996-07-20 00:00:00,-0.041956641798779,-0.2474465361621688,0.1635332525646108,12.217,57.1
35263,1996-07-21 00:00:00,0.0002223571825387,-0.2052650340027143,0.2057097483677919,12.217,57.1
35264,1996-07-22 00:00:00,0.0107785428920134,-0.1947142099168435,0.2162712957008704,12.217,57.1
35265,1996-07-23 00:00:00,0.0473874333819684,-0.1580550953857228,0.2528299621496598,12.217,57.1
35266,1996-07-24 00:00:00,0.1078902677381691,-0.0977401210712246,0.3135206565475628,12.217,57.1
35267,1996-07-25 00:00:00,0.0812124895240545,-0.1244409707106394,0.2868659497587484,12.217,57.1
35268,1996-07-26 00:00:00,0.0205197545650381,-0.1850449916890689,0.2260845008191452,12.217,57.1
35269,1996-07-27 00:00:00,0.1726644034484192,-0.0329122748048275,0.3782410817016659,12.217,57.1
35270,1996-07-28 00:00:00,0.1347348445813755,-0.0708343755885262,0.3403040647512774,12.217,57.1
35271,1996-07-29 00:00:00,0.084210899897133,-0.1214012898881776,0.2898230896824437,12.217,57.1
35272,1996-07-30 00:00:00,0.087545319216327,-0.1180965883234087,0.2931872267560628,12.217,57.1
35273,1996-07-31 00:00:00,0.0464666902549538,-0.1591802361632018,0.2521136166731094,12.217,57.1
35274,1996-08-01 00:00:00,0.1265337251128557,-0.0789487198887946,0.3320161701145062,12.217,57.1
35275,1996-08-02 00:00:00,0.1201184874041414,-0.0854538279541775,0.3256908027624605,12.217,57.1
35276,1996-08-03 00:00:00,0.1511140613594793,-0.0550201934702786,0.3572483161892372,12.217,57.1
35277,1996-08-04 00:00:00,0.0301030361085209,-0.1757374985144187,0.2359435707314607,12.217,57.1
35278,1996-08-05 00:00:00,-0.0085379381974426,-0.2140525516116631,0.1969766752167778,12.217,57.1
35279,1996-08-06 00:00:00,0.0168727876460164,-0.188649010823638,0.2223945861156709,12.217,57.1
35280,1996-08-07 00:00:00,0.0433889618010475,-0.1622978399825702,0.2490757635846654,12.217,57.1
35281,1996-08-08 00:00:00,0.0748647225515932,-0.1308458003721815,0.280575245475368,12.217,57.1
35282,1996-08-09 00:00:00,0.030126184487084,-0.1760124967348321,0.2362648657090003,12.217,57.1
35283,1996-08-10 00:00:00,0.0378628587573667,-0.1677477047590533,0.2434734222737868,12.217,57.1
35284,1996-08-11 00:00:00,0.0863971120062502,-0.1192502972827608,0.2920445212952614,12.217,57.1
35285,1996-08-12 00:00:00,0.0556542310985714,-0.1501410295374843,0.2614494917346272,12.217,57.1
35286,1996-08-13 00:00:00,-0.0118615301335656,-0.2175914637352312,0.1938684034680999,12.217,57.1
35287,1996-08-14 00:00:00,-0.0134268106833657,-0.2193065295556504,0.1924529081889189,12.217,57.1
35288,1996-08-15 00:00:00,-0.0603417289625755,-0.2660382694231831,0.1453548114980319,12.217,57.1
35289,1996-08-16 00:00:00,-0.0265401049748061,-0.2322013860825909,0.1791211761329785,12.217,57.1
35290,1996-08-17 00:00:00,-0.0044700596892964,-0.2100887975910543,0.2011486782124614,12.217,57.1
35291,1996-08-18 00:00:00,0.0162430925339193,-0.1892226118662332,0.2217087969340719,12.217,57.1
35292,1996-08-19 00:00:00,0.0117814926544957,-0.1936292684627166,0.2171922537717082,12.217,57.1
35293,1996-08-20 00:00:00,0.028067937071638,-0.177447629217856,0.2335835033611321,12.217,57.1
35294,1996-08-21 00:00:00,0.0550286777949119,-0.1504645207479584,0.2605218763377824,12.217,57.1
35295,1996-08-22 00:00:00,0.0719179633958149,-0.1335618686946031,0.277397795486233,12.217,57.1
35296,1996-08-23 00:00:00,0.0680428468144455,-0.1374645548657021,0.2735502484945932,12.217,57.1
35297,1996-08-24 00:00:00,0.0858163730972688,-0.1198102328164078,0.2914429790109455,12.217,57.1
35298,1996-08-25 00:00:00,0.0718675165015087,-0.1341020424730165,0.277837075476034,12.217,57.1
35299,1996-08-26 00:00:00,0.0822366341195614,-0.1235359360530851,0.288009204292208,12.217,57.1
35300,1996-08-27 00:00:00,0.0377926705841828,-0.1676856376010783,0.2432709787694439,12.217,57.1
35301,1996-08-28 00:00:00,0.0186031129888946,-0.1868991929989304,0.2241054189767197,12.217,57.1
35302,1996-08-29 00:00:00,-0.0281079023012786,-0.2341104015730995,0.1778945969705423,12.217,57.1
35303,1996-08-30 00:00:00,0.1309179916738219,-0.0762184448212373,0.3380544281688812,12.217,57.1
35304,1996-08-31 00:00:00,0.1231593223675819,-0.0829127318930794,0.3292313766282432,12.217,57.1
35305,1996-09-01 00:00:00,0.0578242006561287,-0.1481819901972729,0.2638303915095304,12.217,57.1
35306,1996-09-02 00:00:00,0.010351930488111,-0.1953930208166042,0.2160968817928263,12.217,57.1
35307,1996-09-03 00:00:00,0.0222490596504505,-0.1832325074759852,0.2277306267768863,12.217,57.1
35308,1996-09-04 00:00:00,-0.0210167340908581,-0.2265974547301794,0.1845639865484631,12.217,57.1
35309,1996-09-05 00:00:00,-0.0090683836862626,-0.2148119922955869,0.1966752249230616,12.217,57.1
35310,1996-09-06 00:00:00,-0.0462400873249069,-0.2520198938989569,0.1595397192491431,12.217,57.1
35311,1996-09-07 00:00:00,-0.0594551876610439,-0.2658573506707204,0.1469469753486325,12.217,57.1
35312,1996-09-08 00:00:00,-0.0857484105135763,-0.2921993897793222,0.1207025687521695,12.217,57.1
35313,1996-09-09 00:00:00,-0.0649111042842626,-0.2708347499255001,0.1410125413569749,12.217,57.1
35314,1996-09-10 00:00:00,0.0152099516935114,-0.190633946822245,0.2210538502092679,12.217,57.1
35315,1996-09-11 00:00:00,0.0869011599207073,-0.1194921636567093,0.2932944834981239,12.217,57.1
35316,1996-09-12 00:00:00,0.1175549330821165,-0.0886983890222917,0.3238082551865247,12.217,57.1
35317,1996-09-13 00:00:00,0.2536097743570757,0.0402315397954568,0.4669880089186947,12.217,57.1
35318,1996-09-14 00:00:00,-0.0492350172664955,-0.2616104357178226,0.1631404011848314,12.217,57.1
35319,1996-09-15 00:00:00,-0.0415585367218053,-0.2473091937140253,0.1641921202704147,12.217,57.1
35320,1996-09-16 00:00:00,-0.0573734557705688,-0.2629657309104224,0.1482188193692847,12.217,57.1
35321,1996-09-17 00:00:00,-0.0782747850059237,-0.2840688002802842,0.1275192302684367,12.217,57.1
35322,1996-09-18 00:00:00,-0.1073023189520071,-0.3129468922555295,0.0983422543515152,12.217,57.1
35323,1996-09-19 00:00:00,-0.0618769683383689,-0.2673481261047929,0.1435941894280551,12.217,57.1
35324,1996-09-20 00:00:00,-0.0306009641149501,-0.2361277929003891,0.1749258646704888,12.217,57.1
35325,1996-09-21 00:00:00,-0.0486914911414104,-0.2542746151544448,0.1568916328716238,12.217,57.1
35326,1996-09-22 00:00:00,-0.0180860269442717,-0.2237176343020679,0.1875455804135244,12.217,57.1
35327,1996-09-23 00:00:00,-0.0120377376404627,-0.2176299752584143,0.1935544999774887,12.217,57.1
35328,1996-09-24 00:00:00,0.0269196053637183,-0.1786165734431646,0.2324557841706013,12.217,57.1
35329,1996-09-25 00:00:00,0.0381950924413115,-0.1672617796131348,0.243651964495758,12.217,57.1
35330,1996-09-26 00:00:00,0.0296561084591013,-0.1757817185766128,0.2350939354948154,12.217,57.1
35331,1996-09-27 00:00:00,0.1006564905721321,-0.1049307910760251,0.3062437722202893,12.217,57.1
35332,1996-09-28 00:00:00,0.2155087739357767,0.0088056897272202,0.4222118581443332,12.217,57.1
35333,1996-09-29 00:00:00,0.0907504539095679,-0.1155554959585755,0.2970564037777115,12.217,57.1
35334,1996-09-30 00:00:00,0.2934516258033291,0.0854494936302047,0.5014537579764534,12.217,57.1
35335,1996-10-01 00:00:00,0.417921628134246,0.2097452640436259,0.6260979922248662,12.217,57.1
35336,1996-10-02 00:00:00,0.1330269027842082,-0.0730124522144621,0.3390662577828786,12.217,57.1
35337,1996-10-03 00:00:00,0.0705530544268394,-0.1350366753184629,0.2761427841721418,12.217,57.1
35338,1996-10-04 00:00:00,0.1847345535981602,-0.0229265022160584,0.392395609412379,12.217,57.1
35339,1996-10-05 00:00:00,0.2890610788387144,0.0796312670457151,0.4984908906317138,12.217,57.1
35340,1996-10-06 00:00:00,0.1359581574946938,-0.0697961795785031,0.3417124945678909,12.217,57.1
35341,1996-10-07 00:00:00,0.1320455000245931,-0.0737169044839989,0.3378079045331852,12.217,57.1
35342,1996-10-08 00:00:00,0.1362179461023924,-0.0693642811855503,0.3418001733903352,12.217,57.1
35343,1996-10-09 00:00:00,0.0812051842142704,-0.1243655023737499,0.2867758708022908,12.217,57.1
35344,1996-10-10 00:00:00,0.1562777225336042,-0.0495103415020066,0.3620657865692152,12.217,57.1
35345,1996-10-11 00:00:00,0.0088163916279898,-0.1970526690160571,0.2146854522720367,12.217,57.1
35346,1996-10-12 00:00:00,0.1179167304021375,-0.0883309614418155,0.3241644222460907,12.217,57.1
35347,1996-10-13 00:00:00,0.2565627198888761,0.0499294332759708,0.4631960065017813,12.217,57.1
35348,1996-10-14 00:00:00,0.0598005783161485,-0.1463496279955959,0.265950784627893,12.217,57.1
35349,1996-10-15 00:00:00,0.05298843796128,-0.1524803603707928,0.2584572362933529,12.217,57.1
35350,1996-10-16 00:00:00,0.1056263992567883,-0.0999372962248843,0.3111900947384611,12.217,57.1
35351,1996-10-17 00:00:00,0.0501124842953156,-0.1557309085907684,0.2559558771813996,12.217,57.1
35352,1996-10-18 00:00:00,0.0136051646626145,-0.1925632312172229,0.2197735605424519,12.217,57.1
35353,1996-10-19 00:00:00,0.1216313209289039,-0.0839720234201212,0.327234665277929,12.217,57.1
35354,1996-10-20 00:00:00,0.12376208323136,-0.08206136848416,0.3295855349468802,12.217,57.1
35355,1996-10-21 00:00:00,0.076289090733996,-0.129357659409064,0.2819358408770561,12.217,57.1
35356,1996-10-22 00:00:00,0.0831610483733214,-0.1224500537925922,0.2887721505392351,12.217,57.1
35357,1996-10-23 00:00:00,-0.0498893156840583,-0.2555625135777719,0.1557838822096552,12.217,57.1
35358,1996-10-24 00:00:00,-0.0080120875775726,-0.213493686497784,0.1974695113426388,12.217,57.1
35359,1996-10-25 00:00:00,0.0263779163847785,-0.1791939908366922,0.2319498236062494,12.217,57.1
35360,1996-10-26 00:00:00,0.1082118680245993,-0.0977572168347246,0.3141809528839233,12.217,57.1
35361,1996-10-27 00:00:00,0.1368671402415428,-0.069229725697724,0.3429640061808097,12.217,57.1
35362,1996-10-28 00:00:00,0.3745015360642759,0.1653988152016756,0.5836042569268762,12.217,57.1
35363,1996-10-29 00:00:00,0.3968487248913703,0.1882285600802062,0.6054688897025345,12.217,57.1
35364,1996-10-30 00:00:00,0.2206976886256019,0.0120638976862455,0.4293314795649582,12.217,57.1
35365,1996-10-31 00:00:00,0.1299423595532505,-0.0786752592024024,0.3385599783089035,12.217,57.1
35366,1996-11-01 00:00:00,0.2487948813004609,0.0426891331430775,0.4549006294578443,12.217,57.1
35367,1996-11-02 00:00:00,0.2624325346077784,0.0550765144342859,0.4697885547812708,12.217,57.1
35368,1996-11-03 00:00:00,0.4838101778472436,0.2774054268063469,0.6902149288881405,12.217,57.1
35369,1996-11-04 00:00:00,0.6328851692968883,0.4250486854824868,0.8407216531112898,12.217,57.1
35370,1996-11-05 00:00:00,0.4260033844724092,0.2170661534949443,0.6349406154498742,12.217,57.1
35371,1996-11-06 00:00:00,0.6402269509483544,0.4303865841802919,0.8500673177164169,12.217,57.1
35372,1996-11-07 00:00:00,0.9405261859299529,0.722526665559454,1.1585257063004517,12.217,57.1
35373,1996-11-08 00:00:00,0.4365034486821414,0.2249376323308717,0.6480692650334111,12.217,57.1
35374,1996-11-09 00:00:00,0.1844629591613908,-0.0215731971314535,0.3904991154542352,12.217,57.1
35375,1996-11-10 00:00:00,0.2230253333976746,0.0165269162859912,0.4295237505093581,12.217,57.1
35376,1996-11-11 00:00:00,0.1276686805463684,-0.0785629249492992,0.333900286042036,12.217,57.1
35377,1996-11-12 00:00:00,0.0622653544416758,-0.1438642293042199,0.2683949381875715,12.217,57.1
35378,1996-11-13 00:00:00,0.1066719550581414,-0.0998514770417793,0.3131953871580622,12.217,57.1
35379,1996-11-14 00:00:00,0.0152512076629373,-0.1911245980831207,0.2216270134089954,12.217,57.1
35380,1996-11-15 00:00:00,0.0265639230454761,-0.1792519743666938,0.2323798204576461,12.217,57.1
35381,1996-11-16 00:00:00,0.1220196159332405,-0.0837063181110021,0.3277455499774832,12.217,57.1
35382,1996-11-17 00:00:00,0.1121303280348508,-0.0939591666935544,0.3182198227632561,12.217,57.1
35383,1996-11-18 00:00:00,0.2288677489001946,0.0223995506977737,0.4353359471026156,12.217,57.1
35384,1996-11-19 00:00:00,0.0936524504775437,-0.1122314562282467,0.2995363571833341,12.217,57.1
35385,1996-11-20 00:00:00,0.2104645900331533,0.0031905082935624,0.4177386717727441,12.217,57.1
35386,1996-11-21 00:00:00,0.2892469109021505,0.0830811900601027,0.4954126317441983,12.217,57.1
35387,1996-11-22 00:00:00,0.1298807029118557,-0.0762491741390906,0.3360105799628021,12.217,57.1
35388,1996-11-23 00:00:00,0.3114949509617179,0.1053882292213266,0.5176016727021091,12.217,57.1
35389,1996-11-24 00:00:00,0.1162284567206195,-0.0897615453565593,0.3222184587977984,12.217,57.1
35390,1996-11-25 00:00:00,0.0851391451580031,-0.1206668200203091,0.2909451103363155,12.217,57.1
35391,1996-11-26 00:00:00,0.1212601492317818,-0.0849710638496784,0.3274913623132421,12.217,57.1
35392,1996-11-27 00:00:00,-0.0540755600861819,-0.2600399375862857,0.1518888174139219,12.217,57.1
35393,1996-11-28 00:00:00,-0.0723082822814017,-0.2782172517417475,0.133600687178944,12.217,57.1
35394,1996-11-29 00:00:00,-0.0249108722483031,-0.2313868560817146,0.1815651115851083,12.217,57.1
35395,1996-11-30 00:00:00,0.1443536454865215,-0.062955783426148,0.3516630743991911,12.217,57.1
35396,1996-12-01 00:00:00,0.0805862686976175,-0.1266793901092363,0.2878519275044714,12.217,57.1
35397,1996-12-02 00:00:00,0.1570137636207943,-0.050079510586299,0.3641070378278878,12.217,57.1
35398,1996-12-03 00:00:00,0.1808209800820491,-0.0263425251230948,0.3879844852871932,12.217,57.1
35399,1996-12-04 00:00:00,0.1805038012708002,-0.0268702798461333,0.3878778823877337,12.217,57.1
35400,1996-12-05 00:00:00,0.2854811215105826,0.0752987741235939,0.4956634688975713,12.217,57.1
35401,1996-12-06 00:00:00,0.1758686710522497,-0.0321560242089993,0.3838933663134988,12.217,57.1
35402,1996-12-07 00:00:00,-0.0140418891570837,-0.2195949795315329,0.1915112012173655,12.217,57.1
35403,1996-12-08 00:00:00,-0.0063648816200759,-0.2119560396864482,0.1992262764462962,12.217,57.1
35404,1996-12-09 00:00:00,0.0704911070355194,-0.1350832099631022,0.2760654240341411,12.217,57.1
35405,1996-12-10 00:00:00,0.0355998308736827,-0.1700002676387622,0.2411999293861277,12.217,57.1
35406,1996-12-11 00:00:00,-0.0295885761586589,-0.2351231644507979,0.17594601213348,12.217,57.1
35407,1996-12-12 00:00:00,0.0455399301188824,-0.1599124884730866,0.2509923487108515,12.217,57.1
35408,1996-12-13 00:00:00,0.2465681094804593,0.0407231346486035,0.4524130843123152,12.217,57.1
35409,1996-12-14 00:00:00,0.074516114383945,-0.1318708281202228,0.2809030568881128,12.217,57.1
35410,1996-12-15 00:00:00,0.2093093719384448,0.0017716180784773,0.4168471257984122,12.217,57.1
35411,1996-12-16 00:00:00,0.1635985543835762,-0.0452072893738926,0.3724043981410451,12.217,57.1
35412,1996-12-17 00:00:00,0.0551848121540871,-0.150910505833497,0.2612801301416713,12.217,57.1
35413,1996-12-18 00:00:00,0.0774528914009879,-0.1282247789303549,0.283130561732331,12.217,57.1
35414,1996-12-19 00:00:00,0.0281925719848607,-0.1780924668451236,0.2344776108148451,12.217,57.1
35415,1996-12-20 00:00:00,-0.0735540160610191,-0.2795648364391632,0.1324568043171249,12.217,57.1
35416,1996-12-21 00:00:00,0.0200645216844815,-0.1857927624206881,0.2259218057896513,12.217,57.1
35417,1996-12-22 00:00:00,-0.0415256285083182,-0.2471864937861216,0.164135236769485,12.217,57.1
35418,1996-12-23 00:00:00,-0.0207941242075146,-0.2264665532699477,0.1848783048549184,12.217,57.1
35419,1996-12-24 00:00:00,0.0486018503718047,-0.1573501708430027,0.2545538715866122,12.217,57.1
35420,1996-12-25 00:00:00,-0.0268281663481268,-0.2330553133009346,0.1793989806046809,12.217,57.1
35421,1996-12-26 00:00:00,-0.1273033895223363,-0.3334994726840196,0.078892693639347,12.217,57.1
35422,1996-12-27 00:00:00,0.0169504660563939,-0.1891624456968873,0.2230633778096752,12.217,57.1
35423,1996-12-28 00:00:00,0.1106182768856397,-0.0953215770301281,0.3165581308014076,12.217,57.1
35424,1996-12-29 00:00:00,-0.0021619307510252,-0.2080111288905326,0.2036872673884821,12.217,57.1
35425,1996-12-30 00:00:00,0.0042830090602087,-0.2028528602726906,0.2114188783931081,12.217,57.1
35426,1996-12-31 00:00:00,-0.2013493020058062,-0.4094105952063306,0.0067119911947181,12.217,57.1
35427,1997-01-01 00:00:00,-0.0607366538866757,-0.2672677836140238,0.1457944758406724,12.217,57.1
35428,1997-01-02 00:00:00,-0.0197372599262155,-0.2254528080395729,0.1859782881871419,12.217,57.1
35429,1997-01-03 00:00:00,-0.0287002430154547,-0.2344301479923325,0.1770296619614229,12.217,57.1
35430,1997-01-04 00:00:00,-0.0481301273962328,-0.2539036912865273,0.1576434364940616,12.217,57.1
35431,1997-01-05 00:00:00,-0.0172468514547111,-0.2229098501029788,0.1884161471935566,12.217,57.1
35432,1997-01-06 00:00:00,-0.044002205994068,-0.2494977482098158,0.1614933362216797,12.217,57.1
35433,1997-01-07 00:00:00,0.0257155755590313,-0.1799413075209276,0.2313724586389902,12.217,57.1
35434,1997-01-08 00:00:00,0.0797534969427319,-0.1258716265727402,0.2853786204582041,12.217,57.1
35435,1997-01-09 00:00:00,0.0353016788297648,-0.1703347834568067,0.2409381411163363,12.217,57.1
35436,1997-01-10 00:00:00,0.0173061126053217,-0.188356618405774,0.2229688436164175,12.217,57.1
35437,1997-01-11 00:00:00,-0.0307008381631116,-0.2362229357361152,0.1748212594098918,12.217,57.1
35438,1997-01-12 00:00:00,-0.0279524663931931,-0.233513658595906,0.1776087258095197,12.217,57.1
35439,1997-01-13 00:00:00,0.2741978820223527,0.0679600069019406,0.4804357571427647,12.217,57.1
35440,1997-01-14 00:00:00,0.4878490254752284,0.2797229236964197,0.6959751272540371,12.217,57.1
35441,1997-01-15 00:00:00,0.187508100609239,-0.0202782965544896,0.3952944977729676,12.217,57.1
35442,1997-01-16 00:00:00,0.1029711766286501,-0.1027716014356486,0.3087139546929489,12.217,57.1
35443,1997-01-17 00:00:00,0.0699235342147715,-0.1356050201291978,0.2754520885587409,12.217,57.1
35444,1997-01-18 00:00:00,0.1140477406530511,-0.0914528549994186,0.3195483363055209,12.217,57.1
35445,1997-01-19 00:00:00,0.2449444287999762,0.0391857021786112,0.4507031554213412,12.217,57.1
35446,1997-01-20 00:00:00,0.0847066539623531,-0.1211057728106904,0.2905190807353968,12.217,57.1
35447,1997-01-21 00:00:00,-0.0079376115374786,-0.2136876933349096,0.1978124702599523,12.217,57.1
35448,1997-01-22 00:00:00,0.1133444706610691,-0.0923659316845132,0.3190548730066516,12.217,57.1
35449,1997-01-23 00:00:00,0.1236925981078855,-0.0821359203333088,0.3295211165490799,12.217,57.1
35450,1997-01-24 00:00:00,-0.0072682185543843,-0.2131138254158986,0.19857738830713,12.217,57.1
35451,1997-01-25 00:00:00,-0.0096978576115746,-0.2154575052392628,0.1960617900161135,12.217,57.1
35452,1997-01-26 00:00:00,-0.0566011099390991,-0.2621855949661197,0.1489833750879215,12.217,57.1
35453,1997-01-27 00:00:00,0.0111701871915619,-0.1945474671263809,0.2168878415095048,12.217,57.1
35454,1997-01-28 00:00:00,0.0806669203028005,-0.1251742710906558,0.2865081116962569,12.217,57.1
35455,1997-01-29 00:00:00,-0.0184542875006165,-0.2243056874369466,0.1873971124357136,12.217,57.1
35456,1997-01-30 00:00:00,-0.0395837275994689,-0.2453123757265496,0.1661449205276116,12.217,57.1
35457,1997-01-31 00:00:00,0.1235334485807565,-0.0827712340540053,0.3298381312155184,12.217,57.1
35458,1997-02-01 00:00:00,-0.0573196592348217,-0.2637186079613026,0.1490792894916591,12.217,57.1
35459,1997-02-02 00:00:00,-0.0545737120007762,-0.2605614390130687,0.1514140150115162,12.217,57.1
35460,1997-02-03 00:00:00,0.1176336229033034,-0.0880577797289786,0.3233250255355855,12.217,57.1
35461,1997-02-04 00:00:00,0.1560071760296053,-0.0514428830538851,0.3634572351130957,12.217,57.1
35462,1997-02-05 00:00:00,0.2929945045910606,0.0848217424430445,0.5011672667390765,12.217,57.1
35463,1997-02-06 00:00:00,0.1983794961811835,-0.0081010653565565,0.4048600577189235,12.217,57.1
35464,1997-02-07 00:00:00,0.1803028485013111,-0.0260892282454078,0.3866949252480302,12.217,57.1
35465,1997-02-08 00:00:00,0.5704956482920895,0.3625951813720416,0.7783961152121375,12.217,57.1
35466,1997-02-09 00:00:00,0.2167355811668033,0.0074777467888517,0.4259934155447548,12.217,57.1
35467,1997-02-10 00:00:00,0.4892179148939736,0.2821628091224679,0.6962730206654792,12.217,57.1
35468,1997-02-11 00:00:00,0.3544852415107562,0.1462810017903854,0.5626894812311269,12.217,57.1
35469,1997-02-12 00:00:00,0.6423906926092816,0.43315168588637,0.8516296993321932,12.217,57.1
35470,1997-02-13 00:00:00,0.2032487367790339,-0.0035566251542287,0.4100540987122966,12.217,57.1
35471,1997-02-14 00:00:00,0.3194633688138246,0.1128581028093909,0.5260686348182583,12.217,57.1
35472,1997-02-15 00:00:00,0.0934938900835387,-0.1132550423032952,0.3002428224703727,12.217,57.1
35473,1997-02-16 00:00:00,-0.0836110781475037,-0.2896362171418022,0.1224140608467947,12.217,57.1
35474,1997-02-17 00:00:00,0.018013349894825,-0.1880418900173952,0.2240685898070452,12.217,57.1
35475,1997-02-18 00:00:00,0.2008948423843546,-0.0061614596354136,0.407951144404123,12.217,57.1
35476,1997-02-19 00:00:00,0.3904229156833546,0.1809350945361725,0.5999107368305366,12.217,57.1
35477,1997-02-20 00:00:00,0.1941348349351113,-0.0164694665581882,0.404739136428411,12.217,57.1
35478,1997-02-21 00:00:00,0.4684499606704585,0.2536243456317036,0.6832755757092135,12.217,57.1
35479,1997-02-22 00:00:00,0.6857301757452676,0.4773642027499849,0.8940961487405503,12.217,57.1
35480,1997-02-23 00:00:00,0.368796298177753,0.1610031386897569,0.5765894576657491,12.217,57.1
35481,1997-02-24 00:00:00,0.3388153235842956,0.1324438685629323,0.545186778605659,12.217,57.1
35482,1997-02-25 00:00:00,0.3437987827054687,0.1353289843962384,0.5522685810146991,12.217,57.1
35483,1997-02-26 00:00:00,0.7725313684848417,0.5595356115627965,0.9855271254068868,12.217,57.1
35484,1997-02-27 00:00:00,0.3323510674512082,0.1240940318312755,0.5406081030711409,12.217,57.1
35485,1997-02-28 00:00:00,0.022617485004252,-0.1839135954001821,0.2291485654086862,12.217,57.1
35486,1997-03-01 00:00:00,0.2773815736824976,0.0712335453268212,0.4835296020381741,12.217,57.1
35487,1997-03-02 00:00:00,0.2610450014043086,0.0535791501246875,0.4685108526839298,12.217,57.1
35488,1997-03-03 00:00:00,0.849458444239183,0.6364298797779822,1.062487008700384,12.217,57.1
35489,1997-03-04 00:00:00,0.2749312994340108,0.0637374359106882,0.4861251629573334,12.217,57.1
35490,1997-03-05 00:00:00,0.0345702423820358,-0.171471264651107,0.2406117494151786,12.217,57.1
35491,1997-03-06 00:00:00,0.144921804175007,-0.0607203652109438,0.3505639735609579,12.217,57.1
35492,1997-03-07 00:00:00,-0.0118556551845707,-0.2181239425314486,0.194412632162307,12.217,57.1
35493,1997-03-08 00:00:00,0.0355554615017662,-0.170297819142768,0.2414087421463006,12.217,57.1
35494,1997-03-09 00:00:00,-0.0459577970614191,-0.2521003126227548,0.1601847184999164,12.217,57.1
35495,1997-03-10 00:00:00,-0.0381593240678774,-0.2437193850512711,0.1674007369155161,12.217,57.1
35496,1997-03-11 00:00:00,0.0351899151954327,-0.1704338257180399,0.2408136561089055,12.217,57.1
35497,1997-03-12 00:00:00,-0.0383100498907552,-0.2439866231222533,0.1673665233407429,12.217,57.1
35498,1997-03-13 00:00:00,0.1181059454797041,-0.087685777028252,0.3238976679876603,12.217,57.1
35499,1997-03-14 00:00:00,0.2123784291968894,0.0057150403490897,0.4190418180446891,12.217,57.1
35500,1997-03-15 00:00:00,0.0979412643408497,-0.10816146711459,0.3040439957962895,12.217,57.1
35501,1997-03-16 00:00:00,0.021997963266299,-0.1838529435548615,0.2278488700874596,12.217,57.1
35502,1997-03-17 00:00:00,-0.0359922119276472,-0.2417499140733084,0.1697654902180138,12.217,57.1
35503,1997-03-18 00:00:00,-0.0364738510304415,-0.2421748898837828,0.1692271878228998,12.217,57.1
35504,1997-03-19 00:00:00,0.1188606132367813,-0.0872621351624981,0.3249833616360609,12.217,57.1
35505,1997-03-20 00:00:00,0.0448139364499922,-0.1624072346013137,0.2520351075012982,12.217,57.1
35506,1997-03-21 00:00:00,0.0159047122773134,-0.1896492078081571,0.221458632362784,12.217,57.1
35507,1997-03-22 00:00:00,-0.0424741745658817,-0.2480358919663518,0.1630875428345882,12.217,57.1
35508,1997-03-23 00:00:00,0.0009776481823138,-0.2046503775422651,0.2066056739068927,12.217,57.1
35509,1997-03-24 00:00:00,0.0886200473945633,-0.1170091132826197,0.2942492080717466,12.217,57.1
35510,1997-03-25 00:00:00,0.050789548112226,-0.1547450021036568,0.256324098328109,12.217,57.1
35511,1997-03-26 00:00:00,0.0853870916967637,-0.120737394928716,0.2915115783222436,12.217,57.1
35512,1997-03-27 00:00:00,0.5879001720344588,0.3736208806605523,0.8021794634083652,12.217,57.1
35513,1997-03-28 00:00:00,0.7559890540544543,0.5401862852507244,0.971791822858184,12.217,57.1
35514,1997-03-29 00:00:00,0.3047596283367816,0.0969990579322548,0.5125201987413084,12.217,57.1
35515,1997-03-30 00:00:00,0.1072001964058731,-0.0993311714880259,0.3137315642997723,12.217,57.1
35516,1997-03-31 00:00:00,0.2895755880629591,0.0836353385241418,0.4955158376017764,12.217,57.1
35517,1997-04-01 00:00:00,0.3244268919620141,0.1184399875067046,0.5304137964173237,12.217,57.1
35518,1997-04-02 00:00:00,0.2957760326911324,0.0878995079765789,0.5036525574056859,12.217,57.1
35519,1997-04-03 00:00:00,0.2154177158663286,0.0082843439153743,0.422551087817283,12.217,57.1
35520,1997-04-04 00:00:00,0.3513046783056045,0.1439232673102083,0.5586860893010007,12.217,57.1
35521,1997-04-05 00:00:00,0.1848180327927242,-0.0218223850653875,0.391458450650836,12.217,57.1
35522,1997-04-06 00:00:00,0.0904464586412724,-0.1160606290225462,0.2969535463050912,12.217,57.1
35523,1997-04-07 00:00:00,-0.0152651149097389,-0.222859089771744,0.1923288599522661,12.217,57.1
35524,1997-04-08 00:00:00,-0.0672088715656836,-0.2728253521841537,0.1384076090527864,12.217,57.1
35525,1997-04-09 00:00:00,0.0172514255666228,-0.1882949528210263,0.222797803954272,12.217,57.1
35526,1997-04-10 00:00:00,0.0902461582080246,-0.1155842954010583,0.2960766118171075,12.217,57.1
35527,1997-04-11 00:00:00,0.5017381556641647,0.2945953094701837,0.7088810018581456,12.217,57.1
35528,1997-04-12 00:00:00,0.6121750940790269,0.3798927178812666,0.8444574702767872,12.217,57.1
35529,1997-04-13 00:00:00,0.0125693749879228,-0.1953338229528479,0.2204725729286936,12.217,57.1
35530,1997-04-14 00:00:00,0.1424829719334354,-0.0635112960242007,0.3484772398910716,12.217,57.1
35531,1997-04-15 00:00:00,0.1975951904538116,-0.0111582052123888,0.406348586120012,12.217,57.1
35532,1997-04-16 00:00:00,0.1642421110151695,-0.0489495218908813,0.3774337439212204,12.217,57.1
35533,1997-04-17 00:00:00,-0.0626246443442548,-0.2684320377367178,0.1431827490482082,12.217,57.1
35534,1997-04-18 00:00:00,-0.0022676209690817,-0.207947612417649,0.2034123704794855,12.217,57.1
35535,1997-04-19 00:00:00,0.1234642445627884,-0.0832183652925526,0.3301468544181295,12.217,57.1
35536,1997-04-20 00:00:00,0.0217813299172234,-0.1843335312067051,0.2278961910411521,12.217,57.1
35537,1997-04-21 00:00:00,0.0437005382693312,-0.161941880992981,0.2493429575316434,12.217,57.1
35538,1997-04-22 00:00:00,0.2688221068124879,0.0624463209004087,0.4751978927245671,12.217,57.1
35539,1997-04-23 00:00:00,0.1753764731895306,-0.030757268599516,0.3815102149785773,12.217,57.1
35540,1997-04-24 00:00:00,0.2022806547110127,-0.0036220640852193,0.4081833735072447,12.217,57.1
35541,1997-04-25 00:00:00,0.3699001510242259,0.1622877094187883,0.5775125926296636,12.217,57.1
35542,1997-04-26 00:00:00,0.0529972583325897,-0.1534757306850994,0.2594702473502788,12.217,57.1
35543,1997-04-27 00:00:00,0.075562892986505,-0.1300017207976655,0.2811275067706755,12.217,57.1
35544,1997-04-28 00:00:00,0.0853610547793971,-0.1202258914537875,0.2909480010125818,12.217,57.1
35545,1997-04-29 00:00:00,0.1589112167500388,-0.0467667760524605,0.3645892095525381,12.217,57.1
35546,1997-04-30 00:00:00,-0.0128097217096221,-0.2187234193512527,0.1931039759320083,12.217,57.1
35547,1997-05-01 00:00:00,-0.0019206552508033,-0.2079552404347746,0.2041139299331679,12.217,57.1
35548,1997-05-02 00:00:00,0.1727199320555983,-0.0333276915303712,0.3787675556415678,12.217,57.1
35549,1997-05-03 00:00:00,0.2108476479490048,0.0045466471823099,0.4171486487156997,12.217,57.1
35550,1997-05-04 00:00:00,0.1143500596360834,-0.0920700512455093,0.3207701705176762,12.217,57.1
35551,1997-05-05 00:00:00,0.225545198689587,0.0196762317811991,0.4314141655979749,12.217,57.1
35552,1997-05-06 00:00:00,0.2840290685975303,0.0777372787105474,0.4903208584845131,12.217,57.1
35553,1997-05-07 00:00:00,0.1612998539351998,-0.0449450575123375,0.3675447653827373,12.217,57.1
35554,1997-05-08 00:00:00,0.2283708065479343,0.0221254261181678,0.4346161869777008,12.217,57.1
35555,1997-05-09 00:00:00,0.1470791573033376,-0.0588686362284617,0.3530269508351369,12.217,57.1
35556,1997-05-10 00:00:00,0.131359174845019,-0.0752172686060004,0.3379356182960384,12.217,57.1
35557,1997-05-11 00:00:00,0.1944179869135902,-0.0118505339514286,0.400686507778609,12.217,57.1
35558,1997-05-12 00:00:00,0.113023966432617,-0.0929629868566796,0.3190109197219136,12.217,57.1
35559,1997-05-13 00:00:00,0.0793366984928279,-0.1265780311949493,0.2852514281806051,12.217,57.1
35560,1997-05-14 00:00:00,0.035046800984315,-0.1706820985008024,0.2407757004694325,12.217,57.1
35561,1997-05-15 00:00:00,-0.014880710659484,-0.2212053389390628,0.1914439176200948,12.217,57.1
35562,1997-05-16 00:00:00,-0.0682122659854506,-0.2738754247353442,0.1374508927644429,12.217,57.1
35563,1997-05-17 00:00:00,-0.0135380841539348,-0.2191554092066202,0.1920792408987505,12.217,57.1
35564,1997-05-18 00:00:00,-0.0271851989418469,-0.2330187825759899,0.1786483846922959,12.217,57.1
35565,1997-05-19 00:00:00,0.053386428270561,-0.1525430154250216,0.2593158719661437,12.217,57.1
35566,1997-05-20 00:00:00,0.071826214365975,-0.1340409118848463,0.2776933406167964,12.217,57.1
35567,1997-05-21 00:00:00,0.0292959133843111,-0.1763951578668973,0.2349869846355197,12.217,57.1
35568,1997-05-22 00:00:00,0.0183107280688009,-0.1873903117481248,0.2240117678857268,12.217,57.1
35569,1997-05-23 00:00:00,0.0092931716487311,-0.1962888424417044,0.2148751857391666,12.217,57.1
35570,1997-05-24 00:00:00,0.0026169862424924,-0.2029167489718028,0.2081507214567876,12.217,57.1
35571,1997-05-25 00:00:00,-0.0410429263877041,-0.2466742567333556,0.1645884039579474,12.217,57.1
35572,1997-05-26 00:00:00,0.0130310282770725,-0.1924619635283248,0.2185240200824699,12.217,57.1
35573,1997-05-27 00:00:00,0.0890638013838561,-0.1165650258992977,0.2946926286670101,12.217,57.1
35574,1997-05-28 00:00:00,-0.0313747096864122,-0.2372904286127588,0.1745410092399343,12.217,57.1
35575,1997-05-29 00:00:00,-0.0266546652032702,-0.2324361058426968,0.1791267754361564,12.217,57.1
35576,1997-05-30 00:00:00,0.0885595694071459,-0.1190765247490183,0.2961956635633103,12.217,57.1
35577,1997-05-31 00:00:00,-0.0807369777824283,-0.2871330618834098,0.1256591063185532,12.217,57.1
35578,1997-06-01 00:00:00,-0.1037038968929841,-0.3093541803475759,0.1019463865616077,12.217,57.1
35579,1997-06-02 00:00:00,-0.078973519501373,-0.2848133553573064,0.1268663163545602,12.217,57.1
35580,1997-06-03 00:00:00,-0.0347009799811947,-0.2401950020097499,0.1707930420473603,12.217,57.1
35581,1997-06-04 00:00:00,0.0348951825634463,-0.170705931963254,0.2404962970901467,12.217,57.1
35582,1997-06-05 00:00:00,0.0728973076110187,-0.1327870894500949,0.2785817046721324,12.217,57.1
35583,1997-06-06 00:00:00,0.06661355703353,-0.1388637071727146,0.2720908212397748,12.217,57.1
35584,1997-06-07 00:00:00,0.0525765274668689,-0.1529723453051432,0.2581254002388812,12.217,57.1
35585,1997-06-08 00:00:00,0.0429996854314537,-0.1629543125093675,0.2489536833722749,12.217,57.1
35586,1997-06-09 00:00:00,0.072652478753484,-0.1331913615191397,0.2784963190261077,12.217,57.1
35587,1997-06-10 00:00:00,-0.0360761853158624,-0.2418209755367263,0.1696686049050015,12.217,57.1
35588,1997-06-11 00:00:00,0.0172601134734265,-0.1882250089695788,0.222745235916432,12.217,57.1
35589,1997-06-12 00:00:00,0.0519142025468579,-0.1536211111486941,0.2574495162424099,12.217,57.1
35590,1997-06-13 00:00:00,0.1111785147073999,-0.0943574432866804,0.3167144727014803,12.217,57.1
35591,1997-06-14 00:00:00,0.0851789838907485,-0.1203426237892314,0.2907005915707285,12.217,57.1
35592,1997-06-15 00:00:00,0.115107422543407,-0.0903650870149804,0.3205799321017946,12.217,57.1
35593,1997-06-16 00:00:00,0.1462409525421265,-0.0594781876741423,0.3519600927583954,12.217,57.1
35594,1997-06-17 00:00:00,0.1278361280707779,-0.0780427289103981,0.333714985051954,12.217,57.1
35595,1997-06-18 00:00:00,0.0697621711619325,-0.1359192173177965,0.2754435596416615,12.217,57.1
35596,1997-06-19 00:00:00,0.0425349510473289,-0.1630587466651901,0.248128648759848,12.217,57.1
35597,1997-06-20 00:00:00,0.0665975670389832,-0.1389233767346565,0.2721185108126229,12.217,57.1
35598,1997-06-21 00:00:00,0.1419573481752023,-0.0635449969023889,0.3474596932527936,12.217,57.1
35599,1997-06-22 00:00:00,0.1807501194950748,-0.0250285423207849,0.3865287813109346,12.217,57.1
35600,1997-06-23 00:00:00,0.1452027799780342,-0.0609337001058857,0.3513392600619542,12.217,57.1
35601,1997-06-24 00:00:00,0.1366735669049929,-0.0688669604416813,0.3422140942516671,12.217,57.1
35602,1997-06-25 00:00:00,0.2080604063337752,0.0020920323294247,0.4140287803381258,12.217,57.1
35603,1997-06-26 00:00:00,0.2251551856063847,0.0191130857230243,0.4311972854897452,12.217,57.1
35604,1997-06-27 00:00:00,0.063069176922747,-0.1428764857582931,0.2690148396037872,12.217,57.1
35605,1997-06-28 00:00:00,0.0166708120641659,-0.1891821815089546,0.2225238056372864,12.217,57.1
35606,1997-06-29 00:00:00,0.065849682549605,-0.141770124150045,0.273469489249255,12.217,57.1
35607,1997-06-30 00:00:00,-0.0191085457514713,-0.2253623253686897,0.187145233865747,12.217,57.1
35608,1997-07-01 00:00:00,0.1614063479756815,-0.0450227457658455,0.3678354417172086,12.217,57.1
35609,1997-07-02 00:00:00,0.048505936332173,-0.1574554578443696,0.2544673305087158,12.217,57.1
35610,1997-07-03 00:00:00,0.0785764946574629,-0.1271461976391313,0.2842991869540572,12.217,57.1
35611,1997-07-04 00:00:00,0.0395093947904353,-0.1660406221976199,0.2450594117784906,12.217,57.1
35612,1997-07-05 00:00:00,0.0092027280466609,-0.1962496955995147,0.2146551516928365,12.217,57.1
35613,1997-07-06 00:00:00,0.0055333818794369,-0.1999877970623756,0.2110545608212495,12.217,57.1
35614,1997-07-07 00:00:00,0.0244744153263875,-0.1810930480485278,0.2300418787013029,12.217,57.1
35615,1997-07-08 00:00:00,0.0394352164171508,-0.1663274385181967,0.2451978713524985,12.217,57.1
35616,1997-07-09 00:00:00,-0.0121054030283847,-0.2180842356172461,0.1938734295604765,12.217,57.1
35617,1997-07-10 00:00:00,0.0036995158313102,-0.2020707853342522,0.2094698169968727,12.217,57.1
35618,1997-07-11 00:00:00,0.0314460283893837,-0.1740811524932031,0.2369732092719705,12.217,57.1
35619,1997-07-12 00:00:00,0.0085204488445575,-0.1970066069115485,0.2140475046006636,12.217,57.1
35620,1997-07-13 00:00:00,-0.0074874230982523,-0.2129583141579675,0.1979834679614628,12.217,57.1
35621,1997-07-14 00:00:00,0.0207765103098547,-0.1846169248144743,0.2261699454341839,12.217,57.1
35622,1997-07-15 00:00:00,0.0149278205119813,-0.1904919951119609,0.2203476361359236,12.217,57.1
35623,1997-07-16 00:00:00,0.0116801738380082,-0.1936979850283177,0.2170583327043343,12.217,57.1
35624,1997-07-17 00:00:00,0.0517443143323361,-0.1536583747329068,0.257147003397579,12.217,57.1
35625,1997-07-18 00:00:00,0.0298116519652564,-0.1756504295657243,0.2352737334962372,12.217,57.1
35626,1997-07-19 00:00:00,-0.0744502060968512,-0.2801297700004589,0.1312293578067564,12.217,57.1
35627,1997-07-20 00:00:00,-0.0887250562260883,-0.2943825811157594,0.1169324686635826,12.217,57.1
35628,1997-07-21 00:00:00,-0.08138544554055,-0.2874730300438263,0.1247021389627263,12.217,57.1
35629,1997-07-22 00:00:00,-0.0742864347671251,-0.2800002843022373,0.1314274147679871,12.217,57.1
35630,1997-07-23 00:00:00,-0.0342410292502755,-0.2396864780118766,0.1712044195113254,12.217,57.1
35631,1997-07-24 00:00:00,0.0083942215243528,-0.1970079251558749,0.2137963682045806,12.217,57.1
35632,1997-07-25 00:00:00,0.0490092267376695,-0.1564400556458336,0.2544585091211728,12.217,57.1
35633,1997-07-26 00:00:00,0.0710095630848732,-0.1343982935133524,0.2764174196830988,12.217,57.1
35634,1997-07-27 00:00:00,0.07645834400299,-0.1290041663926454,0.2819208543986256,12.217,57.1
35635,1997-07-28 00:00:00,0.1489716655366947,-0.0574551354750818,0.3553984665484714,12.217,57.1
35636,1997-07-29 00:00:00,0.2713940231229083,0.06477276967038,0.4780152765754364,12.217,57.1
35637,1997-07-30 00:00:00,0.0698508469111481,-0.1358396305464157,0.275541324368712,12.217,57.1
35638,1997-07-31 00:00:00,0.1303845464308562,-0.0751145670214151,0.3358836598831277,12.217,57.1
35639,1997-08-01 00:00:00,0.1097781614161372,-0.095851149063873,0.3154074718961475,12.217,57.1
35640,1997-08-02 00:00:00,0.0507551215686305,-0.1548043098552746,0.2563145529925356,12.217,57.1
35641,1997-08-03 00:00:00,0.024020980230307,-0.1814118296377495,0.2294537900983635,12.217,57.1
35642,1997-08-04 00:00:00,0.0045589327686383,-0.2008099766045373,0.209927842141814,12.217,57.1
35643,1997-08-05 00:00:00,-0.0437717041906792,-0.2491917316542627,0.1616483232729041,12.217,57.1
35644,1997-08-06 00:00:00,-0.0511897153411777,-0.2566128447849031,0.1542334141025474,12.217,57.1
35645,1997-08-07 00:00:00,-0.0351589205599908,-0.2406175600001579,0.1702997188801762,12.217,57.1
35646,1997-08-08 00:00:00,-0.0209360719080901,-0.2264597763058372,0.1845876324896569,12.217,57.1
35647,1997-08-09 00:00:00,0.0180962256457079,-0.1874160965399938,0.2236085478314097,12.217,57.1
35648,1997-08-10 00:00:00,0.0480598807719408,-0.1574767670326313,0.253596528576513,12.217,57.1
35649,1997-08-11 00:00:00,0.0196371387754482,-0.1859157915644473,0.2251900691153437,12.217,57.1
35650,1997-08-12 00:00:00,-0.0303960012957362,-0.2359355633531548,0.1751435607616822,12.217,57.1
35651,1997-08-13 00:00:00,-0.0053186466237099,-0.2110412450734477,0.2004039518260278,12.217,57.1
35652,1997-08-14 00:00:00,0.0066913969507388,-0.1988636038118931,0.2122463977133709,12.217,57.1
35653,1997-08-15 00:00:00,0.0451800528719378,-0.1603692788774348,0.2507293846213105,12.217,57.1
35654,1997-08-16 00:00:00,0.0357991263597871,-0.1698392030721399,0.2414374557917143,12.217,57.1
35655,1997-08-17 00:00:00,0.0192354693293889,-0.1863213489304781,0.2247922875892559,12.217,57.1
35656,1997-08-18 00:00:00,0.0316360068376561,-0.1737389546429661,0.2370109683182783,12.217,57.1
35657,1997-08-19 00:00:00,0.0119371171363834,-0.1934420748317226,0.2173163091044894,12.217,57.1
35658,1997-08-20 00:00:00,0.0113769771997008,-0.1940169958906996,0.2167709502901013,12.217,57.1
35659,1997-08-21 00:00:00,0.0175821816136456,-0.1878632749137288,0.22302763814102,12.217,57.1
35660,1997-08-22 00:00:00,0.064503374352823,-0.1411530622265208,0.270159810932167,12.217,57.1
35661,1997-08-23 00:00:00,0.0720677999579186,-0.1338731452764592,0.2780087451922964,12.217,57.1
35662,1997-08-24 00:00:00,0.1175763559488935,-0.0879696022957491,0.3231223141935363,12.217,57.1
35663,1997-08-25 00:00:00,0.0754404550002961,-0.1303652683320083,0.2812461783326006,12.217,57.1
35664,1997-08-26 00:00:00,0.1457657797324191,-0.0599741220101971,0.3515056814750354,12.217,57.1
35665,1997-08-27 00:00:00,0.0262328878000577,-0.1800832517280679,0.2325490273281834,12.217,57.1
35666,1997-08-28 00:00:00,0.1119644009172103,-0.0937363114107527,0.3176651132451734,12.217,57.1
35667,1997-08-29 00:00:00,0.1906921688194166,-0.015238594493665,0.3966229321324983,12.217,57.1
35668,1997-08-30 00:00:00,0.0252354152177157,-0.1809303601005905,0.2314011905360219,12.217,57.1
35669,1997-08-31 00:00:00,0.0356778521182562,-0.1700316921893104,0.241387396425823,12.217,57.1
35670,1997-09-01 00:00:00,0.0476730635440169,-0.1578742653538943,0.2532203924419281,12.217,57.1
35671,1997-09-02 00:00:00,0.0758689944400341,-0.1296251508730191,0.2813631397530874,12.217,57.1
35672,1997-09-03 00:00:00,-0.0297858046074849,-0.2355727679627061,0.1760011587477363,12.217,57.1
35673,1997-09-04 00:00:00,0.0316005569082708,-0.1739483478444302,0.237149461660972,12.217,57.1
35674,1997-09-05 00:00:00,0.107443517572337,-0.0980897964223036,0.3129768315669777,12.217,57.1
35675,1997-09-06 00:00:00,0.083441267738515,-0.1220675154220847,0.2889500508991149,12.217,57.1
35676,1997-09-07 00:00:00,0.2059904146942238,0.000442800826625,0.4115380285618226,12.217,57.1
35677,1997-09-08 00:00:00,0.2219568412848429,0.0159264204289854,0.4279872621407005,12.217,57.1
35678,1997-09-09 00:00:00,0.5724707557875827,0.3650746476419047,0.7798668639332607,12.217,57.1
35679,1997-09-10 00:00:00,0.3176282083839581,0.1088948458550096,0.5263615709129066,12.217,57.1
35680,1997-09-11 00:00:00,0.0653011176845476,-0.1419411247740742,0.2725433601431696,12.217,57.1
35681,1997-09-12 00:00:00,0.1868412757321042,-0.0189596123973833,0.3926421638615918,12.217,57.1
35682,1997-09-13 00:00:00,0.3040765366493851,0.0979175899333293,0.510235483365441,12.217,57.1
35683,1997-09-14 00:00:00,0.492454893866149,0.2854594165936553,0.6994503711386426,12.217,57.1
35684,1997-09-15 00:00:00,0.2655494107730835,0.0585519157762736,0.4725469057698934,12.217,57.1
35685,1997-09-16 00:00:00,0.2850363522469518,0.0787409867587331,0.4913317177351704,12.217,57.1
35686,1997-09-17 00:00:00,0.3205900966959921,0.1119897663322405,0.5291904270597437,12.217,57.1
35687,1997-09-18 00:00:00,0.29084522471461,0.082273967310423,0.4994164821187971,12.217,57.1
35688,1997-09-19 00:00:00,0.0551126362370813,-0.1507700090214273,0.2609952814955901,12.217,57.1
35689,1997-09-20 00:00:00,-0.0234261947172541,-0.2291289081311219,0.1822765186966137,12.217,57.1
35690,1997-09-21 00:00:00,-0.0116555108636621,-0.2172555665867782,0.1939445448594539,12.217,57.1
35691,1997-09-22 00:00:00,0.0618297572995656,-0.1437082382352132,0.2673677528343445,12.217,57.1
35692,1997-09-23 00:00:00,0.06005930476312,-0.14544084341509,0.2655594529413301,12.217,57.1
35693,1997-09-24 00:00:00,0.0266005241356732,-0.1793604579208716,0.2325615061922181,12.217,57.1
35694,1997-09-25 00:00:00,-0.0558716718807393,-0.2615190635902555,0.1497757198287768,12.217,57.1
35695,1997-09-26 00:00:00,-0.0401914200254134,-0.2456634083542931,0.1652805683034661,12.217,57.1
35696,1997-09-27 00:00:00,-0.0348158002483296,-0.2403399833101141,0.1707083828134548,12.217,57.1
35697,1997-09-28 00:00:00,0.0084043949313341,-0.1971053061283104,0.2139140959909787,12.217,57.1
35698,1997-09-29 00:00:00,0.061543660506624,-0.1439237285601011,0.2670110495733491,12.217,57.1
35699,1997-09-30 00:00:00,0.066493466839382,-0.1390513574364013,0.2720382911151653,12.217,57.1
35700,1997-10-01 00:00:00,0.0394446991682905,-0.166626961071865,0.245516359408446,12.217,57.1
35701,1997-10-02 00:00:00,0.4365128706100679,0.2278634795685635,0.6451622616515722,12.217,57.1
35702,1997-10-03 00:00:00,0.2223227879749567,0.0098574543542648,0.4347881215956486,12.217,57.1
35703,1997-10-04 00:00:00,0.128643330135725,-0.0781956527034003,0.3354823129748504,12.217,57.1
35704,1997-10-05 00:00:00,0.478037737297899,0.2704541684674201,0.6856213061283779,12.217,57.1
35705,1997-10-06 00:00:00,0.1404842032398509,-0.0676271914040954,0.3485955978837972,12.217,57.1
35706,1997-10-07 00:00:00,0.1265016890376016,-0.0790164400887636,0.3320198181639668,12.217,57.1
35707,1997-10-08 00:00:00,0.3314453413560556,0.1245839306317686,0.5383067520803426,12.217,57.1
35708,1997-10-09 00:00:00,0.1177471770523702,-0.0899292187376332,0.3254235728423736,12.217,57.1
35709,1997-10-10 00:00:00,0.2294982973640306,0.0226193510623276,0.4363772436657336,12.217,57.1
35710,1997-10-11 00:00:00,0.3645654977021746,0.1563951393826873,0.5727358560216619,12.217,57.1
35711,1997-10-12 00:00:00,0.1677905267855031,-0.0399850092342562,0.3755660628052624,12.217,57.1
35712,1997-10-13 00:00:00,0.135618245144333,-0.0703357028073314,0.3415721930959975,12.217,57.1
35713,1997-10-14 00:00:00,0.0209926133270289,-0.1849150731999246,0.2269002998539824,12.217,57.1
35714,1997-10-15 00:00:00,-0.0001807858454002,-0.2060343849520313,0.2056728132612308,12.217,57.1
35715,1997-10-16 00:00:00,0.0034458608820312,-0.2022339850431287,0.2091257068071912,12.217,57.1
35716,1997-10-17 00:00:00,0.0278215857608286,-0.1780505912761406,0.2336937627977979,12.217,57.1
35717,1997-10-18 00:00:00,0.1349930852038471,-0.0709257619875639,0.3409119323952582,12.217,57.1
35718,1997-10-19 00:00:00,0.2689641249103011,0.0628840335169183,0.4750442163036839,12.217,57.1
35719,1997-10-20 00:00:00,0.0618475076001413,-0.144309521205958,0.2680045364062408,12.217,57.1
35720,1997-10-21 00:00:00,-0.0025644339153819,-0.2089099559987144,0.2037810881679504,12.217,57.1
35721,1997-10-22 00:00:00,0.032460368203064,-0.1734354250327817,0.2383561614389099,12.217,57.1
35722,1997-10-23 00:00:00,0.1407441074936254,-0.0651915557748282,0.3466797707620791,12.217,57.1
35723,1997-10-24 00:00:00,0.0996580809483889,-0.107764195200233,0.307080357097011,12.217,57.1
35724,1997-10-25 00:00:00,-0.0871558925166797,-0.294450251280352,0.1201384662469926,12.217,57.1
35725,1997-10-26 00:00:00,-0.0180486244669432,-0.2240569147109731,0.1879596657770866,12.217,57.1
35726,1997-10-27 00:00:00,-0.1053208554737043,-0.3112061125486421,0.1005644016012333,12.217,57.1
35727,1997-10-28 00:00:00,-0.1386564254659339,-0.3443860694040296,0.0670732184721616,12.217,57.1
35728,1997-10-29 00:00:00,-0.0234577386670967,-0.229225686244256,0.1823102089100625,12.217,57.1
35729,1997-10-30 00:00:00,-0.0175631744638648,-0.2234005066467491,0.1882741577190194,12.217,57.1
35730,1997-10-31 00:00:00,0.03613616842197,-0.1694070696145739,0.2416794064585141,12.217,57.1
35731,1997-11-01 00:00:00,0.1233678649232462,-0.0824022328287333,0.3291379626752257,12.217,57.1
35732,1997-11-02 00:00:00,0.1397539526570318,-0.0668928399769833,0.346400745291047,12.217,57.1
35733,1997-11-03 00:00:00,0.0272517655186164,-0.1801172520710261,0.234620783108259,12.217,57.1
35734,1997-11-04 00:00:00,-0.0604664858964869,-0.2690217254733446,0.1480887536803706,12.217,57.1
35735,1997-11-05 00:00:00,0.023124585701995,-0.1828485349672466,0.2290977063712366,12.217,57.1
35736,1997-11-06 00:00:00,0.2610553007493884,0.054967625081287,0.4671429764174898,12.217,57.1
35737,1997-11-07 00:00:00,0.2059247119298542,-5.356683485613356e-06,0.4118547805431941,12.217,57.1
35738,1997-11-08 00:00:00,0.3173730024588756,0.1106725285313795,0.5240734763863717,12.217,57.1
35739,1997-11-09 00:00:00,0.2237920726876984,0.0170150395724131,0.4305691058029837,12.217,57.1
35740,1997-11-10 00:00:00,0.2628982172749988,0.0571363056804533,0.4686601288695443,12.217,57.1
35741,1997-11-11 00:00:00,0.2147939447728492,0.0090820341392009,0.4205058554064975,12.217,57.1
35742,1997-11-12 00:00:00,0.2120303304650269,0.0062603805732288,0.4178002803568251,12.217,57.1
35743,1997-11-13 00:00:00,0.091863431672849,-0.1137626812822899,0.2974895446279881,12.217,57.1
35744,1997-11-14 00:00:00,0.132330958224344,-0.0739651788848743,0.3386270953335623,12.217,57.1
35745,1997-11-15 00:00:00,0.1476116480447613,-0.0582414492631495,0.3534647453526721,12.217,57.1
35746,1997-11-16 00:00:00,0.0644615238890403,-0.1415581624055105,0.2704812101835913,12.217,57.1
35747,1997-11-17 00:00:00,0.0044212678976149,-0.2011741026595173,0.2100166384547471,12.217,57.1
35748,1997-11-18 00:00:00,0.0225314671153649,-0.1831194047737283,0.2281823390044582,12.217,57.1
35749,1997-11-19 00:00:00,0.0588281064557609,-0.146930412621709,0.2645866255332308,12.217,57.1
35750,1997-11-20 00:00:00,0.0640222258444962,-0.1420960068721245,0.270140458561117,12.217,57.1
35751,1997-11-21 00:00:00,0.0884666077832732,-0.117416942345591,0.2943501579121376,12.217,57.1
35752,1997-11-22 00:00:00,-0.0270128003197134,-0.2328359971567626,0.1788103965173357,12.217,57.1
35753,1997-11-23 00:00:00,-0.0444831173198918,-0.25013190350273,0.1611656688629463,12.217,57.1
35754,1997-11-24 00:00:00,-0.0713762183865311,-0.2770101484453823,0.1342577116723201,12.217,57.1
35755,1997-11-25 00:00:00,0.0020480874721103,-0.203508640696089,0.2076048156403097,12.217,57.1
35756,1997-11-26 00:00:00,-0.0283974495791972,-0.2340834492595517,0.1772885501011571,12.217,57.1
35757,1997-11-27 00:00:00,-0.0469831954741361,-0.2526536041931795,0.1586872132449073,12.217,57.1
35758,1997-11-28 00:00:00,-0.0072460315547003,-0.213011195233911,0.1985191321245103,12.217,57.1
35759,1997-11-29 00:00:00,0.0861381027451419,-0.119573264524092,0.2918494700143759,12.217,57.1
35760,1997-11-30 00:00:00,0.124970960026322,-0.0807710317967528,0.330712951849397,12.217,57.1
35761,1997-12-01 00:00:00,0.0727774995483082,-0.1331493920767269,0.2787043911733435,12.217,57.1
35762,1997-12-02 00:00:00,-0.0027178577573246,-0.2087268968095733,0.2032911812949241,12.217,57.1
35763,1997-12-03 00:00:00,-0.0060117846145496,-0.2117900851805721,0.1997665159514729,12.217,57.1
35764,1997-12-04 00:00:00,-0.0584043641798389,-0.2642258374079652,0.1474171090482873,12.217,57.1
35765,1997-12-05 00:00:00,-0.0189557380164676,-0.2246371778724514,0.1867257018395162,12.217,57.1
35766,1997-12-06 00:00:00,0.2560897528320746,0.0502418299938357,0.4619376756703135,12.217,57.1
35767,1997-12-07 00:00:00,0.1601139011585594,-0.0464501750286081,0.366677977345727,12.217,57.1
35768,1997-12-08 00:00:00,0.1709828584684152,-0.0347531217715922,0.3767188387084227,12.217,57.1
35769,1997-12-09 00:00:00,0.2422918421005026,0.0366833379221645,0.4479003462788408,12.217,57.1
35770,1997-12-10 00:00:00,0.2373852228750453,0.0313812603234514,0.4433891854266391,12.217,57.1
35771,1997-12-11 00:00:00,0.3134123464348414,0.1074167362683906,0.5194079566012921,12.217,57.1
35772,1997-12-12 00:00:00,0.1194197023937203,-0.0869580146639924,0.3257974194514331,12.217,57.1
35773,1997-12-13 00:00:00,-0.0592196686036964,-0.2653730955036456,0.1469337582962526,12.217,57.1
35774,1997-12-14 00:00:00,-0.0367325546222993,-0.2427922096240625,0.1693271003794639,12.217,57.1
35775,1997-12-15 00:00:00,-0.1908641733947844,-0.3970895998058741,0.0153612530163052,12.217,57.1
35776,1997-12-16 00:00:00,-0.2023772991262762,-0.4082278557990195,0.0034732575464671,12.217,57.1
35777,1997-12-17 00:00:00,-0.1240418938159295,-0.3300277200176504,0.0819439323857914,12.217,57.1
35778,1997-12-18 00:00:00,-0.0546095080246028,-0.2609330667149959,0.1517140506657902,12.217,57.1
35779,1997-12-19 00:00:00,0.0186481534071471,-0.1874058566231864,0.2247021634374807,12.217,57.1
35780,1997-12-20 00:00:00,0.0925670679703596,-0.113140421475533,0.2982745574162522,12.217,57.1
35781,1997-12-21 00:00:00,0.0186436844211052,-0.1870341647441971,0.2243215335864076,12.217,57.1
35782,1997-12-22 00:00:00,-0.0241233436660215,-0.2296451099653329,0.1813984226332899,12.217,57.1
35783,1997-12-23 00:00:00,-0.015430079457663,-0.2209378999084498,0.1900777409931236,12.217,57.1
35784,1997-12-24 00:00:00,0.0054260066580169,-0.2000276829019425,0.2108796962179764,12.217,57.1
35785,1997-12-25 00:00:00,0.1467560007629867,-0.0591697432103978,0.3526817447363713,12.217,57.1
35786,1997-12-26 00:00:00,0.3384396902290105,0.130956888766549,0.545922491691472,12.217,57.1
35787,1997-12-27 00:00:00,0.2356708337523917,0.0288404910285179,0.4425011764762656,12.217,57.1
35788,1997-12-28 00:00:00,0.137719886287236,-0.0682437587312635,0.3436835313057357,12.217,57.1
35789,1997-12-29 00:00:00,0.1634712871910568,-0.0421178108364044,0.3690603852185181,12.217,57.1
35790,1997-12-30 00:00:00,0.1002534180415594,-0.1052624461394522,0.3057692822225711,12.217,57.1
35791,1997-12-31 00:00:00,0.14898844824214,-0.0565992674827761,0.3545761639670562,12.217,57.1
35792,1998-01-01 00:00:00,0.1903708695792362,-0.0154839671044512,0.3962257062629237,12.217,57.1
35793,1998-01-02 00:00:00,0.2112912387831034,0.0054594721477928,0.4171230054184139,12.217,57.1
35794,1998-01-03 00:00:00,0.2510167974144272,0.0449333062035501,0.4571002886253043,12.217,57.1
35795,1998-01-04 00:00:00,0.3741750765354188,0.1658165682419385,0.582533584828899,12.217,57.1
35796,1998-01-05 00:00:00,0.4196008897148903,0.2108480663825639,0.6283537130472168,12.217,57.1
35797,1998-01-06 00:00:00,0.2497425243639739,0.0432471860007674,0.4562378627271804,12.217,57.1
35798,1998-01-07 00:00:00,0.1337091104146899,-0.0722893084764111,0.3397075293057911,12.217,57.1
35799,1998-01-08 00:00:00,0.2218093418322993,0.0153971495704926,0.4282215340941059,12.217,57.1
35800,1998-01-09 00:00:00,0.096080598267651,-0.110149741870989,0.3023109384062911,12.217,57.1
35801,1998-01-10 00:00:00,0.0591797960138184,-0.1465988508458488,0.2649584428734857,12.217,57.1
35802,1998-01-11 00:00:00,0.2228620053020706,0.0168284779161178,0.4288955326880235,12.217,57.1
35803,1998-01-12 00:00:00,0.1228126963251658,-0.0828860616458843,0.328511454296216,12.217,57.1
35804,1998-01-13 00:00:00,0.1053050628813576,-0.100226357617365,0.3108364833800804,12.217,57.1
35805,1998-01-14 00:00:00,0.1422389530335929,-0.0632814386933338,0.3477593447605197,12.217,57.1
35806,1998-01-15 00:00:00,0.2124138339718214,0.0065621573580379,0.418265510585605,12.217,57.1
35807,1998-01-16 00:00:00,0.2780475558492927,0.0707143343471871,0.4853807773513982,12.217,57.1
35808,1998-01-17 00:00:00,0.3578958831404835,0.1513642746463222,0.5644274916346447,12.217,57.1
35809,1998-01-18 00:00:00,0.3857196597863234,0.1792615802877211,0.5921777392849258,12.217,57.1
35810,1998-01-19 00:00:00,0.1854136786939033,-0.0209460817131037,0.3917734391009104,12.217,57.1
35811,1998-01-20 00:00:00,0.1876249119748864,-0.0224988600813597,0.3977486840311327,12.217,57.1
35812,1998-01-21 00:00:00,-0.1170225187487513,-0.3266202547005505,0.0925752172030478,12.217,57.1
35813,1998-01-22 00:00:00,-0.1761057752404593,-0.3823431111613785,0.0301315606804598,12.217,57.1
35814,1998-01-23 00:00:00,-0.0129723446691102,-0.2187187928152733,0.1927741034770527,12.217,57.1
35815,1998-01-24 00:00:00,-0.0502624909495498,-0.257803895006807,0.1572789131077073,12.217,57.1
35816,1998-01-25 00:00:00,-0.1158413846840376,-0.3245418932299482,0.092859123861873,12.217,57.1
35817,1998-01-26 00:00:00,-0.1148078875654554,-0.3206547729661536,0.0910389978352427,12.217,57.1
35818,1998-01-27 00:00:00,0.0477040279569547,-0.1578972445268332,0.2533053004407426,12.217,57.1
35819,1998-01-28 00:00:00,0.2035239148481334,-0.0032149274669265,0.4102627571631935,12.217,57.1
35820,1998-01-29 00:00:00,0.0241821531066324,-0.1825504877483044,0.2309147939615693,12.217,57.1
35821,1998-01-30 00:00:00,0.1192028442322686,-0.086605575339437,0.3250112638039744,12.217,57.1
35822,1998-01-31 00:00:00,0.0462636201077833,-0.1614526424894551,0.2539798827050218,12.217,57.1
35823,1998-02-01 00:00:00,-0.1074362518597532,-0.3151271352090226,0.1002546314895161,12.217,57.1
35824,1998-02-02 00:00:00,0.2686656121633569,0.0623270322708878,0.475004192055826,12.217,57.1
35825,1998-02-03 00:00:00,0.2572487429318837,0.0503290027468947,0.4641684831168728,12.217,57.1
35826,1998-02-04 00:00:00,0.1794864099782332,-0.0278507070682738,0.3868235270247402,12.217,57.1
35827,1998-02-05 00:00:00,0.2154081978973859,0.0085966397661974,0.4222197560285744,12.217,57.1
35828,1998-02-06 00:00:00,0.2380871526247485,0.0319098438807005,0.4442644613687966,12.217,57.1
35829,1998-02-07 00:00:00,0.1883462031406922,-0.0176015881390649,0.3942939944204495,12.217,57.1
35830,1998-02-08 00:00:00,0.2159391284199383,0.0098387392614056,0.4220395175784709,12.217,57.1
35831,1998-02-09 00:00:00,0.2338291323909727,0.027754200132269,0.4399040646496763,12.217,57.1
35832,1998-02-10 00:00:00,0.2923200511052588,0.0864442661631804,0.4981958360473372,12.217,57.1
35833,1998-02-11 00:00:00,0.2827133701681495,0.0764952609762547,0.4889314793600442,12.217,57.1
35834,1998-02-12 00:00:00,0.3554040223398152,0.1488762292738965,0.5619318154057339,12.217,57.1
35835,1998-02-13 00:00:00,0.1935068637167009,-0.0129481270108306,0.3999618544442326,12.217,57.1
35836,1998-02-14 00:00:00,0.03920736820415,-0.1669449006307556,0.2453596370390558,12.217,57.1
35837,1998-02-15 00:00:00,0.1688821807285127,-0.0370622535042436,0.374826614961269,12.217,57.1
35838,1998-02-16 00:00:00,0.2280629207813733,0.0222175372950215,0.4339083042677252,12.217,57.1
35839,1998-02-17 00:00:00,0.2208406918303077,0.0125940901055361,0.4290872935550792,12.217,57.1
35840,1998-02-18 00:00:00,0.0460132140123727,-0.1606127884016876,0.252639216426433,12.217,57.1
35841,1998-02-19 00:00:00,0.284830414758378,0.0787910660556912,0.4908697634610648,12.217,57.1
35842,1998-02-20 00:00:00,0.2048945517099709,-0.0009437334527788,0.4107328368727206,12.217,57.1
35843,1998-02-21 00:00:00,0.1993586224139803,-0.0065925753329451,0.4053098201609058,12.217,57.1
35844,1998-02-22 00:00:00,0.2053776003115229,-0.0009171981913251,0.4116723988143709,12.217,57.1
35845,1998-02-23 00:00:00,0.1861600326241131,-0.0204306395993161,0.3927507048475425,12.217,57.1
35846,1998-02-24 00:00:00,0.3133259689649544,0.1063224079125321,0.5203295300173767,12.217,57.1
35847,1998-02-25 00:00:00,0.0480776372216291,-0.1584760251692882,0.2546312996125465,12.217,57.1
35848,1998-02-26 00:00:00,0.1811169574383199,-0.0249040954988004,0.3871380103754402,12.217,57.1
35849,1998-02-27 00:00:00,0.3577308169676098,0.1510536728164553,0.5644079611187642,12.217,57.1
35850,1998-02-28 00:00:00,0.8483966648936485,0.6391955085933836,1.0575978211939134,12.217,57.1
35851,1998-03-01 00:00:00,0.4856467465023937,0.2774690419457756,0.6938244510590119,12.217,57.1
35852,1998-03-02 00:00:00,0.1608308957281239,-0.0455992165823951,0.367261008038643,12.217,57.1
35853,1998-03-03 00:00:00,0.2922208785012542,0.0845810250869172,0.4998607319155912,12.217,57.1
35854,1998-03-04 00:00:00,0.3110532239271462,0.1037832998151271,0.5183231480391652,12.217,57.1
35855,1998-03-05 00:00:00,0.4160472460854033,0.2080621308003655,0.624032361370441,12.217,57.1
35856,1998-03-06 00:00:00,0.1525030091191703,-0.0541900310122657,0.3591960492506064,12.217,57.1
35857,1998-03-07 00:00:00,0.1368775964855364,-0.0704335922753504,0.3441887852464234,12.217,57.1
35858,1998-03-08 00:00:00,0.0606834109656231,-0.1454983592683583,0.2668651811996046,12.217,57.1
35859,1998-03-09 00:00:00,0.0052416368157328,-0.201340549191626,0.2118238228230917,12.217,57.1
35860,1998-03-10 00:00:00,-0.0886714414684421,-0.2947971654898093,0.117454282552925,12.217,57.1
35861,1998-03-11 00:00:00,0.0373228579836063,-0.1686205474065071,0.2432662633737198,12.217,57.1
35862,1998-03-12 00:00:00,0.1355319783468314,-0.0722353419942751,0.3432992986879379,12.217,57.1
35863,1998-03-13 00:00:00,0.0287790999461505,-0.1794089966724176,0.2369671965647187,12.217,57.1
35864,1998-03-14 00:00:00,0.1582029560663601,-0.0491277138629195,0.3655336259956399,12.217,57.1
35865,1998-03-15 00:00:00,0.033226006644072,-0.1741540220373817,0.2406060353255258,12.217,57.1
35866,1998-03-16 00:00:00,0.0077258421453651,-0.19787549461199,0.2133271789027204,12.217,57.1
35867,1998-03-17 00:00:00,0.0402537008979144,-0.165421170511064,0.2459285723068929,12.217,57.1
35868,1998-03-18 00:00:00,0.1458800953902585,-0.0599912711533478,0.3517514619338648,12.217,57.1
35869,1998-03-19 00:00:00,0.1167514102170756,-0.0896517571713507,0.3231545776055021,12.217,57.1
35870,1998-03-20 00:00:00,0.0711115589138733,-0.1372988898663227,0.2795220076940694,12.217,57.1
35871,1998-03-21 00:00:00,0.0226424179528588,-0.1854661657463459,0.2307510016520635,12.217,57.1
35872,1998-03-22 00:00:00,-0.080364139175764,-0.2859790290153135,0.1252507506637854,12.217,57.1
35873,1998-03-23 00:00:00,-0.0451594520621127,-0.2509245571095776,0.1606056529853522,12.217,57.1
35874,1998-03-24 00:00:00,-0.0430525238500842,-0.2489041077493997,0.1627990600492313,12.217,57.1
35875,1998-03-25 00:00:00,0.0143164079638336,-0.1918583823049947,0.220491198232662,12.217,57.1
35876,1998-03-26 00:00:00,0.0641727688734031,-0.1415112074870131,0.2698567452338195,12.217,57.1
35877,1998-03-27 00:00:00,0.1789419906162928,-0.0280133079976323,0.3858972892302181,12.217,57.1
35878,1998-03-28 00:00:00,0.2125464107405707,0.0052109227884157,0.4198818986927257,12.217,57.1
35879,1998-03-29 00:00:00,0.0769934198501027,-0.1285457357780299,0.2825325754782354,12.217,57.1
35880,1998-03-30 00:00:00,0.0538150613442225,-0.1517175617707895,0.2593476844592346,12.217,57.1
35881,1998-03-31 00:00:00,0.1243212409330709,-0.0813377640431791,0.329980245909321,12.217,57.1
35882,1998-04-01 00:00:00,0.1405086426990239,-0.0657085045055871,0.346725789903635,12.217,57.1
35883,1998-04-02 00:00:00,0.0329863394450205,-0.1730062825525825,0.2389789614426235,12.217,57.1
35884,1998-04-03 00:00:00,0.0107383111113536,-0.1953834368423773,0.2168600590650846,12.217,57.1
35885,1998-04-04 00:00:00,0.160006104392844,-0.0489212752263457,0.3689334840120338,12.217,57.1
35886,1998-04-05 00:00:00,0.0968767691945817,-0.1115596747422875,0.3053132131314509,12.217,57.1
35887,1998-04-06 00:00:00,0.066792435745843,-0.1395314636621319,0.2731163351538181,12.217,57.1
35888,1998-04-07 00:00:00,0.078824613450831,-0.1267613691781239,0.2844105960797861,12.217,57.1
35889,1998-04-08 00:00:00,0.0788748886068011,-0.1266729528908714,0.2844227301044737,12.217,57.1
35890,1998-04-09 00:00:00,0.0912873633415425,-0.1144425399507371,0.2970172666338222,12.217,57.1
35891,1998-04-10 00:00:00,0.1272721709092794,-0.0784027725986241,0.332947114417183,12.217,57.1
35892,1998-04-11 00:00:00,0.0854933130221923,-0.1202607478596345,0.2912473739040191,12.217,57.1
35893,1998-04-12 00:00:00,0.2082195554584575,0.0009172146571291,0.4155218962597858,12.217,57.1
35894,1998-04-13 00:00:00,0.1109501469798643,-0.096632991257017,0.3185332852167458,12.217,57.1
35895,1998-04-14 00:00:00,0.2540307917292034,0.047349422472463,0.4607121609859438,12.217,57.1
35896,1998-04-15 00:00:00,0.1322644685666599,-0.0745143989043357,0.3390433360376557,12.217,57.1
35897,1998-04-16 00:00:00,0.1331342477853498,-0.0730182004809043,0.339286696051604,12.217,57.1
35898,1998-04-17 00:00:00,0.2565034036600329,0.0496866032896934,0.4633202040303724,12.217,57.1
35899,1998-04-18 00:00:00,0.0308234730553362,-0.1752261427036654,0.2368730888143378,12.217,57.1
35900,1998-04-19 00:00:00,0.0272311461522814,-0.17828241737171,0.232744709676273,12.217,57.1
35901,1998-04-20 00:00:00,0.0072251508757972,-0.1983166556429309,0.2127669573945254,12.217,57.1
35902,1998-04-21 00:00:00,0.0579316654805429,-0.1476064531815712,0.2634697841426572,12.217,57.1
35903,1998-04-22 00:00:00,0.0382939539197479,-0.167264504891651,0.243852412731147,12.217,57.1
35904,1998-04-23 00:00:00,-0.0015356048502977,-0.2070001936952276,0.203928983994632,12.217,57.1
35905,1998-04-24 00:00:00,0.0378051128357008,-0.167720206364086,0.2433304320354876,12.217,57.1
35906,1998-04-25 00:00:00,0.113060795785655,-0.0926138418130947,0.3187354333844048,12.217,57.1
35907,1998-04-26 00:00:00,0.0946769974303947,-0.1111506586494247,0.3005046535102141,12.217,57.1
35908,1998-04-27 00:00:00,0.0897152767442472,-0.1166291377289123,0.2960596912174067,12.217,57.1
35909,1998-04-28 00:00:00,0.081669135817443,-0.1242163385400668,0.287554610174953,12.217,57.1
35910,1998-04-29 00:00:00,0.0510975589483284,-0.1548749026124067,0.2570700205090636,12.217,57.1
35911,1998-04-30 00:00:00,0.0237220690179346,-0.1820310951155835,0.2294752331514528,12.217,57.1
35912,1998-05-01 00:00:00,-0.0095074334972692,-0.2152242075003537,0.1962093405058151,12.217,57.1
35913,1998-05-02 00:00:00,0.0063912489558396,-0.1991913350365596,0.211973832948239,12.217,57.1
35914,1998-05-03 00:00:00,-0.0088320734155699,-0.2144903198318793,0.1968261730007394,12.217,57.1
35915,1998-05-04 00:00:00,0.0217415439811488,-0.184558889712622,0.2280419776749197,12.217,57.1
35916,1998-05-05 00:00:00,0.0486630620318914,-0.1575030527064195,0.2548291767702023,12.217,57.1
35917,1998-05-06 00:00:00,0.2400798405710965,0.0344616158596898,0.4456980652825032,12.217,57.1
35918,1998-05-07 00:00:00,0.362256785020618,0.1559043570781502,0.5686092129630859,12.217,57.1
35919,1998-05-08 00:00:00,0.2408337229286834,0.0334686871013642,0.4481987587560025,12.217,57.1
35920,1998-05-09 00:00:00,0.090492850282124,-0.1170484065233639,0.298034107087612,12.217,57.1
35921,1998-05-10 00:00:00,0.0800040534843843,-0.1257953655657249,0.2858034725344935,12.217,57.1
35922,1998-05-11 00:00:00,-0.0105843070041875,-0.2166569186100849,0.1954883046017098,12.217,57.1
35923,1998-05-12 00:00:00,-0.082217742640196,-0.2880044928853582,0.1235690076049662,12.217,57.1
35924,1998-05-13 00:00:00,-0.0790821406394701,-0.2847139274968254,0.126549646217885,12.217,57.1
35925,1998-05-14 00:00:00,-0.0653388831448012,-0.2711931740812421,0.1405154077916396,12.217,57.1
35926,1998-05-15 00:00:00,-0.073918430799583,-0.2795548443869304,0.1317179827877643,12.217,57.1
35927,1998-05-16 00:00:00,-0.0286876922980542,-0.234285260314227,0.1769098757181185,12.217,57.1
35928,1998-05-17 00:00:00,-0.0232307655579906,-0.2287732503601471,0.1823117192441657,12.217,57.1
35929,1998-05-18 00:00:00,-0.0154483311266914,-0.2208611812209215,0.1899645189675385,12.217,57.1
35930,1998-05-19 00:00:00,0.029037281854098,-0.1764047097499372,0.2344792734581333,12.217,57.1
35931,1998-05-20 00:00:00,0.0576553751838625,-0.1481215482422213,0.2634322986099464,12.217,57.1
35932,1998-05-21 00:00:00,0.046752334889699,-0.1592997437596587,0.2528044135390569,12.217,57.1
35933,1998-05-22 00:00:00,0.0701359966553932,-0.1358138627651833,0.2760858560759697,12.217,57.1
35934,1998-05-23 00:00:00,0.031929864024241,-0.1739725449107053,0.2378322729591874,12.217,57.1
35935,1998-05-24 00:00:00,0.0799489037547393,-0.125703981073207,0.2856017885826857,12.217,57.1
35936,1998-05-25 00:00:00,0.1246165704768097,-0.0809964308982225,0.3302295718518421,12.217,57.1
35937,1998-05-26 00:00:00,0.1485403617653757,-0.0571685295900296,0.3542492531207811,12.217,57.1
35938,1998-05-27 00:00:00,0.1207311969913022,-0.0848517168646648,0.3263141108472693,12.217,57.1
35939,1998-05-28 00:00:00,0.0342771188290091,-0.1713373796069949,0.2398916172650132,12.217,57.1
35940,1998-05-29 00:00:00,-0.01037387584175,-0.2160241299503532,0.1952763782668532,12.217,57.1
35941,1998-05-30 00:00:00,0.0038568159620989,-0.2018084680058771,0.209522099930075,12.217,57.1
35942,1998-05-31 00:00:00,0.0118186107597982,-0.1941502349431917,0.2177874564627882,12.217,57.1
35943,1998-06-01 00:00:00,0.110745216704346,-0.0950317886639551,0.3165222220726472,12.217,57.1
35944,1998-06-02 00:00:00,0.0737860055803315,-0.1319025813650509,0.279474592525714,12.217,57.1
35945,1998-06-03 00:00:00,0.1110630251111707,-0.094616791420793,0.3167428416431345,12.217,57.1
35946,1998-06-04 00:00:00,0.1948532256677631,-0.0110220155838918,0.4007284669194181,12.217,57.1
35947,1998-06-05 00:00:00,0.1335548709402161,-0.0722598009914944,0.3393695428719267,12.217,57.1
35948,1998-06-06 00:00:00,-0.0065986334232375,-0.2124266441740583,0.1992293773275833,12.217,57.1
35949,1998-06-07 00:00:00,0.0960269700978916,-0.109950866478875,0.3020048066746583,12.217,57.1
35950,1998-06-08 00:00:00,0.0719397394672697,-0.1338601022115708,0.2777395811461103,12.217,57.1
35951,1998-06-09 00:00:00,0.1732874162435129,-0.0335630742723658,0.3801379067593916,12.217,57.1
35952,1998-06-10 00:00:00,0.2427271449877671,0.0359720359707253,0.449482254004809,12.217,57.1
35953,1998-06-11 00:00:00,0.2439007828287498,0.0377814831214843,0.4500200825360153,12.217,57.1
35954,1998-06-12 00:00:00,0.092217086570548,-0.1135804482091465,0.2980146213502427,12.217,57.1
35955,1998-06-13 00:00:00,0.1330616996396911,-0.0726485394240478,0.3387719387034301,12.217,57.1
35956,1998-06-14 00:00:00,0.1130095986254206,-0.0929327464045755,0.3189519436554168,12.217,57.1
35957,1998-06-15 00:00:00,0.0204179293423834,-0.1853162186739596,0.2261520773587265,12.217,57.1
35958,1998-06-16 00:00:00,0.0228494388578236,-0.1844195431076089,0.2301184208232562,12.217,57.1
35959,1998-06-17 00:00:00,0.3340670794324825,0.1252484946236455,0.5428856642413196,12.217,57.1
35960,1998-06-18 00:00:00,0.5482507196149111,0.3400704047660894,0.7564310344637328,12.217,57.1
35961,1998-06-19 00:00:00,0.2400941199598187,0.033391471170405,0.4467967687492324,12.217,57.1
35962,1998-06-20 00:00:00,0.0207751034120399,-0.184855389635448,0.2264055964595279,12.217,57.1
35963,1998-06-21 00:00:00,0.0150475673873897,-0.190489966954227,0.2205851017290064,12.217,57.1
35964,1998-06-22 00:00:00,0.0849974083336645,-0.1207389375360293,0.2907337542033583,12.217,57.1
35965,1998-06-23 00:00:00,0.0621912836192235,-0.14360158936543,0.2679841566038771,12.217,57.1
35966,1998-06-24 00:00:00,0.1076069492130531,-0.0981464948523158,0.3133603932784221,12.217,57.1
35967,1998-06-25 00:00:00,0.055841140454369,-0.1497760417369629,0.261458322645701,12.217,57.1
35968,1998-06-26 00:00:00,0.109925600771307,-0.0955282519555039,0.3153794534981181,12.217,57.1
35969,1998-06-27 00:00:00,0.0605049451938357,-0.1450725215684355,0.266082411956107,12.217,57.1
35970,1998-06-28 00:00:00,0.1411481195615763,-0.0643519712876086,0.3466482104107614,12.217,57.1
35971,1998-06-29 00:00:00,0.1374710827526468,-0.0687492902720394,0.3436914557773332,12.217,57.1
35972,1998-06-30 00:00:00,0.1437515527508244,-0.0619076239945524,0.3494107294962012,12.217,57.1
35973,1998-07-01 00:00:00,0.0886903290119369,-0.1167988970003236,0.2941795550241975,12.217,57.1
35974,1998-07-02 00:00:00,0.0289108909205882,-0.1765800618853545,0.2344018437265311,12.217,57.1
35975,1998-07-03 00:00:00,0.0968955176542457,-0.1086011644515371,0.3023921997600287,12.217,57.1
35976,1998-07-04 00:00:00,0.1240868548699447,-0.0815075834893395,0.329681293229229,12.217,57.1
35977,1998-07-05 00:00:00,0.248564934147267,0.042706631406335,0.4544232368881991,12.217,57.1
35978,1998-07-06 00:00:00,0.3365089040525687,0.130549433709452,0.5424683743956854,12.217,57.1
35979,1998-07-07 00:00:00,0.3005737454270574,0.0945856441923976,0.5065618466617172,12.217,57.1
35980,1998-07-08 00:00:00,0.1969484839536715,-0.0090273894181744,0.4029243573255175,12.217,57.1
35981,1998-07-09 00:00:00,0.1425317447325645,-0.0631119444187112,0.3481754338838403,12.217,57.1
35982,1998-07-10 00:00:00,0.1724457744573793,-0.0332748407958688,0.3781663897106275,12.217,57.1
35983,1998-07-11 00:00:00,0.175161497029465,-0.0305092583490973,0.3808322524080274,12.217,57.1
35984,1998-07-12 00:00:00,0.1517245576252394,-0.0539995477935492,0.357448663044028,12.217,57.1
35985,1998-07-13 00:00:00,0.2377593716785154,0.0316861267255826,0.4438326166314483,12.217,57.1
35986,1998-07-14 00:00:00,0.2721624345142103,0.0660966478748824,0.4782282211535381,12.217,57.1
35987,1998-07-15 00:00:00,0.3601615719185126,0.1517444377285081,0.5685787061085171,12.217,57.1
35988,1998-07-16 00:00:00,0.3453615757524333,0.1380815494588903,0.5526416020459762,12.217,57.1
35989,1998-07-17 00:00:00,0.1342206222118541,-0.0717255574733719,0.3401668018970802,12.217,57.1
35990,1998-07-18 00:00:00,0.1464709060236497,-0.0591323619334242,0.3520741739807238,12.217,57.1
35991,1998-07-19 00:00:00,0.1687688131272504,-0.0370981749839519,0.3746358012384529,12.217,57.1
35992,1998-07-20 00:00:00,0.2063482756939003,0.0003051099012201,0.4123914414865806,12.217,57.1
35993,1998-07-21 00:00:00,0.0904141194602399,-0.1153709761361487,0.2961992150566286,12.217,57.1
35994,1998-07-22 00:00:00,0.1895412575220889,-0.0168982688561289,0.3959807839003069,12.217,57.1
35995,1998-07-23 00:00:00,0.0975371112589453,-0.1084213117271722,0.303495534245063,12.217,57.1
35996,1998-07-24 00:00:00,0.1041658026071566,-0.1015625023235668,0.3098941075378801,12.217,57.1
35997,1998-07-25 00:00:00,0.1940087846270929,-0.0118931583968797,0.3999107276510657,12.217,57.1
35998,1998-07-26 00:00:00,0.1867667463162874,-0.0192436950038735,0.3927771876364483,12.217,57.1
35999,1998-07-27 00:00:00,0.0898845082215437,-0.115933968719136,0.2957029851622234,12.217,57.1
36000,1998-07-28 00:00:00,0.0468683755322454,-0.1586807307203974,0.2524174817848884,12.217,57.1
36001,1998-07-29 00:00:00,0.0532248746261328,-0.1523670540618886,0.2588168033141543,12.217,57.1
36002,1998-07-30 00:00:00,0.1314826241497078,-0.0740677467188337,0.3370329950182494,12.217,57.1
36003,1998-07-31 00:00:00,0.2239642608947148,0.0180580667683594,0.4298704550210703,12.217,57.1
36004,1998-08-01 00:00:00,0.1624775772873542,-0.0432807537591642,0.3682359083338727,12.217,57.1
36005,1998-08-02 00:00:00,0.1118045656182273,-0.0939501881399251,0.3175593193763799,12.217,57.1
36006,1998-08-03 00:00:00,0.0402135976988704,-0.1653437879919987,0.2457709833897395,12.217,57.1
36007,1998-08-04 00:00:00,0.1120122701751035,-0.0940250665325337,0.3180496068827409,12.217,57.1
36008,1998-08-05 00:00:00,0.2501421651156328,0.0436384679256105,0.4566458623056552,12.217,57.1
36009,1998-08-06 00:00:00,0.2560762587960744,0.0501349070748574,0.4620176105172914,12.217,57.1
36010,1998-08-07 00:00:00,0.1948463062622127,-0.0111604496551253,0.4008530621795507,12.217,57.1
36011,1998-08-08 00:00:00,0.1384969958416748,-0.0673288768039245,0.3443228684872743,12.217,57.1
36012,1998-08-09 00:00:00,0.0346600754130665,-0.171692534441748,0.2410126852678811,12.217,57.1
36013,1998-08-10 00:00:00,0.0039046337651554,-0.2025765804134196,0.2103858479437304,12.217,57.1
36014,1998-08-11 00:00:00,0.0184116134701357,-0.1870411860268482,0.2238644129671197,12.217,57.1
36015,1998-08-12 00:00:00,0.0354831248621215,-0.1700932441127934,0.2410594938370365,12.217,57.1
36016,1998-08-13 00:00:00,0.1568937625796051,-0.0489119004650795,0.3626994256242897,12.217,57.1
36017,1998-08-14 00:00:00,0.0822584590415908,-0.1240278248833077,0.2885447429664893,12.217,57.1
36018,1998-08-15 00:00:00,0.1241396744868895,-0.0814382783576524,0.3297176273314316,12.217,57.1
36019,1998-08-16 00:00:00,0.1295247983970384,-0.0763146516834055,0.3353642484774823,12.217,57.1
36020,1998-08-17 00:00:00,0.1511100309856205,-0.0546398898043123,0.3568599517755534,12.217,57.1
36021,1998-08-18 00:00:00,0.2132992260581012,0.0073293063994493,0.4192691457167531,12.217,57.1
36022,1998-08-19 00:00:00,0.1793526812797677,-0.0266435878927333,0.3853489504522687,12.217,57.1
36023,1998-08-20 00:00:00,0.1615200149791078,-0.0442842648870335,0.3673242948452492,12.217,57.1
36024,1998-08-21 00:00:00,0.2429077439128259,0.0369264019850351,0.4488890858406168,12.217,57.1
36025,1998-08-22 00:00:00,0.3308685398810602,0.1247129299817125,0.5370241497804078,12.217,57.1
36026,1998-08-23 00:00:00,0.3448719604062613,0.1387254677978261,0.5510184530146965,12.217,57.1
36027,1998-08-24 00:00:00,0.2763262431004352,0.0703029048386982,0.4823495813621721,12.217,57.1
36028,1998-08-25 00:00:00,0.1129211007755481,-0.0931923284066654,0.3190345299577617,12.217,57.1
36029,1998-08-26 00:00:00,0.1592874084691129,-0.0465562387550229,0.3651310556932488,12.217,57.1
36030,1998-08-27 00:00:00,0.1081505731708604,-0.0977714362091482,0.3140725825508691,12.217,57.1
36031,1998-08-28 00:00:00,0.0834046231826879,-0.1226668735393765,0.2894761199047524,12.217,57.1
36032,1998-08-29 00:00:00,0.0381624959179979,-0.1677087540921801,0.2440337459281759,12.217,57.1
36033,1998-08-30 00:00:00,-0.0083892513721573,-0.2139532003258526,0.1971746975815379,12.217,57.1
36034,1998-08-31 00:00:00,-0.016924492678986,-0.2225134913560417,0.1886645059980695,12.217,57.1
36035,1998-09-01 00:00:00,-0.0375146201799996,-0.2434177973838273,0.1683885570238279,12.217,57.1
36036,1998-09-02 00:00:00,-0.057506687113934,-0.2632515566684225,0.1482381824405544,12.217,57.1
36037,1998-09-03 00:00:00,-0.03093661880707,-0.2365534129629583,0.1746801753488183,12.217,57.1
36038,1998-09-04 00:00:00,0.0124682488030675,-0.193326484673004,0.2182629822791392,12.217,57.1
36039,1998-09-05 00:00:00,0.046542729485342,-0.1592010286087161,0.2522864875794001,12.217,57.1
36040,1998-09-06 00:00:00,0.073007301993978,-0.1325721289618427,0.2785867329497988,12.217,57.1
36041,1998-09-07 00:00:00,0.0772130413458396,-0.1283440615526686,0.2827701442443479,12.217,57.1
36042,1998-09-08 00:00:00,0.0914387481427713,-0.1139694317827509,0.2968469280682936,12.217,57.1
36043,1998-09-09 00:00:00,0.1627569492856037,-0.0427498840879436,0.3682637826591512,12.217,57.1
36044,1998-09-10 00:00:00,0.2267818774001802,0.0206859276475707,0.4328778271527898,12.217,57.1
36045,1998-09-11 00:00:00,0.2911541980118589,0.084919526448305,0.4973888695754127,12.217,57.1
36046,1998-09-12 00:00:00,0.2824831127825355,0.0763270438020402,0.4886391817630308,12.217,57.1
36047,1998-09-13 00:00:00,0.1169262557860712,-0.0898929841869133,0.3237454957590558,12.217,57.1
36048,1998-09-14 00:00:00,0.1234649650589992,-0.0844138540245498,0.3313437841425484,12.217,57.1
36049,1998-09-15 00:00:00,0.1784233924460929,-0.028349697741262,0.3851964826334479,12.217,57.1
36050,1998-09-16 00:00:00,0.2591658131228375,0.0530892134924148,0.4652424127532601,12.217,57.1
36051,1998-09-17 00:00:00,0.2679140290587662,0.0621207527973338,0.4737073053201985,12.217,57.1
36052,1998-09-18 00:00:00,0.0582133427654968,-0.1474600573734594,0.2638867429044532,12.217,57.1
36053,1998-09-19 00:00:00,0.0224919822784755,-0.1832093377543522,0.2281933023113032,12.217,57.1
36054,1998-09-20 00:00:00,-0.0484486639595188,-0.2540129734525818,0.157115645533544,12.217,57.1
36055,1998-09-21 00:00:00,-0.0604444812112554,-0.2659159612492538,0.145026998826743,12.217,57.1
36056,1998-09-22 00:00:00,-0.0447129183693642,-0.2502090529357533,0.1607832161970248,12.217,57.1
36057,1998-09-23 00:00:00,-0.0396425822975892,-0.2451485977276198,0.1658634331324412,12.217,57.1
36058,1998-09-24 00:00:00,0.0071503434314324,-0.1984282803998692,0.2127289672627341,12.217,57.1
36059,1998-09-25 00:00:00,0.0169624545477288,-0.1885472119193591,0.2224721210148168,12.217,57.1
36060,1998-09-26 00:00:00,0.0431510181045753,-0.1623541753668697,0.2486562115760203,12.217,57.1
36061,1998-09-27 00:00:00,0.0209099410321629,-0.1845884229410622,0.2264083050053882,12.217,57.1
36062,1998-09-28 00:00:00,0.0509507954882743,-0.1544747298389716,0.2563763208155204,12.217,57.1
36063,1998-09-29 00:00:00,0.054202998058831,-0.1512838269184069,0.259689823036069,12.217,57.1
36064,1998-09-30 00:00:00,-0.0138760155235114,-0.219732887853221,0.1919808568061981,12.217,57.1
36065,1998-10-01 00:00:00,-0.1072638705934951,-0.3133015483497102,0.0987738071627199,12.217,57.1
36066,1998-10-02 00:00:00,-0.1017302476011889,-0.3078883074788877,0.1044278122765098,12.217,57.1
36067,1998-10-03 00:00:00,-0.0919942968162182,-0.2979172529950289,0.1139286593625924,12.217,57.1
36068,1998-10-04 00:00:00,-0.0330540547437701,-0.2387462490860233,0.1726381395984829,12.217,57.1
36069,1998-10-05 00:00:00,-0.004095516691637,-0.2096400851285589,0.2014490517452848,12.217,57.1
36070,1998-10-06 00:00:00,-0.0917796963754879,-0.2973217881466496,0.1137623953956736,12.217,57.1
36071,1998-10-07 00:00:00,-0.1771919167684255,-0.3835021912675707,0.0291183577307196,12.217,57.1
36072,1998-10-08 00:00:00,-0.1122437062438729,-0.3188859073336342,0.0943984948458883,12.217,57.1
36073,1998-10-09 00:00:00,-0.0268053098088374,-0.2328539001951382,0.1792432805774633,12.217,57.1
36074,1998-10-10 00:00:00,0.1773972592240756,-0.0284433495961514,0.3832378680443026,12.217,57.1
36075,1998-10-11 00:00:00,0.2769330211328373,0.0706697606445707,0.483196281621104,12.217,57.1
36076,1998-10-12 00:00:00,0.3553534175980514,0.1488524014719337,0.5618544337241691,12.217,57.1
36077,1998-10-13 00:00:00,0.2037589983595536,-0.0024262915937927,0.4099442883129001,12.217,57.1
36078,1998-10-14 00:00:00,0.1549784772920136,-0.0511599458971157,0.361116900481143,12.217,57.1
36079,1998-10-15 00:00:00,0.409666381739217,0.2023834295378877,0.6169493339405462,12.217,57.1
36080,1998-10-16 00:00:00,0.4523489276595409,0.2456577123252673,0.6590401429938145,12.217,57.1
36081,1998-10-17 00:00:00,0.1384551747579783,-0.0692498424272548,0.3461601919432114,12.217,57.1
36082,1998-10-18 00:00:00,0.3787610500381499,0.1707419267682769,0.5867801733080229,12.217,57.1
36083,1998-10-19 00:00:00,0.3378312848863973,0.1307358463195269,0.5449267234532676,12.217,57.1
36084,1998-10-20 00:00:00,0.1944676649521153,-0.0121753615053372,0.4011106914095678,12.217,57.1
36085,1998-10-21 00:00:00,0.2164148636686919,0.0103934991500885,0.4224362281872952,12.217,57.1
36086,1998-10-22 00:00:00,0.3325580906191691,0.1251945588749864,0.5399216223633517,12.217,57.1
36087,1998-10-23 00:00:00,0.3052497776783637,0.0983602899943916,0.5121392653623358,12.217,57.1
36088,1998-10-24 00:00:00,0.293823785942821,0.08150706362283,0.506140508262812,12.217,57.1
36089,1998-10-25 00:00:00,0.2791731795674322,0.0684327404241814,0.4899136187106831,12.217,57.1
36090,1998-10-26 00:00:00,0.4491297346457361,0.2363147915723689,0.6619446777191031,12.217,57.1
36091,1998-10-27 00:00:00,0.4494386828960645,0.2412842749931445,0.6575930907989844,12.217,57.1
36092,1998-10-28 00:00:00,0.415334146803972,0.2057141472035297,0.6249541464044143,12.217,57.1
36093,1998-10-29 00:00:00,0.6035539356510128,0.3958585449409085,0.8112493263611171,12.217,57.1
36094,1998-10-30 00:00:00,0.5476009793696229,0.340393780154906,0.7548081785843398,12.217,57.1
36095,1998-10-31 00:00:00,0.3288145508423172,0.1219628232080074,0.5356662784766271,12.217,57.1
36096,1998-11-01 00:00:00,0.2892849415669998,0.0832811547714606,0.495288728362539,12.217,57.1
36097,1998-11-02 00:00:00,0.111915018035216,-0.094048639255429,0.3178786753258611,12.217,57.1
36098,1998-11-03 00:00:00,0.0544582690265808,-0.1513577579477443,0.260274296000906,12.217,57.1
36099,1998-11-04 00:00:00,0.1060009178582721,-0.1000126377475825,0.3120144734641269,12.217,57.1
36100,1998-11-05 00:00:00,0.0760736271934482,-0.129864079325809,0.2820113337127055,12.217,57.1
36101,1998-11-06 00:00:00,0.1575981148574602,-0.0483396018786206,0.3635358315935412,12.217,57.1
36102,1998-11-07 00:00:00,0.0750003834939244,-0.1319712735471073,0.2819720405349562,12.217,57.1
36103,1998-11-08 00:00:00,-0.0221410153424486,-0.2281490558601948,0.1838670251752974,12.217,57.1
36104,1998-11-09 00:00:00,0.0779414623124493,-0.1281798293448587,0.2840627539697575,12.217,57.1
36105,1998-11-10 00:00:00,0.2480359667006943,0.0413410432661346,0.4547308901352539,12.217,57.1
36106,1998-11-11 00:00:00,0.1385497630687308,-0.0681667155483875,0.3452662416858491,12.217,57.1
36107,1998-11-12 00:00:00,0.0178268014075816,-0.1883060055414472,0.2239596083566104,12.217,57.1
36108,1998-11-13 00:00:00,0.023111992923042,-0.1826314580309391,0.2288554438770232,12.217,57.1
36109,1998-11-14 00:00:00,0.1040743800210337,-0.10153577955598,0.3096845395980474,12.217,57.1
36110,1998-11-15 00:00:00,0.0457601041317902,-0.1602338117157354,0.251754019979316,12.217,57.1
36111,1998-11-16 00:00:00,-0.052781306435856,-0.2586304894102279,0.1530678765385158,12.217,57.1
36112,1998-11-17 00:00:00,-0.1179969545456731,-0.3238294592463365,0.0878355501549903,12.217,57.1
36113,1998-11-18 00:00:00,-0.1382127718106349,-0.34407660891374,0.06765106529247,12.217,57.1
36114,1998-11-19 00:00:00,-0.0883878240425555,-0.2940298679433472,0.1172542198582361,12.217,57.1
36115,1998-11-20 00:00:00,-0.1273230000334615,-0.3329970626840259,0.0783510626171028,12.217,57.1
36116,1998-11-21 00:00:00,-0.0821547185289727,-0.2878225120943428,0.1235130750363972,12.217,57.1
36117,1998-11-22 00:00:00,0.1023852910918864,-0.1041294778735788,0.3089000600573518,12.217,57.1
36118,1998-11-23 00:00:00,0.1387761949173129,-0.0683007040438375,0.3458530938784633,12.217,57.1
36119,1998-11-24 00:00:00,0.0381413749341065,-0.1676919246473,0.243974674515513,12.217,57.1
36120,1998-11-25 00:00:00,0.0441206670352878,-0.1613996388587365,0.2496409729293123,12.217,57.1
36121,1998-11-26 00:00:00,0.0572383505121682,-0.1481982684083514,0.262674969432688,12.217,57.1
36122,1998-11-27 00:00:00,0.1315984504135245,-0.0740177824689412,0.3372146832959903,12.217,57.1
36123,1998-11-28 00:00:00,-0.0216448356239706,-0.2272729037060231,0.1839832324580819,12.217,57.1
36124,1998-11-29 00:00:00,0.0741773310921389,-0.1312743620052109,0.2796290241894887,12.217,57.1
36125,1998-11-30 00:00:00,-0.01451733036074,-0.2200182365657222,0.1909835758442421,12.217,57.1
36126,1998-12-01 00:00:00,-0.0886867188250948,-0.2942292206034113,0.1168557829532215,12.217,57.1
36127,1998-12-02 00:00:00,-0.049223397873198,-0.2548608431659565,0.1564140474195603,12.217,57.1
36128,1998-12-03 00:00:00,0.0244386370782497,-0.1812944114642405,0.23017168562074,12.217,57.1
36129,1998-12-04 00:00:00,0.1663559586997658,-0.0396112855838922,0.372323202983424,12.217,57.1
36130,1998-12-05 00:00:00,0.1648880068747655,-0.0420493381350556,0.3718253518845866,12.217,57.1
36131,1998-12-06 00:00:00,0.1384942106757279,-0.0729256198653166,0.3499140412167724,12.217,57.1
36132,1998-12-07 00:00:00,-0.0404644629197149,-0.2532997940873409,0.1723708682479111,12.217,57.1
36133,1998-12-08 00:00:00,-0.1897399581854109,-0.3985059432170186,0.0190260268461968,12.217,57.1
36134,1998-12-09 00:00:00,-0.0348634464958238,-0.2408250655493299,0.1710981725576823,12.217,57.1
36135,1998-12-10 00:00:00,0.0484333491837824,-0.1573339811262173,0.2542006794937823,12.217,57.1
36136,1998-12-11 00:00:00,0.0605401692240878,-0.1449912437809172,0.2660715822290929,12.217,57.1
36137,1998-12-12 00:00:00,0.0738802409199707,-0.1319042830473037,0.2796647648872451,12.217,57.1
36138,1998-12-13 00:00:00,0.1249936495888392,-0.0806230270283434,0.330610326206022,12.217,57.1
36139,1998-12-14 00:00:00,0.1126377788385639,-0.0940051360439476,0.3192806937210754,12.217,57.1
36140,1998-12-15 00:00:00,0.1745450971259721,-0.0319317726617667,0.381021966913711,12.217,57.1
36141,1998-12-16 00:00:00,0.2706801247610747,0.0643011163152423,0.4770591332069071,12.217,57.1
36142,1998-12-17 00:00:00,0.1687544241861845,-0.037560449756866,0.3750692981292352,12.217,57.1
36143,1998-12-18 00:00:00,0.2934945947863426,0.0872616260855266,0.4997275634871586,12.217,57.1
36144,1998-12-19 00:00:00,0.3907007521216463,0.1842265272601651,0.5971749769831275,12.217,57.1
36145,1998-12-20 00:00:00,0.1597796997692122,-0.0464032497593003,0.3659626492977249,12.217,57.1
36146,1998-12-21 00:00:00,0.0812784746285807,-0.1245342421461507,0.2870911914033123,12.217,57.1
36147,1998-12-22 00:00:00,-0.031709080208849,-0.2378039856241985,0.1743858252065004,12.217,57.1
36148,1998-12-23 00:00:00,0.0874432317378745,-0.1182977516327887,0.2931842151085378,12.217,57.1
36149,1998-12-24 00:00:00,0.1494353304213226,-0.0563586137616594,0.3552292746043047,12.217,57.1
36150,1998-12-25 00:00:00,0.2430070263657548,0.0367559776455153,0.4492580750859944,12.217,57.1
36151,1998-12-26 00:00:00,0.3334580886229077,0.1256470237030489,0.5412691535427665,12.217,57.1
36152,1998-12-27 00:00:00,0.3586508787244703,0.1478267566509421,0.5694750007979985,12.217,57.1
36153,1998-12-28 00:00:00,0.5773868494335617,0.3658416976002232,0.7889320012669001,12.217,57.1
36154,1998-12-29 00:00:00,0.2822934645440662,0.0746284009261957,0.4899585281619367,12.217,57.1
36155,1998-12-30 00:00:00,0.0681409139020132,-0.1377914167257596,0.274073244529786,12.217,57.1
36156,1998-12-31 00:00:00,0.1857108358168508,-0.0205632764198724,0.3919849480535741,12.217,57.1
36157,1999-01-01 00:00:00,0.1280561479867624,-0.0778790173454198,0.3339913133189447,12.217,57.1
36158,1999-01-02 00:00:00,0.132587907735576,-0.0730270134110899,0.3382028288822419,12.217,57.1
36159,1999-01-03 00:00:00,0.2409622406077198,0.0351878839797245,0.446736597235715,12.217,57.1
36160,1999-01-04 00:00:00,0.1818211244248509,-0.0239909912186351,0.387633240068337,12.217,57.1
36161,1999-01-05 00:00:00,0.4174639824691576,0.2103102127988405,0.6246177521394749,12.217,57.1
36162,1999-01-06 00:00:00,0.1902139134596932,-0.0170603689415736,0.3974881958609602,12.217,57.1
36163,1999-01-07 00:00:00,0.3139385592941864,0.1076665106834562,0.5202106079049166,12.217,57.1
36164,1999-01-08 00:00:00,0.1467731258271152,-0.0593155772909529,0.3528618289451833,12.217,57.1
36165,1999-01-09 00:00:00,0.0436317394107767,-0.162135731573413,0.2493992103949665,12.217,57.1
36166,1999-01-10 00:00:00,-0.0295547304188229,-0.2352934424795063,0.1761839816418605,12.217,57.1
36167,1999-01-11 00:00:00,-0.0115249361190851,-0.217052616930921,0.1940027446927506,12.217,57.1
36168,1999-01-12 00:00:00,-0.0785333133292601,-0.284529498385205,0.1274628717266847,12.217,57.1
36169,1999-01-13 00:00:00,0.0808437541341628,-0.1255378029803051,0.2872253112486307,12.217,57.1
36170,1999-01-14 00:00:00,0.1029052244517792,-0.1028716653438318,0.3086821142473903,12.217,57.1
36171,1999-01-15 00:00:00,0.3339293765918791,0.1269269033988374,0.5409318497849209,12.217,57.1
36172,1999-01-16 00:00:00,0.2755354818644418,0.0680117364094521,0.4830592273194315,12.217,57.1
36173,1999-01-17 00:00:00,0.3074021275333949,0.0991083754256487,0.5156958796411412,12.217,57.1
36174,1999-01-18 00:00:00,0.2203201381613823,0.0141257369230016,0.426514539399763,12.217,57.1
36175,1999-01-19 00:00:00,0.2109516443319315,0.0042501122392668,0.4176531764245962,12.217,57.1
36176,1999-01-20 00:00:00,0.3382542223457305,0.1302151390219035,0.5462933056695576,12.217,57.1
36177,1999-01-21 00:00:00,0.2992480711344042,0.0923326063580263,0.5061635359107821,12.217,57.1
36178,1999-01-22 00:00:00,0.1855339389459725,-0.0202582752490612,0.3913261531410064,12.217,57.1
36179,1999-01-23 00:00:00,0.1655136075543053,-0.0401173085209405,0.3711445236295511,12.217,57.1
36180,1999-01-24 00:00:00,0.2266326567362375,0.0208541575172466,0.4324111559552284,12.217,57.1
36181,1999-01-25 00:00:00,0.3883525437797828,0.1822515587172103,0.5944535288423552,12.217,57.1
36182,1999-01-26 00:00:00,0.4987089375452467,0.2893490912179157,0.7080687838725778,12.217,57.1
36183,1999-01-27 00:00:00,0.294544246752758,0.0874542879074802,0.5016342055980358,12.217,57.1
36184,1999-01-28 00:00:00,0.0623251477498879,-0.1437684672037288,0.2684187627035048,12.217,57.1
36185,1999-01-29 00:00:00,-0.0414807455507161,-0.2474444484549783,0.1644829573535459,12.217,57.1
36186,1999-01-30 00:00:00,-0.159606744469852,-0.365705907767732,0.0464924188280279,12.217,57.1
36187,1999-01-31 00:00:00,-0.0412739612582588,-0.2472422198406146,0.1646942973240969,12.217,57.1
36188,1999-02-01 00:00:00,-0.0414814253749876,-0.2474351965783775,0.1644723458284022,12.217,57.1
36189,1999-02-02 00:00:00,-0.0681739661826879,-0.2737977103430295,0.1374497779776536,12.217,57.1
36190,1999-02-03 00:00:00,0.0839575959341469,-0.121782723762718,0.289697915631012,12.217,57.1
36191,1999-02-04 00:00:00,0.1424646120631935,-0.0639778602413731,0.3489070843677601,12.217,57.1
36192,1999-02-05 00:00:00,0.988185822933196,0.7756556757823856,1.2007159700840069,12.217,57.1
36193,1999-02-06 00:00:00,0.5097883372526827,0.2976296090001278,0.7219470655052376,12.217,57.1
36194,1999-02-07 00:00:00,0.1995434059277863,-0.0087897756402044,0.4078765874957771,12.217,57.1
36195,1999-02-08 00:00:00,0.0912578856838423,-0.1148275707124676,0.2973433420801523,12.217,57.1
36196,1999-02-09 00:00:00,0.0598434645776265,-0.1462607234972077,0.2659476526524608,12.217,57.1
36197,1999-02-10 00:00:00,0.1417239347994408,-0.0641516509883338,0.3475995205872155,12.217,57.1
36198,1999-02-11 00:00:00,0.0560557816815196,-0.1499467801604631,0.2620583435235024,12.217,57.1
36199,1999-02-12 00:00:00,0.0207670943858468,-0.184890287858504,0.2264244766301978,12.217,57.1
36200,1999-02-13 00:00:00,0.0174216719895447,-0.1881220236743823,0.2229653676534719,12.217,57.1
36201,1999-02-14 00:00:00,-0.0098706506844376,-0.2155809993704243,0.195839698001549,12.217,57.1
36202,1999-02-15 00:00:00,0.1917234437007446,-0.0144614821169127,0.397908369518402,12.217,57.1
36203,1999-02-16 00:00:00,0.4424948307415249,0.2342467246471945,0.6507429368358554,12.217,57.1
36204,1999-02-17 00:00:00,0.3745546417325543,0.1665841320629229,0.5825251514021856,12.217,57.1
36205,1999-02-18 00:00:00,0.1256897073311265,-0.0803975604015931,0.3317769750638463,12.217,57.1
36206,1999-02-19 00:00:00,0.0839646808015897,-0.1217508080254517,0.2896801696286312,12.217,57.1
36207,1999-02-20 00:00:00,0.2471348244010972,0.0402504055715666,0.4540192432306278,12.217,57.1
36208,1999-02-21 00:00:00,0.2857671059676846,0.0796393188682268,0.4918948930671424,12.217,57.1
36209,1999-02-22 00:00:00,0.3708740263523236,0.1647898179942739,0.5769582347103732,12.217,57.1
36210,1999-02-23 00:00:00,0.107441377124002,-0.0992023950423583,0.3140851492903623,12.217,57.1
36211,1999-02-24 00:00:00,0.0318735192805278,-0.1745995579439659,0.2383465965050216,12.217,57.1
36212,1999-02-25 00:00:00,0.0863638019773996,-0.1203515697853972,0.2930791737401965,12.217,57.1
36213,1999-02-26 00:00:00,0.1615249857250882,-0.0446231211712726,0.3676730926214491,12.217,57.1
36214,1999-02-27 00:00:00,0.2527530093827808,0.0467997725007533,0.4587062462648083,12.217,57.1
36215,1999-02-28 00:00:00,0.1905534295113592,-0.0152889602772011,0.3963958192999197,12.217,57.1
36216,1999-03-01 00:00:00,0.245739679444245,0.0367300325158892,0.4547493263726009,12.217,57.1
36217,1999-03-02 00:00:00,0.3232180561015328,0.1124996856600913,0.5339364265429742,12.217,57.1
36218,1999-03-03 00:00:00,0.2309305871649905,0.0242158508534876,0.4376453234764933,12.217,57.1
36219,1999-03-04 00:00:00,0.3431261944479583,0.1351085496687462,0.5511438392271704,12.217,57.1
36220,1999-03-05 00:00:00,0.1353300585496512,-0.0710310123800446,0.3416911294793472,12.217,57.1
36221,1999-03-06 00:00:00,0.0615855212692047,-0.1447712741060915,0.2679423166445011,12.217,57.1
36222,1999-03-07 00:00:00,0.1072723065704827,-0.0999283932910953,0.3144730064320608,12.217,57.1
36223,1999-03-08 00:00:00,0.2700991857728803,0.0582042359625437,0.4819941355832169,12.217,57.1
36224,1999-03-09 00:00:00,-0.0148729441476895,-0.2216165960648554,0.1918707077694763,12.217,57.1
36225,1999-03-10 00:00:00,-0.0667262089706304,-0.2728072461217946,0.1393548281805336,12.217,57.1
36226,1999-03-11 00:00:00,-0.0504094315272007,-0.2560956960237553,0.1552768329693538,12.217,57.1
36227,1999-03-12 00:00:00,-0.0563303865872126,-0.2621316118768707,0.1494708387024453,12.217,57.1
36228,1999-03-13 00:00:00,0.0559397002015742,-0.1499402573704881,0.2618196577736367,12.217,57.1
36229,1999-03-14 00:00:00,0.0392163896356728,-0.1666421653102265,0.2450749445815722,12.217,57.1
36230,1999-03-15 00:00:00,-0.0029169888882595,-0.2085627758654256,0.2027287980889065,12.217,57.1
36231,1999-03-16 00:00:00,-0.0612898734559594,-0.2669692008393945,0.1443894539274756,12.217,57.1
36232,1999-03-17 00:00:00,0.0095637109514691,-0.1963664563227697,0.215493878225708,12.217,57.1
36233,1999-03-18 00:00:00,0.0729217311015647,-0.1331792437427619,0.2790227059458914,12.217,57.1
36234,1999-03-19 00:00:00,0.1330701533031071,-0.0725865340415698,0.3387268406477841,12.217,57.1
36235,1999-03-20 00:00:00,0.105494628702948,-0.1004167420100888,0.3114059994159849,12.217,57.1
36236,1999-03-21 00:00:00,0.1104739780051385,-0.0951951786929818,0.3161431347032589,12.217,57.1
36237,1999-03-22 00:00:00,0.230552959160805,0.024799021490489,0.436306896831121,12.217,57.1
36238,1999-03-23 00:00:00,0.1505558583134601,-0.055558558238356,0.3566702748652764,12.217,57.1
36239,1999-03-24 00:00:00,0.1767750847387313,-0.0295188781805966,0.3830690476580594,12.217,57.1
36240,1999-03-25 00:00:00,0.2597146144467996,0.0535907937196835,0.4658384351739157,12.217,57.1
36241,1999-03-26 00:00:00,0.192259015286181,-0.0136547894092518,0.3981728199816139,12.217,57.1
36242,1999-03-27 00:00:00,0.1757152096008181,-0.0300442403499886,0.3814746595516249,12.217,57.1
36243,1999-03-28 00:00:00,0.1224706312048221,-0.0832691536810136,0.328210416090658,12.217,57.1
36244,1999-03-29 00:00:00,0.0526001395534071,-0.1531638749269974,0.2583641540338117,12.217,57.1
36245,1999-03-30 00:00:00,0.1146604226304655,-0.0911535905860499,0.320474435846981,12.217,57.1
36246,1999-03-31 00:00:00,0.0917505364742424,-0.1140448613019868,0.2975459342504717,12.217,57.1
36247,1999-04-01 00:00:00,0.0071178697734613,-0.1983736942476074,0.2126094337945301,12.217,57.1
36248,1999-04-02 00:00:00,-0.0063223960983696,-0.2118338595598181,0.1991890673630788,12.217,57.1
36249,1999-04-03 00:00:00,-0.0347796245293962,-0.240382147831373,0.1708228987725805,12.217,57.1
36250,1999-04-04 00:00:00,-0.024224286003547,-0.2298029954972791,0.1813544234901851,12.217,57.1
36251,1999-04-05 00:00:00,0.0086017898304027,-0.1971651451555864,0.2143687248163918,12.217,57.1
36252,1999-04-06 00:00:00,0.1382389366673229,-0.0675336977513753,0.3440115710860213,12.217,57.1
36253,1999-04-07 00:00:00,0.2652811554233751,0.0594619647542013,0.4711003460925489,12.217,57.1
36254,1999-04-08 00:00:00,0.1967989837811491,-0.0096362359397761,0.4032342035020745,12.217,57.1
36255,1999-04-09 00:00:00,0.1630099320138474,-0.0432072016072895,0.3692270656349844,12.217,57.1
36256,1999-04-10 00:00:00,0.3334538423269882,0.1267356756394785,0.5401720090144979,12.217,57.1
36257,1999-04-11 00:00:00,0.3218569978499763,0.1154462425693172,0.5282677531306353,12.217,57.1
36258,1999-04-12 00:00:00,0.3365362963308763,0.1299571329854349,0.5431154596763177,12.217,57.1
36259,1999-04-13 00:00:00,0.3828827783416543,0.1760287969681957,0.5897367597151129,12.217,57.1
36260,1999-04-14 00:00:00,0.2349472600035591,0.0283215894504086,0.4415729305567095,12.217,57.1
36261,1999-04-15 00:00:00,0.1046171963510938,-0.1027385620681058,0.3119729547702936,12.217,57.1
36262,1999-04-16 00:00:00,0.3211480640886942,0.1136947119220223,0.5286014162553662,12.217,57.1
36263,1999-04-17 00:00:00,0.1461242711684354,-0.0602554150539905,0.3525039573908615,12.217,57.1
36264,1999-04-18 00:00:00,0.0519369534508013,-0.155818172815021,0.2596920797166236,12.217,57.1
36265,1999-04-19 00:00:00,0.4074685325263215,0.1946250413598649,0.6203120236927782,12.217,57.1
36266,1999-04-20 00:00:00,0.1652293892126128,-0.0450176909313484,0.3754764693565742,12.217,57.1
36267,1999-04-21 00:00:00,0.0263444179800194,-0.1795153615662286,0.2322041975262675,12.217,57.1
36268,1999-04-22 00:00:00,0.1660396586536745,-0.039942784482836,0.3720221017901851,12.217,57.1
36269,1999-04-23 00:00:00,0.0783774877403175,-0.1271062422071762,0.2838612176878114,12.217,57.1
36270,1999-04-24 00:00:00,0.0117842193174423,-0.1936825029967751,0.2172509416316597,12.217,57.1
36271,1999-04-25 00:00:00,-0.016268204214396,-0.2216793163348829,0.1891429079060907,12.217,57.1
36272,1999-04-26 00:00:00,-0.0518909377834281,-0.2573511203438275,0.1535692447769712,12.217,57.1
36273,1999-04-27 00:00:00,-0.1176655925543524,-0.3232553772033919,0.087924192094687,12.217,57.1
36274,1999-04-28 00:00:00,-0.0655219108233266,-0.271236427954666,0.1401926063080128,12.217,57.1
36275,1999-04-29 00:00:00,0.0152754578021186,-0.1906776443651155,0.2212285599693528,12.217,57.1
36276,1999-04-30 00:00:00,0.1009443658283597,-0.1052902789942232,0.3071790106509428,12.217,57.1
36277,1999-05-01 00:00:00,0.2395445622061564,0.0319450644976772,0.4471440599146354,12.217,57.1
36278,1999-05-02 00:00:00,0.0842035405748787,-0.1216061104558494,0.2900131916056068,12.217,57.1
36279,1999-05-03 00:00:00,0.0073170728090809,-0.1982099916899479,0.2128441373081098,12.217,57.1
36280,1999-05-04 00:00:00,-0.0084820694319577,-0.2141093457937513,0.1971452069298358,12.217,57.1
36281,1999-05-05 00:00:00,-0.0178839619118085,-0.2234334569760918,0.1876655331524747,12.217,57.1
36282,1999-05-06 00:00:00,-0.0574515856351544,-0.2633045224392371,0.1484013511689281,12.217,57.1
36283,1999-05-07 00:00:00,0.007131626142865,-0.1987078889665302,0.2129711412522603,12.217,57.1
36284,1999-05-08 00:00:00,0.0551561980453966,-0.1506917028599886,0.2610040989507818,12.217,57.1
36285,1999-05-09 00:00:00,0.1264874803822144,-0.079864397392801,0.33283935815723,12.217,57.1
36286,1999-05-10 00:00:00,0.0147429457485336,-0.1918321777343827,0.2213180692314501,12.217,57.1
36287,1999-05-11 00:00:00,0.0604790918655567,-0.1455628793079235,0.2665210630390369,12.217,57.1
36288,1999-05-12 00:00:00,0.0537729714711904,-0.1523182183820837,0.2598641613244646,12.217,57.1
36289,1999-05-13 00:00:00,0.0936534388420205,-0.1121784022370883,0.2994852799211295,12.217,57.1
36290,1999-05-14 00:00:00,0.0089888789983836,-0.1968882522404198,0.214866010237187,12.217,57.1
36291,1999-05-15 00:00:00,-0.0371766659619657,-0.2432103364122327,0.1688570044883012,12.217,57.1
36292,1999-05-16 00:00:00,-0.0069626042100132,-0.2136151040403182,0.1996898956202916,12.217,57.1
36293,1999-05-17 00:00:00,-0.0510011526399472,-0.2566993046102336,0.1546969993303391,12.217,57.1
36294,1999-05-18 00:00:00,-0.0497352089379377,-0.2552323919857177,0.1557619741098422,12.217,57.1
36295,1999-05-19 00:00:00,0.0026973093721211,-0.2028064332623695,0.2082010520066118,12.217,57.1
36296,1999-05-20 00:00:00,0.0180113244504829,-0.1876418022861929,0.2236644511871588,12.217,57.1
36297,1999-05-21 00:00:00,0.101375975477843,-0.1043064560812194,0.3070584070369054,12.217,57.1
36298,1999-05-22 00:00:00,0.100235062904355,-0.1058789132282389,0.3063490390369489,12.217,57.1
36299,1999-05-23 00:00:00,0.192892789237,-0.013666023271525,0.3994516017455251,12.217,57.1
36300,1999-05-24 00:00:00,0.219320872212717,0.0129291021554675,0.4257126422699666,12.217,57.1
36301,1999-05-25 00:00:00,0.1822244727018313,-0.0240356823401536,0.3884846277438164,12.217,57.1
36302,1999-05-26 00:00:00,0.1414052748674966,-0.0644306954834237,0.347241245218417,12.217,57.1
36303,1999-05-27 00:00:00,0.1295069175196796,-0.0763647821175153,0.3353786171568745,12.217,57.1
36304,1999-05-28 00:00:00,0.0205950787697448,-0.1854184276708864,0.2266085852103762,12.217,57.1
36305,1999-05-29 00:00:00,0.089353939934932,-0.1165019381493552,0.2952098180192194,12.217,57.1
36306,1999-05-30 00:00:00,0.1114015606418083,-0.0956472342861894,0.318450355569806,12.217,57.1
36307,1999-05-31 00:00:00,0.0197985664856337,-0.1861390455195147,0.2257361784907822,12.217,57.1
36308,1999-06-01 00:00:00,0.0403901346287531,-0.1651785905074883,0.2459588597649946,12.217,57.1
36309,1999-06-02 00:00:00,0.088191803396699,-0.1173456725401273,0.2937292793335255,12.217,57.1
36310,1999-06-03 00:00:00,0.0845029935176797,-0.121294223330527,0.2903002103658866,12.217,57.1
36311,1999-06-04 00:00:00,0.2023105510158154,-0.003567782972514,0.4081888850041449,12.217,57.1
36312,1999-06-05 00:00:00,0.2041984277825289,-0.0014171468790175,0.4098140024440754,12.217,57.1
36313,1999-06-06 00:00:00,0.1596393709403761,-0.0465605018029444,0.3658392436836967,12.217,57.1
36314,1999-06-07 00:00:00,0.2294303908623747,0.0219339354458882,0.4369268462788612,12.217,57.1
36315,1999-06-08 00:00:00,0.0171329370907997,-0.1890865933093404,0.22335246749094,12.217,57.1
36316,1999-06-09 00:00:00,0.0860308854057989,-0.1200123732675126,0.2920741440791104,12.217,57.1
36317,1999-06-10 00:00:00,0.0926264803200161,-0.1137086641677325,0.298961624807765,12.217,57.1
36318,1999-06-11 00:00:00,0.0908374343115275,-0.1160047000828349,0.2976795687058901,12.217,57.1
36319,1999-06-12 00:00:00,-0.0069705049047346,-0.2127970684783839,0.1988560586689146,12.217,57.1
36320,1999-06-13 00:00:00,-0.0654794097570332,-0.2711324947425467,0.1401736752284803,12.217,57.1
36321,1999-06-14 00:00:00,0.0011545984578832,-0.2044709741678502,0.2067801710836166,12.217,57.1
36322,1999-06-15 00:00:00,0.0142547537399078,-0.1912776046940162,0.2197871121738319,12.217,57.1
36323,1999-06-16 00:00:00,0.017609736765374,-0.1878583687460603,0.2230778422768083,12.217,57.1
36324,1999-06-17 00:00:00,0.0421383913185291,-0.1634483805102974,0.2477251631473557,12.217,57.1
36325,1999-06-18 00:00:00,0.0296320221258929,-0.1762528797890986,0.2355169240408845,12.217,57.1
36326,1999-06-19 00:00:00,-0.0016966162111775,-0.2076214854595694,0.2042282530372143,12.217,57.1
36327,1999-06-20 00:00:00,0.1338904386746792,-0.0721551876246458,0.3399360649740043,12.217,57.1
36328,1999-06-21 00:00:00,0.1927692002375694,-0.0144661650645833,0.4000045655397222,12.217,57.1
36329,1999-06-22 00:00:00,0.1431688726449709,-0.0630341640030927,0.3493719092930346,12.217,57.1
36330,1999-06-23 00:00:00,0.0303247377215512,-0.1752521023778275,0.2359015778209299,12.217,57.1
36331,1999-06-24 00:00:00,0.0205232582095594,-0.1849629769716336,0.2260094933907525,12.217,57.1
36332,1999-06-25 00:00:00,0.0137887926420722,-0.1916048792226959,0.2191824645068403,12.217,57.1
36333,1999-06-26 00:00:00,-0.020794954577798,-0.2263012441406179,0.1847113349850218,12.217,57.1
36334,1999-06-27 00:00:00,0.1303192055763612,-0.0760993429343714,0.3367377540870939,12.217,57.1
36335,1999-06-28 00:00:00,0.1114062693010308,-0.0946136934237596,0.3174262320258213,12.217,57.1
36336,1999-06-29 00:00:00,0.1109658920057717,-0.0949591492690393,0.3168909332805827,12.217,57.1
36337,1999-06-30 00:00:00,0.1488834140258073,-0.0570113239729088,0.3547781520245235,12.217,57.1
36338,1999-07-01 00:00:00,0.0687548357400945,-0.1369099434184042,0.2744196148985933,12.217,57.1
36339,1999-07-02 00:00:00,0.1027351929379776,-0.1028037902033313,0.3082741760792866,12.217,57.1
36340,1999-07-03 00:00:00,0.1174285116504163,-0.088444195751637,0.3233012190524697,12.217,57.1
36341,1999-07-04 00:00:00,0.0899154392341399,-0.1159520551947972,0.2957829336630771,12.217,57.1
36342,1999-07-05 00:00:00,0.1160606829071488,-0.0896137437247708,0.3217351095390685,12.217,57.1
36343,1999-07-06 00:00:00,0.0935192947498648,-0.1122834906836967,0.2993220801834263,12.217,57.1
36344,1999-07-07 00:00:00,0.0627309791539537,-0.1429879202089019,0.2684498785168094,12.217,57.1
36345,1999-07-08 00:00:00,-0.0268249693538956,-0.2324196564149095,0.1787697177071182,12.217,57.1
36346,1999-07-09 00:00:00,-0.0501518179625654,-0.2557894486431777,0.1554858127180468,12.217,57.1
36347,1999-07-10 00:00:00,-0.0693144124352486,-0.274834896658254,0.1362060717877568,12.217,57.1
36348,1999-07-11 00:00:00,-0.0401408384735515,-0.2457257422970461,0.1654440653499429,12.217,57.1
36349,1999-07-12 00:00:00,-0.0172038716531938,-0.2227399549416638,0.1883322116352761,12.217,57.1
36350,1999-07-13 00:00:00,0.03482435924761,-0.1707579750317346,0.2404066935269547,12.217,57.1
36351,1999-07-14 00:00:00,0.1436149438011913,-0.0620394657722816,0.3492693533746643,12.217,57.1
36352,1999-07-15 00:00:00,0.2594254531889245,0.0535699209028188,0.4652809854750302,12.217,57.1
36353,1999-07-16 00:00:00,0.2306774918617714,0.0249825885734826,0.4363723951500601,12.217,57.1
36354,1999-07-17 00:00:00,0.1413678787510403,-0.0641609525991377,0.3468967101012185,12.217,57.1
36355,1999-07-18 00:00:00,0.116744302835449,-0.0886612703799747,0.3221498760508728,12.217,57.1
36356,1999-07-19 00:00:00,0.0920233758863338,-0.1134546256450817,0.2975013774177493,12.217,57.1
36357,1999-07-20 00:00:00,0.1010071497752845,-0.1045521941377613,0.3065664936883303,12.217,57.1
36358,1999-07-21 00:00:00,0.1611455060113093,-0.0446971155913913,0.36698812761401,12.217,57.1
36359,1999-07-22 00:00:00,0.3034468226614487,0.0975853656009399,0.5093082797219575,12.217,57.1
36360,1999-07-23 00:00:00,0.1370591646977528,-0.0690068809975521,0.3431252103930579,12.217,57.1
36361,1999-07-24 00:00:00,0.1519020972818738,-0.0539928274337763,0.357797021997524,12.217,57.1
36362,1999-07-25 00:00:00,0.2916523931535298,0.0853864216179486,0.497918364689111,12.217,57.1
36363,1999-07-26 00:00:00,0.076601688774983,-0.1300431514495202,0.2832465289994864,12.217,57.1
36364,1999-07-27 00:00:00,-0.0216354978630818,-0.2275111554458135,0.1842401597196498,12.217,57.1
36365,1999-07-28 00:00:00,-0.0142632148555195,-0.2196769771432251,0.191150547432186,12.217,57.1
36366,1999-07-29 00:00:00,-0.0259468769402787,-0.2313640266669258,0.1794702727863684,12.217,57.1
36367,1999-07-30 00:00:00,0.0019335249480441,-0.2034821588292834,0.2073492087253716,12.217,57.1
36368,1999-07-31 00:00:00,0.018854277244378,-0.1865718931865312,0.2242804476752873,12.217,57.1
36369,1999-08-01 00:00:00,0.0293502017387768,-0.1761028857499302,0.2348032892274838,12.217,57.1
36370,1999-08-02 00:00:00,0.0159243736252434,-0.1895421723469727,0.2213909195974596,12.217,57.1
36371,1999-08-03 00:00:00,-0.0088503571512445,-0.2143487117100104,0.1966479974075212,12.217,57.1
36372,1999-08-04 00:00:00,0.001796248359022,-0.2036909874722033,0.2072834841902473,12.217,57.1
36373,1999-08-05 00:00:00,0.0297592801399069,-0.1757156113555658,0.2352341716353798,12.217,57.1
36374,1999-08-06 00:00:00,0.0724084244200898,-0.133060356360921,0.2778772052011007,12.217,57.1
36375,1999-08-07 00:00:00,0.0775257855183561,-0.128110657004639,0.2831622280413514,12.217,57.1
36376,1999-08-08 00:00:00,0.0909475810928533,-0.1147521025308314,0.2966472647165382,12.217,57.1
36377,1999-08-09 00:00:00,0.1028304205307714,-0.1028830203018578,0.3085438613634007,12.217,57.1
36378,1999-08-10 00:00:00,0.0798739114292478,-0.1259526423376431,0.2857004651961389,12.217,57.1
36379,1999-08-11 00:00:00,0.0632655580789069,-0.1424409593816094,0.2689720755394233,12.217,57.1
36380,1999-08-12 00:00:00,-0.0015647896831592,-0.2073011752592147,0.2041715958928963,12.217,57.1
36381,1999-08-13 00:00:00,0.0004604647490694,-0.2050699906756404,0.2059909201737794,12.217,57.1
36382,1999-08-14 00:00:00,0.0804349685617188,-0.1250410018192676,0.2859109389427055,12.217,57.1
36383,1999-08-15 00:00:00,0.2702638967186941,0.064242206482553,0.4762855869548352,12.217,57.1
36384,1999-08-16 00:00:00,0.1194430070671489,-0.0873333131385307,0.3262193272728285,12.217,57.1
36385,1999-08-17 00:00:00,0.0934546931091104,-0.1127456676519008,0.2996550538701218,12.217,57.1
36386,1999-08-18 00:00:00,0.1044267123766889,-0.1010873299719439,0.3099407547253218,12.217,57.1
36387,1999-08-19 00:00:00,0.1478670368831307,-0.0577715965553068,0.3535056703215683,12.217,57.1
36388,1999-08-20 00:00:00,0.1217364932485126,-0.0846552407248396,0.3281282272218649,12.217,57.1
36389,1999-08-21 00:00:00,0.0364794554096106,-0.1694940154101701,0.2424529262293913,12.217,57.1
36390,1999-08-22 00:00:00,-0.0026610560931214,-0.208250090439522,0.2029279782532791,12.217,57.1
36391,1999-08-23 00:00:00,0.0267288422380352,-0.1787695587084904,0.2322272431845609,12.217,57.1
36392,1999-08-24 00:00:00,0.0213932424588551,-0.1840756443494884,0.2268621292671986,12.217,57.1
36393,1999-08-25 00:00:00,0.0245138517209849,-0.1809884711446993,0.2300161745866691,12.217,57.1
36394,1999-08-26 00:00:00,0.0393544589355019,-0.1662237980905965,0.2449327159616003,12.217,57.1
36395,1999-08-27 00:00:00,0.2014218898205605,-0.0045769646004525,0.4074207442415737,12.217,57.1
36396,1999-08-28 00:00:00,0.1793123089095182,-0.0264549317189194,0.385079549537956,12.217,57.1
36397,1999-08-29 00:00:00,0.0263979906230129,-0.1792394133595513,0.2320353946055772,12.217,57.1
36398,1999-08-30 00:00:00,0.0634097209852866,-0.1421070206595576,0.2689264626301309,12.217,57.1
36399,1999-08-31 00:00:00,0.1142111845521291,-0.0914191763565259,0.3198415454607841,12.217,57.1
36400,1999-09-01 00:00:00,0.0436320726198874,-0.1620226199626696,0.2492867652024446,12.217,57.1
36401,1999-09-02 00:00:00,0.0330005000350051,-0.172684051522704,0.2386850515927142,12.217,57.1
36402,1999-09-03 00:00:00,0.0841546576692232,-0.1214657573721315,0.289775072710578,12.217,57.1
36403,1999-09-04 00:00:00,0.0335323909354463,-0.1723185625593532,0.239383344430246,12.217,57.1
36404,1999-09-05 00:00:00,0.0027501913418709,-0.2029270703462135,0.2084274530299553,12.217,57.1
36405,1999-09-06 00:00:00,0.0558497045353075,-0.1496121864083557,0.2613115954789708,12.217,57.1
36406,1999-09-07 00:00:00,0.0928732753788201,-0.11256267109762,0.2983092218552603,12.217,57.1
36407,1999-09-08 00:00:00,0.1018151172022594,-0.1038970174774479,0.3075272518819667,12.217,57.1
36408,1999-09-09 00:00:00,0.0606178946940921,-0.145057552311399,0.2662933416995832,12.217,57.1
36409,1999-09-10 00:00:00,-0.023076597905137,-0.2296562755846486,0.1835030797743745,12.217,57.1
36410,1999-09-11 00:00:00,-0.0310432017815397,-0.2367833043380679,0.1746969007749883,12.217,57.1
36411,1999-09-12 00:00:00,0.0486092545273553,-0.1569088484964202,0.254127357551131,12.217,57.1
36412,1999-09-13 00:00:00,0.0762111820001952,-0.1292860536784176,0.2817084176788081,12.217,57.1
36413,1999-09-14 00:00:00,0.0405052296589492,-0.1649804414640494,0.245990900781948,12.217,57.1
36414,1999-09-15 00:00:00,0.0544020843711601,-0.1511420327027116,0.2599462014450318,12.217,57.1
36415,1999-09-16 00:00:00,0.0518228252455256,-0.1536945442550609,0.2573401947461123,12.217,57.1
36416,1999-09-17 00:00:00,0.1128925897679734,-0.092667010703654,0.318452190239601,12.217,57.1
36417,1999-09-18 00:00:00,0.1309824782156064,-0.0749171733751801,0.336882129806393,12.217,57.1
36418,1999-09-19 00:00:00,0.0740629512351828,-0.1320365690298981,0.2801624715002638,12.217,57.1
36419,1999-09-20 00:00:00,0.0366439169237847,-0.1697983171413431,0.2430861509889125,12.217,57.1
36420,1999-09-21 00:00:00,0.0760970799448663,-0.1307828928889366,0.2829770527786694,12.217,57.1
36421,1999-09-22 00:00:00,0.1087237854587263,-0.0987822381135964,0.3162298090310492,12.217,57.1
36422,1999-09-23 00:00:00,0.0295545151173388,-0.176548104469182,0.2356571347038597,12.217,57.1
36423,1999-09-24 00:00:00,0.1447972876357746,-0.0607586080201836,0.3503531832917329,12.217,57.1
36424,1999-09-25 00:00:00,0.1645864441348204,-0.041119268174114,0.3702921564437549,12.217,57.1
36425,1999-09-26 00:00:00,0.1775117817456774,-0.0280430634382155,0.3830666269295705,12.217,57.1
36426,1999-09-27 00:00:00,0.2358923038804809,0.0300597250734491,0.4417248826875127,12.217,57.1
36427,1999-09-28 00:00:00,0.1971513994881593,-0.0088445824402243,0.403147381416543,12.217,57.1
36428,1999-09-29 00:00:00,0.2380159517786674,0.0319698118622864,0.4440620916950484,12.217,57.1
36429,1999-09-30 00:00:00,0.2979391987899736,0.0919006561556442,0.503977741424303,12.217,57.1
36430,1999-10-01 00:00:00,0.2335072587123919,0.0277144720529346,0.4393000453718492,12.217,57.1
36431,1999-10-02 00:00:00,0.4544281304699916,0.2471989263579049,0.6616573345820784,12.217,57.1
36432,1999-10-03 00:00:00,0.3522334691300812,0.1396805305513828,0.5647864077087796,12.217,57.1
36433,1999-10-04 00:00:00,0.38929203163639,0.1808580999321774,0.5977259633406025,12.217,57.1
36434,1999-10-05 00:00:00,0.2034671187980179,-0.0028780870072759,0.4098123246033117,12.217,57.1
36435,1999-10-06 00:00:00,-0.0179251978683366,-0.2238878703922131,0.1880374746555398,12.217,57.1
36436,1999-10-07 00:00:00,-0.0579334752689078,-0.2635712820699367,0.1477043315321211,12.217,57.1
36437,1999-10-08 00:00:00,0.1062670475330259,-0.0995461254990118,0.3120802205650638,12.217,57.1
36438,1999-10-09 00:00:00,0.1764670202338376,-0.029395722503229,0.3823297629709044,12.217,57.1
36439,1999-10-10 00:00:00,0.2026900690873794,-0.0038297258285787,0.4092098640033376,12.217,57.1
36440,1999-10-11 00:00:00,0.1327680857302489,-0.0738486900261113,0.3393848614866092,12.217,57.1
36441,1999-10-12 00:00:00,0.386864754348305,0.1790145894463574,0.5947149192502525,12.217,57.1
36442,1999-10-13 00:00:00,0.2808637786074779,0.0736076375471178,0.4881199196678379,12.217,57.1
36443,1999-10-14 00:00:00,0.0937639691739109,-0.1124015512421773,0.2999294895899992,12.217,57.1
36444,1999-10-15 00:00:00,-0.0049387211041032,-0.2107660228068496,0.2008885805986432,12.217,57.1
36445,1999-10-16 00:00:00,-0.0860543676139215,-0.2916015757233305,0.1194928404954875,12.217,57.1
36446,1999-10-17 00:00:00,-0.0884646403687862,-0.2941813150146141,0.1172520342770417,12.217,57.1
36447,1999-10-18 00:00:00,-0.0986748031482426,-0.3042933971247122,0.1069437908282269,12.217,57.1
36448,1999-10-19 00:00:00,-0.086559545528093,-0.2922472722649221,0.119128181208736,12.217,57.1
36449,1999-10-20 00:00:00,-0.0688604681610228,-0.2745137750129145,0.1367928386908687,12.217,57.1
36450,1999-10-21 00:00:00,-0.0410356514713427,-0.2466312892118609,0.1645599862691755,12.217,57.1
36451,1999-10-22 00:00:00,-0.0291395565963146,-0.2354638944758388,0.1771847812832096,12.217,57.1
36452,1999-10-23 00:00:00,0.1361444207152901,-0.0702155753037696,0.3425044167343498,12.217,57.1
36453,1999-10-24 00:00:00,0.1787586987012299,-0.0269710551035729,0.3844884525060328,12.217,57.1
36454,1999-10-25 00:00:00,0.1647007812111988,-0.0409226762695563,0.3703242386919541,12.217,57.1
36455,1999-10-26 00:00:00,0.1669973001571457,-0.0387021625791539,0.3726967628934454,12.217,57.1
36456,1999-10-27 00:00:00,0.1879537591999857,-0.0182427803447117,0.3941502987446832,12.217,57.1
36457,1999-10-28 00:00:00,0.1436361448647989,-0.0622877074285706,0.3495599971581686,12.217,57.1
36458,1999-10-29 00:00:00,0.2576496843799722,0.0512009768673508,0.4640983918925935,12.217,57.1
36459,1999-10-30 00:00:00,0.1187093347536383,-0.0870990872108786,0.3245177567181552,12.217,57.1
36460,1999-10-31 00:00:00,0.1736959972946027,-0.0321200576019729,0.3795120521911784,12.217,57.1
36461,1999-11-01 00:00:00,0.3790952099177368,0.1729495017389531,0.5852409180965205,12.217,57.1
36462,1999-11-02 00:00:00,0.2273598120734847,0.0207380733843599,0.4339815507626096,12.217,57.1
36463,1999-11-03 00:00:00,0.276624964189569,0.0692162362217082,0.4840336921574297,12.217,57.1
36464,1999-11-04 00:00:00,0.1072260460754763,-0.0984830163441085,0.3129351084950613,12.217,57.1
36465,1999-11-05 00:00:00,0.1277035649085093,-0.0782560325197919,0.3336631623368105,12.217,57.1
36466,1999-11-06 00:00:00,0.3057795944623665,0.0991542394514291,0.5124049494733038,12.217,57.1
36467,1999-11-07 00:00:00,0.1545177314195813,-0.0515171638850168,0.3605526267241796,12.217,57.1
36468,1999-11-08 00:00:00,-0.0639709909710346,-0.2697165738144158,0.1417745918723464,12.217,57.1
36469,1999-11-09 00:00:00,-0.0201264148283531,-0.2256352434169388,0.1853824137602325,12.217,57.1
36470,1999-11-10 00:00:00,-0.1223489654771057,-0.3280873121171916,0.0833893811629801,12.217,57.1
36471,1999-11-11 00:00:00,-0.1061733350905443,-0.312194096478588,0.0998474262974992,12.217,57.1
36472,1999-11-12 00:00:00,-0.0713054989396385,-0.2769050913686015,0.1342940934893243,12.217,57.1
36473,1999-11-13 00:00:00,0.0440346289712352,-0.1615264747160889,0.2495957326585595,12.217,57.1
36474,1999-11-14 00:00:00,0.0229849841432792,-0.1831208477562561,0.2290908160428146,12.217,57.1
36475,1999-11-15 00:00:00,-0.0129391035909523,-0.2193764130826893,0.1934982059007847,12.217,57.1
36476,1999-11-16 00:00:00,0.0493445290248613,-0.1565194141281548,0.2552084721778774,12.217,57.1
36477,1999-11-17 00:00:00,0.2227855912473438,0.0168433212946554,0.4287278612000323,12.217,57.1
36478,1999-11-18 00:00:00,0.1533065223749598,-0.0525960488868666,0.3592090936367863,12.217,57.1
36479,1999-11-19 00:00:00,0.0587611794696062,-0.1475694991437637,0.2650918580829762,12.217,57.1
36480,1999-11-20 00:00:00,-0.1289540769667159,-0.3362481706157079,0.0783400166822761,12.217,57.1
36481,1999-11-21 00:00:00,-0.0949018224158074,-0.3021085820698813,0.1123049372382663,12.217,57.1
36482,1999-11-22 00:00:00,0.0065805063617829,-0.1990859209456415,0.2122469336692075,12.217,57.1
36483,1999-11-23 00:00:00,0.0958597958990879,-0.1096631049156361,0.301382696713812,12.217,57.1
36484,1999-11-24 00:00:00,0.0615728969230834,-0.1441366515076204,0.2672824453537873,12.217,57.1
36485,1999-11-25 00:00:00,0.1370608437933852,-0.0690242318791495,0.3431459194659201,12.217,57.1
36486,1999-11-26 00:00:00,0.222264916101333,0.0158720238337866,0.4286578083688794,12.217,57.1
36487,1999-11-27 00:00:00,0.2524666978165942,0.0445674353593376,0.4603659602738508,12.217,57.1
36488,1999-11-28 00:00:00,0.2764042840498922,0.0679612445920874,0.4848473235076971,12.217,57.1
36489,1999-11-29 00:00:00,0.2108351360576858,0.0021469324907255,0.4195233396246462,12.217,57.1
36490,1999-11-30 00:00:00,0.3154418663747039,0.1007435790047556,0.5301401537446523,12.217,57.1
36491,1999-12-01 00:00:00,0.7670484124443415,0.5539412126737508,0.9801556122149322,12.217,57.1
36492,1999-12-02 00:00:00,0.5220140451808466,0.3103651099448805,0.7336629804168127,12.217,57.1
36493,1999-12-03 00:00:00,0.3071630541114725,0.1007778750820958,0.5135482331408492,12.217,57.1
36494,1999-12-04 00:00:00,0.8392173464595407,0.6096565014319744,1.068778191487107,12.217,57.1
36495,1999-12-05 00:00:00,0.4198332725514124,0.1931336806662866,0.6465328644365382,12.217,57.1
36496,1999-12-06 00:00:00,0.0776053013188103,-0.1293690077031758,0.2845796103407965,12.217,57.1
36497,1999-12-07 00:00:00,0.5928039281120786,0.3828920923804996,0.8027157638436576,12.217,57.1
36498,1999-12-08 00:00:00,0.4374466054782635,0.2306398251420543,0.6442533858144727,12.217,57.1
36499,1999-12-09 00:00:00,0.3203219279039467,0.1129154039781084,0.5277284518297851,12.217,57.1
36500,1999-12-10 00:00:00,0.4053366120375711,0.1969751492475338,0.6136980748276084,12.217,57.1
36501,1999-12-11 00:00:00,0.3971993577376542,0.1894739249764756,0.6049247904988327,12.217,57.1
36502,1999-12-12 00:00:00,0.188614882270009,-0.0210480349101307,0.3982777994501487,12.217,57.1
36503,1999-12-13 00:00:00,0.1917548328759539,-0.0192425194385542,0.4027521851904622,12.217,57.1
36504,1999-12-14 00:00:00,0.0998589127254444,-0.1064636328666142,0.3061814583175032,12.217,57.1
36505,1999-12-15 00:00:00,0.0646176274553641,-0.1440957981140807,0.273331053024809,12.217,57.1
36506,1999-12-16 00:00:00,-0.1180511451084403,-0.3282726905622141,0.0921704003453334,12.217,57.1
36507,1999-12-17 00:00:00,0.1814730664790063,-0.0252594716397716,0.3882056045977843,12.217,57.1
36508,1999-12-18 00:00:00,0.7853680367073346,0.5661416278714586,1.0045944455432103,12.217,57.1
36509,1999-12-19 00:00:00,0.4722905309656027,0.2609845588446455,0.6835965030865601,12.217,57.1
36510,1999-12-20 00:00:00,0.0940776464989656,-0.1124371055325681,0.3005923985304995,12.217,57.1
36511,1999-12-21 00:00:00,-0.0646416313024405,-0.2703900705974141,0.141106807992533,12.217,57.1
36512,1999-12-22 00:00:00,0.0298925058730608,-0.1758616384601201,0.2356466502062418,12.217,57.1
36513,1999-12-23 00:00:00,0.089000682758008,-0.1186401245777025,0.2966414900937186,12.217,57.1
36514,1999-12-24 00:00:00,0.3673705956449942,0.1579053388568668,0.5768358524331216,12.217,57.1
36515,1999-12-25 00:00:00,0.3131558236454886,0.1033035164170786,0.5230081308738986,12.217,57.1
36516,1999-12-26 00:00:00,0.6133118134271693,0.3968666828625662,0.8297569439917725,12.217,57.1
36517,1999-12-27 00:00:00,0.4697033828318371,0.2605928692224729,0.6788138964412014,12.217,57.1
36518,1999-12-28 00:00:00,0.2076969001647574,0.0017028046210088,0.4136909957085058,12.217,57.1
36519,1999-12-29 00:00:00,0.04063879296924,-0.1650747236761267,0.2463523096146068,12.217,57.1
36520,1999-12-30 00:00:00,0.0014152349808129,-0.2041591601914618,0.2069896301530876,12.217,57.1
36521,1999-12-31 00:00:00,0.0145461908148843,-0.191085739055368,0.2201781206851367,12.217,57.1
36522,2000-01-01 00:00:00,0.0814149022829191,-0.1241643485991053,0.2869941531649436,12.217,57.1
36523,2000-01-02 00:00:00,0.0544928849122897,-0.1513847862898134,0.2603705561143928,12.217,57.1
36524,2000-01-03 00:00:00,0.2096747070321253,0.0031720368618192,0.4161773772024313,12.217,57.1
36525,2000-01-04 00:00:00,0.3094501663492493,0.1026412365358339,0.5162590961626646,12.217,57.1
36526,2000-01-05 00:00:00,0.1952664020617045,-0.0111646457522923,0.4016974498757014,12.217,57.1
36527,2000-01-06 00:00:00,0.1566846408501354,-0.0504236641554843,0.3637929458557552,12.217,57.1
36528,2000-01-07 00:00:00,0.364667823784679,0.1557826993901131,0.573552948179245,12.217,57.1
36529,2000-01-08 00:00:00,0.308728473405665,0.1006235085464634,0.5168334382648666,12.217,57.1
36530,2000-01-09 00:00:00,0.3936816525982982,0.1861546063716518,0.6012086988249445,12.217,57.1
36531,2000-01-10 00:00:00,0.114926971748048,-0.0909776791681564,0.3208316226642525,12.217,57.1
36532,2000-01-11 00:00:00,0.1416520163823285,-0.0642353585334749,0.347539391298132,12.217,57.1
36533,2000-01-12 00:00:00,0.1356413089052529,-0.070586316695152,0.341868934505658,12.217,57.1
36534,2000-01-13 00:00:00,0.2492568602366992,0.0429071323929588,0.4556065880804396,12.217,57.1
36535,2000-01-14 00:00:00,0.0980433557512644,-0.1077859826042558,0.3038726941067848,12.217,57.1
36536,2000-01-15 00:00:00,-0.0881995999651403,-0.2940061784815049,0.1176069785512242,12.217,57.1
36537,2000-01-16 00:00:00,-0.0423285238690209,-0.2480179731051193,0.1633609253670774,12.217,57.1
36538,2000-01-17 00:00:00,0.1964053518524338,-0.0101550810509441,0.4029657847558118,12.217,57.1
36539,2000-01-18 00:00:00,0.2386298053926036,0.0306711270498022,0.446588483735405,12.217,57.1
36540,2000-01-19 00:00:00,0.0364998649563305,-0.1737326014505674,0.2467323313632285,12.217,57.1
36541,2000-01-20 00:00:00,-0.090857108460912,-0.2989893034082448,0.1172750864864207,12.217,57.1
36542,2000-01-21 00:00:00,0.1261323037364068,-0.0804764058948826,0.3327410133676963,12.217,57.1
36543,2000-01-22 00:00:00,-0.0082991943626602,-0.2165081924471223,0.1999098037218019,12.217,57.1
36544,2000-01-23 00:00:00,0.0595726971674253,-0.1465743854227452,0.265719779757596,12.217,57.1
36545,2000-01-24 00:00:00,-0.0739324315892154,-0.2797452481288224,0.1318803849503915,12.217,57.1
36546,2000-01-25 00:00:00,-0.0115696758611414,-0.2173349863107512,0.1941956345884682,12.217,57.1
36547,2000-01-26 00:00:00,0.0515104722203252,-0.1542156522481822,0.2572365966888326,12.217,57.1
36548,2000-01-27 00:00:00,0.167507102737234,-0.0383342958196544,0.3733485012941225,12.217,57.1
36549,2000-01-28 00:00:00,0.4580500962733022,0.2516343373821665,0.664465855164438,12.217,57.1
36550,2000-01-29 00:00:00,0.3015629545538974,0.0950984150292674,0.5080274940785274,12.217,57.1
36551,2000-01-30 00:00:00,0.8463319474705067,0.6334280122080217,1.0592358827329915,12.217,57.1
36552,2000-01-31 00:00:00,0.2902320956874908,0.0763128378527547,0.5041513535222268,12.217,57.1
36553,2000-02-01 00:00:00,0.2016823120732828,-0.0093108835073261,0.4126755076538919,12.217,57.1
36554,2000-02-02 00:00:00,0.3931241220573734,0.1868148675644443,0.5994333765503025,12.217,57.1
36555,2000-02-03 00:00:00,0.4546989952456712,0.2464808662026222,0.6629171242887202,12.217,57.1
36556,2000-02-04 00:00:00,0.0767471134672,-0.1304458918416577,0.2839401187760577,12.217,57.1
36557,2000-02-05 00:00:00,0.3951281999947647,0.187662543669305,0.6025938563202244,12.217,57.1
36558,2000-02-06 00:00:00,0.2936690889780604,0.0874619759357856,0.4998762020203351,12.217,57.1
36559,2000-02-07 00:00:00,0.2020384859548215,-0.0041629198297614,0.4082398917394045,12.217,57.1
36560,2000-02-08 00:00:00,0.4191100136783413,0.2105012558251033,0.6277187715315793,12.217,57.1
36561,2000-02-09 00:00:00,0.2652334089597893,0.0568862031117951,0.4735806148077836,12.217,57.1
36562,2000-02-10 00:00:00,0.1583211214734055,-0.0492030491560717,0.3658452921028829,12.217,57.1
36563,2000-02-11 00:00:00,0.3694311143379053,0.1600233528811546,0.5788388757946561,12.217,57.1
36564,2000-02-12 00:00:00,0.3222895014669745,0.1146613742200318,0.5299176287139171,12.217,57.1
36565,2000-02-13 00:00:00,0.3508660865842851,0.1421457557975131,0.559586417371057,12.217,57.1
36566,2000-02-14 00:00:00,0.3939886471267818,0.1857405190205925,0.602236775232971,12.217,57.1
36567,2000-02-15 00:00:00,0.1452691759433571,-0.060810847799822,0.3513491996865364,12.217,57.1
36568,2000-02-16 00:00:00,0.259024409241094,0.0531011273012002,0.4649476911809878,12.217,57.1
36569,2000-02-17 00:00:00,0.1411753806702466,-0.0646906344281128,0.347041395768606,12.217,57.1
36570,2000-02-18 00:00:00,0.0787099542671785,-0.1273613252363042,0.2847812337706614,12.217,57.1
36571,2000-02-19 00:00:00,0.1417337990209349,-0.0642533730026953,0.3477209710445653,12.217,57.1
36572,2000-02-20 00:00:00,-0.0123202762541245,-0.2182414244489932,0.193600871940744,12.217,57.1
36573,2000-02-21 00:00:00,-0.1190636224079369,-0.3247169115067926,0.0865896666909186,12.217,57.1
36574,2000-02-22 00:00:00,0.0416384016957387,-0.1639135204453099,0.2471903238367874,12.217,57.1
36575,2000-02-23 00:00:00,0.0230581450787342,-0.1824544543208031,0.2285707444782715,12.217,57.1
36576,2000-02-24 00:00:00,0.064028594418044,-0.1418258703484659,0.2698830591845539,12.217,57.1
36577,2000-02-25 00:00:00,0.2669671859758957,0.0596714288489821,0.4742629431028092,12.217,57.1
36578,2000-02-26 00:00:00,0.1902517156718212,-0.0157072459027627,0.3962106772464053,12.217,57.1
36579,2000-02-27 00:00:00,0.1285719550483075,-0.0770895077135834,0.3342334178101985,12.217,57.1
36580,2000-02-28 00:00:00,0.2460180218465641,0.0380260069812446,0.4540100367118835,12.217,57.1
36581,2000-02-29 00:00:00,0.499765866928589,0.2905833882715865,0.7089483455855916,12.217,57.1
36582,2000-03-01 00:00:00,0.3073122904225187,0.0998389916642467,0.5147855891807906,12.217,57.1
36583,2000-03-02 00:00:00,0.4003188349660709,0.1929611712486291,0.6076764986835127,12.217,57.1
36584,2000-03-03 00:00:00,0.1994571310032278,-0.0114458341618359,0.4103600961682915,12.217,57.1
36585,2000-03-04 00:00:00,0.5994265877093369,0.383187410562164,0.8156657648565098,12.217,57.1
36586,2000-03-05 00:00:00,0.1899482354105815,-0.0179203882282571,0.3978168590494202,12.217,57.1
36587,2000-03-06 00:00:00,0.0869110264917898,-0.1195315206796031,0.2933535736631828,12.217,57.1
36588,2000-03-07 00:00:00,0.7849711177148996,0.5760980275271561,0.993844207902643,12.217,57.1
36589,2000-03-08 00:00:00,0.1899259879262917,-0.018322326055563,0.3981743019081465,12.217,57.1
36590,2000-03-09 00:00:00,0.3947382671699715,0.1879331618484068,0.6015433724915363,12.217,57.1
36591,2000-03-10 00:00:00,0.0695852215408334,-0.1378719471061589,0.2770423901878258,12.217,57.1
36592,2000-03-11 00:00:00,0.0537674255339696,-0.1527148902633041,0.2602497413312434,12.217,57.1
36593,2000-03-12 00:00:00,0.0347698080383215,-0.1723251823258809,0.2418647984025239,12.217,57.1
36594,2000-03-13 00:00:00,0.0243925408905943,-0.1814739007072896,0.2302589824884783,12.217,57.1
36595,2000-03-14 00:00:00,0.2395964154695722,0.0339236440103364,0.4452691869288081,12.217,57.1
36596,2000-03-15 00:00:00,0.1978815864172293,-0.008876044135405,0.4046392169698636,12.217,57.1
36597,2000-03-16 00:00:00,0.0303749603549251,-0.1766529978916005,0.2374029186014508,12.217,57.1
36598,2000-03-17 00:00:00,-0.0524876392940523,-0.2582587863975939,0.1532835078094892,12.217,57.1
36599,2000-03-18 00:00:00,-0.0029690385911743,-0.2087705664059481,0.2028324892235994,12.217,57.1
36600,2000-03-19 00:00:00,-0.0723657016575555,-0.278409321738789,0.133677918423678,12.217,57.1
36601,2000-03-20 00:00:00,0.0366314902837468,-0.1690703637897899,0.2423333443572835,12.217,57.1
36602,2000-03-21 00:00:00,0.1109329182566036,-0.094877604884557,0.3167434413977642,12.217,57.1
36603,2000-03-22 00:00:00,0.1499421839678766,-0.0558648038386758,0.3557491717744291,12.217,57.1
36604,2000-03-23 00:00:00,0.0638995096508658,-0.1417879768515939,0.2695869961533257,12.217,57.1
36605,2000-03-24 00:00:00,0.0103749479903343,-0.1952623358048749,0.2160122317855437,12.217,57.1
36606,2000-03-25 00:00:00,0.0297320939272854,-0.1759842755884447,0.2354484634430156,12.217,57.1
36607,2000-03-26 00:00:00,0.0979815525585075,-0.1076951272356316,0.3036582323526467,12.217,57.1
36608,2000-03-27 00:00:00,0.0424407816046324,-0.1635298986821824,0.2484114618914473,12.217,57.1
36609,2000-03-28 00:00:00,-0.1413567455195682,-0.3488469664741897,0.0661334754350531,12.217,57.1
36610,2000-03-29 00:00:00,-0.1254300370624669,-0.3321099438683262,0.0812498697433923,12.217,57.1
36611,2000-03-30 00:00:00,-0.0422229881190772,-0.247969707594039,0.1635237313558844,12.217,57.1
36612,2000-03-31 00:00:00,0.0622507953066998,-0.1434601730697843,0.2679617636831839,12.217,57.1
36613,2000-04-01 00:00:00,0.1150778556841088,-0.0905293323939196,0.3206850437621373,12.217,57.1
36614,2000-04-02 00:00:00,0.139191752629355,-0.0666392579159238,0.3450227631746339,12.217,57.1
36615,2000-04-03 00:00:00,0.0901435116443356,-0.1159131328962634,0.2962001561849345,12.217,57.1
36616,2000-04-04 00:00:00,0.1229920241953801,-0.0828111249027135,0.3287951732934737,12.217,57.1
36617,2000-04-05 00:00:00,0.0468150872951954,-0.159619222485143,0.2532493970755339,12.217,57.1
36618,2000-04-06 00:00:00,0.0612575958710231,-0.1462421026003457,0.2687572943423919,12.217,57.1
36619,2000-04-07 00:00:00,-0.0671825968448865,-0.2736040295124487,0.1392388358226755,12.217,57.1
36620,2000-04-08 00:00:00,-0.0064544062844543,-0.2122134861314732,0.1993046735625646,12.217,57.1
36621,2000-04-09 00:00:00,-0.0349558106068979,-0.2406110484712064,0.1706994272574105,12.217,57.1
36622,2000-04-10 00:00:00,-0.0164475708652135,-0.2219053384561997,0.1890101967257726,12.217,57.1
36623,2000-04-11 00:00:00,0.0926788311497157,-0.1128415774712284,0.29819923977066,12.217,57.1
36624,2000-04-12 00:00:00,0.1485945540478712,-0.0570114960757313,0.3542006041714737,12.217,57.1
36625,2000-04-13 00:00:00,0.1569770879632213,-0.0497380266007486,0.3636922025271913,12.217,57.1
36626,2000-04-14 00:00:00,0.2555543960630658,0.048145875088523,0.4629629170376085,12.217,57.1
36627,2000-04-15 00:00:00,0.2134715582193903,0.0067287270417001,0.4202143893970804,12.217,57.1
36628,2000-04-16 00:00:00,0.1395283089596215,-0.0663326360670759,0.345389253986319,12.217,57.1
36629,2000-04-17 00:00:00,0.1610750776394623,-0.0447900725730841,0.3669402278520089,12.217,57.1
36630,2000-04-18 00:00:00,0.2169231667731707,0.0108378220710456,0.4230085114752958,12.217,57.1
36631,2000-04-19 00:00:00,0.0200138445283171,-0.1866725392569563,0.2267002283135906,12.217,57.1
36632,2000-04-20 00:00:00,0.0395831610382222,-0.1662297536763984,0.2453960757528429,12.217,57.1
36633,2000-04-21 00:00:00,0.0696065733387754,-0.1359569381591498,0.2751700848367007,12.217,57.1
36634,2000-04-22 00:00:00,0.0753502016287688,-0.1304243720112332,0.2811247752687709,12.217,57.1
36635,2000-04-23 00:00:00,0.0784674328263597,-0.1274531431684858,0.2843880088212053,12.217,57.1
36636,2000-04-24 00:00:00,0.0214689780130786,-0.1845908808028825,0.2275288368290398,12.217,57.1
36637,2000-04-25 00:00:00,0.0167094504497524,-0.1890521570609255,0.2224710579604304,12.217,57.1
36638,2000-04-26 00:00:00,0.0619196294218687,-0.1436710444886563,0.2675103033323938,12.217,57.1
36639,2000-04-27 00:00:00,0.082076097373611,-0.1235878369648982,0.2877400317121203,12.217,57.1
36640,2000-04-28 00:00:00,-0.0497475627764473,-0.255594583538041,0.1560994579851461,12.217,57.1
36641,2000-04-29 00:00:00,0.0354611277182916,-0.1702115257290768,0.2411337811656601,12.217,57.1
36642,2000-04-30 00:00:00,-0.0062233876504545,-0.2119082856328685,0.1994615103319593,12.217,57.1
36643,2000-05-01 00:00:00,0.0047920051472316,-0.2011358032972941,0.2107198135917574,12.217,57.1
36644,2000-05-02 00:00:00,-0.0540019824594558,-0.260068085199456,0.1520641202805443,12.217,57.1
36645,2000-05-03 00:00:00,-0.0109885631608775,-0.2166596111549766,0.1946824848332216,12.217,57.1
36646,2000-05-04 00:00:00,-0.0576362764335956,-0.2632361937528289,0.1479636408856376,12.217,57.1
36647,2000-05-05 00:00:00,-0.0006137636765652,-0.2062109580138088,0.2049834306606784,12.217,57.1
36648,2000-05-06 00:00:00,-0.0065384424996841,-0.2121634318064316,0.1990865468070633,12.217,57.1
36649,2000-05-07 00:00:00,-0.0039267155033803,-0.2096641941223134,0.2018107631155526,12.217,57.1
36650,2000-05-08 00:00:00,-0.0174272769369253,-0.2231439655267982,0.1882894116529476,12.217,57.1
36651,2000-05-09 00:00:00,-0.0452219619413583,-0.2507691241206718,0.160325200237955,12.217,57.1
36652,2000-05-10 00:00:00,0.0275642083611328,-0.1780035486659394,0.2331319653882052,12.217,57.1
36653,2000-05-11 00:00:00,-0.0081598505373575,-0.2138529046182817,0.1975332035435666,12.217,57.1
36654,2000-05-12 00:00:00,-0.0280599903361518,-0.2340080543546153,0.1778880736823116,12.217,57.1
36655,2000-05-13 00:00:00,-0.0292260592034559,-0.2353900752816536,0.1769379568747417,12.217,57.1
36656,2000-05-14 00:00:00,-0.0101393090142702,-0.2157890946172616,0.1955104765887211,12.217,57.1
36657,2000-05-15 00:00:00,0.0231678363710292,-0.1823014827533882,0.2286371554954467,12.217,57.1
36658,2000-05-16 00:00:00,0.0518465793942269,-0.1536107933297171,0.257303952118171,12.217,57.1
36659,2000-05-17 00:00:00,0.0996345900313114,-0.1058768410492972,0.3051460211119202,12.217,57.1
36660,2000-05-18 00:00:00,0.1517798151520779,-0.0544749272887122,0.3580345575928679,12.217,57.1
36661,2000-05-19 00:00:00,0.2224887943587936,0.0165715032448099,0.4284060854727773,12.217,57.1
36662,2000-05-20 00:00:00,0.12491509393146,-0.0807201611709658,0.3305503490338858,12.217,57.1
36663,2000-05-21 00:00:00,0.061493861485178,-0.144019005016685,0.2670067279870411,12.217,57.1
36664,2000-05-22 00:00:00,0.1062393498572276,-0.0992735514455573,0.3117522511600127,12.217,57.1
36665,2000-05-23 00:00:00,0.0717453601802756,-0.1337828260415222,0.2772735464020733,12.217,57.1
36666,2000-05-24 00:00:00,0.1346676808391784,-0.071040562080069,0.3403759237584259,12.217,57.1
36667,2000-05-25 00:00:00,0.1518464556499165,-0.0544591702599681,0.3581520815598011,12.217,57.1
36668,2000-05-26 00:00:00,0.2681035942113386,0.0603958610657374,0.4758113273569399,12.217,57.1
36669,2000-05-27 00:00:00,0.1352190679491429,-0.0742827909629401,0.3447209268612259,12.217,57.1
36670,2000-05-28 00:00:00,0.3687914157905332,0.1602753385495949,0.5773074930314716,12.217,57.1
36671,2000-05-29 00:00:00,0.2486114444114924,0.0370951597207959,0.4601277291021889,12.217,57.1
36672,2000-05-30 00:00:00,0.269808776313895,0.0602550976088316,0.4793624550189583,12.217,57.1
36673,2000-05-31 00:00:00,0.2125930413137005,0.0060510354503885,0.4191350471770125,12.217,57.1
36674,2000-06-01 00:00:00,0.0911984696843626,-0.1145375528668974,0.2969344922356227,12.217,57.1
36675,2000-06-02 00:00:00,0.1333184982813287,-0.0723625863392933,0.3389995829019508,12.217,57.1
36676,2000-06-03 00:00:00,0.2141812531498617,0.0067516870204742,0.4216108192792492,12.217,57.1
36677,2000-06-04 00:00:00,-0.0325814656638319,-0.2396525914442212,0.1744896601165573,12.217,57.1
36678,2000-06-05 00:00:00,-0.0232978008718956,-0.2291000603812165,0.1825044586374252,12.217,57.1
36679,2000-06-06 00:00:00,-0.0027261768520009,-0.2082122499850155,0.2027598962810137,12.217,57.1
36680,2000-06-07 00:00:00,0.0140025476785595,-0.1918850733010463,0.2198901686581653,12.217,57.1
36681,2000-06-08 00:00:00,0.1355001875591955,-0.0706658711370548,0.341666246255446,12.217,57.1
36682,2000-06-09 00:00:00,0.0889274870531447,-0.1167860635256555,0.2946410376319449,12.217,57.1
36683,2000-06-10 00:00:00,0.0683976388771176,-0.1372644518776329,0.2740597296318682,12.217,57.1
36684,2000-06-11 00:00:00,0.0460041905450446,-0.1600097950016731,0.2520181760917623,12.217,57.1
36685,2000-06-12 00:00:00,0.1427730557403596,-0.0634054223403721,0.3489515338210914,12.217,57.1
36686,2000-06-13 00:00:00,0.1424610789207163,-0.0654130818056829,0.3503352396471156,12.217,57.1
36687,2000-06-14 00:00:00,0.2428306860127033,0.0330689943108688,0.4525923777145378,12.217,57.1
36688,2000-06-15 00:00:00,0.1148165573581308,-0.0948046266378358,0.3244377413540975,12.217,57.1
36689,2000-06-16 00:00:00,0.0944594078020142,-0.1117641239101373,0.3006829395141657,12.217,57.1
36690,2000-06-17 00:00:00,0.0975515306112556,-0.1088025889504408,0.3039056501729521,12.217,57.1
36691,2000-06-18 00:00:00,0.0118833553183895,-0.1938254554972849,0.217592166134064,12.217,57.1
36692,2000-06-19 00:00:00,0.0228880918865609,-0.182923846430151,0.228700030203273,12.217,57.1
36693,2000-06-20 00:00:00,0.1122050917907719,-0.0939343988055215,0.3183445823870653,12.217,57.1
36694,2000-06-21 00:00:00,0.1043630490050843,-0.1014231086333605,0.3101492066435293,12.217,57.1
36695,2000-06-22 00:00:00,0.1042611316253119,-0.1014338060351761,0.3099560692858001,12.217,57.1
36696,2000-06-23 00:00:00,0.1834117573819162,-0.0222914303515816,0.3891149451154142,12.217,57.1
36697,2000-06-24 00:00:00,0.1602495201003114,-0.0454985242070003,0.3659975644076233,12.217,57.1
36698,2000-06-25 00:00:00,0.1428051358767962,-0.0628003510999369,0.3484106228535295,12.217,57.1
36699,2000-06-26 00:00:00,0.0494218848137688,-0.1563044557468349,0.2551482253743727,12.217,57.1
36700,2000-06-27 00:00:00,0.1792089887132441,-0.0270885115146658,0.385506488941154,12.217,57.1
36701,2000-06-28 00:00:00,0.1832033947981627,-0.0234075957336042,0.3898143853299296,12.217,57.1
36702,2000-06-29 00:00:00,0.0557894361606848,-0.1502729526021753,0.2618518249235449,12.217,57.1
36703,2000-06-30 00:00:00,0.0562676256455634,-0.1496423826380113,0.2621776339291382,12.217,57.1
36704,2000-07-01 00:00:00,0.2132133244301374,0.005499468515285,0.4209271803449899,12.217,57.1
36705,2000-07-02 00:00:00,0.0644763583730804,-0.1417194849324525,0.2706722016786134,12.217,57.1
36706,2000-07-03 00:00:00,0.0225445254846379,-0.1830413969163619,0.2281304478856378,12.217,57.1
36707,2000-07-04 00:00:00,0.0825097187508528,-0.1230104217607517,0.2880298592624574,12.217,57.1
36708,2000-07-05 00:00:00,0.0605932579207878,-0.1449198078812447,0.2661063237228205,12.217,57.1
36709,2000-07-06 00:00:00,0.0378713658588715,-0.1677715573118957,0.2435142890296386,12.217,57.1
36710,2000-07-07 00:00:00,0.1219460083731641,-0.0836653747876193,0.3275573915339476,12.217,57.1
36711,2000-07-08 00:00:00,0.1647087809169375,-0.0408783146475345,0.3702958764814095,12.217,57.1
36712,2000-07-09 00:00:00,0.1628113593881286,-0.0428005366316027,0.36842325540786,12.217,57.1
36713,2000-07-10 00:00:00,0.2209114018997118,0.0152922322876624,0.4265305715117612,12.217,57.1
36714,2000-07-11 00:00:00,0.2856201635246493,0.0795897692214239,0.4916505578278746,12.217,57.1
36715,2000-07-12 00:00:00,0.1148299420253541,-0.0913367790742996,0.3209966631250078,12.217,57.1
36716,2000-07-13 00:00:00,0.1771197606911935,-0.0287758549741771,0.3830153763565642,12.217,57.1
36717,2000-07-14 00:00:00,0.3379107270025571,0.1309254830150736,0.5448959709900406,12.217,57.1
36718,2000-07-15 00:00:00,0.1238688144674911,-0.0820554245250748,0.329793053460057,12.217,57.1
36719,2000-07-16 00:00:00,0.0542749606945049,-0.1512837235389842,0.2598336449279942,12.217,57.1
36720,2000-07-17 00:00:00,0.0737645038032886,-0.1319741915219111,0.2795031991284883,12.217,57.1
36721,2000-07-18 00:00:00,0.067310915483597,-0.1381845409486677,0.2728063719158617,12.217,57.1
36722,2000-07-19 00:00:00,0.1339331824197592,-0.0716491595368603,0.3395155243763788,12.217,57.1
36723,2000-07-20 00:00:00,0.1804860635598882,-0.0254410600939161,0.3864131872136928,12.217,57.1
36724,2000-07-21 00:00:00,0.1198885072474207,-0.0864865379976685,0.32626355249251,12.217,57.1
36725,2000-07-22 00:00:00,-0.0420851885327147,-0.2480997449505886,0.1639293678851592,12.217,57.1
36726,2000-07-23 00:00:00,-0.0270673285455825,-0.2326383034729704,0.1785036463818054,12.217,57.1
36727,2000-07-24 00:00:00,0.0303758127995011,-0.1751322323834613,0.2358838579824636,12.217,57.1
36728,2000-07-25 00:00:00,0.0862229179579618,-0.1193281299502924,0.2917739658662162,12.217,57.1
36729,2000-07-26 00:00:00,0.035774744534033,-0.170184030000523,0.2417335190685892,12.217,57.1
36730,2000-07-27 00:00:00,0.0295090089810978,-0.1762836134113375,0.2353016313735332,12.217,57.1
36731,2000-07-28 00:00:00,0.0050394361349525,-0.200509151303235,0.2105880235731401,12.217,57.1
36732,2000-07-29 00:00:00,0.0214331863686416,-0.1841080456137162,0.2269744183509994,12.217,57.1
36733,2000-07-30 00:00:00,0.0206799178281248,-0.1847391784233961,0.2260990140796457,12.217,57.1
36734,2000-07-31 00:00:00,0.0816921811067112,-0.1237484658810448,0.2871328280944674,12.217,57.1
36735,2000-08-01 00:00:00,0.1117880970606646,-0.0937028660590751,0.3172790601804044,12.217,57.1
36736,2000-08-02 00:00:00,0.0992729312487712,-0.1062524157412707,0.3047982782388133,12.217,57.1
36737,2000-08-03 00:00:00,0.0655396903954093,-0.1398895927509029,0.2709689735417216,12.217,57.1
36738,2000-08-04 00:00:00,0.0593870207321332,-0.146077580382287,0.2648516218465535,12.217,57.1
36739,2000-08-05 00:00:00,0.0607857712165088,-0.1446592662810389,0.2662308087140566,12.217,57.1
36740,2000-08-06 00:00:00,0.1041124093532265,-0.1014215705003932,0.3096463892068463,12.217,57.1
36741,2000-08-07 00:00:00,0.1443468778833512,-0.0627440248351873,0.3514377806018897,12.217,57.1
36742,2000-08-08 00:00:00,0.181220078402026,-0.0253797436374451,0.3878199004414971,12.217,57.1
36743,2000-08-09 00:00:00,0.1002711825042982,-0.1055059018515736,0.30604826686017,12.217,57.1
36744,2000-08-10 00:00:00,0.0853622058451514,-0.1201486370356692,0.2908730487259722,12.217,57.1
36745,2000-08-11 00:00:00,0.1299055305030083,-0.0756366629698392,0.335447723975856,12.217,57.1
36746,2000-08-12 00:00:00,0.1257585855335753,-0.0798226729664757,0.3313398440336265,12.217,57.1
36747,2000-08-13 00:00:00,0.0522040362538286,-0.1532799426324452,0.2576880151401026,12.217,57.1
36748,2000-08-14 00:00:00,0.0276955901234167,-0.1777459992753659,0.2331371795221995,12.217,57.1
36749,2000-08-15 00:00:00,0.0985742923460084,-0.1068940856334793,0.3040426703254961,12.217,57.1
36750,2000-08-16 00:00:00,0.1275636604559763,-0.0781424249605399,0.3332697458724927,12.217,57.1
36751,2000-08-17 00:00:00,0.1407159232629359,-0.0647604281228177,0.3461922746486896,12.217,57.1
36752,2000-08-18 00:00:00,0.12986727286128,-0.0755651582780639,0.335299704000624,12.217,57.1
36753,2000-08-19 00:00:00,0.1221646577163477,-0.0833912438478432,0.3277205592805386,12.217,57.1
36754,2000-08-20 00:00:00,0.1029062726981541,-0.1026132514566113,0.3084257968529197,12.217,57.1
36755,2000-08-21 00:00:00,0.1645711631763526,-0.0413678100929992,0.3705101364457045,12.217,57.1
36756,2000-08-22 00:00:00,0.0827923712043516,-0.1230752695295555,0.2886600119382588,12.217,57.1
36757,2000-08-23 00:00:00,0.0479560288593222,-0.1576577058745593,0.2535697635932038,12.217,57.1
36758,2000-08-24 00:00:00,0.1032974718625006,-0.1022766969527177,0.308871640677719,12.217,57.1
36759,2000-08-25 00:00:00,0.1457359584453974,-0.0607721901254826,0.3522441070162775,12.217,57.1
36760,2000-08-26 00:00:00,0.0092714155774953,-0.196632790841067,0.2151756219960577,12.217,57.1
36761,2000-08-27 00:00:00,0.053902663160169,-0.1516551682591701,0.2594604945795082,12.217,57.1
36762,2000-08-28 00:00:00,0.0828528472305928,-0.1228866618646419,0.2885923563258274,12.217,57.1
36763,2000-08-29 00:00:00,0.0758608994264468,-0.1300041562422237,0.2817259550951175,12.217,57.1
36764,2000-08-30 00:00:00,0.0230472361103725,-0.1825410141643384,0.2286354863850835,12.217,57.1
36765,2000-08-31 00:00:00,0.078872541045303,-0.1266041561917758,0.284349238282382,12.217,57.1
36766,2000-09-01 00:00:00,0.06671642715415,-0.138743318704952,0.2721761730132521,12.217,57.1
36767,2000-09-02 00:00:00,0.112509380179065,-0.0929692606327092,0.3179880209908393,12.217,57.1
36768,2000-09-03 00:00:00,0.0460501272187115,-0.1604431457393117,0.2525434001767349,12.217,57.1
36769,2000-09-04 00:00:00,0.0167747452948688,-0.1911286254968811,0.2246781160866189,12.217,57.1
36770,2000-09-05 00:00:00,-0.0487474378491529,-0.2549420732237319,0.157447197525426,12.217,57.1
36771,2000-09-06 00:00:00,0.0595489516111547,-0.1459836420003867,0.2650815452226961,12.217,57.1
36772,2000-09-07 00:00:00,0.2590465056037326,0.052777971759633,0.4653150394478323,12.217,57.1
36773,2000-09-08 00:00:00,0.1129273305346299,-0.0938415300524152,0.3196961911216751,12.217,57.1
36774,2000-09-09 00:00:00,0.220692543082039,0.0142123848134293,0.4271727013506488,12.217,57.1
36775,2000-09-10 00:00:00,0.1605501322742094,-0.0460899941205925,0.3671902586690114,12.217,57.1
36776,2000-09-11 00:00:00,0.0507087384371729,-0.155183947016006,0.2566014238903519,12.217,57.1
36777,2000-09-12 00:00:00,0.0089819278713316,-0.1965862854404403,0.2145501411831035,12.217,57.1
36778,2000-09-13 00:00:00,0.0795597322715849,-0.1261244479136557,0.2852439124568257,12.217,57.1
36779,2000-09-14 00:00:00,0.0248124795822989,-0.1813893903810018,0.2310143495455997,12.217,57.1
36780,2000-09-15 00:00:00,0.0187195847997082,-0.1869273441728423,0.2243665137722588,12.217,57.1
36781,2000-09-16 00:00:00,0.0925663719967401,-0.1131426774019644,0.2982754213954448,12.217,57.1
36782,2000-09-17 00:00:00,0.0577733228063815,-0.1482769228622014,0.2638235684749644,12.217,57.1
36783,2000-09-18 00:00:00,0.1148433568266955,-0.0909705265618189,0.3206572402152099,12.217,57.1
36784,2000-09-19 00:00:00,0.166716396853779,-0.0395438980834833,0.3729766917910413,12.217,57.1
36785,2000-09-20 00:00:00,0.018270053095868,-0.187923550675373,0.2244636568671092,12.217,57.1
36786,2000-09-21 00:00:00,-0.0025245347277918,-0.2083588505611706,0.2033097811055869,12.217,57.1
36787,2000-09-22 00:00:00,-0.0320377755751148,-0.23777134158093,0.1736957904307004,12.217,57.1
36788,2000-09-23 00:00:00,0.0026619226071417,-0.2029322702326186,0.208256115446902,12.217,57.1
36789,2000-09-24 00:00:00,-0.040277037945424,-0.2458478031533929,0.1652937272625448,12.217,57.1
36790,2000-09-25 00:00:00,-0.0279620384896218,-0.2334909161794432,0.1775668392001996,12.217,57.1
36791,2000-09-26 00:00:00,-0.0171612656852857,-0.2226516603967311,0.1883291290261596,12.217,57.1
36792,2000-09-27 00:00:00,0.0216783047808495,-0.1837947051749653,0.2271513147366644,12.217,57.1
36793,2000-09-28 00:00:00,0.1603862630108143,-0.0453582483868121,0.3661307744084409,12.217,57.1
36794,2000-09-29 00:00:00,0.166374967953107,-0.0394085180532737,0.3721584539594879,12.217,57.1
36795,2000-09-30 00:00:00,0.0927656766209345,-0.1129164439669995,0.2984477972088685,12.217,57.1
36796,2000-10-01 00:00:00,0.0706387181327244,-0.1349053718964069,0.2761828081618558,12.217,57.1
36797,2000-10-02 00:00:00,0.0881580761687584,-0.1174904706648146,0.2938066230023316,12.217,57.1
36798,2000-10-03 00:00:00,0.0906174238619547,-0.1152842665181783,0.2965191142420877,12.217,57.1
36799,2000-10-04 00:00:00,0.0693470951026747,-0.1364733722262779,0.2751675624316273,12.217,57.1
36800,2000-10-05 00:00:00,0.0799612023286486,-0.125802553502687,0.2857249581599844,12.217,57.1
36801,2000-10-06 00:00:00,0.1225557566472197,-0.0829909282253697,0.3281024415198092,12.217,57.1
36802,2000-10-07 00:00:00,0.0076608248722027,-0.197965881606809,0.2132875313512144,12.217,57.1
36803,2000-10-08 00:00:00,-0.0054799383108847,-0.2110151360323481,0.2000552594105785,12.217,57.1
36804,2000-10-09 00:00:00,0.104486106998927,-0.101147541734367,0.3101197557322211,12.217,57.1
36805,2000-10-10 00:00:00,0.1890661933779858,-0.017063126841725,0.3951955135976966,12.217,57.1
36806,2000-10-11 00:00:00,0.4380337394397524,0.2272313275886965,0.6488361512908084,12.217,57.1
36807,2000-10-12 00:00:00,0.3671763638337278,0.1534220903698651,0.5809306372975906,12.217,57.1
36808,2000-10-13 00:00:00,0.0968713858908035,-0.1124221719321694,0.3061649437137765,12.217,57.1
36809,2000-10-14 00:00:00,0.0963674977763239,-0.1092438180013944,0.3019788135540424,12.217,57.1
36810,2000-10-15 00:00:00,0.0651650181148242,-0.1402949617629452,0.2706249979925936,12.217,57.1
36811,2000-10-16 00:00:00,-0.0114486072056637,-0.2173147693714738,0.1944175549601463,12.217,57.1
36812,2000-10-17 00:00:00,0.2719897112100248,0.0651632625218791,0.4788161598981705,12.217,57.1
36813,2000-10-18 00:00:00,0.0247717218983606,-0.1820864486585915,0.2316298924553127,12.217,57.1
36814,2000-10-19 00:00:00,0.0990778289438329,-0.1067612183770646,0.3049168762647304,12.217,57.1
36815,2000-10-20 00:00:00,0.1236286893040435,-0.0826619173938827,0.3299192960019699,12.217,57.1
36816,2000-10-21 00:00:00,0.0514382671568929,-0.1543650143174756,0.2572415486312615,12.217,57.1
36817,2000-10-22 00:00:00,0.0961092172337977,-0.1098876750590388,0.3021061095266343,12.217,57.1
36818,2000-10-23 00:00:00,0.0525300451347529,-0.1534510067298736,0.2585110969993796,12.217,57.1
36819,2000-10-24 00:00:00,0.1575992212014293,-0.0481139698859005,0.3633124122887592,12.217,57.1
36820,2000-10-25 00:00:00,0.499286600908899,0.2931193212506869,0.7054538805671111,12.217,57.1
36821,2000-10-26 00:00:00,0.4455733494141821,0.2375457163968165,0.6536009824315477,12.217,57.1
36822,2000-10-27 00:00:00,0.3038172382668336,0.0971720671163171,0.5104624094173502,12.217,57.1
36823,2000-10-28 00:00:00,0.1433444071910409,-0.0628219554155675,0.3495107697976494,12.217,57.1
36824,2000-10-29 00:00:00,0.0913611416536446,-0.1149766013171887,0.297698884624478,12.217,57.1
36825,2000-10-30 00:00:00,0.2545939506994815,0.0459313957171585,0.4632565056818045,12.217,57.1
36826,2000-10-31 00:00:00,0.6567904480525455,0.4386490225196994,0.8749318735853916,12.217,57.1
36827,2000-11-01 00:00:00,0.5768867178112216,0.3593146129279997,0.7944588226944435,12.217,57.1
36828,2000-11-02 00:00:00,0.4560695791333808,0.2478444689009541,0.6642946893658076,12.217,57.1
36829,2000-11-03 00:00:00,0.2946047975810539,0.0871769717026234,0.5020326234594844,12.217,57.1
36830,2000-11-04 00:00:00,0.2696203056320899,0.0613104646413256,0.4779301466228541,12.217,57.1
36831,2000-11-05 00:00:00,0.1683270184378041,-0.0377589581878299,0.374412995063438,12.217,57.1
36832,2000-11-06 00:00:00,0.1780764388260374,-0.0275372492116342,0.3836901268637092,12.217,57.1
36833,2000-11-07 00:00:00,0.0718038698968064,-0.1357998296866592,0.279407569480272,12.217,57.1
36834,2000-11-08 00:00:00,0.4669987168520246,0.256305583716903,0.6776918499871463,12.217,57.1
36835,2000-11-09 00:00:00,0.1597534054327695,-0.0480498823799438,0.3675566932454829,12.217,57.1
36836,2000-11-10 00:00:00,0.2416933480387625,0.0357349460418041,0.4476517500357209,12.217,57.1
36837,2000-11-11 00:00:00,0.1557290467135539,-0.0501563507103431,0.3616144441374511,12.217,57.1
36838,2000-11-12 00:00:00,0.2161516769929364,0.0101443615054129,0.4221589924804599,12.217,57.1
36839,2000-11-13 00:00:00,0.3304145860758379,0.1239282554903836,0.5369009166612921,12.217,57.1
36840,2000-11-14 00:00:00,0.2574490042405946,0.0510373403754696,0.4638606681057196,12.217,57.1
36841,2000-11-15 00:00:00,0.1179245673713055,-0.0876964678145746,0.3235456025571857,12.217,57.1
36842,2000-11-16 00:00:00,0.1371072010749873,-0.0684197289005225,0.3426341310504972,12.217,57.1
36843,2000-11-17 00:00:00,0.2014016033906972,-0.0046438615959553,0.4074470683773498,12.217,57.1
36844,2000-11-18 00:00:00,0.1682377873918449,-0.0385721312286216,0.3750477060123114,12.217,57.1
36845,2000-11-19 00:00:00,0.188605586448924,-0.019479314370216,0.3966904872680642,12.217,57.1
36846,2000-11-20 00:00:00,0.3770547695504477,0.167162249392587,0.5869472897083083,12.217,57.1
36847,2000-11-21 00:00:00,0.236658083272186,0.029955216308146,0.4433609502362259,12.217,57.1
36848,2000-11-22 00:00:00,0.0967440568375296,-0.1106232348365738,0.3041113485116331,12.217,57.1
36849,2000-11-23 00:00:00,0.1470612509068037,-0.0610625212842347,0.3551850230978423,12.217,57.1
36850,2000-11-24 00:00:00,0.1057281927728076,-0.1006021649728233,0.3120585505184386,12.217,57.1
36851,2000-11-25 00:00:00,0.1860696941643107,-0.020501985965123,0.3926413742937445,12.217,57.1
36852,2000-11-26 00:00:00,0.236054147853556,0.0299691410157372,0.4421391546913747,12.217,57.1
36853,2000-11-27 00:00:00,0.2522359541667601,0.0458010883880558,0.4586708199454644,12.217,57.1
36854,2000-11-28 00:00:00,0.0632540579784821,-0.1426825515859864,0.2691906675429506,12.217,57.1
36855,2000-11-29 00:00:00,0.1732960458743792,-0.0324067167258954,0.3789988084746538,12.217,57.1
36856,2000-11-30 00:00:00,0.1565395686511276,-0.049258413336323,0.3623375506385782,12.217,57.1
36857,2000-12-01 00:00:00,0.2277409722127217,0.021674320786658,0.4338076236387855,12.217,57.1
36858,2000-12-02 00:00:00,0.1624596880262556,-0.0435854716829485,0.3685048477354599,12.217,57.1
36859,2000-12-03 00:00:00,0.1800099377085713,-0.0258527960927925,0.3858726715099352,12.217,57.1
36860,2000-12-04 00:00:00,0.1501863110428538,-0.0558115171216525,0.3561841392073603,12.217,57.1
36861,2000-12-05 00:00:00,0.2179452502170096,0.0119419193406395,0.4239485810933798,12.217,57.1
36862,2000-12-06 00:00:00,0.1856832226695359,-0.0203967295359492,0.3917631748750212,12.217,57.1
36863,2000-12-07 00:00:00,0.1553672033340073,-0.0505676020350293,0.3613020087030439,12.217,57.1
36864,2000-12-08 00:00:00,0.1890689080403571,-0.0168628840094312,0.3950007000901454,12.217,57.1
36865,2000-12-09 00:00:00,0.2709016327397266,0.0646725179242934,0.4771307475551597,12.217,57.1
36866,2000-12-10 00:00:00,0.2217003581853002,0.0157799952641271,0.4276207211064734,12.217,57.1
36867,2000-12-11 00:00:00,0.2498356077719076,0.043987560891434,0.4556836546523812,12.217,57.1
36868,2000-12-12 00:00:00,0.3825316695380737,0.1756591907200075,0.5894041483561399,12.217,57.1
36869,2000-12-13 00:00:00,0.2469373565370481,0.0405338670415856,0.4533408460325107,12.217,57.1
36870,2000-12-14 00:00:00,0.575518369752769,0.3675687947293988,0.7834679447761392,12.217,57.1
36871,2000-12-15 00:00:00,0.5388489766474314,0.3300918236824541,0.7476061296124086,12.217,57.1
36872,2000-12-16 00:00:00,0.2862172957851953,0.0781512242530152,0.4942833673173754,12.217,57.1
36873,2000-12-17 00:00:00,0.0705481912630038,-0.1367080553748738,0.2778044379008816,12.217,57.1
36874,2000-12-18 00:00:00,0.0008251834898371,-0.204692323672582,0.2063426906522564,12.217,57.1
36875,2000-12-19 00:00:00,-0.0295733228860033,-0.2350649946663503,0.1759183488943435,12.217,57.1
36876,2000-12-20 00:00:00,-0.0838508480889124,-0.2893677024222419,0.121666006244417,12.217,57.1
36877,2000-12-21 00:00:00,0.0102330151446415,-0.1953716661313606,0.2158376964206438,12.217,57.1
36878,2000-12-22 00:00:00,0.0369215744959487,-0.1688503418767941,0.2426934908686916,12.217,57.1
36879,2000-12-23 00:00:00,0.0357841920836127,-0.170064087162065,0.2416324713292906,12.217,57.1
36880,2000-12-24 00:00:00,0.0584808286819399,-0.1470600556413998,0.2640217130052797,12.217,57.1
36881,2000-12-25 00:00:00,0.0284393172579703,-0.17721097419565,0.2340896087115906,12.217,57.1
36882,2000-12-26 00:00:00,0.0731937801240876,-0.1325958212709048,0.2789833815190802,12.217,57.1
36883,2000-12-27 00:00:00,0.1633757084645888,-0.0424151293868793,0.369166546316057,12.217,57.1
36884,2000-12-28 00:00:00,0.0848463981073767,-0.1208819831178985,0.2905747793326521,12.217,57.1
36885,2000-12-29 00:00:00,0.2561467848265675,0.0494998470976688,0.4627937225554661,12.217,57.1
36886,2000-12-30 00:00:00,0.2609809878380332,0.0528134702204987,0.4691485054555676,12.217,57.1
36887,2000-12-31 00:00:00,0.0739875856957244,-0.1326343572137597,0.2806095286052085,12.217,57.1
36888,2001-01-01 00:00:00,0.0409267833668213,-0.1650072089674286,0.2468607757010713,12.217,57.1
36889,2001-01-02 00:00:00,0.3581117367118374,0.1510982569178584,0.5651252165058163,12.217,57.1
36890,2001-01-03 00:00:00,0.2468123937957656,0.0403390650409254,0.4532857225506058,12.217,57.1
36891,2001-01-04 00:00:00,0.1852956715429526,-0.0205754270033982,0.3911667700893036,12.217,57.1
36892,2001-01-05 00:00:00,0.2737614498396732,0.0678380144151945,0.4796848852641519,12.217,57.1
36893,2001-01-06 00:00:00,0.2267015007966877,0.0197340938958166,0.4336689076975587,12.217,57.1
36894,2001-01-07 00:00:00,0.294931879482903,0.0876385311288053,0.5022252278370007,12.217,57.1
36895,2001-01-08 00:00:00,0.2621107828309154,0.0561249694306981,0.4680965962311326,12.217,57.1
36896,2001-01-09 00:00:00,0.2654122803469708,0.05955317351718,0.4712713871767616,12.217,57.1
36897,2001-01-10 00:00:00,0.0782201666657715,-0.1275405323553078,0.2839808656868509,12.217,57.1
36898,2001-01-11 00:00:00,0.0048730138964824,-0.2008529390662948,0.2105989668592598,12.217,57.1
36899,2001-01-12 00:00:00,-0.0319251631020051,-0.2378297144502294,0.173979388246219,12.217,57.1
36900,2001-01-13 00:00:00,-0.1156385105374213,-0.3212112727038408,0.0899342516289982,12.217,57.1
36901,2001-01-14 00:00:00,-0.119659608115608,-0.3251893557287575,0.0858701394975414,12.217,57.1
36902,2001-01-15 00:00:00,-0.072849942326253,-0.2783687671844197,0.1326688825319136,12.217,57.1
36903,2001-01-16 00:00:00,-0.054283818953122,-0.2597731854682066,0.1512055475619625,12.217,57.1
36904,2001-01-17 00:00:00,-0.044914408949491,-0.2504035673121627,0.1605747494131806,12.217,57.1
36905,2001-01-18 00:00:00,-0.0355098985876165,-0.2411218460782169,0.1701020489029838,12.217,57.1
36906,2001-01-19 00:00:00,-0.0232384931871898,-0.2288392571361624,0.1823622707617826,12.217,57.1
36907,2001-01-20 00:00:00,-0.0420536120340276,-0.2476634169899891,0.1635561929219339,12.217,57.1
36908,2001-01-21 00:00:00,-0.0674333371735959,-0.2730475590848902,0.1381808847376983,12.217,57.1
36909,2001-01-22 00:00:00,0.0351957069499874,-0.1704549123974868,0.2408463262974616,12.217,57.1
36910,2001-01-23 00:00:00,0.0979314123013233,-0.1079603875927154,0.3038232121953621,12.217,57.1
36911,2001-01-24 00:00:00,0.2155894825139057,0.0091477580396786,0.4220312069881329,12.217,57.1
36912,2001-01-25 00:00:00,0.3249751482208564,0.1167477289265888,0.5332025675151238,12.217,57.1
36913,2001-01-26 00:00:00,0.301773143295551,0.0954518591142927,0.5080944274768092,12.217,57.1
36914,2001-01-27 00:00:00,0.2363965869023887,0.030604590812913,0.4421885829918645,12.217,57.1
36915,2001-01-28 00:00:00,0.1501832863795827,-0.0556540962847094,0.3560206690438749,12.217,57.1
36916,2001-01-29 00:00:00,0.0699249321864022,-0.1358849140136826,0.2757347783864871,12.217,57.1
36917,2001-01-30 00:00:00,-0.0208723991111867,-0.2265895154105046,0.1848447171881312,12.217,57.1
36918,2001-01-31 00:00:00,-0.012352495643326,-0.2178008060694448,0.1930958147827926,12.217,57.1
36919,2001-02-01 00:00:00,-0.0727344860641774,-0.2783374448392621,0.1328684727109071,12.217,57.1
36920,2001-02-02 00:00:00,-0.1271307724775674,-0.3336098283735744,0.0793482834184395,12.217,57.1
36921,2001-02-03 00:00:00,-0.0838487069470981,-0.2901082841920339,0.1224108702978377,12.217,57.1
36922,2001-02-04 00:00:00,-0.0036964333017873,-0.2096133362748097,0.2022204696712349,12.217,57.1
36923,2001-02-05 00:00:00,-0.0293764449205679,-0.2355083747831793,0.1767554849420434,12.217,57.1
36924,2001-02-06 00:00:00,0.1643926499800062,-0.0431901740679912,0.3719754740280037,12.217,57.1
36925,2001-02-07 00:00:00,0.2712870641919558,0.0640416857684187,0.478532442615493,12.217,57.1
36926,2001-02-08 00:00:00,0.3495185817173117,0.1421006808867712,0.5569364825478522,12.217,57.1
36927,2001-02-09 00:00:00,0.1513221971471686,-0.0554304179218546,0.358074812216192,12.217,57.1
36928,2001-02-10 00:00:00,-0.0212029482117194,-0.2272429833466789,0.1848370869232399,12.217,57.1
36929,2001-02-11 00:00:00,-0.0258779240318678,-0.2318406637073282,0.1800848156435924,12.217,57.1
36930,2001-02-12 00:00:00,0.2294307889412732,0.0229081195029309,0.4359534583796156,12.217,57.1
36931,2001-02-13 00:00:00,0.1695286569231904,-0.0364247441390143,0.3754820579853953,12.217,57.1
36932,2001-02-14 00:00:00,-0.0338792638079185,-0.239663776691773,0.1719052490759359,12.217,57.1
36933,2001-02-15 00:00:00,0.069199297474188,-0.1363297598154527,0.2747283547638288,12.217,57.1
36934,2001-02-16 00:00:00,0.038258335224302,-0.1675864172157564,0.2441030876643604,12.217,57.1
36935,2001-02-17 00:00:00,-0.0787241206239499,-0.2846224839595968,0.1271742427116969,12.217,57.1
36936,2001-02-18 00:00:00,0.057913999587077,-0.1485767717773898,0.2644047709515439,12.217,57.1
36937,2001-02-19 00:00:00,-0.0203836227106119,-0.2275330260172362,0.1867657805960123,12.217,57.1
36938,2001-02-20 00:00:00,-0.005009698608783,-0.2115053487421398,0.2014859515245738,12.217,57.1
36939,2001-02-21 00:00:00,0.3057138714809365,0.0980782173590811,0.5133495256027919,12.217,57.1
36940,2001-02-22 00:00:00,0.3495828114344598,0.142490355633377,0.5566752672355426,12.217,57.1
36941,2001-02-23 00:00:00,0.1489619344363279,-0.057783082650569,0.3557069515232249,12.217,57.1
36942,2001-02-24 00:00:00,0.0331579930942589,-0.1728747536829408,0.2391907398714588,12.217,57.1
36943,2001-02-25 00:00:00,0.1153492352672792,-0.090467469904127,0.3211659404386854,12.217,57.1
36944,2001-02-26 00:00:00,0.0558494096721612,-0.1499454188229753,0.2616442381672978,12.217,57.1
36945,2001-02-27 00:00:00,0.1008667481649281,-0.1047088032052248,0.306442299535081,12.217,57.1
36946,2001-02-28 00:00:00,0.0652200014174521,-0.140663335676248,0.2711033385111524,12.217,57.1
36947,2001-03-01 00:00:00,0.0405863416734811,-0.1654762900438384,0.2466489733908008,12.217,57.1
36948,2001-03-02 00:00:00,0.0315032187315363,-0.1745300289756486,0.2375364664387213,12.217,57.1
36949,2001-03-03 00:00:00,0.0345652187594934,-0.1715305608266695,0.2406609983456563,12.217,57.1
36950,2001-03-04 00:00:00,0.1339740991726596,-0.0717509768848778,0.339699175230197,12.217,57.1
36951,2001-03-05 00:00:00,0.0959652261569409,-0.1099387165123965,0.3018691688262784,12.217,57.1
36952,2001-03-06 00:00:00,0.1119306088813422,-0.0944413695149899,0.3183025872776744,12.217,57.1
36953,2001-03-07 00:00:00,0.0514432850327126,-0.1547679108000916,0.2576544808655169,12.217,57.1
36954,2001-03-08 00:00:00,0.1312420422641081,-0.0745616123035095,0.3370456968317258,12.217,57.1
36955,2001-03-09 00:00:00,0.0789742951588627,-0.1266529137497312,0.2846015040674567,12.217,57.1
36956,2001-03-10 00:00:00,0.21209772014064,0.0062798572157174,0.4179155830655626,12.217,57.1
36957,2001-03-11 00:00:00,0.1683760495151256,-0.0371791089153287,0.37393120794558,12.217,57.1
36958,2001-03-12 00:00:00,0.1808396505298025,-0.0246987377375294,0.3863780387971344,12.217,57.1
36959,2001-03-13 00:00:00,0.3919548763834127,0.1844433260953654,0.5994664266714601,12.217,57.1
36960,2001-03-14 00:00:00,0.2181153721319496,0.0119975706585985,0.4242331736053006,12.217,57.1
36961,2001-03-15 00:00:00,0.1164670928052209,-0.0891359301040113,0.3220701157144531,12.217,57.1
36962,2001-03-16 00:00:00,0.1173990521191646,-0.0880922163082939,0.3228903205466231,12.217,57.1
36963,2001-03-17 00:00:00,0.0322611847278662,-0.1734578867849417,0.2379802562406743,12.217,57.1
36964,2001-03-18 00:00:00,0.0146037191832151,-0.1911716362480228,0.2203790746144531,12.217,57.1
36965,2001-03-19 00:00:00,-0.0561331487576053,-0.2622051986394382,0.1499389011242275,12.217,57.1
36966,2001-03-20 00:00:00,0.0342065144159955,-0.174369961012885,0.2427829898448761,12.217,57.1
36967,2001-03-21 00:00:00,-0.0254267807018843,-0.2314234088252872,0.1805698474215184,12.217,57.1
36968,2001-03-22 00:00:00,0.0610897427749865,-0.1446059241303559,0.266785409680329,12.217,57.1
36969,2001-03-23 00:00:00,0.0357360161788004,-0.1702014984790633,0.2416735308366642,12.217,57.1
36970,2001-03-24 00:00:00,0.0523405040054347,-0.1535191202500671,0.2582001282609365,12.217,57.1
36971,2001-03-25 00:00:00,-0.025565976321596,-0.2315248221309915,0.1803928694877994,12.217,57.1
36972,2001-03-26 00:00:00,-0.0287529696491059,-0.2351301758715044,0.1776242365732926,12.217,57.1
36973,2001-03-27 00:00:00,-0.0231145200555166,-0.2291208180266375,0.1828917779156042,12.217,57.1
36974,2001-03-28 00:00:00,0.045690418717194,-0.1600251283818908,0.2514059658162789,12.217,57.1
36975,2001-03-29 00:00:00,0.1246848726665867,-0.0814884501594714,0.330858195492645,12.217,57.1
36976,2001-03-30 00:00:00,0.2729875958723337,0.065929217972281,0.4800459737723863,12.217,57.1
36977,2001-03-31 00:00:00,0.0651293676147045,-0.1410995840444417,0.2713583192738509,12.217,57.1
36978,2001-04-01 00:00:00,0.1494494196231411,-0.0566607748579844,0.3555596141042668,12.217,57.1
36979,2001-04-02 00:00:00,0.1066471972033128,-0.0995655967530211,0.3128599911596468,12.217,57.1
36980,2001-04-03 00:00:00,0.0778046023614346,-0.1277565604441389,0.2833657651670082,12.217,57.1
36981,2001-04-04 00:00:00,0.1644620351960647,-0.0419920429696178,0.3709161133617474,12.217,57.1
36982,2001-04-05 00:00:00,0.2596256524848933,0.0533201869550793,0.4659311180147071,12.217,57.1
36983,2001-04-06 00:00:00,0.2135786786358615,0.0062130094224983,0.4209443478492246,12.217,57.1
36984,2001-04-07 00:00:00,0.2198760612779006,0.0134876269282107,0.4262644956275905,12.217,57.1
36985,2001-04-08 00:00:00,0.081740427272069,-0.1240146791109721,0.2874955336551102,12.217,57.1
36986,2001-04-09 00:00:00,0.1174751875962995,-0.0882722381488937,0.3232226133414929,12.217,57.1
36987,2001-04-10 00:00:00,0.0852401809120366,-0.1204148198832763,0.2908951817073495,12.217,57.1
36988,2001-04-11 00:00:00,-0.0208940566613601,-0.2266077372769532,0.1848196239542328,12.217,57.1
36989,2001-04-12 00:00:00,-0.0523931676043434,-0.2581777506446605,0.1533914154359736,12.217,57.1
36990,2001-04-13 00:00:00,0.1774077814979437,-0.0337249902872437,0.3885405532831313,12.217,57.1
36991,2001-04-14 00:00:00,-0.00626397564916,-0.2155590017139659,0.2030310504156459,12.217,57.1
36992,2001-04-15 00:00:00,0.0632697524042262,-0.1428024899355245,0.2693419947439771,12.217,57.1
36993,2001-04-16 00:00:00,0.1637203677552529,-0.0421711758236949,0.3696119113342008,12.217,57.1
36994,2001-04-17 00:00:00,0.0631193281046271,-0.142555131053462,0.2687937872627163,12.217,57.1
36995,2001-04-18 00:00:00,0.1742994913479084,-0.0313121886721901,0.3799111713680071,12.217,57.1
36996,2001-04-19 00:00:00,0.1757466507336227,-0.0304996344660948,0.3819929359333402,12.217,57.1
36997,2001-04-20 00:00:00,0.060495676622528,-0.1461742739381853,0.2671656271832414,12.217,57.1
36998,2001-04-21 00:00:00,-0.0241388740628809,-0.2299767901789371,0.1816990420531752,12.217,57.1
36999,2001-04-22 00:00:00,0.0325245807028093,-0.1730618219035047,0.2381109833091234,12.217,57.1
37000,2001-04-23 00:00:00,0.0200659059036246,-0.1857384172093673,0.2258702290166167,12.217,57.1
37001,2001-04-24 00:00:00,0.0747152492733361,-0.1318578396144441,0.2812883381611165,12.217,57.1
37002,2001-04-25 00:00:00,0.0958817489440337,-0.1105171844010076,0.3022806822890752,12.217,57.1
37003,2001-04-26 00:00:00,0.13151580066628,-0.0742793673612944,0.3373109686938544,12.217,57.1
37004,2001-04-27 00:00:00,0.0517358361663171,-0.1541357811795585,0.2576074535121928,12.217,57.1
37005,2001-04-28 00:00:00,0.0807273931933444,-0.1247101785537692,0.2861649649404581,12.217,57.1
37006,2001-04-29 00:00:00,0.1687721969298499,-0.0367953360537037,0.3743397299134036,12.217,57.1
37007,2001-04-30 00:00:00,0.0479592104545667,-0.1578174409821076,0.2537358618912412,12.217,57.1
37008,2001-05-01 00:00:00,0.1080167581801236,-0.0979828597652301,0.3140163761254774,12.217,57.1
37009,2001-05-02 00:00:00,-0.005105457408928,-0.2112073134733984,0.2009963986555423,12.217,57.1
37010,2001-05-03 00:00:00,0.0575092668624982,-0.1482397863646131,0.2632583200896096,12.217,57.1
37011,2001-05-04 00:00:00,0.0450566321891486,-0.1610797576721141,0.2511930220504115,12.217,57.1
37012,2001-05-05 00:00:00,-0.0031924617694241,-0.2094078987861275,0.2030229752472792,12.217,57.1
37013,2001-05-06 00:00:00,-0.0524060744071141,-0.2580073476713163,0.153195198857088,12.217,57.1
37014,2001-05-07 00:00:00,-0.0904132190903988,-0.2961158770985329,0.1152894389177351,12.217,57.1
37015,2001-05-08 00:00:00,-0.097727523370778,-0.3035358495112616,0.1080808027697054,12.217,57.1
37016,2001-05-09 00:00:00,-0.0754587272336426,-0.2809831619963474,0.1300657075290622,12.217,57.1
37017,2001-05-10 00:00:00,-0.0771607933964928,-0.2826470285777183,0.1283254417847325,12.217,57.1
37018,2001-05-11 00:00:00,-0.0625974161008307,-0.2681805495773398,0.1429857173756784,12.217,57.1
37019,2001-05-12 00:00:00,-0.0187992370663778,-0.2244086443422894,0.1868101702095338,12.217,57.1
37020,2001-05-13 00:00:00,0.0235455838674726,-0.1820439759897082,0.2291351437246535,12.217,57.1
37021,2001-05-14 00:00:00,0.1200733124318618,-0.0854892240503712,0.3256358489140949,12.217,57.1
37022,2001-05-15 00:00:00,0.0439298602703412,-0.1616972392069243,0.2495569597476067,12.217,57.1
37023,2001-05-16 00:00:00,0.1294852234922537,-0.0760436407465452,0.3350140877310527,12.217,57.1
37024,2001-05-17 00:00:00,0.1409818958591074,-0.0646583254265132,0.3466221171447282,12.217,57.1
37025,2001-05-18 00:00:00,0.1123372526140917,-0.093395282634491,0.3180697878626746,12.217,57.1
37026,2001-05-19 00:00:00,0.2806484261173914,0.0747276809241627,0.48656917131062,12.217,57.1
37027,2001-05-20 00:00:00,0.2738901475698558,0.0676028841027897,0.480177411036922,12.217,57.1
37028,2001-05-21 00:00:00,0.0864119135917807,-0.1194679573100458,0.2922917844936074,12.217,57.1
37029,2001-05-22 00:00:00,-4.422453917692082e-05,-0.205793769772375,0.2057053206940212,12.217,57.1
37030,2001-05-23 00:00:00,0.0310182273022622,-0.1744711451124875,0.2365075997170119,12.217,57.1
37031,2001-05-24 00:00:00,0.0613574416127686,-0.1444410147602385,0.267155897985776,12.217,57.1
37032,2001-05-25 00:00:00,0.0059361151668743,-0.1999180043051885,0.2117902346389371,12.217,57.1
37033,2001-05-26 00:00:00,0.0310303822243704,-0.1747797703385893,0.2368405347873302,12.217,57.1
37034,2001-05-27 00:00:00,0.1098393976093069,-0.0957575944344123,0.3154363896530263,12.217,57.1
37035,2001-05-28 00:00:00,0.1487905478140143,-0.0569747291813171,0.3545558248093459,12.217,57.1
37036,2001-05-29 00:00:00,0.2477370660071308,0.0417679168371178,0.4537062151771439,12.217,57.1
37037,2001-05-30 00:00:00,0.2328304505343169,0.0258058419207278,0.4398550591479061,12.217,57.1
37038,2001-05-31 00:00:00,0.0705945482733963,-0.1357042562448578,0.2768933527916506,12.217,57.1
37039,2001-06-01 00:00:00,0.0750148935559199,-0.1304134792595943,0.2804432663714341,12.217,57.1
37040,2001-06-02 00:00:00,0.1795517019886362,-0.0261274694755286,0.385230873452801,12.217,57.1
37041,2001-06-03 00:00:00,0.1566528673257882,-0.0495067095519873,0.3628124442035639,12.217,57.1
37042,2001-06-04 00:00:00,0.0042132073021953,-0.2028645069160128,0.2112909215204035,12.217,57.1
37043,2001-06-05 00:00:00,0.0968927262253453,-0.1089192564729271,0.3027047089236178,12.217,57.1
37044,2001-06-06 00:00:00,0.1620804034153325,-0.0435161484161755,0.3676769552468405,12.217,57.1
37045,2001-06-07 00:00:00,0.1455549189331465,-0.0599862685613638,0.3510961064276569,12.217,57.1
37046,2001-06-08 00:00:00,0.3676005052711914,0.1599803092388144,0.5752207013035684,12.217,57.1
37047,2001-06-09 00:00:00,0.2031143290128685,-0.005732157964343,0.41196081599008,12.217,57.1
37048,2001-06-10 00:00:00,0.0994693387332657,-0.1065309211773622,0.3054695986438938,12.217,57.1
37049,2001-06-11 00:00:00,0.0525715770458967,-0.1529606342182141,0.2581037883100076,12.217,57.1
37050,2001-06-12 00:00:00,0.1424250189576786,-0.06315432187705,0.3480043597924074,12.217,57.1
37051,2001-06-13 00:00:00,0.1229189367666977,-0.0826810280211221,0.3285189015545176,12.217,57.1
37052,2001-06-14 00:00:00,0.1278900848833064,-0.0777116350233482,0.3334918047899611,12.217,57.1
37053,2001-06-15 00:00:00,0.0976051373109575,-0.1080332872420971,0.3032435618640122,12.217,57.1
37054,2001-06-16 00:00:00,0.0529499711592027,-0.1526551586621056,0.258555100980511,12.217,57.1
37055,2001-06-17 00:00:00,0.0277808033667797,-0.1778020771355016,0.2333636838690611,12.217,57.1
37056,2001-06-18 00:00:00,-0.0063051413347382,-0.2118867526781751,0.1992764700086985,12.217,57.1
37057,2001-06-19 00:00:00,-0.0197708189561648,-0.2254252660076321,0.1858836280953024,12.217,57.1
37058,2001-06-20 00:00:00,0.053364362481653,-0.152467835783664,0.2591965607469703,12.217,57.1
37059,2001-06-21 00:00:00,0.1681046477265863,-0.0377045790754438,0.3739138745286164,12.217,57.1
37060,2001-06-22 00:00:00,0.1010327867019918,-0.1046149211024358,0.3066804945064196,12.217,57.1
37061,2001-06-23 00:00:00,-0.0129508249477037,-0.218874983324333,0.1929733334289256,12.217,57.1
37062,2001-06-24 00:00:00,0.0213928518330002,-0.1850837679895483,0.2278694716555488,12.217,57.1
37063,2001-06-25 00:00:00,0.0307561784387266,-0.1748444058536602,0.2363567627311135,12.217,57.1
37064,2001-06-26 00:00:00,0.038156646748668,-0.1672790318887621,0.2435923253860983,12.217,57.1
37065,2001-06-27 00:00:00,0.0526714340127276,-0.1528196967488615,0.2581625647743167,12.217,57.1
37066,2001-06-28 00:00:00,0.1057522841072383,-0.099770260888277,0.3112748291027537,12.217,57.1
37067,2001-06-29 00:00:00,0.0538993416746748,-0.1516614210399045,0.2594601043892541,12.217,57.1
37068,2001-06-30 00:00:00,0.0692053503680576,-0.1363659792418256,0.2747766799779408,12.217,57.1
37069,2001-07-01 00:00:00,0.0708021653317117,-0.1351184782528396,0.2767228089162631,12.217,57.1
37070,2001-07-02 00:00:00,0.0868070380622388,-0.1188406716648841,0.2924547477893618,12.217,57.1
37071,2001-07-03 00:00:00,0.0216913790363026,-0.1838553957884212,0.2272381538610265,12.217,57.1
37072,2001-07-04 00:00:00,0.0273627863897061,-0.1780642439772889,0.2327898167567011,12.217,57.1
37073,2001-07-05 00:00:00,0.029004669706861,-0.1764666296941133,0.2344759691078354,12.217,57.1
37074,2001-07-06 00:00:00,0.0314526146446695,-0.1740170927066892,0.2369223219960282,12.217,57.1
37075,2001-07-07 00:00:00,0.04387067094368,-0.1615893268772567,0.2493306687646169,12.217,57.1
37076,2001-07-08 00:00:00,0.0924225505604914,-0.1131144060139126,0.2979595071348956,12.217,57.1
37077,2001-07-09 00:00:00,0.1419739260681909,-0.0636836618898329,0.3476315140262147,12.217,57.1
37078,2001-07-10 00:00:00,0.0688640826752384,-0.137043388274427,0.274771553624904,12.217,57.1
37079,2001-07-11 00:00:00,0.2111545781538958,0.0054379116806992,0.4168712446270924,12.217,57.1
37080,2001-07-12 00:00:00,0.2398307744969505,0.0336723193441701,0.4459892296497309,12.217,57.1
37081,2001-07-13 00:00:00,0.2873691980472032,0.0806453467774339,0.4940930493169724,12.217,57.1
37082,2001-07-14 00:00:00,0.2499840363126636,0.0438720149539223,0.4560960576714049,12.217,57.1
37083,2001-07-15 00:00:00,0.1166900957620686,-0.0891642433199852,0.3225444348441226,12.217,57.1
37084,2001-07-16 00:00:00,0.0933131337812679,-0.1129726317590221,0.2995988993215581,12.217,57.1
37085,2001-07-17 00:00:00,0.025580824108827,-0.1801667165871716,0.2313283648048256,12.217,57.1
37086,2001-07-18 00:00:00,0.0370990593694643,-0.1684329514480418,0.2426310701869705,12.217,57.1
37087,2001-07-19 00:00:00,0.1002755924425481,-0.1053187409145692,0.3058699257996656,12.217,57.1
37088,2001-07-20 00:00:00,0.1159296882018091,-0.0897577958701737,0.3216171722737919,12.217,57.1
37089,2001-07-21 00:00:00,0.0550575350174443,-0.1504623676952076,0.2605774377300962,12.217,57.1
37090,2001-07-22 00:00:00,0.0836811685981724,-0.1218543804494606,0.2892167176458056,12.217,57.1
37091,2001-07-23 00:00:00,0.0777128738190254,-0.1278020719623102,0.2832278196003611,12.217,57.1
37092,2001-07-24 00:00:00,0.0283122490953441,-0.1772079585942946,0.233832456784983,12.217,57.1
37093,2001-07-25 00:00:00,0.020204754215411,-0.1854036321261479,0.2258131405569699,12.217,57.1
37094,2001-07-26 00:00:00,0.0052794942872029,-0.2002211805710134,0.2107801691454193,12.217,57.1
37095,2001-07-27 00:00:00,0.0016222262934667,-0.2038442735485435,0.2070887261354769,12.217,57.1
37096,2001-07-28 00:00:00,0.0154963583190905,-0.1899221673399502,0.2209148839781312,12.217,57.1
37097,2001-07-29 00:00:00,0.0322780754380371,-0.1731363767904488,0.237692527666523,12.217,57.1
37098,2001-07-30 00:00:00,0.1066202307358378,-0.0993493376905261,0.312589799162202,12.217,57.1
37099,2001-07-31 00:00:00,0.1650487871922999,-0.0415312206358289,0.3716287950204289,12.217,57.1
37100,2001-08-01 00:00:00,0.0548394679999299,-0.151035171059424,0.2607141070592839,12.217,57.1
37101,2001-08-02 00:00:00,0.0671825097549132,-0.1384552746880204,0.272820294197847,12.217,57.1
37102,2001-08-03 00:00:00,0.0604066728562956,-0.1452290556316526,0.2660424013442439,12.217,57.1
37103,2001-08-04 00:00:00,0.2671126967219848,0.0603952839969812,0.4738301094469883,12.217,57.1
37104,2001-08-05 00:00:00,0.1091984323254447,-0.0971732642859124,0.3155701289368019,12.217,57.1
37105,2001-08-06 00:00:00,0.1399211301979855,-0.0657643489963923,0.3456066093923635,12.217,57.1
37106,2001-08-07 00:00:00,0.1572707356145521,-0.048590595089686,0.3631320663187902,12.217,57.1
37107,2001-08-08 00:00:00,0.1076057894822804,-0.0983159828715686,0.3135275618361295,12.217,57.1
37108,2001-08-09 00:00:00,0.2833823229953625,0.0765316156502144,0.4902330303405106,12.217,57.1
37109,2001-08-10 00:00:00,0.244113238068146,0.0372230193699193,0.4510034567663726,12.217,57.1
37110,2001-08-11 00:00:00,0.1575459186992388,-0.0485325933628234,0.3636244307613011,12.217,57.1
37111,2001-08-12 00:00:00,0.1702857033000196,-0.0355358779175706,0.37610728451761,12.217,57.1
37112,2001-08-13 00:00:00,0.2410703029546433,0.0349086858095205,0.4472319200997661,12.217,57.1
37113,2001-08-14 00:00:00,0.1820963265959175,-0.0235150338664887,0.3877076870583238,12.217,57.1
37114,2001-08-15 00:00:00,0.1182550299859089,-0.0874525953491956,0.3239626553210135,12.217,57.1
37115,2001-08-16 00:00:00,0.0525076282448029,-0.1532622766275532,0.258277533117159,12.217,57.1
37116,2001-08-17 00:00:00,0.1631816954709242,-0.0430222788495366,0.3693856697913852,12.217,57.1
37117,2001-08-18 00:00:00,0.1187760956730924,-0.0873463665358256,0.3248985578820106,12.217,57.1
37118,2001-08-19 00:00:00,-0.0055736576028984,-0.2112461188022672,0.2000988035964703,12.217,57.1
37119,2001-08-20 00:00:00,0.1430633256757312,-0.062651807974757,0.3487784593262196,12.217,57.1
37120,2001-08-21 00:00:00,0.0179243051831579,-0.1877841212379506,0.2236327316042666,12.217,57.1
37121,2001-08-22 00:00:00,-0.0088176579094409,-0.2143494454492269,0.1967141296303449,12.217,57.1
37122,2001-08-23 00:00:00,-0.0329173708729683,-0.23836565769623,0.1725309159502933,12.217,57.1
37123,2001-08-24 00:00:00,0.0109228610739625,-0.1944575298420643,0.2163032519899894,12.217,57.1
37124,2001-08-25 00:00:00,0.0250812262408817,-0.1803180020393726,0.2304804545211361,12.217,57.1
37125,2001-08-26 00:00:00,0.079457547474037,-0.1260145347168704,0.2849296296649444,12.217,57.1
37126,2001-08-27 00:00:00,0.0816227983979693,-0.1239480136689036,0.2871936104648424,12.217,57.1
37127,2001-08-28 00:00:00,0.3123839001375358,0.1055645319461923,0.5192032683288792,12.217,57.1
37128,2001-08-29 00:00:00,0.2451308126570923,0.0359229960734635,0.4543386292407212,12.217,57.1
37129,2001-08-30 00:00:00,-0.0197902715681782,-0.2262284719672465,0.18664792883089,12.217,57.1
37130,2001-08-31 00:00:00,0.0805354321001879,-0.1248930379063185,0.2859639021066944,12.217,57.1
37131,2001-09-01 00:00:00,0.1262574874642944,-0.0793239607678266,0.3318389356964155,12.217,57.1
37132,2001-09-02 00:00:00,0.0543962872065956,-0.1513460311772109,0.2601386055904023,12.217,57.1
37133,2001-09-03 00:00:00,0.206821261105232,0.0008081589849857,0.4128343632254783,12.217,57.1
37134,2001-09-04 00:00:00,0.1780741279605048,-0.0276209002291437,0.3837691561501534,12.217,57.1
37135,2001-09-05 00:00:00,0.037938075769829,-0.1676065279107774,0.2434826794504354,12.217,57.1
37136,2001-09-06 00:00:00,0.0682877993376321,-0.1372566599053626,0.2738322585806269,12.217,57.1
37137,2001-09-07 00:00:00,0.1549127765960821,-0.0507305583588643,0.3605561115510287,12.217,57.1
37138,2001-09-08 00:00:00,0.2112677340032636,0.0055599541508122,0.4169755138557152,12.217,57.1
37139,2001-09-09 00:00:00,0.1422302282518974,-0.0650310422403226,0.3494914987441175,12.217,57.1
37140,2001-09-10 00:00:00,0.2193532284643856,0.0071345276228136,0.4315719293059578,12.217,57.1
37141,2001-09-11 00:00:00,-0.0277327690720895,-0.2378099595960289,0.1823444214518498,12.217,57.1
37142,2001-09-12 00:00:00,0.0439879128122036,-0.1618422991000661,0.2498181247244734,12.217,57.1
37143,2001-09-13 00:00:00,0.0834326168052945,-0.1223014452208817,0.2891666788314707,12.217,57.1
37144,2001-09-14 00:00:00,0.1627810472380484,-0.0431061192995123,0.3686682137756092,12.217,57.1
37145,2001-09-15 00:00:00,0.1463257352860977,-0.0592902722986916,0.3519417428708872,12.217,57.1
37146,2001-09-16 00:00:00,0.1947239953042084,-0.0113265430245264,0.4007745336329432,12.217,57.1
37147,2001-09-17 00:00:00,0.015337571331607,-0.1907582017216036,0.2214333443848177,12.217,57.1
37148,2001-09-18 00:00:00,-0.058399149382006,-0.2660246643220905,0.1492263655580782,12.217,57.1
37149,2001-09-19 00:00:00,-0.0083830322082597,-0.2167170043393695,0.19995093992285,12.217,57.1
37150,2001-09-20 00:00:00,0.0596884469275302,-0.1483472275936569,0.2677241214487174,12.217,57.1
37151,2001-09-21 00:00:00,-0.0003422517279174,-0.2067456176538599,0.2060611141980249,12.217,57.1
37152,2001-09-22 00:00:00,0.047268304244582,-0.158714629032476,0.2532512375216401,12.217,57.1
37153,2001-09-23 00:00:00,-0.0058627137611819,-0.2116956439580335,0.1999702164356696,12.217,57.1
37154,2001-09-24 00:00:00,-0.0108600700430681,-0.2168573527736162,0.1951372126874799,12.217,57.1
37155,2001-09-25 00:00:00,-0.0959653712366249,-0.3021319357831058,0.110201193309856,12.217,57.1
37156,2001-09-26 00:00:00,0.0023421391944509,-0.2033909298251324,0.2080752082140343,12.217,57.1
37157,2001-09-27 00:00:00,0.0331922696057449,-0.1723017107724218,0.2386862499839117,12.217,57.1
37158,2001-09-28 00:00:00,0.0874862521882051,-0.1180242544939076,0.292996758870318,12.217,57.1
37159,2001-09-29 00:00:00,0.0153075102134346,-0.1903608979887446,0.2209759184156139,12.217,57.1
37160,2001-09-30 00:00:00,0.0407668335753151,-0.1650061764376383,0.2465398435882687,12.217,57.1
37161,2001-10-01 00:00:00,0.2348170366474903,0.0287566687408796,0.4408774045541009,12.217,57.1
37162,2001-10-02 00:00:00,0.3323813948629049,0.123737060412577,0.5410257293132329,12.217,57.1
37163,2001-10-03 00:00:00,0.2596229954726114,0.0531056797333021,0.4661403112119207,12.217,57.1
37164,2001-10-04 00:00:00,0.3546369550108803,0.1486997554078829,0.5605741546138776,12.217,57.1
37165,2001-10-05 00:00:00,0.2707475733105418,0.0648562691772286,0.4766388774438549,12.217,57.1
37166,2001-10-06 00:00:00,0.1159508698502374,-0.0895809256517403,0.3214826653522151,12.217,57.1
37167,2001-10-07 00:00:00,0.1763154946376299,-0.0292324054524276,0.3818633947276875,12.217,57.1
37168,2001-10-08 00:00:00,0.1191714214483595,-0.0867069632187505,0.3250498061154696,12.217,57.1
37169,2001-10-09 00:00:00,0.1807470383496238,-0.0251488040619576,0.3866428807612053,12.217,57.1
37170,2001-10-10 00:00:00,0.2195722193845733,0.0134969303248708,0.4256475084442759,12.217,57.1
37171,2001-10-11 00:00:00,0.6128012638947369,0.4033269635180067,0.8222755642714671,12.217,57.1
37172,2001-10-12 00:00:00,0.1215723510744039,-0.087909807741016,0.3310545098898239,12.217,57.1
37173,2001-10-13 00:00:00,0.1555412594877834,-0.050291748023881,0.3613742669994479,12.217,57.1
37174,2001-10-14 00:00:00,0.0573751296655048,-0.1482323704976728,0.2629826298286825,12.217,57.1
37175,2001-10-15 00:00:00,0.0606078283257064,-0.1449633176642979,0.2661789743157109,12.217,57.1
37176,2001-10-16 00:00:00,0.0487037459489727,-0.1568489870322382,0.2542564789301837,12.217,57.1
37177,2001-10-17 00:00:00,0.0048286073292361,-0.2008771235266727,0.210534338185145,12.217,57.1
37178,2001-10-18 00:00:00,-0.018953141146555,-0.224586409063453,0.1866801267703428,12.217,57.1
37179,2001-10-19 00:00:00,0.0340619274492516,-0.1714908120104064,0.2396146669089097,12.217,57.1
37180,2001-10-20 00:00:00,0.0169889402830343,-0.1885501359157298,0.2225280164817984,12.217,57.1
37181,2001-10-21 00:00:00,0.0472738139092192,-0.1582105685546285,0.2527581963730669,12.217,57.1
37182,2001-10-22 00:00:00,0.0309988310273841,-0.1745616646702043,0.2365593267249726,12.217,57.1
37183,2001-10-23 00:00:00,-0.0076989995769352,-0.213370309033243,0.1979723098793724,12.217,57.1
37184,2001-10-24 00:00:00,0.0129209462731492,-0.1926411925315702,0.2184830850778687,12.217,57.1
37185,2001-10-25 00:00:00,0.072473019572038,-0.1332528681946245,0.2781989073387005,12.217,57.1
37186,2001-10-26 00:00:00,0.1045657084273023,-0.1011352193093417,0.3102666361639464,12.217,57.1
37187,2001-10-27 00:00:00,0.177708149076118,-0.0294386845859187,0.3848549827381549,12.217,57.1
37188,2001-10-28 00:00:00,0.3239586692322343,0.1168161552268831,0.5311011832375856,12.217,57.1
37189,2001-10-29 00:00:00,0.3121289227497853,0.1060151105886965,0.5182427349108741,12.217,57.1
37190,2001-10-30 00:00:00,0.4442579990959481,0.2373175615799704,0.6511984366119258,12.217,57.1
37191,2001-10-31 00:00:00,0.2917384153818284,0.0841098828754541,0.4993669478882028,12.217,57.1
37192,2001-11-01 00:00:00,0.5781710855220831,0.3677238600330825,0.7886183110110836,12.217,57.1
37193,2001-11-02 00:00:00,0.0220734083820108,-0.1861682717271758,0.2303150884911975,12.217,57.1
37194,2001-11-03 00:00:00,0.1607985090557727,-0.0453208745787943,0.3669178926903398,12.217,57.1
37195,2001-11-04 00:00:00,0.2731767543287248,0.0671478681882598,0.4792056404691897,12.217,57.1
37196,2001-11-05 00:00:00,0.3036961213858086,0.0969097976663891,0.510482445105228,12.217,57.1
37197,2001-11-06 00:00:00,0.2041900249597169,-0.0022799003048424,0.4106599502242762,12.217,57.1
37198,2001-11-07 00:00:00,0.1939100979175712,-0.0132034334259875,0.40102362926113,12.217,57.1
37199,2001-11-08 00:00:00,0.3538539019426596,0.147310636087733,0.5603971677975863,12.217,57.1
37200,2001-11-09 00:00:00,0.1271375957451259,-0.0815413836234065,0.3358165751136585,12.217,57.1
37201,2001-11-10 00:00:00,-0.0598806156805806,-0.2695970242282265,0.1498357928670651,12.217,57.1
37202,2001-11-11 00:00:00,0.4856217454315186,0.2784574990887327,0.6927859917743044,12.217,57.1
37203,2001-11-12 00:00:00,0.3311979880326104,0.1240339413567241,0.5383620347084968,12.217,57.1
37204,2001-11-13 00:00:00,0.0850588378064863,-0.1213592310645051,0.2914769066774779,12.217,57.1
37205,2001-11-14 00:00:00,-0.0893213127652225,-0.2957215144764567,0.1170788889460116,12.217,57.1
37206,2001-11-15 00:00:00,0.0013462467481163,-0.2052349882218486,0.2079274817180813,12.217,57.1
37207,2001-11-16 00:00:00,0.2215786990632313,0.0067828757689984,0.4363745223574642,12.217,57.1
37208,2001-11-17 00:00:00,-0.0492421646977623,-0.255400380689019,0.1569160512934944,12.217,57.1
37209,2001-11-18 00:00:00,0.0779064737190805,-0.1279388158042243,0.2837517632423854,12.217,57.1
37210,2001-11-19 00:00:00,0.0223256492584364,-0.1833528692946315,0.2280041678115043,12.217,57.1
37211,2001-11-20 00:00:00,-0.0363543404959524,-0.2422274378701277,0.1695187568782228,12.217,57.1
37212,2001-11-21 00:00:00,0.0957687687279672,-0.1098819835329092,0.3014195209888438,12.217,57.1
37213,2001-11-22 00:00:00,0.3993320454615919,0.1932225723554161,0.6054415185677677,12.217,57.1
37214,2001-11-23 00:00:00,0.2045546436312801,-0.0036644610913982,0.4127737483539585,12.217,57.1
37215,2001-11-24 00:00:00,-0.0965595025265816,-0.3051161933786914,0.111997188325528,12.217,57.1
37216,2001-11-25 00:00:00,0.0313707997050941,-0.1745145200903978,0.2372561195005861,12.217,57.1
37217,2001-11-26 00:00:00,0.1754054889899275,-0.0305132905554207,0.3813242685352758,12.217,57.1
37218,2001-11-27 00:00:00,0.0789149630666246,-0.1273695777671823,0.2851995039004315,12.217,57.1
37219,2001-11-28 00:00:00,0.200906244150326,-0.0050753124777548,0.4068878007784069,12.217,57.1
37220,2001-11-29 00:00:00,0.0589831271348149,-0.147162756500753,0.265129010770383,12.217,57.1
37221,2001-11-30 00:00:00,0.1286880993332341,-0.0771493893149312,0.3345255879813995,12.217,57.1
37222,2001-12-01 00:00:00,0.1513539580980158,-0.0548359338128745,0.3575438500089062,12.217,57.1
37223,2001-12-02 00:00:00,0.251179729589245,0.0441113342118765,0.4582481249666136,12.217,57.1
37224,2001-12-03 00:00:00,0.0029478991351252,-0.2040766404737498,0.2099724387440003,12.217,57.1
37225,2001-12-04 00:00:00,0.0595691667892048,-0.1461671320114094,0.265305465589819,12.217,57.1
37226,2001-12-05 00:00:00,0.1785963090355356,-0.0271913739107599,0.3843839919818312,12.217,57.1
37227,2001-12-06 00:00:00,-0.0032138386229473,-0.2091796192040186,0.2027519419581239,12.217,57.1
37228,2001-12-07 00:00:00,-0.1406758529544956,-0.3464956538991383,0.0651439479901471,12.217,57.1
37229,2001-12-08 00:00:00,-0.1155489198118699,-0.3211961570194469,0.0900983173957069,12.217,57.1
37230,2001-12-09 00:00:00,-0.0164382462331211,-0.222150406040357,0.1892739135741147,12.217,57.1
37231,2001-12-10 00:00:00,-0.0571380416209306,-0.262976391959606,0.1487003087177447,12.217,57.1
37232,2001-12-11 00:00:00,-0.115319336838281,-0.3210336333292932,0.0903949596527311,12.217,57.1
37233,2001-12-12 00:00:00,-0.1446179524856582,-0.3502426409868084,0.061006736015492,12.217,57.1
37234,2001-12-13 00:00:00,-0.1310534824153231,-0.3367906048363773,0.074683640005731,12.217,57.1
37235,2001-12-14 00:00:00,-0.1049573871835666,-0.310816907910444,0.1009021335433107,12.217,57.1
37236,2001-12-15 00:00:00,-0.1478002520522766,-0.3536806836336771,0.0580801795291239,12.217,57.1
37237,2001-12-16 00:00:00,-0.1473014270603161,-0.3529550428232393,0.058352188702607,12.217,57.1
37238,2001-12-17 00:00:00,-0.1399663168457362,-0.3457066299505633,0.0657739962590909,12.217,57.1
37239,2001-12-18 00:00:00,-0.0984827541739691,-0.3041149777421763,0.1071494693942379,12.217,57.1
37240,2001-12-19 00:00:00,0.0368872933050048,-0.169159944917914,0.2429345315279237,12.217,57.1
37241,2001-12-20 00:00:00,0.2092062465702682,-0.0019272104611722,0.4203397036017087,12.217,57.1
37242,2001-12-21 00:00:00,0.1908672357519654,-0.022052100437928,0.4037865719418589,12.217,57.1
37243,2001-12-22 00:00:00,0.280408072846924,0.0702931281366618,0.4905230175571861,12.217,57.1
37244,2001-12-23 00:00:00,-0.0343402175646875,-0.24098040491303,0.1722999697836549,12.217,57.1
37245,2001-12-24 00:00:00,0.135600000865602,-0.0711230248499134,0.3423230265811174,12.217,57.1
37246,2001-12-25 00:00:00,0.2585343201486661,0.0502721352000601,0.466796505097272,12.217,57.1
37247,2001-12-26 00:00:00,0.2583188661802891,0.0496304179051672,0.467007314455411,12.217,57.1
37248,2001-12-27 00:00:00,0.1306175467004544,-0.0751623664158152,0.3363974598167242,12.217,57.1
37249,2001-12-28 00:00:00,0.0857462027236633,-0.121452134542504,0.2929445399898306,12.217,57.1
37250,2001-12-29 00:00:00,0.1865917099365834,-0.0207739908644466,0.3939574107376136,12.217,57.1
37251,2001-12-30 00:00:00,0.0250881674678934,-0.183127315993597,0.2333036509293838,12.217,57.1
37252,2001-12-31 00:00:00,-0.0490204777988907,-0.2561914737594434,0.1581505181616618,12.217,57.1
37253,2002-01-01 00:00:00,-0.0684479430091014,-0.2741815916951259,0.137285705676923,12.217,57.1
37254,2002-01-02 00:00:00,0.3551617523415907,0.1422919313729327,0.5680315733102488,12.217,57.1
37255,2002-01-03 00:00:00,-0.0817082523545654,-0.2944210372597754,0.1310045325506446,12.217,57.1
37256,2002-01-04 00:00:00,0.0003736617022448,-0.2055414239329286,0.2062887473374183,12.217,57.1
37257,2002-01-05 00:00:00,-0.0321633034967612,-0.237998307277639,0.1736717002841165,12.217,57.1
37258,2002-01-06 00:00:00,0.0780154785429724,-0.1276126706683701,0.283643627754315,12.217,57.1
37259,2002-01-07 00:00:00,-0.0253767100091758,-0.2311495219118389,0.1803961018934872,12.217,57.1
37260,2002-01-08 00:00:00,-0.0064061891948409,-0.2120031080351523,0.1991907296454704,12.217,57.1
37261,2002-01-09 00:00:00,0.0688282933348517,-0.1367755473927452,0.2744321340624488,12.217,57.1
37262,2002-01-10 00:00:00,0.0423569989450186,-0.1632516695664207,0.247965667456458,12.217,57.1
37263,2002-01-11 00:00:00,0.1138352889400104,-0.0917438133363362,0.3194143912163573,12.217,57.1
37264,2002-01-12 00:00:00,0.0797158146466958,-0.1259913509963496,0.2854229802897412,12.217,57.1
37265,2002-01-13 00:00:00,0.0585367986031847,-0.1470960740438721,0.2641696712502416,12.217,57.1
37266,2002-01-14 00:00:00,0.1143196609575026,-0.0914167038703732,0.3200560257853785,12.217,57.1
37267,2002-01-15 00:00:00,0.1391318093220848,-0.0665688128979923,0.344832431542162,12.217,57.1
37268,2002-01-16 00:00:00,0.1825417083019781,-0.0231883617189104,0.3882717783228667,12.217,57.1
37269,2002-01-17 00:00:00,0.1684097526721091,-0.0371923010925517,0.37401180643677,12.217,57.1
37270,2002-01-18 00:00:00,0.1702741719680132,-0.0354243774182644,0.3759727213542909,12.217,57.1
37271,2002-01-19 00:00:00,0.2437839580954732,0.0380525279234859,0.4495153882674606,12.217,57.1
37272,2002-01-20 00:00:00,0.2615192996987533,0.0556450162211357,0.4673935831763709,12.217,57.1
37273,2002-01-21 00:00:00,0.3668965588045368,0.1598773578873182,0.5739157597217555,12.217,57.1
37274,2002-01-22 00:00:00,0.3076934949383371,0.1008609602655021,0.5145260296111721,12.217,57.1
37275,2002-01-23 00:00:00,0.4979278289274227,0.2908575380551329,0.7049981197997125,12.217,57.1
37276,2002-01-24 00:00:00,0.2966357817399171,0.0892571147265263,0.5040144487533079,12.217,57.1
37277,2002-01-25 00:00:00,0.221785965471455,0.0138061276167581,0.4297658033261519,12.217,57.1
37278,2002-01-26 00:00:00,0.2639898993326041,0.0564605387247714,0.4715192599404368,12.217,57.1
37279,2002-01-27 00:00:00,0.3389963826109072,0.1303096654318346,0.5476830997899799,12.217,57.1
37280,2002-01-28 00:00:00,0.1874125705674819,-0.0192522121974957,0.3940773533324595,12.217,57.1
37281,2002-01-29 00:00:00,0.7668095080783888,0.5545831924449636,0.979035823711814,12.217,57.1
37282,2002-01-30 00:00:00,0.2314127028428768,0.0138373568744749,0.4489880488112787,12.217,57.1
37283,2002-01-31 00:00:00,0.2214333709113978,0.013964015399967,0.4289027264228285,12.217,57.1
37284,2002-02-01 00:00:00,0.2803714924991993,0.0738101259547631,0.4869328590436355,12.217,57.1
37285,2002-02-02 00:00:00,0.2579477182896579,0.0501244032081619,0.4657710333711539,12.217,57.1
37286,2002-02-03 00:00:00,0.3355269609583164,0.1279943252680674,0.5430595966485654,12.217,57.1
37287,2002-02-04 00:00:00,0.2375122776675322,0.031399586259105,0.4436249690759595,12.217,57.1
37288,2002-02-05 00:00:00,0.371729488261073,0.1619344590375614,0.5815245174845846,12.217,57.1
37289,2002-02-06 00:00:00,0.2706090465404747,0.0620901241471935,0.479127968933756,12.217,57.1
37290,2002-02-07 00:00:00,0.2405680205887873,0.0346556822615066,0.446480358916068,12.217,57.1
37291,2002-02-08 00:00:00,0.2168089791589275,0.010728713144932,0.422889245172923,12.217,57.1
37292,2002-02-09 00:00:00,0.3689111388407656,0.1619226714234383,0.5758996062580928,12.217,57.1
37293,2002-02-10 00:00:00,0.6259686107695563,0.4184705066343359,0.8334667149047768,12.217,57.1
37294,2002-02-11 00:00:00,0.38475890301638,0.1783997559841149,0.5911180500486453,12.217,57.1
37295,2002-02-12 00:00:00,0.7469736170108567,0.5386032243478811,0.9553440096738324,12.217,57.1
37296,2002-02-13 00:00:00,0.3172637710534681,0.1083963865373009,0.5261311555696353,12.217,57.1
37297,2002-02-14 00:00:00,-0.0066670914937449,-0.2130993217961125,0.1997651388086226,12.217,57.1
37298,2002-02-15 00:00:00,0.0515302840187559,-0.1543911507726119,0.2574517188101238,12.217,57.1
37299,2002-02-16 00:00:00,0.0462027776416601,-0.1598230291348612,0.2522285844181815,12.217,57.1
37300,2002-02-17 00:00:00,0.2347758877728173,0.0285406641542331,0.4410111113914016,12.217,57.1
37301,2002-02-18 00:00:00,0.1421244265339005,-0.0642465841783872,0.3484954372461882,12.217,57.1
37302,2002-02-19 00:00:00,0.3682205369788972,0.1623595972072154,0.574081476750579,12.217,57.1
37303,2002-02-20 00:00:00,0.2444605069624186,0.0366578559212298,0.4522631580036073,12.217,57.1
37304,2002-02-21 00:00:00,0.0855128302074413,-0.1229332879280758,0.2939589483429585,12.217,57.1
37305,2002-02-22 00:00:00,0.0613822258712729,-0.1530886133180768,0.2758530650606227,12.217,57.1
37306,2002-02-23 00:00:00,0.9676458708146702,0.7424187732537668,1.1928729683755737,12.217,57.1
37307,2002-02-24 00:00:00,0.3764215797752588,0.1674158857363659,0.5854272738141517,12.217,57.1
37308,2002-02-25 00:00:00,0.2418012358829954,0.035629406211134,0.4479730655548569,12.217,57.1
37309,2002-02-26 00:00:00,0.1995905150842262,-0.0072787283277034,0.4064597584961558,12.217,57.1
37310,2002-02-27 00:00:00,0.3703914658398655,0.1599553744587803,0.5808275572209506,12.217,57.1
37311,2002-02-28 00:00:00,0.5372842442495244,0.3280473829012501,0.7465211055977986,12.217,57.1
37312,2002-03-01 00:00:00,0.2070821401020947,0.0009505304414273,0.413213749762762,12.217,57.1
37313,2002-03-02 00:00:00,0.0898238429963669,-0.1160542980382801,0.295701984031014,12.217,57.1
37314,2002-03-03 00:00:00,0.2265132157174752,0.0188752138793759,0.4341512175555745,12.217,57.1
37315,2002-03-04 00:00:00,0.2939073422104371,0.0871698766442046,0.5006448077766696,12.217,57.1
37316,2002-03-05 00:00:00,0.4241761370237772,0.2176944659889106,0.6306578080586439,12.217,57.1
37317,2002-03-06 00:00:00,0.3625737909200153,0.1548978116300529,0.5702497702099776,12.217,57.1
37318,2002-03-07 00:00:00,0.7121414601954997,0.5036272992234653,0.9206556211675342,12.217,57.1
37319,2002-03-08 00:00:00,0.2933008238448598,0.0856180092222726,0.500983638467447,12.217,57.1
37320,2002-03-09 00:00:00,0.2535124391673018,0.0471042397190971,0.4599206386155064,12.217,57.1
37321,2002-03-10 00:00:00,0.3398002154381341,0.1301438442542041,0.549456586622064,12.217,57.1
37322,2002-03-11 00:00:00,0.1833998272364501,-0.0251238541979823,0.3919235086708826,12.217,57.1
37323,2002-03-12 00:00:00,0.1881894013149208,-0.0186767222868053,0.3950555249166469,12.217,57.1
37324,2002-03-13 00:00:00,0.1271794312286475,-0.0790255413432423,0.3333844038005373,12.217,57.1
37325,2002-03-14 00:00:00,-0.0128296314004955,-0.2190189566344628,0.1933596938334716,12.217,57.1
37326,2002-03-15 00:00:00,-0.1319485759588538,-0.3378217471600263,0.0739245952423187,12.217,57.1
37327,2002-03-16 00:00:00,-0.0324037591265545,-0.2384472243467163,0.1736397060936072,12.217,57.1
37328,2002-03-17 00:00:00,0.0568462697332652,-0.148858991645195,0.2625515311117256,12.217,57.1
37329,2002-03-18 00:00:00,0.1238772733247379,-0.0817234036182189,0.3294779502676949,12.217,57.1
37330,2002-03-19 00:00:00,0.1820107995372243,-0.0240195932161856,0.3880411922906342,12.217,57.1
37331,2002-03-20 00:00:00,0.3585891503079226,0.1519334336898305,0.5652448669260146,12.217,57.1
37332,2002-03-21 00:00:00,0.3315115867737526,0.1240653601838303,0.5389578133636748,12.217,57.1
37333,2002-03-22 00:00:00,0.1342642647840052,-0.0716824052198025,0.3402109347878129,12.217,57.1
37334,2002-03-23 00:00:00,-0.0218329499769137,-0.2282393057754863,0.1845734058216588,12.217,57.1
37335,2002-03-24 00:00:00,-0.143417482635364,-0.3498914850431144,0.0630565197723863,12.217,57.1
37336,2002-03-25 00:00:00,-0.0977640952885737,-0.3035713274784609,0.1080431369013134,12.217,57.1
37337,2002-03-26 00:00:00,0.003550274306151,-0.2019823846547384,0.2090829332670406,12.217,57.1
37338,2002-03-27 00:00:00,-0.031052150674626,-0.2365620372854327,0.1744577359361806,12.217,57.1
37339,2002-03-28 00:00:00,0.0082036589692937,-0.1973066195672604,0.2137139375058479,12.217,57.1
37340,2002-03-29 00:00:00,0.051497644623083,-0.1540750112516566,0.2570703004978227,12.217,57.1
37341,2002-03-30 00:00:00,0.0009044547034504,-0.2046499569927226,0.2064588663996234,12.217,57.1
37342,2002-03-31 00:00:00,0.0547992664568717,-0.1507581572878196,0.2603566902015632,12.217,57.1
37343,2002-04-01 00:00:00,0.0865505124418434,-0.1189417111089326,0.2920427359926195,12.217,57.1
37344,2002-04-02 00:00:00,0.047495498596312,-0.1579422364068224,0.2529332335994464,12.217,57.1
37345,2002-04-03 00:00:00,-0.0038906195510655,-0.2093847227431039,0.2016034836409728,12.217,57.1
37346,2002-04-04 00:00:00,-0.0539055419140846,-0.2595858951207058,0.1517748112925365,12.217,57.1
37347,2002-04-05 00:00:00,-0.0019368141808528,-0.2082198079178828,0.2043461795561771,12.217,57.1
37348,2002-04-06 00:00:00,-0.0810586425927508,-0.2871938462675399,0.1250765610820382,12.217,57.1
37349,2002-04-07 00:00:00,-0.0074573438495192,-0.2133058055102773,0.1983911178112388,12.217,57.1
37350,2002-04-08 00:00:00,-0.0294836774619484,-0.2352207745833922,0.1762534196594952,12.217,57.1
37351,2002-04-09 00:00:00,-0.0135256767192264,-0.2189847425905381,0.1919333891520854,12.217,57.1
37352,2002-04-10 00:00:00,-0.0693090795456281,-0.2748196922460749,0.1362015331548186,12.217,57.1
37353,2002-04-11 00:00:00,-0.0226308542403436,-0.2281988062630736,0.1829370977823863,12.217,57.1
37354,2002-04-12 00:00:00,0.0330092819201239,-0.1727041019402178,0.2387226657804657,12.217,57.1
37355,2002-04-13 00:00:00,0.0452512325641643,-0.1604450857261615,0.2509475508544901,12.217,57.1
37356,2002-04-14 00:00:00,0.033942138164647,-0.1719381725049547,0.2398224488342488,12.217,57.1
37357,2002-04-15 00:00:00,-0.0036443512716885,-0.2095249834166873,0.2022362808733102,12.217,57.1
37358,2002-04-16 00:00:00,-0.0349856204594691,-0.2408072791146849,0.1708360381957466,12.217,57.1
37359,2002-04-17 00:00:00,-0.0273825016568231,-0.2329378375921057,0.1781728342784594,12.217,57.1
37360,2002-04-18 00:00:00,0.0092801705463195,-0.1961982468853653,0.2147585879780045,12.217,57.1
37361,2002-04-19 00:00:00,0.0029288469078428,-0.2025432035813914,0.2084008973970771,12.217,57.1
37362,2002-04-20 00:00:00,-0.0320780932476544,-0.2374952962987048,0.173339109803396,12.217,57.1
37363,2002-04-21 00:00:00,-0.0784369238448644,-0.2839377412600012,0.1270638935702724,12.217,57.1
37364,2002-04-22 00:00:00,-0.0389435825879096,-0.2444498198429964,0.1665626546671771,12.217,57.1
37365,2002-04-23 00:00:00,0.0667680930264647,-0.1390675491272712,0.2726037351802006,12.217,57.1
37366,2002-04-24 00:00:00,0.0492060285721549,-0.1566311957307843,0.2550432528750942,12.217,57.1
37367,2002-04-25 00:00:00,0.0396172316398816,-0.1658339458995452,0.2450684091793085,12.217,57.1
37368,2002-04-26 00:00:00,0.0822083033924783,-0.1232724608518605,0.2876890676368173,12.217,57.1
37369,2002-04-27 00:00:00,0.2251241242674144,0.0193583435255597,0.4308899050092692,12.217,57.1
37370,2002-04-28 00:00:00,0.3334430214709681,0.1270559847555994,0.5398300581863368,12.217,57.1
37371,2002-04-29 00:00:00,0.289546222939166,0.08241841459864,0.496674031279692,12.217,57.1
37372,2002-04-30 00:00:00,0.1946062189943694,-0.0134963769909689,0.4027088149797078,12.217,57.1
37373,2002-05-01 00:00:00,0.1856266935082632,-0.0219215688136756,0.3931749558302021,12.217,57.1
37374,2002-05-02 00:00:00,0.1353616186046247,-0.0721033778959729,0.3428266151052225,12.217,57.1
37375,2002-05-03 00:00:00,0.0519449320981729,-0.153845469279796,0.2577353334761418,12.217,57.1
37376,2002-05-04 00:00:00,-0.0302552185112963,-0.23582525928633,0.1753148222637372,12.217,57.1
37377,2002-05-05 00:00:00,-0.0272872305671954,-0.2330825387684287,0.1785080776340379,12.217,57.1
37378,2002-05-06 00:00:00,-0.0864908145848104,-0.2926214933787817,0.1196398642091608,12.217,57.1
37379,2002-05-07 00:00:00,-0.0800778486960838,-0.285787891573716,0.1256321941815483,12.217,57.1
37380,2002-05-08 00:00:00,-0.0488819009173111,-0.2544063331943568,0.1566425313597346,12.217,57.1
37381,2002-05-09 00:00:00,-0.0324106411386097,-0.2378978968580307,0.173076614580811,12.217,57.1
37382,2002-05-10 00:00:00,-0.0578926164147612,-0.2638298615346875,0.148044628705165,12.217,57.1
37383,2002-05-11 00:00:00,0.0093225083613544,-0.1965563649208266,0.2152013816435355,12.217,57.1
37384,2002-05-12 00:00:00,0.1078369170235207,-0.0979407836714903,0.3136146177185319,12.217,57.1
37385,2002-05-13 00:00:00,0.0458192038996442,-0.1599761689624749,0.2516145767617634,12.217,57.1
37386,2002-05-14 00:00:00,0.0671891609740463,-0.138315169795774,0.2726934917438667,12.217,57.1
37387,2002-05-15 00:00:00,0.1179928078955977,-0.0881761643171877,0.3241617801083831,12.217,57.1
37388,2002-05-16 00:00:00,0.1426893949967088,-0.0632459026151527,0.3486246926085704,12.217,57.1
37389,2002-05-17 00:00:00,0.112197811148547,-0.0935810358239788,0.3179766581210729,12.217,57.1
37390,2002-05-18 00:00:00,0.0774508675592514,-0.1284035875425367,0.2833053226610396,12.217,57.1
37391,2002-05-19 00:00:00,0.0350036362392063,-0.1705457568487462,0.240553029327159,12.217,57.1
37392,2002-05-20 00:00:00,0.0540249762144699,-0.1515452508576519,0.2595952032865917,12.217,57.1
37393,2002-05-21 00:00:00,0.0587599815807275,-0.1467573315293083,0.2642772946907634,12.217,57.1
37394,2002-05-22 00:00:00,0.0919674772491088,-0.1135547528331718,0.2974897073313896,12.217,57.1
37395,2002-05-23 00:00:00,0.1548626237546084,-0.0508326711969078,0.3605579187061247,12.217,57.1
37396,2002-05-24 00:00:00,0.0330085507440158,-0.1729002765015735,0.2389173779896052,12.217,57.1
37397,2002-05-25 00:00:00,0.1307119027687238,-0.0749996555565631,0.3364234610940108,12.217,57.1
37398,2002-05-26 00:00:00,0.0984757174888665,-0.107281379062062,0.3042328140397951,12.217,57.1
37399,2002-05-27 00:00:00,0.0891745928596323,-0.1166826685040182,0.2950318542232829,12.217,57.1
37400,2002-05-28 00:00:00,0.0056263086980327,-0.200796661996646,0.2120492793927115,12.217,57.1
37401,2002-05-29 00:00:00,0.033413151209152,-0.1727557013642353,0.2395820037825393,12.217,57.1
37402,2002-05-30 00:00:00,0.0094788768284555,-0.1964237991406985,0.2153815527976096,12.217,57.1
37403,2002-05-31 00:00:00,0.0541477265627191,-0.1515681677283502,0.2598636208537885,12.217,57.1
37404,2002-06-01 00:00:00,0.0296062311479733,-0.1761003653941789,0.2353128276901256,12.217,57.1
37405,2002-06-02 00:00:00,0.0012880014873048,-0.2042981758909145,0.2068741788655243,12.217,57.1
37406,2002-06-03 00:00:00,0.0072954865909264,-0.1982235381149246,0.2128145112967774,12.217,57.1
37407,2002-06-04 00:00:00,0.0776765133653354,-0.1278777146327419,0.2832307413634127,12.217,57.1
37408,2002-06-05 00:00:00,0.0685125631796911,-0.1370663311177715,0.2740914574771539,12.217,57.1
37409,2002-06-06 00:00:00,-0.0043248234654716,-0.2101325438643881,0.2014828969334448,12.217,57.1
37410,2002-06-07 00:00:00,-0.0703423750617099,-0.2765213712372512,0.1358366211138313,12.217,57.1
37411,2002-06-08 00:00:00,0.0201088708757687,-0.1858825571842612,0.2261002989357988,12.217,57.1
37412,2002-06-09 00:00:00,0.0506039560383492,-0.1550243569013725,0.2562322689780711,12.217,57.1
37413,2002-06-10 00:00:00,0.0678914016786397,-0.1375501506406774,0.273332953997957,12.217,57.1
37414,2002-06-11 00:00:00,0.0916915429024371,-0.113852477182709,0.2972355629875833,12.217,57.1
37415,2002-06-12 00:00:00,0.0837324108283907,-0.1222036749725491,0.2896684966293306,12.217,57.1
37416,2002-06-13 00:00:00,0.1069695568795694,-0.0985620010780409,0.3125011148371798,12.217,57.1
37417,2002-06-14 00:00:00,0.2005789128551632,-0.0053109792628485,0.4064688049731751,12.217,57.1
37418,2002-06-15 00:00:00,0.2055607608931445,-0.0005025487510494,0.4116240705373385,12.217,57.1
37419,2002-06-16 00:00:00,0.2404129223865849,0.0340963909053971,0.4467294538677727,12.217,57.1
37420,2002-06-17 00:00:00,0.1717477200285748,-0.0342509076628035,0.3777463477199533,12.217,57.1
37421,2002-06-18 00:00:00,0.0811450051278721,-0.1244999070321616,0.2867899172879058,12.217,57.1
37422,2002-06-19 00:00:00,0.1428784133147243,-0.0633670980055453,0.3491239246349941,12.217,57.1
37423,2002-06-20 00:00:00,0.1085727180428025,-0.0978330282319261,0.3149784643175312,12.217,57.1
37424,2002-06-21 00:00:00,-0.0058966400548233,-0.2117736962898705,0.1999804161802239,12.217,57.1
37425,2002-06-22 00:00:00,0.0634557163133129,-0.142563870995384,0.2694753036220098,12.217,57.1
37426,2002-06-23 00:00:00,0.1364695018487847,-0.0690652366373762,0.3420042403349456,12.217,57.1
37427,2002-06-24 00:00:00,0.423275468353646,0.2163730561667527,0.6301778805405394,12.217,57.1
37428,2002-06-25 00:00:00,0.1497620774009515,-0.0566890952496782,0.3562132500515812,12.217,57.1
37429,2002-06-26 00:00:00,0.1861885005976064,-0.0196759651324757,0.3920529663276886,12.217,57.1
37430,2002-06-27 00:00:00,0.1871745067306081,-0.0190540319651427,0.393403045426359,12.217,57.1
37431,2002-06-28 00:00:00,0.261303575282077,0.0555454709325284,0.4670616796316257,12.217,57.1
37432,2002-06-29 00:00:00,0.1487252045409077,-0.0572086051220576,0.3546590142038731,12.217,57.1
37433,2002-06-30 00:00:00,0.255283477199751,0.0490996611739777,0.4614672932255243,12.217,57.1
37434,2002-07-01 00:00:00,0.2487691996133979,0.0430227522949393,0.4545156469318564,12.217,57.1
37435,2002-07-02 00:00:00,0.2450275025965039,0.0390696359719006,0.4509853692211072,12.217,57.1
37436,2002-07-03 00:00:00,0.2096062692985798,0.0031432543278406,0.416069284269319,12.217,57.1
37437,2002-07-04 00:00:00,0.1920487475283746,-0.0139159981675722,0.3980134932243215,12.217,57.1
37438,2002-07-05 00:00:00,0.0560055350679052,-0.149882191545154,0.2618932616809645,12.217,57.1
37439,2002-07-06 00:00:00,0.1465864815698178,-0.0592982547599197,0.3524712178995552,12.217,57.1
37440,2002-07-07 00:00:00,0.0725064362800878,-0.1330435895472019,0.2780564621073776,12.217,57.1
37441,2002-07-08 00:00:00,0.1039980754840959,-0.1014806656424208,0.3094768166106127,12.217,57.1
37442,2002-07-09 00:00:00,0.1295200227761526,-0.0759885646969331,0.3350286102492383,12.217,57.1
37443,2002-07-10 00:00:00,0.1833368771809959,-0.0224916050778903,0.3891653594398823,12.217,57.1
37444,2002-07-11 00:00:00,0.0718759504310654,-0.1348240489727229,0.2785759498348537,12.217,57.1
37445,2002-07-12 00:00:00,-0.0184731305073719,-0.2259749558260578,0.189028694811314,12.217,57.1
37446,2002-07-13 00:00:00,0.0061807542355358,-0.1995186651529179,0.2118801736239897,12.217,57.1
37447,2002-07-14 00:00:00,-0.0494614304818672,-0.2550358570351523,0.1561129960714178,12.217,57.1
37448,2002-07-15 00:00:00,-0.061095727321035,-0.2666290343610126,0.1444375797189425,12.217,57.1
37449,2002-07-16 00:00:00,-0.0136224227307398,-0.2190999156568648,0.191855070195385,12.217,57.1
37450,2002-07-17 00:00:00,0.0049732438795213,-0.2006031405823902,0.2105496283414328,12.217,57.1
37451,2002-07-18 00:00:00,-0.0064793400169387,-0.2125331905557724,0.1995745105218949,12.217,57.1
37452,2002-07-19 00:00:00,-0.0297759190701242,-0.2362669445767773,0.1767151064365288,12.217,57.1
37453,2002-07-20 00:00:00,-0.027849480751121,-0.2337835244017604,0.1780845628995184,12.217,57.1
37454,2002-07-21 00:00:00,0.0783717693122385,-0.1271811550940622,0.2839246937185393,12.217,57.1
37455,2002-07-22 00:00:00,0.0797351620391638,-0.1258731046270683,0.2853434287053961,12.217,57.1
37456,2002-07-23 00:00:00,0.3737019823330884,0.1665306858245891,0.5808732788415876,12.217,57.1
37457,2002-07-24 00:00:00,0.3235267505866736,0.1166559052966949,0.5303975958766523,12.217,57.1
37458,2002-07-25 00:00:00,0.2578348433859487,0.0517253201777796,0.4639443665941178,12.217,57.1
37459,2002-07-26 00:00:00,0.257344650666617,0.0511992841639331,0.4634900171693009,12.217,57.1
37460,2002-07-27 00:00:00,0.1526011798723914,-0.05307070567933,0.358273065424113,12.217,57.1
37461,2002-07-28 00:00:00,0.0474963910193681,-0.1581504309261024,0.2531432129648388,12.217,57.1
37462,2002-07-29 00:00:00,0.0437703010881516,-0.1618278141333133,0.2493684163096166,12.217,57.1
37463,2002-07-30 00:00:00,-0.0036495981201078,-0.2092475284596251,0.2019483322194093,12.217,57.1
37464,2002-07-31 00:00:00,0.0051514657154268,-0.2003285395683273,0.2106314709991811,12.217,57.1
37465,2002-08-01 00:00:00,-0.0161213558945471,-0.2216108297701739,0.1893681179810797,12.217,57.1
37466,2002-08-02 00:00:00,0.0091656810728752,-0.1964366324018967,0.2147679945476473,12.217,57.1
37467,2002-08-03 00:00:00,0.0403810434987693,-0.1653792474236556,0.2461413344211944,12.217,57.1
37468,2002-08-04 00:00:00,-0.0085341287524249,-0.2142394309951132,0.1971711734902632,12.217,57.1
37469,2002-08-05 00:00:00,0.0117333755343512,-0.1936963965186744,0.217163147587377,12.217,57.1
37470,2002-08-06 00:00:00,-0.0228330952930045,-0.2282923420734243,0.1826261514874153,12.217,57.1
37471,2002-08-07 00:00:00,-0.0210798690678481,-0.2266665880498823,0.1845068499141861,12.217,57.1
37472,2002-08-08 00:00:00,0.0109916799642807,-0.1944848184128365,0.2164681783413981,12.217,57.1
37473,2002-08-09 00:00:00,0.060855994144625,-0.1445714307045262,0.2662834189937761,12.217,57.1
37474,2002-08-10 00:00:00,0.0992170844301432,-0.1062350361496086,0.304669205009895,12.217,57.1
37475,2002-08-11 00:00:00,0.067287931103076,-0.1381731922759533,0.2727490544821054,12.217,57.1
37476,2002-08-12 00:00:00,0.1025921810154243,-0.1029187048745716,0.3081030669054203,12.217,57.1
37477,2002-08-13 00:00:00,0.0098984355818366,-0.1959349426482242,0.2157318138118975,12.217,57.1
37478,2002-08-14 00:00:00,0.0595585973054989,-0.1465346278002067,0.2656518224112046,12.217,57.1
37479,2002-08-15 00:00:00,0.0258050732227527,-0.179899543484838,0.2315096899303434,12.217,57.1
37480,2002-08-16 00:00:00,0.0062218796506863,-0.1993468984697083,0.2117906577710809,12.217,57.1
37481,2002-08-17 00:00:00,-0.0137652671786852,-0.2193214058729782,0.1917908715156076,12.217,57.1
37482,2002-08-18 00:00:00,0.0091668680892384,-0.1963084963377503,0.2146422325162273,12.217,57.1
37483,2002-08-19 00:00:00,0.02436072623119,-0.1811112367487932,0.2298326892111732,12.217,57.1
37484,2002-08-20 00:00:00,0.0397675786462697,-0.1658013217935425,0.245336479086082,12.217,57.1
37485,2002-08-21 00:00:00,0.0505548178241715,-0.1549003067938108,0.2560099424421538,12.217,57.1
37486,2002-08-22 00:00:00,0.0351720849573709,-0.170299347628779,0.2406435175435209,12.217,57.1
37487,2002-08-23 00:00:00,-0.0058287148254448,-0.2112344435601181,0.1995770139092285,12.217,57.1
37488,2002-08-24 00:00:00,-0.0103493166660795,-0.2157873007638788,0.1950886674317196,12.217,57.1
37489,2002-08-25 00:00:00,-0.0141275603840994,-0.2195404492818018,0.1912853285136029,12.217,57.1
37490,2002-08-26 00:00:00,-0.0160188677569478,-0.2214905551276252,0.1894528196137295,12.217,57.1
37491,2002-08-27 00:00:00,-0.0102909704607084,-0.2157241278218552,0.1951421869004383,12.217,57.1
37492,2002-08-28 00:00:00,0.0336873184315575,-0.1718018426587715,0.2391764795218867,12.217,57.1
37493,2002-08-29 00:00:00,0.0419172018723037,-0.1635944893880607,0.2474288931326681,12.217,57.1
37494,2002-08-30 00:00:00,0.1034554381515114,-0.1023418745489402,0.309252750851963,12.217,57.1
37495,2002-08-31 00:00:00,0.1407753832547549,-0.0650396441538025,0.3465904106633125,12.217,57.1
37496,2002-09-01 00:00:00,0.1568863024570729,-0.0503081432415276,0.3640807481556735,12.217,57.1
37497,2002-09-02 00:00:00,-0.0363498813831268,-0.2422584813349176,0.1695587185686639,12.217,57.1
37498,2002-09-03 00:00:00,-0.0024762369130225,-0.2081068314625452,0.2031543576365001,12.217,57.1
37499,2002-09-04 00:00:00,-0.0170416038004726,-0.2227477912163859,0.1886645836154405,12.217,57.1
37500,2002-09-05 00:00:00,0.1489264159527232,-0.0570396957969348,0.3548925277023813,12.217,57.1
37501,2002-09-06 00:00:00,0.1026970250584895,-0.1029939067262849,0.308387956843264,12.217,57.1
37502,2002-09-07 00:00:00,0.1434854039241022,-0.0621538696857033,0.3491246775339078,12.217,57.1
37503,2002-09-08 00:00:00,0.1371775591038459,-0.0683928948528476,0.3427480130605396,12.217,57.1
37504,2002-09-09 00:00:00,0.0041779206113146,-0.2013639403591473,0.2097197815817766,12.217,57.1
37505,2002-09-10 00:00:00,-0.0608892005920209,-0.2663742585805873,0.1445958573965454,12.217,57.1
37506,2002-09-11 00:00:00,-0.0450349948592225,-0.2505675078640441,0.160497518145599,12.217,57.1
37507,2002-09-12 00:00:00,-0.1078242667926225,-0.3133421356235109,0.0976936020382658,12.217,57.1
37508,2002-09-13 00:00:00,-0.088999808193551,-0.2944783073735532,0.1164786909864509,12.217,57.1
37509,2002-09-14 00:00:00,-0.0153768834687726,-0.2215838900275622,0.190830123090017,12.217,57.1
37510,2002-09-15 00:00:00,0.1375462980518069,-0.0697105464850822,0.344803142588696,12.217,57.1
37511,2002-09-16 00:00:00,-0.0394954483890764,-0.2460777579595152,0.1670868611813624,12.217,57.1
37512,2002-09-17 00:00:00,0.0279980420048191,-0.1776085695771316,0.2336046535867699,12.217,57.1
37513,2002-09-18 00:00:00,0.0897813304746534,-0.115899070197701,0.2954617311470079,12.217,57.1
37514,2002-09-19 00:00:00,0.0587269719617078,-0.1469619729791004,0.2644159169025162,12.217,57.1
37515,2002-09-20 00:00:00,0.0477256228103252,-0.1578967340929995,0.2533479797136501,12.217,57.1
37516,2002-09-21 00:00:00,0.0374009631315024,-0.1683380557772563,0.2431399820402611,12.217,57.1
37517,2002-09-22 00:00:00,0.0505912779457403,-0.155025212264627,0.2562077681561077,12.217,57.1
37518,2002-09-23 00:00:00,-0.1122538240141023,-0.3189335826709565,0.0944259346427518,12.217,57.1
37519,2002-09-24 00:00:00,-0.0269936031029159,-0.2331703361195198,0.1791831299136879,12.217,57.1
37520,2002-09-25 00:00:00,0.0196300908617142,-0.1859639843628654,0.2252241660862939,12.217,57.1
37521,2002-09-26 00:00:00,0.0397896510479989,-0.165844525538559,0.2454238276345569,12.217,57.1
37522,2002-09-27 00:00:00,-0.0034324130714383,-0.2091280626048213,0.2022632364619447,12.217,57.1
37523,2002-09-28 00:00:00,-0.0047777726250558,-0.2104961458895059,0.2009406006393943,12.217,57.1
37524,2002-09-29 00:00:00,0.0484236271014479,-0.1570947534579401,0.253942007660836,12.217,57.1
37525,2002-09-30 00:00:00,0.100232373531544,-0.1052844719959382,0.3057492190590262,12.217,57.1
37526,2002-10-01 00:00:00,0.0881154840456936,-0.1176363292273055,0.2938672973186927,12.217,57.1
37527,2002-10-02 00:00:00,-0.0218981799375038,-0.2275759703113914,0.1837796104363837,12.217,57.1
37528,2002-10-03 00:00:00,0.0073107855092144,-0.1981497210697078,0.2127712920881367,12.217,57.1
37529,2002-10-04 00:00:00,0.071790785520355,-0.1337708160952753,0.2773523871359854,12.217,57.1
37530,2002-10-05 00:00:00,0.0184827746403044,-0.1877714771951089,0.2247370264757177,12.217,57.1
37531,2002-10-06 00:00:00,-0.0323116376423798,-0.239265389153146,0.1746421138683863,12.217,57.1
37532,2002-10-07 00:00:00,-0.0837655093112026,-0.2908283461626033,0.123297327540198,12.217,57.1
37533,2002-10-08 00:00:00,-0.0433966913099116,-0.25182083946531,0.1650274568454866,12.217,57.1
37534,2002-10-09 00:00:00,-0.1413256239095182,-0.3504432059737566,0.0677919581547202,12.217,57.1
37535,2002-10-10 00:00:00,-0.065318145004971,-0.2710284247609924,0.1403921347510504,12.217,57.1
37536,2002-10-11 00:00:00,-0.0750676451147973,-0.2806149271385713,0.1304796369089766,12.217,57.1
37537,2002-10-12 00:00:00,-0.0995285690667193,-0.3051903313286467,0.1061331931952081,12.217,57.1
37538,2002-10-13 00:00:00,-0.0855016932586404,-0.2914336994531223,0.1204303129358413,12.217,57.1
37539,2002-10-14 00:00:00,-0.0117676595752368,-0.2177426088597096,0.1942072897092359,12.217,57.1
37540,2002-10-15 00:00:00,0.044242012347784,-0.1619160940555146,0.2504001187510827,12.217,57.1
37541,2002-10-16 00:00:00,-0.0083054008866392,-0.2142376461921919,0.1976268444189134,12.217,57.1
37542,2002-10-17 00:00:00,0.0844072374230645,-0.1213916294041611,0.2902061042502902,12.217,57.1
37543,2002-10-18 00:00:00,0.0907629645013644,-0.1155109014715498,0.2970368304742786,12.217,57.1
37544,2002-10-19 00:00:00,0.002461416903711,-0.2033568592274102,0.2082796930348323,12.217,57.1
37545,2002-10-20 00:00:00,0.0477997507403917,-0.1582819387248855,0.253881440205669,12.217,57.1
37546,2002-10-21 00:00:00,0.0614396543808369,-0.1444701772801856,0.2673494860418596,12.217,57.1
37547,2002-10-22 00:00:00,0.121538590154839,-0.0842492326188186,0.3273264129284968,12.217,57.1
37548,2002-10-23 00:00:00,0.3434221645633051,0.1349316216074485,0.5519127075191618,12.217,57.1
37549,2002-10-24 00:00:00,0.265965581740116,0.0549118706847182,0.4770192927955137,12.217,57.1
37550,2002-10-25 00:00:00,0.2901451220043603,0.0837354983127509,0.4965547456959697,12.217,57.1
37551,2002-10-26 00:00:00,0.4078094202180351,0.1988777994175082,0.6167410410185621,12.217,57.1
37552,2002-10-27 00:00:00,0.6579105922104249,0.4491880319126142,0.8666331525082356,12.217,57.1
37553,2002-10-28 00:00:00,0.2584846936276613,0.0486893593504568,0.4682800279048659,12.217,57.1
37554,2002-10-29 00:00:00,0.2017861849632981,-0.0072085338635475,0.4107809037901438,12.217,57.1
37555,2002-10-30 00:00:00,0.1222779436740086,-0.0836338904011419,0.3281897777491593,12.217,57.1
37556,2002-10-31 00:00:00,0.0258263019361251,-0.1797623790628957,0.2314149829351459,12.217,57.1
37557,2002-11-01 00:00:00,0.1704936681190348,-0.0354668939511921,0.3764542301892619,12.217,57.1
37558,2002-11-02 00:00:00,0.0440937564807793,-0.162138810410199,0.2503263233717576,12.217,57.1
37559,2002-11-03 00:00:00,-0.0185681676690239,-0.2244157205341332,0.1872793851960853,12.217,57.1
37560,2002-11-04 00:00:00,0.0489477203767341,-0.1572320687923008,0.2551275095457692,12.217,57.1
37561,2002-11-05 00:00:00,0.0013507663877364,-0.204595307626011,0.207296840401484,12.217,57.1
37562,2002-11-06 00:00:00,0.0342348709849694,-0.1713539444909589,0.2398236864608978,12.217,57.1
37563,2002-11-07 00:00:00,0.2387707225416387,0.0319357238711526,0.4456057212121249,12.217,57.1
37564,2002-11-08 00:00:00,0.1731872259176945,-0.0335635906343457,0.3799380424697347,12.217,57.1
37565,2002-11-09 00:00:00,0.1547635295081001,-0.0513703962399967,0.360897455256197,12.217,57.1
37566,2002-11-10 00:00:00,0.0655980004994605,-0.1414661585537512,0.2726621595526722,12.217,57.1
37567,2002-11-11 00:00:00,0.0052036034766017,-0.20091172925199,0.2113189362051936,12.217,57.1
37568,2002-11-12 00:00:00,0.0985977051717403,-0.1073229145973981,0.3045183249408788,12.217,57.1
37569,2002-11-13 00:00:00,0.1669453076327913,-0.0394471691862584,0.373337784451841,12.217,57.1
37570,2002-11-14 00:00:00,0.1655797938772155,-0.0407169454580595,0.3718765332124907,12.217,57.1
37571,2002-11-15 00:00:00,0.1952908668353377,-0.0105586850351476,0.4011404187058231,12.217,57.1
37572,2002-11-16 00:00:00,0.054411839393605,-0.1512413990215588,0.260065077808769,12.217,57.1
37573,2002-11-17 00:00:00,0.0354360840779827,-0.1702240374030353,0.2410962055590007,12.217,57.1
37574,2002-11-18 00:00:00,0.0963643667642428,-0.110089495908696,0.3028182294371817,12.217,57.1
37575,2002-11-19 00:00:00,0.0206275124396646,-0.1853475624319317,0.2266025873112611,12.217,57.1
37576,2002-11-20 00:00:00,-0.0469043481798266,-0.2525992309192732,0.1587905345596199,12.217,57.1
37577,2002-11-21 00:00:00,-0.0256324167265144,-0.2316359002404935,0.1803710667874645,12.217,57.1
37578,2002-11-22 00:00:00,0.0592776801724591,-0.1469215565866584,0.2654769169315766,12.217,57.1
37579,2002-11-23 00:00:00,0.0431499022481533,-0.1629267115764091,0.2492265160727158,12.217,57.1
37580,2002-11-24 00:00:00,0.0757894853634084,-0.13038381180031,0.281962782527127,12.217,57.1
37581,2002-11-25 00:00:00,0.036941416858173,-0.1689626718719812,0.2428455055883273,12.217,57.1
37582,2002-11-26 00:00:00,0.0167028148625687,-0.1890879964079883,0.2224936261331259,12.217,57.1
37583,2002-11-27 00:00:00,0.02599673785752,-0.180361163707333,0.232354639422373,12.217,57.1
37584,2002-11-28 00:00:00,0.047385783155023,-0.1582616070980195,0.2530331734080655,12.217,57.1
37585,2002-11-29 00:00:00,0.0976668223741866,-0.1083822261627729,0.3037158709111462,12.217,57.1
37586,2002-11-30 00:00:00,-0.0240442733258545,-0.2304509960360583,0.1823624493843492,12.217,57.1
37587,2002-12-01 00:00:00,-0.0584884268779804,-0.2647775541939542,0.1478007004379933,12.217,57.1
37588,2002-12-02 00:00:00,0.0876367392912,-0.1181625858676359,0.293436064450036,12.217,57.1
37589,2002-12-03 00:00:00,0.105392182226741,-0.1005829764323099,0.311367340885792,12.217,57.1
37590,2002-12-04 00:00:00,-0.0346244148805828,-0.2403121482609915,0.1710633184998258,12.217,57.1
37591,2002-12-05 00:00:00,0.0067445388460077,-0.198844713552701,0.2123337912447165,12.217,57.1
37592,2002-12-06 00:00:00,-0.2046640807732617,-0.4105362912572703,0.0012081297107469,12.217,57.1
37593,2002-12-07 00:00:00,-0.2487317858033401,-0.4548547425964932,-0.042608829010187,12.217,57.1
37594,2002-12-08 00:00:00,-0.2312285408466437,-0.4375875049144215,-0.024869576778866,12.217,57.1
37595,2002-12-09 00:00:00,-0.1726666337552227,-0.3791419521846794,0.0338086846742338,12.217,57.1
37596,2002-12-10 00:00:00,-0.1428757639227149,-0.3485742494036534,0.0628227215582235,12.217,57.1
37597,2002-12-11 00:00:00,-0.1200420326717561,-0.3256386385318972,0.0855545731883848,12.217,57.1
37598,2002-12-12 00:00:00,-0.0722851768117375,-0.2778727244982941,0.133302370874819,12.217,57.1
37599,2002-12-13 00:00:00,-0.0971249881718515,-0.3027357669761641,0.108485790632461,12.217,57.1
37600,2002-12-14 00:00:00,-0.0823812579517593,-0.2879075785877114,0.1231450626841927,12.217,57.1
37601,2002-12-15 00:00:00,-0.0508086907339674,-0.2563555625942161,0.1547381811262812,12.217,57.1
37602,2002-12-16 00:00:00,-0.0336988165759144,-0.2393522053782635,0.1719545722264346,12.217,57.1
37603,2002-12-17 00:00:00,-0.0300260789166593,-0.2357523156228524,0.1757001577895337,12.217,57.1
37604,2002-12-18 00:00:00,-0.0125661074860434,-0.2184190098747155,0.1932867949026284,12.217,57.1
37605,2002-12-19 00:00:00,-0.0578238736634225,-0.2637231889095746,0.1480754415827294,12.217,57.1
37606,2002-12-20 00:00:00,0.1259373439798826,-0.0798004615801847,0.33167514953995,12.217,57.1
37607,2002-12-21 00:00:00,0.0976056578630538,-0.1083246990911239,0.3035360148172317,12.217,57.1
37608,2002-12-22 00:00:00,-0.0172153068011875,-0.222931383855415,0.1885007702530399,12.217,57.1
37609,2002-12-23 00:00:00,-0.0515037580257167,-0.2575185488101357,0.1545110327587022,12.217,57.1
37610,2002-12-24 00:00:00,0.0353525331474029,-0.1710677926445771,0.2417728589393831,12.217,57.1
37611,2002-12-25 00:00:00,0.0724141708442016,-0.1342959641684935,0.2791243058568968,12.217,57.1
37612,2002-12-26 00:00:00,0.0875258967342629,-0.1187931180627612,0.2938449115312872,12.217,57.1
37613,2002-12-27 00:00:00,0.127217701844603,-0.0785340728533159,0.332969476542522,12.217,57.1
37614,2002-12-28 00:00:00,0.1545720667448686,-0.0514617243079754,0.3606058577977127,12.217,57.1
37615,2002-12-29 00:00:00,0.1117265471975472,-0.0943563523016867,0.3178094466967813,12.217,57.1
37616,2002-12-30 00:00:00,0.0250737135129245,-0.1811029182872161,0.2312503453130652,12.217,57.1
37617,2002-12-31 00:00:00,-0.0431611062700502,-0.2490758141678515,0.1627536016277511,12.217,57.1
37618,2003-01-01 00:00:00,0.1032879173246827,-0.1027504885720382,0.3093263232214038,12.217,57.1
37619,2003-01-02 00:00:00,0.1649314390266528,-0.0412791033683638,0.3711419814216695,12.217,57.1
37620,2003-01-03 00:00:00,0.1100294711457172,-0.0959755080609706,0.3160344503524051,12.217,57.1
37621,2003-01-04 00:00:00,0.001700619161847,-0.2042710842934378,0.2076723226171318,12.217,57.1
37622,2003-01-05 00:00:00,0.0157934642138373,-0.1899153494400298,0.2215022778677044,12.217,57.1
37623,2003-01-06 00:00:00,-0.0480271356090742,-0.2553104768432154,0.1592562056250669,12.217,57.1
37624,2003-01-07 00:00:00,0.0037956906406814,-0.2027294296429849,0.2103208109243477,12.217,57.1
37625,2003-01-08 00:00:00,-0.036459247219395,-0.2420590702685278,0.1691405758297378,12.217,57.1
37626,2003-01-09 00:00:00,0.0022492164322891,-0.2032977631235918,0.2077961959881701,12.217,57.1
37627,2003-01-10 00:00:00,-0.0191220046866511,-0.2247001422231379,0.1864561328498355,12.217,57.1
37628,2003-01-11 00:00:00,-0.038684472669022,-0.2446145843430945,0.1672456390050504,12.217,57.1
37629,2003-01-12 00:00:00,0.204146203658589,-0.0023062385537607,0.4105986458709387,12.217,57.1
37630,2003-01-13 00:00:00,0.3557176546361322,0.1489245525944379,0.5625107566778265,12.217,57.1
37631,2003-01-14 00:00:00,0.1556150008677566,-0.0505517328293097,0.361781734564823,12.217,57.1
37632,2003-01-15 00:00:00,0.3797545710951595,0.1707867897362613,0.5887223524540577,12.217,57.1
37633,2003-01-16 00:00:00,0.5549351251561532,0.3470352405442512,0.7628350097680552,12.217,57.1
37634,2003-01-17 00:00:00,0.3104816866340953,0.1019510247309721,0.5190123485372184,12.217,57.1
37635,2003-01-18 00:00:00,0.2916547023537402,0.0845501215670404,0.4987592831404399,12.217,57.1
37636,2003-01-19 00:00:00,0.3655595992991589,0.1585165187516151,0.5726026798467028,12.217,57.1
37637,2003-01-20 00:00:00,0.3027172144753868,0.0957534807274189,0.5096809482233546,12.217,57.1
37638,2003-01-21 00:00:00,0.207020207780216,-0.0002450038489574,0.4142854194093895,12.217,57.1
37639,2003-01-22 00:00:00,0.2757451238606186,0.0692940064935171,0.4821962412277201,12.217,57.1
37640,2003-01-23 00:00:00,0.1612793835721142,-0.0442832795704789,0.3668420467147074,12.217,57.1
37641,2003-01-24 00:00:00,-0.0879491472900786,-0.2941418784887069,0.1182435839085495,12.217,57.1
37642,2003-01-25 00:00:00,0.1043527162181533,-0.1019857508405698,0.3106911832768765,12.217,57.1
37643,2003-01-26 00:00:00,0.2574440009524376,0.0510156443020975,0.4638723576027776,12.217,57.1
37644,2003-01-27 00:00:00,0.2862791276303087,0.0801040770697864,0.492454178190831,12.217,57.1
37645,2003-01-28 00:00:00,0.3000981362826915,0.0937610671103806,0.5064352054550025,12.217,57.1
37646,2003-01-29 00:00:00,0.3247221808753924,0.1177230236699122,0.5317213380808726,12.217,57.1
37647,2003-01-30 00:00:00,0.0995015673268475,-0.1064587005943735,0.3054618352480686,12.217,57.1
37648,2003-01-31 00:00:00,-0.0153427467923081,-0.2215180826559718,0.1908325890713556,12.217,57.1
37649,2003-02-01 00:00:00,-0.0264956414262628,-0.2326113979510355,0.1796201150985098,12.217,57.1
37650,2003-02-02 00:00:00,0.218218771369429,0.011671050095395,0.424766492643463,12.217,57.1
37651,2003-02-03 00:00:00,0.2575157701489384,0.048013242879495,0.4670182974183817,12.217,57.1
37652,2003-02-04 00:00:00,0.4085009701538402,0.2008565971708925,0.6161453431367878,12.217,57.1
37653,2003-02-05 00:00:00,0.1056818157115261,-0.1000261176013492,0.3113897490244016,12.217,57.1
37654,2003-02-06 00:00:00,-0.0311961431273126,-0.2369646955551575,0.1745724093005322,12.217,57.1
37655,2003-02-07 00:00:00,0.029922625066751,-0.1758857614663257,0.2357310115998278,12.217,57.1
37656,2003-02-08 00:00:00,0.1191050949928783,-0.0868253529996825,0.3250355429854392,12.217,57.1
37657,2003-02-09 00:00:00,0.1037355963882474,-0.1019655484052266,0.3094367411817216,12.217,57.1
37658,2003-02-10 00:00:00,0.1205421891695206,-0.0855044832036295,0.3265888615426707,12.217,57.1
37659,2003-02-11 00:00:00,0.0224474245472179,-0.1832006078922567,0.2280954569866926,12.217,57.1
37660,2003-02-12 00:00:00,-0.0350482464088671,-0.2405722030642358,0.1704757102465015,12.217,57.1
37661,2003-02-13 00:00:00,-0.0582447879300534,-0.2637754340119945,0.1472858581518875,12.217,57.1
37662,2003-02-14 00:00:00,-0.0889327298327033,-0.2944371912176626,0.1165717315522558,12.217,57.1
37663,2003-02-15 00:00:00,-0.1333957445793536,-0.3389749837197575,0.0721834945610502,12.217,57.1
37664,2003-02-16 00:00:00,-0.1449219930277342,-0.3506636565583706,0.060819670502902,12.217,57.1
37665,2003-02-17 00:00:00,-0.1135727470272571,-0.3193280686068288,0.0921825745523144,12.217,57.1
37666,2003-02-18 00:00:00,-0.1362813188258188,-0.342034880815655,0.0694722431640172,12.217,57.1
37667,2003-02-19 00:00:00,-0.0789507726400439,-0.2847596857493661,0.1268581404692782,12.217,57.1
37668,2003-02-20 00:00:00,-0.0540806136377326,-0.259913402984006,0.1517521757085407,12.217,57.1
37669,2003-02-21 00:00:00,0.0039195850778891,-0.2018146725949837,0.2096538427507621,12.217,57.1
37670,2003-02-22 00:00:00,-0.0239023928597676,-0.2295441142646504,0.1817393285451151,12.217,57.1
37671,2003-02-23 00:00:00,-0.0585734330797026,-0.2641898717433382,0.1470430055839329,12.217,57.1
37672,2003-02-24 00:00:00,-0.0116555467353285,-0.2172342623031213,0.1939231688324643,12.217,57.1
37673,2003-02-25 00:00:00,-0.034485624108511,-0.2400534207415077,0.1710821725244857,12.217,57.1
37674,2003-02-26 00:00:00,-0.0594313722805286,-0.2650175376399396,0.1461547930788823,12.217,57.1
37675,2003-02-27 00:00:00,0.005594084313233,-0.2000011594534488,0.2111893280799148,12.217,57.1
37676,2003-02-28 00:00:00,-0.0551170180534616,-0.2606324997768779,0.1503984636699546,12.217,57.1
37677,2003-03-01 00:00:00,-0.018369110366979,-0.2238421974771435,0.1871039767431853,12.217,57.1
37678,2003-03-02 00:00:00,0.059116817982264,-0.1464178710275261,0.2646515069920542,12.217,57.1
37679,2003-03-03 00:00:00,-0.0176395802583431,-0.2232349162584418,0.1879557557417556,12.217,57.1
37680,2003-03-04 00:00:00,-0.0218634246239585,-0.2273814484320134,0.1836545991840962,12.217,57.1
37681,2003-03-05 00:00:00,0.0146782420729023,-0.1908609775781291,0.2202174617239337,12.217,57.1
37682,2003-03-06 00:00:00,0.117463394140734,-0.0885285922803214,0.3234553805617894,12.217,57.1
37683,2003-03-07 00:00:00,0.1639658886535815,-0.0425632216259092,0.3704949989330724,12.217,57.1
37684,2003-03-08 00:00:00,0.1666755326564041,-0.0394968634447391,0.3728479287575473,12.217,57.1
37685,2003-03-09 00:00:00,0.1835738803179347,-0.0222554364325048,0.3894031970683743,12.217,57.1
37686,2003-03-10 00:00:00,0.1796993095698982,-0.0261992984762019,0.3855979176159984,12.217,57.1
37687,2003-03-11 00:00:00,0.342597109544451,0.1367545419069675,0.5484396771819345,12.217,57.1
37688,2003-03-12 00:00:00,0.2548490645555417,0.0489999229024184,0.4606982062086648,12.217,57.1
37689,2003-03-13 00:00:00,-0.0103727555849358,-0.2174111730322227,0.1966656618623509,12.217,57.1
37690,2003-03-14 00:00:00,-0.1563498172717759,-0.3621824829990046,0.0494828484554526,12.217,57.1
37691,2003-03-15 00:00:00,-0.1286509183406695,-0.33427683306952,0.076974996388181,12.217,57.1
37692,2003-03-16 00:00:00,-0.1379305842314342,-0.3436125324077532,0.0677513639448848,12.217,57.1
37693,2003-03-17 00:00:00,-0.051210847757259,-0.2569489779519333,0.1545272824374152,12.217,57.1
37694,2003-03-18 00:00:00,-0.0757893004000234,-0.2815653117674463,0.1299867109673995,12.217,57.1
37695,2003-03-19 00:00:00,-0.0300802582375519,-0.2356540265180427,0.1754935100429389,12.217,57.1
37696,2003-03-20 00:00:00,-0.0239250873038041,-0.2295417514817194,0.1816915768741111,12.217,57.1
37697,2003-03-21 00:00:00,-0.0083085728247928,-0.214226087670059,0.1976089420204734,12.217,57.1
37698,2003-03-22 00:00:00,0.0246250747317767,-0.1812541153804323,0.2305042648439859,12.217,57.1
37699,2003-03-23 00:00:00,0.0660034276043091,-0.1396631186436844,0.2716699738523027,12.217,57.1
37700,2003-03-24 00:00:00,0.0189844674741997,-0.1866345893475655,0.2246035242959649,12.217,57.1
37701,2003-03-25 00:00:00,0.0149923975025448,-0.1904861444994691,0.2204709395045587,12.217,57.1
37702,2003-03-26 00:00:00,-0.0106535125216215,-0.2161453387957052,0.1948383137524621,12.217,57.1
37703,2003-03-27 00:00:00,0.0218959355927815,-0.1836158601841961,0.2274077313697592,12.217,57.1
37704,2003-03-28 00:00:00,-0.0027418716172551,-0.2082609889452658,0.2027772457107555,12.217,57.1
37705,2003-03-29 00:00:00,0.0326077516399305,-0.1729864873588127,0.2382019906386738,12.217,57.1
37706,2003-03-30 00:00:00,0.1442775643319705,-0.0613645904991085,0.3499197191630496,12.217,57.1
37707,2003-03-31 00:00:00,0.2506575061137341,0.0434645309951417,0.4578504812323264,12.217,57.1
37708,2003-04-01 00:00:00,0.0367959798116328,-0.1703775592591089,0.2439695188823746,12.217,57.1
37709,2003-04-02 00:00:00,0.2012107597320844,-0.0069934576605075,0.4094149771246764,12.217,57.1
37710,2003-04-03 00:00:00,0.1770723432140857,-0.0300625137662975,0.3842072001944691,12.217,57.1
37711,2003-04-04 00:00:00,0.1042212953431174,-0.1032561575772321,0.311698748263467,12.217,57.1
37712,2003-04-05 00:00:00,0.1273913427004211,-0.0802297994568259,0.3350124848576682,12.217,57.1
37713,2003-04-06 00:00:00,0.3326548800342083,0.1127055464997993,0.5526042135686173,12.217,57.1
37714,2003-04-07 00:00:00,0.0078958666841031,-0.2013415757938506,0.2171333091620569,12.217,57.1
37715,2003-04-08 00:00:00,-0.1218065697643324,-0.32809631391766,0.0844831743889952,12.217,57.1
37716,2003-04-09 00:00:00,-0.0717245072906219,-0.2773157271517152,0.1338667125704714,12.217,57.1
37717,2003-04-10 00:00:00,0.0246623011501788,-0.1828029515225311,0.2321275538228887,12.217,57.1
37718,2003-04-11 00:00:00,0.2063261563178314,-0.0034111239348743,0.4160634365705371,12.217,57.1
37719,2003-04-12 00:00:00,0.0612279889905244,-0.1466537246121896,0.2691097025932384,12.217,57.1
37720,2003-04-13 00:00:00,-0.0094320876402167,-0.2152668968053271,0.1964027215248936,12.217,57.1
37721,2003-04-14 00:00:00,-0.05978224389832,-0.2652377606630053,0.1456732728663653,12.217,57.1
37722,2003-04-15 00:00:00,-0.0435417271633527,-0.2491339607240583,0.1620505063973527,12.217,57.1
37723,2003-04-16 00:00:00,-0.0239174260195863,-0.2295210575415263,0.1816862055023536,12.217,57.1
37724,2003-04-17 00:00:00,-0.0966138043398013,-0.3022292219160366,0.1090016132364339,12.217,57.1
37725,2003-04-18 00:00:00,-0.1337523672809021,-0.3394482002958625,0.0719434657340581,12.217,57.1
37726,2003-04-19 00:00:00,-0.1177284821613926,-0.3235087990390829,0.0880518347162976,12.217,57.1
37727,2003-04-20 00:00:00,-0.1378493966706452,-0.3438298437335443,0.0681310503922538,12.217,57.1
37728,2003-04-21 00:00:00,-0.0180320211246636,-0.223819885432632,0.1877558431833047,12.217,57.1
37729,2003-04-22 00:00:00,-0.050327089190576,-0.2560570577538387,0.1554028793726866,12.217,57.1
37730,2003-04-23 00:00:00,-0.0155074543180195,-0.2210944816728828,0.1900795730368438,12.217,57.1
37731,2003-04-24 00:00:00,0.0201379571151923,-0.1854510452760276,0.2257269595064123,12.217,57.1
37732,2003-04-25 00:00:00,-0.0287352028093189,-0.2344890116567779,0.17701860603814,12.217,57.1
37733,2003-04-26 00:00:00,0.0021576916372971,-0.203465639084985,0.2077810223595793,12.217,57.1
37734,2003-04-27 00:00:00,0.2152912334742356,0.0089415231126151,0.4216409438358561,12.217,57.1
37735,2003-04-28 00:00:00,0.1767574530242258,-0.0308013910168016,0.3843162970652534,12.217,57.1
37736,2003-04-29 00:00:00,0.174951155200424,-0.0311146606829813,0.3810169710838295,12.217,57.1
37737,2003-04-30 00:00:00,0.2673067452330215,0.0606911773668291,0.4739223130992139,12.217,57.1
37738,2003-05-01 00:00:00,0.1092957721082842,-0.0973682370395583,0.3159597812561269,12.217,57.1
37739,2003-05-02 00:00:00,0.2573410084247196,0.0505698732948741,0.4641121435545651,12.217,57.1
37740,2003-05-03 00:00:00,0.0977497664929006,-0.1082545946146108,0.3037541276004121,12.217,57.1
37741,2003-05-04 00:00:00,0.226074140867405,0.0189740491240948,0.4331742326107152,12.217,57.1
37742,2003-05-05 00:00:00,0.1343437984784069,-0.0718779524642249,0.3405655494210389,12.217,57.1
37743,2003-05-06 00:00:00,0.0381822173313608,-0.1682220684285711,0.2445865030912928,12.217,57.1
37744,2003-05-07 00:00:00,0.2055428038073214,-0.0005348448304408,0.4116204524450837,12.217,57.1
37745,2003-05-08 00:00:00,0.0804377898250356,-0.1254007612336207,0.2862763408836921,12.217,57.1
37746,2003-05-09 00:00:00,0.1952467395621739,-0.0109671959495605,0.4014606750739084,12.217,57.1
37747,2003-05-10 00:00:00,0.081046259699195,-0.1261390459550049,0.288231565353395,12.217,57.1
37748,2003-05-11 00:00:00,0.0181072850629875,-0.1877012551991355,0.2239158253251106,12.217,57.1
37749,2003-05-12 00:00:00,0.032807597604395,-0.1728195210681388,0.2384347162769288,12.217,57.1
37750,2003-05-13 00:00:00,0.0674671341047969,-0.1385143722769364,0.2734486404865303,12.217,57.1
37751,2003-05-14 00:00:00,0.1958637082830936,-0.0102766431919517,0.402004059758139,12.217,57.1
37752,2003-05-15 00:00:00,0.1378687364308816,-0.0683884700124109,0.3441259428741742,12.217,57.1
37753,2003-05-16 00:00:00,0.0924191348188814,-0.1135833222211115,0.2984215918588744,12.217,57.1
37754,2003-05-17 00:00:00,0.0847758626155351,-0.1208041505823282,0.2903558758133986,12.217,57.1
37755,2003-05-18 00:00:00,0.1109320698638058,-0.0946104979146963,0.3164746376423081,12.217,57.1
37756,2003-05-19 00:00:00,0.1273082490907728,-0.0783575760247559,0.3329740742063016,12.217,57.1
37757,2003-05-20 00:00:00,0.1024897474611218,-0.1030774880369645,0.3080569829592082,12.217,57.1
37758,2003-05-21 00:00:00,0.1350486728044772,-0.0705942974159358,0.3406916430248902,12.217,57.1
37759,2003-05-22 00:00:00,0.1115618097147568,-0.0940966652212967,0.3172202846508104,12.217,57.1
37760,2003-05-23 00:00:00,0.0923879502039371,-0.1131891800902786,0.2979650804981529,12.217,57.1
37761,2003-05-24 00:00:00,0.1983951588149571,-0.0075759997643289,0.4043663173942432,12.217,57.1
37762,2003-05-25 00:00:00,0.0937037642645167,-0.1120124600748651,0.2994199886038986,12.217,57.1
37763,2003-05-26 00:00:00,0.0430122541206791,-0.1626042858008403,0.2486287940421986,12.217,57.1
37764,2003-05-27 00:00:00,0.025589446668894,-0.1806405678008658,0.231819461138654,12.217,57.1
37765,2003-05-28 00:00:00,-0.0367485627730941,-0.2425563306998931,0.1690592051537048,12.217,57.1
37766,2003-05-29 00:00:00,-0.0253675567638576,-0.2308297764798914,0.180094662952176,12.217,57.1
37767,2003-05-30 00:00:00,0.0468871405374403,-0.1586769310886546,0.2524512121635354,12.217,57.1
37768,2003-05-31 00:00:00,0.0402009618427502,-0.1656069086686133,0.2460088323541139,12.217,57.1
37769,2003-06-01 00:00:00,0.0222017492588668,-0.1833474701766905,0.2277509686944243,12.217,57.1
37770,2003-06-02 00:00:00,0.0565065910471365,-0.1491756729718359,0.262188855066109,12.217,57.1
37771,2003-06-03 00:00:00,0.0592459031559112,-0.1463196757712897,0.2648114820831122,12.217,57.1
37772,2003-06-04 00:00:00,0.0524932988343901,-0.1532280702981635,0.2582146679669439,12.217,57.1
37773,2003-06-05 00:00:00,0.081750067414376,-0.1239716147377245,0.2874717495664767,12.217,57.1
37774,2003-06-06 00:00:00,0.094111903688307,-0.1119151637899238,0.3001389711665379,12.217,57.1
37775,2003-06-07 00:00:00,0.1143183935773252,-0.0915090183011907,0.3201458054558413,12.217,57.1
37776,2003-06-08 00:00:00,0.069328633598097,-0.1363915895457819,0.2750488567419761,12.217,57.1
37777,2003-06-09 00:00:00,0.1024949702294606,-0.1035046289690369,0.3084945694279583,12.217,57.1
37778,2003-06-10 00:00:00,0.2643194417622894,0.0571942892872122,0.4714445942373667,12.217,57.1
37779,2003-06-11 00:00:00,0.1260058533885592,-0.0798565528969313,0.3318682596740497,12.217,57.1
37780,2003-06-12 00:00:00,0.155372442528518,-0.0503403194400496,0.3610852044970856,12.217,57.1
37781,2003-06-13 00:00:00,0.1705219068760328,-0.0352792273812626,0.3763230411333283,12.217,57.1
37782,2003-06-14 00:00:00,0.109692538946878,-0.0962813017281607,0.3156663796219168,12.217,57.1
37783,2003-06-15 00:00:00,0.0378798160563862,-0.1677651059166815,0.2435247380294541,12.217,57.1
37784,2003-06-16 00:00:00,0.0564214352111854,-0.1491410430055039,0.2619839134278748,12.217,57.1
37785,2003-06-17 00:00:00,0.058041785549757,-0.1475515936930782,0.2636351647925924,12.217,57.1
37786,2003-06-18 00:00:00,0.0619546507212432,-0.1436224889444423,0.2675317903869288,12.217,57.1
37787,2003-06-19 00:00:00,0.0933920398587385,-0.1122251906383181,0.2990092703557951,12.217,57.1
37788,2003-06-20 00:00:00,0.3643766321330046,0.1578379968089383,0.570915267457071,12.217,57.1
37789,2003-06-21 00:00:00,0.3417224649078508,0.1353177613104396,0.548127168505262,12.217,57.1
37790,2003-06-22 00:00:00,0.1955632808313598,-0.0106983475734001,0.4018249092361197,12.217,57.1
37791,2003-06-23 00:00:00,0.1260310327813702,-0.0795310651809032,0.3315931307436437,12.217,57.1
37792,2003-06-24 00:00:00,0.2366646043990669,0.0297383706902104,0.4435908381079234,12.217,57.1
37793,2003-06-25 00:00:00,0.268491395117247,0.0610412570568711,0.4759415331776229,12.217,57.1
37794,2003-06-26 00:00:00,0.0111139825241311,-0.1951417336757268,0.217369698723989,12.217,57.1
37795,2003-06-27 00:00:00,-0.0205847559769435,-0.226055312261162,0.184885800307275,12.217,57.1
37796,2003-06-28 00:00:00,-0.0111977347127991,-0.2167762696179866,0.1943808001923882,12.217,57.1
37797,2003-06-29 00:00:00,0.0274679446675683,-0.1780570752842942,0.2329929646194309,12.217,57.1
37798,2003-06-30 00:00:00,0.0476542779894877,-0.1580464095709799,0.2533549655499555,12.217,57.1
37799,2003-07-01 00:00:00,0.0291940566967399,-0.1763592956735522,0.234747409067032,12.217,57.1
37800,2003-07-02 00:00:00,0.2110985218209773,0.0050279661785984,0.4171690774633563,12.217,57.1
37801,2003-07-03 00:00:00,0.0207390019370973,-0.1853419999447368,0.2268200038189315,12.217,57.1
37802,2003-07-04 00:00:00,0.1566422101436179,-0.0513270745670337,0.3646114948542696,12.217,57.1
37803,2003-07-05 00:00:00,0.0533479455101348,-0.1535825912483334,0.2602784822686032,12.217,57.1
37804,2003-07-06 00:00:00,0.0500404935060795,-0.155611396800025,0.255692383812184,12.217,57.1
37805,2003-07-07 00:00:00,0.0625485727873535,-0.143111006012613,0.2682081515873201,12.217,57.1
37806,2003-07-08 00:00:00,0.085382871868775,-0.1202706593905899,0.29103640312814,12.217,57.1
37807,2003-07-09 00:00:00,0.1034583468757856,-0.1021206418877752,0.3090373356393464,12.217,57.1
37808,2003-07-10 00:00:00,0.0478999004503474,-0.1576711629520689,0.2534709638527637,12.217,57.1
37809,2003-07-11 00:00:00,0.050506473527209,-0.1551853141606567,0.2561982612150749,12.217,57.1
37810,2003-07-12 00:00:00,0.1441749023687469,-0.0615523992855231,0.3499022040230171,12.217,57.1
37811,2003-07-13 00:00:00,0.1260819651265329,-0.0799454037636816,0.3321093340167474,12.217,57.1
37812,2003-07-14 00:00:00,-0.00834045500879,-0.2139551983101895,0.1972742882926094,12.217,57.1
37813,2003-07-15 00:00:00,-0.0146727012692506,-0.22012258621118,0.1907771836726788,12.217,57.1
37814,2003-07-16 00:00:00,-0.0018781543337556,-0.2073509178119974,0.203594609144486,12.217,57.1
37815,2003-07-17 00:00:00,-0.0120500341312384,-0.2175621022085817,0.1934620339461049,12.217,57.1
37816,2003-07-18 00:00:00,0.0246600577867621,-0.1809640868331647,0.230284202406689,12.217,57.1
37817,2003-07-19 00:00:00,0.0490393490838445,-0.1564430252238936,0.2545217233915827,12.217,57.1
37818,2003-07-20 00:00:00,0.0436254633444247,-0.1618671464922543,0.2491180731811038,12.217,57.1
37819,2003-07-21 00:00:00,0.0810516852600255,-0.1244357197914015,0.2865390903114527,12.217,57.1
37820,2003-07-22 00:00:00,0.0637036533318987,-0.1419239741243043,0.2693312807881018,12.217,57.1
37821,2003-07-23 00:00:00,0.0631832830615122,-0.1424000640214032,0.2687666301444276,12.217,57.1
37822,2003-07-24 00:00:00,0.0887358521680085,-0.1167380586604036,0.2942097629964207,12.217,57.1
37823,2003-07-25 00:00:00,0.0979734267481077,-0.1074712519902229,0.3034181054864384,12.217,57.1
37824,2003-07-26 00:00:00,0.0720870868193924,-0.133450598255947,0.2776247718947319,12.217,57.1
37825,2003-07-27 00:00:00,0.1290342322381421,-0.0766385870597652,0.3347070515360495,12.217,57.1
37826,2003-07-28 00:00:00,0.1193365690260871,-0.0865230926935576,0.325196230745732,12.217,57.1
37827,2003-07-29 00:00:00,0.0357600142728634,-0.1699470893594097,0.2414671179051365,12.217,57.1
37828,2003-07-30 00:00:00,-0.0007683248781592,-0.2063027211082576,0.204766071351939,12.217,57.1
37829,2003-07-31 00:00:00,0.0367932784638109,-0.1686945819567182,0.2422811388843402,12.217,57.1
37830,2003-08-01 00:00:00,0.0377995230446709,-0.1676845354286308,0.2432835815179727,12.217,57.1
37831,2003-08-02 00:00:00,0.0395260750131351,-0.1661359724318438,0.245188122458114,12.217,57.1
37832,2003-08-03 00:00:00,0.044283320798432,-0.1612190511373512,0.2497856927342154,12.217,57.1
37833,2003-08-04 00:00:00,0.015874594553349,-0.1896206870496957,0.2213698761563938,12.217,57.1
37834,2003-08-05 00:00:00,-0.0274733952135685,-0.2330458558374932,0.1780990654103561,12.217,57.1
37835,2003-08-06 00:00:00,-0.0597614746424367,-0.2652991806682145,0.1457762313833411,12.217,57.1
37836,2003-08-07 00:00:00,0.0039898764229466,-0.2014712638286732,0.2094510166745665,12.217,57.1
37837,2003-08-08 00:00:00,-0.0104409458083696,-0.2158781292791164,0.194996237662377,12.217,57.1
37838,2003-08-09 00:00:00,-0.0092441445363156,-0.2146949357175084,0.1962066466448771,12.217,57.1
37839,2003-08-10 00:00:00,0.0248813860481557,-0.1807117931160774,0.2304745652123888,12.217,57.1
37840,2003-08-11 00:00:00,0.0108513532327758,-0.1946618021645786,0.2163645086301303,12.217,57.1
37841,2003-08-12 00:00:00,0.0482445115514742,-0.1574305535313015,0.2539195766342501,12.217,57.1
37842,2003-08-13 00:00:00,0.0452633682458189,-0.1603271623309894,0.2508538988226272,12.217,57.1
37843,2003-08-14 00:00:00,0.2357701508599205,0.0296699907399725,0.4418703109798685,12.217,57.1
37844,2003-08-15 00:00:00,0.4050398114491598,0.1977277087954698,0.6123519141028497,12.217,57.1
37845,2003-08-16 00:00:00,0.2479602548202412,0.0414963954972743,0.4544241141432082,12.217,57.1
37846,2003-08-17 00:00:00,0.0789316621637351,-0.1267669832643351,0.2846303075918054,12.217,57.1
37847,2003-08-18 00:00:00,0.0501832195774001,-0.1552423669640144,0.2556088061188146,12.217,57.1
37848,2003-08-19 00:00:00,0.0661259682251093,-0.1393517882221604,0.2716037246723791,12.217,57.1
37849,2003-08-20 00:00:00,0.1378417697399372,-0.0678462982500008,0.3435298377298752,12.217,57.1
37850,2003-08-21 00:00:00,0.1994660719444474,-0.0061246854552258,0.4050568293441207,12.217,57.1
37851,2003-08-22 00:00:00,0.1840589061363356,-0.0214779704408418,0.3895957827135131,12.217,57.1
37852,2003-08-23 00:00:00,0.3564802109505228,0.1504093735360627,0.5625510483649829,12.217,57.1
37853,2003-08-24 00:00:00,0.1940633207897766,-0.0124881091473211,0.4006147507268744,12.217,57.1
37854,2003-08-25 00:00:00,0.0541080549867354,-0.1517714731189756,0.2599875830924464,12.217,57.1
37855,2003-08-26 00:00:00,0.0184994412054457,-0.1871058850077677,0.2241047674186592,12.217,57.1
37856,2003-08-27 00:00:00,0.0968477103550089,-0.1095375012512483,0.3032329219612662,12.217,57.1
37857,2003-08-28 00:00:00,0.2161585890134948,0.0091537186862645,0.423163459340725,12.217,57.1
37858,2003-08-29 00:00:00,0.0908813296885381,-0.1149074281120236,0.2966700874891,12.217,57.1
37859,2003-08-30 00:00:00,0.0411942012561492,-0.1644221845359483,0.2468105870482467,12.217,57.1
37860,2003-08-31 00:00:00,0.0282164713054324,-0.1775425434835651,0.23397548609443,12.217,57.1
37861,2003-09-01 00:00:00,0.029136692469393,-0.1763840931166004,0.2346574780553864,12.217,57.1
37862,2003-09-02 00:00:00,-0.0066531484239731,-0.2124646301384236,0.1991583332904773,12.217,57.1
37863,2003-09-03 00:00:00,-0.0293857406416819,-0.2352256360715623,0.1764541547881985,12.217,57.1
37864,2003-09-04 00:00:00,0.0243353391767858,-0.1812798167236905,0.2299504950772623,12.217,57.1
37865,2003-09-05 00:00:00,-0.0120136336465768,-0.217567434403913,0.1935401671107592,12.217,57.1
37866,2003-09-06 00:00:00,0.0382135379544604,-0.1672605570559654,0.2436876329648863,12.217,57.1
37867,2003-09-07 00:00:00,0.093068812371796,-0.1124796844142415,0.2986173091578335,12.217,57.1
37868,2003-09-08 00:00:00,0.0309290872839025,-0.1749342030841476,0.2367923776519527,12.217,57.1
37869,2003-09-09 00:00:00,0.059914587217685,-0.1460587393544317,0.2658879137898017,12.217,57.1
37870,2003-09-10 00:00:00,0.1750151678586195,-0.0315446211212316,0.3815749568384707,12.217,57.1
37871,2003-09-11 00:00:00,0.0114824514778094,-0.1944729660544154,0.2174378690100343,12.217,57.1
37872,2003-09-12 00:00:00,-0.0461933067535105,-0.2519891818992521,0.1596025683922311,12.217,57.1
37873,2003-09-13 00:00:00,-0.0544933926243607,-0.2601688029695601,0.1511820177208386,12.217,57.1
37874,2003-09-14 00:00:00,-0.0524045923718474,-0.2580712739382357,0.1532620891945408,12.217,57.1
37875,2003-09-15 00:00:00,0.0797073648334255,-0.1259315481150486,0.2853462777818996,12.217,57.1
37876,2003-09-16 00:00:00,0.1337362271306222,-0.0724154546221437,0.3398879088833881,12.217,57.1
37877,2003-09-17 00:00:00,0.0417095962100079,-0.163892099531754,0.2473112919517699,12.217,57.1
37878,2003-09-18 00:00:00,0.1107346344954866,-0.0948391695217514,0.3163084385127246,12.217,57.1
37879,2003-09-19 00:00:00,0.1860535161342189,-0.0204881844453219,0.3925952167137598,12.217,57.1
37880,2003-09-20 00:00:00,0.1507256582859785,-0.0557761113387836,0.3572274279107407,12.217,57.1
37881,2003-09-21 00:00:00,0.0659733188086204,-0.1401249509822796,0.2720715885995204,12.217,57.1
37882,2003-09-22 00:00:00,0.2567146604747411,0.0504128404253363,0.4630164805241459,12.217,57.1
37883,2003-09-23 00:00:00,0.2558329328083339,0.0456551115912938,0.4660107540253741,12.217,57.1
37884,2003-09-24 00:00:00,0.2317853431264404,0.0213633504155524,0.4422073358373284,12.217,57.1
37885,2003-09-25 00:00:00,0.0917712163136133,-0.1143247112660519,0.2978671438932786,12.217,57.1
37886,2003-09-26 00:00:00,0.1433781320682666,-0.0628228739820044,0.3495791381185377,12.217,57.1
37887,2003-09-27 00:00:00,0.119964882214796,-0.0863142554068617,0.3262440198364538,12.217,57.1
37888,2003-09-28 00:00:00,0.1524709537221501,-0.0542410662375824,0.3591829736818827,12.217,57.1
37889,2003-09-29 00:00:00,0.0595205609629907,-0.1461462948753264,0.2651874168013078,12.217,57.1
37890,2003-09-30 00:00:00,0.0078049801977143,-0.197806387732185,0.2134163481276136,12.217,57.1
37891,2003-10-01 00:00:00,0.0543852406655888,-0.151405802513156,0.2601762838443336,12.217,57.1
37892,2003-10-02 00:00:00,0.109107883299537,-0.0965793671925854,0.3147951337916596,12.217,57.1
37893,2003-10-03 00:00:00,0.0765520512942433,-0.129166313129967,0.2822704157184537,12.217,57.1
37894,2003-10-04 00:00:00,0.175951052665824,-0.0299091664713181,0.3818112718029661,12.217,57.1
37895,2003-10-05 00:00:00,0.1843411716920639,-0.0214612620211224,0.3901436054052504,12.217,57.1
37896,2003-10-06 00:00:00,0.1266201572992617,-0.0789052679642882,0.3321455825628117,12.217,57.1
37897,2003-10-07 00:00:00,0.354465435796097,0.1483346221237153,0.5605962494684786,12.217,57.1
37898,2003-10-08 00:00:00,0.122114689138366,-0.0841478561064924,0.3283772343832244,12.217,57.1
37899,2003-10-09 00:00:00,0.185268535226857,-0.0211481617617693,0.3916852322154834,12.217,57.1
37900,2003-10-10 00:00:00,0.1874781968158292,-0.0187522145506988,0.3937086081823572,12.217,57.1
37901,2003-10-11 00:00:00,0.4686114071403098,0.2620573258160712,0.6751654884645484,12.217,57.1
37902,2003-10-12 00:00:00,0.1648366618267293,-0.0417417205415617,0.3714150441950203,12.217,57.1
37903,2003-10-13 00:00:00,-0.0685821565208091,-0.2744581966643458,0.1372938836227274,12.217,57.1
37904,2003-10-14 00:00:00,-0.0964136767887768,-0.3020709975844861,0.1092436440069324,12.217,57.1
37905,2003-10-15 00:00:00,-0.1443664656728708,-0.3499505600793574,0.0612176287336158,12.217,57.1
37906,2003-10-16 00:00:00,-0.1353318216483978,-0.3408458147216933,0.0701821714248975,12.217,57.1
37907,2003-10-17 00:00:00,-0.0902773089447949,-0.2957841238094564,0.1152295059198664,12.217,57.1
37908,2003-10-18 00:00:00,-0.0062151737794531,-0.2117312818719918,0.1993009343130854,12.217,57.1
37909,2003-10-19 00:00:00,-0.0011017700505071,-0.2067616452743075,0.2045581051732932,12.217,57.1
37910,2003-10-20 00:00:00,0.0022602283782606,-0.203554737797495,0.2080751945540163,12.217,57.1
37911,2003-10-21 00:00:00,0.0241478118210605,-0.1815464323304765,0.2298420559725976,12.217,57.1
37912,2003-10-22 00:00:00,-0.1309297432927625,-0.3375055018831074,0.0756460152975823,12.217,57.1
37913,2003-10-23 00:00:00,-0.0726168353297016,-0.2787541060276043,0.1335204353682011,12.217,57.1
37914,2003-10-24 00:00:00,-0.0204415038082704,-0.2261051102359642,0.1852221026194233,12.217,57.1
37915,2003-10-25 00:00:00,0.1299258533542354,-0.0758090769419906,0.3356607836504615,12.217,57.1
37916,2003-10-26 00:00:00,0.0847862845565324,-0.121368361735038,0.290940930848103,12.217,57.1
37917,2003-10-27 00:00:00,-0.0123515366362017,-0.217971651536892,0.1932685782644886,12.217,57.1
37918,2003-10-28 00:00:00,0.311730018800768,0.1058268172025782,0.5176332203989579,12.217,57.1
37919,2003-10-29 00:00:00,0.2698777721669387,0.0638730605425849,0.4758824837912926,12.217,57.1
37920,2003-10-30 00:00:00,0.2667577468918662,0.0608530937668684,0.4726624000168641,12.217,57.1
37921,2003-10-31 00:00:00,0.187439450532111,-0.0183440894494886,0.3932229905137107,12.217,57.1
37922,2003-11-01 00:00:00,0.1579417470955273,-0.0479912178722929,0.3638747120633476,12.217,57.1
37923,2003-11-02 00:00:00,0.2685065043073895,0.062023781592023,0.474989227022756,12.217,57.1
37924,2003-11-03 00:00:00,0.2975068601727145,0.0901744050479982,0.5048393152974309,12.217,57.1
37925,2003-11-04 00:00:00,0.2270672436731134,0.0202322607719224,0.4339022265743043,12.217,57.1
37926,2003-11-05 00:00:00,0.076759595149867,-0.1292629634558516,0.2827821537555858,12.217,57.1
37927,2003-11-06 00:00:00,0.0366289383627734,-0.1691412287935239,0.2423991055190708,12.217,57.1
37928,2003-11-07 00:00:00,-0.0379444203302814,-0.2436611892208108,0.1677723485602479,12.217,57.1
37929,2003-11-08 00:00:00,-0.1938078756194221,-0.3996258882653547,0.0120101370265104,12.217,57.1
37930,2003-11-09 00:00:00,-0.1398336406423013,-0.3456964183546055,0.0660291370700027,12.217,57.1
37931,2003-11-10 00:00:00,0.0291913009561934,-0.1767489264627652,0.2351315283751521,12.217,57.1
37932,2003-11-11 00:00:00,-0.0511397643289857,-0.2567283775199464,0.154448848861975,12.217,57.1
37933,2003-11-12 00:00:00,0.0208681350975908,-0.1847884924276112,0.2265247626227929,12.217,57.1
37934,2003-11-13 00:00:00,0.0682302959606241,-0.1374693179780823,0.2739299098993306,12.217,57.1
37935,2003-11-14 00:00:00,0.0363479805712714,-0.1692220820026215,0.2419180431451643,12.217,57.1
37936,2003-11-15 00:00:00,0.1572608148216432,-0.0484194274838506,0.3629410571271371,12.217,57.1
37937,2003-11-16 00:00:00,0.2295773360643513,0.0236002713478161,0.4355544007808864,12.217,57.1
37938,2003-11-17 00:00:00,0.1027765018399252,-0.1031847086660792,0.3087377123459297,12.217,57.1
37939,2003-11-18 00:00:00,0.1174062802358588,-0.0882509664076499,0.3230635268793675,12.217,57.1
37940,2003-11-19 00:00:00,0.2930609379787705,0.0867929124368356,0.4993289635207054,12.217,57.1
37941,2003-11-20 00:00:00,0.2893174294511721,0.0823602975821632,0.496274561320181,12.217,57.1
37942,2003-11-21 00:00:00,0.1608156275110468,-0.0450953799690651,0.3667266349911587,12.217,57.1
37943,2003-11-22 00:00:00,0.0825566528667016,-0.1233168474116664,0.2884301531450697,12.217,57.1
37944,2003-11-23 00:00:00,0.074984371098869,-0.1309297028105655,0.2808984450083036,12.217,57.1
37945,2003-11-24 00:00:00,0.0579193375060208,-0.1487147928108315,0.2645534678228731,12.217,57.1
37946,2003-11-25 00:00:00,0.0704634141353229,-0.1354522798740233,0.2763791081446691,12.217,57.1
37947,2003-11-26 00:00:00,0.1342792279713613,-0.0715463987007852,0.340104854643508,12.217,57.1
37948,2003-11-27 00:00:00,0.2294605798517748,0.0233217988437314,0.4355993608598181,12.217,57.1
37949,2003-11-28 00:00:00,0.0487895786506227,-0.1575027499414462,0.2550819072426916,12.217,57.1
37950,2003-11-29 00:00:00,0.0772113718620002,-0.1283827834039694,0.2828055271279699,12.217,57.1
37951,2003-11-30 00:00:00,0.1274990750314331,-0.078295642423203,0.3332937924860694,12.217,57.1
37952,2003-12-01 00:00:00,0.1938753961292115,-0.0123649967499108,0.4001157890083339,12.217,57.1
37953,2003-12-02 00:00:00,0.0499013082741579,-0.1559868717458409,0.2557894882941568,12.217,57.1
37954,2003-12-03 00:00:00,-0.0540476927993688,-0.2595387673211425,0.1514433817224049,12.217,57.1
37955,2003-12-04 00:00:00,-0.0510039256701416,-0.2565201212742679,0.1545122699339846,12.217,57.1
37956,2003-12-05 00:00:00,0.0851535185238057,-0.1209317446364338,0.2912387816840454,12.217,57.1
37957,2003-12-06 00:00:00,0.2173198479121753,0.0030257512291631,0.4316139445951875,12.217,57.1
37958,2003-12-07 00:00:00,-0.1314842924921219,-0.3577367633540531,0.0947681783698093,12.217,57.1
37959,2003-12-08 00:00:00,0.0751669521928909,-0.1320627517201712,0.2823966561059531,12.217,57.1
37960,2003-12-09 00:00:00,0.0903321763491408,-0.1154024870197303,0.296066839718012,12.217,57.1
37961,2003-12-10 00:00:00,0.0871036990373191,-0.1184701013835608,0.2926774994581991,12.217,57.1
37962,2003-12-11 00:00:00,0.1387495805007448,-0.0671775448516896,0.3446767058531794,12.217,57.1
37963,2003-12-12 00:00:00,0.2262359311932026,0.0196733981214724,0.4327984642649329,12.217,57.1
37964,2003-12-13 00:00:00,0.1009363100183645,-0.1057884274231056,0.3076610474598348,12.217,57.1
37965,2003-12-14 00:00:00,0.3880257600583079,0.1807275888535367,0.595323931263079,12.217,57.1
37966,2003-12-15 00:00:00,0.399839947394655,0.1917107009675721,0.607969193821738,12.217,57.1
37967,2003-12-16 00:00:00,0.1271996479211457,-0.0861138314257204,0.3405131272680118,12.217,57.1
37968,2003-12-17 00:00:00,-0.0789953707193086,-0.2891383238623411,0.1311475824237238,12.217,57.1
37969,2003-12-18 00:00:00,0.2581796522718314,0.0524378832289509,0.4639214213147119,12.217,57.1
37970,2003-12-19 00:00:00,0.3017872730709531,0.0958236136559484,0.5077509324859577,12.217,57.1
37971,2003-12-20 00:00:00,0.2134727693978816,0.0075600496313835,0.4193854891643797,12.217,57.1
37972,2003-12-21 00:00:00,0.1457159183359603,-0.0614247831118332,0.3528566197837538,12.217,57.1
37973,2003-12-22 00:00:00,0.2144881607608735,-0.0019049825830411,0.4308813041047882,12.217,57.1
37974,2003-12-23 00:00:00,-0.0372574950300925,-0.2524355318949126,0.1779205418347274,12.217,57.1
37975,2003-12-24 00:00:00,0.0434228366114202,-0.1625922569261648,0.2494379301490052,12.217,57.1
37976,2003-12-25 00:00:00,0.3396743740237122,0.1328156627647934,0.5465330852826311,12.217,57.1
37977,2003-12-26 00:00:00,0.4133934416904867,0.2067173511995824,0.620069532181391,12.217,57.1
37978,2003-12-27 00:00:00,0.2797708846943895,0.0733896262551535,0.4861521431336254,12.217,57.1
37979,2003-12-28 00:00:00,0.7333378126748442,0.5182901099815781,0.9483855153681104,12.217,57.1
37980,2003-12-29 00:00:00,0.235154287110545,0.0190634739364471,0.451245100284643,12.217,57.1
37981,2003-12-30 00:00:00,0.1041038788863368,-0.1051439851693513,0.3133517429420251,12.217,57.1
37982,2003-12-31 00:00:00,-0.0560700994923264,-0.2618083781780462,0.1496681791933933,12.217,57.1
37983,2004-01-01 00:00:00,-0.0808707757703451,-0.2864426097513899,0.1247010582106997,12.217,57.1
37984,2004-01-02 00:00:00,-0.0220452076995748,-0.2278871477782956,0.183796732379146,12.217,57.1
37985,2004-01-03 00:00:00,-0.0903139828379574,-0.2964088672570949,0.1157809015811799,12.217,57.1
37986,2004-01-04 00:00:00,0.0948006306222468,-0.1110893577114089,0.3006906189559026,12.217,57.1
37987,2004-01-05 00:00:00,0.1182807978890098,-0.0875648445557825,0.3241264403338022,12.217,57.1
37988,2004-01-06 00:00:00,0.0664437387112881,-0.1392400151903439,0.2721274926129203,12.217,57.1
37989,2004-01-07 00:00:00,0.2730435544151287,0.0656838268082374,0.48040328202202,12.217,57.1
37990,2004-01-08 00:00:00,0.0930705083079405,-0.1138289277756609,0.2999699443915421,12.217,57.1
37991,2004-01-09 00:00:00,0.1725115529448259,-0.0334806247145557,0.3785037306042076,12.217,57.1
37992,2004-01-10 00:00:00,0.1676011347431934,-0.0384869311531378,0.3736892006395247,12.217,57.1
37993,2004-01-11 00:00:00,0.1053934293229274,-0.1004225178627422,0.3112093765085972,12.217,57.1
37994,2004-01-12 00:00:00,0.4426399216587173,0.2344359244187261,0.6508439188987085,12.217,57.1
37995,2004-01-13 00:00:00,0.3490422189624759,0.1418183678962175,0.5562660700287342,12.217,57.1
37996,2004-01-14 00:00:00,0.3243592632191939,0.1173448856731568,0.531373640765231,12.217,57.1
37997,2004-01-15 00:00:00,0.0800916342818137,-0.1264088367969036,0.286592105360531,12.217,57.1
37998,2004-01-16 00:00:00,0.1189671919824697,-0.0867744629797449,0.3247088469446844,12.217,57.1
37999,2004-01-17 00:00:00,0.1259097317703048,-0.080759579205703,0.3325790427463126,12.217,57.1
38000,2004-01-18 00:00:00,0.0069353302007347,-0.1992365312275664,0.2131071916290359,12.217,57.1
38001,2004-01-19 00:00:00,0.1293539848365961,-0.0783366549405698,0.337044624613762,12.217,57.1
38002,2004-01-20 00:00:00,0.1415304967605158,-0.0665629602116128,0.3496239537326446,12.217,57.1
38003,2004-01-21 00:00:00,-0.0743652365099079,-0.2812284197108193,0.1324979466910034,12.217,57.1
38004,2004-01-22 00:00:00,-0.0800471969416625,-0.2860089374138496,0.1259145435305246,12.217,57.1
38005,2004-01-23 00:00:00,0.0944420750768997,-0.111491823764545,0.3003759739183445,12.217,57.1
38006,2004-01-24 00:00:00,0.1178773420114418,-0.0877191274016347,0.3234738114245183,12.217,57.1
38007,2004-01-25 00:00:00,0.19491306022562,-0.0109198578161657,0.4007459782674057,12.217,57.1
38008,2004-01-26 00:00:00,0.096615554962872,-0.1089588202260071,0.3021899301517511,12.217,57.1
38009,2004-01-27 00:00:00,0.0990304878730597,-0.1064531166553064,0.3045140924014258,12.217,57.1
38010,2004-01-28 00:00:00,0.1708275597997355,-0.0348381700900873,0.3764932896895584,12.217,57.1
38011,2004-01-29 00:00:00,0.3114379127283822,0.1053941083591787,0.5174817170975857,12.217,57.1
38012,2004-01-30 00:00:00,0.1274376453506566,-0.0784094241763743,0.3332847148776876,12.217,57.1
38013,2004-01-31 00:00:00,0.2414165101812668,0.0348392330280702,0.4479937873344635,12.217,57.1
38014,2004-02-01 00:00:00,0.2158675533514805,0.0060118499989301,0.4257232567040309,12.217,57.1
38015,2004-02-02 00:00:00,0.1593621665706388,-0.0499291761987865,0.3686535093400643,12.217,57.1
38016,2004-02-03 00:00:00,0.1005344254598886,-0.1055349567268288,0.3066038076466062,12.217,57.1
38017,2004-02-04 00:00:00,0.2864072577261369,0.0803143496511913,0.4925001658010824,12.217,57.1
38018,2004-02-05 00:00:00,0.3695237829110649,0.1629851252466232,0.5760624405755066,12.217,57.1
38019,2004-02-06 00:00:00,0.3687925387527375,0.1620681389079239,0.575516938597551,12.217,57.1
38020,2004-02-07 00:00:00,0.264237073856437,0.0582635357376304,0.4702106119752436,12.217,57.1
38021,2004-02-08 00:00:00,0.3340251066572485,0.1275991172695322,0.5404510960449648,12.217,57.1
38022,2004-02-09 00:00:00,0.0504762295445068,-0.1562966508664318,0.2572491099554455,12.217,57.1
38023,2004-02-10 00:00:00,-0.019504533276577,-0.2267594412837778,0.1877503747306237,12.217,57.1
38024,2004-02-11 00:00:00,0.0271810830874975,-0.178791221229719,0.2331533874047142,12.217,57.1
38025,2004-02-12 00:00:00,-0.0776759678642443,-0.28346695609758,0.1281150203690912,12.217,57.1
38026,2004-02-13 00:00:00,-0.0169421890182417,-0.2227434528543319,0.1888590748178485,12.217,57.1
38027,2004-02-14 00:00:00,-0.0165855393005206,-0.2222313937950948,0.1890603151940536,12.217,57.1
38028,2004-02-15 00:00:00,-0.0400890634384088,-0.2456806956384996,0.1655025687616819,12.217,57.1
38029,2004-02-16 00:00:00,-0.0468343446172496,-0.2524821907935069,0.1588135015590076,12.217,57.1
38030,2004-02-17 00:00:00,0.0219693314587444,-0.1836146630863753,0.2275533260038642,12.217,57.1
38031,2004-02-18 00:00:00,0.0434933768587073,-0.162535018598579,0.2495217723159936,12.217,57.1
38032,2004-02-19 00:00:00,-0.0811725433889072,-0.2873124437374666,0.1249673569596522,12.217,57.1
38033,2004-02-20 00:00:00,-0.0825967467507941,-0.2883955268561692,0.1232020333545809,12.217,57.1
38034,2004-02-21 00:00:00,-0.0028030293613463,-0.2083076807178573,0.2027016219951646,12.217,57.1
38035,2004-02-22 00:00:00,0.0760102461668026,-0.1298085205602557,0.281829012893861,12.217,57.1
38036,2004-02-23 00:00:00,0.125424764892458,-0.081719745168249,0.3325692749531651,12.217,57.1
38037,2004-02-24 00:00:00,0.0619858546199667,-0.1461962864515237,0.2701679956914573,12.217,57.1
38038,2004-02-25 00:00:00,0.324646956338021,0.1175164055006461,0.5317775071753958,12.217,57.1
38039,2004-02-26 00:00:00,0.2847666558953319,0.0784759480092986,0.4910573637813653,12.217,57.1
38040,2004-02-27 00:00:00,0.2193703950179014,0.0135606326979623,0.4251801573378406,12.217,57.1
38041,2004-02-28 00:00:00,0.1579380534332506,-0.0477409229555362,0.3636170298220376,12.217,57.1
38042,2004-02-29 00:00:00,-0.0132595500100158,-0.2190407693617039,0.1925216693416722,12.217,57.1
38043,2004-03-01 00:00:00,-0.0055570740934783,-0.2113681638278014,0.2002540156408447,12.217,57.1
38044,2004-03-02 00:00:00,0.0137826520162982,-0.1920741624938811,0.2196394665264775,12.217,57.1
38045,2004-03-03 00:00:00,0.0011211490510078,-0.2051666213467251,0.2074089194487407,12.217,57.1
38046,2004-03-04 00:00:00,-0.0851646677975455,-0.2914927320254318,0.1211633964303406,12.217,57.1
38047,2004-03-05 00:00:00,-0.0404991051783187,-0.2462864639834392,0.1652882536268017,12.217,57.1
38048,2004-03-06 00:00:00,0.0280054984772915,-0.1777435864690613,0.2337545834236444,12.217,57.1
38049,2004-03-07 00:00:00,0.015221228979996,-0.1903658762841593,0.2208083342441515,12.217,57.1
38050,2004-03-08 00:00:00,-0.0980533323468294,-0.3037137908066334,0.1076071261129745,12.217,57.1
38051,2004-03-09 00:00:00,-0.1330315324746392,-0.3387168369672629,0.0726537720179843,12.217,57.1
38052,2004-03-10 00:00:00,-0.1893167737318685,-0.3949692322521989,0.0163356847884618,12.217,57.1
38053,2004-03-11 00:00:00,-0.1217497746620594,-0.327588353150382,0.0840888038262632,12.217,57.1
38054,2004-03-12 00:00:00,-0.0791045629307881,-0.2847207542804267,0.1265116284188503,12.217,57.1
38055,2004-03-13 00:00:00,-0.0233334119608512,-0.2292516576465138,0.1825848337248114,12.217,57.1
38056,2004-03-14 00:00:00,0.1996249080379691,-0.0071572366786299,0.4064070527545682,12.217,57.1
38057,2004-03-15 00:00:00,0.0987830890544817,-0.1080071968820434,0.305573374991007,12.217,57.1
38058,2004-03-16 00:00:00,0.2485680355413586,0.0420449131745068,0.4550911579082103,12.217,57.1
38059,2004-03-17 00:00:00,0.1441621646735253,-0.0622129121169664,0.3505372414640171,12.217,57.1
38060,2004-03-18 00:00:00,0.1690185203947496,-0.0367845102767444,0.3748215510662436,12.217,57.1
38061,2004-03-19 00:00:00,0.0727934611465906,-0.1330968489982701,0.2786837712914514,12.217,57.1
38062,2004-03-20 00:00:00,0.2751851901380136,0.0657589742070328,0.4846114060689943,12.217,57.1
38063,2004-03-21 00:00:00,0.2874660914165683,0.0744258073006592,0.5005063755324775,12.217,57.1
38064,2004-03-22 00:00:00,0.3763003947001791,0.1664226755078437,0.5861781138925145,12.217,57.1
38065,2004-03-23 00:00:00,0.1070700218323159,-0.098646187033796,0.3127862306984278,12.217,57.1
38066,2004-03-24 00:00:00,-0.0167717667711864,-0.2224683138872431,0.1889247803448702,12.217,57.1
38067,2004-03-25 00:00:00,-0.0524731590474991,-0.2581215009833006,0.1531751828883024,12.217,57.1
38068,2004-03-26 00:00:00,-0.0812741038659682,-0.2872778679689265,0.1247296602369901,12.217,57.1
38069,2004-03-27 00:00:00,0.0339666983577967,-0.1717629158810142,0.2396963125966076,12.217,57.1
38070,2004-03-28 00:00:00,0.146739829403708,-0.0589748457347911,0.3524545045422071,12.217,57.1
38071,2004-03-29 00:00:00,0.0958038486462779,-0.1099107759705667,0.3015184732631226,12.217,57.1
38072,2004-03-30 00:00:00,0.0058699873026734,-0.1997117742663814,0.2114517488717284,12.217,57.1
38073,2004-03-31 00:00:00,-0.0448576919919809,-0.2503701221629629,0.160654738179001,12.217,57.1
38074,2004-04-01 00:00:00,-0.031396161165552,-0.2372047981401458,0.1744124758090416,12.217,57.1
38075,2004-04-02 00:00:00,-0.1078931604254285,-0.3139311277539908,0.0981448069031337,12.217,57.1
38076,2004-04-03 00:00:00,-0.0391302641757462,-0.2452443644541613,0.1669838361026688,12.217,57.1
38077,2004-04-04 00:00:00,0.1193445933121214,-0.0866678552437569,0.3253570418679997,12.217,57.1
38078,2004-04-05 00:00:00,0.2688977494589917,0.0624301493212095,0.4753653495967739,12.217,57.1
38079,2004-04-06 00:00:00,0.2264020806155608,0.0204411033011253,0.4323630579299964,12.217,57.1
38080,2004-04-07 00:00:00,0.0782903272325121,-0.1275358641028389,0.2841165185678632,12.217,57.1
38081,2004-04-08 00:00:00,0.0005870222856862,-0.2051750156160939,0.2063490601874664,12.217,57.1
38082,2004-04-09 00:00:00,-0.0125123249522001,-0.218300686738817,0.1932760368344168,12.217,57.1
38083,2004-04-10 00:00:00,0.0942580931440218,-0.1120275813116503,0.3005437675996941,12.217,57.1
38084,2004-04-11 00:00:00,0.0897739584382163,-0.1162318445202751,0.2957797613967078,12.217,57.1
38085,2004-04-12 00:00:00,0.0274231714211833,-0.1782633214562858,0.2331096642986525,12.217,57.1
38086,2004-04-13 00:00:00,-0.0078191719945933,-0.2133726642110503,0.1977343202218635,12.217,57.1
38087,2004-04-14 00:00:00,0.0421887678331545,-0.1632590919660706,0.2476366276323796,12.217,57.1
38088,2004-04-15 00:00:00,0.0407441080129608,-0.1651455004212924,0.246633716447214,12.217,57.1
38089,2004-04-16 00:00:00,0.0173919568026937,-0.1881354866390805,0.222919400244468,12.217,57.1
38090,2004-04-17 00:00:00,0.0662062699855153,-0.1392667054334034,0.2716792454044341,12.217,57.1
38091,2004-04-18 00:00:00,0.1792505416353195,-0.0263483123443911,0.3848493956150302,12.217,57.1
38092,2004-04-19 00:00:00,0.2207009150686147,0.0148547584287036,0.4265470717085258,12.217,57.1
38093,2004-04-20 00:00:00,0.1000111697835173,-0.1059305148999762,0.3059528544670108,12.217,57.1
38094,2004-04-21 00:00:00,0.0087503447547828,-0.1970438276249592,0.2145445171345249,12.217,57.1
38095,2004-04-22 00:00:00,-0.0154651072484312,-0.2210114121162329,0.1900811976193704,12.217,57.1
38096,2004-04-23 00:00:00,0.0373633761591976,-0.1681096539278408,0.2428364062462362,12.217,57.1
38097,2004-04-24 00:00:00,-0.0677382089284232,-0.2733153112422444,0.1378388933853979,12.217,57.1
38098,2004-04-25 00:00:00,-0.0532614249057879,-0.2588090608016815,0.1522862109901054,12.217,57.1
38099,2004-04-26 00:00:00,-0.0327377525134649,-0.2382999578516225,0.1728244528246926,12.217,57.1
38100,2004-04-27 00:00:00,0.0096107278335764,-0.1959976762144144,0.2152191318815672,12.217,57.1
38101,2004-04-28 00:00:00,-0.0116055097154774,-0.2171056508454238,0.1938946314144689,12.217,57.1
38102,2004-04-29 00:00:00,0.0102528105764544,-0.1952313534704909,0.2157369746233998,12.217,57.1
38103,2004-04-30 00:00:00,-0.0005086374332058,-0.2061730263900309,0.2051557515236191,12.217,57.1
38104,2004-05-01 00:00:00,-0.0356840742389262,-0.2416190848545487,0.1702509363766963,12.217,57.1
38105,2004-05-02 00:00:00,0.0778639796100834,-0.1278457285577815,0.2835736877779485,12.217,57.1
38106,2004-05-03 00:00:00,0.1004283875308445,-0.1051911749271836,0.3060479499888727,12.217,57.1
38107,2004-05-04 00:00:00,0.1736358999638609,-0.0320384326210064,0.3793102325487283,12.217,57.1
38108,2004-05-05 00:00:00,0.234268475471586,0.0283608250620838,0.4401761258810882,12.217,57.1
38109,2004-05-06 00:00:00,0.2203599495767306,0.0125441694379068,0.4281757297155544,12.217,57.1
38110,2004-05-07 00:00:00,0.0522485176614411,-0.1547426136230235,0.2592396489459057,12.217,57.1
38111,2004-05-08 00:00:00,0.0026967314468285,-0.2047039888609816,0.2100974517546386,12.217,57.1
38112,2004-05-09 00:00:00,0.0107924085082755,-0.195533344635596,0.2171181616521471,12.217,57.1
38113,2004-05-10 00:00:00,0.0158536843410676,-0.1899750816830777,0.2216824503652129,12.217,57.1
38114,2004-05-11 00:00:00,0.0690519872311973,-0.1365617176923844,0.2746656921547791,12.217,57.1
38115,2004-05-12 00:00:00,0.0267842697708916,-0.1788303063634008,0.232398845905184,12.217,57.1
38116,2004-05-13 00:00:00,-0.0361309276335457,-0.241790392469334,0.1695285372022425,12.217,57.1
38117,2004-05-14 00:00:00,0.0549909388397073,-0.1508472032446378,0.2608290809240525,12.217,57.1
38118,2004-05-15 00:00:00,0.1109551546168459,-0.0950855290036104,0.3169958382373022,12.217,57.1
38119,2004-05-16 00:00:00,0.0612553634355789,-0.1451610530249501,0.2676717798961079,12.217,57.1
38120,2004-05-17 00:00:00,-0.0005074450598693,-0.2060983406970944,0.2050834505773556,12.217,57.1
38121,2004-05-18 00:00:00,0.1714946132647268,-0.0344300979506392,0.3774193244800929,12.217,57.1
38122,2004-05-19 00:00:00,0.2336446741392454,0.0266591725469884,0.4406301757315024,12.217,57.1
38123,2004-05-20 00:00:00,0.3482001642191928,0.1379426446516038,0.5584576837867818,12.217,57.1
38124,2004-05-21 00:00:00,0.120048536324401,-0.0862092975516445,0.3263063702004466,12.217,57.1
38125,2004-05-22 00:00:00,0.0559863734724449,-0.1498539928655591,0.2618267398104492,12.217,57.1
38126,2004-05-23 00:00:00,0.0603529247119805,-0.1462860742521744,0.2669919236761355,12.217,57.1
38127,2004-05-24 00:00:00,0.0292633137504563,-0.1779838109746708,0.2365104384755834,12.217,57.1
38128,2004-05-25 00:00:00,0.1563382300569683,-0.0494821282637032,0.36215858837764,12.217,57.1
38129,2004-05-26 00:00:00,0.0990680473562768,-0.106868568140605,0.3050046628531587,12.217,57.1
38130,2004-05-27 00:00:00,-0.0112037908490124,-0.2170359354233585,0.1946283537253336,12.217,57.1
38131,2004-05-28 00:00:00,-0.0085945181530284,-0.2141123293530771,0.1969232930470202,12.217,57.1
38132,2004-05-29 00:00:00,0.0165766418272383,-0.1889358947641828,0.2220891784186595,12.217,57.1
38133,2004-05-30 00:00:00,0.0146984028026164,-0.1908048661762496,0.2202016717814825,12.217,57.1
38134,2004-05-31 00:00:00,-0.0099690468568159,-0.2155454256315552,0.1956073319179233,12.217,57.1
38135,2004-06-01 00:00:00,-0.0098663503112614,-0.2156329830297945,0.1959002824072717,12.217,57.1
38136,2004-06-02 00:00:00,0.0093209397311354,-0.1963957378589794,0.2150376173212503,12.217,57.1
38137,2004-06-03 00:00:00,-0.0214809275337341,-0.2270664697960735,0.1841046147286052,12.217,57.1
38138,2004-06-04 00:00:00,0.0222608580175399,-0.1833386215455739,0.2278603375806538,12.217,57.1
38139,2004-06-05 00:00:00,0.0800318603104421,-0.1254447554093058,0.28550847603019,12.217,57.1
38140,2004-06-06 00:00:00,0.0818795018030899,-0.1236493463819843,0.2874083499881641,12.217,57.1
38141,2004-06-07 00:00:00,0.1132921001542269,-0.0922805302673457,0.3188647305757996,12.217,57.1
38142,2004-06-08 00:00:00,0.1818009419622465,-0.0247214732121206,0.3883233571366138,12.217,57.1
38143,2004-06-09 00:00:00,0.0224080931783389,-0.1844193837622425,0.2292355701189204,12.217,57.1
38144,2004-06-10 00:00:00,0.1077839423549894,-0.0979076967392388,0.3134755814492176,12.217,57.1
38145,2004-06-11 00:00:00,0.1489738120627499,-0.0568764661794323,0.3548240903049323,12.217,57.1
38146,2004-06-12 00:00:00,0.1458451139066224,-0.0598221155329017,0.3515123433461465,12.217,57.1
38147,2004-06-13 00:00:00,0.0365631927498767,-0.1690557700431008,0.2421821555428543,12.217,57.1
38148,2004-06-14 00:00:00,0.1256905591089151,-0.0803743790911383,0.3317554973089686,12.217,57.1
38149,2004-06-15 00:00:00,0.3467450364918106,0.1398162836037743,0.5536737893798469,12.217,57.1
38150,2004-06-16 00:00:00,0.3124123268742177,0.1057973852844322,0.5190272684640033,12.217,57.1
38151,2004-06-17 00:00:00,0.2260562595545948,0.0191183456124418,0.4329941734967477,12.217,57.1
38152,2004-06-18 00:00:00,0.1613843706160094,-0.0444417205281238,0.3672104617601428,12.217,57.1
38153,2004-06-19 00:00:00,0.1347674273055965,-0.0709181592537401,0.3404530138649331,12.217,57.1
38154,2004-06-20 00:00:00,0.2204045664392561,0.0141617303290766,0.4266474025494357,12.217,57.1
38155,2004-06-21 00:00:00,0.1598410466062643,-0.04645558723473,0.3661376804472586,12.217,57.1
38156,2004-06-22 00:00:00,0.1095314681819625,-0.0961234330866448,0.3151863694505699,12.217,57.1
38157,2004-06-23 00:00:00,0.0778001169626685,-0.1276672382790419,0.2832674722043791,12.217,57.1
38158,2004-06-24 00:00:00,0.2221767541178756,0.0152411585183474,0.429112349717404,12.217,57.1
38159,2004-06-25 00:00:00,0.2266412536568148,0.0187499034166468,0.4345326038969829,12.217,57.1
38160,2004-06-26 00:00:00,0.1751229372591318,-0.0320809934742821,0.3823268679925458,12.217,57.1
38161,2004-06-27 00:00:00,0.0881346393452854,-0.1175794416808351,0.2938487203714061,12.217,57.1
38162,2004-06-28 00:00:00,0.0738630746951715,-0.1316586748244828,0.279384824214826,12.217,57.1
38163,2004-06-29 00:00:00,0.1380069076402251,-0.0677367609840976,0.3437505762645478,12.217,57.1
38164,2004-06-30 00:00:00,0.1861280367047244,-0.0197081163503554,0.3919641897598044,12.217,57.1
38165,2004-07-01 00:00:00,0.1743915604075788,-0.0313053545524722,0.38008847536763,12.217,57.1
38166,2004-07-02 00:00:00,0.1511155371882759,-0.0546628874562734,0.3568939618328254,12.217,57.1
38167,2004-07-03 00:00:00,0.1583107264252631,-0.0472841675078926,0.3639056203584189,12.217,57.1
38168,2004-07-04 00:00:00,0.1376021648807402,-0.0679096890482056,0.343114018809686,12.217,57.1
38169,2004-07-05 00:00:00,0.1395864924657386,-0.0658906158126116,0.3450636007440888,12.217,57.1
38170,2004-07-06 00:00:00,0.1096730734817981,-0.0958237640293286,0.3151699109929249,12.217,57.1
38171,2004-07-07 00:00:00,0.1458280803730638,-0.0598406410165044,0.3514968017626321,12.217,57.1
38172,2004-07-08 00:00:00,0.0468952894049228,-0.1586820380469428,0.2524726168567886,12.217,57.1
38173,2004-07-09 00:00:00,0.0718866268524355,-0.1337637066849284,0.2775369603897996,12.217,57.1
38174,2004-07-10 00:00:00,0.0202933173639414,-0.1866830844042936,0.2272697191321766,12.217,57.1
38175,2004-07-11 00:00:00,0.2032844757137556,-0.0045902988961628,0.4111592503236742,12.217,57.1
38176,2004-07-12 00:00:00,0.2204156066348015,0.0136778846891143,0.4271533285804887,12.217,57.1
38177,2004-07-13 00:00:00,0.2027959955659518,-0.00308216477294,0.4086741559048438,12.217,57.1
38178,2004-07-14 00:00:00,0.2008069339074622,-0.0050002281992881,0.4066140960142126,12.217,57.1
38179,2004-07-15 00:00:00,0.1817351812797992,-0.0240408566125089,0.3875112191721074,12.217,57.1
38180,2004-07-16 00:00:00,0.1576977879974689,-0.0479323167264005,0.3633278927213383,12.217,57.1
38181,2004-07-17 00:00:00,0.0852334914323119,-0.1203788308549126,0.2908458137195366,12.217,57.1
38182,2004-07-18 00:00:00,0.0882029176817061,-0.117385996332717,0.2937918316961294,12.217,57.1
38183,2004-07-19 00:00:00,0.057018159479866,-0.1486239227034425,0.2626602416631747,12.217,57.1
38184,2004-07-20 00:00:00,0.0767912099112047,-0.1288252211738341,0.2824076409962436,12.217,57.1
38185,2004-07-21 00:00:00,-0.0020886138696997,-0.2077634516856785,0.2035862239462791,12.217,57.1
38186,2004-07-22 00:00:00,-0.0026400789779341,-0.2084134388077575,0.2031332808518891,12.217,57.1
38187,2004-07-23 00:00:00,-0.0539582973153513,-0.2595580728922796,0.151641478261577,12.217,57.1
38188,2004-07-24 00:00:00,-0.0020777372633681,-0.2076148150272121,0.2034593405004759,12.217,57.1
38189,2004-07-25 00:00:00,0.0988423617603777,-0.1068234368086216,0.3045081603293771,12.217,57.1
38190,2004-07-26 00:00:00,0.1197619452050083,-0.0860290473788767,0.3255529377888935,12.217,57.1
38191,2004-07-27 00:00:00,0.0671867175878212,-0.1382928697184137,0.2726663048940562,12.217,57.1
38192,2004-07-28 00:00:00,0.0078445791173377,-0.1975845673288261,0.2132737255635016,12.217,57.1
38193,2004-07-29 00:00:00,-0.007740715538948,-0.2131550457578963,0.1976736146800003,12.217,57.1
38194,2004-07-30 00:00:00,-0.0013874334876082,-0.2068082645127991,0.2040333975375826,12.217,57.1
38195,2004-07-31 00:00:00,-0.0289985516962366,-0.234551927352806,0.1765548239603327,12.217,57.1
38196,2004-08-01 00:00:00,-0.0232149645605508,-0.2287568448954613,0.1823269157743596,12.217,57.1
38197,2004-08-02 00:00:00,-0.0518535836849251,-0.2573138990712587,0.1536067317014084,12.217,57.1
38198,2004-08-03 00:00:00,-0.0082150351885566,-0.213737659828996,0.1973075894518827,12.217,57.1
38199,2004-08-04 00:00:00,0.0206205863560777,-0.1853896707925687,0.2266308435047243,12.217,57.1
38200,2004-08-05 00:00:00,0.0243350065278673,-0.1813758604950813,0.230045873550816,12.217,57.1
38201,2004-08-06 00:00:00,0.0091849813271852,-0.1962763970934476,0.2146463597478182,12.217,57.1
38202,2004-08-07 00:00:00,0.0230045560216201,-0.1824870437258073,0.2284961557690475,12.217,57.1
38203,2004-08-08 00:00:00,0.0017037491093869,-0.2037410388108706,0.2071485370296444,12.217,57.1
38204,2004-08-09 00:00:00,-0.0231350714349938,-0.2285975767131823,0.1823274338431945,12.217,57.1
38205,2004-08-10 00:00:00,-0.0345736881279633,-0.2400874728058334,0.1709400965499067,12.217,57.1
38206,2004-08-11 00:00:00,-0.0022889846927412,-0.2077753076520709,0.2031973382665884,12.217,57.1
38207,2004-08-12 00:00:00,0.0287314716822868,-0.1768464095533134,0.2343093529178871,12.217,57.1
38208,2004-08-13 00:00:00,0.0753321478708603,-0.130161159811228,0.2808254555529487,12.217,57.1
38209,2004-08-14 00:00:00,0.046957375004746,-0.1592572091635941,0.2531719591730861,12.217,57.1
38210,2004-08-15 00:00:00,0.0900726242711497,-0.1161190486466081,0.2962642971889077,12.217,57.1
38211,2004-08-16 00:00:00,0.2192791706539904,0.0133640911142708,0.42519425019371,12.217,57.1
38212,2004-08-17 00:00:00,0.1500455552979409,-0.0557314226409328,0.3558225332368147,12.217,57.1
38213,2004-08-18 00:00:00,0.1554725984815952,-0.0500580171195781,0.3610032140827687,12.217,57.1
38214,2004-08-19 00:00:00,0.1487208923665363,-0.056807754742973,0.3542495394760456,12.217,57.1
38215,2004-08-20 00:00:00,0.2032862956032516,-0.0029102902475496,0.4094828814540528,12.217,57.1
38216,2004-08-21 00:00:00,0.2711456630743156,0.0651418745992235,0.4771494515494077,12.217,57.1
38217,2004-08-22 00:00:00,0.2075695482133678,0.0013871399567995,0.413751956469936,12.217,57.1
38218,2004-08-23 00:00:00,0.1144295856938431,-0.0917410466405757,0.3206002180282619,12.217,57.1
38219,2004-08-24 00:00:00,0.0345663339208665,-0.1710024818888335,0.2401351497305667,12.217,57.1
38220,2004-08-25 00:00:00,0.1710993150973472,-0.0349584453278961,0.3771570755225906,12.217,57.1
38221,2004-08-26 00:00:00,0.1232193617042111,-0.0832023714258277,0.32964109483425,12.217,57.1
38222,2004-08-27 00:00:00,0.0095694431653148,-0.1965940858619838,0.2157329721926134,12.217,57.1
38223,2004-08-28 00:00:00,0.2632644226706038,0.0570104100651504,0.4695184352760572,12.217,57.1
38224,2004-08-29 00:00:00,0.2330439182747013,0.0266484978891114,0.4394393386602911,12.217,57.1
38225,2004-08-30 00:00:00,0.1663856687441537,-0.0395740871770448,0.3723454246653522,12.217,57.1
38226,2004-08-31 00:00:00,0.1177603871954333,-0.0881493932094038,0.3236701676002705,12.217,57.1
38227,2004-09-01 00:00:00,0.1004270204494978,-0.1057071917409943,0.30656123263999,12.217,57.1
38228,2004-09-02 00:00:00,0.1060939214515525,-0.1001718300990401,0.3123596730021452,12.217,57.1
38229,2004-09-03 00:00:00,0.0227968138770481,-0.1827607752226148,0.2283544029767111,12.217,57.1
38230,2004-09-04 00:00:00,-0.0128188439858103,-0.2182833032000135,0.1926456152283928,12.217,57.1
38231,2004-09-05 00:00:00,-0.0149181010775613,-0.220419313221007,0.1905831110658843,12.217,57.1
38232,2004-09-06 00:00:00,-0.0229011258538086,-0.2283920847681633,0.1825898330605461,12.217,57.1
38233,2004-09-07 00:00:00,-0.0976554245909755,-0.303227694643695,0.1079168454617439,12.217,57.1
38234,2004-09-08 00:00:00,-0.1096881828075158,-0.3154267256729623,0.0960503600579305,12.217,57.1
38235,2004-09-09 00:00:00,-0.0733365967210075,-0.2790821689769621,0.132408975534947,12.217,57.1
38236,2004-09-10 00:00:00,0.0212917639967536,-0.1842307060922348,0.2268142340857421,12.217,57.1
38237,2004-09-11 00:00:00,0.0996555326756179,-0.1059785552250038,0.3052896205762397,12.217,57.1
38238,2004-09-12 00:00:00,0.2049437929911932,-0.0006680472993068,0.4105556332816932,12.217,57.1
38239,2004-09-13 00:00:00,0.5900551952165545,0.3832420908908643,0.7968682995422447,12.217,57.1
38240,2004-09-14 00:00:00,0.3103440338546192,0.1025148518311978,0.5181732158780405,12.217,57.1
38241,2004-09-15 00:00:00,0.2648448488514514,0.0576771848893823,0.4720125128135205,12.217,57.1
38242,2004-09-16 00:00:00,0.2971119529344775,0.0889464383308658,0.5052774675380893,12.217,57.1
38243,2004-09-17 00:00:00,0.0750383383958052,-0.1315222019610837,0.2815988787526941,12.217,57.1
38244,2004-09-18 00:00:00,0.152012546277955,-0.0540142872327614,0.3580393797886714,12.217,57.1
38245,2004-09-19 00:00:00,0.2460300588498647,0.0397126320515219,0.4523474856482074,12.217,57.1
38246,2004-09-20 00:00:00,0.21283887598633,0.0065970192255236,0.4190807327471363,12.217,57.1
38247,2004-09-21 00:00:00,0.3871521047875246,0.1801013567710255,0.5942028528040237,12.217,57.1
38248,2004-09-22 00:00:00,0.6248787215956799,0.4175034711340295,0.8322539720573303,12.217,57.1
38249,2004-09-23 00:00:00,0.3372983219195614,0.1308092085502882,0.5437874352888346,12.217,57.1
38250,2004-09-24 00:00:00,0.2078579016421489,0.0020810603736421,0.4136347429106558,12.217,57.1
38251,2004-09-25 00:00:00,0.1043143253893503,-0.1016227183849739,0.3102513691636746,12.217,57.1
38252,2004-09-26 00:00:00,0.1311414477552819,-0.0746021631018159,0.3368850586123797,12.217,57.1
38253,2004-09-27 00:00:00,0.1750979331164153,-0.0309898444680225,0.3811857107008531,12.217,57.1
38254,2004-09-28 00:00:00,0.3511736085520655,0.1439139292275652,0.5584332878765658,12.217,57.1
38255,2004-09-29 00:00:00,0.0964576334354892,-0.1093546440040459,0.3022699108750244,12.217,57.1
38256,2004-09-30 00:00:00,-0.0220657023864396,-0.2277848013641626,0.1836533965912832,12.217,57.1
38257,2004-10-01 00:00:00,-0.0622683912597157,-0.2680173862389439,0.1434806037195123,12.217,57.1
38258,2004-10-02 00:00:00,0.0211650864229663,-0.1843421239407033,0.2266722967866361,12.217,57.1
38259,2004-10-03 00:00:00,0.1635084254824224,-0.0425501327194722,0.369566983684317,12.217,57.1
38260,2004-10-04 00:00:00,0.0405415600404294,-0.1654454482230037,0.2465285683038626,12.217,57.1
38261,2004-10-05 00:00:00,0.3099756063721835,0.1007727775803248,0.5191784351640423,12.217,57.1
38262,2004-10-06 00:00:00,0.2629932327699811,0.054132273145058,0.4718541923949042,12.217,57.1
38263,2004-10-07 00:00:00,0.2424354972729268,0.0366331136923006,0.448237880853553,12.217,57.1
38264,2004-10-08 00:00:00,0.2432259586146516,0.037254756861899,0.4491971603674043,12.217,57.1
38265,2004-10-09 00:00:00,0.0436285800198508,-0.1623796944813507,0.2496368545210524,12.217,57.1
38266,2004-10-10 00:00:00,-0.0481653892680646,-0.253846930744628,0.1575161522084988,12.217,57.1
38267,2004-10-11 00:00:00,-0.0803577829911869,-0.2860370392820692,0.1253214732996954,12.217,57.1
38268,2004-10-12 00:00:00,-0.0599870760220051,-0.2655990474453268,0.1456248954013164,12.217,57.1
38269,2004-10-13 00:00:00,0.029573996853541,-0.17648937898704,0.2356373726941222,12.217,57.1
38270,2004-10-14 00:00:00,0.1258091714925065,-0.0803098712422182,0.3319282142272313,12.217,57.1
38271,2004-10-15 00:00:00,0.1291170134226608,-0.0767261669988308,0.3349601938441524,12.217,57.1
38272,2004-10-16 00:00:00,0.1082909059176846,-0.0974422148073905,0.3140240266427598,12.217,57.1
38273,2004-10-17 00:00:00,0.105907485617266,-0.1004171795995085,0.3122321508340406,12.217,57.1
38274,2004-10-18 00:00:00,0.0928854545209732,-0.1154130727339647,0.3011839817759111,12.217,57.1
38275,2004-10-19 00:00:00,-0.0019432635093396,-0.2119252641779076,0.2080387371592283,12.217,57.1
38276,2004-10-20 00:00:00,0.0092650071045962,-0.1967612490295579,0.2152912632387503,12.217,57.1
38277,2004-10-21 00:00:00,0.1490075355588388,-0.0574177553159746,0.3554328264336523,12.217,57.1
38278,2004-10-22 00:00:00,0.2531870161328889,0.0453801711245933,0.4609938611411845,12.217,57.1
38279,2004-10-23 00:00:00,0.3749376702542568,0.1670975644344502,0.5827777760740633,12.217,57.1
38280,2004-10-24 00:00:00,0.2694644027982116,0.0629090299492696,0.4760197756471536,12.217,57.1
38281,2004-10-25 00:00:00,0.1452484191277496,-0.0605300096001545,0.3510268478556538,12.217,57.1
38282,2004-10-26 00:00:00,0.3520356794269601,0.1452001480445745,0.5588712108093458,12.217,57.1
38283,2004-10-27 00:00:00,0.1751330469527162,-0.0312586784106283,0.3815247723160608,12.217,57.1
38284,2004-10-28 00:00:00,0.0258770676474022,-0.1797925583798619,0.2315466936746664,12.217,57.1
38285,2004-10-29 00:00:00,0.1280765092844062,-0.0782215020028707,0.3343745205716832,12.217,57.1
38286,2004-10-30 00:00:00,0.0097808718953989,-0.1960926570228487,0.2156544008136466,12.217,57.1
38287,2004-10-31 00:00:00,-0.010164499796179,-0.2158994318650442,0.195570432272686,12.217,57.1
38288,2004-11-01 00:00:00,0.0270747081004542,-0.1786435928248605,0.232793009025769,12.217,57.1
38289,2004-11-02 00:00:00,-0.0501187204591662,-0.2556504039048083,0.1554129629864759,12.217,57.1
38290,2004-11-03 00:00:00,-0.0579453179784913,-0.2636583770168934,0.1477677410599107,12.217,57.1
38291,2004-11-04 00:00:00,0.1487795420771268,-0.0573801613152644,0.354939245469518,12.217,57.1
38292,2004-11-05 00:00:00,0.2435122967672206,0.0375842957236182,0.449440297810823,12.217,57.1
38293,2004-11-06 00:00:00,0.2815210213655899,0.0750653037990338,0.487976738932146,12.217,57.1
38294,2004-11-07 00:00:00,0.0518943134054644,-0.1554824588787873,0.2592710856897161,12.217,57.1
38295,2004-11-08 00:00:00,-0.0038827212538024,-0.2101992117676895,0.2024337692600847,12.217,57.1
38296,2004-11-09 00:00:00,0.0517889721811303,-0.1537777494626214,0.2573556938248821,12.217,57.1
38297,2004-11-10 00:00:00,-0.0524347718256391,-0.258709443459202,0.1538398998079237,12.217,57.1
38298,2004-11-11 00:00:00,0.0844554349603772,-0.1221400129400771,0.2910508828608317,12.217,57.1
38299,2004-11-12 00:00:00,0.1589194505122255,-0.0483595966129442,0.3661984976373952,12.217,57.1
38300,2004-11-13 00:00:00,0.301823671031101,0.0921246166770642,0.5115227253851378,12.217,57.1
38301,2004-11-14 00:00:00,-0.025979480751891,-0.2323859686366875,0.1804270071329054,12.217,57.1
38302,2004-11-15 00:00:00,0.329219221012457,0.1222006577844461,0.5362377842404678,12.217,57.1
38303,2004-11-16 00:00:00,0.3617822362387742,0.1544298131259143,0.5691346593516341,12.217,57.1
38304,2004-11-17 00:00:00,0.047675520715123,-0.1584170073246944,0.2537680487549404,12.217,57.1
38305,2004-11-18 00:00:00,0.356084263847955,0.1478027007229293,0.5643658269729807,12.217,57.1
38306,2004-11-19 00:00:00,0.2756239163655358,0.0647224185722513,0.4865254141588203,12.217,57.1
38307,2004-11-20 00:00:00,0.0875582284390865,-0.1185229953552969,0.2936394522334701,12.217,57.1
38308,2004-11-21 00:00:00,-0.024120324079259,-0.2301244976132744,0.1818838494547563,12.217,57.1
38309,2004-11-22 00:00:00,0.0290924618572761,-0.1769637073033745,0.2351486310179267,12.217,57.1
38310,2004-11-23 00:00:00,0.2453592357871976,0.0359964514515837,0.4547220201228116,12.217,57.1
38311,2004-11-24 00:00:00,-0.0893704700764517,-0.3015481908476044,0.1228072506947009,12.217,57.1
38312,2004-11-25 00:00:00,0.0890734714421618,-0.118374973942798,0.2965219168271217,12.217,57.1
38313,2004-11-26 00:00:00,0.1288204827612702,-0.0775953401407088,0.3352363056632493,12.217,57.1
38314,2004-11-27 00:00:00,0.1241252020842766,-0.0818220311746723,0.3300724353432256,12.217,57.1
38315,2004-11-28 00:00:00,0.0240076092157031,-0.1820186631625551,0.2300338815939613,12.217,57.1
38316,2004-11-29 00:00:00,0.0333206816984293,-0.1723172466627554,0.2389586100596141,12.217,57.1
38317,2004-11-30 00:00:00,0.0356045453056673,-0.1698875688637741,0.2410966594751089,12.217,57.1
38318,2004-12-01 00:00:00,0.1466575504731424,-0.0588341184892811,0.3521492194355659,12.217,57.1
38319,2004-12-02 00:00:00,0.0700217482562156,-0.1355603744517861,0.2756038709642174,12.217,57.1
38320,2004-12-03 00:00:00,0.0301487792176522,-0.1753715905198321,0.2356691489551365,12.217,57.1
38321,2004-12-04 00:00:00,0.0616158210340995,-0.1439703249547956,0.2672019670229947,12.217,57.1
38322,2004-12-05 00:00:00,0.2321576326614048,0.0263651911198699,0.4379500742029397,12.217,57.1
38323,2004-12-06 00:00:00,0.3537926419501431,0.1455011745349254,0.5620841093653608,12.217,57.1
38324,2004-12-07 00:00:00,0.2667264720361784,0.0588063515706082,0.4746465925017487,12.217,57.1
38325,2004-12-08 00:00:00,0.3384540217838903,0.1316140556949115,0.5452939878728691,12.217,57.1
38326,2004-12-09 00:00:00,0.0063272280495729,-0.2000166313485249,0.2126710874476707,12.217,57.1
38327,2004-12-10 00:00:00,0.0718678579924575,-0.1336834006988268,0.2774191166837418,12.217,57.1
38328,2004-12-11 00:00:00,0.0791130864181599,-0.1264759600481634,0.2847021328844833,12.217,57.1
38329,2004-12-12 00:00:00,0.0079027416819605,-0.1976826152664946,0.2134880986304157,12.217,57.1
38330,2004-12-13 00:00:00,-0.0104729366499299,-0.2159867986841158,0.1950409253842559,12.217,57.1
38331,2004-12-14 00:00:00,-0.0047061138647782,-0.2101609133239699,0.2007486855944134,12.217,57.1
38332,2004-12-15 00:00:00,0.1912710940202085,-0.0152863151703045,0.3978285032107216,12.217,57.1
38333,2004-12-16 00:00:00,0.326402980289119,0.1188200214070734,0.5339859391711647,12.217,57.1
38334,2004-12-17 00:00:00,0.3147349629586925,0.1076436805776277,0.5218262453397573,12.217,57.1
38335,2004-12-18 00:00:00,0.5272235489885201,0.3200175985178128,0.7344294994592273,12.217,57.1
38336,2004-12-19 00:00:00,0.1844201936289062,-0.0219557029259075,0.3907960901837201,12.217,57.1
38337,2004-12-20 00:00:00,0.0857228607954315,-0.1208586636860791,0.2923043852769422,12.217,57.1
38338,2004-12-21 00:00:00,0.0511477326395273,-0.1547391055872054,0.2570345708662602,12.217,57.1
38339,2004-12-22 00:00:00,0.1001673530976196,-0.1057063249979442,0.3060410311931835,12.217,57.1
38340,2004-12-23 00:00:00,0.4481367278024057,0.2345969832275681,0.6616764723772433,12.217,57.1
38341,2004-12-24 00:00:00,0.6538727966295057,0.4440550555399942,0.8636905377190172,12.217,57.1
38342,2004-12-25 00:00:00,0.2762759516825185,0.0689226835877339,0.4836292197773032,12.217,57.1
38343,2004-12-26 00:00:00,0.4043173652082567,0.1967384554219904,0.6118962749945229,12.217,57.1
38344,2004-12-27 00:00:00,0.0309615922903721,-0.1753520173305952,0.2372752019113395,12.217,57.1
38345,2004-12-28 00:00:00,0.1129174177569461,-0.0934990642825067,0.319333899796399,12.217,57.1
38346,2004-12-29 00:00:00,0.2775543106938238,0.0701874476146086,0.484921173773039,12.217,57.1
38347,2004-12-30 00:00:00,0.0793697967817711,-0.1274950501403318,0.2862346437038741,12.217,57.1
38348,2004-12-31 00:00:00,0.3761171397896664,0.168966975607743,0.5832673039715899,12.217,57.1
38349,2005-01-01 00:00:00,0.0677971179600104,-0.1381190619989854,0.2737132979190062,12.217,57.1
38350,2005-01-02 00:00:00,0.173989576116854,-0.0341250464657019,0.3821041986994099,12.217,57.1
38351,2005-01-03 00:00:00,0.5637340472271904,0.3536185764414267,0.7738495180129542,12.217,57.1
38352,2005-01-04 00:00:00,0.2402054824156909,0.0336926781088814,0.4467182867225005,12.217,57.1
38353,2005-01-05 00:00:00,0.566098505279455,0.3591068132345054,0.7730901973244046,12.217,57.1
38354,2005-01-06 00:00:00,0.2816269730540929,0.0749891676487014,0.4882647784594844,12.217,57.1
38355,2005-01-07 00:00:00,0.3241544349096353,0.1160416842653124,0.5322671855539582,12.217,57.1
38356,2005-01-08 00:00:00,0.5096424486151456,0.3020989025718548,0.7171859946584365,12.217,57.1
38357,2005-01-09 00:00:00,1.7391739464445577,1.5016927975723289,1.976655095316786,12.217,57.1
38358,2005-01-10 00:00:00,0.4393068861597864,0.2060923126505507,0.6725214596690221,12.217,57.1
38359,2005-01-11 00:00:00,0.5949747677137164,0.3864018812899465,0.8035476541374862,12.217,57.1
38360,2005-01-12 00:00:00,0.1781737899917395,-0.0297576174022348,0.3861051973857139,12.217,57.1
38361,2005-01-13 00:00:00,0.558634780636573,0.3465480184634981,0.7707215428096479,12.217,57.1
38362,2005-01-14 00:00:00,0.3075343517074987,0.0971308765956745,0.517937826819323,12.217,57.1
38363,2005-01-15 00:00:00,-0.0461529032170353,-0.2520622775692999,0.1597564711352292,12.217,57.1
38364,2005-01-16 00:00:00,0.0952018259752668,-0.1104950158098955,0.3008986677604293,12.217,57.1
38365,2005-01-17 00:00:00,0.1686649022856728,-0.0372095773312605,0.3745393819026061,12.217,57.1
38366,2005-01-18 00:00:00,0.3026455762482913,0.0958183954467751,0.5094727570498077,12.217,57.1
38367,2005-01-19 00:00:00,0.3421640358022152,0.1349294307632257,0.5493986408412048,12.217,57.1
38368,2005-01-20 00:00:00,0.2143792819816429,0.0081679065146037,0.4205906574486822,12.217,57.1
38369,2005-01-21 00:00:00,0.4943734074049608,0.2855702776680136,0.703176537141908,12.217,57.1
38370,2005-01-22 00:00:00,0.1669259560281172,-0.0402507100007741,0.3741026220570086,12.217,57.1
38371,2005-01-23 00:00:00,-0.0029377732597367,-0.208781988416741,0.2029064418972676,12.217,57.1
38372,2005-01-24 00:00:00,-0.0270568694296989,-0.2347083238910187,0.1805945850316208,12.217,57.1
38373,2005-01-25 00:00:00,-0.1508863207412957,-0.3587742788234286,0.0570016373408372,12.217,57.1
38374,2005-01-26 00:00:00,-0.1604734443430771,-0.3664755899766782,0.0455287012905239,12.217,57.1
38375,2005-01-27 00:00:00,-0.0795788980471743,-0.2852687554885875,0.1261109593942387,12.217,57.1
38376,2005-01-28 00:00:00,0.0389675099690432,-0.1667348547833358,0.2446698747214223,12.217,57.1
38377,2005-01-29 00:00:00,-0.0289667710186718,-0.2344841419612803,0.1765505999239366,12.217,57.1
38378,2005-01-30 00:00:00,0.0469980408596675,-0.1585593493231506,0.2525554310424857,12.217,57.1
38379,2005-01-31 00:00:00,0.266536293419724,0.0604281242892401,0.4726444625502079,12.217,57.1
38380,2005-02-01 00:00:00,0.1072228234429457,-0.1000938918579571,0.3145395387438486,12.217,57.1
38381,2005-02-02 00:00:00,-0.0400578496006453,-0.2462306891577648,0.1661149899564741,12.217,57.1
38382,2005-02-03 00:00:00,-0.031503894056366,-0.2371368077641963,0.1741290196514641,12.217,57.1
38383,2005-02-04 00:00:00,-0.0306620143255264,-0.2363248056472615,0.1750007769962087,12.217,57.1
38384,2005-02-05 00:00:00,0.0780224244577616,-0.1277444629645772,0.2837893118801006,12.217,57.1
38385,2005-02-06 00:00:00,0.0856159322448006,-0.1202020080720638,0.2914338725616651,12.217,57.1
38386,2005-02-07 00:00:00,0.0027088245747748,-0.2029874556750351,0.2084051048245849,12.217,57.1
38387,2005-02-08 00:00:00,0.0080944524570031,-0.1975193384258791,0.2137082433398853,12.217,57.1
38388,2005-02-09 00:00:00,0.0247573693930538,-0.180943538072543,0.2304582768586508,12.217,57.1
38389,2005-02-10 00:00:00,0.133610561294018,-0.072879563889518,0.3401006864775541,12.217,57.1
38390,2005-02-11 00:00:00,0.4678024472177389,0.2593703883587293,0.6762345060767485,12.217,57.1
38391,2005-02-12 00:00:00,0.1362292048486579,-0.069755763664441,0.3422141733617569,12.217,57.1
38392,2005-02-13 00:00:00,0.1709133599964546,-0.040053340749153,0.3818800607420624,12.217,57.1
38393,2005-02-14 00:00:00,0.1422888840108727,-0.0764427773332182,0.3610205453549636,12.217,57.1
38394,2005-02-15 00:00:00,-0.1828253538236953,-0.3971999337787408,0.0315492261313501,12.217,57.1
38395,2005-02-16 00:00:00,-0.2010991899542,-0.4081779330602948,0.0059795531518947,12.217,57.1
38396,2005-02-17 00:00:00,-0.0746615580547668,-0.2804125080503553,0.1310893919408216,12.217,57.1
38397,2005-02-18 00:00:00,0.031894908961264,-0.1737928088865554,0.2375826268090834,12.217,57.1
38398,2005-02-19 00:00:00,0.2517524215035372,0.04549589141747,0.4580089515896045,12.217,57.1
38399,2005-02-20 00:00:00,0.1368479675827599,-0.0693311119775212,0.3430270471430411,12.217,57.1
38400,2005-02-21 00:00:00,0.0109343507394323,-0.1947871041672998,0.2166558056461645,12.217,57.1
38401,2005-02-22 00:00:00,-0.1141678371687772,-0.3201278528064658,0.0917921784689113,12.217,57.1
38402,2005-02-23 00:00:00,-0.1918087552879838,-0.3987694696561328,0.015151959080165,12.217,57.1
38403,2005-02-24 00:00:00,-0.2006689081697041,-0.4087613331800426,0.0074235168406343,12.217,57.1
38404,2005-02-25 00:00:00,-0.1043590020975322,-0.3121032112286611,0.1033852070335966,12.217,57.1
38405,2005-02-26 00:00:00,-0.0373894384104075,-0.2431705528488795,0.1683916760280644,12.217,57.1
38406,2005-02-27 00:00:00,-0.0484997010275002,-0.2543652718966376,0.1573658698416371,12.217,57.1
38407,2005-02-28 00:00:00,-0.0678722878803468,-0.274724630693156,0.1389800549324623,12.217,57.1
38408,2005-03-01 00:00:00,0.1446008395824243,-0.0621259642278052,0.3513276433926539,12.217,57.1
38409,2005-03-02 00:00:00,0.0726004290708789,-0.1346311935581023,0.2798320516998602,12.217,57.1
38410,2005-03-03 00:00:00,-0.0035055136502855,-0.2099726890117071,0.2029616617111361,12.217,57.1
38411,2005-03-04 00:00:00,0.0499076680507357,-0.1560435908162091,0.2558589269176806,12.217,57.1
38412,2005-03-05 00:00:00,0.1614600734116676,-0.0451327307647359,0.3680528775880713,12.217,57.1
38413,2005-03-06 00:00:00,-0.0573299086314268,-0.2636534717402425,0.1489936544773887,12.217,57.1
38414,2005-03-07 00:00:00,-0.0475433506972732,-0.2535318405821942,0.1584451391876477,12.217,57.1
38415,2005-03-08 00:00:00,0.0067882109924509,-0.1988033642979414,0.2123797862828433,12.217,57.1
38416,2005-03-09 00:00:00,0.022197531901973,-0.1834882308379729,0.227883294641919,12.217,57.1
38417,2005-03-10 00:00:00,-0.0432605059589408,-0.2492681636299471,0.1627471517120654,12.217,57.1
38418,2005-03-11 00:00:00,0.1831681006656023,-0.0228979947838628,0.3892341961150675,12.217,57.1
38419,2005-03-12 00:00:00,0.5187526658587669,0.3096432076100108,0.7278621241075229,12.217,57.1
38420,2005-03-13 00:00:00,0.0470903832788291,-0.1613435639377118,0.2555243304953701,12.217,57.1
38421,2005-03-14 00:00:00,0.1176961327744434,-0.0883397564197233,0.3237320219686103,12.217,57.1
38422,2005-03-15 00:00:00,0.1699003465515398,-0.0361721694793855,0.3759728625824651,12.217,57.1
38423,2005-03-16 00:00:00,0.1225748152469299,-0.0834741005704593,0.3286237310643192,12.217,57.1
38424,2005-03-17 00:00:00,0.2684158734305358,0.0623600419839763,0.4744717048770954,12.217,57.1
38425,2005-03-18 00:00:00,0.2364834288922772,0.0305035693127482,0.4424632884718062,12.217,57.1
38426,2005-03-19 00:00:00,0.0232812207416593,-0.1828440659712557,0.2294065074545743,12.217,57.1
38427,2005-03-20 00:00:00,-0.0905579012192405,-0.2963890661857649,0.1152732637472837,12.217,57.1
38428,2005-03-21 00:00:00,-0.0251093228721268,-0.2306172505769403,0.1803986048326867,12.217,57.1
38429,2005-03-22 00:00:00,0.0533902459454916,-0.1521275479481335,0.2589080398391168,12.217,57.1
38430,2005-03-23 00:00:00,0.0896592475850293,-0.1159026029505159,0.2952210981205747,12.217,57.1
38431,2005-03-24 00:00:00,0.0535078610704982,-0.1520963896307173,0.2591121117717137,12.217,57.1
38432,2005-03-25 00:00:00,0.0208222516736936,-0.1846642151335462,0.2263087184809335,12.217,57.1
38433,2005-03-26 00:00:00,0.03136580415933,-0.1741804811903754,0.2369120895090354,12.217,57.1
38434,2005-03-27 00:00:00,0.0101855380075061,-0.195348896546161,0.2157199725611733,12.217,57.1
38435,2005-03-28 00:00:00,-0.0292885224992559,-0.2348630119822204,0.1762859669837085,12.217,57.1
38436,2005-03-29 00:00:00,-0.026796467972625,-0.2325966033667452,0.1790036674214951,12.217,57.1
38437,2005-03-30 00:00:00,-0.1078488454489473,-0.3136979991853196,0.0980003082874249,12.217,57.1
38438,2005-03-31 00:00:00,-0.0729542033174271,-0.2787866121460971,0.1328782055112429,12.217,57.1
38439,2005-04-01 00:00:00,-0.0591801515905696,-0.2647823308468882,0.1464220276657488,12.217,57.1
38440,2005-04-02 00:00:00,-0.016167093872033,-0.2216690883651205,0.1893349006210544,12.217,57.1
38441,2005-04-03 00:00:00,0.0005162184312351,-0.205002348722678,0.2060347855851483,12.217,57.1
38442,2005-04-04 00:00:00,0.0417230304177115,-0.1637859663189344,0.2472320271543576,12.217,57.1
38443,2005-04-05 00:00:00,0.0886819455397669,-0.117128655176895,0.2944925462564288,12.217,57.1
38444,2005-04-06 00:00:00,0.2142962542056004,0.007920926357982,0.4206715820532187,12.217,57.1
38445,2005-04-07 00:00:00,0.2008748951642556,-0.0055418699055099,0.4072916602340212,12.217,57.1
38446,2005-04-08 00:00:00,0.3119534689041349,0.1057183269371193,0.5181886108711504,12.217,57.1
38447,2005-04-09 00:00:00,0.1792640152914778,-0.0264922462145619,0.3850202767975176,12.217,57.1
38448,2005-04-10 00:00:00,0.0834745083348855,-0.1221017064842559,0.289050723154027,12.217,57.1
38449,2005-04-11 00:00:00,0.1454672334448921,-0.060606112927962,0.3515405798177463,12.217,57.1
38450,2005-04-12 00:00:00,0.1744806740947347,-0.0324754289784912,0.3814367771679607,12.217,57.1
38451,2005-04-13 00:00:00,0.1529880785161728,-0.0532834520150545,0.3592596090474003,12.217,57.1
38452,2005-04-14 00:00:00,0.0998469852259861,-0.1061028260719803,0.3057967965239527,12.217,57.1
38453,2005-04-15 00:00:00,0.0394256714452186,-0.1660981838811484,0.2449495267715856,12.217,57.1
38454,2005-04-16 00:00:00,0.0207401631855654,-0.1847375684948792,0.2262178948660101,12.217,57.1
38455,2005-04-17 00:00:00,-0.0408954843796621,-0.2465216341099605,0.1647306653506362,12.217,57.1
38456,2005-04-18 00:00:00,0.0172088453203625,-0.1884739405329071,0.2228916311736322,12.217,57.1
38457,2005-04-19 00:00:00,0.0148315163468285,-0.1909640380299011,0.2206270707235582,12.217,57.1
38458,2005-04-20 00:00:00,-0.0191011377908293,-0.2248872436231112,0.1866849680414525,12.217,57.1
38459,2005-04-21 00:00:00,-0.033327471549135,-0.2390992622021378,0.1724443191038677,12.217,57.1
38460,2005-04-22 00:00:00,0.0312432423462418,-0.1745690385705196,0.2370555232630032,12.217,57.1
38461,2005-04-23 00:00:00,0.0161887146193885,-0.1892829149499004,0.2216603441886774,12.217,57.1
38462,2005-04-24 00:00:00,0.0028713601199303,-0.202554678298221,0.2082973985380817,12.217,57.1
38463,2005-04-25 00:00:00,-0.0089326005781801,-0.2144611540755503,0.1965959529191899,12.217,57.1
38464,2005-04-26 00:00:00,-0.0076917668120188,-0.2133258702821736,0.1979423366581359,12.217,57.1
38465,2005-04-27 00:00:00,-0.000209192505047,-0.2057238546445981,0.2053054696345041,12.217,57.1
38466,2005-04-28 00:00:00,0.0542208217302773,-0.1513171534304042,0.2597587968909589,12.217,57.1
38467,2005-04-29 00:00:00,-0.013475168168175,-0.2190330773193906,0.1920827409830404,12.217,57.1
38468,2005-04-30 00:00:00,0.0736531601684918,-0.1320654987794723,0.279371819116456,12.217,57.1
38469,2005-05-01 00:00:00,0.0601321816064041,-0.1454137565979067,0.265678119810715,12.217,57.1
38470,2005-05-02 00:00:00,0.066977606193864,-0.1384939663609596,0.2724491787486878,12.217,57.1
38471,2005-05-03 00:00:00,0.0533403220490949,-0.1526174517733002,0.2592980958714902,12.217,57.1
38472,2005-05-04 00:00:00,0.074901164611209,-0.1307112444894531,0.2805135737118712,12.217,57.1
38473,2005-05-05 00:00:00,0.0467893878527433,-0.159008912945059,0.2525876886505457,12.217,57.1
38474,2005-05-06 00:00:00,0.1778895754375204,-0.0278931664531259,0.3836723173281668,12.217,57.1
38475,2005-05-07 00:00:00,0.2139867734033968,0.0084547071732137,0.41951883963358,12.217,57.1
38476,2005-05-08 00:00:00,0.1931809009353114,-0.0125223474995413,0.3988841493701643,12.217,57.1
38477,2005-05-09 00:00:00,0.1759120609321293,-0.0298140578641153,0.381638179728374,12.217,57.1
38478,2005-05-10 00:00:00,0.077424502175022,-0.1281607576891537,0.2830097620391977,12.217,57.1
38479,2005-05-11 00:00:00,-0.0288018256960871,-0.2344125328563879,0.1768088814642135,12.217,57.1
38480,2005-05-12 00:00:00,0.004020854624024,-0.20152026763025,0.209561976878298,12.217,57.1
38481,2005-05-13 00:00:00,-0.0386474116345476,-0.2441912554138957,0.1668964321448004,12.217,57.1
38482,2005-05-14 00:00:00,-0.0068956579293317,-0.2124072393774064,0.1986159235187429,12.217,57.1
38483,2005-05-15 00:00:00,0.012411646186714,-0.1935070858422646,0.2183303782156927,12.217,57.1
38484,2005-05-16 00:00:00,0.0695474855746626,-0.1362930308102984,0.2753880019596237,12.217,57.1
38485,2005-05-17 00:00:00,0.2245274730913287,0.0182112681969564,0.430843677985701,12.217,57.1
38486,2005-05-18 00:00:00,0.0933215140431302,-0.1123714110747354,0.2990144391609959,12.217,57.1
38487,2005-05-19 00:00:00,0.1389802202158581,-0.0667286103876729,0.3446890508193893,12.217,57.1
38488,2005-05-20 00:00:00,0.0286747164351183,-0.1772713498088133,0.2346207826790501,12.217,57.1
38489,2005-05-21 00:00:00,0.1760192095953037,-0.0298771842434215,0.3819156034340291,12.217,57.1
38490,2005-05-22 00:00:00,0.0917057794587261,-0.1142555069846114,0.2976670659020638,12.217,57.1
38491,2005-05-23 00:00:00,0.0938851976669604,-0.1117417443092241,0.2995121396431451,12.217,57.1
38492,2005-05-24 00:00:00,0.0487867772738731,-0.1569025912341419,0.2544761457818881,12.217,57.1
38493,2005-05-25 00:00:00,0.0934042385298747,-0.1125692122490428,0.2993776893087924,12.217,57.1
38494,2005-05-26 00:00:00,0.0894469489351443,-0.1163587168634196,0.2952526147337083,12.217,57.1
38495,2005-05-27 00:00:00,0.1692076218964908,-0.0376790916915204,0.376094335484502,12.217,57.1
38496,2005-05-28 00:00:00,0.0913396136120588,-0.1155985693441922,0.29827779656831,12.217,57.1
38497,2005-05-29 00:00:00,0.110884456441747,-0.0951224587117216,0.3168913715952157,12.217,57.1
38498,2005-05-30 00:00:00,0.1384752337629591,-0.0675740573772652,0.3445245249031834,12.217,57.1
38499,2005-05-31 00:00:00,0.0392802586563202,-0.1664862157597608,0.2450467330724013,12.217,57.1
38500,2005-06-01 00:00:00,0.0373392623378734,-0.1687522523541127,0.2434307770298595,12.217,57.1
38501,2005-06-02 00:00:00,0.0915546138533403,-0.1143179336117497,0.2974271613184305,12.217,57.1
38502,2005-06-03 00:00:00,0.1267463016828811,-0.0789012412677316,0.3323938446334938,12.217,57.1
38503,2005-06-04 00:00:00,0.1570064744173445,-0.0486009698067771,0.3626139186414661,12.217,57.1
38504,2005-06-05 00:00:00,0.1809871726614549,-0.0251692396331195,0.3871435849560293,12.217,57.1
38505,2005-06-06 00:00:00,0.1685758919693291,-0.0375265114949466,0.3746782954336048,12.217,57.1
38506,2005-06-07 00:00:00,0.0424191915018071,-0.1639063934231105,0.2487447764267248,12.217,57.1
38507,2005-06-08 00:00:00,-0.0631873601842433,-0.2697244555148583,0.1433497351463716,12.217,57.1
38508,2005-06-09 00:00:00,-0.0529570506782198,-0.2584616881533766,0.1525475867969368,12.217,57.1
38509,2005-06-10 00:00:00,0.0788368396387298,-0.1268616695704201,0.2845353488478799,12.217,57.1
38510,2005-06-11 00:00:00,0.1138470531205864,-0.0921381302591368,0.3198322365003096,12.217,57.1
38511,2005-06-12 00:00:00,0.1006623415637644,-0.1052901414896419,0.3066148246171707,12.217,57.1
38512,2005-06-13 00:00:00,0.139049919735986,-0.0668628861689034,0.3449627256408755,12.217,57.1
38513,2005-06-14 00:00:00,0.2420152682168635,0.0350876939762139,0.4489428424575131,12.217,57.1
38514,2005-06-15 00:00:00,0.0269942938042878,-0.1795690373325398,0.2335576249411156,12.217,57.1
38515,2005-06-16 00:00:00,0.0244915138273869,-0.1810222557333606,0.2300052833881344,12.217,57.1
38516,2005-06-17 00:00:00,0.0389782230032873,-0.1665056014107916,0.2444620474173663,12.217,57.1
38517,2005-06-18 00:00:00,0.0574776606413207,-0.1485768037412436,0.2635321250238851,12.217,57.1
38518,2005-06-19 00:00:00,0.0131902567343043,-0.1931215302122181,0.2195020436808269,12.217,57.1
38519,2005-06-20 00:00:00,0.0240272549614046,-0.1815683697044913,0.2296228796273006,12.217,57.1
38520,2005-06-21 00:00:00,0.0976071440961759,-0.1079722613515765,0.3031865495439283,12.217,57.1
38521,2005-06-22 00:00:00,0.089756891607733,-0.116062510095107,0.2955762933105731,12.217,57.1
38522,2005-06-23 00:00:00,0.1483421382554995,-0.0576133073073,0.354297583818299,12.217,57.1
38523,2005-06-24 00:00:00,0.1241923406001707,-0.0815833224020714,0.3299680036024128,12.217,57.1
38524,2005-06-25 00:00:00,0.0308182649996219,-0.1749087336951628,0.2365452636944067,12.217,57.1
38525,2005-06-26 00:00:00,-0.0106855471573064,-0.2163761050368893,0.1950050107222764,12.217,57.1
38526,2005-06-27 00:00:00,0.0412285102779781,-0.1644514773189436,0.2469084978749,12.217,57.1
38527,2005-06-28 00:00:00,0.1903044878397089,-0.0158065627075604,0.3964155383869783,12.217,57.1
38528,2005-06-29 00:00:00,0.096892403581073,-0.1090909827072462,0.3028757898693924,12.217,57.1
38529,2005-06-30 00:00:00,0.076733181150956,-0.1293398774617968,0.2828062397637088,12.217,57.1
38530,2005-07-01 00:00:00,0.0735808679713822,-0.1319733041160824,0.279135040058847,12.217,57.1
38531,2005-07-02 00:00:00,0.0251180317835361,-0.1804033972233409,0.2306394607904132,12.217,57.1
38532,2005-07-03 00:00:00,0.0124308194601262,-0.1929825677731213,0.2178442066933738,12.217,57.1
38533,2005-07-04 00:00:00,0.0691618706773975,-0.1362402321814837,0.2745639735362789,12.217,57.1
38534,2005-07-05 00:00:00,0.0821107738690825,-0.1236008163388488,0.2878223640770139,12.217,57.1
38535,2005-07-06 00:00:00,0.0282609317526942,-0.17802279859304,0.2345446620984286,12.217,57.1
38536,2005-07-07 00:00:00,0.0311248726507361,-0.1747876879584463,0.2370374332599186,12.217,57.1
38537,2005-07-08 00:00:00,0.0021629885457533,-0.2033581349558356,0.2076841120473422,12.217,57.1
38538,2005-07-09 00:00:00,-0.0335497187540363,-0.2389523735344289,0.1718529360263562,12.217,57.1
38539,2005-07-10 00:00:00,-0.0240522224334183,-0.2295068910103398,0.1814024461435032,12.217,57.1
38540,2005-07-11 00:00:00,-0.0343464338068356,-0.2398770813923093,0.171184213778638,12.217,57.1
38541,2005-07-12 00:00:00,-0.0550325019679786,-0.2605334664625431,0.1504684625265859,12.217,57.1
38542,2005-07-13 00:00:00,0.0258222578327619,-0.179733793410351,0.231378309075875,12.217,57.1
38543,2005-07-14 00:00:00,0.0725142095558289,-0.1333664899537487,0.2783949090654067,12.217,57.1
38544,2005-07-15 00:00:00,0.0877114001841683,-0.1180606357859934,0.2934834361543301,12.217,57.1
38545,2005-07-16 00:00:00,0.1082657713855388,-0.0975885105666049,0.3141200533376826,12.217,57.1
38546,2005-07-17 00:00:00,0.1783755196237844,-0.0274632071825771,0.384214246430146,12.217,57.1
38547,2005-07-18 00:00:00,0.1284919328616851,-0.0771435291601431,0.3341273948835134,12.217,57.1
38548,2005-07-19 00:00:00,0.1341799059184322,-0.0713350543901312,0.3396948662269957,12.217,57.1
38549,2005-07-20 00:00:00,0.2371169766031894,0.0313817300557943,0.4428522231505846,12.217,57.1
38550,2005-07-21 00:00:00,0.2051054079113853,-0.0007650396308434,0.410975855453614,12.217,57.1
38551,2005-07-22 00:00:00,0.0777816016309631,-0.1283633863478532,0.2839265896097795,12.217,57.1
38552,2005-07-23 00:00:00,0.027472975218745,-0.1783839258419295,0.2333298762794196,12.217,57.1
38553,2005-07-24 00:00:00,0.1793279917346084,-0.0270156568121044,0.3856716402813214,12.217,57.1
38554,2005-07-25 00:00:00,0.2376728170722623,0.031912391990918,0.4434332421536066,12.217,57.1
38555,2005-07-26 00:00:00,0.1329165472764169,-0.0726996493349812,0.3385327438878152,12.217,57.1
38556,2005-07-27 00:00:00,0.1325915452824924,-0.0729135960463227,0.3380966866113076,12.217,57.1
38557,2005-07-28 00:00:00,0.1057134890568963,-0.0998451642261479,0.3112721423399405,12.217,57.1
38558,2005-07-29 00:00:00,0.0261303485675531,-0.1793649308780036,0.2316256280131098,12.217,57.1
38559,2005-07-30 00:00:00,0.0379104341704391,-0.1675711043758322,0.2433919727167106,12.217,57.1
38560,2005-07-31 00:00:00,0.1071944210151433,-0.0987602261774469,0.3131490682077336,12.217,57.1
38561,2005-08-01 00:00:00,0.0893142034305136,-0.1168316581523997,0.2954600650134271,12.217,57.1
38562,2005-08-02 00:00:00,0.0842525168065882,-0.1216670744820541,0.2901721080952307,12.217,57.1
38563,2005-08-03 00:00:00,0.0751507821484259,-0.130393994551402,0.2806955588482539,12.217,57.1
38564,2005-08-04 00:00:00,0.1094419303519631,-0.096071527374152,0.3149553880780782,12.217,57.1
38565,2005-08-05 00:00:00,0.1701664034122804,-0.0355026426146163,0.3758354494391772,12.217,57.1
38566,2005-08-06 00:00:00,0.1203698309329353,-0.0854782380484225,0.3262178999142932,12.217,57.1
38567,2005-08-07 00:00:00,0.1375377371928353,-0.0683024900857071,0.3433779644713779,12.217,57.1
38568,2005-08-08 00:00:00,0.1219184219551177,-0.0838584966664813,0.3276953405767168,12.217,57.1
38569,2005-08-09 00:00:00,0.0681398283658424,-0.1375560841809434,0.2738357409126283,12.217,57.1
38570,2005-08-10 00:00:00,0.0655614324137341,-0.1404525775848513,0.2715754424123195,12.217,57.1
38571,2005-08-11 00:00:00,0.2691574294420633,0.0624125873139133,0.4759022715702132,12.217,57.1
38572,2005-08-12 00:00:00,0.2629930607191179,0.0569059391874987,0.4690801822507371,12.217,57.1
38573,2005-08-13 00:00:00,0.1571938023117701,-0.0484890547306172,0.3628766593541576,12.217,57.1
38574,2005-08-14 00:00:00,0.1411486434660357,-0.06446861237679,0.3467658993088616,12.217,57.1
38575,2005-08-15 00:00:00,0.0410046716755958,-0.1646998889437865,0.2467092322949783,12.217,57.1
38576,2005-08-16 00:00:00,0.0714389425056965,-0.1341358501349932,0.2770137351463864,12.217,57.1
38577,2005-08-17 00:00:00,0.0577714017315051,-0.1479240942059853,0.2634668976689957,12.217,57.1
38578,2005-08-18 00:00:00,0.0157320200836842,-0.1897252014931361,0.2211892416605046,12.217,57.1
38579,2005-08-19 00:00:00,0.0408558341684593,-0.1646152530897888,0.2463269214267075,12.217,57.1
38580,2005-08-20 00:00:00,0.0603902755345056,-0.1450638269808485,0.2658443780498599,12.217,57.1
38581,2005-08-21 00:00:00,-0.0199336362479571,-0.2254344835221275,0.1855672110262132,12.217,57.1
38582,2005-08-22 00:00:00,0.007424098427697,-0.1980464459923531,0.2128946428477472,12.217,57.1
38583,2005-08-23 00:00:00,0.0594337428718133,-0.1462244926894723,0.265091978433099,12.217,57.1
38584,2005-08-24 00:00:00,0.0463985492388671,-0.1592968965471316,0.2520939950248658,12.217,57.1
38585,2005-08-25 00:00:00,0.1625788967928857,-0.0435026804102086,0.36866047399598,12.217,57.1
38586,2005-08-26 00:00:00,0.1836889815510179,-0.0236188852070783,0.3909968483091142,12.217,57.1
38587,2005-08-27 00:00:00,0.2061411776203598,5.8409282891663805e-05,0.4122239459578281,12.217,57.1
38588,2005-08-28 00:00:00,0.150870452701436,-0.0547402844518926,0.3564811898547647,12.217,57.1
38589,2005-08-29 00:00:00,0.1457452633633539,-0.0602669220972676,0.3517574488239754,12.217,57.1
38590,2005-08-30 00:00:00,0.2649794371728933,0.0572197691844271,0.4727391051613594,12.217,57.1
38591,2005-08-31 00:00:00,-0.0206124405608355,-0.2277888352166505,0.1865639540949794,12.217,57.1
38592,2005-09-01 00:00:00,0.0335619874264407,-0.1719868151126999,0.2391107899655814,12.217,57.1
38593,2005-09-02 00:00:00,0.0911542588112944,-0.1145929675474965,0.2969014851700854,12.217,57.1
38594,2005-09-03 00:00:00,-0.0550844553582615,-0.2612489672225863,0.1510800565060631,12.217,57.1
38595,2005-09-04 00:00:00,-0.0710350443728009,-0.2767818109507126,0.1347117222051108,12.217,57.1
38596,2005-09-05 00:00:00,0.0198185943523274,-0.1857878207853786,0.2254250094900335,12.217,57.1
38597,2005-09-06 00:00:00,0.0721692572848839,-0.1332797967355656,0.2776183113053334,12.217,57.1
38598,2005-09-07 00:00:00,0.1044588394217708,-0.1011280317145103,0.3100457105580521,12.217,57.1
38599,2005-09-08 00:00:00,0.2097750249939196,0.0039179657035518,0.4156320842842874,12.217,57.1
38600,2005-09-09 00:00:00,0.116997417936404,-0.0901648205777637,0.3241596564505717,12.217,57.1
38601,2005-09-10 00:00:00,-0.0302432493278023,-0.236219295699272,0.1757327970436673,12.217,57.1
38602,2005-09-11 00:00:00,-0.0204300326895302,-0.2260603719910493,0.1852003066119889,12.217,57.1
38603,2005-09-12 00:00:00,0.0362817871590575,-0.1696437937232207,0.2422073680413358,12.217,57.1
38604,2005-09-13 00:00:00,0.00105641017904,-0.2048913686963189,0.207004189054399,12.217,57.1
38605,2005-09-14 00:00:00,0.1175143992879903,-0.0891185982004643,0.324147396776445,12.217,57.1
38606,2005-09-15 00:00:00,0.5472159783348305,0.3367049233436876,0.7577270333259734,12.217,57.1
38607,2005-09-16 00:00:00,0.1227374092343855,-0.0840777599937177,0.3295525784624888,12.217,57.1
38608,2005-09-17 00:00:00,0.030006592123069,-0.1756697142743656,0.2356828985205037,12.217,57.1
38609,2005-09-18 00:00:00,0.0432941240206854,-0.1624875258848662,0.2490757739262372,12.217,57.1
38610,2005-09-19 00:00:00,0.1999883632939257,-0.00649839631791,0.4064751229057616,12.217,57.1
38611,2005-09-20 00:00:00,0.0909063153968536,-0.1149274247637065,0.2967400555574138,12.217,57.1
38612,2005-09-21 00:00:00,0.0658556744776213,-0.1400315393060525,0.2717428882612953,12.217,57.1
38613,2005-09-22 00:00:00,0.0087943419370514,-0.1967299030070667,0.2143185868811696,12.217,57.1
38614,2005-09-23 00:00:00,0.030989633508685,-0.1745870838517319,0.2365663508691019,12.217,57.1
38615,2005-09-24 00:00:00,0.1038463727379026,-0.1019885882795481,0.3096813337553534,12.217,57.1
38616,2005-09-25 00:00:00,0.0490981138432338,-0.1568796527863678,0.2550758804728355,12.217,57.1
38617,2005-09-26 00:00:00,0.0946529688981772,-0.1109240087657548,0.3002299465621094,12.217,57.1
38618,2005-09-27 00:00:00,0.0656212576846806,-0.1400538712570395,0.2712963866264009,12.217,57.1
38619,2005-09-28 00:00:00,0.1363178816894556,-0.0697460564491255,0.3423818198280368,12.217,57.1
38620,2005-09-29 00:00:00,0.2105048057581408,0.0046975049447856,0.416312106571496,12.217,57.1
38621,2005-09-30 00:00:00,0.0748964715457234,-0.1318148604967189,0.2816078035881658,12.217,57.1
38622,2005-10-01 00:00:00,0.0975847195972616,-0.1094011000311304,0.3045705392256537,12.217,57.1
38623,2005-10-02 00:00:00,0.1365094744211322,-0.0715920709551939,0.3446110197974583,12.217,57.1
38624,2005-10-03 00:00:00,0.0664857488907777,-0.1394249683405979,0.2723964661221535,12.217,57.1
38625,2005-10-04 00:00:00,-0.0215258334683716,-0.2271443844826833,0.18409271754594,12.217,57.1
38626,2005-10-05 00:00:00,-0.061404178970183,-0.2668495593497936,0.1440412014094275,12.217,57.1
38627,2005-10-06 00:00:00,-0.0138407006025988,-0.219325851243138,0.1916444500379402,12.217,57.1
38628,2005-10-07 00:00:00,-0.0160240562915396,-0.2215153491502767,0.1894672365671973,12.217,57.1
38629,2005-10-08 00:00:00,0.0239424815009868,-0.1815571092766857,0.2294420722786594,12.217,57.1
38630,2005-10-09 00:00:00,0.0845659811788198,-0.1211554972415695,0.2902874595992092,12.217,57.1
38631,2005-10-10 00:00:00,0.0931639683710709,-0.1132475695635855,0.2995755063057274,12.217,57.1
38632,2005-10-11 00:00:00,0.0481783898140172,-0.1575169662561005,0.2538737458841351,12.217,57.1
38633,2005-10-12 00:00:00,0.0759342367763406,-0.1297047289195,0.2815732024721814,12.217,57.1
38634,2005-10-13 00:00:00,0.0849755110904776,-0.1205304806859443,0.2904815028668997,12.217,57.1
38635,2005-10-14 00:00:00,0.0713285002649147,-0.1342751691207651,0.2769321696505946,12.217,57.1
38636,2005-10-15 00:00:00,-0.1203662781208948,-0.3262686624817599,0.0855361062399703,12.217,57.1
38637,2005-10-16 00:00:00,-0.1268860154608506,-0.3324831839095523,0.0787111529878511,12.217,57.1
38638,2005-10-17 00:00:00,-0.1072035210203874,-0.3127859794543307,0.0983789374135558,12.217,57.1
38639,2005-10-18 00:00:00,-0.0886742549050854,-0.2942154553320137,0.1168669455218427,12.217,57.1
38640,2005-10-19 00:00:00,-0.0659503759096965,-0.2715015738146602,0.1396008219952671,12.217,57.1
38641,2005-10-20 00:00:00,0.1146082835269436,-0.0910366271049635,0.3202531941588508,12.217,57.1
38642,2005-10-21 00:00:00,0.2690934645110623,0.0628920068369864,0.4752949221851381,12.217,57.1
38643,2005-10-22 00:00:00,0.2191333467372354,0.0128414269300501,0.4254252665444206,12.217,57.1
38644,2005-10-23 00:00:00,0.2437732795453804,0.037019052251797,0.4505275068389637,12.217,57.1
38645,2005-10-24 00:00:00,0.085702626868325,-0.1202144730474228,0.2916197267840728,12.217,57.1
38646,2005-10-25 00:00:00,0.0793692772635135,-0.12670450572581,0.2854430602528372,12.217,57.1
38647,2005-10-26 00:00:00,0.5377955575608486,0.3300033654015006,0.7455877497201966,12.217,57.1
38648,2005-10-27 00:00:00,0.20466772220037,-0.0020180273209084,0.4113534717216485,12.217,57.1
38649,2005-10-28 00:00:00,0.0849560429954542,-0.120901901476913,0.2908139874678215,12.217,57.1
38650,2005-10-29 00:00:00,0.1310167610307859,-0.0752069572640246,0.3372404793255965,12.217,57.1
38651,2005-10-30 00:00:00,0.1655441509173633,-0.0408222644172394,0.3719105662519661,12.217,57.1
38652,2005-10-31 00:00:00,0.1249587426722816,-0.0806668830952294,0.3305843684397926,12.217,57.1
38653,2005-11-01 00:00:00,0.159688049625304,-0.0460834396657696,0.3654595389163777,12.217,57.1
38654,2005-11-02 00:00:00,0.1594061153175267,-0.0463909675347209,0.3652031981697744,12.217,57.1
38655,2005-11-03 00:00:00,0.1609297462444692,-0.0448660439692512,0.3667255364581897,12.217,57.1
38656,2005-11-04 00:00:00,0.1818396233728555,-0.024489127064609,0.38816837381032,12.217,57.1
38657,2005-11-05 00:00:00,0.1765004549838082,-0.0296051952013682,0.3826061051689846,12.217,57.1
38658,2005-11-06 00:00:00,0.2657009036616757,0.0593617631097637,0.4720400442135878,12.217,57.1
38659,2005-11-07 00:00:00,0.2370709322464514,0.0303927328227861,0.4437491316701167,12.217,57.1
38660,2005-11-08 00:00:00,0.1981435132917264,-0.0080069994686202,0.4042940260520731,12.217,57.1
38661,2005-11-09 00:00:00,0.1362615274315787,-0.0703249210981433,0.3428479759613009,12.217,57.1
38662,2005-11-10 00:00:00,0.1645380229866705,-0.0427598404488102,0.3718358864221513,12.217,57.1
38663,2005-11-11 00:00:00,0.2877524930225468,0.0806895879718064,0.4948153980732873,12.217,57.1
38664,2005-11-12 00:00:00,0.2437769523002259,0.0370897258299619,0.4504641787704899,12.217,57.1
38665,2005-11-13 00:00:00,0.2462043712659018,0.0393783468426183,0.4530303956891853,12.217,57.1
38666,2005-11-14 00:00:00,0.176809274788585,-0.0296477119028708,0.3832662614800409,12.217,57.1
38667,2005-11-15 00:00:00,0.6072935626117162,0.3987125346149665,0.8158745906084659,12.217,57.1
38668,2005-11-16 00:00:00,0.24038756007798,0.029032074404079,0.451743045751881,12.217,57.1
38669,2005-11-17 00:00:00,0.1030741200079449,-0.1028313762268193,0.3089796162427093,12.217,57.1
38670,2005-11-18 00:00:00,-0.025357835107658,-0.2309575593048968,0.1802418890895806,12.217,57.1
38671,2005-11-19 00:00:00,-0.0782403332981069,-0.2838335495717605,0.1273528829755467,12.217,57.1
38672,2005-11-20 00:00:00,-0.042935037460436,-0.2485387480828018,0.1626686731619298,12.217,57.1
38673,2005-11-21 00:00:00,-0.0438104824675636,-0.249863367473289,0.1622424025381618,12.217,57.1
38674,2005-11-22 00:00:00,-0.0790511023253871,-0.2849129264853388,0.1268107218345646,12.217,57.1
38675,2005-11-23 00:00:00,-0.0713527931223915,-0.2768665502096227,0.1341609639648395,12.217,57.1
38676,2005-11-24 00:00:00,0.0310831212564572,-0.1744710561067441,0.2366372986196586,12.217,57.1
38677,2005-11-25 00:00:00,0.3186771095646143,0.1096943898285769,0.5276598293006516,12.217,57.1
38678,2005-11-26 00:00:00,0.2666310005407963,0.0579410600790562,0.4753209410025364,12.217,57.1
38679,2005-11-27 00:00:00,0.1324721635288214,-0.0740740894353987,0.3390184164930416,12.217,57.1
38680,2005-11-28 00:00:00,0.1338460974634929,-0.0718506321150296,0.3395428270420154,12.217,57.1
38681,2005-11-29 00:00:00,0.1054657703541596,-0.1003572848413636,0.3112888255496829,12.217,57.1
38682,2005-11-30 00:00:00,0.2057267708412579,-0.0002255270766136,0.4116790687591295,12.217,57.1
38683,2005-12-01 00:00:00,0.1385283113579784,-0.0673537894568676,0.3444104121728245,12.217,57.1
38684,2005-12-02 00:00:00,0.1971722038913555,-0.0091836388072534,0.4035280465899644,12.217,57.1
38685,2005-12-03 00:00:00,0.1808851153962853,-0.0249893844019385,0.3867596151945093,12.217,57.1
38686,2005-12-04 00:00:00,0.2050889829611036,-0.0007495704705815,0.4109275363927888,12.217,57.1
38687,2005-12-05 00:00:00,0.173706734538495,-0.0320454752986069,0.3794589443755969,12.217,57.1
38688,2005-12-06 00:00:00,0.1231231738413865,-0.0829983899599946,0.3292447376427677,12.217,57.1
38689,2005-12-07 00:00:00,0.0474270891563886,-0.1586040639659676,0.2534582422787449,12.217,57.1
38690,2005-12-08 00:00:00,-0.0030864844862771,-0.2090001244231293,0.202827155450575,12.217,57.1
38691,2005-12-09 00:00:00,-0.1275865658100385,-0.3335075226664993,0.0783343910464223,12.217,57.1
38692,2005-12-10 00:00:00,-0.1428002989792002,-0.3485663383343624,0.062965740375962,12.217,57.1
38693,2005-12-11 00:00:00,0.1908488744574757,-0.0150835912363614,0.3967813401513128,12.217,57.1
38694,2005-12-12 00:00:00,0.2583658690289452,0.0521274958662828,0.4646042421916077,12.217,57.1
38695,2005-12-13 00:00:00,-0.0156838614271979,-0.2218418455322694,0.1904741226778736,12.217,57.1
38696,2005-12-14 00:00:00,0.0600047742569733,-0.1456934892020442,0.2657030377159908,12.217,57.1
38697,2005-12-15 00:00:00,0.2039524348718225,-0.0027207064950514,0.4106255762386964,12.217,57.1
38698,2005-12-16 00:00:00,0.2630218562557783,0.0542564552901833,0.4717872572213732,12.217,57.1
38699,2005-12-17 00:00:00,0.1325791591377463,-0.0748815801123586,0.3400398983878512,12.217,57.1
38700,2005-12-18 00:00:00,-0.0074356762537701,-0.2140647782308995,0.1991934257233593,12.217,57.1
38701,2005-12-19 00:00:00,0.0528944712031793,-0.1533908174323068,0.2591797598386655,12.217,57.1
38702,2005-12-20 00:00:00,0.05760887206673,-0.1485241184098256,0.2637418625432857,12.217,57.1
38703,2005-12-21 00:00:00,-0.009844666743973,-0.2159122001869871,0.196222866699041,12.217,57.1
38704,2005-12-22 00:00:00,0.1129886119247635,-0.0928736000186533,0.3188508238681805,12.217,57.1
38705,2005-12-23 00:00:00,0.0764422536629836,-0.1295661443457794,0.2824506516717466,12.217,57.1
38706,2005-12-24 00:00:00,0.2189932821794721,0.013096286951989,0.4248902774069553,12.217,57.1
38707,2005-12-25 00:00:00,0.0963879698910423,-0.1103440821731581,0.3031200219552429,12.217,57.1
38708,2005-12-26 00:00:00,-0.0581000992350225,-0.2653360894562114,0.1491358909861662,12.217,57.1
38709,2005-12-27 00:00:00,-0.1253931664058311,-0.3342454432983021,0.0834591104866399,12.217,57.1
38710,2005-12-28 00:00:00,-0.1828518839133116,-0.3895910355258083,0.023887267699185,12.217,57.1
38711,2005-12-29 00:00:00,-0.0791841658165722,-0.2853182100057335,0.1269498783725889,12.217,57.1
38712,2005-12-30 00:00:00,0.0769967311676652,-0.1314090435364442,0.2854025058717748,12.217,57.1
38713,2005-12-31 00:00:00,0.1452588451585428,-0.0632166667604341,0.3537343570775197,12.217,57.1
38714,2006-01-01 00:00:00,0.1667057463889237,-0.0402228089730355,0.373634301750883,12.217,57.1
38715,2006-01-02 00:00:00,-0.0027176215944578,-0.2085118244103132,0.2030765812213975,12.217,57.1
38716,2006-01-03 00:00:00,-0.0644773828257751,-0.2700450886016066,0.1410903229500563,12.217,57.1
38717,2006-01-04 00:00:00,-0.0895243857787692,-0.2949750215688607,0.1159262500113222,12.217,57.1
38718,2006-01-05 00:00:00,-0.176087098946267,-0.3817952952002437,0.0296210973077097,12.217,57.1
38719,2006-01-06 00:00:00,-0.1270268130754676,-0.332842555296677,0.0787889291457417,12.217,57.1
38720,2006-01-07 00:00:00,-0.117269636729527,-0.3230014443910546,0.0884621709320005,12.217,57.1
38721,2006-01-08 00:00:00,-0.0793106312153729,-0.2849175813723786,0.1262963189416326,12.217,57.1
38722,2006-01-09 00:00:00,-0.0703017712115489,-0.2758943437893281,0.1352908013662302,12.217,57.1
38723,2006-01-10 00:00:00,0.0408478709328667,-0.1648504352347095,0.2465461771004431,12.217,57.1
38724,2006-01-11 00:00:00,0.1900726772942197,-0.0166358313957981,0.3967811859842376,12.217,57.1
38725,2006-01-12 00:00:00,0.4426712176398781,0.2351364719380307,0.6502059633417254,12.217,57.1
38726,2006-01-13 00:00:00,0.1243526819638421,-0.0822493103056364,0.3309546742333208,12.217,57.1
38727,2006-01-14 00:00:00,0.0650220463891951,-0.1410915572972473,0.2711356500756375,12.217,57.1
38728,2006-01-15 00:00:00,0.0474037336281588,-0.1582707040451835,0.2530781713015013,12.217,57.1
38729,2006-01-16 00:00:00,0.0511961814246538,-0.1543070784773328,0.2566994413266406,12.217,57.1
38730,2006-01-17 00:00:00,0.1209670835574127,-0.0845933071039626,0.3265274742187881,12.217,57.1
38731,2006-01-18 00:00:00,0.2401124755136482,0.034092476468692,0.4461324745586045,12.217,57.1
38732,2006-01-19 00:00:00,-0.0044220107936506,-0.2103626248823674,0.2015186032950661,12.217,57.1
38733,2006-01-20 00:00:00,0.0912704636702467,-0.1150218705127851,0.2975627978532785,12.217,57.1
38734,2006-01-21 00:00:00,0.2998575020259623,0.0917788162964699,0.5079361877554547,12.217,57.1
38735,2006-01-22 00:00:00,-0.1734533748863279,-0.3814797502329493,0.0345730004602934,12.217,57.1
38736,2006-01-23 00:00:00,-0.1032427912033674,-0.3091900602829984,0.1027044778762636,12.217,57.1
38737,2006-01-24 00:00:00,0.00387395618914,-0.2020089696209298,0.20975688199921,12.217,57.1
38738,2006-01-25 00:00:00,0.1099183190201107,-0.0960146172950518,0.3158512553352735,12.217,57.1
38739,2006-01-26 00:00:00,-0.0967840919642566,-0.303562506725451,0.1099943227969377,12.217,57.1
38740,2006-01-27 00:00:00,-0.1012723868337735,-0.3072920614532662,0.104747287785719,12.217,57.1
38741,2006-01-28 00:00:00,-0.0777194704329544,-0.2832609323199977,0.1278219914540887,12.217,57.1
38742,2006-01-29 00:00:00,-0.0304055076055683,-0.2359348300744201,0.1751238148632833,12.217,57.1
38743,2006-01-30 00:00:00,-0.0255713822092801,-0.2311018335462947,0.1799590691277343,12.217,57.1
38744,2006-01-31 00:00:00,0.0030359965680521,-0.2025625220346704,0.2086345151707747,12.217,57.1
38745,2006-02-01 00:00:00,0.030271768823116,-0.1752844291457229,0.2358279667919549,12.217,57.1
38746,2006-02-02 00:00:00,0.0395642342751942,-0.1659481871968302,0.2450766557472187,12.217,57.1
38747,2006-02-03 00:00:00,0.0088254632162947,-0.1967076714969349,0.2143585979295245,12.217,57.1
38748,2006-02-04 00:00:00,-0.0154341313197042,-0.221151668856918,0.1902834062175094,12.217,57.1
38749,2006-02-05 00:00:00,-0.0483082870805425,-0.2543780709106585,0.1577614967495734,12.217,57.1
38750,2006-02-06 00:00:00,-0.0013855414522781,-0.2070526166239455,0.2042815337193893,12.217,57.1
38751,2006-02-07 00:00:00,0.2067225202544049,-5.760125589487908e-05,0.4135026417647047,12.217,57.1
38752,2006-02-08 00:00:00,0.2610629486504559,0.0545054648308431,0.4676204324700685,12.217,57.1
38753,2006-02-09 00:00:00,0.1979153697599996,-0.0088040096972183,0.4046347492172176,12.217,57.1
38754,2006-02-10 00:00:00,0.0405476713819628,-0.1677884936040319,0.2488838363679575,12.217,57.1
38755,2006-02-11 00:00:00,-0.131481986662308,-0.3397816310371185,0.0768176577125025,12.217,57.1
38756,2006-02-12 00:00:00,-0.0237970663618127,-0.2293175733603048,0.1817234406366794,12.217,57.1
38757,2006-02-13 00:00:00,0.0393058140373384,-0.1662722526686274,0.2448838807433043,12.217,57.1
38758,2006-02-14 00:00:00,-0.0139363146710286,-0.2194831751487822,0.1916105458067249,12.217,57.1
38759,2006-02-15 00:00:00,0.1459112730172812,-0.0597702248461204,0.3515927708806828,12.217,57.1
38760,2006-02-16 00:00:00,0.3681846368682954,0.161536250645019,0.5748330230915717,12.217,57.1
38761,2006-02-17 00:00:00,0.2092602485033142,0.0022457538272541,0.4162747431793742,12.217,57.1
38762,2006-02-18 00:00:00,0.1438523861573752,-0.0624825248598846,0.3501872971746351,12.217,57.1
38763,2006-02-19 00:00:00,0.0774004929531574,-0.1284301004216313,0.2832310863279461,12.217,57.1
38764,2006-02-20 00:00:00,-0.0196054913930173,-0.2251604670576273,0.1859494842715926,12.217,57.1
38765,2006-02-21 00:00:00,-0.0792542633987739,-0.2848286623030082,0.1263201355054602,12.217,57.1
38766,2006-02-22 00:00:00,-0.1442856531336755,-0.3499162932915263,0.0613449870241753,12.217,57.1
38767,2006-02-23 00:00:00,-0.1062113314337094,-0.3119877203271815,0.0995650574597625,12.217,57.1
38768,2006-02-24 00:00:00,-0.0539648000102211,-0.2597663281686489,0.1518367281482065,12.217,57.1
38769,2006-02-25 00:00:00,-0.097093866281535,-0.3028094783652358,0.1086217458021657,12.217,57.1
38770,2006-02-26 00:00:00,-0.0536491595815994,-0.2593697243640321,0.1520714052008332,12.217,57.1
38771,2006-02-27 00:00:00,-0.0214889675091629,-0.2274965357973687,0.1845186007790428,12.217,57.1
38772,2006-02-28 00:00:00,0.1792384967710872,-0.0268442189351102,0.3853212124772848,12.217,57.1
38773,2006-03-01 00:00:00,0.2885371791280833,0.0812012504226881,0.4958731078334786,12.217,57.1
38774,2006-03-02 00:00:00,0.1885961682259194,-0.0177393415141473,0.3949316779659861,12.217,57.1
38775,2006-03-03 00:00:00,0.103107310056663,-0.1027980976288489,0.3090127177421751,12.217,57.1
38776,2006-03-04 00:00:00,0.0777633457978538,-0.1281189230601079,0.2836456146558156,12.217,57.1
38777,2006-03-05 00:00:00,0.1139699822231839,-0.0918027261636946,0.3197426906100624,12.217,57.1
38778,2006-03-06 00:00:00,0.0598616996219576,-0.1457578890875892,0.2654812883315046,12.217,57.1
38779,2006-03-07 00:00:00,0.0180013240230257,-0.1879027704848089,0.2239054185308605,12.217,57.1
38780,2006-03-08 00:00:00,0.0448958895961088,-0.1607890959695442,0.2505808751617619,12.217,57.1
38781,2006-03-09 00:00:00,0.1255588283842717,-0.0801870703973081,0.3313047271658516,12.217,57.1
38782,2006-03-10 00:00:00,0.004204268212133,-0.2016428332841696,0.2100513697084357,12.217,57.1
38783,2006-03-11 00:00:00,-0.0310921458765159,-0.237019794992696,0.174835503239664,12.217,57.1
38784,2006-03-12 00:00:00,-0.1028787735054514,-0.3088730407112313,0.1031154937003284,12.217,57.1
38785,2006-03-13 00:00:00,-0.1624163798060927,-0.3681936942676,0.0433609346554145,12.217,57.1
38786,2006-03-14 00:00:00,-0.1076860458843155,-0.3133771598569012,0.0980050680882702,12.217,57.1
38787,2006-03-15 00:00:00,-0.1032519442207031,-0.3088853292236767,0.1023814407822705,12.217,57.1
38788,2006-03-16 00:00:00,-0.1388988996054973,-0.3445228242797273,0.0667250250687327,12.217,57.1
38789,2006-03-17 00:00:00,-0.1495743553006966,-0.3552087524824031,0.0560600418810098,12.217,57.1
38790,2006-03-18 00:00:00,-0.0933447875619712,-0.2989502281880223,0.1122606530640798,12.217,57.1
38791,2006-03-19 00:00:00,0.0378922963786173,-0.1677467786002534,0.2435313713574882,12.217,57.1
38792,2006-03-20 00:00:00,0.1280863678247944,-0.0778391516390457,0.3340118872886346,12.217,57.1
38793,2006-03-21 00:00:00,0.0614138990863284,-0.1444970359049951,0.2673248340776519,12.217,57.1
38794,2006-03-22 00:00:00,0.0636214460934546,-0.1420809799180191,0.2693238721049283,12.217,57.1
38795,2006-03-23 00:00:00,0.0884895288195299,-0.1171161407445665,0.2940951983836265,12.217,57.1
38796,2006-03-24 00:00:00,0.0930891946152187,-0.112392172291912,0.2985705615223496,12.217,57.1
38797,2006-03-25 00:00:00,-0.0123150420215283,-0.2183370838710114,0.1937069998279548,12.217,57.1
38798,2006-03-26 00:00:00,0.067095103071564,-0.1389006946353495,0.2730909007784776,12.217,57.1
38799,2006-03-27 00:00:00,0.172898910829256,-0.0331240309689233,0.3789218526274355,12.217,57.1
38800,2006-03-28 00:00:00,0.1977745360574038,-0.0081810117784102,0.4037300838932178,12.217,57.1
38801,2006-03-29 00:00:00,0.2967152422592152,0.0907736816947167,0.5026568028237137,12.217,57.1
38802,2006-03-30 00:00:00,0.2345936948893085,0.028548102456009,0.440639287322608,12.217,57.1
38803,2006-03-31 00:00:00,0.2446478700892177,0.0385150634507648,0.4507806767276706,12.217,57.1
38804,2006-04-01 00:00:00,0.1271259030086036,-0.078891586676086,0.3331433926932933,12.217,57.1
38805,2006-04-02 00:00:00,0.1806847999882904,-0.0251283477798766,0.3864979477564575,12.217,57.1
38806,2006-04-03 00:00:00,0.1286718683379524,-0.0771417888017116,0.3344855254776164,12.217,57.1
38807,2006-04-04 00:00:00,0.114787135147448,-0.0908602665024801,0.3204345367973762,12.217,57.1
38808,2006-04-05 00:00:00,0.105013750692149,-0.1007966801857605,0.3108241815700586,12.217,57.1
38809,2006-04-06 00:00:00,0.0801470776828594,-0.1256390845023871,0.2859332398681059,12.217,57.1
38810,2006-04-07 00:00:00,0.2378396840074897,0.0319159920860672,0.4437633759289122,12.217,57.1
38811,2006-04-08 00:00:00,0.207848766024713,0.0018630477142354,0.4138344843351905,12.217,57.1
38812,2006-04-09 00:00:00,0.2590131140878814,0.0522176924049078,0.4658085357708551,12.217,57.1
38813,2006-04-10 00:00:00,0.1726455707660738,-0.0337615317182561,0.3790526732504038,12.217,57.1
38814,2006-04-11 00:00:00,0.0670909704972647,-0.1385335769135993,0.2727155179081288,12.217,57.1
38815,2006-04-12 00:00:00,0.141046587251209,-0.0648439824213187,0.3469371569237367,12.217,57.1
38816,2006-04-13 00:00:00,0.1336886478169857,-0.0721676141775597,0.3395449098115312,12.217,57.1
38817,2006-04-14 00:00:00,0.2679600795995489,0.0603723018147978,0.4755478573842999,12.217,57.1
38818,2006-04-15 00:00:00,0.2403126474103253,0.0344563424562307,0.4461689523644199,12.217,57.1
38819,2006-04-16 00:00:00,0.1189695086524766,-0.086674824726179,0.3246138420311323,12.217,57.1
38820,2006-04-17 00:00:00,0.1551631311584404,-0.0506661121926016,0.3609923745094825,12.217,57.1
38821,2006-04-18 00:00:00,0.2968121388972346,0.0908357727862408,0.5027885050082284,12.217,57.1
38822,2006-04-19 00:00:00,0.2147691043776808,0.0090139076991444,0.4205243010562172,12.217,57.1
38823,2006-04-20 00:00:00,0.0923533092713286,-0.1137484960419265,0.2984551145845838,12.217,57.1
38824,2006-04-21 00:00:00,0.0379387570021644,-0.168035095240423,0.2439126092447519,12.217,57.1
38825,2006-04-22 00:00:00,-0.0385552090152402,-0.244161301270474,0.1670508832399936,12.217,57.1
38826,2006-04-23 00:00:00,0.0308110125005464,-0.1749220167030304,0.2365440417041232,12.217,57.1
38827,2006-04-24 00:00:00,0.0297284484566671,-0.1759818622421387,0.2354387591554729,12.217,57.1
38828,2006-04-25 00:00:00,-0.0235440128720478,-0.2291123267455423,0.1820243010014468,12.217,57.1
38829,2006-04-26 00:00:00,0.0647541376776028,-0.1408736612018066,0.2703819365570124,12.217,57.1
38830,2006-04-27 00:00:00,-0.0035146338400795,-0.2092399711040011,0.202210703423842,12.217,57.1
38831,2006-04-28 00:00:00,-0.0241574186302931,-0.2297973261045902,0.1814824888440039,12.217,57.1
38832,2006-04-29 00:00:00,0.0471868984761578,-0.1589620472885069,0.2533358442408225,12.217,57.1
38833,2006-04-30 00:00:00,0.0421575741502583,-0.1645802961116679,0.2488954444121845,12.217,57.1
38834,2006-05-01 00:00:00,0.1213829767341831,-0.0863952786977146,0.3291612321660809,12.217,57.1
38835,2006-05-02 00:00:00,0.0371608347809301,-0.1696638058887493,0.2439854754506096,12.217,57.1
38836,2006-05-03 00:00:00,-0.0161827404455172,-0.2218556836657364,0.1894902027747018,12.217,57.1
38837,2006-05-04 00:00:00,0.0018743485555422,-0.2037121195242264,0.2074608166353109,12.217,57.1
38838,2006-05-05 00:00:00,-0.0680536293183757,-0.2736578491494191,0.1375505905126677,12.217,57.1
38839,2006-05-06 00:00:00,-0.0769767571766495,-0.2825607383120581,0.1286072239587588,12.217,57.1
38840,2006-05-07 00:00:00,-0.0995997042279437,-0.3051692751512435,0.105969866695356,12.217,57.1
38841,2006-05-08 00:00:00,-0.1190033328574411,-0.3245351840664513,0.086528518351569,12.217,57.1
38842,2006-05-09 00:00:00,-0.0645695348123047,-0.2702637961762114,0.1411247265516019,12.217,57.1
38843,2006-05-10 00:00:00,-0.0641551267618238,-0.2697844507267762,0.1414741972031286,12.217,57.1
38844,2006-05-11 00:00:00,0.0007284348098703,-0.2047954116725389,0.2062522812922796,12.217,57.1
38845,2006-05-12 00:00:00,0.0752209452852298,-0.1303417547173764,0.2807836452878362,12.217,57.1
38846,2006-05-13 00:00:00,0.1336426159508566,-0.0719570659755597,0.339242297877273,12.217,57.1
38847,2006-05-14 00:00:00,0.0375018667608652,-0.1683554583274635,0.2433591918491939,12.217,57.1
38848,2006-05-15 00:00:00,0.0695216712846106,-0.1361490073409937,0.2751923499102149,12.217,57.1
38849,2006-05-16 00:00:00,0.0610886136290802,-0.1444836032065722,0.2666608304647327,12.217,57.1
38850,2006-05-17 00:00:00,0.0673136841319426,-0.138341997881817,0.2729693661457022,12.217,57.1
38851,2006-05-18 00:00:00,0.0577220441335815,-0.1478160591620896,0.2632601474292528,12.217,57.1
38852,2006-05-19 00:00:00,0.1943623606741229,-0.0117636588098517,0.4004883801580976,12.217,57.1
38853,2006-05-20 00:00:00,0.2578411721791857,0.0518545750364748,0.4638277693218964,12.217,57.1
38854,2006-05-21 00:00:00,0.24885850237391,0.0428170685458154,0.4548999362020045,12.217,57.1
38855,2006-05-22 00:00:00,0.2058901754336282,-6.578840697532562e-05,0.4118461392742318,12.217,57.1
38856,2006-05-23 00:00:00,0.2230596330153194,0.0168805081934406,0.4292387578371983,12.217,57.1
38857,2006-05-24 00:00:00,0.4653928027151204,0.2579400904534363,0.6728455149768044,12.217,57.1
38858,2006-05-25 00:00:00,0.1656972176868485,-0.0431879527257595,0.3745823880994565,12.217,57.1
38859,2006-05-26 00:00:00,0.2402222757751403,0.0340762906646756,0.446368260885605,12.217,57.1
38860,2006-05-27 00:00:00,0.1105927922646239,-0.0953168446076151,0.316502429136863,12.217,57.1
38861,2006-05-28 00:00:00,0.1231464931193083,-0.082436904885996,0.3287298911246127,12.217,57.1
38862,2006-05-29 00:00:00,0.158321101671178,-0.0476406297240774,0.3642828330664334,12.217,57.1
38863,2006-05-30 00:00:00,0.1209409696379351,-0.0849050082341331,0.3267869475100033,12.217,57.1
38864,2006-05-31 00:00:00,0.1141617542972459,-0.0923568854169231,0.320680394011415,12.217,57.1
38865,2006-06-01 00:00:00,0.0369714626225264,-0.1694694838058505,0.2434124090509034,12.217,57.1
38866,2006-06-02 00:00:00,0.005112692031363,-0.201278722033588,0.2115041060963141,12.217,57.1
38867,2006-06-03 00:00:00,0.0947894009203049,-0.1111620903597071,0.3007408922003169,12.217,57.1
38868,2006-06-04 00:00:00,0.0837298932189738,-0.1225505614258038,0.2900103478637514,12.217,57.1
38869,2006-06-05 00:00:00,0.0301138995965262,-0.1757341403877055,0.2359619395807581,12.217,57.1
38870,2006-06-06 00:00:00,-0.0176445668087659,-0.2233107735616436,0.1880216399441117,12.217,57.1
38871,2006-06-07 00:00:00,-0.0196170939580018,-0.2252181670601611,0.1859839791441574,12.217,57.1
38872,2006-06-08 00:00:00,0.0071381528569177,-0.1983793660844193,0.2126556717982547,12.217,57.1
38873,2006-06-09 00:00:00,0.0115631217225083,-0.1938896195423343,0.217015862987351,12.217,57.1
38874,2006-06-10 00:00:00,-0.0074481678658825,-0.2128654276498565,0.1979690919180914,12.217,57.1
38875,2006-06-11 00:00:00,-0.0088004136339097,-0.2142493887839066,0.1966485615160871,12.217,57.1
38876,2006-06-12 00:00:00,0.012808321768105,-0.1927017813988903,0.2183184249351005,12.217,57.1
38877,2006-06-13 00:00:00,0.0307926313852005,-0.1746799218435888,0.23626518461399,12.217,57.1
38878,2006-06-14 00:00:00,0.0663575484954481,-0.1393844169537813,0.2720995139446776,12.217,57.1
38879,2006-06-15 00:00:00,-0.0028598913919261,-0.2087467202801788,0.2030269374963264,12.217,57.1
38880,2006-06-16 00:00:00,0.0537968425021519,-0.1521554476252315,0.2597491326295355,12.217,57.1
38881,2006-06-17 00:00:00,0.0518553958174935,-0.1536380109134066,0.2573488025483936,12.217,57.1
38882,2006-06-18 00:00:00,0.0411684968439847,-0.1643471988257338,0.2466841925137033,12.217,57.1
38883,2006-06-19 00:00:00,0.1021004242588229,-0.1035881091447726,0.3077889576624186,12.217,57.1
38884,2006-06-20 00:00:00,0.098123140184464,-0.1078123440638716,0.3040586244327997,12.217,57.1
38885,2006-06-21 00:00:00,0.1446143599857681,-0.0611101566075056,0.3503388765790419,12.217,57.1
38886,2006-06-22 00:00:00,0.1857195763336734,-0.020255799037823,0.3916949517051699,12.217,57.1
38887,2006-06-23 00:00:00,0.2988402049774106,0.0927095654877826,0.5049708444670387,12.217,57.1
38888,2006-06-24 00:00:00,0.1386156874125594,-0.0674423780486818,0.3446737528738006,12.217,57.1
38889,2006-06-25 00:00:00,0.0520731492528665,-0.1535701354836018,0.257716433989335,12.217,57.1
38890,2006-06-26 00:00:00,-0.0017972782662265,-0.2074853599884767,0.2038908034560237,12.217,57.1
38891,2006-06-27 00:00:00,0.0251167701582294,-0.1811202732218089,0.2313538135382677,12.217,57.1
38892,2006-06-28 00:00:00,0.0715443998111554,-0.1346850276549235,0.2777738272772343,12.217,57.1
38893,2006-06-29 00:00:00,0.0407133234450893,-0.1650693405724031,0.2464959874625818,12.217,57.1
38894,2006-06-30 00:00:00,-0.0162288496046085,-0.2217271730137235,0.1892694738045065,12.217,57.1
38895,2006-07-01 00:00:00,-0.0311860656538636,-0.2366678614303239,0.1742957301225967,12.217,57.1
38896,2006-07-02 00:00:00,-0.0322572750749634,-0.237727469116129,0.1732129189662022,12.217,57.1
38897,2006-07-03 00:00:00,0.0007660265553551,-0.2047058071582043,0.2062378602689146,12.217,57.1
38898,2006-07-04 00:00:00,0.0252558707176223,-0.1802200183964912,0.2307317598317358,12.217,57.1
38899,2006-07-05 00:00:00,0.0151124345000716,-0.1903883386166128,0.2206132076167562,12.217,57.1
38900,2006-07-06 00:00:00,0.0494248871299263,-0.1560131814022677,0.2548629556621204,12.217,57.1
38901,2006-07-07 00:00:00,0.0588979044913435,-0.1465436759484157,0.2643394849311028,12.217,57.1
38902,2006-07-08 00:00:00,0.0748789358677441,-0.1306849259589901,0.2804427976944783,12.217,57.1
38903,2006-07-09 00:00:00,0.0919059023442368,-0.1137781088775642,0.2975899135660378,12.217,57.1
38904,2006-07-10 00:00:00,0.1423646349530724,-0.063531924261965,0.3482611941681099,12.217,57.1
38905,2006-07-11 00:00:00,0.1005183204556905,-0.1056794852897116,0.3067161262010928,12.217,57.1
38906,2006-07-12 00:00:00,0.1228226388186464,-0.0831487925695435,0.3287940702068364,12.217,57.1
38907,2006-07-13 00:00:00,0.0372609022806393,-0.168808717427783,0.2433305219890617,12.217,57.1
38908,2006-07-14 00:00:00,0.0058583158156261,-0.2006595266473586,0.2123761582786109,12.217,57.1
38909,2006-07-15 00:00:00,-0.0882449496348811,-0.2944221440745496,0.1179322448047874,12.217,57.1
38910,2006-07-16 00:00:00,-0.0564781458571434,-0.262112707505474,0.149156415791187,12.217,57.1
38911,2006-07-17 00:00:00,-0.0020428073956484,-0.2075750405182921,0.2034894257269952,12.217,57.1
38912,2006-07-18 00:00:00,0.0707160296589531,-0.1350396108040723,0.2764716701219787,12.217,57.1
38913,2006-07-19 00:00:00,0.0105090089322458,-0.1951696638420576,0.2161876817065492,12.217,57.1
38914,2006-07-20 00:00:00,0.0131590049224011,-0.1923775059181517,0.218695515762954,12.217,57.1
38915,2006-07-21 00:00:00,0.0389328957214469,-0.1665991729766373,0.2444649644195312,12.217,57.1
38916,2006-07-22 00:00:00,0.0204060302136221,-0.185074561912313,0.2258866223395573,12.217,57.1
38917,2006-07-23 00:00:00,0.0483101003018598,-0.1571526993594373,0.253772899963157,12.217,57.1
38918,2006-07-24 00:00:00,0.0312339052945172,-0.1742602981472636,0.2367281087362981,12.217,57.1
38919,2006-07-25 00:00:00,0.0376683780519145,-0.1677907579782829,0.2431275140821119,12.217,57.1
38920,2006-07-26 00:00:00,0.0078518520548304,-0.1975943434919002,0.2132980476015611,12.217,57.1
38921,2006-07-27 00:00:00,0.0191778621547339,-0.1863586353177095,0.2247143596271774,12.217,57.1
38922,2006-07-28 00:00:00,0.0680777840770463,-0.1374590486920245,0.2736146168461171,12.217,57.1
38923,2006-07-29 00:00:00,0.0787501913412265,-0.126771347944468,0.284271730626921,12.217,57.1
38924,2006-07-30 00:00:00,0.068873249903431,-0.1367019755511309,0.2744484753579929,12.217,57.1
38925,2006-07-31 00:00:00,0.0756156558309632,-0.1298995261302261,0.2811308377921525,12.217,57.1
38926,2006-08-01 00:00:00,0.1114174086449322,-0.0941794172638552,0.3170142345537197,12.217,57.1
38927,2006-08-02 00:00:00,0.1973228453906508,-0.0083948434950328,0.4030405342763344,12.217,57.1
38928,2006-08-03 00:00:00,0.1073431615500468,-0.0985814838782765,0.3132678069783703,12.217,57.1
38929,2006-08-04 00:00:00,0.0344873859103769,-0.171424915049388,0.2403996868701419,12.217,57.1
38930,2006-08-05 00:00:00,-0.0118067795657503,-0.217368012606154,0.1937544534746534,12.217,57.1
38931,2006-08-06 00:00:00,-0.0181897437459333,-0.2241007181300985,0.1877212306382318,12.217,57.1
38932,2006-08-07 00:00:00,-0.0088165771453829,-0.214798775513731,0.1971656212229652,12.217,57.1
38933,2006-08-08 00:00:00,0.0337738450696701,-0.1721483773456421,0.2396960674849824,12.217,57.1
38934,2006-08-09 00:00:00,0.0432471590104032,-0.1625008172485515,0.248995135269358,12.217,57.1
38935,2006-08-10 00:00:00,0.0918476657098484,-0.1137227879417052,0.2974181193614023,12.217,57.1
38936,2006-08-11 00:00:00,0.0914690475996764,-0.1140673000213583,0.2970053952207112,12.217,57.1
38937,2006-08-12 00:00:00,0.0085574773784499,-0.1969990737167084,0.2141140284736083,12.217,57.1
38938,2006-08-13 00:00:00,0.0453052763489791,-0.1607961684628284,0.2514067211607866,12.217,57.1
38939,2006-08-14 00:00:00,0.0004059940332747,-0.2064251289766669,0.2072371170432163,12.217,57.1
38940,2006-08-15 00:00:00,0.1190795610855,-0.0872717463642066,0.3254308685352067,12.217,57.1
38941,2006-08-16 00:00:00,0.1388641111677773,-0.0675359630493005,0.3452641853848551,12.217,57.1
38942,2006-08-17 00:00:00,0.1486378030336576,-0.057725266246796,0.3550008723141112,12.217,57.1
38943,2006-08-18 00:00:00,0.0682418175027249,-0.137273646661844,0.2737572816672939,12.217,57.1
38944,2006-08-19 00:00:00,0.0591625140088039,-0.1463969603544749,0.2647219883720829,12.217,57.1
38945,2006-08-20 00:00:00,0.0423477698256757,-0.1630973053522995,0.2477928450036511,12.217,57.1
38946,2006-08-21 00:00:00,0.0784870598432014,-0.1269166783860711,0.2838907980724741,12.217,57.1
38947,2006-08-22 00:00:00,0.0372534599187964,-0.1682444316143826,0.2427513514519756,12.217,57.1
38948,2006-08-23 00:00:00,0.0323690533558912,-0.1731400569525385,0.2378781636643209,12.217,57.1
38949,2006-08-24 00:00:00,0.0826827415136119,-0.1229083773782734,0.2882738604054972,12.217,57.1
38950,2006-08-25 00:00:00,0.1004712494976564,-0.1050856711411584,0.3060281701364712,12.217,57.1
38951,2006-08-26 00:00:00,0.0479742192305125,-0.1574644350933235,0.2534128735543486,12.217,57.1
38952,2006-08-27 00:00:00,0.0569925515135843,-0.1484046666601851,0.2623897696873539,12.217,57.1
38953,2006-08-28 00:00:00,0.1418930973620051,-0.0640350709017712,0.3478212656257814,12.217,57.1
38954,2006-08-29 00:00:00,0.2150287538633163,0.008512576971995,0.4215449307546376,12.217,57.1
38955,2006-08-30 00:00:00,0.1209953806370871,-0.0849630485945006,0.3269538098686749,12.217,57.1
38956,2006-08-31 00:00:00,0.0236935231018983,-0.1821619333562747,0.2295489795600714,12.217,57.1
38957,2006-09-01 00:00:00,0.1298069664911106,-0.0760324566256903,0.3356463896079116,12.217,57.1
38958,2006-09-02 00:00:00,0.1749464141294832,-0.0305512960603698,0.3804441243193363,12.217,57.1
38959,2006-09-03 00:00:00,0.1809911940528618,-0.0248848679407672,0.3868672560464908,12.217,57.1
38960,2006-09-04 00:00:00,0.3730848731332485,0.1657521291712288,0.5804176170952683,12.217,57.1
38961,2006-09-05 00:00:00,0.4566199846554247,0.2491609325366447,0.6640790367742047,12.217,57.1
38962,2006-09-06 00:00:00,0.2090463941495344,0.0021266771990457,0.4159661111000232,12.217,57.1
38963,2006-09-07 00:00:00,0.2069790000453086,0.0011600283030381,0.4127979717875792,12.217,57.1
38964,2006-09-08 00:00:00,0.0791070310190909,-0.1273499308886608,0.2855639929268427,12.217,57.1
38965,2006-09-09 00:00:00,0.0767225618300461,-0.1306408990990812,0.2840860227591735,12.217,57.1
38966,2006-09-10 00:00:00,0.0124499324029256,-0.1931933188763892,0.2180931836822406,12.217,57.1
38967,2006-09-11 00:00:00,0.0058273192152717,-0.199677400721428,0.2113320391519716,12.217,57.1
38968,2006-09-12 00:00:00,0.0514609657968836,-0.1539848088507745,0.2569067404445418,12.217,57.1
38969,2006-09-13 00:00:00,0.0613711266667041,-0.1440722375966065,0.2668144909300149,12.217,57.1
38970,2006-09-14 00:00:00,0.0665579094291755,-0.138887080590204,0.272002899448555,12.217,57.1
38971,2006-09-15 00:00:00,0.0268214233649962,-0.1787105738018414,0.2323534205318339,12.217,57.1
38972,2006-09-16 00:00:00,-0.1050063069817587,-0.3109674676856913,0.1009548537221737,12.217,57.1
38973,2006-09-17 00:00:00,-0.0209124158933645,-0.2266752468092576,0.1848504150225286,12.217,57.1
38974,2006-09-18 00:00:00,0.0544598292701482,-0.1510781949941942,0.2599978535344907,12.217,57.1
38975,2006-09-19 00:00:00,0.068574976276368,-0.1369122797150099,0.274062232267746,12.217,57.1
38976,2006-09-20 00:00:00,0.2332899571142816,0.0275955712942614,0.4389843429343018,12.217,57.1
38977,2006-09-21 00:00:00,0.1558861418121973,-0.0505736891226059,0.3623459727470005,12.217,57.1
38978,2006-09-22 00:00:00,0.0872865883105646,-0.118642502413846,0.2932156790349753,12.217,57.1
38979,2006-09-23 00:00:00,0.0953282660204086,-0.1102635278123473,0.3009200598531646,12.217,57.1
38980,2006-09-24 00:00:00,0.0532951189212428,-0.1522863040574539,0.2588765418999396,12.217,57.1
38981,2006-09-25 00:00:00,0.0787809773002098,-0.1267163050995989,0.2842782597000186,12.217,57.1
38982,2006-09-26 00:00:00,0.0598154891958195,-0.1456560521993011,0.2652870305909403,12.217,57.1
38983,2006-09-27 00:00:00,0.0549379678490748,-0.1505925328562624,0.2604684685544122,12.217,57.1
38984,2006-09-28 00:00:00,0.1287935132458567,-0.076763387181629,0.3343504136733425,12.217,57.1
38985,2006-09-29 00:00:00,0.1726087241484686,-0.0329420323263522,0.3781594806232895,12.217,57.1
38986,2006-09-30 00:00:00,0.11988747901051,-0.0857192089085968,0.3254941669296169,12.217,57.1
38987,2006-10-01 00:00:00,0.121076029085949,-0.0844529150551162,0.3266049732270143,12.217,57.1
38988,2006-10-02 00:00:00,0.1592561873007989,-0.0463872966017377,0.3648996712033356,12.217,57.1
38989,2006-10-03 00:00:00,0.2057734999330195,-4.266862968166363e-05,0.4115896684957207,12.217,57.1
38990,2006-10-04 00:00:00,0.1973057521058475,-0.0083583066343864,0.4029698108460816,12.217,57.1
38991,2006-10-05 00:00:00,0.111463345417265,-0.094043591144243,0.3169702819787732,12.217,57.1
38992,2006-10-06 00:00:00,0.157145281848771,-0.0488045856001546,0.3630951492976967,12.217,57.1
38993,2006-10-07 00:00:00,0.2368365481588207,0.0301131331088004,0.443559963208841,12.217,57.1
38994,2006-10-08 00:00:00,0.4236540758201423,0.2160846130704703,0.6312235385698144,12.217,57.1
38995,2006-10-09 00:00:00,0.1765348560121587,-0.0302978264521573,0.3833675384764747,12.217,57.1
38996,2006-10-10 00:00:00,0.0914472387436431,-0.1142656178370589,0.2971600953243452,12.217,57.1
38997,2006-10-11 00:00:00,-0.0342540477880971,-0.2399514118697737,0.1714433162935795,12.217,57.1
38998,2006-10-12 00:00:00,-0.0245979425261571,-0.2303235369313633,0.1811276518790491,12.217,57.1
38999,2006-10-13 00:00:00,-0.0704800217583698,-0.2761880449869958,0.1352280014702561,12.217,57.1
39000,2006-10-14 00:00:00,-0.1108138672642602,-0.3163631269261021,0.0947353923975817,12.217,57.1
39001,2006-10-15 00:00:00,-0.1147815261941611,-0.3203679819983765,0.0908049296100541,12.217,57.1
39002,2006-10-16 00:00:00,-0.0609992007511507,-0.2664863987607286,0.1444879972584272,12.217,57.1
39003,2006-10-17 00:00:00,0.0256111288411734,-0.1798409181728643,0.2310631758552112,12.217,57.1
39004,2006-10-18 00:00:00,0.0581020563324436,-0.1476005461227773,0.2638046587876645,12.217,57.1
39005,2006-10-19 00:00:00,0.2019303959041959,-0.004012981538574,0.407873773346966,12.217,57.1
39006,2006-10-20 00:00:00,0.1062001991655939,-0.0996161154926371,0.3120165138238251,12.217,57.1
39007,2006-10-21 00:00:00,0.1694198809622129,-0.036180630352132,0.3750203922765578,12.217,57.1
39008,2006-10-22 00:00:00,0.1645191699054397,-0.0412295203489136,0.370267860159793,12.217,57.1
39009,2006-10-23 00:00:00,0.287342434070532,0.0814840119135218,0.4932008562275423,12.217,57.1
39010,2006-10-24 00:00:00,0.3177337259271011,0.1113692045067389,0.5240982473474634,12.217,57.1
39011,2006-10-25 00:00:00,0.1455602051750562,-0.0605501350603552,0.3516705454104678,12.217,57.1
39012,2006-10-26 00:00:00,0.0913843088892199,-0.1144901361693288,0.2972587539477687,12.217,57.1
39013,2006-10-27 00:00:00,0.3264924608273472,0.1188318338277844,0.5341530878269101,12.217,57.1
39014,2006-10-28 00:00:00,0.3046549267879423,0.0951282303927791,0.5141816231831055,12.217,57.1
39015,2006-10-29 00:00:00,0.0765069401083331,-0.1298519047847393,0.2828657850014055,12.217,57.1
39016,2006-10-30 00:00:00,0.0967408835695067,-0.1100665670950461,0.3035483342340596,12.217,57.1
39017,2006-10-31 00:00:00,0.2059121405484353,-0.000540177118103,0.4123644582149737,12.217,57.1
39018,2006-11-01 00:00:00,0.3511439350663243,0.137865724479163,0.5644221456534857,12.217,57.1
39019,2006-11-02 00:00:00,0.0467986654122301,-0.1736626006792439,0.2672599315037042,12.217,57.1
39020,2006-11-03 00:00:00,-0.2500105527631214,-0.4610226887544192,-0.0389984167718237,12.217,57.1
39021,2006-11-04 00:00:00,-0.0685998211759027,-0.2744962049748473,0.1372965626230417,12.217,57.1
39022,2006-11-05 00:00:00,0.2219396138402565,0.015752113192045,0.4281271144884681,12.217,57.1
39023,2006-11-06 00:00:00,0.1727407253712377,-0.034804672882134,0.3802861236246094,12.217,57.1
39024,2006-11-07 00:00:00,0.355532245725784,0.1487493422064548,0.5623151492451133,12.217,57.1
39025,2006-11-08 00:00:00,0.3013190538207122,0.0948697937209748,0.5077683139204496,12.217,57.1
39026,2006-11-09 00:00:00,0.1484204434085553,-0.0581207308570891,0.3549616176741998,12.217,57.1
39027,2006-11-10 00:00:00,0.0216791776164586,-0.1854428694443906,0.2288012246773078,12.217,57.1
39028,2006-11-11 00:00:00,0.0407227019071575,-0.165851250779548,0.247296654593863,12.217,57.1
39029,2006-11-12 00:00:00,0.4020732108628998,0.1944776588937115,0.6096687628320882,12.217,57.1
39030,2006-11-13 00:00:00,0.186063446516749,-0.0203211390315126,0.3924480320650108,12.217,57.1
39031,2006-11-14 00:00:00,0.312595275179006,0.1049498568559959,0.5202406935020161,12.217,57.1
39032,2006-11-15 00:00:00,0.3826088353153782,0.1763248892114656,0.5888927814192908,12.217,57.1
39033,2006-11-16 00:00:00,0.1651820118521786,-0.0405653460164039,0.3709293697207611,12.217,57.1
39034,2006-11-17 00:00:00,0.2215953378622754,0.0156785348390207,0.4275121408855301,12.217,57.1
39035,2006-11-18 00:00:00,0.1801952504143411,-0.0257873050281402,0.3861778058568225,12.217,57.1
39036,2006-11-19 00:00:00,0.1468920745331697,-0.0598389153829118,0.3536230644492513,12.217,57.1
39037,2006-11-20 00:00:00,0.1335223474268488,-0.0723241704780675,0.3393688653317653,12.217,57.1
39038,2006-11-21 00:00:00,0.2895145628729895,0.0818435927327297,0.4971855330132493,12.217,57.1
39039,2006-11-22 00:00:00,0.372091388040156,0.1652396222015205,0.5789431538787915,12.217,57.1
39040,2006-11-23 00:00:00,0.3221531451547117,0.1157122350422577,0.5285940552671657,12.217,57.1
39041,2006-11-24 00:00:00,0.4136002845178475,0.2060775243747898,0.6211230446609052,12.217,57.1
39042,2006-11-25 00:00:00,0.2274534003699463,0.0204897592774757,0.4344170414624168,12.217,57.1
39043,2006-11-26 00:00:00,0.3071869959151493,0.0978989251262952,0.5164750667040033,12.217,57.1
39044,2006-11-27 00:00:00,0.3391367894681533,0.1298773183507004,0.5483962605856062,12.217,57.1
39045,2006-11-28 00:00:00,0.1330846580067712,-0.0731508607736844,0.339320176787227,12.217,57.1
39046,2006-11-29 00:00:00,0.1508316334831538,-0.0550772313772909,0.3567404983435986,12.217,57.1
39047,2006-11-30 00:00:00,0.1251734972714539,-0.0810044726715893,0.3313514672144973,12.217,57.1
39048,2006-12-01 00:00:00,0.160459213651202,-0.0456767149072947,0.3665951422096987,12.217,57.1
39049,2006-12-02 00:00:00,0.1929677493366045,-0.0135973672027211,0.3995328658759302,12.217,57.1
39050,2006-12-03 00:00:00,0.2208091435025035,0.0147153800417526,0.4269029069632544,12.217,57.1
39051,2006-12-04 00:00:00,0.3909246831946219,0.1839687284920042,0.5978806378972397,12.217,57.1
39052,2006-12-05 00:00:00,0.4991815237694288,0.2913896700795459,0.7069733774593117,12.217,57.1
39053,2006-12-06 00:00:00,0.624723043415667,0.4163254442138301,0.8331206426175038,12.217,57.1
39054,2006-12-07 00:00:00,0.5593871349472072,0.3521267185469372,0.7666475513474771,12.217,57.1
39055,2006-12-08 00:00:00,0.492238972943361,0.2818051403012144,0.7026728055855076,12.217,57.1
39056,2006-12-09 00:00:00,0.3827963648284093,0.1724100174464541,0.5931827122103643,12.217,57.1
39057,2006-12-10 00:00:00,0.1849156174173093,-0.0218521549472561,0.3916833897818749,12.217,57.1
39058,2006-12-11 00:00:00,0.2012825488354458,-0.0085784773980544,0.4111435750689461,12.217,57.1
39059,2006-12-12 00:00:00,0.4911350908489287,0.2804401798917815,0.7018300018060759,12.217,57.1
39060,2006-12-13 00:00:00,0.3047721028821566,0.0969676571741368,0.5125765485901764,12.217,57.1
39061,2006-12-14 00:00:00,0.2721668894746863,0.0634320162706241,0.4809017626787485,12.217,57.1
39062,2006-12-15 00:00:00,0.4913099516623816,0.2829741801965155,0.6996457231282478,12.217,57.1
39063,2006-12-16 00:00:00,0.2159302983385707,0.0087994895341691,0.4230611071429723,12.217,57.1
39064,2006-12-17 00:00:00,0.1739116643807643,-0.0323058707003677,0.3801291994618964,12.217,57.1
39065,2006-12-18 00:00:00,0.0339800573677499,-0.172011164322973,0.2399712790584729,12.217,57.1
39066,2006-12-19 00:00:00,-0.057349931476272,-0.2630425310390311,0.148342668086487,12.217,57.1
39067,2006-12-20 00:00:00,0.1054979223063087,-0.1006810325217678,0.3116768771343852,12.217,57.1
39068,2006-12-21 00:00:00,-0.030885581681395,-0.2369126731392312,0.1751415097764411,12.217,57.1
39069,2006-12-22 00:00:00,0.0221730166445235,-0.1835366840383185,0.2278827173273657,12.217,57.1
39070,2006-12-23 00:00:00,0.0173099683577198,-0.1885104341347079,0.2231303708501476,12.217,57.1
39071,2006-12-24 00:00:00,0.0531339398389894,-0.1526251756545498,0.2588930553325287,12.217,57.1
39072,2006-12-25 00:00:00,-0.0886037485072073,-0.294511334567938,0.1173038375535232,12.217,57.1
39073,2006-12-26 00:00:00,-0.0148091525420637,-0.2205392805540075,0.19092097546988,12.217,57.1
39074,2006-12-27 00:00:00,0.0593599051331192,-0.1463705066200338,0.2650903168862723,12.217,57.1
39075,2006-12-28 00:00:00,0.1370079406307656,-0.0685669236967524,0.3425828049582837,12.217,57.1
39076,2006-12-29 00:00:00,0.0230238711411389,-0.1825262301625639,0.2285739724448418,12.217,57.1
39077,2006-12-30 00:00:00,0.1015279808157203,-0.1042265158355505,0.3072824774669912,12.217,57.1
39078,2006-12-31 00:00:00,0.364100344752036,0.1548977361537424,0.5733029533503297,12.217,57.1
39079,2007-01-01 00:00:00,0.2893032194707136,0.0773991142666331,0.5012073246747941,12.217,57.1
39080,2007-01-02 00:00:00,0.7828994202617392,0.5721291948823746,0.9936696456411038,12.217,57.1
39081,2007-01-03 00:00:00,0.2256110434032178,0.0176873285260976,0.4335347582803381,12.217,57.1
39082,2007-01-04 00:00:00,0.2459515846625102,0.0397127054566691,0.4521904638683514,12.217,57.1
39083,2007-01-05 00:00:00,0.4111204997878676,0.2046868789000482,0.6175541206756869,12.217,57.1
39084,2007-01-06 00:00:00,0.2665613863638086,0.0599986908462836,0.4731240818813336,12.217,57.1
39085,2007-01-07 00:00:00,0.2080884512918812,0.0023728721208105,0.413804030462952,12.217,57.1
39086,2007-01-08 00:00:00,0.2942608393915009,0.0880999162976908,0.5004217624853111,12.217,57.1
39087,2007-01-09 00:00:00,0.3945520427924452,0.1859974749490939,0.6031066106357965,12.217,57.1
39088,2007-01-10 00:00:00,0.7828213798575335,0.568336211179173,0.997306548535894,12.217,57.1
39089,2007-01-11 00:00:00,0.4081457576022907,0.1926499353143145,0.6236415798902669,12.217,57.1
39090,2007-01-12 00:00:00,0.5485119004041281,0.3379912644128429,0.7590325363954133,12.217,57.1
39091,2007-01-13 00:00:00,0.8233973599220937,0.6092274056923159,1.0375673141518715,12.217,57.1
39092,2007-01-14 00:00:00,0.3186495181889467,0.1038327683596242,0.5334662680182691,12.217,57.1
39093,2007-01-15 00:00:00,0.5586620925505962,0.3396303293246527,0.7776938557765396,12.217,57.1
39094,2007-01-16 00:00:00,0.4660173087045225,0.2551537580557562,0.6768808593532889,12.217,57.1
39095,2007-01-17 00:00:00,0.2439582297161001,0.0363282692121557,0.4515881902200445,12.217,57.1
39096,2007-01-18 00:00:00,0.4615838261568618,0.2539361471443365,0.6692315051693871,12.217,57.1
39097,2007-01-19 00:00:00,0.4358412539812149,0.2261317921919546,0.6455507157704752,12.217,57.1
39098,2007-01-20 00:00:00,0.1243118158185648,-0.0829451801455735,0.3315688117827032,12.217,57.1
39099,2007-01-21 00:00:00,0.869839245298526,0.6576108351312588,1.082067655465793,12.217,57.1
39100,2007-01-22 00:00:00,0.2102625060095765,-0.0010477700081506,0.4215727820273037,12.217,57.1
39101,2007-01-23 00:00:00,0.0055094953884467,-0.2020784124477984,0.2130974032246919,12.217,57.1
39102,2007-01-24 00:00:00,-0.0300125870771731,-0.2367380426120599,0.1767128684577136,12.217,57.1
39103,2007-01-25 00:00:00,-0.0640468370073757,-0.2706679879208786,0.1425743139061271,12.217,57.1
39104,2007-01-26 00:00:00,0.0435381735192215,-0.1632753177752965,0.2503516648137396,12.217,57.1
39105,2007-01-27 00:00:00,0.1585574722801258,-0.0496788849000683,0.3667938294603201,12.217,57.1
39106,2007-01-28 00:00:00,-0.0501414874505832,-0.2575578603140451,0.1572748854128786,12.217,57.1
39107,2007-01-29 00:00:00,0.2426341872361697,0.0347041683730609,0.4505642060992784,12.217,57.1
39108,2007-01-30 00:00:00,0.0192935372771771,-0.1879923159650077,0.226579390519362,12.217,57.1
39109,2007-01-31 00:00:00,0.2908187132452876,0.0845294717271347,0.4971079547634405,12.217,57.1
39110,2007-02-01 00:00:00,0.3603633146294513,0.1506174854475679,0.5701091438113348,12.217,57.1
39111,2007-02-02 00:00:00,-0.0106679059365091,-0.2185519008588555,0.1972160889858372,12.217,57.1
39112,2007-02-03 00:00:00,0.1987684796463886,-0.0082344198336525,0.4057713791264298,12.217,57.1
39113,2007-02-04 00:00:00,0.008201707077932,-0.1983648479593387,0.2147682621152029,12.217,57.1
39114,2007-02-05 00:00:00,0.1936795910033788,-0.0122349422735255,0.3995941242802832,12.217,57.1
39115,2007-02-06 00:00:00,0.2025332452504018,-0.0035302697384084,0.4085967602392121,12.217,57.1
39116,2007-02-07 00:00:00,0.1195777328684918,-0.0864838529520946,0.3256393186890783,12.217,57.1
39117,2007-02-08 00:00:00,0.1155380897279167,-0.090368829043511,0.3214450084993446,12.217,57.1
39118,2007-02-09 00:00:00,-0.0100707827593728,-0.216304052310861,0.1961624867921154,12.217,57.1
39119,2007-02-10 00:00:00,-0.0665450584295024,-0.2727044260197601,0.1396143091607552,12.217,57.1
39120,2007-02-11 00:00:00,-0.025084566108964,-0.2310494010510031,0.1808802688330749,12.217,57.1
39121,2007-02-12 00:00:00,0.0784008293112974,-0.1278509955335395,0.2846526541561344,12.217,57.1
39122,2007-02-13 00:00:00,0.1528744150999053,-0.0534630280937348,0.3592118582935455,12.217,57.1
39123,2007-02-14 00:00:00,0.041730185328176,-0.164045718692147,0.2475060893484991,12.217,57.1
39124,2007-02-15 00:00:00,0.0536604962218799,-0.1519155403292729,0.2592365327730327,12.217,57.1
39125,2007-02-16 00:00:00,-0.0306825781953676,-0.2364070360356896,0.1750418796449544,12.217,57.1
39126,2007-02-17 00:00:00,0.0889977049839002,-0.1172464522566747,0.2952418622244753,12.217,57.1
39127,2007-02-18 00:00:00,0.1380892758988828,-0.0685677321274772,0.3447462839252428,12.217,57.1
39128,2007-02-19 00:00:00,0.063146213346132,-0.1430883401192169,0.2693807668114809,12.217,57.1
39129,2007-02-20 00:00:00,0.0635891417261159,-0.1420286013044942,0.2692068847567262,12.217,57.1
39130,2007-02-21 00:00:00,-0.0320165602463473,-0.2385851029986947,0.1745519825059999,12.217,57.1
39131,2007-02-22 00:00:00,-0.0393594103905743,-0.2481562340277311,0.1694374132465824,12.217,57.1
39132,2007-02-23 00:00:00,0.0027332336675739,-0.2066263704792447,0.2120928378143926,12.217,57.1
39133,2007-02-24 00:00:00,0.0675038999641242,-0.138869020489718,0.2738768204179665,12.217,57.1
39134,2007-02-25 00:00:00,0.1681210221543122,-0.0380158490982534,0.3742578934068779,12.217,57.1
39135,2007-02-26 00:00:00,0.155752314543329,-0.0502391252193607,0.3617437543060188,12.217,57.1
39136,2007-02-27 00:00:00,0.0462723680267157,-0.1595943665768098,0.2521391026302413,12.217,57.1
39137,2007-02-28 00:00:00,0.1497275987421138,-0.0562637159835685,0.3557189134677962,12.217,57.1
39138,2007-03-01 00:00:00,0.2962232562266222,0.0902511751877815,0.502195337265463,12.217,57.1
39139,2007-03-02 00:00:00,0.2243574576497186,0.0184794768115083,0.4302354384879289,12.217,57.1
39140,2007-03-03 00:00:00,0.0736684446413958,-0.1321090037607658,0.2794458930435575,12.217,57.1
39141,2007-03-04 00:00:00,0.0711874342280971,-0.1344825653137672,0.2768574337699614,12.217,57.1
39142,2007-03-05 00:00:00,0.039836927893476,-0.1658025776008352,0.2454764333877872,12.217,57.1
39143,2007-03-06 00:00:00,0.2346057668610346,0.0281116019180929,0.4410999318039763,12.217,57.1
39144,2007-03-07 00:00:00,0.2797116944558531,0.0732766504615644,0.4861467384501418,12.217,57.1
39145,2007-03-08 00:00:00,0.1508245916735471,-0.0551407336945875,0.3567899170416817,12.217,57.1
39146,2007-03-09 00:00:00,0.0526720950058916,-0.1530549741726128,0.2583991641843962,12.217,57.1
39147,2007-03-10 00:00:00,0.1042298365527636,-0.1017699420299438,0.3102296151354711,12.217,57.1
39148,2007-03-11 00:00:00,0.2149329022235615,0.0084875266910532,0.4213782777560698,12.217,57.1
39149,2007-03-12 00:00:00,0.1944718309787249,-0.0115541859682951,0.4004978479257449,12.217,57.1
39150,2007-03-13 00:00:00,0.148906889247915,-0.0569196773748567,0.3547334558706868,12.217,57.1
39151,2007-03-14 00:00:00,0.1042743575562861,-0.1018425755658218,0.3103912906783941,12.217,57.1
39152,2007-03-15 00:00:00,0.0617234560692574,-0.1440573988110406,0.2675043109495555,12.217,57.1
39153,2007-03-16 00:00:00,0.2393890562234244,0.0334369603441344,0.4453411521027144,12.217,57.1
39154,2007-03-17 00:00:00,0.371462808488168,0.1631189522766183,0.5798066646997178,12.217,57.1
39155,2007-03-18 00:00:00,0.430805295110388,0.2222286440985344,0.6393819461222415,12.217,57.1
39156,2007-03-19 00:00:00,0.870567506741708,0.659864664168194,1.081270349315222,12.217,57.1
39157,2007-03-20 00:00:00,0.381436288263182,0.1724870620301391,0.590385514496225,12.217,57.1
39158,2007-03-21 00:00:00,0.0540658303204758,-0.1519236981260767,0.2600553587670284,12.217,57.1
39159,2007-03-22 00:00:00,-0.0159847092739871,-0.2227377050778728,0.1907682865298985,12.217,57.1
39160,2007-03-23 00:00:00,-0.100376712675772,-0.3091143260618674,0.1083609007103234,12.217,57.1
39161,2007-03-24 00:00:00,-0.1568987764446464,-0.3632427689789476,0.0494452160896547,12.217,57.1
39162,2007-03-25 00:00:00,-0.1470347612775044,-0.3531513344582874,0.0590818119032785,12.217,57.1
39163,2007-03-26 00:00:00,-0.1406236170806231,-0.3463554344765113,0.0651082003152649,12.217,57.1
39164,2007-03-27 00:00:00,-0.0888619719643037,-0.2943228541764185,0.116598910247811,12.217,57.1
39165,2007-03-28 00:00:00,-0.0551604329763763,-0.2606643133036791,0.1503434473509263,12.217,57.1
39166,2007-03-29 00:00:00,-0.0002394906471435,-0.2057016412360272,0.2052226599417401,12.217,57.1
39167,2007-03-30 00:00:00,0.0213690116246586,-0.1841990094966823,0.2269370327459996,12.217,57.1
39168,2007-03-31 00:00:00,-0.0567542172965378,-0.2623546345575014,0.1488461999644258,12.217,57.1
39169,2007-04-01 00:00:00,-0.1093571314181516,-0.3149368264295547,0.0962225635932513,12.217,57.1
39170,2007-04-02 00:00:00,-0.0702311409046434,-0.2758349542541238,0.1353726724448369,12.217,57.1
39171,2007-04-03 00:00:00,-0.0204853282933163,-0.2264275810658054,0.1854569244791728,12.217,57.1
39172,2007-04-04 00:00:00,0.0922982135154375,-0.1147800670225199,0.299376494053395,12.217,57.1
39173,2007-04-05 00:00:00,0.2107847712856533,0.0047909422431323,0.4167786003281744,12.217,57.1
39174,2007-04-06 00:00:00,0.2564127084546876,0.0500930211482101,0.4627323957611652,12.217,57.1
39175,2007-04-07 00:00:00,0.0537325565587443,-0.1523238517121891,0.2597889648296777,12.217,57.1
39176,2007-04-08 00:00:00,0.0383371977147694,-0.167910338273604,0.244584733703143,12.217,57.1
39177,2007-04-09 00:00:00,0.1604089449305142,-0.0459986289635591,0.3668165188245876,12.217,57.1
39178,2007-04-10 00:00:00,0.1284939375624758,-0.0779957371514944,0.3349836122764462,12.217,57.1
39179,2007-04-11 00:00:00,0.3252415678433673,0.1184010761943088,0.5320820594924257,12.217,57.1
39180,2007-04-12 00:00:00,0.0618647057080932,-0.1450305051685178,0.2687599165847042,12.217,57.1
39181,2007-04-13 00:00:00,-0.0207302123147825,-0.2262681175178666,0.1848076928883015,12.217,57.1
39182,2007-04-14 00:00:00,-0.0746202529654233,-0.2801233625150142,0.1308828565841674,12.217,57.1
39183,2007-04-15 00:00:00,-0.0147276972207568,-0.2203076921765615,0.1908522977350477,12.217,57.1
39184,2007-04-16 00:00:00,0.0115105115632096,-0.1939993838004525,0.2170204069268718,12.217,57.1
39185,2007-04-17 00:00:00,0.0098718807155092,-0.1959666592482573,0.2157104206792758,12.217,57.1
39186,2007-04-18 00:00:00,0.1176631935135559,-0.088282298987592,0.3236086860147038,12.217,57.1
39187,2007-04-19 00:00:00,0.1477954140910525,-0.0586446603215554,0.3542354885036604,12.217,57.1
39188,2007-04-20 00:00:00,0.5250314582473512,0.3159673013446022,0.7340956151501001,12.217,57.1
39189,2007-04-21 00:00:00,0.1857802439283521,-0.0229706944990912,0.3945311823557956,12.217,57.1
39190,2007-04-22 00:00:00,0.0127638890378563,-0.1933434137759561,0.2188711918516688,12.217,57.1
39191,2007-04-23 00:00:00,0.1104374261794815,-0.0952204824911541,0.3160953348501171,12.217,57.1
39192,2007-04-24 00:00:00,0.0523359473930815,-0.1532081517609691,0.2578800465471323,12.217,57.1
39193,2007-04-25 00:00:00,0.0422781157620761,-0.1632211941893011,0.2477774257134534,12.217,57.1
39194,2007-04-26 00:00:00,0.0539487286593667,-0.1515027058529272,0.2594001631716606,12.217,57.1
39195,2007-04-27 00:00:00,0.0017106152073599,-0.2039817862222313,0.2074030166369511,12.217,57.1
39196,2007-04-28 00:00:00,-0.0892711667860591,-0.2948338867225827,0.1162915531504644,12.217,57.1
39197,2007-04-29 00:00:00,-0.0629854530749915,-0.268667243914985,0.1426963377650019,12.217,57.1
39198,2007-04-30 00:00:00,-0.0310451798479959,-0.2372139884143117,0.1751236287183199,12.217,57.1
39199,2007-05-01 00:00:00,0.036011350886214,-0.1697593725841286,0.2417820743565568,12.217,57.1
39200,2007-05-02 00:00:00,-0.014262714372685,-0.219850296716039,0.191324867970669,12.217,57.1
39201,2007-05-03 00:00:00,0.0438156446263077,-0.1621467271112597,0.2497780163638752,12.217,57.1
39202,2007-05-04 00:00:00,0.0544020125728519,-0.1515171735660876,0.2603211987117915,12.217,57.1
39203,2007-05-05 00:00:00,0.0189060181916149,-0.1867634201128525,0.2245754564960824,12.217,57.1
39204,2007-05-06 00:00:00,0.0583703235782058,-0.1472504016858113,0.2639910488422231,12.217,57.1
39205,2007-05-07 00:00:00,0.1357063991201558,-0.0703368706289195,0.3417496688692312,12.217,57.1
39206,2007-05-08 00:00:00,0.2502077241963366,0.044399493394151,0.4560159549985221,12.217,57.1
39207,2007-05-09 00:00:00,0.2786000924763174,0.0725766037714315,0.4846235811812033,12.217,57.1
39208,2007-05-10 00:00:00,0.2114576115406745,0.005370652122255,0.4175445709590941,12.217,57.1
39209,2007-05-11 00:00:00,0.2413053124393299,0.0353953340364897,0.4472152908421702,12.217,57.1
39210,2007-05-12 00:00:00,0.1511787812565761,-0.0545498153131918,0.3569073778263442,12.217,57.1
39211,2007-05-13 00:00:00,0.1690512474355184,-0.0366871548557632,0.3747896497268001,12.217,57.1
39212,2007-05-14 00:00:00,0.0815038757520258,-0.1244611923598417,0.2874689438638933,12.217,57.1
39213,2007-05-15 00:00:00,0.2811308596951629,0.0734841900877262,0.4887775293025995,12.217,57.1
39214,2007-05-16 00:00:00,0.1460884101296459,-0.0610660957293439,0.3532429159886358,12.217,57.1
39215,2007-05-17 00:00:00,0.0288781280957853,-0.1772474726522715,0.2350037288438421,12.217,57.1
39216,2007-05-18 00:00:00,0.0101824961802829,-0.1968678895680884,0.2172328819286542,12.217,57.1
39217,2007-05-19 00:00:00,0.1645056112477083,-0.0420087607967492,0.3710199832921659,12.217,57.1
39218,2007-05-20 00:00:00,0.1478093658090646,-0.0598965056779139,0.3555152372960432,12.217,57.1
39219,2007-05-21 00:00:00,0.0182935850156512,-0.1884961550146691,0.2250833250459717,12.217,57.1
39220,2007-05-22 00:00:00,-0.0062668666372383,-0.2122578885475755,0.1997241552730987,12.217,57.1
39221,2007-05-23 00:00:00,0.0651136021832154,-0.1407892465569577,0.2710164509233886,12.217,57.1
39222,2007-05-24 00:00:00,0.0894148521473248,-0.1164210424219276,0.2952507467165775,12.217,57.1
39223,2007-05-25 00:00:00,0.1497668980655085,-0.057110677624426,0.3566444737554431,12.217,57.1
39224,2007-05-26 00:00:00,0.1116670423111419,-0.0941746577156938,0.3175087423379777,12.217,57.1
39225,2007-05-27 00:00:00,0.0834335638239256,-0.1222947282626316,0.289161855910483,12.217,57.1
39226,2007-05-28 00:00:00,0.081006881504944,-0.1250332242184166,0.2870469872283047,12.217,57.1
39227,2007-05-29 00:00:00,0.0172791172803199,-0.1889068915518388,0.2234651261124787,12.217,57.1
39228,2007-05-30 00:00:00,0.0908512493983722,-0.1153353004766754,0.2970377992734199,12.217,57.1
39229,2007-05-31 00:00:00,0.0605563518676261,-0.1457687361085873,0.2668814398438396,12.217,57.1
39230,2007-06-01 00:00:00,0.0186107774218531,-0.1872111262582116,0.2244326811019179,12.217,57.1
39231,2007-06-02 00:00:00,-0.0704949247502447,-0.2763896330577421,0.1353997835572526,12.217,57.1
39232,2007-06-03 00:00:00,-0.0912549812800273,-0.2970392688469642,0.1145293062869096,12.217,57.1
39233,2007-06-04 00:00:00,-0.0755102430581323,-0.2811352840801388,0.1301147979638742,12.217,57.1
39234,2007-06-05 00:00:00,-0.0636327627313189,-0.2691085303435491,0.1418430048809111,12.217,57.1
39235,2007-06-06 00:00:00,-0.0317535573323295,-0.2372756510490989,0.1737685363844398,12.217,57.1
39236,2007-06-07 00:00:00,-0.0307590169752068,-0.2361790560592245,0.1746610221088107,12.217,57.1
39237,2007-06-08 00:00:00,-0.0279205851715517,-0.233511157770607,0.1776699874275034,12.217,57.1
39238,2007-06-09 00:00:00,-0.0234287473693391,-0.2289826554248885,0.1821251606862102,12.217,57.1
39239,2007-06-10 00:00:00,-0.0015679963882491,-0.2070390103806231,0.2039030176041248,12.217,57.1
39240,2007-06-11 00:00:00,-0.006252669938072,-0.2117210388850145,0.1992156990088703,12.217,57.1
39241,2007-06-12 00:00:00,0.1133369780935336,-0.0923279705287836,0.3190019267158509,12.217,57.1
39242,2007-06-13 00:00:00,0.228911701612505,0.0230343597729251,0.4347890434520848,12.217,57.1
39243,2007-06-14 00:00:00,0.1657078538079583,-0.0401192297034415,0.3715349373193582,12.217,57.1
39244,2007-06-15 00:00:00,0.0464799575190338,-0.1599496722604749,0.2529095872985426,12.217,57.1
39245,2007-06-16 00:00:00,0.0447252265111428,-0.1614541293531379,0.2509045823754235,12.217,57.1
39246,2007-06-17 00:00:00,0.1175540862263957,-0.0883823699763671,0.3234905424291587,12.217,57.1
39247,2007-06-18 00:00:00,0.0344396523376591,-0.1713327087923917,0.2402120134677101,12.217,57.1
39248,2007-06-19 00:00:00,0.051542860944673,-0.1539032363601392,0.2569889582494854,12.217,57.1
39249,2007-06-20 00:00:00,0.0371866100670667,-0.1682385407973833,0.2426117609315168,12.217,57.1
39250,2007-06-21 00:00:00,0.094796882814868,-0.1106852746189271,0.3002790402486632,12.217,57.1
39251,2007-06-22 00:00:00,0.0470879581217512,-0.1586495114155414,0.2528254276590438,12.217,57.1
39252,2007-06-23 00:00:00,0.1231619408823468,-0.08303317204153,0.3293570538062237,12.217,57.1
39253,2007-06-24 00:00:00,0.0929678666023511,-0.1132319903174307,0.2991677235221331,12.217,57.1
39254,2007-06-25 00:00:00,0.1032395932108003,-0.1023207717010175,0.3087999581226182,12.217,57.1
39255,2007-06-26 00:00:00,0.1521745753323055,-0.0533662329902272,0.3577153836548383,12.217,57.1
39256,2007-06-27 00:00:00,0.2008935284586445,-0.0052197561270362,0.4070068130443253,12.217,57.1
39257,2007-06-28 00:00:00,0.3131933318690594,0.1056079034326739,0.5207787603054448,12.217,57.1
39258,2007-06-29 00:00:00,0.3583794573975384,0.1516731781480595,0.5650857366470172,12.217,57.1
39259,2007-06-30 00:00:00,0.189586526725707,-0.0165779182073088,0.3957509716587229,12.217,57.1
39260,2007-07-01 00:00:00,0.0905593681022629,-0.1151449543296213,0.2962636905341473,12.217,57.1
39261,2007-07-02 00:00:00,0.143402596298428,-0.0621443202822391,0.3489495128790952,12.217,57.1
39262,2007-07-03 00:00:00,0.1732530687154272,-0.0324241008128646,0.3789302382437191,12.217,57.1
39263,2007-07-04 00:00:00,0.0928629492390382,-0.1137241647445931,0.2994500632226696,12.217,57.1
39264,2007-07-05 00:00:00,0.082012540549884,-0.123962988226986,0.2879880693267541,12.217,57.1
39265,2007-07-06 00:00:00,0.1088345884634441,-0.0975755734631798,0.3152447503900681,12.217,57.1
39266,2007-07-07 00:00:00,0.1133066604414159,-0.0928719101202428,0.3194852310030747,12.217,57.1
39267,2007-07-08 00:00:00,0.2717595436551921,0.0657784759002594,0.4777406114101249,12.217,57.1
39268,2007-07-09 00:00:00,0.3625759700212337,0.1560428501707639,0.5691090898717035,12.217,57.1
39269,2007-07-10 00:00:00,0.1753347059615867,-0.0309840235123052,0.3816534354354787,12.217,57.1
39270,2007-07-11 00:00:00,0.161250617062556,-0.044411462709255,0.3669126968343671,12.217,57.1
39271,2007-07-12 00:00:00,0.1365315688326643,-0.0693083183923062,0.3423714560576348,12.217,57.1
39272,2007-07-13 00:00:00,0.207096937178533,0.0012518896119931,0.4129419847450729,12.217,57.1
39273,2007-07-14 00:00:00,0.1076757467891809,-0.0978797479582112,0.313231241536573,12.217,57.1
39274,2007-07-15 00:00:00,0.2379731542352326,0.0320010721690161,0.4439452363014491,12.217,57.1
39275,2007-07-16 00:00:00,0.0668778799334512,-0.1399340229267575,0.27368978279366,12.217,57.1
39276,2007-07-17 00:00:00,0.0567837354803798,-0.1493732307336936,0.2629407016944533,12.217,57.1
39277,2007-07-18 00:00:00,0.2019040558428654,-0.0045624467919672,0.4083705584776981,12.217,57.1
39278,2007-07-19 00:00:00,0.2073056194018021,0.000559779042355,0.4140514597612491,12.217,57.1
39279,2007-07-20 00:00:00,0.0345144565567685,-0.1715584867826149,0.2405873998961519,12.217,57.1
39280,2007-07-21 00:00:00,0.0051613789059914,-0.2003968562933388,0.2107196141053217,12.217,57.1
39281,2007-07-22 00:00:00,0.0721876244389316,-0.1333854029014217,0.2777606517792849,12.217,57.1
39282,2007-07-23 00:00:00,0.0350165470606916,-0.1709658322580842,0.2409989263794675,12.217,57.1
39283,2007-07-24 00:00:00,0.1101119254480058,-0.0965003647577847,0.3167242156537964,12.217,57.1
39284,2007-07-25 00:00:00,0.090178920735462,-0.1156375859897742,0.2959954274606984,12.217,57.1
39285,2007-07-26 00:00:00,0.2298805367968679,0.0239590645740111,0.4358020090197248,12.217,57.1
39286,2007-07-27 00:00:00,0.1973002580823197,-0.0084890498709476,0.4030895660355871,12.217,57.1
39287,2007-07-28 00:00:00,0.3430631062473681,0.1368288797832803,0.5492973327114558,12.217,57.1
39288,2007-07-29 00:00:00,0.2599885980327241,0.0537141190215346,0.4662630770439135,12.217,57.1
39289,2007-07-30 00:00:00,0.2175633230474425,0.0116644734199846,0.4234621726749004,12.217,57.1
39290,2007-07-31 00:00:00,0.1591505140645764,-0.046940362908301,0.3652413910374539,12.217,57.1
39291,2007-08-01 00:00:00,0.2234126272875363,0.0175467685364961,0.4292784860385765,12.217,57.1
39292,2007-08-02 00:00:00,0.175102373582351,-0.0305004517047597,0.3807051988694617,12.217,57.1
39293,2007-08-03 00:00:00,0.1170418364386697,-0.0887445713042555,0.3228282441815949,12.217,57.1
39294,2007-08-04 00:00:00,0.0655572048302865,-0.1402058955559573,0.2713203052165304,12.217,57.1
39295,2007-08-05 00:00:00,0.0915203562348698,-0.1142008161419843,0.297241528611724,12.217,57.1
39296,2007-08-06 00:00:00,0.0679773043782783,-0.1377357147498859,0.2736903235064427,12.217,57.1
39297,2007-08-07 00:00:00,0.0981936890536726,-0.1073726146713931,0.3037599927787384,12.217,57.1
39298,2007-08-08 00:00:00,0.0492350063944098,-0.1563155493957383,0.254785562184558,12.217,57.1
39299,2007-08-09 00:00:00,0.0097543200389621,-0.1957086709158365,0.2152173109937608,12.217,57.1
39300,2007-08-10 00:00:00,-0.0174040497228316,-0.2229049431416282,0.188096843695965,12.217,57.1
39301,2007-08-11 00:00:00,0.0091658692587592,-0.1965368007126887,0.2148685392302072,12.217,57.1
39302,2007-08-12 00:00:00,0.0038663862935703,-0.2018159439438129,0.2095487165309535,12.217,57.1
39303,2007-08-13 00:00:00,0.0989179791824211,-0.1066314856561453,0.3044674440209876,12.217,57.1
39304,2007-08-14 00:00:00,0.1115308419037396,-0.0941808434427818,0.3172425272502612,12.217,57.1
39305,2007-08-15 00:00:00,0.1505200601618694,-0.0552734034894944,0.3563135238132334,12.217,57.1
39306,2007-08-16 00:00:00,0.2022383179881801,-0.0050641764997835,0.4095408124761437,12.217,57.1
39307,2007-08-17 00:00:00,0.2683259653472528,0.0616628864751803,0.4749890442193253,12.217,57.1
39308,2007-08-18 00:00:00,0.2177615857705603,0.0113038995864163,0.4242192719547043,12.217,57.1
39309,2007-08-19 00:00:00,0.1023437212713735,-0.1032705729688672,0.3079580155116144,12.217,57.1
39310,2007-08-20 00:00:00,0.0908369213865232,-0.1147400686038803,0.2964139113769269,12.217,57.1
39311,2007-08-21 00:00:00,0.0542981411125599,-0.1513548137289461,0.2599510959540659,12.217,57.1
39312,2007-08-22 00:00:00,-0.082060578140175,-0.2884183004300752,0.1242971441497252,12.217,57.1
39313,2007-08-23 00:00:00,-0.043076408342342,-0.2489533244230979,0.1628005077384139,12.217,57.1
39314,2007-08-24 00:00:00,-0.0062183956363149,-0.2117727469710607,0.1993359556984308,12.217,57.1
39315,2007-08-25 00:00:00,0.0979473793558289,-0.1076289190972561,0.303523677808914,12.217,57.1
39316,2007-08-26 00:00:00,0.1766529163973257,-0.0291899422258268,0.3824957750204783,12.217,57.1
39317,2007-08-27 00:00:00,0.1746186531673382,-0.0312279228681321,0.3804652292028087,12.217,57.1
39318,2007-08-28 00:00:00,0.1886956103184997,-0.0175212865547917,0.3949125071917911,12.217,57.1
39319,2007-08-29 00:00:00,0.117940274111822,-0.0884151621591778,0.3242957103828219,12.217,57.1
39320,2007-08-30 00:00:00,0.0840711768018026,-0.1214381603572761,0.2895805139608815,12.217,57.1
39321,2007-08-31 00:00:00,0.0826711276327595,-0.1228910530069104,0.2882333082724295,12.217,57.1
39322,2007-09-01 00:00:00,0.0949327515056716,-0.1109674083016037,0.3008329113129469,12.217,57.1
39323,2007-09-02 00:00:00,0.2327954062872495,0.0266492872101647,0.4389415253643344,12.217,57.1
39324,2007-09-03 00:00:00,0.304154513663624,0.0978890373988259,0.5104199899284222,12.217,57.1
39325,2007-09-04 00:00:00,0.1473445947619617,-0.0590270914108452,0.3537162809347686,12.217,57.1
39326,2007-09-05 00:00:00,-0.00947224919279,-0.2171638772147062,0.1982193788291261,12.217,57.1
39327,2007-09-06 00:00:00,0.0373259657642266,-0.1685722015398364,0.2432241330682898,12.217,57.1
39328,2007-09-07 00:00:00,-0.0042588294857512,-0.209927196328178,0.2014095373566755,12.217,57.1
39329,2007-09-08 00:00:00,0.0556164122934907,-0.1502681667506288,0.2615009913376103,12.217,57.1
39330,2007-09-09 00:00:00,0.1729544999719929,-0.0335004492929771,0.3794094492369631,12.217,57.1
39331,2007-09-10 00:00:00,0.1034203744829311,-0.1030715904720258,0.3099123394378881,12.217,57.1
39332,2007-09-11 00:00:00,0.1565368755759539,-0.0504752672333182,0.3635490183852261,12.217,57.1
39333,2007-09-12 00:00:00,0.0184921861829318,-0.1876815091368716,0.2246658815027353,12.217,57.1
39334,2007-09-13 00:00:00,0.0573525580297712,-0.1485753549152001,0.2632804709747425,12.217,57.1
39335,2007-09-14 00:00:00,0.0835741042257482,-0.1222051025537884,0.2893533110052849,12.217,57.1
39336,2007-09-15 00:00:00,0.4037168859704551,0.1950893162568993,0.6123444556840109,12.217,57.1
39337,2007-09-16 00:00:00,0.2519072677912515,0.0443273752843041,0.4594871602981988,12.217,57.1
39338,2007-09-17 00:00:00,0.3545692988147311,0.1480369232177295,0.5611016744117328,12.217,57.1
39339,2007-09-18 00:00:00,0.1346610688484513,-0.0716432226201652,0.340965360317068,12.217,57.1
39340,2007-09-19 00:00:00,0.07460245198162,-0.1311721535946645,0.2803770575579046,12.217,57.1
39341,2007-09-20 00:00:00,0.2242921602314686,0.0180570819857406,0.4305272384771966,12.217,57.1
39342,2007-09-21 00:00:00,0.2252732696487505,0.018896448357549,0.431650090939952,12.217,57.1
39343,2007-09-22 00:00:00,0.2147511272864544,0.008574952962891,0.4209273016100179,12.217,57.1
39344,2007-09-23 00:00:00,0.1082327373342051,-0.0978139490452787,0.314279423713689,12.217,57.1
39345,2007-09-24 00:00:00,0.1021064846000488,-0.1036534552061591,0.3078664244062568,12.217,57.1
39346,2007-09-25 00:00:00,0.2256408322926424,0.0172436996616587,0.4340379649236262,12.217,57.1
39347,2007-09-26 00:00:00,0.2397408361931194,0.0314681786743566,0.4480134937118821,12.217,57.1
39348,2007-09-27 00:00:00,0.0029293486726489,-0.2027149342715192,0.2085736316168172,12.217,57.1
39349,2007-09-28 00:00:00,-0.1221047202476753,-0.3280305217862027,0.083821081290852,12.217,57.1
39350,2007-09-29 00:00:00,-0.1379425892904082,-0.3450619013453326,0.0691767227645161,12.217,57.1
39351,2007-09-30 00:00:00,0.0271262418491692,-0.1825241439655165,0.236776627663855,12.217,57.1
39352,2007-10-01 00:00:00,0.016471010800651,-0.1918173866176052,0.2247594082189072,12.217,57.1
39353,2007-10-02 00:00:00,0.0199890729240468,-0.1857432069346708,0.2257213527827644,12.217,57.1
39354,2007-10-03 00:00:00,-0.0160825928613976,-0.221565833597216,0.1894006478744206,12.217,57.1
39355,2007-10-04 00:00:00,0.014447219131215,-0.1909521418947163,0.2198465801571464,12.217,57.1
39356,2007-10-05 00:00:00,0.0004587195279762,-0.2051472315410775,0.2060646705970301,12.217,57.1
39357,2007-10-06 00:00:00,-0.0848642319076455,-0.2903277844677637,0.1205993206524725,12.217,57.1
39358,2007-10-07 00:00:00,-0.0197132825395627,-0.2251665906503412,0.1857400255712157,12.217,57.1
39359,2007-10-08 00:00:00,0.1094710235025125,-0.0962390522954672,0.3151810993004924,12.217,57.1
39360,2007-10-09 00:00:00,-0.0027857539123591,-0.2085193561344304,0.2029478483097122,12.217,57.1
39361,2007-10-10 00:00:00,0.021722436697133,-0.1837394921615972,0.2271843655558633,12.217,57.1
39362,2007-10-11 00:00:00,-0.0478194562775488,-0.2533425695266922,0.1577036569715944,12.217,57.1
39363,2007-10-12 00:00:00,0.329860303971174,0.1233034711780268,0.5364171367643211,12.217,57.1
39364,2007-10-13 00:00:00,0.0141030747908099,-0.1940271338722984,0.2222332834539184,12.217,57.1
39365,2007-10-14 00:00:00,0.0033765801521817,-0.2023572290410016,0.2091103893453652,12.217,57.1
39366,2007-10-15 00:00:00,0.1257390686747015,-0.0797946795425884,0.3312728168919914,12.217,57.1
39367,2007-10-16 00:00:00,0.1370214099298311,-0.0685843776620842,0.3426271975217465,12.217,57.1
39368,2007-10-17 00:00:00,0.2372898782805754,0.0313538198249929,0.4432259367361578,12.217,57.1
39369,2007-10-18 00:00:00,0.062939047750275,-0.1431069060282986,0.2689850015288487,12.217,57.1
39370,2007-10-19 00:00:00,-0.0538789602287217,-0.2599501822161219,0.1521922617586785,12.217,57.1
39371,2007-10-20 00:00:00,-0.1325078239622641,-0.3383765293553383,0.0733608814308101,12.217,57.1
39372,2007-10-21 00:00:00,-0.0840947038634001,-0.2899344609136665,0.1217450531868662,12.217,57.1
39373,2007-10-22 00:00:00,-0.0027685521651772,-0.2082954477342306,0.2027583434038761,12.217,57.1
39374,2007-10-23 00:00:00,-0.0239711025086879,-0.229516916972369,0.1815747119549932,12.217,57.1
39375,2007-10-24 00:00:00,-0.0940881747488268,-0.2997451912660244,0.1115688417683708,12.217,57.1
39376,2007-10-25 00:00:00,-0.1070658891717368,-0.3127476996233753,0.0986159212799017,12.217,57.1
39377,2007-10-26 00:00:00,-0.0535156401951828,-0.2590373727639241,0.1520060923735583,12.217,57.1
39378,2007-10-27 00:00:00,0.0144206478147589,-0.1910176093413732,0.2198589049708911,12.217,57.1
39379,2007-10-28 00:00:00,0.0435115388516244,-0.1627224707137458,0.2497455484169946,12.217,57.1
39380,2007-10-29 00:00:00,0.2345124394870981,0.0267566596457348,0.4422682193284615,12.217,57.1
39381,2007-10-30 00:00:00,0.2252329826729076,0.0184615358427844,0.4320044295030308,12.217,57.1
39382,2007-10-31 00:00:00,0.0888415885354408,-0.1169813601710872,0.2946645372419688,12.217,57.1
39383,2007-11-01 00:00:00,0.2559073470372522,0.0497746503980074,0.4620400436764971,12.217,57.1
39384,2007-11-02 00:00:00,0.0781166411115361,-0.1281515080887023,0.2843847903117745,12.217,57.1
39385,2007-11-03 00:00:00,0.0554719514593721,-0.1504686312303996,0.2614125341491438,12.217,57.1
39386,2007-11-04 00:00:00,0.0491834327731837,-0.1574356504683257,0.2558025160146931,12.217,57.1
39387,2007-11-05 00:00:00,-0.019102205142163,-0.2249330111681316,0.1867286008838054,12.217,57.1
39388,2007-11-06 00:00:00,0.1842272292054206,-0.0228979656683538,0.3913524240791952,12.217,57.1
39389,2007-11-07 00:00:00,0.212394590581039,0.0043376522330646,0.4204515289290134,12.217,57.1
39390,2007-11-08 00:00:00,0.2336419613763814,0.0263291906956115,0.4409547320571513,12.217,57.1
39391,2007-11-09 00:00:00,0.3783674004529287,0.1708026388806696,0.5859321620251879,12.217,57.1
39392,2007-11-10 00:00:00,0.3161570965725662,0.1038169615815417,0.5284972315635907,12.217,57.1
39393,2007-11-11 00:00:00,0.0296321430328059,-0.1790181416548142,0.2382824277204262,12.217,57.1
39394,2007-11-12 00:00:00,0.0812095904163456,-0.1245648407194662,0.2869840215521574,12.217,57.1
39395,2007-11-13 00:00:00,-0.0322435271497365,-0.2388341623349031,0.17434710803543,12.217,57.1
39396,2007-11-14 00:00:00,-0.0333626362437096,-0.2402814177467924,0.1735561452593731,12.217,57.1
39397,2007-11-15 00:00:00,-0.0741449686044226,-0.2802888153750847,0.1319988781662394,12.217,57.1
39398,2007-11-16 00:00:00,-0.0273190090331444,-0.2329849489132627,0.1783469308469739,12.217,57.1
39399,2007-11-17 00:00:00,0.0444807420956814,-0.1609421658914132,0.249903650082776,12.217,57.1
39400,2007-11-18 00:00:00,0.0839512165248218,-0.1214834242107947,0.2893858572604383,12.217,57.1
39401,2007-11-19 00:00:00,0.052645221511224,-0.1529246707827733,0.2582151138052214,12.217,57.1
39402,2007-11-20 00:00:00,0.0371996553618646,-0.1687990826728965,0.2431983933966258,12.217,57.1
39403,2007-11-21 00:00:00,0.0237230816040675,-0.1818790933463382,0.2293252565544734,12.217,57.1
39404,2007-11-22 00:00:00,0.1697949148606818,-0.036025013706931,0.3756148434282947,12.217,57.1
39405,2007-11-23 00:00:00,0.2251916131553484,0.0193441163755106,0.4310391099351862,12.217,57.1
39406,2007-11-24 00:00:00,0.019379520076394,-0.1878286994766056,0.2265877396293936,12.217,57.1
39407,2007-11-25 00:00:00,0.223269426865317,0.0144449681662495,0.4320938855643845,12.217,57.1
39408,2007-11-26 00:00:00,0.2562902156758397,0.0467346054410429,0.4658458259106365,12.217,57.1
39409,2007-11-27 00:00:00,-0.0011668122341102,-0.2108119467170403,0.2084783222488198,12.217,57.1
39410,2007-11-28 00:00:00,-0.0839734949284644,-0.2909472854734025,0.1230002956164736,12.217,57.1
39411,2007-11-29 00:00:00,0.2380308146152069,0.0320286314974325,0.4440329977329814,12.217,57.1
39412,2007-11-30 00:00:00,0.2982352313091644,0.091575458888382,0.5048950037299469,12.217,57.1
39413,2007-12-01 00:00:00,0.2487189235802407,0.042453775695806,0.4549840714646755,12.217,57.1
39414,2007-12-02 00:00:00,0.4938242333860816,0.2845553679415802,0.7030930988305831,12.217,57.1
39415,2007-12-03 00:00:00,0.3980564134793298,0.1898236639038189,0.6062891630548408,12.217,57.1
39416,2007-12-04 00:00:00,0.2372367780607661,0.0293733638747902,0.4451001922467419,12.217,57.1
39417,2007-12-05 00:00:00,0.1360495300654244,-0.0703196157915274,0.3424186759223763,12.217,57.1
39418,2007-12-06 00:00:00,0.2984930351410018,0.0918684478297726,0.505117622452231,12.217,57.1
39419,2007-12-07 00:00:00,0.3878464670227863,0.1807073381653539,0.5949855958802187,12.217,57.1
39420,2007-12-08 00:00:00,0.3576980372397443,0.1502417756630042,0.5651542988164845,12.217,57.1
39421,2007-12-09 00:00:00,0.2761516877219693,0.0694649745430343,0.4828384009009042,12.217,57.1
39422,2007-12-10 00:00:00,0.2708751117317294,0.064373380612249,0.4773768428512097,12.217,57.1
39423,2007-12-11 00:00:00,-0.0035059505298823,-0.2093049224420172,0.2022930213822525,12.217,57.1
39424,2007-12-12 00:00:00,-0.1433099354598994,-0.3491660046417143,0.0625461337219155,12.217,57.1
39425,2007-12-13 00:00:00,-0.153643992551569,-0.3592978296104572,0.052009844507319,12.217,57.1
39426,2007-12-14 00:00:00,-0.1326865789479256,-0.3384117603999724,0.073038602504121,12.217,57.1
39427,2007-12-15 00:00:00,-0.1121646618425402,-0.3178546547955987,0.0935253311105182,12.217,57.1
39428,2007-12-16 00:00:00,-0.1107850565771998,-0.3163857718510052,0.0948156586966055,12.217,57.1
39429,2007-12-17 00:00:00,-0.1414194740115013,-0.3471325822194053,0.0642936341964026,12.217,57.1
39430,2007-12-18 00:00:00,-0.1604619629981319,-0.3661077641249523,0.0451838381286883,12.217,57.1
39431,2007-12-19 00:00:00,-0.1285632428984882,-0.3341814799916749,0.0770549941946983,12.217,57.1
39432,2007-12-20 00:00:00,-0.0662790276792719,-0.2719374280986631,0.1393793727401192,12.217,57.1
39433,2007-12-21 00:00:00,-0.0631811479335021,-0.2688358365629952,0.142473540695991,12.217,57.1
39434,2007-12-22 00:00:00,-0.0149767758422283,-0.2204774629665306,0.1905239112820739,12.217,57.1
39435,2007-12-23 00:00:00,0.0340187094745797,-0.1714337854225641,0.2394712043717236,12.217,57.1
39436,2007-12-24 00:00:00,0.0187667488674527,-0.1867157948733952,0.2242492926083007,12.217,57.1
39437,2007-12-25 00:00:00,0.2064284614499667,0.0004414452796844,0.4124154776202491,12.217,57.1
39438,2007-12-26 00:00:00,0.2377744742257375,0.030920945391511,0.4446280030599641,12.217,57.1
39439,2007-12-27 00:00:00,0.186000818567818,-0.0205891291024894,0.3925907662381256,12.217,57.1
39440,2007-12-28 00:00:00,0.262108346875532,0.0551952974719315,0.4690213962791324,12.217,57.1
39441,2007-12-29 00:00:00,0.4607225137122145,0.2537118930993147,0.6677331343251143,12.217,57.1
39442,2007-12-30 00:00:00,0.4538194748827505,0.2467936154483448,0.6608453343171561,12.217,57.1
39443,2007-12-31 00:00:00,0.0294106638544991,-0.1767787776256491,0.2356001053346474,12.217,57.1
39444,2008-01-01 00:00:00,-0.1018883474120405,-0.3077956086377504,0.1040189138136692,12.217,57.1
39445,2008-01-02 00:00:00,-0.0606104439881331,-0.2666158967970133,0.1453950088207471,12.217,57.1
39446,2008-01-03 00:00:00,-0.0742217984177467,-0.2806374079663253,0.1321938111308317,12.217,57.1
39447,2008-01-04 00:00:00,-0.0382495192125884,-0.2459897379272521,0.1694906995020752,12.217,57.1
39448,2008-01-05 00:00:00,0.103871243043212,-0.1049654830209865,0.3127079691074105,12.217,57.1
39449,2008-01-06 00:00:00,0.3040882699277216,0.0956041614079462,0.512572378447497,12.217,57.1
39450,2008-01-07 00:00:00,0.0791029106904563,-0.127325413012093,0.2855312343930057,12.217,57.1
39451,2008-01-08 00:00:00,0.2766861836640309,0.0705820793321614,0.4827902879959004,12.217,57.1
39452,2008-01-09 00:00:00,0.11774001646392,-0.0886605820703249,0.324140614998165,12.217,57.1
39453,2008-01-10 00:00:00,0.2095089356011328,0.0029125342614381,0.4161053369408274,12.217,57.1
39454,2008-01-11 00:00:00,0.3136671362318118,0.1048865690059304,0.5224477034576931,12.217,57.1
39455,2008-01-12 00:00:00,0.2514762349336655,0.0422818913114222,0.4606705785559088,12.217,57.1
39456,2008-01-13 00:00:00,0.3203172191891478,0.1135384701779155,0.5270959682003802,12.217,57.1
39457,2008-01-14 00:00:00,0.2655392430039841,0.058861670967704,0.4722168150402641,12.217,57.1
39458,2008-01-15 00:00:00,0.3049334702527378,0.098881722874595,0.5109852176308806,12.217,57.1
39459,2008-01-16 00:00:00,0.3750301345619733,0.1667951145685196,0.583265154555427,12.217,57.1
39460,2008-01-17 00:00:00,0.5183763370907065,0.3076440435438116,0.7291086306376015,12.217,57.1
39461,2008-01-18 00:00:00,0.2673340538807131,0.0599842694041891,0.474683838357237,12.217,57.1
39462,2008-01-19 00:00:00,0.1705028010592578,-0.0372085348085855,0.3782141369271011,12.217,57.1
39463,2008-01-20 00:00:00,0.4169031050468247,0.2063130639238985,0.6274931461697509,12.217,57.1
39464,2008-01-21 00:00:00,0.2442009574173836,0.0375939049346156,0.4508080099001517,12.217,57.1
39465,2008-01-22 00:00:00,0.1550917906257419,-0.0512669595491424,0.3614505408006263,12.217,57.1
39466,2008-01-23 00:00:00,-0.0482613459065107,-0.2546379288375672,0.1581152370245456,12.217,57.1
39467,2008-01-24 00:00:00,0.147600671512437,-0.0585109820044752,0.3537123250293494,12.217,57.1
39468,2008-01-25 00:00:00,0.3978457293691136,0.1913026873961124,0.6043887713421148,12.217,57.1
39469,2008-01-26 00:00:00,0.7014448051489828,0.4928941377469711,0.9099954725509944,12.217,57.1
39470,2008-01-27 00:00:00,0.6063570594041922,0.3968557829323566,0.8158583358760276,12.217,57.1
39471,2008-01-28 00:00:00,0.019257567616132,-0.1880730592143257,0.2265881944465898,12.217,57.1
39472,2008-01-29 00:00:00,0.13277050063508,-0.0729377527203518,0.3384787539905119,12.217,57.1
39473,2008-01-30 00:00:00,0.1343459798040445,-0.0715050404772276,0.3401970000853168,12.217,57.1
39474,2008-01-31 00:00:00,0.1451812426884073,-0.060861063532918,0.3512235489097326,12.217,57.1
39475,2008-02-01 00:00:00,0.460762550255138,0.2420074415301712,0.6795176589801049,12.217,57.1
39476,2008-02-02 00:00:00,0.8254589242715913,0.6033701434253794,1.0475477051178033,12.217,57.1
39477,2008-02-03 00:00:00,0.315137627472667,0.1071698525520915,0.5231054023932427,12.217,57.1
39478,2008-02-04 00:00:00,0.196944090276239,-0.0096962342806275,0.4035844148331057,12.217,57.1
39479,2008-02-05 00:00:00,0.2459860497124813,0.039935423707942,0.4520366757170205,12.217,57.1
39480,2008-02-06 00:00:00,0.2527426475195208,0.0462545757880337,0.4592307192510079,12.217,57.1
39481,2008-02-07 00:00:00,0.1891105869857714,-0.0180562391115859,0.3962774130831287,12.217,57.1
39482,2008-02-08 00:00:00,0.0516537352370502,-0.1549399206488095,0.2582473911229099,12.217,57.1
39483,2008-02-09 00:00:00,0.0391991659776378,-0.1664970768937002,0.2448954088489759,12.217,57.1
39484,2008-02-10 00:00:00,0.0094874570963397,-0.1961748718010718,0.2151497859937512,12.217,57.1
39485,2008-02-11 00:00:00,-0.0861791568662937,-0.2918278706717471,0.1194695569391596,12.217,57.1
39486,2008-02-12 00:00:00,-0.0716927226995741,-0.2772914921417947,0.1339060467426464,12.217,57.1
39487,2008-02-13 00:00:00,-0.020876104288739,-0.2265231297940113,0.1847709212165331,12.217,57.1
39488,2008-02-14 00:00:00,-0.1235548476238562,-0.3293135569299437,0.0822038616822311,12.217,57.1
39489,2008-02-15 00:00:00,-0.1367073711197775,-0.3428673350097596,0.0694525927702046,12.217,57.1
39490,2008-02-16 00:00:00,-0.1896637034754325,-0.3960923730093492,0.016764966058484,12.217,57.1
39491,2008-02-17 00:00:00,0.1197857559967827,-0.0867864091275883,0.3263579211211539,12.217,57.1
39492,2008-02-18 00:00:00,0.215016955503487,0.0083332366133988,0.4217006743935753,12.217,57.1
39493,2008-02-19 00:00:00,0.0521823679194402,-0.1537720175084246,0.2581367533473051,12.217,57.1
39494,2008-02-20 00:00:00,0.0528786120779985,-0.1529426047352885,0.2586998288912857,12.217,57.1
39495,2008-02-21 00:00:00,0.111231290158807,-0.0942967174366525,0.3167592977542667,12.217,57.1
39496,2008-02-22 00:00:00,0.4860461224600544,0.2775121013768589,0.6945801435432499,12.217,57.1
39497,2008-02-23 00:00:00,0.9388519881282672,0.7245823608583177,1.153121615398217,12.217,57.1
39498,2008-02-24 00:00:00,0.2729391890035865,0.0632119972194093,0.4826663807877637,12.217,57.1
39499,2008-02-25 00:00:00,0.4962295755112635,0.2892166395145727,0.7032425115079544,12.217,57.1
39500,2008-02-26 00:00:00,0.2478118192277015,0.0407984733932488,0.4548251650621542,12.217,57.1
39501,2008-02-27 00:00:00,0.4438189645193355,0.2370826602475046,0.6505552687911664,12.217,57.1
39502,2008-02-28 00:00:00,0.6037585976332605,0.3962442877228551,0.8112729075436658,12.217,57.1
39503,2008-02-29 00:00:00,0.2624035116812221,0.0559117347920243,0.46889528857042,12.217,57.1
39504,2008-03-01 00:00:00,0.270320417256244,0.0628681144884703,0.4777727200240178,12.217,57.1
39505,2008-03-02 00:00:00,0.5635153426516157,0.3535552327301676,0.7734754525730638,12.217,57.1
39506,2008-03-03 00:00:00,0.3948456016554068,0.1877868626228655,0.6019043406879481,12.217,57.1
39507,2008-03-04 00:00:00,0.126587170261451,-0.0795126806952212,0.3326870212181234,12.217,57.1
39508,2008-03-05 00:00:00,0.0294651036125632,-0.177234066385324,0.2361642736104504,12.217,57.1
39509,2008-03-06 00:00:00,0.2506902624886206,0.0430408702844536,0.4583396546927876,12.217,57.1
39510,2008-03-07 00:00:00,0.2454058199570302,0.0385136520793528,0.4522979878347077,12.217,57.1
39511,2008-03-08 00:00:00,0.2178259039195735,0.0119550926249206,0.4236967152142263,12.217,57.1
39512,2008-03-09 00:00:00,0.2495036801252539,0.0425380937602171,0.4564692664902907,12.217,57.1
39513,2008-03-10 00:00:00,0.3086495571060735,0.1014221428038978,0.5158769714082492,12.217,57.1
39514,2008-03-11 00:00:00,0.2974889197418629,0.0913076983372481,0.5036701411464777,12.217,57.1
39515,2008-03-12 00:00:00,0.419738258316413,0.2130696463858534,0.6264068702469725,12.217,57.1
39516,2008-03-13 00:00:00,0.2568084289006199,0.0495768453008783,0.4640400125003616,12.217,57.1
39517,2008-03-14 00:00:00,0.2743634605204615,0.0679324449852616,0.4807944760556614,12.217,57.1
39518,2008-03-15 00:00:00,0.1468671074718732,-0.0592033101752538,0.3529375251190003,12.217,57.1
39519,2008-03-16 00:00:00,0.0987889518196494,-0.1067952974676379,0.3043732011069369,12.217,57.1
39520,2008-03-17 00:00:00,0.0896582973465154,-0.1160207150839526,0.2953373097769835,12.217,57.1
39521,2008-03-18 00:00:00,0.1225788376564478,-0.0862277739739524,0.3313854492868481,12.217,57.1
39522,2008-03-19 00:00:00,0.002868253303759,-0.2044370642041348,0.2101735708116529,12.217,57.1
39523,2008-03-20 00:00:00,0.0303402848677796,-0.1752980850247267,0.2359786547602861,12.217,57.1
39524,2008-03-21 00:00:00,0.3566621380373445,0.1484644119127995,0.5648598641618894,12.217,57.1
39525,2008-03-22 00:00:00,0.0549272488033036,-0.1599984170412687,0.269852914647876,12.217,57.1
39526,2008-03-23 00:00:00,0.0935528439540264,-0.1150140380442429,0.3021197259522958,12.217,57.1
39527,2008-03-24 00:00:00,0.172333588243235,-0.0339685886657235,0.3786357651521935,12.217,57.1
39528,2008-03-25 00:00:00,0.1877999322441492,-0.0184917500264363,0.3940916145147348,12.217,57.1
39529,2008-03-26 00:00:00,0.1447166848527676,-0.0613420999345395,0.3507754696400746,12.217,57.1
39530,2008-03-27 00:00:00,0.1257692223819771,-0.0802630111968414,0.3318014559607958,12.217,57.1
39531,2008-03-28 00:00:00,0.09303542144857,-0.1128846066727389,0.2989554495698791,12.217,57.1
39532,2008-03-29 00:00:00,0.1767201518524667,-0.0297276773587167,0.3831679810636502,12.217,57.1
39533,2008-03-30 00:00:00,0.1483420253853578,-0.0580975728504152,0.3547816236211309,12.217,57.1
39534,2008-03-31 00:00:00,0.2161468673149336,0.0090263546877175,0.4232673799421497,12.217,57.1
39535,2008-04-01 00:00:00,0.0780263053100447,-0.1284988763609718,0.2845514869810612,12.217,57.1
39536,2008-04-02 00:00:00,0.1626048996696696,-0.0430496678940504,0.3682594672333897,12.217,57.1
39537,2008-04-03 00:00:00,-0.039604175538786,-0.2452581309938829,0.1660497799163109,12.217,57.1
39538,2008-04-04 00:00:00,-0.0520756825506814,-0.2576322624489101,0.1534808973475471,12.217,57.1
39539,2008-04-05 00:00:00,0.1664810347274045,-0.0395031291447929,0.372465198599602,12.217,57.1
39540,2008-04-06 00:00:00,0.1673314590962492,-0.038603166520364,0.3732660847128625,12.217,57.1
39541,2008-04-07 00:00:00,0.1535403194949793,-0.0523014954567627,0.3593821344467214,12.217,57.1
39542,2008-04-08 00:00:00,0.0160265520589782,-0.1898713885201479,0.2219244926381045,12.217,57.1
39543,2008-04-09 00:00:00,0.0718772355517514,-0.1347294359032214,0.2784839070067244,12.217,57.1
39544,2008-04-10 00:00:00,0.2048670758334082,-0.0008549606048492,0.4105891122716656,12.217,57.1
39545,2008-04-11 00:00:00,0.1388809375900358,-0.0667809864841832,0.3445428616642549,12.217,57.1
39546,2008-04-12 00:00:00,0.1059743009117087,-0.0998460579629713,0.3117946597863889,12.217,57.1
39547,2008-04-13 00:00:00,0.0506081141517106,-0.1555964443840076,0.2568126726874289,12.217,57.1
39548,2008-04-14 00:00:00,0.0949887824847566,-0.110560313003595,0.3005378779731082,12.217,57.1
39549,2008-04-15 00:00:00,0.0723662295830841,-0.1330823146052908,0.2778147737714591,12.217,57.1
39550,2008-04-16 00:00:00,-0.0256869026862481,-0.2312241209848162,0.1798503156123198,12.217,57.1
39551,2008-04-17 00:00:00,-0.0585751956505721,-0.2641850588443872,0.1470346675432429,12.217,57.1
39552,2008-04-18 00:00:00,-0.0110782850159832,-0.2170118630381332,0.1948552930061667,12.217,57.1
39553,2008-04-19 00:00:00,0.0244206961403385,-0.1812978213596437,0.2301392136403207,12.217,57.1
39554,2008-04-20 00:00:00,0.032058278741719,-0.1734133096969378,0.2375298671803758,12.217,57.1
39555,2008-04-21 00:00:00,0.0032675279510206,-0.2021649711507336,0.2087000270527748,12.217,57.1
39556,2008-04-22 00:00:00,-0.0184050316838197,-0.2238944294315523,0.1870843660639127,12.217,57.1
39557,2008-04-23 00:00:00,-0.0289890420423324,-0.2347046950295684,0.1767266109449035,12.217,57.1
39558,2008-04-24 00:00:00,-0.0134476746072943,-0.2190612168668338,0.1921658676522451,12.217,57.1
39559,2008-04-25 00:00:00,0.046508372054836,-0.1590043299465094,0.2520210740561815,12.217,57.1
39560,2008-04-26 00:00:00,-0.0183554421004902,-0.2238718482179222,0.1871609640169416,12.217,57.1
39561,2008-04-27 00:00:00,0.0520401283022356,-0.1534838729771646,0.257564129581636,12.217,57.1
39562,2008-04-28 00:00:00,0.0960492462418028,-0.1095324422577735,0.3016309347413793,12.217,57.1
39563,2008-04-29 00:00:00,0.1712762970062283,-0.0345952750105534,0.3771478690230102,12.217,57.1
39564,2008-04-30 00:00:00,0.0818314651320649,-0.1255436347582293,0.2892065650223592,12.217,57.1
39565,2008-05-01 00:00:00,0.0496528542661694,-0.1562630297432014,0.2555687382755402,12.217,57.1
39566,2008-05-02 00:00:00,-0.003939772352875,-0.2098888986563273,0.2020093539505771,12.217,57.1
39567,2008-05-03 00:00:00,-0.0499015261081653,-0.255509047761835,0.1557059955455043,12.217,57.1
39568,2008-05-04 00:00:00,-0.0615648379176337,-0.2670178001823713,0.1438881243471037,12.217,57.1
39569,2008-05-05 00:00:00,-0.0554853719209524,-0.2609053790598942,0.1499346352179893,12.217,57.1
39570,2008-05-06 00:00:00,-0.0836858382037109,-0.2891120109948014,0.1217403345873794,12.217,57.1
39571,2008-05-07 00:00:00,-0.0473086308844482,-0.2527661135051038,0.1581488517362072,12.217,57.1
39572,2008-05-08 00:00:00,-0.0047749350456274,-0.2103364906793103,0.2007866205880554,12.217,57.1
39573,2008-05-09 00:00:00,0.0143597711680809,-0.191094603769602,0.2198141461057638,12.217,57.1
39574,2008-05-10 00:00:00,0.0106817327026814,-0.1947641604107728,0.2161276258161356,12.217,57.1
39575,2008-05-11 00:00:00,0.0122283108757842,-0.1932578938759175,0.2177145156274861,12.217,57.1
39576,2008-05-12 00:00:00,-0.0279297433440465,-0.2338267421870937,0.1779672554990006,12.217,57.1
39577,2008-05-13 00:00:00,-0.0461079614253002,-0.252901884489272,0.1606859616386713,12.217,57.1
39578,2008-05-14 00:00:00,-0.0069394310726247,-0.2126369748638472,0.1987581127185977,12.217,57.1
39579,2008-05-15 00:00:00,0.0568507186536668,-0.1487563345291669,0.2624577718365006,12.217,57.1
39580,2008-05-16 00:00:00,0.0700322460251769,-0.135528200572612,0.2755926926229659,12.217,57.1
39581,2008-05-17 00:00:00,0.0923584862929101,-0.1134231559185866,0.2981401285044068,12.217,57.1
39582,2008-05-18 00:00:00,0.0357579870554852,-0.1703339628963095,0.24184993700728,12.217,57.1
39583,2008-05-19 00:00:00,0.0244126777776977,-0.1815826894702804,0.230408045025676,12.217,57.1
39584,2008-05-20 00:00:00,0.0342489422443361,-0.1711987179404856,0.2396966024291578,12.217,57.1
39585,2008-05-21 00:00:00,0.0225916653413113,-0.1828163673557492,0.2279996980383719,12.217,57.1
39586,2008-05-22 00:00:00,0.0206258519922483,-0.1848159123332735,0.2260676163177702,12.217,57.1
39587,2008-05-23 00:00:00,0.0001769934170675,-0.2053563434820537,0.2057103303161889,12.217,57.1
39588,2008-05-24 00:00:00,-0.0202132002543722,-0.2257447258194337,0.1853183253106892,12.217,57.1
39589,2008-05-25 00:00:00,-0.0620471262254254,-0.2677162531249417,0.1436220006740909,12.217,57.1
39590,2008-05-26 00:00:00,-0.053288945893553,-0.2588901610525979,0.1523122692654918,12.217,57.1
39591,2008-05-27 00:00:00,-0.0407989901292929,-0.2464286039317831,0.1648306236731973,12.217,57.1
39592,2008-05-28 00:00:00,-0.0519345200631736,-0.2575692058307096,0.1537001657043622,12.217,57.1
39593,2008-05-29 00:00:00,0.0131843514266166,-0.1927800413162692,0.2191487441695026,12.217,57.1
39594,2008-05-30 00:00:00,-0.0016403831417981,-0.2074049790970659,0.2041242128134696,12.217,57.1
39595,2008-05-31 00:00:00,0.0115735534786055,-0.194193279064618,0.2173403860218291,12.217,57.1
39596,2008-06-01 00:00:00,0.0067629863984092,-0.1988728982238738,0.2123988710206923,12.217,57.1
39597,2008-06-02 00:00:00,0.0318003288144535,-0.1738308818616126,0.2374315394905196,12.217,57.1
39598,2008-06-03 00:00:00,0.0359625050774517,-0.1696709797796032,0.2415959899345068,12.217,57.1
39599,2008-06-04 00:00:00,-0.0018143064334697,-0.2078638149415769,0.2042352020746374,12.217,57.1
39600,2008-06-05 00:00:00,-0.0184176006729435,-0.2242566558649658,0.1874214545190788,12.217,57.1
39601,2008-06-06 00:00:00,0.0045371143828998,-0.201060926328662,0.2101351550944618,12.217,57.1
39602,2008-06-07 00:00:00,0.0193300822092796,-0.186207053260106,0.2248672176786653,12.217,57.1
39603,2008-06-08 00:00:00,-0.0060241588891762,-0.2115925853711834,0.1995442675928308,12.217,57.1
39604,2008-06-09 00:00:00,0.055554923861397,-0.1507313411778911,0.2618411889006852,12.217,57.1
39605,2008-06-10 00:00:00,0.0782930604254724,-0.1282569732146721,0.284843094065617,12.217,57.1
39606,2008-06-11 00:00:00,0.3430740610178568,0.1332477921060968,0.5529003299296169,12.217,57.1
39607,2008-06-12 00:00:00,0.2101294154954988,0.0021835796283462,0.4180752513626514,12.217,57.1
39608,2008-06-13 00:00:00,0.1363255074379596,-0.0694717537902358,0.3421227686661552,12.217,57.1
39609,2008-06-14 00:00:00,0.1367950083042571,-0.0687860006360487,0.3423760172445629,12.217,57.1
39610,2008-06-15 00:00:00,0.1773014681407961,-0.0282752984512272,0.3828782347328195,12.217,57.1
39611,2008-06-16 00:00:00,0.1807771247392418,-0.0248035912682354,0.3863578407467192,12.217,57.1
39612,2008-06-17 00:00:00,0.0917219052236543,-0.1138482150064153,0.297292025453724,12.217,57.1
39613,2008-06-18 00:00:00,0.1484429101719649,-0.0570334552992012,0.3539192756431312,12.217,57.1
39614,2008-06-19 00:00:00,0.1541168400562339,-0.0514892413231585,0.3597229214356263,12.217,57.1
39615,2008-06-20 00:00:00,0.2240407332859511,0.01733513444975,0.4307463321221522,12.217,57.1
39616,2008-06-21 00:00:00,0.2788058240236585,0.0724034550674677,0.4852081929798492,12.217,57.1
39617,2008-06-22 00:00:00,0.1840582676266643,-0.0227524693286494,0.3908690045819781,12.217,57.1
39618,2008-06-23 00:00:00,0.1956080449673989,-0.0107417739333977,0.4019578638681956,12.217,57.1
39619,2008-06-24 00:00:00,0.5426897437566818,0.3350156164661682,0.7503638710471954,12.217,57.1
39620,2008-06-25 00:00:00,0.1225684341147538,-0.0844035172638791,0.3295403854933869,12.217,57.1
39621,2008-06-26 00:00:00,0.088319651540239,-0.1173022957308755,0.2939415988113535,12.217,57.1
39622,2008-06-27 00:00:00,0.1590182118543804,-0.046634034515867,0.364670458224628,12.217,57.1
39623,2008-06-28 00:00:00,0.1384760663832568,-0.0672495674189427,0.3442017001854564,12.217,57.1
39624,2008-06-29 00:00:00,0.1157225195278176,-0.0897917726626323,0.3212368117182675,12.217,57.1
39625,2008-06-30 00:00:00,0.1477040767813227,-0.0577747693133565,0.353182922876002,12.217,57.1
39626,2008-07-01 00:00:00,0.1677566320928162,-0.0380811606269164,0.3735944248125488,12.217,57.1
39627,2008-07-02 00:00:00,0.0223184349674152,-0.1834118114080912,0.2280486813429216,12.217,57.1
39628,2008-07-03 00:00:00,0.0477701667548425,-0.1577630032751801,0.2533033367848653,12.217,57.1
39629,2008-07-04 00:00:00,0.0355411959700828,-0.1702214858798479,0.2413038778200136,12.217,57.1
39630,2008-07-05 00:00:00,-0.019535914927191,-0.2252965862753577,0.1862247564209756,12.217,57.1
39631,2008-07-06 00:00:00,0.082382918113431,-0.1231781344414645,0.2879439706683266,12.217,57.1
39632,2008-07-07 00:00:00,0.1636852010507414,-0.0426081243292072,0.3699785264306901,12.217,57.1
39633,2008-07-08 00:00:00,0.0588582096411461,-0.1478165819222695,0.2655330012045617,12.217,57.1
39634,2008-07-09 00:00:00,0.1027054072208929,-0.1030732158758933,0.3084840303176791,12.217,57.1
39635,2008-07-10 00:00:00,0.1150522522136714,-0.090667209119932,0.3207717135472748,12.217,57.1
39636,2008-07-11 00:00:00,0.1616122683648408,-0.0439721446759779,0.3671966814056596,12.217,57.1
39637,2008-07-12 00:00:00,0.1897526768220465,-0.0158089226687604,0.3953142763128534,12.217,57.1
39638,2008-07-13 00:00:00,0.1897569476678391,-0.0160383756773381,0.3955522710130164,12.217,57.1
39639,2008-07-14 00:00:00,0.1214528848967279,-0.0841654298666845,0.3270711996601403,12.217,57.1
39640,2008-07-15 00:00:00,0.1304602565989872,-0.0751430526619829,0.3360635658599574,12.217,57.1
39641,2008-07-16 00:00:00,0.2466546242171748,0.0407785608373242,0.4525306875970255,12.217,57.1
39642,2008-07-17 00:00:00,0.2085993030078315,0.0028114133130772,0.4143871927025857,12.217,57.1
39643,2008-07-18 00:00:00,0.1850663929279163,-0.0205342920898942,0.3906670779457269,12.217,57.1
39644,2008-07-19 00:00:00,0.1316059887898404,-0.0739089362252795,0.3371209138049603,12.217,57.1
39645,2008-07-20 00:00:00,0.2743141903496824,0.0683335670534348,0.4802948136459301,12.217,57.1
39646,2008-07-21 00:00:00,0.1866114819421986,-0.0196978694232513,0.3929208333076487,12.217,57.1
39647,2008-07-22 00:00:00,0.0354629809654628,-0.1704746582700271,0.2414006202009529,12.217,57.1
39648,2008-07-23 00:00:00,0.0460551765504792,-0.1595168173125965,0.2516271704135551,12.217,57.1
39649,2008-07-24 00:00:00,-0.0028328689791791,-0.2082822673531102,0.2026165293947519,12.217,57.1
39650,2008-07-25 00:00:00,-0.0427085184028061,-0.2482196966571505,0.1628026598515382,12.217,57.1
39651,2008-07-26 00:00:00,0.0099549574145096,-0.1956583697317817,0.2155682845608009,12.217,57.1
39652,2008-07-27 00:00:00,-0.020856661532139,-0.2263911011942549,0.1846777781299768,12.217,57.1
39653,2008-07-28 00:00:00,-0.0047957907311762,-0.2102865207677705,0.200694939305418,12.217,57.1
39654,2008-07-29 00:00:00,0.0003772920573305,-0.2052027157948774,0.2059572999095385,12.217,57.1
39655,2008-07-30 00:00:00,0.0079336433874525,-0.197704059693623,0.213571346468528,12.217,57.1
39656,2008-07-31 00:00:00,0.0023049099133615,-0.2032828494584439,0.2078926692851671,12.217,57.1
39657,2008-08-01 00:00:00,0.0233478227630759,-0.1821787528611196,0.2288743983872715,12.217,57.1
39658,2008-08-02 00:00:00,0.0948101188921144,-0.1109054154309901,0.300525653215219,12.217,57.1
39659,2008-08-03 00:00:00,0.1256064301188009,-0.0800831439680896,0.3312960042056915,12.217,57.1
39660,2008-08-04 00:00:00,0.2015199334000718,-0.0041853903325944,0.4072252571327381,12.217,57.1
39661,2008-08-05 00:00:00,0.3376103258625316,0.1252539055552545,0.5499667461698088,12.217,57.1
39662,2008-08-06 00:00:00,0.09371853035223,-0.1182810734909121,0.3057181341953723,12.217,57.1
39663,2008-08-07 00:00:00,0.1312854215145338,-0.0745142849383127,0.3370851279673803,12.217,57.1
39664,2008-08-08 00:00:00,0.0922752841219592,-0.1137172003585005,0.2982677686024189,12.217,57.1
39665,2008-08-09 00:00:00,0.1218800426375411,-0.0840937444857382,0.3278538297608206,12.217,57.1
39666,2008-08-10 00:00:00,0.2599445538258302,0.0541030149838535,0.4657860926678068,12.217,57.1
39667,2008-08-11 00:00:00,0.3210279439767904,0.1148198564534385,0.5272360315001422,12.217,57.1
39668,2008-08-12 00:00:00,0.2554423458474142,0.0493636882873101,0.4615210034075184,12.217,57.1
39669,2008-08-13 00:00:00,0.2220792806263833,0.015988783671663,0.4281697775811035,12.217,57.1
39670,2008-08-14 00:00:00,0.2522456872475481,0.0450180448259294,0.4594733296691667,12.217,57.1
39671,2008-08-15 00:00:00,0.2971020080571582,0.0894957618804273,0.5047082542338891,12.217,57.1
39672,2008-08-16 00:00:00,0.0333308792719303,-0.1724086679549583,0.239070426498819,12.217,57.1
39673,2008-08-17 00:00:00,-3.229236237728243e-05,-0.2055913768774206,0.2055267921526661,12.217,57.1
39674,2008-08-18 00:00:00,0.060221198670432,-0.1463727136763582,0.2668151110172223,12.217,57.1
39675,2008-08-19 00:00:00,0.1584033879381905,-0.0478206941231956,0.3646274699995767,12.217,57.1
39676,2008-08-20 00:00:00,0.1966329909558797,-0.0090192227391817,0.4022852046509413,12.217,57.1
39677,2008-08-21 00:00:00,0.2234032414825878,0.0175269743050986,0.429279508660077,12.217,57.1
39678,2008-08-22 00:00:00,0.1571273295664455,-0.0486315860010788,0.3628862451339699,12.217,57.1
39679,2008-08-23 00:00:00,0.0871597076260416,-0.1184475404246615,0.2927669556767448,12.217,57.1
39680,2008-08-24 00:00:00,0.0438941718363836,-0.1618816834813145,0.2496700271540818,12.217,57.1
39681,2008-08-25 00:00:00,0.0395467949906866,-0.1660373935771777,0.2451309835585511,12.217,57.1
39682,2008-08-26 00:00:00,0.1002039008127196,-0.1054715800120626,0.3058793816375018,12.217,57.1
39683,2008-08-27 00:00:00,0.1624596054869577,-0.043182260171365,0.3681014711452804,12.217,57.1
39684,2008-08-28 00:00:00,0.3424008843014385,0.136403929484657,0.5483978391182202,12.217,57.1
39685,2008-08-29 00:00:00,0.1496934809139994,-0.05654943793186,0.3559363997598589,12.217,57.1
39686,2008-08-30 00:00:00,0.0423607442962868,-0.1632822691887454,0.2480037577813191,12.217,57.1
39687,2008-08-31 00:00:00,0.0010737012208789,-0.204434686407829,0.2065820888495869,12.217,57.1
39688,2008-09-01 00:00:00,0.0522461124210354,-0.1533256496499206,0.2578178744919914,12.217,57.1
39689,2008-09-02 00:00:00,0.1741864868086979,-0.0317877656595616,0.3801607392769576,12.217,57.1
39690,2008-09-03 00:00:00,0.271061051261367,0.0646132550344698,0.4775088474882643,12.217,57.1
39691,2008-09-04 00:00:00,0.3184469856061052,0.1119439713381107,0.5249499998740997,12.217,57.1
39692,2008-09-05 00:00:00,0.2876836107141921,0.0811763407592987,0.4941908806690855,12.217,57.1
39693,2008-09-06 00:00:00,0.1502400241352074,-0.0557686433248325,0.3562486915952474,12.217,57.1
39694,2008-09-07 00:00:00,0.1365795819245295,-0.0694906177839096,0.3426497816329686,12.217,57.1
39695,2008-09-08 00:00:00,0.0764580007962302,-0.1292050819740472,0.2821210835665078,12.217,57.1
39696,2008-09-09 00:00:00,0.059845715090689,-0.145994102616971,0.265685532798349,12.217,57.1
39697,2008-09-10 00:00:00,-0.000612752915757,-0.2063413999568081,0.2051158941252941,12.217,57.1
39698,2008-09-11 00:00:00,0.1033446664871741,-0.1026359635948575,0.3093252965692058,12.217,57.1
39699,2008-09-12 00:00:00,-0.0545573749843592,-0.2609478255266528,0.1518330755579343,12.217,57.1
39700,2008-09-13 00:00:00,-0.1331508789562413,-0.3393891593483973,0.0730874014359145,12.217,57.1
39701,2008-09-14 00:00:00,-0.0862484673681177,-0.2924294811431138,0.1199325464068783,12.217,57.1
39702,2008-09-15 00:00:00,-0.122342204020719,-0.3278469263085133,0.0831625182670752,12.217,57.1
39703,2008-09-16 00:00:00,-0.0977699155488661,-0.3032532233750806,0.1077133922773484,12.217,57.1
39704,2008-09-17 00:00:00,-0.0918775804071416,-0.2973845671919639,0.1136294063776805,12.217,57.1
39705,2008-09-18 00:00:00,-0.0598614662041947,-0.2652842923601108,0.1455613599517214,12.217,57.1
39706,2008-09-19 00:00:00,-0.0248551321515318,-0.2303240298679333,0.1806137655648695,12.217,57.1
39707,2008-09-20 00:00:00,-0.0016899202481196,-0.2072544745532051,0.2038746340569658,12.217,57.1
39708,2008-09-21 00:00:00,-0.073268700602146,-0.278887083170357,0.1323496819660649,12.217,57.1
39709,2008-09-22 00:00:00,-0.0512378011830199,-0.2568945440004875,0.1544189416344475,12.217,57.1
39710,2008-09-23 00:00:00,-0.0902873712357756,-0.2959963612851092,0.1154216188135578,12.217,57.1
39711,2008-09-24 00:00:00,-0.1213298574746243,-0.327169650481312,0.0845099355320633,12.217,57.1
39712,2008-09-25 00:00:00,-0.1114610945182564,-0.3169118126551165,0.0939896236186035,12.217,57.1
39713,2008-09-26 00:00:00,-0.0845504786498224,-0.2900358682638166,0.1209349109641717,12.217,57.1
39714,2008-09-27 00:00:00,-0.0332628150949992,-0.2387834123844761,0.1722577821944777,12.217,57.1
39715,2008-09-28 00:00:00,0.2706391615155651,0.0645346021959482,0.4767437208351819,12.217,57.1
39716,2008-09-29 00:00:00,0.1037342736613446,-0.1023658160873229,0.3098343634100122,12.217,57.1
39717,2008-09-30 00:00:00,0.19880431401635,-0.0067710240068747,0.4043796520395748,12.217,57.1
39718,2008-10-01 00:00:00,0.2913622051674477,0.0853628636102032,0.4973615467246921,12.217,57.1
39719,2008-10-02 00:00:00,0.2707396418618512,0.0643920221872879,0.4770872615364143,12.217,57.1
39720,2008-10-03 00:00:00,0.2882689720867986,0.0818789569743712,0.494658987199226,12.217,57.1
39721,2008-10-04 00:00:00,0.235352239153109,0.0292666575310094,0.4414378207752085,12.217,57.1
39722,2008-10-05 00:00:00,0.2351813767314481,0.0236696232080788,0.4466931302548174,12.217,57.1
39723,2008-10-06 00:00:00,0.4253873786518106,0.2103349292177308,0.6404398280858905,12.217,57.1
39724,2008-10-07 00:00:00,0.0563614300565452,-0.1496690510187353,0.2623919111318258,12.217,57.1
39725,2008-10-08 00:00:00,0.1096032485659169,-0.0958934539963361,0.31509995112817,12.217,57.1
39726,2008-10-09 00:00:00,0.1078533685478743,-0.0980508408172752,0.3137575779130239,12.217,57.1
39727,2008-10-10 00:00:00,0.0517918858916333,-0.1541232487740652,0.2577070205573319,12.217,57.1
39728,2008-10-11 00:00:00,0.2025675356119063,-0.0032821128596116,0.4084171840834243,12.217,57.1
39729,2008-10-12 00:00:00,0.2460156403811192,0.0401032588692767,0.4519280218929618,12.217,57.1
39730,2008-10-13 00:00:00,0.1365867233933223,-0.0691911739832055,0.3423646207698502,12.217,57.1
39731,2008-10-14 00:00:00,0.247257297312861,0.0415368494157096,0.4529777452100123,12.217,57.1
39732,2008-10-15 00:00:00,0.110444709041722,-0.0952709442984077,0.3161603623818518,12.217,57.1
39733,2008-10-16 00:00:00,0.1825429825058629,-0.0237797797098914,0.3888657447216174,12.217,57.1
39734,2008-10-17 00:00:00,0.2016986988451558,-0.0042827246809853,0.4076801223712971,12.217,57.1
39735,2008-10-18 00:00:00,0.0916744744435357,-0.1139629437722304,0.2973118926593019,12.217,57.1
39736,2008-10-19 00:00:00,0.3055147256574527,0.0995025733105726,0.5115268780043327,12.217,57.1
39737,2008-10-20 00:00:00,0.1601729906683315,-0.0463050285219132,0.3666510098585763,12.217,57.1
39738,2008-10-21 00:00:00,0.3013757618102904,0.0932960908623812,0.5094554327581997,12.217,57.1
39739,2008-10-22 00:00:00,0.4561924443379294,0.248202998875458,0.6641818898004008,12.217,57.1
39740,2008-10-23 00:00:00,0.164218234810913,-0.0420833246133945,0.3705197942352205,12.217,57.1
39741,2008-10-24 00:00:00,0.1712980312336279,-0.0365976681751633,0.3791937306424191,12.217,57.1
39742,2008-10-25 00:00:00,0.2847422166285566,0.0760753993019398,0.4934090339551733,12.217,57.1
39743,2008-10-26 00:00:00,0.2318046950268009,0.0217946627671093,0.4418147272864924,12.217,57.1
39744,2008-10-27 00:00:00,0.3977170801648681,0.1871627379074197,0.6082714224223165,12.217,57.1
39745,2008-10-28 00:00:00,0.2827052809612397,0.0768031254473453,0.4886074364751341,12.217,57.1
39746,2008-10-29 00:00:00,0.1436159069029656,-0.062222951994138,0.3494547658000693,12.217,57.1
39747,2008-10-30 00:00:00,0.2116694612224043,0.0056409044210579,0.4176980180237506,12.217,57.1
39748,2008-10-31 00:00:00,0.0251970704756346,-0.1870225700949697,0.2374167110462389,12.217,57.1
39749,2008-11-01 00:00:00,0.0137476170752246,-0.1998096919766618,0.2273049261271111,12.217,57.1
39750,2008-11-02 00:00:00,0.0161480706695218,-0.1896802114954215,0.2219763528344652,12.217,57.1
39751,2008-11-03 00:00:00,-0.0050799285502884,-0.2107962732726578,0.2006364161720809,12.217,57.1
39752,2008-11-04 00:00:00,0.0025603238713289,-0.2030330754375711,0.208153723180229,12.217,57.1
39753,2008-11-05 00:00:00,-0.0736474262123901,-0.2791921715532022,0.131897319128422,12.217,57.1
39754,2008-11-06 00:00:00,-0.0996062275758691,-0.3053657327512172,0.1061532775994789,12.217,57.1
39755,2008-11-07 00:00:00,0.016324284167044,-0.1896804457168552,0.2223290140509433,12.217,57.1
39756,2008-11-08 00:00:00,0.0834652669042991,-0.1223827286119109,0.2893132624205093,12.217,57.1
39757,2008-11-09 00:00:00,0.0844350228311716,-0.1211892895095207,0.290059335171864,12.217,57.1
39758,2008-11-10 00:00:00,0.2354109843538895,0.0266674363497152,0.4441545323580639,12.217,57.1
39759,2008-11-11 00:00:00,0.207542501364963,-0.0077449945323733,0.4228299972622993,12.217,57.1
39760,2008-11-12 00:00:00,0.3067413015438822,0.0978715089277243,0.51561109416004,12.217,57.1
39761,2008-11-13 00:00:00,0.1166615341713124,-0.0900441349873487,0.3233672033299737,12.217,57.1
39762,2008-11-14 00:00:00,0.1286149369096073,-0.0773827781049736,0.3346126519241882,12.217,57.1
39763,2008-11-15 00:00:00,0.3263189995615055,0.1189547607877878,0.5336832383352232,12.217,57.1
39764,2008-11-16 00:00:00,0.4976076380292437,0.2904944554695933,0.7047208205888942,12.217,57.1
39765,2008-11-17 00:00:00,0.1072884308983631,-0.1014532657950228,0.3160301275917492,12.217,57.1
39766,2008-11-18 00:00:00,0.0460044294527281,-0.1609257993206672,0.2529346582261235,12.217,57.1
39767,2008-11-19 00:00:00,0.3102054529246899,0.1019438212387845,0.5184670846105953,12.217,57.1
39768,2008-11-20 00:00:00,0.5332249548605528,0.3254214579926607,0.7410284517284448,12.217,57.1
39769,2008-11-21 00:00:00,0.2789765138592022,0.0718063770653716,0.4861466506530328,12.217,57.1
39770,2008-11-22 00:00:00,0.1249185215388666,-0.0817625624568594,0.3315996055345927,12.217,57.1
39771,2008-11-23 00:00:00,0.0347595255558521,-0.1722966195306008,0.2418156706423051,12.217,57.1
39772,2008-11-24 00:00:00,0.0610127460580369,-0.1462693584127872,0.268294850528861,12.217,57.1
39773,2008-11-25 00:00:00,0.130601393322667,-0.0767580755348629,0.337960862180197,12.217,57.1
39774,2008-11-26 00:00:00,0.0119074472660757,-0.1944630930788863,0.2182779876110379,12.217,57.1
39775,2008-11-27 00:00:00,0.3947109645674784,0.1877716069716166,0.6016503221633402,12.217,57.1
39776,2008-11-28 00:00:00,0.4276888628621375,0.2203877551860315,0.6349899705382435,12.217,57.1
39777,2008-11-29 00:00:00,0.2102285863281093,0.0037413230076094,0.4167158496486093,12.217,57.1
39778,2008-11-30 00:00:00,0.2056674430979938,-0.0006084606142351,0.4119433468102228,12.217,57.1
39779,2008-12-01 00:00:00,0.0762352125996348,-0.1298434148436717,0.2823138400429414,12.217,57.1
39780,2008-12-02 00:00:00,0.0658231138162748,-0.1399270456909733,0.2715732733235231,12.217,57.1
39781,2008-12-03 00:00:00,0.1582504991487792,-0.0488302964194942,0.3653312947170528,12.217,57.1
39782,2008-12-04 00:00:00,0.1570833084739738,-0.0493013018567382,0.3634679188046859,12.217,57.1
39783,2008-12-05 00:00:00,0.2239544793533059,0.0174476866671151,0.4304612720394967,12.217,57.1
39784,2008-12-06 00:00:00,0.1802376576272379,-0.0261903631574079,0.3866656784118839,12.217,57.1
39785,2008-12-07 00:00:00,-0.0287865512641887,-0.2343703855592745,0.1767972830308971,12.217,57.1
39786,2008-12-08 00:00:00,0.0129188611358811,-0.1926071740209254,0.2184448962926876,12.217,57.1
39787,2008-12-09 00:00:00,0.194619720671903,-0.0113050302895227,0.4005444716333288,12.217,57.1
39788,2008-12-10 00:00:00,0.0678368291792063,-0.137769421300495,0.2734430796589078,12.217,57.1
39789,2008-12-11 00:00:00,-0.0142077059545762,-0.2198288362823328,0.1914134243731804,12.217,57.1
39790,2008-12-12 00:00:00,-0.0019761530252374,-0.2075436211153002,0.2035913150648253,12.217,57.1
39791,2008-12-13 00:00:00,0.0187533761055535,-0.1869614430355959,0.224468195246703,12.217,57.1
39792,2008-12-14 00:00:00,0.0445492611296662,-0.1619366638914238,0.2510351861507562,12.217,57.1
39793,2008-12-15 00:00:00,0.0229229352981772,-0.1830870314271093,0.2289329020234639,12.217,57.1
39794,2008-12-16 00:00:00,-0.0089150841682375,-0.2144985797775608,0.1966684114410858,12.217,57.1
39795,2008-12-17 00:00:00,0.1139248625386612,-0.091659352760385,0.3195090778377075,12.217,57.1
39796,2008-12-18 00:00:00,0.1380111073136787,-0.0678440406209575,0.3438662552483149,12.217,57.1
39797,2008-12-19 00:00:00,0.2279547079884762,0.0212531260958696,0.4346562898810828,12.217,57.1
39798,2008-12-20 00:00:00,0.1832039726378724,-0.0238748827128936,0.3902828279886384,12.217,57.1
39799,2008-12-21 00:00:00,0.4496852598487635,0.2408507972797761,0.6585197224177509,12.217,57.1
39800,2008-12-22 00:00:00,0.4535231189499304,0.2453180797108493,0.6617281581890117,12.217,57.1
39801,2008-12-23 00:00:00,0.1735620732331383,-0.0352160676272627,0.3823402140935394,12.217,57.1
39802,2008-12-24 00:00:00,-0.0509866156201945,-0.25706064892338,0.1550874176829909,12.217,57.1
39803,2008-12-25 00:00:00,-0.1072159573860508,-0.3131961748267288,0.098764260054627,12.217,57.1
39804,2008-12-26 00:00:00,-0.1254118992769135,-0.3310808178089322,0.0802570192551051,12.217,57.1
39805,2008-12-27 00:00:00,-0.1355183885396237,-0.3411882240269845,0.0701514469477371,12.217,57.1
39806,2008-12-28 00:00:00,-0.141574176041414,-0.3472453930390146,0.0640970409561864,12.217,57.1
39807,2008-12-29 00:00:00,-0.1190368012733727,-0.3246073739573126,0.086533771410567,12.217,57.1
39808,2008-12-30 00:00:00,-0.0673976944962298,-0.2729965927888836,0.1382012037964239,12.217,57.1
39809,2008-12-31 00:00:00,-0.0355984732447791,-0.2412371905165567,0.1700402440269983,12.217,57.1
39810,2009-01-01 00:00:00,-0.053541601211885,-0.2591811004857632,0.1520978980619932,12.217,57.1
39811,2009-01-02 00:00:00,-0.0690516422975261,-0.274850266780843,0.1367469821857907,12.217,57.1
39812,2009-01-03 00:00:00,-0.0142424170921597,-0.2201967925711108,0.1917119583867913,12.217,57.1
39813,2009-01-04 00:00:00,0.1305190074688937,-0.0762260990805384,0.3372641140183258,12.217,57.1
39814,2009-01-05 00:00:00,-0.063514140161268,-0.2694113223854876,0.1423830420629515,12.217,57.1
39815,2009-01-06 00:00:00,-0.0303484602305741,-0.2361521221607464,0.1754552016995981,12.217,57.1
39816,2009-01-07 00:00:00,0.2868571458168528,0.0799524693339165,0.493761822299789,12.217,57.1
39817,2009-01-08 00:00:00,0.0256329210299458,-0.181697541581366,0.2329633836412577,12.217,57.1
39818,2009-01-09 00:00:00,0.3270385415602702,0.1204942653661459,0.5335828177543945,12.217,57.1
39819,2009-01-10 00:00:00,0.0832242306900304,-0.1227730439758441,0.2892215053559052,12.217,57.1
39820,2009-01-11 00:00:00,0.1505494425556066,-0.0554776553495951,0.3565765404608085,12.217,57.1
39821,2009-01-12 00:00:00,0.4205531374541577,0.2141083427177597,0.6269979321905557,12.217,57.1
39822,2009-01-13 00:00:00,0.3951181297675251,0.1884600913327459,0.6017761682023042,12.217,57.1
39823,2009-01-14 00:00:00,0.2684308883588798,0.0622472947504529,0.4746144819673066,12.217,57.1
39824,2009-01-15 00:00:00,0.0110590271722382,-0.1947855429177355,0.216903597262212,12.217,57.1
39825,2009-01-16 00:00:00,-0.036533476223586,-0.2422286654527137,0.1691617130055416,12.217,57.1
39826,2009-01-17 00:00:00,0.0990927339012104,-0.1070078028096581,0.305193270612079,12.217,57.1
39827,2009-01-18 00:00:00,0.1904829684832487,-0.0158893113877058,0.3968552483542032,12.217,57.1
39828,2009-01-19 00:00:00,0.3774088774483052,0.1705968145380822,0.5842209403585282,12.217,57.1
39829,2009-01-20 00:00:00,0.2210909088667519,0.013455086113179,0.4287267316203248,12.217,57.1
39830,2009-01-21 00:00:00,0.2290036876550297,0.0210898153158478,0.4369175599942116,12.217,57.1
39831,2009-01-22 00:00:00,0.1739426601200756,-0.0319865232259214,0.3798718434660727,12.217,57.1
39832,2009-01-23 00:00:00,0.3214070514927055,0.1147038365309726,0.5281102664544384,12.217,57.1
39833,2009-01-24 00:00:00,0.2812794305314299,0.0732907895511842,0.4892680715116755,12.217,57.1
39834,2009-01-25 00:00:00,0.1897133017153788,-0.0188962376777979,0.3983228411085557,12.217,57.1
39835,2009-01-26 00:00:00,0.0664491297231586,-0.1395471148771846,0.272445374323502,12.217,57.1
39836,2009-01-27 00:00:00,0.0187622757345224,-0.1868323395255784,0.2243568909946232,12.217,57.1
39837,2009-01-28 00:00:00,0.045905196882608,-0.1595243318996624,0.2513347256648787,12.217,57.1
39838,2009-01-29 00:00:00,0.0408977968095842,-0.1646018222925048,0.2463974159116733,12.217,57.1
39839,2009-01-30 00:00:00,-0.0503071850159569,-0.2558512850587409,0.1552369150268269,12.217,57.1
39840,2009-01-31 00:00:00,-0.0675881874097877,-0.2730976279986072,0.1379212531790318,12.217,57.1
39841,2009-02-01 00:00:00,-0.1064976146658971,-0.3122901886628368,0.0992949593310424,12.217,57.1
39842,2009-02-02 00:00:00,-0.1352910056375571,-0.3415187594197367,0.0709367481446224,12.217,57.1
39843,2009-02-03 00:00:00,-0.0458803431738348,-0.2523047163232342,0.1605440299755645,12.217,57.1
39844,2009-02-04 00:00:00,0.1409336445878816,-0.0655203915778259,0.3473876807535891,12.217,57.1
39845,2009-02-05 00:00:00,0.1922795580702542,-0.0133873673687416,0.3979464835092502,12.217,57.1
39846,2009-02-06 00:00:00,0.1375416334755121,-0.0681810049193347,0.343264271870359,12.217,57.1
39847,2009-02-07 00:00:00,0.1971046023659472,-0.008637494204415,0.4028466989363095,12.217,57.1
39848,2009-02-08 00:00:00,0.1534005949769273,-0.052365994090778,0.3591671840446327,12.217,57.1
39849,2009-02-09 00:00:00,0.2480784385549121,0.0423062032565267,0.4538506738532974,12.217,57.1
39850,2009-02-10 00:00:00,0.1813646274285086,-0.0243657645346516,0.3870950193916689,12.217,57.1
39851,2009-02-11 00:00:00,0.043424026877556,-0.1633203127280315,0.2501683664831435,12.217,57.1
39852,2009-02-12 00:00:00,-0.0757391793510143,-0.2827891775599798,0.131310818857951,12.217,57.1
39853,2009-02-13 00:00:00,-0.0574147314885463,-0.2633944618742797,0.1485649988971871,12.217,57.1
39854,2009-02-14 00:00:00,-0.0780080674361241,-0.2838285933634057,0.1278124584911574,12.217,57.1
39855,2009-02-15 00:00:00,-0.0652174344579067,-0.2708713992495405,0.140436530333727,12.217,57.1
39856,2009-02-16 00:00:00,0.0613651659869791,-0.1442770481014212,0.2670073800753795,12.217,57.1
39857,2009-02-17 00:00:00,-0.0282924668966111,-0.2338400741206549,0.1772551403274327,12.217,57.1
39858,2009-02-18 00:00:00,-0.0748382602935601,-0.2807155937864894,0.1310390731993692,12.217,57.1
39859,2009-02-19 00:00:00,-0.0419376431614656,-0.247801462180385,0.1639261758574536,12.217,57.1
39860,2009-02-20 00:00:00,0.0106920872520302,-0.1948628666046203,0.2162470411086808,12.217,57.1
39861,2009-02-21 00:00:00,-0.0688312112410876,-0.2742813556352372,0.136618933153062,12.217,57.1
39862,2009-02-22 00:00:00,0.0900076100584569,-0.1158641429591158,0.2958793630760297,12.217,57.1
39863,2009-02-23 00:00:00,0.1570668052187417,-0.0492868151090191,0.3634204255465025,12.217,57.1
39864,2009-02-24 00:00:00,0.0238176313671861,-0.182351129439148,0.2299863921735203,12.217,57.1
39865,2009-02-25 00:00:00,0.0424225760335971,-0.1634853446213398,0.2483304966885341,12.217,57.1
39866,2009-02-26 00:00:00,0.2760609293745868,0.0703410664082187,0.4817807923409548,12.217,57.1
39867,2009-02-27 00:00:00,0.2486559893361116,0.0421466380444984,0.4551653406277247,12.217,57.1
39868,2009-02-28 00:00:00,0.0524112546163873,-0.1533272155093722,0.2581497247421468,12.217,57.1
39869,2009-03-01 00:00:00,0.0992884448735911,-0.1064960633747328,0.3050729531219152,12.217,57.1
39870,2009-03-02 00:00:00,0.0940454111918528,-0.1116841709239828,0.2997749933076886,12.217,57.1
39871,2009-03-03 00:00:00,0.0839617538230738,-0.1220990225949081,0.2900225302410558,12.217,57.1
39872,2009-03-04 00:00:00,0.1979023149819344,-0.0077992242937046,0.4036038542575735,12.217,57.1
39873,2009-03-05 00:00:00,0.2177712607726051,0.011510215159144,0.4240323063860662,12.217,57.1
39874,2009-03-06 00:00:00,0.0453472629333224,-0.1606823158258672,0.251376841692512,12.217,57.1
39875,2009-03-07 00:00:00,0.0471660275535953,-0.1588391410647591,0.2531711961719499,12.217,57.1
39876,2009-03-08 00:00:00,0.0591463210401399,-0.1465961640806548,0.2648888061609348,12.217,57.1
39877,2009-03-09 00:00:00,0.2335684051646024,0.0270105641928296,0.4401262461363751,12.217,57.1
39878,2009-03-10 00:00:00,0.1529060699013684,-0.0531976791949768,0.3590098189977136,12.217,57.1
39879,2009-03-11 00:00:00,0.0602362208261115,-0.145357480109899,0.2658299217621222,12.217,57.1
39880,2009-03-12 00:00:00,0.0079475844851451,-0.1977780207202445,0.2136731896905349,12.217,57.1
39881,2009-03-13 00:00:00,0.1423757837624142,-0.0636831555478915,0.3484347230727201,12.217,57.1
39882,2009-03-14 00:00:00,0.0639721125629568,-0.1418037547214862,0.2697479798474,12.217,57.1
39883,2009-03-15 00:00:00,0.1044168948832801,-0.1010756076324259,0.3099093973989862,12.217,57.1
39884,2009-03-16 00:00:00,-0.0340339364875363,-0.2399150233975067,0.1718471504224339,12.217,57.1
39885,2009-03-17 00:00:00,0.0678396344250466,-0.1378697025915692,0.2735489714416625,12.217,57.1
39886,2009-03-18 00:00:00,0.1231318632883494,-0.0847099151951677,0.3309736417718667,12.217,57.1
39887,2009-03-19 00:00:00,-0.0878421582269304,-0.2942144437898636,0.1185301273360026,12.217,57.1
39888,2009-03-20 00:00:00,-0.0819341500201702,-0.2875745165810217,0.1237062165406813,12.217,57.1
39889,2009-03-21 00:00:00,-0.0057484372445934,-0.2114222168055482,0.1999253423163613,12.217,57.1
39890,2009-03-22 00:00:00,0.0642311463313545,-0.1413992120740485,0.2698615047367575,12.217,57.1
39891,2009-03-23 00:00:00,0.2651476504780172,0.0585919020612758,0.4717033988947586,12.217,57.1
39892,2009-03-24 00:00:00,0.1793038227381785,-0.0276131702863987,0.3862208157627559,12.217,57.1
39893,2009-03-25 00:00:00,0.1198522540687,-0.087734881747567,0.3274393898849672,12.217,57.1
39894,2009-03-26 00:00:00,0.1334149916972796,-0.0729535317367272,0.3397835151312864,12.217,57.1
39895,2009-03-27 00:00:00,0.2719783957195936,0.0657118155493198,0.4782449758898675,12.217,57.1
39896,2009-03-28 00:00:00,0.1660127835337268,-0.0407479242431128,0.3727734913105665,12.217,57.1
39897,2009-03-29 00:00:00,0.0684660920353049,-0.1373735389324597,0.2743057230030696,12.217,57.1
39898,2009-03-30 00:00:00,0.035823695554404,-0.1698500812512477,0.2414974723600557,12.217,57.1
39899,2009-03-31 00:00:00,0.1966886757942636,-0.0095911391667025,0.4029684907552299,12.217,57.1
39900,2009-04-01 00:00:00,0.103633164773091,-0.1025470480597415,0.3098133776059235,12.217,57.1
39901,2009-04-02 00:00:00,-0.0164079014534713,-0.2224537947930483,0.1896379918861055,12.217,57.1
39902,2009-04-03 00:00:00,0.0125193696202913,-0.1930334877103162,0.218072226950899,12.217,57.1
39903,2009-04-04 00:00:00,0.0166351757644563,-0.1888580452757605,0.2221283968046732,12.217,57.1
39904,2009-04-05 00:00:00,0.0837549272969517,-0.1218111231875924,0.2893209777814958,12.217,57.1
39905,2009-04-06 00:00:00,0.1242983562589426,-0.0818118657282369,0.3304085782461222,12.217,57.1
39906,2009-04-07 00:00:00,0.0410369224807819,-0.1647292747857721,0.2468031197473361,12.217,57.1
39907,2009-04-08 00:00:00,0.1598512873722975,-0.0459935285441969,0.365696103288792,12.217,57.1
39908,2009-04-09 00:00:00,0.0866888429271493,-0.1191501292461125,0.2925278151004112,12.217,57.1
39909,2009-04-10 00:00:00,0.0467730381240366,-0.1589355209721497,0.252481597220223,12.217,57.1
39910,2009-04-11 00:00:00,0.0634134628533212,-0.142198867926772,0.2690257936334144,12.217,57.1
39911,2009-04-12 00:00:00,0.0633801555627549,-0.1422653806254728,0.2690256917509828,12.217,57.1
39912,2009-04-13 00:00:00,0.0622353497646845,-0.1433704532430853,0.2678411527724544,12.217,57.1
39913,2009-04-14 00:00:00,0.0253649303060084,-0.1802032920647724,0.2309331526767892,12.217,57.1
39914,2009-04-15 00:00:00,-0.0023929508935246,-0.2079341003684996,0.2031481985814504,12.217,57.1
39915,2009-04-16 00:00:00,-0.0804011031174213,-0.2861307502076966,0.125328543972854,12.217,57.1
39916,2009-04-17 00:00:00,-0.0130866003754812,-0.218924308620211,0.1927511078692486,12.217,57.1
39917,2009-04-18 00:00:00,-0.0171717676335323,-0.2229948878214747,0.1886513525544099,12.217,57.1
39918,2009-04-19 00:00:00,-0.0154249718099513,-0.2212071799733647,0.1903572363534619,12.217,57.1
39919,2009-04-20 00:00:00,-0.0076973277458838,-0.2138231090671055,0.1984284535753377,12.217,57.1
39920,2009-04-21 00:00:00,-0.0391446683164355,-0.2448265873319776,0.1665372506991065,12.217,57.1
39921,2009-04-22 00:00:00,0.0058224804747343,-0.199739361626294,0.2113843225757627,12.217,57.1
39922,2009-04-23 00:00:00,-0.0331260588876123,-0.2386849842246768,0.1724328664494521,12.217,57.1
39923,2009-04-24 00:00:00,-0.0207404406574252,-0.226230598533709,0.1847497172188586,12.217,57.1
39924,2009-04-25 00:00:00,0.0041131678738283,-0.2014009160094956,0.2096272517571523,12.217,57.1
39925,2009-04-26 00:00:00,0.0791647650654699,-0.1264888126404627,0.2848183427714027,12.217,57.1
39926,2009-04-27 00:00:00,0.0719520812723638,-0.1339238695684644,0.2778280321131922,12.217,57.1
39927,2009-04-28 00:00:00,0.1663297444327102,-0.0398747320533952,0.3725342209188156,12.217,57.1
39928,2009-04-29 00:00:00,0.0830719997083431,-0.1228621511167639,0.2890061505334503,12.217,57.1
39929,2009-04-30 00:00:00,0.0351395944675475,-0.1708743578842006,0.2411535468192958,12.217,57.1
39930,2009-05-01 00:00:00,-0.0327080221780581,-0.2383867126371959,0.1729706682810797,12.217,57.1
39931,2009-05-02 00:00:00,-0.0142706728208386,-0.2198194832201929,0.1912781375785157,12.217,57.1
39932,2009-05-03 00:00:00,0.0167360151166985,-0.188789209265402,0.222261239498799,12.217,57.1
39933,2009-05-04 00:00:00,0.0559067956547638,-0.1496442560161803,0.261457847325708,12.217,57.1
39934,2009-05-05 00:00:00,0.1644016818848926,-0.0414350333380385,0.3702383971078239,12.217,57.1
39935,2009-05-06 00:00:00,0.2559401878607604,0.0496420524426658,0.462238323278855,12.217,57.1
39936,2009-05-07 00:00:00,0.2344024669473994,0.0270633169959935,0.4417416168988053,12.217,57.1
39937,2009-05-08 00:00:00,0.1511017037380334,-0.0565919191523893,0.3587953266284563,12.217,57.1
39938,2009-05-09 00:00:00,0.1192223386046687,-0.0881722894548805,0.326616966664218,12.217,57.1
39939,2009-05-10 00:00:00,0.0784778620948241,-0.1281253048792231,0.2850810290688715,12.217,57.1
39940,2009-05-11 00:00:00,0.0484016215916783,-0.1575192890782639,0.2543225322616207,12.217,57.1
39941,2009-05-12 00:00:00,-0.0324644361367144,-0.2383926876205274,0.1734638153470984,12.217,57.1
39942,2009-05-13 00:00:00,-0.0543991690343538,-0.2601177637922165,0.1513194257235087,12.217,57.1
39943,2009-05-14 00:00:00,-0.0392447608301838,-0.2448177006735966,0.166328179013229,12.217,57.1
39944,2009-05-15 00:00:00,-0.0398650473374991,-0.2458839951750892,0.1661539005000909,12.217,57.1
39945,2009-05-16 00:00:00,0.0086747932314394,-0.1978594745090919,0.2152090609719708,12.217,57.1
39946,2009-05-17 00:00:00,0.0438601464082964,-0.1625324045646612,0.2502526973812541,12.217,57.1
39947,2009-05-18 00:00:00,0.0879294415029097,-0.1177913160554705,0.29365019906129,12.217,57.1
39948,2009-05-19 00:00:00,0.0116411234511133,-0.1940743670896713,0.2173566139918979,12.217,57.1
39949,2009-05-20 00:00:00,0.039616309228534,-0.1658712652054773,0.2451038836625454,12.217,57.1
39950,2009-05-21 00:00:00,0.0746614847024897,-0.1307727311064211,0.2800957005114007,12.217,57.1
39951,2009-05-22 00:00:00,0.0943667760124154,-0.1112197116630399,0.2999532636878707,12.217,57.1
39952,2009-05-23 00:00:00,0.1250161893740552,-0.0807388566785165,0.330771235426627,12.217,57.1
39953,2009-05-24 00:00:00,0.107059145240084,-0.098630338589317,0.3127486290694852,12.217,57.1
39954,2009-05-25 00:00:00,0.0676373949800247,-0.1378698844382896,0.2731446743983392,12.217,57.1
39955,2009-05-26 00:00:00,0.0778190532264688,-0.1276963966025717,0.2833345030555093,12.217,57.1
39956,2009-05-27 00:00:00,0.3044509559638909,0.0976958880815884,0.5112060238461934,12.217,57.1
39957,2009-05-28 00:00:00,0.2322898767033396,0.0236525922037291,0.44092716120295,12.217,57.1
39958,2009-05-29 00:00:00,0.083528980422539,-0.1245895880849544,0.2916475489300325,12.217,57.1
39959,2009-05-30 00:00:00,-0.1042432448622957,-0.3103706628874767,0.1018841731628852,12.217,57.1
39960,2009-05-31 00:00:00,-0.107622689843194,-0.3135113984919306,0.0982660188055426,12.217,57.1
39961,2009-06-01 00:00:00,-0.0594523888269259,-0.2650786760480766,0.1461738983942247,12.217,57.1
39962,2009-06-02 00:00:00,-0.0082878694570901,-0.2138787966625129,0.1973030577483327,12.217,57.1
39963,2009-06-03 00:00:00,0.0109960980717728,-0.195093575275105,0.2170857714186507,12.217,57.1
39964,2009-06-04 00:00:00,0.136028313038932,-0.0716274981084605,0.3436841241863246,12.217,57.1
39965,2009-06-05 00:00:00,0.1564639590172667,-0.0506062100075129,0.3635341280420465,12.217,57.1
39966,2009-06-06 00:00:00,0.100609736842417,-0.1056174424489983,0.3068369161338325,12.217,57.1
39967,2009-06-07 00:00:00,0.0704557410820544,-0.1351005425619701,0.2760120247260789,12.217,57.1
39968,2009-06-08 00:00:00,0.0869920193532981,-0.1187092945456002,0.2926933332521965,12.217,57.1
39969,2009-06-09 00:00:00,0.0121498525691349,-0.1933963979877368,0.2176961031260067,12.217,57.1
39970,2009-06-10 00:00:00,0.0972406076652245,-0.1082963561421024,0.3027775714725514,12.217,57.1
39971,2009-06-11 00:00:00,0.0906427880660361,-0.1151145334832484,0.2964001096153207,12.217,57.1
39972,2009-06-12 00:00:00,0.015995680106504,-0.190421466108564,0.2224128263215721,12.217,57.1
39973,2009-06-13 00:00:00,0.1171391198693666,-0.0907255354380671,0.3250037751768005,12.217,57.1
39974,2009-06-14 00:00:00,0.1316264647375054,-0.0748921903658662,0.338145119840877,12.217,57.1
39975,2009-06-15 00:00:00,0.1740990509654455,-0.0318031314672916,0.3800012333981827,12.217,57.1
39976,2009-06-16 00:00:00,0.1198843242462999,-0.0859930311474459,0.3257616796400458,12.217,57.1
39977,2009-06-17 00:00:00,0.025641090526756,-0.1799578104157815,0.2312399914692935,12.217,57.1
39978,2009-06-18 00:00:00,0.1221140473360352,-0.0837269035922477,0.3279549982643182,12.217,57.1
39979,2009-06-19 00:00:00,0.2815303664127199,0.0744649118428011,0.4885958209826387,12.217,57.1
39980,2009-06-20 00:00:00,0.1633933035870819,-0.042416591706837,0.3692031988810008,12.217,57.1
39981,2009-06-21 00:00:00,0.0861825346993854,-0.119355520333022,0.2917205897317929,12.217,57.1
39982,2009-06-22 00:00:00,0.0021238846194032,-0.2033136614314472,0.2075614306702537,12.217,57.1
39983,2009-06-23 00:00:00,-0.0430247705126021,-0.248547835260592,0.1624982942353877,12.217,57.1
39984,2009-06-24 00:00:00,-0.0694708040491252,-0.275146819298099,0.1362052111998485,12.217,57.1
39985,2009-06-25 00:00:00,-0.0562679554803809,-0.2620501373378616,0.1495142263770998,12.217,57.1
39986,2009-06-26 00:00:00,-0.0646893467550836,-0.2707943814462679,0.1414156879361006,12.217,57.1
39987,2009-06-27 00:00:00,-0.0614698499513894,-0.2673855167193952,0.1444458168166162,12.217,57.1
39988,2009-06-28 00:00:00,-0.0562554098068154,-0.262141409854648,0.1496305902410172,12.217,57.1
39989,2009-06-29 00:00:00,0.0071674063415981,-0.1984278662498936,0.2127626789330898,12.217,57.1
39990,2009-06-30 00:00:00,-0.0183046190002244,-0.2237806399052548,0.1871714019048058,12.217,57.1
39991,2009-07-01 00:00:00,-0.0375400229658303,-0.2430425117950629,0.1679624658634022,12.217,57.1
39992,2009-07-02 00:00:00,-0.0181950974418813,-0.2235725892418057,0.187182394358043,12.217,57.1
39993,2009-07-03 00:00:00,0.0255550793758374,-0.1798502963817422,0.230960455133417,12.217,57.1
39994,2009-07-04 00:00:00,0.0736549024541324,-0.1318192505304847,0.2791290554387498,12.217,57.1
39995,2009-07-05 00:00:00,0.1026157371737723,-0.1029789732355209,0.3082104475830657,12.217,57.1
39996,2009-07-06 00:00:00,0.0865284647536943,-0.119244174823465,0.2923011043308536,12.217,57.1
39997,2009-07-07 00:00:00,0.1562399970416153,-0.0493726098522162,0.3618526039354468,12.217,57.1
39998,2009-07-08 00:00:00,0.1780599720801543,-0.0275531516498945,0.3836730958102033,12.217,57.1
39999,2009-07-09 00:00:00,0.1554165127819839,-0.0502022758882658,0.3610353014522338,12.217,57.1
40000,2009-07-10 00:00:00,0.2606690443889088,0.0540279571206008,0.4673101316572168,12.217,57.1
40001,2009-07-11 00:00:00,0.1311752904952809,-0.0756082934814142,0.3379588744719761,12.217,57.1
40002,2009-07-12 00:00:00,0.1485533008876441,-0.0575125773464979,0.3546191791217863,12.217,57.1
40003,2009-07-13 00:00:00,0.1407670616839196,-0.0648564579752484,0.3463905813430876,12.217,57.1
40004,2009-07-14 00:00:00,0.1044185745280045,-0.10110276746317,0.3099399165191792,12.217,57.1
40005,2009-07-15 00:00:00,0.0875826610928704,-0.1178553363928565,0.2930206585785975,12.217,57.1
40006,2009-07-16 00:00:00,0.0917717678390356,-0.1138292616211177,0.2973727972991889,12.217,57.1
40007,2009-07-17 00:00:00,0.0760372329016748,-0.1295404397424273,0.281614905545777,12.217,57.1
40008,2009-07-18 00:00:00,0.1144630377911663,-0.0911827448971858,0.3201088204795184,12.217,57.1
40009,2009-07-19 00:00:00,0.222245867959399,0.0159261893761848,0.4285655465426131,12.217,57.1
40010,2009-07-20 00:00:00,0.1237137663350679,-0.0825345193861834,0.3299620520563193,12.217,57.1
40011,2009-07-21 00:00:00,0.2737998773369138,0.0678383974298175,0.47976135724401,12.217,57.1
40012,2009-07-22 00:00:00,0.2132691086877931,0.0073079710808225,0.4192302462947637,12.217,57.1
40013,2009-07-23 00:00:00,0.1677032429737244,-0.038146051132242,0.3735525370796909,12.217,57.1
40014,2009-07-24 00:00:00,0.1468028412497046,-0.0590729106954506,0.3526785931948599,12.217,57.1
40015,2009-07-25 00:00:00,0.1768403243243348,-0.0287793786466942,0.382460027295364,12.217,57.1
40016,2009-07-26 00:00:00,0.1134280545136968,-0.0921531806536935,0.3190092896810872,12.217,57.1
40017,2009-07-27 00:00:00,0.1934488938077836,-0.0122314957523764,0.3991292833679436,12.217,57.1
40018,2009-07-28 00:00:00,0.1164841967354848,-0.0895073440462955,0.3224757375172652,12.217,57.1
40019,2009-07-29 00:00:00,0.1144442670942926,-0.0913619389447687,0.3202504731333541,12.217,57.1
40020,2009-07-30 00:00:00,0.0861940091821018,-0.1193971911307872,0.2917852094949907,12.217,57.1
40021,2009-07-31 00:00:00,0.3286102854889023,0.120539285557489,0.5366812854203157,12.217,57.1
40022,2009-08-01 00:00:00,0.2438336208303484,0.0347314669189124,0.4529357747417845,12.217,57.1
40023,2009-08-02 00:00:00,0.0693735634568759,-0.1367047322674111,0.275451859181163,12.217,57.1
40024,2009-08-03 00:00:00,0.1350950169873627,-0.0706344452518649,0.3408244792265905,12.217,57.1
40025,2009-08-04 00:00:00,-0.0112993679621335,-0.2171114436071151,0.194512707682848,12.217,57.1
40026,2009-08-05 00:00:00,-0.0558298737368209,-0.2614004795676397,0.1497407320939978,12.217,57.1
40027,2009-08-06 00:00:00,-0.0277105752081009,-0.2331262015687272,0.1777050511525252,12.217,57.1
40028,2009-08-07 00:00:00,-0.0058424914140218,-0.2112637640104264,0.1995787811823827,12.217,57.1
40029,2009-08-08 00:00:00,0.0200301166381519,-0.1853992174234194,0.2254594506997234,12.217,57.1
40030,2009-08-09 00:00:00,0.0439024717462502,-0.1615335315925865,0.2493384750850871,12.217,57.1
40031,2009-08-10 00:00:00,0.0458179776111914,-0.159617022466779,0.2512529776891621,12.217,57.1
40032,2009-08-11 00:00:00,0.0668847903734315,-0.1387904709388878,0.272560051685751,12.217,57.1
40033,2009-08-12 00:00:00,0.1428426989995229,-0.0628107199353011,0.3484961179343471,12.217,57.1
40034,2009-08-13 00:00:00,0.1441383441351161,-0.0614462838737744,0.3497229721440067,12.217,57.1
40035,2009-08-14 00:00:00,0.1216169720921244,-0.0839641958755235,0.3271981400597723,12.217,57.1
40036,2009-08-15 00:00:00,0.1192841699022974,-0.0863213665046521,0.3248897063092471,12.217,57.1
40037,2009-08-16 00:00:00,0.2748421511570754,0.0682677649766761,0.4814165373374747,12.217,57.1
40038,2009-08-17 00:00:00,0.3134180336007641,0.1063559422377704,0.5204801249637578,12.217,57.1
40039,2009-08-18 00:00:00,0.1888916416959531,-0.0171317839746954,0.3949150673666016,12.217,57.1
40040,2009-08-19 00:00:00,0.0957991732251398,-0.1101006687571884,0.3016990152074681,12.217,57.1
40041,2009-08-20 00:00:00,0.0606030563884321,-0.1451784233213583,0.2663845360982227,12.217,57.1
40042,2009-08-21 00:00:00,0.1321733403541927,-0.0740403045854471,0.3383869852938325,12.217,57.1
40043,2009-08-22 00:00:00,0.0901194091336377,-0.1158631621159183,0.2961019803831937,12.217,57.1
40044,2009-08-23 00:00:00,0.0626580994702556,-0.1429424721181174,0.2682586710586286,12.217,57.1
40045,2009-08-24 00:00:00,0.0277403316419898,-0.1777403832894242,0.2332210465734039,12.217,57.1
40046,2009-08-25 00:00:00,0.125396806936884,-0.0801224121298025,0.3309160260035706,12.217,57.1
40047,2009-08-26 00:00:00,0.1171160763317456,-0.0885647754812749,0.3227969281447661,12.217,57.1
40048,2009-08-27 00:00:00,0.1382772492440808,-0.0678099379558291,0.3443644364439907,12.217,57.1
40049,2009-08-28 00:00:00,0.1213672267890878,-0.0844313166321105,0.3271657702102862,12.217,57.1
40050,2009-08-29 00:00:00,0.3006477886761635,0.0943929101124301,0.5069026672398969,12.217,57.1
40051,2009-08-30 00:00:00,0.2805258706372558,0.0739236640552896,0.4871280772192221,12.217,57.1
40052,2009-08-31 00:00:00,0.2486046719932601,0.0426179268982092,0.454591417088311,12.217,57.1
40053,2009-09-01 00:00:00,0.203110587420295,-0.0030075882993732,0.4092287631399634,12.217,57.1
40054,2009-09-02 00:00:00,0.1986742054256447,-0.0082331281068693,0.4055815389581588,12.217,57.1
40055,2009-09-03 00:00:00,0.2049901813380106,-0.001269883425661,0.4112502461016823,12.217,57.1
40056,2009-09-04 00:00:00,0.3284434615690962,0.1207460558218992,0.5361408673162932,12.217,57.1
40057,2009-09-05 00:00:00,0.3449482977486851,0.1336088033545605,0.5562877921428098,12.217,57.1
40058,2009-09-06 00:00:00,0.3033287561129897,0.0954213932262534,0.5112361189997261,12.217,57.1
40059,2009-09-07 00:00:00,0.1897857972795867,-0.0161397818572587,0.395711376416432,12.217,57.1
40060,2009-09-08 00:00:00,0.1376332881830438,-0.0681490534982628,0.3434156298643505,12.217,57.1
40061,2009-09-09 00:00:00,0.0743860455268853,-0.1327161335427569,0.2814882245965276,12.217,57.1
40062,2009-09-10 00:00:00,-0.009875261938944,-0.2175531562178051,0.197802632339917,12.217,57.1
40063,2009-09-11 00:00:00,-0.1203147921127363,-0.326033992332767,0.0854044081072942,12.217,57.1
40064,2009-09-12 00:00:00,-0.0761689001880737,-0.2817070949189187,0.1293692945427713,12.217,57.1
40065,2009-09-13 00:00:00,0.0153012577433746,-0.1907995980380946,0.221402113524844,12.217,57.1
40066,2009-09-14 00:00:00,-0.0550188038393988,-0.2621363382189616,0.152098730540164,12.217,57.1
40067,2009-09-15 00:00:00,-0.1745317011190642,-0.3806256050436724,0.031562202805544,12.217,57.1
40068,2009-09-16 00:00:00,-0.0090392162159218,-0.2146951224206811,0.1966166899888374,12.217,57.1
40069,2009-09-17 00:00:00,-0.0009188288614903,-0.2066212314720288,0.204783573749048,12.217,57.1
40070,2009-09-18 00:00:00,-0.0097244574561729,-0.2152060097611097,0.1957570948487637,12.217,57.1
40071,2009-09-19 00:00:00,0.0321376250296552,-0.1732980068703107,0.237573256929621,12.217,57.1
40072,2009-09-20 00:00:00,0.0546672074848096,-0.1507860756592872,0.2601204906289067,12.217,57.1
40073,2009-09-21 00:00:00,0.0537362529092917,-0.1519244509806393,0.2593969567992228,12.217,57.1
40074,2009-09-22 00:00:00,0.1467289711491363,-0.0589533866473315,0.3524113289456043,12.217,57.1
40075,2009-09-23 00:00:00,0.3877832275103828,0.1812958005844128,0.5942706544363527,12.217,57.1
40076,2009-09-24 00:00:00,0.2540316159674862,0.0478433422053605,0.460219889729612,12.217,57.1
40077,2009-09-25 00:00:00,0.1604241615718659,-0.0461889035019415,0.3670372266456734,12.217,57.1
40078,2009-09-26 00:00:00,0.1674772782613064,-0.0381730054046672,0.3731275619272802,12.217,57.1
40079,2009-09-27 00:00:00,0.0920417210272388,-0.1135347611447296,0.2976182031992074,12.217,57.1
40080,2009-09-28 00:00:00,0.2379765289011826,0.0315779870562067,0.4443750707461584,12.217,57.1
40081,2009-09-29 00:00:00,0.247108457384677,0.0406668822215829,0.4535500325477711,12.217,57.1
40082,2009-09-30 00:00:00,0.0753807992914143,-0.1309991551690374,0.2817607537518662,12.217,57.1
40083,2009-10-01 00:00:00,0.2084805984558106,0.0027750310874485,0.4141861658241729,12.217,57.1
40084,2009-10-02 00:00:00,0.1757003808089929,-0.031181530225558,0.3825822918435439,12.217,57.1
40085,2009-10-03 00:00:00,0.1014785519685895,-0.1042821856496547,0.3072392895868338,12.217,57.1
40086,2009-10-04 00:00:00,0.6035472981792628,0.3958961637379205,0.811198432620605,12.217,57.1
40087,2009-10-05 00:00:00,0.6659935732567359,0.4575460947121225,0.8744410518013492,12.217,57.1
40088,2009-10-06 00:00:00,0.1488354915444119,-0.0579160471772028,0.3555870302660266,12.217,57.1
40089,2009-10-07 00:00:00,0.3207101826276827,0.111073393266651,0.5303469719887144,12.217,57.1
40090,2009-10-08 00:00:00,0.2374903508729909,0.0282607178185746,0.4467199839274072,12.217,57.1
40091,2009-10-09 00:00:00,0.2600585860709308,0.0528521291950983,0.4672650429467633,12.217,57.1
40092,2009-10-10 00:00:00,-0.0108065260218167,-0.2180098659481972,0.1963968139045637,12.217,57.1
40093,2009-10-11 00:00:00,0.0270387089096618,-0.1785201757584048,0.2325975935777285,12.217,57.1
40094,2009-10-12 00:00:00,-0.0077075154724363,-0.2138293060903034,0.1984142751454306,12.217,57.1
40095,2009-10-13 00:00:00,-0.0596208978056551,-0.2667011155032225,0.1474593198919122,12.217,57.1
40096,2009-10-14 00:00:00,-0.1147800079718081,-0.3210056526511854,0.0914456367075692,12.217,57.1
40097,2009-10-15 00:00:00,-0.1275201080304555,-0.3375106133597242,0.0824703972988131,12.217,57.1
40098,2009-10-16 00:00:00,-0.1610365939927734,-0.3701871659112959,0.048113977925749,12.217,57.1
40099,2009-10-17 00:00:00,0.0185929649897699,-0.190634434351022,0.227820364330562,12.217,57.1
40100,2009-10-18 00:00:00,-0.0921353039191545,-0.3011124154872567,0.1168418076489476,12.217,57.1
40101,2009-10-19 00:00:00,0.0709708047760284,-0.1347928843137105,0.2767344938657674,12.217,57.1
40102,2009-10-20 00:00:00,0.1145875886251938,-0.0911713378748784,0.3203465151252661,12.217,57.1
40103,2009-10-21 00:00:00,0.0715204360350542,-0.1341165037533097,0.2771573758234182,12.217,57.1
40104,2009-10-22 00:00:00,-0.0077040041765335,-0.2134784184602825,0.1980704101072154,12.217,57.1
40105,2009-10-23 00:00:00,0.021088400712432,-0.1846413125091555,0.2268181139340196,12.217,57.1
40106,2009-10-24 00:00:00,-0.0060371727704065,-0.2115883885642052,0.1995140430233921,12.217,57.1
40107,2009-10-25 00:00:00,0.0600123388623553,-0.1456148125930911,0.2656394903178016,12.217,57.1
40108,2009-10-26 00:00:00,0.1610242649244807,-0.0451092687969589,0.3671577986459203,12.217,57.1
40109,2009-10-27 00:00:00,0.0228964781120051,-0.1829310374311647,0.2287239936551751,12.217,57.1
40110,2009-10-28 00:00:00,-0.0212249211482144,-0.2267396286842264,0.1842897863877976,12.217,57.1
40111,2009-10-29 00:00:00,0.0064324680864056,-0.1991166618795554,0.2119815980523668,12.217,57.1
40112,2009-10-30 00:00:00,-0.0588776984000151,-0.2644647368047434,0.1467093400047131,12.217,57.1
40113,2009-10-31 00:00:00,-0.060941542787671,-0.2664981184094263,0.1446150328340841,12.217,57.1
40114,2009-11-01 00:00:00,0.0317464139734823,-0.1739165420474787,0.2374093699944433,12.217,57.1
40115,2009-11-02 00:00:00,0.1939418435808008,-0.0129631737163974,0.400846860877999,12.217,57.1
40116,2009-11-03 00:00:00,0.2228310666410197,0.0153177107050613,0.430344422576978,12.217,57.1
40117,2009-11-04 00:00:00,0.2753105679565675,0.0683823640642096,0.4822387718489253,12.217,57.1
40118,2009-11-05 00:00:00,0.2424023963511392,0.0340323083571556,0.4507724843451228,12.217,57.1
40119,2009-11-06 00:00:00,0.0592962221442463,-0.1480317034160257,0.2666241477045185,12.217,57.1
40120,2009-11-07 00:00:00,0.14989324161622,-0.0561750822683772,0.3559615655008173,12.217,57.1
40121,2009-11-08 00:00:00,0.2346061667744868,0.028607743832623,0.4406045897163505,12.217,57.1
40122,2009-11-09 00:00:00,-0.0573219826360605,-0.2631769672073841,0.148533001935263,12.217,57.1
40123,2009-11-10 00:00:00,-0.060367721056405,-0.2661355602110882,0.1454001180982781,12.217,57.1
40124,2009-11-11 00:00:00,0.0242976835876421,-0.1817476304366704,0.2303429976119547,12.217,57.1
40125,2009-11-12 00:00:00,0.034618699432898,-0.1711627565192482,0.2404001553850444,12.217,57.1
40126,2009-11-13 00:00:00,0.0570254007167548,-0.148589134322493,0.2626399357560027,12.217,57.1
40127,2009-11-14 00:00:00,0.2166682584626304,0.0104505183124039,0.4228859986128569,12.217,57.1
40128,2009-11-15 00:00:00,0.2110421386515262,0.0048602654723401,0.4172240118307122,12.217,57.1
40129,2009-11-16 00:00:00,0.1159389052218737,-0.0899964508348672,0.3218742612786148,12.217,57.1
40130,2009-11-17 00:00:00,0.162417195837714,-0.0432125170084901,0.3680469086839182,12.217,57.1
40131,2009-11-18 00:00:00,0.2435954394219436,0.0373694126568747,0.4498214661870125,12.217,57.1
40132,2009-11-19 00:00:00,0.5188642610897551,0.3075845843849832,0.730143937794527,12.217,57.1
40133,2009-11-20 00:00:00,0.3791293368123393,0.1712172764147472,0.5870413972099313,12.217,57.1
40134,2009-11-21 00:00:00,0.3656995198286288,0.1595106065623553,0.5718884330949023,12.217,57.1
40135,2009-11-22 00:00:00,0.1319822881527837,-0.0742219009146194,0.3381864772201869,12.217,57.1
40136,2009-11-23 00:00:00,0.2435526478744021,0.0365730730158519,0.4505322227329524,12.217,57.1
40137,2009-11-24 00:00:00,0.4026287783085119,0.1955262616441904,0.6097312949728334,12.217,57.1
40138,2009-11-25 00:00:00,0.3036405188711868,0.0973821916214405,0.5098988461209331,12.217,57.1
40139,2009-11-26 00:00:00,0.2904429721115521,0.0828557491419321,0.4980301950811721,12.217,57.1
40140,2009-11-27 00:00:00,0.4357329868500527,0.2286450906957682,0.6428208830043372,12.217,57.1
40141,2009-11-28 00:00:00,0.3416976402625623,0.1357593285350172,0.5476359519901073,12.217,57.1
40142,2009-11-29 00:00:00,0.2174002932729395,0.0114408569435642,0.4233597296023148,12.217,57.1
40143,2009-11-30 00:00:00,0.249380803538406,0.0433735304914061,0.4553880765854059,12.217,57.1
40144,2009-12-01 00:00:00,0.1120036518296326,-0.0941377338471443,0.3181450375064097,12.217,57.1
40145,2009-12-02 00:00:00,-0.0100420764981746,-0.2158730109295505,0.1957888579332012,12.217,57.1
40146,2009-12-03 00:00:00,0.0439380244350607,-0.1617576837780723,0.2496337326481937,12.217,57.1
40147,2009-12-04 00:00:00,0.1971614339874856,-0.0089522589912972,0.4032751269662684,12.217,57.1
40148,2009-12-05 00:00:00,0.0645299505596016,-0.1413674464524812,0.2704273475716844,12.217,57.1
40149,2009-12-06 00:00:00,0.1605142689534706,-0.0454060323546572,0.3664345702615986,12.217,57.1
40150,2009-12-07 00:00:00,0.2645407983007364,0.0583944868630382,0.4706871097384345,12.217,57.1
40151,2009-12-08 00:00:00,0.0517640035590819,-0.1545455150909369,0.2580735222091008,12.217,57.1
40152,2009-12-09 00:00:00,0.0243014915818404,-0.1812544607597326,0.2298574439234134,12.217,57.1
40153,2009-12-10 00:00:00,0.0370296225626126,-0.1684991260231613,0.2425583711483865,12.217,57.1
40154,2009-12-11 00:00:00,-0.065323617137509,-0.270983360221307,0.140336125946289,12.217,57.1
40155,2009-12-12 00:00:00,-0.154927588322682,-0.3605779191299121,0.050722742484548,12.217,57.1
40156,2009-12-13 00:00:00,-0.1412048946832752,-0.3469207172109628,0.0645109278444124,12.217,57.1
40157,2009-12-14 00:00:00,-0.0656504133509567,-0.2712390877191926,0.1399382610172792,12.217,57.1
40158,2009-12-15 00:00:00,0.0194422854331478,-0.1861286532325342,0.2250132240988299,12.217,57.1
40159,2009-12-16 00:00:00,0.0500046633980783,-0.1559078375849415,0.2559171643810981,12.217,57.1
40160,2009-12-17 00:00:00,0.0033373054866676,-0.2035160755766751,0.2101906865500105,12.217,57.1
40161,2009-12-18 00:00:00,-0.0471304336050945,-0.2549946464167256,0.1607337792065364,12.217,57.1
40162,2009-12-19 00:00:00,-0.0419415712933802,-0.2481621478506597,0.1642790052638992,12.217,57.1
40163,2009-12-20 00:00:00,0.1602962747526142,-0.0457993139925722,0.3663918634978007,12.217,57.1
40164,2009-12-21 00:00:00,0.1349389722756433,-0.0710769824076372,0.3409549269589239,12.217,57.1
40165,2009-12-22 00:00:00,0.1659859122463996,-0.0397375189297,0.3717093434224993,12.217,57.1
40166,2009-12-23 00:00:00,0.215503571251158,0.0087823226702023,0.4222248198321137,12.217,57.1
40167,2009-12-24 00:00:00,0.2322632448103422,0.0260185032848197,0.4385079863358647,12.217,57.1
40168,2009-12-25 00:00:00,0.1488045693850082,-0.0577615501515866,0.355370688921603,12.217,57.1
40169,2009-12-26 00:00:00,0.3056068024715339,0.0970394561544625,0.5141741487886052,12.217,57.1
40170,2009-12-27 00:00:00,0.0673098562112378,-0.1424278839037578,0.2770475963262335,12.217,57.1
40171,2009-12-28 00:00:00,0.2330570459040181,0.0271806684887988,0.4389334233192373,12.217,57.1
40172,2009-12-29 00:00:00,0.1389396239834169,-0.0670224606229957,0.3449017085898296,12.217,57.1
40173,2009-12-30 00:00:00,0.0358356002971449,-0.1699452567930696,0.2416164573873594,12.217,57.1
40174,2009-12-31 00:00:00,0.0164654042166719,-0.1894412120770577,0.2223720205104015,12.217,57.1
40175,2010-01-01 00:00:00,0.0203359455717958,-0.1854977316961174,0.2261696228397091,12.217,57.1
40176,2010-01-02 00:00:00,0.0052542963031953,-0.2004060239024725,0.2109146165088632,12.217,57.1
40177,2010-01-03 00:00:00,-0.086995186159303,-0.2927637005721161,0.11877332825351,12.217,57.1
40178,2010-01-04 00:00:00,0.0432711576424071,-0.1624258807118952,0.2489681959967095,12.217,57.1
40179,2010-01-05 00:00:00,0.1080106292835221,-0.0977290748563737,0.313750333423418,12.217,57.1
40180,2010-01-06 00:00:00,0.0922464835947321,-0.1143083312863439,0.2988012984758083,12.217,57.1
40181,2010-01-07 00:00:00,0.0342429796847319,-0.1724876504557472,0.2409736098252111,12.217,57.1
40182,2010-01-08 00:00:00,-0.0661987481215697,-0.2718721326573593,0.1394746364142197,12.217,57.1
40183,2010-01-09 00:00:00,-0.163364865109153,-0.3690102210358728,0.0422804908175667,12.217,57.1
40184,2010-01-10 00:00:00,-0.2680241012469011,-0.4749158597921827,-0.0611323427016194,12.217,57.1
40185,2010-01-11 00:00:00,-0.2112996134910952,-0.4186510437222456,-0.0039481832599448,12.217,57.1
40186,2010-01-12 00:00:00,-0.1142327448669496,-0.3203788944205815,0.0919134046866822,12.217,57.1
40187,2010-01-13 00:00:00,-0.0219185647075077,-0.2276372859475879,0.1838001565325725,12.217,57.1
40188,2010-01-14 00:00:00,0.0034545928641671,-0.2021835354574964,0.2090927211858307,12.217,57.1
40189,2010-01-15 00:00:00,0.0295370419818155,-0.1761685934881926,0.2352426774518238,12.217,57.1
40190,2010-01-16 00:00:00,-0.0104027193397449,-0.2160067311936377,0.1952012925141478,12.217,57.1
40191,2010-01-17 00:00:00,0.0569424689475927,-0.1489640608072453,0.2628489987024308,12.217,57.1
40192,2010-01-18 00:00:00,0.0668288691392206,-0.1392649447820532,0.2729226830604945,12.217,57.1
40193,2010-01-19 00:00:00,-0.0850929446591642,-0.2907094390647228,0.1205235497463943,12.217,57.1
40194,2010-01-20 00:00:00,-0.1098042716283445,-0.315468606879591,0.0958600636229019,12.217,57.1
40195,2010-01-21 00:00:00,-0.0024734414103016,-0.2081531873601781,0.2032063045395747,12.217,57.1
40196,2010-01-22 00:00:00,-0.0838459570876749,-0.2893774904423127,0.1216855762669628,12.217,57.1
40197,2010-01-23 00:00:00,-0.062505372298454,-0.268036950823307,0.1430262062263988,12.217,57.1
40198,2010-01-24 00:00:00,-0.0718116940213495,-0.2774237215730337,0.1338003335303347,12.217,57.1
40199,2010-01-25 00:00:00,-0.0793740044770122,-0.2850549467065794,0.1263069377525549,12.217,57.1
40200,2010-01-26 00:00:00,-0.1365879464188976,-0.3423070131495374,0.069131120311742,12.217,57.1
40201,2010-01-27 00:00:00,-0.0968308355848977,-0.3025306625981809,0.1088689914283853,12.217,57.1
40202,2010-01-28 00:00:00,0.2841140788017604,0.0752223992177351,0.4930057583857856,12.217,57.1
40203,2010-01-29 00:00:00,0.2282917614208542,0.020325621951447,0.4362579008902615,12.217,57.1
40204,2010-01-30 00:00:00,0.100376472075893,-0.1059058383643242,0.3066587825161104,12.217,57.1
40205,2010-01-31 00:00:00,0.1410201285772372,-0.0667560064863167,0.3487962636407912,12.217,57.1
40206,2010-02-01 00:00:00,0.143632618168225,-0.0627011533126403,0.3499663896490904,12.217,57.1
40207,2010-02-02 00:00:00,0.0284507436562489,-0.1776846232829624,0.2345861105954603,12.217,57.1
40208,2010-02-03 00:00:00,0.2743579697206171,0.0636510782623234,0.4850648611789107,12.217,57.1
40209,2010-02-04 00:00:00,0.2040250226892576,-0.0053753641175808,0.4134254094960961,12.217,57.1
40210,2010-02-05 00:00:00,0.0330301323579941,-0.1728651524993185,0.2389254172153068,12.217,57.1
40211,2010-02-06 00:00:00,0.0384920669397687,-0.1671420426862613,0.2441261765657987,12.217,57.1
40212,2010-02-07 00:00:00,-0.0878950260938462,-0.2935715130948325,0.11778146090714,12.217,57.1
40213,2010-02-08 00:00:00,-0.0478167646871663,-0.2533819053895945,0.1577483760152617,12.217,57.1
40214,2010-02-09 00:00:00,0.0490129879151194,-0.1565734797732699,0.2545994556035088,12.217,57.1
40215,2010-02-10 00:00:00,0.0056962514286135,-0.1999173208520078,0.2113098237092349,12.217,57.1
40216,2010-02-11 00:00:00,-0.059176664213997,-0.2649616189327531,0.146608290504759,12.217,57.1
40217,2010-02-12 00:00:00,-0.0741143540832102,-0.2802086589479215,0.131979950781501,12.217,57.1
40218,2010-02-13 00:00:00,-0.1254905185872205,-0.3318556695711714,0.0808746323967304,12.217,57.1
40219,2010-02-14 00:00:00,-0.0972145909639882,-0.3034037684240102,0.1089745864960337,12.217,57.1
40220,2010-02-15 00:00:00,0.0067272425164369,-0.1987515127422819,0.2122059977751559,12.217,57.1
40221,2010-02-16 00:00:00,0.1057444841922279,-0.0997056392479203,0.3111946076323761,12.217,57.1
40222,2010-02-17 00:00:00,0.1387961956242949,-0.0667082529883401,0.3443006442369299,12.217,57.1
40223,2010-02-18 00:00:00,0.0843145627624379,-0.1213161980896969,0.2899453236145728,12.217,57.1
40224,2010-02-19 00:00:00,0.1839448272390544,-0.0221493679293176,0.3900390224074265,12.217,57.1
40225,2010-02-20 00:00:00,0.1193319395800647,-0.0872957900840983,0.3259596692442278,12.217,57.1
40226,2010-02-21 00:00:00,0.1625204454062687,-0.0451009959045268,0.3701418867170643,12.217,57.1
40227,2010-02-22 00:00:00,0.0895024391508436,-0.1171200215446652,0.2961248998463526,12.217,57.1
40228,2010-02-23 00:00:00,0.1604662999628675,-0.0454309422363072,0.3663635421620422,12.217,57.1
40229,2010-02-24 00:00:00,0.0719072717230089,-0.1341774665797754,0.2779920100257933,12.217,57.1
40230,2010-02-25 00:00:00,0.0684221067754197,-0.1374957211018149,0.2743399346526544,12.217,57.1
40231,2010-02-26 00:00:00,0.2208459983413631,0.0147743268169159,0.4269176698658102,12.217,57.1
40232,2010-02-27 00:00:00,0.1640827841283987,-0.0417268747363611,0.3698924429931585,12.217,57.1
40233,2010-02-28 00:00:00,0.1648494007699411,-0.0411632441203245,0.3708620456602067,12.217,57.1
40234,2010-03-01 00:00:00,0.1530988807094822,-0.0532991462515091,0.3594969076704737,12.217,57.1
40235,2010-03-02 00:00:00,0.1423856929463708,-0.0656227994445385,0.3503941853372803,12.217,57.1
40236,2010-03-03 00:00:00,0.1085409377946139,-0.0974423755838843,0.3145242511731122,12.217,57.1
40237,2010-03-04 00:00:00,0.0056103566987474,-0.2001552749805887,0.2113759883780835,12.217,57.1
40238,2010-03-05 00:00:00,-0.0337493549674023,-0.2397682845899007,0.1722695746550959,12.217,57.1
40239,2010-03-06 00:00:00,-0.0632967203139438,-0.2693772268008303,0.1427837861729425,12.217,57.1
40240,2010-03-07 00:00:00,-0.092044757842182,-0.2981212107705365,0.1140316950861724,12.217,57.1
40241,2010-03-08 00:00:00,-0.0300076235600875,-0.235706598340855,0.1756913512206799,12.217,57.1
40242,2010-03-09 00:00:00,-0.0581228190551009,-0.2637848242375596,0.1475391861273576,12.217,57.1
40243,2010-03-10 00:00:00,-0.0103478393354633,-0.2160611364473919,0.1953654577764651,12.217,57.1
40244,2010-03-11 00:00:00,0.0142112338661164,-0.1913000348100681,0.219722502542301,12.217,57.1
40245,2010-03-12 00:00:00,0.0902932579142002,-0.1153054212585654,0.2958919370869658,12.217,57.1
40246,2010-03-13 00:00:00,0.0677514831978586,-0.1381308864970039,0.2736338528927212,12.217,57.1
40247,2010-03-14 00:00:00,0.0738067050274109,-0.1320316387591288,0.2796450488139507,12.217,57.1
40248,2010-03-15 00:00:00,0.0865767707578124,-0.1192706775308292,0.292424219046454,12.217,57.1
40249,2010-03-16 00:00:00,0.0537883471356138,-0.1519921741279646,0.2595688683991923,12.217,57.1
40250,2010-03-17 00:00:00,0.0659523523233403,-0.1397440990456395,0.2716488036923202,12.217,57.1
40251,2010-03-18 00:00:00,0.1177719234885656,-0.0878004758519747,0.3233443228291062,12.217,57.1
40252,2010-03-19 00:00:00,0.2051388139565534,-0.0004294708640638,0.4107070987771708,12.217,57.1
40253,2010-03-20 00:00:00,0.32219248904839,0.1162891213979491,0.5280958566988309,12.217,57.1
40254,2010-03-21 00:00:00,0.2146484938449178,0.0087792000640767,0.4205177876257588,12.217,57.1
40255,2010-03-22 00:00:00,0.1334066044360103,-0.0728385720995923,0.3396517809716131,12.217,57.1
40256,2010-03-23 00:00:00,0.1262383253407271,-0.0795694709755091,0.3320461216569634,12.217,57.1
40257,2010-03-24 00:00:00,0.1799108967631088,-0.0261495370135579,0.3859713305397757,12.217,57.1
40258,2010-03-25 00:00:00,0.1161065554990704,-0.0896643475568043,0.3218774585549453,12.217,57.1
40259,2010-03-26 00:00:00,0.1083661949302244,-0.097126161648174,0.3138585515086229,12.217,57.1
40260,2010-03-27 00:00:00,0.0253472647870677,-0.180587538630947,0.2312820682050825,12.217,57.1
40261,2010-03-28 00:00:00,0.1924950781199668,-0.0136463094952376,0.3986364657351713,12.217,57.1
40262,2010-03-29 00:00:00,0.2491062033640839,0.0432964357841268,0.4549159709440411,12.217,57.1
40263,2010-03-30 00:00:00,0.1957861607124229,-0.0099872821215638,0.4015596035464096,12.217,57.1
40264,2010-03-31 00:00:00,0.2237799364166498,0.0177319110560786,0.429827961777221,12.217,57.1
40265,2010-04-01 00:00:00,0.1052406768584258,-0.1011805252536039,0.3116618789704556,12.217,57.1
40266,2010-04-02 00:00:00,0.1702162922899596,-0.0358582538118716,0.3762908383917909,12.217,57.1
40267,2010-04-03 00:00:00,0.1025102181611586,-0.1036932986915425,0.3087137350138598,12.217,57.1
40268,2010-04-04 00:00:00,0.0659897051478703,-0.139688793102265,0.2716682033980057,12.217,57.1
40269,2010-04-05 00:00:00,0.10523907399409,-0.1006570933743437,0.3111352413625238,12.217,57.1
40270,2010-04-06 00:00:00,-0.0370621052654941,-0.2427857630523127,0.1686615525213243,12.217,57.1
40271,2010-04-07 00:00:00,0.0444939874829208,-0.1609995929404469,0.2499875679062885,12.217,57.1
40272,2010-04-08 00:00:00,0.0579635365640837,-0.1475829626635559,0.2635100357917234,12.217,57.1
40273,2010-04-09 00:00:00,0.0085046355283641,-0.197253292993469,0.2142625640501972,12.217,57.1
40274,2010-04-10 00:00:00,-0.0249954603431585,-0.2307330905116676,0.1807421698253506,12.217,57.1
40275,2010-04-11 00:00:00,-0.072684838306204,-0.2787412588901315,0.1333715822777235,12.217,57.1
40276,2010-04-12 00:00:00,-0.1312256242955546,-0.3368539464003334,0.0744026978092242,12.217,57.1
40277,2010-04-13 00:00:00,-0.0480902228211828,-0.2536902006483379,0.1575097550059722,12.217,57.1
40278,2010-04-14 00:00:00,-0.0389581617108151,-0.2446576634132364,0.1667413399916061,12.217,57.1
40279,2010-04-15 00:00:00,-0.0178814983493791,-0.2234271741776089,0.1876641774788506,12.217,57.1
40280,2010-04-16 00:00:00,0.0547957046413704,-0.150864100788115,0.2604555100708559,12.217,57.1
40281,2010-04-17 00:00:00,0.0863719452070261,-0.1200580156384333,0.2928019060524856,12.217,57.1
40282,2010-04-18 00:00:00,0.3591847775221832,0.152079548487142,0.5662900065572244,12.217,57.1
40283,2010-04-19 00:00:00,0.0726794447157256,-0.1337500820048982,0.2791089714363495,12.217,57.1
40284,2010-04-20 00:00:00,0.0200175246321927,-0.1855954600093628,0.2256305092737482,12.217,57.1
40285,2010-04-21 00:00:00,0.0749314448497679,-0.1306573247846373,0.2805202144841733,12.217,57.1
40286,2010-04-22 00:00:00,0.0639700629337218,-0.1417354801774218,0.2696756060448656,12.217,57.1
40287,2010-04-23 00:00:00,0.1247303862763199,-0.081032948098542,0.3304937206511819,12.217,57.1
40288,2010-04-24 00:00:00,0.1711437748601352,-0.034685004992961,0.3769725547132315,12.217,57.1
40289,2010-04-25 00:00:00,0.0019604650024035,-0.2037843691202188,0.207705299125026,12.217,57.1
40290,2010-04-26 00:00:00,0.0018372808307904,-0.2036497454449438,0.2073243071065247,12.217,57.1
40291,2010-04-27 00:00:00,0.036044328641375,-0.1696886450936596,0.2417773023764096,12.217,57.1
40292,2010-04-28 00:00:00,0.0606336820766241,-0.1452089303651774,0.2664762945184257,12.217,57.1
40293,2010-04-29 00:00:00,0.186078862983268,-0.0197901512009625,0.3919478771674986,12.217,57.1
40294,2010-04-30 00:00:00,0.164225251764813,-0.0417225462608027,0.3701730497904288,12.217,57.1
40295,2010-05-01 00:00:00,0.2914656136025918,0.0856565929465969,0.4972746342585866,12.217,57.1
40296,2010-05-02 00:00:00,0.1231278450219561,-0.0829575608264596,0.3292132508703719,12.217,57.1
40297,2010-05-03 00:00:00,0.0074823099395146,-0.1981187394416641,0.2130833593206934,12.217,57.1
40298,2010-05-04 00:00:00,0.0132439754144519,-0.1923127441552112,0.218800694984115,12.217,57.1
40299,2010-05-05 00:00:00,0.017974586119631,-0.1886932714596692,0.2246424436989314,12.217,57.1
40300,2010-05-06 00:00:00,-0.0076196964544944,-0.2137185503839093,0.1984791574749205,12.217,57.1
40301,2010-05-07 00:00:00,-0.0694452382264072,-0.2756950659844704,0.1368045895316559,12.217,57.1
40302,2010-05-08 00:00:00,-0.0411514487467806,-0.2479069523076522,0.165604054814091,12.217,57.1
40303,2010-05-09 00:00:00,-0.0041713480977019,-0.2105917944858937,0.2022490982904898,12.217,57.1
40304,2010-05-10 00:00:00,0.1143410892677362,-0.0911931946847947,0.3198753732202672,12.217,57.1
40305,2010-05-11 00:00:00,0.0986388654651222,-0.1071903426908404,0.3044680736210849,12.217,57.1
40306,2010-05-12 00:00:00,0.0363721429289493,-0.1692303489034083,0.2419746347613069,12.217,57.1
40307,2010-05-13 00:00:00,0.0198833273575802,-0.1869526236495372,0.2267192783646978,12.217,57.1
40308,2010-05-14 00:00:00,-0.0153185794173371,-0.22116850905987,0.1905313502251958,12.217,57.1
40309,2010-05-15 00:00:00,0.0328353432796766,-0.1727818539958049,0.2384525405551583,12.217,57.1
40310,2010-05-16 00:00:00,0.1212830625089788,-0.0856654806179757,0.3282316056359334,12.217,57.1
40311,2010-05-17 00:00:00,0.0685438469765386,-0.1379009407422386,0.274988634695316,12.217,57.1
40312,2010-05-18 00:00:00,0.0261540008299051,-0.1795401271800691,0.2318481288398793,12.217,57.1
40313,2010-05-19 00:00:00,-0.0338215090632984,-0.2395342377426141,0.1718912196160172,12.217,57.1
40314,2010-05-20 00:00:00,-0.0554525352461782,-0.2615756214771921,0.1506705509848355,12.217,57.1
40315,2010-05-21 00:00:00,-0.0693227556400953,-0.2748750652507951,0.1362295539706043,12.217,57.1
40316,2010-05-22 00:00:00,-0.0574677731389622,-0.2629636497524441,0.1480281034745197,12.217,57.1
40317,2010-05-23 00:00:00,0.0117823082179169,-0.1937400577875116,0.2173046742233455,12.217,57.1
40318,2010-05-24 00:00:00,0.1423274976199346,-0.0637407245796155,0.3483957198194849,12.217,57.1
40319,2010-05-25 00:00:00,0.2315590609782532,0.0256447529969909,0.4374733689595155,12.217,57.1
40320,2010-05-26 00:00:00,0.209714348196228,0.0030662786605322,0.4163624177319239,12.217,57.1
40321,2010-05-27 00:00:00,0.0964091066334092,-0.1091268835261645,0.301945096792983,12.217,57.1
40322,2010-05-28 00:00:00,0.0801023690357923,-0.1253279608125725,0.2855326988841572,12.217,57.1
40323,2010-05-29 00:00:00,0.100922482953435,-0.1046875662672206,0.3065325321740907,12.217,57.1
40324,2010-05-30 00:00:00,0.1123509840590841,-0.0935016483667218,0.3182036164848901,12.217,57.1
40325,2010-05-31 00:00:00,0.0168030739329911,-0.1891094751914842,0.2227156230574666,12.217,57.1
40326,2010-06-01 00:00:00,-0.0103070278486614,-0.2165739910260533,0.1959599353287305,12.217,57.1
40327,2010-06-02 00:00:00,-0.044441665288221,-0.2506342167359398,0.1617508861594977,12.217,57.1
40328,2010-06-03 00:00:00,0.0086054045599141,-0.1972682612605509,0.2144790703803791,12.217,57.1
40329,2010-06-04 00:00:00,-0.0167282174527766,-0.2226537983188862,0.1891973634133329,12.217,57.1
40330,2010-06-05 00:00:00,0.0130356452281275,-0.1926066592351731,0.2186779496914281,12.217,57.1
40331,2010-06-06 00:00:00,0.072116149850603,-0.1334063984985171,0.2776386981997232,12.217,57.1
40332,2010-06-07 00:00:00,0.0956724232998643,-0.1098763561325717,0.3012212027323004,12.217,57.1
40333,2010-06-08 00:00:00,0.0746658782443646,-0.1312380220376334,0.2805697785263628,12.217,57.1
40334,2010-06-09 00:00:00,0.0892355449026008,-0.1164793812198061,0.2949504710250077,12.217,57.1
40335,2010-06-10 00:00:00,0.0188275399686166,-0.1866838474472317,0.2243389273844651,12.217,57.1
40336,2010-06-11 00:00:00,0.0364115736812587,-0.1692111628494826,0.2420343102120001,12.217,57.1
40337,2010-06-12 00:00:00,0.2066804302300989,-7.019978340130906e-05,0.4134310602435992,12.217,57.1
40338,2010-06-13 00:00:00,0.3603626711553063,0.1515101017548767,0.569215240555736,12.217,57.1
40339,2010-06-14 00:00:00,0.1823485425679366,-0.0239545157797479,0.3886516009156213,12.217,57.1
40340,2010-06-15 00:00:00,0.0216796992471774,-0.1839636291717482,0.2273230276661031,12.217,57.1
40341,2010-06-16 00:00:00,-0.0151477294926582,-0.2208944585422278,0.1905989995569113,12.217,57.1
40342,2010-06-17 00:00:00,0.007526917980042,-0.1979968152644723,0.2130506512245565,12.217,57.1
40343,2010-06-18 00:00:00,0.0904107923366416,-0.115213488705397,0.2960350733786802,12.217,57.1
40344,2010-06-19 00:00:00,0.1922926470205824,-0.0153497358422474,0.3999350298834123,12.217,57.1
40345,2010-06-20 00:00:00,0.1162133499013677,-0.0916068245489518,0.3240335243516873,12.217,57.1
40346,2010-06-21 00:00:00,0.0005143833366805,-0.2054914535230292,0.2065202201963903,12.217,57.1
40347,2010-06-22 00:00:00,0.003749211453478,-0.201769153071376,0.2092675759783322,12.217,57.1
40348,2010-06-23 00:00:00,0.0284768762151455,-0.177038043331113,0.233991795761404,12.217,57.1
40349,2010-06-24 00:00:00,0.0348132251467509,-0.1706843466517003,0.2403107969452022,12.217,57.1
40350,2010-06-25 00:00:00,0.0727371951411628,-0.1327644466688574,0.278238836951183,12.217,57.1
40351,2010-06-26 00:00:00,0.1047734196604109,-0.1008128352211874,0.3103596745420093,12.217,57.1
40352,2010-06-27 00:00:00,0.0257603783750022,-0.1798762988670346,0.231397055617039,12.217,57.1
40353,2010-06-28 00:00:00,0.0355452841689078,-0.1699488701488652,0.2410394384866809,12.217,57.1
40354,2010-06-29 00:00:00,0.0589256338869964,-0.1464809118480106,0.2643321796220035,12.217,57.1
40355,2010-06-30 00:00:00,0.0837338657599879,-0.1218001169901505,0.2892678485101264,12.217,57.1
40356,2010-07-01 00:00:00,0.1222437873533955,-0.0834630297870407,0.3279506044938318,12.217,57.1
40357,2010-07-02 00:00:00,0.0407101586415019,-0.164973119756732,0.2463934370397359,12.217,57.1
40358,2010-07-03 00:00:00,0.0871829246767813,-0.1183370133130296,0.2927028626665924,12.217,57.1
40359,2010-07-04 00:00:00,0.0471401270720863,-0.1583762823818811,0.2526565365260539,12.217,57.1
40360,2010-07-05 00:00:00,0.0471899332672102,-0.1587622081614243,0.2531420746958449,12.217,57.1
40361,2010-07-06 00:00:00,0.0937970262925924,-0.1123227336176565,0.2999167862028414,12.217,57.1
40362,2010-07-07 00:00:00,0.0898772602026728,-0.1157191746394379,0.2954736950447836,12.217,57.1
40363,2010-07-08 00:00:00,0.0825789498859606,-0.1231968913833333,0.2883547911552547,12.217,57.1
40364,2010-07-09 00:00:00,0.0706000347050005,-0.1351230729503356,0.2763231423603367,12.217,57.1
40365,2010-07-10 00:00:00,0.0379250787947836,-0.1678508880687349,0.2437010456583022,12.217,57.1
40366,2010-07-11 00:00:00,0.0226510785313999,-0.1831784381077789,0.2284805951705787,12.217,57.1
40367,2010-07-12 00:00:00,0.0444052401493656,-0.1617343086652106,0.2505447889639419,12.217,57.1
40368,2010-07-13 00:00:00,0.1226164257618266,-0.0833874586434214,0.3286203101670748,12.217,57.1
40369,2010-07-14 00:00:00,0.0898824446097093,-0.1162321594507734,0.2959970486701921,12.217,57.1
40370,2010-07-15 00:00:00,0.113096799431634,-0.0926440278649404,0.3188376267282085,12.217,57.1
40371,2010-07-16 00:00:00,0.1081013736594233,-0.0988581185761919,0.3150608658950385,12.217,57.1
40372,2010-07-17 00:00:00,0.0943332632711642,-0.1116777341560018,0.3003442606983302,12.217,57.1
40373,2010-07-18 00:00:00,0.1143762354998429,-0.0914807838718416,0.3202332548715275,12.217,57.1
40374,2010-07-19 00:00:00,0.0645503239074554,-0.1411792139241004,0.2702798617390114,12.217,57.1
40375,2010-07-20 00:00:00,0.0788920898647769,-0.1267578011450734,0.2845419808746273,12.217,57.1
40376,2010-07-21 00:00:00,0.0893199638475,-0.1162732978922551,0.2949132255872551,12.217,57.1
40377,2010-07-22 00:00:00,0.1557504454413748,-0.0499841382561585,0.3614850291389083,12.217,57.1
40378,2010-07-23 00:00:00,0.0487844425222926,-0.1573110237905565,0.2548799088351418,12.217,57.1
40379,2010-07-24 00:00:00,-0.0297626242863937,-0.2360803996086003,0.1765551510358128,12.217,57.1
40380,2010-07-25 00:00:00,-0.04013447809349,-0.247554795255608,0.1672858390686278,12.217,57.1
40381,2010-07-26 00:00:00,0.0638226908378053,-0.1444856564316794,0.2721310381072901,12.217,57.1
40382,2010-07-27 00:00:00,0.0870635399235427,-0.1189138291244087,0.2930409089714943,12.217,57.1
40383,2010-07-28 00:00:00,0.0621564136193475,-0.1432883756220077,0.2676012028607027,12.217,57.1
40384,2010-07-29 00:00:00,0.0512516302958919,-0.1543097512383409,0.2568130118301247,12.217,57.1
40385,2010-07-30 00:00:00,0.2049031430831923,-0.0015126061320071,0.4113188922983918,12.217,57.1
40386,2010-07-31 00:00:00,0.3044089331053643,0.0961936497153945,0.5126242164953341,12.217,57.1
40387,2010-08-01 00:00:00,0.1540544318677826,-0.0529011835154597,0.3610100472510249,12.217,57.1
40388,2010-08-02 00:00:00,0.0897019083085665,-0.1158982313583864,0.2953020479755195,12.217,57.1
40389,2010-08-03 00:00:00,0.0611777083489132,-0.1442413871128107,0.2665968038106371,12.217,57.1
40390,2010-08-04 00:00:00,0.1006973450173743,-0.1048531913375634,0.3062478813723122,12.217,57.1
40391,2010-08-05 00:00:00,0.161311372708336,-0.0443157082019174,0.3669384536185896,12.217,57.1
40392,2010-08-06 00:00:00,0.1502051953560818,-0.0555155712532143,0.355925961965378,12.217,57.1
40393,2010-08-07 00:00:00,-0.0025939904344821,-0.2083147538532123,0.2031267729842479,12.217,57.1
40394,2010-08-08 00:00:00,-0.0276095444157508,-0.2331934291908577,0.177974340359356,12.217,57.1
40395,2010-08-09 00:00:00,0.0309995990632884,-0.1746479631586185,0.2366471612851954,12.217,57.1
40396,2010-08-10 00:00:00,0.1528460116785813,-0.0528232800766411,0.3585153034338039,12.217,57.1
40397,2010-08-11 00:00:00,0.1293741117015333,-0.0762371848412642,0.3349854082443308,12.217,57.1
40398,2010-08-12 00:00:00,0.0454284658712851,-0.1603017338679178,0.251158665610488,12.217,57.1
40399,2010-08-13 00:00:00,0.0283689615592351,-0.1772793534692348,0.2340172765877051,12.217,57.1
40400,2010-08-14 00:00:00,-0.0329439998409878,-0.239299710369783,0.1734117106878073,12.217,57.1
40401,2010-08-15 00:00:00,-0.0380222675829981,-0.2440853242709484,0.168040789104952,12.217,57.1
40402,2010-08-16 00:00:00,-0.0262029132720829,-0.2328058222428398,0.1803999956986738,12.217,57.1
40403,2010-08-17 00:00:00,0.0600180789836937,-0.1458275363213201,0.2658636942887076,12.217,57.1
40404,2010-08-18 00:00:00,0.1195664052841802,-0.0875891325480522,0.3267219431164126,12.217,57.1
40405,2010-08-19 00:00:00,0.1953527008773691,-0.0107907714383668,0.401496173193105,12.217,57.1
40406,2010-08-20 00:00:00,0.1507570470177889,-0.0553226521204343,0.3568367461560122,12.217,57.1
40407,2010-08-21 00:00:00,0.1230408871639693,-0.0826744502303163,0.3287562245582549,12.217,57.1
40408,2010-08-22 00:00:00,0.1529255069937014,-0.0529986673499568,0.3588496813373596,12.217,57.1
40409,2010-08-23 00:00:00,0.1707005258525519,-0.0349905671460295,0.3763916188511335,12.217,57.1
40410,2010-08-24 00:00:00,0.2565751022854863,0.0496486279864871,0.4635015765844854,12.217,57.1
40411,2010-08-25 00:00:00,0.3445119565623624,0.135569747459948,0.5534541656647767,12.217,57.1
40412,2010-08-26 00:00:00,0.4681157296730193,0.2597245256240478,0.6765069337219907,12.217,57.1
40413,2010-08-27 00:00:00,0.1194706215871671,-0.0870854302933412,0.3260266734676756,12.217,57.1
40414,2010-08-28 00:00:00,0.0546933563875834,-0.150882901221637,0.2602696139968039,12.217,57.1
40415,2010-08-29 00:00:00,0.0969441430709621,-0.1086770166216687,0.3025653027635929,12.217,57.1
40416,2010-08-30 00:00:00,0.0658054637922141,-0.1400994944730623,0.2717104220574906,12.217,57.1
40417,2010-08-31 00:00:00,-0.0300757849496189,-0.2359366951275528,0.175785125228315,12.217,57.1
40418,2010-09-01 00:00:00,0.0141238095254611,-0.1914660002303786,0.2197136192813008,12.217,57.1
40419,2010-09-02 00:00:00,-0.0105087496423885,-0.2160329019121989,0.1950154026274217,12.217,57.1
40420,2010-09-03 00:00:00,0.0036976550772427,-0.2019635383421634,0.2093588484966488,12.217,57.1
40421,2010-09-04 00:00:00,-0.0253995810053997,-0.2309765486259613,0.1801773866151617,12.217,57.1
40422,2010-09-05 00:00:00,-0.0465299582527439,-0.2520123732615851,0.1589524567560973,12.217,57.1
40423,2010-09-06 00:00:00,-0.0752916606037177,-0.2807191620321271,0.1301358408246917,12.217,57.1
40424,2010-09-07 00:00:00,-0.0148163705313307,-0.2203058513475893,0.1906731102849278,12.217,57.1
40425,2010-09-08 00:00:00,0.0004032715176672,-0.205407017123276,0.2062135601586104,12.217,57.1
40426,2010-09-09 00:00:00,0.0013914378556991,-0.2045062825832343,0.2072891582946327,12.217,57.1
40427,2010-09-10 00:00:00,0.0298467098234295,-0.1760557408677107,0.2357491605145696,12.217,57.1
40428,2010-09-11 00:00:00,0.0071290703726809,-0.1987828951766444,0.2130410359220062,12.217,57.1
40429,2010-09-12 00:00:00,0.1364762925178678,-0.0693133565585075,0.3422659415942432,12.217,57.1
40430,2010-09-13 00:00:00,0.0571108440898446,-0.1486436742110521,0.2628653623907414,12.217,57.1
40431,2010-09-14 00:00:00,0.120650840573129,-0.0854477809597172,0.3267494621059752,12.217,57.1
40432,2010-09-15 00:00:00,0.3203039128936982,0.1124347320162996,0.5281730937710968,12.217,57.1
40433,2010-09-16 00:00:00,0.3875893864616406,0.1795547788453918,0.5956239940778895,12.217,57.1
40434,2010-09-17 00:00:00,0.4470022353881679,0.2393804481701923,0.6546240226061435,12.217,57.1
40435,2010-09-18 00:00:00,0.3793310385915975,0.1725781201746286,0.5860839570085664,12.217,57.1
40436,2010-09-19 00:00:00,0.399251122105011,0.1927640058346758,0.6057382383753462,12.217,57.1
40437,2010-09-20 00:00:00,0.2085550381094693,0.0027215122894604,0.4143885639294783,12.217,57.1
40438,2010-09-21 00:00:00,0.2269383377785456,0.0209790886236589,0.4328975869334324,12.217,57.1
40439,2010-09-22 00:00:00,0.0782925699673087,-0.1280830259336667,0.2846681658682841,12.217,57.1
40440,2010-09-23 00:00:00,0.0970268007982181,-0.1085088980717018,0.3025624996681381,12.217,57.1
40441,2010-09-24 00:00:00,0.1641768289045561,-0.0414227590854998,0.369776416894612,12.217,57.1
40442,2010-09-25 00:00:00,0.1837774307127419,-0.0220756897536479,0.3896305511791318,12.217,57.1
40443,2010-09-26 00:00:00,0.0854007381471382,-0.1215857280867074,0.2923872043809839,12.217,57.1
40444,2010-09-27 00:00:00,-0.029242572230765,-0.235781033287015,0.1772958888254849,12.217,57.1
40445,2010-09-28 00:00:00,-0.0371171719588139,-0.2438463315670366,0.1696119876494088,12.217,57.1
40446,2010-09-29 00:00:00,-0.1238639148104268,-0.3314871328097196,0.0837593031888659,12.217,57.1
40447,2010-09-30 00:00:00,-0.0700883194152643,-0.276064834164162,0.1358881953336333,12.217,57.1
40448,2010-10-01 00:00:00,0.0240427679480976,-0.1813991401391387,0.2294846760353341,12.217,57.1
40449,2010-10-02 00:00:00,0.0789935278258772,-0.1265804542348144,0.2845675098865688,12.217,57.1
40450,2010-10-03 00:00:00,0.1413048311153545,-0.0647859291180583,0.3473955913487675,12.217,57.1
40451,2010-10-04 00:00:00,0.200977708882153,-0.0057083739947261,0.4076637917590323,12.217,57.1
40452,2010-10-05 00:00:00,0.2077474826342219,0.0016013058370128,0.4138936594314309,12.217,57.1
40453,2010-10-06 00:00:00,0.2332638368933534,0.0271704339857628,0.439357239800944,12.217,57.1
40454,2010-10-07 00:00:00,0.1755774993804905,-0.0313950331021474,0.3825500318631286,12.217,57.1
40455,2010-10-08 00:00:00,-0.0123746697761049,-0.219416211151456,0.1946668715992462,12.217,57.1
40456,2010-10-09 00:00:00,-0.0876509696734433,-0.2932738797464712,0.1179719403995846,12.217,57.1
40457,2010-10-10 00:00:00,-0.0201365786131335,-0.2257592392682148,0.1854860820419478,12.217,57.1
40458,2010-10-11 00:00:00,-0.0499571767737089,-0.2557074061555147,0.1557930526080969,12.217,57.1
40459,2010-10-12 00:00:00,-0.0047836700466081,-0.2103182639553339,0.2007509238621176,12.217,57.1
40460,2010-10-13 00:00:00,-0.0050956447021569,-0.2105949216944904,0.2004036322901764,12.217,57.1
40461,2010-10-14 00:00:00,0.0672751301734781,-0.1382672850936206,0.2728175454405768,12.217,57.1
40462,2010-10-15 00:00:00,0.0648579914595588,-0.1410167789525697,0.2707327618716874,12.217,57.1
40463,2010-10-16 00:00:00,-0.0017615879834645,-0.2074354683857686,0.2039122924188394,12.217,57.1
40464,2010-10-17 00:00:00,-0.0500098007662792,-0.2557022003380702,0.1556825988055118,12.217,57.1
40465,2010-10-18 00:00:00,0.0389945771026536,-0.1665070157417016,0.2444961699470088,12.217,57.1
40466,2010-10-19 00:00:00,0.2169096426957868,0.0097773759496011,0.4240419094419724,12.217,57.1
40467,2010-10-20 00:00:00,0.2638643955340615,0.0568172284763313,0.4709115625917915,12.217,57.1
40468,2010-10-21 00:00:00,0.0323565693205672,-0.1751705379159052,0.2398836765570398,12.217,57.1
40469,2010-10-22 00:00:00,0.2389724042713686,0.0319127738477924,0.4460320346949449,12.217,57.1
40470,2010-10-23 00:00:00,0.2508412671197106,0.0443278309773168,0.4573547032621045,12.217,57.1
40471,2010-10-24 00:00:00,0.1834539100413786,-0.0233230687271219,0.3902308888098792,12.217,57.1
40472,2010-10-25 00:00:00,0.0608606496617882,-0.1463521674390971,0.2680734667626737,12.217,57.1
40473,2010-10-26 00:00:00,-0.0175754102141549,-0.2239811855892728,0.1888303651609628,12.217,57.1
40474,2010-10-27 00:00:00,0.0459470812337264,-0.1600153725544993,0.2519095350219523,12.217,57.1
40475,2010-10-28 00:00:00,0.2380142453360282,0.0313667256879504,0.4446617649841061,12.217,57.1
40476,2010-10-29 00:00:00,0.3542316376977987,0.1480639347820278,0.5603993406135697,12.217,57.1
40477,2010-10-30 00:00:00,0.2072588067725224,0.0013694969877266,0.4131481165573182,12.217,57.1
40478,2010-10-31 00:00:00,0.2277036767231117,0.0218255739618065,0.4335817794844169,12.217,57.1
40479,2010-11-01 00:00:00,0.117935772386516,-0.0877149622461995,0.3235865070192316,12.217,57.1
40480,2010-11-02 00:00:00,0.0543972251412178,-0.1512288192184322,0.2600232695008678,12.217,57.1
40481,2010-11-03 00:00:00,0.3151490128151183,0.1080569961543337,0.522241029475903,12.217,57.1
40482,2010-11-04 00:00:00,0.5782195583966873,0.3697125824483611,0.7867265343450134,12.217,57.1
40483,2010-11-05 00:00:00,0.1758058810923234,-0.0303898413754074,0.3820016035600542,12.217,57.1
40484,2010-11-06 00:00:00,0.1805075708280172,-0.0255439286310831,0.3865590702871176,12.217,57.1
40485,2010-11-07 00:00:00,0.0665153316037156,-0.139199752476043,0.2722304156834743,12.217,57.1
40486,2010-11-08 00:00:00,0.0943952856641003,-0.1111807484520954,0.2999713197802962,12.217,57.1
40487,2010-11-09 00:00:00,0.0436264501746355,-0.1630305267549125,0.2502834271041836,12.217,57.1
40488,2010-11-10 00:00:00,0.2386582394722272,0.0280310581797427,0.4492854207647117,12.217,57.1
40489,2010-11-11 00:00:00,0.1322785907752763,-0.0760121520825531,0.3405693336331059,12.217,57.1
40490,2010-11-12 00:00:00,0.3602106606236803,0.1476999062448163,0.5727214150025444,12.217,57.1
40491,2010-11-13 00:00:00,0.6074307476538446,0.3927247354148655,0.8221367598928238,12.217,57.1
40492,2010-11-14 00:00:00,0.4151490460116355,0.2084826009410282,0.6218154910822428,12.217,57.1
40493,2010-11-15 00:00:00,0.1527037043224424,-0.0533516127672925,0.3587590214121774,12.217,57.1
40494,2010-11-16 00:00:00,0.0493841771129021,-0.1575132209682389,0.2562815751940432,12.217,57.1
40495,2010-11-17 00:00:00,-0.0615696635718141,-0.2672395321561077,0.1441002050124793,12.217,57.1
40496,2010-11-18 00:00:00,-0.1431581548498811,-0.3493657075711326,0.0630493978713704,12.217,57.1
40497,2010-11-19 00:00:00,-0.0609424459905434,-0.2671617653006559,0.1452768733195691,12.217,57.1
40498,2010-11-20 00:00:00,-0.0239689944801099,-0.2303620411885477,0.1824240522283278,12.217,57.1
40499,2010-11-21 00:00:00,-0.0133442167502691,-0.2194958724309832,0.1928074389304448,12.217,57.1
40500,2010-11-22 00:00:00,-0.0496508857228188,-0.2554679238357531,0.1561661523901154,12.217,57.1
40501,2010-11-23 00:00:00,-0.0106815075153862,-0.2177373971597861,0.1963743821290136,12.217,57.1
40502,2010-11-24 00:00:00,-0.0199122985861734,-0.2303849771217738,0.190560379949427,12.217,57.1
40503,2010-11-25 00:00:00,-0.0687730836506155,-0.2779256536761635,0.1403794863749324,12.217,57.1
40504,2010-11-26 00:00:00,-0.0194296569721352,-0.2272315430681113,0.1883722291238408,12.217,57.1
40505,2010-11-27 00:00:00,-0.0006007077027393,-0.206488517147482,0.2052871017420032,12.217,57.1
40506,2010-11-28 00:00:00,0.0289475639801834,-0.1777677493863187,0.2356628773466856,12.217,57.1
40507,2010-11-29 00:00:00,0.0056859760856984,-0.2026182980903423,0.2139902502617391,12.217,57.1
40508,2010-11-30 00:00:00,-0.15889264799538,-0.3667062284081943,0.0489209324174343,12.217,57.1
40509,2010-12-01 00:00:00,-0.1291123883681147,-0.3351911910628052,0.0769664143265758,12.217,57.1
40510,2010-12-02 00:00:00,-0.1594664947682624,-0.366258700677108,0.0473257111405832,12.217,57.1
40511,2010-12-03 00:00:00,0.0111565257538656,-0.1967157958320531,0.2190288473397844,12.217,57.1
40512,2010-12-04 00:00:00,0.0483249866581886,-0.1578848611669692,0.2545348344833466,12.217,57.1
40513,2010-12-05 00:00:00,0.2338608229669373,0.0276688351367998,0.4400528107970748,12.217,57.1
40514,2010-12-06 00:00:00,0.1877427162211745,-0.0188533334566732,0.3943387658990223,12.217,57.1
40515,2010-12-07 00:00:00,0.1783593387734271,-0.0273494239981601,0.3840681015450143,12.217,57.1
40516,2010-12-08 00:00:00,0.096927141958488,-0.1086609813087478,0.302515265225724,12.217,57.1
40517,2010-12-09 00:00:00,0.0905042424895516,-0.1151068280076651,0.2961153129867684,12.217,57.1
40518,2010-12-10 00:00:00,-0.0393257286284842,-0.2455600787353346,0.1669086214783661,12.217,57.1
40519,2010-12-11 00:00:00,0.0716404520971753,-0.1349838723554319,0.2782647765497825,12.217,57.1
40520,2010-12-12 00:00:00,0.1806777956447463,-0.0263350594132728,0.3876906507027655,12.217,57.1
40521,2010-12-13 00:00:00,-0.1166576676644627,-0.3238229233855126,0.0905075880565872,12.217,57.1
40522,2010-12-14 00:00:00,-0.1578955663426634,-0.3644220310358536,0.0486308983505267,12.217,57.1
40523,2010-12-15 00:00:00,-0.1502660498128322,-0.357820925214486,0.0572888255888216,12.217,57.1
40524,2010-12-16 00:00:00,-0.028828530811312,-0.2365098578451989,0.1788527962225749,12.217,57.1
40525,2010-12-17 00:00:00,0.2828047702959216,0.0745593327321847,0.4910502078596586,12.217,57.1
40526,2010-12-18 00:00:00,0.2050911641945365,-0.0023901131029934,0.4125724414920665,12.217,57.1
40527,2010-12-19 00:00:00,0.0237861490332247,-0.1844509458098028,0.2320232438762523,12.217,57.1
40528,2010-12-20 00:00:00,0.111273799745334,-0.0949873840730927,0.3175349835637607,12.217,57.1
40529,2010-12-21 00:00:00,0.0680182074296832,-0.1378652761149547,0.2739016909743212,12.217,57.1
40530,2010-12-22 00:00:00,0.071586931832042,-0.1340053814650549,0.277179245129139,12.217,57.1
40531,2010-12-23 00:00:00,-0.0808844614326457,-0.2869488690976425,0.1251799462323509,12.217,57.1
40532,2010-12-24 00:00:00,-0.0962392890995742,-0.3034061457162268,0.1109275675170782,12.217,57.1
40533,2010-12-25 00:00:00,-0.1123826184329358,-0.3202963249495384,0.0955310880836667,12.217,57.1
40534,2010-12-26 00:00:00,-0.1679428386487847,-0.3748394952753082,0.0389538179777388,12.217,57.1
40535,2010-12-27 00:00:00,-0.0322428403812622,-0.2380549123124201,0.1735692315498956,12.217,57.1
40536,2010-12-28 00:00:00,-0.0410660942299998,-0.2466701424574379,0.1645379539974384,12.217,57.1
40537,2010-12-29 00:00:00,-0.0594398162982066,-0.265050184846422,0.1461705522500087,12.217,57.1
40538,2010-12-30 00:00:00,-0.0496942419539379,-0.2554721860986496,0.1560837021907737,12.217,57.1
40539,2010-12-31 00:00:00,0.0620740392779592,-0.1437481439226825,0.267896222478601,12.217,57.1
